IQ-TREE version 3.1.1 for Linux x86 64-bit built Apr  8 2026
Developed by Bui Quang Minh, Thomas Wong, Nhan Ly-Trong, Huaiyan Ren
Contributed by Lam-Tung Nguyen, Dominik Schrempf, Chris Bielow,
Olga Chernomor, Michael Woodhams, Diep Thi Hoang, Heiko Schmidt

Host:    solislemus-001.discovery.wisc.edu (AVX512, FMA3, 1007 GB RAM)
Command: iqtree -s /mnt/dv/wid/projects6/SolisLemus-Intbio-raw/processed-data/symbiosis_sorted_v2_consensus_sequences_50percent/gene_trees/nifJ/02_alignment/nifJ_consensus50_iupac_all_pass.mafft.fasta -st DNA -m MFP -B 1000 -alrt 1000 -nm 5000 -T AUTO --prefix /mnt/dv/wid/projects6/SolisLemus-Intbio-raw/processed-data/symbiosis_sorted_v2_consensus_sequences_50percent/gene_trees/nifJ/04_tree_iupac_nm5000/nifJ_consensus50_iupac_all_pass_nm5000
Seed:    824629 (Using SPRNG - Scalable Parallel Random Number Generator)
Time:    Tue Aug  4 15:02:48 2026
Kernel:  AVX+FMA - auto-detect threads (72 CPU cores detected)

Reading alignment file /mnt/dv/wid/projects6/SolisLemus-Intbio-raw/processed-data/symbiosis_sorted_v2_consensus_sequences_50percent/gene_trees/nifJ/02_alignment/nifJ_consensus50_iupac_all_pass.mafft.fasta ... Fasta format detected
Reading fasta file: done in 0.0821366 secs using 12.3% CPU
Constructing alignment: done in 0.0207545 secs using 1547% CPU
WARNING: 285 sites contain only gaps or ambiguous characters.
Alignment has 325 sequences with 3678 columns, 2179 distinct patterns
929 parsimony-informative, 185 singleton sites, 2564 constant sites
                                                                      Gap/Ambiguity  Composition  p-value
Analyzing sequences: done in 0.000201756 secs using 334.6% CPU
   1  BLAN-4-2-No|nifJ|consensus50|pass_single_dominant                      15.82%    passed     97.88%
   2  BLAN-4-2-Rh|nifJ|consensus50|pass_mixed_possible_multitemplate         18.65%    passed     73.13%
   3  BLAN-4-2-Ro|nifJ|consensus50|pass_mixed_possible_multitemplate         14.95%    passed     97.09%
   4  BONA-10-2-No|nifJ|consensus50|pass_single_dominant                     11.50%    passed     99.77%
   5  BONA-10-2-Rh|nifJ|consensus50|pass_single_dominant                     11.31%    passed     99.92%
   6  BONA-10-2-Ro|nifJ|consensus50|pass_single_dominant                     22.92%    passed     98.70%
   7  BONA-10-No|nifJ|consensus50|pass_single_dominant                       10.60%    passed    100.00%
   8  BONA-10-Rh|nifJ|consensus50|pass_single_dominant                       15.17%    passed     97.70%
   9  BONA-10-Ro|nifJ|consensus50|pass_single_dominant                       19.52%    passed     95.61%
  10  BONA-11-1-No|nifJ|consensus50|pass_single_dominant                     11.31%    passed     99.92%
  11  BONA-11-1-Rh|nifJ|consensus50|pass_mixed_possible_multitemplate        16.94%    passed     98.33%
  12  BONA-11-2-No|nifJ|consensus50|pass_single_dominant                     22.87%    passed     89.91%
  13  BONA-11-2-Rh|nifJ|consensus50|pass_mixed_possible_multitemplate        15.82%    passed     98.08%
  14  BONA-1-1-No|nifJ|consensus50|pass_single_dominant                      19.77%    passed     65.79%
  15  BONA-12-1-No|nifJ|consensus50|pass_single_dominant                      9.95%    passed     99.84%
  16  BONA-12-1-Rh|nifJ|consensus50|pass_mixed_possible_multitemplate        13.38%    passed     99.85%
  17  BONA-12-2-No|nifJ|consensus50|pass_single_dominant                     10.74%    passed     99.80%
  18  BONA-12-2-Rh|nifJ|consensus50|pass_single_dominant                     11.39%    passed     99.95%
  19  BONA-12-2-Ro|nifJ|consensus50|pass_single_dominant                     11.75%    passed    100.00%
  20  BONA-13-1-No|nifJ|consensus50|pass_single_dominant                     10.90%    passed     99.79%
  21  BONA-13-1-Rh|nifJ|consensus50|pass_mixed_possible_multitemplate        16.07%    passed     99.59%
  22  BONA-13-2-No|nifJ|consensus50|pass_single_dominant                     11.09%    passed     99.38%
  23  BONA-13-2-Rh|nifJ|consensus50|pass_mixed_possible_multitemplate        17.16%    passed     98.98%
  24  BONA-13-3-No|nifJ|consensus50|pass_single_dominant                     10.58%    passed     99.98%
  25  BONA-13-3-Rh|nifJ|consensus50|pass_mixed_possible_multitemplate        17.18%    passed     99.54%
  26  BONA-13-3-Ro|nifJ|consensus50|pass_mixed_possible_multitemplate        18.19%    passed     99.02%
  27  BONA-14-No|nifJ|consensus50|pass_single_dominant                       11.31%    passed     99.92%
  28  BONA-14-Rh|nifJ|consensus50|pass_mixed_possible_multitemplate          23.38%    passed     91.74%
  29  BONA-14-Ro|nifJ|consensus50|pass_single_dominant                       15.44%    passed     98.62%
  30  BONA-2-Rh|nifJ|consensus50|pass_single_dominant                        13.62%    passed     99.83%
  31  BONA-2-Ro|nifJ|consensus50|pass_single_dominant                        14.08%    passed     99.68%
  32  BONA-3-1-Rh|nifJ|consensus50|pass_mixed_possible_multitemplate         16.75%    passed     96.65%
  33  BONA-4-No|nifJ|consensus50|pass_single_dominant                        10.39%    passed     99.52%
  34  BONA-4-Rh|nifJ|consensus50|pass_mixed_possible_multitemplate           16.12%    passed     98.94%
  35  BONA-5-No|nifJ|consensus50|pass_single_dominant                        10.90%    passed     98.99%
  36  BONA-7-No|nifJ|consensus50|pass_mixed_possible_multitemplate           10.25%    passed     99.27%
  37  BONA-8-No|nifJ|consensus50|pass_single_dominant                        11.88%    passed    100.00%
  38  BONA-8-Ro|nifJ|consensus50|pass_single_dominant                        12.72%    passed     99.87%
  39  BONA-9-No|nifJ|consensus50|pass_single_dominant                        11.91%    passed     99.72%
  40  CLBJ-33-1-No|nifJ|consensus50|pass_single_dominant                     13.35%    passed     99.75%
  41  CLBJ-34-1-No|nifJ|consensus50|pass_single_dominant                     16.61%    passed     90.87%
  42  DEJU-1-1-No|nifJ|consensus50|pass_mixed_possible_multitemplate         15.69%    passed     99.83%
  43  DEJU-16-1-No|nifJ|consensus50|pass_single_dominant                     11.28%    passed     98.89%
  44  DEJU-16-2-No|nifJ|consensus50|pass_single_dominant                     10.77%    passed     99.25%
  45  DEJU-16-2-Rh|nifJ|consensus50|pass_single_dominant                     11.72%    passed     99.79%
  46  DEJU-17-2-No|nifJ|consensus50|pass_mixed_possible_multitemplate        15.12%    passed     97.31%
  47  DEJU-17-2-Rh|nifJ|consensus50|pass_single_dominant                     12.10%    passed     99.99%
  48  DEJU-17-2-Ro|nifJ|consensus50|pass_single_dominant                     21.45%    passed     98.92%
  49  DEJU-18-1-No|nifJ|consensus50|pass_single_dominant                     10.44%    passed     99.67%
  50  DEJU-18-1-Ro|nifJ|consensus50|pass_single_dominant                     11.39%    passed     99.96%
  51  DEJU-21-1-No|nifJ|consensus50|pass_single_dominant                     10.60%    passed     99.95%
  52  DEJU-22-1-No|nifJ|consensus50|pass_mixed_possible_multitemplate        11.31%    passed     99.07%
  53  DEJU-23-1-No|nifJ|consensus50|pass_mixed_possible_multitemplate        13.59%    passed     95.26%
  54  DEJU-24-1-No|nifJ|consensus50|pass_single_dominant                     11.20%    passed     99.94%
  55  DEJU-24-1-Rh|nifJ|consensus50|pass_single_dominant                     15.12%    passed     96.99%
  56  DEJU-28-1-Rh|nifJ|consensus50|pass_mixed_possible_multitemplate        18.71%    passed     95.21%
  57  DEJU-28-1-Ro|nifJ|consensus50|pass_mixed_possible_multitemplate        20.96%    passed     99.91%
  58  DEJU-28-2-No|nifJ|consensus50|pass_single_dominant                     11.31%    passed     99.80%
  59  DEJU-29-1-No|nifJ|consensus50|pass_single_dominant                     11.26%    passed     99.93%
  60  DEJU-29-1-Rh|nifJ|consensus50|pass_single_dominant                     11.53%    passed     99.93%
  61  DEJU-29-2-No|nifJ|consensus50|pass_single_dominant                     11.17%    passed     99.95%
  62  DEJU-29-2-Rh|nifJ|consensus50|pass_mixed_possible_multitemplate        16.88%    passed     97.54%
  63  DEJU-29-2-Ro|nifJ|consensus50|pass_single_dominant                     12.29%    passed     99.82%
  64  DEJU-30-No|nifJ|consensus50|pass_single_dominant                        9.60%    passed     99.92%
  65  DEJU-30-Rh|nifJ|consensus50|pass_single_dominant                       11.99%    passed     99.98%
  66  DEJU-31-No|nifJ|consensus50|pass_single_dominant                       18.13%    passed     81.65%
  67  DEJU-32-No|nifJ|consensus50|pass_single_dominant                       11.23%    passed     99.41%
  68  DEJU-32-Rh|nifJ|consensus50|pass_single_dominant                       10.63%    passed     99.82%
  69  DEJU-32-Ro|nifJ|consensus50|pass_single_dominant                       12.78%    passed     99.42%
  70  DEJU-33-No|nifJ|consensus50|pass_single_dominant                       10.93%    passed     99.88%
  71  DEJU-34-No|nifJ|consensus50|pass_single_dominant                       11.01%    passed     99.93%
  72  DEJU-35-No|nifJ|consensus50|pass_single_dominant                       11.28%    passed     99.94%
  73  DEJU-35-Rh|nifJ|consensus50|pass_mixed_possible_multitemplate          18.65%    passed     97.60%
  74  DEJU-35-Ro|nifJ|consensus50|pass_mixed_possible_multitemplate          14.25%    passed     99.63%
  75  DEJU-4-1-No|nifJ|consensus50|pass_single_dominant                      11.23%    passed     99.95%
  76  DEJU-4-2-No|nifJ|consensus50|pass_single_dominant                      11.17%    passed     99.78%
  77  DEJU-4-2-Ro|nifJ|consensus50|pass_mixed_possible_multitemplate         14.36%    passed     99.68%
  78  DEJU-43-Rh|nifJ|consensus50|pass_single_dominant                       15.63%    passed     99.09%
  79  DEJU-43-Ro|nifJ|consensus50|pass_single_dominant                       16.04%    passed     98.74%
  80  DEJU-44-Ro|nifJ|consensus50|pass_single_dominant                       21.89%    passed     99.51%
  81  DEJU-48-No|nifJ|consensus50|pass_single_dominant                       18.27%    passed     37.18%
  82  DEJU-50-No|nifJ|consensus50|pass_mixed_possible_multitemplate          14.36%    passed     90.67%
  83  DEJU-51-1-No|nifJ|consensus50|pass_mixed_possible_multitemplate        13.87%    passed     95.32%
  84  DEJU-5-1-No|nifJ|consensus50|pass_single_dominant                      10.66%    passed     99.62%
  85  DEJU-5-1-Ro|nifJ|consensus50|pass_single_dominant                      17.35%    passed     99.42%
  86  DEJU-52-1-No|nifJ|consensus50|pass_single_dominant                     11.64%    passed     99.73%
  87  DEJU-5-2-No|nifJ|consensus50|pass_single_dominant                      10.52%    passed     99.64%
  88  DEJU-5-2-Rh|nifJ|consensus50|pass_mixed_possible_multitemplate         13.35%    passed     99.82%
  89  DEJU-5-2-Ro|nifJ|consensus50|pass_single_dominant                      16.61%    passed     99.99%
  90  DEJU-53-No|nifJ|consensus50|pass_single_dominant                       11.47%    passed     99.99%
  91  DEJU-53-Rh|nifJ|consensus50|pass_mixed_possible_multitemplate          17.13%    passed     99.50%
  92  DEJU-55-No|nifJ|consensus50|pass_single_dominant                       11.07%    passed     99.58%
  93  DEJU-55-Rh|nifJ|consensus50|pass_single_dominant                       11.91%    passed     99.97%
  94  DEJU-55-Ro|nifJ|consensus50|pass_single_dominant                       12.15%    passed     99.98%
  95  DEJU-56-Rh|nifJ|consensus50|pass_mixed_possible_multitemplate          23.71%    passed     98.17%
  96  DEJU-57-No|nifJ|consensus50|pass_single_dominant                       11.04%    passed     99.74%
  97  DEJU-57-Rh|nifJ|consensus50|pass_mixed_possible_multitemplate          19.96%    passed     98.06%
  98  DEJU-58-Ro|nifJ|consensus50|pass_single_dominant                       20.80%    passed     99.81%
  99  DEJU-59-No|nifJ|consensus50|pass_single_dominant                       11.20%    passed     99.74%
 100  DEJU-60-Ro|nifJ|consensus50|pass_single_dominant                       12.07%    passed     99.99%
 101  DEJU-6-1-No|nifJ|consensus50|pass_single_dominant                      11.28%    passed     99.91%
 102  DEJU-6-2-No|nifJ|consensus50|pass_single_dominant                      11.88%    passed     99.91%
 103  DEJU-6-2-Rh|nifJ|consensus50|pass_mixed_possible_multitemplate         14.57%    passed     97.64%
 104  DEJU-7-1-No|nifJ|consensus50|pass_single_dominant                       9.87%    passed     99.42%
 105  DEJU-7-1-Rh|nifJ|consensus50|pass_single_dominant                      10.33%    passed     99.99%
 106  DEJU-7-2-No|nifJ|consensus50|pass_single_dominant                      11.31%    passed     99.79%
 107  DEJU-7-2-Rh|nifJ|consensus50|pass_mixed_possible_multitemplate         17.67%    passed     96.48%
 108  DEJU-8-1-No|nifJ|consensus50|pass_single_dominant                      10.28%    passed     97.06%
 109  DEJU-8-1-Rh|nifJ|consensus50|pass_single_dominant                      15.17%    passed     98.03%
 110  DEJU-8-2-No|nifJ|consensus50|pass_single_dominant                       9.95%    passed     98.79%
 111  DEJU-8-2-Rh|nifJ|consensus50|pass_mixed_possible_multitemplate         20.45%    passed     96.67%
 112  DELA-10-2-No|nifJ|consensus50|pass_mixed_possible_multitemplate        18.52%    passed     99.12%
 113  DELA-10-2-Rh|nifJ|consensus50|pass_mixed_possible_multitemplate        17.81%    passed     96.28%
 114  DELA-14-2-No|nifJ|consensus50|pass_mixed_possible_multitemplate        20.36%    passed     99.92%
 115  DELA-14-2-Rh|nifJ|consensus50|pass_mixed_possible_multitemplate        19.17%    passed     99.31%
 116  DELA-15-1-Rh|nifJ|consensus50|pass_mixed_possible_multitemplate        15.72%    passed     96.73%
 117  DELA-15-1-Ro|nifJ|consensus50|pass_mixed_possible_multitemplate        17.62%    passed     95.31%
 118  DELA-20-1-Rh|nifJ|consensus50|pass_mixed_possible_multitemplate        21.29%    passed     98.01%
 119  DELA-24-1-Ro|nifJ|consensus50|pass_mixed_possible_multitemplate        18.79%    passed     97.63%
 120  DELA-29-1-Rh|nifJ|consensus50|pass_mixed_possible_multitemplate        25.99%    passed     63.64%
 121  DSNY-18-1-No|nifJ|consensus50|pass_single_dominant                     18.87%    passed     79.22%
 122  DSNY-20-1-No|nifJ|consensus50|pass_single_dominant                     16.94%    passed     92.38%
 123  DSNY-4-1-No|nifJ|consensus50|pass_single_dominant                      20.77%    passed     97.04%
 124  DSNY-5-1-No|nifJ|consensus50|pass_mixed_possible_multitemplate         22.97%    passed     94.98%
 125  DSNY-74-1-No|nifJ|consensus50|pass_mixed_possible_multitemplate        12.97%    passed     99.98%
 126  DSNY-75-1-No|nifJ|consensus50|pass_mixed_possible_multitemplate        19.66%    passed     96.30%
 127  DSNY-75-1-Rh|nifJ|consensus50|pass_mixed_possible_multitemplate        14.85%    passed     99.42%
 128  DSNY-76-1-Ro|nifJ|consensus50|pass_mixed_possible_multitemplate        17.54%    passed     99.73%
 129  DSNY-78-1-No|nifJ|consensus50|pass_single_dominant                     14.19%    passed     97.73%
 130  DSNY-79-1-No|nifJ|consensus50|pass_single_dominant                     13.62%    passed     99.27%
 131  DSNY-80-1-No|nifJ|consensus50|pass_single_dominant                     14.19%    passed     99.48%
 132  DSNY-99-Rh|nifJ|consensus50|pass_single_dominant                       22.21%    passed     93.21%
 133  GUAN-10-Ro|nifJ|consensus50|pass_single_dominant                       22.87%    passed     69.42%
 134  GUAN-2-No|nifJ|consensus50|pass_single_dominant                        20.12%    passed     95.90%
 135  HARV-1-2-No|nifJ|consensus50|pass_single_dominant                      14.33%    passed     45.19%
 136  HARV-1-2-Rh|nifJ|consensus50|pass_single_dominant                      18.41%    passed     98.37%
 137  HARV-1-2-Ro|nifJ|consensus50|pass_single_dominant                      19.74%    passed     44.29%
 138  HARV-1-3-No|nifJ|consensus50|pass_mixed_possible_multitemplate         12.89%    passed     64.35%
 139  HARV-2-1-No|nifJ|consensus50|pass_mixed_possible_multitemplate         14.52%    passed     96.73%
 140  HARV-2-2-No|nifJ|consensus50|pass_single_dominant                      11.28%    passed     99.62%
 141  HARV-2-2-Ro|nifJ|consensus50|pass_mixed_possible_multitemplate         18.43%    passed     97.92%
 142  HARV-2-3-No|nifJ|consensus50|pass_single_dominant                      10.63%    passed     99.13%
 143  HEAL-10-1-No|nifJ|consensus50|pass_single_dominant                     10.47%    passed     98.23%
 144  HEAL-10-1-Ro|nifJ|consensus50|pass_mixed_possible_multitemplate        16.86%    passed     96.52%
 145  HEAL-10-2-No|nifJ|consensus50|pass_single_dominant                      9.98%    passed     99.05%
 146  HEAL-11-1-No|nifJ|consensus50|pass_mixed_possible_multitemplate        13.46%    passed     99.29%
 147  HEAL-12-1-No|nifJ|consensus50|pass_single_dominant                     11.12%    passed     99.96%
 148  HEAL-12-2-No|nifJ|consensus50|pass_single_dominant                     11.26%    passed     99.87%
 149  HEAL-12-2-Rh|nifJ|consensus50|pass_single_dominant                     19.79%    passed     86.26%
 150  HEAL-13-1-No|nifJ|consensus50|pass_single_dominant                     10.44%    passed     99.96%
 151  HEAL-13-1-Rh|nifJ|consensus50|pass_single_dominant                     22.68%    passed     98.88%
 152  HEAL-13-2-No|nifJ|consensus50|pass_single_dominant                     11.12%    passed     99.67%
 153  HEAL-13-2-Rh|nifJ|consensus50|pass_mixed_possible_multitemplate        15.14%    passed     28.68%
 154  HEAL-13-2-Ro|nifJ|consensus50|pass_single_dominant                     11.53%    passed     99.83%
 155  HEAL-14-1-Rh|nifJ|consensus50|pass_mixed_possible_multitemplate        22.81%    passed     92.48%
 156  HEAL-15-1-No|nifJ|consensus50|pass_single_dominant                     10.82%    passed     99.94%
 157  HEAL-15-1-Rh|nifJ|consensus50|pass_single_dominant                     22.38%    passed     96.25%
 158  HEAL-15-1-Ro|nifJ|consensus50|pass_single_dominant                     16.04%    passed     99.65%
 159  HEAL-15-2-No|nifJ|consensus50|pass_single_dominant                     10.28%    passed     99.20%
 160  HEAL-15-2-Rh|nifJ|consensus50|pass_mixed_possible_multitemplate        16.99%    passed     97.85%
 161  HEAL-15-2-Ro|nifJ|consensus50|pass_mixed_possible_multitemplate        15.66%    passed     99.94%
 162  HEAL-2-1-No|nifJ|consensus50|pass_single_dominant                      10.93%    passed     97.88%
 163  HEAL-3-1-No|nifJ|consensus50|pass_single_dominant                      19.74%    passed     54.08%
 164  HEAL-4-1-No|nifJ|consensus50|pass_single_dominant                      11.17%    passed     99.82%
 165  HEAL-4-2-No|nifJ|consensus50|pass_single_dominant                       9.76%    passed     99.59%
 166  HEAL-4-2-Rh|nifJ|consensus50|pass_mixed_possible_multitemplate         16.88%    passed     98.03%
 167  HEAL-4-2-Ro|nifJ|consensus50|pass_mixed_possible_multitemplate         16.69%    passed     99.75%
 168  HEAL-4-3-No|nifJ|consensus50|pass_single_dominant                      10.39%    passed     99.19%
 169  HEAL-4-3-Rh|nifJ|consensus50|pass_single_dominant                      20.88%    passed     81.26%
 170  HEAL-4-3-Ro|nifJ|consensus50|pass_mixed_possible_multitemplate         15.96%    passed     99.27%
 171  HEAL-5-1-No|nifJ|consensus50|pass_single_dominant                      14.90%    passed     84.16%
 172  HEAL-5-1-Rh|nifJ|consensus50|pass_mixed_possible_multitemplate         22.21%    passed     93.75%
 173  HEAL-5-1-Ro|nifJ|consensus50|pass_mixed_possible_multitemplate         15.85%    passed     80.77%
 174  HEAL-5-2-No|nifJ|consensus50|pass_single_dominant                      22.19%    passed     53.94%
 175  HEAL-7-1-No|nifJ|consensus50|pass_single_dominant                      10.60%    passed     99.87%
 176  HEAL-8-1-No|nifJ|consensus50|pass_single_dominant                      11.07%    passed     99.37%
 177  HEAL-9-1-No|nifJ|consensus50|pass_mixed_possible_multitemplate         12.48%    passed     89.65%
 178  HEAL-9-2-No|nifJ|consensus50|pass_mixed_possible_multitemplate         11.77%    passed     99.80%
 179  HEAL-9-2-Rh|nifJ|consensus50|pass_mixed_possible_multitemplate         14.27%    passed     99.71%
 180  HEAL-9-2-Ro|nifJ|consensus50|pass_mixed_possible_multitemplate         15.36%    passed     99.58%
 181  JERC-107-1-Rh|nifJ|consensus50|pass_mixed_possible_multitemplate       18.08%    passed     97.29%
 182  JERC-107-1-Ro|nifJ|consensus50|pass_mixed_possible_multitemplate       14.87%    passed     97.60%
 183  JERC-145-1-Ro|nifJ|consensus50|pass_single_dominant                    20.50%    passed     97.38%
 184  JERC-26-5-No|nifJ|consensus50|pass_single_dominant                     15.85%    passed     32.78%
 185  JERC-36-1-No|nifJ|consensus50|pass_single_dominant                     17.70%    passed     99.06%
 186  JERC-38-2-Ro|nifJ|consensus50|pass_mixed_possible_multitemplate        22.27%    passed     94.88%
 187  JERC-41-2-Rh|nifJ|consensus50|pass_mixed_possible_multitemplate        20.64%    passed     95.52%
 188  JERC-53-2-Ro|nifJ|consensus50|pass_mixed_possible_multitemplate        17.24%    passed     95.80%
 189  JERC-84-3-Rh|nifJ|consensus50|pass_mixed_possible_multitemplate        14.74%    passed     98.46%
 190  JERC-90-1-No|nifJ|consensus50|pass_mixed_possible_multitemplate        16.23%    passed     99.90%
 191  JERC-90-1-Rh|nifJ|consensus50|pass_single_dominant                     18.11%    passed     98.70%
 192  JERC-CEAM-53-4-Rh|nifJ|consensus50|pass_mixed_possible_multitemplate   15.96%    passed     82.24%
 193  JERC-CEMI-8-1-No|nifJ|consensus50|pass_mixed_possible_multitemplate    20.42%    passed     99.54%
 194  JERC-CEMI-8-1-Rh|nifJ|consensus50|pass_mixed_possible_multitemplate    21.10%    passed     96.12%
 195  JERC-RHRE-55-1-Ro|nifJ|consensus50|pass_single_dominant                18.13%    passed     99.34%
 196  KONZ-16-2-Rh|nifJ|consensus50|pass_mixed_possible_multitemplate        21.67%    passed     93.41%
 197  LAJA-20-1-Ro|nifJ|consensus50|pass_mixed_possible_multitemplate        14.36%    passed     99.98%
 198  LAJA-21-1-Rh|nifJ|consensus50|pass_single_dominant                     14.06%    passed     99.64%
 199  LAJA-21-1-Ro|nifJ|consensus50|pass_single_dominant                     15.23%    passed     99.99%
 200  LAJA-22-2-No|nifJ|consensus50|pass_mixed_possible_multitemplate        14.36%    passed     99.24%
 201  LAJA-22-2-Rh|nifJ|consensus50|pass_mixed_possible_multitemplate        16.10%    passed     96.64%
 202  LAJA-22-2-Ro|nifJ|consensus50|pass_single_dominant                     14.60%    passed     99.60%
 203  LAJA-23-1-No|nifJ|consensus50|pass_mixed_possible_multitemplate        22.57%    passed     95.79%
 204  LAJA-23-1-Rh|nifJ|consensus50|pass_mixed_possible_multitemplate        16.12%    passed     97.43%
 205  LAJA-23-1-Ro|nifJ|consensus50|pass_single_dominant                     14.46%    passed     98.27%
 206  LENO-15-2-No|nifJ|consensus50|pass_single_dominant                     20.26%    passed     59.47%
 207  LENO-6-1-No|nifJ|consensus50|pass_single_dominant                      15.47%    passed     99.10%
 208  LENO-9-2-No|nifJ|consensus50|pass_single_dominant                      13.81%    passed     97.86%
 209  MC-1|nifJ|consensus50|pass_single_dominant                             13.81%    passed     99.18%
 210  MC-2|nifJ|consensus50|pass_single_dominant                             13.87%    passed     99.49%
 211  MLBS-1-1-Rh|nifJ|consensus50|pass_mixed_possible_multitemplate         16.72%    passed     94.39%
 212  MLBS-1-2-No|nifJ|consensus50|pass_mixed_possible_multitemplate         14.55%    passed     91.66%
 213  MLBS-1-2-Rh|nifJ|consensus50|pass_mixed_possible_multitemplate         20.66%    passed     81.00%
 214  MLBS-1-3-No|nifJ|consensus50|pass_mixed_possible_multitemplate         15.47%    passed     92.90%
 215  MLBS-1-3-Rh|nifJ|consensus50|pass_mixed_possible_multitemplate         16.48%    passed     92.12%
 216  MLBS-2-1-Rh|nifJ|consensus50|pass_mixed_possible_multitemplate         20.55%    passed     97.85%
 217  OAES-13-2-No|nifJ|consensus50|pass_single_dominant                     21.89%    passed     80.87%
 218  OAES-13-2-Rh|nifJ|consensus50|pass_mixed_possible_multitemplate        22.24%    passed     88.41%
 219  OAES-30-1-Ro|nifJ|consensus50|pass_mixed_possible_multitemplate        15.09%    passed     94.58%
 220  OAES-30-3-Rh|nifJ|consensus50|pass_mixed_possible_multitemplate        21.75%    passed     94.48%
 221  OAES-30-3-Ro|nifJ|consensus50|pass_single_dominant                     17.29%    passed     97.74%
 222  ORNL-1-1-No|nifJ|consensus50|pass_single_dominant                      13.76%    passed     92.19%
 223  ORNL-1-1-Rh|nifJ|consensus50|pass_mixed_possible_multitemplate         24.74%    passed     84.36%
 224  ORNL-1-2-No|nifJ|consensus50|pass_mixed_possible_multitemplate         17.51%    passed    100.00%
 225  ORNL-1-3-No|nifJ|consensus50|pass_single_dominant                      17.16%    passed     68.09%
 226  ORNL-1-3-Rh|nifJ|consensus50|pass_mixed_possible_multitemplate         16.07%    passed     98.16%
 227  ORNL-2-1-Rh|nifJ|consensus50|pass_mixed_possible_multitemplate         19.30%    passed     89.87%
 228  ORNL-3-1-No|nifJ|consensus50|pass_single_dominant                      15.80%    passed     74.38%
 229  ORNL-3-1-Rh|nifJ|consensus50|pass_mixed_possible_multitemplate         20.01%    passed     90.63%
 230  ORNL-3-2-No|nifJ|consensus50|pass_single_dominant                      13.10%    passed     86.60%
 231  ORNL-3-2-Ro|nifJ|consensus50|pass_mixed_possible_multitemplate         19.11%    passed     99.07%
 232  ORNL-4-1-Rh|nifJ|consensus50|pass_mixed_possible_multitemplate         14.87%    passed     99.03%
 233  ORNL-5-2-No|nifJ|consensus50|pass_single_dominant                      19.96%    passed      9.87%
 234  ORNL-5-2-Rh|nifJ|consensus50|pass_mixed_possible_multitemplate         17.02%    passed     70.87%
 235  ORNL-5-2-Ro|nifJ|consensus50|pass_mixed_possible_multitemplate         14.76%    passed     26.59%
 236  ORNL-5-3-No|nifJ|consensus50|pass_single_dominant                      14.33%    passed     55.06%
 237  ORNL-5-3-Rh|nifJ|consensus50|pass_mixed_possible_multitemplate         23.74%    passed     96.70%
 238  ORNL-5-3-Ro|nifJ|consensus50|pass_mixed_possible_multitemplate         19.39%    passed     76.00%
 239  ORNL-9-1-Rh|nifJ|consensus50|pass_mixed_possible_multitemplate         17.56%    passed     94.94%
 240  OSBS-4-3-No|nifJ|consensus50|pass_single_dominant                      16.18%    passed     55.49%
 241  OSBS-44-1-No|nifJ|consensus50|pass_single_dominant                     16.34%    passed     99.82%
 242  OSBS-52-1-Ro|nifJ|consensus50|pass_mixed_possible_multitemplate        22.43%    passed     53.35%
 243  OSBS-52-2-No|nifJ|consensus50|pass_single_dominant                     19.47%    passed     94.83%
 244  OSBS-52-3-No|nifJ|consensus50|pass_single_dominant                     16.75%    passed     92.87%
 245  OSBS-52-3-Rh|nifJ|consensus50|pass_mixed_possible_multitemplate        18.76%    passed     71.12%
 246  OSBS-52-5-No|nifJ|consensus50|pass_single_dominant                     18.13%    passed     96.49%
 247  OSBS-52-5-Rh|nifJ|consensus50|pass_single_dominant                     20.23%    passed     81.43%
 248  OSBS-52-5-Ro|nifJ|consensus50|pass_single_dominant                     17.70%    passed     94.29%
 249  OSBS-65-1-Rh|nifJ|consensus50|pass_single_dominant                     22.35%    passed     88.86%
 250  OSBS-71-1-Ro|nifJ|consensus50|pass_single_dominant                     14.46%    passed     99.08%
 251  OSBS-72-1-Ro|nifJ|consensus50|pass_single_dominant                     16.78%    passed     92.42%
 252  OSBS-86-1-No|nifJ|consensus50|pass_mixed_possible_multitemplate        22.70%    passed     88.77%
 253  OSBS-88-1-Ro|nifJ|consensus50|pass_single_dominant                     15.44%    passed     98.57%
 254  OSBS-MOCE-52-4-No|nifJ|consensus50|pass_single_dominant                16.67%    passed     99.82%
 255  OSBS-MOCE-52-4-Rh|nifJ|consensus50|pass_mixed_possible_multitemplate   22.46%    passed     87.89%
 256  OSBS-MOCE-52-4-Ro|nifJ|consensus50|pass_single_dominant                16.78%    passed     98.70%
 257  SERC-1-3-Rh|nifJ|consensus50|pass_mixed_possible_multitemplate         20.72%    passed     98.78%
 258  SERC-1-3-Ro|nifJ|consensus50|pass_mixed_possible_multitemplate         15.99%    passed     98.58%
 259  SERC-2-2-No|nifJ|consensus50|pass_single_dominant                      19.09%    passed     67.90%
 260  SERC-2-2-Rh|nifJ|consensus50|pass_mixed_possible_multitemplate         12.75%    passed     90.30%
 261  SERC-2-2-Ro|nifJ|consensus50|pass_mixed_possible_multitemplate         13.08%    passed     98.94%
 262  TALL-1-2-No|nifJ|consensus50|pass_mixed_possible_multitemplate         21.21%    passed     94.08%
 263  TALL-3-1-Rh|nifJ|consensus50|pass_single_dominant                      20.39%    passed     93.63%
 264  TALL-45-1-Rh|nifJ|consensus50|pass_mixed_possible_multitemplate        20.85%    passed     97.18%
 265  TALL-49-1-Rh|nifJ|consensus50|pass_mixed_possible_multitemplate        16.18%    passed     98.21%
 266  TALL-61-1-No|nifJ|consensus50|pass_single_dominant                     18.65%    passed     77.38%
 267  TALL-61-1-Rh|nifJ|consensus50|pass_mixed_possible_multitemplate        15.01%    passed     94.25%
 268  TALL-61-1-Ro|nifJ|consensus50|pass_mixed_possible_multitemplate        18.08%    passed     95.34%
 269  TALL-61-3-Ro|nifJ|consensus50|pass_mixed_possible_multitemplate        25.01%    passed     99.23%
 270  TALL-72-1-No|nifJ|consensus50|pass_single_dominant                     23.11%    passed     83.22%
 271  TALL-72-2-No|nifJ|consensus50|pass_single_dominant                     20.77%    passed     80.10%
 272  TALL-72-2-Ro|nifJ|consensus50|pass_single_dominant                     18.52%    passed     94.12%
 273  TALL-72-3-No|nifJ|consensus50|pass_single_dominant                     22.32%    passed     84.44%
 274  TALL-72-3-Rh|nifJ|consensus50|pass_single_dominant                     20.66%    passed     69.42%
 275  TALL-73-1-No|nifJ|consensus50|pass_single_dominant                     14.06%    passed     91.37%
 276  TALL-73-2-No|nifJ|consensus50|pass_single_dominant                     16.10%    passed     99.56%
 277  TALL-73-3-No|nifJ|consensus50|pass_single_dominant                     13.43%    passed     95.60%
 278  TALL-8-1-No|nifJ|consensus50|pass_single_dominant                      14.03%    passed     97.26%
 279  TALL-8-1-Rh|nifJ|consensus50|pass_mixed_possible_multitemplate         23.30%    passed     99.69%
 280  TALL-82-1-No|nifJ|consensus50|pass_single_dominant                     20.36%    passed     97.26%
 281  TALL-82-1-Ro|nifJ|consensus50|pass_mixed_possible_multitemplate        20.99%    passed     99.82%
 282  TALL-82-2-No|nifJ|consensus50|pass_mixed_possible_multitemplate        16.48%    passed     83.73%
 283  TALL-82-2-Rh|nifJ|consensus50|pass_mixed_possible_multitemplate        16.34%    passed     99.33%
 284  TALL-8-2-No|nifJ|consensus50|pass_single_dominant                      13.89%    passed     90.25%
 285  TALL-83-1-No|nifJ|consensus50|pass_mixed_possible_multitemplate        13.40%    passed     96.43%
 286  TALL-83-1-Rh|nifJ|consensus50|pass_mixed_possible_multitemplate        24.69%    passed     92.49%
 287  TALL-83-1-Ro|nifJ|consensus50|pass_mixed_possible_multitemplate        21.13%    passed     98.23%
 288  TALL-83-2-No|nifJ|consensus50|pass_mixed_possible_multitemplate        21.29%    passed     93.69%
 289  TALL-83-3-No|nifJ|consensus50|pass_mixed_possible_multitemplate        15.91%    passed     99.26%
 290  TALL-83-3-Ro|nifJ|consensus50|pass_mixed_possible_multitemplate        14.55%    passed     97.02%
 291  TALL-8-3-No|nifJ|consensus50|pass_single_dominant                      18.00%    passed     90.77%
 292  TALL-84-1-No|nifJ|consensus50|pass_mixed_possible_multitemplate        16.59%    passed     80.43%
 293  TALL-84-2-No|nifJ|consensus50|pass_mixed_possible_multitemplate        13.51%    passed     90.91%
 294  TALL-84-3-No|nifJ|consensus50|pass_mixed_possible_multitemplate        13.70%    passed     96.84%
 295  TALL-90-1-No|nifJ|consensus50|pass_mixed_possible_multitemplate        15.74%    passed     77.80%
 296  TALL-90-2-No|nifJ|consensus50|pass_mixed_possible_multitemplate        15.99%    passed     93.06%
 297  TALL-90-2-Ro|nifJ|consensus50|pass_single_dominant                     18.11%    passed     99.23%
 298  TALL-90-3-No|nifJ|consensus50|pass_single_dominant                     16.23%    passed     99.90%
 299  TALL-90-3-Ro|nifJ|consensus50|pass_single_dominant                     20.17%    passed     99.73%
 300  TALL-91-2-Rh|nifJ|consensus50|pass_mixed_possible_multitemplate        22.73%    passed     91.51%
 301  TALL-91-2-Ro|nifJ|consensus50|pass_mixed_possible_multitemplate        19.47%    passed     97.60%
 302  TALL-91-3-No|nifJ|consensus50|pass_mixed_possible_multitemplate        16.04%    passed     96.68%
 303  TALL-9-1-No|nifJ|consensus50|pass_single_dominant                      12.62%    passed     91.85%
 304  TALL-92-1-No|nifJ|consensus50|pass_mixed_possible_multitemplate        17.24%    passed     84.48%
 305  TALL-92-2-No|nifJ|consensus50|pass_mixed_possible_multitemplate        14.30%    passed     87.25%
 306  TALL-92-2-Ro|nifJ|consensus50|pass_single_dominant                     20.15%    passed     82.15%
 307  TALL-92-3-No|nifJ|consensus50|pass_mixed_possible_multitemplate        14.22%    passed     95.27%
 308  TALL-92-3-Rh|nifJ|consensus50|pass_mixed_possible_multitemplate        21.37%    passed     99.31%
 309  TALL-92-3-Ro|nifJ|consensus50|pass_mixed_possible_multitemplate        21.26%    passed     96.74%
 310  TALL-9-2-No|nifJ|consensus50|pass_single_dominant                      13.57%    passed     94.60%
 311  TALL-93-1-No|nifJ|consensus50|pass_single_dominant                     14.52%    passed     98.47%
 312  TALL-93-1-Ro|nifJ|consensus50|pass_mixed_possible_multitemplate        14.87%    passed     88.21%
 313  TALL-9-3-No|nifJ|consensus50|pass_mixed_possible_multitemplate         14.57%    passed     86.31%
 314  TALL-9-3-Ro|nifJ|consensus50|pass_single_dominant                      16.75%    passed     67.88%
 315  TOOL-16-No|nifJ|consensus50|pass_single_dominant                       21.07%    passed     84.99%
 316  TOOL-35-1-Rh|nifJ|consensus50|pass_mixed_possible_multitemplate        22.95%    passed     95.12%
 317  UNDE-1-2-No|nifJ|consensus50|pass_single_dominant                      11.91%    passed     98.76%
 318  UNDE-2-1-No|nifJ|consensus50|pass_single_dominant                      12.18%    passed     99.19%
 319  UNDE-3-1-No|nifJ|consensus50|pass_single_dominant                      11.23%    passed     98.82%
 320  UNDE-4-1-No|nifJ|consensus50|pass_mixed_possible_multitemplate         13.08%    passed     99.54%
 321  UNDE-4-1-Ro|nifJ|consensus50|pass_mixed_possible_multitemplate         19.93%    passed     93.13%
 322  UNDE-5-4-No|nifJ|consensus50|pass_single_dominant                      11.12%    passed     99.19%
 323  YELL-1-2-No|nifJ|consensus50|pass_single_dominant                      12.48%    passed     99.94%
 324  YELL-1-2-Rh|nifJ|consensus50|pass_single_dominant                      17.56%    passed     99.45%
 325  YELL-2-2-No|nifJ|consensus50|pass_mixed_possible_multitemplate         16.86%    passed     95.99%
****  TOTAL                                                                  16.01%  0 sequences failed composition chi2 test (p-value<5%; df=3)
NOTE: BONA-14-No|nifJ|consensus50|pass_single_dominant is identical to BONA-11-1-No|nifJ|consensus50|pass_single_dominant but kept for subsequent analysis
Checking for duplicate sequences: done in 0.002401 secs using 5968% CPU


Create initial parsimony tree by phylogenetic likelihood library (PLL)... 0.081 seconds
Measuring multi-threading efficiency up to 72 CPU cores
Increase to 10 rounds for branch lengths
52 trees examined
Threads: 1 / Time: 73.185 sec / Speedup: 1.000 / Efficiency: 100% / LogL: -70375
Threads: 2 / Time: 45.079 sec / Speedup: 1.623 / Efficiency: 81% / LogL: -70375
Threads: 3 / Time: 46.931 sec / Speedup: 1.559 / Efficiency: 52% / LogL: -70375
Threads: 4 / Time: 46.880 sec / Speedup: 1.561 / Efficiency: 39% / LogL: -70375
Determining AUTO threadcount: done in 212.082 secs using 230.3% CPU
BEST NUMBER OF THREADS: 2

Perform fast likelihood tree search using GTR+I+G model...
Estimate model parameters (epsilon = 5.000)
Perform nearest neighbor interchange...
Estimate model parameters (epsilon = 1.000)
1. Initial log-likelihood: -40365.097
2. Current log-likelihood: -40363.059
Optimal log-likelihood: -40362.170
Rate parameters:  A-C: 1.35893  A-G: 2.40730  A-T: 1.21289  C-G: 2.57547  C-T: 2.20395  G-T: 1.00000
Base frequencies:  A: 0.134  C: 0.382  G: 0.342  T: 0.141
Proportion of invariable sites: 0.583
Gamma shape alpha: 0.630
Parameters optimization took 2 rounds (1.361 sec)
Time for fast ML tree search: 12.445 seconds

NOTE: ModelFinder requires 238 MB RAM!
ModelFinder will test up to 968 DNA models (sample size: 3678 epsilon: 0.100) ...
 No. Model         -LnL         df  AIC          AICc         BIC
  1  JC            49488.812    647 100271.625   100548.361   104289.575
  2  JC+I          44077.768    648 89451.536    89729.220    93475.697
  3  JC+G4         42849.887    648 86995.773    87273.457    91019.934
  4  JC+I+G4       42393.747    649 86085.495    86364.127    90115.865
  5  JC+R2         43104.743    649 87507.486    87786.119    91537.857
  6  JC+R3         42411.045    651 86124.090    86404.626    90166.881
  7  JC+R4         42346.615    653 85999.231    86281.679    90054.442
  8  JC+R5         42332.113    655 85974.225    86258.593    90041.857
  9  JC+R6         42331.896    657 85977.791    86264.087    90057.843
 14  JC+I+R2       42547.002    650 86394.004    86673.588    90430.585
 15  JC+I+R3       42364.562    652 86033.124    86314.615    90082.125
 16  JC+I+R4       42335.261    654 85978.521    86261.928    90039.942
 17  JC+I+R5       42329.783    656 85971.566    86256.896    90045.407
 30  JC+R5         42332.113    655 85974.225    86258.593    90041.857
 38  JC+I+R4       42335.261    654 85978.521    86261.928    90039.943
 39  JC+I+R5       42329.783    656 85971.566    86256.896    90045.407
 52  F81+R5        42331.513    655 85973.026    86257.394    90040.658
 60  F81+I+R4      42335.189    654 85978.378    86261.785    90039.799
 61  F81+I+R5      42329.438    656 85970.875    86256.206    90044.717
 74  F81+F+R5      40547.114    658 82410.227    82697.489    86496.489
 82  F81+F+I+R4    40549.247    657 82412.493    82698.789    86492.545
 83  F81+F+I+R5    40542.841    659 82403.682    82691.912    86496.154
 96  K2P+R5        42302.236    656 85916.471    86201.802    89990.313
104  K2P+I+R4      42305.744    655 85921.489    86205.857    89989.120
105  K2P+I+R5      42299.938    657 85913.876    86200.172    89993.928
118  K2P+R5        42302.236    656 85916.471    86201.802    89990.313
126  K2P+I+R4      42305.744    655 85921.489    86205.857    89989.120
127  K2P+I+R5      42299.938    657 85913.876    86200.172    89993.928
140  HKY+R5        42302.160    656 85916.320    86201.650    89990.161
148  HKY+I+R4      42305.722    655 85921.443    86205.811    89989.075
149  HKY+I+R5      42299.830    657 85913.660    86199.955    89993.712
162  HKY+F+R5      40528.068    659 82374.136    82662.367    86466.608
170  HKY+F+I+R4    40529.980    658 82375.959    82663.221    86462.221
171  HKY+F+I+R5    40524.024    660 82368.049    82657.250    86466.731
184  TNe+R5        42299.931    657 85913.862    86200.157    89993.914
192  TNe+I+R4      42305.605    656 85923.209    86208.540    89997.051
193  TNe+I+R5      42299.131    658 85914.262    86201.524    90000.524
206  TNe+R5        42299.931    657 85913.862    86200.157    89993.914
214  TNe+I+R4      42305.605    656 85923.209    86208.540    89997.051
215  TNe+I+R5      42299.131    658 85914.262    86201.524    90000.524
228  TN+R5         42299.934    657 85913.868    86200.164    89993.920
236  TN+I+R4       42305.484    656 85922.968    86208.298    89996.809
237  TN+I+R5       42299.090    658 85914.179    86201.441    90000.441
250  TN+F+R5       40525.927    660 82371.854    82661.055    86470.536
258  TN+F+I+R4     40528.369    659 82374.738    82662.968    86467.210
259  TN+F+I+R5     40522.521    661 82367.042    82657.216    86471.935
272  K3P+R5        41504.887    657 84323.774    84610.069    88403.826
280  K3P+I+R4      41509.351    656 84330.702    84616.033    88404.544
281  K3P+I+R5      41502.205    658 84320.411    84607.673    88406.673
294  K3P+R5        41504.887    657 84323.774    84610.069    88403.826
302  K3P+I+R4      41509.351    656 84330.702    84616.033    88404.544
303  K3P+I+R5      41502.205    658 84320.411    84607.673    88406.673
316  K3Pu+R5       41504.800    657 84323.599    84609.895    88403.651
324  K3Pu+I+R4     41509.243    656 84330.486    84615.817    88404.328
325  K3Pu+I+R5     41502.185    658 84320.371    84607.633    88406.633
338  K3Pu+F+R5     40344.134    660 82008.268    82297.469    86106.950
346  K3Pu+F+I+R4   40348.380    659 82014.760    82302.990    86107.232
347  K3Pu+F+I+R5   40341.011    661 82004.021    82294.195    86108.914
360  TPM2+R5       41759.149    657 84832.298    85118.593    88912.349
368  TPM2+I+R4     41765.640    656 84843.280    85128.610    88917.121
369  TPM2+I+R5     41755.496    658 84826.991    85114.253    88913.253
382  TPM2+R5       41759.149    657 84832.298    85118.593    88912.349
390  TPM2+I+R4     41765.640    656 84843.280    85128.610    88917.121
391  TPM2+I+R5     41755.496    658 84826.991    85114.253    88913.253
404  TPM2u+R5      41758.964    657 84831.927    85118.222    88911.979
412  TPM2u+I+R4    41765.592    656 84843.185    85128.516    88917.026
413  TPM2u+I+R5    41755.356    658 84826.712    85113.974    88912.973
426  TPM2u+F+R5    40450.105    660 82220.209    82509.411    86318.892
434  TPM2u+F+I+R4  40455.309    659 82228.618    82516.849    86321.090
435  TPM2u+F+I+R5  40447.097    661 82216.195    82506.368    86321.087
448  TPM3+R5       41660.340    657 84634.680    84920.975    88714.732
456  TPM3+I+R4     41661.323    656 84634.646    84919.977    88708.488
457  TPM3+I+R5     41655.513    658 84627.025    84914.287    88713.287
470  TPM3+R5       41660.340    657 84634.680    84920.975    88714.732
478  TPM3+I+R4     41661.323    656 84634.646    84919.977    88708.488
479  TPM3+I+R5     41655.513    658 84627.025    84914.287    88713.287
492  TPM3u+R5      41660.205    657 84634.410    84920.705    88714.462
500  TPM3u+I+R4    41661.227    656 84634.454    84919.785    88708.296
501  TPM3u+I+R5    41655.379    658 84626.757    84914.019    88713.019
514  TPM3u+F+R5    40400.445    660 82120.890    82410.092    86219.573
522  TPM3u+F+I+R4  40402.807    659 82123.614    82411.845    86216.086
523  TPM3u+F+I+R5  40397.110    661 82116.221    82406.394    86221.113
536  TIMe+R5       41503.073    658 84322.146    84609.408    88408.408
544  TIMe+I+R4     41508.685    657 84331.369    84617.665    88411.421
545  TIMe+I+R5     41501.428    659 84320.856    84609.087    88413.328
558  TIMe+R5       41503.073    658 84322.146    84609.408    88408.408
566  TIMe+I+R4     41508.685    657 84331.369    84617.665    88411.421
567  TIMe+I+R5     41501.428    659 84320.856    84609.087    88413.328
580  TIM+R5        41503.033    658 84322.065    84609.327    88408.327
588  TIM+I+R4      41508.670    657 84331.340    84617.636    88411.392
589  TIM+I+R5      41501.421    659 84320.841    84609.072    88413.313
602  TIM+F+R5      40342.199    661 82006.398    82296.572    86111.290
610  TIM+F+I+R4    40346.894    660 82013.788    82302.989    86112.470
611  TIM+F+I+R5    40339.714    662 82003.429    82294.577    86114.531
624  TIM2e+R5      41754.182    658 84824.364    85111.626    88910.626
632  TIM2e+I+R4    41761.972    657 84837.945    85124.240    88917.997
633  TIM2e+I+R5    41750.867    659 84819.735    85107.966    88912.207
646  TIM2e+R5      41754.182    658 84824.364    85111.626    88910.626
654  TIM2e+I+R4    41761.972    657 84837.945    85124.240    88917.997
655  TIM2e+I+R5    41750.867    659 84819.735    85107.966    88912.207
668  TIM2+R5       41754.101    658 84824.203    85111.465    88910.465
676  TIM2+I+R4     41761.875    657 84837.751    85124.046    88917.803
677  TIM2+I+R5     41750.750    659 84819.501    85107.731    88911.973
690  TIM2+F+R5     40448.347    661 82218.693    82508.867    86323.586
698  TIM2+F+I+R4   40454.420    660 82228.841    82518.042    86327.523
699  TIM2+F+I+R5   40446.239    662 82216.478    82507.626    86327.580
712  TIM3e+R5      41658.225    658 84632.451    84919.713    88718.713
720  TIM3e+I+R4    41659.616    657 84633.232    84919.527    88713.284
721  TIM3e+I+R5    41653.955    659 84625.909    84914.140    88718.381
734  TIM3e+R5      41658.225    658 84632.451    84919.713    88718.713
742  TIM3e+I+R4    41659.616    657 84633.232    84919.527    88713.284
743  TIM3e+I+R5    41653.955    659 84625.909    84914.140    88718.381
756  TIM3+R5       41658.172    658 84632.344    84919.606    88718.606
764  TIM3+I+R4     41659.524    657 84633.047    84919.343    88713.099
765  TIM3+I+R5     41653.828    659 84625.656    84913.887    88718.128
778  TIM3+F+R5     40397.468    661 82116.937    82407.110    86221.829
786  TIM3+F+I+R4   40400.531    660 82121.062    82410.263    86219.744
787  TIM3+F+I+R5   40394.925    662 82113.850    82404.998    86224.953
800  TVMe+R5       40996.472    659 83310.944    83599.175    87403.416
808  TVMe+I+R4     41001.618    658 83319.235    83606.497    87405.497
809  TVMe+I+R5     40994.766    660 83309.532    83598.733    87408.214
822  TVMe+R5       40996.472    659 83310.944    83599.175    87403.416
830  TVMe+I+R4     41001.618    658 83319.235    83606.497    87405.497
831  TVMe+I+R5     40994.766    660 83309.532    83598.733    87408.214
844  TVM+R5        40996.449    659 83310.899    83599.129    87403.371
852  TVM+I+R4      41001.607    658 83319.213    83606.475    87405.475
853  TVM+I+R5      40994.609    660 83309.218    83598.419    87407.900
866  TVM+F+R5      40291.879    662 81907.758    82198.906    86018.860
874  TVM+F+I+R4    40298.975    661 81919.949    82210.123    86024.841
875  TVM+F+I+R5    40290.830    663 81907.660    82199.785    86024.973
888  SYM+R5        40996.960    660 83313.920    83603.121    87412.602
896  SYM+I+R4      41001.606    659 83321.211    83609.442    87413.683
897  SYM+I+R5      40993.349    661 83308.698    83598.872    87413.590
910  SYM+R5        40996.960    660 83313.920    83603.121    87412.602
918  SYM+I+R4      41001.606    659 83321.211    83609.442    87413.683
919  SYM+I+R5      40993.349    661 83308.698    83598.872    87413.590
932  GTR+R5        40996.860    660 83313.720    83602.921    87412.402
940  GTR+I+R4      41001.615    659 83321.231    83609.461    87413.703
941  GTR+I+R5      40993.249    661 83308.498    83598.672    87413.390
954  GTR+F+R5      40290.104    663 81906.207    82198.332    86023.520
962  GTR+F+I+R4    40297.503    662 81919.006    82210.154    86030.108
963  GTR+F+I+R5    40289.528    664 81907.055    82200.158    86030.578
Akaike Information Criterion:           GTR+F+R5
Corrected Akaike Information Criterion: GTR+F+R5
Bayesian Information Criterion:         TVM+F+R5
Best-fit model: TVM+F+R5 chosen according to BIC

All model information printed to /mnt/dv/wid/projects6/SolisLemus-Intbio-raw/processed-data/symbiosis_sorted_v2_consensus_sequences_50percent/gene_trees/nifJ/04_tree_iupac_nm5000/nifJ_consensus50_iupac_all_pass_nm5000.model.gz
CPU time for ModelFinder: 1856.754 seconds (0h:30m:56s)
Wall-clock time for ModelFinder: 900.610 seconds (0h:15m:0s)
Generating 1000 samples for ultrafast bootstrap (seed: 824629)...

NOTE: 123 MB RAM (0 GB) is required!
Estimate model parameters (epsilon = 0.100)
1. Initial log-likelihood: -40291.649
Optimal log-likelihood: -40291.588
Rate parameters:  A-C: 1.34273  A-G: 2.30229  A-T: 1.19878  C-G: 2.60713  C-T: 2.30229  G-T: 1.00000
Base frequencies:  A: 0.134  C: 0.382  G: 0.342  T: 0.141
Site proportion and rates:  (0.709,0.033) (0.132,1.058) (0.092,2.972) (0.057,7.423) (0.009,14.540)
Parameters optimization took 1 rounds (1.181 sec)
Wrote distance file to... 
Computing ML distances based on estimated model parameters...
Calculating distance matrix: done in 0.421286 secs using 199.8% CPU
Computing ML distances took 0.423113 sec (of wall-clock time) 0.844031 sec (of CPU time)
Setting up auxiliary I and S matrices: done in 0.00132813 secs using 201.9% CPU
Constructing RapidNJ tree: done in 0.0391379 secs using 122.6% CPU
Computing RapidNJ tree took 0.040529 sec (of wall-clock time) 0.050716 sec (of CPU time)
Log-likelihood of RapidNJ tree: -41384.684
--------------------------------------------------------------------
|             INITIALIZING CANDIDATE TREE SET                      |
--------------------------------------------------------------------
Generating 98 parsimony trees... 8.733 second
Computing log-likelihood of 98 initial trees ... 13.661 seconds
Current best score: -40193.666

Do NNI search on 20 best initial trees
Estimate model parameters (epsilon = 0.100)
BETTER TREE FOUND at iteration 1: -40040.007
Iteration 10 / LogL: -40088.849 / Time: 0h:16m:37s
Iteration 20 / LogL: -40206.226 / Time: 0h:17m:38s
Finish initializing candidate tree set (20)
Current best tree score: -40040.007 / CPU time: 153.045
Number of iterations: 20
--------------------------------------------------------------------
|               OPTIMIZING CANDIDATE TREE SET                      |
--------------------------------------------------------------------
Estimate model parameters (epsilon = 0.100)
BETTER TREE FOUND at iteration 27: -40032.246
Iteration 30 / LogL: -40056.226 / Time: 0h:18m:27s (0h:11m:32s left)
Estimate model parameters (epsilon = 0.100)
BETTER TREE FOUND at iteration 31: -40020.765
Estimate model parameters (epsilon = 0.100)
BETTER TREE FOUND at iteration 35: -40013.838
Estimate model parameters (epsilon = 0.100)
BETTER TREE FOUND at iteration 39: -40007.181
Estimate model parameters (epsilon = 0.100)
BETTER TREE FOUND at iteration 40: -39997.364
Iteration 40 / LogL: -39997.364 / Time: 0h:19m:21s (0h:11m:9s left)
Estimate model parameters (epsilon = 0.100)
BETTER TREE FOUND at iteration 42: -39961.163
Iteration 50 / LogL: -40042.175 / Time: 0h:20m:8s (0h:9m:38s left)
Log-likelihood cutoff on original alignment: -40210.724
Estimate model parameters (epsilon = 0.100)
BETTER TREE FOUND at iteration 55: -39959.468
Iteration 60 / LogL: -39974.589 / Time: 0h:20m:51s (0h:9m:24s left)
Estimate model parameters (epsilon = 0.100)
BETTER TREE FOUND at iteration 63: -39956.888
Iteration 70 / LogL: -39967.597 / Time: 0h:21m:31s (0h:8m:46s left)
Estimate model parameters (epsilon = 0.100)
BETTER TREE FOUND at iteration 75: -39950.326
Iteration 80 / LogL: -40082.370 / Time: 0h:22m:14s (0h:8m:41s left)
Iteration 90 / LogL: -40024.302 / Time: 0h:22m:53s (0h:7m:31s left)
Estimate model parameters (epsilon = 0.100)
BETTER TREE FOUND at iteration 95: -39949.969
Iteration 100 / LogL: -39976.928 / Time: 0h:23m:37s (0h:8m:15s left)
Log-likelihood cutoff on original alignment: -40210.724
NOTE: Bootstrap correlation coefficient of split occurrence frequencies: 0.917
NOTE: UFBoot does not converge, continue at least 100 more iterations
Estimate model parameters (epsilon = 0.100)
BETTER TREE FOUND at iteration 103: -39929.829
Iteration 110 / LogL: -39948.993 / Time: 0h:24m:18s (0h:7m:55s left)
Estimate model parameters (epsilon = 0.100)
BETTER TREE FOUND at iteration 115: -39917.729
Iteration 120 / LogL: -39942.114 / Time: 0h:25m:1s (0h:7m:59s left)
Iteration 130 / LogL: -39955.686 / Time: 0h:25m:38s (0h:7m:0s left)
Estimate model parameters (epsilon = 0.100)
BETTER TREE FOUND at iteration 135: -39913.720
Estimate model parameters (epsilon = 0.100)
BETTER TREE FOUND at iteration 139: -39908.544
Iteration 140 / LogL: -39920.435 / Time: 0h:26m:23s (0h:8m:6s left)
Iteration 150 / LogL: -39953.449 / Time: 0h:27m:0s (0h:7m:10s left)
Log-likelihood cutoff on original alignment: -40210.724
Estimate model parameters (epsilon = 0.100)
BETTER TREE FOUND at iteration 154: -39906.478
Iteration 160 / LogL: -39918.565 / Time: 0h:27m:42s (0h:7m:30s left)
Estimate model parameters (epsilon = 0.100)
BETTER TREE FOUND at iteration 162: -39901.344
Iteration 170 / LogL: -39966.642 / Time: 0h:28m:26s (0h:7m:18s left)
Iteration 180 / LogL: -39921.304 / Time: 0h:29m:7s (0h:6m:27s left)
Estimate model parameters (epsilon = 0.100)
BETTER TREE FOUND at iteration 190: -39900.462
Iteration 190 / LogL: -39900.462 / Time: 0h:29m:49s (0h:7m:50s left)
Iteration 200 / LogL: -39936.473 / Time: 0h:30m:31s (0h:7m:0s left)
Log-likelihood cutoff on original alignment: -40210.724
NOTE: Bootstrap correlation coefficient of split occurrence frequencies: 0.884
NOTE: UFBoot does not converge, continue at least 100 more iterations
Iteration 210 / LogL: -39947.460 / Time: 0h:31m:15s (0h:6m:59s left)
Estimate model parameters (epsilon = 0.100)
BETTER TREE FOUND at iteration 212: -39897.804
Iteration 220 / LogL: -39921.821 / Time: 0h:31m:55s (0h:7m:6s left)
Estimate model parameters (epsilon = 0.100)
BETTER TREE FOUND at iteration 223: -39889.754
Iteration 230 / LogL: -39917.048 / Time: 0h:32m:40s (0h:7m:10s left)
Iteration 240 / LogL: -39906.295 / Time: 0h:33m:20s (0h:6m:21s left)
Iteration 250 / LogL: -39922.168 / Time: 0h:34m:1s (0h:5m:34s left)
Log-likelihood cutoff on original alignment: -40210.724
Estimate model parameters (epsilon = 0.100)
BETTER TREE FOUND at iteration 253: -39888.017
Iteration 260 / LogL: -39942.340 / Time: 0h:34m:42s (0h:7m:4s left)
Iteration 270 / LogL: -39909.279 / Time: 0h:35m:20s (0h:6m:16s left)
Iteration 280 / LogL: -39909.487 / Time: 0h:35m:57s (0h:5m:28s left)
Iteration 290 / LogL: -39911.865 / Time: 0h:36m:39s (0h:4m:43s left)
Estimate model parameters (epsilon = 0.100)
BETTER TREE FOUND at iteration 296: -39884.906
Iteration 300 / LogL: -39937.132 / Time: 0h:37m:20s (0h:7m:10s left)
Log-likelihood cutoff on original alignment: -40210.724
NOTE: Bootstrap correlation coefficient of split occurrence frequencies: 0.930
NOTE: UFBoot does not converge, continue at least 100 more iterations
Iteration 310 / LogL: -39908.484 / Time: 0h:37m:58s (0h:6m:41s left)
Iteration 320 / LogL: -39904.548 / Time: 0h:38m:37s (0h:5m:55s left)
Iteration 330 / LogL: -39934.853 / Time: 0h:39m:22s (0h:5m:11s left)
Estimate model parameters (epsilon = 0.100)
BETTER TREE FOUND at iteration 332: -39884.024
Iteration 340 / LogL: -39915.349 / Time: 0h:40m:11s (0h:6m:50s left)
Iteration 350 / LogL: -39909.363 / Time: 0h:40m:53s (0h:6m:4s left)
Log-likelihood cutoff on original alignment: -40210.724
Iteration 360 / LogL: -39934.416 / Time: 0h:41m:41s (0h:5m:21s left)
Estimate model parameters (epsilon = 0.100)
BETTER TREE FOUND at iteration 361: -39875.638
Iteration 370 / LogL: -39912.914 / Time: 0h:42m:25s (0h:6m:45s left)
Iteration 380 / LogL: -39913.533 / Time: 0h:43m:7s (0h:6m:0s left)
Iteration 390 / LogL: -39886.084 / Time: 0h:43m:50s (0h:5m:15s left)
Iteration 400 / LogL: -39919.149 / Time: 0h:44m:39s (0h:4m:31s left)
Log-likelihood cutoff on original alignment: -40210.724
NOTE: Bootstrap correlation coefficient of split occurrence frequencies: 0.924
NOTE: UFBoot does not converge, continue at least 100 more iterations
Iteration 410 / LogL: -39898.083 / Time: 0h:45m:28s (0h:6m:42s left)
Iteration 420 / LogL: -39913.964 / Time: 0h:46m:15s (0h:5m:58s left)
Iteration 430 / LogL: -39893.721 / Time: 0h:46m:57s (0h:5m:12s left)
Iteration 440 / LogL: -39899.047 / Time: 0h:47m:38s (0h:4m:27s left)
Iteration 450 / LogL: -39933.178 / Time: 0h:48m:16s (0h:3m:42s left)
Log-likelihood cutoff on original alignment: -40210.724
Iteration 460 / LogL: -39895.789 / Time: 0h:49m:1s (0h:2m:57s left)
Iteration 470 / LogL: -39952.443 / Time: 0h:49m:47s (0h:2m:13s left)
Iteration 480 / LogL: -39901.130 / Time: 0h:50m:26s (0h:1m:28s left)
Iteration 490 / LogL: -39880.310 / Time: 0h:51m:8s (0h:0m:44s left)
Iteration 500 / LogL: -39912.009 / Time: 0h:51m:48s (0h:0m:0s left)
Log-likelihood cutoff on original alignment: -40210.724
NOTE: Bootstrap correlation coefficient of split occurrence frequencies: 0.941
NOTE: UFBoot does not converge, continue at least 100 more iterations
Iteration 510 / LogL: -39951.759 / Time: 0h:52m:31s (0h:6m:37s left)
Iteration 520 / LogL: -39938.423 / Time: 0h:53m:11s (0h:5m:53s left)
Iteration 530 / LogL: -39888.077 / Time: 0h:53m:54s (0h:5m:8s left)
Iteration 540 / LogL: -39891.449 / Time: 0h:54m:39s (0h:4m:24s left)
Iteration 550 / LogL: -39929.608 / Time: 0h:55m:19s (0h:3m:40s left)
Log-likelihood cutoff on original alignment: -40210.724
Iteration 560 / LogL: -39895.186 / Time: 0h:56m:2s (0h:2m:56s left)
Iteration 570 / LogL: -39898.357 / Time: 0h:56m:42s (0h:2m:11s left)
Iteration 580 / LogL: -39890.269 / Time: 0h:57m:26s (0h:1m:27s left)
Iteration 590 / LogL: -39972.001 / Time: 0h:58m:9s (0h:0m:43s left)
Iteration 600 / LogL: -39886.782 / Time: 0h:58m:52s (0h:0m:0s left)
Log-likelihood cutoff on original alignment: -40210.724
NOTE: Bootstrap correlation coefficient of split occurrence frequencies: 0.953
NOTE: UFBoot does not converge, continue at least 100 more iterations
Iteration 610 / LogL: -39893.552 / Time: 0h:59m:36s (0h:6m:35s left)
Iteration 620 / LogL: -39976.109 / Time: 1h:0m:21s (0h:5m:51s left)
Iteration 630 / LogL: -39893.411 / Time: 1h:1m:4s (0h:5m:7s left)
Estimate model parameters (epsilon = 0.100)
BETTER TREE FOUND at iteration 632: -39875.034
Iteration 640 / LogL: -39942.718 / Time: 1h:1m:46s (0h:6m:43s left)
Iteration 650 / LogL: -39904.233 / Time: 1h:2m:29s (0h:5m:59s left)
Log-likelihood cutoff on original alignment: -40210.724
Estimate model parameters (epsilon = 0.100)
BETTER TREE FOUND at iteration 655: -39871.200
Iteration 660 / LogL: -39956.242 / Time: 1h:3m:13s (0h:6m:56s left)
Iteration 670 / LogL: -39907.018 / Time: 1h:3m:51s (0h:6m:12s left)
Iteration 680 / LogL: -39880.973 / Time: 1h:4m:33s (0h:5m:28s left)
Iteration 690 / LogL: -39879.339 / Time: 1h:5m:17s (0h:4m:44s left)
Iteration 700 / LogL: -39877.869 / Time: 1h:6m:2s (0h:4m:0s left)
Log-likelihood cutoff on original alignment: -40210.724
NOTE: Bootstrap correlation coefficient of split occurrence frequencies: 0.967
NOTE: UFBoot does not converge, continue at least 100 more iterations
Estimate model parameters (epsilon = 0.100)
BETTER TREE FOUND at iteration 707: -39870.940
Estimate model parameters (epsilon = 0.100)
BETTER TREE FOUND at iteration 710: -39870.004
Iteration 710 / LogL: -39870.004 / Time: 1h:6m:49s (0h:7m:18s left)
Iteration 720 / LogL: -39934.919 / Time: 1h:7m:35s (0h:6m:34s left)
Estimate model parameters (epsilon = 0.100)
BETTER TREE FOUND at iteration 724: -39868.759
Iteration 730 / LogL: -39917.260 / Time: 1h:8m:18s (0h:6m:52s left)
Iteration 740 / LogL: -39883.790 / Time: 1h:9m:2s (0h:6m:8s left)
Iteration 750 / LogL: -39913.161 / Time: 1h:9m:45s (0h:5m:24s left)
Log-likelihood cutoff on original alignment: -40210.724
Iteration 760 / LogL: -39911.600 / Time: 1h:10m:28s (0h:4m:40s left)
Estimate model parameters (epsilon = 0.100)
BETTER TREE FOUND at iteration 768: -39867.814
Iteration 770 / LogL: -39902.906 / Time: 1h:11m:15s (0h:7m:10s left)
Iteration 780 / LogL: -39879.834 / Time: 1h:11m:59s (0h:6m:26s left)
Estimate model parameters (epsilon = 0.100)
BETTER TREE FOUND at iteration 782: -39862.621
Iteration 790 / LogL: -39883.643 / Time: 1h:12m:45s (0h:6m:44s left)
Iteration 800 / LogL: -39871.030 / Time: 1h:13m:27s (0h:5m:59s left)
Log-likelihood cutoff on original alignment: -40159.020
NOTE: Bootstrap correlation coefficient of split occurrence frequencies: 0.957
NOTE: UFBoot does not converge, continue at least 100 more iterations
Iteration 810 / LogL: -39934.835 / Time: 1h:14m:8s (0h:6m:34s left)
Iteration 820 / LogL: -39924.289 / Time: 1h:14m:51s (0h:5m:50s left)
Iteration 830 / LogL: -39902.289 / Time: 1h:15m:32s (0h:5m:6s left)
Iteration 840 / LogL: -39898.175 / Time: 1h:16m:18s (0h:4m:22s left)
Iteration 850 / LogL: -39908.482 / Time: 1h:17m:1s (0h:3m:39s left)
Log-likelihood cutoff on original alignment: -40159.020
Iteration 860 / LogL: -39887.386 / Time: 1h:17m:47s (0h:2m:55s left)
Iteration 870 / LogL: -39920.181 / Time: 1h:18m:33s (0h:2m:11s left)
Iteration 880 / LogL: -39898.674 / Time: 1h:19m:17s (0h:1m:27s left)
Iteration 890 / LogL: -39873.458 / Time: 1h:20m:4s (0h:0m:43s left)
Iteration 900 / LogL: -39903.772 / Time: 1h:20m:50s (0h:0m:0s left)
Log-likelihood cutoff on original alignment: -40159.020
NOTE: Bootstrap correlation coefficient of split occurrence frequencies: 0.946
NOTE: UFBoot does not converge, continue at least 100 more iterations
Iteration 910 / LogL: -39918.507 / Time: 1h:21m:35s (0h:6m:35s left)
Iteration 920 / LogL: -39886.567 / Time: 1h:22m:20s (0h:5m:51s left)
Estimate model parameters (epsilon = 0.100)
BETTER TREE FOUND at iteration 924: -39860.429
Iteration 930 / LogL: -39881.517 / Time: 1h:23m:7s (0h:6m:53s left)
Iteration 940 / LogL: -39900.399 / Time: 1h:23m:56s (0h:6m:9s left)
Iteration 950 / LogL: -39931.575 / Time: 1h:24m:43s (0h:5m:26s left)
Log-likelihood cutoff on original alignment: -40159.020
Iteration 960 / LogL: -39880.762 / Time: 1h:25m:31s (0h:4m:42s left)
Iteration 970 / LogL: -39873.159 / Time: 1h:26m:14s (0h:3m:58s left)
Iteration 980 / LogL: -39869.470 / Time: 1h:27m:0s (0h:3m:14s left)
Iteration 990 / LogL: -39896.063 / Time: 1h:27m:44s (0h:2m:30s left)
Iteration 1000 / LogL: -39902.549 / Time: 1h:28m:29s (0h:1m:45s left)
Log-likelihood cutoff on original alignment: -40159.020
NOTE: Bootstrap correlation coefficient of split occurrence frequencies: 0.938
NOTE: UFBoot does not converge, continue at least 100 more iterations
Iteration 1010 / LogL: -39885.861 / Time: 1h:29m:18s (0h:6m:37s left)
Iteration 1020 / LogL: -39864.801 / Time: 1h:30m:5s (0h:5m:53s left)
Iteration 1030 / LogL: -39877.910 / Time: 1h:30m:49s (0h:5m:9s left)
Iteration 1040 / LogL: -39895.615 / Time: 1h:31m:33s (0h:4m:25s left)
Iteration 1050 / LogL: -39913.472 / Time: 1h:32m:16s (0h:3m:40s left)
Log-likelihood cutoff on original alignment: -40159.020
Iteration 1060 / LogL: -39893.293 / Time: 1h:33m:3s (0h:2m:56s left)
Iteration 1070 / LogL: -39954.762 / Time: 1h:33m:46s (0h:2m:12s left)
Iteration 1080 / LogL: -39871.514 / Time: 1h:34m:32s (0h:1m:28s left)
Iteration 1090 / LogL: -39866.638 / Time: 1h:35m:21s (0h:0m:44s left)
Iteration 1100 / LogL: -39933.855 / Time: 1h:36m:7s (0h:0m:0s left)
Log-likelihood cutoff on original alignment: -40159.020
NOTE: Bootstrap correlation coefficient of split occurrence frequencies: 0.928
NOTE: UFBoot does not converge, continue at least 100 more iterations
Estimate model parameters (epsilon = 0.100)
BETTER TREE FOUND at iteration 1103: -39858.954
Iteration 1110 / LogL: -39891.341 / Time: 1h:36m:53s (0h:6m:51s left)
Iteration 1120 / LogL: -39894.957 / Time: 1h:37m:40s (0h:6m:7s left)
Iteration 1130 / LogL: -39865.114 / Time: 1h:38m:27s (0h:5m:23s left)
Iteration 1140 / LogL: -39878.722 / Time: 1h:39m:14s (0h:4m:39s left)
Iteration 1150 / LogL: -39884.797 / Time: 1h:40m:4s (0h:3m:55s left)
Log-likelihood cutoff on original alignment: -40159.020
Iteration 1160 / LogL: -39880.510 / Time: 1h:40m:51s (0h:3m:11s left)
Iteration 1170 / LogL: -39938.731 / Time: 1h:41m:40s (0h:2m:26s left)
Iteration 1180 / LogL: -39875.425 / Time: 1h:42m:27s (0h:1m:42s left)
Iteration 1190 / LogL: -39870.755 / Time: 1h:43m:14s (0h:0m:57s left)
Iteration 1200 / LogL: -39884.890 / Time: 1h:44m:4s (0h:0m:13s left)
Log-likelihood cutoff on original alignment: -40159.020
NOTE: Bootstrap correlation coefficient of split occurrence frequencies: 0.921
NOTE: UFBoot does not converge, continue at least 100 more iterations
Estimate model parameters (epsilon = 0.100)
BETTER TREE FOUND at iteration 1208: -39856.934
Iteration 1210 / LogL: -39905.453 / Time: 1h:44m:54s (0h:7m:17s left)
Iteration 1220 / LogL: -39878.079 / Time: 1h:45m:41s (0h:6m:32s left)
Iteration 1230 / LogL: -39873.896 / Time: 1h:46m:27s (0h:5m:48s left)
Iteration 1240 / LogL: -39874.106 / Time: 1h:47m:15s (0h:5m:3s left)
Iteration 1250 / LogL: -39898.689 / Time: 1h:48m:0s (0h:4m:19s left)
Log-likelihood cutoff on original alignment: -40159.020
Iteration 1260 / LogL: -39910.575 / Time: 1h:48m:49s (0h:3m:34s left)
Iteration 1270 / LogL: -40002.086 / Time: 1h:49m:37s (0h:2m:49s left)
Iteration 1280 / LogL: -39879.052 / Time: 1h:50m:23s (0h:2m:5s left)
Iteration 1290 / LogL: -39898.286 / Time: 1h:51m:12s (0h:1m:20s left)
Iteration 1300 / LogL: -39884.256 / Time: 1h:52m:2s (0h:0m:35s left)
Log-likelihood cutoff on original alignment: -40159.020
NOTE: Bootstrap correlation coefficient of split occurrence frequencies: 0.918
NOTE: UFBoot does not converge, continue at least 100 more iterations
Iteration 1310 / LogL: -39884.193 / Time: 1h:52m:51s (0h:6m:43s left)
Iteration 1320 / LogL: -39936.947 / Time: 1h:53m:40s (0h:5m:59s left)
Iteration 1330 / LogL: -39902.929 / Time: 1h:54m:29s (0h:5m:14s left)
Iteration 1340 / LogL: -39922.804 / Time: 1h:55m:18s (0h:4m:29s left)
Iteration 1350 / LogL: -39896.682 / Time: 1h:56m:6s (0h:3m:44s left)
Log-likelihood cutoff on original alignment: -40159.020
Iteration 1360 / LogL: -39860.546 / Time: 1h:56m:55s (0h:2m:59s left)
Iteration 1370 / LogL: -39881.062 / Time: 1h:57m:41s (0h:2m:15s left)
Iteration 1380 / LogL: -39867.045 / Time: 1h:58m:30s (0h:1m:30s left)
Iteration 1390 / LogL: -39876.756 / Time: 1h:59m:19s (0h:0m:45s left)
Iteration 1400 / LogL: -39894.935 / Time: 2h:0m:3s (0h:0m:0s left)
Log-likelihood cutoff on original alignment: -40159.020
NOTE: Bootstrap correlation coefficient of split occurrence frequencies: 0.925
NOTE: UFBoot does not converge, continue at least 100 more iterations
Iteration 1410 / LogL: -39872.158 / Time: 2h:0m:53s (0h:6m:45s left)
Iteration 1420 / LogL: -39888.552 / Time: 2h:1m:41s (0h:6m:0s left)
Iteration 1430 / LogL: -39898.685 / Time: 2h:2m:31s (0h:5m:16s left)
Iteration 1440 / LogL: -39917.193 / Time: 2h:3m:17s (0h:4m:30s left)
Iteration 1450 / LogL: -39882.642 / Time: 2h:4m:3s (0h:3m:45s left)
Log-likelihood cutoff on original alignment: -40159.020
Iteration 1460 / LogL: -39866.988 / Time: 2h:4m:51s (0h:3m:0s left)
Iteration 1470 / LogL: -39892.997 / Time: 2h:5m:38s (0h:2m:15s left)
Iteration 1480 / LogL: -39878.001 / Time: 2h:6m:30s (0h:1m:30s left)
Iteration 1490 / LogL: -39879.841 / Time: 2h:7m:16s (0h:0m:45s left)
Iteration 1500 / LogL: -39928.111 / Time: 2h:8m:4s (0h:0m:0s left)
Log-likelihood cutoff on original alignment: -40159.020
NOTE: Bootstrap correlation coefficient of split occurrence frequencies: 0.937
NOTE: UFBoot does not converge, continue at least 100 more iterations
Iteration 1510 / LogL: -39897.206 / Time: 2h:8m:54s (0h:6m:47s left)
Iteration 1520 / LogL: -39947.279 / Time: 2h:9m:42s (0h:6m:2s left)
Iteration 1530 / LogL: -39909.951 / Time: 2h:10m:29s (0h:5m:17s left)
Iteration 1540 / LogL: -39880.156 / Time: 2h:11m:19s (0h:4m:32s left)
Estimate model parameters (epsilon = 0.100)
BETTER TREE FOUND at iteration 1549: -39856.254
Iteration 1550 / LogL: -39873.321 / Time: 2h:12m:8s (0h:7m:29s left)
Log-likelihood cutoff on original alignment: -40159.020
Iteration 1560 / LogL: -39861.130 / Time: 2h:12m:59s (0h:6m:44s left)
Iteration 1570 / LogL: -39887.919 / Time: 2h:13m:46s (0h:5m:58s left)
Iteration 1580 / LogL: -39892.638 / Time: 2h:14m:37s (0h:5m:13s left)
Iteration 1590 / LogL: -39914.349 / Time: 2h:15m:25s (0h:4m:28s left)
Iteration 1600 / LogL: -39918.848 / Time: 2h:16m:15s (0h:3m:42s left)
Log-likelihood cutoff on original alignment: -40159.020
NOTE: Bootstrap correlation coefficient of split occurrence frequencies: 0.959
NOTE: UFBoot does not converge, continue at least 100 more iterations
Iteration 1610 / LogL: -39946.335 / Time: 2h:17m:7s (0h:6m:49s left)
Iteration 1620 / LogL: -39872.583 / Time: 2h:17m:57s (0h:6m:4s left)
Iteration 1630 / LogL: -39867.608 / Time: 2h:18m:51s (0h:5m:19s left)
Iteration 1640 / LogL: -39917.690 / Time: 2h:19m:39s (0h:4m:33s left)
Iteration 1650 / LogL: -39865.086 / Time: 2h:20m:29s (0h:3m:48s left)
Log-likelihood cutoff on original alignment: -40159.020
Iteration 1660 / LogL: -39940.220 / Time: 2h:21m:20s (0h:3m:2s left)
Iteration 1670 / LogL: -39890.828 / Time: 2h:22m:13s (0h:2m:17s left)
Iteration 1680 / LogL: -39864.535 / Time: 2h:23m:2s (0h:1m:31s left)
Iteration 1690 / LogL: -39893.933 / Time: 2h:23m:53s (0h:0m:45s left)
Iteration 1700 / LogL: -39878.269 / Time: 2h:24m:42s (0h:0m:0s left)
Log-likelihood cutoff on original alignment: -40159.020
NOTE: Bootstrap correlation coefficient of split occurrence frequencies: 0.963
NOTE: UFBoot does not converge, continue at least 100 more iterations
Iteration 1710 / LogL: -39869.569 / Time: 2h:25m:33s (0h:6m:52s left)
Iteration 1720 / LogL: -39910.035 / Time: 2h:26m:22s (0h:6m:6s left)
Iteration 1730 / LogL: -39857.671 / Time: 2h:27m:12s (0h:5m:21s left)
Iteration 1740 / LogL: -39888.249 / Time: 2h:28m:0s (0h:4m:35s left)
Iteration 1750 / LogL: -39915.327 / Time: 2h:28m:48s (0h:3m:49s left)
Log-likelihood cutoff on original alignment: -40159.020
Iteration 1760 / LogL: -39871.220 / Time: 2h:29m:38s (0h:3m:3s left)
Iteration 1770 / LogL: -39924.570 / Time: 2h:30m:31s (0h:2m:17s left)
Iteration 1780 / LogL: -39864.701 / Time: 2h:31m:23s (0h:1m:31s left)
Iteration 1790 / LogL: -39923.861 / Time: 2h:32m:14s (0h:0m:46s left)
Iteration 1800 / LogL: -39890.921 / Time: 2h:33m:2s (0h:0m:0s left)
Log-likelihood cutoff on original alignment: -40159.020
NOTE: Bootstrap correlation coefficient of split occurrence frequencies: 0.971
NOTE: UFBoot does not converge, continue at least 100 more iterations
Iteration 1810 / LogL: -39932.396 / Time: 2h:33m:51s (0h:6m:54s left)
Iteration 1820 / LogL: -39920.297 / Time: 2h:34m:41s (0h:6m:8s left)
Iteration 1830 / LogL: -39876.231 / Time: 2h:35m:34s (0h:5m:22s left)
Iteration 1840 / LogL: -39887.023 / Time: 2h:36m:26s (0h:4m:36s left)
Iteration 1850 / LogL: -39869.768 / Time: 2h:37m:18s (0h:3m:50s left)
Log-likelihood cutoff on original alignment: -40159.020
Iteration 1860 / LogL: -39863.756 / Time: 2h:38m:10s (0h:3m:4s left)
Iteration 1870 / LogL: -39859.114 / Time: 2h:38m:57s (0h:2m:18s left)
Iteration 1880 / LogL: -39911.821 / Time: 2h:39m:48s (0h:1m:32s left)
Iteration 1890 / LogL: -39856.891 / Time: 2h:40m:37s (0h:0m:46s left)
Iteration 1900 / LogL: -39885.715 / Time: 2h:41m:28s (0h:0m:0s left)
Log-likelihood cutoff on original alignment: -40159.020
NOTE: Bootstrap correlation coefficient of split occurrence frequencies: 0.978
NOTE: UFBoot does not converge, continue at least 100 more iterations
Iteration 1910 / LogL: -39890.593 / Time: 2h:42m:17s (0h:6m:56s left)
Iteration 1920 / LogL: -39864.987 / Time: 2h:43m:7s (0h:6m:10s left)
Iteration 1930 / LogL: -39901.784 / Time: 2h:43m:59s (0h:5m:24s left)
Estimate model parameters (epsilon = 0.100)
BETTER TREE FOUND at iteration 1935: -39856.075
Iteration 1940 / LogL: -39875.444 / Time: 2h:44m:49s (0h:7m:20s left)
Iteration 1950 / LogL: -39885.643 / Time: 2h:45m:41s (0h:6m:34s left)
Log-likelihood cutoff on original alignment: -40159.020
Iteration 1960 / LogL: -39893.188 / Time: 2h:46m:31s (0h:5m:48s left)
Iteration 1970 / LogL: -39930.682 / Time: 2h:47m:23s (0h:5m:1s left)
Iteration 1980 / LogL: -39857.531 / Time: 2h:48m:12s (0h:4m:15s left)
Iteration 1990 / LogL: -39873.435 / Time: 2h:49m:3s (0h:3m:29s left)
Iteration 2000 / LogL: -39865.759 / Time: 2h:49m:53s (0h:2m:42s left)
Log-likelihood cutoff on original alignment: -40159.020
NOTE: Bootstrap correlation coefficient of split occurrence frequencies: 0.983
NOTE: UFBoot does not converge, continue at least 100 more iterations
Iteration 2010 / LogL: -39910.703 / Time: 2h:50m:47s (0h:6m:58s left)
Iteration 2020 / LogL: -39877.668 / Time: 2h:51m:41s (0h:6m:12s left)
Iteration 2030 / LogL: -39878.362 / Time: 2h:52m:31s (0h:5m:26s left)
Iteration 2040 / LogL: -39882.502 / Time: 2h:53m:24s (0h:4m:39s left)
Iteration 2050 / LogL: -39871.742 / Time: 2h:54m:17s (0h:3m:53s left)
Log-likelihood cutoff on original alignment: -40159.020
Estimate model parameters (epsilon = 0.100)
BETTER TREE FOUND at iteration 2053: -39854.240
Iteration 2060 / LogL: -39880.859 / Time: 2h:55m:11s (0h:7m:14s left)
Iteration 2070 / LogL: -39889.622 / Time: 2h:56m:3s (0h:6m:27s left)
Iteration 2080 / LogL: -39868.814 / Time: 2h:56m:53s (0h:5m:41s left)
Iteration 2090 / LogL: -39929.254 / Time: 2h:57m:44s (0h:4m:54s left)
Iteration 2100 / LogL: -39913.192 / Time: 2h:58m:37s (0h:4m:7s left)
Log-likelihood cutoff on original alignment: -40159.020
NOTE: Bootstrap correlation coefficient of split occurrence frequencies: 0.984
NOTE: UFBoot does not converge, continue at least 100 more iterations
Iteration 2110 / LogL: -39899.219 / Time: 2h:59m:35s (0h:7m:1s left)
Iteration 2120 / LogL: -39892.615 / Time: 3h:0m:26s (0h:6m:14s left)
Iteration 2130 / LogL: -39889.095 / Time: 3h:1m:16s (0h:5m:28s left)
Iteration 2140 / LogL: -39856.509 / Time: 3h:2m:9s (0h:4m:41s left)
Iteration 2150 / LogL: -39867.852 / Time: 3h:3m:0s (0h:3m:54s left)
Log-likelihood cutoff on original alignment: -40159.020
Estimate model parameters (epsilon = 0.100)
BETTER TREE FOUND at iteration 2159: -39853.910
Iteration 2160 / LogL: -39872.245 / Time: 3h:3m:53s (0h:7m:44s left)
Iteration 2170 / LogL: -39901.248 / Time: 3h:4m:47s (0h:6m:57s left)
Iteration 2180 / LogL: -39912.246 / Time: 3h:5m:39s (0h:6m:11s left)
Iteration 2190 / LogL: -39903.727 / Time: 3h:6m:30s (0h:5m:24s left)
Iteration 2200 / LogL: -39870.720 / Time: 3h:7m:24s (0h:4m:37s left)
Log-likelihood cutoff on original alignment: -40159.020
NOTE: Bootstrap correlation coefficient of split occurrence frequencies: 0.986
NOTE: UFBoot does not converge, continue at least 100 more iterations
Iteration 2210 / LogL: -39865.939 / Time: 3h:8m:18s (0h:7m:3s left)
Iteration 2220 / LogL: -39889.131 / Time: 3h:9m:11s (0h:6m:16s left)
Estimate model parameters (epsilon = 0.100)
BETTER TREE FOUND at iteration 2223: -39850.831
Iteration 2230 / LogL: -39871.162 / Time: 3h:10m:6s (0h:7m:18s left)
Iteration 2240 / LogL: -39865.387 / Time: 3h:10m:59s (0h:6m:31s left)
Iteration 2250 / LogL: -39868.419 / Time: 3h:11m:52s (0h:5m:44s left)
Log-likelihood cutoff on original alignment: -40159.020
Iteration 2260 / LogL: -39886.986 / Time: 3h:12m:48s (0h:4m:57s left)
Iteration 2270 / LogL: -39883.434 / Time: 3h:13m:43s (0h:4m:10s left)
Iteration 2280 / LogL: -39859.629 / Time: 3h:14m:35s (0h:3m:23s left)
Iteration 2290 / LogL: -39892.987 / Time: 3h:15m:27s (0h:2m:36s left)
Iteration 2300 / LogL: -39879.177 / Time: 3h:16m:20s (0h:1m:48s left)
Log-likelihood cutoff on original alignment: -40159.020
NOTE: Bootstrap correlation coefficient of split occurrence frequencies: 0.984
NOTE: UFBoot does not converge, continue at least 100 more iterations
Iteration 2310 / LogL: -39887.580 / Time: 3h:17m:14s (0h:7m:6s left)
Iteration 2320 / LogL: -39881.326 / Time: 3h:18m:6s (0h:6m:18s left)
Iteration 2330 / LogL: -39925.760 / Time: 3h:18m:59s (0h:5m:31s left)
Iteration 2340 / LogL: -39866.967 / Time: 3h:19m:51s (0h:4m:44s left)
Iteration 2350 / LogL: -39856.148 / Time: 3h:20m:44s (0h:3m:57s left)
Log-likelihood cutoff on original alignment: -40159.020
Iteration 2360 / LogL: -39907.776 / Time: 3h:21m:39s (0h:3m:9s left)
Iteration 2370 / LogL: -39913.232 / Time: 3h:22m:35s (0h:2m:22s left)
Iteration 2380 / LogL: -39888.865 / Time: 3h:23m:29s (0h:1m:35s left)
Iteration 2390 / LogL: -39874.110 / Time: 3h:24m:25s (0h:0m:47s left)
Iteration 2400 / LogL: -39878.107 / Time: 3h:25m:17s (0h:0m:0s left)
Log-likelihood cutoff on original alignment: -40159.020
NOTE: Bootstrap correlation coefficient of split occurrence frequencies: 0.983
NOTE: UFBoot does not converge, continue at least 100 more iterations
Iteration 2410 / LogL: -39870.962 / Time: 3h:26m:15s (0h:7m:8s left)
Iteration 2420 / LogL: -39977.053 / Time: 3h:27m:10s (0h:6m:21s left)
Iteration 2430 / LogL: -39863.059 / Time: 3h:28m:3s (0h:5m:33s left)
Iteration 2440 / LogL: -39915.928 / Time: 3h:28m:58s (0h:4m:46s left)
Iteration 2450 / LogL: -39888.583 / Time: 3h:29m:50s (0h:3m:58s left)
Log-likelihood cutoff on original alignment: -40159.020
Iteration 2460 / LogL: -39902.252 / Time: 3h:30m:45s (0h:3m:11s left)
Iteration 2470 / LogL: -39859.703 / Time: 3h:31m:34s (0h:2m:23s left)
Iteration 2480 / LogL: -39893.522 / Time: 3h:32m:30s (0h:1m:35s left)
Iteration 2490 / LogL: -39865.637 / Time: 3h:33m:23s (0h:0m:47s left)
Iteration 2500 / LogL: -39884.239 / Time: 3h:34m:20s (0h:0m:0s left)
Log-likelihood cutoff on original alignment: -40159.020
NOTE: Bootstrap correlation coefficient of split occurrence frequencies: 0.980
NOTE: UFBoot does not converge, continue at least 100 more iterations
Iteration 2510 / LogL: -39874.447 / Time: 3h:35m:15s (0h:7m:10s left)
Iteration 2520 / LogL: -39872.723 / Time: 3h:36m:13s (0h:6m:23s left)
Iteration 2530 / LogL: -39857.177 / Time: 3h:37m:5s (0h:5m:35s left)
Iteration 2540 / LogL: -39859.487 / Time: 3h:38m:0s (0h:4m:47s left)
Iteration 2550 / LogL: -39884.853 / Time: 3h:38m:54s (0h:3m:59s left)
Log-likelihood cutoff on original alignment: -40159.020
Iteration 2560 / LogL: -39856.287 / Time: 3h:39m:51s (0h:3m:12s left)
Iteration 2570 / LogL: -39957.728 / Time: 3h:40m:44s (0h:2m:24s left)
Iteration 2580 / LogL: -39869.999 / Time: 3h:41m:38s (0h:1m:36s left)
Iteration 2590 / LogL: -39878.615 / Time: 3h:42m:33s (0h:0m:48s left)
Iteration 2600 / LogL: -39864.267 / Time: 3h:43m:29s (0h:0m:0s left)
Log-likelihood cutoff on original alignment: -40159.020
NOTE: Bootstrap correlation coefficient of split occurrence frequencies: 0.980
NOTE: UFBoot does not converge, continue at least 100 more iterations
Iteration 2610 / LogL: -39867.842 / Time: 3h:44m:26s (0h:7m:13s left)
Iteration 2620 / LogL: -39868.637 / Time: 3h:45m:23s (0h:6m:25s left)
Iteration 2630 / LogL: -39956.062 / Time: 3h:46m:20s (0h:5m:37s left)
Iteration 2640 / LogL: -39919.797 / Time: 3h:47m:15s (0h:4m:49s left)
Iteration 2650 / LogL: -39870.903 / Time: 3h:48m:6s (0h:4m:1s left)
Log-likelihood cutoff on original alignment: -40159.020
Iteration 2660 / LogL: -39875.360 / Time: 3h:48m:59s (0h:3m:13s left)
Iteration 2670 / LogL: -39891.394 / Time: 3h:49m:55s (0h:2m:24s left)
Iteration 2680 / LogL: -39893.463 / Time: 3h:50m:52s (0h:1m:36s left)
Iteration 2690 / LogL: -39871.370 / Time: 3h:51m:49s (0h:0m:48s left)
Iteration 2700 / LogL: -39891.787 / Time: 3h:52m:45s (0h:0m:0s left)
Log-likelihood cutoff on original alignment: -40159.020
NOTE: Bootstrap correlation coefficient of split occurrence frequencies: 0.978
NOTE: UFBoot does not converge, continue at least 100 more iterations
Iteration 2710 / LogL: -39922.636 / Time: 3h:53m:40s (0h:7m:15s left)
Iteration 2720 / LogL: -39884.305 / Time: 3h:54m:35s (0h:6m:27s left)
Iteration 2730 / LogL: -39853.851 / Time: 3h:55m:32s (0h:5m:39s left)
Iteration 2740 / LogL: -39904.421 / Time: 3h:56m:30s (0h:4m:51s left)
Iteration 2750 / LogL: -39855.313 / Time: 3h:57m:23s (0h:4m:2s left)
Log-likelihood cutoff on original alignment: -40159.020
Iteration 2760 / LogL: -39930.543 / Time: 3h:58m:22s (0h:3m:14s left)
Iteration 2770 / LogL: -39907.118 / Time: 3h:59m:18s (0h:2m:25s left)
Iteration 2780 / LogL: -39915.055 / Time: 4h:0m:13s (0h:1m:37s left)
Iteration 2790 / LogL: -39897.594 / Time: 4h:1m:9s (0h:0m:48s left)
Iteration 2800 / LogL: -39911.274 / Time: 4h:2m:8s (0h:0m:0s left)
Log-likelihood cutoff on original alignment: -40159.020
NOTE: Bootstrap correlation coefficient of split occurrence frequencies: 0.977
NOTE: UFBoot does not converge, continue at least 100 more iterations
Iteration 2810 / LogL: -39877.970 / Time: 4h:3m:3s (0h:7m:18s left)
Iteration 2820 / LogL: -39926.330 / Time: 4h:4m:1s (0h:6m:29s left)
Iteration 2830 / LogL: -39854.832 / Time: 4h:4m:58s (0h:5m:41s left)
Iteration 2840 / LogL: -39908.584 / Time: 4h:5m:54s (0h:4m:52s left)
Iteration 2850 / LogL: -39857.628 / Time: 4h:6m:50s (0h:4m:4s left)
Log-likelihood cutoff on original alignment: -40159.020
Iteration 2860 / LogL: -39899.307 / Time: 4h:7m:47s (0h:3m:15s left)
Iteration 2870 / LogL: -39947.167 / Time: 4h:8m:43s (0h:2m:26s left)
Iteration 2880 / LogL: -39865.738 / Time: 4h:9m:37s (0h:1m:37s left)
Iteration 2890 / LogL: -39912.907 / Time: 4h:10m:33s (0h:0m:48s left)
Iteration 2900 / LogL: -39858.757 / Time: 4h:11m:33s (0h:0m:0s left)
Log-likelihood cutoff on original alignment: -40159.020
NOTE: Bootstrap correlation coefficient of split occurrence frequencies: 0.975
NOTE: UFBoot does not converge, continue at least 100 more iterations
Iteration 2910 / LogL: -39872.132 / Time: 4h:12m:30s (0h:7m:20s left)
Iteration 2920 / LogL: -39872.475 / Time: 4h:13m:28s (0h:6m:32s left)
Iteration 2930 / LogL: -39873.770 / Time: 4h:14m:27s (0h:5m:43s left)
Iteration 2940 / LogL: -39885.230 / Time: 4h:15m:23s (0h:4m:54s left)
Iteration 2950 / LogL: -39868.408 / Time: 4h:16m:19s (0h:4m:5s left)
Log-likelihood cutoff on original alignment: -40159.020
Iteration 2960 / LogL: -39872.522 / Time: 4h:17m:18s (0h:3m:16s left)
Iteration 2970 / LogL: -39876.246 / Time: 4h:18m:16s (0h:2m:27s left)
Iteration 2980 / LogL: -39872.089 / Time: 4h:19m:11s (0h:1m:38s left)
Iteration 2990 / LogL: -39904.152 / Time: 4h:20m:8s (0h:0m:49s left)
Iteration 3000 / LogL: -39878.632 / Time: 4h:21m:4s (0h:0m:0s left)
Log-likelihood cutoff on original alignment: -40159.020
NOTE: Bootstrap correlation coefficient of split occurrence frequencies: 0.974
NOTE: UFBoot does not converge, continue at least 100 more iterations
Iteration 3010 / LogL: -39874.449 / Time: 4h:22m:4s (0h:7m:23s left)
Iteration 3020 / LogL: -39858.203 / Time: 4h:23m:0s (0h:6m:34s left)
Iteration 3030 / LogL: -39879.792 / Time: 4h:23m:57s (0h:5m:45s left)
Iteration 3040 / LogL: -39892.846 / Time: 4h:24m:55s (0h:4m:56s left)
Iteration 3050 / LogL: -39868.947 / Time: 4h:25m:52s (0h:4m:6s left)
Log-likelihood cutoff on original alignment: -40159.020
Iteration 3060 / LogL: -39898.313 / Time: 4h:26m:52s (0h:3m:17s left)
Iteration 3070 / LogL: -39908.270 / Time: 4h:27m:50s (0h:2m:28s left)
Iteration 3080 / LogL: -39858.278 / Time: 4h:28m:50s (0h:1m:38s left)
Iteration 3090 / LogL: -39923.230 / Time: 4h:29m:48s (0h:0m:49s left)
Iteration 3100 / LogL: -39855.045 / Time: 4h:30m:49s (0h:0m:0s left)
Log-likelihood cutoff on original alignment: -40159.020
NOTE: Bootstrap correlation coefficient of split occurrence frequencies: 0.974
NOTE: UFBoot does not converge, continue at least 100 more iterations
Iteration 3110 / LogL: -39890.065 / Time: 4h:31m:48s (0h:7m:26s left)
Iteration 3120 / LogL: -39994.165 / Time: 4h:32m:47s (0h:6m:36s left)
Iteration 3130 / LogL: -39894.212 / Time: 4h:33m:44s (0h:5m:47s left)
Iteration 3140 / LogL: -39897.573 / Time: 4h:34m:42s (0h:4m:57s left)
Iteration 3150 / LogL: -39892.351 / Time: 4h:35m:39s (0h:4m:8s left)
Log-likelihood cutoff on original alignment: -40159.020
Iteration 3160 / LogL: -39864.829 / Time: 4h:36m:40s (0h:3m:18s left)
Estimate model parameters (epsilon = 0.100)
BETTER TREE FOUND at iteration 3166: -39850.303
Iteration 3170 / LogL: -39864.363 / Time: 4h:37m:43s (0h:7m:57s left)
Iteration 3180 / LogL: -39859.141 / Time: 4h:38m:42s (0h:7m:8s left)
Iteration 3190 / LogL: -39881.014 / Time: 4h:39m:40s (0h:6m:18s left)
Iteration 3200 / LogL: -39870.216 / Time: 4h:40m:41s (0h:5m:28s left)
Log-likelihood cutoff on original alignment: -40150.682
NOTE: Bootstrap correlation coefficient of split occurrence frequencies: 0.973
NOTE: UFBoot does not converge, continue at least 100 more iterations
Iteration 3210 / LogL: -39868.209 / Time: 4h:41m:41s (0h:7m:28s left)
Iteration 3220 / LogL: -39905.007 / Time: 4h:42m:43s (0h:6m:39s left)
Iteration 3230 / LogL: -39854.375 / Time: 4h:43m:45s (0h:5m:49s left)
Iteration 3240 / LogL: -39866.136 / Time: 4h:44m:44s (0h:4m:59s left)
Iteration 3250 / LogL: -39854.664 / Time: 4h:45m:43s (0h:4m:9s left)
Log-likelihood cutoff on original alignment: -40150.682
Iteration 3260 / LogL: -39857.605 / Time: 4h:46m:45s (0h:3m:20s left)
Iteration 3270 / LogL: -39864.277 / Time: 4h:47m:45s (0h:2m:30s left)
Iteration 3280 / LogL: -39876.650 / Time: 4h:48m:45s (0h:1m:40s left)
Iteration 3290 / LogL: -39861.619 / Time: 4h:49m:47s (0h:0m:50s left)
Estimate model parameters (epsilon = 0.100)
BETTER TREE FOUND at iteration 3294: -39848.071
Iteration 3300 / LogL: -39862.390 / Time: 4h:50m:46s (0h:7m:51s left)
Log-likelihood cutoff on original alignment: -40150.682
NOTE: Bootstrap correlation coefficient of split occurrence frequencies: 0.973
NOTE: UFBoot does not converge, continue at least 100 more iterations
Iteration 3310 / LogL: -39861.691 / Time: 4h:51m:46s (0h:7m:31s left)
Iteration 3320 / LogL: -39891.585 / Time: 4h:52m:46s (0h:6m:41s left)
Iteration 3330 / LogL: -39871.169 / Time: 4h:53m:46s (0h:5m:51s left)
Iteration 3340 / LogL: -39854.753 / Time: 4h:54m:44s (0h:5m:1s left)
Iteration 3350 / LogL: -39904.130 / Time: 4h:55m:46s (0h:4m:11s left)
Log-likelihood cutoff on original alignment: -40150.682
Iteration 3360 / LogL: -39884.290 / Time: 4h:56m:48s (0h:3m:21s left)
Iteration 3370 / LogL: -39864.850 / Time: 4h:57m:49s (0h:2m:31s left)
Iteration 3380 / LogL: -39865.355 / Time: 4h:58m:48s (0h:1m:40s left)
Iteration 3390 / LogL: -39874.654 / Time: 4h:59m:48s (0h:0m:50s left)
Iteration 3400 / LogL: -39862.313 / Time: 5h:0m:50s (0h:0m:0s left)
Log-likelihood cutoff on original alignment: -40150.682
NOTE: Bootstrap correlation coefficient of split occurrence frequencies: 0.971
NOTE: UFBoot does not converge, continue at least 100 more iterations
Iteration 3410 / LogL: -39883.484 / Time: 5h:1m:50s (0h:7m:34s left)
Estimate model parameters (epsilon = 0.100)
BETTER TREE FOUND at iteration 3411: -39842.113
Iteration 3420 / LogL: -39869.870 / Time: 5h:2m:55s (0h:7m:39s left)
Iteration 3430 / LogL: -39887.134 / Time: 5h:3m:57s (0h:6m:49s left)
Iteration 3440 / LogL: -39854.597 / Time: 5h:4m:55s (0h:5m:59s left)
Iteration 3450 / LogL: -39957.262 / Time: 5h:5m:56s (0h:5m:8s left)
Log-likelihood cutoff on original alignment: -40150.682
Iteration 3460 / LogL: -39954.892 / Time: 5h:6m:59s (0h:4m:18s left)
Iteration 3470 / LogL: -39870.780 / Time: 5h:7m:57s (0h:3m:27s left)
Iteration 3480 / LogL: -40006.082 / Time: 5h:9m:1s (0h:2m:37s left)
Iteration 3490 / LogL: -39859.340 / Time: 5h:10m:2s (0h:1m:46s left)
Iteration 3500 / LogL: -39859.540 / Time: 5h:11m:3s (0h:0m:55s left)
Log-likelihood cutoff on original alignment: -40150.682
NOTE: Bootstrap correlation coefficient of split occurrence frequencies: 0.965
NOTE: UFBoot does not converge, continue at least 100 more iterations
Iteration 3510 / LogL: -39859.207 / Time: 5h:12m:6s (0h:7m:37s left)
Iteration 3520 / LogL: -39878.409 / Time: 5h:13m:7s (0h:6m:46s left)
Iteration 3530 / LogL: -39868.348 / Time: 5h:14m:9s (0h:5m:56s left)
Estimate model parameters (epsilon = 0.100)
BETTER TREE FOUND at iteration 3532: -39841.540
Iteration 3540 / LogL: -39892.203 / Time: 5h:15m:12s (0h:7m:48s left)
Iteration 3550 / LogL: -39868.825 / Time: 5h:16m:17s (0h:6m:57s left)
Log-likelihood cutoff on original alignment: -40150.682
Iteration 3560 / LogL: -39864.752 / Time: 5h:17m:20s (0h:6m:6s left)
Iteration 3570 / LogL: -39869.141 / Time: 5h:18m:21s (0h:5m:16s left)
Iteration 3580 / LogL: -39866.117 / Time: 5h:19m:24s (0h:4m:25s left)
Iteration 3590 / LogL: -39865.774 / Time: 5h:20m:26s (0h:3m:34s left)
Iteration 3600 / LogL: -39848.693 / Time: 5h:21m:25s (0h:2m:43s left)
Log-likelihood cutoff on original alignment: -40150.682
NOTE: Bootstrap correlation coefficient of split occurrence frequencies: 0.957
NOTE: UFBoot does not converge, continue at least 100 more iterations
Iteration 3610 / LogL: -39931.502 / Time: 5h:22m:30s (0h:7m:40s left)
Estimate model parameters (epsilon = 0.100)
BETTER TREE FOUND at iteration 3613: -39840.605
Iteration 3620 / LogL: -39873.626 / Time: 5h:23m:36s (0h:7m:55s left)
Iteration 3630 / LogL: -39876.414 / Time: 5h:24m:39s (0h:7m:4s left)
Iteration 3640 / LogL: -39869.205 / Time: 5h:25m:40s (0h:6m:13s left)
Iteration 3650 / LogL: -39867.736 / Time: 5h:26m:44s (0h:5m:22s left)
Log-likelihood cutoff on original alignment: -40150.682
Iteration 3660 / LogL: -39845.980 / Time: 5h:27m:48s (0h:4m:31s left)
Iteration 3670 / LogL: -39878.640 / Time: 5h:28m:53s (0h:3m:40s left)
Iteration 3680 / LogL: -39877.436 / Time: 5h:29m:57s (0h:2m:49s left)
Iteration 3690 / LogL: -39851.721 / Time: 5h:30m:59s (0h:1m:58s left)
Iteration 3700 / LogL: -39856.332 / Time: 5h:32m:6s (0h:1m:6s left)
Log-likelihood cutoff on original alignment: -40150.682
NOTE: Bootstrap correlation coefficient of split occurrence frequencies: 0.952
NOTE: UFBoot does not converge, continue at least 100 more iterations
Iteration 3710 / LogL: -39922.069 / Time: 5h:33m:11s (0h:7m:43s left)
Iteration 3720 / LogL: -39911.912 / Time: 5h:34m:14s (0h:6m:52s left)
Iteration 3730 / LogL: -39851.806 / Time: 5h:35m:17s (0h:6m:0s left)
Iteration 3740 / LogL: -39845.677 / Time: 5h:36m:19s (0h:5m:9s left)
Iteration 3750 / LogL: -39900.532 / Time: 5h:37m:22s (0h:4m:17s left)
Log-likelihood cutoff on original alignment: -40150.682
Iteration 3760 / LogL: -39909.937 / Time: 5h:38m:26s (0h:3m:26s left)
Iteration 3770 / LogL: -39927.701 / Time: 5h:39m:30s (0h:2m:34s left)
Iteration 3780 / LogL: -39898.656 / Time: 5h:40m:34s (0h:1m:43s left)
Iteration 3790 / LogL: -39883.353 / Time: 5h:41m:36s (0h:0m:51s left)
Iteration 3800 / LogL: -39874.445 / Time: 5h:42m:41s (0h:0m:0s left)
Log-likelihood cutoff on original alignment: -40150.682
NOTE: Bootstrap correlation coefficient of split occurrence frequencies: 0.948
NOTE: UFBoot does not converge, continue at least 100 more iterations
Iteration 3810 / LogL: -39845.639 / Time: 5h:43m:47s (0h:7m:46s left)
Iteration 3820 / LogL: -39867.335 / Time: 5h:44m:51s (0h:6m:54s left)
Iteration 3830 / LogL: -39876.344 / Time: 5h:45m:54s (0h:6m:2s left)
Iteration 3840 / LogL: -39890.962 / Time: 5h:46m:56s (0h:5m:11s left)
Iteration 3850 / LogL: -39920.057 / Time: 5h:48m:1s (0h:4m:19s left)
Log-likelihood cutoff on original alignment: -40150.682
Iteration 3860 / LogL: -39856.048 / Time: 5h:49m:5s (0h:3m:27s left)
Iteration 3870 / LogL: -39882.578 / Time: 5h:50m:10s (0h:2m:35s left)
Iteration 3880 / LogL: -39911.204 / Time: 5h:51m:13s (0h:1m:44s left)
Iteration 3890 / LogL: -39878.226 / Time: 5h:52m:14s (0h:0m:52s left)
Iteration 3900 / LogL: -39853.758 / Time: 5h:53m:17s (0h:0m:0s left)
Log-likelihood cutoff on original alignment: -40150.682
NOTE: Bootstrap correlation coefficient of split occurrence frequencies: 0.943
NOTE: UFBoot does not converge, continue at least 100 more iterations
Estimate model parameters (epsilon = 0.100)
BETTER TREE FOUND at iteration 3905: -39837.971
Iteration 3910 / LogL: -39846.241 / Time: 5h:54m:24s (0h:8m:14s left)
Iteration 3920 / LogL: -39900.209 / Time: 5h:55m:29s (0h:7m:23s left)
Iteration 3930 / LogL: -39854.290 / Time: 5h:56m:34s (0h:6m:31s left)
Iteration 3940 / LogL: -39872.828 / Time: 5h:57m:39s (0h:5m:39s left)
Iteration 3950 / LogL: -39851.623 / Time: 5h:58m:42s (0h:4m:47s left)
Log-likelihood cutoff on original alignment: -40150.682
Iteration 3960 / LogL: -39882.265 / Time: 5h:59m:46s (0h:3m:55s left)
Iteration 3970 / LogL: -39998.482 / Time: 6h:0m:51s (0h:3m:2s left)
Iteration 3980 / LogL: -39861.820 / Time: 6h:1m:56s (0h:2m:10s left)
Iteration 3990 / LogL: -39857.209 / Time: 6h:3m:0s (0h:1m:18s left)
Iteration 4000 / LogL: -39860.196 / Time: 6h:4m:7s (0h:0m:26s left)
Log-likelihood cutoff on original alignment: -40150.682
NOTE: Bootstrap correlation coefficient of split occurrence frequencies: 0.941
NOTE: UFBoot does not converge, continue at least 100 more iterations
Iteration 4010 / LogL: -39894.765 / Time: 6h:5m:10s (0h:7m:51s left)
Iteration 4020 / LogL: -39847.049 / Time: 6h:6m:12s (0h:6m:59s left)
Iteration 4030 / LogL: -39864.767 / Time: 6h:7m:14s (0h:6m:7s left)
Iteration 4040 / LogL: -39857.555 / Time: 6h:8m:22s (0h:5m:14s left)
Iteration 4050 / LogL: -39838.587 / Time: 6h:9m:25s (0h:4m:22s left)
Log-likelihood cutoff on original alignment: -40150.682
Iteration 4060 / LogL: -39857.662 / Time: 6h:10m:31s (0h:3m:30s left)
Iteration 4070 / LogL: -39853.087 / Time: 6h:11m:37s (0h:2m:37s left)
Iteration 4080 / LogL: -39968.888 / Time: 6h:12m:43s (0h:1m:45s left)
Iteration 4090 / LogL: -39924.421 / Time: 6h:13m:46s (0h:0m:52s left)
Iteration 4100 / LogL: -39846.061 / Time: 6h:14m:51s (0h:0m:0s left)
Log-likelihood cutoff on original alignment: -40138.067
NOTE: Bootstrap correlation coefficient of split occurrence frequencies: 0.939
NOTE: UFBoot does not converge, continue at least 100 more iterations
Iteration 4110 / LogL: -39887.407 / Time: 6h:15m:57s (0h:7m:54s left)
Iteration 4120 / LogL: -39866.659 / Time: 6h:17m:2s (0h:7m:1s left)
Iteration 4130 / LogL: -39866.770 / Time: 6h:18m:6s (0h:6m:9s left)
Iteration 4140 / LogL: -39952.765 / Time: 6h:19m:12s (0h:5m:16s left)
Iteration 4150 / LogL: -39843.557 / Time: 6h:20m:16s (0h:4m:24s left)
Log-likelihood cutoff on original alignment: -40138.067
Iteration 4160 / LogL: -39849.620 / Time: 6h:21m:22s (0h:3m:31s left)
Iteration 4170 / LogL: -39887.135 / Time: 6h:22m:26s (0h:2m:38s left)
Iteration 4180 / LogL: -39906.957 / Time: 6h:23m:33s (0h:1m:45s left)
Iteration 4190 / LogL: -39891.525 / Time: 6h:24m:38s (0h:0m:52s left)
Iteration 4200 / LogL: -39855.459 / Time: 6h:25m:43s (0h:0m:0s left)
Log-likelihood cutoff on original alignment: -40138.067
NOTE: Bootstrap correlation coefficient of split occurrence frequencies: 0.940
NOTE: UFBoot does not converge, continue at least 100 more iterations
Iteration 4210 / LogL: -39882.482 / Time: 6h:26m:53s (0h:7m:57s left)
Iteration 4220 / LogL: -39852.265 / Time: 6h:27m:59s (0h:7m:4s left)
Iteration 4230 / LogL: -39850.612 / Time: 6h:29m:8s (0h:6m:11s left)
Iteration 4240 / LogL: -39857.105 / Time: 6h:30m:14s (0h:5m:18s left)
Iteration 4250 / LogL: -39867.157 / Time: 6h:31m:16s (0h:4m:25s left)
Log-likelihood cutoff on original alignment: -40138.067
Iteration 4260 / LogL: -39863.028 / Time: 6h:32m:22s (0h:3m:32s left)
Iteration 4270 / LogL: -39866.127 / Time: 6h:33m:30s (0h:2m:39s left)
Iteration 4280 / LogL: -39858.772 / Time: 6h:34m:40s (0h:1m:46s left)
Iteration 4290 / LogL: -39915.758 / Time: 6h:35m:46s (0h:0m:53s left)
Iteration 4300 / LogL: -39851.508 / Time: 6h:36m:49s (0h:0m:0s left)
Log-likelihood cutoff on original alignment: -40138.067
NOTE: Bootstrap correlation coefficient of split occurrence frequencies: 0.940
NOTE: UFBoot does not converge, continue at least 100 more iterations
Iteration 4310 / LogL: -39856.565 / Time: 6h:37m:56s (0h:7m:59s left)
Iteration 4320 / LogL: -39882.074 / Time: 6h:39m:0s (0h:7m:6s left)
Iteration 4330 / LogL: -39893.721 / Time: 6h:40m:5s (0h:6m:13s left)
Estimate model parameters (epsilon = 0.100)
BETTER TREE FOUND at iteration 4332: -39835.834
Iteration 4340 / LogL: -39862.132 / Time: 6h:41m:12s (0h:8m:11s left)
Iteration 4350 / LogL: -39862.512 / Time: 6h:42m:17s (0h:7m:18s left)
Log-likelihood cutoff on original alignment: -40138.067
Iteration 4360 / LogL: -39861.120 / Time: 6h:43m:23s (0h:6m:24s left)
Iteration 4370 / LogL: -39847.425 / Time: 6h:44m:29s (0h:5m:31s left)
Iteration 4380 / LogL: -39918.624 / Time: 6h:45m:35s (0h:4m:38s left)
Iteration 4390 / LogL: -39860.237 / Time: 6h:46m:39s (0h:3m:44s left)
Iteration 4400 / LogL: -39870.365 / Time: 6h:47m:43s (0h:2m:51s left)
Log-likelihood cutoff on original alignment: -40138.067
NOTE: Bootstrap correlation coefficient of split occurrence frequencies: 0.939
NOTE: UFBoot does not converge, continue at least 100 more iterations
Iteration 4410 / LogL: -39900.898 / Time: 6h:48m:49s (0h:8m:2s left)
Iteration 4420 / LogL: -39848.387 / Time: 6h:49m:55s (0h:7m:8s left)
Iteration 4430 / LogL: -39872.618 / Time: 6h:51m:0s (0h:6m:15s left)
Iteration 4440 / LogL: -39837.828 / Time: 6h:52m:3s (0h:5m:21s left)
Iteration 4450 / LogL: -39873.939 / Time: 6h:53m:12s (0h:4m:28s left)
Log-likelihood cutoff on original alignment: -40138.067
Iteration 4460 / LogL: -39839.959 / Time: 6h:54m:19s (0h:3m:34s left)
Iteration 4470 / LogL: -39904.148 / Time: 6h:55m:24s (0h:2m:41s left)
Iteration 4480 / LogL: -39841.874 / Time: 6h:56m:29s (0h:1m:47s left)
Iteration 4490 / LogL: -39863.701 / Time: 6h:57m:34s (0h:0m:53s left)
Iteration 4500 / LogL: -39851.170 / Time: 6h:58m:40s (0h:0m:0s left)
Log-likelihood cutoff on original alignment: -40138.067
NOTE: Bootstrap correlation coefficient of split occurrence frequencies: 0.942
NOTE: UFBoot does not converge, continue at least 100 more iterations
Iteration 4510 / LogL: -39918.574 / Time: 6h:59m:46s (0h:8m:4s left)
Iteration 4520 / LogL: -39852.431 / Time: 7h:0m:47s (0h:7m:11s left)
Iteration 4530 / LogL: -39886.223 / Time: 7h:1m:50s (0h:6m:17s left)
Iteration 4540 / LogL: -39848.660 / Time: 7h:2m:53s (0h:5m:23s left)
Iteration 4550 / LogL: -39849.107 / Time: 7h:3m:58s (0h:4m:29s left)
Log-likelihood cutoff on original alignment: -40138.067
Iteration 4560 / LogL: -39868.785 / Time: 7h:5m:5s (0h:3m:35s left)
Iteration 4570 / LogL: -39871.235 / Time: 7h:6m:12s (0h:2m:41s left)
Iteration 4580 / LogL: -39940.159 / Time: 7h:7m:18s (0h:1m:48s left)
Iteration 4590 / LogL: -39859.955 / Time: 7h:8m:22s (0h:0m:54s left)
Iteration 4600 / LogL: -39862.667 / Time: 7h:9m:28s (0h:0m:0s left)
Log-likelihood cutoff on original alignment: -40138.067
NOTE: Bootstrap correlation coefficient of split occurrence frequencies: 0.945
NOTE: UFBoot does not converge, continue at least 100 more iterations
Iteration 4610 / LogL: -39860.830 / Time: 7h:10m:34s (0h:8m:6s left)
Iteration 4620 / LogL: -39932.828 / Time: 7h:11m:40s (0h:7m:12s left)
Iteration 4630 / LogL: -39861.048 / Time: 7h:12m:47s (0h:6m:19s left)
Iteration 4640 / LogL: -39841.250 / Time: 7h:13m:54s (0h:5m:25s left)
Iteration 4650 / LogL: -39902.965 / Time: 7h:15m:2s (0h:4m:31s left)
Log-likelihood cutoff on original alignment: -40138.067
Iteration 4660 / LogL: -39921.546 / Time: 7h:16m:9s (0h:3m:36s left)
Iteration 4670 / LogL: -39854.819 / Time: 7h:17m:14s (0h:2m:42s left)
Iteration 4680 / LogL: -39898.798 / Time: 7h:18m:21s (0h:1m:48s left)
Iteration 4690 / LogL: -39903.997 / Time: 7h:19m:25s (0h:0m:54s left)
Iteration 4700 / LogL: -39852.461 / Time: 7h:20m:30s (0h:0m:0s left)
Log-likelihood cutoff on original alignment: -40138.067
NOTE: Bootstrap correlation coefficient of split occurrence frequencies: 0.946
NOTE: UFBoot does not converge, continue at least 100 more iterations
Iteration 4710 / LogL: -39857.186 / Time: 7h:21m:41s (0h:8m:9s left)
Iteration 4720 / LogL: -39862.184 / Time: 7h:22m:46s (0h:7m:15s left)
Iteration 4730 / LogL: -39848.598 / Time: 7h:23m:52s (0h:6m:20s left)
Iteration 4740 / LogL: -39890.671 / Time: 7h:25m:0s (0h:5m:26s left)
Iteration 4750 / LogL: -39882.139 / Time: 7h:26m:7s (0h:4m:32s left)
Log-likelihood cutoff on original alignment: -40138.067
Iteration 4760 / LogL: -39905.282 / Time: 7h:27m:15s (0h:3m:37s left)
Iteration 4770 / LogL: -39851.548 / Time: 7h:28m:23s (0h:2m:43s left)
Iteration 4780 / LogL: -39838.606 / Time: 7h:29m:30s (0h:1m:49s left)
Iteration 4790 / LogL: -39856.327 / Time: 7h:30m:35s (0h:0m:54s left)
Iteration 4800 / LogL: -39841.373 / Time: 7h:31m:43s (0h:0m:0s left)
Log-likelihood cutoff on original alignment: -40138.067
NOTE: Bootstrap correlation coefficient of split occurrence frequencies: 0.946
NOTE: UFBoot does not converge, continue at least 100 more iterations
Iteration 4810 / LogL: -39874.205 / Time: 7h:32m:55s (0h:8m:11s left)
Iteration 4820 / LogL: -39913.411 / Time: 7h:34m:1s (0h:7m:17s left)
Iteration 4830 / LogL: -39869.726 / Time: 7h:35m:9s (0h:6m:22s left)
Iteration 4840 / LogL: -39843.647 / Time: 7h:36m:13s (0h:5m:28s left)
Iteration 4850 / LogL: -39898.667 / Time: 7h:37m:22s (0h:4m:33s left)
Log-likelihood cutoff on original alignment: -40138.067
Iteration 4860 / LogL: -39857.642 / Time: 7h:38m:30s (0h:3m:39s left)
Iteration 4870 / LogL: -39881.893 / Time: 7h:39m:39s (0h:2m:44s left)
Iteration 4880 / LogL: -39851.715 / Time: 7h:40m:48s (0h:1m:49s left)
Iteration 4890 / LogL: -39854.649 / Time: 7h:41m:56s (0h:0m:54s left)
Iteration 4900 / LogL: -39870.099 / Time: 7h:43m:4s (0h:0m:0s left)
Log-likelihood cutoff on original alignment: -40138.067
NOTE: Bootstrap correlation coefficient of split occurrence frequencies: 0.946
NOTE: UFBoot does not converge, continue at least 100 more iterations
Iteration 4910 / LogL: -39861.535 / Time: 7h:44m:14s (0h:8m:14s left)
Iteration 4920 / LogL: -39860.728 / Time: 7h:45m:23s (0h:7m:19s left)
Iteration 4930 / LogL: -39845.558 / Time: 7h:46m:34s (0h:6m:24s left)
Iteration 4940 / LogL: -39856.359 / Time: 7h:47m:42s (0h:5m:29s left)
Iteration 4950 / LogL: -39890.648 / Time: 7h:48m:50s (0h:4m:35s left)
Log-likelihood cutoff on original alignment: -40138.067
Iteration 4960 / LogL: -39838.518 / Time: 7h:49m:59s (0h:3m:40s left)
Iteration 4970 / LogL: -39846.760 / Time: 7h:51m:7s (0h:2m:45s left)
Iteration 4980 / LogL: -39861.789 / Time: 7h:52m:17s (0h:1m:50s left)
Iteration 4990 / LogL: -39859.930 / Time: 7h:53m:23s (0h:0m:55s left)
Iteration 5000 / LogL: -39940.149 / Time: 7h:54m:32s (0h:0m:0s left)
Log-likelihood cutoff on original alignment: -40138.067
NOTE: Bootstrap correlation coefficient of split occurrence frequencies: 0.947
NOTE: UFBoot does not converge, continue at least 100 more iterations
WARNING: bootstrap analysis did not converge. You should rerun with higher number of iterations (-nm option)
TREE SEARCH COMPLETED AFTER 5001 ITERATIONS / Time: 7h:54m:43s

--------------------------------------------------------------------
|                    FINALIZING TREE SEARCH                        |
--------------------------------------------------------------------
Performs final model parameters optimization
Estimate model parameters (epsilon = 0.010)
1. Initial log-likelihood: -39835.834
Optimal log-likelihood: -39835.833
Rate parameters:  A-C: 1.33069  A-G: 2.42656  A-T: 1.24532  C-G: 2.70206  C-T: 2.42656  G-T: 1.00000
Base frequencies:  A: 0.134  C: 0.382  G: 0.342  T: 0.141
Site proportion and rates:  (0.706,0.031) (0.149,1.087) (0.088,3.309) (0.050,8.255) (0.007,17.028)
Parameters optimization took 1 rounds (0.803 sec)
BEST SCORE FOUND : -39835.833

Testing tree branches by SH-like aLRT with 1000 replicates...
9.061 sec.
Creating bootstrap support values...
Split supports printed to NEXUS file /mnt/dv/wid/projects6/SolisLemus-Intbio-raw/processed-data/symbiosis_sorted_v2_consensus_sequences_50percent/gene_trees/nifJ/04_tree_iupac_nm5000/nifJ_consensus50_iupac_all_pass_nm5000.splits.nex
Total tree length: 2.646

Total number of iterations: 5001
CPU time used for tree search: 47345.295 sec (13h:9m:5s)
Wall-clock time used for tree search: 27577.518 sec (7h:39m:37s)
Total CPU time used: 49235.705 sec (13h:40m:35s)
Total wall-clock time used: 28497.031 sec (7h:54m:57s)

Computing bootstrap consensus tree...
Reading input file /mnt/dv/wid/projects6/SolisLemus-Intbio-raw/processed-data/symbiosis_sorted_v2_consensus_sequences_50percent/gene_trees/nifJ/04_tree_iupac_nm5000/nifJ_consensus50_iupac_all_pass_nm5000.splits.nex...
325 taxa and 11137 splits.
Consensus tree written to /mnt/dv/wid/projects6/SolisLemus-Intbio-raw/processed-data/symbiosis_sorted_v2_consensus_sequences_50percent/gene_trees/nifJ/04_tree_iupac_nm5000/nifJ_consensus50_iupac_all_pass_nm5000.contree
Reading input trees file /mnt/dv/wid/projects6/SolisLemus-Intbio-raw/processed-data/symbiosis_sorted_v2_consensus_sequences_50percent/gene_trees/nifJ/04_tree_iupac_nm5000/nifJ_consensus50_iupac_all_pass_nm5000.contree
Log-likelihood of consensus tree: -39840.894

Analysis results written to: 
  IQ-TREE report:                /mnt/dv/wid/projects6/SolisLemus-Intbio-raw/processed-data/symbiosis_sorted_v2_consensus_sequences_50percent/gene_trees/nifJ/04_tree_iupac_nm5000/nifJ_consensus50_iupac_all_pass_nm5000.iqtree
  Maximum-likelihood tree:       /mnt/dv/wid/projects6/SolisLemus-Intbio-raw/processed-data/symbiosis_sorted_v2_consensus_sequences_50percent/gene_trees/nifJ/04_tree_iupac_nm5000/nifJ_consensus50_iupac_all_pass_nm5000.treefile
  Likelihood distances:          /mnt/dv/wid/projects6/SolisLemus-Intbio-raw/processed-data/symbiosis_sorted_v2_consensus_sequences_50percent/gene_trees/nifJ/04_tree_iupac_nm5000/nifJ_consensus50_iupac_all_pass_nm5000.mldist

Ultrafast bootstrap approximation results written to:
  Split support values:          /mnt/dv/wid/projects6/SolisLemus-Intbio-raw/processed-data/symbiosis_sorted_v2_consensus_sequences_50percent/gene_trees/nifJ/04_tree_iupac_nm5000/nifJ_consensus50_iupac_all_pass_nm5000.splits.nex
  Consensus tree:                /mnt/dv/wid/projects6/SolisLemus-Intbio-raw/processed-data/symbiosis_sorted_v2_consensus_sequences_50percent/gene_trees/nifJ/04_tree_iupac_nm5000/nifJ_consensus50_iupac_all_pass_nm5000.contree
  Screen log file:               /mnt/dv/wid/projects6/SolisLemus-Intbio-raw/processed-data/symbiosis_sorted_v2_consensus_sequences_50percent/gene_trees/nifJ/04_tree_iupac_nm5000/nifJ_consensus50_iupac_all_pass_nm5000.log

Date and Time: Tue Aug  4 22:57:51 2026
