IQ-TREE version 3.1.1 for Linux x86 64-bit built Apr  8 2026
Developed by Bui Quang Minh, Thomas Wong, Nhan Ly-Trong, Huaiyan Ren
Contributed by Lam-Tung Nguyen, Dominik Schrempf, Chris Bielow,
Olga Chernomor, Michael Woodhams, Diep Thi Hoang, Heiko Schmidt

Host:    solislemus-001.discovery.wisc.edu (AVX512, FMA3, 1007 GB RAM)
Command: iqtree -s /mnt/dv/wid/projects6/SolisLemus-Intbio-raw/processed-data/symbiosis_sorted_v2_consensus_sequences_50percent/nifD_consensus_mafft_v1/nifD_consensus50_iupac_all_pass.mafft.fasta -st DNA -m MFP -B 1000 -alrt 1000 -nm 5000 -T AUTO --prefix /mnt/dv/wid/projects6/SolisLemus-Intbio-raw/processed-data/symbiosis_sorted_v2_consensus_sequences_50percent/nifD_consensus_iqtree_iupac_nm5000_v1/nifD_consensus50_iupac_all_pass_nm5000
Seed:    666073 (Using SPRNG - Scalable Parallel Random Number Generator)
Time:    Mon Jul 27 23:21:57 2026
Kernel:  AVX+FMA - auto-detect threads (72 CPU cores detected)

Reading alignment file /mnt/dv/wid/projects6/SolisLemus-Intbio-raw/processed-data/symbiosis_sorted_v2_consensus_sequences_50percent/nifD_consensus_mafft_v1/nifD_consensus50_iupac_all_pass.mafft.fasta ... Fasta format detected
Reading fasta file: done in 0.0271367 secs using 96.28% CPU
Constructing alignment: done in 0.0257268 secs using 171.5% CPU
WARNING: 128 sites contain only gaps or ambiguous characters.
Alignment has 1464 sequences with 1532 columns, 1075 distinct patterns
703 parsimony-informative, 57 singleton sites, 772 constant sites
                                                                      Gap/Ambiguity  Composition  p-value
Analyzing sequences: done in 0.00820646 secs using 6636% CPU
   1  BLAN-1-1-No|nifD|consensus50|pass_mixed_possible_multitemplate         20.69%    passed      6.97%
   2  BLAN-1-1-Rh|nifD|consensus50|pass_mixed_possible_multitemplate         21.54%    passed     10.48%
   3  BLAN-1-1-Ro|nifD|consensus50|pass_mixed_possible_multitemplate         23.43%    passed     43.20%
   4  BLAN-2-1-No|nifD|consensus50|pass_mixed_possible_multitemplate         19.58%    failed      2.32%
   5  BLAN-2-1-Rh|nifD|consensus50|pass_mixed_possible_multitemplate         17.17%    passed     26.10%
   6  BLAN-2-1-Ro|nifD|consensus50|pass_mixed_possible_multitemplate         19.97%    failed      1.17%
   7  BLAN-3-1-No|nifD|consensus50|pass_mixed_possible_multitemplate         14.23%    failed      0.16%
   8  BLAN-3-1-Rh|nifD|consensus50|pass_mixed_possible_multitemplate         26.96%    passed     46.95%
   9  BLAN-3-1-Ro|nifD|consensus50|pass_mixed_possible_multitemplate         18.41%    failed      1.87%
  10  BLAN-4-1-No|nifD|consensus50|pass_mixed_possible_multitemplate         18.67%    passed     95.97%
  11  BLAN-4-1-Rh|nifD|consensus50|pass_mixed_possible_multitemplate         21.08%    passed     46.38%
  12  BLAN-4-1-Ro|nifD|consensus50|pass_mixed_possible_multitemplate         22.00%    passed     11.18%
  13  BONA-13-1-No|nifD|consensus50|pass_mixed_possible_multitemplate        18.54%    passed     71.02%
  14  BONA-14-No|nifD|consensus50|pass_mixed_possible_multitemplate          19.84%    passed     82.79%
  15  BONA-2-Rh|nifD|consensus50|pass_mixed_possible_multitemplate           19.39%    passed     87.19%
  16  BONA-2-Ro|nifD|consensus50|pass_mixed_possible_multitemplate           20.76%    passed      5.76%
  17  BONA-4-No|nifD|consensus50|pass_mixed_possible_multitemplate           20.82%    passed     62.64%
  18  BONA-4-Rh|nifD|consensus50|pass_mixed_possible_multitemplate           17.49%    passed     77.13%
  19  CLBJ-10-1-No|nifD|consensus50|pass_mixed_possible_multitemplate        16.06%    passed     32.27%
  20  CLBJ-10-1-Rh|nifD|consensus50|pass_mixed_possible_multitemplate        16.51%    passed     72.07%
  21  CLBJ-11-1-No|nifD|consensus50|pass_mixed_possible_multitemplate        21.48%    passed     77.65%
  22  CLBJ-1-1-No|nifD|consensus50|pass_mixed_possible_multitemplate         16.06%    failed      0.06%
  23  CLBJ-1-1-Ro|nifD|consensus50|pass_mixed_possible_multitemplate         25.52%    passed     58.91%
  24  CLBJ-12-2-No|nifD|consensus50|pass_mixed_possible_multitemplate        21.67%    passed     83.17%
  25  CLBJ-12-2-Ro|nifD|consensus50|pass_mixed_possible_multitemplate        18.60%    passed     87.27%
  26  CLBJ-13-1-No|nifD|consensus50|pass_mixed_possible_multitemplate        21.67%    passed     72.32%
  27  CLBJ-13-1-Rh|nifD|consensus50|pass_mixed_possible_multitemplate        19.91%    passed     98.55%
  28  CLBJ-13-1-Ro|nifD|consensus50|pass_mixed_possible_multitemplate        21.67%    passed     65.39%
  29  CLBJ-14-1-No|nifD|consensus50|pass_single_dominant                     14.95%    passed     67.74%
  30  CLBJ-14-1-Rh|nifD|consensus50|pass_mixed_possible_multitemplate        19.32%    passed     73.98%
  31  CLBJ-15-1-No|nifD|consensus50|pass_mixed_possible_multitemplate        18.80%    passed     53.55%
  32  CLBJ-15-1-Rh|nifD|consensus50|pass_mixed_possible_multitemplate        24.80%    passed     76.28%
  33  CLBJ-15-1-Ro|nifD|consensus50|pass_mixed_possible_multitemplate        19.91%    passed     22.42%
  34  CLBJ-16-2-No|nifD|consensus50|pass_mixed_possible_multitemplate        22.65%    passed     82.14%
  35  CLBJ-16-2-Rh|nifD|consensus50|pass_mixed_possible_multitemplate        20.89%    passed     47.99%
  36  CLBJ-16-2-Ro|nifD|consensus50|pass_mixed_possible_multitemplate        17.49%    passed     96.64%
  37  CLBJ-17-1-No|nifD|consensus50|pass_mixed_possible_multitemplate        22.72%    passed     38.51%
  38  CLBJ-17-1-Ro|nifD|consensus50|pass_mixed_possible_multitemplate        18.67%    passed     89.88%
  39  CLBJ-18-1-No|nifD|consensus50|pass_mixed_possible_multitemplate        17.30%    passed     88.95%
  40  CLBJ-18-1-Rh|nifD|consensus50|pass_mixed_possible_multitemplate        25.26%    passed      8.63%
  41  CLBJ-18-1-Ro|nifD|consensus50|pass_mixed_possible_multitemplate        25.98%    passed     61.46%
  42  CLBJ-19-1-No|nifD|consensus50|pass_mixed_possible_multitemplate        18.47%    passed     83.21%
  43  CLBJ-19-1-Rh|nifD|consensus50|pass_mixed_possible_multitemplate        18.93%    passed     82.15%
  44  CLBJ-19-1-Ro|nifD|consensus50|pass_mixed_possible_multitemplate        22.58%    passed     89.98%
  45  CLBJ-20-1-No|nifD|consensus50|pass_mixed_possible_multitemplate        15.73%    passed     14.10%
  46  CLBJ-21-1-Rh|nifD|consensus50|pass_mixed_possible_multitemplate        19.26%    passed     39.96%
  47  CLBJ-23-1-No|nifD|consensus50|pass_mixed_possible_multitemplate        19.45%    passed     54.44%
  48  CLBJ-23-1-Rh|nifD|consensus50|pass_mixed_possible_multitemplate        24.41%    passed     79.38%
  49  CLBJ-23-1-Ro|nifD|consensus50|pass_mixed_possible_multitemplate        18.67%    passed     31.12%
  50  CLBJ-24-No|nifD|consensus50|pass_mixed_possible_multitemplate          19.78%    passed     77.74%
  51  CLBJ-24-Rh|nifD|consensus50|pass_mixed_possible_multitemplate          23.96%    passed     96.13%
  52  CLBJ-25-2-No|nifD|consensus50|pass_single_dominant                     17.04%    passed     64.15%
  53  CLBJ-25-2-Rh|nifD|consensus50|pass_single_dominant                     17.30%    passed     67.06%
  54  CLBJ-25-2-Ro|nifD|consensus50|pass_single_dominant                     14.16%    passed     79.15%
  55  CLBJ-26-1-No|nifD|consensus50|pass_single_dominant                     11.49%    passed     28.95%
  56  CLBJ-26-1-Rh|nifD|consensus50|pass_mixed_possible_multitemplate        23.76%    passed     92.76%
  57  CLBJ-26-1-Ro|nifD|consensus50|pass_mixed_possible_multitemplate        16.64%    passed     89.13%
  58  CLBJ-27-1-No|nifD|consensus50|pass_single_dominant                     12.86%    passed     46.20%
  59  CLBJ-27-1-Rh|nifD|consensus50|pass_mixed_possible_multitemplate        15.14%    passed     55.19%
  60  CLBJ-27-1-Ro|nifD|consensus50|pass_mixed_possible_multitemplate        16.19%    passed     67.89%
  61  CLBJ-28-3-Rh|nifD|consensus50|pass_mixed_possible_multitemplate        17.36%    passed     52.42%
  62  CLBJ-29-2-Ro|nifD|consensus50|pass_single_dominant                     18.28%    passed     69.72%
  63  CLBJ-2-No|nifD|consensus50|pass_single_dominant                        15.01%    passed     76.73%
  64  CLBJ-2-Rh|nifD|consensus50|pass_mixed_possible_multitemplate           17.49%    passed     98.38%
  65  CLBJ-2-Ro|nifD|consensus50|pass_mixed_possible_multitemplate           23.63%    passed     80.62%
  66  CLBJ-31-2-Ro|nifD|consensus50|pass_mixed_possible_multitemplate        21.08%    passed     62.96%
  67  CLBJ-3-1-No|nifD|consensus50|pass_mixed_possible_multitemplate         15.08%    failed      0.64%
  68  CLBJ-3-1-Rh|nifD|consensus50|pass_mixed_possible_multitemplate         20.50%    passed     99.76%
  69  CLBJ-3-1-Ro|nifD|consensus50|pass_mixed_possible_multitemplate         20.37%    passed     12.40%
  70  CLBJ-32-1-Rh|nifD|consensus50|pass_mixed_possible_multitemplate        19.06%    passed     81.56%
  71  CLBJ-34-1-No|nifD|consensus50|pass_mixed_possible_multitemplate        19.84%    passed     24.77%
  72  CLBJ-34-1-Rh|nifD|consensus50|pass_mixed_possible_multitemplate        19.45%    passed     83.77%
  73  CLBJ-35-1-No|nifD|consensus50|pass_single_dominant                     14.56%    passed     61.36%
  74  CLBJ-35-1-Ro|nifD|consensus50|pass_mixed_possible_multitemplate        20.76%    passed     81.53%
  75  CLBJ-36-1-No|nifD|consensus50|pass_single_dominant                     18.08%    passed     84.35%
  76  CLBJ-36-1-Ro|nifD|consensus50|pass_mixed_possible_multitemplate        20.82%    passed     80.31%
  77  CLBJ-37-1-No|nifD|consensus50|pass_mixed_possible_multitemplate        20.10%    passed     17.09%
  78  CLBJ-37-1-Rh|nifD|consensus50|pass_mixed_possible_multitemplate        21.41%    passed     62.31%
  79  CLBJ-39-1-No|nifD|consensus50|pass_single_dominant                     18.28%    passed     67.45%
  80  CLBJ-39-1-Rh|nifD|consensus50|pass_mixed_possible_multitemplate        16.91%    passed     90.68%
  81  CLBJ-40-1-Ro|nifD|consensus50|pass_mixed_possible_multitemplate        16.84%    passed     75.52%
  82  CLBJ-41-1-No|nifD|consensus50|pass_single_dominant                     18.21%    failed      3.08%
  83  CLBJ-41-1-Ro|nifD|consensus50|pass_mixed_possible_multitemplate        20.82%    passed     99.62%
  84  CLBJ-4-1-No|nifD|consensus50|pass_single_dominant                      15.27%    passed     23.18%
  85  CLBJ-4-1-Rh|nifD|consensus50|pass_mixed_possible_multitemplate         22.78%    passed     65.47%
  86  CLBJ-4-1-Ro|nifD|consensus50|pass_single_dominant                      14.88%    passed     24.64%
  87  CLBJ-42-1-No|nifD|consensus50|pass_mixed_possible_multitemplate        19.39%    passed     43.00%
  88  CLBJ-42-1-Ro|nifD|consensus50|pass_mixed_possible_multitemplate        20.89%    passed     41.11%
  89  CLBJ-43-2-No|nifD|consensus50|pass_mixed_possible_multitemplate        25.46%    passed     85.89%
  90  CLBJ-43-2-Rh|nifD|consensus50|pass_mixed_possible_multitemplate        21.61%    passed     96.71%
  91  CLBJ-43-2-Ro|nifD|consensus50|pass_mixed_possible_multitemplate        22.52%    passed     99.08%
  92  CLBJ-44-1-Ro|nifD|consensus50|pass_mixed_possible_multitemplate        23.43%    passed     71.94%
  93  CLBJ-45-2-Ro|nifD|consensus50|pass_mixed_possible_multitemplate        17.56%    passed     78.94%
  94  CLBJ-46-1-Ro|nifD|consensus50|pass_single_dominant                     18.15%    passed     72.69%
  95  CLBJ-47-1-Rh|nifD|consensus50|pass_mixed_possible_multitemplate        20.04%    passed     32.35%
  96  CLBJ-49-1-Ro|nifD|consensus50|pass_mixed_possible_multitemplate        17.49%    passed     43.99%
  97  CLBJ-50-3-No|nifD|consensus50|pass_mixed_possible_multitemplate        19.78%    passed     97.57%
  98  CLBJ-50-3-Rh|nifD|consensus50|pass_mixed_possible_multitemplate        15.67%    passed     99.85%
  99  CLBJ-5-2-No|nifD|consensus50|pass_single_dominant                      14.69%    passed     97.60%
 100  CLBJ-5-2-Rh|nifD|consensus50|pass_mixed_possible_multitemplate         18.08%    passed     97.88%
 101  CLBJ-5-2-Ro|nifD|consensus50|pass_mixed_possible_multitemplate         16.91%    passed    100.00%
 102  CLBJ-6-3-No|nifD|consensus50|pass_mixed_possible_multitemplate         16.97%    passed     38.47%
 103  CLBJ-7-1-Rh|nifD|consensus50|pass_mixed_possible_multitemplate         23.83%    passed     68.22%
 104  CLBJ-7-1-Ro|nifD|consensus50|pass_mixed_possible_multitemplate         20.10%    passed     95.94%
 105  CLBJ-8-1-No|nifD|consensus50|pass_single_dominant                      17.04%    passed     97.15%
 106  CLBJ-8-1-Rh|nifD|consensus50|pass_mixed_possible_multitemplate         18.86%    passed     98.03%
 107  CLBJ-8-1-Ro|nifD|consensus50|pass_mixed_possible_multitemplate         22.19%    passed     57.03%
 108  CLBJ-9-1-No|nifD|consensus50|pass_single_dominant                      19.13%    passed     16.76%
 109  CLBJ-9-1-Rh|nifD|consensus50|pass_mixed_possible_multitemplate         15.99%    passed     96.76%
 110  CLBJ-9-1-Ro|nifD|consensus50|pass_mixed_possible_multitemplate         19.91%    passed     71.87%
 111  CPER-1-No|nifD|consensus50|pass_mixed_possible_multitemplate           15.40%    passed     97.58%
 112  CPER-1-Rh|nifD|consensus50|pass_mixed_possible_multitemplate           18.28%    passed     67.48%
 113  CPER-1-Ro|nifD|consensus50|pass_mixed_possible_multitemplate           22.45%    passed     96.30%
 114  CPER-2-No|nifD|consensus50|pass_single_dominant                        14.62%    failed      0.58%
 115  CPER-2-Rh|nifD|consensus50|pass_mixed_possible_multitemplate           19.52%    passed     89.57%
 116  CPER-2-Ro|nifD|consensus50|pass_mixed_possible_multitemplate           18.21%    failed      4.84%
 117  CPER-3-1-No|nifD|consensus50|pass_single_dominant                      11.62%    failed      0.43%
 118  CPER-3-1-Rh|nifD|consensus50|pass_single_dominant                      14.10%    failed      0.57%
 119  CPER-3-1-Ro|nifD|consensus50|pass_mixed_possible_multitemplate         15.93%    failed      1.12%
 120  CPER-4-No|nifD|consensus50|pass_single_dominant                        14.43%    failed      0.34%
 121  CPER-4-Rh|nifD|consensus50|pass_mixed_possible_multitemplate           21.61%    failed      2.34%
 122  CPER-4-Ro|nifD|consensus50|pass_mixed_possible_multitemplate           16.58%    failed      0.96%
 123  CPER-5-1-No|nifD|consensus50|pass_single_dominant                      14.88%    failed      0.29%
 124  CPER-5-1-Rh|nifD|consensus50|pass_single_dominant                      14.30%    failed      0.49%
 125  CPER-5-1-Ro|nifD|consensus50|pass_mixed_possible_multitemplate         17.43%    failed      0.76%
 126  DCFS-1-2-No|nifD|consensus50|pass_single_dominant                      18.47%    passed     84.03%
 127  DCFS-1-2-Rh|nifD|consensus50|pass_mixed_possible_multitemplate         16.97%    passed     99.39%
 128  DCFS-2-2-No|nifD|consensus50|pass_single_dominant                      14.30%    failed      1.08%
 129  DCFS-2-2-Rh|nifD|consensus50|pass_mixed_possible_multitemplate         18.02%    passed     11.00%
 130  DCFS-2-2-Ro|nifD|consensus50|pass_mixed_possible_multitemplate         18.99%    passed     50.44%
 131  DCFS-3-2-No|nifD|consensus50|pass_single_dominant                      14.36%    failed      0.80%
 132  DCFS-3-2-Rh|nifD|consensus50|pass_single_dominant                      15.54%    passed     20.40%
 133  DCFS-3-2-Ro|nifD|consensus50|pass_single_dominant                      18.28%    failed      1.18%
 134  DCFS-4-No|nifD|consensus50|pass_mixed_possible_multitemplate           17.04%    passed     71.92%
 135  DCFS-4-Rh|nifD|consensus50|pass_mixed_possible_multitemplate           22.00%    passed     69.32%
 136  DCFS-4-Ro|nifD|consensus50|pass_mixed_possible_multitemplate           20.50%    passed     98.41%
 137  DCFS-5-1-No|nifD|consensus50|pass_single_dominant                      14.16%    failed      0.65%
 138  DCFS-5-1-Rh|nifD|consensus50|pass_mixed_possible_multitemplate         20.95%    passed     84.53%
 139  DCFS-5-1-Ro|nifD|consensus50|pass_mixed_possible_multitemplate         23.89%    passed     49.25%
 140  DCFS-6-1-No|nifD|consensus50|pass_single_dominant                      14.75%    failed      0.62%
 141  DCFS-6-1-Rh|nifD|consensus50|pass_mixed_possible_multitemplate         21.54%    passed     84.16%
 142  DCFS-6-1-Ro|nifD|consensus50|pass_mixed_possible_multitemplate         25.26%    passed     51.92%
 143  DCFS-7-1-No|nifD|consensus50|pass_mixed_possible_multitemplate         17.04%    passed     82.48%
 144  DCFS-7-1-Rh|nifD|consensus50|pass_single_dominant                      16.06%    passed     96.93%
 145  DCFS-7-1-Ro|nifD|consensus50|pass_mixed_possible_multitemplate         24.28%    passed     10.46%
 146  DCFS-8-1-No|nifD|consensus50|pass_single_dominant                      14.88%    failed      0.61%
 147  DCFS-8-1-Rh|nifD|consensus50|pass_mixed_possible_multitemplate         24.80%    passed     71.54%
 148  DCFS-8-1-Ro|nifD|consensus50|pass_mixed_possible_multitemplate         24.74%    passed     86.80%
 149  DEJU-10-1-No|nifD|consensus50|pass_mixed_possible_multitemplate        23.83%    passed     85.86%
 150  DEJU-11-1-No|nifD|consensus50|pass_mixed_possible_multitemplate        25.39%    passed     19.47%
 151  DEJU-11-1-Ro|nifD|consensus50|pass_single_dominant                     14.49%    passed     90.94%
 152  DEJU-12-1-Rh|nifD|consensus50|pass_mixed_possible_multitemplate        17.30%    passed     72.73%
 153  DEJU-18-1-No|nifD|consensus50|pass_mixed_possible_multitemplate        20.63%    passed     84.42%
 154  DEJU-20-1-No|nifD|consensus50|pass_single_dominant                     17.75%    passed     55.20%
 155  DEJU-21-1-Rh|nifD|consensus50|pass_mixed_possible_multitemplate        23.50%    passed     90.09%
 156  DEJU-22-1-No|nifD|consensus50|pass_single_dominant                     17.10%    passed     88.74%
 157  DEJU-22-1-Rh|nifD|consensus50|pass_mixed_possible_multitemplate        20.89%    passed     68.62%
 158  DEJU-23-1-No|nifD|consensus50|pass_single_dominant                     15.27%    passed     80.09%
 159  DEJU-28-2-No|nifD|consensus50|pass_single_dominant                     16.91%    passed     88.62%
 160  DEJU-29-1-No|nifD|consensus50|pass_mixed_possible_multitemplate        19.45%    passed     82.84%
 161  DEJU-29-1-Rh|nifD|consensus50|pass_mixed_possible_multitemplate        20.37%    passed     98.64%
 162  DEJU-2-No|nifD|consensus50|pass_mixed_possible_multitemplate           19.32%    passed     63.37%
 163  DEJU-30-No|nifD|consensus50|pass_single_dominant                       17.49%    passed     86.93%
 164  DEJU-3-1-No|nifD|consensus50|pass_single_dominant                      15.40%    passed     85.95%
 165  DEJU-3-1-Rh|nifD|consensus50|pass_mixed_possible_multitemplate         26.31%    passed     94.55%
 166  DEJU-3-1-Ro|nifD|consensus50|pass_mixed_possible_multitemplate         18.41%    passed     97.36%
 167  DEJU-37-No|nifD|consensus50|pass_single_dominant                       15.27%    passed     59.46%
 168  DEJU-38-Rh|nifD|consensus50|pass_mixed_possible_multitemplate          20.63%    passed     93.23%
 169  DEJU-39-No|nifD|consensus50|pass_single_dominant                       18.47%    passed     81.47%
 170  DEJU-39-Ro|nifD|consensus50|pass_mixed_possible_multitemplate          19.84%    passed     76.07%
 171  DEJU-4-1-No|nifD|consensus50|pass_mixed_possible_multitemplate         19.13%    passed     89.55%
 172  DEJU-42-No|nifD|consensus50|pass_mixed_possible_multitemplate          18.60%    passed     89.71%
 173  DEJU-44-No|nifD|consensus50|pass_mixed_possible_multitemplate          17.04%    passed     69.65%
 174  DEJU-44-Ro|nifD|consensus50|pass_mixed_possible_multitemplate          19.19%    passed     68.71%
 175  DEJU-45-1-Ro|nifD|consensus50|pass_mixed_possible_multitemplate        22.19%    passed     78.22%
 176  DEJU-46-Ro|nifD|consensus50|pass_mixed_possible_multitemplate          21.61%    passed     89.27%
 177  DEJU-47-No|nifD|consensus50|pass_single_dominant                       15.80%    passed     91.64%
 178  DEJU-48-No|nifD|consensus50|pass_single_dominant                       17.62%    passed     71.35%
 179  DEJU-50-No|nifD|consensus50|pass_mixed_possible_multitemplate          19.71%    passed     59.06%
 180  DEJU-51-1-Rh|nifD|consensus50|pass_single_dominant                     19.52%    passed     53.76%
 181  DEJU-52-1-No|nifD|consensus50|pass_mixed_possible_multitemplate        17.69%    passed     97.01%
 182  DEJU-54-Ro|nifD|consensus50|pass_single_dominant                       20.76%    passed     11.71%
 183  DEJU-55-No|nifD|consensus50|pass_mixed_possible_multitemplate          18.08%    passed     39.54%
 184  DEJU-55-Rh|nifD|consensus50|pass_mixed_possible_multitemplate          16.91%    passed     51.57%
 185  DEJU-55-Ro|nifD|consensus50|pass_mixed_possible_multitemplate          18.80%    passed     92.27%
 186  DEJU-57-No|nifD|consensus50|pass_mixed_possible_multitemplate          20.30%    passed     56.30%
 187  DEJU-57-Rh|nifD|consensus50|pass_mixed_possible_multitemplate          20.56%    passed     91.89%
 188  DEJU-57-Ro|nifD|consensus50|pass_mixed_possible_multitemplate          22.72%    passed     10.16%
 189  DEJU-59-No|nifD|consensus50|pass_mixed_possible_multitemplate          21.02%    passed     38.17%
 190  DEJU-59-Rh|nifD|consensus50|pass_mixed_possible_multitemplate          21.02%    passed     98.29%
 191  DEJU-59-Ro|nifD|consensus50|pass_mixed_possible_multitemplate          24.09%    passed     76.39%
 192  DEJU-60-Rh|nifD|consensus50|pass_mixed_possible_multitemplate          19.32%    passed     92.08%
 193  DEJU-60-Ro|nifD|consensus50|pass_mixed_possible_multitemplate          18.80%    passed     35.39%
 194  DEJU-6-1-No|nifD|consensus50|pass_mixed_possible_multitemplate         23.43%    passed     70.04%
 195  DEJU-6-1-Rh|nifD|consensus50|pass_mixed_possible_multitemplate         19.32%    passed     84.61%
 196  DEJU-62-1-No|nifD|consensus50|pass_mixed_possible_multitemplate        20.10%    passed     74.06%
 197  DEJU-63-No|nifD|consensus50|pass_mixed_possible_multitemplate          17.75%    passed     29.22%
 198  DEJU-63-Rh|nifD|consensus50|pass_mixed_possible_multitemplate          18.15%    passed     64.32%
 199  DEJU-7-1-No|nifD|consensus50|pass_mixed_possible_multitemplate         22.39%    passed     89.08%
 200  DEJU-7-1-Rh|nifD|consensus50|pass_mixed_possible_multitemplate         23.56%    passed     77.06%
 201  DEJU-9-1-Rh|nifD|consensus50|pass_mixed_possible_multitemplate         20.17%    passed     95.46%
 202  DEJU-9-1-Ro|nifD|consensus50|pass_mixed_possible_multitemplate         19.65%    passed     81.66%
 203  DELA-10-2-No|nifD|consensus50|pass_mixed_possible_multitemplate        18.73%    passed     42.00%
 204  DELA-11-3-No|nifD|consensus50|pass_mixed_possible_multitemplate        21.80%    passed     93.98%
 205  DELA-12-2-No|nifD|consensus50|pass_mixed_possible_multitemplate        21.15%    failed      0.51%
 206  DELA-12-2-Rh|nifD|consensus50|pass_mixed_possible_multitemplate        16.64%    passed     84.64%
 207  DELA-13-1-No|nifD|consensus50|pass_mixed_possible_multitemplate        26.17%    passed     83.53%
 208  DELA-13-1-Rh|nifD|consensus50|pass_mixed_possible_multitemplate        20.50%    passed     94.10%
 209  DELA-1-3-No|nifD|consensus50|pass_mixed_possible_multitemplate         13.58%    failed      2.15%
 210  DELA-1-3-Rh|nifD|consensus50|pass_mixed_possible_multitemplate         14.56%    passed      6.11%
 211  DELA-1-3-Ro|nifD|consensus50|pass_mixed_possible_multitemplate         20.89%    passed     62.35%
 212  DELA-14-2-No|nifD|consensus50|pass_mixed_possible_multitemplate        21.08%    passed     72.91%
 213  DELA-14-2-Rh|nifD|consensus50|pass_mixed_possible_multitemplate        17.36%    passed     96.38%
 214  DELA-14-2-Ro|nifD|consensus50|pass_mixed_possible_multitemplate        18.99%    passed     95.74%
 215  DELA-15-1-No|nifD|consensus50|pass_mixed_possible_multitemplate        19.52%    passed     95.44%
 216  DELA-15-1-Rh|nifD|consensus50|pass_mixed_possible_multitemplate        20.69%    passed     85.98%
 217  DELA-15-1-Ro|nifD|consensus50|pass_mixed_possible_multitemplate        19.06%    passed     94.43%
 218  DELA-16-No|nifD|consensus50|pass_mixed_possible_multitemplate          22.19%    passed      8.64%
 219  DELA-17-1-No|nifD|consensus50|pass_mixed_possible_multitemplate        19.06%    passed     74.77%
 220  DELA-18-2-No|nifD|consensus50|pass_mixed_possible_multitemplate        23.04%    passed     62.14%
 221  DELA-18-2-Rh|nifD|consensus50|pass_mixed_possible_multitemplate        19.78%    passed     97.80%
 222  DELA-18-2-Ro|nifD|consensus50|pass_mixed_possible_multitemplate        21.61%    passed     99.54%
 223  DELA-19-1-Ro|nifD|consensus50|pass_mixed_possible_multitemplate        15.73%    passed     56.24%
 224  DELA-20-1-No|nifD|consensus50|pass_mixed_possible_multitemplate        20.69%    passed     93.42%
 225  DELA-20-1-Rh|nifD|consensus50|pass_mixed_possible_multitemplate        20.89%    passed     95.71%
 226  DELA-20-1-Ro|nifD|consensus50|pass_mixed_possible_multitemplate        22.52%    passed     76.69%
 227  DELA-22-1-No|nifD|consensus50|pass_single_dominant                     18.93%    passed     65.26%
 228  DELA-22-1-Rh|nifD|consensus50|pass_mixed_possible_multitemplate        16.12%    passed     48.74%
 229  DELA-22-1-Ro|nifD|consensus50|pass_mixed_possible_multitemplate        23.11%    passed     94.62%
 230  DELA-2-2-No|nifD|consensus50|pass_single_dominant                      16.71%    passed     90.92%
 231  DELA-2-2-Rh|nifD|consensus50|pass_mixed_possible_multitemplate         18.93%    passed     67.88%
 232  DELA-23-2-No|nifD|consensus50|pass_mixed_possible_multitemplate        19.78%    passed      6.94%
 233  DELA-24-1-No|nifD|consensus50|pass_mixed_possible_multitemplate        22.91%    passed     72.12%
 234  DELA-24-1-Rh|nifD|consensus50|pass_mixed_possible_multitemplate        22.72%    passed     99.62%
 235  DELA-25-2-No|nifD|consensus50|pass_mixed_possible_multitemplate        20.69%    passed     31.18%
 236  DELA-26-3-No|nifD|consensus50|pass_mixed_possible_multitemplate        14.82%    passed     49.33%
 237  DELA-26-3-Rh|nifD|consensus50|pass_mixed_possible_multitemplate        17.04%    passed     43.38%
 238  DELA-26-3-Ro|nifD|consensus50|pass_mixed_possible_multitemplate        17.04%    passed     44.95%
 239  DELA-27-3-No|nifD|consensus50|pass_mixed_possible_multitemplate        13.25%    passed     35.02%
 240  DELA-27-3-Rh|nifD|consensus50|pass_mixed_possible_multitemplate        22.78%    passed     74.64%
 241  DELA-28-No|nifD|consensus50|pass_mixed_possible_multitemplate          18.99%    passed     29.32%
 242  DELA-28-Ro|nifD|consensus50|pass_mixed_possible_multitemplate          26.63%    passed     71.23%
 243  DELA-29-1-No|nifD|consensus50|pass_mixed_possible_multitemplate        14.16%    failed      3.59%
 244  DELA-29-1-Rh|nifD|consensus50|pass_mixed_possible_multitemplate        14.03%    passed      9.51%
 245  DELA-29-1-Ro|nifD|consensus50|pass_mixed_possible_multitemplate        21.61%    passed     35.91%
 246  DELA-30-2-Rh|nifD|consensus50|pass_mixed_possible_multitemplate        20.69%    passed     80.63%
 247  DELA-31-1-No|nifD|consensus50|pass_mixed_possible_multitemplate        19.91%    passed     22.85%
 248  DELA-31-1-Rh|nifD|consensus50|pass_mixed_possible_multitemplate        20.95%    passed     21.49%
 249  DELA-31-1-Ro|nifD|consensus50|pass_mixed_possible_multitemplate        23.50%    passed     20.56%
 250  DELA-32-1-No|nifD|consensus50|pass_mixed_possible_multitemplate        14.95%    passed     39.35%
 251  DELA-32-1-Ro|nifD|consensus50|pass_mixed_possible_multitemplate        26.31%    passed     80.99%
 252  DELA-33-1-Ro|nifD|consensus50|pass_mixed_possible_multitemplate        22.72%    passed     97.54%
 253  DELA-3-3-No|nifD|consensus50|pass_mixed_possible_multitemplate         18.15%    failed      2.20%
 254  DELA-3-3-Rh|nifD|consensus50|pass_mixed_possible_multitemplate         20.43%    passed     39.21%
 255  DELA-3-3-Ro|nifD|consensus50|pass_mixed_possible_multitemplate         23.56%    passed     88.50%
 256  DELA-5-1-No|nifD|consensus50|pass_mixed_possible_multitemplate         20.63%    passed     86.85%
 257  DELA-5-1-Ro|nifD|consensus50|pass_mixed_possible_multitemplate         21.61%    passed     62.99%
 258  DELA-6-3-Rh|nifD|consensus50|pass_mixed_possible_multitemplate         20.82%    passed     50.27%
 259  DELA-6-3-Ro|nifD|consensus50|pass_mixed_possible_multitemplate         20.63%    passed     44.16%
 260  DELA-7-3-No|nifD|consensus50|pass_mixed_possible_multitemplate         16.91%    passed     27.20%
 261  DELA-8-2-Ro|nifD|consensus50|pass_mixed_possible_multitemplate         19.65%    passed     87.67%
 262  DELA-9-1-No|nifD|consensus50|pass_single_dominant                      14.49%    passed     69.89%
 263  DELA-9-1-Ro|nifD|consensus50|pass_mixed_possible_multitemplate         20.69%    passed     92.04%
 264  DSNY-101-1-No|nifD|consensus50|pass_mixed_possible_multitemplate       20.82%    passed     53.33%
 265  DSNY-101-1-Rh|nifD|consensus50|pass_mixed_possible_multitemplate       15.93%    passed     59.51%
 266  DSNY-10-3-No|nifD|consensus50|pass_mixed_possible_multitemplate        20.95%    passed     62.37%
 267  DSNY-10-3-Rh|nifD|consensus50|pass_single_dominant                     15.40%    passed     82.38%
 268  DSNY-11-3-No|nifD|consensus50|pass_mixed_possible_multitemplate        18.21%    passed     43.09%
 269  DSNY-12-2-No|nifD|consensus50|pass_mixed_possible_multitemplate        21.80%    passed     61.16%
 270  DSNY-12-2-Ro|nifD|consensus50|pass_mixed_possible_multitemplate        22.26%    passed     41.08%
 271  DSNY-13-1-No|nifD|consensus50|pass_mixed_possible_multitemplate        21.28%    passed     30.91%
 272  DSNY-13-1-Rh|nifD|consensus50|pass_mixed_possible_multitemplate        15.93%    passed     41.72%
 273  DSNY-13-1-Ro|nifD|consensus50|pass_mixed_possible_multitemplate        23.69%    passed     46.05%
 274  DSNY-14-1-No|nifD|consensus50|pass_mixed_possible_multitemplate        19.39%    passed     87.38%
 275  DSNY-14-1-Rh|nifD|consensus50|pass_mixed_possible_multitemplate        19.65%    passed     80.36%
 276  DSNY-14-1-Ro|nifD|consensus50|pass_mixed_possible_multitemplate        18.21%    passed     57.83%
 277  DSNY-15-1-No|nifD|consensus50|pass_mixed_possible_multitemplate        18.54%    passed     33.92%
 278  DSNY-15-1-Rh|nifD|consensus50|pass_mixed_possible_multitemplate        18.28%    passed     85.11%
 279  DSNY-15-1-Ro|nifD|consensus50|pass_mixed_possible_multitemplate        25.91%    passed     20.02%
 280  DSNY-17-3-No|nifD|consensus50|pass_mixed_possible_multitemplate        18.54%    passed     88.13%
 281  DSNY-17-3-Rh|nifD|consensus50|pass_mixed_possible_multitemplate        20.56%    passed     97.46%
 282  DSNY-18-1-No|nifD|consensus50|pass_mixed_possible_multitemplate        20.10%    passed     68.53%
 283  DSNY-18-1-Ro|nifD|consensus50|pass_mixed_possible_multitemplate        23.56%    passed     81.62%
 284  DSNY-20-1-No|nifD|consensus50|pass_mixed_possible_multitemplate        18.67%    passed     95.66%
 285  DSNY-2-1-No|nifD|consensus50|pass_mixed_possible_multitemplate         21.48%    passed     72.62%
 286  DSNY-2-1-Rh|nifD|consensus50|pass_single_dominant                      14.88%    passed     34.51%
 287  DSNY-2-1-Ro|nifD|consensus50|pass_mixed_possible_multitemplate         17.30%    passed     94.55%
 288  DSNY-24-1-Rh|nifD|consensus50|pass_mixed_possible_multitemplate        25.52%    passed     71.47%
 289  DSNY-25-1-Rh|nifD|consensus50|pass_mixed_possible_multitemplate        21.15%    passed     64.31%
 290  DSNY-29-1-No|nifD|consensus50|pass_mixed_possible_multitemplate        19.58%    passed     99.61%
 291  DSNY-30-1-Ro|nifD|consensus50|pass_mixed_possible_multitemplate        20.30%    passed     88.42%
 292  DSNY-31-1-No|nifD|consensus50|pass_mixed_possible_multitemplate        18.08%    passed     38.51%
 293  DSNY-31-1-Rh|nifD|consensus50|pass_mixed_possible_multitemplate        16.97%    passed     83.86%
 294  DSNY-31-1-Ro|nifD|consensus50|pass_mixed_possible_multitemplate        21.74%    passed     57.78%
 295  DSNY-3-1-No|nifD|consensus50|pass_mixed_possible_multitemplate         23.04%    passed     84.00%
 296  DSNY-3-1-Rh|nifD|consensus50|pass_mixed_possible_multitemplate         18.54%    passed     98.64%
 297  DSNY-3-1-Ro|nifD|consensus50|pass_mixed_possible_multitemplate         21.41%    passed     97.55%
 298  DSNY-34-1-No|nifD|consensus50|pass_mixed_possible_multitemplate        22.91%    passed     82.90%
 299  DSNY-34-1-Rh|nifD|consensus50|pass_mixed_possible_multitemplate        23.83%    passed     94.14%
 300  DSNY-34-1-Ro|nifD|consensus50|pass_mixed_possible_multitemplate        19.19%    passed     80.81%
 301  DSNY-36-1-No|nifD|consensus50|pass_mixed_possible_multitemplate        20.95%    passed     99.05%
 302  DSNY-36-1-Rh|nifD|consensus50|pass_mixed_possible_multitemplate        22.65%    passed     67.61%
 303  DSNY-36-1-Ro|nifD|consensus50|pass_mixed_possible_multitemplate        25.91%    passed     98.25%
 304  DSNY-37-1-No|nifD|consensus50|pass_mixed_possible_multitemplate        16.84%    passed     14.38%
 305  DSNY-37-1-Rh|nifD|consensus50|pass_mixed_possible_multitemplate        24.22%    passed     96.95%
 306  DSNY-37-1-Ro|nifD|consensus50|pass_mixed_possible_multitemplate        22.65%    passed     93.86%
 307  DSNY-38-3-Ro|nifD|consensus50|pass_mixed_possible_multitemplate        22.72%    passed     74.48%
 308  DSNY-39-4-No|nifD|consensus50|pass_mixed_possible_multitemplate        22.39%    passed     93.36%
 309  DSNY-39-4-Ro|nifD|consensus50|pass_mixed_possible_multitemplate        22.13%    passed     38.45%
 310  DSNY-4-1-No|nifD|consensus50|pass_mixed_possible_multitemplate         22.39%    passed     74.04%
 311  DSNY-43-1-No|nifD|consensus50|pass_mixed_possible_multitemplate        25.07%    passed     94.22%
 312  DSNY-43-1-Rh|nifD|consensus50|pass_mixed_possible_multitemplate        20.30%    passed     64.61%
 313  DSNY-44-1-No|nifD|consensus50|pass_mixed_possible_multitemplate        20.63%    passed     75.36%
 314  DSNY-48-1-Ro|nifD|consensus50|pass_mixed_possible_multitemplate        21.15%    passed     90.27%
 315  DSNY-49-2-Rh|nifD|consensus50|pass_single_dominant                     18.47%    passed     59.01%
 316  DSNY-49-2-Ro|nifD|consensus50|pass_mixed_possible_multitemplate        24.80%    passed     83.58%
 317  DSNY-51-2-No|nifD|consensus50|pass_mixed_possible_multitemplate        17.36%    passed     21.66%
 318  DSNY-5-1-No|nifD|consensus50|pass_mixed_possible_multitemplate         19.52%    passed     96.48%
 319  DSNY-5-1-Rh|nifD|consensus50|pass_mixed_possible_multitemplate         20.76%    passed     81.42%
 320  DSNY-5-1-Ro|nifD|consensus50|pass_mixed_possible_multitemplate         21.74%    passed     97.16%
 321  DSNY-52-1-No|nifD|consensus50|pass_mixed_possible_multitemplate        19.19%    passed     91.58%
 322  DSNY-54-1-No|nifD|consensus50|pass_single_dominant                     19.84%    passed     73.97%
 323  DSNY-57-1-Rh|nifD|consensus50|pass_single_dominant                     20.43%    passed     81.89%
 324  DSNY-57-No|nifD|consensus50|pass_mixed_possible_multitemplate          18.73%    passed     82.88%
 325  DSNY-58-No|nifD|consensus50|pass_mixed_possible_multitemplate          16.38%    passed     22.14%
 326  DSNY-58-Rh|nifD|consensus50|pass_single_dominant                       18.41%    passed     69.22%
 327  DSNY-59-No|nifD|consensus50|pass_mixed_possible_multitemplate          17.23%    passed     34.66%
 328  DSNY-59-Rh|nifD|consensus50|pass_single_dominant                       16.78%    passed     65.67%
 329  DSNY-59-Ro|nifD|consensus50|pass_single_dominant                       18.41%    passed     37.86%
 330  DSNY-6-2-Rh|nifD|consensus50|pass_mixed_possible_multitemplate         21.48%    passed     88.75%
 331  DSNY-63-Ro|nifD|consensus50|pass_mixed_possible_multitemplate          21.74%    passed     80.43%
 332  DSNY-64-2-No|nifD|consensus50|pass_mixed_possible_multitemplate        20.69%    passed     93.42%
 333  DSNY-65-1-No|nifD|consensus50|pass_mixed_possible_multitemplate        14.95%    passed     48.25%
 334  DSNY-65-1-Ro|nifD|consensus50|pass_mixed_possible_multitemplate        19.13%    passed     98.02%
 335  DSNY-66-1-No|nifD|consensus50|pass_mixed_possible_multitemplate        18.99%    passed     96.19%
 336  DSNY-66-1-Rh|nifD|consensus50|pass_mixed_possible_multitemplate        15.67%    passed     63.69%
 337  DSNY-66-1-Ro|nifD|consensus50|pass_mixed_possible_multitemplate        20.04%    passed     96.33%
 338  DSNY-67-3-No|nifD|consensus50|pass_mixed_possible_multitemplate        19.71%    passed     95.94%
 339  DSNY-67-3-Rh|nifD|consensus50|pass_single_dominant                     14.69%    passed     41.88%
 340  DSNY-68-1-No|nifD|consensus50|pass_mixed_possible_multitemplate        17.75%    passed     55.37%
 341  DSNY-68-1-Rh|nifD|consensus50|pass_single_dominant                     18.73%    passed     39.24%
 342  DSNY-68-1-Ro|nifD|consensus50|pass_mixed_possible_multitemplate        17.56%    passed     14.78%
 343  DSNY-69-1-No|nifD|consensus50|pass_mixed_possible_multitemplate        21.54%    passed     85.50%
 344  DSNY-69-1-Ro|nifD|consensus50|pass_mixed_possible_multitemplate        22.32%    passed     86.15%
 345  DSNY-70-1-Rh|nifD|consensus50|pass_mixed_possible_multitemplate        18.02%    passed     52.94%
 346  DSNY-70-1-Ro|nifD|consensus50|pass_mixed_possible_multitemplate        20.50%    passed     72.27%
 347  DSNY-71-1-Ro|nifD|consensus50|pass_mixed_possible_multitemplate        18.67%    passed     50.37%
 348  DSNY-7-1-No|nifD|consensus50|pass_mixed_possible_multitemplate         17.75%    passed     94.85%
 349  DSNY-7-1-Ro|nifD|consensus50|pass_mixed_possible_multitemplate         23.89%    passed     89.34%
 350  DSNY-72-1-Ro|nifD|consensus50|pass_single_dominant                     15.21%    passed     90.28%
 351  DSNY-74-1-No|nifD|consensus50|pass_mixed_possible_multitemplate        20.95%    passed     25.64%
 352  DSNY-74-1-Rh|nifD|consensus50|pass_mixed_possible_multitemplate        17.89%    passed     99.41%
 353  DSNY-74-1-Ro|nifD|consensus50|pass_mixed_possible_multitemplate        21.15%    passed     97.16%
 354  DSNY-75-1-No|nifD|consensus50|pass_mixed_possible_multitemplate        22.13%    passed     97.75%
 355  DSNY-75-1-Rh|nifD|consensus50|pass_mixed_possible_multitemplate        20.04%    passed     96.87%
 356  DSNY-75-1-Ro|nifD|consensus50|pass_mixed_possible_multitemplate        21.34%    passed     97.80%
 357  DSNY-76-1-Rh|nifD|consensus50|pass_mixed_possible_multitemplate        23.37%    passed     95.46%
 358  DSNY-76-1-Ro|nifD|consensus50|pass_mixed_possible_multitemplate        22.39%    passed     81.42%
 359  DSNY-77-3-No|nifD|consensus50|pass_mixed_possible_multitemplate        24.15%    passed     62.61%
 360  DSNY-78-1-No|nifD|consensus50|pass_mixed_possible_multitemplate        15.34%    passed     18.19%
 361  DSNY-79-1-Rh|nifD|consensus50|pass_mixed_possible_multitemplate        20.23%    passed     77.60%
 362  DSNY-79-1-Ro|nifD|consensus50|pass_mixed_possible_multitemplate        21.67%    passed     91.64%
 363  DSNY-80-1-No|nifD|consensus50|pass_mixed_possible_multitemplate        19.19%    passed     14.74%
 364  DSNY-81-1-No|nifD|consensus50|pass_mixed_possible_multitemplate        21.08%    passed     21.55%
 365  DSNY-81-1-Ro|nifD|consensus50|pass_mixed_possible_multitemplate        27.09%    passed     46.30%
 366  DSNY-8-1-No|nifD|consensus50|pass_mixed_possible_multitemplate         19.71%    passed     78.93%
 367  DSNY-8-1-Ro|nifD|consensus50|pass_mixed_possible_multitemplate         18.34%    passed     89.83%
 368  DSNY-82-3-No|nifD|consensus50|pass_single_dominant                     18.80%    passed     77.55%
 369  DSNY-83-1-No|nifD|consensus50|pass_mixed_possible_multitemplate        23.11%    passed     24.74%
 370  DSNY-83-1-Rh|nifD|consensus50|pass_mixed_possible_multitemplate        17.04%    passed     92.90%
 371  DSNY-83-2-Rh|nifD|consensus50|pass_single_dominant                     19.97%    passed     80.21%
 372  DSNY-83-3-Ro|nifD|consensus50|pass_single_dominant                     18.47%    passed     95.13%
 373  DSNY-83-4-Ro|nifD|consensus50|pass_mixed_possible_multitemplate        17.30%    passed     77.71%
 374  DSNY-84-2-Rh|nifD|consensus50|pass_single_dominant                     14.62%    passed      5.57%
 375  DSNY-85-1-No|nifD|consensus50|pass_mixed_possible_multitemplate        18.21%    passed     27.63%
 376  DSNY-85-1-Rh|nifD|consensus50|pass_mixed_possible_multitemplate        18.28%    passed     38.95%
 377  DSNY-86-1-No|nifD|consensus50|pass_mixed_possible_multitemplate        22.52%    passed      9.86%
 378  DSNY-87-1-No|nifD|consensus50|pass_single_dominant                     19.78%    passed      9.54%
 379  DSNY-88-1-Ro|nifD|consensus50|pass_mixed_possible_multitemplate        18.73%    passed     86.43%
 380  DSNY-91-1-Rh|nifD|consensus50|pass_mixed_possible_multitemplate        18.15%    passed     33.00%
 381  DSNY-92-1-Ro|nifD|consensus50|pass_mixed_possible_multitemplate        19.06%    passed     99.47%
 382  DSNY-95-Ro|nifD|consensus50|pass_mixed_possible_multitemplate          24.54%    passed     95.19%
 383  DSNY-96-2-Rh|nifD|consensus50|pass_single_dominant                     17.17%    passed     94.49%
 384  DSNY-98-4-Rh|nifD|consensus50|pass_mixed_possible_multitemplate        21.87%    passed     60.37%
 385  DSNY-99-No|nifD|consensus50|pass_mixed_possible_multitemplate          21.87%    passed     84.33%
 386  DSNY-CLFR-60-Ro|nifD|consensus50|pass_mixed_possible_multitemplate     21.54%    passed     75.24%
 387  DSNY-CRMA-33-1-No|nifD|consensus50|pass_mixed_possible_multitemplate   15.34%    passed     53.23%
 388  DSNY-CRMA-33-1-Rh|nifD|consensus50|pass_mixed_possible_multitemplate   17.04%    passed     57.61%
 389  DSNY-CRMA-33-1-Ro|nifD|consensus50|pass_single_dominant                15.67%    passed     73.61%
 390  DSNY-CRMA-35-1-No|nifD|consensus50|pass_mixed_possible_multitemplate   19.52%    passed     99.80%
 391  DSNY-CRMA-35-1-Rh|nifD|consensus50|pass_mixed_possible_multitemplate   16.51%    passed     61.29%
 392  DSNY-CRMA-35-1-Ro|nifD|consensus50|pass_mixed_possible_multitemplate   19.06%    passed     85.72%
 393  DSNY-GAEL-33-1-No|nifD|consensus50|pass_mixed_possible_multitemplate   18.34%    passed     88.56%
 394  DSNY-GAEL-33-1-Rh|nifD|consensus50|pass_mixed_possible_multitemplate   15.93%    passed     68.84%
 395  DSNY-GAEL-33-1-Ro|nifD|consensus50|pass_mixed_possible_multitemplate   19.45%    passed     95.67%
 396  DSNY-GARE-35-1-No|nifD|consensus50|pass_mixed_possible_multitemplate   18.60%    passed     74.30%
 397  DSNY-GARE-35-1-Rh|nifD|consensus50|pass_single_dominant                18.54%    passed     90.09%
 398  DSNY-GARE-35-1-Ro|nifD|consensus50|pass_mixed_possible_multitemplate   22.39%    passed     99.17%
 399  DSNY-SEHE-60-No|nifD|consensus50|pass_single_dominant                  13.64%    failed      3.64%
 400  DSNY-SEHE-60-Rh|nifD|consensus50|pass_mixed_possible_multitemplate     18.99%    passed     87.81%
 401  DSNY-SEHE-60-Ro|nifD|consensus50|pass_single_dominant                  18.73%    passed     62.37%
 402  GRSM-1-No|nifD|consensus50|pass_single_dominant                        18.73%    failed      4.52%
 403  GUAN-2-No|nifD|consensus50|pass_mixed_possible_multitemplate           16.32%    passed     83.68%
 404  GUAN-2-Ro|nifD|consensus50|pass_mixed_possible_multitemplate           17.36%    passed     62.32%
 405  GUAN-3-No|nifD|consensus50|pass_mixed_possible_multitemplate           20.76%    passed     51.72%
 406  GUAN-5-No|nifD|consensus50|pass_mixed_possible_multitemplate           19.19%    passed     68.11%
 407  GUAN-5-Ro|nifD|consensus50|pass_mixed_possible_multitemplate           23.43%    passed     99.63%
 408  GUAN-6-3-No|nifD|consensus50|pass_single_dominant                      18.99%    passed     66.69%
 409  GUAN-7-1-No|nifD|consensus50|pass_mixed_possible_multitemplate         22.58%    passed     88.62%
 410  GUAN-8-No|nifD|consensus50|pass_single_dominant                        19.71%    passed     88.90%
 411  GUAN-9-1-Rh|nifD|consensus50|pass_mixed_possible_multitemplate         19.19%    passed     70.39%
 412  GUAN-9-1-Ro|nifD|consensus50|pass_mixed_possible_multitemplate         19.71%    passed     66.11%
 413  HARV-1-1-No|nifD|consensus50|pass_mixed_possible_multitemplate         16.25%    passed     39.90%
 414  HARV-1-1-Rh|nifD|consensus50|pass_mixed_possible_multitemplate         20.56%    passed     88.11%
 415  HARV-2-1-No|nifD|consensus50|pass_mixed_possible_multitemplate         23.24%    passed     95.85%
 416  HARV-3-1-Rh|nifD|consensus50|pass_mixed_possible_multitemplate         21.15%    passed     50.98%
 417  HARV-3-1-Ro|nifD|consensus50|pass_mixed_possible_multitemplate         19.91%    passed     70.07%
 418  HARV-4-1-No|nifD|consensus50|pass_single_dominant                      15.99%    passed     39.60%
 419  HARV-4-1-Ro|nifD|consensus50|pass_mixed_possible_multitemplate         19.39%    passed     97.45%
 420  HEAL-10-2-No|nifD|consensus50|pass_mixed_possible_multitemplate        19.97%    passed     58.19%
 421  HEAL-10-2-Rh|nifD|consensus50|pass_mixed_possible_multitemplate        26.31%    passed     87.52%
 422  HEAL-10-2-Ro|nifD|consensus50|pass_mixed_possible_multitemplate        22.19%    passed     63.42%
 423  HEAL-11-1-Rh|nifD|consensus50|pass_single_dominant                     16.45%    passed     68.64%
 424  HEAL-1-2-Rh|nifD|consensus50|pass_single_dominant                      20.23%    passed     83.34%
 425  HEAL-14-1-Rh|nifD|consensus50|pass_single_dominant                     17.17%    passed     63.44%
 426  HEAL-2-1-No|nifD|consensus50|pass_mixed_possible_multitemplate         21.15%    passed     82.03%
 427  HEAL-2-1-Rh|nifD|consensus50|pass_single_dominant                      16.71%    passed     71.47%
 428  HEAL-3-1-No|nifD|consensus50|pass_mixed_possible_multitemplate         22.13%    passed     72.76%
 429  HEAL-4-1-No|nifD|consensus50|pass_mixed_possible_multitemplate         23.69%    passed     84.05%
 430  HEAL-4-1-Ro|nifD|consensus50|pass_mixed_possible_multitemplate         22.45%    passed     91.73%
 431  HEAL-5-2-No|nifD|consensus50|pass_mixed_possible_multitemplate         23.50%    passed     59.02%
 432  HEAL-6-1-Rh|nifD|consensus50|pass_mixed_possible_multitemplate         18.41%    passed     69.20%
 433  HEAL-7-1-Ro|nifD|consensus50|pass_mixed_possible_multitemplate         21.80%    passed     69.75%
 434  HEAL-8-1-No|nifD|consensus50|pass_mixed_possible_multitemplate         20.69%    passed     93.32%
 435  HEAL-8-1-Ro|nifD|consensus50|pass_mixed_possible_multitemplate         23.17%    passed     95.41%
 436  HEAL-9-1-No|nifD|consensus50|pass_mixed_possible_multitemplate         20.10%    passed     95.64%
 437  JERC-100-1-Rh|nifD|consensus50|pass_mixed_possible_multitemplate       19.19%    passed     10.43%
 438  JERC-102-1-Rh|nifD|consensus50|pass_single_dominant                    15.60%    passed     90.45%
 439  JERC-102-1-Ro|nifD|consensus50|pass_mixed_possible_multitemplate       21.61%    passed     21.22%
 440  JERC-10-3-Rh|nifD|consensus50|pass_mixed_possible_multitemplate        22.00%    passed     99.76%
 441  JERC-106-1-No|nifD|consensus50|pass_mixed_possible_multitemplate       18.60%    passed      6.48%
 442  JERC-106-1-Rh|nifD|consensus50|pass_mixed_possible_multitemplate       20.23%    passed     95.67%
 443  JERC-109-1-No|nifD|consensus50|pass_mixed_possible_multitemplate       21.93%    passed     98.35%
 444  JERC-11-1-No|nifD|consensus50|pass_mixed_possible_multitemplate        19.13%    passed     66.17%
 445  JERC-11-1-Rh|nifD|consensus50|pass_single_dominant                     17.89%    passed     85.50%
 446  JERC-11-1-Ro|nifD|consensus50|pass_mixed_possible_multitemplate        19.13%    passed     97.92%
 447  JERC-113-3-No|nifD|consensus50|pass_mixed_possible_multitemplate       15.08%    passed     93.54%
 448  JERC-114-3-Rh|nifD|consensus50|pass_mixed_possible_multitemplate       21.15%    passed     85.54%
 449  JERC-119-No|nifD|consensus50|pass_mixed_possible_multitemplate         17.82%    passed     98.39%
 450  JERC-119-Rh|nifD|consensus50|pass_mixed_possible_multitemplate         15.47%    passed     76.69%
 451  JERC-119-Ro|nifD|consensus50|pass_mixed_possible_multitemplate         17.10%    passed     56.49%
 452  JERC-120-No|nifD|consensus50|pass_mixed_possible_multitemplate         20.76%    passed     56.38%
 453  JERC-120-Rh|nifD|consensus50|pass_mixed_possible_multitemplate         18.28%    passed     98.24%
 454  JERC-12-1-No|nifD|consensus50|pass_mixed_possible_multitemplate        22.13%    passed     87.86%
 455  JERC-121-No|nifD|consensus50|pass_mixed_possible_multitemplate         20.76%    passed     98.84%
 456  JERC-12-1-Rh|nifD|consensus50|pass_mixed_possible_multitemplate        21.93%    passed     91.92%
 457  JERC-121-Rh|nifD|consensus50|pass_mixed_possible_multitemplate         20.10%    passed     17.09%
 458  JERC-12-1-Ro|nifD|consensus50|pass_mixed_possible_multitemplate        20.37%    passed     84.57%
 459  JERC-121-Ro|nifD|consensus50|pass_mixed_possible_multitemplate         18.15%    passed     97.75%
 460  JERC-122-No|nifD|consensus50|pass_mixed_possible_multitemplate         20.30%    passed     95.83%
 461  JERC-122-Rh|nifD|consensus50|pass_mixed_possible_multitemplate         19.19%    passed     62.92%
 462  JERC-122-Ro|nifD|consensus50|pass_mixed_possible_multitemplate         18.60%    passed     73.71%
 463  JERC-123-No|nifD|consensus50|pass_mixed_possible_multitemplate         20.69%    passed     99.33%
 464  JERC-123-Ro|nifD|consensus50|pass_mixed_possible_multitemplate         19.32%    passed     98.89%
 465  JERC-124-2-No|nifD|consensus50|pass_mixed_possible_multitemplate       21.34%    passed     95.46%
 466  JERC-126-4-No|nifD|consensus50|pass_mixed_possible_multitemplate       23.76%    passed     94.27%
 467  JERC-127-2-No|nifD|consensus50|pass_mixed_possible_multitemplate       21.54%    passed     99.66%
 468  JERC-127-2-Rh|nifD|consensus50|pass_mixed_possible_multitemplate       18.80%    passed     99.31%
 469  JERC-127-2-Ro|nifD|consensus50|pass_mixed_possible_multitemplate       19.78%    passed     93.02%
 470  JERC-128-2-Rh|nifD|consensus50|pass_mixed_possible_multitemplate       17.23%    passed     88.30%
 471  JERC-128-2-Ro|nifD|consensus50|pass_mixed_possible_multitemplate       24.22%    passed     90.64%
 472  JERC-129-4-No|nifD|consensus50|pass_mixed_possible_multitemplate       17.75%    passed     99.41%
 473  JERC-129-4-Ro|nifD|consensus50|pass_mixed_possible_multitemplate       22.58%    passed     81.36%
 474  JERC-1-2-No|nifD|consensus50|pass_single_dominant                      15.08%    passed     54.86%
 475  JERC-1-2-Rh|nifD|consensus50|pass_mixed_possible_multitemplate         20.50%    passed     99.87%
 476  JERC-1-2-Ro|nifD|consensus50|pass_mixed_possible_multitemplate         18.15%    passed     86.04%
 477  JERC-131-No|nifD|consensus50|pass_mixed_possible_multitemplate         15.34%    passed     70.00%
 478  JERC-131-Rh|nifD|consensus50|pass_single_dominant                      17.36%    passed     91.13%
 479  JERC-131-Ro|nifD|consensus50|pass_single_dominant                      18.67%    passed     86.18%
 480  JERC-132-3-No|nifD|consensus50|pass_single_dominant                    15.34%    passed     66.95%
 481  JERC-132-3-Rh|nifD|consensus50|pass_mixed_possible_multitemplate       20.43%    passed     85.41%
 482  JERC-13-3-No|nifD|consensus50|pass_mixed_possible_multitemplate        22.39%    passed     93.37%
 483  JERC-13-3-Rh|nifD|consensus50|pass_single_dominant                     21.41%    passed     90.01%
 484  JERC-13-3-Ro|nifD|consensus50|pass_single_dominant                     14.56%    failed      0.07%
 485  JERC-134-3-Ro|nifD|consensus50|pass_mixed_possible_multitemplate       24.74%    passed     91.68%
 486  JERC-135-3-No|nifD|consensus50|pass_mixed_possible_multitemplate       17.49%    passed     97.48%
 487  JERC-135-3-Rh|nifD|consensus50|pass_mixed_possible_multitemplate       17.36%    passed     87.87%
 488  JERC-138-Rh|nifD|consensus50|pass_mixed_possible_multitemplate         18.02%    passed     72.82%
 489  JERC-138-Ro|nifD|consensus50|pass_mixed_possible_multitemplate         21.87%    passed     42.67%
 490  JERC-139-5-No|nifD|consensus50|pass_mixed_possible_multitemplate       22.19%    passed     95.61%
 491  JERC-139-5-Rh|nifD|consensus50|pass_single_dominant                    16.64%    passed     84.35%
 492  JERC-139-5-Ro|nifD|consensus50|pass_mixed_possible_multitemplate       19.13%    passed     75.24%
 493  JERC-140-No|nifD|consensus50|pass_mixed_possible_multitemplate         19.71%    passed     79.35%
 494  JERC-140-Rh|nifD|consensus50|pass_single_dominant                      14.23%    passed     59.24%
 495  JERC-141-Ro|nifD|consensus50|pass_single_dominant                      17.17%    passed     50.23%
 496  JERC-142-No|nifD|consensus50|pass_mixed_possible_multitemplate         18.21%    passed     90.63%
 497  JERC-142-Rh|nifD|consensus50|pass_single_dominant                      19.52%    passed     87.06%
 498  JERC-143-No|nifD|consensus50|pass_mixed_possible_multitemplate         21.34%    failed      0.99%
 499  JERC-143-Ro|nifD|consensus50|pass_mixed_possible_multitemplate         18.47%    passed     84.15%
 500  JERC-144-Rh|nifD|consensus50|pass_mixed_possible_multitemplate         22.13%    passed     94.46%
 501  JERC-145-1-Rh|nifD|consensus50|pass_mixed_possible_multitemplate       17.04%    passed     62.06%
 502  JERC-14-5-No|nifD|consensus50|pass_mixed_possible_multitemplate        19.65%    passed     95.86%
 503  JERC-14-5-Rh|nifD|consensus50|pass_mixed_possible_multitemplate        20.30%    passed     86.95%
 504  JERC-146-Rh|nifD|consensus50|pass_mixed_possible_multitemplate         16.97%    passed     97.48%
 505  JERC-147-Rh|nifD|consensus50|pass_mixed_possible_multitemplate         22.32%    passed      7.06%
 506  JERC-147-Ro|nifD|consensus50|pass_single_dominant                      18.34%    passed     75.95%
 507  JERC-148-Rh|nifD|consensus50|pass_single_dominant                      18.47%    passed     93.39%
 508  JERC-148-Ro|nifD|consensus50|pass_mixed_possible_multitemplate         20.23%    passed     18.39%
 509  JERC-149-Rh|nifD|consensus50|pass_mixed_possible_multitemplate         21.28%    passed     86.60%
 510  JERC-149-Ro|nifD|consensus50|pass_mixed_possible_multitemplate         22.98%    failed      3.56%
 511  JERC-150-Rh|nifD|consensus50|pass_mixed_possible_multitemplate         17.89%    passed     73.63%
 512  JERC-150-Ro|nifD|consensus50|pass_mixed_possible_multitemplate         19.13%    passed     95.28%
 513  JERC-151-No|nifD|consensus50|pass_mixed_possible_multitemplate         21.41%    passed     49.84%
 514  JERC-151-Rh|nifD|consensus50|pass_single_dominant                      16.58%    passed     66.76%
 515  JERC-151-Ro|nifD|consensus50|pass_mixed_possible_multitemplate         23.37%    passed     50.60%
 516  JERC-152-No|nifD|consensus50|pass_mixed_possible_multitemplate         20.04%    passed     27.96%
 517  JERC-152-Rh|nifD|consensus50|pass_mixed_possible_multitemplate         21.28%    passed     75.05%
 518  JERC-152-Ro|nifD|consensus50|pass_single_dominant                      15.99%    passed     94.74%
 519  JERC-153-No|nifD|consensus50|pass_mixed_possible_multitemplate         20.69%    passed     70.07%
 520  JERC-154-Rh|nifD|consensus50|pass_mixed_possible_multitemplate         15.60%    passed     95.44%
 521  JERC-154-Ro|nifD|consensus50|pass_mixed_possible_multitemplate         16.84%    passed     88.82%
 522  JERC-155-No|nifD|consensus50|pass_single_dominant                      14.62%    passed     61.98%
 523  JERC-155-Rh|nifD|consensus50|pass_single_dominant                      15.80%    passed     82.25%
 524  JERC-155-Ro|nifD|consensus50|pass_mixed_possible_multitemplate         18.47%    passed     69.93%
 525  JERC-156-No|nifD|consensus50|pass_mixed_possible_multitemplate         17.75%    passed     94.31%
 526  JERC-156-Rh|nifD|consensus50|pass_mixed_possible_multitemplate         18.86%    passed     98.01%
 527  JERC-156-Ro|nifD|consensus50|pass_mixed_possible_multitemplate         16.71%    passed     79.99%
 528  JERC-157-2-No|nifD|consensus50|pass_mixed_possible_multitemplate       20.82%    passed     54.83%
 529  JERC-157-2-Rh|nifD|consensus50|pass_mixed_possible_multitemplate       17.82%    passed     71.31%
 530  JERC-158-Ro|nifD|consensus50|pass_single_dominant                      15.93%    passed     92.76%
 531  JERC-160-Rh|nifD|consensus50|pass_single_dominant                      14.88%    passed     78.66%
 532  JERC-161-No|nifD|consensus50|pass_mixed_possible_multitemplate         18.02%    passed     69.67%
 533  JERC-161-Rh|nifD|consensus50|pass_single_dominant                      14.82%    passed     77.59%
 534  JERC-161-Ro|nifD|consensus50|pass_mixed_possible_multitemplate         20.56%    passed     79.09%
 535  JERC-16-2-Rh|nifD|consensus50|pass_mixed_possible_multitemplate        20.10%    passed     99.15%
 536  JERC-16-2-Ro|nifD|consensus50|pass_single_dominant                     18.28%    passed     97.72%
 537  JERC-163-Rh|nifD|consensus50|pass_mixed_possible_multitemplate         20.37%    passed     67.73%
 538  JERC-164-Rh|nifD|consensus50|pass_mixed_possible_multitemplate         20.43%    passed     97.23%
 539  JERC-164-Ro|nifD|consensus50|pass_mixed_possible_multitemplate         18.08%    passed     92.21%
 540  JERC-165-No|nifD|consensus50|pass_mixed_possible_multitemplate         16.71%    passed     91.41%
 541  JERC-165-Ro|nifD|consensus50|pass_mixed_possible_multitemplate         25.85%    passed     98.92%
 542  JERC-167-No|nifD|consensus50|pass_mixed_possible_multitemplate         19.45%    passed     91.12%
 543  JERC-167-Rh|nifD|consensus50|pass_mixed_possible_multitemplate         19.19%    passed     97.33%
 544  JERC-168-Rh|nifD|consensus50|pass_mixed_possible_multitemplate         18.02%    passed     99.07%
 545  JERC-169-No|nifD|consensus50|pass_mixed_possible_multitemplate         15.54%    passed     82.99%
 546  JERC-169-Rh|nifD|consensus50|pass_mixed_possible_multitemplate         19.52%    passed     53.43%
 547  JERC-170-No|nifD|consensus50|pass_mixed_possible_multitemplate         21.21%    passed     98.88%
 548  JERC-170-Rh|nifD|consensus50|pass_single_dominant                      20.50%    passed     92.14%
 549  JERC-171-No|nifD|consensus50|pass_mixed_possible_multitemplate         17.30%    passed     90.78%
 550  JERC-171-Ro|nifD|consensus50|pass_mixed_possible_multitemplate         19.58%    passed     95.42%
 551  JERC-172-2-No|nifD|consensus50|pass_mixed_possible_multitemplate       19.97%    passed     84.82%
 552  JERC-172-2-Rh|nifD|consensus50|pass_mixed_possible_multitemplate       16.78%    passed     79.13%
 553  JERC-172-2-Ro|nifD|consensus50|pass_mixed_possible_multitemplate       18.02%    passed     94.14%
 554  JERC-173-1-Rh|nifD|consensus50|pass_mixed_possible_multitemplate       15.54%    passed     75.82%
 555  JERC-175-1-No|nifD|consensus50|pass_mixed_possible_multitemplate       15.21%    passed     87.47%
 556  JERC-176-5-No|nifD|consensus50|pass_mixed_possible_multitemplate       16.97%    passed     57.29%
 557  JERC-177-No|nifD|consensus50|pass_mixed_possible_multitemplate         18.67%    passed     84.72%
 558  JERC-177-Rh|nifD|consensus50|pass_mixed_possible_multitemplate         17.10%    passed     84.38%
 559  JERC-177-Ro|nifD|consensus50|pass_single_dominant                      18.41%    passed     53.93%
 560  JERC-179-4-Ro|nifD|consensus50|pass_mixed_possible_multitemplate       21.61%    passed     49.97%
 561  JERC-180-5-No|nifD|consensus50|pass_mixed_possible_multitemplate       21.80%    passed     88.46%
 562  JERC-180-5-Rh|nifD|consensus50|pass_single_dominant                    19.13%    passed     61.04%
 563  JERC-181-1-Rh|nifD|consensus50|pass_single_dominant                    20.17%    passed     84.35%
 564  JERC-18-2-Rh|nifD|consensus50|pass_mixed_possible_multitemplate        20.95%    passed     94.55%
 565  JERC-18-2-Ro|nifD|consensus50|pass_single_dominant                     16.58%    passed     99.25%
 566  JERC-183-3-No|nifD|consensus50|pass_mixed_possible_multitemplate       26.96%    passed     99.88%
 567  JERC-186-1-Ro|nifD|consensus50|pass_single_dominant                    16.64%    passed     59.81%
 568  JERC-189-1-Rh|nifD|consensus50|pass_mixed_possible_multitemplate       15.99%    passed     78.28%
 569  JERC-191-1-No|nifD|consensus50|pass_mixed_possible_multitemplate       19.19%    passed     98.39%
 570  JERC-196-3-No|nifD|consensus50|pass_mixed_possible_multitemplate       19.06%    passed     71.20%
 571  JERC-197-1-No|nifD|consensus50|pass_mixed_possible_multitemplate       17.17%    passed     98.35%
 572  JERC-197-1-Ro|nifD|consensus50|pass_mixed_possible_multitemplate       17.17%    passed     98.97%
 573  JERC-198-No|nifD|consensus50|pass_mixed_possible_multitemplate         21.02%    passed     16.79%
 574  JERC-198-Rh|nifD|consensus50|pass_single_dominant                      17.23%    passed     94.72%
 575  JERC-198-Ro|nifD|consensus50|pass_mixed_possible_multitemplate         20.04%    passed     56.46%
 576  JERC-199-No|nifD|consensus50|pass_mixed_possible_multitemplate         18.21%    passed     88.54%
 577  JERC-199-Ro|nifD|consensus50|pass_mixed_possible_multitemplate         25.91%    passed     75.92%
 578  JERC-201-1-No|nifD|consensus50|pass_mixed_possible_multitemplate       15.47%    passed     84.74%
 579  JERC-20-1-No|nifD|consensus50|pass_mixed_possible_multitemplate        20.63%    passed     43.00%
 580  JERC-20-1-Rh|nifD|consensus50|pass_mixed_possible_multitemplate        20.50%    passed     90.88%
 581  JERC-20-1-Ro|nifD|consensus50|pass_mixed_possible_multitemplate        23.04%    passed     84.26%
 582  JERC-202-1-No|nifD|consensus50|pass_mixed_possible_multitemplate       21.28%    passed     86.29%
 583  JERC-203-1-No|nifD|consensus50|pass_mixed_possible_multitemplate       16.45%    passed     54.27%
 584  JERC-204-1-No|nifD|consensus50|pass_mixed_possible_multitemplate       16.12%    passed     63.01%
 585  JERC-204-1-Ro|nifD|consensus50|pass_mixed_possible_multitemplate       26.37%    failed      3.23%
 586  JERC-2-1-No|nifD|consensus50|pass_single_dominant                      14.69%    failed      0.11%
 587  JERC-2-1-Rh|nifD|consensus50|pass_mixed_possible_multitemplate         27.15%    passed     41.39%
 588  JERC-2-1-Ro|nifD|consensus50|pass_mixed_possible_multitemplate         26.24%    passed     75.90%
 589  JERC-23-1-No|nifD|consensus50|pass_mixed_possible_multitemplate        19.45%    passed     84.85%
 590  JERC-23-1-Rh|nifD|consensus50|pass_mixed_possible_multitemplate        17.10%    passed     31.69%
 591  JERC-25-1-No|nifD|consensus50|pass_mixed_possible_multitemplate        21.93%    passed     86.47%
 592  JERC-25-1-Rh|nifD|consensus50|pass_mixed_possible_multitemplate        17.75%    passed     54.21%
 593  JERC-25-1-Ro|nifD|consensus50|pass_mixed_possible_multitemplate        23.76%    passed     88.80%
 594  JERC-26-5-No|nifD|consensus50|pass_mixed_possible_multitemplate        19.39%    passed     43.74%
 595  JERC-27-2-No|nifD|consensus50|pass_mixed_possible_multitemplate        15.93%    passed     89.94%
 596  JERC-28-4-Rh|nifD|consensus50|pass_mixed_possible_multitemplate        19.91%    passed     71.63%
 597  JERC-28-4-Ro|nifD|consensus50|pass_mixed_possible_multitemplate        22.39%    passed     97.63%
 598  JERC-30-3-Rh|nifD|consensus50|pass_mixed_possible_multitemplate        18.80%    passed     98.57%
 599  JERC-30-3-Ro|nifD|consensus50|pass_mixed_possible_multitemplate        19.45%    passed     92.86%
 600  JERC-3-1-No|nifD|consensus50|pass_single_dominant                      16.58%    failed      0.10%
 601  JERC-3-1-Rh|nifD|consensus50|pass_mixed_possible_multitemplate         23.69%    passed     97.95%
 602  JERC-3-1-Ro|nifD|consensus50|pass_mixed_possible_multitemplate         23.76%    passed     30.71%
 603  JERC-34-4-No|nifD|consensus50|pass_single_dominant                     14.49%    passed     58.56%
 604  JERC-37-2-No|nifD|consensus50|pass_mixed_possible_multitemplate        16.58%    passed     24.63%
 605  JERC-38-2-No|nifD|consensus50|pass_mixed_possible_multitemplate        19.91%    passed     88.19%
 606  JERC-4-1-No|nifD|consensus50|pass_mixed_possible_multitemplate         17.69%    failed      0.04%
 607  JERC-4-1-Rh|nifD|consensus50|pass_mixed_possible_multitemplate         21.02%    passed     94.77%
 608  JERC-42-1-No|nifD|consensus50|pass_mixed_possible_multitemplate        18.21%    passed     69.95%
 609  JERC-42-1-Ro|nifD|consensus50|pass_mixed_possible_multitemplate        22.13%    passed     83.73%
 610  JERC-44-2-No|nifD|consensus50|pass_mixed_possible_multitemplate        25.26%    passed     55.06%
 611  JERC-45-5-Ro|nifD|consensus50|pass_mixed_possible_multitemplate        20.56%    passed     97.48%
 612  JERC-46-1-Rh|nifD|consensus50|pass_mixed_possible_multitemplate        18.47%    passed     75.57%
 613  JERC-46-1-Ro|nifD|consensus50|pass_mixed_possible_multitemplate        23.56%    passed     79.43%
 614  JERC-47-2-No|nifD|consensus50|pass_mixed_possible_multitemplate        19.65%    passed     90.02%
 615  JERC-47-2-Rh|nifD|consensus50|pass_mixed_possible_multitemplate        15.93%    passed     54.53%
 616  JERC-47-2-Ro|nifD|consensus50|pass_mixed_possible_multitemplate        17.49%    passed     63.18%
 617  JERC-48-3-No|nifD|consensus50|pass_single_dominant                     18.80%    passed     49.74%
 618  JERC-48-3-Rh|nifD|consensus50|pass_mixed_possible_multitemplate        16.84%    passed     80.10%
 619  JERC-48-3-Ro|nifD|consensus50|pass_mixed_possible_multitemplate        16.51%    passed     38.81%
 620  JERC-49-2-Rh|nifD|consensus50|pass_mixed_possible_multitemplate        15.67%    passed     47.62%
 621  JERC-49-2-Ro|nifD|consensus50|pass_mixed_possible_multitemplate        17.17%    passed     77.21%
 622  JERC-50-5-No|nifD|consensus50|pass_mixed_possible_multitemplate        20.95%    passed     91.82%
 623  JERC-50-5-Rh|nifD|consensus50|pass_mixed_possible_multitemplate        15.60%    passed     70.68%
 624  JERC-50-5-Ro|nifD|consensus50|pass_mixed_possible_multitemplate        15.47%    passed     50.17%
 625  JERC-51-1-No|nifD|consensus50|pass_mixed_possible_multitemplate        26.31%    passed     84.75%
 626  JERC-53-5-No|nifD|consensus50|pass_mixed_possible_multitemplate        22.52%    passed     93.70%
 627  JERC-53-5-Rh|nifD|consensus50|pass_mixed_possible_multitemplate        21.74%    passed     87.73%
 628  JERC-5-3-No|nifD|consensus50|pass_mixed_possible_multitemplate         17.89%    failed      0.25%
 629  JERC-5-3-Rh|nifD|consensus50|pass_single_dominant                      17.69%    passed     95.04%
 630  JERC-5-3-Ro|nifD|consensus50|pass_mixed_possible_multitemplate         22.52%    passed     88.73%
 631  JERC-54-2-Rh|nifD|consensus50|pass_mixed_possible_multitemplate        16.91%    passed     88.57%
 632  JERC-54-2-Ro|nifD|consensus50|pass_single_dominant                     17.95%    passed     18.30%
 633  JERC-6-3-No|nifD|consensus50|pass_mixed_possible_multitemplate         17.75%    passed     29.53%
 634  JERC-6-3-Rh|nifD|consensus50|pass_single_dominant                      18.47%    passed     98.17%
 635  JERC-7-2-No|nifD|consensus50|pass_mixed_possible_multitemplate         21.02%    passed     93.68%
 636  JERC-7-2-Rh|nifD|consensus50|pass_mixed_possible_multitemplate         19.65%    passed     89.35%
 637  JERC-7-2-Ro|nifD|consensus50|pass_mixed_possible_multitemplate         18.21%    passed     95.71%
 638  JERC-8-2-No|nifD|consensus50|pass_single_dominant                      15.47%    passed     80.00%
 639  JERC-8-2-Rh|nifD|consensus50|pass_single_dominant                      16.38%    passed     93.81%
 640  JERC-84-3-No|nifD|consensus50|pass_mixed_possible_multitemplate        22.52%    passed     72.36%
 641  JERC-87-1-No|nifD|consensus50|pass_mixed_possible_multitemplate        25.52%    passed     54.53%
 642  JERC-87-1-Rh|nifD|consensus50|pass_mixed_possible_multitemplate        24.09%    passed     71.59%
 643  JERC-87-1-Ro|nifD|consensus50|pass_mixed_possible_multitemplate        17.04%    passed     78.54%
 644  JERC-88-1-Rh|nifD|consensus50|pass_single_dominant                     16.38%    passed     93.17%
 645  JERC-88-1-Ro|nifD|consensus50|pass_single_dominant                     20.10%    passed     57.77%
 646  JERC-89-1-No|nifD|consensus50|pass_mixed_possible_multitemplate        22.06%    passed     19.01%
 647  JERC-89-1-Ro|nifD|consensus50|pass_mixed_possible_multitemplate        19.13%    passed     87.99%
 648  JERC-90-1-No|nifD|consensus50|pass_mixed_possible_multitemplate        20.04%    passed     97.43%
 649  JERC-90-1-Rh|nifD|consensus50|pass_mixed_possible_multitemplate        20.37%    passed     96.53%
 650  JERC-90-1-Ro|nifD|consensus50|pass_mixed_possible_multitemplate        21.08%    passed     91.76%
 651  JERC-93-1-No|nifD|consensus50|pass_mixed_possible_multitemplate        19.06%    passed     87.10%
 652  JERC-93-1-Rh|nifD|consensus50|pass_mixed_possible_multitemplate        16.38%    passed     83.23%
 653  JERC-93-1-Ro|nifD|consensus50|pass_mixed_possible_multitemplate        22.26%    passed     82.67%
 654  JERC-94-1-No|nifD|consensus50|pass_single_dominant                     14.30%    passed     94.68%
 655  JERC-94-1-Rh|nifD|consensus50|pass_mixed_possible_multitemplate        18.93%    passed     89.07%
 656  JERC-94-1-Ro|nifD|consensus50|pass_mixed_possible_multitemplate        22.00%    passed     99.70%
 657  JERC-98-1-No|nifD|consensus50|pass_mixed_possible_multitemplate        19.45%    passed     89.74%
 658  JERC-98-1-Rh|nifD|consensus50|pass_single_dominant                     20.37%    passed     64.83%
 659  JERC-98-1-Ro|nifD|consensus50|pass_single_dominant                     15.40%    passed     97.52%
 660  JERC-98-2-No|nifD|consensus50|pass_single_dominant                     14.82%    passed     76.38%
 661  JERC-98-2-Rh|nifD|consensus50|pass_mixed_possible_multitemplate        19.78%    passed     79.94%
 662  JERC-98-3-Ro|nifD|consensus50|pass_mixed_possible_multitemplate        18.47%    passed     99.58%
 663  JERC-98-4-No|nifD|consensus50|pass_mixed_possible_multitemplate        19.58%    passed     90.70%
 664  JERC-99-1-Rh|nifD|consensus50|pass_single_dominant                     18.15%    passed     83.28%
 665  JERC-99-1-Ro|nifD|consensus50|pass_mixed_possible_multitemplate        16.45%    passed     80.77%
 666  JERC-99-2-No|nifD|consensus50|pass_mixed_possible_multitemplate        21.93%    passed     55.13%
 667  JERC-99-3-No|nifD|consensus50|pass_mixed_possible_multitemplate        19.65%    passed     97.03%
 668  JERC-99-4-No|nifD|consensus50|pass_single_dominant                     19.13%    passed     23.89%
 669  JERC-99-4-Rh|nifD|consensus50|pass_mixed_possible_multitemplate        18.99%    passed     92.06%
 670  JERC-AMFR-56-1-No|nifD|consensus50|pass_single_dominant                15.01%    passed     58.60%
 671  JERC-AMFR-56-1-Rh|nifD|consensus50|pass_mixed_possible_multitemplate   18.08%    passed     80.71%
 672  JERC-AMFR-56-1-Ro|nifD|consensus50|pass_mixed_possible_multitemplate   17.82%    passed     97.01%
 673  JERC-AMFU-71-1-No|nifD|consensus50|pass_mixed_possible_multitemplate   15.47%    passed     72.09%
 674  JERC-AMFU-71-1-Rh|nifD|consensus50|pass_single_dominant                15.93%    passed     64.35%
 675  JERC-AMFU-71-1-Ro|nifD|consensus50|pass_mixed_possible_multitemplate   16.64%    passed     81.19%
 676  JERC-CERE-67-1-No|nifD|consensus50|pass_mixed_possible_multitemplate   18.86%    passed     99.65%
 677  JERC-CHNI-60-3-Rh|nifD|consensus50|pass_mixed_possible_multitemplate   21.41%    passed     68.93%
 678  JERC-CHNI-69-4-Rh|nifD|consensus50|pass_single_dominant                19.45%    passed     47.11%
 679  JERC-CLMA-62-5-Rh|nifD|consensus50|pass_mixed_possible_multitemplate   16.19%    passed     44.86%
 680  JERC-CLMA-76-2-Rh|nifD|consensus50|pass_mixed_possible_multitemplate   19.65%    passed     52.89%
 681  JERC-CLMA-83-1-Rh|nifD|consensus50|pass_mixed_possible_multitemplate   18.86%    passed     70.91%
 682  JERC-CLMA-83-1-Ro|nifD|consensus50|pass_mixed_possible_multitemplate   18.08%    passed     92.64%
 683  JERC-CRJU-86-1-No|nifD|consensus50|pass_mixed_possible_multitemplate   18.15%    passed      8.10%
 684  JERC-CRJU-86-1-Rh|nifD|consensus50|pass_mixed_possible_multitemplate   19.32%    passed     71.28%
 685  JERC-CRRO-70-1-Ro|nifD|consensus50|pass_single_dominant                18.41%    passed     47.04%
 686  JERC-DEFL-31-5-Rh|nifD|consensus50|pass_single_dominant                15.14%    passed     76.59%
 687  JERC-DEFL-61-3-Rh|nifD|consensus50|pass_mixed_possible_multitemplate   22.00%    passed     97.28%
 688  JERC-DEFL-61-3-Ro|nifD|consensus50|pass_mixed_possible_multitemplate   22.39%    passed     93.94%
 689  JERC-DEFL-75-3-Rh|nifD|consensus50|pass_single_dominant                15.80%    passed     73.09%
 690  JERC-DEFL-75-3-Ro|nifD|consensus50|pass_single_dominant                18.86%    passed     42.80%
 691  JERC-DELI-77-2-No|nifD|consensus50|pass_mixed_possible_multitemplate   19.32%    passed     75.40%
 692  JERC-DESM-74-1-No|nifD|consensus50|pass_single_dominant                15.86%    passed     73.79%
 693  JERC-DESM-74-1-Ro|nifD|consensus50|pass_mixed_possible_multitemplate   21.74%    passed     93.69%
 694  JERC-DEST-32-1-No|nifD|consensus50|pass_mixed_possible_multitemplate   22.85%    passed     19.70%
 695  JERC-DEST-32-1-Rh|nifD|consensus50|pass_single_dominant                15.99%    passed     31.47%
 696  JERC-DEST-32-1-Ro|nifD|consensus50|pass_single_dominant                14.95%    passed     68.16%
 697  JERC-DEST-65-5-No|nifD|consensus50|pass_mixed_possible_multitemplate   20.10%    passed     51.56%
 698  JERC-DEST-68-4-Rh|nifD|consensus50|pass_single_dominant                20.04%    passed     45.14%
 699  JERC-GAVO-33-1-No|nifD|consensus50|pass_mixed_possible_multitemplate   17.82%    passed     95.18%
 700  JERC-GAVO-33-1-Rh|nifD|consensus50|pass_single_dominant                14.49%    passed     76.65%
 701  JERC-GAVO-33-1-Ro|nifD|consensus50|pass_single_dominant                19.32%    passed     48.90%
 702  JERC-LEHI-82-3-Ro|nifD|consensus50|pass_single_dominant                16.64%    passed     94.26%
 703  JERC-LEST-78-5-No|nifD|consensus50|pass_single_dominant                19.32%    passed     75.17%
 704  JERC-LEST-78-5-Rh|nifD|consensus50|pass_single_dominant                19.65%    passed     64.21%
 705  JERC-LEST-78-5-Ro|nifD|consensus50|pass_single_dominant                18.28%    passed     61.23%
 706  JERC-LEVI-79-2-Rh|nifD|consensus50|pass_single_dominant                18.67%    passed     41.80%
 707  JERC-RHDI-59-3-Rh|nifD|consensus50|pass_mixed_possible_multitemplate   23.83%    passed     99.88%
 708  JERC-RHDI-59-3-Ro|nifD|consensus50|pass_mixed_possible_multitemplate   23.37%    passed     88.34%
 709  JERC-RHRE-55-1-No|nifD|consensus50|pass_mixed_possible_multitemplate   22.32%    passed     55.57%
 710  JERC-RHRE-55-1-Rh|nifD|consensus50|pass_mixed_possible_multitemplate   22.19%    passed     87.21%
 711  JERC-RHTO-58-1-No|nifD|consensus50|pass_mixed_possible_multitemplate   22.58%    passed     66.52%
 712  JERC-RHTO-58-1-Rh|nifD|consensus50|pass_mixed_possible_multitemplate   20.76%    passed     84.47%
 713  JERC-RHTO-58-1-Ro|nifD|consensus50|pass_mixed_possible_multitemplate   21.87%    passed     88.85%
 714  JERC-STBI-63-1-Rh|nifD|consensus50|pass_mixed_possible_multitemplate   19.06%    passed     85.80%
 715  JERC-TECW-66-3-No|nifD|consensus50|pass_mixed_possible_multitemplate   18.67%    passed     89.32%
 716  JORN-1-No|nifD|consensus50|pass_single_dominant                        14.23%    passed     90.71%
 717  JORN-1-Rh|nifD|consensus50|pass_mixed_possible_multitemplate           16.84%    passed     96.52%
 718  JORN-1-Ro|nifD|consensus50|pass_mixed_possible_multitemplate           22.19%    passed     95.81%
 719  JORN-2-1-No|nifD|consensus50|pass_mixed_possible_multitemplate         20.63%    passed     92.77%
 720  JORN-2-1-Rh|nifD|consensus50|pass_mixed_possible_multitemplate         20.82%    passed     95.46%
 721  JORN-2-1-Ro|nifD|consensus50|pass_mixed_possible_multitemplate         21.87%    passed     83.37%
 722  JORN-3-1-No|nifD|consensus50|pass_mixed_possible_multitemplate         21.41%    passed     97.22%
 723  JORN-3-1-Rh|nifD|consensus50|pass_mixed_possible_multitemplate         19.06%    passed     99.91%
 724  JORN-3-1-Ro|nifD|consensus50|pass_mixed_possible_multitemplate         21.34%    passed     94.76%
 725  JORN-4-1-No|nifD|consensus50|pass_mixed_possible_multitemplate         20.76%    passed     97.35%
 726  JORN-4-1-Rh|nifD|consensus50|pass_mixed_possible_multitemplate         19.78%    passed     92.31%
 727  JORN-4-1-Ro|nifD|consensus50|pass_mixed_possible_multitemplate         19.19%    passed     96.59%
 728  KONA-1-1-No|nifD|consensus50|pass_mixed_possible_multitemplate         16.58%    passed     47.82%
 729  KONA-1-1-Rh|nifD|consensus50|pass_mixed_possible_multitemplate         19.19%    passed     96.59%
 730  KONA-1-1-Ro|nifD|consensus50|pass_mixed_possible_multitemplate         19.19%    passed     96.59%
 731  KONA-2-1-No|nifD|consensus50|pass_mixed_possible_multitemplate         19.19%    passed     96.59%
 732  KONA-2-1-Rh|nifD|consensus50|pass_mixed_possible_multitemplate         19.19%    passed     96.59%
 733  KONA-2-1-Ro|nifD|consensus50|pass_mixed_possible_multitemplate         19.19%    passed     96.59%
 734  KONA-3-1-No|nifD|consensus50|pass_mixed_possible_multitemplate         19.19%    passed     96.59%
 735  KONA-3-1-Rh|nifD|consensus50|pass_mixed_possible_multitemplate         19.19%    passed     96.59%
 736  KONA-3-1-Ro|nifD|consensus50|pass_mixed_possible_multitemplate         19.91%    passed     62.54%
 737  KONZ-10-1-No|nifD|consensus50|pass_mixed_possible_multitemplate        18.67%    passed     73.45%
 738  KONZ-10-1-Rh|nifD|consensus50|pass_mixed_possible_multitemplate        23.04%    passed     75.88%
 739  KONZ-10-1-Ro|nifD|consensus50|pass_mixed_possible_multitemplate        25.20%    passed     89.92%
 740  KONZ-11-1-No|nifD|consensus50|pass_mixed_possible_multitemplate        16.91%    passed     65.65%
 741  KONZ-11-1-Rh|nifD|consensus50|pass_single_dominant                     19.26%    passed     66.03%
 742  KONZ-12-1-No|nifD|consensus50|pass_single_dominant                     14.36%    passed     67.24%
 743  KONZ-12-1-Rh|nifD|consensus50|pass_single_dominant                     17.17%    passed     84.99%
 744  KONZ-12-1-Ro|nifD|consensus50|pass_mixed_possible_multitemplate        19.26%    passed     60.53%
 745  KONZ-13-1-Ro|nifD|consensus50|pass_mixed_possible_multitemplate        24.09%    passed     86.97%
 746  KONZ-14-1-Rh|nifD|consensus50|pass_mixed_possible_multitemplate        16.97%    passed     83.03%
 747  KONZ-15-1-Rh|nifD|consensus50|pass_single_dominant                     14.23%    passed     60.41%
 748  KONZ-15-1-Ro|nifD|consensus50|pass_mixed_possible_multitemplate        17.75%    passed     91.75%
 749  KONZ-1-No|nifD|consensus50|pass_mixed_possible_multitemplate           17.69%    passed     22.85%
 750  KONZ-1-Rh|nifD|consensus50|pass_single_dominant                        16.32%    passed     40.79%
 751  KONZ-1-Ro|nifD|consensus50|pass_single_dominant                        16.84%    failed      4.04%
 752  KONZ-2-1-No|nifD|consensus50|pass_mixed_possible_multitemplate         19.06%    passed     75.90%
 753  KONZ-2-1-Rh|nifD|consensus50|pass_mixed_possible_multitemplate         18.21%    passed     59.39%
 754  KONZ-2-1-Ro|nifD|consensus50|pass_mixed_possible_multitemplate         22.06%    passed     99.66%
 755  KONZ-3-1-No|nifD|consensus50|pass_mixed_possible_multitemplate         18.21%    passed     90.80%
 756  KONZ-3-1-Rh|nifD|consensus50|pass_single_dominant                      14.88%    passed     78.48%
 757  KONZ-3-1-Ro|nifD|consensus50|pass_mixed_possible_multitemplate         16.06%    passed     68.83%
 758  KONZ-4-1-No|nifD|consensus50|pass_mixed_possible_multitemplate         18.02%    passed     78.18%
 759  KONZ-4-1-Rh|nifD|consensus50|pass_mixed_possible_multitemplate         21.87%    passed     95.48%
 760  KONZ-4-1-Ro|nifD|consensus50|pass_mixed_possible_multitemplate         19.84%    passed     62.17%
 761  KONZ-5-1-No|nifD|consensus50|pass_mixed_possible_multitemplate         18.99%    passed     44.65%
 762  KONZ-5-1-Rh|nifD|consensus50|pass_mixed_possible_multitemplate         18.54%    passed     87.61%
 763  KONZ-5-1-Ro|nifD|consensus50|pass_single_dominant                      14.62%    passed     51.52%
 764  KONZ-6-1-No|nifD|consensus50|pass_single_dominant                      14.16%    passed     82.12%
 765  KONZ-6-1-Rh|nifD|consensus50|pass_single_dominant                      14.49%    passed     61.26%
 766  KONZ-6-1-Ro|nifD|consensus50|pass_mixed_possible_multitemplate         20.50%    passed     92.18%
 767  KONZ-7-1-No|nifD|consensus50|pass_mixed_possible_multitemplate         17.43%    passed     44.22%
 768  KONZ-7-1-Rh|nifD|consensus50|pass_mixed_possible_multitemplate         15.99%    passed     68.14%
 769  KONZ-7-1-Ro|nifD|consensus50|pass_mixed_possible_multitemplate         24.15%    passed     79.42%
 770  KONZ-8-1-No|nifD|consensus50|pass_mixed_possible_multitemplate         16.58%    passed     99.95%
 771  KONZ-8-1-Rh|nifD|consensus50|pass_mixed_possible_multitemplate         16.32%    passed     56.04%
 772  KONZ-8-1-Ro|nifD|consensus50|pass_mixed_possible_multitemplate         23.17%    passed     72.85%
 773  KONZ-9-2-No|nifD|consensus50|pass_mixed_possible_multitemplate         17.23%    passed     30.15%
 774  KONZ-9-2-Ro|nifD|consensus50|pass_mixed_possible_multitemplate         23.17%    passed     97.46%
 775  LAJA-11-3-No|nifD|consensus50|pass_mixed_possible_multitemplate        17.62%    passed     23.11%
 776  LAJA-1-1-No|nifD|consensus50|pass_single_dominant                      15.80%    passed     96.04%
 777  LAJA-1-1-Rh|nifD|consensus50|pass_mixed_possible_multitemplate         16.84%    passed     89.17%
 778  LAJA-12-1-Ro|nifD|consensus50|pass_mixed_possible_multitemplate        24.67%    passed     69.92%
 779  LAJA-1-2-Rh|nifD|consensus50|pass_mixed_possible_multitemplate         26.50%    passed     75.63%
 780  LAJA-13-3-Rh|nifD|consensus50|pass_mixed_possible_multitemplate        27.55%    passed     89.37%
 781  LAJA-1-3-Rh|nifD|consensus50|pass_mixed_possible_multitemplate         22.06%    passed     83.31%
 782  LAJA-14-1-No|nifD|consensus50|pass_mixed_possible_multitemplate        25.39%    passed     57.40%
 783  LAJA-14-1-Rh|nifD|consensus50|pass_mixed_possible_multitemplate        23.96%    passed     83.83%
 784  LAJA-15-1-No|nifD|consensus50|pass_mixed_possible_multitemplate        16.19%    passed     51.23%
 785  LAJA-16-2-Ro|nifD|consensus50|pass_mixed_possible_multitemplate        28.33%    passed     67.58%
 786  LAJA-17-1-Rh|nifD|consensus50|pass_mixed_possible_multitemplate        26.31%    passed     69.29%
 787  LAJA-17-1-Ro|nifD|consensus50|pass_mixed_possible_multitemplate        25.26%    passed     44.37%
 788  LAJA-18-1-No|nifD|consensus50|pass_mixed_possible_multitemplate        23.30%    passed     63.11%
 789  LAJA-19-2-Ro|nifD|consensus50|pass_mixed_possible_multitemplate        23.83%    passed     57.77%
 790  LAJA-20-1-No|nifD|consensus50|pass_mixed_possible_multitemplate        19.52%    passed     80.23%
 791  LAJA-20-1-Ro|nifD|consensus50|pass_mixed_possible_multitemplate        23.17%    passed     80.11%
 792  LAJA-21-1-No|nifD|consensus50|pass_mixed_possible_multitemplate        18.86%    passed     23.06%
 793  LAJA-21-1-Ro|nifD|consensus50|pass_mixed_possible_multitemplate        22.26%    passed     75.38%
 794  LAJA-2-1-Rh|nifD|consensus50|pass_mixed_possible_multitemplate         21.61%    passed     71.80%
 795  LAJA-22-2-No|nifD|consensus50|pass_mixed_possible_multitemplate        16.91%    passed     40.50%
 796  LAJA-22-2-Rh|nifD|consensus50|pass_mixed_possible_multitemplate        23.11%    passed     99.16%
 797  LAJA-2-2-Rh|nifD|consensus50|pass_mixed_possible_multitemplate         25.13%    passed     63.99%
 798  LAJA-2-2-Ro|nifD|consensus50|pass_mixed_possible_multitemplate         22.98%    passed     94.87%
 799  LAJA-23-1-No|nifD|consensus50|pass_mixed_possible_multitemplate        22.72%    passed     91.12%
 800  LAJA-23-1-Rh|nifD|consensus50|pass_mixed_possible_multitemplate        21.80%    passed     91.37%
 801  LAJA-23-1-Ro|nifD|consensus50|pass_mixed_possible_multitemplate        23.83%    passed     85.31%
 802  LAJA-2-3-No|nifD|consensus50|pass_mixed_possible_multitemplate         18.86%    passed     84.49%
 803  LAJA-2-3-Rh|nifD|consensus50|pass_mixed_possible_multitemplate         24.87%    passed     86.11%
 804  LAJA-25-1-No|nifD|consensus50|pass_mixed_possible_multitemplate        20.63%    passed     26.40%
 805  LAJA-26-1-No|nifD|consensus50|pass_mixed_possible_multitemplate        17.23%    passed     27.38%
 806  LAJA-26-1-Ro|nifD|consensus50|pass_mixed_possible_multitemplate        24.41%    passed     94.58%
 807  LAJA-3-1-Rh|nifD|consensus50|pass_mixed_possible_multitemplate         24.22%    passed     80.41%
 808  LAJA-3-1-Ro|nifD|consensus50|pass_mixed_possible_multitemplate         25.46%    passed     96.75%
 809  LAJA-3-2-No|nifD|consensus50|pass_mixed_possible_multitemplate         20.63%    passed     72.34%
 810  LAJA-3-2-Rh|nifD|consensus50|pass_mixed_possible_multitemplate         17.43%    passed     49.30%
 811  LAJA-3-2-Ro|nifD|consensus50|pass_mixed_possible_multitemplate         25.98%    passed     87.77%
 812  LAJA-3-3-No|nifD|consensus50|pass_mixed_possible_multitemplate         16.71%    passed     45.85%
 813  LAJA-3-3-Rh|nifD|consensus50|pass_mixed_possible_multitemplate         22.06%    passed     95.80%
 814  LAJA-4-1-No|nifD|consensus50|pass_mixed_possible_multitemplate         17.69%    passed     78.20%
 815  LAJA-5-1-No|nifD|consensus50|pass_mixed_possible_multitemplate         19.39%    passed     99.18%
 816  LAJA-5-1-Rh|nifD|consensus50|pass_mixed_possible_multitemplate         24.80%    passed     94.30%
 817  LAJA-5-1-Ro|nifD|consensus50|pass_mixed_possible_multitemplate         21.21%    passed     92.15%
 818  LAJA-6-1-No|nifD|consensus50|pass_mixed_possible_multitemplate         18.60%    passed     38.98%
 819  LAJA-6-1-Rh|nifD|consensus50|pass_mixed_possible_multitemplate         15.34%    passed     44.05%
 820  LAJA-6-1-Ro|nifD|consensus50|pass_mixed_possible_multitemplate         22.26%    passed     89.60%
 821  LAJA-7-1-No|nifD|consensus50|pass_mixed_possible_multitemplate         22.19%    passed     48.85%
 822  LAJA-7-1-Rh|nifD|consensus50|pass_mixed_possible_multitemplate         23.30%    passed     66.97%
 823  LAJA-7-1-Ro|nifD|consensus50|pass_mixed_possible_multitemplate         22.26%    passed     25.93%
 824  LAJA-8-2-Rh|nifD|consensus50|pass_mixed_possible_multitemplate         25.00%    passed     33.76%
 825  LAJA-9-1-Rh|nifD|consensus50|pass_mixed_possible_multitemplate         22.26%    passed     40.39%
 826  LAJA-9-1-Ro|nifD|consensus50|pass_mixed_possible_multitemplate         23.24%    passed     85.27%
 827  LENO-10-2-No|nifD|consensus50|pass_single_dominant                     19.32%    passed     34.41%
 828  LENO-1-1-Rh|nifD|consensus50|pass_single_dominant                      17.36%    passed     99.48%
 829  LENO-12-3-No|nifD|consensus50|pass_mixed_possible_multitemplate        18.02%    passed     62.06%
 830  LENO-12-3-Ro|nifD|consensus50|pass_single_dominant                     19.58%    passed     74.65%
 831  LENO-13-2-No|nifD|consensus50|pass_mixed_possible_multitemplate        18.47%    passed     81.14%
 832  LENO-13-2-Ro|nifD|consensus50|pass_mixed_possible_multitemplate        22.13%    passed     95.70%
 833  LENO-14-3-No|nifD|consensus50|pass_mixed_possible_multitemplate        19.78%    passed     91.18%
 834  LENO-14-3-Ro|nifD|consensus50|pass_mixed_possible_multitemplate        19.32%    passed     94.69%
 835  LENO-15-2-No|nifD|consensus50|pass_mixed_possible_multitemplate        22.58%    passed     67.30%
 836  LENO-15-2-Rh|nifD|consensus50|pass_mixed_possible_multitemplate        18.99%    passed     75.20%
 837  LENO-16-2-No|nifD|consensus50|pass_mixed_possible_multitemplate        18.41%    passed     15.61%
 838  LENO-16-2-Rh|nifD|consensus50|pass_mixed_possible_multitemplate        17.43%    passed     79.35%
 839  LENO-2-1-No|nifD|consensus50|pass_mixed_possible_multitemplate         22.45%    passed     87.94%
 840  LENO-3-2-No|nifD|consensus50|pass_mixed_possible_multitemplate         16.84%    passed     68.65%
 841  LENO-3-2-Rh|nifD|consensus50|pass_mixed_possible_multitemplate         24.02%    passed     86.06%
 842  LENO-3-2-Ro|nifD|consensus50|pass_mixed_possible_multitemplate         19.97%    passed     99.79%
 843  LENO-5-2-No|nifD|consensus50|pass_mixed_possible_multitemplate         15.21%    passed     49.55%
 844  LENO-5-2-Rh|nifD|consensus50|pass_mixed_possible_multitemplate         21.08%    passed     48.28%
 845  LENO-5-2-Ro|nifD|consensus50|pass_mixed_possible_multitemplate         22.58%    passed     92.00%
 846  LENO-6-1-No|nifD|consensus50|pass_single_dominant                      17.82%    passed     32.82%
 847  LENO-6-1-Rh|nifD|consensus50|pass_mixed_possible_multitemplate         20.69%    passed     86.67%
 848  LENO-7-2-No|nifD|consensus50|pass_single_dominant                      14.43%    passed     42.47%
 849  LENO-7-2-Rh|nifD|consensus50|pass_mixed_possible_multitemplate         20.76%    passed     99.47%
 850  LENO-7-2-Ro|nifD|consensus50|pass_mixed_possible_multitemplate         20.69%    passed     91.68%
 851  LENO-8-3-No|nifD|consensus50|pass_single_dominant                      19.06%    passed     40.02%
 852  LENO-9-2-No|nifD|consensus50|pass_single_dominant                      14.62%    passed     28.98%
 853  LENO-9-2-Rh|nifD|consensus50|pass_single_dominant                      14.95%    passed     33.55%
 854  LENO-9-2-Ro|nifD|consensus50|pass_mixed_possible_multitemplate         18.41%    passed     97.29%
 855  MLBS-1-1-No|nifD|consensus50|pass_mixed_possible_multitemplate         18.86%    passed     27.54%
 856  MLBS-1-1-Ro|nifD|consensus50|pass_mixed_possible_multitemplate         26.57%    passed     54.59%
 857  MLBS-2-1-No|nifD|consensus50|pass_mixed_possible_multitemplate         17.49%    passed     77.89%
 858  MLBS-2-1-Ro|nifD|consensus50|pass_mixed_possible_multitemplate         22.72%    passed     94.46%
 859  N13-2-D-No|nifD|consensus50|pass_mixed_possible_multitemplate          16.58%    failed      0.35%
 860  N13-2-D-Rh|nifD|consensus50|pass_single_dominant                       20.10%    passed     98.48%
 861  N34-2-D-Rh|nifD|consensus50|pass_mixed_possible_multitemplate          26.44%    passed     54.09%
 862  N34-2-D-Ro|nifD|consensus50|pass_mixed_possible_multitemplate          20.63%    passed     76.62%
 863  N35-4-D-No|nifD|consensus50|pass_single_dominant                       12.73%    failed      4.38%
 864  N35-4-D-Ro|nifD|consensus50|pass_mixed_possible_multitemplate          17.43%    passed      5.63%
 865  N36-4-D-Rh|nifD|consensus50|pass_mixed_possible_multitemplate          16.97%    passed     23.58%
 866  N36-4-D-Ro|nifD|consensus50|pass_mixed_possible_multitemplate          20.56%    passed     13.52%
 867  N38-2-D-Ro|nifD|consensus50|pass_single_dominant                       19.19%    passed     55.76%
 868  N39-2-D-Rh|nifD|consensus50|pass_mixed_possible_multitemplate          19.78%    passed     85.81%
 869  NIWO-1-No|nifD|consensus50|pass_mixed_possible_multitemplate           17.10%    failed      2.92%
 870  NIWO-1-Rh|nifD|consensus50|pass_mixed_possible_multitemplate           19.71%    passed     67.97%
 871  NIWO-1-Ro|nifD|consensus50|pass_mixed_possible_multitemplate           17.95%    passed     22.07%
 872  NIWO-2-No|nifD|consensus50|pass_mixed_possible_multitemplate           21.02%    passed     11.60%
 873  NIWO-2-Rh|nifD|consensus50|pass_single_dominant                        16.71%    passed     31.72%
 874  NOGP-1-1-No|nifD|consensus50|pass_single_dominant                      14.36%    failed      2.26%
 875  NOGP-1-1-Rh|nifD|consensus50|pass_mixed_possible_multitemplate         22.26%    passed     62.64%
 876  NOGP-1-1-Ro|nifD|consensus50|pass_mixed_possible_multitemplate         25.52%    passed     39.45%
 877  NOGP-2-1-No|nifD|consensus50|pass_single_dominant                      14.88%    failed      0.52%
 878  NOGP-2-1-Rh|nifD|consensus50|pass_mixed_possible_multitemplate         18.21%    passed     94.56%
 879  NOGP-2-1-Ro|nifD|consensus50|pass_single_dominant                      16.38%    failed      0.40%
 880  NOGP-3-2-No|nifD|consensus50|pass_single_dominant                      14.30%    failed      0.64%
 881  NOGP-3-2-Rh|nifD|consensus50|pass_mixed_possible_multitemplate         20.23%    passed     99.39%
 882  NOGP-3-2-Ro|nifD|consensus50|pass_single_dominant                      15.01%    failed      0.86%
 883  NOGP-4-1-No|nifD|consensus50|pass_mixed_possible_multitemplate         21.87%    failed      3.37%
 884  NOGP-4-1-Rh|nifD|consensus50|pass_mixed_possible_multitemplate         19.78%    passed     85.68%
 885  NOGP-4-1-Ro|nifD|consensus50|pass_single_dominant                      15.40%    failed      0.72%
 886  NOGP-5-2-No|nifD|consensus50|pass_single_dominant                      15.34%    failed      0.48%
 887  NOGP-5-2-Rh|nifD|consensus50|pass_mixed_possible_multitemplate         20.23%    passed     88.72%
 888  NOGP-5-2-Ro|nifD|consensus50|pass_single_dominant                      15.54%    failed      0.43%
 889  NOGP-6-3-No|nifD|consensus50|pass_single_dominant                      15.80%    failed      0.41%
 890  NOGP-6-3-Rh|nifD|consensus50|pass_mixed_possible_multitemplate         21.54%    passed     87.46%
 891  NOGP-6-3-Ro|nifD|consensus50|pass_single_dominant                      14.23%    failed      0.41%
 892  NOGP-7-2-No|nifD|consensus50|pass_mixed_possible_multitemplate         19.52%    passed     96.28%
 893  NOGP-7-2-Rh|nifD|consensus50|pass_mixed_possible_multitemplate         17.95%    passed     90.12%
 894  NOGP-7-2-Ro|nifD|consensus50|pass_single_dominant                      20.04%    passed      7.09%
 895  OAES-10-1-No|nifD|consensus50|pass_single_dominant                     16.25%    passed     97.91%
 896  OAES-10-1-Rh|nifD|consensus50|pass_single_dominant                     18.15%    passed     99.06%
 897  OAES-10-1-Ro|nifD|consensus50|pass_single_dominant                     15.14%    passed     96.16%
 898  OAES-11-1-No|nifD|consensus50|pass_single_dominant                     14.16%    passed     97.92%
 899  OAES-11-1-Rh|nifD|consensus50|pass_single_dominant                     15.80%    passed     99.52%
 900  OAES-11-1-Ro|nifD|consensus50|pass_mixed_possible_multitemplate        20.43%    passed     95.46%
 901  OAES-1-1-No|nifD|consensus50|pass_single_dominant                      11.55%    passed     14.85%
 902  OAES-1-1-Rh|nifD|consensus50|pass_mixed_possible_multitemplate         22.65%    passed     38.30%
 903  OAES-1-1-Ro|nifD|consensus50|pass_mixed_possible_multitemplate         26.57%    passed     19.00%
 904  OAES-12-2-No|nifD|consensus50|pass_single_dominant                     16.38%    passed     97.18%
 905  OAES-12-2-Rh|nifD|consensus50|pass_single_dominant                     16.06%    passed     99.88%
 906  OAES-12-2-Ro|nifD|consensus50|pass_single_dominant                     15.93%    passed     95.81%
 907  OAES-13-1-No|nifD|consensus50|pass_single_dominant                     20.89%    passed     48.34%
 908  OAES-13-1-Rh|nifD|consensus50|pass_mixed_possible_multitemplate        23.37%    passed     77.91%
 909  OAES-13-1-Ro|nifD|consensus50|pass_single_dominant                     18.41%    passed      9.61%
 910  OAES-14-1-No|nifD|consensus50|pass_single_dominant                     14.69%    failed      0.82%
 911  OAES-14-1-Rh|nifD|consensus50|pass_mixed_possible_multitemplate        19.39%    passed     20.90%
 912  OAES-14-1-Ro|nifD|consensus50|pass_mixed_possible_multitemplate        16.25%    failed      1.42%
 913  OAES-15-No|nifD|consensus50|pass_single_dominant                       15.34%    passed     66.28%
 914  OAES-15-Rh|nifD|consensus50|pass_single_dominant                       17.17%    passed     15.71%
 915  OAES-15-Ro|nifD|consensus50|pass_single_dominant                       15.67%    passed     65.90%
 916  OAES-16-1-No|nifD|consensus50|pass_single_dominant                     11.75%    passed     18.55%
 917  OAES-16-1-Rh|nifD|consensus50|pass_single_dominant                     16.12%    passed     27.11%
 918  OAES-16-1-Ro|nifD|consensus50|pass_mixed_possible_multitemplate        17.17%    passed     99.89%
 919  OAES-17-No|nifD|consensus50|pass_single_dominant                       15.54%    passed     96.24%
 920  OAES-17-Rh|nifD|consensus50|pass_mixed_possible_multitemplate          20.56%    passed     82.48%
 921  OAES-17-Ro|nifD|consensus50|pass_single_dominant                       14.30%    passed     92.47%
 922  OAES-18-3-No|nifD|consensus50|pass_mixed_possible_multitemplate        22.52%    passed     73.80%
 923  OAES-18-3-Rh|nifD|consensus50|pass_mixed_possible_multitemplate        22.26%    passed     80.25%
 924  OAES-18-3-Ro|nifD|consensus50|pass_mixed_possible_multitemplate        20.95%    passed     97.42%
 925  OAES_19-2-No|nifD|consensus50|pass_mixed_possible_multitemplate        15.40%    failed      0.37%
 926  OAES_19-2-Rh|nifD|consensus50|pass_single_dominant                     14.95%    failed      0.62%
 927  OAES_19-2-Ro|nifD|consensus50|pass_mixed_possible_multitemplate        22.78%    failed      3.49%
 928  OAES-20-No|nifD|consensus50|pass_mixed_possible_multitemplate          18.34%    passed     95.76%
 929  OAES-20-Rh|nifD|consensus50|pass_mixed_possible_multitemplate          16.78%    passed     48.09%
 930  OAES-20-Ro|nifD|consensus50|pass_mixed_possible_multitemplate          20.04%    passed     88.15%
 931  OAES-21-3-No|nifD|consensus50|pass_single_dominant                     13.58%    passed     91.68%
 932  OAES-21-3-Rh|nifD|consensus50|pass_mixed_possible_multitemplate        16.71%    passed     98.51%
 933  OAES-21-3-Ro|nifD|consensus50|pass_mixed_possible_multitemplate        21.80%    passed     79.15%
 934  OAES-2-1-No|nifD|consensus50|pass_mixed_possible_multitemplate         15.40%    failed      0.53%
 935  OAES-2-1-Rh|nifD|consensus50|pass_single_dominant                      19.32%    passed     88.26%
 936  OAES-2-1-Ro|nifD|consensus50|pass_single_dominant                      15.54%    failed      0.65%
 937  OAES-22-1-No|nifD|consensus50|pass_single_dominant                     14.75%    failed      0.39%
 938  OAES-22-1-Rh|nifD|consensus50|pass_mixed_possible_multitemplate        15.34%    passed     98.35%
 939  OAES-22-1-Ro|nifD|consensus50|pass_mixed_possible_multitemplate        19.39%    passed     95.81%
 940  OAES-23-1-No|nifD|consensus50|pass_single_dominant                     15.73%    passed     93.02%
 941  OAES-23-1-Rh|nifD|consensus50|pass_mixed_possible_multitemplate        22.06%    passed     75.62%
 942  OAES-23-1-Ro|nifD|consensus50|pass_single_dominant                     14.69%    passed     97.14%
 943  OAES_24-3-No|nifD|consensus50|pass_single_dominant                     14.16%    passed     95.35%
 944  OAES_24-3-Rh|nifD|consensus50|pass_mixed_possible_multitemplate        19.32%    passed     67.03%
 945  OAES_24-3-Ro|nifD|consensus50|pass_mixed_possible_multitemplate        23.37%    passed     99.04%
 946  OAES-25-1-No|nifD|consensus50|pass_single_dominant                     11.42%    passed     12.23%
 947  OAES-25-1-Rh|nifD|consensus50|pass_mixed_possible_multitemplate        18.80%    passed     93.84%
 948  OAES-25-1-Ro|nifD|consensus50|pass_mixed_possible_multitemplate        22.98%    passed     94.75%
 949  OAES-26-1-No|nifD|consensus50|pass_single_dominant                     15.80%    passed     97.50%
 950  OAES-26-1-Rh|nifD|consensus50|pass_mixed_possible_multitemplate        16.84%    passed     99.59%
 951  OAES-26-1-Ro|nifD|consensus50|pass_single_dominant                     16.12%    passed     99.04%
 952  OAES-27-2-No|nifD|consensus50|pass_single_dominant                     14.10%    passed     91.97%
 953  OAES-27-2-Rh|nifD|consensus50|pass_mixed_possible_multitemplate        18.73%    passed     99.90%
 954  OAES-27-2-Ro|nifD|consensus50|pass_mixed_possible_multitemplate        17.95%    passed     78.29%
 955  OAES-28-1-No|nifD|consensus50|pass_single_dominant                     13.77%    passed     91.62%
 956  OAES-28-1-Rh|nifD|consensus50|pass_mixed_possible_multitemplate        19.26%    passed     99.76%
 957  OAES-28-1-Ro|nifD|consensus50|pass_mixed_possible_multitemplate        20.30%    passed     94.19%
 958  OAES-29-1-No|nifD|consensus50|pass_single_dominant                     15.27%    passed     98.29%
 959  OAES-29-1-Rh|nifD|consensus50|pass_mixed_possible_multitemplate        22.13%    passed     92.72%
 960  OAES-30-2-No|nifD|consensus50|pass_single_dominant                     14.95%    passed     82.72%
 961  OAES-30-2-Rh|nifD|consensus50|pass_single_dominant                     17.30%    passed     67.60%
 962  OAES-30-2-Ro|nifD|consensus50|pass_mixed_possible_multitemplate        16.64%    passed     89.49%
 963  OAES-31-1-No|nifD|consensus50|pass_mixed_possible_multitemplate        19.91%    passed     86.38%
 964  OAES-31-1-Ro|nifD|consensus50|pass_mixed_possible_multitemplate        23.43%    passed     66.08%
 965  OAES-3-1-No|nifD|consensus50|pass_mixed_possible_multitemplate         16.25%    passed     79.03%
 966  OAES-3-1-Rh|nifD|consensus50|pass_mixed_possible_multitemplate         19.84%    passed     79.38%
 967  OAES-3-1-Ro|nifD|consensus50|pass_mixed_possible_multitemplate         25.39%    passed     32.15%
 968  OAES-32-1-No|nifD|consensus50|pass_single_dominant                     14.49%    passed     96.08%
 969  OAES-32-1-Rh|nifD|consensus50|pass_single_dominant                     16.91%    passed     93.83%
 970  OAES-32-1-Ro|nifD|consensus50|pass_mixed_possible_multitemplate        24.80%    passed     72.60%
 971  OAES-33-1-No|nifD|consensus50|pass_single_dominant                     16.58%    passed     93.11%
 972  OAES-33-1-Ro|nifD|consensus50|pass_single_dominant                     15.80%    passed     97.70%
 973  OAES-34-1-No|nifD|consensus50|pass_single_dominant                     14.49%    passed     98.04%
 974  OAES-34-1-Rh|nifD|consensus50|pass_mixed_possible_multitemplate        17.49%    passed     99.59%
 975  OAES-34-1-Ro|nifD|consensus50|pass_mixed_possible_multitemplate        19.19%    passed     96.13%
 976  OAES-35-1-No|nifD|consensus50|pass_mixed_possible_multitemplate        24.22%    passed     97.56%
 977  OAES-35-1-Rh|nifD|consensus50|pass_mixed_possible_multitemplate        19.45%    passed     89.74%
 978  OAES-35-1-Ro|nifD|consensus50|pass_mixed_possible_multitemplate        22.52%    passed     82.93%
 979  OAES-35-3-No|nifD|consensus50|pass_single_dominant                     14.16%    passed     56.20%
 980  OAES-35-3-Ro|nifD|consensus50|pass_mixed_possible_multitemplate        18.08%    passed     67.14%
 981  OAES-36-2-No|nifD|consensus50|pass_single_dominant                     14.88%    failed      0.41%
 982  OAES-36-2-Rh|nifD|consensus50|pass_mixed_possible_multitemplate        20.23%    passed     43.57%
 983  OAES-36-2-Ro|nifD|consensus50|pass_mixed_possible_multitemplate        17.82%    passed     96.87%
 984  OAES-36-3-No|nifD|consensus50|pass_mixed_possible_multitemplate        18.67%    failed      1.40%
 985  OAES-36-3-Rh|nifD|consensus50|pass_mixed_possible_multitemplate        19.06%    passed      5.47%
 986  OAES-36-3-Ro|nifD|consensus50|pass_single_dominant                     15.08%    passed     80.04%
 987  OAES-37-2-No|nifD|consensus50|pass_mixed_possible_multitemplate        19.91%    passed     80.00%
 988  OAES-37-2-Rh|nifD|consensus50|pass_single_dominant                     17.69%    passed     97.71%
 989  OAES-37-2-Ro|nifD|consensus50|pass_mixed_possible_multitemplate        23.63%    passed      5.10%
 990  OAES-4-1-No|nifD|consensus50|pass_single_dominant                      11.03%    passed     12.91%
 991  OAES-4-1-Rh|nifD|consensus50|pass_mixed_possible_multitemplate         18.60%    passed     86.04%
 992  OAES-4-1-Ro|nifD|consensus50|pass_single_dominant                      15.47%    passed     13.74%
 993  OAES-5-Rh|nifD|consensus50|pass_single_dominant                        15.34%    passed     23.40%
 994  OAES-5-Ro|nifD|consensus50|pass_mixed_possible_multitemplate           26.11%    passed     40.30%
 995  OAES-6-1-No|nifD|consensus50|pass_mixed_possible_multitemplate         18.28%    passed     84.56%
 996  OAES-6-1-Rh|nifD|consensus50|pass_mixed_possible_multitemplate         28.79%    passed     14.35%
 997  OAES-6-1-Ro|nifD|consensus50|pass_single_dominant                      15.54%    passed     79.57%
 998  OAES-7-1-No|nifD|consensus50|pass_single_dominant                      11.16%    passed     12.52%
 999  OAES-7-1-Rh|nifD|consensus50|pass_single_dominant                      12.08%    passed     16.90%
1000  OAES-7-1-Ro|nifD|consensus50|pass_single_dominant                      11.42%    passed     18.18%
1001  OAES-8-2-No|nifD|consensus50|pass_mixed_possible_multitemplate         16.06%    passed     24.41%
1002  OAES-8-2-Rh|nifD|consensus50|pass_mixed_possible_multitemplate         21.48%    passed     85.92%
1003  OAES-8-2-Ro|nifD|consensus50|pass_mixed_possible_multitemplate         28.92%    passed     20.88%
1004  OAES-9-1-No|nifD|consensus50|pass_single_dominant                      12.60%    passed     97.31%
1005  OAES-9-1-Rh|nifD|consensus50|pass_single_dominant                      14.88%    passed     95.46%
1006  OAES-9-1-Ro|nifD|consensus50|pass_mixed_possible_multitemplate         18.34%    passed     93.11%
1007  ORNL-11-1-No|nifD|consensus50|pass_mixed_possible_multitemplate        20.56%    passed     58.95%
1008  ORNL-11-1-Rh|nifD|consensus50|pass_mixed_possible_multitemplate        21.80%    passed     73.93%
1009  ORNL-1-1-Ro|nifD|consensus50|pass_mixed_possible_multitemplate         18.73%    passed     74.92%
1010  ORNL-12-1-No|nifD|consensus50|pass_mixed_possible_multitemplate        20.04%    passed     82.19%
1011  ORNL-12-1-Ro|nifD|consensus50|pass_mixed_possible_multitemplate        15.80%    passed     84.79%
1012  ORNL-13-2-No|nifD|consensus50|pass_mixed_possible_multitemplate        21.28%    passed     55.43%
1013  ORNL-13-2-Rh|nifD|consensus50|pass_single_dominant                     18.15%    passed     99.48%
1014  ORNL-13-2-Ro|nifD|consensus50|pass_mixed_possible_multitemplate        22.98%    passed     86.46%
1015  ORNL-14-1-Ro|nifD|consensus50|pass_single_dominant                     17.23%    passed     80.99%
1016  ORNL-17-1-Rh|nifD|consensus50|pass_mixed_possible_multitemplate        17.04%    passed     89.53%
1017  ORNL-17-1-Ro|nifD|consensus50|pass_mixed_possible_multitemplate        21.41%    passed     97.04%
1018  ORNL-18-1-Rh|nifD|consensus50|pass_mixed_possible_multitemplate        23.43%    passed     99.87%
1019  ORNL-18-1-Ro|nifD|consensus50|pass_mixed_possible_multitemplate        16.78%    passed     73.83%
1020  ORNL-20-1-Rh|nifD|consensus50|pass_mixed_possible_multitemplate        17.36%    passed     99.36%
1021  ORNL-23-1-Ro|nifD|consensus50|pass_mixed_possible_multitemplate        20.56%    passed     70.38%
1022  ORNL-25-1-No|nifD|consensus50|pass_single_dominant                     18.86%    passed      5.81%
1023  ORNL-3-1-Ro|nifD|consensus50|pass_mixed_possible_multitemplate         24.61%    passed     99.25%
1024  ORNL-4-1-Ro|nifD|consensus50|pass_mixed_possible_multitemplate         19.39%    passed      7.99%
1025  ORNL-5-1-Rh|nifD|consensus50|pass_single_dominant                      17.23%    passed     88.77%
1026  ORNL-8-2-No|nifD|consensus50|pass_mixed_possible_multitemplate         20.76%    passed     47.74%
1027  ORNL-9-1-Ro|nifD|consensus50|pass_mixed_possible_multitemplate         18.28%    passed     89.99%
1028  OSBS-102-1-No|nifD|consensus50|pass_mixed_possible_multitemplate       20.69%    passed     49.59%
1029  OSBS-104-1-Ro|nifD|consensus50|pass_mixed_possible_multitemplate       18.21%    passed     95.89%
1030  OSBS-106-1-Rh|nifD|consensus50|pass_mixed_possible_multitemplate       18.41%    passed     90.22%
1031  OSBS-106-1-Ro|nifD|consensus50|pass_mixed_possible_multitemplate       21.15%    passed     83.03%
1032  OSBS-107-Ro|nifD|consensus50|pass_single_dominant                      17.49%    passed     82.62%
1033  OSBS-109-4-No|nifD|consensus50|pass_mixed_possible_multitemplate       21.28%    passed      7.03%
1034  OSBS-109-4-Rh|nifD|consensus50|pass_single_dominant                    16.97%    passed     69.58%
1035  OSBS-110-1-No|nifD|consensus50|pass_mixed_possible_multitemplate       22.85%    passed     25.97%
1036  OSBS-110-1-Rh|nifD|consensus50|pass_mixed_possible_multitemplate       16.45%    passed     98.19%
1037  OSBS-12-1-Rh|nifD|consensus50|pass_mixed_possible_multitemplate        16.19%    passed     93.97%
1038  OSBS-12-1-Ro|nifD|consensus50|pass_mixed_possible_multitemplate        21.67%    passed     91.96%
1039  OSBS-1-2-No|nifD|consensus50|pass_mixed_possible_multitemplate         20.56%    passed     97.90%
1040  OSBS-14-3-No|nifD|consensus50|pass_single_dominant                     14.75%    passed     88.88%
1041  OSBS-14-3-Rh|nifD|consensus50|pass_mixed_possible_multitemplate        19.06%    passed     98.08%
1042  OSBS-18-5-No|nifD|consensus50|pass_single_dominant                     15.86%    passed     83.52%
1043  OSBS-18-5-Rh|nifD|consensus50|pass_mixed_possible_multitemplate        19.06%    passed     61.30%
1044  OSBS-18-5-Ro|nifD|consensus50|pass_mixed_possible_multitemplate        20.50%    passed     99.19%
1045  OSBS-20-1-Rh|nifD|consensus50|pass_mixed_possible_multitemplate        23.37%    passed     89.24%
1046  OSBS-20-1-Ro|nifD|consensus50|pass_mixed_possible_multitemplate        16.25%    passed     97.22%
1047  OSBS-21-2-Rh|nifD|consensus50|pass_mixed_possible_multitemplate        15.34%    passed     83.97%
1048  OSBS-21-2-Ro|nifD|consensus50|pass_mixed_possible_multitemplate        20.63%    passed     79.64%
1049  OSBS-2-3-No|nifD|consensus50|pass_mixed_possible_multitemplate         20.89%    passed     66.60%
1050  OSBS-2-3-Rh|nifD|consensus50|pass_single_dominant                      18.08%    passed     97.21%
1051  OSBS-2-3-Ro|nifD|consensus50|pass_mixed_possible_multitemplate         23.04%    passed     74.67%
1052  OSBS-25-1-Rh|nifD|consensus50|pass_mixed_possible_multitemplate        16.06%    passed     66.15%
1053  OSBS-25-1-Ro|nifD|consensus50|pass_mixed_possible_multitemplate        23.56%    passed     81.06%
1054  OSBS-28-1-No|nifD|consensus50|pass_mixed_possible_multitemplate        16.51%    passed     92.29%
1055  OSBS-28-1-Rh|nifD|consensus50|pass_single_dominant                     14.36%    passed     66.52%
1056  OSBS-28-1-Ro|nifD|consensus50|pass_mixed_possible_multitemplate        17.49%    passed     88.89%
1057  OSBS-30-1-Rh|nifD|consensus50|pass_mixed_possible_multitemplate        22.98%    passed     46.40%
1058  OSBS-32-1-Rh|nifD|consensus50|pass_mixed_possible_multitemplate        18.60%    passed     95.52%
1059  OSBS-32-1-Ro|nifD|consensus50|pass_mixed_possible_multitemplate        19.26%    passed     95.29%
1060  OSBS-34-1-No|nifD|consensus50|pass_mixed_possible_multitemplate        18.93%    passed     85.35%
1061  OSBS-34-1-Rh|nifD|consensus50|pass_mixed_possible_multitemplate        19.06%    passed     92.49%
1062  OSBS-34-1-Ro|nifD|consensus50|pass_mixed_possible_multitemplate        16.78%    passed     98.09%
1063  OSBS-35-1-Rh|nifD|consensus50|pass_mixed_possible_multitemplate        15.80%    passed     82.34%
1064  OSBS-35-2-No|nifD|consensus50|pass_mixed_possible_multitemplate        18.41%    passed     84.37%
1065  OSBS-35-2-Rh|nifD|consensus50|pass_mixed_possible_multitemplate        17.10%    passed     93.42%
1066  OSBS-35-2-Ro|nifD|consensus50|pass_mixed_possible_multitemplate        18.28%    passed     76.97%
1067  OSBS-36-1-No|nifD|consensus50|pass_single_dominant                     14.36%    failed      0.22%
1068  OSBS-36-1-Rh|nifD|consensus50|pass_mixed_possible_multitemplate        17.62%    passed     91.76%
1069  OSBS-36-1-Ro|nifD|consensus50|pass_mixed_possible_multitemplate        24.87%    passed     35.00%
1070  OSBS-36-4-No|nifD|consensus50|pass_mixed_possible_multitemplate        18.41%    passed     87.12%
1071  OSBS-36-4-Rh|nifD|consensus50|pass_mixed_possible_multitemplate        19.84%    passed     99.15%
1072  OSBS-36-4-Ro|nifD|consensus50|pass_mixed_possible_multitemplate        20.37%    passed     86.77%
1073  OSBS-37-1-No|nifD|consensus50|pass_mixed_possible_multitemplate        21.93%    passed     93.22%
1074  OSBS-37-1-Rh|nifD|consensus50|pass_single_dominant                     17.69%    passed     98.97%
1075  OSBS-37-1-Ro|nifD|consensus50|pass_mixed_possible_multitemplate        19.45%    passed     91.81%
1076  OSBS-38-1-No|nifD|consensus50|pass_single_dominant                     14.56%    passed     53.79%
1077  OSBS-38-1-Ro|nifD|consensus50|pass_mixed_possible_multitemplate        17.62%    passed     69.41%
1078  OSBS-38-2-Ro|nifD|consensus50|pass_single_dominant                     15.40%    passed     78.37%
1079  OSBS-41-3-No|nifD|consensus50|pass_single_dominant                     18.08%    passed     98.47%
1080  OSBS-41-3-Rh|nifD|consensus50|pass_mixed_possible_multitemplate        19.58%    passed     59.44%
1081  OSBS-41-3-Ro|nifD|consensus50|pass_mixed_possible_multitemplate        17.43%    passed     89.69%
1082  OSBS-4-3-No|nifD|consensus50|pass_mixed_possible_multitemplate         20.10%    passed     76.87%
1083  OSBS-4-3-Ro|nifD|consensus50|pass_single_dominant                      15.34%    passed     84.96%
1084  OSBS-44-1-Rh|nifD|consensus50|pass_mixed_possible_multitemplate        20.23%    passed     69.29%
1085  OSBS-45-1-Ro|nifD|consensus50|pass_mixed_possible_multitemplate        19.58%    passed     89.34%
1086  OSBS-46-1-Rh|nifD|consensus50|pass_single_dominant                     16.45%    passed     78.81%
1087  OSBS-46-1-Ro|nifD|consensus50|pass_mixed_possible_multitemplate        16.91%    passed     74.12%
1088  OSBS-49-1-Rh|nifD|consensus50|pass_single_dominant                     17.10%    passed     81.52%
1089  OSBS-49-1-Ro|nifD|consensus50|pass_mixed_possible_multitemplate        21.34%    passed     86.64%
1090  OSBS-55-1-Ro|nifD|consensus50|pass_single_dominant                     19.78%    passed     67.01%
1091  OSBS-5-5-No|nifD|consensus50|pass_mixed_possible_multitemplate         17.30%    passed     74.54%
1092  OSBS-5-5-Rh|nifD|consensus50|pass_single_dominant                      18.73%    passed     81.07%
1093  OSBS-58-1-No|nifD|consensus50|pass_mixed_possible_multitemplate        21.61%    passed     97.52%
1094  OSBS-58-1-Ro|nifD|consensus50|pass_mixed_possible_multitemplate        18.86%    passed     59.71%
1095  OSBS-59-1-Rh|nifD|consensus50|pass_single_dominant                     16.97%    passed     54.17%
1096  OSBS-6-1-No|nifD|consensus50|pass_mixed_possible_multitemplate         19.97%    passed     94.39%
1097  OSBS-6-1-Rh|nifD|consensus50|pass_mixed_possible_multitemplate         23.24%    passed     92.27%
1098  OSBS-6-1-Ro|nifD|consensus50|pass_single_dominant                      16.84%    passed     95.61%
1099  OSBS-66-1-Rh|nifD|consensus50|pass_mixed_possible_multitemplate        17.75%    passed     70.56%
1100  OSBS-67-1-No|nifD|consensus50|pass_single_dominant                     15.47%    passed     74.09%
1101  OSBS-68-1-No|nifD|consensus50|pass_mixed_possible_multitemplate        16.06%    passed     68.73%
1102  OSBS-69-1-No|nifD|consensus50|pass_mixed_possible_multitemplate        19.13%    passed     97.51%
1103  OSBS-69-1-Rh|nifD|consensus50|pass_mixed_possible_multitemplate        16.45%    passed     86.12%
1104  OSBS-69-1-Ro|nifD|consensus50|pass_mixed_possible_multitemplate        15.80%    passed     93.24%
1105  OSBS-71-1-Ro|nifD|consensus50|pass_mixed_possible_multitemplate        19.58%    passed     32.51%
1106  OSBS-73-2-Ro|nifD|consensus50|pass_mixed_possible_multitemplate        17.23%    passed     73.75%
1107  OSBS-7-4-No|nifD|consensus50|pass_mixed_possible_multitemplate         18.60%    passed     58.44%
1108  OSBS-7-4-Rh|nifD|consensus50|pass_single_dominant                      16.78%    passed     85.60%
1109  OSBS-7-4-Ro|nifD|consensus50|pass_single_dominant                      17.49%    passed     65.47%
1110  OSBS-80-2-No|nifD|consensus50|pass_mixed_possible_multitemplate        18.15%    passed     64.48%
1111  OSBS-80-2-Ro|nifD|consensus50|pass_mixed_possible_multitemplate        19.91%    passed     64.80%
1112  OSBS-81-1-Rh|nifD|consensus50|pass_single_dominant                     18.47%    passed     80.80%
1113  OSBS-82-1-No|nifD|consensus50|pass_mixed_possible_multitemplate        21.41%    passed     83.52%
1114  OSBS-82-1-Rh|nifD|consensus50|pass_mixed_possible_multitemplate        24.54%    passed     96.81%
1115  OSBS-82-1-Ro|nifD|consensus50|pass_single_dominant                     18.21%    passed     62.62%
1116  OSBS-83-1-No|nifD|consensus50|pass_mixed_possible_multitemplate        23.63%    passed     97.78%
1117  OSBS-83-1-Ro|nifD|consensus50|pass_mixed_possible_multitemplate        16.78%    passed     74.33%
1118  OSBS-84-1-No|nifD|consensus50|pass_mixed_possible_multitemplate        17.95%    passed     86.21%
1119  OSBS-84-1-Rh|nifD|consensus50|pass_mixed_possible_multitemplate        19.91%    passed     79.28%
1120  OSBS-84-1-Ro|nifD|consensus50|pass_mixed_possible_multitemplate        18.86%    passed     83.73%
1121  OSBS-85-1-Rh|nifD|consensus50|pass_mixed_possible_multitemplate        20.89%    passed     91.21%
1122  OSBS-85-1-Ro|nifD|consensus50|pass_mixed_possible_multitemplate        21.15%    passed     76.96%
1123  OSBS-8-5-Ro|nifD|consensus50|pass_mixed_possible_multitemplate         20.95%    passed     94.85%
1124  OSBS-86-1-No|nifD|consensus50|pass_mixed_possible_multitemplate        21.74%    passed     98.56%
1125  OSBS-86-1-Rh|nifD|consensus50|pass_mixed_possible_multitemplate        20.10%    passed     86.46%
1126  OSBS-86-1-Ro|nifD|consensus50|pass_single_dominant                     16.12%    passed     83.72%
1127  OSBS-88-1-Ro|nifD|consensus50|pass_mixed_possible_multitemplate        20.10%    passed     87.80%
1128  OSBS-89-1-No|nifD|consensus50|pass_mixed_possible_multitemplate        20.23%    passed     94.17%
1129  OSBS-91-1-Rh|nifD|consensus50|pass_single_dominant                     16.58%    passed     95.46%
1130  OSBS-95-3-Ro|nifD|consensus50|pass_mixed_possible_multitemplate        19.06%    passed     59.90%
1131  OSBS-97-2-Rh|nifD|consensus50|pass_mixed_possible_multitemplate        18.99%    passed     77.07%
1132  OSBS-97-2-Ro|nifD|consensus50|pass_mixed_possible_multitemplate        16.25%    passed     99.20%
1133  OSBS-99-No|nifD|consensus50|pass_mixed_possible_multitemplate          18.73%    passed     99.10%
1134  OSBS-99-Ro|nifD|consensus50|pass_mixed_possible_multitemplate          18.73%    passed     63.51%
1135  OSBS-CEVI-50-3-Rh|nifD|consensus50|pass_mixed_possible_multitemplate   21.93%    passed     64.55%
1136  OSBS-DETR-64-3-Rh|nifD|consensus50|pass_mixed_possible_multitemplate   20.04%    passed     96.96%
1137  OSBS-DETR-64-3-Ro|nifD|consensus50|pass_single_dominant                17.89%    passed     80.85%
1138  OSBS-TEVI-61-4-No|nifD|consensus50|pass_single_dominant                17.95%    passed     39.18%
1139  OSBS-TEVI-61-4-Rh|nifD|consensus50|pass_mixed_possible_multitemplate   21.67%    passed     45.98%
1140  RMNP-1-No|nifD|consensus50|pass_mixed_possible_multitemplate           15.21%    passed     83.60%
1141  RMNP-1-Rh|nifD|consensus50|pass_mixed_possible_multitemplate           16.97%    passed     89.75%
1142  RMNP-2-No|nifD|consensus50|pass_single_dominant                        14.56%    passed     76.01%
1143  RMNP-2-Rh|nifD|consensus50|pass_mixed_possible_multitemplate           15.86%    passed     74.46%
1144  RMNP-2-Ro|nifD|consensus50|pass_mixed_possible_multitemplate           16.45%    passed     60.68%
1145  RMNP-3-No|nifD|consensus50|pass_mixed_possible_multitemplate           19.19%    passed     99.24%
1146  RMNP-3-Rh|nifD|consensus50|pass_mixed_possible_multitemplate           16.45%    passed     98.51%
1147  RMNP-3-Ro|nifD|consensus50|pass_mixed_possible_multitemplate           20.37%    passed     96.71%
1148  RMNP-4-No|nifD|consensus50|pass_single_dominant                        18.99%    passed     95.73%
1149  RMNP-4-Rh|nifD|consensus50|pass_single_dominant                        18.28%    passed     94.66%
1150  RMNP-5-1-No|nifD|consensus50|pass_mixed_possible_multitemplate         19.84%    passed     76.10%
1151  SCBI-10-1-No|nifD|consensus50|pass_mixed_possible_multitemplate        16.51%    passed     60.22%
1152  SCBI-10-1-Rh|nifD|consensus50|pass_mixed_possible_multitemplate        21.02%    passed     96.39%
1153  SCBI-11-1-No|nifD|consensus50|pass_single_dominant                     18.60%    passed     14.45%
1154  SCBI-1-1-Rh|nifD|consensus50|pass_mixed_possible_multitemplate         21.08%    passed     53.25%
1155  SCBI-12-1-No|nifD|consensus50|pass_mixed_possible_multitemplate        19.45%    passed     35.96%
1156  SCBI-12-1-Rh|nifD|consensus50|pass_single_dominant                     19.71%    passed     83.00%
1157  SCBI-12-1-Ro|nifD|consensus50|pass_mixed_possible_multitemplate        17.49%    passed     95.92%
1158  SCBI-13-1-No|nifD|consensus50|pass_single_dominant                     17.69%    passed     85.60%
1159  SCBI-2-1-No|nifD|consensus50|pass_single_dominant                      17.89%    passed      7.01%
1160  SCBI-2-1-Rh|nifD|consensus50|pass_single_dominant                      18.28%    passed      7.94%
1161  SCBI-2-1-Ro|nifD|consensus50|pass_mixed_possible_multitemplate         17.89%    passed     73.89%
1162  SCBI-3-1-No|nifD|consensus50|pass_single_dominant                      19.71%    passed     70.52%
1163  SCBI-3-1-Rh|nifD|consensus50|pass_mixed_possible_multitemplate         18.60%    passed     32.77%
1164  SCBI-3-1-Ro|nifD|consensus50|pass_mixed_possible_multitemplate         25.72%    passed     64.52%
1165  SCBI-4-1-Rh|nifD|consensus50|pass_mixed_possible_multitemplate         18.41%    passed     56.16%
1166  SCBI-5-1-No|nifD|consensus50|pass_single_dominant                      13.90%    passed     96.67%
1167  SCBI-6-1-No|nifD|consensus50|pass_single_dominant                      18.99%    passed      5.46%
1168  SCBI-6-1-Rh|nifD|consensus50|pass_mixed_possible_multitemplate         22.13%    passed     96.87%
1169  SCBI-6-1-Ro|nifD|consensus50|pass_mixed_possible_multitemplate         19.84%    passed     92.57%
1170  SCBI-7-1-No|nifD|consensus50|pass_single_dominant                      17.69%    failed      3.60%
1171  SCBI-7-1-Rh|nifD|consensus50|pass_mixed_possible_multitemplate         24.02%    passed     59.25%
1172  SCBI-7-1-Ro|nifD|consensus50|pass_mixed_possible_multitemplate         25.98%    passed     89.56%
1173  SCBI-8-2-Ro|nifD|consensus50|pass_mixed_possible_multitemplate         20.37%    passed     94.12%
1174  SCBI-9-2-Rh|nifD|consensus50|pass_mixed_possible_multitemplate         21.08%    passed     99.30%
1175  SERC-1-1-Ro|nifD|consensus50|pass_mixed_possible_multitemplate         18.73%    passed     80.86%
1176  SERC-2-1-Rh|nifD|consensus50|pass_single_dominant                      20.63%    passed     14.95%
1177  SERC-3-1-Ro|nifD|consensus50|pass_mixed_possible_multitemplate         19.32%    passed     57.87%
1178  SERC-5-1-No|nifD|consensus50|pass_mixed_possible_multitemplate         16.97%    passed     57.04%
1179  SERC-6-1-No|nifD|consensus50|pass_mixed_possible_multitemplate         20.63%    failed      3.07%
1180  SERC-6-1-Rh|nifD|consensus50|pass_single_dominant                      18.86%    passed     38.93%
1181  SERC-7-1-No|nifD|consensus50|pass_single_dominant                      19.71%    passed     65.49%
1182  SJER-1-1-No|nifD|consensus50|pass_mixed_possible_multitemplate         17.17%    passed     52.84%
1183  SJER-1-1-Ro|nifD|consensus50|pass_mixed_possible_multitemplate         23.83%    passed     77.47%
1184  SJER-2-3-No|nifD|consensus50|pass_mixed_possible_multitemplate         18.99%    failed      3.00%
1185  SJER-2-3-Rh|nifD|consensus50|pass_mixed_possible_multitemplate         18.60%    passed     11.42%
1186  SJER-2-3-Ro|nifD|consensus50|pass_mixed_possible_multitemplate         21.02%    passed     59.37%
1187  SJER-3-5-No|nifD|consensus50|pass_mixed_possible_multitemplate         22.00%    passed     52.04%
1188  SJER-3-5-Rh|nifD|consensus50|pass_mixed_possible_multitemplate         20.10%    passed     12.83%
1189  SJER-3-5-Ro|nifD|consensus50|pass_mixed_possible_multitemplate         24.54%    passed     51.19%
1190  SJER-4-1-Ro|nifD|consensus50|pass_mixed_possible_multitemplate         19.71%    passed     98.40%
1191  SJER-5-1-Rh|nifD|consensus50|pass_mixed_possible_multitemplate         20.82%    passed     97.76%
1192  SRER-10-1-No|nifD|consensus50|pass_single_dominant                     15.40%    passed     90.01%
1193  SRER-10-1-Rh|nifD|consensus50|pass_mixed_possible_multitemplate        14.03%    passed     98.61%
1194  SRER-10-1-Ro|nifD|consensus50|pass_mixed_possible_multitemplate        15.21%    passed     81.00%
1195  SRER-11-1-No|nifD|consensus50|pass_mixed_possible_multitemplate        16.32%    passed     80.60%
1196  SRER-11-1-Rh|nifD|consensus50|pass_mixed_possible_multitemplate        22.85%    passed     92.05%
1197  SRER-11-1-Ro|nifD|consensus50|pass_mixed_possible_multitemplate        20.30%    passed     91.89%
1198  SRER-1-1-No|nifD|consensus50|pass_single_dominant                      12.73%    passed     98.23%
1199  SRER-1-1-Rh|nifD|consensus50|pass_mixed_possible_multitemplate         17.17%    passed     99.87%
1200  SRER-1-1-Ro|nifD|consensus50|pass_mixed_possible_multitemplate         15.40%    passed     99.80%
1201  SRER-12-1-No|nifD|consensus50|pass_mixed_possible_multitemplate        15.73%    passed     95.62%
1202  SRER-12-1-Rh|nifD|consensus50|pass_mixed_possible_multitemplate        18.80%    passed     99.03%
1203  SRER-12-1-Ro|nifD|consensus50|pass_single_dominant                     12.92%    passed     99.24%
1204  SRER-13-1-No|nifD|consensus50|pass_single_dominant                     14.10%    passed     97.63%
1205  SRER-13-1-Rh|nifD|consensus50|pass_single_dominant                     15.67%    passed     97.77%
1206  SRER-13-1-Ro|nifD|consensus50|pass_single_dominant                     15.08%    passed     97.67%
1207  SRER-14-1-No|nifD|consensus50|pass_single_dominant                     14.43%    passed     86.17%
1208  SRER-14-1-Rh|nifD|consensus50|pass_mixed_possible_multitemplate        17.17%    passed     89.82%
1209  SRER-14-1-Ro|nifD|consensus50|pass_mixed_possible_multitemplate        17.82%    passed     95.90%
1210  SRER-15-1-No|nifD|consensus50|pass_mixed_possible_multitemplate        15.54%    passed     97.93%
1211  SRER-15-1-Rh|nifD|consensus50|pass_mixed_possible_multitemplate        20.56%    passed     98.56%
1212  SRER-15-1-Ro|nifD|consensus50|pass_mixed_possible_multitemplate        16.51%    passed     99.05%
1213  SRER-16-1-No|nifD|consensus50|pass_single_dominant                     14.56%    passed     97.80%
1214  SRER-16-1-Rh|nifD|consensus50|pass_mixed_possible_multitemplate        19.26%    passed     93.10%
1215  SRER-16-1-Ro|nifD|consensus50|pass_mixed_possible_multitemplate        19.58%    passed     96.03%
1216  SRER-17-1-No|nifD|consensus50|pass_single_dominant                     13.05%    passed     92.25%
1217  SRER-17-1-Rh|nifD|consensus50|pass_mixed_possible_multitemplate        20.04%    passed     97.71%
1218  SRER-17-1-Ro|nifD|consensus50|pass_mixed_possible_multitemplate        18.60%    passed     96.62%
1219  SRER-18-1-No|nifD|consensus50|pass_mixed_possible_multitemplate        22.98%    passed     93.99%
1220  SRER-18-1-Rh|nifD|consensus50|pass_single_dominant                     13.12%    passed     92.46%
1221  SRER-18-1-Ro|nifD|consensus50|pass_single_dominant                     14.23%    passed     86.68%
1222  SRER-2-1-No|nifD|consensus50|pass_single_dominant                      12.79%    passed     84.97%
1223  SRER-2-1-Rh|nifD|consensus50|pass_mixed_possible_multitemplate         20.50%    passed     90.38%
1224  SRER-2-1-Ro|nifD|consensus50|pass_mixed_possible_multitemplate         18.67%    passed     99.25%
1225  SRER-3-1-No|nifD|consensus50|pass_single_dominant                      13.25%    passed     96.84%
1226  SRER-3-1-Rh|nifD|consensus50|pass_mixed_possible_multitemplate         16.25%    passed     95.66%
1227  SRER-3-1-Ro|nifD|consensus50|pass_single_dominant                      14.36%    passed     93.77%
1228  SRER-4-1-No|nifD|consensus50|pass_single_dominant                      14.69%    passed     99.02%
1229  SRER-4-1-Rh|nifD|consensus50|pass_mixed_possible_multitemplate         16.91%    passed     99.55%
1230  SRER-4-1-Ro|nifD|consensus50|pass_mixed_possible_multitemplate         20.37%    passed     89.74%
1231  SRER-5-1-No|nifD|consensus50|pass_mixed_possible_multitemplate         14.10%    passed     91.09%
1232  SRER-5-1-Rh|nifD|consensus50|pass_single_dominant                      15.21%    passed     90.73%
1233  SRER-5-1-Ro|nifD|consensus50|pass_mixed_possible_multitemplate         17.10%    passed     89.98%
1234  SRER-6-1-No|nifD|consensus50|pass_single_dominant                      12.60%    passed     96.87%
1235  SRER-6-1-Rh|nifD|consensus50|pass_single_dominant                      21.41%    passed     78.47%
1236  SRER-6-1-Ro|nifD|consensus50|pass_single_dominant                      15.40%    passed     94.02%
1237  SRER-7-1-No|nifD|consensus50|pass_single_dominant                      13.05%    passed     89.58%
1238  SRER-7-1-Rh|nifD|consensus50|pass_mixed_possible_multitemplate         17.17%    passed     92.28%
1239  SRER-7-1-Ro|nifD|consensus50|pass_mixed_possible_multitemplate         17.95%    passed     89.53%
1240  SRER-8-1-No|nifD|consensus50|pass_single_dominant                      14.30%    passed     92.48%
1241  SRER-8-1-Rh|nifD|consensus50|pass_mixed_possible_multitemplate         18.54%    passed     97.86%
1242  SRER-8-1-Ro|nifD|consensus50|pass_mixed_possible_multitemplate         16.32%    passed     95.78%
1243  SRER-9-1-No|nifD|consensus50|pass_mixed_possible_multitemplate         20.30%    passed     85.51%
1244  SRER-9-1-Rh|nifD|consensus50|pass_single_dominant                      21.87%    passed     94.93%
1245  SRER-9-1-Ro|nifD|consensus50|pass_single_dominant                      14.23%    passed     84.68%
1246  TALL-10-4-No|nifD|consensus50|pass_single_dominant                     19.26%    passed     76.80%
1247  TALL-12-2-No|nifD|consensus50|pass_mixed_possible_multitemplate        20.37%    passed     99.76%
1248  TALL-13-3-No|nifD|consensus50|pass_single_dominant                     12.53%    passed     95.03%
1249  TALL-13-3-Rh|nifD|consensus50|pass_mixed_possible_multitemplate        20.76%    passed     88.17%
1250  TALL-15-2-No|nifD|consensus50|pass_single_dominant                     13.19%    passed     63.17%
1251  TALL-15-2-Ro|nifD|consensus50|pass_mixed_possible_multitemplate        23.76%    passed     94.87%
1252  TALL-16-Rh|nifD|consensus50|pass_mixed_possible_multitemplate          21.61%    passed     94.18%
1253  TALL-17-2-No|nifD|consensus50|pass_mixed_possible_multitemplate        18.08%    passed     98.47%
1254  TALL-17-2-Rh|nifD|consensus50|pass_mixed_possible_multitemplate        23.89%    passed     94.26%
1255  TALL-18-1-Rh|nifD|consensus50|pass_mixed_possible_multitemplate        17.23%    passed     99.51%
1256  TALL-19-2-No|nifD|consensus50|pass_mixed_possible_multitemplate        18.15%    passed     82.11%
1257  TALL-20-1-No|nifD|consensus50|pass_mixed_possible_multitemplate        19.71%    passed     89.14%
1258  TALL-21-2-Ro|nifD|consensus50|pass_mixed_possible_multitemplate        18.73%    passed     90.50%
1259  TALL-22-No|nifD|consensus50|pass_mixed_possible_multitemplate          18.67%    passed     89.18%
1260  TALL-22-Ro|nifD|consensus50|pass_mixed_possible_multitemplate          20.23%    passed     88.36%
1261  TALL-23-2-Ro|nifD|consensus50|pass_mixed_possible_multitemplate        18.02%    passed     93.95%
1262  TALL-2-3-Ro|nifD|consensus50|pass_mixed_possible_multitemplate         20.63%    passed     92.94%
1263  TALL-24-2-No|nifD|consensus50|pass_mixed_possible_multitemplate        13.38%    passed     67.98%
1264  TALL-24-2-Rh|nifD|consensus50|pass_mixed_possible_multitemplate        20.50%    passed     91.17%
1265  TALL-24-2-Ro|nifD|consensus50|pass_mixed_possible_multitemplate        23.76%    passed     91.93%
1266  TALL-25-2-No|nifD|consensus50|pass_mixed_possible_multitemplate        22.58%    passed     61.95%
1267  TALL-25-2-Ro|nifD|consensus50|pass_mixed_possible_multitemplate        21.34%    passed     94.96%
1268  TALL-26-3-Rh|nifD|consensus50|pass_single_dominant                     20.17%    passed     99.19%
1269  TALL-28-1-No|nifD|consensus50|pass_mixed_possible_multitemplate        24.28%    failed      3.58%
1270  TALL-28-1-Ro|nifD|consensus50|pass_mixed_possible_multitemplate        23.43%    failed      1.58%
1271  TALL-29-3-No|nifD|consensus50|pass_mixed_possible_multitemplate        21.34%    passed     33.97%
1272  TALL-29-3-Rh|nifD|consensus50|pass_mixed_possible_multitemplate        18.86%    passed     98.96%
1273  TALL-29-3-Ro|nifD|consensus50|pass_mixed_possible_multitemplate        20.50%    passed     82.38%
1274  TALL-30-1-Rh|nifD|consensus50|pass_mixed_possible_multitemplate        22.26%    passed     89.78%
1275  TALL-30-1-Ro|nifD|consensus50|pass_mixed_possible_multitemplate        21.93%    passed     85.40%
1276  TALL-31-1-Rh|nifD|consensus50|pass_mixed_possible_multitemplate        23.11%    passed     98.04%
1277  TALL-32-1-No|nifD|consensus50|pass_mixed_possible_multitemplate        19.39%    passed     86.40%
1278  TALL-32-1-Ro|nifD|consensus50|pass_mixed_possible_multitemplate        22.00%    passed     90.28%
1279  TALL-37-1-Rh|nifD|consensus50|pass_mixed_possible_multitemplate        15.01%    passed     77.06%
1280  TALL-41-3-Rh|nifD|consensus50|pass_mixed_possible_multitemplate        20.56%    passed     39.83%
1281  TALL-4-1-Ro|nifD|consensus50|pass_single_dominant                      20.50%    passed     96.18%
1282  TALL-44-1-No|nifD|consensus50|pass_mixed_possible_multitemplate        20.30%    passed     66.90%
1283  TALL-46-2-No|nifD|consensus50|pass_mixed_possible_multitemplate        26.50%    passed     98.70%
1284  TALL-47-2-No|nifD|consensus50|pass_mixed_possible_multitemplate        19.65%    passed     67.28%
1285  TALL-47-2-Rh|nifD|consensus50|pass_mixed_possible_multitemplate        21.93%    passed     97.63%
1286  TALL-48-2-Ro|nifD|consensus50|pass_mixed_possible_multitemplate        18.99%    passed     41.19%
1287  TALL-49-1-No|nifD|consensus50|pass_single_dominant                     18.99%    passed     86.76%
1288  TALL-50-1-Ro|nifD|consensus50|pass_mixed_possible_multitemplate        16.91%    passed     88.30%
1289  TALL-52-1-No|nifD|consensus50|pass_single_dominant                     16.64%    passed     50.16%
1290  TALL-5-2-Ro|nifD|consensus50|pass_mixed_possible_multitemplate         20.30%    passed     11.65%
1291  TALL-53-3-No|nifD|consensus50|pass_mixed_possible_multitemplate        18.93%    passed     82.64%
1292  TALL-53-3-Ro|nifD|consensus50|pass_mixed_possible_multitemplate        19.39%    passed     43.51%
1293  TALL-54-1-Ro|nifD|consensus50|pass_mixed_possible_multitemplate        23.11%    passed     72.82%
1294  TALL-55-1-No|nifD|consensus50|pass_mixed_possible_multitemplate        17.23%    passed     93.78%
1295  TALL-56-1-No|nifD|consensus50|pass_mixed_possible_multitemplate        19.45%    passed     30.27%
1296  TALL-60-1-No|nifD|consensus50|pass_mixed_possible_multitemplate        18.93%    passed     46.46%
1297  TALL-63-1-Rh|nifD|consensus50|pass_mixed_possible_multitemplate        18.60%    passed     94.18%
1298  TALL-64-1-No|nifD|consensus50|pass_single_dominant                     14.23%    passed     93.26%
1299  TALL-64-1-Ro|nifD|consensus50|pass_mixed_possible_multitemplate        17.36%    passed     91.67%
1300  TALL-65-1-No|nifD|consensus50|pass_mixed_possible_multitemplate        21.41%    passed     71.04%
1301  TALL-65-1-Rh|nifD|consensus50|pass_mixed_possible_multitemplate        24.35%    passed     99.57%
1302  TALL-67-1-Rh|nifD|consensus50|pass_mixed_possible_multitemplate        20.82%    passed     98.42%
1303  TALL-67-1-Ro|nifD|consensus50|pass_mixed_possible_multitemplate        21.87%    passed     19.00%
1304  TALL-68-2-No|nifD|consensus50|pass_mixed_possible_multitemplate        19.91%    passed     79.31%
1305  TALL-68-2-Rh|nifD|consensus50|pass_mixed_possible_multitemplate        20.82%    passed     82.87%
1306  TALL-68-2-Ro|nifD|consensus50|pass_mixed_possible_multitemplate        21.28%    passed     96.17%
1307  TALL-69-1-No|nifD|consensus50|pass_mixed_possible_multitemplate        19.06%    passed     95.85%
1308  TALL-69-1-Rh|nifD|consensus50|pass_mixed_possible_multitemplate        18.08%    passed     92.03%
1309  TALL-69-1-Ro|nifD|consensus50|pass_mixed_possible_multitemplate        21.28%    passed     99.99%
1310  TALL-70-1-Rh|nifD|consensus50|pass_mixed_possible_multitemplate        18.47%    passed     55.95%
1311  TALL-71-2-No|nifD|consensus50|pass_mixed_possible_multitemplate        21.34%    passed     89.55%
1312  TALL-71-2-Rh|nifD|consensus50|pass_single_dominant                     19.39%    passed     97.11%
1313  TALL-72-1-No|nifD|consensus50|pass_mixed_possible_multitemplate        23.56%    passed     93.30%
1314  TALL-72-1-Rh|nifD|consensus50|pass_single_dominant                     17.62%    passed     25.96%
1315  TALL-72-2-No|nifD|consensus50|pass_mixed_possible_multitemplate        20.89%    passed     32.98%
1316  TALL-72-3-No|nifD|consensus50|pass_mixed_possible_multitemplate        23.50%    passed     70.41%
1317  TALL-73-2-No|nifD|consensus50|pass_mixed_possible_multitemplate        19.58%    passed     47.34%
1318  TALL-73-2-Rh|nifD|consensus50|pass_mixed_possible_multitemplate        19.39%    passed     87.15%
1319  TALL-74-3-No|nifD|consensus50|pass_mixed_possible_multitemplate        19.39%    passed     54.62%
1320  TALL-74-3-Rh|nifD|consensus50|pass_mixed_possible_multitemplate        20.56%    passed     81.63%
1321  TALL-74-3-Ro|nifD|consensus50|pass_mixed_possible_multitemplate        18.60%    passed     95.74%
1322  TALL-76-3-No|nifD|consensus50|pass_mixed_possible_multitemplate        17.62%    passed     72.28%
1323  TALL-76-3-Rh|nifD|consensus50|pass_single_dominant                     19.71%    passed     82.30%
1324  TALL-79-1-Ro|nifD|consensus50|pass_mixed_possible_multitemplate        17.82%    passed     81.20%
1325  TALL-80-1-No|nifD|consensus50|pass_mixed_possible_multitemplate        20.89%    passed     98.86%
1326  TALL-8-2-No|nifD|consensus50|pass_mixed_possible_multitemplate         21.87%    passed     58.46%
1327  TALL-8-2-Rh|nifD|consensus50|pass_single_dominant                      19.13%    passed     85.13%
1328  TALL-8-2-Ro|nifD|consensus50|pass_mixed_possible_multitemplate         17.49%    passed     57.09%
1329  TALL-85-1-Ro|nifD|consensus50|pass_mixed_possible_multitemplate        18.80%    passed     97.18%
1330  TALL-90-1-No|nifD|consensus50|pass_mixed_possible_multitemplate        15.99%    passed     98.78%
1331  TALL-92-1-Ro|nifD|consensus50|pass_single_dominant                     19.06%    passed     79.67%
1332  TALL-92-2-Rh|nifD|consensus50|pass_mixed_possible_multitemplate        25.33%    passed     87.86%
1333  TEAK-1-2-Ro|nifD|consensus50|pass_mixed_possible_multitemplate         24.67%    failed      3.55%
1334  TEAK-2-1-No|nifD|consensus50|pass_mixed_possible_multitemplate         17.82%    failed      0.19%
1335  TEAK-2-1-Rh|nifD|consensus50|pass_single_dominant                      17.30%    passed      8.50%
1336  TEAK-3-1-Rh|nifD|consensus50|pass_single_dominant                      18.86%    passed     95.11%
1337  TEAK-3-1-Ro|nifD|consensus50|pass_mixed_possible_multitemplate         21.74%    passed     60.66%
1338  TOOL-10-No|nifD|consensus50|pass_single_dominant                       14.30%    passed     88.55%
1339  TOOL-10-Rh|nifD|consensus50|pass_mixed_possible_multitemplate          17.23%    passed     98.57%
1340  TOOL-10-Ro|nifD|consensus50|pass_mixed_possible_multitemplate          25.33%    passed     25.42%
1341  TOOL-11-No|nifD|consensus50|pass_mixed_possible_multitemplate          15.01%    passed     93.09%
1342  TOOL-11-Rh|nifD|consensus50|pass_mixed_possible_multitemplate          18.54%    passed     99.68%
1343  TOOL-11-Ro|nifD|consensus50|pass_mixed_possible_multitemplate          17.36%    passed     81.77%
1344  TOOL-12-No|nifD|consensus50|pass_mixed_possible_multitemplate          15.27%    passed     92.67%
1345  TOOL-12-Ro|nifD|consensus50|pass_single_dominant                       16.06%    passed     84.80%
1346  TOOL-13-Rh|nifD|consensus50|pass_mixed_possible_multitemplate          17.75%    passed     79.72%
1347  TOOL-14-No|nifD|consensus50|pass_single_dominant                       16.06%    passed     98.02%
1348  TOOL-14-Rh|nifD|consensus50|pass_mixed_possible_multitemplate          20.76%    passed     99.80%
1349  TOOL-15-No|nifD|consensus50|pass_mixed_possible_multitemplate          16.51%    passed     88.96%
1350  TOOL-15-Ro|nifD|consensus50|pass_mixed_possible_multitemplate          22.39%    passed     54.04%
1351  TOOL-16-No|nifD|consensus50|pass_mixed_possible_multitemplate          18.02%    passed     92.97%
1352  TOOL-17-Rh|nifD|consensus50|pass_single_dominant                       14.88%    passed     91.48%
1353  TOOL-17-Ro|nifD|consensus50|pass_mixed_possible_multitemplate          20.43%    passed     36.45%
1354  TOOL-18-Rh|nifD|consensus50|pass_mixed_possible_multitemplate          14.75%    passed     83.63%
1355  TOOL-19-No|nifD|consensus50|pass_mixed_possible_multitemplate          17.56%    passed     94.04%
1356  TOOL-19-Rh|nifD|consensus50|pass_single_dominant                       15.86%    passed     85.78%
1357  TOOL-1-No|nifD|consensus50|pass_mixed_possible_multitemplate           15.40%    passed     63.07%
1358  TOOL-1-Rh|nifD|consensus50|pass_mixed_possible_multitemplate           18.02%    passed     80.50%
1359  TOOL-1-Ro|nifD|consensus50|pass_mixed_possible_multitemplate           20.76%    passed     12.56%
1360  TOOL-20-Rh|nifD|consensus50|pass_mixed_possible_multitemplate          15.73%    passed     96.64%
1361  TOOL-20-Ro|nifD|consensus50|pass_single_dominant                       15.93%    passed     11.84%
1362  TOOL-21-No|nifD|consensus50|pass_single_dominant                       15.99%    passed     89.34%
1363  TOOL-21-Rh|nifD|consensus50|pass_mixed_possible_multitemplate          16.64%    passed     71.67%
1364  TOOL-22-Rh|nifD|consensus50|pass_mixed_possible_multitemplate          15.67%    passed     89.49%
1365  TOOL-22-Ro|nifD|consensus50|pass_mixed_possible_multitemplate          17.23%    passed     97.82%
1366  TOOL-23-No|nifD|consensus50|pass_single_dominant                       15.60%    passed     83.21%
1367  TOOL-23-Rh|nifD|consensus50|pass_mixed_possible_multitemplate          17.23%    passed     87.86%
1368  TOOL-23-Ro|nifD|consensus50|pass_single_dominant                       14.36%    passed     78.47%
1369  TOOL-24-No|nifD|consensus50|pass_mixed_possible_multitemplate          15.40%    passed     85.09%
1370  TOOL-24-Rh|nifD|consensus50|pass_mixed_possible_multitemplate          15.47%    passed     87.57%
1371  TOOL-25-No|nifD|consensus50|pass_mixed_possible_multitemplate          14.88%    passed     87.60%
1372  TOOL-25-Ro|nifD|consensus50|pass_mixed_possible_multitemplate          22.65%    passed     95.00%
1373  TOOL-26-No|nifD|consensus50|pass_mixed_possible_multitemplate          16.12%    passed     84.27%
1374  TOOL-26-Rh|nifD|consensus50|pass_mixed_possible_multitemplate          18.99%    passed     81.59%
1375  TOOL-27-2-No|nifD|consensus50|pass_mixed_possible_multitemplate        15.08%    passed     76.91%
1376  TOOL-27-2-Rh|nifD|consensus50|pass_mixed_possible_multitemplate        16.51%    passed     91.71%
1377  TOOL-27-2-Ro|nifD|consensus50|pass_mixed_possible_multitemplate        19.52%    passed     92.84%
1378  TOOL-28-No|nifD|consensus50|pass_single_dominant                       18.99%    passed     94.10%
1379  TOOL-29-Rh|nifD|consensus50|pass_single_dominant                       19.58%    passed     95.36%
1380  TOOL-2-No|nifD|consensus50|pass_mixed_possible_multitemplate           18.93%    passed     62.14%
1381  TOOL-2-Rh|nifD|consensus50|pass_mixed_possible_multitemplate           24.09%    passed     54.81%
1382  TOOL-2-Ro|nifD|consensus50|pass_mixed_possible_multitemplate           21.41%    passed     48.38%
1383  TOOL-30-No|nifD|consensus50|pass_mixed_possible_multitemplate          17.89%    passed     97.87%
1384  TOOL-30-Rh|nifD|consensus50|pass_mixed_possible_multitemplate          20.56%    passed     97.65%
1385  TOOL-31-Rh|nifD|consensus50|pass_mixed_possible_multitemplate          20.17%    passed     88.84%
1386  TOOL-32-Rh|nifD|consensus50|pass_mixed_possible_multitemplate          21.93%    passed     93.82%
1387  TOOL-33-1-No|nifD|consensus50|pass_mixed_possible_multitemplate        20.56%    passed     86.49%
1388  TOOL-33-1-Rh|nifD|consensus50|pass_mixed_possible_multitemplate        23.43%    passed     19.32%
1389  TOOL-33-1-Ro|nifD|consensus50|pass_single_dominant                     16.78%    passed     91.78%
1390  TOOL-35-1-No|nifD|consensus50|pass_mixed_possible_multitemplate        18.34%    passed     97.38%
1391  TOOL-35-1-Rh|nifD|consensus50|pass_single_dominant                     17.75%    passed     77.05%
1392  TOOL-3-Rh|nifD|consensus50|pass_mixed_possible_multitemplate           17.82%    passed     87.83%
1393  TOOL-3-Ro|nifD|consensus50|pass_mixed_possible_multitemplate           17.82%    passed     85.14%
1394  TOOL-4-No|nifD|consensus50|pass_mixed_possible_multitemplate           21.15%    passed     90.77%
1395  TOOL-4-Ro|nifD|consensus50|pass_single_dominant                        15.34%    passed     98.05%
1396  TOOL-5-Ro|nifD|consensus50|pass_single_dominant                        15.67%    passed     49.01%
1397  TOOL-7-No|nifD|consensus50|pass_mixed_possible_multitemplate           19.52%    passed     85.04%
1398  TOOL-7-Ro|nifD|consensus50|pass_single_dominant                        15.40%    passed     99.85%
1399  TOOL-8-No|nifD|consensus50|pass_single_dominant                        14.49%    passed     88.37%
1400  TOOL-8-Rh|nifD|consensus50|pass_single_dominant                        17.56%    passed     86.22%
1401  TOOL-8-Ro|nifD|consensus50|pass_mixed_possible_multitemplate           19.91%    passed     84.48%
1402  TOOL-9-No|nifD|consensus50|pass_single_dominant                        14.03%    passed     90.63%
1403  TOOL-9-Ro|nifD|consensus50|pass_single_dominant                        19.13%    passed     98.80%
1404  UKFS-3-2-No|nifD|consensus50|pass_single_dominant                      17.30%    passed     41.41%
1405  UKFS-4-1-No|nifD|consensus50|pass_mixed_possible_multitemplate         18.60%    passed     70.32%
1406  UKFS-4-1-Rh|nifD|consensus50|pass_mixed_possible_multitemplate         20.43%    passed     46.86%
1407  UKFS-4-1-Ro|nifD|consensus50|pass_mixed_possible_multitemplate         26.50%    passed     78.09%
1408  UKFS-52-1-Rh|nifD|consensus50|pass_single_dominant                     18.73%    passed     85.67%
1409  UKFS-6-1-Ro|nifD|consensus50|pass_mixed_possible_multitemplate         26.11%    passed     99.98%
1410  UKFS-6-3-Ro|nifD|consensus50|pass_mixed_possible_multitemplate         21.80%    passed     97.26%
1411  UNDE-1-2-No|nifD|consensus50|pass_mixed_possible_multitemplate         17.10%    passed     89.12%
1412  UNDE-2-1-No|nifD|consensus50|pass_mixed_possible_multitemplate         20.56%    passed     69.80%
1413  UNDE-3-1-No|nifD|consensus50|pass_mixed_possible_multitemplate         22.78%    passed     84.99%
1414  UNDE-3-1-Rh|nifD|consensus50|pass_mixed_possible_multitemplate         25.20%    passed     87.14%
1415  UNDE-4-1-Rh|nifD|consensus50|pass_mixed_possible_multitemplate         19.78%    passed     95.83%
1416  UNDE-5-4-No|nifD|consensus50|pass_mixed_possible_multitemplate         20.37%    passed     71.44%
1417  UNDE-5-4-Ro|nifD|consensus50|pass_mixed_possible_multitemplate         19.91%    passed     93.43%
1418  WOOD-10-1-No|nifD|consensus50|pass_single_dominant                     14.82%    failed      0.61%
1419  WOOD-10-1-Rh|nifD|consensus50|pass_mixed_possible_multitemplate        19.19%    passed     92.02%
1420  WOOD-10-1-Ro|nifD|consensus50|pass_mixed_possible_multitemplate        21.87%    passed     73.22%
1421  WOOD-11-1-No|nifD|consensus50|pass_mixed_possible_multitemplate        17.30%    failed      2.77%
1422  WOOD-11-1-Rh|nifD|consensus50|pass_mixed_possible_multitemplate        18.60%    passed     53.24%
1423  WOOD-11-1-Ro|nifD|consensus50|pass_mixed_possible_multitemplate        17.56%    passed     88.60%
1424  WOOD-1-1-No|nifD|consensus50|pass_mixed_possible_multitemplate         18.67%    passed     93.66%
1425  WOOD-1-1-Rh|nifD|consensus50|pass_single_dominant                      18.02%    passed     46.95%
1426  WOOD-1-1-Ro|nifD|consensus50|pass_mixed_possible_multitemplate         24.35%    passed     19.02%
1427  WOOD-12-No|nifD|consensus50|pass_single_dominant                       14.82%    failed      0.82%
1428  WOOD-12-Rh|nifD|consensus50|pass_single_dominant                       17.04%    passed     94.53%
1429  WOOD-12-Ro|nifD|consensus50|pass_mixed_possible_multitemplate          18.28%    passed     93.67%
1430  WOOD-2-2-Ro|nifD|consensus50|pass_mixed_possible_multitemplate         20.23%    passed     11.77%
1431  WOOD-3-2-No|nifD|consensus50|pass_single_dominant                      14.69%    failed      0.89%
1432  WOOD-3-2-Rh|nifD|consensus50|pass_single_dominant                      17.30%    passed     71.03%
1433  WOOD-3-2-Ro|nifD|consensus50|pass_mixed_possible_multitemplate         23.11%    passed     87.05%
1434  WOOD-4-1-No|nifD|consensus50|pass_mixed_possible_multitemplate         20.30%    passed     75.23%
1435  WOOD-4-1-Rh|nifD|consensus50|pass_mixed_possible_multitemplate         16.91%    passed     99.18%
1436  WOOD-4-1-Ro|nifD|consensus50|pass_mixed_possible_multitemplate         21.74%    passed     40.66%
1437  WOOD-5-1-No|nifD|consensus50|pass_mixed_possible_multitemplate         21.74%    passed     99.71%
1438  WOOD-5-1-Rh|nifD|consensus50|pass_mixed_possible_multitemplate         18.60%    passed     97.62%
1439  WOOD-5-1-Ro|nifD|consensus50|pass_single_dominant                      14.88%    passed     89.07%
1440  WOOD-6-1-No|nifD|consensus50|pass_single_dominant                      14.95%    failed      0.51%
1441  WOOD-6-1-Rh|nifD|consensus50|pass_mixed_possible_multitemplate         19.71%    passed     82.22%
1442  WOOD-6-1-Ro|nifD|consensus50|pass_single_dominant                      15.01%    failed      0.64%
1443  WOOD-7-1-No|nifD|consensus50|pass_single_dominant                      14.69%    failed      0.51%
1444  WOOD-7-1-Rh|nifD|consensus50|pass_mixed_possible_multitemplate         18.80%    passed     93.55%
1445  WOOD-7-1-Ro|nifD|consensus50|pass_mixed_possible_multitemplate         26.24%    passed     13.40%
1446  WOOD-8-No|nifD|consensus50|pass_mixed_possible_multitemplate           18.34%    passed     14.21%
1447  WOOD-8-Rh|nifD|consensus50|pass_mixed_possible_multitemplate           21.61%    passed     86.81%
1448  WOOD-8-Ro|nifD|consensus50|pass_mixed_possible_multitemplate           19.84%    passed     17.68%
1449  WOOD-9-Rh|nifD|consensus50|pass_mixed_possible_multitemplate           17.49%    passed     97.98%
1450  WOOD-9-Ro|nifD|consensus50|pass_mixed_possible_multitemplate           20.37%    passed     82.59%
1451  YELL-10-1-No|nifD|consensus50|pass_mixed_possible_multitemplate        23.11%    passed      7.77%
1452  YELL-10-1-Ro|nifD|consensus50|pass_mixed_possible_multitemplate        19.26%    passed     86.86%
1453  YELL-11-No|nifD|consensus50|pass_mixed_possible_multitemplate          20.89%    passed     91.55%
1454  YELL-1-2-No|nifD|consensus50|pass_mixed_possible_multitemplate         19.65%    passed     89.73%
1455  YELL-2-2-No|nifD|consensus50|pass_mixed_possible_multitemplate         26.04%    passed     98.04%
1456  YELL-3-5-No|nifD|consensus50|pass_mixed_possible_multitemplate         23.17%    passed     55.27%
1457  YELL-3-5-Ro|nifD|consensus50|pass_mixed_possible_multitemplate         21.02%    passed     90.67%
1458  YELL-4-4-No|nifD|consensus50|pass_single_dominant                      19.39%    passed     55.54%
1459  YELL-4-4-Rh|nifD|consensus50|pass_mixed_possible_multitemplate         21.87%    passed     66.74%
1460  YELL-5-3-Rh|nifD|consensus50|pass_single_dominant                      17.89%    passed     94.37%
1461  YELL-6-1-Rh|nifD|consensus50|pass_mixed_possible_multitemplate         16.91%    passed     67.45%
1462  YELL-6-1-Ro|nifD|consensus50|pass_mixed_possible_multitemplate         22.65%    passed      7.50%
1463  YELL-7-1-Rh|nifD|consensus50|pass_mixed_possible_multitemplate         18.21%    passed     90.28%
1464  YELL-7-1-Ro|nifD|consensus50|pass_mixed_possible_multitemplate         19.13%    passed     72.59%
****  TOTAL                                                                  19.15%  78 sequences failed composition chi2 test (p-value<5%; df=3)
NOTE: JERC-121-Rh|nifD|consensus50|pass_mixed_possible_multitemplate is identical to CLBJ-37-1-No|nifD|consensus50|pass_mixed_possible_multitemplate but kept for subsequent analysis
NOTE: KONA-1-1-Rh|nifD|consensus50|pass_mixed_possible_multitemplate is identical to JORN-4-1-Ro|nifD|consensus50|pass_mixed_possible_multitemplate but kept for subsequent analysis
Checking for duplicate sequences: done in 0.0144727 secs using 3516% CPU
Identifying sites to remove: done in 0.0167592 secs using 70.03% CPU
NOTE: 6 identical sequences (see below) will be ignored for subsequent analysis
NOTE: KONA-1-1-Ro|nifD|consensus50|pass_mixed_possible_multitemplate (identical to JORN-4-1-Ro|nifD|consensus50|pass_mixed_possible_multitemplate) is ignored but added at the end
NOTE: KONA-2-1-No|nifD|consensus50|pass_mixed_possible_multitemplate (identical to JORN-4-1-Ro|nifD|consensus50|pass_mixed_possible_multitemplate) is ignored but added at the end
NOTE: KONA-2-1-Rh|nifD|consensus50|pass_mixed_possible_multitemplate (identical to JORN-4-1-Ro|nifD|consensus50|pass_mixed_possible_multitemplate) is ignored but added at the end
NOTE: KONA-2-1-Ro|nifD|consensus50|pass_mixed_possible_multitemplate (identical to JORN-4-1-Ro|nifD|consensus50|pass_mixed_possible_multitemplate) is ignored but added at the end
NOTE: KONA-3-1-No|nifD|consensus50|pass_mixed_possible_multitemplate (identical to JORN-4-1-Ro|nifD|consensus50|pass_mixed_possible_multitemplate) is ignored but added at the end
NOTE: KONA-3-1-Rh|nifD|consensus50|pass_mixed_possible_multitemplate (identical to JORN-4-1-Ro|nifD|consensus50|pass_mixed_possible_multitemplate) is ignored but added at the end
Alignment was printed to /mnt/dv/wid/projects6/SolisLemus-Intbio-raw/processed-data/symbiosis_sorted_v2_consensus_sequences_50percent/nifD_consensus_iqtree_iupac_nm5000_v1/nifD_consensus50_iupac_all_pass_nm5000.uniqueseq.phy

For your convenience alignment with unique sequences printed to /mnt/dv/wid/projects6/SolisLemus-Intbio-raw/processed-data/symbiosis_sorted_v2_consensus_sequences_50percent/nifD_consensus_iqtree_iupac_nm5000_v1/nifD_consensus50_iupac_all_pass_nm5000.uniqueseq.phy


Create initial parsimony tree by phylogenetic likelihood library (PLL)... 0.834 seconds
Measuring multi-threading efficiency up to 72 CPU cores
Increase to 10 rounds for branch lengths
10 trees examined
Threads: 1 / Time: 72.656 sec / Speedup: 1.000 / Efficiency: 100% / LogL: -414229
Threads: 2 / Time: 54.262 sec / Speedup: 1.339 / Efficiency: 67% / LogL: -414229
Threads: 3 / Time: 55.387 sec / Speedup: 1.312 / Efficiency: 44% / LogL: -414229
Determining AUTO threadcount: done in 182.312 secs using 189.1% CPU
BEST NUMBER OF THREADS: 2

Perform fast likelihood tree search using GTR+I+G model...
Estimate model parameters (epsilon = 5.000)
Perform nearest neighbor interchange...
Estimate model parameters (epsilon = 1.000)
1. Initial log-likelihood: -189117.575
Optimal log-likelihood: -189117.486
Rate parameters:  A-C: 1.24194  A-G: 3.32254  A-T: 0.91414  C-G: 2.27640  C-T: 5.21441  G-T: 1.00000
Base frequencies:  A: 0.217  C: 0.296  G: 0.303  T: 0.184
Proportion of invariable sites: 0.444
Gamma shape alpha: 0.806
Parameters optimization took 1 rounds (1.361 sec)
Time for fast ML tree search: 21.078 seconds

NOTE: ModelFinder requires 514 MB RAM!
ModelFinder will test up to 968 DNA models (sample size: 1532 epsilon: 0.100) ...
 No. Model         -LnL         df  AIC          AICc         BIC
  1  JC            234696.243   2913 475218.485   17452182.485 490757.387
  2  JC+I          212267.033   2914 430362.066   17418982.066 445906.302
  3  JC+G4         196986.504   2914 399801.008   17388421.008 415345.244
  4  JC+I+G4       195504.089   2915 396838.177   17397118.177 412387.747
  5  JC+R2         202492.096   2915 410814.193   17411094.193 426363.763
  6  JC+R3         197755.779   2917 401345.559   17424957.559 416905.798
  7  JC+R4         195930.411   2919 397698.823   17444658.823 413269.730
  8  JC+R5         195108.695   2921 396059.391   17466383.391 411640.967
  9  JC+R6         194735.618   2923 395317.235   17489021.235 410909.480
 10  JC+R7         194497.364   2925 394844.728   17511944.728 410447.641
 11  JC+R8         194392.275   2927 394638.549   17535150.549 410252.131
 12  JC+R9         194320.556   2929 394499.112   17558439.112 410123.363
 13  JC+R10        194299.565   2931 394461.130   17581845.130 410096.049
 14  JC+I+R2       199008.339   2916 403848.678   17415792.678 419403.582
 15  JC+I+R3       196250.824   2918 398337.649   17433621.649 413903.222
 16  JC+I+R4       195308.407   2920 396456.814   17455096.814 412033.056
 17  JC+I+R5       194857.223   2922 395558.445   17477570.445 411145.355
 18  JC+I+R6       194562.050   2924 394972.101   17500372.101 410569.680
 19  JC+I+R7       194422.271   2926 394696.543   17523500.543 410304.790
 20  JC+I+R8       194347.974   2928 394551.948   17546775.948 410170.864
 21  JC+I+R9       194303.579   2930 394467.158   17570127.158 410096.743
 22  JC+I+R10      194281.408   2932 394426.816   17593538.816 410067.070
 44  JC+I+R10      194281.408   2932 394426.816   17593538.816 410067.069
 66  F81+I+R10     194281.153   2932 394426.307   17593538.307 410066.560
 88  F81+F+I+R10   193160.643   2935 392191.287   17626511.287 407847.543
110  K2P+I+R10     191186.447   2933 388238.894   17599082.894 403884.482
132  K2P+I+R10     191186.447   2933 388238.894   17599082.894 403884.482
154  HKY+I+R10     191186.296   2933 388238.592   17599082.592 403884.180
176  HKY+F+I+R10   189083.921   2936 384039.842   17630103.842 399701.433
198  TNe+I+R10     191133.925   2934 388135.850   17610715.850 403786.772
220  TNe+I+R10     191133.925   2934 388135.850   17610715.850 403786.772
242  TN+I+R10      191133.835   2934 388135.671   17610715.671 403786.593
264  TN+F+I+R10    188848.296   2937 383570.591   17641382.591 399237.517
286  K3P+I+R10     190159.915   2934 386187.829   17608767.829 401838.751
308  K3P+I+R10     190159.915   2934 386187.829   17608767.829 401838.751
330  K3Pu+I+R10    190159.662   2934 386187.324   17608767.324 401838.246
352  K3Pu+F+I+R10  188569.195   2937 383012.391   17640824.391 398679.316
374  TPM2+I+R10    190332.721   2934 386533.442   17609113.442 402184.364
396  TPM2+I+R10    190332.721   2934 386533.442   17609113.442 402184.365
418  TPM2u+I+R10   190332.311   2934 386532.621   17609112.621 402183.544
440  TPM2u+F+I+R10 188736.945   2937 383347.890   17641159.890 399014.815
462  TPM3+I+R10    189931.999   2934 385731.999   17608311.999 401382.921
484  TPM3+I+R10    189931.999   2934 385731.999   17608311.999 401382.921
506  TPM3u+I+R10   189931.748   2934 385731.495   17608311.495 401382.418
528  TPM3u+F+I+R10 188591.034   2937 383056.068   17640868.068 398722.993
550  TIMe+I+R10    190106.984   2935 386083.969   17620403.969 401740.226
572  TIMe+I+R10    190106.984   2935 386083.969   17620403.969 401740.226
594  TIM+I+R10     190106.884   2935 386083.768   17620403.768 401740.025
616  TIM+F+I+R10   188333.968   2938 382543.937   17652107.937 398216.196
638  TIM2e+I+R10   190291.784   2935 386453.567   17620773.567 402109.824
660  TIM2e+I+R10   190291.784   2935 386453.567   17620773.567 402109.824
682  TIM2+I+R10    190291.646   2935 386453.292   17620773.292 402109.549
704  TIM2+F+I+R10  188511.761   2938 382899.523   17652463.523 398571.782
726  TIM3e+I+R10   189814.995   2935 385499.991   17619819.991 401156.247
748  TIM3e+I+R10   189814.995   2935 385499.991   17619819.991 401156.247
770  TIM3+I+R10    189814.881   2935 385499.762   17619819.762 401156.018
792  TIM3+F+I+R10  188325.120   2938 382526.241   17652090.241 398198.500
814  TVMe+I+R10    188863.189   2936 383598.379   17629662.379 399259.970
836  TVMe+I+R10    188863.190   2936 383598.379   17629662.379 399259.970
858  TVM+I+R10     188863.052   2936 383598.105   17629662.105 399259.696
880  TVM+F+I+R10   188149.761   2939 382177.521   17663497.521 397855.115
902  SYM+I+R10     188768.342   2937 383410.684   17641222.684 399077.610
924  SYM+I+R10     188768.342   2937 383410.684   17641222.684 399077.610
946  GTR+I+R10     188768.203   2937 383410.406   17641222.406 399077.331
968  GTR+F+I+R10   187884.816   2940 381649.633   17674729.633 397332.561
Akaike Information Criterion:           GTR+F+I+R10
Corrected Akaike Information Criterion: JC+G4
Bayesian Information Criterion:         GTR+F+I+R10
Best-fit model: GTR+F+I+R10 chosen according to BIC

All model information printed to /mnt/dv/wid/projects6/SolisLemus-Intbio-raw/processed-data/symbiosis_sorted_v2_consensus_sequences_50percent/nifD_consensus_iqtree_iupac_nm5000_v1/nifD_consensus50_iupac_all_pass_nm5000.model.gz
CPU time for ModelFinder: 17221.526 seconds (4h:47m:1s)
Wall-clock time for ModelFinder: 8736.077 seconds (2h:25m:36s)
Generating 1000 samples for ultrafast bootstrap (seed: 666073)...

NOTE: 514 MB RAM (0 GB) is required!
Estimate model parameters (epsilon = 0.100)
1. Initial log-likelihood: -187884.816
Optimal log-likelihood: -187884.749
Rate parameters:  A-C: 1.32825  A-G: 3.62237  A-T: 0.97883  C-G: 2.43456  C-T: 5.49592  G-T: 1.00000
Base frequencies:  A: 0.217  C: 0.296  G: 0.303  T: 0.184
Proportion of invariable sites: 0.434
Site proportion and rates:  (0.106,0.073) (0.068,0.262) (0.075,0.583) (0.070,1.096) (0.076,1.811) (0.063,2.675) (0.052,3.780) (0.038,5.020) (0.014,6.761) (0.006,11.618)
Parameters optimization took 1 rounds (4.666 sec)
Wrote distance file to... 
Computing ML distances based on estimated model parameters...
Calculating distance matrix: done in 11.5235 secs using 199.7% CPU
Computing ML distances took 11.534236 sec (of wall-clock time) 23.017832 sec (of CPU time)
Setting up auxiliary I and S matrices: done in 0.0219622 secs using 280.2% CPU
Constructing RapidNJ tree: done in 0.302197 secs using 180.6% CPU
Computing RapidNJ tree took 0.324258 sec (of wall-clock time) 0.607453 sec (of CPU time)
Log-likelihood of RapidNJ tree: -197204.377
--------------------------------------------------------------------
|             INITIALIZING CANDIDATE TREE SET                      |
--------------------------------------------------------------------
Generating 98 parsimony trees... 91.241 second
Computing log-likelihood of 98 initial trees ... 101.090 seconds
Current best score: -187884.749

Do NNI search on 20 best initial trees
Estimate model parameters (epsilon = 0.100)
BETTER TREE FOUND at iteration 1: -187839.072
Estimate model parameters (epsilon = 0.100)
BETTER TREE FOUND at iteration 2: -187605.336
Iteration 10 / LogL: -187888.054 / Time: 2h:36m:41s
Iteration 20 / LogL: -187886.909 / Time: 2h:42m:32s
Finish initializing candidate tree set (20)
Current best tree score: -187605.336 / CPU time: 976.468
Number of iterations: 20
--------------------------------------------------------------------
|               OPTIMIZING CANDIDATE TREE SET                      |
--------------------------------------------------------------------
Estimate model parameters (epsilon = 0.100)
BETTER TREE FOUND at iteration 30: -187544.530
Iteration 30 / LogL: -187544.530 / Time: 2h:46m:50s (1h:13m:15s left)
Estimate model parameters (epsilon = 0.100)
BETTER TREE FOUND at iteration 36: -187540.311
Estimate model parameters (epsilon = 0.100)
BETTER TREE FOUND at iteration 38: -187484.910
Estimate model parameters (epsilon = 0.100)
BETTER TREE FOUND at iteration 40: -187363.189
Iteration 40 / LogL: -187363.189 / Time: 2h:51m:42s (1h:6m:57s left)
Estimate model parameters (epsilon = 0.100)
BETTER TREE FOUND at iteration 44: -187360.644
Estimate model parameters (epsilon = 0.100)
BETTER TREE FOUND at iteration 48: -187318.406
Estimate model parameters (epsilon = 0.100)
BETTER TREE FOUND at iteration 50: -187228.273
Iteration 50 / LogL: -187228.273 / Time: 2h:56m:34s (1h:3m:12s left)
Log-likelihood cutoff on original alignment: -188033.298
Iteration 60 / LogL: -187306.007 / Time: 3h:0m:50s (0h:53m:45s left)
Estimate model parameters (epsilon = 0.100)
BETTER TREE FOUND at iteration 63: -187224.535
Estimate model parameters (epsilon = 0.100)
BETTER TREE FOUND at iteration 64: -187187.417
Estimate model parameters (epsilon = 0.100)
BETTER TREE FOUND at iteration 65: -187157.108
Iteration 70 / LogL: -187339.232 / Time: 3h:6m:15s (0h:55m:57s left)
Estimate model parameters (epsilon = 0.100)
BETTER TREE FOUND at iteration 73: -187138.578
Estimate model parameters (epsilon = 0.100)
BETTER TREE FOUND at iteration 79: -187104.715
Iteration 80 / LogL: -187378.185 / Time: 3h:10m:52s (0h:56m:43s left)
Estimate model parameters (epsilon = 0.100)
BETTER TREE FOUND at iteration 86: -187077.564
Estimate model parameters (epsilon = 0.100)
BETTER TREE FOUND at iteration 87: -187065.831
Iteration 90 / LogL: -187111.157 / Time: 3h:15m:37s (0h:54m:31s left)
Estimate model parameters (epsilon = 0.100)
BETTER TREE FOUND at iteration 97: -187031.659
Iteration 100 / LogL: -187040.536 / Time: 3h:19m:40s (0h:52m:58s left)
Log-likelihood cutoff on original alignment: -187986.477
NOTE: Bootstrap correlation coefficient of split occurrence frequencies: 0.856
NOTE: UFBoot does not converge, continue at least 100 more iterations
Estimate model parameters (epsilon = 0.100)
BETTER TREE FOUND at iteration 108: -187026.031
Iteration 110 / LogL: -187097.866 / Time: 3h:24m:25s (0h:52m:53s left)
Iteration 120 / LogL: -187071.536 / Time: 3h:28m:55s (0h:46m:49s left)
Estimate model parameters (epsilon = 0.100)
BETTER TREE FOUND at iteration 127: -186980.118
Iteration 130 / LogL: -187021.854 / Time: 3h:35m:1s (0h:52m:11s left)
Estimate model parameters (epsilon = 0.100)
BETTER TREE FOUND at iteration 133: -186923.223
Iteration 140 / LogL: -187078.708 / Time: 3h:39m:58s (0h:49m:45s left)
Iteration 150 / LogL: -187016.927 / Time: 3h:44m:21s (0h:43m:52s left)
Log-likelihood cutoff on original alignment: -187986.477
Iteration 160 / LogL: -187257.735 / Time: 3h:48m:53s (0h:38m:14s left)
Estimate model parameters (epsilon = 0.100)
BETTER TREE FOUND at iteration 168: -186916.611
Iteration 170 / LogL: -187019.556 / Time: 3h:53m:35s (0h:51m:1s left)
Estimate model parameters (epsilon = 0.100)
BETTER TREE FOUND at iteration 173: -186877.310
Iteration 180 / LogL: -187017.128 / Time: 3h:58m:41s (0h:48m:21s left)
Iteration 190 / LogL: -186950.519 / Time: 4h:3m:7s (0h:42m:49s left)
Iteration 200 / LogL: -187049.162 / Time: 4h:7m:45s (0h:37m:28s left)
Log-likelihood cutoff on original alignment: -187986.477
NOTE: Bootstrap correlation coefficient of split occurrence frequencies: 0.866
NOTE: UFBoot does not converge, continue at least 100 more iterations
Iteration 210 / LogL: -186923.725 / Time: 4h:12m:33s (0h:46m:3s left)
Estimate model parameters (epsilon = 0.100)
BETTER TREE FOUND at iteration 215: -186834.621
Iteration 220 / LogL: -186842.040 / Time: 4h:18m:4s (0h:48m:47s left)
Estimate model parameters (epsilon = 0.100)
BETTER TREE FOUND at iteration 230: -186811.327
Iteration 230 / LogL: -186811.327 / Time: 4h:23m:4s (0h:51m:17s left)
Iteration 240 / LogL: -186892.638 / Time: 4h:27m:36s (0h:45m:56s left)
Iteration 250 / LogL: -186840.339 / Time: 4h:32m:15s (0h:40m:41s left)
Log-likelihood cutoff on original alignment: -187986.477
Estimate model parameters (epsilon = 0.100)
BETTER TREE FOUND at iteration 254: -186796.175
Estimate model parameters (epsilon = 0.100)
BETTER TREE FOUND at iteration 259: -186745.674
Iteration 260 / LogL: -186804.022 / Time: 4h:37m:58s (0h:50m:35s left)
Iteration 270 / LogL: -186782.088 / Time: 4h:43m:0s (0h:45m:27s left)
Iteration 280 / LogL: -186760.687 / Time: 4h:47m:29s (0h:40m:10s left)
Iteration 290 / LogL: -186756.691 / Time: 4h:52m:25s (0h:35m:3s left)
Estimate model parameters (epsilon = 0.100)
BETTER TREE FOUND at iteration 296: -186690.822
Iteration 300 / LogL: -186829.733 / Time: 4h:58m:10s (0h:48m:59s left)
Log-likelihood cutoff on original alignment: -187986.477
NOTE: Bootstrap correlation coefficient of split occurrence frequencies: 0.873
NOTE: UFBoot does not converge, continue at least 100 more iterations
Iteration 310 / LogL: -186975.859 / Time: 5h:3m:12s (0h:45m:54s left)
Iteration 320 / LogL: -186882.195 / Time: 5h:8m:4s (0h:40m:44s left)
Iteration 330 / LogL: -186750.884 / Time: 5h:13m:4s (0h:35m:37s left)
Iteration 340 / LogL: -186886.040 / Time: 5h:17m:53s (0h:30m:29s left)
Iteration 350 / LogL: -186783.238 / Time: 5h:22m:55s (0h:25m:24s left)
Log-likelihood cutoff on original alignment: -187895.918
Estimate model parameters (epsilon = 0.100)
BETTER TREE FOUND at iteration 354: -186689.795
Iteration 360 / LogL: -186846.844 / Time: 5h:28m:34s (0h:47m:54s left)
Iteration 370 / LogL: -186755.625 / Time: 5h:33m:53s (0h:42m:51s left)
Iteration 380 / LogL: -186793.017 / Time: 5h:39m:10s (0h:37m:47s left)
Estimate model parameters (epsilon = 0.100)
BETTER TREE FOUND at iteration 385: -186672.073
Iteration 390 / LogL: -186798.447 / Time: 5h:44m:27s (0h:48m:33s left)
Estimate model parameters (epsilon = 0.100)
BETTER TREE FOUND at iteration 399: -186613.374
Iteration 400 / LogL: -186818.527 / Time: 5h:50m:14s (0h:50m:46s left)
Log-likelihood cutoff on original alignment: -187895.918
NOTE: Bootstrap correlation coefficient of split occurrence frequencies: 0.865
NOTE: UFBoot does not converge, continue at least 100 more iterations
Iteration 410 / LogL: -186680.251 / Time: 5h:55m:27s (0h:46m:10s left)
Estimate model parameters (epsilon = 0.100)
BETTER TREE FOUND at iteration 413: -186603.050
Estimate model parameters (epsilon = 0.100)
BETTER TREE FOUND at iteration 416: -186574.082
Iteration 420 / LogL: -186674.986 / Time: 6h:1m:32s (0h:49m:28s left)
Estimate model parameters (epsilon = 0.100)
BETTER TREE FOUND at iteration 426: -186555.279
Iteration 430 / LogL: -186641.755 / Time: 6h:6m:55s (0h:49m:31s left)
Iteration 440 / LogL: -186813.854 / Time: 6h:11m:44s (0h:44m:17s left)
Iteration 450 / LogL: -186773.059 / Time: 6h:16m:45s (0h:39m:7s left)
Log-likelihood cutoff on original alignment: -187879.662
Iteration 460 / LogL: -186749.442 / Time: 6h:21m:52s (0h:33m:58s left)
Iteration 470 / LogL: -186636.391 / Time: 6h:26m:58s (0h:28m:49s left)
Iteration 480 / LogL: -186699.108 / Time: 6h:32m:13s (0h:23m:41s left)
Iteration 490 / LogL: -186657.476 / Time: 6h:37m:37s (0h:18m:33s left)
Iteration 500 / LogL: -186795.072 / Time: 6h:42m:36s (0h:13m:23s left)
Log-likelihood cutoff on original alignment: -187879.662
NOTE: Bootstrap correlation coefficient of split occurrence frequencies: 0.867
NOTE: UFBoot does not converge, continue at least 100 more iterations
Iteration 510 / LogL: -186586.750 / Time: 6h:47m:45s (0h:46m:21s left)
Iteration 520 / LogL: -186740.809 / Time: 6h:53m:3s (0h:41m:13s left)
Iteration 530 / LogL: -186633.035 / Time: 6h:58m:1s (0h:36m:2s left)
Iteration 540 / LogL: -186646.443 / Time: 7h:3m:13s (0h:30m:54s left)
Estimate model parameters (epsilon = 0.100)
BETTER TREE FOUND at iteration 549: -186550.504
Iteration 550 / LogL: -186644.538 / Time: 7h:8m:43s (0h:51m:3s left)
Log-likelihood cutoff on original alignment: -187879.662
Iteration 560 / LogL: -186717.104 / Time: 7h:14m:30s (0h:45m:59s left)
Iteration 570 / LogL: -186749.649 / Time: 7h:19m:50s (0h:40m:51s left)
Iteration 580 / LogL: -186572.690 / Time: 7h:24m:56s (0h:35m:40s left)
Iteration 590 / LogL: -186610.355 / Time: 7h:30m:10s (0h:30m:30s left)
Iteration 600 / LogL: -186643.921 / Time: 7h:35m:7s (0h:25m:19s left)
Log-likelihood cutoff on original alignment: -186908.792
NOTE: Bootstrap correlation coefficient of split occurrence frequencies: 0.883
NOTE: UFBoot does not converge, continue at least 100 more iterations
Iteration 610 / LogL: -186716.866 / Time: 7h:40m:3s (0h:46m:28s left)
Iteration 620 / LogL: -186681.433 / Time: 7h:44m:14s (0h:41m:10s left)
Estimate model parameters (epsilon = 0.100)
BETTER TREE FOUND at iteration 627: -186536.284
Iteration 630 / LogL: -186610.619 / Time: 7h:49m:21s (0h:49m:55s left)
Iteration 640 / LogL: -186632.342 / Time: 7h:53m:41s (0h:44m:40s left)
Iteration 650 / LogL: -186601.476 / Time: 7h:58m:5s (0h:39m:26s left)
Log-likelihood cutoff on original alignment: -186908.792
Iteration 660 / LogL: -186692.070 / Time: 8h:2m:53s (0h:34m:17s left)
Iteration 670 / LogL: -186654.816 / Time: 8h:7m:20s (0h:29m:7s left)
Iteration 680 / LogL: -186643.153 / Time: 8h:12m:0s (0h:23m:58s left)
Iteration 690 / LogL: -186558.451 / Time: 8h:16m:33s (0h:18m:50s left)
Iteration 700 / LogL: -186641.624 / Time: 8h:21m:21s (0h:13m:44s left)
Log-likelihood cutoff on original alignment: -186908.792
NOTE: Bootstrap correlation coefficient of split occurrence frequencies: 0.884
NOTE: UFBoot does not converge, continue at least 100 more iterations
Iteration 710 / LogL: -186725.066 / Time: 8h:26m:6s (0h:45m:45s left)
Iteration 720 / LogL: -186662.322 / Time: 8h:30m:20s (0h:40m:35s left)
Iteration 730 / LogL: -186664.998 / Time: 8h:34m:51s (0h:35m:27s left)
Iteration 740 / LogL: -186596.146 / Time: 8h:39m:47s (0h:30m:22s left)
Estimate model parameters (epsilon = 0.100)
BETTER TREE FOUND at iteration 743: -186535.613
Iteration 750 / LogL: -186683.068 / Time: 8h:44m:28s (0h:47m:2s left)
Log-likelihood cutoff on original alignment: -186908.792
Iteration 760 / LogL: -186594.988 / Time: 8h:49m:10s (0h:41m:56s left)
Iteration 770 / LogL: -186555.520 / Time: 8h:53m:41s (0h:36m:50s left)
Iteration 780 / LogL: -186688.885 / Time: 8h:57m:57s (0h:31m:43s left)
Iteration 790 / LogL: -186592.390 / Time: 9h:2m:33s (0h:26m:39s left)
Iteration 800 / LogL: -186831.534 / Time: 9h:7m:24s (0h:21m:37s left)
Log-likelihood cutoff on original alignment: -186908.792
NOTE: Bootstrap correlation coefficient of split occurrence frequencies: 0.893
NOTE: UFBoot does not converge, continue at least 100 more iterations
Iteration 810 / LogL: -186719.328 / Time: 9h:11m:52s (0h:45m:11s left)
Iteration 820 / LogL: -186679.658 / Time: 9h:16m:26s (0h:40m:7s left)
Iteration 830 / LogL: -186548.851 / Time: 9h:21m:24s (0h:35m:6s left)
Iteration 840 / LogL: -186696.210 / Time: 9h:26m:14s (0h:30m:4s left)
Iteration 850 / LogL: -186848.268 / Time: 9h:30m:46s (0h:25m:2s left)
Log-likelihood cutoff on original alignment: -186908.792
Iteration 860 / LogL: -186638.433 / Time: 9h:35m:49s (0h:20m:2s left)
Estimate model parameters (epsilon = 0.100)
BETTER TREE FOUND at iteration 868: -186521.115
Iteration 870 / LogL: -186651.752 / Time: 9h:40m:36s (0h:49m:3s left)
Iteration 880 / LogL: -186672.524 / Time: 9h:45m:20s (0h:44m:1s left)
Iteration 890 / LogL: -186697.806 / Time: 9h:50m:12s (0h:39m:0s left)
Iteration 900 / LogL: -186665.563 / Time: 9h:54m:54s (0h:33m:59s left)
Log-likelihood cutoff on original alignment: -186908.792
NOTE: Bootstrap correlation coefficient of split occurrence frequencies: 0.949
NOTE: UFBoot does not converge, continue at least 100 more iterations
Iteration 910 / LogL: -186678.984 / Time: 9h:59m:45s (0h:44m:57s left)
Iteration 920 / LogL: -186679.547 / Time: 10h:4m:31s (0h:39m:57s left)
Iteration 930 / LogL: -186626.603 / Time: 10h:9m:25s (0h:34m:56s left)
Iteration 940 / LogL: -186646.870 / Time: 10h:14m:0s (0h:29m:55s left)
Iteration 950 / LogL: -186663.979 / Time: 10h:18m:44s (0h:24m:55s left)
Log-likelihood cutoff on original alignment: -186908.792
Iteration 960 / LogL: -186662.939 / Time: 10h:23m:46s (0h:19m:56s left)
Iteration 970 / LogL: -186596.567 / Time: 10h:28m:43s (0h:14m:57s left)
Iteration 980 / LogL: -186647.558 / Time: 10h:33m:41s (0h:9m:58s left)
Iteration 990 / LogL: -186601.607 / Time: 10h:38m:25s (0h:4m:58s left)
Iteration 1000 / LogL: -186607.945 / Time: 10h:43m:0s (0h:0m:0s left)
Log-likelihood cutoff on original alignment: -186908.792
NOTE: Bootstrap correlation coefficient of split occurrence frequencies: 0.968
NOTE: UFBoot does not converge, continue at least 100 more iterations
Iteration 1010 / LogL: -186760.260 / Time: 10h:48m:5s (0h:44m:49s left)
Iteration 1020 / LogL: -186638.180 / Time: 10h:53m:17s (0h:39m:51s left)
Iteration 1030 / LogL: -186661.785 / Time: 10h:58m:21s (0h:34m:52s left)
Iteration 1040 / LogL: -186601.006 / Time: 11h:3m:13s (0h:29m:53s left)
Iteration 1050 / LogL: -186583.816 / Time: 11h:8m:21s (0h:24m:55s left)
Log-likelihood cutoff on original alignment: -186908.792
Iteration 1060 / LogL: -186653.730 / Time: 11h:13m:54s (0h:19m:57s left)
Iteration 1070 / LogL: -186704.391 / Time: 11h:18m:27s (0h:14m:57s left)
Iteration 1080 / LogL: -186628.340 / Time: 11h:23m:15s (0h:9m:57s left)
Iteration 1090 / LogL: -186656.123 / Time: 11h:28m:3s (0h:4m:58s left)
Iteration 1100 / LogL: -186654.204 / Time: 11h:32m:51s (0h:0m:0s left)
Log-likelihood cutoff on original alignment: -186908.792
NOTE: Bootstrap correlation coefficient of split occurrence frequencies: 0.981
NOTE: UFBoot does not converge, continue at least 100 more iterations
Iteration 1110 / LogL: -186671.641 / Time: 11h:37m:53s (0h:44m:49s left)
Iteration 1120 / LogL: -186610.680 / Time: 11h:42m:45s (0h:39m:49s left)
Iteration 1130 / LogL: -186587.064 / Time: 11h:47m:47s (0h:34m:51s left)
Iteration 1140 / LogL: -186688.062 / Time: 11h:52m:36s (0h:29m:52s left)
Iteration 1150 / LogL: -186657.912 / Time: 11h:57m:47s (0h:24m:53s left)
Log-likelihood cutoff on original alignment: -186908.792
Iteration 1160 / LogL: -186642.817 / Time: 12h:2m:50s (0h:19m:55s left)
Estimate model parameters (epsilon = 0.100)
BETTER TREE FOUND at iteration 1168: -186509.282
Iteration 1170 / LogL: -186695.256 / Time: 12h:8m:39s (0h:48m:52s left)
Iteration 1180 / LogL: -186740.666 / Time: 12h:13m:36s (0h:43m:53s left)
Iteration 1190 / LogL: -186610.154 / Time: 12h:18m:59s (0h:38m:55s left)
Iteration 1200 / LogL: -186650.259 / Time: 12h:23m:55s (0h:33m:56s left)
Log-likelihood cutoff on original alignment: -186908.792
NOTE: Bootstrap correlation coefficient of split occurrence frequencies: 0.982
NOTE: UFBoot does not converge, continue at least 100 more iterations
Iteration 1210 / LogL: -186572.186 / Time: 12h:29m:25s (0h:44m:56s left)
Iteration 1220 / LogL: -186596.002 / Time: 12h:34m:37s (0h:39m:58s left)
Iteration 1230 / LogL: -186689.444 / Time: 12h:40m:4s (0h:34m:59s left)
Iteration 1240 / LogL: -186783.129 / Time: 12h:45m:0s (0h:29m:59s left)
Iteration 1250 / LogL: -186554.420 / Time: 12h:49m:53s (0h:24m:59s left)
Log-likelihood cutoff on original alignment: -186906.074
Iteration 1260 / LogL: -186676.577 / Time: 12h:54m:52s (0h:19m:59s left)
Iteration 1270 / LogL: -186755.740 / Time: 13h:0m:5s (0h:14m:59s left)
Iteration 1280 / LogL: -186668.859 / Time: 13h:5m:8s (0h:10m:0s left)
Iteration 1290 / LogL: -186547.503 / Time: 13h:10m:15s (0h:5m:0s left)
Iteration 1300 / LogL: -186615.872 / Time: 13h:15m:21s (0h:0m:0s left)
Log-likelihood cutoff on original alignment: -186906.074
NOTE: Bootstrap correlation coefficient of split occurrence frequencies: 0.979
NOTE: UFBoot does not converge, continue at least 100 more iterations
Iteration 1310 / LogL: -186628.108 / Time: 13h:20m:36s (0h:45m:2s left)
Estimate model parameters (epsilon = 0.100)
BETTER TREE FOUND at iteration 1314: -186488.315
Iteration 1320 / LogL: -186596.946 / Time: 13h:25m:35s (0h:47m:2s left)
Iteration 1330 / LogL: -186522.466 / Time: 13h:30m:27s (0h:42m:1s left)
Iteration 1340 / LogL: -186607.972 / Time: 13h:35m:32s (0h:37m:1s left)
Iteration 1350 / LogL: -186713.392 / Time: 13h:40m:44s (0h:32m:1s left)
Log-likelihood cutoff on original alignment: -186906.074
Iteration 1360 / LogL: -186556.734 / Time: 13h:46m:27s (0h:27m:3s left)
Iteration 1370 / LogL: -186671.011 / Time: 13h:51m:10s (0h:22m:2s left)
Iteration 1380 / LogL: -186788.319 / Time: 13h:56m:3s (0h:17m:1s left)
Iteration 1390 / LogL: -186705.635 / Time: 14h:1m:23s (0h:12m:1s left)
Iteration 1400 / LogL: -186583.655 / Time: 14h:6m:22s (0h:7m:0s left)
Log-likelihood cutoff on original alignment: -186906.074
NOTE: Bootstrap correlation coefficient of split occurrence frequencies: 0.971
NOTE: UFBoot does not converge, continue at least 100 more iterations
Iteration 1410 / LogL: -186637.858 / Time: 14h:11m:28s (0h:45m:5s left)
Iteration 1420 / LogL: -186550.475 / Time: 14h:16m:6s (0h:40m:3s left)
Iteration 1430 / LogL: -186510.501 / Time: 14h:21m:13s (0h:35m:3s left)
Iteration 1440 / LogL: -186616.717 / Time: 14h:26m:32s (0h:30m:3s left)
Iteration 1450 / LogL: -186658.902 / Time: 14h:31m:28s (0h:25m:2s left)
Log-likelihood cutoff on original alignment: -186906.074
Iteration 1460 / LogL: -186587.982 / Time: 14h:36m:26s (0h:20m:2s left)
Iteration 1470 / LogL: -186627.668 / Time: 14h:41m:43s (0h:15m:1s left)
Iteration 1480 / LogL: -186743.974 / Time: 14h:46m:38s (0h:10m:1s left)
Iteration 1490 / LogL: -186653.444 / Time: 14h:51m:57s (0h:5m:0s left)
Iteration 1500 / LogL: -186580.926 / Time: 14h:57m:2s (0h:0m:0s left)
Log-likelihood cutoff on original alignment: -186811.994
NOTE: Bootstrap correlation coefficient of split occurrence frequencies: 0.968
NOTE: UFBoot does not converge, continue at least 100 more iterations
Iteration 1510 / LogL: -186504.779 / Time: 15h:2m:17s (0h:45m:7s left)
Iteration 1520 / LogL: -186526.499 / Time: 15h:7m:28s (0h:40m:7s left)
Iteration 1530 / LogL: -186726.301 / Time: 15h:12m:40s (0h:35m:7s left)
Estimate model parameters (epsilon = 0.100)
BETTER TREE FOUND at iteration 1535: -186486.879
Iteration 1540 / LogL: -186560.177 / Time: 15h:18m:3s (0h:47m:40s left)
Estimate model parameters (epsilon = 0.100)
BETTER TREE FOUND at iteration 1550: -186486.567
Iteration 1550 / LogL: -186486.567 / Time: 15h:23m:15s (0h:50m:12s left)
Log-likelihood cutoff on original alignment: -186811.994
Estimate model parameters (epsilon = 0.100)
BETTER TREE FOUND at iteration 1554: -186475.371
Iteration 1560 / LogL: -186578.390 / Time: 15h:28m:53s (0h:47m:13s left)
Iteration 1570 / LogL: -186596.860 / Time: 15h:33m:45s (0h:42m:11s left)
Iteration 1580 / LogL: -186550.301 / Time: 15h:38m:48s (0h:37m:10s left)
Iteration 1590 / LogL: -186560.431 / Time: 15h:43m:45s (0h:32m:8s left)
Iteration 1600 / LogL: -186574.940 / Time: 15h:48m:46s (0h:27m:7s left)
Log-likelihood cutoff on original alignment: -186811.994
NOTE: Bootstrap correlation coefficient of split occurrence frequencies: 0.952
NOTE: UFBoot does not converge, continue at least 100 more iterations
Iteration 1610 / LogL: -186790.154 / Time: 15h:53m:43s (0h:45m:12s left)
Iteration 1620 / LogL: -186656.896 / Time: 15h:58m:28s (0h:40m:10s left)
Estimate model parameters (epsilon = 0.100)
BETTER TREE FOUND at iteration 1623: -186449.300
Iteration 1630 / LogL: -186625.846 / Time: 16h:4m:3s (0h:46m:43s left)
Iteration 1640 / LogL: -186663.798 / Time: 16h:8m:44s (0h:41m:41s left)
Estimate model parameters (epsilon = 0.100)
BETTER TREE FOUND at iteration 1647: -186448.418
Iteration 1650 / LogL: -186596.909 / Time: 16h:13m:51s (0h:48m:43s left)
Log-likelihood cutoff on original alignment: -186811.994
Iteration 1660 / LogL: -186643.244 / Time: 16h:19m:4s (0h:43m:42s left)
Iteration 1670 / LogL: -186621.415 / Time: 16h:23m:52s (0h:38m:40s left)
Iteration 1680 / LogL: -186837.434 / Time: 16h:28m:30s (0h:33m:38s left)
Iteration 1690 / LogL: -186560.580 / Time: 16h:33m:39s (0h:28m:37s left)
Iteration 1700 / LogL: -186570.381 / Time: 16h:38m:25s (0h:23m:35s left)
Log-likelihood cutoff on original alignment: -186811.994
NOTE: Bootstrap correlation coefficient of split occurrence frequencies: 0.936
NOTE: UFBoot does not converge, continue at least 100 more iterations
Iteration 1710 / LogL: -186584.072 / Time: 16h:43m:23s (0h:45m:10s left)
Iteration 1720 / LogL: -186550.967 / Time: 16h:48m:10s (0h:40m:8s left)
Iteration 1730 / LogL: -186639.496 / Time: 16h:52m:59s (0h:35m:7s left)
Iteration 1740 / LogL: -186497.425 / Time: 16h:57m:52s (0h:30m:5s left)
Iteration 1750 / LogL: -186557.595 / Time: 17h:2m:52s (0h:25m:4s left)
Log-likelihood cutoff on original alignment: -186811.994
Iteration 1760 / LogL: -186644.780 / Time: 17h:7m:49s (0h:20m:3s left)
Iteration 1770 / LogL: -186577.606 / Time: 17h:12m:31s (0h:15m:2s left)
Iteration 1780 / LogL: -186535.843 / Time: 17h:17m:16s (0h:10m:1s left)
Iteration 1790 / LogL: -186606.176 / Time: 17h:22m:8s (0h:5m:0s left)
Iteration 1800 / LogL: -186515.261 / Time: 17h:26m:58s (0h:0m:0s left)
Log-likelihood cutoff on original alignment: -186811.994
NOTE: Bootstrap correlation coefficient of split occurrence frequencies: 0.926
NOTE: UFBoot does not converge, continue at least 100 more iterations
Estimate model parameters (epsilon = 0.100)
BETTER TREE FOUND at iteration 1810: -186435.340
Iteration 1810 / LogL: -186435.340 / Time: 17h:32m:20s (0h:50m:7s left)
Iteration 1820 / LogL: -186563.161 / Time: 17h:37m:20s (0h:45m:6s left)
Iteration 1830 / LogL: -186546.631 / Time: 17h:42m:12s (0h:40m:5s left)
Iteration 1840 / LogL: -186516.466 / Time: 17h:46m:49s (0h:35m:3s left)
Iteration 1850 / LogL: -186550.715 / Time: 17h:50m:52s (0h:30m:1s left)
Log-likelihood cutoff on original alignment: -186811.994
Iteration 1860 / LogL: -186587.435 / Time: 17h:55m:3s (0h:24m:59s left)
Iteration 1870 / LogL: -186510.008 / Time: 17h:59m:2s (0h:19m:58s left)
Iteration 1880 / LogL: -186486.460 / Time: 18h:3m:2s (0h:14m:58s left)
Iteration 1890 / LogL: -186503.379 / Time: 18h:7m:4s (0h:9m:58s left)
Iteration 1900 / LogL: -186783.152 / Time: 18h:11m:5s (0h:4m:58s left)
Log-likelihood cutoff on original alignment: -186811.994
NOTE: Bootstrap correlation coefficient of split occurrence frequencies: 0.918
NOTE: UFBoot does not converge, continue at least 100 more iterations
Iteration 1910 / LogL: -186621.361 / Time: 18h:15m:3s (0h:44m:45s left)
Iteration 1920 / LogL: -186546.539 / Time: 18h:18m:53s (0h:39m:44s left)
Iteration 1930 / LogL: -186550.311 / Time: 18h:22m:58s (0h:34m:44s left)
Estimate model parameters (epsilon = 0.100)
BETTER TREE FOUND at iteration 1936: -186418.231
Iteration 1940 / LogL: -186876.753 / Time: 18h:27m:13s (0h:47m:36s left)
Iteration 1950 / LogL: -186554.265 / Time: 18h:31m:11s (0h:42m:36s left)
Log-likelihood cutoff on original alignment: -186811.994
Iteration 1960 / LogL: -186519.429 / Time: 18h:35m:16s (0h:37m:37s left)
Iteration 1970 / LogL: -186641.776 / Time: 18h:39m:16s (0h:32m:38s left)
Iteration 1980 / LogL: -186549.085 / Time: 18h:43m:16s (0h:27m:39s left)
Iteration 1990 / LogL: -186601.048 / Time: 18h:47m:26s (0h:22m:42s left)
Estimate model parameters (epsilon = 0.100)
BETTER TREE FOUND at iteration 1997: -186417.091
Iteration 2000 / LogL: -186586.359 / Time: 18h:51m:39s (0h:47m:50s left)
Log-likelihood cutoff on original alignment: -186811.994
NOTE: Bootstrap correlation coefficient of split occurrence frequencies: 0.908
NOTE: UFBoot does not converge, continue at least 100 more iterations
Iteration 2010 / LogL: -186524.402 / Time: 18h:55m:48s (0h:44m:21s left)
Iteration 2020 / LogL: -186484.144 / Time: 18h:59m:55s (0h:39m:23s left)
Iteration 2030 / LogL: -186674.720 / Time: 19h:4m:3s (0h:34m:26s left)
Iteration 2040 / LogL: -186717.223 / Time: 19h:8m:21s (0h:29m:30s left)
Iteration 2050 / LogL: -186555.332 / Time: 19h:12m:39s (0h:24m:34s left)
Log-likelihood cutoff on original alignment: -186811.994
Iteration 2060 / LogL: -186543.897 / Time: 19h:17m:15s (0h:19m:39s left)
Estimate model parameters (epsilon = 0.100)
BETTER TREE FOUND at iteration 2062: -186413.314
Iteration 2070 / LogL: -186502.688 / Time: 19h:21m:42s (0h:45m:10s left)
Iteration 2080 / LogL: -186620.822 / Time: 19h:26m:0s (0h:40m:14s left)
Iteration 2090 / LogL: -186611.260 / Time: 19h:30m:16s (0h:35m:18s left)
Iteration 2100 / LogL: -186481.746 / Time: 19h:34m:42s (0h:30m:23s left)
Log-likelihood cutoff on original alignment: -186811.994
NOTE: Bootstrap correlation coefficient of split occurrence frequencies: 0.892
NOTE: UFBoot does not converge, continue at least 100 more iterations
Iteration 2110 / LogL: -186456.681 / Time: 19h:39m:8s (0h:44m:6s left)
Iteration 2120 / LogL: -186560.328 / Time: 19h:43m:17s (0h:39m:10s left)
Iteration 2130 / LogL: -186525.614 / Time: 19h:47m:39s (0h:34m:15s left)
Iteration 2140 / LogL: -186538.309 / Time: 19h:51m:58s (0h:29m:21s left)
Iteration 2150 / LogL: -186673.839 / Time: 19h:56m:18s (0h:24m:26s left)
Log-likelihood cutoff on original alignment: -186811.994
Iteration 2160 / LogL: -186463.338 / Time: 20h:0m:40s (0h:19m:32s left)
Iteration 2170 / LogL: -186587.479 / Time: 20h:5m:14s (0h:14m:39s left)
Iteration 2180 / LogL: -186535.082 / Time: 20h:9m:30s (0h:9m:45s left)
Estimate model parameters (epsilon = 0.100)
BETTER TREE FOUND at iteration 2186: -186409.658
Iteration 2190 / LogL: -186511.646 / Time: 20h:14m:6s (0h:46m:51s left)
Iteration 2200 / LogL: -186591.846 / Time: 20h:18m:3s (0h:41m:56s left)
Log-likelihood cutoff on original alignment: -186811.994
NOTE: Bootstrap correlation coefficient of split occurrence frequencies: 0.884
NOTE: UFBoot does not converge, continue at least 100 more iterations
Iteration 2210 / LogL: -186459.202 / Time: 20h:22m:29s (0h:43m:52s left)
Iteration 2220 / LogL: -186476.907 / Time: 20h:26m:59s (0h:38m:59s left)
Iteration 2230 / LogL: -186519.475 / Time: 20h:31m:29s (0h:34m:6s left)
Iteration 2240 / LogL: -186551.370 / Time: 20h:35m:51s (0h:29m:12s left)
Iteration 2250 / LogL: -186597.678 / Time: 20h:40m:9s (0h:24m:20s left)
Log-likelihood cutoff on original alignment: -186811.994
Iteration 2260 / LogL: -186475.361 / Time: 20h:44m:31s (0h:19m:27s left)
Iteration 2270 / LogL: -186450.418 / Time: 20h:48m:44s (0h:14m:35s left)
Iteration 2280 / LogL: -186512.740 / Time: 20h:52m:59s (0h:9m:43s left)
Iteration 2290 / LogL: -186541.201 / Time: 20h:57m:12s (0h:4m:51s left)
Estimate model parameters (epsilon = 0.100)
BETTER TREE FOUND at iteration 2299: -186409.040
Iteration 2300 / LogL: -186505.982 / Time: 21h:2m:0s (0h:48m:4s left)
Log-likelihood cutoff on original alignment: -186811.994
NOTE: Bootstrap correlation coefficient of split occurrence frequencies: 0.881
NOTE: UFBoot does not converge, continue at least 100 more iterations
Iteration 2310 / LogL: -186658.852 / Time: 21h:6m:31s (0h:43m:41s left)
Iteration 2320 / LogL: -186573.346 / Time: 21h:10m:58s (0h:38m:49s left)
Estimate model parameters (epsilon = 0.100)
BETTER TREE FOUND at iteration 2323: -186395.257
Estimate model parameters (epsilon = 0.100)
BETTER TREE FOUND at iteration 2326: -186393.193
Estimate model parameters (epsilon = 0.100)
BETTER TREE FOUND at iteration 2328: -186386.779
Iteration 2330 / LogL: -186532.440 / Time: 21h:16m:33s (0h:47m:35s left)
Iteration 2340 / LogL: -186473.986 / Time: 21h:21m:3s (0h:42m:43s left)
Iteration 2350 / LogL: -186422.381 / Time: 21h:25m:30s (0h:37m:51s left)
Log-likelihood cutoff on original alignment: -186811.994
Iteration 2360 / LogL: -186480.120 / Time: 21h:29m:52s (0h:32m:59s left)
Iteration 2370 / LogL: -186475.858 / Time: 21h:34m:21s (0h:28m:7s left)
Iteration 2380 / LogL: -186480.186 / Time: 21h:38m:48s (0h:23m:16s left)
Iteration 2390 / LogL: -186556.066 / Time: 21h:43m:41s (0h:18m:25s left)
Iteration 2400 / LogL: -186472.138 / Time: 21h:48m:13s (0h:13m:34s left)
Log-likelihood cutoff on original alignment: -186811.994
NOTE: Bootstrap correlation coefficient of split occurrence frequencies: 0.869
NOTE: UFBoot does not converge, continue at least 100 more iterations
Iteration 2410 / LogL: -186450.383 / Time: 21h:52m:49s (0h:43m:36s left)
Estimate model parameters (epsilon = 0.100)
BETTER TREE FOUND at iteration 2413: -186359.735
Iteration 2420 / LogL: -186547.991 / Time: 21h:57m:46s (0h:45m:3s left)
Iteration 2430 / LogL: -186426.814 / Time: 22h:2m:25s (0h:40m:12s left)
Iteration 2440 / LogL: -186554.189 / Time: 22h:6m:48s (0h:35m:21s left)
Iteration 2450 / LogL: -186423.055 / Time: 22h:11m:10s (0h:30m:29s left)
Log-likelihood cutoff on original alignment: -186811.994
Iteration 2460 / LogL: -186383.967 / Time: 22h:15m:41s (0h:25m:39s left)
Estimate model parameters (epsilon = 0.100)
BETTER TREE FOUND at iteration 2470: -186333.148
Iteration 2470 / LogL: -186333.148 / Time: 22h:20m:47s (0h:48m:24s left)
Iteration 2480 / LogL: -186487.113 / Time: 22h:25m:14s (0h:43m:33s left)
Iteration 2490 / LogL: -186497.220 / Time: 22h:30m:3s (0h:38m:42s left)
Iteration 2500 / LogL: -186476.590 / Time: 22h:34m:25s (0h:33m:51s left)
Log-likelihood cutoff on original alignment: -186739.583
NOTE: Bootstrap correlation coefficient of split occurrence frequencies: 0.860
NOTE: UFBoot does not converge, continue at least 100 more iterations
Iteration 2510 / LogL: -186458.610 / Time: 22h:39m:17s (0h:43m:32s left)
Iteration 2520 / LogL: -186495.631 / Time: 22h:43m:53s (0h:38m:41s left)
Iteration 2530 / LogL: -186466.643 / Time: 22h:48m:27s (0h:33m:50s left)
Iteration 2540 / LogL: -186670.778 / Time: 22h:52m:50s (0h:29m:0s left)
Iteration 2550 / LogL: -186478.865 / Time: 22h:57m:11s (0h:24m:9s left)
Log-likelihood cutoff on original alignment: -186739.583
Iteration 2560 / LogL: -186546.281 / Time: 23h:1m:41s (0h:19m:19s left)
Iteration 2570 / LogL: -186436.415 / Time: 23h:5m:57s (0h:14m:29s left)
Iteration 2580 / LogL: -186497.475 / Time: 23h:10m:22s (0h:9m:39s left)
Iteration 2590 / LogL: -186475.160 / Time: 23h:14m:50s (0h:4m:49s left)
Iteration 2600 / LogL: -186455.278 / Time: 23h:19m:15s (0h:0m:0s left)
Log-likelihood cutoff on original alignment: -186739.583
NOTE: Bootstrap correlation coefficient of split occurrence frequencies: 0.857
NOTE: UFBoot does not converge, continue at least 100 more iterations
Iteration 2610 / LogL: -186433.235 / Time: 23h:23m:50s (0h:43m:24s left)
Iteration 2620 / LogL: -186657.187 / Time: 23h:28m:6s (0h:38m:33s left)
Iteration 2630 / LogL: -186423.169 / Time: 23h:32m:25s (0h:33m:43s left)
Iteration 2640 / LogL: -186428.438 / Time: 23h:36m:53s (0h:28m:54s left)
Iteration 2650 / LogL: -186467.370 / Time: 23h:41m:34s (0h:24m:5s left)
Log-likelihood cutoff on original alignment: -186739.583
Iteration 2660 / LogL: -186554.718 / Time: 23h:46m:21s (0h:19m:16s left)
Iteration 2670 / LogL: -186457.410 / Time: 23h:51m:2s (0h:14m:26s left)
Iteration 2680 / LogL: -186466.617 / Time: 23h:55m:43s (0h:9m:37s left)
Iteration 2690 / LogL: -186480.125 / Time: 24h:0m:5s (0h:4m:48s left)
Iteration 2700 / LogL: -186527.313 / Time: 24h:4m:36s (0h:0m:0s left)
Log-likelihood cutoff on original alignment: -186708.977
NOTE: Bootstrap correlation coefficient of split occurrence frequencies: 0.857
NOTE: UFBoot does not converge, continue at least 100 more iterations
Iteration 2710 / LogL: -186527.693 / Time: 24h:9m:18s (0h:43m:18s left)
Iteration 2720 / LogL: -186545.260 / Time: 24h:13m:45s (0h:38m:29s left)
Iteration 2730 / LogL: -186455.416 / Time: 24h:18m:14s (0h:33m:40s left)
Iteration 2740 / LogL: -186575.789 / Time: 24h:22m:44s (0h:28m:51s left)
Iteration 2750 / LogL: -186368.538 / Time: 24h:27m:20s (0h:24m:2s left)
Log-likelihood cutoff on original alignment: -186708.977
Iteration 2760 / LogL: -186526.856 / Time: 24h:32m:18s (0h:19m:14s left)
Iteration 2770 / LogL: -186466.851 / Time: 24h:36m:52s (0h:14m:25s left)
Iteration 2780 / LogL: -186477.559 / Time: 24h:41m:19s (0h:9m:36s left)
Iteration 2790 / LogL: -186448.720 / Time: 24h:46m:6s (0h:4m:48s left)
Iteration 2800 / LogL: -186503.020 / Time: 24h:50m:26s (0h:0m:0s left)
Log-likelihood cutoff on original alignment: -186675.845
NOTE: Bootstrap correlation coefficient of split occurrence frequencies: 0.849
NOTE: UFBoot does not converge, continue at least 100 more iterations
Estimate model parameters (epsilon = 0.100)
BETTER TREE FOUND at iteration 2803: -186303.488
Iteration 2810 / LogL: -186463.844 / Time: 24h:55m:39s (0h:44m:41s left)
Iteration 2820 / LogL: -186539.085 / Time: 25h:0m:4s (0h:39m:52s left)
Iteration 2830 / LogL: -186370.284 / Time: 25h:4m:36s (0h:35m:4s left)
Iteration 2840 / LogL: -186461.028 / Time: 25h:9m:8s (0h:30m:15s left)
Iteration 2850 / LogL: -186455.527 / Time: 25h:13m:40s (0h:25m:27s left)
Log-likelihood cutoff on original alignment: -186675.845
Iteration 2860 / LogL: -186428.257 / Time: 25h:18m:27s (0h:20m:38s left)
Estimate model parameters (epsilon = 0.100)
BETTER TREE FOUND at iteration 2863: -186284.746
Iteration 2870 / LogL: -186358.513 / Time: 25h:23m:20s (0h:44m:39s left)
Iteration 2880 / LogL: -186443.390 / Time: 25h:27m:54s (0h:39m:51s left)
Iteration 2890 / LogL: -186426.146 / Time: 25h:32m:27s (0h:35m:2s left)
Iteration 2900 / LogL: -186426.043 / Time: 25h:37m:1s (0h:30m:14s left)
Log-likelihood cutoff on original alignment: -186675.845
NOTE: Bootstrap correlation coefficient of split occurrence frequencies: 0.839
NOTE: UFBoot does not converge, continue at least 100 more iterations
Iteration 2910 / LogL: -186489.927 / Time: 25h:41m:45s (0h:43m:11s left)
Iteration 2920 / LogL: -186452.553 / Time: 25h:46m:18s (0h:38m:23s left)
Iteration 2930 / LogL: -186365.635 / Time: 25h:51m:1s (0h:33m:35s left)
Iteration 2940 / LogL: -186355.591 / Time: 25h:55m:34s (0h:28m:47s left)
Iteration 2950 / LogL: -186338.450 / Time: 26h:0m:7s (0h:23m:58s left)
Log-likelihood cutoff on original alignment: -186675.845
Iteration 2960 / LogL: -186389.037 / Time: 26h:4m:50s (0h:19m:11s left)
Iteration 2970 / LogL: -186436.795 / Time: 26h:9m:34s (0h:14m:23s left)
Iteration 2980 / LogL: -186333.286 / Time: 26h:14m:18s (0h:9m:35s left)
Iteration 2990 / LogL: -186436.598 / Time: 26h:18m:59s (0h:4m:47s left)
Iteration 3000 / LogL: -186528.251 / Time: 26h:23m:35s (0h:0m:0s left)
Log-likelihood cutoff on original alignment: -186675.845
NOTE: Bootstrap correlation coefficient of split occurrence frequencies: 0.834
NOTE: UFBoot does not converge, continue at least 100 more iterations
NOTE: 3.057 seconds to dump checkpoint file, increase to 62.000
Iteration 3010 / LogL: -186331.249 / Time: 26h:28m:27s (0h:43m:9s left)
Iteration 3020 / LogL: -186494.624 / Time: 26h:33m:9s (0h:38m:21s left)
Iteration 3030 / LogL: -186474.450 / Time: 26h:38m:10s (0h:33m:34s left)
Iteration 3040 / LogL: -186351.102 / Time: 26h:43m:30s (0h:28m:47s left)
Iteration 3050 / LogL: -186457.595 / Time: 26h:48m:56s (0h:23m:59s left)
Log-likelihood cutoff on original alignment: -186675.845
Iteration 3060 / LogL: -186310.831 / Time: 26h:53m:53s (0h:19m:11s left)
Iteration 3070 / LogL: -186447.444 / Time: 26h:58m:34s (0h:14m:23s left)
Iteration 3080 / LogL: -186521.122 / Time: 27h:3m:53s (0h:9m:36s left)
Iteration 3090 / LogL: -186417.837 / Time: 27h:8m:44s (0h:4m:48s left)
Iteration 3100 / LogL: -186560.067 / Time: 27h:13m:33s (0h:0m:0s left)
Log-likelihood cutoff on original alignment: -186675.845
NOTE: Bootstrap correlation coefficient of split occurrence frequencies: 0.845
NOTE: UFBoot does not converge, continue at least 100 more iterations
Iteration 3110 / LogL: -186426.912 / Time: 27h:18m:32s (0h:43m:13s left)
Iteration 3120 / LogL: -186391.897 / Time: 27h:23m:31s (0h:38m:25s left)
Iteration 3130 / LogL: -186348.544 / Time: 27h:28m:36s (0h:33m:37s left)
Iteration 3140 / LogL: -186410.723 / Time: 27h:33m:26s (0h:28m:49s left)
Iteration 3150 / LogL: -186413.963 / Time: 27h:38m:25s (0h:24m:1s left)
Log-likelihood cutoff on original alignment: -186675.845
Iteration 3160 / LogL: -186418.384 / Time: 27h:43m:33s (0h:19m:13s left)
Iteration 3170 / LogL: -186543.509 / Time: 27h:48m:29s (0h:14m:25s left)
Iteration 3180 / LogL: -186454.727 / Time: 27h:53m:23s (0h:9m:36s left)
Iteration 3190 / LogL: -186408.296 / Time: 27h:58m:10s (0h:4m:48s left)
Iteration 3200 / LogL: -186360.789 / Time: 28h:3m:41s (0h:0m:0s left)
Log-likelihood cutoff on original alignment: -186675.845
NOTE: Bootstrap correlation coefficient of split occurrence frequencies: 0.850
NOTE: UFBoot does not converge, continue at least 100 more iterations
Iteration 3210 / LogL: -186551.999 / Time: 28h:8m:45s (0h:43m:16s left)
Iteration 3220 / LogL: -186343.460 / Time: 28h:14m:20s (0h:38m:29s left)
Iteration 3230 / LogL: -186403.540 / Time: 28h:19m:33s (0h:33m:41s left)
Iteration 3240 / LogL: -186371.457 / Time: 28h:24m:54s (0h:28m:53s left)
Iteration 3250 / LogL: -186469.068 / Time: 28h:30m:12s (0h:24m:4s left)
Log-likelihood cutoff on original alignment: -186675.845
Iteration 3260 / LogL: -186526.092 / Time: 28h:35m:16s (0h:19m:15s left)
Iteration 3270 / LogL: -186399.394 / Time: 28h:40m:20s (0h:14m:27s left)
Iteration 3280 / LogL: -186395.747 / Time: 28h:45m:29s (0h:9m:38s left)
Iteration 3290 / LogL: -186466.397 / Time: 28h:50m:42s (0h:4m:49s left)
Estimate model parameters (epsilon = 0.100)
BETTER TREE FOUND at iteration 3292: -186272.019
Iteration 3300 / LogL: -186380.696 / Time: 28h:56m:18s (0h:44m:21s left)
Log-likelihood cutoff on original alignment: -186635.118
NOTE: Bootstrap correlation coefficient of split occurrence frequencies: 0.858
NOTE: UFBoot does not converge, continue at least 100 more iterations
Iteration 3310 / LogL: -186393.646 / Time: 29h:1m:21s (0h:43m:24s left)
Iteration 3320 / LogL: -186356.004 / Time: 29h:6m:30s (0h:38m:35s left)
Iteration 3330 / LogL: -186458.063 / Time: 29h:11m:28s (0h:33m:46s left)
Iteration 3340 / LogL: -186397.926 / Time: 29h:16m:4s (0h:28m:56s left)
Iteration 3350 / LogL: -186408.669 / Time: 29h:20m:39s (0h:24m:6s left)
Log-likelihood cutoff on original alignment: -186635.118
Iteration 3360 / LogL: -186448.052 / Time: 29h:25m:9s (0h:19m:17s left)
Iteration 3370 / LogL: -186400.265 / Time: 29h:29m:43s (0h:14m:27s left)
Iteration 3380 / LogL: -186362.034 / Time: 29h:35m:31s (0h:9m:38s left)
Iteration 3390 / LogL: -186493.548 / Time: 29h:40m:20s (0h:4m:49s left)
Estimate model parameters (epsilon = 0.100)
BETTER TREE FOUND at iteration 3399: -186262.412
Iteration 3400 / LogL: -186361.548 / Time: 29h:45m:13s (0h:47m:45s left)
Log-likelihood cutoff on original alignment: -186635.118
NOTE: Bootstrap correlation coefficient of split occurrence frequencies: 0.856
NOTE: UFBoot does not converge, continue at least 100 more iterations
Iteration 3410 / LogL: -186398.019 / Time: 29h:49m:51s (0h:43m:24s left)
Iteration 3420 / LogL: -186451.989 / Time: 29h:54m:17s (0h:38m:34s left)
Iteration 3430 / LogL: -186448.842 / Time: 29h:58m:46s (0h:33m:44s left)
Iteration 3440 / LogL: -186369.713 / Time: 30h:3m:17s (0h:28m:55s left)
Iteration 3450 / LogL: -186351.352 / Time: 30h:7m:47s (0h:24m:5s left)
Log-likelihood cutoff on original alignment: -186635.118
Iteration 3460 / LogL: -186405.344 / Time: 30h:12m:33s (0h:19m:16s left)
Iteration 3470 / LogL: -186391.231 / Time: 30h:17m:17s (0h:14m:27s left)
Iteration 3480 / LogL: -186381.526 / Time: 30h:21m:57s (0h:9m:38s left)
Estimate model parameters (epsilon = 0.100)
BETTER TREE FOUND at iteration 3489: -186254.513
Iteration 3490 / LogL: -186425.647 / Time: 30h:26m:54s (0h:47m:42s left)
Estimate model parameters (epsilon = 0.100)
BETTER TREE FOUND at iteration 3491: -186252.601
Iteration 3500 / LogL: -186355.295 / Time: 30h:32m:3s (0h:43m:51s left)
Log-likelihood cutoff on original alignment: -186635.118
NOTE: Bootstrap correlation coefficient of split occurrence frequencies: 0.855
NOTE: UFBoot does not converge, continue at least 100 more iterations
Iteration 3510 / LogL: -186387.484 / Time: 30h:36m:54s (0h:43m:22s left)
Iteration 3520 / LogL: -186342.614 / Time: 30h:41m:39s (0h:38m:33s left)
Iteration 3530 / LogL: -186366.642 / Time: 30h:46m:26s (0h:33m:44s left)
Iteration 3540 / LogL: -186377.255 / Time: 30h:51m:8s (0h:28m:54s left)
Iteration 3550 / LogL: -186459.115 / Time: 30h:55m:47s (0h:24m:5s left)
Log-likelihood cutoff on original alignment: -186635.118
Iteration 3560 / LogL: -186434.894 / Time: 31h:1m:15s (0h:19m:16s left)
Iteration 3570 / LogL: -186394.050 / Time: 31h:7m:9s (0h:14m:28s left)
Iteration 3580 / LogL: -186581.713 / Time: 31h:12m:58s (0h:9m:39s left)
Iteration 3590 / LogL: -186362.267 / Time: 31h:18m:13s (0h:4m:49s left)
Iteration 3600 / LogL: -186331.619 / Time: 31h:23m:0s (0h:0m:0s left)
Log-likelihood cutoff on original alignment: -186635.118
NOTE: Bootstrap correlation coefficient of split occurrence frequencies: 0.851
NOTE: UFBoot does not converge, continue at least 100 more iterations
Iteration 3610 / LogL: -186477.303 / Time: 31h:27m:58s (0h:43m:27s left)
Iteration 3620 / LogL: -186622.503 / Time: 31h:32m:29s (0h:38m:36s left)
Iteration 3630 / LogL: -186335.132 / Time: 31h:37m:12s (0h:33m:47s left)
Iteration 3640 / LogL: -186411.519 / Time: 31h:41m:40s (0h:28m:57s left)
Iteration 3650 / LogL: -186314.308 / Time: 31h:46m:30s (0h:24m:7s left)
Log-likelihood cutoff on original alignment: -186635.118
Iteration 3660 / LogL: -186364.787 / Time: 31h:51m:21s (0h:19m:18s left)
Iteration 3670 / LogL: -186400.534 / Time: 31h:56m:6s (0h:14m:28s left)
Iteration 3680 / LogL: -186446.493 / Time: 32h:0m:35s (0h:9m:38s left)
Iteration 3690 / LogL: -186376.317 / Time: 32h:5m:7s (0h:4m:49s left)
Iteration 3700 / LogL: -186425.455 / Time: 32h:9m:45s (0h:0m:0s left)
Log-likelihood cutoff on original alignment: -186635.118
NOTE: Bootstrap correlation coefficient of split occurrence frequencies: 0.851
NOTE: UFBoot does not converge, continue at least 100 more iterations
Iteration 3710 / LogL: -186296.468 / Time: 32h:14m:32s (0h:43m:24s left)
Estimate model parameters (epsilon = 0.100)
BETTER TREE FOUND at iteration 3714: -186229.162
Iteration 3720 / LogL: -186355.739 / Time: 32h:19m:35s (0h:45m:20s left)
Iteration 3730 / LogL: -186439.285 / Time: 32h:24m:18s (0h:40m:31s left)
Iteration 3740 / LogL: -186492.377 / Time: 32h:29m:7s (0h:35m:41s left)
Iteration 3750 / LogL: -186552.162 / Time: 32h:33m:52s (0h:30m:52s left)
Log-likelihood cutoff on original alignment: -186635.118
Iteration 3760 / LogL: -186344.742 / Time: 32h:38m:25s (0h:26m:2s left)
Iteration 3770 / LogL: -186410.485 / Time: 32h:42m:50s (0h:21m:12s left)
Iteration 3780 / LogL: -186328.305 / Time: 32h:47m:23s (0h:16m:23s left)
Iteration 3790 / LogL: -186449.516 / Time: 32h:51m:47s (0h:11m:34s left)
Iteration 3800 / LogL: -186455.758 / Time: 32h:56m:24s (0h:6m:44s left)
Log-likelihood cutoff on original alignment: -186635.118
NOTE: Bootstrap correlation coefficient of split occurrence frequencies: 0.848
NOTE: UFBoot does not converge, continue at least 100 more iterations
Iteration 3810 / LogL: -186368.006 / Time: 33h:0m:58s (0h:43m:21s left)
Iteration 3820 / LogL: -186534.372 / Time: 33h:5m:21s (0h:38m:32s left)
Iteration 3830 / LogL: -186362.800 / Time: 33h:9m:42s (0h:33m:42s left)
Iteration 3840 / LogL: -186306.880 / Time: 33h:13m:51s (0h:28m:53s left)
Iteration 3850 / LogL: -186338.269 / Time: 33h:18m:13s (0h:24m:3s left)
Log-likelihood cutoff on original alignment: -186635.118
Iteration 3860 / LogL: -186277.985 / Time: 33h:22m:53s (0h:19m:15s left)
Iteration 3870 / LogL: -186315.812 / Time: 33h:27m:17s (0h:14m:26s left)
Iteration 3880 / LogL: -186390.075 / Time: 33h:31m:50s (0h:9m:37s left)
Iteration 3890 / LogL: -186509.601 / Time: 33h:36m:21s (0h:4m:48s left)
Iteration 3900 / LogL: -186362.097 / Time: 33h:40m:54s (0h:0m:0s left)
Log-likelihood cutoff on original alignment: -186635.118
NOTE: Bootstrap correlation coefficient of split occurrence frequencies: 0.853
NOTE: UFBoot does not converge, continue at least 100 more iterations
Iteration 3910 / LogL: -186298.067 / Time: 33h:45m:42s (0h:43m:17s left)
Iteration 3920 / LogL: -186405.695 / Time: 33h:50m:14s (0h:38m:28s left)
Iteration 3930 / LogL: -186338.686 / Time: 33h:54m:35s (0h:33m:39s left)
Iteration 3940 / LogL: -186370.905 / Time: 33h:59m:2s (0h:28m:50s left)
Iteration 3950 / LogL: -186429.715 / Time: 34h:3m:27s (0h:24m:1s left)
Log-likelihood cutoff on original alignment: -186635.118
Estimate model parameters (epsilon = 0.100)
BETTER TREE FOUND at iteration 3952: -186221.249
Iteration 3960 / LogL: -186431.119 / Time: 34h:8m:48s (0h:44m:13s left)
Iteration 3970 / LogL: -186399.435 / Time: 34h:13m:28s (0h:39m:25s left)
Iteration 3980 / LogL: -186493.823 / Time: 34h:17m:51s (0h:34m:36s left)
Iteration 3990 / LogL: -186257.127 / Time: 34h:22m:31s (0h:29m:47s left)
Iteration 4000 / LogL: -186426.116 / Time: 34h:27m:8s (0h:24m:59s left)
Log-likelihood cutoff on original alignment: -186635.118
NOTE: Bootstrap correlation coefficient of split occurrence frequencies: 0.852
NOTE: UFBoot does not converge, continue at least 100 more iterations
Iteration 4010 / LogL: -186277.478 / Time: 34h:31m:54s (0h:43m:14s left)
Iteration 4020 / LogL: -186469.484 / Time: 34h:36m:33s (0h:38m:26s left)
Iteration 4030 / LogL: -186299.630 / Time: 34h:41m:10s (0h:33m:37s left)
Iteration 4040 / LogL: -186371.342 / Time: 34h:45m:42s (0h:28m:49s left)
Iteration 4050 / LogL: -186328.167 / Time: 34h:50m:21s (0h:24m:0s left)
Log-likelihood cutoff on original alignment: -186635.118
Iteration 4060 / LogL: -186355.398 / Time: 34h:55m:9s (0h:19m:12s left)
Iteration 4070 / LogL: -186412.276 / Time: 34h:59m:42s (0h:14m:24s left)
Iteration 4080 / LogL: -186283.873 / Time: 35h:4m:28s (0h:9m:36s left)
Iteration 4090 / LogL: -186367.685 / Time: 35h:9m:17s (0h:4m:48s left)
Iteration 4100 / LogL: -186333.613 / Time: 35h:13m:56s (0h:0m:0s left)
Log-likelihood cutoff on original alignment: -186635.118
NOTE: Bootstrap correlation coefficient of split occurrence frequencies: 0.856
NOTE: UFBoot does not converge, continue at least 100 more iterations
Iteration 4110 / LogL: -186463.933 / Time: 35h:18m:34s (0h:43m:12s left)
Iteration 4120 / LogL: -186385.437 / Time: 35h:23m:13s (0h:38m:24s left)
Iteration 4130 / LogL: -186339.450 / Time: 35h:28m:1s (0h:33m:36s left)
Iteration 4140 / LogL: -186401.127 / Time: 35h:34m:37s (0h:28m:50s left)
Iteration 4150 / LogL: -186496.648 / Time: 35h:40m:2s (0h:24m:2s left)
Log-likelihood cutoff on original alignment: -186635.118
Iteration 4160 / LogL: -186299.327 / Time: 35h:45m:2s (0h:19m:13s left)
Iteration 4170 / LogL: -186355.412 / Time: 35h:49m:55s (0h:14m:25s left)
Iteration 4180 / LogL: -186468.075 / Time: 35h:55m:7s (0h:9m:37s left)
Estimate model parameters (epsilon = 0.100)
BETTER TREE FOUND at iteration 4184: -186216.881
Iteration 4190 / LogL: -186262.216 / Time: 36h:0m:28s (0h:45m:12s left)
Iteration 4200 / LogL: -186333.868 / Time: 36h:5m:34s (0h:40m:24s left)
Log-likelihood cutoff on original alignment: -186635.118
NOTE: Bootstrap correlation coefficient of split occurrence frequencies: 0.852
NOTE: UFBoot does not converge, continue at least 100 more iterations
Iteration 4210 / LogL: -186344.007 / Time: 36h:10m:36s (0h:43m:18s left)
Iteration 4220 / LogL: -186304.252 / Time: 36h:15m:39s (0h:38m:29s left)
Estimate model parameters (epsilon = 0.100)
BETTER TREE FOUND at iteration 4229: -186211.016
Iteration 4230 / LogL: -186415.118 / Time: 36h:20m:54s (0h:47m:38s left)
Iteration 4240 / LogL: -186434.821 / Time: 36h:25m:50s (0h:42m:50s left)
Iteration 4250 / LogL: -186544.746 / Time: 36h:31m:2s (0h:38m:1s left)
Log-likelihood cutoff on original alignment: -186635.118
Iteration 4260 / LogL: -186320.353 / Time: 36h:36m:5s (0h:33m:13s left)
Iteration 4270 / LogL: -186339.646 / Time: 36h:41m:19s (0h:28m:24s left)
Iteration 4280 / LogL: -186247.388 / Time: 36h:46m:56s (0h:23m:36s left)
Iteration 4290 / LogL: -186290.318 / Time: 36h:51m:53s (0h:18m:47s left)
Iteration 4300 / LogL: -186385.582 / Time: 36h:56m:49s (0h:13m:58s left)
Log-likelihood cutoff on original alignment: -186635.118
NOTE: Bootstrap correlation coefficient of split occurrence frequencies: 0.847
NOTE: UFBoot does not converge, continue at least 100 more iterations
Iteration 4310 / LogL: -186348.479 / Time: 37h:1m:34s (0h:43m:21s left)
Iteration 4320 / LogL: -186312.083 / Time: 37h:6m:34s (0h:38m:32s left)
Iteration 4330 / LogL: -186297.017 / Time: 37h:11m:39s (0h:33m:43s left)
Iteration 4340 / LogL: -186418.800 / Time: 37h:16m:18s (0h:28m:54s left)
Iteration 4350 / LogL: -186316.792 / Time: 37h:21m:0s (0h:24m:5s left)
Log-likelihood cutoff on original alignment: -186635.118
Iteration 4360 / LogL: -186385.487 / Time: 37h:26m:22s (0h:19m:16s left)
Iteration 4370 / LogL: -186474.736 / Time: 37h:31m:7s (0h:14m:27s left)
Iteration 4380 / LogL: -186316.537 / Time: 37h:36m:5s (0h:9m:38s left)
Estimate model parameters (epsilon = 0.100)
BETTER TREE FOUND at iteration 4388: -186162.727
Iteration 4390 / LogL: -186433.853 / Time: 37h:41m:11s (0h:47m:14s left)
Iteration 4400 / LogL: -186229.405 / Time: 37h:46m:12s (0h:42m:25s left)
Log-likelihood cutoff on original alignment: -186635.118
NOTE: Bootstrap correlation coefficient of split occurrence frequencies: 0.840
NOTE: UFBoot does not converge, continue at least 100 more iterations
Iteration 4410 / LogL: -186339.973 / Time: 37h:51m:22s (0h:43m:23s left)
Iteration 4420 / LogL: -186238.913 / Time: 37h:56m:32s (0h:38m:34s left)
Iteration 4430 / LogL: -186318.598 / Time: 38h:1m:39s (0h:33m:45s left)
Iteration 4440 / LogL: -186321.270 / Time: 38h:6m:31s (0h:28m:56s left)
Iteration 4450 / LogL: -186350.828 / Time: 38h:11m:42s (0h:24m:7s left)
Log-likelihood cutoff on original alignment: -186635.118
Iteration 4460 / LogL: -186362.065 / Time: 38h:16m:47s (0h:19m:17s left)
Iteration 4470 / LogL: -186314.139 / Time: 38h:22m:0s (0h:14m:28s left)
Iteration 4480 / LogL: -186386.953 / Time: 38h:26m:54s (0h:9m:39s left)
Iteration 4490 / LogL: -186344.975 / Time: 38h:31m:57s (0h:4m:49s left)
Estimate model parameters (epsilon = 0.100)
BETTER TREE FOUND at iteration 4496: -186157.312
Iteration 4500 / LogL: -186208.424 / Time: 38h:37m:22s (0h:46m:20s left)
Log-likelihood cutoff on original alignment: -186635.118
NOTE: Bootstrap correlation coefficient of split occurrence frequencies: 0.831
NOTE: UFBoot does not converge, continue at least 100 more iterations
Iteration 4510 / LogL: -186252.717 / Time: 38h:42m:42s (0h:43m:27s left)
Iteration 4520 / LogL: -186308.751 / Time: 38h:47m:45s (0h:38m:37s left)
Iteration 4530 / LogL: -186315.035 / Time: 38h:52m:45s (0h:33m:48s left)
Iteration 4540 / LogL: -186214.406 / Time: 38h:57m:31s (0h:28m:58s left)
Iteration 4550 / LogL: -186352.150 / Time: 39h:2m:38s (0h:24m:8s left)
Log-likelihood cutoff on original alignment: -186635.118
Iteration 4560 / LogL: -186308.978 / Time: 39h:7m:48s (0h:19m:19s left)
Iteration 4570 / LogL: -186289.231 / Time: 39h:12m:56s (0h:14m:29s left)
Iteration 4580 / LogL: -186261.734 / Time: 39h:18m:1s (0h:9m:39s left)
Iteration 4590 / LogL: -186218.424 / Time: 39h:23m:9s (0h:4m:49s left)
Iteration 4600 / LogL: -186387.543 / Time: 39h:28m:15s (0h:0m:0s left)
Log-likelihood cutoff on original alignment: -186635.118
NOTE: Bootstrap correlation coefficient of split occurrence frequencies: 0.829
NOTE: UFBoot does not converge, continue at least 100 more iterations
Iteration 4610 / LogL: -186281.826 / Time: 39h:33m:34s (0h:43m:30s left)
Iteration 4620 / LogL: -186270.363 / Time: 39h:38m:58s (0h:38m:40s left)
Iteration 4630 / LogL: -186379.251 / Time: 39h:43m:56s (0h:33m:50s left)
Iteration 4640 / LogL: -186347.306 / Time: 39h:49m:2s (0h:29m:0s left)
Iteration 4650 / LogL: -186184.317 / Time: 39h:54m:11s (0h:24m:11s left)
Log-likelihood cutoff on original alignment: -186635.118
Iteration 4660 / LogL: -186320.158 / Time: 39h:59m:35s (0h:19m:21s left)
Iteration 4670 / LogL: -186262.695 / Time: 40h:4m:47s (0h:14m:30s left)
Iteration 4680 / LogL: -186321.382 / Time: 40h:10m:0s (0h:9m:40s left)
Iteration 4690 / LogL: -186308.441 / Time: 40h:15m:9s (0h:4m:50s left)
Iteration 4700 / LogL: -186287.833 / Time: 40h:20m:31s (0h:0m:0s left)
Log-likelihood cutoff on original alignment: -186635.118
NOTE: Bootstrap correlation coefficient of split occurrence frequencies: 0.826
NOTE: UFBoot does not converge, continue at least 100 more iterations
Iteration 4710 / LogL: -186267.168 / Time: 40h:25m:47s (0h:43m:34s left)
Iteration 4720 / LogL: -186306.737 / Time: 40h:30m:57s (0h:38m:44s left)
Iteration 4730 / LogL: -186245.592 / Time: 40h:36m:6s (0h:33m:54s left)
Iteration 4740 / LogL: -186226.203 / Time: 40h:41m:14s (0h:29m:3s left)
Iteration 4750 / LogL: -186220.624 / Time: 40h:46m:41s (0h:24m:13s left)
Log-likelihood cutoff on original alignment: -186635.118
Iteration 4760 / LogL: -186301.661 / Time: 40h:51m:57s (0h:19m:23s left)
Iteration 4770 / LogL: -186297.890 / Time: 40h:57m:3s (0h:14m:32s left)
Iteration 4780 / LogL: -186468.887 / Time: 41h:2m:6s (0h:9m:41s left)
Iteration 4790 / LogL: -186336.942 / Time: 41h:7m:39s (0h:4m:50s left)
Iteration 4800 / LogL: -186284.467 / Time: 41h:12m:45s (0h:0m:0s left)
Log-likelihood cutoff on original alignment: -186635.118
NOTE: Bootstrap correlation coefficient of split occurrence frequencies: 0.825
NOTE: UFBoot does not converge, continue at least 100 more iterations
Iteration 4810 / LogL: -186363.653 / Time: 41h:18m:3s (0h:43m:39s left)
Iteration 4820 / LogL: -186280.709 / Time: 41h:23m:10s (0h:38m:48s left)
Iteration 4830 / LogL: -186202.793 / Time: 41h:28m:35s (0h:33m:57s left)
Iteration 4840 / LogL: -186246.867 / Time: 41h:33m:54s (0h:29m:7s left)
Iteration 4850 / LogL: -186221.499 / Time: 41h:39m:10s (0h:24m:16s left)
Log-likelihood cutoff on original alignment: -186635.118
Iteration 4860 / LogL: -186340.154 / Time: 41h:44m:34s (0h:19m:25s left)
Estimate model parameters (epsilon = 0.100)
BETTER TREE FOUND at iteration 4861: -186150.912
Iteration 4870 / LogL: -186315.177 / Time: 41h:49m:56s (0h:44m:11s left)
Iteration 4880 / LogL: -186242.636 / Time: 41h:55m:22s (0h:39m:20s left)
Iteration 4890 / LogL: -186236.923 / Time: 42h:0m:45s (0h:34m:29s left)
Iteration 4900 / LogL: -186337.226 / Time: 42h:6m:13s (0h:29m:38s left)
Log-likelihood cutoff on original alignment: -186635.118
NOTE: Bootstrap correlation coefficient of split occurrence frequencies: 0.825
NOTE: UFBoot does not converge, continue at least 100 more iterations
Iteration 4910 / LogL: -186450.802 / Time: 42h:11m:37s (0h:43m:44s left)
Iteration 4920 / LogL: -186308.831 / Time: 42h:16m:59s (0h:38m:53s left)
Iteration 4930 / LogL: -186301.641 / Time: 42h:22m:11s (0h:34m:2s left)
Iteration 4940 / LogL: -186392.245 / Time: 42h:27m:25s (0h:29m:10s left)
Iteration 4950 / LogL: -186220.435 / Time: 42h:32m:36s (0h:24m:19s left)
Log-likelihood cutoff on original alignment: -186635.118
Iteration 4960 / LogL: -186201.463 / Time: 42h:38m:12s (0h:19m:27s left)
Iteration 4970 / LogL: -186340.812 / Time: 42h:43m:27s (0h:14m:35s left)
Iteration 4980 / LogL: -186341.722 / Time: 42h:48m:55s (0h:9m:44s left)
Iteration 4990 / LogL: -186346.366 / Time: 42h:54m:13s (0h:4m:52s left)
Iteration 5000 / LogL: -186302.889 / Time: 42h:59m:22s (0h:0m:0s left)
Log-likelihood cutoff on original alignment: -186635.118
NOTE: Bootstrap correlation coefficient of split occurrence frequencies: 0.832
NOTE: UFBoot does not converge, continue at least 100 more iterations
WARNING: bootstrap analysis did not converge. You should rerun with higher number of iterations (-nm option)
TREE SEARCH COMPLETED AFTER 5001 ITERATIONS / Time: 43h:0m:11s

--------------------------------------------------------------------
|                    FINALIZING TREE SEARCH                        |
--------------------------------------------------------------------
Performs final model parameters optimization
Estimate model parameters (epsilon = 0.010)
1. Initial log-likelihood: -186150.912
2. Current log-likelihood: -186150.849
3. Current log-likelihood: -186150.768
4. Current log-likelihood: -186150.698
5. Current log-likelihood: -186150.641
Optimal log-likelihood: -186150.636
Rate parameters:  A-C: 1.32237  A-G: 3.67904  A-T: 0.96527  C-G: 2.46326  C-T: 5.56593  G-T: 1.00000
Base frequencies:  A: 0.217  C: 0.296  G: 0.303  T: 0.184
Proportion of invariable sites: 0.428
Site proportion and rates:  (0.101,0.057) (0.080,0.240) (0.078,0.596) (0.071,1.134) (0.070,1.829) (0.065,2.689) (0.056,3.822) (0.037,5.204) (0.010,7.235) (0.006,12.234)
Parameters optimization took 5 rounds (32.092 sec)
BEST SCORE FOUND : -186150.636

Testing tree branches by SH-like aLRT with 1000 replicates...
Alternative NNI shows better log-likelihood -186150.526 > -186150.636
Alternative NNI shows better log-likelihood -186150.564 > -186150.636
Alternative NNI shows better log-likelihood -186150.634 > -186150.636
Alternative NNI shows better log-likelihood -186150.633 > -186150.636
Alternative NNI shows better log-likelihood -186149.319 > -186150.636
Alternative NNI shows better log-likelihood -186149.634 > -186150.636
Alternative NNI shows better log-likelihood -186150.339 > -186150.636
18.451 sec.
Creating bootstrap support values...
Split supports printed to NEXUS file /mnt/dv/wid/projects6/SolisLemus-Intbio-raw/processed-data/symbiosis_sorted_v2_consensus_sequences_50percent/nifD_consensus_iqtree_iupac_nm5000_v1/nifD_consensus50_iupac_all_pass_nm5000.splits.nex
Total tree length: 34.647

Total number of iterations: 5001
CPU time used for tree search: 268278.548 sec (74h:31m:18s)
Wall-clock time used for tree search: 146035.452 sec (40h:33m:55s)
Total CPU time used: 285691.968 sec (79h:21m:31s)
Total wall-clock time used: 154875.920 sec (43h:1m:15s)

Computing bootstrap consensus tree...
Reading input file /mnt/dv/wid/projects6/SolisLemus-Intbio-raw/processed-data/symbiosis_sorted_v2_consensus_sequences_50percent/nifD_consensus_iqtree_iupac_nm5000_v1/nifD_consensus50_iupac_all_pass_nm5000.splits.nex...
1458 taxa and 10607 splits.
Consensus tree written to /mnt/dv/wid/projects6/SolisLemus-Intbio-raw/processed-data/symbiosis_sorted_v2_consensus_sequences_50percent/nifD_consensus_iqtree_iupac_nm5000_v1/nifD_consensus50_iupac_all_pass_nm5000.contree
Reading input trees file /mnt/dv/wid/projects6/SolisLemus-Intbio-raw/processed-data/symbiosis_sorted_v2_consensus_sequences_50percent/nifD_consensus_iqtree_iupac_nm5000_v1/nifD_consensus50_iupac_all_pass_nm5000.contree
Log-likelihood of consensus tree: -186100.362

Analysis results written to: 
  IQ-TREE report:                /mnt/dv/wid/projects6/SolisLemus-Intbio-raw/processed-data/symbiosis_sorted_v2_consensus_sequences_50percent/nifD_consensus_iqtree_iupac_nm5000_v1/nifD_consensus50_iupac_all_pass_nm5000.iqtree
  Maximum-likelihood tree:       /mnt/dv/wid/projects6/SolisLemus-Intbio-raw/processed-data/symbiosis_sorted_v2_consensus_sequences_50percent/nifD_consensus_iqtree_iupac_nm5000_v1/nifD_consensus50_iupac_all_pass_nm5000.treefile
  Likelihood distances:          /mnt/dv/wid/projects6/SolisLemus-Intbio-raw/processed-data/symbiosis_sorted_v2_consensus_sequences_50percent/nifD_consensus_iqtree_iupac_nm5000_v1/nifD_consensus50_iupac_all_pass_nm5000.mldist

Ultrafast bootstrap approximation results written to:
  Split support values:          /mnt/dv/wid/projects6/SolisLemus-Intbio-raw/processed-data/symbiosis_sorted_v2_consensus_sequences_50percent/nifD_consensus_iqtree_iupac_nm5000_v1/nifD_consensus50_iupac_all_pass_nm5000.splits.nex
  Consensus tree:                /mnt/dv/wid/projects6/SolisLemus-Intbio-raw/processed-data/symbiosis_sorted_v2_consensus_sequences_50percent/nifD_consensus_iqtree_iupac_nm5000_v1/nifD_consensus50_iupac_all_pass_nm5000.contree
  Screen log file:               /mnt/dv/wid/projects6/SolisLemus-Intbio-raw/processed-data/symbiosis_sorted_v2_consensus_sequences_50percent/nifD_consensus_iqtree_iupac_nm5000_v1/nifD_consensus50_iupac_all_pass_nm5000.log

Date and Time: Wed Jul 29 18:23:39 2026
