IQ-TREE version 3.1.1 for Linux x86 64-bit built Apr  8 2026
Developed by Bui Quang Minh, Thomas Wong, Nhan Ly-Trong, Huaiyan Ren
Contributed by Lam-Tung Nguyen, Dominik Schrempf, Chris Bielow,
Olga Chernomor, Michael Woodhams, Diep Thi Hoang, Heiko Schmidt

Host:    solislemus-001.discovery.wisc.edu (AVX512, FMA3, 1007 GB RAM)
Command: iqtree -s /mnt/dv/wid/projects6/SolisLemus-Intbio-raw/processed-data/symbiosis_sorted_v2_consensus_sequences_50percent/nifH_consensus_mafft_v2/nifH_consensus50_iupac_all_pass.mafft.fasta -st DNA -m MFP -B 1000 -alrt 1000 -nm 5000 -T AUTO --prefix /mnt/dv/wid/projects6/SolisLemus-Intbio-raw/processed-data/symbiosis_sorted_v2_consensus_sequences_50percent/nifH_consensus_iqtree_iupac_nm5000_v2/nifH_consensus50_iupac_all_pass_nm5000
Seed:    105514 (Using SPRNG - Scalable Parallel Random Number Generator)
Time:    Sat Jul 18 12:29:07 2026
Kernel:  AVX+FMA - auto-detect threads (72 CPU cores detected)

Reading alignment file /mnt/dv/wid/projects6/SolisLemus-Intbio-raw/processed-data/symbiosis_sorted_v2_consensus_sequences_50percent/nifH_consensus_mafft_v2/nifH_consensus50_iupac_all_pass.mafft.fasta ... Fasta format detected
Reading fasta file: done in 0.0344309 secs using 94.53% CPU
Constructing alignment: done in 0.0244308 secs using 523.4% CPU
WARNING: 75 sites contain only gaps or ambiguous characters.
Alignment has 1538 sequences with 997 columns, 649 distinct patterns
407 parsimony-informative, 46 singleton sites, 544 constant sites
                                                                      Gap/Ambiguity  Composition  p-value
Analyzing sequences: done in 0.00864425 secs using 4009% CPU
   1  BLAN-1-1-No|nifH|consensus50|pass_mixed_possible_multitemplate         21.06%    passed     67.78%
   2  BLAN-1-1-Rh|nifH|consensus50|pass_mixed_possible_multitemplate         19.36%    passed     50.30%
   3  BLAN-2-1-No|nifH|consensus50|pass_mixed_possible_multitemplate         19.86%    passed     49.79%
   4  BLAN-2-1-Rh|nifH|consensus50|pass_mixed_possible_multitemplate         22.27%    passed     85.63%
   5  BLAN-2-1-Ro|nifH|consensus50|pass_mixed_possible_multitemplate         21.56%    passed     58.60%
   6  BLAN-3-1-No|nifH|consensus50|pass_mixed_possible_multitemplate         20.56%    passed     11.33%
   7  BLAN-3-1-Rh|nifH|consensus50|pass_mixed_possible_multitemplate         24.27%    passed     33.27%
   8  BLAN-3-1-Ro|nifH|consensus50|pass_mixed_possible_multitemplate         20.96%    failed      4.01%
   9  BLAN-4-1-Rh|nifH|consensus50|pass_mixed_possible_multitemplate         21.26%    passed     71.76%
  10  BLAN-4-1-Ro|nifH|consensus50|pass_mixed_possible_multitemplate         25.58%    passed     56.38%
  11  BONA-1-1-No|nifH|consensus50|pass_mixed_possible_multitemplate         19.46%    passed     74.96%
  12  BONA-14-No|nifH|consensus50|pass_mixed_possible_multitemplate          22.77%    passed     90.92%
  13  BONA-2-Rh|nifH|consensus50|pass_mixed_possible_multitemplate           19.66%    passed     91.42%
  14  BONA-2-Ro|nifH|consensus50|pass_mixed_possible_multitemplate           23.17%    passed     83.06%
  15  BONA-4-No|nifH|consensus50|pass_mixed_possible_multitemplate           23.27%    passed     93.42%
  16  BONA-4-Rh|nifH|consensus50|pass_mixed_possible_multitemplate           20.96%    passed     87.56%
  17  BONA-8-No|nifH|consensus50|pass_mixed_possible_multitemplate           22.37%    passed     89.15%
  18  BONA-8-Ro|nifH|consensus50|pass_mixed_possible_multitemplate           21.26%    passed     96.83%
  19  CLBJ-10-1-No|nifH|consensus50|pass_mixed_possible_multitemplate        18.76%    passed     41.70%
  20  CLBJ-10-1-Rh|nifH|consensus50|pass_mixed_possible_multitemplate        19.16%    passed     77.12%
  21  CLBJ-11-1-No|nifH|consensus50|pass_mixed_possible_multitemplate        22.77%    passed     93.95%
  22  CLBJ-1-1-No|nifH|consensus50|pass_mixed_possible_multitemplate         18.66%    failed      4.15%
  23  CLBJ-1-1-Ro|nifH|consensus50|pass_mixed_possible_multitemplate         25.88%    passed     75.65%
  24  CLBJ-12-2-No|nifH|consensus50|pass_mixed_possible_multitemplate        23.07%    passed     97.81%
  25  CLBJ-12-2-Ro|nifH|consensus50|pass_mixed_possible_multitemplate        20.56%    passed     83.78%
  26  CLBJ-13-1-No|nifH|consensus50|pass_mixed_possible_multitemplate        18.76%    passed     37.88%
  27  CLBJ-13-1-Rh|nifH|consensus50|pass_mixed_possible_multitemplate        22.67%    passed     97.96%
  28  CLBJ-13-1-Ro|nifH|consensus50|pass_mixed_possible_multitemplate        21.36%    passed     91.70%
  29  CLBJ-14-1-No|nifH|consensus50|pass_single_dominant                     16.45%    passed     35.69%
  30  CLBJ-14-1-Rh|nifH|consensus50|pass_mixed_possible_multitemplate        22.47%    passed     46.69%
  31  CLBJ-15-1-No|nifH|consensus50|pass_mixed_possible_multitemplate        18.96%    passed     47.11%
  32  CLBJ-15-1-Rh|nifH|consensus50|pass_mixed_possible_multitemplate        23.47%    passed     97.17%
  33  CLBJ-15-1-Ro|nifH|consensus50|pass_mixed_possible_multitemplate        20.46%    passed     97.77%
  34  CLBJ-16-2-No|nifH|consensus50|pass_single_dominant                     17.35%    passed      9.97%
  35  CLBJ-16-2-Rh|nifH|consensus50|pass_mixed_possible_multitemplate        24.57%    passed     96.39%
  36  CLBJ-16-2-Ro|nifH|consensus50|pass_mixed_possible_multitemplate        22.17%    passed     93.29%
  37  CLBJ-17-1-No|nifH|consensus50|pass_mixed_possible_multitemplate        19.56%    passed     24.17%
  38  CLBJ-17-1-Rh|nifH|consensus50|pass_single_dominant                     20.36%    passed     99.53%
  39  CLBJ-18-1-No|nifH|consensus50|pass_mixed_possible_multitemplate        18.05%    passed     16.26%
  40  CLBJ-18-1-Rh|nifH|consensus50|pass_mixed_possible_multitemplate        21.87%    passed     96.20%
  41  CLBJ-18-1-Ro|nifH|consensus50|pass_mixed_possible_multitemplate        23.07%    passed     82.61%
  42  CLBJ-19-1-No|nifH|consensus50|pass_mixed_possible_multitemplate        18.76%    passed     15.82%
  43  CLBJ-19-1-Rh|nifH|consensus50|pass_single_dominant                     19.56%    passed     19.17%
  44  CLBJ-19-1-Ro|nifH|consensus50|pass_mixed_possible_multitemplate        22.87%    passed     58.74%
  45  CLBJ-20-1-No|nifH|consensus50|pass_single_dominant                     17.15%    passed      5.90%
  46  CLBJ-21-1-Rh|nifH|consensus50|pass_mixed_possible_multitemplate        21.16%    passed     60.70%
  47  CLBJ-23-1-No|nifH|consensus50|pass_single_dominant                     17.85%    passed     30.57%
  48  CLBJ-23-1-Rh|nifH|consensus50|pass_mixed_possible_multitemplate        23.37%    passed     77.30%
  49  CLBJ-23-1-Ro|nifH|consensus50|pass_mixed_possible_multitemplate        20.96%    passed     82.96%
  50  CLBJ-24-No|nifH|consensus50|pass_mixed_possible_multitemplate          17.75%    passed     97.31%
  51  CLBJ-24-Rh|nifH|consensus50|pass_mixed_possible_multitemplate          22.97%    passed     99.93%
  52  CLBJ-25-2-No|nifH|consensus50|pass_mixed_possible_multitemplate        17.85%    passed     83.58%
  53  CLBJ-25-2-Rh|nifH|consensus50|pass_mixed_possible_multitemplate        18.66%    passed     83.18%
  54  CLBJ-25-2-Ro|nifH|consensus50|pass_mixed_possible_multitemplate        17.75%    passed     93.32%
  55  CLBJ-26-1-No|nifH|consensus50|pass_single_dominant                     16.95%    passed     62.07%
  56  CLBJ-26-1-Rh|nifH|consensus50|pass_mixed_possible_multitemplate        24.67%    passed     90.27%
  57  CLBJ-26-1-Ro|nifH|consensus50|pass_mixed_possible_multitemplate        18.76%    passed     96.21%
  58  CLBJ-27-1-No|nifH|consensus50|pass_single_dominant                     16.35%    passed     68.18%
  59  CLBJ-27-1-Rh|nifH|consensus50|pass_mixed_possible_multitemplate        18.36%    passed     93.37%
  60  CLBJ-27-1-Ro|nifH|consensus50|pass_mixed_possible_multitemplate        18.15%    passed     76.85%
  61  CLBJ-28-3-Rh|nifH|consensus50|pass_single_dominant                     17.35%    passed     93.25%
  62  CLBJ-29-2-Rh|nifH|consensus50|pass_mixed_possible_multitemplate        18.76%    passed     83.04%
  63  CLBJ-2-Rh|nifH|consensus50|pass_mixed_possible_multitemplate           17.95%    passed     78.86%
  64  CLBJ-2-Ro|nifH|consensus50|pass_mixed_possible_multitemplate           24.97%    passed     77.92%
  65  CLBJ-30-1-No|nifH|consensus50|pass_single_dominant                     19.66%    passed     31.12%
  66  CLBJ-3-1-No|nifH|consensus50|pass_mixed_possible_multitemplate         20.66%    failed      2.14%
  67  CLBJ-3-1-Rh|nifH|consensus50|pass_single_dominant                      20.56%    passed     86.46%
  68  CLBJ-3-1-Ro|nifH|consensus50|pass_mixed_possible_multitemplate         22.97%    passed     46.41%
  69  CLBJ-32-1-Rh|nifH|consensus50|pass_single_dominant                     16.75%    passed     59.64%
  70  CLBJ-32-1-Ro|nifH|consensus50|pass_mixed_possible_multitemplate        23.47%    passed     74.70%
  71  CLBJ-34-1-No|nifH|consensus50|pass_single_dominant                     18.05%    passed     49.05%
  72  CLBJ-34-1-Rh|nifH|consensus50|pass_mixed_possible_multitemplate        23.27%    passed     47.18%
  73  CLBJ-35-1-No|nifH|consensus50|pass_mixed_possible_multitemplate        18.15%    passed     80.75%
  74  CLBJ-35-1-Ro|nifH|consensus50|pass_mixed_possible_multitemplate        24.97%    passed     72.04%
  75  CLBJ-36-1-No|nifH|consensus50|pass_single_dominant                     20.86%    passed     94.20%
  76  CLBJ-39-1-No|nifH|consensus50|pass_single_dominant                     16.55%    passed     48.73%
  77  CLBJ-39-1-Rh|nifH|consensus50|pass_mixed_possible_multitemplate        18.66%    passed     82.72%
  78  CLBJ-40-1-Ro|nifH|consensus50|pass_mixed_possible_multitemplate        23.37%    passed     89.03%
  79  CLBJ-4-1-No|nifH|consensus50|pass_single_dominant                      17.65%    passed     79.94%
  80  CLBJ-4-1-Rh|nifH|consensus50|pass_mixed_possible_multitemplate         22.97%    passed     98.63%
  81  CLBJ-4-1-Ro|nifH|consensus50|pass_single_dominant                      20.66%    passed     69.89%
  82  CLBJ-42-1-No|nifH|consensus50|pass_single_dominant                     16.65%    passed     32.57%
  83  CLBJ-42-1-Ro|nifH|consensus50|pass_mixed_possible_multitemplate        21.66%    passed     55.42%
  84  CLBJ-43-2-No|nifH|consensus50|pass_single_dominant                     17.55%    passed     13.40%
  85  CLBJ-43-2-Rh|nifH|consensus50|pass_mixed_possible_multitemplate        21.77%    passed     70.68%
  86  CLBJ-43-2-Ro|nifH|consensus50|pass_mixed_possible_multitemplate        19.76%    passed     70.89%
  87  CLBJ-44-1-Ro|nifH|consensus50|pass_mixed_possible_multitemplate        23.77%    passed     73.62%
  88  CLBJ-45-2-Ro|nifH|consensus50|pass_mixed_possible_multitemplate        22.87%    passed     75.20%
  89  CLBJ-46-1-Ro|nifH|consensus50|pass_mixed_possible_multitemplate        27.28%    passed     75.25%
  90  CLBJ-47-1-Rh|nifH|consensus50|pass_mixed_possible_multitemplate        23.47%    passed     47.44%
  91  CLBJ-48-1-No|nifH|consensus50|pass_mixed_possible_multitemplate        21.36%    passed     72.19%
  92  CLBJ-49-1-Rh|nifH|consensus50|pass_mixed_possible_multitemplate        24.67%    passed     96.57%
  93  CLBJ-49-1-Ro|nifH|consensus50|pass_mixed_possible_multitemplate        20.26%    passed     86.81%
  94  CLBJ-50-3-No|nifH|consensus50|pass_mixed_possible_multitemplate        22.97%    passed     98.71%
  95  CLBJ-50-3-Rh|nifH|consensus50|pass_mixed_possible_multitemplate        19.06%    passed     92.70%
  96  CLBJ-5-2-No|nifH|consensus50|pass_single_dominant                      18.36%    passed     78.59%
  97  CLBJ-5-2-Rh|nifH|consensus50|pass_mixed_possible_multitemplate         20.26%    passed     53.53%
  98  CLBJ-5-2-Ro|nifH|consensus50|pass_mixed_possible_multitemplate         21.97%    passed     73.06%
  99  CLBJ-6-3-No|nifH|consensus50|pass_mixed_possible_multitemplate         18.76%    passed     89.72%
 100  CLBJ-7-1-No|nifH|consensus50|pass_single_dominant                      17.45%    passed     99.52%
 101  CLBJ-7-1-Rh|nifH|consensus50|pass_mixed_possible_multitemplate         26.58%    passed     82.12%
 102  CLBJ-8-1-Rh|nifH|consensus50|pass_mixed_possible_multitemplate         21.97%    passed     97.82%
 103  CLBJ-8-1-Ro|nifH|consensus50|pass_mixed_possible_multitemplate         22.17%    passed     98.77%
 104  CLBJ-9-1-No|nifH|consensus50|pass_mixed_possible_multitemplate         19.26%    passed     63.09%
 105  CPER-1-No|nifH|consensus50|pass_single_dominant                        16.65%    passed     85.88%
 106  CPER-1-Rh|nifH|consensus50|pass_mixed_possible_multitemplate           21.87%    passed     84.18%
 107  CPER-1-Ro|nifH|consensus50|pass_mixed_possible_multitemplate           20.16%    passed     86.83%
 108  CPER-2-No|nifH|consensus50|pass_mixed_possible_multitemplate           17.55%    passed     40.37%
 109  CPER-2-Rh|nifH|consensus50|pass_mixed_possible_multitemplate           20.76%    passed     81.23%
 110  CPER-2-Ro|nifH|consensus50|pass_mixed_possible_multitemplate           22.77%    passed     49.09%
 111  CPER-3-1-No|nifH|consensus50|pass_single_dominant                      17.35%    passed     30.30%
 112  CPER-3-1-Rh|nifH|consensus50|pass_single_dominant                      18.15%    passed     29.41%
 113  CPER-3-1-Ro|nifH|consensus50|pass_mixed_possible_multitemplate         20.86%    passed     56.17%
 114  CPER-4-No|nifH|consensus50|pass_single_dominant                        16.85%    passed     37.19%
 115  CPER-4-Rh|nifH|consensus50|pass_mixed_possible_multitemplate           20.36%    passed     32.89%
 116  CPER-4-Ro|nifH|consensus50|pass_mixed_possible_multitemplate           21.77%    passed     54.59%
 117  CPER-5-1-No|nifH|consensus50|pass_single_dominant                      17.35%    passed     29.83%
 118  CPER-5-1-Rh|nifH|consensus50|pass_single_dominant                      17.45%    passed     28.32%
 119  CPER-5-1-Ro|nifH|consensus50|pass_mixed_possible_multitemplate         21.26%    passed     42.84%
 120  DCFS-1-2-Rh|nifH|consensus50|pass_mixed_possible_multitemplate         20.56%    passed     79.76%
 121  DCFS-2-2-No|nifH|consensus50|pass_single_dominant                      18.66%    passed     29.73%
 122  DCFS-2-2-Rh|nifH|consensus50|pass_single_dominant                      18.36%    passed     80.74%
 123  DCFS-2-2-Ro|nifH|consensus50|pass_single_dominant                      18.36%    passed     99.75%
 124  DCFS-3-2-No|nifH|consensus50|pass_mixed_possible_multitemplate         20.96%    passed     40.55%
 125  DCFS-4-No|nifH|consensus50|pass_mixed_possible_multitemplate           22.07%    passed     60.03%
 126  DCFS-4-Rh|nifH|consensus50|pass_mixed_possible_multitemplate           24.47%    passed     77.60%
 127  DCFS-4-Ro|nifH|consensus50|pass_mixed_possible_multitemplate           23.17%    passed     98.84%
 128  DCFS-5-1-No|nifH|consensus50|pass_mixed_possible_multitemplate         17.85%    passed     39.19%
 129  DCFS-5-1-Rh|nifH|consensus50|pass_mixed_possible_multitemplate         19.46%    passed     97.92%
 130  DCFS-5-1-Ro|nifH|consensus50|pass_mixed_possible_multitemplate         23.37%    passed     87.26%
 131  DCFS-6-1-No|nifH|consensus50|pass_mixed_possible_multitemplate         18.05%    passed     34.24%
 132  DCFS-6-1-Rh|nifH|consensus50|pass_mixed_possible_multitemplate         22.27%    passed     88.53%
 133  DCFS-6-1-Ro|nifH|consensus50|pass_mixed_possible_multitemplate         27.58%    passed     76.51%
 134  DCFS-7-1-No|nifH|consensus50|pass_mixed_possible_multitemplate         21.26%    passed     95.53%
 135  DCFS-7-1-Rh|nifH|consensus50|pass_mixed_possible_multitemplate         18.86%    passed     94.59%
 136  DCFS-7-1-Ro|nifH|consensus50|pass_mixed_possible_multitemplate         27.38%    passed     77.81%
 137  DCFS-8-1-No|nifH|consensus50|pass_single_dominant                      17.65%    passed     23.54%
 138  DCFS-8-1-Rh|nifH|consensus50|pass_mixed_possible_multitemplate         21.97%    passed     93.18%
 139  DCFS-8-1-Ro|nifH|consensus50|pass_mixed_possible_multitemplate         26.88%    passed     82.75%
 140  DEJU-10-1-No|nifH|consensus50|pass_mixed_possible_multitemplate        23.77%    passed     98.74%
 141  DEJU-11-1-No|nifH|consensus50|pass_mixed_possible_multitemplate        22.57%    passed     67.86%
 142  DEJU-11-1-Ro|nifH|consensus50|pass_mixed_possible_multitemplate        20.06%    passed     95.42%
 143  DEJU-1-1-No|nifH|consensus50|pass_single_dominant                      17.45%    passed     85.03%
 144  DEJU-18-1-No|nifH|consensus50|pass_mixed_possible_multitemplate        23.07%    passed     96.28%
 145  DEJU-20-1-No|nifH|consensus50|pass_mixed_possible_multitemplate        25.28%    passed     56.74%
 146  DEJU-22-1-Rh|nifH|consensus50|pass_mixed_possible_multitemplate        23.47%    passed     97.12%
 147  DEJU-28-2-No|nifH|consensus50|pass_mixed_possible_multitemplate        22.77%    passed     94.39%
 148  DEJU-3-1-No|nifH|consensus50|pass_single_dominant                      19.06%    passed     77.20%
 149  DEJU-3-1-Rh|nifH|consensus50|pass_mixed_possible_multitemplate         22.27%    passed     94.13%
 150  DEJU-3-1-Ro|nifH|consensus50|pass_mixed_possible_multitemplate         20.46%    passed     95.78%
 151  DEJU-32-Ro|nifH|consensus50|pass_mixed_possible_multitemplate          19.46%    passed     84.80%
 152  DEJU-37-No|nifH|consensus50|pass_single_dominant                       21.26%    passed     59.71%
 153  DEJU-38-Rh|nifH|consensus50|pass_mixed_possible_multitemplate          20.56%    passed     75.76%
 154  DEJU-39-No|nifH|consensus50|pass_single_dominant                       17.95%    passed     82.92%
 155  DEJU-39-Ro|nifH|consensus50|pass_mixed_possible_multitemplate          17.45%    passed     84.20%
 156  DEJU-40-No|nifH|consensus50|pass_single_dominant                       17.85%    passed     70.20%
 157  DEJU-40-Ro|nifH|consensus50|pass_mixed_possible_multitemplate          21.16%    passed     48.79%
 158  DEJU-41-1-Ro|nifH|consensus50|pass_mixed_possible_multitemplate        17.95%    passed     85.64%
 159  DEJU-4-1-No|nifH|consensus50|pass_mixed_possible_multitemplate         19.96%    passed     83.35%
 160  DEJU-42-No|nifH|consensus50|pass_single_dominant                       18.25%    passed     85.28%
 161  DEJU-42-Rh|nifH|consensus50|pass_mixed_possible_multitemplate          24.27%    passed     98.52%
 162  DEJU-42-Ro|nifH|consensus50|pass_mixed_possible_multitemplate          19.86%    passed     95.02%
 163  DEJU-43-No|nifH|consensus50|pass_single_dominant                       20.96%    passed     95.41%
 164  DEJU-44-No|nifH|consensus50|pass_mixed_possible_multitemplate          20.26%    passed     68.33%
 165  DEJU-44-Ro|nifH|consensus50|pass_mixed_possible_multitemplate          22.67%    passed     92.47%
 166  DEJU-45-1-Ro|nifH|consensus50|pass_mixed_possible_multitemplate        22.27%    passed     92.77%
 167  DEJU-46-Ro|nifH|consensus50|pass_single_dominant                       17.15%    passed     81.77%
 168  DEJU-47-No|nifH|consensus50|pass_mixed_possible_multitemplate          21.06%    passed     72.31%
 169  DEJU-48-No|nifH|consensus50|pass_mixed_possible_multitemplate          21.26%    passed     95.90%
 170  DEJU-50-No|nifH|consensus50|pass_mixed_possible_multitemplate          22.17%    passed     79.22%
 171  DEJU-51-1-Rh|nifH|consensus50|pass_mixed_possible_multitemplate        23.37%    passed     80.52%
 172  DEJU-5-1-Ro|nifH|consensus50|pass_mixed_possible_multitemplate         22.57%    passed     98.85%
 173  DEJU-52-1-No|nifH|consensus50|pass_mixed_possible_multitemplate        20.56%    passed     99.04%
 174  DEJU-54-No|nifH|consensus50|pass_single_dominant                       18.56%    passed     86.59%
 175  DEJU-54-Rh|nifH|consensus50|pass_mixed_possible_multitemplate          20.96%    passed     96.87%
 176  DEJU-55-No|nifH|consensus50|pass_mixed_possible_multitemplate          23.17%    passed     96.79%
 177  DEJU-55-Rh|nifH|consensus50|pass_mixed_possible_multitemplate          20.96%    passed     88.92%
 178  DEJU-55-Ro|nifH|consensus50|pass_mixed_possible_multitemplate          24.17%    passed     59.31%
 179  DEJU-57-No|nifH|consensus50|pass_mixed_possible_multitemplate          24.57%    passed     93.81%
 180  DEJU-57-Rh|nifH|consensus50|pass_mixed_possible_multitemplate          21.46%    passed     91.32%
 181  DEJU-57-Ro|nifH|consensus50|pass_mixed_possible_multitemplate          25.98%    passed     93.21%
 182  DEJU-58-Rh|nifH|consensus50|pass_single_dominant                       20.26%    passed     98.63%
 183  DEJU-59-No|nifH|consensus50|pass_mixed_possible_multitemplate          24.77%    passed     76.66%
 184  DEJU-59-Ro|nifH|consensus50|pass_mixed_possible_multitemplate          23.87%    passed     90.60%
 185  DEJU-60-Rh|nifH|consensus50|pass_single_dominant                       20.06%    passed     98.57%
 186  DEJU-60-Ro|nifH|consensus50|pass_mixed_possible_multitemplate          21.56%    passed     75.70%
 187  DEJU-6-1-No|nifH|consensus50|pass_mixed_possible_multitemplate         20.26%    passed     91.09%
 188  DEJU-62-1-No|nifH|consensus50|pass_single_dominant                     17.55%    passed     78.92%
 189  DEJU-63-No|nifH|consensus50|pass_mixed_possible_multitemplate          17.75%    passed     53.22%
 190  DEJU-63-Rh|nifH|consensus50|pass_mixed_possible_multitemplate          20.76%    passed     97.64%
 191  DEJU-7-1-No|nifH|consensus50|pass_mixed_possible_multitemplate         30.29%    passed     77.91%
 192  DEJU-7-1-Rh|nifH|consensus50|pass_mixed_possible_multitemplate         21.46%    passed     81.74%
 193  DEJU-8-1-Rh|nifH|consensus50|pass_single_dominant                      20.76%    passed     85.90%
 194  DEJU-9-1-Ro|nifH|consensus50|pass_mixed_possible_multitemplate         24.47%    passed     96.48%
 195  DELA-10-2-No|nifH|consensus50|pass_mixed_possible_multitemplate        24.37%    passed     54.04%
 196  DELA-10-2-Ro|nifH|consensus50|pass_mixed_possible_multitemplate        25.08%    passed     99.57%
 197  DELA-11-3-No|nifH|consensus50|pass_mixed_possible_multitemplate        17.95%    passed     99.39%
 198  DELA-11-3-Ro|nifH|consensus50|pass_mixed_possible_multitemplate        19.96%    passed     96.09%
 199  DELA-12-2-No|nifH|consensus50|pass_mixed_possible_multitemplate        18.15%    passed     44.28%
 200  DELA-12-2-Rh|nifH|consensus50|pass_single_dominant                     19.76%    passed     89.16%
 201  DELA-13-1-No|nifH|consensus50|pass_mixed_possible_multitemplate        23.67%    passed     85.14%
 202  DELA-13-1-Rh|nifH|consensus50|pass_mixed_possible_multitemplate        25.98%    passed     94.03%
 203  DELA-1-3-No|nifH|consensus50|pass_single_dominant                      16.55%    passed     34.25%
 204  DELA-1-3-Rh|nifH|consensus50|pass_single_dominant                      16.85%    passed     31.92%
 205  DELA-1-3-Ro|nifH|consensus50|pass_mixed_possible_multitemplate         20.96%    passed     83.63%
 206  DELA-14-2-No|nifH|consensus50|pass_mixed_possible_multitemplate        17.85%    passed     66.47%
 207  DELA-14-2-Rh|nifH|consensus50|pass_mixed_possible_multitemplate        19.46%    passed     75.63%
 208  DELA-14-2-Ro|nifH|consensus50|pass_mixed_possible_multitemplate        19.56%    passed     76.74%
 209  DELA-15-1-No|nifH|consensus50|pass_mixed_possible_multitemplate        24.37%    passed     82.18%
 210  DELA-15-1-Rh|nifH|consensus50|pass_mixed_possible_multitemplate        24.57%    passed     85.06%
 211  DELA-15-1-Ro|nifH|consensus50|pass_mixed_possible_multitemplate        23.47%    passed     90.85%
 212  DELA-16-No|nifH|consensus50|pass_mixed_possible_multitemplate          23.77%    passed     14.33%
 213  DELA-16-Ro|nifH|consensus50|pass_mixed_possible_multitemplate          21.66%    passed     73.63%
 214  DELA-17-1-No|nifH|consensus50|pass_mixed_possible_multitemplate        21.66%    passed     52.24%
 215  DELA-17-1-Ro|nifH|consensus50|pass_mixed_possible_multitemplate        20.86%    passed     76.63%
 216  DELA-18-2-No|nifH|consensus50|pass_mixed_possible_multitemplate        22.77%    passed     74.02%
 217  DELA-18-2-Rh|nifH|consensus50|pass_mixed_possible_multitemplate        25.88%    passed     79.45%
 218  DELA-18-2-Ro|nifH|consensus50|pass_mixed_possible_multitemplate        21.87%    passed     82.95%
 219  DELA-19-1-No|nifH|consensus50|pass_mixed_possible_multitemplate        19.56%    passed     99.27%
 220  DELA-19-1-Rh|nifH|consensus50|pass_mixed_possible_multitemplate        19.76%    passed     88.50%
 221  DELA-19-1-Ro|nifH|consensus50|pass_mixed_possible_multitemplate        18.56%    passed     64.61%
 222  DELA-20-1-No|nifH|consensus50|pass_mixed_possible_multitemplate        22.27%    passed     70.84%
 223  DELA-20-1-Rh|nifH|consensus50|pass_mixed_possible_multitemplate        22.37%    passed     49.90%
 224  DELA-20-1-Ro|nifH|consensus50|pass_mixed_possible_multitemplate        24.47%    passed     86.46%
 225  DELA-21-1-No|nifH|consensus50|pass_single_dominant                     19.06%    passed     29.14%
 226  DELA-21-1-Ro|nifH|consensus50|pass_mixed_possible_multitemplate        20.66%    passed     77.74%
 227  DELA-22-1-No|nifH|consensus50|pass_mixed_possible_multitemplate        18.46%    passed     91.88%
 228  DELA-22-1-Rh|nifH|consensus50|pass_mixed_possible_multitemplate        18.86%    passed     94.11%
 229  DELA-22-1-Ro|nifH|consensus50|pass_mixed_possible_multitemplate        25.18%    passed     74.19%
 230  DELA-2-2-No|nifH|consensus50|pass_single_dominant                      20.56%    passed     91.62%
 231  DELA-2-2-Rh|nifH|consensus50|pass_mixed_possible_multitemplate         21.06%    passed     62.82%
 232  DELA-2-2-Ro|nifH|consensus50|pass_mixed_possible_multitemplate         21.06%    passed     95.90%
 233  DELA-23-2-No|nifH|consensus50|pass_mixed_possible_multitemplate        19.76%    passed     27.76%
 234  DELA-23-2-Rh|nifH|consensus50|pass_mixed_possible_multitemplate        21.06%    passed     93.67%
 235  DELA-23-2-Ro|nifH|consensus50|pass_mixed_possible_multitemplate        22.37%    passed     46.77%
 236  DELA-24-1-No|nifH|consensus50|pass_mixed_possible_multitemplate        20.36%    passed     15.72%
 237  DELA-24-1-Rh|nifH|consensus50|pass_mixed_possible_multitemplate        24.47%    passed     88.93%
 238  DELA-25-2-Ro|nifH|consensus50|pass_mixed_possible_multitemplate        21.06%    passed     98.17%
 239  DELA-26-3-No|nifH|consensus50|pass_mixed_possible_multitemplate        18.76%    passed     65.87%
 240  DELA-26-3-Rh|nifH|consensus50|pass_mixed_possible_multitemplate        17.65%    passed     57.79%
 241  DELA-26-3-Ro|nifH|consensus50|pass_single_dominant                     17.25%    passed     65.47%
 242  DELA-27-3-No|nifH|consensus50|pass_single_dominant                     16.55%    passed     52.18%
 243  DELA-27-3-Rh|nifH|consensus50|pass_mixed_possible_multitemplate        22.37%    passed     90.01%
 244  DELA-27-3-Ro|nifH|consensus50|pass_mixed_possible_multitemplate        22.07%    passed     94.02%
 245  DELA-28-No|nifH|consensus50|pass_single_dominant                       16.25%    passed     35.35%
 246  DELA-28-Rh|nifH|consensus50|pass_mixed_possible_multitemplate          23.87%    passed     83.98%
 247  DELA-28-Ro|nifH|consensus50|pass_mixed_possible_multitemplate          23.87%    passed     56.55%
 248  DELA-29-1-No|nifH|consensus50|pass_mixed_possible_multitemplate        20.36%    passed     73.58%
 249  DELA-29-1-Rh|nifH|consensus50|pass_mixed_possible_multitemplate        17.15%    passed     44.23%
 250  DELA-29-1-Ro|nifH|consensus50|pass_mixed_possible_multitemplate        22.07%    passed     72.12%
 251  DELA-30-2-Rh|nifH|consensus50|pass_mixed_possible_multitemplate        21.66%    passed     84.20%
 252  DELA-30-2-Ro|nifH|consensus50|pass_mixed_possible_multitemplate        18.66%    passed     98.98%
 253  DELA-31-1-No|nifH|consensus50|pass_mixed_possible_multitemplate        20.06%    passed     33.91%
 254  DELA-31-1-Rh|nifH|consensus50|pass_mixed_possible_multitemplate        26.08%    passed     58.54%
 255  DELA-31-1-Ro|nifH|consensus50|pass_mixed_possible_multitemplate        26.08%    passed     81.72%
 256  DELA-32-1-No|nifH|consensus50|pass_single_dominant                     17.35%    passed     88.76%
 257  DELA-32-1-Ro|nifH|consensus50|pass_mixed_possible_multitemplate        26.08%    passed     65.90%
 258  DELA-33-1-Rh|nifH|consensus50|pass_mixed_possible_multitemplate        20.46%    passed     98.94%
 259  DELA-33-1-Ro|nifH|consensus50|pass_mixed_possible_multitemplate        18.56%    passed     87.94%
 260  DELA-3-3-No|nifH|consensus50|pass_mixed_possible_multitemplate         18.15%    passed     47.84%
 261  DELA-3-3-Rh|nifH|consensus50|pass_mixed_possible_multitemplate         20.56%    passed     51.22%
 262  DELA-3-3-Ro|nifH|consensus50|pass_mixed_possible_multitemplate         23.27%    passed     73.86%
 263  DELA-4-1-No|nifH|consensus50|pass_single_dominant                      19.26%    passed      7.55%
 264  DELA-4-1-Ro|nifH|consensus50|pass_mixed_possible_multitemplate         22.07%    passed     97.05%
 265  DELA-5-1-No|nifH|consensus50|pass_mixed_possible_multitemplate         19.06%    passed     60.60%
 266  DELA-6-3-No|nifH|consensus50|pass_single_dominant                      19.66%    passed     52.05%
 267  DELA-6-3-Ro|nifH|consensus50|pass_mixed_possible_multitemplate         18.56%    passed     79.36%
 268  DELA-7-3-No|nifH|consensus50|pass_single_dominant                      17.55%    passed     41.70%
 269  DELA-8-2-Rh|nifH|consensus50|pass_single_dominant                      20.56%    passed     85.03%
 270  DELA-8-2-Ro|nifH|consensus50|pass_mixed_possible_multitemplate         18.96%    passed     99.54%
 271  DELA-9-1-No|nifH|consensus50|pass_single_dominant                      18.05%    passed     46.09%
 272  DELA-9-1-Ro|nifH|consensus50|pass_mixed_possible_multitemplate         22.67%    passed     99.72%
 273  DSNY-101-1-No|nifH|consensus50|pass_single_dominant                    20.16%    passed     12.58%
 274  DSNY-101-1-Rh|nifH|consensus50|pass_mixed_possible_multitemplate       20.06%    passed     96.11%
 275  DSNY-10-3-No|nifH|consensus50|pass_single_dominant                     18.36%    passed     66.12%
 276  DSNY-10-3-Rh|nifH|consensus50|pass_single_dominant                     19.86%    passed     95.34%
 277  DSNY-11-3-No|nifH|consensus50|pass_mixed_possible_multitemplate        21.46%    passed     40.86%
 278  DSNY-12-2-No|nifH|consensus50|pass_mixed_possible_multitemplate        22.17%    passed     56.11%
 279  DSNY-12-2-Ro|nifH|consensus50|pass_mixed_possible_multitemplate        27.28%    passed     88.38%
 280  DSNY-13-1-No|nifH|consensus50|pass_mixed_possible_multitemplate        19.76%    passed     58.45%
 281  DSNY-13-1-Rh|nifH|consensus50|pass_mixed_possible_multitemplate        21.46%    passed     92.71%
 282  DSNY-13-1-Ro|nifH|consensus50|pass_mixed_possible_multitemplate        23.57%    passed     72.31%
 283  DSNY-14-1-No|nifH|consensus50|pass_mixed_possible_multitemplate        19.16%    passed     89.65%
 284  DSNY-14-1-Rh|nifH|consensus50|pass_mixed_possible_multitemplate        23.87%    passed     97.69%
 285  DSNY-15-1-No|nifH|consensus50|pass_mixed_possible_multitemplate        24.87%    passed     93.08%
 286  DSNY-15-1-Rh|nifH|consensus50|pass_single_dominant                     18.76%    passed     97.66%
 287  DSNY-15-1-Ro|nifH|consensus50|pass_mixed_possible_multitemplate        26.78%    passed     87.18%
 288  DSNY-17-3-No|nifH|consensus50|pass_mixed_possible_multitemplate        19.86%    passed     55.20%
 289  DSNY-17-3-Rh|nifH|consensus50|pass_mixed_possible_multitemplate        25.98%    passed     73.82%
 290  DSNY-18-1-No|nifH|consensus50|pass_mixed_possible_multitemplate        22.77%    passed     93.38%
 291  DSNY-18-1-Ro|nifH|consensus50|pass_mixed_possible_multitemplate        19.46%    passed     72.94%
 292  DSNY-20-1-No|nifH|consensus50|pass_mixed_possible_multitemplate        24.77%    passed     95.39%
 293  DSNY-2-1-No|nifH|consensus50|pass_mixed_possible_multitemplate         19.16%    passed     51.01%
 294  DSNY-2-1-Rh|nifH|consensus50|pass_single_dominant                      16.65%    passed     95.16%
 295  DSNY-2-1-Ro|nifH|consensus50|pass_mixed_possible_multitemplate         23.77%    passed     88.15%
 296  DSNY-24-1-Rh|nifH|consensus50|pass_mixed_possible_multitemplate        21.97%    passed     84.63%
 297  DSNY-24-1-Ro|nifH|consensus50|pass_mixed_possible_multitemplate        23.37%    passed     93.07%
 298  DSNY-25-1-Rh|nifH|consensus50|pass_mixed_possible_multitemplate        23.47%    passed     89.45%
 299  DSNY-28-1-No|nifH|consensus50|pass_mixed_possible_multitemplate        22.87%    passed     91.31%
 300  DSNY-28-1-Ro|nifH|consensus50|pass_single_dominant                     18.36%    passed     92.62%
 301  DSNY-29-1-No|nifH|consensus50|pass_mixed_possible_multitemplate        20.66%    passed     73.95%
 302  DSNY-29-1-Rh|nifH|consensus50|pass_mixed_possible_multitemplate        20.56%    passed     77.70%
 303  DSNY-30-1-No|nifH|consensus50|pass_single_dominant                     16.85%    passed     87.34%
 304  DSNY-30-1-Ro|nifH|consensus50|pass_mixed_possible_multitemplate        18.76%    passed     78.29%
 305  DSNY-31-1-No|nifH|consensus50|pass_single_dominant                     16.85%    passed     45.23%
 306  DSNY-31-1-Rh|nifH|consensus50|pass_mixed_possible_multitemplate        18.86%    passed     97.96%
 307  DSNY-31-1-Ro|nifH|consensus50|pass_mixed_possible_multitemplate        23.57%    passed     91.98%
 308  DSNY-3-1-No|nifH|consensus50|pass_mixed_possible_multitemplate         22.27%    passed     61.81%
 309  DSNY-3-1-Ro|nifH|consensus50|pass_mixed_possible_multitemplate         19.86%    passed     98.25%
 310  DSNY-34-1-No|nifH|consensus50|pass_mixed_possible_multitemplate        18.86%    passed     27.70%
 311  DSNY-34-1-Rh|nifH|consensus50|pass_mixed_possible_multitemplate        23.87%    passed     91.37%
 312  DSNY-36-1-No|nifH|consensus50|pass_mixed_possible_multitemplate        23.57%    passed     69.57%
 313  DSNY-36-1-Rh|nifH|consensus50|pass_mixed_possible_multitemplate        21.36%    passed     84.61%
 314  DSNY-36-1-Ro|nifH|consensus50|pass_mixed_possible_multitemplate        25.78%    passed     99.88%
 315  DSNY-37-1-No|nifH|consensus50|pass_mixed_possible_multitemplate        19.26%    passed     53.40%
 316  DSNY-37-1-Rh|nifH|consensus50|pass_mixed_possible_multitemplate        27.18%    passed     98.52%
 317  DSNY-37-1-Ro|nifH|consensus50|pass_mixed_possible_multitemplate        24.37%    passed     65.49%
 318  DSNY-38-3-Ro|nifH|consensus50|pass_mixed_possible_multitemplate        22.07%    passed     82.23%
 319  DSNY-39-4-No|nifH|consensus50|pass_mixed_possible_multitemplate        19.26%    passed     56.13%
 320  DSNY-39-4-Ro|nifH|consensus50|pass_mixed_possible_multitemplate        24.07%    passed     67.62%
 321  DSNY-4-1-No|nifH|consensus50|pass_mixed_possible_multitemplate         21.36%    passed     73.96%
 322  DSNY-43-1-No|nifH|consensus50|pass_mixed_possible_multitemplate        18.86%    passed     20.27%
 323  DSNY-43-1-Rh|nifH|consensus50|pass_mixed_possible_multitemplate        21.56%    passed     71.40%
 324  DSNY-44-1-No|nifH|consensus50|pass_single_dominant                     17.85%    passed     77.03%
 325  DSNY-48-1-Ro|nifH|consensus50|pass_mixed_possible_multitemplate        18.56%    passed     83.63%
 326  DSNY-49-2-Rh|nifH|consensus50|pass_mixed_possible_multitemplate        20.06%    passed     91.23%
 327  DSNY-51-2-No|nifH|consensus50|pass_mixed_possible_multitemplate        22.27%    passed     99.30%
 328  DSNY-51-2-Rh|nifH|consensus50|pass_mixed_possible_multitemplate        20.76%    passed     93.95%
 329  DSNY-5-1-No|nifH|consensus50|pass_mixed_possible_multitemplate         21.77%    passed     90.47%
 330  DSNY-5-1-Rh|nifH|consensus50|pass_mixed_possible_multitemplate         27.58%    passed     95.88%
 331  DSNY-5-1-Ro|nifH|consensus50|pass_mixed_possible_multitemplate         22.07%    passed     99.70%
 332  DSNY-52-1-No|nifH|consensus50|pass_mixed_possible_multitemplate        20.56%    passed     22.01%
 333  DSNY-56-1-Ro|nifH|consensus50|pass_mixed_possible_multitemplate        21.46%    passed     97.13%
 334  DSNY-57-1-Rh|nifH|consensus50|pass_single_dominant                     16.75%    passed     75.72%
 335  DSNY-57-1-Ro|nifH|consensus50|pass_mixed_possible_multitemplate        18.15%    passed     78.92%
 336  DSNY-57-No|nifH|consensus50|pass_single_dominant                       17.95%    passed     88.44%
 337  DSNY-58-No|nifH|consensus50|pass_mixed_possible_multitemplate          16.85%    passed     68.47%
 338  DSNY-58-Rh|nifH|consensus50|pass_mixed_possible_multitemplate          20.26%    passed     82.17%
 339  DSNY-59-No|nifH|consensus50|pass_mixed_possible_multitemplate          16.85%    passed     26.86%
 340  DSNY-61-4-Rh|nifH|consensus50|pass_single_dominant                     17.25%    passed     75.98%
 341  DSNY-6-2-Rh|nifH|consensus50|pass_mixed_possible_multitemplate         20.76%    passed     84.37%
 342  DSNY-63-No|nifH|consensus50|pass_mixed_possible_multitemplate          20.96%    passed     56.39%
 343  DSNY-63-Ro|nifH|consensus50|pass_mixed_possible_multitemplate          20.96%    passed     96.56%
 344  DSNY-64-2-No|nifH|consensus50|pass_mixed_possible_multitemplate        18.36%    passed     60.62%
 345  DSNY-65-1-No|nifH|consensus50|pass_mixed_possible_multitemplate        17.85%    passed     73.04%
 346  DSNY-65-1-Ro|nifH|consensus50|pass_mixed_possible_multitemplate        22.37%    passed     95.10%
 347  DSNY-66-1-No|nifH|consensus50|pass_single_dominant                     17.05%    passed     42.72%
 348  DSNY-66-1-Rh|nifH|consensus50|pass_mixed_possible_multitemplate        18.36%    passed     86.17%
 349  DSNY-66-1-Ro|nifH|consensus50|pass_mixed_possible_multitemplate        20.56%    passed     95.56%
 350  DSNY-67-3-No|nifH|consensus50|pass_mixed_possible_multitemplate        21.36%    passed     41.70%
 351  DSNY-67-3-Rh|nifH|consensus50|pass_mixed_possible_multitemplate        17.85%    passed     67.27%
 352  DSNY-68-1-No|nifH|consensus50|pass_mixed_possible_multitemplate        18.86%    passed     68.47%
 353  DSNY-68-1-Ro|nifH|consensus50|pass_mixed_possible_multitemplate        21.06%    passed     79.15%
 354  DSNY-69-1-No|nifH|consensus50|pass_mixed_possible_multitemplate        20.76%    passed     34.03%
 355  DSNY-69-1-Ro|nifH|consensus50|pass_mixed_possible_multitemplate        25.28%    passed     92.99%
 356  DSNY-70-1-No|nifH|consensus50|pass_mixed_possible_multitemplate        21.66%    passed     36.82%
 357  DSNY-70-1-Rh|nifH|consensus50|pass_mixed_possible_multitemplate        17.55%    passed     84.94%
 358  DSNY-70-1-Ro|nifH|consensus50|pass_mixed_possible_multitemplate        21.36%    passed     87.74%
 359  DSNY-71-1-Ro|nifH|consensus50|pass_mixed_possible_multitemplate        23.47%    passed     96.90%
 360  DSNY-7-1-Ro|nifH|consensus50|pass_mixed_possible_multitemplate         24.67%    passed     93.66%
 361  DSNY-72-1-Rh|nifH|consensus50|pass_mixed_possible_multitemplate        18.86%    passed     91.21%
 362  DSNY-72-1-Ro|nifH|consensus50|pass_mixed_possible_multitemplate        17.55%    passed     87.99%
 363  DSNY-74-1-Rh|nifH|consensus50|pass_mixed_possible_multitemplate        21.36%    passed     64.45%
 364  DSNY-74-1-Ro|nifH|consensus50|pass_mixed_possible_multitemplate        26.38%    passed     95.16%
 365  DSNY-75-1-No|nifH|consensus50|pass_mixed_possible_multitemplate        19.26%    passed     78.92%
 366  DSNY-75-1-Rh|nifH|consensus50|pass_mixed_possible_multitemplate        23.47%    passed     91.65%
 367  DSNY-75-1-Ro|nifH|consensus50|pass_mixed_possible_multitemplate        25.08%    passed     98.61%
 368  DSNY-76-1-Rh|nifH|consensus50|pass_mixed_possible_multitemplate        23.07%    passed     82.80%
 369  DSNY-76-1-Ro|nifH|consensus50|pass_mixed_possible_multitemplate        22.17%    passed     69.46%
 370  DSNY-79-1-Rh|nifH|consensus50|pass_mixed_possible_multitemplate        17.05%    passed     92.74%
 371  DSNY-80-1-No|nifH|consensus50|pass_mixed_possible_multitemplate        22.17%    passed     47.37%
 372  DSNY-8-1-No|nifH|consensus50|pass_mixed_possible_multitemplate         24.37%    passed     75.13%
 373  DSNY-8-1-Ro|nifH|consensus50|pass_mixed_possible_multitemplate         19.06%    passed     86.77%
 374  DSNY-82-3-No|nifH|consensus50|pass_mixed_possible_multitemplate        21.06%    passed     79.03%
 375  DSNY-83-1-Rh|nifH|consensus50|pass_single_dominant                     17.25%    passed     90.91%
 376  DSNY-83-2-Rh|nifH|consensus50|pass_single_dominant                     19.46%    passed     92.65%
 377  DSNY-83-4-Ro|nifH|consensus50|pass_mixed_possible_multitemplate        21.56%    passed     93.65%
 378  DSNY-83-5-No|nifH|consensus50|pass_mixed_possible_multitemplate        18.56%    passed     70.37%
 379  DSNY-83-5-Rh|nifH|consensus50|pass_mixed_possible_multitemplate        20.96%    passed     92.21%
 380  DSNY-85-1-No|nifH|consensus50|pass_mixed_possible_multitemplate        21.66%    passed     98.35%
 381  DSNY-85-1-Rh|nifH|consensus50|pass_mixed_possible_multitemplate        22.07%    passed     94.98%
 382  DSNY-86-1-Ro|nifH|consensus50|pass_mixed_possible_multitemplate        25.38%    passed     97.11%
 383  DSNY-88-1-Rh|nifH|consensus50|pass_single_dominant                     19.36%    passed     97.81%
 384  DSNY-89-Rh|nifH|consensus50|pass_mixed_possible_multitemplate          20.86%    passed     94.54%
 385  DSNY-90-No|nifH|consensus50|pass_single_dominant                       19.86%    passed     90.78%
 386  DSNY-90-Rh|nifH|consensus50|pass_single_dominant                       20.96%    passed     98.29%
 387  DSNY-90-Ro|nifH|consensus50|pass_mixed_possible_multitemplate          24.27%    passed     90.95%
 388  DSNY-91-1-No|nifH|consensus50|pass_mixed_possible_multitemplate        23.27%    passed     65.10%
 389  DSNY-91-1-Rh|nifH|consensus50|pass_mixed_possible_multitemplate        18.96%    passed     48.72%
 390  DSNY-92-1-Ro|nifH|consensus50|pass_single_dominant                     21.46%    passed     98.86%
 391  DSNY-95-Ro|nifH|consensus50|pass_mixed_possible_multitemplate          25.28%    passed     85.20%
 392  DSNY-96-2-Rh|nifH|consensus50|pass_mixed_possible_multitemplate        22.17%    passed     97.66%
 393  DSNY-98-4-No|nifH|consensus50|pass_mixed_possible_multitemplate        18.86%    passed     89.07%
 394  DSNY-CLFR-60-Rh|nifH|consensus50|pass_single_dominant                  19.26%    passed     98.67%
 395  DSNY-CLFR-60-Ro|nifH|consensus50|pass_mixed_possible_multitemplate     18.86%    passed     88.53%
 396  DSNY-CRMA-33-1-No|nifH|consensus50|pass_mixed_possible_multitemplate   19.86%    passed     84.54%
 397  DSNY-CRMA-33-1-Rh|nifH|consensus50|pass_mixed_possible_multitemplate   19.96%    passed     92.04%
 398  DSNY-CRMA-33-1-Ro|nifH|consensus50|pass_mixed_possible_multitemplate   18.46%    passed     84.67%
 399  DSNY-CRMA-35-1-No|nifH|consensus50|pass_single_dominant                17.75%    passed     33.45%
 400  DSNY-CRMA-35-1-Rh|nifH|consensus50|pass_mixed_possible_multitemplate   18.76%    passed     85.46%
 401  DSNY-CRMA-35-1-Ro|nifH|consensus50|pass_mixed_possible_multitemplate   24.87%    passed     96.83%
 402  DSNY-GAEL-33-1-No|nifH|consensus50|pass_mixed_possible_multitemplate   22.77%    passed     96.00%
 403  DSNY-GAEL-33-1-Rh|nifH|consensus50|pass_mixed_possible_multitemplate   18.36%    passed     87.53%
 404  DSNY-GAEL-33-1-Ro|nifH|consensus50|pass_mixed_possible_multitemplate   22.07%    passed     90.64%
 405  DSNY-GARE-35-1-No|nifH|consensus50|pass_mixed_possible_multitemplate   19.66%    passed     75.68%
 406  DSNY-GARE-35-1-Rh|nifH|consensus50|pass_single_dominant                17.65%    passed     88.65%
 407  DSNY-GARE-35-1-Ro|nifH|consensus50|pass_mixed_possible_multitemplate   22.37%    passed     92.86%
 408  DSNY-SEHE-60-No|nifH|consensus50|pass_single_dominant                  15.85%    passed     28.75%
 409  GRSM-4-2-Ro|nifH|consensus50|pass_single_dominant                      19.66%    passed     97.81%
 410  GUAN-1-Rh|nifH|consensus50|pass_mixed_possible_multitemplate           22.17%    passed     81.88%
 411  GUAN-2-No|nifH|consensus50|pass_mixed_possible_multitemplate           18.15%    passed     49.78%
 412  GUAN-2-Rh|nifH|consensus50|pass_single_dominant                        17.85%    passed     89.29%
 413  GUAN-2-Ro|nifH|consensus50|pass_mixed_possible_multitemplate           23.57%    passed     87.75%
 414  GUAN-3-No|nifH|consensus50|pass_single_dominant                        19.36%    passed     65.32%
 415  GUAN-4-No|nifH|consensus50|pass_single_dominant                        17.35%    passed     88.95%
 416  GUAN-5-No|nifH|consensus50|pass_single_dominant                        17.05%    passed     68.55%
 417  GUAN-5-Rh|nifH|consensus50|pass_single_dominant                        16.85%    passed     54.55%
 418  GUAN-5-Ro|nifH|consensus50|pass_mixed_possible_multitemplate           20.46%    passed     83.17%
 419  GUAN-7-1-Rh|nifH|consensus50|pass_mixed_possible_multitemplate         19.96%    passed     92.16%
 420  GUAN-7-1-Ro|nifH|consensus50|pass_single_dominant                      21.46%    passed     93.98%
 421  GUAN-8-No|nifH|consensus50|pass_single_dominant                        16.95%    passed     82.93%
 422  GUAN-8-Ro|nifH|consensus50|pass_mixed_possible_multitemplate           21.66%    passed     79.50%
 423  GUAN-9-1-Rh|nifH|consensus50|pass_mixed_possible_multitemplate         17.95%    passed     74.63%
 424  GUAN-9-1-Ro|nifH|consensus50|pass_mixed_possible_multitemplate         20.26%    passed     98.34%
 425  HARV-1-1-No|nifH|consensus50|pass_single_dominant                      17.55%    passed     45.60%
 426  HARV-1-1-Rh|nifH|consensus50|pass_mixed_possible_multitemplate         23.97%    passed     98.34%
 427  HARV-2-1-No|nifH|consensus50|pass_mixed_possible_multitemplate         19.96%    passed     64.99%
 428  HARV-3-1-Ro|nifH|consensus50|pass_mixed_possible_multitemplate         23.67%    passed     99.63%
 429  HARV-4-1-No|nifH|consensus50|pass_single_dominant                      18.05%    passed     47.09%
 430  HARV-4-1-Ro|nifH|consensus50|pass_mixed_possible_multitemplate         23.97%    passed     91.50%
 431  HEAL-10-2-No|nifH|consensus50|pass_mixed_possible_multitemplate        24.47%    passed     94.26%
 432  HEAL-10-2-Ro|nifH|consensus50|pass_mixed_possible_multitemplate        22.27%    passed     90.65%
 433  HEAL-11-1-Rh|nifH|consensus50|pass_mixed_possible_multitemplate        18.56%    passed     90.23%
 434  HEAL-1-2-No|nifH|consensus50|pass_mixed_possible_multitemplate         21.97%    passed     88.57%
 435  HEAL-1-2-Rh|nifH|consensus50|pass_mixed_possible_multitemplate         19.16%    passed     87.36%
 436  HEAL-14-1-Rh|nifH|consensus50|pass_mixed_possible_multitemplate        19.16%    passed     73.45%
 437  HEAL-2-1-No|nifH|consensus50|pass_mixed_possible_multitemplate         23.57%    passed     88.25%
 438  HEAL-2-1-Rh|nifH|consensus50|pass_single_dominant                      20.36%    passed     93.34%
 439  HEAL-3-1-No|nifH|consensus50|pass_mixed_possible_multitemplate         23.67%    passed     93.99%
 440  HEAL-3-1-Rh|nifH|consensus50|pass_mixed_possible_multitemplate         22.57%    passed     94.44%
 441  HEAL-4-1-No|nifH|consensus50|pass_mixed_possible_multitemplate         25.88%    passed     94.73%
 442  HEAL-4-1-Ro|nifH|consensus50|pass_mixed_possible_multitemplate         21.87%    passed     57.64%
 443  HEAL-5-2-No|nifH|consensus50|pass_mixed_possible_multitemplate         23.17%    passed     95.06%
 444  HEAL-5-2-Rh|nifH|consensus50|pass_mixed_possible_multitemplate         22.97%    passed     90.87%
 445  HEAL-6-1-Rh|nifH|consensus50|pass_mixed_possible_multitemplate         22.37%    passed     91.48%
 446  HEAL-7-1-Ro|nifH|consensus50|pass_mixed_possible_multitemplate         22.17%    passed     86.05%
 447  HEAL-8-1-No|nifH|consensus50|pass_mixed_possible_multitemplate         25.08%    passed     98.07%
 448  HEAL-8-1-Ro|nifH|consensus50|pass_mixed_possible_multitemplate         23.47%    passed     82.40%
 449  HEAL-9-1-No|nifH|consensus50|pass_mixed_possible_multitemplate         17.95%    passed     94.88%
 450  JERC-100-1-Rh|nifH|consensus50|pass_mixed_possible_multitemplate       20.46%    passed     97.64%
 451  JERC-102-1-Rh|nifH|consensus50|pass_mixed_possible_multitemplate       17.05%    passed     92.02%
 452  JERC-102-1-Ro|nifH|consensus50|pass_mixed_possible_multitemplate       27.08%    passed     98.03%
 453  JERC-10-3-No|nifH|consensus50|pass_single_dominant                     19.46%    passed     38.72%
 454  JERC-106-1-Rh|nifH|consensus50|pass_mixed_possible_multitemplate       19.46%    passed     58.90%
 455  JERC-110-4-Ro|nifH|consensus50|pass_mixed_possible_multitemplate       19.76%    passed     77.08%
 456  JERC-11-1-Rh|nifH|consensus50|pass_single_dominant                     17.65%    passed     49.58%
 457  JERC-11-1-Ro|nifH|consensus50|pass_mixed_possible_multitemplate        24.07%    passed     85.49%
 458  JERC-113-3-No|nifH|consensus50|pass_mixed_possible_multitemplate       18.86%    passed     35.62%
 459  JERC-119-No|nifH|consensus50|pass_mixed_possible_multitemplate         22.87%    passed     67.81%
 460  JERC-119-Rh|nifH|consensus50|pass_mixed_possible_multitemplate         17.55%    passed     89.99%
 461  JERC-119-Ro|nifH|consensus50|pass_mixed_possible_multitemplate         18.66%    passed     83.19%
 462  JERC-120-No|nifH|consensus50|pass_mixed_possible_multitemplate         18.36%    passed     14.86%
 463  JERC-120-Rh|nifH|consensus50|pass_mixed_possible_multitemplate         22.27%    passed     96.93%
 464  JERC-12-1-No|nifH|consensus50|pass_mixed_possible_multitemplate        20.66%    passed     70.11%
 465  JERC-121-No|nifH|consensus50|pass_mixed_possible_multitemplate         23.47%    passed     69.53%
 466  JERC-12-1-Rh|nifH|consensus50|pass_mixed_possible_multitemplate        22.07%    passed     84.55%
 467  JERC-121-Ro|nifH|consensus50|pass_mixed_possible_multitemplate         18.96%    passed     79.26%
 468  JERC-122-No|nifH|consensus50|pass_mixed_possible_multitemplate         19.86%    passed     34.71%
 469  JERC-122-Rh|nifH|consensus50|pass_single_dominant                      20.06%    passed     67.03%
 470  JERC-122-Ro|nifH|consensus50|pass_mixed_possible_multitemplate         21.16%    passed     93.15%
 471  JERC-123-No|nifH|consensus50|pass_mixed_possible_multitemplate         22.37%    passed     78.96%
 472  JERC-123-Rh|nifH|consensus50|pass_mixed_possible_multitemplate         21.46%    passed     82.91%
 473  JERC-123-Ro|nifH|consensus50|pass_mixed_possible_multitemplate         20.76%    passed     80.72%
 474  JERC-124-2-No|nifH|consensus50|pass_mixed_possible_multitemplate       18.46%    passed     97.46%
 475  JERC-126-4-No|nifH|consensus50|pass_single_dominant                    17.45%    passed     51.84%
 476  JERC-127-2-No|nifH|consensus50|pass_single_dominant                    16.75%    passed     46.42%
 477  JERC-127-2-Rh|nifH|consensus50|pass_mixed_possible_multitemplate       19.76%    passed     52.08%
 478  JERC-127-2-Ro|nifH|consensus50|pass_single_dominant                    17.15%    passed     99.46%
 479  JERC-128-2-Rh|nifH|consensus50|pass_mixed_possible_multitemplate       19.96%    passed     80.30%
 480  JERC-128-2-Ro|nifH|consensus50|pass_mixed_possible_multitemplate       21.66%    passed     25.86%
 481  JERC-129-4-No|nifH|consensus50|pass_mixed_possible_multitemplate       18.76%    passed     91.37%
 482  JERC-129-4-Ro|nifH|consensus50|pass_mixed_possible_multitemplate       24.47%    passed     75.29%
 483  JERC-1-2-No|nifH|consensus50|pass_single_dominant                      16.15%    passed     68.28%
 484  JERC-1-2-Rh|nifH|consensus50|pass_mixed_possible_multitemplate         18.96%    passed     80.57%
 485  JERC-131-No|nifH|consensus50|pass_single_dominant                      16.85%    passed     83.23%
 486  JERC-131-Rh|nifH|consensus50|pass_mixed_possible_multitemplate         21.87%    passed     99.49%
 487  JERC-131-Ro|nifH|consensus50|pass_mixed_possible_multitemplate         17.65%    passed     84.37%
 488  JERC-132-3-No|nifH|consensus50|pass_mixed_possible_multitemplate       20.66%    passed     87.15%
 489  JERC-132-3-Rh|nifH|consensus50|pass_single_dominant                    18.66%    passed     91.14%
 490  JERC-132-3-Ro|nifH|consensus50|pass_mixed_possible_multitemplate       19.56%    passed     97.11%
 491  JERC-13-3-No|nifH|consensus50|pass_mixed_possible_multitemplate        23.77%    passed     91.54%
 492  JERC-13-3-Rh|nifH|consensus50|pass_mixed_possible_multitemplate        19.56%    passed     83.17%
 493  JERC-13-3-Ro|nifH|consensus50|pass_mixed_possible_multitemplate        18.86%    passed      5.00%
 494  JERC-134-3-Rh|nifH|consensus50|pass_mixed_possible_multitemplate       21.97%    passed     97.33%
 495  JERC-134-3-Ro|nifH|consensus50|pass_mixed_possible_multitemplate       20.86%    passed     88.13%
 496  JERC-135-3-No|nifH|consensus50|pass_single_dominant                    19.76%    passed     26.47%
 497  JERC-135-3-Rh|nifH|consensus50|pass_single_dominant                    17.85%    passed     88.17%
 498  JERC-138-Rh|nifH|consensus50|pass_mixed_possible_multitemplate         18.25%    passed     77.65%
 499  JERC-138-Ro|nifH|consensus50|pass_mixed_possible_multitemplate         20.76%    passed     80.57%
 500  JERC-139-5-No|nifH|consensus50|pass_mixed_possible_multitemplate       18.15%    passed     82.60%
 501  JERC-139-5-Ro|nifH|consensus50|pass_mixed_possible_multitemplate       20.66%    passed     91.86%
 502  JERC-140-Rh|nifH|consensus50|pass_mixed_possible_multitemplate         18.46%    passed     95.23%
 503  JERC-140-Ro|nifH|consensus50|pass_mixed_possible_multitemplate         21.77%    passed     91.59%
 504  JERC-141-Rh|nifH|consensus50|pass_mixed_possible_multitemplate         20.26%    passed     90.21%
 505  JERC-141-Ro|nifH|consensus50|pass_mixed_possible_multitemplate         24.87%    passed     88.50%
 506  JERC-142-No|nifH|consensus50|pass_mixed_possible_multitemplate         23.77%    passed     97.46%
 507  JERC-142-Rh|nifH|consensus50|pass_mixed_possible_multitemplate         18.25%    passed     98.13%
 508  JERC-143-Ro|nifH|consensus50|pass_mixed_possible_multitemplate         21.46%    passed     66.77%
 509  JERC-144-Rh|nifH|consensus50|pass_mixed_possible_multitemplate         24.87%    passed     88.71%
 510  JERC-145-1-Rh|nifH|consensus50|pass_single_dominant                    17.15%    passed     94.94%
 511  JERC-14-5-No|nifH|consensus50|pass_mixed_possible_multitemplate        23.27%    passed     87.21%
 512  JERC-14-5-Rh|nifH|consensus50|pass_mixed_possible_multitemplate        22.87%    passed     76.92%
 513  JERC-14-5-Ro|nifH|consensus50|pass_single_dominant                     22.57%    passed     85.44%
 514  JERC-146-Rh|nifH|consensus50|pass_mixed_possible_multitemplate         18.76%    passed     96.55%
 515  JERC-146-Ro|nifH|consensus50|pass_mixed_possible_multitemplate         21.56%    passed     88.64%
 516  JERC-147-Rh|nifH|consensus50|pass_mixed_possible_multitemplate         25.18%    passed     92.21%
 517  JERC-148-No|nifH|consensus50|pass_mixed_possible_multitemplate         23.57%    passed     77.65%
 518  JERC-148-Ro|nifH|consensus50|pass_single_dominant                      16.75%    passed     32.68%
 519  JERC-149-Rh|nifH|consensus50|pass_mixed_possible_multitemplate         19.76%    passed     81.79%
 520  JERC-149-Ro|nifH|consensus50|pass_mixed_possible_multitemplate         23.07%    passed     69.74%
 521  JERC-150-Rh|nifH|consensus50|pass_mixed_possible_multitemplate         22.37%    passed     98.26%
 522  JERC-150-Ro|nifH|consensus50|pass_mixed_possible_multitemplate         19.96%    passed     84.83%
 523  JERC-151-No|nifH|consensus50|pass_mixed_possible_multitemplate         19.76%    passed     78.41%
 524  JERC-151-Ro|nifH|consensus50|pass_mixed_possible_multitemplate         26.08%    passed     73.99%
 525  JERC-152-No|nifH|consensus50|pass_mixed_possible_multitemplate         19.06%    passed     89.05%
 526  JERC-152-Rh|nifH|consensus50|pass_mixed_possible_multitemplate         19.56%    passed     93.90%
 527  JERC-153-No|nifH|consensus50|pass_mixed_possible_multitemplate         18.56%    passed     21.87%
 528  JERC-154-No|nifH|consensus50|pass_mixed_possible_multitemplate         21.77%    passed     95.83%
 529  JERC-154-Rh|nifH|consensus50|pass_mixed_possible_multitemplate         18.76%    passed     97.49%
 530  JERC-155-No|nifH|consensus50|pass_single_dominant                      17.35%    passed     88.64%
 531  JERC-155-Rh|nifH|consensus50|pass_single_dominant                      17.55%    passed     85.91%
 532  JERC-155-Ro|nifH|consensus50|pass_mixed_possible_multitemplate         19.46%    passed     70.01%
 533  JERC-156-No|nifH|consensus50|pass_mixed_possible_multitemplate         17.35%    passed     25.36%
 534  JERC-156-Rh|nifH|consensus50|pass_mixed_possible_multitemplate         18.66%    passed     82.33%
 535  JERC-156-Ro|nifH|consensus50|pass_mixed_possible_multitemplate         18.66%    passed     74.50%
 536  JERC-157-2-No|nifH|consensus50|pass_single_dominant                    18.46%    passed     35.34%
 537  JERC-157-2-Rh|nifH|consensus50|pass_mixed_possible_multitemplate       18.46%    passed     73.93%
 538  JERC-158-Ro|nifH|consensus50|pass_mixed_possible_multitemplate         20.76%    passed     92.47%
 539  JERC-159-2-Ro|nifH|consensus50|pass_mixed_possible_multitemplate       24.07%    passed     54.95%
 540  JERC-160-Rh|nifH|consensus50|pass_single_dominant                      19.96%    passed     95.90%
 541  JERC-160-Ro|nifH|consensus50|pass_single_dominant                      17.15%    passed     89.23%
 542  JERC-161-No|nifH|consensus50|pass_mixed_possible_multitemplate         17.75%    passed     85.42%
 543  JERC-161-Rh|nifH|consensus50|pass_single_dominant                      19.36%    passed     97.42%
 544  JERC-161-Ro|nifH|consensus50|pass_mixed_possible_multitemplate         18.36%    passed     81.67%
 545  JERC-16-2-Rh|nifH|consensus50|pass_mixed_possible_multitemplate        19.56%    passed     79.87%
 546  JERC-16-2-Ro|nifH|consensus50|pass_single_dominant                     17.25%    passed     80.51%
 547  JERC-163-Rh|nifH|consensus50|pass_mixed_possible_multitemplate         22.87%    passed     99.19%
 548  JERC-164-Ro|nifH|consensus50|pass_mixed_possible_multitemplate         18.15%    passed     88.59%
 549  JERC-165-No|nifH|consensus50|pass_mixed_possible_multitemplate         17.35%    passed     28.64%
 550  JERC-165-Ro|nifH|consensus50|pass_mixed_possible_multitemplate         23.87%    passed     85.71%
 551  JERC-167-No|nifH|consensus50|pass_mixed_possible_multitemplate         19.06%    passed     70.91%
 552  JERC-167-Rh|nifH|consensus50|pass_mixed_possible_multitemplate         19.66%    passed     96.65%
 553  JERC-167-Ro|nifH|consensus50|pass_mixed_possible_multitemplate         19.86%    passed     98.69%
 554  JERC-168-Rh|nifH|consensus50|pass_mixed_possible_multitemplate         22.77%    passed     98.92%
 555  JERC-168-Ro|nifH|consensus50|pass_mixed_possible_multitemplate         21.36%    passed     94.62%
 556  JERC-169-No|nifH|consensus50|pass_mixed_possible_multitemplate         18.66%    passed     50.75%
 557  JERC-169-Rh|nifH|consensus50|pass_single_dominant                      17.25%    passed     89.64%
 558  JERC-169-Ro|nifH|consensus50|pass_mixed_possible_multitemplate         24.07%    passed     82.00%
 559  JERC-170-No|nifH|consensus50|pass_single_dominant                      20.96%    passed     57.00%
 560  JERC-170-Rh|nifH|consensus50|pass_single_dominant                      19.66%    passed     89.89%
 561  JERC-170-Ro|nifH|consensus50|pass_mixed_possible_multitemplate         18.66%    passed     68.06%
 562  JERC-171-No|nifH|consensus50|pass_mixed_possible_multitemplate         20.26%    passed     65.09%
 563  JERC-171-Ro|nifH|consensus50|pass_mixed_possible_multitemplate         20.46%    passed     96.53%
 564  JERC-172-2-No|nifH|consensus50|pass_mixed_possible_multitemplate       17.65%    passed     98.07%
 565  JERC-172-2-Rh|nifH|consensus50|pass_single_dominant                    16.95%    passed     86.46%
 566  JERC-172-2-Ro|nifH|consensus50|pass_single_dominant                    19.26%    passed     46.54%
 567  JERC-173-1-Rh|nifH|consensus50|pass_mixed_possible_multitemplate       17.85%    passed     90.47%
 568  JERC-175-1-No|nifH|consensus50|pass_mixed_possible_multitemplate       18.76%    passed     74.61%
 569  JERC-175-1-Rh|nifH|consensus50|pass_mixed_possible_multitemplate       17.65%    passed     90.06%
 570  JERC-176-5-No|nifH|consensus50|pass_mixed_possible_multitemplate       19.96%    passed     16.27%
 571  JERC-177-No|nifH|consensus50|pass_mixed_possible_multitemplate         19.86%    passed     38.23%
 572  JERC-177-Rh|nifH|consensus50|pass_mixed_possible_multitemplate         17.75%    passed     81.36%
 573  JERC-177-Ro|nifH|consensus50|pass_single_dominant                      17.35%    passed     87.80%
 574  JERC-179-4-Ro|nifH|consensus50|pass_mixed_possible_multitemplate       24.77%    passed     94.92%
 575  JERC-180-5-No|nifH|consensus50|pass_single_dominant                    19.86%    passed     27.16%
 576  JERC-18-2-Rh|nifH|consensus50|pass_mixed_possible_multitemplate        22.87%    passed     97.06%
 577  JERC-18-2-Ro|nifH|consensus50|pass_mixed_possible_multitemplate        22.27%    passed     87.89%
 578  JERC-183-3-No|nifH|consensus50|pass_mixed_possible_multitemplate       22.27%    passed     93.12%
 579  JERC-183-3-Ro|nifH|consensus50|pass_mixed_possible_multitemplate       21.66%    passed     77.73%
 580  JERC-186-1-No|nifH|consensus50|pass_mixed_possible_multitemplate       22.67%    passed     95.31%
 581  JERC-187-1-Ro|nifH|consensus50|pass_mixed_possible_multitemplate       23.57%    passed     89.57%
 582  JERC-189-1-Rh|nifH|consensus50|pass_mixed_possible_multitemplate       18.96%    passed     81.22%
 583  JERC-191-1-No|nifH|consensus50|pass_mixed_possible_multitemplate       22.67%    passed     72.99%
 584  JERC-192-1-No|nifH|consensus50|pass_mixed_possible_multitemplate       17.55%    passed     87.98%
 585  JERC-195-2-Ro|nifH|consensus50|pass_mixed_possible_multitemplate       24.97%    passed     91.17%
 586  JERC-197-1-No|nifH|consensus50|pass_single_dominant                    16.75%    passed     96.48%
 587  JERC-197-1-Ro|nifH|consensus50|pass_mixed_possible_multitemplate       23.17%    passed     96.33%
 588  JERC-198-No|nifH|consensus50|pass_single_dominant                      19.36%    passed     42.38%
 589  JERC-198-Rh|nifH|consensus50|pass_mixed_possible_multitemplate         22.47%    passed     84.53%
 590  JERC-198-Ro|nifH|consensus50|pass_mixed_possible_multitemplate         18.66%    passed     85.64%
 591  JERC-199-No|nifH|consensus50|pass_mixed_possible_multitemplate         19.26%    passed     80.98%
 592  JERC-199-Rh|nifH|consensus50|pass_mixed_possible_multitemplate         20.16%    passed     84.99%
 593  JERC-199-Ro|nifH|consensus50|pass_mixed_possible_multitemplate         23.97%    passed     98.23%
 594  JERC-201-1-No|nifH|consensus50|pass_single_dominant                    19.76%    passed     22.66%
 595  JERC-20-1-No|nifH|consensus50|pass_mixed_possible_multitemplate        19.76%    passed     55.86%
 596  JERC-20-1-Rh|nifH|consensus50|pass_mixed_possible_multitemplate        21.97%    passed     79.51%
 597  JERC-20-1-Ro|nifH|consensus50|pass_mixed_possible_multitemplate        22.87%    passed     92.69%
 598  JERC-202-1-No|nifH|consensus50|pass_mixed_possible_multitemplate       21.77%    passed     76.16%
 599  JERC-202-1-Ro|nifH|consensus50|pass_mixed_possible_multitemplate       19.96%    passed     78.84%
 600  JERC-203-1-No|nifH|consensus50|pass_single_dominant                    17.65%    passed     33.11%
 601  JERC-203-1-Rh|nifH|consensus50|pass_single_dominant                    18.36%    passed     65.23%
 602  JERC-204-1-No|nifH|consensus50|pass_single_dominant                    16.85%    passed     95.10%
 603  JERC-204-1-Rh|nifH|consensus50|pass_mixed_possible_multitemplate       19.76%    passed     94.96%
 604  JERC-204-1-Ro|nifH|consensus50|pass_mixed_possible_multitemplate       27.38%    passed     66.18%
 605  JERC-2-1-No|nifH|consensus50|pass_single_dominant                      17.95%    passed      9.55%
 606  JERC-2-1-Rh|nifH|consensus50|pass_mixed_possible_multitemplate         26.28%    passed     55.82%
 607  JERC-23-1-Rh|nifH|consensus50|pass_mixed_possible_multitemplate        18.25%    passed     98.19%
 608  JERC-23-1-Ro|nifH|consensus50|pass_single_dominant                     19.36%    passed     99.68%
 609  JERC-25-1-No|nifH|consensus50|pass_mixed_possible_multitemplate        19.66%    passed     35.73%
 610  JERC-25-1-Rh|nifH|consensus50|pass_mixed_possible_multitemplate        18.66%    passed     66.09%
 611  JERC-25-1-Ro|nifH|consensus50|pass_mixed_possible_multitemplate        22.17%    passed     74.87%
 612  JERC-26-5-No|nifH|consensus50|pass_mixed_possible_multitemplate        23.87%    passed     90.12%
 613  JERC-27-2-No|nifH|consensus50|pass_mixed_possible_multitemplate        18.66%    passed     91.32%
 614  JERC-28-4-Rh|nifH|consensus50|pass_mixed_possible_multitemplate        19.26%    passed     78.56%
 615  JERC-28-4-Ro|nifH|consensus50|pass_mixed_possible_multitemplate        24.67%    passed     96.42%
 616  JERC-30-3-No|nifH|consensus50|pass_mixed_possible_multitemplate        20.76%    passed     24.10%
 617  JERC-30-3-Rh|nifH|consensus50|pass_mixed_possible_multitemplate        20.46%    passed     98.48%
 618  JERC-3-1-No|nifH|consensus50|pass_mixed_possible_multitemplate         18.56%    failed      2.45%
 619  JERC-3-1-Rh|nifH|consensus50|pass_mixed_possible_multitemplate         24.67%    passed     95.09%
 620  JERC-3-1-Ro|nifH|consensus50|pass_mixed_possible_multitemplate         22.37%    passed     56.95%
 621  JERC-34-4-No|nifH|consensus50|pass_single_dominant                     17.25%    passed     76.13%
 622  JERC-35-1-Ro|nifH|consensus50|pass_mixed_possible_multitemplate        23.07%    passed     89.03%
 623  JERC-36-1-No|nifH|consensus50|pass_mixed_possible_multitemplate        23.17%    passed     99.56%
 624  JERC-36-1-Ro|nifH|consensus50|pass_mixed_possible_multitemplate        25.68%    passed     92.07%
 625  JERC-37-2-No|nifH|consensus50|pass_single_dominant                     16.85%    passed     51.74%
 626  JERC-37-2-Ro|nifH|consensus50|pass_single_dominant                     18.36%    passed     42.61%
 627  JERC-38-2-No|nifH|consensus50|pass_mixed_possible_multitemplate        19.26%    passed     51.24%
 628  JERC-39-5-No|nifH|consensus50|pass_single_dominant                     19.86%    passed     55.20%
 629  JERC-41-2-Rh|nifH|consensus50|pass_mixed_possible_multitemplate        20.96%    passed     82.70%
 630  JERC-4-1-No|nifH|consensus50|pass_single_dominant                      18.25%    failed      3.81%
 631  JERC-4-1-Rh|nifH|consensus50|pass_mixed_possible_multitemplate         21.26%    passed     87.70%
 632  JERC-42-1-No|nifH|consensus50|pass_mixed_possible_multitemplate        20.16%    passed     61.92%
 633  JERC-42-1-Rh|nifH|consensus50|pass_mixed_possible_multitemplate        20.46%    passed     93.86%
 634  JERC-43-1-No|nifH|consensus50|pass_single_dominant                     17.95%    passed     13.86%
 635  JERC-44-2-No|nifH|consensus50|pass_mixed_possible_multitemplate        26.88%    passed     98.67%
 636  JERC-45-5-No|nifH|consensus50|pass_single_dominant                     21.06%    passed     30.90%
 637  JERC-45-5-Ro|nifH|consensus50|pass_mixed_possible_multitemplate        22.37%    passed     92.41%
 638  JERC-46-1-Rh|nifH|consensus50|pass_mixed_possible_multitemplate        20.36%    passed     84.29%
 639  JERC-46-1-Ro|nifH|consensus50|pass_mixed_possible_multitemplate        22.07%    passed     94.72%
 640  JERC-47-2-Rh|nifH|consensus50|pass_mixed_possible_multitemplate        20.36%    passed     87.64%
 641  JERC-47-2-Ro|nifH|consensus50|pass_mixed_possible_multitemplate        19.06%    passed     82.91%
 642  JERC-48-3-No|nifH|consensus50|pass_single_dominant                     17.15%    passed     18.03%
 643  JERC-48-3-Rh|nifH|consensus50|pass_mixed_possible_multitemplate        19.06%    passed     82.08%
 644  JERC-48-3-Ro|nifH|consensus50|pass_mixed_possible_multitemplate        18.66%    passed     84.04%
 645  JERC-49-2-Rh|nifH|consensus50|pass_mixed_possible_multitemplate        18.56%    passed     69.86%
 646  JERC-49-2-Ro|nifH|consensus50|pass_single_dominant                     18.96%    passed     33.20%
 647  JERC-50-5-No|nifH|consensus50|pass_single_dominant                     16.45%    passed     23.81%
 648  JERC-50-5-Rh|nifH|consensus50|pass_mixed_possible_multitemplate        18.05%    passed     94.35%
 649  JERC-50-5-Ro|nifH|consensus50|pass_mixed_possible_multitemplate        20.16%    passed     89.39%
 650  JERC-51-1-No|nifH|consensus50|pass_mixed_possible_multitemplate        25.58%    passed     93.48%
 651  JERC-51-1-Rh|nifH|consensus50|pass_mixed_possible_multitemplate        19.76%    passed     78.48%
 652  JERC-51-1-Ro|nifH|consensus50|pass_mixed_possible_multitemplate        24.67%    passed     94.52%
 653  JERC-53-5-No|nifH|consensus50|pass_mixed_possible_multitemplate        19.06%    passed     59.04%
 654  JERC-53-5-Rh|nifH|consensus50|pass_mixed_possible_multitemplate        19.46%    passed     99.85%
 655  JERC-5-3-No|nifH|consensus50|pass_mixed_possible_multitemplate         21.87%    passed      5.08%
 656  JERC-5-3-Rh|nifH|consensus50|pass_mixed_possible_multitemplate         20.66%    passed     92.62%
 657  JERC-5-3-Ro|nifH|consensus50|pass_mixed_possible_multitemplate         23.77%    passed     91.05%
 658  JERC-54-2-Rh|nifH|consensus50|pass_mixed_possible_multitemplate        19.76%    passed     94.58%
 659  JERC-54-2-Ro|nifH|consensus50|pass_mixed_possible_multitemplate        18.86%    passed     83.93%
 660  JERC-6-3-No|nifH|consensus50|pass_single_dominant                      19.36%    passed     11.79%
 661  JERC-6-3-Rh|nifH|consensus50|pass_mixed_possible_multitemplate         23.27%    passed     75.52%
 662  JERC-7-2-Rh|nifH|consensus50|pass_mixed_possible_multitemplate         18.56%    passed     72.55%
 663  JERC-7-2-Ro|nifH|consensus50|pass_mixed_possible_multitemplate         19.96%    passed     92.26%
 664  JERC-8-2-No|nifH|consensus50|pass_single_dominant                      19.76%    passed     83.42%
 665  JERC-8-2-Rh|nifH|consensus50|pass_mixed_possible_multitemplate         20.96%    passed     89.05%
 666  JERC-84-3-No|nifH|consensus50|pass_mixed_possible_multitemplate        20.26%    passed     25.00%
 667  JERC-87-1-No|nifH|consensus50|pass_mixed_possible_multitemplate        18.05%    passed     28.84%
 668  JERC-87-1-Rh|nifH|consensus50|pass_mixed_possible_multitemplate        21.16%    passed     95.65%
 669  JERC-87-1-Ro|nifH|consensus50|pass_mixed_possible_multitemplate        21.36%    passed     97.85%
 670  JERC-88-1-Rh|nifH|consensus50|pass_single_dominant                     17.85%    passed     98.55%
 671  JERC-88-1-Ro|nifH|consensus50|pass_mixed_possible_multitemplate        23.37%    passed     91.90%
 672  JERC-89-1-No|nifH|consensus50|pass_mixed_possible_multitemplate        21.36%    passed     78.72%
 673  JERC-89-1-Ro|nifH|consensus50|pass_single_dominant                     20.96%    passed     75.15%
 674  JERC-90-1-No|nifH|consensus50|pass_mixed_possible_multitemplate        20.16%    passed     69.42%
 675  JERC-90-1-Rh|nifH|consensus50|pass_mixed_possible_multitemplate        22.57%    passed     89.99%
 676  JERC-90-1-Ro|nifH|consensus50|pass_mixed_possible_multitemplate        23.87%    passed     92.87%
 677  JERC-91-1-Rh|nifH|consensus50|pass_single_dominant                     19.76%    passed     75.48%
 678  JERC-92-4-Rh|nifH|consensus50|pass_mixed_possible_multitemplate        20.66%    passed     87.93%
 679  JERC-93-1-No|nifH|consensus50|pass_mixed_possible_multitemplate        20.26%    passed      8.43%
 680  JERC-93-1-Rh|nifH|consensus50|pass_mixed_possible_multitemplate        19.86%    passed     96.04%
 681  JERC-93-1-Ro|nifH|consensus50|pass_mixed_possible_multitemplate        19.46%    passed     85.35%
 682  JERC-94-1-No|nifH|consensus50|pass_single_dominant                     16.55%    passed     87.92%
 683  JERC-94-1-Rh|nifH|consensus50|pass_mixed_possible_multitemplate        22.57%    passed     96.87%
 684  JERC-94-1-Ro|nifH|consensus50|pass_mixed_possible_multitemplate        27.48%    passed     94.26%
 685  JERC-96-2-No|nifH|consensus50|pass_single_dominant                     17.65%    passed     21.39%
 686  JERC-98-1-No|nifH|consensus50|pass_mixed_possible_multitemplate        23.37%    passed     82.54%
 687  JERC-98-1-Rh|nifH|consensus50|pass_single_dominant                     19.46%    passed     81.00%
 688  JERC-98-1-Ro|nifH|consensus50|pass_mixed_possible_multitemplate        19.16%    passed     90.43%
 689  JERC-98-2-No|nifH|consensus50|pass_mixed_possible_multitemplate        20.06%    passed     36.63%
 690  JERC-98-2-Rh|nifH|consensus50|pass_mixed_possible_multitemplate        18.56%    passed     79.48%
 691  JERC-98-3-No|nifH|consensus50|pass_single_dominant                     17.15%    passed     36.11%
 692  JERC-98-3-Ro|nifH|consensus50|pass_mixed_possible_multitemplate        22.67%    passed     98.99%
 693  JERC-98-4-No|nifH|consensus50|pass_mixed_possible_multitemplate        19.16%    passed     52.21%
 694  JERC-98-4-Ro|nifH|consensus50|pass_mixed_possible_multitemplate        21.46%    passed     87.46%
 695  JERC-99-1-Rh|nifH|consensus50|pass_single_dominant                     19.06%    passed     87.67%
 696  JERC-99-1-Ro|nifH|consensus50|pass_single_dominant                     19.26%    passed     80.59%
 697  JERC-99-2-No|nifH|consensus50|pass_mixed_possible_multitemplate        18.36%    passed     24.97%
 698  JERC-99-2-Ro|nifH|consensus50|pass_mixed_possible_multitemplate        21.16%    passed     93.54%
 699  JERC-99-3-No|nifH|consensus50|pass_single_dominant                     18.25%    passed     33.91%
 700  JERC-99-4-No|nifH|consensus50|pass_mixed_possible_multitemplate        17.75%    passed     10.66%
 701  JERC-99-4-Rh|nifH|consensus50|pass_mixed_possible_multitemplate        18.96%    passed     89.09%
 702  JERC-AMFR-56-1-No|nifH|consensus50|pass_single_dominant                16.35%    passed     88.62%
 703  JERC-AMFR-56-1-Rh|nifH|consensus50|pass_mixed_possible_multitemplate   21.97%    passed     89.20%
 704  JERC-AMFR-56-1-Ro|nifH|consensus50|pass_mixed_possible_multitemplate   23.07%    passed     93.82%
 705  JERC-AMFU-71-1-No|nifH|consensus50|pass_single_dominant                17.15%    passed     84.50%
 706  JERC-AMFU-71-1-Rh|nifH|consensus50|pass_mixed_possible_multitemplate   17.75%    passed     80.81%
 707  JERC-AMFU-71-1-Ro|nifH|consensus50|pass_mixed_possible_multitemplate   20.16%    passed     93.90%
 708  JERC-CERE-67-1-No|nifH|consensus50|pass_mixed_possible_multitemplate   18.25%    passed     25.47%
 709  JERC-CEVI-57-2-No|nifH|consensus50|pass_single_dominant                17.75%    passed     36.20%
 710  JERC-CEVI-57-2-Rh|nifH|consensus50|pass_mixed_possible_multitemplate   24.27%    passed     93.40%
 711  JERC-CEVI-57-2-Ro|nifH|consensus50|pass_mixed_possible_multitemplate   21.87%    passed     91.60%
 712  JERC-CHNI-60-3-No|nifH|consensus50|pass_single_dominant                18.86%    passed     20.59%
 713  JERC-CHNI-60-3-Rh|nifH|consensus50|pass_mixed_possible_multitemplate   18.76%    passed     99.66%
 714  JERC-CHNI-86-4-Rh|nifH|consensus50|pass_mixed_possible_multitemplate   18.05%    passed     80.77%
 715  JERC-CLMA-62-5-Rh|nifH|consensus50|pass_mixed_possible_multitemplate   20.46%    passed     96.75%
 716  JERC-CLMA-73-2-No|nifH|consensus50|pass_mixed_possible_multitemplate   20.76%    passed     40.15%
 717  JERC-CLMA-73-2-Rh|nifH|consensus50|pass_single_dominant                20.36%    passed     92.09%
 718  JERC-CLMA-73-2-Ro|nifH|consensus50|pass_single_dominant                18.15%    passed     87.88%
 719  JERC-CLMA-83-1-Rh|nifH|consensus50|pass_mixed_possible_multitemplate   20.76%    passed     87.71%
 720  JERC-CRJU-86-1-No|nifH|consensus50|pass_single_dominant                17.65%    passed     37.72%
 721  JERC-CRJU-86-1-Ro|nifH|consensus50|pass_single_dominant                19.66%    passed     99.63%
 722  JERC-CRRO-64-1-No|nifH|consensus50|pass_mixed_possible_multitemplate   21.77%    passed     90.34%
 723  JERC-CRRO-70-1-No|nifH|consensus50|pass_mixed_possible_multitemplate   20.76%    passed     85.14%
 724  JERC-CRRO-70-1-Ro|nifH|consensus50|pass_mixed_possible_multitemplate   20.56%    passed     93.92%
 725  JERC-DEFL-31-5-No|nifH|consensus50|pass_single_dominant                18.76%    passed     17.60%
 726  JERC-DEFL-31-5-Rh|nifH|consensus50|pass_mixed_possible_multitemplate   19.26%    passed     84.18%
 727  JERC-DEFL-31-5-Ro|nifH|consensus50|pass_mixed_possible_multitemplate   21.16%    passed     82.54%
 728  JERC-DEFL-61-3-No|nifH|consensus50|pass_mixed_possible_multitemplate   18.36%    passed     26.13%
 729  JERC-DEFL-61-3-Rh|nifH|consensus50|pass_mixed_possible_multitemplate   23.97%    passed     73.30%
 730  JERC-DEFL-75-2-No|nifH|consensus50|pass_mixed_possible_multitemplate   20.26%    passed     27.29%
 731  JERC-DEFL-75-2-Ro|nifH|consensus50|pass_mixed_possible_multitemplate   17.75%    passed     78.90%
 732  JERC-DEFL-75-3-No|nifH|consensus50|pass_single_dominant                20.06%    passed     24.65%
 733  JERC-DEFL-75-3-Rh|nifH|consensus50|pass_mixed_possible_multitemplate   21.06%    passed     68.17%
 734  JERC-DEFL-75-3-Ro|nifH|consensus50|pass_mixed_possible_multitemplate   21.26%    passed     82.55%
 735  JERC-DESM-74-1-Ro|nifH|consensus50|pass_mixed_possible_multitemplate   19.06%    passed     96.89%
 736  JERC-DEST-32-1-No|nifH|consensus50|pass_mixed_possible_multitemplate   19.76%    passed     24.91%
 737  JERC-DEST-32-1-Rh|nifH|consensus50|pass_mixed_possible_multitemplate   17.75%    passed     94.01%
 738  JERC-DEST-32-1-Ro|nifH|consensus50|pass_mixed_possible_multitemplate   19.46%    passed     84.31%
 739  JERC-DEST-65-5-No|nifH|consensus50|pass_mixed_possible_multitemplate   24.07%    passed     94.78%
 740  JERC-DEST-68-4-No|nifH|consensus50|pass_mixed_possible_multitemplate   18.36%    passed     18.58%
 741  JERC-DEST-68-4-Ro|nifH|consensus50|pass_mixed_possible_multitemplate   20.36%    passed     92.31%
 742  JERC-GAVO-33-1-No|nifH|consensus50|pass_mixed_possible_multitemplate   18.66%    passed     66.17%
 743  JERC-GAVO-33-1-Rh|nifH|consensus50|pass_mixed_possible_multitemplate   18.15%    passed     70.63%
 744  JERC-LEHI-82-3-Ro|nifH|consensus50|pass_mixed_possible_multitemplate   20.86%    passed     42.38%
 745  JERC-LEST-78-5-Ro|nifH|consensus50|pass_mixed_possible_multitemplate   19.06%    passed     83.76%
 746  JERC-RHDI-59-3-No|nifH|consensus50|pass_single_dominant                19.16%    passed     23.59%
 747  JERC-RHDI-59-3-Rh|nifH|consensus50|pass_mixed_possible_multitemplate   26.78%    passed     79.88%
 748  JERC-RHDI-59-3-Ro|nifH|consensus50|pass_mixed_possible_multitemplate   20.46%    passed     95.39%
 749  JERC-RHRE-55-1-No|nifH|consensus50|pass_mixed_possible_multitemplate   19.56%    passed     19.59%
 750  JERC-RHRE-55-1-Rh|nifH|consensus50|pass_mixed_possible_multitemplate   25.98%    passed     81.92%
 751  JERC-RHRE-55-1-Ro|nifH|consensus50|pass_mixed_possible_multitemplate   23.97%    passed     88.37%
 752  JERC-RHTO-58-1-No|nifH|consensus50|pass_mixed_possible_multitemplate   18.86%    passed     11.72%
 753  JERC-RHTO-58-1-Rh|nifH|consensus50|pass_mixed_possible_multitemplate   20.16%    passed     88.85%
 754  JERC-RHTO-58-1-Ro|nifH|consensus50|pass_mixed_possible_multitemplate   23.27%    passed     93.99%
 755  JERC-STBI-63-1-Rh|nifH|consensus50|pass_mixed_possible_multitemplate   17.65%    passed     73.67%
 756  JERC-STBI-72-3-Ro|nifH|consensus50|pass_mixed_possible_multitemplate   20.26%    passed     85.05%
 757  JERC-TECW-66-3-No|nifH|consensus50|pass_mixed_possible_multitemplate   17.65%    passed     68.61%
 758  JORN-1-No|nifH|consensus50|pass_single_dominant                        16.75%    passed     75.36%
 759  JORN-1-Rh|nifH|consensus50|pass_mixed_possible_multitemplate           20.36%    passed     64.61%
 760  JORN-1-Ro|nifH|consensus50|pass_mixed_possible_multitemplate           21.36%    passed     89.56%
 761  JORN-2-1-No|nifH|consensus50|pass_mixed_possible_multitemplate         25.88%    passed     96.83%
 762  JORN-2-1-Rh|nifH|consensus50|pass_mixed_possible_multitemplate         20.86%    passed     97.98%
 763  JORN-2-1-Ro|nifH|consensus50|pass_mixed_possible_multitemplate         20.76%    passed     88.78%
 764  JORN-3-1-No|nifH|consensus50|pass_mixed_possible_multitemplate         23.07%    passed     68.15%
 765  JORN-3-1-Rh|nifH|consensus50|pass_mixed_possible_multitemplate         24.47%    passed     96.62%
 766  JORN-3-1-Ro|nifH|consensus50|pass_mixed_possible_multitemplate         23.37%    passed     90.94%
 767  JORN-4-1-No|nifH|consensus50|pass_mixed_possible_multitemplate         19.86%    passed     79.65%
 768  JORN-4-1-Rh|nifH|consensus50|pass_mixed_possible_multitemplate         20.56%    passed     86.53%
 769  JORN-4-1-Ro|nifH|consensus50|pass_mixed_possible_multitemplate         24.97%    passed     83.07%
 770  KONA-1-1-No|nifH|consensus50|pass_single_dominant                      17.15%    passed     41.26%
 771  KONA-1-1-Rh|nifH|consensus50|pass_mixed_possible_multitemplate         24.97%    passed     83.07%
 772  KONA-1-1-Ro|nifH|consensus50|pass_mixed_possible_multitemplate         24.97%    passed     83.07%
 773  KONA-2-1-No|nifH|consensus50|pass_mixed_possible_multitemplate         24.97%    passed     83.07%
 774  KONA-2-1-Rh|nifH|consensus50|pass_mixed_possible_multitemplate         24.97%    passed     83.07%
 775  KONA-2-1-Ro|nifH|consensus50|pass_mixed_possible_multitemplate         24.97%    passed     83.07%
 776  KONA-3-1-No|nifH|consensus50|pass_mixed_possible_multitemplate         24.97%    passed     83.07%
 777  KONA-3-1-Rh|nifH|consensus50|pass_mixed_possible_multitemplate         24.97%    passed     83.07%
 778  KONA-3-1-Ro|nifH|consensus50|pass_mixed_possible_multitemplate         22.17%    passed     86.23%
 779  KONZ-10-1-No|nifH|consensus50|pass_mixed_possible_multitemplate        18.76%    passed     27.50%
 780  KONZ-10-1-Rh|nifH|consensus50|pass_mixed_possible_multitemplate        24.77%    passed     90.89%
 781  KONZ-11-1-No|nifH|consensus50|pass_mixed_possible_multitemplate        18.36%    passed     87.18%
 782  KONZ-11-1-Rh|nifH|consensus50|pass_single_dominant                     17.25%    passed     84.68%
 783  KONZ-11-1-Ro|nifH|consensus50|pass_mixed_possible_multitemplate        20.46%    passed     85.87%
 784  KONZ-12-1-No|nifH|consensus50|pass_single_dominant                     16.75%    passed     89.40%
 785  KONZ-12-1-Rh|nifH|consensus50|pass_mixed_possible_multitemplate        17.65%    passed     73.11%
 786  KONZ-12-1-Ro|nifH|consensus50|pass_mixed_possible_multitemplate        20.76%    passed     91.11%
 787  KONZ-13-1-Ro|nifH|consensus50|pass_mixed_possible_multitemplate        25.48%    passed     91.78%
 788  KONZ-14-1-Rh|nifH|consensus50|pass_mixed_possible_multitemplate        19.36%    passed     80.30%
 789  KONZ-14-1-Ro|nifH|consensus50|pass_mixed_possible_multitemplate        24.57%    passed     88.05%
 790  KONZ-15-1-Rh|nifH|consensus50|pass_mixed_possible_multitemplate        17.75%    passed     87.89%
 791  KONZ-15-1-Ro|nifH|consensus50|pass_mixed_possible_multitemplate        22.07%    passed     94.42%
 792  KONZ-16-1-Rh|nifH|consensus50|pass_mixed_possible_multitemplate        17.55%    passed     91.00%
 793  KONZ-1-No|nifH|consensus50|pass_mixed_possible_multitemplate           19.76%    passed     69.65%
 794  KONZ-1-Ro|nifH|consensus50|pass_mixed_possible_multitemplate           23.97%    passed     60.90%
 795  KONZ-2-1-No|nifH|consensus50|pass_single_dominant                      16.95%    passed     71.21%
 796  KONZ-2-1-Rh|nifH|consensus50|pass_mixed_possible_multitemplate         20.36%    passed     93.04%
 797  KONZ-2-1-Ro|nifH|consensus50|pass_mixed_possible_multitemplate         21.77%    passed     93.46%
 798  KONZ-3-1-No|nifH|consensus50|pass_mixed_possible_multitemplate         18.86%    passed     69.58%
 799  KONZ-3-1-Rh|nifH|consensus50|pass_mixed_possible_multitemplate         18.56%    passed     64.35%
 800  KONZ-3-1-Ro|nifH|consensus50|pass_mixed_possible_multitemplate         20.36%    passed     81.42%
 801  KONZ-4-1-No|nifH|consensus50|pass_mixed_possible_multitemplate         21.06%    passed     43.82%
 802  KONZ-4-1-Rh|nifH|consensus50|pass_mixed_possible_multitemplate         23.57%    passed     93.42%
 803  KONZ-4-1-Ro|nifH|consensus50|pass_mixed_possible_multitemplate         17.85%    passed     79.95%
 804  KONZ-5-1-No|nifH|consensus50|pass_mixed_possible_multitemplate         18.86%    passed     95.10%
 805  KONZ-5-1-Rh|nifH|consensus50|pass_mixed_possible_multitemplate         21.16%    passed     99.65%
 806  KONZ-5-1-Ro|nifH|consensus50|pass_mixed_possible_multitemplate         18.66%    passed     93.79%
 807  KONZ-6-1-No|nifH|consensus50|pass_single_dominant                      16.55%    passed     89.59%
 808  KONZ-6-1-Rh|nifH|consensus50|pass_single_dominant                      16.95%    passed     80.45%
 809  KONZ-6-1-Ro|nifH|consensus50|pass_mixed_possible_multitemplate         19.66%    passed     87.86%
 810  KONZ-7-1-No|nifH|consensus50|pass_mixed_possible_multitemplate         18.15%    passed     76.09%
 811  KONZ-7-1-Rh|nifH|consensus50|pass_mixed_possible_multitemplate         18.86%    passed     78.39%
 812  KONZ-7-1-Ro|nifH|consensus50|pass_mixed_possible_multitemplate         24.57%    passed     92.12%
 813  KONZ-8-1-No|nifH|consensus50|pass_mixed_possible_multitemplate         17.65%    passed     52.59%
 814  KONZ-8-1-Rh|nifH|consensus50|pass_mixed_possible_multitemplate         18.05%    passed     93.93%
 815  KONZ-8-1-Ro|nifH|consensus50|pass_mixed_possible_multitemplate         25.38%    passed     94.14%
 816  KONZ-9-2-No|nifH|consensus50|pass_single_dominant                      17.05%    passed     84.25%
 817  KONZ-9-2-Ro|nifH|consensus50|pass_mixed_possible_multitemplate         25.48%    passed     94.02%
 818  LAJA-11-3-No|nifH|consensus50|pass_mixed_possible_multitemplate        22.77%    passed     43.15%
 819  LAJA-11-3-Rh|nifH|consensus50|pass_mixed_possible_multitemplate        25.38%    passed     96.32%
 820  LAJA-1-1-No|nifH|consensus50|pass_single_dominant                      16.05%    passed     88.32%
 821  LAJA-1-1-Rh|nifH|consensus50|pass_mixed_possible_multitemplate         21.06%    passed     99.85%
 822  LAJA-12-1-Ro|nifH|consensus50|pass_mixed_possible_multitemplate        23.97%    passed     97.82%
 823  LAJA-1-2-Rh|nifH|consensus50|pass_mixed_possible_multitemplate         23.87%    passed     88.41%
 824  LAJA-13-3-Rh|nifH|consensus50|pass_mixed_possible_multitemplate        25.38%    passed     98.86%
 825  LAJA-13-3-Ro|nifH|consensus50|pass_mixed_possible_multitemplate        20.26%    passed     99.37%
 826  LAJA-1-3-Rh|nifH|consensus50|pass_mixed_possible_multitemplate         16.65%    passed     90.22%
 827  LAJA-1-3-Ro|nifH|consensus50|pass_mixed_possible_multitemplate         21.06%    passed     62.16%
 828  LAJA-14-1-No|nifH|consensus50|pass_mixed_possible_multitemplate        22.07%    passed     99.20%
 829  LAJA-14-1-Rh|nifH|consensus50|pass_mixed_possible_multitemplate        26.68%    passed     64.37%
 830  LAJA-14-1-Ro|nifH|consensus50|pass_mixed_possible_multitemplate        24.07%    passed     97.59%
 831  LAJA-15-1-No|nifH|consensus50|pass_single_dominant                     17.95%    passed     31.43%
 832  LAJA-15-1-Ro|nifH|consensus50|pass_mixed_possible_multitemplate        24.77%    passed     99.25%
 833  LAJA-16-2-No|nifH|consensus50|pass_mixed_possible_multitemplate        21.87%    passed     96.90%
 834  LAJA-16-2-Rh|nifH|consensus50|pass_single_dominant                     18.86%    passed     93.29%
 835  LAJA-16-2-Ro|nifH|consensus50|pass_mixed_possible_multitemplate        26.18%    passed     98.59%
 836  LAJA-17-1-No|nifH|consensus50|pass_mixed_possible_multitemplate        19.06%    passed     48.27%
 837  LAJA-17-1-Rh|nifH|consensus50|pass_mixed_possible_multitemplate        25.18%    passed     82.83%
 838  LAJA-17-1-Ro|nifH|consensus50|pass_mixed_possible_multitemplate        26.38%    passed     81.46%
 839  LAJA-18-1-No|nifH|consensus50|pass_mixed_possible_multitemplate        21.66%    passed     82.76%
 840  LAJA-19-2-Rh|nifH|consensus50|pass_mixed_possible_multitemplate        25.68%    passed     93.32%
 841  LAJA-20-1-No|nifH|consensus50|pass_mixed_possible_multitemplate        22.87%    passed     51.79%
 842  LAJA-20-1-Rh|nifH|consensus50|pass_mixed_possible_multitemplate        27.88%    passed     73.72%
 843  LAJA-20-1-Ro|nifH|consensus50|pass_mixed_possible_multitemplate        30.09%    passed     99.66%
 844  LAJA-21-1-No|nifH|consensus50|pass_mixed_possible_multitemplate        21.26%    passed     36.46%
 845  LAJA-21-1-Ro|nifH|consensus50|pass_mixed_possible_multitemplate        19.46%    passed     97.88%
 846  LAJA-2-1-No|nifH|consensus50|pass_mixed_possible_multitemplate         20.86%    passed     57.96%
 847  LAJA-2-1-Rh|nifH|consensus50|pass_mixed_possible_multitemplate         21.87%    passed     97.63%
 848  LAJA-2-1-Ro|nifH|consensus50|pass_single_dominant                      18.96%    passed     58.31%
 849  LAJA-22-2-No|nifH|consensus50|pass_single_dominant                     17.85%    passed     98.30%
 850  LAJA-22-2-Rh|nifH|consensus50|pass_mixed_possible_multitemplate        24.77%    passed     99.51%
 851  LAJA-2-2-No|nifH|consensus50|pass_mixed_possible_multitemplate         18.36%    passed     39.94%
 852  LAJA-2-2-Rh|nifH|consensus50|pass_mixed_possible_multitemplate         24.27%    passed     89.70%
 853  LAJA-2-2-Ro|nifH|consensus50|pass_mixed_possible_multitemplate         16.65%    passed     93.22%
 854  LAJA-23-1-No|nifH|consensus50|pass_mixed_possible_multitemplate        22.37%    passed     95.75%
 855  LAJA-23-1-Rh|nifH|consensus50|pass_mixed_possible_multitemplate        22.37%    passed     99.90%
 856  LAJA-23-1-Ro|nifH|consensus50|pass_mixed_possible_multitemplate        23.67%    passed     93.28%
 857  LAJA-2-3-No|nifH|consensus50|pass_mixed_possible_multitemplate         16.55%    passed     46.60%
 858  LAJA-2-3-Rh|nifH|consensus50|pass_mixed_possible_multitemplate         19.26%    passed     84.50%
 859  LAJA-25-1-No|nifH|consensus50|pass_mixed_possible_multitemplate        22.67%    passed     45.15%
 860  LAJA-25-1-Rh|nifH|consensus50|pass_mixed_possible_multitemplate        22.37%    passed     98.42%
 861  LAJA-26-1-No|nifH|consensus50|pass_mixed_possible_multitemplate        20.16%    passed     92.31%
 862  LAJA-26-1-Ro|nifH|consensus50|pass_mixed_possible_multitemplate        23.07%    passed     95.92%
 863  LAJA-3-1-No|nifH|consensus50|pass_single_dominant                      16.85%    passed     90.64%
 864  LAJA-3-1-Rh|nifH|consensus50|pass_mixed_possible_multitemplate         24.97%    passed     99.02%
 865  LAJA-3-1-Ro|nifH|consensus50|pass_mixed_possible_multitemplate         25.08%    passed     95.74%
 866  LAJA-3-2-No|nifH|consensus50|pass_mixed_possible_multitemplate         20.06%    passed     76.06%
 867  LAJA-3-2-Rh|nifH|consensus50|pass_mixed_possible_multitemplate         17.65%    passed     91.36%
 868  LAJA-3-2-Ro|nifH|consensus50|pass_mixed_possible_multitemplate         24.17%    passed     99.75%
 869  LAJA-3-3-No|nifH|consensus50|pass_mixed_possible_multitemplate         17.95%    passed     82.03%
 870  LAJA-3-3-Rh|nifH|consensus50|pass_mixed_possible_multitemplate         19.86%    passed     99.97%
 871  LAJA-4-1-No|nifH|consensus50|pass_mixed_possible_multitemplate         22.07%    passed     88.63%
 872  LAJA-4-1-Rh|nifH|consensus50|pass_single_dominant                      19.66%    passed     97.22%
 873  LAJA-5-1-No|nifH|consensus50|pass_mixed_possible_multitemplate         19.76%    passed     86.00%
 874  LAJA-5-1-Rh|nifH|consensus50|pass_mixed_possible_multitemplate         25.58%    passed     94.17%
 875  LAJA-5-1-Ro|nifH|consensus50|pass_mixed_possible_multitemplate         25.18%    passed     98.10%
 876  LAJA-6-1-No|nifH|consensus50|pass_mixed_possible_multitemplate         19.46%    passed     95.26%
 877  LAJA-6-1-Rh|nifH|consensus50|pass_single_dominant                      16.35%    passed     85.58%
 878  LAJA-6-1-Ro|nifH|consensus50|pass_mixed_possible_multitemplate         20.06%    passed     81.19%
 879  LAJA-7-1-No|nifH|consensus50|pass_mixed_possible_multitemplate         21.26%    passed     97.55%
 880  LAJA-7-1-Rh|nifH|consensus50|pass_mixed_possible_multitemplate         23.17%    passed     99.78%
 881  LAJA-7-1-Ro|nifH|consensus50|pass_mixed_possible_multitemplate         22.67%    passed     76.62%
 882  LAJA-9-1-Rh|nifH|consensus50|pass_mixed_possible_multitemplate         23.87%    passed     55.60%
 883  LAJA-9-1-Ro|nifH|consensus50|pass_mixed_possible_multitemplate         23.27%    passed     73.80%
 884  LENO-10-2-No|nifH|consensus50|pass_single_dominant                     17.25%    passed     68.37%
 885  LENO-10-2-Ro|nifH|consensus50|pass_single_dominant                     16.65%    passed     87.87%
 886  LENO-1-1-No|nifH|consensus50|pass_single_dominant                      20.66%    passed     76.38%
 887  LENO-1-1-Rh|nifH|consensus50|pass_single_dominant                      19.16%    passed     91.13%
 888  LENO-12-3-No|nifH|consensus50|pass_mixed_possible_multitemplate        18.05%    passed     91.94%
 889  LENO-13-2-No|nifH|consensus50|pass_single_dominant                     17.75%    passed     74.28%
 890  LENO-13-2-Rh|nifH|consensus50|pass_mixed_possible_multitemplate        20.36%    passed     97.79%
 891  LENO-13-2-Ro|nifH|consensus50|pass_mixed_possible_multitemplate        24.87%    passed     99.15%
 892  LENO-14-3-No|nifH|consensus50|pass_mixed_possible_multitemplate        18.66%    passed     64.79%
 893  LENO-14-3-Ro|nifH|consensus50|pass_mixed_possible_multitemplate        22.37%    passed     83.45%
 894  LENO-15-2-No|nifH|consensus50|pass_mixed_possible_multitemplate        23.27%    passed     67.27%
 895  LENO-15-2-Rh|nifH|consensus50|pass_mixed_possible_multitemplate        25.08%    passed     95.36%
 896  LENO-16-2-No|nifH|consensus50|pass_mixed_possible_multitemplate        20.86%    passed     82.44%
 897  LENO-16-2-Rh|nifH|consensus50|pass_mixed_possible_multitemplate        19.96%    passed     95.05%
 898  LENO-2-1-Ro|nifH|consensus50|pass_single_dominant                      19.36%    passed     90.78%
 899  LENO-3-2-No|nifH|consensus50|pass_mixed_possible_multitemplate         17.75%    passed     38.50%
 900  LENO-3-2-Rh|nifH|consensus50|pass_mixed_possible_multitemplate         24.67%    passed     99.91%
 901  LENO-3-2-Ro|nifH|consensus50|pass_mixed_possible_multitemplate         20.16%    passed     92.84%
 902  LENO-4-3-No|nifH|consensus50|pass_single_dominant                      20.06%    passed     48.05%
 903  LENO-5-2-No|nifH|consensus50|pass_single_dominant                      17.45%    passed     87.92%
 904  LENO-5-2-Rh|nifH|consensus50|pass_mixed_possible_multitemplate         24.17%    passed     97.20%
 905  LENO-5-2-Ro|nifH|consensus50|pass_mixed_possible_multitemplate         23.17%    passed     91.55%
 906  LENO-6-1-No|nifH|consensus50|pass_single_dominant                      16.85%    passed     26.32%
 907  LENO-6-1-Rh|nifH|consensus50|pass_mixed_possible_multitemplate         22.37%    passed     89.87%
 908  LENO-6-1-Ro|nifH|consensus50|pass_mixed_possible_multitemplate         21.06%    passed     97.00%
 909  LENO-7-2-No|nifH|consensus50|pass_single_dominant                      16.15%    passed     96.36%
 910  LENO-7-2-Rh|nifH|consensus50|pass_mixed_possible_multitemplate         22.17%    passed     95.43%
 911  LENO-7-2-Ro|nifH|consensus50|pass_mixed_possible_multitemplate         21.77%    passed     92.91%
 912  LENO-8-3-No|nifH|consensus50|pass_single_dominant                      19.86%    passed     41.27%
 913  LENO-9-2-No|nifH|consensus50|pass_single_dominant                      16.55%    passed     91.85%
 914  LENO-9-2-Rh|nifH|consensus50|pass_single_dominant                      16.95%    passed     91.52%
 915  LENO-9-2-Ro|nifH|consensus50|pass_mixed_possible_multitemplate         19.06%    passed     88.89%
 916  MLBS-1-1-No|nifH|consensus50|pass_single_dominant                      18.36%    passed     89.52%
 917  MLBS-1-1-Ro|nifH|consensus50|pass_mixed_possible_multitemplate         26.08%    passed     87.65%
 918  MLBS-2-1-No|nifH|consensus50|pass_mixed_possible_multitemplate         20.96%    passed     93.17%
 919  MLBS-2-1-Ro|nifH|consensus50|pass_mixed_possible_multitemplate         20.76%    passed     91.63%
 920  N13-2-D-No|nifH|consensus50|pass_mixed_possible_multitemplate          21.06%    passed     13.43%
 921  N35-4-D-No|nifH|consensus50|pass_single_dominant                       15.25%    passed     30.22%
 922  N35-4-D-Ro|nifH|consensus50|pass_single_dominant                       19.16%    passed     39.47%
 923  N36-4-D-No|nifH|consensus50|pass_mixed_possible_multitemplate          16.15%    passed     60.75%
 924  N36-4-D-Rh|nifH|consensus50|pass_mixed_possible_multitemplate          18.96%    passed     42.75%
 925  N36-4-D-Ro|nifH|consensus50|pass_mixed_possible_multitemplate          20.36%    passed     79.67%
 926  N38-2-D-No|nifH|consensus50|pass_single_dominant                       21.16%    passed     82.54%
 927  N38-2-D-Rh|nifH|consensus50|pass_single_dominant                       18.76%    passed     96.90%
 928  N38-2-D-Ro|nifH|consensus50|pass_single_dominant                       17.75%    passed     67.65%
 929  N39-2-D-No|nifH|consensus50|pass_single_dominant                       20.46%    passed     92.32%
 930  N39-2-D-Rh|nifH|consensus50|pass_mixed_possible_multitemplate          22.17%    passed     86.37%
 931  N39-2-D-Ro|nifH|consensus50|pass_mixed_possible_multitemplate          22.97%    passed     97.01%
 932  N49-3-D-Ro|nifH|consensus50|pass_mixed_possible_multitemplate          22.77%    passed     67.14%
 933  NIWO-1-No|nifH|consensus50|pass_single_dominant                        18.56%    passed     37.89%
 934  NIWO-1-Rh|nifH|consensus50|pass_mixed_possible_multitemplate           24.37%    passed     59.28%
 935  NIWO-1-Ro|nifH|consensus50|pass_mixed_possible_multitemplate           20.16%    passed     91.56%
 936  NIWO-2-No|nifH|consensus50|pass_mixed_possible_multitemplate           25.18%    passed     86.12%
 937  NOGP-1-1-No|nifH|consensus50|pass_single_dominant                      17.75%    passed     30.89%
 938  NOGP-1-1-Rh|nifH|consensus50|pass_mixed_possible_multitemplate         19.76%    passed     90.83%
 939  NOGP-1-1-Ro|nifH|consensus50|pass_mixed_possible_multitemplate         29.59%    passed     95.52%
 940  NOGP-2-1-No|nifH|consensus50|pass_single_dominant                      17.05%    passed     36.49%
 941  NOGP-2-1-Rh|nifH|consensus50|pass_mixed_possible_multitemplate         22.47%    passed     90.14%
 942  NOGP-2-1-Ro|nifH|consensus50|pass_single_dominant                      18.66%    passed     15.79%
 943  NOGP-3-2-No|nifH|consensus50|pass_single_dominant                      17.45%    passed     25.44%
 944  NOGP-3-2-Rh|nifH|consensus50|pass_mixed_possible_multitemplate         22.87%    passed     82.12%
 945  NOGP-3-2-Ro|nifH|consensus50|pass_single_dominant                      16.75%    passed     31.60%
 946  NOGP-4-1-No|nifH|consensus50|pass_mixed_possible_multitemplate         25.88%    passed     79.08%
 947  NOGP-4-1-Rh|nifH|consensus50|pass_mixed_possible_multitemplate         20.16%    passed     97.78%
 948  NOGP-4-1-Ro|nifH|consensus50|pass_single_dominant                      18.86%    passed     21.07%
 949  NOGP-5-2-No|nifH|consensus50|pass_mixed_possible_multitemplate         18.15%    passed     32.08%
 950  NOGP-5-2-Rh|nifH|consensus50|pass_mixed_possible_multitemplate         25.48%    passed     76.77%
 951  NOGP-5-2-Ro|nifH|consensus50|pass_single_dominant                      17.15%    passed     15.61%
 952  NOGP-6-3-No|nifH|consensus50|pass_mixed_possible_multitemplate         19.16%    passed     53.28%
 953  NOGP-6-3-Rh|nifH|consensus50|pass_mixed_possible_multitemplate         18.66%    passed     98.94%
 954  NOGP-6-3-Ro|nifH|consensus50|pass_single_dominant                      18.36%    passed     31.39%
 955  NOGP-7-2-No|nifH|consensus50|pass_mixed_possible_multitemplate         20.36%    passed     98.72%
 956  NOGP-7-2-Ro|nifH|consensus50|pass_mixed_possible_multitemplate         23.17%    passed     35.20%
 957  OAES-10-1-No|nifH|consensus50|pass_single_dominant                     17.35%    passed     70.72%
 958  OAES-10-1-Ro|nifH|consensus50|pass_single_dominant                     18.05%    passed     62.79%
 959  OAES-11-1-No|nifH|consensus50|pass_single_dominant                     17.05%    passed     78.87%
 960  OAES-1-1-No|nifH|consensus50|pass_single_dominant                      16.95%    passed     24.22%
 961  OAES-1-1-Rh|nifH|consensus50|pass_mixed_possible_multitemplate         20.46%    passed     97.44%
 962  OAES-1-1-Ro|nifH|consensus50|pass_mixed_possible_multitemplate         24.37%    passed     94.73%
 963  OAES-12-2-No|nifH|consensus50|pass_single_dominant                     16.65%    passed     81.96%
 964  OAES-12-2-Rh|nifH|consensus50|pass_mixed_possible_multitemplate        19.96%    passed     55.01%
 965  OAES-12-2-Ro|nifH|consensus50|pass_single_dominant                     17.05%    passed     76.43%
 966  OAES-13-1-Rh|nifH|consensus50|pass_mixed_possible_multitemplate        23.87%    passed     87.15%
 967  OAES-14-1-No|nifH|consensus50|pass_single_dominant                     18.05%    passed     21.58%
 968  OAES-14-1-Rh|nifH|consensus50|pass_mixed_possible_multitemplate        20.26%    passed     84.15%
 969  OAES-14-1-Ro|nifH|consensus50|pass_mixed_possible_multitemplate        21.06%    passed     48.64%
 970  OAES-15-No|nifH|consensus50|pass_single_dominant                       16.55%    passed     77.95%
 971  OAES-15-Rh|nifH|consensus50|pass_single_dominant                       20.16%    passed     81.68%
 972  OAES-15-Ro|nifH|consensus50|pass_single_dominant                       16.85%    passed     74.33%
 973  OAES-16-1-No|nifH|consensus50|pass_single_dominant                     16.45%    passed     24.47%
 974  OAES-16-1-Rh|nifH|consensus50|pass_single_dominant                     17.75%    passed     31.30%
 975  OAES-16-1-Ro|nifH|consensus50|pass_single_dominant                     17.45%    passed     96.84%
 976  OAES-17-No|nifH|consensus50|pass_single_dominant                       17.75%    passed     83.75%
 977  OAES-17-Rh|nifH|consensus50|pass_mixed_possible_multitemplate          21.77%    passed     85.52%
 978  OAES-17-Ro|nifH|consensus50|pass_single_dominant                       19.96%    passed     76.51%
 979  OAES-18-3-No|nifH|consensus50|pass_mixed_possible_multitemplate        21.26%    passed     91.61%
 980  OAES-18-3-Rh|nifH|consensus50|pass_mixed_possible_multitemplate        20.36%    passed     89.93%
 981  OAES-18-3-Ro|nifH|consensus50|pass_mixed_possible_multitemplate        21.77%    passed     88.74%
 982  OAES_19-2-Rh|nifH|consensus50|pass_mixed_possible_multitemplate        18.46%    passed     37.75%
 983  OAES-20-Rh|nifH|consensus50|pass_single_dominant                       21.77%    passed     89.54%
 984  OAES-20-Ro|nifH|consensus50|pass_mixed_possible_multitemplate          22.27%    passed     91.98%
 985  OAES-21-3-No|nifH|consensus50|pass_single_dominant                     16.75%    passed     82.25%
 986  OAES-21-3-Rh|nifH|consensus50|pass_single_dominant                     20.76%    passed     61.87%
 987  OAES-2-1-No|nifH|consensus50|pass_single_dominant                      18.36%    passed     28.96%
 988  OAES-2-1-Rh|nifH|consensus50|pass_mixed_possible_multitemplate         23.77%    passed     72.69%
 989  OAES-2-1-Ro|nifH|consensus50|pass_single_dominant                      17.55%    passed     38.35%
 990  OAES-22-1-No|nifH|consensus50|pass_single_dominant                     18.66%    passed     31.28%
 991  OAES-22-1-Rh|nifH|consensus50|pass_mixed_possible_multitemplate        19.76%    passed     98.40%
 992  OAES-23-1-No|nifH|consensus50|pass_single_dominant                     16.85%    passed     71.75%
 993  OAES-23-1-Rh|nifH|consensus50|pass_mixed_possible_multitemplate        24.77%    passed     95.05%
 994  OAES-23-1-Ro|nifH|consensus50|pass_single_dominant                     17.65%    passed     68.66%
 995  OAES-25-1-No|nifH|consensus50|pass_single_dominant                     16.75%    passed     30.03%
 996  OAES-25-1-Rh|nifH|consensus50|pass_mixed_possible_multitemplate        22.27%    passed     91.29%
 997  OAES-25-1-Ro|nifH|consensus50|pass_mixed_possible_multitemplate        23.87%    passed     96.14%
 998  OAES-26-1-No|nifH|consensus50|pass_single_dominant                     17.65%    passed     95.76%
 999  OAES-26-1-Rh|nifH|consensus50|pass_mixed_possible_multitemplate        22.27%    passed     85.68%
1000  OAES-26-1-Ro|nifH|consensus50|pass_single_dominant                     19.56%    passed     88.41%
1001  OAES-27-2-No|nifH|consensus50|pass_single_dominant                     16.65%    passed     77.05%
1002  OAES-27-2-Rh|nifH|consensus50|pass_mixed_possible_multitemplate        21.66%    passed     92.41%
1003  OAES-27-2-Ro|nifH|consensus50|pass_mixed_possible_multitemplate        21.77%    passed     81.93%
1004  OAES-28-1-No|nifH|consensus50|pass_single_dominant                     16.55%    passed     80.42%
1005  OAES-28-1-Rh|nifH|consensus50|pass_mixed_possible_multitemplate        20.16%    passed     90.61%
1006  OAES-28-1-Ro|nifH|consensus50|pass_mixed_possible_multitemplate        19.96%    passed     79.35%
1007  OAES-29-1-No|nifH|consensus50|pass_single_dominant                     19.96%    passed     73.85%
1008  OAES-29-1-Rh|nifH|consensus50|pass_mixed_possible_multitemplate        22.57%    passed     92.74%
1009  OAES-29-1-Ro|nifH|consensus50|pass_single_dominant                     20.66%    passed     82.39%
1010  OAES-30-2-No|nifH|consensus50|pass_single_dominant                     18.76%    passed     78.17%
1011  OAES-31-1-No|nifH|consensus50|pass_mixed_possible_multitemplate        19.46%    passed     89.38%
1012  OAES-31-1-Rh|nifH|consensus50|pass_mixed_possible_multitemplate        19.46%    passed     95.12%
1013  OAES-31-1-Ro|nifH|consensus50|pass_mixed_possible_multitemplate        23.67%    passed     91.00%
1014  OAES-3-1-No|nifH|consensus50|pass_single_dominant                      16.75%    passed     92.90%
1015  OAES-3-1-Rh|nifH|consensus50|pass_mixed_possible_multitemplate         25.18%    passed     82.79%
1016  OAES-3-1-Ro|nifH|consensus50|pass_mixed_possible_multitemplate         23.37%    passed     80.77%
1017  OAES-32-1-No|nifH|consensus50|pass_single_dominant                     16.85%    passed     79.89%
1018  OAES-33-1-No|nifH|consensus50|pass_single_dominant                     19.66%    passed     61.63%
1019  OAES-34-1-No|nifH|consensus50|pass_single_dominant                     16.65%    passed     66.99%
1020  OAES-34-1-Rh|nifH|consensus50|pass_mixed_possible_multitemplate        19.26%    passed     80.09%
1021  OAES-34-1-Ro|nifH|consensus50|pass_mixed_possible_multitemplate        22.37%    passed     65.38%
1022  OAES-35-1-No|nifH|consensus50|pass_mixed_possible_multitemplate        23.27%    passed     96.42%
1023  OAES-35-1-Rh|nifH|consensus50|pass_single_dominant                     19.36%    passed     83.39%
1024  OAES-35-3-No|nifH|consensus50|pass_single_dominant                     17.25%    passed     94.15%
1025  OAES-35-3-Rh|nifH|consensus50|pass_single_dominant                     19.56%    passed     94.59%
1026  OAES-35-3-Ro|nifH|consensus50|pass_mixed_possible_multitemplate        22.47%    passed     93.02%
1027  OAES-36-2-No|nifH|consensus50|pass_single_dominant                     16.55%    passed     30.70%
1028  OAES-36-2-Rh|nifH|consensus50|pass_mixed_possible_multitemplate        21.36%    passed     95.04%
1029  OAES-36-2-Ro|nifH|consensus50|pass_mixed_possible_multitemplate        19.96%    passed     99.53%
1030  OAES-36-3-No|nifH|consensus50|pass_single_dominant                     17.25%    passed     45.27%
1031  OAES-36-3-Rh|nifH|consensus50|pass_mixed_possible_multitemplate        18.76%    passed     75.88%
1032  OAES-37-2-Rh|nifH|consensus50|pass_single_dominant                     21.26%    passed     98.94%
1033  OAES-4-1-No|nifH|consensus50|pass_single_dominant                      16.85%    passed     28.57%
1034  OAES-4-1-Ro|nifH|consensus50|pass_single_dominant                      17.65%    passed     23.50%
1035  OAES-5-Rh|nifH|consensus50|pass_single_dominant                        16.55%    passed     68.63%
1036  OAES-5-Ro|nifH|consensus50|pass_mixed_possible_multitemplate           26.18%    passed     93.17%
1037  OAES-6-1-Ro|nifH|consensus50|pass_single_dominant                      19.86%    passed     43.58%
1038  OAES-7-1-No|nifH|consensus50|pass_single_dominant                      16.85%    passed     21.37%
1039  OAES-7-1-Rh|nifH|consensus50|pass_single_dominant                      20.06%    passed     22.57%
1040  OAES-7-1-Ro|nifH|consensus50|pass_single_dominant                      19.96%    passed     23.96%
1041  OAES-8-2-No|nifH|consensus50|pass_single_dominant                      17.15%    passed     55.54%
1042  OAES-8-2-Rh|nifH|consensus50|pass_mixed_possible_multitemplate         21.26%    passed     83.77%
1043  OAES-8-2-Ro|nifH|consensus50|pass_mixed_possible_multitemplate         25.88%    passed     90.91%
1044  OAES-9-1-Rh|nifH|consensus50|pass_single_dominant                      17.75%    passed     71.42%
1045  OAES-9-1-Ro|nifH|consensus50|pass_mixed_possible_multitemplate         21.66%    passed     91.39%
1046  ORNL-10-1-No|nifH|consensus50|pass_mixed_possible_multitemplate        22.37%    passed     93.63%
1047  ORNL-11-1-No|nifH|consensus50|pass_mixed_possible_multitemplate        19.76%    passed     73.25%
1048  ORNL-11-1-Rh|nifH|consensus50|pass_mixed_possible_multitemplate        25.08%    passed     94.11%
1049  ORNL-1-1-Ro|nifH|consensus50|pass_mixed_possible_multitemplate         19.56%    passed     80.77%
1050  ORNL-12-1-No|nifH|consensus50|pass_mixed_possible_multitemplate        22.37%    passed     92.08%
1051  ORNL-12-1-Rh|nifH|consensus50|pass_mixed_possible_multitemplate        22.97%    passed     89.05%
1052  ORNL-12-1-Ro|nifH|consensus50|pass_single_dominant                     17.05%    passed     91.54%
1053  ORNL-13-2-No|nifH|consensus50|pass_single_dominant                     17.25%    passed     40.01%
1054  ORNL-13-2-Rh|nifH|consensus50|pass_mixed_possible_multitemplate        22.17%    passed     91.85%
1055  ORNL-13-2-Ro|nifH|consensus50|pass_mixed_possible_multitemplate        24.47%    passed     96.27%
1056  ORNL-14-1-Ro|nifH|consensus50|pass_mixed_possible_multitemplate        19.96%    passed     97.06%
1057  ORNL-16-No|nifH|consensus50|pass_single_dominant                       20.46%    passed     60.52%
1058  ORNL-17-1-Rh|nifH|consensus50|pass_mixed_possible_multitemplate        21.87%    passed     92.11%
1059  ORNL-17-1-Ro|nifH|consensus50|pass_mixed_possible_multitemplate        21.06%    passed     98.81%
1060  ORNL-18-1-Rh|nifH|consensus50|pass_mixed_possible_multitemplate        21.36%    passed     93.04%
1061  ORNL-18-1-Ro|nifH|consensus50|pass_mixed_possible_multitemplate        17.65%    passed     90.42%
1062  ORNL-19-Rh|nifH|consensus50|pass_mixed_possible_multitemplate          20.26%    passed     87.77%
1063  ORNL-20-1-Rh|nifH|consensus50|pass_mixed_possible_multitemplate        22.87%    passed     95.51%
1064  ORNL-23-1-Ro|nifH|consensus50|pass_mixed_possible_multitemplate        19.36%    passed     94.33%
1065  ORNL-24-Ro|nifH|consensus50|pass_mixed_possible_multitemplate          21.16%    passed     60.86%
1066  ORNL-3-1-Ro|nifH|consensus50|pass_mixed_possible_multitemplate         21.16%    passed     99.23%
1067  ORNL-4-1-No|nifH|consensus50|pass_single_dominant                      20.76%    passed     34.78%
1068  ORNL-4-1-Ro|nifH|consensus50|pass_mixed_possible_multitemplate         18.56%    passed     20.31%
1069  ORNL-5-1-Rh|nifH|consensus50|pass_mixed_possible_multitemplate         20.16%    passed     59.74%
1070  ORNL-8-2-No|nifH|consensus50|pass_mixed_possible_multitemplate         18.76%    passed     64.31%
1071  ORNL-9-1-Rh|nifH|consensus50|pass_mixed_possible_multitemplate         23.77%    passed     65.92%
1072  ORNL-9-1-Ro|nifH|consensus50|pass_mixed_possible_multitemplate         18.96%    passed     89.33%
1073  OSBS-100-3-Rh|nifH|consensus50|pass_single_dominant                    17.95%    passed     83.40%
1074  OSBS-101-1-Ro|nifH|consensus50|pass_single_dominant                    19.56%    passed     25.86%
1075  OSBS-102-1-No|nifH|consensus50|pass_mixed_possible_multitemplate       26.18%    passed     81.67%
1076  OSBS-103-2-Rh|nifH|consensus50|pass_mixed_possible_multitemplate       23.97%    passed     71.36%
1077  OSBS-104-1-Rh|nifH|consensus50|pass_single_dominant                    20.06%    passed     94.32%
1078  OSBS-104-1-Ro|nifH|consensus50|pass_mixed_possible_multitemplate       21.66%    passed     96.48%
1079  OSBS-106-1-Rh|nifH|consensus50|pass_mixed_possible_multitemplate       20.46%    passed     94.50%
1080  OSBS-106-1-Ro|nifH|consensus50|pass_mixed_possible_multitemplate       24.07%    passed     84.22%
1081  OSBS-107-No|nifH|consensus50|pass_mixed_possible_multitemplate         19.96%    passed     17.38%
1082  OSBS-107-Ro|nifH|consensus50|pass_mixed_possible_multitemplate         21.26%    passed     74.06%
1083  OSBS-109-4-Rh|nifH|consensus50|pass_mixed_possible_multitemplate       18.46%    passed     77.59%
1084  OSBS-110-1-No|nifH|consensus50|pass_mixed_possible_multitemplate       18.76%    passed     18.60%
1085  OSBS-110-1-Rh|nifH|consensus50|pass_mixed_possible_multitemplate       18.46%    passed     91.67%
1086  OSBS-12-1-Ro|nifH|consensus50|pass_mixed_possible_multitemplate        21.66%    passed     99.99%
1087  OSBS-1-2-No|nifH|consensus50|pass_mixed_possible_multitemplate         20.46%    passed     84.13%
1088  OSBS-1-2-Ro|nifH|consensus50|pass_mixed_possible_multitemplate         17.15%    passed     99.63%
1089  OSBS-14-3-No|nifH|consensus50|pass_single_dominant                     16.65%    passed     11.31%
1090  OSBS-14-3-Rh|nifH|consensus50|pass_mixed_possible_multitemplate        19.86%    passed     29.98%
1091  OSBS-14-3-Ro|nifH|consensus50|pass_mixed_possible_multitemplate        19.76%    passed     78.51%
1092  OSBS-18-5-Rh|nifH|consensus50|pass_mixed_possible_multitemplate        23.77%    passed     92.98%
1093  OSBS-18-5-Ro|nifH|consensus50|pass_single_dominant                     19.46%    passed     80.72%
1094  OSBS-20-1-Rh|nifH|consensus50|pass_mixed_possible_multitemplate        24.37%    passed     85.75%
1095  OSBS-20-1-Ro|nifH|consensus50|pass_single_dominant                     17.75%    passed     99.22%
1096  OSBS-21-2-No|nifH|consensus50|pass_single_dominant                     16.85%    passed     87.20%
1097  OSBS-21-2-Rh|nifH|consensus50|pass_mixed_possible_multitemplate        19.46%    passed     72.06%
1098  OSBS-21-2-Ro|nifH|consensus50|pass_mixed_possible_multitemplate        19.16%    passed     91.41%
1099  OSBS-2-3-No|nifH|consensus50|pass_mixed_possible_multitemplate         22.07%    passed     77.24%
1100  OSBS-2-3-Rh|nifH|consensus50|pass_mixed_possible_multitemplate         18.76%    passed     88.68%
1101  OSBS-2-3-Ro|nifH|consensus50|pass_mixed_possible_multitemplate         20.26%    passed     63.16%
1102  OSBS-25-1-Rh|nifH|consensus50|pass_mixed_possible_multitemplate        18.56%    passed     92.90%
1103  OSBS-25-1-Ro|nifH|consensus50|pass_mixed_possible_multitemplate        21.66%    passed     99.73%
1104  OSBS-28-1-No|nifH|consensus50|pass_single_dominant                     17.05%    passed     95.92%
1105  OSBS-28-1-Rh|nifH|consensus50|pass_mixed_possible_multitemplate        19.86%    passed     96.10%
1106  OSBS-28-1-Ro|nifH|consensus50|pass_mixed_possible_multitemplate        18.05%    passed     94.53%
1107  OSBS-29-1-Ro|nifH|consensus50|pass_mixed_possible_multitemplate        20.86%    passed     98.41%
1108  OSBS-30-1-Rh|nifH|consensus50|pass_mixed_possible_multitemplate        23.27%    passed     80.52%
1109  OSBS-32-1-Rh|nifH|consensus50|pass_mixed_possible_multitemplate        18.96%    passed     99.24%
1110  OSBS-32-1-Ro|nifH|consensus50|pass_mixed_possible_multitemplate        19.46%    passed     96.83%
1111  OSBS-34-1-No|nifH|consensus50|pass_mixed_possible_multitemplate        21.46%    passed     99.16%
1112  OSBS-34-1-Rh|nifH|consensus50|pass_mixed_possible_multitemplate        23.27%    passed     72.96%
1113  OSBS-34-1-Ro|nifH|consensus50|pass_mixed_possible_multitemplate        21.46%    passed     89.16%
1114  OSBS-35-1-Rh|nifH|consensus50|pass_mixed_possible_multitemplate        20.46%    passed     90.10%
1115  OSBS-35-2-No|nifH|consensus50|pass_mixed_possible_multitemplate        19.06%    passed     95.70%
1116  OSBS-35-2-Rh|nifH|consensus50|pass_mixed_possible_multitemplate        18.66%    passed     93.25%
1117  OSBS-35-2-Ro|nifH|consensus50|pass_mixed_possible_multitemplate        20.16%    passed     96.66%
1118  OSBS-36-1-No|nifH|consensus50|pass_mixed_possible_multitemplate        22.47%    passed     56.48%
1119  OSBS-36-1-Rh|nifH|consensus50|pass_mixed_possible_multitemplate        19.86%    passed     99.85%
1120  OSBS-36-1-Ro|nifH|consensus50|pass_mixed_possible_multitemplate        29.29%    passed     99.63%
1121  OSBS-36-4-No|nifH|consensus50|pass_mixed_possible_multitemplate        20.66%    passed     94.59%
1122  OSBS-36-4-Rh|nifH|consensus50|pass_single_dominant                     20.46%    passed     94.52%
1123  OSBS-36-4-Ro|nifH|consensus50|pass_mixed_possible_multitemplate        19.66%    passed     99.76%
1124  OSBS-37-1-No|nifH|consensus50|pass_mixed_possible_multitemplate        23.57%    passed     92.33%
1125  OSBS-37-1-Rh|nifH|consensus50|pass_single_dominant                     17.45%    passed     62.97%
1126  OSBS-37-1-Ro|nifH|consensus50|pass_mixed_possible_multitemplate        20.96%    passed     92.47%
1127  OSBS-38-1-No|nifH|consensus50|pass_single_dominant                     16.45%    passed     70.21%
1128  OSBS-38-1-Rh|nifH|consensus50|pass_mixed_possible_multitemplate        20.96%    passed     87.56%
1129  OSBS-38-1-Ro|nifH|consensus50|pass_mixed_possible_multitemplate        22.47%    passed     97.99%
1130  OSBS-38-2-Rh|nifH|consensus50|pass_mixed_possible_multitemplate        20.56%    passed     79.05%
1131  OSBS-38-2-Ro|nifH|consensus50|pass_mixed_possible_multitemplate        19.86%    passed     89.97%
1132  OSBS-41-3-No|nifH|consensus50|pass_mixed_possible_multitemplate        21.16%    passed     97.97%
1133  OSBS-41-3-Rh|nifH|consensus50|pass_mixed_possible_multitemplate        18.86%    passed     85.89%
1134  OSBS-41-3-Ro|nifH|consensus50|pass_mixed_possible_multitemplate        22.57%    passed     91.36%
1135  OSBS-4-3-No|nifH|consensus50|pass_mixed_possible_multitemplate         20.96%    passed     67.84%
1136  OSBS-4-3-Rh|nifH|consensus50|pass_mixed_possible_multitemplate         21.87%    passed     99.47%
1137  OSBS-4-3-Ro|nifH|consensus50|pass_single_dominant                      18.56%    passed     96.96%
1138  OSBS-44-1-No|nifH|consensus50|pass_mixed_possible_multitemplate        21.77%    passed     92.03%
1139  OSBS-44-1-Ro|nifH|consensus50|pass_mixed_possible_multitemplate        18.86%    passed     84.39%
1140  OSBS-46-1-Rh|nifH|consensus50|pass_mixed_possible_multitemplate        17.75%    passed     85.99%
1141  OSBS-55-1-Ro|nifH|consensus50|pass_mixed_possible_multitemplate        18.05%    passed     89.54%
1142  OSBS-5-5-No|nifH|consensus50|pass_mixed_possible_multitemplate         20.16%    passed     54.05%
1143  OSBS-5-5-Rh|nifH|consensus50|pass_mixed_possible_multitemplate         21.97%    passed     97.79%
1144  OSBS-5-5-Ro|nifH|consensus50|pass_single_dominant                      18.66%    passed     88.33%
1145  OSBS-58-1-No|nifH|consensus50|pass_single_dominant                     17.25%    passed     29.67%
1146  OSBS-58-1-Rh|nifH|consensus50|pass_single_dominant                     19.06%    passed     80.19%
1147  OSBS-58-1-Ro|nifH|consensus50|pass_mixed_possible_multitemplate        17.65%    passed     85.30%
1148  OSBS-59-1-Rh|nifH|consensus50|pass_mixed_possible_multitemplate        17.95%    passed     89.34%
1149  OSBS-59-1-Ro|nifH|consensus50|pass_mixed_possible_multitemplate        19.06%    passed     74.34%
1150  OSBS-6-1-No|nifH|consensus50|pass_mixed_possible_multitemplate         23.37%    passed     76.24%
1151  OSBS-6-1-Rh|nifH|consensus50|pass_mixed_possible_multitemplate         18.46%    passed     83.68%
1152  OSBS-6-1-Ro|nifH|consensus50|pass_mixed_possible_multitemplate         17.65%    passed     96.65%
1153  OSBS-66-1-Rh|nifH|consensus50|pass_single_dominant                     17.35%    passed     71.79%
1154  OSBS-67-1-No|nifH|consensus50|pass_mixed_possible_multitemplate        21.87%    passed     74.78%
1155  OSBS-68-1-No|nifH|consensus50|pass_mixed_possible_multitemplate        18.15%    passed     84.01%
1156  OSBS-68-1-Rh|nifH|consensus50|pass_single_dominant                     18.96%    passed     99.66%
1157  OSBS-69-1-No|nifH|consensus50|pass_mixed_possible_multitemplate        19.76%    passed     63.62%
1158  OSBS-69-1-Rh|nifH|consensus50|pass_single_dominant                     16.45%    passed     85.48%
1159  OSBS-69-1-Ro|nifH|consensus50|pass_mixed_possible_multitemplate        19.16%    passed     87.04%
1160  OSBS-70-3-No|nifH|consensus50|pass_single_dominant                     17.15%    passed     25.82%
1161  OSBS-71-1-Rh|nifH|consensus50|pass_single_dominant                     18.25%    passed     91.24%
1162  OSBS-71-1-Ro|nifH|consensus50|pass_mixed_possible_multitemplate        22.77%    passed     85.95%
1163  OSBS-72-1-Ro|nifH|consensus50|pass_mixed_possible_multitemplate        24.07%    passed     97.78%
1164  OSBS-73-2-Ro|nifH|consensus50|pass_mixed_possible_multitemplate        19.96%    passed     96.63%
1165  OSBS-7-4-No|nifH|consensus50|pass_mixed_possible_multitemplate         16.65%    passed     99.57%
1166  OSBS-7-4-Rh|nifH|consensus50|pass_mixed_possible_multitemplate         18.25%    passed     98.45%
1167  OSBS-7-4-Ro|nifH|consensus50|pass_single_dominant                      15.45%    passed     98.37%
1168  OSBS-80-2-No|nifH|consensus50|pass_mixed_possible_multitemplate        19.66%    passed     69.56%
1169  OSBS-80-2-Ro|nifH|consensus50|pass_mixed_possible_multitemplate        22.57%    passed     78.52%
1170  OSBS-81-1-No|nifH|consensus50|pass_mixed_possible_multitemplate        21.06%    passed     91.44%
1171  OSBS-81-1-Rh|nifH|consensus50|pass_single_dominant                     17.45%    passed     89.19%
1172  OSBS-82-1-No|nifH|consensus50|pass_mixed_possible_multitemplate        21.56%    passed     76.18%
1173  OSBS-82-1-Rh|nifH|consensus50|pass_mixed_possible_multitemplate        23.77%    passed     97.25%
1174  OSBS-82-1-Ro|nifH|consensus50|pass_single_dominant                     17.25%    passed     77.79%
1175  OSBS-83-1-No|nifH|consensus50|pass_mixed_possible_multitemplate        22.57%    passed     63.06%
1176  OSBS-83-1-Rh|nifH|consensus50|pass_mixed_possible_multitemplate        20.86%    passed     84.17%
1177  OSBS-83-1-Ro|nifH|consensus50|pass_mixed_possible_multitemplate        18.86%    passed     85.13%
1178  OSBS-84-1-No|nifH|consensus50|pass_mixed_possible_multitemplate        21.06%    passed     88.16%
1179  OSBS-84-1-Rh|nifH|consensus50|pass_mixed_possible_multitemplate        22.17%    passed     93.59%
1180  OSBS-84-1-Ro|nifH|consensus50|pass_mixed_possible_multitemplate        19.26%    passed     76.02%
1181  OSBS-85-1-No|nifH|consensus50|pass_mixed_possible_multitemplate        24.37%    passed     76.31%
1182  OSBS-85-1-Rh|nifH|consensus50|pass_mixed_possible_multitemplate        20.56%    passed     86.59%
1183  OSBS-8-5-No|nifH|consensus50|pass_mixed_possible_multitemplate         22.17%    passed     85.11%
1184  OSBS-8-5-Ro|nifH|consensus50|pass_mixed_possible_multitemplate         21.66%    passed     93.24%
1185  OSBS-86-1-No|nifH|consensus50|pass_mixed_possible_multitemplate        24.57%    passed     98.06%
1186  OSBS-86-1-Rh|nifH|consensus50|pass_mixed_possible_multitemplate        18.86%    passed     88.19%
1187  OSBS-86-1-Ro|nifH|consensus50|pass_mixed_possible_multitemplate        19.06%    passed     85.27%
1188  OSBS-88-1-Ro|nifH|consensus50|pass_mixed_possible_multitemplate        22.67%    passed     45.59%
1189  OSBS-89-1-No|nifH|consensus50|pass_mixed_possible_multitemplate        20.46%    passed     98.34%
1190  OSBS-89-1-Rh|nifH|consensus50|pass_mixed_possible_multitemplate        21.06%    passed     84.86%
1191  OSBS-95-3-Rh|nifH|consensus50|pass_mixed_possible_multitemplate        20.26%    passed     98.04%
1192  OSBS-95-3-Ro|nifH|consensus50|pass_mixed_possible_multitemplate        19.06%    passed     86.19%
1193  OSBS-97-2-Rh|nifH|consensus50|pass_mixed_possible_multitemplate        21.36%    passed     96.35%
1194  OSBS-99-No|nifH|consensus50|pass_mixed_possible_multitemplate          20.66%    passed     94.76%
1195  OSBS-99-Ro|nifH|consensus50|pass_mixed_possible_multitemplate          22.77%    passed     71.91%
1196  OSBS-DETR-64-3-Rh|nifH|consensus50|pass_single_dominant                18.76%    passed     97.46%
1197  OSBS-DETR-64-3-Ro|nifH|consensus50|pass_mixed_possible_multitemplate   23.17%    passed     97.92%
1198  OSBS-LEHI-62-5-Ro|nifH|consensus50|pass_single_dominant                19.86%    passed     12.95%
1199  OSBS-TEVI-61-4-No|nifH|consensus50|pass_single_dominant                19.46%    passed     10.85%
1200  RMNP-1-No|nifH|consensus50|pass_single_dominant                        17.25%    passed     89.63%
1201  RMNP-1-Rh|nifH|consensus50|pass_mixed_possible_multitemplate           21.97%    passed     99.18%
1202  RMNP-1-Ro|nifH|consensus50|pass_single_dominant                        21.56%    passed     78.23%
1203  RMNP-2-No|nifH|consensus50|pass_single_dominant                        19.96%    passed     92.90%
1204  RMNP-2-Rh|nifH|consensus50|pass_single_dominant                        17.25%    passed     96.85%
1205  RMNP-2-Ro|nifH|consensus50|pass_mixed_possible_multitemplate           21.06%    passed     92.01%
1206  RMNP-3-No|nifH|consensus50|pass_mixed_possible_multitemplate           21.77%    passed     95.61%
1207  RMNP-3-Rh|nifH|consensus50|pass_mixed_possible_multitemplate           19.86%    passed     97.71%
1208  RMNP-3-Ro|nifH|consensus50|pass_mixed_possible_multitemplate           21.36%    passed     96.63%
1209  RMNP-4-No|nifH|consensus50|pass_mixed_possible_multitemplate           21.66%    passed     90.95%
1210  RMNP-4-Rh|nifH|consensus50|pass_single_dominant                        16.85%    passed     98.92%
1211  RMNP-5-1-No|nifH|consensus50|pass_mixed_possible_multitemplate         20.06%    passed     82.29%
1212  SCBI-10-1-No|nifH|consensus50|pass_mixed_possible_multitemplate        20.86%    passed     73.14%
1213  SCBI-10-1-Rh|nifH|consensus50|pass_mixed_possible_multitemplate        20.26%    passed     86.27%
1214  SCBI-1-1-Rh|nifH|consensus50|pass_mixed_possible_multitemplate         24.07%    passed     68.85%
1215  SCBI-12-1-No|nifH|consensus50|pass_mixed_possible_multitemplate        18.66%    passed     62.96%
1216  SCBI-12-1-Rh|nifH|consensus50|pass_mixed_possible_multitemplate        22.47%    passed     85.56%
1217  SCBI-12-1-Ro|nifH|consensus50|pass_mixed_possible_multitemplate        18.36%    passed     80.23%
1218  SCBI-13-1-No|nifH|consensus50|pass_mixed_possible_multitemplate        18.96%    passed     78.11%
1219  SCBI-13-1-Rh|nifH|consensus50|pass_mixed_possible_multitemplate        17.55%    passed     90.94%
1220  SCBI-13-1-Ro|nifH|consensus50|pass_mixed_possible_multitemplate        22.87%    passed     82.41%
1221  SCBI-2-1-Rh|nifH|consensus50|pass_mixed_possible_multitemplate         22.37%    passed     60.79%
1222  SCBI-3-1-Ro|nifH|consensus50|pass_mixed_possible_multitemplate         23.57%    passed     89.38%
1223  SCBI-4-1-Rh|nifH|consensus50|pass_single_dominant                      18.25%    passed     73.03%
1224  SCBI-5-1-No|nifH|consensus50|pass_single_dominant                      18.15%    passed     69.47%
1225  SCBI-6-1-Rh|nifH|consensus50|pass_mixed_possible_multitemplate         23.87%    passed     98.68%
1226  SCBI-6-1-Ro|nifH|consensus50|pass_mixed_possible_multitemplate         23.17%    passed     96.38%
1227  SCBI-7-1-No|nifH|consensus50|pass_mixed_possible_multitemplate         17.55%    passed     29.20%
1228  SCBI-7-1-Rh|nifH|consensus50|pass_mixed_possible_multitemplate         26.18%    passed     12.69%
1229  SCBI-7-1-Ro|nifH|consensus50|pass_mixed_possible_multitemplate         25.28%    passed     90.01%
1230  SCBI-8-2-Ro|nifH|consensus50|pass_mixed_possible_multitemplate         22.57%    passed     96.46%
1231  SCBI-9-2-Rh|nifH|consensus50|pass_mixed_possible_multitemplate         23.27%    passed     78.46%
1232  SERC-3-1-Ro|nifH|consensus50|pass_single_dominant                      21.77%    passed     82.85%
1233  SERC-5-1-No|nifH|consensus50|pass_mixed_possible_multitemplate         19.26%    passed     44.39%
1234  SERC-5-1-Rh|nifH|consensus50|pass_mixed_possible_multitemplate         26.58%    passed     90.76%
1235  SJER-1-1-No|nifH|consensus50|pass_single_dominant                      20.16%    passed     88.22%
1236  SJER-1-1-Ro|nifH|consensus50|pass_mixed_possible_multitemplate         22.17%    passed     91.82%
1237  SJER-2-3-No|nifH|consensus50|pass_single_dominant                      18.96%    passed      9.50%
1238  SJER-2-3-Ro|nifH|consensus50|pass_mixed_possible_multitemplate         20.36%    passed     89.85%
1239  SJER-4-1-Ro|nifH|consensus50|pass_mixed_possible_multitemplate         22.77%    passed     89.40%
1240  SJER-5-1-Rh|nifH|consensus50|pass_mixed_possible_multitemplate         21.36%    passed     98.70%
1241  SRER-10-1-No|nifH|consensus50|pass_single_dominant                     17.45%    passed     89.76%
1242  SRER-10-1-Rh|nifH|consensus50|pass_single_dominant                     17.15%    passed     82.95%
1243  SRER-10-1-Ro|nifH|consensus50|pass_mixed_possible_multitemplate        19.86%    passed     90.87%
1244  SRER-11-1-No|nifH|consensus50|pass_mixed_possible_multitemplate        22.47%    passed     91.73%
1245  SRER-11-1-Rh|nifH|consensus50|pass_mixed_possible_multitemplate        20.26%    passed     75.96%
1246  SRER-11-1-Ro|nifH|consensus50|pass_mixed_possible_multitemplate        21.66%    passed     78.05%
1247  SRER-1-1-No|nifH|consensus50|pass_single_dominant                      16.95%    passed     68.45%
1248  SRER-1-1-Rh|nifH|consensus50|pass_mixed_possible_multitemplate         21.16%    passed     61.10%
1249  SRER-1-1-Ro|nifH|consensus50|pass_mixed_possible_multitemplate         17.85%    passed     65.69%
1250  SRER-12-1-No|nifH|consensus50|pass_mixed_possible_multitemplate        21.87%    passed     80.96%
1251  SRER-12-1-Rh|nifH|consensus50|pass_mixed_possible_multitemplate        20.66%    passed     87.67%
1252  SRER-12-1-Ro|nifH|consensus50|pass_mixed_possible_multitemplate        18.25%    passed     84.39%
1253  SRER-13-1-No|nifH|consensus50|pass_single_dominant                     16.65%    passed     73.38%
1254  SRER-13-1-Rh|nifH|consensus50|pass_single_dominant                     17.65%    passed     85.47%
1255  SRER-13-1-Ro|nifH|consensus50|pass_single_dominant                     17.15%    passed     70.87%
1256  SRER-14-1-No|nifH|consensus50|pass_single_dominant                     16.55%    passed     88.92%
1257  SRER-14-1-Rh|nifH|consensus50|pass_mixed_possible_multitemplate        19.86%    passed     94.86%
1258  SRER-14-1-Ro|nifH|consensus50|pass_mixed_possible_multitemplate        18.36%    passed     77.46%
1259  SRER-15-1-No|nifH|consensus50|pass_single_dominant                     18.05%    passed     75.61%
1260  SRER-15-1-Rh|nifH|consensus50|pass_mixed_possible_multitemplate        20.26%    passed     85.27%
1261  SRER-15-1-Ro|nifH|consensus50|pass_single_dominant                     16.95%    passed     75.37%
1262  SRER-16-1-No|nifH|consensus50|pass_single_dominant                     17.15%    passed     76.31%
1263  SRER-16-1-Rh|nifH|consensus50|pass_mixed_possible_multitemplate        20.76%    passed     90.75%
1264  SRER-16-1-Ro|nifH|consensus50|pass_mixed_possible_multitemplate        20.16%    passed     75.79%
1265  SRER-17-1-No|nifH|consensus50|pass_single_dominant                     16.45%    passed     88.19%
1266  SRER-17-1-Rh|nifH|consensus50|pass_mixed_possible_multitemplate        22.57%    passed     86.78%
1267  SRER-17-1-Ro|nifH|consensus50|pass_mixed_possible_multitemplate        21.06%    passed     97.65%
1268  SRER-18-1-No|nifH|consensus50|pass_mixed_possible_multitemplate        23.57%    passed     89.25%
1269  SRER-18-1-Rh|nifH|consensus50|pass_single_dominant                     16.45%    passed     92.41%
1270  SRER-18-1-Ro|nifH|consensus50|pass_single_dominant                     15.25%    passed     88.66%
1271  SRER-2-1-No|nifH|consensus50|pass_single_dominant                      19.56%    passed     72.77%
1272  SRER-2-1-Rh|nifH|consensus50|pass_mixed_possible_multitemplate         26.78%    passed     94.97%
1273  SRER-2-1-Ro|nifH|consensus50|pass_mixed_possible_multitemplate         21.36%    passed     84.41%
1274  SRER-3-1-No|nifH|consensus50|pass_single_dominant                      17.15%    passed     84.60%
1275  SRER-3-1-Rh|nifH|consensus50|pass_mixed_possible_multitemplate         18.56%    passed     89.03%
1276  SRER-3-1-Ro|nifH|consensus50|pass_single_dominant                      16.75%    passed     86.95%
1277  SRER-4-1-No|nifH|consensus50|pass_single_dominant                      19.56%    passed     73.72%
1278  SRER-4-1-Ro|nifH|consensus50|pass_mixed_possible_multitemplate         22.67%    passed     99.40%
1279  SRER-5-1-No|nifH|consensus50|pass_mixed_possible_multitemplate         19.76%    passed     96.55%
1280  SRER-5-1-Ro|nifH|consensus50|pass_mixed_possible_multitemplate         21.26%    passed     97.23%
1281  SRER-6-1-No|nifH|consensus50|pass_single_dominant                      16.55%    passed     84.65%
1282  SRER-6-1-Rh|nifH|consensus50|pass_single_dominant                      20.56%    passed     91.42%
1283  SRER-6-1-Ro|nifH|consensus50|pass_single_dominant                      16.45%    passed     81.46%
1284  SRER-7-1-No|nifH|consensus50|pass_single_dominant                      16.85%    passed     72.30%
1285  SRER-7-1-Rh|nifH|consensus50|pass_single_dominant                      17.45%    passed     77.94%
1286  SRER-7-1-Ro|nifH|consensus50|pass_single_dominant                      16.95%    passed     79.88%
1287  SRER-8-1-No|nifH|consensus50|pass_single_dominant                      19.66%    passed     52.28%
1288  SRER-8-1-Rh|nifH|consensus50|pass_mixed_possible_multitemplate         18.76%    passed     86.87%
1289  SRER-8-1-Ro|nifH|consensus50|pass_single_dominant                      18.66%    passed     86.43%
1290  SRER-9-1-No|nifH|consensus50|pass_mixed_possible_multitemplate         22.47%    passed     91.22%
1291  SRER-9-1-Rh|nifH|consensus50|pass_mixed_possible_multitemplate         19.56%    passed     93.15%
1292  SRER-9-1-Ro|nifH|consensus50|pass_single_dominant                      17.25%    passed     77.06%
1293  TALL-10-4-No|nifH|consensus50|pass_mixed_possible_multitemplate        20.16%    passed     92.90%
1294  TALL-12-2-No|nifH|consensus50|pass_single_dominant                     16.65%    passed     15.79%
1295  TALL-12-2-Ro|nifH|consensus50|pass_mixed_possible_multitemplate        19.06%    passed     91.36%
1296  TALL-13-3-No|nifH|consensus50|pass_single_dominant                     16.95%    passed     89.73%
1297  TALL-13-3-Ro|nifH|consensus50|pass_single_dominant                     17.05%    passed     94.41%
1298  TALL-15-2-No|nifH|consensus50|pass_single_dominant                     16.45%    passed     46.84%
1299  TALL-15-2-Ro|nifH|consensus50|pass_mixed_possible_multitemplate        25.08%    passed     88.73%
1300  TALL-16-Rh|nifH|consensus50|pass_mixed_possible_multitemplate          24.17%    passed     96.56%
1301  TALL-16-Ro|nifH|consensus50|pass_mixed_possible_multitemplate          21.36%    passed     77.43%
1302  TALL-17-2-No|nifH|consensus50|pass_mixed_possible_multitemplate        20.26%    passed     70.01%
1303  TALL-17-2-Rh|nifH|consensus50|pass_mixed_possible_multitemplate        20.36%    passed     92.10%
1304  TALL-18-1-No|nifH|consensus50|pass_single_dominant                     17.95%    passed     16.11%
1305  TALL-18-1-Rh|nifH|consensus50|pass_mixed_possible_multitemplate        19.06%    passed     99.13%
1306  TALL-19-2-No|nifH|consensus50|pass_mixed_possible_multitemplate        18.15%    passed     12.72%
1307  TALL-20-1-No|nifH|consensus50|pass_single_dominant                     18.86%    passed     20.58%
1308  TALL-21-2-Ro|nifH|consensus50|pass_mixed_possible_multitemplate        23.17%    passed     84.23%
1309  TALL-22-Ro|nifH|consensus50|pass_single_dominant                       20.96%    passed     71.33%
1310  TALL-23-2-No|nifH|consensus50|pass_mixed_possible_multitemplate        23.07%    passed     85.08%
1311  TALL-23-2-Ro|nifH|consensus50|pass_mixed_possible_multitemplate        20.66%    passed     98.93%
1312  TALL-2-3-No|nifH|consensus50|pass_mixed_possible_multitemplate         20.06%    passed     11.00%
1313  TALL-2-3-Rh|nifH|consensus50|pass_mixed_possible_multitemplate         22.57%    passed     89.52%
1314  TALL-2-3-Ro|nifH|consensus50|pass_mixed_possible_multitemplate         20.86%    passed     86.69%
1315  TALL-24-2-No|nifH|consensus50|pass_single_dominant                     16.85%    passed     37.33%
1316  TALL-24-2-Rh|nifH|consensus50|pass_mixed_possible_multitemplate        22.27%    passed     72.71%
1317  TALL-24-2-Ro|nifH|consensus50|pass_mixed_possible_multitemplate        23.97%    passed     88.71%
1318  TALL-25-2-No|nifH|consensus50|pass_single_dominant                     16.95%    passed     11.90%
1319  TALL-25-2-Rh|nifH|consensus50|pass_mixed_possible_multitemplate        18.66%    passed     80.47%
1320  TALL-25-2-Ro|nifH|consensus50|pass_mixed_possible_multitemplate        24.17%    passed     80.33%
1321  TALL-26-3-Rh|nifH|consensus50|pass_single_dominant                     17.25%    passed     98.33%
1322  TALL-28-1-No|nifH|consensus50|pass_mixed_possible_multitemplate        19.96%    passed     22.01%
1323  TALL-28-1-Ro|nifH|consensus50|pass_mixed_possible_multitemplate        20.36%    passed     27.49%
1324  TALL-29-3-No|nifH|consensus50|pass_mixed_possible_multitemplate        20.16%    passed     19.52%
1325  TALL-29-3-Rh|nifH|consensus50|pass_mixed_possible_multitemplate        22.47%    passed     98.62%
1326  TALL-29-3-Ro|nifH|consensus50|pass_mixed_possible_multitemplate        26.28%    passed     89.03%
1327  TALL-30-1-No|nifH|consensus50|pass_mixed_possible_multitemplate        19.46%    passed     73.35%
1328  TALL-30-1-Rh|nifH|consensus50|pass_mixed_possible_multitemplate        24.97%    passed     96.73%
1329  TALL-30-1-Ro|nifH|consensus50|pass_mixed_possible_multitemplate        25.08%    passed     97.37%
1330  TALL-31-1-No|nifH|consensus50|pass_mixed_possible_multitemplate        19.96%    passed     49.17%
1331  TALL-31-1-Rh|nifH|consensus50|pass_mixed_possible_multitemplate        22.37%    passed     92.23%
1332  TALL-32-1-No|nifH|consensus50|pass_mixed_possible_multitemplate        19.96%    passed     87.26%
1333  TALL-32-1-Rh|nifH|consensus50|pass_mixed_possible_multitemplate        21.06%    passed     79.29%
1334  TALL-33-1-No|nifH|consensus50|pass_mixed_possible_multitemplate        21.87%    passed     58.13%
1335  TALL-33-1-Rh|nifH|consensus50|pass_mixed_possible_multitemplate        20.16%    passed     98.46%
1336  TALL-36-1-Ro|nifH|consensus50|pass_mixed_possible_multitemplate        21.66%    passed     92.00%
1337  TALL-37-1-Rh|nifH|consensus50|pass_mixed_possible_multitemplate        21.66%    passed     90.37%
1338  TALL-39-2-Rh|nifH|consensus50|pass_single_dominant                     19.46%    passed     74.44%
1339  TALL-40-1-Ro|nifH|consensus50|pass_mixed_possible_multitemplate        23.07%    passed     88.96%
1340  TALL-43-1-Ro|nifH|consensus50|pass_mixed_possible_multitemplate        20.36%    passed     67.11%
1341  TALL-44-1-No|nifH|consensus50|pass_single_dominant                     16.75%    passed     17.21%
1342  TALL-44-1-Rh|nifH|consensus50|pass_mixed_possible_multitemplate        18.25%    passed     66.93%
1343  TALL-46-2-No|nifH|consensus50|pass_mixed_possible_multitemplate        17.15%    passed     18.02%
1344  TALL-47-2-No|nifH|consensus50|pass_mixed_possible_multitemplate        20.66%    passed     19.15%
1345  TALL-47-2-Rh|nifH|consensus50|pass_mixed_possible_multitemplate        22.87%    passed     91.06%
1346  TALL-48-2-Rh|nifH|consensus50|pass_mixed_possible_multitemplate        21.46%    passed     99.05%
1347  TALL-49-1-Rh|nifH|consensus50|pass_single_dominant                     20.66%    passed     94.10%
1348  TALL-50-1-No|nifH|consensus50|pass_single_dominant                     19.06%    passed     45.48%
1349  TALL-50-1-Rh|nifH|consensus50|pass_mixed_possible_multitemplate        20.86%    passed     81.33%
1350  TALL-50-1-Ro|nifH|consensus50|pass_mixed_possible_multitemplate        20.66%    passed     93.49%
1351  TALL-52-1-No|nifH|consensus50|pass_single_dominant                     16.95%    passed     50.32%
1352  TALL-52-1-Ro|nifH|consensus50|pass_mixed_possible_multitemplate        27.78%    passed     94.96%
1353  TALL-5-2-No|nifH|consensus50|pass_mixed_possible_multitemplate         18.15%    passed     97.41%
1354  TALL-5-2-Ro|nifH|consensus50|pass_mixed_possible_multitemplate         22.07%    passed     42.47%
1355  TALL-53-3-No|nifH|consensus50|pass_mixed_possible_multitemplate        19.66%    passed     13.82%
1356  TALL-53-3-Ro|nifH|consensus50|pass_mixed_possible_multitemplate        20.36%    passed     55.87%
1357  TALL-55-1-No|nifH|consensus50|pass_mixed_possible_multitemplate        19.96%    passed     64.37%
1358  TALL-56-1-No|nifH|consensus50|pass_mixed_possible_multitemplate        19.56%    passed     49.90%
1359  TALL-59-1-No|nifH|consensus50|pass_mixed_possible_multitemplate        21.06%    passed     14.52%
1360  TALL-60-1-No|nifH|consensus50|pass_mixed_possible_multitemplate        22.77%    passed     94.36%
1361  TALL-63-1-Ro|nifH|consensus50|pass_mixed_possible_multitemplate        19.16%    passed     92.79%
1362  TALL-64-1-No|nifH|consensus50|pass_single_dominant                     16.15%    passed     71.54%
1363  TALL-64-1-Ro|nifH|consensus50|pass_mixed_possible_multitemplate        18.46%    passed     70.92%
1364  TALL-65-1-Ro|nifH|consensus50|pass_mixed_possible_multitemplate        23.27%    passed     72.44%
1365  TALL-66-2-No|nifH|consensus50|pass_single_dominant                     16.25%    passed     38.66%
1366  TALL-67-1-Rh|nifH|consensus50|pass_mixed_possible_multitemplate        19.76%    passed     90.19%
1367  TALL-67-1-Ro|nifH|consensus50|pass_mixed_possible_multitemplate        25.78%    passed     68.31%
1368  TALL-68-2-No|nifH|consensus50|pass_mixed_possible_multitemplate        23.07%    passed     78.42%
1369  TALL-68-2-Rh|nifH|consensus50|pass_mixed_possible_multitemplate        19.26%    passed     89.83%
1370  TALL-68-2-Ro|nifH|consensus50|pass_mixed_possible_multitemplate        22.77%    passed     88.65%
1371  TALL-69-1-No|nifH|consensus50|pass_mixed_possible_multitemplate        20.16%    passed     77.54%
1372  TALL-69-1-Rh|nifH|consensus50|pass_mixed_possible_multitemplate        17.45%    passed     97.19%
1373  TALL-69-1-Ro|nifH|consensus50|pass_mixed_possible_multitemplate        22.37%    passed     77.87%
1374  TALL-70-1-Rh|nifH|consensus50|pass_mixed_possible_multitemplate        22.17%    passed     92.48%
1375  TALL-71-2-No|nifH|consensus50|pass_mixed_possible_multitemplate        17.45%    passed     42.68%
1376  TALL-71-2-Rh|nifH|consensus50|pass_mixed_possible_multitemplate        24.27%    passed     86.02%
1377  TALL-72-1-No|nifH|consensus50|pass_mixed_possible_multitemplate        22.37%    passed     96.99%
1378  TALL-72-1-Ro|nifH|consensus50|pass_mixed_possible_multitemplate        23.47%    passed     86.74%
1379  TALL-72-2-No|nifH|consensus50|pass_mixed_possible_multitemplate        19.86%    passed     42.15%
1380  TALL-72-3-No|nifH|consensus50|pass_mixed_possible_multitemplate        24.67%    passed     86.90%
1381  TALL-7-2-No|nifH|consensus50|pass_mixed_possible_multitemplate         24.47%    passed     94.11%
1382  TALL-73-2-No|nifH|consensus50|pass_mixed_possible_multitemplate        22.77%    passed     88.89%
1383  TALL-73-2-Rh|nifH|consensus50|pass_mixed_possible_multitemplate        25.28%    passed     89.65%
1384  TALL-73-2-Ro|nifH|consensus50|pass_single_dominant                     16.75%    passed     79.17%
1385  TALL-74-3-No|nifH|consensus50|pass_mixed_possible_multitemplate        21.46%    passed     19.22%
1386  TALL-74-3-Rh|nifH|consensus50|pass_mixed_possible_multitemplate        20.16%    passed     87.78%
1387  TALL-74-3-Ro|nifH|consensus50|pass_mixed_possible_multitemplate        21.56%    passed     92.30%
1388  TALL-75-2-No|nifH|consensus50|pass_single_dominant                     17.75%    passed     27.93%
1389  TALL-76-3-No|nifH|consensus50|pass_single_dominant                     20.56%    passed     36.53%
1390  TALL-78-2-No|nifH|consensus50|pass_single_dominant                     16.05%    passed     31.07%
1391  TALL-78-2-Rh|nifH|consensus50|pass_mixed_possible_multitemplate        22.27%    passed     99.06%
1392  TALL-80-1-Rh|nifH|consensus50|pass_mixed_possible_multitemplate        21.66%    passed     96.53%
1393  TALL-8-2-No|nifH|consensus50|pass_mixed_possible_multitemplate         19.16%    passed     36.03%
1394  TALL-8-2-Ro|nifH|consensus50|pass_mixed_possible_multitemplate         22.17%    passed     98.26%
1395  TALL-84-1-Ro|nifH|consensus50|pass_mixed_possible_multitemplate        19.96%    passed     86.21%
1396  TALL-85-1-No|nifH|consensus50|pass_mixed_possible_multitemplate        21.46%    passed     85.60%
1397  TALL-85-1-Rh|nifH|consensus50|pass_mixed_possible_multitemplate        20.06%    passed     86.97%
1398  TALL-85-1-Ro|nifH|consensus50|pass_mixed_possible_multitemplate        23.27%    passed     88.26%
1399  TALL-88-1-Ro|nifH|consensus50|pass_mixed_possible_multitemplate        19.96%    passed     75.30%
1400  TALL-90-1-No|nifH|consensus50|pass_single_dominant                     20.56%    passed     92.12%
1401  TALL-9-2-No|nifH|consensus50|pass_mixed_possible_multitemplate         22.87%    passed     81.66%
1402  TALL-9-2-Ro|nifH|consensus50|pass_single_dominant                      16.25%    passed     84.71%
1403  TEAK-1-2-Ro|nifH|consensus50|pass_mixed_possible_multitemplate         28.49%    passed     63.41%
1404  TEAK-2-1-Rh|nifH|consensus50|pass_single_dominant                      21.16%    passed     56.10%
1405  TEAK-3-1-Rh|nifH|consensus50|pass_mixed_possible_multitemplate         17.05%    passed     73.60%
1406  TEAK-3-1-Ro|nifH|consensus50|pass_mixed_possible_multitemplate         21.46%    passed     94.27%
1407  TOOL-10-No|nifH|consensus50|pass_single_dominant                       17.05%    passed     86.13%
1408  TOOL-10-Rh|nifH|consensus50|pass_mixed_possible_multitemplate          19.86%    passed     75.29%
1409  TOOL-10-Ro|nifH|consensus50|pass_mixed_possible_multitemplate          26.08%    passed     99.00%
1410  TOOL-11-No|nifH|consensus50|pass_single_dominant                       17.25%    passed     89.10%
1411  TOOL-11-Ro|nifH|consensus50|pass_mixed_possible_multitemplate          20.46%    passed     75.31%
1412  TOOL-12-No|nifH|consensus50|pass_single_dominant                       17.75%    passed     96.42%
1413  TOOL-12-Ro|nifH|consensus50|pass_single_dominant                       18.25%    passed     79.28%
1414  TOOL-13-Rh|nifH|consensus50|pass_mixed_possible_multitemplate          22.37%    passed     61.08%
1415  TOOL-13-Ro|nifH|consensus50|pass_single_dominant                       17.85%    passed     41.38%
1416  TOOL-14-No|nifH|consensus50|pass_single_dominant                       18.76%    passed     87.36%
1417  TOOL-14-Rh|nifH|consensus50|pass_mixed_possible_multitemplate          19.16%    passed     93.64%
1418  TOOL-14-Ro|nifH|consensus50|pass_single_dominant                       19.06%    passed     82.00%
1419  TOOL-15-No|nifH|consensus50|pass_single_dominant                       17.75%    passed     91.18%
1420  TOOL-15-Ro|nifH|consensus50|pass_mixed_possible_multitemplate          22.97%    passed     86.58%
1421  TOOL-16-No|nifH|consensus50|pass_single_dominant                       20.16%    passed     90.30%
1422  TOOL-17-Rh|nifH|consensus50|pass_single_dominant                       17.25%    passed     86.38%
1423  TOOL-17-Ro|nifH|consensus50|pass_mixed_possible_multitemplate          26.68%    passed     91.60%
1424  TOOL-18-Rh|nifH|consensus50|pass_mixed_possible_multitemplate          21.46%    passed     85.31%
1425  TOOL-19-No|nifH|consensus50|pass_mixed_possible_multitemplate          20.96%    passed     96.08%
1426  TOOL-1-No|nifH|consensus50|pass_mixed_possible_multitemplate           18.15%    passed     92.15%
1427  TOOL-1-Rh|nifH|consensus50|pass_single_dominant                        18.46%    passed     94.07%
1428  TOOL-1-Ro|nifH|consensus50|pass_mixed_possible_multitemplate           21.36%    passed     58.79%
1429  TOOL-20-No|nifH|consensus50|pass_mixed_possible_multitemplate          25.58%    passed     96.53%
1430  TOOL-20-Rh|nifH|consensus50|pass_mixed_possible_multitemplate          19.56%    passed     93.17%
1431  TOOL-20-Ro|nifH|consensus50|pass_mixed_possible_multitemplate          20.16%    passed     94.14%
1432  TOOL-21-No|nifH|consensus50|pass_mixed_possible_multitemplate          18.86%    passed     96.81%
1433  TOOL-22-No|nifH|consensus50|pass_mixed_possible_multitemplate          21.97%    passed     90.00%
1434  TOOL-22-Rh|nifH|consensus50|pass_mixed_possible_multitemplate          19.06%    passed     93.81%
1435  TOOL-22-Ro|nifH|consensus50|pass_mixed_possible_multitemplate          23.47%    passed     90.65%
1436  TOOL-23-No|nifH|consensus50|pass_single_dominant                       16.95%    passed     93.83%
1437  TOOL-23-Rh|nifH|consensus50|pass_mixed_possible_multitemplate          18.56%    passed     82.65%
1438  TOOL-23-Ro|nifH|consensus50|pass_single_dominant                       19.56%    passed     78.87%
1439  TOOL-24-No|nifH|consensus50|pass_single_dominant                       17.65%    passed     93.15%
1440  TOOL-24-Rh|nifH|consensus50|pass_single_dominant                       17.35%    passed     89.74%
1441  TOOL-24-Ro|nifH|consensus50|pass_mixed_possible_multitemplate          20.46%    passed     99.76%
1442  TOOL-25-No|nifH|consensus50|pass_single_dominant                       16.85%    passed     87.08%
1443  TOOL-25-Ro|nifH|consensus50|pass_mixed_possible_multitemplate          24.77%    passed     94.65%
1444  TOOL-26-No|nifH|consensus50|pass_single_dominant                       18.76%    passed     84.50%
1445  TOOL-26-Rh|nifH|consensus50|pass_mixed_possible_multitemplate          20.66%    passed     93.55%
1446  TOOL-26-Ro|nifH|consensus50|pass_mixed_possible_multitemplate          21.87%    passed     91.33%
1447  TOOL-27-2-No|nifH|consensus50|pass_single_dominant                     16.55%    passed     90.19%
1448  TOOL-27-2-Rh|nifH|consensus50|pass_mixed_possible_multitemplate        18.15%    passed     98.42%
1449  TOOL-2-No|nifH|consensus50|pass_mixed_possible_multitemplate           21.97%    passed     89.66%
1450  TOOL-2-Rh|nifH|consensus50|pass_mixed_possible_multitemplate           24.37%    passed     82.88%
1451  TOOL-2-Ro|nifH|consensus50|pass_mixed_possible_multitemplate           24.57%    passed     94.37%
1452  TOOL-30-No|nifH|consensus50|pass_single_dominant                       17.55%    passed     95.70%
1453  TOOL-30-Rh|nifH|consensus50|pass_mixed_possible_multitemplate          20.56%    passed     94.23%
1454  TOOL-32-Rh|nifH|consensus50|pass_mixed_possible_multitemplate          22.07%    passed     98.44%
1455  TOOL-32-Ro|nifH|consensus50|pass_single_dominant                       20.96%    passed     90.98%
1456  TOOL-33-1-No|nifH|consensus50|pass_mixed_possible_multitemplate        21.16%    passed     95.93%
1457  TOOL-33-1-Rh|nifH|consensus50|pass_mixed_possible_multitemplate        21.56%    passed     35.97%
1458  TOOL-34-No|nifH|consensus50|pass_mixed_possible_multitemplate          19.46%    passed     99.54%
1459  TOOL-35-1-No|nifH|consensus50|pass_mixed_possible_multitemplate        21.06%    passed     92.95%
1460  TOOL-35-1-Rh|nifH|consensus50|pass_mixed_possible_multitemplate        19.86%    passed     97.85%
1461  TOOL-3-No|nifH|consensus50|pass_single_dominant                        18.76%    passed     95.92%
1462  TOOL-3-Rh|nifH|consensus50|pass_mixed_possible_multitemplate           20.06%    passed     98.51%
1463  TOOL-3-Ro|nifH|consensus50|pass_mixed_possible_multitemplate           18.76%    passed     73.07%
1464  TOOL-4-No|nifH|consensus50|pass_mixed_possible_multitemplate           20.06%    passed     93.55%
1465  TOOL-4-Ro|nifH|consensus50|pass_mixed_possible_multitemplate           23.17%    passed     95.85%
1466  TOOL-5-No|nifH|consensus50|pass_single_dominant                        18.96%    passed     85.82%
1467  TOOL-5-Rh|nifH|consensus50|pass_single_dominant                        19.16%    passed     95.65%
1468  TOOL-5-Ro|nifH|consensus50|pass_single_dominant                        18.15%    passed     86.97%
1469  TOOL-6-No|nifH|consensus50|pass_mixed_possible_multitemplate           18.66%    passed     92.76%
1470  TOOL-6-Rh|nifH|consensus50|pass_mixed_possible_multitemplate           22.37%    passed     90.85%
1471  TOOL-6-Ro|nifH|consensus50|pass_mixed_possible_multitemplate           19.56%    passed     93.52%
1472  TOOL-7-No|nifH|consensus50|pass_mixed_possible_multitemplate           18.25%    passed     87.80%
1473  TOOL-7-Rh|nifH|consensus50|pass_mixed_possible_multitemplate           18.86%    passed     94.11%
1474  TOOL-8-No|nifH|consensus50|pass_single_dominant                        17.05%    passed     89.98%
1475  TOOL-8-Rh|nifH|consensus50|pass_single_dominant                        17.85%    passed     98.96%
1476  TOOL-8-Ro|nifH|consensus50|pass_mixed_possible_multitemplate           23.17%    passed     89.10%
1477  TOOL-9-No|nifH|consensus50|pass_single_dominant                        16.75%    passed     84.35%
1478  TOOL-9-Rh|nifH|consensus50|pass_single_dominant                        20.56%    passed     96.33%
1479  TOOL-9-Ro|nifH|consensus50|pass_mixed_possible_multitemplate           20.96%    passed     88.05%
1480  UKFS-1-1-No|nifH|consensus50|pass_mixed_possible_multitemplate         22.07%    passed     71.44%
1481  UKFS-1-1-Rh|nifH|consensus50|pass_mixed_possible_multitemplate         17.85%    passed     90.15%
1482  UKFS-3-2-Rh|nifH|consensus50|pass_mixed_possible_multitemplate         17.45%    passed     77.46%
1483  UKFS-4-1-No|nifH|consensus50|pass_single_dominant                      18.46%    passed     63.52%
1484  UKFS-4-1-Rh|nifH|consensus50|pass_mixed_possible_multitemplate         21.77%    passed     76.55%
1485  UKFS-5-1-Ro|nifH|consensus50|pass_mixed_possible_multitemplate         18.56%    passed     78.20%
1486  UKFS-52-1-Rh|nifH|consensus50|pass_single_dominant                     17.55%    passed     98.59%
1487  UKFS-6-1-Ro|nifH|consensus50|pass_mixed_possible_multitemplate         23.57%    passed     95.10%
1488  UNDE-2-1-No|nifH|consensus50|pass_mixed_possible_multitemplate         23.57%    passed     97.92%
1489  UNDE-3-1-No|nifH|consensus50|pass_mixed_possible_multitemplate         22.27%    passed     98.90%
1490  UNDE-3-1-Rh|nifH|consensus50|pass_mixed_possible_multitemplate         21.36%    passed     97.90%
1491  UNDE-4-1-Rh|nifH|consensus50|pass_mixed_possible_multitemplate         23.17%    passed     94.78%
1492  UNDE-5-4-No|nifH|consensus50|pass_mixed_possible_multitemplate         22.57%    passed     97.73%
1493  UNDE-5-4-Rh|nifH|consensus50|pass_mixed_possible_multitemplate         19.96%    passed     81.13%
1494  UNDE-5-4-Ro|nifH|consensus50|pass_mixed_possible_multitemplate         22.77%    passed     94.34%
1495  WOOD-10-1-No|nifH|consensus50|pass_mixed_possible_multitemplate        18.76%    passed     51.08%
1496  WOOD-10-1-Rh|nifH|consensus50|pass_mixed_possible_multitemplate        18.36%    passed     62.16%
1497  WOOD-10-1-Ro|nifH|consensus50|pass_single_dominant                     19.86%    passed     96.94%
1498  WOOD-11-1-No|nifH|consensus50|pass_single_dominant                     18.15%    passed     35.31%
1499  WOOD-11-1-Rh|nifH|consensus50|pass_mixed_possible_multitemplate        20.36%    passed     94.61%
1500  WOOD-11-1-Ro|nifH|consensus50|pass_mixed_possible_multitemplate        20.46%    passed     91.05%
1501  WOOD-1-1-No|nifH|consensus50|pass_mixed_possible_multitemplate         23.17%    passed     92.17%
1502  WOOD-1-1-Rh|nifH|consensus50|pass_single_dominant                      18.15%    passed     94.82%
1503  WOOD-1-1-Ro|nifH|consensus50|pass_mixed_possible_multitemplate         28.08%    passed     67.78%
1504  WOOD-12-No|nifH|consensus50|pass_single_dominant                       16.65%    passed     32.03%
1505  WOOD-12-Rh|nifH|consensus50|pass_mixed_possible_multitemplate          17.95%    passed     94.58%
1506  WOOD-12-Ro|nifH|consensus50|pass_mixed_possible_multitemplate          20.06%    passed     73.09%
1507  WOOD-2-2-Rh|nifH|consensus50|pass_single_dominant                      18.66%    passed     91.45%
1508  WOOD-3-2-No|nifH|consensus50|pass_single_dominant                      17.55%    passed     18.91%
1509  WOOD-3-2-Rh|nifH|consensus50|pass_single_dominant                      16.65%    passed     99.82%
1510  WOOD-3-2-Ro|nifH|consensus50|pass_mixed_possible_multitemplate         19.96%    passed     87.66%
1511  WOOD-4-1-No|nifH|consensus50|pass_mixed_possible_multitemplate         20.46%    passed     72.90%
1512  WOOD-4-1-Rh|nifH|consensus50|pass_mixed_possible_multitemplate         17.75%    passed     93.53%
1513  WOOD-4-1-Ro|nifH|consensus50|pass_mixed_possible_multitemplate         21.16%    passed     69.51%
1514  WOOD-5-1-No|nifH|consensus50|pass_mixed_possible_multitemplate         27.58%    passed     91.86%
1515  WOOD-5-1-Rh|nifH|consensus50|pass_mixed_possible_multitemplate         20.16%    passed     95.64%
1516  WOOD-5-1-Ro|nifH|consensus50|pass_single_dominant                      16.75%    passed     95.34%
1517  WOOD-6-1-No|nifH|consensus50|pass_single_dominant                      17.35%    passed     16.22%
1518  WOOD-6-1-Rh|nifH|consensus50|pass_single_dominant                      17.45%    passed     93.35%
1519  WOOD-6-1-Ro|nifH|consensus50|pass_mixed_possible_multitemplate         20.06%    passed     35.51%
1520  WOOD-7-1-No|nifH|consensus50|pass_single_dominant                      16.85%    passed     33.57%
1521  WOOD-7-1-Rh|nifH|consensus50|pass_mixed_possible_multitemplate         18.56%    passed     95.90%
1522  WOOD-7-1-Ro|nifH|consensus50|pass_mixed_possible_multitemplate         30.89%    passed     87.62%
1523  WOOD-8-No|nifH|consensus50|pass_mixed_possible_multitemplate           22.77%    passed     76.72%
1524  WOOD-8-Rh|nifH|consensus50|pass_mixed_possible_multitemplate           20.16%    passed     93.53%
1525  WOOD-8-Ro|nifH|consensus50|pass_mixed_possible_multitemplate           21.87%    passed     66.79%
1526  WOOD-9-Rh|nifH|consensus50|pass_mixed_possible_multitemplate           21.87%    passed     97.33%
1527  WOOD-9-Ro|nifH|consensus50|pass_mixed_possible_multitemplate           24.47%    passed     96.41%
1528  YELL-10-1-No|nifH|consensus50|pass_mixed_possible_multitemplate        24.27%    passed     95.78%
1529  YELL-11-No|nifH|consensus50|pass_mixed_possible_multitemplate          19.56%    passed     69.58%
1530  YELL-1-2-No|nifH|consensus50|pass_mixed_possible_multitemplate         19.86%    passed     91.36%
1531  YELL-3-5-No|nifH|consensus50|pass_mixed_possible_multitemplate         25.28%    passed     85.89%
1532  YELL-4-4-Rh|nifH|consensus50|pass_mixed_possible_multitemplate         24.47%    passed     97.17%
1533  YELL-4-4-Ro|nifH|consensus50|pass_mixed_possible_multitemplate         23.07%    passed     96.02%
1534  YELL-5-3-Rh|nifH|consensus50|pass_mixed_possible_multitemplate         21.16%    passed     99.15%
1535  YELL-6-1-Rh|nifH|consensus50|pass_mixed_possible_multitemplate         21.26%    passed     93.85%
1536  YELL-6-1-Ro|nifH|consensus50|pass_mixed_possible_multitemplate         27.68%    passed     89.40%
1537  YELL-7-1-Rh|nifH|consensus50|pass_mixed_possible_multitemplate         20.46%    passed     67.03%
1538  YELL-7-1-Ro|nifH|consensus50|pass_mixed_possible_multitemplate         21.97%    passed     89.04%
****  TOTAL                                                                  20.56%  5 sequences failed composition chi2 test (p-value<5%; df=3)
NOTE: KONA-1-1-Rh|nifH|consensus50|pass_mixed_possible_multitemplate is identical to JORN-4-1-Ro|nifH|consensus50|pass_mixed_possible_multitemplate but kept for subsequent analysis
Checking for duplicate sequences: done in 0.0204742 secs using 2676% CPU
Identifying sites to remove: done in 0.0118628 secs using 74.16% CPU
NOTE: 6 identical sequences (see below) will be ignored for subsequent analysis
NOTE: KONA-1-1-Ro|nifH|consensus50|pass_mixed_possible_multitemplate (identical to JORN-4-1-Ro|nifH|consensus50|pass_mixed_possible_multitemplate) is ignored but added at the end
NOTE: KONA-2-1-No|nifH|consensus50|pass_mixed_possible_multitemplate (identical to JORN-4-1-Ro|nifH|consensus50|pass_mixed_possible_multitemplate) is ignored but added at the end
NOTE: KONA-2-1-Rh|nifH|consensus50|pass_mixed_possible_multitemplate (identical to JORN-4-1-Ro|nifH|consensus50|pass_mixed_possible_multitemplate) is ignored but added at the end
NOTE: KONA-2-1-Ro|nifH|consensus50|pass_mixed_possible_multitemplate (identical to JORN-4-1-Ro|nifH|consensus50|pass_mixed_possible_multitemplate) is ignored but added at the end
NOTE: KONA-3-1-No|nifH|consensus50|pass_mixed_possible_multitemplate (identical to JORN-4-1-Ro|nifH|consensus50|pass_mixed_possible_multitemplate) is ignored but added at the end
NOTE: KONA-3-1-Rh|nifH|consensus50|pass_mixed_possible_multitemplate (identical to JORN-4-1-Ro|nifH|consensus50|pass_mixed_possible_multitemplate) is ignored but added at the end
Alignment was printed to /mnt/dv/wid/projects6/SolisLemus-Intbio-raw/processed-data/symbiosis_sorted_v2_consensus_sequences_50percent/nifH_consensus_iqtree_iupac_nm5000_v2/nifH_consensus50_iupac_all_pass_nm5000.uniqueseq.phy

For your convenience alignment with unique sequences printed to /mnt/dv/wid/projects6/SolisLemus-Intbio-raw/processed-data/symbiosis_sorted_v2_consensus_sequences_50percent/nifH_consensus_iqtree_iupac_nm5000_v2/nifH_consensus50_iupac_all_pass_nm5000.uniqueseq.phy


Create initial parsimony tree by phylogenetic likelihood library (PLL)... 0.744 seconds
Measuring multi-threading efficiency up to 72 CPU cores
Increase to 10 rounds for branch lengths
9 trees examined
Threads: 1 / Time: 79.551 sec / Speedup: 1.000 / Efficiency: 100% / LogL: -241804
Threads: 2 / Time: 55.095 sec / Speedup: 1.444 / Efficiency: 72% / LogL: -241804
Threads: 3 / Time: 49.008 sec / Speedup: 1.623 / Efficiency: 54% / LogL: -241804
Threads: 4 / Time: 43.620 sec / Speedup: 1.824 / Efficiency: 46% / LogL: -241804
Determining AUTO threadcount: done in 227.286 secs using 223% CPU
BEST NUMBER OF THREADS: 3

Perform fast likelihood tree search using GTR+I+G model...
Estimate model parameters (epsilon = 5.000)
Perform nearest neighbor interchange...
Estimate model parameters (epsilon = 1.000)
1. Initial log-likelihood: -97893.667
2. Current log-likelihood: -97890.760
Optimal log-likelihood: -97890.629
Rate parameters:  A-C: 0.95328  A-G: 2.54662  A-T: 0.60151  C-G: 1.88106  C-T: 3.93972  G-T: 1.00000
Base frequencies:  A: 0.217  C: 0.306  G: 0.312  T: 0.165
Proportion of invariable sites: 0.474
Gamma shape alpha: 0.700
Parameters optimization took 2 rounds (3.368 sec)
Time for fast ML tree search: 18.264 seconds

NOTE: ModelFinder requires 328 MB RAM!
ModelFinder will test up to 968 DNA models (sample size: 997 epsilon: 0.100) ...
 No. Model         -LnL         df  AIC          AICc         BIC
  1  JC            122507.481   3061 251136.961   18996700.961 266150.403
  2  JC+I          110363.015   3062 226850.029   18984662.029 241868.376
  3  JC+G4         101739.521   3062 209603.043   18967415.043 224621.390
  4  JC+I+G4       100922.801   3063 207971.602   18978035.602 222994.854
  5  JC+R2         105161.864   3063 216449.729   18986513.729 231472.980
  6  JC+R3         102178.623   3065 210487.245   19005067.245 225520.306
  7  JC+R4         101168.829   3067 208471.657   19027583.657 223514.528
  8  JC+R5         100625.929   3069 207389.857   19051049.857 222442.537
  9  JC+R6         100431.372   3071 207004.744   19075228.744 222067.234
 10  JC+R7         100369.799   3073 206885.598   19099689.598 221957.897
 11  JC+R8         100332.906   3075 206815.811   19124215.811 221897.920
 12  JC+R9         100300.893   3077 206755.786   19148767.786 221847.704
 13  JC+R10        100292.934   3079 206743.868   19173383.868 221845.595
 14  JC+I+R2       103025.855   3064 212179.710   18994499.710 227207.867
 15  JC+I+R3       101387.803   3066 208907.605   19015751.605 223945.571
 16  JC+I+R4       100858.804   3068 207853.608   19039237.608 222901.384
 17  JC+I+R5       100473.310   3070 207086.620   19063026.620 222144.205
 18  JC+I+R6       100413.203   3072 206970.407   19087482.407 222037.801
 19  JC+I+R7       100359.908   3074 206867.816   19111967.816 221945.020
 20  JC+I+R8       100324.973   3076 206801.947   19136505.947 221888.960
 21  JC+I+R9       100289.027   3078 206734.055   19161058.055 221830.878
 22  JC+I+R10      100283.509   3080 206727.019   19185687.019 221833.651
 43  JC+I+R9       100289.027   3078 206734.055   19161058.055 221830.878
 44  JC+I+R10      100283.510   3080 206727.019   19185687.019 221833.651
 65  F81+I+R9      100288.586   3078 206733.173   19161057.173 221829.996
 66  F81+I+R10     100283.367   3080 206726.734   19185686.734 221833.366
 87  F81+F+I+R9    99448.402    3081 205058.804   19196342.804 220170.341
 88  F81+F+I+R10   99444.362    3083 205054.723   19220998.723 220176.070
109  K2P+I+R9      99275.527    3079 204709.054   19171349.054 219810.781
110  K2P+I+R10     99270.650    3081 204703.300   19195987.300 219814.837
131  K2P+I+R9      99275.527    3079 204709.054   19171349.054 219810.781
132  K2P+I+R10     99270.650    3081 204703.300   19195987.300 219814.837
153  HKY+I+R9      99275.379    3079 204708.759   19171348.759 219810.486
154  HKY+I+R10     99270.516    3081 204703.031   19195987.031 219814.568
175  HKY+F+I+R9    97909.367    3082 201982.734   19205594.734 217099.176
176  HKY+F+I+R10   97904.967    3084 201977.933   19230257.933 217104.185
197  TNe+I+R9      99260.870    3080 204681.740   19183641.740 219788.372
198  TNe+I+R10     99257.832    3082 204679.665   19208291.665 219796.106
219  TNe+I+R9      99260.870    3080 204681.740   19183641.740 219788.372
220  TNe+I+R10     99257.832    3082 204679.665   19208291.665 219796.106
241  TN+I+R9       99260.762    3080 204681.524   19183641.524 219788.157
242  TN+I+R10      99257.721    3082 204679.441   19208291.441 219795.883
263  TN+F+I+R9     97766.322    3083 201698.645   19217642.645 216819.991
264  TN+F+I+R10    97762.171    3085 201694.342   19242314.342 216825.498
285  K3P+I+R9      98660.153    3080 203480.305   19182440.305 218586.937
286  K3P+I+R10     98653.901    3082 203471.803   19207083.803 218588.245
307  K3P+I+R9      98660.153    3080 203480.305   19182440.305 218586.937
308  K3P+I+R10     98653.901    3082 203471.803   19207083.803 218588.245
329  K3Pu+I+R9     98660.016    3080 203480.032   19182440.032 218586.664
330  K3Pu+I+R10    98653.781    3082 203471.562   19207083.562 218588.004
351  K3Pu+F+I+R9   97656.716    3083 201479.433   19217423.433 216600.779
352  K3Pu+F+I+R10  97650.362    3085 201470.724   19242090.724 216601.880
373  TPM2+I+R9     98608.579    3080 203377.158   19182337.158 218483.791
374  TPM2+I+R10    98600.697    3082 203365.394   19206977.394 218481.836
395  TPM2+I+R9     98608.579    3080 203377.158   19182337.158 218483.791
396  TPM2+I+R10    98600.697    3082 203365.394   19206977.394 218481.836
417  TPM2u+I+R9    98608.440    3080 203376.879   19182336.879 218483.512
418  TPM2u+I+R10   98600.587    3082 203365.174   19206977.174 218481.616
439  TPM2u+F+I+R9  97584.282    3083 201334.564   19217278.564 216455.911
440  TPM2u+F+I+R10 97576.157    3085 201322.315   19241942.315 216453.471
461  TPM3+I+R9     98554.100    3080 203268.200   19182228.200 218374.832
462  TPM3+I+R10    98541.996    3082 203247.992   19206859.992 218364.434
483  TPM3+I+R9     98554.100    3080 203268.200   19182228.200 218374.832
484  TPM3+I+R10    98541.996    3082 203247.992   19206859.992 218364.434
505  TPM3u+I+R9    98553.874    3080 203267.747   19182227.747 218374.380
506  TPM3u+I+R10   98541.857    3082 203247.715   19206859.715 218364.156
527  TPM3u+F+I+R9  97728.483    3083 201622.966   19217566.966 216744.313
528  TPM3u+F+I+R10 97724.148    3085 201618.296   19242238.296 216749.452
549  TIMe+I+R9     98645.579    3081 203453.157   19194737.157 218564.695
550  TIMe+I+R10    98640.686    3083 203447.373   19219391.373 218568.719
571  TIMe+I+R9     98645.579    3081 203453.157   19194737.157 218564.695
572  TIMe+I+R10    98640.686    3083 203447.373   19219391.373 218568.719
593  TIM+I+R9      98645.256    3081 203452.511   19194736.511 218564.048
594  TIM+I+R10     98640.366    3083 203446.732   19219390.732 218568.078
615  TIM+F+I+R9    97512.020    3084 201192.040   19229472.040 216318.291
616  TIM+F+I+R10   97505.045    3086 201182.089   19254146.089 216318.150
637  TIM2e+I+R9    98602.012    3081 203366.025   19194650.025 218477.562
638  TIM2e+I+R10   98592.559    3083 203351.118   19219295.118 218472.465
659  TIM2e+I+R9    98602.012    3081 203366.025   19194650.025 218477.562
660  TIM2e+I+R10   98592.559    3083 203351.118   19219295.118 218472.465
681  TIM2+I+R9     98601.907    3081 203365.814   19194649.814 218477.351
682  TIM2+I+R10    98592.496    3083 203350.993   19219294.993 218472.340
703  TIM2+F+I+R9   97438.681    3084 201045.362   19229325.362 216171.614
704  TIM2+F+I+R10  97426.745    3086 201025.491   19253989.491 216161.551
725  TIM3e+I+R9    98510.115    3081 203182.230   19194466.230 218293.767
726  TIM3e+I+R10   98497.024    3083 203160.048   19219104.048 218281.394
747  TIM3e+I+R9    98510.115    3081 203182.230   19194466.230 218293.767
748  TIM3e+I+R10   98497.024    3083 203160.048   19219104.048 218281.394
769  TIM3+I+R9     98509.901    3081 203181.802   19194465.802 218293.339
770  TIM3+I+R10    98496.936    3083 203159.873   19219103.873 218281.219
791  TIM3+F+I+R9   97574.421    3084 201316.841   19229596.841 216443.092
792  TIM3+F+I+R10  97564.298    3086 201300.595   19254264.595 216436.656
813  TVMe+I+R9     97798.704    3082 201761.409   19205373.409 216877.851
814  TVMe+I+R10    97778.786    3084 201725.573   19230005.573 216851.824
835  TVMe+I+R9     97798.704    3082 201761.409   19205373.409 216877.851
836  TVMe+I+R10    97778.787    3084 201725.573   19230005.573 216851.824
857  TVM+I+R9      97798.578    3082 201761.156   19205373.156 216877.598
858  TVM+I+R10     97778.712    3084 201725.425   19230005.425 216851.676
879  TVM+F+I+R9    97384.449    3085 200938.897   19241558.897 216070.054
880  TVM+F+I+R10   97376.829    3087 200927.658   19266239.658 216068.623
901  SYM+I+R9      97769.106    3083 201704.212   19217648.212 216825.559
902  SYM+I+R10     97748.450    3085 201666.900   19242286.900 216798.057
923  SYM+I+R9      97769.106    3083 201704.212   19217648.212 216825.559
924  SYM+I+R10     97748.450    3085 201666.900   19242286.900 216798.057
945  GTR+I+R9      97769.045    3083 201704.089   19217648.089 216825.436
946  GTR+I+R10     97748.382    3085 201666.764   19242286.764 216797.920
967  GTR+F+I+R9    97223.130    3086 200618.261   19253582.261 215754.322
968  GTR+F+I+R10   97217.210    3088 200610.421   19278274.421 215756.291
Akaike Information Criterion:           GTR+F+I+R10
Corrected Akaike Information Criterion: JC+G4
Bayesian Information Criterion:         GTR+F+I+R9
Best-fit model: GTR+F+I+R9 chosen according to BIC

All model information printed to /mnt/dv/wid/projects6/SolisLemus-Intbio-raw/processed-data/symbiosis_sorted_v2_consensus_sequences_50percent/nifH_consensus_iqtree_iupac_nm5000_v2/nifH_consensus50_iupac_all_pass_nm5000.model.gz
CPU time for ModelFinder: 19672.513 seconds (5h:27m:52s)
Wall-clock time for ModelFinder: 6800.721 seconds (1h:53m:20s)
Generating 1000 samples for ultrafast bootstrap (seed: 105514)...

NOTE: 295 MB RAM (0 GB) is required!
Estimate model parameters (epsilon = 0.100)
1. Initial log-likelihood: -97223.167
2. Current log-likelihood: -97223.060
Optimal log-likelihood: -97222.987
Rate parameters:  A-C: 0.91637  A-G: 2.45731  A-T: 0.57142  C-G: 1.85695  C-T: 3.89717  G-T: 1.00000
Base frequencies:  A: 0.217  C: 0.306  G: 0.312  T: 0.165
Proportion of invariable sites: 0.457
Site proportion and rates:  (0.111,0.072) (0.076,0.287) (0.094,0.700) (0.068,1.353) (0.074,2.271) (0.049,3.444) (0.043,4.955) (0.016,7.447) (0.013,11.141)
Parameters optimization took 2 rounds (10.493 sec)
Wrote distance file to... 
Computing ML distances based on estimated model parameters...
Calculating distance matrix: done in 7.62091 secs using 298.5% CPU
Computing ML distances took 7.634426 sec (of wall-clock time) 22.773973 sec (of CPU time)
Setting up auxiliary I and S matrices: done in 0.020611 secs using 363.2% CPU
Constructing RapidNJ tree: done in 0.700294 secs using 206.1% CPU
Computing RapidNJ tree took 0.721175 sec (of wall-clock time) 1.518768 sec (of CPU time)
Log-likelihood of RapidNJ tree: -103677.866
--------------------------------------------------------------------
|             INITIALIZING CANDIDATE TREE SET                      |
--------------------------------------------------------------------
Generating 98 parsimony trees... 80.393 second
Computing log-likelihood of 98 initial trees ... 84.677 seconds
Current best score: -96968.362

Do NNI search on 20 best initial trees
Estimate model parameters (epsilon = 0.100)
BETTER TREE FOUND at iteration 1: -96410.729
Estimate model parameters (epsilon = 0.100)
BETTER TREE FOUND at iteration 3: -96372.645
Iteration 10 / LogL: -96583.520 / Time: 2h:2m:14s
Iteration 20 / LogL: -96667.495 / Time: 2h:7m:6s
Finish initializing candidate tree set (20)
Current best tree score: -96372.645 / CPU time: 792.734
Number of iterations: 20
--------------------------------------------------------------------
|               OPTIMIZING CANDIDATE TREE SET                      |
--------------------------------------------------------------------
Estimate model parameters (epsilon = 0.100)
BETTER TREE FOUND at iteration 21: -96313.257
Estimate model parameters (epsilon = 0.100)
BETTER TREE FOUND at iteration 22: -96271.510
Estimate model parameters (epsilon = 0.100)
BETTER TREE FOUND at iteration 26: -96255.202
Iteration 30 / LogL: -96295.092 / Time: 2h:11m:24s (0h:59m:46s left)
Estimate model parameters (epsilon = 0.100)
BETTER TREE FOUND at iteration 35: -96197.335
Estimate model parameters (epsilon = 0.100)
BETTER TREE FOUND at iteration 37: -96193.907
Iteration 40 / LogL: -96216.689 / Time: 2h:15m:25s (0h:54m:54s left)
Estimate model parameters (epsilon = 0.100)
BETTER TREE FOUND at iteration 45: -96140.604
Iteration 50 / LogL: -96161.357 / Time: 2h:19m:20s (0h:50m:23s left)
Log-likelihood cutoff on original alignment: -96796.062
Estimate model parameters (epsilon = 0.100)
BETTER TREE FOUND at iteration 52: -96137.032
Estimate model parameters (epsilon = 0.100)
BETTER TREE FOUND at iteration 57: -96119.844
Estimate model parameters (epsilon = 0.100)
BETTER TREE FOUND at iteration 59: -96098.843
Iteration 60 / LogL: -96221.490 / Time: 2h:24m:45s (0h:52m:42s left)
Estimate model parameters (epsilon = 0.100)
BETTER TREE FOUND at iteration 61: -96085.089
Iteration 70 / LogL: -96255.724 / Time: 2h:29m:9s (0h:47m:13s left)
Iteration 80 / LogL: -96156.009 / Time: 2h:33m:22s (0h:41m:2s left)
Iteration 90 / LogL: -96138.405 / Time: 2h:37m:22s (0h:35m:7s left)
Estimate model parameters (epsilon = 0.100)
BETTER TREE FOUND at iteration 91: -96064.571
Estimate model parameters (epsilon = 0.100)
BETTER TREE FOUND at iteration 94: -96053.507
Iteration 100 / LogL: -96114.199 / Time: 2h:42m:7s (0h:46m:18s left)
Log-likelihood cutoff on original alignment: -96716.999
NOTE: Bootstrap correlation coefficient of split occurrence frequencies: 0.928
NOTE: UFBoot does not converge, continue at least 100 more iterations
Estimate model parameters (epsilon = 0.100)
BETTER TREE FOUND at iteration 109: -96041.359
Estimate model parameters (epsilon = 0.100)
BETTER TREE FOUND at iteration 110: -96006.056
Iteration 110 / LogL: -96006.056 / Time: 2h:47m:36s (0h:49m:47s left)
Estimate model parameters (epsilon = 0.100)
BETTER TREE FOUND at iteration 118: -95995.645
Iteration 120 / LogL: -96123.919 / Time: 2h:52m:26s (0h:48m:39s left)
Estimate model parameters (epsilon = 0.100)
BETTER TREE FOUND at iteration 127: -95950.966
Iteration 130 / LogL: -96075.196 / Time: 2h:57m:12s (0h:48m:1s left)
Iteration 140 / LogL: -96006.773 / Time: 3h:1m:31s (0h:42m:40s left)
Estimate model parameters (epsilon = 0.100)
BETTER TREE FOUND at iteration 142: -95924.911
Iteration 150 / LogL: -96092.171 / Time: 3h:5m:56s (0h:44m:49s left)
Log-likelihood cutoff on original alignment: -96668.732
Iteration 160 / LogL: -96048.907 / Time: 3h:10m:39s (0h:39m:52s left)
Iteration 170 / LogL: -96068.877 / Time: 3h:14m:57s (0h:34m:46s left)
Estimate model parameters (epsilon = 0.100)
BETTER TREE FOUND at iteration 175: -95890.939
Iteration 180 / LogL: -96047.161 / Time: 3h:19m:53s (0h:45m:55s left)
Iteration 190 / LogL: -95918.013 / Time: 3h:24m:28s (0h:40m:59s left)
Iteration 200 / LogL: -95957.988 / Time: 3h:29m:13s (0h:36m:8s left)
Log-likelihood cutoff on original alignment: -96668.732
NOTE: Bootstrap correlation coefficient of split occurrence frequencies: 0.849
NOTE: UFBoot does not converge, continue at least 100 more iterations
Iteration 210 / LogL: -95942.857 / Time: 3h:34m:9s (0h:43m:24s left)
Iteration 220 / LogL: -95999.581 / Time: 3h:38m:49s (0h:38m:31s left)
Iteration 230 / LogL: -96085.947 / Time: 3h:43m:28s (0h:33m:39s left)
Iteration 240 / LogL: -96054.874 / Time: 3h:48m:10s (0h:28m:49s left)
Iteration 250 / LogL: -96060.293 / Time: 3h:53m:1s (0h:24m:2s left)
Log-likelihood cutoff on original alignment: -96668.732
Iteration 260 / LogL: -95946.179 / Time: 3h:58m:8s (0h:19m:16s left)
Iteration 270 / LogL: -95977.473 / Time: 4h:3m:0s (0h:14m:27s left)
Iteration 280 / LogL: -95956.217 / Time: 4h:8m:6s (0h:9m:39s left)
Estimate model parameters (epsilon = 0.100)
BETTER TREE FOUND at iteration 287: -95873.600
Iteration 290 / LogL: -96111.173 / Time: 4h:13m:41s (0h:47m:6s left)
Iteration 300 / LogL: -95912.146 / Time: 4h:18m:50s (0h:42m:20s left)
Log-likelihood cutoff on original alignment: -96668.732
NOTE: Bootstrap correlation coefficient of split occurrence frequencies: 0.962
NOTE: UFBoot does not converge, continue at least 100 more iterations
Iteration 310 / LogL: -95971.075 / Time: 4h:24m:1s (0h:43m:53s left)
Estimate model parameters (epsilon = 0.100)
BETTER TREE FOUND at iteration 315: -95857.667
Iteration 320 / LogL: -96084.068 / Time: 4h:29m:43s (0h:46m:34s left)
Iteration 330 / LogL: -95959.444 / Time: 4h:34m:38s (0h:41m:40s left)
Iteration 340 / LogL: -95917.211 / Time: 4h:39m:26s (0h:36m:44s left)
Estimate model parameters (epsilon = 0.100)
BETTER TREE FOUND at iteration 342: -95852.799
Estimate model parameters (epsilon = 0.100)
BETTER TREE FOUND at iteration 346: -95844.555
Estimate model parameters (epsilon = 0.100)
BETTER TREE FOUND at iteration 348: -95794.156
Iteration 350 / LogL: -95844.355 / Time: 4h:45m:42s (0h:48m:23s left)
Log-likelihood cutoff on original alignment: -96644.132
Iteration 360 / LogL: -95883.535 / Time: 4h:51m:25s (0h:43m:39s left)
Iteration 370 / LogL: -96007.721 / Time: 4h:56m:35s (0h:38m:44s left)
Iteration 380 / LogL: -95852.625 / Time: 5h:1m:50s (0h:33m:49s left)
Estimate model parameters (epsilon = 0.100)
BETTER TREE FOUND at iteration 381: -95768.391
Iteration 390 / LogL: -95872.591 / Time: 5h:7m:40s (0h:45m:27s left)
Iteration 400 / LogL: -95787.407 / Time: 5h:13m:2s (0h:40m:32s left)
Log-likelihood cutoff on original alignment: -96628.749
NOTE: Bootstrap correlation coefficient of split occurrence frequencies: 0.869
NOTE: UFBoot does not converge, continue at least 100 more iterations
Iteration 410 / LogL: -95825.847 / Time: 5h:18m:42s (0h:45m:11s left)
Iteration 420 / LogL: -95928.861 / Time: 5h:24m:11s (0h:40m:15s left)
Iteration 430 / LogL: -95820.646 / Time: 5h:29m:55s (0h:35m:20s left)
Estimate model parameters (epsilon = 0.100)
BETTER TREE FOUND at iteration 439: -95755.812
Iteration 440 / LogL: -95977.272 / Time: 5h:35m:47s (0h:50m:9s left)
Iteration 450 / LogL: -95872.114 / Time: 5h:41m:10s (0h:45m:9s left)
Log-likelihood cutoff on original alignment: -96621.957
Iteration 460 / LogL: -95841.199 / Time: 5h:46m:48s (0h:40m:10s left)
Iteration 470 / LogL: -95797.488 / Time: 5h:52m:17s (0h:35m:9s left)
Iteration 480 / LogL: -95820.127 / Time: 5h:57m:47s (0h:30m:6s left)
Iteration 490 / LogL: -95795.553 / Time: 6h:3m:22s (0h:25m:3s left)
Estimate model parameters (epsilon = 0.100)
BETTER TREE FOUND at iteration 497: -95751.823
Iteration 500 / LogL: -96008.021 / Time: 6h:9m:15s (0h:49m:44s left)
Log-likelihood cutoff on original alignment: -96621.957
NOTE: Bootstrap correlation coefficient of split occurrence frequencies: 0.865
NOTE: UFBoot does not converge, continue at least 100 more iterations
Iteration 510 / LogL: -95919.735 / Time: 6h:15m:1s (0h:46m:16s left)
Iteration 520 / LogL: -95831.759 / Time: 6h:20m:33s (0h:41m:11s left)
Iteration 530 / LogL: -95770.104 / Time: 6h:25m:57s (0h:36m:4s left)
Iteration 540 / LogL: -95882.563 / Time: 6h:31m:34s (0h:30m:58s left)
Iteration 550 / LogL: -95810.013 / Time: 6h:37m:3s (0h:25m:50s left)
Log-likelihood cutoff on original alignment: -96621.957
Iteration 560 / LogL: -95851.340 / Time: 6h:43m:0s (0h:20m:43s left)
Estimate model parameters (epsilon = 0.100)
BETTER TREE FOUND at iteration 561: -95750.570
Iteration 570 / LogL: -95838.021 / Time: 6h:48m:54s (0h:47m:16s left)
Iteration 580 / LogL: -95754.626 / Time: 6h:54m:29s (0h:42m:7s left)
Iteration 590 / LogL: -95823.819 / Time: 7h:0m:9s (0h:36m:59s left)
Iteration 600 / LogL: -95958.236 / Time: 7h:5m:45s (0h:31m:48s left)
Log-likelihood cutoff on original alignment: -96621.957
NOTE: Bootstrap correlation coefficient of split occurrence frequencies: 0.863
NOTE: UFBoot does not converge, continue at least 100 more iterations
Iteration 610 / LogL: -95891.354 / Time: 7h:11m:49s (0h:47m:4s left)
Estimate model parameters (epsilon = 0.100)
BETTER TREE FOUND at iteration 611: -95728.273
Iteration 620 / LogL: -95795.984 / Time: 7h:17m:43s (0h:47m:41s left)
Estimate model parameters (epsilon = 0.100)
BETTER TREE FOUND at iteration 626: -95714.040
Iteration 630 / LogL: -95758.560 / Time: 7h:23m:40s (0h:50m:25s left)
Iteration 640 / LogL: -95779.750 / Time: 7h:29m:6s (0h:45m:11s left)
Iteration 650 / LogL: -95824.953 / Time: 7h:34m:50s (0h:39m:59s left)
Log-likelihood cutoff on original alignment: -96621.957
Iteration 660 / LogL: -95839.278 / Time: 7h:40m:34s (0h:34m:46s left)
Iteration 670 / LogL: -95887.548 / Time: 7h:46m:16s (0h:29m:32s left)
Iteration 680 / LogL: -95765.654 / Time: 7h:52m:2s (0h:24m:18s left)
Iteration 690 / LogL: -95793.901 / Time: 7h:57m:50s (0h:19m:2s left)
Iteration 700 / LogL: -95807.489 / Time: 8h:3m:30s (0h:13m:46s left)
Log-likelihood cutoff on original alignment: -96621.957
NOTE: Bootstrap correlation coefficient of split occurrence frequencies: 0.896
NOTE: UFBoot does not converge, continue at least 100 more iterations
Iteration 710 / LogL: -95776.889 / Time: 8h:9m:21s (0h:47m:43s left)
Iteration 720 / LogL: -95714.908 / Time: 8h:15m:19s (0h:42m:30s left)
Iteration 730 / LogL: -95944.030 / Time: 8h:20m:58s (0h:37m:13s left)
Iteration 740 / LogL: -95830.492 / Time: 8h:26m:55s (0h:31m:57s left)
Iteration 750 / LogL: -95777.242 / Time: 8h:32m:41s (0h:26m:39s left)
Log-likelihood cutoff on original alignment: -96621.957
Iteration 760 / LogL: -95724.219 / Time: 8h:38m:48s (0h:21m:22s left)
Iteration 770 / LogL: -95745.733 / Time: 8h:44m:54s (0h:16m:3s left)
Iteration 780 / LogL: -95762.251 / Time: 8h:50m:42s (0h:10m:42s left)
Iteration 790 / LogL: -95846.660 / Time: 8h:56m:52s (0h:5m:22s left)
Estimate model parameters (epsilon = 0.100)
BETTER TREE FOUND at iteration 798: -95707.415
Iteration 800 / LogL: -95814.604 / Time: 9h:3m:4s (0h:52m:42s left)
Log-likelihood cutoff on original alignment: -96618.877
NOTE: Bootstrap correlation coefficient of split occurrence frequencies: 0.900
NOTE: UFBoot does not converge, continue at least 100 more iterations
Iteration 810 / LogL: -95806.771 / Time: 9h:9m:19s (0h:48m:30s left)
Estimate model parameters (epsilon = 0.100)
BETTER TREE FOUND at iteration 813: -95645.571
Iteration 820 / LogL: -95764.174 / Time: 9h:16m:29s (0h:50m:19s left)
Iteration 830 / LogL: -95711.658 / Time: 9h:22m:39s (0h:44m:59s left)
Iteration 840 / LogL: -95662.614 / Time: 9h:29m:11s (0h:39m:39s left)
Iteration 850 / LogL: -95725.578 / Time: 9h:35m:20s (0h:34m:16s left)
Log-likelihood cutoff on original alignment: -96599.324
Iteration 860 / LogL: -95755.443 / Time: 9h:41m:40s (0h:28m:53s left)
Iteration 870 / LogL: -95757.084 / Time: 9h:47m:57s (0h:23m:29s left)
Estimate model parameters (epsilon = 0.100)
BETTER TREE FOUND at iteration 879: -95643.956
Iteration 880 / LogL: -95770.803 / Time: 9h:54m:28s (0h:54m:11s left)
Estimate model parameters (epsilon = 0.100)
BETTER TREE FOUND at iteration 890: -95642.030
Iteration 890 / LogL: -95642.030 / Time: 10h:1m:48s (0h:54m:56s left)
Iteration 900 / LogL: -95734.423 / Time: 10h:7m:40s (0h:49m:29s left)
Log-likelihood cutoff on original alignment: -96599.324
NOTE: Bootstrap correlation coefficient of split occurrence frequencies: 0.849
NOTE: UFBoot does not converge, continue at least 100 more iterations
Iteration 910 / LogL: -95689.702 / Time: 10h:13m:55s (0h:49m:33s left)
Iteration 920 / LogL: -95661.094 / Time: 10h:20m:14s (0h:44m:7s left)
Iteration 930 / LogL: -95806.635 / Time: 10h:26m:31s (0h:38m:40s left)
Iteration 940 / LogL: -95679.170 / Time: 10h:32m:32s (0h:33m:10s left)
Iteration 950 / LogL: -95703.409 / Time: 10h:38m:30s (0h:27m:40s left)
Log-likelihood cutoff on original alignment: -96599.324
Estimate model parameters (epsilon = 0.100)
BETTER TREE FOUND at iteration 957: -95633.624
Iteration 960 / LogL: -95696.945 / Time: 10h:45m:22s (0h:53m:48s left)
Iteration 970 / LogL: -95682.461 / Time: 10h:51m:37s (0h:48m:19s left)
Iteration 980 / LogL: -95743.435 / Time: 10h:58m:2s (0h:42m:50s left)
Iteration 990 / LogL: -95657.550 / Time: 11h:4m:27s (0h:37m:20s left)
Iteration 1000 / LogL: -95681.698 / Time: 11h:10m:34s (0h:31m:47s left)
Log-likelihood cutoff on original alignment: -96599.324
NOTE: Bootstrap correlation coefficient of split occurrence frequencies: 0.845
NOTE: UFBoot does not converge, continue at least 100 more iterations
Iteration 1010 / LogL: -95776.950 / Time: 11h:17m:0s (0h:50m:16s left)
Iteration 1020 / LogL: -95719.127 / Time: 11h:23m:14s (0h:44m:44s left)
Estimate model parameters (epsilon = 0.100)
BETTER TREE FOUND at iteration 1026: -95617.460
Iteration 1030 / LogL: -95723.574 / Time: 11h:29m:23s (0h:53m:44s left)
Iteration 1040 / LogL: -95730.614 / Time: 11h:35m:56s (0h:48m:13s left)
Iteration 1050 / LogL: -95641.560 / Time: 11h:42m:24s (0h:42m:40s left)
Log-likelihood cutoff on original alignment: -96599.324
Iteration 1060 / LogL: -95677.084 / Time: 11h:48m:56s (0h:37m:7s left)
Iteration 1070 / LogL: -95738.328 / Time: 11h:55m:14s (0h:31m:31s left)
Iteration 1080 / LogL: -95667.161 / Time: 12h:1m:17s (0h:25m:55s left)
Iteration 1090 / LogL: -95623.832 / Time: 12h:7m:39s (0h:20m:18s left)
Iteration 1100 / LogL: -95724.089 / Time: 12h:13m:57s (0h:14m:40s left)
Log-likelihood cutoff on original alignment: -96599.324
NOTE: Bootstrap correlation coefficient of split occurrence frequencies: 0.835
NOTE: UFBoot does not converge, continue at least 100 more iterations
Iteration 1110 / LogL: -95706.962 / Time: 12h:20m:45s (0h:50m:55s left)
Iteration 1120 / LogL: -95708.189 / Time: 12h:26m:52s (0h:45m:17s left)
Iteration 1130 / LogL: -95705.370 / Time: 12h:33m:10s (0h:39m:40s left)
Iteration 1140 / LogL: -95767.243 / Time: 12h:39m:26s (0h:34m:2s left)
Estimate model parameters (epsilon = 0.100)
BETTER TREE FOUND at iteration 1141: -95616.059
Iteration 1150 / LogL: -95616.951 / Time: 12h:45m:55s (0h:51m:41s left)
Log-likelihood cutoff on original alignment: -96599.324
Iteration 1160 / LogL: -95690.759 / Time: 12h:52m:5s (0h:46m:2s left)
Iteration 1170 / LogL: -95646.770 / Time: 12h:58m:18s (0h:40m:23s left)
Iteration 1180 / LogL: -95737.959 / Time: 13h:4m:40s (0h:34m:44s left)
Iteration 1190 / LogL: -95645.883 / Time: 13h:11m:10s (0h:29m:4s left)
Estimate model parameters (epsilon = 0.100)
BETTER TREE FOUND at iteration 1193: -95611.545
Iteration 1200 / LogL: -95705.387 / Time: 13h:19m:35s (0h:53m:13s left)
Log-likelihood cutoff on original alignment: -96599.324
NOTE: Bootstrap correlation coefficient of split occurrence frequencies: 0.825
NOTE: UFBoot does not converge, continue at least 100 more iterations
Iteration 1210 / LogL: -95686.893 / Time: 13h:26m:9s (0h:51m:34s left)
Estimate model parameters (epsilon = 0.100)
BETTER TREE FOUND at iteration 1220: -95596.227
Iteration 1220 / LogL: -95596.227 / Time: 13h:32m:51s (0h:57m:23s left)
Iteration 1230 / LogL: -95624.530 / Time: 13h:39m:20s (0h:51m:42s left)
Iteration 1240 / LogL: -95622.107 / Time: 13h:45m:32s (0h:45m:59s left)
Iteration 1250 / LogL: -95697.958 / Time: 13h:52m:2s (0h:40m:16s left)
Log-likelihood cutoff on original alignment: -96548.955
Iteration 1260 / LogL: -95704.352 / Time: 13h:58m:24s (0h:34m:33s left)
Iteration 1270 / LogL: -95678.919 / Time: 14h:4m:53s (0h:28m:49s left)
Estimate model parameters (epsilon = 0.100)
BETTER TREE FOUND at iteration 1279: -95591.548
Iteration 1280 / LogL: -95688.665 / Time: 14h:11m:50s (0h:57m:9s left)
Iteration 1290 / LogL: -95685.258 / Time: 14h:18m:7s (0h:51m:25s left)
Estimate model parameters (epsilon = 0.100)
BETTER TREE FOUND at iteration 1300: -95584.186
Iteration 1300 / LogL: -95584.186 / Time: 14h:24m:53s (0h:57m:51s left)
Log-likelihood cutoff on original alignment: -96548.955
NOTE: Bootstrap correlation coefficient of split occurrence frequencies: 0.825
NOTE: UFBoot does not converge, continue at least 100 more iterations
Iteration 1310 / LogL: -95623.166 / Time: 14h:31m:24s (0h:52m:7s left)
Iteration 1320 / LogL: -95621.086 / Time: 14h:37m:58s (0h:46m:22s left)
Iteration 1330 / LogL: -95640.265 / Time: 14h:44m:29s (0h:40m:37s left)
Iteration 1340 / LogL: -95635.156 / Time: 14h:50m:58s (0h:34m:50s left)
Iteration 1350 / LogL: -95626.313 / Time: 14h:57m:23s (0h:29m:3s left)
Log-likelihood cutoff on original alignment: -96548.955
Iteration 1360 / LogL: -95669.526 / Time: 15h:4m:15s (0h:23m:16s left)
Iteration 1370 / LogL: -95613.373 / Time: 15h:10m:39s (0h:17m:28s left)
Iteration 1380 / LogL: -95676.097 / Time: 15h:17m:27s (0h:11m:39s left)
Iteration 1390 / LogL: -95700.349 / Time: 15h:24m:8s (0h:5m:50s left)
Iteration 1400 / LogL: -95585.931 / Time: 15h:30m:44s (0h:0m:0s left)
Log-likelihood cutoff on original alignment: -96548.955
NOTE: Bootstrap correlation coefficient of split occurrence frequencies: 0.821
NOTE: UFBoot does not converge, continue at least 100 more iterations
Iteration 1410 / LogL: -95671.227 / Time: 15h:36m:50s (0h:52m:36s left)
Estimate model parameters (epsilon = 0.100)
BETTER TREE FOUND at iteration 1414: -95513.121
Iteration 1420 / LogL: -95817.326 / Time: 15h:42m:54s (0h:54m:57s left)
Iteration 1430 / LogL: -95517.484 / Time: 15h:48m:29s (0h:49m:5s left)
Iteration 1440 / LogL: -95548.218 / Time: 15h:53m:51s (0h:43m:13s left)
Iteration 1450 / LogL: -95580.770 / Time: 15h:59m:36s (0h:37m:22s left)
Log-likelihood cutoff on original alignment: -95943.080
Iteration 1460 / LogL: -95571.082 / Time: 16h:5m:33s (0h:31m:32s left)
Iteration 1470 / LogL: -95647.660 / Time: 16h:11m:6s (0h:25m:41s left)
Iteration 1480 / LogL: -95592.833 / Time: 16h:16m:52s (0h:19m:51s left)
Iteration 1490 / LogL: -95569.471 / Time: 16h:22m:34s (0h:14m:0s left)
Iteration 1500 / LogL: -95565.163 / Time: 16h:28m:20s (0h:8m:10s left)
Log-likelihood cutoff on original alignment: -95943.080
NOTE: Bootstrap correlation coefficient of split occurrence frequencies: 0.779
NOTE: UFBoot does not converge, continue at least 100 more iterations
Iteration 1510 / LogL: -95616.203 / Time: 16h:34m:32s (0h:52m:33s left)
Iteration 1520 / LogL: -95527.915 / Time: 16h:40m:16s (0h:46m:42s left)
Iteration 1530 / LogL: -95571.601 / Time: 16h:46m:6s (0h:40m:52s left)
Iteration 1540 / LogL: -95604.001 / Time: 16h:52m:1s (0h:35m:2s left)
Iteration 1550 / LogL: -95545.935 / Time: 16h:58m:9s (0h:29m:12s left)
Log-likelihood cutoff on original alignment: -95943.080
Estimate model parameters (epsilon = 0.100)
BETTER TREE FOUND at iteration 1553: -95502.944
Iteration 1560 / LogL: -95510.387 / Time: 17h:4m:50s (0h:54m:22s left)
Estimate model parameters (epsilon = 0.100)
BETTER TREE FOUND at iteration 1567: -95489.392
Iteration 1570 / LogL: -95561.271 / Time: 17h:11m:7s (0h:56m:44s left)
Iteration 1580 / LogL: -95523.117 / Time: 17h:16m:57s (0h:50m:53s left)
Iteration 1590 / LogL: -95539.898 / Time: 17h:22m:29s (0h:45m:1s left)
Iteration 1600 / LogL: -95551.339 / Time: 17h:28m:16s (0h:39m:10s left)
Log-likelihood cutoff on original alignment: -95789.662
NOTE: Bootstrap correlation coefficient of split occurrence frequencies: 0.775
NOTE: UFBoot does not converge, continue at least 100 more iterations
Estimate model parameters (epsilon = 0.100)
BETTER TREE FOUND at iteration 1609: -95471.221
Iteration 1610 / LogL: -95654.451 / Time: 17h:34m:39s (0h:57m:55s left)
Iteration 1620 / LogL: -95565.663 / Time: 17h:40m:18s (0h:52m:3s left)
Iteration 1630 / LogL: -95523.544 / Time: 17h:45m:53s (0h:46m:11s left)
Iteration 1640 / LogL: -95628.494 / Time: 17h:51m:37s (0h:40m:20s left)
Estimate model parameters (epsilon = 0.100)
BETTER TREE FOUND at iteration 1645: -95460.100
Iteration 1650 / LogL: -95515.171 / Time: 17h:57m:22s (0h:55m:32s left)
Log-likelihood cutoff on original alignment: -95789.662
Iteration 1660 / LogL: -95586.230 / Time: 18h:3m:7s (0h:49m:41s left)
Iteration 1670 / LogL: -95577.288 / Time: 18h:8m:21s (0h:43m:48s left)
Iteration 1680 / LogL: -95575.579 / Time: 18h:14m:0s (0h:37m:57s left)
Iteration 1690 / LogL: -95520.126 / Time: 18h:19m:37s (0h:32m:6s left)
Estimate model parameters (epsilon = 0.100)
BETTER TREE FOUND at iteration 1694: -95454.959
Iteration 1700 / LogL: -95490.943 / Time: 18h:25m:38s (0h:54m:54s left)
Log-likelihood cutoff on original alignment: -95772.246
NOTE: Bootstrap correlation coefficient of split occurrence frequencies: 0.805
NOTE: UFBoot does not converge, continue at least 100 more iterations
Iteration 1710 / LogL: -95531.192 / Time: 18h:31m:22s (0h:52m:33s left)
Iteration 1720 / LogL: -95499.065 / Time: 18h:36m:38s (0h:46m:41s left)
Iteration 1730 / LogL: -95564.273 / Time: 18h:41m:51s (0h:40m:49s left)
Iteration 1740 / LogL: -95578.318 / Time: 18h:47m:5s (0h:34m:58s left)
Iteration 1750 / LogL: -95568.453 / Time: 18h:52m:23s (0h:29m:7s left)
Log-likelihood cutoff on original alignment: -95772.246
Estimate model parameters (epsilon = 0.100)
BETTER TREE FOUND at iteration 1753: -95451.598
Iteration 1760 / LogL: -95550.833 / Time: 18h:58m:35s (0h:54m:12s left)
Iteration 1770 / LogL: -95541.916 / Time: 19h:4m:17s (0h:48m:22s left)
Iteration 1780 / LogL: -95577.862 / Time: 19h:9m:39s (0h:42m:31s left)
Iteration 1790 / LogL: -95513.641 / Time: 19h:15m:28s (0h:36m:41s left)
Iteration 1800 / LogL: -95552.323 / Time: 19h:20m:51s (0h:30m:51s left)
Log-likelihood cutoff on original alignment: -95772.246
NOTE: Bootstrap correlation coefficient of split occurrence frequencies: 0.797
NOTE: UFBoot does not converge, continue at least 100 more iterations
Iteration 1810 / LogL: -95503.805 / Time: 19h:26m:40s (0h:52m:24s left)
Iteration 1820 / LogL: -95519.199 / Time: 19h:32m:27s (0h:46m:34s left)
Estimate model parameters (epsilon = 0.100)
BETTER TREE FOUND at iteration 1829: -95423.214
Iteration 1830 / LogL: -95476.373 / Time: 19h:38m:19s (0h:57m:38s left)
Iteration 1840 / LogL: -95494.164 / Time: 19h:43m:28s (0h:51m:47s left)
Iteration 1850 / LogL: -95552.676 / Time: 19h:48m:35s (0h:45m:56s left)
Log-likelihood cutoff on original alignment: -95772.246
Iteration 1860 / LogL: -95473.818 / Time: 19h:54m:1s (0h:40m:6s left)
Iteration 1870 / LogL: -95527.715 / Time: 19h:59m:15s (0h:34m:16s left)
Iteration 1880 / LogL: -95478.381 / Time: 20h:4m:25s (0h:28m:27s left)
Iteration 1890 / LogL: -95505.583 / Time: 20h:9m:46s (0h:22m:38s left)
Iteration 1900 / LogL: -95546.054 / Time: 20h:14m:59s (0h:16m:49s left)
Log-likelihood cutoff on original alignment: -95772.246
NOTE: Bootstrap correlation coefficient of split occurrence frequencies: 0.799
NOTE: UFBoot does not converge, continue at least 100 more iterations
Iteration 1910 / LogL: -95507.250 / Time: 20h:20m:46s (0h:52m:12s left)
Iteration 1920 / LogL: -95619.471 / Time: 20h:25m:47s (0h:46m:22s left)
Iteration 1930 / LogL: -95537.176 / Time: 20h:31m:16s (0h:40m:34s left)
Iteration 1940 / LogL: -95536.148 / Time: 20h:36m:17s (0h:34m:44s left)
Estimate model parameters (epsilon = 0.100)
BETTER TREE FOUND at iteration 1949: -95416.842
Iteration 1950 / LogL: -95526.012 / Time: 20h:41m:45s (0h:57m:19s left)
Log-likelihood cutoff on original alignment: -95772.246
Iteration 1960 / LogL: -95549.401 / Time: 20h:46m:9s (0h:51m:27s left)
Iteration 1970 / LogL: -95518.166 / Time: 20h:49m:58s (0h:45m:36s left)
Iteration 1980 / LogL: -95425.084 / Time: 20h:53m:45s (0h:39m:45s left)
Iteration 1990 / LogL: -95469.520 / Time: 20h:57m:38s (0h:33m:56s left)
Iteration 2000 / LogL: -95519.688 / Time: 21h:1m:40s (0h:28m:8s left)
Log-likelihood cutoff on original alignment: -95772.246
NOTE: Bootstrap correlation coefficient of split occurrence frequencies: 0.824
NOTE: UFBoot does not converge, continue at least 100 more iterations
Iteration 2010 / LogL: -95491.724 / Time: 21h:5m:53s (0h:51m:37s left)
Iteration 2020 / LogL: -95601.200 / Time: 21h:9m:46s (0h:45m:49s left)
Iteration 2030 / LogL: -95468.169 / Time: 21h:13m:36s (0h:40m:1s left)
Iteration 2040 / LogL: -95603.294 / Time: 21h:17m:24s (0h:34m:15s left)
Iteration 2050 / LogL: -95541.525 / Time: 21h:21m:24s (0h:28m:30s left)
Log-likelihood cutoff on original alignment: -95772.246
Iteration 2060 / LogL: -95502.344 / Time: 21h:25m:26s (0h:22m:46s left)
Iteration 2070 / LogL: -95512.628 / Time: 21h:29m:26s (0h:17m:3s left)
Iteration 2080 / LogL: -95491.794 / Time: 21h:33m:27s (0h:11m:21s left)
Iteration 2090 / LogL: -95468.229 / Time: 21h:37m:20s (0h:5m:40s left)
Iteration 2100 / LogL: -95487.460 / Time: 21h:41m:15s (0h:0m:0s left)
Log-likelihood cutoff on original alignment: -95772.246
NOTE: Bootstrap correlation coefficient of split occurrence frequencies: 0.842
NOTE: UFBoot does not converge, continue at least 100 more iterations
Iteration 2110 / LogL: -95470.300 / Time: 21h:45m:28s (0h:50m:52s left)
Iteration 2120 / LogL: -95572.555 / Time: 21h:49m:16s (0h:45m:9s left)
Iteration 2130 / LogL: -95510.057 / Time: 21h:53m:9s (0h:39m:26s left)
Iteration 2140 / LogL: -95532.808 / Time: 21h:57m:1s (0h:33m:45s left)
Iteration 2150 / LogL: -95506.703 / Time: 22h:0m:47s (0h:28m:5s left)
Log-likelihood cutoff on original alignment: -95772.246
Iteration 2160 / LogL: -95530.113 / Time: 22h:4m:44s (0h:22m:26s left)
Iteration 2170 / LogL: -95509.840 / Time: 22h:8m:48s (0h:16m:48s left)
Iteration 2180 / LogL: -95505.764 / Time: 22h:12m:46s (0h:11m:11s left)
Iteration 2190 / LogL: -95463.754 / Time: 22h:16m:43s (0h:5m:35s left)
Iteration 2200 / LogL: -95536.129 / Time: 22h:20m:39s (0h:0m:0s left)
Log-likelihood cutoff on original alignment: -95772.246
NOTE: Bootstrap correlation coefficient of split occurrence frequencies: 0.850
NOTE: UFBoot does not converge, continue at least 100 more iterations
Iteration 2210 / LogL: -95494.129 / Time: 22h:24m:46s (0h:50m:10s left)
Iteration 2220 / LogL: -95457.309 / Time: 22h:28m:49s (0h:44m:32s left)
Iteration 2230 / LogL: -95618.442 / Time: 22h:32m:40s (0h:38m:55s left)
Iteration 2240 / LogL: -95568.853 / Time: 22h:36m:35s (0h:33m:18s left)
Iteration 2250 / LogL: -95496.751 / Time: 22h:40m:30s (0h:27m:43s left)
Log-likelihood cutoff on original alignment: -95772.246
Iteration 2260 / LogL: -95466.118 / Time: 22h:44m:36s (0h:22m:9s left)
Estimate model parameters (epsilon = 0.100)
BETTER TREE FOUND at iteration 2269: -95414.229
Iteration 2270 / LogL: -95495.039 / Time: 22h:49m:2s (0h:54m:47s left)
Iteration 2280 / LogL: -95505.899 / Time: 22h:53m:6s (0h:49m:11s left)
Iteration 2290 / LogL: -95490.807 / Time: 22h:57m:0s (0h:43m:36s left)
Iteration 2300 / LogL: -95614.726 / Time: 23h:0m:56s (0h:38m:2s left)
Log-likelihood cutoff on original alignment: -95772.246
NOTE: Bootstrap correlation coefficient of split occurrence frequencies: 0.856
NOTE: UFBoot does not converge, continue at least 100 more iterations
Iteration 2310 / LogL: -95505.068 / Time: 23h:5m:16s (0h:49m:34s left)
Iteration 2320 / LogL: -95488.006 / Time: 23h:9m:16s (0h:44m:0s left)
Iteration 2330 / LogL: -95700.014 / Time: 23h:13m:17s (0h:38m:28s left)
Iteration 2340 / LogL: -95567.519 / Time: 23h:17m:17s (0h:32m:56s left)
Iteration 2350 / LogL: -95475.390 / Time: 23h:21m:29s (0h:27m:25s left)
Log-likelihood cutoff on original alignment: -95772.246
Iteration 2360 / LogL: -95460.250 / Time: 23h:25m:38s (0h:21m:54s left)
Iteration 2370 / LogL: -95512.830 / Time: 23h:29m:37s (0h:16m:24s left)
Iteration 2380 / LogL: -95546.878 / Time: 23h:33m:40s (0h:10m:55s left)
Iteration 2390 / LogL: -95556.138 / Time: 23h:37m:33s (0h:5m:27s left)
Iteration 2400 / LogL: -95614.215 / Time: 23h:41m:33s (0h:0m:0s left)
Log-likelihood cutoff on original alignment: -95728.891
NOTE: Bootstrap correlation coefficient of split occurrence frequencies: 0.864
NOTE: UFBoot does not converge, continue at least 100 more iterations
Iteration 2410 / LogL: -95527.193 / Time: 23h:45m:41s (0h:49m:1s left)
Iteration 2420 / LogL: -95570.342 / Time: 23h:49m:35s (0h:43m:31s left)
Iteration 2430 / LogL: -95544.977 / Time: 23h:53m:50s (0h:38m:3s left)
Iteration 2440 / LogL: -95484.565 / Time: 23h:57m:44s (0h:32m:34s left)
Iteration 2450 / LogL: -95540.419 / Time: 24h:1m:40s (0h:27m:7s left)
Log-likelihood cutoff on original alignment: -95728.891
Iteration 2460 / LogL: -95427.953 / Time: 24h:6m:8s (0h:21m:40s left)
Iteration 2470 / LogL: -95416.404 / Time: 24h:10m:13s (0h:16m:14s left)
Iteration 2480 / LogL: -95518.638 / Time: 24h:14m:15s (0h:10m:49s left)
Iteration 2490 / LogL: -95543.959 / Time: 24h:18m:14s (0h:5m:24s left)
Iteration 2500 / LogL: -95446.288 / Time: 24h:22m:23s (0h:0m:0s left)
Log-likelihood cutoff on original alignment: -95728.891
NOTE: Bootstrap correlation coefficient of split occurrence frequencies: 0.869
NOTE: UFBoot does not converge, continue at least 100 more iterations
Iteration 2510 / LogL: -95501.448 / Time: 24h:26m:42s (0h:48m:32s left)
Iteration 2520 / LogL: -95469.287 / Time: 24h:30m:43s (0h:43m:6s left)
Iteration 2530 / LogL: -95478.156 / Time: 24h:34m:56s (0h:37m:41s left)
Iteration 2540 / LogL: -95472.628 / Time: 24h:38m:53s (0h:32m:16s left)
Iteration 2550 / LogL: -95492.354 / Time: 24h:43m:0s (0h:26m:51s left)
Log-likelihood cutoff on original alignment: -95728.891
Iteration 2560 / LogL: -95448.386 / Time: 24h:47m:16s (0h:21m:28s left)
Iteration 2570 / LogL: -95454.035 / Time: 24h:51m:26s (0h:16m:5s left)
Estimate model parameters (epsilon = 0.100)
BETTER TREE FOUND at iteration 2575: -95410.564
Iteration 2580 / LogL: -95540.125 / Time: 24h:55m:52s (0h:50m:55s left)
Iteration 2590 / LogL: -95535.167 / Time: 25h:0m:9s (0h:45m:31s left)
Iteration 2600 / LogL: -95510.589 / Time: 25h:4m:23s (0h:40m:8s left)
Log-likelihood cutoff on original alignment: -95728.891
NOTE: Bootstrap correlation coefficient of split occurrence frequencies: 0.871
NOTE: UFBoot does not converge, continue at least 100 more iterations
Estimate model parameters (epsilon = 0.100)
BETTER TREE FOUND at iteration 2604: -95405.171
Iteration 2610 / LogL: -95588.661 / Time: 25h:9m:4s (0h:50m:17s left)
Iteration 2620 / LogL: -95517.081 / Time: 25h:13m:14s (0h:44m:53s left)
Iteration 2630 / LogL: -95541.843 / Time: 25h:17m:37s (0h:39m:31s left)
Iteration 2640 / LogL: -95464.492 / Time: 25h:21m:48s (0h:34m:9s left)
Iteration 2650 / LogL: -95464.071 / Time: 25h:26m:0s (0h:28m:47s left)
Log-likelihood cutoff on original alignment: -95728.891
Iteration 2660 / LogL: -95594.137 / Time: 25h:30m:21s (0h:23m:26s left)
Iteration 2670 / LogL: -95521.672 / Time: 25h:34m:38s (0h:18m:6s left)
Iteration 2680 / LogL: -95493.582 / Time: 25h:38m:45s (0h:12m:46s left)
Iteration 2690 / LogL: -95637.697 / Time: 25h:43m:0s (0h:7m:26s left)
Iteration 2700 / LogL: -95505.661 / Time: 25h:47m:16s (0h:2m:7s left)
Log-likelihood cutoff on original alignment: -95728.891
NOTE: Bootstrap correlation coefficient of split occurrence frequencies: 0.871
NOTE: UFBoot does not converge, continue at least 100 more iterations
Iteration 2710 / LogL: -95470.098 / Time: 25h:51m:47s (0h:47m:47s left)
Iteration 2720 / LogL: -95576.348 / Time: 25h:55m:57s (0h:42m:26s left)
Iteration 2730 / LogL: -95493.042 / Time: 26h:0m:26s (0h:37m:7s left)
Iteration 2740 / LogL: -95523.377 / Time: 26h:4m:50s (0h:31m:47s left)
Iteration 2750 / LogL: -95528.515 / Time: 26h:8m:58s (0h:26m:28s left)
Log-likelihood cutoff on original alignment: -95728.891
Iteration 2760 / LogL: -95486.073 / Time: 26h:13m:22s (0h:21m:10s left)
Iteration 2770 / LogL: -95469.400 / Time: 26h:17m:37s (0h:15m:51s left)
Iteration 2780 / LogL: -95584.286 / Time: 26h:21m:59s (0h:10m:34s left)
Iteration 2790 / LogL: -95563.602 / Time: 26h:26m:17s (0h:5m:16s left)
Iteration 2800 / LogL: -95463.136 / Time: 26h:30m:28s (0h:0m:0s left)
Log-likelihood cutoff on original alignment: -95728.891
NOTE: Bootstrap correlation coefficient of split occurrence frequencies: 0.878
NOTE: UFBoot does not converge, continue at least 100 more iterations
Iteration 2810 / LogL: -95447.619 / Time: 26h:34m:57s (0h:47m:28s left)
Iteration 2820 / LogL: -95523.733 / Time: 26h:39m:19s (0h:42m:10s left)
Iteration 2830 / LogL: -95520.148 / Time: 26h:43m:31s (0h:36m:52s left)
Iteration 2840 / LogL: -95595.066 / Time: 26h:47m:56s (0h:31m:35s left)
Iteration 2850 / LogL: -95611.974 / Time: 26h:52m:8s (0h:26m:18s left)
Log-likelihood cutoff on original alignment: -95728.891
Iteration 2860 / LogL: -95464.727 / Time: 26h:56m:45s (0h:21m:2s left)
Iteration 2870 / LogL: -95458.068 / Time: 27h:1m:2s (0h:15m:45s left)
Iteration 2880 / LogL: -95432.011 / Time: 27h:5m:15s (0h:10m:30s left)
Iteration 2890 / LogL: -95533.966 / Time: 27h:9m:27s (0h:5m:14s left)
Iteration 2900 / LogL: -95543.225 / Time: 27h:13m:33s (0h:0m:0s left)
Log-likelihood cutoff on original alignment: -95663.558
NOTE: Bootstrap correlation coefficient of split occurrence frequencies: 0.917
NOTE: UFBoot does not converge, continue at least 100 more iterations
Iteration 2910 / LogL: -95512.904 / Time: 27h:18m:8s (0h:47m:10s left)
Iteration 2920 / LogL: -95433.410 / Time: 27h:22m:20s (0h:41m:54s left)
Estimate model parameters (epsilon = 0.100)
BETTER TREE FOUND at iteration 2923: -95392.896
Iteration 2930 / LogL: -95533.570 / Time: 27h:26m:48s (0h:48m:41s left)
Iteration 2940 / LogL: -95461.559 / Time: 27h:31m:9s (0h:43m:25s left)
Iteration 2950 / LogL: -95440.815 / Time: 27h:35m:21s (0h:38m:10s left)
Log-likelihood cutoff on original alignment: -95663.558
Iteration 2960 / LogL: -95489.467 / Time: 27h:39m:50s (0h:32m:55s left)
Iteration 2970 / LogL: -95510.519 / Time: 27h:43m:53s (0h:27m:40s left)
Iteration 2980 / LogL: -95538.418 / Time: 27h:48m:8s (0h:22m:26s left)
Iteration 2990 / LogL: -95532.979 / Time: 27h:52m:23s (0h:17m:12s left)
Iteration 3000 / LogL: -95435.665 / Time: 27h:56m:35s (0h:11m:59s left)
Log-likelihood cutoff on original alignment: -95663.558
NOTE: Bootstrap correlation coefficient of split occurrence frequencies: 0.925
NOTE: UFBoot does not converge, continue at least 100 more iterations
Iteration 3010 / LogL: -95469.260 / Time: 28h:1m:6s (0h:46m:53s left)
Iteration 3020 / LogL: -95505.906 / Time: 28h:5m:15s (0h:41m:39s left)
Iteration 3030 / LogL: -95502.567 / Time: 28h:9m:39s (0h:36m:25s left)
Iteration 3040 / LogL: -95519.262 / Time: 28h:14m:2s (0h:31m:12s left)
Iteration 3050 / LogL: -95457.998 / Time: 28h:18m:28s (0h:25m:59s left)
Log-likelihood cutoff on original alignment: -95663.558
Iteration 3060 / LogL: -95414.786 / Time: 28h:23m:2s (0h:20m:47s left)
Estimate model parameters (epsilon = 0.100)
BETTER TREE FOUND at iteration 3070: -95385.355
Iteration 3070 / LogL: -95385.355 / Time: 28h:27m:39s (0h:51m:56s left)
Iteration 3080 / LogL: -95435.140 / Time: 28h:31m:56s (0h:46m:43s left)
Iteration 3090 / LogL: -95483.217 / Time: 28h:36m:24s (0h:41m:31s left)
Iteration 3100 / LogL: -95489.159 / Time: 28h:40m:44s (0h:36m:18s left)
Log-likelihood cutoff on original alignment: -95663.558
NOTE: Bootstrap correlation coefficient of split occurrence frequencies: 0.925
NOTE: UFBoot does not converge, continue at least 100 more iterations
Iteration 3110 / LogL: -95559.595 / Time: 28h:45m:16s (0h:46m:39s left)
Iteration 3120 / LogL: -95447.871 / Time: 28h:49m:46s (0h:41m:27s left)
Iteration 3130 / LogL: -95452.317 / Time: 28h:54m:10s (0h:36m:15s left)
Iteration 3140 / LogL: -95438.800 / Time: 28h:58m:31s (0h:31m:3s left)
Iteration 3150 / LogL: -95537.814 / Time: 29h:2m:45s (0h:25m:52s left)
Log-likelihood cutoff on original alignment: -95663.558
Iteration 3160 / LogL: -95480.781 / Time: 29h:7m:12s (0h:20m:41s left)
Iteration 3170 / LogL: -95498.254 / Time: 29h:11m:30s (0h:15m:30s left)
Iteration 3180 / LogL: -95505.285 / Time: 29h:15m:53s (0h:10m:20s left)
Iteration 3190 / LogL: -95471.816 / Time: 29h:20m:12s (0h:5m:9s left)
Iteration 3200 / LogL: -95426.840 / Time: 29h:24m:32s (0h:0m:0s left)
Log-likelihood cutoff on original alignment: -95663.558
NOTE: Bootstrap correlation coefficient of split occurrence frequencies: 0.924
NOTE: UFBoot does not converge, continue at least 100 more iterations
Iteration 3210 / LogL: -95481.553 / Time: 29h:29m:6s (0h:46m:26s left)
Iteration 3220 / LogL: -95461.123 / Time: 29h:33m:32s (0h:41m:15s left)
Iteration 3230 / LogL: -95459.222 / Time: 29h:37m:44s (0h:36m:4s left)
Iteration 3240 / LogL: -95520.860 / Time: 29h:42m:10s (0h:30m:54s left)
Iteration 3250 / LogL: -95529.409 / Time: 29h:46m:24s (0h:25m:44s left)
Log-likelihood cutoff on original alignment: -95663.558
Iteration 3260 / LogL: -95497.895 / Time: 29h:51m:6s (0h:20m:35s left)
Iteration 3270 / LogL: -95539.064 / Time: 29h:55m:32s (0h:15m:26s left)
Iteration 3280 / LogL: -95476.724 / Time: 29h:59m:56s (0h:10m:17s left)
Iteration 3290 / LogL: -95474.353 / Time: 30h:4m:18s (0h:5m:8s left)
Iteration 3300 / LogL: -95478.970 / Time: 30h:8m:47s (0h:0m:0s left)
Log-likelihood cutoff on original alignment: -95663.558
NOTE: Bootstrap correlation coefficient of split occurrence frequencies: 0.922
NOTE: UFBoot does not converge, continue at least 100 more iterations
Iteration 3310 / LogL: -95582.167 / Time: 30h:13m:27s (0h:46m:14s left)
Iteration 3320 / LogL: -95564.674 / Time: 30h:17m:46s (0h:41m:4s left)
Iteration 3330 / LogL: -95489.874 / Time: 30h:22m:6s (0h:35m:55s left)
Iteration 3340 / LogL: -95440.087 / Time: 30h:26m:40s (0h:30m:47s left)
Iteration 3350 / LogL: -95483.825 / Time: 30h:31m:1s (0h:25m:38s left)
Log-likelihood cutoff on original alignment: -95663.558
Iteration 3360 / LogL: -95516.123 / Time: 30h:35m:39s (0h:20m:30s left)
Iteration 3370 / LogL: -95554.352 / Time: 30h:39m:59s (0h:15m:22s left)
Iteration 3380 / LogL: -95425.860 / Time: 30h:44m:18s (0h:10m:14s left)
Iteration 3390 / LogL: -95475.687 / Time: 30h:48m:39s (0h:5m:7s left)
Iteration 3400 / LogL: -95515.240 / Time: 30h:53m:14s (0h:0m:0s left)
Log-likelihood cutoff on original alignment: -95663.558
NOTE: Bootstrap correlation coefficient of split occurrence frequencies: 0.925
NOTE: UFBoot does not converge, continue at least 100 more iterations
Iteration 3410 / LogL: -95428.200 / Time: 30h:58m:7s (0h:46m:3s left)
Iteration 3420 / LogL: -95582.455 / Time: 31h:2m:38s (0h:40m:55s left)
Iteration 3430 / LogL: -95492.372 / Time: 31h:7m:12s (0h:35m:48s left)
Iteration 3440 / LogL: -95449.556 / Time: 31h:11m:38s (0h:30m:40s left)
Iteration 3450 / LogL: -95512.328 / Time: 31h:16m:16s (0h:25m:33s left)
Log-likelihood cutoff on original alignment: -95663.558
Iteration 3460 / LogL: -95439.855 / Time: 31h:20m:58s (0h:20m:26s left)
Iteration 3470 / LogL: -95506.631 / Time: 31h:25m:28s (0h:15m:19s left)
Iteration 3480 / LogL: -95485.312 / Time: 31h:30m:7s (0h:10m:12s left)
Iteration 3490 / LogL: -95531.439 / Time: 31h:34m:37s (0h:5m:6s left)
Iteration 3500 / LogL: -95515.149 / Time: 31h:39m:11s (0h:0m:0s left)
Log-likelihood cutoff on original alignment: -95663.558
NOTE: Bootstrap correlation coefficient of split occurrence frequencies: 0.923
NOTE: UFBoot does not converge, continue at least 100 more iterations
Iteration 3510 / LogL: -95465.931 / Time: 31h:44m:7s (0h:45m:55s left)
Iteration 3520 / LogL: -95456.170 / Time: 31h:48m:38s (0h:40m:48s left)
Estimate model parameters (epsilon = 0.100)
BETTER TREE FOUND at iteration 3523: -95375.483
Iteration 3530 / LogL: -95590.102 / Time: 31h:53m:27s (0h:47m:26s left)
Iteration 3540 / LogL: -95576.556 / Time: 31h:58m:3s (0h:42m:19s left)
Iteration 3550 / LogL: -95422.544 / Time: 32h:2m:59s (0h:37m:13s left)
Log-likelihood cutoff on original alignment: -95663.558
Iteration 3560 / LogL: -95513.952 / Time: 32h:8m:4s (0h:32m:7s left)
Iteration 3570 / LogL: -95547.586 / Time: 32h:13m:3s (0h:27m:1s left)
Iteration 3580 / LogL: -95513.547 / Time: 32h:17m:51s (0h:21m:55s left)
Iteration 3590 / LogL: -95455.452 / Time: 32h:22m:35s (0h:16m:49s left)
Iteration 3600 / LogL: -95495.508 / Time: 32h:27m:40s (0h:11m:43s left)
Log-likelihood cutoff on original alignment: -95663.558
NOTE: Bootstrap correlation coefficient of split occurrence frequencies: 0.924
NOTE: UFBoot does not converge, continue at least 100 more iterations
Iteration 3610 / LogL: -95535.393 / Time: 32h:32m:40s (0h:45m:52s left)
Iteration 3620 / LogL: -95430.688 / Time: 32h:37m:34s (0h:40m:46s left)
Iteration 3630 / LogL: -95456.126 / Time: 32h:42m:24s (0h:35m:40s left)
Iteration 3640 / LogL: -95444.922 / Time: 32h:47m:28s (0h:30m:34s left)
Iteration 3650 / LogL: -95502.595 / Time: 32h:52m:33s (0h:25m:28s left)
Log-likelihood cutoff on original alignment: -95663.558
Iteration 3660 / LogL: -95424.424 / Time: 32h:57m:35s (0h:20m:22s left)
Iteration 3670 / LogL: -95436.900 / Time: 33h:2m:27s (0h:15m:16s left)
Iteration 3680 / LogL: -95491.433 / Time: 33h:6m:59s (0h:10m:11s left)
Iteration 3690 / LogL: -95496.674 / Time: 33h:11m:36s (0h:5m:5s left)
Iteration 3700 / LogL: -95567.711 / Time: 33h:16m:28s (0h:0m:0s left)
Log-likelihood cutoff on original alignment: -95663.558
NOTE: Bootstrap correlation coefficient of split occurrence frequencies: 0.933
NOTE: UFBoot does not converge, continue at least 100 more iterations
Iteration 3710 / LogL: -95449.445 / Time: 33h:21m:46s (0h:45m:49s left)
Iteration 3720 / LogL: -95513.704 / Time: 33h:26m:59s (0h:40m:44s left)
Iteration 3730 / LogL: -95426.254 / Time: 33h:31m:54s (0h:35m:38s left)
Iteration 3740 / LogL: -95445.297 / Time: 33h:36m:51s (0h:30m:32s left)
Iteration 3750 / LogL: -95462.985 / Time: 33h:41m:44s (0h:25m:27s left)
Log-likelihood cutoff on original alignment: -95663.558
Iteration 3760 / LogL: -95568.067 / Time: 33h:46m:41s (0h:20m:21s left)
Iteration 3770 / LogL: -95465.530 / Time: 33h:51m:40s (0h:15m:16s left)
Iteration 3780 / LogL: -95485.516 / Time: 33h:56m:21s (0h:10m:10s left)
Iteration 3790 / LogL: -95492.829 / Time: 34h:1m:43s (0h:5m:5s left)
Iteration 3800 / LogL: -95550.788 / Time: 34h:6m:35s (0h:0m:0s left)
Log-likelihood cutoff on original alignment: -95663.558
NOTE: Bootstrap correlation coefficient of split occurrence frequencies: 0.934
NOTE: UFBoot does not converge, continue at least 100 more iterations
Iteration 3810 / LogL: -95600.303 / Time: 34h:11m:42s (0h:45m:48s left)
Iteration 3820 / LogL: -95505.087 / Time: 34h:16m:45s (0h:40m:42s left)
Iteration 3830 / LogL: -95571.408 / Time: 34h:21m:30s (0h:35m:36s left)
Iteration 3840 / LogL: -95455.899 / Time: 34h:26m:12s (0h:30m:31s left)
Iteration 3850 / LogL: -95408.833 / Time: 34h:31m:8s (0h:25m:25s left)
Log-likelihood cutoff on original alignment: -95663.558
Iteration 3860 / LogL: -95399.689 / Time: 34h:36m:14s (0h:20m:20s left)
Iteration 3870 / LogL: -95477.927 / Time: 34h:41m:1s (0h:15m:15s left)
Iteration 3880 / LogL: -95438.972 / Time: 34h:45m:33s (0h:10m:10s left)
NOTE: 3.287 seconds to dump checkpoint file, increase to 66.000
Iteration 3890 / LogL: -95404.001 / Time: 34h:50m:28s (0h:5m:5s left)
Iteration 3900 / LogL: -95511.051 / Time: 34h:55m:14s (0h:0m:0s left)
Log-likelihood cutoff on original alignment: -95663.558
NOTE: Bootstrap correlation coefficient of split occurrence frequencies: 0.938
NOTE: UFBoot does not converge, continue at least 100 more iterations
Iteration 3910 / LogL: -95434.163 / Time: 35h:0m:19s (0h:45m:44s left)
Iteration 3920 / LogL: -95556.340 / Time: 35h:5m:10s (0h:40m:39s left)
Iteration 3930 / LogL: -95503.522 / Time: 35h:9m:59s (0h:35m:34s left)
NOTE: 3.424 seconds to dump checkpoint file, increase to 69.000
Iteration 3940 / LogL: -95405.003 / Time: 35h:14m:56s (0h:30m:29s left)
Iteration 3950 / LogL: -95501.809 / Time: 35h:19m:51s (0h:25m:24s left)
Log-likelihood cutoff on original alignment: -95663.558
Iteration 3960 / LogL: -95444.626 / Time: 35h:25m:4s (0h:20m:19s left)
Iteration 3970 / LogL: -95504.535 / Time: 35h:29m:48s (0h:15m:14s left)
Iteration 3980 / LogL: -95461.268 / Time: 35h:34m:47s (0h:10m:9s left)
Iteration 3990 / LogL: -95456.687 / Time: 35h:39m:38s (0h:5m:4s left)
Iteration 4000 / LogL: -95472.010 / Time: 35h:44m:21s (0h:0m:0s left)
Log-likelihood cutoff on original alignment: -95663.558
NOTE: Bootstrap correlation coefficient of split occurrence frequencies: 0.946
NOTE: UFBoot does not converge, continue at least 100 more iterations
Iteration 4010 / LogL: -95428.983 / Time: 35h:49m:46s (0h:45m:43s left)
Iteration 4020 / LogL: -95419.403 / Time: 35h:54m:40s (0h:40m:38s left)
Iteration 4030 / LogL: -95519.949 / Time: 35h:59m:30s (0h:35m:33s left)
NOTE: 4.178 seconds to dump checkpoint file, increase to 84.000
Iteration 4040 / LogL: -95491.859 / Time: 36h:4m:31s (0h:30m:28s left)
Iteration 4050 / LogL: -95493.608 / Time: 36h:9m:19s (0h:25m:23s left)
Log-likelihood cutoff on original alignment: -95663.558
Iteration 4060 / LogL: -95447.139 / Time: 36h:14m:44s (0h:20m:18s left)
Iteration 4070 / LogL: -95541.103 / Time: 36h:19m:48s (0h:15m:14s left)
Iteration 4080 / LogL: -95451.144 / Time: 36h:24m:54s (0h:10m:9s left)
Iteration 4090 / LogL: -95421.364 / Time: 36h:29m:56s (0h:5m:4s left)
Iteration 4100 / LogL: -95518.822 / Time: 36h:34m:49s (0h:0m:0s left)
Log-likelihood cutoff on original alignment: -95663.558
NOTE: Bootstrap correlation coefficient of split occurrence frequencies: 0.952
NOTE: UFBoot does not converge, continue at least 100 more iterations
Iteration 4110 / LogL: -95482.298 / Time: 36h:40m:6s (0h:45m:42s left)
Iteration 4120 / LogL: -95518.948 / Time: 36h:45m:10s (0h:40m:37s left)
Iteration 4130 / LogL: -95553.718 / Time: 36h:50m:12s (0h:35m:32s left)
Iteration 4140 / LogL: -95545.071 / Time: 36h:55m:2s (0h:30m:28s left)
Iteration 4150 / LogL: -95543.810 / Time: 37h:0m:5s (0h:25m:23s left)
Log-likelihood cutoff on original alignment: -95663.558
Iteration 4160 / LogL: -95421.013 / Time: 37h:5m:17s (0h:20m:18s left)
Iteration 4170 / LogL: -95562.994 / Time: 37h:10m:21s (0h:15m:14s left)
Iteration 4180 / LogL: -95567.325 / Time: 37h:15m:11s (0h:10m:9s left)
Iteration 4190 / LogL: -95423.377 / Time: 37h:20m:18s (0h:5m:4s left)
Iteration 4200 / LogL: -95485.050 / Time: 37h:25m:30s (0h:0m:0s left)
Log-likelihood cutoff on original alignment: -95663.558
NOTE: Bootstrap correlation coefficient of split occurrence frequencies: 0.953
NOTE: UFBoot does not converge, continue at least 100 more iterations
Iteration 4210 / LogL: -95470.807 / Time: 37h:30m:50s (0h:45m:42s left)
Iteration 4220 / LogL: -95500.458 / Time: 37h:35m:57s (0h:40m:37s left)
Iteration 4230 / LogL: -95471.533 / Time: 37h:41m:1s (0h:35m:32s left)
Iteration 4240 / LogL: -95553.173 / Time: 37h:46m:10s (0h:30m:28s left)
Iteration 4250 / LogL: -95427.910 / Time: 37h:51m:17s (0h:25m:23s left)
Log-likelihood cutoff on original alignment: -95663.558
Iteration 4260 / LogL: -95453.753 / Time: 37h:56m:28s (0h:20m:18s left)
Iteration 4270 / LogL: -95577.609 / Time: 38h:1m:20s (0h:15m:14s left)
Iteration 4280 / LogL: -95484.895 / Time: 38h:6m:40s (0h:10m:9s left)
Iteration 4290 / LogL: -95465.869 / Time: 38h:11m:51s (0h:5m:4s left)
Iteration 4300 / LogL: -95399.595 / Time: 38h:17m:3s (0h:0m:0s left)
Log-likelihood cutoff on original alignment: -95663.558
NOTE: Bootstrap correlation coefficient of split occurrence frequencies: 0.956
NOTE: UFBoot does not converge, continue at least 100 more iterations
Iteration 4310 / LogL: -95511.118 / Time: 38h:22m:13s (0h:45m:43s left)
Iteration 4320 / LogL: -95574.299 / Time: 38h:27m:11s (0h:40m:38s left)
Iteration 4330 / LogL: -95587.180 / Time: 38h:32m:5s (0h:35m:33s left)
Iteration 4340 / LogL: -95446.665 / Time: 38h:37m:4s (0h:30m:28s left)
Iteration 4350 / LogL: -95436.632 / Time: 38h:42m:3s (0h:25m:23s left)
Log-likelihood cutoff on original alignment: -95663.558
Iteration 4360 / LogL: -95415.841 / Time: 38h:47m:25s (0h:20m:19s left)
Iteration 4370 / LogL: -95429.875 / Time: 38h:52m:37s (0h:15m:14s left)
Iteration 4380 / LogL: -95525.821 / Time: 38h:57m:48s (0h:10m:9s left)
Iteration 4390 / LogL: -95395.662 / Time: 39h:3m:7s (0h:5m:4s left)
Estimate model parameters (epsilon = 0.100)
BETTER TREE FOUND at iteration 4396: -95361.252
Iteration 4400 / LogL: -95416.811 / Time: 39h:8m:35s (0h:48m:46s left)
Log-likelihood cutoff on original alignment: -95663.558
NOTE: Bootstrap correlation coefficient of split occurrence frequencies: 0.956
NOTE: UFBoot does not converge, continue at least 100 more iterations
Iteration 4410 / LogL: -95446.400 / Time: 39h:13m:57s (0h:45m:44s left)
Iteration 4420 / LogL: -95460.922 / Time: 39h:19m:4s (0h:40m:39s left)
Iteration 4430 / LogL: -95556.660 / Time: 39h:23m:59s (0h:35m:34s left)
Iteration 4440 / LogL: -95467.153 / Time: 39h:29m:9s (0h:30m:29s left)
Iteration 4450 / LogL: -95459.591 / Time: 39h:34m:21s (0h:25m:24s left)
Log-likelihood cutoff on original alignment: -95663.558
Iteration 4460 / LogL: -95442.939 / Time: 39h:39m:34s (0h:20m:19s left)
Iteration 4470 / LogL: -95432.063 / Time: 39h:44m:38s (0h:15m:14s left)
Iteration 4480 / LogL: -95506.106 / Time: 39h:49m:45s (0h:10m:9s left)
Iteration 4490 / LogL: -95535.743 / Time: 39h:55m:2s (0h:5m:4s left)
Iteration 4500 / LogL: -95369.031 / Time: 40h:0m:21s (0h:0m:0s left)
Log-likelihood cutoff on original alignment: -95663.558
NOTE: Bootstrap correlation coefficient of split occurrence frequencies: 0.955
NOTE: UFBoot does not converge, continue at least 100 more iterations
Iteration 4510 / LogL: -95470.987 / Time: 40h:5m:54s (0h:45m:45s left)
Iteration 4520 / LogL: -95525.409 / Time: 40h:10m:55s (0h:40m:40s left)
Iteration 4530 / LogL: -95493.879 / Time: 40h:16m:17s (0h:35m:35s left)
Iteration 4540 / LogL: -95411.456 / Time: 40h:21m:27s (0h:30m:30s left)
Iteration 4550 / LogL: -95452.263 / Time: 40h:26m:34s (0h:25m:25s left)
Log-likelihood cutoff on original alignment: -95663.558
Iteration 4560 / LogL: -95434.305 / Time: 40h:32m:10s (0h:20m:20s left)
Iteration 4570 / LogL: -95395.467 / Time: 40h:37m:17s (0h:15m:15s left)
Iteration 4580 / LogL: -95438.447 / Time: 40h:42m:30s (0h:10m:10s left)
Iteration 4590 / LogL: -95518.979 / Time: 40h:48m:0s (0h:5m:5s left)
Iteration 4600 / LogL: -95499.393 / Time: 40h:53m:17s (0h:0m:0s left)
Log-likelihood cutoff on original alignment: -95663.558
NOTE: Bootstrap correlation coefficient of split occurrence frequencies: 0.954
NOTE: UFBoot does not converge, continue at least 100 more iterations
Iteration 4610 / LogL: -95406.642 / Time: 40h:58m:50s (0h:45m:48s left)
Iteration 4620 / LogL: -95591.064 / Time: 41h:3m:48s (0h:40m:42s left)
Iteration 4630 / LogL: -95546.890 / Time: 41h:8m:55s (0h:35m:37s left)
Iteration 4640 / LogL: -95563.257 / Time: 41h:14m:9s (0h:30m:32s left)
Iteration 4650 / LogL: -95466.241 / Time: 41h:19m:29s (0h:25m:26s left)
Log-likelihood cutoff on original alignment: -95663.558
Iteration 4660 / LogL: -95524.014 / Time: 41h:25m:8s (0h:20m:21s left)
Iteration 4670 / LogL: -95535.604 / Time: 41h:30m:28s (0h:15m:16s left)
Iteration 4680 / LogL: -95433.843 / Time: 41h:35m:32s (0h:10m:10s left)
Iteration 4690 / LogL: -95394.816 / Time: 41h:40m:35s (0h:5m:5s left)
Iteration 4700 / LogL: -95371.491 / Time: 41h:45m:57s (0h:0m:0s left)
Log-likelihood cutoff on original alignment: -95663.558
NOTE: Bootstrap correlation coefficient of split occurrence frequencies: 0.949
NOTE: UFBoot does not converge, continue at least 100 more iterations
Iteration 4710 / LogL: -95391.800 / Time: 41h:51m:27s (0h:45m:50s left)
Iteration 4720 / LogL: -95391.694 / Time: 41h:56m:41s (0h:40m:44s left)
Estimate model parameters (epsilon = 0.100)
BETTER TREE FOUND at iteration 4729: -95356.510
Iteration 4730 / LogL: -95388.456 / Time: 42h:2m:22s (0h:50m:25s left)
Iteration 4740 / LogL: -95451.890 / Time: 42h:7m:34s (0h:45m:20s left)
Iteration 4750 / LogL: -95420.757 / Time: 42h:12m:52s (0h:40m:14s left)
Log-likelihood cutoff on original alignment: -95663.558
Iteration 4760 / LogL: -95406.166 / Time: 42h:18m:15s (0h:35m:9s left)
Iteration 4770 / LogL: -95394.431 / Time: 42h:23m:40s (0h:30m:4s left)
Iteration 4780 / LogL: -95515.640 / Time: 42h:29m:8s (0h:24m:58s left)
Iteration 4790 / LogL: -95393.932 / Time: 42h:34m:35s (0h:19m:52s left)
Iteration 4800 / LogL: -95438.018 / Time: 42h:39m:53s (0h:14m:47s left)
Log-likelihood cutoff on original alignment: -95663.558
NOTE: Bootstrap correlation coefficient of split occurrence frequencies: 0.940
NOTE: UFBoot does not converge, continue at least 100 more iterations
Iteration 4810 / LogL: -95407.708 / Time: 42h:45m:52s (0h:45m:53s left)
Iteration 4820 / LogL: -95434.258 / Time: 42h:51m:47s (0h:40m:48s left)
Iteration 4830 / LogL: -95408.186 / Time: 42h:57m:17s (0h:35m:43s left)
Iteration 4840 / LogL: -95396.715 / Time: 43h:2m:51s (0h:30m:37s left)
Iteration 4850 / LogL: -95552.914 / Time: 43h:8m:18s (0h:25m:31s left)
Log-likelihood cutoff on original alignment: -95663.558
Iteration 4860 / LogL: -95463.889 / Time: 43h:13m:55s (0h:20m:25s left)
Iteration 4870 / LogL: -95456.518 / Time: 43h:19m:15s (0h:15m:19s left)
Iteration 4880 / LogL: -95447.353 / Time: 43h:24m:59s (0h:10m:12s left)
Estimate model parameters (epsilon = 0.100)
BETTER TREE FOUND at iteration 4890: -95352.645
Iteration 4890 / LogL: -95352.645 / Time: 43h:30m:43s (0h:51m:4s left)
Iteration 4900 / LogL: -95622.702 / Time: 43h:35m:56s (0h:45m:58s left)
Log-likelihood cutoff on original alignment: -95609.422
NOTE: Bootstrap correlation coefficient of split occurrence frequencies: 0.936
NOTE: UFBoot does not converge, continue at least 100 more iterations
Iteration 4910 / LogL: -95454.585 / Time: 43h:41m:35s (0h:45m:59s left)
Iteration 4920 / LogL: -95467.559 / Time: 43h:47m:2s (0h:40m:52s left)
Iteration 4930 / LogL: -95425.287 / Time: 43h:52m:38s (0h:35m:46s left)
Iteration 4940 / LogL: -95481.159 / Time: 43h:57m:48s (0h:30m:40s left)
Iteration 4950 / LogL: -95470.687 / Time: 44h:3m:14s (0h:25m:33s left)
Log-likelihood cutoff on original alignment: -95609.422
Iteration 4960 / LogL: -95419.352 / Time: 44h:9m:10s (0h:20m:27s left)
Iteration 4970 / LogL: -95412.074 / Time: 44h:14m:31s (0h:15m:20s left)
Iteration 4980 / LogL: -95487.889 / Time: 44h:20m:7s (0h:10m:13s left)
Iteration 4990 / LogL: -95434.752 / Time: 44h:25m:32s (0h:5m:6s left)
Iteration 5000 / LogL: -95414.531 / Time: 44h:31m:7s (0h:0m:0s left)
Log-likelihood cutoff on original alignment: -95609.422
NOTE: Bootstrap correlation coefficient of split occurrence frequencies: 0.939
NOTE: UFBoot does not converge, continue at least 100 more iterations
WARNING: bootstrap analysis did not converge. You should rerun with higher number of iterations (-nm option)
TREE SEARCH COMPLETED AFTER 5001 ITERATIONS / Time: 44h:31m:58s

--------------------------------------------------------------------
|                    FINALIZING TREE SEARCH                        |
--------------------------------------------------------------------
Performs final model parameters optimization
Estimate model parameters (epsilon = 0.010)
1. Initial log-likelihood: -95352.645
2. Current log-likelihood: -95352.595
Optimal log-likelihood: -95352.583
Rate parameters:  A-C: 0.92130  A-G: 2.51437  A-T: 0.55960  C-G: 1.89911  C-T: 3.96859  G-T: 1.00000
Base frequencies:  A: 0.217  C: 0.306  G: 0.312  T: 0.165
Proportion of invariable sites: 0.446
Site proportion and rates:  (0.129,0.058) (0.084,0.305) (0.099,0.776) (0.059,1.506) (0.063,2.342) (0.047,3.423) (0.043,4.897) (0.017,7.845) (0.013,11.818)
Parameters optimization took 2 rounds (9.063 sec)
BEST SCORE FOUND : -95352.583

Testing tree branches by SH-like aLRT with 1000 replicates...
Alternative NNI shows better log-likelihood -95352.577 > -95352.583
Alternative NNI shows better log-likelihood -95351.478 > -95352.583
Alternative NNI shows better log-likelihood -95352.578 > -95352.583
Alternative NNI shows better log-likelihood -95352.342 > -95352.583
Alternative NNI shows better log-likelihood -95351.601 > -95352.583
Alternative NNI shows better log-likelihood -95352.474 > -95352.583
Alternative NNI shows better log-likelihood -95352.581 > -95352.583
8.779 sec.
Creating bootstrap support values...
Split supports printed to NEXUS file /mnt/dv/wid/projects6/SolisLemus-Intbio-raw/processed-data/symbiosis_sorted_v2_consensus_sequences_50percent/nifH_consensus_iqtree_iupac_nm5000_v2/nifH_consensus50_iupac_all_pass_nm5000.splits.nex
Total tree length: 27.178

Total number of iterations: 5001
CPU time used for tree search: 391488.106 sec (108h:44m:48s)
Wall-clock time used for tree search: 153484.132 sec (42h:38m:4s)
Total CPU time used: 411328.813 sec (114h:15m:28s)
Total wall-clock time used: 160355.240 sec (44h:32m:35s)

Computing bootstrap consensus tree...
Reading input file /mnt/dv/wid/projects6/SolisLemus-Intbio-raw/processed-data/symbiosis_sorted_v2_consensus_sequences_50percent/nifH_consensus_iqtree_iupac_nm5000_v2/nifH_consensus50_iupac_all_pass_nm5000.splits.nex...
1532 taxa and 14707 splits.
Consensus tree written to /mnt/dv/wid/projects6/SolisLemus-Intbio-raw/processed-data/symbiosis_sorted_v2_consensus_sequences_50percent/nifH_consensus_iqtree_iupac_nm5000_v2/nifH_consensus50_iupac_all_pass_nm5000.contree
Reading input trees file /mnt/dv/wid/projects6/SolisLemus-Intbio-raw/processed-data/symbiosis_sorted_v2_consensus_sequences_50percent/nifH_consensus_iqtree_iupac_nm5000_v2/nifH_consensus50_iupac_all_pass_nm5000.contree
Log-likelihood of consensus tree: -95298.812

Analysis results written to: 
  IQ-TREE report:                /mnt/dv/wid/projects6/SolisLemus-Intbio-raw/processed-data/symbiosis_sorted_v2_consensus_sequences_50percent/nifH_consensus_iqtree_iupac_nm5000_v2/nifH_consensus50_iupac_all_pass_nm5000.iqtree
  Maximum-likelihood tree:       /mnt/dv/wid/projects6/SolisLemus-Intbio-raw/processed-data/symbiosis_sorted_v2_consensus_sequences_50percent/nifH_consensus_iqtree_iupac_nm5000_v2/nifH_consensus50_iupac_all_pass_nm5000.treefile
  Likelihood distances:          /mnt/dv/wid/projects6/SolisLemus-Intbio-raw/processed-data/symbiosis_sorted_v2_consensus_sequences_50percent/nifH_consensus_iqtree_iupac_nm5000_v2/nifH_consensus50_iupac_all_pass_nm5000.mldist

Ultrafast bootstrap approximation results written to:
  Split support values:          /mnt/dv/wid/projects6/SolisLemus-Intbio-raw/processed-data/symbiosis_sorted_v2_consensus_sequences_50percent/nifH_consensus_iqtree_iupac_nm5000_v2/nifH_consensus50_iupac_all_pass_nm5000.splits.nex
  Consensus tree:                /mnt/dv/wid/projects6/SolisLemus-Intbio-raw/processed-data/symbiosis_sorted_v2_consensus_sequences_50percent/nifH_consensus_iqtree_iupac_nm5000_v2/nifH_consensus50_iupac_all_pass_nm5000.contree
  Screen log file:               /mnt/dv/wid/projects6/SolisLemus-Intbio-raw/processed-data/symbiosis_sorted_v2_consensus_sequences_50percent/nifH_consensus_iqtree_iupac_nm5000_v2/nifH_consensus50_iupac_all_pass_nm5000.log

Date and Time: Mon Jul 20 09:02:07 2026
