sample	sequencing_folder	site	sample_type	json_found	trimmed_P1_found	trimmed_P2_found	before_total_reads	after_total_reads	reads_retained_percent	before_total_bases	after_total_bases	bases_retained_percent	before_q20_percent	after_q20_percent	before_q30_percent	after_q30_percent	before_gc_percent	after_gc_percent	status
BLAN-1-1-No	intbio_reads_NovogeneAugust2025	BLAN	No	yes	yes	yes	3264416	3138222	96.13	489662400	467043646	95.38	98.81	99.67	95.59	97.61	58.37	58.20	ok
BLAN-1-1-Rh	intbio_reads_NovogeneAugust2025	BLAN	Rh	yes	yes	yes	464030	446042	96.12	69604500	66416989	95.42	98.85	99.68	95.65	97.63	59.58	59.44	ok
BLAN-1-1-Ro	intbio_reads_NovogeneAugust2025	BLAN	Ro	yes	yes	yes	70498	67466	95.70	10574700	9989061	94.46	98.41	99.59	94.73	97.35	60.43	60.25	ok
BLAN-2-1-No	intbio_reads_NovogeneAugust2025	BLAN	No	yes	yes	yes	5767514	5556418	96.34	865127100	822495420	95.07	98.47	99.60	95.03	97.47	58.60	58.43	ok
BLAN-2-1-Rh	intbio_reads_NovogeneAugust2025	BLAN	Rh	yes	yes	yes	383834	371430	96.77	57575100	54906548	95.37	98.46	99.55	94.83	97.21	63.23	63.16	ok
BLAN-2-1-Ro	intbio_reads_NovogeneAugust2025	BLAN	Ro	yes	yes	yes	350196	336668	96.14	52529400	48731241	92.77	97.07	99.26	92.19	96.54	57.93	57.50	ok
BLAN-3-1-No	intbio_reads_NovogeneAugust2025	BLAN	No	yes	yes	yes	14211670	13755942	96.79	2131750500	2045316205	95.95	98.83	99.68	95.77	97.76	56.78	56.70	ok
BLAN-3-1-Rh	intbio_reads_NovogeneAugust2025	BLAN	Rh	yes	yes	yes	122466	117306	95.79	18369900	17441526	94.95	98.75	99.64	95.32	97.42	63.38	63.23	ok
BLAN-3-1-Ro	intbio_reads_NovogeneAugust2025	BLAN	Ro	yes	yes	yes	1828702	1774438	97.03	274305300	263726097	96.14	98.79	99.66	95.70	97.70	56.64	56.58	ok
BLAN-4-1-No	intbio_reads_NovogeneAugust2025	BLAN	No	yes	yes	yes	700444	670340	95.70	105066600	99414905	94.62	98.50	99.59	94.70	97.18	66.31	66.20	ok
BLAN-4-1-Rh	intbio_reads_NovogeneAugust2025	BLAN	Rh	yes	yes	yes	116956	111340	95.20	17543400	16519131	94.16	98.56	99.59	94.74	97.13	65.07	64.94	ok
BLAN-4-1-Ro	intbio_reads_NovogeneAugust2025	BLAN	Ro	yes	yes	yes	95072	90774	95.48	14260800	13442749	94.26	98.46	99.57	94.61	97.15	63.95	63.84	ok
BLAN-4-2-No	intbio_reads_NovogeneDecember2025	BLAN	No	yes	yes	yes	79112	75642	95.61	11866800	10992685	92.63	97.25	99.38	92.26	96.57	65.58	65.54	ok
BLAN-4-2-Rh	intbio_reads_NovogeneDecember2025	BLAN	Rh	yes	yes	yes	255138	245998	96.42	38270700	36418663	95.16	98.54	99.60	94.96	97.34	65.47	65.41	ok
BLAN-4-2-Ro	intbio_reads_NovogeneDecember2025	BLAN	Ro	yes	yes	yes	373682	357460	95.66	56052300	53105107	94.74	98.74	99.68	95.36	97.65	64.47	64.33	ok
BONA-1-1-No	intbio_reads_NovogeneMay2025	BONA	No	yes	yes	yes	2220416	2154202	97.02	333062400	318182005	95.53	98.64	99.71	95.81	98.09	66.14	66.04	ok
BONA-1-1-Rh	intbio_reads_NovogeneMay2025	BONA	Rh	yes	yes	yes	146102	141514	96.86	21915300	21051369	96.06	98.99	99.77	96.70	98.36	63.80	63.67	ok
BONA-1-1-Ro	intbio_reads_NovogeneMay2025	BONA	Ro	yes	yes	yes	10966	10638	97.01	1644900	1581411	96.14	98.82	99.75	96.16	98.21	62.97	62.87	ok
BONA-10-2-No	intbio_reads_NovogeneDecember2025	BONA	No	yes	yes	yes	14242654	13361958	93.82	2136398100	1953173485	91.42	97.46	99.49	92.66	96.88	67.01	66.69	ok
BONA-10-2-Rh	intbio_reads_NovogeneDecember2025	BONA	Rh	yes	yes	yes	2354184	2263344	96.14	353127600	328418206	93.00	97.39	99.39	92.51	96.61	66.51	66.35	ok
BONA-10-2-Ro	intbio_reads_NovogeneDecember2025	BONA	Ro	yes	yes	yes	80776	77934	96.48	12116400	11367334	93.82	97.74	99.51	93.38	97.06	64.19	64.06	ok
BONA-10-No	intbio_reads_NovogeneMay2025	BONA	No	yes	yes	yes	6520116	6209818	95.24	978017400	920270137	94.10	98.62	99.73	95.57	97.97	68.39	68.20	ok
BONA-10-Rh	intbio_reads_NovogeneMay2025	BONA	Rh	yes	yes	yes	182102	176266	96.80	27315300	26201978	95.92	98.96	99.75	96.51	98.27	64.98	64.82	ok
BONA-10-Ro	intbio_reads_NovogeneMay2025	BONA	Ro	yes	yes	yes	37166	35874	96.52	5574900	5295028	94.98	98.55	99.68	95.67	98.05	62.93	62.76	ok
BONA-11-1-No	intbio_reads_NovogeneMay2025	BONA	No	yes	yes	yes	4432082	4253156	95.96	664812300	630384863	94.82	98.68	99.74	95.81	98.09	68.39	68.26	ok
BONA-11-1-Rh	intbio_reads_NovogeneMay2025	BONA	Rh	yes	yes	yes	147720	142358	96.37	22158000	21201721	95.68	98.99	99.78	96.62	98.34	64.43	64.33	ok
BONA-11-1-Ro	intbio_reads_NovogeneMay2025	BONA	Ro	yes	yes	yes	22874	22120	96.70	3431100	3283743	95.71	98.64	99.67	95.70	97.93	60.58	60.41	ok
BONA-11-2-No	intbio_reads_NovogeneDecember2025	BONA	No	yes	yes	yes	60374	57888	95.88	9056100	8286398	91.50	96.79	99.26	91.04	96.19	65.20	64.86	ok
BONA-11-2-Rh	intbio_reads_NovogeneDecember2025	BONA	Rh	yes	yes	yes	209712	202724	96.67	31456800	29889365	95.02	98.29	99.52	94.66	97.31	62.10	62.00	ok
BONA-11-2-Ro	intbio_reads_NovogeneDecember2025	BONA	Ro	yes	yes	yes	10158	9330	91.85	1523700	1350456	88.63	96.36	99.57	90.53	97.20	63.22	62.65	ok
BONA-11-3-No	intbio_reads_NovogeneDecember2025	BONA	No	yes	yes	yes	2108	1862	88.33	316200	270546	85.56	94.95	99.34	87.78	96.32	66.45	66.03	ok
BONA-11-3-Rh	intbio_reads_NovogeneDecember2025	BONA	Rh	yes	yes	yes	15156	14542	95.95	2273400	1904630	83.78	92.47	98.39	82.13	93.33	66.31	66.24	ok
BONA-11-3-Ro	intbio_reads_NovogeneDecember2025	BONA	Ro	yes	yes	yes	4438	4104	92.47	665700	570325	85.67	94.67	99.24	87.11	96.13	64.38	63.31	ok
BONA-12-1-No	intbio_reads_NovogeneMay2025	BONA	No	yes	yes	yes	6335570	6019700	95.01	950335500	892975450	93.96	98.65	99.74	95.64	98.02	68.44	68.23	ok
BONA-12-1-Rh	intbio_reads_NovogeneMay2025	BONA	Rh	yes	yes	yes	417020	402214	96.45	62553000	59774677	95.56	98.95	99.77	96.41	98.27	66.11	65.96	ok
BONA-12-1-Ro	intbio_reads_NovogeneMay2025	BONA	Ro	yes	yes	yes	40926	39786	97.21	6138900	5894586	96.02	98.84	99.73	96.40	98.33	63.41	63.33	ok
BONA-12-2-No	intbio_reads_NovogeneDecember2025	BONA	No	yes	yes	yes	14882088	14135726	94.98	2232313200	2071439242	92.79	97.75	99.51	93.18	96.91	67.60	67.45	ok
BONA-12-2-Rh	intbio_reads_NovogeneDecember2025	BONA	Rh	yes	yes	yes	1072908	1028304	95.84	160936200	151512545	94.14	98.14	99.55	94.13	97.17	64.99	64.87	ok
BONA-12-2-Ro	intbio_reads_NovogeneDecember2025	BONA	Ro	yes	yes	yes	109700	104596	95.35	16455000	15333803	93.19	97.81	99.60	93.60	97.26	65.73	65.59	ok
BONA-13-1-No	intbio_reads_NovogeneMay2025	BONA	No	yes	yes	yes	5735120	5487216	95.68	860268000	814818452	94.72	98.75	99.75	95.92	98.11	68.44	68.29	ok
BONA-13-1-Rh	intbio_reads_NovogeneMay2025	BONA	Rh	yes	yes	yes	561698	548650	97.68	84254700	81264150	96.45	98.94	99.80	96.78	98.52	64.90	64.77	ok
BONA-13-1-Ro	intbio_reads_NovogeneMay2025	BONA	Ro	yes	yes	yes	104374	101822	97.55	15656100	15147007	96.75	99.08	99.75	96.89	98.37	63.91	63.86	ok
BONA-13-2-No	intbio_reads_NovogeneDecember2025	BONA	No	yes	yes	yes	6295536	5990862	95.16	944330400	885486400	93.77	98.29	99.65	94.38	97.30	68.44	68.34	ok
BONA-13-2-Rh	intbio_reads_NovogeneDecember2025	BONA	Rh	yes	yes	yes	290162	281030	96.85	43524300	41565503	95.50	98.65	99.64	95.35	97.60	62.18	62.10	ok
BONA-13-2-Ro	intbio_reads_NovogeneDecember2025	BONA	Ro	yes	yes	yes	267406	254028	95.00	40110900	35872084	89.43	96.17	99.25	90.15	96.35	65.13	64.89	ok
BONA-13-3-No	intbio_reads_NovogeneDecember2025	BONA	No	yes	yes	yes	10675080	10208422	95.63	1601262000	1463533931	91.40	96.66	99.29	91.02	96.27	66.98	66.87	ok
BONA-13-3-Rh	intbio_reads_NovogeneDecember2025	BONA	Rh	yes	yes	yes	168478	161206	95.68	25271700	23555211	93.21	97.38	99.39	92.80	96.78	62.85	62.83	ok
BONA-13-3-Ro	intbio_reads_NovogeneDecember2025	BONA	Ro	yes	yes	yes	132384	123222	93.08	19857600	18210016	91.70	98.00	99.57	93.75	97.23	65.14	64.94	ok
BONA-14-No	intbio_reads_NovogeneMay2025	BONA	No	yes	yes	yes	10668942	10349228	97.00	1600341300	1512510918	94.51	97.97	99.59	94.60	97.78	67.65	67.65	ok
BONA-14-Rh	intbio_reads_NovogeneMay2025	BONA	Rh	yes	yes	yes	145452	141832	97.51	21817800	21103962	96.73	99.15	99.77	96.92	98.38	64.45	64.39	ok
BONA-14-Ro	intbio_reads_NovogeneMay2025	BONA	Ro	yes	yes	yes	55176	53526	97.01	8276400	7921819	95.72	98.71	99.71	96.14	98.24	63.79	63.66	ok
BONA-2-No	intbio_reads_NovogeneMay2025	BONA	No	yes	yes	yes	4890164	4737806	96.88	733524600	701869096	95.68	98.76	99.69	95.98	98.00	66.60	66.49	ok
BONA-2-Rh	intbio_reads_NovogeneMay2025	BONA	Rh	yes	yes	yes	90758	88110	97.08	13613700	13111271	96.31	98.97	99.75	96.60	98.35	64.29	64.24	ok
BONA-2-Ro	intbio_reads_NovogeneMay2025	BONA	Ro	yes	yes	yes	43634	41518	95.15	6545100	6164073	94.18	98.50	99.75	95.63	98.15	63.09	62.78	ok
BONA-3-1-No	intbio_reads_NovogeneMay2025	BONA	No	yes	yes	yes	3496	3268	93.48	524400	480382	91.61	97.68	99.59	93.30	97.32	63.78	63.57	ok
BONA-3-1-Rh	intbio_reads_NovogeneMay2025	BONA	Rh	yes	yes	yes	426872	412246	96.57	64030800	61167876	95.53	98.77	99.73	96.23	98.24	64.40	64.28	ok
BONA-3-1-Ro	intbio_reads_NovogeneMay2025	BONA	Ro	yes	yes	yes	14092	13572	96.31	2113800	2017949	95.47	98.74	99.76	96.10	98.32	63.28	63.17	ok
BONA-4-No	intbio_reads_NovogeneMay2025	BONA	No	yes	yes	yes	13136614	12628280	96.13	1970492100	1873359559	95.07	98.73	99.75	95.95	98.14	68.32	68.20	ok
BONA-4-Rh	intbio_reads_NovogeneMay2025	BONA	Rh	yes	yes	yes	272524	264282	96.98	40878600	39069173	95.57	98.64	99.65	95.89	98.01	63.56	63.38	ok
BONA-4-Ro	intbio_reads_NovogeneMay2025	BONA	Ro	yes	yes	yes	29654	28552	96.28	4448100	4246173	95.46	98.87	99.77	96.39	98.31	62.54	62.39	ok
BONA-5-No	intbio_reads_NovogeneMay2025	BONA	No	yes	yes	yes	8276286	8002736	96.69	1241442900	1174898148	94.64	98.16	99.61	94.91	97.83	67.74	67.68	ok
BONA-5-Rh	intbio_reads_NovogeneMay2025	BONA	Rh	yes	yes	yes	181970	177268	97.42	27295500	26458135	96.93	99.32	99.81	97.31	98.56	62.62	62.56	ok
BONA-5-Ro	intbio_reads_NovogeneMay2025	BONA	Ro	yes	yes	yes	37538	36618	97.55	5630700	5430982	96.45	98.76	99.63	95.74	97.61	62.08	62.03	ok
BONA-7-No	intbio_reads_NovogeneMay2025	BONA	No	yes	yes	yes	8963724	8560968	95.51	1344558600	1270407360	94.49	98.70	99.75	95.81	98.08	68.39	68.23	ok
BONA-7-Rh	intbio_reads_NovogeneMay2025	BONA	Rh	yes	yes	yes	12082	11742	97.19	1812300	1751093	96.62	99.12	99.79	96.92	98.54	60.43	60.34	ok
BONA-7-Ro	intbio_reads_NovogeneMay2025	BONA	Ro	yes	yes	yes	147772	142624	96.52	22165800	21058474	95.00	98.52	99.66	95.62	97.96	65.49	65.32	ok
BONA-8-No	intbio_reads_NovogeneMay2025	BONA	No	yes	yes	yes	272458	251174	92.19	40868700	37260394	91.17	98.29	99.73	94.90	97.95	67.71	67.31	ok
BONA-8-Rh	intbio_reads_NovogeneMay2025	BONA	Rh	yes	yes	yes	81974	79102	96.50	12296100	11771485	95.73	99.03	99.79	96.67	98.38	63.81	63.63	ok
BONA-8-Ro	intbio_reads_NovogeneMay2025	BONA	Ro	yes	yes	yes	48392	46496	96.08	7258800	6919310	95.32	98.94	99.77	96.35	98.24	63.03	62.87	ok
BONA-9-No	intbio_reads_NovogeneMay2025	BONA	No	yes	yes	yes	1022486	927934	90.75	153372900	137605427	89.72	98.15	99.73	94.53	97.85	68.41	67.81	ok
BONA-9-Rh	intbio_reads_NovogeneMay2025	BONA	Rh	yes	yes	yes	12784	12372	96.78	1917600	1841695	96.04	98.95	99.76	96.37	98.24	62.41	62.33	ok
BONA-9-Ro	intbio_reads_NovogeneMay2025	BONA	Ro	yes	yes	yes	45678	44500	97.42	6851700	6555774	95.68	98.46	99.61	95.53	97.95	63.16	63.09	ok
CLBJ-1-1-No	intbio_reads_NovogeneMay2025	CLBJ	No	yes	yes	yes	1090016	1058388	97.10	163502400	158032393	96.65	99.22	99.74	96.66	97.98	58.01	57.91	ok
CLBJ-1-1-Rh	intbio_reads_NovogeneMay2025	CLBJ	Rh	yes	yes	yes	2652	2548	96.08	397800	377767	94.96	98.49	99.52	94.60	96.93	59.08	58.97	ok
CLBJ-1-1-Ro	intbio_reads_NovogeneMay2025	CLBJ	Ro	yes	yes	yes	7596	7190	94.66	1139400	1066306	93.58	98.15	99.55	93.80	97.02	60.06	59.89	ok
CLBJ-10-1-No	intbio_reads_NovogeneMay2025	CLBJ	No	yes	yes	yes	1147346	1107344	96.51	172101900	164302751	95.47	98.75	99.63	95.52	97.53	58.01	57.84	ok
CLBJ-10-1-Rh	intbio_reads_NovogeneMay2025	CLBJ	Rh	yes	yes	yes	317438	309772	97.59	47615700	45796461	96.18	98.59	99.56	95.36	97.43	60.09	60.02	ok
CLBJ-10-1-Ro	intbio_reads_NovogeneMay2025	CLBJ	Ro	yes	yes	yes	5032	4856	96.50	754800	721925	95.64	98.71	99.59	95.28	97.32	62.55	62.44	ok
CLBJ-11-1-No	intbio_reads_NovogeneMay2025	CLBJ	No	yes	yes	yes	14844	14194	95.62	2226600	2106695	94.61	98.55	99.56	94.75	97.11	62.54	62.38	ok
CLBJ-11-1-Rh	intbio_reads_NovogeneMay2025	CLBJ	Rh	yes	yes	yes	18108	17570	97.03	2716200	2618513	96.40	99.00	99.66	95.86	97.49	62.83	62.76	ok
CLBJ-11-1-Ro	intbio_reads_NovogeneMay2025	CLBJ	Ro	yes	yes	yes	84026	81544	97.05	12603900	12106621	96.05	98.79	99.59	95.52	97.38	63.76	63.70	ok
CLBJ-12-2-No	intbio_reads_NovogeneMay2025	CLBJ	No	yes	yes	yes	65808	62842	95.49	9871200	9274836	93.96	98.30	99.55	94.51	97.15	63.27	62.98	ok
CLBJ-12-2-Rh	intbio_reads_NovogeneMay2025	CLBJ	Rh	yes	yes	yes	8644	8214	95.03	1296600	1224186	94.42	98.69	99.56	94.77	96.89	65.59	65.38	ok
CLBJ-12-2-Ro	intbio_reads_NovogeneMay2025	CLBJ	Ro	yes	yes	yes	778528	756176	97.13	116779200	112723917	96.53	99.06	99.67	96.12	97.63	61.17	61.09	ok
CLBJ-13-1-No	intbio_reads_NovogeneMay2025	CLBJ	No	yes	yes	yes	1814796	1768184	97.43	272219400	263289617	96.72	99.05	99.68	96.27	97.79	57.76	57.70	ok
CLBJ-13-1-Rh	intbio_reads_NovogeneMay2025	CLBJ	Rh	yes	yes	yes	9806	9484	96.72	1470900	1406684	95.63	98.58	99.61	95.11	97.41	62.04	62.01	ok
CLBJ-13-1-Ro	intbio_reads_NovogeneMay2025	CLBJ	Ro	yes	yes	yes	12054	11628	96.47	1808100	1724606	95.38	98.46	99.60	94.94	97.42	60.49	60.44	ok
CLBJ-14-1-No	intbio_reads_NovogeneMay2025	CLBJ	No	yes	yes	yes	3722602	3602358	96.77	558390300	536671839	96.11	99.02	99.72	96.22	97.86	60.09	60.00	ok
CLBJ-14-1-Rh	intbio_reads_NovogeneMay2025	CLBJ	Rh	yes	yes	yes	101608	99160	97.59	15241200	14731578	96.66	98.90	99.64	95.85	97.55	65.20	65.19	ok
CLBJ-14-1-Ro	intbio_reads_NovogeneMay2025	CLBJ	Ro	yes	yes	yes	21774	20968	96.30	3266100	3061761	93.74	97.84	99.59	94.00	97.55	59.26	59.39	ok
CLBJ-15-1-No	intbio_reads_NovogeneMay2025	CLBJ	No	yes	yes	yes	3908504	3778108	96.66	586275600	562957077	96.02	98.97	99.69	95.99	97.71	58.75	58.64	ok
CLBJ-15-1-Rh	intbio_reads_NovogeneMay2025	CLBJ	Rh	yes	yes	yes	145264	141454	97.38	21789600	21028206	96.51	98.92	99.64	95.88	97.56	63.18	63.15	ok
CLBJ-15-1-Ro	intbio_reads_NovogeneMay2025	CLBJ	Ro	yes	yes	yes	33626	32508	96.68	5043900	4751309	94.20	97.92	99.51	93.84	97.19	61.59	61.58	ok
CLBJ-16-2-No	intbio_reads_NovogeneMay2025	CLBJ	No	yes	yes	yes	1046766	1017572	97.21	157014900	151790569	96.67	99.15	99.69	96.38	97.76	57.94	57.86	ok
CLBJ-16-2-Rh	intbio_reads_NovogeneMay2025	CLBJ	Rh	yes	yes	yes	107210	104796	97.75	16081500	15521396	96.52	98.71	99.58	95.55	97.42	64.24	64.23	ok
CLBJ-16-2-Ro	intbio_reads_NovogeneMay2025	CLBJ	Ro	yes	yes	yes	103534	98724	95.35	15530100	14664476	94.43	98.63	99.60	95.02	97.25	60.79	60.52	ok
CLBJ-17-1-No	intbio_reads_NovogeneMay2025	CLBJ	No	yes	yes	yes	669926	644144	96.15	100488900	96065054	95.60	99.02	99.65	95.84	97.45	57.91	57.75	ok
CLBJ-17-1-Rh	intbio_reads_NovogeneMay2025	CLBJ	Rh	yes	yes	yes	79254	77268	97.49	11888100	11425001	96.10	98.63	99.56	95.36	97.38	62.48	62.38	ok
CLBJ-17-1-Ro	intbio_reads_NovogeneMay2025	CLBJ	Ro	yes	yes	yes	6932	6728	97.06	1039800	997744	95.96	98.59	99.59	95.15	97.31	61.54	61.45	ok
CLBJ-18-1-No	intbio_reads_NovogeneMay2025	CLBJ	No	yes	yes	yes	1799982	1750068	97.23	269997300	261190101	96.74	99.21	99.73	96.63	97.96	58.34	58.26	ok
CLBJ-18-1-Rh	intbio_reads_NovogeneMay2025	CLBJ	Rh	yes	yes	yes	44668	43288	96.91	6700200	6435085	96.04	98.89	99.65	95.70	97.49	64.89	64.85	ok
CLBJ-18-1-Ro	intbio_reads_NovogeneMay2025	CLBJ	Ro	yes	yes	yes	6866	6546	95.34	1029900	968213	94.01	98.24	99.57	94.10	97.11	60.27	60.14	ok
CLBJ-19-1-No	intbio_reads_NovogeneMay2025	CLBJ	No	yes	yes	yes	3651904	3560218	97.49	547785600	531436446	97.02	99.26	99.76	96.85	98.12	57.98	57.90	ok
CLBJ-19-1-Rh	intbio_reads_NovogeneMay2025	CLBJ	Rh	yes	yes	yes	124850	121322	97.17	18727500	18053352	96.40	98.94	99.65	95.90	97.58	64.68	64.62	ok
CLBJ-19-1-Ro	intbio_reads_NovogeneMay2025	CLBJ	Ro	yes	yes	yes	35622	34082	95.68	5343300	4993293	93.45	97.78	99.59	93.55	97.12	63.00	62.93	ok
CLBJ-2-No	intbio_reads_NovogeneMay2025	CLBJ	No	yes	yes	yes	476282	460770	96.74	71442300	68393754	95.73	98.72	99.61	95.52	97.55	59.22	59.08	ok
CLBJ-2-Rh	intbio_reads_NovogeneMay2025	CLBJ	Rh	yes	yes	yes	161358	157250	97.45	24203700	23338523	96.43	98.80	99.61	95.71	97.51	62.95	62.91	ok
CLBJ-2-Ro	intbio_reads_NovogeneMay2025	CLBJ	Ro	yes	yes	yes	10026	9502	94.77	1503900	1400433	93.12	97.83	99.52	93.44	97.02	60.29	60.14	ok
CLBJ-20-1-No	intbio_reads_NovogeneJuly2024	CLBJ	No	yes	yes	yes	485228	453204	93.40	72784200	67394519	92.59	98.02	99.24	94.20	97.02	59.16	58.86	ok
CLBJ-20-1-Rh	intbio_reads_NovogeneJuly2024	CLBJ	Rh	yes	yes	yes	69070	66220	95.87	10360500	9816182	94.75	98.20	99.23	94.95	97.17	63.85	63.80	ok
CLBJ-20-1-Ro	intbio_reads_NovogeneJuly2024	CLBJ	Ro	yes	yes	yes	5258	4958	94.29	788700	738679	93.66	98.20	99.22	94.51	96.92	62.26	62.18	ok
CLBJ-21-1-No	intbio_reads_NovogeneJuly2024	CLBJ	No	yes	yes	yes	2971122	2682170	90.27	445668300	398984060	89.52	97.43	99.13	92.65	96.56	59.02	58.51	ok
CLBJ-21-1-Rh	intbio_reads_NovogeneJuly2024	CLBJ	Rh	yes	yes	yes	120432	115404	95.83	18064800	17151210	94.94	98.38	99.32	95.33	97.40	60.41	60.28	ok
CLBJ-21-1-Ro	intbio_reads_NovogeneJuly2024	CLBJ	Ro	yes	yes	yes	42722	40842	95.60	6408300	6021331	93.96	97.92	99.16	94.39	96.99	62.67	62.51	ok
CLBJ-22-1-No	intbio_reads_NovogeneJuly2024	CLBJ	No	yes	yes	yes	2042742	1851140	90.62	306411300	275367514	89.87	97.51	99.16	92.85	96.67	58.81	58.31	ok
CLBJ-22-1-Rh	intbio_reads_NovogeneJuly2024	CLBJ	Rh	yes	yes	yes	7910	7338	92.77	1186500	1083663	91.33	97.66	99.14	93.50	96.79	60.88	60.54	ok
CLBJ-22-1-Ro	intbio_reads_NovogeneJuly2024	CLBJ	Ro	yes	yes	yes	7924	7442	93.92	1188600	1107222	93.15	97.95	99.22	94.23	97.08	60.25	59.95	ok
CLBJ-23-1-No	intbio_reads_NovogeneJuly2024	CLBJ	No	yes	yes	yes	595864	568770	95.45	89379600	84363003	94.39	98.21	99.28	94.93	97.31	61.39	61.24	ok
CLBJ-23-1-Rh	intbio_reads_NovogeneJuly2024	CLBJ	Rh	yes	yes	yes	55810	52960	94.89	8371500	7831582	93.55	97.89	99.16	94.20	96.95	65.36	65.31	ok
CLBJ-23-1-Ro	intbio_reads_NovogeneJuly2024	CLBJ	Ro	yes	yes	yes	11164	10354	92.74	1674600	1534174	91.61	97.64	99.17	93.40	96.81	61.75	61.48	ok
CLBJ-24-No	intbio_reads_NovogeneMay2025	CLBJ	No	yes	yes	yes	7516218	7327820	97.49	1127432700	1094862177	97.11	99.39	99.85	97.59	98.73	59.52	59.43	ok
CLBJ-24-Rh	intbio_reads_NovogeneMay2025	CLBJ	Rh	yes	yes	yes	124016	120756	97.37	18602400	17904829	96.25	98.81	99.62	95.65	97.48	64.68	64.64	ok
CLBJ-25-2-No	intbio_reads_NovogeneMay2025	CLBJ	No	yes	yes	yes	1135516	1081692	95.26	170327400	160763538	94.39	98.61	99.63	95.04	97.37	63.28	63.06	ok
CLBJ-25-2-Rh	intbio_reads_NovogeneMay2025	CLBJ	Rh	yes	yes	yes	379648	359868	94.79	56947200	53108939	93.26	97.95	99.59	94.24	97.36	62.88	62.67	ok
CLBJ-25-2-Ro	intbio_reads_NovogeneMay2025	CLBJ	Ro	yes	yes	yes	2383540	2249190	94.36	357531000	332101682	92.89	97.87	99.58	94.06	97.33	62.80	62.56	ok
CLBJ-26-1-No	intbio_reads_NovogeneMay2025	CLBJ	No	yes	yes	yes	7645846	7335918	95.95	1146876900	1090461883	95.08	98.75	99.67	95.52	97.63	59.74	59.52	ok
CLBJ-26-1-Rh	intbio_reads_NovogeneMay2025	CLBJ	Rh	yes	yes	yes	141676	137508	97.06	21251400	20380657	95.90	98.70	99.62	95.45	97.48	63.98	63.92	ok
CLBJ-26-1-Ro	intbio_reads_NovogeneMay2025	CLBJ	Ro	yes	yes	yes	264836	252526	95.35	39725400	37434503	94.23	98.32	99.64	94.93	97.57	62.25	62.03	ok
CLBJ-27-1-No	intbio_reads_NovogeneMay2025	CLBJ	No	yes	yes	yes	8301934	8095826	97.52	1245290100	1199551881	96.33	98.79	99.63	95.84	97.69	59.20	59.10	ok
CLBJ-27-1-Rh	intbio_reads_NovogeneMay2025	CLBJ	Rh	yes	yes	yes	1252844	1192078	95.15	187926600	177074239	94.23	98.49	99.63	95.00	97.44	62.73	62.53	ok
CLBJ-27-1-Ro	intbio_reads_NovogeneMay2025	CLBJ	Ro	yes	yes	yes	656598	628072	95.66	98489700	93368378	94.80	98.64	99.66	95.31	97.54	63.01	62.82	ok
CLBJ-28-3-No	intbio_reads_NovogeneMay2025	CLBJ	No	yes	yes	yes	99936	87482	87.54	14990400	13044745	87.02	98.48	99.73	94.44	97.81	64.30	63.25	ok
CLBJ-28-3-Rh	intbio_reads_NovogeneMay2025	CLBJ	Rh	yes	yes	yes	237974	231930	97.46	35696100	33756674	94.57	97.83	99.47	93.91	97.21	63.34	63.21	ok
CLBJ-28-3-Ro	intbio_reads_NovogeneMay2025	CLBJ	Ro	yes	yes	yes	12624	12086	95.74	1893600	1783963	94.21	98.35	99.63	95.01	97.79	62.56	62.46	ok
CLBJ-29-2-Rh	intbio_reads_NovogeneMay2025	CLBJ	Rh	yes	yes	yes	233292	219178	93.95	34993800	32591166	93.13	98.72	99.77	95.85	98.20	64.98	64.64	ok
CLBJ-29-2-Ro	intbio_reads_NovogeneMay2025	CLBJ	Ro	yes	yes	yes	40550	38102	93.96	6082500	5678812	93.36	98.74	99.80	95.92	98.35	63.00	62.64	ok
CLBJ-3-1-No	intbio_reads_NovogeneMay2025	CLBJ	No	yes	yes	yes	1106464	1075640	97.21	165969600	160130874	96.48	99.03	99.67	96.16	97.73	58.80	58.70	ok
CLBJ-3-1-Rh	intbio_reads_NovogeneMay2025	CLBJ	Rh	yes	yes	yes	50526	49128	97.23	7578900	7248260	95.64	98.43	99.49	94.86	97.15	64.72	64.68	ok
CLBJ-3-1-Ro	intbio_reads_NovogeneMay2025	CLBJ	Ro	yes	yes	yes	142702	138282	96.90	21405300	20432684	95.46	98.51	99.57	95.01	97.31	63.11	63.07	ok
CLBJ-30-1-No	intbio_reads_NovogeneMay2025	CLBJ	No	yes	yes	yes	11486804	11101846	96.65	1723020600	1653759781	95.98	99.10	99.79	96.82	98.46	58.40	58.24	ok
CLBJ-30-1-Rh	intbio_reads_NovogeneMay2025	CLBJ	Rh	yes	yes	yes	489068	461406	94.34	73360200	68647655	93.58	98.84	99.78	96.04	98.26	63.03	62.65	ok
CLBJ-30-1-Ro	intbio_reads_NovogeneMay2025	CLBJ	Ro	yes	yes	yes	1722418	1629156	94.59	258362700	241960825	93.65	98.38	99.78	95.61	98.32	62.91	62.71	ok
CLBJ-31-2-No	intbio_reads_NovogeneMay2025	CLBJ	No	yes	yes	yes	1056948	1002328	94.83	158542200	149598412	94.36	99.10	99.80	96.62	98.42	60.56	60.20	ok
CLBJ-31-2-Rh	intbio_reads_NovogeneMay2025	CLBJ	Rh	yes	yes	yes	222110	209220	94.20	33316500	31125211	93.42	98.80	99.76	95.85	98.10	65.89	65.65	ok
CLBJ-31-2-Ro	intbio_reads_NovogeneMay2025	CLBJ	Ro	yes	yes	yes	218856	202268	92.42	32828400	30144176	91.82	98.78	99.77	95.63	98.17	63.34	62.78	ok
CLBJ-32-1-No	intbio_reads_NovogeneMay2025	CLBJ	No	yes	yes	yes	2440524	2383856	97.68	366078600	347026811	94.80	97.80	99.57	94.18	97.59	57.95	57.77	ok
CLBJ-32-1-Rh	intbio_reads_NovogeneMay2025	CLBJ	Rh	yes	yes	yes	2364570	2306474	97.54	354685500	343036372	96.72	98.98	99.72	96.39	98.06	58.33	58.27	ok
CLBJ-32-1-Ro	intbio_reads_NovogeneMay2025	CLBJ	Ro	yes	yes	yes	113730	110780	97.41	17059500	16541184	96.96	99.36	99.83	97.40	98.60	59.37	59.26	ok
CLBJ-33-1-No	intbio_reads_NovogeneMay2025	CLBJ	No	yes	yes	yes	6009214	5793666	96.41	901382100	864412418	95.90	99.18	99.84	97.18	98.70	58.22	57.98	ok
CLBJ-33-1-Rh	intbio_reads_NovogeneMay2025	CLBJ	Rh	yes	yes	yes	371018	360500	97.17	55652700	53063695	95.35	98.24	99.62	95.01	97.69	63.60	63.55	ok
CLBJ-33-1-Ro	intbio_reads_NovogeneMay2025	CLBJ	Ro	yes	yes	yes	79794	76708	96.13	11969100	11445175	95.62	99.14	99.84	97.04	98.68	55.46	55.15	ok
CLBJ-34-1-No	intbio_reads_NovogeneMay2025	CLBJ	No	yes	yes	yes	5690400	5516262	96.94	853560000	823938366	96.53	99.32	99.85	97.42	98.71	58.72	58.59	ok
CLBJ-34-1-Rh	intbio_reads_NovogeneMay2025	CLBJ	Rh	yes	yes	yes	640238	622072	97.16	96035700	92626283	96.45	99.06	99.73	96.43	98.00	59.44	59.35	ok
CLBJ-34-1-Ro	intbio_reads_NovogeneMay2025	CLBJ	Ro	yes	yes	yes	42930	41880	97.55	6439500	6164878	95.74	98.50	99.66	95.35	97.80	58.87	58.69	ok
CLBJ-35-1-No	intbio_reads_NovogeneMay2025	CLBJ	No	yes	yes	yes	269698	259086	96.07	40454700	38388301	94.89	98.50	99.65	95.25	97.66	63.15	62.95	ok
CLBJ-35-1-Rh	intbio_reads_NovogeneMay2025	CLBJ	Rh	yes	yes	yes	127650	123938	97.09	19147500	18344485	95.81	98.64	99.65	95.48	97.64	65.40	65.34	ok
CLBJ-35-1-Ro	intbio_reads_NovogeneMay2025	CLBJ	Ro	yes	yes	yes	54998	53532	97.33	8249700	7949924	96.37	98.89	99.68	96.04	97.82	61.54	61.46	ok
CLBJ-36-1-No	intbio_reads_NovogeneMay2025	CLBJ	No	yes	yes	yes	556214	531858	95.62	83432100	79134462	94.85	98.80	99.77	96.24	98.33	62.98	62.80	ok
CLBJ-36-1-Rh	intbio_reads_NovogeneMay2025	CLBJ	Rh	yes	yes	yes	327458	316916	96.78	49118700	47166533	96.03	99.04	99.77	96.73	98.38	63.66	63.53	ok
CLBJ-36-1-Ro	intbio_reads_NovogeneMay2025	CLBJ	Ro	yes	yes	yes	846744	811238	95.81	127011600	120916547	95.20	99.00	99.80	96.62	98.40	63.53	63.34	ok
CLBJ-37-1-No	intbio_reads_NovogeneMay2025	CLBJ	No	yes	yes	yes	45907702	45007430	98.04	6886155300	6700271268	97.30	99.20	99.79	97.27	98.59	56.39	56.34	ok
CLBJ-37-1-Rh	intbio_reads_NovogeneMay2025	CLBJ	Rh	yes	yes	yes	753836	723350	95.96	113075400	107544442	95.11	98.90	99.80	96.50	98.41	63.91	63.70	ok
CLBJ-37-1-Ro	intbio_reads_NovogeneMay2025	CLBJ	Ro	yes	yes	yes	290474	284302	97.88	43571100	41905324	96.18	98.62	99.68	96.09	98.26	56.63	56.48	ok
CLBJ-38-1-No	intbio_reads_NovogeneMay2025	CLBJ	No	yes	yes	yes	4194096	4110044	98.00	629114400	610706042	97.07	99.09	99.76	97.01	98.49	58.43	58.38	ok
CLBJ-38-1-Rh	intbio_reads_NovogeneMay2025	CLBJ	Rh	yes	yes	yes	796352	763644	95.89	119452800	113432044	94.96	98.82	99.78	96.29	98.35	63.78	63.62	ok
CLBJ-39-1-No	intbio_reads_NovogeneMay2025	CLBJ	No	yes	yes	yes	8795112	8589716	97.66	1319266800	1268507557	96.15	98.52	99.54	95.49	97.61	58.38	58.26	ok
CLBJ-39-1-Rh	intbio_reads_NovogeneMay2025	CLBJ	Rh	yes	yes	yes	189788	183986	96.94	28468200	27254988	95.74	98.70	99.61	95.56	97.62	64.26	64.18	ok
CLBJ-4-1-No	intbio_reads_NovogeneMay2025	CLBJ	No	yes	yes	yes	6103978	5933638	97.21	915596700	882699149	96.41	98.94	99.67	96.01	97.74	59.74	59.65	ok
CLBJ-4-1-Rh	intbio_reads_NovogeneMay2025	CLBJ	Rh	yes	yes	yes	73540	71138	96.73	11031000	10579916	95.91	98.83	99.66	95.62	97.55	63.75	63.69	ok
CLBJ-4-1-Ro	intbio_reads_NovogeneMay2025	CLBJ	Ro	yes	yes	yes	560524	545492	97.32	84078600	81206572	96.58	98.99	99.69	96.19	97.86	59.63	59.56	ok
CLBJ-40-1-No	intbio_reads_NovogeneAugust2025	CLBJ	No	yes	yes	yes	7288680	7000602	96.05	1093302000	1043006310	95.40	98.90	99.70	95.81	97.73	58.97	58.82	ok
CLBJ-40-1-Rh	intbio_reads_NovogeneAugust2025	CLBJ	Rh	yes	yes	yes	196314	187672	95.60	29447100	27930258	94.85	98.84	99.63	95.36	97.30	64.38	64.26	ok
CLBJ-40-1-Ro	intbio_reads_NovogeneAugust2025	CLBJ	Ro	yes	yes	yes	135002	127504	94.45	20250300	18954677	93.60	98.61	99.61	94.78	97.20	64.13	63.94	ok
CLBJ-41-1-No	intbio_reads_NovogeneAugust2025	CLBJ	No	yes	yes	yes	1990186	1917582	96.35	298527900	285593420	95.67	98.94	99.68	95.85	97.65	58.27	58.12	ok
CLBJ-41-1-Rh	intbio_reads_NovogeneAugust2025	CLBJ	Rh	yes	yes	yes	144400	137314	95.09	21660000	20456612	94.44	98.81	99.64	95.26	97.32	64.09	63.91	ok
CLBJ-41-1-Ro	intbio_reads_NovogeneAugust2025	CLBJ	Ro	yes	yes	yes	136114	128380	94.32	20417100	19133769	93.71	98.77	99.64	95.08	97.27	64.26	64.04	ok
CLBJ-42-1-No	intbio_reads_NovogeneAugust2025	CLBJ	No	yes	yes	yes	1442410	1399036	96.99	216361500	208195147	96.23	98.96	99.68	95.97	97.69	58.17	58.09	ok
CLBJ-42-1-Rh	intbio_reads_NovogeneAugust2025	CLBJ	Rh	yes	yes	yes	45814	43532	95.02	6872100	6483470	94.34	98.78	99.66	95.28	97.42	63.98	63.80	ok
CLBJ-42-1-Ro	intbio_reads_NovogeneAugust2025	CLBJ	Ro	yes	yes	yes	122094	117778	96.47	18314100	17565705	95.91	99.03	99.71	96.06	97.74	58.50	58.38	ok
CLBJ-43-2-No	intbio_reads_NovogeneMay2025	CLBJ	No	yes	yes	yes	659584	644370	97.69	98937600	95860885	96.89	99.03	99.68	96.43	97.95	59.34	59.28	ok
CLBJ-43-2-Rh	intbio_reads_NovogeneMay2025	CLBJ	Rh	yes	yes	yes	353124	343928	97.40	52968600	51187862	96.64	99.00	99.66	96.29	97.83	60.71	60.62	ok
CLBJ-43-2-Ro	intbio_reads_NovogeneMay2025	CLBJ	Ro	yes	yes	yes	117808	114740	97.40	17671200	17034782	96.40	98.86	99.65	95.93	97.70	64.54	64.50	ok
CLBJ-44-1-No	intbio_reads_NovogeneAugust2025	CLBJ	No	yes	yes	yes	727890	695960	95.61	109183500	103610736	94.90	98.84	99.65	95.44	97.44	63.80	63.66	ok
CLBJ-44-1-Rh	intbio_reads_NovogeneAugust2025	CLBJ	Rh	yes	yes	yes	76706	74492	97.11	11505900	11069568	96.21	98.84	99.62	95.57	97.36	60.13	60.07	ok
CLBJ-44-1-Ro	intbio_reads_NovogeneAugust2025	CLBJ	Ro	yes	yes	yes	17528	16664	95.07	2629200	2478590	94.27	98.57	99.65	94.93	97.37	60.87	60.69	ok
CLBJ-45-2-Rh	intbio_reads_NovogeneMay2025	CLBJ	Rh	yes	yes	yes	196172	189910	96.81	29425800	28232805	95.95	98.89	99.66	95.85	97.66	65.63	65.55	ok
CLBJ-45-2-Ro	intbio_reads_NovogeneMay2025	CLBJ	Ro	yes	yes	yes	10692	10254	95.90	1603800	1513892	94.39	98.12	99.58	94.34	97.44	58.86	58.66	ok
CLBJ-46-1-No	intbio_reads_NovogeneAugust2025	CLBJ	No	yes	yes	yes	771124	739204	95.86	115668600	110172963	95.25	98.93	99.70	95.81	97.69	58.97	58.78	ok
CLBJ-46-1-Rh	intbio_reads_NovogeneAugust2025	CLBJ	Rh	yes	yes	yes	126486	121918	96.39	18972900	18152519	95.68	98.88	99.69	95.65	97.58	63.83	63.76	ok
CLBJ-46-1-Ro	intbio_reads_NovogeneAugust2025	CLBJ	Ro	yes	yes	yes	296254	283122	95.57	44438100	42144966	94.84	98.81	99.66	95.35	97.44	63.11	62.96	ok
CLBJ-47-1-No	intbio_reads_NovogeneAugust2025	CLBJ	No	yes	yes	yes	29800	28916	97.03	4470000	4288464	95.94	98.77	99.62	95.44	97.43	61.54	61.39	ok
CLBJ-47-1-Rh	intbio_reads_NovogeneAugust2025	CLBJ	Rh	yes	yes	yes	394320	378996	96.11	59148000	56474464	95.48	98.94	99.70	95.89	97.72	58.93	58.78	ok
CLBJ-47-1-Ro	intbio_reads_NovogeneAugust2025	CLBJ	Ro	yes	yes	yes	15028	14566	96.93	2254200	2163085	95.96	98.76	99.65	95.47	97.50	64.56	64.53	ok
CLBJ-48-1-No	intbio_reads_NovogeneMay2025	CLBJ	No	yes	yes	yes	2817068	2735596	97.11	422560200	406411164	96.18	98.88	99.64	96.13	97.84	58.17	57.96	ok
CLBJ-48-1-Rh	intbio_reads_NovogeneMay2025	CLBJ	Rh	yes	yes	yes	529792	514724	97.16	79468800	76427176	96.17	98.85	99.63	95.81	97.61	64.88	64.80	ok
CLBJ-48-1-Ro	intbio_reads_NovogeneMay2025	CLBJ	Ro	yes	yes	yes	12424	11920	95.94	1863600	1768086	94.87	98.48	99.60	95.13	97.61	59.08	58.86	ok
CLBJ-49-1-Rh	intbio_reads_NovogeneMay2025	CLBJ	Rh	yes	yes	yes	486280	471006	96.86	72942000	70072522	96.07	98.86	99.70	96.06	97.87	63.84	63.76	ok
CLBJ-49-1-Ro	intbio_reads_NovogeneMay2025	CLBJ	Ro	yes	yes	yes	14590	13852	94.94	2188500	1994376	91.13	96.45	99.24	90.98	96.61	61.19	60.86	ok
CLBJ-5-2-No	intbio_reads_NovogeneMay2025	CLBJ	No	yes	yes	yes	18477476	17785834	96.26	2771621400	2645828624	95.46	98.78	99.66	95.67	97.67	61.06	60.88	ok
CLBJ-5-2-Rh	intbio_reads_NovogeneMay2025	CLBJ	Rh	yes	yes	yes	34748	33036	95.07	5212200	4904482	94.10	98.50	99.62	94.95	97.45	61.10	60.82	ok
CLBJ-5-2-Ro	intbio_reads_NovogeneMay2025	CLBJ	Ro	yes	yes	yes	16162	15502	95.92	2424300	2290787	94.49	98.29	99.56	94.38	97.14	61.32	61.19	ok
CLBJ-50-3-No	intbio_reads_NovogeneMay2025	CLBJ	No	yes	yes	yes	554112	538312	97.15	83116800	80173913	96.46	99.03	99.69	96.25	97.85	61.86	61.76	ok
CLBJ-50-3-Rh	intbio_reads_NovogeneMay2025	CLBJ	Rh	yes	yes	yes	338810	328636	97.00	50821500	48700371	95.83	98.69	99.66	95.67	97.75	63.51	63.38	ok
CLBJ-50-3-Ro	intbio_reads_NovogeneMay2025	CLBJ	Ro	yes	yes	yes	41182	40130	97.45	6177300	5877371	95.14	98.08	99.49	94.29	97.28	64.51	64.41	ok
CLBJ-6-3-No	intbio_reads_NovogeneMay2025	CLBJ	No	yes	yes	yes	323514	314538	97.23	48527100	46839957	96.52	99.06	99.71	96.27	97.83	58.73	58.66	ok
CLBJ-6-3-Rh	intbio_reads_NovogeneMay2025	CLBJ	Rh	yes	yes	yes	25236	24074	95.40	3785400	3568462	94.27	98.59	99.54	94.57	96.83	63.91	63.76	ok
CLBJ-6-3-Ro	intbio_reads_NovogeneMay2025	CLBJ	Ro	yes	yes	yes	10480	9976	95.19	1572000	1488615	94.70	98.86	99.67	95.56	97.56	63.31	63.14	ok
CLBJ-7-1-No	intbio_reads_NovogeneMay2025	CLBJ	No	yes	yes	yes	31072	29870	96.13	4660800	4453308	95.55	98.90	99.64	95.55	97.37	62.90	62.80	ok
CLBJ-7-1-Rh	intbio_reads_NovogeneMay2025	CLBJ	Rh	yes	yes	yes	43646	42324	96.97	6546900	6264124	95.68	98.67	99.58	95.23	97.27	64.88	64.80	ok
CLBJ-7-1-Ro	intbio_reads_NovogeneMay2025	CLBJ	Ro	yes	yes	yes	12188	11760	96.49	1828200	1749256	95.68	98.70	99.63	95.33	97.50	62.65	62.59	ok
CLBJ-8-1-No	intbio_reads_NovogeneMay2025	CLBJ	No	yes	yes	yes	67712	66134	97.67	10156800	9823214	96.72	98.97	99.63	95.94	97.51	65.64	65.61	ok
CLBJ-8-1-Rh	intbio_reads_NovogeneMay2025	CLBJ	Rh	yes	yes	yes	58478	56458	96.55	8771700	8405120	95.82	98.84	99.66	95.77	97.66	64.62	64.62	ok
CLBJ-8-1-Ro	intbio_reads_NovogeneMay2025	CLBJ	Ro	yes	yes	yes	55694	54128	97.19	8354100	8044462	96.29	98.90	99.61	95.65	97.30	66.01	65.95	ok
CLBJ-9-1-No	intbio_reads_NovogeneMay2025	CLBJ	No	yes	yes	yes	403682	390160	96.65	60552300	58014668	95.81	98.85	99.62	95.55	97.38	60.15	60.01	ok
CLBJ-9-1-Rh	intbio_reads_NovogeneMay2025	CLBJ	Rh	yes	yes	yes	65062	63368	97.40	9759300	9423973	96.56	98.94	99.65	95.90	97.55	64.45	64.40	ok
CLBJ-9-1-Ro	intbio_reads_NovogeneMay2025	CLBJ	Ro	yes	yes	yes	9776	9476	96.93	1466400	1406005	95.88	98.76	99.61	95.52	97.48	58.96	58.78	ok
CPER-1-No	intbio_reads_NovogeneAugust2025	CPER	No	yes	yes	yes	947842	918632	96.92	142176300	136027833	95.68	98.58	99.57	95.18	97.42	61.14	61.03	ok
CPER-1-Rh	intbio_reads_NovogeneAugust2025	CPER	Rh	yes	yes	yes	307962	295646	96.00	46194300	43820964	94.86	98.52	99.64	94.96	97.43	63.40	63.31	ok
CPER-1-Ro	intbio_reads_NovogeneAugust2025	CPER	Ro	yes	yes	yes	11534	11154	96.71	1730100	1650845	95.42	98.51	99.59	94.87	97.25	63.05	63.03	ok
CPER-2-No	intbio_reads_NovogeneAugust2025	CPER	No	yes	yes	yes	11897570	11542216	97.01	1784635500	1712528366	95.96	98.68	99.61	95.48	97.62	57.38	57.26	ok
CPER-2-Rh	intbio_reads_NovogeneAugust2025	CPER	Rh	yes	yes	yes	793856	767342	96.66	119078400	113766341	95.54	98.62	99.61	95.34	97.55	58.91	58.77	ok
CPER-2-Ro	intbio_reads_NovogeneAugust2025	CPER	Ro	yes	yes	yes	120982	117440	97.07	18147300	17419408	95.99	98.71	99.62	95.49	97.57	57.43	57.31	ok
CPER-3-1-No	intbio_reads_NovogeneAugust2025	CPER	No	yes	yes	yes	7095006	7007268	98.76	1064250900	1044856104	98.18	99.38	99.78	97.76	98.62	57.09	57.05	ok
CPER-3-1-Rh	intbio_reads_NovogeneAugust2025	CPER	Rh	yes	yes	yes	1529120	1500016	98.10	229368000	224374625	97.82	99.52	99.82	97.81	98.56	57.02	56.96	ok
CPER-3-1-Ro	intbio_reads_NovogeneAugust2025	CPER	Ro	yes	yes	yes	85102	83638	98.28	12765300	12422608	97.32	99.09	99.74	97.06	98.41	57.62	57.53	ok
CPER-4-No	intbio_reads_NovogeneAugust2025	CPER	No	yes	yes	yes	4400018	4338304	98.60	660002700	648985665	98.33	99.59	99.84	98.06	98.66	56.99	56.96	ok
CPER-4-Rh	intbio_reads_NovogeneAugust2025	CPER	Rh	yes	yes	yes	1822264	1794090	98.45	273339600	268163495	98.11	99.52	99.82	97.86	98.58	57.22	57.17	ok
CPER-4-Ro	intbio_reads_NovogeneAugust2025	CPER	Ro	yes	yes	yes	34600	33702	97.40	5190000	5005869	96.45	99.04	99.72	96.70	98.23	57.99	57.84	ok
CPER-5-1-No	intbio_reads_NovogeneAugust2025	CPER	No	yes	yes	yes	13818960	13595228	98.38	2072844000	2029187119	97.89	99.42	99.80	97.72	98.58	57.12	57.06	ok
CPER-5-1-Rh	intbio_reads_NovogeneAugust2025	CPER	Rh	yes	yes	yes	6758372	6536898	96.72	1013755800	978061231	96.48	99.35	99.81	97.30	98.38	56.09	55.88	ok
CPER-5-1-Ro	intbio_reads_NovogeneAugust2025	CPER	Ro	yes	yes	yes	32014	31382	98.03	4802100	4676881	97.39	99.22	99.76	97.18	98.36	58.68	58.62	ok
DCFS-1-2-No	intbio_reads_NovogeneAugust2025	DCFS	No	yes	yes	yes	85674	84310	98.41	12851100	12534337	97.54	99.13	99.70	97.08	98.31	58.76	58.65	ok
DCFS-1-2-Rh	intbio_reads_NovogeneAugust2025	DCFS	Rh	yes	yes	yes	377760	359636	95.20	56664000	53715435	94.80	99.14	99.71	96.23	97.74	63.85	63.68	ok
DCFS-1-2-Ro	intbio_reads_NovogeneAugust2025	DCFS	Ro	yes	yes	yes	35066	33732	96.20	5259900	5042740	95.87	99.29	99.73	96.60	97.81	63.85	63.73	ok
DCFS-2-2-No	intbio_reads_NovogeneAugust2025	DCFS	No	yes	yes	yes	22827488	22478592	98.47	3424123200	3358198022	98.07	99.47	99.81	97.82	98.62	57.18	57.11	ok
DCFS-2-2-Rh	intbio_reads_NovogeneAugust2025	DCFS	Rh	yes	yes	yes	517592	500190	96.64	77638800	74576728	96.06	99.14	99.71	96.67	98.04	61.13	60.93	ok
DCFS-2-2-Ro	intbio_reads_NovogeneAugust2025	DCFS	Ro	yes	yes	yes	102552	98966	96.50	15382800	14795051	96.18	99.31	99.75	96.84	97.96	62.30	62.16	ok
DCFS-3-2-No	intbio_reads_NovogeneAugust2025	DCFS	No	yes	yes	yes	2901834	2853844	98.35	435275100	425779836	97.82	99.35	99.77	97.58	98.51	57.34	57.25	ok
DCFS-3-2-Rh	intbio_reads_NovogeneAugust2025	DCFS	Rh	yes	yes	yes	373506	361214	96.71	56025900	53958257	96.31	99.26	99.74	96.83	98.02	60.96	60.78	ok
DCFS-3-2-Ro	intbio_reads_NovogeneAugust2025	DCFS	Ro	yes	yes	yes	12254	11930	97.36	1838100	1761213	95.82	98.64	99.64	95.93	98.02	57.51	57.14	ok
DCFS-4-No	intbio_reads_NovogeneAugust2025	DCFS	No	yes	yes	yes	25005030	24066790	96.25	3750754500	3589151193	95.69	98.96	99.71	95.89	97.72	60.85	60.72	ok
DCFS-4-Rh	intbio_reads_NovogeneAugust2025	DCFS	Rh	yes	yes	yes	210978	200750	95.15	31646700	29836599	94.28	98.62	99.67	95.09	97.47	63.11	62.90	ok
DCFS-4-Ro	intbio_reads_NovogeneAugust2025	DCFS	Ro	yes	yes	yes	138488	131304	94.81	20773200	19490798	93.83	98.55	99.66	94.93	97.42	63.61	63.37	ok
DCFS-5-1-No	intbio_reads_NovogeneAugust2025	DCFS	No	yes	yes	yes	21785700	20933142	96.09	3267855000	3114568217	95.31	98.80	99.68	95.73	97.75	56.94	56.69	ok
DCFS-5-1-Rh	intbio_reads_NovogeneAugust2025	DCFS	Rh	yes	yes	yes	312448	301390	96.46	46867200	44734784	95.45	98.64	99.63	95.30	97.46	63.49	63.40	ok
DCFS-5-1-Ro	intbio_reads_NovogeneAugust2025	DCFS	Ro	yes	yes	yes	60902	57720	94.78	9135300	8595213	94.09	98.66	99.66	95.20	97.52	59.70	59.45	ok
DCFS-6-1-No	intbio_reads_NovogeneAugust2025	DCFS	No	yes	yes	yes	23837930	23116442	96.97	3575689500	3436709969	96.11	98.84	99.68	95.85	97.80	57.25	57.15	ok
DCFS-6-1-Rh	intbio_reads_NovogeneAugust2025	DCFS	Rh	yes	yes	yes	114086	108184	94.83	17112900	16098263	94.07	98.68	99.64	95.07	97.37	64.66	64.44	ok
DCFS-6-1-Ro	intbio_reads_NovogeneAugust2025	DCFS	Ro	yes	yes	yes	14918	13038	87.40	2237700	1925913	86.07	95.80	99.56	89.39	97.02	61.27	61.32	ok
DCFS-7-1-No	intbio_reads_NovogeneAugust2025	DCFS	No	yes	yes	yes	114052	108188	94.86	17107800	16062929	93.89	98.55	99.64	94.87	97.36	63.57	63.40	ok
DCFS-7-1-Rh	intbio_reads_NovogeneAugust2025	DCFS	Rh	yes	yes	yes	226798	219844	96.93	34019700	32537432	95.64	98.56	99.59	95.14	97.41	63.63	63.58	ok
DCFS-7-1-Ro	intbio_reads_NovogeneAugust2025	DCFS	Ro	yes	yes	yes	34068	32984	96.82	5110200	4768688	93.32	97.50	99.55	93.31	97.38	58.37	57.80	ok
DCFS-8-1-No	intbio_reads_NovogeneAugust2025	DCFS	No	yes	yes	yes	16828746	16334186	97.06	2524311900	2417081201	95.75	98.51	99.59	95.22	97.53	57.38	57.29	ok
DCFS-8-1-Rh	intbio_reads_NovogeneAugust2025	DCFS	Rh	yes	yes	yes	231338	221518	95.76	34700700	32882880	94.76	98.57	99.62	95.08	97.41	60.57	60.36	ok
DCFS-8-1-Ro	intbio_reads_NovogeneAugust2025	DCFS	Ro	yes	yes	yes	14804	14064	95.00	2220600	2076821	93.53	98.00	99.57	93.83	97.20	61.07	61.02	ok
DEJU-1-1-No	intbio_reads_NovogeneMay2025	DEJU	No	yes	yes	yes	1832496	1793086	97.85	274874400	267604083	97.36	99.36	99.83	97.55	98.71	60.31	60.25	ok
DEJU-1-1-Rh	intbio_reads_NovogeneMay2025	DEJU	Rh	yes	yes	yes	202124	197220	97.57	30318600	28963383	95.53	98.32	99.58	95.21	97.76	63.69	63.60	ok
DEJU-1-1-Ro	intbio_reads_NovogeneMay2025	DEJU	Ro	yes	yes	yes	8862	8566	96.66	1329300	1264947	95.16	98.28	99.66	95.08	97.85	63.03	62.95	ok
DEJU-10-1-No	intbio_reads_NovogeneAugust2025	DEJU	No	yes	yes	yes	7810	7422	95.03	1171500	1105206	94.34	98.76	99.67	95.42	97.49	61.02	60.89	ok
DEJU-10-1-Rh	intbio_reads_NovogeneAugust2025	DEJU	Rh	yes	yes	yes	528036	502080	95.08	79205400	74640205	94.24	98.66	99.63	94.95	97.29	63.82	63.65	ok
DEJU-10-1-Ro	intbio_reads_NovogeneAugust2025	DEJU	Ro	yes	yes	yes	41934	40616	96.86	6290100	6028324	95.84	98.70	99.59	95.24	97.29	60.36	60.30	ok
DEJU-11-1-No	intbio_reads_NovogeneAugust2025	DEJU	No	yes	yes	yes	9004	8554	95.00	1350600	1275481	94.44	98.69	99.69	95.44	97.65	59.48	59.23	ok
DEJU-11-1-Rh	intbio_reads_NovogeneAugust2025	DEJU	Rh	yes	yes	yes	76198	72910	95.68	11429700	10802541	94.51	98.61	99.62	95.05	97.37	60.71	60.50	ok
DEJU-11-1-Ro	intbio_reads_NovogeneAugust2025	DEJU	Ro	yes	yes	yes	10678	10382	97.23	1601700	1550627	96.81	99.36	99.73	96.93	97.85	60.10	60.02	ok
DEJU-12-1-No	intbio_reads_NovogeneAugust2025	DEJU	No	yes	yes	yes	23182	22286	96.13	3477300	3305657	95.06	98.41	99.53	94.40	96.91	61.86	61.80	ok
DEJU-12-1-Rh	intbio_reads_NovogeneAugust2025	DEJU	Rh	yes	yes	yes	223116	209264	93.79	33467400	31100031	92.93	98.44	99.60	94.42	97.09	63.33	63.04	ok
DEJU-12-1-Ro	intbio_reads_NovogeneAugust2025	DEJU	Ro	yes	yes	yes	8178	7782	95.16	1226700	1153365	94.02	98.49	99.56	94.54	97.08	62.17	61.95	ok
DEJU-13-1-No	intbio_reads_NovogeneAugust2025	DEJU	No	yes	yes	yes	790632	773758	97.87	118594800	115449137	97.35	99.34	99.73	97.01	97.94	60.04	59.97	ok
DEJU-13-1-Rh	intbio_reads_NovogeneAugust2025	DEJU	Rh	yes	yes	yes	1766	1658	93.88	264900	246638	93.11	97.87	99.63	93.65	97.27	59.29	59.16	ok
DEJU-13-1-Ro	intbio_reads_NovogeneAugust2025	DEJU	Ro	yes	yes	yes	30472	29558	97.00	4570800	4321915	94.55	97.95	99.46	93.90	97.01	60.29	60.09	ok
DEJU-16-1-No	intbio_reads_NovogeneAugust2025	DEJU	No	yes	yes	yes	5744942	5520212	96.09	861741300	821512385	95.33	98.89	99.67	95.79	97.44	68.14	68.03	ok
DEJU-16-1-Rh	intbio_reads_NovogeneAugust2025	DEJU	Rh	yes	yes	yes	318758	304504	95.53	47813700	45257362	94.65	98.67	99.61	94.94	97.14	64.56	64.45	ok
DEJU-16-1-Ro	intbio_reads_NovogeneAugust2025	DEJU	Ro	yes	yes	yes	1209968	1166070	96.37	181495200	173688224	95.70	98.88	99.65	95.58	97.48	60.46	60.34	ok
DEJU-16-2-No	intbio_reads_NovogeneDecember2025	DEJU	No	yes	yes	yes	10745984	9764646	90.87	1611897600	1444490244	89.61	97.84	99.60	93.05	96.94	68.48	68.02	ok
DEJU-16-2-Rh	intbio_reads_NovogeneDecember2025	DEJU	Rh	yes	yes	yes	537526	509984	94.88	80628900	75342028	93.44	98.26	99.60	94.31	97.28	64.66	64.43	ok
DEJU-16-2-Ro	intbio_reads_NovogeneDecember2025	DEJU	Ro	yes	yes	yes	4314	3960	91.79	647100	574174	88.73	96.71	99.41	90.82	96.44	66.95	66.60	ok
DEJU-17-1-No	intbio_reads_NovogeneAugust2025	DEJU	No	yes	yes	yes	25928	24726	95.36	3889200	3610944	92.85	97.25	99.54	92.71	97.06	63.26	63.17	ok
DEJU-17-1-Rh	intbio_reads_NovogeneAugust2025	DEJU	Rh	yes	yes	yes	609556	584916	95.96	91433400	86986946	95.14	98.70	99.59	95.06	97.15	64.60	64.51	ok
DEJU-17-1-Ro	intbio_reads_NovogeneAugust2025	DEJU	Ro	yes	yes	yes	11158	10862	97.35	1673700	1601376	95.68	98.25	99.50	94.33	96.85	65.17	65.19	ok
DEJU-17-2-No	intbio_reads_NovogeneDecember2025	DEJU	No	yes	yes	yes	18414	17016	92.41	2762100	2468656	89.38	96.53	99.44	90.60	96.48	65.59	65.38	ok
DEJU-17-2-Rh	intbio_reads_NovogeneDecember2025	DEJU	Rh	yes	yes	yes	165862	158332	95.46	24879300	23474527	94.35	98.59	99.62	94.96	97.39	63.58	63.37	ok
DEJU-17-2-Ro	intbio_reads_NovogeneDecember2025	DEJU	Ro	yes	yes	yes	160244	146954	91.71	24036600	21549791	89.65	97.18	99.53	91.98	96.81	68.15	67.70	ok
DEJU-18-1-No	intbio_reads_NovogeneAugust2025	DEJU	No	yes	yes	yes	4167794	4019300	96.44	625169100	598330265	95.71	98.95	99.67	95.90	97.44	68.20	68.11	ok
DEJU-18-1-Rh	intbio_reads_NovogeneAugust2025	DEJU	Rh	yes	yes	yes	107608	104064	96.71	16141200	15442019	95.67	98.74	99.59	95.35	97.30	62.54	62.48	ok
DEJU-18-1-Ro	intbio_reads_NovogeneAugust2025	DEJU	Ro	yes	yes	yes	357752	340998	95.32	53662800	50271276	93.68	98.07	99.50	93.66	96.73	67.46	67.32	ok
DEJU-19-1-No	intbio_reads_NovogeneAugust2025	DEJU	No	yes	yes	yes	15838	15086	95.25	2375700	2216782	93.31	97.72	99.48	93.43	96.96	62.88	62.75	ok
DEJU-19-1-Rh	intbio_reads_NovogeneAugust2025	DEJU	Rh	yes	yes	yes	117412	113648	96.79	17611800	16789888	95.33	98.45	99.53	94.79	97.15	62.61	62.55	ok
DEJU-19-1-Ro	intbio_reads_NovogeneAugust2025	DEJU	Ro	yes	yes	yes	16660	16010	96.10	2499000	2374055	95.00	98.41	99.47	94.45	96.89	63.90	63.79	ok
DEJU-2-No	intbio_reads_NovogeneMay2025	DEJU	No	yes	yes	yes	2453536	2399680	97.80	368030400	357741011	97.20	99.28	99.79	97.23	98.46	60.15	60.09	ok
DEJU-2-Rh	intbio_reads_NovogeneMay2025	DEJU	Rh	yes	yes	yes	157420	152940	97.15	23613000	22615803	95.78	98.66	99.67	95.86	98.00	62.53	62.42	ok
DEJU-2-Ro	intbio_reads_NovogeneMay2025	DEJU	Ro	yes	yes	yes	117570	113432	96.48	17635500	16822714	95.39	98.74	99.70	96.02	98.14	58.09	57.84	ok
DEJU-20-1-No	intbio_reads_NovogeneAugust2025	DEJU	No	yes	yes	yes	7596	7242	95.34	1139400	1079384	94.73	98.89	99.70	95.82	97.71	63.56	63.35	ok
DEJU-20-1-Rh	intbio_reads_NovogeneAugust2025	DEJU	Rh	yes	yes	yes	61832	58760	95.03	9274800	8736173	94.19	98.65	99.60	94.84	97.08	63.57	63.40	ok
DEJU-20-1-Ro	intbio_reads_NovogeneAugust2025	DEJU	Ro	yes	yes	yes	31902	30578	95.85	4785300	4480391	93.63	97.86	99.53	93.61	96.96	63.68	63.50	ok
DEJU-21-1-No	intbio_reads_NovogeneAugust2025	DEJU	No	yes	yes	yes	6789410	6419652	94.55	1018411500	941876526	92.48	97.64	99.47	92.85	96.58	68.04	67.90	ok
DEJU-21-1-Rh	intbio_reads_NovogeneAugust2025	DEJU	Rh	yes	yes	yes	117632	113518	96.50	17644800	16823194	95.34	98.63	99.62	95.27	97.43	60.95	60.85	ok
DEJU-21-1-Ro	intbio_reads_NovogeneAugust2025	DEJU	Ro	yes	yes	yes	6576	6294	95.71	986400	934348	94.72	98.55	99.61	94.68	97.24	61.22	61.14	ok
DEJU-22-1-No	intbio_reads_NovogeneAugust2025	DEJU	No	yes	yes	yes	3524034	3372554	95.70	528605100	501589188	94.89	98.80	99.65	95.51	97.30	68.13	68.00	ok
DEJU-22-1-Rh	intbio_reads_NovogeneAugust2025	DEJU	Rh	yes	yes	yes	78646	75620	96.15	11796900	11225966	95.16	98.74	99.61	95.20	97.25	62.39	62.30	ok
DEJU-22-1-Ro	intbio_reads_NovogeneAugust2025	DEJU	Ro	yes	yes	yes	81708	77200	94.48	12256200	11447708	93.40	98.30	99.58	94.13	96.96	64.04	63.90	ok
DEJU-23-1-No	intbio_reads_NovogeneAugust2025	DEJU	No	yes	yes	yes	3180130	2962468	93.16	477019500	437641460	91.74	97.92	99.55	93.48	96.92	67.64	67.31	ok
DEJU-23-1-Rh	intbio_reads_NovogeneAugust2025	DEJU	Rh	yes	yes	yes	953594	911620	95.60	143039100	135685661	94.86	98.80	99.65	95.32	97.40	63.43	63.29	ok
DEJU-23-1-Ro	intbio_reads_NovogeneAugust2025	DEJU	Ro	yes	yes	yes	20976	20206	96.33	3146400	3002371	95.42	98.68	99.62	95.27	97.46	61.46	61.34	ok
DEJU-24-1-No	intbio_reads_NovogeneAugust2025	DEJU	No	yes	yes	yes	2361270	2215842	93.84	354190500	327049726	92.34	97.97	99.54	93.60	96.94	67.51	67.21	ok
DEJU-24-1-Rh	intbio_reads_NovogeneAugust2025	DEJU	Rh	yes	yes	yes	775760	740316	95.43	116364000	110051002	94.57	98.64	99.61	94.93	97.23	65.65	65.52	ok
DEJU-24-1-Ro	intbio_reads_NovogeneAugust2025	DEJU	Ro	yes	yes	yes	8624	7828	90.77	1293600	1162112	89.84	96.44	99.60	91.22	97.29	61.53	60.86	ok
DEJU-25-No	intbio_reads_NovogeneAugust2025	DEJU	No	yes	yes	yes	2812	2702	96.09	421800	393573	93.31	97.53	99.50	93.10	96.94	60.94	60.52	ok
DEJU-25-Rh	intbio_reads_NovogeneAugust2025	DEJU	Rh	yes	yes	yes	44704	42990	96.17	6705600	6337904	94.52	98.07	99.67	94.46	97.71	59.67	59.56	ok
DEJU-25-Ro	intbio_reads_NovogeneAugust2025	DEJU	Ro	yes	yes	yes	24144	23292	96.47	3621600	3444605	95.11	98.45	99.60	94.84	97.32	63.49	63.35	ok
DEJU-26-No	intbio_reads_NovogeneAugust2025	DEJU	No	yes	yes	yes	154782	145242	93.84	23217300	21639306	93.20	98.72	99.63	94.91	97.20	64.62	64.37	ok
DEJU-26-Rh	intbio_reads_NovogeneAugust2025	DEJU	Rh	yes	yes	yes	998518	958212	95.96	149777700	142534088	95.16	98.85	99.65	95.43	97.38	64.40	64.31	ok
DEJU-27-No	intbio_reads_NovogeneAugust2025	DEJU	No	yes	yes	yes	103168	98238	95.22	15475200	14619576	94.47	98.78	99.64	95.25	97.37	63.62	63.43	ok
DEJU-27-Rh	intbio_reads_NovogeneAugust2025	DEJU	Rh	yes	yes	yes	145264	138086	95.06	21789600	20553473	94.33	98.78	99.62	95.12	97.23	64.17	64.01	ok
DEJU-27-Ro	intbio_reads_NovogeneAugust2025	DEJU	Ro	yes	yes	yes	26238	25172	95.94	3935700	3682148	93.56	98.03	99.51	93.80	97.08	59.48	59.32	ok
DEJU-28-1-No	intbio_reads_NovogeneDecember2025	DEJU	No	yes	yes	yes	3750	3446	91.89	562500	508257	90.36	97.31	99.59	92.26	97.09	66.68	66.48	ok
DEJU-28-1-Rh	intbio_reads_NovogeneDecember2025	DEJU	Rh	yes	yes	yes	205474	198446	96.58	30821100	29256698	94.92	98.34	99.56	94.65	97.28	63.45	63.37	ok
DEJU-28-1-Ro	intbio_reads_NovogeneDecember2025	DEJU	Ro	yes	yes	yes	43908	40218	91.60	6586200	5930555	90.05	97.61	99.51	92.70	96.80	65.72	65.16	ok
DEJU-28-2-No	intbio_reads_NovogeneAugust2025	DEJU	No	yes	yes	yes	4221150	4001540	94.80	633172500	595021878	93.97	98.68	99.61	95.03	97.00	67.35	67.16	ok
DEJU-28-2-Rh	intbio_reads_NovogeneAugust2025	DEJU	Rh	yes	yes	yes	278366	264180	94.90	41754900	39333433	94.20	98.80	99.64	95.21	97.33	64.43	64.23	ok
DEJU-28-2-Ro	intbio_reads_NovogeneAugust2025	DEJU	Ro	yes	yes	yes	187028	181624	97.11	28054200	26932686	96.00	98.80	99.62	95.51	97.41	61.06	61.02	ok
DEJU-29-1-No	intbio_reads_NovogeneAugust2025	DEJU	No	yes	yes	yes	6004192	5675476	94.53	900628800	844322950	93.75	98.71	99.61	95.00	96.99	68.20	68.01	ok
DEJU-29-1-Rh	intbio_reads_NovogeneAugust2025	DEJU	Rh	yes	yes	yes	297956	276756	92.88	44693400	41033989	91.81	98.19	99.56	93.70	96.85	66.61	66.19	ok
DEJU-29-1-Ro	intbio_reads_NovogeneAugust2025	DEJU	Ro	yes	yes	yes	33802	32856	97.20	5070300	4898897	96.62	98.99	99.70	96.07	97.79	59.50	59.44	ok
DEJU-29-2-No	intbio_reads_NovogeneDecember2025	DEJU	No	yes	yes	yes	11431308	10877118	95.15	1714696200	1611397282	93.98	98.40	99.66	94.54	97.34	68.40	68.29	ok
DEJU-29-2-Rh	intbio_reads_NovogeneDecember2025	DEJU	Rh	yes	yes	yes	171716	161440	94.02	25757400	23910756	92.83	98.32	99.64	94.38	97.40	63.66	63.35	ok
DEJU-29-2-Ro	intbio_reads_NovogeneDecember2025	DEJU	Ro	yes	yes	yes	179036	167608	93.62	26855400	24218881	90.18	96.85	99.42	91.57	96.69	66.37	66.01	ok
DEJU-3-1-No	intbio_reads_NovogeneMay2025	DEJU	No	yes	yes	yes	660072	643416	97.48	99010800	95986932	96.95	99.30	99.83	97.38	98.63	59.31	59.22	ok
DEJU-3-1-Rh	intbio_reads_NovogeneMay2025	DEJU	Rh	yes	yes	yes	14276	13794	96.62	2141400	2049355	95.70	98.65	99.63	95.45	97.64	60.66	60.55	ok
DEJU-3-1-Ro	intbio_reads_NovogeneMay2025	DEJU	Ro	yes	yes	yes	14582	14052	96.37	2187300	2086822	95.41	98.74	99.70	95.68	97.87	60.84	60.68	ok
DEJU-30-No	intbio_reads_NovogeneMay2025	DEJU	No	yes	yes	yes	4731824	4506698	95.24	709773600	669291477	94.30	98.73	99.74	95.76	98.00	68.61	68.43	ok
DEJU-30-Rh	intbio_reads_NovogeneMay2025	DEJU	Rh	yes	yes	yes	143138	137518	96.07	21470700	20445306	95.22	98.91	99.78	96.39	98.30	63.25	62.99	ok
DEJU-30-Ro	intbio_reads_NovogeneMay2025	DEJU	Ro	yes	yes	yes	72072	70398	97.68	10810800	10409793	96.29	98.79	99.71	96.22	98.18	63.05	62.99	ok
DEJU-31-No	intbio_reads_NovogeneMay2025	DEJU	No	yes	yes	yes	5306306	5060984	95.38	795945900	753082370	94.61	98.92	99.76	96.16	98.10	65.67	65.44	ok
DEJU-31-Rh	intbio_reads_NovogeneMay2025	DEJU	Rh	yes	yes	yes	30318	29364	96.85	4547700	4319769	94.99	98.36	99.64	95.32	98.02	60.91	60.71	ok
DEJU-31-Ro	intbio_reads_NovogeneMay2025	DEJU	Ro	yes	yes	yes	81788	79356	97.03	12268200	11802066	96.20	99.07	99.75	96.62	98.23	62.98	62.83	ok
DEJU-32-No	intbio_reads_NovogeneMay2025	DEJU	No	yes	yes	yes	9546118	9108636	95.42	1431917700	1347916586	94.13	98.45	99.69	95.25	97.91	68.48	68.31	ok
DEJU-32-Rh	intbio_reads_NovogeneMay2025	DEJU	Rh	yes	yes	yes	314408	299104	95.13	47161200	44342877	94.02	98.53	99.72	95.46	98.02	65.14	64.86	ok
DEJU-32-Ro	intbio_reads_NovogeneMay2025	DEJU	Ro	yes	yes	yes	875974	834114	95.22	131396100	123875301	94.28	98.72	99.76	95.88	98.17	64.02	63.74	ok
DEJU-33-No	intbio_reads_NovogeneMay2025	DEJU	No	yes	yes	yes	3770616	3512614	93.16	565592400	521406780	92.19	98.57	99.72	95.19	97.83	68.61	68.25	ok
DEJU-33-Rh	intbio_reads_NovogeneMay2025	DEJU	Rh	yes	yes	yes	19920	18962	95.19	2988000	2822690	94.47	98.80	99.78	96.06	98.25	58.70	58.28	ok
DEJU-33-Ro	intbio_reads_NovogeneMay2025	DEJU	Ro	yes	yes	yes	130716	126190	96.54	19607400	18783387	95.80	99.08	99.77	96.68	98.32	61.76	61.56	ok
DEJU-34-No	intbio_reads_NovogeneMay2025	DEJU	No	yes	yes	yes	3809156	3627758	95.24	571373400	537776328	94.12	98.64	99.73	95.60	97.98	68.38	68.19	ok
DEJU-34-Rh	intbio_reads_NovogeneMay2025	DEJU	Rh	yes	yes	yes	31212	30170	96.66	4681800	4491774	95.94	99.00	99.76	96.52	98.28	59.73	59.59	ok
DEJU-34-Ro	intbio_reads_NovogeneMay2025	DEJU	Ro	yes	yes	yes	132974	127266	95.71	19946100	18957417	95.04	98.96	99.78	96.35	98.31	61.75	61.48	ok
DEJU-35-No	intbio_reads_NovogeneMay2025	DEJU	No	yes	yes	yes	6561654	6350418	96.78	984248100	911749030	92.63	97.25	99.26	92.39	96.55	66.95	66.48	ok
DEJU-35-Rh	intbio_reads_NovogeneMay2025	DEJU	Rh	yes	yes	yes	99414	96304	96.87	14912100	14269753	95.69	98.63	99.63	95.44	97.59	65.24	65.17	ok
DEJU-35-Ro	intbio_reads_NovogeneMay2025	DEJU	Ro	yes	yes	yes	20968	19934	95.07	3145200	2959278	94.09	98.66	99.73	95.51	97.95	62.15	61.94	ok
DEJU-36-No	intbio_reads_NovogeneMay2025	DEJU	No	yes	yes	yes	8282856	8049894	97.19	1242428400	1200676954	96.64	99.27	99.81	97.17	98.49	60.71	60.61	ok
DEJU-36-Rh	intbio_reads_NovogeneMay2025	DEJU	Rh	yes	yes	yes	63478	60990	96.08	9521700	9085336	95.42	99.03	99.80	96.54	98.32	62.67	62.48	ok
DEJU-36-Ro	intbio_reads_NovogeneMay2025	DEJU	Ro	yes	yes	yes	1614504	1531290	94.85	242175600	228344009	94.29	99.00	99.79	96.33	98.26	61.76	61.43	ok
DEJU-37-No	intbio_reads_NovogeneMay2025	DEJU	No	yes	yes	yes	1429236	1389588	97.23	214385400	207523709	96.80	99.36	99.83	97.43	98.63	60.09	59.98	ok
DEJU-37-Rh	intbio_reads_NovogeneMay2025	DEJU	Rh	yes	yes	yes	66054	62808	95.09	9908100	9353242	94.40	98.77	99.79	96.08	98.30	63.27	63.04	ok
DEJU-37-Ro	intbio_reads_NovogeneMay2025	DEJU	Ro	yes	yes	yes	22648	21212	93.66	3397200	3155628	92.89	98.76	99.76	95.73	98.17	62.92	62.44	ok
DEJU-38-No	intbio_reads_NovogeneMay2025	DEJU	No	yes	yes	yes	8581478	8346362	97.26	1287221700	1245514397	96.76	99.31	99.82	97.22	98.48	60.53	60.44	ok
DEJU-38-Rh	intbio_reads_NovogeneMay2025	DEJU	Rh	yes	yes	yes	717348	695298	96.93	107602200	103613531	96.29	99.05	99.70	96.22	97.82	61.21	61.09	ok
DEJU-38-Ro	intbio_reads_NovogeneMay2025	DEJU	Ro	yes	yes	yes	7580	7354	97.02	1137000	1081370	95.11	98.12	99.50	94.31	97.19	60.45	60.34	ok
DEJU-39-No	intbio_reads_NovogeneMay2025	DEJU	No	yes	yes	yes	28685458	27942844	97.41	4302818700	4168161384	96.87	99.29	99.82	97.23	98.52	60.90	60.82	ok
DEJU-39-Rh	intbio_reads_NovogeneMay2025	DEJU	Rh	yes	yes	yes	8644	8388	97.04	1296600	1243795	95.93	98.79	99.79	96.27	98.46	63.76	63.66	ok
DEJU-39-Ro	intbio_reads_NovogeneMay2025	DEJU	Ro	yes	yes	yes	34778	33272	95.67	5216700	4954727	94.98	98.79	99.78	96.13	98.31	60.46	60.29	ok
DEJU-4-1-No	intbio_reads_NovogeneMay2025	DEJU	No	yes	yes	yes	3804464	3650610	95.96	570669600	524617584	91.93	96.87	99.42	92.05	96.81	66.41	66.20	ok
DEJU-4-1-Rh	intbio_reads_NovogeneMay2025	DEJU	Rh	yes	yes	yes	29136	28468	97.71	4370400	4152373	95.01	97.87	99.40	93.81	96.73	61.29	61.18	ok
DEJU-4-1-Ro	intbio_reads_NovogeneMay2025	DEJU	Ro	yes	yes	yes	8208	7810	95.15	1231200	1110856	90.23	96.08	99.30	89.96	96.41	59.44	58.67	ok
DEJU-4-2-No	intbio_reads_NovogeneDecember2025	DEJU	No	yes	yes	yes	6931806	6555326	94.57	1039770900	961412020	92.46	97.83	99.57	93.34	97.02	68.05	67.89	ok
DEJU-4-2-Rh	intbio_reads_NovogeneDecember2025	DEJU	Rh	yes	yes	yes	218336	208930	95.69	32750400	31096689	94.95	98.95	99.72	95.94	97.86	58.54	58.34	ok
DEJU-4-2-Ro	intbio_reads_NovogeneDecember2025	DEJU	Ro	yes	yes	yes	29718	27296	91.85	4457700	3992230	89.56	96.91	99.57	91.68	97.11	65.75	65.41	ok
DEJU-40-No	intbio_reads_NovogeneMay2025	DEJU	No	yes	yes	yes	14502846	14052146	96.89	2175426900	2097898096	96.44	99.30	99.83	97.23	98.53	60.55	60.42	ok
DEJU-40-Rh	intbio_reads_NovogeneMay2025	DEJU	Rh	yes	yes	yes	116190	112768	97.05	17428500	16718481	95.93	98.75	99.68	96.08	98.09	60.27	60.15	ok
DEJU-40-Ro	intbio_reads_NovogeneMay2025	DEJU	Ro	yes	yes	yes	39394	38350	97.35	5909100	5655525	95.71	98.60	99.65	95.80	98.04	59.53	59.27	ok
DEJU-41-1-No	intbio_reads_NovogeneMay2025	DEJU	No	yes	yes	yes	4058	3646	89.85	608700	522021	85.76	95.31	99.42	88.21	96.50	61.74	61.29	ok
DEJU-41-1-Rh	intbio_reads_NovogeneMay2025	DEJU	Rh	yes	yes	yes	2874	2680	93.25	431100	384880	89.28	95.92	99.39	89.80	96.42	62.99	62.86	ok
DEJU-41-1-Ro	intbio_reads_NovogeneMay2025	DEJU	Ro	yes	yes	yes	7616	6666	87.53	1142400	963904	84.38	95.13	99.52	88.36	97.26	60.58	59.64	ok
DEJU-42-No	intbio_reads_NovogeneMay2025	DEJU	No	yes	yes	yes	12151530	11788876	97.02	1822729500	1759187046	96.51	99.27	99.83	97.22	98.56	60.59	60.46	ok
DEJU-42-Rh	intbio_reads_NovogeneMay2025	DEJU	Rh	yes	yes	yes	52746	49920	94.64	7911900	7415933	93.73	98.61	99.73	95.63	98.12	59.77	59.27	ok
DEJU-42-Ro	intbio_reads_NovogeneMay2025	DEJU	Ro	yes	yes	yes	59512	57164	96.05	8926800	8522418	95.47	99.08	99.80	96.78	98.48	57.22	56.91	ok
DEJU-43-No	intbio_reads_NovogeneMay2025	DEJU	No	yes	yes	yes	6305806	6117202	97.01	945870900	913368674	96.56	99.31	99.83	97.28	98.56	60.05	59.93	ok
DEJU-43-Rh	intbio_reads_NovogeneMay2025	DEJU	Rh	yes	yes	yes	165888	160650	96.84	24883200	23912896	96.10	99.01	99.78	96.56	98.31	61.96	61.82	ok
DEJU-43-Ro	intbio_reads_NovogeneMay2025	DEJU	Ro	yes	yes	yes	207970	200086	96.21	31195500	29594282	94.87	98.62	99.69	95.69	98.02	61.34	61.00	ok
DEJU-44-No	intbio_reads_NovogeneMay2025	DEJU	No	yes	yes	yes	1811618	1758928	97.09	271742700	262287697	96.52	99.26	99.83	97.23	98.59	60.40	60.28	ok
DEJU-44-Rh	intbio_reads_NovogeneMay2025	DEJU	Rh	yes	yes	yes	19352	18672	96.49	2902800	2776129	95.64	99.00	99.77	96.58	98.33	61.40	61.20	ok
DEJU-44-Ro	intbio_reads_NovogeneMay2025	DEJU	Ro	yes	yes	yes	15406	14742	95.69	2310900	2186841	94.63	98.58	99.75	95.57	98.06	60.19	59.96	ok
DEJU-45-1-No	intbio_reads_NovogeneMay2025	DEJU	No	yes	yes	yes	2590210	2531778	97.74	388531500	377979525	97.28	99.38	99.84	97.58	98.72	59.80	59.73	ok
DEJU-45-1-Rh	intbio_reads_NovogeneMay2025	DEJU	Rh	yes	yes	yes	6450	6178	95.78	967500	909354	93.99	97.92	99.67	94.26	97.76	62.36	62.25	ok
DEJU-45-1-Ro	intbio_reads_NovogeneMay2025	DEJU	Ro	yes	yes	yes	16020	15326	95.67	2403000	2282173	94.97	98.90	99.78	96.22	98.27	59.95	59.72	ok
DEJU-46-No	intbio_reads_NovogeneMay2025	DEJU	No	yes	yes	yes	1326	1232	92.91	198900	181054	91.03	97.71	99.49	92.92	96.82	62.49	62.05	ok
DEJU-46-Rh	intbio_reads_NovogeneMay2025	DEJU	Rh	yes	yes	yes	1734	1602	92.39	260100	235647	90.60	97.40	99.57	92.41	97.17	62.65	62.24	ok
DEJU-46-Ro	intbio_reads_NovogeneMay2025	DEJU	Ro	yes	yes	yes	78688	75536	95.99	11803200	11279930	95.57	99.18	99.83	97.06	98.59	58.09	57.82	ok
DEJU-47-No	intbio_reads_NovogeneMay2025	DEJU	No	yes	yes	yes	8583142	8346342	97.24	1287471300	1245853347	96.77	99.32	99.83	97.29	98.55	60.35	60.25	ok
DEJU-47-Rh	intbio_reads_NovogeneMay2025	DEJU	Rh	yes	yes	yes	46904	44776	95.46	7035600	6646409	94.47	98.76	99.73	96.05	98.18	62.03	61.62	ok
DEJU-47-Ro	intbio_reads_NovogeneMay2025	DEJU	Ro	yes	yes	yes	1082912	1056150	97.53	162436800	156747482	96.50	98.89	99.69	96.26	98.05	60.08	59.98	ok
DEJU-48-No	intbio_reads_NovogeneMay2025	DEJU	No	yes	yes	yes	1874294	1754638	93.62	281144100	260398093	92.62	98.62	99.73	95.38	97.92	67.13	66.78	ok
DEJU-48-Rh	intbio_reads_NovogeneMay2025	DEJU	Rh	yes	yes	yes	1703060	1642368	96.44	255459000	244867956	95.85	99.07	99.79	96.66	98.36	61.93	61.77	ok
DEJU-48-Ro	intbio_reads_NovogeneMay2025	DEJU	Ro	yes	yes	yes	3580	3372	94.19	537000	496304	92.42	97.96	99.61	93.59	97.16	63.74	63.52	ok
DEJU-5-1-No	intbio_reads_NovogeneMay2025	DEJU	No	yes	yes	yes	10062166	9792402	97.32	1509324900	1366481907	90.54	95.75	99.41	90.24	97.10	66.11	65.96	ok
DEJU-5-1-Rh	intbio_reads_NovogeneMay2025	DEJU	Rh	yes	yes	yes	212418	205742	96.86	31862700	30536486	95.84	98.85	99.76	96.37	98.28	61.99	61.91	ok
DEJU-5-1-Ro	intbio_reads_NovogeneMay2025	DEJU	Ro	yes	yes	yes	880416	840602	95.48	132062400	124361231	94.17	98.50	99.73	95.54	98.13	63.62	63.33	ok
DEJU-5-2-No	intbio_reads_NovogeneDecember2025	DEJU	No	yes	yes	yes	5432172	5053002	93.02	814825800	743653409	91.27	97.87	99.58	93.20	96.94	68.27	67.98	ok
DEJU-5-2-Rh	intbio_reads_NovogeneDecember2025	DEJU	Rh	yes	yes	yes	349932	337484	96.44	52489800	50142337	95.53	98.86	99.69	95.76	97.75	60.26	60.15	ok
DEJU-5-2-Ro	intbio_reads_NovogeneDecember2025	DEJU	Ro	yes	yes	yes	30526	28124	92.13	4578900	4147487	90.58	97.15	99.56	92.36	97.28	65.47	65.20	ok
DEJU-50-No	intbio_reads_NovogeneMay2025	DEJU	No	yes	yes	yes	10744760	10226466	95.18	1611714000	1512317433	93.83	98.46	99.69	95.20	97.87	68.28	68.07	ok
DEJU-50-Rh	intbio_reads_NovogeneMay2025	DEJU	Rh	yes	yes	yes	21872	21066	96.31	3280800	3122092	95.16	98.71	99.78	96.02	98.34	59.48	59.23	ok
DEJU-50-Ro	intbio_reads_NovogeneMay2025	DEJU	Ro	yes	yes	yes	8808	8398	95.35	1321200	1242683	94.06	98.39	99.69	94.87	97.84	60.87	60.74	ok
DEJU-51-1-No	intbio_reads_NovogeneMay2025	DEJU	No	yes	yes	yes	16941964	16386272	96.72	2541294600	2329743911	91.68	96.84	99.36	92.07	96.97	66.59	66.10	ok
DEJU-51-1-Rh	intbio_reads_NovogeneMay2025	DEJU	Rh	yes	yes	yes	115218	112098	97.29	17282700	16642238	96.29	98.87	99.76	96.39	98.23	64.00	63.93	ok
DEJU-51-1-Ro	intbio_reads_NovogeneMay2025	DEJU	Ro	yes	yes	yes	27686	26784	96.74	4152900	3905666	94.05	97.76	99.52	93.98	97.44	64.47	64.30	ok
DEJU-52-1-No	intbio_reads_NovogeneMay2025	DEJU	No	yes	yes	yes	492812	470966	95.57	73921800	69858810	94.50	98.67	99.76	95.90	98.20	66.55	66.39	ok
DEJU-52-1-Rh	intbio_reads_NovogeneMay2025	DEJU	Rh	yes	yes	yes	78820	76068	96.51	11823000	11219473	94.90	98.48	99.67	95.52	97.99	62.83	62.58	ok
DEJU-52-1-Ro	intbio_reads_NovogeneMay2025	DEJU	Ro	yes	yes	yes	20182	19494	96.59	3027300	2870089	94.81	98.46	99.64	95.41	97.93	60.95	60.67	ok
DEJU-53-No	intbio_reads_NovogeneMay2025	DEJU	No	yes	yes	yes	5524284	5330012	96.48	828642600	769557471	92.87	97.22	99.51	93.01	97.38	66.79	66.69	ok
DEJU-53-Rh	intbio_reads_NovogeneMay2025	DEJU	Rh	yes	yes	yes	73460	69986	95.27	11019000	10412740	94.50	98.76	99.77	95.99	98.24	62.99	62.82	ok
DEJU-53-Ro	intbio_reads_NovogeneMay2025	DEJU	Ro	yes	yes	yes	5514	5328	96.63	827100	777254	93.97	97.69	99.59	93.87	97.67	61.68	61.43	ok
DEJU-54-No	intbio_reads_NovogeneAugust2025	DEJU	No	yes	yes	yes	2938	2774	94.42	440700	413882	93.91	98.84	99.68	95.61	97.52	62.47	62.07	ok
DEJU-54-Rh	intbio_reads_NovogeneAugust2025	DEJU	Rh	yes	yes	yes	82236	78248	95.15	12335400	11683517	94.72	99.16	99.69	96.23	97.63	63.44	63.24	ok
DEJU-54-Ro	intbio_reads_NovogeneAugust2025	DEJU	Ro	yes	yes	yes	10320	10060	97.48	1548000	1499789	96.89	99.25	99.73	96.76	97.88	61.19	61.11	ok
DEJU-55-No	intbio_reads_NovogeneAugust2025	DEJU	No	yes	yes	yes	7277474	6829012	93.84	1091621100	1015899588	93.06	98.64	99.58	94.68	96.81	68.16	67.92	ok
DEJU-55-Rh	intbio_reads_NovogeneAugust2025	DEJU	Rh	yes	yes	yes	362372	337850	93.23	54355800	50320715	92.58	98.70	99.63	94.97	97.21	66.51	66.18	ok
DEJU-55-Ro	intbio_reads_NovogeneAugust2025	DEJU	Ro	yes	yes	yes	57846	54990	95.06	8676900	8182753	94.31	98.76	99.67	95.58	97.52	66.58	66.30	ok
DEJU-56-Rh	intbio_reads_NovogeneAugust2025	DEJU	Rh	yes	yes	yes	117672	111266	94.56	17650800	16607402	94.09	99.04	99.69	95.85	97.53	64.72	64.53	ok
DEJU-56-Ro	intbio_reads_NovogeneAugust2025	DEJU	Ro	yes	yes	yes	32250	31264	96.94	4837500	4653578	96.20	99.07	99.71	96.35	97.79	61.67	61.57	ok
DEJU-57-No	intbio_reads_NovogeneAugust2025	DEJU	No	yes	yes	yes	6809148	6444584	94.65	1021372200	958882246	93.88	98.73	99.60	95.01	96.95	68.03	67.84	ok
DEJU-57-Rh	intbio_reads_NovogeneAugust2025	DEJU	Rh	yes	yes	yes	247114	233774	94.60	37067100	34847421	94.01	98.89	99.70	95.78	97.62	64.87	64.60	ok
DEJU-57-Ro	intbio_reads_NovogeneAugust2025	DEJU	Ro	yes	yes	yes	45594	44554	97.72	6839100	6661986	97.41	99.41	99.76	97.23	98.09	58.34	58.29	ok
DEJU-58-No	intbio_reads_NovogeneAugust2025	DEJU	No	yes	yes	yes	16778	15820	94.29	2516700	2347843	93.29	98.36	99.63	94.39	97.26	63.47	63.16	ok
DEJU-58-Rh	intbio_reads_NovogeneAugust2025	DEJU	Rh	yes	yes	yes	236018	226194	95.84	35402700	33604778	94.92	98.66	99.66	95.23	97.47	64.23	64.06	ok
DEJU-58-Ro	intbio_reads_NovogeneAugust2025	DEJU	Ro	yes	yes	yes	45540	43748	96.06	6831000	6472006	94.74	98.44	99.62	94.83	97.33	63.35	63.22	ok
DEJU-59-No	intbio_reads_NovogeneAugust2025	DEJU	No	yes	yes	yes	1767318	1677564	94.92	265097700	249578092	94.15	98.75	99.62	95.16	97.08	68.08	67.90	ok
DEJU-59-Rh	intbio_reads_NovogeneAugust2025	DEJU	Rh	yes	yes	yes	368974	356004	96.48	55346100	52929746	95.63	98.81	99.67	95.52	97.53	63.93	63.87	ok
DEJU-59-Ro	intbio_reads_NovogeneAugust2025	DEJU	Ro	yes	yes	yes	18364	17436	94.95	2754600	2601666	94.45	98.74	99.67	95.35	97.44	60.64	60.52	ok
DEJU-6-1-No	intbio_reads_NovogeneMay2025	DEJU	No	yes	yes	yes	6023932	5759210	95.61	903589800	854632550	94.58	98.74	99.75	95.87	98.08	68.20	68.04	ok
DEJU-6-1-Rh	intbio_reads_NovogeneMay2025	DEJU	Rh	yes	yes	yes	2473162	2374518	96.01	370974300	352564481	95.04	98.87	99.75	96.11	98.14	62.15	61.95	ok
DEJU-6-1-Ro	intbio_reads_NovogeneMay2025	DEJU	Ro	yes	yes	yes	50578	48814	96.51	7586700	7241282	95.45	98.80	99.72	95.83	97.90	61.14	60.94	ok
DEJU-6-2-No	intbio_reads_NovogeneDecember2025	DEJU	No	yes	yes	yes	4685282	4481378	95.65	702792300	639128858	90.94	96.45	99.25	90.62	96.21	66.25	66.02	ok
DEJU-6-2-Rh	intbio_reads_NovogeneDecember2025	DEJU	Rh	yes	yes	yes	239526	226572	94.59	35928900	33626446	93.59	98.48	99.66	94.79	97.50	64.42	64.16	ok
DEJU-6-2-Ro	intbio_reads_NovogeneDecember2025	DEJU	Ro	yes	yes	yes	11644	10650	91.46	1746600	1575676	90.21	97.74	99.59	92.70	96.90	69.90	69.74	ok
DEJU-60-No	intbio_reads_NovogeneAugust2025	DEJU	No	yes	yes	yes	1530080	1484270	97.01	229512000	220782403	96.20	98.93	99.68	95.89	97.65	60.83	60.76	ok
DEJU-60-Rh	intbio_reads_NovogeneAugust2025	DEJU	Rh	yes	yes	yes	355894	340450	95.66	53384100	50661955	94.90	98.70	99.67	95.33	97.50	63.80	63.71	ok
DEJU-60-Ro	intbio_reads_NovogeneAugust2025	DEJU	Ro	yes	yes	yes	33018	31528	95.49	4952700	4699187	94.88	98.88	99.66	95.64	97.35	63.65	63.48	ok
DEJU-62-1-No	intbio_reads_NovogeneMay2025	DEJU	No	yes	yes	yes	1952980	1904824	97.53	292947000	282254510	96.35	98.80	99.64	95.91	97.76	60.84	60.73	ok
DEJU-62-1-Rh	intbio_reads_NovogeneMay2025	DEJU	Rh	yes	yes	yes	14076	13544	96.22	2111400	1998313	94.64	98.36	99.68	95.16	97.96	62.48	62.40	ok
DEJU-62-1-Ro	intbio_reads_NovogeneMay2025	DEJU	Ro	yes	yes	yes	49120	47582	96.87	7368000	6899768	93.65	97.51	99.46	93.64	97.39	61.97	61.61	ok
DEJU-63-No	intbio_reads_NovogeneAugust2025	DEJU	No	yes	yes	yes	2514616	2446662	97.30	377192400	366061691	97.05	99.45	99.76	97.15	97.96	60.02	59.92	ok
DEJU-63-Rh	intbio_reads_NovogeneAugust2025	DEJU	Rh	yes	yes	yes	537322	498316	92.74	80598300	74183685	92.04	98.40	99.63	94.41	97.25	63.47	63.11	ok
DEJU-63-Ro	intbio_reads_NovogeneAugust2025	DEJU	Ro	yes	yes	yes	10932	10556	96.56	1639800	1570985	95.80	98.85	99.68	95.67	97.60	61.61	61.53	ok
DEJU-7-1-No	intbio_reads_NovogeneMay2025	DEJU	No	yes	yes	yes	6198914	5962332	96.18	929837100	884269449	95.10	98.76	99.74	95.97	98.10	68.20	68.07	ok
DEJU-7-1-Rh	intbio_reads_NovogeneMay2025	DEJU	Rh	yes	yes	yes	6402726	6073436	94.86	960408900	897443561	93.44	98.34	99.71	95.00	97.89	68.24	68.01	ok
DEJU-7-1-Ro	intbio_reads_NovogeneMay2025	DEJU	Ro	yes	yes	yes	182420	173968	95.37	27363000	25798800	94.28	98.67	99.74	95.83	98.15	63.97	63.69	ok
DEJU-7-2-No	intbio_reads_NovogeneDecember2025	DEJU	No	yes	yes	yes	7443320	7097620	95.36	1116498000	1037945962	92.96	97.79	99.48	93.25	96.87	67.34	67.10	ok
DEJU-7-2-Rh	intbio_reads_NovogeneDecember2025	DEJU	Rh	yes	yes	yes	107760	103344	95.90	16164000	15354542	94.99	98.72	99.67	95.39	97.64	62.30	62.14	ok
DEJU-7-2-Ro	intbio_reads_NovogeneDecember2025	DEJU	Ro	yes	yes	yes	10992	10456	95.12	1648800	1534344	93.06	97.44	99.47	92.68	96.74	65.26	65.11	ok
DEJU-8-1-No	intbio_reads_NovogeneMay2025	DEJU	No	yes	yes	yes	6108982	5911360	96.77	916347300	877749207	95.79	98.86	99.73	96.16	98.10	68.26	68.17	ok
DEJU-8-1-Rh	intbio_reads_NovogeneMay2025	DEJU	Rh	yes	yes	yes	525246	511176	97.32	78786900	76223958	96.75	99.28	99.81	97.24	98.53	64.40	64.31	ok
DEJU-8-1-Ro	intbio_reads_NovogeneMay2025	DEJU	Ro	yes	yes	yes	11882	11578	97.44	1782300	1714878	96.22	98.80	99.70	96.16	98.14	61.93	61.81	ok
DEJU-8-2-No	intbio_reads_NovogeneDecember2025	DEJU	No	yes	yes	yes	6258406	5756942	91.99	938760900	847712022	90.30	97.76	99.56	92.87	96.86	68.50	68.15	ok
DEJU-8-2-Rh	intbio_reads_NovogeneDecember2025	DEJU	Rh	yes	yes	yes	142760	137758	96.50	21414000	20442855	95.46	98.76	99.64	95.45	97.54	62.95	62.87	ok
DEJU-8-2-Ro	intbio_reads_NovogeneDecember2025	DEJU	Ro	yes	yes	yes	23396	22382	95.67	3509400	3229900	92.04	97.27	99.54	92.40	97.23	66.25	65.87	ok
DEJU-9-1-No	intbio_reads_NovogeneAugust2025	DEJU	No	yes	yes	yes	18734	17912	95.61	2810100	2665511	94.85	98.70	99.61	95.00	97.14	63.58	63.42	ok
DEJU-9-1-Rh	intbio_reads_NovogeneAugust2025	DEJU	Rh	yes	yes	yes	74086	71032	95.88	11112900	10551542	94.95	98.73	99.62	95.19	97.31	62.82	62.69	ok
DEJU-9-1-Ro	intbio_reads_NovogeneAugust2025	DEJU	Ro	yes	yes	yes	180446	176316	97.71	27066900	26389328	97.50	99.48	99.79	97.43	98.23	58.08	58.00	ok
DELA-1-3-No	intbio_reads_NovogeneAugust2025	DELA	No	yes	yes	yes	8716510	8499562	97.51	1307476500	1272266572	97.31	99.50	99.79	97.36	98.11	57.66	57.60	ok
DELA-1-3-Rh	intbio_reads_NovogeneAugust2025	DELA	Rh	yes	yes	yes	977552	948554	97.03	146632800	141932530	96.79	99.41	99.76	97.01	97.92	58.43	58.35	ok
DELA-1-3-Ro	intbio_reads_NovogeneAugust2025	DELA	Ro	yes	yes	yes	327312	303848	92.83	49096800	45201955	92.07	98.36	99.57	94.01	96.88	63.87	63.52	ok
DELA-10-2-No	intbio_reads_NovogeneMay2025	DELA	No	yes	yes	yes	5265468	5123972	97.31	789820200	759760675	96.19	98.88	99.71	96.46	98.25	59.83	59.68	ok
DELA-10-2-Rh	intbio_reads_NovogeneMay2025	DELA	Rh	yes	yes	yes	221716	216464	97.63	33257400	32285354	97.08	99.28	99.82	97.27	98.55	63.56	63.49	ok
DELA-10-2-Ro	intbio_reads_NovogeneMay2025	DELA	Ro	yes	yes	yes	61646	59926	97.21	9246900	8822665	95.41	98.36	99.56	94.95	97.46	60.98	60.86	ok
DELA-11-3-No	intbio_reads_NovogeneAugust2025	DELA	No	yes	yes	yes	2979112	2913472	97.80	446866800	435446576	97.44	99.44	99.79	97.37	98.22	61.14	61.10	ok
DELA-11-3-Rh	intbio_reads_NovogeneAugust2025	DELA	Rh	yes	yes	yes	270654	256552	94.79	40598100	38180038	94.04	98.59	99.61	94.79	97.17	63.72	63.55	ok
DELA-11-3-Ro	intbio_reads_NovogeneAugust2025	DELA	Ro	yes	yes	yes	270604	257414	95.13	40590600	38272367	94.29	98.59	99.61	94.81	97.16	63.62	63.46	ok
DELA-12-2-No	intbio_reads_NovogeneAugust2025	DELA	No	yes	yes	yes	6573388	6239862	94.93	986008200	932044764	94.53	99.07	99.70	95.99	97.53	58.53	58.31	ok
DELA-12-2-Rh	intbio_reads_NovogeneAugust2025	DELA	Rh	yes	yes	yes	142446	137300	96.39	21366900	20482524	95.86	98.94	99.69	95.84	97.70	59.89	59.79	ok
DELA-12-2-Ro	intbio_reads_NovogeneAugust2025	DELA	Ro	yes	yes	yes	89296	85954	96.26	13394400	12770898	95.35	98.69	99.63	95.28	97.44	61.58	61.49	ok
DELA-13-1-No	intbio_reads_NovogeneMay2025	DELA	No	yes	yes	yes	1001614	974600	97.30	150242100	145083390	96.57	99.09	99.75	96.90	98.42	60.88	60.72	ok
DELA-13-1-Rh	intbio_reads_NovogeneMay2025	DELA	Rh	yes	yes	yes	649334	631096	97.19	97400100	94124969	96.64	99.23	99.82	97.14	98.55	62.97	62.84	ok
DELA-13-1-Ro	intbio_reads_NovogeneMay2025	DELA	Ro	yes	yes	yes	16290	15546	95.43	2443500	2301417	94.19	98.50	99.73	95.36	98.07	61.14	60.93	ok
DELA-14-2-No	intbio_reads_NovogeneMay2025	DELA	No	yes	yes	yes	3348584	3267382	97.58	502287600	487742964	97.10	99.32	99.82	97.48	98.68	57.92	57.81	ok
DELA-14-2-Rh	intbio_reads_NovogeneMay2025	DELA	Rh	yes	yes	yes	1409982	1366634	96.93	211497300	203818850	96.37	99.24	99.83	97.21	98.63	62.09	61.95	ok
DELA-14-2-Ro	intbio_reads_NovogeneMay2025	DELA	Ro	yes	yes	yes	876936	851384	97.09	131540400	127130099	96.65	99.30	99.83	97.30	98.62	62.58	62.46	ok
DELA-15-1-No	intbio_reads_NovogeneMay2025	DELA	No	yes	yes	yes	2226896	2163018	97.13	334034400	322495954	96.55	99.19	99.81	97.17	98.62	59.40	59.28	ok
DELA-15-1-Rh	intbio_reads_NovogeneMay2025	DELA	Rh	yes	yes	yes	621488	604072	97.20	93223200	90090468	96.64	99.23	99.81	97.09	98.49	62.97	62.85	ok
DELA-15-1-Ro	intbio_reads_NovogeneMay2025	DELA	Ro	yes	yes	yes	207972	202780	97.50	31195800	30195143	96.79	99.17	99.78	97.01	98.45	63.08	62.98	ok
DELA-16-No	intbio_reads_NovogeneAugust2025	DELA	No	yes	yes	yes	2998050	2930426	97.74	449707500	438597710	97.53	99.52	99.79	97.46	98.18	60.53	60.46	ok
DELA-16-Rh	intbio_reads_NovogeneAugust2025	DELA	Rh	yes	yes	yes	230296	215832	93.72	34544400	32134977	93.03	98.45	99.62	94.57	97.22	63.88	63.67	ok
DELA-16-Ro	intbio_reads_NovogeneAugust2025	DELA	Ro	yes	yes	yes	268360	254784	94.94	40254000	37849118	94.03	98.52	99.62	94.80	97.21	63.84	63.68	ok
DELA-17-1-No	intbio_reads_NovogeneAugust2025	DELA	No	yes	yes	yes	1856330	1732822	93.35	278449500	258048915	92.67	98.56	99.61	94.57	97.14	59.27	58.88	ok
DELA-17-1-Rh	intbio_reads_NovogeneAugust2025	DELA	Rh	yes	yes	yes	22190	20080	90.49	3328500	2972965	89.32	98.08	99.36	92.63	95.74	62.77	62.42	ok
DELA-17-1-Ro	intbio_reads_NovogeneAugust2025	DELA	Ro	yes	yes	yes	192454	183496	95.35	28868100	27295444	94.55	98.65	99.63	94.99	97.28	63.45	63.32	ok
DELA-18-2-No	intbio_reads_NovogeneMay2025	DELA	No	yes	yes	yes	9144504	8892436	97.24	1371675600	1326920628	96.74	99.29	99.80	97.18	98.46	60.68	60.57	ok
DELA-18-2-Rh	intbio_reads_NovogeneMay2025	DELA	Rh	yes	yes	yes	728154	706482	97.02	109223100	105409984	96.51	99.23	99.80	97.06	98.45	63.26	63.14	ok
DELA-18-2-Ro	intbio_reads_NovogeneMay2025	DELA	Ro	yes	yes	yes	40184	38636	96.15	6027600	5740334	95.23	98.93	99.76	96.48	98.34	62.76	62.42	ok
DELA-19-1-No	intbio_reads_NovogeneAugust2025	DELA	No	yes	yes	yes	332702	316330	95.08	49905300	47123077	94.42	98.71	99.60	94.89	97.05	63.56	63.39	ok
DELA-19-1-Rh	intbio_reads_NovogeneAugust2025	DELA	Rh	yes	yes	yes	262450	244428	93.13	39367500	36342899	92.32	98.42	99.57	94.15	96.92	64.29	64.00	ok
DELA-19-1-Ro	intbio_reads_NovogeneAugust2025	DELA	Ro	yes	yes	yes	231052	217824	94.27	34657800	32291406	93.17	98.35	99.58	94.34	97.09	63.76	63.52	ok
DELA-2-2-No	intbio_reads_NovogeneMay2025	DELA	No	yes	yes	yes	177222	172962	97.60	26583300	25714102	96.73	98.97	99.72	96.30	98.01	63.92	63.87	ok
DELA-2-2-Rh	intbio_reads_NovogeneMay2025	DELA	Rh	yes	yes	yes	458546	446916	97.46	68781900	65956221	95.89	98.62	99.66	95.55	97.75	62.57	62.44	ok
DELA-2-2-Ro	intbio_reads_NovogeneMay2025	DELA	Ro	yes	yes	yes	13120	12630	96.27	1968000	1837900	93.39	97.53	99.52	93.28	97.22	60.20	60.04	ok
DELA-20-1-No	intbio_reads_NovogeneMay2025	DELA	No	yes	yes	yes	730208	715014	97.92	109531200	105928904	96.71	98.85	99.67	96.35	98.12	60.88	60.83	ok
DELA-20-1-Rh	intbio_reads_NovogeneMay2025	DELA	Rh	yes	yes	yes	625746	608178	97.19	93861900	90573563	96.50	99.10	99.81	96.90	98.50	62.36	62.25	ok
DELA-20-1-Ro	intbio_reads_NovogeneMay2025	DELA	Ro	yes	yes	yes	688374	665816	96.72	103256100	99337277	96.20	99.21	99.81	96.98	98.47	63.32	63.17	ok
DELA-21-1-No	intbio_reads_NovogeneAugust2025	DELA	No	yes	yes	yes	10472486	10036790	95.84	1570872900	1494933166	95.17	98.84	99.67	95.58	97.58	58.15	58.01	ok
DELA-21-1-Rh	intbio_reads_NovogeneAugust2025	DELA	Rh	yes	yes	yes	373982	349676	93.50	56097300	51977703	92.66	98.39	99.58	94.24	97.02	64.04	63.75	ok
DELA-21-1-Ro	intbio_reads_NovogeneAugust2025	DELA	Ro	yes	yes	yes	463692	429102	92.54	69553800	63810826	91.74	98.30	99.58	94.00	96.98	63.82	63.47	ok
DELA-22-1-No	intbio_reads_NovogeneAugust2025	DELA	No	yes	yes	yes	367476	343816	93.56	55121400	51023366	92.57	98.37	99.57	94.08	96.90	63.56	63.23	ok
DELA-22-1-Rh	intbio_reads_NovogeneAugust2025	DELA	Rh	yes	yes	yes	263638	244754	92.84	39545700	36401812	92.05	98.05	99.59	93.87	96.99	63.86	63.67	ok
DELA-22-1-Ro	intbio_reads_NovogeneAugust2025	DELA	Ro	yes	yes	yes	14314	13766	96.17	2147100	2037820	94.91	98.55	99.57	94.87	97.25	59.49	59.31	ok
DELA-23-2-No	intbio_reads_NovogeneAugust2025	DELA	No	yes	yes	yes	6632396	6521890	98.33	994859400	975340272	98.04	99.54	99.84	97.91	98.61	57.13	57.09	ok
DELA-23-2-Rh	intbio_reads_NovogeneAugust2025	DELA	Rh	yes	yes	yes	304908	284200	93.21	45736200	42285145	92.45	98.51	99.58	94.35	96.95	63.61	63.23	ok
DELA-23-2-Ro	intbio_reads_NovogeneAugust2025	DELA	Ro	yes	yes	yes	375786	354304	94.28	56367900	52768058	93.61	98.66	99.64	94.98	97.35	58.92	58.62	ok
DELA-24-1-No	intbio_reads_NovogeneMay2025	DELA	No	yes	yes	yes	3252384	3170492	97.48	487857600	472533287	96.86	99.24	99.82	97.32	98.66	58.10	58.01	ok
DELA-24-1-Rh	intbio_reads_NovogeneMay2025	DELA	Rh	yes	yes	yes	361290	351822	97.38	54193500	52259932	96.43	99.02	99.75	96.71	98.37	63.20	63.09	ok
DELA-24-1-Ro	intbio_reads_NovogeneMay2025	DELA	Ro	yes	yes	yes	52250	50018	95.73	7837500	7434770	94.86	98.85	99.78	96.30	98.38	61.28	61.00	ok
DELA-25-2-No	intbio_reads_NovogeneMay2025	DELA	No	yes	yes	yes	11386164	11130354	97.75	1707924600	1661687218	97.29	99.38	99.85	97.63	98.78	57.84	57.79	ok
DELA-25-2-Rh	intbio_reads_NovogeneMay2025	DELA	Rh	yes	yes	yes	218884	210504	96.17	32832600	31441058	95.76	99.29	99.83	97.08	98.52	64.49	64.34	ok
DELA-25-2-Ro	intbio_reads_NovogeneMay2025	DELA	Ro	yes	yes	yes	39012	37892	97.13	5851800	5617249	95.99	98.82	99.75	96.37	98.35	61.41	61.32	ok
DELA-26-3-No	intbio_reads_NovogeneAugust2025	DELA	No	yes	yes	yes	6756622	6596816	97.63	1013493300	985356974	97.22	99.38	99.76	97.11	98.02	59.70	59.64	ok
DELA-26-3-Rh	intbio_reads_NovogeneAugust2025	DELA	Rh	yes	yes	yes	4648886	4451518	95.75	697332900	661780786	94.90	98.71	99.64	95.20	97.39	59.89	59.77	ok
DELA-26-3-Ro	intbio_reads_NovogeneAugust2025	DELA	Ro	yes	yes	yes	105252	102064	96.97	15787800	15220688	96.41	99.21	99.74	96.72	97.95	58.82	58.72	ok
DELA-27-3-No	intbio_reads_NovogeneAugust2025	DELA	No	yes	yes	yes	6464958	6314824	97.68	969743700	942574367	97.20	99.34	99.76	97.09	98.06	59.67	59.62	ok
DELA-27-3-Rh	intbio_reads_NovogeneAugust2025	DELA	Rh	yes	yes	yes	235838	222804	94.47	35375700	33006260	93.30	98.35	99.56	94.17	96.89	64.60	64.39	ok
DELA-27-3-Ro	intbio_reads_NovogeneAugust2025	DELA	Ro	yes	yes	yes	23820	22650	95.09	3573000	3367601	94.25	98.67	99.60	94.90	97.10	63.06	62.88	ok
DELA-28-No	intbio_reads_NovogeneAugust2025	DELA	No	yes	yes	yes	2791876	2748378	98.44	418781400	411058258	98.16	99.57	99.82	97.85	98.49	57.60	57.56	ok
DELA-28-Rh	intbio_reads_NovogeneAugust2025	DELA	Rh	yes	yes	yes	474516	444972	93.77	71177400	66328530	93.19	98.67	99.62	94.79	97.17	62.09	61.80	ok
DELA-28-Ro	intbio_reads_NovogeneAugust2025	DELA	Ro	yes	yes	yes	84854	82190	96.86	12728100	12178228	95.68	98.65	99.57	95.06	97.18	64.18	64.12	ok
DELA-29-1-No	intbio_reads_NovogeneAugust2025	DELA	No	yes	yes	yes	5051022	4962788	98.25	757653300	742592452	98.01	99.56	99.82	97.78	98.44	57.69	57.65	ok
DELA-29-1-Rh	intbio_reads_NovogeneAugust2025	DELA	Rh	yes	yes	yes	18686224	18016308	96.41	2802933600	2694475692	96.13	99.29	99.80	97.15	98.34	57.86	57.61	ok
DELA-29-1-Ro	intbio_reads_NovogeneAugust2025	DELA	Ro	yes	yes	yes	16326	15604	95.58	2448900	2331852	95.22	99.08	99.66	95.89	97.33	60.06	59.93	ok
DELA-3-3-No	intbio_reads_NovogeneAugust2025	DELA	No	yes	yes	yes	10833286	10364976	95.68	1624992900	1548074769	95.27	99.15	99.74	96.45	97.86	58.07	57.87	ok
DELA-3-3-Rh	intbio_reads_NovogeneAugust2025	DELA	Rh	yes	yes	yes	8110772	7882742	97.19	1216615800	1178441667	96.86	99.37	99.77	97.11	98.06	58.45	58.36	ok
DELA-3-3-Ro	intbio_reads_NovogeneAugust2025	DELA	Ro	yes	yes	yes	960082	911280	94.92	144012300	135554281	94.13	98.67	99.63	95.03	97.35	59.84	59.61	ok
DELA-30-2-No	intbio_reads_NovogeneAugust2025	DELA	No	yes	yes	yes	345054	331488	96.07	51758100	49357585	95.36	98.83	99.67	95.59	97.57	58.84	58.72	ok
DELA-30-2-Rh	intbio_reads_NovogeneAugust2025	DELA	Rh	yes	yes	yes	1042420	1002042	96.13	156363000	149081514	95.34	98.80	99.64	95.43	97.43	59.60	59.48	ok
DELA-30-2-Ro	intbio_reads_NovogeneAugust2025	DELA	Ro	yes	yes	yes	471028	448058	95.12	70654200	66581071	94.24	98.69	99.62	94.90	97.20	62.40	62.27	ok
DELA-31-1-No	intbio_reads_NovogeneAugust2025	DELA	No	yes	yes	yes	17115244	16782328	98.05	2567286600	2509015361	97.73	99.47	99.81	97.61	98.42	57.64	57.58	ok
DELA-31-1-Rh	intbio_reads_NovogeneAugust2025	DELA	Rh	yes	yes	yes	432066	420460	97.31	64809900	62794858	96.89	99.33	99.76	97.05	98.05	60.28	60.16	ok
DELA-31-1-Ro	intbio_reads_NovogeneAugust2025	DELA	Ro	yes	yes	yes	42860	41506	96.84	6429000	6200052	96.44	99.29	99.77	96.98	98.11	57.49	57.30	ok
DELA-32-1-No	intbio_reads_NovogeneAugust2025	DELA	No	yes	yes	yes	8008724	7835770	97.84	1201308600	1169593315	97.36	99.37	99.78	97.29	98.25	61.08	61.01	ok
DELA-32-1-Rh	intbio_reads_NovogeneAugust2025	DELA	Rh	yes	yes	yes	93226	89094	95.57	13983900	13231097	94.62	98.68	99.60	94.97	97.18	63.98	63.84	ok
DELA-32-1-Ro	intbio_reads_NovogeneAugust2025	DELA	Ro	yes	yes	yes	162456	156100	96.09	24368400	23256903	95.44	98.94	99.66	95.69	97.50	59.15	59.00	ok
DELA-33-1-No	intbio_reads_NovogeneAugust2025	DELA	No	yes	yes	yes	5282864	4942718	93.56	792429600	738155783	93.15	98.82	99.63	95.05	97.12	58.04	57.69	ok
DELA-33-1-Rh	intbio_reads_NovogeneAugust2025	DELA	Rh	yes	yes	yes	116298	107680	92.59	17444700	16014331	91.80	98.20	99.59	93.95	96.99	63.85	63.60	ok
DELA-33-1-Ro	intbio_reads_NovogeneAugust2025	DELA	Ro	yes	yes	yes	432780	411896	95.17	64917000	61199176	94.27	98.62	99.61	94.85	97.21	63.58	63.45	ok
DELA-4-1-No	intbio_reads_NovogeneAugust2025	DELA	No	yes	yes	yes	3861132	3746390	97.03	579169800	554374446	95.72	98.60	99.60	95.22	97.44	57.50	57.37	ok
DELA-4-1-Rh	intbio_reads_NovogeneAugust2025	DELA	Rh	yes	yes	yes	75726	66902	88.35	11358900	9915447	87.29	97.89	99.42	92.23	96.09	65.48	64.96	ok
DELA-4-1-Ro	intbio_reads_NovogeneAugust2025	DELA	Ro	yes	yes	yes	77802	73492	94.46	11670300	10917074	93.55	98.46	99.60	94.50	97.11	63.38	63.18	ok
DELA-5-1-No	intbio_reads_NovogeneAugust2025	DELA	No	yes	yes	yes	1810562	1718684	94.93	271584300	255234415	93.98	98.54	99.57	94.59	97.02	62.09	61.82	ok
DELA-5-1-Rh	intbio_reads_NovogeneAugust2025	DELA	Rh	yes	yes	yes	233130	216612	92.91	34969500	32118196	91.85	98.33	99.59	94.20	97.14	63.55	63.13	ok
DELA-5-1-Ro	intbio_reads_NovogeneAugust2025	DELA	Ro	yes	yes	yes	67156	64072	95.41	10073400	9516533	94.47	98.52	99.60	94.80	97.21	62.54	62.39	ok
DELA-6-3-No	intbio_reads_NovogeneAugust2025	DELA	No	yes	yes	yes	448704	429848	95.80	67305600	63872294	94.90	98.71	99.60	95.07	97.19	60.70	60.53	ok
DELA-6-3-Rh	intbio_reads_NovogeneAugust2025	DELA	Rh	yes	yes	yes	372348	337994	90.77	55852200	50232944	89.94	98.11	99.55	93.39	96.79	64.21	63.68	ok
DELA-6-3-Ro	intbio_reads_NovogeneAugust2025	DELA	Ro	yes	yes	yes	234212	218956	93.49	35131800	32545009	92.64	98.36	99.59	94.21	96.98	63.90	63.65	ok
DELA-7-3-No	intbio_reads_NovogeneAugust2025	DELA	No	yes	yes	yes	3862996	3778418	97.81	579449400	565322677	97.56	99.52	99.80	97.51	98.24	58.04	57.99	ok
DELA-7-3-Rh	intbio_reads_NovogeneAugust2025	DELA	Rh	yes	yes	yes	206224	194648	94.39	30933600	28970200	93.65	98.60	99.61	94.74	97.14	63.85	63.64	ok
DELA-7-3-Ro	intbio_reads_NovogeneAugust2025	DELA	Ro	yes	yes	yes	274510	259990	94.71	41176500	38679679	93.94	98.60	99.61	94.78	97.16	63.86	63.68	ok
DELA-8-2-No	intbio_reads_NovogeneMay2025	DELA	No	yes	yes	yes	2153108	2106028	97.81	322966200	313727611	97.14	99.14	99.71	96.66	98.04	58.79	58.71	ok
DELA-8-2-Rh	intbio_reads_NovogeneMay2025	DELA	Rh	yes	yes	yes	100362	96558	96.21	15054300	14394579	95.62	99.01	99.70	96.02	97.74	64.55	64.42	ok
DELA-8-2-Ro	intbio_reads_NovogeneMay2025	DELA	Ro	yes	yes	yes	61524	59304	96.39	9228600	8798829	95.34	98.74	99.66	95.70	97.75	59.90	59.64	ok
DELA-9-1-No	intbio_reads_NovogeneMay2025	DELA	No	yes	yes	yes	2083410	2014158	96.68	312511500	299510337	95.84	98.89	99.69	96.02	97.85	60.02	59.89	ok
DELA-9-1-Rh	intbio_reads_NovogeneMay2025	DELA	Rh	yes	yes	yes	4836	4618	95.49	725400	682998	94.15	98.03	99.60	94.28	97.47	61.62	61.37	ok
DELA-9-1-Ro	intbio_reads_NovogeneMay2025	DELA	Ro	yes	yes	yes	15100	14698	97.34	2265000	2172866	95.93	98.66	99.62	95.53	97.59	62.74	62.69	ok
DSNY-10-3-No	intbio_reads_NovogeneMay2025	DSNY	No	yes	yes	yes	7079042	6886908	97.29	1061856300	1024944952	96.52	99.06	99.73	96.45	98.01	57.33	57.22	ok
DSNY-10-3-Rh	intbio_reads_NovogeneMay2025	DSNY	Rh	yes	yes	yes	31866	29290	91.92	4779900	4363431	91.29	97.54	99.69	94.12	97.74	63.71	63.62	ok
DSNY-10-3-Ro	intbio_reads_NovogeneMay2025	DSNY	Ro	yes	yes	yes	53248	50932	95.65	7987200	7579954	94.90	98.94	99.66	95.85	97.62	63.81	63.61	ok
DSNY-101-1-No	intbio_reads_NovogeneMay2025	DSNY	No	yes	yes	yes	18734410	18320502	97.79	2810161500	2645342788	94.13	97.41	99.54	93.47	97.53	57.51	57.19	ok
DSNY-101-1-Rh	intbio_reads_NovogeneMay2025	DSNY	Rh	yes	yes	yes	662602	645884	97.48	99390300	94356689	94.94	97.96	99.56	94.32	97.44	61.57	61.44	ok
DSNY-11-3-No	intbio_reads_NovogeneMay2025	DSNY	No	yes	yes	yes	16530852	16095062	97.36	2479627800	2374711321	95.77	98.59	99.63	95.48	97.76	57.39	57.18	ok
DSNY-11-3-Ro	intbio_reads_NovogeneMay2025	DSNY	Ro	yes	yes	yes	3612	3418	94.63	541800	504389	93.10	98.08	99.54	93.95	97.14	57.78	57.81	ok
DSNY-12-2-No	intbio_reads_NovogeneMay2025	DSNY	No	yes	yes	yes	8218812	8015572	97.53	1232821800	1194448772	96.89	99.16	99.75	96.69	98.13	57.32	57.21	ok
DSNY-12-2-Ro	intbio_reads_NovogeneMay2025	DSNY	Ro	yes	yes	yes	34474	33236	96.41	5171100	4940992	95.55	98.77	99.64	95.45	97.44	61.62	61.47	ok
DSNY-13-1-No	intbio_reads_NovogeneMay2025	DSNY	No	yes	yes	yes	737140	720114	97.69	110571000	106791147	96.58	98.80	99.64	95.83	97.70	60.00	59.91	ok
DSNY-13-1-Rh	intbio_reads_NovogeneMay2025	DSNY	Rh	yes	yes	yes	105406	101902	96.68	15810900	15110011	95.57	98.66	99.64	95.36	97.50	63.36	63.26	ok
DSNY-13-1-Ro	intbio_reads_NovogeneMay2025	DSNY	Ro	yes	yes	yes	35310	34340	97.25	5296500	4986312	94.14	97.61	99.44	93.39	97.01	60.02	59.80	ok
DSNY-14-1-No	intbio_reads_NovogeneMay2025	DSNY	No	yes	yes	yes	3146420	3061260	97.29	471963000	456589627	96.74	99.19	99.76	96.75	98.13	56.90	56.80	ok
DSNY-14-1-Rh	intbio_reads_NovogeneMay2025	DSNY	Rh	yes	yes	yes	198486	191574	96.52	29772900	28142165	94.52	98.17	99.53	94.22	97.10	61.61	61.41	ok
DSNY-14-1-Ro	intbio_reads_NovogeneMay2025	DSNY	Ro	yes	yes	yes	703858	683600	97.12	105578700	99930480	94.65	98.06	99.56	94.35	97.42	56.97	56.57	ok
DSNY-15-1-No	intbio_reads_NovogeneMay2025	DSNY	No	yes	yes	yes	3416490	3283156	96.10	512473500	487307027	95.09	98.62	99.68	95.35	97.67	67.67	67.57	ok
DSNY-15-1-Rh	intbio_reads_NovogeneMay2025	DSNY	Rh	yes	yes	yes	9616	9290	96.61	1442400	1378170	95.55	98.70	99.62	95.21	97.30	59.20	59.01	ok
DSNY-15-1-Ro	intbio_reads_NovogeneMay2025	DSNY	Ro	yes	yes	yes	20568	18898	91.88	3085200	2791370	90.48	97.97	99.55	93.41	96.90	60.11	59.79	ok
DSNY-17-3-No	intbio_reads_NovogeneMay2025	DSNY	No	yes	yes	yes	3035148	2952254	97.27	455272200	436392311	95.85	98.58	99.61	95.39	97.58	57.81	57.65	ok
DSNY-17-3-Rh	intbio_reads_NovogeneMay2025	DSNY	Rh	yes	yes	yes	12398	11062	89.22	1859700	1627755	87.53	97.38	99.47	91.80	96.67	61.90	60.90	ok
DSNY-18-1-No	intbio_reads_NovogeneMay2025	DSNY	No	yes	yes	yes	4126808	3972268	96.26	619021200	589230833	95.19	98.75	99.73	95.82	97.97	67.74	67.68	ok
DSNY-18-1-Rh	intbio_reads_NovogeneMay2025	DSNY	Rh	yes	yes	yes	6386	6086	95.30	957900	902590	94.23	98.42	99.73	94.95	97.90	63.33	63.22	ok
DSNY-18-1-Ro	intbio_reads_NovogeneMay2025	DSNY	Ro	yes	yes	yes	142404	137150	96.31	21360600	20378882	95.40	98.85	99.72	96.23	98.19	63.06	62.91	ok
DSNY-19-1-No	intbio_reads_NovogeneMay2025	DSNY	No	yes	yes	yes	4759786	4649484	97.68	713967900	693409847	97.12	99.28	99.81	97.30	98.58	57.84	57.77	ok
DSNY-19-1-Rh	intbio_reads_NovogeneMay2025	DSNY	Rh	yes	yes	yes	2274886	2179518	95.81	341232900	323371109	94.77	98.53	99.74	95.82	98.25	62.58	62.42	ok
DSNY-2-1-No	intbio_reads_NovogeneMay2025	DSNY	No	yes	yes	yes	1905974	1862188	97.70	285896100	272349554	95.26	98.15	99.59	94.65	97.58	58.34	58.07	ok
DSNY-2-1-Rh	intbio_reads_NovogeneMay2025	DSNY	Rh	yes	yes	yes	4754960	4596124	96.66	713244000	684279285	95.94	98.94	99.68	95.91	97.69	61.17	61.07	ok
DSNY-2-1-Ro	intbio_reads_NovogeneMay2025	DSNY	Ro	yes	yes	yes	56156	54660	97.34	8423400	7912756	93.94	97.50	99.44	93.23	96.99	61.17	60.86	ok
DSNY-20-1-No	intbio_reads_NovogeneMay2025	DSNY	No	yes	yes	yes	6620838	6373772	96.27	993125700	946095837	95.26	98.73	99.76	96.00	98.16	68.78	68.65	ok
DSNY-20-1-Rh	intbio_reads_NovogeneMay2025	DSNY	Rh	yes	yes	yes	3090	2872	92.94	463500	417469	90.07	96.77	99.48	91.34	96.95	61.94	61.69	ok
DSNY-20-1-Ro	intbio_reads_NovogeneMay2025	DSNY	Ro	yes	yes	yes	3684	3456	93.81	552600	511944	92.64	97.92	99.67	93.79	97.54	59.40	59.22	ok
DSNY-21-1-No	intbio_reads_NovogeneMay2025	DSNY	No	yes	yes	yes	4047690	3869156	95.59	607153500	574203980	94.57	98.77	99.72	95.84	98.07	66.88	66.70	ok
DSNY-21-1-Rh	intbio_reads_NovogeneMay2025	DSNY	Rh	yes	yes	yes	555862	538756	96.92	83379300	79903289	95.83	98.85	99.73	96.29	98.22	62.08	61.94	ok
DSNY-21-1-Ro	intbio_reads_NovogeneMay2025	DSNY	Ro	yes	yes	yes	6778	6412	94.60	1016700	953428	93.78	98.41	99.77	95.21	98.28	58.55	58.33	ok
DSNY-22-3-No	intbio_reads_NovogeneMay2025	DSNY	No	yes	yes	yes	5972910	5809000	97.26	895936500	863819650	96.42	99.03	99.73	96.74	98.35	58.53	58.39	ok
DSNY-22-3-Rh	intbio_reads_NovogeneMay2025	DSNY	Rh	yes	yes	yes	385824	374160	96.98	57873600	55751720	96.33	98.94	99.73	96.52	98.26	62.26	62.18	ok
DSNY-22-3-Ro	intbio_reads_NovogeneMay2025	DSNY	Ro	yes	yes	yes	151934	148516	97.75	22790100	21991543	96.50	98.74	99.59	95.99	97.83	62.79	62.75	ok
DSNY-24-1-No	intbio_reads_NovogeneMay2025	DSNY	No	yes	yes	yes	11082694	10831984	97.74	1662404100	1610181632	96.86	99.07	99.73	96.84	98.37	57.53	57.44	ok
DSNY-24-1-Rh	intbio_reads_NovogeneMay2025	DSNY	Rh	yes	yes	yes	667678	647946	97.04	100151700	96372304	96.23	98.99	99.74	96.54	98.26	62.24	62.15	ok
DSNY-24-1-Ro	intbio_reads_NovogeneMay2025	DSNY	Ro	yes	yes	yes	421244	410654	97.49	63186600	60967765	96.49	98.94	99.72	96.50	98.26	61.46	61.39	ok
DSNY-25-1-No	intbio_reads_NovogeneMay2025	DSNY	No	yes	yes	yes	497516	486080	97.70	74627400	72080581	96.59	98.94	99.70	96.55	98.27	57.18	57.03	ok
DSNY-25-1-Rh	intbio_reads_NovogeneMay2025	DSNY	Rh	yes	yes	yes	5242	4896	93.40	786300	726397	92.38	98.07	99.68	94.11	97.78	58.78	58.56	ok
DSNY-25-1-Ro	intbio_reads_NovogeneMay2025	DSNY	Ro	yes	yes	yes	240890	234348	97.28	36133500	34869160	96.50	99.08	99.76	96.73	98.32	61.87	61.78	ok
DSNY-26-1-No	intbio_reads_NovogeneMay2025	DSNY	No	yes	yes	yes	2728894	2669092	97.81	409334100	395921224	96.72	98.91	99.68	96.55	98.26	57.75	57.66	ok
DSNY-26-1-Rh	intbio_reads_NovogeneMay2025	DSNY	Rh	yes	yes	yes	863386	839086	97.19	129507900	125170931	96.65	99.20	99.81	97.07	98.52	62.73	62.65	ok
DSNY-26-1-Ro	intbio_reads_NovogeneMay2025	DSNY	Ro	yes	yes	yes	739832	718968	97.18	110974800	107373145	96.75	99.32	99.82	97.32	98.60	58.65	58.54	ok
DSNY-27-1-No	intbio_reads_NovogeneMay2025	DSNY	No	yes	yes	yes	2308934	2215526	95.95	346340100	327210597	94.48	98.55	99.65	95.38	97.87	66.55	66.36	ok
DSNY-27-1-Rh	intbio_reads_NovogeneMay2025	DSNY	Rh	yes	yes	yes	2368	2258	95.35	355200	331832	93.42	97.87	99.52	93.61	97.12	60.70	60.52	ok
DSNY-27-1-Ro	intbio_reads_NovogeneMay2025	DSNY	Ro	yes	yes	yes	56354	54840	97.31	8453100	8154254	96.46	98.99	99.74	96.51	98.26	61.77	61.68	ok
DSNY-28-1-No	intbio_reads_NovogeneMay2025	DSNY	No	yes	yes	yes	182536	177028	96.98	27380400	26363924	96.29	99.11	99.80	96.83	98.43	61.81	61.70	ok
DSNY-28-1-Rh	intbio_reads_NovogeneMay2025	DSNY	Rh	yes	yes	yes	35942	35104	97.67	5391300	5197399	96.40	98.80	99.63	96.16	97.94	60.26	60.10	ok
DSNY-28-1-Ro	intbio_reads_NovogeneMay2025	DSNY	Ro	yes	yes	yes	23670	22546	95.25	3550500	3348824	94.32	98.43	99.71	95.47	98.12	63.07	62.79	ok
DSNY-29-1-No	intbio_reads_NovogeneMay2025	DSNY	No	yes	yes	yes	2154856	2070262	96.07	323228400	308325518	95.39	99.01	99.79	96.57	98.36	66.63	66.46	ok
DSNY-29-1-Rh	intbio_reads_NovogeneMay2025	DSNY	Rh	yes	yes	yes	24640	23842	96.76	3696000	3462679	93.69	97.58	99.40	93.71	97.37	62.98	62.80	ok
DSNY-29-1-Ro	intbio_reads_NovogeneMay2025	DSNY	Ro	yes	yes	yes	51442	49822	96.85	7716300	7393005	95.81	98.89	99.73	96.30	98.25	63.25	63.11	ok
DSNY-3-1-No	intbio_reads_NovogeneMay2025	DSNY	No	yes	yes	yes	1039718	1011614	97.30	155957700	150582778	96.55	99.03	99.69	96.23	97.81	58.37	58.28	ok
DSNY-3-1-Rh	intbio_reads_NovogeneMay2025	DSNY	Rh	yes	yes	yes	115396	111764	96.85	17309400	16578585	95.78	98.71	99.60	95.41	97.42	63.70	63.61	ok
DSNY-3-1-Ro	intbio_reads_NovogeneMay2025	DSNY	Ro	yes	yes	yes	36646	35606	97.16	5496900	5132853	93.38	97.04	99.35	92.59	96.96	61.72	61.52	ok
DSNY-30-1-No	intbio_reads_NovogeneMay2025	DSNY	No	yes	yes	yes	416842	407280	97.71	62526300	60498100	96.76	98.95	99.70	96.46	98.16	62.74	62.69	ok
DSNY-30-1-Rh	intbio_reads_NovogeneMay2025	DSNY	Rh	yes	yes	yes	276710	267254	96.58	41506500	39763812	95.80	98.89	99.74	96.38	98.26	63.46	63.36	ok
DSNY-30-1-Ro	intbio_reads_NovogeneMay2025	DSNY	Ro	yes	yes	yes	54110	52128	96.34	8116500	7763491	95.65	99.00	99.78	96.54	98.35	62.96	62.81	ok
DSNY-31-1-No	intbio_reads_NovogeneMay2025	DSNY	No	yes	yes	yes	3683224	3596444	97.64	552483600	537506794	97.29	99.45	99.85	97.69	98.74	58.59	58.51	ok
DSNY-31-1-Rh	intbio_reads_NovogeneMay2025	DSNY	Rh	yes	yes	yes	197438	191048	96.76	29615700	28269492	95.45	98.59	99.58	95.18	97.35	64.63	64.54	ok
DSNY-31-1-Ro	intbio_reads_NovogeneMay2025	DSNY	Ro	yes	yes	yes	45342	44088	97.23	6801300	6502102	95.60	98.41	99.54	94.84	97.24	63.12	63.03	ok
DSNY-34-1-No	intbio_reads_NovogeneMay2025	DSNY	No	yes	yes	yes	1542464	1505986	97.64	231369600	224534154	97.05	99.18	99.71	96.60	97.92	57.80	57.73	ok
DSNY-34-1-Rh	intbio_reads_NovogeneMay2025	DSNY	Rh	yes	yes	yes	328836	318448	96.84	49325400	47358012	96.01	98.88	99.66	95.77	97.59	63.26	63.17	ok
DSNY-34-1-Ro	intbio_reads_NovogeneMay2025	DSNY	Ro	yes	yes	yes	15788	15204	96.30	2368200	2256403	95.28	98.73	99.65	95.43	97.54	62.24	62.08	ok
DSNY-36-1-No	intbio_reads_NovogeneMay2025	DSNY	No	yes	yes	yes	127758	124302	97.29	19163700	18474128	96.40	98.91	99.65	95.86	97.58	61.64	61.59	ok
DSNY-36-1-Rh	intbio_reads_NovogeneMay2025	DSNY	Rh	yes	yes	yes	482110	466832	96.83	72316500	69320456	95.86	98.82	99.64	95.75	97.62	62.29	62.17	ok
DSNY-36-1-Ro	intbio_reads_NovogeneMay2025	DSNY	Ro	yes	yes	yes	23714	22810	96.19	3557100	3358129	94.41	98.21	99.56	94.30	97.21	61.71	61.59	ok
DSNY-37-1-No	intbio_reads_NovogeneMay2025	DSNY	No	yes	yes	yes	14411612	14060524	97.56	2161741800	2101096242	97.19	99.42	99.85	97.65	98.77	57.80	57.72	ok
DSNY-37-1-Rh	intbio_reads_NovogeneMay2025	DSNY	Rh	yes	yes	yes	131966	128470	97.35	19794900	19062131	96.30	98.83	99.65	95.89	97.69	60.83	60.74	ok
DSNY-37-1-Ro	intbio_reads_NovogeneMay2025	DSNY	Ro	yes	yes	yes	60780	58816	96.77	9117000	8736866	95.83	98.77	99.66	95.65	97.70	59.67	59.57	ok
DSNY-38-3-No	intbio_reads_NovogeneMay2025	DSNY	No	yes	yes	yes	1132478	1095594	96.74	169871700	163482385	96.24	99.25	99.81	97.10	98.51	58.86	58.70	ok
DSNY-38-3-Rh	intbio_reads_NovogeneMay2025	DSNY	Rh	yes	yes	yes	936070	897616	95.89	140410500	132764272	94.55	98.51	99.65	95.56	97.93	63.03	62.77	ok
DSNY-38-3-Ro	intbio_reads_NovogeneMay2025	DSNY	Ro	yes	yes	yes	76282	73628	96.52	11442300	10889210	95.17	98.58	99.68	95.56	97.92	63.16	63.08	ok
DSNY-39-4-No	intbio_reads_NovogeneMay2025	DSNY	No	yes	yes	yes	8137922	7827156	96.18	1220688300	1168378645	95.71	99.22	99.84	97.05	98.59	58.51	58.33	ok
DSNY-39-4-Rh	intbio_reads_NovogeneMay2025	DSNY	Rh	yes	yes	yes	781594	750740	96.05	117239100	111524580	95.13	98.84	99.77	96.20	98.27	63.29	63.12	ok
DSNY-39-4-Ro	intbio_reads_NovogeneMay2025	DSNY	Ro	yes	yes	yes	139264	134596	96.65	20889600	20026020	95.87	99.00	99.77	96.51	98.30	63.73	63.61	ok
DSNY-4-1-No	intbio_reads_NovogeneMay2025	DSNY	No	yes	yes	yes	5651138	5382360	95.24	847670700	792222587	93.46	98.03	99.54	93.90	97.05	68.40	68.22	ok
DSNY-4-1-Rh	intbio_reads_NovogeneMay2025	DSNY	Rh	yes	yes	yes	756	710	93.92	113400	102243	90.16	96.77	99.39	90.31	95.72	64.01	63.82	ok
DSNY-4-1-Ro	intbio_reads_NovogeneMay2025	DSNY	Ro	yes	yes	yes	3028	2850	94.12	454200	424104	93.37	98.06	99.66	93.98	97.49	57.99	57.69	ok
DSNY-40-2-No	intbio_reads_NovogeneMay2025	DSNY	No	yes	yes	yes	182902	175728	96.08	27435300	26153933	95.33	99.02	99.76	96.47	98.26	63.08	62.89	ok
DSNY-40-2-Rh	intbio_reads_NovogeneMay2025	DSNY	Rh	yes	yes	yes	400196	381398	95.30	60029400	56866525	94.73	98.87	99.81	96.44	98.44	62.92	62.73	ok
DSNY-40-2-Ro	intbio_reads_NovogeneMay2025	DSNY	Ro	yes	yes	yes	19932	19158	96.12	2989800	2853838	95.45	99.05	99.78	96.57	98.34	61.55	61.39	ok
DSNY-43-1-No	intbio_reads_NovogeneMay2025	DSNY	No	yes	yes	yes	3407730	3323122	97.52	511159500	496490003	97.13	99.42	99.84	97.61	98.70	58.43	58.33	ok
DSNY-43-1-Rh	intbio_reads_NovogeneMay2025	DSNY	Rh	yes	yes	yes	1144440	1108718	96.88	171666000	163355381	95.16	98.31	99.60	95.30	97.89	61.95	61.85	ok
DSNY-43-1-Ro	intbio_reads_NovogeneMay2025	DSNY	Ro	yes	yes	yes	288966	270940	93.76	43344900	40369766	93.14	98.90	99.78	96.06	98.25	63.48	63.03	ok
DSNY-44-1-No	intbio_reads_NovogeneMay2025	DSNY	No	yes	yes	yes	1628086	1588408	97.56	244212900	235462709	96.42	98.90	99.71	96.38	98.21	61.40	61.31	ok
DSNY-44-1-Rh	intbio_reads_NovogeneMay2025	DSNY	Rh	yes	yes	yes	805462	776564	96.41	120819300	114635826	94.88	98.33	99.69	95.50	98.12	62.97	62.82	ok
DSNY-44-1-Ro	intbio_reads_NovogeneMay2025	DSNY	Ro	yes	yes	yes	79618	76962	96.66	11942700	11424524	95.66	98.83	99.74	96.20	98.22	62.64	62.54	ok
DSNY-48-1-No	intbio_reads_NovogeneMay2025	DSNY	No	yes	yes	yes	1179110	1127508	95.62	176866500	168353993	95.19	99.21	99.80	96.89	98.43	59.06	58.82	ok
DSNY-48-1-Rh	intbio_reads_NovogeneMay2025	DSNY	Rh	yes	yes	yes	88180	84264	95.56	13227000	12546443	94.85	98.94	99.75	96.25	98.18	63.39	63.13	ok
DSNY-48-1-Ro	intbio_reads_NovogeneMay2025	DSNY	Ro	yes	yes	yes	44042	41526	94.29	6606300	6161577	93.27	98.60	99.74	95.61	98.14	63.49	63.17	ok
DSNY-49-2-No	intbio_reads_NovogeneMay2025	DSNY	No	yes	yes	yes	2998068	2927966	97.66	449710200	436292819	97.02	99.21	99.77	97.10	98.46	58.16	58.09	ok
DSNY-49-2-Rh	intbio_reads_NovogeneMay2025	DSNY	Rh	yes	yes	yes	916252	890472	97.19	137437800	131559961	95.72	98.47	99.55	95.61	97.87	62.27	62.13	ok
DSNY-49-2-Ro	intbio_reads_NovogeneMay2025	DSNY	Ro	yes	yes	yes	77582	75006	96.68	11637300	11187237	96.13	99.15	99.80	96.78	98.35	64.34	64.25	ok
DSNY-5-1-No	intbio_reads_NovogeneMay2025	DSNY	No	yes	yes	yes	2048088	1973414	96.35	307213200	291189664	94.78	98.22	99.58	94.50	97.22	66.77	66.62	ok
DSNY-5-1-Rh	intbio_reads_NovogeneMay2025	DSNY	Rh	yes	yes	yes	45444	43802	96.39	6816600	6501819	95.38	98.50	99.58	95.04	97.38	62.64	62.58	ok
DSNY-5-1-Ro	intbio_reads_NovogeneMay2025	DSNY	Ro	yes	yes	yes	18106	17502	96.66	2715900	2591555	95.42	98.57	99.66	95.30	97.67	62.04	61.98	ok
DSNY-50-1-No	intbio_reads_NovogeneMay2025	DSNY	No	yes	yes	yes	4457318	4340032	97.37	668597700	646685329	96.72	99.16	99.76	96.99	98.43	57.90	57.79	ok
DSNY-50-1-Rh	intbio_reads_NovogeneMay2025	DSNY	Rh	yes	yes	yes	519132	503780	97.04	77869800	74766583	96.01	98.87	99.72	96.39	98.25	61.97	61.81	ok
DSNY-50-1-Ro	intbio_reads_NovogeneMay2025	DSNY	Ro	yes	yes	yes	14116	13582	96.22	2117400	2018186	95.31	98.74	99.70	95.89	98.10	59.94	59.76	ok
DSNY-51-2-No	intbio_reads_NovogeneMay2025	DSNY	No	yes	yes	yes	8397230	8191538	97.55	1259584500	1217719389	96.68	99.06	99.76	96.82	98.43	56.92	56.82	ok
DSNY-51-2-Rh	intbio_reads_NovogeneMay2025	DSNY	Rh	yes	yes	yes	3431188	3301386	96.22	514678200	489969126	95.20	98.61	99.76	96.03	98.31	62.68	62.52	ok
DSNY-51-2-Ro	intbio_reads_NovogeneMay2025	DSNY	Ro	yes	yes	yes	32936	31602	95.95	4940400	4695555	95.04	98.79	99.74	96.00	98.14	62.14	61.99	ok
DSNY-52-1-No	intbio_reads_NovogeneMay2025	DSNY	No	yes	yes	yes	3114088	3038314	97.57	467113200	452858200	96.95	99.25	99.79	97.16	98.50	58.32	58.25	ok
DSNY-52-1-Rh	intbio_reads_NovogeneMay2025	DSNY	Rh	yes	yes	yes	904558	869936	96.17	135683700	128920540	95.02	98.63	99.71	95.84	98.14	62.31	62.15	ok
DSNY-52-1-Ro	intbio_reads_NovogeneMay2025	DSNY	Ro	yes	yes	yes	624728	584648	93.58	93709200	87206756	93.06	98.96	99.78	96.13	98.28	60.41	59.83	ok
DSNY-53-1-No	intbio_reads_NovogeneMay2025	DSNY	No	yes	yes	yes	141996	137852	97.08	21299400	20502741	96.26	99.09	99.77	96.64	98.25	59.83	59.73	ok
DSNY-53-1-Rh	intbio_reads_NovogeneMay2025	DSNY	Rh	yes	yes	yes	48470	46800	96.55	7270500	6951855	95.62	98.89	99.78	96.39	98.35	63.79	63.66	ok
DSNY-53-1-Ro	intbio_reads_NovogeneMay2025	DSNY	Ro	yes	yes	yes	13478	13018	96.59	2021700	1934864	95.70	98.88	99.75	96.17	98.12	62.61	62.50	ok
DSNY-54-1-No	intbio_reads_NovogeneMay2025	DSNY	No	yes	yes	yes	3208534	3120080	97.24	481280100	466649948	96.96	99.47	99.86	97.69	98.74	58.48	58.38	ok
DSNY-54-1-Rh	intbio_reads_NovogeneMay2025	DSNY	Rh	yes	yes	yes	108844	100342	92.19	16326600	14938765	91.50	98.16	99.77	95.05	98.26	64.12	63.69	ok
DSNY-54-1-Ro	intbio_reads_NovogeneMay2025	DSNY	Ro	yes	yes	yes	11478	11174	97.35	1721700	1655750	96.17	98.86	99.74	96.35	98.28	61.32	61.23	ok
DSNY-56-1-No	intbio_reads_NovogeneMay2025	DSNY	No	yes	yes	yes	2220008	2159174	97.26	333001200	321282072	96.48	99.09	99.77	96.73	98.33	61.81	61.75	ok
DSNY-56-1-Rh	intbio_reads_NovogeneMay2025	DSNY	Rh	yes	yes	yes	92176	87666	95.11	13826400	13012987	94.12	98.73	99.73	95.71	98.07	64.71	64.40	ok
DSNY-56-1-Ro	intbio_reads_NovogeneMay2025	DSNY	Ro	yes	yes	yes	180548	170148	94.24	27082200	25361581	93.65	98.59	99.77	95.76	98.17	63.53	63.32	ok
DSNY-57-1-Rh	intbio_reads_NovogeneMay2025	DSNY	Rh	yes	yes	yes	267828	257044	95.97	40174200	38137189	94.93	98.84	99.73	96.06	98.15	64.10	63.88	ok
DSNY-57-1-Ro	intbio_reads_NovogeneMay2025	DSNY	Ro	yes	yes	yes	12396	11970	96.56	1859400	1775367	95.48	98.69	99.71	95.77	98.00	62.81	62.68	ok
DSNY-57-No	intbio_reads_NovogeneMay2025	DSNY	No	yes	yes	yes	812674	787480	96.90	121901100	116659315	95.70	98.80	99.71	96.07	98.11	61.80	61.70	ok
DSNY-58-No	intbio_reads_NovogeneMay2025	DSNY	No	yes	yes	yes	4373778	4229906	96.71	656066700	626257774	95.46	98.53	99.64	95.32	97.68	64.54	64.44	ok
DSNY-58-Rh	intbio_reads_NovogeneMay2025	DSNY	Rh	yes	yes	yes	813210	782386	96.21	121981500	116180128	95.24	98.70	99.65	95.53	97.65	62.89	62.69	ok
DSNY-59-No	intbio_reads_NovogeneMay2025	DSNY	No	yes	yes	yes	5605258	5398672	96.31	840788700	802052588	95.39	98.72	99.70	95.63	97.77	64.65	64.51	ok
DSNY-59-Rh	intbio_reads_NovogeneMay2025	DSNY	Rh	yes	yes	yes	599382	571942	95.42	89907300	84889009	94.42	98.48	99.68	95.21	97.71	63.19	62.97	ok
DSNY-59-Ro	intbio_reads_NovogeneMay2025	DSNY	Ro	yes	yes	yes	6065536	5849520	96.44	909830400	865619756	95.14	98.49	99.63	95.17	97.59	64.46	64.31	ok
DSNY-6-2-No	intbio_reads_NovogeneMay2025	DSNY	No	yes	yes	yes	5807432	5565594	95.84	871114800	819168061	94.04	98.14	99.56	94.22	97.20	66.08	65.91	ok
DSNY-6-2-Rh	intbio_reads_NovogeneMay2025	DSNY	Rh	yes	yes	yes	4380	4088	93.33	657000	597983	91.02	97.28	99.47	92.02	96.52	62.35	62.01	ok
DSNY-6-2-Ro	intbio_reads_NovogeneMay2025	DSNY	Ro	yes	yes	yes	1052	980	93.16	157800	144289	91.44	97.63	99.46	92.52	96.35	63.16	62.83	ok
DSNY-61-4-Rh	intbio_reads_NovogeneMay2025	DSNY	Rh	yes	yes	yes	233848	227284	97.19	35077200	33505574	95.52	98.45	99.69	95.40	97.87	63.97	63.84	ok
DSNY-61-4-Ro	intbio_reads_NovogeneMay2025	DSNY	Ro	yes	yes	yes	12988	12454	95.89	1948200	1852745	95.10	98.84	99.77	96.14	98.23	62.22	62.04	ok
DSNY-63-No	intbio_reads_NovogeneMay2025	DSNY	No	yes	yes	yes	1358842	1323114	97.37	203826300	196200335	96.26	98.80	99.65	95.88	97.76	59.76	59.66	ok
DSNY-63-Rh	intbio_reads_NovogeneMay2025	DSNY	Rh	yes	yes	yes	13802	13184	95.52	2070300	1948954	94.14	98.30	99.57	94.64	97.39	63.06	62.83	ok
DSNY-63-Ro	intbio_reads_NovogeneMay2025	DSNY	Ro	yes	yes	yes	9624	9284	96.47	1443600	1377600	95.43	98.69	99.68	95.61	97.80	61.55	61.47	ok
DSNY-64-2-No	intbio_reads_NovogeneMay2025	DSNY	No	yes	yes	yes	2972674	2908718	97.85	445901100	430286572	96.50	98.78	99.70	96.15	98.05	57.61	57.47	ok
DSNY-64-2-Rh	intbio_reads_NovogeneMay2025	DSNY	Rh	yes	yes	yes	47672	46596	97.74	7150800	6930134	96.91	98.99	99.69	96.32	97.86	63.89	63.84	ok
DSNY-64-2-Ro	intbio_reads_NovogeneMay2025	DSNY	Ro	yes	yes	yes	8398	7874	93.76	1259700	1156865	91.84	97.66	99.60	93.38	97.51	62.21	61.86	ok
DSNY-65-1-No	intbio_reads_NovogeneMay2025	DSNY	No	yes	yes	yes	1557272	1488286	95.57	233590800	221299140	94.74	98.62	99.69	95.46	97.75	63.04	62.84	ok
DSNY-65-1-Rh	intbio_reads_NovogeneMay2025	DSNY	Rh	yes	yes	yes	686052	659944	96.19	102907800	98183772	95.41	98.76	99.72	95.87	97.93	62.27	62.13	ok
DSNY-65-1-Ro	intbio_reads_NovogeneMay2025	DSNY	Ro	yes	yes	yes	16424	15858	96.55	2463600	2355674	95.62	98.72	99.67	95.60	97.75	60.65	60.50	ok
DSNY-66-1-No	intbio_reads_NovogeneMay2025	DSNY	No	yes	yes	yes	3944936	3856064	97.75	591740400	570464145	96.40	98.70	99.57	95.72	97.63	57.79	57.70	ok
DSNY-66-1-Rh	intbio_reads_NovogeneMay2025	DSNY	Rh	yes	yes	yes	1690084	1633876	96.67	253512600	242477890	95.65	98.73	99.68	95.71	97.78	63.37	63.24	ok
DSNY-66-1-Ro	intbio_reads_NovogeneMay2025	DSNY	Ro	yes	yes	yes	19536	18810	96.28	2930400	2794983	95.38	98.75	99.65	95.66	97.70	60.75	60.50	ok
DSNY-67-3-No	intbio_reads_NovogeneMay2025	DSNY	No	yes	yes	yes	2258844	2204494	97.59	338826600	324624272	95.81	98.37	99.52	95.06	97.46	58.63	58.50	ok
DSNY-67-3-Rh	intbio_reads_NovogeneMay2025	DSNY	Rh	yes	yes	yes	694140	671474	96.73	104121000	99073942	95.15	98.23	99.54	94.87	97.49	62.20	62.10	ok
DSNY-67-3-Ro	intbio_reads_NovogeneMay2025	DSNY	Ro	yes	yes	yes	57576	56212	97.63	8636400	8207849	95.04	97.90	99.42	94.07	97.17	61.82	61.75	ok
DSNY-68-1-No	intbio_reads_NovogeneMay2025	DSNY	No	yes	yes	yes	4424114	4294430	97.07	663617100	631290988	95.13	98.23	99.49	94.81	97.42	57.92	57.65	ok
DSNY-68-1-Rh	intbio_reads_NovogeneMay2025	DSNY	Rh	yes	yes	yes	2077472	2016024	97.04	311620800	297594171	95.50	98.47	99.57	95.20	97.52	62.62	62.48	ok
DSNY-68-1-Ro	intbio_reads_NovogeneMay2025	DSNY	Ro	yes	yes	yes	779974	753696	96.63	116996100	112026649	95.75	98.74	99.68	95.78	97.81	62.21	62.09	ok
DSNY-69-1-No	intbio_reads_NovogeneMay2025	DSNY	No	yes	yes	yes	6687096	6542348	97.84	1003064400	966262872	96.33	98.61	99.57	95.62	97.69	57.75	57.64	ok
DSNY-69-1-Rh	intbio_reads_NovogeneMay2025	DSNY	Rh	yes	yes	yes	40978	39716	96.92	6146700	5900492	95.99	98.81	99.68	95.99	97.97	60.86	60.77	ok
DSNY-69-1-Ro	intbio_reads_NovogeneMay2025	DSNY	Ro	yes	yes	yes	125996	122118	96.92	18899400	18071397	95.62	98.56	99.61	95.39	97.66	62.09	62.02	ok
DSNY-7-1-No	intbio_reads_NovogeneMay2025	DSNY	No	yes	yes	yes	3352114	3215956	95.94	502817100	469489496	93.37	97.90	99.50	93.66	97.03	65.95	65.65	ok
DSNY-7-1-Rh	intbio_reads_NovogeneMay2025	DSNY	Rh	yes	yes	yes	1398	1198	85.69	209700	175681	83.78	95.17	99.37	87.47	95.98	62.24	61.85	ok
DSNY-7-1-Ro	intbio_reads_NovogeneMay2025	DSNY	Ro	yes	yes	yes	51230	49394	96.42	7684500	7338661	95.50	98.77	99.66	95.51	97.55	63.07	62.94	ok
DSNY-70-1-No	intbio_reads_NovogeneMay2025	DSNY	No	yes	yes	yes	2610506	2541980	97.37	391575900	375414838	95.87	98.62	99.57	95.52	97.63	56.85	56.70	ok
DSNY-70-1-Rh	intbio_reads_NovogeneMay2025	DSNY	Rh	yes	yes	yes	639476	614800	96.14	95921400	91127735	95.00	98.40	99.64	95.25	97.71	62.75	62.64	ok
DSNY-70-1-Ro	intbio_reads_NovogeneMay2025	DSNY	Ro	yes	yes	yes	40374	39026	96.66	6056100	5757505	95.07	98.37	99.61	95.00	97.61	61.99	61.83	ok
DSNY-71-1-No	intbio_reads_NovogeneMay2025	DSNY	No	yes	yes	yes	1877536	1831620	97.55	281630400	271721609	96.48	98.80	99.66	96.03	97.91	58.75	58.65	ok
DSNY-71-1-Rh	intbio_reads_NovogeneMay2025	DSNY	Rh	yes	yes	yes	2197280	2122672	96.60	329592000	314512836	95.42	98.56	99.65	95.52	97.76	62.42	62.26	ok
DSNY-71-1-Ro	intbio_reads_NovogeneMay2025	DSNY	Ro	yes	yes	yes	22524	21578	95.80	3378600	3196458	94.61	98.38	99.64	95.00	97.71	61.12	60.94	ok
DSNY-72-1-No	intbio_reads_NovogeneMay2025	DSNY	No	yes	yes	yes	617996	598422	96.83	92699400	88819510	95.81	98.70	99.64	95.70	97.73	62.46	62.35	ok
DSNY-72-1-Rh	intbio_reads_NovogeneMay2025	DSNY	Rh	yes	yes	yes	668294	644946	96.51	100244100	95951192	95.72	98.77	99.70	95.86	97.88	62.95	62.85	ok
DSNY-72-1-Ro	intbio_reads_NovogeneMay2025	DSNY	Ro	yes	yes	yes	797514	763318	95.71	119627100	113541320	94.91	98.55	99.68	95.54	97.84	62.34	62.18	ok
DSNY-74-1-No	intbio_reads_NovogeneMay2025	DSNY	No	yes	yes	yes	8604994	8289748	96.34	1290749100	1232400125	95.48	98.89	99.81	96.51	98.46	64.62	64.44	ok
DSNY-74-1-Rh	intbio_reads_NovogeneMay2025	DSNY	Rh	yes	yes	yes	559766	545258	97.41	83964900	81161250	96.66	99.12	99.79	96.96	98.48	62.17	62.04	ok
DSNY-74-1-Ro	intbio_reads_NovogeneMay2025	DSNY	Ro	yes	yes	yes	361324	351488	97.28	54198600	52338276	96.57	99.05	99.77	96.88	98.47	62.90	62.83	ok
DSNY-75-1-No	intbio_reads_NovogeneMay2025	DSNY	No	yes	yes	yes	3447364	3370466	97.77	517104600	502657939	97.21	99.28	99.80	97.38	98.61	58.15	58.07	ok
DSNY-75-1-Rh	intbio_reads_NovogeneMay2025	DSNY	Rh	yes	yes	yes	441996	427314	96.68	66299400	63650549	96.00	99.10	99.82	96.92	98.57	62.39	62.24	ok
DSNY-75-1-Ro	intbio_reads_NovogeneMay2025	DSNY	Ro	yes	yes	yes	161206	156906	97.33	24180900	23339302	96.52	99.05	99.77	96.76	98.38	63.14	63.04	ok
DSNY-76-1-No	intbio_reads_NovogeneMay2025	DSNY	No	yes	yes	yes	1341664	1302474	97.08	201249600	194333473	96.56	99.25	99.81	97.23	98.58	58.81	58.65	ok
DSNY-76-1-Rh	intbio_reads_NovogeneMay2025	DSNY	Rh	yes	yes	yes	351024	342834	97.67	52653600	50899815	96.67	99.00	99.74	96.70	98.35	63.33	63.26	ok
DSNY-76-1-Ro	intbio_reads_NovogeneMay2025	DSNY	Ro	yes	yes	yes	6044620	5915424	97.86	906693000	875788497	96.59	98.82	99.66	96.42	98.23	57.69	57.53	ok
DSNY-77-3-No	intbio_reads_NovogeneMay2025	DSNY	No	yes	yes	yes	173850	165886	95.42	26077500	24717681	94.79	98.93	99.81	96.46	98.42	64.78	64.58	ok
DSNY-77-3-Rh	intbio_reads_NovogeneMay2025	DSNY	Rh	yes	yes	yes	55692	53492	96.05	8353800	7958806	95.27	99.09	99.79	96.56	98.30	64.72	64.63	ok
DSNY-77-3-Ro	intbio_reads_NovogeneMay2025	DSNY	Ro	yes	yes	yes	228400	220378	96.49	34260000	32879561	95.97	99.23	99.81	97.02	98.49	64.73	64.59	ok
DSNY-78-1-No	intbio_reads_NovogeneMay2025	DSNY	No	yes	yes	yes	9260432	8796042	94.99	1389064800	1308492913	94.20	98.84	99.79	96.16	98.30	65.14	64.87	ok
DSNY-78-1-Rh	intbio_reads_NovogeneMay2025	DSNY	Rh	yes	yes	yes	130872	126584	96.72	19630800	18893374	96.24	99.30	99.82	97.15	98.50	64.65	64.53	ok
DSNY-78-1-Ro	intbio_reads_NovogeneMay2025	DSNY	Ro	yes	yes	yes	12458	11874	95.31	1868700	1762853	94.34	98.49	99.74	95.70	98.28	62.28	62.10	ok
DSNY-79-1-No	intbio_reads_NovogeneMay2025	DSNY	No	yes	yes	yes	8023502	7844170	97.76	1203525300	1171294939	97.32	99.38	99.85	97.61	98.75	58.49	58.42	ok
DSNY-79-1-Rh	intbio_reads_NovogeneMay2025	DSNY	Rh	yes	yes	yes	151304	144324	95.39	22695600	21544095	94.93	99.14	99.80	96.70	98.38	64.75	64.57	ok
DSNY-79-1-Ro	intbio_reads_NovogeneMay2025	DSNY	Ro	yes	yes	yes	30750	29648	96.42	4612500	4397256	95.33	98.71	99.70	96.02	98.13	63.00	62.90	ok
DSNY-8-1-No	intbio_reads_NovogeneMay2025	DSNY	No	yes	yes	yes	1505662	1435880	95.37	225849300	212033473	93.88	98.30	99.56	94.46	97.13	66.34	66.10	ok
DSNY-8-1-Rh	intbio_reads_NovogeneMay2025	DSNY	Rh	yes	yes	yes	1404	1364	97.15	210600	201015	95.45	98.26	99.59	94.42	97.24	60.15	59.97	ok
DSNY-8-1-Ro	intbio_reads_NovogeneMay2025	DSNY	Ro	yes	yes	yes	23642	22952	97.08	3546300	3342370	94.25	97.83	99.42	93.46	96.71	64.41	64.32	ok
DSNY-80-1-No	intbio_reads_NovogeneMay2025	DSNY	No	yes	yes	yes	5175858	5057770	97.72	776378700	755496848	97.31	99.41	99.84	97.61	98.71	59.10	59.02	ok
DSNY-80-1-Rh	intbio_reads_NovogeneMay2025	DSNY	Rh	yes	yes	yes	756840	735676	97.20	113526000	109564859	96.51	99.12	99.75	97.02	98.48	59.81	59.63	ok
DSNY-80-1-Ro	intbio_reads_NovogeneMay2025	DSNY	Ro	yes	yes	yes	13392	12846	95.92	2008800	1901392	94.65	98.54	99.67	95.55	98.04	61.38	61.14	ok
DSNY-81-1-No	intbio_reads_NovogeneMay2025	DSNY	No	yes	yes	yes	10024816	9632724	96.09	1503722400	1430639863	95.14	98.78	99.76	96.16	98.25	65.20	65.04	ok
DSNY-81-1-Rh	intbio_reads_NovogeneMay2025	DSNY	Rh	yes	yes	yes	105648	100506	95.13	15847200	15000012	94.65	99.00	99.79	96.47	98.31	65.07	64.79	ok
DSNY-81-1-Ro	intbio_reads_NovogeneMay2025	DSNY	Ro	yes	yes	yes	142652	138960	97.41	21397800	20629391	96.41	98.92	99.73	96.59	98.34	62.46	62.36	ok
DSNY-82-3-No	intbio_reads_NovogeneMay2025	DSNY	No	yes	yes	yes	364752	356150	97.64	54712800	52547568	96.04	98.43	99.67	95.58	97.95	59.32	59.23	ok
DSNY-82-3-Rh	intbio_reads_NovogeneMay2025	DSNY	Rh	yes	yes	yes	24628	23980	97.37	3694200	3559379	96.35	98.83	99.73	95.97	97.99	65.67	65.63	ok
DSNY-82-3-Ro	intbio_reads_NovogeneMay2025	DSNY	Ro	yes	yes	yes	78744	76682	97.38	11811600	11389828	96.43	98.88	99.71	96.07	97.91	62.92	62.86	ok
DSNY-83-1-No	intbio_reads_NovogeneMay2025	DSNY	No	yes	yes	yes	16211702	15774660	97.30	2431755300	2356598180	96.91	99.39	99.84	97.54	98.71	57.71	57.60	ok
DSNY-83-1-Rh	intbio_reads_NovogeneMay2025	DSNY	Rh	yes	yes	yes	508536	488104	95.98	76280400	72734137	95.35	99.14	99.78	96.65	98.29	63.78	63.61	ok
DSNY-83-1-Ro	intbio_reads_NovogeneMay2025	DSNY	Ro	yes	yes	yes	385496	372896	96.73	57824400	55351116	95.72	98.77	99.76	96.38	98.36	63.24	63.10	ok
DSNY-83-2-No	intbio_reads_NovogeneMay2025	DSNY	No	yes	yes	yes	1787370	1725324	96.53	268105500	256913632	95.83	99.04	99.77	96.83	98.47	59.57	59.30	ok
DSNY-83-2-Rh	intbio_reads_NovogeneMay2025	DSNY	Rh	yes	yes	yes	1246752	1191350	95.56	187012800	177431709	94.88	99.05	99.80	96.57	98.35	63.67	63.43	ok
DSNY-83-2-Ro	intbio_reads_NovogeneMay2025	DSNY	Ro	yes	yes	yes	239706	233632	97.47	35955900	34641317	96.34	98.87	99.74	96.48	98.32	61.04	60.92	ok
DSNY-83-3-No	intbio_reads_NovogeneMay2025	DSNY	No	yes	yes	yes	14649842	14362054	98.04	2197476300	2126428313	96.77	98.82	99.64	96.45	98.20	58.00	57.89	ok
DSNY-83-3-Rh	intbio_reads_NovogeneMay2025	DSNY	Rh	yes	yes	yes	539244	512868	95.11	80886600	76517306	94.60	99.05	99.79	96.48	98.30	63.79	63.55	ok
DSNY-83-3-Ro	intbio_reads_NovogeneMay2025	DSNY	Ro	yes	yes	yes	347482	336974	96.98	52122300	50152511	96.22	99.01	99.76	96.61	98.31	63.39	63.33	ok
DSNY-83-4-Rh	intbio_reads_NovogeneMay2025	DSNY	Rh	yes	yes	yes	459074	442228	96.33	68861100	65804982	95.56	99.07	99.78	96.66	98.34	63.95	63.80	ok
DSNY-83-4-Ro	intbio_reads_NovogeneMay2025	DSNY	Ro	yes	yes	yes	1012894	973088	96.07	151934100	145154644	95.54	99.16	99.79	96.75	98.34	63.62	63.45	ok
DSNY-83-5-No	intbio_reads_NovogeneMay2025	DSNY	No	yes	yes	yes	205996	201612	97.87	30899400	29961610	96.97	98.98	99.69	96.74	98.32	58.42	58.35	ok
DSNY-83-5-Rh	intbio_reads_NovogeneMay2025	DSNY	Rh	yes	yes	yes	206342	198920	96.40	30951300	29612305	95.67	99.09	99.80	96.80	98.44	63.04	62.90	ok
DSNY-83-5-Ro	intbio_reads_NovogeneMay2025	DSNY	Ro	yes	yes	yes	648226	620132	95.67	97233900	92460808	95.09	99.11	99.79	96.55	98.25	64.41	64.20	ok
DSNY-84-2-No	intbio_reads_NovogeneAugust2025	DSNY	No	yes	yes	yes	221736	208854	94.19	33260400	31077698	93.44	98.65	99.62	94.88	97.28	63.59	63.36	ok
DSNY-84-2-Rh	intbio_reads_NovogeneAugust2025	DSNY	Rh	yes	yes	yes	196064	188964	96.38	29409600	28100661	95.55	98.80	99.65	95.45	97.46	64.61	64.52	ok
DSNY-84-2-Ro	intbio_reads_NovogeneAugust2025	DSNY	Ro	yes	yes	yes	144896	138386	95.51	21734400	20623534	94.89	98.82	99.68	95.55	97.58	64.19	64.12	ok
DSNY-85-1-No	intbio_reads_NovogeneAugust2025	DSNY	No	yes	yes	yes	9180258	8913606	97.10	1377038700	1315380906	95.52	98.56	99.58	95.14	97.47	58.38	58.20	ok
DSNY-85-1-Rh	intbio_reads_NovogeneAugust2025	DSNY	Rh	yes	yes	yes	174246	160190	91.93	26136900	23823872	91.15	98.43	99.58	94.06	96.90	64.59	64.23	ok
DSNY-85-1-Ro	intbio_reads_NovogeneAugust2025	DSNY	Ro	yes	yes	yes	1349168	1306602	96.85	202375200	193385885	95.56	98.63	99.63	95.33	97.61	57.72	57.57	ok
DSNY-86-1-No	intbio_reads_NovogeneAugust2025	DSNY	No	yes	yes	yes	4881184	4638354	95.03	732177600	690638683	94.33	98.82	99.69	95.65	97.70	58.29	57.91	ok
DSNY-86-1-Rh	intbio_reads_NovogeneAugust2025	DSNY	Rh	yes	yes	yes	235236	227200	96.58	35285400	33817353	95.84	98.91	99.66	95.62	97.47	64.18	64.11	ok
DSNY-86-1-Ro	intbio_reads_NovogeneAugust2025	DSNY	Ro	yes	yes	yes	27638	26644	96.40	4145700	3920770	94.57	98.31	99.54	94.51	97.25	60.57	60.37	ok
DSNY-87-1-No	intbio_reads_NovogeneAugust2025	DSNY	No	yes	yes	yes	238572	226122	94.78	35785800	33651828	94.04	98.76	99.64	95.20	97.39	62.57	62.33	ok
DSNY-87-1-Rh	intbio_reads_NovogeneAugust2025	DSNY	Rh	yes	yes	yes	125836	121210	96.32	18875400	18020393	95.47	98.81	99.65	95.44	97.43	64.47	64.41	ok
DSNY-87-1-Ro	intbio_reads_NovogeneAugust2025	DSNY	Ro	yes	yes	yes	134642	126366	93.85	20196300	18806804	93.12	98.66	99.60	94.70	97.09	64.54	64.30	ok
DSNY-88-1-No	intbio_reads_NovogeneAugust2025	DSNY	No	yes	yes	yes	232364	221422	95.29	34854600	32925122	94.46	98.74	99.62	95.16	97.29	63.36	63.14	ok
DSNY-88-1-Rh	intbio_reads_NovogeneAugust2025	DSNY	Rh	yes	yes	yes	87306	84288	96.54	13095900	12541880	95.77	98.89	99.66	95.65	97.49	64.65	64.59	ok
DSNY-88-1-Ro	intbio_reads_NovogeneAugust2025	DSNY	Ro	yes	yes	yes	227618	215980	94.89	34142700	32089316	93.99	98.64	99.60	94.89	97.23	63.31	63.10	ok
DSNY-89-No	intbio_reads_NovogeneMay2025	DSNY	No	yes	yes	yes	4961398	4836582	97.48	744209700	721547467	96.95	99.29	99.80	97.24	98.53	58.51	58.42	ok
DSNY-89-Rh	intbio_reads_NovogeneMay2025	DSNY	Rh	yes	yes	yes	150900	147436	97.70	22635000	21915764	96.82	99.03	99.74	96.63	98.29	63.68	63.66	ok
DSNY-89-Ro	intbio_reads_NovogeneMay2025	DSNY	Ro	yes	yes	yes	70804	68412	96.62	10620600	10177118	95.82	99.07	99.79	96.71	98.39	64.07	63.92	ok
DSNY-90-No	intbio_reads_NovogeneMay2025	DSNY	No	yes	yes	yes	2660210	2573604	96.74	399031500	383707050	96.16	99.20	99.81	97.00	98.48	62.09	61.98	ok
DSNY-90-Rh	intbio_reads_NovogeneMay2025	DSNY	Rh	yes	yes	yes	133144	129790	97.48	19971600	19372039	97.00	99.31	99.83	97.26	98.58	63.98	63.91	ok
DSNY-90-Ro	intbio_reads_NovogeneMay2025	DSNY	Ro	yes	yes	yes	15802	15266	96.61	2370300	2271261	95.82	98.97	99.77	96.39	98.26	62.64	62.53	ok
DSNY-91-1-No	intbio_reads_NovogeneAugust2025	DSNY	No	yes	yes	yes	6970346	6719882	96.41	1045551900	999004649	95.55	98.77	99.65	95.61	97.64	58.16	58.00	ok
DSNY-91-1-Rh	intbio_reads_NovogeneAugust2025	DSNY	Rh	yes	yes	yes	517624	494058	95.45	77643600	73596554	94.79	98.83	99.66	95.51	97.54	60.34	60.11	ok
DSNY-91-1-Ro	intbio_reads_NovogeneAugust2025	DSNY	Ro	yes	yes	yes	77466	75344	97.26	11619900	11030694	94.93	97.94	99.42	93.97	97.04	59.31	59.06	ok
DSNY-92-1-No	intbio_reads_NovogeneAugust2025	DSNY	No	yes	yes	yes	151782	146134	96.28	22767300	21710312	95.36	98.67	99.62	95.30	97.48	62.19	62.06	ok
DSNY-92-1-Rh	intbio_reads_NovogeneAugust2025	DSNY	Rh	yes	yes	yes	160988	151290	93.98	24148200	22536901	93.33	98.69	99.62	94.86	97.19	64.41	64.19	ok
DSNY-92-1-Ro	intbio_reads_NovogeneAugust2025	DSNY	Ro	yes	yes	yes	37902	36006	95.00	5685300	5359947	94.28	98.70	99.62	95.00	97.21	63.81	63.63	ok
DSNY-95-No	intbio_reads_NovogeneMay2025	DSNY	No	yes	yes	yes	1012204	987540	97.56	151830600	146286365	96.35	98.85	99.68	96.30	98.13	59.53	59.47	ok
DSNY-95-Rh	intbio_reads_NovogeneMay2025	DSNY	Rh	yes	yes	yes	227224	222536	97.94	34083600	33192948	97.39	99.27	99.79	97.16	98.41	63.74	63.73	ok
DSNY-95-Ro	intbio_reads_NovogeneMay2025	DSNY	Ro	yes	yes	yes	142038	137616	96.89	21305700	20492407	96.18	99.09	99.79	96.74	98.39	62.95	62.86	ok
DSNY-96-2-No	intbio_reads_NovogeneAugust2025	DSNY	No	yes	yes	yes	18512	17698	95.60	2776800	2616743	94.24	98.40	99.56	94.65	97.26	61.83	61.56	ok
DSNY-96-2-Rh	intbio_reads_NovogeneAugust2025	DSNY	Rh	yes	yes	yes	182184	171308	94.03	27327600	25506473	93.34	98.65	99.60	94.73	97.11	64.45	64.21	ok
DSNY-96-2-Ro	intbio_reads_NovogeneAugust2025	DSNY	Ro	yes	yes	yes	13396	12546	93.65	2009400	1872965	93.21	98.64	99.75	95.58	98.03	59.63	59.19	ok
DSNY-98-4-No	intbio_reads_NovogeneAugust2025	DSNY	No	yes	yes	yes	348092	332100	95.41	52213800	49303097	94.43	98.61	99.60	94.97	97.29	61.96	61.75	ok
DSNY-98-4-Rh	intbio_reads_NovogeneAugust2025	DSNY	Rh	yes	yes	yes	464358	443084	95.42	69653700	65954298	94.69	98.77	99.64	95.23	97.34	64.09	63.98	ok
DSNY-98-4-Ro	intbio_reads_NovogeneAugust2025	DSNY	Ro	yes	yes	yes	64196	61650	96.03	9629400	9142129	94.94	98.57	99.60	94.96	97.25	62.30	62.16	ok
DSNY-99-No	intbio_reads_NovogeneMay2025	DSNY	No	yes	yes	yes	1075190	1051894	97.83	161278500	156347949	96.94	99.08	99.75	96.89	98.40	59.25	59.21	ok
DSNY-99-Rh	intbio_reads_NovogeneMay2025	DSNY	Rh	yes	yes	yes	77252	75490	97.72	11587800	11143452	96.17	98.54	99.73	96.08	98.33	63.56	63.49	ok
DSNY-99-Ro	intbio_reads_NovogeneMay2025	DSNY	Ro	yes	yes	yes	117634	114902	97.68	17645100	17134413	97.11	99.29	99.82	97.23	98.54	63.67	63.62	ok
DSNY-CLFR-60-No	intbio_reads_NovogeneMay2025	DSNY	No	yes	yes	yes	14820	14226	95.99	2223000	2096140	94.29	97.92	99.53	93.79	97.16	63.07	62.82	ok
DSNY-CLFR-60-Rh	intbio_reads_NovogeneMay2025	DSNY	Rh	yes	yes	yes	31476	30614	97.26	4721400	4525789	95.86	98.47	99.53	95.03	97.32	62.41	62.34	ok
DSNY-CLFR-60-Ro	intbio_reads_NovogeneMay2025	DSNY	Ro	yes	yes	yes	88920	86008	96.73	13338000	12702563	95.24	98.53	99.61	95.15	97.48	63.22	63.04	ok
DSNY-CRMA-33-1-No	intbio_reads_NovogeneMay2025	DSNY	No	yes	yes	yes	1024952	988242	96.42	153742800	146887543	95.54	98.72	99.64	95.49	97.56	63.46	63.35	ok
DSNY-CRMA-33-1-Rh	intbio_reads_NovogeneMay2025	DSNY	Rh	yes	yes	yes	276726	262634	94.91	41508900	39064441	94.11	98.64	99.60	94.87	97.22	63.74	63.54	ok
DSNY-CRMA-33-1-Ro	intbio_reads_NovogeneMay2025	DSNY	Ro	yes	yes	yes	439794	420366	95.58	65969100	62312068	94.46	98.34	99.61	94.87	97.47	62.40	62.23	ok
DSNY-CRMA-35-1-No	intbio_reads_NovogeneMay2025	DSNY	No	yes	yes	yes	4399334	4299176	97.72	659900100	639895983	96.97	99.08	99.69	96.45	97.92	58.10	58.06	ok
DSNY-CRMA-35-1-Rh	intbio_reads_NovogeneMay2025	DSNY	Rh	yes	yes	yes	464862	443172	95.33	69729300	65800378	94.37	98.43	99.64	95.03	97.59	63.43	63.20	ok
DSNY-CRMA-35-1-Ro	intbio_reads_NovogeneMay2025	DSNY	Ro	yes	yes	yes	20776	19932	95.94	3116400	2963200	95.08	98.65	99.65	95.24	97.47	62.87	62.77	ok
DSNY-GAEL-33-1-No	intbio_reads_NovogeneMay2025	DSNY	No	yes	yes	yes	114394	109950	96.12	17159100	16278912	94.87	98.41	99.61	94.90	97.36	63.43	63.27	ok
DSNY-GAEL-33-1-Rh	intbio_reads_NovogeneMay2025	DSNY	Rh	yes	yes	yes	1000390	947186	94.68	150058500	140780233	93.82	98.41	99.64	94.84	97.44	63.35	63.13	ok
DSNY-GAEL-33-1-Ro	intbio_reads_NovogeneMay2025	DSNY	Ro	yes	yes	yes	6838	6558	95.91	1025700	974809	95.04	98.66	99.63	95.19	97.43	61.93	61.80	ok
DSNY-GARE-35-1-No	intbio_reads_NovogeneMay2025	DSNY	No	yes	yes	yes	276928	269492	97.31	41539200	39958617	96.19	98.79	99.64	95.91	97.81	58.49	58.38	ok
DSNY-GARE-35-1-Rh	intbio_reads_NovogeneMay2025	DSNY	Rh	yes	yes	yes	1043854	1006240	96.40	156578100	149590497	95.54	98.66	99.66	95.58	97.70	63.79	63.69	ok
DSNY-GARE-35-1-Ro	intbio_reads_NovogeneMay2025	DSNY	Ro	yes	yes	yes	13100	12664	96.67	1965000	1870510	95.19	98.42	99.58	94.90	97.37	60.97	60.89	ok
DSNY-SEHE-60-No	intbio_reads_NovogeneMay2025	DSNY	No	yes	yes	yes	2539214	2473026	97.39	380882100	369117660	96.91	99.25	99.77	96.89	98.19	57.67	57.58	ok
DSNY-SEHE-60-Rh	intbio_reads_NovogeneMay2025	DSNY	Rh	yes	yes	yes	459796	442188	96.17	68969400	65795113	95.40	98.77	99.71	95.78	97.81	63.41	63.26	ok
DSNY-SEHE-60-Ro	intbio_reads_NovogeneMay2025	DSNY	Ro	yes	yes	yes	517832	495916	95.77	77674800	73756724	94.96	98.71	99.71	95.66	97.83	63.10	62.89	ok
GRSM-1-No	intbio_reads_NovogeneAugust2025	GRSM	No	yes	yes	yes	3076146	2992516	97.28	461421900	444884774	96.42	98.93	99.71	96.07	97.87	57.99	57.91	ok
GRSM-1-Rh	intbio_reads_NovogeneAugust2025	GRSM	Rh	yes	yes	yes	87278	83564	95.74	13091700	12416222	94.84	98.76	99.63	95.26	97.35	64.20	64.06	ok
GRSM-1-Ro	intbio_reads_NovogeneAugust2025	GRSM	Ro	yes	yes	yes	13480	12436	92.26	2022000	1840616	91.03	97.63	99.59	92.87	97.11	60.62	60.38	ok
GRSM-3-No	intbio_reads_NovogeneAugust2025	GRSM	No	yes	yes	yes	3199618	3100464	96.90	479942700	462832413	96.43	99.16	99.74	96.40	97.88	58.69	58.61	ok
GRSM-3-Rh	intbio_reads_NovogeneAugust2025	GRSM	Rh	yes	yes	yes	522466	507420	97.12	78369900	74865737	95.53	98.42	99.59	94.98	97.44	61.98	61.90	ok
GRSM-3-Ro	intbio_reads_NovogeneAugust2025	GRSM	Ro	yes	yes	yes	6154	5788	94.05	923100	850550	92.14	97.74	99.62	93.44	97.39	61.49	61.24	ok
GRSM-4-2-No	intbio_reads_NovogeneAugust2025	GRSM	No	yes	yes	yes	100578	97068	96.51	15086700	14442731	95.73	98.87	99.68	95.72	97.64	60.48	60.37	ok
GRSM-4-2-Rh	intbio_reads_NovogeneAugust2025	GRSM	Rh	yes	yes	yes	44298	42596	96.16	6644700	6253857	94.12	98.22	99.53	94.28	97.10	65.32	65.11	ok
GRSM-4-2-Ro	intbio_reads_NovogeneAugust2025	GRSM	Ro	yes	yes	yes	68884	65806	95.53	10332600	9782605	94.68	98.75	99.65	95.25	97.43	63.86	63.70	ok
GUAN-1-No	intbio_reads_NovogeneMay2025	GUAN	No	yes	yes	yes	7926	7626	96.21	1188900	1121636	94.34	98.20	99.61	94.65	97.71	61.14	60.95	ok
GUAN-1-Rh	intbio_reads_NovogeneMay2025	GUAN	Rh	yes	yes	yes	6550	6260	95.57	982500	922193	93.86	97.99	99.54	93.98	97.28	59.82	59.55	ok
GUAN-1-Ro	intbio_reads_NovogeneMay2025	GUAN	Ro	yes	yes	yes	6976	6736	96.56	1046400	998150	95.39	98.60	99.71	95.80	98.20	60.39	60.31	ok
GUAN-10-No	intbio_reads_NovogeneMay2025	GUAN	No	yes	yes	yes	2608	2496	95.71	391200	371002	94.84	98.68	99.73	95.61	98.12	59.83	59.67	ok
GUAN-10-Rh	intbio_reads_NovogeneMay2025	GUAN	Rh	yes	yes	yes	7436	7254	97.55	1115400	1072898	96.19	98.64	99.62	95.84	98.04	60.78	60.69	ok
GUAN-10-Ro	intbio_reads_NovogeneMay2025	GUAN	Ro	yes	yes	yes	22152	21548	97.27	3322800	3160534	95.12	98.36	99.54	95.01	97.53	64.95	64.81	ok
GUAN-2-No	intbio_reads_NovogeneMay2025	GUAN	No	yes	yes	yes	1241446	1207184	97.24	186216900	179317119	96.29	98.88	99.70	96.45	98.26	61.46	61.37	ok
GUAN-2-Rh	intbio_reads_NovogeneMay2025	GUAN	Rh	yes	yes	yes	303032	293848	96.97	45454800	43711602	96.16	99.11	99.77	96.69	98.30	64.16	64.04	ok
GUAN-2-Ro	intbio_reads_NovogeneMay2025	GUAN	Ro	yes	yes	yes	67132	64364	95.88	10069800	9588113	95.22	98.93	99.82	96.45	98.46	60.10	59.86	ok
GUAN-3-No	intbio_reads_NovogeneMay2025	GUAN	No	yes	yes	yes	1764088	1720252	97.52	264613200	256427738	96.91	99.22	99.80	97.10	98.52	60.29	60.21	ok
GUAN-3-Rh	intbio_reads_NovogeneMay2025	GUAN	Rh	yes	yes	yes	353506	342924	97.01	53025900	50925853	96.04	98.96	99.76	96.42	98.26	64.36	64.28	ok
GUAN-3-Ro	intbio_reads_NovogeneMay2025	GUAN	Ro	yes	yes	yes	101012	98814	97.82	15151800	14708063	97.07	99.12	99.75	96.81	98.29	64.93	64.92	ok
GUAN-4-No	intbio_reads_NovogeneMay2025	GUAN	No	yes	yes	yes	2405802	2352762	97.80	360870300	347657116	96.34	98.71	99.64	96.01	98.05	60.16	60.04	ok
GUAN-4-Rh	intbio_reads_NovogeneMay2025	GUAN	Rh	yes	yes	yes	129122	126186	97.73	19368300	18715466	96.63	98.97	99.75	96.47	98.22	65.47	65.44	ok
GUAN-4-Ro	intbio_reads_NovogeneMay2025	GUAN	Ro	yes	yes	yes	6674	6496	97.33	1001100	963328	96.23	98.79	99.68	95.87	97.89	62.90	62.86	ok
GUAN-5-No	intbio_reads_NovogeneMay2025	GUAN	No	yes	yes	yes	2355306	2299866	97.65	353295900	339609764	96.13	98.52	99.59	95.72	97.90	61.01	60.94	ok
GUAN-5-Rh	intbio_reads_NovogeneMay2025	GUAN	Rh	yes	yes	yes	441580	427498	96.81	66237000	63296669	95.56	98.71	99.66	95.82	97.89	64.78	64.66	ok
GUAN-5-Ro	intbio_reads_NovogeneMay2025	GUAN	Ro	yes	yes	yes	49286	48130	97.65	7392900	7138131	96.55	98.84	99.69	96.24	98.10	63.54	63.52	ok
GUAN-6-3-No	intbio_reads_NovogeneMay2025	GUAN	No	yes	yes	yes	252386	237612	94.15	37857900	35380184	93.46	98.83	99.77	95.86	98.08	63.66	63.34	ok
GUAN-6-3-Rh	intbio_reads_NovogeneMay2025	GUAN	Rh	yes	yes	yes	481298	450530	93.61	72194700	67031594	92.85	98.75	99.76	95.72	98.06	63.81	63.37	ok
GUAN-6-3-Ro	intbio_reads_NovogeneMay2025	GUAN	Ro	yes	yes	yes	3234	3060	94.62	485100	449851	92.73	97.90	99.64	93.53	97.45	59.35	59.22	ok
GUAN-7-1-No	intbio_reads_NovogeneMay2025	GUAN	No	yes	yes	yes	883172	848102	96.03	132475800	126500696	95.49	99.15	99.82	96.83	98.48	60.21	59.98	ok
GUAN-7-1-Rh	intbio_reads_NovogeneMay2025	GUAN	Rh	yes	yes	yes	392756	371216	94.52	58913400	55243496	93.77	98.72	99.78	95.92	98.21	63.44	63.14	ok
GUAN-7-1-Ro	intbio_reads_NovogeneMay2025	GUAN	Ro	yes	yes	yes	2312	2190	94.72	346800	322336	92.95	97.80	99.53	93.56	97.18	63.34	63.25	ok
GUAN-8-No	intbio_reads_NovogeneMay2025	GUAN	No	yes	yes	yes	3113742	3029978	97.31	467061300	449585537	96.26	98.97	99.70	96.51	98.21	59.88	59.68	ok
GUAN-8-Rh	intbio_reads_NovogeneMay2025	GUAN	Rh	yes	yes	yes	32114	31164	97.04	4817100	4646927	96.47	99.04	99.77	96.68	98.42	60.18	60.14	ok
GUAN-8-Ro	intbio_reads_NovogeneMay2025	GUAN	Ro	yes	yes	yes	244608	238350	97.44	36691200	35585626	96.99	99.28	99.81	97.09	98.44	63.74	63.70	ok
GUAN-9-1-No	intbio_reads_NovogeneMay2025	GUAN	No	yes	yes	yes	361610	341932	94.56	54241500	50865620	93.78	98.73	99.78	95.88	98.18	63.82	63.51	ok
GUAN-9-1-Rh	intbio_reads_NovogeneMay2025	GUAN	Rh	yes	yes	yes	190028	180274	94.87	28504200	26821530	94.10	98.81	99.77	95.98	98.16	64.09	63.85	ok
GUAN-9-1-Ro	intbio_reads_NovogeneMay2025	GUAN	Ro	yes	yes	yes	17722	17044	96.17	2658300	2517135	94.69	98.77	99.71	95.76	97.94	62.61	62.22	ok
HARV-1-1-No	intbio_reads_NovogeneMay2025	HARV	No	yes	yes	yes	8312824	8137834	97.89	1246923600	1213062292	97.28	99.30	99.82	97.45	98.68	58.76	58.70	ok
HARV-1-1-Rh	intbio_reads_NovogeneMay2025	HARV	Rh	yes	yes	yes	7442	7054	94.79	1116300	1045517	93.66	98.35	99.66	94.71	97.61	61.52	61.29	ok
HARV-1-1-Ro	intbio_reads_NovogeneMay2025	HARV	Ro	yes	yes	yes	68774	64450	93.71	10316100	9613982	93.19	99.00	99.79	96.22	98.27	61.17	60.70	ok
HARV-1-2-No	intbio_reads_NovogeneDecember2025	HARV	No	yes	yes	yes	1813504	1745298	96.24	272025600	254791150	93.66	97.70	99.47	93.31	96.94	66.47	66.46	ok
HARV-1-2-Rh	intbio_reads_NovogeneDecember2025	HARV	Rh	yes	yes	yes	11186	10286	91.95	1677900	1507864	89.87	97.25	99.58	92.15	97.01	66.03	65.67	ok
HARV-1-2-Ro	intbio_reads_NovogeneDecember2025	HARV	Ro	yes	yes	yes	425018	407864	95.96	63752700	60119000	94.30	98.29	99.58	94.49	97.29	65.35	65.20	ok
HARV-1-3-No	intbio_reads_NovogeneDecember2025	HARV	No	yes	yes	yes	795380	738470	92.84	119307000	108328112	90.80	97.59	99.54	93.10	97.12	66.83	66.40	ok
HARV-1-3-Rh	intbio_reads_NovogeneDecember2025	HARV	Rh	yes	yes	yes	17230	16270	94.43	2584500	2364284	91.48	96.20	98.88	90.09	95.20	63.19	63.26	ok
HARV-1-3-Ro	intbio_reads_NovogeneDecember2025	HARV	Ro	yes	yes	yes	2303748	2235446	97.04	345562200	330430045	95.62	98.53	99.58	95.04	97.38	63.08	63.05	ok
HARV-2-1-No	intbio_reads_NovogeneMay2025	HARV	No	yes	yes	yes	4689662	4527428	96.54	703449300	672273159	95.57	98.85	99.76	96.23	98.20	67.32	67.22	ok
HARV-2-1-Rh	intbio_reads_NovogeneMay2025	HARV	Rh	yes	yes	yes	105480	101652	96.37	15822000	14782693	93.43	97.55	99.50	93.72	97.60	63.09	62.94	ok
HARV-2-1-Ro	intbio_reads_NovogeneMay2025	HARV	Ro	yes	yes	yes	175934	169584	96.39	26390100	25141295	95.27	98.78	99.72	95.97	98.08	64.31	64.16	ok
HARV-2-2-No	intbio_reads_NovogeneDecember2025	HARV	No	yes	yes	yes	5867426	5376294	91.63	880113900	797648171	90.63	98.16	99.61	93.54	96.94	68.57	68.19	ok
HARV-2-2-Rh	intbio_reads_NovogeneDecember2025	HARV	Rh	yes	yes	yes	164812	159278	96.64	24721800	23514996	95.12	98.30	99.53	94.58	97.22	61.71	61.63	ok
HARV-2-2-Ro	intbio_reads_NovogeneDecember2025	HARV	Ro	yes	yes	yes	20108	18202	90.52	3016200	2672389	88.60	96.45	99.49	90.62	96.68	67.31	67.11	ok
HARV-2-3-No	intbio_reads_NovogeneDecember2025	HARV	No	yes	yes	yes	11617300	11051270	95.13	1742595000	1635316315	93.84	98.37	99.64	94.48	97.32	67.83	67.70	ok
HARV-2-3-Rh	intbio_reads_NovogeneDecember2025	HARV	Rh	yes	yes	yes	152590	140336	91.97	22888500	19995810	87.36	95.53	99.17	89.26	95.97	64.06	63.49	ok
HARV-2-3-Ro	intbio_reads_NovogeneDecember2025	HARV	Ro	yes	yes	yes	38478	35026	91.03	5771700	5050107	87.50	96.96	99.50	92.15	96.84	66.76	65.98	ok
HARV-3-1-No	intbio_reads_NovogeneMay2025	HARV	No	yes	yes	yes	3772270	3695432	97.96	565840500	546156853	96.52	98.69	99.58	95.76	97.71	57.77	57.65	ok
HARV-3-1-Rh	intbio_reads_NovogeneMay2025	HARV	Rh	yes	yes	yes	127066	123862	97.48	19059900	18451579	96.81	99.12	99.73	96.54	97.99	62.97	62.89	ok
HARV-3-1-Ro	intbio_reads_NovogeneMay2025	HARV	Ro	yes	yes	yes	26574	25752	96.91	3986100	3827788	96.03	98.84	99.69	95.87	97.81	62.60	62.51	ok
HARV-4-1-No	intbio_reads_NovogeneMay2025	HARV	No	yes	yes	yes	3107856	3037392	97.73	466178400	454084308	97.41	99.48	99.87	97.81	98.80	58.35	58.28	ok
HARV-4-1-Rh	intbio_reads_NovogeneMay2025	HARV	Rh	yes	yes	yes	455294	444262	97.58	68294100	66289549	97.06	99.22	99.77	96.89	98.23	58.08	57.99	ok
HARV-4-1-Ro	intbio_reads_NovogeneMay2025	HARV	Ro	yes	yes	yes	10464	9690	92.60	1569600	1430755	91.15	97.26	99.56	92.41	97.21	61.40	61.12	ok
HEAL-1-2-No	intbio_reads_NovogeneAugust2025	HEAL	No	yes	yes	yes	4613970	4356932	94.43	692095500	641850958	92.74	97.98	99.51	93.45	96.73	66.94	66.76	ok
HEAL-1-2-Rh	intbio_reads_NovogeneAugust2025	HEAL	Rh	yes	yes	yes	306850	290688	94.73	46027500	43245509	93.96	98.54	99.68	95.14	97.52	64.36	64.12	ok
HEAL-1-2-Ro	intbio_reads_NovogeneAugust2025	HEAL	Ro	yes	yes	yes	30630	29490	96.28	4594500	4377404	95.27	98.77	99.61	95.27	97.21	64.78	64.65	ok
HEAL-10-1-No	intbio_reads_NovogeneDecember2025	HEAL	No	yes	yes	yes	6834006	6488732	94.95	1025100900	957264615	93.38	98.09	99.65	94.21	97.42	67.30	67.15	ok
HEAL-10-1-Rh	intbio_reads_NovogeneDecember2025	HEAL	Rh	yes	yes	yes	343948	329938	95.93	51592200	48796353	94.58	98.37	99.56	94.76	97.35	61.81	61.63	ok
HEAL-10-1-Ro	intbio_reads_NovogeneDecember2025	HEAL	Ro	yes	yes	yes	394144	377494	95.78	59121600	55754571	94.30	98.38	99.68	94.93	97.70	62.66	62.37	ok
HEAL-10-2-No	intbio_reads_NovogeneAugust2025	HEAL	No	yes	yes	yes	7934808	7639588	96.28	1190221200	1135320968	95.39	98.78	99.69	95.91	97.73	67.52	67.38	ok
HEAL-10-2-Rh	intbio_reads_NovogeneMay2025	HEAL	Rh	yes	yes	yes	211882	207218	97.80	31782300	30873010	97.14	99.24	99.80	97.17	98.49	63.52	63.48	ok
HEAL-10-2-Ro	intbio_reads_NovogeneMay2025	HEAL	Ro	yes	yes	yes	6998	6774	96.80	1049700	1006049	95.84	98.85	99.76	96.20	98.19	60.56	60.37	ok
HEAL-11-1-No	intbio_reads_NovogeneMay2025	HEAL	No	yes	yes	yes	20418	19382	94.93	3062700	2798353	91.37	96.95	99.55	92.19	97.48	62.75	62.34	ok
HEAL-11-1-Rh	intbio_reads_NovogeneMay2025	HEAL	Rh	yes	yes	yes	235620	227040	96.36	35343000	33749784	95.49	98.90	99.77	96.42	98.30	63.82	63.67	ok
HEAL-11-1-Ro	intbio_reads_NovogeneMay2025	HEAL	Ro	yes	yes	yes	5006	4698	93.85	750900	690668	91.98	97.61	99.59	93.26	97.38	62.51	62.28	ok
HEAL-12-1-No	intbio_reads_NovogeneMay2025	HEAL	No	yes	yes	yes	11179160	10810148	96.70	1676874000	1597393224	95.26	98.54	99.71	95.67	98.06	67.97	67.89	ok
HEAL-12-1-Rh	intbio_reads_NovogeneMay2025	HEAL	Rh	yes	yes	yes	227400	218826	96.23	34110000	32476678	95.21	98.85	99.79	96.28	98.29	64.47	64.28	ok
HEAL-12-1-Ro	intbio_reads_NovogeneMay2025	HEAL	Ro	yes	yes	yes	2452	2338	95.35	367800	341572	92.87	97.61	99.53	93.21	97.11	65.89	65.75	ok
HEAL-12-2-No	intbio_reads_NovogeneDecember2025	HEAL	No	yes	yes	yes	9678242	9227156	95.34	1451736300	1363333070	93.91	98.17	99.58	94.13	97.16	67.74	67.64	ok
HEAL-12-2-Rh	intbio_reads_NovogeneDecember2025	HEAL	Rh	yes	yes	yes	783358	757530	96.70	117503700	112377867	95.64	98.75	99.65	95.45	97.59	64.96	64.90	ok
HEAL-12-2-Ro	intbio_reads_NovogeneDecember2025	HEAL	Ro	yes	yes	yes	32050	30966	96.62	4807500	4585807	95.39	98.57	99.59	94.87	97.23	58.58	58.43	ok
HEAL-13-1-No	intbio_reads_NovogeneMay2025	HEAL	No	yes	yes	yes	9436418	9100176	96.44	1415462700	1328133277	93.83	97.73	99.50	94.06	97.48	67.01	66.94	ok
HEAL-13-1-Rh	intbio_reads_NovogeneMay2025	HEAL	Rh	yes	yes	yes	218410	209954	96.13	32761500	31249991	95.39	98.97	99.79	96.52	98.34	64.28	64.10	ok
HEAL-13-1-Ro	intbio_reads_NovogeneMay2025	HEAL	Ro	yes	yes	yes	2302	2198	95.48	345300	324460	93.96	98.46	99.66	94.98	97.74	61.80	61.57	ok
HEAL-13-2-No	intbio_reads_NovogeneDecember2025	HEAL	No	yes	yes	yes	8242450	7910328	95.97	1236367500	1168901030	94.54	98.35	99.65	94.62	97.42	68.01	67.96	ok
HEAL-13-2-Rh	intbio_reads_NovogeneDecember2025	HEAL	Rh	yes	yes	yes	993794	945314	95.12	149069100	139823351	93.80	98.32	99.60	94.39	97.28	65.87	65.69	ok
HEAL-13-2-Ro	intbio_reads_NovogeneDecember2025	HEAL	Ro	yes	yes	yes	441940	421262	95.32	66291000	62292461	93.97	98.28	99.66	94.55	97.48	67.47	67.35	ok
HEAL-14-1-No	intbio_reads_NovogeneMay2025	HEAL	No	yes	yes	yes	60134	58242	96.85	9020100	8593663	95.27	98.48	99.65	95.58	98.03	63.31	63.13	ok
HEAL-14-1-Rh	intbio_reads_NovogeneMay2025	HEAL	Rh	yes	yes	yes	335650	324106	96.56	50347500	48124866	95.59	98.87	99.75	96.32	98.24	63.99	63.85	ok
HEAL-14-1-Ro	intbio_reads_NovogeneMay2025	HEAL	Ro	yes	yes	yes	20926	20354	97.27	3138900	3019520	96.20	98.68	99.66	95.62	97.74	62.36	62.31	ok
HEAL-15-1-No	intbio_reads_NovogeneMay2025	HEAL	No	yes	yes	yes	9685578	9365038	96.69	1452836700	1388121556	95.55	98.74	99.75	96.06	98.17	68.05	67.96	ok
HEAL-15-1-Rh	intbio_reads_NovogeneMay2025	HEAL	Rh	yes	yes	yes	267182	257284	96.30	40077300	38248228	95.44	98.97	99.79	96.48	98.32	64.24	64.07	ok
HEAL-15-1-Ro	intbio_reads_NovogeneMay2025	HEAL	Ro	yes	yes	yes	28228	27408	97.10	4234200	4085061	96.48	99.09	99.81	96.80	98.48	60.51	60.36	ok
HEAL-15-2-No	intbio_reads_NovogeneDecember2025	HEAL	No	yes	yes	yes	12862902	12324778	95.82	1929435300	1755432110	90.98	96.42	99.23	90.49	96.10	66.47	66.30	ok
HEAL-15-2-Rh	intbio_reads_NovogeneDecember2025	HEAL	Rh	yes	yes	yes	152900	146108	95.56	22935000	21717085	94.69	98.67	99.65	95.22	97.54	63.66	63.55	ok
HEAL-15-2-Ro	intbio_reads_NovogeneDecember2025	HEAL	Ro	yes	yes	yes	32272	30722	95.20	4840800	4511983	93.21	97.81	99.62	93.75	97.38	64.87	64.70	ok
HEAL-2-1-No	intbio_reads_NovogeneAugust2025	HEAL	No	yes	yes	yes	6776530	6435618	94.97	1016479500	957399564	94.19	98.76	99.62	95.21	97.13	68.18	68.02	ok
HEAL-2-1-Rh	intbio_reads_NovogeneAugust2025	HEAL	Rh	yes	yes	yes	611248	586162	95.90	91687200	87083853	94.98	98.63	99.65	95.21	97.49	63.41	63.34	ok
HEAL-2-1-Ro	intbio_reads_NovogeneAugust2025	HEAL	Ro	yes	yes	yes	63012	61050	96.89	9451800	9066663	95.93	98.86	99.62	95.48	97.28	64.31	64.24	ok
HEAL-3-1-No	intbio_reads_NovogeneAugust2025	HEAL	No	yes	yes	yes	3233036	3085618	95.44	484955400	458669142	94.58	98.85	99.60	95.28	97.00	66.74	66.60	ok
HEAL-3-1-Rh	intbio_reads_NovogeneAugust2025	HEAL	Rh	yes	yes	yes	654604	625490	95.55	98190600	92963763	94.68	98.51	99.64	94.94	97.38	64.91	64.81	ok
HEAL-3-1-Ro	intbio_reads_NovogeneAugust2025	HEAL	Ro	yes	yes	yes	23468	22544	96.06	3520200	3334126	94.71	98.45	99.57	94.83	97.30	63.54	63.38	ok
HEAL-4-1-No	intbio_reads_NovogeneAugust2025	HEAL	No	yes	yes	yes	4871874	4644332	95.33	730781100	690886017	94.54	98.78	99.63	95.33	97.15	67.84	67.69	ok
HEAL-4-1-Rh	intbio_reads_NovogeneAugust2025	HEAL	Rh	yes	yes	yes	426732	408900	95.82	64009800	60811522	95.00	98.57	99.65	95.16	97.46	63.67	63.59	ok
HEAL-4-1-Ro	intbio_reads_NovogeneAugust2025	HEAL	Ro	yes	yes	yes	29580	28614	96.73	4437000	4234878	95.44	98.50	99.57	94.96	97.29	63.67	63.64	ok
HEAL-4-2-No	intbio_reads_NovogeneDecember2025	HEAL	No	yes	yes	yes	6630774	6263156	94.46	994616100	922914248	92.79	98.03	99.63	93.89	97.24	68.20	68.03	ok
HEAL-4-2-Rh	intbio_reads_NovogeneDecember2025	HEAL	Rh	yes	yes	yes	203724	195520	95.97	30558600	29052887	95.07	98.80	99.67	95.44	97.56	64.23	64.14	ok
HEAL-4-2-Ro	intbio_reads_NovogeneDecember2025	HEAL	Ro	yes	yes	yes	170834	165732	97.01	25625100	21954754	85.68	93.24	98.67	83.96	94.41	63.98	63.44	ok
HEAL-4-3-No	intbio_reads_NovogeneDecember2025	HEAL	No	yes	yes	yes	5951008	5672232	95.32	892651200	819562725	91.81	97.11	99.38	91.91	96.57	67.14	66.97	ok
HEAL-4-3-Rh	intbio_reads_NovogeneDecember2025	HEAL	Rh	yes	yes	yes	9252	8416	90.96	1387800	1231846	88.76	96.25	99.49	90.47	97.01	65.09	64.91	ok
HEAL-4-3-Ro	intbio_reads_NovogeneDecember2025	HEAL	Ro	yes	yes	yes	20234	19232	95.05	3035100	2759298	90.91	96.61	99.29	91.04	96.30	64.40	64.14	ok
HEAL-5-1-No	intbio_reads_NovogeneDecember2025	HEAL	No	yes	yes	yes	4934982	4732550	95.90	740247300	698512194	94.36	98.39	99.64	94.55	97.34	67.07	66.99	ok
HEAL-5-1-Rh	intbio_reads_NovogeneDecember2025	HEAL	Rh	yes	yes	yes	141760	135366	95.49	21264000	20130819	94.67	98.80	99.67	95.39	97.51	64.41	64.24	ok
HEAL-5-1-Ro	intbio_reads_NovogeneDecember2025	HEAL	Ro	yes	yes	yes	68196	65264	95.70	10229400	9660843	94.44	98.39	99.68	94.80	97.63	64.67	64.57	ok
HEAL-5-2-No	intbio_reads_NovogeneAugust2025	HEAL	No	yes	yes	yes	3427506	3319778	96.86	514125900	494774677	96.24	99.14	99.70	96.37	97.66	66.54	66.45	ok
HEAL-5-2-Rh	intbio_reads_NovogeneAugust2025	HEAL	Rh	yes	yes	yes	256834	248576	96.78	38525100	36889459	95.75	98.72	99.66	95.46	97.59	63.90	63.84	ok
HEAL-5-2-Ro	intbio_reads_NovogeneAugust2025	HEAL	Ro	yes	yes	yes	14436	13380	92.68	2165400	1983191	91.59	98.14	99.55	93.71	96.89	65.00	64.52	ok
HEAL-6-1-No	intbio_reads_NovogeneAugust2025	HEAL	No	yes	yes	yes	5768	5450	94.49	865200	791374	91.47	96.85	99.36	91.45	96.62	61.58	61.22	ok
HEAL-6-1-Rh	intbio_reads_NovogeneAugust2025	HEAL	Rh	yes	yes	yes	871034	839628	96.39	130655100	124325684	95.16	98.47	99.58	94.74	97.14	64.97	64.88	ok
HEAL-6-1-Ro	intbio_reads_NovogeneAugust2025	HEAL	Ro	yes	yes	yes	31354	30360	96.83	4703100	4503359	95.75	98.77	99.63	95.50	97.45	63.22	63.16	ok
HEAL-7-1-No	intbio_reads_NovogeneAugust2025	HEAL	No	yes	yes	yes	6795398	6326738	93.10	1019309700	934918269	91.72	97.95	99.55	93.49	96.88	68.10	67.76	ok
HEAL-7-1-Rh	intbio_reads_NovogeneAugust2025	HEAL	Rh	yes	yes	yes	557822	534508	95.82	83673300	79294099	94.77	98.57	99.62	94.91	97.28	65.11	64.97	ok
HEAL-7-1-Ro	intbio_reads_NovogeneAugust2025	HEAL	Ro	yes	yes	yes	33536	32298	96.31	5030400	4766568	94.76	98.15	99.51	94.05	96.89	61.15	61.05	ok
HEAL-8-1-No	intbio_reads_NovogeneAugust2025	HEAL	No	yes	yes	yes	5465878	5095180	93.22	819881700	757677139	92.41	98.55	99.56	94.37	96.68	68.36	68.08	ok
HEAL-8-1-Rh	intbio_reads_NovogeneAugust2025	HEAL	Rh	yes	yes	yes	269768	258770	95.92	40465200	38503576	95.15	98.70	99.67	95.40	97.57	63.92	63.84	ok
HEAL-8-1-Ro	intbio_reads_NovogeneAugust2025	HEAL	Ro	yes	yes	yes	71438	67808	94.92	10715700	10083094	94.10	98.65	99.65	95.07	97.38	62.76	62.52	ok
HEAL-9-1-No	intbio_reads_NovogeneAugust2025	HEAL	No	yes	yes	yes	3735114	3599254	96.36	560267100	536375894	95.74	99.05	99.68	96.16	97.57	66.05	65.90	ok
HEAL-9-1-Rh	intbio_reads_NovogeneMay2025	HEAL	Rh	yes	yes	yes	241360	235628	97.63	36204000	35083043	96.90	99.17	99.78	96.96	98.38	64.41	64.36	ok
HEAL-9-1-Ro	intbio_reads_NovogeneMay2025	HEAL	Ro	yes	yes	yes	126978	123060	96.91	19046700	18277116	95.96	99.00	99.76	96.51	98.26	64.24	64.10	ok
HEAL-9-2-No	intbio_reads_NovogeneDecember2025	HEAL	No	yes	yes	yes	7249644	6912858	95.35	1087446600	1022437156	94.02	98.34	99.65	94.47	97.34	68.00	67.90	ok
HEAL-9-2-Rh	intbio_reads_NovogeneDecember2025	HEAL	Rh	yes	yes	yes	166974	156312	93.61	25046100	23133783	92.36	97.81	99.60	93.39	97.31	65.17	64.99	ok
HEAL-9-2-Ro	intbio_reads_NovogeneDecember2025	HEAL	Ro	yes	yes	yes	119712	113240	94.59	17956800	16695890	92.98	97.95	99.64	93.94	97.50	64.26	64.06	ok
JERC-1-2-No	intbio_reads_NovogeneMay2025	JERC	No	yes	yes	yes	30185998	29343434	97.21	4527899700	4322152196	95.46	98.33	99.53	94.83	97.38	61.26	61.17	ok
JERC-1-2-Rh	intbio_reads_NovogeneMay2025	JERC	Rh	yes	yes	yes	177608	168792	95.04	26641200	24960937	93.69	98.10	99.56	94.17	97.22	62.12	61.91	ok
JERC-1-2-Ro	intbio_reads_NovogeneMay2025	JERC	Ro	yes	yes	yes	47544	44556	93.72	7131600	6640645	93.12	98.71	99.64	95.02	97.36	62.61	62.48	ok
JERC-10-3-No	intbio_reads_NovogeneMay2025	JERC	No	yes	yes	yes	2699652	2548272	94.39	404947800	377682910	93.27	98.42	99.56	94.38	97.05	66.46	66.14	ok
JERC-10-3-Rh	intbio_reads_NovogeneMay2025	JERC	Rh	yes	yes	yes	47016	44534	94.72	7052400	6587899	93.41	98.27	99.54	94.04	96.95	63.61	63.37	ok
JERC-100-1-No	intbio_reads_NovogeneAugust2025	JERC	No	yes	yes	yes	104948	103188	98.32	15742200	15429491	98.01	99.47	99.79	97.57	98.36	59.42	59.39	ok
JERC-100-1-Rh	intbio_reads_NovogeneAugust2025	JERC	Rh	yes	yes	yes	882936	831894	94.22	132440400	124218158	93.79	99.05	99.67	95.75	97.42	63.31	63.06	ok
JERC-100-1-Ro	intbio_reads_NovogeneAugust2025	JERC	Ro	yes	yes	yes	47886	45598	95.22	7182900	6805964	94.75	99.08	99.71	96.11	97.67	63.65	63.51	ok
JERC-102-1-No	intbio_reads_NovogeneAugust2025	JERC	No	yes	yes	yes	5436574	5250752	96.58	815486100	784356079	96.18	99.23	99.74	96.72	97.95	64.88	64.74	ok
JERC-102-1-Rh	intbio_reads_NovogeneAugust2025	JERC	Rh	yes	yes	yes	382778	369948	96.65	57416700	55251498	96.23	99.37	99.78	97.12	98.14	59.16	59.05	ok
JERC-102-1-Ro	intbio_reads_NovogeneAugust2025	JERC	Ro	yes	yes	yes	39618	38218	96.47	5942700	5705304	96.01	99.16	99.71	96.42	97.76	63.19	63.07	ok
JERC-106-1-No	intbio_reads_NovogeneAugust2025	JERC	No	yes	yes	yes	9686250	9527540	98.36	1452937500	1425987200	98.15	99.60	99.83	97.91	98.52	58.62	58.58	ok
JERC-106-1-Rh	intbio_reads_NovogeneAugust2025	JERC	Rh	yes	yes	yes	792188	766292	96.73	118828200	114427759	96.30	99.31	99.75	96.91	98.03	61.62	61.48	ok
JERC-107-1-No	intbio_reads_NovogeneMay2025	JERC	No	yes	yes	yes	5808188	5701798	98.17	871228200	851391478	97.72	99.44	99.83	97.72	98.71	58.60	58.57	ok
JERC-107-1-Rh	intbio_reads_NovogeneMay2025	JERC	Rh	yes	yes	yes	418994	410096	97.88	62849100	61212382	97.40	99.36	99.83	97.47	98.62	64.34	64.29	ok
JERC-107-1-Ro	intbio_reads_NovogeneMay2025	JERC	Ro	yes	yes	yes	441226	428276	97.06	66183900	63907852	96.56	99.31	99.83	97.28	98.58	64.85	64.76	ok
JERC-109-1-No	intbio_reads_NovogeneAugust2025	JERC	No	yes	yes	yes	7918588	7790506	98.38	1187788200	1163838819	97.98	99.47	99.80	97.72	98.48	58.42	58.37	ok
JERC-109-1-Rh	intbio_reads_NovogeneAugust2025	JERC	Rh	yes	yes	yes	535416	517790	96.71	80312400	77347772	96.31	99.30	99.75	96.88	98.01	61.06	60.94	ok
JERC-11-1-No	intbio_reads_NovogeneMay2025	JERC	No	yes	yes	yes	27812812	25642002	92.19	4171921800	3804486353	91.19	98.33	99.55	94.07	96.96	66.62	66.04	ok
JERC-11-1-Rh	intbio_reads_NovogeneMay2025	JERC	Rh	yes	yes	yes	46746	43178	92.37	7011900	6409605	91.41	98.38	99.54	94.12	96.92	66.05	65.46	ok
JERC-11-1-Ro	intbio_reads_NovogeneMay2025	JERC	Ro	yes	yes	yes	47992	45410	94.62	7198800	6753666	93.82	98.62	99.64	94.99	97.45	63.25	62.91	ok
JERC-110-4-No	intbio_reads_NovogeneMay2025	JERC	No	yes	yes	yes	12855374	12585502	97.90	1928306100	1868125085	96.88	98.99	99.72	96.68	98.30	58.13	58.07	ok
JERC-110-4-Rh	intbio_reads_NovogeneMay2025	JERC	Rh	yes	yes	yes	473558	459860	97.11	71033700	68419619	96.32	99.09	99.80	96.79	98.40	64.06	63.95	ok
JERC-110-4-Ro	intbio_reads_NovogeneMay2025	JERC	Ro	yes	yes	yes	54162	51594	95.26	8124300	7685153	94.59	98.74	99.78	95.87	98.31	63.52	63.47	ok
JERC-111-3-No	intbio_reads_NovogeneAugust2025	JERC	No	yes	yes	yes	746970	712442	95.38	112045500	105813289	94.44	98.57	99.63	94.96	97.32	62.06	61.90	ok
JERC-111-3-Rh	intbio_reads_NovogeneAugust2025	JERC	Rh	yes	yes	yes	876984	832268	94.90	131547600	123695000	94.03	98.61	99.61	94.75	97.11	63.64	63.44	ok
JERC-112-1-No	intbio_reads_NovogeneAugust2025	JERC	No	yes	yes	yes	26212	24872	94.89	3931800	3672624	93.41	98.20	99.56	94.17	97.07	63.12	62.84	ok
JERC-112-1-Rh	intbio_reads_NovogeneAugust2025	JERC	Rh	yes	yes	yes	325828	300940	92.36	48874200	44720401	91.50	98.33	99.57	93.92	96.92	64.00	63.60	ok
JERC-113-3-No	intbio_reads_NovogeneAugust2025	JERC	No	yes	yes	yes	3237476	3132646	96.76	485621400	465796880	95.92	98.86	99.66	95.71	97.60	58.28	58.19	ok
JERC-113-3-Rh	intbio_reads_NovogeneAugust2025	JERC	Rh	yes	yes	yes	561188	531378	94.69	84178200	78847452	93.67	98.39	99.60	94.45	97.08	64.29	64.13	ok
JERC-114-3-No	intbio_reads_NovogeneAugust2025	JERC	No	yes	yes	yes	2041204	1964484	96.24	306180600	289692024	94.61	98.36	99.62	94.78	97.48	57.98	57.75	ok
JERC-114-3-Rh	intbio_reads_NovogeneAugust2025	JERC	Rh	yes	yes	yes	806372	766644	95.07	120955800	113854410	94.13	98.58	99.59	94.63	97.01	63.75	63.60	ok
JERC-119-No	intbio_reads_NovogeneMay2025	JERC	No	yes	yes	yes	1158008	1129834	97.57	173701200	167850688	96.63	98.92	99.66	96.17	97.85	58.53	58.44	ok
JERC-119-Rh	intbio_reads_NovogeneMay2025	JERC	Rh	yes	yes	yes	1180540	1127700	95.52	177081000	167470258	94.57	98.57	99.67	95.38	97.74	62.90	62.66	ok
JERC-119-Ro	intbio_reads_NovogeneMay2025	JERC	Ro	yes	yes	yes	423036	407778	96.39	63455400	60446947	95.26	98.49	99.61	95.32	97.65	62.37	62.22	ok
JERC-12-1-No	intbio_reads_NovogeneMay2025	JERC	No	yes	yes	yes	7462750	7005338	93.87	1119412500	1040809826	92.98	98.46	99.57	94.36	97.04	66.86	66.55	ok
JERC-12-1-Rh	intbio_reads_NovogeneMay2025	JERC	Rh	yes	yes	yes	73092	69878	95.60	10963800	10351677	94.42	98.33	99.54	94.36	97.04	64.48	64.40	ok
JERC-12-1-Ro	intbio_reads_NovogeneMay2025	JERC	Ro	yes	yes	yes	9802	8930	91.10	1470300	1309894	89.09	97.21	99.27	91.09	95.63	63.25	63.09	ok
JERC-120-No	intbio_reads_NovogeneMay2025	JERC	No	yes	yes	yes	1883476	1835280	97.44	282521400	273427237	96.78	99.12	99.71	96.53	97.98	57.99	57.90	ok
JERC-120-Rh	intbio_reads_NovogeneMay2025	JERC	Rh	yes	yes	yes	44254	42842	96.81	6638100	6373611	96.02	98.95	99.70	96.04	97.81	62.29	62.16	ok
JERC-120-Ro	intbio_reads_NovogeneMay2025	JERC	Ro	yes	yes	yes	71120	68368	96.13	10668000	10180597	95.43	98.91	99.70	95.91	97.83	63.13	62.96	ok
JERC-121-No	intbio_reads_NovogeneMay2025	JERC	No	yes	yes	yes	182824	173216	94.74	27423600	25743021	93.87	98.45	99.64	95.14	97.62	62.40	62.11	ok
JERC-121-Rh	intbio_reads_NovogeneMay2025	JERC	Rh	yes	yes	yes	45907702	45007430	98.04	6886155300	6700271268	97.30	99.20	99.79	97.27	98.59	56.39	56.34	ok
JERC-121-Ro	intbio_reads_NovogeneMay2025	JERC	Ro	yes	yes	yes	192988	187498	97.16	28948200	27926387	96.47	99.03	99.71	96.28	97.91	61.86	61.79	ok
JERC-122-No	intbio_reads_NovogeneMay2025	JERC	No	yes	yes	yes	4287920	4181608	97.52	643188000	623503427	96.94	99.19	99.74	96.70	98.06	58.25	58.17	ok
JERC-122-Rh	intbio_reads_NovogeneMay2025	JERC	Rh	yes	yes	yes	44400	43362	97.66	6660000	6463531	97.05	99.16	99.76	96.67	98.15	61.60	61.54	ok
JERC-122-Ro	intbio_reads_NovogeneMay2025	JERC	Ro	yes	yes	yes	111368	106132	95.30	16705200	15812187	94.65	98.81	99.70	95.55	97.72	63.46	63.21	ok
JERC-123-No	intbio_reads_NovogeneMay2025	JERC	No	yes	yes	yes	2724932	2662618	97.71	408739800	397332613	97.21	99.26	99.75	96.86	98.12	58.33	58.28	ok
JERC-123-Rh	intbio_reads_NovogeneMay2025	JERC	Rh	yes	yes	yes	34612	32940	95.17	5191800	4902238	94.42	98.86	99.70	95.83	97.82	62.41	62.35	ok
JERC-123-Ro	intbio_reads_NovogeneMay2025	JERC	Ro	yes	yes	yes	522712	511008	97.76	78406800	75836460	96.72	98.94	99.64	96.17	97.81	58.75	58.63	ok
JERC-124-2-No	intbio_reads_NovogeneMay2025	JERC	No	yes	yes	yes	610210	594246	97.38	91531500	87365327	95.45	98.23	99.60	95.16	97.70	59.75	59.67	ok
JERC-124-2-Rh	intbio_reads_NovogeneMay2025	JERC	Rh	yes	yes	yes	239966	233550	97.33	35994900	34696519	96.39	98.93	99.71	96.17	97.92	64.29	64.23	ok
JERC-124-2-Ro	intbio_reads_NovogeneMay2025	JERC	Ro	yes	yes	yes	206190	199824	96.91	30928500	29775355	96.27	99.05	99.71	96.20	97.81	64.60	64.52	ok
JERC-126-4-No	intbio_reads_NovogeneMay2025	JERC	No	yes	yes	yes	2992806	2926116	97.77	448920900	434155313	96.71	98.93	99.67	96.20	97.86	58.25	58.16	ok
JERC-126-4-Rh	intbio_reads_NovogeneMay2025	JERC	Rh	yes	yes	yes	67464	65926	97.72	10119600	9739618	96.25	98.57	99.66	95.56	97.74	64.41	64.40	ok
JERC-126-4-Ro	intbio_reads_NovogeneMay2025	JERC	Ro	yes	yes	yes	17142	16534	96.45	2571300	2438787	94.85	98.22	99.65	94.73	97.65	62.64	62.57	ok
JERC-127-2-No	intbio_reads_NovogeneMay2025	JERC	No	yes	yes	yes	4175200	4084858	97.84	626280000	604673339	96.55	98.75	99.62	95.93	97.82	57.67	57.58	ok
JERC-127-2-Rh	intbio_reads_NovogeneMay2025	JERC	Rh	yes	yes	yes	781080	762648	97.64	117162000	113498813	96.87	99.09	99.72	96.52	98.00	58.94	58.86	ok
JERC-127-2-Ro	intbio_reads_NovogeneMay2025	JERC	Ro	yes	yes	yes	192840	187398	97.18	28926000	27842556	96.25	98.91	99.67	96.05	97.78	62.62	62.52	ok
JERC-128-2-No	intbio_reads_NovogeneMay2025	JERC	No	yes	yes	yes	2819510	2728924	96.79	422926500	405239279	95.82	98.89	99.68	95.98	97.83	58.19	58.05	ok
JERC-128-2-Rh	intbio_reads_NovogeneMay2025	JERC	Rh	yes	yes	yes	209484	203186	96.99	31422600	30192001	96.08	98.91	99.69	96.02	97.80	63.89	63.80	ok
JERC-128-2-Ro	intbio_reads_NovogeneMay2025	JERC	Ro	yes	yes	yes	221782	216354	97.55	33267300	32041313	96.31	98.75	99.66	95.85	97.80	60.79	60.70	ok
JERC-129-4-No	intbio_reads_NovogeneAugust2025	JERC	No	yes	yes	yes	477270	453100	94.94	71590500	67315067	94.03	98.45	99.65	94.83	97.36	63.71	63.53	ok
JERC-129-4-Rh	intbio_reads_NovogeneAugust2025	JERC	Rh	yes	yes	yes	611986	587838	96.05	91797900	86981802	94.75	98.50	99.64	94.99	97.45	63.27	63.10	ok
JERC-129-4-Ro	intbio_reads_NovogeneAugust2025	JERC	Ro	yes	yes	yes	37404	36178	96.72	5610600	5381383	95.91	98.87	99.67	95.77	97.67	59.94	59.84	ok
JERC-13-3-No	intbio_reads_NovogeneMay2025	JERC	No	yes	yes	yes	4598	4256	92.56	689700	629547	91.28	97.53	99.51	92.38	96.70	63.18	62.90	ok
JERC-13-3-Rh	intbio_reads_NovogeneMay2025	JERC	Rh	yes	yes	yes	35592	31024	87.17	5338800	4564157	85.49	94.82	99.52	89.44	97.04	61.94	61.28	ok
JERC-13-3-Ro	intbio_reads_NovogeneMay2025	JERC	Ro	yes	yes	yes	1014612	983980	96.98	152191800	147003844	96.59	99.25	99.76	96.72	98.02	59.47	59.33	ok
JERC-131-No	intbio_reads_NovogeneAugust2025	JERC	No	yes	yes	yes	3074968	2970544	96.60	461245200	441497950	95.72	98.80	99.66	95.59	97.61	60.85	60.77	ok
JERC-131-Rh	intbio_reads_NovogeneAugust2025	JERC	Rh	yes	yes	yes	255934	241326	94.29	38390100	35866791	93.43	98.52	99.62	94.69	97.28	63.95	63.79	ok
JERC-131-Ro	intbio_reads_NovogeneAugust2025	JERC	Ro	yes	yes	yes	349772	333810	95.44	52465800	49698868	94.73	98.78	99.67	95.39	97.52	63.68	63.48	ok
JERC-132-3-No	intbio_reads_NovogeneAugust2025	JERC	No	yes	yes	yes	5756	5242	91.07	863400	777082	90.00	97.37	99.61	92.38	97.21	59.58	59.21	ok
JERC-132-3-Rh	intbio_reads_NovogeneAugust2025	JERC	Rh	yes	yes	yes	240556	228616	95.04	36083400	34071886	94.43	98.84	99.66	95.40	97.42	64.04	63.84	ok
JERC-132-3-Ro	intbio_reads_NovogeneAugust2025	JERC	Ro	yes	yes	yes	57220	54044	94.45	8583000	8044541	93.73	98.61	99.64	94.93	97.35	62.41	62.12	ok
JERC-134-3-No	intbio_reads_NovogeneAugust2025	JERC	No	yes	yes	yes	9324	8856	94.98	1398600	1313580	93.92	98.13	99.64	94.18	97.39	62.16	62.05	ok
JERC-134-3-Rh	intbio_reads_NovogeneAugust2025	JERC	Rh	yes	yes	yes	394082	378552	96.06	59112300	56091846	94.89	98.58	99.63	95.07	97.39	63.45	63.32	ok
JERC-134-3-Ro	intbio_reads_NovogeneAugust2025	JERC	Ro	yes	yes	yes	21138	20344	96.24	3170700	3034059	95.69	99.03	99.69	96.14	97.63	60.38	60.25	ok
JERC-135-3-No	intbio_reads_NovogeneAugust2025	JERC	No	yes	yes	yes	1571738	1498348	95.33	235760700	223545598	94.82	98.94	99.69	95.72	97.59	58.68	58.46	ok
JERC-135-3-Rh	intbio_reads_NovogeneAugust2025	JERC	Rh	yes	yes	yes	465570	443502	95.26	69835500	65879190	94.33	98.64	99.64	95.06	97.39	63.59	63.40	ok
JERC-135-3-Ro	intbio_reads_NovogeneAugust2025	JERC	Ro	yes	yes	yes	4306	4136	96.05	645900	614594	95.15	98.55	99.68	95.07	97.66	60.81	60.69	ok
JERC-136-No	intbio_reads_NovogeneAugust2025	JERC	No	yes	yes	yes	50826	48876	96.16	7623900	7263373	95.27	98.69	99.61	95.02	97.20	62.67	62.59	ok
JERC-136-Rh	intbio_reads_NovogeneAugust2025	JERC	Rh	yes	yes	yes	200668	186792	93.09	30100200	27767240	92.25	98.29	99.63	94.42	97.35	63.23	62.91	ok
JERC-136-Ro	intbio_reads_NovogeneAugust2025	JERC	Ro	yes	yes	yes	29134	27342	93.85	4370100	4072894	93.20	98.66	99.66	94.97	97.46	62.71	62.40	ok
JERC-138-Rh	intbio_reads_NovogeneMay2025	JERC	Rh	yes	yes	yes	172794	166450	96.33	25919100	24721705	95.38	98.61	99.67	95.64	97.81	63.91	63.84	ok
JERC-138-Ro	intbio_reads_NovogeneMay2025	JERC	Ro	yes	yes	yes	19698	18974	96.32	2954700	2812845	95.20	98.56	99.67	95.28	97.69	63.72	63.64	ok
JERC-139-5-No	intbio_reads_NovogeneAugust2025	JERC	No	yes	yes	yes	42058	40220	95.63	6308700	5986391	94.89	98.85	99.66	95.54	97.52	61.92	61.70	ok
JERC-139-5-Rh	intbio_reads_NovogeneAugust2025	JERC	Rh	yes	yes	yes	88568	83900	94.73	13285200	12503955	94.12	98.42	99.65	94.92	97.45	64.39	64.24	ok
JERC-139-5-Ro	intbio_reads_NovogeneAugust2025	JERC	Ro	yes	yes	yes	46896	44718	95.36	7034400	6648849	94.52	98.67	99.68	95.37	97.60	62.68	62.47	ok
JERC-14-5-No	intbio_reads_NovogeneMay2025	JERC	No	yes	yes	yes	27332	25918	94.83	4099800	3831525	93.46	97.98	99.57	93.83	97.20	64.73	64.76	ok
JERC-14-5-Rh	intbio_reads_NovogeneMay2025	JERC	Rh	yes	yes	yes	103688	100940	97.35	15553200	14997575	96.43	98.92	99.66	95.92	97.59	63.22	63.19	ok
JERC-14-5-Ro	intbio_reads_NovogeneMay2025	JERC	Ro	yes	yes	yes	5922	5732	96.79	888300	851020	95.80	98.53	99.49	94.93	97.06	64.36	64.40	ok
JERC-140-No	intbio_reads_NovogeneAugust2025	JERC	No	yes	yes	yes	179726	176566	98.24	26958900	26374513	97.83	99.43	99.78	97.51	98.35	63.13	63.09	ok
JERC-140-Rh	intbio_reads_NovogeneAugust2025	JERC	Rh	yes	yes	yes	410984	386630	94.07	61647600	57782188	93.73	99.05	99.68	95.77	97.47	64.57	64.21	ok
JERC-140-Ro	intbio_reads_NovogeneAugust2025	JERC	Ro	yes	yes	yes	475062	450826	94.90	71259300	67339963	94.50	99.15	99.71	96.18	97.69	64.54	64.37	ok
JERC-141-No	intbio_reads_NovogeneAugust2025	JERC	No	yes	yes	yes	320010	314622	98.32	48001500	46993536	97.90	99.48	99.78	97.61	98.37	58.88	58.81	ok
JERC-141-Rh	intbio_reads_NovogeneAugust2025	JERC	Rh	yes	yes	yes	489376	465260	95.07	73406400	69467955	94.63	99.11	99.70	96.12	97.67	62.48	62.24	ok
JERC-141-Ro	intbio_reads_NovogeneAugust2025	JERC	Ro	yes	yes	yes	4998	4780	95.64	749700	711323	94.88	98.89	99.62	95.62	97.31	60.52	60.41	ok
JERC-142-No	intbio_reads_NovogeneAugust2025	JERC	No	yes	yes	yes	22916	22094	96.41	3437400	3299052	95.98	99.22	99.70	96.50	97.73	63.19	63.12	ok
JERC-142-Rh	intbio_reads_NovogeneAugust2025	JERC	Rh	yes	yes	yes	244594	230630	94.29	36689100	34393386	93.74	99.01	99.67	95.78	97.50	64.35	64.15	ok
JERC-143-No	intbio_reads_NovogeneAugust2025	JERC	No	yes	yes	yes	5584114	5471826	97.99	837617100	817109099	97.55	99.40	99.79	97.47	98.36	58.84	58.77	ok
JERC-143-Rh	intbio_reads_NovogeneAugust2025	JERC	Rh	yes	yes	yes	14288	14016	98.10	2143200	2080473	97.07	99.05	99.78	96.85	98.33	60.08	59.99	ok
JERC-143-Ro	intbio_reads_NovogeneAugust2025	JERC	Ro	yes	yes	yes	43718	42162	96.44	6557700	6282509	95.80	98.97	99.75	96.41	98.12	61.50	61.39	ok
JERC-144-No	intbio_reads_NovogeneMay2025	JERC	No	yes	yes	yes	374246	365446	97.65	56136900	54337130	96.79	99.03	99.67	96.32	97.85	59.29	59.20	ok
JERC-144-Rh	intbio_reads_NovogeneMay2025	JERC	Rh	yes	yes	yes	84388	81998	97.17	12658200	12176836	96.20	98.89	99.66	96.01	97.76	62.55	62.44	ok
JERC-144-Ro	intbio_reads_NovogeneMay2025	JERC	Ro	yes	yes	yes	23674	22984	97.09	3551100	3380068	95.18	98.44	99.59	94.99	97.52	62.12	61.94	ok
JERC-145-1-No	intbio_reads_NovogeneMay2025	JERC	No	yes	yes	yes	668402	648942	97.09	100260300	96026240	95.78	98.59	99.61	95.50	97.66	62.41	62.31	ok
JERC-145-1-Rh	intbio_reads_NovogeneMay2025	JERC	Rh	yes	yes	yes	620640	604298	97.37	93096000	89565449	96.21	98.74	99.62	95.75	97.70	63.66	63.62	ok
JERC-145-1-Ro	intbio_reads_NovogeneMay2025	JERC	Ro	yes	yes	yes	34684	33554	96.74	5202600	4979551	95.71	98.71	99.62	95.52	97.57	63.41	63.28	ok
JERC-146-Rh	intbio_reads_NovogeneMay2025	JERC	Rh	yes	yes	yes	328152	316424	96.43	49222800	46739308	94.95	98.20	99.61	94.98	97.63	63.77	63.65	ok
JERC-146-Ro	intbio_reads_NovogeneMay2025	JERC	Ro	yes	yes	yes	9876	9570	96.90	1481400	1421029	95.92	98.72	99.66	95.56	97.65	62.35	62.31	ok
JERC-147-Rh	intbio_reads_NovogeneAugust2025	JERC	Rh	yes	yes	yes	6446	6200	96.18	966900	923178	95.48	98.91	99.65	95.61	97.39	60.39	60.33	ok
JERC-147-Ro	intbio_reads_NovogeneAugust2025	JERC	Ro	yes	yes	yes	159980	151308	94.58	23997000	22563565	94.03	99.04	99.69	95.87	97.58	65.00	64.80	ok
JERC-148-No	intbio_reads_NovogeneAugust2025	JERC	No	yes	yes	yes	953528	917032	96.17	143029200	136780488	95.63	99.15	99.72	96.52	97.91	60.63	60.46	ok
JERC-148-Rh	intbio_reads_NovogeneAugust2025	JERC	Rh	yes	yes	yes	416252	387722	93.15	62437800	57879061	92.70	98.92	99.66	95.41	97.41	63.93	63.62	ok
JERC-148-Ro	intbio_reads_NovogeneAugust2025	JERC	Ro	yes	yes	yes	112710	110136	97.72	16906500	16446926	97.28	99.31	99.79	97.26	98.34	57.83	57.73	ok
JERC-149-No	intbio_reads_NovogeneAugust2025	JERC	No	yes	yes	yes	455334	444960	97.72	68300100	66358577	97.16	99.24	99.75	97.15	98.25	60.37	60.29	ok
JERC-149-Rh	intbio_reads_NovogeneAugust2025	JERC	Rh	yes	yes	yes	700072	661988	94.56	105010800	98672356	93.96	99.01	99.67	95.69	97.40	63.34	63.18	ok
JERC-149-Ro	intbio_reads_NovogeneAugust2025	JERC	Ro	yes	yes	yes	52402	50918	97.17	7860300	7600833	96.70	99.22	99.76	96.89	98.12	60.84	60.74	ok
JERC-150-No	intbio_reads_NovogeneAugust2025	JERC	No	yes	yes	yes	1320818	1263630	95.67	198122700	189021484	95.41	99.23	99.75	96.71	98.00	58.20	57.93	ok
JERC-150-Rh	intbio_reads_NovogeneAugust2025	JERC	Rh	yes	yes	yes	263652	248452	94.23	39547800	37100259	93.81	99.11	99.69	95.99	97.59	63.79	63.53	ok
JERC-150-Ro	intbio_reads_NovogeneAugust2025	JERC	Ro	yes	yes	yes	198126	188998	95.39	29718900	28219728	94.96	99.15	99.70	96.19	97.60	63.90	63.77	ok
JERC-151-No	intbio_reads_NovogeneAugust2025	JERC	No	yes	yes	yes	179138	174146	97.21	26870700	26016748	96.82	99.33	99.74	96.98	98.00	61.50	61.42	ok
JERC-151-Rh	intbio_reads_NovogeneAugust2025	JERC	Rh	yes	yes	yes	272564	262952	96.47	40884600	39276530	96.07	99.27	99.74	96.82	97.99	63.82	63.74	ok
JERC-151-Ro	intbio_reads_NovogeneAugust2025	JERC	Ro	yes	yes	yes	19428	18988	97.74	2914200	2829094	97.08	99.27	99.73	96.94	98.03	59.64	59.53	ok
JERC-152-No	intbio_reads_NovogeneAugust2025	JERC	No	yes	yes	yes	85126	83186	97.72	12768900	12421142	97.28	99.34	99.77	97.27	98.28	62.18	62.10	ok
JERC-152-Rh	intbio_reads_NovogeneAugust2025	JERC	Rh	yes	yes	yes	248090	236920	95.50	37213500	35348511	94.99	99.02	99.70	96.16	97.74	64.11	64.00	ok
JERC-152-Ro	intbio_reads_NovogeneAugust2025	JERC	Ro	yes	yes	yes	431214	401440	93.10	64682100	59708030	92.31	98.72	99.62	94.92	97.13	64.41	64.21	ok
JERC-153-No	intbio_reads_NovogeneAugust2025	JERC	No	yes	yes	yes	5274742	5167292	97.96	791211300	773457093	97.76	99.56	99.81	97.64	98.31	57.51	57.45	ok
JERC-153-Rh	intbio_reads_NovogeneAugust2025	JERC	Rh	yes	yes	yes	874134	805798	92.18	131120100	119971277	91.50	98.70	99.61	94.70	97.04	63.93	63.65	ok
JERC-154-No	intbio_reads_NovogeneMay2025	JERC	No	yes	yes	yes	270520	260096	96.15	40578000	38656739	95.27	98.79	99.67	95.58	97.63	64.02	63.86	ok
JERC-154-Rh	intbio_reads_NovogeneMay2025	JERC	Rh	yes	yes	yes	361120	346462	95.94	54168000	51514018	95.10	98.83	99.68	95.61	97.61	63.76	63.59	ok
JERC-154-Ro	intbio_reads_NovogeneMay2025	JERC	Ro	yes	yes	yes	263332	253206	96.15	39499800	37638698	95.29	98.79	99.69	95.70	97.73	63.57	63.41	ok
JERC-155-No	intbio_reads_NovogeneMay2025	JERC	No	yes	yes	yes	425870	406122	95.36	63880500	60132853	94.13	98.41	99.67	95.06	97.66	63.75	63.53	ok
JERC-155-Rh	intbio_reads_NovogeneMay2025	JERC	Rh	yes	yes	yes	1455688	1416232	97.29	218353200	210298832	96.31	98.87	99.64	95.89	97.68	63.54	63.44	ok
JERC-155-Ro	intbio_reads_NovogeneMay2025	JERC	Ro	yes	yes	yes	32352	31112	96.17	4852800	4622222	95.25	98.80	99.66	95.60	97.62	63.87	63.69	ok
JERC-156-No	intbio_reads_NovogeneMay2025	JERC	No	yes	yes	yes	1399930	1364980	97.50	209989500	203510397	96.91	99.17	99.74	96.73	98.11	57.49	57.41	ok
JERC-156-Rh	intbio_reads_NovogeneMay2025	JERC	Rh	yes	yes	yes	573086	555710	96.97	85962900	81683993	95.02	98.27	99.55	94.74	97.51	63.91	63.78	ok
JERC-156-Ro	intbio_reads_NovogeneMay2025	JERC	Ro	yes	yes	yes	23926	22988	96.08	3588900	3413445	95.11	98.62	99.67	95.46	97.69	62.59	62.47	ok
JERC-157-2-No	intbio_reads_NovogeneMay2025	JERC	No	yes	yes	yes	3687222	3599116	97.61	553083300	529370261	95.71	98.36	99.55	95.05	97.49	57.54	57.39	ok
JERC-157-2-Rh	intbio_reads_NovogeneMay2025	JERC	Rh	yes	yes	yes	397234	383076	96.44	59585100	56872845	95.45	98.71	99.67	95.57	97.68	63.78	63.66	ok
JERC-157-2-Ro	intbio_reads_NovogeneMay2025	JERC	Ro	yes	yes	yes	40380	39216	97.12	6057000	5821093	96.11	98.82	99.68	95.96	97.84	59.62	59.50	ok
JERC-158-No	intbio_reads_NovogeneMay2025	JERC	No	yes	yes	yes	1008606	978152	96.98	151290900	145344890	96.07	98.92	99.69	96.00	97.80	63.65	63.56	ok
JERC-158-Rh	intbio_reads_NovogeneMay2025	JERC	Rh	yes	yes	yes	384268	368266	95.84	57640200	54752604	94.99	98.77	99.68	95.57	97.65	63.58	63.39	ok
JERC-158-Ro	intbio_reads_NovogeneMay2025	JERC	Ro	yes	yes	yes	44268	42426	95.84	6640200	6278516	94.55	98.48	99.67	95.22	97.70	62.62	62.38	ok
JERC-159-2-No	intbio_reads_NovogeneMay2025	JERC	No	yes	yes	yes	112088	103024	91.91	16813200	15062984	89.59	96.18	99.56	91.98	97.49	63.17	62.85	ok
JERC-159-2-Rh	intbio_reads_NovogeneMay2025	JERC	Rh	yes	yes	yes	218838	211344	96.58	32825700	31279360	95.29	98.64	99.68	95.55	97.76	64.02	63.87	ok
JERC-159-2-Ro	intbio_reads_NovogeneMay2025	JERC	Ro	yes	yes	yes	6806	6228	91.51	1020900	904391	88.59	96.02	99.50	89.98	96.93	58.54	58.21	ok
JERC-16-2-No	intbio_reads_NovogeneMay2025	JERC	No	yes	yes	yes	133936	129028	96.34	20090400	19054551	94.84	98.15	99.56	94.53	97.31	63.58	63.54	ok
JERC-16-2-Rh	intbio_reads_NovogeneMay2025	JERC	Rh	yes	yes	yes	59406	57458	96.72	8910900	8525292	95.67	98.67	99.62	95.28	97.39	65.26	65.23	ok
JERC-16-2-Ro	intbio_reads_NovogeneMay2025	JERC	Ro	yes	yes	yes	6580	6146	93.40	987000	905575	91.75	97.70	99.56	93.08	97.00	63.19	62.93	ok
JERC-160-No	intbio_reads_NovogeneMay2025	JERC	No	yes	yes	yes	1275042	1238592	97.14	191256300	184701779	96.57	99.13	99.72	96.53	97.98	59.04	58.93	ok
JERC-160-Rh	intbio_reads_NovogeneMay2025	JERC	Rh	yes	yes	yes	128528	123050	95.74	19279200	18314754	95.00	98.73	99.67	95.39	97.57	64.19	64.04	ok
JERC-160-Ro	intbio_reads_NovogeneMay2025	JERC	Ro	yes	yes	yes	39836	38906	97.67	5975400	5747996	96.19	98.61	99.62	95.46	97.65	61.61	61.52	ok
JERC-161-No	intbio_reads_NovogeneMay2025	JERC	No	yes	yes	yes	99280	97032	97.74	14892000	14291270	95.97	98.44	99.57	95.17	97.52	62.57	62.52	ok
JERC-161-Rh	intbio_reads_NovogeneMay2025	JERC	Rh	yes	yes	yes	727670	707068	97.17	109150500	104737024	95.96	98.71	99.66	95.69	97.74	64.14	64.06	ok
JERC-161-Ro	intbio_reads_NovogeneMay2025	JERC	Ro	yes	yes	yes	169798	162124	95.48	25469700	23797573	93.43	97.94	99.52	94.28	97.36	63.20	62.83	ok
JERC-162-No	intbio_reads_NovogeneMay2025	JERC	No	yes	yes	yes	602106	586642	97.43	90315900	87158644	96.50	98.93	99.65	96.12	97.77	59.74	59.61	ok
JERC-162-Rh	intbio_reads_NovogeneMay2025	JERC	Rh	yes	yes	yes	2296	2158	93.99	344400	318332	92.43	97.79	99.60	93.27	97.34	62.09	61.92	ok
JERC-162-Ro	intbio_reads_NovogeneMay2025	JERC	Ro	yes	yes	yes	16440	16070	97.75	2466000	2267717	91.96	96.67	99.26	91.40	96.69	60.70	60.09	ok
JERC-163-No	intbio_reads_NovogeneMay2025	JERC	No	yes	yes	yes	3443684	3349266	97.26	516552600	500690167	96.93	99.43	99.86	97.64	98.75	58.21	58.08	ok
JERC-163-Rh	intbio_reads_NovogeneMay2025	JERC	Rh	yes	yes	yes	181668	177308	97.60	27250200	26388970	96.84	99.07	99.70	96.40	97.87	63.19	63.12	ok
JERC-163-Ro	intbio_reads_NovogeneMay2025	JERC	Ro	yes	yes	yes	22500	20694	91.97	3375000	3042616	90.15	97.69	99.56	93.64	97.33	63.91	63.25	ok
JERC-164-No	intbio_reads_NovogeneMay2025	JERC	No	yes	yes	yes	91434	87020	95.17	13715100	12981888	94.65	98.95	99.68	95.75	97.60	60.39	60.14	ok
JERC-164-Rh	intbio_reads_NovogeneMay2025	JERC	Rh	yes	yes	yes	1579312	1532760	97.05	236896800	228877730	96.61	99.22	99.74	96.67	98.00	58.50	58.40	ok
JERC-164-Ro	intbio_reads_NovogeneMay2025	JERC	Ro	yes	yes	yes	108232	104534	96.58	16234800	15539579	95.72	98.83	99.68	95.78	97.69	63.95	63.84	ok
JERC-165-No	intbio_reads_NovogeneMay2025	JERC	No	yes	yes	yes	5810602	5634172	96.96	871590300	840004049	96.38	99.08	99.74	96.44	98.00	58.75	58.63	ok
JERC-165-Rh	intbio_reads_NovogeneMay2025	JERC	Rh	yes	yes	yes	415022	397002	95.66	62253300	58931336	94.66	98.61	99.66	95.30	97.62	63.39	63.18	ok
JERC-165-Ro	intbio_reads_NovogeneMay2025	JERC	Ro	yes	yes	yes	27790	26708	96.11	4168500	3912392	93.86	98.13	99.55	94.14	97.20	61.74	61.43	ok
JERC-167-No	intbio_reads_NovogeneMay2025	JERC	No	yes	yes	yes	943400	917626	97.27	141510000	136841896	96.70	99.13	99.73	96.50	97.97	60.52	60.43	ok
JERC-167-Rh	intbio_reads_NovogeneMay2025	JERC	Rh	yes	yes	yes	4578	4390	95.89	686700	650357	94.71	98.29	99.64	94.67	97.50	59.93	59.78	ok
JERC-167-Ro	intbio_reads_NovogeneMay2025	JERC	Ro	yes	yes	yes	21046	20452	97.18	3156900	2940871	93.16	97.28	99.39	92.71	97.04	61.55	61.27	ok
JERC-168-No	intbio_reads_NovogeneMay2025	JERC	No	yes	yes	yes	573556	560332	97.69	86033400	82808221	96.25	98.64	99.66	95.76	97.86	59.49	59.41	ok
JERC-168-Rh	intbio_reads_NovogeneMay2025	JERC	Rh	yes	yes	yes	169762	164796	97.07	25464300	24281910	95.36	98.34	99.60	94.98	97.57	64.10	64.03	ok
JERC-168-Ro	intbio_reads_NovogeneMay2025	JERC	Ro	yes	yes	yes	216076	208798	96.63	32411400	30854825	95.20	98.51	99.62	95.27	97.65	63.41	63.26	ok
JERC-169-No	intbio_reads_NovogeneMay2025	JERC	No	yes	yes	yes	2698124	2636366	97.71	404718600	393257338	97.17	99.24	99.75	96.86	98.14	58.02	57.96	ok
JERC-169-Rh	intbio_reads_NovogeneMay2025	JERC	Rh	yes	yes	yes	84962	81866	96.36	12744300	12169579	95.49	98.95	99.70	96.12	97.86	62.89	62.61	ok
JERC-169-Ro	intbio_reads_NovogeneMay2025	JERC	Ro	yes	yes	yes	29586	28620	96.73	4437900	4262300	96.04	98.98	99.72	96.19	97.92	60.28	60.15	ok
JERC-170-No	intbio_reads_NovogeneMay2025	JERC	No	yes	yes	yes	1246740	1211658	97.19	187011000	180243278	96.38	99.03	99.71	96.43	98.00	58.07	57.90	ok
JERC-170-Rh	intbio_reads_NovogeneMay2025	JERC	Rh	yes	yes	yes	20244	19652	97.08	3036600	2909555	95.82	98.69	99.67	95.57	97.73	61.15	61.05	ok
JERC-170-Ro	intbio_reads_NovogeneMay2025	JERC	Ro	yes	yes	yes	28696	27136	94.56	4304400	4041203	93.89	98.44	99.73	95.30	97.96	58.87	58.61	ok
JERC-171-No	intbio_reads_NovogeneMay2025	JERC	No	yes	yes	yes	3111330	3031716	97.44	466699500	452179846	96.89	99.19	99.75	96.67	98.05	59.38	59.31	ok
JERC-171-Rh	intbio_reads_NovogeneMay2025	JERC	Rh	yes	yes	yes	39588	37894	95.72	5938200	5545157	93.38	97.20	99.46	92.93	97.13	63.01	62.81	ok
JERC-171-Ro	intbio_reads_NovogeneMay2025	JERC	Ro	yes	yes	yes	53654	52068	97.04	8048100	7671038	95.31	98.37	99.59	94.94	97.46	62.82	62.74	ok
JERC-172-2-No	intbio_reads_NovogeneMay2025	JERC	No	yes	yes	yes	119246	114602	96.11	17886900	16854866	94.23	97.96	99.64	94.47	97.68	62.08	61.94	ok
JERC-172-2-Rh	intbio_reads_NovogeneMay2025	JERC	Rh	yes	yes	yes	566334	551674	97.41	84950100	81495976	95.93	98.61	99.69	95.69	97.90	60.95	60.82	ok
JERC-172-2-Ro	intbio_reads_NovogeneMay2025	JERC	Ro	yes	yes	yes	433198	422422	97.51	64979700	62790517	96.63	98.98	99.71	96.31	97.98	59.02	58.94	ok
JERC-173-1-No	intbio_reads_NovogeneMay2025	JERC	No	yes	yes	yes	2915076	2841348	97.47	437261400	421669377	96.43	98.95	99.70	96.23	97.94	58.12	57.98	ok
JERC-173-1-Rh	intbio_reads_NovogeneMay2025	JERC	Rh	yes	yes	yes	497528	485592	97.60	74629200	71565171	95.89	98.55	99.63	95.39	97.66	63.06	62.94	ok
JERC-173-1-Ro	intbio_reads_NovogeneMay2025	JERC	Ro	yes	yes	yes	55226	53788	97.40	8283900	7954027	96.02	98.66	99.66	95.65	97.79	60.60	60.49	ok
JERC-175-1-No	intbio_reads_NovogeneMay2025	JERC	No	yes	yes	yes	449584	437038	97.21	67437600	64382103	95.47	98.39	99.62	95.08	97.61	62.17	62.07	ok
JERC-175-1-Rh	intbio_reads_NovogeneMay2025	JERC	Rh	yes	yes	yes	1043122	1007116	96.55	156468300	148649577	95.00	98.40	99.60	95.05	97.52	63.25	63.08	ok
JERC-175-1-Ro	intbio_reads_NovogeneMay2025	JERC	Ro	yes	yes	yes	13210	12818	97.03	1981500	1863569	94.05	97.75	99.50	93.69	97.25	60.39	60.25	ok
JERC-176-5-No	intbio_reads_NovogeneAugust2025	JERC	No	yes	yes	yes	21899478	21389166	97.67	3284921700	3200596599	97.43	99.50	99.80	97.50	98.26	56.98	56.90	ok
JERC-176-5-Rh	intbio_reads_NovogeneAugust2025	JERC	Rh	yes	yes	yes	11214	10638	94.86	1682100	1586668	94.33	98.72	99.62	95.00	97.22	61.41	61.29	ok
JERC-176-5-Ro	intbio_reads_NovogeneAugust2025	JERC	Ro	yes	yes	yes	38282	36680	95.82	5742300	5449684	94.90	98.67	99.61	95.06	97.24	62.81	62.67	ok
JERC-177-No	intbio_reads_NovogeneMay2025	JERC	No	yes	yes	yes	1249570	1218420	97.51	187435500	179888842	95.97	98.62	99.59	95.49	97.58	58.69	58.53	ok
JERC-177-Rh	intbio_reads_NovogeneMay2025	JERC	Rh	yes	yes	yes	456182	439558	96.36	68427300	64786131	94.68	98.34	99.58	94.78	97.45	63.38	63.22	ok
JERC-177-Ro	intbio_reads_NovogeneMay2025	JERC	Ro	yes	yes	yes	204038	197856	96.97	30605700	28881704	94.37	97.88	99.47	93.86	97.07	63.12	63.02	ok
JERC-178-2-No	intbio_reads_NovogeneMay2025	JERC	No	yes	yes	yes	708196	689270	97.33	106229400	100873383	94.96	97.94	99.52	94.29	97.33	63.01	62.96	ok
JERC-178-2-Rh	intbio_reads_NovogeneMay2025	JERC	Rh	yes	yes	yes	530626	517348	97.50	79593900	74382914	93.45	97.32	99.40	92.76	96.89	64.16	64.01	ok
JERC-178-2-Ro	intbio_reads_NovogeneMay2025	JERC	Ro	yes	yes	yes	37870	36628	96.72	5680500	5372145	94.57	98.10	99.53	94.38	97.26	63.39	63.24	ok
JERC-179-4-No	intbio_reads_NovogeneAugust2025	JERC	No	yes	yes	yes	4408	4182	94.87	661200	625165	94.55	98.89	99.69	95.73	97.65	62.20	62.06	ok
JERC-179-4-Rh	intbio_reads_NovogeneAugust2025	JERC	Rh	yes	yes	yes	381776	358702	93.96	57266400	53246477	92.98	98.43	99.56	94.12	96.76	64.21	63.95	ok
JERC-179-4-Ro	intbio_reads_NovogeneAugust2025	JERC	Ro	yes	yes	yes	13602	13232	97.28	2040300	1974173	96.76	99.22	99.73	96.71	97.88	60.75	60.64	ok
JERC-18-2-No	intbio_reads_NovogeneMay2025	JERC	No	yes	yes	yes	6958	6726	96.67	1043700	989996	94.85	98.14	99.53	94.29	97.12	63.19	63.13	ok
JERC-18-2-Rh	intbio_reads_NovogeneMay2025	JERC	Rh	yes	yes	yes	624364	606660	97.16	93654600	89663090	95.74	98.48	99.61	95.24	97.58	63.58	63.48	ok
JERC-18-2-Ro	intbio_reads_NovogeneMay2025	JERC	Ro	yes	yes	yes	6122	5834	95.30	918300	859847	93.63	97.91	99.53	93.58	97.00	62.73	62.68	ok
JERC-180-5-No	intbio_reads_NovogeneAugust2025	JERC	No	yes	yes	yes	3292114	3185126	96.75	493817100	472657151	95.72	98.72	99.64	95.52	97.58	57.87	57.77	ok
JERC-180-5-Rh	intbio_reads_NovogeneAugust2025	JERC	Rh	yes	yes	yes	502476	471906	93.92	75371400	70189759	93.13	98.59	99.58	94.55	96.98	63.80	63.47	ok
JERC-180-5-Ro	intbio_reads_NovogeneAugust2025	JERC	Ro	yes	yes	yes	172326	165134	95.83	25848900	24608580	95.20	98.87	99.69	95.77	97.69	58.51	58.33	ok
JERC-181-1-No	intbio_reads_NovogeneAugust2025	JERC	No	yes	yes	yes	4071058	3940996	96.81	610658700	587517869	96.21	99.03	99.68	96.00	97.61	58.57	58.50	ok
JERC-181-1-Rh	intbio_reads_NovogeneAugust2025	JERC	Rh	yes	yes	yes	993842	934732	94.05	149076300	138762347	93.08	98.36	99.58	94.21	96.97	63.82	63.62	ok
JERC-181-1-Ro	intbio_reads_NovogeneAugust2025	JERC	Ro	yes	yes	yes	4628	4338	93.73	694200	641575	92.42	97.65	99.47	92.82	96.67	62.25	62.12	ok
JERC-183-3-No	intbio_reads_NovogeneAugust2025	JERC	No	yes	yes	yes	741502	710958	95.88	111225300	105853728	95.17	98.81	99.65	95.46	97.47	60.20	60.06	ok
JERC-183-3-Rh	intbio_reads_NovogeneAugust2025	JERC	Rh	yes	yes	yes	726792	681528	93.77	109018800	101213690	92.84	98.39	99.58	94.22	96.96	64.27	64.01	ok
JERC-183-3-Ro	intbio_reads_NovogeneAugust2025	JERC	Ro	yes	yes	yes	285646	270226	94.60	42846900	40115186	93.62	98.50	99.58	94.49	97.01	64.07	63.85	ok
JERC-184-3-No	intbio_reads_NovogeneAugust2025	JERC	No	yes	yes	yes	264022	247556	93.76	39603300	36815282	92.96	98.47	99.59	94.39	96.97	63.93	63.67	ok
JERC-184-3-Rh	intbio_reads_NovogeneAugust2025	JERC	Rh	yes	yes	yes	421556	399604	94.79	63233400	59399948	93.94	98.59	99.58	94.61	96.98	64.09	63.90	ok
JERC-184-3-Ro	intbio_reads_NovogeneAugust2025	JERC	Ro	yes	yes	yes	50674	49060	96.81	7601100	7228093	95.09	98.32	99.54	94.50	97.04	64.40	64.34	ok
JERC-185-3-No	intbio_reads_NovogeneAugust2025	JERC	No	yes	yes	yes	342848	318498	92.90	51427200	47266994	91.91	98.35	99.55	93.92	96.79	63.94	63.57	ok
JERC-185-3-Rh	intbio_reads_NovogeneAugust2025	JERC	Rh	yes	yes	yes	323356	304560	94.19	48503400	45350847	93.50	98.68	99.59	94.67	96.96	63.77	63.53	ok
JERC-185-3-Ro	intbio_reads_NovogeneAugust2025	JERC	Ro	yes	yes	yes	90786	85892	94.61	13617900	12675107	93.08	98.29	99.58	94.07	97.07	63.29	63.04	ok
JERC-186-1-No	intbio_reads_NovogeneAugust2025	JERC	No	yes	yes	yes	918996	885818	96.39	137849400	131459450	95.36	98.64	99.59	95.18	97.35	58.73	58.60	ok
JERC-186-1-Rh	intbio_reads_NovogeneAugust2025	JERC	Rh	yes	yes	yes	237612	222222	93.52	35641800	33046861	92.72	98.49	99.54	94.12	96.70	64.05	63.79	ok
JERC-186-1-Ro	intbio_reads_NovogeneAugust2025	JERC	Ro	yes	yes	yes	170474	161008	94.45	25571100	23923123	93.56	98.47	99.58	94.44	97.04	63.38	63.12	ok
JERC-187-1-No	intbio_reads_NovogeneAugust2025	JERC	No	yes	yes	yes	167768	154452	92.06	25165200	23052479	91.60	98.54	99.68	94.99	97.55	58.86	58.33	ok
JERC-187-1-Rh	intbio_reads_NovogeneAugust2025	JERC	Rh	yes	yes	yes	444520	421938	94.92	66678000	62558134	93.82	98.32	99.60	94.43	97.13	63.53	63.36	ok
JERC-187-1-Ro	intbio_reads_NovogeneAugust2025	JERC	Ro	yes	yes	yes	228138	219510	96.22	34220700	32672360	95.48	98.88	99.65	95.55	97.45	59.88	59.75	ok
JERC-188-1-No	intbio_reads_NovogeneAugust2025	JERC	No	yes	yes	yes	763718	720078	94.29	114557700	106893273	93.31	98.44	99.56	94.24	96.82	63.63	63.40	ok
JERC-188-1-Rh	intbio_reads_NovogeneAugust2025	JERC	Rh	yes	yes	yes	17560	16678	94.98	2634000	2486084	94.38	98.69	99.52	94.54	96.57	63.65	63.45	ok
JERC-188-1-Ro	intbio_reads_NovogeneAugust2025	JERC	Ro	yes	yes	yes	62562	58498	93.50	9384300	8690755	92.61	98.41	99.58	94.18	96.96	63.58	63.25	ok
JERC-189-1-Rh	intbio_reads_NovogeneMay2025	JERC	Rh	yes	yes	yes	250590	239230	95.47	37588500	35463070	94.35	98.64	99.67	95.31	97.66	64.15	63.92	ok
JERC-191-1-No	intbio_reads_NovogeneMay2025	JERC	No	yes	yes	yes	3533044	3453072	97.74	529956600	510529011	96.33	98.69	99.62	95.72	97.69	58.74	58.66	ok
JERC-191-1-Rh	intbio_reads_NovogeneMay2025	JERC	Rh	yes	yes	yes	572252	557856	97.48	85837800	82478498	96.09	98.51	99.58	95.36	97.54	63.54	63.52	ok
JERC-191-1-Ro	intbio_reads_NovogeneMay2025	JERC	Ro	yes	yes	yes	111162	108584	97.68	16674300	15767482	94.56	97.85	99.48	93.82	97.15	63.70	63.59	ok
JERC-192-1-No	intbio_reads_NovogeneAugust2025	JERC	No	yes	yes	yes	514064	484202	94.19	77109600	71660478	92.93	98.28	99.56	94.07	96.93	63.68	63.46	ok
JERC-192-1-Rh	intbio_reads_NovogeneAugust2025	JERC	Rh	yes	yes	yes	281770	260550	92.47	42265500	38757265	91.70	98.36	99.58	94.11	96.95	64.00	63.61	ok
JERC-192-1-Ro	intbio_reads_NovogeneAugust2025	JERC	Ro	yes	yes	yes	860864	801814	93.14	129129600	119236989	92.34	98.33	99.56	94.05	96.82	64.30	64.07	ok
JERC-194-2-No	intbio_reads_NovogeneAugust2025	JERC	No	yes	yes	yes	1421628	1372862	96.57	213244200	204633353	95.96	99.00	99.67	95.88	97.56	58.51	58.42	ok
JERC-194-2-Rh	intbio_reads_NovogeneAugust2025	JERC	Rh	yes	yes	yes	163972	151556	92.43	24595800	22542166	91.65	98.21	99.57	93.85	96.86	64.19	63.88	ok
JERC-194-2-Ro	intbio_reads_NovogeneAugust2025	JERC	Ro	yes	yes	yes	8388	7920	94.42	1258200	1175694	93.44	98.30	99.56	94.15	96.98	62.16	61.93	ok
JERC-195-2-No	intbio_reads_NovogeneAugust2025	JERC	No	yes	yes	yes	1898328	1819338	95.84	284749200	271227135	95.25	98.93	99.66	95.65	97.48	59.08	58.94	ok
JERC-195-2-Rh	intbio_reads_NovogeneAugust2025	JERC	Rh	yes	yes	yes	236004	223036	94.51	35400600	32966596	93.12	98.14	99.56	93.95	96.92	63.63	63.48	ok
JERC-195-2-Ro	intbio_reads_NovogeneAugust2025	JERC	Ro	yes	yes	yes	85834	82564	96.19	12875100	12260052	95.22	98.70	99.62	95.20	97.33	61.87	61.76	ok
JERC-196-3-No	intbio_reads_NovogeneAugust2025	JERC	No	yes	yes	yes	425372	409494	96.27	63805800	60877213	95.41	98.81	99.63	95.45	97.41	59.86	59.74	ok
JERC-196-3-Rh	intbio_reads_NovogeneAugust2025	JERC	Rh	yes	yes	yes	191630	181978	94.96	28744500	27027112	94.03	98.54	99.59	94.70	97.12	63.15	62.96	ok
JERC-196-3-Ro	intbio_reads_NovogeneAugust2025	JERC	Ro	yes	yes	yes	41448	39396	95.05	6217200	5849456	94.09	98.54	99.60	94.73	97.16	62.61	62.40	ok
JERC-197-1-No	intbio_reads_NovogeneAugust2025	JERC	No	yes	yes	yes	149612	144066	96.29	22441800	21543837	96.00	99.33	99.76	96.98	98.12	63.47	63.36	ok
JERC-197-1-Rh	intbio_reads_NovogeneMay2025	JERC	Rh	yes	yes	yes	34860	33108	94.97	5229000	4898970	93.69	98.43	99.70	94.86	97.72	63.62	63.20	ok
JERC-197-1-Ro	intbio_reads_NovogeneAugust2025	JERC	Ro	yes	yes	yes	13670	13362	97.75	2050500	1992864	97.19	99.26	99.74	96.95	98.07	60.06	59.98	ok
JERC-198-No	intbio_reads_NovogeneAugust2025	JERC	No	yes	yes	yes	6704246	6527340	97.36	1005636900	975883139	97.04	99.40	99.80	97.42	98.37	57.40	57.26	ok
JERC-198-Rh	intbio_reads_NovogeneMay2025	JERC	Rh	yes	yes	yes	8230	7848	95.36	1234500	1160776	94.03	98.01	99.61	94.37	97.43	61.20	61.09	ok
JERC-198-Ro	intbio_reads_NovogeneAugust2025	JERC	Ro	yes	yes	yes	570028	549010	96.31	85504200	82033212	95.94	99.05	99.77	96.67	98.14	63.35	63.26	ok
JERC-199-No	intbio_reads_NovogeneAugust2025	JERC	No	yes	yes	yes	839030	794638	94.71	125854500	118695840	94.31	99.05	99.70	95.97	97.62	61.55	61.29	ok
JERC-199-Rh	intbio_reads_NovogeneAugust2025	JERC	Rh	yes	yes	yes	272324	261934	96.18	40848600	39115014	95.76	99.16	99.71	96.35	97.72	64.29	64.14	ok
JERC-199-Ro	intbio_reads_NovogeneAugust2025	JERC	Ro	yes	yes	yes	32572	31232	95.89	4885800	4661112	95.40	99.08	99.70	96.21	97.71	62.18	61.99	ok
JERC-2-1-No	intbio_reads_NovogeneMay2025	JERC	No	yes	yes	yes	2224418	2165946	97.37	333662700	322727494	96.72	99.10	99.69	96.35	97.82	58.69	58.60	ok
JERC-2-1-Rh	intbio_reads_NovogeneMay2025	JERC	Rh	yes	yes	yes	140204	136216	97.16	21030600	20255776	96.32	98.96	99.64	95.81	97.43	65.49	65.45	ok
JERC-2-1-Ro	intbio_reads_NovogeneMay2025	JERC	Ro	yes	yes	yes	16598	15722	94.72	2489700	2306814	92.65	97.68	99.49	92.89	96.82	62.34	62.19	ok
JERC-20-1-No	intbio_reads_NovogeneMay2025	JERC	No	yes	yes	yes	3810200	3684596	96.70	571530000	549086753	96.07	99.03	99.70	96.16	97.79	58.37	58.24	ok
JERC-20-1-Rh	intbio_reads_NovogeneMay2025	JERC	Rh	yes	yes	yes	369504	355932	96.33	55425600	52486377	94.70	98.31	99.59	94.64	97.39	63.79	63.68	ok
JERC-20-1-Ro	intbio_reads_NovogeneMay2025	JERC	Ro	yes	yes	yes	12304	11042	89.74	1845600	1629913	88.31	96.80	99.57	91.08	97.18	61.68	61.57	ok
JERC-201-1-No	intbio_reads_NovogeneAugust2025	JERC	No	yes	yes	yes	3673846	3603716	98.09	551076900	539412016	97.88	99.55	99.83	97.75	98.43	57.77	57.70	ok
JERC-201-1-Rh	intbio_reads_NovogeneAugust2025	JERC	Rh	yes	yes	yes	530520	494460	93.20	79578000	73619022	92.51	98.45	99.58	94.21	96.91	64.59	64.33	ok
JERC-201-1-Ro	intbio_reads_NovogeneAugust2025	JERC	Ro	yes	yes	yes	58360	55772	95.57	8754000	8275174	94.53	98.53	99.58	94.70	97.07	63.79	63.66	ok
JERC-202-1-No	intbio_reads_NovogeneAugust2025	JERC	No	yes	yes	yes	186030	177522	95.43	27904500	26373815	94.51	98.65	99.63	95.08	97.37	61.02	60.82	ok
JERC-202-1-Rh	intbio_reads_NovogeneAugust2025	JERC	Rh	yes	yes	yes	209078	198614	95.00	31361700	29495928	94.05	98.55	99.59	94.70	97.12	62.80	62.58	ok
JERC-202-1-Ro	intbio_reads_NovogeneAugust2025	JERC	Ro	yes	yes	yes	12954	12340	95.26	1943100	1827437	94.05	98.40	99.59	94.47	97.16	62.86	62.71	ok
JERC-203-1-No	intbio_reads_NovogeneAugust2025	JERC	No	yes	yes	yes	2434484	2396812	98.45	365172600	358795986	98.25	99.62	99.84	97.99	98.58	57.09	57.05	ok
JERC-203-1-Rh	intbio_reads_NovogeneAugust2025	JERC	Rh	yes	yes	yes	403866	372356	92.20	60579900	55307827	91.30	98.14	99.55	93.57	96.73	63.81	63.35	ok
JERC-203-1-Ro	intbio_reads_NovogeneAugust2025	JERC	Ro	yes	yes	yes	24382	22912	93.97	3657300	3380821	92.44	97.96	99.57	93.57	97.02	63.05	62.72	ok
JERC-204-1-No	intbio_reads_NovogeneAugust2025	JERC	No	yes	yes	yes	986372	951300	96.44	147955800	141478641	95.62	98.83	99.67	95.58	97.54	63.50	63.39	ok
JERC-204-1-Rh	intbio_reads_NovogeneAugust2025	JERC	Rh	yes	yes	yes	672678	646202	96.06	100901700	96201809	95.34	98.81	99.66	95.55	97.55	63.10	63.01	ok
JERC-204-1-Ro	intbio_reads_NovogeneAugust2025	JERC	Ro	yes	yes	yes	19766	18676	94.49	2964900	2787411	94.01	98.60	99.68	95.04	97.44	58.68	58.54	ok
JERC-23-1-No	intbio_reads_NovogeneMay2025	JERC	No	yes	yes	yes	650808	628814	96.62	97621200	93765312	96.05	99.07	99.68	96.13	97.68	58.72	58.61	ok
JERC-23-1-Rh	intbio_reads_NovogeneMay2025	JERC	Rh	yes	yes	yes	469078	456992	97.42	70361700	67918322	96.53	98.84	99.66	95.92	97.73	63.38	63.35	ok
JERC-23-1-Ro	intbio_reads_NovogeneMay2025	JERC	Ro	yes	yes	yes	27882	26568	95.29	4182300	3959806	94.68	98.82	99.62	95.21	97.23	63.78	63.62	ok
JERC-25-1-No	intbio_reads_NovogeneMay2025	JERC	No	yes	yes	yes	2418178	2350544	97.20	362726700	349020828	96.22	98.86	99.63	96.02	97.79	58.30	58.19	ok
JERC-25-1-Rh	intbio_reads_NovogeneMay2025	JERC	Rh	yes	yes	yes	566658	543966	96.00	84998700	80385500	94.57	98.31	99.58	94.85	97.45	63.63	63.44	ok
JERC-25-1-Ro	intbio_reads_NovogeneMay2025	JERC	Ro	yes	yes	yes	48658	47382	97.38	7298700	7007550	96.01	98.63	99.60	95.48	97.55	64.15	64.10	ok
JERC-26-5-No	intbio_reads_NovogeneMay2025	JERC	No	yes	yes	yes	879974	840092	95.47	131996100	124764045	94.52	98.69	99.76	95.88	98.13	67.38	67.15	ok
JERC-26-5-Rh	intbio_reads_NovogeneMay2025	JERC	Rh	yes	yes	yes	118676	112654	94.93	17801400	16795272	94.35	99.05	99.78	96.38	98.21	62.97	62.69	ok
JERC-26-5-Ro	intbio_reads_NovogeneMay2025	JERC	Ro	yes	yes	yes	130132	126428	97.15	19519800	18810814	96.37	99.11	99.79	96.85	98.46	59.34	59.22	ok
JERC-27-2-No	intbio_reads_NovogeneMay2025	JERC	No	yes	yes	yes	160320	154132	96.14	24048000	22959141	95.47	98.81	99.64	95.61	97.53	62.42	62.28	ok
JERC-27-2-Rh	intbio_reads_NovogeneMay2025	JERC	Rh	yes	yes	yes	378598	367628	97.10	56789700	54705465	96.33	99.00	99.78	96.76	98.47	63.62	63.58	ok
JERC-27-2-Ro	intbio_reads_NovogeneMay2025	JERC	Ro	yes	yes	yes	137850	127010	92.14	20677500	18940311	91.60	98.87	99.78	95.71	98.14	63.79	63.17	ok
JERC-28-4-No	intbio_reads_NovogeneMay2025	JERC	No	yes	yes	yes	253712	244904	96.53	38056800	36488954	95.88	98.95	99.68	95.94	97.72	63.49	63.37	ok
JERC-28-4-Rh	intbio_reads_NovogeneMay2025	JERC	Rh	yes	yes	yes	55900	54022	96.64	8385000	8024217	95.70	98.79	99.63	95.51	97.45	64.12	63.99	ok
JERC-28-4-Ro	intbio_reads_NovogeneMay2025	JERC	Ro	yes	yes	yes	40866	39882	97.59	6129900	5913899	96.48	98.76	99.61	95.66	97.53	62.04	61.99	ok
JERC-3-1-No	intbio_reads_NovogeneMay2025	JERC	No	yes	yes	yes	602388	586778	97.41	90358200	87532922	96.87	99.22	99.75	96.75	98.06	57.70	57.59	ok
JERC-3-1-Rh	intbio_reads_NovogeneMay2025	JERC	Rh	yes	yes	yes	78034	75228	96.40	11705100	11072627	94.60	98.28	99.54	94.46	97.21	64.26	64.18	ok
JERC-3-1-Ro	intbio_reads_NovogeneMay2025	JERC	Ro	yes	yes	yes	14862	14374	96.72	2229300	2135961	95.81	98.70	99.62	95.36	97.42	62.56	62.51	ok
JERC-30-3-No	intbio_reads_NovogeneMay2025	JERC	No	yes	yes	yes	5216300	5060202	97.01	782445000	753566009	96.31	99.01	99.67	96.08	97.69	58.18	58.09	ok
JERC-30-3-Rh	intbio_reads_NovogeneMay2025	JERC	Rh	yes	yes	yes	48512	46498	95.85	7276800	6921876	95.12	98.85	99.66	95.55	97.51	64.24	64.06	ok
JERC-30-3-Ro	intbio_reads_NovogeneMay2025	JERC	Ro	yes	yes	yes	18352	17788	96.93	2752800	2628040	95.47	98.50	99.58	95.06	97.35	63.60	63.55	ok
JERC-34-4-No	intbio_reads_NovogeneMay2025	JERC	No	yes	yes	yes	387654	376124	97.03	58148100	55986001	96.28	99.12	99.79	96.82	98.41	61.46	61.37	ok
JERC-34-4-Rh	intbio_reads_NovogeneMay2025	JERC	Rh	yes	yes	yes	122856	119720	97.45	18428400	17770641	96.43	99.01	99.80	96.65	98.43	63.72	63.67	ok
JERC-34-4-Ro	intbio_reads_NovogeneMay2025	JERC	Ro	yes	yes	yes	23596	22362	94.77	3539400	3328955	94.05	98.93	99.77	96.08	98.15	63.69	63.41	ok
JERC-35-1-No	intbio_reads_NovogeneMay2025	JERC	No	yes	yes	yes	3409976	3328216	97.60	511496400	496486038	97.07	99.31	99.83	97.31	98.60	58.52	58.46	ok
JERC-35-1-Rh	intbio_reads_NovogeneMay2025	JERC	Rh	yes	yes	yes	138764	135188	97.42	20814600	20150601	96.81	99.23	99.80	97.05	98.43	63.27	63.20	ok
JERC-35-1-Ro	intbio_reads_NovogeneMay2025	JERC	Ro	yes	yes	yes	12138	11690	96.31	1820700	1739657	95.55	98.90	99.76	96.17	98.17	60.49	60.39	ok
JERC-36-1-No	intbio_reads_NovogeneMay2025	JERC	No	yes	yes	yes	11896	11256	94.62	1784400	1668931	93.53	98.36	99.69	94.85	97.86	62.91	62.73	ok
JERC-36-1-Rh	intbio_reads_NovogeneMay2025	JERC	Rh	yes	yes	yes	222782	216986	97.40	33417300	32033230	95.86	98.69	99.71	95.97	98.13	64.92	64.74	ok
JERC-36-1-Ro	intbio_reads_NovogeneMay2025	JERC	Ro	yes	yes	yes	11926	11342	95.10	1788900	1687303	94.32	98.73	99.77	95.66	98.15	60.07	59.91	ok
JERC-37-2-No	intbio_reads_NovogeneMay2025	JERC	No	yes	yes	yes	7673224	7485106	97.55	1150983600	1118450336	97.17	99.42	99.85	97.67	98.77	58.34	58.24	ok
JERC-37-2-Rh	intbio_reads_NovogeneMay2025	JERC	Rh	yes	yes	yes	321880	313940	97.53	48282000	46689386	96.70	99.05	99.77	96.76	98.37	61.22	61.16	ok
JERC-37-2-Ro	intbio_reads_NovogeneMay2025	JERC	Ro	yes	yes	yes	124572	121218	97.31	18685800	18107003	96.90	99.35	99.84	97.50	98.71	58.10	57.97	ok
JERC-38-2-No	intbio_reads_NovogeneMay2025	JERC	No	yes	yes	yes	1287290	1258442	97.76	193093500	187767084	97.24	99.34	99.82	97.51	98.68	58.63	58.56	ok
JERC-38-2-Rh	intbio_reads_NovogeneMay2025	JERC	Rh	yes	yes	yes	241592	235150	97.33	36238800	34991138	96.56	99.13	99.77	96.94	98.41	62.17	62.09	ok
JERC-38-2-Ro	intbio_reads_NovogeneMay2025	JERC	Ro	yes	yes	yes	85888	83706	97.46	12883200	12381605	96.11	98.80	99.69	96.25	98.23	60.44	60.28	ok
JERC-39-5-No	intbio_reads_NovogeneMay2025	JERC	No	yes	yes	yes	1148798	1122456	97.71	172319700	167524503	97.22	99.37	99.83	97.54	98.69	58.45	58.39	ok
JERC-39-5-Rh	intbio_reads_NovogeneMay2025	JERC	Rh	yes	yes	yes	394304	374320	94.93	59145600	55798248	94.34	99.08	99.80	96.51	98.33	64.02	63.73	ok
JERC-39-5-Ro	intbio_reads_NovogeneMay2025	JERC	Ro	yes	yes	yes	13638	13216	96.91	2045700	1967877	96.20	99.07	99.78	96.73	98.39	62.24	62.08	ok
JERC-4-1-No	intbio_reads_NovogeneMay2025	JERC	No	yes	yes	yes	1271754	1241722	97.64	190763100	184982770	96.97	99.13	99.69	96.41	97.80	59.05	59.00	ok
JERC-4-1-Rh	intbio_reads_NovogeneMay2025	JERC	Rh	yes	yes	yes	58062	55962	96.38	8709300	8281283	95.09	98.47	99.53	94.77	97.18	62.78	62.64	ok
JERC-40-2-No	intbio_reads_NovogeneMay2025	JERC	No	yes	yes	yes	7067762	6931324	98.07	1060164300	1035055241	97.63	99.44	99.85	97.74	98.77	58.43	58.39	ok
JERC-40-2-Rh	intbio_reads_NovogeneMay2025	JERC	Rh	yes	yes	yes	284580	270968	95.22	42687000	40424274	94.70	99.11	99.79	96.52	98.29	64.34	64.07	ok
JERC-40-2-Ro	intbio_reads_NovogeneMay2025	JERC	Ro	yes	yes	yes	22372	21736	97.16	3355800	3192263	95.13	98.34	99.59	95.13	97.85	64.03	63.86	ok
JERC-41-2-No	intbio_reads_NovogeneMay2025	JERC	No	yes	yes	yes	6644216	6513540	98.03	996632400	972614790	97.59	99.43	99.83	97.67	98.71	58.52	58.48	ok
JERC-41-2-Rh	intbio_reads_NovogeneMay2025	JERC	Rh	yes	yes	yes	135338	131066	96.84	20300700	19504926	96.08	99.07	99.78	96.82	98.40	63.11	62.97	ok
JERC-41-2-Ro	intbio_reads_NovogeneMay2025	JERC	Ro	yes	yes	yes	9868	9516	96.43	1480200	1378790	93.15	97.53	99.42	93.41	97.38	62.24	61.97	ok
JERC-42-1-No	intbio_reads_NovogeneMay2025	JERC	No	yes	yes	yes	1528522	1493302	97.70	229278300	222973594	97.25	99.36	99.83	97.41	98.61	59.05	59.00	ok
JERC-42-1-Rh	intbio_reads_NovogeneMay2025	JERC	Rh	yes	yes	yes	355082	339000	95.47	53262300	50399679	94.63	98.27	99.78	95.74	98.42	62.90	62.78	ok
JERC-42-1-Ro	intbio_reads_NovogeneMay2025	JERC	Ro	yes	yes	yes	15566	15070	96.81	2334900	2223087	95.21	98.41	99.69	95.44	98.03	62.99	62.86	ok
JERC-43-1-No	intbio_reads_NovogeneMay2025	JERC	No	yes	yes	yes	2345938	2286066	97.45	351890700	341824704	97.14	99.46	99.86	97.71	98.76	58.02	57.93	ok
JERC-43-1-Rh	intbio_reads_NovogeneMay2025	JERC	Rh	yes	yes	yes	229164	219364	95.72	34374600	32504826	94.56	98.30	99.70	95.67	98.14	63.20	63.07	ok
JERC-43-1-Ro	intbio_reads_NovogeneMay2025	JERC	Ro	yes	yes	yes	14774	13896	94.06	2216100	2050428	92.52	97.79	99.71	94.01	97.92	64.50	64.38	ok
JERC-44-2-No	intbio_reads_NovogeneMay2025	JERC	No	yes	yes	yes	16104	15404	95.65	2415600	2290312	94.81	98.71	99.75	95.71	98.12	62.37	62.32	ok
JERC-44-2-Rh	intbio_reads_NovogeneMay2025	JERC	Rh	yes	yes	yes	85222	82712	97.05	12783300	12150984	95.05	98.43	99.75	95.60	98.27	62.14	61.93	ok
JERC-44-2-Ro	intbio_reads_NovogeneMay2025	JERC	Ro	yes	yes	yes	174188	169802	97.48	26128200	25307039	96.86	99.22	99.80	97.10	98.47	59.37	59.29	ok
JERC-45-5-No	intbio_reads_NovogeneMay2025	JERC	No	yes	yes	yes	2828004	2764082	97.74	424200600	412929950	97.34	99.42	99.85	97.67	98.75	58.41	58.33	ok
JERC-45-5-Rh	intbio_reads_NovogeneMay2025	JERC	Rh	yes	yes	yes	768650	732646	95.32	115297500	108748525	94.32	98.48	99.63	94.91	97.39	63.24	63.01	ok
JERC-45-5-Ro	intbio_reads_NovogeneMay2025	JERC	Ro	yes	yes	yes	27932	27010	96.70	4189800	4012611	95.77	98.73	99.64	95.57	97.62	60.41	60.28	ok
JERC-46-1-Rh	intbio_reads_NovogeneMay2025	JERC	Rh	yes	yes	yes	173038	167554	96.83	25955700	24888082	95.89	98.80	99.65	95.64	97.54	62.57	62.46	ok
JERC-46-1-Ro	intbio_reads_NovogeneMay2025	JERC	Ro	yes	yes	yes	14082	13362	94.89	2112300	1985152	93.98	98.51	99.77	95.44	98.23	61.16	60.96	ok
JERC-47-2-No	intbio_reads_NovogeneMay2025	JERC	No	yes	yes	yes	760452	740508	97.38	114067800	110345716	96.74	99.08	99.69	96.29	97.79	57.86	57.80	ok
JERC-47-2-Rh	intbio_reads_NovogeneMay2025	JERC	Rh	yes	yes	yes	120042	114318	95.23	18006300	16976040	94.28	98.44	99.63	94.88	97.44	62.90	62.71	ok
JERC-47-2-Ro	intbio_reads_NovogeneMay2025	JERC	Ro	yes	yes	yes	45178	43412	96.09	6776700	6455996	95.27	98.70	99.66	95.43	97.56	62.95	62.80	ok
JERC-48-3-No	intbio_reads_NovogeneMay2025	JERC	No	yes	yes	yes	1067560	1042508	97.65	160134000	154859079	96.71	98.93	99.64	96.05	97.72	58.21	58.13	ok
JERC-48-3-Rh	intbio_reads_NovogeneMay2025	JERC	Rh	yes	yes	yes	539658	519628	96.29	80948700	77176114	95.34	98.65	99.64	95.42	97.55	62.88	62.73	ok
JERC-48-3-Ro	intbio_reads_NovogeneMay2025	JERC	Ro	yes	yes	yes	19034	18356	96.44	2855100	2719245	95.24	98.52	99.63	95.18	97.57	62.06	61.93	ok
JERC-49-2-Rh	intbio_reads_NovogeneMay2025	JERC	Rh	yes	yes	yes	231694	223134	96.31	34754100	33093907	95.22	98.52	99.64	95.32	97.58	62.94	62.80	ok
JERC-49-2-Ro	intbio_reads_NovogeneMay2025	JERC	Ro	yes	yes	yes	30138	29050	96.39	4520700	4326821	95.71	98.94	99.68	95.92	97.67	58.02	57.86	ok
JERC-5-3-No	intbio_reads_NovogeneMay2025	JERC	No	yes	yes	yes	1164280	1128670	96.94	174642000	168522571	96.50	99.19	99.73	96.49	97.85	58.52	58.40	ok
JERC-5-3-Rh	intbio_reads_NovogeneMay2025	JERC	Rh	yes	yes	yes	62638	60216	96.13	9395700	8938531	95.13	98.74	99.61	95.35	97.45	62.15	61.98	ok
JERC-5-3-Ro	intbio_reads_NovogeneMay2025	JERC	Ro	yes	yes	yes	7832	7484	95.56	1174800	1107684	94.29	98.37	99.58	94.37	97.10	61.16	61.00	ok
JERC-50-5-No	intbio_reads_NovogeneMay2025	JERC	No	yes	yes	yes	2502116	2437548	97.42	375317400	361537606	96.33	98.82	99.62	95.84	97.65	58.21	58.12	ok
JERC-50-5-Rh	intbio_reads_NovogeneMay2025	JERC	Rh	yes	yes	yes	666994	640770	96.07	100049100	95150614	95.10	98.56	99.65	95.33	97.59	62.74	62.59	ok
JERC-50-5-Ro	intbio_reads_NovogeneMay2025	JERC	Ro	yes	yes	yes	2224602	2110548	94.87	333690300	313845288	94.05	98.44	99.64	94.94	97.48	62.74	62.53	ok
JERC-51-1-No	intbio_reads_NovogeneMay2025	JERC	No	yes	yes	yes	15088	14500	96.10	2263200	2158831	95.39	98.95	99.77	96.17	98.15	62.36	62.23	ok
JERC-51-1-Rh	intbio_reads_NovogeneMay2025	JERC	Rh	yes	yes	yes	167906	163976	97.66	25185900	24369955	96.76	98.99	99.67	96.23	97.80	61.47	61.42	ok
JERC-51-1-Ro	intbio_reads_NovogeneMay2025	JERC	Ro	yes	yes	yes	10848	10410	95.96	1627200	1550491	95.29	98.94	99.79	96.30	98.29	60.79	60.65	ok
JERC-53-1-No	intbio_reads_NovogeneDecember2025	JERC	No	yes	yes	yes	11131246	10577310	95.02	1669686900	1576942604	94.45	98.86	99.72	95.49	97.64	66.15	65.99	ok
JERC-53-1-Rh	intbio_reads_NovogeneDecember2025	JERC	Rh	yes	yes	yes	324478	314334	96.87	48671700	46335382	95.20	98.35	99.55	94.76	97.31	61.69	61.65	ok
JERC-53-1-Ro	intbio_reads_NovogeneDecember2025	JERC	Ro	yes	yes	yes	4672900	4406602	94.30	700935000	656832915	93.71	98.78	99.71	95.32	97.62	65.38	65.14	ok
JERC-53-2-No	intbio_reads_NovogeneDecember2025	JERC	No	yes	yes	yes	11343212	10865470	95.79	1701481800	1619366882	95.17	98.92	99.73	95.76	97.77	66.13	65.99	ok
JERC-53-2-Rh	intbio_reads_NovogeneDecember2025	JERC	Rh	yes	yes	yes	371702	359662	96.76	55755300	52941080	94.95	98.28	99.51	94.56	97.21	61.63	61.59	ok
JERC-53-2-Ro	intbio_reads_NovogeneDecember2025	JERC	Ro	yes	yes	yes	9567608	9161410	95.75	1435141200	1363745899	95.03	98.82	99.71	95.54	97.70	65.66	65.55	ok
JERC-53-3-No	intbio_reads_NovogeneDecember2025	JERC	No	yes	yes	yes	9363630	8970464	95.80	1404544500	1312997393	93.48	97.84	99.48	93.52	96.97	64.97	64.83	ok
JERC-53-3-Rh	intbio_reads_NovogeneDecember2025	JERC	Rh	yes	yes	yes	295518	285926	96.75	44327700	41996803	94.74	98.15	99.49	94.32	97.13	61.08	60.99	ok
JERC-53-3-Ro	intbio_reads_NovogeneDecember2025	JERC	Ro	yes	yes	yes	8432602	8122572	96.32	1264890300	1209427133	95.62	98.92	99.72	95.83	97.80	65.44	65.37	ok
JERC-53-5-No	intbio_reads_NovogeneMay2025	JERC	No	yes	yes	yes	8010382	7739082	96.61	1201557300	1154832201	96.11	99.20	99.81	96.92	98.42	65.80	65.70	ok
JERC-53-5-Rh	intbio_reads_NovogeneMay2025	JERC	Rh	yes	yes	yes	181964	176344	96.91	27294600	26196212	95.98	98.87	99.66	95.81	97.62	60.69	60.58	ok
JERC-54-2-No	intbio_reads_NovogeneMay2025	JERC	No	yes	yes	yes	32456	30770	94.81	4868400	4578885	94.05	98.47	99.65	94.95	97.42	63.16	62.98	ok
JERC-54-2-Rh	intbio_reads_NovogeneMay2025	JERC	Rh	yes	yes	yes	165864	160946	97.03	24879600	23691646	95.23	98.34	99.56	94.73	97.32	61.81	61.68	ok
JERC-54-2-Ro	intbio_reads_NovogeneMay2025	JERC	Ro	yes	yes	yes	43400	41472	95.56	6510000	6164775	94.70	98.53	99.66	95.22	97.56	62.42	62.25	ok
JERC-6-3-No	intbio_reads_NovogeneMay2025	JERC	No	yes	yes	yes	345766	334656	96.79	51864900	49761682	95.94	98.91	99.65	95.85	97.61	58.52	58.35	ok
JERC-6-3-Rh	intbio_reads_NovogeneMay2025	JERC	Rh	yes	yes	yes	149610	144648	96.68	22441500	21456152	95.61	98.78	99.59	95.36	97.30	64.19	64.06	ok
JERC-7-2-No	intbio_reads_NovogeneMay2025	JERC	No	yes	yes	yes	77274	74586	96.52	11591100	11066050	95.47	98.74	99.60	95.26	97.22	66.34	66.24	ok
JERC-7-2-Rh	intbio_reads_NovogeneMay2025	JERC	Rh	yes	yes	yes	74880	71972	96.12	11232000	10687239	95.15	98.68	99.62	95.20	97.36	63.84	63.74	ok
JERC-7-2-Ro	intbio_reads_NovogeneMay2025	JERC	Ro	yes	yes	yes	270476	260426	96.28	40571400	38816952	95.68	98.95	99.65	95.71	97.43	64.37	64.31	ok
JERC-8-1-No	intbio_reads_NovogeneDecember2025	JERC	No	yes	yes	yes	5527056	5200360	94.09	829058400	769723612	92.84	98.30	99.58	94.24	97.22	65.42	65.15	ok
JERC-8-1-Rh	intbio_reads_NovogeneDecember2025	JERC	Rh	yes	yes	yes	23802	22942	96.39	3570300	3427276	95.99	99.06	99.78	96.37	98.07	61.12	61.00	ok
JERC-8-1-Ro	intbio_reads_NovogeneDecember2025	JERC	Ro	yes	yes	yes	5723918	5512118	96.30	858587700	820366958	95.55	98.88	99.72	95.75	97.79	65.20	65.12	ok
JERC-8-2-No	intbio_reads_NovogeneMay2025	JERC	No	yes	yes	yes	917862	806762	87.90	137679300	119696309	86.94	97.81	99.41	92.04	96.06	67.07	66.27	ok
JERC-8-2-Rh	intbio_reads_NovogeneMay2025	JERC	Rh	yes	yes	yes	65956	62642	94.98	9893400	9318214	94.19	98.50	99.64	94.92	97.37	63.99	63.82	ok
JERC-8-4-No	intbio_reads_NovogeneDecember2025	JERC	No	yes	yes	yes	19258764	18438596	95.74	2888814600	2747219745	95.10	98.89	99.72	95.66	97.72	65.94	65.83	ok
JERC-8-4-Rh	intbio_reads_NovogeneDecember2025	JERC	Rh	yes	yes	yes	16866	15718	93.19	2529900	2198095	86.88	95.53	99.35	88.23	96.57	63.26	62.25	ok
JERC-8-4-Ro	intbio_reads_NovogeneDecember2025	JERC	Ro	yes	yes	yes	4301750	4096622	95.23	645262500	608956881	94.37	98.73	99.70	95.35	97.68	64.92	64.74	ok
JERC-8-5-No	intbio_reads_NovogeneDecember2025	JERC	No	yes	yes	yes	5371496	5128434	95.47	805724400	746062813	92.60	97.53	99.45	92.78	96.81	64.96	64.80	ok
JERC-8-5-Rh	intbio_reads_NovogeneDecember2025	JERC	Rh	yes	yes	yes	31588	30568	96.77	4738200	4565261	96.35	99.09	99.79	96.40	98.22	60.76	60.72	ok
JERC-8-5-Ro	intbio_reads_NovogeneDecember2025	JERC	Ro	yes	yes	yes	7783714	7479874	96.10	1167557100	1113252148	95.35	98.86	99.72	95.66	97.75	65.53	65.45	ok
JERC-84-3-No	intbio_reads_NovogeneMay2025	JERC	No	yes	yes	yes	2675332	2621644	97.99	401299800	388871934	96.90	99.10	99.75	96.99	98.47	58.42	58.30	ok
JERC-84-3-Rh	intbio_reads_NovogeneMay2025	JERC	Rh	yes	yes	yes	234640	228808	97.51	35196000	34059486	96.77	99.13	99.78	96.93	98.40	63.27	63.22	ok
JERC-84-3-Ro	intbio_reads_NovogeneMay2025	JERC	Ro	yes	yes	yes	25308	24432	96.54	3796200	3632904	95.70	98.92	99.76	96.29	98.25	63.43	63.41	ok
JERC-85-2-No	intbio_reads_NovogeneMay2025	JERC	No	yes	yes	yes	5747006	5608440	97.59	862050900	837525536	97.15	99.38	99.85	97.62	98.77	58.28	58.20	ok
JERC-85-2-Rh	intbio_reads_NovogeneMay2025	JERC	Rh	yes	yes	yes	224078	219246	97.84	33611700	32686370	97.25	99.30	99.81	97.34	98.56	62.32	62.27	ok
JERC-85-2-Ro	intbio_reads_NovogeneMay2025	JERC	Ro	yes	yes	yes	31926	31176	97.65	4788900	4630728	96.70	99.04	99.75	96.74	98.38	60.57	60.48	ok
JERC-87-1-No	intbio_reads_NovogeneAugust2025	JERC	No	yes	yes	yes	6232036	6116144	98.14	934805400	914866481	97.87	99.52	99.83	97.82	98.58	57.08	57.01	ok
JERC-87-1-Rh	intbio_reads_NovogeneAugust2025	JERC	Rh	yes	yes	yes	323568	301792	93.27	48535200	44977550	92.67	98.88	99.59	95.09	96.99	63.74	63.49	ok
JERC-87-1-Ro	intbio_reads_NovogeneAugust2025	JERC	Ro	yes	yes	yes	418452	390224	93.25	62767800	58293499	92.87	99.01	99.68	95.60	97.45	64.39	64.12	ok
JERC-88-1-No	intbio_reads_NovogeneAugust2025	JERC	No	yes	yes	yes	6019074	5901262	98.04	902861100	883256513	97.83	99.54	99.83	97.78	98.50	57.21	57.15	ok
JERC-88-1-Rh	intbio_reads_NovogeneAugust2025	JERC	Rh	yes	yes	yes	294778	282334	95.78	44216700	42177558	95.39	99.17	99.69	96.30	97.65	62.53	62.35	ok
JERC-88-1-Ro	intbio_reads_NovogeneAugust2025	JERC	Ro	yes	yes	yes	314094	294676	93.82	47114100	44018695	93.43	98.99	99.64	95.52	97.25	64.23	64.05	ok
JERC-89-1-No	intbio_reads_NovogeneAugust2025	JERC	No	yes	yes	yes	7024942	6450202	91.82	1053741300	962418264	91.33	98.70	99.58	94.60	96.88	66.06	65.63	ok
JERC-89-1-Rh	intbio_reads_NovogeneAugust2025	JERC	Rh	yes	yes	yes	476320	436096	91.56	71448000	65079597	91.09	98.77	99.63	94.86	97.17	64.61	64.33	ok
JERC-89-1-Ro	intbio_reads_NovogeneAugust2025	JERC	Ro	yes	yes	yes	4298152	4131408	96.12	644722800	617442892	95.77	99.23	99.72	96.52	97.77	66.13	66.00	ok
JERC-90-1-No	intbio_reads_NovogeneAugust2025	JERC	No	yes	yes	yes	12088274	11638806	96.28	1813241100	1738945344	95.90	99.23	99.70	96.40	97.60	65.65	65.54	ok
JERC-90-1-Rh	intbio_reads_NovogeneAugust2025	JERC	Rh	yes	yes	yes	577534	558002	96.62	86630100	83146692	95.98	99.14	99.74	96.62	97.97	63.78	63.60	ok
JERC-90-1-Ro	intbio_reads_NovogeneAugust2025	JERC	Ro	yes	yes	yes	114802	110950	96.64	17220300	16559035	96.16	99.21	99.73	96.67	97.90	62.99	62.85	ok
JERC-91-1-No	intbio_reads_NovogeneAugust2025	JERC	No	yes	yes	yes	1111812	1047938	94.25	166771800	156473990	93.83	99.05	99.69	95.81	97.52	62.65	62.35	ok
JERC-91-1-Rh	intbio_reads_NovogeneAugust2025	JERC	Rh	yes	yes	yes	640496	599536	93.60	96074400	89538610	93.20	99.05	99.67	95.69	97.40	64.31	64.01	ok
JERC-91-1-Ro	intbio_reads_NovogeneAugust2025	JERC	Ro	yes	yes	yes	52948	51610	97.47	7942200	7705704	97.02	99.30	99.74	96.91	97.95	64.88	64.84	ok
JERC-92-4-No	intbio_reads_NovogeneMay2025	JERC	No	yes	yes	yes	6108136	5960326	97.58	916220400	887931373	96.91	99.22	99.79	97.10	98.50	58.07	58.00	ok
JERC-92-4-Rh	intbio_reads_NovogeneMay2025	JERC	Rh	yes	yes	yes	180248	175668	97.46	27037200	26143037	96.69	99.09	99.76	96.76	98.29	63.58	63.53	ok
JERC-92-4-Ro	intbio_reads_NovogeneMay2025	JERC	Ro	yes	yes	yes	253892	248174	97.75	38083800	37033260	97.24	99.32	99.82	97.30	98.54	60.69	60.63	ok
JERC-93-1-No	intbio_reads_NovogeneAugust2025	JERC	No	yes	yes	yes	8553974	8375632	97.92	1283096100	1253534249	97.70	99.54	99.81	97.64	98.33	58.05	57.99	ok
JERC-93-1-Rh	intbio_reads_NovogeneAugust2025	JERC	Rh	yes	yes	yes	180798	169792	93.91	27119700	25276082	93.20	98.60	99.61	94.60	97.12	63.85	63.53	ok
JERC-93-1-Ro	intbio_reads_NovogeneAugust2025	JERC	Ro	yes	yes	yes	20388	19240	94.37	3058200	2857465	93.44	98.46	99.63	94.65	97.27	63.30	63.08	ok
JERC-94-1-No	intbio_reads_NovogeneAugust2025	JERC	No	yes	yes	yes	12694992	12367116	97.42	1904248800	1848645899	97.08	99.40	99.77	97.18	98.09	60.88	60.81	ok
JERC-94-1-Rh	intbio_reads_NovogeneAugust2025	JERC	Rh	yes	yes	yes	1054878	1017204	96.43	158231700	151307480	95.62	98.82	99.64	95.48	97.44	63.49	63.44	ok
JERC-94-1-Ro	intbio_reads_NovogeneAugust2025	JERC	Ro	yes	yes	yes	27890	26548	95.19	4183500	3944363	94.28	98.47	99.61	94.62	97.21	63.43	63.36	ok
JERC-95-5-No	intbio_reads_NovogeneMay2025	JERC	No	yes	yes	yes	12430308	12113466	97.45	1864546200	1795258914	96.28	98.89	99.73	96.48	98.32	58.13	57.97	ok
JERC-95-5-Rh	intbio_reads_NovogeneMay2025	JERC	Rh	yes	yes	yes	824878	801768	97.20	123731700	119372353	96.48	99.12	99.80	96.87	98.43	64.09	64.00	ok
JERC-95-5-Ro	intbio_reads_NovogeneMay2025	JERC	Ro	yes	yes	yes	39144	37838	96.66	5871600	5609538	95.54	98.79	99.73	96.09	98.17	61.17	61.02	ok
JERC-96-2-No	intbio_reads_NovogeneMay2025	JERC	No	yes	yes	yes	2393200	2331058	97.40	358980000	348501518	97.08	99.45	99.86	97.70	98.76	58.34	58.25	ok
JERC-96-2-Rh	intbio_reads_NovogeneMay2025	JERC	Rh	yes	yes	yes	131136	127234	97.02	19670400	18985944	96.52	99.25	99.83	97.09	98.53	64.12	64.05	ok
JERC-96-2-Ro	intbio_reads_NovogeneMay2025	JERC	Ro	yes	yes	yes	1377062	1340222	97.32	206559300	200114719	96.88	99.33	99.82	97.32	98.57	58.44	58.35	ok
JERC-98-1-No	intbio_reads_NovogeneMay2025	JERC	No	yes	yes	yes	297900	287416	96.48	44685000	42869518	95.94	99.03	99.72	96.26	97.92	61.33	61.17	ok
JERC-98-1-Rh	intbio_reads_NovogeneMay2025	JERC	Rh	yes	yes	yes	314212	306252	97.47	47131800	45640730	96.84	99.11	99.72	96.49	97.97	63.46	63.41	ok
JERC-98-1-Ro	intbio_reads_NovogeneMay2025	JERC	Ro	yes	yes	yes	220476	213894	97.01	33071400	31518152	95.30	98.32	99.65	95.21	97.78	64.15	64.00	ok
JERC-98-2-No	intbio_reads_NovogeneMay2025	JERC	No	yes	yes	yes	1060428	1025124	96.67	159064200	152670110	95.98	99.02	99.71	96.32	97.96	57.82	57.65	ok
JERC-98-2-Rh	intbio_reads_NovogeneMay2025	JERC	Rh	yes	yes	yes	159930	155496	97.23	23989500	23143342	96.47	99.00	99.70	96.24	97.86	64.08	63.99	ok
JERC-98-2-Ro	intbio_reads_NovogeneMay2025	JERC	Ro	yes	yes	yes	21710	21168	97.50	3256500	3143022	96.52	98.89	99.65	95.90	97.66	63.73	63.67	ok
JERC-98-3-No	intbio_reads_NovogeneMay2025	JERC	No	yes	yes	yes	1927172	1866096	96.83	289075800	278448608	96.32	99.16	99.74	96.67	98.10	58.26	58.07	ok
JERC-98-3-Rh	intbio_reads_NovogeneMay2025	JERC	Rh	yes	yes	yes	235364	227966	96.86	35304600	33913842	96.06	99.01	99.71	96.14	97.83	64.22	64.10	ok
JERC-98-3-Ro	intbio_reads_NovogeneMay2025	JERC	Ro	yes	yes	yes	39676	38524	97.10	5951400	5734827	96.36	99.01	99.72	96.25	97.91	63.78	63.70	ok
JERC-98-4-No	intbio_reads_NovogeneMay2025	JERC	No	yes	yes	yes	2299610	2234392	97.16	344941500	333342642	96.64	99.15	99.74	96.57	98.04	58.93	58.82	ok
JERC-98-4-Rh	intbio_reads_NovogeneMay2025	JERC	Rh	yes	yes	yes	308384	297462	96.46	46257600	44230942	95.62	98.84	99.71	95.97	97.94	64.28	64.13	ok
JERC-98-4-Ro	intbio_reads_NovogeneMay2025	JERC	Ro	yes	yes	yes	41844	40802	97.51	6276600	6046183	96.33	98.72	99.62	95.74	97.73	57.98	57.90	ok
JERC-99-1-No	intbio_reads_NovogeneMay2025	JERC	No	yes	yes	yes	1329476	1298308	97.66	199421400	193616471	97.09	99.21	99.75	96.81	98.13	58.34	58.27	ok
JERC-99-1-Rh	intbio_reads_NovogeneMay2025	JERC	Rh	yes	yes	yes	169910	165402	97.35	25486500	24629136	96.64	99.05	99.71	96.32	97.90	64.42	64.36	ok
JERC-99-1-Ro	intbio_reads_NovogeneMay2025	JERC	Ro	yes	yes	yes	5310	5086	95.78	796500	743279	93.32	97.68	99.56	93.73	97.43	61.58	61.36	ok
JERC-99-2-No	intbio_reads_NovogeneMay2025	JERC	No	yes	yes	yes	2604660	2513594	96.50	390699000	375775664	96.18	99.36	99.85	97.41	98.67	58.20	58.01	ok
JERC-99-2-Rh	intbio_reads_NovogeneMay2025	JERC	Rh	yes	yes	yes	127984	124768	97.49	19197600	18584089	96.80	99.07	99.71	96.36	97.91	64.21	64.14	ok
JERC-99-2-Ro	intbio_reads_NovogeneMay2025	JERC	Ro	yes	yes	yes	294864	287328	97.44	44229600	42762009	96.68	99.01	99.71	96.26	97.89	64.90	64.83	ok
JERC-99-3-No	intbio_reads_NovogeneMay2025	JERC	No	yes	yes	yes	3891280	3781172	97.17	583692000	565208937	96.83	99.41	99.85	97.56	98.68	58.33	58.22	ok
JERC-99-3-Rh	intbio_reads_NovogeneMay2025	JERC	Rh	yes	yes	yes	140024	136650	97.59	21003600	20387605	97.07	99.19	99.75	96.67	98.03	64.09	64.04	ok
JERC-99-3-Ro	intbio_reads_NovogeneMay2025	JERC	Ro	yes	yes	yes	6966	6808	97.73	1044900	1006419	96.32	98.74	99.57	95.61	97.45	62.61	62.53	ok
JERC-99-4-No	intbio_reads_NovogeneMay2025	JERC	No	yes	yes	yes	1665026	1612134	96.82	249753900	241056260	96.52	99.42	99.85	97.54	98.68	58.20	58.06	ok
JERC-99-4-Rh	intbio_reads_NovogeneMay2025	JERC	Rh	yes	yes	yes	308582	300226	97.29	46287300	44735600	96.65	99.08	99.74	96.48	98.01	64.39	64.32	ok
JERC-99-4-Ro	intbio_reads_NovogeneMay2025	JERC	Ro	yes	yes	yes	22146	21626	97.65	3321900	3219528	96.92	99.09	99.71	96.51	97.98	58.44	58.36	ok
JERC-AMFR-56-1-No	intbio_reads_NovogeneMay2025	JERC	No	yes	yes	yes	3056918	2957422	96.75	458537700	439553927	95.86	98.83	99.66	95.72	97.66	60.54	60.44	ok
JERC-AMFR-56-1-Rh	intbio_reads_NovogeneMay2025	JERC	Rh	yes	yes	yes	323634	311500	96.25	48545100	46333565	95.44	98.85	99.63	95.54	97.42	64.25	64.10	ok
JERC-AMFR-56-1-Ro	intbio_reads_NovogeneMay2025	JERC	Ro	yes	yes	yes	521382	489406	93.87	78207300	72748007	93.02	98.42	99.59	94.45	97.16	63.76	63.47	ok
JERC-AMFU-71-1-No	intbio_reads_NovogeneMay2025	JERC	No	yes	yes	yes	3317486	3238488	97.62	497622900	476439689	95.74	98.36	99.59	95.44	97.91	59.85	59.71	ok
JERC-AMFU-71-1-Rh	intbio_reads_NovogeneMay2025	JERC	Rh	yes	yes	yes	772150	731462	94.73	115822500	108466568	93.65	98.51	99.73	95.56	98.12	63.08	62.78	ok
JERC-AMFU-71-1-Ro	intbio_reads_NovogeneMay2025	JERC	Ro	yes	yes	yes	499112	486846	97.54	74866800	71505508	95.51	98.17	99.50	95.09	97.73	59.60	59.45	ok
JERC-CEAM-53-4-No	intbio_reads_NovogeneDecember2025	JERC	No	yes	yes	yes	6148186	5923474	96.35	922227900	882051892	95.64	98.94	99.73	95.85	97.82	65.85	65.78	ok
JERC-CEAM-53-4-Rh	intbio_reads_NovogeneDecember2025	JERC	Rh	yes	yes	yes	604568	576892	95.42	90685200	85654177	94.45	98.66	99.68	95.27	97.67	64.53	64.41	ok
JERC-CEAM-53-4-Ro	intbio_reads_NovogeneDecember2025	JERC	Ro	yes	yes	yes	631336	609794	96.59	94700400	89247097	94.24	97.84	99.45	93.82	97.17	64.19	64.15	ok
JERC-CEMI-8-1-No	intbio_reads_NovogeneDecember2025	JERC	No	yes	yes	yes	11332494	10864876	95.87	1699874100	1619145507	95.25	98.92	99.73	95.74	97.75	65.82	65.72	ok
JERC-CEMI-8-1-Rh	intbio_reads_NovogeneDecember2025	JERC	Rh	yes	yes	yes	356002	344924	96.89	53400300	51025894	95.55	98.65	99.64	95.40	97.63	61.81	61.74	ok
JERC-CEMI-8-1-Ro	intbio_reads_NovogeneDecember2025	JERC	Ro	yes	yes	yes	1484122	1425640	96.06	222618300	210665546	94.63	98.42	99.67	94.90	97.64	64.17	64.03	ok
JERC-CERE-67-1-No	intbio_reads_NovogeneMay2025	JERC	No	yes	yes	yes	4314018	4207876	97.54	647102700	625234315	96.62	99.09	99.73	96.74	98.27	58.22	58.11	ok
JERC-CERE-67-1-Rh	intbio_reads_NovogeneMay2025	JERC	Rh	yes	yes	yes	1061764	1012450	95.36	159264600	150380947	94.42	98.72	99.74	95.94	98.17	62.65	62.40	ok
JERC-CERE-67-1-Ro	intbio_reads_NovogeneMay2025	JERC	Ro	yes	yes	yes	907826	881982	97.15	136173900	130489148	95.83	98.55	99.64	95.79	98.02	59.79	59.64	ok
JERC-CEVI-57-2-No	intbio_reads_NovogeneMay2025	JERC	No	yes	yes	yes	10319622	10098316	97.86	1547943300	1507381838	97.38	99.37	99.84	97.61	98.76	58.76	58.71	ok
JERC-CEVI-57-2-Rh	intbio_reads_NovogeneMay2025	JERC	Rh	yes	yes	yes	180382	175018	97.03	27057300	25972193	95.99	98.73	99.67	95.62	97.64	64.20	64.14	ok
JERC-CEVI-57-2-Ro	intbio_reads_NovogeneMay2025	JERC	Ro	yes	yes	yes	7000	6770	96.71	1050000	1007751	95.98	98.92	99.66	95.81	97.58	62.41	62.29	ok
JERC-CEVI-80-2-No	intbio_reads_NovogeneMay2025	JERC	No	yes	yes	yes	1485974	1443438	97.14	222896100	215486425	96.68	99.32	99.82	97.27	98.56	58.59	58.49	ok
JERC-CEVI-80-2-Rh	intbio_reads_NovogeneMay2025	JERC	Rh	yes	yes	yes	372728	347208	93.15	55909200	51731816	92.53	98.84	99.76	95.73	98.03	63.68	63.25	ok
JERC-CEVI-80-2-Ro	intbio_reads_NovogeneMay2025	JERC	Ro	yes	yes	yes	199968	187104	93.57	29995200	27918036	93.08	98.99	99.78	96.02	98.08	63.72	63.33	ok
JERC-CHNI-60-3-No	intbio_reads_NovogeneMay2025	JERC	No	yes	yes	yes	4562322	4467122	97.91	684348300	667663353	97.56	99.47	99.85	97.79	98.78	58.42	58.37	ok
JERC-CHNI-60-3-Rh	intbio_reads_NovogeneMay2025	JERC	Rh	yes	yes	yes	82204	77706	94.53	12330600	11594287	94.03	98.82	99.62	95.10	97.19	64.66	64.39	ok
JERC-CHNI-69-4-No	intbio_reads_NovogeneMay2025	JERC	No	yes	yes	yes	5802034	5676904	97.84	870305100	839932683	96.51	98.81	99.65	96.27	98.11	58.14	58.05	ok
JERC-CHNI-69-4-Rh	intbio_reads_NovogeneMay2025	JERC	Rh	yes	yes	yes	1034400	982544	94.99	155160000	145968365	94.08	98.69	99.77	95.93	98.27	62.96	62.67	ok
JERC-CHNI-69-4-Ro	intbio_reads_NovogeneMay2025	JERC	Ro	yes	yes	yes	822128	779416	94.80	123319200	115712744	93.83	98.58	99.76	95.76	98.21	62.84	62.54	ok
JERC-CHNI-86-4-No	intbio_reads_NovogeneAugust2025	JERC	No	yes	yes	yes	6702338	6478874	96.67	1005350700	963027951	95.79	98.86	99.66	95.70	97.62	58.06	57.96	ok
JERC-CHNI-86-4-Rh	intbio_reads_NovogeneAugust2025	JERC	Rh	yes	yes	yes	628094	594906	94.72	94214100	88545023	93.98	98.59	99.61	94.74	97.12	63.81	63.67	ok
JERC-CLMA-62-5-No	intbio_reads_NovogeneMay2025	JERC	No	yes	yes	yes	973980	929528	95.44	146097000	138364787	94.71	98.89	99.76	96.21	98.21	63.05	62.80	ok
JERC-CLMA-62-5-Rh	intbio_reads_NovogeneMay2025	JERC	Rh	yes	yes	yes	127674	123670	96.86	19151100	18369774	95.92	98.74	99.64	95.60	97.56	63.64	63.59	ok
JERC-CLMA-62-5-Ro	intbio_reads_NovogeneMay2025	JERC	Ro	yes	yes	yes	26728	25750	96.34	4009200	3822751	95.35	98.75	99.73	95.97	98.16	61.97	61.85	ok
JERC-CLMA-73-2-No	intbio_reads_NovogeneMay2025	JERC	No	yes	yes	yes	482332	470880	97.63	72349800	70052174	96.82	99.14	99.77	96.94	98.41	58.43	58.35	ok
JERC-CLMA-73-2-Rh	intbio_reads_NovogeneMay2025	JERC	Rh	yes	yes	yes	2680720	2592762	96.72	402108000	380958467	94.74	98.03	99.60	94.93	97.86	61.62	61.45	ok
JERC-CLMA-73-2-Ro	intbio_reads_NovogeneMay2025	JERC	Ro	yes	yes	yes	2423276	2347658	96.88	363491400	344978768	94.91	98.16	99.63	95.08	97.93	62.06	61.85	ok
JERC-CLMA-76-2-No	intbio_reads_NovogeneMay2025	JERC	No	yes	yes	yes	470114	452916	96.34	70517100	67609932	95.88	99.23	99.82	96.99	98.48	59.73	59.55	ok
JERC-CLMA-76-2-Rh	intbio_reads_NovogeneMay2025	JERC	Rh	yes	yes	yes	590554	553386	93.71	88583100	82261311	92.86	98.60	99.77	95.58	98.14	63.44	63.04	ok
JERC-CLMA-76-2-Ro	intbio_reads_NovogeneMay2025	JERC	Ro	yes	yes	yes	429398	405636	94.47	64409700	60346253	93.69	98.78	99.78	95.93	98.18	63.26	62.91	ok
JERC-CLMA-83-1-No	intbio_reads_NovogeneMay2025	JERC	No	yes	yes	yes	1072554	1037516	96.73	160883100	154792915	96.21	99.27	99.82	97.13	98.52	57.71	57.56	ok
JERC-CLMA-83-1-Rh	intbio_reads_NovogeneMay2025	JERC	Rh	yes	yes	yes	111428	107414	96.40	16714200	15966516	95.53	98.92	99.75	96.25	98.14	64.45	64.34	ok
JERC-CLMA-83-1-Ro	intbio_reads_NovogeneMay2025	JERC	Ro	yes	yes	yes	5322	5016	94.25	798300	740621	92.77	98.01	99.65	94.40	97.77	60.48	60.16	ok
JERC-CRJU-86-1-No	intbio_reads_NovogeneAugust2025	JERC	No	yes	yes	yes	4333770	4264042	98.39	650065500	636849685	97.97	99.45	99.80	97.69	98.50	57.82	57.76	ok
JERC-CRJU-86-1-Rh	intbio_reads_NovogeneAugust2025	JERC	Rh	yes	yes	yes	365662	340694	93.17	54849300	50855463	92.72	98.95	99.66	95.48	97.41	63.69	63.35	ok
JERC-CRJU-86-1-Ro	intbio_reads_NovogeneAugust2025	JERC	Ro	yes	yes	yes	159324	148134	92.98	23898600	22129863	92.60	98.91	99.66	95.31	97.34	64.20	63.85	ok
JERC-CRRO-64-1-No	intbio_reads_NovogeneMay2025	JERC	No	yes	yes	yes	1076402	1039190	96.54	161460300	154735571	95.84	99.05	99.78	96.70	98.39	60.31	60.14	ok
JERC-CRRO-64-1-Rh	intbio_reads_NovogeneMay2025	JERC	Rh	yes	yes	yes	820018	783108	95.50	123002700	116525842	94.73	98.90	99.78	96.24	98.26	63.19	62.95	ok
JERC-CRRO-64-1-Ro	intbio_reads_NovogeneMay2025	JERC	Ro	yes	yes	yes	870576	827734	95.08	130586400	123159103	94.31	98.80	99.77	96.05	98.21	63.15	62.89	ok
JERC-CRRO-70-1-No	intbio_reads_NovogeneMay2025	JERC	No	yes	yes	yes	1637600	1565242	95.58	245640000	232422332	94.62	98.66	99.73	95.93	98.19	62.44	62.21	ok
JERC-CRRO-70-1-Rh	intbio_reads_NovogeneMay2025	JERC	Rh	yes	yes	yes	914738	878340	96.02	137210700	130572105	95.16	98.81	99.75	96.21	98.26	62.61	62.44	ok
JERC-CRRO-70-1-Ro	intbio_reads_NovogeneMay2025	JERC	Ro	yes	yes	yes	198878	190030	95.55	29831700	28247588	94.69	98.76	99.75	96.04	98.19	62.98	62.76	ok
JERC-DEFL-31-5-No	intbio_reads_NovogeneMay2025	JERC	No	yes	yes	yes	4440554	4341374	97.77	666083100	648927213	97.42	99.46	99.85	97.74	98.75	58.47	58.40	ok
JERC-DEFL-31-5-Rh	intbio_reads_NovogeneMay2025	JERC	Rh	yes	yes	yes	550588	526452	95.62	82588200	78133673	94.61	98.50	99.62	94.95	97.36	63.14	62.97	ok
JERC-DEFL-31-5-Ro	intbio_reads_NovogeneMay2025	JERC	Ro	yes	yes	yes	43680	41766	95.62	6552000	6189497	94.47	98.48	99.63	94.93	97.39	63.11	62.90	ok
JERC-DEFL-61-3-No	intbio_reads_NovogeneMay2025	JERC	No	yes	yes	yes	8889220	8665230	97.48	1333383000	1293724732	97.03	99.35	99.85	97.53	98.73	58.54	58.46	ok
JERC-DEFL-61-3-Rh	intbio_reads_NovogeneMay2025	JERC	Rh	yes	yes	yes	85394	83194	97.42	12809100	12348580	96.40	98.90	99.65	95.85	97.57	63.77	63.71	ok
JERC-DEFL-61-3-Ro	intbio_reads_NovogeneMay2025	JERC	Ro	yes	yes	yes	18930	18440	97.41	2839500	2744180	96.64	98.99	99.66	96.05	97.59	61.01	60.92	ok
JERC-DEFL-75-2-No	intbio_reads_NovogeneMay2025	JERC	No	yes	yes	yes	3785234	3694714	97.61	567785100	552308281	97.27	99.46	99.85	97.71	98.74	58.59	58.52	ok
JERC-DEFL-75-2-Rh	intbio_reads_NovogeneMay2025	JERC	Rh	yes	yes	yes	507948	475158	93.54	76192200	70655087	92.73	98.73	99.76	95.62	98.02	63.66	63.29	ok
JERC-DEFL-75-2-Ro	intbio_reads_NovogeneMay2025	JERC	Ro	yes	yes	yes	124792	117718	94.33	18718800	17528049	93.64	98.86	99.75	95.91	98.06	63.15	62.84	ok
JERC-DEFL-75-3-No	intbio_reads_NovogeneMay2025	JERC	No	yes	yes	yes	3579526	3476334	97.12	536928900	518446301	96.56	99.26	99.80	97.11	98.48	58.37	58.26	ok
JERC-DEFL-75-3-Rh	intbio_reads_NovogeneMay2025	JERC	Rh	yes	yes	yes	474556	451522	95.15	71183400	67207444	94.41	98.85	99.76	96.05	98.14	63.33	63.07	ok
JERC-DEFL-75-3-Ro	intbio_reads_NovogeneMay2025	JERC	Ro	yes	yes	yes	262128	243324	92.83	39319200	36202655	92.07	98.66	99.76	95.46	98.01	63.50	63.06	ok
JERC-DELI-77-2-No	intbio_reads_NovogeneMay2025	JERC	No	yes	yes	yes	390582	377696	96.70	58587300	56352597	96.19	99.21	99.82	97.02	98.50	59.85	59.69	ok
JERC-DELI-77-2-Rh	intbio_reads_NovogeneMay2025	JERC	Rh	yes	yes	yes	378872	354482	93.56	56830800	52730962	92.79	98.75	99.76	95.69	98.06	63.69	63.27	ok
JERC-DELI-77-2-Ro	intbio_reads_NovogeneMay2025	JERC	Ro	yes	yes	yes	215626	207404	96.19	32343900	30850459	95.38	98.91	99.77	96.35	98.27	63.23	63.07	ok
JERC-DESM-74-1-No	intbio_reads_NovogeneMay2025	JERC	No	yes	yes	yes	1207300	1141680	94.56	181095000	169823630	93.78	98.67	99.78	95.93	98.28	62.49	62.15	ok
JERC-DESM-74-1-Rh	intbio_reads_NovogeneMay2025	JERC	Rh	yes	yes	yes	1144106	1077576	94.18	171615900	160288919	93.40	98.70	99.77	95.88	98.20	63.17	62.78	ok
JERC-DESM-74-1-Ro	intbio_reads_NovogeneMay2025	JERC	Ro	yes	yes	yes	67366	65560	97.32	10104900	9569463	94.70	97.80	99.52	94.42	97.76	58.36	58.15	ok
JERC-DEST-32-1-No	intbio_reads_NovogeneMay2025	JERC	No	yes	yes	yes	2131594	2065280	96.89	319739100	307783618	96.26	99.06	99.68	96.21	97.74	58.22	58.07	ok
JERC-DEST-32-1-Rh	intbio_reads_NovogeneMay2025	JERC	Rh	yes	yes	yes	781752	741652	94.87	117262800	110216288	93.99	98.40	99.63	94.80	97.37	63.31	63.12	ok
JERC-DEST-32-1-Ro	intbio_reads_NovogeneMay2025	JERC	Ro	yes	yes	yes	430062	411154	95.60	64509300	61030700	94.61	98.48	99.63	95.04	97.45	63.08	62.90	ok
JERC-DEST-65-5-No	intbio_reads_NovogeneMay2025	JERC	No	yes	yes	yes	676154	655856	97.00	101423100	97506272	96.14	98.96	99.73	96.52	98.25	60.13	60.00	ok
JERC-DEST-65-5-Rh	intbio_reads_NovogeneMay2025	JERC	Rh	yes	yes	yes	698520	671242	96.09	104778000	99767457	95.22	98.85	99.73	96.15	98.15	62.40	62.21	ok
JERC-DEST-65-5-Ro	intbio_reads_NovogeneMay2025	JERC	Ro	yes	yes	yes	161622	156638	96.92	24243300	23229488	95.82	98.80	99.71	96.20	98.17	61.35	61.21	ok
JERC-DEST-68-4-No	intbio_reads_NovogeneMay2025	JERC	No	yes	yes	yes	4629130	4509596	97.42	694369500	674004611	97.07	99.43	99.85	97.63	98.72	58.36	58.26	ok
JERC-DEST-68-4-Rh	intbio_reads_NovogeneMay2025	JERC	Rh	yes	yes	yes	586588	563218	96.02	87988200	83717510	95.15	98.85	99.75	96.29	98.27	62.06	61.84	ok
JERC-DEST-68-4-Ro	intbio_reads_NovogeneMay2025	JERC	Ro	yes	yes	yes	1280974	1225392	95.66	192146100	182362113	94.91	98.81	99.79	96.28	98.35	62.63	62.44	ok
JERC-GAVO-33-1-No	intbio_reads_NovogeneMay2025	JERC	No	yes	yes	yes	4443494	4320310	97.23	666524100	641332434	96.22	98.77	99.61	95.51	97.44	61.22	61.14	ok
JERC-GAVO-33-1-Rh	intbio_reads_NovogeneMay2025	JERC	Rh	yes	yes	yes	1076522	1029490	95.63	161478300	152810251	94.63	98.52	99.63	94.99	97.40	63.17	63.00	ok
JERC-GAVO-33-1-Ro	intbio_reads_NovogeneMay2025	JERC	Ro	yes	yes	yes	73760	69982	94.88	11064000	10384042	93.85	98.29	99.62	94.63	97.35	63.10	62.88	ok
JERC-LEHI-82-3-No	intbio_reads_NovogeneMay2025	JERC	No	yes	yes	yes	118796	111080	93.50	17819400	16543359	92.84	98.82	99.76	95.72	97.99	63.28	62.86	ok
JERC-LEHI-82-3-Rh	intbio_reads_NovogeneMay2025	JERC	Rh	yes	yes	yes	486966	454710	93.38	73044900	67749533	92.75	98.82	99.77	95.76	98.11	63.58	63.13	ok
JERC-LEHI-82-3-Ro	intbio_reads_NovogeneMay2025	JERC	Ro	yes	yes	yes	1722344	1665960	96.73	258351600	248770732	96.29	99.32	99.82	97.22	98.55	58.26	58.11	ok
JERC-LEST-78-5-No	intbio_reads_NovogeneMay2025	JERC	No	yes	yes	yes	1726284	1659798	96.15	258942600	247696979	95.66	99.19	99.80	96.85	98.41	59.87	59.66	ok
JERC-LEST-78-5-Rh	intbio_reads_NovogeneMay2025	JERC	Rh	yes	yes	yes	739284	694858	93.99	110892600	103442133	93.28	98.80	99.77	95.88	98.16	63.20	62.82	ok
JERC-LEST-78-5-Ro	intbio_reads_NovogeneMay2025	JERC	Ro	yes	yes	yes	166822	155822	93.41	25023300	23198802	92.71	98.72	99.77	95.69	98.12	63.23	62.80	ok
JERC-LEVI-79-2-No	intbio_reads_NovogeneMay2025	JERC	No	yes	yes	yes	403624	381976	94.64	60543600	56902746	93.99	98.87	99.77	96.00	98.12	63.52	63.22	ok
JERC-LEVI-79-2-Rh	intbio_reads_NovogeneMay2025	JERC	Rh	yes	yes	yes	461798	429430	92.99	69269700	63956993	92.33	98.73	99.77	95.57	98.08	63.57	63.08	ok
JERC-LEVI-79-2-Ro	intbio_reads_NovogeneMay2025	JERC	Ro	yes	yes	yes	66772	64126	96.04	10015800	9546589	95.32	98.97	99.77	96.34	98.19	62.65	62.46	ok
JERC-RHDI-59-3-No	intbio_reads_NovogeneMay2025	JERC	No	yes	yes	yes	6173090	6030568	97.69	925963500	900454062	97.25	99.39	99.84	97.59	98.70	58.42	58.33	ok
JERC-RHDI-59-3-Rh	intbio_reads_NovogeneMay2025	JERC	Rh	yes	yes	yes	153620	149932	97.60	23043000	22315478	96.84	99.03	99.67	96.17	97.68	62.60	62.57	ok
JERC-RHDI-59-3-Ro	intbio_reads_NovogeneMay2025	JERC	Ro	yes	yes	yes	8908	8680	97.44	1336200	1288624	96.44	98.84	99.64	95.79	97.56	62.55	62.49	ok
JERC-RHRE-55-1-No	intbio_reads_NovogeneMay2025	JERC	No	yes	yes	yes	4524228	4410484	97.49	678634200	659137906	97.13	99.43	99.85	97.65	98.73	58.55	58.46	ok
JERC-RHRE-55-1-Rh	intbio_reads_NovogeneMay2025	JERC	Rh	yes	yes	yes	300390	291176	96.93	45058500	43323423	96.15	98.95	99.65	95.94	97.60	62.16	62.03	ok
JERC-RHRE-55-1-Ro	intbio_reads_NovogeneMay2025	JERC	Ro	yes	yes	yes	14044	13464	95.87	2106600	2005815	95.22	98.84	99.79	96.10	98.28	62.15	62.03	ok
JERC-RHTO-58-1-No	intbio_reads_NovogeneMay2025	JERC	No	yes	yes	yes	4614726	4509934	97.73	692208900	674150957	97.39	99.46	99.85	97.73	98.74	58.46	58.39	ok
JERC-RHTO-58-1-Rh	intbio_reads_NovogeneMay2025	JERC	Rh	yes	yes	yes	134562	130706	97.13	20184300	19422719	96.23	98.85	99.66	95.81	97.63	63.37	63.31	ok
JERC-RHTO-58-1-Ro	intbio_reads_NovogeneMay2025	JERC	Ro	yes	yes	yes	96124	93110	96.86	14418600	13855000	96.09	98.93	99.67	95.84	97.63	63.01	62.92	ok
JERC-STBI-63-1-No	intbio_reads_NovogeneMay2025	JERC	No	yes	yes	yes	16574662	16134802	97.35	2486199300	2407009102	96.81	99.24	99.80	97.20	98.56	58.59	58.51	ok
JERC-STBI-63-1-Rh	intbio_reads_NovogeneMay2025	JERC	Rh	yes	yes	yes	1134294	1082854	95.47	170144100	161064056	94.66	98.85	99.77	96.21	98.26	62.76	62.52	ok
JERC-STBI-63-1-Ro	intbio_reads_NovogeneMay2025	JERC	Ro	yes	yes	yes	49244	47888	97.25	7386600	7106293	96.21	98.89	99.72	96.29	98.16	61.39	61.32	ok
JERC-STBI-72-3-No	intbio_reads_NovogeneMay2025	JERC	No	yes	yes	yes	5029310	4907922	97.59	754396500	732199020	97.06	99.28	99.80	97.25	98.53	57.96	57.89	ok
JERC-STBI-72-3-Rh	intbio_reads_NovogeneMay2025	JERC	Rh	yes	yes	yes	6558262	6405214	97.67	983739300	953248175	96.90	99.14	99.75	96.93	98.37	58.11	58.04	ok
JERC-STBI-72-3-Ro	intbio_reads_NovogeneMay2025	JERC	Ro	yes	yes	yes	102200	99330	97.19	15330000	14651821	95.58	98.48	99.64	95.55	97.95	61.13	61.01	ok
JERC-TECW-66-3-No	intbio_reads_NovogeneMay2025	JERC	No	yes	yes	yes	565514	543876	96.17	84827100	80921021	95.40	98.92	99.75	96.36	98.26	61.78	61.61	ok
JERC-TECW-66-3-Rh	intbio_reads_NovogeneMay2025	JERC	Rh	yes	yes	yes	1096278	1043694	95.20	164441700	155119686	94.33	98.74	99.77	96.04	98.28	62.86	62.58	ok
JERC-TECW-66-3-Ro	intbio_reads_NovogeneMay2025	JERC	Ro	yes	yes	yes	1195838	1145800	95.82	179375700	170186811	94.88	98.71	99.77	96.10	98.28	62.22	62.00	ok
JORN-1-No	intbio_reads_NovogeneMay2025	JORN	No	yes	yes	yes	10756044	10472500	97.36	1613406600	1549008493	96.01	98.53	99.62	95.38	97.63	61.24	61.17	ok
JORN-1-Rh	intbio_reads_NovogeneMay2025	JORN	Rh	yes	yes	yes	296102	282892	95.54	44415300	42056292	94.69	98.68	99.65	95.34	97.55	61.08	60.91	ok
JORN-1-Ro	intbio_reads_NovogeneMay2025	JORN	Ro	yes	yes	yes	21458	20148	93.90	3218700	2959089	91.93	97.31	99.49	92.21	96.75	61.27	61.06	ok
JORN-2-1-No	intbio_reads_NovogeneMay2025	JORN	No	yes	yes	yes	74352	71900	96.70	11152800	10712492	96.05	98.95	99.68	95.86	97.64	63.26	63.18	ok
JORN-2-1-Rh	intbio_reads_NovogeneMay2025	JORN	Rh	yes	yes	yes	643232	617292	95.97	96484800	91730577	95.07	98.65	99.65	95.41	97.61	61.72	61.55	ok
JORN-2-1-Ro	intbio_reads_NovogeneMay2025	JORN	Ro	yes	yes	yes	23194	22446	96.78	3479100	3316046	95.31	98.41	99.60	94.89	97.40	63.00	62.95	ok
JORN-3-1-No	intbio_reads_NovogeneMay2025	JORN	No	yes	yes	yes	42052	40640	96.64	6307800	6009911	95.28	98.45	99.60	94.80	97.32	62.64	62.60	ok
JORN-3-1-Rh	intbio_reads_NovogeneMay2025	JORN	Rh	yes	yes	yes	428656	412826	96.31	64298400	61446928	95.57	98.81	99.67	95.64	97.59	63.52	63.43	ok
JORN-3-1-Ro	intbio_reads_NovogeneMay2025	JORN	Ro	yes	yes	yes	8510	8224	96.64	1276500	1205269	94.42	97.88	99.54	93.85	97.19	62.52	62.45	ok
JORN-4-1-No	intbio_reads_NovogeneMay2025	JORN	No	yes	yes	yes	60462	58716	97.11	9069300	8727500	96.23	98.82	99.67	95.79	97.71	61.08	61.01	ok
JORN-4-1-Rh	intbio_reads_NovogeneMay2025	JORN	Rh	yes	yes	yes	169772	163862	96.52	25465800	24386898	95.76	98.85	99.67	95.72	97.67	62.54	62.46	ok
JORN-4-1-Ro	intbio_reads_NovogeneMay2025	JORN	Ro	yes	yes	yes	28474	27674	97.19	4271100	4121766	96.50	99.02	99.74	96.31	98.01	60.25	60.17	ok
KONA-1-1-No	intbio_reads_NovogeneAugust2025	KONA	No	yes	yes	yes	4346444	4262930	98.08	651966600	637934469	97.85	99.56	99.81	97.65	98.31	57.96	57.91	ok
KONA-1-1-Rh	intbio_reads_NovogeneMay2025	KONA	Rh	yes	yes	yes	28474	27674	97.19	4271100	4121766	96.50	99.02	99.74	96.31	98.01	60.25	60.17	ok
KONA-1-1-Ro	intbio_reads_NovogeneMay2025	KONA	Ro	yes	yes	yes	28474	27674	97.19	4271100	4121766	96.50	99.02	99.74	96.31	98.01	60.25	60.17	ok
KONA-2-1-No	intbio_reads_NovogeneMay2025	KONA	No	yes	yes	yes	28474	27674	97.19	4271100	4121766	96.50	99.02	99.74	96.31	98.01	60.25	60.17	ok
KONA-2-1-Rh	intbio_reads_NovogeneMay2025	KONA	Rh	yes	yes	yes	28474	27674	97.19	4271100	4121766	96.50	99.02	99.74	96.31	98.01	60.25	60.17	ok
KONA-2-1-Ro	intbio_reads_NovogeneMay2025	KONA	Ro	yes	yes	yes	28474	27674	97.19	4271100	4121766	96.50	99.02	99.74	96.31	98.01	60.25	60.17	ok
KONA-3-1-No	intbio_reads_NovogeneMay2025	KONA	No	yes	yes	yes	28474	27674	97.19	4271100	4121766	96.50	99.02	99.74	96.31	98.01	60.25	60.17	ok
KONA-3-1-Rh	intbio_reads_NovogeneMay2025	KONA	Rh	yes	yes	yes	28474	27674	97.19	4271100	4121766	96.50	99.02	99.74	96.31	98.01	60.25	60.17	ok
KONA-3-1-Ro	intbio_reads_NovogeneMay2025	KONA	Ro	yes	yes	yes	11088	10554	95.18	1663200	1534025	92.23	97.11	99.47	92.35	97.02	60.37	60.11	ok
KONZ-1-No	intbio_reads_NovogeneMay2025	KONZ	No	yes	yes	yes	1736600	1681674	96.84	260490000	251278816	96.46	99.33	99.82	97.25	98.51	60.33	60.18	ok
KONZ-1-Rh	intbio_reads_NovogeneMay2025	KONZ	Rh	yes	yes	yes	55362	53870	97.31	8304300	8039201	96.81	99.15	99.69	96.27	97.64	58.16	58.05	ok
KONZ-1-Ro	intbio_reads_NovogeneMay2025	KONZ	Ro	yes	yes	yes	92400	87966	95.20	13860000	13047340	94.14	98.41	99.59	94.77	97.40	57.93	57.51	ok
KONZ-10-1-No	intbio_reads_NovogeneMay2025	KONZ	No	yes	yes	yes	6347894	6202524	97.71	952184100	925829880	97.23	99.35	99.84	97.54	98.72	58.90	58.84	ok
KONZ-10-1-Rh	intbio_reads_NovogeneMay2025	KONZ	Rh	yes	yes	yes	247646	240174	96.98	37146900	35624232	95.90	98.79	99.70	96.13	98.10	62.43	62.35	ok
KONZ-10-1-Ro	intbio_reads_NovogeneMay2025	KONZ	Ro	yes	yes	yes	28212	27192	96.38	4231800	4038209	95.43	98.85	99.75	96.22	98.23	61.91	61.77	ok
KONZ-11-1-No	intbio_reads_NovogeneMay2025	KONZ	No	yes	yes	yes	3493208	3344276	95.74	523981200	497415922	94.93	98.94	99.75	96.30	98.24	60.80	60.63	ok
KONZ-11-1-Rh	intbio_reads_NovogeneMay2025	KONZ	Rh	yes	yes	yes	1753638	1676240	95.59	263045700	248062400	94.30	98.21	99.68	95.32	98.07	62.22	62.02	ok
KONZ-11-1-Ro	intbio_reads_NovogeneMay2025	KONZ	Ro	yes	yes	yes	24260	23678	97.60	3639000	3501804	96.23	98.67	99.65	95.81	97.86	62.95	62.95	ok
KONZ-12-1-No	intbio_reads_NovogeneMay2025	KONZ	No	yes	yes	yes	15031450	14710464	97.86	2254717500	2195670621	97.38	99.36	99.83	97.52	98.67	59.85	59.79	ok
KONZ-12-1-Rh	intbio_reads_NovogeneMay2025	KONZ	Rh	yes	yes	yes	557658	535030	95.94	83648700	79555343	95.11	98.81	99.79	96.26	98.34	63.28	63.09	ok
KONZ-12-1-Ro	intbio_reads_NovogeneMay2025	KONZ	Ro	yes	yes	yes	38842	37676	97.00	5826300	5605268	96.21	99.01	99.76	96.49	98.19	63.32	63.23	ok
KONZ-13-1-No	intbio_reads_NovogeneMay2025	KONZ	No	yes	yes	yes	19014	18270	96.09	2852100	2711683	95.08	98.63	99.65	95.28	97.58	63.47	63.33	ok
KONZ-13-1-Rh	intbio_reads_NovogeneMay2025	KONZ	Rh	yes	yes	yes	331160	320050	96.65	49674000	47693093	96.01	98.80	99.73	96.04	97.99	64.22	64.14	ok
KONZ-13-1-Ro	intbio_reads_NovogeneMay2025	KONZ	Ro	yes	yes	yes	20338	19668	96.71	3050700	2901044	95.09	98.25	99.56	94.56	97.28	63.63	63.57	ok
KONZ-14-1-No	intbio_reads_NovogeneMay2025	KONZ	No	yes	yes	yes	590324	574130	97.26	88548600	85441099	96.49	99.01	99.70	96.31	97.92	59.53	59.40	ok
KONZ-14-1-Rh	intbio_reads_NovogeneMay2025	KONZ	Rh	yes	yes	yes	639260	622818	97.43	95889000	92733574	96.71	99.05	99.71	96.29	97.87	64.40	64.35	ok
KONZ-14-1-Ro	intbio_reads_NovogeneMay2025	KONZ	Ro	yes	yes	yes	18198	17096	93.94	2729700	2531822	92.75	97.88	99.63	93.88	97.57	62.86	62.70	ok
KONZ-15-1-No	intbio_reads_NovogeneMay2025	KONZ	No	yes	yes	yes	21641710	20868082	96.43	3246256500	3071850487	94.63	98.16	99.51	94.54	97.30	65.04	64.88	ok
KONZ-15-1-Rh	intbio_reads_NovogeneMay2025	KONZ	Rh	yes	yes	yes	579260	552152	95.32	86889000	81760048	94.10	98.24	99.60	94.76	97.51	62.81	62.58	ok
KONZ-15-1-Ro	intbio_reads_NovogeneMay2025	KONZ	Ro	yes	yes	yes	17606	16896	95.97	2640900	2485201	94.10	97.96	99.51	93.83	97.13	63.81	63.74	ok
KONZ-16-1-No	intbio_reads_NovogeneMay2025	KONZ	No	yes	yes	yes	9831670	9462586	96.25	1474750500	1405769367	95.32	98.72	99.64	95.55	97.62	65.46	65.28	ok
KONZ-16-1-Rh	intbio_reads_NovogeneMay2025	KONZ	Rh	yes	yes	yes	1470442	1418146	96.44	220566300	211022670	95.67	98.80	99.71	95.88	97.86	63.00	62.86	ok
KONZ-16-1-Ro	intbio_reads_NovogeneMay2025	KONZ	Ro	yes	yes	yes	14664	13482	91.94	2199600	1991632	90.55	97.16	99.55	92.05	97.11	64.88	64.79	ok
KONZ-16-2-No	intbio_reads_NovogeneDecember2025	KONZ	No	yes	yes	yes	2585080	2421424	93.67	387762000	360395787	92.94	98.62	99.67	94.89	97.51	65.51	65.18	ok
KONZ-16-2-Rh	intbio_reads_NovogeneDecember2025	KONZ	Rh	yes	yes	yes	254344	245258	96.43	38151600	36528627	95.75	98.90	99.72	95.84	97.84	63.34	63.28	ok
KONZ-16-2-Ro	intbio_reads_NovogeneDecember2025	KONZ	Ro	yes	yes	yes	848754	824400	97.13	127313100	121416128	95.37	98.37	99.55	94.80	97.37	63.71	63.71	ok
KONZ-2-1-No	intbio_reads_NovogeneMay2025	KONZ	No	yes	yes	yes	6586706	6457580	98.04	988005900	964229087	97.59	99.40	99.83	97.67	98.72	58.54	58.49	ok
KONZ-2-1-Rh	intbio_reads_NovogeneMay2025	KONZ	Rh	yes	yes	yes	93048	89464	96.15	13957200	13343887	95.61	99.12	99.81	96.83	98.44	62.82	62.63	ok
KONZ-2-1-Ro	intbio_reads_NovogeneMay2025	KONZ	Ro	yes	yes	yes	33772	32602	96.54	5065800	4848466	95.71	98.76	99.64	95.54	97.53	61.09	61.00	ok
KONZ-3-1-No	intbio_reads_NovogeneMay2025	KONZ	No	yes	yes	yes	1249372	1211426	96.96	187405800	180724887	96.44	99.09	99.69	96.23	97.73	59.49	59.37	ok
KONZ-3-1-Rh	intbio_reads_NovogeneMay2025	KONZ	Rh	yes	yes	yes	324958	310526	95.56	48743700	46171203	94.72	98.70	99.64	95.21	97.40	63.52	63.30	ok
KONZ-3-1-Ro	intbio_reads_NovogeneMay2025	KONZ	Ro	yes	yes	yes	33266	31558	94.87	4989900	4692767	94.05	98.44	99.62	94.79	97.37	62.85	62.60	ok
KONZ-4-1-No	intbio_reads_NovogeneMay2025	KONZ	No	yes	yes	yes	1380170	1326614	96.12	207025500	197618880	95.46	98.92	99.67	95.82	97.65	58.38	58.23	ok
KONZ-4-1-Rh	intbio_reads_NovogeneMay2025	KONZ	Rh	yes	yes	yes	191118	184790	96.69	28667700	27468856	95.82	98.81	99.64	95.60	97.51	63.77	63.69	ok
KONZ-4-1-Ro	intbio_reads_NovogeneMay2025	KONZ	Ro	yes	yes	yes	8428	8010	95.04	1264200	1190691	94.19	98.46	99.64	94.85	97.41	62.13	61.99	ok
KONZ-5-1-No	intbio_reads_NovogeneMay2025	KONZ	No	yes	yes	yes	2564114	2504338	97.67	384617100	374088162	97.26	99.40	99.84	97.61	98.73	59.50	59.44	ok
KONZ-5-1-Rh	intbio_reads_NovogeneMay2025	KONZ	Rh	yes	yes	yes	172700	164736	95.39	25905000	24548068	94.76	98.63	99.68	95.39	97.64	63.30	63.17	ok
KONZ-5-1-Ro	intbio_reads_NovogeneMay2025	KONZ	Ro	yes	yes	yes	30242	28948	95.72	4536300	4308948	94.99	98.79	99.65	95.42	97.47	63.84	63.68	ok
KONZ-6-1-No	intbio_reads_NovogeneMay2025	KONZ	No	yes	yes	yes	15544524	15134404	97.36	2331678600	2248039331	96.41	98.83	99.64	95.88	97.71	60.15	60.08	ok
KONZ-6-1-Rh	intbio_reads_NovogeneMay2025	KONZ	Rh	yes	yes	yes	819754	773932	94.41	122963100	114384793	93.02	98.08	99.60	94.23	97.33	63.43	63.11	ok
KONZ-6-1-Ro	intbio_reads_NovogeneMay2025	KONZ	Ro	yes	yes	yes	171046	162478	94.99	25656900	24185058	94.26	98.67	99.64	95.13	97.42	63.35	63.12	ok
KONZ-7-1-No	intbio_reads_NovogeneMay2025	KONZ	No	yes	yes	yes	2067588	2016906	97.55	310138200	301535130	97.23	99.44	99.86	97.70	98.77	58.98	58.91	ok
KONZ-7-1-Rh	intbio_reads_NovogeneMay2025	KONZ	Rh	yes	yes	yes	881258	841468	95.48	132188700	125124691	94.66	98.67	99.64	95.23	97.49	63.41	63.20	ok
KONZ-7-1-Ro	intbio_reads_NovogeneMay2025	KONZ	Ro	yes	yes	yes	10610	10174	95.89	1591500	1515787	95.24	98.89	99.78	96.15	98.19	61.69	61.59	ok
KONZ-8-1-No	intbio_reads_NovogeneMay2025	KONZ	No	yes	yes	yes	544362	531294	97.60	81654300	79245847	97.05	99.15	99.70	96.49	97.85	59.03	58.98	ok
KONZ-8-1-Rh	intbio_reads_NovogeneMay2025	KONZ	Rh	yes	yes	yes	1294116	1233204	95.29	194117400	183062160	94.30	98.41	99.60	94.85	97.36	63.16	62.99	ok
KONZ-8-1-Ro	intbio_reads_NovogeneMay2025	KONZ	Ro	yes	yes	yes	16310	15540	95.28	2446500	2305725	94.25	98.49	99.72	95.17	97.92	61.83	61.72	ok
KONZ-9-2-No	intbio_reads_NovogeneMay2025	KONZ	No	yes	yes	yes	5707454	5582214	97.81	856118100	834406120	97.46	99.46	99.85	97.74	98.75	59.21	59.15	ok
KONZ-9-2-Rh	intbio_reads_NovogeneMay2025	KONZ	Rh	yes	yes	yes	54810	53302	97.25	8221500	7940634	96.58	99.20	99.78	96.92	98.31	65.35	65.30	ok
KONZ-9-2-Ro	intbio_reads_NovogeneMay2025	KONZ	Ro	yes	yes	yes	30240	29222	96.63	4536000	4341805	95.72	98.88	99.74	96.05	98.07	62.17	62.10	ok
LAJA-1-1-No	intbio_reads_NovogeneAugust2025	LAJA	No	yes	yes	yes	5148784	5060414	98.28	772317600	757498710	98.08	99.59	99.82	97.81	98.42	59.32	59.28	ok
LAJA-1-1-Rh	intbio_reads_NovogeneAugust2025	LAJA	Rh	yes	yes	yes	61398	59196	96.41	9209700	8852581	96.12	99.26	99.72	96.56	97.73	62.17	62.03	ok
LAJA-1-1-Ro	intbio_reads_NovogeneAugust2025	LAJA	Ro	yes	yes	yes	19526	18792	96.24	2928900	2787600	95.18	98.67	99.60	95.18	97.34	61.41	61.28	ok
LAJA-1-2-No	intbio_reads_NovogeneAugust2025	LAJA	No	yes	yes	yes	2685726	2597100	96.70	402858900	387256219	96.13	99.05	99.70	96.09	97.74	59.43	59.33	ok
LAJA-1-2-Rh	intbio_reads_NovogeneAugust2025	LAJA	Rh	yes	yes	yes	129456	124142	95.90	19418400	18474207	95.14	98.81	99.62	95.23	97.20	63.93	63.83	ok
LAJA-1-2-Ro	intbio_reads_NovogeneAugust2025	LAJA	Ro	yes	yes	yes	155314	149040	95.96	23297100	22218692	95.37	98.92	99.68	95.71	97.56	61.24	61.12	ok
LAJA-1-3-No	intbio_reads_NovogeneAugust2025	LAJA	No	yes	yes	yes	4939918	4772870	96.62	740987700	709071226	95.69	98.79	99.66	95.64	97.65	56.59	56.46	ok
LAJA-1-3-Rh	intbio_reads_NovogeneAugust2025	LAJA	Rh	yes	yes	yes	381288	367964	96.51	57193200	54809469	95.83	98.94	99.66	95.71	97.46	61.89	61.79	ok
LAJA-1-3-Ro	intbio_reads_NovogeneAugust2025	LAJA	Ro	yes	yes	yes	348752	335732	96.27	52312800	50029984	95.64	98.95	99.68	95.83	97.63	60.24	60.07	ok
LAJA-10-1-No	intbio_reads_NovogeneAugust2025	LAJA	No	yes	yes	yes	1612084	1560422	96.80	241812600	231493543	95.73	98.69	99.58	95.34	97.41	58.03	57.93	ok
LAJA-10-1-Rh	intbio_reads_NovogeneAugust2025	LAJA	Rh	yes	yes	yes	215638	206578	95.80	32345700	30739492	95.03	98.81	99.62	95.26	97.26	63.80	63.69	ok
LAJA-10-1-Ro	intbio_reads_NovogeneAugust2025	LAJA	Ro	yes	yes	yes	9412	9062	96.28	1411800	1332450	94.38	98.25	99.52	94.30	97.08	62.07	61.93	ok
LAJA-11-3-No	intbio_reads_NovogeneAugust2025	LAJA	No	yes	yes	yes	6162910	6055410	98.26	924436500	904478928	97.84	99.44	99.80	97.61	98.43	58.21	58.16	ok
LAJA-11-3-Rh	intbio_reads_NovogeneAugust2025	LAJA	Rh	yes	yes	yes	225048	218300	97.00	33757200	32266252	95.58	98.51	99.52	94.79	97.05	65.98	65.95	ok
LAJA-11-3-Ro	intbio_reads_NovogeneAugust2025	LAJA	Ro	yes	yes	yes	39482	37740	95.59	5922300	5597630	94.52	98.33	99.55	94.44	97.15	62.57	62.54	ok
LAJA-12-1-No	intbio_reads_NovogeneAugust2025	LAJA	No	yes	yes	yes	1996952	1933874	96.84	299542800	288187410	96.21	98.97	99.65	95.91	97.60	59.45	59.37	ok
LAJA-12-1-Rh	intbio_reads_NovogeneAugust2025	LAJA	Rh	yes	yes	yes	140356	135374	96.45	21053400	20025138	95.12	98.46	99.52	94.70	97.03	64.18	64.07	ok
LAJA-12-1-Ro	intbio_reads_NovogeneAugust2025	LAJA	Ro	yes	yes	yes	66690	64234	96.32	10003500	9510207	95.07	98.43	99.57	94.78	97.25	62.55	62.48	ok
LAJA-13-3-No	intbio_reads_NovogeneAugust2025	LAJA	No	yes	yes	yes	57193278	55344376	96.77	8578991700	8204285789	95.63	98.58	99.58	95.25	97.51	53.95	53.80	ok
LAJA-13-3-Rh	intbio_reads_NovogeneAugust2025	LAJA	Rh	yes	yes	yes	149440	144090	96.42	22416000	21378130	95.37	98.61	99.57	94.92	97.11	64.72	64.67	ok
LAJA-13-3-Ro	intbio_reads_NovogeneAugust2025	LAJA	Ro	yes	yes	yes	1342428	1299648	96.81	201364200	193267809	95.98	98.80	99.63	95.71	97.64	53.86	53.73	ok
LAJA-14-1-No	intbio_reads_NovogeneAugust2025	LAJA	No	yes	yes	yes	3272422	3157378	96.48	490863300	468515648	95.45	98.65	99.57	95.20	97.33	58.00	57.86	ok
LAJA-14-1-Rh	intbio_reads_NovogeneAugust2025	LAJA	Rh	yes	yes	yes	3151248	3051260	96.83	472687200	453690571	95.98	98.85	99.63	95.65	97.51	58.14	58.06	ok
LAJA-14-1-Ro	intbio_reads_NovogeneAugust2025	LAJA	Ro	yes	yes	yes	381336	368732	96.69	57200400	54653271	95.55	98.62	99.57	95.18	97.36	58.98	58.85	ok
LAJA-15-1-No	intbio_reads_NovogeneAugust2025	LAJA	No	yes	yes	yes	16155936	15761932	97.56	2423390400	2357376785	97.28	99.45	99.78	97.31	98.15	57.33	57.26	ok
LAJA-15-1-Rh	intbio_reads_NovogeneAugust2025	LAJA	Rh	yes	yes	yes	595238	572524	96.18	89285700	85159633	95.38	98.81	99.63	95.51	97.47	58.91	58.76	ok
LAJA-15-1-Ro	intbio_reads_NovogeneAugust2025	LAJA	Ro	yes	yes	yes	417344	403820	96.76	62601600	59737533	95.42	98.52	99.55	94.99	97.30	59.53	59.43	ok
LAJA-16-2-No	intbio_reads_NovogeneAugust2025	LAJA	No	yes	yes	yes	7913980	7677398	97.01	1187097000	1133537854	95.49	98.40	99.51	94.81	97.25	58.06	57.92	ok
LAJA-16-2-Rh	intbio_reads_NovogeneAugust2025	LAJA	Rh	yes	yes	yes	209706	202624	96.62	31455900	29749247	94.57	97.99	99.43	93.99	96.97	61.42	61.30	ok
LAJA-16-2-Ro	intbio_reads_NovogeneAugust2025	LAJA	Ro	yes	yes	yes	2060726	1996712	96.89	309108900	290057435	93.84	97.56	99.35	93.17	96.89	57.00	56.54	ok
LAJA-17-1-No	intbio_reads_NovogeneAugust2025	LAJA	No	yes	yes	yes	4523826	4394918	97.15	678573900	652131266	96.10	98.77	99.57	95.52	97.42	57.59	57.48	ok
LAJA-17-1-Rh	intbio_reads_NovogeneAugust2025	LAJA	Rh	yes	yes	yes	341502	331030	96.93	51225300	49000765	95.66	98.60	99.53	95.06	97.21	61.34	61.24	ok
LAJA-17-1-Ro	intbio_reads_NovogeneAugust2025	LAJA	Ro	yes	yes	yes	178910	172994	96.69	26836500	25636820	95.53	98.57	99.56	94.96	97.20	63.41	63.37	ok
LAJA-18-1-No	intbio_reads_NovogeneAugust2025	LAJA	No	yes	yes	yes	15896182	15530300	97.70	2384427300	2323346382	97.44	99.48	99.80	97.49	98.30	57.52	57.44	ok
LAJA-18-1-Rh	intbio_reads_NovogeneAugust2025	LAJA	Rh	yes	yes	yes	258910	247386	95.55	38836500	36846027	94.87	98.82	99.66	95.47	97.54	59.40	59.21	ok
LAJA-18-1-Ro	intbio_reads_NovogeneAugust2025	LAJA	Ro	yes	yes	yes	105350	102232	97.04	15802500	13923616	88.11	94.01	98.55	86.07	94.83	59.73	58.87	ok
LAJA-19-2-No	intbio_reads_NovogeneAugust2025	LAJA	No	yes	yes	yes	1929164	1871636	97.02	289374600	271725981	93.90	97.63	99.34	93.17	96.80	58.63	58.18	ok
LAJA-19-2-Rh	intbio_reads_NovogeneAugust2025	LAJA	Rh	yes	yes	yes	191798	185366	96.65	28769700	27483094	95.53	98.65	99.57	95.05	97.17	63.78	63.71	ok
LAJA-19-2-Ro	intbio_reads_NovogeneAugust2025	LAJA	Ro	yes	yes	yes	31756	30576	96.28	4763400	4454607	93.52	97.53	99.37	92.96	96.75	58.61	58.30	ok
LAJA-2-1-No	intbio_reads_NovogeneAugust2025	LAJA	No	yes	yes	yes	6249166	6048994	96.80	937374900	893541537	95.32	98.49	99.60	95.08	97.51	57.18	57.05	ok
LAJA-2-1-Rh	intbio_reads_NovogeneAugust2025	LAJA	Rh	yes	yes	yes	592728	565274	95.37	88909200	84138327	94.63	98.70	99.64	95.12	97.29	64.35	64.24	ok
LAJA-2-1-Ro	intbio_reads_NovogeneAugust2025	LAJA	Ro	yes	yes	yes	435590	420240	96.48	65338500	62420018	95.53	98.75	99.65	95.63	97.68	55.39	55.23	ok
LAJA-2-2-No	intbio_reads_NovogeneAugust2025	LAJA	No	yes	yes	yes	5134994	4929126	95.99	770249100	734863019	95.41	98.96	99.69	95.83	97.65	57.05	56.87	ok
LAJA-2-2-Rh	intbio_reads_NovogeneAugust2025	LAJA	Rh	yes	yes	yes	265962	251852	94.69	39894300	37457715	93.89	98.64	99.61	94.79	97.15	63.83	63.62	ok
LAJA-2-2-Ro	intbio_reads_NovogeneAugust2025	LAJA	Ro	yes	yes	yes	1492234	1442228	96.65	223835100	214642142	95.89	98.92	99.68	95.81	97.63	59.34	59.24	ok
LAJA-2-3-No	intbio_reads_NovogeneAugust2025	LAJA	No	yes	yes	yes	22770762	22309770	97.98	3415614300	3332802860	97.58	99.43	99.81	97.56	98.45	54.54	54.41	ok
LAJA-2-3-Rh	intbio_reads_NovogeneAugust2025	LAJA	Rh	yes	yes	yes	426614	409472	95.98	63992100	60950667	95.25	98.86	99.65	95.54	97.47	59.65	59.49	ok
LAJA-2-3-Ro	intbio_reads_NovogeneAugust2025	LAJA	Ro	yes	yes	yes	2781678	2683828	96.48	417251700	399043567	95.64	98.83	99.67	95.68	97.68	56.00	55.84	ok
LAJA-20-1-No	intbio_reads_NovogeneMay2025	LAJA	No	yes	yes	yes	7546108	7386308	97.88	1131916200	1100701974	97.24	99.29	99.81	97.41	98.66	57.51	57.43	ok
LAJA-20-1-Rh	intbio_reads_NovogeneAugust2025	LAJA	Rh	yes	yes	yes	151072	144976	95.96	22660800	21468979	94.74	98.45	99.52	94.57	96.99	64.65	64.57	ok
LAJA-20-1-Ro	intbio_reads_NovogeneMay2025	LAJA	Ro	yes	yes	yes	27574	26700	96.83	4136100	3915887	94.68	98.29	99.62	94.93	97.79	62.40	62.14	ok
LAJA-21-1-No	intbio_reads_NovogeneAugust2025	LAJA	No	yes	yes	yes	7860984	7706278	98.03	1179147600	1153012549	97.78	99.52	99.81	97.63	98.35	57.56	57.51	ok
LAJA-21-1-Rh	intbio_reads_NovogeneMay2025	LAJA	Rh	yes	yes	yes	457460	434318	94.94	68619000	64904339	94.59	99.23	99.83	96.87	98.50	59.01	58.65	ok
LAJA-21-1-Ro	intbio_reads_NovogeneMay2025	LAJA	Ro	yes	yes	yes	69122	67136	97.13	10368300	10005181	96.50	99.14	99.81	96.96	98.54	59.61	59.50	ok
LAJA-22-2-No	intbio_reads_NovogeneMay2025	LAJA	No	yes	yes	yes	1044354	1017034	97.38	156653100	151601456	96.78	99.21	99.81	97.22	98.62	59.26	59.14	ok
LAJA-22-2-Rh	intbio_reads_NovogeneMay2025	LAJA	Rh	yes	yes	yes	89384	86968	97.30	13407600	12939580	96.51	99.12	99.78	96.82	98.34	65.60	65.52	ok
LAJA-22-2-Ro	intbio_reads_NovogeneMay2025	LAJA	Ro	yes	yes	yes	14214	13602	95.69	2132100	2014434	94.48	98.53	99.72	95.35	98.02	62.43	62.20	ok
LAJA-23-1-No	intbio_reads_NovogeneMay2025	LAJA	No	yes	yes	yes	9937330	9705892	97.67	1490599500	1445882621	97.00	99.28	99.82	97.35	98.66	57.83	57.72	ok
LAJA-23-1-Rh	intbio_reads_NovogeneMay2025	LAJA	Rh	yes	yes	yes	3841148	3746992	97.55	576172200	559768949	97.15	99.43	99.85	97.66	98.75	57.66	57.57	ok
LAJA-23-1-Ro	intbio_reads_NovogeneMay2025	LAJA	Ro	yes	yes	yes	35102	33814	96.33	5265300	5009141	95.13	98.69	99.72	95.90	98.21	58.80	58.50	ok
LAJA-24-2-No	intbio_reads_NovogeneAugust2025	LAJA	No	yes	yes	yes	410110	395184	96.36	61516500	58965024	95.85	99.05	99.69	95.97	97.60	58.39	58.27	ok
LAJA-24-2-Rh	intbio_reads_NovogeneAugust2025	LAJA	Rh	yes	yes	yes	66700	64530	96.75	10005000	9613940	96.09	98.99	99.65	95.76	97.44	62.00	61.94	ok
LAJA-24-2-Ro	intbio_reads_NovogeneAugust2025	LAJA	Ro	yes	yes	yes	3830	3626	94.67	574500	538702	93.77	98.66	99.60	94.80	97.13	59.02	58.90	ok
LAJA-25-1-No	intbio_reads_NovogeneAugust2025	LAJA	No	yes	yes	yes	1664022	1605482	96.48	249603300	238127545	95.40	98.71	99.66	95.44	97.61	60.28	60.13	ok
LAJA-25-1-Rh	intbio_reads_NovogeneAugust2025	LAJA	Rh	yes	yes	yes	84242	80836	95.96	12636300	11996535	94.94	98.67	99.59	95.05	97.19	65.40	65.30	ok
LAJA-25-1-Ro	intbio_reads_NovogeneAugust2025	LAJA	Ro	yes	yes	yes	37710	36272	96.19	5656500	5346978	94.53	98.31	99.54	94.49	97.17	63.16	63.01	ok
LAJA-26-1-No	intbio_reads_NovogeneAugust2025	LAJA	No	yes	yes	yes	1206010	1159398	96.14	180901500	172499291	95.36	98.85	99.69	95.74	97.71	60.27	60.10	ok
LAJA-26-1-Rh	intbio_reads_NovogeneAugust2025	LAJA	Rh	yes	yes	yes	111338	105794	95.02	16700700	15716655	94.11	98.65	99.59	94.89	97.11	66.31	66.14	ok
LAJA-26-1-Ro	intbio_reads_NovogeneAugust2025	LAJA	Ro	yes	yes	yes	28020	27060	96.57	4203000	4000303	95.18	98.46	99.57	94.80	97.24	63.08	62.98	ok
LAJA-3-1-No	intbio_reads_NovogeneAugust2025	LAJA	No	yes	yes	yes	2923588	2865930	98.03	438538200	428900594	97.80	99.54	99.81	97.67	98.36	60.63	60.58	ok
LAJA-3-1-Rh	intbio_reads_NovogeneAugust2025	LAJA	Rh	yes	yes	yes	160648	155356	96.71	24097200	23021034	95.53	98.67	99.58	95.16	97.24	64.55	64.52	ok
LAJA-3-1-Ro	intbio_reads_NovogeneAugust2025	LAJA	Ro	yes	yes	yes	16938	16378	96.69	2540700	2442908	96.15	99.15	99.73	96.46	97.83	61.55	61.52	ok
LAJA-3-2-No	intbio_reads_NovogeneAugust2025	LAJA	No	yes	yes	yes	3446022	3366292	97.69	516903300	503601588	97.43	99.49	99.80	97.47	98.25	60.27	60.20	ok
LAJA-3-2-Rh	intbio_reads_NovogeneAugust2025	LAJA	Rh	yes	yes	yes	2223100	2163150	97.30	333465000	323691012	97.07	99.45	99.77	97.24	98.07	60.87	60.78	ok
LAJA-3-2-Ro	intbio_reads_NovogeneAugust2025	LAJA	Ro	yes	yes	yes	46194	44406	96.13	6929100	6593612	95.16	98.70	99.58	94.94	97.02	64.94	64.88	ok
LAJA-3-3-No	intbio_reads_NovogeneAugust2025	LAJA	No	yes	yes	yes	3363514	3289724	97.81	504527100	492360814	97.59	99.52	99.80	97.53	98.26	60.91	60.84	ok
LAJA-3-3-Rh	intbio_reads_NovogeneAugust2025	LAJA	Rh	yes	yes	yes	270456	258030	95.41	40568400	38395672	94.64	98.78	99.63	95.21	97.30	62.87	62.73	ok
LAJA-3-3-Ro	intbio_reads_NovogeneAugust2025	LAJA	Ro	yes	yes	yes	27956	26768	95.75	4193400	3974316	94.78	98.57	99.59	94.72	97.09	64.74	64.72	ok
LAJA-4-1-No	intbio_reads_NovogeneAugust2025	LAJA	No	yes	yes	yes	1188310	1144370	96.30	178246500	170057753	95.41	98.73	99.62	95.39	97.48	61.47	61.37	ok
LAJA-4-1-Rh	intbio_reads_NovogeneAugust2025	LAJA	Rh	yes	yes	yes	616536	592216	96.06	92480400	88156785	95.32	98.83	99.66	95.48	97.44	63.55	63.43	ok
LAJA-4-1-Ro	intbio_reads_NovogeneAugust2025	LAJA	Ro	yes	yes	yes	104828	100134	95.52	15724200	14869017	94.56	98.64	99.59	94.93	97.21	64.23	64.13	ok
LAJA-5-1-No	intbio_reads_NovogeneAugust2025	LAJA	No	yes	yes	yes	7683684	7431936	96.72	1152552600	1101615388	95.58	98.61	99.60	95.16	97.40	60.50	60.42	ok
LAJA-5-1-Rh	intbio_reads_NovogeneAugust2025	LAJA	Rh	yes	yes	yes	172926	167066	96.61	25938900	24785187	95.55	98.72	99.57	95.10	97.08	66.48	66.43	ok
LAJA-5-1-Ro	intbio_reads_NovogeneAugust2025	LAJA	Ro	yes	yes	yes	20710	20042	96.77	3106500	2970946	95.64	98.69	99.55	95.12	97.07	63.90	63.79	ok
LAJA-6-1-No	intbio_reads_NovogeneAugust2025	LAJA	No	yes	yes	yes	2533402	2445666	96.54	380010300	362554508	95.41	98.65	99.62	95.27	97.47	59.12	58.99	ok
LAJA-6-1-Rh	intbio_reads_NovogeneAugust2025	LAJA	Rh	yes	yes	yes	1150230	1109178	96.43	172534500	165394214	95.86	98.97	99.68	95.86	97.60	60.68	60.60	ok
LAJA-6-1-Ro	intbio_reads_NovogeneAugust2025	LAJA	Ro	yes	yes	yes	17138	16476	96.14	2570700	2446052	95.15	98.64	99.64	95.16	97.44	60.37	60.18	ok
LAJA-7-1-No	intbio_reads_NovogeneAugust2025	LAJA	No	yes	yes	yes	6599336	6372376	96.56	989900400	948860757	95.85	98.91	99.68	95.84	97.70	57.63	57.52	ok
LAJA-7-1-Rh	intbio_reads_NovogeneAugust2025	LAJA	Rh	yes	yes	yes	273916	262604	95.87	41087400	39048938	95.04	98.74	99.64	95.28	97.38	60.91	60.78	ok
LAJA-7-1-Ro	intbio_reads_NovogeneAugust2025	LAJA	Ro	yes	yes	yes	151920	146558	96.47	22788000	21781835	95.58	98.79	99.64	95.44	97.44	61.58	61.49	ok
LAJA-8-2-No	intbio_reads_NovogeneAugust2025	LAJA	No	yes	yes	yes	1382924	1341106	96.98	207438600	199073944	95.97	98.77	99.61	95.48	97.46	60.53	60.46	ok
LAJA-8-2-Rh	intbio_reads_NovogeneAugust2025	LAJA	Rh	yes	yes	yes	140680	135994	96.67	21102000	20190109	95.68	98.77	99.59	95.23	97.18	65.89	65.85	ok
LAJA-8-2-Ro	intbio_reads_NovogeneAugust2025	LAJA	Ro	yes	yes	yes	47582	45896	96.46	7137300	6784159	95.05	98.52	99.56	94.75	97.10	64.78	64.72	ok
LAJA-9-1-No	intbio_reads_NovogeneAugust2025	LAJA	No	yes	yes	yes	13158982	12719288	96.66	1973847300	1878974916	95.19	98.40	99.56	94.87	97.38	57.62	57.50	ok
LAJA-9-1-Rh	intbio_reads_NovogeneAugust2025	LAJA	Rh	yes	yes	yes	3767484	3652618	96.95	565122600	538755415	95.33	98.51	99.55	94.94	97.33	57.80	57.59	ok
LAJA-9-1-Ro	intbio_reads_NovogeneAugust2025	LAJA	Ro	yes	yes	yes	1520532	1468542	96.58	228079800	218826895	95.94	98.95	99.68	95.86	97.66	58.95	58.86	ok
LENO-1-1-No	intbio_reads_NovogeneMay2025	LENO	No	yes	yes	yes	2231468	2178160	97.61	334720200	324928230	97.07	99.29	99.80	97.24	98.51	58.22	58.15	ok
LENO-1-1-Rh	intbio_reads_NovogeneMay2025	LENO	Rh	yes	yes	yes	252714	235688	93.26	37907100	35129064	92.67	98.88	99.78	95.99	98.24	63.55	63.15	ok
LENO-1-1-Ro	intbio_reads_NovogeneMay2025	LENO	Ro	yes	yes	yes	307118	292388	95.20	46067700	43599595	94.64	99.09	99.78	96.51	98.29	63.89	63.64	ok
LENO-10-2-No	intbio_reads_NovogeneMay2025	LENO	No	yes	yes	yes	3712938	3631024	97.79	556940700	542954056	97.49	99.49	99.86	97.83	98.80	58.58	58.51	ok
LENO-10-2-Rh	intbio_reads_NovogeneMay2025	LENO	Rh	yes	yes	yes	19816	19294	97.37	2972400	2861396	96.27	98.94	99.73	96.31	98.16	60.53	60.41	ok
LENO-10-2-Ro	intbio_reads_NovogeneMay2025	LENO	Ro	yes	yes	yes	40826	38916	95.32	6123900	5811959	94.91	99.18	99.81	96.75	98.38	61.27	61.05	ok
LENO-12-3-No	intbio_reads_NovogeneMay2025	LENO	No	yes	yes	yes	1368880	1331572	97.27	205332000	197703983	96.29	98.93	99.74	96.58	98.36	62.24	62.18	ok
LENO-12-3-Rh	intbio_reads_NovogeneMay2025	LENO	Rh	yes	yes	yes	7944	7418	93.38	1191600	1105984	92.82	99.05	99.75	95.98	97.91	62.15	61.68	ok
LENO-12-3-Ro	intbio_reads_NovogeneMay2025	LENO	Ro	yes	yes	yes	239438	228656	95.50	35915700	34076495	94.88	99.18	99.79	96.75	98.34	64.73	64.55	ok
LENO-13-2-No	intbio_reads_NovogeneMay2025	LENO	No	yes	yes	yes	6825408	6675902	97.81	1023811200	984478177	96.16	98.63	99.63	95.76	97.87	57.80	57.64	ok
LENO-13-2-Rh	intbio_reads_NovogeneMay2025	LENO	Rh	yes	yes	yes	120770	117082	96.95	18115500	17452998	96.34	99.09	99.73	96.39	97.94	62.20	62.10	ok
LENO-13-2-Ro	intbio_reads_NovogeneMay2025	LENO	Ro	yes	yes	yes	80486	77710	96.55	12072900	11523353	95.45	98.68	99.67	95.56	97.74	60.76	60.64	ok
LENO-14-3-No	intbio_reads_NovogeneMay2025	LENO	No	yes	yes	yes	3448558	3366942	97.63	517283700	500687386	96.79	99.01	99.68	96.46	97.98	58.51	58.42	ok
LENO-14-3-Rh	intbio_reads_NovogeneMay2025	LENO	Rh	yes	yes	yes	53348	51604	96.73	8002200	7672342	95.88	98.86	99.77	96.20	98.21	60.41	60.24	ok
LENO-14-3-Ro	intbio_reads_NovogeneMay2025	LENO	Ro	yes	yes	yes	426638	413046	96.81	63995700	61565811	96.20	99.08	99.72	96.36	97.92	59.05	58.91	ok
LENO-15-2-No	intbio_reads_NovogeneAugust2025	LENO	No	yes	yes	yes	2507870	2360678	94.13	376180500	350373026	93.14	98.57	99.54	94.45	96.63	66.52	66.31	ok
LENO-15-2-Rh	intbio_reads_NovogeneAugust2025	LENO	Rh	yes	yes	yes	41650	39730	95.39	6247500	5937430	95.04	99.12	99.68	96.21	97.56	60.12	60.02	ok
LENO-15-2-Ro	intbio_reads_NovogeneMay2025	LENO	Ro	yes	yes	yes	5868	5504	93.80	880200	773278	87.85	95.42	99.66	90.35	97.70	63.37	63.15	ok
LENO-16-2-No	intbio_reads_NovogeneAugust2025	LENO	No	yes	yes	yes	3056842	2910190	95.20	458526300	432263041	94.27	98.72	99.59	95.04	96.94	67.38	67.23	ok
LENO-16-2-Rh	intbio_reads_NovogeneAugust2025	LENO	Rh	yes	yes	yes	205664	199366	96.94	30849600	29815463	96.65	99.38	99.75	96.94	97.88	58.38	58.22	ok
LENO-16-2-Ro	intbio_reads_NovogeneMay2025	LENO	Ro	yes	yes	yes	78980	77126	97.65	11847000	11426920	96.45	98.89	99.73	96.43	98.22	64.65	64.61	ok
LENO-2-1-No	intbio_reads_NovogeneMay2025	LENO	No	yes	yes	yes	4472952	4369134	97.68	670942800	653159577	97.35	99.48	99.86	97.76	98.76	58.83	58.77	ok
LENO-2-1-Rh	intbio_reads_NovogeneMay2025	LENO	Rh	yes	yes	yes	238824	223240	93.47	35823600	33052783	92.27	98.23	99.70	94.91	97.94	64.12	63.74	ok
LENO-2-1-Ro	intbio_reads_NovogeneMay2025	LENO	Ro	yes	yes	yes	124636	115428	92.61	18695400	17208528	92.05	98.90	99.76	95.79	98.15	63.56	63.01	ok
LENO-3-2-No	intbio_reads_NovogeneMay2025	LENO	No	yes	yes	yes	5399632	5239438	97.03	809944800	778478567	96.12	98.89	99.68	96.14	97.93	58.71	58.59	ok
LENO-3-2-Rh	intbio_reads_NovogeneMay2025	LENO	Rh	yes	yes	yes	16242	15800	97.28	2436300	2346664	96.32	98.87	99.66	95.86	97.66	61.25	61.20	ok
LENO-3-2-Ro	intbio_reads_NovogeneMay2025	LENO	Ro	yes	yes	yes	253196	245198	96.84	37979400	36510921	96.13	99.00	99.73	96.25	97.94	60.97	60.84	ok
LENO-4-3-No	intbio_reads_NovogeneMay2025	LENO	No	yes	yes	yes	710146	695842	97.99	106521900	103003913	96.70	98.82	99.67	96.50	98.28	58.61	58.49	ok
LENO-4-3-Rh	intbio_reads_NovogeneMay2025	LENO	Rh	yes	yes	yes	217138	208228	95.90	32570700	31073583	95.40	99.24	99.81	96.95	98.45	64.26	64.08	ok
LENO-4-3-Ro	intbio_reads_NovogeneMay2025	LENO	Ro	yes	yes	yes	18956	18480	97.49	2843400	2729213	95.98	98.62	99.72	95.95	98.27	60.35	60.21	ok
LENO-5-2-No	intbio_reads_NovogeneMay2025	LENO	No	yes	yes	yes	10715096	10400822	97.07	1607264400	1549698708	96.42	99.18	99.83	97.12	98.62	60.64	60.51	ok
LENO-5-2-Rh	intbio_reads_NovogeneMay2025	LENO	Rh	yes	yes	yes	94264	91478	97.04	14139600	13627115	96.38	99.08	99.72	96.35	97.87	63.78	63.67	ok
LENO-5-2-Ro	intbio_reads_NovogeneMay2025	LENO	Ro	yes	yes	yes	91480	89102	97.40	13722000	13170773	95.98	98.63	99.63	95.54	97.66	64.23	64.21	ok
LENO-6-1-No	intbio_reads_NovogeneMay2025	LENO	No	yes	yes	yes	7648318	7392958	96.66	1147247700	1104536833	96.28	99.33	99.85	97.39	98.68	58.62	58.48	ok
LENO-6-1-Rh	intbio_reads_NovogeneMay2025	LENO	Rh	yes	yes	yes	209932	203586	96.98	31489800	30278361	96.15	99.01	99.75	96.52	98.22	64.16	64.05	ok
LENO-6-1-Ro	intbio_reads_NovogeneMay2025	LENO	Ro	yes	yes	yes	79636	76384	95.92	11945400	11374521	95.22	98.96	99.80	96.48	98.37	62.45	62.27	ok
LENO-7-2-No	intbio_reads_NovogeneMay2025	LENO	No	yes	yes	yes	1538844	1495680	97.20	230826600	222936949	96.58	99.21	99.81	97.04	98.50	60.92	60.84	ok
LENO-7-2-Rh	intbio_reads_NovogeneMay2025	LENO	Rh	yes	yes	yes	242262	235740	97.31	36339300	34993736	96.30	98.95	99.74	96.38	98.15	64.86	64.80	ok
LENO-7-2-Ro	intbio_reads_NovogeneMay2025	LENO	Ro	yes	yes	yes	24794	24118	97.27	3719100	3578603	96.22	98.83	99.72	96.04	98.02	63.77	63.75	ok
LENO-8-3-No	intbio_reads_NovogeneMay2025	LENO	No	yes	yes	yes	3250150	3168482	97.49	487522500	472437470	96.91	99.26	99.84	97.37	98.71	58.18	58.11	ok
LENO-8-3-Rh	intbio_reads_NovogeneMay2025	LENO	Rh	yes	yes	yes	121870	115080	94.43	18280500	17178098	93.97	99.13	99.81	96.56	98.37	64.83	64.52	ok
LENO-8-3-Ro	intbio_reads_NovogeneMay2025	LENO	Ro	yes	yes	yes	319688	305482	95.56	47953200	45583000	95.06	99.21	99.81	96.80	98.38	64.65	64.47	ok
LENO-9-2-No	intbio_reads_NovogeneMay2025	LENO	No	yes	yes	yes	7461558	7223576	96.81	1119233700	1077172604	96.24	99.24	99.82	97.11	98.55	61.39	61.27	ok
LENO-9-2-Rh	intbio_reads_NovogeneMay2025	LENO	Rh	yes	yes	yes	5523040	5363026	97.10	828456000	798299123	96.36	99.12	99.79	96.85	98.46	61.04	60.95	ok
LENO-9-2-Ro	intbio_reads_NovogeneMay2025	LENO	Ro	yes	yes	yes	8808	8452	95.96	1321200	1258688	95.27	98.85	99.80	96.15	98.34	60.31	60.18	ok
MC-1	intbio_reads_NovogeneMay2025	MC	MC	yes	yes	yes	116800	113054	96.79	17520000	16843693	96.14	99.13	99.77	96.63	98.18	63.93	63.86	ok
MC-2	intbio_reads_NovogeneMay2025	MC	MC	yes	yes	yes	53170	50990	95.90	7975500	7595852	95.24	99.00	99.76	96.23	98.05	63.35	63.23	ok
MLBS-1-1-No	intbio_reads_NovogeneMay2025	MLBS	No	yes	yes	yes	1614096	1549856	96.02	242114400	227331121	93.89	97.96	99.51	93.87	97.04	66.13	66.02	ok
MLBS-1-1-Rh	intbio_reads_NovogeneMay2025	MLBS	Rh	yes	yes	yes	86354	83142	96.28	12953100	12393383	95.68	99.05	99.81	96.69	98.42	63.35	63.23	ok
MLBS-1-1-Ro	intbio_reads_NovogeneMay2025	MLBS	Ro	yes	yes	yes	190624	186140	97.65	28593600	27423911	95.91	98.44	99.53	95.03	97.32	64.73	64.72	ok
MLBS-1-2-No	intbio_reads_NovogeneDecember2025	MLBS	No	yes	yes	yes	2004500	1885734	94.08	300675000	275934502	91.77	97.48	99.47	92.60	96.65	66.64	66.52	ok
MLBS-1-2-Rh	intbio_reads_NovogeneDecember2025	MLBS	Rh	yes	yes	yes	387716	373042	96.22	58157400	55460913	95.36	98.88	99.71	95.76	97.74	63.66	63.53	ok
MLBS-1-2-Ro	intbio_reads_NovogeneDecember2025	MLBS	Ro	yes	yes	yes	65868	63540	96.47	9880200	9268825	93.81	97.81	99.60	93.75	97.35	64.07	63.91	ok
MLBS-1-3-No	intbio_reads_NovogeneDecember2025	MLBS	No	yes	yes	yes	5244792	5030034	95.91	786718800	741860382	94.30	98.23	99.59	94.24	97.18	67.20	67.18	ok
MLBS-1-3-Rh	intbio_reads_NovogeneDecember2025	MLBS	Rh	yes	yes	yes	11090	10266	92.57	1663500	1506738	90.58	97.09	99.48	91.78	96.65	66.52	66.45	ok
MLBS-1-3-Ro	intbio_reads_NovogeneDecember2025	MLBS	Ro	yes	yes	yes	98880	95976	97.06	14832000	13838244	93.30	97.26	99.39	92.48	96.69	63.50	63.40	ok
MLBS-2-1-No	intbio_reads_NovogeneAugust2025	MLBS	No	yes	yes	yes	242040	226096	93.41	36306000	33802736	93.11	99.02	99.69	95.68	97.57	64.28	63.92	ok
MLBS-2-1-Rh	intbio_reads_NovogeneMay2025	MLBS	Rh	yes	yes	yes	54206	52714	97.25	8130900	7857092	96.63	99.20	99.78	96.99	98.38	64.59	64.51	ok
MLBS-2-1-Ro	intbio_reads_NovogeneMay2025	MLBS	Ro	yes	yes	yes	20548	19956	97.12	3082200	2884612	93.59	97.49	99.46	93.10	97.14	62.63	62.35	ok
N13-2-D-No	intbio_reads_NovogeneMay2025	N13	No	yes	yes	yes	15343312	14895876	97.08	2301496800	2223618330	96.62	99.28	99.83	97.22	98.61	56.99	56.88	ok
N13-2-D-Rh	intbio_reads_NovogeneMay2025	N13	Rh	yes	yes	yes	181814	178252	98.04	27272100	26451354	96.99	99.00	99.69	96.55	98.14	60.93	60.86	ok
N13-2-D-Ro	intbio_reads_NovogeneMay2025	N13	Ro	yes	yes	yes	990288	961786	97.12	148543200	142915142	96.21	99.01	99.76	96.71	98.42	56.26	56.12	ok
N34-2-D-No	intbio_reads_NovogeneMay2025	N34	No	yes	yes	yes	1895512	1847256	97.45	284326800	275090939	96.75	99.15	99.77	96.98	98.44	58.60	58.49	ok
N34-2-D-Rh	intbio_reads_NovogeneMay2025	N34	Rh	yes	yes	yes	66510	63734	95.83	9976500	9501672	95.24	99.11	99.78	96.56	98.24	64.17	63.98	ok
N34-2-D-Ro	intbio_reads_NovogeneMay2025	N34	Ro	yes	yes	yes	15106	14552	96.33	2265900	2160407	95.34	98.87	99.75	96.14	98.20	62.69	62.56	ok
N35-4-D-No	intbio_reads_NovogeneMay2025	N35	No	yes	yes	yes	5841406	5691228	97.43	876210900	851131005	97.14	99.47	99.86	97.71	98.76	58.08	58.00	ok
N35-4-D-Rh	intbio_reads_NovogeneMay2025	N35	Rh	yes	yes	yes	28262	27610	97.69	4239300	3930354	92.71	97.16	99.27	92.17	96.72	60.28	59.60	ok
N35-4-D-Ro	intbio_reads_NovogeneMay2025	N35	Ro	yes	yes	yes	23166	22350	96.48	3474900	3332924	95.91	99.15	99.82	96.84	98.46	59.37	59.21	ok
N36-4-D-No	intbio_reads_NovogeneMay2025	N36	No	yes	yes	yes	7919362	7653972	96.65	1187904300	1137804680	95.78	98.89	99.81	96.52	98.44	65.04	64.95	ok
N36-4-D-Rh	intbio_reads_NovogeneMay2025	N36	Rh	yes	yes	yes	1924248	1797742	93.43	288637200	266736534	92.41	98.50	99.75	95.28	98.03	65.51	65.13	ok
N36-4-D-Ro	intbio_reads_NovogeneMay2025	N36	Ro	yes	yes	yes	195942	188010	95.95	29391300	27899455	94.92	98.69	99.76	95.92	98.19	64.88	64.73	ok
N38-2-D-No	intbio_reads_NovogeneMay2025	N38	No	yes	yes	yes	4198208	4033264	96.07	629731200	593708239	94.28	98.37	99.67	95.14	97.89	62.92	62.71	ok
N38-2-D-Rh	intbio_reads_NovogeneMay2025	N38	Rh	yes	yes	yes	62936	60894	96.76	9440400	9053928	95.91	99.02	99.73	96.36	98.03	62.71	62.61	ok
N38-2-D-Ro	intbio_reads_NovogeneMay2025	N38	Ro	yes	yes	yes	1243986	1202720	96.68	186597900	177974418	95.38	98.69	99.72	95.86	98.08	63.11	63.01	ok
N39-2-D-No	intbio_reads_NovogeneMay2025	N39	No	yes	yes	yes	1292854	1229384	95.09	193928100	183804350	94.78	99.29	99.83	97.02	98.51	57.80	57.53	ok
N39-2-D-Rh	intbio_reads_NovogeneMay2025	N39	Rh	yes	yes	yes	787136	767082	97.45	118070400	113751382	96.34	98.93	99.74	96.35	98.17	63.41	63.37	ok
N39-2-D-Ro	intbio_reads_NovogeneMay2025	N39	Ro	yes	yes	yes	12100	11650	96.28	1815000	1727511	95.18	98.73	99.73	95.78	98.07	62.97	62.89	ok
N49-3-D-No	intbio_reads_NovogeneMay2025	N49	No	yes	yes	yes	1651684	1610874	97.53	247752600	239092542	96.50	99.00	99.76	96.58	98.32	60.02	59.92	ok
N49-3-D-Rh	intbio_reads_NovogeneMay2025	N49	Rh	yes	yes	yes	167416	162590	97.12	25112400	24210567	96.41	99.15	99.79	96.82	98.36	62.85	62.76	ok
N49-3-D-Ro	intbio_reads_NovogeneMay2025	N49	Ro	yes	yes	yes	1940	1828	94.23	291000	271474	93.29	98.47	99.71	95.05	97.95	61.61	61.36	ok
NIWO-1-No	intbio_reads_NovogeneAugust2025	NIWO	No	yes	yes	yes	16765086	16470770	98.24	2514762900	2461368048	97.88	99.47	99.83	97.81	98.64	55.59	55.54	ok
NIWO-1-Rh	intbio_reads_NovogeneAugust2025	NIWO	Rh	yes	yes	yes	360134	344512	95.66	54020100	51482897	95.30	99.22	99.73	96.50	97.84	62.89	62.71	ok
NIWO-1-Ro	intbio_reads_NovogeneAugust2025	NIWO	Ro	yes	yes	yes	211692	201148	95.02	31753800	30064704	94.68	99.17	99.71	96.26	97.72	63.92	63.73	ok
NIWO-2-No	intbio_reads_NovogeneAugust2025	NIWO	No	yes	yes	yes	295714	279266	94.44	44357100	41583532	93.75	98.83	99.68	95.60	97.54	64.29	64.05	ok
NIWO-2-Rh	intbio_reads_NovogeneAugust2025	NIWO	Rh	yes	yes	yes	67076	65398	97.50	10061400	9758770	96.99	99.26	99.76	96.92	98.05	63.08	63.02	ok
NIWO-2-Ro	intbio_reads_NovogeneAugust2025	NIWO	Ro	yes	yes	yes	26240	25526	97.28	3936000	3813240	96.88	99.16	99.67	96.75	97.95	61.55	61.45	ok
NOGP-1-1-No	intbio_reads_NovogeneAugust2025	NOGP	No	yes	yes	yes	8254002	8010178	97.05	1238100300	1190229030	96.13	98.81	99.65	95.77	97.71	56.70	56.60	ok
NOGP-1-1-Rh	intbio_reads_NovogeneAugust2025	NOGP	Rh	yes	yes	yes	258056	250054	96.90	38708400	36683566	94.77	98.07	99.55	94.31	97.31	62.37	62.23	ok
NOGP-1-1-Ro	intbio_reads_NovogeneAugust2025	NOGP	Ro	yes	yes	yes	10930	10326	94.47	1639500	1530506	93.35	98.08	99.60	94.00	97.26	61.22	61.06	ok
NOGP-2-1-No	intbio_reads_NovogeneAugust2025	NOGP	No	yes	yes	yes	87725676	85158026	97.07	13158851400	12232642231	92.96	96.75	99.13	91.70	96.26	57.13	56.69	ok
NOGP-2-1-Rh	intbio_reads_NovogeneAugust2025	NOGP	Rh	yes	yes	yes	263404	254274	96.53	39510600	37675275	95.35	98.56	99.59	95.03	97.34	63.07	63.01	ok
NOGP-2-1-Ro	intbio_reads_NovogeneAugust2025	NOGP	Ro	yes	yes	yes	4009324	3890582	97.04	601398600	578329066	96.16	98.86	99.66	95.84	97.71	57.44	57.34	ok
NOGP-3-2-No	intbio_reads_NovogeneAugust2025	NOGP	No	yes	yes	yes	21526374	20888046	97.03	3228956100	3108971456	96.28	98.91	99.67	95.93	97.76	57.15	57.07	ok
NOGP-3-2-Rh	intbio_reads_NovogeneAugust2025	NOGP	Rh	yes	yes	yes	95704	91844	95.97	14355600	13595864	94.71	98.35	99.65	94.77	97.47	62.89	62.80	ok
NOGP-3-2-Ro	intbio_reads_NovogeneAugust2025	NOGP	Ro	yes	yes	yes	223768	215406	96.26	33565200	32031316	95.43	98.73	99.66	95.54	97.65	57.21	57.05	ok
NOGP-4-1-No	intbio_reads_NovogeneAugust2025	NOGP	No	yes	yes	yes	8432	7914	93.86	1264800	1179568	93.26	98.11	99.65	94.13	97.40	60.49	60.44	ok
NOGP-4-1-Rh	intbio_reads_NovogeneAugust2025	NOGP	Rh	yes	yes	yes	89954	85136	94.64	13493100	12701585	94.13	98.98	99.69	95.76	97.59	64.31	64.04	ok
NOGP-4-1-Ro	intbio_reads_NovogeneAugust2025	NOGP	Ro	yes	yes	yes	12610364	12418318	98.48	1891554600	1857008081	98.17	99.54	99.83	97.89	98.59	57.35	57.32	ok
NOGP-5-2-No	intbio_reads_NovogeneAugust2025	NOGP	No	yes	yes	yes	18169588	17878798	98.40	2725438200	2675278277	98.16	99.57	99.84	97.95	98.63	57.18	57.14	ok
NOGP-5-2-Rh	intbio_reads_NovogeneAugust2025	NOGP	Rh	yes	yes	yes	108706	103804	95.49	16305900	15514681	95.15	99.16	99.71	96.27	97.70	61.52	61.28	ok
NOGP-5-2-Ro	intbio_reads_NovogeneAugust2025	NOGP	Ro	yes	yes	yes	1466066	1441138	98.30	219909900	215398534	97.95	99.50	99.81	97.69	98.45	57.26	57.20	ok
NOGP-6-3-No	intbio_reads_NovogeneAugust2025	NOGP	No	yes	yes	yes	22040966	21642764	98.19	3306144900	3230889335	97.72	99.40	99.80	97.62	98.52	57.22	57.14	ok
NOGP-6-3-Rh	intbio_reads_NovogeneAugust2025	NOGP	Rh	yes	yes	yes	82828	78852	95.20	12424200	11774530	94.77	99.04	99.71	96.10	97.66	63.66	63.50	ok
NOGP-6-3-Ro	intbio_reads_NovogeneAugust2025	NOGP	Ro	yes	yes	yes	267408	262146	98.03	40111200	39175486	97.67	99.43	99.81	97.57	98.44	56.67	56.59	ok
NOGP-7-2-No	intbio_reads_NovogeneAugust2025	NOGP	No	yes	yes	yes	491376	454798	92.56	73706400	67827790	92.02	98.50	99.65	94.89	97.37	63.18	62.91	ok
NOGP-7-2-Rh	intbio_reads_NovogeneAugust2025	NOGP	Rh	yes	yes	yes	236698	223464	94.41	35504700	33265545	93.69	98.84	99.67	95.48	97.48	62.56	62.21	ok
NOGP-7-2-Ro	intbio_reads_NovogeneAugust2025	NOGP	Ro	yes	yes	yes	9678	9162	94.67	1451700	1353716	93.25	98.44	99.60	94.49	97.20	60.28	60.09	ok
OAES-1-1-No	intbio_reads_NovogeneMay2025	OAES	No	yes	yes	yes	8472164	8255164	97.44	1270824600	1231430253	96.90	99.13	99.72	96.45	97.89	59.10	59.03	ok
OAES-1-1-Rh	intbio_reads_NovogeneMay2025	OAES	Rh	yes	yes	yes	73306	70404	96.04	10995900	10472004	95.24	98.78	99.63	95.42	97.46	62.76	62.64	ok
OAES-1-1-Ro	intbio_reads_NovogeneMay2025	OAES	Ro	yes	yes	yes	15218	14208	93.36	2282700	2093213	91.70	97.88	99.51	92.92	96.67	62.20	61.99	ok
OAES-10-1-No	intbio_reads_NovogeneMay2025	OAES	No	yes	yes	yes	6665208	6503634	97.58	999781200	964371088	96.46	98.79	99.66	95.99	97.90	60.29	60.22	ok
OAES-10-1-Rh	intbio_reads_NovogeneMay2025	OAES	Rh	yes	yes	yes	230518	225236	97.71	34577700	33165971	95.92	98.42	99.57	94.94	97.31	65.55	65.54	ok
OAES-10-1-Ro	intbio_reads_NovogeneMay2025	OAES	Ro	yes	yes	yes	3927382	3816772	97.18	589107300	569692911	96.70	99.13	99.71	96.36	97.83	60.79	60.72	ok
OAES-11-1-No	intbio_reads_NovogeneMay2025	OAES	No	yes	yes	yes	6748600	6546072	97.00	1012290000	971416121	95.96	98.80	99.70	95.93	97.94	60.78	60.65	ok
OAES-11-1-Rh	intbio_reads_NovogeneMay2025	OAES	Rh	yes	yes	yes	45502	43864	96.40	6825300	6522622	95.57	98.81	99.63	95.47	97.38	64.16	64.06	ok
OAES-11-1-Ro	intbio_reads_NovogeneMay2025	OAES	Ro	yes	yes	yes	3650	3436	94.14	547500	507020	92.61	97.89	99.52	93.25	96.94	61.49	61.15	ok
OAES-12-2-No	intbio_reads_NovogeneMay2025	OAES	No	yes	yes	yes	4407824	4283472	97.18	661173600	637595228	96.43	99.03	99.72	96.34	97.99	60.76	60.66	ok
OAES-12-2-Rh	intbio_reads_NovogeneMay2025	OAES	Rh	yes	yes	yes	30214	28030	92.77	4532100	4152768	91.63	98.10	99.52	93.50	96.79	64.75	64.36	ok
OAES-12-2-Ro	intbio_reads_NovogeneMay2025	OAES	Ro	yes	yes	yes	4120348	3991782	96.88	618052200	593977973	96.10	98.93	99.66	95.89	97.65	60.74	60.62	ok
OAES-13-1-No	intbio_reads_NovogeneMay2025	OAES	No	yes	yes	yes	37564	36292	96.61	5634600	5394471	95.74	98.79	99.63	95.40	97.34	63.73	63.58	ok
OAES-13-1-Rh	intbio_reads_NovogeneMay2025	OAES	Rh	yes	yes	yes	20356	19172	94.18	3053400	2815089	92.20	97.65	99.51	92.82	96.81	62.51	62.33	ok
OAES-13-1-Ro	intbio_reads_NovogeneMay2025	OAES	Ro	yes	yes	yes	29954	28882	96.42	4493100	4304250	95.80	98.96	99.69	95.89	97.67	63.42	63.35	ok
OAES-13-2-No	intbio_reads_NovogeneDecember2025	OAES	No	yes	yes	yes	4159040	3864184	92.91	623856000	562013191	90.09	96.93	99.40	91.70	96.56	67.74	67.42	ok
OAES-13-2-Rh	intbio_reads_NovogeneDecember2025	OAES	Rh	yes	yes	yes	715518	692306	96.76	107327700	102866865	95.84	98.79	99.67	95.63	97.71	64.21	64.16	ok
OAES-13-2-Ro	intbio_reads_NovogeneDecember2025	OAES	Ro	yes	yes	yes	322930	306432	94.89	48439500	44733964	92.35	97.21	99.27	92.36	96.43	66.85	66.71	ok
OAES-14-1-No	intbio_reads_NovogeneMay2025	OAES	No	yes	yes	yes	46297418	44892808	96.97	6944612700	6674298388	96.11	98.90	99.67	95.94	97.73	57.80	57.63	ok
OAES-14-1-Rh	intbio_reads_NovogeneMay2025	OAES	Rh	yes	yes	yes	101422	97902	96.53	15213300	14554367	95.67	98.85	99.63	95.52	97.36	62.87	62.74	ok
OAES-14-1-Ro	intbio_reads_NovogeneMay2025	OAES	Ro	yes	yes	yes	78208	75190	96.14	11731200	11203228	95.50	98.90	99.67	95.71	97.57	58.42	58.26	ok
OAES-15-No	intbio_reads_NovogeneMay2025	OAES	No	yes	yes	yes	3134946	3028460	96.60	470241900	451215662	95.95	98.94	99.67	95.87	97.65	60.88	60.76	ok
OAES-15-Rh	intbio_reads_NovogeneMay2025	OAES	Rh	yes	yes	yes	72318	70264	97.16	10847700	10473794	96.55	98.99	99.67	96.01	97.67	59.33	59.27	ok
OAES-15-Ro	intbio_reads_NovogeneMay2025	OAES	Ro	yes	yes	yes	198640	192500	96.91	29796000	28679615	96.25	98.99	99.69	96.05	97.72	61.04	60.94	ok
OAES-16-1-No	intbio_reads_NovogeneMay2025	OAES	No	yes	yes	yes	10896174	10563330	96.95	1634426100	1578521835	96.58	99.25	99.77	96.82	98.14	58.59	58.45	ok
OAES-16-1-Rh	intbio_reads_NovogeneMay2025	OAES	Rh	yes	yes	yes	1532266	1493216	97.45	229839900	220550072	95.96	98.57	99.59	95.30	97.50	59.08	58.95	ok
OAES-16-1-Ro	intbio_reads_NovogeneMay2025	OAES	Ro	yes	yes	yes	426572	409310	95.95	63985800	60379881	94.36	98.08	99.61	94.55	97.55	62.22	62.05	ok
OAES-17-No	intbio_reads_NovogeneMay2025	OAES	No	yes	yes	yes	107020	103014	96.26	16053000	15273932	95.15	98.50	99.63	95.10	97.54	61.03	60.88	ok
OAES-17-Rh	intbio_reads_NovogeneMay2025	OAES	Rh	yes	yes	yes	71170	69242	97.29	10675500	10227837	95.81	98.48	99.59	95.06	97.45	62.42	62.38	ok
OAES-17-Ro	intbio_reads_NovogeneMay2025	OAES	Ro	yes	yes	yes	14642290	14264438	97.42	2196343500	2104000098	95.80	98.39	99.57	95.10	97.50	60.54	60.47	ok
OAES-18-3-No	intbio_reads_NovogeneMay2025	OAES	No	yes	yes	yes	36364	35296	97.06	5454600	5168409	94.75	97.88	99.46	93.71	96.88	63.96	63.94	ok
OAES-18-3-Rh	intbio_reads_NovogeneMay2025	OAES	Rh	yes	yes	yes	158438	154718	97.65	23765700	22852470	96.16	98.53	99.57	95.15	97.34	65.74	65.75	ok
OAES-18-3-Ro	intbio_reads_NovogeneMay2025	OAES	Ro	yes	yes	yes	16250	15640	96.25	2437500	2308144	94.69	98.24	99.56	94.24	97.11	65.26	65.28	ok
OAES-2-1-No	intbio_reads_NovogeneMay2025	OAES	No	yes	yes	yes	37915012	36628796	96.61	5687251800	5452895443	95.88	98.91	99.66	95.95	97.72	57.02	56.83	ok
OAES-2-1-Rh	intbio_reads_NovogeneMay2025	OAES	Rh	yes	yes	yes	22042	20848	94.58	3306300	3101219	93.80	98.73	99.61	95.02	97.16	63.45	63.10	ok
OAES-2-1-Ro	intbio_reads_NovogeneMay2025	OAES	Ro	yes	yes	yes	549638	531972	96.79	82445700	79263402	96.14	98.96	99.67	95.98	97.69	56.91	56.79	ok
OAES-20-No	intbio_reads_NovogeneMay2025	OAES	No	yes	yes	yes	5980	5732	95.85	897000	850336	94.80	98.52	99.60	94.87	97.34	60.50	60.44	ok
OAES-20-Rh	intbio_reads_NovogeneMay2025	OAES	Rh	yes	yes	yes	319072	311184	97.53	47860800	46375465	96.90	99.08	99.70	96.43	97.94	58.21	58.13	ok
OAES-20-Ro	intbio_reads_NovogeneMay2025	OAES	Ro	yes	yes	yes	14674	14158	96.48	2201100	2106698	95.71	98.75	99.66	95.52	97.68	59.10	59.04	ok
OAES-21-3-No	intbio_reads_NovogeneMay2025	OAES	No	yes	yes	yes	9405806	9127754	97.04	1410870900	1359355143	96.35	98.96	99.69	96.09	97.82	60.75	60.67	ok
OAES-21-3-Rh	intbio_reads_NovogeneMay2025	OAES	Rh	yes	yes	yes	200160	194074	96.96	30024000	28930040	96.36	98.98	99.65	96.06	97.68	60.40	60.31	ok
OAES-21-3-Ro	intbio_reads_NovogeneMay2025	OAES	Ro	yes	yes	yes	6698	6102	91.10	1004700	904416	90.02	96.82	99.57	91.22	96.91	59.40	59.24	ok
OAES-22-1-No	intbio_reads_NovogeneMay2025	OAES	No	yes	yes	yes	16293496	15589642	95.68	2444024400	2321266352	94.98	98.81	99.68	95.79	97.78	57.01	56.70	ok
OAES-22-1-Rh	intbio_reads_NovogeneMay2025	OAES	Rh	yes	yes	yes	719144	693888	96.49	107871600	103402787	95.86	98.91	99.68	95.91	97.69	60.89	60.73	ok
OAES-22-1-Ro	intbio_reads_NovogeneMay2025	OAES	Ro	yes	yes	yes	3776	3612	95.66	566400	535455	94.54	98.36	99.56	94.37	97.04	58.47	58.23	ok
OAES-23-1-No	intbio_reads_NovogeneMay2025	OAES	No	yes	yes	yes	6673050	6475844	97.04	1000957500	966214612	96.53	99.12	99.74	96.53	98.02	60.59	60.49	ok
OAES-23-1-Rh	intbio_reads_NovogeneMay2025	OAES	Rh	yes	yes	yes	2262160	2190206	96.82	339324000	326318784	96.17	98.98	99.68	96.05	97.71	59.30	59.21	ok
OAES-23-1-Ro	intbio_reads_NovogeneMay2025	OAES	Ro	yes	yes	yes	2557736	2476374	96.82	383660400	368870984	96.15	98.98	99.68	96.11	97.80	60.57	60.42	ok
OAES-25-1-No	intbio_reads_NovogeneMay2025	OAES	No	yes	yes	yes	6812286	6640546	97.48	1021842900	991158635	97.00	99.18	99.74	96.62	98.01	58.60	58.54	ok
OAES-25-1-Rh	intbio_reads_NovogeneMay2025	OAES	Rh	yes	yes	yes	294766	284902	96.65	44214900	42420123	95.94	98.93	99.67	95.94	97.70	60.56	60.44	ok
OAES-25-1-Ro	intbio_reads_NovogeneMay2025	OAES	Ro	yes	yes	yes	14844	14074	94.81	2226600	2084618	93.62	98.18	99.57	93.96	97.08	60.10	59.93	ok
OAES-26-1-No	intbio_reads_NovogeneMay2025	OAES	No	yes	yes	yes	5464188	5283714	96.70	819628200	788321971	96.18	99.08	99.72	96.32	97.91	61.02	60.90	ok
OAES-26-1-Rh	intbio_reads_NovogeneMay2025	OAES	Rh	yes	yes	yes	559984	542104	96.81	83997600	80809994	96.21	99.01	99.67	96.09	97.71	60.50	60.41	ok
OAES-26-1-Ro	intbio_reads_NovogeneMay2025	OAES	Ro	yes	yes	yes	101332	98530	97.23	15199800	14693482	96.67	99.04	99.70	96.23	97.82	60.90	60.83	ok
OAES-27-2-No	intbio_reads_NovogeneMay2025	OAES	No	yes	yes	yes	3282686	3187674	97.11	492402900	475267249	96.52	99.03	99.69	96.18	97.80	60.96	60.88	ok
OAES-27-2-Rh	intbio_reads_NovogeneMay2025	OAES	Rh	yes	yes	yes	85248	81852	96.02	12787200	12204445	95.44	98.92	99.66	95.69	97.56	63.70	63.54	ok
OAES-27-2-Ro	intbio_reads_NovogeneMay2025	OAES	Ro	yes	yes	yes	364324	352674	96.80	54648600	52556117	96.17	98.98	99.67	95.96	97.68	61.57	61.44	ok
OAES-28-1-No	intbio_reads_NovogeneMay2025	OAES	No	yes	yes	yes	7077782	6864352	96.98	1061667300	1021765348	96.24	98.99	99.71	96.21	97.91	60.86	60.76	ok
OAES-28-1-Rh	intbio_reads_NovogeneMay2025	OAES	Rh	yes	yes	yes	58520	56100	95.86	8778000	8370102	95.35	98.95	99.64	95.59	97.36	62.79	62.65	ok
OAES-28-1-Ro	intbio_reads_NovogeneMay2025	OAES	Ro	yes	yes	yes	65966	63704	96.57	9894900	9488568	95.89	98.90	99.63	95.54	97.33	63.43	63.35	ok
OAES-29-1-No	intbio_reads_NovogeneMay2025	OAES	No	yes	yes	yes	3110082	2996938	96.36	466512300	446828345	95.78	98.88	99.70	95.87	97.76	61.04	60.91	ok
OAES-29-1-Rh	intbio_reads_NovogeneMay2025	OAES	Rh	yes	yes	yes	118456	113934	96.18	17768400	16947377	95.38	98.89	99.64	95.66	97.48	63.74	63.61	ok
OAES-29-1-Ro	intbio_reads_NovogeneMay2025	OAES	Ro	yes	yes	yes	50060	48042	95.97	7509000	7159213	95.34	98.96	99.65	95.71	97.50	64.45	64.28	ok
OAES-3-1-No	intbio_reads_NovogeneMay2025	OAES	No	yes	yes	yes	7169082	6969318	97.21	1075362300	1034148260	96.17	98.79	99.63	95.66	97.61	60.77	60.68	ok
OAES-3-1-Rh	intbio_reads_NovogeneMay2025	OAES	Rh	yes	yes	yes	42234	40132	95.02	6335100	5956802	94.03	98.52	99.60	94.76	97.26	61.65	61.44	ok
OAES-3-1-Ro	intbio_reads_NovogeneMay2025	OAES	Ro	yes	yes	yes	17916	16634	92.84	2687400	2468257	91.85	97.63	99.61	93.04	97.29	59.00	58.81	ok
OAES-30-1-No	intbio_reads_NovogeneDecember2025	OAES	No	yes	yes	yes	123042	118488	96.30	18456300	17369718	94.11	97.64	99.31	93.36	96.79	63.18	63.08	ok
OAES-30-1-Rh	intbio_reads_NovogeneDecember2025	OAES	Rh	yes	yes	yes	100230	96374	96.15	15034500	14192978	94.40	97.87	99.36	93.65	96.81	63.06	62.92	ok
OAES-30-1-Ro	intbio_reads_NovogeneDecember2025	OAES	Ro	yes	yes	yes	540860	521772	96.47	81129000	76951261	94.85	98.02	99.47	94.15	97.14	64.53	64.48	ok
OAES-30-2-No	intbio_reads_NovogeneMay2025	OAES	No	yes	yes	yes	228448	221552	96.98	34267200	32983219	96.25	98.96	99.66	96.06	97.77	61.13	61.05	ok
OAES-30-2-Rh	intbio_reads_NovogeneMay2025	OAES	Rh	yes	yes	yes	91448	88226	96.48	13717200	13141031	95.80	98.97	99.64	95.87	97.55	63.86	63.68	ok
OAES-30-2-Ro	intbio_reads_NovogeneMay2025	OAES	Ro	yes	yes	yes	1864	1784	95.71	279600	263351	94.19	98.27	99.57	94.32	97.20	60.36	60.24	ok
OAES-30-3-Rh	intbio_reads_NovogeneDecember2025	OAES	Rh	yes	yes	yes	1603134	1544974	96.37	240470100	228781523	95.14	98.68	99.67	95.25	97.61	64.80	64.75	ok
OAES-30-3-Ro	intbio_reads_NovogeneDecember2025	OAES	Ro	yes	yes	yes	14046	13138	93.54	2106900	1921264	91.19	96.90	99.46	91.63	96.74	64.81	64.83	ok
OAES-31-1-No	intbio_reads_NovogeneMay2025	OAES	No	yes	yes	yes	612218	593026	96.87	91832700	88351371	96.21	98.98	99.68	96.01	97.71	60.60	60.52	ok
OAES-31-1-Rh	intbio_reads_NovogeneMay2025	OAES	Rh	yes	yes	yes	353312	344736	97.57	52996800	50967751	96.17	98.62	99.55	95.33	97.35	64.44	64.38	ok
OAES-31-1-Ro	intbio_reads_NovogeneMay2025	OAES	Ro	yes	yes	yes	18452	17882	96.91	2767800	2650040	95.75	98.68	99.60	95.37	97.36	63.03	62.93	ok
OAES-32-1-No	intbio_reads_NovogeneMay2025	OAES	No	yes	yes	yes	5382952	5195774	96.52	807442800	774976436	95.98	99.05	99.71	96.26	97.87	60.55	60.41	ok
OAES-32-1-Rh	intbio_reads_NovogeneMay2025	OAES	Rh	yes	yes	yes	74712	72212	96.65	11206800	10779858	96.19	99.07	99.70	96.10	97.69	63.53	63.45	ok
OAES-32-1-Ro	intbio_reads_NovogeneMay2025	OAES	Ro	yes	yes	yes	12808	12262	95.74	1921200	1823566	94.92	98.60	99.64	95.12	97.48	61.27	61.16	ok
OAES-33-1-No	intbio_reads_NovogeneMay2025	OAES	No	yes	yes	yes	3408540	3286428	96.42	511281000	488555621	95.56	98.77	99.66	95.74	97.72	60.85	60.67	ok
OAES-33-1-Rh	intbio_reads_NovogeneMay2025	OAES	Rh	yes	yes	yes	78308	75976	97.02	11746200	11321269	96.38	98.98	99.63	95.84	97.42	63.68	63.61	ok
OAES-33-1-Ro	intbio_reads_NovogeneMay2025	OAES	Ro	yes	yes	yes	96960	93056	95.97	14544000	13853076	95.25	98.83	99.66	95.54	97.52	63.98	63.90	ok
OAES-34-1-No	intbio_reads_NovogeneMay2025	OAES	No	yes	yes	yes	8073832	7857938	97.33	1211074800	1170923914	96.68	99.03	99.69	96.23	97.83	60.83	60.75	ok
OAES-34-1-Rh	intbio_reads_NovogeneMay2025	OAES	Rh	yes	yes	yes	132562	127658	96.30	19884300	18997836	95.54	98.82	99.65	95.61	97.56	62.42	62.25	ok
OAES-34-1-Ro	intbio_reads_NovogeneMay2025	OAES	Ro	yes	yes	yes	57722	55198	95.63	8658300	8217080	94.90	98.78	99.67	95.45	97.59	63.52	63.40	ok
OAES-35-1-No	intbio_reads_NovogeneMay2025	OAES	No	yes	yes	yes	196604	191588	97.45	29490600	28376448	96.22	98.78	99.72	96.32	98.27	62.46	62.40	ok
OAES-35-1-Rh	intbio_reads_NovogeneMay2025	OAES	Rh	yes	yes	yes	630458	607848	96.41	94568700	90432209	95.63	99.05	99.77	96.59	98.29	62.96	62.81	ok
OAES-35-1-Ro	intbio_reads_NovogeneMay2025	OAES	Ro	yes	yes	yes	330028	320638	97.15	49504200	47596198	96.15	98.81	99.72	96.41	98.27	62.93	62.87	ok
OAES-35-3-No	intbio_reads_NovogeneAugust2025	OAES	No	yes	yes	yes	3883634	3725836	95.94	582545100	556405250	95.51	99.20	99.71	96.38	97.70	60.99	60.84	ok
OAES-35-3-Rh	intbio_reads_NovogeneAugust2025	OAES	Rh	yes	yes	yes	301166	280092	93.00	45174900	41622083	92.14	98.64	99.63	94.92	97.21	64.54	64.16	ok
OAES-35-3-Ro	intbio_reads_NovogeneAugust2025	OAES	Ro	yes	yes	yes	110828	107646	97.13	16624200	16084385	96.75	99.34	99.77	97.09	98.14	61.37	61.28	ok
OAES-36-2-No	intbio_reads_NovogeneAugust2025	OAES	No	yes	yes	yes	6248894	6101066	97.63	937334100	912644264	97.37	99.45	99.81	97.52	98.40	56.63	56.52	ok
OAES-36-2-Rh	intbio_reads_NovogeneAugust2025	OAES	Rh	yes	yes	yes	264546	250822	94.81	39681900	37470487	94.43	99.14	99.70	96.05	97.59	64.39	64.17	ok
OAES-36-2-Ro	intbio_reads_NovogeneAugust2025	OAES	Ro	yes	yes	yes	888624	830834	93.50	133293600	123877549	92.94	98.94	99.66	95.54	97.42	64.03	63.78	ok
OAES-36-3-No	intbio_reads_NovogeneAugust2025	OAES	No	yes	yes	yes	3253498	3179572	97.73	488024700	475739485	97.48	99.47	99.81	97.59	98.44	57.20	57.08	ok
OAES-36-3-Rh	intbio_reads_NovogeneAugust2025	OAES	Rh	yes	yes	yes	1442958	1392904	96.53	216443700	208269276	96.22	99.35	99.77	97.03	98.16	60.05	59.83	ok
OAES-36-3-Ro	intbio_reads_NovogeneAugust2025	OAES	Ro	yes	yes	yes	345890	326326	94.34	51883500	48754417	93.97	99.06	99.69	95.85	97.54	63.55	63.22	ok
OAES-37-2-No	intbio_reads_NovogeneAugust2025	OAES	No	yes	yes	yes	411792	390292	94.78	61768800	58339218	94.45	99.08	99.67	95.80	97.37	64.54	64.34	ok
OAES-37-2-Rh	intbio_reads_NovogeneAugust2025	OAES	Rh	yes	yes	yes	316768	298872	94.35	47515200	44592483	93.85	99.00	99.67	95.66	97.44	64.56	64.32	ok
OAES-37-2-Ro	intbio_reads_NovogeneAugust2025	OAES	Ro	yes	yes	yes	13604	13068	96.06	2040600	1939218	95.03	98.70	99.63	95.34	97.47	60.91	60.80	ok
OAES-4-1-No	intbio_reads_NovogeneMay2025	OAES	No	yes	yes	yes	7891708	7670772	97.20	1183756200	1144793010	96.71	99.12	99.72	96.44	97.91	58.58	58.50	ok
OAES-4-1-Rh	intbio_reads_NovogeneMay2025	OAES	Rh	yes	yes	yes	58168	56022	96.31	8725200	8342379	95.61	98.87	99.65	95.65	97.51	62.86	62.75	ok
OAES-4-1-Ro	intbio_reads_NovogeneMay2025	OAES	Ro	yes	yes	yes	149980	145308	96.88	22497000	21681540	96.38	99.07	99.70	96.20	97.75	58.58	58.48	ok
OAES-5-Rh	intbio_reads_NovogeneMay2025	OAES	Rh	yes	yes	yes	721802	696748	96.53	108270300	103841696	95.91	98.98	99.66	95.89	97.57	59.76	59.63	ok
OAES-5-Ro	intbio_reads_NovogeneMay2025	OAES	Ro	yes	yes	yes	9444	8990	95.19	1416600	1324045	93.47	97.98	99.51	93.57	96.93	59.10	58.94	ok
OAES-6-1-No	intbio_reads_NovogeneJuly2024	OAES	No	yes	yes	yes	5898256	5466474	92.68	884738400	812742597	91.86	97.82	99.24	93.82	97.04	60.80	60.48	ok
OAES-6-1-Rh	intbio_reads_NovogeneJuly2024	OAES	Rh	yes	yes	yes	61854	58646	94.81	9278100	8647355	93.20	97.65	99.13	93.77	96.84	64.65	64.65	ok
OAES-6-1-Ro	intbio_reads_NovogeneJuly2024	OAES	Ro	yes	yes	yes	513584	487234	94.87	77037600	72413497	94.00	98.22	99.31	94.92	97.36	59.87	59.66	ok
OAES-7-1-No	intbio_reads_NovogeneJuly2024	OAES	No	yes	yes	yes	7424712	7041170	94.83	1113706800	1049641167	94.25	98.41	99.36	95.23	97.45	58.39	58.19	ok
OAES-7-1-Rh	intbio_reads_NovogeneJuly2024	OAES	Rh	yes	yes	yes	1821286	1711156	93.95	273192900	254979855	93.33	98.20	99.32	94.71	97.30	59.19	58.94	ok
OAES-7-1-Ro	intbio_reads_NovogeneJuly2024	OAES	Ro	yes	yes	yes	4167608	3932138	94.35	625141200	584624740	93.52	98.16	99.32	94.76	97.37	58.76	58.52	ok
OAES-8-2-No	intbio_reads_NovogeneMay2025	OAES	No	yes	yes	yes	3794562	3685724	97.13	569184300	550191799	96.66	99.15	99.71	96.41	97.83	60.05	59.96	ok
OAES-8-2-Rh	intbio_reads_NovogeneMay2025	OAES	Rh	yes	yes	yes	77832	72126	92.67	11674800	10728219	91.89	98.42	99.51	93.98	96.67	62.86	62.45	ok
OAES-8-2-Ro	intbio_reads_NovogeneMay2025	OAES	Ro	yes	yes	yes	7632	7146	93.63	1144800	1057641	92.39	97.83	99.55	92.98	96.84	58.91	58.65	ok
OAES-9-1-No	intbio_reads_NovogeneMay2025	OAES	No	yes	yes	yes	20339978	19770770	97.20	3050996700	2927814760	95.96	98.62	99.60	95.43	97.57	61.03	60.96	ok
OAES-9-1-Rh	intbio_reads_NovogeneMay2025	OAES	Rh	yes	yes	yes	367652	357180	97.15	55147800	53176089	96.42	98.98	99.67	95.97	97.64	62.26	62.18	ok
OAES-9-1-Ro	intbio_reads_NovogeneMay2025	OAES	Ro	yes	yes	yes	8442	8042	95.26	1266300	1186156	93.67	98.16	99.55	94.00	97.01	61.54	61.33	ok
OAES_19-2-No	intbio_reads_NovogeneJuly2024	OAES_19	No	yes	yes	yes	31041502	29351746	94.56	4656225300	4368960620	93.83	98.21	99.35	94.92	97.47	57.58	57.32	ok
OAES_19-2-Rh	intbio_reads_NovogeneJuly2024	OAES_19	Rh	yes	yes	yes	318790	303274	95.13	47818500	45134915	94.39	98.36	99.36	95.30	97.53	58.10	57.89	ok
OAES_19-2-Ro	intbio_reads_NovogeneJuly2024	OAES_19	Ro	yes	yes	yes	29928	27374	91.47	4489200	4070223	90.67	97.57	99.24	93.21	97.03	58.18	57.82	ok
OAES_24-3-No	intbio_reads_NovogeneJuly2024	OAES_24	No	yes	yes	yes	1967992	1883460	95.70	295198800	279819357	94.79	98.33	99.36	95.33	97.55	60.48	60.34	ok
OAES_24-3-Rh	intbio_reads_NovogeneJuly2024	OAES_24	Rh	yes	yes	yes	135232	125802	93.03	20284800	18715257	92.26	97.96	99.29	94.19	97.22	60.38	60.10	ok
OAES_24-3-Ro	intbio_reads_NovogeneJuly2024	OAES_24	Ro	yes	yes	yes	32762	30006	91.59	4914300	4460388	90.76	97.48	99.23	93.09	97.03	59.61	59.29	ok
ORNL-1-1-No	intbio_reads_NovogeneMay2025	ORNL	No	yes	yes	yes	1388852	1325546	95.44	208327800	197451194	94.78	98.95	99.78	96.28	98.19	66.45	66.23	ok
ORNL-1-1-Rh	intbio_reads_NovogeneMay2025	ORNL	Rh	yes	yes	yes	85980	82736	96.23	12897000	12341258	95.69	99.20	99.80	96.85	98.33	61.55	61.42	ok
ORNL-1-1-Ro	intbio_reads_NovogeneMay2025	ORNL	Ro	yes	yes	yes	90068	87730	97.40	13510200	13005197	96.26	98.78	99.62	95.81	97.68	62.26	62.18	ok
ORNL-1-2-No	intbio_reads_NovogeneDecember2025	ORNL	No	yes	yes	yes	3540450	3405910	96.20	531067500	504606006	95.02	98.58	99.66	95.05	97.53	66.89	66.82	ok
ORNL-1-2-Rh	intbio_reads_NovogeneDecember2025	ORNL	Rh	yes	yes	yes	4436	4100	92.43	665400	604367	90.83	97.32	99.59	92.36	97.26	66.22	66.00	ok
ORNL-1-2-Ro	intbio_reads_NovogeneDecember2025	ORNL	Ro	yes	yes	yes	52656	50536	95.97	7898400	7243689	91.71	96.30	99.28	91.17	96.52	58.41	58.28	ok
ORNL-1-3-No	intbio_reads_NovogeneDecember2025	ORNL	No	yes	yes	yes	3198862	3064252	95.79	479829300	444534323	92.64	97.39	99.52	92.63	96.90	66.39	66.33	ok
ORNL-1-3-Rh	intbio_reads_NovogeneDecember2025	ORNL	Rh	yes	yes	yes	15100	13518	89.52	2265000	1949067	86.05	95.61	99.47	89.16	96.66	66.53	66.20	ok
ORNL-1-3-Ro	intbio_reads_NovogeneDecember2025	ORNL	Ro	yes	yes	yes	19940	19188	96.23	2991000	2821893	94.35	98.20	99.59	94.49	97.42	64.14	63.98	ok
ORNL-10-1-No	intbio_reads_NovogeneMay2025	ORNL	No	yes	yes	yes	824294	806022	97.78	123644100	120226298	97.24	99.29	99.81	97.41	98.62	59.33	59.25	ok
ORNL-10-1-Rh	intbio_reads_NovogeneMay2025	ORNL	Rh	yes	yes	yes	5062	4812	95.06	759300	712775	93.87	98.36	99.69	94.82	97.78	60.57	60.37	ok
ORNL-10-1-Ro	intbio_reads_NovogeneMay2025	ORNL	Ro	yes	yes	yes	18630	17768	95.37	2794500	2634325	94.27	98.30	99.74	95.39	98.25	62.06	61.96	ok
ORNL-11-1-No	intbio_reads_NovogeneMay2025	ORNL	No	yes	yes	yes	1411862	1377060	97.54	211779300	204442293	96.54	98.87	99.64	96.06	97.78	59.52	59.45	ok
ORNL-11-1-Rh	intbio_reads_NovogeneMay2025	ORNL	Rh	yes	yes	yes	71156	68820	96.72	10673400	10236845	95.91	98.99	99.76	96.50	98.28	62.39	62.26	ok
ORNL-11-1-Ro	intbio_reads_NovogeneMay2025	ORNL	Ro	yes	yes	yes	363960	355186	97.59	54594000	52845389	96.80	98.95	99.66	96.21	97.85	61.94	61.88	ok
ORNL-12-1-No	intbio_reads_NovogeneMay2025	ORNL	No	yes	yes	yes	2047088	1989432	97.18	307063200	295016233	96.08	98.78	99.67	95.84	97.79	61.78	61.68	ok
ORNL-12-1-Rh	intbio_reads_NovogeneMay2025	ORNL	Rh	yes	yes	yes	70520	67894	96.28	10578000	10122991	95.70	99.04	99.79	96.65	98.36	62.33	62.26	ok
ORNL-12-1-Ro	intbio_reads_NovogeneMay2025	ORNL	Ro	yes	yes	yes	122634	118636	96.74	18395100	17706369	96.26	99.11	99.74	96.43	98.00	64.11	64.01	ok
ORNL-13-2-No	intbio_reads_NovogeneMay2025	ORNL	No	yes	yes	yes	5951672	5806750	97.57	892750800	866113362	97.02	99.20	99.75	96.76	98.12	58.46	58.40	ok
ORNL-13-2-Rh	intbio_reads_NovogeneMay2025	ORNL	Rh	yes	yes	yes	5578	5334	95.63	836700	780786	93.32	97.61	99.51	93.29	97.23	59.95	59.71	ok
ORNL-13-2-Ro	intbio_reads_NovogeneMay2025	ORNL	Ro	yes	yes	yes	11226	10836	96.53	1683900	1608515	95.52	98.68	99.65	95.48	97.66	62.27	62.19	ok
ORNL-14-1-No	intbio_reads_NovogeneMay2025	ORNL	No	yes	yes	yes	607810	591476	97.31	91171500	88015168	96.54	98.97	99.72	96.36	98.09	58.81	58.75	ok
ORNL-14-1-Rh	intbio_reads_NovogeneMay2025	ORNL	Rh	yes	yes	yes	13916	13566	97.48	2087400	2004157	96.01	98.57	99.60	95.37	97.60	62.74	62.65	ok
ORNL-14-1-Ro	intbio_reads_NovogeneMay2025	ORNL	Ro	yes	yes	yes	226972	220862	97.31	34045800	32897598	96.63	99.09	99.72	96.48	98.01	63.66	63.59	ok
ORNL-15-No	intbio_reads_NovogeneMay2025	ORNL	No	yes	yes	yes	1777010	1722544	96.93	266551500	257196139	96.49	99.31	99.82	97.23	98.53	58.97	58.84	ok
ORNL-15-Rh	intbio_reads_NovogeneMay2025	ORNL	Rh	yes	yes	yes	143986	139536	96.91	21597900	20764793	96.14	99.07	99.78	96.64	98.27	65.22	65.16	ok
ORNL-15-Ro	intbio_reads_NovogeneMay2025	ORNL	Ro	yes	yes	yes	120006	116908	97.42	18000900	17431746	96.84	99.08	99.82	97.01	98.58	64.17	64.15	ok
ORNL-16-No	intbio_reads_NovogeneMay2025	ORNL	No	yes	yes	yes	2395582	2346328	97.94	359337300	349876562	97.37	99.29	99.80	97.34	98.56	58.71	58.67	ok
ORNL-16-Rh	intbio_reads_NovogeneMay2025	ORNL	Rh	yes	yes	yes	108604	106590	98.15	16290600	15833076	97.19	99.09	99.75	96.80	98.29	64.95	64.96	ok
ORNL-16-Ro	intbio_reads_NovogeneMay2025	ORNL	Ro	yes	yes	yes	241248	232812	96.50	36187200	34721081	95.95	99.18	99.81	96.87	98.41	63.94	63.82	ok
ORNL-17-1-No	intbio_reads_NovogeneMay2025	ORNL	No	yes	yes	yes	279548	272530	97.49	41932200	40110666	95.66	98.41	99.55	95.11	97.50	61.80	61.71	ok
ORNL-17-1-Rh	intbio_reads_NovogeneMay2025	ORNL	Rh	yes	yes	yes	126346	123102	97.43	18951900	18311008	96.62	99.02	99.70	96.34	97.90	63.62	63.57	ok
ORNL-17-1-Ro	intbio_reads_NovogeneMay2025	ORNL	Ro	yes	yes	yes	309968	300076	96.81	46495200	44627249	95.98	98.96	99.68	96.19	97.87	64.20	64.02	ok
ORNL-18-1-No	intbio_reads_NovogeneMay2025	ORNL	No	yes	yes	yes	224458	218830	97.49	33668700	32596610	96.82	99.07	99.71	96.43	97.98	63.46	63.41	ok
ORNL-18-1-Rh	intbio_reads_NovogeneMay2025	ORNL	Rh	yes	yes	yes	3038	2824	92.96	455700	416666	91.43	97.50	99.56	92.56	97.11	60.24	60.07	ok
ORNL-18-1-Ro	intbio_reads_NovogeneMay2025	ORNL	Ro	yes	yes	yes	513062	500520	97.56	76959300	74419193	96.70	99.01	99.70	96.32	97.93	63.71	63.67	ok
ORNL-19-No	intbio_reads_NovogeneMay2025	ORNL	No	yes	yes	yes	900888	876280	97.27	135133200	130719300	96.73	99.28	99.81	97.14	98.49	63.29	63.21	ok
ORNL-19-Rh	intbio_reads_NovogeneMay2025	ORNL	Rh	yes	yes	yes	115134	110982	96.39	17270100	16487464	95.47	98.74	99.74	96.16	98.25	64.21	64.23	ok
ORNL-19-Ro	intbio_reads_NovogeneMay2025	ORNL	Ro	yes	yes	yes	992348	952368	95.97	148852200	141992289	95.39	98.97	99.82	96.67	98.50	63.90	63.76	ok
ORNL-2-1-No	intbio_reads_NovogeneMay2025	ORNL	No	yes	yes	yes	3859566	3717328	96.31	578934900	548167171	94.69	98.23	99.58	94.61	97.37	67.18	67.12	ok
ORNL-2-1-Rh	intbio_reads_NovogeneMay2025	ORNL	Rh	yes	yes	yes	94508	92062	97.41	14176200	13731978	96.87	99.28	99.82	97.25	98.57	61.69	61.60	ok
ORNL-2-1-Ro	intbio_reads_NovogeneMay2025	ORNL	Ro	yes	yes	yes	59604	57728	96.85	8940600	8612782	96.33	99.22	99.82	97.08	98.49	60.90	60.76	ok
ORNL-20-1-No	intbio_reads_NovogeneMay2025	ORNL	No	yes	yes	yes	1834070	1788734	97.53	275110500	266578143	96.90	99.12	99.73	96.59	98.07	61.36	61.27	ok
ORNL-20-1-Rh	intbio_reads_NovogeneMay2025	ORNL	Rh	yes	yes	yes	31460	30754	97.76	4719000	4571314	96.87	98.97	99.67	96.12	97.75	64.34	64.27	ok
ORNL-20-1-Ro	intbio_reads_NovogeneMay2025	ORNL	Ro	yes	yes	yes	34674	33662	97.08	5201100	4979576	95.74	98.68	99.63	95.54	97.64	63.64	63.57	ok
ORNL-21-No	intbio_reads_NovogeneMay2025	ORNL	No	yes	yes	yes	618110	597340	96.64	92716500	88973409	95.96	99.09	99.77	96.65	98.27	64.47	64.33	ok
ORNL-21-Rh	intbio_reads_NovogeneMay2025	ORNL	Rh	yes	yes	yes	83036	80334	96.75	12455400	11919977	95.70	98.98	99.73	96.51	98.24	61.48	61.32	ok
ORNL-21-Ro	intbio_reads_NovogeneMay2025	ORNL	Ro	yes	yes	yes	643548	625464	97.19	96532200	93294667	96.65	99.25	99.81	97.11	98.48	63.73	63.66	ok
ORNL-23-1-No	intbio_reads_NovogeneMay2025	ORNL	No	yes	yes	yes	2382882	2327204	97.66	357432300	346803807	97.03	99.12	99.71	96.59	98.01	60.14	60.10	ok
ORNL-23-1-Rh	intbio_reads_NovogeneMay2025	ORNL	Rh	yes	yes	yes	24144	23454	97.14	3621600	3499470	96.63	99.22	99.81	97.04	98.50	58.72	58.59	ok
ORNL-23-1-Ro	intbio_reads_NovogeneMay2025	ORNL	Ro	yes	yes	yes	40908	39736	97.14	6136200	5904727	96.23	98.85	99.69	96.03	97.88	62.41	62.35	ok
ORNL-24-No	intbio_reads_NovogeneMay2025	ORNL	No	yes	yes	yes	2034370	1967800	96.73	305155500	293894779	96.31	99.32	99.83	97.27	98.57	59.08	58.91	ok
ORNL-24-Rh	intbio_reads_NovogeneMay2025	ORNL	Rh	yes	yes	yes	340888	332420	97.52	51133200	49395589	96.60	99.13	99.78	96.92	98.43	61.00	60.89	ok
ORNL-24-Ro	intbio_reads_NovogeneMay2025	ORNL	Ro	yes	yes	yes	302496	294250	97.27	45374400	43936931	96.83	99.31	99.83	97.22	98.53	64.14	64.07	ok
ORNL-25-1-No	intbio_reads_NovogeneAugust2025	ORNL	No	yes	yes	yes	2427498	2354798	97.01	364124700	349818633	96.07	98.85	99.69	95.90	97.82	57.98	57.85	ok
ORNL-25-1-Rh	intbio_reads_NovogeneAugust2025	ORNL	Rh	yes	yes	yes	56638	54172	95.65	8495700	7805918	91.88	97.05	99.41	92.33	96.79	63.75	63.34	ok
ORNL-25-1-Ro	intbio_reads_NovogeneAugust2025	ORNL	Ro	yes	yes	yes	60034	56666	94.39	9005100	8440224	93.73	98.73	99.62	94.98	97.20	64.09	63.87	ok
ORNL-3-1-No	intbio_reads_NovogeneMay2025	ORNL	No	yes	yes	yes	1525796	1442126	94.52	228869400	214130715	93.56	98.72	99.74	95.58	97.91	67.57	67.37	ok
ORNL-3-1-Rh	intbio_reads_NovogeneMay2025	ORNL	Rh	yes	yes	yes	24132	22996	95.29	3619800	3427737	94.69	99.06	99.78	96.43	98.18	64.24	64.01	ok
ORNL-3-1-Ro	intbio_reads_NovogeneMay2025	ORNL	Ro	yes	yes	yes	157258	153030	97.31	23588700	22616009	95.88	98.60	99.58	95.31	97.42	65.38	65.32	ok
ORNL-3-2-No	intbio_reads_NovogeneDecember2025	ORNL	No	yes	yes	yes	3349248	3194760	95.39	502387200	472492898	94.05	98.38	99.65	94.55	97.36	67.53	67.47	ok
ORNL-3-2-Rh	intbio_reads_NovogeneDecember2025	ORNL	Rh	yes	yes	yes	6822	6394	93.73	1023300	936422	91.51	97.28	99.54	92.45	96.95	66.02	65.91	ok
ORNL-3-2-Ro	intbio_reads_NovogeneDecember2025	ORNL	Ro	yes	yes	yes	192908	185934	96.38	28936200	27175582	93.92	97.85	99.48	93.59	96.99	64.25	64.10	ok
ORNL-4-1-No	intbio_reads_NovogeneMay2025	ORNL	No	yes	yes	yes	11593250	11320976	97.65	1738987500	1687832811	97.06	99.28	99.82	97.37	98.65	56.43	56.35	ok
ORNL-4-1-Rh	intbio_reads_NovogeneMay2025	ORNL	Rh	yes	yes	yes	54306	52596	96.85	8145900	7833467	96.16	99.16	99.78	96.78	98.25	64.30	64.20	ok
ORNL-4-1-Ro	intbio_reads_NovogeneMay2025	ORNL	Ro	yes	yes	yes	906162	880670	97.19	135924300	131009743	96.38	98.95	99.70	96.26	97.97	56.31	56.19	ok
ORNL-5-1-No	intbio_reads_NovogeneMay2025	ORNL	No	yes	yes	yes	1748276	1675580	95.84	262241400	249395829	95.10	99.02	99.75	96.23	98.02	66.89	66.74	ok
ORNL-5-1-Rh	intbio_reads_NovogeneMay2025	ORNL	Rh	yes	yes	yes	215248	210340	97.72	32287200	31149325	96.48	98.74	99.59	95.74	97.59	62.81	62.78	ok
ORNL-5-1-Ro	intbio_reads_NovogeneMay2025	ORNL	Ro	yes	yes	yes	87992	85954	97.68	13198800	12709456	96.29	98.70	99.59	95.62	97.57	63.98	63.92	ok
ORNL-5-2-No	intbio_reads_NovogeneDecember2025	ORNL	No	yes	yes	yes	4439532	4297214	96.79	665929800	630531453	94.68	97.95	99.45	93.85	96.95	65.00	65.01	ok
ORNL-5-2-Rh	intbio_reads_NovogeneDecember2025	ORNL	Rh	yes	yes	yes	326364	315404	96.64	48954600	46753671	95.50	98.77	99.69	95.61	97.72	63.86	63.78	ok
ORNL-5-2-Ro	intbio_reads_NovogeneDecember2025	ORNL	Ro	yes	yes	yes	1131470	1088910	96.24	169720500	160341658	94.47	98.25	99.64	94.49	97.46	66.13	66.03	ok
ORNL-5-3-No	intbio_reads_NovogeneDecember2025	ORNL	No	yes	yes	yes	4924284	4752704	96.52	738642600	697408472	94.42	98.13	99.53	94.06	97.14	65.12	65.09	ok
ORNL-5-3-Rh	intbio_reads_NovogeneDecember2025	ORNL	Rh	yes	yes	yes	24640	23672	96.07	3696000	3490445	94.44	98.05	99.55	93.88	97.09	66.33	66.30	ok
ORNL-5-3-Ro	intbio_reads_NovogeneDecember2025	ORNL	Ro	yes	yes	yes	144486	139442	96.51	21672900	20168897	93.06	97.32	99.42	92.62	96.82	63.22	63.05	ok
ORNL-6-1-No	intbio_reads_NovogeneMay2025	ORNL	No	yes	yes	yes	780072	760022	97.43	117010800	113590948	97.08	99.42	99.84	97.61	98.69	58.03	57.94	ok
ORNL-6-1-Rh	intbio_reads_NovogeneMay2025	ORNL	Rh	yes	yes	yes	170600	166492	97.59	25590000	24686209	96.47	98.84	99.65	95.89	97.69	64.65	64.62	ok
ORNL-6-1-Ro	intbio_reads_NovogeneMay2025	ORNL	Ro	yes	yes	yes	21292	20348	95.57	3193800	3017179	94.47	98.73	99.67	95.52	97.69	62.61	62.37	ok
ORNL-7-2-No	intbio_reads_NovogeneAugust2025	ORNL	No	yes	yes	yes	3503394	3356952	95.82	525509100	500118397	95.17	98.89	99.68	95.70	97.64	58.59	58.39	ok
ORNL-7-2-Rh	intbio_reads_NovogeneAugust2025	ORNL	Rh	yes	yes	yes	115544	111676	96.65	17331600	16505881	95.24	98.40	99.59	95.06	97.49	63.32	63.27	ok
ORNL-7-2-Ro	intbio_reads_NovogeneAugust2025	ORNL	Ro	yes	yes	yes	166150	157482	94.78	24922500	23462911	94.14	98.80	99.65	95.24	97.35	64.62	64.44	ok
ORNL-8-2-No	intbio_reads_NovogeneAugust2025	ORNL	No	yes	yes	yes	685436	663856	96.85	102815400	99012856	96.30	99.09	99.72	96.25	97.84	58.30	58.21	ok
ORNL-8-2-Rh	intbio_reads_NovogeneAugust2025	ORNL	Rh	yes	yes	yes	8666	8358	96.45	1299900	1204461	92.66	97.10	99.52	92.41	97.12	61.06	60.71	ok
ORNL-8-2-Ro	intbio_reads_NovogeneAugust2025	ORNL	Ro	yes	yes	yes	13974	13498	96.59	2096100	1991057	94.99	98.37	99.67	95.02	97.73	60.30	60.15	ok
ORNL-9-1-No	intbio_reads_NovogeneMay2025	ORNL	No	yes	yes	yes	239854	233812	97.48	35978100	34721839	96.51	99.02	99.77	96.70	98.36	63.29	63.22	ok
ORNL-9-1-Rh	intbio_reads_NovogeneMay2025	ORNL	Rh	yes	yes	yes	173094	168266	97.21	25964100	25030388	96.40	99.02	99.77	96.63	98.33	64.09	64.04	ok
ORNL-9-1-Ro	intbio_reads_NovogeneMay2025	ORNL	Ro	yes	yes	yes	106248	103156	97.09	15937200	15320536	96.13	98.89	99.75	96.46	98.33	63.64	63.55	ok
OSBS-1-2-No	intbio_reads_NovogeneMay2025	OSBS	No	yes	yes	yes	27930	27202	97.39	4189500	4021378	95.99	98.38	99.46	94.96	97.19	58.72	58.66	ok
OSBS-1-2-Rh	intbio_reads_NovogeneMay2025	OSBS	Rh	yes	yes	yes	2152	2058	95.63	322800	305707	94.70	98.64	99.70	95.15	97.73	63.74	63.58	ok
OSBS-1-2-Ro	intbio_reads_NovogeneMay2025	OSBS	Ro	yes	yes	yes	12632	12196	96.55	1894800	1815920	95.84	98.88	99.64	95.69	97.51	64.75	64.63	ok
OSBS-100-3-No	intbio_reads_NovogeneAugust2025	OSBS	No	yes	yes	yes	312862	301788	96.46	46929300	44608881	95.06	98.43	99.58	94.80	97.32	63.85	63.78	ok
OSBS-100-3-Rh	intbio_reads_NovogeneAugust2025	OSBS	Rh	yes	yes	yes	163046	157524	96.61	24456900	23294962	95.25	98.46	99.59	94.89	97.36	63.65	63.59	ok
OSBS-100-3-Ro	intbio_reads_NovogeneAugust2025	OSBS	Ro	yes	yes	yes	129240	125538	97.14	19386000	18605730	95.98	98.72	99.63	95.43	97.51	61.96	61.90	ok
OSBS-101-1-No	intbio_reads_NovogeneAugust2025	OSBS	No	yes	yes	yes	44630	42634	95.53	6694500	6341571	94.73	98.81	99.64	95.28	97.35	64.10	63.98	ok
OSBS-101-1-Rh	intbio_reads_NovogeneAugust2025	OSBS	Rh	yes	yes	yes	166808	161592	96.87	25021200	23926008	95.62	98.65	99.64	95.24	97.48	63.62	63.60	ok
OSBS-101-1-Ro	intbio_reads_NovogeneAugust2025	OSBS	Ro	yes	yes	yes	185388	178764	96.43	27808200	26488651	95.25	98.62	99.64	95.25	97.53	64.22	64.16	ok
OSBS-102-1-No	intbio_reads_NovogeneAugust2025	OSBS	No	yes	yes	yes	26956	25740	95.49	4043400	3826547	94.64	98.61	99.70	95.50	97.84	60.22	60.02	ok
OSBS-102-1-Rh	intbio_reads_NovogeneAugust2025	OSBS	Rh	yes	yes	yes	194326	187788	96.64	29148900	27945761	95.87	98.88	99.68	95.68	97.61	63.83	63.80	ok
OSBS-102-1-Ro	intbio_reads_NovogeneAugust2025	OSBS	Ro	yes	yes	yes	209500	202560	96.69	31425000	30128889	95.88	98.91	99.66	95.72	97.54	61.58	61.49	ok
OSBS-103-2-No	intbio_reads_NovogeneAugust2025	OSBS	No	yes	yes	yes	283418	272914	96.29	42512700	40553756	95.39	98.80	99.66	95.44	97.46	64.28	64.23	ok
OSBS-103-2-Rh	intbio_reads_NovogeneAugust2025	OSBS	Rh	yes	yes	yes	230540	222400	96.47	34581000	33012346	95.46	98.79	99.66	95.40	97.47	64.29	64.26	ok
OSBS-103-2-Ro	intbio_reads_NovogeneAugust2025	OSBS	Ro	yes	yes	yes	480836	466228	96.96	72125400	69465699	96.31	99.04	99.71	96.16	97.82	59.35	59.26	ok
OSBS-104-1-No	intbio_reads_NovogeneAugust2025	OSBS	No	yes	yes	yes	8401020	8101130	96.43	1260153000	1205101067	95.63	98.88	99.68	95.76	97.67	58.84	58.70	ok
OSBS-104-1-Rh	intbio_reads_NovogeneMay2025	OSBS	Rh	yes	yes	yes	8978	8662	96.48	1346700	1284223	95.36	98.59	99.62	95.18	97.55	61.26	61.15	ok
OSBS-104-1-Ro	intbio_reads_NovogeneAugust2025	OSBS	Ro	yes	yes	yes	377668	363242	96.18	56650200	53882533	95.11	98.60	99.70	95.34	97.65	63.57	63.49	ok
OSBS-106-1-No	intbio_reads_NovogeneAugust2025	OSBS	No	yes	yes	yes	516892	497480	96.24	77533800	74033705	95.49	98.84	99.69	95.65	97.65	62.40	62.28	ok
OSBS-106-1-Rh	intbio_reads_NovogeneMay2025	OSBS	Rh	yes	yes	yes	169988	162332	95.50	25498200	24152084	94.72	98.75	99.66	95.46	97.58	63.53	63.37	ok
OSBS-106-1-Ro	intbio_reads_NovogeneAugust2025	OSBS	Ro	yes	yes	yes	19538	18596	95.18	2930700	2733533	93.27	97.88	99.53	93.56	97.03	61.22	61.08	ok
OSBS-107-No	intbio_reads_NovogeneAugust2025	OSBS	No	yes	yes	yes	6080128	5872268	96.58	912019200	875997752	96.05	99.08	99.72	96.16	97.77	58.11	58.01	ok
OSBS-107-Rh	intbio_reads_NovogeneAugust2025	OSBS	Rh	yes	yes	yes	66732	61996	92.90	10009800	9201721	91.93	97.88	99.64	93.98	97.36	64.11	64.05	ok
OSBS-107-Ro	intbio_reads_NovogeneAugust2025	OSBS	Ro	yes	yes	yes	48814	47008	96.30	7322100	7010503	95.74	98.99	99.71	95.99	97.76	58.70	58.58	ok
OSBS-109-4-No	intbio_reads_NovogeneAugust2025	OSBS	No	yes	yes	yes	5647152	5503910	97.46	847072800	823509366	97.22	99.48	99.78	97.28	98.06	57.68	57.60	ok
OSBS-109-4-Rh	intbio_reads_NovogeneMay2025	OSBS	Rh	yes	yes	yes	44308	42612	96.17	6646200	6325403	95.17	98.78	99.65	95.62	97.69	63.13	62.94	ok
OSBS-109-4-Ro	intbio_reads_NovogeneAugust2025	OSBS	Ro	yes	yes	yes	92198	86496	93.82	13829700	12873985	93.09	98.65	99.65	94.89	97.38	63.66	63.36	ok
OSBS-110-1-No	intbio_reads_NovogeneAugust2025	OSBS	No	yes	yes	yes	7353122	7238712	98.44	1102968300	1082956807	98.19	99.57	99.82	97.88	98.51	58.07	58.03	ok
OSBS-110-1-Rh	intbio_reads_NovogeneMay2025	OSBS	Rh	yes	yes	yes	149100	143034	95.93	22365000	21281295	95.15	98.82	99.69	95.68	97.66	64.16	63.98	ok
OSBS-12-1-No	intbio_reads_NovogeneMay2025	OSBS	No	yes	yes	yes	95034	90706	95.45	14255100	13395771	93.97	98.24	99.63	94.63	97.56	62.66	62.50	ok
OSBS-12-1-Rh	intbio_reads_NovogeneMay2025	OSBS	Rh	yes	yes	yes	224218	217104	96.83	33632700	32154233	95.60	98.70	99.60	95.45	97.47	62.84	62.81	ok
OSBS-12-1-Ro	intbio_reads_NovogeneMay2025	OSBS	Ro	yes	yes	yes	8794	8248	93.79	1319100	1215466	92.14	97.70	99.52	93.00	96.93	60.89	60.71	ok
OSBS-14-3-No	intbio_reads_NovogeneMay2025	OSBS	No	yes	yes	yes	124498	121232	97.38	18674700	18039906	96.60	99.07	99.68	96.28	97.76	57.49	57.43	ok
OSBS-14-3-Rh	intbio_reads_NovogeneMay2025	OSBS	Rh	yes	yes	yes	890168	866318	97.32	133525200	128969097	96.59	99.05	99.68	96.20	97.75	58.23	58.16	ok
OSBS-14-3-Ro	intbio_reads_NovogeneMay2025	OSBS	Ro	yes	yes	yes	2688	2606	96.95	403200	386996	95.98	98.84	99.64	95.85	97.67	58.68	58.58	ok
OSBS-18-5-No	intbio_reads_NovogeneMay2025	OSBS	No	yes	yes	yes	197082	191656	97.25	29562300	28550607	96.58	99.08	99.69	96.25	97.74	58.96	58.89	ok
OSBS-18-5-Rh	intbio_reads_NovogeneMay2025	OSBS	Rh	yes	yes	yes	89206	86350	96.80	13380900	12842001	95.97	98.88	99.65	95.70	97.51	63.30	63.20	ok
OSBS-18-5-Ro	intbio_reads_NovogeneMay2025	OSBS	Ro	yes	yes	yes	4276	4056	94.86	641400	602545	93.94	98.37	99.61	94.51	97.26	61.91	61.64	ok
OSBS-2-3-No	intbio_reads_NovogeneMay2025	OSBS	No	yes	yes	yes	5354938	5128558	95.77	803240700	755951345	94.11	98.16	99.56	94.21	97.14	68.70	68.55	ok
OSBS-2-3-Rh	intbio_reads_NovogeneMay2025	OSBS	Rh	yes	yes	yes	2298	2118	92.17	344700	314283	91.18	97.70	99.54	92.90	97.06	60.80	60.63	ok
OSBS-2-3-Ro	intbio_reads_NovogeneMay2025	OSBS	Ro	yes	yes	yes	5477186	5279492	96.39	821577900	779306079	94.85	98.30	99.59	94.60	97.31	68.63	68.55	ok
OSBS-20-1-No	intbio_reads_NovogeneMay2025	OSBS	No	yes	yes	yes	10186	9932	97.51	1527900	1467942	96.08	98.68	99.57	95.40	97.33	64.90	64.85	ok
OSBS-20-1-Rh	intbio_reads_NovogeneMay2025	OSBS	Rh	yes	yes	yes	149912	145904	97.33	22486800	21623582	96.16	98.79	99.63	95.68	97.53	63.12	63.06	ok
OSBS-20-1-Ro	intbio_reads_NovogeneMay2025	OSBS	Ro	yes	yes	yes	69922	67088	95.95	10488300	9984060	95.19	98.49	99.67	95.23	97.67	63.16	63.07	ok
OSBS-21-2-No	intbio_reads_NovogeneMay2025	OSBS	No	yes	yes	yes	414664	400110	96.49	62199600	58770266	94.49	97.92	99.58	94.24	97.46	62.24	62.11	ok
OSBS-21-2-Rh	intbio_reads_NovogeneMay2025	OSBS	Rh	yes	yes	yes	331378	322084	97.20	49706700	47766384	96.10	98.77	99.63	95.56	97.50	63.57	63.51	ok
OSBS-21-2-Ro	intbio_reads_NovogeneMay2025	OSBS	Ro	yes	yes	yes	14350	13648	95.11	2152500	2024186	94.04	98.54	99.60	94.81	97.25	63.61	63.43	ok
OSBS-25-1-Rh	intbio_reads_NovogeneAugust2025	OSBS	Rh	yes	yes	yes	131196	124788	95.12	19679400	18555024	94.29	98.67	99.60	94.90	97.15	63.79	63.63	ok
OSBS-25-1-Ro	intbio_reads_NovogeneAugust2025	OSBS	Ro	yes	yes	yes	21530	20992	97.50	3229500	3134976	97.07	99.36	99.75	97.05	98.02	61.52	61.47	ok
OSBS-28-1-No	intbio_reads_NovogeneAugust2025	OSBS	No	yes	yes	yes	237000	223126	94.15	35550000	33228742	93.47	98.50	99.61	94.64	97.21	63.99	63.82	ok
OSBS-28-1-Rh	intbio_reads_NovogeneAugust2025	OSBS	Rh	yes	yes	yes	272766	258292	94.69	40914900	38389618	93.83	98.51	99.61	94.78	97.24	63.57	63.46	ok
OSBS-28-1-Ro	intbio_reads_NovogeneAugust2025	OSBS	Ro	yes	yes	yes	188100	179360	95.35	28215000	26684438	94.58	98.71	99.62	95.07	97.27	63.22	63.14	ok
OSBS-29-1-Rh	intbio_reads_NovogeneAugust2025	OSBS	Rh	yes	yes	yes	316114	299068	94.61	47417100	44566458	93.99	98.72	99.64	95.04	97.31	64.08	63.89	ok
OSBS-29-1-Ro	intbio_reads_NovogeneAugust2025	OSBS	Ro	yes	yes	yes	10422	9950	95.47	1563300	1478866	94.60	98.61	99.58	94.82	97.12	63.71	63.57	ok
OSBS-30-1-Rh	intbio_reads_NovogeneAugust2025	OSBS	Rh	yes	yes	yes	62026	59500	95.93	9303900	8848910	95.11	98.82	99.62	95.22	97.19	64.29	64.18	ok
OSBS-30-1-Ro	intbio_reads_NovogeneAugust2025	OSBS	Ro	yes	yes	yes	1314	1238	94.22	197100	184776	93.75	98.34	99.77	94.90	98.14	61.63	61.60	ok
OSBS-31-1-Rh	intbio_reads_NovogeneAugust2025	OSBS	Rh	yes	yes	yes	50056	48030	95.95	7508400	7135287	95.03	98.83	99.75	95.80	97.92	63.98	63.88	ok
OSBS-31-1-Ro	intbio_reads_NovogeneAugust2025	OSBS	Ro	yes	yes	yes	912	862	94.52	136800	127882	93.48	98.26	99.76	94.70	98.02	63.42	63.29	ok
OSBS-32-1-Rh	intbio_reads_NovogeneMay2025	OSBS	Rh	yes	yes	yes	119494	115938	97.02	17924100	17288430	96.45	99.16	99.73	96.51	97.94	64.01	63.93	ok
OSBS-32-1-Ro	intbio_reads_NovogeneMay2025	OSBS	Ro	yes	yes	yes	217068	210560	97.00	32560200	31409174	96.46	99.12	99.73	96.48	97.97	64.38	64.31	ok
OSBS-34-1-No	intbio_reads_NovogeneMay2025	OSBS	No	yes	yes	yes	349656	341906	97.78	52448400	50728113	96.72	98.94	99.67	96.25	97.91	60.86	60.83	ok
OSBS-34-1-Rh	intbio_reads_NovogeneMay2025	OSBS	Rh	yes	yes	yes	104540	101362	96.96	15681000	15105098	96.33	99.11	99.72	96.35	97.88	63.58	63.52	ok
OSBS-34-1-Ro	intbio_reads_NovogeneMay2025	OSBS	Ro	yes	yes	yes	338322	331096	97.86	50748300	48223777	95.03	97.96	99.53	94.27	97.53	60.67	60.59	ok
OSBS-35-1-Rh	intbio_reads_NovogeneMay2025	OSBS	Rh	yes	yes	yes	295160	287762	97.49	44274000	42736429	96.53	98.99	99.78	96.72	98.41	63.38	63.29	ok
OSBS-35-1-Ro	intbio_reads_NovogeneMay2025	OSBS	Ro	yes	yes	yes	25832	24966	96.65	3874800	3684033	95.08	98.43	99.64	95.33	97.91	60.90	60.82	ok
OSBS-35-2-No	intbio_reads_NovogeneMay2025	OSBS	No	yes	yes	yes	3201114	3123232	97.57	480167100	463304273	96.49	98.82	99.67	96.02	97.90	60.32	60.25	ok
OSBS-35-2-Rh	intbio_reads_NovogeneMay2025	OSBS	Rh	yes	yes	yes	542056	529498	97.68	81308400	78163085	96.13	98.52	99.63	95.52	97.76	63.62	63.55	ok
OSBS-35-2-Ro	intbio_reads_NovogeneMay2025	OSBS	Ro	yes	yes	yes	254512	248476	97.63	38176800	36506682	95.63	98.14	99.47	94.81	97.43	60.39	60.28	ok
OSBS-36-1-No	intbio_reads_NovogeneMay2025	OSBS	No	yes	yes	yes	14239272	13905532	97.66	2135890800	2037988470	95.42	98.10	99.51	94.63	97.43	57.07	56.84	ok
OSBS-36-1-Rh	intbio_reads_NovogeneMay2025	OSBS	Rh	yes	yes	yes	180712	172712	95.57	27106800	25696072	94.80	98.49	99.70	95.55	97.95	62.74	62.68	ok
OSBS-36-1-Ro	intbio_reads_NovogeneMay2025	OSBS	Ro	yes	yes	yes	69952	68084	97.33	10492800	10054846	95.83	98.56	99.63	95.43	97.71	59.85	59.73	ok
OSBS-36-4-No	intbio_reads_NovogeneMay2025	OSBS	No	yes	yes	yes	1217976	1188472	97.58	182696400	176121131	96.40	98.70	99.66	95.86	97.85	63.91	63.90	ok
OSBS-36-4-Rh	intbio_reads_NovogeneMay2025	OSBS	Rh	yes	yes	yes	749358	730846	97.53	112403700	108385254	96.42	98.86	99.66	95.99	97.81	63.84	63.83	ok
OSBS-36-4-Ro	intbio_reads_NovogeneMay2025	OSBS	Ro	yes	yes	yes	32696	31728	97.04	4904400	4702539	95.88	98.81	99.69	95.86	97.85	60.82	60.68	ok
OSBS-37-1-No	intbio_reads_NovogeneMay2025	OSBS	No	yes	yes	yes	34634	32888	94.96	5195100	4863493	93.62	98.03	99.62	94.22	97.55	62.94	62.88	ok
OSBS-37-1-Rh	intbio_reads_NovogeneMay2025	OSBS	Rh	yes	yes	yes	270152	259736	96.14	40522800	38210122	94.29	97.87	99.58	94.30	97.53	63.44	63.23	ok
OSBS-37-1-Ro	intbio_reads_NovogeneMay2025	OSBS	Ro	yes	yes	yes	16480	15840	96.12	2472000	2347410	94.96	98.50	99.65	95.08	97.55	62.84	62.75	ok
OSBS-38-1-No	intbio_reads_NovogeneMay2025	OSBS	No	yes	yes	yes	10950580	10720542	97.90	1642587000	1583603334	96.41	98.63	99.61	95.71	97.77	60.20	60.17	ok
OSBS-38-1-Rh	intbio_reads_NovogeneMay2025	OSBS	Rh	yes	yes	yes	443314	434220	97.95	66497100	63620400	95.67	98.05	99.50	94.67	97.44	63.24	63.31	ok
OSBS-38-1-Ro	intbio_reads_NovogeneMay2025	OSBS	Ro	yes	yes	yes	34998	34010	97.18	5249700	5040679	96.02	98.73	99.65	95.70	97.75	63.84	63.81	ok
OSBS-38-2-Rh	intbio_reads_NovogeneMay2025	OSBS	Rh	yes	yes	yes	205056	200372	97.72	30758400	29782324	96.83	99.04	99.70	96.38	97.95	63.44	63.39	ok
OSBS-38-2-Ro	intbio_reads_NovogeneMay2025	OSBS	Ro	yes	yes	yes	215364	208012	96.59	32304600	31001845	95.97	99.04	99.73	96.28	97.98	63.77	63.65	ok
OSBS-4-3-No	intbio_reads_NovogeneMay2025	OSBS	No	yes	yes	yes	6042496	5775926	95.59	906374400	855382933	94.37	98.42	99.61	94.71	97.30	68.81	68.64	ok
OSBS-4-3-Rh	intbio_reads_NovogeneMay2025	OSBS	Rh	yes	yes	yes	92220	89570	97.13	13833000	13317658	96.27	98.94	99.66	95.93	97.61	62.53	62.46	ok
OSBS-4-3-Ro	intbio_reads_NovogeneMay2025	OSBS	Ro	yes	yes	yes	7414	7098	95.74	1112100	1050086	94.42	98.08	99.44	93.96	96.81	63.71	63.55	ok
OSBS-41-3-No	intbio_reads_NovogeneMay2025	OSBS	No	yes	yes	yes	94416	91898	97.33	14162400	13625930	96.21	98.78	99.68	95.85	97.84	63.58	63.50	ok
OSBS-41-3-Rh	intbio_reads_NovogeneMay2025	OSBS	Rh	yes	yes	yes	35254	34150	96.87	5288100	5048993	95.48	98.63	99.63	95.48	97.69	63.22	63.15	ok
OSBS-41-3-Ro	intbio_reads_NovogeneMay2025	OSBS	Ro	yes	yes	yes	506436	495168	97.78	75965400	73120239	96.25	98.67	99.64	95.68	97.81	61.68	61.58	ok
OSBS-44-1-No	intbio_reads_NovogeneMay2025	OSBS	No	yes	yes	yes	356682	345752	96.94	53502300	51261254	95.81	98.78	99.74	96.34	98.32	63.52	63.42	ok
OSBS-44-1-Rh	intbio_reads_NovogeneMay2025	OSBS	Rh	yes	yes	yes	546194	529478	96.94	81929100	78926493	96.34	99.16	99.79	96.88	98.37	63.97	63.89	ok
OSBS-44-1-Ro	intbio_reads_NovogeneMay2025	OSBS	Ro	yes	yes	yes	503746	489396	97.15	75561900	72795252	96.34	99.11	99.77	96.79	98.36	63.65	63.55	ok
OSBS-45-1-No	intbio_reads_NovogeneMay2025	OSBS	No	yes	yes	yes	797138	770218	96.62	119570700	114463730	95.73	98.98	99.79	96.62	98.37	63.63	63.49	ok
OSBS-45-1-Rh	intbio_reads_NovogeneMay2025	OSBS	Rh	yes	yes	yes	783736	749846	95.68	117560400	111412537	94.77	98.75	99.78	96.26	98.36	63.12	62.97	ok
OSBS-45-1-Ro	intbio_reads_NovogeneMay2025	OSBS	Ro	yes	yes	yes	17166	16572	96.54	2574900	2434243	94.54	98.13	99.58	94.60	97.62	60.11	59.99	ok
OSBS-46-1-No	intbio_reads_NovogeneAugust2025	OSBS	No	yes	yes	yes	84848	81194	95.69	12727200	12031568	94.53	98.52	99.69	95.21	97.78	63.70	63.62	ok
OSBS-46-1-Rh	intbio_reads_NovogeneMay2025	OSBS	Rh	yes	yes	yes	669746	645800	96.42	100461900	96111179	95.67	98.91	99.78	96.56	98.41	63.32	63.20	ok
OSBS-46-1-Ro	intbio_reads_NovogeneAugust2025	OSBS	Ro	yes	yes	yes	569502	539572	94.74	85425300	79835537	93.46	98.21	99.57	94.23	97.04	63.58	63.42	ok
OSBS-49-1-No	intbio_reads_NovogeneAugust2025	OSBS	No	yes	yes	yes	1130470	1093108	96.70	169570500	162908605	96.07	99.01	99.67	95.90	97.57	59.48	59.40	ok
OSBS-49-1-Rh	intbio_reads_NovogeneAugust2025	OSBS	Rh	yes	yes	yes	127064	120822	95.09	19059600	17897230	93.90	98.17	99.63	94.42	97.32	63.74	63.64	ok
OSBS-49-1-Ro	intbio_reads_NovogeneAugust2025	OSBS	Ro	yes	yes	yes	39106	37696	96.39	5865900	5583073	95.18	98.53	99.58	94.91	97.25	62.07	61.99	ok
OSBS-5-5-No	intbio_reads_NovogeneMay2025	OSBS	No	yes	yes	yes	1554664	1505614	96.84	233199600	222008516	95.20	98.36	99.60	94.88	97.48	65.94	65.89	ok
OSBS-5-5-Rh	intbio_reads_NovogeneMay2025	OSBS	Rh	yes	yes	yes	2420	2250	92.98	363000	333111	91.77	97.88	99.58	93.35	97.16	59.13	58.87	ok
OSBS-5-5-Ro	intbio_reads_NovogeneMay2025	OSBS	Ro	yes	yes	yes	5858	5704	97.37	878700	852461	97.01	99.24	99.75	96.67	98.00	60.04	60.00	ok
OSBS-51-1-No	intbio_reads_NovogeneAugust2025	OSBS	No	yes	yes	yes	29690	28516	96.05	4453500	4239403	95.19	98.72	99.63	95.18	97.30	63.61	63.49	ok
OSBS-51-1-Rh	intbio_reads_NovogeneAugust2025	OSBS	Rh	yes	yes	yes	145928	140208	96.08	21889200	20851651	95.26	98.68	99.60	95.09	97.21	63.10	63.06	ok
OSBS-51-1-Ro	intbio_reads_NovogeneAugust2025	OSBS	Ro	yes	yes	yes	24326	23344	95.96	3648900	3457238	94.75	98.52	99.60	94.89	97.28	61.06	60.96	ok
OSBS-52-1-No	intbio_reads_NovogeneDecember2025	OSBS	No	yes	yes	yes	21700	20756	95.65	3255000	3075738	94.49	98.44	99.61	94.78	97.41	63.64	63.52	ok
OSBS-52-1-Rh	intbio_reads_NovogeneDecember2025	OSBS	Rh	yes	yes	yes	275286	266370	96.76	41292900	39509759	95.68	98.67	99.65	95.37	97.67	64.43	64.37	ok
OSBS-52-1-Ro	intbio_reads_NovogeneDecember2025	OSBS	Ro	yes	yes	yes	13458	12770	94.89	2018700	1893935	93.82	98.32	99.66	94.54	97.52	63.25	62.99	ok
OSBS-52-2-No	intbio_reads_NovogeneAugust2025	OSBS	No	yes	yes	yes	3701746	3441574	92.97	555261900	507584506	91.41	97.83	99.45	92.85	96.39	68.52	68.20	ok
OSBS-52-2-Rh	intbio_reads_NovogeneAugust2025	OSBS	Rh	yes	yes	yes	158932	153308	96.46	23839800	22772635	95.52	98.80	99.63	95.40	97.33	64.20	64.11	ok
OSBS-52-2-Ro	intbio_reads_NovogeneAugust2025	OSBS	Ro	yes	yes	yes	84158	80574	95.74	12623700	11969784	94.82	98.66	99.58	94.90	97.07	65.13	65.01	ok
OSBS-52-3-No	intbio_reads_NovogeneDecember2025	OSBS	No	yes	yes	yes	4894646	4669440	95.40	734196900	689827736	93.96	98.18	99.61	94.27	97.32	68.19	68.07	ok
OSBS-52-3-Rh	intbio_reads_NovogeneDecember2025	OSBS	Rh	yes	yes	yes	1087266	1054012	96.94	163089900	154777788	94.90	98.02	99.40	94.02	96.92	63.24	63.19	ok
OSBS-52-3-Ro	intbio_reads_NovogeneDecember2025	OSBS	Ro	yes	yes	yes	16074	15020	93.44	2411100	2174793	90.20	96.71	99.08	90.33	95.30	68.17	68.14	ok
OSBS-52-5-No	intbio_reads_NovogeneDecember2025	OSBS	No	yes	yes	yes	1780430	1701280	95.55	267064500	251015758	93.99	98.12	99.59	94.16	97.24	67.73	67.63	ok
OSBS-52-5-Rh	intbio_reads_NovogeneDecember2025	OSBS	Rh	yes	yes	yes	514450	496580	96.53	77167500	72238399	93.61	97.52	99.47	93.31	97.11	64.04	63.89	ok
OSBS-52-5-Ro	intbio_reads_NovogeneDecember2025	OSBS	Ro	yes	yes	yes	156550	146112	93.33	23482500	20789259	88.53	95.86	99.17	89.95	96.07	65.77	65.23	ok
OSBS-55-1-No	intbio_reads_NovogeneAugust2025	OSBS	No	yes	yes	yes	1111518	1073646	96.59	166727700	159822052	95.86	98.91	99.67	95.74	97.58	59.05	58.95	ok
OSBS-55-1-Rh	intbio_reads_NovogeneAugust2025	OSBS	Rh	yes	yes	yes	174248	167010	95.85	26137200	24754447	94.71	98.46	99.64	94.95	97.43	63.67	63.66	ok
OSBS-55-1-Ro	intbio_reads_NovogeneAugust2025	OSBS	Ro	yes	yes	yes	559354	524888	93.84	83903100	77753135	92.67	98.20	99.58	94.02	97.00	64.00	63.76	ok
OSBS-58-1-No	intbio_reads_NovogeneMay2025	OSBS	No	yes	yes	yes	1979480	1919510	96.97	296922000	286661743	96.54	99.23	99.77	96.82	98.17	57.72	57.59	ok
OSBS-58-1-Rh	intbio_reads_NovogeneMay2025	OSBS	Rh	yes	yes	yes	91036	87286	95.88	13655400	12968288	94.97	98.77	99.66	95.51	97.57	63.89	63.69	ok
OSBS-58-1-Ro	intbio_reads_NovogeneMay2025	OSBS	Ro	yes	yes	yes	81200	77928	95.97	12180000	11584334	95.11	98.76	99.69	95.66	97.74	63.43	63.26	ok
OSBS-59-1-No	intbio_reads_NovogeneMay2025	OSBS	No	yes	yes	yes	1215068	1187426	97.73	182260200	176802306	97.01	99.11	99.75	96.74	98.20	58.66	58.59	ok
OSBS-59-1-Rh	intbio_reads_NovogeneMay2025	OSBS	Rh	yes	yes	yes	307106	295050	96.07	46065900	43889030	95.27	98.78	99.70	95.75	97.77	63.36	63.25	ok
OSBS-59-1-Ro	intbio_reads_NovogeneMay2025	OSBS	Ro	yes	yes	yes	7338	6838	93.19	1100700	996198	90.51	96.56	99.57	91.34	97.29	59.60	59.45	ok
OSBS-6-1-No	intbio_reads_NovogeneMay2025	OSBS	No	yes	yes	yes	7544	7166	94.99	1131600	1062414	93.89	98.40	99.60	94.47	97.26	61.50	61.28	ok
OSBS-6-1-Rh	intbio_reads_NovogeneMay2025	OSBS	Rh	yes	yes	yes	76064	73456	96.57	11409600	10924804	95.75	98.91	99.62	95.60	97.33	65.26	65.14	ok
OSBS-6-1-Ro	intbio_reads_NovogeneMay2025	OSBS	Ro	yes	yes	yes	90382	87212	96.49	13557300	12865708	94.90	98.59	99.62	95.32	97.57	65.76	65.63	ok
OSBS-65-1-No	intbio_reads_NovogeneMay2025	OSBS	No	yes	yes	yes	472656	462808	97.92	70898400	68741015	96.96	99.02	99.70	96.75	98.28	61.25	61.18	ok
OSBS-65-1-Rh	intbio_reads_NovogeneMay2025	OSBS	Rh	yes	yes	yes	458050	444032	96.94	68707500	66276458	96.46	99.29	99.82	97.19	98.54	63.85	63.75	ok
OSBS-66-1-No	intbio_reads_NovogeneMay2025	OSBS	No	yes	yes	yes	805846	788866	97.89	120876900	117367637	97.10	99.14	99.74	97.06	98.43	58.41	58.31	ok
OSBS-66-1-Rh	intbio_reads_NovogeneMay2025	OSBS	Rh	yes	yes	yes	445244	427268	95.96	66786600	63597726	95.23	98.86	99.78	96.44	98.39	63.29	63.13	ok
OSBS-67-1-No	intbio_reads_NovogeneMay2025	OSBS	No	yes	yes	yes	143866	139820	97.19	21579900	20831551	96.53	99.08	99.73	96.43	97.97	59.13	59.02	ok
OSBS-67-1-Rh	intbio_reads_NovogeneMay2025	OSBS	Rh	yes	yes	yes	119270	114624	96.10	17890500	17077234	95.45	98.88	99.71	95.94	97.80	63.60	63.48	ok
OSBS-67-1-Ro	intbio_reads_NovogeneMay2025	OSBS	Ro	yes	yes	yes	5644	5390	95.50	846600	797241	94.17	98.36	99.68	94.93	97.66	61.79	61.60	ok
OSBS-68-1-No	intbio_reads_NovogeneMay2025	OSBS	No	yes	yes	yes	1582794	1517802	95.89	237419100	225119127	94.82	98.63	99.69	95.71	97.92	59.76	59.44	ok
OSBS-68-1-Rh	intbio_reads_NovogeneMay2025	OSBS	Rh	yes	yes	yes	31748	30628	96.47	4762200	4537190	95.28	98.56	99.65	95.38	97.64	63.64	63.50	ok
OSBS-68-1-Ro	intbio_reads_NovogeneMay2025	OSBS	Ro	yes	yes	yes	108510	103194	95.10	16276500	15272562	93.83	97.82	99.68	94.40	97.77	63.63	63.57	ok
OSBS-69-1-No	intbio_reads_NovogeneAugust2025	OSBS	No	yes	yes	yes	1866690	1776660	95.18	280003500	264977694	94.63	98.88	99.65	95.38	97.33	59.19	58.98	ok
OSBS-69-1-Rh	intbio_reads_NovogeneAugust2025	OSBS	Rh	yes	yes	yes	314410	302612	96.25	47161500	44983767	95.38	98.70	99.60	95.05	97.21	63.48	63.41	ok
OSBS-69-1-Ro	intbio_reads_NovogeneAugust2025	OSBS	Ro	yes	yes	yes	19340	18586	96.10	2901000	2763374	95.26	98.79	99.64	95.36	97.40	60.08	59.94	ok
OSBS-7-4-No	intbio_reads_NovogeneMay2025	OSBS	No	yes	yes	yes	1679690	1625124	96.75	251953500	241344588	95.79	98.84	99.61	95.54	97.39	58.73	58.59	ok
OSBS-7-4-Rh	intbio_reads_NovogeneMay2025	OSBS	Rh	yes	yes	yes	68888	66722	96.86	10333200	9908650	95.89	98.73	99.65	95.37	97.47	63.17	63.07	ok
OSBS-7-4-Ro	intbio_reads_NovogeneMay2025	OSBS	Ro	yes	yes	yes	13080	12470	95.34	1962000	1849649	94.27	98.55	99.56	94.64	97.02	65.55	65.34	ok
OSBS-70-3-No	intbio_reads_NovogeneMay2025	OSBS	No	yes	yes	yes	3286780	3206796	97.57	493017000	478689956	97.09	99.36	99.83	97.43	98.64	57.92	57.85	ok
OSBS-70-3-Rh	intbio_reads_NovogeneMay2025	OSBS	Rh	yes	yes	yes	336048	313810	93.38	50407200	46803186	92.85	98.53	99.80	95.70	98.33	63.32	63.00	ok
OSBS-70-3-Ro	intbio_reads_NovogeneMay2025	OSBS	Ro	yes	yes	yes	59186	57034	96.36	8877900	8457425	95.26	98.80	99.75	96.11	98.22	63.12	63.00	ok
OSBS-71-1-No	intbio_reads_NovogeneMay2025	OSBS	No	yes	yes	yes	7210	6842	94.90	1081500	1007759	93.18	97.81	99.65	93.82	97.62	60.70	60.67	ok
OSBS-71-1-Rh	intbio_reads_NovogeneMay2025	OSBS	Rh	yes	yes	yes	135752	131134	96.60	20362800	19415931	95.35	98.63	99.76	95.94	98.24	64.09	63.96	ok
OSBS-71-1-Ro	intbio_reads_NovogeneMay2025	OSBS	Ro	yes	yes	yes	16304	15488	95.00	2445600	2300217	94.06	98.56	99.72	95.27	97.90	61.87	61.66	ok
OSBS-72-1-No	intbio_reads_NovogeneMay2025	OSBS	No	yes	yes	yes	5018	4676	93.18	752700	693108	92.08	98.04	99.69	93.97	97.62	62.58	62.29	ok
OSBS-72-1-Rh	intbio_reads_NovogeneMay2025	OSBS	Rh	yes	yes	yes	197742	189020	95.59	29661300	27964006	94.28	98.66	99.78	95.96	98.32	64.38	64.23	ok
OSBS-72-1-Ro	intbio_reads_NovogeneMay2025	OSBS	Ro	yes	yes	yes	12870	12172	94.58	1930500	1808644	93.69	98.59	99.75	95.55	98.09	65.69	65.46	ok
OSBS-73-2-No	intbio_reads_NovogeneMay2025	OSBS	No	yes	yes	yes	196198	190496	97.09	29429700	28393167	96.48	99.20	99.80	96.97	98.41	63.90	63.83	ok
OSBS-73-2-Rh	intbio_reads_NovogeneMay2025	OSBS	Rh	yes	yes	yes	256240	250036	97.58	38436000	37174176	96.72	99.08	99.77	96.73	98.32	63.73	63.68	ok
OSBS-73-2-Ro	intbio_reads_NovogeneMay2025	OSBS	Ro	yes	yes	yes	418844	403690	96.38	62826600	60264326	95.92	99.13	99.81	96.84	98.40	64.50	64.41	ok
OSBS-74-3-No	intbio_reads_NovogeneMay2025	OSBS	No	yes	yes	yes	4132722	4039946	97.76	619908300	602927046	97.26	99.35	99.83	97.41	98.62	58.17	58.12	ok
OSBS-74-3-Rh	intbio_reads_NovogeneMay2025	OSBS	Rh	yes	yes	yes	276042	269140	97.50	41406300	40088254	96.82	99.21	99.80	96.98	98.39	63.48	63.41	ok
OSBS-74-3-Ro	intbio_reads_NovogeneMay2025	OSBS	Ro	yes	yes	yes	63148	60984	96.57	9472200	9092873	96.00	98.94	99.82	96.63	98.53	63.73	63.66	ok
OSBS-75-2-No	intbio_reads_NovogeneMay2025	OSBS	No	yes	yes	yes	786132	751734	95.62	117919800	112215956	95.16	99.22	99.81	96.87	98.42	57.94	57.70	ok
OSBS-75-2-Rh	intbio_reads_NovogeneMay2025	OSBS	Rh	yes	yes	yes	364216	352908	96.90	54632400	52654226	96.38	99.26	99.81	97.02	98.44	64.14	64.05	ok
OSBS-75-2-Ro	intbio_reads_NovogeneMay2025	OSBS	Ro	yes	yes	yes	223630	214864	96.08	33544500	32021149	95.46	99.13	99.82	96.82	98.47	64.25	64.07	ok
OSBS-8-5-No	intbio_reads_NovogeneMay2025	OSBS	No	yes	yes	yes	418124	407720	97.51	62718600	60223565	96.02	98.69	99.61	95.63	97.62	59.59	59.46	ok
OSBS-8-5-Rh	intbio_reads_NovogeneMay2025	OSBS	Rh	yes	yes	yes	22390	21686	96.86	3358500	3231217	96.21	98.95	99.64	95.87	97.54	63.64	63.66	ok
OSBS-8-5-Ro	intbio_reads_NovogeneMay2025	OSBS	Ro	yes	yes	yes	14278	13754	96.33	2141700	2027804	94.68	98.39	99.60	94.68	97.32	62.01	61.84	ok
OSBS-80-2-No	intbio_reads_NovogeneMay2025	OSBS	No	yes	yes	yes	99806	97480	97.67	14970900	14376149	96.03	98.49	99.52	95.11	97.23	65.71	65.71	ok
OSBS-80-2-Rh	intbio_reads_NovogeneMay2025	OSBS	Rh	yes	yes	yes	284606	274656	96.50	42690900	41006126	96.05	99.25	99.83	97.02	98.51	64.07	63.91	ok
OSBS-80-2-Ro	intbio_reads_NovogeneMay2025	OSBS	Ro	yes	yes	yes	321818	314644	97.77	48272700	46466517	96.26	98.60	99.56	95.42	97.48	63.10	63.02	ok
OSBS-81-1-No	intbio_reads_NovogeneMay2025	OSBS	No	yes	yes	yes	249398	243052	97.46	37409700	36232833	96.85	99.24	99.79	97.16	98.49	61.42	61.35	ok
OSBS-81-1-Rh	intbio_reads_NovogeneMay2025	OSBS	Rh	yes	yes	yes	235816	227496	96.47	35372400	33528328	94.79	98.48	99.77	95.61	98.21	63.76	63.59	ok
OSBS-81-1-Ro	intbio_reads_NovogeneMay2025	OSBS	Ro	yes	yes	yes	59048	57096	96.69	8857200	8497221	95.94	98.99	99.75	96.49	98.22	63.19	63.06	ok
OSBS-82-1-No	intbio_reads_NovogeneMay2025	OSBS	No	yes	yes	yes	7128382	6967770	97.75	1069257300	1037069924	96.99	99.13	99.78	97.01	98.49	58.39	58.33	ok
OSBS-82-1-Rh	intbio_reads_NovogeneMay2025	OSBS	Rh	yes	yes	yes	1945262	1842862	94.74	291789300	273773032	93.83	98.67	99.77	95.87	98.26	62.41	62.11	ok
OSBS-82-1-Ro	intbio_reads_NovogeneMay2025	OSBS	Ro	yes	yes	yes	5127358	4746322	92.57	769103700	705927909	91.79	98.62	99.76	95.48	98.15	63.14	62.61	ok
OSBS-83-1-No	intbio_reads_NovogeneMay2025	OSBS	No	yes	yes	yes	4696184	4591438	97.77	704427600	686052317	97.39	99.45	99.85	97.73	98.77	58.01	57.95	ok
OSBS-83-1-Rh	intbio_reads_NovogeneMay2025	OSBS	Rh	yes	yes	yes	242312	235946	97.37	36346800	34995028	96.28	98.88	99.74	96.38	98.26	61.73	61.66	ok
OSBS-83-1-Ro	intbio_reads_NovogeneMay2025	OSBS	Ro	yes	yes	yes	361880	350602	96.88	54282000	52129555	96.03	98.94	99.79	96.54	98.38	62.71	62.61	ok
OSBS-84-1-No	intbio_reads_NovogeneMay2025	OSBS	No	yes	yes	yes	2620732	2555280	97.50	393109800	381073053	96.94	99.25	99.82	97.21	98.57	59.27	59.19	ok
OSBS-84-1-Rh	intbio_reads_NovogeneMay2025	OSBS	Rh	yes	yes	yes	701166	679192	96.87	105174900	101000279	96.03	98.95	99.77	96.53	98.35	62.47	62.36	ok
OSBS-84-1-Ro	intbio_reads_NovogeneMay2025	OSBS	Ro	yes	yes	yes	225098	216182	96.04	33764700	32182093	95.31	98.89	99.79	96.41	98.37	62.65	62.48	ok
OSBS-85-1-No	intbio_reads_NovogeneMay2025	OSBS	No	yes	yes	yes	3244562	3169472	97.69	486684300	472181455	97.02	99.21	99.80	97.16	98.54	58.55	58.47	ok
OSBS-85-1-Rh	intbio_reads_NovogeneMay2025	OSBS	Rh	yes	yes	yes	1182686	1145332	96.84	177402900	170005010	95.83	98.80	99.78	96.34	98.36	62.10	61.98	ok
OSBS-85-1-Ro	intbio_reads_NovogeneMay2025	OSBS	Ro	yes	yes	yes	205602	198724	96.65	30840300	29584788	95.93	99.07	99.80	96.72	98.43	63.10	62.96	ok
OSBS-86-1-No	intbio_reads_NovogeneMay2025	OSBS	No	yes	yes	yes	1038928	1008378	97.06	155839200	150062085	96.29	99.06	99.79	96.72	98.41	61.92	61.82	ok
OSBS-86-1-Rh	intbio_reads_NovogeneMay2025	OSBS	Rh	yes	yes	yes	934554	901486	96.46	140183100	133935022	95.54	98.81	99.79	96.36	98.41	62.71	62.57	ok
OSBS-86-1-Ro	intbio_reads_NovogeneMay2025	OSBS	Ro	yes	yes	yes	16118	15432	95.74	2417700	2297026	95.01	98.87	99.79	96.21	98.36	61.83	61.63	ok
OSBS-88-1-No	intbio_reads_NovogeneMay2025	OSBS	No	yes	yes	yes	7688918	7522716	97.84	1153337700	1113538839	96.55	98.77	99.67	96.27	98.16	58.40	58.31	ok
OSBS-88-1-Rh	intbio_reads_NovogeneMay2025	OSBS	Rh	yes	yes	yes	858324	829130	96.60	128748600	123148225	95.65	98.78	99.74	96.19	98.18	63.46	63.34	ok
OSBS-88-1-Ro	intbio_reads_NovogeneMay2025	OSBS	Ro	yes	yes	yes	159542	155892	97.71	23931300	23278469	97.27	99.40	99.85	97.62	98.73	58.87	58.79	ok
OSBS-89-1-No	intbio_reads_NovogeneMay2025	OSBS	No	yes	yes	yes	440230	429026	97.45	66034500	63741953	96.53	98.95	99.77	96.58	98.35	62.31	62.24	ok
OSBS-89-1-Rh	intbio_reads_NovogeneMay2025	OSBS	Rh	yes	yes	yes	949666	916900	96.55	142449900	136051437	95.51	98.69	99.76	96.16	98.33	62.93	62.80	ok
OSBS-89-1-Ro	intbio_reads_NovogeneMay2025	OSBS	Ro	yes	yes	yes	538994	520318	96.54	80849100	76908849	95.13	98.44	99.70	95.64	98.14	63.11	63.00	ok
OSBS-90-1-Rh	intbio_reads_NovogeneMay2025	OSBS	Rh	yes	yes	yes	753282	725390	96.30	112992300	107924156	95.51	98.76	99.79	96.31	98.40	62.62	62.52	ok
OSBS-90-1-Ro	intbio_reads_NovogeneMay2025	OSBS	Ro	yes	yes	yes	161108	154566	95.94	24166200	22913844	94.82	98.40	99.71	95.59	98.14	62.42	62.30	ok
OSBS-91-1-No	intbio_reads_NovogeneAugust2025	OSBS	No	yes	yes	yes	516984	504500	97.59	77547600	75153603	96.91	99.16	99.70	96.85	98.05	61.73	61.62	ok
OSBS-91-1-Rh	intbio_reads_NovogeneAugust2025	OSBS	Rh	yes	yes	yes	47760	45904	96.11	7164000	6858583	95.74	99.24	99.73	96.53	97.73	60.87	60.68	ok
OSBS-91-1-Ro	intbio_reads_NovogeneAugust2025	OSBS	Ro	yes	yes	yes	349504	336022	96.14	52425600	50095357	95.56	99.14	99.72	96.42	97.83	64.80	64.65	ok
OSBS-95-3-Rh	intbio_reads_NovogeneAugust2025	OSBS	Rh	yes	yes	yes	109032	106278	97.47	16354800	15845375	96.89	99.23	99.74	96.94	98.09	63.24	63.13	ok
OSBS-95-3-Ro	intbio_reads_NovogeneAugust2025	OSBS	Ro	yes	yes	yes	723342	679286	93.91	108501300	101233994	93.30	98.91	99.65	95.42	97.29	63.37	63.07	ok
OSBS-97-2-Rh	intbio_reads_NovogeneAugust2025	OSBS	Rh	yes	yes	yes	643656	606346	94.20	96548400	90505984	93.74	98.98	99.66	95.61	97.36	62.54	62.27	ok
OSBS-97-2-Ro	intbio_reads_NovogeneAugust2025	OSBS	Ro	yes	yes	yes	186870	182398	97.61	28030500	27145078	96.84	99.17	99.70	96.73	97.88	62.48	62.40	ok
OSBS-99-No	intbio_reads_NovogeneAugust2025	OSBS	No	yes	yes	yes	50386	49236	97.72	7557900	7362006	97.41	99.41	99.78	97.27	98.18	60.90	60.83	ok
OSBS-99-Rh	intbio_reads_NovogeneAugust2025	OSBS	Rh	yes	yes	yes	137452	132638	96.50	20617800	19483453	94.50	98.27	99.59	94.55	97.36	63.16	63.07	ok
OSBS-99-Ro	intbio_reads_NovogeneAugust2025	OSBS	Ro	yes	yes	yes	10402	9926	95.42	1560300	1445747	92.66	97.30	99.48	92.64	96.87	61.03	60.90	ok
OSBS-CEVI-50-3-No	intbio_reads_NovogeneAugust2025	OSBS	No	yes	yes	yes	848856	821482	96.78	127328400	122564554	96.26	99.12	99.72	96.29	97.82	58.13	58.04	ok
OSBS-CEVI-50-3-Rh	intbio_reads_NovogeneAugust2025	OSBS	Rh	yes	yes	yes	717798	683180	95.18	107669700	101691417	94.45	98.67	99.67	95.32	97.55	64.14	64.04	ok
OSBS-CEVI-50-3-Ro	intbio_reads_NovogeneAugust2025	OSBS	Ro	yes	yes	yes	105310	101130	96.03	15796500	15067363	95.38	98.88	99.65	95.57	97.44	63.84	63.73	ok
OSBS-DETR-64-3-No	intbio_reads_NovogeneAugust2025	OSBS	No	yes	yes	yes	77368	74724	96.58	11605200	11126784	95.88	98.91	99.68	95.72	97.59	63.07	63.01	ok
OSBS-DETR-64-3-Rh	intbio_reads_NovogeneAugust2025	OSBS	Rh	yes	yes	yes	128762	123536	95.94	19314300	18413786	95.34	98.90	99.68	95.63	97.55	64.08	63.94	ok
OSBS-DETR-64-3-Ro	intbio_reads_NovogeneAugust2025	OSBS	Ro	yes	yes	yes	118212	113230	95.79	17731800	16886990	95.24	98.96	99.69	95.78	97.62	60.06	59.89	ok
OSBS-LEHI-62-5-No	intbio_reads_NovogeneAugust2025	OSBS	No	yes	yes	yes	3150592	3034676	96.32	472588800	452576323	95.77	99.04	99.71	96.09	97.78	58.04	57.92	ok
OSBS-LEHI-62-5-Rh	intbio_reads_NovogeneAugust2025	OSBS	Rh	yes	yes	yes	293086	278666	95.08	43962900	41441269	94.26	98.76	99.64	95.24	97.36	64.20	63.98	ok
OSBS-LEHI-62-5-Ro	intbio_reads_NovogeneAugust2025	OSBS	Ro	yes	yes	yes	16278	15772	96.89	2441700	2335450	95.65	98.62	99.62	95.33	97.55	59.04	58.94	ok
OSBS-MOCE-52-4-No	intbio_reads_NovogeneDecember2025	OSBS	No	yes	yes	yes	236234	221898	93.93	35435100	32040466	90.42	96.89	99.46	91.66	96.81	67.35	67.00	ok
OSBS-MOCE-52-4-Rh	intbio_reads_NovogeneDecember2025	OSBS	Rh	yes	yes	yes	99432	93932	94.47	14914800	13971591	93.68	98.75	99.68	95.11	97.47	65.40	65.19	ok
OSBS-MOCE-52-4-Ro	intbio_reads_NovogeneDecember2025	OSBS	Ro	yes	yes	yes	233204	222388	95.36	34980600	32524891	92.98	97.76	99.54	93.23	96.96	67.81	67.65	ok
OSBS-TEVI-61-4-No	intbio_reads_NovogeneAugust2025	OSBS	No	yes	yes	yes	1241504	1206456	97.18	186225600	179339324	96.30	98.89	99.66	95.83	97.64	58.95	58.89	ok
OSBS-TEVI-61-4-Rh	intbio_reads_NovogeneAugust2025	OSBS	Rh	yes	yes	yes	94060	89258	94.89	14109000	13295571	94.23	98.84	99.65	95.31	97.38	63.51	63.30	ok
OSBS-TEVI-61-4-Ro	intbio_reads_NovogeneAugust2025	OSBS	Ro	yes	yes	yes	3444	3326	96.57	516600	493965	95.62	98.90	99.60	95.42	97.18	61.69	61.65	ok
RMNP-1-No	intbio_reads_NovogeneAugust2025	RMNP	No	yes	yes	yes	4544716	4359410	95.92	681707400	648976437	95.20	98.85	99.68	95.68	97.65	59.32	59.11	ok
RMNP-1-Rh	intbio_reads_NovogeneAugust2025	RMNP	Rh	yes	yes	yes	231242	217900	94.23	34686300	32292954	93.10	98.35	99.61	94.41	97.23	63.34	63.02	ok
RMNP-1-Ro	intbio_reads_NovogeneAugust2025	RMNP	Ro	yes	yes	yes	6962	6664	95.72	1044300	983818	94.21	98.17	99.56	94.22	97.14	61.92	61.85	ok
RMNP-2-No	intbio_reads_NovogeneAugust2025	RMNP	No	yes	yes	yes	2754946	2702924	98.11	413241900	404411030	97.86	99.53	99.82	97.69	98.42	59.50	59.44	ok
RMNP-2-Rh	intbio_reads_NovogeneAugust2025	RMNP	Rh	yes	yes	yes	3443434	3318230	96.36	516515100	494630231	95.76	98.95	99.70	95.90	97.74	61.01	60.88	ok
RMNP-2-Ro	intbio_reads_NovogeneAugust2025	RMNP	Ro	yes	yes	yes	21422	20730	96.77	3213300	3080139	95.86	98.83	99.66	95.65	97.56	59.16	59.04	ok
RMNP-3-No	intbio_reads_NovogeneAugust2025	RMNP	No	yes	yes	yes	1157220	1112728	96.16	173583000	163061013	93.94	97.81	99.43	93.68	97.03	60.95	60.72	ok
RMNP-3-Rh	intbio_reads_NovogeneAugust2025	RMNP	Rh	yes	yes	yes	243884	232804	95.46	36582600	34586098	94.54	98.65	99.64	95.15	97.47	63.53	63.29	ok
RMNP-3-Ro	intbio_reads_NovogeneAugust2025	RMNP	Ro	yes	yes	yes	224922	214456	95.35	33738300	31840606	94.38	98.59	99.63	95.08	97.47	62.44	62.21	ok
RMNP-4-No	intbio_reads_NovogeneAugust2025	RMNP	No	yes	yes	yes	123512	117420	95.07	18526800	17416690	94.01	98.47	99.61	94.70	97.37	64.14	63.86	ok
RMNP-4-Rh	intbio_reads_NovogeneAugust2025	RMNP	Rh	yes	yes	yes	241450	231746	95.98	36217500	34352620	94.85	98.58	99.66	95.06	97.50	64.13	63.99	ok
RMNP-4-Ro	intbio_reads_NovogeneAugust2025	RMNP	Ro	yes	yes	yes	4774	4582	95.98	716100	676582	94.48	98.34	99.55	94.32	97.00	61.68	61.51	ok
RMNP-5-1-No	intbio_reads_NovogeneAugust2025	RMNP	No	yes	yes	yes	2418898	2310766	95.53	362834700	344917597	95.06	99.06	99.71	96.18	97.69	64.56	64.31	ok
RMNP-5-1-Rh	intbio_reads_NovogeneAugust2025	RMNP	Rh	yes	yes	yes	992	876	88.31	148800	129900	87.30	96.88	99.56	90.79	96.88	60.05	59.56	ok
RMNP-5-1-Ro	intbio_reads_NovogeneAugust2025	RMNP	Ro	yes	yes	yes	1002	914	91.22	150300	135143	89.92	97.31	99.48	92.00	96.69	59.41	59.29	ok
SCBI-1-1-Rh	intbio_reads_NovogeneAugust2025	SCBI	Rh	yes	yes	yes	205280	195188	95.08	30792000	28986920	94.14	98.62	99.63	94.94	97.32	63.23	63.05	ok
SCBI-1-1-Ro	intbio_reads_NovogeneAugust2025	SCBI	Ro	yes	yes	yes	10630	9994	94.02	1594500	1461611	91.67	96.85	99.42	91.60	96.74	57.32	57.07	ok
SCBI-10-1-No	intbio_reads_NovogeneAugust2025	SCBI	No	yes	yes	yes	1067852	1019130	95.44	160177800	151794165	94.77	98.92	99.71	96.05	97.75	63.51	63.26	ok
SCBI-10-1-Rh	intbio_reads_NovogeneAugust2025	SCBI	Rh	yes	yes	yes	110130	106242	96.47	16519500	15784143	95.55	98.83	99.66	95.58	97.52	64.15	64.05	ok
SCBI-10-1-Ro	intbio_reads_NovogeneAugust2025	SCBI	Ro	yes	yes	yes	101966	98654	96.75	15294900	14661851	95.86	98.87	99.66	95.70	97.54	62.92	62.84	ok
SCBI-11-1-No	intbio_reads_NovogeneAugust2025	SCBI	No	yes	yes	yes	4049488	3941608	97.34	607423200	584127547	96.16	98.81	99.66	95.82	97.74	58.15	58.03	ok
SCBI-11-1-Rh	intbio_reads_NovogeneAugust2025	SCBI	Rh	yes	yes	yes	282670	275942	97.62	42400500	40762949	96.14	98.63	99.60	95.52	97.65	59.85	59.78	ok
SCBI-11-1-Ro	intbio_reads_NovogeneAugust2025	SCBI	Ro	yes	yes	yes	91834	88736	96.63	13775100	13185741	95.72	98.84	99.69	95.84	97.75	59.20	59.08	ok
SCBI-12-1-No	intbio_reads_NovogeneAugust2025	SCBI	No	yes	yes	yes	1254774	1215044	96.83	188216100	180942925	96.14	98.98	99.68	96.00	97.71	58.53	58.43	ok
SCBI-12-1-Rh	intbio_reads_NovogeneAugust2025	SCBI	Rh	yes	yes	yes	454116	439230	96.72	68117400	64999719	95.42	98.55	99.66	95.29	97.64	62.02	61.92	ok
SCBI-12-1-Ro	intbio_reads_NovogeneAugust2025	SCBI	Ro	yes	yes	yes	162940	157916	96.92	24441000	23513661	96.21	98.99	99.68	96.01	97.71	58.46	58.36	ok
SCBI-13-1-No	intbio_reads_NovogeneAugust2025	SCBI	No	yes	yes	yes	1146774	1036872	90.42	172016100	152603184	88.71	97.34	99.47	92.29	96.60	66.23	65.65	ok
SCBI-13-1-Rh	intbio_reads_NovogeneAugust2025	SCBI	Rh	yes	yes	yes	234078	221786	94.75	35111700	32866197	93.60	98.43	99.59	94.51	97.15	65.38	65.17	ok
SCBI-13-1-Ro	intbio_reads_NovogeneAugust2025	SCBI	Ro	yes	yes	yes	57214	55114	96.33	8582100	8144519	94.90	98.32	99.51	94.44	96.98	65.94	65.88	ok
SCBI-2-1-No	intbio_reads_NovogeneAugust2025	SCBI	No	yes	yes	yes	142600	137284	96.27	21390000	20375827	95.26	98.71	99.64	95.33	97.50	63.25	63.18	ok
SCBI-2-1-Rh	intbio_reads_NovogeneAugust2025	SCBI	Rh	yes	yes	yes	281620	272752	96.85	42243000	40345482	95.51	98.56	99.59	95.05	97.35	63.79	63.75	ok
SCBI-2-1-Ro	intbio_reads_NovogeneAugust2025	SCBI	Ro	yes	yes	yes	379242	360842	95.15	56886300	53718649	94.43	98.80	99.66	95.30	97.42	64.12	63.96	ok
SCBI-3-1-No	intbio_reads_NovogeneAugust2025	SCBI	No	yes	yes	yes	1347492	1257968	93.36	202123800	184776504	91.42	97.66	99.48	93.04	96.72	65.78	65.46	ok
SCBI-3-1-Rh	intbio_reads_NovogeneAugust2025	SCBI	Rh	yes	yes	yes	228486	220214	96.38	34272900	32617705	95.17	98.51	99.60	94.93	97.37	63.67	63.61	ok
SCBI-3-1-Ro	intbio_reads_NovogeneAugust2025	SCBI	Ro	yes	yes	yes	123688	119088	96.28	18553200	17659404	95.18	98.58	99.62	95.03	97.36	63.57	63.47	ok
SCBI-4-1-No	intbio_reads_NovogeneAugust2025	SCBI	No	yes	yes	yes	1903606	1846370	96.99	285540900	275092833	96.34	99.03	99.69	96.19	97.80	58.67	58.59	ok
SCBI-4-1-Rh	intbio_reads_NovogeneAugust2025	SCBI	Rh	yes	yes	yes	955050	924234	96.77	143257500	137874452	96.24	99.10	99.72	96.28	97.83	59.09	58.98	ok
SCBI-4-1-Ro	intbio_reads_NovogeneAugust2025	SCBI	Ro	yes	yes	yes	66942	64718	96.68	10041300	9615665	95.76	98.85	99.67	95.74	97.65	61.22	61.13	ok
SCBI-5-1-No	intbio_reads_NovogeneAugust2025	SCBI	No	yes	yes	yes	7016852	6806438	97.00	1052527800	1017909987	96.71	99.38	99.76	97.00	97.96	60.94	60.83	ok
SCBI-5-1-Rh	intbio_reads_NovogeneAugust2025	SCBI	Rh	yes	yes	yes	102128	98590	96.54	15319200	14667438	95.75	98.93	99.66	95.75	97.51	64.67	64.59	ok
SCBI-5-1-Ro	intbio_reads_NovogeneAugust2025	SCBI	Ro	yes	yes	yes	12886	12434	96.49	1932900	1841861	95.29	98.53	99.63	95.03	97.42	61.01	60.93	ok
SCBI-6-1-No	intbio_reads_NovogeneAugust2025	SCBI	No	yes	yes	yes	5646184	5491234	97.26	846927600	816512915	96.41	98.98	99.69	96.16	97.85	58.06	57.97	ok
SCBI-6-1-Rh	intbio_reads_NovogeneAugust2025	SCBI	Rh	yes	yes	yes	380728	364950	95.86	57109200	54289833	95.06	98.83	99.68	95.57	97.59	62.71	62.54	ok
SCBI-6-1-Ro	intbio_reads_NovogeneAugust2025	SCBI	Ro	yes	yes	yes	113028	108950	96.39	16954200	16192437	95.51	98.75	99.68	95.62	97.70	59.82	59.67	ok
SCBI-7-1-No	intbio_reads_NovogeneAugust2025	SCBI	No	yes	yes	yes	6995642	6772080	96.80	1049346300	1008814558	96.14	98.95	99.73	96.15	97.95	56.82	56.76	ok
SCBI-7-1-Rh	intbio_reads_NovogeneAugust2025	SCBI	Rh	yes	yes	yes	261846	250528	95.68	39276900	37224444	94.77	98.66	99.65	95.35	97.53	63.47	63.32	ok
SCBI-7-1-Ro	intbio_reads_NovogeneAugust2025	SCBI	Ro	yes	yes	yes	94256	90576	96.10	14138400	13430046	94.99	98.56	99.64	95.26	97.65	57.83	57.63	ok
SCBI-8-2-No	intbio_reads_NovogeneAugust2025	SCBI	No	yes	yes	yes	1587578	1527222	96.20	238136700	226291922	95.03	98.52	99.59	94.82	97.20	66.03	65.95	ok
SCBI-8-2-Rh	intbio_reads_NovogeneAugust2025	SCBI	Rh	yes	yes	yes	192016	186506	97.13	28802400	27692377	96.15	98.85	99.69	95.72	97.69	62.04	61.96	ok
SCBI-8-2-Ro	intbio_reads_NovogeneAugust2025	SCBI	Ro	yes	yes	yes	104592	101258	96.81	15688800	14956542	95.33	98.49	99.58	94.84	97.21	64.73	64.70	ok
SCBI-9-2-No	intbio_reads_NovogeneAugust2025	SCBI	No	yes	yes	yes	1192052	1162588	97.53	178807800	173362616	96.95	99.17	99.72	96.50	97.90	58.69	58.64	ok
SCBI-9-2-Rh	intbio_reads_NovogeneAugust2025	SCBI	Rh	yes	yes	yes	272226	262992	96.61	40833900	39132022	95.83	98.93	99.67	95.79	97.60	62.78	62.67	ok
SCBI-9-2-Ro	intbio_reads_NovogeneAugust2025	SCBI	Ro	yes	yes	yes	30792	29808	96.80	4618800	4432787	95.97	98.91	99.69	95.88	97.72	59.92	59.83	ok
SERC-1-1-No	intbio_reads_NovogeneAugust2025	SERC	No	yes	yes	yes	1882392	1763806	93.70	282358800	257086237	91.05	97.26	99.42	92.24	96.54	66.54	66.28	ok
SERC-1-1-Rh	intbio_reads_NovogeneAugust2025	SERC	Rh	yes	yes	yes	32104	30756	95.80	4815600	4571522	94.93	98.35	99.65	95.04	97.59	60.47	60.39	ok
SERC-1-1-Ro	intbio_reads_NovogeneAugust2025	SERC	Ro	yes	yes	yes	308408	291976	94.67	46261200	43256587	93.51	98.31	99.58	94.19	96.99	66.38	66.23	ok
SERC-1-2-No	intbio_reads_NovogeneDecember2025	SERC	No	yes	yes	yes	13904812	13016774	93.61	2085721800	1890364169	90.63	96.82	99.26	91.57	96.30	66.16	65.91	ok
SERC-1-2-Rh	intbio_reads_NovogeneDecember2025	SERC	Rh	yes	yes	yes	1012436	975818	96.38	151865400	143216257	94.30	98.01	99.48	94.06	97.09	64.92	64.81	ok
SERC-1-2-Ro	intbio_reads_NovogeneDecember2025	SERC	Ro	yes	yes	yes	83148	80306	96.58	12472200	11883528	95.28	98.53	99.60	95.01	97.38	64.68	64.61	ok
SERC-1-3-Rh	intbio_reads_NovogeneDecember2025	SERC	Rh	yes	yes	yes	361466	350196	96.88	54219900	52030763	95.96	98.89	99.68	95.72	97.62	64.64	64.58	ok
SERC-1-3-Ro	intbio_reads_NovogeneDecember2025	SERC	Ro	yes	yes	yes	126628	117912	93.12	18994200	17357645	91.38	97.96	99.57	93.37	96.91	65.67	65.32	ok
SERC-2-1-No	intbio_reads_NovogeneAugust2025	SERC	No	yes	yes	yes	2546528	2383372	93.59	381979200	348350584	91.20	97.28	99.44	92.32	96.61	65.69	65.46	ok
SERC-2-1-Rh	intbio_reads_NovogeneAugust2025	SERC	Rh	yes	yes	yes	179550	171596	95.57	26932500	25472152	94.58	98.66	99.62	95.02	97.23	64.36	64.24	ok
SERC-2-1-Ro	intbio_reads_NovogeneAugust2025	SERC	Ro	yes	yes	yes	63290	60496	95.59	9493500	8982062	94.61	98.69	99.64	95.14	97.37	64.43	64.28	ok
SERC-2-2-No	intbio_reads_NovogeneDecember2025	SERC	No	yes	yes	yes	3850288	3651968	94.85	577543200	537682265	93.10	97.92	99.53	93.57	96.92	67.16	67.06	ok
SERC-2-2-Rh	intbio_reads_NovogeneDecember2025	SERC	Rh	yes	yes	yes	2214428	2114682	95.50	332164200	311882121	93.89	98.10	99.56	93.92	97.03	67.35	67.32	ok
SERC-2-2-Ro	intbio_reads_NovogeneDecember2025	SERC	Ro	yes	yes	yes	272318	254080	93.30	40847700	37564124	91.96	97.98	99.63	93.70	97.26	67.19	67.03	ok
SERC-3-1-Rh	intbio_reads_NovogeneAugust2025	SERC	Rh	yes	yes	yes	326002	310392	95.21	48900300	46069883	94.21	98.63	99.64	94.99	97.35	62.96	62.75	ok
SERC-3-1-Ro	intbio_reads_NovogeneAugust2025	SERC	Ro	yes	yes	yes	26046	25012	96.03	3906900	3673991	94.04	97.89	99.57	93.96	97.27	60.47	60.33	ok
SERC-4-1-No	intbio_reads_NovogeneAugust2025	SERC	No	yes	yes	yes	2124908	2059486	96.92	318736200	304694585	95.59	98.56	99.65	95.37	97.66	57.44	57.29	ok
SERC-4-1-Rh	intbio_reads_NovogeneAugust2025	SERC	Rh	yes	yes	yes	326086	310736	95.29	48912900	46150944	94.35	98.68	99.63	95.11	97.35	64.57	64.43	ok
SERC-4-1-Ro	intbio_reads_NovogeneAugust2025	SERC	Ro	yes	yes	yes	64216	62170	96.81	9632400	8756504	90.91	95.55	99.20	90.04	96.41	64.14	63.98	ok
SERC-5-1-No	intbio_reads_NovogeneAugust2025	SERC	No	yes	yes	yes	2945862	2831426	96.12	441879300	421730651	95.44	98.89	99.70	95.80	97.72	58.07	57.92	ok
SERC-5-1-Rh	intbio_reads_NovogeneAugust2025	SERC	Rh	yes	yes	yes	333834	319802	95.80	50075100	47522134	94.90	98.70	99.67	95.32	97.53	60.60	60.47	ok
SERC-5-1-Ro	intbio_reads_NovogeneAugust2025	SERC	Ro	yes	yes	yes	31372	30480	97.16	4705800	4487300	95.36	98.24	99.61	94.74	97.42	63.31	63.24	ok
SERC-6-1-No	intbio_reads_NovogeneAugust2025	SERC	No	yes	yes	yes	48980784	47901764	97.80	7347117600	7160768618	97.46	99.44	99.80	97.41	98.28	57.73	57.67	ok
SERC-6-1-Rh	intbio_reads_NovogeneAugust2025	SERC	Rh	yes	yes	yes	2988934	2888526	96.64	448340100	430343885	95.99	98.94	99.71	95.99	97.84	58.72	58.65	ok
SERC-6-1-Ro	intbio_reads_NovogeneAugust2025	SERC	Ro	yes	yes	yes	164764	159544	96.83	24714600	23495134	95.07	98.25	99.60	94.75	97.47	58.56	58.41	ok
SERC-7-1-No	intbio_reads_NovogeneAugust2025	SERC	No	yes	yes	yes	13765884	13349638	96.98	2064882600	1975572735	95.67	98.53	99.65	95.28	97.63	58.37	58.29	ok
SERC-7-1-Rh	intbio_reads_NovogeneAugust2025	SERC	Rh	yes	yes	yes	377868	363688	96.25	56680200	54136305	95.51	98.92	99.67	95.69	97.51	64.13	63.99	ok
SERC-7-1-Ro	intbio_reads_NovogeneAugust2025	SERC	Ro	yes	yes	yes	149522	141714	94.78	22428300	21110451	94.12	98.81	99.65	95.26	97.34	63.52	63.34	ok
SJER-1-1-No	intbio_reads_NovogeneAugust2025	SJER	No	yes	yes	yes	1290880	1252186	97.00	193632000	186476388	96.30	99.00	99.71	96.12	97.83	60.22	60.15	ok
SJER-1-1-Rh	intbio_reads_NovogeneAugust2025	SJER	Rh	yes	yes	yes	246792	237648	96.29	37018800	35435462	95.72	98.92	99.69	95.73	97.56	63.35	63.25	ok
SJER-1-1-Ro	intbio_reads_NovogeneAugust2025	SJER	Ro	yes	yes	yes	29480	28478	96.60	4422000	4222083	95.48	98.69	99.64	95.34	97.51	60.86	60.75	ok
SJER-2-3-No	intbio_reads_NovogeneAugust2025	SJER	No	yes	yes	yes	7722376	7472850	96.77	1158356400	1108853209	95.73	98.79	99.67	95.66	97.70	57.25	57.10	ok
SJER-2-3-Rh	intbio_reads_NovogeneAugust2025	SJER	Rh	yes	yes	yes	644812	615496	95.45	96721800	91765191	94.88	98.92	99.71	95.83	97.71	57.76	57.48	ok
SJER-2-3-Ro	intbio_reads_NovogeneAugust2025	SJER	Ro	yes	yes	yes	148848	144108	96.82	22327200	21348982	95.62	98.59	99.59	95.01	97.27	63.47	63.42	ok
SJER-3-5-No	intbio_reads_NovogeneAugust2025	SJER	No	yes	yes	yes	1325114	1286440	97.08	198767100	191020266	96.10	98.82	99.66	95.75	97.67	60.12	60.06	ok
SJER-3-5-Rh	intbio_reads_NovogeneAugust2025	SJER	Rh	yes	yes	yes	578330	555556	96.06	86749500	82801705	95.45	98.94	99.70	95.88	97.71	59.80	59.62	ok
SJER-3-5-Ro	intbio_reads_NovogeneAugust2025	SJER	Ro	yes	yes	yes	125810	121104	96.26	18871500	18030356	95.54	98.90	99.69	95.81	97.70	59.06	58.89	ok
SJER-4-1-No	intbio_reads_NovogeneAugust2025	SJER	No	yes	yes	yes	99372	95764	96.37	14905800	14174449	95.09	98.51	99.65	95.08	97.48	62.30	62.18	ok
SJER-4-1-Rh	intbio_reads_NovogeneAugust2025	SJER	Rh	yes	yes	yes	219150	211446	96.48	32872500	31399850	95.52	98.75	99.64	95.41	97.47	62.63	62.58	ok
SJER-4-1-Ro	intbio_reads_NovogeneAugust2025	SJER	Ro	yes	yes	yes	20706	19698	95.13	3105900	2920834	94.04	98.41	99.63	94.53	97.29	62.26	62.12	ok
SJER-5-1-No	intbio_reads_NovogeneAugust2025	SJER	No	yes	yes	yes	950354	923064	97.13	142553100	137154093	96.21	98.85	99.65	95.70	97.59	61.38	61.32	ok
SJER-5-1-Rh	intbio_reads_NovogeneAugust2025	SJER	Rh	yes	yes	yes	149914	142488	95.05	22487100	21168098	94.13	98.45	99.67	94.90	97.55	63.00	62.93	ok
SJER-5-1-Ro	intbio_reads_NovogeneAugust2025	SJER	Ro	yes	yes	yes	38012	36640	96.39	5701800	5445306	95.50	98.77	99.68	95.53	97.64	60.65	60.52	ok
SRER-1-1-No	intbio_reads_NovogeneMay2025	SRER	No	yes	yes	yes	7615948	7416724	97.38	1142392200	1094673086	95.82	98.52	99.62	95.31	97.59	60.20	60.05	ok
SRER-1-1-Rh	intbio_reads_NovogeneMay2025	SRER	Rh	yes	yes	yes	129680	125182	96.53	19452000	18611137	95.68	98.86	99.64	95.60	97.43	62.84	62.74	ok
SRER-1-1-Ro	intbio_reads_NovogeneMay2025	SRER	Ro	yes	yes	yes	42690	41262	96.65	6403500	6127016	95.68	98.70	99.66	95.42	97.61	60.61	60.53	ok
SRER-10-1-No	intbio_reads_NovogeneMay2025	SRER	No	yes	yes	yes	7435136	7242854	97.41	1115270400	1016042095	91.10	96.73	99.26	91.18	96.39	60.70	59.69	ok
SRER-10-1-Rh	intbio_reads_NovogeneMay2025	SRER	Rh	yes	yes	yes	3737486	3608654	96.55	560622900	537675542	95.91	98.97	99.75	96.31	98.07	60.61	60.43	ok
SRER-10-1-Ro	intbio_reads_NovogeneMay2025	SRER	Ro	yes	yes	yes	2895408	2826288	97.61	434311200	421107349	96.96	99.12	99.75	96.63	98.15	60.89	60.84	ok
SRER-11-1-No	intbio_reads_NovogeneMay2025	SRER	No	yes	yes	yes	4060188	3955714	97.43	609028200	580945418	95.39	98.24	99.55	94.71	97.41	60.26	60.16	ok
SRER-11-1-Rh	intbio_reads_NovogeneMay2025	SRER	Rh	yes	yes	yes	6734	6298	93.53	1010100	917579	90.84	96.96	99.38	91.12	96.18	60.56	60.39	ok
SRER-11-1-Ro	intbio_reads_NovogeneMay2025	SRER	Ro	yes	yes	yes	7946	7486	94.21	1191900	1106449	92.83	97.94	99.61	93.58	97.29	61.29	61.15	ok
SRER-12-1-No	intbio_reads_NovogeneMay2025	SRER	No	yes	yes	yes	8040826	7845262	97.57	1206123900	1170415124	97.04	99.19	99.76	96.75	98.17	60.93	60.87	ok
SRER-12-1-Rh	intbio_reads_NovogeneMay2025	SRER	Rh	yes	yes	yes	108488	102930	94.88	16273200	15026126	92.34	97.23	99.48	92.86	97.07	60.99	60.65	ok
SRER-12-1-Ro	intbio_reads_NovogeneMay2025	SRER	Ro	yes	yes	yes	1902090	1854032	97.47	285313500	275348383	96.51	98.87	99.64	95.90	97.66	61.31	61.24	ok
SRER-13-1-No	intbio_reads_NovogeneMay2025	SRER	No	yes	yes	yes	3904564	3808484	97.54	585684600	565235302	96.51	98.82	99.64	95.83	97.69	60.82	60.75	ok
SRER-13-1-Rh	intbio_reads_NovogeneMay2025	SRER	Rh	yes	yes	yes	510252	497128	97.43	76537800	73869053	96.51	98.93	99.67	96.00	97.72	61.72	61.65	ok
SRER-13-1-Ro	intbio_reads_NovogeneMay2025	SRER	Ro	yes	yes	yes	495100	482888	97.53	74265000	71688796	96.53	98.83	99.66	95.89	97.74	61.15	61.09	ok
SRER-14-1-No	intbio_reads_NovogeneMay2025	SRER	No	yes	yes	yes	19315458	18861354	97.65	2897318700	2783580846	96.07	98.52	99.62	95.38	97.68	60.52	60.42	ok
SRER-14-1-Rh	intbio_reads_NovogeneMay2025	SRER	Rh	yes	yes	yes	155808	151484	97.22	23371200	22497623	96.26	98.84	99.66	95.81	97.67	62.28	62.24	ok
SRER-14-1-Ro	intbio_reads_NovogeneMay2025	SRER	Ro	yes	yes	yes	15818	15316	96.83	2372700	2274550	95.86	98.76	99.68	95.60	97.70	61.54	61.46	ok
SRER-15-1-No	intbio_reads_NovogeneMay2025	SRER	No	yes	yes	yes	13373084	13007864	97.27	2005962600	1929391001	96.18	98.75	99.65	95.70	97.70	61.40	61.32	ok
SRER-15-1-Rh	intbio_reads_NovogeneMay2025	SRER	Rh	yes	yes	yes	745402	716322	96.10	111810300	106804015	95.52	98.92	99.69	95.87	97.73	61.38	61.20	ok
SRER-15-1-Ro	intbio_reads_NovogeneMay2025	SRER	Ro	yes	yes	yes	118276	114686	96.96	17741400	17066544	96.20	98.85	99.68	95.82	97.73	61.95	61.89	ok
SRER-16-1-No	intbio_reads_NovogeneMay2025	SRER	No	yes	yes	yes	8370722	8132298	97.15	1255608300	1198755296	95.47	98.36	99.61	95.01	97.55	60.86	60.74	ok
SRER-16-1-Rh	intbio_reads_NovogeneMay2025	SRER	Rh	yes	yes	yes	1311458	1261730	96.21	196718700	187639793	95.38	98.72	99.66	95.56	97.65	61.03	60.84	ok
SRER-16-1-Ro	intbio_reads_NovogeneMay2025	SRER	Ro	yes	yes	yes	16916	16328	96.52	2537400	2419341	95.35	98.64	99.67	95.39	97.72	61.30	61.15	ok
SRER-17-1-No	intbio_reads_NovogeneMay2025	SRER	No	yes	yes	yes	5339728	5183598	97.08	800959200	773509536	96.57	99.16	99.76	96.58	98.06	60.86	60.77	ok
SRER-17-1-Rh	intbio_reads_NovogeneMay2025	SRER	Rh	yes	yes	yes	174404	169604	97.25	26160600	25240624	96.48	98.98	99.68	96.02	97.70	63.70	63.65	ok
SRER-17-1-Ro	intbio_reads_NovogeneMay2025	SRER	Ro	yes	yes	yes	14902	14460	97.03	2235300	2149332	96.15	98.91	99.71	95.94	97.82	61.91	61.84	ok
SRER-18-1-No	intbio_reads_NovogeneMay2025	SRER	No	yes	yes	yes	18846	17044	90.44	2826900	2503024	88.54	96.79	99.42	90.46	96.10	61.70	61.35	ok
SRER-18-1-Rh	intbio_reads_NovogeneMay2025	SRER	Rh	yes	yes	yes	2433164	2359194	96.96	364974600	351305278	96.25	98.95	99.70	96.05	97.80	60.86	60.76	ok
SRER-18-1-Ro	intbio_reads_NovogeneMay2025	SRER	Ro	yes	yes	yes	710948	690684	97.15	106642200	102944385	96.53	99.09	99.76	96.55	98.14	60.86	60.77	ok
SRER-2-1-No	intbio_reads_NovogeneMay2025	SRER	No	yes	yes	yes	13969074	13598632	97.35	2095361100	2010804760	95.96	98.58	99.65	95.49	97.71	61.05	60.95	ok
SRER-2-1-Rh	intbio_reads_NovogeneMay2025	SRER	Rh	yes	yes	yes	165602	161818	97.72	24840300	24026218	96.72	98.85	99.66	95.91	97.67	64.25	64.25	ok
SRER-2-1-Ro	intbio_reads_NovogeneMay2025	SRER	Ro	yes	yes	yes	14512	14052	96.83	2176800	2074754	95.31	98.41	99.61	94.94	97.42	63.15	63.08	ok
SRER-3-1-No	intbio_reads_NovogeneMay2025	SRER	No	yes	yes	yes	5614364	5468216	97.40	842154600	814993190	96.77	99.13	99.75	96.55	98.06	60.90	60.83	ok
SRER-3-1-Rh	intbio_reads_NovogeneMay2025	SRER	Rh	yes	yes	yes	308834	301168	97.52	46325100	44676300	96.44	98.79	99.65	95.83	97.68	62.32	62.26	ok
SRER-3-1-Ro	intbio_reads_NovogeneMay2025	SRER	Ro	yes	yes	yes	41836	40510	96.83	6275400	6026141	96.03	98.92	99.71	95.99	97.87	61.06	60.96	ok
SRER-4-1-No	intbio_reads_NovogeneMay2025	SRER	No	yes	yes	yes	2444324	2377856	97.28	366648600	348417647	95.03	98.04	99.48	94.25	97.14	61.55	61.40	ok
SRER-4-1-Rh	intbio_reads_NovogeneMay2025	SRER	Rh	yes	yes	yes	238678	232294	97.33	35801700	34499351	96.36	98.80	99.65	95.75	97.63	63.82	63.78	ok
SRER-4-1-Ro	intbio_reads_NovogeneMay2025	SRER	Ro	yes	yes	yes	7288	6980	95.77	1093200	1035980	94.77	98.55	99.64	94.96	97.40	60.57	60.49	ok
SRER-5-1-No	intbio_reads_NovogeneMay2025	SRER	No	yes	yes	yes	6254286	6058344	96.87	938142900	904313504	96.39	99.15	99.75	96.52	98.02	60.84	60.74	ok
SRER-5-1-Rh	intbio_reads_NovogeneMay2025	SRER	Rh	yes	yes	yes	12333068	12048106	97.69	1849960200	1784057614	96.44	98.69	99.62	95.63	97.65	61.05	61.00	ok
SRER-5-1-Ro	intbio_reads_NovogeneMay2025	SRER	Ro	yes	yes	yes	354360	345416	97.48	53154000	50856180	95.68	98.39	99.60	95.00	97.53	61.02	60.91	ok
SRER-6-1-No	intbio_reads_NovogeneMay2025	SRER	No	yes	yes	yes	6486814	6302904	97.16	973022100	936134321	96.21	98.90	99.72	96.12	97.97	60.96	60.84	ok
SRER-6-1-Rh	intbio_reads_NovogeneMay2025	SRER	Rh	yes	yes	yes	2864	2680	93.58	429600	390154	90.82	96.82	99.32	90.80	96.07	59.92	59.74	ok
SRER-6-1-Ro	intbio_reads_NovogeneMay2025	SRER	Ro	yes	yes	yes	82952	80390	96.91	12442800	11942986	95.98	98.86	99.72	95.99	97.94	60.76	60.64	ok
SRER-7-1-No	intbio_reads_NovogeneMay2025	SRER	No	yes	yes	yes	6499936	6331600	97.41	974990400	940379698	96.45	98.95	99.72	96.20	97.99	60.57	60.47	ok
SRER-7-1-Rh	intbio_reads_NovogeneMay2025	SRER	Rh	yes	yes	yes	8353726	8069732	96.60	1253058900	1200007053	95.77	98.83	99.69	95.86	97.80	60.89	60.73	ok
SRER-7-1-Ro	intbio_reads_NovogeneMay2025	SRER	Ro	yes	yes	yes	479990	467026	97.30	71998500	69587944	96.65	99.10	99.76	96.59	98.15	59.10	59.00	ok
SRER-8-1-No	intbio_reads_NovogeneMay2025	SRER	No	yes	yes	yes	6795350	6602418	97.16	1019302500	985025104	96.64	99.14	99.75	96.52	98.01	61.02	60.94	ok
SRER-8-1-Rh	intbio_reads_NovogeneMay2025	SRER	Rh	yes	yes	yes	182336	176648	96.88	27350400	26153156	95.62	98.71	99.62	95.26	97.41	63.75	63.69	ok
SRER-8-1-Ro	intbio_reads_NovogeneMay2025	SRER	Ro	yes	yes	yes	131730	128452	97.51	19759500	18873706	95.52	98.28	99.56	94.69	97.39	61.38	61.27	ok
SRER-9-1-No	intbio_reads_NovogeneMay2025	SRER	No	yes	yes	yes	3110	2924	94.02	466500	425845	91.29	96.91	99.38	91.14	96.19	60.32	60.09	ok
SRER-9-1-Rh	intbio_reads_NovogeneMay2025	SRER	Rh	yes	yes	yes	2680	2446	91.27	402000	355631	88.47	96.37	99.31	89.58	95.70	60.79	60.54	ok
SRER-9-1-Ro	intbio_reads_NovogeneMay2025	SRER	Ro	yes	yes	yes	57632	56026	97.21	8644800	8329460	96.35	98.99	99.72	96.17	97.90	61.29	61.20	ok
TALL-1-1-No	intbio_reads_NovogeneMay2025	TALL	No	yes	yes	yes	102238	96370	94.26	15335700	14233629	92.81	98.22	99.73	94.92	97.96	67.31	66.96	ok
TALL-1-1-Rh	intbio_reads_NovogeneMay2025	TALL	Rh	yes	yes	yes	144116	140190	97.28	21617400	20837107	96.39	99.09	99.77	96.76	98.33	64.26	64.20	ok
TALL-1-1-Ro	intbio_reads_NovogeneMay2025	TALL	Ro	yes	yes	yes	62926	61440	97.64	9438900	9122377	96.65	99.10	99.77	96.85	98.36	63.22	63.12	ok
TALL-1-2-No	intbio_reads_NovogeneDecember2025	TALL	No	yes	yes	yes	8846	7944	89.80	1326900	1149792	86.65	95.56	99.38	88.65	96.29	66.10	66.06	ok
TALL-1-2-Rh	intbio_reads_NovogeneDecember2025	TALL	Rh	yes	yes	yes	153814	148608	96.62	23072100	22034681	95.50	98.74	99.67	95.54	97.67	62.71	62.60	ok
TALL-1-2-Ro	intbio_reads_NovogeneDecember2025	TALL	Ro	yes	yes	yes	7394	6942	93.89	1109100	1020412	92.00	97.25	99.44	92.34	96.71	64.97	64.77	ok
TALL-10-4-No	intbio_reads_NovogeneAugust2025	TALL	No	yes	yes	yes	379208	365492	96.38	56881200	54299019	95.46	98.72	99.62	95.19	97.30	63.29	63.20	ok
TALL-10-4-Rh	intbio_reads_NovogeneAugust2025	TALL	Rh	yes	yes	yes	85384	82312	96.40	12807600	12218489	95.40	98.64	99.60	95.01	97.26	64.13	64.10	ok
TALL-10-4-Ro	intbio_reads_NovogeneAugust2025	TALL	Ro	yes	yes	yes	8614	8230	95.54	1292100	1200269	92.89	97.48	99.42	92.65	96.79	62.21	61.91	ok
TALL-11-1-No	intbio_reads_NovogeneAugust2025	TALL	No	yes	yes	yes	152348	146036	95.86	22852200	21753419	95.19	98.88	99.65	95.50	97.41	62.50	62.39	ok
TALL-11-1-Rh	intbio_reads_NovogeneAugust2025	TALL	Rh	yes	yes	yes	117998	113048	95.81	17699700	16821809	95.04	98.85	99.62	95.29	97.23	64.62	64.54	ok
TALL-11-1-Ro	intbio_reads_NovogeneAugust2025	TALL	Ro	yes	yes	yes	109950	105276	95.75	16492500	15657184	94.94	98.75	99.60	95.09	97.16	64.45	64.36	ok
TALL-12-2-No	intbio_reads_NovogeneAugust2025	TALL	No	yes	yes	yes	3988734	3857018	96.70	598310100	574879805	96.08	98.98	99.69	95.98	97.71	58.51	58.42	ok
TALL-12-2-Rh	intbio_reads_NovogeneAugust2025	TALL	Rh	yes	yes	yes	98006	94524	96.45	14700900	14076400	95.75	98.85	99.66	95.50	97.48	64.41	64.35	ok
TALL-12-2-Ro	intbio_reads_NovogeneAugust2025	TALL	Ro	yes	yes	yes	809836	784254	96.84	121475400	116698369	96.07	98.91	99.67	95.83	97.64	59.24	59.17	ok
TALL-13-3-No	intbio_reads_NovogeneAugust2025	TALL	No	yes	yes	yes	7635510	7429598	97.30	1145326500	1109894779	96.91	99.33	99.74	96.96	97.96	60.99	60.91	ok
TALL-13-3-Rh	intbio_reads_NovogeneAugust2025	TALL	Rh	yes	yes	yes	301732	286548	94.97	45259800	42533603	93.98	98.36	99.61	94.60	97.29	63.37	63.33	ok
TALL-13-3-Ro	intbio_reads_NovogeneAugust2025	TALL	Ro	yes	yes	yes	247162	237746	96.19	37074300	35349046	95.35	98.76	99.64	95.29	97.39	63.00	62.92	ok
TALL-14-2-No	intbio_reads_NovogeneAugust2025	TALL	No	yes	yes	yes	1249004	1208308	96.74	187350600	179808987	95.97	98.89	99.63	95.63	97.45	59.41	59.32	ok
TALL-14-2-Rh	intbio_reads_NovogeneAugust2025	TALL	Rh	yes	yes	yes	338012	318796	94.31	50701800	47467887	93.62	98.68	99.61	94.78	97.09	64.69	64.56	ok
TALL-14-2-Ro	intbio_reads_NovogeneAugust2025	TALL	Ro	yes	yes	yes	385806	364852	94.57	57870900	54349416	93.91	98.76	99.61	94.88	97.04	64.36	64.18	ok
TALL-15-2-No	intbio_reads_NovogeneAugust2025	TALL	No	yes	yes	yes	9803384	9423898	96.13	1470507600	1401316469	95.29	98.79	99.65	95.44	97.48	59.83	59.71	ok
TALL-15-2-Rh	intbio_reads_NovogeneAugust2025	TALL	Rh	yes	yes	yes	111050	106862	96.23	16657500	15834878	95.06	98.47	99.59	94.80	97.26	63.67	63.65	ok
TALL-15-2-Ro	intbio_reads_NovogeneAugust2025	TALL	Ro	yes	yes	yes	12198	11642	95.44	1829700	1728849	94.49	98.45	99.61	94.75	97.31	60.95	60.80	ok
TALL-16-No	intbio_reads_NovogeneAugust2025	TALL	No	yes	yes	yes	1412162	1359334	96.26	211824300	202863426	95.77	99.04	99.70	96.05	97.73	58.20	58.05	ok
TALL-16-Rh	intbio_reads_NovogeneAugust2025	TALL	Rh	yes	yes	yes	308476	293906	95.28	46271400	43718858	94.48	98.71	99.60	95.02	97.21	63.67	63.50	ok
TALL-16-Ro	intbio_reads_NovogeneAugust2025	TALL	Ro	yes	yes	yes	10342	9816	94.91	1551300	1455958	93.85	98.41	99.60	94.56	97.27	59.63	59.40	ok
TALL-17-2-No	intbio_reads_NovogeneAugust2025	TALL	No	yes	yes	yes	2018888	1951128	96.64	302833200	291017177	96.10	99.04	99.70	96.04	97.70	59.98	59.88	ok
TALL-17-2-Rh	intbio_reads_NovogeneAugust2025	TALL	Rh	yes	yes	yes	126326	121110	95.87	18948900	18013721	95.06	98.77	99.63	95.27	97.30	64.93	64.80	ok
TALL-17-2-Ro	intbio_reads_NovogeneAugust2025	TALL	Ro	yes	yes	yes	6016	5710	94.91	902400	850425	94.24	98.50	99.65	94.80	97.41	62.62	62.50	ok
TALL-18-1-No	intbio_reads_NovogeneAugust2025	TALL	No	yes	yes	yes	1724404	1663244	96.45	258660600	247948380	95.86	99.02	99.72	96.15	97.83	57.19	57.03	ok
TALL-18-1-Rh	intbio_reads_NovogeneAugust2025	TALL	Rh	yes	yes	yes	296182	285784	96.49	44427300	42504628	95.67	98.79	99.67	95.56	97.61	63.76	63.68	ok
TALL-18-1-Ro	intbio_reads_NovogeneAugust2025	TALL	Ro	yes	yes	yes	127780	122850	96.14	19167000	18334864	95.66	99.03	99.71	96.04	97.74	57.20	57.05	ok
TALL-19-2-No	intbio_reads_NovogeneAugust2025	TALL	No	yes	yes	yes	7135298	6989294	97.95	1070294700	1046073809	97.74	99.54	99.81	97.61	98.30	57.85	57.79	ok
TALL-19-2-Rh	intbio_reads_NovogeneAugust2025	TALL	Rh	yes	yes	yes	136046	130026	95.58	20406900	19373158	94.93	98.86	99.63	95.40	97.29	64.59	64.42	ok
TALL-19-2-Ro	intbio_reads_NovogeneAugust2025	TALL	Ro	yes	yes	yes	124036	117962	95.10	18605400	17580874	94.49	98.82	99.62	95.16	97.18	64.46	64.33	ok
TALL-2-3-No	intbio_reads_NovogeneAugust2025	TALL	No	yes	yes	yes	4004646	3864322	96.50	600696900	575786923	95.85	98.98	99.67	95.88	97.59	58.11	58.01	ok
TALL-2-3-Rh	intbio_reads_NovogeneAugust2025	TALL	Rh	yes	yes	yes	365802	353302	96.58	54870300	52485288	95.65	98.80	99.62	95.35	97.28	63.20	63.12	ok
TALL-2-3-Ro	intbio_reads_NovogeneAugust2025	TALL	Ro	yes	yes	yes	706266	666108	94.31	105939900	98944161	93.40	98.50	99.63	94.70	97.30	61.90	61.59	ok
TALL-20-1-No	intbio_reads_NovogeneAugust2025	TALL	No	yes	yes	yes	1578894	1525758	96.63	236834100	227630405	96.11	99.08	99.72	96.20	97.81	58.14	58.03	ok
TALL-20-1-Rh	intbio_reads_NovogeneAugust2025	TALL	Rh	yes	yes	yes	115156	111234	96.59	17273400	16279222	94.24	97.83	99.63	94.07	97.38	64.01	63.91	ok
TALL-20-1-Ro	intbio_reads_NovogeneAugust2025	TALL	Ro	yes	yes	yes	119308	110388	92.52	17896200	16434174	91.83	98.29	99.65	94.27	97.35	63.53	63.19	ok
TALL-21-2-No	intbio_reads_NovogeneAugust2025	TALL	No	yes	yes	yes	998670	946222	94.75	149800500	141168818	94.24	98.86	99.68	95.46	97.51	59.36	59.09	ok
TALL-21-2-Rh	intbio_reads_NovogeneAugust2025	TALL	Rh	yes	yes	yes	194198	187348	96.47	29129700	27879005	95.71	98.82	99.66	95.54	97.54	63.57	63.50	ok
TALL-21-2-Ro	intbio_reads_NovogeneAugust2025	TALL	Ro	yes	yes	yes	295574	283680	95.98	44336100	42239594	95.27	98.87	99.68	95.55	97.54	63.17	63.04	ok
TALL-22-No	intbio_reads_NovogeneAugust2025	TALL	No	yes	yes	yes	699060	672132	96.15	104859000	100217331	95.57	98.96	99.69	95.87	97.69	59.23	59.08	ok
TALL-22-Rh	intbio_reads_NovogeneAugust2025	TALL	Rh	yes	yes	yes	437446	414516	94.76	65616900	61621447	93.91	98.51	99.63	94.82	97.31	63.92	63.77	ok
TALL-22-Ro	intbio_reads_NovogeneAugust2025	TALL	Ro	yes	yes	yes	6298	5984	95.01	944700	885198	93.70	97.97	99.57	93.77	97.19	61.08	60.94	ok
TALL-23-2-No	intbio_reads_NovogeneAugust2025	TALL	No	yes	yes	yes	1587286	1525930	96.13	238092900	227483261	95.54	98.95	99.68	95.75	97.57	60.85	60.71	ok
TALL-23-2-Rh	intbio_reads_NovogeneAugust2025	TALL	Rh	yes	yes	yes	219694	210058	95.61	32954100	31307761	95.00	98.85	99.67	95.49	97.47	63.86	63.69	ok
TALL-23-2-Ro	intbio_reads_NovogeneAugust2025	TALL	Ro	yes	yes	yes	925806	876336	94.66	138870900	130208424	93.76	98.46	99.66	94.89	97.46	63.42	63.20	ok
TALL-24-2-No	intbio_reads_NovogeneAugust2025	TALL	No	yes	yes	yes	4138882	3924824	94.83	620832300	584152217	94.09	98.66	99.67	95.12	97.46	61.29	61.04	ok
TALL-24-2-Rh	intbio_reads_NovogeneAugust2025	TALL	Rh	yes	yes	yes	533986	511688	95.82	80097900	76207084	95.14	98.81	99.66	95.41	97.47	63.62	63.49	ok
TALL-24-2-Ro	intbio_reads_NovogeneAugust2025	TALL	Ro	yes	yes	yes	30698	29386	95.73	4604700	4365490	94.81	98.60	99.66	95.10	97.50	60.87	60.72	ok
TALL-25-2-No	intbio_reads_NovogeneAugust2025	TALL	No	yes	yes	yes	4439702	4294906	96.74	665955300	639639725	96.05	98.97	99.68	95.95	97.71	58.52	58.43	ok
TALL-25-2-Rh	intbio_reads_NovogeneAugust2025	TALL	Rh	yes	yes	yes	1144386	1109428	96.95	171657900	164413261	95.78	98.65	99.59	95.38	97.52	58.99	58.88	ok
TALL-25-2-Ro	intbio_reads_NovogeneAugust2025	TALL	Ro	yes	yes	yes	147690	141550	95.84	22153500	21078324	95.15	98.81	99.68	95.54	97.59	60.59	60.43	ok
TALL-26-3-No	intbio_reads_NovogeneAugust2025	TALL	No	yes	yes	yes	474026	459170	96.87	71103900	68353959	96.13	98.94	99.64	95.79	97.54	58.77	58.69	ok
TALL-26-3-Rh	intbio_reads_NovogeneAugust2025	TALL	Rh	yes	yes	yes	138936	133114	95.81	20840400	19825580	95.13	98.84	99.63	95.31	97.26	64.41	64.33	ok
TALL-26-3-Ro	intbio_reads_NovogeneAugust2025	TALL	Ro	yes	yes	yes	176396	170148	96.46	26459400	25315327	95.68	98.87	99.64	95.56	97.44	60.76	60.67	ok
TALL-27-1-No	intbio_reads_NovogeneAugust2025	TALL	No	yes	yes	yes	230876	218982	94.85	34631400	32593260	94.11	98.76	99.64	95.19	97.38	62.34	62.11	ok
TALL-27-1-Rh	intbio_reads_NovogeneAugust2025	TALL	Rh	yes	yes	yes	266686	257874	96.70	40002900	38302095	95.75	98.83	99.65	95.59	97.55	63.87	63.82	ok
TALL-27-1-Ro	intbio_reads_NovogeneAugust2025	TALL	Ro	yes	yes	yes	109934	104336	94.91	16490100	15514338	94.08	98.72	99.64	95.14	97.37	64.01	63.83	ok
TALL-28-1-No	intbio_reads_NovogeneAugust2025	TALL	No	yes	yes	yes	3291366	3098650	94.14	493704900	462517532	93.68	98.84	99.69	95.50	97.58	58.19	57.82	ok
TALL-28-1-Rh	intbio_reads_NovogeneAugust2025	TALL	Rh	yes	yes	yes	231226	218416	94.46	34683900	32509436	93.73	98.71	99.64	95.03	97.33	64.00	63.79	ok
TALL-28-1-Ro	intbio_reads_NovogeneAugust2025	TALL	Ro	yes	yes	yes	86054	81842	95.11	12908100	12206132	94.56	98.91	99.69	95.69	97.64	57.33	57.07	ok
TALL-29-3-No	intbio_reads_NovogeneAugust2025	TALL	No	yes	yes	yes	1619154	1552648	95.89	242873100	231706346	95.40	99.02	99.71	96.03	97.75	57.54	57.34	ok
TALL-29-3-Rh	intbio_reads_NovogeneAugust2025	TALL	Rh	yes	yes	yes	386996	373126	96.42	58049400	55476455	95.57	98.80	99.67	95.55	97.60	63.20	63.12	ok
TALL-29-3-Ro	intbio_reads_NovogeneAugust2025	TALL	Ro	yes	yes	yes	46858	44406	94.77	7028700	6607345	94.01	98.63	99.65	95.03	97.41	62.34	62.13	ok
TALL-3-1-No	intbio_reads_NovogeneMay2025	TALL	No	yes	yes	yes	225066	219292	97.43	33759900	32708357	96.89	99.32	99.81	97.28	98.53	61.70	61.60	ok
TALL-3-1-Rh	intbio_reads_NovogeneMay2025	TALL	Rh	yes	yes	yes	268636	254018	94.56	40295400	37902660	94.06	99.11	99.80	96.52	98.28	64.67	64.45	ok
TALL-3-1-Ro	intbio_reads_NovogeneMay2025	TALL	Ro	yes	yes	yes	18774	18350	97.74	2816100	2703078	95.99	98.64	99.68	95.92	98.12	63.47	63.40	ok
TALL-30-1-No	intbio_reads_NovogeneAugust2025	TALL	No	yes	yes	yes	305734	293284	95.93	45860100	43688428	95.26	98.89	99.66	95.58	97.48	59.84	59.71	ok
TALL-30-1-Rh	intbio_reads_NovogeneAugust2025	TALL	Rh	yes	yes	yes	2151964	2085138	96.89	322794600	308210312	95.48	98.40	99.53	94.82	97.31	59.93	59.87	ok
TALL-30-1-Ro	intbio_reads_NovogeneAugust2025	TALL	Ro	yes	yes	yes	90320	86972	96.29	13548000	12915038	95.33	98.62	99.62	95.12	97.38	61.79	61.72	ok
TALL-31-1-No	intbio_reads_NovogeneAugust2025	TALL	No	yes	yes	yes	2032338	1961378	96.51	304850700	291435157	95.60	98.74	99.60	95.38	97.43	59.13	59.02	ok
TALL-31-1-Rh	intbio_reads_NovogeneAugust2025	TALL	Rh	yes	yes	yes	642440	618422	96.26	96366000	91504127	94.95	98.37	99.55	94.81	97.31	60.63	60.49	ok
TALL-31-1-Ro	intbio_reads_NovogeneAugust2025	TALL	Ro	yes	yes	yes	37072	35674	96.23	5560800	5293402	95.19	98.66	99.60	95.18	97.38	62.09	61.98	ok
TALL-32-1-No	intbio_reads_NovogeneAugust2025	TALL	No	yes	yes	yes	1103498	1064646	96.48	165524700	157976996	95.44	98.63	99.61	95.27	97.46	59.70	59.60	ok
TALL-32-1-Rh	intbio_reads_NovogeneAugust2025	TALL	Rh	yes	yes	yes	586638	567480	96.73	87995700	84033588	95.50	98.54	99.52	94.92	97.18	61.57	61.52	ok
TALL-32-1-Ro	intbio_reads_NovogeneAugust2025	TALL	Ro	yes	yes	yes	82552	78488	95.08	12382800	11689688	94.40	98.69	99.65	95.16	97.42	63.01	62.81	ok
TALL-33-1-No	intbio_reads_NovogeneAugust2025	TALL	No	yes	yes	yes	3235752	3141874	97.10	485362800	465652740	95.94	98.66	99.59	95.35	97.45	58.41	58.35	ok
TALL-33-1-Rh	intbio_reads_NovogeneAugust2025	TALL	Rh	yes	yes	yes	397608	379788	95.52	59641200	56384022	94.54	98.44	99.62	94.91	97.42	62.46	62.33	ok
TALL-33-1-Ro	intbio_reads_NovogeneAugust2025	TALL	Ro	yes	yes	yes	7500	7158	95.44	1125000	1055061	93.78	98.12	99.50	94.20	97.25	58.71	58.46	ok
TALL-34-1-No	intbio_reads_NovogeneAugust2025	TALL	No	yes	yes	yes	1695008	1638960	96.69	254251200	243880985	95.92	98.89	99.66	95.78	97.62	59.66	59.57	ok
TALL-34-1-Rh	intbio_reads_NovogeneAugust2025	TALL	Rh	yes	yes	yes	878248	848546	96.62	131737200	125832772	95.52	98.64	99.62	95.20	97.43	62.95	62.89	ok
TALL-34-1-Ro	intbio_reads_NovogeneAugust2025	TALL	Ro	yes	yes	yes	54344	52196	96.05	8151600	7731337	94.84	98.57	99.58	94.92	97.21	63.24	63.15	ok
TALL-35-1-No	intbio_reads_NovogeneAugust2025	TALL	No	yes	yes	yes	472544	443050	93.76	70881600	65810558	92.85	98.44	99.59	94.34	97.03	64.08	63.75	ok
TALL-35-1-Rh	intbio_reads_NovogeneAugust2025	TALL	Rh	yes	yes	yes	445940	421478	94.51	66891000	62530872	93.48	98.45	99.60	94.48	97.09	63.68	63.42	ok
TALL-35-1-Ro	intbio_reads_NovogeneAugust2025	TALL	Ro	yes	yes	yes	77412	74914	96.77	11611800	10936675	94.19	98.02	99.50	93.98	97.06	61.58	61.29	ok
TALL-36-1-No	intbio_reads_NovogeneAugust2025	TALL	No	yes	yes	yes	272114	261402	96.06	40817100	38942473	95.41	98.89	99.65	95.46	97.38	63.66	63.56	ok
TALL-36-1-Rh	intbio_reads_NovogeneAugust2025	TALL	Rh	yes	yes	yes	409430	386560	94.41	61414500	57442458	93.53	98.51	99.61	94.61	97.17	64.11	63.85	ok
TALL-36-1-Ro	intbio_reads_NovogeneAugust2025	TALL	Ro	yes	yes	yes	117856	110170	93.48	17678400	16382592	92.67	98.38	99.59	94.26	97.02	64.11	63.83	ok
TALL-37-1-No	intbio_reads_NovogeneAugust2025	TALL	No	yes	yes	yes	62866	60360	96.01	9429900	9004131	95.48	98.98	99.69	95.88	97.68	58.90	58.82	ok
TALL-37-1-Rh	intbio_reads_NovogeneAugust2025	TALL	Rh	yes	yes	yes	737440	702058	95.20	110616000	104289710	94.28	98.56	99.62	94.86	97.27	63.77	63.57	ok
TALL-37-1-Ro	intbio_reads_NovogeneAugust2025	TALL	Ro	yes	yes	yes	30188	28808	95.43	4528200	4265496	94.20	98.38	99.55	94.34	96.94	65.77	65.66	ok
TALL-38-3-No	intbio_reads_NovogeneAugust2025	TALL	No	yes	yes	yes	2687172	2591688	96.45	403075800	384983183	95.51	98.80	99.65	95.57	97.56	58.24	58.08	ok
TALL-38-3-Rh	intbio_reads_NovogeneAugust2025	TALL	Rh	yes	yes	yes	954382	905928	94.92	143157300	134273800	93.79	98.44	99.60	94.55	97.17	64.07	63.90	ok
TALL-38-3-Ro	intbio_reads_NovogeneAugust2025	TALL	Ro	yes	yes	yes	13318	12740	95.66	1997700	1870762	93.65	98.03	99.55	94.00	97.14	62.05	61.90	ok
TALL-39-2-No	intbio_reads_NovogeneAugust2025	TALL	No	yes	yes	yes	3762104	3605162	95.83	564315600	536460212	95.06	98.79	99.67	95.60	97.67	57.70	57.48	ok
TALL-39-2-Rh	intbio_reads_NovogeneAugust2025	TALL	Rh	yes	yes	yes	28032	26454	94.37	4204800	3926404	93.38	98.54	99.58	94.54	97.01	63.85	63.63	ok
TALL-39-2-Ro	intbio_reads_NovogeneAugust2025	TALL	Ro	yes	yes	yes	32060	30798	96.06	4809000	4572154	95.07	98.73	99.64	95.34	97.48	58.58	58.40	ok
TALL-4-1-No	intbio_reads_NovogeneAugust2025	TALL	No	yes	yes	yes	3531172	3420576	96.87	529675800	507812135	95.87	98.79	99.60	95.50	97.40	58.33	58.19	ok
TALL-4-1-Rh	intbio_reads_NovogeneMay2025	TALL	Rh	yes	yes	yes	130520	127374	97.59	19578000	18951593	96.80	99.18	99.77	96.97	98.37	64.01	63.94	ok
TALL-4-1-Ro	intbio_reads_NovogeneMay2025	TALL	Ro	yes	yes	yes	8274	7986	96.52	1241100	1187751	95.70	98.80	99.77	96.17	98.35	58.52	58.27	ok
TALL-40-1-No	intbio_reads_NovogeneAugust2025	TALL	No	yes	yes	yes	1843920	1772362	96.12	276588000	263234870	95.17	98.74	99.63	95.37	97.45	57.82	57.62	ok
TALL-40-1-Rh	intbio_reads_NovogeneAugust2025	TALL	Rh	yes	yes	yes	423818	401748	94.79	63572700	59642907	93.82	98.50	99.60	94.69	97.21	63.98	63.82	ok
TALL-40-1-Ro	intbio_reads_NovogeneAugust2025	TALL	Ro	yes	yes	yes	31758	30650	96.51	4763700	4550188	95.52	98.75	99.64	95.34	97.41	60.83	60.74	ok
TALL-41-3-No	intbio_reads_NovogeneAugust2025	TALL	No	yes	yes	yes	2876796	2784102	96.78	431519400	414030163	95.95	98.88	99.65	95.72	97.55	58.31	58.21	ok
TALL-41-3-Rh	intbio_reads_NovogeneAugust2025	TALL	Rh	yes	yes	yes	723910	687946	95.03	108586500	102269245	94.18	98.63	99.61	94.86	97.20	63.93	63.74	ok
TALL-41-3-Ro	intbio_reads_NovogeneAugust2025	TALL	Ro	yes	yes	yes	17418	16862	96.81	2612700	2492950	95.42	98.52	99.57	94.84	97.16	62.24	62.19	ok
TALL-42-1-No	intbio_reads_NovogeneAugust2025	TALL	No	yes	yes	yes	2012568	1951578	96.97	301885200	287967205	95.39	98.42	99.56	94.90	97.35	58.28	58.15	ok
TALL-42-1-Rh	intbio_reads_NovogeneAugust2025	TALL	Rh	yes	yes	yes	444454	426574	95.98	66668100	63442246	95.16	98.79	99.64	95.33	97.36	62.96	62.83	ok
TALL-42-1-Ro	intbio_reads_NovogeneAugust2025	TALL	Ro	yes	yes	yes	8652	8290	95.82	1297800	1229506	94.74	98.64	99.61	94.95	97.24	61.39	61.24	ok
TALL-43-1-No	intbio_reads_NovogeneMay2025	TALL	No	yes	yes	yes	24054	22686	94.31	3608100	3373653	93.50	98.61	99.71	95.72	98.13	60.27	59.77	ok
TALL-43-1-Rh	intbio_reads_NovogeneMay2025	TALL	Rh	yes	yes	yes	78276	75296	96.19	11741400	11215336	95.52	99.11	99.81	96.74	98.43	61.93	61.73	ok
TALL-43-1-Ro	intbio_reads_NovogeneMay2025	TALL	Ro	yes	yes	yes	48358	46714	96.60	7253700	6955658	95.89	99.09	99.79	96.73	98.38	63.14	63.00	ok
TALL-44-1-No	intbio_reads_NovogeneMay2025	TALL	No	yes	yes	yes	2151516	2100686	97.64	322727400	313718041	97.21	99.39	99.84	97.57	98.69	58.37	58.29	ok
TALL-44-1-Rh	intbio_reads_NovogeneMay2025	TALL	Rh	yes	yes	yes	385332	367536	95.38	57799800	54687409	94.62	98.99	99.80	96.39	98.32	63.67	63.42	ok
TALL-44-1-Ro	intbio_reads_NovogeneMay2025	TALL	Ro	yes	yes	yes	20934	20322	97.08	3140100	3010650	95.88	98.77	99.75	96.09	98.22	60.96	60.83	ok
TALL-45-1-No	intbio_reads_NovogeneMay2025	TALL	No	yes	yes	yes	2395268	2339308	97.66	359290200	348498829	97.00	99.24	99.80	97.23	98.55	58.14	58.05	ok
TALL-45-1-Rh	intbio_reads_NovogeneMay2025	TALL	Rh	yes	yes	yes	196508	191974	97.69	29476200	28520164	96.76	99.06	99.74	96.81	98.33	62.38	62.30	ok
TALL-45-1-Ro	intbio_reads_NovogeneMay2025	TALL	Ro	yes	yes	yes	12994	12404	95.46	1949100	1846772	94.75	98.76	99.77	96.01	98.29	59.41	59.22	ok
TALL-46-2-No	intbio_reads_NovogeneMay2025	TALL	No	yes	yes	yes	2429874	2376610	97.81	364481100	354574649	97.28	99.34	99.82	97.45	98.63	58.28	58.21	ok
TALL-46-2-Rh	intbio_reads_NovogeneMay2025	TALL	Rh	yes	yes	yes	50340	47440	94.24	7551000	7056841	93.46	98.94	99.77	96.14	98.21	63.63	63.23	ok
TALL-46-2-Ro	intbio_reads_NovogeneMay2025	TALL	Ro	yes	yes	yes	24174	23570	97.50	3626100	3494341	96.37	98.90	99.73	96.40	98.23	59.94	59.88	ok
TALL-47-2-No	intbio_reads_NovogeneMay2025	TALL	No	yes	yes	yes	3940626	3846436	97.61	591093900	572422946	96.84	99.25	99.79	97.19	98.51	58.27	58.15	ok
TALL-47-2-Rh	intbio_reads_NovogeneMay2025	TALL	Rh	yes	yes	yes	549242	524552	95.50	82386300	78014794	94.69	98.86	99.80	96.40	98.41	62.36	62.22	ok
TALL-47-2-Ro	intbio_reads_NovogeneMay2025	TALL	Ro	yes	yes	yes	76734	74106	96.58	11510100	11032148	95.85	98.97	99.81	96.70	98.48	62.83	62.72	ok
TALL-48-2-No	intbio_reads_NovogeneMay2025	TALL	No	yes	yes	yes	1358128	1333228	98.17	203719200	196491889	96.45	98.69	99.71	96.18	98.32	58.69	58.56	ok
TALL-48-2-Rh	intbio_reads_NovogeneMay2025	TALL	Rh	yes	yes	yes	247248	241692	97.75	37087200	35883468	96.75	99.00	99.76	96.75	98.35	63.26	63.20	ok
TALL-48-2-Ro	intbio_reads_NovogeneMay2025	TALL	Ro	yes	yes	yes	32356	31470	97.26	4853400	4666666	96.15	98.95	99.73	96.43	98.21	62.75	62.64	ok
TALL-49-1-No	intbio_reads_NovogeneMay2025	TALL	No	yes	yes	yes	3678612	3590564	97.61	551791800	534461235	96.86	99.22	99.79	97.15	98.50	59.33	59.27	ok
TALL-49-1-Rh	intbio_reads_NovogeneMay2025	TALL	Rh	yes	yes	yes	128002	124506	97.27	19200300	18570194	96.72	99.26	99.82	97.14	98.51	63.33	63.24	ok
TALL-49-1-Ro	intbio_reads_NovogeneMay2025	TALL	Ro	yes	yes	yes	74908	73214	97.74	11236200	10920375	97.19	99.31	99.82	97.37	98.60	60.20	60.11	ok
TALL-5-2-No	intbio_reads_NovogeneAugust2025	TALL	No	yes	yes	yes	116900	111988	95.80	17535000	16667924	95.06	98.80	99.64	95.33	97.34	63.33	63.15	ok
TALL-5-2-Rh	intbio_reads_NovogeneAugust2025	TALL	Rh	yes	yes	yes	45720	44048	96.34	6858000	6561043	95.67	98.90	99.66	95.65	97.49	61.76	61.69	ok
TALL-5-2-Ro	intbio_reads_NovogeneAugust2025	TALL	Ro	yes	yes	yes	43112	42086	97.62	6466800	6283785	97.17	99.34	99.79	97.29	98.33	56.04	55.92	ok
TALL-50-1-No	intbio_reads_NovogeneMay2025	TALL	No	yes	yes	yes	5907060	5787174	97.97	886059000	863665722	97.47	99.37	99.83	97.57	98.69	58.10	58.05	ok
TALL-50-1-Rh	intbio_reads_NovogeneMay2025	TALL	Rh	yes	yes	yes	153154	145660	95.11	22973100	21692693	94.43	99.08	99.79	96.43	98.28	63.61	63.34	ok
TALL-50-1-Ro	intbio_reads_NovogeneMay2025	TALL	Ro	yes	yes	yes	26580	25908	97.47	3987000	3831439	96.10	98.73	99.72	96.06	98.22	60.72	60.58	ok
TALL-51-3-No	intbio_reads_NovogeneMay2025	TALL	No	yes	yes	yes	4918876	4813754	97.86	737831400	717170570	97.20	99.25	99.81	97.37	98.65	58.44	58.37	ok
TALL-51-3-Rh	intbio_reads_NovogeneMay2025	TALL	Rh	yes	yes	yes	509418	495944	97.36	76412700	73948299	96.77	99.22	99.82	97.24	98.62	59.80	59.69	ok
TALL-51-3-Ro	intbio_reads_NovogeneMay2025	TALL	Ro	yes	yes	yes	27802	27042	97.27	4170300	4014139	96.26	98.87	99.76	96.53	98.40	58.86	58.72	ok
TALL-52-1-No	intbio_reads_NovogeneMay2025	TALL	No	yes	yes	yes	222804	216176	97.03	33420600	32016110	95.80	98.75	99.75	96.25	98.29	63.37	63.21	ok
TALL-52-1-Rh	intbio_reads_NovogeneMay2025	TALL	Rh	yes	yes	yes	232608	225794	97.07	34891200	33653011	96.45	99.21	99.81	97.05	98.49	64.65	64.58	ok
TALL-52-1-Ro	intbio_reads_NovogeneMay2025	TALL	Ro	yes	yes	yes	25142	24310	96.69	3771300	3591369	95.23	98.41	99.71	95.59	98.18	62.44	62.37	ok
TALL-53-3-No	intbio_reads_NovogeneAugust2025	TALL	No	yes	yes	yes	4228458	4143984	98.00	634268700	620004770	97.75	99.52	99.80	97.58	98.28	57.72	57.66	ok
TALL-53-3-Rh	intbio_reads_NovogeneMay2025	TALL	Rh	yes	yes	yes	1786564	1749524	97.93	267984600	260788997	97.31	99.27	99.80	97.39	98.61	58.52	58.46	ok
TALL-53-3-Ro	intbio_reads_NovogeneAugust2025	TALL	Ro	yes	yes	yes	77050	74842	97.13	11557500	11192248	96.84	99.37	99.77	97.13	98.12	56.98	56.85	ok
TALL-54-1-No	intbio_reads_NovogeneMay2025	TALL	No	yes	yes	yes	7560826	7396438	97.83	1134123900	1084985333	95.67	98.18	99.67	95.55	98.22	57.95	57.77	ok
TALL-54-1-Rh	intbio_reads_NovogeneMay2025	TALL	Rh	yes	yes	yes	224634	217846	96.98	33695100	32474520	96.38	99.23	99.80	97.07	98.45	64.59	64.51	ok
TALL-54-1-Ro	intbio_reads_NovogeneMay2025	TALL	Ro	yes	yes	yes	39812	38726	97.27	5971800	5732332	95.99	98.67	99.73	96.17	98.29	62.54	62.46	ok
TALL-55-1-No	intbio_reads_NovogeneAugust2025	TALL	No	yes	yes	yes	3300594	3235302	98.02	495089100	484094161	97.78	99.52	99.81	97.64	98.37	59.58	59.52	ok
TALL-55-1-Rh	intbio_reads_NovogeneMay2025	TALL	Rh	yes	yes	yes	207540	201440	97.06	31131000	30035930	96.48	99.25	99.80	97.09	98.45	64.49	64.43	ok
TALL-55-1-Ro	intbio_reads_NovogeneMay2025	TALL	Ro	yes	yes	yes	72322	70214	97.09	10848300	10340619	95.32	98.25	99.68	95.35	98.10	63.09	63.07	ok
TALL-56-1-No	intbio_reads_NovogeneMay2025	TALL	No	yes	yes	yes	3466044	3397178	98.01	519906600	497319076	95.66	98.32	99.68	95.62	98.19	60.65	60.40	ok
TALL-56-1-Rh	intbio_reads_NovogeneMay2025	TALL	Rh	yes	yes	yes	260574	253360	97.23	39086100	37712384	96.49	99.12	99.78	96.90	98.39	64.17	64.10	ok
TALL-56-1-Ro	intbio_reads_NovogeneMay2025	TALL	Ro	yes	yes	yes	30442	29710	97.60	4566300	4395372	96.26	98.64	99.75	96.23	98.38	59.97	59.89	ok
TALL-57-2-No	intbio_reads_NovogeneMay2025	TALL	No	yes	yes	yes	699316	682500	97.60	104897400	101352410	96.62	98.98	99.78	96.95	98.59	56.90	56.75	ok
TALL-57-2-Rh	intbio_reads_NovogeneMay2025	TALL	Rh	yes	yes	yes	189684	184760	97.40	28452600	27556540	96.85	99.27	99.81	97.21	98.51	64.19	64.15	ok
TALL-57-2-Ro	intbio_reads_NovogeneMay2025	TALL	Ro	yes	yes	yes	23666	23014	97.24	3549900	3372456	95.00	98.30	99.69	95.41	98.14	60.66	60.36	ok
TALL-58-1-No	intbio_reads_NovogeneMay2025	TALL	No	yes	yes	yes	429862	421662	98.09	64479300	61946441	96.07	98.36	99.69	95.85	98.30	57.67	57.54	ok
TALL-58-1-Rh	intbio_reads_NovogeneMay2025	TALL	Rh	yes	yes	yes	124494	120904	97.12	18674100	18030380	96.55	99.23	99.82	97.16	98.56	64.24	64.17	ok
TALL-58-1-Ro	intbio_reads_NovogeneMay2025	TALL	Ro	yes	yes	yes	19288	18792	97.43	2893200	2773788	95.87	98.61	99.73	95.96	98.23	60.20	60.09	ok
TALL-59-1-No	intbio_reads_NovogeneAugust2025	TALL	No	yes	yes	yes	2213500	2147762	97.03	332025000	318920421	96.05	98.80	99.59	95.49	97.38	58.52	58.43	ok
TALL-59-1-Rh	intbio_reads_NovogeneAugust2025	TALL	Rh	yes	yes	yes	459786	433218	94.22	68967900	64578086	93.63	98.76	99.61	94.93	97.08	64.91	64.78	ok
TALL-59-1-Ro	intbio_reads_NovogeneAugust2025	TALL	Ro	yes	yes	yes	61758	59402	96.19	9263700	8838656	95.41	98.83	99.65	95.48	97.45	60.30	60.18	ok
TALL-6-2-No	intbio_reads_NovogeneAugust2025	TALL	No	yes	yes	yes	141652	137150	96.82	21247800	20422216	96.11	98.91	99.64	95.73	97.51	59.28	59.20	ok
TALL-6-2-Rh	intbio_reads_NovogeneAugust2025	TALL	Rh	yes	yes	yes	357750	338072	94.50	53662500	50350884	93.83	98.73	99.59	94.82	97.00	64.64	64.44	ok
TALL-6-2-Ro	intbio_reads_NovogeneAugust2025	TALL	Ro	yes	yes	yes	44112	42566	96.50	6616800	6300936	95.23	98.49	99.55	94.79	97.18	62.43	62.35	ok
TALL-60-1-No	intbio_reads_NovogeneAugust2025	TALL	No	yes	yes	yes	5904492	5614004	95.08	885673800	836072878	94.40	98.85	99.67	95.61	97.40	67.06	66.87	ok
TALL-60-1-Rh	intbio_reads_NovogeneAugust2025	TALL	Rh	yes	yes	yes	89918	86278	95.95	13487700	12848863	95.26	98.79	99.64	95.33	97.36	62.89	62.77	ok
TALL-60-1-Ro	intbio_reads_NovogeneAugust2025	TALL	Ro	yes	yes	yes	5854	5646	96.45	878100	838731	95.52	98.78	99.62	95.41	97.45	59.73	59.67	ok
TALL-61-1-No	intbio_reads_NovogeneDecember2025	TALL	No	yes	yes	yes	2244614	2141046	95.39	336692100	315120628	93.59	98.01	99.53	93.70	96.92	67.44	67.37	ok
TALL-61-1-Rh	intbio_reads_NovogeneDecember2025	TALL	Rh	yes	yes	yes	559270	540714	96.68	83890500	79775792	95.10	98.32	99.50	94.54	97.15	65.39	65.37	ok
TALL-61-1-Ro	intbio_reads_NovogeneDecember2025	TALL	Ro	yes	yes	yes	28180	26012	92.31	4227000	3803505	89.98	96.66	99.55	91.00	97.03	65.50	65.39	ok
TALL-61-2-No	intbio_reads_NovogeneAugust2025	TALL	No	yes	yes	yes	401818	376750	93.76	60272700	55290681	91.73	97.61	99.42	92.50	96.28	66.95	66.80	ok
TALL-61-2-Rh	intbio_reads_NovogeneAugust2025	TALL	Rh	yes	yes	yes	22410	21674	96.72	3361500	3149723	93.70	98.12	99.56	93.84	97.13	62.53	62.56	ok
TALL-61-2-Ro	intbio_reads_NovogeneAugust2025	TALL	Ro	yes	yes	yes	4616	4444	96.27	692400	660394	95.38	98.68	99.65	95.25	97.54	61.04	60.92	ok
TALL-61-3-No	intbio_reads_NovogeneDecember2025	TALL	No	yes	yes	yes	1279058	1231694	96.30	191858700	176662214	92.08	96.40	99.25	91.00	96.22	64.51	64.66	ok
TALL-61-3-Rh	intbio_reads_NovogeneDecember2025	TALL	Rh	yes	yes	yes	379004	360940	95.23	56850600	53185102	93.55	98.16	99.56	94.05	97.06	65.38	65.20	ok
TALL-61-3-Ro	intbio_reads_NovogeneDecember2025	TALL	Ro	yes	yes	yes	73784	70442	95.47	11067600	10366851	93.67	97.56	99.49	93.17	97.11	61.59	61.49	ok
TALL-62-1-No	intbio_reads_NovogeneAugust2025	TALL	No	yes	yes	yes	3496426	3402408	97.31	524463900	505367431	96.36	98.86	99.64	95.81	97.63	58.34	58.30	ok
TALL-62-1-Rh	intbio_reads_NovogeneAugust2025	TALL	Rh	yes	yes	yes	416610	394412	94.67	62491500	58718683	93.96	98.72	99.59	94.79	97.00	64.54	64.38	ok
TALL-62-1-Ro	intbio_reads_NovogeneAugust2025	TALL	Ro	yes	yes	yes	58414	54878	93.95	8762100	8181396	93.37	98.60	99.68	95.20	97.61	64.01	63.66	ok
TALL-63-1-No	intbio_reads_NovogeneAugust2025	TALL	No	yes	yes	yes	2570926	2493218	96.98	385638900	370872302	96.17	98.93	99.65	95.87	97.62	58.34	58.27	ok
TALL-63-1-Rh	intbio_reads_NovogeneAugust2025	TALL	Rh	yes	yes	yes	56666	54064	95.41	8499900	8048423	94.69	98.79	99.62	95.13	97.17	64.12	64.02	ok
TALL-63-1-Ro	intbio_reads_NovogeneAugust2025	TALL	Ro	yes	yes	yes	8140	7830	96.19	1221000	1158003	94.84	98.44	99.52	94.50	96.93	61.69	61.59	ok
TALL-64-1-No	intbio_reads_NovogeneAugust2025	TALL	No	yes	yes	yes	1675760	1622072	96.80	251364000	239074840	95.11	98.36	99.57	94.76	97.39	60.83	60.73	ok
TALL-64-1-Rh	intbio_reads_NovogeneAugust2025	TALL	Rh	yes	yes	yes	420848	401422	95.38	63127200	59789621	94.71	98.86	99.62	95.22	97.16	64.61	64.49	ok
TALL-64-1-Ro	intbio_reads_NovogeneAugust2025	TALL	Ro	yes	yes	yes	85370	81902	95.94	12805500	12155744	94.93	98.66	99.61	95.09	97.32	62.09	61.98	ok
TALL-65-1-No	intbio_reads_NovogeneAugust2025	TALL	No	yes	yes	yes	1639676	1590798	97.02	245951400	234933022	95.52	98.52	99.57	95.11	97.42	57.69	57.56	ok
TALL-65-1-Rh	intbio_reads_NovogeneAugust2025	TALL	Rh	yes	yes	yes	233870	223980	95.77	35080500	33270745	94.84	98.72	99.60	95.13	97.23	62.73	62.59	ok
TALL-65-1-Ro	intbio_reads_NovogeneAugust2025	TALL	Ro	yes	yes	yes	14542	14102	96.97	2181300	2106051	96.55	99.23	99.72	96.63	97.80	61.07	60.98	ok
TALL-66-2-No	intbio_reads_NovogeneAugust2025	TALL	No	yes	yes	yes	1526230	1478596	96.88	228934500	219380939	95.83	98.75	99.63	95.55	97.55	58.49	58.40	ok
TALL-66-2-Rh	intbio_reads_NovogeneAugust2025	TALL	Rh	yes	yes	yes	363014	345824	95.26	54452100	51468063	94.52	98.74	99.63	95.20	97.30	62.84	62.61	ok
TALL-66-2-Ro	intbio_reads_NovogeneAugust2025	TALL	Ro	yes	yes	yes	14542	14010	96.34	2181300	2067280	94.77	98.35	99.56	94.52	97.17	62.61	62.53	ok
TALL-67-1-No	intbio_reads_NovogeneAugust2025	TALL	No	yes	yes	yes	1523878	1480548	97.16	228581700	220180399	96.32	98.91	99.66	95.92	97.72	58.04	57.98	ok
TALL-67-1-Rh	intbio_reads_NovogeneAugust2025	TALL	Rh	yes	yes	yes	423832	398178	93.95	63574800	59269538	93.23	98.32	99.66	94.74	97.50	63.88	63.71	ok
TALL-67-1-Ro	intbio_reads_NovogeneAugust2025	TALL	Ro	yes	yes	yes	14948	14198	94.98	2242200	2116692	94.40	98.88	99.66	95.47	97.38	58.93	58.68	ok
TALL-68-2-No	intbio_reads_NovogeneAugust2025	TALL	No	yes	yes	yes	3466574	3337674	96.28	519986100	497081009	95.60	98.90	99.68	95.77	97.67	58.27	58.10	ok
TALL-68-2-Rh	intbio_reads_NovogeneAugust2025	TALL	Rh	yes	yes	yes	218780	207124	94.67	32817000	30771469	93.77	98.62	99.63	94.88	97.28	63.99	63.73	ok
TALL-68-2-Ro	intbio_reads_NovogeneAugust2025	TALL	Ro	yes	yes	yes	29710	28308	95.28	4456500	4206762	94.40	98.55	99.65	95.00	97.51	61.02	60.83	ok
TALL-69-1-No	intbio_reads_NovogeneAugust2025	TALL	No	yes	yes	yes	542584	508390	93.70	81387600	75247993	92.46	98.18	99.62	94.21	97.30	62.96	62.59	ok
TALL-69-1-Rh	intbio_reads_NovogeneAugust2025	TALL	Rh	yes	yes	yes	612088	579860	94.73	91813200	85842038	93.50	98.36	99.62	94.56	97.26	63.84	63.58	ok
TALL-69-1-Ro	intbio_reads_NovogeneAugust2025	TALL	Ro	yes	yes	yes	19786	19166	96.87	2967900	2847579	95.95	98.82	99.66	95.69	97.64	60.33	60.25	ok
TALL-7-2-No	intbio_reads_NovogeneAugust2025	TALL	No	yes	yes	yes	348202	336980	96.78	52230300	50065319	95.85	98.76	99.62	95.39	97.41	62.60	62.52	ok
TALL-7-2-Rh	intbio_reads_NovogeneAugust2025	TALL	Rh	yes	yes	yes	177682	167916	94.50	26652300	25001734	93.81	98.69	99.61	94.85	97.17	63.79	63.66	ok
TALL-7-2-Ro	intbio_reads_NovogeneAugust2025	TALL	Ro	yes	yes	yes	21812	20780	95.27	3271800	3091960	94.50	98.72	99.64	95.14	97.35	62.19	62.00	ok
TALL-70-1-No	intbio_reads_NovogeneAugust2025	TALL	No	yes	yes	yes	1766986	1714000	97.00	265047900	255056486	96.23	98.97	99.68	96.00	97.74	58.27	58.18	ok
TALL-70-1-Rh	intbio_reads_NovogeneAugust2025	TALL	Rh	yes	yes	yes	124576	119756	96.13	18686400	17792647	95.22	98.76	99.65	95.39	97.47	63.67	63.52	ok
TALL-70-1-Ro	intbio_reads_NovogeneAugust2025	TALL	Ro	yes	yes	yes	7054	6830	96.82	1058100	1011838	95.63	98.63	99.62	95.09	97.34	61.41	61.29	ok
TALL-71-2-No	intbio_reads_NovogeneAugust2025	TALL	No	yes	yes	yes	833368	808074	96.96	125005200	119998160	95.99	98.81	99.65	95.69	97.66	58.51	58.42	ok
TALL-71-2-Rh	intbio_reads_NovogeneAugust2025	TALL	Rh	yes	yes	yes	609904	589556	96.66	91485600	87725399	95.89	98.90	99.66	95.80	97.64	59.07	58.96	ok
TALL-71-2-Ro	intbio_reads_NovogeneAugust2025	TALL	Ro	yes	yes	yes	6532	6316	96.69	979800	937160	95.65	98.56	99.51	95.04	97.16	58.35	58.33	ok
TALL-72-1-No	intbio_reads_NovogeneAugust2025	TALL	No	yes	yes	yes	2529034	2445174	96.68	379355100	364833139	96.17	99.16	99.73	96.51	97.78	66.91	66.82	ok
TALL-72-1-Rh	intbio_reads_NovogeneAugust2025	TALL	Rh	yes	yes	yes	11192	10868	97.11	1678800	1604737	95.59	98.44	99.57	94.94	97.37	61.20	61.16	ok
TALL-72-1-Ro	intbio_reads_NovogeneAugust2025	TALL	Ro	yes	yes	yes	587230	562202	95.74	88084500	83533804	94.83	98.68	99.65	95.27	97.52	62.23	62.06	ok
TALL-72-2-No	intbio_reads_NovogeneDecember2025	TALL	No	yes	yes	yes	8490326	8165030	96.17	1273548900	1209749618	94.99	98.57	99.67	95.10	97.60	67.05	66.98	ok
TALL-72-2-Rh	intbio_reads_NovogeneDecember2025	TALL	Rh	yes	yes	yes	1497474	1447250	96.65	224621100	213944743	95.25	98.47	99.52	94.94	97.30	61.07	60.90	ok
TALL-72-2-Ro	intbio_reads_NovogeneDecember2025	TALL	Ro	yes	yes	yes	93328	86458	92.64	13999200	12769097	91.21	97.72	99.64	93.74	97.51	63.57	63.19	ok
TALL-72-3-No	intbio_reads_NovogeneDecember2025	TALL	No	yes	yes	yes	2083976	2002414	96.09	312596400	297308167	95.11	98.66	99.70	95.39	97.73	66.13	66.04	ok
TALL-72-3-Rh	intbio_reads_NovogeneDecember2025	TALL	Rh	yes	yes	yes	64257648	62312844	96.97	9638647200	9068884834	94.09	97.57	99.42	93.15	96.82	65.07	65.08	ok
TALL-72-3-Ro	intbio_reads_NovogeneDecember2025	TALL	Ro	yes	yes	yes	33700	31408	93.20	5055000	4650849	92.00	98.18	99.71	94.42	97.74	66.40	65.93	ok
TALL-73-1-No	intbio_reads_NovogeneDecember2025	TALL	No	yes	yes	yes	15253272	14656140	96.09	2287990800	2139385504	93.50	97.64	99.48	93.15	96.97	67.56	67.49	ok
TALL-73-1-Rh	intbio_reads_NovogeneDecember2025	TALL	Rh	yes	yes	yes	270888	262942	97.07	40633200	39040004	96.08	98.81	99.64	95.71	97.66	60.78	60.70	ok
TALL-73-1-Ro	intbio_reads_NovogeneDecember2025	TALL	Ro	yes	yes	yes	451074	428878	95.08	67661100	62819081	92.84	97.63	99.42	93.17	96.79	65.02	64.72	ok
TALL-73-2-No	intbio_reads_NovogeneAugust2025	TALL	No	yes	yes	yes	3474374	3329782	95.84	521156100	496013025	95.18	98.97	99.65	95.74	97.31	68.38	68.24	ok
TALL-73-2-Rh	intbio_reads_NovogeneAugust2025	TALL	Rh	yes	yes	yes	216808	209814	96.77	32521200	31242400	96.07	98.98	99.70	96.03	97.75	61.07	60.95	ok
TALL-73-2-Ro	intbio_reads_NovogeneAugust2025	TALL	Ro	yes	yes	yes	4918	4716	95.89	737700	702156	95.18	98.71	99.69	95.29	97.60	59.05	58.85	ok
TALL-73-3-No	intbio_reads_NovogeneDecember2025	TALL	No	yes	yes	yes	9397888	9000604	95.77	1409683200	1322544823	93.82	97.87	99.54	93.68	97.10	67.55	67.50	ok
TALL-73-3-Rh	intbio_reads_NovogeneDecember2025	TALL	Rh	yes	yes	yes	70196	68000	96.87	10529400	10087877	95.81	98.66	99.67	95.53	97.82	60.76	60.73	ok
TALL-73-3-Ro	intbio_reads_NovogeneDecember2025	TALL	Ro	yes	yes	yes	94810	91420	96.42	14221500	13379968	94.08	97.70	99.37	93.46	96.77	62.12	61.94	ok
TALL-74-3-No	intbio_reads_NovogeneAugust2025	TALL	No	yes	yes	yes	3769992	3659146	97.06	565498800	544751838	96.33	99.00	99.69	96.08	97.77	58.32	58.25	ok
TALL-74-3-Rh	intbio_reads_NovogeneAugust2025	TALL	Rh	yes	yes	yes	1544258	1480714	95.89	231638700	220192198	95.06	98.77	99.67	95.44	97.57	60.95	60.79	ok
TALL-74-3-Ro	intbio_reads_NovogeneAugust2025	TALL	Ro	yes	yes	yes	41052	39394	95.96	6157800	5871793	95.36	98.90	99.67	95.70	97.57	59.61	59.46	ok
TALL-75-2-No	intbio_reads_NovogeneAugust2025	TALL	No	yes	yes	yes	370502	359100	96.92	55575300	53221118	95.76	98.68	99.60	95.28	97.41	61.74	61.67	ok
TALL-75-2-Rh	intbio_reads_NovogeneAugust2025	TALL	Rh	yes	yes	yes	286014	271066	94.77	42902100	40334415	94.02	98.72	99.58	94.83	97.00	64.19	64.02	ok
TALL-75-2-Ro	intbio_reads_NovogeneAugust2025	TALL	Ro	yes	yes	yes	13078	12650	96.73	1961700	1882944	95.99	99.00	99.68	95.96	97.64	56.57	56.44	ok
TALL-76-3-No	intbio_reads_NovogeneAugust2025	TALL	No	yes	yes	yes	6495960	6285576	96.76	974394000	936420218	96.10	98.97	99.68	95.95	97.69	57.62	57.53	ok
TALL-76-3-Rh	intbio_reads_NovogeneAugust2025	TALL	Rh	yes	yes	yes	946736	910892	96.21	142010400	135703632	95.56	98.92	99.64	95.62	97.45	60.11	59.97	ok
TALL-76-3-Ro	intbio_reads_NovogeneAugust2025	TALL	Ro	yes	yes	yes	172862	166844	96.52	25929300	24849790	95.84	98.93	99.66	95.77	97.56	59.27	59.17	ok
TALL-78-2-No	intbio_reads_NovogeneAugust2025	TALL	No	yes	yes	yes	4369664	4240184	97.04	655449600	620479308	94.66	97.90	99.39	93.79	96.93	57.94	57.78	ok
TALL-78-2-Rh	intbio_reads_NovogeneAugust2025	TALL	Rh	yes	yes	yes	264860	251370	94.91	39729000	37443738	94.25	98.76	99.61	95.00	97.12	64.61	64.46	ok
TALL-78-2-Ro	intbio_reads_NovogeneAugust2025	TALL	Ro	yes	yes	yes	5496	5094	92.69	824400	756845	91.81	97.85	99.59	93.38	97.21	62.07	61.93	ok
TALL-79-1-No	intbio_reads_NovogeneAugust2025	TALL	No	yes	yes	yes	4913440	4767102	97.02	737016000	706685641	95.88	98.68	99.57	95.38	97.46	58.08	58.00	ok
TALL-79-1-Rh	intbio_reads_NovogeneAugust2025	TALL	Rh	yes	yes	yes	187346	180730	96.47	28101900	26828939	95.47	98.68	99.60	95.09	97.26	63.82	63.80	ok
TALL-79-1-Ro	intbio_reads_NovogeneAugust2025	TALL	Ro	yes	yes	yes	173208	164434	94.93	25981200	24451526	94.11	98.66	99.57	94.78	97.03	63.86	63.69	ok
TALL-8-1-No	intbio_reads_NovogeneDecember2025	TALL	No	yes	yes	yes	15664392	14983936	95.66	2349658800	2201620967	93.70	97.92	99.52	93.62	96.97	68.27	68.24	ok
TALL-8-1-Rh	intbio_reads_NovogeneDecember2025	TALL	Rh	yes	yes	yes	573558	550108	95.91	86033700	81307980	94.51	98.34	99.60	94.67	97.43	62.98	62.88	ok
TALL-8-1-Ro	intbio_reads_NovogeneDecember2025	TALL	Ro	yes	yes	yes	194012	184586	95.14	29101800	26937049	92.56	97.58	99.49	93.14	97.09	64.05	63.77	ok
TALL-8-2-No	intbio_reads_NovogeneAugust2025	TALL	No	yes	yes	yes	6074772	5626416	92.62	911215800	832637645	91.38	97.89	99.49	92.89	96.42	69.46	69.13	ok
TALL-8-2-Rh	intbio_reads_NovogeneAugust2025	TALL	Rh	yes	yes	yes	232284	225402	97.04	34842600	33484756	96.10	98.76	99.61	95.38	97.37	63.24	63.21	ok
TALL-8-2-Ro	intbio_reads_NovogeneAugust2025	TALL	Ro	yes	yes	yes	140906	132944	94.35	21135900	19755680	93.47	98.46	99.60	94.51	97.12	63.99	63.77	ok
TALL-8-3-No	intbio_reads_NovogeneDecember2025	TALL	No	yes	yes	yes	1116554	1061402	95.06	167483100	155044195	92.57	97.60	99.50	92.93	96.88	67.62	67.49	ok
TALL-8-3-Rh	intbio_reads_NovogeneDecember2025	TALL	Rh	yes	yes	yes	97082	93588	96.40	14562300	13956723	95.84	98.92	99.73	95.90	97.87	64.29	64.19	ok
TALL-8-3-Ro	intbio_reads_NovogeneDecember2025	TALL	Ro	yes	yes	yes	5026	4754	94.59	753900	646571	85.76	93.77	99.14	85.60	95.65	61.08	60.80	ok
TALL-80-1-No	intbio_reads_NovogeneAugust2025	TALL	No	yes	yes	yes	459138	438878	95.59	68870700	65327940	94.86	98.79	99.62	95.22	97.27	61.80	61.63	ok
TALL-80-1-Rh	intbio_reads_NovogeneAugust2025	TALL	Rh	yes	yes	yes	188688	181280	96.07	28303200	26948144	95.21	98.74	99.60	95.19	97.25	64.13	64.04	ok
TALL-80-1-Ro	intbio_reads_NovogeneAugust2025	TALL	Ro	yes	yes	yes	172690	163120	94.46	25903500	24259996	93.66	98.65	99.59	94.77	97.07	63.64	63.36	ok
TALL-81-1-Rh	intbio_reads_NovogeneAugust2025	TALL	Rh	yes	yes	yes	466200	449924	96.51	69930000	66875320	95.63	98.78	99.61	95.33	97.31	63.61	63.53	ok
TALL-81-1-Ro	intbio_reads_NovogeneAugust2025	TALL	Ro	yes	yes	yes	14484	13574	93.72	2172600	2017146	92.84	98.20	99.63	94.38	97.42	61.41	60.99	ok
TALL-82-1-No	intbio_reads_NovogeneDecember2025	TALL	No	yes	yes	yes	2407424	2291120	95.17	361113600	327832302	90.78	96.13	99.11	90.19	95.76	65.02	64.82	ok
TALL-82-1-Rh	intbio_reads_NovogeneDecember2025	TALL	Rh	yes	yes	yes	78914	72384	91.73	11837100	10591817	89.48	96.60	99.49	91.65	97.18	63.02	63.01	ok
TALL-82-1-Ro	intbio_reads_NovogeneDecember2025	TALL	Ro	yes	yes	yes	13054	12172	93.24	1958100	1798516	91.85	97.42	99.55	92.49	97.06	67.29	67.24	ok
TALL-82-2-No	intbio_reads_NovogeneDecember2025	TALL	No	yes	yes	yes	1400796	1325940	94.66	210119400	192072475	91.41	97.13	99.40	92.04	96.65	67.04	66.84	ok
TALL-82-2-Rh	intbio_reads_NovogeneDecember2025	TALL	Rh	yes	yes	yes	194548	187672	96.47	29182200	27801165	95.27	98.50	99.60	94.98	97.45	63.74	63.70	ok
TALL-82-2-Ro	intbio_reads_NovogeneDecember2025	TALL	Ro	yes	yes	yes	15182	14264	93.95	2277300	2098891	92.17	97.57	99.59	93.00	97.24	64.06	63.92	ok
TALL-83-1-No	intbio_reads_NovogeneDecember2025	TALL	No	yes	yes	yes	4126244	3951476	95.76	618936600	577457628	93.30	97.51	99.40	92.94	96.75	67.12	67.11	ok
TALL-83-1-Rh	intbio_reads_NovogeneDecember2025	TALL	Rh	yes	yes	yes	118188	114506	96.88	17728200	16962736	95.68	98.69	99.61	95.33	97.44	65.33	65.30	ok
TALL-83-1-Ro	intbio_reads_NovogeneDecember2025	TALL	Ro	yes	yes	yes	99918	93972	94.05	14987700	13728647	91.60	97.20	99.62	92.43	97.60	61.65	61.13	ok
TALL-83-2-No	intbio_reads_NovogeneAugust2025	TALL	No	yes	yes	yes	4857110	4664278	96.03	728566500	671266475	92.14	97.27	99.28	91.95	96.25	65.96	65.68	ok
TALL-83-2-Rh	intbio_reads_NovogeneAugust2025	TALL	Rh	yes	yes	yes	351118	338846	96.50	52667700	50240445	95.39	98.59	99.58	94.99	97.23	64.17	64.13	ok
TALL-83-2-Ro	intbio_reads_NovogeneAugust2025	TALL	Ro	yes	yes	yes	13498	13006	96.36	2024700	1915972	94.63	98.05	99.57	94.39	97.51	55.56	55.41	ok
TALL-83-3-No	intbio_reads_NovogeneDecember2025	TALL	No	yes	yes	yes	2446966	2349724	96.03	367044900	340335835	92.72	97.14	99.32	92.18	96.50	65.94	65.87	ok
TALL-83-3-Rh	intbio_reads_NovogeneDecember2025	TALL	Rh	yes	yes	yes	138246	133666	96.69	20736900	19603063	94.53	97.95	99.43	93.85	96.92	64.92	64.90	ok
TALL-83-3-Ro	intbio_reads_NovogeneDecember2025	TALL	Ro	yes	yes	yes	16748	15582	93.04	2512200	2222070	88.45	95.35	99.08	88.30	95.53	64.80	64.54	ok
TALL-84-1-No	intbio_reads_NovogeneAugust2025	TALL	No	yes	yes	yes	4814042	4599092	95.53	722106300	684250441	94.76	98.82	99.65	95.59	97.41	67.68	67.49	ok
TALL-84-1-Rh	intbio_reads_NovogeneAugust2025	TALL	Rh	yes	yes	yes	515806	492718	95.52	77370900	73049879	94.42	98.43	99.59	94.79	97.26	63.08	63.00	ok
TALL-84-1-Ro	intbio_reads_NovogeneAugust2025	TALL	Ro	yes	yes	yes	9824	9406	95.75	1473600	1386801	94.11	98.19	99.51	93.88	96.82	63.50	63.34	ok
TALL-84-2-No	intbio_reads_NovogeneDecember2025	TALL	No	yes	yes	yes	13847664	13267702	95.81	2077149600	1962803891	94.50	98.35	99.63	94.60	97.38	67.99	67.90	ok
TALL-84-2-Rh	intbio_reads_NovogeneDecember2025	TALL	Rh	yes	yes	yes	170006	164226	96.60	25500900	24353906	95.50	98.73	99.64	95.40	97.54	63.65	63.59	ok
TALL-84-2-Ro	intbio_reads_NovogeneDecember2025	TALL	Ro	yes	yes	yes	154024	148484	96.40	23103600	21350263	92.41	97.03	99.43	92.09	97.00	59.20	58.82	ok
TALL-84-3-No	intbio_reads_NovogeneDecember2025	TALL	No	yes	yes	yes	16449156	15672152	95.28	2467373400	2317201686	93.91	98.28	99.63	94.42	97.34	68.14	68.00	ok
TALL-84-3-Rh	intbio_reads_NovogeneDecember2025	TALL	Rh	yes	yes	yes	183726	176902	96.29	27558900	25811641	93.66	97.63	99.37	93.10	96.68	65.17	65.06	ok
TALL-84-3-Ro	intbio_reads_NovogeneDecember2025	TALL	Ro	yes	yes	yes	5276	4922	93.29	791400	648595	81.96	92.63	98.55	82.40	94.39	63.98	62.33	ok
TALL-85-1-No	intbio_reads_NovogeneAugust2025	TALL	No	yes	yes	yes	9996	9690	96.94	1499400	1446393	96.46	99.16	99.73	96.54	97.83	60.98	60.90	ok
TALL-85-1-Rh	intbio_reads_NovogeneAugust2025	TALL	Rh	yes	yes	yes	272524	261276	95.87	40878600	38804230	94.93	98.62	99.62	95.02	97.29	64.26	64.17	ok
TALL-85-1-Ro	intbio_reads_NovogeneAugust2025	TALL	Ro	yes	yes	yes	21270	20604	96.87	3190500	3071976	96.29	99.12	99.74	96.64	97.94	59.00	58.84	ok
TALL-86-1-No	intbio_reads_NovogeneAugust2025	TALL	No	yes	yes	yes	4769308	4626700	97.01	715396200	680691662	95.15	98.29	99.51	94.65	97.24	58.09	57.96	ok
TALL-86-1-Rh	intbio_reads_NovogeneAugust2025	TALL	Rh	yes	yes	yes	2189954	2122478	96.92	328493100	315235361	95.96	98.74	99.59	95.45	97.43	58.87	58.82	ok
TALL-86-1-Ro	intbio_reads_NovogeneAugust2025	TALL	Ro	yes	yes	yes	56728	54826	96.65	8509200	8120356	95.43	98.62	99.59	95.16	97.40	60.01	59.92	ok
TALL-87-3-No	intbio_reads_NovogeneAugust2025	TALL	No	yes	yes	yes	4149162	4028928	97.10	622374300	600354517	96.46	99.03	99.67	96.06	97.66	58.27	58.21	ok
TALL-87-3-Rh	intbio_reads_NovogeneAugust2025	TALL	Rh	yes	yes	yes	252898	243982	96.47	37934700	36229988	95.51	98.72	99.59	95.22	97.27	63.77	63.74	ok
TALL-87-3-Ro	intbio_reads_NovogeneAugust2025	TALL	Ro	yes	yes	yes	16424	15878	96.68	2463600	2337419	94.88	98.24	99.49	94.27	97.00	63.82	63.76	ok
TALL-88-1-No	intbio_reads_NovogeneAugust2025	TALL	No	yes	yes	yes	3058740	2966732	96.99	458811000	441062116	96.13	98.81	99.61	95.63	97.49	58.04	57.97	ok
TALL-88-1-Rh	intbio_reads_NovogeneAugust2025	TALL	Rh	yes	yes	yes	320338	308398	96.27	48050700	45808631	95.33	98.73	99.62	95.21	97.31	64.03	63.96	ok
TALL-88-1-Ro	intbio_reads_NovogeneAugust2025	TALL	Ro	yes	yes	yes	166800	158678	95.13	25020000	23555426	94.15	98.51	99.61	94.76	97.21	63.88	63.76	ok
TALL-89-1-No	intbio_reads_NovogeneAugust2025	TALL	No	yes	yes	yes	4009514	3879326	96.75	601427100	576224709	95.81	98.79	99.64	95.57	97.54	58.18	58.07	ok
TALL-89-1-Rh	intbio_reads_NovogeneAugust2025	TALL	Rh	yes	yes	yes	273240	261290	95.63	40986000	38809800	94.69	98.49	99.60	94.91	97.29	63.12	63.05	ok
TALL-89-1-Ro	intbio_reads_NovogeneAugust2025	TALL	Ro	yes	yes	yes	34680	33538	96.71	5202000	4966873	95.48	98.57	99.60	95.17	97.40	60.64	60.52	ok
TALL-9-1-No	intbio_reads_NovogeneDecember2025	TALL	No	yes	yes	yes	14864382	14237128	95.78	2229657300	2095219861	93.97	98.04	99.55	93.95	97.13	67.70	67.60	ok
TALL-9-1-Rh	intbio_reads_NovogeneDecember2025	TALL	Rh	yes	yes	yes	181364	175716	96.89	27204600	25899637	95.20	98.34	99.57	94.71	97.34	63.14	63.10	ok
TALL-9-1-Ro	intbio_reads_NovogeneDecember2025	TALL	Ro	yes	yes	yes	729212	701528	96.20	109381800	103877252	94.97	98.47	99.61	94.98	97.46	64.41	64.33	ok
TALL-9-2-No	intbio_reads_NovogeneAugust2025	TALL	No	yes	yes	yes	11397356	10611006	93.10	1709603400	1573051092	92.01	98.12	99.52	93.38	96.58	68.81	68.51	ok
TALL-9-2-Rh	intbio_reads_NovogeneAugust2025	TALL	Rh	yes	yes	yes	115138	110682	96.13	17270700	16446147	95.23	98.77	99.62	95.25	97.24	64.13	63.98	ok
TALL-9-2-Ro	intbio_reads_NovogeneAugust2025	TALL	Ro	yes	yes	yes	20856	20068	96.22	3128400	2989027	95.54	98.75	99.63	95.19	97.29	62.58	62.48	ok
TALL-9-3-No	intbio_reads_NovogeneDecember2025	TALL	No	yes	yes	yes	7568664	7213048	95.30	1135299600	1061359577	93.49	97.96	99.58	93.79	97.14	67.79	67.67	ok
TALL-9-3-Rh	intbio_reads_NovogeneDecember2025	TALL	Rh	yes	yes	yes	86098	83558	97.05	12914700	12294162	95.20	98.32	99.60	94.62	97.38	64.44	64.39	ok
TALL-9-3-Ro	intbio_reads_NovogeneDecember2025	TALL	Ro	yes	yes	yes	1402614	1329696	94.80	210392100	194455006	92.43	97.66	99.54	93.17	97.04	67.40	67.21	ok
TALL-90-1-No	intbio_reads_NovogeneAugust2025	TALL	No	yes	yes	yes	2584280	2494618	96.53	387642000	368756790	95.13	98.45	99.62	95.31	97.56	67.72	67.59	ok
TALL-90-1-Rh	intbio_reads_NovogeneAugust2025	TALL	Rh	yes	yes	yes	1526	1426	93.45	228900	211175	92.26	97.83	99.44	92.98	96.58	61.44	61.15	ok
TALL-90-1-Ro	intbio_reads_NovogeneAugust2025	TALL	Ro	yes	yes	yes	20856	19892	95.38	3128400	2960863	94.64	98.76	99.65	95.26	97.46	62.35	62.08	ok
TALL-90-2-No	intbio_reads_NovogeneDecember2025	TALL	No	yes	yes	yes	17280682	16442988	95.15	2592102300	2350678537	90.69	96.18	99.24	90.50	96.21	66.68	66.74	ok
TALL-90-2-Rh	intbio_reads_NovogeneDecember2025	TALL	Rh	yes	yes	yes	1164754	1106856	95.03	174713100	163114788	93.36	98.09	99.59	94.17	97.34	66.81	66.74	ok
TALL-90-2-Ro	intbio_reads_NovogeneDecember2025	TALL	Ro	yes	yes	yes	1980888	1893742	95.60	297133200	268643119	90.41	96.03	99.25	90.16	96.30	66.48	66.57	ok
TALL-90-3-No	intbio_reads_NovogeneDecember2025	TALL	No	yes	yes	yes	247698	234814	94.80	37154700	32907338	88.57	95.34	98.98	88.24	95.28	66.31	66.11	ok
TALL-90-3-Rh	intbio_reads_NovogeneDecember2025	TALL	Rh	yes	yes	yes	1706	1540	90.27	255900	222479	86.94	95.97	99.40	89.45	96.30	67.38	67.24	ok
TALL-90-3-Ro	intbio_reads_NovogeneDecember2025	TALL	Ro	yes	yes	yes	619830	581968	93.89	92974500	85107454	91.54	97.46	99.48	93.01	97.08	62.94	62.53	ok
TALL-91-1-No	intbio_reads_NovogeneAugust2025	TALL	No	yes	yes	yes	16000	15598	97.49	2400000	2325755	96.91	99.14	99.71	96.20	97.67	62.55	62.54	ok
TALL-91-1-Rh	intbio_reads_NovogeneAugust2025	TALL	Rh	yes	yes	yes	1962	1858	94.70	294300	276063	93.80	98.41	99.54	94.40	97.05	60.63	60.50	ok
TALL-91-1-Ro	intbio_reads_NovogeneAugust2025	TALL	Ro	yes	yes	yes	10546	10216	96.87	1581900	1510283	95.47	98.41	99.63	95.17	97.65	59.83	59.67	ok
TALL-91-2-Rh	intbio_reads_NovogeneDecember2025	TALL	Rh	yes	yes	yes	977470	946698	96.85	146620500	137670083	93.90	97.65	99.41	93.36	96.93	63.71	63.66	ok
TALL-91-2-Ro	intbio_reads_NovogeneDecember2025	TALL	Ro	yes	yes	yes	5876	5398	91.87	881400	789000	89.52	96.88	99.46	91.24	96.56	67.54	67.16	ok
TALL-91-3-No	intbio_reads_NovogeneDecember2025	TALL	No	yes	yes	yes	19036314	18042086	94.78	2855447100	2587748789	90.62	96.41	99.27	90.84	96.36	66.12	65.97	ok
TALL-91-3-Rh	intbio_reads_NovogeneDecember2025	TALL	Rh	yes	yes	yes	79530	76570	96.28	11929500	10980635	92.05	96.93	99.37	91.41	96.40	67.43	67.35	ok
TALL-91-3-Ro	intbio_reads_NovogeneDecember2025	TALL	Ro	yes	yes	yes	15420	13890	90.08	2313000	1998020	86.38	93.62	98.80	85.22	94.53	67.84	67.29	ok
TALL-92-1-No	intbio_reads_NovogeneAugust2025	TALL	No	yes	yes	yes	4089388	3777344	92.37	613408200	556112588	90.66	97.68	99.48	92.87	96.66	68.06	67.62	ok
TALL-92-1-Rh	intbio_reads_NovogeneAugust2025	TALL	Rh	yes	yes	yes	95446	90224	94.53	14316900	13401920	93.61	98.60	99.62	94.83	97.23	64.49	64.27	ok
TALL-92-1-Ro	intbio_reads_NovogeneAugust2025	TALL	Ro	yes	yes	yes	23336	22366	95.84	3500400	3283689	93.81	97.88	99.54	93.74	97.18	60.23	60.07	ok
TALL-92-2-No	intbio_reads_NovogeneDecember2025	TALL	No	yes	yes	yes	33326656	31127176	93.40	4998998400	4582734096	91.67	97.81	99.57	93.34	97.04	68.35	68.05	ok
TALL-92-2-Rh	intbio_reads_NovogeneDecember2025	TALL	Rh	yes	yes	yes	347994	335842	96.51	52199100	49844261	95.49	98.71	99.67	95.55	97.72	62.35	62.24	ok
TALL-92-2-Ro	intbio_reads_NovogeneDecember2025	TALL	Ro	yes	yes	yes	3135958	2991922	95.41	470393700	438145228	93.14	97.70	99.52	93.37	97.06	67.74	67.69	ok
TALL-92-3-No	intbio_reads_NovogeneDecember2025	TALL	No	yes	yes	yes	6175678	5909700	95.69	926351700	868516692	93.76	97.89	99.50	93.58	96.89	67.87	67.83	ok
TALL-92-3-Rh	intbio_reads_NovogeneDecember2025	TALL	Rh	yes	yes	yes	175996	170582	96.92	26399400	25197992	95.45	98.40	99.55	94.88	97.34	61.45	61.42	ok
TALL-92-3-Ro	intbio_reads_NovogeneDecember2025	TALL	Ro	yes	yes	yes	41750	39948	95.68	6262500	5886115	93.99	97.98	99.54	93.90	97.23	62.22	62.10	ok
TALL-93-1-No	intbio_reads_NovogeneDecember2025	TALL	No	yes	yes	yes	14292542	13671604	95.66	2143881300	2010050431	93.76	97.95	99.56	93.92	97.20	67.43	67.37	ok
TALL-93-1-Rh	intbio_reads_NovogeneDecember2025	TALL	Rh	yes	yes	yes	22788	21764	95.51	3418200	3136688	91.76	96.53	99.47	91.53	96.86	66.05	66.04	ok
TALL-93-1-Ro	intbio_reads_NovogeneDecember2025	TALL	Ro	yes	yes	yes	6570	5730	87.21	985500	824237	83.64	94.24	99.32	86.15	96.11	66.69	66.60	ok
TALL-93-2-No	intbio_reads_NovogeneDecember2025	TALL	No	yes	yes	yes	450364	429758	95.42	67554600	61562971	91.13	96.45	99.13	90.77	96.04	64.34	63.89	ok
TALL-93-2-Rh	intbio_reads_NovogeneDecember2025	TALL	Rh	yes	yes	yes	14222	13684	96.22	2133300	1913392	89.69	95.48	98.87	88.18	94.93	65.63	65.33	ok
TALL-93-2-Ro	intbio_reads_NovogeneDecember2025	TALL	Ro	yes	yes	yes	352262	324460	92.11	52839300	46914338	88.79	96.18	99.17	89.43	95.52	68.19	67.98	ok
TALL-93-3-No	intbio_reads_NovogeneAugust2025	TALL	No	yes	yes	yes	453094	426816	94.20	67964100	63146528	92.91	98.15	99.52	93.77	96.82	68.00	67.70	ok
TALL-93-3-Rh	intbio_reads_NovogeneAugust2025	TALL	Rh	yes	yes	yes	40610	38562	94.96	6091500	5747227	94.35	98.61	99.69	95.34	97.74	58.83	58.56	ok
TALL-93-3-Ro	intbio_reads_NovogeneAugust2025	TALL	Ro	yes	yes	yes	38088	36818	96.67	5713200	5462867	95.62	98.63	99.67	95.41	97.61	58.63	58.48	ok
TEAK-1-2-Rh	intbio_reads_NovogeneAugust2025	TEAK	Rh	yes	yes	yes	806	766	95.04	120900	113014	93.48	98.08	99.55	93.69	96.92	61.03	60.79	ok
TEAK-1-2-Ro	intbio_reads_NovogeneAugust2025	TEAK	Ro	yes	yes	yes	20832	19986	95.94	3124800	2982207	95.44	98.96	99.72	96.07	97.82	58.89	58.74	ok
TEAK-2-1-No	intbio_reads_NovogeneAugust2025	TEAK	No	yes	yes	yes	6552960	6355800	96.99	982944000	945726324	96.21	98.97	99.70	96.03	97.77	56.94	56.83	ok
TEAK-2-1-Rh	intbio_reads_NovogeneAugust2025	TEAK	Rh	yes	yes	yes	19780	18910	95.60	2967000	2822465	95.13	99.13	99.70	96.21	97.65	57.46	57.34	ok
TEAK-2-1-Ro	intbio_reads_NovogeneAugust2025	TEAK	Ro	yes	yes	yes	10304	9794	95.05	1545600	1455193	94.15	98.42	99.65	94.79	97.53	57.80	57.47	ok
TEAK-3-1-No	intbio_reads_NovogeneAugust2025	TEAK	No	yes	yes	yes	4181672	4032556	96.43	627250800	599132080	95.52	98.79	99.66	95.50	97.54	60.27	60.16	ok
TEAK-3-1-Rh	intbio_reads_NovogeneAugust2025	TEAK	Rh	yes	yes	yes	117892	113228	96.04	17683800	16927078	95.72	99.26	99.75	96.64	97.91	59.33	59.08	ok
TEAK-3-1-Ro	intbio_reads_NovogeneAugust2025	TEAK	Ro	yes	yes	yes	57962	55982	96.58	8694300	8253114	94.93	98.30	99.58	94.51	97.23	61.50	61.39	ok
TOOL-1-No	intbio_reads_NovogeneAugust2025	TOOL	No	yes	yes	yes	1104410	1052652	95.31	165661500	157198048	94.89	99.08	99.71	96.18	97.71	63.64	63.43	ok
TOOL-1-Rh	intbio_reads_NovogeneAugust2025	TOOL	Rh	yes	yes	yes	73848	71296	96.54	11077200	10603183	95.72	98.78	99.64	95.34	97.35	62.74	62.67	ok
TOOL-1-Ro	intbio_reads_NovogeneAugust2025	TOOL	Ro	yes	yes	yes	29418	28002	95.19	4412700	4102823	92.98	97.50	99.57	93.15	97.33	59.44	59.22	ok
TOOL-10-No	intbio_reads_NovogeneAugust2025	TOOL	No	yes	yes	yes	8051828	7904094	98.17	1207774200	1182312905	97.89	99.51	99.81	97.64	98.38	60.78	60.73	ok
TOOL-10-Rh	intbio_reads_NovogeneAugust2025	TOOL	Rh	yes	yes	yes	1449456	1399196	96.53	217418400	209147870	96.20	99.30	99.73	96.70	97.81	61.56	61.44	ok
TOOL-10-Ro	intbio_reads_NovogeneAugust2025	TOOL	Ro	yes	yes	yes	40726	38952	95.64	6108900	5774308	94.52	98.41	99.66	95.31	97.92	59.18	58.94	ok
TOOL-11-No	intbio_reads_NovogeneAugust2025	TOOL	No	yes	yes	yes	17644188	17186974	97.41	2646628200	2569653191	97.09	99.41	99.78	97.17	98.10	60.98	60.89	ok
TOOL-11-Rh	intbio_reads_NovogeneAugust2025	TOOL	Rh	yes	yes	yes	81868	79120	96.64	12280200	11813393	96.20	99.25	99.73	96.69	97.88	63.55	63.42	ok
TOOL-11-Ro	intbio_reads_NovogeneAugust2025	TOOL	Ro	yes	yes	yes	35104	33542	95.55	5265600	5001369	94.98	99.04	99.72	96.18	97.77	63.32	63.16	ok
TOOL-12-No	intbio_reads_NovogeneAugust2025	TOOL	No	yes	yes	yes	732316	716334	97.82	109847400	107048166	97.45	99.43	99.79	97.40	98.28	59.15	59.07	ok
TOOL-12-Rh	intbio_reads_NovogeneAugust2025	TOOL	Rh	yes	yes	yes	23190	22788	98.27	3478500	3408657	97.99	99.45	99.76	97.54	98.27	60.97	60.94	ok
TOOL-12-Ro	intbio_reads_NovogeneAugust2025	TOOL	Ro	yes	yes	yes	148654	146790	98.75	22298100	21927028	98.34	99.48	99.81	97.80	98.55	61.71	61.69	ok
TOOL-13-Rh	intbio_reads_NovogeneAugust2025	TOOL	Rh	yes	yes	yes	593582	574678	96.82	89037300	85884643	96.46	99.36	99.74	96.85	97.88	63.60	63.54	ok
TOOL-13-Ro	intbio_reads_NovogeneAugust2025	TOOL	Ro	yes	yes	yes	87386	84658	96.88	13107900	12663540	96.61	99.34	99.78	97.00	98.12	62.94	62.90	ok
TOOL-14-No	intbio_reads_NovogeneAugust2025	TOOL	No	yes	yes	yes	1934382	1840868	95.17	290157300	274970324	94.77	99.16	99.71	96.21	97.66	62.11	61.87	ok
TOOL-14-Rh	intbio_reads_NovogeneAugust2025	TOOL	Rh	yes	yes	yes	939904	905986	96.39	140985600	135429593	96.06	99.31	99.73	96.67	97.77	63.18	63.07	ok
TOOL-14-Ro	intbio_reads_NovogeneAugust2025	TOOL	Ro	yes	yes	yes	6286	6034	95.99	942900	902129	95.68	99.13	99.74	96.38	97.80	63.46	63.38	ok
TOOL-15-No	intbio_reads_NovogeneAugust2025	TOOL	No	yes	yes	yes	1278166	1241910	97.16	191724900	185621882	96.82	99.36	99.76	97.14	98.16	61.30	61.18	ok
TOOL-15-Rh	intbio_reads_NovogeneAugust2025	TOOL	Rh	yes	yes	yes	38862	37078	95.41	5829300	5541661	95.07	99.14	99.70	96.08	97.52	63.82	63.64	ok
TOOL-15-Ro	intbio_reads_NovogeneAugust2025	TOOL	Ro	yes	yes	yes	11416	11012	96.46	1712400	1641322	95.85	99.01	99.70	96.18	97.81	59.14	59.03	ok
TOOL-16-No	intbio_reads_NovogeneAugust2025	TOOL	No	yes	yes	yes	309124	294856	95.38	46368600	44047886	95.00	99.12	99.71	96.17	97.65	61.99	61.83	ok
TOOL-16-Rh	intbio_reads_NovogeneAugust2025	TOOL	Rh	yes	yes	yes	369436	338858	91.72	55415400	50553370	91.23	98.82	99.64	94.98	97.22	64.01	63.77	ok
TOOL-16-Ro	intbio_reads_NovogeneAugust2025	TOOL	Ro	yes	yes	yes	161436	153842	95.30	24215400	22968551	94.85	99.06	99.71	96.14	97.74	64.65	64.42	ok
TOOL-17-No	intbio_reads_NovogeneAugust2025	TOOL	No	yes	yes	yes	310340	291882	94.05	46551000	43618808	93.70	99.05	99.67	95.72	97.35	63.54	63.31	ok
TOOL-17-Rh	intbio_reads_NovogeneAugust2025	TOOL	Rh	yes	yes	yes	2255974	2153880	95.47	338396100	321978651	95.15	99.21	99.73	96.40	97.77	61.67	61.44	ok
TOOL-17-Ro	intbio_reads_NovogeneAugust2025	TOOL	Ro	yes	yes	yes	73300	70376	96.01	10995000	10522862	95.71	99.25	99.73	96.62	97.81	61.95	61.84	ok
TOOL-18-No	intbio_reads_NovogeneAugust2025	TOOL	No	yes	yes	yes	704000	661934	94.02	105600000	98860219	93.62	99.08	99.67	95.79	97.40	63.30	63.08	ok
TOOL-18-Rh	intbio_reads_NovogeneAugust2025	TOOL	Rh	yes	yes	yes	346670	331624	95.66	52000500	49579556	95.34	99.23	99.73	96.46	97.80	62.24	62.03	ok
TOOL-18-Ro	intbio_reads_NovogeneAugust2025	TOOL	Ro	yes	yes	yes	70358	67234	95.56	10553700	10039189	95.12	99.14	99.73	96.46	97.95	62.07	61.90	ok
TOOL-19-No	intbio_reads_NovogeneAugust2025	TOOL	No	yes	yes	yes	1122586	1058378	94.28	168387900	158033368	93.85	99.01	99.65	95.57	97.25	62.20	61.95	ok
TOOL-19-Rh	intbio_reads_NovogeneAugust2025	TOOL	Rh	yes	yes	yes	699930	649386	92.78	104989500	96890437	92.29	98.87	99.63	95.13	97.17	62.92	62.61	ok
TOOL-19-Ro	intbio_reads_NovogeneAugust2025	TOOL	Ro	yes	yes	yes	35860	34632	96.58	5379000	5163945	96.00	99.20	99.73	96.66	97.98	63.22	63.00	ok
TOOL-2-No	intbio_reads_NovogeneAugust2025	TOOL	No	yes	yes	yes	50634	49044	96.86	7595100	7308106	96.22	99.16	99.73	96.61	97.91	64.50	64.42	ok
TOOL-2-Rh	intbio_reads_NovogeneAugust2025	TOOL	Rh	yes	yes	yes	166520	160878	96.61	24978000	24029881	96.20	99.27	99.73	96.70	97.86	64.04	63.91	ok
TOOL-2-Ro	intbio_reads_NovogeneAugust2025	TOOL	Ro	yes	yes	yes	12180	11848	97.27	1827000	1774236	97.11	99.40	99.83	97.48	98.52	60.34	60.28	ok
TOOL-20-No	intbio_reads_NovogeneAugust2025	TOOL	No	yes	yes	yes	27548	27098	98.37	4132200	3964643	95.95	98.21	99.52	95.13	97.57	63.75	63.75	ok
TOOL-20-Rh	intbio_reads_NovogeneAugust2025	TOOL	Rh	yes	yes	yes	784686	715468	91.18	117702900	106680306	90.64	98.62	99.60	94.41	96.99	63.20	62.70	ok
TOOL-20-Ro	intbio_reads_NovogeneAugust2025	TOOL	Ro	yes	yes	yes	48876	47732	97.66	7331400	7107663	96.95	99.20	99.71	96.84	97.97	64.37	64.37	ok
TOOL-21-No	intbio_reads_NovogeneAugust2025	TOOL	No	yes	yes	yes	1036656	969088	93.48	155498400	144632843	93.01	98.95	99.65	95.36	97.25	62.64	62.33	ok
TOOL-21-Rh	intbio_reads_NovogeneAugust2025	TOOL	Rh	yes	yes	yes	1653788	1559190	94.28	248068200	232792378	93.84	99.04	99.68	95.76	97.49	62.48	62.16	ok
TOOL-21-Ro	intbio_reads_NovogeneAugust2025	TOOL	Ro	yes	yes	yes	6398	6140	95.97	959700	913812	95.22	98.93	99.66	95.96	97.67	63.43	63.32	ok
TOOL-22-No	intbio_reads_NovogeneAugust2025	TOOL	No	yes	yes	yes	185066	177600	95.97	27759900	26520015	95.53	99.21	99.72	96.46	97.76	63.74	63.58	ok
TOOL-22-Rh	intbio_reads_NovogeneAugust2025	TOOL	Rh	yes	yes	yes	286722	278102	96.99	43008300	41548807	96.61	99.31	99.74	96.86	97.94	62.66	62.58	ok
TOOL-22-Ro	intbio_reads_NovogeneAugust2025	TOOL	Ro	yes	yes	yes	35458	34788	98.11	5318700	5182029	97.43	99.24	99.73	97.03	98.09	64.01	63.97	ok
TOOL-23-No	intbio_reads_NovogeneAugust2025	TOOL	No	yes	yes	yes	861056	851396	98.88	129158400	119650999	92.64	96.22	99.41	91.76	97.44	60.79	60.40	ok
TOOL-23-Rh	intbio_reads_NovogeneAugust2025	TOOL	Rh	yes	yes	yes	298830	291768	97.64	44824500	43594855	97.26	99.42	99.78	97.33	98.21	61.41	61.33	ok
TOOL-23-Ro	intbio_reads_NovogeneAugust2025	TOOL	Ro	yes	yes	yes	1116272	1098862	98.44	167440800	162927506	97.30	99.00	99.73	96.87	98.33	59.82	59.73	ok
TOOL-24-No	intbio_reads_NovogeneAugust2025	TOOL	No	yes	yes	yes	8816084	8613790	97.71	1322412600	1289282623	97.49	99.49	99.79	97.36	98.11	61.09	61.03	ok
TOOL-24-Rh	intbio_reads_NovogeneAugust2025	TOOL	Rh	yes	yes	yes	297022	289804	97.57	44553300	43306794	97.20	99.40	99.77	97.20	98.12	63.03	62.97	ok
TOOL-24-Ro	intbio_reads_NovogeneAugust2025	TOOL	Ro	yes	yes	yes	29070	28358	97.55	4360500	4212243	96.60	99.02	99.73	96.64	98.16	62.88	62.76	ok
TOOL-25-No	intbio_reads_NovogeneAugust2025	TOOL	No	yes	yes	yes	7466344	7253428	97.15	1119951600	1083687851	96.76	99.33	99.73	96.80	97.80	61.07	60.99	ok
TOOL-25-Rh	intbio_reads_NovogeneAugust2025	TOOL	Rh	yes	yes	yes	90472	88560	97.89	13570800	13211201	97.35	99.33	99.76	97.15	98.14	63.50	63.44	ok
TOOL-25-Ro	intbio_reads_NovogeneAugust2025	TOOL	Ro	yes	yes	yes	61766	60106	97.31	9264900	8933953	96.43	99.07	99.74	96.67	98.11	62.64	62.53	ok
TOOL-26-No	intbio_reads_NovogeneAugust2025	TOOL	No	yes	yes	yes	8406322	8228710	97.89	1260948300	1231508607	97.67	99.51	99.79	97.41	98.12	60.72	60.67	ok
TOOL-26-Rh	intbio_reads_NovogeneAugust2025	TOOL	Rh	yes	yes	yes	115876	113288	97.77	17381400	16916681	97.33	99.36	99.76	97.20	98.14	63.73	63.65	ok
TOOL-26-Ro	intbio_reads_NovogeneAugust2025	TOOL	Ro	yes	yes	yes	35812	35084	97.97	5371800	5196736	96.74	98.91	99.71	96.56	98.14	62.56	62.43	ok
TOOL-27-2-No	intbio_reads_NovogeneAugust2025	TOOL	No	yes	yes	yes	9124092	8915100	97.71	1368613800	1332854286	97.39	99.44	99.78	97.25	98.10	61.09	61.03	ok
TOOL-27-2-Rh	intbio_reads_NovogeneAugust2025	TOOL	Rh	yes	yes	yes	185740	181206	97.56	27861000	27051405	97.09	99.36	99.76	97.18	98.15	63.71	63.65	ok
TOOL-27-2-Ro	intbio_reads_NovogeneAugust2025	TOOL	Ro	yes	yes	yes	47944	47252	98.56	7191600	6860103	95.39	97.82	99.57	94.53	97.74	63.16	63.03	ok
TOOL-28-No	intbio_reads_NovogeneAugust2025	TOOL	No	yes	yes	yes	395704	376524	95.15	59355600	56204770	94.69	99.12	99.67	95.91	97.37	63.21	63.02	ok
TOOL-28-Rh	intbio_reads_NovogeneAugust2025	TOOL	Rh	yes	yes	yes	733320	671420	91.56	109998000	100090519	90.99	98.72	99.63	94.72	97.17	64.42	64.02	ok
TOOL-28-Ro	intbio_reads_NovogeneAugust2025	TOOL	Ro	yes	yes	yes	42978	41950	97.61	6446700	6269315	97.25	99.42	99.79	97.40	98.28	63.26	63.12	ok
TOOL-29-Rh	intbio_reads_NovogeneAugust2025	TOOL	Rh	yes	yes	yes	376072	349346	92.89	56410800	52109184	92.37	98.88	99.62	95.10	97.07	64.08	63.80	ok
TOOL-29-Ro	intbio_reads_NovogeneAugust2025	TOOL	Ro	yes	yes	yes	323310	290124	89.74	48496500	43275239	89.23	98.60	99.56	94.13	96.76	64.14	63.79	ok
TOOL-3-No	intbio_reads_NovogeneAugust2025	TOOL	No	yes	yes	yes	18972	17988	94.81	2845800	2684745	94.34	98.98	99.66	95.71	97.45	61.80	61.58	ok
TOOL-3-Rh	intbio_reads_NovogeneAugust2025	TOOL	Rh	yes	yes	yes	537494	519014	96.56	80624100	77577927	96.22	99.25	99.74	96.71	97.90	63.99	63.87	ok
TOOL-3-Ro	intbio_reads_NovogeneAugust2025	TOOL	Ro	yes	yes	yes	145966	143342	98.20	21894900	21435619	97.90	99.47	99.81	97.60	98.41	60.48	60.42	ok
TOOL-30-No	intbio_reads_NovogeneAugust2025	TOOL	No	yes	yes	yes	418268	393162	94.00	62740200	58740821	93.63	99.05	99.68	95.78	97.51	62.33	62.05	ok
TOOL-30-Rh	intbio_reads_NovogeneAugust2025	TOOL	Rh	yes	yes	yes	666430	630706	94.64	99964500	94259749	94.29	99.10	99.70	96.03	97.63	62.94	62.71	ok
TOOL-30-Ro	intbio_reads_NovogeneAugust2025	TOOL	Ro	yes	yes	yes	71142	67560	94.96	10671300	10093913	94.59	99.01	99.70	96.01	97.70	60.43	60.20	ok
TOOL-31-No	intbio_reads_NovogeneAugust2025	TOOL	No	yes	yes	yes	12732	12488	98.08	1909800	1845492	96.63	98.78	99.70	96.25	98.10	60.86	60.69	ok
TOOL-31-Rh	intbio_reads_NovogeneAugust2025	TOOL	Rh	yes	yes	yes	146524	142936	97.55	21978600	21342577	97.11	99.39	99.74	97.06	97.94	63.32	63.27	ok
TOOL-31-Ro	intbio_reads_NovogeneAugust2025	TOOL	Ro	yes	yes	yes	9368	9124	97.40	1405200	1362661	96.97	99.35	99.79	97.21	98.30	59.61	59.43	ok
TOOL-32-Rh	intbio_reads_NovogeneAugust2025	TOOL	Rh	yes	yes	yes	382990	369406	96.45	57448500	55195091	96.08	99.29	99.75	96.81	97.96	63.48	63.42	ok
TOOL-32-Ro	intbio_reads_NovogeneAugust2025	TOOL	Ro	yes	yes	yes	39770	38742	97.42	5965500	5750355	96.39	98.97	99.68	96.42	97.93	64.11	64.08	ok
TOOL-33-1-No	intbio_reads_NovogeneAugust2025	TOOL	No	yes	yes	yes	39976	38824	97.12	5996400	5794097	96.63	99.23	99.75	96.98	98.16	63.50	63.38	ok
TOOL-33-1-Rh	intbio_reads_NovogeneAugust2025	TOOL	Rh	yes	yes	yes	41664	40734	97.77	6249600	6083012	97.33	99.30	99.75	97.04	98.07	62.58	62.51	ok
TOOL-33-1-Ro	intbio_reads_NovogeneAugust2025	TOOL	Ro	yes	yes	yes	31970	31372	98.13	4795500	4692006	97.84	99.49	99.79	97.60	98.34	58.68	58.65	ok
TOOL-34-No	intbio_reads_NovogeneAugust2025	TOOL	No	yes	yes	yes	105588	102684	97.25	15838200	15308057	96.65	99.22	99.73	96.77	97.94	63.74	63.68	ok
TOOL-34-Rh	intbio_reads_NovogeneAugust2025	TOOL	Rh	yes	yes	yes	211950	208088	98.18	31792500	31060496	97.70	99.39	99.77	97.34	98.21	63.38	63.35	ok
TOOL-34-Ro	intbio_reads_NovogeneAugust2025	TOOL	Ro	yes	yes	yes	15766	15244	96.69	2364900	2269948	95.98	98.47	99.65	95.54	97.78	61.08	60.87	ok
TOOL-35-1-No	intbio_reads_NovogeneAugust2025	TOOL	No	yes	yes	yes	139618	135288	96.90	20942700	20225074	96.57	99.33	99.78	97.03	98.12	61.04	60.94	ok
TOOL-35-1-Rh	intbio_reads_NovogeneAugust2025	TOOL	Rh	yes	yes	yes	352054	340612	96.75	52808100	50857181	96.31	99.27	99.74	96.75	97.91	64.80	64.68	ok
TOOL-35-1-Ro	intbio_reads_NovogeneAugust2025	TOOL	Ro	yes	yes	yes	10866	10654	98.05	1629900	1581716	97.04	98.99	99.69	96.45	97.91	62.69	62.64	ok
TOOL-4-No	intbio_reads_NovogeneAugust2025	TOOL	No	yes	yes	yes	90870	87394	96.17	13630500	13043513	95.69	99.21	99.74	96.57	97.93	63.75	63.57	ok
TOOL-4-Rh	intbio_reads_NovogeneAugust2025	TOOL	Rh	yes	yes	yes	2368	2206	93.16	355200	328709	92.54	97.98	99.58	93.77	97.05	62.21	61.86	ok
TOOL-4-Ro	intbio_reads_NovogeneAugust2025	TOOL	Ro	yes	yes	yes	7080	6874	97.09	1062000	1024192	96.44	99.02	99.66	96.30	97.70	62.86	62.83	ok
TOOL-5-No	intbio_reads_NovogeneAugust2025	TOOL	No	yes	yes	yes	328044	310348	94.61	49206600	46301361	94.10	98.79	99.71	95.90	97.78	63.53	63.43	ok
TOOL-5-Rh	intbio_reads_NovogeneAugust2025	TOOL	Rh	yes	yes	yes	233956	225434	96.36	35093400	33703384	96.04	99.32	99.72	96.74	97.82	64.53	64.40	ok
TOOL-5-Ro	intbio_reads_NovogeneAugust2025	TOOL	Ro	yes	yes	yes	116728	112130	96.06	17509200	16725554	95.52	98.99	99.68	96.09	97.61	64.92	64.67	ok
TOOL-6-No	intbio_reads_NovogeneAugust2025	TOOL	No	yes	yes	yes	320940	301566	93.96	48141000	45022290	93.52	98.69	99.74	95.90	97.92	63.79	63.78	ok
TOOL-6-Rh	intbio_reads_NovogeneAugust2025	TOOL	Rh	yes	yes	yes	113220	109220	96.47	16983000	16320363	96.10	99.24	99.73	96.59	97.85	64.19	64.11	ok
TOOL-6-Ro	intbio_reads_NovogeneAugust2025	TOOL	Ro	yes	yes	yes	95104	91382	96.09	14265600	13636911	95.59	99.20	99.70	96.62	97.81	63.83	63.70	ok
TOOL-7-No	intbio_reads_NovogeneAugust2025	TOOL	No	yes	yes	yes	63104	59514	94.31	9465600	8841791	93.41	98.66	99.67	95.32	97.55	63.47	63.21	ok
TOOL-7-Rh	intbio_reads_NovogeneAugust2025	TOOL	Rh	yes	yes	yes	562836	542808	96.44	84425400	81112016	96.08	99.24	99.72	96.58	97.78	63.90	63.79	ok
TOOL-7-Ro	intbio_reads_NovogeneAugust2025	TOOL	Ro	yes	yes	yes	58146	55704	95.80	8721900	8317898	95.37	99.15	99.72	96.50	97.87	63.05	62.82	ok
TOOL-8-No	intbio_reads_NovogeneAugust2025	TOOL	No	yes	yes	yes	13630066	13422376	98.48	2044509900	2003638269	98.00	99.42	99.78	97.61	98.46	60.93	60.89	ok
TOOL-8-Rh	intbio_reads_NovogeneAugust2025	TOOL	Rh	yes	yes	yes	298262	286196	95.95	44739300	42795896	95.66	99.23	99.74	96.55	97.86	63.54	63.42	ok
TOOL-8-Ro	intbio_reads_NovogeneAugust2025	TOOL	Ro	yes	yes	yes	9898	9646	97.45	1484700	1433013	96.52	98.93	99.71	96.49	98.07	62.10	62.05	ok
TOOL-9-No	intbio_reads_NovogeneAugust2025	TOOL	No	yes	yes	yes	4469170	4372644	97.84	670375500	654254803	97.60	99.50	99.79	97.42	98.17	59.28	59.23	ok
TOOL-9-Rh	intbio_reads_NovogeneAugust2025	TOOL	Rh	yes	yes	yes	67410	65364	96.96	10111500	9771649	96.64	99.25	99.77	97.03	98.20	62.64	62.52	ok
TOOL-9-Ro	intbio_reads_NovogeneAugust2025	TOOL	Ro	yes	yes	yes	50818	49846	98.09	7622700	7431404	97.49	99.27	99.76	97.20	98.32	61.60	61.54	ok
UKFS-1-1-No	intbio_reads_NovogeneMay2025	UKFS	No	yes	yes	yes	390980	382396	97.80	58647000	56463981	96.28	98.65	99.61	95.68	97.75	58.04	57.88	ok
UKFS-1-1-Rh	intbio_reads_NovogeneMay2025	UKFS	Rh	yes	yes	yes	589444	575150	97.58	88416600	85679657	96.90	99.07	99.71	96.44	97.97	63.76	63.71	ok
UKFS-1-1-Ro	intbio_reads_NovogeneMay2025	UKFS	Ro	yes	yes	yes	12602	12164	96.52	1890300	1794687	94.94	98.26	99.57	94.57	97.37	63.78	63.74	ok
UKFS-3-2-No	intbio_reads_NovogeneMay2025	UKFS	No	yes	yes	yes	3386444	3260912	96.29	507966600	483256072	95.14	98.58	99.72	95.87	98.16	62.43	62.26	ok
UKFS-3-2-Rh	intbio_reads_NovogeneMay2025	UKFS	Rh	yes	yes	yes	790920	759324	96.01	118638000	113032077	95.27	98.96	99.80	96.45	98.37	62.80	62.59	ok
UKFS-3-2-Ro	intbio_reads_NovogeneMay2025	UKFS	Ro	yes	yes	yes	130676	124114	94.98	19601400	18448058	94.12	98.61	99.80	96.00	98.38	63.02	62.76	ok
UKFS-4-1-No	intbio_reads_NovogeneMay2025	UKFS	No	yes	yes	yes	8341390	8064088	96.68	1251208500	1204314859	96.25	99.29	99.84	97.34	98.70	58.32	58.12	ok
UKFS-4-1-Rh	intbio_reads_NovogeneMay2025	UKFS	Rh	yes	yes	yes	271204	263146	97.03	40680600	38852249	95.51	98.52	99.65	95.67	97.98	63.15	63.06	ok
UKFS-4-1-Ro	intbio_reads_NovogeneMay2025	UKFS	Ro	yes	yes	yes	34930	34012	97.37	5239500	4998345	95.40	98.34	99.59	95.22	97.76	63.23	63.11	ok
UKFS-5-1-No	intbio_reads_NovogeneMay2025	UKFS	No	yes	yes	yes	971380	945636	97.35	145707000	141202756	96.91	99.34	99.82	97.32	98.57	58.89	58.81	ok
UKFS-5-1-Rh	intbio_reads_NovogeneMay2025	UKFS	Rh	yes	yes	yes	4776	4634	97.03	716400	686708	95.86	98.72	99.74	95.96	98.17	57.11	56.98	ok
UKFS-5-1-Ro	intbio_reads_NovogeneMay2025	UKFS	Ro	yes	yes	yes	26938	25972	96.41	4040700	3861249	95.56	98.84	99.77	96.33	98.32	63.51	63.38	ok
UKFS-52-1-No	intbio_reads_NovogeneMay2025	UKFS	No	yes	yes	yes	914996	892082	97.50	137249400	133108616	96.98	99.18	99.74	96.71	98.09	58.54	58.47	ok
UKFS-52-1-Rh	intbio_reads_NovogeneMay2025	UKFS	Rh	yes	yes	yes	271316	263820	97.24	40697400	39271336	96.50	99.02	99.72	96.35	97.95	64.24	64.13	ok
UKFS-52-1-Ro	intbio_reads_NovogeneMay2025	UKFS	Ro	yes	yes	yes	5772	5510	95.46	865800	812586	93.85	98.15	99.61	94.18	97.37	61.18	61.00	ok
UKFS-6-1-No	intbio_reads_NovogeneMay2025	UKFS	No	yes	yes	yes	2574982	2508822	97.43	386247300	374249456	96.89	99.26	99.79	97.18	98.49	58.74	58.66	ok
UKFS-6-1-Rh	intbio_reads_NovogeneMay2025	UKFS	Rh	yes	yes	yes	108422	105144	96.98	16263300	15648932	96.22	99.09	99.75	96.59	98.15	65.58	65.49	ok
UKFS-6-1-Ro	intbio_reads_NovogeneMay2025	UKFS	Ro	yes	yes	yes	13400	12900	96.27	2010000	1917456	95.40	98.76	99.75	95.84	98.13	62.85	62.84	ok
UKFS-6-3-Rh	intbio_reads_NovogeneMay2025	UKFS	Rh	yes	yes	yes	71018	68916	97.04	10652700	10234999	96.08	98.82	99.66	95.87	97.81	63.18	63.08	ok
UKFS-6-3-Ro	intbio_reads_NovogeneMay2025	UKFS	Ro	yes	yes	yes	160406	155600	97.00	24060900	23180819	96.34	99.03	99.70	96.17	97.80	63.90	63.82	ok
UNDE-1-2-No	intbio_reads_NovogeneMay2025	UNDE	No	yes	yes	yes	6392474	6054156	94.71	958871100	899464879	93.80	98.68	99.76	95.77	98.13	68.18	67.93	ok
UNDE-1-2-Rh	intbio_reads_NovogeneMay2025	UNDE	Rh	yes	yes	yes	3414	3264	95.61	512100	484464	94.60	98.37	99.64	94.91	97.69	64.14	63.98	ok
UNDE-1-2-Ro	intbio_reads_NovogeneMay2025	UNDE	Ro	yes	yes	yes	16830	15966	94.87	2524500	2321050	91.94	97.66	99.60	93.64	97.68	62.07	61.50	ok
UNDE-2-1-No	intbio_reads_NovogeneMay2025	UNDE	No	yes	yes	yes	555872	517032	93.01	83380800	76889545	92.21	98.58	99.75	95.42	98.03	68.26	67.83	ok
UNDE-2-1-Rh	intbio_reads_NovogeneMay2025	UNDE	Rh	yes	yes	yes	6752	6408	94.91	1012800	952286	94.03	98.68	99.74	95.68	98.10	60.52	60.27	ok
UNDE-2-1-Ro	intbio_reads_NovogeneMay2025	UNDE	Ro	yes	yes	yes	42782	41138	96.16	6417300	6048360	94.25	98.42	99.63	94.91	97.68	61.12	60.77	ok
UNDE-3-1-No	intbio_reads_NovogeneMay2025	UNDE	No	yes	yes	yes	6522232	6139548	94.13	978334800	912366445	93.26	98.69	99.74	95.52	97.94	68.61	68.34	ok
UNDE-3-1-Rh	intbio_reads_NovogeneMay2025	UNDE	Rh	yes	yes	yes	81920	79448	96.98	12288000	11806402	96.08	98.99	99.77	96.53	98.25	62.91	62.83	ok
UNDE-3-1-Ro	intbio_reads_NovogeneMay2025	UNDE	Ro	yes	yes	yes	3114	3026	97.17	467100	448138	95.94	98.70	99.63	94.99	97.11	63.20	63.19	ok
UNDE-4-1-No	intbio_reads_NovogeneMay2025	UNDE	No	yes	yes	yes	8946232	8673874	96.96	1341934800	1259180732	93.83	97.59	99.58	93.79	97.62	66.97	66.91	ok
UNDE-4-1-Rh	intbio_reads_NovogeneMay2025	UNDE	Rh	yes	yes	yes	395942	383454	96.85	59391300	56801010	95.64	98.77	99.70	95.99	98.05	63.65	63.56	ok
UNDE-4-1-Ro	intbio_reads_NovogeneMay2025	UNDE	Ro	yes	yes	yes	167694	162872	97.12	25154100	23874078	94.91	98.19	99.62	94.99	97.83	64.46	64.30	ok
UNDE-5-4-No	intbio_reads_NovogeneMay2025	UNDE	No	yes	yes	yes	6949208	6634944	95.48	1042381200	985802446	94.57	98.79	99.75	95.93	98.08	68.28	68.11	ok
UNDE-5-4-Rh	intbio_reads_NovogeneMay2025	UNDE	Rh	yes	yes	yes	4294	3892	90.64	644100	562969	87.40	96.10	99.50	89.89	96.75	63.32	62.89	ok
UNDE-5-4-Ro	intbio_reads_NovogeneMay2025	UNDE	Ro	yes	yes	yes	249394	242944	97.41	37409100	36093411	96.48	99.00	99.78	96.70	98.42	60.57	60.45	ok
WOOD-1-1-No	intbio_reads_NovogeneAugust2025	WOOD	No	yes	yes	yes	680250	649670	95.50	102037500	96781822	94.85	98.93	99.69	96.03	97.77	61.42	61.13	ok
WOOD-1-1-Rh	intbio_reads_NovogeneAugust2025	WOOD	Rh	yes	yes	yes	812808	754868	92.87	121921200	112772849	92.50	98.85	99.65	95.15	97.27	63.72	63.33	ok
WOOD-1-1-Ro	intbio_reads_NovogeneAugust2025	WOOD	Ro	yes	yes	yes	20496	19298	94.15	3074400	2865662	93.21	98.24	99.68	94.72	97.74	59.56	59.35	ok
WOOD-10-1-No	intbio_reads_NovogeneAugust2025	WOOD	No	yes	yes	yes	23061800	22413812	97.19	3459270000	3154646602	91.19	96.70	99.23	91.24	96.48	57.39	56.41	ok
WOOD-10-1-Rh	intbio_reads_NovogeneAugust2025	WOOD	Rh	yes	yes	yes	233448	225690	96.68	35017200	33420886	95.44	98.55	99.61	95.01	97.37	62.43	62.36	ok
WOOD-10-1-Ro	intbio_reads_NovogeneAugust2025	WOOD	Ro	yes	yes	yes	164918	156288	94.77	24737700	23218113	93.86	98.51	99.66	94.95	97.46	62.05	61.77	ok
WOOD-11-1-No	intbio_reads_NovogeneAugust2025	WOOD	No	yes	yes	yes	19951068	19367190	97.07	2992660200	2845837474	95.09	98.11	99.51	94.42	97.31	57.48	57.35	ok
WOOD-11-1-Rh	intbio_reads_NovogeneAugust2025	WOOD	Rh	yes	yes	yes	195258	188846	96.72	29288700	27966372	95.49	98.63	99.63	95.27	97.55	61.64	61.56	ok
WOOD-11-1-Ro	intbio_reads_NovogeneAugust2025	WOOD	Ro	yes	yes	yes	283694	274260	96.67	42554100	40751010	95.76	98.78	99.63	95.46	97.45	62.98	62.90	ok
WOOD-12-No	intbio_reads_NovogeneAugust2025	WOOD	No	yes	yes	yes	14730010	14294868	97.05	2209501500	2121843965	96.03	98.80	99.67	95.77	97.76	56.72	56.60	ok
WOOD-12-Rh	intbio_reads_NovogeneAugust2025	WOOD	Rh	yes	yes	yes	207898	200636	96.51	31184700	29671803	95.15	98.45	99.61	94.92	97.42	63.41	63.37	ok
WOOD-12-Ro	intbio_reads_NovogeneAugust2025	WOOD	Ro	yes	yes	yes	246298	237456	96.41	36944700	35259718	95.44	98.69	99.66	95.33	97.50	62.34	62.22	ok
WOOD-2-2-Rh	intbio_reads_NovogeneAugust2025	WOOD	Rh	yes	yes	yes	114392	108748	95.07	17158800	16221418	94.54	98.88	99.66	95.61	97.44	60.90	60.66	ok
WOOD-2-2-Ro	intbio_reads_NovogeneAugust2025	WOOD	Ro	yes	yes	yes	12350	11972	96.94	1852500	1770603	95.58	98.59	99.64	95.45	97.55	62.12	62.11	ok
WOOD-3-2-No	intbio_reads_NovogeneAugust2025	WOOD	No	yes	yes	yes	42021528	41449404	98.64	6303229200	6051941904	96.01	98.06	99.62	95.47	98.16	57.52	57.24	ok
WOOD-3-2-Rh	intbio_reads_NovogeneAugust2025	WOOD	Rh	yes	yes	yes	713018	653482	91.65	106952700	97541442	91.20	98.60	99.63	94.62	97.16	63.92	63.45	ok
WOOD-3-2-Ro	intbio_reads_NovogeneAugust2025	WOOD	Ro	yes	yes	yes	134804	130644	96.91	20220600	19482142	96.35	99.14	99.75	96.80	98.14	61.17	61.04	ok
WOOD-4-1-No	intbio_reads_NovogeneAugust2025	WOOD	No	yes	yes	yes	2730710	2632570	96.41	409606500	390112321	95.24	98.65	99.68	95.76	97.76	66.72	66.60	ok
WOOD-4-1-Rh	intbio_reads_NovogeneAugust2025	WOOD	Rh	yes	yes	yes	747618	687136	91.91	112142700	102545955	91.44	98.72	99.62	94.78	97.18	62.88	62.38	ok
WOOD-4-1-Ro	intbio_reads_NovogeneAugust2025	WOOD	Ro	yes	yes	yes	21428	20466	95.51	3214200	3055898	95.07	98.98	99.68	95.82	97.48	62.11	61.98	ok
WOOD-5-1-No	intbio_reads_NovogeneAugust2025	WOOD	No	yes	yes	yes	44852	42404	94.54	6727800	6272105	93.23	98.14	99.61	94.21	97.43	60.11	59.88	ok
WOOD-5-1-Rh	intbio_reads_NovogeneAugust2025	WOOD	Rh	yes	yes	yes	442378	426490	96.41	66356700	63397942	95.54	98.76	99.67	95.47	97.59	63.39	63.28	ok
WOOD-5-1-Ro	intbio_reads_NovogeneAugust2025	WOOD	Ro	yes	yes	yes	8225322	7794198	94.76	1233798300	1140444228	92.43	97.73	99.50	93.63	97.22	59.80	59.28	ok
WOOD-6-1-No	intbio_reads_NovogeneAugust2025	WOOD	No	yes	yes	yes	29458736	28532632	96.86	4418810400	4221705511	95.54	98.57	99.64	95.30	97.66	57.67	57.54	ok
WOOD-6-1-Rh	intbio_reads_NovogeneAugust2025	WOOD	Rh	yes	yes	yes	234872	226566	96.46	35230800	33762228	95.83	98.93	99.68	95.81	97.64	63.05	62.94	ok
WOOD-6-1-Ro	intbio_reads_NovogeneAugust2025	WOOD	Ro	yes	yes	yes	328972	318920	96.94	49345800	47425328	96.11	98.85	99.67	95.81	97.73	57.45	57.36	ok
WOOD-7-1-No	intbio_reads_NovogeneAugust2025	WOOD	No	yes	yes	yes	20539418	19849132	96.64	3080912700	2945484257	95.60	98.72	99.65	95.57	97.71	57.29	57.12	ok
WOOD-7-1-Rh	intbio_reads_NovogeneAugust2025	WOOD	Rh	yes	yes	yes	473332	454764	96.08	70999800	67327316	94.83	98.29	99.61	94.72	97.42	61.71	61.59	ok
WOOD-7-1-Ro	intbio_reads_NovogeneAugust2025	WOOD	Ro	yes	yes	yes	25206	23534	93.37	3780900	3480873	92.06	97.55	99.59	92.93	97.21	61.23	61.14	ok
WOOD-8-No	intbio_reads_NovogeneAugust2025	WOOD	No	yes	yes	yes	2141940	2074218	96.84	321291000	305782314	95.17	98.32	99.58	94.82	97.48	57.85	57.69	ok
WOOD-8-Rh	intbio_reads_NovogeneAugust2025	WOOD	Rh	yes	yes	yes	577206	556896	96.48	86580900	82595073	95.40	98.66	99.64	95.35	97.57	60.65	60.49	ok
WOOD-8-Ro	intbio_reads_NovogeneAugust2025	WOOD	Ro	yes	yes	yes	25108	23808	94.82	3766200	3513379	93.29	97.87	99.57	93.68	97.24	59.11	58.91	ok
WOOD-9-Rh	intbio_reads_NovogeneAugust2025	WOOD	Rh	yes	yes	yes	180306	170226	94.41	27045900	25244793	93.34	98.35	99.60	94.42	97.25	63.63	63.45	ok
WOOD-9-Ro	intbio_reads_NovogeneAugust2025	WOOD	Ro	yes	yes	yes	8880	8446	95.11	1332000	1257954	94.44	98.71	99.62	95.10	97.11	62.21	62.13	ok
YELL-1-2-No	intbio_reads_NovogeneMay2025	YELL	No	yes	yes	yes	82370	79508	96.53	12355500	11829377	95.74	99.04	99.80	96.68	98.42	66.26	66.14	ok
YELL-1-2-Rh	intbio_reads_NovogeneMay2025	YELL	Rh	yes	yes	yes	488968	474212	96.98	73345200	70619077	96.28	99.02	99.81	96.90	98.57	64.11	63.99	ok
YELL-1-2-Ro	intbio_reads_NovogeneMay2025	YELL	Ro	yes	yes	yes	86896	85292	98.15	13034400	12538695	96.20	98.44	99.59	95.67	97.97	63.89	63.88	ok
YELL-10-1-No	intbio_reads_NovogeneAugust2025	YELL	No	yes	yes	yes	7748	7284	94.01	1162200	1074513	92.46	97.81	99.54	93.41	96.98	59.92	59.67	ok
YELL-10-1-Rh	intbio_reads_NovogeneAugust2025	YELL	Rh	yes	yes	yes	426838	413256	96.82	64025700	61139580	95.49	98.52	99.53	94.87	97.17	63.15	63.10	ok
YELL-10-1-Ro	intbio_reads_NovogeneAugust2025	YELL	Ro	yes	yes	yes	7832	7548	96.37	1174800	1126374	95.88	98.97	99.71	96.17	97.79	61.69	61.60	ok
YELL-11-No	intbio_reads_NovogeneAugust2025	YELL	No	yes	yes	yes	8996	8598	95.58	1349400	1278925	94.78	98.57	99.62	95.04	97.44	59.08	58.93	ok
YELL-11-Rh	intbio_reads_NovogeneAugust2025	YELL	Rh	yes	yes	yes	1646	1400	85.05	246900	205783	83.35	94.84	99.45	87.24	96.60	59.67	59.42	ok
YELL-11-Ro	intbio_reads_NovogeneAugust2025	YELL	Ro	yes	yes	yes	5120	4972	97.11	768000	739171	96.25	98.90	99.68	96.15	97.78	62.13	62.04	ok
YELL-2-2-No	intbio_reads_NovogeneMay2025	YELL	No	yes	yes	yes	21756	20306	93.34	3263400	2993660	91.73	97.31	99.64	92.87	97.73	61.01	60.86	ok
YELL-2-2-Rh	intbio_reads_NovogeneMay2025	YELL	Rh	yes	yes	yes	174502	170408	97.65	26175300	25324102	96.75	99.07	99.74	96.82	98.32	65.82	65.77	ok
YELL-2-2-Ro	intbio_reads_NovogeneMay2025	YELL	Ro	yes	yes	yes	10820	10432	96.41	1623000	1546732	95.30	98.68	99.73	95.75	98.07	61.77	61.62	ok
YELL-3-5-No	intbio_reads_NovogeneAugust2025	YELL	No	yes	yes	yes	2962	2790	94.19	444300	416084	93.65	98.51	99.69	95.01	97.50	58.95	58.81	ok
YELL-3-5-Rh	intbio_reads_NovogeneAugust2025	YELL	Rh	yes	yes	yes	2974	2510	84.40	446100	372394	83.48	96.74	99.56	90.94	97.03	60.41	59.33	ok
YELL-3-5-Ro	intbio_reads_NovogeneAugust2025	YELL	Ro	yes	yes	yes	26300	25268	96.08	3945000	3746307	94.96	98.53	99.59	94.92	97.32	63.03	62.97	ok
YELL-4-4-No	intbio_reads_NovogeneAugust2025	YELL	No	yes	yes	yes	11590	11254	97.10	1738500	1676644	96.44	99.11	99.69	96.44	97.78	61.92	61.81	ok
YELL-4-4-Rh	intbio_reads_NovogeneAugust2025	YELL	Rh	yes	yes	yes	3939262	3793932	96.31	590889300	562681033	95.23	98.45	99.59	94.95	97.41	60.69	60.63	ok
YELL-4-4-Ro	intbio_reads_NovogeneAugust2025	YELL	Ro	yes	yes	yes	41180	40306	97.88	6177000	6014964	97.38	99.33	99.75	97.07	98.06	63.75	63.72	ok
YELL-5-3-Rh	intbio_reads_NovogeneAugust2025	YELL	Rh	yes	yes	yes	279358	269190	96.36	41903700	40055503	95.59	98.86	99.66	95.56	97.50	63.45	63.38	ok
YELL-5-3-Ro	intbio_reads_NovogeneAugust2025	YELL	Ro	yes	yes	yes	19292	18608	96.45	2893800	2687660	92.88	97.15	99.38	92.10	96.63	62.92	62.77	ok
YELL-6-1-Rh	intbio_reads_NovogeneAugust2025	YELL	Rh	yes	yes	yes	168288	158696	94.30	25243200	23567390	93.36	98.50	99.60	94.60	97.19	64.49	64.24	ok
YELL-6-1-Ro	intbio_reads_NovogeneAugust2025	YELL	Ro	yes	yes	yes	13522	13038	96.42	2028300	1945739	95.93	99.04	99.71	96.17	97.73	62.43	62.38	ok
YELL-7-1-Rh	intbio_reads_NovogeneAugust2025	YELL	Rh	yes	yes	yes	63790	60860	95.41	9568500	9045145	94.53	98.67	99.60	94.97	97.17	64.87	64.74	ok
YELL-7-1-Ro	intbio_reads_NovogeneAugust2025	YELL	Ro	yes	yes	yes	1170618	1130290	96.55	175592700	167435539	95.35	98.62	99.63	95.20	97.51	60.60	60.46	ok
