threshold	min_percent_covered	min_mean_depth	gene	target_id	no_samples	mc_samples	no_good_samples	mc_good_samples	no_good_fraction	mc_good_fraction	no_median_mean_depth	mc_median_mean_depth	no_median_percent_covered	mc_median_percent_covered	depth_ratio_no_vs_mc	good_fraction_difference	classification
pct80_depth10	80.0	10.0	nifA	nifA|CU633751|CU633751_-_Symbiosis_Island|ref1	952	2	11	0	0.0116	0.0000	0.8407	6.4283	2.3897	5.7291	0.1308	0.0116	LOW_OR_LIMITED_SIGNAL
pct80_depth10	80.0	10.0	nifA	nifA|NC_002678|NC_002678_-_Symbiosis_Island_1|ref2	952	2	0	0	0.0000	0.0000	1.5783	22.4554	6.8143	8.7451	0.0703	0.0000	NOT_SUPPORTED
pct80_depth10	80.0	10.0	nifA	nifA|NC_002678|NC_002678_-_nifA_CDS|ref3	952	2	5	0	0.0053	0.0000	45.6949	19.3573	45.6003	22.0571	2.3606	0.0053	LOW_OR_LIMITED_SIGNAL
pct80_depth10	80.0	10.0	nifA	nifA|NC_009937|NC_009937_-_nifA_CDS|ref4	952	2	19	0	0.0200	0.0000	31.5519	164.3573	16.8397	36.8224	0.1920	0.0200	LOW_OR_LIMITED_SIGNAL
pct80_depth10	80.0	10.0	nifA	nifA|NC_011894|NC_011894_-_Symbiosis_Island_2|ref5	952	2	0	0	0.0000	0.0000	12.5928	67.2536	13.1111	11.9167	0.1872	0.0000	NOT_SUPPORTED
pct80_depth10	80.0	10.0	nifA	nifA|NC_012848|NC_012848_-_Symbiosis_Island|ref6	952	2	38	0	0.0399	0.0000	1.6875	0.1385	6.2789	10.2032	12.1838	0.0399	LOW_OR_LIMITED_SIGNAL
pct80_depth10	80.0	10.0	nifA	nifA|NC_014120|NC_014120_-_Symbiosis_Island|ref7	952	2	0	0	0.0000	0.0000	4.4724	49.8081	7.8931	7.5895	0.0898	0.0000	NOT_SUPPORTED
pct80_depth10	80.0	10.0	nifA	nifA|NC_017249|NC_017249_-_Symbiosis_Island_2|ref8	952	2	179	1	0.1880	0.5000	20.5446	12.3715	59.4609	95.6821	1.6606	-0.3120	BIOLOGICAL_SIGNAL_BUT_MC_BACKGROUND
pct80_depth10	80.0	10.0	nifA	nifA|NC_019848|NC_019848_-_Symbiosis_Island_3|ref9	952	2	68	0	0.0714	0.0000	0.1304	0.0000	1.5682	0.0000	999999.0000	0.0714	LOW_OR_LIMITED_SIGNAL
pct80_depth10	80.0	10.0	nifA	nifA|NZ_CP141049|NZ_CP141049_-_Symbiosis_Island_2|ref10	952	2	55	0	0.0578	0.0000	2.7171	1.1068	36.9322	26.8437	2.4549	0.0578	LOW_OR_LIMITED_SIGNAL
pct80_depth10	80.0	10.0	nifA	nifA|NZ_HG938357|NZ_HG938357_-_Symbiosis_Island|ref11	952	2	0	0	0.0000	0.0000	0.0375	0.0000	1.2300	0.0000	999999.0000	0.0000	NOT_SUPPORTED
pct80_depth10	80.0	10.0	nifB	nifB|CU633751|CU633751_-_Symbiosis_Island|ref12	952	2	13	0	0.0137	0.0000	0.1011	0.6008	3.7850	0.6680	0.1683	0.0137	LOW_OR_LIMITED_SIGNAL
pct80_depth10	80.0	10.0	nifB	nifB|NC_002678|NC_002678_-_Symbiosis_Island_1|ref13	952	2	47	0	0.0494	0.0000	2.0716	0.1134	24.8313	8.0972	18.2757	0.0494	LOW_OR_LIMITED_SIGNAL
pct80_depth10	80.0	10.0	nifB	nifB|NC_007777|NC_007777_-_Symbiosis_Island|ref14	952	2	1	0	0.0011	0.0000	2.7393	0.1689	13.4785	6.9129	16.2182	0.0011	LOW_OR_LIMITED_SIGNAL
pct80_depth10	80.0	10.0	nifB	nifB|NC_008278|NC_008278_-_Symbiosis_Island|ref15	952	2	324	2	0.3403	1.0000	8.5657	31.8777	70.5502	93.9806	0.2687	-0.6597	BIOLOGICAL_SIGNAL_BUT_MC_BACKGROUND
pct80_depth10	80.0	10.0	nifB	nifB|NC_009937|NC_009937_-_Symbiosis_Island_2|ref16	952	2	341	0	0.3582	0.0000	169.9189	3.9792	73.1731	73.4295	42.7018	0.3582	PROMISING_MC_AWARE
pct80_depth10	80.0	10.0	nifB	nifB|NC_011894|NC_011894_-_Symbiosis_Island_2|ref17	952	2	0	0	0.0000	0.0000	1.5181	0.2665	8.7508	2.1042	5.6962	0.0000	NOT_SUPPORTED
pct80_depth10	80.0	10.0	nifB	nifB|NC_012848|NC_012848_-_Symbiosis_Island|ref18	952	2	43	0	0.0452	0.0000	0.0197	0.0000	1.2899	0.0000	999999.0000	0.0452	LOW_OR_LIMITED_SIGNAL
pct80_depth10	80.0	10.0	nifB	nifB|NC_014120|NC_014120_-_Symbiosis_Island_2|ref19	952	2	0	0	0.0000	0.0000	0.1676	1.5916	1.7824	3.6585	0.1053	0.0000	NOT_SUPPORTED
pct80_depth10	80.0	10.0	nifB	nifB|NC_015656|NC_015656_-_Symbiosis_Island|ref20	952	2	40	0	0.0420	0.0000	1.6929	0.0226	10.5546	0.5665	74.7417	0.0420	LOW_OR_LIMITED_SIGNAL
pct80_depth10	80.0	10.0	nifB	nifB|NC_017249|NC_017249_-_Symbiosis_Island|ref21	952	2	401	2	0.4212	1.0000	41.0580	16.7630	80.3333	98.8333	2.4493	-0.5788	BIOLOGICAL_SIGNAL_BUT_MC_BACKGROUND
pct80_depth10	80.0	10.0	nifB	nifB|NC_019848|NC_019848_-_Symbiosis_Island_3|ref22	952	2	86	0	0.0903	0.0000	0.3883	0.0258	4.9898	0.6450	15.0504	0.0903	LOW_OR_LIMITED_SIGNAL
pct80_depth10	80.0	10.0	nifB	nifB|NZ_CP141049|NZ_CP141049_-_Symbiosis_Island_2|ref23	952	2	228	0	0.2395	0.0000	7.0793	1.8344	51.8218	39.4736	3.8593	0.2395	PROMISING_MC_AWARE
pct80_depth10	80.0	10.0	nifB	nifB|NZ_HG938357|NZ_HG938357_-_Symbiosis_Island|ref24	952	2	0	0	0.0000	0.0000	0.0000	0.0000	0.0000	0.0000	0.0000	0.0000	NOT_SUPPORTED
pct80_depth10	80.0	10.0	nifD	nifD|CU633751|CU633751_-_Symbiosis_Island|ref25	952	2	14	0	0.0147	0.0000	0.0000	0.0000	0.0000	0.0000	0.0000	0.0147	LOW_OR_LIMITED_SIGNAL
pct80_depth10	80.0	10.0	nifD	nifD|NC_002678|NC_002678_-_Symbiosis_Island_3|ref26	952	2	104	0	0.1092	0.0000	6.4070	0.6109	34.5950	28.7185	10.4878	0.1092	PROMISING_MC_AWARE
pct80_depth10	80.0	10.0	nifD	nifD|NC_007777|NC_007777_-_Symbiosis_Island|ref27	952	2	96	0	0.1008	0.0000	1.2348	0.5058	15.4688	13.5181	2.4413	0.1008	PROMISING_MC_AWARE
pct80_depth10	80.0	10.0	nifD	nifD|NC_008278|NC_008278_-_Symbiosis_Island|ref28	952	2	448	2	0.4706	1.0000	11.8501	56.6106	96.8514	100.0000	0.2093	-0.5294	BIOLOGICAL_SIGNAL_BUT_MC_BACKGROUND
pct80_depth10	80.0	10.0	nifD	nifD|NC_009937|NC_009937_-_Symbiosis_Island_4|ref29	952	2	688	1	0.7227	0.5000	218.4914	6.8124	92.7478	90.6188	32.0728	0.2227	BIOLOGICAL_SIGNAL_BUT_MC_BACKGROUND
pct80_depth10	80.0	10.0	nifD	nifD|NC_011894|NC_011894_-_Symbiosis_Island|ref30	952	2	1	0	0.0011	0.0000	5.5560	0.1235	19.6640	6.3241	44.9879	0.0011	LOW_OR_LIMITED_SIGNAL
pct80_depth10	80.0	10.0	nifD	nifD|NC_012848|NC_012848_-_Symbiosis_Island_2|ref31	952	2	48	0	0.0504	0.0000	0.3516	0.0172	2.5132	0.8598	20.4390	0.0504	LOW_OR_LIMITED_SIGNAL
pct80_depth10	80.0	10.0	nifD	nifD|NC_014120|NC_014120_-_Symbiosis_Island_3|ref32	952	2	7	0	0.0074	0.0000	0.9781	0.4248	14.8566	2.0150	2.3023	0.0074	LOW_OR_LIMITED_SIGNAL
pct80_depth10	80.0	10.0	nifD	nifD|NC_015656|NC_015656_-_Symbiosis_Island|ref33	952	2	116	0	0.1218	0.0000	1.3953	1.3358	8.6291	3.8622	1.0445	0.1218	PROMISING_MC_AWARE
pct80_depth10	80.0	10.0	nifD	nifD|NC_017249|NC_017249_-_Symbiosis_Island|ref34	952	2	657	2	0.6901	1.0000	80.4780	27.4784	100.0000	100.0000	2.9288	-0.3099	BIOLOGICAL_SIGNAL_BUT_MC_BACKGROUND
pct80_depth10	80.0	10.0	nifD	nifD|NC_019848|NC_019848_-_Symbiosis_Island_2|ref35	952	2	124	0	0.1303	0.0000	3.5496	0.0549	18.9621	2.6946	64.6557	0.1303	PROMISING_MC_AWARE
pct80_depth10	80.0	10.0	nifD	nifD|NZ_CP141049|NZ_CP141049_-_Symbiosis_Island|ref36	952	2	382	0	0.4013	0.0000	18.1427	1.6095	76.8131	61.6102	11.2726	0.4013	PROMISING_MC_AWARE
pct80_depth10	80.0	10.0	nifD	nifD|NZ_HG938357|NZ_HG938357_-_Symbiosis_Island_2|ref37	952	2	0	0	0.0000	0.0000	0.1734	0.0180	3.9333	1.8000	9.6306	0.0000	NOT_SUPPORTED
pct80_depth10	80.0	10.0	nifE	nifE|CU633751|CU633751_-_Symbiosis_Island|ref38	952	2	12	0	0.0126	0.0000	0.0000	0.0000	0.0000	0.0000	0.0000	0.0126	LOW_OR_LIMITED_SIGNAL
pct80_depth10	80.0	10.0	nifE	nifE|NC_002678|NC_002678_-_Symbiosis_Island_3|ref39	952	2	103	0	0.1082	0.0000	1.1053	0.1442	16.5996	3.3870	7.6650	0.1082	PROMISING_MC_AWARE
pct80_depth10	80.0	10.0	nifE	nifE|NC_007777|NC_007777_-_Symbiosis_Island|ref40	952	2	9	0	0.0095	0.0000	0.5580	1.1579	4.9234	2.2611	0.4819	0.0095	LOW_OR_LIMITED_SIGNAL
pct80_depth10	80.0	10.0	nifE	nifE|NC_008278|NC_008278_-_Symbiosis_Island|ref41	952	2	310	2	0.3256	1.0000	6.9639	30.4584	78.9570	100.0000	0.2286	-0.6744	BIOLOGICAL_SIGNAL_BUT_MC_BACKGROUND
pct80_depth10	80.0	10.0	nifE	nifE|NC_009937|NC_009937_-_Symbiosis_Island_4|ref42	952	2	175	0	0.1838	0.0000	45.3987	1.4581	59.5960	41.7112	31.1355	0.1838	PROMISING_MC_AWARE
pct80_depth10	80.0	10.0	nifE	nifE|NC_011894|NC_011894_-_Symbiosis_Island|ref43	952	2	0	0	0.0000	0.0000	1.3255	0.0132	8.2183	0.6574	100.7947	0.0000	NOT_SUPPORTED
pct80_depth10	80.0	10.0	nifE	nifE|NC_012848|NC_012848_-_Symbiosis_Island_2|ref44	952	2	46	0	0.0483	0.0000	0.0984	0.0000	1.4206	0.0000	999999.0000	0.0483	LOW_OR_LIMITED_SIGNAL
pct80_depth10	80.0	10.0	nifE	nifE|NC_014120|NC_014120_-_Symbiosis_Island|ref45	952	2	0	0	0.0000	0.0000	0.0000	0.0000	0.0000	0.0000	0.0000	0.0000	NOT_SUPPORTED
pct80_depth10	80.0	10.0	nifE	nifE|NC_015656|NC_015656_-_Symbiosis_Island|ref46	952	2	60	0	0.0630	0.0000	1.4746	1.6125	7.4790	5.5448	0.9144	0.0630	LOW_OR_LIMITED_SIGNAL
pct80_depth10	80.0	10.0	nifE	nifE|NC_017249|NC_017249_-_Symbiosis_Island|ref47	952	2	517	2	0.5431	1.0000	63.1092	19.6253	86.5572	99.5438	3.2157	-0.4569	BIOLOGICAL_SIGNAL_BUT_MC_BACKGROUND
pct80_depth10	80.0	10.0	nifE	nifE|NC_019848|NC_019848_-_Symbiosis_Island_2|ref48	952	2	86	0	0.0903	0.0000	1.3211	0.0000	3.7736	0.0000	999999.0000	0.0903	LOW_OR_LIMITED_SIGNAL
pct80_depth10	80.0	10.0	nifE	nifE|NZ_CP141049|NZ_CP141049_-_Symbiosis_Island|ref49	952	2	288	0	0.3025	0.0000	8.1331	2.2676	67.0691	68.1087	3.5867	0.3025	PROMISING_MC_AWARE
pct80_depth10	80.0	10.0	nifE	nifE|NZ_HG938357|NZ_HG938357_-_Symbiosis_Island_2|ref50	952	2	0	0	0.0000	0.0000	0.1079	0.0000	1.7470	0.0000	999999.0000	0.0000	NOT_SUPPORTED
pct80_depth10	80.0	10.0	nifH	nifH|CU633751|CU633751_-_Symbiosis_Island|ref51	952	2	20	0	0.0210	0.0000	0.0578	0.0000	2.2676	0.0000	999999.0000	0.0210	LOW_OR_LIMITED_SIGNAL
pct80_depth10	80.0	10.0	nifH	nifH|NC_002678|NC_002678_-_Symbiosis_Island_3|ref52	952	2	244	0	0.2563	0.0000	31.7752	0.7673	60.2349	54.0268	41.4089	0.2563	PROMISING_MC_AWARE
pct80_depth10	80.0	10.0	nifH	nifH|NC_007777|NC_007777_-_Symbiosis_Island|ref53	952	2	141	0	0.1481	0.0000	2.2141	6.0591	35.2430	45.8333	0.3654	0.1481	LOW_OR_LIMITED_SIGNAL
pct80_depth10	80.0	10.0	nifH	nifH|NC_008278|NC_008278_-_Symbiosis_Island|ref54	952	2	452	2	0.4748	1.0000	12.5700	62.5857	98.4954	100.0000	0.2008	-0.5252	BIOLOGICAL_SIGNAL_BUT_MC_BACKGROUND
pct80_depth10	80.0	10.0	nifH	nifH|NC_009937|NC_009937_-_Symbiosis_Island_3|ref55	952	2	608	1	0.6387	0.5000	154.6779	5.9562	88.6644	70.9316	25.9692	0.1387	BIOLOGICAL_SIGNAL_BUT_MC_BACKGROUND
pct80_depth10	80.0	10.0	nifH	nifH|NC_009937|NC_009937_-_Symbiosis_Island_4|ref56	952	2	671	0	0.7048	0.0000	292.2009	5.1874	90.4602	86.6442	56.3290	0.7048	PROMISING_MC_AWARE
pct80_depth10	80.0	10.0	nifH	nifH|NC_011894|NC_011894_-_Symbiosis_Island|ref57	952	2	5	0	0.0053	0.0000	9.7144	1.5267	34.1111	26.6667	6.3630	0.0053	LOW_OR_LIMITED_SIGNAL
pct80_depth10	80.0	10.0	nifH	nifH|NC_012848|NC_012848_-_Symbiosis_Island_2|ref58	952	2	46	0	0.0483	0.0000	0.1357	0.0000	3.6036	0.0000	999999.0000	0.0483	LOW_OR_LIMITED_SIGNAL
pct80_depth10	80.0	10.0	nifH	nifH|NC_014120|NC_014120_-_Symbiosis_Island_3|ref59	952	2	14	0	0.0147	0.0000	0.5374	0.0000	9.6372	0.0000	999999.0000	0.0147	LOW_OR_LIMITED_SIGNAL
pct80_depth10	80.0	10.0	nifH	nifH|NC_015656|NC_015656_-_Symbiosis_Island|ref60	952	2	125	0	0.1313	0.0000	0.6993	0.0000	11.2829	0.0000	999999.0000	0.1313	PROMISING_MC_AWARE
pct80_depth10	80.0	10.0	nifH	nifH|NC_017249|NC_017249_-_Symbiosis_Island|ref61	952	2	665	2	0.6985	1.0000	126.4288	30.6570	100.0000	100.0000	4.1240	-0.3015	BIOLOGICAL_SIGNAL_BUT_MC_BACKGROUND
pct80_depth10	80.0	10.0	nifH	nifH|NC_019848|NC_019848_-_Symbiosis_Island_2|ref62	952	2	111	0	0.1166	0.0000	3.6124	0.2326	19.7428	6.3758	15.5274	0.1166	PROMISING_MC_AWARE
pct80_depth10	80.0	10.0	nifH	nifH|NZ_CP141049|NZ_CP141049_-_Symbiosis_Island|ref63	952	2	459	0	0.4821	0.0000	234.8804	2.5738	85.3468	45.6375	91.2582	0.4821	PROMISING_MC_AWARE
pct80_depth10	80.0	10.0	nifH	nifH|NZ_HG938357|NZ_HG938357_-_Symbiosis_Island_2|ref64	952	2	0	0	0.0000	0.0000	0.0000	0.0000	0.0000	0.0000	0.0000	0.0000	NOT_SUPPORTED
pct80_depth10	80.0	10.0	nifJ	nifJ|NC_007777|NC_007777_-_nifJ_CDS|ref65	952	2	16	0	0.0168	0.0000	1.8513	0.2214	10.2105	5.7878	8.3618	0.0168	LOW_OR_LIMITED_SIGNAL
pct80_depth10	80.0	10.0	nifJ	nifJ|NC_008278|NC_008278_-_nifJ_CDS|ref66	952	2	227	2	0.2384	1.0000	4.8140	14.8536	53.9682	98.6112	0.3241	-0.7616	BIOLOGICAL_SIGNAL_BUT_MC_BACKGROUND
pct80_depth10	80.0	10.0	nifK	nifK|CU633751|CU633751_-_Symbiosis_Island|ref67	952	2	14	0	0.0147	0.0000	0.0244	0.0211	1.2179	2.1154	1.1537	0.0147	LOW_OR_LIMITED_SIGNAL
pct80_depth10	80.0	10.0	nifK	nifK|NC_002678|NC_002678_-_Symbiosis_Island_3|ref68	952	2	149	0	0.1565	0.0000	1.5616	1.6057	35.8625	23.4111	0.9726	0.1565	LOW_OR_LIMITED_SIGNAL
pct80_depth10	80.0	10.0	nifK	nifK|NC_007777|NC_007777_-_Symbiosis_Island|ref69	952	2	35	0	0.0368	0.0000	1.1952	0.0244	9.2165	1.2203	48.9836	0.0368	LOW_OR_LIMITED_SIGNAL
pct80_depth10	80.0	10.0	nifK	nifK|NC_008278|NC_008278_-_Symbiosis_Island|ref70	952	2	356	2	0.3739	1.0000	7.6222	47.1586	84.0371	99.9680	0.1616	-0.6261	BIOLOGICAL_SIGNAL_BUT_MC_BACKGROUND
pct80_depth10	80.0	10.0	nifK	nifK|NC_009937|NC_009937_-_Symbiosis_Island_4|ref71	952	2	416	0	0.4370	0.0000	66.3436	6.0663	75.2884	77.4680	10.9363	0.4370	PROMISING_MC_AWARE
pct80_depth10	80.0	10.0	nifK	nifK|NC_011894|NC_011894_-_Symbiosis_Island|ref72	952	2	0	0	0.0000	0.0000	5.5123	0.5507	18.2586	16.2443	10.0097	0.0000	NOT_SUPPORTED
pct80_depth10	80.0	10.0	nifK	nifK|NC_012848|NC_012848_-_Symbiosis_Island_2|ref73	952	2	48	0	0.0504	0.0000	0.3043	0.0000	5.9034	0.0000	999999.0000	0.0504	LOW_OR_LIMITED_SIGNAL
pct80_depth10	80.0	10.0	nifK	nifK|NC_014120|NC_014120_-_Symbiosis_Island_3|ref74	952	2	6	0	0.0063	0.0000	1.2488	0.0000	8.7180	0.0000	999999.0000	0.0063	LOW_OR_LIMITED_SIGNAL
pct80_depth10	80.0	10.0	nifK	nifK|NC_015656|NC_015656_-_Symbiosis_Island|ref75	952	2	66	0	0.0693	0.0000	0.4705	0.1293	3.9370	1.9357	3.6398	0.0693	LOW_OR_LIMITED_SIGNAL
pct80_depth10	80.0	10.0	nifK	nifK|NC_017249|NC_017249_-_Symbiosis_Island|ref76	952	2	634	2	0.6660	1.0000	126.6339	28.7364	99.9358	100.0000	4.4067	-0.3340	BIOLOGICAL_SIGNAL_BUT_MC_BACKGROUND
pct80_depth10	80.0	10.0	nifK	nifK|NC_019848|NC_019848_-_Symbiosis_Island_2|ref77	952	2	95	0	0.0998	0.0000	0.3522	0.0917	7.8470	4.6368	3.8381	0.0998	LOW_OR_LIMITED_SIGNAL
pct80_depth10	80.0	10.0	nifK	nifK|NZ_CP141049|NZ_CP141049_-_Symbiosis_Island|ref78	952	2	289	0	0.3036	0.0000	6.3175	0.4523	67.0882	24.6109	13.9658	0.3036	PROMISING_MC_AWARE
pct80_depth10	80.0	10.0	nifK	nifK|NZ_HG938357|NZ_HG938357_-_Symbiosis_Island_2|ref79	952	2	0	0	0.0000	0.0000	0.0272	0.0000	1.2322	0.0000	999999.0000	0.0000	NOT_SUPPORTED
pct80_depth10	80.0	10.0	nifN	nifN|CU633751|CU633751_-_Symbiosis_Island|ref80	952	2	11	0	0.0116	0.0000	0.0000	0.0000	0.0000	0.0000	0.0000	0.0116	LOW_OR_LIMITED_SIGNAL
pct80_depth10	80.0	10.0	nifN	nifN|NC_002678|NC_002678_-_Symbiosis_Island_3|ref81	952	2	171	0	0.1796	0.0000	2.1573	0.1023	35.7557	5.9653	21.0880	0.1796	PROMISING_MC_AWARE
pct80_depth10	80.0	10.0	nifN	nifN|NC_009937|NC_009937_-_Symbiosis_Island_4|ref82	952	2	35	0	0.0368	0.0000	4.6067	1.7080	20.1754	52.5951	2.6972	0.0368	LOW_OR_LIMITED_SIGNAL
pct80_depth10	80.0	10.0	nifN	nifN|NC_011894|NC_011894_-_Symbiosis_Island|ref83	952	2	0	0	0.0000	0.0000	1.5832	0.2769	5.6399	2.8561	5.7174	0.0000	NOT_SUPPORTED
pct80_depth10	80.0	10.0	nifN	nifN|NC_012848|NC_012848_-_Symbiosis_Island_2|ref84	952	2	33	0	0.0347	0.0000	0.0000	0.0000	0.0000	0.0000	0.0000	0.0347	LOW_OR_LIMITED_SIGNAL
pct80_depth10	80.0	10.0	nifN	nifN|NC_014120|NC_014120_-_Symbiosis_Island|ref85	952	2	0	0	0.0000	0.0000	0.0000	0.0000	0.0000	0.0000	0.0000	0.0000	NOT_SUPPORTED
pct80_depth10	80.0	10.0	nifN	nifN|NC_015656|NC_015656_-_Symbiosis_Island|ref86	952	2	29	0	0.0305	0.0000	0.6487	8.1382	4.7414	2.2271	0.0797	0.0305	LOW_OR_LIMITED_SIGNAL
pct80_depth10	80.0	10.0	nifN	nifN|NC_017249|NC_017249_-_Symbiosis_Island|ref87	952	2	285	2	0.2994	1.0000	16.1450	15.6351	70.0000	98.6525	1.0326	-0.7006	BIOLOGICAL_SIGNAL_BUT_MC_BACKGROUND
pct80_depth10	80.0	10.0	nifN	nifN|NC_019848|NC_019848_-_Symbiosis_Island_4|ref88	952	2	76	0	0.0798	0.0000	0.1320	0.1206	1.5083	0.7541	1.0941	0.0798	LOW_OR_LIMITED_SIGNAL
pct80_depth10	80.0	10.0	nifN	nifN|NZ_CP141049|NZ_CP141049_-_Symbiosis_Island|ref89	952	2	104	0	0.1092	0.0000	1.0553	0.2166	22.1620	13.7744	4.8732	0.1092	PROMISING_MC_AWARE
pct80_depth10	80.0	10.0	nifN	nifN|NZ_HG938357|NZ_HG938357_-_Symbiosis_Island_2|ref90	952	2	0	0	0.0000	0.0000	0.0000	0.0149	0.0000	1.4848	0.0000	0.0000	NOT_SUPPORTED
pct80_depth10	80.0	10.0	nifQ	nifQ|CU633751|CU633751_-_Symbiosis_Island|ref91	952	2	11	0	0.0116	0.0000	0.0000	0.0000	0.0000	0.0000	0.0000	0.0116	LOW_OR_LIMITED_SIGNAL
pct80_depth10	80.0	10.0	nifQ	nifQ|NC_002678|NC_002678_-_nitrogen_fixation_protein_NifQ_CDS|ref92	952	2	0	0	0.0000	0.0000	0.1235	0.0000	3.0864	0.0000	999999.0000	0.0000	NOT_SUPPORTED
pct80_depth10	80.0	10.0	nifQ	nifQ|NC_009937|NC_009937_-_Symbiosis_Island_3|ref93	952	2	0	0	0.0000	0.0000	0.9170	0.1681	11.8550	12.6220	5.4567	0.0000	NOT_SUPPORTED
pct80_depth10	80.0	10.0	nifQ	nifQ|NC_011894|NC_011894_-_Symbiosis_Island|ref94	952	2	0	0	0.0000	0.0000	0.3928	0.1227	2.7132	1.2274	3.2000	0.0000	NOT_SUPPORTED
pct80_depth10	80.0	10.0	nifQ	nifQ|NC_014118|NC_014118_-_nitrogen_fixation_protein_NifQ_CDS|ref95	952	2	1	0	0.0011	0.0000	0.0000	0.0000	0.0000	0.0000	0.0000	0.0011	LOW_OR_LIMITED_SIGNAL
pct80_depth10	80.0	10.0	nifQ	nifQ|NC_014120|NC_014120_-_Symbiosis_Island|ref96	952	2	0	0	0.0000	0.0000	0.0000	0.0000	0.0000	0.0000	0.0000	0.0000	NOT_SUPPORTED
pct80_depth10	80.0	10.0	nifQ	nifQ|NC_017249|NC_017249_-_Symbiosis_Island|ref97	952	2	62	0	0.0651	0.0000	3.7497	7.8858	44.5665	89.7436	0.4755	0.0651	LOW_OR_LIMITED_SIGNAL
pct80_depth10	80.0	10.0	nifQ	nifQ|NZ_CP141049|NZ_CP141049_-_nitrogen_fixation_protein_NifQ_CDS|ref98	952	2	50	0	0.0525	0.0000	1.1429	0.6934	25.3968	14.3578	1.6484	0.0525	LOW_OR_LIMITED_SIGNAL
pct80_depth10	80.0	10.0	nifS	nifS|NC_002678|NC_002678_-_Symbiosis_Island_2|ref99	952	2	9	0	0.0095	0.0000	0.7550	0.0000	12.3707	0.0000	999999.0000	0.0095	LOW_OR_LIMITED_SIGNAL
pct80_depth10	80.0	10.0	nifS	nifS|NC_009937|NC_009937_-_Symbiosis_Island_2|ref100	952	2	6	0	0.0063	0.0000	1.5165	0.1085	11.2637	9.9817	13.9770	0.0063	LOW_OR_LIMITED_SIGNAL
pct80_depth10	80.0	10.0	nifS	nifS|NC_017249|NC_017249_-_Symbiosis_Island|ref101	952	2	318	2	0.3340	1.0000	11.4209	13.2424	74.5347	100.0000	0.8624	-0.6660	BIOLOGICAL_SIGNAL_BUT_MC_BACKGROUND
pct80_depth10	80.0	10.0	nifT	nifT|NC_002678|NC_002678_-_Symbiosis_Island_1|ref102	952	2	10	0	0.0105	0.0000	0.0000	0.0000	0.0000	0.0000	0.0000	0.0105	LOW_OR_LIMITED_SIGNAL
pct80_depth10	80.0	10.0	nifT	nifT|NC_009937|NC_009937_-_Symbiosis_Island_2|ref103	952	2	173	0	0.1817	0.0000	0.5388	0.7808	9.1324	39.9544	0.6901	0.1817	LOW_OR_LIMITED_SIGNAL
pct80_depth10	80.0	10.0	nifT	nifT|NC_011894|NC_011894_-_Symbiosis_Island_2|ref104	952	2	0	0	0.0000	0.0000	0.0000	0.0000	0.0000	0.0000	0.0000	0.0000	NOT_SUPPORTED
pct80_depth10	80.0	10.0	nifT	nifT|NC_012848|NC_012848_-_Symbiosis_Island|ref105	952	2	8	0	0.0084	0.0000	0.0000	0.0000	0.0000	0.0000	0.0000	0.0084	LOW_OR_LIMITED_SIGNAL
pct80_depth10	80.0	10.0	nifT	nifT|NC_014120|NC_014120_-_Symbiosis_Island_2|ref106	952	2	0	0	0.0000	0.0000	0.0000	0.0000	0.0000	0.0000	0.0000	0.0000	NOT_SUPPORTED
pct80_depth10	80.0	10.0	nifT	nifT|NC_017249|NC_017249_-_Symbiosis_Island|ref107	952	2	373	2	0.3918	1.0000	5.9356	14.1488	82.6667	99.7778	0.4195	-0.6082	BIOLOGICAL_SIGNAL_BUT_MC_BACKGROUND
pct80_depth10	80.0	10.0	nifT	nifT|NC_019848|NC_019848_-_Symbiosis_Island_3|ref108	952	2	66	0	0.0693	0.0000	0.0000	0.0000	0.0000	0.0000	0.0000	0.0693	LOW_OR_LIMITED_SIGNAL
pct80_depth10	80.0	10.0	nifT	nifT|NZ_CP141049|NZ_CP141049_-_Symbiosis_Island_2|ref109	952	2	217	0	0.2279	0.0000	1.9624	0.0000	47.8873	0.0000	999999.0000	0.2279	PROMISING_MC_AWARE
pct80_depth10	80.0	10.0	nifT	nifT|NZ_HG938357|NZ_HG938357_-_Symbiosis_Island|ref110	952	2	0	0	0.0000	0.0000	0.0000	0.0000	0.0000	0.0000	0.0000	0.0000	NOT_SUPPORTED
pct80_depth10	80.0	10.0	nifU	nifU|NC_002678|NC_002678_-_NifU_family_protein_CDS|ref111	952	2	720	0	0.7563	0.0000	111.9526	3.5026	95.7018	66.7544	31.9627	0.7563	PROMISING_MC_AWARE
pct80_depth10	80.0	10.0	nifU	nifU|NC_007777|NC_007777_-_NifU_family_protein_CDS|ref112	952	2	0	0	0.0000	0.0000	0.0000	0.0000	0.0000	0.0000	0.0000	0.0000	NOT_SUPPORTED
pct80_depth10	80.0	10.0	nifU	nifU|NC_008278|NC_008278_-_NifU_family_protein_CDS|ref113	952	2	63	0	0.0662	0.0000	0.3002	0.8921	3.1674	42.6093	0.3364	0.0662	LOW_OR_LIMITED_SIGNAL
pct80_depth10	80.0	10.0	nifU	nifU|NC_009937|NC_009937_-_Symbiosis_Island_2|ref114	952	2	0	0	0.0000	0.0000	0.0000	0.0000	0.0000	0.0000	0.0000	0.0000	NOT_SUPPORTED
pct80_depth10	80.0	10.0	nifU	nifU|NC_011894|NC_011894_-_NifU_family_protein_CDS|ref115	952	2	1	0	0.0011	0.0000	2.0470	1.5266	16.3121	10.9043	1.3409	0.0011	LOW_OR_LIMITED_SIGNAL
pct80_depth10	80.0	10.0	nifU	nifU|NC_012850|NC_012850_-_NifU_family_protein_CDS|ref116	952	2	273	0	0.2868	0.0000	16.3562	0.6243	52.0282	40.8289	26.1972	0.2868	PROMISING_MC_AWARE
pct80_depth10	80.0	10.0	nifU	nifU|NC_015656|NC_015656_-_NifU_family_protein_CDS|ref117	952	2	35	0	0.0368	0.0000	0.1784	0.0000	2.2447	0.0000	999999.0000	0.0368	LOW_OR_LIMITED_SIGNAL
pct80_depth10	80.0	10.0	nifU	nifU|NC_017249|NC_017249_-_NifU_family_protein_CDS|ref118	952	2	859	2	0.9023	1.0000	919.2263	24.7228	99.8246	99.8246	37.1813	-0.0977	BIOLOGICAL_SIGNAL_BUT_MC_BACKGROUND
pct80_depth10	80.0	10.0	nifU	nifU|NC_019845|NC_019845_-_NifU_family_protein_CDS|ref119	952	2	105	0	0.1103	0.0000	2.4021	0.1834	22.3986	9.5238	13.0979	0.1103	PROMISING_MC_AWARE
pct80_depth10	80.0	10.0	nifU	nifU|NZ_CP104965|NZ_CP104965_-_NifU_family_protein_CDS|ref120	952	2	7	0	0.0074	0.0000	1.2363	0.0000	8.9065	0.0000	999999.0000	0.0074	LOW_OR_LIMITED_SIGNAL
pct80_depth10	80.0	10.0	nifU	nifU|NZ_CP141048|NZ_CP141048_-_NifU_family_protein_CDS|ref121	952	2	22	0	0.0231	0.0000	26.4804	2.0454	52.2282	28.8770	12.9460	0.0231	LOW_OR_LIMITED_SIGNAL
pct80_depth10	80.0	10.0	nifU	nifU|NZ_HG938355|NZ_HG938355_-_NifU_family_protein_CDS|ref122	952	2	34	0	0.0357	0.0000	3.5503	0.0335	33.3333	1.6755	105.9791	0.0357	LOW_OR_LIMITED_SIGNAL
pct80_depth10	80.0	10.0	nifV	nifV|CU633751|CU633751_-_Symbiosis_Island|ref123	952	2	8	0	0.0084	0.0000	0.0000	0.0000	0.0000	0.0000	0.0000	0.0084	LOW_OR_LIMITED_SIGNAL
pct80_depth10	80.0	10.0	nifV	nifV|NC_007777|NC_007777_-_Symbiosis_Island|ref124	952	2	7	0	0.0074	0.0000	0.6633	0.4817	3.9069	3.2835	1.3770	0.0074	LOW_OR_LIMITED_SIGNAL
pct80_depth10	80.0	10.0	nifV	nifV|NC_008278|NC_008278_-_Symbiosis_Island|ref125	952	2	232	2	0.2437	1.0000	4.0694	17.2849	52.3810	100.0000	0.2354	-0.7563	BIOLOGICAL_SIGNAL_BUT_MC_BACKGROUND
pct80_depth10	80.0	10.0	nifV	nifV|NC_009937|NC_009937_-_nifV_CDS|ref126	952	2	6	0	0.0063	0.0000	3.6617	0.6217	8.7500	19.0000	5.8903	0.0063	LOW_OR_LIMITED_SIGNAL
pct80_depth10	80.0	10.0	nifV	nifV|NC_014120|NC_014120_-_Symbiosis_Island_2|ref127	952	2	0	0	0.0000	0.0000	0.0000	0.0833	0.0000	1.6667	0.0000	0.0000	NOT_SUPPORTED
pct80_depth10	80.0	10.0	nifV	nifV|NC_015656|NC_015656_-_Symbiosis_Island|ref128	952	2	27	0	0.0284	0.0000	0.5887	0.0171	3.7704	0.8569	34.3236	0.0284	LOW_OR_LIMITED_SIGNAL
pct80_depth10	80.0	10.0	nifW	nifW|CU633751|CU633751_-_Symbiosis_Island|ref129	952	2	13	0	0.0137	0.0000	0.0000	0.0000	0.0000	0.0000	0.0000	0.0137	LOW_OR_LIMITED_SIGNAL
pct80_depth10	80.0	10.0	nifW	nifW|NC_002678|NC_002678_-_Symbiosis_Island_2|ref130	952	2	33	0	0.0347	0.0000	0.0000	0.0000	0.0000	0.0000	0.0000	0.0347	LOW_OR_LIMITED_SIGNAL
pct80_depth10	80.0	10.0	nifW	nifW|NC_007777|NC_007777_-_Symbiosis_Island|ref131	952	2	0	0	0.0000	0.0000	0.6283	0.0000	5.0439	0.0000	999999.0000	0.0000	NOT_SUPPORTED
pct80_depth10	80.0	10.0	nifW	nifW|NC_008278|NC_008278_-_Symbiosis_Island|ref132	952	2	221	2	0.2321	1.0000	1.9027	23.8321	54.7980	100.0000	0.0798	-0.7679	BIOLOGICAL_SIGNAL_BUT_MC_BACKGROUND
pct80_depth10	80.0	10.0	nifW	nifW|NC_009937|NC_009937_-_Symbiosis_Island_3|ref133	952	2	0	0	0.0000	0.0000	0.0000	0.1061	0.0000	5.3030	0.0000	0.0000	NOT_SUPPORTED
pct80_depth10	80.0	10.0	nifW	nifW|NC_011894|NC_011894_-_nifW_CDS|ref134	952	2	0	0	0.0000	0.0000	0.0000	0.7222	0.0000	5.5556	0.0000	0.0000	NOT_SUPPORTED
pct80_depth10	80.0	10.0	nifW	nifW|NC_014120|NC_014120_-_Symbiosis_Island_2|ref135	952	2	0	0	0.0000	0.0000	0.0000	0.0000	0.0000	0.0000	0.0000	0.0000	NOT_SUPPORTED
pct80_depth10	80.0	10.0	nifW	nifW|NC_015656|NC_015656_-_Symbiosis_Island|ref136	952	2	45	0	0.0473	0.0000	0.1058	2.1111	5.0265	7.5397	0.0501	0.0473	LOW_OR_LIMITED_SIGNAL
pct80_depth10	80.0	10.0	nifW	nifW|NC_017249|NC_017249_-_Symbiosis_Island|ref137	952	2	265	0	0.2784	0.0000	4.6857	8.5088	73.2456	100.0000	0.5507	0.2784	LOW_OR_LIMITED_SIGNAL
pct80_depth10	80.0	10.0	nifW	nifW|NZ_CP141049|NZ_CP141049_-_nifW_CDS|ref138	952	2	110	0	0.1155	0.0000	0.0000	0.3750	0.0000	26.3021	0.0000	0.1155	LOW_OR_LIMITED_SIGNAL
pct80_depth10	80.0	10.0	nifX	nifX|CU633751|CU633751_-_Symbiosis_Island|ref139	952	2	11	0	0.0116	0.0000	0.0000	0.0000	0.0000	0.0000	0.0000	0.0116	LOW_OR_LIMITED_SIGNAL
pct80_depth10	80.0	10.0	nifX	nifX|NC_002678|NC_002678_-_Symbiosis_Island_3|ref140	952	2	219	0	0.2300	0.0000	2.0532	0.5080	57.1285	35.2409	4.0417	0.2300	PROMISING_MC_AWARE
pct80_depth10	80.0	10.0	nifX	nifX|NC_002678|NC_002678_-_Symbiosis_Island_3|ref141	952	2	141	0	0.1481	0.0000	1.3062	0.0000	23.4375	0.0000	999999.0000	0.1481	PROMISING_MC_AWARE
pct80_depth10	80.0	10.0	nifX	nifX|NC_007777|NC_007777_-_Symbiosis_Island|ref142	952	2	7	0	0.0074	0.0000	0.2016	0.0856	4.2793	2.1397	2.3551	0.0074	LOW_OR_LIMITED_SIGNAL
pct80_depth10	80.0	10.0	nifX	nifX|NC_007777|NC_007777_-_Symbiosis_Island|ref143	952	2	5	0	0.0053	0.0000	0.0449	0.0000	4.1379	0.0000	999999.0000	0.0053	LOW_OR_LIMITED_SIGNAL
pct80_depth10	80.0	10.0	nifX	nifX|NC_008278|NC_008278_-_Symbiosis_Island|ref144	952	2	269	2	0.2826	1.0000	3.7613	40.1994	67.1171	100.0000	0.0936	-0.7174	BIOLOGICAL_SIGNAL_BUT_MC_BACKGROUND
pct80_depth10	80.0	10.0	nifX	nifX|NC_008278|NC_008278_-_Symbiosis_Island|ref145	952	2	255	2	0.2679	1.0000	2.3438	31.5775	72.1065	100.0000	0.0742	-0.7321	BIOLOGICAL_SIGNAL_BUT_MC_BACKGROUND
pct80_depth10	80.0	10.0	nifX	nifX|NC_009937|NC_009937_-_Symbiosis_Island_4|ref146	952	2	35	0	0.0368	0.0000	2.9688	1.0301	29.8925	57.7419	2.8821	0.0368	LOW_OR_LIMITED_SIGNAL
pct80_depth10	80.0	10.0	nifX	nifX|NC_009937|NC_009937_-_Symbiosis_Island_4|ref147	952	2	99	0	0.1040	0.0000	2.0366	1.1339	26.1364	63.1313	1.7962	0.1040	PROMISING_MC_AWARE
pct80_depth10	80.0	10.0	nifX	nifX|NC_011894|NC_011894_-_Symbiosis_Island|ref148	952	2	0	0	0.0000	0.0000	0.0000	0.1491	0.0000	5.4865	0.0000	0.0000	NOT_SUPPORTED
pct80_depth10	80.0	10.0	nifX	nifX|NC_011894|NC_011894_-_Symbiosis_Island|ref149	952	2	0	0	0.0000	0.0000	0.3150	0.0345	4.0650	3.4553	9.1187	0.0000	NOT_SUPPORTED
pct80_depth10	80.0	10.0	nifX	nifX|NC_014120|NC_014120_-_Symbiosis_Island|ref150	952	2	0	0	0.0000	0.0000	0.0000	0.0000	0.0000	0.0000	0.0000	0.0000	NOT_SUPPORTED
pct80_depth10	80.0	10.0	nifX	nifX|NC_015656|NC_015656_-_Symbiosis_Island|ref151	952	2	46	0	0.0483	0.0000	1.0206	0.3704	8.0247	2.0576	2.7558	0.0483	LOW_OR_LIMITED_SIGNAL
pct80_depth10	80.0	10.0	nifX	nifX|NC_015656|NC_015656_-_Symbiosis_Island|ref152	952	2	53	0	0.0557	0.0000	0.2105	0.0000	4.7619	0.0000	999999.0000	0.0557	LOW_OR_LIMITED_SIGNAL
pct80_depth10	80.0	10.0	nifX	nifX|NC_017249|NC_017249_-_Symbiosis_Island|ref153	952	2	248	2	0.2605	1.0000	5.7183	20.1850	62.3655	100.0000	0.2833	-0.7395	BIOLOGICAL_SIGNAL_BUT_MC_BACKGROUND
pct80_depth10	80.0	10.0	nifX	nifX|NC_017249|NC_017249_-_Symbiosis_Island|ref154	952	2	325	2	0.3414	1.0000	4.5543	12.9243	78.2828	100.0000	0.3524	-0.6586	BIOLOGICAL_SIGNAL_BUT_MC_BACKGROUND
pct80_depth10	80.0	10.0	nifX	nifX|NC_019848|NC_019848_-_Symbiosis_Island_2|ref155	952	2	65	0	0.0683	0.0000	0.0000	0.0000	0.0000	0.0000	0.0000	0.0683	LOW_OR_LIMITED_SIGNAL
pct80_depth10	80.0	10.0	nifX	nifX|NZ_CP141049|NZ_CP141049_-_Symbiosis_Island|ref156	952	2	65	0	0.0683	0.0000	0.2256	0.6952	4.6748	3.8618	0.3245	0.0683	LOW_OR_LIMITED_SIGNAL
pct80_depth10	80.0	10.0	nifX	nifX|NZ_CP141049|NZ_CP141049_-_Symbiosis_Island|ref157	952	2	231	0	0.2426	0.0000	1.8438	0.9062	58.6458	9.0625	2.0345	0.2426	PROMISING_MC_AWARE
pct80_depth10	80.0	10.0	nifX	nifX|NZ_HG938357|NZ_HG938357_-_Symbiosis_Island_2|ref158	952	2	0	0	0.0000	0.0000	0.0000	0.0000	0.0000	0.0000	0.0000	0.0000	NOT_SUPPORTED
pct80_depth10	80.0	10.0	nifZ	nifZ|CU633751|CU633751_-_Symbiosis_Island|ref159	952	2	12	0	0.0126	0.0000	0.0000	0.0000	0.0000	0.0000	0.0000	0.0126	LOW_OR_LIMITED_SIGNAL
pct80_depth10	80.0	10.0	nifZ	nifZ|NC_002678|NC_002678_-_Symbiosis_Island_1|ref160	952	2	34	0	0.0357	0.0000	0.3272	0.0000	6.7278	0.0000	999999.0000	0.0357	LOW_OR_LIMITED_SIGNAL
pct80_depth10	80.0	10.0	nifZ	nifZ|NC_007777|NC_007777_-_Symbiosis_Island|ref161	952	2	0	0	0.0000	0.0000	0.3055	0.0000	5.2778	0.0000	999999.0000	0.0000	NOT_SUPPORTED
pct80_depth10	80.0	10.0	nifZ	nifZ|NC_008278|NC_008278_-_Symbiosis_Island|ref162	952	2	62	0	0.0651	0.0000	2.4331	5.2534	27.8034	49.6928	0.4632	0.0651	LOW_OR_LIMITED_SIGNAL
pct80_depth10	80.0	10.0	nifZ	nifZ|NC_009937|NC_009937_-_Symbiosis_Island_2|ref163	952	2	37	0	0.0389	0.0000	1.2173	0.7876	15.6863	39.7059	1.5456	0.0389	LOW_OR_LIMITED_SIGNAL
pct80_depth10	80.0	10.0	nifZ	nifZ|NC_009937|NC_009937_-_Symbiosis_Island_2|ref164	952	2	0	0	0.0000	0.0000	0.0000	0.0000	0.0000	0.0000	0.0000	0.0000	NOT_SUPPORTED
pct80_depth10	80.0	10.0	nifZ	nifZ|NC_011894|NC_011894_-_Symbiosis_Island_2|ref165	952	2	0	0	0.0000	0.0000	0.0000	0.2483	0.0000	3.1046	0.0000	0.0000	NOT_SUPPORTED
pct80_depth10	80.0	10.0	nifZ	nifZ|NC_014120|NC_014120_-_Symbiosis_Island_2|ref166	952	2	0	0	0.0000	0.0000	0.0000	0.0828	0.0000	4.1402	0.0000	0.0000	NOT_SUPPORTED
pct80_depth10	80.0	10.0	nifZ	nifZ|NC_015656|NC_015656_-_Symbiosis_Island|ref167	952	2	39	0	0.0410	0.0000	0.0000	0.0000	0.0000	0.0000	0.0000	0.0410	LOW_OR_LIMITED_SIGNAL
pct80_depth10	80.0	10.0	nifZ	nifZ|NC_017249|NC_017249_-_Symbiosis_Island|ref168	952	2	416	1	0.4370	0.5000	75.8778	11.2317	81.2698	100.0000	6.7557	-0.0630	BIOLOGICAL_SIGNAL_BUT_MC_BACKGROUND
pct80_depth10	80.0	10.0	nifZ	nifZ|NZ_CP141049|NZ_CP141049_-_Symbiosis_Island_2|ref169	952	2	210	0	0.2206	0.0000	1.6345	0.5795	60.2447	14.6789	2.8206	0.2206	PROMISING_MC_AWARE
pct80_depth10	80.0	10.0	nodA	nodA|CU633751|CU633751_-_Symbiosis_Island|ref170	952	2	8	0	0.0084	0.0000	0.0000	0.0000	0.0000	0.0000	0.0000	0.0084	LOW_OR_LIMITED_SIGNAL
pct80_depth10	80.0	10.0	nodA	nodA|NC_002678|NC_002678_-_Symbiosis_Island_4|ref171	952	2	0	0	0.0000	0.0000	0.1684	0.0320	6.4815	1.5994	5.2625	0.0000	NOT_SUPPORTED
pct80_depth10	80.0	10.0	nodA	nodA|NC_009937|NC_009937_-_Symbiosis_Island|ref172	952	2	0	0	0.0000	0.0000	0.0000	0.0000	0.0000	0.0000	0.0000	0.0000	NOT_SUPPORTED
pct80_depth10	80.0	10.0	nodA	nodA|NC_011894|NC_011894_-_Symbiosis_Island_3|ref173	952	2	1	0	0.0011	0.0000	0.1860	0.0000	6.9767	0.0000	999999.0000	0.0011	LOW_OR_LIMITED_SIGNAL
pct80_depth10	80.0	10.0	nodA	nodA|NC_012848|NC_012848_-_Symbiosis_Island|ref174	952	2	50	0	0.0525	0.0000	0.1929	0.0000	3.3841	0.0000	999999.0000	0.0525	LOW_OR_LIMITED_SIGNAL
pct80_depth10	80.0	10.0	nodA	nodA|NC_014120|NC_014120_-_Symbiosis_Island_4|ref175	952	2	0	0	0.0000	0.0000	0.0000	0.0000	0.0000	0.0000	0.0000	0.0000	NOT_SUPPORTED
pct80_depth10	80.0	10.0	nodA	nodA|NC_015656|NC_015656_-_Symbiosis_Island_2|ref176	952	2	73	0	0.0767	0.0000	0.0000	0.0000	0.0000	0.0000	0.0000	0.0767	LOW_OR_LIMITED_SIGNAL
pct80_depth10	80.0	10.0	nodA	nodA|NC_017249|NC_017249_-_Symbiosis_Island_2|ref177	952	2	270	1	0.2836	0.5000	8.7275	15.4866	66.6667	100.0000	0.5635	-0.2164	BIOLOGICAL_SIGNAL_BUT_MC_BACKGROUND
pct80_depth10	80.0	10.0	nodA	nodA|NC_019848|NC_019848_-_Symbiosis_Island_4|ref178	952	2	88	0	0.0924	0.0000	0.0000	0.0000	0.0000	0.0000	0.0000	0.0924	LOW_OR_LIMITED_SIGNAL
pct80_depth10	80.0	10.0	nodA	nodA|NZ_CP141049|NZ_CP141049_-_Symbiosis_Island_3|ref179	952	2	8	0	0.0084	0.0000	0.0881	0.0000	3.1746	0.0000	999999.0000	0.0084	LOW_OR_LIMITED_SIGNAL
pct80_depth10	80.0	10.0	nodA	nodA|NZ_HG938357|NZ_HG938357_-_Symbiosis_Island_2|ref180	952	2	0	0	0.0000	0.0000	0.0000	0.0000	0.0000	0.0000	0.0000	0.0000	NOT_SUPPORTED
pct80_depth10	80.0	10.0	nodB	nodB|CU633751|CU633751_-_Symbiosis_Island|ref181	952	2	20	0	0.0210	0.0000	0.0000	0.0000	0.0000	0.0000	0.0000	0.0210	LOW_OR_LIMITED_SIGNAL
pct80_depth10	80.0	10.0	nodB	nodB|NC_002678|NC_002678_-_nodB_CDS|ref182	952	2	10	0	0.0105	0.0000	0.0000	0.0000	0.0000	0.0000	0.0000	0.0105	LOW_OR_LIMITED_SIGNAL
pct80_depth10	80.0	10.0	nodB	nodB|NC_011894|NC_011894_-_Symbiosis_Island_3|ref183	952	2	2	0	0.0021	0.0000	0.3136	0.3250	9.6212	17.7273	0.9651	0.0021	LOW_OR_LIMITED_SIGNAL
pct80_depth10	80.0	10.0	nodB	nodB|NC_012848|NC_012848_-_Symbiosis_Island|ref184	952	2	52	0	0.0546	0.0000	0.0610	0.2347	2.9734	17.3709	0.2599	0.0546	LOW_OR_LIMITED_SIGNAL
pct80_depth10	80.0	10.0	nodB	nodB|NC_014120|NC_014120_-_Symbiosis_Island_4|ref185	952	2	0	0	0.0000	0.0000	0.0000	0.0000	0.0000	0.0000	0.0000	0.0000	NOT_SUPPORTED
pct80_depth10	80.0	10.0	nodB	nodB|NC_015656|NC_015656_-_Symbiosis_Island_2|ref186	952	2	76	0	0.0798	0.0000	0.0000	0.1596	0.0000	1.3305	0.0000	0.0798	LOW_OR_LIMITED_SIGNAL
pct80_depth10	80.0	10.0	nodB	nodB|NC_015656|NC_015656_-_Symbiosis_Island_3|ref187	952	2	63	0	0.0662	0.0000	0.0892	0.0000	2.2300	0.0000	999999.0000	0.0662	LOW_OR_LIMITED_SIGNAL
pct80_depth10	80.0	10.0	nodB	nodB|NC_017249|NC_017249_-_Symbiosis_Island_2|ref188	952	2	260	2	0.2731	1.0000	8.5666	22.9197	67.5758	100.0000	0.3738	-0.7269	BIOLOGICAL_SIGNAL_BUT_MC_BACKGROUND
pct80_depth10	80.0	10.0	nodB	nodB|NC_019848|NC_019848_-_Symbiosis_Island_4|ref189	952	2	89	0	0.0935	0.0000	0.0000	0.0000	0.0000	0.0000	0.0000	0.0935	LOW_OR_LIMITED_SIGNAL
pct80_depth10	80.0	10.0	nodB	nodB|NZ_CP141049|NZ_CP141049_-_Symbiosis_Island_3|ref190	952	2	4	0	0.0042	0.0000	0.2394	0.1182	8.1818	5.9091	2.0254	0.0042	LOW_OR_LIMITED_SIGNAL
pct80_depth10	80.0	10.0	nodB	nodB|NZ_HG938357|NZ_HG938357_-_Symbiosis_Island_2|ref191	952	2	0	0	0.0000	0.0000	0.0000	0.0000	0.0000	0.0000	0.0000	0.0000	NOT_SUPPORTED
pct80_depth10	80.0	10.0	nodC	nodC|CU633751|CU633751_-_Symbiosis_Island|ref192	952	2	13	0	0.0137	0.0000	0.0000	0.0000	0.0000	0.0000	0.0000	0.0137	LOW_OR_LIMITED_SIGNAL
pct80_depth10	80.0	10.0	nodC	nodC|NC_002678|NC_002678_-_Symbiosis_Island_4|ref193	952	2	0	0	0.0000	0.0000	0.3475	0.1043	9.8039	5.4117	3.3313	0.0000	NOT_SUPPORTED
pct80_depth10	80.0	10.0	nodC	nodC|NC_009937|NC_009937_-_Symbiosis_Island|ref194	952	2	0	0	0.0000	0.0000	0.0000	0.0000	0.0000	0.0000	0.0000	0.0000	NOT_SUPPORTED
pct80_depth10	80.0	10.0	nodC	nodC|NC_011894|NC_011894_-_Symbiosis_Island_3|ref195	952	2	0	0	0.0000	0.0000	7.2399	0.1918	23.4020	12.2337	37.7570	0.0000	NOT_SUPPORTED
pct80_depth10	80.0	10.0	nodC	nodC|NC_012848|NC_012848_-_Symbiosis_Island|ref196	952	2	62	0	0.0651	0.0000	0.6522	0.2616	7.5722	2.8103	2.4936	0.0651	LOW_OR_LIMITED_SIGNAL
pct80_depth10	80.0	10.0	nodC	nodC|NC_014120|NC_014120_-_Symbiosis_Island_4|ref197	952	2	0	0	0.0000	0.0000	0.0993	0.0357	1.9345	0.2232	2.7829	0.0000	NOT_SUPPORTED
pct80_depth10	80.0	10.0	nodC	nodC|NC_015656|NC_015656_-_Symbiosis_Island_3|ref198	952	2	87	0	0.0914	0.0000	0.3714	0.1028	4.3759	2.2450	3.6146	0.0914	LOW_OR_LIMITED_SIGNAL
pct80_depth10	80.0	10.0	nodC	nodC|NC_017249|NC_017249_-_Symbiosis_Island_2|ref199	952	2	280	2	0.2941	1.0000	29.7473	19.7164	67.4554	100.0000	1.5088	-0.7059	BIOLOGICAL_SIGNAL_BUT_MC_BACKGROUND
pct80_depth10	80.0	10.0	nodC	nodC|NC_019848|NC_019848_-_Symbiosis_Island_4|ref200	952	2	120	0	0.1261	0.0000	2.3321	0.0640	15.5347	3.2006	36.4398	0.1261	PROMISING_MC_AWARE
pct80_depth10	80.0	10.0	nodC	nodC|NZ_CP141049|NZ_CP141049_-_Symbiosis_Island_3|ref201	952	2	10	0	0.0105	0.0000	6.3139	0.2165	29.5171	21.0281	29.1565	0.0105	LOW_OR_LIMITED_SIGNAL
pct80_depth10	80.0	10.0	nodC	nodC|NZ_HG938357|NZ_HG938357_-_Symbiosis_Island_2|ref202	952	2	0	0	0.0000	0.0000	0.0000	0.0457	0.0000	1.5361	0.0000	0.0000	NOT_SUPPORTED
pct80_depth10	80.0	10.0	nodD	nodD|CU633751|CU633751_-_Symbiosis_Island|ref203	952	2	12	0	0.0126	0.0000	0.0000	0.0000	0.0000	0.0000	0.0000	0.0126	LOW_OR_LIMITED_SIGNAL
pct80_depth10	80.0	10.0	nodH	nodH|CU633751|CU633751_-_Symbiosis_Island|ref204	952	2	12	0	0.0126	0.0000	0.0000	0.0000	0.0000	0.0000	0.0000	0.0126	LOW_OR_LIMITED_SIGNAL
pct80_depth10	80.0	10.0	nodI	nodI|CU633751|CU633751_-_Symbiosis_Island|ref205	952	2	14	0	0.0147	0.0000	0.0415	0.0000	2.0765	0.0000	999999.0000	0.0147	LOW_OR_LIMITED_SIGNAL
pct80_depth10	80.0	10.0	nodI	nodI|NC_002678|NC_002678_-_Symbiosis_Island_4|ref206	952	2	8	0	0.0084	0.0000	18.7972	1.3532	38.2267	7.2675	13.8910	0.0084	LOW_OR_LIMITED_SIGNAL
pct80_depth10	80.0	10.0	nodI	nodI|NC_011894|NC_011894_-_Symbiosis_Island_3|ref207	952	2	136	0	0.1429	0.0000	12.1535	1.7273	49.9454	31.9672	7.0360	0.1429	PROMISING_MC_AWARE
pct80_depth10	80.0	10.0	nodI	nodI|NC_012848|NC_012848_-_Symbiosis_Island|ref208	952	2	24	0	0.0252	0.0000	0.0578	0.0000	1.9436	0.0000	999999.0000	0.0252	LOW_OR_LIMITED_SIGNAL
pct80_depth10	80.0	10.0	nodI	nodI|NC_014120|NC_014120_-_Symbiosis_Island_4|ref209	952	2	0	0	0.0000	0.0000	0.0886	0.0000	2.2155	0.0000	999999.0000	0.0000	NOT_SUPPORTED
pct80_depth10	80.0	10.0	nodI	nodI|NC_017249|NC_017249_-_Symbiosis_Island_2|ref210	952	2	466	2	0.4895	1.0000	47.7921	22.0928	87.4050	100.0000	2.1632	-0.5105	BIOLOGICAL_SIGNAL_BUT_MC_BACKGROUND
pct80_depth10	80.0	10.0	nodI	nodI|NC_019848|NC_019848_-_Symbiosis_Island_4|ref211	952	2	96	0	0.1008	0.0000	0.6826	0.0000	8.8015	0.0000	999999.0000	0.1008	PROMISING_MC_AWARE
pct80_depth10	80.0	10.0	nodI	nodI|NZ_CP141049|NZ_CP141049_-_Symbiosis_Island_3|ref212	952	2	61	0	0.0641	0.0000	5.9901	1.5347	30.5556	13.6905	3.9031	0.0641	LOW_OR_LIMITED_SIGNAL
pct80_depth10	80.0	10.0	nodI	nodI|NZ_HG938357|NZ_HG938357_-_Symbiosis_Island_2|ref213	952	2	0	0	0.0000	0.0000	0.0747	0.0000	1.8199	0.0000	999999.0000	0.0000	NOT_SUPPORTED
pct80_depth10	80.0	10.0	nodJ	nodJ|CU633751|CU633751_-_Symbiosis_Island|ref214	952	2	9	0	0.0095	0.0000	0.0000	0.0000	0.0000	0.0000	0.0000	0.0095	LOW_OR_LIMITED_SIGNAL
pct80_depth10	80.0	10.0	nodL	nodL|NC_019848|NC_019848_-_Symbiosis_Island_5|ref215	952	2	109	0	0.1145	0.0000	1.4973	0.0000	11.7754	0.0000	999999.0000	0.1145	PROMISING_MC_AWARE
pct80_depth10	80.0	10.0	nodQ	nodQ|CU633751|CU633751_-_Symbiosis_Island|ref216	952	2	8	0	0.0084	0.0000	0.0000	1.0766	0.0000	3.1667	0.0000	0.0084	LOW_OR_LIMITED_SIGNAL
pct80_depth10	80.0	10.0	nodQ	nodQ|NC_019848|NC_019848_-_Symbiosis_Island_4|ref217	952	2	208	0	0.2185	0.0000	159.4862	4.4348	35.2803	31.7497	35.9620	0.2185	PROMISING_MC_AWARE
pct80_depth10	80.0	10.0	nodS	nodS|CU633751|CU633751_-_Symbiosis_Island|ref218	952	2	9	0	0.0095	0.0000	0.0000	0.0000	0.0000	0.0000	0.0000	0.0095	LOW_OR_LIMITED_SIGNAL
pct80_depth10	80.0	10.0	nodS	nodS|NC_002678|NC_002678_-_Symbiosis_Island_4|ref219	952	2	4	0	0.0042	0.0000	0.0000	0.0000	0.0000	0.0000	0.0000	0.0042	LOW_OR_LIMITED_SIGNAL
pct80_depth10	80.0	10.0	nodS	nodS|NC_014120|NC_014120_-_Symbiosis_Island_4|ref220	952	2	0	0	0.0000	0.0000	0.0000	0.0000	0.0000	0.0000	0.0000	0.0000	NOT_SUPPORTED
pct80_depth10	80.0	10.0	nodS	nodS|NC_017249|NC_017249_-_Symbiosis_Island_2|ref221	952	2	205	2	0.2153	1.0000	2.5785	14.1365	55.8730	100.0000	0.1824	-0.7847	BIOLOGICAL_SIGNAL_BUT_MC_BACKGROUND
pct80_depth10	80.0	10.0	nodU	nodU|CU633751|CU633751_-_Symbiosis_Island|ref222	952	2	15	0	0.0158	0.0000	0.0453	0.0000	1.4518	0.0000	999999.0000	0.0158	LOW_OR_LIMITED_SIGNAL
pct80_depth10	80.0	10.0	nodU	nodU|NC_009937|NC_009937_-_Symbiosis_Island|ref223	952	2	0	0	0.0000	0.0000	0.0000	0.0000	0.0000	0.0000	0.0000	0.0000	NOT_SUPPORTED
pct80_depth10	80.0	10.0	nodU	nodU|NC_014120|NC_014120_-_Symbiosis_Island_4|ref224	952	2	0	0	0.0000	0.0000	0.3419	0.0621	3.4078	2.4628	5.5012	0.0000	NOT_SUPPORTED
pct80_depth10	80.0	10.0	nodU	nodU|NC_017249|NC_017249_-_Symbiosis_Island_2|ref225	952	2	427	2	0.4485	1.0000	21.0868	20.6076	84.2982	100.0000	1.0233	-0.5515	BIOLOGICAL_SIGNAL_BUT_MC_BACKGROUND
pct80_depth10	80.0	10.0	nodU	nodU|NZ_HG938357|NZ_HG938357_-_Symbiosis_Island|ref226	952	2	0	0	0.0000	0.0000	0.0736	0.0000	1.2259	0.0000	999999.0000	0.0000	NOT_SUPPORTED
pct80_depth10	80.0	10.0	nodX	nodX|NC_012848|NC_012848_-_nodX_CDS|ref227	952	2	53	0	0.0557	0.0000	0.0000	0.0000	0.0000	0.0000	0.0000	0.0557	LOW_OR_LIMITED_SIGNAL
pct80_depth10	80.0	10.0	nodZ	nodZ|NC_002678|NC_002678_-_nodulation_protein_NodZ_CDS|ref228	952	2	0	0	0.0000	0.0000	0.0000	0.1414	0.0000	9.6969	0.0000	0.0000	NOT_SUPPORTED
pct80_depth10	80.0	10.0	nodZ	nodZ|NC_002678|NC_002678_-_nodulation_protein_NodZ_CDS|ref229	952	2	0	0	0.0000	0.0000	0.0000	0.0000	0.0000	0.0000	0.0000	0.0000	NOT_SUPPORTED
pct80_depth10	80.0	10.0	nodZ	nodZ|NC_009937|NC_009937_-_Symbiosis_Island|ref230	952	2	0	0	0.0000	0.0000	0.0000	0.0000	0.0000	0.0000	0.0000	0.0000	NOT_SUPPORTED
pct80_depth10	80.0	10.0	nodZ	nodZ|NC_017249|NC_017249_-_Symbiosis_Island_2|ref231	952	2	329	2	0.3456	1.0000	8.3594	17.8454	77.7179	100.0000	0.4684	-0.6544	BIOLOGICAL_SIGNAL_BUT_MC_BACKGROUND
pct70_depth10	70.0	10.0	nifA	nifA|CU633751|CU633751_-_Symbiosis_Island|ref1	952	2	12	0	0.0126	0.0000	0.8407	6.4283	2.3897	5.7291	0.1308	0.0126	LOW_OR_LIMITED_SIGNAL
pct70_depth10	70.0	10.0	nifA	nifA|NC_002678|NC_002678_-_Symbiosis_Island_1|ref2	952	2	13	0	0.0137	0.0000	1.5783	22.4554	6.8143	8.7451	0.0703	0.0137	LOW_OR_LIMITED_SIGNAL
pct70_depth10	70.0	10.0	nifA	nifA|NC_002678|NC_002678_-_nifA_CDS|ref3	952	2	49	0	0.0515	0.0000	45.6949	19.3573	45.6003	22.0571	2.3606	0.0515	LOW_OR_LIMITED_SIGNAL
pct70_depth10	70.0	10.0	nifA	nifA|NC_009937|NC_009937_-_nifA_CDS|ref4	952	2	38	0	0.0399	0.0000	31.5519	164.3573	16.8397	36.8224	0.1920	0.0399	LOW_OR_LIMITED_SIGNAL
pct70_depth10	70.0	10.0	nifA	nifA|NC_011894|NC_011894_-_Symbiosis_Island_2|ref5	952	2	0	0	0.0000	0.0000	12.5928	67.2536	13.1111	11.9167	0.1872	0.0000	NOT_SUPPORTED
pct70_depth10	70.0	10.0	nifA	nifA|NC_012848|NC_012848_-_Symbiosis_Island|ref6	952	2	39	0	0.0410	0.0000	1.6875	0.1385	6.2789	10.2032	12.1838	0.0410	LOW_OR_LIMITED_SIGNAL
pct70_depth10	70.0	10.0	nifA	nifA|NC_014120|NC_014120_-_Symbiosis_Island|ref7	952	2	0	0	0.0000	0.0000	4.4724	49.8081	7.8931	7.5895	0.0898	0.0000	NOT_SUPPORTED
pct70_depth10	70.0	10.0	nifA	nifA|NC_017249|NC_017249_-_Symbiosis_Island_2|ref8	952	2	230	1	0.2416	0.5000	20.5446	12.3715	59.4609	95.6821	1.6606	-0.2584	BIOLOGICAL_SIGNAL_BUT_MC_BACKGROUND
pct70_depth10	70.0	10.0	nifA	nifA|NC_019848|NC_019848_-_Symbiosis_Island_3|ref9	952	2	72	0	0.0756	0.0000	0.1304	0.0000	1.5682	0.0000	999999.0000	0.0756	LOW_OR_LIMITED_SIGNAL
pct70_depth10	70.0	10.0	nifA	nifA|NZ_CP141049|NZ_CP141049_-_Symbiosis_Island_2|ref10	952	2	111	0	0.1166	0.0000	2.7171	1.1068	36.9322	26.8437	2.4549	0.1166	PROMISING_MC_AWARE
pct70_depth10	70.0	10.0	nifA	nifA|NZ_HG938357|NZ_HG938357_-_Symbiosis_Island|ref11	952	2	0	0	0.0000	0.0000	0.0375	0.0000	1.2300	0.0000	999999.0000	0.0000	NOT_SUPPORTED
pct70_depth10	70.0	10.0	nifB	nifB|CU633751|CU633751_-_Symbiosis_Island|ref12	952	2	13	0	0.0137	0.0000	0.1011	0.6008	3.7850	0.6680	0.1683	0.0137	LOW_OR_LIMITED_SIGNAL
pct70_depth10	70.0	10.0	nifB	nifB|NC_002678|NC_002678_-_Symbiosis_Island_1|ref13	952	2	104	0	0.1092	0.0000	2.0716	0.1134	24.8313	8.0972	18.2757	0.1092	PROMISING_MC_AWARE
pct70_depth10	70.0	10.0	nifB	nifB|NC_007777|NC_007777_-_Symbiosis_Island|ref14	952	2	26	0	0.0273	0.0000	2.7393	0.1689	13.4785	6.9129	16.2182	0.0273	LOW_OR_LIMITED_SIGNAL
pct70_depth10	70.0	10.0	nifB	nifB|NC_008278|NC_008278_-_Symbiosis_Island|ref15	952	2	343	2	0.3603	1.0000	8.5657	31.8777	70.5502	93.9806	0.2687	-0.6397	BIOLOGICAL_SIGNAL_BUT_MC_BACKGROUND
pct70_depth10	70.0	10.0	nifB	nifB|NC_009937|NC_009937_-_Symbiosis_Island_2|ref16	952	2	497	0	0.5221	0.0000	169.9189	3.9792	73.1731	73.4295	42.7018	0.5221	PROMISING_MC_AWARE
pct70_depth10	70.0	10.0	nifB	nifB|NC_011894|NC_011894_-_Symbiosis_Island_2|ref17	952	2	0	0	0.0000	0.0000	1.5181	0.2665	8.7508	2.1042	5.6962	0.0000	NOT_SUPPORTED
pct70_depth10	70.0	10.0	nifB	nifB|NC_012848|NC_012848_-_Symbiosis_Island|ref18	952	2	44	0	0.0462	0.0000	0.0197	0.0000	1.2899	0.0000	999999.0000	0.0462	LOW_OR_LIMITED_SIGNAL
pct70_depth10	70.0	10.0	nifB	nifB|NC_014120|NC_014120_-_Symbiosis_Island_2|ref19	952	2	0	0	0.0000	0.0000	0.1676	1.5916	1.7824	3.6585	0.1053	0.0000	NOT_SUPPORTED
pct70_depth10	70.0	10.0	nifB	nifB|NC_015656|NC_015656_-_Symbiosis_Island|ref20	952	2	54	0	0.0567	0.0000	1.6929	0.0226	10.5546	0.5665	74.7417	0.0567	LOW_OR_LIMITED_SIGNAL
pct70_depth10	70.0	10.0	nifB	nifB|NC_017249|NC_017249_-_Symbiosis_Island|ref21	952	2	483	2	0.5074	1.0000	41.0580	16.7630	80.3333	98.8333	2.4493	-0.4926	BIOLOGICAL_SIGNAL_BUT_MC_BACKGROUND
pct70_depth10	70.0	10.0	nifB	nifB|NC_019848|NC_019848_-_Symbiosis_Island_3|ref22	952	2	88	0	0.0924	0.0000	0.3883	0.0258	4.9898	0.6450	15.0504	0.0924	LOW_OR_LIMITED_SIGNAL
pct70_depth10	70.0	10.0	nifB	nifB|NZ_CP141049|NZ_CP141049_-_Symbiosis_Island_2|ref23	952	2	265	0	0.2784	0.0000	7.0793	1.8344	51.8218	39.4736	3.8593	0.2784	PROMISING_MC_AWARE
pct70_depth10	70.0	10.0	nifB	nifB|NZ_HG938357|NZ_HG938357_-_Symbiosis_Island|ref24	952	2	0	0	0.0000	0.0000	0.0000	0.0000	0.0000	0.0000	0.0000	0.0000	NOT_SUPPORTED
pct70_depth10	70.0	10.0	nifD	nifD|CU633751|CU633751_-_Symbiosis_Island|ref25	952	2	15	0	0.0158	0.0000	0.0000	0.0000	0.0000	0.0000	0.0000	0.0158	LOW_OR_LIMITED_SIGNAL
pct70_depth10	70.0	10.0	nifD	nifD|NC_002678|NC_002678_-_Symbiosis_Island_3|ref26	952	2	143	0	0.1502	0.0000	6.4070	0.6109	34.5950	28.7185	10.4878	0.1502	PROMISING_MC_AWARE
pct70_depth10	70.0	10.0	nifD	nifD|NC_007777|NC_007777_-_Symbiosis_Island|ref27	952	2	119	0	0.1250	0.0000	1.2348	0.5058	15.4688	13.5181	2.4413	0.1250	PROMISING_MC_AWARE
pct70_depth10	70.0	10.0	nifD	nifD|NC_008278|NC_008278_-_Symbiosis_Island|ref28	952	2	453	2	0.4758	1.0000	11.8501	56.6106	96.8514	100.0000	0.2093	-0.5242	BIOLOGICAL_SIGNAL_BUT_MC_BACKGROUND
pct70_depth10	70.0	10.0	nifD	nifD|NC_009937|NC_009937_-_Symbiosis_Island_4|ref29	952	2	733	1	0.7700	0.5000	218.4914	6.8124	92.7478	90.6188	32.0728	0.2700	BIOLOGICAL_SIGNAL_BUT_MC_BACKGROUND
pct70_depth10	70.0	10.0	nifD	nifD|NC_011894|NC_011894_-_Symbiosis_Island|ref30	952	2	6	0	0.0063	0.0000	5.5560	0.1235	19.6640	6.3241	44.9879	0.0063	LOW_OR_LIMITED_SIGNAL
pct70_depth10	70.0	10.0	nifD	nifD|NC_012848|NC_012848_-_Symbiosis_Island_2|ref31	952	2	48	0	0.0504	0.0000	0.3516	0.0172	2.5132	0.8598	20.4390	0.0504	LOW_OR_LIMITED_SIGNAL
pct70_depth10	70.0	10.0	nifD	nifD|NC_014120|NC_014120_-_Symbiosis_Island_3|ref32	952	2	11	0	0.0116	0.0000	0.9781	0.4248	14.8566	2.0150	2.3023	0.0116	LOW_OR_LIMITED_SIGNAL
pct70_depth10	70.0	10.0	nifD	nifD|NC_015656|NC_015656_-_Symbiosis_Island|ref33	952	2	116	0	0.1218	0.0000	1.3953	1.3358	8.6291	3.8622	1.0445	0.1218	PROMISING_MC_AWARE
pct70_depth10	70.0	10.0	nifD	nifD|NC_017249|NC_017249_-_Symbiosis_Island|ref34	952	2	662	2	0.6954	1.0000	80.4780	27.4784	100.0000	100.0000	2.9288	-0.3046	BIOLOGICAL_SIGNAL_BUT_MC_BACKGROUND
pct70_depth10	70.0	10.0	nifD	nifD|NC_019848|NC_019848_-_Symbiosis_Island_2|ref35	952	2	131	0	0.1376	0.0000	3.5496	0.0549	18.9621	2.6946	64.6557	0.1376	PROMISING_MC_AWARE
pct70_depth10	70.0	10.0	nifD	nifD|NZ_CP141049|NZ_CP141049_-_Symbiosis_Island|ref36	952	2	420	0	0.4412	0.0000	18.1427	1.6095	76.8131	61.6102	11.2726	0.4412	PROMISING_MC_AWARE
pct70_depth10	70.0	10.0	nifD	nifD|NZ_HG938357|NZ_HG938357_-_Symbiosis_Island_2|ref37	952	2	0	0	0.0000	0.0000	0.1734	0.0180	3.9333	1.8000	9.6306	0.0000	NOT_SUPPORTED
pct70_depth10	70.0	10.0	nifE	nifE|CU633751|CU633751_-_Symbiosis_Island|ref38	952	2	12	0	0.0126	0.0000	0.0000	0.0000	0.0000	0.0000	0.0000	0.0126	LOW_OR_LIMITED_SIGNAL
pct70_depth10	70.0	10.0	nifE	nifE|NC_002678|NC_002678_-_Symbiosis_Island_3|ref39	952	2	122	0	0.1282	0.0000	1.1053	0.1442	16.5996	3.3870	7.6650	0.1282	PROMISING_MC_AWARE
pct70_depth10	70.0	10.0	nifE	nifE|NC_007777|NC_007777_-_Symbiosis_Island|ref40	952	2	18	0	0.0189	0.0000	0.5580	1.1579	4.9234	2.2611	0.4819	0.0189	LOW_OR_LIMITED_SIGNAL
pct70_depth10	70.0	10.0	nifE	nifE|NC_008278|NC_008278_-_Symbiosis_Island|ref41	952	2	317	2	0.3330	1.0000	6.9639	30.4584	78.9570	100.0000	0.2286	-0.6670	BIOLOGICAL_SIGNAL_BUT_MC_BACKGROUND
pct70_depth10	70.0	10.0	nifE	nifE|NC_009937|NC_009937_-_Symbiosis_Island_4|ref42	952	2	339	0	0.3561	0.0000	45.3987	1.4581	59.5960	41.7112	31.1355	0.3561	PROMISING_MC_AWARE
pct70_depth10	70.0	10.0	nifE	nifE|NC_011894|NC_011894_-_Symbiosis_Island|ref43	952	2	0	0	0.0000	0.0000	1.3255	0.0132	8.2183	0.6574	100.7947	0.0000	NOT_SUPPORTED
pct70_depth10	70.0	10.0	nifE	nifE|NC_012848|NC_012848_-_Symbiosis_Island_2|ref44	952	2	49	0	0.0515	0.0000	0.0984	0.0000	1.4206	0.0000	999999.0000	0.0515	LOW_OR_LIMITED_SIGNAL
pct70_depth10	70.0	10.0	nifE	nifE|NC_014120|NC_014120_-_Symbiosis_Island|ref45	952	2	0	0	0.0000	0.0000	0.0000	0.0000	0.0000	0.0000	0.0000	0.0000	NOT_SUPPORTED
pct70_depth10	70.0	10.0	nifE	nifE|NC_015656|NC_015656_-_Symbiosis_Island|ref46	952	2	66	0	0.0693	0.0000	1.4746	1.6125	7.4790	5.5448	0.9144	0.0693	LOW_OR_LIMITED_SIGNAL
pct70_depth10	70.0	10.0	nifE	nifE|NC_017249|NC_017249_-_Symbiosis_Island|ref47	952	2	546	2	0.5735	1.0000	63.1092	19.6253	86.5572	99.5438	3.2157	-0.4265	BIOLOGICAL_SIGNAL_BUT_MC_BACKGROUND
pct70_depth10	70.0	10.0	nifE	nifE|NC_019848|NC_019848_-_Symbiosis_Island_2|ref48	952	2	89	0	0.0935	0.0000	1.3211	0.0000	3.7736	0.0000	999999.0000	0.0935	LOW_OR_LIMITED_SIGNAL
pct70_depth10	70.0	10.0	nifE	nifE|NZ_CP141049|NZ_CP141049_-_Symbiosis_Island|ref49	952	2	316	0	0.3319	0.0000	8.1331	2.2676	67.0691	68.1087	3.5867	0.3319	PROMISING_MC_AWARE
pct70_depth10	70.0	10.0	nifE	nifE|NZ_HG938357|NZ_HG938357_-_Symbiosis_Island_2|ref50	952	2	0	0	0.0000	0.0000	0.1079	0.0000	1.7470	0.0000	999999.0000	0.0000	NOT_SUPPORTED
pct70_depth10	70.0	10.0	nifH	nifH|CU633751|CU633751_-_Symbiosis_Island|ref51	952	2	20	0	0.0210	0.0000	0.0578	0.0000	2.2676	0.0000	999999.0000	0.0210	LOW_OR_LIMITED_SIGNAL
pct70_depth10	70.0	10.0	nifH	nifH|NC_002678|NC_002678_-_Symbiosis_Island_3|ref52	952	2	311	0	0.3267	0.0000	31.7752	0.7673	60.2349	54.0268	41.4089	0.3267	PROMISING_MC_AWARE
pct70_depth10	70.0	10.0	nifH	nifH|NC_007777|NC_007777_-_Symbiosis_Island|ref53	952	2	160	0	0.1681	0.0000	2.2141	6.0591	35.2430	45.8333	0.3654	0.1681	LOW_OR_LIMITED_SIGNAL
pct70_depth10	70.0	10.0	nifH	nifH|NC_008278|NC_008278_-_Symbiosis_Island|ref54	952	2	458	2	0.4811	1.0000	12.5700	62.5857	98.4954	100.0000	0.2008	-0.5189	BIOLOGICAL_SIGNAL_BUT_MC_BACKGROUND
pct70_depth10	70.0	10.0	nifH	nifH|NC_009937|NC_009937_-_Symbiosis_Island_3|ref55	952	2	670	1	0.7038	0.5000	154.6779	5.9562	88.6644	70.9316	25.9692	0.2038	BIOLOGICAL_SIGNAL_BUT_MC_BACKGROUND
pct70_depth10	70.0	10.0	nifH	nifH|NC_009937|NC_009937_-_Symbiosis_Island_4|ref56	952	2	722	0	0.7584	0.0000	292.2009	5.1874	90.4602	86.6442	56.3290	0.7584	PROMISING_MC_AWARE
pct70_depth10	70.0	10.0	nifH	nifH|NC_011894|NC_011894_-_Symbiosis_Island|ref57	952	2	17	0	0.0179	0.0000	9.7144	1.5267	34.1111	26.6667	6.3630	0.0179	LOW_OR_LIMITED_SIGNAL
pct70_depth10	70.0	10.0	nifH	nifH|NC_012848|NC_012848_-_Symbiosis_Island_2|ref58	952	2	50	0	0.0525	0.0000	0.1357	0.0000	3.6036	0.0000	999999.0000	0.0525	LOW_OR_LIMITED_SIGNAL
pct70_depth10	70.0	10.0	nifH	nifH|NC_014120|NC_014120_-_Symbiosis_Island_3|ref59	952	2	20	0	0.0210	0.0000	0.5374	0.0000	9.6372	0.0000	999999.0000	0.0210	LOW_OR_LIMITED_SIGNAL
pct70_depth10	70.0	10.0	nifH	nifH|NC_015656|NC_015656_-_Symbiosis_Island|ref60	952	2	134	0	0.1408	0.0000	0.6993	0.0000	11.2829	0.0000	999999.0000	0.1408	PROMISING_MC_AWARE
pct70_depth10	70.0	10.0	nifH	nifH|NC_017249|NC_017249_-_Symbiosis_Island|ref61	952	2	671	2	0.7048	1.0000	126.4288	30.6570	100.0000	100.0000	4.1240	-0.2952	BIOLOGICAL_SIGNAL_BUT_MC_BACKGROUND
pct70_depth10	70.0	10.0	nifH	nifH|NC_019848|NC_019848_-_Symbiosis_Island_2|ref62	952	2	113	0	0.1187	0.0000	3.6124	0.2326	19.7428	6.3758	15.5274	0.1187	PROMISING_MC_AWARE
pct70_depth10	70.0	10.0	nifH	nifH|NZ_CP141049|NZ_CP141049_-_Symbiosis_Island|ref63	952	2	503	0	0.5284	0.0000	234.8804	2.5738	85.3468	45.6375	91.2582	0.5284	PROMISING_MC_AWARE
pct70_depth10	70.0	10.0	nifH	nifH|NZ_HG938357|NZ_HG938357_-_Symbiosis_Island_2|ref64	952	2	2	0	0.0021	0.0000	0.0000	0.0000	0.0000	0.0000	0.0000	0.0021	LOW_OR_LIMITED_SIGNAL
pct70_depth10	70.0	10.0	nifJ	nifJ|NC_007777|NC_007777_-_nifJ_CDS|ref65	952	2	34	0	0.0357	0.0000	1.8513	0.2214	10.2105	5.7878	8.3618	0.0357	LOW_OR_LIMITED_SIGNAL
pct70_depth10	70.0	10.0	nifJ	nifJ|NC_008278|NC_008278_-_nifJ_CDS|ref66	952	2	245	2	0.2574	1.0000	4.8140	14.8536	53.9682	98.6112	0.3241	-0.7426	BIOLOGICAL_SIGNAL_BUT_MC_BACKGROUND
pct70_depth10	70.0	10.0	nifK	nifK|CU633751|CU633751_-_Symbiosis_Island|ref67	952	2	15	0	0.0158	0.0000	0.0244	0.0211	1.2179	2.1154	1.1537	0.0158	LOW_OR_LIMITED_SIGNAL
pct70_depth10	70.0	10.0	nifK	nifK|NC_002678|NC_002678_-_Symbiosis_Island_3|ref68	952	2	164	0	0.1723	0.0000	1.5616	1.6057	35.8625	23.4111	0.9726	0.1723	LOW_OR_LIMITED_SIGNAL
pct70_depth10	70.0	10.0	nifK	nifK|NC_007777|NC_007777_-_Symbiosis_Island|ref69	952	2	50	0	0.0525	0.0000	1.1952	0.0244	9.2165	1.2203	48.9836	0.0525	LOW_OR_LIMITED_SIGNAL
pct70_depth10	70.0	10.0	nifK	nifK|NC_008278|NC_008278_-_Symbiosis_Island|ref70	952	2	373	2	0.3918	1.0000	7.6222	47.1586	84.0371	99.9680	0.1616	-0.6082	BIOLOGICAL_SIGNAL_BUT_MC_BACKGROUND
pct70_depth10	70.0	10.0	nifK	nifK|NC_009937|NC_009937_-_Symbiosis_Island_4|ref71	952	2	510	0	0.5357	0.0000	66.3436	6.0663	75.2884	77.4680	10.9363	0.5357	PROMISING_MC_AWARE
pct70_depth10	70.0	10.0	nifK	nifK|NC_011894|NC_011894_-_Symbiosis_Island|ref72	952	2	0	0	0.0000	0.0000	5.5123	0.5507	18.2586	16.2443	10.0097	0.0000	NOT_SUPPORTED
pct70_depth10	70.0	10.0	nifK	nifK|NC_012848|NC_012848_-_Symbiosis_Island_2|ref73	952	2	49	0	0.0515	0.0000	0.3043	0.0000	5.9034	0.0000	999999.0000	0.0515	LOW_OR_LIMITED_SIGNAL
pct70_depth10	70.0	10.0	nifK	nifK|NC_014120|NC_014120_-_Symbiosis_Island_3|ref74	952	2	6	0	0.0063	0.0000	1.2488	0.0000	8.7180	0.0000	999999.0000	0.0063	LOW_OR_LIMITED_SIGNAL
pct70_depth10	70.0	10.0	nifK	nifK|NC_015656|NC_015656_-_Symbiosis_Island|ref75	952	2	68	0	0.0714	0.0000	0.4705	0.1293	3.9370	1.9357	3.6398	0.0714	LOW_OR_LIMITED_SIGNAL
pct70_depth10	70.0	10.0	nifK	nifK|NC_017249|NC_017249_-_Symbiosis_Island|ref76	952	2	645	2	0.6775	1.0000	126.6339	28.7364	99.9358	100.0000	4.4067	-0.3225	BIOLOGICAL_SIGNAL_BUT_MC_BACKGROUND
pct70_depth10	70.0	10.0	nifK	nifK|NC_019848|NC_019848_-_Symbiosis_Island_2|ref77	952	2	102	0	0.1071	0.0000	0.3522	0.0917	7.8470	4.6368	3.8381	0.1071	PROMISING_MC_AWARE
pct70_depth10	70.0	10.0	nifK	nifK|NZ_CP141049|NZ_CP141049_-_Symbiosis_Island|ref78	952	2	302	0	0.3172	0.0000	6.3175	0.4523	67.0882	24.6109	13.9658	0.3172	PROMISING_MC_AWARE
pct70_depth10	70.0	10.0	nifK	nifK|NZ_HG938357|NZ_HG938357_-_Symbiosis_Island_2|ref79	952	2	0	0	0.0000	0.0000	0.0272	0.0000	1.2322	0.0000	999999.0000	0.0000	NOT_SUPPORTED
pct70_depth10	70.0	10.0	nifN	nifN|CU633751|CU633751_-_Symbiosis_Island|ref80	952	2	11	0	0.0116	0.0000	0.0000	0.0000	0.0000	0.0000	0.0000	0.0116	LOW_OR_LIMITED_SIGNAL
pct70_depth10	70.0	10.0	nifN	nifN|NC_002678|NC_002678_-_Symbiosis_Island_3|ref81	952	2	186	0	0.1954	0.0000	2.1573	0.1023	35.7557	5.9653	21.0880	0.1954	PROMISING_MC_AWARE
pct70_depth10	70.0	10.0	nifN	nifN|NC_009937|NC_009937_-_Symbiosis_Island_4|ref82	952	2	61	0	0.0641	0.0000	4.6067	1.7080	20.1754	52.5951	2.6972	0.0641	LOW_OR_LIMITED_SIGNAL
pct70_depth10	70.0	10.0	nifN	nifN|NC_011894|NC_011894_-_Symbiosis_Island|ref83	952	2	0	0	0.0000	0.0000	1.5832	0.2769	5.6399	2.8561	5.7174	0.0000	NOT_SUPPORTED
pct70_depth10	70.0	10.0	nifN	nifN|NC_012848|NC_012848_-_Symbiosis_Island_2|ref84	952	2	33	0	0.0347	0.0000	0.0000	0.0000	0.0000	0.0000	0.0000	0.0347	LOW_OR_LIMITED_SIGNAL
pct70_depth10	70.0	10.0	nifN	nifN|NC_014120|NC_014120_-_Symbiosis_Island|ref85	952	2	4	0	0.0042	0.0000	0.0000	0.0000	0.0000	0.0000	0.0000	0.0042	LOW_OR_LIMITED_SIGNAL
pct70_depth10	70.0	10.0	nifN	nifN|NC_015656|NC_015656_-_Symbiosis_Island|ref86	952	2	33	0	0.0347	0.0000	0.6487	8.1382	4.7414	2.2271	0.0797	0.0347	LOW_OR_LIMITED_SIGNAL
pct70_depth10	70.0	10.0	nifN	nifN|NC_017249|NC_017249_-_Symbiosis_Island|ref87	952	2	345	2	0.3624	1.0000	16.1450	15.6351	70.0000	98.6525	1.0326	-0.6376	BIOLOGICAL_SIGNAL_BUT_MC_BACKGROUND
pct70_depth10	70.0	10.0	nifN	nifN|NC_019848|NC_019848_-_Symbiosis_Island_4|ref88	952	2	76	0	0.0798	0.0000	0.1320	0.1206	1.5083	0.7541	1.0941	0.0798	LOW_OR_LIMITED_SIGNAL
pct70_depth10	70.0	10.0	nifN	nifN|NZ_CP141049|NZ_CP141049_-_Symbiosis_Island|ref89	952	2	133	0	0.1397	0.0000	1.0553	0.2166	22.1620	13.7744	4.8732	0.1397	PROMISING_MC_AWARE
pct70_depth10	70.0	10.0	nifN	nifN|NZ_HG938357|NZ_HG938357_-_Symbiosis_Island_2|ref90	952	2	0	0	0.0000	0.0000	0.0000	0.0149	0.0000	1.4848	0.0000	0.0000	NOT_SUPPORTED
pct70_depth10	70.0	10.0	nifQ	nifQ|CU633751|CU633751_-_Symbiosis_Island|ref91	952	2	11	0	0.0116	0.0000	0.0000	0.0000	0.0000	0.0000	0.0000	0.0116	LOW_OR_LIMITED_SIGNAL
pct70_depth10	70.0	10.0	nifQ	nifQ|NC_002678|NC_002678_-_nitrogen_fixation_protein_NifQ_CDS|ref92	952	2	0	0	0.0000	0.0000	0.1235	0.0000	3.0864	0.0000	999999.0000	0.0000	NOT_SUPPORTED
pct70_depth10	70.0	10.0	nifQ	nifQ|NC_009937|NC_009937_-_Symbiosis_Island_3|ref93	952	2	0	0	0.0000	0.0000	0.9170	0.1681	11.8550	12.6220	5.4567	0.0000	NOT_SUPPORTED
pct70_depth10	70.0	10.0	nifQ	nifQ|NC_011894|NC_011894_-_Symbiosis_Island|ref94	952	2	0	0	0.0000	0.0000	0.3928	0.1227	2.7132	1.2274	3.2000	0.0000	NOT_SUPPORTED
pct70_depth10	70.0	10.0	nifQ	nifQ|NC_014118|NC_014118_-_nitrogen_fixation_protein_NifQ_CDS|ref95	952	2	3	0	0.0032	0.0000	0.0000	0.0000	0.0000	0.0000	0.0000	0.0032	LOW_OR_LIMITED_SIGNAL
pct70_depth10	70.0	10.0	nifQ	nifQ|NC_014120|NC_014120_-_Symbiosis_Island|ref96	952	2	0	0	0.0000	0.0000	0.0000	0.0000	0.0000	0.0000	0.0000	0.0000	NOT_SUPPORTED
pct70_depth10	70.0	10.0	nifQ	nifQ|NC_017249|NC_017249_-_Symbiosis_Island|ref97	952	2	139	0	0.1460	0.0000	3.7497	7.8858	44.5665	89.7436	0.4755	0.1460	LOW_OR_LIMITED_SIGNAL
pct70_depth10	70.0	10.0	nifQ	nifQ|NZ_CP141049|NZ_CP141049_-_nitrogen_fixation_protein_NifQ_CDS|ref98	952	2	110	0	0.1155	0.0000	1.1429	0.6934	25.3968	14.3578	1.6484	0.1155	PROMISING_MC_AWARE
pct70_depth10	70.0	10.0	nifS	nifS|NC_002678|NC_002678_-_Symbiosis_Island_2|ref99	952	2	42	0	0.0441	0.0000	0.7550	0.0000	12.3707	0.0000	999999.0000	0.0441	LOW_OR_LIMITED_SIGNAL
pct70_depth10	70.0	10.0	nifS	nifS|NC_009937|NC_009937_-_Symbiosis_Island_2|ref100	952	2	6	0	0.0063	0.0000	1.5165	0.1085	11.2637	9.9817	13.9770	0.0063	LOW_OR_LIMITED_SIGNAL
pct70_depth10	70.0	10.0	nifS	nifS|NC_017249|NC_017249_-_Symbiosis_Island|ref101	952	2	371	2	0.3897	1.0000	11.4209	13.2424	74.5347	100.0000	0.8624	-0.6103	BIOLOGICAL_SIGNAL_BUT_MC_BACKGROUND
pct70_depth10	70.0	10.0	nifT	nifT|NC_002678|NC_002678_-_Symbiosis_Island_1|ref102	952	2	16	0	0.0168	0.0000	0.0000	0.0000	0.0000	0.0000	0.0000	0.0168	LOW_OR_LIMITED_SIGNAL
pct70_depth10	70.0	10.0	nifT	nifT|NC_009937|NC_009937_-_Symbiosis_Island_2|ref103	952	2	186	0	0.1954	0.0000	0.5388	0.7808	9.1324	39.9544	0.6901	0.1954	LOW_OR_LIMITED_SIGNAL
pct70_depth10	70.0	10.0	nifT	nifT|NC_011894|NC_011894_-_Symbiosis_Island_2|ref104	952	2	0	0	0.0000	0.0000	0.0000	0.0000	0.0000	0.0000	0.0000	0.0000	NOT_SUPPORTED
pct70_depth10	70.0	10.0	nifT	nifT|NC_012848|NC_012848_-_Symbiosis_Island|ref105	952	2	10	0	0.0105	0.0000	0.0000	0.0000	0.0000	0.0000	0.0000	0.0105	LOW_OR_LIMITED_SIGNAL
pct70_depth10	70.0	10.0	nifT	nifT|NC_014120|NC_014120_-_Symbiosis_Island_2|ref106	952	2	0	0	0.0000	0.0000	0.0000	0.0000	0.0000	0.0000	0.0000	0.0000	NOT_SUPPORTED
pct70_depth10	70.0	10.0	nifT	nifT|NC_017249|NC_017249_-_Symbiosis_Island|ref107	952	2	415	2	0.4359	1.0000	5.9356	14.1488	82.6667	99.7778	0.4195	-0.5641	BIOLOGICAL_SIGNAL_BUT_MC_BACKGROUND
pct70_depth10	70.0	10.0	nifT	nifT|NC_019848|NC_019848_-_Symbiosis_Island_3|ref108	952	2	67	0	0.0704	0.0000	0.0000	0.0000	0.0000	0.0000	0.0000	0.0704	LOW_OR_LIMITED_SIGNAL
pct70_depth10	70.0	10.0	nifT	nifT|NZ_CP141049|NZ_CP141049_-_Symbiosis_Island_2|ref109	952	2	226	0	0.2374	0.0000	1.9624	0.0000	47.8873	0.0000	999999.0000	0.2374	PROMISING_MC_AWARE
pct70_depth10	70.0	10.0	nifT	nifT|NZ_HG938357|NZ_HG938357_-_Symbiosis_Island|ref110	952	2	0	0	0.0000	0.0000	0.0000	0.0000	0.0000	0.0000	0.0000	0.0000	NOT_SUPPORTED
pct70_depth10	70.0	10.0	nifU	nifU|NC_002678|NC_002678_-_NifU_family_protein_CDS|ref111	952	2	737	0	0.7742	0.0000	111.9526	3.5026	95.7018	66.7544	31.9627	0.7742	PROMISING_MC_AWARE
pct70_depth10	70.0	10.0	nifU	nifU|NC_007777|NC_007777_-_NifU_family_protein_CDS|ref112	952	2	0	0	0.0000	0.0000	0.0000	0.0000	0.0000	0.0000	0.0000	0.0000	NOT_SUPPORTED
pct70_depth10	70.0	10.0	nifU	nifU|NC_008278|NC_008278_-_NifU_family_protein_CDS|ref113	952	2	65	0	0.0683	0.0000	0.3002	0.8921	3.1674	42.6093	0.3364	0.0683	LOW_OR_LIMITED_SIGNAL
pct70_depth10	70.0	10.0	nifU	nifU|NC_009937|NC_009937_-_Symbiosis_Island_2|ref114	952	2	0	0	0.0000	0.0000	0.0000	0.0000	0.0000	0.0000	0.0000	0.0000	NOT_SUPPORTED
pct70_depth10	70.0	10.0	nifU	nifU|NC_011894|NC_011894_-_NifU_family_protein_CDS|ref115	952	2	4	0	0.0042	0.0000	2.0470	1.5266	16.3121	10.9043	1.3409	0.0042	LOW_OR_LIMITED_SIGNAL
pct70_depth10	70.0	10.0	nifU	nifU|NC_012850|NC_012850_-_NifU_family_protein_CDS|ref116	952	2	309	0	0.3246	0.0000	16.3562	0.6243	52.0282	40.8289	26.1972	0.3246	PROMISING_MC_AWARE
pct70_depth10	70.0	10.0	nifU	nifU|NC_015656|NC_015656_-_NifU_family_protein_CDS|ref117	952	2	36	0	0.0378	0.0000	0.1784	0.0000	2.2447	0.0000	999999.0000	0.0378	LOW_OR_LIMITED_SIGNAL
pct70_depth10	70.0	10.0	nifU	nifU|NC_017249|NC_017249_-_NifU_family_protein_CDS|ref118	952	2	878	2	0.9223	1.0000	919.2263	24.7228	99.8246	99.8246	37.1813	-0.0777	BIOLOGICAL_SIGNAL_BUT_MC_BACKGROUND
pct70_depth10	70.0	10.0	nifU	nifU|NC_019845|NC_019845_-_NifU_family_protein_CDS|ref119	952	2	118	0	0.1239	0.0000	2.4021	0.1834	22.3986	9.5238	13.0979	0.1239	PROMISING_MC_AWARE
pct70_depth10	70.0	10.0	nifU	nifU|NZ_CP104965|NZ_CP104965_-_NifU_family_protein_CDS|ref120	952	2	10	0	0.0105	0.0000	1.2363	0.0000	8.9065	0.0000	999999.0000	0.0105	LOW_OR_LIMITED_SIGNAL
pct70_depth10	70.0	10.0	nifU	nifU|NZ_CP141048|NZ_CP141048_-_NifU_family_protein_CDS|ref121	952	2	123	0	0.1292	0.0000	26.4804	2.0454	52.2282	28.8770	12.9460	0.1292	PROMISING_MC_AWARE
pct70_depth10	70.0	10.0	nifU	nifU|NZ_HG938355|NZ_HG938355_-_NifU_family_protein_CDS|ref122	952	2	62	0	0.0651	0.0000	3.5503	0.0335	33.3333	1.6755	105.9791	0.0651	LOW_OR_LIMITED_SIGNAL
pct70_depth10	70.0	10.0	nifV	nifV|CU633751|CU633751_-_Symbiosis_Island|ref123	952	2	8	0	0.0084	0.0000	0.0000	0.0000	0.0000	0.0000	0.0000	0.0084	LOW_OR_LIMITED_SIGNAL
pct70_depth10	70.0	10.0	nifV	nifV|NC_007777|NC_007777_-_Symbiosis_Island|ref124	952	2	7	0	0.0074	0.0000	0.6633	0.4817	3.9069	3.2835	1.3770	0.0074	LOW_OR_LIMITED_SIGNAL
pct70_depth10	70.0	10.0	nifV	nifV|NC_008278|NC_008278_-_Symbiosis_Island|ref125	952	2	238	2	0.2500	1.0000	4.0694	17.2849	52.3810	100.0000	0.2354	-0.7500	BIOLOGICAL_SIGNAL_BUT_MC_BACKGROUND
pct70_depth10	70.0	10.0	nifV	nifV|NC_009937|NC_009937_-_nifV_CDS|ref126	952	2	8	0	0.0084	0.0000	3.6617	0.6217	8.7500	19.0000	5.8903	0.0084	LOW_OR_LIMITED_SIGNAL
pct70_depth10	70.0	10.0	nifV	nifV|NC_014120|NC_014120_-_Symbiosis_Island_2|ref127	952	2	0	0	0.0000	0.0000	0.0000	0.0833	0.0000	1.6667	0.0000	0.0000	NOT_SUPPORTED
pct70_depth10	70.0	10.0	nifV	nifV|NC_015656|NC_015656_-_Symbiosis_Island|ref128	952	2	30	0	0.0315	0.0000	0.5887	0.0171	3.7704	0.8569	34.3236	0.0315	LOW_OR_LIMITED_SIGNAL
pct70_depth10	70.0	10.0	nifW	nifW|CU633751|CU633751_-_Symbiosis_Island|ref129	952	2	13	0	0.0137	0.0000	0.0000	0.0000	0.0000	0.0000	0.0000	0.0137	LOW_OR_LIMITED_SIGNAL
pct70_depth10	70.0	10.0	nifW	nifW|NC_002678|NC_002678_-_Symbiosis_Island_2|ref130	952	2	49	0	0.0515	0.0000	0.0000	0.0000	0.0000	0.0000	0.0000	0.0515	LOW_OR_LIMITED_SIGNAL
pct70_depth10	70.0	10.0	nifW	nifW|NC_007777|NC_007777_-_Symbiosis_Island|ref131	952	2	1	0	0.0011	0.0000	0.6283	0.0000	5.0439	0.0000	999999.0000	0.0011	LOW_OR_LIMITED_SIGNAL
pct70_depth10	70.0	10.0	nifW	nifW|NC_008278|NC_008278_-_Symbiosis_Island|ref132	952	2	223	2	0.2342	1.0000	1.9027	23.8321	54.7980	100.0000	0.0798	-0.7658	BIOLOGICAL_SIGNAL_BUT_MC_BACKGROUND
pct70_depth10	70.0	10.0	nifW	nifW|NC_009937|NC_009937_-_Symbiosis_Island_3|ref133	952	2	3	0	0.0032	0.0000	0.0000	0.1061	0.0000	5.3030	0.0000	0.0032	LOW_OR_LIMITED_SIGNAL
pct70_depth10	70.0	10.0	nifW	nifW|NC_011894|NC_011894_-_nifW_CDS|ref134	952	2	0	0	0.0000	0.0000	0.0000	0.7222	0.0000	5.5556	0.0000	0.0000	NOT_SUPPORTED
pct70_depth10	70.0	10.0	nifW	nifW|NC_014120|NC_014120_-_Symbiosis_Island_2|ref135	952	2	0	0	0.0000	0.0000	0.0000	0.0000	0.0000	0.0000	0.0000	0.0000	NOT_SUPPORTED
pct70_depth10	70.0	10.0	nifW	nifW|NC_015656|NC_015656_-_Symbiosis_Island|ref136	952	2	48	0	0.0504	0.0000	0.1058	2.1111	5.0265	7.5397	0.0501	0.0504	LOW_OR_LIMITED_SIGNAL
pct70_depth10	70.0	10.0	nifW	nifW|NC_017249|NC_017249_-_Symbiosis_Island|ref137	952	2	392	0	0.4118	0.0000	4.6857	8.5088	73.2456	100.0000	0.5507	0.4118	LOW_OR_LIMITED_SIGNAL
pct70_depth10	70.0	10.0	nifW	nifW|NZ_CP141049|NZ_CP141049_-_nifW_CDS|ref138	952	2	128	0	0.1345	0.0000	0.0000	0.3750	0.0000	26.3021	0.0000	0.1345	LOW_OR_LIMITED_SIGNAL
pct70_depth10	70.0	10.0	nifX	nifX|CU633751|CU633751_-_Symbiosis_Island|ref139	952	2	11	0	0.0116	0.0000	0.0000	0.0000	0.0000	0.0000	0.0000	0.0116	LOW_OR_LIMITED_SIGNAL
pct70_depth10	70.0	10.0	nifX	nifX|NC_002678|NC_002678_-_Symbiosis_Island_3|ref140	952	2	225	0	0.2363	0.0000	2.0532	0.5080	57.1285	35.2409	4.0417	0.2363	PROMISING_MC_AWARE
pct70_depth10	70.0	10.0	nifX	nifX|NC_002678|NC_002678_-_Symbiosis_Island_3|ref141	952	2	154	0	0.1618	0.0000	1.3062	0.0000	23.4375	0.0000	999999.0000	0.1618	PROMISING_MC_AWARE
pct70_depth10	70.0	10.0	nifX	nifX|NC_007777|NC_007777_-_Symbiosis_Island|ref142	952	2	12	0	0.0126	0.0000	0.2016	0.0856	4.2793	2.1397	2.3551	0.0126	LOW_OR_LIMITED_SIGNAL
pct70_depth10	70.0	10.0	nifX	nifX|NC_007777|NC_007777_-_Symbiosis_Island|ref143	952	2	8	0	0.0084	0.0000	0.0449	0.0000	4.1379	0.0000	999999.0000	0.0084	LOW_OR_LIMITED_SIGNAL
pct70_depth10	70.0	10.0	nifX	nifX|NC_008278|NC_008278_-_Symbiosis_Island|ref144	952	2	273	2	0.2868	1.0000	3.7613	40.1994	67.1171	100.0000	0.0936	-0.7132	BIOLOGICAL_SIGNAL_BUT_MC_BACKGROUND
pct70_depth10	70.0	10.0	nifX	nifX|NC_008278|NC_008278_-_Symbiosis_Island|ref145	952	2	259	2	0.2721	1.0000	2.3438	31.5775	72.1065	100.0000	0.0742	-0.7279	BIOLOGICAL_SIGNAL_BUT_MC_BACKGROUND
pct70_depth10	70.0	10.0	nifX	nifX|NC_009937|NC_009937_-_Symbiosis_Island_4|ref146	952	2	57	0	0.0599	0.0000	2.9688	1.0301	29.8925	57.7419	2.8821	0.0599	LOW_OR_LIMITED_SIGNAL
pct70_depth10	70.0	10.0	nifX	nifX|NC_009937|NC_009937_-_Symbiosis_Island_4|ref147	952	2	136	0	0.1429	0.0000	2.0366	1.1339	26.1364	63.1313	1.7962	0.1429	PROMISING_MC_AWARE
pct70_depth10	70.0	10.0	nifX	nifX|NC_011894|NC_011894_-_Symbiosis_Island|ref148	952	2	0	0	0.0000	0.0000	0.0000	0.1491	0.0000	5.4865	0.0000	0.0000	NOT_SUPPORTED
pct70_depth10	70.0	10.0	nifX	nifX|NC_011894|NC_011894_-_Symbiosis_Island|ref149	952	2	0	0	0.0000	0.0000	0.3150	0.0345	4.0650	3.4553	9.1187	0.0000	NOT_SUPPORTED
pct70_depth10	70.0	10.0	nifX	nifX|NC_014120|NC_014120_-_Symbiosis_Island|ref150	952	2	0	0	0.0000	0.0000	0.0000	0.0000	0.0000	0.0000	0.0000	0.0000	NOT_SUPPORTED
pct70_depth10	70.0	10.0	nifX	nifX|NC_015656|NC_015656_-_Symbiosis_Island|ref151	952	2	52	0	0.0546	0.0000	1.0206	0.3704	8.0247	2.0576	2.7558	0.0546	LOW_OR_LIMITED_SIGNAL
pct70_depth10	70.0	10.0	nifX	nifX|NC_015656|NC_015656_-_Symbiosis_Island|ref152	952	2	54	0	0.0567	0.0000	0.2105	0.0000	4.7619	0.0000	999999.0000	0.0567	LOW_OR_LIMITED_SIGNAL
pct70_depth10	70.0	10.0	nifX	nifX|NC_017249|NC_017249_-_Symbiosis_Island|ref153	952	2	284	2	0.2983	1.0000	5.7183	20.1850	62.3655	100.0000	0.2833	-0.7017	BIOLOGICAL_SIGNAL_BUT_MC_BACKGROUND
pct70_depth10	70.0	10.0	nifX	nifX|NC_017249|NC_017249_-_Symbiosis_Island|ref154	952	2	368	2	0.3866	1.0000	4.5543	12.9243	78.2828	100.0000	0.3524	-0.6134	BIOLOGICAL_SIGNAL_BUT_MC_BACKGROUND
pct70_depth10	70.0	10.0	nifX	nifX|NC_019848|NC_019848_-_Symbiosis_Island_2|ref155	952	2	65	0	0.0683	0.0000	0.0000	0.0000	0.0000	0.0000	0.0000	0.0683	LOW_OR_LIMITED_SIGNAL
pct70_depth10	70.0	10.0	nifX	nifX|NZ_CP141049|NZ_CP141049_-_Symbiosis_Island|ref156	952	2	89	0	0.0935	0.0000	0.2256	0.6952	4.6748	3.8618	0.3245	0.0935	LOW_OR_LIMITED_SIGNAL
pct70_depth10	70.0	10.0	nifX	nifX|NZ_CP141049|NZ_CP141049_-_Symbiosis_Island|ref157	952	2	241	0	0.2532	0.0000	1.8438	0.9062	58.6458	9.0625	2.0345	0.2532	PROMISING_MC_AWARE
pct70_depth10	70.0	10.0	nifX	nifX|NZ_HG938357|NZ_HG938357_-_Symbiosis_Island_2|ref158	952	2	0	0	0.0000	0.0000	0.0000	0.0000	0.0000	0.0000	0.0000	0.0000	NOT_SUPPORTED
pct70_depth10	70.0	10.0	nifZ	nifZ|CU633751|CU633751_-_Symbiosis_Island|ref159	952	2	12	0	0.0126	0.0000	0.0000	0.0000	0.0000	0.0000	0.0000	0.0126	LOW_OR_LIMITED_SIGNAL
pct70_depth10	70.0	10.0	nifZ	nifZ|NC_002678|NC_002678_-_Symbiosis_Island_1|ref160	952	2	69	0	0.0725	0.0000	0.3272	0.0000	6.7278	0.0000	999999.0000	0.0725	LOW_OR_LIMITED_SIGNAL
pct70_depth10	70.0	10.0	nifZ	nifZ|NC_007777|NC_007777_-_Symbiosis_Island|ref161	952	2	1	0	0.0011	0.0000	0.3055	0.0000	5.2778	0.0000	999999.0000	0.0011	LOW_OR_LIMITED_SIGNAL
pct70_depth10	70.0	10.0	nifZ	nifZ|NC_008278|NC_008278_-_Symbiosis_Island|ref162	952	2	92	0	0.0966	0.0000	2.4331	5.2534	27.8034	49.6928	0.4632	0.0966	LOW_OR_LIMITED_SIGNAL
pct70_depth10	70.0	10.0	nifZ	nifZ|NC_009937|NC_009937_-_Symbiosis_Island_2|ref163	952	2	64	0	0.0672	0.0000	1.2173	0.7876	15.6863	39.7059	1.5456	0.0672	LOW_OR_LIMITED_SIGNAL
pct70_depth10	70.0	10.0	nifZ	nifZ|NC_009937|NC_009937_-_Symbiosis_Island_2|ref164	952	2	0	0	0.0000	0.0000	0.0000	0.0000	0.0000	0.0000	0.0000	0.0000	NOT_SUPPORTED
pct70_depth10	70.0	10.0	nifZ	nifZ|NC_011894|NC_011894_-_Symbiosis_Island_2|ref165	952	2	0	0	0.0000	0.0000	0.0000	0.2483	0.0000	3.1046	0.0000	0.0000	NOT_SUPPORTED
pct70_depth10	70.0	10.0	nifZ	nifZ|NC_014120|NC_014120_-_Symbiosis_Island_2|ref166	952	2	0	0	0.0000	0.0000	0.0000	0.0828	0.0000	4.1402	0.0000	0.0000	NOT_SUPPORTED
pct70_depth10	70.0	10.0	nifZ	nifZ|NC_015656|NC_015656_-_Symbiosis_Island|ref167	952	2	43	0	0.0452	0.0000	0.0000	0.0000	0.0000	0.0000	0.0000	0.0452	LOW_OR_LIMITED_SIGNAL
pct70_depth10	70.0	10.0	nifZ	nifZ|NC_017249|NC_017249_-_Symbiosis_Island|ref168	952	2	479	1	0.5032	0.5000	75.8778	11.2317	81.2698	100.0000	6.7557	0.0032	BIOLOGICAL_SIGNAL_BUT_MC_BACKGROUND
pct70_depth10	70.0	10.0	nifZ	nifZ|NZ_CP141049|NZ_CP141049_-_Symbiosis_Island_2|ref169	952	2	221	0	0.2321	0.0000	1.6345	0.5795	60.2447	14.6789	2.8206	0.2321	PROMISING_MC_AWARE
pct70_depth10	70.0	10.0	nodA	nodA|CU633751|CU633751_-_Symbiosis_Island|ref170	952	2	8	0	0.0084	0.0000	0.0000	0.0000	0.0000	0.0000	0.0000	0.0084	LOW_OR_LIMITED_SIGNAL
pct70_depth10	70.0	10.0	nodA	nodA|NC_002678|NC_002678_-_Symbiosis_Island_4|ref171	952	2	0	0	0.0000	0.0000	0.1684	0.0320	6.4815	1.5994	5.2625	0.0000	NOT_SUPPORTED
pct70_depth10	70.0	10.0	nodA	nodA|NC_009937|NC_009937_-_Symbiosis_Island|ref172	952	2	0	0	0.0000	0.0000	0.0000	0.0000	0.0000	0.0000	0.0000	0.0000	NOT_SUPPORTED
pct70_depth10	70.0	10.0	nodA	nodA|NC_011894|NC_011894_-_Symbiosis_Island_3|ref173	952	2	5	0	0.0053	0.0000	0.1860	0.0000	6.9767	0.0000	999999.0000	0.0053	LOW_OR_LIMITED_SIGNAL
pct70_depth10	70.0	10.0	nodA	nodA|NC_012848|NC_012848_-_Symbiosis_Island|ref174	952	2	50	0	0.0525	0.0000	0.1929	0.0000	3.3841	0.0000	999999.0000	0.0525	LOW_OR_LIMITED_SIGNAL
pct70_depth10	70.0	10.0	nodA	nodA|NC_014120|NC_014120_-_Symbiosis_Island_4|ref175	952	2	0	0	0.0000	0.0000	0.0000	0.0000	0.0000	0.0000	0.0000	0.0000	NOT_SUPPORTED
pct70_depth10	70.0	10.0	nodA	nodA|NC_015656|NC_015656_-_Symbiosis_Island_2|ref176	952	2	74	0	0.0777	0.0000	0.0000	0.0000	0.0000	0.0000	0.0000	0.0777	LOW_OR_LIMITED_SIGNAL
pct70_depth10	70.0	10.0	nodA	nodA|NC_017249|NC_017249_-_Symbiosis_Island_2|ref177	952	2	305	1	0.3204	0.5000	8.7275	15.4866	66.6667	100.0000	0.5635	-0.1796	BIOLOGICAL_SIGNAL_BUT_MC_BACKGROUND
pct70_depth10	70.0	10.0	nodA	nodA|NC_019848|NC_019848_-_Symbiosis_Island_4|ref178	952	2	89	0	0.0935	0.0000	0.0000	0.0000	0.0000	0.0000	0.0000	0.0935	LOW_OR_LIMITED_SIGNAL
pct70_depth10	70.0	10.0	nodA	nodA|NZ_CP141049|NZ_CP141049_-_Symbiosis_Island_3|ref179	952	2	10	0	0.0105	0.0000	0.0881	0.0000	3.1746	0.0000	999999.0000	0.0105	LOW_OR_LIMITED_SIGNAL
pct70_depth10	70.0	10.0	nodA	nodA|NZ_HG938357|NZ_HG938357_-_Symbiosis_Island_2|ref180	952	2	0	0	0.0000	0.0000	0.0000	0.0000	0.0000	0.0000	0.0000	0.0000	NOT_SUPPORTED
pct70_depth10	70.0	10.0	nodB	nodB|CU633751|CU633751_-_Symbiosis_Island|ref181	952	2	20	0	0.0210	0.0000	0.0000	0.0000	0.0000	0.0000	0.0000	0.0210	LOW_OR_LIMITED_SIGNAL
pct70_depth10	70.0	10.0	nodB	nodB|NC_002678|NC_002678_-_nodB_CDS|ref182	952	2	31	0	0.0326	0.0000	0.0000	0.0000	0.0000	0.0000	0.0000	0.0326	LOW_OR_LIMITED_SIGNAL
pct70_depth10	70.0	10.0	nodB	nodB|NC_011894|NC_011894_-_Symbiosis_Island_3|ref183	952	2	17	0	0.0179	0.0000	0.3136	0.3250	9.6212	17.7273	0.9651	0.0179	LOW_OR_LIMITED_SIGNAL
pct70_depth10	70.0	10.0	nodB	nodB|NC_012848|NC_012848_-_Symbiosis_Island|ref184	952	2	53	0	0.0557	0.0000	0.0610	0.2347	2.9734	17.3709	0.2599	0.0557	LOW_OR_LIMITED_SIGNAL
pct70_depth10	70.0	10.0	nodB	nodB|NC_014120|NC_014120_-_Symbiosis_Island_4|ref185	952	2	0	0	0.0000	0.0000	0.0000	0.0000	0.0000	0.0000	0.0000	0.0000	NOT_SUPPORTED
pct70_depth10	70.0	10.0	nodB	nodB|NC_015656|NC_015656_-_Symbiosis_Island_2|ref186	952	2	76	0	0.0798	0.0000	0.0000	0.1596	0.0000	1.3305	0.0000	0.0798	LOW_OR_LIMITED_SIGNAL
pct70_depth10	70.0	10.0	nodB	nodB|NC_015656|NC_015656_-_Symbiosis_Island_3|ref187	952	2	63	0	0.0662	0.0000	0.0892	0.0000	2.2300	0.0000	999999.0000	0.0662	LOW_OR_LIMITED_SIGNAL
pct70_depth10	70.0	10.0	nodB	nodB|NC_017249|NC_017249_-_Symbiosis_Island_2|ref188	952	2	297	2	0.3120	1.0000	8.5666	22.9197	67.5758	100.0000	0.3738	-0.6880	BIOLOGICAL_SIGNAL_BUT_MC_BACKGROUND
pct70_depth10	70.0	10.0	nodB	nodB|NC_019848|NC_019848_-_Symbiosis_Island_4|ref189	952	2	93	0	0.0977	0.0000	0.0000	0.0000	0.0000	0.0000	0.0000	0.0977	LOW_OR_LIMITED_SIGNAL
pct70_depth10	70.0	10.0	nodB	nodB|NZ_CP141049|NZ_CP141049_-_Symbiosis_Island_3|ref190	952	2	20	0	0.0210	0.0000	0.2394	0.1182	8.1818	5.9091	2.0254	0.0210	LOW_OR_LIMITED_SIGNAL
pct70_depth10	70.0	10.0	nodB	nodB|NZ_HG938357|NZ_HG938357_-_Symbiosis_Island_2|ref191	952	2	0	0	0.0000	0.0000	0.0000	0.0000	0.0000	0.0000	0.0000	0.0000	NOT_SUPPORTED
pct70_depth10	70.0	10.0	nodC	nodC|CU633751|CU633751_-_Symbiosis_Island|ref192	952	2	13	0	0.0137	0.0000	0.0000	0.0000	0.0000	0.0000	0.0000	0.0137	LOW_OR_LIMITED_SIGNAL
pct70_depth10	70.0	10.0	nodC	nodC|NC_002678|NC_002678_-_Symbiosis_Island_4|ref193	952	2	0	0	0.0000	0.0000	0.3475	0.1043	9.8039	5.4117	3.3313	0.0000	NOT_SUPPORTED
pct70_depth10	70.0	10.0	nodC	nodC|NC_009937|NC_009937_-_Symbiosis_Island|ref194	952	2	0	0	0.0000	0.0000	0.0000	0.0000	0.0000	0.0000	0.0000	0.0000	NOT_SUPPORTED
pct70_depth10	70.0	10.0	nodC	nodC|NC_011894|NC_011894_-_Symbiosis_Island_3|ref195	952	2	1	0	0.0011	0.0000	7.2399	0.1918	23.4020	12.2337	37.7570	0.0011	LOW_OR_LIMITED_SIGNAL
pct70_depth10	70.0	10.0	nodC	nodC|NC_012848|NC_012848_-_Symbiosis_Island|ref196	952	2	69	0	0.0725	0.0000	0.6522	0.2616	7.5722	2.8103	2.4936	0.0725	LOW_OR_LIMITED_SIGNAL
pct70_depth10	70.0	10.0	nodC	nodC|NC_014120|NC_014120_-_Symbiosis_Island_4|ref197	952	2	0	0	0.0000	0.0000	0.0993	0.0357	1.9345	0.2232	2.7829	0.0000	NOT_SUPPORTED
pct70_depth10	70.0	10.0	nodC	nodC|NC_015656|NC_015656_-_Symbiosis_Island_3|ref198	952	2	87	0	0.0914	0.0000	0.3714	0.1028	4.3759	2.2450	3.6146	0.0914	LOW_OR_LIMITED_SIGNAL
pct70_depth10	70.0	10.0	nodC	nodC|NC_017249|NC_017249_-_Symbiosis_Island_2|ref199	952	2	334	2	0.3508	1.0000	29.7473	19.7164	67.4554	100.0000	1.5088	-0.6492	BIOLOGICAL_SIGNAL_BUT_MC_BACKGROUND
pct70_depth10	70.0	10.0	nodC	nodC|NC_019848|NC_019848_-_Symbiosis_Island_4|ref200	952	2	126	0	0.1324	0.0000	2.3321	0.0640	15.5347	3.2006	36.4398	0.1324	PROMISING_MC_AWARE
pct70_depth10	70.0	10.0	nodC	nodC|NZ_CP141049|NZ_CP141049_-_Symbiosis_Island_3|ref201	952	2	45	0	0.0473	0.0000	6.3139	0.2165	29.5171	21.0281	29.1565	0.0473	LOW_OR_LIMITED_SIGNAL
pct70_depth10	70.0	10.0	nodC	nodC|NZ_HG938357|NZ_HG938357_-_Symbiosis_Island_2|ref202	952	2	0	0	0.0000	0.0000	0.0000	0.0457	0.0000	1.5361	0.0000	0.0000	NOT_SUPPORTED
pct70_depth10	70.0	10.0	nodD	nodD|CU633751|CU633751_-_Symbiosis_Island|ref203	952	2	12	0	0.0126	0.0000	0.0000	0.0000	0.0000	0.0000	0.0000	0.0126	LOW_OR_LIMITED_SIGNAL
pct70_depth10	70.0	10.0	nodH	nodH|CU633751|CU633751_-_Symbiosis_Island|ref204	952	2	12	0	0.0126	0.0000	0.0000	0.0000	0.0000	0.0000	0.0000	0.0126	LOW_OR_LIMITED_SIGNAL
pct70_depth10	70.0	10.0	nodI	nodI|CU633751|CU633751_-_Symbiosis_Island|ref205	952	2	14	0	0.0147	0.0000	0.0415	0.0000	2.0765	0.0000	999999.0000	0.0147	LOW_OR_LIMITED_SIGNAL
pct70_depth10	70.0	10.0	nodI	nodI|NC_002678|NC_002678_-_Symbiosis_Island_4|ref206	952	2	83	0	0.0872	0.0000	18.7972	1.3532	38.2267	7.2675	13.8910	0.0872	LOW_OR_LIMITED_SIGNAL
pct70_depth10	70.0	10.0	nodI	nodI|NC_011894|NC_011894_-_Symbiosis_Island_3|ref207	952	2	204	0	0.2143	0.0000	12.1535	1.7273	49.9454	31.9672	7.0360	0.2143	PROMISING_MC_AWARE
pct70_depth10	70.0	10.0	nodI	nodI|NC_012848|NC_012848_-_Symbiosis_Island|ref208	952	2	26	0	0.0273	0.0000	0.0578	0.0000	1.9436	0.0000	999999.0000	0.0273	LOW_OR_LIMITED_SIGNAL
pct70_depth10	70.0	10.0	nodI	nodI|NC_014120|NC_014120_-_Symbiosis_Island_4|ref209	952	2	0	0	0.0000	0.0000	0.0886	0.0000	2.2155	0.0000	999999.0000	0.0000	NOT_SUPPORTED
pct70_depth10	70.0	10.0	nodI	nodI|NC_017249|NC_017249_-_Symbiosis_Island_2|ref210	952	2	505	2	0.5305	1.0000	47.7921	22.0928	87.4050	100.0000	2.1632	-0.4695	BIOLOGICAL_SIGNAL_BUT_MC_BACKGROUND
pct70_depth10	70.0	10.0	nodI	nodI|NC_019848|NC_019848_-_Symbiosis_Island_4|ref211	952	2	98	0	0.1029	0.0000	0.6826	0.0000	8.8015	0.0000	999999.0000	0.1029	PROMISING_MC_AWARE
pct70_depth10	70.0	10.0	nodI	nodI|NZ_CP141049|NZ_CP141049_-_Symbiosis_Island_3|ref212	952	2	116	0	0.1218	0.0000	5.9901	1.5347	30.5556	13.6905	3.9031	0.1218	PROMISING_MC_AWARE
pct70_depth10	70.0	10.0	nodI	nodI|NZ_HG938357|NZ_HG938357_-_Symbiosis_Island_2|ref213	952	2	0	0	0.0000	0.0000	0.0747	0.0000	1.8199	0.0000	999999.0000	0.0000	NOT_SUPPORTED
pct70_depth10	70.0	10.0	nodJ	nodJ|CU633751|CU633751_-_Symbiosis_Island|ref214	952	2	9	0	0.0095	0.0000	0.0000	0.0000	0.0000	0.0000	0.0000	0.0095	LOW_OR_LIMITED_SIGNAL
pct70_depth10	70.0	10.0	nodL	nodL|NC_019848|NC_019848_-_Symbiosis_Island_5|ref215	952	2	117	0	0.1229	0.0000	1.4973	0.0000	11.7754	0.0000	999999.0000	0.1229	PROMISING_MC_AWARE
pct70_depth10	70.0	10.0	nodQ	nodQ|CU633751|CU633751_-_Symbiosis_Island|ref216	952	2	8	0	0.0084	0.0000	0.0000	1.0766	0.0000	3.1667	0.0000	0.0084	LOW_OR_LIMITED_SIGNAL
pct70_depth10	70.0	10.0	nodQ	nodQ|NC_019848|NC_019848_-_Symbiosis_Island_4|ref217	952	2	217	0	0.2279	0.0000	159.4862	4.4348	35.2803	31.7497	35.9620	0.2279	PROMISING_MC_AWARE
pct70_depth10	70.0	10.0	nodS	nodS|CU633751|CU633751_-_Symbiosis_Island|ref218	952	2	9	0	0.0095	0.0000	0.0000	0.0000	0.0000	0.0000	0.0000	0.0095	LOW_OR_LIMITED_SIGNAL
pct70_depth10	70.0	10.0	nodS	nodS|NC_002678|NC_002678_-_Symbiosis_Island_4|ref219	952	2	21	0	0.0221	0.0000	0.0000	0.0000	0.0000	0.0000	0.0000	0.0221	LOW_OR_LIMITED_SIGNAL
pct70_depth10	70.0	10.0	nodS	nodS|NC_014120|NC_014120_-_Symbiosis_Island_4|ref220	952	2	0	0	0.0000	0.0000	0.0000	0.0000	0.0000	0.0000	0.0000	0.0000	NOT_SUPPORTED
pct70_depth10	70.0	10.0	nodS	nodS|NC_017249|NC_017249_-_Symbiosis_Island_2|ref221	952	2	215	2	0.2258	1.0000	2.5785	14.1365	55.8730	100.0000	0.1824	-0.7742	BIOLOGICAL_SIGNAL_BUT_MC_BACKGROUND
pct70_depth10	70.0	10.0	nodU	nodU|CU633751|CU633751_-_Symbiosis_Island|ref222	952	2	15	0	0.0158	0.0000	0.0453	0.0000	1.4518	0.0000	999999.0000	0.0158	LOW_OR_LIMITED_SIGNAL
pct70_depth10	70.0	10.0	nodU	nodU|NC_009937|NC_009937_-_Symbiosis_Island|ref223	952	2	0	0	0.0000	0.0000	0.0000	0.0000	0.0000	0.0000	0.0000	0.0000	NOT_SUPPORTED
pct70_depth10	70.0	10.0	nodU	nodU|NC_014120|NC_014120_-_Symbiosis_Island_4|ref224	952	2	0	0	0.0000	0.0000	0.3419	0.0621	3.4078	2.4628	5.5012	0.0000	NOT_SUPPORTED
pct70_depth10	70.0	10.0	nodU	nodU|NC_017249|NC_017249_-_Symbiosis_Island_2|ref225	952	2	460	2	0.4832	1.0000	21.0868	20.6076	84.2982	100.0000	1.0233	-0.5168	BIOLOGICAL_SIGNAL_BUT_MC_BACKGROUND
pct70_depth10	70.0	10.0	nodU	nodU|NZ_HG938357|NZ_HG938357_-_Symbiosis_Island|ref226	952	2	0	0	0.0000	0.0000	0.0736	0.0000	1.2259	0.0000	999999.0000	0.0000	NOT_SUPPORTED
pct70_depth10	70.0	10.0	nodX	nodX|NC_012848|NC_012848_-_nodX_CDS|ref227	952	2	55	0	0.0578	0.0000	0.0000	0.0000	0.0000	0.0000	0.0000	0.0578	LOW_OR_LIMITED_SIGNAL
pct70_depth10	70.0	10.0	nodZ	nodZ|NC_002678|NC_002678_-_nodulation_protein_NodZ_CDS|ref228	952	2	11	0	0.0116	0.0000	0.0000	0.1414	0.0000	9.6969	0.0000	0.0116	LOW_OR_LIMITED_SIGNAL
pct70_depth10	70.0	10.0	nodZ	nodZ|NC_002678|NC_002678_-_nodulation_protein_NodZ_CDS|ref229	952	2	0	0	0.0000	0.0000	0.0000	0.0000	0.0000	0.0000	0.0000	0.0000	NOT_SUPPORTED
pct70_depth10	70.0	10.0	nodZ	nodZ|NC_009937|NC_009937_-_Symbiosis_Island|ref230	952	2	0	0	0.0000	0.0000	0.0000	0.0000	0.0000	0.0000	0.0000	0.0000	NOT_SUPPORTED
pct70_depth10	70.0	10.0	nodZ	nodZ|NC_017249|NC_017249_-_Symbiosis_Island_2|ref231	952	2	398	2	0.4181	1.0000	8.3594	17.8454	77.7179	100.0000	0.4684	-0.5819	BIOLOGICAL_SIGNAL_BUT_MC_BACKGROUND
pct70_depth5	70.0	5.0	nifA	nifA|CU633751|CU633751_-_Symbiosis_Island|ref1	952	2	21	0	0.0221	0.0000	0.8407	6.4283	2.3897	5.7291	0.1308	0.0221	LOW_OR_LIMITED_SIGNAL
pct70_depth5	70.0	5.0	nifA	nifA|NC_002678|NC_002678_-_Symbiosis_Island_1|ref2	952	2	13	0	0.0137	0.0000	1.5783	22.4554	6.8143	8.7451	0.0703	0.0137	LOW_OR_LIMITED_SIGNAL
pct70_depth5	70.0	5.0	nifA	nifA|NC_002678|NC_002678_-_nifA_CDS|ref3	952	2	57	0	0.0599	0.0000	45.6949	19.3573	45.6003	22.0571	2.3606	0.0599	LOW_OR_LIMITED_SIGNAL
pct70_depth5	70.0	5.0	nifA	nifA|NC_009937|NC_009937_-_nifA_CDS|ref4	952	2	43	0	0.0452	0.0000	31.5519	164.3573	16.8397	36.8224	0.1920	0.0452	LOW_OR_LIMITED_SIGNAL
pct70_depth5	70.0	5.0	nifA	nifA|NC_011894|NC_011894_-_Symbiosis_Island_2|ref5	952	2	0	0	0.0000	0.0000	12.5928	67.2536	13.1111	11.9167	0.1872	0.0000	NOT_SUPPORTED
pct70_depth5	70.0	5.0	nifA	nifA|NC_012848|NC_012848_-_Symbiosis_Island|ref6	952	2	65	0	0.0683	0.0000	1.6875	0.1385	6.2789	10.2032	12.1838	0.0683	LOW_OR_LIMITED_SIGNAL
pct70_depth5	70.0	5.0	nifA	nifA|NC_014120|NC_014120_-_Symbiosis_Island|ref7	952	2	0	0	0.0000	0.0000	4.4724	49.8081	7.8931	7.5895	0.0898	0.0000	NOT_SUPPORTED
pct70_depth5	70.0	5.0	nifA	nifA|NC_017249|NC_017249_-_Symbiosis_Island_2|ref8	952	2	280	2	0.2941	1.0000	20.5446	12.3715	59.4609	95.6821	1.6606	-0.7059	BIOLOGICAL_SIGNAL_BUT_MC_BACKGROUND
pct70_depth5	70.0	5.0	nifA	nifA|NC_019848|NC_019848_-_Symbiosis_Island_3|ref9	952	2	102	0	0.1071	0.0000	0.1304	0.0000	1.5682	0.0000	999999.0000	0.1071	PROMISING_MC_AWARE
pct70_depth5	70.0	5.0	nifA	nifA|NZ_CP141049|NZ_CP141049_-_Symbiosis_Island_2|ref10	952	2	130	0	0.1366	0.0000	2.7171	1.1068	36.9322	26.8437	2.4549	0.1366	PROMISING_MC_AWARE
pct70_depth5	70.0	5.0	nifA	nifA|NZ_HG938357|NZ_HG938357_-_Symbiosis_Island|ref11	952	2	0	0	0.0000	0.0000	0.0375	0.0000	1.2300	0.0000	999999.0000	0.0000	NOT_SUPPORTED
pct70_depth5	70.0	5.0	nifB	nifB|CU633751|CU633751_-_Symbiosis_Island|ref12	952	2	19	0	0.0200	0.0000	0.1011	0.6008	3.7850	0.6680	0.1683	0.0200	LOW_OR_LIMITED_SIGNAL
pct70_depth5	70.0	5.0	nifB	nifB|NC_002678|NC_002678_-_Symbiosis_Island_1|ref13	952	2	109	0	0.1145	0.0000	2.0716	0.1134	24.8313	8.0972	18.2757	0.1145	PROMISING_MC_AWARE
pct70_depth5	70.0	5.0	nifB	nifB|NC_007777|NC_007777_-_Symbiosis_Island|ref14	952	2	26	0	0.0273	0.0000	2.7393	0.1689	13.4785	6.9129	16.2182	0.0273	LOW_OR_LIMITED_SIGNAL
pct70_depth5	70.0	5.0	nifB	nifB|NC_008278|NC_008278_-_Symbiosis_Island|ref15	952	2	443	2	0.4653	1.0000	8.5657	31.8777	70.5502	93.9806	0.2687	-0.5347	BIOLOGICAL_SIGNAL_BUT_MC_BACKGROUND
pct70_depth5	70.0	5.0	nifB	nifB|NC_009937|NC_009937_-_Symbiosis_Island_2|ref16	952	2	514	1	0.5399	0.5000	169.9189	3.9792	73.1731	73.4295	42.7018	0.0399	BIOLOGICAL_SIGNAL_BUT_MC_BACKGROUND
pct70_depth5	70.0	5.0	nifB	nifB|NC_011894|NC_011894_-_Symbiosis_Island_2|ref17	952	2	0	0	0.0000	0.0000	1.5181	0.2665	8.7508	2.1042	5.6962	0.0000	NOT_SUPPORTED
pct70_depth5	70.0	5.0	nifB	nifB|NC_012848|NC_012848_-_Symbiosis_Island|ref18	952	2	68	0	0.0714	0.0000	0.0197	0.0000	1.2899	0.0000	999999.0000	0.0714	LOW_OR_LIMITED_SIGNAL
pct70_depth5	70.0	5.0	nifB	nifB|NC_014120|NC_014120_-_Symbiosis_Island_2|ref19	952	2	0	0	0.0000	0.0000	0.1676	1.5916	1.7824	3.6585	0.1053	0.0000	NOT_SUPPORTED
pct70_depth5	70.0	5.0	nifB	nifB|NC_015656|NC_015656_-_Symbiosis_Island|ref20	952	2	73	0	0.0767	0.0000	1.6929	0.0226	10.5546	0.5665	74.7417	0.0767	LOW_OR_LIMITED_SIGNAL
pct70_depth5	70.0	5.0	nifB	nifB|NC_017249|NC_017249_-_Symbiosis_Island|ref21	952	2	543	2	0.5704	1.0000	41.0580	16.7630	80.3333	98.8333	2.4493	-0.4296	BIOLOGICAL_SIGNAL_BUT_MC_BACKGROUND
pct70_depth5	70.0	5.0	nifB	nifB|NC_019848|NC_019848_-_Symbiosis_Island_3|ref22	952	2	122	0	0.1282	0.0000	0.3883	0.0258	4.9898	0.6450	15.0504	0.1282	PROMISING_MC_AWARE
pct70_depth5	70.0	5.0	nifB	nifB|NZ_CP141049|NZ_CP141049_-_Symbiosis_Island_2|ref23	952	2	324	0	0.3403	0.0000	7.0793	1.8344	51.8218	39.4736	3.8593	0.3403	PROMISING_MC_AWARE
pct70_depth5	70.0	5.0	nifB	nifB|NZ_HG938357|NZ_HG938357_-_Symbiosis_Island|ref24	952	2	0	0	0.0000	0.0000	0.0000	0.0000	0.0000	0.0000	0.0000	0.0000	NOT_SUPPORTED
pct70_depth5	70.0	5.0	nifD	nifD|CU633751|CU633751_-_Symbiosis_Island|ref25	952	2	26	0	0.0273	0.0000	0.0000	0.0000	0.0000	0.0000	0.0000	0.0273	LOW_OR_LIMITED_SIGNAL
pct70_depth5	70.0	5.0	nifD	nifD|NC_002678|NC_002678_-_Symbiosis_Island_3|ref26	952	2	148	0	0.1555	0.0000	6.4070	0.6109	34.5950	28.7185	10.4878	0.1555	PROMISING_MC_AWARE
pct70_depth5	70.0	5.0	nifD	nifD|NC_007777|NC_007777_-_Symbiosis_Island|ref27	952	2	134	0	0.1408	0.0000	1.2348	0.5058	15.4688	13.5181	2.4413	0.1408	PROMISING_MC_AWARE
pct70_depth5	70.0	5.0	nifD	nifD|NC_008278|NC_008278_-_Symbiosis_Island|ref28	952	2	538	2	0.5651	1.0000	11.8501	56.6106	96.8514	100.0000	0.2093	-0.4349	BIOLOGICAL_SIGNAL_BUT_MC_BACKGROUND
pct70_depth5	70.0	5.0	nifD	nifD|NC_009937|NC_009937_-_Symbiosis_Island_4|ref29	952	2	771	1	0.8099	0.5000	218.4914	6.8124	92.7478	90.6188	32.0728	0.3099	BIOLOGICAL_SIGNAL_BUT_MC_BACKGROUND
pct70_depth5	70.0	5.0	nifD	nifD|NC_011894|NC_011894_-_Symbiosis_Island|ref30	952	2	6	0	0.0063	0.0000	5.5560	0.1235	19.6640	6.3241	44.9879	0.0063	LOW_OR_LIMITED_SIGNAL
pct70_depth5	70.0	5.0	nifD	nifD|NC_012848|NC_012848_-_Symbiosis_Island_2|ref31	952	2	67	0	0.0704	0.0000	0.3516	0.0172	2.5132	0.8598	20.4390	0.0704	LOW_OR_LIMITED_SIGNAL
pct70_depth5	70.0	5.0	nifD	nifD|NC_014120|NC_014120_-_Symbiosis_Island_3|ref32	952	2	11	0	0.0116	0.0000	0.9781	0.4248	14.8566	2.0150	2.3023	0.0116	LOW_OR_LIMITED_SIGNAL
pct70_depth5	70.0	5.0	nifD	nifD|NC_015656|NC_015656_-_Symbiosis_Island|ref33	952	2	150	0	0.1576	0.0000	1.3953	1.3358	8.6291	3.8622	1.0445	0.1576	PROMISING_MC_AWARE
pct70_depth5	70.0	5.0	nifD	nifD|NC_017249|NC_017249_-_Symbiosis_Island|ref34	952	2	758	2	0.7962	1.0000	80.4780	27.4784	100.0000	100.0000	2.9288	-0.2038	BIOLOGICAL_SIGNAL_BUT_MC_BACKGROUND
pct70_depth5	70.0	5.0	nifD	nifD|NC_019848|NC_019848_-_Symbiosis_Island_2|ref35	952	2	157	0	0.1649	0.0000	3.5496	0.0549	18.9621	2.6946	64.6557	0.1649	PROMISING_MC_AWARE
pct70_depth5	70.0	5.0	nifD	nifD|NZ_CP141049|NZ_CP141049_-_Symbiosis_Island|ref36	952	2	481	0	0.5053	0.0000	18.1427	1.6095	76.8131	61.6102	11.2726	0.5053	PROMISING_MC_AWARE
pct70_depth5	70.0	5.0	nifD	nifD|NZ_HG938357|NZ_HG938357_-_Symbiosis_Island_2|ref37	952	2	0	0	0.0000	0.0000	0.1734	0.0180	3.9333	1.8000	9.6306	0.0000	NOT_SUPPORTED
pct70_depth5	70.0	5.0	nifE	nifE|CU633751|CU633751_-_Symbiosis_Island|ref38	952	2	19	0	0.0200	0.0000	0.0000	0.0000	0.0000	0.0000	0.0000	0.0200	LOW_OR_LIMITED_SIGNAL
pct70_depth5	70.0	5.0	nifE	nifE|NC_002678|NC_002678_-_Symbiosis_Island_3|ref39	952	2	136	0	0.1429	0.0000	1.1053	0.1442	16.5996	3.3870	7.6650	0.1429	PROMISING_MC_AWARE
pct70_depth5	70.0	5.0	nifE	nifE|NC_007777|NC_007777_-_Symbiosis_Island|ref40	952	2	18	0	0.0189	0.0000	0.5580	1.1579	4.9234	2.2611	0.4819	0.0189	LOW_OR_LIMITED_SIGNAL
pct70_depth5	70.0	5.0	nifE	nifE|NC_008278|NC_008278_-_Symbiosis_Island|ref41	952	2	436	2	0.4580	1.0000	6.9639	30.4584	78.9570	100.0000	0.2286	-0.5420	BIOLOGICAL_SIGNAL_BUT_MC_BACKGROUND
pct70_depth5	70.0	5.0	nifE	nifE|NC_009937|NC_009937_-_Symbiosis_Island_4|ref42	952	2	356	0	0.3739	0.0000	45.3987	1.4581	59.5960	41.7112	31.1355	0.3739	PROMISING_MC_AWARE
pct70_depth5	70.0	5.0	nifE	nifE|NC_011894|NC_011894_-_Symbiosis_Island|ref43	952	2	0	0	0.0000	0.0000	1.3255	0.0132	8.2183	0.6574	100.7947	0.0000	NOT_SUPPORTED
pct70_depth5	70.0	5.0	nifE	nifE|NC_012848|NC_012848_-_Symbiosis_Island_2|ref44	952	2	71	0	0.0746	0.0000	0.0984	0.0000	1.4206	0.0000	999999.0000	0.0746	LOW_OR_LIMITED_SIGNAL
pct70_depth5	70.0	5.0	nifE	nifE|NC_014120|NC_014120_-_Symbiosis_Island|ref45	952	2	0	0	0.0000	0.0000	0.0000	0.0000	0.0000	0.0000	0.0000	0.0000	NOT_SUPPORTED
pct70_depth5	70.0	5.0	nifE	nifE|NC_015656|NC_015656_-_Symbiosis_Island|ref46	952	2	89	0	0.0935	0.0000	1.4746	1.6125	7.4790	5.5448	0.9144	0.0935	LOW_OR_LIMITED_SIGNAL
pct70_depth5	70.0	5.0	nifE	nifE|NC_017249|NC_017249_-_Symbiosis_Island|ref47	952	2	622	2	0.6534	1.0000	63.1092	19.6253	86.5572	99.5438	3.2157	-0.3466	BIOLOGICAL_SIGNAL_BUT_MC_BACKGROUND
pct70_depth5	70.0	5.0	nifE	nifE|NC_019848|NC_019848_-_Symbiosis_Island_2|ref48	952	2	125	0	0.1313	0.0000	1.3211	0.0000	3.7736	0.0000	999999.0000	0.1313	PROMISING_MC_AWARE
pct70_depth5	70.0	5.0	nifE	nifE|NZ_CP141049|NZ_CP141049_-_Symbiosis_Island|ref49	952	2	400	0	0.4202	0.0000	8.1331	2.2676	67.0691	68.1087	3.5867	0.4202	PROMISING_MC_AWARE
pct70_depth5	70.0	5.0	nifE	nifE|NZ_HG938357|NZ_HG938357_-_Symbiosis_Island_2|ref50	952	2	0	0	0.0000	0.0000	0.1079	0.0000	1.7470	0.0000	999999.0000	0.0000	NOT_SUPPORTED
pct70_depth5	70.0	5.0	nifH	nifH|CU633751|CU633751_-_Symbiosis_Island|ref51	952	2	30	0	0.0315	0.0000	0.0578	0.0000	2.2676	0.0000	999999.0000	0.0315	LOW_OR_LIMITED_SIGNAL
pct70_depth5	70.0	5.0	nifH	nifH|NC_002678|NC_002678_-_Symbiosis_Island_3|ref52	952	2	347	0	0.3645	0.0000	31.7752	0.7673	60.2349	54.0268	41.4089	0.3645	PROMISING_MC_AWARE
pct70_depth5	70.0	5.0	nifH	nifH|NC_007777|NC_007777_-_Symbiosis_Island|ref53	952	2	180	0	0.1891	0.0000	2.2141	6.0591	35.2430	45.8333	0.3654	0.1891	LOW_OR_LIMITED_SIGNAL
pct70_depth5	70.0	5.0	nifH	nifH|NC_008278|NC_008278_-_Symbiosis_Island|ref54	952	2	558	2	0.5861	1.0000	12.5700	62.5857	98.4954	100.0000	0.2008	-0.4139	BIOLOGICAL_SIGNAL_BUT_MC_BACKGROUND
pct70_depth5	70.0	5.0	nifH	nifH|NC_009937|NC_009937_-_Symbiosis_Island_3|ref55	952	2	701	1	0.7363	0.5000	154.6779	5.9562	88.6644	70.9316	25.9692	0.2363	BIOLOGICAL_SIGNAL_BUT_MC_BACKGROUND
pct70_depth5	70.0	5.0	nifH	nifH|NC_009937|NC_009937_-_Symbiosis_Island_4|ref56	952	2	768	1	0.8067	0.5000	292.2009	5.1874	90.4602	86.6442	56.3290	0.3067	BIOLOGICAL_SIGNAL_BUT_MC_BACKGROUND
pct70_depth5	70.0	5.0	nifH	nifH|NC_011894|NC_011894_-_Symbiosis_Island|ref57	952	2	18	0	0.0189	0.0000	9.7144	1.5267	34.1111	26.6667	6.3630	0.0189	LOW_OR_LIMITED_SIGNAL
pct70_depth5	70.0	5.0	nifH	nifH|NC_012848|NC_012848_-_Symbiosis_Island_2|ref58	952	2	81	0	0.0851	0.0000	0.1357	0.0000	3.6036	0.0000	999999.0000	0.0851	LOW_OR_LIMITED_SIGNAL
pct70_depth5	70.0	5.0	nifH	nifH|NC_014120|NC_014120_-_Symbiosis_Island_3|ref59	952	2	31	0	0.0326	0.0000	0.5374	0.0000	9.6372	0.0000	999999.0000	0.0326	LOW_OR_LIMITED_SIGNAL
pct70_depth5	70.0	5.0	nifH	nifH|NC_015656|NC_015656_-_Symbiosis_Island|ref60	952	2	165	0	0.1733	0.0000	0.6993	0.0000	11.2829	0.0000	999999.0000	0.1733	PROMISING_MC_AWARE
pct70_depth5	70.0	5.0	nifH	nifH|NC_017249|NC_017249_-_Symbiosis_Island|ref61	952	2	748	2	0.7857	1.0000	126.4288	30.6570	100.0000	100.0000	4.1240	-0.2143	BIOLOGICAL_SIGNAL_BUT_MC_BACKGROUND
pct70_depth5	70.0	5.0	nifH	nifH|NC_019848|NC_019848_-_Symbiosis_Island_2|ref62	952	2	167	0	0.1754	0.0000	3.6124	0.2326	19.7428	6.3758	15.5274	0.1754	PROMISING_MC_AWARE
pct70_depth5	70.0	5.0	nifH	nifH|NZ_CP141049|NZ_CP141049_-_Symbiosis_Island|ref63	952	2	538	0	0.5651	0.0000	234.8804	2.5738	85.3468	45.6375	91.2582	0.5651	PROMISING_MC_AWARE
pct70_depth5	70.0	5.0	nifH	nifH|NZ_HG938357|NZ_HG938357_-_Symbiosis_Island_2|ref64	952	2	2	0	0.0021	0.0000	0.0000	0.0000	0.0000	0.0000	0.0000	0.0021	LOW_OR_LIMITED_SIGNAL
pct70_depth5	70.0	5.0	nifJ	nifJ|NC_007777|NC_007777_-_nifJ_CDS|ref65	952	2	34	0	0.0357	0.0000	1.8513	0.2214	10.2105	5.7878	8.3618	0.0357	LOW_OR_LIMITED_SIGNAL
pct70_depth5	70.0	5.0	nifJ	nifJ|NC_008278|NC_008278_-_nifJ_CDS|ref66	952	2	332	2	0.3487	1.0000	4.8140	14.8536	53.9682	98.6112	0.3241	-0.6513	BIOLOGICAL_SIGNAL_BUT_MC_BACKGROUND
pct70_depth5	70.0	5.0	nifK	nifK|CU633751|CU633751_-_Symbiosis_Island|ref67	952	2	22	0	0.0231	0.0000	0.0244	0.0211	1.2179	2.1154	1.1537	0.0231	LOW_OR_LIMITED_SIGNAL
pct70_depth5	70.0	5.0	nifK	nifK|NC_002678|NC_002678_-_Symbiosis_Island_3|ref68	952	2	208	0	0.2185	0.0000	1.5616	1.6057	35.8625	23.4111	0.9726	0.2185	LOW_OR_LIMITED_SIGNAL
pct70_depth5	70.0	5.0	nifK	nifK|NC_007777|NC_007777_-_Symbiosis_Island|ref69	952	2	56	0	0.0588	0.0000	1.1952	0.0244	9.2165	1.2203	48.9836	0.0588	LOW_OR_LIMITED_SIGNAL
pct70_depth5	70.0	5.0	nifK	nifK|NC_008278|NC_008278_-_Symbiosis_Island|ref70	952	2	482	2	0.5063	1.0000	7.6222	47.1586	84.0371	99.9680	0.1616	-0.4937	BIOLOGICAL_SIGNAL_BUT_MC_BACKGROUND
pct70_depth5	70.0	5.0	nifK	nifK|NC_009937|NC_009937_-_Symbiosis_Island_4|ref71	952	2	527	1	0.5536	0.5000	66.3436	6.0663	75.2884	77.4680	10.9363	0.0536	BIOLOGICAL_SIGNAL_BUT_MC_BACKGROUND
pct70_depth5	70.0	5.0	nifK	nifK|NC_011894|NC_011894_-_Symbiosis_Island|ref72	952	2	0	0	0.0000	0.0000	5.5123	0.5507	18.2586	16.2443	10.0097	0.0000	NOT_SUPPORTED
pct70_depth5	70.0	5.0	nifK	nifK|NC_012848|NC_012848_-_Symbiosis_Island_2|ref73	952	2	79	0	0.0830	0.0000	0.3043	0.0000	5.9034	0.0000	999999.0000	0.0830	LOW_OR_LIMITED_SIGNAL
pct70_depth5	70.0	5.0	nifK	nifK|NC_014120|NC_014120_-_Symbiosis_Island_3|ref74	952	2	6	0	0.0063	0.0000	1.2488	0.0000	8.7180	0.0000	999999.0000	0.0063	LOW_OR_LIMITED_SIGNAL
pct70_depth5	70.0	5.0	nifK	nifK|NC_015656|NC_015656_-_Symbiosis_Island|ref75	952	2	105	0	0.1103	0.0000	0.4705	0.1293	3.9370	1.9357	3.6398	0.1103	PROMISING_MC_AWARE
pct70_depth5	70.0	5.0	nifK	nifK|NC_017249|NC_017249_-_Symbiosis_Island|ref76	952	2	722	2	0.7584	1.0000	126.6339	28.7364	99.9358	100.0000	4.4067	-0.2416	BIOLOGICAL_SIGNAL_BUT_MC_BACKGROUND
pct70_depth5	70.0	5.0	nifK	nifK|NC_019848|NC_019848_-_Symbiosis_Island_2|ref77	952	2	145	0	0.1523	0.0000	0.3522	0.0917	7.8470	4.6368	3.8381	0.1523	PROMISING_MC_AWARE
pct70_depth5	70.0	5.0	nifK	nifK|NZ_CP141049|NZ_CP141049_-_Symbiosis_Island|ref78	952	2	376	0	0.3950	0.0000	6.3175	0.4523	67.0882	24.6109	13.9658	0.3950	PROMISING_MC_AWARE
pct70_depth5	70.0	5.0	nifK	nifK|NZ_HG938357|NZ_HG938357_-_Symbiosis_Island_2|ref79	952	2	0	0	0.0000	0.0000	0.0272	0.0000	1.2322	0.0000	999999.0000	0.0000	NOT_SUPPORTED
pct70_depth5	70.0	5.0	nifN	nifN|CU633751|CU633751_-_Symbiosis_Island|ref80	952	2	18	0	0.0189	0.0000	0.0000	0.0000	0.0000	0.0000	0.0000	0.0189	LOW_OR_LIMITED_SIGNAL
pct70_depth5	70.0	5.0	nifN	nifN|NC_002678|NC_002678_-_Symbiosis_Island_3|ref81	952	2	245	0	0.2574	0.0000	2.1573	0.1023	35.7557	5.9653	21.0880	0.2574	PROMISING_MC_AWARE
pct70_depth5	70.0	5.0	nifN	nifN|NC_009937|NC_009937_-_Symbiosis_Island_4|ref82	952	2	71	0	0.0746	0.0000	4.6067	1.7080	20.1754	52.5951	2.6972	0.0746	LOW_OR_LIMITED_SIGNAL
pct70_depth5	70.0	5.0	nifN	nifN|NC_011894|NC_011894_-_Symbiosis_Island|ref83	952	2	0	0	0.0000	0.0000	1.5832	0.2769	5.6399	2.8561	5.7174	0.0000	NOT_SUPPORTED
pct70_depth5	70.0	5.0	nifN	nifN|NC_012848|NC_012848_-_Symbiosis_Island_2|ref84	952	2	51	0	0.0536	0.0000	0.0000	0.0000	0.0000	0.0000	0.0000	0.0536	LOW_OR_LIMITED_SIGNAL
pct70_depth5	70.0	5.0	nifN	nifN|NC_014120|NC_014120_-_Symbiosis_Island|ref85	952	2	4	0	0.0042	0.0000	0.0000	0.0000	0.0000	0.0000	0.0000	0.0042	LOW_OR_LIMITED_SIGNAL
pct70_depth5	70.0	5.0	nifN	nifN|NC_015656|NC_015656_-_Symbiosis_Island|ref86	952	2	51	0	0.0536	0.0000	0.6487	8.1382	4.7414	2.2271	0.0797	0.0536	LOW_OR_LIMITED_SIGNAL
pct70_depth5	70.0	5.0	nifN	nifN|NC_017249|NC_017249_-_Symbiosis_Island|ref87	952	2	415	2	0.4359	1.0000	16.1450	15.6351	70.0000	98.6525	1.0326	-0.5641	BIOLOGICAL_SIGNAL_BUT_MC_BACKGROUND
pct70_depth5	70.0	5.0	nifN	nifN|NC_019848|NC_019848_-_Symbiosis_Island_4|ref88	952	2	120	0	0.1261	0.0000	0.1320	0.1206	1.5083	0.7541	1.0941	0.1261	PROMISING_MC_AWARE
pct70_depth5	70.0	5.0	nifN	nifN|NZ_CP141049|NZ_CP141049_-_Symbiosis_Island|ref89	952	2	151	0	0.1586	0.0000	1.0553	0.2166	22.1620	13.7744	4.8732	0.1586	PROMISING_MC_AWARE
pct70_depth5	70.0	5.0	nifN	nifN|NZ_HG938357|NZ_HG938357_-_Symbiosis_Island_2|ref90	952	2	0	0	0.0000	0.0000	0.0000	0.0149	0.0000	1.4848	0.0000	0.0000	NOT_SUPPORTED
pct70_depth5	70.0	5.0	nifQ	nifQ|CU633751|CU633751_-_Symbiosis_Island|ref91	952	2	23	0	0.0242	0.0000	0.0000	0.0000	0.0000	0.0000	0.0000	0.0242	LOW_OR_LIMITED_SIGNAL
pct70_depth5	70.0	5.0	nifQ	nifQ|NC_002678|NC_002678_-_nitrogen_fixation_protein_NifQ_CDS|ref92	952	2	0	0	0.0000	0.0000	0.1235	0.0000	3.0864	0.0000	999999.0000	0.0000	NOT_SUPPORTED
pct70_depth5	70.0	5.0	nifQ	nifQ|NC_009937|NC_009937_-_Symbiosis_Island_3|ref93	952	2	0	0	0.0000	0.0000	0.9170	0.1681	11.8550	12.6220	5.4567	0.0000	NOT_SUPPORTED
pct70_depth5	70.0	5.0	nifQ	nifQ|NC_011894|NC_011894_-_Symbiosis_Island|ref94	952	2	0	0	0.0000	0.0000	0.3928	0.1227	2.7132	1.2274	3.2000	0.0000	NOT_SUPPORTED
pct70_depth5	70.0	5.0	nifQ	nifQ|NC_014118|NC_014118_-_nitrogen_fixation_protein_NifQ_CDS|ref95	952	2	3	0	0.0032	0.0000	0.0000	0.0000	0.0000	0.0000	0.0000	0.0032	LOW_OR_LIMITED_SIGNAL
pct70_depth5	70.0	5.0	nifQ	nifQ|NC_014120|NC_014120_-_Symbiosis_Island|ref96	952	2	0	0	0.0000	0.0000	0.0000	0.0000	0.0000	0.0000	0.0000	0.0000	NOT_SUPPORTED
pct70_depth5	70.0	5.0	nifQ	nifQ|NC_017249|NC_017249_-_Symbiosis_Island|ref97	952	2	152	2	0.1597	1.0000	3.7497	7.8858	44.5665	89.7436	0.4755	-0.8403	BIOLOGICAL_SIGNAL_BUT_MC_BACKGROUND
pct70_depth5	70.0	5.0	nifQ	nifQ|NZ_CP141049|NZ_CP141049_-_nitrogen_fixation_protein_NifQ_CDS|ref98	952	2	131	0	0.1376	0.0000	1.1429	0.6934	25.3968	14.3578	1.6484	0.1376	PROMISING_MC_AWARE
pct70_depth5	70.0	5.0	nifS	nifS|NC_002678|NC_002678_-_Symbiosis_Island_2|ref99	952	2	42	0	0.0441	0.0000	0.7550	0.0000	12.3707	0.0000	999999.0000	0.0441	LOW_OR_LIMITED_SIGNAL
pct70_depth5	70.0	5.0	nifS	nifS|NC_009937|NC_009937_-_Symbiosis_Island_2|ref100	952	2	6	0	0.0063	0.0000	1.5165	0.1085	11.2637	9.9817	13.9770	0.0063	LOW_OR_LIMITED_SIGNAL
pct70_depth5	70.0	5.0	nifS	nifS|NC_017249|NC_017249_-_Symbiosis_Island|ref101	952	2	420	2	0.4412	1.0000	11.4209	13.2424	74.5347	100.0000	0.8624	-0.5588	BIOLOGICAL_SIGNAL_BUT_MC_BACKGROUND
pct70_depth5	70.0	5.0	nifT	nifT|NC_002678|NC_002678_-_Symbiosis_Island_1|ref102	952	2	16	0	0.0168	0.0000	0.0000	0.0000	0.0000	0.0000	0.0000	0.0168	LOW_OR_LIMITED_SIGNAL
pct70_depth5	70.0	5.0	nifT	nifT|NC_009937|NC_009937_-_Symbiosis_Island_2|ref103	952	2	214	0	0.2248	0.0000	0.5388	0.7808	9.1324	39.9544	0.6901	0.2248	LOW_OR_LIMITED_SIGNAL
pct70_depth5	70.0	5.0	nifT	nifT|NC_011894|NC_011894_-_Symbiosis_Island_2|ref104	952	2	0	0	0.0000	0.0000	0.0000	0.0000	0.0000	0.0000	0.0000	0.0000	NOT_SUPPORTED
pct70_depth5	70.0	5.0	nifT	nifT|NC_012848|NC_012848_-_Symbiosis_Island|ref105	952	2	16	0	0.0168	0.0000	0.0000	0.0000	0.0000	0.0000	0.0000	0.0168	LOW_OR_LIMITED_SIGNAL
pct70_depth5	70.0	5.0	nifT	nifT|NC_014120|NC_014120_-_Symbiosis_Island_2|ref106	952	2	0	0	0.0000	0.0000	0.0000	0.0000	0.0000	0.0000	0.0000	0.0000	NOT_SUPPORTED
pct70_depth5	70.0	5.0	nifT	nifT|NC_017249|NC_017249_-_Symbiosis_Island|ref107	952	2	465	2	0.4884	1.0000	5.9356	14.1488	82.6667	99.7778	0.4195	-0.5116	BIOLOGICAL_SIGNAL_BUT_MC_BACKGROUND
pct70_depth5	70.0	5.0	nifT	nifT|NC_019848|NC_019848_-_Symbiosis_Island_3|ref108	952	2	98	0	0.1029	0.0000	0.0000	0.0000	0.0000	0.0000	0.0000	0.1029	LOW_OR_LIMITED_SIGNAL
pct70_depth5	70.0	5.0	nifT	nifT|NZ_CP141049|NZ_CP141049_-_Symbiosis_Island_2|ref109	952	2	278	0	0.2920	0.0000	1.9624	0.0000	47.8873	0.0000	999999.0000	0.2920	PROMISING_MC_AWARE
pct70_depth5	70.0	5.0	nifT	nifT|NZ_HG938357|NZ_HG938357_-_Symbiosis_Island|ref110	952	2	0	0	0.0000	0.0000	0.0000	0.0000	0.0000	0.0000	0.0000	0.0000	NOT_SUPPORTED
pct70_depth5	70.0	5.0	nifU	nifU|NC_002678|NC_002678_-_NifU_family_protein_CDS|ref111	952	2	802	0	0.8424	0.0000	111.9526	3.5026	95.7018	66.7544	31.9627	0.8424	PROMISING_MC_AWARE
pct70_depth5	70.0	5.0	nifU	nifU|NC_007777|NC_007777_-_NifU_family_protein_CDS|ref112	952	2	0	0	0.0000	0.0000	0.0000	0.0000	0.0000	0.0000	0.0000	0.0000	NOT_SUPPORTED
pct70_depth5	70.0	5.0	nifU	nifU|NC_008278|NC_008278_-_NifU_family_protein_CDS|ref113	952	2	69	0	0.0725	0.0000	0.3002	0.8921	3.1674	42.6093	0.3364	0.0725	LOW_OR_LIMITED_SIGNAL
pct70_depth5	70.0	5.0	nifU	nifU|NC_009937|NC_009937_-_Symbiosis_Island_2|ref114	952	2	0	0	0.0000	0.0000	0.0000	0.0000	0.0000	0.0000	0.0000	0.0000	NOT_SUPPORTED
pct70_depth5	70.0	5.0	nifU	nifU|NC_011894|NC_011894_-_NifU_family_protein_CDS|ref115	952	2	4	0	0.0042	0.0000	2.0470	1.5266	16.3121	10.9043	1.3409	0.0042	LOW_OR_LIMITED_SIGNAL
pct70_depth5	70.0	5.0	nifU	nifU|NC_012850|NC_012850_-_NifU_family_protein_CDS|ref116	952	2	352	0	0.3697	0.0000	16.3562	0.6243	52.0282	40.8289	26.1972	0.3697	PROMISING_MC_AWARE
pct70_depth5	70.0	5.0	nifU	nifU|NC_015656|NC_015656_-_NifU_family_protein_CDS|ref117	952	2	56	0	0.0588	0.0000	0.1784	0.0000	2.2447	0.0000	999999.0000	0.0588	LOW_OR_LIMITED_SIGNAL
pct70_depth5	70.0	5.0	nifU	nifU|NC_017249|NC_017249_-_NifU_family_protein_CDS|ref118	952	2	902	2	0.9475	1.0000	919.2263	24.7228	99.8246	99.8246	37.1813	-0.0525	BIOLOGICAL_SIGNAL_BUT_MC_BACKGROUND
pct70_depth5	70.0	5.0	nifU	nifU|NC_019845|NC_019845_-_NifU_family_protein_CDS|ref119	952	2	161	0	0.1691	0.0000	2.4021	0.1834	22.3986	9.5238	13.0979	0.1691	PROMISING_MC_AWARE
pct70_depth5	70.0	5.0	nifU	nifU|NZ_CP104965|NZ_CP104965_-_NifU_family_protein_CDS|ref120	952	2	12	0	0.0126	0.0000	1.2363	0.0000	8.9065	0.0000	999999.0000	0.0126	LOW_OR_LIMITED_SIGNAL
pct70_depth5	70.0	5.0	nifU	nifU|NZ_CP141048|NZ_CP141048_-_NifU_family_protein_CDS|ref121	952	2	125	0	0.1313	0.0000	26.4804	2.0454	52.2282	28.8770	12.9460	0.1313	PROMISING_MC_AWARE
pct70_depth5	70.0	5.0	nifU	nifU|NZ_HG938355|NZ_HG938355_-_NifU_family_protein_CDS|ref122	952	2	73	0	0.0767	0.0000	3.5503	0.0335	33.3333	1.6755	105.9791	0.0767	LOW_OR_LIMITED_SIGNAL
pct70_depth5	70.0	5.0	nifV	nifV|CU633751|CU633751_-_Symbiosis_Island|ref123	952	2	20	0	0.0210	0.0000	0.0000	0.0000	0.0000	0.0000	0.0000	0.0210	LOW_OR_LIMITED_SIGNAL
pct70_depth5	70.0	5.0	nifV	nifV|NC_007777|NC_007777_-_Symbiosis_Island|ref124	952	2	7	0	0.0074	0.0000	0.6633	0.4817	3.9069	3.2835	1.3770	0.0074	LOW_OR_LIMITED_SIGNAL
pct70_depth5	70.0	5.0	nifV	nifV|NC_008278|NC_008278_-_Symbiosis_Island|ref125	952	2	327	2	0.3435	1.0000	4.0694	17.2849	52.3810	100.0000	0.2354	-0.6565	BIOLOGICAL_SIGNAL_BUT_MC_BACKGROUND
pct70_depth5	70.0	5.0	nifV	nifV|NC_009937|NC_009937_-_nifV_CDS|ref126	952	2	8	0	0.0084	0.0000	3.6617	0.6217	8.7500	19.0000	5.8903	0.0084	LOW_OR_LIMITED_SIGNAL
pct70_depth5	70.0	5.0	nifV	nifV|NC_014120|NC_014120_-_Symbiosis_Island_2|ref127	952	2	0	0	0.0000	0.0000	0.0000	0.0833	0.0000	1.6667	0.0000	0.0000	NOT_SUPPORTED
pct70_depth5	70.0	5.0	nifV	nifV|NC_015656|NC_015656_-_Symbiosis_Island|ref128	952	2	44	0	0.0462	0.0000	0.5887	0.0171	3.7704	0.8569	34.3236	0.0462	LOW_OR_LIMITED_SIGNAL
pct70_depth5	70.0	5.0	nifW	nifW|CU633751|CU633751_-_Symbiosis_Island|ref129	952	2	21	0	0.0221	0.0000	0.0000	0.0000	0.0000	0.0000	0.0000	0.0221	LOW_OR_LIMITED_SIGNAL
pct70_depth5	70.0	5.0	nifW	nifW|NC_002678|NC_002678_-_Symbiosis_Island_2|ref130	952	2	50	0	0.0525	0.0000	0.0000	0.0000	0.0000	0.0000	0.0000	0.0525	LOW_OR_LIMITED_SIGNAL
pct70_depth5	70.0	5.0	nifW	nifW|NC_007777|NC_007777_-_Symbiosis_Island|ref131	952	2	1	0	0.0011	0.0000	0.6283	0.0000	5.0439	0.0000	999999.0000	0.0011	LOW_OR_LIMITED_SIGNAL
pct70_depth5	70.0	5.0	nifW	nifW|NC_008278|NC_008278_-_Symbiosis_Island|ref132	952	2	317	2	0.3330	1.0000	1.9027	23.8321	54.7980	100.0000	0.0798	-0.6670	BIOLOGICAL_SIGNAL_BUT_MC_BACKGROUND
pct70_depth5	70.0	5.0	nifW	nifW|NC_009937|NC_009937_-_Symbiosis_Island_3|ref133	952	2	3	0	0.0032	0.0000	0.0000	0.1061	0.0000	5.3030	0.0000	0.0032	LOW_OR_LIMITED_SIGNAL
pct70_depth5	70.0	5.0	nifW	nifW|NC_011894|NC_011894_-_nifW_CDS|ref134	952	2	0	0	0.0000	0.0000	0.0000	0.7222	0.0000	5.5556	0.0000	0.0000	NOT_SUPPORTED
pct70_depth5	70.0	5.0	nifW	nifW|NC_014120|NC_014120_-_Symbiosis_Island_2|ref135	952	2	0	0	0.0000	0.0000	0.0000	0.0000	0.0000	0.0000	0.0000	0.0000	NOT_SUPPORTED
pct70_depth5	70.0	5.0	nifW	nifW|NC_015656|NC_015656_-_Symbiosis_Island|ref136	952	2	82	0	0.0861	0.0000	0.1058	2.1111	5.0265	7.5397	0.0501	0.0861	LOW_OR_LIMITED_SIGNAL
pct70_depth5	70.0	5.0	nifW	nifW|NC_017249|NC_017249_-_Symbiosis_Island|ref137	952	2	434	2	0.4559	1.0000	4.6857	8.5088	73.2456	100.0000	0.5507	-0.5441	BIOLOGICAL_SIGNAL_BUT_MC_BACKGROUND
pct70_depth5	70.0	5.0	nifW	nifW|NZ_CP141049|NZ_CP141049_-_nifW_CDS|ref138	952	2	156	0	0.1639	0.0000	0.0000	0.3750	0.0000	26.3021	0.0000	0.1639	LOW_OR_LIMITED_SIGNAL
pct70_depth5	70.0	5.0	nifX	nifX|CU633751|CU633751_-_Symbiosis_Island|ref139	952	2	23	0	0.0242	0.0000	0.0000	0.0000	0.0000	0.0000	0.0000	0.0242	LOW_OR_LIMITED_SIGNAL
pct70_depth5	70.0	5.0	nifX	nifX|NC_002678|NC_002678_-_Symbiosis_Island_3|ref140	952	2	299	0	0.3141	0.0000	2.0532	0.5080	57.1285	35.2409	4.0417	0.3141	PROMISING_MC_AWARE
pct70_depth5	70.0	5.0	nifX	nifX|NC_002678|NC_002678_-_Symbiosis_Island_3|ref141	952	2	191	0	0.2006	0.0000	1.3062	0.0000	23.4375	0.0000	999999.0000	0.2006	PROMISING_MC_AWARE
pct70_depth5	70.0	5.0	nifX	nifX|NC_007777|NC_007777_-_Symbiosis_Island|ref142	952	2	12	0	0.0126	0.0000	0.2016	0.0856	4.2793	2.1397	2.3551	0.0126	LOW_OR_LIMITED_SIGNAL
pct70_depth5	70.0	5.0	nifX	nifX|NC_007777|NC_007777_-_Symbiosis_Island|ref143	952	2	8	0	0.0084	0.0000	0.0449	0.0000	4.1379	0.0000	999999.0000	0.0084	LOW_OR_LIMITED_SIGNAL
pct70_depth5	70.0	5.0	nifX	nifX|NC_008278|NC_008278_-_Symbiosis_Island|ref144	952	2	364	2	0.3824	1.0000	3.7613	40.1994	67.1171	100.0000	0.0936	-0.6176	BIOLOGICAL_SIGNAL_BUT_MC_BACKGROUND
pct70_depth5	70.0	5.0	nifX	nifX|NC_008278|NC_008278_-_Symbiosis_Island|ref145	952	2	370	2	0.3887	1.0000	2.3438	31.5775	72.1065	100.0000	0.0742	-0.6113	BIOLOGICAL_SIGNAL_BUT_MC_BACKGROUND
pct70_depth5	70.0	5.0	nifX	nifX|NC_009937|NC_009937_-_Symbiosis_Island_4|ref146	952	2	73	0	0.0767	0.0000	2.9688	1.0301	29.8925	57.7419	2.8821	0.0767	LOW_OR_LIMITED_SIGNAL
pct70_depth5	70.0	5.0	nifX	nifX|NC_009937|NC_009937_-_Symbiosis_Island_4|ref147	952	2	168	0	0.1765	0.0000	2.0366	1.1339	26.1364	63.1313	1.7962	0.1765	PROMISING_MC_AWARE
pct70_depth5	70.0	5.0	nifX	nifX|NC_011894|NC_011894_-_Symbiosis_Island|ref148	952	2	0	0	0.0000	0.0000	0.0000	0.1491	0.0000	5.4865	0.0000	0.0000	NOT_SUPPORTED
pct70_depth5	70.0	5.0	nifX	nifX|NC_011894|NC_011894_-_Symbiosis_Island|ref149	952	2	0	0	0.0000	0.0000	0.3150	0.0345	4.0650	3.4553	9.1187	0.0000	NOT_SUPPORTED
pct70_depth5	70.0	5.0	nifX	nifX|NC_014120|NC_014120_-_Symbiosis_Island|ref150	952	2	0	0	0.0000	0.0000	0.0000	0.0000	0.0000	0.0000	0.0000	0.0000	NOT_SUPPORTED
pct70_depth5	70.0	5.0	nifX	nifX|NC_015656|NC_015656_-_Symbiosis_Island|ref151	952	2	80	0	0.0840	0.0000	1.0206	0.3704	8.0247	2.0576	2.7558	0.0840	LOW_OR_LIMITED_SIGNAL
pct70_depth5	70.0	5.0	nifX	nifX|NC_015656|NC_015656_-_Symbiosis_Island|ref152	952	2	80	0	0.0840	0.0000	0.2105	0.0000	4.7619	0.0000	999999.0000	0.0840	LOW_OR_LIMITED_SIGNAL
pct70_depth5	70.0	5.0	nifX	nifX|NC_017249|NC_017249_-_Symbiosis_Island|ref153	952	2	327	2	0.3435	1.0000	5.7183	20.1850	62.3655	100.0000	0.2833	-0.6565	BIOLOGICAL_SIGNAL_BUT_MC_BACKGROUND
pct70_depth5	70.0	5.0	nifX	nifX|NC_017249|NC_017249_-_Symbiosis_Island|ref154	952	2	424	2	0.4454	1.0000	4.5543	12.9243	78.2828	100.0000	0.3524	-0.5546	BIOLOGICAL_SIGNAL_BUT_MC_BACKGROUND
pct70_depth5	70.0	5.0	nifX	nifX|NC_019848|NC_019848_-_Symbiosis_Island_2|ref155	952	2	106	0	0.1113	0.0000	0.0000	0.0000	0.0000	0.0000	0.0000	0.1113	LOW_OR_LIMITED_SIGNAL
pct70_depth5	70.0	5.0	nifX	nifX|NZ_CP141049|NZ_CP141049_-_Symbiosis_Island|ref156	952	2	91	0	0.0956	0.0000	0.2256	0.6952	4.6748	3.8618	0.3245	0.0956	LOW_OR_LIMITED_SIGNAL
pct70_depth5	70.0	5.0	nifX	nifX|NZ_CP141049|NZ_CP141049_-_Symbiosis_Island|ref157	952	2	318	0	0.3340	0.0000	1.8438	0.9062	58.6458	9.0625	2.0345	0.3340	PROMISING_MC_AWARE
pct70_depth5	70.0	5.0	nifX	nifX|NZ_HG938357|NZ_HG938357_-_Symbiosis_Island_2|ref158	952	2	0	0	0.0000	0.0000	0.0000	0.0000	0.0000	0.0000	0.0000	0.0000	NOT_SUPPORTED
pct70_depth5	70.0	5.0	nifZ	nifZ|CU633751|CU633751_-_Symbiosis_Island|ref159	952	2	18	0	0.0189	0.0000	0.0000	0.0000	0.0000	0.0000	0.0000	0.0189	LOW_OR_LIMITED_SIGNAL
pct70_depth5	70.0	5.0	nifZ	nifZ|NC_002678|NC_002678_-_Symbiosis_Island_1|ref160	952	2	73	0	0.0767	0.0000	0.3272	0.0000	6.7278	0.0000	999999.0000	0.0767	LOW_OR_LIMITED_SIGNAL
pct70_depth5	70.0	5.0	nifZ	nifZ|NC_007777|NC_007777_-_Symbiosis_Island|ref161	952	2	1	0	0.0011	0.0000	0.3055	0.0000	5.2778	0.0000	999999.0000	0.0011	LOW_OR_LIMITED_SIGNAL
pct70_depth5	70.0	5.0	nifZ	nifZ|NC_008278|NC_008278_-_Symbiosis_Island|ref162	952	2	102	0	0.1071	0.0000	2.4331	5.2534	27.8034	49.6928	0.4632	0.1071	LOW_OR_LIMITED_SIGNAL
pct70_depth5	70.0	5.0	nifZ	nifZ|NC_009937|NC_009937_-_Symbiosis_Island_2|ref163	952	2	73	0	0.0767	0.0000	1.2173	0.7876	15.6863	39.7059	1.5456	0.0767	LOW_OR_LIMITED_SIGNAL
pct70_depth5	70.0	5.0	nifZ	nifZ|NC_009937|NC_009937_-_Symbiosis_Island_2|ref164	952	2	0	0	0.0000	0.0000	0.0000	0.0000	0.0000	0.0000	0.0000	0.0000	NOT_SUPPORTED
pct70_depth5	70.0	5.0	nifZ	nifZ|NC_011894|NC_011894_-_Symbiosis_Island_2|ref165	952	2	0	0	0.0000	0.0000	0.0000	0.2483	0.0000	3.1046	0.0000	0.0000	NOT_SUPPORTED
pct70_depth5	70.0	5.0	nifZ	nifZ|NC_014120|NC_014120_-_Symbiosis_Island_2|ref166	952	2	0	0	0.0000	0.0000	0.0000	0.0828	0.0000	4.1402	0.0000	0.0000	NOT_SUPPORTED
pct70_depth5	70.0	5.0	nifZ	nifZ|NC_015656|NC_015656_-_Symbiosis_Island|ref167	952	2	79	0	0.0830	0.0000	0.0000	0.0000	0.0000	0.0000	0.0000	0.0830	LOW_OR_LIMITED_SIGNAL
pct70_depth5	70.0	5.0	nifZ	nifZ|NC_017249|NC_017249_-_Symbiosis_Island|ref168	952	2	540	2	0.5672	1.0000	75.8778	11.2317	81.2698	100.0000	6.7557	-0.4328	BIOLOGICAL_SIGNAL_BUT_MC_BACKGROUND
pct70_depth5	70.0	5.0	nifZ	nifZ|NZ_CP141049|NZ_CP141049_-_Symbiosis_Island_2|ref169	952	2	286	0	0.3004	0.0000	1.6345	0.5795	60.2447	14.6789	2.8206	0.3004	PROMISING_MC_AWARE
pct70_depth5	70.0	5.0	nodA	nodA|CU633751|CU633751_-_Symbiosis_Island|ref170	952	2	21	0	0.0221	0.0000	0.0000	0.0000	0.0000	0.0000	0.0000	0.0221	LOW_OR_LIMITED_SIGNAL
pct70_depth5	70.0	5.0	nodA	nodA|NC_002678|NC_002678_-_Symbiosis_Island_4|ref171	952	2	0	0	0.0000	0.0000	0.1684	0.0320	6.4815	1.5994	5.2625	0.0000	NOT_SUPPORTED
pct70_depth5	70.0	5.0	nodA	nodA|NC_009937|NC_009937_-_Symbiosis_Island|ref172	952	2	0	0	0.0000	0.0000	0.0000	0.0000	0.0000	0.0000	0.0000	0.0000	NOT_SUPPORTED
pct70_depth5	70.0	5.0	nodA	nodA|NC_011894|NC_011894_-_Symbiosis_Island_3|ref173	952	2	5	0	0.0053	0.0000	0.1860	0.0000	6.9767	0.0000	999999.0000	0.0053	LOW_OR_LIMITED_SIGNAL
pct70_depth5	70.0	5.0	nodA	nodA|NC_012848|NC_012848_-_Symbiosis_Island|ref174	952	2	69	0	0.0725	0.0000	0.1929	0.0000	3.3841	0.0000	999999.0000	0.0725	LOW_OR_LIMITED_SIGNAL
pct70_depth5	70.0	5.0	nodA	nodA|NC_014120|NC_014120_-_Symbiosis_Island_4|ref175	952	2	0	0	0.0000	0.0000	0.0000	0.0000	0.0000	0.0000	0.0000	0.0000	NOT_SUPPORTED
pct70_depth5	70.0	5.0	nodA	nodA|NC_015656|NC_015656_-_Symbiosis_Island_2|ref176	952	2	117	0	0.1229	0.0000	0.0000	0.0000	0.0000	0.0000	0.0000	0.1229	LOW_OR_LIMITED_SIGNAL
pct70_depth5	70.0	5.0	nodA	nodA|NC_017249|NC_017249_-_Symbiosis_Island_2|ref177	952	2	350	2	0.3676	1.0000	8.7275	15.4866	66.6667	100.0000	0.5635	-0.6324	BIOLOGICAL_SIGNAL_BUT_MC_BACKGROUND
pct70_depth5	70.0	5.0	nodA	nodA|NC_019848|NC_019848_-_Symbiosis_Island_4|ref178	952	2	138	0	0.1450	0.0000	0.0000	0.0000	0.0000	0.0000	0.0000	0.1450	LOW_OR_LIMITED_SIGNAL
pct70_depth5	70.0	5.0	nodA	nodA|NZ_CP141049|NZ_CP141049_-_Symbiosis_Island_3|ref179	952	2	10	0	0.0105	0.0000	0.0881	0.0000	3.1746	0.0000	999999.0000	0.0105	LOW_OR_LIMITED_SIGNAL
pct70_depth5	70.0	5.0	nodA	nodA|NZ_HG938357|NZ_HG938357_-_Symbiosis_Island_2|ref180	952	2	0	0	0.0000	0.0000	0.0000	0.0000	0.0000	0.0000	0.0000	0.0000	NOT_SUPPORTED
pct70_depth5	70.0	5.0	nodB	nodB|CU633751|CU633751_-_Symbiosis_Island|ref181	952	2	24	0	0.0252	0.0000	0.0000	0.0000	0.0000	0.0000	0.0000	0.0252	LOW_OR_LIMITED_SIGNAL
pct70_depth5	70.0	5.0	nodB	nodB|NC_002678|NC_002678_-_nodB_CDS|ref182	952	2	35	0	0.0368	0.0000	0.0000	0.0000	0.0000	0.0000	0.0000	0.0368	LOW_OR_LIMITED_SIGNAL
pct70_depth5	70.0	5.0	nodB	nodB|NC_011894|NC_011894_-_Symbiosis_Island_3|ref183	952	2	17	0	0.0179	0.0000	0.3136	0.3250	9.6212	17.7273	0.9651	0.0179	LOW_OR_LIMITED_SIGNAL
pct70_depth5	70.0	5.0	nodB	nodB|NC_012848|NC_012848_-_Symbiosis_Island|ref184	952	2	83	0	0.0872	0.0000	0.0610	0.2347	2.9734	17.3709	0.2599	0.0872	LOW_OR_LIMITED_SIGNAL
pct70_depth5	70.0	5.0	nodB	nodB|NC_014120|NC_014120_-_Symbiosis_Island_4|ref185	952	2	0	0	0.0000	0.0000	0.0000	0.0000	0.0000	0.0000	0.0000	0.0000	NOT_SUPPORTED
pct70_depth5	70.0	5.0	nodB	nodB|NC_015656|NC_015656_-_Symbiosis_Island_2|ref186	952	2	122	0	0.1282	0.0000	0.0000	0.1596	0.0000	1.3305	0.0000	0.1282	LOW_OR_LIMITED_SIGNAL
pct70_depth5	70.0	5.0	nodB	nodB|NC_015656|NC_015656_-_Symbiosis_Island_3|ref187	952	2	106	0	0.1113	0.0000	0.0892	0.0000	2.2300	0.0000	999999.0000	0.1113	PROMISING_MC_AWARE
pct70_depth5	70.0	5.0	nodB	nodB|NC_017249|NC_017249_-_Symbiosis_Island_2|ref188	952	2	366	2	0.3845	1.0000	8.5666	22.9197	67.5758	100.0000	0.3738	-0.6155	BIOLOGICAL_SIGNAL_BUT_MC_BACKGROUND
pct70_depth5	70.0	5.0	nodB	nodB|NC_019848|NC_019848_-_Symbiosis_Island_4|ref189	952	2	145	0	0.1523	0.0000	0.0000	0.0000	0.0000	0.0000	0.0000	0.1523	LOW_OR_LIMITED_SIGNAL
pct70_depth5	70.0	5.0	nodB	nodB|NZ_CP141049|NZ_CP141049_-_Symbiosis_Island_3|ref190	952	2	20	0	0.0210	0.0000	0.2394	0.1182	8.1818	5.9091	2.0254	0.0210	LOW_OR_LIMITED_SIGNAL
pct70_depth5	70.0	5.0	nodB	nodB|NZ_HG938357|NZ_HG938357_-_Symbiosis_Island_2|ref191	952	2	0	0	0.0000	0.0000	0.0000	0.0000	0.0000	0.0000	0.0000	0.0000	NOT_SUPPORTED
pct70_depth5	70.0	5.0	nodC	nodC|CU633751|CU633751_-_Symbiosis_Island|ref192	952	2	23	0	0.0242	0.0000	0.0000	0.0000	0.0000	0.0000	0.0000	0.0242	LOW_OR_LIMITED_SIGNAL
pct70_depth5	70.0	5.0	nodC	nodC|NC_002678|NC_002678_-_Symbiosis_Island_4|ref193	952	2	0	0	0.0000	0.0000	0.3475	0.1043	9.8039	5.4117	3.3313	0.0000	NOT_SUPPORTED
pct70_depth5	70.0	5.0	nodC	nodC|NC_009937|NC_009937_-_Symbiosis_Island|ref194	952	2	0	0	0.0000	0.0000	0.0000	0.0000	0.0000	0.0000	0.0000	0.0000	NOT_SUPPORTED
pct70_depth5	70.0	5.0	nodC	nodC|NC_011894|NC_011894_-_Symbiosis_Island_3|ref195	952	2	1	0	0.0011	0.0000	7.2399	0.1918	23.4020	12.2337	37.7570	0.0011	LOW_OR_LIMITED_SIGNAL
pct70_depth5	70.0	5.0	nodC	nodC|NC_012848|NC_012848_-_Symbiosis_Island|ref196	952	2	88	0	0.0924	0.0000	0.6522	0.2616	7.5722	2.8103	2.4936	0.0924	LOW_OR_LIMITED_SIGNAL
pct70_depth5	70.0	5.0	nodC	nodC|NC_014120|NC_014120_-_Symbiosis_Island_4|ref197	952	2	0	0	0.0000	0.0000	0.0993	0.0357	1.9345	0.2232	2.7829	0.0000	NOT_SUPPORTED
pct70_depth5	70.0	5.0	nodC	nodC|NC_015656|NC_015656_-_Symbiosis_Island_3|ref198	952	2	131	0	0.1376	0.0000	0.3714	0.1028	4.3759	2.2450	3.6146	0.1376	PROMISING_MC_AWARE
pct70_depth5	70.0	5.0	nodC	nodC|NC_017249|NC_017249_-_Symbiosis_Island_2|ref199	952	2	389	2	0.4086	1.0000	29.7473	19.7164	67.4554	100.0000	1.5088	-0.5914	BIOLOGICAL_SIGNAL_BUT_MC_BACKGROUND
pct70_depth5	70.0	5.0	nodC	nodC|NC_019848|NC_019848_-_Symbiosis_Island_4|ref200	952	2	158	0	0.1660	0.0000	2.3321	0.0640	15.5347	3.2006	36.4398	0.1660	PROMISING_MC_AWARE
pct70_depth5	70.0	5.0	nodC	nodC|NZ_CP141049|NZ_CP141049_-_Symbiosis_Island_3|ref201	952	2	45	0	0.0473	0.0000	6.3139	0.2165	29.5171	21.0281	29.1565	0.0473	LOW_OR_LIMITED_SIGNAL
pct70_depth5	70.0	5.0	nodC	nodC|NZ_HG938357|NZ_HG938357_-_Symbiosis_Island_2|ref202	952	2	0	0	0.0000	0.0000	0.0000	0.0457	0.0000	1.5361	0.0000	0.0000	NOT_SUPPORTED
pct70_depth5	70.0	5.0	nodD	nodD|CU633751|CU633751_-_Symbiosis_Island|ref203	952	2	20	0	0.0210	0.0000	0.0000	0.0000	0.0000	0.0000	0.0000	0.0210	LOW_OR_LIMITED_SIGNAL
pct70_depth5	70.0	5.0	nodH	nodH|CU633751|CU633751_-_Symbiosis_Island|ref204	952	2	20	0	0.0210	0.0000	0.0000	0.0000	0.0000	0.0000	0.0000	0.0210	LOW_OR_LIMITED_SIGNAL
pct70_depth5	70.0	5.0	nodI	nodI|CU633751|CU633751_-_Symbiosis_Island|ref205	952	2	22	0	0.0231	0.0000	0.0415	0.0000	2.0765	0.0000	999999.0000	0.0231	LOW_OR_LIMITED_SIGNAL
pct70_depth5	70.0	5.0	nodI	nodI|NC_002678|NC_002678_-_Symbiosis_Island_4|ref206	952	2	89	0	0.0935	0.0000	18.7972	1.3532	38.2267	7.2675	13.8910	0.0935	LOW_OR_LIMITED_SIGNAL
pct70_depth5	70.0	5.0	nodI	nodI|NC_011894|NC_011894_-_Symbiosis_Island_3|ref207	952	2	229	0	0.2405	0.0000	12.1535	1.7273	49.9454	31.9672	7.0360	0.2405	PROMISING_MC_AWARE
pct70_depth5	70.0	5.0	nodI	nodI|NC_012848|NC_012848_-_Symbiosis_Island|ref208	952	2	45	0	0.0473	0.0000	0.0578	0.0000	1.9436	0.0000	999999.0000	0.0473	LOW_OR_LIMITED_SIGNAL
pct70_depth5	70.0	5.0	nodI	nodI|NC_014120|NC_014120_-_Symbiosis_Island_4|ref209	952	2	0	0	0.0000	0.0000	0.0886	0.0000	2.2155	0.0000	999999.0000	0.0000	NOT_SUPPORTED
pct70_depth5	70.0	5.0	nodI	nodI|NC_017249|NC_017249_-_Symbiosis_Island_2|ref210	952	2	568	2	0.5966	1.0000	47.7921	22.0928	87.4050	100.0000	2.1632	-0.4034	BIOLOGICAL_SIGNAL_BUT_MC_BACKGROUND
pct70_depth5	70.0	5.0	nodI	nodI|NC_019848|NC_019848_-_Symbiosis_Island_4|ref211	952	2	137	0	0.1439	0.0000	0.6826	0.0000	8.8015	0.0000	999999.0000	0.1439	PROMISING_MC_AWARE
pct70_depth5	70.0	5.0	nodI	nodI|NZ_CP141049|NZ_CP141049_-_Symbiosis_Island_3|ref212	952	2	130	0	0.1366	0.0000	5.9901	1.5347	30.5556	13.6905	3.9031	0.1366	PROMISING_MC_AWARE
pct70_depth5	70.0	5.0	nodI	nodI|NZ_HG938357|NZ_HG938357_-_Symbiosis_Island_2|ref213	952	2	0	0	0.0000	0.0000	0.0747	0.0000	1.8199	0.0000	999999.0000	0.0000	NOT_SUPPORTED
pct70_depth5	70.0	5.0	nodJ	nodJ|CU633751|CU633751_-_Symbiosis_Island|ref214	952	2	15	0	0.0158	0.0000	0.0000	0.0000	0.0000	0.0000	0.0000	0.0158	LOW_OR_LIMITED_SIGNAL
pct70_depth5	70.0	5.0	nodL	nodL|NC_019848|NC_019848_-_Symbiosis_Island_5|ref215	952	2	161	0	0.1691	0.0000	1.4973	0.0000	11.7754	0.0000	999999.0000	0.1691	PROMISING_MC_AWARE
pct70_depth5	70.0	5.0	nodQ	nodQ|CU633751|CU633751_-_Symbiosis_Island|ref216	952	2	19	0	0.0200	0.0000	0.0000	1.0766	0.0000	3.1667	0.0000	0.0200	LOW_OR_LIMITED_SIGNAL
pct70_depth5	70.0	5.0	nodQ	nodQ|NC_019848|NC_019848_-_Symbiosis_Island_4|ref217	952	2	228	0	0.2395	0.0000	159.4862	4.4348	35.2803	31.7497	35.9620	0.2395	PROMISING_MC_AWARE
pct70_depth5	70.0	5.0	nodS	nodS|CU633751|CU633751_-_Symbiosis_Island|ref218	952	2	20	0	0.0210	0.0000	0.0000	0.0000	0.0000	0.0000	0.0000	0.0210	LOW_OR_LIMITED_SIGNAL
pct70_depth5	70.0	5.0	nodS	nodS|NC_002678|NC_002678_-_Symbiosis_Island_4|ref219	952	2	22	0	0.0231	0.0000	0.0000	0.0000	0.0000	0.0000	0.0000	0.0231	LOW_OR_LIMITED_SIGNAL
pct70_depth5	70.0	5.0	nodS	nodS|NC_014120|NC_014120_-_Symbiosis_Island_4|ref220	952	2	0	0	0.0000	0.0000	0.0000	0.0000	0.0000	0.0000	0.0000	0.0000	NOT_SUPPORTED
pct70_depth5	70.0	5.0	nodS	nodS|NC_017249|NC_017249_-_Symbiosis_Island_2|ref221	952	2	290	2	0.3046	1.0000	2.5785	14.1365	55.8730	100.0000	0.1824	-0.6954	BIOLOGICAL_SIGNAL_BUT_MC_BACKGROUND
pct70_depth5	70.0	5.0	nodU	nodU|CU633751|CU633751_-_Symbiosis_Island|ref222	952	2	22	0	0.0231	0.0000	0.0453	0.0000	1.4518	0.0000	999999.0000	0.0231	LOW_OR_LIMITED_SIGNAL
pct70_depth5	70.0	5.0	nodU	nodU|NC_009937|NC_009937_-_Symbiosis_Island|ref223	952	2	0	0	0.0000	0.0000	0.0000	0.0000	0.0000	0.0000	0.0000	0.0000	NOT_SUPPORTED
pct70_depth5	70.0	5.0	nodU	nodU|NC_014120|NC_014120_-_Symbiosis_Island_4|ref224	952	2	0	0	0.0000	0.0000	0.3419	0.0621	3.4078	2.4628	5.5012	0.0000	NOT_SUPPORTED
pct70_depth5	70.0	5.0	nodU	nodU|NC_017249|NC_017249_-_Symbiosis_Island_2|ref225	952	2	523	2	0.5494	1.0000	21.0868	20.6076	84.2982	100.0000	1.0233	-0.4506	BIOLOGICAL_SIGNAL_BUT_MC_BACKGROUND
pct70_depth5	70.0	5.0	nodU	nodU|NZ_HG938357|NZ_HG938357_-_Symbiosis_Island|ref226	952	2	0	0	0.0000	0.0000	0.0736	0.0000	1.2259	0.0000	999999.0000	0.0000	NOT_SUPPORTED
pct70_depth5	70.0	5.0	nodX	nodX|NC_012848|NC_012848_-_nodX_CDS|ref227	952	2	85	0	0.0893	0.0000	0.0000	0.0000	0.0000	0.0000	0.0000	0.0893	LOW_OR_LIMITED_SIGNAL
pct70_depth5	70.0	5.0	nodZ	nodZ|NC_002678|NC_002678_-_nodulation_protein_NodZ_CDS|ref228	952	2	11	0	0.0116	0.0000	0.0000	0.1414	0.0000	9.6969	0.0000	0.0116	LOW_OR_LIMITED_SIGNAL
pct70_depth5	70.0	5.0	nodZ	nodZ|NC_002678|NC_002678_-_nodulation_protein_NodZ_CDS|ref229	952	2	0	0	0.0000	0.0000	0.0000	0.0000	0.0000	0.0000	0.0000	0.0000	NOT_SUPPORTED
pct70_depth5	70.0	5.0	nodZ	nodZ|NC_009937|NC_009937_-_Symbiosis_Island|ref230	952	2	0	0	0.0000	0.0000	0.0000	0.0000	0.0000	0.0000	0.0000	0.0000	NOT_SUPPORTED
pct70_depth5	70.0	5.0	nodZ	nodZ|NC_017249|NC_017249_-_Symbiosis_Island_2|ref231	952	2	463	2	0.4863	1.0000	8.3594	17.8454	77.7179	100.0000	0.4684	-0.5137	BIOLOGICAL_SIGNAL_BUT_MC_BACKGROUND
pct50_depth5	50.0	5.0	nifA	nifA|CU633751|CU633751_-_Symbiosis_Island|ref1	952	2	22	0	0.0231	0.0000	0.8407	6.4283	2.3897	5.7291	0.1308	0.0231	LOW_OR_LIMITED_SIGNAL
pct50_depth5	50.0	5.0	nifA	nifA|NC_002678|NC_002678_-_Symbiosis_Island_1|ref2	952	2	73	0	0.0767	0.0000	1.5783	22.4554	6.8143	8.7451	0.0703	0.0767	LOW_OR_LIMITED_SIGNAL
pct50_depth5	50.0	5.0	nifA	nifA|NC_002678|NC_002678_-_nifA_CDS|ref3	952	2	405	0	0.4254	0.0000	45.6949	19.3573	45.6003	22.0571	2.3606	0.4254	PROMISING_MC_AWARE
pct50_depth5	50.0	5.0	nifA	nifA|NC_009937|NC_009937_-_nifA_CDS|ref4	952	2	64	1	0.0672	0.5000	31.5519	164.3573	16.8397	36.8224	0.1920	-0.4328	LOW_OR_LIMITED_SIGNAL
pct50_depth5	50.0	5.0	nifA	nifA|NC_011894|NC_011894_-_Symbiosis_Island_2|ref5	952	2	0	0	0.0000	0.0000	12.5928	67.2536	13.1111	11.9167	0.1872	0.0000	NOT_SUPPORTED
pct50_depth5	50.0	5.0	nifA	nifA|NC_012848|NC_012848_-_Symbiosis_Island|ref6	952	2	70	0	0.0735	0.0000	1.6875	0.1385	6.2789	10.2032	12.1838	0.0735	LOW_OR_LIMITED_SIGNAL
pct50_depth5	50.0	5.0	nifA	nifA|NC_014120|NC_014120_-_Symbiosis_Island|ref7	952	2	6	0	0.0063	0.0000	4.4724	49.8081	7.8931	7.5895	0.0898	0.0063	LOW_OR_LIMITED_SIGNAL
pct50_depth5	50.0	5.0	nifA	nifA|NC_017249|NC_017249_-_Symbiosis_Island_2|ref8	952	2	499	2	0.5242	1.0000	20.5446	12.3715	59.4609	95.6821	1.6606	-0.4758	BIOLOGICAL_SIGNAL_BUT_MC_BACKGROUND
pct50_depth5	50.0	5.0	nifA	nifA|NC_019848|NC_019848_-_Symbiosis_Island_3|ref9	952	2	107	0	0.1124	0.0000	0.1304	0.0000	1.5682	0.0000	999999.0000	0.1124	PROMISING_MC_AWARE
pct50_depth5	50.0	5.0	nifA	nifA|NZ_CP141049|NZ_CP141049_-_Symbiosis_Island_2|ref10	952	2	256	0	0.2689	0.0000	2.7171	1.1068	36.9322	26.8437	2.4549	0.2689	PROMISING_MC_AWARE
pct50_depth5	50.0	5.0	nifA	nifA|NZ_HG938357|NZ_HG938357_-_Symbiosis_Island|ref11	952	2	0	0	0.0000	0.0000	0.0375	0.0000	1.2300	0.0000	999999.0000	0.0000	NOT_SUPPORTED
pct50_depth5	50.0	5.0	nifB	nifB|CU633751|CU633751_-_Symbiosis_Island|ref12	952	2	22	0	0.0231	0.0000	0.1011	0.6008	3.7850	0.6680	0.1683	0.0231	LOW_OR_LIMITED_SIGNAL
pct50_depth5	50.0	5.0	nifB	nifB|NC_002678|NC_002678_-_Symbiosis_Island_1|ref13	952	2	182	0	0.1912	0.0000	2.0716	0.1134	24.8313	8.0972	18.2757	0.1912	PROMISING_MC_AWARE
pct50_depth5	50.0	5.0	nifB	nifB|NC_007777|NC_007777_-_Symbiosis_Island|ref14	952	2	88	0	0.0924	0.0000	2.7393	0.1689	13.4785	6.9129	16.2182	0.0924	LOW_OR_LIMITED_SIGNAL
pct50_depth5	50.0	5.0	nifB	nifB|NC_008278|NC_008278_-_Symbiosis_Island|ref15	952	2	482	2	0.5063	1.0000	8.5657	31.8777	70.5502	93.9806	0.2687	-0.4937	BIOLOGICAL_SIGNAL_BUT_MC_BACKGROUND
pct50_depth5	50.0	5.0	nifB	nifB|NC_009937|NC_009937_-_Symbiosis_Island_2|ref16	952	2	673	1	0.7069	0.5000	169.9189	3.9792	73.1731	73.4295	42.7018	0.2069	BIOLOGICAL_SIGNAL_BUT_MC_BACKGROUND
pct50_depth5	50.0	5.0	nifB	nifB|NC_011894|NC_011894_-_Symbiosis_Island_2|ref17	952	2	6	0	0.0063	0.0000	1.5181	0.2665	8.7508	2.1042	5.6962	0.0063	LOW_OR_LIMITED_SIGNAL
pct50_depth5	50.0	5.0	nifB	nifB|NC_012848|NC_012848_-_Symbiosis_Island|ref18	952	2	73	0	0.0767	0.0000	0.0197	0.0000	1.2899	0.0000	999999.0000	0.0767	LOW_OR_LIMITED_SIGNAL
pct50_depth5	50.0	5.0	nifB	nifB|NC_014120|NC_014120_-_Symbiosis_Island_2|ref19	952	2	5	0	0.0053	0.0000	0.1676	1.5916	1.7824	3.6585	0.1053	0.0053	LOW_OR_LIMITED_SIGNAL
pct50_depth5	50.0	5.0	nifB	nifB|NC_015656|NC_015656_-_Symbiosis_Island|ref20	952	2	114	0	0.1197	0.0000	1.6929	0.0226	10.5546	0.5665	74.7417	0.1197	PROMISING_MC_AWARE
pct50_depth5	50.0	5.0	nifB	nifB|NC_017249|NC_017249_-_Symbiosis_Island|ref21	952	2	636	2	0.6681	1.0000	41.0580	16.7630	80.3333	98.8333	2.4493	-0.3319	BIOLOGICAL_SIGNAL_BUT_MC_BACKGROUND
pct50_depth5	50.0	5.0	nifB	nifB|NC_019848|NC_019848_-_Symbiosis_Island_3|ref22	952	2	123	0	0.1292	0.0000	0.3883	0.0258	4.9898	0.6450	15.0504	0.1292	PROMISING_MC_AWARE
pct50_depth5	50.0	5.0	nifB	nifB|NZ_CP141049|NZ_CP141049_-_Symbiosis_Island_2|ref23	952	2	386	0	0.4055	0.0000	7.0793	1.8344	51.8218	39.4736	3.8593	0.4055	PROMISING_MC_AWARE
pct50_depth5	50.0	5.0	nifB	nifB|NZ_HG938357|NZ_HG938357_-_Symbiosis_Island|ref24	952	2	0	0	0.0000	0.0000	0.0000	0.0000	0.0000	0.0000	0.0000	0.0000	NOT_SUPPORTED
pct50_depth5	50.0	5.0	nifD	nifD|CU633751|CU633751_-_Symbiosis_Island|ref25	952	2	28	0	0.0294	0.0000	0.0000	0.0000	0.0000	0.0000	0.0000	0.0294	LOW_OR_LIMITED_SIGNAL
pct50_depth5	50.0	5.0	nifD	nifD|NC_002678|NC_002678_-_Symbiosis_Island_3|ref26	952	2	264	0	0.2773	0.0000	6.4070	0.6109	34.5950	28.7185	10.4878	0.2773	PROMISING_MC_AWARE
pct50_depth5	50.0	5.0	nifD	nifD|NC_007777|NC_007777_-_Symbiosis_Island|ref27	952	2	185	0	0.1943	0.0000	1.2348	0.5058	15.4688	13.5181	2.4413	0.1943	PROMISING_MC_AWARE
pct50_depth5	50.0	5.0	nifD	nifD|NC_008278|NC_008278_-_Symbiosis_Island|ref28	952	2	554	2	0.5819	1.0000	11.8501	56.6106	96.8514	100.0000	0.2093	-0.4181	BIOLOGICAL_SIGNAL_BUT_MC_BACKGROUND
pct50_depth5	50.0	5.0	nifD	nifD|NC_009937|NC_009937_-_Symbiosis_Island_4|ref29	952	2	826	1	0.8676	0.5000	218.4914	6.8124	92.7478	90.6188	32.0728	0.3676	BIOLOGICAL_SIGNAL_BUT_MC_BACKGROUND
pct50_depth5	50.0	5.0	nifD	nifD|NC_011894|NC_011894_-_Symbiosis_Island|ref30	952	2	56	0	0.0588	0.0000	5.5560	0.1235	19.6640	6.3241	44.9879	0.0588	LOW_OR_LIMITED_SIGNAL
pct50_depth5	50.0	5.0	nifD	nifD|NC_012848|NC_012848_-_Symbiosis_Island_2|ref31	952	2	73	0	0.0767	0.0000	0.3516	0.0172	2.5132	0.8598	20.4390	0.0767	LOW_OR_LIMITED_SIGNAL
pct50_depth5	50.0	5.0	nifD	nifD|NC_014120|NC_014120_-_Symbiosis_Island_3|ref32	952	2	34	0	0.0357	0.0000	0.9781	0.4248	14.8566	2.0150	2.3023	0.0357	LOW_OR_LIMITED_SIGNAL
pct50_depth5	50.0	5.0	nifD	nifD|NC_015656|NC_015656_-_Symbiosis_Island|ref33	952	2	153	0	0.1607	0.0000	1.3953	1.3358	8.6291	3.8622	1.0445	0.1607	PROMISING_MC_AWARE
pct50_depth5	50.0	5.0	nifD	nifD|NC_017249|NC_017249_-_Symbiosis_Island|ref34	952	2	765	2	0.8036	1.0000	80.4780	27.4784	100.0000	100.0000	2.9288	-0.1964	BIOLOGICAL_SIGNAL_BUT_MC_BACKGROUND
pct50_depth5	50.0	5.0	nifD	nifD|NC_019848|NC_019848_-_Symbiosis_Island_2|ref35	952	2	175	0	0.1838	0.0000	3.5496	0.0549	18.9621	2.6946	64.6557	0.1838	PROMISING_MC_AWARE
pct50_depth5	50.0	5.0	nifD	nifD|NZ_CP141049|NZ_CP141049_-_Symbiosis_Island|ref36	952	2	560	0	0.5882	0.0000	18.1427	1.6095	76.8131	61.6102	11.2726	0.5882	PROMISING_MC_AWARE
pct50_depth5	50.0	5.0	nifD	nifD|NZ_HG938357|NZ_HG938357_-_Symbiosis_Island_2|ref37	952	2	0	0	0.0000	0.0000	0.1734	0.0180	3.9333	1.8000	9.6306	0.0000	NOT_SUPPORTED
pct50_depth5	50.0	5.0	nifE	nifE|CU633751|CU633751_-_Symbiosis_Island|ref38	952	2	20	0	0.0210	0.0000	0.0000	0.0000	0.0000	0.0000	0.0000	0.0210	LOW_OR_LIMITED_SIGNAL
pct50_depth5	50.0	5.0	nifE	nifE|NC_002678|NC_002678_-_Symbiosis_Island_3|ref39	952	2	166	0	0.1744	0.0000	1.1053	0.1442	16.5996	3.3870	7.6650	0.1744	PROMISING_MC_AWARE
pct50_depth5	50.0	5.0	nifE	nifE|NC_007777|NC_007777_-_Symbiosis_Island|ref40	952	2	55	0	0.0578	0.0000	0.5580	1.1579	4.9234	2.2611	0.4819	0.0578	LOW_OR_LIMITED_SIGNAL
pct50_depth5	50.0	5.0	nifE	nifE|NC_008278|NC_008278_-_Symbiosis_Island|ref41	952	2	443	2	0.4653	1.0000	6.9639	30.4584	78.9570	100.0000	0.2286	-0.5347	BIOLOGICAL_SIGNAL_BUT_MC_BACKGROUND
pct50_depth5	50.0	5.0	nifE	nifE|NC_009937|NC_009937_-_Symbiosis_Island_4|ref42	952	2	554	0	0.5819	0.0000	45.3987	1.4581	59.5960	41.7112	31.1355	0.5819	PROMISING_MC_AWARE
pct50_depth5	50.0	5.0	nifE	nifE|NC_011894|NC_011894_-_Symbiosis_Island|ref43	952	2	3	0	0.0032	0.0000	1.3255	0.0132	8.2183	0.6574	100.7947	0.0032	LOW_OR_LIMITED_SIGNAL
pct50_depth5	50.0	5.0	nifE	nifE|NC_012848|NC_012848_-_Symbiosis_Island_2|ref44	952	2	75	0	0.0788	0.0000	0.0984	0.0000	1.4206	0.0000	999999.0000	0.0788	LOW_OR_LIMITED_SIGNAL
pct50_depth5	50.0	5.0	nifE	nifE|NC_014120|NC_014120_-_Symbiosis_Island|ref45	952	2	6	0	0.0063	0.0000	0.0000	0.0000	0.0000	0.0000	0.0000	0.0063	LOW_OR_LIMITED_SIGNAL
pct50_depth5	50.0	5.0	nifE	nifE|NC_015656|NC_015656_-_Symbiosis_Island|ref46	952	2	112	0	0.1176	0.0000	1.4746	1.6125	7.4790	5.5448	0.9144	0.1176	LOW_OR_LIMITED_SIGNAL
pct50_depth5	50.0	5.0	nifE	nifE|NC_017249|NC_017249_-_Symbiosis_Island|ref47	952	2	662	2	0.6954	1.0000	63.1092	19.6253	86.5572	99.5438	3.2157	-0.3046	BIOLOGICAL_SIGNAL_BUT_MC_BACKGROUND
pct50_depth5	50.0	5.0	nifE	nifE|NC_019848|NC_019848_-_Symbiosis_Island_2|ref48	952	2	130	0	0.1366	0.0000	1.3211	0.0000	3.7736	0.0000	999999.0000	0.1366	PROMISING_MC_AWARE
pct50_depth5	50.0	5.0	nifE	nifE|NZ_CP141049|NZ_CP141049_-_Symbiosis_Island|ref49	952	2	438	0	0.4601	0.0000	8.1331	2.2676	67.0691	68.1087	3.5867	0.4601	PROMISING_MC_AWARE
pct50_depth5	50.0	5.0	nifE	nifE|NZ_HG938357|NZ_HG938357_-_Symbiosis_Island_2|ref50	952	2	0	0	0.0000	0.0000	0.1079	0.0000	1.7470	0.0000	999999.0000	0.0000	NOT_SUPPORTED
pct50_depth5	50.0	5.0	nifH	nifH|CU633751|CU633751_-_Symbiosis_Island|ref51	952	2	31	0	0.0326	0.0000	0.0578	0.0000	2.2676	0.0000	999999.0000	0.0326	LOW_OR_LIMITED_SIGNAL
pct50_depth5	50.0	5.0	nifH	nifH|NC_002678|NC_002678_-_Symbiosis_Island_3|ref52	952	2	543	0	0.5704	0.0000	31.7752	0.7673	60.2349	54.0268	41.4089	0.5704	PROMISING_MC_AWARE
pct50_depth5	50.0	5.0	nifH	nifH|NC_007777|NC_007777_-_Symbiosis_Island|ref53	952	2	217	0	0.2279	0.0000	2.2141	6.0591	35.2430	45.8333	0.3654	0.2279	LOW_OR_LIMITED_SIGNAL
pct50_depth5	50.0	5.0	nifH	nifH|NC_008278|NC_008278_-_Symbiosis_Island|ref54	952	2	573	2	0.6019	1.0000	12.5700	62.5857	98.4954	100.0000	0.2008	-0.3981	BIOLOGICAL_SIGNAL_BUT_MC_BACKGROUND
pct50_depth5	50.0	5.0	nifH	nifH|NC_009937|NC_009937_-_Symbiosis_Island_3|ref55	952	2	771	1	0.8099	0.5000	154.6779	5.9562	88.6644	70.9316	25.9692	0.3099	BIOLOGICAL_SIGNAL_BUT_MC_BACKGROUND
pct50_depth5	50.0	5.0	nifH	nifH|NC_009937|NC_009937_-_Symbiosis_Island_4|ref56	952	2	817	1	0.8582	0.5000	292.2009	5.1874	90.4602	86.6442	56.3290	0.3582	BIOLOGICAL_SIGNAL_BUT_MC_BACKGROUND
pct50_depth5	50.0	5.0	nifH	nifH|NC_011894|NC_011894_-_Symbiosis_Island|ref57	952	2	155	0	0.1628	0.0000	9.7144	1.5267	34.1111	26.6667	6.3630	0.1628	PROMISING_MC_AWARE
pct50_depth5	50.0	5.0	nifH	nifH|NC_012848|NC_012848_-_Symbiosis_Island_2|ref58	952	2	88	0	0.0924	0.0000	0.1357	0.0000	3.6036	0.0000	999999.0000	0.0924	LOW_OR_LIMITED_SIGNAL
pct50_depth5	50.0	5.0	nifH	nifH|NC_014120|NC_014120_-_Symbiosis_Island_3|ref59	952	2	40	0	0.0420	0.0000	0.5374	0.0000	9.6372	0.0000	999999.0000	0.0420	LOW_OR_LIMITED_SIGNAL
pct50_depth5	50.0	5.0	nifH	nifH|NC_015656|NC_015656_-_Symbiosis_Island|ref60	952	2	193	0	0.2027	0.0000	0.6993	0.0000	11.2829	0.0000	999999.0000	0.2027	PROMISING_MC_AWARE
pct50_depth5	50.0	5.0	nifH	nifH|NC_017249|NC_017249_-_Symbiosis_Island|ref61	952	2	759	2	0.7973	1.0000	126.4288	30.6570	100.0000	100.0000	4.1240	-0.2027	BIOLOGICAL_SIGNAL_BUT_MC_BACKGROUND
pct50_depth5	50.0	5.0	nifH	nifH|NC_019848|NC_019848_-_Symbiosis_Island_2|ref62	952	2	180	0	0.1891	0.0000	3.6124	0.2326	19.7428	6.3758	15.5274	0.1891	PROMISING_MC_AWARE
pct50_depth5	50.0	5.0	nifH	nifH|NZ_CP141049|NZ_CP141049_-_Symbiosis_Island|ref63	952	2	660	0	0.6933	0.0000	234.8804	2.5738	85.3468	45.6375	91.2582	0.6933	PROMISING_MC_AWARE
pct50_depth5	50.0	5.0	nifH	nifH|NZ_HG938357|NZ_HG938357_-_Symbiosis_Island_2|ref64	952	2	7	0	0.0074	0.0000	0.0000	0.0000	0.0000	0.0000	0.0000	0.0074	LOW_OR_LIMITED_SIGNAL
pct50_depth5	50.0	5.0	nifJ	nifJ|NC_007777|NC_007777_-_nifJ_CDS|ref65	952	2	70	0	0.0735	0.0000	1.8513	0.2214	10.2105	5.7878	8.3618	0.0735	LOW_OR_LIMITED_SIGNAL
pct50_depth5	50.0	5.0	nifJ	nifJ|NC_008278|NC_008278_-_nifJ_CDS|ref66	952	2	359	2	0.3771	1.0000	4.8140	14.8536	53.9682	98.6112	0.3241	-0.6229	BIOLOGICAL_SIGNAL_BUT_MC_BACKGROUND
pct50_depth5	50.0	5.0	nifK	nifK|CU633751|CU633751_-_Symbiosis_Island|ref67	952	2	23	0	0.0242	0.0000	0.0244	0.0211	1.2179	2.1154	1.1537	0.0242	LOW_OR_LIMITED_SIGNAL
pct50_depth5	50.0	5.0	nifK	nifK|NC_002678|NC_002678_-_Symbiosis_Island_3|ref68	952	2	246	0	0.2584	0.0000	1.5616	1.6057	35.8625	23.4111	0.9726	0.2584	LOW_OR_LIMITED_SIGNAL
pct50_depth5	50.0	5.0	nifK	nifK|NC_007777|NC_007777_-_Symbiosis_Island|ref69	952	2	93	0	0.0977	0.0000	1.1952	0.0244	9.2165	1.2203	48.9836	0.0977	LOW_OR_LIMITED_SIGNAL
pct50_depth5	50.0	5.0	nifK	nifK|NC_008278|NC_008278_-_Symbiosis_Island|ref70	952	2	492	2	0.5168	1.0000	7.6222	47.1586	84.0371	99.9680	0.1616	-0.4832	BIOLOGICAL_SIGNAL_BUT_MC_BACKGROUND
pct50_depth5	50.0	5.0	nifK	nifK|NC_009937|NC_009937_-_Symbiosis_Island_4|ref71	952	2	698	1	0.7332	0.5000	66.3436	6.0663	75.2884	77.4680	10.9363	0.2332	BIOLOGICAL_SIGNAL_BUT_MC_BACKGROUND
pct50_depth5	50.0	5.0	nifK	nifK|NC_011894|NC_011894_-_Symbiosis_Island|ref72	952	2	25	0	0.0263	0.0000	5.5123	0.5507	18.2586	16.2443	10.0097	0.0263	LOW_OR_LIMITED_SIGNAL
pct50_depth5	50.0	5.0	nifK	nifK|NC_012848|NC_012848_-_Symbiosis_Island_2|ref73	952	2	89	0	0.0935	0.0000	0.3043	0.0000	5.9034	0.0000	999999.0000	0.0935	LOW_OR_LIMITED_SIGNAL
pct50_depth5	50.0	5.0	nifK	nifK|NC_014120|NC_014120_-_Symbiosis_Island_3|ref74	952	2	8	0	0.0084	0.0000	1.2488	0.0000	8.7180	0.0000	999999.0000	0.0084	LOW_OR_LIMITED_SIGNAL
pct50_depth5	50.0	5.0	nifK	nifK|NC_015656|NC_015656_-_Symbiosis_Island|ref75	952	2	107	0	0.1124	0.0000	0.4705	0.1293	3.9370	1.9357	3.6398	0.1124	PROMISING_MC_AWARE
pct50_depth5	50.0	5.0	nifK	nifK|NC_017249|NC_017249_-_Symbiosis_Island|ref76	952	2	742	2	0.7794	1.0000	126.6339	28.7364	99.9358	100.0000	4.4067	-0.2206	BIOLOGICAL_SIGNAL_BUT_MC_BACKGROUND
pct50_depth5	50.0	5.0	nifK	nifK|NC_019848|NC_019848_-_Symbiosis_Island_2|ref77	952	2	176	0	0.1849	0.0000	0.3522	0.0917	7.8470	4.6368	3.8381	0.1849	PROMISING_MC_AWARE
pct50_depth5	50.0	5.0	nifK	nifK|NZ_CP141049|NZ_CP141049_-_Symbiosis_Island|ref78	952	2	404	0	0.4244	0.0000	6.3175	0.4523	67.0882	24.6109	13.9658	0.4244	PROMISING_MC_AWARE
pct50_depth5	50.0	5.0	nifK	nifK|NZ_HG938357|NZ_HG938357_-_Symbiosis_Island_2|ref79	952	2	0	0	0.0000	0.0000	0.0272	0.0000	1.2322	0.0000	999999.0000	0.0000	NOT_SUPPORTED
pct50_depth5	50.0	5.0	nifN	nifN|CU633751|CU633751_-_Symbiosis_Island|ref80	952	2	18	0	0.0189	0.0000	0.0000	0.0000	0.0000	0.0000	0.0000	0.0189	LOW_OR_LIMITED_SIGNAL
pct50_depth5	50.0	5.0	nifN	nifN|NC_002678|NC_002678_-_Symbiosis_Island_3|ref81	952	2	267	0	0.2805	0.0000	2.1573	0.1023	35.7557	5.9653	21.0880	0.2805	PROMISING_MC_AWARE
pct50_depth5	50.0	5.0	nifN	nifN|NC_009937|NC_009937_-_Symbiosis_Island_4|ref82	952	2	137	0	0.1439	0.0000	4.6067	1.7080	20.1754	52.5951	2.6972	0.1439	PROMISING_MC_AWARE
pct50_depth5	50.0	5.0	nifN	nifN|NC_011894|NC_011894_-_Symbiosis_Island|ref83	952	2	0	0	0.0000	0.0000	1.5832	0.2769	5.6399	2.8561	5.7174	0.0000	NOT_SUPPORTED
pct50_depth5	50.0	5.0	nifN	nifN|NC_012848|NC_012848_-_Symbiosis_Island_2|ref84	952	2	51	0	0.0536	0.0000	0.0000	0.0000	0.0000	0.0000	0.0000	0.0536	LOW_OR_LIMITED_SIGNAL
pct50_depth5	50.0	5.0	nifN	nifN|NC_014120|NC_014120_-_Symbiosis_Island|ref85	952	2	6	0	0.0063	0.0000	0.0000	0.0000	0.0000	0.0000	0.0000	0.0063	LOW_OR_LIMITED_SIGNAL
pct50_depth5	50.0	5.0	nifN	nifN|NC_015656|NC_015656_-_Symbiosis_Island|ref86	952	2	62	0	0.0651	0.0000	0.6487	8.1382	4.7414	2.2271	0.0797	0.0651	LOW_OR_LIMITED_SIGNAL
pct50_depth5	50.0	5.0	nifN	nifN|NC_017249|NC_017249_-_Symbiosis_Island|ref87	952	2	543	2	0.5704	1.0000	16.1450	15.6351	70.0000	98.6525	1.0326	-0.4296	BIOLOGICAL_SIGNAL_BUT_MC_BACKGROUND
pct50_depth5	50.0	5.0	nifN	nifN|NC_019848|NC_019848_-_Symbiosis_Island_4|ref88	952	2	121	0	0.1271	0.0000	0.1320	0.1206	1.5083	0.7541	1.0941	0.1271	PROMISING_MC_AWARE
pct50_depth5	50.0	5.0	nifN	nifN|NZ_CP141049|NZ_CP141049_-_Symbiosis_Island|ref89	952	2	190	0	0.1996	0.0000	1.0553	0.2166	22.1620	13.7744	4.8732	0.1996	PROMISING_MC_AWARE
pct50_depth5	50.0	5.0	nifN	nifN|NZ_HG938357|NZ_HG938357_-_Symbiosis_Island_2|ref90	952	2	0	0	0.0000	0.0000	0.0000	0.0149	0.0000	1.4848	0.0000	0.0000	NOT_SUPPORTED
pct50_depth5	50.0	5.0	nifQ	nifQ|CU633751|CU633751_-_Symbiosis_Island|ref91	952	2	23	0	0.0242	0.0000	0.0000	0.0000	0.0000	0.0000	0.0000	0.0242	LOW_OR_LIMITED_SIGNAL
pct50_depth5	50.0	5.0	nifQ	nifQ|NC_002678|NC_002678_-_nitrogen_fixation_protein_NifQ_CDS|ref92	952	2	38	0	0.0399	0.0000	0.1235	0.0000	3.0864	0.0000	999999.0000	0.0399	LOW_OR_LIMITED_SIGNAL
pct50_depth5	50.0	5.0	nifQ	nifQ|NC_009937|NC_009937_-_Symbiosis_Island_3|ref93	952	2	0	0	0.0000	0.0000	0.9170	0.1681	11.8550	12.6220	5.4567	0.0000	NOT_SUPPORTED
pct50_depth5	50.0	5.0	nifQ	nifQ|NC_011894|NC_011894_-_Symbiosis_Island|ref94	952	2	0	0	0.0000	0.0000	0.3928	0.1227	2.7132	1.2274	3.2000	0.0000	NOT_SUPPORTED
pct50_depth5	50.0	5.0	nifQ	nifQ|NC_014118|NC_014118_-_nitrogen_fixation_protein_NifQ_CDS|ref95	952	2	7	0	0.0074	0.0000	0.0000	0.0000	0.0000	0.0000	0.0000	0.0074	LOW_OR_LIMITED_SIGNAL
pct50_depth5	50.0	5.0	nifQ	nifQ|NC_014120|NC_014120_-_Symbiosis_Island|ref96	952	2	0	0	0.0000	0.0000	0.0000	0.0000	0.0000	0.0000	0.0000	0.0000	NOT_SUPPORTED
pct50_depth5	50.0	5.0	nifQ	nifQ|NC_017249|NC_017249_-_Symbiosis_Island|ref97	952	2	268	2	0.2815	1.0000	3.7497	7.8858	44.5665	89.7436	0.4755	-0.7185	BIOLOGICAL_SIGNAL_BUT_MC_BACKGROUND
pct50_depth5	50.0	5.0	nifQ	nifQ|NZ_CP141049|NZ_CP141049_-_nitrogen_fixation_protein_NifQ_CDS|ref98	952	2	188	0	0.1975	0.0000	1.1429	0.6934	25.3968	14.3578	1.6484	0.1975	PROMISING_MC_AWARE
pct50_depth5	50.0	5.0	nifS	nifS|NC_002678|NC_002678_-_Symbiosis_Island_2|ref99	952	2	124	0	0.1303	0.0000	0.7550	0.0000	12.3707	0.0000	999999.0000	0.1303	PROMISING_MC_AWARE
pct50_depth5	50.0	5.0	nifS	nifS|NC_009937|NC_009937_-_Symbiosis_Island_2|ref100	952	2	21	0	0.0221	0.0000	1.5165	0.1085	11.2637	9.9817	13.9770	0.0221	LOW_OR_LIMITED_SIGNAL
pct50_depth5	50.0	5.0	nifS	nifS|NC_017249|NC_017249_-_Symbiosis_Island|ref101	952	2	469	2	0.4926	1.0000	11.4209	13.2424	74.5347	100.0000	0.8624	-0.5074	BIOLOGICAL_SIGNAL_BUT_MC_BACKGROUND
pct50_depth5	50.0	5.0	nifT	nifT|NC_002678|NC_002678_-_Symbiosis_Island_1|ref102	952	2	33	0	0.0347	0.0000	0.0000	0.0000	0.0000	0.0000	0.0000	0.0347	LOW_OR_LIMITED_SIGNAL
pct50_depth5	50.0	5.0	nifT	nifT|NC_009937|NC_009937_-_Symbiosis_Island_2|ref103	952	2	255	0	0.2679	0.0000	0.5388	0.7808	9.1324	39.9544	0.6901	0.2679	LOW_OR_LIMITED_SIGNAL
pct50_depth5	50.0	5.0	nifT	nifT|NC_011894|NC_011894_-_Symbiosis_Island_2|ref104	952	2	0	0	0.0000	0.0000	0.0000	0.0000	0.0000	0.0000	0.0000	0.0000	NOT_SUPPORTED
pct50_depth5	50.0	5.0	nifT	nifT|NC_012848|NC_012848_-_Symbiosis_Island|ref105	952	2	17	0	0.0179	0.0000	0.0000	0.0000	0.0000	0.0000	0.0000	0.0179	LOW_OR_LIMITED_SIGNAL
pct50_depth5	50.0	5.0	nifT	nifT|NC_014120|NC_014120_-_Symbiosis_Island_2|ref106	952	2	0	0	0.0000	0.0000	0.0000	0.0000	0.0000	0.0000	0.0000	0.0000	NOT_SUPPORTED
pct50_depth5	50.0	5.0	nifT	nifT|NC_017249|NC_017249_-_Symbiosis_Island|ref107	952	2	481	2	0.5053	1.0000	5.9356	14.1488	82.6667	99.7778	0.4195	-0.4947	BIOLOGICAL_SIGNAL_BUT_MC_BACKGROUND
pct50_depth5	50.0	5.0	nifT	nifT|NC_019848|NC_019848_-_Symbiosis_Island_3|ref108	952	2	99	0	0.1040	0.0000	0.0000	0.0000	0.0000	0.0000	0.0000	0.1040	LOW_OR_LIMITED_SIGNAL
pct50_depth5	50.0	5.0	nifT	nifT|NZ_CP141049|NZ_CP141049_-_Symbiosis_Island_2|ref109	952	2	290	0	0.3046	0.0000	1.9624	0.0000	47.8873	0.0000	999999.0000	0.3046	PROMISING_MC_AWARE
pct50_depth5	50.0	5.0	nifT	nifT|NZ_HG938357|NZ_HG938357_-_Symbiosis_Island|ref110	952	2	0	0	0.0000	0.0000	0.0000	0.0000	0.0000	0.0000	0.0000	0.0000	NOT_SUPPORTED
pct50_depth5	50.0	5.0	nifU	nifU|NC_002678|NC_002678_-_NifU_family_protein_CDS|ref111	952	2	835	0	0.8771	0.0000	111.9526	3.5026	95.7018	66.7544	31.9627	0.8771	PROMISING_MC_AWARE
pct50_depth5	50.0	5.0	nifU	nifU|NC_007777|NC_007777_-_NifU_family_protein_CDS|ref112	952	2	2	0	0.0021	0.0000	0.0000	0.0000	0.0000	0.0000	0.0000	0.0021	LOW_OR_LIMITED_SIGNAL
pct50_depth5	50.0	5.0	nifU	nifU|NC_008278|NC_008278_-_NifU_family_protein_CDS|ref113	952	2	84	0	0.0882	0.0000	0.3002	0.8921	3.1674	42.6093	0.3364	0.0882	LOW_OR_LIMITED_SIGNAL
pct50_depth5	50.0	5.0	nifU	nifU|NC_009937|NC_009937_-_Symbiosis_Island_2|ref114	952	2	8	0	0.0084	0.0000	0.0000	0.0000	0.0000	0.0000	0.0000	0.0084	LOW_OR_LIMITED_SIGNAL
pct50_depth5	50.0	5.0	nifU	nifU|NC_011894|NC_011894_-_NifU_family_protein_CDS|ref115	952	2	53	0	0.0557	0.0000	2.0470	1.5266	16.3121	10.9043	1.3409	0.0557	LOW_OR_LIMITED_SIGNAL
pct50_depth5	50.0	5.0	nifU	nifU|NC_012850|NC_012850_-_NifU_family_protein_CDS|ref116	952	2	439	0	0.4611	0.0000	16.3562	0.6243	52.0282	40.8289	26.1972	0.4611	PROMISING_MC_AWARE
pct50_depth5	50.0	5.0	nifU	nifU|NC_015656|NC_015656_-_NifU_family_protein_CDS|ref117	952	2	63	0	0.0662	0.0000	0.1784	0.0000	2.2447	0.0000	999999.0000	0.0662	LOW_OR_LIMITED_SIGNAL
pct50_depth5	50.0	5.0	nifU	nifU|NC_017249|NC_017249_-_NifU_family_protein_CDS|ref118	952	2	915	2	0.9611	1.0000	919.2263	24.7228	99.8246	99.8246	37.1813	-0.0389	BIOLOGICAL_SIGNAL_BUT_MC_BACKGROUND
pct50_depth5	50.0	5.0	nifU	nifU|NC_019845|NC_019845_-_NifU_family_protein_CDS|ref119	952	2	207	0	0.2174	0.0000	2.4021	0.1834	22.3986	9.5238	13.0979	0.2174	PROMISING_MC_AWARE
pct50_depth5	50.0	5.0	nifU	nifU|NZ_CP104965|NZ_CP104965_-_NifU_family_protein_CDS|ref120	952	2	36	0	0.0378	0.0000	1.2363	0.0000	8.9065	0.0000	999999.0000	0.0378	LOW_OR_LIMITED_SIGNAL
pct50_depth5	50.0	5.0	nifU	nifU|NZ_CP141048|NZ_CP141048_-_NifU_family_protein_CDS|ref121	952	2	468	0	0.4916	0.0000	26.4804	2.0454	52.2282	28.8770	12.9460	0.4916	PROMISING_MC_AWARE
pct50_depth5	50.0	5.0	nifU	nifU|NZ_HG938355|NZ_HG938355_-_NifU_family_protein_CDS|ref122	952	2	170	0	0.1786	0.0000	3.5503	0.0335	33.3333	1.6755	105.9791	0.1786	PROMISING_MC_AWARE
pct50_depth5	50.0	5.0	nifV	nifV|CU633751|CU633751_-_Symbiosis_Island|ref123	952	2	20	0	0.0210	0.0000	0.0000	0.0000	0.0000	0.0000	0.0000	0.0210	LOW_OR_LIMITED_SIGNAL
pct50_depth5	50.0	5.0	nifV	nifV|NC_007777|NC_007777_-_Symbiosis_Island|ref124	952	2	27	0	0.0284	0.0000	0.6633	0.4817	3.9069	3.2835	1.3770	0.0284	LOW_OR_LIMITED_SIGNAL
pct50_depth5	50.0	5.0	nifV	nifV|NC_008278|NC_008278_-_Symbiosis_Island|ref125	952	2	344	2	0.3613	1.0000	4.0694	17.2849	52.3810	100.0000	0.2354	-0.6387	BIOLOGICAL_SIGNAL_BUT_MC_BACKGROUND
pct50_depth5	50.0	5.0	nifV	nifV|NC_009937|NC_009937_-_nifV_CDS|ref126	952	2	19	0	0.0200	0.0000	3.6617	0.6217	8.7500	19.0000	5.8903	0.0200	LOW_OR_LIMITED_SIGNAL
pct50_depth5	50.0	5.0	nifV	nifV|NC_014120|NC_014120_-_Symbiosis_Island_2|ref127	952	2	0	0	0.0000	0.0000	0.0000	0.0833	0.0000	1.6667	0.0000	0.0000	NOT_SUPPORTED
pct50_depth5	50.0	5.0	nifV	nifV|NC_015656|NC_015656_-_Symbiosis_Island|ref128	952	2	47	0	0.0494	0.0000	0.5887	0.0171	3.7704	0.8569	34.3236	0.0494	LOW_OR_LIMITED_SIGNAL
pct50_depth5	50.0	5.0	nifW	nifW|CU633751|CU633751_-_Symbiosis_Island|ref129	952	2	21	0	0.0221	0.0000	0.0000	0.0000	0.0000	0.0000	0.0000	0.0221	LOW_OR_LIMITED_SIGNAL
pct50_depth5	50.0	5.0	nifW	nifW|NC_002678|NC_002678_-_Symbiosis_Island_2|ref130	952	2	67	0	0.0704	0.0000	0.0000	0.0000	0.0000	0.0000	0.0000	0.0704	LOW_OR_LIMITED_SIGNAL
pct50_depth5	50.0	5.0	nifW	nifW|NC_007777|NC_007777_-_Symbiosis_Island|ref131	952	2	37	0	0.0389	0.0000	0.6283	0.0000	5.0439	0.0000	999999.0000	0.0389	LOW_OR_LIMITED_SIGNAL
pct50_depth5	50.0	5.0	nifW	nifW|NC_008278|NC_008278_-_Symbiosis_Island|ref132	952	2	328	2	0.3445	1.0000	1.9027	23.8321	54.7980	100.0000	0.0798	-0.6555	BIOLOGICAL_SIGNAL_BUT_MC_BACKGROUND
pct50_depth5	50.0	5.0	nifW	nifW|NC_009937|NC_009937_-_Symbiosis_Island_3|ref133	952	2	6	0	0.0063	0.0000	0.0000	0.1061	0.0000	5.3030	0.0000	0.0063	LOW_OR_LIMITED_SIGNAL
pct50_depth5	50.0	5.0	nifW	nifW|NC_011894|NC_011894_-_nifW_CDS|ref134	952	2	0	0	0.0000	0.0000	0.0000	0.7222	0.0000	5.5556	0.0000	0.0000	NOT_SUPPORTED
pct50_depth5	50.0	5.0	nifW	nifW|NC_014120|NC_014120_-_Symbiosis_Island_2|ref135	952	2	0	0	0.0000	0.0000	0.0000	0.0000	0.0000	0.0000	0.0000	0.0000	NOT_SUPPORTED
pct50_depth5	50.0	5.0	nifW	nifW|NC_015656|NC_015656_-_Symbiosis_Island|ref136	952	2	84	0	0.0882	0.0000	0.1058	2.1111	5.0265	7.5397	0.0501	0.0882	LOW_OR_LIMITED_SIGNAL
pct50_depth5	50.0	5.0	nifW	nifW|NC_017249|NC_017249_-_Symbiosis_Island|ref137	952	2	459	2	0.4821	1.0000	4.6857	8.5088	73.2456	100.0000	0.5507	-0.5179	BIOLOGICAL_SIGNAL_BUT_MC_BACKGROUND
pct50_depth5	50.0	5.0	nifW	nifW|NZ_CP141049|NZ_CP141049_-_nifW_CDS|ref138	952	2	165	0	0.1733	0.0000	0.0000	0.3750	0.0000	26.3021	0.0000	0.1733	LOW_OR_LIMITED_SIGNAL
pct50_depth5	50.0	5.0	nifX	nifX|CU633751|CU633751_-_Symbiosis_Island|ref139	952	2	24	0	0.0252	0.0000	0.0000	0.0000	0.0000	0.0000	0.0000	0.0252	LOW_OR_LIMITED_SIGNAL
pct50_depth5	50.0	5.0	nifX	nifX|NC_002678|NC_002678_-_Symbiosis_Island_3|ref140	952	2	316	0	0.3319	0.0000	2.0532	0.5080	57.1285	35.2409	4.0417	0.3319	PROMISING_MC_AWARE
pct50_depth5	50.0	5.0	nifX	nifX|NC_002678|NC_002678_-_Symbiosis_Island_3|ref141	952	2	221	0	0.2321	0.0000	1.3062	0.0000	23.4375	0.0000	999999.0000	0.2321	PROMISING_MC_AWARE
pct50_depth5	50.0	5.0	nifX	nifX|NC_007777|NC_007777_-_Symbiosis_Island|ref142	952	2	39	0	0.0410	0.0000	0.2016	0.0856	4.2793	2.1397	2.3551	0.0410	LOW_OR_LIMITED_SIGNAL
pct50_depth5	50.0	5.0	nifX	nifX|NC_007777|NC_007777_-_Symbiosis_Island|ref143	952	2	24	0	0.0252	0.0000	0.0449	0.0000	4.1379	0.0000	999999.0000	0.0252	LOW_OR_LIMITED_SIGNAL
pct50_depth5	50.0	5.0	nifX	nifX|NC_008278|NC_008278_-_Symbiosis_Island|ref144	952	2	382	2	0.4013	1.0000	3.7613	40.1994	67.1171	100.0000	0.0936	-0.5987	BIOLOGICAL_SIGNAL_BUT_MC_BACKGROUND
pct50_depth5	50.0	5.0	nifX	nifX|NC_008278|NC_008278_-_Symbiosis_Island|ref145	952	2	379	2	0.3981	1.0000	2.3438	31.5775	72.1065	100.0000	0.0742	-0.6019	BIOLOGICAL_SIGNAL_BUT_MC_BACKGROUND
pct50_depth5	50.0	5.0	nifX	nifX|NC_009937|NC_009937_-_Symbiosis_Island_4|ref146	952	2	172	0	0.1807	0.0000	2.9688	1.0301	29.8925	57.7419	2.8821	0.1807	PROMISING_MC_AWARE
pct50_depth5	50.0	5.0	nifX	nifX|NC_009937|NC_009937_-_Symbiosis_Island_4|ref147	952	2	287	0	0.3015	0.0000	2.0366	1.1339	26.1364	63.1313	1.7962	0.3015	PROMISING_MC_AWARE
pct50_depth5	50.0	5.0	nifX	nifX|NC_011894|NC_011894_-_Symbiosis_Island|ref148	952	2	0	0	0.0000	0.0000	0.0000	0.1491	0.0000	5.4865	0.0000	0.0000	NOT_SUPPORTED
pct50_depth5	50.0	5.0	nifX	nifX|NC_011894|NC_011894_-_Symbiosis_Island|ref149	952	2	0	0	0.0000	0.0000	0.3150	0.0345	4.0650	3.4553	9.1187	0.0000	NOT_SUPPORTED
pct50_depth5	50.0	5.0	nifX	nifX|NC_014120|NC_014120_-_Symbiosis_Island|ref150	952	2	1	0	0.0011	0.0000	0.0000	0.0000	0.0000	0.0000	0.0000	0.0011	LOW_OR_LIMITED_SIGNAL
pct50_depth5	50.0	5.0	nifX	nifX|NC_015656|NC_015656_-_Symbiosis_Island|ref151	952	2	84	0	0.0882	0.0000	1.0206	0.3704	8.0247	2.0576	2.7558	0.0882	LOW_OR_LIMITED_SIGNAL
pct50_depth5	50.0	5.0	nifX	nifX|NC_015656|NC_015656_-_Symbiosis_Island|ref152	952	2	85	0	0.0893	0.0000	0.2105	0.0000	4.7619	0.0000	999999.0000	0.0893	LOW_OR_LIMITED_SIGNAL
pct50_depth5	50.0	5.0	nifX	nifX|NC_017249|NC_017249_-_Symbiosis_Island|ref153	952	2	398	2	0.4181	1.0000	5.7183	20.1850	62.3655	100.0000	0.2833	-0.5819	BIOLOGICAL_SIGNAL_BUT_MC_BACKGROUND
pct50_depth5	50.0	5.0	nifX	nifX|NC_017249|NC_017249_-_Symbiosis_Island|ref154	952	2	451	2	0.4737	1.0000	4.5543	12.9243	78.2828	100.0000	0.3524	-0.5263	BIOLOGICAL_SIGNAL_BUT_MC_BACKGROUND
pct50_depth5	50.0	5.0	nifX	nifX|NC_019848|NC_019848_-_Symbiosis_Island_2|ref155	952	2	106	0	0.1113	0.0000	0.0000	0.0000	0.0000	0.0000	0.0000	0.1113	LOW_OR_LIMITED_SIGNAL
pct50_depth5	50.0	5.0	nifX	nifX|NZ_CP141049|NZ_CP141049_-_Symbiosis_Island|ref156	952	2	112	0	0.1176	0.0000	0.2256	0.6952	4.6748	3.8618	0.3245	0.1176	LOW_OR_LIMITED_SIGNAL
pct50_depth5	50.0	5.0	nifX	nifX|NZ_CP141049|NZ_CP141049_-_Symbiosis_Island|ref157	952	2	326	0	0.3424	0.0000	1.8438	0.9062	58.6458	9.0625	2.0345	0.3424	PROMISING_MC_AWARE
pct50_depth5	50.0	5.0	nifX	nifX|NZ_HG938357|NZ_HG938357_-_Symbiosis_Island_2|ref158	952	2	0	0	0.0000	0.0000	0.0000	0.0000	0.0000	0.0000	0.0000	0.0000	NOT_SUPPORTED
pct50_depth5	50.0	5.0	nifZ	nifZ|CU633751|CU633751_-_Symbiosis_Island|ref159	952	2	18	0	0.0189	0.0000	0.0000	0.0000	0.0000	0.0000	0.0000	0.0189	LOW_OR_LIMITED_SIGNAL
pct50_depth5	50.0	5.0	nifZ	nifZ|NC_002678|NC_002678_-_Symbiosis_Island_1|ref160	952	2	121	0	0.1271	0.0000	0.3272	0.0000	6.7278	0.0000	999999.0000	0.1271	PROMISING_MC_AWARE
pct50_depth5	50.0	5.0	nifZ	nifZ|NC_007777|NC_007777_-_Symbiosis_Island|ref161	952	2	21	0	0.0221	0.0000	0.3055	0.0000	5.2778	0.0000	999999.0000	0.0221	LOW_OR_LIMITED_SIGNAL
pct50_depth5	50.0	5.0	nifZ	nifZ|NC_008278|NC_008278_-_Symbiosis_Island|ref162	952	2	196	1	0.2059	0.5000	2.4331	5.2534	27.8034	49.6928	0.4632	-0.2941	BIOLOGICAL_SIGNAL_BUT_MC_BACKGROUND
pct50_depth5	50.0	5.0	nifZ	nifZ|NC_009937|NC_009937_-_Symbiosis_Island_2|ref163	952	2	131	0	0.1376	0.0000	1.2173	0.7876	15.6863	39.7059	1.5456	0.1376	PROMISING_MC_AWARE
pct50_depth5	50.0	5.0	nifZ	nifZ|NC_009937|NC_009937_-_Symbiosis_Island_2|ref164	952	2	0	0	0.0000	0.0000	0.0000	0.0000	0.0000	0.0000	0.0000	0.0000	NOT_SUPPORTED
pct50_depth5	50.0	5.0	nifZ	nifZ|NC_011894|NC_011894_-_Symbiosis_Island_2|ref165	952	2	0	0	0.0000	0.0000	0.0000	0.2483	0.0000	3.1046	0.0000	0.0000	NOT_SUPPORTED
pct50_depth5	50.0	5.0	nifZ	nifZ|NC_014120|NC_014120_-_Symbiosis_Island_2|ref166	952	2	0	0	0.0000	0.0000	0.0000	0.0828	0.0000	4.1402	0.0000	0.0000	NOT_SUPPORTED
pct50_depth5	50.0	5.0	nifZ	nifZ|NC_015656|NC_015656_-_Symbiosis_Island|ref167	952	2	80	0	0.0840	0.0000	0.0000	0.0000	0.0000	0.0000	0.0000	0.0840	LOW_OR_LIMITED_SIGNAL
pct50_depth5	50.0	5.0	nifZ	nifZ|NC_017249|NC_017249_-_Symbiosis_Island|ref168	952	2	614	2	0.6450	1.0000	75.8778	11.2317	81.2698	100.0000	6.7557	-0.3550	BIOLOGICAL_SIGNAL_BUT_MC_BACKGROUND
pct50_depth5	50.0	5.0	nifZ	nifZ|NZ_CP141049|NZ_CP141049_-_Symbiosis_Island_2|ref169	952	2	293	0	0.3078	0.0000	1.6345	0.5795	60.2447	14.6789	2.8206	0.3078	PROMISING_MC_AWARE
pct50_depth5	50.0	5.0	nodA	nodA|CU633751|CU633751_-_Symbiosis_Island|ref170	952	2	21	0	0.0221	0.0000	0.0000	0.0000	0.0000	0.0000	0.0000	0.0221	LOW_OR_LIMITED_SIGNAL
pct50_depth5	50.0	5.0	nodA	nodA|NC_002678|NC_002678_-_Symbiosis_Island_4|ref171	952	2	14	0	0.0147	0.0000	0.1684	0.0320	6.4815	1.5994	5.2625	0.0147	LOW_OR_LIMITED_SIGNAL
pct50_depth5	50.0	5.0	nodA	nodA|NC_009937|NC_009937_-_Symbiosis_Island|ref172	952	2	0	0	0.0000	0.0000	0.0000	0.0000	0.0000	0.0000	0.0000	0.0000	NOT_SUPPORTED
pct50_depth5	50.0	5.0	nodA	nodA|NC_011894|NC_011894_-_Symbiosis_Island_3|ref173	952	2	32	0	0.0336	0.0000	0.1860	0.0000	6.9767	0.0000	999999.0000	0.0336	LOW_OR_LIMITED_SIGNAL
pct50_depth5	50.0	5.0	nodA	nodA|NC_012848|NC_012848_-_Symbiosis_Island|ref174	952	2	75	0	0.0788	0.0000	0.1929	0.0000	3.3841	0.0000	999999.0000	0.0788	LOW_OR_LIMITED_SIGNAL
pct50_depth5	50.0	5.0	nodA	nodA|NC_014120|NC_014120_-_Symbiosis_Island_4|ref175	952	2	0	0	0.0000	0.0000	0.0000	0.0000	0.0000	0.0000	0.0000	0.0000	NOT_SUPPORTED
pct50_depth5	50.0	5.0	nodA	nodA|NC_015656|NC_015656_-_Symbiosis_Island_2|ref176	952	2	119	0	0.1250	0.0000	0.0000	0.0000	0.0000	0.0000	0.0000	0.1250	LOW_OR_LIMITED_SIGNAL
pct50_depth5	50.0	5.0	nodA	nodA|NC_017249|NC_017249_-_Symbiosis_Island_2|ref177	952	2	443	2	0.4653	1.0000	8.7275	15.4866	66.6667	100.0000	0.5635	-0.5347	BIOLOGICAL_SIGNAL_BUT_MC_BACKGROUND
pct50_depth5	50.0	5.0	nodA	nodA|NC_019848|NC_019848_-_Symbiosis_Island_4|ref178	952	2	139	0	0.1460	0.0000	0.0000	0.0000	0.0000	0.0000	0.0000	0.1460	LOW_OR_LIMITED_SIGNAL
pct50_depth5	50.0	5.0	nodA	nodA|NZ_CP141049|NZ_CP141049_-_Symbiosis_Island_3|ref179	952	2	40	0	0.0420	0.0000	0.0881	0.0000	3.1746	0.0000	999999.0000	0.0420	LOW_OR_LIMITED_SIGNAL
pct50_depth5	50.0	5.0	nodA	nodA|NZ_HG938357|NZ_HG938357_-_Symbiosis_Island_2|ref180	952	2	0	0	0.0000	0.0000	0.0000	0.0000	0.0000	0.0000	0.0000	0.0000	NOT_SUPPORTED
pct50_depth5	50.0	5.0	nodB	nodB|CU633751|CU633751_-_Symbiosis_Island|ref181	952	2	26	0	0.0273	0.0000	0.0000	0.0000	0.0000	0.0000	0.0000	0.0273	LOW_OR_LIMITED_SIGNAL
pct50_depth5	50.0	5.0	nodB	nodB|NC_002678|NC_002678_-_nodB_CDS|ref182	952	2	50	0	0.0525	0.0000	0.0000	0.0000	0.0000	0.0000	0.0000	0.0525	LOW_OR_LIMITED_SIGNAL
pct50_depth5	50.0	5.0	nodB	nodB|NC_011894|NC_011894_-_Symbiosis_Island_3|ref183	952	2	62	0	0.0651	0.0000	0.3136	0.3250	9.6212	17.7273	0.9651	0.0651	LOW_OR_LIMITED_SIGNAL
pct50_depth5	50.0	5.0	nodB	nodB|NC_012848|NC_012848_-_Symbiosis_Island|ref184	952	2	84	0	0.0882	0.0000	0.0610	0.2347	2.9734	17.3709	0.2599	0.0882	LOW_OR_LIMITED_SIGNAL
pct50_depth5	50.0	5.0	nodB	nodB|NC_014120|NC_014120_-_Symbiosis_Island_4|ref185	952	2	0	0	0.0000	0.0000	0.0000	0.0000	0.0000	0.0000	0.0000	0.0000	NOT_SUPPORTED
pct50_depth5	50.0	5.0	nodB	nodB|NC_015656|NC_015656_-_Symbiosis_Island_2|ref186	952	2	122	0	0.1282	0.0000	0.0000	0.1596	0.0000	1.3305	0.0000	0.1282	LOW_OR_LIMITED_SIGNAL
pct50_depth5	50.0	5.0	nodB	nodB|NC_015656|NC_015656_-_Symbiosis_Island_3|ref187	952	2	106	0	0.1113	0.0000	0.0892	0.0000	2.2300	0.0000	999999.0000	0.1113	PROMISING_MC_AWARE
pct50_depth5	50.0	5.0	nodB	nodB|NC_017249|NC_017249_-_Symbiosis_Island_2|ref188	952	2	439	2	0.4611	1.0000	8.5666	22.9197	67.5758	100.0000	0.3738	-0.5389	BIOLOGICAL_SIGNAL_BUT_MC_BACKGROUND
pct50_depth5	50.0	5.0	nodB	nodB|NC_019848|NC_019848_-_Symbiosis_Island_4|ref189	952	2	151	0	0.1586	0.0000	0.0000	0.0000	0.0000	0.0000	0.0000	0.1586	LOW_OR_LIMITED_SIGNAL
pct50_depth5	50.0	5.0	nodB	nodB|NZ_CP141049|NZ_CP141049_-_Symbiosis_Island_3|ref190	952	2	79	0	0.0830	0.0000	0.2394	0.1182	8.1818	5.9091	2.0254	0.0830	LOW_OR_LIMITED_SIGNAL
pct50_depth5	50.0	5.0	nodB	nodB|NZ_HG938357|NZ_HG938357_-_Symbiosis_Island_2|ref191	952	2	0	0	0.0000	0.0000	0.0000	0.0000	0.0000	0.0000	0.0000	0.0000	NOT_SUPPORTED
pct50_depth5	50.0	5.0	nodC	nodC|CU633751|CU633751_-_Symbiosis_Island|ref192	952	2	25	0	0.0263	0.0000	0.0000	0.0000	0.0000	0.0000	0.0000	0.0263	LOW_OR_LIMITED_SIGNAL
pct50_depth5	50.0	5.0	nodC	nodC|NC_002678|NC_002678_-_Symbiosis_Island_4|ref193	952	2	19	0	0.0200	0.0000	0.3475	0.1043	9.8039	5.4117	3.3313	0.0200	LOW_OR_LIMITED_SIGNAL
pct50_depth5	50.0	5.0	nodC	nodC|NC_009937|NC_009937_-_Symbiosis_Island|ref194	952	2	0	0	0.0000	0.0000	0.0000	0.0000	0.0000	0.0000	0.0000	0.0000	NOT_SUPPORTED
pct50_depth5	50.0	5.0	nodC	nodC|NC_011894|NC_011894_-_Symbiosis_Island_3|ref195	952	2	69	0	0.0725	0.0000	7.2399	0.1918	23.4020	12.2337	37.7570	0.0725	LOW_OR_LIMITED_SIGNAL
pct50_depth5	50.0	5.0	nodC	nodC|NC_012848|NC_012848_-_Symbiosis_Island|ref196	952	2	93	0	0.0977	0.0000	0.6522	0.2616	7.5722	2.8103	2.4936	0.0977	LOW_OR_LIMITED_SIGNAL
pct50_depth5	50.0	5.0	nodC	nodC|NC_014120|NC_014120_-_Symbiosis_Island_4|ref197	952	2	6	0	0.0063	0.0000	0.0993	0.0357	1.9345	0.2232	2.7829	0.0063	LOW_OR_LIMITED_SIGNAL
pct50_depth5	50.0	5.0	nodC	nodC|NC_015656|NC_015656_-_Symbiosis_Island_3|ref198	952	2	133	0	0.1397	0.0000	0.3714	0.1028	4.3759	2.2450	3.6146	0.1397	PROMISING_MC_AWARE
pct50_depth5	50.0	5.0	nodC	nodC|NC_017249|NC_017249_-_Symbiosis_Island_2|ref199	952	2	515	2	0.5410	1.0000	29.7473	19.7164	67.4554	100.0000	1.5088	-0.4590	BIOLOGICAL_SIGNAL_BUT_MC_BACKGROUND
pct50_depth5	50.0	5.0	nodC	nodC|NC_019848|NC_019848_-_Symbiosis_Island_4|ref200	952	2	175	0	0.1838	0.0000	2.3321	0.0640	15.5347	3.2006	36.4398	0.1838	PROMISING_MC_AWARE
pct50_depth5	50.0	5.0	nodC	nodC|NZ_CP141049|NZ_CP141049_-_Symbiosis_Island_3|ref201	952	2	166	0	0.1744	0.0000	6.3139	0.2165	29.5171	21.0281	29.1565	0.1744	PROMISING_MC_AWARE
pct50_depth5	50.0	5.0	nodC	nodC|NZ_HG938357|NZ_HG938357_-_Symbiosis_Island_2|ref202	952	2	0	0	0.0000	0.0000	0.0000	0.0457	0.0000	1.5361	0.0000	0.0000	NOT_SUPPORTED
pct50_depth5	50.0	5.0	nodD	nodD|CU633751|CU633751_-_Symbiosis_Island|ref203	952	2	20	0	0.0210	0.0000	0.0000	0.0000	0.0000	0.0000	0.0000	0.0210	LOW_OR_LIMITED_SIGNAL
pct50_depth5	50.0	5.0	nodH	nodH|CU633751|CU633751_-_Symbiosis_Island|ref204	952	2	20	0	0.0210	0.0000	0.0000	0.0000	0.0000	0.0000	0.0000	0.0210	LOW_OR_LIMITED_SIGNAL
pct50_depth5	50.0	5.0	nodI	nodI|CU633751|CU633751_-_Symbiosis_Island|ref205	952	2	22	0	0.0231	0.0000	0.0415	0.0000	2.0765	0.0000	999999.0000	0.0231	LOW_OR_LIMITED_SIGNAL
pct50_depth5	50.0	5.0	nodI	nodI|NC_002678|NC_002678_-_Symbiosis_Island_4|ref206	952	2	287	0	0.3015	0.0000	18.7972	1.3532	38.2267	7.2675	13.8910	0.3015	PROMISING_MC_AWARE
pct50_depth5	50.0	5.0	nodI	nodI|NC_011894|NC_011894_-_Symbiosis_Island_3|ref207	952	2	406	0	0.4265	0.0000	12.1535	1.7273	49.9454	31.9672	7.0360	0.4265	PROMISING_MC_AWARE
pct50_depth5	50.0	5.0	nodI	nodI|NC_012848|NC_012848_-_Symbiosis_Island|ref208	952	2	50	0	0.0525	0.0000	0.0578	0.0000	1.9436	0.0000	999999.0000	0.0525	LOW_OR_LIMITED_SIGNAL
pct50_depth5	50.0	5.0	nodI	nodI|NC_014120|NC_014120_-_Symbiosis_Island_4|ref209	952	2	6	0	0.0063	0.0000	0.0886	0.0000	2.2155	0.0000	999999.0000	0.0063	LOW_OR_LIMITED_SIGNAL
pct50_depth5	50.0	5.0	nodI	nodI|NC_017249|NC_017249_-_Symbiosis_Island_2|ref210	952	2	629	2	0.6607	1.0000	47.7921	22.0928	87.4050	100.0000	2.1632	-0.3393	BIOLOGICAL_SIGNAL_BUT_MC_BACKGROUND
pct50_depth5	50.0	5.0	nodI	nodI|NC_019848|NC_019848_-_Symbiosis_Island_4|ref211	952	2	148	0	0.1555	0.0000	0.6826	0.0000	8.8015	0.0000	999999.0000	0.1555	PROMISING_MC_AWARE
pct50_depth5	50.0	5.0	nodI	nodI|NZ_CP141049|NZ_CP141049_-_Symbiosis_Island_3|ref212	952	2	250	0	0.2626	0.0000	5.9901	1.5347	30.5556	13.6905	3.9031	0.2626	PROMISING_MC_AWARE
pct50_depth5	50.0	5.0	nodI	nodI|NZ_HG938357|NZ_HG938357_-_Symbiosis_Island_2|ref213	952	2	0	0	0.0000	0.0000	0.0747	0.0000	1.8199	0.0000	999999.0000	0.0000	NOT_SUPPORTED
pct50_depth5	50.0	5.0	nodJ	nodJ|CU633751|CU633751_-_Symbiosis_Island|ref214	952	2	17	0	0.0179	0.0000	0.0000	0.0000	0.0000	0.0000	0.0000	0.0179	LOW_OR_LIMITED_SIGNAL
pct50_depth5	50.0	5.0	nodL	nodL|NC_019848|NC_019848_-_Symbiosis_Island_5|ref215	952	2	178	0	0.1870	0.0000	1.4973	0.0000	11.7754	0.0000	999999.0000	0.1870	PROMISING_MC_AWARE
pct50_depth5	50.0	5.0	nodQ	nodQ|CU633751|CU633751_-_Symbiosis_Island|ref216	952	2	19	0	0.0200	0.0000	0.0000	1.0766	0.0000	3.1667	0.0000	0.0200	LOW_OR_LIMITED_SIGNAL
pct50_depth5	50.0	5.0	nodQ	nodQ|NC_019848|NC_019848_-_Symbiosis_Island_4|ref217	952	2	272	0	0.2857	0.0000	159.4862	4.4348	35.2803	31.7497	35.9620	0.2857	PROMISING_MC_AWARE
pct50_depth5	50.0	5.0	nodS	nodS|CU633751|CU633751_-_Symbiosis_Island|ref218	952	2	20	0	0.0210	0.0000	0.0000	0.0000	0.0000	0.0000	0.0000	0.0210	LOW_OR_LIMITED_SIGNAL
pct50_depth5	50.0	5.0	nodS	nodS|NC_002678|NC_002678_-_Symbiosis_Island_4|ref219	952	2	39	0	0.0410	0.0000	0.0000	0.0000	0.0000	0.0000	0.0000	0.0410	LOW_OR_LIMITED_SIGNAL
pct50_depth5	50.0	5.0	nodS	nodS|NC_014120|NC_014120_-_Symbiosis_Island_4|ref220	952	2	0	0	0.0000	0.0000	0.0000	0.0000	0.0000	0.0000	0.0000	0.0000	NOT_SUPPORTED
pct50_depth5	50.0	5.0	nodS	nodS|NC_017249|NC_017249_-_Symbiosis_Island_2|ref221	952	2	316	2	0.3319	1.0000	2.5785	14.1365	55.8730	100.0000	0.1824	-0.6681	BIOLOGICAL_SIGNAL_BUT_MC_BACKGROUND
pct50_depth5	50.0	5.0	nodU	nodU|CU633751|CU633751_-_Symbiosis_Island|ref222	952	2	25	0	0.0263	0.0000	0.0453	0.0000	1.4518	0.0000	999999.0000	0.0263	LOW_OR_LIMITED_SIGNAL
pct50_depth5	50.0	5.0	nodU	nodU|NC_009937|NC_009937_-_Symbiosis_Island|ref223	952	2	0	0	0.0000	0.0000	0.0000	0.0000	0.0000	0.0000	0.0000	0.0000	NOT_SUPPORTED
pct50_depth5	50.0	5.0	nodU	nodU|NC_014120|NC_014120_-_Symbiosis_Island_4|ref224	952	2	6	0	0.0063	0.0000	0.3419	0.0621	3.4078	2.4628	5.5012	0.0063	LOW_OR_LIMITED_SIGNAL
pct50_depth5	50.0	5.0	nodU	nodU|NC_017249|NC_017249_-_Symbiosis_Island_2|ref225	952	2	556	2	0.5840	1.0000	21.0868	20.6076	84.2982	100.0000	1.0233	-0.4160	BIOLOGICAL_SIGNAL_BUT_MC_BACKGROUND
pct50_depth5	50.0	5.0	nodU	nodU|NZ_HG938357|NZ_HG938357_-_Symbiosis_Island|ref226	952	2	0	0	0.0000	0.0000	0.0736	0.0000	1.2259	0.0000	999999.0000	0.0000	NOT_SUPPORTED
pct50_depth5	50.0	5.0	nodX	nodX|NC_012848|NC_012848_-_nodX_CDS|ref227	952	2	89	0	0.0935	0.0000	0.0000	0.0000	0.0000	0.0000	0.0000	0.0935	LOW_OR_LIMITED_SIGNAL
pct50_depth5	50.0	5.0	nodZ	nodZ|NC_002678|NC_002678_-_nodulation_protein_NodZ_CDS|ref228	952	2	18	0	0.0189	0.0000	0.0000	0.1414	0.0000	9.6969	0.0000	0.0189	LOW_OR_LIMITED_SIGNAL
pct50_depth5	50.0	5.0	nodZ	nodZ|NC_002678|NC_002678_-_nodulation_protein_NodZ_CDS|ref229	952	2	2	0	0.0021	0.0000	0.0000	0.0000	0.0000	0.0000	0.0000	0.0021	LOW_OR_LIMITED_SIGNAL
pct50_depth5	50.0	5.0	nodZ	nodZ|NC_009937|NC_009937_-_Symbiosis_Island|ref230	952	2	0	0	0.0000	0.0000	0.0000	0.0000	0.0000	0.0000	0.0000	0.0000	NOT_SUPPORTED
pct50_depth5	50.0	5.0	nodZ	nodZ|NC_017249|NC_017249_-_Symbiosis_Island_2|ref231	952	2	503	2	0.5284	1.0000	8.3594	17.8454	77.7179	100.0000	0.4684	-0.4716	BIOLOGICAL_SIGNAL_BUT_MC_BACKGROUND
