sample	sequencing_folder	site	sample_type	flagstat_found	total_reads	mapped_reads	mapped_percent	properly_paired_reads	properly_paired_percent	singletons	singletons_percent	status
BLAN-1-1-No	intbio_reads_NovogeneAugust2025	BLAN	No	yes	3145828	3051031	96.99	2919806	93.04	92573	2.95	ok
BLAN-1-1-Rh	intbio_reads_NovogeneAugust2025	BLAN	Rh	yes	447376	432106	96.59	412052	92.38	14402	3.23	ok
BLAN-1-1-Ro	intbio_reads_NovogeneAugust2025	BLAN	Ro	yes	67733	64806	95.68	60944	90.33	2795	4.14	ok
BLAN-2-1-No	intbio_reads_NovogeneAugust2025	BLAN	No	yes	5569187	5431998	97.54	5248164	94.45	133171	2.40	ok
BLAN-2-1-Rh	intbio_reads_NovogeneAugust2025	BLAN	Rh	yes	374140	355251	94.95	330268	88.92	18009	4.85	ok
BLAN-2-1-Ro	intbio_reads_NovogeneAugust2025	BLAN	Ro	yes	337225	332068	98.47	318698	94.66	4933	1.47	ok
BLAN-3-1-No	intbio_reads_NovogeneAugust2025	BLAN	No	yes	13756296	13602605	98.88	13380010	97.27	149495	1.09	ok
BLAN-3-1-Rh	intbio_reads_NovogeneAugust2025	BLAN	Rh	yes	117669	109544	93.10	100710	85.85	7563	6.45	ok
BLAN-3-1-Ro	intbio_reads_NovogeneAugust2025	BLAN	Ro	yes	1774536	1762056	99.30	1735712	97.82	12126	0.68	ok
BLAN-4-1-No	intbio_reads_NovogeneAugust2025	BLAN	No	yes	674053	659088	97.78	606372	90.46	14113	2.11	ok
BLAN-4-1-Rh	intbio_reads_NovogeneAugust2025	BLAN	Rh	yes	111795	100769	90.14	88230	79.24	10434	9.37	ok
BLAN-4-1-Ro	intbio_reads_NovogeneAugust2025	BLAN	Ro	yes	91453	84310	92.19	75774	83.48	6695	7.38	ok
BLAN-4-2-No	intbio_reads_NovogeneDecember2025	BLAN	No	yes	75655	73961	97.76	70366	93.03	1514	2.00	ok
BLAN-4-2-Rh	intbio_reads_NovogeneDecember2025	BLAN	Rh	yes	247056	230574	93.33	211128	85.83	15012	6.10	ok
BLAN-4-2-Ro	intbio_reads_NovogeneDecember2025	BLAN	Ro	yes	358178	331520	92.56	300780	84.14	25394	7.10	ok
BONA-1-1-No	intbio_reads_NovogeneMay2025	BONA	No	yes	2160522	2114861	97.89	2054454	95.37	44701	2.08	ok
BONA-1-1-Rh	intbio_reads_NovogeneMay2025	BONA	Rh	yes	141972	130585	91.98	118384	83.66	10835	7.66	ok
BONA-1-1-Ro	intbio_reads_NovogeneMay2025	BONA	Ro	yes	10648	10548	99.06	10428	98.03	96	0.90	ok
BONA-10-2-No	intbio_reads_NovogeneDecember2025	BONA	No	yes	13428401	13290517	98.97	13026402	97.49	135672	1.02	ok
BONA-10-2-Rh	intbio_reads_NovogeneDecember2025	BONA	Rh	yes	2270985	2244994	98.86	2197804	97.10	24297	1.07	ok
BONA-10-2-Ro	intbio_reads_NovogeneDecember2025	BONA	Ro	yes	77947	69664	89.37	61516	78.93	7881	10.11	ok
BONA-10-No	intbio_reads_NovogeneMay2025	BONA	No	yes	6241381	6141416	98.40	6005136	96.70	99369	1.60	ok
BONA-10-Rh	intbio_reads_NovogeneMay2025	BONA	Rh	yes	177364	165350	93.23	151696	86.06	11574	6.57	ok
BONA-10-Ro	intbio_reads_NovogeneMay2025	BONA	Ro	yes	35975	32737	91.00	29424	82.02	3102	8.65	ok
BONA-11-1-No	intbio_reads_NovogeneMay2025	BONA	No	yes	4274031	4227810	98.92	4152066	97.62	45863	1.08	ok
BONA-11-1-Rh	intbio_reads_NovogeneMay2025	BONA	Rh	yes	142890	131741	92.20	118636	83.34	10697	7.51	ok
BONA-11-1-Ro	intbio_reads_NovogeneMay2025	BONA	Ro	yes	22122	21232	95.98	20286	91.71	814	3.68	ok
BONA-11-2-No	intbio_reads_NovogeneDecember2025	BONA	No	yes	57893	56934	98.34	55570	96.00	859	1.48	ok
BONA-11-2-Rh	intbio_reads_NovogeneDecember2025	BONA	Rh	yes	203176	193945	95.46	184088	90.81	8379	4.13	ok
BONA-11-2-Ro	intbio_reads_NovogeneDecember2025	BONA	Ro	yes	9352	9032	96.58	8664	92.86	310	3.32	ok
BONA-11-3-No	intbio_reads_NovogeneDecember2025	BONA	No	yes	1880	1856	98.72	1794	96.35	24	1.29	ok
BONA-11-3-Rh	intbio_reads_NovogeneDecember2025	BONA	Rh	yes	14551	14453	99.33	7590	52.19	98	0.67	ok
BONA-11-3-Ro	intbio_reads_NovogeneDecember2025	BONA	Ro	yes	4123	4107	99.61	3992	97.27	16	0.39	ok
BONA-12-1-No	intbio_reads_NovogeneMay2025	BONA	No	yes	6049337	5957995	98.49	5830858	96.86	90750	1.51	ok
BONA-12-1-Rh	intbio_reads_NovogeneMay2025	BONA	Rh	yes	403684	384083	95.14	361254	89.82	18945	4.71	ok
BONA-12-1-Ro	intbio_reads_NovogeneMay2025	BONA	Ro	yes	39885	36991	92.74	33974	85.39	2732	6.87	ok
BONA-12-2-No	intbio_reads_NovogeneDecember2025	BONA	No	yes	14184235	14069259	99.19	13815944	97.74	113006	0.80	ok
BONA-12-2-Rh	intbio_reads_NovogeneDecember2025	BONA	Rh	yes	1031862	1004842	97.38	968890	94.22	25752	2.50	ok
BONA-12-2-Ro	intbio_reads_NovogeneDecember2025	BONA	Ro	yes	104953	101585	96.79	97604	93.32	3176	3.04	ok
BONA-13-1-No	intbio_reads_NovogeneMay2025	BONA	No	yes	5513687	5417932	98.26	5289914	96.40	95169	1.73	ok
BONA-13-1-Rh	intbio_reads_NovogeneMay2025	BONA	Rh	yes	550265	510988	92.86	467136	85.14	38087	6.94	ok
BONA-13-1-Ro	intbio_reads_NovogeneMay2025	BONA	Ro	yes	102356	94340	92.17	84618	83.10	7676	7.54	ok
BONA-13-2-No	intbio_reads_NovogeneDecember2025	BONA	No	yes	6020371	5940353	98.67	5826128	97.25	79236	1.32	ok
BONA-13-2-Rh	intbio_reads_NovogeneDecember2025	BONA	Rh	yes	281927	261257	92.67	239452	85.21	19344	6.88	ok
BONA-13-2-Ro	intbio_reads_NovogeneDecember2025	BONA	Ro	yes	255851	254992	99.66	247442	97.41	543	0.21	ok
BONA-13-3-No	intbio_reads_NovogeneDecember2025	BONA	No	yes	10245440	10192093	99.48	10021002	98.16	51961	0.51	ok
BONA-13-3-Rh	intbio_reads_NovogeneDecember2025	BONA	Rh	yes	161396	155560	96.38	149604	92.80	4962	3.08	ok
BONA-13-3-Ro	intbio_reads_NovogeneDecember2025	BONA	Ro	yes	123230	122389	99.32	118314	96.02	649	0.53	ok
BONA-14-No	intbio_reads_NovogeneMay2025	BONA	No	yes	10387941	10327852	99.42	10183484	98.40	59265	0.57	ok
BONA-14-Rh	intbio_reads_NovogeneMay2025	BONA	Rh	yes	142530	131936	92.57	120122	84.69	9984	7.04	ok
BONA-14-Ro	intbio_reads_NovogeneMay2025	BONA	Ro	yes	55000	53023	96.41	46908	87.64	1703	3.18	ok
BONA-2-No	intbio_reads_NovogeneMay2025	BONA	No	yes	4753004	4655499	97.95	4514854	95.29	95105	2.01	ok
BONA-2-Rh	intbio_reads_NovogeneMay2025	BONA	Rh	yes	88201	80649	91.44	71484	81.13	7264	8.24	ok
BONA-2-Ro	intbio_reads_NovogeneMay2025	BONA	Ro	yes	41683	40297	96.67	38712	93.24	1362	3.28	ok
BONA-3-1-No	intbio_reads_NovogeneMay2025	BONA	No	yes	3277	3188	97.28	3082	94.31	85	2.60	ok
BONA-3-1-Rh	intbio_reads_NovogeneMay2025	BONA	Rh	yes	414817	386187	93.10	351944	85.37	27440	6.66	ok
BONA-3-1-Ro	intbio_reads_NovogeneMay2025	BONA	Ro	yes	13582	13478	99.23	13326	98.19	98	0.72	ok
BONA-4-No	intbio_reads_NovogeneMay2025	BONA	No	yes	12692086	12570847	99.04	12377368	98.01	120301	0.95	ok
BONA-4-Rh	intbio_reads_NovogeneMay2025	BONA	Rh	yes	265533	255514	96.23	243220	92.03	9317	3.53	ok
BONA-4-Ro	intbio_reads_NovogeneMay2025	BONA	Ro	yes	28721	25165	87.62	21036	73.68	3462	12.13	ok
BONA-5-No	intbio_reads_NovogeneMay2025	BONA	No	yes	8034855	7972983	99.23	7854268	98.14	61016	0.76	ok
BONA-5-Rh	intbio_reads_NovogeneMay2025	BONA	Rh	yes	178384	169304	94.91	157020	88.58	8904	5.02	ok
BONA-5-Ro	intbio_reads_NovogeneMay2025	BONA	Ro	yes	36626	36259	99.00	35872	97.96	325	0.89	ok
BONA-7-No	intbio_reads_NovogeneMay2025	BONA	No	yes	8603252	8472124	98.48	8289018	96.82	130236	1.52	ok
BONA-7-Rh	intbio_reads_NovogeneMay2025	BONA	Rh	yes	11747	11452	97.49	11146	94.92	283	2.41	ok
BONA-7-Ro	intbio_reads_NovogeneMay2025	BONA	Ro	yes	144791	140997	97.38	130950	91.81	3698	2.59	ok
BONA-8-No	intbio_reads_NovogeneMay2025	BONA	No	yes	253080	245927	97.17	236558	94.18	7141	2.84	ok
BONA-8-Rh	intbio_reads_NovogeneMay2025	BONA	Rh	yes	79283	71705	90.44	64108	81.04	7236	9.15	ok
BONA-8-Ro	intbio_reads_NovogeneMay2025	BONA	Ro	yes	46688	42559	91.16	38130	82.01	4027	8.66	ok
BONA-9-No	intbio_reads_NovogeneMay2025	BONA	No	yes	935646	908451	97.09	872874	94.07	27101	2.92	ok
BONA-9-Rh	intbio_reads_NovogeneMay2025	BONA	Rh	yes	12376	10961	88.57	9456	76.43	1395	11.28	ok
BONA-9-Ro	intbio_reads_NovogeneMay2025	BONA	Ro	yes	44588	42764	95.91	40746	91.56	1662	3.73	ok
CLBJ-1-1-No	intbio_reads_NovogeneMay2025	CLBJ	No	yes	1064283	981944	92.26	879976	83.14	81119	7.66	ok
CLBJ-1-1-Rh	intbio_reads_NovogeneMay2025	CLBJ	Rh	yes	2556	2423	94.80	2258	88.62	129	5.06	ok
CLBJ-1-1-Ro	intbio_reads_NovogeneMay2025	CLBJ	Ro	yes	7198	6802	94.50	6354	88.37	386	5.37	ok
CLBJ-10-1-No	intbio_reads_NovogeneMay2025	CLBJ	No	yes	1110053	1067157	96.14	1015970	91.75	41970	3.79	ok
CLBJ-10-1-Rh	intbio_reads_NovogeneMay2025	CLBJ	Rh	yes	312086	302074	96.79	288630	93.17	9334	3.01	ok
CLBJ-10-1-Ro	intbio_reads_NovogeneMay2025	CLBJ	Ro	yes	4883	4457	91.28	4006	82.50	416	8.57	ok
CLBJ-11-1-No	intbio_reads_NovogeneMay2025	CLBJ	No	yes	14209	12282	86.44	10072	70.96	1871	13.18	ok
CLBJ-11-1-Rh	intbio_reads_NovogeneMay2025	CLBJ	Rh	yes	17588	15763	89.62	11482	65.35	1785	10.16	ok
CLBJ-11-1-Ro	intbio_reads_NovogeneMay2025	CLBJ	Ro	yes	81554	70476	86.42	55678	68.28	10696	13.12	ok
CLBJ-12-2-No	intbio_reads_NovogeneMay2025	CLBJ	No	yes	62885	59563	94.72	55854	88.88	3040	4.84	ok
CLBJ-12-2-Rh	intbio_reads_NovogeneMay2025	CLBJ	Rh	yes	8299	6960	83.87	3338	40.64	1325	16.13	ok
CLBJ-12-2-Ro	intbio_reads_NovogeneMay2025	CLBJ	Ro	yes	771951	715209	92.65	626514	82.85	54554	7.21	ok
CLBJ-13-1-No	intbio_reads_NovogeneMay2025	CLBJ	No	yes	1771056	1702665	96.14	1617898	91.50	65007	3.68	ok
CLBJ-13-1-Rh	intbio_reads_NovogeneMay2025	CLBJ	Rh	yes	9630	9515	98.81	9158	96.56	99	1.04	ok
CLBJ-13-1-Ro	intbio_reads_NovogeneMay2025	CLBJ	Ro	yes	11642	11238	96.53	10768	92.60	364	3.13	ok
CLBJ-14-1-No	intbio_reads_NovogeneMay2025	CLBJ	No	yes	3631019	3452690	95.09	3146786	87.35	174137	4.83	ok
CLBJ-14-1-Rh	intbio_reads_NovogeneMay2025	CLBJ	Rh	yes	99860	93465	93.60	85502	86.23	5699	5.75	ok
CLBJ-14-1-Ro	intbio_reads_NovogeneMay2025	CLBJ	Ro	yes	20971	19187	91.49	17400	82.98	1768	8.43	ok
CLBJ-15-1-No	intbio_reads_NovogeneMay2025	CLBJ	No	yes	3788678	3664399	96.72	3507082	92.83	121049	3.20	ok
CLBJ-15-1-Rh	intbio_reads_NovogeneMay2025	CLBJ	Rh	yes	142082	133572	94.01	123642	87.41	7800	5.51	ok
CLBJ-15-1-Ro	intbio_reads_NovogeneMay2025	CLBJ	Ro	yes	32906	30750	93.45	27432	84.39	2108	6.48	ok
CLBJ-16-2-No	intbio_reads_NovogeneMay2025	CLBJ	No	yes	1018008	959587	94.26	895960	88.05	56549	5.56	ok
CLBJ-16-2-Rh	intbio_reads_NovogeneMay2025	CLBJ	Rh	yes	105032	100569	95.75	95762	91.38	3873	3.70	ok
CLBJ-16-2-Ro	intbio_reads_NovogeneMay2025	CLBJ	Ro	yes	99078	90533	91.38	80832	81.88	8061	8.17	ok
CLBJ-17-1-No	intbio_reads_NovogeneMay2025	CLBJ	No	yes	644595	594707	92.26	539682	83.78	48524	7.53	ok
CLBJ-17-1-Rh	intbio_reads_NovogeneMay2025	CLBJ	Rh	yes	77275	72728	94.12	67576	87.46	4131	5.35	ok
CLBJ-17-1-Ro	intbio_reads_NovogeneMay2025	CLBJ	Ro	yes	6749	6455	95.64	6040	89.77	264	3.92	ok
CLBJ-18-1-No	intbio_reads_NovogeneMay2025	CLBJ	No	yes	1750195	1614265	92.23	1466286	83.78	132238	7.56	ok
CLBJ-18-1-Rh	intbio_reads_NovogeneMay2025	CLBJ	Rh	yes	43467	38849	89.38	33972	78.48	4280	9.89	ok
CLBJ-18-1-Ro	intbio_reads_NovogeneMay2025	CLBJ	Ro	yes	6564	6373	97.09	6082	92.91	179	2.73	ok
CLBJ-19-1-No	intbio_reads_NovogeneMay2025	CLBJ	No	yes	3565387	3315881	93.00	3021470	84.87	242002	6.80	ok
CLBJ-19-1-Rh	intbio_reads_NovogeneMay2025	CLBJ	Rh	yes	122145	114405	93.66	104324	85.99	7102	5.85	ok
CLBJ-19-1-Ro	intbio_reads_NovogeneMay2025	CLBJ	Ro	yes	34137	30491	89.32	25476	74.75	3548	10.41	ok
CLBJ-2-No	intbio_reads_NovogeneMay2025	CLBJ	No	yes	462191	451746	97.74	427078	92.69	10031	2.18	ok
CLBJ-2-Rh	intbio_reads_NovogeneMay2025	CLBJ	Rh	yes	157678	151770	96.25	143410	91.20	5180	3.29	ok
CLBJ-2-Ro	intbio_reads_NovogeneMay2025	CLBJ	Ro	yes	9524	9295	97.60	8912	93.79	199	2.09	ok
CLBJ-20-1-No	intbio_reads_NovogeneJuly2024	CLBJ	No	yes	453943	421186	92.78	381050	84.08	31333	6.91	ok
CLBJ-20-1-Rh	intbio_reads_NovogeneJuly2024	CLBJ	Rh	yes	66546	60761	91.31	53932	81.44	5359	8.09	ok
CLBJ-20-1-Ro	intbio_reads_NovogeneJuly2024	CLBJ	Ro	yes	4962	4251	85.67	3522	71.04	669	13.49	ok
CLBJ-21-1-No	intbio_reads_NovogeneJuly2024	CLBJ	No	yes	2691424	2531894	94.07	2349086	87.58	154812	5.77	ok
CLBJ-21-1-Rh	intbio_reads_NovogeneJuly2024	CLBJ	Rh	yes	115646	108793	94.07	100936	87.46	6427	5.57	ok
CLBJ-21-1-Ro	intbio_reads_NovogeneJuly2024	CLBJ	Ro	yes	40932	39175	95.71	37506	91.83	1411	3.45	ok
CLBJ-22-1-No	intbio_reads_NovogeneJuly2024	CLBJ	No	yes	1856228	1738857	93.68	1603036	86.60	113487	6.13	ok
CLBJ-22-1-Rh	intbio_reads_NovogeneJuly2024	CLBJ	Rh	yes	7366	6917	93.90	6434	87.68	401	5.46	ok
CLBJ-22-1-Ro	intbio_reads_NovogeneJuly2024	CLBJ	Ro	yes	7443	7031	94.46	6624	89.01	376	5.05	ok
CLBJ-23-1-No	intbio_reads_NovogeneJuly2024	CLBJ	No	yes	572226	536211	93.71	486538	85.54	34307	6.03	ok
CLBJ-23-1-Rh	intbio_reads_NovogeneJuly2024	CLBJ	Rh	yes	53290	48811	91.60	44016	83.11	3983	7.52	ok
CLBJ-23-1-Ro	intbio_reads_NovogeneJuly2024	CLBJ	Ro	yes	10370	9298	89.66	7962	76.90	1014	9.79	ok
CLBJ-24-No	intbio_reads_NovogeneMay2025	CLBJ	No	yes	7467535	6980306	93.48	5943714	81.11	477637	6.52	ok
CLBJ-24-Rh	intbio_reads_NovogeneMay2025	CLBJ	Rh	yes	121391	112932	93.03	102870	85.19	7583	6.28	ok
CLBJ-25-2-No	intbio_reads_NovogeneMay2025	CLBJ	No	yes	1091590	1036636	94.97	949546	87.78	53150	4.91	ok
CLBJ-25-2-Rh	intbio_reads_NovogeneMay2025	CLBJ	Rh	yes	361373	346357	95.84	324784	90.25	14440	4.01	ok
CLBJ-25-2-Ro	intbio_reads_NovogeneMay2025	CLBJ	Ro	yes	2260635	2171067	96.04	2041580	90.77	86844	3.86	ok
CLBJ-26-1-No	intbio_reads_NovogeneMay2025	CLBJ	No	yes	7395679	7097385	95.97	6483580	88.38	289966	3.95	ok
CLBJ-26-1-Rh	intbio_reads_NovogeneMay2025	CLBJ	Rh	yes	138343	130449	94.29	120384	87.55	7118	5.18	ok
CLBJ-26-1-Ro	intbio_reads_NovogeneMay2025	CLBJ	Ro	yes	253670	246348	97.11	235024	93.07	6944	2.75	ok
CLBJ-27-1-No	intbio_reads_NovogeneMay2025	CLBJ	No	yes	8103711	7913325	97.65	7503720	92.69	181662	2.24	ok
CLBJ-27-1-Rh	intbio_reads_NovogeneMay2025	CLBJ	Rh	yes	1197357	1150159	96.06	1078644	90.48	45800	3.84	ok
CLBJ-27-1-Ro	intbio_reads_NovogeneMay2025	CLBJ	Ro	yes	630773	602638	95.54	558964	89.00	27057	4.31	ok
CLBJ-28-3-No	intbio_reads_NovogeneMay2025	CLBJ	No	yes	87899	81021	92.18	71926	82.22	6716	7.68	ok
CLBJ-28-3-Rh	intbio_reads_NovogeneMay2025	CLBJ	Rh	yes	232282	223920	96.40	215550	92.94	7298	3.15	ok
CLBJ-28-3-Ro	intbio_reads_NovogeneMay2025	CLBJ	Ro	yes	12125	11606	95.72	10992	90.95	455	3.76	ok
CLBJ-29-2-Rh	intbio_reads_NovogeneMay2025	CLBJ	Rh	yes	220895	202262	91.56	179102	81.72	17869	8.15	ok
CLBJ-29-2-Ro	intbio_reads_NovogeneMay2025	CLBJ	Ro	yes	38358	36148	94.24	32874	86.28	2158	5.66	ok
CLBJ-3-1-No	intbio_reads_NovogeneMay2025	CLBJ	No	yes	1086440	1023569	94.21	921738	85.69	61543	5.72	ok
CLBJ-3-1-Rh	intbio_reads_NovogeneMay2025	CLBJ	Rh	yes	49722	47028	94.58	42756	87.03	2360	4.80	ok
CLBJ-3-1-Ro	intbio_reads_NovogeneMay2025	CLBJ	Ro	yes	138561	128437	92.69	111986	80.98	9364	6.77	ok
CLBJ-30-1-No	intbio_reads_NovogeneMay2025	CLBJ	No	yes	11115682	10816275	97.31	10429304	93.94	292357	2.63	ok
CLBJ-30-1-Rh	intbio_reads_NovogeneMay2025	CLBJ	Rh	yes	464100	437150	94.19	401444	87.00	26022	5.64	ok
CLBJ-30-1-Ro	intbio_reads_NovogeneMay2025	CLBJ	Ro	yes	1636891	1581915	96.64	1496460	91.85	51912	3.19	ok
CLBJ-31-2-No	intbio_reads_NovogeneMay2025	CLBJ	No	yes	1006940	923899	91.75	811730	80.98	81219	8.10	ok
CLBJ-31-2-Rh	intbio_reads_NovogeneMay2025	CLBJ	Rh	yes	210107	189979	90.42	165480	79.09	19226	9.19	ok
CLBJ-31-2-Ro	intbio_reads_NovogeneMay2025	CLBJ	Ro	yes	203244	192114	94.52	176342	87.18	10898	5.39	ok
CLBJ-32-1-No	intbio_reads_NovogeneMay2025	CLBJ	No	yes	2387334	2329703	97.59	2253418	94.53	54585	2.29	ok
CLBJ-32-1-Rh	intbio_reads_NovogeneMay2025	CLBJ	Rh	yes	2310879	2272076	98.32	2221932	96.33	36747	1.59	ok
CLBJ-32-1-Ro	intbio_reads_NovogeneMay2025	CLBJ	Ro	yes	110950	103879	93.63	95534	86.24	6921	6.25	ok
CLBJ-33-1-No	intbio_reads_NovogeneMay2025	CLBJ	No	yes	5804731	5002842	86.19	4163808	71.87	796313	13.74	ok
CLBJ-33-1-Rh	intbio_reads_NovogeneMay2025	CLBJ	Rh	yes	365521	352061	96.32	328854	91.22	11754	3.26	ok
CLBJ-33-1-Ro	intbio_reads_NovogeneMay2025	CLBJ	Ro	yes	76771	65910	85.85	54498	71.05	10795	14.07	ok
CLBJ-34-1-No	intbio_reads_NovogeneMay2025	CLBJ	No	yes	5533346	5224329	94.42	4866128	88.21	306011	5.55	ok
CLBJ-34-1-Rh	intbio_reads_NovogeneMay2025	CLBJ	Rh	yes	623610	606538	97.26	584106	93.90	16152	2.60	ok
CLBJ-34-1-Ro	intbio_reads_NovogeneMay2025	CLBJ	Ro	yes	41979	41033	97.75	39722	94.85	892	2.13	ok
CLBJ-35-1-No	intbio_reads_NovogeneMay2025	CLBJ	No	yes	259907	248384	95.57	232936	89.91	10657	4.11	ok
CLBJ-35-1-Rh	intbio_reads_NovogeneMay2025	CLBJ	Rh	yes	124551	116661	93.67	107770	86.95	6994	5.64	ok
CLBJ-35-1-Ro	intbio_reads_NovogeneMay2025	CLBJ	Ro	yes	53668	51633	96.21	49444	92.36	1791	3.35	ok
CLBJ-36-1-No	intbio_reads_NovogeneMay2025	CLBJ	No	yes	533052	507095	95.13	471608	88.67	24453	4.60	ok
CLBJ-36-1-Rh	intbio_reads_NovogeneMay2025	CLBJ	Rh	yes	317665	300219	94.51	279688	88.25	16082	5.07	ok
CLBJ-36-1-Ro	intbio_reads_NovogeneMay2025	CLBJ	Ro	yes	815303	762874	93.57	696898	85.91	50947	6.28	ok
CLBJ-37-1-No	intbio_reads_NovogeneMay2025	CLBJ	No	yes	45010231	44706783	99.33	44319106	98.47	297372	0.66	ok
CLBJ-37-1-Rh	intbio_reads_NovogeneMay2025	CLBJ	Rh	yes	726780	686307	94.43	634264	87.68	38349	5.30	ok
CLBJ-37-1-Ro	intbio_reads_NovogeneMay2025	CLBJ	Ro	yes	284437	282185	99.21	279428	98.29	2130	0.75	ok
CLBJ-38-1-No	intbio_reads_NovogeneMay2025	CLBJ	No	yes	4119649	4070041	98.80	3983836	96.93	48084	1.17	ok
CLBJ-38-1-Rh	intbio_reads_NovogeneMay2025	CLBJ	Rh	yes	767224	718341	93.63	658596	86.24	46987	6.15	ok
CLBJ-39-1-No	intbio_reads_NovogeneMay2025	CLBJ	No	yes	8602796	8451951	98.25	8246450	96.00	145595	1.69	ok
CLBJ-39-1-Rh	intbio_reads_NovogeneMay2025	CLBJ	Rh	yes	185472	179097	96.56	168212	91.43	5543	3.01	ok
CLBJ-4-1-No	intbio_reads_NovogeneMay2025	CLBJ	No	yes	5961204	5815285	97.55	5490814	92.54	140441	2.37	ok
CLBJ-4-1-Rh	intbio_reads_NovogeneMay2025	CLBJ	Rh	yes	71625	66657	93.06	60450	84.98	4624	6.50	ok
CLBJ-4-1-Ro	intbio_reads_NovogeneMay2025	CLBJ	Ro	yes	547819	536432	97.92	511798	93.82	10889	2.00	ok
CLBJ-40-1-No	intbio_reads_NovogeneAugust2025	CLBJ	No	yes	7019057	6804947	96.95	6523314	93.18	208436	2.98	ok
CLBJ-40-1-Rh	intbio_reads_NovogeneAugust2025	CLBJ	Rh	yes	188550	168367	89.30	145966	77.78	19697	10.50	ok
CLBJ-40-1-Ro	intbio_reads_NovogeneAugust2025	CLBJ	Ro	yes	128303	113539	88.49	96326	75.55	14312	11.22	ok
CLBJ-41-1-No	intbio_reads_NovogeneAugust2025	CLBJ	No	yes	1920392	1818747	94.71	1693722	88.33	97645	5.09	ok
CLBJ-41-1-Rh	intbio_reads_NovogeneAugust2025	CLBJ	Rh	yes	138307	124798	90.23	108520	79.03	13149	9.58	ok
CLBJ-41-1-Ro	intbio_reads_NovogeneAugust2025	CLBJ	Ro	yes	128964	113050	87.66	95034	74.03	15548	12.11	ok
CLBJ-42-1-No	intbio_reads_NovogeneAugust2025	CLBJ	No	yes	1403201	1329536	94.75	1234164	88.22	70709	5.05	ok
CLBJ-42-1-Rh	intbio_reads_NovogeneAugust2025	CLBJ	Rh	yes	43737	38924	89.00	33808	77.66	4647	10.67	ok
CLBJ-42-1-Ro	intbio_reads_NovogeneAugust2025	CLBJ	Ro	yes	118056	112305	95.13	105350	89.45	5537	4.70	ok
CLBJ-43-2-No	intbio_reads_NovogeneMay2025	CLBJ	No	yes	646178	620525	96.03	588954	91.40	24165	3.75	ok
CLBJ-43-2-Rh	intbio_reads_NovogeneMay2025	CLBJ	Rh	yes	344804	326877	94.80	306168	89.02	16767	4.88	ok
CLBJ-43-2-Ro	intbio_reads_NovogeneMay2025	CLBJ	Ro	yes	115471	109475	94.81	101848	88.76	5420	4.72	ok
CLBJ-44-1-No	intbio_reads_NovogeneAugust2025	CLBJ	No	yes	700694	638117	91.07	560626	80.55	60393	8.68	ok
CLBJ-44-1-Rh	intbio_reads_NovogeneAugust2025	CLBJ	Rh	yes	74499	72516	97.34	70634	94.82	1849	2.48	ok
CLBJ-44-1-Ro	intbio_reads_NovogeneAugust2025	CLBJ	Ro	yes	16689	15648	93.76	14446	86.69	1011	6.07	ok
CLBJ-45-2-Rh	intbio_reads_NovogeneMay2025	CLBJ	Rh	yes	190993	178517	93.47	163204	85.94	11446	6.03	ok
CLBJ-45-2-Ro	intbio_reads_NovogeneMay2025	CLBJ	Ro	yes	10334	9570	92.61	8488	82.78	730	7.12	ok
CLBJ-46-1-No	intbio_reads_NovogeneAugust2025	CLBJ	No	yes	740255	711357	96.10	678364	91.77	28054	3.80	ok
CLBJ-46-1-Rh	intbio_reads_NovogeneAugust2025	CLBJ	Rh	yes	123233	114352	92.79	103200	84.65	8591	7.05	ok
CLBJ-46-1-Ro	intbio_reads_NovogeneAugust2025	CLBJ	Ro	yes	284664	263046	92.41	234380	82.78	21006	7.42	ok
CLBJ-47-1-No	intbio_reads_NovogeneAugust2025	CLBJ	No	yes	28921	27404	94.75	25964	89.79	1413	4.89	ok
CLBJ-47-1-Rh	intbio_reads_NovogeneAugust2025	CLBJ	Rh	yes	379606	360473	94.96	337894	89.16	18581	4.90	ok
CLBJ-47-1-Ro	intbio_reads_NovogeneAugust2025	CLBJ	Ro	yes	14588	13567	93.00	12574	86.32	907	6.23	ok
CLBJ-48-1-No	intbio_reads_NovogeneMay2025	CLBJ	No	yes	2737108	2665386	97.38	2586432	94.55	67802	2.48	ok
CLBJ-48-1-Rh	intbio_reads_NovogeneMay2025	CLBJ	Rh	yes	517928	485329	93.71	438216	85.14	30015	5.83	ok
CLBJ-48-1-Ro	intbio_reads_NovogeneMay2025	CLBJ	Ro	yes	11977	11299	94.34	10484	87.95	628	5.27	ok
CLBJ-49-1-Rh	intbio_reads_NovogeneMay2025	CLBJ	Rh	yes	473311	446510	94.34	410966	87.25	25547	5.42	ok
CLBJ-49-1-Ro	intbio_reads_NovogeneMay2025	CLBJ	Ro	yes	13903	13681	98.40	13336	96.27	148	1.07	ok
CLBJ-5-2-No	intbio_reads_NovogeneMay2025	CLBJ	No	yes	17835537	17380462	97.45	16438156	92.42	438305	2.46	ok
CLBJ-5-2-Rh	intbio_reads_NovogeneMay2025	CLBJ	Rh	yes	33182	32447	97.78	30386	91.98	703	2.13	ok
CLBJ-5-2-Ro	intbio_reads_NovogeneMay2025	CLBJ	Ro	yes	15570	15036	96.57	14162	91.36	508	3.28	ok
CLBJ-50-3-No	intbio_reads_NovogeneMay2025	CLBJ	No	yes	541376	515764	95.27	482390	89.61	24456	4.54	ok
CLBJ-50-3-Rh	intbio_reads_NovogeneMay2025	CLBJ	Rh	yes	332389	316058	95.09	287746	87.56	15479	4.71	ok
CLBJ-50-3-Ro	intbio_reads_NovogeneMay2025	CLBJ	Ro	yes	40326	38573	95.65	36696	91.44	1471	3.67	ok
CLBJ-6-3-No	intbio_reads_NovogeneMay2025	CLBJ	No	yes	314779	299583	95.17	282144	89.70	14840	4.72	ok
CLBJ-6-3-Rh	intbio_reads_NovogeneMay2025	CLBJ	Rh	yes	24074	20301	84.33	15424	64.07	3697	15.36	ok
CLBJ-6-3-Ro	intbio_reads_NovogeneMay2025	CLBJ	Ro	yes	9980	8097	81.13	5054	50.66	1859	18.63	ok
CLBJ-7-1-No	intbio_reads_NovogeneMay2025	CLBJ	No	yes	30034	27791	92.53	24434	81.80	2213	7.41	ok
CLBJ-7-1-Rh	intbio_reads_NovogeneMay2025	CLBJ	Rh	yes	42666	39397	92.34	35332	83.48	2981	7.04	ok
CLBJ-7-1-Ro	intbio_reads_NovogeneMay2025	CLBJ	Ro	yes	11799	11213	95.03	10454	88.89	540	4.59	ok
CLBJ-8-1-No	intbio_reads_NovogeneMay2025	CLBJ	No	yes	66701	60604	90.86	53164	80.39	5437	8.22	ok
CLBJ-8-1-Rh	intbio_reads_NovogeneMay2025	CLBJ	Rh	yes	56466	51737	91.63	46118	81.69	4427	7.84	ok
CLBJ-8-1-Ro	intbio_reads_NovogeneMay2025	CLBJ	Ro	yes	54251	49269	90.82	44444	82.11	4520	8.35	ok
CLBJ-9-1-No	intbio_reads_NovogeneMay2025	CLBJ	No	yes	392639	361970	92.19	319564	81.91	30153	7.73	ok
CLBJ-9-1-Rh	intbio_reads_NovogeneMay2025	CLBJ	Rh	yes	63555	59464	93.56	55092	86.94	3637	5.74	ok
CLBJ-9-1-Ro	intbio_reads_NovogeneMay2025	CLBJ	Ro	yes	9486	9012	95.00	8510	89.81	462	4.88	ok
CPER-1-No	intbio_reads_NovogeneAugust2025	CPER	No	yes	922976	906443	98.21	871348	94.85	15253	1.66	ok
CPER-1-Rh	intbio_reads_NovogeneAugust2025	CPER	Rh	yes	298579	288700	96.69	268286	90.75	9371	3.17	ok
CPER-1-Ro	intbio_reads_NovogeneAugust2025	CPER	Ro	yes	11176	10544	94.35	9916	88.90	562	5.04	ok
CPER-2-No	intbio_reads_NovogeneAugust2025	CPER	No	yes	11598079	11542335	99.52	11342902	98.27	54202	0.47	ok
CPER-2-Rh	intbio_reads_NovogeneAugust2025	CPER	Rh	yes	769502	758072	98.51	742198	96.72	10494	1.37	ok
CPER-2-Ro	intbio_reads_NovogeneAugust2025	CPER	Ro	yes	118060	116633	98.79	113756	96.86	1339	1.14	ok
CPER-3-1-No	intbio_reads_NovogeneAugust2025	CPER	No	yes	7046808	7016371	99.57	6887710	98.29	30041	0.43	ok
CPER-3-1-Rh	intbio_reads_NovogeneAugust2025	CPER	Rh	yes	1509573	1480334	98.06	1424154	94.94	29033	1.94	ok
CPER-3-1-Ro	intbio_reads_NovogeneAugust2025	CPER	Ro	yes	84011	82906	98.68	80822	96.63	1075	1.29	ok
CPER-4-No	intbio_reads_NovogeneAugust2025	CPER	No	yes	4359218	4304697	98.75	4199876	96.81	54307	1.25	ok
CPER-4-Rh	intbio_reads_NovogeneAugust2025	CPER	Rh	yes	1801557	1765988	98.03	1701118	94.82	35031	1.95	ok
CPER-4-Ro	intbio_reads_NovogeneAugust2025	CPER	Ro	yes	33839	33097	97.81	31750	94.21	700	2.08	ok
CPER-5-1-No	intbio_reads_NovogeneAugust2025	CPER	No	yes	13661248	13363211	97.82	12907090	94.94	297435	2.19	ok
CPER-5-1-Rh	intbio_reads_NovogeneAugust2025	CPER	Rh	yes	6559764	6201209	94.53	5754160	88.03	357947	5.48	ok
CPER-5-1-Ro	intbio_reads_NovogeneAugust2025	CPER	Ro	yes	31574	30474	96.52	28926	92.17	1070	3.41	ok
DCFS-1-2-No	intbio_reads_NovogeneAugust2025	DCFS	No	yes	85705	82844	96.66	76222	90.41	2797	3.32	ok
DCFS-1-2-Rh	intbio_reads_NovogeneAugust2025	DCFS	Rh	yes	362284	317920	87.75	259826	72.25	43282	12.03	ok
DCFS-1-2-Ro	intbio_reads_NovogeneAugust2025	DCFS	Ro	yes	33913	29686	87.54	25088	74.37	4153	12.31	ok
DCFS-2-2-No	intbio_reads_NovogeneAugust2025	DCFS	No	yes	22534048	22327661	99.08	21890448	97.38	205453	0.91	ok
DCFS-2-2-Rh	intbio_reads_NovogeneAugust2025	DCFS	Rh	yes	504352	466372	92.47	417162	83.40	37074	7.41	ok
DCFS-2-2-Ro	intbio_reads_NovogeneAugust2025	DCFS	Ro	yes	99541	89883	90.30	79040	79.87	9494	9.59	ok
DCFS-3-2-No	intbio_reads_NovogeneAugust2025	DCFS	No	yes	2861435	2827838	98.83	2736346	95.88	33193	1.16	ok
DCFS-3-2-Rh	intbio_reads_NovogeneAugust2025	DCFS	Rh	yes	361668	333973	92.34	299622	82.95	27163	7.52	ok
DCFS-3-2-Ro	intbio_reads_NovogeneAugust2025	DCFS	Ro	yes	11962	11674	97.59	11284	94.59	284	2.38	ok
DCFS-4-No	intbio_reads_NovogeneAugust2025	DCFS	No	yes	24174837	23540756	97.38	21580632	89.67	614397	2.55	ok
DCFS-4-Rh	intbio_reads_NovogeneAugust2025	DCFS	Rh	yes	201292	189392	94.09	173360	86.36	11246	5.60	ok
DCFS-4-Ro	intbio_reads_NovogeneAugust2025	DCFS	Ro	yes	131713	120641	91.59	107814	82.11	10838	8.25	ok
DCFS-5-1-No	intbio_reads_NovogeneAugust2025	DCFS	No	yes	21001465	20889479	99.47	20439728	97.64	110592	0.53	ok
DCFS-5-1-Rh	intbio_reads_NovogeneAugust2025	DCFS	Rh	yes	302256	290513	96.11	273454	90.73	10733	3.56	ok
DCFS-5-1-Ro	intbio_reads_NovogeneAugust2025	DCFS	Ro	yes	57959	55076	95.03	50962	88.29	2773	4.80	ok
DCFS-6-1-No	intbio_reads_NovogeneAugust2025	DCFS	No	yes	23223657	23105841	99.49	22778376	98.54	116878	0.51	ok
DCFS-6-1-Rh	intbio_reads_NovogeneAugust2025	DCFS	Rh	yes	108529	100856	92.93	91598	84.67	7227	6.68	ok
DCFS-6-1-Ro	intbio_reads_NovogeneAugust2025	DCFS	Ro	yes	13107	12613	96.23	11982	91.90	432	3.31	ok
DCFS-7-1-No	intbio_reads_NovogeneAugust2025	DCFS	No	yes	108767	101579	93.39	92094	85.12	6884	6.36	ok
DCFS-7-1-Rh	intbio_reads_NovogeneAugust2025	DCFS	Rh	yes	219873	214706	97.65	209710	95.39	4035	1.84	ok
DCFS-7-1-Ro	intbio_reads_NovogeneAugust2025	DCFS	Ro	yes	32996	32872	99.62	32442	98.36	78	0.24	ok
DCFS-8-1-No	intbio_reads_NovogeneAugust2025	DCFS	No	yes	16391358	16304254	99.47	16021764	98.09	84802	0.52	ok
DCFS-8-1-Rh	intbio_reads_NovogeneAugust2025	DCFS	Rh	yes	222463	213832	96.12	202402	91.37	8047	3.63	ok
DCFS-8-1-Ro	intbio_reads_NovogeneAugust2025	DCFS	Ro	yes	14122	13682	96.88	13050	92.79	386	2.74	ok
DEJU-1-1-No	intbio_reads_NovogeneMay2025	DEJU	No	yes	1799467	1604123	89.14	1362210	75.97	192900	10.76	ok
DEJU-1-1-Rh	intbio_reads_NovogeneMay2025	DEJU	Rh	yes	197754	193689	97.94	189530	96.10	3055	1.55	ok
DEJU-1-1-Ro	intbio_reads_NovogeneMay2025	DEJU	Ro	yes	8568	8369	97.68	8024	93.67	189	2.21	ok
DEJU-10-1-No	intbio_reads_NovogeneAugust2025	DEJU	No	yes	7437	6677	89.78	5860	78.95	724	9.75	ok
DEJU-10-1-Rh	intbio_reads_NovogeneAugust2025	DEJU	Rh	yes	504693	467685	92.67	422998	84.25	35432	7.06	ok
DEJU-10-1-Ro	intbio_reads_NovogeneAugust2025	DEJU	Ro	yes	40626	38784	95.47	36964	91.01	1756	4.32	ok
DEJU-11-1-No	intbio_reads_NovogeneAugust2025	DEJU	No	yes	8583	7926	92.35	7146	83.54	635	7.42	ok
DEJU-11-1-Rh	intbio_reads_NovogeneAugust2025	DEJU	Rh	yes	73075	66948	91.62	60428	82.88	5805	7.96	ok
DEJU-11-1-Ro	intbio_reads_NovogeneAugust2025	DEJU	Ro	yes	10432	9690	92.89	8722	84.01	732	7.05	ok
DEJU-12-1-No	intbio_reads_NovogeneAugust2025	DEJU	No	yes	22293	21797	97.78	21358	95.84	420	1.88	ok
DEJU-12-1-Rh	intbio_reads_NovogeneAugust2025	DEJU	Rh	yes	209882	196096	93.43	178994	85.54	13146	6.28	ok
DEJU-12-1-Ro	intbio_reads_NovogeneAugust2025	DEJU	Ro	yes	7911	7377	93.25	6458	82.99	474	6.09	ok
DEJU-13-1-No	intbio_reads_NovogeneAugust2025	DEJU	No	yes	775957	675578	87.06	555008	71.73	99509	12.86	ok
DEJU-13-1-Rh	intbio_reads_NovogeneAugust2025	DEJU	Rh	yes	1661	1585	95.42	1488	89.75	74	4.46	ok
DEJU-13-1-Ro	intbio_reads_NovogeneAugust2025	DEJU	Ro	yes	29914	28586	95.56	26756	90.52	1148	3.88	ok
DEJU-16-1-No	intbio_reads_NovogeneAugust2025	DEJU	No	yes	5546936	5426194	97.82	5276178	95.58	120178	2.18	ok
DEJU-16-1-Rh	intbio_reads_NovogeneAugust2025	DEJU	Rh	yes	305805	281410	92.02	254568	83.60	23543	7.73	ok
DEJU-16-1-Ro	intbio_reads_NovogeneAugust2025	DEJU	Ro	yes	1171921	1167273	99.60	1154368	99.00	4358	0.37	ok
DEJU-16-2-No	intbio_reads_NovogeneDecember2025	DEJU	No	yes	9806059	9349995	95.35	8847774	90.61	452888	4.64	ok
DEJU-16-2-Rh	intbio_reads_NovogeneDecember2025	DEJU	Rh	yes	512241	488961	95.46	462520	90.69	22134	4.34	ok
DEJU-16-2-Ro	intbio_reads_NovogeneDecember2025	DEJU	Ro	yes	3967	3904	98.41	3802	96.01	61	1.54	ok
DEJU-17-1-No	intbio_reads_NovogeneAugust2025	DEJU	No	yes	24728	23942	96.82	21390	86.51	754	3.05	ok
DEJU-17-1-Rh	intbio_reads_NovogeneAugust2025	DEJU	Rh	yes	585828	548002	93.54	505342	86.40	36554	6.25	ok
DEJU-17-1-Ro	intbio_reads_NovogeneAugust2025	DEJU	Ro	yes	10866	10708	98.55	10512	96.78	138	1.27	ok
DEJU-17-2-No	intbio_reads_NovogeneDecember2025	DEJU	No	yes	17068	16680	97.73	16234	95.40	356	2.09	ok
DEJU-17-2-Rh	intbio_reads_NovogeneDecember2025	DEJU	Rh	yes	159107	148115	93.09	136210	86.03	10266	6.48	ok
DEJU-17-2-Ro	intbio_reads_NovogeneDecember2025	DEJU	Ro	yes	146969	142872	97.21	138744	94.41	4079	2.78	ok
DEJU-18-1-No	intbio_reads_NovogeneAugust2025	DEJU	No	yes	4038921	3968914	98.27	3876802	96.45	69741	1.74	ok
DEJU-18-1-Rh	intbio_reads_NovogeneAugust2025	DEJU	Rh	yes	104405	97024	92.93	89486	85.99	6693	6.43	ok
DEJU-18-1-Ro	intbio_reads_NovogeneAugust2025	DEJU	Ro	yes	342333	337175	98.49	329702	96.69	4856	1.42	ok
DEJU-19-1-No	intbio_reads_NovogeneAugust2025	DEJU	No	yes	15101	14638	96.93	14194	94.09	413	2.74	ok
DEJU-19-1-Rh	intbio_reads_NovogeneAugust2025	DEJU	Rh	yes	114049	107427	94.19	100638	88.55	6060	5.33	ok
DEJU-19-1-Ro	intbio_reads_NovogeneAugust2025	DEJU	Ro	yes	16011	15962	99.69	15908	99.36	47	0.29	ok
DEJU-2-No	intbio_reads_NovogeneMay2025	DEJU	No	yes	2407958	2186810	90.82	1905334	79.40	217878	9.08	ok
DEJU-2-Rh	intbio_reads_NovogeneMay2025	DEJU	Rh	yes	153316	147853	96.44	141920	92.79	4791	3.13	ok
DEJU-2-Ro	intbio_reads_NovogeneMay2025	DEJU	Ro	yes	113635	104973	92.38	96144	84.76	8114	7.15	ok
DEJU-20-1-No	intbio_reads_NovogeneAugust2025	DEJU	No	yes	7277	7041	96.76	6740	93.07	230	3.18	ok
DEJU-20-1-Rh	intbio_reads_NovogeneAugust2025	DEJU	Rh	yes	58983	51042	86.54	42314	72.01	7673	13.06	ok
DEJU-20-1-Ro	intbio_reads_NovogeneAugust2025	DEJU	Ro	yes	30807	27866	90.45	24642	80.59	2823	9.23	ok
DEJU-21-1-No	intbio_reads_NovogeneAugust2025	DEJU	No	yes	6447111	6388485	99.09	6274442	97.74	57622	0.90	ok
DEJU-21-1-Rh	intbio_reads_NovogeneAugust2025	DEJU	Rh	yes	114057	104828	91.91	94752	83.47	8755	7.71	ok
DEJU-21-1-Ro	intbio_reads_NovogeneAugust2025	DEJU	Ro	yes	6299	6169	97.94	6010	95.49	96	1.53	ok
DEJU-22-1-No	intbio_reads_NovogeneAugust2025	DEJU	No	yes	3388749	3304789	97.52	3202256	94.95	83636	2.48	ok
DEJU-22-1-Rh	intbio_reads_NovogeneAugust2025	DEJU	Rh	yes	75879	68031	89.66	59812	79.10	7426	9.82	ok
DEJU-22-1-Ro	intbio_reads_NovogeneAugust2025	DEJU	Ro	yes	78553	74015	94.22	67932	87.99	4406	5.71	ok
DEJU-23-1-No	intbio_reads_NovogeneAugust2025	DEJU	No	yes	2973885	2883458	96.96	2762400	93.25	89455	3.02	ok
DEJU-23-1-Rh	intbio_reads_NovogeneAugust2025	DEJU	Rh	yes	916001	828321	90.43	722670	79.27	85576	9.39	ok
DEJU-23-1-Ro	intbio_reads_NovogeneAugust2025	DEJU	Ro	yes	20208	19714	97.56	19150	94.77	470	2.33	ok
DEJU-24-1-No	intbio_reads_NovogeneAugust2025	DEJU	No	yes	2223012	2153041	96.85	2069612	93.40	69455	3.13	ok
DEJU-24-1-Rh	intbio_reads_NovogeneAugust2025	DEJU	Rh	yes	745717	710478	95.27	658136	88.90	34101	4.61	ok
DEJU-24-1-Ro	intbio_reads_NovogeneAugust2025	DEJU	Ro	yes	7829	7664	97.89	7466	95.38	151	1.93	ok
DEJU-25-No	intbio_reads_NovogeneAugust2025	DEJU	No	yes	2704	2544	94.08	2414	89.34	120	4.44	ok
DEJU-25-Rh	intbio_reads_NovogeneAugust2025	DEJU	Rh	yes	43658	41676	95.46	39116	90.99	1874	4.36	ok
DEJU-25-Ro	intbio_reads_NovogeneAugust2025	DEJU	Ro	yes	23417	21085	90.04	18520	79.51	2186	9.39	ok
DEJU-26-No	intbio_reads_NovogeneAugust2025	DEJU	No	yes	146046	127243	87.13	106910	73.61	18279	12.59	ok
DEJU-26-Rh	intbio_reads_NovogeneAugust2025	DEJU	Rh	yes	961118	878979	91.45	792596	82.72	78961	8.24	ok
DEJU-27-No	intbio_reads_NovogeneAugust2025	DEJU	No	yes	98743	89952	91.10	80216	81.65	8529	8.68	ok
DEJU-27-Rh	intbio_reads_NovogeneAugust2025	DEJU	Rh	yes	138606	122102	88.09	103142	74.69	16060	11.63	ok
DEJU-27-Ro	intbio_reads_NovogeneAugust2025	DEJU	Ro	yes	25177	24508	97.34	23840	94.71	655	2.60	ok
DEJU-28-1-No	intbio_reads_NovogeneDecember2025	DEJU	No	yes	3472	3412	98.27	3304	95.88	60	1.74	ok
DEJU-28-1-Rh	intbio_reads_NovogeneDecember2025	DEJU	Rh	yes	198957	185376	93.17	171342	86.34	12301	6.20	ok
DEJU-28-1-Ro	intbio_reads_NovogeneDecember2025	DEJU	Ro	yes	40264	38666	96.03	35584	88.48	1562	3.88	ok
DEJU-28-2-No	intbio_reads_NovogeneAugust2025	DEJU	No	yes	4017496	3757088	93.52	3477668	86.91	259774	6.49	ok
DEJU-28-2-Rh	intbio_reads_NovogeneAugust2025	DEJU	Rh	yes	265955	239617	90.10	209630	79.35	25618	9.70	ok
DEJU-28-2-Ro	intbio_reads_NovogeneAugust2025	DEJU	Ro	yes	182087	172002	94.46	162122	89.26	9391	5.17	ok
DEJU-29-1-No	intbio_reads_NovogeneAugust2025	DEJU	No	yes	5704953	5567147	97.58	5395590	95.07	137332	2.42	ok
DEJU-29-1-Rh	intbio_reads_NovogeneAugust2025	DEJU	Rh	yes	277713	263935	95.04	248644	89.84	13420	4.85	ok
DEJU-29-1-Ro	intbio_reads_NovogeneAugust2025	DEJU	Ro	yes	32860	32647	99.35	32436	98.72	205	0.62	ok
DEJU-29-2-No	intbio_reads_NovogeneDecember2025	DEJU	No	yes	10929148	10806444	98.88	10623408	97.67	121464	1.12	ok
DEJU-29-2-Rh	intbio_reads_NovogeneDecember2025	DEJU	Rh	yes	162101	147356	90.90	131662	81.55	14119	8.75	ok
DEJU-29-2-Ro	intbio_reads_NovogeneDecember2025	DEJU	Ro	yes	168190	165971	98.68	162626	97.03	2027	1.21	ok
DEJU-3-1-No	intbio_reads_NovogeneMay2025	DEJU	No	yes	645825	543733	84.19	417510	64.89	101076	15.71	ok
DEJU-3-1-Rh	intbio_reads_NovogeneMay2025	DEJU	Rh	yes	13812	13379	96.87	12836	93.05	405	2.94	ok
DEJU-3-1-Ro	intbio_reads_NovogeneMay2025	DEJU	Ro	yes	14063	13609	96.77	13142	93.52	432	3.07	ok
DEJU-30-No	intbio_reads_NovogeneMay2025	DEJU	No	yes	4530285	4470708	98.68	4384764	97.29	59255	1.31	ok
DEJU-30-Rh	intbio_reads_NovogeneMay2025	DEJU	Rh	yes	138190	127184	92.04	114640	83.36	10746	7.81	ok
DEJU-30-Ro	intbio_reads_NovogeneMay2025	DEJU	Ro	yes	70601	66944	94.82	62952	89.42	3329	4.73	ok
DEJU-31-No	intbio_reads_NovogeneMay2025	DEJU	No	yes	5073488	4731029	93.25	4350440	85.96	339013	6.70	ok
DEJU-31-Rh	intbio_reads_NovogeneMay2025	DEJU	Rh	yes	29433	27881	94.73	26182	89.16	1426	4.86	ok
DEJU-31-Ro	intbio_reads_NovogeneMay2025	DEJU	Ro	yes	80012	72958	91.18	64476	81.25	6644	8.37	ok
DEJU-32-No	intbio_reads_NovogeneMay2025	DEJU	No	yes	9149850	9059122	99.01	8890846	97.61	89572	0.98	ok
DEJU-32-Rh	intbio_reads_NovogeneMay2025	DEJU	Rh	yes	299979	291048	97.02	280484	93.77	8815	2.95	ok
DEJU-32-Ro	intbio_reads_NovogeneMay2025	DEJU	Ro	yes	837447	796667	95.13	746606	89.51	40106	4.81	ok
DEJU-33-No	intbio_reads_NovogeneMay2025	DEJU	No	yes	3528007	3381647	95.85	3217530	91.60	145672	4.15	ok
DEJU-33-Rh	intbio_reads_NovogeneMay2025	DEJU	Rh	yes	18996	16002	84.24	12886	67.96	2976	15.69	ok
DEJU-33-Ro	intbio_reads_NovogeneMay2025	DEJU	Ro	yes	126319	116890	92.54	107254	84.99	9013	7.14	ok
DEJU-34-No	intbio_reads_NovogeneMay2025	DEJU	No	yes	3646312	3577205	98.10	3487076	96.12	68741	1.89	ok
DEJU-34-Rh	intbio_reads_NovogeneMay2025	DEJU	Rh	yes	30322	27720	91.42	24784	82.15	2550	8.45	ok
DEJU-34-Ro	intbio_reads_NovogeneMay2025	DEJU	Ro	yes	128101	115883	90.46	103068	80.99	11904	9.35	ok
DEJU-35-No	intbio_reads_NovogeneMay2025	DEJU	No	yes	6369382	6294227	98.82	6186812	97.42	74019	1.17	ok
DEJU-35-Rh	intbio_reads_NovogeneMay2025	DEJU	Rh	yes	96678	91647	94.80	86558	89.88	4453	4.62	ok
DEJU-35-Ro	intbio_reads_NovogeneMay2025	DEJU	Ro	yes	20033	18026	89.98	15856	79.54	1975	9.91	ok
DEJU-36-No	intbio_reads_NovogeneMay2025	DEJU	No	yes	8063818	6831451	84.72	5528360	68.68	1223467	15.20	ok
DEJU-36-Rh	intbio_reads_NovogeneMay2025	DEJU	Rh	yes	61145	56254	92.00	50598	82.96	4771	7.82	ok
DEJU-36-Ro	intbio_reads_NovogeneMay2025	DEJU	Ro	yes	1536930	1410966	91.80	1258428	82.18	124296	8.12	ok
DEJU-37-No	intbio_reads_NovogeneMay2025	DEJU	No	yes	1396588	1196379	85.66	929486	66.89	197621	14.22	ok
DEJU-37-Rh	intbio_reads_NovogeneMay2025	DEJU	Rh	yes	63151	59847	94.77	54962	87.51	3198	5.09	ok
DEJU-37-Ro	intbio_reads_NovogeneMay2025	DEJU	Ro	yes	21292	19813	93.05	18036	85.03	1445	6.81	ok
DEJU-38-No	intbio_reads_NovogeneMay2025	DEJU	No	yes	8356884	7557765	90.44	6691600	80.17	792853	9.50	ok
DEJU-38-Rh	intbio_reads_NovogeneMay2025	DEJU	Rh	yes	696762	645948	92.71	590860	84.98	49372	7.10	ok
DEJU-38-Ro	intbio_reads_NovogeneMay2025	DEJU	Ro	yes	7361	7029	95.49	6692	91.00	314	4.27	ok
DEJU-39-No	intbio_reads_NovogeneMay2025	DEJU	No	yes	27975096	25854155	92.42	23568306	84.34	2103745	7.53	ok
DEJU-39-Rh	intbio_reads_NovogeneMay2025	DEJU	Rh	yes	8400	8132	96.81	7848	93.56	262	3.12	ok
DEJU-39-Ro	intbio_reads_NovogeneMay2025	DEJU	Ro	yes	33329	30888	92.68	28372	85.27	2369	7.12	ok
DEJU-4-1-No	intbio_reads_NovogeneMay2025	DEJU	No	yes	3660195	3640906	99.47	3584350	98.18	18555	0.51	ok
DEJU-4-1-Rh	intbio_reads_NovogeneMay2025	DEJU	Rh	yes	28477	26414	92.76	24070	84.55	2011	7.06	ok
DEJU-4-1-Ro	intbio_reads_NovogeneMay2025	DEJU	Ro	yes	7820	7691	98.35	7546	96.62	121	1.55	ok
DEJU-4-2-No	intbio_reads_NovogeneDecember2025	DEJU	No	yes	6585755	6486100	98.49	6353548	96.92	98855	1.51	ok
DEJU-4-2-Rh	intbio_reads_NovogeneDecember2025	DEJU	Rh	yes	209105	185277	88.60	161404	77.25	23242	11.12	ok
DEJU-4-2-Ro	intbio_reads_NovogeneDecember2025	DEJU	Ro	yes	27335	26599	97.31	25686	94.10	718	2.63	ok
DEJU-40-No	intbio_reads_NovogeneMay2025	DEJU	No	yes	14073410	12043300	85.57	9901860	70.47	2014552	14.34	ok
DEJU-40-Rh	intbio_reads_NovogeneMay2025	DEJU	Rh	yes	112910	109267	96.77	104812	92.94	3427	3.04	ok
DEJU-40-Ro	intbio_reads_NovogeneMay2025	DEJU	Ro	yes	38516	35967	93.38	33222	86.63	2463	6.42	ok
DEJU-41-1-No	intbio_reads_NovogeneMay2025	DEJU	No	yes	3658	3586	98.03	3476	95.34	66	1.81	ok
DEJU-41-1-Rh	intbio_reads_NovogeneMay2025	DEJU	Rh	yes	2686	2641	98.32	2570	95.90	43	1.60	ok
DEJU-41-1-Ro	intbio_reads_NovogeneMay2025	DEJU	Ro	yes	6673	6441	96.52	6200	93.01	218	3.27	ok
DEJU-42-No	intbio_reads_NovogeneMay2025	DEJU	No	yes	11813889	9810581	83.04	7697982	65.30	1989724	16.88	ok
DEJU-42-Rh	intbio_reads_NovogeneMay2025	DEJU	Rh	yes	50066	45772	91.42	41398	82.93	4164	8.34	ok
DEJU-42-Ro	intbio_reads_NovogeneMay2025	DEJU	Ro	yes	57195	48595	84.96	39852	69.72	8542	14.94	ok
DEJU-43-No	intbio_reads_NovogeneMay2025	DEJU	No	yes	6127295	5208066	85.00	4218164	68.96	912815	14.92	ok
DEJU-43-Rh	intbio_reads_NovogeneMay2025	DEJU	Rh	yes	160975	153696	95.48	145448	90.54	7185	4.47	ok
DEJU-43-Ro	intbio_reads_NovogeneMay2025	DEJU	Ro	yes	200372	190907	95.28	180848	90.39	9399	4.70	ok
DEJU-44-No	intbio_reads_NovogeneMay2025	DEJU	No	yes	1767585	1514633	85.69	1187040	67.49	249728	14.20	ok
DEJU-44-Rh	intbio_reads_NovogeneMay2025	DEJU	Rh	yes	18741	17208	91.82	15704	84.10	1335	7.15	ok
DEJU-44-Ro	intbio_reads_NovogeneMay2025	DEJU	Ro	yes	14804	13170	88.96	11354	77.02	1620	10.99	ok
DEJU-45-1-No	intbio_reads_NovogeneMay2025	DEJU	No	yes	2539551	2257480	88.89	1915948	75.68	278933	11.02	ok
DEJU-45-1-Rh	intbio_reads_NovogeneMay2025	DEJU	Rh	yes	6183	6142	99.34	6090	98.58	33	0.53	ok
DEJU-45-1-Ro	intbio_reads_NovogeneMay2025	DEJU	Ro	yes	15396	13611	88.41	11476	74.88	1773	11.57	ok
DEJU-46-No	intbio_reads_NovogeneMay2025	DEJU	No	yes	1234	1203	97.49	1168	94.81	31	2.52	ok
DEJU-46-Rh	intbio_reads_NovogeneMay2025	DEJU	Rh	yes	1605	1550	96.57	1486	92.76	51	3.18	ok
DEJU-46-Ro	intbio_reads_NovogeneMay2025	DEJU	Ro	yes	75808	62445	82.37	46404	61.43	13221	17.50	ok
DEJU-47-No	intbio_reads_NovogeneMay2025	DEJU	No	yes	8357844	7433764	88.94	6417644	76.89	917014	10.99	ok
DEJU-47-Rh	intbio_reads_NovogeneMay2025	DEJU	Rh	yes	45246	41901	92.61	38198	85.31	3215	7.18	ok
DEJU-47-Ro	intbio_reads_NovogeneMay2025	DEJU	Ro	yes	1056878	1032175	97.66	1002934	94.96	24255	2.30	ok
DEJU-48-No	intbio_reads_NovogeneMay2025	DEJU	No	yes	1768548	1664261	94.10	1501430	85.57	103223	5.88	ok
DEJU-48-Rh	intbio_reads_NovogeneMay2025	DEJU	Rh	yes	1647836	1569334	95.24	1467626	89.36	76266	4.64	ok
DEJU-48-Ro	intbio_reads_NovogeneMay2025	DEJU	Ro	yes	3377	3317	98.22	3244	96.20	52	1.54	ok
DEJU-5-1-No	intbio_reads_NovogeneMay2025	DEJU	No	yes	9811371	9716847	99.04	9579262	97.82	93266	0.95	ok
DEJU-5-1-Rh	intbio_reads_NovogeneMay2025	DEJU	Rh	yes	206687	194504	94.11	180334	87.65	11339	5.51	ok
DEJU-5-1-Ro	intbio_reads_NovogeneMay2025	DEJU	Ro	yes	842030	816043	96.91	782262	93.06	25211	3.00	ok
DEJU-5-2-No	intbio_reads_NovogeneDecember2025	DEJU	No	yes	5075509	4963206	97.79	4826992	95.53	111571	2.21	ok
DEJU-5-2-Rh	intbio_reads_NovogeneDecember2025	DEJU	Rh	yes	338248	312192	92.30	285730	84.66	24598	7.29	ok
DEJU-5-2-Ro	intbio_reads_NovogeneDecember2025	DEJU	Ro	yes	28141	27385	97.31	26556	94.42	750	2.67	ok
DEJU-50-No	intbio_reads_NovogeneMay2025	DEJU	No	yes	10305911	10193676	98.91	9885096	96.66	109159	1.07	ok
DEJU-50-Rh	intbio_reads_NovogeneMay2025	DEJU	Rh	yes	21080	19582	92.89	18026	85.57	1462	6.94	ok
DEJU-50-Ro	intbio_reads_NovogeneMay2025	DEJU	Ro	yes	8417	8302	98.63	6126	72.95	103	1.23	ok
DEJU-51-1-No	intbio_reads_NovogeneMay2025	DEJU	No	yes	16428319	16338430	99.45	16162982	98.64	87589	0.53	ok
DEJU-51-1-Rh	intbio_reads_NovogeneMay2025	DEJU	Rh	yes	113229	106856	94.37	96298	85.91	5987	5.34	ok
DEJU-51-1-Ro	intbio_reads_NovogeneMay2025	DEJU	Ro	yes	26796	25873	96.56	24984	93.28	857	3.20	ok
DEJU-52-1-No	intbio_reads_NovogeneMay2025	DEJU	No	yes	472419	457809	96.91	441430	93.73	14536	3.09	ok
DEJU-52-1-Rh	intbio_reads_NovogeneMay2025	DEJU	Rh	yes	76080	73623	96.77	71356	93.81	2223	2.92	ok
DEJU-52-1-Ro	intbio_reads_NovogeneMay2025	DEJU	Ro	yes	19546	19110	97.77	18686	95.86	346	1.77	ok
DEJU-53-No	intbio_reads_NovogeneMay2025	DEJU	No	yes	5342069	5286832	98.97	5210794	97.76	54759	1.03	ok
DEJU-53-Rh	intbio_reads_NovogeneMay2025	DEJU	Rh	yes	70237	59498	84.71	47816	68.32	10463	14.95	ok
DEJU-53-Ro	intbio_reads_NovogeneMay2025	DEJU	Ro	yes	6114	6046	98.89	5148	96.62	62	1.16	ok
DEJU-54-No	intbio_reads_NovogeneAugust2025	DEJU	No	yes	2780	2523	90.76	2268	81.76	245	8.83	ok
DEJU-54-Rh	intbio_reads_NovogeneAugust2025	DEJU	Rh	yes	79108	66875	84.54	52452	67.03	11981	15.31	ok
DEJU-54-Ro	intbio_reads_NovogeneAugust2025	DEJU	Ro	yes	10068	8858	87.98	7418	73.74	1168	11.61	ok
DEJU-55-No	intbio_reads_NovogeneAugust2025	DEJU	No	yes	6863591	6681521	97.35	6458480	94.57	181422	2.66	ok
DEJU-55-Rh	intbio_reads_NovogeneAugust2025	DEJU	Rh	yes	339486	310963	91.60	278982	82.58	28091	8.31	ok
DEJU-55-Ro	intbio_reads_NovogeneAugust2025	DEJU	Ro	yes	55167	52877	95.85	50238	91.36	2274	4.14	ok
DEJU-56-Rh	intbio_reads_NovogeneAugust2025	DEJU	Rh	yes	111938	96498	86.21	78938	70.95	15156	13.62	ok
DEJU-56-Ro	intbio_reads_NovogeneAugust2025	DEJU	Ro	yes	31543	27384	86.81	22558	72.15	4095	13.10	ok
DEJU-57-No	intbio_reads_NovogeneAugust2025	DEJU	No	yes	6473068	6218209	96.06	5930426	92.02	253971	3.94	ok
DEJU-57-Rh	intbio_reads_NovogeneAugust2025	DEJU	Rh	yes	234544	208575	88.93	180518	77.22	25629	10.96	ok
DEJU-57-Ro	intbio_reads_NovogeneAugust2025	DEJU	Ro	yes	44572	40193	90.18	35456	79.58	4363	9.79	ok
DEJU-58-No	intbio_reads_NovogeneAugust2025	DEJU	No	yes	16067	14904	92.76	13282	83.96	1097	6.93	ok
DEJU-58-Rh	intbio_reads_NovogeneAugust2025	DEJU	Rh	yes	228291	212670	93.16	189196	83.64	15265	6.75	ok
DEJU-58-Ro	intbio_reads_NovogeneAugust2025	DEJU	Ro	yes	44003	40716	92.53	37018	84.62	3065	7.01	ok
DEJU-59-No	intbio_reads_NovogeneAugust2025	DEJU	No	yes	1687074	1645154	97.52	1592350	94.92	41790	2.49	ok
DEJU-59-Rh	intbio_reads_NovogeneAugust2025	DEJU	Rh	yes	359383	338433	94.17	307010	86.24	20050	5.63	ok
DEJU-59-Ro	intbio_reads_NovogeneAugust2025	DEJU	Ro	yes	17517	15306	87.38	12916	74.08	2187	12.54	ok
DEJU-6-1-No	intbio_reads_NovogeneMay2025	DEJU	No	yes	5788727	5717330	98.77	5610606	97.42	70929	1.23	ok
DEJU-6-1-Rh	intbio_reads_NovogeneMay2025	DEJU	Rh	yes	2392741	2289256	95.68	2128004	89.62	100575	4.24	ok
DEJU-6-1-Ro	intbio_reads_NovogeneMay2025	DEJU	Ro	yes	49414	46528	94.16	43044	88.18	2832	5.80	ok
DEJU-6-2-No	intbio_reads_NovogeneDecember2025	DEJU	No	yes	4516143	4506248	99.78	4451606	99.34	9385	0.21	ok
DEJU-6-2-Rh	intbio_reads_NovogeneDecember2025	DEJU	Rh	yes	227885	214678	94.20	199666	88.12	12665	5.59	ok
DEJU-6-2-Ro	intbio_reads_NovogeneDecember2025	DEJU	Ro	yes	10658	10603	99.48	10530	98.87	53	0.50	ok
DEJU-60-No	intbio_reads_NovogeneAugust2025	DEJU	No	yes	1488803	1333487	89.57	1149160	77.42	151438	10.20	ok
DEJU-60-Rh	intbio_reads_NovogeneAugust2025	DEJU	Rh	yes	342933	320534	93.47	290334	85.28	21721	6.38	ok
DEJU-60-Ro	intbio_reads_NovogeneAugust2025	DEJU	Ro	yes	31628	28431	89.89	24852	78.83	3183	10.10	ok
DEJU-62-1-No	intbio_reads_NovogeneMay2025	DEJU	No	yes	1908235	1805559	94.62	1681808	88.29	100020	5.25	ok
DEJU-62-1-Rh	intbio_reads_NovogeneMay2025	DEJU	Rh	yes	13931	12883	92.48	11452	84.55	1028	7.59	ok
DEJU-62-1-Ro	intbio_reads_NovogeneMay2025	DEJU	Ro	yes	47666	46268	97.07	44894	94.35	1244	2.61	ok
DEJU-63-No	intbio_reads_NovogeneAugust2025	DEJU	No	yes	2456294	2058950	83.82	1572126	64.26	394600	16.13	ok
DEJU-63-Rh	intbio_reads_NovogeneAugust2025	DEJU	Rh	yes	502281	472844	94.14	426074	85.50	28145	5.65	ok
DEJU-63-Ro	intbio_reads_NovogeneAugust2025	DEJU	Ro	yes	10631	9620	90.49	8394	79.52	977	9.26	ok
DEJU-7-1-No	intbio_reads_NovogeneMay2025	DEJU	No	yes	5992382	5928509	98.93	5828338	97.75	63351	1.06	ok
DEJU-7-1-Rh	intbio_reads_NovogeneMay2025	DEJU	Rh	yes	6102507	6042439	99.02	5938096	97.77	59392	0.98	ok
DEJU-7-1-Ro	intbio_reads_NovogeneMay2025	DEJU	Ro	yes	174965	163999	93.73	151464	87.06	10170	5.85	ok
DEJU-7-2-No	intbio_reads_NovogeneDecember2025	DEJU	No	yes	7127531	7018311	98.47	6839410	96.36	107774	1.52	ok
DEJU-7-2-Rh	intbio_reads_NovogeneDecember2025	DEJU	Rh	yes	103715	94487	91.10	84870	82.12	8712	8.43	ok
DEJU-7-2-Ro	intbio_reads_NovogeneDecember2025	DEJU	Ro	yes	10460	10332	98.78	10236	97.90	76	0.73	ok
DEJU-8-1-No	intbio_reads_NovogeneMay2025	DEJU	No	yes	5944016	5901498	99.28	5816902	98.40	41914	0.71	ok
DEJU-8-1-Rh	intbio_reads_NovogeneMay2025	DEJU	Rh	yes	512611	479616	93.56	442440	86.55	31749	6.21	ok
DEJU-8-1-Ro	intbio_reads_NovogeneMay2025	DEJU	Ro	yes	11597	11003	94.88	10368	89.55	566	4.89	ok
DEJU-8-2-No	intbio_reads_NovogeneDecember2025	DEJU	No	yes	5784503	5694482	98.44	5574358	96.83	89273	1.55	ok
DEJU-8-2-Rh	intbio_reads_NovogeneDecember2025	DEJU	Rh	yes	138127	126739	91.76	114632	83.21	10638	7.72	ok
DEJU-8-2-Ro	intbio_reads_NovogeneDecember2025	DEJU	Ro	yes	23331	23198	99.43	21852	97.63	111	0.50	ok
DEJU-9-1-No	intbio_reads_NovogeneAugust2025	DEJU	No	yes	17962	16366	91.11	14618	81.61	1544	8.62	ok
DEJU-9-1-Rh	intbio_reads_NovogeneAugust2025	DEJU	Rh	yes	71340	64394	90.26	56964	80.19	6484	9.13	ok
DEJU-9-1-Ro	intbio_reads_NovogeneAugust2025	DEJU	Ro	yes	176859	168350	95.19	157876	89.54	8437	4.79	ok
DELA-1-3-No	intbio_reads_NovogeneAugust2025	DELA	No	yes	8550991	7779774	90.98	6590352	77.54	766601	9.02	ok
DELA-1-3-Rh	intbio_reads_NovogeneAugust2025	DELA	Rh	yes	954905	854095	89.44	709684	74.82	99944	10.54	ok
DELA-1-3-Ro	intbio_reads_NovogeneAugust2025	DELA	Ro	yes	305460	276210	90.42	240392	79.12	28414	9.35	ok
DELA-10-2-No	intbio_reads_NovogeneMay2025	DELA	No	yes	5141395	4888946	95.09	4584348	89.47	249803	4.88	ok
DELA-10-2-Rh	intbio_reads_NovogeneMay2025	DELA	Rh	yes	216882	187453	86.43	156484	72.29	28687	13.25	ok
DELA-10-2-Ro	intbio_reads_NovogeneMay2025	DELA	Ro	yes	60175	58249	96.80	55860	93.21	1740	2.90	ok
DELA-11-3-No	intbio_reads_NovogeneAugust2025	DELA	No	yes	2934650	2604188	88.74	2009648	68.98	327814	11.25	ok
DELA-11-3-Rh	intbio_reads_NovogeneAugust2025	DELA	Rh	yes	257989	239182	92.71	214790	83.72	18195	7.09	ok
DELA-11-3-Ro	intbio_reads_NovogeneAugust2025	DELA	Ro	yes	258634	240391	92.95	216288	84.02	17583	6.83	ok
DELA-12-2-No	intbio_reads_NovogeneAugust2025	DELA	No	yes	6257834	5865665	93.73	5417664	86.82	388863	6.23	ok
DELA-12-2-Rh	intbio_reads_NovogeneAugust2025	DELA	Rh	yes	137648	133411	96.92	128272	93.42	4153	3.02	ok
DELA-12-2-Ro	intbio_reads_NovogeneAugust2025	DELA	Ro	yes	86201	82956	96.24	78918	91.81	3057	3.56	ok
DELA-13-1-No	intbio_reads_NovogeneMay2025	DELA	No	yes	977775	941294	96.27	891504	91.47	35773	3.67	ok
DELA-13-1-Rh	intbio_reads_NovogeneMay2025	DELA	Rh	yes	632369	607554	96.08	574214	90.99	24433	3.87	ok
DELA-13-1-Ro	intbio_reads_NovogeneMay2025	DELA	Ro	yes	15586	14315	91.85	12890	82.92	1241	7.98	ok
DELA-14-2-No	intbio_reads_NovogeneMay2025	DELA	No	yes	3277184	3109452	94.88	2900882	88.78	164314	5.03	ok
DELA-14-2-Rh	intbio_reads_NovogeneMay2025	DELA	Rh	yes	1369862	1308259	95.50	1215976	88.98	60641	4.44	ok
DELA-14-2-Ro	intbio_reads_NovogeneMay2025	DELA	Ro	yes	852902	808938	94.85	749998	88.09	43302	5.09	ok
DELA-15-1-No	intbio_reads_NovogeneMay2025	DELA	No	yes	2167432	2132691	98.40	2069760	95.69	34263	1.58	ok
DELA-15-1-Rh	intbio_reads_NovogeneMay2025	DELA	Rh	yes	607156	579691	95.48	539800	89.36	27081	4.48	ok
DELA-15-1-Ro	intbio_reads_NovogeneMay2025	DELA	Ro	yes	203221	196397	96.64	185924	91.69	6610	3.26	ok
DELA-16-No	intbio_reads_NovogeneAugust2025	DELA	No	yes	2953478	2618197	88.65	2169252	74.03	333077	11.37	ok
DELA-16-Rh	intbio_reads_NovogeneAugust2025	DELA	Rh	yes	216854	201846	93.08	182150	84.39	14446	6.69	ok
DELA-16-Ro	intbio_reads_NovogeneAugust2025	DELA	Ro	yes	255917	237688	92.88	215268	84.49	17575	6.90	ok
DELA-17-1-No	intbio_reads_NovogeneAugust2025	DELA	No	yes	1735917	1654369	95.30	1564532	90.29	78976	4.56	ok
DELA-17-1-Rh	intbio_reads_NovogeneAugust2025	DELA	Rh	yes	20222	17931	88.67	15334	76.36	2165	10.78	ok
DELA-17-1-Ro	intbio_reads_NovogeneAugust2025	DELA	Ro	yes	184431	171829	93.17	155258	84.61	12110	6.60	ok
DELA-18-2-No	intbio_reads_NovogeneMay2025	DELA	No	yes	8971624	8307471	92.60	7303064	82.13	656049	7.38	ok
DELA-18-2-Rh	intbio_reads_NovogeneMay2025	DELA	Rh	yes	708449	674563	95.22	628204	88.92	33208	4.70	ok
DELA-18-2-Ro	intbio_reads_NovogeneMay2025	DELA	Ro	yes	38708	37461	96.78	35664	92.31	1213	3.14	ok
DELA-19-1-No	intbio_reads_NovogeneAugust2025	DELA	No	yes	317497	294783	92.85	268610	84.91	21636	6.84	ok
DELA-19-1-Rh	intbio_reads_NovogeneAugust2025	DELA	Rh	yes	245252	223986	91.33	198934	81.39	20366	8.33	ok
DELA-19-1-Ro	intbio_reads_NovogeneAugust2025	DELA	Ro	yes	218714	203207	92.91	184690	84.79	14737	6.77	ok
DELA-2-2-No	intbio_reads_NovogeneMay2025	DELA	No	yes	173185	166931	96.39	160396	92.73	5830	3.37	ok
DELA-2-2-Rh	intbio_reads_NovogeneMay2025	DELA	Rh	yes	451300	430654	95.43	402168	89.99	18426	4.12	ok
DELA-2-2-Ro	intbio_reads_NovogeneMay2025	DELA	Ro	yes	12643	12293	97.23	11944	94.57	302	2.39	ok
DELA-20-1-No	intbio_reads_NovogeneMay2025	DELA	No	yes	718725	695358	96.75	658842	92.14	22721	3.18	ok
DELA-20-1-Rh	intbio_reads_NovogeneMay2025	DELA	Rh	yes	609323	587865	96.48	558592	91.85	21104	3.47	ok
DELA-20-1-Ro	intbio_reads_NovogeneMay2025	DELA	Ro	yes	667438	631689	94.64	587834	88.29	34885	5.24	ok
DELA-21-1-No	intbio_reads_NovogeneAugust2025	DELA	No	yes	10060314	9708148	96.50	9276222	92.42	342408	3.41	ok
DELA-21-1-Rh	intbio_reads_NovogeneAugust2025	DELA	Rh	yes	351151	325164	92.60	292684	83.70	25115	7.18	ok
DELA-21-1-Ro	intbio_reads_NovogeneAugust2025	DELA	Ro	yes	432043	403199	93.32	363868	84.80	27814	6.48	ok
DELA-22-1-No	intbio_reads_NovogeneAugust2025	DELA	No	yes	346251	320440	92.55	286782	83.41	24863	7.23	ok
DELA-22-1-Rh	intbio_reads_NovogeneAugust2025	DELA	Rh	yes	246369	223873	90.87	196874	80.44	21740	8.88	ok
DELA-22-1-Ro	intbio_reads_NovogeneAugust2025	DELA	Ro	yes	13837	13128	94.88	12234	88.87	671	4.87	ok
DELA-23-2-No	intbio_reads_NovogeneAugust2025	DELA	No	yes	6540159	6272116	95.90	5937246	91.04	265123	4.07	ok
DELA-23-2-Rh	intbio_reads_NovogeneAugust2025	DELA	Rh	yes	286133	260078	90.89	225550	79.36	25405	8.94	ok
DELA-23-2-Ro	intbio_reads_NovogeneAugust2025	DELA	Ro	yes	355112	338997	95.46	320002	90.32	15735	4.44	ok
DELA-24-1-No	intbio_reads_NovogeneMay2025	DELA	No	yes	3174064	3041281	95.82	2885800	91.02	130377	4.11	ok
DELA-24-1-Rh	intbio_reads_NovogeneMay2025	DELA	Rh	yes	353251	339594	96.13	319636	90.85	13255	3.77	ok
DELA-24-1-Ro	intbio_reads_NovogeneMay2025	DELA	Ro	yes	50168	46491	92.67	42334	84.64	3531	7.06	ok
DELA-25-2-No	intbio_reads_NovogeneMay2025	DELA	No	yes	11156899	10829936	97.07	10406076	93.49	321473	2.89	ok
DELA-25-2-Rh	intbio_reads_NovogeneMay2025	DELA	Rh	yes	211239	189551	89.73	165160	78.46	21222	10.08	ok
DELA-25-2-Ro	intbio_reads_NovogeneMay2025	DELA	Ro	yes	37897	35260	93.04	32790	86.54	2363	6.24	ok
DELA-26-3-No	intbio_reads_NovogeneAugust2025	DELA	No	yes	6608930	6213117	94.01	5637616	85.46	392143	5.94	ok
DELA-26-3-Rh	intbio_reads_NovogeneAugust2025	DELA	Rh	yes	4461664	4275339	95.82	3954352	88.83	179739	4.04	ok
DELA-26-3-Ro	intbio_reads_NovogeneAugust2025	DELA	Ro	yes	102218	95190	93.12	86180	84.44	6958	6.82	ok
DELA-27-3-No	intbio_reads_NovogeneAugust2025	DELA	No	yes	6327870	5889905	93.08	5279120	83.60	433895	6.87	ok
DELA-27-3-Rh	intbio_reads_NovogeneAugust2025	DELA	Rh	yes	224401	202234	90.12	175054	78.57	21003	9.43	ok
DELA-27-3-Ro	intbio_reads_NovogeneAugust2025	DELA	Ro	yes	22743	20850	91.68	18610	82.16	1791	7.91	ok
DELA-28-No	intbio_reads_NovogeneAugust2025	DELA	No	yes	2765319	2528497	91.44	2225930	80.99	234620	8.54	ok
DELA-28-Rh	intbio_reads_NovogeneAugust2025	DELA	Rh	yes	447485	408618	91.31	358164	80.49	37705	8.47	ok
DELA-28-Ro	intbio_reads_NovogeneAugust2025	DELA	Ro	yes	82742	78356	94.70	72742	88.50	3836	4.67	ok
DELA-29-1-No	intbio_reads_NovogeneAugust2025	DELA	No	yes	5002844	4630432	92.56	4033370	81.27	369590	7.45	ok
DELA-29-1-Rh	intbio_reads_NovogeneAugust2025	DELA	Rh	yes	18131578	16128793	88.95	13417544	74.47	1988989	11.04	ok
DELA-29-1-Ro	intbio_reads_NovogeneAugust2025	DELA	Ro	yes	15748	15017	95.36	13968	89.52	723	4.63	ok
DELA-3-3-No	intbio_reads_NovogeneAugust2025	DELA	No	yes	10393844	9756428	93.87	9009140	86.92	632158	6.10	ok
DELA-3-3-Rh	intbio_reads_NovogeneAugust2025	DELA	Rh	yes	7907488	7478836	94.58	6969036	88.41	425546	5.40	ok
DELA-3-3-Ro	intbio_reads_NovogeneAugust2025	DELA	Ro	yes	914605	880733	96.30	834714	91.60	32678	3.59	ok
DELA-30-2-No	intbio_reads_NovogeneAugust2025	DELA	No	yes	332646	308227	92.66	280606	84.65	23813	7.18	ok
DELA-30-2-Rh	intbio_reads_NovogeneAugust2025	DELA	Rh	yes	1007144	962420	95.56	901254	89.94	43054	4.30	ok
DELA-30-2-Ro	intbio_reads_NovogeneAugust2025	DELA	Ro	yes	454380	419792	92.39	362120	80.82	33310	7.43	ok
DELA-31-1-No	intbio_reads_NovogeneAugust2025	DELA	No	yes	16818199	16462526	97.89	16004422	95.36	353357	2.11	ok
DELA-31-1-Rh	intbio_reads_NovogeneAugust2025	DELA	Rh	yes	424006	388303	91.58	339248	80.68	35159	8.36	ok
DELA-31-1-Ro	intbio_reads_NovogeneAugust2025	DELA	Ro	yes	41605	39420	94.75	36964	89.06	2145	5.17	ok
DELA-32-1-No	intbio_reads_NovogeneAugust2025	DELA	No	yes	7841136	7427234	94.72	6839100	87.28	407846	5.20	ok
DELA-32-1-Rh	intbio_reads_NovogeneAugust2025	DELA	Rh	yes	89098	81827	91.84	74730	83.88	6625	7.44	ok
DELA-32-1-Ro	intbio_reads_NovogeneAugust2025	DELA	Ro	yes	157275	148516	94.43	135064	86.52	8395	5.38	ok
DELA-33-1-No	intbio_reads_NovogeneAugust2025	DELA	No	yes	4957896	4480239	90.37	3903416	78.97	465939	9.43	ok
DELA-33-1-Rh	intbio_reads_NovogeneAugust2025	DELA	Rh	yes	108431	100022	92.24	87830	81.57	8081	7.50	ok
DELA-33-1-Ro	intbio_reads_NovogeneAugust2025	DELA	Ro	yes	416253	385837	92.69	339622	82.45	28914	7.02	ok
DELA-4-1-No	intbio_reads_NovogeneAugust2025	DELA	No	yes	3748719	3632522	96.90	3493390	93.25	109981	2.94	ok
DELA-4-1-Rh	intbio_reads_NovogeneAugust2025	DELA	Rh	yes	67101	57473	85.65	47580	71.12	9144	13.67	ok
DELA-4-1-Ro	intbio_reads_NovogeneAugust2025	DELA	Ro	yes	73808	68192	92.39	61262	83.36	5414	7.37	ok
DELA-5-1-No	intbio_reads_NovogeneAugust2025	DELA	No	yes	1737822	1613122	92.82	1420236	82.64	122192	7.11	ok
DELA-5-1-Rh	intbio_reads_NovogeneAugust2025	DELA	Rh	yes	217556	200612	92.21	181116	83.61	16216	7.49	ok
DELA-5-1-Ro	intbio_reads_NovogeneAugust2025	DELA	Ro	yes	64358	60319	93.72	55276	86.27	3873	6.04	ok
DELA-6-3-No	intbio_reads_NovogeneAugust2025	DELA	No	yes	432902	398849	92.13	351512	81.78	33419	7.77	ok
DELA-6-3-Rh	intbio_reads_NovogeneAugust2025	DELA	Rh	yes	339467	308667	90.93	270044	79.90	29836	8.83	ok
DELA-6-3-Ro	intbio_reads_NovogeneAugust2025	DELA	Ro	yes	219772	200171	91.08	176482	80.60	19057	8.70	ok
DELA-7-3-No	intbio_reads_NovogeneAugust2025	DELA	No	yes	3789005	3524466	93.02	3213894	85.06	261357	6.92	ok
DELA-7-3-Rh	intbio_reads_NovogeneAugust2025	DELA	Rh	yes	195423	180094	92.16	160646	82.53	14835	7.62	ok
DELA-7-3-Ro	intbio_reads_NovogeneAugust2025	DELA	Ro	yes	261080	241432	92.47	217634	83.71	18906	7.27	ok
DELA-8-2-No	intbio_reads_NovogeneMay2025	DELA	No	yes	2113532	2041017	96.57	1948016	92.50	70027	3.33	ok
DELA-8-2-Rh	intbio_reads_NovogeneMay2025	DELA	Rh	yes	96951	88449	91.23	77386	80.14	8262	8.56	ok
DELA-8-2-Ro	intbio_reads_NovogeneMay2025	DELA	Ro	yes	59461	56362	94.79	52730	88.91	2971	5.01	ok
DELA-9-1-No	intbio_reads_NovogeneMay2025	DELA	No	yes	2028996	1964086	96.80	1842896	91.50	62194	3.09	ok
DELA-9-1-Rh	intbio_reads_NovogeneMay2025	DELA	Rh	yes	4626	4181	90.38	3704	80.21	443	9.59	ok
DELA-9-1-Ro	intbio_reads_NovogeneMay2025	DELA	Ro	yes	14728	14119	95.87	13324	90.65	539	3.67	ok
DSNY-10-3-No	intbio_reads_NovogeneMay2025	DSNY	No	yes	6897635	6732990	97.61	6540348	94.97	160879	2.34	ok
DSNY-10-3-Rh	intbio_reads_NovogeneMay2025	DSNY	Rh	yes	29679	28289	95.32	26352	89.97	1364	4.66	ok
DSNY-10-3-Ro	intbio_reads_NovogeneMay2025	DSNY	Ro	yes	51528	48067	93.28	43804	86.00	3367	6.61	ok
DSNY-101-1-No	intbio_reads_NovogeneMay2025	DSNY	No	yes	18339129	18227642	99.39	18036430	98.45	106419	0.58	ok
DSNY-101-1-Rh	intbio_reads_NovogeneMay2025	DSNY	Rh	yes	651117	637012	97.83	608170	94.16	12725	1.97	ok
DSNY-11-3-No	intbio_reads_NovogeneMay2025	DSNY	No	yes	16117300	15856348	98.38	15543480	96.57	256604	1.59	ok
DSNY-11-3-Ro	intbio_reads_NovogeneMay2025	DSNY	Ro	yes	3421	3067	89.65	2706	79.17	342	10.01	ok
DSNY-12-2-No	intbio_reads_NovogeneMay2025	DSNY	No	yes	8034568	7733078	96.25	7384254	92.12	296330	3.70	ok
DSNY-12-2-Ro	intbio_reads_NovogeneMay2025	DSNY	Ro	yes	33611	31036	92.34	27066	81.44	2449	7.37	ok
DSNY-13-1-No	intbio_reads_NovogeneMay2025	DSNY	No	yes	721462	689596	95.58	652674	90.63	30458	4.23	ok
DSNY-13-1-Rh	intbio_reads_NovogeneMay2025	DSNY	Rh	yes	102244	96851	94.73	90612	88.92	5097	5.00	ok
DSNY-13-1-Ro	intbio_reads_NovogeneMay2025	DSNY	Ro	yes	34419	33070	96.08	31574	91.95	1141	3.32	ok
DSNY-14-1-No	intbio_reads_NovogeneMay2025	DSNY	No	yes	3069644	2790490	90.91	2484302	81.15	275490	9.00	ok
DSNY-14-1-Rh	intbio_reads_NovogeneMay2025	DSNY	Rh	yes	192158	181823	94.62	168744	88.08	9575	5.00	ok
DSNY-14-1-Ro	intbio_reads_NovogeneMay2025	DSNY	Ro	yes	685056	668416	97.57	648746	94.90	16120	2.36	ok
DSNY-15-1-No	intbio_reads_NovogeneMay2025	DSNY	No	yes	3295300	3235307	98.18	3153606	96.05	58183	1.77	ok
DSNY-15-1-Rh	intbio_reads_NovogeneMay2025	DSNY	Rh	yes	9307	8198	88.08	7048	75.87	1097	11.81	ok
DSNY-15-1-Ro	intbio_reads_NovogeneMay2025	DSNY	Ro	yes	18952	17722	93.51	16362	86.58	1194	6.32	ok
DSNY-17-3-No	intbio_reads_NovogeneMay2025	DSNY	No	yes	2958244	2824376	95.47	2661196	90.14	128980	4.37	ok
DSNY-17-3-Rh	intbio_reads_NovogeneMay2025	DSNY	Rh	yes	11082	10338	93.29	9324	84.29	726	6.56	ok
DSNY-18-1-No	intbio_reads_NovogeneMay2025	DSNY	No	yes	3979485	3881651	97.54	3553790	89.47	95540	2.41	ok
DSNY-18-1-Rh	intbio_reads_NovogeneMay2025	DSNY	Rh	yes	6099	5918	97.03	4180	68.68	167	2.74	ok
DSNY-18-1-Ro	intbio_reads_NovogeneMay2025	DSNY	Ro	yes	137994	131716	95.45	122802	89.54	5862	4.27	ok
DSNY-19-1-No	intbio_reads_NovogeneMay2025	DSNY	No	yes	4660263	4459468	95.69	4198526	90.30	194719	4.19	ok
DSNY-19-1-Rh	intbio_reads_NovogeneMay2025	DSNY	Rh	yes	2194828	2134297	97.24	2035716	93.40	57909	2.66	ok
DSNY-2-1-No	intbio_reads_NovogeneMay2025	DSNY	No	yes	1865773	1774025	95.08	1668426	89.59	87842	4.72	ok
DSNY-2-1-Rh	intbio_reads_NovogeneMay2025	DSNY	Rh	yes	4600001	4414667	95.97	4136022	89.99	179536	3.91	ok
DSNY-2-1-Ro	intbio_reads_NovogeneMay2025	DSNY	Ro	yes	54930	53409	97.23	51288	93.83	1389	2.54	ok
DSNY-20-1-No	intbio_reads_NovogeneMay2025	DSNY	No	yes	6374824	6308842	98.96	6238082	97.87	65602	1.03	ok
DSNY-20-1-Rh	intbio_reads_NovogeneMay2025	DSNY	Rh	yes	2881	2799	97.15	2678	93.25	76	2.65	ok
DSNY-20-1-Ro	intbio_reads_NovogeneMay2025	DSNY	Ro	yes	3466	3363	97.03	3194	92.42	97	2.81	ok
DSNY-21-1-No	intbio_reads_NovogeneMay2025	DSNY	No	yes	3876644	3798940	98.00	3693430	95.46	75682	1.96	ok
DSNY-21-1-Rh	intbio_reads_NovogeneMay2025	DSNY	Rh	yes	542510	518679	95.61	485504	90.12	22837	4.24	ok
DSNY-21-1-Ro	intbio_reads_NovogeneMay2025	DSNY	Ro	yes	6426	5600	87.15	2396	37.37	804	12.54	ok
DSNY-22-3-No	intbio_reads_NovogeneMay2025	DSNY	No	yes	5827082	5665463	97.23	5416572	93.24	155873	2.68	ok
DSNY-22-3-Rh	intbio_reads_NovogeneMay2025	DSNY	Rh	yes	376990	366215	97.14	347548	92.89	10281	2.75	ok
DSNY-22-3-Ro	intbio_reads_NovogeneMay2025	DSNY	Ro	yes	148528	145406	97.90	142870	96.20	2450	1.65	ok
DSNY-24-1-No	intbio_reads_NovogeneMay2025	DSNY	No	yes	10863501	10440141	96.10	9880588	91.22	408862	3.77	ok
DSNY-24-1-Rh	intbio_reads_NovogeneMay2025	DSNY	Rh	yes	652663	620792	95.12	575024	88.75	30385	4.69	ok
DSNY-24-1-Ro	intbio_reads_NovogeneMay2025	DSNY	Ro	yes	412717	400806	97.11	383544	93.40	11319	2.76	ok
DSNY-25-1-No	intbio_reads_NovogeneMay2025	DSNY	No	yes	487246	458313	94.06	424852	87.40	28123	5.79	ok
DSNY-25-1-Rh	intbio_reads_NovogeneMay2025	DSNY	Rh	yes	4902	4791	97.74	4632	94.61	103	2.10	ok
DSNY-25-1-Ro	intbio_reads_NovogeneMay2025	DSNY	Ro	yes	235943	222646	94.36	205474	87.68	12687	5.41	ok
DSNY-26-1-No	intbio_reads_NovogeneMay2025	DSNY	No	yes	2677293	2594380	96.90	2478414	92.86	79571	2.98	ok
DSNY-26-1-Rh	intbio_reads_NovogeneMay2025	DSNY	Rh	yes	840899	811051	96.45	775752	92.45	28952	3.45	ok
DSNY-26-1-Ro	intbio_reads_NovogeneMay2025	DSNY	Ro	yes	720972	679323	94.22	629198	87.51	40389	5.62	ok
DSNY-27-1-No	intbio_reads_NovogeneMay2025	DSNY	No	yes	2217935	2188483	98.67	2147108	96.91	28306	1.28	ok
DSNY-27-1-Rh	intbio_reads_NovogeneMay2025	DSNY	Rh	yes	2259	2187	96.81	2106	93.27	68	3.01	ok
DSNY-27-1-Ro	intbio_reads_NovogeneMay2025	DSNY	Ro	yes	54847	51692	94.25	47980	87.49	2989	5.45	ok
DSNY-28-1-No	intbio_reads_NovogeneMay2025	DSNY	No	yes	178371	166772	93.50	151158	85.39	11147	6.30	ok
DSNY-28-1-Rh	intbio_reads_NovogeneMay2025	DSNY	Rh	yes	35145	34058	96.91	33038	94.11	965	2.75	ok
DSNY-28-1-Ro	intbio_reads_NovogeneMay2025	DSNY	Ro	yes	22694	21891	96.46	20838	92.42	753	3.34	ok
DSNY-29-1-No	intbio_reads_NovogeneMay2025	DSNY	No	yes	2079245	1972969	94.89	1751274	84.59	103332	4.99	ok
DSNY-29-1-Rh	intbio_reads_NovogeneMay2025	DSNY	Rh	yes	23911	23060	96.44	22056	92.51	829	3.48	ok
DSNY-29-1-Ro	intbio_reads_NovogeneMay2025	DSNY	Ro	yes	50039	47434	94.79	44138	88.59	2447	4.91	ok
DSNY-3-1-No	intbio_reads_NovogeneMay2025	DSNY	No	yes	1015011	964754	95.05	898448	88.81	48187	4.76	ok
DSNY-3-1-Rh	intbio_reads_NovogeneMay2025	DSNY	Rh	yes	112478	106165	94.39	98294	87.95	5805	5.19	ok
DSNY-3-1-Ro	intbio_reads_NovogeneMay2025	DSNY	Ro	yes	35688	35217	98.68	34480	96.84	401	1.13	ok
DSNY-30-1-No	intbio_reads_NovogeneMay2025	DSNY	No	yes	407598	398282	97.71	386582	94.92	8704	2.14	ok
DSNY-30-1-Rh	intbio_reads_NovogeneMay2025	DSNY	Rh	yes	269022	260035	96.66	245152	91.73	8583	3.21	ok
DSNY-30-1-Ro	intbio_reads_NovogeneMay2025	DSNY	Ro	yes	52295	50026	95.66	47206	90.56	2141	4.11	ok
DSNY-31-1-No	intbio_reads_NovogeneMay2025	DSNY	No	yes	3626347	3440671	94.88	3149014	87.56	181072	5.03	ok
DSNY-31-1-Rh	intbio_reads_NovogeneMay2025	DSNY	Rh	yes	193395	177388	91.72	159356	83.41	14821	7.76	ok
DSNY-31-1-Ro	intbio_reads_NovogeneMay2025	DSNY	Ro	yes	44393	42623	96.01	40158	91.09	1544	3.50	ok
DSNY-34-1-No	intbio_reads_NovogeneMay2025	DSNY	No	yes	1512838	1440698	95.23	1345648	89.35	69392	4.61	ok
DSNY-34-1-Rh	intbio_reads_NovogeneMay2025	DSNY	Rh	yes	320996	298466	92.98	270082	84.81	21088	6.62	ok
DSNY-34-1-Ro	intbio_reads_NovogeneMay2025	DSNY	Ro	yes	15270	14556	95.32	13590	89.38	664	4.37	ok
DSNY-36-1-No	intbio_reads_NovogeneMay2025	DSNY	No	yes	125703	117823	93.73	107024	86.10	7400	5.95	ok
DSNY-36-1-Rh	intbio_reads_NovogeneMay2025	DSNY	Rh	yes	469905	442530	94.17	403642	86.46	25621	5.49	ok
DSNY-36-1-Ro	intbio_reads_NovogeneMay2025	DSNY	Ro	yes	22954	22086	96.22	20920	91.71	750	3.29	ok
DSNY-37-1-No	intbio_reads_NovogeneMay2025	DSNY	No	yes	14088968	13803204	97.97	13425502	95.48	282264	2.01	ok
DSNY-37-1-Rh	intbio_reads_NovogeneMay2025	DSNY	Rh	yes	129165	124275	96.21	117306	91.31	4482	3.49	ok
DSNY-37-1-Ro	intbio_reads_NovogeneMay2025	DSNY	Ro	yes	59011	56441	95.64	53564	91.07	2286	3.89	ok
DSNY-38-3-No	intbio_reads_NovogeneMay2025	DSNY	No	yes	1102602	1050951	95.32	974184	88.92	49663	4.53	ok
DSNY-38-3-Rh	intbio_reads_NovogeneMay2025	DSNY	Rh	yes	902747	877961	97.25	843550	93.98	23186	2.58	ok
DSNY-38-3-Ro	intbio_reads_NovogeneMay2025	DSNY	Ro	yes	74266	70600	95.06	65208	88.56	3344	4.54	ok
DSNY-39-4-No	intbio_reads_NovogeneMay2025	DSNY	No	yes	7835875	7512954	95.88	7149954	91.35	316497	4.04	ok
DSNY-39-4-Rh	intbio_reads_NovogeneMay2025	DSNY	Rh	yes	753985	716045	94.97	667758	88.95	37026	4.93	ok
DSNY-39-4-Ro	intbio_reads_NovogeneMay2025	DSNY	Ro	yes	137250	130870	95.35	116480	86.54	6056	4.50	ok
DSNY-4-1-No	intbio_reads_NovogeneMay2025	DSNY	No	yes	5385519	5336622	99.09	5283896	98.17	48599	0.90	ok
DSNY-4-1-Rh	intbio_reads_NovogeneMay2025	DSNY	Rh	yes	713	694	97.34	674	94.93	17	2.39	ok
DSNY-4-1-Ro	intbio_reads_NovogeneMay2025	DSNY	Ro	yes	2860	2812	98.32	2732	95.86	42	1.47	ok
DSNY-40-2-No	intbio_reads_NovogeneMay2025	DSNY	No	yes	176581	165349	93.64	150352	85.56	10738	6.11	ok
DSNY-40-2-Rh	intbio_reads_NovogeneMay2025	DSNY	Rh	yes	385489	367739	95.40	341792	89.62	17322	4.54	ok
DSNY-40-2-Ro	intbio_reads_NovogeneMay2025	DSNY	Ro	yes	19225	18397	95.69	17182	89.69	762	3.98	ok
DSNY-43-1-No	intbio_reads_NovogeneMay2025	DSNY	No	yes	3336453	3098498	92.87	2797500	84.18	232767	7.00	ok
DSNY-43-1-Rh	intbio_reads_NovogeneMay2025	DSNY	Rh	yes	1111866	1082088	97.32	1039468	93.75	27986	2.52	ok
DSNY-43-1-Ro	intbio_reads_NovogeneMay2025	DSNY	Ro	yes	273353	256944	94.00	233276	86.10	15983	5.90	ok
DSNY-44-1-No	intbio_reads_NovogeneMay2025	DSNY	No	yes	1595002	1555277	97.51	1489652	93.78	38101	2.40	ok
DSNY-44-1-Rh	intbio_reads_NovogeneMay2025	DSNY	Rh	yes	778395	747373	96.01	706316	90.95	29588	3.81	ok
DSNY-44-1-Ro	intbio_reads_NovogeneMay2025	DSNY	Ro	yes	77625	74278	95.69	68786	89.38	3169	4.12	ok
DSNY-48-1-No	intbio_reads_NovogeneMay2025	DSNY	No	yes	1130866	1012836	89.56	862582	76.50	115928	10.28	ok
DSNY-48-1-Rh	intbio_reads_NovogeneMay2025	DSNY	Rh	yes	84621	79906	94.43	73834	87.62	4557	5.41	ok
DSNY-48-1-Ro	intbio_reads_NovogeneMay2025	DSNY	Ro	yes	41717	39639	95.02	36638	88.23	2014	4.85	ok
DSNY-49-2-No	intbio_reads_NovogeneMay2025	DSNY	No	yes	2935276	2830290	96.42	2695598	92.06	100834	3.44	ok
DSNY-49-2-Rh	intbio_reads_NovogeneMay2025	DSNY	Rh	yes	894643	872575	97.53	834724	93.74	21028	2.36	ok
DSNY-49-2-Ro	intbio_reads_NovogeneMay2025	DSNY	Ro	yes	75405	69898	92.70	63358	84.47	5277	7.04	ok
DSNY-5-1-No	intbio_reads_NovogeneMay2025	DSNY	No	yes	1983149	1957961	98.73	1914406	97.01	22862	1.16	ok
DSNY-5-1-Rh	intbio_reads_NovogeneMay2025	DSNY	Rh	yes	44229	43433	98.20	41522	94.79	698	1.59	ok
DSNY-5-1-Ro	intbio_reads_NovogeneMay2025	DSNY	Ro	yes	17579	16761	95.35	15710	89.76	722	4.13	ok
DSNY-50-1-No	intbio_reads_NovogeneMay2025	DSNY	No	yes	4360450	4288619	98.35	4171882	96.13	69763	1.61	ok
DSNY-50-1-Rh	intbio_reads_NovogeneMay2025	DSNY	Rh	yes	507769	490350	96.57	459280	91.17	16841	3.34	ok
DSNY-50-1-Ro	intbio_reads_NovogeneMay2025	DSNY	Ro	yes	13586	13202	97.17	12734	93.76	352	2.59	ok
DSNY-51-2-No	intbio_reads_NovogeneMay2025	DSNY	No	yes	8200559	7923131	96.62	7613760	92.95	274542	3.35	ok
DSNY-51-2-Rh	intbio_reads_NovogeneMay2025	DSNY	Rh	yes	3319044	3232449	97.39	3084386	93.43	83329	2.52	ok
DSNY-51-2-Ro	intbio_reads_NovogeneMay2025	DSNY	Ro	yes	31773	30530	96.09	28796	91.12	1157	3.66	ok
DSNY-52-1-No	intbio_reads_NovogeneMay2025	DSNY	No	yes	3048134	2912405	95.55	2722694	89.61	131251	4.32	ok
DSNY-52-1-Rh	intbio_reads_NovogeneMay2025	DSNY	Rh	yes	874602	846817	96.82	807952	92.87	27227	3.13	ok
DSNY-52-1-Ro	intbio_reads_NovogeneMay2025	DSNY	Ro	yes	587240	542188	92.33	481808	82.41	44136	7.55	ok
DSNY-53-1-No	intbio_reads_NovogeneMay2025	DSNY	No	yes	140297	131491	93.72	114162	82.81	8470	6.14	ok
DSNY-53-1-Rh	intbio_reads_NovogeneMay2025	DSNY	Rh	yes	46807	45365	96.92	42048	89.85	1392	2.97	ok
DSNY-53-1-Ro	intbio_reads_NovogeneMay2025	DSNY	Ro	yes	13067	12505	95.70	11872	91.20	518	3.98	ok
DSNY-54-1-No	intbio_reads_NovogeneMay2025	DSNY	No	yes	3131698	2912584	93.00	2645580	84.79	215334	6.90	ok
DSNY-54-1-Rh	intbio_reads_NovogeneMay2025	DSNY	Rh	yes	100450	91315	90.91	78334	78.07	8973	8.94	ok
DSNY-54-1-Ro	intbio_reads_NovogeneMay2025	DSNY	Ro	yes	11270	11021	97.79	10588	94.76	213	1.91	ok
DSNY-56-1-No	intbio_reads_NovogeneMay2025	DSNY	No	yes	2166637	2109220	97.35	2016620	93.40	54899	2.54	ok
DSNY-56-1-Rh	intbio_reads_NovogeneMay2025	DSNY	Rh	yes	88443	80456	90.97	66388	75.73	7855	8.96	ok
DSNY-56-1-Ro	intbio_reads_NovogeneMay2025	DSNY	Ro	yes	170176	162338	95.39	152956	89.90	7608	4.47	ok
DSNY-57-1-Rh	intbio_reads_NovogeneMay2025	DSNY	Rh	yes	257738	241110	93.55	221986	86.36	16056	6.25	ok
DSNY-57-1-Ro	intbio_reads_NovogeneMay2025	DSNY	Ro	yes	12004	11744	97.83	11456	95.71	190	1.59	ok
DSNY-57-No	intbio_reads_NovogeneMay2025	DSNY	No	yes	789628	766120	97.02	734346	93.25	22852	2.90	ok
DSNY-58-No	intbio_reads_NovogeneMay2025	DSNY	No	yes	4244699	4181031	98.50	4069874	96.22	60886	1.44	ok
DSNY-58-Rh	intbio_reads_NovogeneMay2025	DSNY	Rh	yes	786667	757306	96.27	711332	90.92	28443	3.64	ok
DSNY-59-No	intbio_reads_NovogeneMay2025	DSNY	No	yes	5418796	5302644	97.86	5132526	95.07	112854	2.09	ok
DSNY-59-Rh	intbio_reads_NovogeneMay2025	DSNY	Rh	yes	574423	549871	95.73	514974	90.04	23792	4.16	ok
DSNY-59-Ro	intbio_reads_NovogeneMay2025	DSNY	Ro	yes	5872898	5793755	98.65	5660066	96.76	75829	1.30	ok
DSNY-6-2-No	intbio_reads_NovogeneMay2025	DSNY	No	yes	5571369	5466960	98.13	5339316	95.93	101173	1.82	ok
DSNY-6-2-Rh	intbio_reads_NovogeneMay2025	DSNY	Rh	yes	4106	4031	98.17	3898	95.35	67	1.64	ok
DSNY-6-2-Ro	intbio_reads_NovogeneMay2025	DSNY	Ro	yes	984	959	97.46	904	92.24	23	2.35	ok
DSNY-61-4-Rh	intbio_reads_NovogeneMay2025	DSNY	Rh	yes	228429	217260	95.11	205922	90.60	10051	4.42	ok
DSNY-61-4-Ro	intbio_reads_NovogeneMay2025	DSNY	Ro	yes	12492	11250	90.06	9636	77.37	1220	9.80	ok
DSNY-63-No	intbio_reads_NovogeneMay2025	DSNY	No	yes	1331889	1261086	94.68	1151498	87.03	68737	5.20	ok
DSNY-63-Rh	intbio_reads_NovogeneMay2025	DSNY	Rh	yes	13191	12072	91.52	10940	82.98	1101	8.35	ok
DSNY-63-Ro	intbio_reads_NovogeneMay2025	DSNY	Ro	yes	9314	8838	94.89	8306	89.47	458	4.93	ok
DSNY-64-2-No	intbio_reads_NovogeneMay2025	DSNY	No	yes	2912231	2869153	98.52	2819014	96.92	40160	1.38	ok
DSNY-64-2-Rh	intbio_reads_NovogeneMay2025	DSNY	Rh	yes	46988	44333	94.35	40524	86.97	2495	5.35	ok
DSNY-64-2-Ro	intbio_reads_NovogeneMay2025	DSNY	Ro	yes	7890	7694	97.52	7442	94.51	192	2.44	ok
DSNY-65-1-No	intbio_reads_NovogeneMay2025	DSNY	No	yes	1499694	1434057	95.62	1331154	89.44	63173	4.24	ok
DSNY-65-1-Rh	intbio_reads_NovogeneMay2025	DSNY	Rh	yes	664105	637987	96.07	598072	90.62	25186	3.82	ok
DSNY-65-1-Ro	intbio_reads_NovogeneMay2025	DSNY	Ro	yes	15948	15478	97.05	14752	93.03	448	2.83	ok
DSNY-66-1-No	intbio_reads_NovogeneMay2025	DSNY	No	yes	3867802	3800168	98.25	3686256	95.60	62542	1.62	ok
DSNY-66-1-Rh	intbio_reads_NovogeneMay2025	DSNY	Rh	yes	1645035	1576067	95.81	1463192	89.55	66870	4.09	ok
DSNY-66-1-Ro	intbio_reads_NovogeneMay2025	DSNY	Ro	yes	18990	18407	96.93	17370	92.34	549	2.92	ok
DSNY-67-3-No	intbio_reads_NovogeneMay2025	DSNY	No	yes	2209359	2177746	98.57	2136676	96.92	29357	1.33	ok
DSNY-67-3-Rh	intbio_reads_NovogeneMay2025	DSNY	Rh	yes	672959	657668	97.73	634024	94.42	14337	2.14	ok
DSNY-67-3-Ro	intbio_reads_NovogeneMay2025	DSNY	Ro	yes	56386	55523	98.47	54398	96.77	691	1.23	ok
DSNY-68-1-No	intbio_reads_NovogeneMay2025	DSNY	No	yes	4312440	4279168	99.23	4201574	97.84	31106	0.72	ok
DSNY-68-1-Rh	intbio_reads_NovogeneMay2025	DSNY	Rh	yes	2020416	1959796	97.00	1865988	92.56	58328	2.89	ok
DSNY-68-1-Ro	intbio_reads_NovogeneMay2025	DSNY	Ro	yes	758776	739830	97.50	704184	93.43	17166	2.28	ok
DSNY-69-1-No	intbio_reads_NovogeneMay2025	DSNY	No	yes	6555769	6368110	97.14	6123960	93.60	176603	2.70	ok
DSNY-69-1-Rh	intbio_reads_NovogeneMay2025	DSNY	Rh	yes	39720	39504	99.46	39112	98.48	200	0.50	ok
DSNY-69-1-Ro	intbio_reads_NovogeneMay2025	DSNY	Ro	yes	123063	118091	95.96	110748	90.69	4598	3.77	ok
DSNY-7-1-No	intbio_reads_NovogeneMay2025	DSNY	No	yes	3219256	3192641	99.17	3149622	97.94	25319	0.79	ok
DSNY-7-1-Rh	intbio_reads_NovogeneMay2025	DSNY	Rh	yes	1201	1166	97.09	1118	93.32	31	2.59	ok
DSNY-7-1-Ro	intbio_reads_NovogeneMay2025	DSNY	Ro	yes	49817	45669	91.67	40138	81.26	3904	7.90	ok
DSNY-70-1-No	intbio_reads_NovogeneMay2025	DSNY	No	yes	2545262	2480149	97.44	2401030	94.46	61787	2.43	ok
DSNY-70-1-Rh	intbio_reads_NovogeneMay2025	DSNY	Rh	yes	617539	597283	96.72	568104	92.40	19282	3.14	ok
DSNY-70-1-Ro	intbio_reads_NovogeneMay2025	DSNY	Ro	yes	39610	38273	96.62	35406	90.72	1265	3.24	ok
DSNY-71-1-No	intbio_reads_NovogeneMay2025	DSNY	No	yes	1836490	1811393	98.63	1769550	96.61	23939	1.31	ok
DSNY-71-1-Rh	intbio_reads_NovogeneMay2025	DSNY	Rh	yes	2133958	2083184	97.62	2000220	94.23	48516	2.29	ok
DSNY-71-1-Ro	intbio_reads_NovogeneMay2025	DSNY	Ro	yes	21910	21284	97.14	19868	92.08	592	2.74	ok
DSNY-72-1-No	intbio_reads_NovogeneMay2025	DSNY	No	yes	600548	587458	97.82	567020	94.75	12524	2.09	ok
DSNY-72-1-Rh	intbio_reads_NovogeneMay2025	DSNY	Rh	yes	647361	625863	96.68	593806	92.07	20564	3.19	ok
DSNY-72-1-Ro	intbio_reads_NovogeneMay2025	DSNY	Ro	yes	767977	747445	97.33	710684	93.10	19816	2.60	ok
DSNY-74-1-No	intbio_reads_NovogeneMay2025	DSNY	No	yes	8301524	8072795	97.24	7810658	94.22	225159	2.72	ok
DSNY-74-1-Rh	intbio_reads_NovogeneMay2025	DSNY	Rh	yes	548515	530222	96.66	500270	91.75	17937	3.29	ok
DSNY-74-1-Ro	intbio_reads_NovogeneMay2025	DSNY	Ro	yes	353263	342806	97.04	326690	92.94	10177	2.90	ok
DSNY-75-1-No	intbio_reads_NovogeneMay2025	DSNY	No	yes	3376603	3279935	97.14	3163098	93.85	94418	2.80	ok
DSNY-75-1-Rh	intbio_reads_NovogeneMay2025	DSNY	Rh	yes	429378	411425	95.82	382494	89.51	17705	4.14	ok
DSNY-75-1-Ro	intbio_reads_NovogeneMay2025	DSNY	Ro	yes	157669	152351	96.63	143830	91.67	5148	3.28	ok
DSNY-76-1-No	intbio_reads_NovogeneMay2025	DSNY	No	yes	1305072	1276755	97.83	1242494	95.39	27261	2.09	ok
DSNY-76-1-Rh	intbio_reads_NovogeneMay2025	DSNY	Rh	yes	344310	332898	96.69	316048	92.19	10730	3.13	ok
DSNY-76-1-Ro	intbio_reads_NovogeneMay2025	DSNY	Ro	yes	5923952	5837016	98.53	5713966	96.59	85448	1.44	ok
DSNY-77-3-No	intbio_reads_NovogeneMay2025	DSNY	No	yes	167166	155758	93.18	137850	83.10	11104	6.69	ok
DSNY-77-3-Rh	intbio_reads_NovogeneMay2025	DSNY	Rh	yes	53498	48666	90.97	42272	79.02	4540	8.49	ok
DSNY-77-3-Ro	intbio_reads_NovogeneMay2025	DSNY	Ro	yes	220560	199680	90.53	175976	79.85	20498	9.30	ok
DSNY-78-1-No	intbio_reads_NovogeneMay2025	DSNY	No	yes	8807931	8574547	97.35	8312838	94.51	229550	2.61	ok
DSNY-78-1-Rh	intbio_reads_NovogeneMay2025	DSNY	Rh	yes	126931	115944	91.34	104440	82.51	10363	8.19	ok
DSNY-78-1-Ro	intbio_reads_NovogeneMay2025	DSNY	Ro	yes	12202	11968	98.08	10930	92.05	226	1.90	ok
DSNY-79-1-No	intbio_reads_NovogeneMay2025	DSNY	No	yes	7867490	7580000	96.35	7225388	92.11	283546	3.61	ok
DSNY-79-1-Rh	intbio_reads_NovogeneMay2025	DSNY	Rh	yes	144782	130870	90.39	114728	79.49	13606	9.43	ok
DSNY-79-1-Ro	intbio_reads_NovogeneMay2025	DSNY	Ro	yes	29989	28597	95.36	26078	87.96	1294	4.36	ok
DSNY-8-1-No	intbio_reads_NovogeneMay2025	DSNY	No	yes	1438295	1387105	96.44	1289592	89.81	50140	3.49	ok
DSNY-8-1-Rh	intbio_reads_NovogeneMay2025	DSNY	Rh	yes	1365	1349	98.83	1328	97.36	14	1.03	ok
DSNY-8-1-Ro	intbio_reads_NovogeneMay2025	DSNY	Ro	yes	22956	21608	94.13	20284	88.38	1300	5.66	ok
DSNY-80-1-No	intbio_reads_NovogeneMay2025	DSNY	No	yes	5094358	4796219	94.15	4368682	86.38	292101	5.78	ok
DSNY-80-1-Rh	intbio_reads_NovogeneMay2025	DSNY	Rh	yes	737756	705624	95.64	665812	90.50	30640	4.16	ok
DSNY-80-1-Ro	intbio_reads_NovogeneMay2025	DSNY	Ro	yes	12887	12153	94.30	11222	87.36	694	5.40	ok
DSNY-81-1-No	intbio_reads_NovogeneMay2025	DSNY	No	yes	9668413	9501360	98.27	9245824	95.98	161913	1.68	ok
DSNY-81-1-Rh	intbio_reads_NovogeneMay2025	DSNY	Rh	yes	101409	94033	92.73	81348	80.94	7228	7.19	ok
DSNY-81-1-Ro	intbio_reads_NovogeneMay2025	DSNY	Ro	yes	139776	132994	95.15	124116	89.32	6548	4.71	ok
DSNY-82-3-No	intbio_reads_NovogeneMay2025	DSNY	No	yes	356212	349343	98.07	340246	95.53	6433	1.81	ok
DSNY-82-3-Rh	intbio_reads_NovogeneMay2025	DSNY	Rh	yes	23982	21397	89.22	18850	78.61	2521	10.51	ok
DSNY-82-3-Ro	intbio_reads_NovogeneMay2025	DSNY	Ro	yes	77479	74836	96.59	70102	91.42	2419	3.15	ok
DSNY-83-1-No	intbio_reads_NovogeneMay2025	DSNY	No	yes	15799607	15385009	97.38	14897926	94.44	410014	2.60	ok
DSNY-83-1-Rh	intbio_reads_NovogeneMay2025	DSNY	Rh	yes	489997	452730	92.39	408758	83.74	35655	7.30	ok
DSNY-83-1-Ro	intbio_reads_NovogeneMay2025	DSNY	Ro	yes	375503	360183	95.92	334830	89.79	14824	3.98	ok
DSNY-83-2-No	intbio_reads_NovogeneMay2025	DSNY	No	yes	1728111	1694509	98.06	1649930	95.63	32486	1.88	ok
DSNY-83-2-Rh	intbio_reads_NovogeneMay2025	DSNY	Rh	yes	1198988	1117088	93.17	1008322	84.64	80206	6.73	ok
DSNY-83-2-Ro	intbio_reads_NovogeneMay2025	DSNY	Ro	yes	234248	225248	96.16	213812	91.52	8456	3.62	ok
DSNY-83-3-No	intbio_reads_NovogeneMay2025	DSNY	No	yes	14373902	14291869	99.43	14127778	98.37	78927	0.55	ok
DSNY-83-3-Rh	intbio_reads_NovogeneMay2025	DSNY	Rh	yes	517165	490966	94.93	450888	87.92	25379	4.95	ok
DSNY-83-3-Ro	intbio_reads_NovogeneMay2025	DSNY	Ro	yes	338757	324895	95.91	305884	90.77	13336	3.96	ok
DSNY-83-4-Rh	intbio_reads_NovogeneMay2025	DSNY	Rh	yes	444559	415282	93.41	376368	85.11	28347	6.41	ok
DSNY-83-4-Ro	intbio_reads_NovogeneMay2025	DSNY	Ro	yes	978203	909118	92.94	822656	84.54	67079	6.89	ok
DSNY-83-5-No	intbio_reads_NovogeneMay2025	DSNY	No	yes	201831	199754	98.97	195336	96.89	1999	0.99	ok
DSNY-83-5-Rh	intbio_reads_NovogeneMay2025	DSNY	Rh	yes	199133	184688	92.75	166548	83.73	14215	7.15	ok
DSNY-83-5-Ro	intbio_reads_NovogeneMay2025	DSNY	Ro	yes	622262	573381	92.14	504878	81.41	47775	7.70	ok
DSNY-84-2-No	intbio_reads_NovogeneAugust2025	DSNY	No	yes	209734	185396	88.40	158224	75.76	23672	11.33	ok
DSNY-84-2-Rh	intbio_reads_NovogeneAugust2025	DSNY	Rh	yes	189425	180719	95.40	170570	90.27	8290	4.39	ok
DSNY-84-2-Ro	intbio_reads_NovogeneAugust2025	DSNY	Ro	yes	138738	128584	92.68	117424	84.85	9922	7.17	ok
DSNY-85-1-No	intbio_reads_NovogeneAugust2025	DSNY	No	yes	8922800	8830623	98.97	8705642	97.67	88707	1.00	ok
DSNY-85-1-Rh	intbio_reads_NovogeneAugust2025	DSNY	Rh	yes	160523	134788	83.97	108216	67.55	25011	15.61	ok
DSNY-85-1-Ro	intbio_reads_NovogeneAugust2025	DSNY	Ro	yes	1308105	1287983	98.46	1261608	96.56	19532	1.49	ok
DSNY-86-1-No	intbio_reads_NovogeneAugust2025	DSNY	No	yes	4651340	4109475	88.35	3533404	76.18	533059	11.49	ok
DSNY-86-1-Rh	intbio_reads_NovogeneAugust2025	DSNY	Rh	yes	228854	211220	92.29	188350	82.90	17000	7.48	ok
DSNY-86-1-Ro	intbio_reads_NovogeneAugust2025	DSNY	Ro	yes	26774	25195	94.10	23328	87.55	1473	5.53	ok
DSNY-87-1-No	intbio_reads_NovogeneAugust2025	DSNY	No	yes	227318	205831	90.55	181482	80.26	20711	9.16	ok
DSNY-87-1-Rh	intbio_reads_NovogeneAugust2025	DSNY	Rh	yes	122011	112675	92.35	102290	84.39	8870	7.32	ok
DSNY-87-1-Ro	intbio_reads_NovogeneAugust2025	DSNY	Ro	yes	126810	109066	86.01	90180	71.36	17312	13.70	ok
DSNY-88-1-No	intbio_reads_NovogeneAugust2025	DSNY	No	yes	222523	199716	89.75	175082	79.07	22215	10.03	ok
DSNY-88-1-Rh	intbio_reads_NovogeneAugust2025	DSNY	Rh	yes	84675	79164	93.49	72166	85.62	5283	6.27	ok
DSNY-88-1-Ro	intbio_reads_NovogeneAugust2025	DSNY	Ro	yes	216752	194607	89.78	171282	79.30	21665	10.03	ok
DSNY-89-No	intbio_reads_NovogeneMay2025	DSNY	No	yes	4845277	4728721	97.59	4580982	94.72	113076	2.34	ok
DSNY-89-Rh	intbio_reads_NovogeneMay2025	DSNY	Rh	yes	147540	141329	95.79	134076	90.94	5921	4.02	ok
DSNY-89-Ro	intbio_reads_NovogeneMay2025	DSNY	Ro	yes	68807	64274	93.41	58282	85.19	4351	6.36	ok
DSNY-90-No	intbio_reads_NovogeneMay2025	DSNY	No	yes	2611362	2409543	92.27	2088802	81.16	198723	7.72	ok
DSNY-90-Rh	intbio_reads_NovogeneMay2025	DSNY	Rh	yes	129967	124945	96.14	118802	91.53	4836	3.73	ok
DSNY-90-Ro	intbio_reads_NovogeneMay2025	DSNY	Ro	yes	15437	14495	93.90	13012	85.24	878	5.75	ok
DSNY-91-1-No	intbio_reads_NovogeneAugust2025	DSNY	No	yes	6734900	6530229	96.96	6285948	93.54	200257	2.98	ok
DSNY-91-1-Rh	intbio_reads_NovogeneAugust2025	DSNY	Rh	yes	495238	461140	93.11	421886	85.39	33268	6.73	ok
DSNY-91-1-Ro	intbio_reads_NovogeneAugust2025	DSNY	Ro	yes	75405	74937	99.38	74334	98.66	436	0.58	ok
DSNY-92-1-No	intbio_reads_NovogeneAugust2025	DSNY	No	yes	146608	140257	95.67	131234	89.80	6089	4.17	ok
DSNY-92-1-Rh	intbio_reads_NovogeneAugust2025	DSNY	Rh	yes	151763	131654	86.75	110266	72.88	19687	13.01	ok
DSNY-92-1-Ro	intbio_reads_NovogeneAugust2025	DSNY	Ro	yes	36170	32047	88.60	27480	76.32	4013	11.15	ok
DSNY-95-No	intbio_reads_NovogeneMay2025	DSNY	No	yes	999833	956108	95.63	871296	88.23	41703	4.22	ok
DSNY-95-Rh	intbio_reads_NovogeneMay2025	DSNY	Rh	yes	225436	217754	96.59	207478	93.23	7282	3.27	ok
DSNY-95-Ro	intbio_reads_NovogeneMay2025	DSNY	Ro	yes	138660	131180	94.61	118352	86.00	7130	5.18	ok
DSNY-96-2-No	intbio_reads_NovogeneAugust2025	DSNY	No	yes	17808	16556	92.97	15066	85.13	1178	6.66	ok
DSNY-96-2-Rh	intbio_reads_NovogeneAugust2025	DSNY	Rh	yes	171914	151095	87.89	128990	75.30	20399	11.91	ok
DSNY-96-2-Ro	intbio_reads_NovogeneAugust2025	DSNY	Ro	yes	12851	12474	97.07	11548	92.05	369	2.94	ok
DSNY-98-4-No	intbio_reads_NovogeneAugust2025	DSNY	No	yes	334164	312271	93.45	284510	85.67	21205	6.39	ok
DSNY-98-4-Rh	intbio_reads_NovogeneAugust2025	DSNY	Rh	yes	449129	409840	91.25	349114	78.79	38043	8.59	ok
DSNY-98-4-Ro	intbio_reads_NovogeneAugust2025	DSNY	Ro	yes	61846	57811	93.48	52786	85.62	3925	6.37	ok
DSNY-99-No	intbio_reads_NovogeneMay2025	DSNY	No	yes	1054727	1031948	97.84	1001478	95.21	21257	2.02	ok
DSNY-99-Rh	intbio_reads_NovogeneMay2025	DSNY	Rh	yes	76492	74201	97.00	69020	91.43	2153	2.85	ok
DSNY-99-Ro	intbio_reads_NovogeneMay2025	DSNY	Ro	yes	115499	110940	96.05	102976	89.62	4435	3.86	ok
DSNY-CLFR-60-No	intbio_reads_NovogeneMay2025	DSNY	No	yes	14227	13405	94.22	12568	88.35	806	5.67	ok
DSNY-CLFR-60-Rh	intbio_reads_NovogeneMay2025	DSNY	Rh	yes	30637	30422	99.30	30236	98.77	99	0.32	ok
DSNY-CLFR-60-Ro	intbio_reads_NovogeneMay2025	DSNY	Ro	yes	86629	81924	94.57	75592	87.89	4407	5.12	ok
DSNY-CRMA-33-1-No	intbio_reads_NovogeneMay2025	DSNY	No	yes	990830	953511	96.23	898596	90.93	35847	3.63	ok
DSNY-CRMA-33-1-Rh	intbio_reads_NovogeneMay2025	DSNY	Rh	yes	264135	249893	94.61	230708	87.84	13748	5.23	ok
DSNY-CRMA-33-1-Ro	intbio_reads_NovogeneMay2025	DSNY	Ro	yes	421981	405720	96.15	384502	91.47	15463	3.68	ok
DSNY-CRMA-35-1-No	intbio_reads_NovogeneMay2025	DSNY	No	yes	4311102	4179107	96.94	4006070	93.18	124319	2.89	ok
DSNY-CRMA-35-1-Rh	intbio_reads_NovogeneMay2025	DSNY	Rh	yes	445518	427946	96.06	389802	87.96	16986	3.83	ok
DSNY-CRMA-35-1-Ro	intbio_reads_NovogeneMay2025	DSNY	Ro	yes	20138	19078	94.74	17640	88.50	996	5.00	ok
DSNY-GAEL-33-1-No	intbio_reads_NovogeneMay2025	DSNY	No	yes	110562	104711	94.71	97060	88.28	5417	4.93	ok
DSNY-GAEL-33-1-Rh	intbio_reads_NovogeneMay2025	DSNY	Rh	yes	950357	906422	95.38	852974	90.05	42713	4.51	ok
DSNY-GAEL-33-1-Ro	intbio_reads_NovogeneMay2025	DSNY	Ro	yes	6572	6063	92.26	5468	83.38	499	7.61	ok
DSNY-GARE-35-1-No	intbio_reads_NovogeneMay2025	DSNY	No	yes	272636	261301	95.84	241260	89.52	10835	4.02	ok
DSNY-GARE-35-1-Rh	intbio_reads_NovogeneMay2025	DSNY	Rh	yes	1009716	971062	96.17	908258	90.26	37212	3.70	ok
DSNY-GARE-35-1-Ro	intbio_reads_NovogeneMay2025	DSNY	Ro	yes	12725	12334	96.93	11740	92.70	337	2.66	ok
DSNY-SEHE-60-No	intbio_reads_NovogeneMay2025	DSNY	No	yes	2493796	2350848	94.27	2095920	84.75	140526	5.68	ok
DSNY-SEHE-60-Rh	intbio_reads_NovogeneMay2025	DSNY	Rh	yes	443758	422389	95.18	393504	88.99	20745	4.69	ok
DSNY-SEHE-60-Ro	intbio_reads_NovogeneMay2025	DSNY	Ro	yes	499341	476574	95.44	442532	89.24	21933	4.42	ok
GRSM-1-No	intbio_reads_NovogeneAugust2025	GRSM	No	yes	3002110	2889267	96.24	2751306	91.94	107745	3.60	ok
GRSM-1-Rh	intbio_reads_NovogeneAugust2025	GRSM	Rh	yes	83863	74305	88.60	63488	75.98	9072	10.86	ok
GRSM-1-Ro	intbio_reads_NovogeneAugust2025	GRSM	Ro	yes	12495	11678	93.46	10690	85.96	781	6.28	ok
GRSM-3-No	intbio_reads_NovogeneAugust2025	GRSM	No	yes	3108445	2898189	93.24	2663696	85.91	204136	6.58	ok
GRSM-3-Rh	intbio_reads_NovogeneAugust2025	GRSM	Rh	yes	509858	494559	97.00	477612	94.13	13711	2.70	ok
GRSM-3-Ro	intbio_reads_NovogeneAugust2025	GRSM	Ro	yes	5816	5461	93.90	5070	87.60	289	4.99	ok
GRSM-4-2-No	intbio_reads_NovogeneAugust2025	GRSM	No	yes	97283	92697	95.29	87232	89.87	4398	4.53	ok
GRSM-4-2-Rh	intbio_reads_NovogeneAugust2025	GRSM	Rh	yes	42694	40858	95.70	39354	92.39	1380	3.24	ok
GRSM-4-2-Ro	intbio_reads_NovogeneAugust2025	GRSM	Ro	yes	66254	59198	89.35	50482	76.71	6698	10.18	ok
GUAN-1-No	intbio_reads_NovogeneMay2025	GUAN	No	yes	7641	7526	98.49	7144	93.68	109	1.43	ok
GUAN-1-Rh	intbio_reads_NovogeneMay2025	GUAN	Rh	yes	6271	6170	98.39	6012	96.04	97	1.55	ok
GUAN-1-Ro	intbio_reads_NovogeneMay2025	GUAN	Ro	yes	6740	6649	98.65	6556	97.33	79	1.17	ok
GUAN-10-No	intbio_reads_NovogeneMay2025	GUAN	No	yes	2506	2460	98.16	2404	96.31	30	1.20	ok
GUAN-10-Rh	intbio_reads_NovogeneMay2025	GUAN	Rh	yes	7256	7192	99.12	7016	96.72	54	0.74	ok
GUAN-10-Ro	intbio_reads_NovogeneMay2025	GUAN	Ro	yes	21565	20946	97.13	20296	94.19	471	2.19	ok
GUAN-2-No	intbio_reads_NovogeneMay2025	GUAN	No	yes	1210810	1188921	98.19	1144684	94.82	20189	1.67	ok
GUAN-2-Rh	intbio_reads_NovogeneMay2025	GUAN	Rh	yes	297411	283275	95.25	262778	89.43	10844	3.69	ok
GUAN-2-Ro	intbio_reads_NovogeneMay2025	GUAN	Ro	yes	64405	59166	91.87	53412	82.98	5191	8.07	ok
GUAN-3-No	intbio_reads_NovogeneMay2025	GUAN	No	yes	1744105	1679179	96.28	1545986	89.87	62134	3.61	ok
GUAN-3-Rh	intbio_reads_NovogeneMay2025	GUAN	Rh	yes	347684	337563	97.09	318952	93.01	8849	2.58	ok
GUAN-3-Ro	intbio_reads_NovogeneMay2025	GUAN	Ro	yes	99773	95382	95.60	90218	91.30	4155	4.20	ok
GUAN-4-No	intbio_reads_NovogeneMay2025	GUAN	No	yes	2374857	2338440	98.47	2241790	95.28	34103	1.45	ok
GUAN-4-Rh	intbio_reads_NovogeneMay2025	GUAN	Rh	yes	127524	121325	95.14	113602	90.03	5749	4.56	ok
GUAN-4-Ro	intbio_reads_NovogeneMay2025	GUAN	Ro	yes	6499	6154	94.69	5844	89.96	289	4.45	ok
GUAN-5-No	intbio_reads_NovogeneMay2025	GUAN	No	yes	2306410	2279482	98.83	2234088	97.14	23768	1.03	ok
GUAN-5-Rh	intbio_reads_NovogeneMay2025	GUAN	Rh	yes	428204	411342	96.06	395906	92.61	14144	3.31	ok
GUAN-5-Ro	intbio_reads_NovogeneMay2025	GUAN	Ro	yes	48577	47197	97.16	45030	93.56	1226	2.55	ok
GUAN-6-3-No	intbio_reads_NovogeneMay2025	GUAN	No	yes	238473	219919	92.22	196730	82.79	18266	7.69	ok
GUAN-6-3-Rh	intbio_reads_NovogeneMay2025	GUAN	Rh	yes	452647	417461	92.23	371596	82.48	34570	7.67	ok
GUAN-6-3-Ro	intbio_reads_NovogeneMay2025	GUAN	Ro	yes	3070	2960	96.42	2832	92.55	98	3.20	ok
GUAN-7-1-No	intbio_reads_NovogeneMay2025	GUAN	No	yes	858269	803135	93.58	698942	82.41	53918	6.36	ok
GUAN-7-1-Rh	intbio_reads_NovogeneMay2025	GUAN	Rh	yes	373004	353447	94.76	326430	87.94	19025	5.13	ok
GUAN-7-1-Ro	intbio_reads_NovogeneMay2025	GUAN	Ro	yes	2205	2083	94.47	888	40.55	120	5.48	ok
GUAN-8-No	intbio_reads_NovogeneMay2025	GUAN	No	yes	3051901	2980830	97.67	2836746	93.62	67077	2.21	ok
GUAN-8-Rh	intbio_reads_NovogeneMay2025	GUAN	Rh	yes	31179	30997	99.42	30802	98.84	124	0.40	ok
GUAN-8-Ro	intbio_reads_NovogeneMay2025	GUAN	Ro	yes	240363	229700	95.56	213108	89.41	10331	4.33	ok
GUAN-9-1-No	intbio_reads_NovogeneMay2025	GUAN	No	yes	343513	318884	92.83	287200	83.99	24197	7.08	ok
GUAN-9-1-Rh	intbio_reads_NovogeneMay2025	GUAN	Rh	yes	180771	167723	92.78	150956	83.74	12418	6.89	ok
GUAN-9-1-Ro	intbio_reads_NovogeneMay2025	GUAN	Ro	yes	17161	17067	99.45	16832	98.76	84	0.49	ok
HARV-1-1-No	intbio_reads_NovogeneMay2025	HARV	No	yes	8157649	7927527	97.18	7636462	93.84	226560	2.78	ok
HARV-1-1-Rh	intbio_reads_NovogeneMay2025	HARV	Rh	yes	7092	6857	96.69	6504	92.20	223	3.16	ok
HARV-1-1-Ro	intbio_reads_NovogeneMay2025	HARV	Ro	yes	64581	55875	86.52	45784	71.04	8534	13.24	ok
HARV-1-2-No	intbio_reads_NovogeneDecember2025	HARV	No	yes	1750493	1728021	98.72	1640534	94.00	20412	1.17	ok
HARV-1-2-Rh	intbio_reads_NovogeneDecember2025	HARV	Rh	yes	10312	9691	93.98	9002	87.52	607	5.90	ok
HARV-1-2-Ro	intbio_reads_NovogeneDecember2025	HARV	Ro	yes	409139	397344	97.12	375976	92.18	10873	2.67	ok
HARV-1-3-No	intbio_reads_NovogeneDecember2025	HARV	No	yes	740551	732702	98.94	710170	96.17	7321	0.99	ok
HARV-1-3-Rh	intbio_reads_NovogeneDecember2025	HARV	Rh	yes	16286	16176	99.32	11856	72.87	94	0.58	ok
HARV-1-3-Ro	intbio_reads_NovogeneDecember2025	HARV	Ro	yes	2238203	2192199	97.94	2144374	95.93	37240	1.67	ok
HARV-2-1-No	intbio_reads_NovogeneMay2025	HARV	No	yes	4546553	4420990	97.24	4247024	93.81	123979	2.74	ok
HARV-2-1-Rh	intbio_reads_NovogeneMay2025	HARV	Rh	yes	102040	98784	96.81	94502	92.97	2980	2.93	ok
HARV-2-1-Ro	intbio_reads_NovogeneMay2025	HARV	Ro	yes	170458	160273	94.02	147456	86.95	9821	5.79	ok
HARV-2-2-No	intbio_reads_NovogeneDecember2025	HARV	No	yes	5403734	5295542	98.00	5157490	95.93	107220	1.99	ok
HARV-2-2-Rh	intbio_reads_NovogeneDecember2025	HARV	Rh	yes	159281	150534	94.51	140796	88.40	8165	5.13	ok
HARV-2-2-Ro	intbio_reads_NovogeneDecember2025	HARV	Ro	yes	18220	17962	98.58	17676	97.11	256	1.41	ok
HARV-2-3-No	intbio_reads_NovogeneDecember2025	HARV	No	yes	11084621	10815202	97.57	10504994	95.06	266743	2.41	ok
HARV-2-3-Rh	intbio_reads_NovogeneDecember2025	HARV	Rh	yes	140342	136691	97.40	120998	86.22	2705	1.93	ok
HARV-2-3-Ro	intbio_reads_NovogeneDecember2025	HARV	Ro	yes	35037	32751	93.48	30932	88.31	1798	5.13	ok
HARV-3-1-No	intbio_reads_NovogeneMay2025	HARV	No	yes	3704767	3643879	98.36	3559712	96.33	56932	1.54	ok
HARV-3-1-Rh	intbio_reads_NovogeneMay2025	HARV	Rh	yes	124311	115521	92.93	105802	85.42	8330	6.73	ok
HARV-3-1-Ro	intbio_reads_NovogeneMay2025	HARV	Ro	yes	25834	24509	94.87	23146	89.88	1155	4.49	ok
HARV-4-1-No	intbio_reads_NovogeneMay2025	HARV	No	yes	3046871	2788548	91.52	2459572	80.98	254161	8.37	ok
HARV-4-1-Rh	intbio_reads_NovogeneMay2025	HARV	Rh	yes	445054	422704	94.98	394242	88.74	21630	4.87	ok
HARV-4-1-Ro	intbio_reads_NovogeneMay2025	HARV	Ro	yes	9718	9278	95.47	8774	90.55	410	4.23	ok
HEAL-1-2-No	intbio_reads_NovogeneAugust2025	HEAL	No	yes	4360348	4235791	97.14	4077428	93.58	120531	2.77	ok
HEAL-1-2-Rh	intbio_reads_NovogeneAugust2025	HEAL	Rh	yes	291493	276802	94.96	254402	87.52	14179	4.88	ok
HEAL-1-2-Ro	intbio_reads_NovogeneAugust2025	HEAL	Ro	yes	29823	27112	90.91	23864	80.92	2501	8.48	ok
HEAL-10-1-No	intbio_reads_NovogeneDecember2025	HEAL	No	yes	6510153	6186918	95.03	5835530	89.93	320885	4.95	ok
HEAL-10-1-Rh	intbio_reads_NovogeneDecember2025	HEAL	Rh	yes	330428	319623	96.73	305412	92.57	9213	2.79	ok
HEAL-10-1-Ro	intbio_reads_NovogeneDecember2025	HEAL	Ro	yes	380531	360702	94.79	334440	88.59	19085	5.06	ok
HEAL-10-2-No	intbio_reads_NovogeneAugust2025	HEAL	No	yes	7667165	7399217	96.51	7099316	92.93	267108	3.50	ok
HEAL-10-2-Rh	intbio_reads_NovogeneMay2025	HEAL	Rh	yes	208490	197082	94.53	181246	87.47	10854	5.24	ok
HEAL-10-2-Ro	intbio_reads_NovogeneMay2025	HEAL	Ro	yes	6788	6672	98.29	6486	95.75	112	1.65	ok
HEAL-11-1-No	intbio_reads_NovogeneMay2025	HEAL	No	yes	19435	18962	97.57	18350	94.68	437	2.25	ok
HEAL-11-1-Rh	intbio_reads_NovogeneMay2025	HEAL	Rh	yes	227529	211751	93.07	192072	84.60	15252	6.72	ok
HEAL-11-1-Ro	intbio_reads_NovogeneMay2025	HEAL	Ro	yes	4702	4554	96.85	4386	93.36	146	3.11	ok
HEAL-12-1-No	intbio_reads_NovogeneMay2025	HEAL	No	yes	10855882	10780210	99.30	10648636	98.51	74840	0.69	ok
HEAL-12-1-Rh	intbio_reads_NovogeneMay2025	HEAL	Rh	yes	219986	201843	91.75	181166	82.79	17611	8.05	ok
HEAL-12-1-Ro	intbio_reads_NovogeneMay2025	HEAL	Ro	yes	2340	2308	98.63	2252	96.32	32	1.37	ok
HEAL-12-2-No	intbio_reads_NovogeneDecember2025	HEAL	No	yes	9271095	9204859	99.29	9002662	97.57	64934	0.70	ok
HEAL-12-2-Rh	intbio_reads_NovogeneDecember2025	HEAL	Rh	yes	768483	739526	96.23	686008	90.56	26021	3.43	ok
HEAL-12-2-Ro	intbio_reads_NovogeneDecember2025	HEAL	Ro	yes	30971	30394	98.14	29900	96.56	457	1.48	ok
HEAL-13-1-No	intbio_reads_NovogeneMay2025	HEAL	No	yes	9128096	9074526	99.41	8938686	98.23	52730	0.58	ok
HEAL-13-1-Rh	intbio_reads_NovogeneMay2025	HEAL	Rh	yes	210905	192349	91.20	168588	80.30	18130	8.64	ok
HEAL-13-1-Ro	intbio_reads_NovogeneMay2025	HEAL	Ro	yes	2208	2062	93.39	1878	85.44	144	6.55	ok
HEAL-13-2-No	intbio_reads_NovogeneDecember2025	HEAL	No	yes	7941456	7868244	99.08	7758232	98.08	72336	0.91	ok
HEAL-13-2-Rh	intbio_reads_NovogeneDecember2025	HEAL	Rh	yes	952907	923461	96.91	827564	87.54	27734	2.93	ok
HEAL-13-2-Ro	intbio_reads_NovogeneDecember2025	HEAL	Ro	yes	422714	415970	98.40	405716	96.31	6612	1.57	ok
HEAL-14-1-No	intbio_reads_NovogeneMay2025	HEAL	No	yes	58610	55925	95.42	52420	90.00	2537	4.36	ok
HEAL-14-1-Rh	intbio_reads_NovogeneMay2025	HEAL	Rh	yes	325497	307626	94.51	284560	87.80	17123	5.28	ok
HEAL-14-1-Ro	intbio_reads_NovogeneMay2025	HEAL	Ro	yes	20366	20031	98.36	19698	96.78	297	1.46	ok
HEAL-15-1-No	intbio_reads_NovogeneMay2025	HEAL	No	yes	9401430	9317899	99.11	9187184	98.10	82845	0.88	ok
HEAL-15-1-Rh	intbio_reads_NovogeneMay2025	HEAL	Rh	yes	258827	239967	92.71	214840	83.50	18312	7.12	ok
HEAL-15-1-Ro	intbio_reads_NovogeneMay2025	HEAL	Ro	yes	27451	26975	98.27	26356	96.16	470	1.71	ok
HEAL-15-2-No	intbio_reads_NovogeneDecember2025	HEAL	No	yes	12355486	12268613	99.30	12040732	97.70	85167	0.69	ok
HEAL-15-2-Rh	intbio_reads_NovogeneDecember2025	HEAL	Rh	yes	146873	133225	90.71	118310	80.97	12874	8.81	ok
HEAL-15-2-Ro	intbio_reads_NovogeneDecember2025	HEAL	Ro	yes	30826	29461	95.57	27878	90.74	1223	3.98	ok
HEAL-2-1-No	intbio_reads_NovogeneAugust2025	HEAL	No	yes	6467463	6336566	97.98	6169910	95.87	130241	2.02	ok
HEAL-2-1-Rh	intbio_reads_NovogeneAugust2025	HEAL	Rh	yes	589725	564782	95.77	531680	90.71	23569	4.02	ok
HEAL-2-1-Ro	intbio_reads_NovogeneAugust2025	HEAL	Ro	yes	61235	54713	89.35	47696	78.13	6198	10.15	ok
HEAL-3-1-No	intbio_reads_NovogeneAugust2025	HEAL	No	yes	3087370	2982249	96.60	2849942	92.36	103533	3.36	ok
HEAL-3-1-Rh	intbio_reads_NovogeneAugust2025	HEAL	Rh	yes	631189	614170	97.30	586048	93.69	16169	2.59	ok
HEAL-3-1-Ro	intbio_reads_NovogeneAugust2025	HEAL	Ro	yes	22652	21110	93.19	19356	85.86	1408	6.25	ok
HEAL-4-1-No	intbio_reads_NovogeneAugust2025	HEAL	No	yes	4663504	4563883	97.86	4441990	95.64	99289	2.14	ok
HEAL-4-1-Rh	intbio_reads_NovogeneAugust2025	HEAL	Rh	yes	410305	397428	96.86	374116	91.49	12213	2.99	ok
HEAL-4-1-Ro	intbio_reads_NovogeneAugust2025	HEAL	Ro	yes	28842	26870	93.16	24442	85.42	1838	6.42	ok
HEAL-4-2-No	intbio_reads_NovogeneDecember2025	HEAL	No	yes	6291097	6175415	98.16	6029294	96.27	114368	1.83	ok
HEAL-4-2-Rh	intbio_reads_NovogeneDecember2025	HEAL	Rh	yes	196399	174661	88.93	151672	77.57	20544	10.51	ok
HEAL-4-2-Ro	intbio_reads_NovogeneDecember2025	HEAL	Ro	yes	165837	164129	98.97	162066	97.79	846	0.51	ok
HEAL-4-3-No	intbio_reads_NovogeneDecember2025	HEAL	No	yes	5692884	5654509	99.33	5559546	98.01	37311	0.66	ok
HEAL-4-3-Rh	intbio_reads_NovogeneDecember2025	HEAL	Rh	yes	8428	7868	93.36	7308	86.83	500	5.94	ok
HEAL-4-3-Ro	intbio_reads_NovogeneDecember2025	HEAL	Ro	yes	19250	18352	95.34	17456	90.77	818	4.25	ok
HEAL-5-1-No	intbio_reads_NovogeneDecember2025	HEAL	No	yes	4736259	4627169	97.70	4480736	94.68	105370	2.23	ok
HEAL-5-1-Rh	intbio_reads_NovogeneDecember2025	HEAL	Rh	yes	135988	121209	89.13	104422	77.14	14033	10.37	ok
HEAL-5-1-Ro	intbio_reads_NovogeneDecember2025	HEAL	Ro	yes	65511	59906	91.44	53956	82.67	5119	7.84	ok
HEAL-5-2-No	intbio_reads_NovogeneAugust2025	HEAL	No	yes	3327596	3223471	96.87	3091624	93.13	102907	3.10	ok
HEAL-5-2-Rh	intbio_reads_NovogeneAugust2025	HEAL	Rh	yes	250069	240927	96.34	224116	90.16	8522	3.43	ok
HEAL-5-2-Ro	intbio_reads_NovogeneAugust2025	HEAL	Ro	yes	13436	12620	93.93	11712	87.53	778	5.81	ok
HEAL-6-1-No	intbio_reads_NovogeneAugust2025	HEAL	No	yes	5461	5260	96.32	5084	93.28	139	2.55	ok
HEAL-6-1-Rh	intbio_reads_NovogeneAugust2025	HEAL	Rh	yes	846127	822277	97.18	781878	93.12	22444	2.67	ok
HEAL-6-1-Ro	intbio_reads_NovogeneAugust2025	HEAL	Ro	yes	30528	28423	93.10	26182	86.24	1929	6.35	ok
HEAL-7-1-No	intbio_reads_NovogeneAugust2025	HEAL	No	yes	6348414	6272924	98.81	6166038	97.46	73938	1.17	ok
HEAL-7-1-Rh	intbio_reads_NovogeneAugust2025	HEAL	Rh	yes	536478	518548	96.66	496552	92.90	17060	3.19	ok
HEAL-7-1-Ro	intbio_reads_NovogeneAugust2025	HEAL	Ro	yes	32439	31206	96.20	29842	92.40	1189	3.68	ok
HEAL-8-1-No	intbio_reads_NovogeneAugust2025	HEAL	No	yes	5118581	5023256	98.14	4900918	96.19	94981	1.86	ok
HEAL-8-1-Rh	intbio_reads_NovogeneAugust2025	HEAL	Rh	yes	261526	249938	95.57	231490	89.46	11028	4.26	ok
HEAL-8-1-Ro	intbio_reads_NovogeneAugust2025	HEAL	Ro	yes	67984	62219	91.52	55138	81.31	5479	8.08	ok
HEAL-9-1-No	intbio_reads_NovogeneAugust2025	HEAL	No	yes	3608466	3395061	94.09	3155992	87.68	211873	5.89	ok
HEAL-9-1-Rh	intbio_reads_NovogeneMay2025	HEAL	Rh	yes	238093	219830	92.33	197048	83.63	17489	7.42	ok
HEAL-9-1-Ro	intbio_reads_NovogeneMay2025	HEAL	Ro	yes	124779	117712	94.34	106832	86.81	6821	5.54	ok
HEAL-9-2-No	intbio_reads_NovogeneDecember2025	HEAL	No	yes	6942497	6849681	98.66	6713634	97.12	91062	1.32	ok
HEAL-9-2-Rh	intbio_reads_NovogeneDecember2025	HEAL	Rh	yes	157067	147887	94.16	137772	88.14	8676	5.55	ok
HEAL-9-2-Ro	intbio_reads_NovogeneDecember2025	HEAL	Ro	yes	113642	108629	95.59	103258	91.19	4671	4.12	ok
JERC-1-2-No	intbio_reads_NovogeneMay2025	JERC	No	yes	29401381	29066977	98.86	28250802	96.28	310222	1.06	ok
JERC-1-2-Rh	intbio_reads_NovogeneMay2025	JERC	Rh	yes	168900	158157	93.64	141536	83.85	10353	6.13	ok
JERC-1-2-Ro	intbio_reads_NovogeneMay2025	JERC	Ro	yes	44562	40530	90.95	34164	76.68	3968	8.91	ok
JERC-10-3-No	intbio_reads_NovogeneMay2025	JERC	No	yes	2572943	2544884	98.91	2488814	97.67	27229	1.07	ok
JERC-10-3-Rh	intbio_reads_NovogeneMay2025	JERC	Rh	yes	44588	42259	94.78	39910	89.62	1787	4.01	ok
JERC-100-1-No	intbio_reads_NovogeneAugust2025	JERC	No	yes	103203	99198	96.12	95168	92.23	3935	3.81	ok
JERC-100-1-Rh	intbio_reads_NovogeneAugust2025	JERC	Rh	yes	837458	721836	86.19	591128	71.06	112644	13.54	ok
JERC-100-1-Ro	intbio_reads_NovogeneAugust2025	JERC	Ro	yes	45859	39699	86.57	32756	71.84	6076	13.33	ok
JERC-102-1-No	intbio_reads_NovogeneAugust2025	JERC	No	yes	5282673	4994252	94.54	4661694	88.78	287793	5.48	ok
JERC-102-1-Rh	intbio_reads_NovogeneAugust2025	JERC	Rh	yes	372510	335538	90.07	283612	76.66	36506	9.87	ok
JERC-102-1-Ro	intbio_reads_NovogeneAugust2025	JERC	Ro	yes	38363	33577	87.52	28174	73.72	4668	12.21	ok
JERC-106-1-No	intbio_reads_NovogeneAugust2025	JERC	No	yes	9543421	9041593	94.74	8412420	88.30	492974	5.17	ok
JERC-106-1-Rh	intbio_reads_NovogeneAugust2025	JERC	Rh	yes	767800	691465	90.06	608710	79.44	74503	9.72	ok
JERC-107-1-No	intbio_reads_NovogeneMay2025	JERC	No	yes	5711865	5486496	96.05	5205744	91.30	217521	3.81	ok
JERC-107-1-Rh	intbio_reads_NovogeneMay2025	JERC	Rh	yes	411054	384864	93.63	353136	86.11	25474	6.21	ok
JERC-107-1-Ro	intbio_reads_NovogeneMay2025	JERC	Ro	yes	430476	395842	91.95	356400	83.22	33796	7.89	ok
JERC-109-1-No	intbio_reads_NovogeneAugust2025	JERC	No	yes	7815446	7436840	95.16	6940718	89.09	372834	4.79	ok
JERC-109-1-Rh	intbio_reads_NovogeneAugust2025	JERC	Rh	yes	518733	468504	90.32	411478	79.47	48597	9.39	ok
JERC-11-1-No	intbio_reads_NovogeneMay2025	JERC	No	yes	25840304	25589543	99.03	25120678	97.97	247635	0.97	ok
JERC-11-1-Rh	intbio_reads_NovogeneMay2025	JERC	Rh	yes	43472	42885	98.65	41896	97.03	567	1.31	ok
JERC-11-1-Ro	intbio_reads_NovogeneMay2025	JERC	Ro	yes	45435	41773	91.94	37858	83.37	3586	7.90	ok
JERC-110-4-No	intbio_reads_NovogeneMay2025	JERC	No	yes	12601510	12375259	98.20	12064064	95.86	212341	1.69	ok
JERC-110-4-Rh	intbio_reads_NovogeneMay2025	JERC	Rh	yes	461962	434782	94.12	400244	87.04	26236	5.71	ok
JERC-110-4-Ro	intbio_reads_NovogeneMay2025	JERC	Ro	yes	52140	48730	93.46	42526	82.42	3264	6.33	ok
JERC-111-3-No	intbio_reads_NovogeneAugust2025	JERC	No	yes	716102	668052	93.29	610014	85.62	46294	6.50	ok
JERC-111-3-Rh	intbio_reads_NovogeneAugust2025	JERC	Rh	yes	834784	767677	91.96	687464	82.60	64165	7.71	ok
JERC-112-1-No	intbio_reads_NovogeneAugust2025	JERC	No	yes	24996	23277	93.12	21340	85.80	1589	6.39	ok
JERC-112-1-Rh	intbio_reads_NovogeneAugust2025	JERC	Rh	yes	302339	278183	92.01	248364	82.53	22968	7.63	ok
JERC-113-3-No	intbio_reads_NovogeneAugust2025	JERC	No	yes	3137235	2995068	95.47	2826092	90.21	135685	4.33	ok
JERC-113-3-Rh	intbio_reads_NovogeneAugust2025	JERC	Rh	yes	532778	487800	91.56	426620	80.29	43102	8.11	ok
JERC-114-3-No	intbio_reads_NovogeneAugust2025	JERC	No	yes	1967094	1875216	95.33	1768790	90.04	89422	4.55	ok
JERC-114-3-Rh	intbio_reads_NovogeneAugust2025	JERC	Rh	yes	770121	712761	92.55	636272	82.99	55404	7.23	ok
JERC-119-No	intbio_reads_NovogeneMay2025	JERC	No	yes	1131991	1106042	97.71	1069742	94.68	24335	2.15	ok
JERC-119-Rh	intbio_reads_NovogeneMay2025	JERC	Rh	yes	1133243	1088187	96.02	1020656	90.51	43258	3.84	ok
JERC-119-Ro	intbio_reads_NovogeneMay2025	JERC	Ro	yes	409511	397286	97.01	377322	92.53	11733	2.88	ok
JERC-12-1-No	intbio_reads_NovogeneMay2025	JERC	No	yes	7066714	7001561	99.08	6865964	98.01	64069	0.91	ok
JERC-12-1-Rh	intbio_reads_NovogeneMay2025	JERC	Rh	yes	69902	65474	93.67	59336	84.91	4216	6.03	ok
JERC-12-1-Ro	intbio_reads_NovogeneMay2025	JERC	Ro	yes	8951	8672	96.88	8194	91.76	253	2.83	ok
JERC-120-No	intbio_reads_NovogeneMay2025	JERC	No	yes	1840986	1755826	95.37	1651276	89.97	81640	4.45	ok
JERC-120-Rh	intbio_reads_NovogeneMay2025	JERC	Rh	yes	42916	40995	95.52	37498	87.53	1811	4.23	ok
JERC-120-Ro	intbio_reads_NovogeneMay2025	JERC	Ro	yes	68377	65183	95.33	61182	89.49	3068	4.49	ok
JERC-121-No	intbio_reads_NovogeneMay2025	JERC	No	yes	174560	168743	96.67	156826	90.54	5537	3.20	ok
JERC-121-Rh	intbio_reads_NovogeneMay2025	JERC	Rh	yes	45010231	44706783	99.33	44319106	98.47	297372	0.66	ok
JERC-121-Ro	intbio_reads_NovogeneMay2025	JERC	Ro	yes	188241	184147	97.83	174158	92.89	3790	2.02	ok
JERC-122-No	intbio_reads_NovogeneMay2025	JERC	No	yes	4192941	3987721	95.11	3728628	89.17	197626	4.73	ok
JERC-122-Rh	intbio_reads_NovogeneMay2025	JERC	Rh	yes	43386	42538	98.05	41634	96.01	808	1.86	ok
JERC-122-Ro	intbio_reads_NovogeneMay2025	JERC	Ro	yes	107339	101671	94.72	92424	87.08	5518	5.20	ok
JERC-123-No	intbio_reads_NovogeneMay2025	JERC	No	yes	2664878	2553110	95.81	2424738	91.07	106764	4.01	ok
JERC-123-Rh	intbio_reads_NovogeneMay2025	JERC	Rh	yes	33089	31273	94.51	29338	89.06	1758	5.34	ok
JERC-123-Ro	intbio_reads_NovogeneMay2025	JERC	Ro	yes	512064	496452	96.95	477558	93.45	14584	2.85	ok
JERC-124-2-No	intbio_reads_NovogeneMay2025	JERC	No	yes	594676	585480	98.45	574468	96.67	8330	1.40	ok
JERC-124-2-Rh	intbio_reads_NovogeneMay2025	JERC	Rh	yes	234791	223585	95.23	205830	88.13	10704	4.58	ok
JERC-124-2-Ro	intbio_reads_NovogeneMay2025	JERC	Ro	yes	200587	182598	91.03	163330	81.74	17557	8.79	ok
JERC-126-4-No	intbio_reads_NovogeneMay2025	JERC	No	yes	2931785	2850327	97.22	2744094	93.78	77016	2.63	ok
JERC-126-4-Rh	intbio_reads_NovogeneMay2025	JERC	Rh	yes	67659	64849	95.85	59390	90.09	2658	4.03	ok
JERC-126-4-Ro	intbio_reads_NovogeneMay2025	JERC	Ro	yes	16678	15999	95.93	15036	90.94	609	3.68	ok
JERC-127-2-No	intbio_reads_NovogeneMay2025	JERC	No	yes	4091400	4026353	98.41	3943426	96.54	59221	1.45	ok
JERC-127-2-Rh	intbio_reads_NovogeneMay2025	JERC	Rh	yes	763965	734852	96.19	700074	91.80	27185	3.56	ok
JERC-127-2-Ro	intbio_reads_NovogeneMay2025	JERC	Ro	yes	188541	178061	94.44	164494	87.78	9984	5.33	ok
JERC-128-2-No	intbio_reads_NovogeneMay2025	JERC	No	yes	2733762	2626031	96.06	2489592	91.23	103269	3.78	ok
JERC-128-2-Rh	intbio_reads_NovogeneMay2025	JERC	Rh	yes	203807	191458	93.94	177966	87.59	11601	5.71	ok
JERC-128-2-Ro	intbio_reads_NovogeneMay2025	JERC	Ro	yes	217051	209557	96.55	200854	92.84	6900	3.19	ok
JERC-129-4-No	intbio_reads_NovogeneAugust2025	JERC	No	yes	457104	428458	93.73	389250	85.91	27242	6.01	ok
JERC-129-4-Rh	intbio_reads_NovogeneAugust2025	JERC	Rh	yes	592046	553483	93.49	504652	85.85	36495	6.21	ok
JERC-129-4-Ro	intbio_reads_NovogeneAugust2025	JERC	Ro	yes	36453	34044	93.39	30820	85.19	2321	6.42	ok
JERC-13-3-No	intbio_reads_NovogeneMay2025	JERC	No	yes	4276	4104	95.98	3900	91.64	152	3.57	ok
JERC-13-3-Rh	intbio_reads_NovogeneMay2025	JERC	Rh	yes	32809	30538	93.08	25270	81.45	2015	6.49	ok
JERC-13-3-Ro	intbio_reads_NovogeneMay2025	JERC	Ro	yes	987058	888493	90.01	774840	78.75	97119	9.87	ok
JERC-131-No	intbio_reads_NovogeneAugust2025	JERC	No	yes	2984280	2916615	97.73	2753734	92.70	63997	2.15	ok
JERC-131-Rh	intbio_reads_NovogeneAugust2025	JERC	Rh	yes	241347	226308	93.77	206022	85.37	14595	6.05	ok
JERC-131-Ro	intbio_reads_NovogeneAugust2025	JERC	Ro	yes	339599	318245	93.71	282180	84.53	20398	6.11	ok
JERC-132-3-No	intbio_reads_NovogeneAugust2025	JERC	No	yes	5249	5175	98.59	5082	96.95	70	1.34	ok
JERC-132-3-Rh	intbio_reads_NovogeneAugust2025	JERC	Rh	yes	230587	215612	93.51	195570	85.55	14055	6.15	ok
JERC-132-3-Ro	intbio_reads_NovogeneAugust2025	JERC	Ro	yes	54314	50241	92.50	44630	82.58	3859	7.14	ok
JERC-134-3-No	intbio_reads_NovogeneAugust2025	JERC	No	yes	8895	8290	93.20	7622	86.07	547	6.18	ok
JERC-134-3-Rh	intbio_reads_NovogeneAugust2025	JERC	Rh	yes	379873	359500	94.64	335064	88.51	19533	5.16	ok
JERC-134-3-Ro	intbio_reads_NovogeneAugust2025	JERC	Ro	yes	20390	18293	89.72	15932	78.31	2055	10.10	ok
JERC-135-3-No	intbio_reads_NovogeneAugust2025	JERC	No	yes	1502013	1385300	92.23	1249382	83.38	113021	7.54	ok
JERC-135-3-Rh	intbio_reads_NovogeneAugust2025	JERC	Rh	yes	445859	419615	94.11	385296	86.88	24546	5.53	ok
JERC-135-3-Ro	intbio_reads_NovogeneAugust2025	JERC	Ro	yes	4143	3964	95.68	3644	88.10	155	3.75	ok
JERC-136-No	intbio_reads_NovogeneAugust2025	JERC	No	yes	48885	45830	93.75	42404	86.76	2981	6.10	ok
JERC-136-Rh	intbio_reads_NovogeneAugust2025	JERC	Rh	yes	186970	174551	93.36	161228	86.31	11549	6.18	ok
JERC-136-Ro	intbio_reads_NovogeneAugust2025	JERC	Ro	yes	27422	24816	90.50	22064	80.70	2486	9.09	ok
JERC-138-Rh	intbio_reads_NovogeneMay2025	JERC	Rh	yes	167139	160806	96.21	151034	90.74	5853	3.52	ok
JERC-138-Ro	intbio_reads_NovogeneMay2025	JERC	Ro	yes	19113	18135	94.88	16762	88.34	924	4.87	ok
JERC-139-5-No	intbio_reads_NovogeneAugust2025	JERC	No	yes	40516	38065	93.95	34760	86.42	2339	5.82	ok
JERC-139-5-Rh	intbio_reads_NovogeneAugust2025	JERC	Rh	yes	84467	78141	92.51	70170	83.64	6112	7.28	ok
JERC-139-5-Ro	intbio_reads_NovogeneAugust2025	JERC	Ro	yes	44887	40484	90.19	35228	78.78	4231	9.46	ok
JERC-14-5-No	intbio_reads_NovogeneMay2025	JERC	No	yes	26030	24235	93.10	22366	86.30	1623	6.26	ok
JERC-14-5-Rh	intbio_reads_NovogeneMay2025	JERC	Rh	yes	101425	91919	90.63	80992	80.24	8902	8.82	ok
JERC-14-5-Ro	intbio_reads_NovogeneMay2025	JERC	Ro	yes	5742	5197	90.51	4638	80.91	527	9.19	ok
JERC-140-No	intbio_reads_NovogeneAugust2025	JERC	No	yes	177000	161645	91.32	143014	81.00	14989	8.49	ok
JERC-140-Rh	intbio_reads_NovogeneAugust2025	JERC	Rh	yes	388805	335134	86.20	268858	69.54	53061	13.72	ok
JERC-140-Ro	intbio_reads_NovogeneAugust2025	JERC	Ro	yes	452571	385023	85.07	311846	69.17	65934	14.63	ok
JERC-141-No	intbio_reads_NovogeneAugust2025	JERC	No	yes	315447	300983	95.41	281750	89.55	14074	4.47	ok
JERC-141-Rh	intbio_reads_NovogeneAugust2025	JERC	Rh	yes	467410	411813	88.11	350966	75.43	54681	11.75	ok
JERC-141-Ro	intbio_reads_NovogeneAugust2025	JERC	Ro	yes	4795	4601	95.95	4360	91.21	180	3.77	ok
JERC-142-No	intbio_reads_NovogeneAugust2025	JERC	No	yes	22147	20220	91.30	18072	81.80	1883	8.52	ok
JERC-142-Rh	intbio_reads_NovogeneAugust2025	JERC	Rh	yes	231490	197869	85.48	161424	69.99	32633	14.15	ok
JERC-143-No	intbio_reads_NovogeneAugust2025	JERC	No	yes	5485054	5207720	94.94	4858716	88.80	271610	4.96	ok
JERC-143-Rh	intbio_reads_NovogeneAugust2025	JERC	Rh	yes	14025	13889	99.03	13706	97.79	134	0.96	ok
JERC-143-Ro	intbio_reads_NovogeneAugust2025	JERC	Ro	yes	42584	38869	91.28	33376	79.16	3635	8.62	ok
JERC-144-No	intbio_reads_NovogeneMay2025	JERC	No	yes	366406	351950	96.05	332850	91.08	13756	3.76	ok
JERC-144-Rh	intbio_reads_NovogeneMay2025	JERC	Rh	yes	82450	77967	94.56	72616	88.56	4083	4.98	ok
JERC-144-Ro	intbio_reads_NovogeneMay2025	JERC	Ro	yes	23078	22072	95.64	20804	90.52	930	4.05	ok
JERC-145-1-No	intbio_reads_NovogeneMay2025	JERC	No	yes	651040	626054	96.16	589750	90.88	23682	3.65	ok
JERC-145-1-Rh	intbio_reads_NovogeneMay2025	JERC	Rh	yes	609583	582806	95.61	544128	90.04	25317	4.19	ok
JERC-145-1-Ro	intbio_reads_NovogeneMay2025	JERC	Ro	yes	33820	32756	96.85	31086	92.64	998	2.97	ok
JERC-146-Rh	intbio_reads_NovogeneMay2025	JERC	Rh	yes	316598	301134	95.12	283012	89.44	15016	4.75	ok
JERC-146-Ro	intbio_reads_NovogeneMay2025	JERC	Ro	yes	9639	9296	96.44	8798	91.93	313	3.27	ok
JERC-147-Rh	intbio_reads_NovogeneAugust2025	JERC	Rh	yes	6238	5859	93.92	5304	85.55	365	5.89	ok
JERC-147-Ro	intbio_reads_NovogeneAugust2025	JERC	Ro	yes	151541	130944	86.41	106428	70.34	20299	13.42	ok
JERC-148-No	intbio_reads_NovogeneAugust2025	JERC	No	yes	926472	829855	89.57	712000	77.64	95465	10.41	ok
JERC-148-Rh	intbio_reads_NovogeneAugust2025	JERC	Rh	yes	390307	326698	83.70	251618	64.90	62659	16.16	ok
JERC-148-Ro	intbio_reads_NovogeneAugust2025	JERC	Ro	yes	110443	103814	94.00	95406	86.63	6521	5.92	ok
JERC-149-No	intbio_reads_NovogeneAugust2025	JERC	No	yes	447225	413576	92.48	371276	83.44	33069	7.43	ok
JERC-149-Rh	intbio_reads_NovogeneAugust2025	JERC	Rh	yes	667567	564149	84.51	438350	66.22	99764	15.07	ok
JERC-149-Ro	intbio_reads_NovogeneAugust2025	JERC	Ro	yes	51204	47266	92.31	42082	82.65	3858	7.58	ok
JERC-150-No	intbio_reads_NovogeneAugust2025	JERC	No	yes	1265345	1153351	91.15	1026926	81.27	110512	8.75	ok
JERC-150-Rh	intbio_reads_NovogeneAugust2025	JERC	Rh	yes	250267	197738	79.01	140610	56.59	52045	20.95	ok
JERC-150-Ro	intbio_reads_NovogeneAugust2025	JERC	Ro	yes	190271	163655	86.01	133668	70.72	26226	13.88	ok
JERC-151-No	intbio_reads_NovogeneAugust2025	JERC	No	yes	174598	159526	91.37	142452	81.80	14734	8.46	ok
JERC-151-Rh	intbio_reads_NovogeneAugust2025	JERC	Rh	yes	263898	231940	87.89	195116	74.20	31498	11.98	ok
JERC-151-Ro	intbio_reads_NovogeneAugust2025	JERC	Ro	yes	19016	17313	91.04	15420	81.21	1657	8.73	ok
JERC-152-No	intbio_reads_NovogeneAugust2025	JERC	No	yes	83693	77984	93.18	70570	84.83	5527	6.64	ok
JERC-152-Rh	intbio_reads_NovogeneAugust2025	JERC	Rh	yes	238685	209963	87.97	175074	73.90	28226	11.91	ok
JERC-152-Ro	intbio_reads_NovogeneAugust2025	JERC	Ro	yes	402842	328904	81.65	252526	62.91	72534	18.07	ok
JERC-153-No	intbio_reads_NovogeneAugust2025	JERC	No	yes	5180547	4751242	91.71	4253988	82.33	423775	8.20	ok
JERC-153-Rh	intbio_reads_NovogeneAugust2025	JERC	Rh	yes	814447	680086	83.50	521352	64.70	131291	16.29	ok
JERC-154-No	intbio_reads_NovogeneMay2025	JERC	No	yes	261703	240240	91.80	213698	82.16	20827	8.01	ok
JERC-154-Rh	intbio_reads_NovogeneMay2025	JERC	Rh	yes	347505	328175	94.44	305442	88.16	17728	5.12	ok
JERC-154-Ro	intbio_reads_NovogeneMay2025	JERC	Ro	yes	253999	239217	94.18	218186	86.17	14170	5.60	ok
JERC-155-No	intbio_reads_NovogeneMay2025	JERC	No	yes	408731	381871	93.43	345496	85.07	25446	6.27	ok
JERC-155-Rh	intbio_reads_NovogeneMay2025	JERC	Rh	yes	1419306	1373576	96.78	1310526	92.54	42598	3.01	ok
JERC-155-Ro	intbio_reads_NovogeneMay2025	JERC	Ro	yes	31383	29561	94.19	26758	86.01	1724	5.54	ok
JERC-156-No	intbio_reads_NovogeneMay2025	JERC	No	yes	1367209	1306911	95.59	1234378	90.43	58018	4.25	ok
JERC-156-Rh	intbio_reads_NovogeneMay2025	JERC	Rh	yes	561548	543203	96.73	509804	91.74	16903	3.04	ok
JERC-156-Ro	intbio_reads_NovogeneMay2025	JERC	Ro	yes	23089	21972	95.16	19540	85.00	1045	4.55	ok
JERC-157-2-No	intbio_reads_NovogeneMay2025	JERC	No	yes	3603347	3573793	99.18	3523428	97.90	27340	0.76	ok
JERC-157-2-Rh	intbio_reads_NovogeneMay2025	JERC	Rh	yes	385737	372635	96.60	353094	92.17	12418	3.24	ok
JERC-157-2-Ro	intbio_reads_NovogeneMay2025	JERC	Ro	yes	39503	38057	96.34	36036	91.89	1358	3.46	ok
JERC-158-No	intbio_reads_NovogeneMay2025	JERC	No	yes	981536	936795	95.44	866590	88.59	42805	4.38	ok
JERC-158-Rh	intbio_reads_NovogeneMay2025	JERC	Rh	yes	370456	348819	94.16	321260	87.24	20891	5.67	ok
JERC-158-Ro	intbio_reads_NovogeneMay2025	JERC	Ro	yes	42537	39965	93.95	37248	87.80	2418	5.70	ok
JERC-159-2-No	intbio_reads_NovogeneMay2025	JERC	No	yes	103031	100369	97.42	97084	94.23	2376	2.31	ok
JERC-159-2-Rh	intbio_reads_NovogeneMay2025	JERC	Rh	yes	212531	201093	94.62	186476	88.23	10450	4.94	ok
JERC-159-2-Ro	intbio_reads_NovogeneMay2025	JERC	Ro	yes	6234	6075	97.45	5902	94.77	153	2.46	ok
JERC-16-2-No	intbio_reads_NovogeneMay2025	JERC	No	yes	129038	121786	94.38	114336	88.61	6984	5.41	ok
JERC-16-2-Rh	intbio_reads_NovogeneMay2025	JERC	Rh	yes	57755	52557	91.00	46806	81.46	4764	8.29	ok
JERC-16-2-Ro	intbio_reads_NovogeneMay2025	JERC	Ro	yes	6152	5646	91.78	5128	83.44	494	8.04	ok
JERC-160-No	intbio_reads_NovogeneMay2025	JERC	No	yes	1243599	1178895	94.80	1100850	88.88	62464	5.04	ok
JERC-160-Rh	intbio_reads_NovogeneMay2025	JERC	Rh	yes	123132	114601	93.07	104456	84.89	8205	6.67	ok
JERC-160-Ro	intbio_reads_NovogeneMay2025	JERC	Ro	yes	39195	36987	94.37	34558	88.82	2084	5.36	ok
JERC-161-No	intbio_reads_NovogeneMay2025	JERC	No	yes	97070	94171	97.01	91728	94.53	2327	2.40	ok
JERC-161-Rh	intbio_reads_NovogeneMay2025	JERC	Rh	yes	707251	678975	96.00	642920	90.93	26904	3.81	ok
JERC-161-Ro	intbio_reads_NovogeneMay2025	JERC	Ro	yes	163413	161203	98.65	157890	97.39	1836	1.13	ok
JERC-162-No	intbio_reads_NovogeneMay2025	JERC	No	yes	588297	566219	96.25	539132	91.90	20612	3.51	ok
JERC-162-Rh	intbio_reads_NovogeneMay2025	JERC	Rh	yes	2165	2120	97.92	2040	94.53	45	2.09	ok
JERC-162-Ro	intbio_reads_NovogeneMay2025	JERC	Ro	yes	16078	15977	99.37	15890	98.88	49	0.30	ok
JERC-163-No	intbio_reads_NovogeneMay2025	JERC	No	yes	3355127	3030197	90.32	2661872	79.48	319528	9.54	ok
JERC-163-Rh	intbio_reads_NovogeneMay2025	JERC	Rh	yes	178012	165914	93.20	151828	85.63	11236	6.34	ok
JERC-163-Ro	intbio_reads_NovogeneMay2025	JERC	Ro	yes	20701	19888	96.07	19092	92.26	771	3.73	ok
JERC-164-No	intbio_reads_NovogeneMay2025	JERC	No	yes	87450	78833	90.15	69130	79.44	8321	9.56	ok
JERC-164-Rh	intbio_reads_NovogeneMay2025	JERC	Rh	yes	1537692	1429105	92.94	1300652	84.86	105061	6.85	ok
JERC-164-Ro	intbio_reads_NovogeneMay2025	JERC	Ro	yes	104891	97701	93.15	89446	85.57	6830	6.53	ok
JERC-165-No	intbio_reads_NovogeneMay2025	JERC	No	yes	5646901	5453275	96.57	5223112	92.70	189360	3.36	ok
JERC-165-Rh	intbio_reads_NovogeneMay2025	JERC	Rh	yes	399595	375627	94.00	344766	86.84	22596	5.69	ok
JERC-165-Ro	intbio_reads_NovogeneMay2025	JERC	Ro	yes	26768	24933	93.14	22634	84.75	1731	6.48	ok
JERC-167-No	intbio_reads_NovogeneMay2025	JERC	No	yes	923448	867420	93.93	789964	86.09	54808	5.97	ok
JERC-167-Rh	intbio_reads_NovogeneMay2025	JERC	Rh	yes	4399	4327	98.36	4160	94.76	70	1.59	ok
JERC-167-Ro	intbio_reads_NovogeneMay2025	JERC	Ro	yes	20498	19520	95.23	18454	90.23	898	4.39	ok
JERC-168-No	intbio_reads_NovogeneMay2025	JERC	No	yes	561831	552577	98.35	539470	96.28	8570	1.53	ok
JERC-168-Rh	intbio_reads_NovogeneMay2025	JERC	Rh	yes	166325	161738	97.24	152074	92.28	4137	2.51	ok
JERC-168-Ro	intbio_reads_NovogeneMay2025	JERC	Ro	yes	210210	204814	97.43	194174	93.00	4696	2.25	ok
JERC-169-No	intbio_reads_NovogeneMay2025	JERC	No	yes	2641582	2552728	96.64	2441006	92.59	84918	3.22	ok
JERC-169-Rh	intbio_reads_NovogeneMay2025	JERC	Rh	yes	81879	80285	98.05	78790	96.24	1456	1.78	ok
JERC-169-Ro	intbio_reads_NovogeneMay2025	JERC	Ro	yes	28797	27147	94.27	25120	87.77	1526	5.33	ok
JERC-170-No	intbio_reads_NovogeneMay2025	JERC	No	yes	1213997	1161836	95.70	1102152	90.96	49775	4.11	ok
JERC-170-Rh	intbio_reads_NovogeneMay2025	JERC	Rh	yes	19663	19166	97.47	18672	95.01	449	2.28	ok
JERC-170-Ro	intbio_reads_NovogeneMay2025	JERC	Ro	yes	27218	26386	96.94	25342	93.39	778	2.87	ok
JERC-171-No	intbio_reads_NovogeneMay2025	JERC	No	yes	3037016	2887459	95.08	2697186	88.97	143243	4.72	ok
JERC-171-Rh	intbio_reads_NovogeneMay2025	JERC	Rh	yes	38036	37562	98.75	36978	97.58	396	1.05	ok
JERC-171-Ro	intbio_reads_NovogeneMay2025	JERC	Ro	yes	52254	49953	95.60	47242	90.73	2083	4.00	ok
JERC-172-2-No	intbio_reads_NovogeneMay2025	JERC	No	yes	114959	112079	97.49	108038	94.27	2704	2.36	ok
JERC-172-2-Rh	intbio_reads_NovogeneMay2025	JERC	Rh	yes	553192	534850	96.68	509030	92.27	17496	3.17	ok
JERC-172-2-Ro	intbio_reads_NovogeneMay2025	JERC	Ro	yes	423094	406179	96.00	386396	91.47	16129	3.82	ok
JERC-173-1-No	intbio_reads_NovogeneMay2025	JERC	No	yes	2846168	2733416	96.04	2591758	91.22	108048	3.80	ok
JERC-173-1-Rh	intbio_reads_NovogeneMay2025	JERC	Rh	yes	488630	474845	97.18	450688	92.81	12523	2.58	ok
JERC-173-1-Ro	intbio_reads_NovogeneMay2025	JERC	Ro	yes	54022	51726	95.75	48628	90.41	2140	3.98	ok
JERC-175-1-No	intbio_reads_NovogeneMay2025	JERC	No	yes	441320	427588	96.89	406300	92.97	12656	2.90	ok
JERC-175-1-Rh	intbio_reads_NovogeneMay2025	JERC	Rh	yes	1018203	990272	97.26	936282	92.97	25853	2.57	ok
JERC-175-1-Ro	intbio_reads_NovogeneMay2025	JERC	Ro	yes	12931	12475	96.47	11520	89.87	424	3.31	ok
JERC-176-5-No	intbio_reads_NovogeneAugust2025	JERC	No	yes	21430475	19036749	88.83	16468454	76.99	2381268	11.13	ok
JERC-176-5-Rh	intbio_reads_NovogeneAugust2025	JERC	Rh	yes	10645	10005	93.99	9358	87.97	624	5.87	ok
JERC-176-5-Ro	intbio_reads_NovogeneAugust2025	JERC	Ro	yes	36825	34223	92.93	31172	84.98	2430	6.62	ok
JERC-177-No	intbio_reads_NovogeneMay2025	JERC	No	yes	1221575	1202332	98.42	1167114	95.79	18321	1.50	ok
JERC-177-Rh	intbio_reads_NovogeneMay2025	JERC	Rh	yes	443182	425108	95.92	396386	90.18	17022	3.87	ok
JERC-177-Ro	intbio_reads_NovogeneMay2025	JERC	Ro	yes	198679	192762	97.02	183484	92.74	5263	2.66	ok
JERC-178-2-No	intbio_reads_NovogeneMay2025	JERC	No	yes	694620	677836	97.58	647618	93.96	14812	2.15	ok
JERC-178-2-Rh	intbio_reads_NovogeneMay2025	JERC	Rh	yes	517511	504950	97.57	484774	93.70	10783	2.08	ok
JERC-178-2-Ro	intbio_reads_NovogeneMay2025	JERC	Ro	yes	36730	35637	97.02	34076	93.03	1015	2.77	ok
JERC-179-4-No	intbio_reads_NovogeneAugust2025	JERC	No	yes	4198	3835	91.35	3374	80.68	359	8.58	ok
JERC-179-4-Rh	intbio_reads_NovogeneAugust2025	JERC	Rh	yes	359673	329801	91.69	293434	81.80	29148	8.13	ok
JERC-179-4-Ro	intbio_reads_NovogeneAugust2025	JERC	Ro	yes	13273	11954	90.06	10476	79.17	1313	9.92	ok
JERC-18-2-No	intbio_reads_NovogeneMay2025	JERC	No	yes	6733	6459	95.93	6176	91.82	222	3.30	ok
JERC-18-2-Rh	intbio_reads_NovogeneMay2025	JERC	Rh	yes	606678	594426	97.98	580784	95.73	11332	1.87	ok
JERC-18-2-Ro	intbio_reads_NovogeneMay2025	JERC	Ro	yes	5843	5515	94.39	5176	88.72	280	4.80	ok
JERC-180-5-No	intbio_reads_NovogeneAugust2025	JERC	No	yes	3194026	3038281	95.12	2846188	89.36	147909	4.64	ok
JERC-180-5-Rh	intbio_reads_NovogeneAugust2025	JERC	Rh	yes	473169	440431	93.08	397704	84.28	31266	6.63	ok
JERC-180-5-Ro	intbio_reads_NovogeneAugust2025	JERC	Ro	yes	165431	155748	94.15	144196	87.32	9227	5.59	ok
JERC-181-1-No	intbio_reads_NovogeneAugust2025	JERC	No	yes	3946379	3717201	94.19	3453636	87.63	219666	5.57	ok
JERC-181-1-Rh	intbio_reads_NovogeneAugust2025	JERC	Rh	yes	941872	870222	92.39	765680	81.91	69476	7.43	ok
JERC-181-1-Ro	intbio_reads_NovogeneAugust2025	JERC	Ro	yes	4348	4292	98.71	4116	94.88	50	1.15	ok
JERC-183-3-No	intbio_reads_NovogeneAugust2025	JERC	No	yes	712714	666284	93.49	610542	85.88	44386	6.24	ok
JERC-183-3-Rh	intbio_reads_NovogeneAugust2025	JERC	Rh	yes	685173	624230	91.11	548438	80.47	58697	8.61	ok
JERC-183-3-Ro	intbio_reads_NovogeneAugust2025	JERC	Ro	yes	271725	250915	92.34	225602	83.49	20154	7.46	ok
JERC-184-3-No	intbio_reads_NovogeneAugust2025	JERC	No	yes	248874	225536	90.62	195300	78.89	22636	9.14	ok
JERC-184-3-Rh	intbio_reads_NovogeneAugust2025	JERC	Rh	yes	404073	372382	92.16	332728	83.26	30653	7.67	ok
JERC-184-3-Ro	intbio_reads_NovogeneAugust2025	JERC	Ro	yes	49368	46467	94.12	43032	87.71	2557	5.21	ok
JERC-185-3-No	intbio_reads_NovogeneAugust2025	JERC	No	yes	320782	292277	91.11	254598	79.94	27489	8.63	ok
JERC-185-3-Rh	intbio_reads_NovogeneAugust2025	JERC	Rh	yes	305514	281984	92.30	251710	82.65	22564	7.41	ok
JERC-185-3-Ro	intbio_reads_NovogeneAugust2025	JERC	Ro	yes	86021	79741	92.70	72266	84.14	5836	6.79	ok
JERC-186-1-No	intbio_reads_NovogeneAugust2025	JERC	No	yes	887188	858917	96.81	819698	92.54	26645	3.01	ok
JERC-186-1-Rh	intbio_reads_NovogeneAugust2025	JERC	Rh	yes	222767	203691	91.44	178580	80.36	18484	8.32	ok
JERC-186-1-Ro	intbio_reads_NovogeneAugust2025	JERC	Ro	yes	162813	151633	93.13	136974	85.07	10702	6.65	ok
JERC-187-1-No	intbio_reads_NovogeneAugust2025	JERC	No	yes	154518	142910	92.49	130182	84.29	11372	7.36	ok
JERC-187-1-Rh	intbio_reads_NovogeneAugust2025	JERC	Rh	yes	423331	398574	94.15	359326	85.16	23609	5.60	ok
JERC-187-1-Ro	intbio_reads_NovogeneAugust2025	JERC	Ro	yes	220452	203034	92.10	181952	82.89	16756	7.63	ok
JERC-188-1-No	intbio_reads_NovogeneAugust2025	JERC	No	yes	723955	655675	90.57	578272	80.31	65246	9.06	ok
JERC-188-1-Rh	intbio_reads_NovogeneAugust2025	JERC	Rh	yes	16683	16370	98.12	16074	96.38	271	1.62	ok
JERC-188-1-Ro	intbio_reads_NovogeneAugust2025	JERC	Ro	yes	58706	53559	91.23	47494	81.19	4965	8.49	ok
JERC-189-1-Rh	intbio_reads_NovogeneMay2025	JERC	Rh	yes	239576	223179	93.16	201480	84.22	14769	6.17	ok
JERC-191-1-No	intbio_reads_NovogeneMay2025	JERC	No	yes	3457341	3396272	98.23	3319988	96.15	55863	1.62	ok
JERC-191-1-Rh	intbio_reads_NovogeneMay2025	JERC	Rh	yes	558893	546320	97.75	530974	95.18	11427	2.05	ok
JERC-191-1-Ro	intbio_reads_NovogeneMay2025	JERC	Ro	yes	108782	105604	97.08	102532	94.43	2628	2.42	ok
JERC-192-1-No	intbio_reads_NovogeneAugust2025	JERC	No	yes	485419	447213	92.13	403068	83.24	34734	7.17	ok
JERC-192-1-Rh	intbio_reads_NovogeneAugust2025	JERC	Rh	yes	261721	239107	91.36	208980	80.21	21970	8.43	ok
JERC-192-1-Ro	intbio_reads_NovogeneAugust2025	JERC	Ro	yes	812986	728472	89.60	603680	75.29	82338	10.27	ok
JERC-194-2-No	intbio_reads_NovogeneAugust2025	JERC	No	yes	1375447	1287522	93.61	1184052	86.25	84679	6.17	ok
JERC-194-2-Rh	intbio_reads_NovogeneAugust2025	JERC	Rh	yes	152743	141543	92.67	123846	81.72	10874	7.17	ok
JERC-194-2-Ro	intbio_reads_NovogeneAugust2025	JERC	Ro	yes	7935	7355	92.69	6570	82.95	548	6.92	ok
JERC-195-2-No	intbio_reads_NovogeneAugust2025	JERC	No	yes	1822050	1681741	92.30	1520146	83.55	136123	7.48	ok
JERC-195-2-Rh	intbio_reads_NovogeneAugust2025	JERC	Rh	yes	225144	207509	92.17	183908	82.46	16945	7.60	ok
JERC-195-2-Ro	intbio_reads_NovogeneAugust2025	JERC	Ro	yes	82853	76287	92.08	69026	83.60	6252	7.57	ok
JERC-196-3-No	intbio_reads_NovogeneAugust2025	JERC	No	yes	411504	388380	94.38	357722	87.36	22048	5.38	ok
JERC-196-3-Rh	intbio_reads_NovogeneAugust2025	JERC	Rh	yes	182951	171272	93.62	156444	85.97	11169	6.14	ok
JERC-196-3-Ro	intbio_reads_NovogeneAugust2025	JERC	Ro	yes	39591	36998	93.45	33738	85.64	2429	6.17	ok
JERC-197-1-No	intbio_reads_NovogeneAugust2025	JERC	No	yes	148294	137917	93.00	110458	76.67	10261	7.12	ok
JERC-197-1-Rh	intbio_reads_NovogeneMay2025	JERC	Rh	yes	33114	31067	93.82	28878	87.22	1981	5.98	ok
JERC-197-1-Ro	intbio_reads_NovogeneAugust2025	JERC	Ro	yes	13465	12510	92.91	11314	84.67	939	7.03	ok
JERC-198-No	intbio_reads_NovogeneAugust2025	JERC	No	yes	6535801	5915077	90.50	5266828	80.69	616518	9.45	ok
JERC-198-Rh	intbio_reads_NovogeneMay2025	JERC	Rh	yes	7853	7722	98.33	7510	95.69	121	1.54	ok
JERC-198-Ro	intbio_reads_NovogeneAugust2025	JERC	Ro	yes	556274	518651	93.24	458762	83.56	37029	6.74	ok
JERC-199-No	intbio_reads_NovogeneAugust2025	JERC	No	yes	800247	728092	90.98	630910	79.40	70725	8.90	ok
JERC-199-Rh	intbio_reads_NovogeneAugust2025	JERC	Rh	yes	262453	223144	85.02	175130	66.86	38751	14.79	ok
JERC-199-Ro	intbio_reads_NovogeneAugust2025	JERC	Ro	yes	31341	28088	89.62	24228	77.57	3157	10.11	ok
JERC-2-1-No	intbio_reads_NovogeneMay2025	JERC	No	yes	2177749	2040138	93.68	1871916	86.42	134111	6.19	ok
JERC-2-1-Rh	intbio_reads_NovogeneMay2025	JERC	Rh	yes	136749	123439	90.27	109148	80.13	12376	9.09	ok
JERC-2-1-Ro	intbio_reads_NovogeneMay2025	JERC	Ro	yes	15773	14971	94.92	14078	89.54	728	4.63	ok
JERC-20-1-No	intbio_reads_NovogeneMay2025	JERC	No	yes	3690360	3567906	96.68	3419698	92.81	119174	3.23	ok
JERC-20-1-Rh	intbio_reads_NovogeneMay2025	JERC	Rh	yes	355982	342870	96.32	329180	92.48	12664	3.56	ok
JERC-20-1-Ro	intbio_reads_NovogeneMay2025	JERC	Ro	yes	11080	10528	95.02	9876	89.44	486	4.40	ok
JERC-201-1-No	intbio_reads_NovogeneAugust2025	JERC	No	yes	3611644	3220183	89.16	2773386	76.96	388035	10.77	ok
JERC-201-1-Rh	intbio_reads_NovogeneAugust2025	JERC	Rh	yes	497894	459688	92.33	406098	82.13	37076	7.50	ok
JERC-201-1-Ro	intbio_reads_NovogeneAugust2025	JERC	Ro	yes	56027	51462	91.85	46204	82.84	4303	7.72	ok
JERC-202-1-No	intbio_reads_NovogeneAugust2025	JERC	No	yes	178479	167137	93.65	152550	85.93	10882	6.13	ok
JERC-202-1-Rh	intbio_reads_NovogeneAugust2025	JERC	Rh	yes	199349	185619	93.11	169116	85.15	13110	6.60	ok
JERC-202-1-Ro	intbio_reads_NovogeneAugust2025	JERC	Ro	yes	12393	11465	92.51	10366	84.00	882	7.15	ok
JERC-203-1-No	intbio_reads_NovogeneAugust2025	JERC	No	yes	2411444	2271501	94.20	2080540	86.80	138125	5.76	ok
JERC-203-1-Rh	intbio_reads_NovogeneAugust2025	JERC	Rh	yes	374964	333919	89.05	283062	76.02	40257	10.81	ok
JERC-203-1-Ro	intbio_reads_NovogeneAugust2025	JERC	Ro	yes	23022	21152	91.88	18978	82.83	1772	7.73	ok
JERC-204-1-No	intbio_reads_NovogeneAugust2025	JERC	No	yes	953594	897952	94.17	835406	87.82	52890	5.56	ok
JERC-204-1-Rh	intbio_reads_NovogeneAugust2025	JERC	Rh	yes	651322	620365	95.25	569192	88.08	29399	4.55	ok
JERC-204-1-Ro	intbio_reads_NovogeneAugust2025	JERC	Ro	yes	18708	16307	87.17	13490	72.23	2381	12.75	ok
JERC-23-1-No	intbio_reads_NovogeneMay2025	JERC	No	yes	630560	583048	92.47	525700	83.60	45908	7.30	ok
JERC-23-1-Rh	intbio_reads_NovogeneMay2025	JERC	Rh	yes	457039	444074	97.16	427454	93.54	12157	2.66	ok
JERC-23-1-Ro	intbio_reads_NovogeneMay2025	JERC	Ro	yes	26571	23857	89.79	21002	79.05	2656	10.00	ok
JERC-25-1-No	intbio_reads_NovogeneMay2025	JERC	No	yes	2353766	2274400	96.63	2170046	92.32	75378	3.21	ok
JERC-25-1-Rh	intbio_reads_NovogeneMay2025	JERC	Rh	yes	549148	528781	96.29	493352	90.70	18979	3.49	ok
JERC-25-1-Ro	intbio_reads_NovogeneMay2025	JERC	Ro	yes	47627	45155	94.81	42360	89.40	2208	4.66	ok
JERC-26-5-No	intbio_reads_NovogeneMay2025	JERC	No	yes	843487	820733	97.30	768574	91.49	22402	2.67	ok
JERC-26-5-Rh	intbio_reads_NovogeneMay2025	JERC	Rh	yes	113033	98011	86.71	81182	72.06	14616	12.97	ok
JERC-26-5-Ro	intbio_reads_NovogeneMay2025	JERC	Ro	yes	126658	119606	94.43	111444	88.15	6852	5.42	ok
JERC-27-2-No	intbio_reads_NovogeneMay2025	JERC	No	yes	154546	146042	94.50	135428	87.86	8238	5.34	ok
JERC-27-2-Rh	intbio_reads_NovogeneMay2025	JERC	Rh	yes	367951	358206	97.35	347730	94.59	9395	2.56	ok
JERC-27-2-Ro	intbio_reads_NovogeneMay2025	JERC	Ro	yes	127154	113527	89.28	99444	78.30	13477	10.61	ok
JERC-28-4-No	intbio_reads_NovogeneMay2025	JERC	No	yes	245135	233624	95.30	219718	89.72	11171	4.56	ok
JERC-28-4-Rh	intbio_reads_NovogeneMay2025	JERC	Rh	yes	54090	50946	94.19	47340	87.63	2972	5.50	ok
JERC-28-4-Ro	intbio_reads_NovogeneMay2025	JERC	Ro	yes	40080	38620	96.36	36878	92.47	1326	3.32	ok
JERC-3-1-No	intbio_reads_NovogeneMay2025	JERC	No	yes	590452	533669	90.38	463604	79.01	55849	9.52	ok
JERC-3-1-Rh	intbio_reads_NovogeneMay2025	JERC	Rh	yes	75262	69057	91.76	62852	83.55	5689	7.56	ok
JERC-3-1-Ro	intbio_reads_NovogeneMay2025	JERC	Ro	yes	14417	13326	92.43	12182	84.75	1009	7.02	ok
JERC-30-3-No	intbio_reads_NovogeneMay2025	JERC	No	yes	5069047	4850068	95.68	4577788	90.47	208587	4.12	ok
JERC-30-3-Rh	intbio_reads_NovogeneMay2025	JERC	Rh	yes	46561	43415	93.24	40034	86.10	3018	6.49	ok
JERC-30-3-Ro	intbio_reads_NovogeneMay2025	JERC	Ro	yes	17812	16980	95.33	16094	90.48	740	4.16	ok
JERC-34-4-No	intbio_reads_NovogeneMay2025	JERC	No	yes	376698	359947	95.55	333106	88.56	16087	4.28	ok
JERC-34-4-Rh	intbio_reads_NovogeneMay2025	JERC	Rh	yes	120711	108869	90.19	94948	79.31	11700	9.77	ok
JERC-34-4-Ro	intbio_reads_NovogeneMay2025	JERC	Ro	yes	22584	21008	93.02	18890	84.47	1516	6.78	ok
JERC-35-1-No	intbio_reads_NovogeneMay2025	JERC	No	yes	3342795	3196190	95.61	3012328	90.51	140693	4.23	ok
JERC-35-1-Rh	intbio_reads_NovogeneMay2025	JERC	Rh	yes	135771	126234	92.98	115416	85.37	8879	6.57	ok
JERC-35-1-Ro	intbio_reads_NovogeneMay2025	JERC	Ro	yes	11732	11053	94.21	10142	86.76	661	5.65	ok
JERC-36-1-No	intbio_reads_NovogeneMay2025	JERC	No	yes	11319	10542	93.14	9638	85.63	751	6.67	ok
JERC-36-1-Rh	intbio_reads_NovogeneMay2025	JERC	Rh	yes	217359	208320	95.84	197928	91.22	7693	3.55	ok
JERC-36-1-Ro	intbio_reads_NovogeneMay2025	JERC	Ro	yes	11401	10690	93.76	9784	86.26	681	6.00	ok
JERC-37-2-No	intbio_reads_NovogeneMay2025	JERC	No	yes	7499011	6996692	93.30	6460140	86.31	497775	6.65	ok
JERC-37-2-Rh	intbio_reads_NovogeneMay2025	JERC	Rh	yes	314729	303812	96.53	291224	92.76	10017	3.19	ok
JERC-37-2-Ro	intbio_reads_NovogeneMay2025	JERC	Ro	yes	121482	115520	95.09	108832	89.78	5850	4.83	ok
JERC-38-2-No	intbio_reads_NovogeneMay2025	JERC	No	yes	1261690	1224245	97.03	1176544	93.49	36447	2.90	ok
JERC-38-2-Rh	intbio_reads_NovogeneMay2025	JERC	Rh	yes	236370	222960	94.33	206426	87.78	12744	5.42	ok
JERC-38-2-Ro	intbio_reads_NovogeneMay2025	JERC	Ro	yes	83861	80062	95.47	75684	90.42	3607	4.31	ok
JERC-39-5-No	intbio_reads_NovogeneMay2025	JERC	No	yes	1126381	1067238	94.75	994598	88.61	57419	5.12	ok
JERC-39-5-Rh	intbio_reads_NovogeneMay2025	JERC	Rh	yes	375515	343976	91.60	305502	81.62	31045	8.29	ok
JERC-39-5-Ro	intbio_reads_NovogeneMay2025	JERC	Ro	yes	13291	12634	95.06	11804	89.32	635	4.80	ok
JERC-4-1-No	intbio_reads_NovogeneMay2025	JERC	No	yes	1250328	1181152	94.47	1082900	87.21	66854	5.38	ok
JERC-4-1-Rh	intbio_reads_NovogeneMay2025	JERC	Rh	yes	56369	53556	95.01	49560	88.56	2647	4.73	ok
JERC-40-2-No	intbio_reads_NovogeneMay2025	JERC	No	yes	6953924	6647894	95.60	6265998	90.40	296994	4.28	ok
JERC-40-2-Rh	intbio_reads_NovogeneMay2025	JERC	Rh	yes	271736	246327	90.65	212034	78.25	24999	9.23	ok
JERC-40-2-Ro	intbio_reads_NovogeneMay2025	JERC	Ro	yes	21782	20580	94.48	19300	88.79	1110	5.11	ok
JERC-41-2-No	intbio_reads_NovogeneMay2025	JERC	No	yes	6524052	6202129	95.07	5814926	89.27	313059	4.81	ok
JERC-41-2-Rh	intbio_reads_NovogeneMay2025	JERC	Rh	yes	131541	122978	93.49	113022	86.23	8177	6.24	ok
JERC-41-2-Ro	intbio_reads_NovogeneMay2025	JERC	Ro	yes	9538	9119	95.61	8686	91.28	375	3.94	ok
JERC-42-1-No	intbio_reads_NovogeneMay2025	JERC	No	yes	1495921	1421322	95.01	1330718	89.11	72393	4.85	ok
JERC-42-1-Rh	intbio_reads_NovogeneMay2025	JERC	Rh	yes	339080	330480	97.46	313748	92.55	7908	2.33	ok
JERC-42-1-Ro	intbio_reads_NovogeneMay2025	JERC	Ro	yes	15135	14305	94.52	13346	88.56	732	4.86	ok
JERC-43-1-No	intbio_reads_NovogeneMay2025	JERC	No	yes	2291676	2130139	92.95	1934644	84.63	158431	6.93	ok
JERC-43-1-Rh	intbio_reads_NovogeneMay2025	JERC	Rh	yes	220299	213624	96.97	203886	92.94	6137	2.80	ok
JERC-43-1-Ro	intbio_reads_NovogeneMay2025	JERC	Ro	yes	13955	13009	93.22	12058	86.77	880	6.33	ok
JERC-44-2-No	intbio_reads_NovogeneMay2025	JERC	No	yes	15439	14554	94.27	13496	87.61	833	5.41	ok
JERC-44-2-Rh	intbio_reads_NovogeneMay2025	JERC	Rh	yes	83987	79952	95.20	74676	90.28	3957	4.78	ok
JERC-44-2-Ro	intbio_reads_NovogeneMay2025	JERC	Ro	yes	170284	163214	95.85	153844	90.60	6784	4.00	ok
JERC-45-5-No	intbio_reads_NovogeneMay2025	JERC	No	yes	2770894	2565098	92.57	2318468	83.88	200926	7.27	ok
JERC-45-5-Rh	intbio_reads_NovogeneMay2025	JERC	Rh	yes	736700	697183	94.64	644264	87.94	38203	5.21	ok
JERC-45-5-Ro	intbio_reads_NovogeneMay2025	JERC	Ro	yes	27097	26301	97.06	25164	93.17	722	2.67	ok
JERC-46-1-Rh	intbio_reads_NovogeneMay2025	JERC	Rh	yes	168327	158092	93.92	145800	87.02	9587	5.72	ok
JERC-46-1-Ro	intbio_reads_NovogeneMay2025	JERC	Ro	yes	13400	12383	92.41	11244	84.15	995	7.45	ok
JERC-47-2-No	intbio_reads_NovogeneMay2025	JERC	No	yes	741545	710602	95.83	668256	90.24	29455	3.98	ok
JERC-47-2-Rh	intbio_reads_NovogeneMay2025	JERC	Rh	yes	115144	110793	96.22	103244	90.31	4141	3.62	ok
JERC-47-2-Ro	intbio_reads_NovogeneMay2025	JERC	Ro	yes	43597	41909	96.13	39550	91.10	1628	3.75	ok
JERC-48-3-No	intbio_reads_NovogeneMay2025	JERC	No	yes	1045519	1017777	97.35	979958	94.00	26062	2.50	ok
JERC-48-3-Rh	intbio_reads_NovogeneMay2025	JERC	Rh	yes	523301	504893	96.48	476536	91.71	17388	3.35	ok
JERC-48-3-Ro	intbio_reads_NovogeneMay2025	JERC	Ro	yes	18468	17779	96.27	16826	91.66	581	3.17	ok
JERC-49-2-Rh	intbio_reads_NovogeneMay2025	JERC	Rh	yes	224786	217055	96.56	205432	92.07	7231	3.24	ok
JERC-49-2-Ro	intbio_reads_NovogeneMay2025	JERC	Ro	yes	29195	27552	94.37	25270	86.99	1609	5.54	ok
JERC-5-3-No	intbio_reads_NovogeneMay2025	JERC	No	yes	1134383	1009293	88.97	851090	75.41	123404	10.93	ok
JERC-5-3-Rh	intbio_reads_NovogeneMay2025	JERC	Rh	yes	60348	54624	90.52	48812	81.06	5596	9.29	ok
JERC-5-3-Ro	intbio_reads_NovogeneMay2025	JERC	Ro	yes	7495	7140	95.26	6644	88.78	331	4.42	ok
JERC-50-5-No	intbio_reads_NovogeneMay2025	JERC	No	yes	2442223	2358749	96.58	2250558	92.33	79172	3.25	ok
JERC-50-5-Rh	intbio_reads_NovogeneMay2025	JERC	Rh	yes	643903	623721	96.87	591308	92.28	19338	3.02	ok
JERC-50-5-Ro	intbio_reads_NovogeneMay2025	JERC	Ro	yes	2126683	2056852	96.72	1938296	91.84	67511	3.20	ok
JERC-51-1-No	intbio_reads_NovogeneMay2025	JERC	No	yes	14551	13445	92.40	12130	83.66	1072	7.39	ok
JERC-51-1-Rh	intbio_reads_NovogeneMay2025	JERC	Rh	yes	165738	158261	95.49	147886	90.19	6801	4.15	ok
JERC-51-1-Ro	intbio_reads_NovogeneMay2025	JERC	Ro	yes	10432	9523	91.29	8486	81.52	871	8.37	ok
JERC-53-1-No	intbio_reads_NovogeneDecember2025	JERC	No	yes	10644516	10483839	98.49	10251876	96.92	159487	1.51	ok
JERC-53-1-Rh	intbio_reads_NovogeneDecember2025	JERC	Rh	yes	315363	302398	95.89	287264	91.39	11497	3.66	ok
JERC-53-1-Ro	intbio_reads_NovogeneDecember2025	JERC	Ro	yes	4433190	4278679	96.51	4094594	92.92	153963	3.49	ok
JERC-53-2-No	intbio_reads_NovogeneDecember2025	JERC	No	yes	10940451	10842135	99.10	10650858	98.02	97012	0.89	ok
JERC-53-2-Rh	intbio_reads_NovogeneDecember2025	JERC	Rh	yes	361039	347841	96.34	331888	92.28	11396	3.17	ok
JERC-53-2-Ro	intbio_reads_NovogeneDecember2025	JERC	Ro	yes	9221974	9103104	98.71	8895172	97.09	117690	1.28	ok
JERC-53-3-No	intbio_reads_NovogeneDecember2025	JERC	No	yes	9025803	8972413	99.41	8826796	98.40	52244	0.58	ok
JERC-53-3-Rh	intbio_reads_NovogeneDecember2025	JERC	Rh	yes	286905	276687	96.44	264272	92.43	8944	3.13	ok
JERC-53-3-Ro	intbio_reads_NovogeneDecember2025	JERC	Ro	yes	8173808	8041648	98.38	7838214	96.50	131008	1.61	ok
JERC-53-5-No	intbio_reads_NovogeneMay2025	JERC	No	yes	7788007	7672941	98.52	7495584	96.85	114420	1.48	ok
JERC-53-5-Rh	intbio_reads_NovogeneMay2025	JERC	Rh	yes	177169	167653	94.63	152702	86.59	8932	5.07	ok
JERC-54-2-No	intbio_reads_NovogeneMay2025	JERC	No	yes	30988	29451	95.04	27188	88.36	1441	4.68	ok
JERC-54-2-Rh	intbio_reads_NovogeneMay2025	JERC	Rh	yes	161199	156321	96.97	150186	93.31	4364	2.71	ok
JERC-54-2-Ro	intbio_reads_NovogeneMay2025	JERC	Ro	yes	41676	40450	97.06	38572	93.01	1120	2.70	ok
JERC-6-3-No	intbio_reads_NovogeneMay2025	JERC	No	yes	334733	305866	91.38	271890	81.24	28099	8.40	ok
JERC-6-3-Rh	intbio_reads_NovogeneMay2025	JERC	Rh	yes	145037	133928	92.34	122146	84.44	10505	7.26	ok
JERC-7-2-No	intbio_reads_NovogeneMay2025	JERC	No	yes	75009	67758	90.33	59612	79.92	6657	8.93	ok
JERC-7-2-Rh	intbio_reads_NovogeneMay2025	JERC	Rh	yes	71991	64889	90.13	57856	80.39	6932	9.63	ok
JERC-7-2-Ro	intbio_reads_NovogeneMay2025	JERC	Ro	yes	262172	244217	93.15	221852	85.19	17347	6.66	ok
JERC-8-1-No	intbio_reads_NovogeneDecember2025	JERC	No	yes	5234139	5183126	99.03	5091490	97.91	50239	0.97	ok
JERC-8-1-Rh	intbio_reads_NovogeneDecember2025	JERC	Rh	yes	22949	22915	99.85	18678	81.41	20	0.09	ok
JERC-8-1-Ro	intbio_reads_NovogeneDecember2025	JERC	Ro	yes	5548747	5488442	98.91	5370098	97.42	59371	1.08	ok
JERC-8-2-No	intbio_reads_NovogeneMay2025	JERC	No	yes	812441	792716	97.57	767284	95.11	19605	2.43	ok
JERC-8-2-Rh	intbio_reads_NovogeneMay2025	JERC	Rh	yes	62659	58462	93.30	52734	84.18	3965	6.33	ok
JERC-8-4-No	intbio_reads_NovogeneDecember2025	JERC	No	yes	18567972	18357871	98.87	17986752	97.55	208085	1.13	ok
JERC-8-4-Rh	intbio_reads_NovogeneDecember2025	JERC	Rh	yes	15741	15335	97.42	14950	95.11	298	1.90	ok
JERC-8-4-Ro	intbio_reads_NovogeneDecember2025	JERC	Ro	yes	4120075	4035034	97.94	3918304	95.65	84385	2.06	ok
JERC-8-5-No	intbio_reads_NovogeneDecember2025	JERC	No	yes	5162459	5137164	99.51	5060264	98.67	24493	0.48	ok
JERC-8-5-Rh	intbio_reads_NovogeneDecember2025	JERC	Rh	yes	30572	30561	99.96	27548	90.12	11	0.04	ok
JERC-8-5-Ro	intbio_reads_NovogeneDecember2025	JERC	Ro	yes	7531865	7440958	98.79	7285808	97.41	89893	1.20	ok
JERC-84-3-No	intbio_reads_NovogeneMay2025	JERC	No	yes	2625496	2538745	96.70	2426514	92.56	83707	3.19	ok
JERC-84-3-Rh	intbio_reads_NovogeneMay2025	JERC	Rh	yes	230290	216211	93.89	198752	86.86	13199	5.77	ok
JERC-84-3-Ro	intbio_reads_NovogeneMay2025	JERC	Ro	yes	24525	23209	94.63	21476	87.90	1262	5.17	ok
JERC-85-2-No	intbio_reads_NovogeneMay2025	JERC	No	yes	5617783	5327073	94.83	4995786	89.08	285472	5.09	ok
JERC-85-2-Rh	intbio_reads_NovogeneMay2025	JERC	Rh	yes	220151	205343	93.27	187930	85.72	13958	6.37	ok
JERC-85-2-Ro	intbio_reads_NovogeneMay2025	JERC	Ro	yes	31201	30068	96.37	28806	92.40	1047	3.36	ok
JERC-87-1-No	intbio_reads_NovogeneAugust2025	JERC	No	yes	6151552	6004755	97.61	5768558	94.32	145035	2.37	ok
JERC-87-1-Rh	intbio_reads_NovogeneAugust2025	JERC	Rh	yes	302766	239267	79.03	176450	58.47	61255	20.30	ok
JERC-87-1-Ro	intbio_reads_NovogeneAugust2025	JERC	Ro	yes	391518	330953	84.53	256888	65.83	59637	15.28	ok
JERC-88-1-No	intbio_reads_NovogeneAugust2025	JERC	No	yes	5925980	5746274	96.97	5511522	93.40	177994	3.02	ok
JERC-88-1-Rh	intbio_reads_NovogeneAugust2025	JERC	Rh	yes	283074	244851	86.50	205496	72.78	37941	13.44	ok
JERC-88-1-Ro	intbio_reads_NovogeneAugust2025	JERC	Ro	yes	298311	248369	83.26	189776	64.40	49138	16.68	ok
JERC-89-1-No	intbio_reads_NovogeneAugust2025	JERC	No	yes	6489313	6204423	95.61	5877852	91.13	284048	4.40	ok
JERC-89-1-Rh	intbio_reads_NovogeneAugust2025	JERC	Rh	yes	439222	357222	81.33	271250	62.20	80420	18.44	ok
JERC-89-1-Ro	intbio_reads_NovogeneAugust2025	JERC	Ro	yes	4167043	4111299	98.66	4014674	97.17	55478	1.34	ok
JERC-90-1-No	intbio_reads_NovogeneAugust2025	JERC	No	yes	11708810	11436409	97.67	11088296	95.27	271689	2.33	ok
JERC-90-1-Rh	intbio_reads_NovogeneAugust2025	JERC	Rh	yes	560531	528230	94.24	485244	86.96	31971	5.73	ok
JERC-90-1-Ro	intbio_reads_NovogeneAugust2025	JERC	Ro	yes	111833	103361	92.42	92080	82.99	8360	7.53	ok
JERC-91-1-No	intbio_reads_NovogeneAugust2025	JERC	No	yes	1058341	911610	86.14	733272	69.97	143897	13.73	ok
JERC-91-1-Rh	intbio_reads_NovogeneAugust2025	JERC	Rh	yes	600510	496419	82.67	384816	64.19	101801	16.98	ok
JERC-91-1-Ro	intbio_reads_NovogeneAugust2025	JERC	Ro	yes	51966	45197	86.97	37642	72.94	6617	12.82	ok
JERC-92-4-No	intbio_reads_NovogeneMay2025	JERC	No	yes	5972159	5776515	96.72	5517256	92.57	187410	3.14	ok
JERC-92-4-Rh	intbio_reads_NovogeneMay2025	JERC	Rh	yes	176315	167027	94.73	156940	89.34	8444	4.81	ok
JERC-92-4-Ro	intbio_reads_NovogeneMay2025	JERC	Ro	yes	249392	240274	96.34	228138	91.93	8618	3.47	ok
JERC-93-1-No	intbio_reads_NovogeneAugust2025	JERC	No	yes	8401657	7739991	92.12	6947364	82.95	652196	7.79	ok
JERC-93-1-Rh	intbio_reads_NovogeneAugust2025	JERC	Rh	yes	170493	157018	92.10	140892	82.98	12977	7.64	ok
JERC-93-1-Ro	intbio_reads_NovogeneAugust2025	JERC	Ro	yes	19363	18013	93.03	16002	83.17	1272	6.61	ok
JERC-94-1-No	intbio_reads_NovogeneAugust2025	JERC	No	yes	12395095	11706769	94.45	10511614	85.00	682618	5.52	ok
JERC-94-1-Rh	intbio_reads_NovogeneAugust2025	JERC	Rh	yes	1020349	977800	95.83	921612	90.60	39869	3.92	ok
JERC-94-1-Ro	intbio_reads_NovogeneAugust2025	JERC	Ro	yes	26707	24219	90.68	21016	79.16	2366	8.91	ok
JERC-95-5-No	intbio_reads_NovogeneMay2025	JERC	No	yes	12167362	11966580	98.35	11629810	96.01	191744	1.58	ok
JERC-95-5-Rh	intbio_reads_NovogeneMay2025	JERC	Rh	yes	804658	764827	95.05	715238	89.21	38441	4.79	ok
JERC-95-5-Ro	intbio_reads_NovogeneMay2025	JERC	Ro	yes	37983	37017	97.46	35660	94.24	842	2.23	ok
JERC-96-2-No	intbio_reads_NovogeneMay2025	JERC	No	yes	2337603	2125524	90.93	1877744	80.55	207865	8.92	ok
JERC-96-2-Rh	intbio_reads_NovogeneMay2025	JERC	Rh	yes	127970	119063	93.04	109438	86.01	8633	6.79	ok
JERC-96-2-Ro	intbio_reads_NovogeneMay2025	JERC	Ro	yes	1348956	1276233	94.61	1167798	87.13	71113	5.31	ok
JERC-98-1-No	intbio_reads_NovogeneMay2025	JERC	No	yes	289804	277919	95.90	258172	89.83	11525	4.01	ok
JERC-98-1-Rh	intbio_reads_NovogeneMay2025	JERC	Rh	yes	307611	295744	96.14	278628	90.98	11099	3.62	ok
JERC-98-1-Ro	intbio_reads_NovogeneMay2025	JERC	Ro	yes	214250	204475	95.44	193602	90.51	9327	4.36	ok
JERC-98-2-No	intbio_reads_NovogeneMay2025	JERC	No	yes	1029352	1000012	97.15	956118	93.27	28132	2.74	ok
JERC-98-2-Rh	intbio_reads_NovogeneMay2025	JERC	Rh	yes	155615	148050	95.14	138026	88.76	7181	4.62	ok
JERC-98-2-Ro	intbio_reads_NovogeneMay2025	JERC	Ro	yes	21201	19652	92.69	18076	85.39	1477	6.98	ok
JERC-98-3-No	intbio_reads_NovogeneMay2025	JERC	No	yes	1877203	1832075	97.60	1761294	94.38	43118	2.31	ok
JERC-98-3-Rh	intbio_reads_NovogeneMay2025	JERC	Rh	yes	228456	215290	94.24	199634	87.57	12414	5.45	ok
JERC-98-3-Ro	intbio_reads_NovogeneMay2025	JERC	Ro	yes	38865	36929	95.02	33808	87.76	1852	4.81	ok
JERC-98-4-No	intbio_reads_NovogeneMay2025	JERC	No	yes	2244429	2180228	97.14	2089734	93.53	61875	2.77	ok
JERC-98-4-Rh	intbio_reads_NovogeneMay2025	JERC	Rh	yes	298439	279907	93.79	259002	87.07	18000	6.05	ok
JERC-98-4-Ro	intbio_reads_NovogeneMay2025	JERC	Ro	yes	40986	40515	98.85	39590	97.03	393	0.96	ok
JERC-99-1-No	intbio_reads_NovogeneMay2025	JERC	No	yes	1300223	1255509	96.56	1198856	92.34	42772	3.29	ok
JERC-99-1-Rh	intbio_reads_NovogeneMay2025	JERC	Rh	yes	165896	156962	94.61	147836	89.38	8566	5.18	ok
JERC-99-1-Ro	intbio_reads_NovogeneMay2025	JERC	Ro	yes	5116	4952	96.79	4704	92.49	130	2.56	ok
JERC-99-2-No	intbio_reads_NovogeneMay2025	JERC	No	yes	2516449	2258468	89.75	1966394	78.23	253415	10.08	ok
JERC-99-2-Rh	intbio_reads_NovogeneMay2025	JERC	Rh	yes	125356	121064	96.58	115982	92.96	4082	3.27	ok
JERC-99-2-Ro	intbio_reads_NovogeneMay2025	JERC	Ro	yes	288168	273399	94.87	251408	87.50	13951	4.86	ok
JERC-99-3-No	intbio_reads_NovogeneMay2025	JERC	No	yes	3786648	3431908	90.63	3028828	80.10	348070	9.21	ok
JERC-99-3-Rh	intbio_reads_NovogeneMay2025	JERC	Rh	yes	137984	131301	95.16	121450	88.88	6453	4.72	ok
JERC-99-3-Ro	intbio_reads_NovogeneMay2025	JERC	Ro	yes	6855	6773	98.80	6626	97.33	60	0.88	ok
JERC-99-4-No	intbio_reads_NovogeneMay2025	JERC	No	yes	1614502	1485160	91.99	1332452	82.65	126706	7.86	ok
JERC-99-4-Rh	intbio_reads_NovogeneMay2025	JERC	Rh	yes	302106	285821	94.61	264944	88.25	15583	5.19	ok
JERC-99-4-Ro	intbio_reads_NovogeneMay2025	JERC	Ro	yes	21681	21131	97.46	20254	93.66	516	2.39	ok
JERC-AMFR-56-1-No	intbio_reads_NovogeneMay2025	JERC	No	yes	2963247	2879774	97.18	2722900	92.07	80191	2.71	ok
JERC-AMFR-56-1-Rh	intbio_reads_NovogeneMay2025	JERC	Rh	yes	311808	291964	93.64	269238	86.43	18918	6.07	ok
JERC-AMFR-56-1-Ro	intbio_reads_NovogeneMay2025	JERC	Ro	yes	495616	469578	94.75	421082	86.04	25148	5.14	ok
JERC-AMFU-71-1-No	intbio_reads_NovogeneMay2025	JERC	No	yes	3241172	3183413	98.22	3099628	95.71	53865	1.66	ok
JERC-AMFU-71-1-Rh	intbio_reads_NovogeneMay2025	JERC	Rh	yes	736843	703602	95.49	650618	88.95	32295	4.42	ok
JERC-AMFU-71-1-Ro	intbio_reads_NovogeneMay2025	JERC	Ro	yes	487472	481150	98.70	470950	96.73	5854	1.20	ok
JERC-CEAM-53-4-No	intbio_reads_NovogeneDecember2025	JERC	No	yes	5962930	5904685	99.02	5802450	97.96	57493	0.97	ok
JERC-CEAM-53-4-Rh	intbio_reads_NovogeneDecember2025	JERC	Rh	yes	578108	529947	91.67	475726	82.46	46045	7.98	ok
JERC-CEAM-53-4-Ro	intbio_reads_NovogeneDecember2025	JERC	Ro	yes	613203	605644	98.77	591074	96.93	7147	1.17	ok
JERC-CEMI-8-1-No	intbio_reads_NovogeneDecember2025	JERC	No	yes	10943944	10810059	98.78	10588698	97.46	132741	1.22	ok
JERC-CEMI-8-1-Rh	intbio_reads_NovogeneDecember2025	JERC	Rh	yes	346813	329124	94.90	305850	88.67	16381	4.75	ok
JERC-CEMI-8-1-Ro	intbio_reads_NovogeneDecember2025	JERC	Ro	yes	1433752	1406803	98.12	1370192	96.11	26551	1.86	ok
JERC-CERE-67-1-No	intbio_reads_NovogeneMay2025	JERC	No	yes	4211595	4070252	96.64	3897772	92.63	135631	3.22	ok
JERC-CERE-67-1-Rh	intbio_reads_NovogeneMay2025	JERC	Rh	yes	1016872	975622	95.94	914172	90.29	40222	3.97	ok
JERC-CERE-67-1-Ro	intbio_reads_NovogeneMay2025	JERC	Ro	yes	888187	875264	98.55	844168	95.71	12083	1.37	ok
JERC-CEVI-57-2-No	intbio_reads_NovogeneMay2025	JERC	No	yes	10128134	9865574	97.41	9522714	94.30	258138	2.56	ok
JERC-CEVI-57-2-Rh	intbio_reads_NovogeneMay2025	JERC	Rh	yes	175682	167278	95.22	158016	90.29	7576	4.33	ok
JERC-CEVI-57-2-Ro	intbio_reads_NovogeneMay2025	JERC	Ro	yes	6783	6486	95.62	6194	91.49	241	3.56	ok
JERC-CEVI-80-2-No	intbio_reads_NovogeneMay2025	JERC	No	yes	1450596	1373569	94.69	1270376	88.01	74575	5.17	ok
JERC-CEVI-80-2-Rh	intbio_reads_NovogeneMay2025	JERC	Rh	yes	348874	316124	90.61	274154	78.96	32182	9.27	ok
JERC-CEVI-80-2-Ro	intbio_reads_NovogeneMay2025	JERC	Ro	yes	187751	170556	90.84	150112	80.23	16969	9.07	ok
JERC-CHNI-60-3-No	intbio_reads_NovogeneMay2025	JERC	No	yes	4475725	4236711	94.66	3934636	88.08	233132	5.22	ok
JERC-CHNI-60-3-Rh	intbio_reads_NovogeneMay2025	JERC	Rh	yes	77807	67791	87.13	57590	74.11	9866	12.70	ok
JERC-CHNI-69-4-No	intbio_reads_NovogeneMay2025	JERC	No	yes	5685646	5584701	98.22	5459084	96.16	94453	1.66	ok
JERC-CHNI-69-4-Rh	intbio_reads_NovogeneMay2025	JERC	Rh	yes	988602	943749	95.46	875078	89.06	43819	4.46	ok
JERC-CHNI-69-4-Ro	intbio_reads_NovogeneMay2025	JERC	Ro	yes	784505	749780	95.57	698108	89.57	33819	4.34	ok
JERC-CHNI-86-4-No	intbio_reads_NovogeneAugust2025	JERC	No	yes	6505501	6213107	95.51	5815906	89.77	277994	4.29	ok
JERC-CHNI-86-4-Rh	intbio_reads_NovogeneAugust2025	JERC	Rh	yes	599671	556547	92.81	492242	82.74	41838	7.03	ok
JERC-CLMA-62-5-No	intbio_reads_NovogeneMay2025	JERC	No	yes	936339	880464	94.03	806530	86.77	54599	5.87	ok
JERC-CLMA-62-5-Rh	intbio_reads_NovogeneMay2025	JERC	Rh	yes	124291	119172	95.88	112322	90.82	4629	3.74	ok
JERC-CLMA-62-5-Ro	intbio_reads_NovogeneMay2025	JERC	Ro	yes	25851	24856	96.15	23670	91.92	933	3.62	ok
JERC-CLMA-73-2-No	intbio_reads_NovogeneMay2025	JERC	No	yes	471669	455754	96.63	433882	92.14	14915	3.17	ok
JERC-CLMA-73-2-Rh	intbio_reads_NovogeneMay2025	JERC	Rh	yes	2607714	2562534	98.27	2480710	95.68	43004	1.66	ok
JERC-CLMA-73-2-Ro	intbio_reads_NovogeneMay2025	JERC	Ro	yes	2350826	2303115	97.97	2236662	95.27	45567	1.94	ok
JERC-CLMA-76-2-No	intbio_reads_NovogeneMay2025	JERC	No	yes	453731	418616	92.26	377540	83.36	34325	7.58	ok
JERC-CLMA-76-2-Rh	intbio_reads_NovogeneMay2025	JERC	Rh	yes	556237	519657	93.42	471446	85.19	35796	6.47	ok
JERC-CLMA-76-2-Ro	intbio_reads_NovogeneMay2025	JERC	Ro	yes	408289	380982	93.31	343552	84.69	26887	6.63	ok
JERC-CLMA-83-1-No	intbio_reads_NovogeneMay2025	JERC	No	yes	1039560	962554	92.59	874440	84.28	74934	7.22	ok
JERC-CLMA-83-1-Rh	intbio_reads_NovogeneMay2025	JERC	Rh	yes	107854	99607	92.35	90152	83.93	7765	7.23	ok
JERC-CLMA-83-1-Ro	intbio_reads_NovogeneMay2025	JERC	Ro	yes	5020	4822	96.06	4608	91.87	176	3.51	ok
JERC-CRJU-86-1-No	intbio_reads_NovogeneAugust2025	JERC	No	yes	4302202	4020506	93.45	3632626	85.19	278336	6.53	ok
JERC-CRJU-86-1-Rh	intbio_reads_NovogeneAugust2025	JERC	Rh	yes	341259	288504	84.54	231830	68.05	51991	15.26	ok
JERC-CRJU-86-1-Ro	intbio_reads_NovogeneAugust2025	JERC	Ro	yes	148245	127169	85.78	104282	70.40	20618	13.92	ok
JERC-CRRO-64-1-No	intbio_reads_NovogeneMay2025	JERC	No	yes	1043669	997658	95.59	934308	89.91	44529	4.28	ok
JERC-CRRO-64-1-Rh	intbio_reads_NovogeneMay2025	JERC	Rh	yes	787379	740080	93.99	678850	86.69	46285	5.91	ok
JERC-CRRO-64-1-Ro	intbio_reads_NovogeneMay2025	JERC	Ro	yes	832153	786427	94.51	722028	87.23	44592	5.39	ok
JERC-CRRO-70-1-No	intbio_reads_NovogeneMay2025	JERC	No	yes	1575330	1517552	96.33	1417286	90.55	55880	3.57	ok
JERC-CRRO-70-1-Rh	intbio_reads_NovogeneMay2025	JERC	Rh	yes	883569	849464	96.14	799632	91.04	33085	3.77	ok
JERC-CRRO-70-1-Ro	intbio_reads_NovogeneMay2025	JERC	Ro	yes	191510	184208	96.19	172256	90.65	7110	3.74	ok
JERC-DEFL-31-5-No	intbio_reads_NovogeneMay2025	JERC	No	yes	4348665	4022159	92.49	3637722	83.79	319618	7.36	ok
JERC-DEFL-31-5-Rh	intbio_reads_NovogeneMay2025	JERC	Rh	yes	529644	500468	94.49	461092	87.58	28180	5.35	ok
JERC-DEFL-31-5-Ro	intbio_reads_NovogeneMay2025	JERC	Ro	yes	41971	39392	93.86	36282	86.87	2459	5.89	ok
JERC-DEFL-61-3-No	intbio_reads_NovogeneMay2025	JERC	No	yes	8686647	8309995	95.66	7850678	90.60	369988	4.27	ok
JERC-DEFL-61-3-Rh	intbio_reads_NovogeneMay2025	JERC	Rh	yes	83426	79020	94.72	74100	89.07	3850	4.63	ok
JERC-DEFL-61-3-Ro	intbio_reads_NovogeneMay2025	JERC	Ro	yes	18515	17726	95.74	16794	91.07	725	3.93	ok
JERC-DEFL-75-2-No	intbio_reads_NovogeneMay2025	JERC	No	yes	3700845	3404368	91.99	3055884	82.71	290125	7.85	ok
JERC-DEFL-75-2-Rh	intbio_reads_NovogeneMay2025	JERC	Rh	yes	477571	436359	91.37	386350	81.31	40244	8.47	ok
JERC-DEFL-75-2-Ro	intbio_reads_NovogeneMay2025	JERC	Ro	yes	118265	108342	91.61	96268	81.78	9729	8.26	ok
JERC-DEFL-75-3-No	intbio_reads_NovogeneMay2025	JERC	No	yes	3482612	3338334	95.86	3148378	90.57	139016	4.00	ok
JERC-DEFL-75-3-Rh	intbio_reads_NovogeneMay2025	JERC	Rh	yes	453182	422826	93.30	384496	85.16	29696	6.58	ok
JERC-DEFL-75-3-Ro	intbio_reads_NovogeneMay2025	JERC	Ro	yes	244439	224877	92.00	200300	82.32	19218	7.90	ok
JERC-DELI-77-2-No	intbio_reads_NovogeneMay2025	JERC	No	yes	378590	358232	94.62	332932	88.15	19760	5.23	ok
JERC-DELI-77-2-Rh	intbio_reads_NovogeneMay2025	JERC	Rh	yes	355998	323965	91.00	283954	80.10	31475	8.88	ok
JERC-DELI-77-2-Ro	intbio_reads_NovogeneMay2025	JERC	Ro	yes	208165	195995	94.15	180524	87.04	11624	5.60	ok
JERC-DESM-74-1-No	intbio_reads_NovogeneMay2025	JERC	No	yes	1148439	1096370	95.47	1020098	89.35	50403	4.41	ok
JERC-DESM-74-1-Rh	intbio_reads_NovogeneMay2025	JERC	Rh	yes	1085175	1037346	95.59	965134	89.57	46531	4.32	ok
JERC-DESM-74-1-Ro	intbio_reads_NovogeneMay2025	JERC	Ro	yes	65565	64560	98.47	63516	96.88	929	1.42	ok
JERC-DEST-32-1-No	intbio_reads_NovogeneMay2025	JERC	No	yes	2069276	1982411	95.80	1871958	90.64	82949	4.02	ok
JERC-DEST-32-1-Rh	intbio_reads_NovogeneMay2025	JERC	Rh	yes	746449	702113	94.06	641980	86.56	42984	5.80	ok
JERC-DEST-32-1-Ro	intbio_reads_NovogeneMay2025	JERC	Ro	yes	413158	394653	95.52	367812	89.46	17857	4.34	ok
JERC-DEST-65-5-No	intbio_reads_NovogeneMay2025	JERC	No	yes	657613	630755	95.92	596440	90.94	25816	3.94	ok
JERC-DEST-65-5-Rh	intbio_reads_NovogeneMay2025	JERC	Rh	yes	674656	641757	95.12	591758	88.16	32039	4.77	ok
JERC-DEST-65-5-Ro	intbio_reads_NovogeneMay2025	JERC	Ro	yes	157253	152190	96.78	145186	92.69	4765	3.04	ok
JERC-DEST-68-4-No	intbio_reads_NovogeneMay2025	JERC	No	yes	4517276	4116796	91.13	3654464	81.04	392634	8.71	ok
JERC-DEST-68-4-Rh	intbio_reads_NovogeneMay2025	JERC	Rh	yes	565697	540597	95.56	505610	89.77	24184	4.29	ok
JERC-DEST-68-4-Ro	intbio_reads_NovogeneMay2025	JERC	Ro	yes	1232750	1180467	95.76	1098980	89.68	50857	4.15	ok
JERC-GAVO-33-1-No	intbio_reads_NovogeneMay2025	JERC	No	yes	4358865	4153171	95.28	3832258	88.70	200530	4.64	ok
JERC-GAVO-33-1-Rh	intbio_reads_NovogeneMay2025	JERC	Rh	yes	1035583	979698	94.60	903608	87.77	54001	5.25	ok
JERC-GAVO-33-1-Ro	intbio_reads_NovogeneMay2025	JERC	Ro	yes	70500	66854	94.83	61714	88.19	3512	5.02	ok
JERC-LEHI-82-3-No	intbio_reads_NovogeneMay2025	JERC	No	yes	111749	100145	89.62	86294	77.69	11352	10.22	ok
JERC-LEHI-82-3-Rh	intbio_reads_NovogeneMay2025	JERC	Rh	yes	457279	419622	91.76	369566	81.28	36981	8.13	ok
JERC-LEHI-82-3-Ro	intbio_reads_NovogeneMay2025	JERC	Ro	yes	1670682	1557948	93.25	1423868	85.47	109706	6.59	ok
JERC-LEST-78-5-No	intbio_reads_NovogeneMay2025	JERC	No	yes	1664069	1551638	93.24	1416562	85.35	109059	6.57	ok
JERC-LEST-78-5-Rh	intbio_reads_NovogeneMay2025	JERC	Rh	yes	698715	659293	94.36	603506	86.85	38494	5.54	ok
JERC-LEST-78-5-Ro	intbio_reads_NovogeneMay2025	JERC	Ro	yes	157119	147304	93.75	132390	84.96	9589	6.15	ok
JERC-LEVI-79-2-No	intbio_reads_NovogeneMay2025	JERC	No	yes	383104	355867	92.89	321550	84.18	26719	6.99	ok
JERC-LEVI-79-2-Rh	intbio_reads_NovogeneMay2025	JERC	Rh	yes	432334	398977	92.28	355592	82.81	32823	7.64	ok
JERC-LEVI-79-2-Ro	intbio_reads_NovogeneMay2025	JERC	Ro	yes	64354	60492	94.00	55326	86.28	3746	5.84	ok
JERC-RHDI-59-3-No	intbio_reads_NovogeneMay2025	JERC	No	yes	6042685	5634022	93.24	5149232	85.39	399551	6.63	ok
JERC-RHDI-59-3-Rh	intbio_reads_NovogeneMay2025	JERC	Rh	yes	150401	142909	95.02	134104	89.44	6768	4.51	ok
JERC-RHDI-59-3-Ro	intbio_reads_NovogeneMay2025	JERC	Ro	yes	8714	8419	96.61	8068	92.95	269	3.10	ok
JERC-RHRE-55-1-No	intbio_reads_NovogeneMay2025	JERC	No	yes	4423489	4014695	90.76	3533012	80.10	400786	9.09	ok
JERC-RHRE-55-1-Rh	intbio_reads_NovogeneMay2025	JERC	Rh	yes	292131	276521	94.66	258712	88.85	14404	4.95	ok
JERC-RHRE-55-1-Ro	intbio_reads_NovogeneMay2025	JERC	Ro	yes	13548	12081	89.17	10418	77.38	1451	10.78	ok
JERC-RHTO-58-1-No	intbio_reads_NovogeneMay2025	JERC	No	yes	4517859	4172929	92.37	3766158	83.51	337904	7.49	ok
JERC-RHTO-58-1-Rh	intbio_reads_NovogeneMay2025	JERC	Rh	yes	131036	124106	94.71	116788	89.35	6260	4.79	ok
JERC-RHTO-58-1-Ro	intbio_reads_NovogeneMay2025	JERC	Ro	yes	93843	90433	96.37	84732	91.00	3212	3.45	ok
JERC-STBI-63-1-No	intbio_reads_NovogeneMay2025	JERC	No	yes	16187611	15766884	97.40	15230134	94.39	411809	2.55	ok
JERC-STBI-63-1-Rh	intbio_reads_NovogeneMay2025	JERC	Rh	yes	1090896	1031568	94.56	946142	87.37	57492	5.31	ok
JERC-STBI-63-1-Ro	intbio_reads_NovogeneMay2025	JERC	Ro	yes	48111	46088	95.80	43424	90.68	1859	3.88	ok
JERC-STBI-72-3-No	intbio_reads_NovogeneMay2025	JERC	No	yes	4915941	4740044	96.42	4515482	92.00	169195	3.45	ok
JERC-STBI-72-3-Rh	intbio_reads_NovogeneMay2025	JERC	Rh	yes	6421717	6230698	97.03	5957112	93.00	182301	2.85	ok
JERC-STBI-72-3-Ro	intbio_reads_NovogeneMay2025	JERC	Ro	yes	99524	96601	97.06	93150	93.78	2571	2.59	ok
JERC-TECW-66-3-No	intbio_reads_NovogeneMay2025	JERC	No	yes	546452	522777	95.67	487734	89.68	22673	4.17	ok
JERC-TECW-66-3-Rh	intbio_reads_NovogeneMay2025	JERC	Rh	yes	1050105	1001911	95.41	932138	89.31	47206	4.52	ok
JERC-TECW-66-3-Ro	intbio_reads_NovogeneMay2025	JERC	Ro	yes	1150201	1090662	94.82	1011070	88.24	58139	5.07	ok
JORN-1-No	intbio_reads_NovogeneMay2025	JORN	No	yes	10488960	10323120	98.42	9902584	94.56	158906	1.52	ok
JORN-1-Rh	intbio_reads_NovogeneMay2025	JORN	Rh	yes	283047	269126	95.08	237412	83.92	13667	4.83	ok
JORN-1-Ro	intbio_reads_NovogeneMay2025	JORN	Ro	yes	20180	19725	97.75	19036	94.48	389	1.93	ok
JORN-2-1-No	intbio_reads_NovogeneMay2025	JORN	No	yes	72059	67996	94.36	62888	87.47	3941	5.48	ok
JORN-2-1-Rh	intbio_reads_NovogeneMay2025	JORN	Rh	yes	618408	592626	95.83	542864	87.94	24926	4.04	ok
JORN-2-1-Ro	intbio_reads_NovogeneMay2025	JORN	Ro	yes	22479	21591	96.05	20682	92.14	800	3.56	ok
JORN-3-1-No	intbio_reads_NovogeneMay2025	JORN	No	yes	40668	38486	94.63	36174	89.01	2016	4.96	ok
JORN-3-1-Rh	intbio_reads_NovogeneMay2025	JORN	Rh	yes	413282	389419	94.23	360086	87.22	23241	5.63	ok
JORN-3-1-Ro	intbio_reads_NovogeneMay2025	JORN	Ro	yes	8230	7991	97.10	7736	94.07	197	2.40	ok
JORN-4-1-No	intbio_reads_NovogeneMay2025	JORN	No	yes	58724	57265	97.52	55964	95.31	1203	2.05	ok
JORN-4-1-Rh	intbio_reads_NovogeneMay2025	JORN	Rh	yes	163885	157861	96.32	150896	92.09	5446	3.32	ok
JORN-4-1-Ro	intbio_reads_NovogeneMay2025	JORN	Ro	yes	27721	27364	98.71	26792	96.81	329	1.19	ok
KONA-1-1-No	intbio_reads_NovogeneAugust2025	KONA	No	yes	4291217	3998516	93.18	3588690	84.18	288949	6.78	ok
KONA-1-1-Rh	intbio_reads_NovogeneMay2025	KONA	Rh	yes	27721	27364	98.71	26792	96.81	329	1.19	ok
KONA-1-1-Ro	intbio_reads_NovogeneMay2025	KONA	Ro	yes	27721	27364	98.71	26792	96.81	329	1.19	ok
KONA-2-1-No	intbio_reads_NovogeneMay2025	KONA	No	yes	27721	27364	98.71	26792	96.81	329	1.19	ok
KONA-2-1-Rh	intbio_reads_NovogeneMay2025	KONA	Rh	yes	27721	27364	98.71	26792	96.81	329	1.19	ok
KONA-2-1-Ro	intbio_reads_NovogeneMay2025	KONA	Ro	yes	27721	27364	98.71	26792	96.81	329	1.19	ok
KONA-3-1-No	intbio_reads_NovogeneMay2025	KONA	No	yes	27721	27364	98.71	26792	96.81	329	1.19	ok
KONA-3-1-Rh	intbio_reads_NovogeneMay2025	KONA	Rh	yes	27721	27364	98.71	26792	96.81	329	1.19	ok
KONA-3-1-Ro	intbio_reads_NovogeneMay2025	KONA	Ro	yes	10589	10388	98.10	10102	95.72	179	1.70	ok
KONZ-1-No	intbio_reads_NovogeneMay2025	KONZ	No	yes	1704951	1449897	85.04	1100230	65.42	253372	15.07	ok
KONZ-1-Rh	intbio_reads_NovogeneMay2025	KONZ	Rh	yes	53874	48070	89.23	42262	78.45	5780	10.73	ok
KONZ-1-Ro	intbio_reads_NovogeneMay2025	KONZ	Ro	yes	88300	84521	95.72	80154	91.12	3757	4.27	ok
KONZ-10-1-No	intbio_reads_NovogeneMay2025	KONZ	No	yes	6219778	6054348	97.34	5833226	94.05	162786	2.62	ok
KONZ-10-1-Rh	intbio_reads_NovogeneMay2025	KONZ	Rh	yes	241335	232139	96.19	220902	91.98	8248	3.43	ok
KONZ-10-1-Ro	intbio_reads_NovogeneMay2025	KONZ	Ro	yes	27323	26096	95.51	24336	89.50	1111	4.09	ok
KONZ-11-1-No	intbio_reads_NovogeneMay2025	KONZ	No	yes	3350272	3252886	97.09	3070240	91.81	94994	2.84	ok
KONZ-11-1-Rh	intbio_reads_NovogeneMay2025	KONZ	Rh	yes	1686515	1653363	98.03	1588540	94.77	31810	1.90	ok
KONZ-11-1-Ro	intbio_reads_NovogeneMay2025	KONZ	Ro	yes	23695	22822	96.32	21964	92.76	793	3.35	ok
KONZ-12-1-No	intbio_reads_NovogeneMay2025	KONZ	No	yes	14767593	14485226	98.09	13832676	94.03	275207	1.87	ok
KONZ-12-1-Rh	intbio_reads_NovogeneMay2025	KONZ	Rh	yes	538080	514051	95.53	480218	89.76	23125	4.32	ok
KONZ-12-1-Ro	intbio_reads_NovogeneMay2025	KONZ	Ro	yes	37806	36022	95.28	33916	90.02	1664	4.42	ok
KONZ-13-1-No	intbio_reads_NovogeneMay2025	KONZ	No	yes	18333	16862	91.98	15052	82.39	1441	7.89	ok
KONZ-13-1-Rh	intbio_reads_NovogeneMay2025	KONZ	Rh	yes	320637	304364	94.92	286636	89.56	15681	4.90	ok
KONZ-13-1-Ro	intbio_reads_NovogeneMay2025	KONZ	Ro	yes	19765	19012	96.19	18150	92.28	665	3.38	ok
KONZ-14-1-No	intbio_reads_NovogeneMay2025	KONZ	No	yes	581662	546917	94.03	489814	85.31	33999	5.92	ok
KONZ-14-1-Rh	intbio_reads_NovogeneMay2025	KONZ	Rh	yes	626552	594759	94.93	550708	88.42	29931	4.81	ok
KONZ-14-1-Ro	intbio_reads_NovogeneMay2025	KONZ	Ro	yes	17164	16597	96.70	15896	92.98	495	2.90	ok
KONZ-15-1-No	intbio_reads_NovogeneMay2025	KONZ	No	yes	21004717	20924739	99.62	20613880	98.78	77356	0.37	ok
KONZ-15-1-Rh	intbio_reads_NovogeneMay2025	KONZ	Rh	yes	554476	536054	96.68	508020	92.01	17548	3.18	ok
KONZ-15-1-Ro	intbio_reads_NovogeneMay2025	KONZ	Ro	yes	16960	16437	96.92	15824	93.66	463	2.74	ok
KONZ-16-1-No	intbio_reads_NovogeneMay2025	KONZ	No	yes	9530471	9475547	99.42	9306944	98.36	53798	0.57	ok
KONZ-16-1-Rh	intbio_reads_NovogeneMay2025	KONZ	Rh	yes	1423830	1377342	96.74	1306822	92.15	44306	3.12	ok
KONZ-16-1-Ro	intbio_reads_NovogeneMay2025	KONZ	Ro	yes	13580	12734	93.77	11826	87.72	778	5.77	ok
KONZ-16-2-No	intbio_reads_NovogeneDecember2025	KONZ	No	yes	2436850	2392330	98.17	2329988	96.22	44044	1.82	ok
KONZ-16-2-Rh	intbio_reads_NovogeneDecember2025	KONZ	Rh	yes	246913	235894	95.54	219682	89.57	10425	4.25	ok
KONZ-16-2-Ro	intbio_reads_NovogeneDecember2025	KONZ	Ro	yes	826210	789083	95.51	749508	90.92	33647	4.08	ok
KONZ-2-1-No	intbio_reads_NovogeneMay2025	KONZ	No	yes	6483887	6200793	95.63	5847988	90.56	276168	4.28	ok
KONZ-2-1-Rh	intbio_reads_NovogeneMay2025	KONZ	Rh	yes	90311	77243	85.53	61710	68.98	12718	14.22	ok
KONZ-2-1-Ro	intbio_reads_NovogeneMay2025	KONZ	Ro	yes	32773	30775	93.90	28376	87.04	1896	5.82	ok
KONZ-3-1-No	intbio_reads_NovogeneMay2025	KONZ	No	yes	1223562	1128644	92.24	987942	81.55	93040	7.68	ok
KONZ-3-1-Rh	intbio_reads_NovogeneMay2025	KONZ	Rh	yes	313310	294406	93.97	269090	86.66	17822	5.74	ok
KONZ-3-1-Ro	intbio_reads_NovogeneMay2025	KONZ	Ro	yes	31759	30306	95.42	27762	87.97	1389	4.40	ok
KONZ-4-1-No	intbio_reads_NovogeneMay2025	KONZ	No	yes	1329092	1277625	96.13	1215560	91.63	50059	3.77	ok
KONZ-4-1-Rh	intbio_reads_NovogeneMay2025	KONZ	Rh	yes	185523	175595	94.65	163510	88.48	9082	4.91	ok
KONZ-4-1-Ro	intbio_reads_NovogeneMay2025	KONZ	Ro	yes	8044	7684	95.52	7118	88.86	340	4.24	ok
KONZ-5-1-No	intbio_reads_NovogeneMay2025	KONZ	No	yes	2544396	2399421	94.30	2106084	84.10	141885	5.67	ok
KONZ-5-1-Rh	intbio_reads_NovogeneMay2025	KONZ	Rh	yes	165022	157373	95.36	148978	90.43	7331	4.45	ok
KONZ-5-1-Ro	intbio_reads_NovogeneMay2025	KONZ	Ro	yes	29138	27331	93.80	24950	86.19	1721	5.95	ok
KONZ-6-1-No	intbio_reads_NovogeneMay2025	KONZ	No	yes	15165573	14828872	97.78	14057978	92.89	326065	2.15	ok
KONZ-6-1-Rh	intbio_reads_NovogeneMay2025	KONZ	Rh	yes	776377	730153	94.05	668016	86.31	45124	5.83	ok
KONZ-6-1-Ro	intbio_reads_NovogeneMay2025	KONZ	Ro	yes	163142	154338	94.60	142872	87.93	8578	5.28	ok
KONZ-7-1-No	intbio_reads_NovogeneMay2025	KONZ	No	yes	2046314	1882825	92.01	1602728	79.46	160871	7.98	ok
KONZ-7-1-Rh	intbio_reads_NovogeneMay2025	KONZ	Rh	yes	845993	805931	95.26	745598	88.61	38714	4.60	ok
KONZ-7-1-Ro	intbio_reads_NovogeneMay2025	KONZ	Ro	yes	10235	9455	92.38	8428	82.84	756	7.43	ok
KONZ-8-1-No	intbio_reads_NovogeneMay2025	KONZ	No	yes	533344	507093	95.08	475692	89.53	25391	4.78	ok
KONZ-8-1-Rh	intbio_reads_NovogeneMay2025	KONZ	Rh	yes	1236212	1187788	96.08	1127302	91.41	46212	3.75	ok
KONZ-8-1-Ro	intbio_reads_NovogeneMay2025	KONZ	Ro	yes	15615	14435	92.44	13020	83.78	1130	7.27	ok
KONZ-9-2-No	intbio_reads_NovogeneMay2025	KONZ	No	yes	5622675	5066261	90.10	4269254	76.48	548230	9.82	ok
KONZ-9-2-Rh	intbio_reads_NovogeneMay2025	KONZ	Rh	yes	53633	48724	90.85	43098	80.86	4551	8.54	ok
KONZ-9-2-Ro	intbio_reads_NovogeneMay2025	KONZ	Ro	yes	29307	27414	93.54	25268	86.47	1771	6.06	ok
LAJA-1-1-No	intbio_reads_NovogeneAugust2025	LAJA	No	yes	5122176	4684689	91.46	3559770	70.35	433293	8.56	ok
LAJA-1-1-Rh	intbio_reads_NovogeneAugust2025	LAJA	Rh	yes	59349	51330	86.49	42782	72.27	7897	13.34	ok
LAJA-1-1-Ro	intbio_reads_NovogeneAugust2025	LAJA	Ro	yes	18908	17539	92.76	15552	82.76	1311	6.98	ok
LAJA-1-2-No	intbio_reads_NovogeneAugust2025	LAJA	No	yes	2625185	2449597	93.31	2032086	78.24	169468	6.53	ok
LAJA-1-2-Rh	intbio_reads_NovogeneAugust2025	LAJA	Rh	yes	124843	109784	87.94	91228	73.49	14391	11.59	ok
LAJA-1-2-Ro	intbio_reads_NovogeneAugust2025	LAJA	Ro	yes	150419	138026	91.76	115244	77.32	11887	7.98	ok
LAJA-1-3-No	intbio_reads_NovogeneAugust2025	LAJA	No	yes	4797362	4655338	97.04	4351160	91.16	137240	2.88	ok
LAJA-1-3-Rh	intbio_reads_NovogeneAugust2025	LAJA	Rh	yes	371239	342015	92.13	290780	79.02	27834	7.56	ok
LAJA-1-3-Ro	intbio_reads_NovogeneAugust2025	LAJA	Ro	yes	339016	316783	93.44	269442	80.26	21397	6.37	ok
LAJA-10-1-No	intbio_reads_NovogeneAugust2025	LAJA	No	yes	1566154	1540563	98.37	1496228	95.89	24289	1.56	ok
LAJA-10-1-Rh	intbio_reads_NovogeneAugust2025	LAJA	Rh	yes	207330	188469	90.90	167902	81.28	18275	8.85	ok
LAJA-10-1-Ro	intbio_reads_NovogeneAugust2025	LAJA	Ro	yes	9092	8689	95.57	8142	89.85	337	3.72	ok
LAJA-11-3-No	intbio_reads_NovogeneAugust2025	LAJA	No	yes	6070596	5786305	95.32	5429754	89.67	281341	4.65	ok
LAJA-11-3-Rh	intbio_reads_NovogeneAugust2025	LAJA	Rh	yes	219922	208317	94.72	194548	89.12	10023	4.59	ok
LAJA-11-3-Ro	intbio_reads_NovogeneAugust2025	LAJA	Ro	yes	37900	36115	95.29	34030	90.17	1657	4.39	ok
LAJA-12-1-No	intbio_reads_NovogeneAugust2025	LAJA	No	yes	1954387	1852977	94.81	1678966	86.82	97594	5.05	ok
LAJA-12-1-Rh	intbio_reads_NovogeneAugust2025	LAJA	Rh	yes	135858	127505	93.85	118180	87.30	7337	5.42	ok
LAJA-12-1-Ro	intbio_reads_NovogeneAugust2025	LAJA	Ro	yes	64937	62091	95.62	57834	90.04	2568	4.00	ok
LAJA-13-3-No	intbio_reads_NovogeneAugust2025	LAJA	No	yes	55529914	55410298	99.78	54567778	98.60	115722	0.21	ok
LAJA-13-3-Rh	intbio_reads_NovogeneAugust2025	LAJA	Rh	yes	144525	135119	93.49	124446	86.37	8396	5.83	ok
LAJA-13-3-Ro	intbio_reads_NovogeneAugust2025	LAJA	Ro	yes	1302027	1291322	99.18	1268168	97.58	10051	0.77	ok
LAJA-14-1-No	intbio_reads_NovogeneAugust2025	LAJA	No	yes	3165852	3102579	98.00	3011862	95.39	60575	1.92	ok
LAJA-14-1-Rh	intbio_reads_NovogeneAugust2025	LAJA	Rh	yes	3057678	3005982	98.31	2924916	95.86	48206	1.58	ok
LAJA-14-1-Ro	intbio_reads_NovogeneAugust2025	LAJA	Ro	yes	370009	362597	98.00	350706	95.11	6782	1.84	ok
LAJA-15-1-No	intbio_reads_NovogeneAugust2025	LAJA	No	yes	15787996	14703363	93.13	13491532	85.60	1077755	6.84	ok
LAJA-15-1-Rh	intbio_reads_NovogeneAugust2025	LAJA	Rh	yes	573918	555979	96.87	533924	93.26	16853	2.94	ok
LAJA-15-1-Ro	intbio_reads_NovogeneAugust2025	LAJA	Ro	yes	404597	395038	97.64	383000	94.84	8567	2.12	ok
LAJA-16-2-No	intbio_reads_NovogeneAugust2025	LAJA	No	yes	7694841	7601310	98.78	7445878	96.98	87817	1.14	ok
LAJA-16-2-Rh	intbio_reads_NovogeneAugust2025	LAJA	Rh	yes	202639	198771	98.09	194726	96.10	2696	1.33	ok
LAJA-16-2-Ro	intbio_reads_NovogeneAugust2025	LAJA	Ro	yes	2000635	1937713	96.85	1864470	93.38	61258	3.07	ok
LAJA-17-1-No	intbio_reads_NovogeneAugust2025	LAJA	No	yes	4424964	4319428	97.61	4140706	94.22	98564	2.24	ok
LAJA-17-1-Rh	intbio_reads_NovogeneAugust2025	LAJA	Rh	yes	333094	321601	96.55	306242	92.51	10075	3.04	ok
LAJA-17-1-Ro	intbio_reads_NovogeneAugust2025	LAJA	Ro	yes	174666	167001	95.61	155304	89.77	6763	3.91	ok
LAJA-18-1-No	intbio_reads_NovogeneAugust2025	LAJA	No	yes	15566069	14775141	94.92	13856540	89.22	784704	5.05	ok
LAJA-18-1-Rh	intbio_reads_NovogeneAugust2025	LAJA	Rh	yes	248584	233320	93.86	214890	86.86	14556	5.88	ok
LAJA-18-1-Ro	intbio_reads_NovogeneAugust2025	LAJA	Ro	yes	102251	101936	99.69	101172	98.96	149	0.15	ok
LAJA-19-2-No	intbio_reads_NovogeneAugust2025	LAJA	No	yes	1876869	1846483	98.38	1796234	95.97	28350	1.51	ok
LAJA-19-2-Rh	intbio_reads_NovogeneAugust2025	LAJA	Rh	yes	186510	175846	94.28	162616	87.73	9618	5.19	ok
LAJA-19-2-Ro	intbio_reads_NovogeneAugust2025	LAJA	Ro	yes	30681	29915	97.50	28864	94.40	720	2.35	ok
LAJA-2-1-No	intbio_reads_NovogeneAugust2025	LAJA	No	yes	6095825	5890211	96.63	5361954	88.64	198450	3.28	ok
LAJA-2-1-Rh	intbio_reads_NovogeneAugust2025	LAJA	Rh	yes	567199	525209	92.60	467000	82.61	40274	7.12	ok
LAJA-2-1-Ro	intbio_reads_NovogeneAugust2025	LAJA	Ro	yes	422317	405905	96.11	372784	88.71	15928	3.79	ok
LAJA-2-2-No	intbio_reads_NovogeneAugust2025	LAJA	No	yes	4969872	4749034	95.56	4188348	84.97	215220	4.37	ok
LAJA-2-2-Rh	intbio_reads_NovogeneAugust2025	LAJA	Rh	yes	254361	230248	90.52	197292	78.34	22847	9.07	ok
LAJA-2-2-Ro	intbio_reads_NovogeneAugust2025	LAJA	Ro	yes	1458150	1349884	92.58	1115378	77.34	104608	7.25	ok
LAJA-2-3-No	intbio_reads_NovogeneAugust2025	LAJA	No	yes	22438206	22004341	98.07	21095274	94.56	432101	1.94	ok
LAJA-2-3-Rh	intbio_reads_NovogeneAugust2025	LAJA	Rh	yes	413000	387756	93.89	340452	83.14	24150	5.90	ok
LAJA-2-3-Ro	intbio_reads_NovogeneAugust2025	LAJA	Ro	yes	2705407	2609381	96.45	2401236	89.47	93546	3.49	ok
LAJA-20-1-No	intbio_reads_NovogeneMay2025	LAJA	No	yes	7404899	7265966	98.12	7063222	95.63	136101	1.84	ok
LAJA-20-1-Rh	intbio_reads_NovogeneAugust2025	LAJA	Rh	yes	145972	135709	92.97	123898	85.46	9391	6.48	ok
LAJA-20-1-Ro	intbio_reads_NovogeneMay2025	LAJA	Ro	yes	26826	25714	95.85	24254	90.84	1014	3.80	ok
LAJA-21-1-No	intbio_reads_NovogeneAugust2025	LAJA	No	yes	7727846	7426749	96.10	7071236	91.76	298609	3.87	ok
LAJA-21-1-Rh	intbio_reads_NovogeneMay2025	LAJA	Rh	yes	434567	411585	94.71	384810	88.60	22724	5.23	ok
LAJA-21-1-Ro	intbio_reads_NovogeneMay2025	LAJA	Ro	yes	67388	65156	96.69	62426	92.98	2118	3.15	ok
LAJA-22-2-No	intbio_reads_NovogeneMay2025	LAJA	No	yes	1020753	983806	96.38	920336	90.49	36059	3.55	ok
LAJA-22-2-Rh	intbio_reads_NovogeneMay2025	LAJA	Rh	yes	87532	80651	92.14	72556	83.43	6471	7.44	ok
LAJA-22-2-Ro	intbio_reads_NovogeneMay2025	LAJA	Ro	yes	13701	12948	94.50	11998	88.21	729	5.36	ok
LAJA-23-1-No	intbio_reads_NovogeneMay2025	LAJA	No	yes	9758727	9456338	96.90	8995702	92.68	296849	3.06	ok
LAJA-23-1-Rh	intbio_reads_NovogeneMay2025	LAJA	Rh	yes	3761594	3653509	97.13	3499768	93.40	105997	2.83	ok
LAJA-23-1-Ro	intbio_reads_NovogeneMay2025	LAJA	Ro	yes	33922	32642	96.23	31044	91.81	1222	3.61	ok
LAJA-24-2-No	intbio_reads_NovogeneAugust2025	LAJA	No	yes	396014	373146	94.23	345626	87.46	21992	5.57	ok
LAJA-24-2-Rh	intbio_reads_NovogeneAugust2025	LAJA	Rh	yes	64571	60199	93.23	55366	85.80	4030	6.25	ok
LAJA-24-2-Ro	intbio_reads_NovogeneAugust2025	LAJA	Ro	yes	3632	3335	91.82	2992	82.52	285	7.86	ok
LAJA-25-1-No	intbio_reads_NovogeneAugust2025	LAJA	No	yes	1607981	1489543	92.63	1318038	82.10	114742	7.15	ok
LAJA-25-1-Rh	intbio_reads_NovogeneAugust2025	LAJA	Rh	yes	81509	73524	90.20	62770	77.65	7325	9.06	ok
LAJA-25-1-Ro	intbio_reads_NovogeneAugust2025	LAJA	Ro	yes	36412	33945	93.22	31116	85.79	2237	6.17	ok
LAJA-26-1-No	intbio_reads_NovogeneAugust2025	LAJA	No	yes	1172176	1050244	89.60	886422	76.46	119348	10.29	ok
LAJA-26-1-Rh	intbio_reads_NovogeneAugust2025	LAJA	Rh	yes	106253	92234	86.81	76686	72.49	13259	12.53	ok
LAJA-26-1-Ro	intbio_reads_NovogeneAugust2025	LAJA	Ro	yes	27166	25549	94.05	23594	87.19	1535	5.67	ok
LAJA-3-1-No	intbio_reads_NovogeneAugust2025	LAJA	No	yes	2907510	2683164	92.28	2289894	79.90	222818	7.77	ok
LAJA-3-1-Rh	intbio_reads_NovogeneAugust2025	LAJA	Rh	yes	156164	147168	94.24	135988	87.53	8116	5.22	ok
LAJA-3-1-Ro	intbio_reads_NovogeneAugust2025	LAJA	Ro	yes	16434	15123	92.02	13484	82.33	1267	7.74	ok
LAJA-3-2-No	intbio_reads_NovogeneAugust2025	LAJA	No	yes	3408992	3119473	91.51	2657372	78.94	287303	8.53	ok
LAJA-3-2-Rh	intbio_reads_NovogeneAugust2025	LAJA	Rh	yes	2193020	1993464	90.90	1671246	77.26	198368	9.17	ok
LAJA-3-2-Ro	intbio_reads_NovogeneAugust2025	LAJA	Ro	yes	44623	39177	87.80	32908	74.11	5142	11.58	ok
LAJA-3-3-No	intbio_reads_NovogeneAugust2025	LAJA	No	yes	3340436	3067973	91.84	2587776	78.66	270697	8.23	ok
LAJA-3-3-Rh	intbio_reads_NovogeneAugust2025	LAJA	Rh	yes	260562	238032	91.35	206130	79.89	21526	8.34	ok
LAJA-3-3-Ro	intbio_reads_NovogeneAugust2025	LAJA	Ro	yes	26834	23642	88.10	20142	75.25	3008	11.24	ok
LAJA-4-1-No	intbio_reads_NovogeneAugust2025	LAJA	No	yes	1153606	1116087	96.75	1049186	91.68	35775	3.13	ok
LAJA-4-1-Rh	intbio_reads_NovogeneAugust2025	LAJA	Rh	yes	596280	563667	94.53	517858	87.44	31523	5.32	ok
LAJA-4-1-Ro	intbio_reads_NovogeneAugust2025	LAJA	Ro	yes	100779	94381	93.65	85408	85.29	5978	5.97	ok
LAJA-5-1-No	intbio_reads_NovogeneAugust2025	LAJA	No	yes	7457015	7326651	98.25	7067594	95.10	120662	1.62	ok
LAJA-5-1-Rh	intbio_reads_NovogeneAugust2025	LAJA	Rh	yes	167535	153701	91.74	139156	83.29	12380	7.41	ok
LAJA-5-1-Ro	intbio_reads_NovogeneAugust2025	LAJA	Ro	yes	20122	18672	92.79	17180	85.72	1294	6.46	ok
LAJA-6-1-No	intbio_reads_NovogeneAugust2025	LAJA	No	yes	2453079	2243807	91.47	1981586	81.02	204748	8.37	ok
LAJA-6-1-Rh	intbio_reads_NovogeneAugust2025	LAJA	Rh	yes	1114520	1069036	95.92	991436	89.38	43662	3.94	ok
LAJA-6-1-Ro	intbio_reads_NovogeneAugust2025	LAJA	Ro	yes	16539	15964	96.52	14966	90.84	529	3.21	ok
LAJA-7-1-No	intbio_reads_NovogeneAugust2025	LAJA	No	yes	6395617	6172042	96.50	5875012	92.19	217943	3.42	ok
LAJA-7-1-Rh	intbio_reads_NovogeneAugust2025	LAJA	Rh	yes	264085	248109	93.95	228574	87.04	15032	5.72	ok
LAJA-7-1-Ro	intbio_reads_NovogeneAugust2025	LAJA	Ro	yes	148925	142994	96.02	129590	88.42	5665	3.87	ok
LAJA-8-2-No	intbio_reads_NovogeneAugust2025	LAJA	No	yes	1349477	1291945	95.74	1210264	90.24	54844	4.09	ok
LAJA-8-2-Rh	intbio_reads_NovogeneAugust2025	LAJA	Rh	yes	136848	126060	92.12	113894	83.75	9754	7.17	ok
LAJA-8-2-Ro	intbio_reads_NovogeneAugust2025	LAJA	Ro	yes	46254	42647	92.20	38562	84.02	3251	7.08	ok
LAJA-9-1-No	intbio_reads_NovogeneAugust2025	LAJA	No	yes	12749859	12354235	96.90	11869132	93.32	384758	3.02	ok
LAJA-9-1-Rh	intbio_reads_NovogeneAugust2025	LAJA	Rh	yes	3660702	3585769	97.95	3489536	95.54	72031	1.97	ok
LAJA-9-1-Ro	intbio_reads_NovogeneAugust2025	LAJA	Ro	yes	1475561	1411403	95.65	1322588	90.06	61188	4.17	ok
LENO-1-1-No	intbio_reads_NovogeneMay2025	LENO	No	yes	2183924	2106460	96.45	2006992	92.14	75064	3.45	ok
LENO-1-1-Rh	intbio_reads_NovogeneMay2025	LENO	Rh	yes	236643	220731	93.28	202520	85.93	15192	6.45	ok
LENO-1-1-Ro	intbio_reads_NovogeneMay2025	LENO	Ro	yes	294008	275124	93.58	252068	86.21	17688	6.05	ok
LENO-10-2-No	intbio_reads_NovogeneMay2025	LENO	No	yes	3644070	3387560	92.96	3085458	84.97	251658	6.93	ok
LENO-10-2-Rh	intbio_reads_NovogeneMay2025	LENO	Rh	yes	19403	18505	95.37	15946	82.65	882	4.57	ok
LENO-10-2-Ro	intbio_reads_NovogeneMay2025	LENO	Ro	yes	38924	36019	92.54	32646	83.89	2835	7.28	ok
LENO-12-3-No	intbio_reads_NovogeneMay2025	LENO	No	yes	1332900	1308814	98.19	1273340	95.63	22922	1.72	ok
LENO-12-3-Rh	intbio_reads_NovogeneMay2025	LENO	Rh	yes	7422	7104	95.72	6760	91.13	310	4.18	ok
LENO-12-3-Ro	intbio_reads_NovogeneMay2025	LENO	Ro	yes	229165	202108	88.19	174350	76.25	26167	11.44	ok
LENO-13-2-No	intbio_reads_NovogeneMay2025	LENO	No	yes	6692300	6441153	96.25	6116018	91.61	242661	3.63	ok
LENO-13-2-Rh	intbio_reads_NovogeneMay2025	LENO	Rh	yes	117234	104551	89.18	91196	77.89	12195	10.42	ok
LENO-13-2-Ro	intbio_reads_NovogeneMay2025	LENO	Ro	yes	77902	75033	96.32	71266	91.71	2725	3.51	ok
LENO-14-3-No	intbio_reads_NovogeneMay2025	LENO	No	yes	3376951	3256066	96.42	3099280	92.05	116443	3.46	ok
LENO-14-3-Rh	intbio_reads_NovogeneMay2025	LENO	Rh	yes	51648	49357	95.56	46948	90.98	2269	4.40	ok
LENO-14-3-Ro	intbio_reads_NovogeneMay2025	LENO	Ro	yes	414717	391777	94.47	363742	88.06	22260	5.39	ok
LENO-15-2-No	intbio_reads_NovogeneAugust2025	LENO	No	yes	2364967	2174572	91.95	1796144	76.09	188275	7.98	ok
LENO-15-2-Rh	intbio_reads_NovogeneAugust2025	LENO	Rh	yes	39898	36993	92.72	33792	85.05	2855	7.19	ok
LENO-15-2-Ro	intbio_reads_NovogeneMay2025	LENO	Ro	yes	5509	5338	96.90	5122	93.06	129	2.34	ok
LENO-16-2-No	intbio_reads_NovogeneAugust2025	LENO	No	yes	2916182	2781990	95.40	2418520	83.11	132772	4.56	ok
LENO-16-2-Rh	intbio_reads_NovogeneAugust2025	LENO	Rh	yes	200136	181858	90.87	158874	79.69	18110	9.08	ok
LENO-16-2-Ro	intbio_reads_NovogeneMay2025	LENO	Ro	yes	77438	71517	92.35	65226	84.57	5461	7.08	ok
LENO-2-1-No	intbio_reads_NovogeneMay2025	LENO	No	yes	4380153	4025791	91.91	3598636	82.36	346936	7.94	ok
LENO-2-1-Rh	intbio_reads_NovogeneMay2025	LENO	Rh	yes	227244	211676	93.15	186876	83.71	14888	6.67	ok
LENO-2-1-Ro	intbio_reads_NovogeneMay2025	LENO	Ro	yes	115446	105778	91.63	96608	83.70	9038	7.83	ok
LENO-3-2-No	intbio_reads_NovogeneMay2025	LENO	No	yes	5255772	5098511	97.01	4891878	93.37	153807	2.94	ok
LENO-3-2-Rh	intbio_reads_NovogeneMay2025	LENO	Rh	yes	15814	15427	97.55	14972	94.76	361	2.28	ok
LENO-3-2-Ro	intbio_reads_NovogeneMay2025	LENO	Ro	yes	246005	235211	95.61	221746	90.44	10452	4.26	ok
LENO-4-3-No	intbio_reads_NovogeneMay2025	LENO	No	yes	699001	684367	97.91	661880	95.12	13946	2.00	ok
LENO-4-3-Rh	intbio_reads_NovogeneMay2025	LENO	Rh	yes	209350	190372	90.93	169092	81.21	18474	8.87	ok
LENO-4-3-Ro	intbio_reads_NovogeneMay2025	LENO	Ro	yes	18505	17239	93.16	15978	86.46	1220	6.60	ok
LENO-5-2-No	intbio_reads_NovogeneMay2025	LENO	No	yes	10411964	10010415	96.14	9370842	90.10	393177	3.78	ok
LENO-5-2-Rh	intbio_reads_NovogeneMay2025	LENO	Rh	yes	91839	82139	89.44	71192	77.82	9174	10.03	ok
LENO-5-2-Ro	intbio_reads_NovogeneMay2025	LENO	Ro	yes	89549	84258	94.09	78130	87.69	4845	5.44	ok
LENO-6-1-No	intbio_reads_NovogeneMay2025	LENO	No	yes	7403010	7044547	95.16	6644582	89.88	354101	4.79	ok
LENO-6-1-Rh	intbio_reads_NovogeneMay2025	LENO	Rh	yes	204235	191386	93.71	176300	86.60	11993	5.89	ok
LENO-6-1-Ro	intbio_reads_NovogeneMay2025	LENO	Ro	yes	76621	72765	94.97	68406	89.56	3642	4.77	ok
LENO-7-2-No	intbio_reads_NovogeneMay2025	LENO	No	yes	1497776	1457300	97.30	1387152	92.74	38792	2.59	ok
LENO-7-2-Rh	intbio_reads_NovogeneMay2025	LENO	Rh	yes	236406	220804	93.40	204358	86.69	14234	6.04	ok
LENO-7-2-Ro	intbio_reads_NovogeneMay2025	LENO	Ro	yes	24126	23081	95.67	22204	92.06	819	3.40	ok
LENO-8-3-No	intbio_reads_NovogeneMay2025	LENO	No	yes	3173153	3095523	97.55	3001940	94.74	75640	2.39	ok
LENO-8-3-Rh	intbio_reads_NovogeneMay2025	LENO	Rh	yes	116715	100666	86.25	80286	69.77	15757	13.69	ok
LENO-8-3-Ro	intbio_reads_NovogeneMay2025	LENO	Ro	yes	306627	271526	88.55	232118	75.98	34305	11.23	ok
LENO-9-2-No	intbio_reads_NovogeneMay2025	LENO	No	yes	7231057	6873898	95.06	6312000	87.38	350157	4.85	ok
LENO-9-2-Rh	intbio_reads_NovogeneMay2025	LENO	Rh	yes	5367785	5239828	97.62	5006570	93.35	122501	2.28	ok
LENO-9-2-Ro	intbio_reads_NovogeneMay2025	LENO	Ro	yes	8471	8167	96.41	7790	92.17	270	3.19	ok
MC-1	intbio_reads_NovogeneMay2025	MC	MC	yes	113092	97812	86.49	82816	73.25	14906	13.18	ok
MC-2	intbio_reads_NovogeneMay2025	MC	MC	yes	51011	42945	84.19	34916	68.48	7958	15.61	ok
MLBS-1-1-No	intbio_reads_NovogeneMay2025	MLBS	No	yes	1552512	1481430	95.42	1339242	86.41	69322	4.47	ok
MLBS-1-1-Rh	intbio_reads_NovogeneMay2025	MLBS	Rh	yes	83431	71383	85.56	57504	69.16	11806	14.20	ok
MLBS-1-1-Ro	intbio_reads_NovogeneMay2025	MLBS	Ro	yes	187334	180550	96.38	172024	92.42	5778	3.10	ok
MLBS-1-2-No	intbio_reads_NovogeneDecember2025	MLBS	No	yes	1889433	1840591	97.41	1655722	87.80	47320	2.51	ok
MLBS-1-2-Rh	intbio_reads_NovogeneDecember2025	MLBS	Rh	yes	373821	333485	89.21	291354	78.10	37966	10.18	ok
MLBS-1-2-Ro	intbio_reads_NovogeneDecember2025	MLBS	Ro	yes	63893	58614	91.74	52702	82.94	4957	7.80	ok
MLBS-1-3-No	intbio_reads_NovogeneDecember2025	MLBS	No	yes	5039475	4934817	97.92	4656212	92.57	100144	1.99	ok
MLBS-1-3-Rh	intbio_reads_NovogeneDecember2025	MLBS	Rh	yes	10287	10129	98.46	9930	96.73	152	1.48	ok
MLBS-1-3-Ro	intbio_reads_NovogeneDecember2025	MLBS	Ro	yes	96382	92124	95.58	87450	91.12	3574	3.72	ok
MLBS-2-1-No	intbio_reads_NovogeneAugust2025	MLBS	No	yes	231724	203992	88.03	150688	66.65	27394	12.12	ok
MLBS-2-1-Rh	intbio_reads_NovogeneMay2025	MLBS	Rh	yes	52885	45968	86.92	38084	72.25	6705	12.72	ok
MLBS-2-1-Ro	intbio_reads_NovogeneMay2025	MLBS	Ro	yes	20015	19274	96.30	18532	92.86	601	3.01	ok
N13-2-D-No	intbio_reads_NovogeneMay2025	N13	No	yes	14896585	14687622	98.60	14447710	96.99	206355	1.39	ok
N13-2-D-Rh	intbio_reads_NovogeneMay2025	N13	Rh	yes	179965	177397	98.57	167260	93.83	2278	1.28	ok
N13-2-D-Ro	intbio_reads_NovogeneMay2025	N13	Ro	yes	961831	948242	98.59	934266	97.14	13435	1.40	ok
N34-2-D-No	intbio_reads_NovogeneMay2025	N34	No	yes	1852910	1736966	93.74	1590362	86.09	113076	6.12	ok
N34-2-D-Rh	intbio_reads_NovogeneMay2025	N34	Rh	yes	64138	57198	89.18	48330	75.83	6740	10.58	ok
N34-2-D-Ro	intbio_reads_NovogeneMay2025	N34	Ro	yes	14623	13694	93.65	12614	86.68	883	6.07	ok
N35-4-D-No	intbio_reads_NovogeneMay2025	N35	No	yes	5735293	5322890	92.81	4597422	80.78	407709	7.16	ok
N35-4-D-Rh	intbio_reads_NovogeneMay2025	N35	Rh	yes	27614	26910	97.45	25578	92.64	658	2.38	ok
N35-4-D-Ro	intbio_reads_NovogeneMay2025	N35	Ro	yes	22480	20626	91.75	17638	78.92	1784	7.98	ok
N36-4-D-No	intbio_reads_NovogeneMay2025	N36	No	yes	7679063	7500010	97.67	7264942	94.92	175257	2.29	ok
N36-4-D-Rh	intbio_reads_NovogeneMay2025	N36	Rh	yes	1804393	1750041	96.99	1676462	93.25	53150	2.96	ok
N36-4-D-Ro	intbio_reads_NovogeneMay2025	N36	Ro	yes	188822	184339	97.63	177632	94.48	4317	2.30	ok
N38-2-D-No	intbio_reads_NovogeneMay2025	N38	No	yes	4054595	3954106	97.52	3757012	93.15	96441	2.39	ok
N38-2-D-Rh	intbio_reads_NovogeneMay2025	N38	Rh	yes	61291	59142	96.49	55158	90.58	2115	3.47	ok
N38-2-D-Ro	intbio_reads_NovogeneMay2025	N38	Ro	yes	1208229	1180399	97.70	1119812	93.11	26616	2.21	ok
N39-2-D-No	intbio_reads_NovogeneMay2025	N39	No	yes	1232730	1126300	91.37	992998	80.77	104610	8.51	ok
N39-2-D-Rh	intbio_reads_NovogeneMay2025	N39	Rh	yes	770298	737225	95.71	690456	90.01	31361	4.09	ok
N39-2-D-Ro	intbio_reads_NovogeneMay2025	N39	Ro	yes	11781	11130	94.47	10220	87.73	629	5.40	ok
N49-3-D-No	intbio_reads_NovogeneMay2025	N49	No	yes	1623211	1541162	94.95	1417324	87.98	79413	4.93	ok
N49-3-D-Rh	intbio_reads_NovogeneMay2025	N49	Rh	yes	163433	150530	92.11	135356	83.25	12245	7.53	ok
N49-3-D-Ro	intbio_reads_NovogeneMay2025	N49	Ro	yes	1837	1719	93.58	1576	86.21	106	5.80	ok
NIWO-1-No	intbio_reads_NovogeneAugust2025	NIWO	No	yes	16470925	15938688	96.77	15302338	92.91	531149	3.22	ok
NIWO-1-Rh	intbio_reads_NovogeneAugust2025	NIWO	Rh	yes	349094	303709	87.00	243592	70.71	44601	12.95	ok
NIWO-1-Ro	intbio_reads_NovogeneAugust2025	NIWO	Ro	yes	202912	178942	88.19	151314	75.23	23690	11.78	ok
NIWO-2-No	intbio_reads_NovogeneAugust2025	NIWO	No	yes	282776	245728	86.90	203006	72.69	35936	12.87	ok
NIWO-2-Rh	intbio_reads_NovogeneAugust2025	NIWO	Rh	yes	65759	56726	86.26	46494	71.09	8889	13.59	ok
NIWO-2-Ro	intbio_reads_NovogeneAugust2025	NIWO	Ro	yes	25527	25022	98.02	24174	94.70	503	1.97	ok
NOGP-1-1-No	intbio_reads_NovogeneAugust2025	NOGP	No	yes	8026540	7989700	99.54	7871908	98.27	36056	0.45	ok
NOGP-1-1-Rh	intbio_reads_NovogeneAugust2025	NOGP	Rh	yes	251836	245050	97.31	235088	94.01	6066	2.43	ok
NOGP-1-1-Ro	intbio_reads_NovogeneAugust2025	NOGP	Ro	yes	10362	10122	97.68	9778	94.69	188	1.82	ok
NOGP-2-1-No	intbio_reads_NovogeneAugust2025	NOGP	No	yes	85459099	85436464	99.97	84938486	99.74	21483	0.03	ok
NOGP-2-1-Rh	intbio_reads_NovogeneAugust2025	NOGP	Rh	yes	256693	250135	97.45	238318	93.72	5508	2.17	ok
NOGP-2-1-Ro	intbio_reads_NovogeneAugust2025	NOGP	Ro	yes	3913836	3889460	99.38	3808730	97.90	24132	0.62	ok
NOGP-3-2-No	intbio_reads_NovogeneAugust2025	NOGP	No	yes	20940065	20863311	99.63	20577602	98.51	75596	0.36	ok
NOGP-3-2-Rh	intbio_reads_NovogeneAugust2025	NOGP	Rh	yes	92531	89301	96.51	83266	90.66	3080	3.35	ok
NOGP-3-2-Ro	intbio_reads_NovogeneAugust2025	NOGP	Ro	yes	216177	212488	98.29	205504	95.40	3613	1.68	ok
NOGP-4-1-No	intbio_reads_NovogeneAugust2025	NOGP	No	yes	7937	7392	93.13	6798	85.90	531	6.71	ok
NOGP-4-1-Rh	intbio_reads_NovogeneAugust2025	NOGP	Rh	yes	85335	73392	86.00	60614	71.20	11631	13.66	ok
NOGP-4-1-Ro	intbio_reads_NovogeneAugust2025	NOGP	Ro	yes	12456495	12302291	98.76	12033570	96.90	153886	1.24	ok
NOGP-5-2-No	intbio_reads_NovogeneAugust2025	NOGP	No	yes	17943454	17712261	98.71	17291120	96.71	230605	1.29	ok
NOGP-5-2-Rh	intbio_reads_NovogeneAugust2025	NOGP	Rh	yes	104484	95208	91.12	83986	80.91	9120	8.79	ok
NOGP-5-2-Ro	intbio_reads_NovogeneAugust2025	NOGP	Ro	yes	1447912	1426287	98.51	1388334	96.34	21571	1.50	ok
NOGP-6-3-No	intbio_reads_NovogeneAugust2025	NOGP	No	yes	21719811	21486928	98.93	20900686	96.57	231165	1.07	ok
NOGP-6-3-Rh	intbio_reads_NovogeneAugust2025	NOGP	Rh	yes	79402	70610	88.93	59400	75.33	8570	10.87	ok
NOGP-6-3-Ro	intbio_reads_NovogeneAugust2025	NOGP	Ro	yes	262827	255770	97.31	246604	94.07	7021	2.68	ok
NOGP-7-2-No	intbio_reads_NovogeneAugust2025	NOGP	No	yes	455934	404204	88.65	336784	74.05	50228	11.04	ok
NOGP-7-2-Rh	intbio_reads_NovogeneAugust2025	NOGP	Rh	yes	225719	201294	89.18	170628	76.36	23473	10.50	ok
NOGP-7-2-Ro	intbio_reads_NovogeneAugust2025	NOGP	Ro	yes	9174	7722	84.17	6744	73.61	936	10.22	ok
OAES-1-1-No	intbio_reads_NovogeneMay2025	OAES	No	yes	8278952	8091223	97.73	7644430	92.60	179983	2.18	ok
OAES-1-1-Rh	intbio_reads_NovogeneMay2025	OAES	Rh	yes	70476	63886	90.65	56192	79.81	6374	9.05	ok
OAES-1-1-Ro	intbio_reads_NovogeneMay2025	OAES	Ro	yes	14260	12370	86.75	9928	69.88	1822	12.82	ok
OAES-10-1-No	intbio_reads_NovogeneMay2025	OAES	No	yes	6526730	6386879	97.86	6082924	93.53	134929	2.07	ok
OAES-10-1-Rh	intbio_reads_NovogeneMay2025	OAES	Rh	yes	225259	207699	92.20	191544	85.04	15800	7.01	ok
OAES-10-1-Ro	intbio_reads_NovogeneMay2025	OAES	Ro	yes	3833538	3717215	96.97	3479408	91.16	112929	2.96	ok
OAES-11-1-No	intbio_reads_NovogeneMay2025	OAES	No	yes	6562194	6339459	96.61	5928624	90.57	216171	3.30	ok
OAES-11-1-Rh	intbio_reads_NovogeneMay2025	OAES	Rh	yes	44087	40259	91.32	35750	81.50	3572	8.14	ok
OAES-11-1-Ro	intbio_reads_NovogeneMay2025	OAES	Ro	yes	3458	3369	97.43	3220	93.71	83	2.42	ok
OAES-12-2-No	intbio_reads_NovogeneMay2025	OAES	No	yes	4304788	4045410	93.97	3649308	85.20	255484	5.96	ok
OAES-12-2-Rh	intbio_reads_NovogeneMay2025	OAES	Rh	yes	28350	25501	89.95	21742	77.57	2701	9.64	ok
OAES-12-2-Ro	intbio_reads_NovogeneMay2025	OAES	Ro	yes	4014362	3852313	95.96	3550794	88.95	157903	3.96	ok
OAES-13-1-No	intbio_reads_NovogeneMay2025	OAES	No	yes	36302	33457	92.16	30162	83.11	2791	7.69	ok
OAES-13-1-Rh	intbio_reads_NovogeneMay2025	OAES	Rh	yes	19252	18038	93.69	16716	87.19	1142	5.96	ok
OAES-13-1-Ro	intbio_reads_NovogeneMay2025	OAES	Ro	yes	28906	26663	92.24	24302	84.14	2185	7.57	ok
OAES-13-2-No	intbio_reads_NovogeneDecember2025	OAES	No	yes	3866982	3861271	99.85	3833684	99.21	5419	0.14	ok
OAES-13-2-Rh	intbio_reads_NovogeneDecember2025	OAES	Rh	yes	693048	663393	95.72	630894	91.13	27733	4.01	ok
OAES-13-2-Ro	intbio_reads_NovogeneDecember2025	OAES	Ro	yes	306513	304832	99.45	301908	98.52	1573	0.51	ok
OAES-14-1-No	intbio_reads_NovogeneMay2025	OAES	No	yes	45079319	43090723	95.59	40714938	90.69	1981794	4.41	ok
OAES-14-1-Rh	intbio_reads_NovogeneMay2025	OAES	Rh	yes	98243	89045	90.64	78978	80.67	8718	8.90	ok
OAES-14-1-Ro	intbio_reads_NovogeneMay2025	OAES	Ro	yes	75467	72627	96.24	69056	91.84	2742	3.65	ok
OAES-15-No	intbio_reads_NovogeneMay2025	OAES	No	yes	3036628	2915096	96.00	2673476	88.28	118982	3.93	ok
OAES-15-Rh	intbio_reads_NovogeneMay2025	OAES	Rh	yes	70281	69283	98.58	68226	97.10	988	1.41	ok
OAES-15-Ro	intbio_reads_NovogeneMay2025	OAES	Ro	yes	192982	184021	95.36	167070	86.79	8803	4.57	ok
OAES-16-1-No	intbio_reads_NovogeneMay2025	OAES	No	yes	10631988	10135167	95.33	9067230	85.84	486849	4.61	ok
OAES-16-1-Rh	intbio_reads_NovogeneMay2025	OAES	Rh	yes	1501954	1475142	98.21	1420274	95.12	24754	1.66	ok
OAES-16-1-Ro	intbio_reads_NovogeneMay2025	OAES	Ro	yes	409635	401193	97.94	384102	93.84	7884	1.93	ok
OAES-17-No	intbio_reads_NovogeneMay2025	OAES	No	yes	103439	101631	98.25	98330	95.45	1666	1.62	ok
OAES-17-Rh	intbio_reads_NovogeneMay2025	OAES	Rh	yes	69412	67843	97.74	65858	95.11	1409	2.03	ok
OAES-17-Ro	intbio_reads_NovogeneMay2025	OAES	Ro	yes	14308358	14168660	99.02	13847946	97.08	132070	0.93	ok
OAES-18-3-No	intbio_reads_NovogeneMay2025	OAES	No	yes	35658	34966	98.06	33912	96.08	550	1.56	ok
OAES-18-3-Rh	intbio_reads_NovogeneMay2025	OAES	Rh	yes	155157	149703	96.48	144174	93.19	4282	2.77	ok
OAES-18-3-Ro	intbio_reads_NovogeneMay2025	OAES	Ro	yes	15649	15287	97.69	14840	94.88	282	1.80	ok
OAES-2-1-No	intbio_reads_NovogeneMay2025	OAES	No	yes	36734182	36331388	98.90	35644408	97.31	400754	1.09	ok
OAES-2-1-Rh	intbio_reads_NovogeneMay2025	OAES	Rh	yes	21198	18132	85.54	14760	70.80	2968	14.24	ok
OAES-2-1-Ro	intbio_reads_NovogeneMay2025	OAES	Ro	yes	533670	529151	99.15	520266	97.80	4473	0.84	ok
OAES-20-No	intbio_reads_NovogeneMay2025	OAES	No	yes	5745	5596	97.41	5408	94.35	141	2.46	ok
OAES-20-Rh	intbio_reads_NovogeneMay2025	OAES	Rh	yes	314349	309260	98.38	293006	94.16	4837	1.55	ok
OAES-20-Ro	intbio_reads_NovogeneMay2025	OAES	Ro	yes	14387	14092	97.95	13352	94.31	283	2.00	ok
OAES-21-3-No	intbio_reads_NovogeneMay2025	OAES	No	yes	9164486	8909749	97.22	8354086	91.52	248029	2.72	ok
OAES-21-3-Rh	intbio_reads_NovogeneMay2025	OAES	Rh	yes	196745	185492	94.28	170076	87.63	10979	5.66	ok
OAES-21-3-Ro	intbio_reads_NovogeneMay2025	OAES	Ro	yes	6131	5897	96.18	5502	90.17	220	3.61	ok
OAES-22-1-No	intbio_reads_NovogeneMay2025	OAES	No	yes	15672436	14579120	93.02	13310510	85.38	1089522	6.99	ok
OAES-22-1-Rh	intbio_reads_NovogeneMay2025	OAES	Rh	yes	694794	663874	95.55	621284	89.54	29542	4.26	ok
OAES-22-1-Ro	intbio_reads_NovogeneMay2025	OAES	Ro	yes	3621	3500	96.66	3290	91.09	119	3.29	ok
OAES-23-1-No	intbio_reads_NovogeneMay2025	OAES	No	yes	6505187	6304079	96.91	5908492	91.24	196418	3.03	ok
OAES-23-1-Rh	intbio_reads_NovogeneMay2025	OAES	Rh	yes	2194869	2142821	97.63	2066374	94.35	48840	2.23	ok
OAES-23-1-Ro	intbio_reads_NovogeneMay2025	OAES	Ro	yes	2488919	2440293	98.05	2333444	94.23	46646	1.88	ok
OAES-25-1-No	intbio_reads_NovogeneMay2025	OAES	No	yes	6690763	6520576	97.46	6040378	90.96	164277	2.47	ok
OAES-25-1-Rh	intbio_reads_NovogeneMay2025	OAES	Rh	yes	286915	273970	95.49	252716	88.70	12419	4.36	ok
OAES-25-1-Ro	intbio_reads_NovogeneMay2025	OAES	Ro	yes	14130	13775	97.49	12702	90.25	345	2.45	ok
OAES-26-1-No	intbio_reads_NovogeneMay2025	OAES	No	yes	5308577	5066078	95.43	4626900	87.57	237669	4.50	ok
OAES-26-1-Rh	intbio_reads_NovogeneMay2025	OAES	Rh	yes	548598	534643	97.46	500732	92.37	13051	2.41	ok
OAES-26-1-Ro	intbio_reads_NovogeneMay2025	OAES	Ro	yes	98954	96611	97.63	92384	93.76	2249	2.28	ok
OAES-27-2-No	intbio_reads_NovogeneMay2025	OAES	No	yes	3195343	3124479	97.78	2974274	93.31	68400	2.15	ok
OAES-27-2-Rh	intbio_reads_NovogeneMay2025	OAES	Rh	yes	84408	76851	91.05	63278	77.31	7205	8.80	ok
OAES-27-2-Ro	intbio_reads_NovogeneMay2025	OAES	Ro	yes	353197	333636	94.46	309796	87.84	19139	5.43	ok
OAES-28-1-No	intbio_reads_NovogeneMay2025	OAES	No	yes	6892967	6593468	95.66	6068904	88.41	293237	4.27	ok
OAES-28-1-Rh	intbio_reads_NovogeneMay2025	OAES	Rh	yes	56672	48662	85.87	35642	63.53	7762	13.84	ok
OAES-28-1-Ro	intbio_reads_NovogeneMay2025	OAES	Ro	yes	64106	55564	86.68	46688	73.29	8376	13.15	ok
OAES-29-1-No	intbio_reads_NovogeneMay2025	OAES	No	yes	3003997	2922027	97.27	2738572	91.38	79106	2.64	ok
OAES-29-1-Rh	intbio_reads_NovogeneMay2025	OAES	Rh	yes	114889	98954	86.13	80728	70.86	15499	13.60	ok
OAES-29-1-Ro	intbio_reads_NovogeneMay2025	OAES	Ro	yes	48110	43040	89.46	37464	77.98	4934	10.27	ok
OAES-3-1-No	intbio_reads_NovogeneMay2025	OAES	No	yes	7015724	6817659	97.18	6461238	92.71	191099	2.74	ok
OAES-3-1-Rh	intbio_reads_NovogeneMay2025	OAES	Rh	yes	40146	35617	88.72	31084	77.45	4435	11.05	ok
OAES-3-1-Ro	intbio_reads_NovogeneMay2025	OAES	Ro	yes	16694	16197	97.02	15310	92.04	471	2.83	ok
OAES-30-1-No	intbio_reads_NovogeneDecember2025	OAES	No	yes	118886	117146	98.54	114558	96.68	1394	1.18	ok
OAES-30-1-Rh	intbio_reads_NovogeneDecember2025	OAES	Rh	yes	96378	90070	93.45	77422	80.33	5842	6.06	ok
OAES-30-1-Ro	intbio_reads_NovogeneDecember2025	OAES	Ro	yes	522416	503684	96.41	464756	89.07	15478	2.97	ok
OAES-30-2-No	intbio_reads_NovogeneMay2025	OAES	No	yes	222420	211212	94.96	191456	86.42	10830	4.89	ok
OAES-30-2-Rh	intbio_reads_NovogeneMay2025	OAES	Rh	yes	88500	80146	90.56	71428	80.96	8146	9.23	ok
OAES-30-2-Ro	intbio_reads_NovogeneMay2025	OAES	Ro	yes	1787	1688	94.46	1538	86.21	95	5.33	ok
OAES-30-3-Rh	intbio_reads_NovogeneDecember2025	OAES	Rh	yes	1547910	1468663	94.88	1390112	89.98	70543	4.57	ok
OAES-30-3-Ro	intbio_reads_NovogeneDecember2025	OAES	Ro	yes	13157	12890	97.97	12714	96.77	125	0.95	ok
OAES-31-1-No	intbio_reads_NovogeneMay2025	OAES	No	yes	593480	574834	96.86	539564	90.98	17946	3.03	ok
OAES-31-1-Rh	intbio_reads_NovogeneMay2025	OAES	Rh	yes	346730	331686	95.66	312896	90.76	13044	3.78	ok
OAES-31-1-Ro	intbio_reads_NovogeneMay2025	OAES	Ro	yes	17930	17029	94.97	16100	90.03	779	4.36	ok
OAES-32-1-No	intbio_reads_NovogeneMay2025	OAES	No	yes	5212627	4945121	94.87	4464374	85.92	263970	5.08	ok
OAES-32-1-Rh	intbio_reads_NovogeneMay2025	OAES	Rh	yes	72229	65108	90.14	58000	80.32	7023	9.73	ok
OAES-32-1-Ro	intbio_reads_NovogeneMay2025	OAES	Ro	yes	12315	11655	94.64	10764	87.78	634	5.17	ok
OAES-33-1-No	intbio_reads_NovogeneMay2025	OAES	No	yes	3308711	3226299	97.51	3038156	92.45	79546	2.42	ok
OAES-33-1-Rh	intbio_reads_NovogeneMay2025	OAES	Rh	yes	76047	66950	88.04	56456	74.31	8899	11.71	ok
OAES-33-1-Ro	intbio_reads_NovogeneMay2025	OAES	Ro	yes	93950	85962	91.50	77086	82.84	7716	8.29	ok
OAES-34-1-No	intbio_reads_NovogeneMay2025	OAES	No	yes	7878032	7733611	98.17	7386690	94.00	135495	1.72	ok
OAES-34-1-Rh	intbio_reads_NovogeneMay2025	OAES	Rh	yes	127865	117496	91.89	102434	80.24	10147	7.95	ok
OAES-34-1-Ro	intbio_reads_NovogeneMay2025	OAES	Ro	yes	55725	50349	90.35	43956	79.63	5240	9.49	ok
OAES-35-1-No	intbio_reads_NovogeneMay2025	OAES	No	yes	192169	187295	97.46	180326	94.12	4326	2.26	ok
OAES-35-1-Rh	intbio_reads_NovogeneMay2025	OAES	Rh	yes	608571	573288	94.20	526646	86.64	34547	5.68	ok
OAES-35-1-Ro	intbio_reads_NovogeneMay2025	OAES	Ro	yes	321991	313023	97.21	299036	93.26	8474	2.64	ok
OAES-35-3-No	intbio_reads_NovogeneAugust2025	OAES	No	yes	3730331	3468739	92.99	3054816	81.99	258250	6.93	ok
OAES-35-3-Rh	intbio_reads_NovogeneAugust2025	OAES	Rh	yes	280110	231025	82.48	178374	63.68	48367	17.27	ok
OAES-35-3-Ro	intbio_reads_NovogeneAugust2025	OAES	Ro	yes	107790	100712	93.43	90962	84.50	6960	6.47	ok
OAES-36-2-No	intbio_reads_NovogeneAugust2025	OAES	No	yes	6120433	6037445	98.64	5872670	96.26	82714	1.36	ok
OAES-36-2-Rh	intbio_reads_NovogeneAugust2025	OAES	Rh	yes	251540	205361	81.64	155284	61.91	45595	18.18	ok
OAES-36-2-Ro	intbio_reads_NovogeneAugust2025	OAES	Ro	yes	836878	690503	82.51	522288	62.86	143249	17.24	ok
OAES-36-3-No	intbio_reads_NovogeneAugust2025	OAES	No	yes	3191365	3108533	97.40	2986870	93.94	81816	2.57	ok
OAES-36-3-Rh	intbio_reads_NovogeneAugust2025	OAES	Rh	yes	1401079	1297809	92.63	1162824	83.48	101632	7.30	ok
OAES-36-3-Ro	intbio_reads_NovogeneAugust2025	OAES	Ro	yes	327352	287164	87.72	242660	74.36	39356	12.06	ok
OAES-37-2-No	intbio_reads_NovogeneAugust2025	OAES	No	yes	392541	331951	84.56	256458	65.71	59892	15.35	ok
OAES-37-2-Rh	intbio_reads_NovogeneAugust2025	OAES	Rh	yes	299803	249910	83.36	195850	65.53	49351	16.51	ok
OAES-37-2-Ro	intbio_reads_NovogeneAugust2025	OAES	Ro	yes	13097	12213	93.25	11184	85.58	846	6.47	ok
OAES-4-1-No	intbio_reads_NovogeneMay2025	OAES	No	yes	7706386	7456621	96.76	6877320	89.66	242147	3.16	ok
OAES-4-1-Rh	intbio_reads_NovogeneMay2025	OAES	Rh	yes	56585	51923	91.76	45930	81.99	4526	8.08	ok
OAES-4-1-Ro	intbio_reads_NovogeneMay2025	OAES	Ro	yes	145806	139266	95.51	126988	87.39	6374	4.39	ok
OAES-5-Rh	intbio_reads_NovogeneMay2025	OAES	Rh	yes	699766	658744	94.14	596250	85.58	40060	5.75	ok
OAES-5-Ro	intbio_reads_NovogeneMay2025	OAES	Ro	yes	9026	8816	97.67	8490	94.44	186	2.07	ok
OAES-6-1-No	intbio_reads_NovogeneJuly2024	OAES	No	yes	5481953	5209314	95.03	4709414	86.15	264901	4.85	ok
OAES-6-1-Rh	intbio_reads_NovogeneJuly2024	OAES	Rh	yes	58849	55202	93.80	51368	87.59	3099	5.28	ok
OAES-6-1-Ro	intbio_reads_NovogeneJuly2024	OAES	Ro	yes	489483	472148	96.46	444450	91.22	16661	3.42	ok
OAES-7-1-No	intbio_reads_NovogeneJuly2024	OAES	No	yes	7062960	6676180	94.52	6015190	85.43	376792	5.35	ok
OAES-7-1-Rh	intbio_reads_NovogeneJuly2024	OAES	Rh	yes	1716720	1624042	94.60	1467532	85.76	88800	5.19	ok
OAES-7-1-Ro	intbio_reads_NovogeneJuly2024	OAES	Ro	yes	3941668	3774957	95.77	3480140	88.51	161147	4.10	ok
OAES-8-2-No	intbio_reads_NovogeneMay2025	OAES	No	yes	3691882	3495047	94.67	3153970	85.57	192165	5.21	ok
OAES-8-2-Rh	intbio_reads_NovogeneMay2025	OAES	Rh	yes	72466	62010	85.57	49150	68.14	10166	14.09	ok
OAES-8-2-Ro	intbio_reads_NovogeneMay2025	OAES	Ro	yes	7173	6998	97.56	6628	92.75	169	2.36	ok
OAES-9-1-No	intbio_reads_NovogeneMay2025	OAES	No	yes	19818570	19448413	98.13	18451696	93.33	355177	1.80	ok
OAES-9-1-Rh	intbio_reads_NovogeneMay2025	OAES	Rh	yes	358638	339533	94.67	313246	87.70	18049	5.05	ok
OAES-9-1-Ro	intbio_reads_NovogeneMay2025	OAES	Ro	yes	8058	7503	93.11	6870	85.43	541	6.73	ok
OAES_19-2-No	intbio_reads_NovogeneJuly2024	OAES_19	No	yes	29461415	29094616	98.75	28488474	97.06	364477	1.24	ok
OAES_19-2-Rh	intbio_reads_NovogeneJuly2024	OAES_19	Rh	yes	304512	297896	97.83	288988	95.29	6060	2.00	ok
OAES_19-2-Ro	intbio_reads_NovogeneJuly2024	OAES_19	Ro	yes	27541	26584	96.53	25134	91.82	919	3.36	ok
OAES_24-3-No	intbio_reads_NovogeneJuly2024	OAES_24	No	yes	1887992	1797991	95.23	1666090	88.46	87683	4.66	ok
OAES_24-3-Rh	intbio_reads_NovogeneJuly2024	OAES_24	Rh	yes	126103	121830	96.61	113834	90.49	4079	3.24	ok
OAES_24-3-Ro	intbio_reads_NovogeneJuly2024	OAES_24	Ro	yes	30130	29339	97.37	27534	91.76	749	2.50	ok
ORNL-1-1-No	intbio_reads_NovogeneMay2025	ORNL	No	yes	1333220	1194078	89.56	1024564	77.29	137686	10.39	ok
ORNL-1-1-Rh	intbio_reads_NovogeneMay2025	ORNL	Rh	yes	82850	67483	81.45	51186	61.87	15115	18.27	ok
ORNL-1-1-Ro	intbio_reads_NovogeneMay2025	ORNL	Ro	yes	88169	83364	94.55	77602	88.46	4391	5.01	ok
ORNL-1-2-No	intbio_reads_NovogeneDecember2025	ORNL	No	yes	3427519	3320895	96.89	3135112	92.05	103328	3.03	ok
ORNL-1-2-Rh	intbio_reads_NovogeneDecember2025	ORNL	Rh	yes	4116	4070	98.88	3966	96.73	46	1.12	ok
ORNL-1-2-Ro	intbio_reads_NovogeneDecember2025	ORNL	Ro	yes	50540	49811	98.56	46578	92.17	631	1.25	ok
ORNL-1-3-No	intbio_reads_NovogeneDecember2025	ORNL	No	yes	3071721	3007650	97.91	2785936	90.92	61373	2.00	ok
ORNL-1-3-Rh	intbio_reads_NovogeneDecember2025	ORNL	Rh	yes	13539	13189	97.41	12780	94.54	336	2.49	ok
ORNL-1-3-Ro	intbio_reads_NovogeneDecember2025	ORNL	Ro	yes	19251	17909	93.03	16520	86.10	1194	6.22	ok
ORNL-10-1-No	intbio_reads_NovogeneMay2025	ORNL	No	yes	807169	780613	96.71	744078	92.31	25556	3.17	ok
ORNL-10-1-Rh	intbio_reads_NovogeneMay2025	ORNL	Rh	yes	4819	4553	94.48	4282	88.99	256	5.32	ok
ORNL-10-1-Ro	intbio_reads_NovogeneMay2025	ORNL	Ro	yes	17784	17377	97.71	16910	95.17	373	2.10	ok
ORNL-11-1-No	intbio_reads_NovogeneMay2025	ORNL	No	yes	1381885	1358454	98.30	1321298	95.95	22399	1.63	ok
ORNL-11-1-Rh	intbio_reads_NovogeneMay2025	ORNL	Rh	yes	68868	61767	89.69	54064	78.56	6873	9.99	ok
ORNL-11-1-Ro	intbio_reads_NovogeneMay2025	ORNL	Ro	yes	360186	348733	96.82	324942	91.49	10761	3.03	ok
ORNL-12-1-No	intbio_reads_NovogeneMay2025	ORNL	No	yes	1989657	1900710	95.53	1794760	90.21	85669	4.31	ok
ORNL-12-1-Rh	intbio_reads_NovogeneMay2025	ORNL	Rh	yes	68983	61623	89.33	51354	75.64	7194	10.60	ok
ORNL-12-1-Ro	intbio_reads_NovogeneMay2025	ORNL	Ro	yes	119621	112199	93.80	101494	85.55	7206	6.07	ok
ORNL-13-2-No	intbio_reads_NovogeneMay2025	ORNL	No	yes	5851805	5671592	96.92	5402554	93.04	173553	2.99	ok
ORNL-13-2-Rh	intbio_reads_NovogeneMay2025	ORNL	Rh	yes	5341	5081	95.13	4782	89.65	242	4.54	ok
ORNL-13-2-Ro	intbio_reads_NovogeneMay2025	ORNL	Ro	yes	10893	10513	96.51	9864	91.03	356	3.29	ok
ORNL-14-1-No	intbio_reads_NovogeneMay2025	ORNL	No	yes	592260	577693	97.54	559946	94.67	14055	2.38	ok
ORNL-14-1-Rh	intbio_reads_NovogeneMay2025	ORNL	Rh	yes	13575	13160	96.94	12464	91.88	319	2.35	ok
ORNL-14-1-Ro	intbio_reads_NovogeneMay2025	ORNL	Ro	yes	220995	210811	95.39	199352	90.26	9742	4.41	ok
ORNL-15-No	intbio_reads_NovogeneMay2025	ORNL	No	yes	1724133	1630837	94.59	1516520	88.04	90804	5.27	ok
ORNL-15-Rh	intbio_reads_NovogeneMay2025	ORNL	Rh	yes	140116	125478	89.55	109862	78.73	13732	9.84	ok
ORNL-15-Ro	intbio_reads_NovogeneMay2025	ORNL	Ro	yes	117260	113209	96.55	106196	90.84	3769	3.22	ok
ORNL-16-No	intbio_reads_NovogeneMay2025	ORNL	No	yes	2352138	2281328	96.99	2188464	93.27	68192	2.91	ok
ORNL-16-Rh	intbio_reads_NovogeneMay2025	ORNL	Rh	yes	106762	94899	88.89	83442	78.28	11139	10.45	ok
ORNL-16-Ro	intbio_reads_NovogeneMay2025	ORNL	Ro	yes	234491	216448	92.31	189536	81.41	17495	7.51	ok
ORNL-17-1-No	intbio_reads_NovogeneMay2025	ORNL	No	yes	273588	264513	96.68	253224	92.92	8625	3.16	ok
ORNL-17-1-Rh	intbio_reads_NovogeneMay2025	ORNL	Rh	yes	123461	116291	94.19	108846	88.42	6490	5.27	ok
ORNL-17-1-Ro	intbio_reads_NovogeneMay2025	ORNL	Ro	yes	300886	284090	94.42	264248	88.06	15992	5.33	ok
ORNL-18-1-No	intbio_reads_NovogeneMay2025	ORNL	No	yes	219016	210560	96.14	201978	92.30	8048	3.68	ok
ORNL-18-1-Rh	intbio_reads_NovogeneMay2025	ORNL	Rh	yes	2831	2754	97.28	2626	92.99	77	2.73	ok
ORNL-18-1-Ro	intbio_reads_NovogeneMay2025	ORNL	Ro	yes	502115	481261	95.85	457670	91.44	19496	3.90	ok
ORNL-19-No	intbio_reads_NovogeneMay2025	ORNL	No	yes	881739	841969	95.49	770418	87.92	38330	4.37	ok
ORNL-19-Rh	intbio_reads_NovogeneMay2025	ORNL	Rh	yes	110992	104144	93.83	96876	87.29	6178	5.57	ok
ORNL-19-Ro	intbio_reads_NovogeneMay2025	ORNL	Ro	yes	964051	899618	93.32	793784	83.35	62225	6.53	ok
ORNL-2-1-No	intbio_reads_NovogeneMay2025	ORNL	No	yes	3722302	3659062	98.30	3436474	92.44	58888	1.58	ok
ORNL-2-1-Rh	intbio_reads_NovogeneMay2025	ORNL	Rh	yes	92317	79871	86.52	66184	71.89	12096	13.14	ok
ORNL-2-1-Ro	intbio_reads_NovogeneMay2025	ORNL	Ro	yes	58055	50472	86.94	41844	72.48	7463	12.93	ok
ORNL-20-1-No	intbio_reads_NovogeneMay2025	ORNL	No	yes	1789131	1719026	96.08	1626392	90.92	68641	3.84	ok
ORNL-20-1-Rh	intbio_reads_NovogeneMay2025	ORNL	Rh	yes	30851	27618	89.52	23852	77.56	3039	9.88	ok
ORNL-20-1-Ro	intbio_reads_NovogeneMay2025	ORNL	Ro	yes	33922	31692	93.43	29058	86.32	2046	6.08	ok
ORNL-21-No	intbio_reads_NovogeneMay2025	ORNL	No	yes	599111	567954	94.80	529302	88.61	29859	5.00	ok
ORNL-21-Rh	intbio_reads_NovogeneMay2025	ORNL	Rh	yes	80580	73909	91.72	66340	82.58	6429	8.00	ok
ORNL-21-Ro	intbio_reads_NovogeneMay2025	ORNL	Ro	yes	629324	595322	94.60	550206	87.97	32754	5.24	ok
ORNL-23-1-No	intbio_reads_NovogeneMay2025	ORNL	No	yes	2330722	2259652	96.95	2174652	93.44	67418	2.90	ok
ORNL-23-1-Rh	intbio_reads_NovogeneMay2025	ORNL	Rh	yes	23466	21385	91.13	19258	82.11	2057	8.77	ok
ORNL-23-1-Ro	intbio_reads_NovogeneMay2025	ORNL	Ro	yes	39844	37621	94.42	35258	88.73	2071	5.21	ok
ORNL-24-No	intbio_reads_NovogeneMay2025	ORNL	No	yes	1969674	1843116	93.57	1696764	86.23	123330	6.27	ok
ORNL-24-Rh	intbio_reads_NovogeneMay2025	ORNL	Rh	yes	333180	305752	91.77	276378	83.14	25964	7.81	ok
ORNL-24-Ro	intbio_reads_NovogeneMay2025	ORNL	Ro	yes	294735	277763	94.24	257300	87.44	16470	5.60	ok
ORNL-25-1-No	intbio_reads_NovogeneAugust2025	ORNL	No	yes	2363064	2274271	96.24	2164786	91.93	85271	3.62	ok
ORNL-25-1-Rh	intbio_reads_NovogeneAugust2025	ORNL	Rh	yes	54180	52727	97.32	51542	95.15	995	1.84	ok
ORNL-25-1-Ro	intbio_reads_NovogeneAugust2025	ORNL	Ro	yes	57070	50092	87.77	42448	74.91	6760	11.93	ok
ORNL-3-1-No	intbio_reads_NovogeneMay2025	ORNL	No	yes	1443887	1374930	95.22	1214774	84.23	67775	4.70	ok
ORNL-3-1-Rh	intbio_reads_NovogeneMay2025	ORNL	Rh	yes	23159	18853	81.41	14124	61.42	4220	18.35	ok
ORNL-3-1-Ro	intbio_reads_NovogeneMay2025	ORNL	Ro	yes	153786	145904	94.87	137296	89.72	6730	4.40	ok
ORNL-3-2-No	intbio_reads_NovogeneDecember2025	ORNL	No	yes	3199806	3124345	97.64	2892262	90.53	72337	2.26	ok
ORNL-3-2-Rh	intbio_reads_NovogeneDecember2025	ORNL	Rh	yes	6422	6300	98.10	6158	96.31	84	1.31	ok
ORNL-3-2-Ro	intbio_reads_NovogeneDecember2025	ORNL	Ro	yes	186659	177941	95.33	167848	90.27	7512	4.04	ok
ORNL-4-1-No	intbio_reads_NovogeneMay2025	ORNL	No	yes	11331422	10694162	94.38	10033928	88.63	634936	5.61	ok
ORNL-4-1-Rh	intbio_reads_NovogeneMay2025	ORNL	Rh	yes	52880	44673	84.48	35596	67.68	7987	15.19	ok
ORNL-4-1-Ro	intbio_reads_NovogeneMay2025	ORNL	Ro	yes	881380	866346	98.29	846278	96.09	14814	1.68	ok
ORNL-5-1-No	intbio_reads_NovogeneMay2025	ORNL	No	yes	1686503	1602039	94.99	1415658	84.49	82840	4.94	ok
ORNL-5-1-Rh	intbio_reads_NovogeneMay2025	ORNL	Rh	yes	210642	199938	94.92	188944	89.83	9616	4.57	ok
ORNL-5-1-Ro	intbio_reads_NovogeneMay2025	ORNL	Ro	yes	86221	81906	95.00	77058	89.65	3797	4.42	ok
ORNL-5-2-No	intbio_reads_NovogeneDecember2025	ORNL	No	yes	4327058	4270730	98.70	4092772	95.24	52960	1.23	ok
ORNL-5-2-Rh	intbio_reads_NovogeneDecember2025	ORNL	Rh	yes	316060	290235	91.83	261694	82.97	23977	7.60	ok
ORNL-5-2-Ro	intbio_reads_NovogeneDecember2025	ORNL	Ro	yes	1097636	1076803	98.10	1007690	92.54	19465	1.79	ok
ORNL-5-3-No	intbio_reads_NovogeneDecember2025	ORNL	No	yes	4772294	4548593	95.31	4167456	87.69	218187	4.59	ok
ORNL-5-3-Rh	intbio_reads_NovogeneDecember2025	ORNL	Rh	yes	23689	23370	98.65	23014	97.22	299	1.26	ok
ORNL-5-3-Ro	intbio_reads_NovogeneDecember2025	ORNL	Ro	yes	139830	134344	96.08	128230	91.96	4714	3.38	ok
ORNL-6-1-No	intbio_reads_NovogeneMay2025	ORNL	No	yes	766327	676544	88.28	555282	73.06	89117	11.73	ok
ORNL-6-1-Rh	intbio_reads_NovogeneMay2025	ORNL	Rh	yes	167158	156188	93.44	144570	86.83	9866	5.93	ok
ORNL-6-1-Ro	intbio_reads_NovogeneMay2025	ORNL	Ro	yes	20376	18058	88.62	15746	77.38	2212	10.87	ok
ORNL-7-2-No	intbio_reads_NovogeneAugust2025	ORNL	No	yes	3362021	3195111	95.04	2986178	88.96	160464	4.78	ok
ORNL-7-2-Rh	intbio_reads_NovogeneAugust2025	ORNL	Rh	yes	111876	105790	94.56	100152	89.68	5180	4.64	ok
ORNL-7-2-Ro	intbio_reads_NovogeneAugust2025	ORNL	Ro	yes	158088	140726	89.02	120328	76.41	16892	10.73	ok
ORNL-8-2-No	intbio_reads_NovogeneAugust2025	ORNL	No	yes	666108	635141	95.35	595696	89.73	29835	4.49	ok
ORNL-8-2-Rh	intbio_reads_NovogeneAugust2025	ORNL	Rh	yes	8367	8205	98.06	8018	95.93	124	1.48	ok
ORNL-8-2-Ro	intbio_reads_NovogeneAugust2025	ORNL	Ro	yes	13565	12693	93.57	11694	86.64	830	6.15	ok
ORNL-9-1-No	intbio_reads_NovogeneMay2025	ORNL	No	yes	234865	222187	94.60	205906	88.06	12314	5.27	ok
ORNL-9-1-Rh	intbio_reads_NovogeneMay2025	ORNL	Rh	yes	169014	154067	91.16	137698	81.83	14137	8.40	ok
ORNL-9-1-Ro	intbio_reads_NovogeneMay2025	ORNL	Ro	yes	103738	98455	94.91	91928	89.12	4941	4.79	ok
OSBS-1-2-No	intbio_reads_NovogeneMay2025	OSBS	No	yes	27322	26381	96.56	24096	88.58	915	3.36	ok
OSBS-1-2-Rh	intbio_reads_NovogeneMay2025	OSBS	Rh	yes	2063	1963	95.15	1630	79.20	96	4.66	ok
OSBS-1-2-Ro	intbio_reads_NovogeneMay2025	OSBS	Ro	yes	12235	11128	90.95	9928	81.40	1033	8.47	ok
OSBS-100-3-No	intbio_reads_NovogeneAugust2025	OSBS	No	yes	302373	291025	96.25	279186	92.51	10484	3.47	ok
OSBS-100-3-Rh	intbio_reads_NovogeneAugust2025	OSBS	Rh	yes	157688	151783	96.26	145838	92.58	5523	3.51	ok
OSBS-100-3-Ro	intbio_reads_NovogeneAugust2025	OSBS	Ro	yes	125628	121503	96.72	117010	93.21	3937	3.14	ok
OSBS-101-1-No	intbio_reads_NovogeneAugust2025	OSBS	No	yes	42871	38584	90.00	33724	79.10	4119	9.66	ok
OSBS-101-1-Rh	intbio_reads_NovogeneAugust2025	OSBS	Rh	yes	161611	154904	95.85	147028	90.99	6115	3.78	ok
OSBS-101-1-Ro	intbio_reads_NovogeneAugust2025	OSBS	Ro	yes	179225	168779	94.17	158322	88.56	9962	5.57	ok
OSBS-102-1-No	intbio_reads_NovogeneAugust2025	OSBS	No	yes	25773	24034	93.25	21900	85.08	1717	6.67	ok
OSBS-102-1-Rh	intbio_reads_NovogeneAugust2025	OSBS	Rh	yes	188497	176825	93.81	164798	87.76	11262	6.00	ok
OSBS-102-1-Ro	intbio_reads_NovogeneAugust2025	OSBS	Ro	yes	203679	191242	93.89	176568	87.17	11681	5.77	ok
OSBS-103-2-No	intbio_reads_NovogeneAugust2025	OSBS	No	yes	275399	255141	92.64	227260	83.27	19372	7.10	ok
OSBS-103-2-Rh	intbio_reads_NovogeneAugust2025	OSBS	Rh	yes	224463	205546	91.57	184976	83.17	18165	8.17	ok
OSBS-103-2-Ro	intbio_reads_NovogeneAugust2025	OSBS	Ro	yes	471717	444247	94.18	405810	87.04	26324	5.65	ok
OSBS-104-1-No	intbio_reads_NovogeneAugust2025	OSBS	No	yes	8109045	7825958	96.51	7502306	92.61	274707	3.39	ok
OSBS-104-1-Rh	intbio_reads_NovogeneMay2025	OSBS	Rh	yes	8666	8547	98.63	8140	93.97	97	1.12	ok
OSBS-104-1-Ro	intbio_reads_NovogeneAugust2025	OSBS	Ro	yes	368148	348165	94.57	317868	87.51	19221	5.29	ok
OSBS-106-1-No	intbio_reads_NovogeneAugust2025	OSBS	No	yes	500466	482461	96.40	455272	91.52	16901	3.40	ok
OSBS-106-1-Rh	intbio_reads_NovogeneMay2025	OSBS	Rh	yes	162820	153243	94.12	143458	88.37	9077	5.59	ok
OSBS-106-1-Ro	intbio_reads_NovogeneAugust2025	OSBS	Ro	yes	18684	17681	94.63	16308	87.70	957	5.15	ok
OSBS-107-No	intbio_reads_NovogeneAugust2025	OSBS	No	yes	5892072	5542250	94.06	5104368	86.92	337638	5.75	ok
OSBS-107-Rh	intbio_reads_NovogeneAugust2025	OSBS	Rh	yes	62004	57744	93.13	50630	81.67	4002	6.46	ok
OSBS-107-Ro	intbio_reads_NovogeneAugust2025	OSBS	Ro	yes	47202	44519	94.32	41096	87.42	2599	5.53	ok
OSBS-109-4-No	intbio_reads_NovogeneAugust2025	OSBS	No	yes	5517510	4744369	85.99	3888358	70.65	765315	13.90	ok
OSBS-109-4-Rh	intbio_reads_NovogeneMay2025	OSBS	Rh	yes	42713	41296	96.68	39246	92.10	1319	3.10	ok
OSBS-109-4-Ro	intbio_reads_NovogeneAugust2025	OSBS	Ro	yes	86746	81195	93.60	74348	85.96	5317	6.15	ok
OSBS-110-1-No	intbio_reads_NovogeneAugust2025	OSBS	No	yes	7265262	6923999	95.30	6459056	89.23	335217	4.63	ok
OSBS-110-1-Rh	intbio_reads_NovogeneMay2025	OSBS	Rh	yes	143518	132567	92.37	120902	84.53	10603	7.41	ok
OSBS-12-1-No	intbio_reads_NovogeneMay2025	OSBS	No	yes	91073	84349	92.62	74586	82.23	6144	6.77	ok
OSBS-12-1-Rh	intbio_reads_NovogeneMay2025	OSBS	Rh	yes	218865	207916	95.00	192646	88.73	10273	4.73	ok
OSBS-12-1-Ro	intbio_reads_NovogeneMay2025	OSBS	Ro	yes	8267	7934	95.97	7464	90.49	313	3.79	ok
OSBS-14-3-No	intbio_reads_NovogeneMay2025	OSBS	No	yes	121250	114961	94.81	108286	89.32	6019	4.96	ok
OSBS-14-3-Rh	intbio_reads_NovogeneMay2025	OSBS	Rh	yes	866939	822296	94.85	774012	89.35	42675	4.93	ok
OSBS-14-3-Ro	intbio_reads_NovogeneMay2025	OSBS	Ro	yes	2625	2535	96.57	2406	92.33	86	3.30	ok
OSBS-18-5-No	intbio_reads_NovogeneMay2025	OSBS	No	yes	191690	179454	93.62	166902	87.08	11798	6.16	ok
OSBS-18-5-Rh	intbio_reads_NovogeneMay2025	OSBS	Rh	yes	86701	79179	91.32	70346	81.47	7042	8.16	ok
OSBS-18-5-Ro	intbio_reads_NovogeneMay2025	OSBS	Ro	yes	4061	3757	92.51	3370	83.09	296	7.30	ok
OSBS-2-3-No	intbio_reads_NovogeneMay2025	OSBS	No	yes	5137591	5100487	99.28	5049214	98.45	36212	0.71	ok
OSBS-2-3-Rh	intbio_reads_NovogeneMay2025	OSBS	Rh	yes	2122	2060	97.08	1940	91.60	62	2.93	ok
OSBS-2-3-Ro	intbio_reads_NovogeneMay2025	OSBS	Ro	yes	5288078	5259637	99.46	5214894	98.78	27445	0.52	ok
OSBS-20-1-No	intbio_reads_NovogeneMay2025	OSBS	No	yes	9963	9505	95.40	9146	92.09	294	2.96	ok
OSBS-20-1-Rh	intbio_reads_NovogeneMay2025	OSBS	Rh	yes	146458	136364	93.11	125730	86.17	9152	6.27	ok
OSBS-20-1-Ro	intbio_reads_NovogeneMay2025	OSBS	Ro	yes	67939	65771	96.81	61452	91.60	2034	3.03	ok
OSBS-21-2-No	intbio_reads_NovogeneMay2025	OSBS	No	yes	401489	394519	98.26	383954	95.96	6454	1.61	ok
OSBS-21-2-Rh	intbio_reads_NovogeneMay2025	OSBS	Rh	yes	322579	311801	96.66	294138	91.32	9910	3.08	ok
OSBS-21-2-Ro	intbio_reads_NovogeneMay2025	OSBS	Ro	yes	13704	12778	93.24	11762	86.18	886	6.49	ok
OSBS-25-1-Rh	intbio_reads_NovogeneAugust2025	OSBS	Rh	yes	125422	116990	93.28	105418	84.48	8038	6.44	ok
OSBS-25-1-Ro	intbio_reads_NovogeneAugust2025	OSBS	Ro	yes	21086	18100	85.84	14548	69.30	2966	14.13	ok
OSBS-28-1-No	intbio_reads_NovogeneAugust2025	OSBS	No	yes	224023	206692	92.26	182148	81.63	16815	7.54	ok
OSBS-28-1-Rh	intbio_reads_NovogeneAugust2025	OSBS	Rh	yes	259001	244773	94.51	226874	87.84	13238	5.13	ok
OSBS-28-1-Ro	intbio_reads_NovogeneAugust2025	OSBS	Ro	yes	179478	169144	94.24	156150	87.06	10068	5.61	ok
OSBS-29-1-Rh	intbio_reads_NovogeneAugust2025	OSBS	Rh	yes	300896	284057	94.40	259682	86.83	16193	5.41	ok
OSBS-29-1-Ro	intbio_reads_NovogeneAugust2025	OSBS	Ro	yes	10012	9329	93.18	8492	85.35	615	6.18	ok
OSBS-30-1-Rh	intbio_reads_NovogeneAugust2025	OSBS	Rh	yes	59867	53243	88.94	45506	76.48	6256	10.51	ok
OSBS-30-1-Ro	intbio_reads_NovogeneAugust2025	OSBS	Ro	yes	1238	1146	92.57	1046	84.49	92	7.43	ok
OSBS-31-1-Rh	intbio_reads_NovogeneAugust2025	OSBS	Rh	yes	48190	45573	94.57	42508	88.50	2403	5.00	ok
OSBS-31-1-Ro	intbio_reads_NovogeneAugust2025	OSBS	Ro	yes	866	811	93.65	720	83.53	53	6.15	ok
OSBS-32-1-Rh	intbio_reads_NovogeneMay2025	OSBS	Rh	yes	116593	109021	93.51	98866	85.27	7286	6.28	ok
OSBS-32-1-Ro	intbio_reads_NovogeneMay2025	OSBS	Ro	yes	212222	197201	92.92	177114	84.12	14487	6.88	ok
OSBS-34-1-No	intbio_reads_NovogeneMay2025	OSBS	No	yes	343165	330672	96.36	316704	92.63	11919	3.49	ok
OSBS-34-1-Rh	intbio_reads_NovogeneMay2025	OSBS	Rh	yes	103131	95255	92.36	84146	83.02	7664	7.56	ok
OSBS-34-1-Ro	intbio_reads_NovogeneMay2025	OSBS	Ro	yes	331945	324602	97.79	314096	94.87	6915	2.09	ok
OSBS-35-1-Rh	intbio_reads_NovogeneMay2025	OSBS	Rh	yes	288938	276531	95.71	260968	90.69	11913	4.14	ok
OSBS-35-1-Ro	intbio_reads_NovogeneMay2025	OSBS	Ro	yes	25030	24534	98.02	23928	95.84	434	1.74	ok
OSBS-35-2-No	intbio_reads_NovogeneMay2025	OSBS	No	yes	3126044	3078458	98.48	2970022	95.09	44128	1.41	ok
OSBS-35-2-Rh	intbio_reads_NovogeneMay2025	OSBS	Rh	yes	530756	514349	96.91	494998	93.48	15227	2.88	ok
OSBS-35-2-Ro	intbio_reads_NovogeneMay2025	OSBS	Ro	yes	249005	245289	98.51	237588	95.62	3286	1.32	ok
OSBS-36-1-No	intbio_reads_NovogeneMay2025	OSBS	No	yes	13946671	13907752	99.72	13733446	98.76	37233	0.27	ok
OSBS-36-1-Rh	intbio_reads_NovogeneMay2025	OSBS	Rh	yes	174752	169600	97.05	159936	92.60	4896	2.83	ok
OSBS-36-1-Ro	intbio_reads_NovogeneMay2025	OSBS	Ro	yes	68306	66732	97.70	64502	94.74	1464	2.15	ok
OSBS-36-4-No	intbio_reads_NovogeneMay2025	OSBS	No	yes	1193241	1151482	96.50	1099172	92.49	39509	3.32	ok
OSBS-36-4-Rh	intbio_reads_NovogeneMay2025	OSBS	Rh	yes	734004	705843	96.16	670216	91.70	26573	3.64	ok
OSBS-36-4-Ro	intbio_reads_NovogeneMay2025	OSBS	Ro	yes	31879	30356	95.22	28370	89.42	1427	4.50	ok
OSBS-37-1-No	intbio_reads_NovogeneMay2025	OSBS	No	yes	33101	31680	95.71	29944	91.05	1299	3.95	ok
OSBS-37-1-Rh	intbio_reads_NovogeneMay2025	OSBS	Rh	yes	259877	253765	97.65	247648	95.35	5270	2.03	ok
OSBS-37-1-Ro	intbio_reads_NovogeneMay2025	OSBS	Ro	yes	15874	15119	95.24	14162	89.41	711	4.49	ok
OSBS-38-1-No	intbio_reads_NovogeneMay2025	OSBS	No	yes	10753956	10615808	98.72	10259112	95.70	129932	1.21	ok
OSBS-38-1-Rh	intbio_reads_NovogeneMay2025	OSBS	Rh	yes	437964	426441	97.37	407864	93.93	9895	2.28	ok
OSBS-38-1-Ro	intbio_reads_NovogeneMay2025	OSBS	Ro	yes	34242	32388	94.59	30086	88.46	1758	5.17	ok
OSBS-38-2-Rh	intbio_reads_NovogeneMay2025	OSBS	Rh	yes	200605	193589	96.50	186032	92.84	6538	3.26	ok
OSBS-38-2-Ro	intbio_reads_NovogeneMay2025	OSBS	Ro	yes	211467	201755	95.41	187476	90.13	9274	4.46	ok
OSBS-4-3-No	intbio_reads_NovogeneMay2025	OSBS	No	yes	5778295	5707178	98.77	5629534	97.47	70795	1.23	ok
OSBS-4-3-Rh	intbio_reads_NovogeneMay2025	OSBS	Rh	yes	89840	80027	89.08	69722	77.84	9279	10.36	ok
OSBS-4-3-Ro	intbio_reads_NovogeneMay2025	OSBS	Ro	yes	7102	6810	95.89	6514	91.77	270	3.80	ok
OSBS-41-3-No	intbio_reads_NovogeneMay2025	OSBS	No	yes	91911	88474	96.26	82366	89.63	3177	3.46	ok
OSBS-41-3-Rh	intbio_reads_NovogeneMay2025	OSBS	Rh	yes	34157	32467	95.05	30862	90.37	1540	4.51	ok
OSBS-41-3-Ro	intbio_reads_NovogeneMay2025	OSBS	Ro	yes	504933	496889	98.41	471654	95.25	7466	1.51	ok
OSBS-44-1-No	intbio_reads_NovogeneMay2025	OSBS	No	yes	346508	331951	95.80	314232	90.88	13709	3.96	ok
OSBS-44-1-Rh	intbio_reads_NovogeneMay2025	OSBS	Rh	yes	532078	491803	92.43	440772	83.25	39167	7.40	ok
OSBS-44-1-Ro	intbio_reads_NovogeneMay2025	OSBS	Ro	yes	490494	466355	95.08	436890	89.27	22573	4.61	ok
OSBS-45-1-No	intbio_reads_NovogeneMay2025	OSBS	No	yes	774171	723648	93.47	658030	85.43	48207	6.26	ok
OSBS-45-1-Rh	intbio_reads_NovogeneMay2025	OSBS	Rh	yes	751623	712941	94.85	662284	88.32	37180	4.96	ok
OSBS-45-1-Ro	intbio_reads_NovogeneMay2025	OSBS	Ro	yes	16584	16255	98.02	15896	95.92	285	1.72	ok
OSBS-46-1-No	intbio_reads_NovogeneAugust2025	OSBS	No	yes	81451	78022	95.79	74022	91.17	3287	4.05	ok
OSBS-46-1-Rh	intbio_reads_NovogeneMay2025	OSBS	Rh	yes	647102	617699	95.46	582966	90.27	28615	4.43	ok
OSBS-46-1-Ro	intbio_reads_NovogeneAugust2025	OSBS	Ro	yes	542941	503543	92.74	451228	83.63	37702	6.99	ok
OSBS-49-1-No	intbio_reads_NovogeneAugust2025	OSBS	No	yes	1096009	1031022	94.07	954640	87.33	62069	5.68	ok
OSBS-49-1-Rh	intbio_reads_NovogeneAugust2025	OSBS	Rh	yes	121761	113901	93.54	103804	85.91	7598	6.29	ok
OSBS-49-1-Ro	intbio_reads_NovogeneAugust2025	OSBS	Ro	yes	37832	35171	92.97	32220	85.47	2487	6.60	ok
OSBS-5-5-No	intbio_reads_NovogeneMay2025	OSBS	No	yes	1508290	1480990	98.19	1377424	91.49	26084	1.73	ok
OSBS-5-5-Rh	intbio_reads_NovogeneMay2025	OSBS	Rh	yes	2259	2177	96.37	2048	91.02	82	3.64	ok
OSBS-5-5-Ro	intbio_reads_NovogeneMay2025	OSBS	Ro	yes	5710	5687	99.60	5648	99.02	23	0.40	ok
OSBS-51-1-No	intbio_reads_NovogeneAugust2025	OSBS	No	yes	28611	26547	92.79	24266	85.10	1938	6.80	ok
OSBS-51-1-Rh	intbio_reads_NovogeneAugust2025	OSBS	Rh	yes	140256	133141	94.93	125110	89.23	6815	4.86	ok
OSBS-51-1-Ro	intbio_reads_NovogeneAugust2025	OSBS	Ro	yes	23361	21684	92.82	19954	85.48	1601	6.86	ok
OSBS-52-1-No	intbio_reads_NovogeneDecember2025	OSBS	No	yes	20861	20233	96.99	19490	93.90	568	2.74	ok
OSBS-52-1-Rh	intbio_reads_NovogeneDecember2025	OSBS	Rh	yes	266380	257999	96.85	250224	93.94	7553	2.84	ok
OSBS-52-1-Ro	intbio_reads_NovogeneDecember2025	OSBS	Ro	yes	12773	12201	95.52	11622	91.01	522	4.09	ok
OSBS-52-2-No	intbio_reads_NovogeneAugust2025	OSBS	No	yes	3443179	3411269	99.07	3373620	98.03	31526	0.92	ok
OSBS-52-2-Rh	intbio_reads_NovogeneAugust2025	OSBS	Rh	yes	153902	140185	91.09	125944	82.15	12527	8.17	ok
OSBS-52-2-Ro	intbio_reads_NovogeneAugust2025	OSBS	Ro	yes	80816	74120	91.71	66886	83.01	6186	7.68	ok
OSBS-52-3-No	intbio_reads_NovogeneDecember2025	OSBS	No	yes	4671309	4639942	99.33	4603706	98.59	30951	0.66	ok
OSBS-52-3-Rh	intbio_reads_NovogeneDecember2025	OSBS	Rh	yes	1054883	1025162	97.18	991898	94.11	25059	2.38	ok
OSBS-52-3-Ro	intbio_reads_NovogeneDecember2025	OSBS	Ro	yes	15027	14894	99.11	13810	91.94	119	0.79	ok
OSBS-52-5-No	intbio_reads_NovogeneDecember2025	OSBS	No	yes	1701957	1686748	99.11	1670022	98.16	15039	0.88	ok
OSBS-52-5-Rh	intbio_reads_NovogeneDecember2025	OSBS	Rh	yes	496865	468222	94.24	436766	87.95	27229	5.48	ok
OSBS-52-5-Ro	intbio_reads_NovogeneDecember2025	OSBS	Ro	yes	146156	145345	99.45	144510	98.90	663	0.45	ok
OSBS-55-1-No	intbio_reads_NovogeneAugust2025	OSBS	No	yes	1077052	1021101	94.81	951952	88.67	53509	4.98	ok
OSBS-55-1-Rh	intbio_reads_NovogeneAugust2025	OSBS	Rh	yes	167523	159499	95.21	150316	90.00	7572	4.53	ok
OSBS-55-1-Ro	intbio_reads_NovogeneAugust2025	OSBS	Ro	yes	527918	485238	91.92	433360	82.56	40356	7.69	ok
OSBS-58-1-No	intbio_reads_NovogeneMay2025	OSBS	No	yes	1925594	1821621	94.60	1692182	88.16	100961	5.26	ok
OSBS-58-1-Rh	intbio_reads_NovogeneMay2025	OSBS	Rh	yes	87644	82026	93.59	76584	87.74	4954	5.68	ok
OSBS-58-1-Ro	intbio_reads_NovogeneMay2025	OSBS	Ro	yes	78308	73410	93.75	67398	86.49	4558	5.85	ok
OSBS-59-1-No	intbio_reads_NovogeneMay2025	OSBS	No	yes	1201998	1130153	94.02	1015592	85.53	69471	5.85	ok
OSBS-59-1-Rh	intbio_reads_NovogeneMay2025	OSBS	Rh	yes	296590	282628	95.29	260238	88.20	12940	4.39	ok
OSBS-59-1-Ro	intbio_reads_NovogeneMay2025	OSBS	Ro	yes	6853	6655	97.11	6420	93.89	174	2.54	ok
OSBS-6-1-No	intbio_reads_NovogeneMay2025	OSBS	No	yes	7185	6475	90.12	5700	79.54	688	9.60	ok
OSBS-6-1-Rh	intbio_reads_NovogeneMay2025	OSBS	Rh	yes	73579	62799	85.35	51598	70.24	10376	14.13	ok
OSBS-6-1-Ro	intbio_reads_NovogeneMay2025	OSBS	Ro	yes	87219	78202	89.66	68630	78.69	8711	9.99	ok
OSBS-65-1-No	intbio_reads_NovogeneMay2025	OSBS	No	yes	463926	451300	97.28	434480	93.88	11894	2.57	ok
OSBS-65-1-Rh	intbio_reads_NovogeneMay2025	OSBS	Rh	yes	445768	419851	94.19	390644	87.98	25097	5.65	ok
OSBS-66-1-No	intbio_reads_NovogeneMay2025	OSBS	No	yes	791535	769961	97.27	737546	93.49	20714	2.63	ok
OSBS-66-1-Rh	intbio_reads_NovogeneMay2025	OSBS	Rh	yes	427836	407171	95.17	381014	89.17	19993	4.68	ok
OSBS-67-1-No	intbio_reads_NovogeneMay2025	OSBS	No	yes	140211	134209	95.72	126322	90.35	5684	4.07	ok
OSBS-67-1-Rh	intbio_reads_NovogeneMay2025	OSBS	Rh	yes	115185	108498	94.19	99674	86.96	6461	5.64	ok
OSBS-67-1-Ro	intbio_reads_NovogeneMay2025	OSBS	Ro	yes	5399	5179	95.93	4946	91.76	194	3.60	ok
OSBS-68-1-No	intbio_reads_NovogeneMay2025	OSBS	No	yes	1520774	1466546	96.43	1397302	92.06	51812	3.41	ok
OSBS-68-1-Rh	intbio_reads_NovogeneMay2025	OSBS	Rh	yes	30669	29292	95.51	27830	90.86	1339	4.37	ok
OSBS-68-1-Ro	intbio_reads_NovogeneMay2025	OSBS	Ro	yes	103390	98698	95.46	93912	91.01	4456	4.32	ok
OSBS-69-1-No	intbio_reads_NovogeneAugust2025	OSBS	No	yes	1782280	1644276	92.26	1478162	83.20	133188	7.50	ok
OSBS-69-1-Rh	intbio_reads_NovogeneAugust2025	OSBS	Rh	yes	303958	291412	95.87	274256	90.63	11966	3.95	ok
OSBS-69-1-Ro	intbio_reads_NovogeneAugust2025	OSBS	Ro	yes	18628	17293	92.83	15406	82.89	1295	6.97	ok
OSBS-7-4-No	intbio_reads_NovogeneMay2025	OSBS	No	yes	1626861	1442266	88.65	1211494	74.55	179045	11.02	ok
OSBS-7-4-Rh	intbio_reads_NovogeneMay2025	OSBS	Rh	yes	67255	61565	91.54	55260	82.82	5594	8.38	ok
OSBS-7-4-Ro	intbio_reads_NovogeneMay2025	OSBS	Ro	yes	12519	11089	88.58	9618	77.13	1340	10.75	ok
OSBS-70-3-No	intbio_reads_NovogeneMay2025	OSBS	No	yes	3216185	3072763	95.54	2884258	89.94	139020	4.34	ok
OSBS-70-3-Rh	intbio_reads_NovogeneMay2025	OSBS	Rh	yes	317236	298651	94.14	271470	86.51	18051	5.75	ok
OSBS-70-3-Ro	intbio_reads_NovogeneMay2025	OSBS	Ro	yes	57049	54511	95.55	49882	87.46	2420	4.24	ok
OSBS-71-1-No	intbio_reads_NovogeneMay2025	OSBS	No	yes	6895	6594	95.63	6264	91.55	255	3.73	ok
OSBS-71-1-Rh	intbio_reads_NovogeneMay2025	OSBS	Rh	yes	132325	120287	90.90	105120	80.16	11770	8.98	ok
OSBS-71-1-Ro	intbio_reads_NovogeneMay2025	OSBS	Ro	yes	15544	14504	93.31	13308	85.92	1016	6.56	ok
OSBS-72-1-No	intbio_reads_NovogeneMay2025	OSBS	No	yes	4699	4456	94.83	4168	89.14	227	4.85	ok
OSBS-72-1-Rh	intbio_reads_NovogeneMay2025	OSBS	Rh	yes	189035	176380	93.31	163898	86.71	12227	6.47	ok
OSBS-72-1-Ro	intbio_reads_NovogeneMay2025	OSBS	Ro	yes	12194	11483	94.17	10712	88.01	687	5.64	ok
OSBS-73-2-No	intbio_reads_NovogeneMay2025	OSBS	No	yes	190630	181288	95.10	171324	89.94	8980	4.71	ok
OSBS-73-2-Rh	intbio_reads_NovogeneMay2025	OSBS	Rh	yes	250924	238823	95.18	223716	89.47	11417	4.57	ok
OSBS-73-2-Ro	intbio_reads_NovogeneMay2025	OSBS	Ro	yes	407406	376897	92.51	335238	83.04	29695	7.36	ok
OSBS-74-3-No	intbio_reads_NovogeneMay2025	OSBS	No	yes	4053576	3881743	95.76	3664106	90.70	164577	4.07	ok
OSBS-74-3-Rh	intbio_reads_NovogeneMay2025	OSBS	Rh	yes	271273	256546	94.57	236170	87.75	13893	5.16	ok
OSBS-74-3-Ro	intbio_reads_NovogeneMay2025	OSBS	Ro	yes	61260	58523	95.53	54830	89.91	2589	4.25	ok
OSBS-75-2-No	intbio_reads_NovogeneMay2025	OSBS	No	yes	754750	706717	93.64	646174	85.96	46887	6.24	ok
OSBS-75-2-Rh	intbio_reads_NovogeneMay2025	OSBS	Rh	yes	354426	333034	93.96	302186	85.63	20794	5.89	ok
OSBS-75-2-Ro	intbio_reads_NovogeneMay2025	OSBS	Ro	yes	216493	196216	90.63	168580	78.46	19907	9.26	ok
OSBS-8-5-No	intbio_reads_NovogeneMay2025	OSBS	No	yes	407730	397598	97.52	386316	94.75	9408	2.31	ok
OSBS-8-5-Rh	intbio_reads_NovogeneMay2025	OSBS	Rh	yes	22804	20904	91.67	17260	79.59	1872	8.63	ok
OSBS-8-5-Ro	intbio_reads_NovogeneMay2025	OSBS	Ro	yes	13770	13189	95.78	12462	90.61	531	3.86	ok
OSBS-80-2-No	intbio_reads_NovogeneMay2025	OSBS	No	yes	97800	94815	96.95	91960	94.34	2111	2.17	ok
OSBS-80-2-Rh	intbio_reads_NovogeneMay2025	OSBS	Rh	yes	275732	254623	92.34	230738	84.01	20545	7.48	ok
OSBS-80-2-Ro	intbio_reads_NovogeneMay2025	OSBS	Ro	yes	318111	308840	97.09	292236	92.88	8585	2.73	ok
OSBS-81-1-No	intbio_reads_NovogeneMay2025	OSBS	No	yes	243101	226561	93.20	208276	85.69	16166	6.65	ok
OSBS-81-1-Rh	intbio_reads_NovogeneMay2025	OSBS	Rh	yes	227503	213131	93.68	198736	87.36	13984	6.15	ok
OSBS-81-1-Ro	intbio_reads_NovogeneMay2025	OSBS	Ro	yes	58352	56584	96.97	52406	91.79	1658	2.90	ok
OSBS-82-1-No	intbio_reads_NovogeneMay2025	OSBS	No	yes	6991018	6854564	98.05	6647236	95.40	127212	1.83	ok
OSBS-82-1-Rh	intbio_reads_NovogeneMay2025	OSBS	Rh	yes	1847998	1755692	95.01	1616248	87.70	88908	4.82	ok
OSBS-82-1-Ro	intbio_reads_NovogeneMay2025	OSBS	Ro	yes	4789342	4564625	95.31	4192394	88.33	216675	4.57	ok
OSBS-83-1-No	intbio_reads_NovogeneMay2025	OSBS	No	yes	4606948	4180947	90.75	3694904	80.47	417763	9.10	ok
OSBS-83-1-Rh	intbio_reads_NovogeneMay2025	OSBS	Rh	yes	236923	228418	96.41	218268	92.51	7723	3.27	ok
OSBS-83-1-Ro	intbio_reads_NovogeneMay2025	OSBS	Ro	yes	352062	339106	96.32	320466	91.40	12408	3.54	ok
OSBS-84-1-No	intbio_reads_NovogeneMay2025	OSBS	No	yes	2565749	2482934	96.77	2362562	92.46	79055	3.09	ok
OSBS-84-1-Rh	intbio_reads_NovogeneMay2025	OSBS	Rh	yes	683388	660935	96.71	626972	92.31	20953	3.08	ok
OSBS-84-1-Ro	intbio_reads_NovogeneMay2025	OSBS	Ro	yes	216950	209481	96.56	197924	91.55	7239	3.35	ok
OSBS-85-1-No	intbio_reads_NovogeneMay2025	OSBS	No	yes	3179177	3100962	97.54	2985648	94.20	74337	2.35	ok
OSBS-85-1-Rh	intbio_reads_NovogeneMay2025	OSBS	Rh	yes	1151679	1110832	96.45	1044400	91.19	39265	3.43	ok
OSBS-85-1-Ro	intbio_reads_NovogeneMay2025	OSBS	Ro	yes	199608	192670	96.52	181144	91.15	6602	3.32	ok
OSBS-86-1-No	intbio_reads_NovogeneMay2025	OSBS	No	yes	1012934	971100	95.87	909944	90.24	39744	3.94	ok
OSBS-86-1-Rh	intbio_reads_NovogeneMay2025	OSBS	Rh	yes	904876	874748	96.67	832034	92.30	29002	3.22	ok
OSBS-86-1-Ro	intbio_reads_NovogeneMay2025	OSBS	Ro	yes	15459	14360	92.89	13100	84.89	1085	7.03	ok
OSBS-88-1-No	intbio_reads_NovogeneMay2025	OSBS	No	yes	7536873	7399979	98.18	7216152	95.92	129098	1.72	ok
OSBS-88-1-Rh	intbio_reads_NovogeneMay2025	OSBS	Rh	yes	833186	799787	95.99	756832	91.28	31411	3.79	ok
OSBS-88-1-Ro	intbio_reads_NovogeneMay2025	OSBS	Ro	yes	156313	143169	91.59	127902	82.05	12842	8.24	ok
OSBS-89-1-No	intbio_reads_NovogeneMay2025	OSBS	No	yes	430700	420388	97.61	404098	94.19	9934	2.32	ok
OSBS-89-1-Rh	intbio_reads_NovogeneMay2025	OSBS	Rh	yes	922139	901855	97.80	866368	94.49	19202	2.09	ok
OSBS-89-1-Ro	intbio_reads_NovogeneMay2025	OSBS	Ro	yes	521545	505899	97.00	481494	92.54	14632	2.81	ok
OSBS-90-1-Rh	intbio_reads_NovogeneMay2025	OSBS	Rh	yes	728498	713258	97.91	688060	94.85	14678	2.02	ok
OSBS-90-1-Ro	intbio_reads_NovogeneMay2025	OSBS	Ro	yes	155175	152609	98.35	148850	96.30	2450	1.59	ok
OSBS-91-1-No	intbio_reads_NovogeneAugust2025	OSBS	No	yes	506722	462482	91.27	409888	81.25	43220	8.57	ok
OSBS-91-1-Rh	intbio_reads_NovogeneAugust2025	OSBS	Rh	yes	45911	37697	82.11	25388	55.31	8180	17.82	ok
OSBS-91-1-Ro	intbio_reads_NovogeneAugust2025	OSBS	Ro	yes	338337	306459	90.58	270436	80.48	31344	9.33	ok
OSBS-95-3-Rh	intbio_reads_NovogeneAugust2025	OSBS	Rh	yes	106754	94649	88.66	79492	74.80	11881	11.18	ok
OSBS-95-3-Ro	intbio_reads_NovogeneAugust2025	OSBS	Ro	yes	688618	588404	85.45	455620	67.07	98174	14.45	ok
OSBS-97-2-Rh	intbio_reads_NovogeneAugust2025	OSBS	Rh	yes	609187	511426	83.95	391192	64.52	96417	15.90	ok
OSBS-97-2-Ro	intbio_reads_NovogeneAugust2025	OSBS	Ro	yes	182951	167960	91.81	150220	82.36	14599	8.00	ok
OSBS-99-No	intbio_reads_NovogeneAugust2025	OSBS	No	yes	49287	46346	94.03	41506	84.30	2915	5.92	ok
OSBS-99-Rh	intbio_reads_NovogeneAugust2025	OSBS	Rh	yes	132727	126733	95.48	121556	91.64	4834	3.64	ok
OSBS-99-Ro	intbio_reads_NovogeneAugust2025	OSBS	Ro	yes	9969	9477	95.06	8842	89.08	460	4.63	ok
OSBS-CEVI-50-3-No	intbio_reads_NovogeneAugust2025	OSBS	No	yes	824429	780714	94.70	726318	88.42	41975	5.11	ok
OSBS-CEVI-50-3-Rh	intbio_reads_NovogeneAugust2025	OSBS	Rh	yes	685502	632993	92.34	572544	83.81	50751	7.43	ok
OSBS-CEVI-50-3-Ro	intbio_reads_NovogeneAugust2025	OSBS	Ro	yes	101329	92573	91.36	82552	81.63	8512	8.42	ok
OSBS-DETR-64-3-No	intbio_reads_NovogeneAugust2025	OSBS	No	yes	74793	68781	91.96	62280	83.35	5772	7.72	ok
OSBS-DETR-64-3-Rh	intbio_reads_NovogeneAugust2025	OSBS	Rh	yes	123906	118325	95.50	110870	89.75	5379	4.35	ok
OSBS-DETR-64-3-Ro	intbio_reads_NovogeneAugust2025	OSBS	Ro	yes	113649	105626	92.94	96206	84.97	7745	6.84	ok
OSBS-LEHI-62-5-No	intbio_reads_NovogeneAugust2025	OSBS	No	yes	3045788	2867669	94.15	2641426	87.04	170965	5.63	ok
OSBS-LEHI-62-5-Rh	intbio_reads_NovogeneAugust2025	OSBS	Rh	yes	280332	255412	91.11	227016	81.47	24022	8.62	ok
OSBS-LEHI-62-5-Ro	intbio_reads_NovogeneAugust2025	OSBS	Ro	yes	15820	15268	96.51	14666	92.99	510	3.23	ok
OSBS-MOCE-52-4-No	intbio_reads_NovogeneDecember2025	OSBS	No	yes	222209	219664	98.85	215968	97.33	2437	1.10	ok
OSBS-MOCE-52-4-Rh	intbio_reads_NovogeneDecember2025	OSBS	Rh	yes	94228	80543	85.48	66458	70.75	12967	13.80	ok
OSBS-MOCE-52-4-Ro	intbio_reads_NovogeneDecember2025	OSBS	Ro	yes	225008	222876	99.05	218114	98.08	2090	0.94	ok
OSBS-TEVI-61-4-No	intbio_reads_NovogeneAugust2025	OSBS	No	yes	1206590	1164357	96.50	1121568	92.96	39587	3.28	ok
OSBS-TEVI-61-4-Rh	intbio_reads_NovogeneAugust2025	OSBS	Rh	yes	89500	80630	90.09	71056	79.61	8576	9.61	ok
OSBS-TEVI-61-4-Ro	intbio_reads_NovogeneAugust2025	OSBS	Ro	yes	3338	3023	90.56	2694	81.00	295	8.87	ok
RMNP-1-No	intbio_reads_NovogeneAugust2025	RMNP	No	yes	4365621	3789891	86.81	3122952	71.64	569058	13.05	ok
RMNP-1-Rh	intbio_reads_NovogeneAugust2025	RMNP	Rh	yes	219826	203576	92.61	182008	83.53	15568	7.14	ok
RMNP-1-Ro	intbio_reads_NovogeneAugust2025	RMNP	Ro	yes	6671	6266	93.93	5906	88.63	343	5.15	ok
RMNP-2-No	intbio_reads_NovogeneAugust2025	RMNP	No	yes	2706470	2453389	90.65	2095160	77.51	251563	9.31	ok
RMNP-2-Rh	intbio_reads_NovogeneAugust2025	RMNP	Rh	yes	3322979	3220818	96.93	3006904	90.62	98379	2.96	ok
RMNP-2-Ro	intbio_reads_NovogeneAugust2025	RMNP	Ro	yes	20766	18774	90.41	16706	80.59	1904	9.18	ok
RMNP-3-No	intbio_reads_NovogeneAugust2025	RMNP	No	yes	1115899	1082494	97.01	1016708	91.37	32153	2.89	ok
RMNP-3-Rh	intbio_reads_NovogeneAugust2025	RMNP	Rh	yes	234153	224889	96.04	213848	91.86	8702	3.74	ok
RMNP-3-Ro	intbio_reads_NovogeneAugust2025	RMNP	Ro	yes	215435	206267	95.74	190812	88.97	8812	4.11	ok
RMNP-4-No	intbio_reads_NovogeneAugust2025	RMNP	No	yes	117505	115664	98.43	113998	97.09	1541	1.31	ok
RMNP-4-Rh	intbio_reads_NovogeneAugust2025	RMNP	Rh	yes	232782	217344	93.37	198346	85.59	14856	6.41	ok
RMNP-4-Ro	intbio_reads_NovogeneAugust2025	RMNP	Ro	yes	4586	4133	90.12	3696	80.66	417	9.10	ok
RMNP-5-1-No	intbio_reads_NovogeneAugust2025	RMNP	No	yes	2345345	2211840	94.31	2040404	88.30	133055	5.76	ok
RMNP-5-1-Rh	intbio_reads_NovogeneAugust2025	RMNP	Rh	yes	878	825	93.96	754	86.07	53	6.05	ok
RMNP-5-1-Ro	intbio_reads_NovogeneAugust2025	RMNP	Ro	yes	918	856	93.25	776	84.90	56	6.13	ok
SCBI-1-1-Rh	intbio_reads_NovogeneAugust2025	SCBI	Rh	yes	195801	178460	91.14	158442	81.17	16543	8.48	ok
SCBI-1-1-Ro	intbio_reads_NovogeneAugust2025	SCBI	Ro	yes	10011	9696	96.85	9312	93.18	293	2.93	ok
SCBI-10-1-No	intbio_reads_NovogeneAugust2025	SCBI	No	yes	1020923	892749	87.45	726682	71.30	127492	12.51	ok
SCBI-10-1-Rh	intbio_reads_NovogeneAugust2025	SCBI	Rh	yes	106556	96722	90.77	85382	80.37	9148	8.61	ok
SCBI-10-1-Ro	intbio_reads_NovogeneAugust2025	SCBI	Ro	yes	99297	90585	91.23	80746	81.85	8072	8.18	ok
SCBI-11-1-No	intbio_reads_NovogeneAugust2025	SCBI	No	yes	3950940	3788091	95.88	3586446	90.99	156705	3.98	ok
SCBI-11-1-Rh	intbio_reads_NovogeneAugust2025	SCBI	Rh	yes	276148	271016	98.14	265430	96.19	4392	1.59	ok
SCBI-11-1-Ro	intbio_reads_NovogeneAugust2025	SCBI	Ro	yes	89021	84345	94.75	78440	88.40	4512	5.08	ok
SCBI-12-1-No	intbio_reads_NovogeneAugust2025	SCBI	No	yes	1218922	1163295	95.44	1094176	90.05	53369	4.39	ok
SCBI-12-1-Rh	intbio_reads_NovogeneAugust2025	SCBI	Rh	yes	439695	420013	95.52	396304	90.23	18724	4.26	ok
SCBI-12-1-Ro	intbio_reads_NovogeneAugust2025	SCBI	Ro	yes	158578	153126	96.56	145614	92.21	5132	3.25	ok
SCBI-13-1-No	intbio_reads_NovogeneAugust2025	SCBI	No	yes	1039102	971682	93.51	857024	82.65	66092	6.37	ok
SCBI-13-1-Rh	intbio_reads_NovogeneAugust2025	SCBI	Rh	yes	223086	209145	93.75	190254	85.78	12903	5.82	ok
SCBI-13-1-Ro	intbio_reads_NovogeneAugust2025	SCBI	Ro	yes	55490	52897	95.33	49834	90.42	2217	4.02	ok
SCBI-2-1-No	intbio_reads_NovogeneAugust2025	SCBI	No	yes	137406	129686	94.38	121382	88.42	7458	5.43	ok
SCBI-2-1-Rh	intbio_reads_NovogeneAugust2025	SCBI	Rh	yes	276894	261352	94.39	239240	87.71	14442	5.29	ok
SCBI-2-1-Ro	intbio_reads_NovogeneAugust2025	SCBI	Ro	yes	361738	328675	90.86	293322	81.29	32139	8.91	ok
SCBI-3-1-No	intbio_reads_NovogeneAugust2025	SCBI	No	yes	1259361	1187302	94.28	1058970	84.18	70531	5.61	ok
SCBI-3-1-Rh	intbio_reads_NovogeneAugust2025	SCBI	Rh	yes	220862	211253	95.65	200536	91.06	8889	4.04	ok
SCBI-3-1-Ro	intbio_reads_NovogeneAugust2025	SCBI	Ro	yes	119774	112350	93.80	102948	86.45	6830	5.74	ok
SCBI-4-1-No	intbio_reads_NovogeneAugust2025	SCBI	No	yes	1850770	1761413	95.17	1653072	89.53	86175	4.67	ok
SCBI-4-1-Rh	intbio_reads_NovogeneAugust2025	SCBI	Rh	yes	926492	874368	94.37	812894	87.95	50262	5.44	ok
SCBI-4-1-Ro	intbio_reads_NovogeneAugust2025	SCBI	Ro	yes	64866	60340	93.02	55512	85.78	4242	6.55	ok
SCBI-5-1-No	intbio_reads_NovogeneAugust2025	SCBI	No	yes	6820194	6507796	95.42	5941296	87.29	309964	4.55	ok
SCBI-5-1-Rh	intbio_reads_NovogeneAugust2025	SCBI	Rh	yes	99020	91045	91.95	82904	84.09	7381	7.49	ok
SCBI-5-1-Ro	intbio_reads_NovogeneAugust2025	SCBI	Ro	yes	12466	11462	91.95	10470	84.20	904	7.27	ok
SCBI-6-1-No	intbio_reads_NovogeneAugust2025	SCBI	No	yes	5509215	5289396	96.01	5006062	91.16	211145	3.85	ok
SCBI-6-1-Rh	intbio_reads_NovogeneAugust2025	SCBI	Rh	yes	366131	342088	93.43	314454	86.16	22489	6.16	ok
SCBI-6-1-Ro	intbio_reads_NovogeneAugust2025	SCBI	Ro	yes	109484	105017	95.92	98640	90.54	4227	3.88	ok
SCBI-7-1-No	intbio_reads_NovogeneAugust2025	SCBI	No	yes	6773560	6699416	98.91	6591494	97.33	72712	1.07	ok
SCBI-7-1-Rh	intbio_reads_NovogeneAugust2025	SCBI	Rh	yes	253177	235731	93.11	212282	84.73	16236	6.48	ok
SCBI-7-1-Ro	intbio_reads_NovogeneAugust2025	SCBI	Ro	yes	90776	88501	97.49	85308	94.18	2087	2.30	ok
SCBI-8-2-No	intbio_reads_NovogeneAugust2025	SCBI	No	yes	1543789	1498997	97.10	1402930	91.86	43070	2.82	ok
SCBI-8-2-Rh	intbio_reads_NovogeneAugust2025	SCBI	Rh	yes	187703	178635	95.17	164704	88.31	8184	4.39	ok
SCBI-8-2-Ro	intbio_reads_NovogeneAugust2025	SCBI	Ro	yes	101779	95253	93.59	87824	86.73	5726	5.65	ok
SCBI-9-2-No	intbio_reads_NovogeneAugust2025	SCBI	No	yes	1165723	1121051	96.17	1067030	91.78	42804	3.68	ok
SCBI-9-2-Rh	intbio_reads_NovogeneAugust2025	SCBI	Rh	yes	264186	247255	93.59	226608	86.17	15743	5.99	ok
SCBI-9-2-Ro	intbio_reads_NovogeneAugust2025	SCBI	Ro	yes	29926	27998	93.56	25978	87.15	1760	5.90	ok
SERC-1-1-No	intbio_reads_NovogeneAugust2025	SERC	No	yes	1765805	1735857	98.30	1672958	94.85	28278	1.60	ok
SERC-1-1-Rh	intbio_reads_NovogeneAugust2025	SERC	Rh	yes	30760	29572	96.14	28418	92.40	1090	3.54	ok
SERC-1-1-Ro	intbio_reads_NovogeneAugust2025	SERC	Ro	yes	292503	276534	94.54	248310	85.04	15347	5.26	ok
SERC-1-2-No	intbio_reads_NovogeneDecember2025	SERC	No	yes	13033704	12815293	98.32	12177198	93.55	202771	1.56	ok
SERC-1-2-Rh	intbio_reads_NovogeneDecember2025	SERC	Rh	yes	978643	945885	96.65	910912	93.35	26678	2.73	ok
SERC-1-2-Ro	intbio_reads_NovogeneDecember2025	SERC	Ro	yes	80665	74910	92.87	68172	84.89	5275	6.57	ok
SERC-1-3-Rh	intbio_reads_NovogeneDecember2025	SERC	Rh	yes	352428	322795	91.59	290520	82.96	26893	7.68	ok
SERC-1-3-Ro	intbio_reads_NovogeneDecember2025	SERC	Ro	yes	118663	108963	91.83	92784	78.69	9488	8.05	ok
SERC-2-1-No	intbio_reads_NovogeneAugust2025	SERC	No	yes	2387438	2325028	97.39	2177804	91.37	60472	2.54	ok
SERC-2-1-Rh	intbio_reads_NovogeneAugust2025	SERC	Rh	yes	172307	157245	91.26	141334	82.36	14252	8.31	ok
SERC-2-1-Ro	intbio_reads_NovogeneAugust2025	SERC	Ro	yes	60755	55960	92.11	50388	83.29	4507	7.45	ok
SERC-2-2-No	intbio_reads_NovogeneDecember2025	SERC	No	yes	3663496	3597868	98.21	3320106	90.91	62418	1.71	ok
SERC-2-2-Rh	intbio_reads_NovogeneDecember2025	SERC	Rh	yes	2121908	2076558	97.86	1943406	91.90	42674	2.02	ok
SERC-2-2-Ro	intbio_reads_NovogeneDecember2025	SERC	Ro	yes	255982	246181	96.17	234078	92.13	9619	3.79	ok
SERC-3-1-Rh	intbio_reads_NovogeneAugust2025	SERC	Rh	yes	311411	285402	91.65	257654	83.01	24869	8.01	ok
SERC-3-1-Ro	intbio_reads_NovogeneAugust2025	SERC	Ro	yes	25083	23683	94.42	22174	88.65	1322	5.29	ok
SERC-4-1-No	intbio_reads_NovogeneAugust2025	SERC	No	yes	2068095	1946216	94.11	1797216	87.27	119075	5.78	ok
SERC-4-1-Rh	intbio_reads_NovogeneAugust2025	SERC	Rh	yes	311779	284892	91.38	257176	82.76	25563	8.23	ok
SERC-4-1-Ro	intbio_reads_NovogeneAugust2025	SERC	Ro	yes	62510	61816	98.89	60740	97.70	348	0.56	ok
SERC-5-1-No	intbio_reads_NovogeneAugust2025	SERC	No	yes	2840148	2766573	97.41	2665368	94.14	72057	2.54	ok
SERC-5-1-Rh	intbio_reads_NovogeneAugust2025	SERC	Rh	yes	320395	306143	95.55	290300	90.77	13478	4.21	ok
SERC-5-1-Ro	intbio_reads_NovogeneAugust2025	SERC	Ro	yes	30484	29364	96.33	28424	93.25	924	3.03	ok
SERC-6-1-No	intbio_reads_NovogeneAugust2025	SERC	No	yes	47980997	46589041	97.10	44957992	93.85	1391288	2.90	ok
SERC-6-1-Rh	intbio_reads_NovogeneAugust2025	SERC	Rh	yes	2889942	2844345	98.42	2786566	96.47	44633	1.55	ok
SERC-6-1-Ro	intbio_reads_NovogeneAugust2025	SERC	Ro	yes	159679	156454	97.98	152296	95.46	3009	1.89	ok
SERC-7-1-No	intbio_reads_NovogeneAugust2025	SERC	No	yes	13413739	13235665	98.67	12908552	96.70	177320	1.33	ok
SERC-7-1-Rh	intbio_reads_NovogeneAugust2025	SERC	Rh	yes	363900	335221	92.12	306568	84.29	27731	7.62	ok
SERC-7-1-Ro	intbio_reads_NovogeneAugust2025	SERC	Ro	yes	142376	127326	89.43	109906	77.55	14604	10.31	ok
SJER-1-1-No	intbio_reads_NovogeneAugust2025	SJER	No	yes	1259399	1150363	91.34	1018136	81.31	106312	8.49	ok
SJER-1-1-Rh	intbio_reads_NovogeneAugust2025	SJER	Rh	yes	237671	227968	95.92	216822	91.24	9267	3.90	ok
SJER-1-1-Ro	intbio_reads_NovogeneAugust2025	SJER	Ro	yes	28600	27351	95.63	25684	90.19	1173	4.12	ok
SJER-2-3-No	intbio_reads_NovogeneAugust2025	SJER	No	yes	7480132	7357207	98.36	7207656	96.45	117971	1.58	ok
SJER-2-3-Rh	intbio_reads_NovogeneAugust2025	SJER	Rh	yes	615964	591790	96.08	566220	91.99	23038	3.74	ok
SJER-2-3-Ro	intbio_reads_NovogeneAugust2025	SJER	Ro	yes	146465	142338	97.18	132100	91.67	3657	2.54	ok
SJER-3-5-No	intbio_reads_NovogeneAugust2025	SJER	No	yes	1294706	1239553	95.74	1160098	90.18	52493	4.08	ok
SJER-3-5-Rh	intbio_reads_NovogeneAugust2025	SJER	Rh	yes	558810	529843	94.82	491280	88.43	27567	4.96	ok
SJER-3-5-Ro	intbio_reads_NovogeneAugust2025	SJER	Ro	yes	121878	115086	94.43	106082	87.60	6506	5.37	ok
SJER-4-1-No	intbio_reads_NovogeneAugust2025	SJER	No	yes	96662	91188	94.34	83944	87.66	5214	5.44	ok
SJER-4-1-Rh	intbio_reads_NovogeneAugust2025	SJER	Rh	yes	211866	202064	95.37	191852	90.73	8706	4.12	ok
SJER-4-1-Ro	intbio_reads_NovogeneAugust2025	SJER	Ro	yes	19719	18688	94.77	17518	88.93	933	4.74	ok
SJER-5-1-No	intbio_reads_NovogeneAugust2025	SJER	No	yes	925444	905021	97.79	876150	94.92	18937	2.05	ok
SJER-5-1-Rh	intbio_reads_NovogeneAugust2025	SJER	Rh	yes	143166	136767	95.53	128418	90.13	6039	4.24	ok
SJER-5-1-Ro	intbio_reads_NovogeneAugust2025	SJER	Ro	yes	36821	34941	94.89	32466	88.61	1776	4.85	ok
SRER-1-1-No	intbio_reads_NovogeneMay2025	SRER	No	yes	7431677	7259596	97.68	6902998	93.07	167091	2.25	ok
SRER-1-1-Rh	intbio_reads_NovogeneMay2025	SRER	Rh	yes	125450	115415	92.00	103272	82.50	9645	7.70	ok
SRER-1-1-Ro	intbio_reads_NovogeneMay2025	SRER	Ro	yes	41349	40109	97.00	38008	92.11	1182	2.86	ok
SRER-10-1-No	intbio_reads_NovogeneMay2025	SRER	No	yes	7252853	7167757	98.83	7012710	96.82	81212	1.12	ok
SRER-10-1-Rh	intbio_reads_NovogeneMay2025	SRER	Rh	yes	3614826	3439075	95.14	3187418	88.33	173113	4.80	ok
SRER-10-1-Ro	intbio_reads_NovogeneMay2025	SRER	Ro	yes	2832872	2772760	97.88	2655468	93.96	58420	2.07	ok
SRER-11-1-No	intbio_reads_NovogeneMay2025	SRER	No	yes	3962398	3898468	98.39	3784320	95.67	61692	1.56	ok
SRER-11-1-Rh	intbio_reads_NovogeneMay2025	SRER	Rh	yes	6318	6212	98.32	5980	94.95	92	1.46	ok
SRER-11-1-Ro	intbio_reads_NovogeneMay2025	SRER	Ro	yes	7521	7170	95.33	6674	89.15	329	4.39	ok
SRER-12-1-No	intbio_reads_NovogeneMay2025	SRER	No	yes	7869900	7664320	97.39	7265668	92.61	200730	2.56	ok
SRER-12-1-Rh	intbio_reads_NovogeneMay2025	SRER	Rh	yes	103417	101888	98.52	96524	93.78	1345	1.31	ok
SRER-12-1-Ro	intbio_reads_NovogeneMay2025	SRER	Ro	yes	1861782	1834807	98.55	1757706	94.80	25895	1.40	ok
SRER-13-1-No	intbio_reads_NovogeneMay2025	SRER	No	yes	3819500	3774592	98.82	3654292	95.95	42736	1.12	ok
SRER-13-1-Rh	intbio_reads_NovogeneMay2025	SRER	Rh	yes	498569	489040	98.09	471522	94.85	8629	1.74	ok
SRER-13-1-Ro	intbio_reads_NovogeneMay2025	SRER	Ro	yes	484567	478103	98.67	460994	95.47	6124	1.27	ok
SRER-14-1-No	intbio_reads_NovogeneMay2025	SRER	No	yes	18895672	18654700	98.72	18167780	96.32	230950	1.22	ok
SRER-14-1-Rh	intbio_reads_NovogeneMay2025	SRER	Rh	yes	152033	147634	97.11	141684	93.53	3949	2.61	ok
SRER-14-1-Ro	intbio_reads_NovogeneMay2025	SRER	Ro	yes	15342	14634	95.39	13792	90.05	666	4.35	ok
SRER-15-1-No	intbio_reads_NovogeneMay2025	SRER	No	yes	13042229	12805595	98.19	12247008	94.15	228098	1.75	ok
SRER-15-1-Rh	intbio_reads_NovogeneMay2025	SRER	Rh	yes	717536	691764	96.41	654918	91.43	24858	3.47	ok
SRER-15-1-Ro	intbio_reads_NovogeneMay2025	SRER	Ro	yes	114954	112749	98.08	109008	95.05	2055	1.79	ok
SRER-16-1-No	intbio_reads_NovogeneMay2025	SRER	No	yes	8154032	7943922	97.42	7546214	92.79	204140	2.51	ok
SRER-16-1-Rh	intbio_reads_NovogeneMay2025	SRER	Rh	yes	1263575	1219771	96.53	1126492	89.28	42638	3.38	ok
SRER-16-1-Ro	intbio_reads_NovogeneMay2025	SRER	Ro	yes	16386	15835	96.64	15012	91.94	523	3.20	ok
SRER-17-1-No	intbio_reads_NovogeneMay2025	SRER	No	yes	5189778	4960342	95.58	4595618	88.66	225316	4.35	ok
SRER-17-1-Rh	intbio_reads_NovogeneMay2025	SRER	Rh	yes	169822	156399	92.10	141972	83.71	12883	7.60	ok
SRER-17-1-Ro	intbio_reads_NovogeneMay2025	SRER	Ro	yes	14469	13511	93.38	12462	86.18	918	6.35	ok
SRER-18-1-No	intbio_reads_NovogeneMay2025	SRER	No	yes	17098	16746	97.94	16212	95.12	322	1.89	ok
SRER-18-1-Rh	intbio_reads_NovogeneMay2025	SRER	Rh	yes	2369390	2280606	96.25	2133992	90.45	86376	3.66	ok
SRER-18-1-Ro	intbio_reads_NovogeneMay2025	SRER	Ro	yes	692844	664437	95.90	615436	89.11	27887	4.04	ok
SRER-2-1-No	intbio_reads_NovogeneMay2025	SRER	No	yes	13650096	13319842	97.58	12750204	93.76	321564	2.36	ok
SRER-2-1-Rh	intbio_reads_NovogeneMay2025	SRER	Rh	yes	162384	156346	96.28	149522	92.40	5380	3.32	ok
SRER-2-1-Ro	intbio_reads_NovogeneMay2025	SRER	Ro	yes	14056	13361	95.06	12572	89.47	641	4.56	ok
SRER-3-1-No	intbio_reads_NovogeneMay2025	SRER	No	yes	5479882	5273008	96.22	4892334	89.47	202168	3.70	ok
SRER-3-1-Rh	intbio_reads_NovogeneMay2025	SRER	Rh	yes	301783	289566	95.95	273808	90.92	11401	3.79	ok
SRER-3-1-Ro	intbio_reads_NovogeneMay2025	SRER	Ro	yes	40632	38476	94.69	34988	86.37	2082	5.14	ok
SRER-4-1-No	intbio_reads_NovogeneMay2025	SRER	No	yes	2382226	2361571	99.13	2316424	97.42	19389	0.82	ok
SRER-4-1-Rh	intbio_reads_NovogeneMay2025	SRER	Rh	yes	232427	224286	96.50	213530	91.92	7009	3.02	ok
SRER-4-1-Ro	intbio_reads_NovogeneMay2025	SRER	Ro	yes	6995	6689	95.63	6294	90.17	290	4.15	ok
SRER-5-1-No	intbio_reads_NovogeneMay2025	SRER	No	yes	6076389	5803778	95.51	5335700	88.07	268701	4.44	ok
SRER-5-1-Rh	intbio_reads_NovogeneMay2025	SRER	Rh	yes	12068338	11995549	99.40	11836302	98.24	66417	0.55	ok
SRER-5-1-Ro	intbio_reads_NovogeneMay2025	SRER	Ro	yes	346106	341760	98.74	332132	96.15	4100	1.19	ok
SRER-6-1-No	intbio_reads_NovogeneMay2025	SRER	No	yes	6309893	5965377	94.54	5475732	86.88	339404	5.38	ok
SRER-6-1-Rh	intbio_reads_NovogeneMay2025	SRER	Rh	yes	2683	2635	98.21	2564	95.67	42	1.57	ok
SRER-6-1-Ro	intbio_reads_NovogeneMay2025	SRER	Ro	yes	80475	76215	94.71	70098	87.20	4172	5.19	ok
SRER-7-1-No	intbio_reads_NovogeneMay2025	SRER	No	yes	6342473	5930605	93.51	5376192	84.91	406668	6.42	ok
SRER-7-1-Rh	intbio_reads_NovogeneMay2025	SRER	Rh	yes	8087497	7814402	96.62	7399838	91.70	266963	3.31	ok
SRER-7-1-Ro	intbio_reads_NovogeneMay2025	SRER	Ro	yes	468751	435593	92.93	391282	83.78	32760	7.01	ok
SRER-8-1-No	intbio_reads_NovogeneMay2025	SRER	No	yes	6620879	6367041	96.17	5902260	89.40	249258	3.78	ok
SRER-8-1-Rh	intbio_reads_NovogeneMay2025	SRER	Rh	yes	176993	167803	94.81	153652	86.98	7296	4.13	ok
SRER-8-1-Ro	intbio_reads_NovogeneMay2025	SRER	Ro	yes	128649	126938	98.67	123326	96.01	1527	1.19	ok
SRER-9-1-No	intbio_reads_NovogeneMay2025	SRER	No	yes	2928	2865	97.85	2770	94.73	59	2.02	ok
SRER-9-1-Rh	intbio_reads_NovogeneMay2025	SRER	Rh	yes	2453	2415	98.45	2338	95.58	38	1.55	ok
SRER-9-1-Ro	intbio_reads_NovogeneMay2025	SRER	Ro	yes	56228	53338	94.86	48946	87.36	2810	5.02	ok
TALL-1-1-No	intbio_reads_NovogeneMay2025	TALL	No	yes	96385	94982	98.54	93494	97.02	1385	1.44	ok
TALL-1-1-Rh	intbio_reads_NovogeneMay2025	TALL	Rh	yes	140788	131338	93.29	120560	86.00	9138	6.52	ok
TALL-1-1-Ro	intbio_reads_NovogeneMay2025	TALL	Ro	yes	61790	56966	92.19	51444	83.73	4644	7.56	ok
TALL-1-2-No	intbio_reads_NovogeneDecember2025	TALL	No	yes	7956	7847	98.63	7706	97.00	107	1.35	ok
TALL-1-2-Rh	intbio_reads_NovogeneDecember2025	TALL	Rh	yes	149487	141575	94.71	131206	88.29	6998	4.71	ok
TALL-1-2-Ro	intbio_reads_NovogeneDecember2025	TALL	Ro	yes	6948	6815	98.09	6618	95.33	133	1.92	ok
TALL-10-4-No	intbio_reads_NovogeneAugust2025	TALL	No	yes	368566	355265	96.39	334910	91.63	12553	3.43	ok
TALL-10-4-Rh	intbio_reads_NovogeneAugust2025	TALL	Rh	yes	82515	78741	95.43	73042	88.74	3570	4.34	ok
TALL-10-4-Ro	intbio_reads_NovogeneAugust2025	TALL	Ro	yes	8236	7992	97.04	7628	92.69	230	2.79	ok
TALL-11-1-No	intbio_reads_NovogeneAugust2025	TALL	No	yes	146328	133737	91.40	119614	81.91	12263	8.40	ok
TALL-11-1-Rh	intbio_reads_NovogeneAugust2025	TALL	Rh	yes	113466	101181	89.17	87828	77.69	11973	10.59	ok
TALL-11-1-Ro	intbio_reads_NovogeneAugust2025	TALL	Ro	yes	105515	94658	89.71	83596	79.41	10487	9.96	ok
TALL-12-2-No	intbio_reads_NovogeneAugust2025	TALL	No	yes	3870932	3686536	95.24	3451460	89.49	175870	4.56	ok
TALL-12-2-Rh	intbio_reads_NovogeneAugust2025	TALL	Rh	yes	94800	89596	94.51	84152	89.03	4934	5.22	ok
TALL-12-2-Ro	intbio_reads_NovogeneAugust2025	TALL	Ro	yes	787935	763760	96.93	731314	93.25	22867	2.92	ok
TALL-13-3-No	intbio_reads_NovogeneAugust2025	TALL	No	yes	7456851	7061138	94.69	6415078	86.34	392509	5.28	ok
TALL-13-3-Rh	intbio_reads_NovogeneAugust2025	TALL	Rh	yes	287219	274061	95.42	255084	89.02	12552	4.38	ok
TALL-13-3-Ro	intbio_reads_NovogeneAugust2025	TALL	Ro	yes	239767	229655	95.78	214626	90.28	9444	3.97	ok
TALL-14-2-No	intbio_reads_NovogeneAugust2025	TALL	No	yes	1212263	1163646	95.99	1098810	90.94	46465	3.85	ok
TALL-14-2-Rh	intbio_reads_NovogeneAugust2025	TALL	Rh	yes	319072	283462	88.84	246928	77.46	34662	10.87	ok
TALL-14-2-Ro	intbio_reads_NovogeneAugust2025	TALL	Ro	yes	367954	313900	85.31	255466	70.02	53008	14.53	ok
TALL-15-2-No	intbio_reads_NovogeneAugust2025	TALL	No	yes	9479062	8832750	93.18	7916466	84.00	626936	6.65	ok
TALL-15-2-Rh	intbio_reads_NovogeneAugust2025	TALL	Rh	yes	106983	102762	96.05	98588	92.26	4001	3.74	ok
TALL-15-2-Ro	intbio_reads_NovogeneAugust2025	TALL	Ro	yes	11665	11253	96.47	10720	92.08	378	3.25	ok
TALL-16-No	intbio_reads_NovogeneAugust2025	TALL	No	yes	1360124	1265179	93.02	1156852	85.10	92235	6.79	ok
TALL-16-Rh	intbio_reads_NovogeneAugust2025	TALL	Rh	yes	295264	270877	91.74	239862	81.61	22827	7.77	ok
TALL-16-Ro	intbio_reads_NovogeneAugust2025	TALL	Ro	yes	9817	9314	94.88	8620	87.82	489	4.98	ok
TALL-17-2-No	intbio_reads_NovogeneAugust2025	TALL	No	yes	1954451	1846109	94.46	1712498	87.77	104160	5.34	ok
TALL-17-2-Rh	intbio_reads_NovogeneAugust2025	TALL	Rh	yes	121817	109161	89.61	94502	78.03	11872	9.80	ok
TALL-17-2-Ro	intbio_reads_NovogeneAugust2025	TALL	Ro	yes	5720	5378	94.02	5008	87.71	290	5.08	ok
TALL-18-1-No	intbio_reads_NovogeneAugust2025	TALL	No	yes	1665999	1512563	90.79	1339950	80.56	150174	9.03	ok
TALL-18-1-Rh	intbio_reads_NovogeneAugust2025	TALL	Rh	yes	291473	279153	95.77	255566	89.43	11560	4.05	ok
TALL-18-1-Ro	intbio_reads_NovogeneAugust2025	TALL	Ro	yes	123013	113533	92.29	102894	83.76	9270	7.55	ok
TALL-19-2-No	intbio_reads_NovogeneAugust2025	TALL	No	yes	6999305	6259019	89.42	5408328	77.38	732182	10.48	ok
TALL-19-2-Rh	intbio_reads_NovogeneAugust2025	TALL	Rh	yes	130575	117766	90.19	103684	79.74	12501	9.61	ok
TALL-19-2-Ro	intbio_reads_NovogeneAugust2025	TALL	Ro	yes	118384	104962	88.66	90520	76.74	13090	11.10	ok
TALL-2-3-No	intbio_reads_NovogeneAugust2025	TALL	No	yes	3869671	3606769	93.21	3302478	85.46	254310	6.58	ok
TALL-2-3-Rh	intbio_reads_NovogeneAugust2025	TALL	Rh	yes	354885	328830	92.66	300408	85.03	24705	6.99	ok
TALL-2-3-Ro	intbio_reads_NovogeneAugust2025	TALL	Ro	yes	670844	628013	93.62	558144	83.79	41273	6.20	ok
TALL-20-1-No	intbio_reads_NovogeneAugust2025	TALL	No	yes	1528355	1451495	94.97	1352766	88.66	73972	4.85	ok
TALL-20-1-Rh	intbio_reads_NovogeneAugust2025	TALL	Rh	yes	111507	101587	91.10	91422	82.19	9570	8.60	ok
TALL-20-1-Ro	intbio_reads_NovogeneAugust2025	TALL	Ro	yes	111466	102837	92.26	89566	81.14	8359	7.57	ok
TALL-21-2-No	intbio_reads_NovogeneAugust2025	TALL	No	yes	947994	884188	93.27	808898	85.49	61856	6.54	ok
TALL-21-2-Rh	intbio_reads_NovogeneAugust2025	TALL	Rh	yes	187713	181383	96.63	173052	92.37	5960	3.18	ok
TALL-21-2-Ro	intbio_reads_NovogeneAugust2025	TALL	Ro	yes	286409	271555	94.81	236602	83.40	14280	5.03	ok
TALL-22-No	intbio_reads_NovogeneAugust2025	TALL	No	yes	673284	635814	94.43	589692	87.73	36184	5.38	ok
TALL-22-Rh	intbio_reads_NovogeneAugust2025	TALL	Rh	yes	417615	388062	92.92	348012	83.96	28739	6.93	ok
TALL-22-Ro	intbio_reads_NovogeneAugust2025	TALL	Ro	yes	6010	5750	95.67	5448	91.04	242	4.04	ok
TALL-23-2-No	intbio_reads_NovogeneAugust2025	TALL	No	yes	1531831	1425369	93.05	1289966	84.54	103272	6.77	ok
TALL-23-2-Rh	intbio_reads_NovogeneAugust2025	TALL	Rh	yes	210514	197358	93.75	183316	87.27	12690	6.04	ok
TALL-23-2-Ro	intbio_reads_NovogeneAugust2025	TALL	Ro	yes	882468	832887	94.38	768106	87.65	47731	5.45	ok
TALL-24-2-No	intbio_reads_NovogeneAugust2025	TALL	No	yes	3950156	3769048	95.42	3470862	88.43	175454	4.47	ok
TALL-24-2-Rh	intbio_reads_NovogeneAugust2025	TALL	Rh	yes	514396	487392	94.75	449236	87.79	25956	5.07	ok
TALL-24-2-Ro	intbio_reads_NovogeneAugust2025	TALL	Ro	yes	29476	28377	96.27	26750	91.03	1001	3.41	ok
TALL-25-2-No	intbio_reads_NovogeneAugust2025	TALL	No	yes	4304220	4145145	96.30	3935080	91.62	150913	3.51	ok
TALL-25-2-Rh	intbio_reads_NovogeneAugust2025	TALL	Rh	yes	1114352	1089249	97.75	1049096	94.56	23415	2.11	ok
TALL-25-2-Ro	intbio_reads_NovogeneAugust2025	TALL	Ro	yes	142231	135588	95.33	125338	88.55	6349	4.49	ok
TALL-26-3-No	intbio_reads_NovogeneAugust2025	TALL	No	yes	460407	437761	95.08	412114	89.75	21592	4.70	ok
TALL-26-3-Rh	intbio_reads_NovogeneAugust2025	TALL	Rh	yes	133332	122420	91.82	110802	83.24	10584	7.95	ok
TALL-26-3-Ro	intbio_reads_NovogeneAugust2025	TALL	Ro	yes	170760	159950	93.67	147530	86.71	10280	6.04	ok
TALL-27-1-No	intbio_reads_NovogeneAugust2025	TALL	No	yes	219956	201441	91.58	179528	81.98	17865	8.16	ok
TALL-27-1-Rh	intbio_reads_NovogeneAugust2025	TALL	Rh	yes	258779	242499	93.71	222046	86.11	15756	6.11	ok
TALL-27-1-Ro	intbio_reads_NovogeneAugust2025	TALL	Ro	yes	104587	93840	89.72	82356	78.93	10355	9.92	ok
TALL-28-1-No	intbio_reads_NovogeneAugust2025	TALL	No	yes	3103248	2745815	88.48	2350442	75.85	350421	11.31	ok
TALL-28-1-Rh	intbio_reads_NovogeneAugust2025	TALL	Rh	yes	220408	196696	89.24	165544	75.79	22972	10.52	ok
TALL-28-1-Ro	intbio_reads_NovogeneAugust2025	TALL	Ro	yes	82003	74441	90.78	66260	80.96	7424	9.07	ok
TALL-29-3-No	intbio_reads_NovogeneAugust2025	TALL	No	yes	1555628	1434356	92.20	1292972	83.28	118254	7.62	ok
TALL-29-3-Rh	intbio_reads_NovogeneAugust2025	TALL	Rh	yes	375128	354460	94.49	329574	88.33	19626	5.26	ok
TALL-29-3-Ro	intbio_reads_NovogeneAugust2025	TALL	Ro	yes	44781	41000	91.56	36100	81.30	3671	8.27	ok
TALL-3-1-No	intbio_reads_NovogeneMay2025	TALL	No	yes	219693	204536	93.10	188648	86.03	14687	6.70	ok
TALL-3-1-Rh	intbio_reads_NovogeneMay2025	TALL	Rh	yes	254629	218203	85.69	180368	71.01	35598	14.01	ok
TALL-3-1-Ro	intbio_reads_NovogeneMay2025	TALL	Ro	yes	18376	17856	97.17	17258	94.05	492	2.68	ok
TALL-30-1-No	intbio_reads_NovogeneAugust2025	TALL	No	yes	293937	274639	93.43	250892	85.55	18588	6.34	ok
TALL-30-1-Rh	intbio_reads_NovogeneAugust2025	TALL	Rh	yes	2091017	2076010	99.28	2041660	97.91	13793	0.66	ok
TALL-30-1-Ro	intbio_reads_NovogeneAugust2025	TALL	Ro	yes	87262	84201	96.49	80056	92.05	2871	3.30	ok
TALL-31-1-No	intbio_reads_NovogeneAugust2025	TALL	No	yes	1966000	1896019	96.44	1804130	91.98	65989	3.36	ok
TALL-31-1-Rh	intbio_reads_NovogeneAugust2025	TALL	Rh	yes	620062	611458	98.61	599266	96.90	7980	1.29	ok
TALL-31-1-Ro	intbio_reads_NovogeneAugust2025	TALL	Ro	yes	35781	34075	95.23	32136	90.08	1594	4.47	ok
TALL-32-1-No	intbio_reads_NovogeneAugust2025	TALL	No	yes	1066625	1045642	98.03	1009902	94.86	19393	1.82	ok
TALL-32-1-Rh	intbio_reads_NovogeneAugust2025	TALL	Rh	yes	570159	558218	97.91	542858	95.66	10957	1.93	ok
TALL-32-1-Ro	intbio_reads_NovogeneAugust2025	TALL	Ro	yes	78930	74821	94.79	68720	87.55	3901	4.97	ok
TALL-33-1-No	intbio_reads_NovogeneAugust2025	TALL	No	yes	3146937	3071294	97.60	2977890	94.78	69563	2.21	ok
TALL-33-1-Rh	intbio_reads_NovogeneAugust2025	TALL	Rh	yes	381227	362972	95.21	342146	90.09	17305	4.56	ok
TALL-33-1-Ro	intbio_reads_NovogeneAugust2025	TALL	Ro	yes	7160	6839	95.52	6474	90.44	297	4.15	ok
TALL-34-1-No	intbio_reads_NovogeneAugust2025	TALL	No	yes	1654015	1570589	94.96	1433802	87.48	79056	4.82	ok
TALL-34-1-Rh	intbio_reads_NovogeneAugust2025	TALL	Rh	yes	851188	818979	96.22	774770	91.31	30457	3.59	ok
TALL-34-1-Ro	intbio_reads_NovogeneAugust2025	TALL	Ro	yes	52425	49207	93.86	45642	87.44	2860	5.48	ok
TALL-35-1-No	intbio_reads_NovogeneAugust2025	TALL	No	yes	444803	405505	91.17	351374	79.31	37978	8.57	ok
TALL-35-1-Rh	intbio_reads_NovogeneAugust2025	TALL	Rh	yes	422596	389257	92.11	343602	81.52	32253	7.65	ok
TALL-35-1-Ro	intbio_reads_NovogeneAugust2025	TALL	Ro	yes	75176	71847	95.57	67850	90.57	3047	4.07	ok
TALL-36-1-No	intbio_reads_NovogeneAugust2025	TALL	No	yes	262945	244939	93.15	222576	85.15	17370	6.64	ok
TALL-36-1-Rh	intbio_reads_NovogeneAugust2025	TALL	Rh	yes	390331	362534	92.88	317448	82.12	26955	6.97	ok
TALL-36-1-Ro	intbio_reads_NovogeneAugust2025	TALL	Ro	yes	110770	102680	92.70	92644	84.09	7696	6.99	ok
TALL-37-1-No	intbio_reads_NovogeneAugust2025	TALL	No	yes	61775	56420	91.33	46566	77.15	5199	8.61	ok
TALL-37-1-Rh	intbio_reads_NovogeneAugust2025	TALL	Rh	yes	706483	654623	92.66	586824	83.59	49238	7.01	ok
TALL-37-1-Ro	intbio_reads_NovogeneAugust2025	TALL	Ro	yes	28939	27042	93.44	24850	86.26	1637	5.68	ok
TALL-38-3-No	intbio_reads_NovogeneAugust2025	TALL	No	yes	2597812	2425853	93.38	2225374	85.87	167041	6.45	ok
TALL-38-3-Rh	intbio_reads_NovogeneAugust2025	TALL	Rh	yes	911200	847630	93.02	762810	84.20	60568	6.69	ok
TALL-38-3-Ro	intbio_reads_NovogeneAugust2025	TALL	Ro	yes	12831	12238	95.38	11318	88.84	539	4.23	ok
TALL-39-2-No	intbio_reads_NovogeneAugust2025	TALL	No	yes	3611605	3337417	92.41	3026628	83.95	267226	7.41	ok
TALL-39-2-Rh	intbio_reads_NovogeneAugust2025	TALL	Rh	yes	26459	25077	94.78	23714	89.64	1336	5.05	ok
TALL-39-2-Ro	intbio_reads_NovogeneAugust2025	TALL	Ro	yes	30898	28211	91.30	25404	82.49	2617	8.50	ok
TALL-4-1-No	intbio_reads_NovogeneAugust2025	TALL	No	yes	3422092	3058035	89.36	2683958	78.47	355361	10.39	ok
TALL-4-1-Rh	intbio_reads_NovogeneMay2025	TALL	Rh	yes	128027	119540	93.37	109184	85.72	8165	6.41	ok
TALL-4-1-Ro	intbio_reads_NovogeneMay2025	TALL	Ro	yes	7992	7775	97.28	7544	94.47	203	2.54	ok
TALL-40-1-No	intbio_reads_NovogeneAugust2025	TALL	No	yes	1775366	1687973	95.08	1576714	88.96	84289	4.76	ok
TALL-40-1-Rh	intbio_reads_NovogeneAugust2025	TALL	Rh	yes	406570	377894	92.95	335672	83.55	27320	6.80	ok
TALL-40-1-Ro	intbio_reads_NovogeneAugust2025	TALL	Ro	yes	30884	29063	94.10	26712	87.15	1687	5.50	ok
TALL-41-3-No	intbio_reads_NovogeneAugust2025	TALL	No	yes	2786163	2637546	94.67	2475066	88.90	142567	5.12	ok
TALL-41-3-Rh	intbio_reads_NovogeneAugust2025	TALL	Rh	yes	690578	649204	94.01	592838	86.18	39656	5.76	ok
TALL-41-3-Ro	intbio_reads_NovogeneAugust2025	TALL	Ro	yes	16899	15699	92.90	14378	85.27	1140	6.76	ok
TALL-42-1-No	intbio_reads_NovogeneAugust2025	TALL	No	yes	1954860	1896935	97.04	1820448	93.28	53785	2.76	ok
TALL-42-1-Rh	intbio_reads_NovogeneAugust2025	TALL	Rh	yes	427689	398705	93.22	363590	85.23	27920	6.55	ok
TALL-42-1-Ro	intbio_reads_NovogeneAugust2025	TALL	Ro	yes	8328	7567	90.86	6636	80.05	711	8.58	ok
TALL-43-1-No	intbio_reads_NovogeneMay2025	TALL	No	yes	22703	21626	95.26	20506	90.39	1029	4.54	ok
TALL-43-1-Rh	intbio_reads_NovogeneMay2025	TALL	Rh	yes	77106	73470	95.28	65272	86.69	3488	4.63	ok
TALL-43-1-Ro	intbio_reads_NovogeneMay2025	TALL	Ro	yes	47071	44657	94.87	41178	88.15	2288	4.90	ok
TALL-44-1-No	intbio_reads_NovogeneMay2025	TALL	No	yes	2105268	1985603	94.32	1835514	87.38	116479	5.54	ok
TALL-44-1-Rh	intbio_reads_NovogeneMay2025	TALL	Rh	yes	369534	345420	93.47	311646	84.79	23268	6.33	ok
TALL-44-1-Ro	intbio_reads_NovogeneMay2025	TALL	Ro	yes	20402	19137	93.80	17606	86.64	1217	5.99	ok
TALL-45-1-No	intbio_reads_NovogeneMay2025	TALL	No	yes	2343211	2255734	96.27	2145584	91.72	84389	3.61	ok
TALL-45-1-Rh	intbio_reads_NovogeneMay2025	TALL	Rh	yes	192867	185447	96.15	175630	91.49	6840	3.56	ok
TALL-45-1-Ro	intbio_reads_NovogeneMay2025	TALL	Ro	yes	12446	11852	95.23	11176	90.10	576	4.64	ok
TALL-46-2-No	intbio_reads_NovogeneMay2025	TALL	No	yes	2379955	2262894	95.08	2129120	89.59	113787	4.79	ok
TALL-46-2-Rh	intbio_reads_NovogeneMay2025	TALL	Rh	yes	47763	43847	91.80	38476	81.10	3858	8.13	ok
TALL-46-2-Ro	intbio_reads_NovogeneMay2025	TALL	Ro	yes	23655	22698	95.95	21564	91.49	873	3.70	ok
TALL-47-2-No	intbio_reads_NovogeneMay2025	TALL	No	yes	3861623	3663261	94.86	3383908	87.98	192056	4.99	ok
TALL-47-2-Rh	intbio_reads_NovogeneMay2025	TALL	Rh	yes	525492	493881	93.98	453886	86.53	31071	5.92	ok
TALL-47-2-Ro	intbio_reads_NovogeneMay2025	TALL	Ro	yes	74375	70649	94.99	65906	88.93	3642	4.91	ok
TALL-48-2-No	intbio_reads_NovogeneMay2025	TALL	No	yes	1341178	1291972	96.33	1227544	92.07	48306	3.62	ok
TALL-48-2-Rh	intbio_reads_NovogeneMay2025	TALL	Rh	yes	242218	231838	95.71	218984	90.60	9412	3.89	ok
TALL-48-2-Ro	intbio_reads_NovogeneMay2025	TALL	Ro	yes	31550	30519	96.73	29282	93.05	965	3.07	ok
TALL-49-1-No	intbio_reads_NovogeneMay2025	TALL	No	yes	3600680	3427684	95.20	3198172	89.07	167922	4.68	ok
TALL-49-1-Rh	intbio_reads_NovogeneMay2025	TALL	Rh	yes	125106	119049	95.16	109602	88.03	5795	4.65	ok
TALL-49-1-Ro	intbio_reads_NovogeneMay2025	TALL	Ro	yes	73424	68216	92.91	62470	85.33	5086	6.95	ok
TALL-5-2-No	intbio_reads_NovogeneAugust2025	TALL	No	yes	112236	102477	91.30	91294	81.52	9199	8.21	ok
TALL-5-2-Rh	intbio_reads_NovogeneAugust2025	TALL	Rh	yes	44377	41009	92.41	36908	83.79	3228	7.33	ok
TALL-5-2-Ro	intbio_reads_NovogeneAugust2025	TALL	Ro	yes	42285	40425	95.60	37762	89.73	1836	4.36	ok
TALL-50-1-No	intbio_reads_NovogeneMay2025	TALL	No	yes	5803257	5583308	96.21	5294064	91.48	212939	3.68	ok
TALL-50-1-Rh	intbio_reads_NovogeneMay2025	TALL	Rh	yes	146219	134188	91.77	119054	81.73	11733	8.06	ok
TALL-50-1-Ro	intbio_reads_NovogeneMay2025	TALL	Ro	yes	25949	25140	96.88	24142	93.18	731	2.82	ok
TALL-51-3-No	intbio_reads_NovogeneMay2025	TALL	No	yes	4820411	4622666	95.90	4372428	90.83	191211	3.97	ok
TALL-51-3-Rh	intbio_reads_NovogeneMay2025	TALL	Rh	yes	496881	471905	94.97	440802	88.88	23910	4.82	ok
TALL-51-3-Ro	intbio_reads_NovogeneMay2025	TALL	Ro	yes	27052	25722	95.08	24318	89.93	1236	4.57	ok
TALL-52-1-No	intbio_reads_NovogeneMay2025	TALL	No	yes	218262	207601	95.12	192348	88.98	10009	4.63	ok
TALL-52-1-Rh	intbio_reads_NovogeneMay2025	TALL	Rh	yes	227072	209009	92.05	188708	83.58	17497	7.75	ok
TALL-52-1-Ro	intbio_reads_NovogeneMay2025	TALL	Ro	yes	24422	23382	95.74	22244	91.50	976	4.01	ok
TALL-53-3-No	intbio_reads_NovogeneAugust2025	TALL	No	yes	4149462	3652502	88.02	3107082	74.98	491494	11.86	ok
TALL-53-3-Rh	intbio_reads_NovogeneMay2025	TALL	Rh	yes	1752451	1692935	96.60	1620288	92.61	57248	3.27	ok
TALL-53-3-Ro	intbio_reads_NovogeneAugust2025	TALL	Ro	yes	75009	66246	88.32	56618	75.65	8629	11.53	ok
TALL-54-1-No	intbio_reads_NovogeneMay2025	TALL	No	yes	7404707	7246316	97.86	7036860	95.14	151433	2.05	ok
TALL-54-1-Rh	intbio_reads_NovogeneMay2025	TALL	Rh	yes	219066	199149	90.91	177512	81.49	19541	8.97	ok
TALL-54-1-Ro	intbio_reads_NovogeneMay2025	TALL	Ro	yes	38851	37085	95.45	34904	90.13	1670	4.31	ok
TALL-55-1-No	intbio_reads_NovogeneAugust2025	TALL	No	yes	3242937	2932930	90.44	2570282	79.44	308231	9.53	ok
TALL-55-1-Rh	intbio_reads_NovogeneMay2025	TALL	Rh	yes	202043	184727	91.43	166584	82.70	16806	8.34	ok
TALL-55-1-Ro	intbio_reads_NovogeneMay2025	TALL	Ro	yes	70243	66342	94.45	62646	89.22	3587	5.11	ok
TALL-56-1-No	intbio_reads_NovogeneMay2025	TALL	No	yes	3402962	3338139	98.10	3251598	95.71	62597	1.84	ok
TALL-56-1-Rh	intbio_reads_NovogeneMay2025	TALL	Rh	yes	254356	234442	92.17	212240	83.77	19342	7.63	ok
TALL-56-1-Ro	intbio_reads_NovogeneMay2025	TALL	Ro	yes	29832	28442	95.34	26864	90.42	1318	4.44	ok
TALL-57-2-No	intbio_reads_NovogeneMay2025	TALL	No	yes	683746	656938	96.08	624652	91.52	26126	3.83	ok
TALL-57-2-Rh	intbio_reads_NovogeneMay2025	TALL	Rh	yes	185472	173081	93.32	159554	86.36	11919	6.45	ok
TALL-57-2-Ro	intbio_reads_NovogeneMay2025	TALL	Ro	yes	23089	22172	96.03	21198	92.11	843	3.66	ok
TALL-58-1-No	intbio_reads_NovogeneMay2025	TALL	No	yes	422306	411077	97.34	396796	94.10	10761	2.55	ok
TALL-58-1-Rh	intbio_reads_NovogeneMay2025	TALL	Rh	yes	121059	110177	91.01	97666	80.78	10646	8.81	ok
TALL-58-1-Ro	intbio_reads_NovogeneMay2025	TALL	Ro	yes	18858	18103	96.00	17156	91.29	705	3.75	ok
TALL-59-1-No	intbio_reads_NovogeneAugust2025	TALL	No	yes	2151072	2093144	97.31	2020534	94.08	53936	2.51	ok
TALL-59-1-Rh	intbio_reads_NovogeneAugust2025	TALL	Rh	yes	434512	371996	85.61	307248	70.92	61066	14.10	ok
TALL-59-1-Ro	intbio_reads_NovogeneAugust2025	TALL	Ro	yes	59571	55028	92.37	49742	83.74	4373	7.36	ok
TALL-6-2-No	intbio_reads_NovogeneAugust2025	TALL	No	yes	137516	131613	95.71	124328	90.65	5617	4.10	ok
TALL-6-2-Rh	intbio_reads_NovogeneAugust2025	TALL	Rh	yes	339072	297722	87.80	254054	75.15	40198	11.89	ok
TALL-6-2-Ro	intbio_reads_NovogeneAugust2025	TALL	Ro	yes	42762	40948	95.76	38820	91.20	1674	3.93	ok
TALL-60-1-No	intbio_reads_NovogeneAugust2025	TALL	No	yes	5619875	5420081	96.44	5160710	91.93	198064	3.53	ok
TALL-60-1-Rh	intbio_reads_NovogeneAugust2025	TALL	Rh	yes	87433	83028	94.96	75786	87.84	4153	4.81	ok
TALL-60-1-Ro	intbio_reads_NovogeneAugust2025	TALL	Ro	yes	5652	5569	98.53	5484	97.13	65	1.15	ok
TALL-61-1-No	intbio_reads_NovogeneDecember2025	TALL	No	yes	2143565	2105814	98.24	1951110	91.13	35445	1.66	ok
TALL-61-1-Rh	intbio_reads_NovogeneDecember2025	TALL	Rh	yes	540841	521079	96.35	505186	93.43	15324	2.83	ok
TALL-61-1-Ro	intbio_reads_NovogeneDecember2025	TALL	Ro	yes	26022	25428	97.72	24872	95.62	530	2.04	ok
TALL-61-2-No	intbio_reads_NovogeneAugust2025	TALL	No	yes	376940	367529	97.50	337554	89.60	9135	2.42	ok
TALL-61-2-Rh	intbio_reads_NovogeneAugust2025	TALL	Rh	yes	21677	19768	91.19	17740	81.85	1857	8.57	ok
TALL-61-2-Ro	intbio_reads_NovogeneAugust2025	TALL	Ro	yes	4447	4348	97.77	4252	95.68	85	1.91	ok
TALL-61-3-No	intbio_reads_NovogeneDecember2025	TALL	No	yes	1231785	1224026	99.37	1195452	97.06	7347	0.60	ok
TALL-61-3-Rh	intbio_reads_NovogeneDecember2025	TALL	Rh	yes	361561	344999	95.42	315090	87.30	15690	4.35	ok
TALL-61-3-Ro	intbio_reads_NovogeneDecember2025	TALL	Ro	yes	71523	70657	98.79	68066	96.63	816	1.16	ok
TALL-62-1-No	intbio_reads_NovogeneAugust2025	TALL	No	yes	3404664	3288868	96.60	3162124	92.94	109592	3.22	ok
TALL-62-1-Rh	intbio_reads_NovogeneAugust2025	TALL	Rh	yes	395942	347030	87.65	293566	74.43	47510	12.05	ok
TALL-62-1-Ro	intbio_reads_NovogeneAugust2025	TALL	Ro	yes	55244	51522	93.26	46458	84.66	3628	6.61	ok
TALL-63-1-No	intbio_reads_NovogeneAugust2025	TALL	No	yes	2496357	2407979	96.46	2298896	92.21	83634	3.35	ok
TALL-63-1-Rh	intbio_reads_NovogeneAugust2025	TALL	Rh	yes	54271	47570	87.65	40296	74.53	6493	12.01	ok
TALL-63-1-Ro	intbio_reads_NovogeneAugust2025	TALL	Ro	yes	7878	7387	93.77	6788	86.69	461	5.89	ok
TALL-64-1-No	intbio_reads_NovogeneAugust2025	TALL	No	yes	1624146	1578876	97.21	1501218	92.55	43522	2.68	ok
TALL-64-1-Rh	intbio_reads_NovogeneAugust2025	TALL	Rh	yes	403040	351283	87.16	298446	74.35	50089	12.48	ok
TALL-64-1-Ro	intbio_reads_NovogeneAugust2025	TALL	Ro	yes	82067	76055	92.67	69152	84.43	5724	6.99	ok
TALL-65-1-No	intbio_reads_NovogeneAugust2025	TALL	No	yes	1593150	1523273	95.61	1442300	90.67	66095	4.15	ok
TALL-65-1-Rh	intbio_reads_NovogeneAugust2025	TALL	Rh	yes	224789	204419	90.94	182352	81.41	19396	8.66	ok
TALL-65-1-Ro	intbio_reads_NovogeneAugust2025	TALL	Ro	yes	14155	12622	89.17	10818	76.71	1507	10.69	ok
TALL-66-2-No	intbio_reads_NovogeneAugust2025	TALL	No	yes	1481939	1403493	94.71	1309272	88.55	75224	5.09	ok
TALL-66-2-Rh	intbio_reads_NovogeneAugust2025	TALL	Rh	yes	348028	315403	90.63	277306	80.19	31701	9.17	ok
TALL-66-2-Ro	intbio_reads_NovogeneAugust2025	TALL	Ro	yes	14050	13147	93.57	12130	86.58	863	6.16	ok
TALL-67-1-No	intbio_reads_NovogeneAugust2025	TALL	No	yes	1482517	1439253	97.08	1382144	93.35	40624	2.74	ok
TALL-67-1-Rh	intbio_reads_NovogeneAugust2025	TALL	Rh	yes	401231	383029	95.46	355252	89.22	16890	4.24	ok
TALL-67-1-Ro	intbio_reads_NovogeneAugust2025	TALL	Ro	yes	14248	13092	91.89	11664	82.15	1146	8.07	ok
TALL-68-2-No	intbio_reads_NovogeneAugust2025	TALL	No	yes	3344419	3217563	96.21	3020480	90.50	120740	3.62	ok
TALL-68-2-Rh	intbio_reads_NovogeneAugust2025	TALL	Rh	yes	208601	186952	89.62	158282	76.42	20567	9.93	ok
TALL-68-2-Ro	intbio_reads_NovogeneAugust2025	TALL	Ro	yes	28511	26378	92.52	22938	81.03	2047	7.23	ok
TALL-69-1-No	intbio_reads_NovogeneAugust2025	TALL	No	yes	511960	471313	92.06	418040	82.23	38315	7.54	ok
TALL-69-1-Rh	intbio_reads_NovogeneAugust2025	TALL	Rh	yes	585470	545488	93.17	482814	83.26	38498	6.64	ok
TALL-69-1-Ro	intbio_reads_NovogeneAugust2025	TALL	Ro	yes	19250	18086	93.95	16830	87.81	1096	5.72	ok
TALL-7-2-No	intbio_reads_NovogeneAugust2025	TALL	No	yes	338711	330450	97.56	318840	94.62	7483	2.22	ok
TALL-7-2-Rh	intbio_reads_NovogeneAugust2025	TALL	Rh	yes	170010	160142	94.20	144644	86.14	8914	5.31	ok
TALL-7-2-Ro	intbio_reads_NovogeneAugust2025	TALL	Ro	yes	20921	18964	90.65	16576	79.77	1869	8.99	ok
TALL-70-1-No	intbio_reads_NovogeneAugust2025	TALL	No	yes	1716745	1660903	96.75	1583728	92.40	52752	3.08	ok
TALL-70-1-Rh	intbio_reads_NovogeneAugust2025	TALL	Rh	yes	120350	109370	90.88	97404	81.34	10272	8.58	ok
TALL-70-1-Ro	intbio_reads_NovogeneAugust2025	TALL	Ro	yes	6832	6219	91.03	5640	82.58	563	8.24	ok
TALL-71-2-No	intbio_reads_NovogeneAugust2025	TALL	No	yes	809559	781548	96.54	744286	92.11	26395	3.27	ok
TALL-71-2-Rh	intbio_reads_NovogeneAugust2025	TALL	Rh	yes	591508	567361	95.92	535900	90.90	22595	3.83	ok
TALL-71-2-Ro	intbio_reads_NovogeneAugust2025	TALL	Ro	yes	6319	6105	96.61	5872	92.97	212	3.36	ok
TALL-72-1-No	intbio_reads_NovogeneAugust2025	TALL	No	yes	2447698	2386691	97.51	2298448	94.00	60423	2.47	ok
TALL-72-1-Rh	intbio_reads_NovogeneAugust2025	TALL	Rh	yes	10874	10296	94.68	9694	89.20	558	5.13	ok
TALL-72-1-Ro	intbio_reads_NovogeneAugust2025	TALL	Ro	yes	567171	545278	96.14	507862	90.33	20871	3.71	ok
TALL-72-2-No	intbio_reads_NovogeneDecember2025	TALL	No	yes	8171834	8023155	98.18	7830624	95.90	144821	1.77	ok
TALL-72-2-Rh	intbio_reads_NovogeneDecember2025	TALL	Rh	yes	1454621	1416579	97.38	1358548	93.87	33474	2.31	ok
TALL-72-2-Ro	intbio_reads_NovogeneDecember2025	TALL	Ro	yes	87860	85823	97.68	81286	94.02	1901	2.20	ok
TALL-72-3-No	intbio_reads_NovogeneDecember2025	TALL	No	yes	2005544	1966835	98.07	1911590	95.46	37515	1.87	ok
TALL-72-3-Rh	intbio_reads_NovogeneDecember2025	TALL	Rh	yes	62325522	62227481	99.84	62055622	99.59	78781	0.13	ok
TALL-72-3-Ro	intbio_reads_NovogeneDecember2025	TALL	Ro	yes	31426	31268	99.50	31060	98.89	154	0.49	ok
TALL-73-1-No	intbio_reads_NovogeneDecember2025	TALL	No	yes	14679341	14571038	99.26	14431178	98.47	106807	0.73	ok
TALL-73-1-Rh	intbio_reads_NovogeneDecember2025	TALL	Rh	yes	262997	252674	96.07	242300	92.15	9187	3.49	ok
TALL-73-1-Ro	intbio_reads_NovogeneDecember2025	TALL	Ro	yes	428974	422283	98.44	416846	97.19	5159	1.20	ok
TALL-73-2-No	intbio_reads_NovogeneAugust2025	TALL	No	yes	3337891	3266397	97.86	3184268	95.63	71300	2.14	ok
TALL-73-2-Rh	intbio_reads_NovogeneAugust2025	TALL	Rh	yes	210806	196504	93.22	180302	85.93	13504	6.44	ok
TALL-73-2-Ro	intbio_reads_NovogeneAugust2025	TALL	Ro	yes	4723	4624	97.90	2288	48.52	93	1.97	ok
TALL-73-3-No	intbio_reads_NovogeneDecember2025	TALL	No	yes	9014831	8957682	99.37	8858720	98.42	56321	0.63	ok
TALL-73-3-Rh	intbio_reads_NovogeneDecember2025	TALL	Rh	yes	68002	67790	99.69	67112	98.69	102	0.15	ok
TALL-73-3-Ro	intbio_reads_NovogeneDecember2025	TALL	Ro	yes	91425	89988	98.43	86870	95.02	693	0.76	ok
TALL-74-3-No	intbio_reads_NovogeneAugust2025	TALL	No	yes	3665592	3526052	96.19	3345318	91.42	132622	3.62	ok
TALL-74-3-Rh	intbio_reads_NovogeneAugust2025	TALL	Rh	yes	1484394	1395920	94.04	1295290	87.48	82894	5.60	ok
TALL-74-3-Ro	intbio_reads_NovogeneAugust2025	TALL	Ro	yes	39532	37059	93.74	34074	86.50	2371	6.02	ok
TALL-75-2-No	intbio_reads_NovogeneAugust2025	TALL	No	yes	359628	346789	96.43	333058	92.75	11329	3.15	ok
TALL-75-2-Rh	intbio_reads_NovogeneAugust2025	TALL	Rh	yes	272036	238848	87.80	202132	74.57	32220	11.89	ok
TALL-75-2-Ro	intbio_reads_NovogeneAugust2025	TALL	Ro	yes	12663	11364	89.74	10086	79.73	1245	9.84	ok
TALL-76-3-No	intbio_reads_NovogeneAugust2025	TALL	No	yes	6296599	5930196	94.18	5502402	87.54	354657	5.64	ok
TALL-76-3-Rh	intbio_reads_NovogeneAugust2025	TALL	Rh	yes	913486	846749	92.69	772504	84.81	64921	7.13	ok
TALL-76-3-Ro	intbio_reads_NovogeneAugust2025	TALL	Ro	yes	167377	156371	93.42	143348	85.92	10564	6.33	ok
TALL-78-2-No	intbio_reads_NovogeneAugust2025	TALL	No	yes	4245665	4147656	97.69	4011776	94.61	90581	2.14	ok
TALL-78-2-Rh	intbio_reads_NovogeneAugust2025	TALL	Rh	yes	252036	221761	87.99	188824	75.12	29523	11.74	ok
TALL-78-2-Ro	intbio_reads_NovogeneAugust2025	TALL	Ro	yes	5100	4951	97.08	4784	93.91	141	2.77	ok
TALL-79-1-No	intbio_reads_NovogeneAugust2025	TALL	No	yes	4778461	4672916	97.79	4530140	95.03	96841	2.03	ok
TALL-79-1-Rh	intbio_reads_NovogeneAugust2025	TALL	Rh	yes	181754	169969	93.52	156138	86.39	11361	6.29	ok
TALL-79-1-Ro	intbio_reads_NovogeneAugust2025	TALL	Ro	yes	165057	149506	90.58	130738	79.51	15055	9.16	ok
TALL-8-1-No	intbio_reads_NovogeneDecember2025	TALL	No	yes	15002044	14941802	99.60	14806984	98.82	58392	0.39	ok
TALL-8-1-Rh	intbio_reads_NovogeneDecember2025	TALL	Rh	yes	552270	525089	95.08	490946	89.25	25285	4.60	ok
TALL-8-1-Ro	intbio_reads_NovogeneDecember2025	TALL	Ro	yes	184867	178534	96.57	172174	93.28	5959	3.23	ok
TALL-8-2-No	intbio_reads_NovogeneAugust2025	TALL	No	yes	5635311	5590369	99.20	5529078	98.27	44492	0.79	ok
TALL-8-2-Rh	intbio_reads_NovogeneAugust2025	TALL	Rh	yes	226472	220007	97.15	209878	93.11	5873	2.61	ok
TALL-8-2-Ro	intbio_reads_NovogeneAugust2025	TALL	Ro	yes	133953	123755	92.39	108038	81.27	9780	7.36	ok
TALL-8-3-No	intbio_reads_NovogeneDecember2025	TALL	No	yes	1062545	1055153	99.30	1043916	98.35	7106	0.67	ok
TALL-8-3-Rh	intbio_reads_NovogeneDecember2025	TALL	Rh	yes	93592	92532	98.87	91474	97.74	1054	1.13	ok
TALL-8-3-Ro	intbio_reads_NovogeneDecember2025	TALL	Ro	yes	4767	4724	99.10	4638	97.56	25	0.53	ok
TALL-80-1-No	intbio_reads_NovogeneAugust2025	TALL	No	yes	440296	405567	92.11	366442	83.50	33681	7.67	ok
TALL-80-1-Rh	intbio_reads_NovogeneAugust2025	TALL	Rh	yes	181735	170384	93.75	159246	87.85	10213	5.63	ok
TALL-80-1-Ro	intbio_reads_NovogeneAugust2025	TALL	Ro	yes	163443	148620	90.93	132600	81.29	14385	8.82	ok
TALL-81-1-Rh	intbio_reads_NovogeneAugust2025	TALL	Rh	yes	451362	430234	95.32	404776	89.97	19644	4.37	ok
TALL-81-1-Ro	intbio_reads_NovogeneAugust2025	TALL	Ro	yes	13576	13263	97.69	12104	89.17	277	2.04	ok
TALL-82-1-No	intbio_reads_NovogeneDecember2025	TALL	No	yes	2291184	2288665	99.89	2223500	97.05	2023	0.09	ok
TALL-82-1-Rh	intbio_reads_NovogeneDecember2025	TALL	Rh	yes	77464	71405	92.18	43366	59.91	5715	7.90	ok
TALL-82-1-Ro	intbio_reads_NovogeneDecember2025	TALL	Ro	yes	12180	12135	99.63	12084	99.28	39	0.32	ok
TALL-82-2-No	intbio_reads_NovogeneDecember2025	TALL	No	yes	1326493	1317849	99.35	1304092	98.35	8512	0.64	ok
TALL-82-2-Rh	intbio_reads_NovogeneDecember2025	TALL	Rh	yes	188234	180185	95.72	171116	91.18	6791	3.62	ok
TALL-82-2-Ro	intbio_reads_NovogeneDecember2025	TALL	Ro	yes	14283	14027	98.21	13758	96.45	226	1.58	ok
TALL-83-1-No	intbio_reads_NovogeneDecember2025	TALL	No	yes	3954884	3939591	99.61	3891442	98.48	14021	0.35	ok
TALL-83-1-Rh	intbio_reads_NovogeneDecember2025	TALL	Rh	yes	114893	108295	94.26	101142	88.33	5664	4.95	ok
TALL-83-1-Ro	intbio_reads_NovogeneDecember2025	TALL	Ro	yes	96615	96192	99.56	87546	93.16	243	0.26	ok
TALL-83-2-No	intbio_reads_NovogeneAugust2025	TALL	No	yes	4668223	4634033	99.27	4553122	97.62	31056	0.67	ok
TALL-83-2-Rh	intbio_reads_NovogeneAugust2025	TALL	Rh	yes	340578	323789	95.07	303160	89.47	15585	4.60	ok
TALL-83-2-Ro	intbio_reads_NovogeneAugust2025	TALL	Ro	yes	13014	12928	99.34	12814	98.52	82	0.63	ok
TALL-83-3-No	intbio_reads_NovogeneDecember2025	TALL	No	yes	2351407	2326615	98.95	2285116	97.25	23738	1.01	ok
TALL-83-3-Rh	intbio_reads_NovogeneDecember2025	TALL	Rh	yes	134187	126559	94.32	117818	88.14	6798	5.09	ok
TALL-83-3-Ro	intbio_reads_NovogeneDecember2025	TALL	Ro	yes	15593	15536	99.63	15394	98.79	43	0.28	ok
TALL-84-1-No	intbio_reads_NovogeneAugust2025	TALL	No	yes	4602689	4511656	98.02	4410756	95.90	90363	1.96	ok
TALL-84-1-Rh	intbio_reads_NovogeneAugust2025	TALL	Rh	yes	496432	480466	96.78	451934	91.72	14666	2.98	ok
TALL-84-1-Ro	intbio_reads_NovogeneAugust2025	TALL	Ro	yes	9411	9154	97.27	8878	94.39	231	2.46	ok
TALL-84-2-No	intbio_reads_NovogeneDecember2025	TALL	No	yes	13277314	13154129	99.07	13003416	98.01	121335	0.91	ok
TALL-84-2-Rh	intbio_reads_NovogeneDecember2025	TALL	Rh	yes	164913	155617	94.36	144234	87.83	8410	5.12	ok
TALL-84-2-Ro	intbio_reads_NovogeneDecember2025	TALL	Ro	yes	148520	145574	98.02	142490	95.96	2892	1.95	ok
TALL-84-3-No	intbio_reads_NovogeneDecember2025	TALL	No	yes	15682079	15399781	98.20	15081370	96.23	280714	1.79	ok
TALL-84-3-Rh	intbio_reads_NovogeneDecember2025	TALL	Rh	yes	177574	173852	97.90	169072	95.57	3128	1.77	ok
TALL-84-3-Ro	intbio_reads_NovogeneDecember2025	TALL	Ro	yes	4930	4895	99.29	4828	98.09	33	0.67	ok
TALL-85-1-No	intbio_reads_NovogeneAugust2025	TALL	No	yes	9724	8715	89.62	7596	78.39	989	10.21	ok
TALL-85-1-Rh	intbio_reads_NovogeneAugust2025	TALL	Rh	yes	262509	245580	93.55	224170	85.80	15583	5.96	ok
TALL-85-1-Ro	intbio_reads_NovogeneAugust2025	TALL	Ro	yes	20678	17779	85.98	14530	70.52	2853	13.85	ok
TALL-86-1-No	intbio_reads_NovogeneAugust2025	TALL	No	yes	4631694	4361903	94.18	4062048	87.80	260445	5.63	ok
TALL-86-1-Rh	intbio_reads_NovogeneAugust2025	TALL	Rh	yes	2125416	2068406	97.32	1994772	93.98	52858	2.49	ok
TALL-86-1-Ro	intbio_reads_NovogeneAugust2025	TALL	Ro	yes	55097	53181	96.52	50526	92.16	1798	3.28	ok
TALL-87-3-No	intbio_reads_NovogeneAugust2025	TALL	No	yes	4036243	3894672	96.49	3708960	92.06	134445	3.34	ok
TALL-87-3-Rh	intbio_reads_NovogeneAugust2025	TALL	Rh	yes	246111	233885	95.03	217934	89.32	11224	4.60	ok
TALL-87-3-Ro	intbio_reads_NovogeneAugust2025	TALL	Ro	yes	15945	15266	95.74	14462	91.08	587	3.70	ok
TALL-88-1-No	intbio_reads_NovogeneAugust2025	TALL	No	yes	2970372	2898588	97.58	2799142	94.35	66292	2.23	ok
TALL-88-1-Rh	intbio_reads_NovogeneAugust2025	TALL	Rh	yes	310123	291136	93.88	267290	86.67	17851	5.79	ok
TALL-88-1-Ro	intbio_reads_NovogeneAugust2025	TALL	Ro	yes	158999	149675	94.14	137752	86.81	8780	5.53	ok
TALL-89-1-No	intbio_reads_NovogeneAugust2025	TALL	No	yes	3885402	3698454	95.19	3474320	89.56	178734	4.61	ok
TALL-89-1-Rh	intbio_reads_NovogeneAugust2025	TALL	Rh	yes	263202	250928	95.34	233418	89.33	11460	4.39	ok
TALL-89-1-Ro	intbio_reads_NovogeneAugust2025	TALL	Ro	yes	33645	31818	94.57	29900	89.15	1657	4.94	ok
TALL-9-1-No	intbio_reads_NovogeneDecember2025	TALL	No	yes	14245924	14098296	98.96	13932760	97.86	146454	1.03	ok
TALL-9-1-Rh	intbio_reads_NovogeneDecember2025	TALL	Rh	yes	176458	168532	95.51	159962	91.03	7004	3.99	ok
TALL-9-1-Ro	intbio_reads_NovogeneDecember2025	TALL	Ro	yes	701596	674312	96.11	649032	92.52	24358	3.47	ok
TALL-9-2-No	intbio_reads_NovogeneAugust2025	TALL	No	yes	10620257	10527455	99.13	10394204	97.96	92176	0.87	ok
TALL-9-2-Rh	intbio_reads_NovogeneAugust2025	TALL	Rh	yes	110846	100035	90.25	88324	79.80	10157	9.18	ok
TALL-9-2-Ro	intbio_reads_NovogeneAugust2025	TALL	Ro	yes	20072	19305	96.18	18304	91.21	727	3.62	ok
TALL-9-3-No	intbio_reads_NovogeneDecember2025	TALL	No	yes	7218439	7091396	98.24	6957922	96.46	126467	1.75	ok
TALL-9-3-Rh	intbio_reads_NovogeneDecember2025	TALL	Rh	yes	83563	79977	95.71	76316	91.33	3314	3.97	ok
TALL-9-3-Ro	intbio_reads_NovogeneDecember2025	TALL	Ro	yes	1329747	1324008	99.57	1318260	99.14	5667	0.43	ok
TALL-90-1-No	intbio_reads_NovogeneAugust2025	TALL	No	yes	2497082	2456565	98.38	2411988	96.69	40435	1.62	ok
TALL-90-1-Rh	intbio_reads_NovogeneAugust2025	TALL	Rh	yes	1430	1393	97.41	1344	94.25	35	2.45	ok
TALL-90-1-Ro	intbio_reads_NovogeneAugust2025	TALL	Ro	yes	19904	19181	96.37	18054	90.76	665	3.34	ok
TALL-90-2-No	intbio_reads_NovogeneDecember2025	TALL	No	yes	16455626	16384146	99.57	16213624	98.61	70640	0.43	ok
TALL-90-2-Rh	intbio_reads_NovogeneDecember2025	TALL	Rh	yes	1106910	1103035	99.65	1098802	99.27	3705	0.33	ok
TALL-90-2-Ro	intbio_reads_NovogeneDecember2025	TALL	Ro	yes	1895154	1892179	99.84	1875216	99.02	2875	0.15	ok
TALL-90-3-No	intbio_reads_NovogeneDecember2025	TALL	No	yes	237801	237698	99.96	233674	99.51	69	0.03	ok
TALL-90-3-Rh	intbio_reads_NovogeneDecember2025	TALL	Rh	yes	1544	1525	98.77	1490	96.75	19	1.23	ok
TALL-90-3-Ro	intbio_reads_NovogeneDecember2025	TALL	Ro	yes	582038	570314	97.99	546738	93.95	9416	1.62	ok
TALL-91-1-No	intbio_reads_NovogeneAugust2025	TALL	No	yes	15598	13700	87.83	9234	59.20	1834	11.76	ok
TALL-91-1-Rh	intbio_reads_NovogeneAugust2025	TALL	Rh	yes	1861	1811	97.31	1750	94.19	48	2.58	ok
TALL-91-1-Ro	intbio_reads_NovogeneAugust2025	TALL	Ro	yes	10217	10132	99.17	5664	55.44	63	0.62	ok
TALL-91-2-Rh	intbio_reads_NovogeneDecember2025	TALL	Rh	yes	946847	915469	96.69	883574	93.33	24180	2.55	ok
TALL-91-2-Ro	intbio_reads_NovogeneDecember2025	TALL	Ro	yes	5435	5360	98.62	5236	97.00	75	1.39	ok
TALL-91-3-No	intbio_reads_NovogeneDecember2025	TALL	No	yes	18054120	17937266	99.35	17742428	98.34	113458	0.63	ok
TALL-91-3-Rh	intbio_reads_NovogeneDecember2025	TALL	Rh	yes	76572	76524	99.94	76490	99.90	30	0.04	ok
TALL-91-3-Ro	intbio_reads_NovogeneDecember2025	TALL	Ro	yes	13890	13814	99.45	12490	89.92	60	0.43	ok
TALL-92-1-No	intbio_reads_NovogeneAugust2025	TALL	No	yes	3780382	3749625	99.19	3706588	98.13	30227	0.80	ok
TALL-92-1-Rh	intbio_reads_NovogeneAugust2025	TALL	Rh	yes	90476	79599	87.98	68380	75.79	10637	11.79	ok
TALL-92-1-Ro	intbio_reads_NovogeneAugust2025	TALL	Ro	yes	22383	22030	98.42	21680	96.93	311	1.39	ok
TALL-92-2-No	intbio_reads_NovogeneDecember2025	TALL	No	yes	31186906	30601664	98.12	29919592	96.12	581182	1.87	ok
TALL-92-2-Rh	intbio_reads_NovogeneDecember2025	TALL	Rh	yes	337327	316829	93.92	293582	87.42	18860	5.62	ok
TALL-92-2-Ro	intbio_reads_NovogeneDecember2025	TALL	Ro	yes	2992012	2983123	99.70	2963624	99.05	8707	0.29	ok
TALL-92-3-No	intbio_reads_NovogeneDecember2025	TALL	No	yes	5919198	5891399	99.53	5824900	98.57	27175	0.46	ok
TALL-92-3-Rh	intbio_reads_NovogeneDecember2025	TALL	Rh	yes	171106	162512	94.98	153070	89.73	7834	4.59	ok
TALL-92-3-Ro	intbio_reads_NovogeneDecember2025	TALL	Ro	yes	40310	39170	97.17	37682	94.33	996	2.49	ok
TALL-93-1-No	intbio_reads_NovogeneDecember2025	TALL	No	yes	13677800	13573388	99.24	13370010	97.79	102074	0.75	ok
TALL-93-1-Rh	intbio_reads_NovogeneDecember2025	TALL	Rh	yes	21765	19215	88.28	13080	60.10	2292	10.53	ok
TALL-93-1-Ro	intbio_reads_NovogeneDecember2025	TALL	Ro	yes	5747	5675	98.75	5520	96.34	68	1.19	ok
TALL-93-2-No	intbio_reads_NovogeneDecember2025	TALL	No	yes	429772	429666	99.98	429404	99.92	72	0.02	ok
TALL-93-2-Rh	intbio_reads_NovogeneDecember2025	TALL	Rh	yes	13685	13672	99.91	13654	99.78	13	0.10	ok
TALL-93-2-Ro	intbio_reads_NovogeneDecember2025	TALL	Ro	yes	324470	323651	99.75	308716	95.15	745	0.23	ok
TALL-93-3-No	intbio_reads_NovogeneAugust2025	TALL	No	yes	426827	423971	99.33	419254	98.23	2796	0.66	ok
TALL-93-3-Rh	intbio_reads_NovogeneAugust2025	TALL	Rh	yes	38563	37935	98.37	26550	68.85	620	1.61	ok
TALL-93-3-Ro	intbio_reads_NovogeneAugust2025	TALL	Ro	yes	37100	35283	95.10	32690	88.79	1757	4.77	ok
TEAK-1-2-Rh	intbio_reads_NovogeneAugust2025	TEAK	Rh	yes	768	734	95.57	694	90.60	34	4.44	ok
TEAK-1-2-Ro	intbio_reads_NovogeneAugust2025	TEAK	Ro	yes	20047	18700	93.28	17040	85.26	1337	6.69	ok
TEAK-2-1-No	intbio_reads_NovogeneAugust2025	TEAK	No	yes	6363226	6015328	94.53	5647200	88.85	341576	5.37	ok
TEAK-2-1-Rh	intbio_reads_NovogeneAugust2025	TEAK	Rh	yes	18923	18140	95.86	16328	86.35	777	4.11	ok
TEAK-2-1-Ro	intbio_reads_NovogeneAugust2025	TEAK	Ro	yes	9874	9028	91.43	8118	82.89	806	8.23	ok
TEAK-3-1-No	intbio_reads_NovogeneAugust2025	TEAK	No	yes	4051675	3752112	92.61	3395722	84.21	291801	7.24	ok
TEAK-3-1-Rh	intbio_reads_NovogeneAugust2025	TEAK	Rh	yes	113338	102636	90.56	91330	80.66	10538	9.31	ok
TEAK-3-1-Ro	intbio_reads_NovogeneAugust2025	TEAK	Ro	yes	56290	54201	96.29	51204	91.47	1895	3.39	ok
TOOL-1-No	intbio_reads_NovogeneAugust2025	TOOL	No	yes	1057879	978338	92.48	874320	83.06	78141	7.42	ok
TOOL-1-Rh	intbio_reads_NovogeneAugust2025	TOOL	Rh	yes	71330	67463	94.58	62518	87.69	3733	5.24	ok
TOOL-1-Ro	intbio_reads_NovogeneAugust2025	TOOL	Ro	yes	28049	27919	99.54	27720	98.99	126	0.45	ok
TOOL-10-No	intbio_reads_NovogeneAugust2025	TOOL	No	yes	7910180	7475786	94.51	6683096	84.55	432176	5.47	ok
TOOL-10-Rh	intbio_reads_NovogeneAugust2025	TOOL	Rh	yes	1404468	1292623	92.04	1125122	80.41	110351	7.89	ok
TOOL-10-Ro	intbio_reads_NovogeneAugust2025	TOOL	Ro	yes	38995	33412	85.68	27470	70.52	5519	14.17	ok
TOOL-11-No	intbio_reads_NovogeneAugust2025	TOOL	No	yes	17199997	16075388	93.46	13960444	81.23	1117893	6.50	ok
TOOL-11-Rh	intbio_reads_NovogeneAugust2025	TOOL	Rh	yes	79826	69191	86.68	56688	71.65	10333	13.06	ok
TOOL-11-Ro	intbio_reads_NovogeneAugust2025	TOOL	Ro	yes	33758	29808	88.30	24916	74.28	3864	11.52	ok
TOOL-12-No	intbio_reads_NovogeneAugust2025	TOOL	No	yes	716921	662007	92.34	578992	80.83	54540	7.61	ok
TOOL-12-Rh	intbio_reads_NovogeneAugust2025	TOOL	Rh	yes	22817	21691	95.07	18154	79.66	1116	4.90	ok
TOOL-12-Ro	intbio_reads_NovogeneAugust2025	TOOL	Ro	yes	146914	136623	93.00	125884	85.76	9979	6.80	ok
TOOL-13-Rh	intbio_reads_NovogeneAugust2025	TOOL	Rh	yes	576051	511160	88.74	429162	74.68	63921	11.12	ok
TOOL-13-Ro	intbio_reads_NovogeneAugust2025	TOOL	Ro	yes	86736	79932	92.16	68462	80.87	6710	7.93	ok
TOOL-14-No	intbio_reads_NovogeneAugust2025	TOOL	No	yes	1844055	1631969	88.50	1344492	73.04	209714	11.39	ok
TOOL-14-Rh	intbio_reads_NovogeneAugust2025	TOOL	Rh	yes	910925	808574	88.76	674524	74.45	100905	11.14	ok
TOOL-14-Ro	intbio_reads_NovogeneAugust2025	TOOL	Ro	yes	6048	5823	96.28	5404	89.56	219	3.63	ok
TOOL-15-No	intbio_reads_NovogeneAugust2025	TOOL	No	yes	1243148	1176714	94.66	1055952	85.03	65910	5.31	ok
TOOL-15-Rh	intbio_reads_NovogeneAugust2025	TOOL	Rh	yes	37293	30759	82.48	19982	53.89	6412	17.29	ok
TOOL-15-Ro	intbio_reads_NovogeneAugust2025	TOOL	Ro	yes	11033	10326	93.59	9410	85.45	675	6.13	ok
TOOL-16-No	intbio_reads_NovogeneAugust2025	TOOL	No	yes	296133	267849	90.45	227556	77.18	27932	9.47	ok
TOOL-16-Rh	intbio_reads_NovogeneAugust2025	TOOL	Rh	yes	340791	280792	82.39	209546	61.84	58951	17.40	ok
TOOL-16-Ro	intbio_reads_NovogeneAugust2025	TOOL	Ro	yes	154493	138732	89.80	116346	75.63	15279	9.93	ok
TOOL-17-No	intbio_reads_NovogeneAugust2025	TOOL	No	yes	292323	244427	83.62	196376	67.28	47310	16.21	ok
TOOL-17-Rh	intbio_reads_NovogeneAugust2025	TOOL	Rh	yes	2158951	1949831	90.31	1646030	76.42	207274	9.62	ok
TOOL-17-Ro	intbio_reads_NovogeneAugust2025	TOOL	Ro	yes	70817	64948	91.71	56296	79.99	5791	8.23	ok
TOOL-18-No	intbio_reads_NovogeneAugust2025	TOOL	No	yes	662862	550906	83.11	438570	66.26	110192	16.65	ok
TOOL-18-Rh	intbio_reads_NovogeneAugust2025	TOOL	Rh	yes	332901	294040	88.33	242254	73.05	38385	11.57	ok
TOOL-18-Ro	intbio_reads_NovogeneAugust2025	TOOL	Ro	yes	67360	62532	92.83	57022	84.81	4730	7.04	ok
TOOL-19-No	intbio_reads_NovogeneAugust2025	TOOL	No	yes	1060032	929121	87.65	755706	71.40	128377	12.13	ok
TOOL-19-Rh	intbio_reads_NovogeneAugust2025	TOOL	Rh	yes	651771	534107	81.95	376874	58.04	115740	17.82	ok
TOOL-19-Ro	intbio_reads_NovogeneAugust2025	TOOL	Ro	yes	34836	32276	92.65	29372	84.81	2380	6.87	ok
TOOL-2-No	intbio_reads_NovogeneAugust2025	TOOL	No	yes	49338	45343	91.90	39842	81.24	3849	7.85	ok
TOOL-2-Rh	intbio_reads_NovogeneAugust2025	TOOL	Rh	yes	161929	140386	86.70	113386	70.48	21191	13.17	ok
TOOL-2-Ro	intbio_reads_NovogeneAugust2025	TOOL	Ro	yes	11864	11329	95.49	6802	57.41	533	4.50	ok
TOOL-20-No	intbio_reads_NovogeneAugust2025	TOOL	No	yes	27198	26227	96.43	24878	91.81	899	3.32	ok
TOOL-20-Rh	intbio_reads_NovogeneAugust2025	TOOL	Rh	yes	719940	610046	84.74	459552	64.23	107198	14.98	ok
TOOL-20-Ro	intbio_reads_NovogeneAugust2025	TOOL	Ro	yes	47942	44154	92.10	39936	83.67	3628	7.60	ok
TOOL-21-No	intbio_reads_NovogeneAugust2025	TOOL	No	yes	972924	848323	87.19	688066	71.00	122203	12.61	ok
TOOL-21-Rh	intbio_reads_NovogeneAugust2025	TOOL	Rh	yes	1562312	1384808	88.64	1155012	74.08	174474	11.19	ok
TOOL-21-Ro	intbio_reads_NovogeneAugust2025	TOOL	Ro	yes	6143	5713	93.00	5130	83.55	418	6.81	ok
TOOL-22-No	intbio_reads_NovogeneAugust2025	TOOL	No	yes	178122	155288	87.18	129818	73.10	22528	12.68	ok
TOOL-22-Rh	intbio_reads_NovogeneAugust2025	TOOL	Rh	yes	278750	254352	91.25	222490	80.00	23866	8.58	ok
TOOL-22-Ro	intbio_reads_NovogeneAugust2025	TOOL	Ro	yes	35047	32110	91.62	28742	82.62	2807	8.07	ok
TOOL-23-No	intbio_reads_NovogeneAugust2025	TOOL	No	yes	853401	844458	98.95	828064	97.26	8731	1.03	ok
TOOL-23-Rh	intbio_reads_NovogeneAugust2025	TOOL	Rh	yes	293352	260019	88.64	219040	75.07	32779	11.23	ok
TOOL-23-Ro	intbio_reads_NovogeneAugust2025	TOOL	Ro	yes	1102145	1050170	95.28	969880	88.26	51557	4.69	ok
TOOL-24-No	intbio_reads_NovogeneAugust2025	TOOL	No	yes	8625779	8062721	93.47	7099946	82.43	559818	6.50	ok
TOOL-24-Rh	intbio_reads_NovogeneAugust2025	TOOL	Rh	yes	290849	262074	90.11	223682	77.18	28175	9.72	ok
TOOL-24-Ro	intbio_reads_NovogeneAugust2025	TOOL	Ro	yes	28484	26978	94.71	24744	87.26	1462	5.16	ok
TOOL-25-No	intbio_reads_NovogeneAugust2025	TOOL	No	yes	7266711	6739789	92.75	5775640	79.63	523684	7.22	ok
TOOL-25-Rh	intbio_reads_NovogeneAugust2025	TOOL	Rh	yes	88979	76820	86.33	63002	71.14	11885	13.42	ok
TOOL-25-Ro	intbio_reads_NovogeneAugust2025	TOOL	Ro	yes	60470	56301	93.11	51088	85.00	4007	6.67	ok
TOOL-26-No	intbio_reads_NovogeneAugust2025	TOOL	No	yes	8243772	7730837	93.78	6826888	82.96	509913	6.20	ok
TOOL-26-Rh	intbio_reads_NovogeneAugust2025	TOOL	Rh	yes	113762	101909	89.58	87266	77.03	11535	10.18	ok
TOOL-26-Ro	intbio_reads_NovogeneAugust2025	TOOL	Ro	yes	35165	32755	93.15	30024	85.58	2284	6.51	ok
TOOL-27-2-No	intbio_reads_NovogeneAugust2025	TOOL	No	yes	8929248	8310775	93.07	7217030	80.95	614745	6.90	ok
TOOL-27-2-Rh	intbio_reads_NovogeneAugust2025	TOOL	Rh	yes	181901	163585	89.93	141750	78.23	17860	9.86	ok
TOOL-27-2-Ro	intbio_reads_NovogeneAugust2025	TOOL	Ro	yes	47338	45261	95.61	42726	90.42	1911	4.04	ok
TOOL-28-No	intbio_reads_NovogeneAugust2025	TOOL	No	yes	377236	309165	81.96	235590	62.57	66531	17.67	ok
TOOL-28-Rh	intbio_reads_NovogeneAugust2025	TOOL	Rh	yes	673022	551488	81.94	425364	63.35	118618	17.67	ok
TOOL-28-Ro	intbio_reads_NovogeneAugust2025	TOOL	Ro	yes	42005	37033	88.16	31684	75.53	4566	10.88	ok
TOOL-29-Rh	intbio_reads_NovogeneAugust2025	TOOL	Rh	yes	351634	281902	80.17	211888	60.65	67362	19.28	ok
TOOL-29-Ro	intbio_reads_NovogeneAugust2025	TOOL	Ro	yes	290133	242048	83.43	191238	65.92	46711	16.10	ok
TOOL-3-No	intbio_reads_NovogeneAugust2025	TOOL	No	yes	18028	16266	90.23	13872	77.12	1740	9.67	ok
TOOL-3-Rh	intbio_reads_NovogeneAugust2025	TOOL	Rh	yes	524497	478455	91.22	412514	79.48	45102	8.69	ok
TOOL-3-Ro	intbio_reads_NovogeneAugust2025	TOOL	Ro	yes	143382	136931	95.50	122782	85.66	6423	4.48	ok
TOOL-30-No	intbio_reads_NovogeneAugust2025	TOOL	No	yes	395695	349129	88.23	286162	72.78	45460	11.56	ok
TOOL-30-Rh	intbio_reads_NovogeneAugust2025	TOOL	Rh	yes	635540	557751	87.76	457896	72.60	76847	12.18	ok
TOOL-30-Ro	intbio_reads_NovogeneAugust2025	TOOL	Ro	yes	67633	56362	83.34	44346	65.64	11211	16.59	ok
TOOL-31-No	intbio_reads_NovogeneAugust2025	TOOL	No	yes	12495	11932	95.49	11240	90.01	529	4.24	ok
TOOL-31-Rh	intbio_reads_NovogeneAugust2025	TOOL	Rh	yes	143889	124113	86.26	101640	71.11	19272	13.48	ok
TOOL-31-Ro	intbio_reads_NovogeneAugust2025	TOOL	Ro	yes	9135	7074	77.44	4990	54.69	2057	22.54	ok
TOOL-32-Rh	intbio_reads_NovogeneAugust2025	TOOL	Rh	yes	371185	330996	89.17	284008	76.88	39507	10.69	ok
TOOL-32-Ro	intbio_reads_NovogeneAugust2025	TOOL	Ro	yes	38802	36519	94.12	34042	87.87	2165	5.59	ok
TOOL-33-1-No	intbio_reads_NovogeneAugust2025	TOOL	No	yes	39029	36432	93.35	33342	85.88	2509	6.46	ok
TOOL-33-1-Rh	intbio_reads_NovogeneAugust2025	TOOL	Rh	yes	40858	36517	89.38	31882	78.27	4251	10.44	ok
TOOL-33-1-Ro	intbio_reads_NovogeneAugust2025	TOOL	Ro	yes	31634	28915	91.40	25128	80.10	2681	8.55	ok
TOOL-34-No	intbio_reads_NovogeneAugust2025	TOOL	No	yes	102972	94397	91.67	84628	82.42	8331	8.11	ok
TOOL-34-Rh	intbio_reads_NovogeneAugust2025	TOOL	Rh	yes	208846	188959	90.48	166994	80.25	19379	9.31	ok
TOOL-34-Ro	intbio_reads_NovogeneAugust2025	TOOL	Ro	yes	15254	13502	88.51	7172	47.05	1720	11.28	ok
TOOL-35-1-No	intbio_reads_NovogeneAugust2025	TOOL	No	yes	135301	128840	95.22	118006	87.23	6425	4.75	ok
TOOL-35-1-Rh	intbio_reads_NovogeneAugust2025	TOOL	Rh	yes	341199	308394	90.39	275078	80.76	31997	9.39	ok
TOOL-35-1-Ro	intbio_reads_NovogeneAugust2025	TOOL	Ro	yes	10736	10205	95.05	9440	88.61	497	4.66	ok
TOOL-4-No	intbio_reads_NovogeneAugust2025	TOOL	No	yes	87928	79670	90.61	70106	80.22	7864	9.00	ok
TOOL-4-Rh	intbio_reads_NovogeneAugust2025	TOOL	Rh	yes	2212	2124	96.02	2004	90.84	84	3.81	ok
TOOL-4-Ro	intbio_reads_NovogeneAugust2025	TOOL	Ro	yes	6877	6431	93.51	5926	86.21	446	6.49	ok
TOOL-5-No	intbio_reads_NovogeneAugust2025	TOOL	No	yes	312343	282174	90.34	242510	78.14	28963	9.33	ok
TOOL-5-Rh	intbio_reads_NovogeneAugust2025	TOOL	Rh	yes	227219	200712	88.33	170306	75.55	26175	11.61	ok
TOOL-5-Ro	intbio_reads_NovogeneAugust2025	TOOL	Ro	yes	112504	108816	96.72	104372	93.08	3566	3.18	ok
TOOL-6-No	intbio_reads_NovogeneAugust2025	TOOL	No	yes	304606	276884	90.90	240708	79.82	27012	8.96	ok
TOOL-6-Rh	intbio_reads_NovogeneAugust2025	TOOL	Rh	yes	110910	104263	94.01	81344	74.48	6499	5.95	ok
TOOL-6-Ro	intbio_reads_NovogeneAugust2025	TOOL	Ro	yes	91626	84557	92.28	70136	76.75	6765	7.40	ok
TOOL-7-No	intbio_reads_NovogeneAugust2025	TOOL	No	yes	60071	55321	92.09	49256	82.76	4564	7.67	ok
TOOL-7-Rh	intbio_reads_NovogeneAugust2025	TOOL	Rh	yes	549007	497256	90.57	431180	79.44	50857	9.37	ok
TOOL-7-Ro	intbio_reads_NovogeneAugust2025	TOOL	Ro	yes	55968	50219	89.73	43946	78.89	5539	9.94	ok
TOOL-8-No	intbio_reads_NovogeneAugust2025	TOOL	No	yes	13432181	13077073	97.36	12157314	90.57	351352	2.62	ok
TOOL-8-Rh	intbio_reads_NovogeneAugust2025	TOOL	Rh	yes	291216	260287	89.38	220894	77.18	30337	10.60	ok
TOOL-8-Ro	intbio_reads_NovogeneAugust2025	TOOL	Ro	yes	9647	8903	92.29	8116	84.14	726	7.53	ok
TOOL-9-No	intbio_reads_NovogeneAugust2025	TOOL	No	yes	4375891	3854336	88.08	3133524	71.66	519721	11.89	ok
TOOL-9-Rh	intbio_reads_NovogeneAugust2025	TOOL	Rh	yes	65398	57168	87.42	48570	74.31	8072	12.35	ok
TOOL-9-Ro	intbio_reads_NovogeneAugust2025	TOOL	Ro	yes	49919	47352	94.86	43212	86.69	2511	5.04	ok
UKFS-1-1-No	intbio_reads_NovogeneMay2025	UKFS	No	yes	383214	373168	97.38	359802	94.09	9550	2.50	ok
UKFS-1-1-Rh	intbio_reads_NovogeneMay2025	UKFS	Rh	yes	575597	552474	95.98	526770	91.59	22063	3.84	ok
UKFS-1-1-Ro	intbio_reads_NovogeneMay2025	UKFS	Ro	yes	12206	11762	96.36	11244	92.44	398	3.27	ok
UKFS-3-2-No	intbio_reads_NovogeneMay2025	UKFS	No	yes	3275848	3197651	97.61	3061266	93.88	74895	2.30	ok
UKFS-3-2-Rh	intbio_reads_NovogeneMay2025	UKFS	Rh	yes	762748	727168	95.34	678230	89.32	34466	4.54	ok
UKFS-3-2-Ro	intbio_reads_NovogeneMay2025	UKFS	Ro	yes	125140	118552	94.74	108222	87.20	6456	5.20	ok
UKFS-4-1-No	intbio_reads_NovogeneMay2025	UKFS	No	yes	8084774	7735646	95.68	7331674	90.92	344548	4.27	ok
UKFS-4-1-Rh	intbio_reads_NovogeneMay2025	UKFS	Rh	yes	264479	254237	96.13	239466	91.00	9376	3.56	ok
UKFS-4-1-Ro	intbio_reads_NovogeneMay2025	UKFS	Ro	yes	34237	33210	97.00	31904	93.80	827	2.43	ok
UKFS-5-1-No	intbio_reads_NovogeneMay2025	UKFS	No	yes	947998	897130	94.63	836262	88.43	49640	5.25	ok
UKFS-5-1-Rh	intbio_reads_NovogeneMay2025	UKFS	Rh	yes	4636	4568	98.53	4490	96.89	64	1.38	ok
UKFS-5-1-Ro	intbio_reads_NovogeneMay2025	UKFS	Ro	yes	26091	24256	92.97	22028	84.81	1741	6.70	ok
UKFS-52-1-No	intbio_reads_NovogeneMay2025	UKFS	No	yes	894653	851147	95.14	798516	89.51	42278	4.74	ok
UKFS-52-1-Rh	intbio_reads_NovogeneMay2025	UKFS	Rh	yes	264229	249770	94.53	234266	88.80	13879	5.26	ok
UKFS-52-1-Ro	intbio_reads_NovogeneMay2025	UKFS	Ro	yes	5525	5337	96.60	5102	92.60	180	3.27	ok
UKFS-6-1-No	intbio_reads_NovogeneMay2025	UKFS	No	yes	2518717	2382730	94.60	2218666	88.43	132811	5.29	ok
UKFS-6-1-Rh	intbio_reads_NovogeneMay2025	UKFS	Rh	yes	105527	95884	90.86	85422	81.24	9039	8.60	ok
UKFS-6-1-Ro	intbio_reads_NovogeneMay2025	UKFS	Ro	yes	12981	12301	94.76	11388	88.28	642	4.98	ok
UKFS-6-3-Rh	intbio_reads_NovogeneMay2025	UKFS	Rh	yes	70832	69007	97.42	62096	90.10	1761	2.56	ok
UKFS-6-3-Ro	intbio_reads_NovogeneMay2025	UKFS	Ro	yes	156790	145452	92.77	130534	83.89	10942	7.03	ok
UNDE-1-2-No	intbio_reads_NovogeneMay2025	UNDE	No	yes	6074414	5767885	94.95	5433274	89.74	305063	5.04	ok
UNDE-1-2-Rh	intbio_reads_NovogeneMay2025	UNDE	Rh	yes	3269	3194	97.71	3136	96.08	25	0.77	ok
UNDE-1-2-Ro	intbio_reads_NovogeneMay2025	UNDE	Ro	yes	15969	15228	95.36	14480	90.69	719	4.50	ok
UNDE-2-1-No	intbio_reads_NovogeneMay2025	UNDE	No	yes	519052	500684	96.46	479890	92.82	18280	3.54	ok
UNDE-2-1-Rh	intbio_reads_NovogeneMay2025	UNDE	Rh	yes	6413	6191	96.54	5936	92.63	216	3.37	ok
UNDE-2-1-Ro	intbio_reads_NovogeneMay2025	UNDE	Ro	yes	43087	40984	95.12	35158	85.46	2029	4.93	ok
UNDE-3-1-No	intbio_reads_NovogeneMay2025	UNDE	No	yes	6163600	6054210	98.23	5917140	96.38	108730	1.77	ok
UNDE-3-1-Rh	intbio_reads_NovogeneMay2025	UNDE	Rh	yes	79912	72765	91.06	64264	80.89	6877	8.66	ok
UNDE-3-1-Ro	intbio_reads_NovogeneMay2025	UNDE	Ro	yes	3026	2472	81.69	1180	39.00	546	18.04	ok
UNDE-4-1-No	intbio_reads_NovogeneMay2025	UNDE	No	yes	8699962	8658433	99.52	8565784	98.75	39751	0.46	ok
UNDE-4-1-Rh	intbio_reads_NovogeneMay2025	UNDE	Rh	yes	386018	372938	96.61	352254	91.86	11832	3.09	ok
UNDE-4-1-Ro	intbio_reads_NovogeneMay2025	UNDE	Ro	yes	163335	160608	98.33	156860	96.31	2375	1.46	ok
UNDE-5-4-No	intbio_reads_NovogeneMay2025	UNDE	No	yes	6657703	6503246	97.68	6321470	95.28	153493	2.31	ok
UNDE-5-4-Rh	intbio_reads_NovogeneMay2025	UNDE	Rh	yes	3902	3804	97.49	3640	93.53	88	2.26	ok
UNDE-5-4-Ro	intbio_reads_NovogeneMay2025	UNDE	Ro	yes	243693	237007	97.26	220172	90.63	6470	2.66	ok
WOOD-1-1-No	intbio_reads_NovogeneAugust2025	WOOD	No	yes	655986	602232	91.81	504812	77.70	52698	8.11	ok
WOOD-1-1-Rh	intbio_reads_NovogeneAugust2025	WOOD	Rh	yes	757836	688035	90.79	598562	79.29	68597	9.09	ok
WOOD-1-1-Ro	intbio_reads_NovogeneAugust2025	WOOD	Ro	yes	19362	18247	94.24	16880	87.47	1083	5.61	ok
WOOD-10-1-No	intbio_reads_NovogeneAugust2025	WOOD	No	yes	22466309	22441795	99.89	22320502	99.58	23466	0.10	ok
WOOD-10-1-Rh	intbio_reads_NovogeneAugust2025	WOOD	Rh	yes	228531	221144	96.77	205890	91.23	6453	2.86	ok
WOOD-10-1-Ro	intbio_reads_NovogeneAugust2025	WOOD	Ro	yes	157325	147257	93.60	133632	85.50	9640	6.17	ok
WOOD-11-1-No	intbio_reads_NovogeneAugust2025	WOOD	No	yes	19445453	19403415	99.78	19163098	98.95	40660	0.21	ok
WOOD-11-1-Rh	intbio_reads_NovogeneAugust2025	WOOD	Rh	yes	189235	182962	96.69	175814	93.10	5943	3.15	ok
WOOD-11-1-Ro	intbio_reads_NovogeneAugust2025	WOOD	Ro	yes	274718	262153	95.43	247926	90.40	11797	4.30	ok
WOOD-12-No	intbio_reads_NovogeneAugust2025	WOOD	No	yes	14396548	14269075	99.11	13921012	97.38	126187	0.88	ok
WOOD-12-Rh	intbio_reads_NovogeneAugust2025	WOOD	Rh	yes	200904	191889	95.51	179296	89.36	8665	4.32	ok
WOOD-12-Ro	intbio_reads_NovogeneAugust2025	WOOD	Ro	yes	239270	229671	95.99	214610	90.38	9295	3.91	ok
WOOD-2-2-Rh	intbio_reads_NovogeneAugust2025	WOOD	Rh	yes	112778	101345	89.86	83126	76.44	10687	9.83	ok
WOOD-2-2-Ro	intbio_reads_NovogeneAugust2025	WOOD	Ro	yes	11990	11060	92.24	10108	84.43	864	7.22	ok
WOOD-3-2-No	intbio_reads_NovogeneAugust2025	WOOD	No	yes	41519782	41328010	99.54	40728440	98.26	191150	0.46	ok
WOOD-3-2-Rh	intbio_reads_NovogeneAugust2025	WOOD	Rh	yes	666914	583322	87.47	471514	72.15	82122	12.57	ok
WOOD-3-2-Ro	intbio_reads_NovogeneAugust2025	WOOD	Ro	yes	131175	124862	95.19	114722	87.81	6161	4.72	ok
WOOD-4-1-No	intbio_reads_NovogeneAugust2025	WOOD	No	yes	2636846	2573191	97.59	2374976	90.22	62771	2.38	ok
WOOD-4-1-Rh	intbio_reads_NovogeneAugust2025	WOOD	Rh	yes	693875	621978	89.64	524596	76.35	70769	10.30	ok
WOOD-4-1-Ro	intbio_reads_NovogeneAugust2025	WOOD	Ro	yes	20810	18177	87.35	14170	69.24	2603	12.72	ok
WOOD-5-1-No	intbio_reads_NovogeneAugust2025	WOOD	No	yes	42547	41196	96.82	38686	91.23	1295	3.05	ok
WOOD-5-1-Rh	intbio_reads_NovogeneAugust2025	WOOD	Rh	yes	431843	414564	96.00	387396	90.83	16331	3.83	ok
WOOD-5-1-Ro	intbio_reads_NovogeneAugust2025	WOOD	Ro	yes	7800637	7636468	97.90	7420608	95.21	157937	2.03	ok
WOOD-6-1-No	intbio_reads_NovogeneAugust2025	WOOD	No	yes	28620825	27941694	97.63	27010644	94.67	676361	2.37	ok
WOOD-6-1-Rh	intbio_reads_NovogeneAugust2025	WOOD	Rh	yes	230766	220853	95.70	201750	89.05	9473	4.18	ok
WOOD-6-1-Ro	intbio_reads_NovogeneAugust2025	WOOD	Ro	yes	320431	317590	99.11	309944	97.19	2681	0.84	ok
WOOD-7-1-No	intbio_reads_NovogeneAugust2025	WOOD	No	yes	19949940	19783710	99.17	19270138	97.08	163554	0.82	ok
WOOD-7-1-Rh	intbio_reads_NovogeneAugust2025	WOOD	Rh	yes	456105	442344	96.98	424698	93.39	12535	2.76	ok
WOOD-7-1-Ro	intbio_reads_NovogeneAugust2025	WOOD	Ro	yes	23607	22713	96.21	21544	91.54	828	3.52	ok
WOOD-8-No	intbio_reads_NovogeneAugust2025	WOOD	No	yes	2084935	2075527	99.55	2044304	98.56	8950	0.43	ok
WOOD-8-Rh	intbio_reads_NovogeneAugust2025	WOOD	Rh	yes	557917	546425	97.94	531596	95.46	10424	1.87	ok
WOOD-8-Ro	intbio_reads_NovogeneAugust2025	WOOD	Ro	yes	23872	22814	95.57	21648	90.93	988	4.15	ok
WOOD-9-Rh	intbio_reads_NovogeneAugust2025	WOOD	Rh	yes	171188	158089	92.35	141706	83.25	12203	7.17	ok
WOOD-9-Ro	intbio_reads_NovogeneAugust2025	WOOD	Ro	yes	8463	7808	92.26	6958	82.38	643	7.61	ok
YELL-1-2-No	intbio_reads_NovogeneMay2025	YELL	No	yes	79766	77192	96.77	73358	92.26	2520	3.17	ok
YELL-1-2-Rh	intbio_reads_NovogeneMay2025	YELL	Rh	yes	476667	452605	94.95	424520	89.52	23284	4.91	ok
YELL-1-2-Ro	intbio_reads_NovogeneMay2025	YELL	Ro	yes	85384	83070	97.29	80672	94.58	2090	2.45	ok
YELL-10-1-No	intbio_reads_NovogeneAugust2025	YELL	No	yes	7307	6947	95.07	6486	89.04	344	4.72	ok
YELL-10-1-Rh	intbio_reads_NovogeneAugust2025	YELL	Rh	yes	417494	408458	97.84	393948	95.33	7800	1.89	ok
YELL-10-1-Ro	intbio_reads_NovogeneAugust2025	YELL	Ro	yes	7572	7073	93.41	6402	84.82	489	6.48	ok
YELL-11-No	intbio_reads_NovogeneAugust2025	YELL	No	yes	8608	7948	92.33	7272	84.58	632	7.35	ok
YELL-11-Rh	intbio_reads_NovogeneAugust2025	YELL	Rh	yes	1405	1347	95.87	1278	91.29	48	3.43	ok
YELL-11-Ro	intbio_reads_NovogeneAugust2025	YELL	Ro	yes	4980	4643	93.23	4296	86.40	319	6.42	ok
YELL-2-2-No	intbio_reads_NovogeneMay2025	YELL	No	yes	20413	19937	97.67	19264	94.87	408	2.01	ok
YELL-2-2-Rh	intbio_reads_NovogeneMay2025	YELL	Rh	yes	170868	161506	94.52	151982	89.19	8438	4.95	ok
YELL-2-2-Ro	intbio_reads_NovogeneMay2025	YELL	Ro	yes	10472	9974	95.24	9352	89.65	456	4.37	ok
YELL-3-5-No	intbio_reads_NovogeneAugust2025	YELL	No	yes	2799	2564	91.60	2282	81.79	229	8.21	ok
YELL-3-5-Rh	intbio_reads_NovogeneAugust2025	YELL	Rh	yes	2513	2410	95.90	2246	89.48	99	3.94	ok
YELL-3-5-Ro	intbio_reads_NovogeneAugust2025	YELL	Ro	yes	25322	24183	95.50	23012	91.07	1031	4.08	ok
YELL-4-4-No	intbio_reads_NovogeneAugust2025	YELL	No	yes	11289	10040	88.94	8626	76.65	1213	10.78	ok
YELL-4-4-Rh	intbio_reads_NovogeneAugust2025	YELL	Rh	yes	3804404	3774190	99.21	3721316	98.09	27788	0.73	ok
YELL-4-4-Ro	intbio_reads_NovogeneAugust2025	YELL	Ro	yes	40406	34925	86.44	28804	71.46	5297	13.14	ok
YELL-5-3-Rh	intbio_reads_NovogeneAugust2025	YELL	Rh	yes	272625	259127	95.05	237524	88.24	12760	4.74	ok
YELL-5-3-Ro	intbio_reads_NovogeneAugust2025	YELL	Ro	yes	18719	18154	96.98	17638	94.79	385	2.07	ok
YELL-6-1-Rh	intbio_reads_NovogeneAugust2025	YELL	Rh	yes	160214	147646	92.16	131624	82.94	11762	7.41	ok
YELL-6-1-Ro	intbio_reads_NovogeneAugust2025	YELL	Ro	yes	13103	11460	87.46	9566	73.37	1615	12.39	ok
YELL-7-1-Rh	intbio_reads_NovogeneAugust2025	YELL	Rh	yes	61046	53357	87.40	44456	73.05	7351	12.08	ok
YELL-7-1-Ro	intbio_reads_NovogeneAugust2025	YELL	Ro	yes	1133697	1101305	97.14	1035688	91.63	31400	2.78	ok
