tip_label	sample_id	domain	species	date_finalized	qubit_average	total_dna	nebnext_protocol	isotope_reference_name	sample_preservation	type	family	site	genus	tribe	plot_simple	county	state	native	lat	long	date_field_collection	closest_blast_genus	closest_blast_taxon	percent_identity	query_coverage_percent	evalue	bitscore
BLAN-1-1-No|nifK|consensus50|pass_mixed_possible_multitemplate	BLAN-1-1-No	D02	Trifolium repens	4/23/25	2.17	104.16	Quarter	BLAN-1	ethanol	nodule	Fabaceae	BLAN	Trifolium	Trifolieae	BLAN_020	Clarke	VA	no	39.101131	-77.980227	8/13/24	Sinorhizobium	Sinorhizobium_meliloti_(Rhizobium_meliloti)	81.008	55.3178	0	850
BLAN-1-1-Rh|nifK|consensus50|pass_mixed_possible_multitemplate	BLAN-1-1-Rh	D02	Trifolium repens	4/23/25	0.0565	2.712	Quarter	BLAN-1	ethanol	rhizosphere	Fabaceae	BLAN	Trifolium	Trifolieae	BLAN_020	Clarke	VA	no	39.101131	-77.980227	8/13/24	Sinorhizobium	Sinorhizobium_meliloti_(Rhizobium_meliloti)	88.85	55.2529	0	1136
SCBI-1-1-Rh|nifK|consensus50|pass_single_dominant	SCBI-1-1-Rh	D02	Lespedeza cuneata	4/23/25	0	0	Quarter	SCBI-1	ethanol	rhizosphere	Fabaceae	SCBI	Lespedeza	Desmodieae	SCBI-006	Warren	VA	no	38.897638	-78.152008	6/26/24	Sinorhizobium	Sinorhizobium_meliloti_(Rhizobium_meliloti)	92.632	92.4125	0	2137
SCBI-8-2-Ro|nifK|consensus50|pass_mixed_possible_multitemplate	SCBI-8-2-Ro	D02	Elaeagnus umbellata	4/24/25	0.569	27.312	Quarter	SCBI-8	ethanol	root	Elaeagnaceae	SCBI	Elaeagnus	actinorhizal	SCBI-021	Warren	VA	no	38.900867	-78.152966	6/26/24	Sinorhizobium	Sinorhizobium_meliloti_(Rhizobium_meliloti)	89.408	88.7808	0	1871
CLBJ-46-1-Ro|nifK|consensus50|pass_single_dominant	CLBJ-46-1-Ro	D11	Galactia volubilis	4/10/25	0	0	Quarter	CLBJ-46	ethanol	root	Fabaceae	CLBJ	Galactia	Diocleae	CLBJ_034	Wise	TX	yes	33.23658	-97.34089	9/4/24	Sinorhizobium	Sinorhizobium_meliloti_(Rhizobium_meliloti)	91.317	92.607	0	1965
HEAL-2-1-Rh|nifK|consensus50|pass_single_dominant	HEAL-2-1-Rh	D19	Alnus viridis	4/4/25	0	0	Quarter	HEAL-2	ethanol	rhizosphere	Betulaceae	HEAL	Alnus	actinorhizal	HEAL_010	Denali Borough	Alaska	yes	63.87736 N	149.26331 W	20240723	Sinorhizobium	Sinorhizobium_meliloti_(Rhizobium_meliloti)	84.452	39.6239	0	640
DSNY-85-1-Rh|nifK|consensus50|pass_single_dominant	DSNY-85-1-Rh	D03	Desmodium triflorum	4/4/25	0	0	Quarter	DSNY-85	dry	rhizosphere	Fabaceae	DSNY	Desmodium	Desmodieae	DSNY_015	Polk	Florida	yes	28.1094133	-81.4308468	20240904	Sinorhizobium	Sinorhizobium_meliloti_(Rhizobium_meliloti)	94.574	50.1946	0	1210
JERC-135-3-Rh|nifK|consensus50|pass_mixed_possible_multitemplate	JERC-135-3-Rh	D03	Stylosanthes biflora	4/8/25	0	0	Quarter	JERC-135	dry	rhizosphere	Fabaceae	JERC	Stylosanthes	Dalbergieae	JERC_048	Baker County	Georgia	yes	NA	NA	20240807	Sinorhizobium	Sinorhizobium_meliloti_(Rhizobium_meliloti)	90.347	95.3956	0	2001
DEJU-57-Ro|nifK|consensus50|pass_mixed_possible_multitemplate	DEJU-57-Ro	D19	Alnus viridis	5/23/25	1.52	72.96	Quarter	DEJU-57	ethanol	root	Betulaceae	DEJU	Alnus	actinorhizal	DEJU_045	NA	Unknown	yes	NA	NA	NA	Rhizobium	Rhizobium_sp._ZK1	87.101	50.7782	0	922
DELA-12-2-No|nifK|consensus50|pass_mixed_possible_multitemplate	DELA-12-2-No	D08	Centrosema virginiana	4/4/25	41.65	1999.2	Half	DELA-12	dry	nodule	Fabaceae	DELA	Centrosema	Phaseoleae	DELA_008	Green County	AL	yes	32.53861	-87.81298	8/14/24	Sinorhizobium	Sinorhizobium_meliloti_(Rhizobium_meliloti)	86.364	57.0687	0	970
DELA-3-3-No|nifK|consensus50|pass_mixed_possible_multitemplate	DELA-3-3-No	D08	Desmodium perplexum	4/4/25	52	2496	Half	DELA-3	dry	nodule	Fabaceae	DELA	Desmodium	Desmodieae	DELA_008	Green County	AL	yes	32.539186	-87.81292	7/24/24	Sinorhizobium	Sinorhizobium_meliloti_(Rhizobium_meliloti)	80.892	97.406	0	1458
DELA-7-3-No|nifK|consensus50|pass_mixed_possible_multitemplate	DELA-7-3-No	D08	Albizia julibrissin	4/4/25	47.8	2294.4	Half	DELA-7	ethanol	nodule	Fabaceae	DELA	Albizia	Mimosoideae	DELA_012	Green County	AL	no	32.531137	-87.817223	8/8/24	Rhizobium	Rhizobium_sp._ZK1	84.624	55.2529	0	948
NIWO-1-Ro|nifK|consensus50|pass_single_dominant	NIWO-1-Ro	D13	Lupinus argenteus	5/23/25	0	0	Quarter	NIWO-1	NA	root	Fabaceae	NIWO	Lupinus	Genisteae	NIWO_017	Boulder	CO	yes	NA	NA	7/31/24	Sinorhizobium	Sinorhizobium_mexicanum_(Ensifer_mexicanus)	87.011	56.4202	0	996
NIWO-1-Rh|nifK|consensus50|pass_mixed_possible_multitemplate	NIWO-1-Rh	D13	Lupinus argenteus	5/23/25	0	0	Quarter	NIWO-1	NA	rhizosphere	Fabaceae	NIWO	Lupinus	Genisteae	NIWO_017	Boulder	CO	yes	NA	NA	7/31/24	Sinorhizobium	Sinorhizobium_meliloti_(Rhizobium_meliloti)	89.868	97.9248	0	2036
DELA-16-No|nifK|consensus50|pass_mixed_possible_multitemplate	DELA-16-No	D08	Galactia volubilis	4/4/25	59	2832	Half	DELA-16	NA	nodule	Fabaceae	DELA	Galactia	Diocleae	DELA_008	Green County	AL	yes	32.53861	-87.81298	8/14/24	Sinorhizobium	Sinorhizobium_meliloti_(Rhizobium_meliloti)	87.417	97.406	0	1805
JERC-CRJU-86-1-No|nifK|consensus50|pass_single_dominant	JERC-CRJU-86-1-No	D03	Crotalaria juncea	5/14/25	1.295	62.16	Quarter	JERC-CRJU-86	dry	nodule	Fabaceae	JERC	Crotalaria	Crotalarieae	JERC_030R	Baker County	Georgia	no	31.18563333	-84.4785	20240624	Sinorhizobium	Sinorhizobium_meliloti_(Rhizobium_meliloti)	87.994	44.2931	0	830
SCBI-7-1-Ro|nifK|consensus50|pass_mixed_possible_multitemplate	SCBI-7-1-Ro	D02	Trifolium repens	4/24/25	0.076	3.648	Quarter	SCBI-7	ethanol	root	Fabaceae	SCBI	Trifolium	Trifolieae	SCBI-062	Warren	VA	no	38.895336	-78.138062	6/26/24	Sinorhizobium	Sinorhizobium_meliloti_(Rhizobium_meliloti)	88.889	38.5214	0	752
TALL-70-1-Rh|nifK|consensus50|pass_mixed_possible_multitemplate	TALL-70-1-Rh	D08	Lespedeza sp.	4/8/25	0.4445	21.336	Quarter	TALL-70	NA	rhizosphere	Fabaceae	TALL	Lespedeza	Desmodieae	TALL_055	Bibb County	AL	0	32.948535	-87.39881	9/3/24	Sinorhizobium	Sinorhizobium_meliloti_(Rhizobium_meliloti)	91.809	57.0039	0	1323
BLAN-1-1-Ro|nifK|consensus50|pass_mixed_possible_multitemplate	BLAN-1-1-Ro	D02	Trifolium repens	4/23/25	0.053	2.544	Quarter	BLAN-1	ethanol	root	Fabaceae	BLAN	Trifolium	Trifolieae	BLAN_020	Clarke	VA	no	39.101131	-77.980227	8/13/24	Sinorhizobium	Sinorhizobium_meliloti_(Rhizobium_meliloti)	91.892	50.3891	0	1173
BLAN-3-1-Rh|nifK|consensus50|pass_mixed_possible_multitemplate	BLAN-3-1-Rh	D02	Kummerowia striata	4/23/25	0	0	Quarter	BLAN-3	ethanol	rhizosphere	Fabaceae	BLAN	Kummerowia	Desmodieae	BLAN_020	Clarke	VA	no	39.100957	-77.980777	8/13/24	Sinorhizobium	Sinorhizobium_meliloti_(Rhizobium_meliloti)	90.89	92.5422	0	2017
BLAN-4-1-No|nifK|consensus50|pass_single_dominant	BLAN-4-1-No	D02	Elaeagnus umbellata	4/23/25	0	0	Quarter	BLAN-4	ethanol	nodule	Elaeagnaceae	BLAN	Elaeagnus	actinorhizal	BLAN_020	Clarke	VA	no	39.100987	-77.980772	8/13/24	Sinorhizobium	Sinorhizobium_meliloti_(Rhizobium_meliloti)	86.875	89.4293	0	1700
NOGP-3-2-Rh|nifK|consensus50|pass_single_dominant	NOGP-3-2-Rh	D09	Medicago lupulina	4/23/25	0	0	Quarter	NOGP-3	dry	rhizosphere	Fabaceae	NOGP	Medicago	Trifolieae	NOGP_064	NA	ND	no	46.77084	-100.9136386	6/25/24	Sinorhizobium	Sinorhizobium_meliloti_(Rhizobium_meliloti)	93.909	89.4293	0	2134
DEJU-29-1-Rh|nifK|consensus50|pass_mixed_possible_multitemplate	DEJU-29-1-Rh	D19	Alnus viridis	4/15/25	0.3895	18.696	Quarter	DEJU-29	ethanol	rhizosphere	Betulaceae	DEJU	Alnus	actinorhizal	DEJU_015	NA	Alaska	yes	NA	NA	NA	Sinorhizobium	Sinorhizobium_meliloti_(Rhizobium_meliloti)	90.11	88.5214	0	1877
TALL-20-1-No|nifK|consensus50|pass_mixed_possible_multitemplate	TALL-20-1-No	D08	Desmodium paniculatum	4/8/25	0.32	15.36	Quarter	TALL-20	dry	nodule	Fabaceae	TALL	Desmodium	Desmodieae	TALL_002	Hale County	AL	yes	32.922291	-87.428794	8/22/24	Sinorhizobium	Sinorhizobium_meliloti_(Rhizobium_meliloti)	92.129	50.2594	0	1151
BLAN-2-1-No|nifK|consensus50|pass_mixed_possible_multitemplate	BLAN-2-1-No	D02	Desmodium sp.	4/23/25	3.94	189.12	Quarter	BLAN-2	ethanol	nodule	Fabaceae	BLAN	Desmodium	Desmodieae	BLAN_020	Clarke	VA	yes	39.101002	-77.980641	8/13/24	Sinorhizobium	Sinorhizobium_meliloti_(Rhizobium_meliloti)	92.556	92.3476	0	2185
CLBJ-41-1-No|nifK|consensus50|pass_single_dominant	CLBJ-41-1-No	D11	Lespedeza cuneata	4/10/25	1.62	77.76	Quarter	CLBJ-41	ethanol	nodule	Fabaceae	CLBJ	Lespedeza	Desmodieae	CLBJ_034	Wise	TX	no	33.23685	-97.34119	9/2/24	Sinorhizobium	Sinorhizobium_meliloti_(Rhizobium_meliloti)	94.389	39.2996	0	963
JERC-148-Ro|nifK|consensus50|pass_single_dominant	JERC-148-Ro	D03	Lespedeza virginica	5/14/25	0.7835	37.608	Quarter	JERC-148	dry	root	Fabaceae	JERC	Lespedeza	Desmodieae	JERC_062	NA	Unknown	yes	NA	NA	20240924	Sinorhizobium	Sinorhizobium_meliloti_(Rhizobium_meliloti)	93.883	91.1803	0	2226
TALL-29-3-No|nifK|consensus50|pass_mixed_possible_multitemplate	TALL-29-3-No	D08	Lespedeza cuneata	4/17/25	2.2	105.6	Quarter	TALL-29	dry	nodule	Fabaceae	TALL	Lespedeza	Desmodieae	TALL_003	Bibb County	AL	no	32.8941	-87.41688	8/26/24	Sinorhizobium	Sinorhizobium_meliloti_(Rhizobium_meliloti)	86.719	99.6109	0	2026
JERC-DEST-32-1-No|nifK|consensus50|pass_mixed_possible_multitemplate	JERC-DEST-32-1-No	D03	Desmodium cf. strictum	12/4/24	4.455	213.84	Quarter	JERC-32	dry	nodule	Fabaceae	JERC	Desmodium	Desmodieae	JERC_007	Baker County	Georgia	yes	NA	NA	20240603	Sinorhizobium	Sinorhizobium_meliloti_(Rhizobium_meliloti)	90.729	91.6342	0	2067
DCFS-5-1-Ro|nifK|consensus50|pass_mixed_possible_multitemplate	DCFS-5-1-Ro	D09	Medicago lupulina	4/23/25	0	0	Quarter	DCFS-5	dry	root	Fabaceae	DCFS	Medicago	Trifolieae	DCFS_065	Stutsman	ND	no	47.16085	99.11081	6/20/24	Sinorhizobium	Sinorhizobium_meliloti_(Rhizobium_meliloti)	92.057	99.6109	0	2355
NOGP-6-3-No|nifK|consensus50|pass_mixed_possible_multitemplate	NOGP-6-3-No	D09	Medicago sativa	5/2/25	0	0	Quarter	NOGP-6	dry	nodule	Fabaceae	NOGP	Medicago	Trifolieae	NOGP_001	NA	ND	no	46.80621	-100.91555	6/27/24	Sinorhizobium	Sinorhizobium_meliloti_(Rhizobium_meliloti)	97.468	99.8703	0	2663
SCBI-3-1-Rh|nifK|consensus50|pass_mixed_possible_multitemplate	SCBI-3-1-Rh	D02	Elaeagnus umbellata	4/23/25	0	0	Quarter	SCBI-3	ethanol	rhizosphere	Elaeagnaceae	SCBI	Elaeagnus	actinorhizal	SCBI-006	Warren	VA	no	38.897638	-78.152008	6/26/24	Sinorhizobium	Sinorhizobium_meliloti_(Rhizobium_meliloti)	96.978	92.2827	0	2423
OAES-36-3-Rh|nifK|consensus50|pass_mixed_possible_multitemplate	OAES-36-3-Rh	D11	Melilotus officinalis	5/14/25	0	0	Quarter	OAES-36	ethanol	rhizosphere	Fabaceae	OAES	Melilotus	Trifolieae	OAES_011_R	Washita	OK	no	35.40049	-99.06592	8/21/24	Sinorhizobium	Sinorhizobium_meliloti_(Rhizobium_meliloti)	95.722	92.4773	0	2346
BLAN-2-1-Rh|nifK|consensus50|pass_mixed_possible_multitemplate	BLAN-2-1-Rh	D02	Desmodium sp.	4/23/25	0	0	Quarter	BLAN-2	ethanol	rhizosphere	Fabaceae	BLAN	Desmodium	Desmodieae	BLAN_020	Clarke	VA	yes	39.101002	-77.980641	8/13/24	Sinorhizobium	Sinorhizobium_meliloti_(Rhizobium_meliloti)	97.161	50.2594	0	1341
OAES-36-3-Ro|nifK|consensus50|pass_single_dominant	OAES-36-3-Ro	D11	Melilotus officinalis	5/14/25	0	0	Quarter	OAES-36	ethanol	root	Fabaceae	OAES	Melilotus	Trifolieae	OAES_011_R	Washita	OK	no	35.40049	-99.06592	8/21/24	Sinorhizobium	Sinorhizobium_meliloti_(Rhizobium_meliloti)	92.909	80.4799	0	1834
OAES-37-2-Ro|nifK|consensus50|pass_single_dominant	OAES-37-2-Ro	D11	Dalea purpurea	5/14/25	0.3255	15.624	Quarter	OAES-37	ethanol	root	Fabaceae	OAES	Dalea	Amorpheae	OAES_003_R	Washita	OK	yes	35.41178	-99.06994	8/23/24	Sinorhizobium	Sinorhizobium_meliloti_(Rhizobium_meliloti)	95.776	98.249	0	2484
OSBS-36-1-Ro|nifK|consensus50|pass_mixed_possible_multitemplate	OSBS-36-1-Ro	D03	Tephrosia virginiana	2/26/25	0.151	7.248	Quarter	OSBS-36	dry	root	Fabaceae	OSBS	Tephrosia	Millettieae	OSBS_006	Putnam	FL	yes	NA	NA	20240611	Sinorhizobium	Sinorhizobium_meliloti_(Rhizobium_meliloti)	92.099	57.4578	0	1334
BLAN-2-1-Ro|nifK|consensus50|pass_mixed_possible_multitemplate	BLAN-2-1-Ro	D02	Desmodium sp.	4/23/25	0.1405	6.744	Quarter	BLAN-2	ethanol	root	Fabaceae	BLAN	Desmodium	Desmodieae	BLAN_020	Clarke	VA	yes	39.101002	-77.980641	8/13/24	Sinorhizobium	Sinorhizobium_meliloti_(Rhizobium_meliloti)	96.387	50.2594	0	1328
OSBS-36-1-No|nifK|consensus50|pass_single_dominant	OSBS-36-1-No	D03	Tephrosia virginiana	2/26/25	0	0	Quarter	OSBS-36	dry	nodule	Fabaceae	OSBS	Tephrosia	Millettieae	OSBS_006	Putnam	FL	yes	NA	NA	20240611	Sinorhizobium	Sinorhizobium_meliloti_(Rhizobium_meliloti)	97.986	99.8054	0	2697
OAES_19-2-Rh|nifK|consensus50|pass_mixed_possible_multitemplate	OAES-19-2-Rh	D11	Melilotus officinalis	6/4/24	0	0	Quarter	OAES-19	ethanol	rhizosphere	Fabaceae	OAES	Melilotus	Trifolieae	OAES_012_R	Washita	OK	no	35.402943	-99.064829	4/16/24	Sinorhizobium	Sinorhizobium_meliloti_(Rhizobium_meliloti)	97.986	99.8054	0	2704
DEJU-59-No|nifK|consensus50|pass_mixed_possible_multitemplate	DEJU-59-No	D19	Alnus viridis	4/15/25	21.3	1022.4	Half	DEJU-59	ethanol	nodule	Betulaceae	DEJU	Alnus	actinorhizal	DEJU_045	NA	Unknown	yes	NA	NA	NA	Sinorhizobium	Sinorhizobium_meliloti_(Rhizobium_meliloti)	96.105	91.5694	0	2405
BLAN-4-1-Ro|nifK|consensus50|pass_mixed_possible_multitemplate	BLAN-4-1-Ro	D02	Elaeagnus umbellata	4/23/25	0	0	Quarter	BLAN-4	ethanol	root	Elaeagnaceae	BLAN	Elaeagnus	actinorhizal	BLAN_020	Clarke	VA	no	39.100987	-77.980772	8/13/24	Sinorhizobium	Sinorhizobium_meliloti_(Rhizobium_meliloti)	97.329	55.8366	0	1496
WOOD-8-Ro|nifK|consensus50|pass_single_dominant	WOOD-8-Ro	D09	Medicago lupulina	4/24/25	1.675	80.4	Quarter	WOOD-8	ethanol	root	Fabaceae	WOOD	Medicago	Trifolieae	BARR_027	Stutsman	ND	no	47.12819	99.23817	9/23/24	Sinorhizobium	Sinorhizobium_meliloti_(Rhizobium_meliloti)	98.103	92.2827	0	2510
CPER-5-1-Ro|nifK|consensus50|pass_mixed_possible_multitemplate	CPER-5-1-Ro	D10	Melilotus officinalis	5/23/25	0.098	4.704	Quarter	CPER-5	dry	root	Fabaceae	CPER	Melilotus	Trifolieae	CPER_022	Weld	CO	no	NA	NA	6/24/24	Sinorhizobium	Sinorhizobium_meliloti_(Rhizobium_meliloti)	97.644	99.0921	0	2669
NOGP-2-1-No|nifK|consensus50|pass_single_dominant	NOGP-2-1-No	D09	Medicago sativa	4/23/25	0	0	Quarter	NOGP-2	dry	nodule	Fabaceae	NOGP	Medicago	Trifolieae	NOGP_001	NA	ND	no	46.80621	-100.9157	6/27/24	Sinorhizobium	Sinorhizobium_meliloti_(Rhizobium_meliloti)	98.376	99.8054	0	2732
NOGP-2-1-Ro|nifK|consensus50|pass_single_dominant	NOGP-2-1-Ro	D09	Medicago sativa	4/23/25	1.14	54.72	Quarter	NOGP-2	dry	root	Fabaceae	NOGP	Medicago	Trifolieae	NOGP_001	NA	ND	no	46.80621	-100.9157	6/27/24	Sinorhizobium	Sinorhizobium_meliloti_(Rhizobium_meliloti)	99.579	92.4773	0	2612
CPER-3-1-Rh|nifK|consensus50|pass_single_dominant	CPER-3-1-Rh	D10	Melilotus officinalis	5/23/25	0.093	4.464	Quarter	CPER-3	dry	rhizosphere	Fabaceae	CPER	Melilotus	Trifolieae	CPER_005	Weld	CO	no	NA	NA	6/17/24	Sinorhizobium	Sinorhizobium_meliloti_(Rhizobium_meliloti)	99.027	99.9351	0	2765
CPER-2-No|nifK|consensus50|pass_single_dominant	CPER-2-No	D10	Melilotus officinalis	4/24/25	0	0	Quarter	CPER-2	dry	nodule	Fabaceae	CPER	Melilotus	Trifolieae	CPER_002	Weld	CO	no	NA	NA	6/14/24	Sinorhizobium	Sinorhizobium_meliloti_(Rhizobium_meliloti)	99.351	99.8703	0	2806
CPER-3-1-No|nifK|consensus50|pass_single_dominant	CPER-3-1-No	D10	Melilotus officinalis	5/23/25	0	0	Quarter	CPER-3	dry	nodule	Fabaceae	CPER	Melilotus	Trifolieae	CPER_005	Weld	CO	no	NA	NA	6/17/24	Sinorhizobium	Sinorhizobium_meliloti_(Rhizobium_meliloti)	99.719	92.4773	0	2617
DCFS-2-2-No|nifK|consensus50|pass_single_dominant	DCFS-2-2-No	D09	Medicago lupulina	5/23/25	0.061	2.928	Quarter	DCFS-2	dry	nodule	Fabaceae	DCFS	Medicago	Trifolieae	DCFS_006	Stutsman	ND	no	47.17333	99.05103	6/6/24	Sinorhizobium	Sinorhizobium_meliloti_(Rhizobium_meliloti)	99.546	99.9351	0	2815
NOGP-5-2-Ro|nifK|consensus50|pass_single_dominant	NOGP-5-2-Ro	D09	Medicago lupulina	5/2/25	3.01	144.48	Quarter	NOGP-5	dry	root	Fabaceae	NOGP	Medicago	Trifolieae	NOGP_064	NA	ND	no	46.77084	-100.9136386	6/25/24	Sinorhizobium	Sinorhizobium_meliloti_(Rhizobium_meliloti)	99.805	99.8703	0	2828
WOOD-3-2-No|nifK|consensus50|pass_single_dominant	WOOD-3-2-No	D09	Melilotus officinalis	5/2/25	0.221	10.608	Quarter	WOOD-3	ethanol	nodule	Fabaceae	WOOD	Melilotus	Trifolieae	WOOD_044	Stutsman	ND	no	47.12517	-99.2388	9/23/24	Sinorhizobium	Sinorhizobium_meliloti_(Rhizobium_meliloti)	99.481	99.9351	0	2813
WOOD-11-1-No|nifK|consensus50|pass_single_dominant	WOOD-11-1-No	D09	Medicago sativa	4/24/25	0	0	Quarter	WOOD-11	ethanol	nodule	Fabaceae	WOOD	Medicago	Trifolieae	WOOD_043	Stutsman	ND	no	47.13177	-99.2395	9/26/24	Sinorhizobium	Sinorhizobium_meliloti_(Rhizobium_meliloti)	98.506	99.8054	0	2739
TOOL-1-Ro|nifK|consensus50|pass_single_dominant	TOOL-1-Ro	D18	Dryas integrifolia	4/24/25	0.6625	31.8	Quarter	TOOL-1	ethanol	root	Rosaceae	TOOL	Dryas	actinorhizal	TOOL_041	North Slope Borough	Alaska	yes	NA	NA	20240704	Sinorhizobium	Sinorhizobium_meliloti_(Rhizobium_meliloti)	97.331	92.3476	0	2447
WOOD-6-1-Rh|nifK|consensus50|pass_mixed_possible_multitemplate	WOOD-6-1-Rh	D09	Medicago lupulina	4/24/25	0	0	Quarter	WOOD-6	ethanol	rhizosphere	Fabaceae	WOOD	Medicago	Trifolieae	BARR_027	Stutsman	ND	no	47.12819	99.23817	9/23/24	Sinorhizobium	Sinorhizobium_meliloti_(Rhizobium_meliloti)	93.526	92.153	0	2213
WOOD-10-1-No|nifK|consensus50|pass_single_dominant	WOOD-10-1-No	D09	Medicago lupulina	4/24/25	0	0	Quarter	WOOD-10	ethanol	nodule	Fabaceae	WOOD	Medicago	Trifolieae	WOOD_030	Stutsman	ND	no	47.13885	-99.2415	9/26/24	Sinorhizobium	Sinorhizobium_meliloti_(Rhizobium_meliloti)	98.632	99.546	0	2752
DCFS-3-2-No|nifK|consensus50|pass_single_dominant	DCFS-3-2-No	D09	Medicago lupulina	5/23/25	0	0	Quarter	DCFS-3	dry	nodule	Fabaceae	DCFS	Medicago	Trifolieae	DCFS_004	Stutsman	ND	no	47.17138	99.05135	6/10/24	Sinorhizobium	Sinorhizobium_meliloti_(Rhizobium_meliloti)	99.935	99.8054	0	2837
OAES_19-2-No|nifK|consensus50|pass_single_dominant	OAES-19-2-No	D11	Melilotus officinalis	6/4/24	0.1345	26.631	Quarter	OAES-19	ethanol	nodule	Fabaceae	OAES	Melilotus	Trifolieae	OAES_012_R	Washita	OK	no	35.402943	-99.064829	4/16/24	Sinorhizobium	Sinorhizobium_meliloti_(Rhizobium_meliloti)	99.611	99.9351	0	2822
OAES-36-3-No|nifK|consensus50|pass_single_dominant	OAES-36-3-No	D11	Melilotus officinalis	5/14/25	0	0	Quarter	OAES-36	ethanol	nodule	Fabaceae	OAES	Melilotus	Trifolieae	OAES_011_R	Washita	OK	no	35.40049	-99.06592	8/21/24	Sinorhizobium	Sinorhizobium_meliloti_(Rhizobium_meliloti)	99.859	91.8288	0	2608
DCFS-3-2-Ro|nifK|consensus50|pass_single_dominant	DCFS-3-2-Ro	D09	Medicago lupulina	5/23/25	1.135	54.48	Quarter	DCFS-3	dry	root	Fabaceae	DCFS	Medicago	Trifolieae	DCFS_004	Stutsman	ND	no	47.17138	99.05135	6/10/24	Sinorhizobium	Sinorhizobium_meliloti_(Rhizobium_meliloti)	96.908	92.2827	0	2466
WOOD-6-1-Ro|nifK|consensus50|pass_single_dominant	WOOD-6-1-Ro	D09	Medicago lupulina	4/24/25	0.0745	3.576	Quarter	WOOD-6	ethanol	root	Fabaceae	WOOD	Medicago	Trifolieae	BARR_027	Stutsman	ND	no	47.12819	99.23817	9/23/24	Sinorhizobium	Sinorhizobium_meliloti_(Rhizobium_meliloti)	99.158	92.4773	0	2590
NOGP-3-2-No|nifK|consensus50|pass_single_dominant	NOGP-3-2-No	D09	Medicago lupulina	4/23/25	0	0	Quarter	NOGP-3	dry	nodule	Fabaceae	NOGP	Medicago	Trifolieae	NOGP_064	NA	ND	no	46.77084	-100.9136386	6/25/24	Sinorhizobium	Sinorhizobium_meliloti_(Rhizobium_meliloti)	99.416	99.9351	0	2811
OAES-14-1-No|nifK|consensus50|pass_single_dominant	OAES-14-1-No	D11	Melilotus officinalis	8/19/24	2.005	96.24	Quarter	OAES-14	ethanol	nodule	Fabaceae	OAES	Melilotus	Trifolieae	OAES_005	Washita	OK	no	35.39246	-99.10002	4/10/24	Sinorhizobium	Sinorhizobium_meliloti_(Rhizobium_meliloti)	99.416	100	0	2808
WOOD-6-1-No|nifK|consensus50|pass_single_dominant	WOOD-6-1-No	D09	Medicago lupulina	4/24/25	0.7205	34.584	Quarter	WOOD-6	ethanol	nodule	Fabaceae	WOOD	Medicago	Trifolieae	BARR_027	Stutsman	ND	no	47.12819	99.23817	9/23/24	Sinorhizobium	Sinorhizobium_meliloti_(Rhizobium_meliloti)	99.286	99.9351	0	2802
OAES-36-2-No|nifK|consensus50|pass_single_dominant	OAES-36-2-No	D11	Melilotus officinalis	5/14/25	0	0	Quarter	OAES-36	ethanol	nodule	Fabaceae	OAES	Melilotus	Trifolieae	OAES_011_R	Washita	OK	no	35.40049	-99.06592	8/21/24	Sinorhizobium	Sinorhizobium_meliloti_(Rhizobium_meliloti)	99.546	99.9351	0	2819
SCBI-2-1-No|nifK|consensus50|pass_single_dominant	SCBI-2-1-No	D02	Lespedeza cuneata	4/23/25	0	0	Quarter	SCBI-2	ethanol	nodule	Fabaceae	SCBI	Lespedeza	Desmodieae	SCBI-006	Warren	VA	no	38.897638	-78.152008	NA	Sinorhizobium	Sinorhizobium_meliloti_(Rhizobium_meliloti)	95.934	90.9209	0	2379
CPER-5-1-Rh|nifK|consensus50|pass_single_dominant	CPER-5-1-Rh	D10	Melilotus officinalis	5/23/25	2.535	121.68	Quarter	CPER-5	dry	rhizosphere	Fabaceae	CPER	Melilotus	Trifolieae	CPER_022	Weld	CO	no	NA	NA	6/24/24	Sinorhizobium	Sinorhizobium_meliloti_(Rhizobium_meliloti)	99.479	99.546	0	2804
NOGP-5-2-No|nifK|consensus50|pass_single_dominant	NOGP-5-2-No	D09	Medicago lupulina	5/2/25	0.057	2.736	Quarter	NOGP-5	dry	nodule	Fabaceae	NOGP	Medicago	Trifolieae	NOGP_064	NA	ND	no	46.77084	-100.9136386	6/25/24	Sinorhizobium	Sinorhizobium_meliloti_(Rhizobium_meliloti)	99.351	99.9351	0	2806
CPER-4-No|nifK|consensus50|pass_single_dominant	CPER-4-No	D10	Melilotus officinalis	5/23/25	0	0	Quarter	CPER-4	dry	nodule	Fabaceae	CPER	Melilotus	Trifolieae	CPER_027	Weld	CO	no	NA	NA	6/24/24	Sinorhizobium	Sinorhizobium_meliloti_(Rhizobium_meliloti)	99.416	99.8703	0	2802
CPER-5-1-No|nifK|consensus50|pass_single_dominant	CPER-5-1-No	D10	Melilotus officinalis	5/23/25	0.4335	20.808	Quarter	CPER-5	dry	nodule	Fabaceae	CPER	Melilotus	Trifolieae	CPER_022	Weld	CO	no	NA	NA	6/24/24	Sinorhizobium	Sinorhizobium_meliloti_(Rhizobium_meliloti)	99.416	99.9351	0	2809
NOGP-4-1-Ro|nifK|consensus50|pass_single_dominant	NOGP-4-1-Ro	D09	Medicago lupulina	5/2/25	0.069	3.312	Quarter	NOGP-4	dry	root	Fabaceae	NOGP	Medicago	Trifolieae	NOGP_064	NA	ND	no	46.77084	-100.9136386	6/25/24	Sinorhizobium	Sinorhizobium_meliloti_(Rhizobium_meliloti)	99.351	99.9351	0	2808
NOGP-3-2-Ro|nifK|consensus50|pass_single_dominant	NOGP-3-2-Ro	D09	Medicago lupulina	4/23/25	0.473	22.704	Quarter	NOGP-3	dry	root	Fabaceae	NOGP	Medicago	Trifolieae	NOGP_064	NA	ND	no	46.77084	-100.9136386	6/25/24	Sinorhizobium	Sinorhizobium_meliloti_(Rhizobium_meliloti)	99.579	92.4125	0	2610
DCFS-3-2-Rh|nifK|consensus50|pass_mixed_possible_multitemplate	DCFS-3-2-Rh	D09	Medicago lupulina	5/23/25	0	0	Quarter	DCFS-3	dry	rhizosphere	Fabaceae	DCFS	Medicago	Trifolieae	DCFS_004	Stutsman	ND	no	47.17138	99.05135	6/10/24	Sinorhizobium	Sinorhizobium_meliloti_(Rhizobium_meliloti)	90.052	50.1946	0	1101
OAES-22-1-No|nifK|consensus50|pass_single_dominant	OAES-22-1-No	D11	Medicago minima	6/4/24	0.1165	23.067	Quarter	OAES-22	ethanol	nodule	Fabaceae	OAES	Medicago	Trifolieae	OAES_012_R	Washita	OK	no	35.402943	-99.064829	4/16/24	Sinorhizobium	Sinorhizobium_meliloti_(Rhizobium_meliloti)	98.832	99.9351	0	2769
WOOD-12-No|nifK|consensus50|pass_single_dominant	WOOD-12-No	D09	Medicago sativa	4/24/25	0	0	Quarter	WOOD-12	ethanol	nodule	Fabaceae	WOOD	Medicago	Trifolieae	WOOD_030	Stutsman	ND	no	47.13885	-99.2415	9/26/24	Sinorhizobium	Sinorhizobium_meliloti_(Rhizobium_meliloti)	99.86	92.4773	0	2623
WOOD-7-1-No|nifK|consensus50|pass_single_dominant	WOOD-7-1-No	D09	Medicago lupulina	4/24/25	0.0555	2.664	Quarter	WOOD-7	ethanol	nodule	Fabaceae	WOOD	Medicago	Trifolieae	BARR_027	Stutsman	ND	no	47.12819	99.23817	9/23/24	Sinorhizobium	Sinorhizobium_meliloti_(Rhizobium_meliloti)	99.027	99.9351	0	2774
SCBI-2-1-Rh|nifK|consensus50|pass_single_dominant	SCBI-2-1-Rh	D02	Lespedeza cuneata	4/23/25	0	0	Quarter	SCBI-2	ethanol	rhizosphere	Fabaceae	SCBI	Lespedeza	Desmodieae	SCBI-006	Warren	VA	no	38.897638	-78.152008	NA	Sinorhizobium	Sinorhizobium_meliloti_(Rhizobium_meliloti)	96.283	92.4773	0	2399
WOOD-7-1-Rh|nifK|consensus50|pass_mixed_possible_multitemplate	WOOD-7-1-Rh	D09	Medicago lupulina	4/24/25	0	0	Quarter	WOOD-7	ethanol	rhizosphere	Fabaceae	WOOD	Medicago	Trifolieae	BARR_027	Stutsman	ND	no	47.12819	99.23817	9/23/24	Sinorhizobium	Sinorhizobium_meliloti_(Rhizobium_meliloti)	94.109	92.4773	0	2276
WOOD-8-No|nifK|consensus50|pass_mixed_possible_multitemplate	WOOD-8-No	D09	Medicago lupulina	4/24/25	0	0	Quarter	WOOD-8	ethanol	nodule	Fabaceae	WOOD	Medicago	Trifolieae	BARR_027	Stutsman	ND	no	47.12819	99.23817	9/23/24	Sinorhizobium	Sinorhizobium_meliloti_(Rhizobium_meliloti)	95.652	92.4773	0	2385
DCFS-5-1-No|nifK|consensus50|pass_single_dominant	DCFS-5-1-No	D09	Medicago lupulina	4/23/25	0	0	Quarter	DCFS-5	dry	nodule	Fabaceae	DCFS	Medicago	Trifolieae	DCFS_065	Stutsman	ND	no	47.16085	99.11081	6/20/24	Sinorhizobium	Sinorhizobium_meliloti_(Rhizobium_meliloti)	99.091	99.9351	0	2778
OAES-2-1-No|nifK|consensus50|pass_single_dominant	OAES-2-1-No	D11	Medicago minima	6/25/24	2.38	114.24	Quarter	OAES-2	ethanol	nodule	Fabaceae	OAES	Medicago	Trifolieae	OAES_055_T	Washita	OK	no	35.41368	-99.05573	3/27/24	Sinorhizobium	Sinorhizobium_meliloti_(Rhizobium_meliloti)	99.546	99.9351	0	2808
OAES-2-1-Ro|nifK|consensus50|pass_single_dominant	OAES-2-1-Ro	D11	Medicago minima	6/25/24	0.1695	8.136	Quarter	OAES-2	ethanol	root	Fabaceae	OAES	Medicago	Trifolieae	OAES_055_T	Washita	OK	no	35.41368	-99.05573	3/27/24	Sinorhizobium	Sinorhizobium_meliloti_(Rhizobium_meliloti)	98.961	99.8703	0	2769
NOGP-1-1-No|nifK|consensus50|pass_single_dominant	NOGP-1-1-No	D09	Medicago lupulina	4/23/25	0	0	Quarter	NOGP-1	dry	nodule	Fabaceae	NOGP	Medicago	Trifolieae	NOGP_064	NA	ND	no	46.77084	-100.9136386	6/25/24	Sinorhizobium	Sinorhizobium_medicae_(Ensifer_medicae)	98.636	99.8703	0	2747
DCFS-8-1-No|nifK|consensus50|pass_single_dominant	DCFS-8-1-No	D09	Melilotus officinalis	4/23/25	0	0	Quarter	DCFS-8	dry	nodule	Fabaceae	DCFS	Melilotus	Trifolieae	DCFS_067	Stutsman	ND	no	47.16087	99.11052	6/20/24	Sinorhizobium	Sinorhizobium_meliloti_(Rhizobium_meliloti)	99.091	99.9351	0	2780
NOGP-6-3-Ro|nifK|consensus50|pass_single_dominant	NOGP-6-3-Ro	D09	Medicago sativa	5/2/25	1.105	53.04	Quarter	NOGP-6	dry	root	Fabaceae	NOGP	Medicago	Trifolieae	NOGP_001	NA	ND	no	46.80621	-100.91555	6/27/24	Sinorhizobium	Sinorhizobium_meliloti_(Rhizobium_meliloti)	99.091	99.8703	0	2778
DCFS-6-1-No|nifK|consensus50|pass_single_dominant	DCFS-6-1-No	D09	Medicago lupulina	4/23/25	0	0	Quarter	DCFS-6	dry	nodule	Fabaceae	DCFS	Medicago	Trifolieae	DCFS_065	Stutsman	ND	no	47.16085	99.11081	6/20/24	Sinorhizobium	Sinorhizobium_meliloti_(Rhizobium_meliloti)	99.221	99.9351	0	2785
CPER-2-Ro|nifK|consensus50|pass_mixed_possible_multitemplate	CPER-2-Ro	D10	Melilotus officinalis	4/24/25	0.0745	3.576	Quarter	CPER-2	dry	root	Fabaceae	CPER	Melilotus	Trifolieae	CPER_002	Weld	CO	no	NA	NA	6/14/24	Sinorhizobium	Sinorhizobium_meliloti_(Rhizobium_meliloti)	96.556	99.8054	0	2625
CPER-4-Rh|nifK|consensus50|pass_mixed_possible_multitemplate	CPER-4-Rh	D10	Melilotus officinalis	5/23/25	0.165	7.92	Quarter	CPER-4	dry	rhizosphere	Fabaceae	CPER	Melilotus	Trifolieae	CPER_027	Weld	CO	no	NA	NA	6/24/24	Sinorhizobium	Sinorhizobium_meliloti_(Rhizobium_meliloti)	93.061	100	0	2435
OAES-14-1-Rh|nifK|consensus50|pass_single_dominant	OAES-14-1-Rh	D11	Melilotus officinalis	8/19/24	0.192	9.216	Quarter	OAES-14	ethanol	rhizosphere	Fabaceae	OAES	Melilotus	Trifolieae	OAES_005	Washita	OK	no	35.39246	-99.10002	4/10/24	Sinorhizobium	Sinorhizobium_meliloti_(Rhizobium_meliloti)	98.746	98.249	0	2708
OAES-14-1-Ro|nifK|consensus50|pass_mixed_possible_multitemplate	OAES-14-1-Ro	D11	Melilotus officinalis	8/19/24	0.5675	27.24	Quarter	OAES-14	ethanol	root	Fabaceae	OAES	Melilotus	Trifolieae	OAES_005	Washita	OK	no	35.39246	-99.10002	4/10/24	Sinorhizobium	Sinorhizobium_meliloti_(Rhizobium_meliloti)	96.818	99.8703	0	2614
CPER-3-1-Ro|nifK|consensus50|pass_single_dominant	CPER-3-1-Ro	D10	Melilotus officinalis	5/23/25	1.215	58.32	Quarter	CPER-3	dry	root	Fabaceae	CPER	Melilotus	Trifolieae	CPER_005	Weld	CO	no	NA	NA	6/17/24	Sinorhizobium	Sinorhizobium_meliloti_(Rhizobium_meliloti)	98.127	96.952	0	2610
CPER-4-Ro|nifK|consensus50|pass_mixed_possible_multitemplate	CPER-4-Ro	D10	Melilotus officinalis	5/23/25	0.571	27.408	Quarter	CPER-4	dry	root	Fabaceae	CPER	Melilotus	Trifolieae	CPER_027	Weld	CO	no	NA	NA	6/24/24	Sinorhizobium	Sinorhizobium_meliloti_(Rhizobium_meliloti)	95.06	97.1466	0	2460
SCBI-1-1-Ro|nifK|consensus50|pass_single_dominant	SCBI-1-1-Ro	D02	Lespedeza cuneata	4/23/25	0.748	35.904	Quarter	SCBI-1	ethanol	root	Fabaceae	SCBI	Lespedeza	Desmodieae	SCBI-006	Warren	VA	no	38.897638	-78.152008	6/26/24	Sinorhizobium	Sinorhizobium_meliloti_(Rhizobium_meliloti)	95.349	50.1946	0	1286
CPER-2-Rh|nifK|consensus50|pass_mixed_possible_multitemplate	CPER-2-Rh	D10	Melilotus officinalis	4/24/25	0	0	Quarter	CPER-2	dry	rhizosphere	Fabaceae	CPER	Melilotus	Trifolieae	CPER_002	Weld	CO	no	NA	NA	6/14/24	Sinorhizobium	Sinorhizobium_meliloti_(Rhizobium_meliloti)	93.679	97.4708	0	2327
JERC-147-Rh|nifK|consensus50|pass_mixed_possible_multitemplate	JERC-147-Rh	D03	Tephrosia spicata	5/14/25	0.1525	7.32	Quarter	JERC-147	dry	rhizosphere	Fabaceae	JERC	Tephrosia	Millettieae	JERC_062	NA	Unknown	yes	NA	NA	20240924	Mesorhizobium	Mesorhizobium_caraganae	82.386	93.5149	0	1447
SERC-6-1-No|nifK|consensus50|pass_mixed_possible_multitemplate	SERC-6-1-No	D02	Glycine max	4/15/25	13.55	650.4	Half	SERC-6	ethanol	nodule	Fabaceae	SERC	Glycine	Glycininae	SERC_018	Anne Arundel	MD	no	38.872901	-76.531642	9/25/24	Sinorhizobium	Sinorhizobium_meliloti_(Rhizobium_meliloti)	92.978	92.3476	0	2220
DSNY-84-2-Rh|nifK|consensus50|pass_single_dominant	DSNY-84-2-Rh	D03	Chapmannia floridana	4/4/25	0	0	Quarter	DSNY-84	dry	rhizosphere	Fabaceae	DSNY	Chapmannia	Dalbergieae	DSNY_015	Polk	Florida	yes	28.1094133	-81.4308468	20240904	Sinorhizobium	Sinorhizobium_meliloti_(Rhizobium_meliloti)	97.635	38.3917	0	1031
DEJU-11-1-No|nifK|consensus50|pass_mixed_possible_multitemplate	DEJU-11-1-No	D19	Lupinus arcticus	3/26/25	8.73	419.04	Half	DEJU-11	ethanol	nodule	Fabaceae	DEJU	Lupinus	Genisteae	DEJU_006	NA	Alaska	yes	NA	NA	NA	Rhizobium	Rhizobium_sp._ZK1	85.556	52.5292	0	948
DELA-31-1-No|nifK|consensus50|pass_mixed_possible_multitemplate	DELA-31-1-No	D08	Lespedeza cuneata	4/4/25	32	1536	Half	DELA-31	dry	nodule	Fabaceae	DELA	Lespedeza	Desmodieae	DELA_003	Green County	AL	no	32.53425	-87.81316	8/15/24	Rhizobium	Rhizobium_sp._ZK1	85.695	48.9624	0	867
LAJA-18-1-No|nifK|consensus50|pass_mixed_possible_multitemplate	LAJA-18-1-No	D04	Alysicarpus vaginalis	3/19/25	13.85	664.8	Half	LAJA-18	dry	nodule	Fabaceae	LAJA	Alysicarpus	Desmodieae	LAJA_009	LAJA	P.R	yes	18.03228	-67.06915	10/2/24	Sinorhizobium	Sinorhizobium_mexicanum_(Ensifer_mexicanus)	84.742	55.2529	0	946
JERC-198-No|nifK|consensus50|pass_mixed_possible_multitemplate	JERC-198-No	D03	Chamaecrista fasciculata	4/24/25	2.735	131.28	Quarter	JERC-198	dry	nodule	Fabaceae	JERC	Chamaecrista	Cassieae	JERC_004	Baker County	Georgia	yes	31.1903745	-84.4660419	20241029	Rhizobium	Rhizobium_sp._ZK1	86.765	48.5084	0	856
HEAL-4-1-No|nifK|consensus50|pass_mixed_possible_multitemplate	HEAL-4-1-No	D19	Alnus viridis	4/4/25	14.15	679.2	Half	HEAL-4	ethanol	nodule	Betulaceae	HEAL	Alnus	actinorhizal	HEAL_010	Denali Borough	Alaska	yes	63.87738 N	149.26297 W	20240723	Rhizobium	Rhizobium_sp._ZK1	87.207	55.2529	0	1026
JERC-87-1-No|nifK|consensus50|pass_mixed_possible_multitemplate	JERC-87-1-No	D03	Crotalaria juncea	5/14/25	0	0	Quarter	JERC-87	dry	nodule	Fabaceae	JERC	Crotalaria	Crotalarieae	JERC_034	Baker County	Georgia	no	31.19805	-84.48836667	20240625	Rhizobium	Rhizobium_sp._ZK1	86.879	54.8638	0	1035
TOOL-33-1-Rh|nifK|consensus50|pass_mixed_possible_multitemplate	TOOL-33-1-Rh	D18	Dryas octopetala	5/23/25	4.145	198.96	Quarter	TOOL-33	ethanol	rhizosphere	Rosaceae	TOOL	Dryas	actinorhizal	TOOL_011	North Slope Borough	Alaska	yes	68.62774	-149.58777	20240711	Rhizobium	Rhizobium_sp._ZK1	89.48	54.8638	0	1081
JERC-152-Rh|nifK|consensus50|pass_mixed_possible_multitemplate	JERC-152-Rh	D03	Tephrosia virginiana	5/14/25	0	0	Quarter	JERC-152	dry	rhizosphere	Fabaceae	JERC	Tephrosia	Millettieae	JERC_015	Baker County	Georgia	yes	NA	NA	20241002	Rhizobium	Rhizobium_sp._ZK1	88.639	54.799	0	1044
JERC-199-Ro|nifK|consensus50|pass_mixed_possible_multitemplate	JERC-199-Ro	D03	Indigofera hirsuta	4/24/25	0.205	9.84	Quarter	JERC-199	dry	root	Fabaceae	JERC	Indigofera	Indigofereae	JERC_004	Baker County	Georgia	no	NA	NA	20241029	Rhizobium	Rhizobium_sp._ZK1	88.744	54.7341	0	1066
TOOL-2-Ro|nifK|consensus50|pass_mixed_possible_multitemplate	TOOL-2-Ro	D18	Dryas integrifolia	4/24/25	0.914	43.872	Quarter	TOOL-2	ethanol	root	Rosaceae	TOOL	Dryas	actinorhizal	TOOL_041	North Slope Borough	Alaska	yes	NA	NA	20240704	Rhizobium	Rhizobium_sp._ZK1	89.003	50.7134	0	1013
DELA-28-No|nifK|consensus50|pass_mixed_possible_multitemplate	DELA-28-No	D08	Albizia julibrissin	4/4/25	57.5	2760	Half	DELA-28	NA	nodule	Fabaceae	DELA	Albizia	Mimosoideae	DELA_038	Green County	AL	no	32.55372	-87.81008	8/15/24	Rhizobium	Rhizobium_sp._ZK1	88.284	54.799	0	1040
LAJA-2-3-No|nifK|consensus50|pass_mixed_possible_multitemplate	LAJA-2-3-No	D04	Mimosa pudica	4/4/25	18.55	890.4	Half	LAJA-2	NA	nodule	Fabaceae	LAJA	Mimosa	Mimosoideae	LAJA_002	LAJA	P.R	yes	18.035349	-67.073331	8/21/24	Rhizobium	Rhizobium_sp._ZK1	88.698	52.7886	0	1024
OAES-36-2-Ro|nifK|consensus50|pass_mixed_possible_multitemplate	OAES-36-2-Ro	D11	Melilotus officinalis	5/14/25	0	0	Quarter	OAES-36	ethanol	root	Fabaceae	OAES	Melilotus	Trifolieae	OAES_011_R	Washita	OK	no	35.40049	-99.06592	8/21/24	Rhizobium	Rhizobium_sp._ZK1	86.781	98.1193	0	1790
TALL-67-1-Ro|nifK|consensus50|pass_mixed_possible_multitemplate	TALL-67-1-Ro	D08	Lespedeza repens	4/8/25	6.095	292.56	Half	TALL-67	dry	root	Fabaceae	TALL	Lespedeza	Desmodieae	TALL_055	Bibb County	AL	yes	32.948748	-87.398587	9/3/24	Rhizobium	Rhizobium_sp._ZK1	88.181	55.9663	0	1103
DELA-1-3-No|nifK|consensus50|pass_single_dominant	DELA-1-3-No	D08	Sesbania herbacea	4/4/25	53	2544	Half	DELA-1	dry	nodule	Fabaceae	DELA	Sesbania	Sesbanieae	DELA_008	Green County	AL	yes	32.539186	-87.81292	7/24/24	Sinorhizobium	Sinorhizobium_meliloti_(Rhizobium_meliloti)	82.568	97.4708	0	1391
DSNY-SEHE-60-No|nifK|consensus50|pass_mixed_possible_multitemplate	DSNY-SEHE-60-No	D03	Sesbania herbacea	2/25/25	4.585	220.08	Quarter	DSNY-SEHE-60	dry	nodule	Fabaceae	DSNY	Sesbania	Sesbanieae	DSNY_081Q	Polk	Florida	yes	28.074618	-81.411575	20240724	Rhizobium	Rhizobium_sp._ZK1	89.687	99.3515	0	2082
N35-4-D-No|nifK|consensus50|pass_single_dominant	N35-4-D-No	NA	NA	NA	NA	NA	NA	NA	NA	NA	NA	NA	NA	NA	NA	NA	NA	NA	NA	NA	NA	Rhizobium	Rhizobium_sp._ZK1	91.04	99.1569	0	2158
DELA-1-3-Rh|nifK|consensus50|pass_mixed_possible_multitemplate	DELA-1-3-Rh	D08	Sesbania herbacea	4/4/25	14.9	715.2	Half	DELA-1	dry	rhizosphere	Fabaceae	DELA	Sesbania	Sesbanieae	DELA_008	Green County	AL	yes	32.539186	-87.81292	7/24/24	Rhizobium	Rhizobium_sp._ZK1	88.918	98.3139	0	2023
DELA-29-1-Rh|nifK|consensus50|pass_mixed_possible_multitemplate	DELA-29-1-Rh	D08	Sesbania herbacea	4/4/25	9.7	465.6	Half	DELA-29	dry	rhizosphere	Fabaceae	DELA	Sesbania	Sesbanieae	DELA_040	Green County	AL	yes	32.53925	-87.80497	8/15/24	Rhizobium	Rhizobium_sp._ZK1	89.886	96.8223	0	1984
DELA-31-1-Rh|nifK|consensus50|pass_mixed_possible_multitemplate	DELA-31-1-Rh	D08	Lespedeza cuneata	4/4/25	6.375	306	Half	DELA-31	dry	rhizosphere	Fabaceae	DELA	Lespedeza	Desmodieae	DELA_003	Green County	AL	no	32.53425	-87.81316	8/15/24	Rhizobium	Rhizobium_sp._ZK1	89.824	51.6213	0	1061
DELA-1-3-Ro|nifK|consensus50|pass_mixed_possible_multitemplate	DELA-1-3-Ro	D08	Sesbania herbacea	4/4/25	0.059	2.832	Quarter	DELA-1	dry	root	Fabaceae	DELA	Sesbania	Sesbanieae	DELA_008	Green County	AL	yes	32.539186	-87.81292	7/24/24	Mesorhizobium	Mesorhizobium_maamorense	86.856	36.511	0	658
DELA-31-1-Ro|nifK|consensus50|pass_mixed_possible_multitemplate	DELA-31-1-Ro	D08	Lespedeza cuneata	4/4/25	8.015	384.72	Half	DELA-31	dry	root	Fabaceae	DELA	Lespedeza	Desmodieae	DELA_003	Green County	AL	no	32.53425	-87.81316	8/15/24	Rhizobium	Rhizobium_sp._ZK1	90.327	51.6213	0	1068
DELA-29-1-No|nifK|consensus50|pass_mixed_possible_multitemplate	DELA-29-1-No	D08	Sesbania herbacea	4/4/25	58.5	2808	Half	DELA-29	dry	nodule	Fabaceae	DELA	Sesbania	Sesbanieae	DELA_040	Green County	AL	yes	32.53925	-87.80497	8/15/24	Rhizobium	Rhizobium_sp._ZK1	88.346	99.6109	0	1938
DELA-29-1-Ro|nifK|consensus50|pass_single_dominant	DELA-29-1-Ro	D08	Sesbania herbacea	4/4/25	8.895	426.96	Half	DELA-29	dry	root	Fabaceae	DELA	Sesbania	Sesbanieae	DELA_040	Green County	AL	yes	32.53925	-87.80497	8/15/24	Rhizobium	Rhizobium_sp._ZK1	91.421	48.3787	0	1033
TALL-5-2-Ro|nifK|consensus50|pass_single_dominant	TALL-5-2-Ro	D08	Desmodium paniculatum	4/4/25	5.43	260.64	Half	TALL-5	dry	root	Fabaceae	TALL	Desmodium	Desmodieae	TALL_016	Bibb County	AL	yes	32.970408	-87.415018	2024-Apr-11	Rhizobium	Rhizobium_sp._ZK1	85.106	48.7678	0	857
LAJA-3-3-No|nifK|consensus50|pass_mixed_possible_multitemplate	LAJA-3-3-No	D04	Albizia sp.	4/4/25	9.49	455.52	Half	LAJA-3	NA	nodule	Fabaceae	LAJA	Albizia	Mimosoideae	LAJA_015	LAJA	P.R	no	18.034464	-67.066822	8/21/24	Rhizobium	Rhizobium_sp._ZK1	87.903	56.2905	0	1092
JERC-151-Ro|nifK|consensus50|pass_mixed_possible_multitemplate	JERC-151-Ro	D03	Tephrosia virginiana	5/14/25	0.452	21.696	Quarter	JERC-151	dry	root	Fabaceae	JERC	Tephrosia	Millettieae	JERC_015	Baker County	Georgia	yes	NA	NA	20241002	Rhizobium	Rhizobium_sp._ZK1	90.224	55.0584	0	1127
JERC-134-3-Ro|nifK|consensus50|pass_mixed_possible_multitemplate	JERC-134-3-Ro	D03	Rhynchosia reniformis	4/8/25	5.37	257.76	Half	JERC-134	dry	root	Fabaceae	JERC	Rhynchosia	Phaseoleae	JERC_048	Baker County	Georgia	yes	NA	NA	20240807	Rhizobium	Rhizobium_sp._ZK1	87.692	54.799	0	1022
N36-4-D-Ro|nifK|consensus50|pass_mixed_possible_multitemplate	N36-4-D-Ro	NA	NA	NA	NA	NA	NA	NA	NA	NA	NA	NA	NA	NA	NA	NA	NA	NA	NA	NA	NA	Rhizobium	Rhizobium_sp._ZK1	83.39	38.262	8.219999999999999e-167	580
N35-4-D-Ro|nifK|consensus50|pass_single_dominant	N35-4-D-Ro	NA	NA	NA	NA	NA	NA	NA	NA	NA	NA	NA	NA	NA	NA	NA	NA	NA	NA	NA	NA	Rhizobium	Rhizobium_sp._ZK1	91.834	51.6213	0	1110
DELA-32-1-Ro|nifK|consensus50|pass_mixed_possible_multitemplate	DELA-32-1-Ro	D08	Amorpha fruticosa	4/4/25	0.3565	17.112	Quarter	DELA-32	dry	root	Fabaceae	DELA	Amorpha	Amorpheae	DELA_012	Green County	AL	yes	32.531129	-87.816662	8/15/24	Rhizobium	Rhizobium_sp._ZK1	87.367	36.4462	0	665
TALL-53-3-Ro|nifK|consensus50|pass_mixed_possible_multitemplate	TALL-53-3-Ro	D08	Desmodium viridiflorum	3/20/25	13.35	640.8	Half	TALL-53	dry	root	Fabaceae	TALL	Desmodium	Desmodieae	TALL_006	Hale County	AL	yes	32.898847	-87.44631	8/27/24	Rhizobium	Rhizobium_sp._ZK1	85.732	51.3619	0	904
JERC-DEST-68-4-No|nifK|consensus50|pass_mixed_possible_multitemplate	JERC-DEST-68-4-No	D03	Desmodium strictum	12/4/24	13.8	662.4	Half	JERC-68	dry	nodule	Fabaceae	JERC	Desmodium	Desmodieae	JERC_050	Baker County	Georgia	yes	NA	NA	20240618	Rhizobium	Rhizobium_sp._ZK1	87.308	50.5837	0	941
JERC-120-No|nifK|consensus50|pass_mixed_possible_multitemplate	JERC-120-No	D03	Desmodium strictum	2/25/25	0.078	3.744	Quarter	JERC-120	dry	nodule	Fabaceae	JERC	Desmodium	Desmodieae	JERC_003	Baker County	Georgia	yes	31.196419	-84.473672	20240730	Rhizobium	Rhizobium_sp._ZK1	86.636	56.2905	0	1005
JERC-RHTO-58-1-No|nifK|consensus50|pass_single_dominant	JERC-RHTO-58-1-No	D03	Rhynchosia tomentosa	12/4/24	6.185	296.88	Half	JERC-58	dry	nodule	Fabaceae	JERC	Rhynchosia	Phaseoleae	JERC_050	Baker County	Georgia	yes	NA	NA	20240618	Sinorhizobium	Sinorhizobium_garamanticum_(Ensifer_garamanticus)	81.818	50.6485	0	737
DELA-23-2-No|nifK|consensus50|pass_mixed_possible_multitemplate	DELA-23-2-No	D08	Desmodium perplexum	4/4/25	6.955	333.84	Half	DELA-23	dry	nodule	Fabaceae	DELA	Desmodium	Desmodieae	DELA_041	Green County	AL	yes	32.53927	-87.80968	8/14/24	Microvirga	Microvirga_sp._KLBC_81	82.667	97.2763	0	1535
HEAL-2-1-No|nifK|consensus50|pass_mixed_possible_multitemplate	HEAL-2-1-No	D19	Alnus viridis	4/4/25	13.45	645.6	Half	HEAL-2	ethanol	nodule	Betulaceae	HEAL	Alnus	actinorhizal	HEAL_010	Denali Borough	Alaska	yes	63.87736 N	149.26331 W	20240723	Rhizobium	Rhizobium_sp._ZK1	85.376	90.4669	0	1581
LAJA-3-2-No|nifK|consensus50|pass_mixed_possible_multitemplate	LAJA-3-2-No	D04	Albizia sp.	4/4/25	36.15	1735.2	Half	LAJA-3	NA	nodule	Fabaceae	LAJA	Albizia	Mimosoideae	LAJA_015	LAJA	P.R	no	18.034464	-67.066822	8/21/24	Rhizobium	Rhizobium_sp._ZK1	87.811	54.799	0	1033
DELA-11-3-No|nifK|consensus50|pass_mixed_possible_multitemplate	DELA-11-3-No	D08	Sesbania herbacea	4/4/25	41.15	1975.2	Half	DELA-11	dry	nodule	Fabaceae	DELA	Sesbania	Sesbanieae	DELA_027	Green County	AL	yes	32.539094	-87.810015	8/13/24	Sinorhizobium	Sinorhizobium_meliloti_(Rhizobium_meliloti)	82.745	97.3411	0	1552
YELL-6-1-Ro|nifK|consensus50|pass_mixed_possible_multitemplate	YELL-6-1-Ro	D12	Astragalus sp.	4/4/25	14.25	684	Half	YELL-6	ethanol	root	Fabaceae	YELL	Astragalus	Galegeae	YELL_026	Park County	WY	yes	NA	NA	7/11/24	Rhizobium	Rhizobium_sp._ZK1	85.632	56.4202	0	1013
TALL-72-1-No|nifK|consensus50|pass_mixed_possible_multitemplate	TALL-72-1-No	D08	Alnus serrulata	4/8/25	11.25	540	Half	TALL-72	dry	nodule	Betulaceae	TALL	Alnus	actinorhizal	TALL_032	Hale county	AL	yes	32.911661	-87.430302	9/4/24	Rhizobium	Rhizobium_sp._ZK1	83.88	96.952	0	1650
HEAL-5-2-No|nifK|consensus50|pass_mixed_possible_multitemplate	HEAL-5-2-No	D19	Alnus viridis	4/4/25	20.35	976.8	Half	HEAL-5	ethanol	nodule	Betulaceae	HEAL	Alnus	actinorhizal	HEAL_010	Denali Borough	Alaska	yes	63.87738 N	149.26297 W	20240723	Sinorhizobium	Sinorhizobium_meliloti_(Rhizobium_meliloti)	86.791	97.2114	0	1801
DELA-5-1-No|nifK|consensus50|pass_mixed_possible_multitemplate	DELA-5-1-No	D08	Galactia volubilis	4/4/25	0.4665	22.392	Quarter	DELA-5	NA	nodule	Fabaceae	DELA	Galactia	Diocleae	DELA_027	Green County	AL	yes	32.538206	-87.80996	8/1/24	Rhizobium	Rhizobium_sp._YTUHZ044	87.911	55.2529	0	1037
NOGP-7-2-No|nifK|consensus50|pass_mixed_possible_multitemplate	NOGP-7-2-No	D09	Amorpha canescens	5/2/25	0	0	Quarter	NOGP-7	dry	nodule	Fabaceae	NOGP	Amorpha	Amorpheae	NOGP_064	NA	ND	yes	46.77063	-100.9138092	6/25/24	Sinorhizobium	Sinorhizobium_meliloti_(Rhizobium_meliloti)	86.218	97.406	0	1731
WOOD-1-1-Ro|nifK|consensus50|pass_mixed_possible_multitemplate	WOOD-1-1-Ro	D09	Melilotus officinalis	5/2/25	0.286	13.728	Quarter	WOOD-1	ethanol	root	Fabaceae	WOOD	Melilotus	Trifolieae	DCFS_014	Stutsman	ND	no	46.89494	-98.6864	9/16/24	Sinorhizobium	Sinorhizobium_meliloti_(Rhizobium_meliloti)	86.925	97.2114	0	1925
TEAK-1-2-Ro|nifK|consensus50|pass_mixed_possible_multitemplate	TEAK-1-2-Ro	D17	Astragalus bolanderi	4/15/25	5.245	251.76	Half	TEAK-1	dry	root	Fabaceae	TEAK	Astragalus	Galegeae	NA	Fresno	CA	yes	37.00469	-119.004015	#N/A	Sinorhizobium	Sinorhizobium_meliloti_(Rhizobium_meliloti)	89.532	99.7406	0	2161
TEAK-2-1-Rh|nifK|consensus50|pass_single_dominant	TEAK-2-1-Rh	D17	Trifolium sp.	4/15/25	23	1104	Half	TEAK-2	dry	rhizosphere	Fabaceae	TEAK	Trifolium	Trifolieae	NA	Fresno	CA	0	37.006573	-119.006907	#N/A	Sinorhizobium	Sinorhizobium_meliloti_(Rhizobium_meliloti)	89.516	96.4981	0	2013
JERC-204-1-Ro|nifK|consensus50|pass_mixed_possible_multitemplate	JERC-204-1-Ro	D03	Lespedeza stuevei	4/8/25	9.58	459.84	Half	JERC-204	dry	root	Fabaceae	JERC	Lespedeza	Desmodieae	JERC_005	Baker County	Georgia	yes	NA	NA	20241029	Sinorhizobium	Sinorhizobium_meliloti_(Rhizobium_meliloti)	89.8	97.2763	0	2095
DSNY-14-1-Ro|nifK|consensus50|pass_mixed_possible_multitemplate	DSNY-14-1-Ro	D03	Crotalaria pallida var. obovata	8/19/24	0.5255	25.224	Quarter	DSNY-CRPA-14	dry	root	Fabaceae	DSNY	Crotalaria	Crotalarieae	DSNY_044	Osceola	Florida	yes	28.12693243	-81.43561487	20240320	Sinorhizobium	Sinorhizobium_meliloti_(Rhizobium_meliloti)	93.899	92.4773	0	2206
JERC-148-Rh|nifK|consensus50|pass_single_dominant	JERC-148-Rh	D03	Lespedeza virginica	5/14/25	0	0	Quarter	JERC-148	dry	rhizosphere	Fabaceae	JERC	Lespedeza	Desmodieae	JERC_062	NA	Unknown	yes	NA	NA	20240924	Sinorhizobium	Sinorhizobium_meliloti_(Rhizobium_meliloti)	92.208	54.9287	0	1256
KONZ-1-Ro|nifK|consensus50|pass_mixed_possible_multitemplate	KONZ-1-Ro	D06	Lespedeza capitata	8/29/24	0.873	41.904	Quarter	KONZ-1	dry	root	Fabaceae	KONZ	Lespedeza	Desmodieae	KONZ_046	Riley	KS	yes	39.103	-96.56374	20240703	Sinorhizobium	Sinorhizobium_meliloti_(Rhizobium_meliloti)	94.894	95.2659	0	2357
SCBI-4-1-Rh|nifK|consensus50|pass_single_dominant	SCBI-4-1-Rh	D02	Amphicarpaea bracteata	4/23/25	0	0	Quarter	SCBI-4	ethanol	rhizosphere	Fabaceae	SCBI	Amphicarpaea	Phaseoleae	SCBI-047	Warren	VA	yes	38.894252	-78.137193	6/26/24	Sinorhizobium	Sinorhizobium_meliloti_(Rhizobium_meliloti)	92.355	95.0065	0	2182
DSNY-15-1-Ro|nifK|consensus50|pass_mixed_possible_multitemplate	DSNY-15-1-Ro	D03	Morella cerifera	8/19/24	1.0595	50.856	Quarter	DSNY-MOCE-15	dry	root	Myricaceae	DSNY	Morella	actinorhizal	DSNY _042	Osceola	Florida	yes	NA	NA	20240401	Sinorhizobium	Sinorhizobium_meliloti_(Rhizobium_meliloti)	87.583	98.1842	0	2041
HEAL-7-1-Ro|nifK|consensus50|pass_single_dominant	HEAL-7-1-Ro	D19	Alnus viridis	4/4/25	0	0	Quarter	HEAL-7	ethanol	root	Betulaceae	HEAL	Alnus	actinorhizal	HEAL_004	Denali Borough	Alaska	yes	63.86378 N	149.27284 W	20240723	Sinorhizobium	Sinorhizobium_meliloti_(Rhizobium_meliloti)	93.738	97.3411	0	2348
OSBS-99-Ro|nifK|consensus50|pass_mixed_possible_multitemplate	OSBS-99-Ro	D03	Tephrosia chrysophylla	4/17/25	1.12	53.76	Quarter	OSBS-99	dry	root	Fabaceae	OSBS	Tephrosia	Millettieae	OSBS_007	Putnam	Fl	yes	NA	NA	20240919	Sinorhizobium	Sinorhizobium_meliloti_(Rhizobium_meliloti)	95.623	57.7821	0	1441
SCBI-13-1-No|nifK|consensus50|pass_single_dominant	SCBI-13-1-No	D02	Elaeagnus umbellata	4/24/25	2.45	117.6	Quarter	SCBI-13	ethanol	nodule	Elaeagnaceae	SCBI	Elaeagnus	actinorhizal	SCBI-011	Warren	VA	no	38.878901	-78.139749	7/10/24	Sinorhizobium	Sinorhizobium_meliloti_(Rhizobium_meliloti)	96	50.2594	0	1271
NIWO-2-Rh|nifK|consensus50|pass_single_dominant	NIWO-2-Rh	D13	Dryas octopetala	5/23/25	0.266	12.768	Quarter	NIWO-2	NA	rhizosphere	Rosaceae	NIWO	Dryas	actinorhizal	NIWO_047	Boulder	CO	yes	NA	NA	8/12/24	Sinorhizobium	Sinorhizobium_meliloti_(Rhizobium_meliloti)	94.974	50.3243	0	1254
OAES-23-1-Rh|nifK|consensus50|pass_mixed_possible_multitemplate	OAES-23-1-Rh	D11	Astragalus lotiflorus	6/4/24	0	0	Quarter	OAES-23	ethanol	rhizosphere	Fabaceae	OAES	Astragalus	Galegeae	OAES_012_R	Washita	OK	yes	35.402943	-99.064829	4/16/24	Mesorhizobium	Mesorhizobium_sp._WSM2240	83.646	96.7575	0	1526
DSNY-13-1-Ro|nifK|consensus50|pass_mixed_possible_multitemplate	DSNY-13-1-Ro	D03	Crotalaria pallida var. obovata	8/19/24	0.599	28.752	Quarter	DSNY-CRPA-13	dry	root	Fabaceae	DSNY	Crotalaria	Crotalarieae	DSNY_044	Osceola	Florida	yes	28.12693243	-81.43561487	20240320	Rhizobium	Rhizobium_sp._T1470	82.827	98.1842	0	1419
DSNY-91-1-Rh|nifK|consensus50|pass_mixed_possible_multitemplate	DSNY-91-1-Rh	D03	Chamaecrista fasciculata	4/4/25	0	0	Quarter	DSNY-91	dry	rhizosphere	Fabaceae	DSNY	Chamaecrista	Cassieae	DSNY_001	Polk	Florida	yes	28.1019698	-81.4240004	20240904	Sinorhizobium	Sinorhizobium_meliloti_(Rhizobium_meliloti)	90.111	99.0272	0	2113
WOOD-8-Rh|nifK|consensus50|pass_mixed_possible_multitemplate	WOOD-8-Rh	D09	Medicago lupulina	4/24/25	0	0	Quarter	WOOD-8	ethanol	rhizosphere	Fabaceae	WOOD	Medicago	Trifolieae	BARR_027	Stutsman	ND	no	47.12819	99.23817	9/23/24	Sinorhizobium	Sinorhizobium_meliloti_(Rhizobium_meliloti)	91.822	97.5357	0	2176
WOOD-11-1-Ro|nifK|consensus50|pass_single_dominant	WOOD-11-1-Ro	D09	Medicago sativa	4/24/25	0	0	Quarter	WOOD-11	ethanol	root	Fabaceae	WOOD	Medicago	Trifolieae	WOOD_043	Stutsman	ND	no	47.13177	-99.2395	9/26/24	Sinorhizobium	Sinorhizobium_meliloti_(Rhizobium_meliloti)	93.369	97.7951	0	2279
WOOD-10-1-Rh|nifK|consensus50|pass_mixed_possible_multitemplate	WOOD-10-1-Rh	D09	Medicago lupulina	4/24/25	0	0	Quarter	WOOD-10	ethanol	rhizosphere	Fabaceae	WOOD	Medicago	Trifolieae	WOOD_030	Stutsman	ND	no	47.13885	-99.2415	9/26/24	Sinorhizobium	Sinorhizobium_meliloti_(Rhizobium_meliloti)	90.891	99.6757	0	2237
JERC-89-1-No|nifK|consensus50|pass_mixed_possible_multitemplate	JERC-89-1-No	D03	Ceanothus americanus	5/14/25	3.21	154.08	Quarter	JERC-89	dry	nodule	Rhamnaceae	JERC	Ceanothus	actinorhizal	JERC_050	Baker County	Georgia	yes	NA	NA	20240625	Sinorhizobium	Sinorhizobium_meliloti_(Rhizobium_meliloti)	88.351	56.2257	0	1158
OSBS-106-1-Ro|nifK|consensus50|pass_mixed_possible_multitemplate	OSBS-106-1-Ro	D03	Lespedeza hirta	4/15/25	0.1815	8.712	Quarter	OSBS-106	dry	root	Fabaceae	OSBS	Lespedeza	Desmodieae	OSBS_070	Putnam	Fl	yes	NA	NA	20241008	Sinorhizobium	Sinorhizobium_meliloti_(Rhizobium_meliloti)	92.018	99.9351	0	2259
SERC-3-1-Ro|nifK|consensus50|pass_single_dominant	SERC-3-1-Ro	D02	Amphicarpaea bracteata	4/15/25	0.6055	29.064	Quarter	SERC-3	ethanol	root	Fabaceae	SERC	Amphicarpaea	Phaseoleae	SERC_016	Anne Arundel	MD	yes	38.899477	-76.547521	8/14/24	Sinorhizobium	Sinorhizobium_meliloti_(Rhizobium_meliloti)	93.392	95.201	0	2213
TOOL-1-Rh|nifK|consensus50|pass_single_dominant	TOOL-1-Rh	D18	Dryas integrifolia	4/24/25	0	0	Quarter	TOOL-1	ethanol	rhizosphere	Rosaceae	TOOL	Dryas	actinorhizal	TOOL_041	North Slope Borough	Alaska	yes	NA	NA	20240704	Sinorhizobium	Sinorhizobium_meliloti_(Rhizobium_meliloti)	93.725	97.1466	0	2255
WOOD-9-Rh|nifK|consensus50|pass_single_dominant	WOOD-9-Rh	D09	Medicago sativa	4/24/25	0	0	Quarter	WOOD-9	ethanol	rhizosphere	Fabaceae	WOOD	Medicago	Trifolieae	BARR_027	Stutsman	ND	no	47.12498	99.23862	9/23/24	Sinorhizobium	Sinorhizobium_meliloti_(Rhizobium_meliloti)	95.046	98.1842	0	2401
WOOD-12-Rh|nifK|consensus50|pass_mixed_possible_multitemplate	WOOD-12-Rh	D09	Medicago sativa	4/24/25	0	0	Quarter	WOOD-12	ethanol	rhizosphere	Fabaceae	WOOD	Medicago	Trifolieae	WOOD_030	Stutsman	ND	no	47.13885	-99.2415	9/26/24	Sinorhizobium	Sinorhizobium_meliloti_(Rhizobium_meliloti)	95.997	92.3476	0	2346
NIWO-2-No|nifK|consensus50|pass_single_dominant	NIWO-2-No	D13	Dryas octopetala	5/23/25	0	0	Quarter	NIWO-2	NA	nodule	Rosaceae	NIWO	Dryas	actinorhizal	NIWO_047	Boulder	CO	yes	NA	NA	8/12/24	Sinorhizobium	Sinorhizobium_meliloti_(Rhizobium_meliloti)	89.449	55.3178	0	1086
TOOL-4-No|nifK|consensus50|pass_mixed_possible_multitemplate	TOOL-4-No	D18	Dryas octopetala	4/24/25	0	0	Quarter	TOOL-4	ethanol	nodule	Rosaceae	TOOL	Dryas	actinorhizal	TOOL_032	North Slope Borough	Alaska	yes	NA	NA	20240706	Sinorhizobium	Sinorhizobium_meliloti_(Rhizobium_meliloti)	91.145	92.2827	0	2050
CLBJ-42-1-No|nifK|consensus50|pass_single_dominant	CLBJ-42-1-No	D11	Chamaecrista fasciculata	4/10/25	0	0	Quarter	CLBJ-42	ethanol	nodule	Fabaceae	CLBJ	Chamaecrista	Cassieae	CLBJ_034	Wise	TX	yes	33.2369	-97.34128	9/2/24	Sinorhizobium	Sinorhizobium_meliloti_(Rhizobium_meliloti)	94.498	40.0778	0	981
SCBI-6-1-No|nifK|consensus50|pass_mixed_possible_multitemplate	SCBI-6-1-No	D02	Amphicarpaea bracteata	4/24/25	0.543	26.064	Quarter	SCBI-6	ethanol	nodule	Fabaceae	SCBI	Amphicarpaea	Phaseoleae	SCBI-067	Warren	VA	yes	38.895275	-78.135778	6/26/24	Sinorhizobium	Sinorhizobium_meliloti_(Rhizobium_meliloti)	87.458	57.9118	0	1090
TALL-18-1-Rh|nifK|consensus50|pass_single_dominant	TALL-18-1-Rh	D08	Desmodium viridiflorum	4/8/25	0	0	Quarter	TALL-18	ethanol	rhizosphere	Fabaceae	TALL	Desmodium	Desmodieae	TALL_047	Bibb County	AL	yes	32.951506	-87.398919	8/21/24	Sinorhizobium	Sinorhizobium_meliloti_(Rhizobium_meliloti)	89.61	54.9287	0	1105
TALL-68-2-Ro|nifK|consensus50|pass_single_dominant	TALL-68-2-Ro	D08	Desmodium laevigatum	4/8/25	2.23	107.04	Quarter	TALL-68	dry	root	Fabaceae	TALL	Desmodium	Desmodieae	TALL_055	Bibb County	AL	yes	32.948543	-87.398325	9/3/24	Sinorhizobium	Sinorhizobium_meliloti_(Rhizobium_meliloti)	88.173	55.3826	0	1062
SERC-2-1-No|nifK|consensus50|pass_single_dominant	SERC-2-1-No	D02	Elaeagnus umbellata	4/15/25	2.385	114.48	Quarter	SERC-2	ethanol	nodule	Elaeagnaceae	SERC	Elaeagnus	actinorhizal	SERC_016	Anne Arundel	MD	no	38.899477	-76.547521	8/14/24	Sinorhizobium	Sinorhizobium_meliloti_(Rhizobium_meliloti)	88.76	39.2348	0	791
JERC-132-3-Rh|nifK|consensus50|pass_single_dominant	JERC-132-3-Rh	D03	Desmodium marilandicum	4/8/25	0	0	Quarter	JERC-132	dry	rhizosphere	Fabaceae	JERC	Desmodium	Desmodieae	JERC_048	Baker County	Georgia	yes	NA	NA	20240807	Sinorhizobium	Sinorhizobium_meliloti_(Rhizobium_meliloti)	87.994	45.9144	0	902
SJER-4-1-Ro|nifK|consensus50|pass_single_dominant	SJER-4-1-Ro	D17	Lupinus bicolor	4/15/25	0.0575	2.76	Quarter	SJER-4	dry	root	Fabaceae	SJER	Lupinus	Genisteae	NA	Fresno	CA	yes	37.110189	-119.73464	20240404	Sinorhizobium	Sinorhizobium_meliloti_(Rhizobium_meliloti)	91.919	51.3619	0	1125
DEJU-23-1-No|nifK|consensus50|pass_single_dominant	DEJU-23-1-No	D19	Alnus viridis	4/10/25	2.41	115.68	Quarter	DEJU-23	ethanol	nodule	Betulaceae	DEJU	Alnus	actinorhizal	DEJU_046	NA	Alaska	yes	NA	NA	NA	Sinorhizobium	Sinorhizobium_meliloti_(Rhizobium_meliloti)	87.097	36.1868	0	641
SJER-2-3-No|nifK|consensus50|pass_single_dominant	SJER-2-3-No	D17	Trifolium variegatum	4/15/25	1.91	91.68	Quarter	SJER-2	dry	nodule	Fabaceae	SJER	Trifolium	Trifolieae	SJER_048	Fresno	CA	yes	37.109975	-119.734735	20240404	Rhizobium	Rhizobium_beringeri	89.189	40.7912	0	793
SJER-3-5-Ro|nifK|consensus50|pass_mixed_possible_multitemplate	SJER-3-5-Ro	D17	Lupinus benthamii/Acmispon sp.	4/15/25	0.6255	30.024	Quarter	SJER-3	dry	root	Fabaceae	SJER	Lupinus	Genisteae	SJER_045	Fresno	CA	yes	37.11264	-119.729711	20240404	Rhizobium	Rhizobium_aethiopicum	83.017	58.0415	0	833
SJER-1-1-Ro|nifK|consensus50|pass_single_dominant	SJER-1-1-Ro	D17	Lupinus bicolor	4/15/25	0.0675	3.24	Quarter	SJER-1	dry	root	Fabaceae	SJER	Lupinus	Genisteae	SJER_048	Fresno	CA	yes	37.110193	-119.734551	20240404	Sinorhizobium	Sinorhizobium_meliloti_(Rhizobium_meliloti)	90.079	98.703	0	2037
SJER-1-1-No|nifK|consensus50|pass_single_dominant	SJER-1-1-No	D17	Lupinus bicolor	4/15/25	0.122	5.856	Quarter	SJER-1	dry	nodule	Fabaceae	SJER	Lupinus	Genisteae	SJER_048	Fresno	CA	yes	37.110193	-119.734551	20240404	Sinorhizobium	Sinorhizobium_meliloti_(Rhizobium_meliloti)	87.155	46.952	0	837
TEAK-3-1-Ro|nifK|consensus50|pass_mixed_possible_multitemplate	TEAK-3-1-Ro	D17	Acmispon americanus	4/15/25	0.6645	31.896	Quarter	TEAK-3	dry	root	Fabaceae	TEAK	Acmispon	Loteae	NA	Fresno	CA	yes	37.009052	-119.008213	#N/A	Sinorhizobium	Sinorhizobium_meliloti_(Rhizobium_meliloti)	86.564	97.0169	0	1808
CPER-1-Rh|nifK|consensus50|pass_mixed_possible_multitemplate	CPER-1-Rh	D10	Astragalus bisulcatus	4/24/25	0	0	Quarter	CPER-1	dry	rhizosphere	Fabaceae	CPER	Astragalus	Galegeae	CPER_012	Weld	CO	yes	NA	NA	6/13/24	Sinorhizobium	Sinorhizobium_meliloti_(Rhizobium_meliloti)	87.07	39.6239	0	710
WOOD-1-1-Rh|nifK|consensus50|pass_single_dominant	WOOD-1-1-Rh	D09	Melilotus officinalis	5/2/25	0	0	Quarter	WOOD-1	ethanol	rhizosphere	Fabaceae	WOOD	Melilotus	Trifolieae	DCFS_014	Stutsman	ND	no	46.89494	-98.6864	9/16/24	Sinorhizobium	Sinorhizobium_meliloti_(Rhizobium_meliloti)	89.323	56.4851	0	1129
JERC-154-No|nifK|consensus50|pass_single_dominant	JERC-154-No	D03	Clitoria mariana	2/27/25	0	0	Quarter	JERC-154	dry	nodule	Fabaceae	JERC	Clitoria	Phaseoleae	JERC_015	Baker County	Georgia	yes	NA	NA	20241002	Sinorhizobium	Sinorhizobium_meliloti_(Rhizobium_meliloti)	85.746	57.7821	0	1003
OSBS-37-1-Rh|nifK|consensus50|pass_single_dominant	OSBS-37-1-Rh	D03	Chapmannia floridana	2/26/25	0	0	Quarter	OSBS-37	NA	rhizosphere	Fabaceae	OSBS	Chapmannia	Dalbergieae	OSBS_029	Putnam	FL	yes	NA	NA	20240617	Sinorhizobium	Sinorhizobium_meliloti_(Rhizobium_meliloti)	90.409	55.4475	0	1138
TOOL-8-Rh|nifK|consensus50|pass_single_dominant	TOOL-8-Rh	D18	Astragalus umbellatus	4/24/25	0	0	Quarter	TOOL-8	ethanol	rhizosphere	Fabaceae	TOOL	Astragalus	Galegeae	TOOL_032	North Slope Borough	Alaska	yes	NA	NA	20240706	Sinorhizobium	Sinorhizobium_meliloti_(Rhizobium_meliloti)	89.563	95.0713	0	1965
DCFS-4-Ro|nifK|consensus50|pass_mixed_possible_multitemplate	DCFS-4-Ro	D09	Oxytropis lambertii	4/23/25	0	0	Quarter	DCFS-4	dry	root	Fabaceae	DCFS	Oxytropis	Galegeae	DCFS_004	Stutsman	ND	yes	47.171157	99.05145	6/10/24	Sinorhizobium	Sinorhizobium_meliloti_(Rhizobium_meliloti)	83.762	98.249	0	1733
DCFS-6-1-Rh|nifK|consensus50|pass_single_dominant	DCFS-6-1-Rh	D09	Medicago lupulina	4/23/25	0	0	Quarter	DCFS-6	dry	rhizosphere	Fabaceae	DCFS	Medicago	Trifolieae	DCFS_065	Stutsman	ND	no	47.16085	99.11081	6/20/24	Sinorhizobium	Sinorhizobium_meliloti_(Rhizobium_meliloti)	90.814	55.7717	0	1181
DCFS-8-1-Ro|nifK|consensus50|pass_mixed_possible_multitemplate	DCFS-8-1-Ro	D09	Melilotus officinalis	4/23/25	0.165	7.92	Quarter	DCFS-8	dry	root	Fabaceae	DCFS	Melilotus	Trifolieae	DCFS_067	Stutsman	ND	no	47.16087	99.11052	6/20/24	Sinorhizobium	Sinorhizobium_meliloti_(Rhizobium_meliloti)	86.12	98.1193	0	1964
NOGP-1-1-Rh|nifK|consensus50|pass_mixed_possible_multitemplate	NOGP-1-1-Rh	D09	Medicago lupulina	4/23/25	0	0	Quarter	NOGP-1	dry	rhizosphere	Fabaceae	NOGP	Medicago	Trifolieae	NOGP_064	NA	ND	no	46.77084	-100.9136386	6/25/24	Sinorhizobium	Sinorhizobium_meliloti_(Rhizobium_meliloti)	87.591	97.7302	0	1901
DSNY-14-1-Rh|nifK|consensus50|pass_mixed_possible_multitemplate	DSNY-14-1-Rh	D03	Crotalaria pallida var. obovata	8/19/24	0	0	Quarter	DSNY-CRPA-14	dry	rhizosphere	Fabaceae	DSNY	Crotalaria	Crotalarieae	DSNY_044	Osceola	Florida	yes	28.12693243	-81.43561487	20240320	Sinorhizobium	Sinorhizobium_meliloti_(Rhizobium_meliloti)	88.354	99.6757	0	1969
JERC-131-Rh|nifK|consensus50|pass_single_dominant	JERC-131-Rh	D03	Dalea carnea	4/8/25	0	0	Quarter	JERC-131	dry	rhizosphere	Fabaceae	JERC	Dalea	Amorpheae	JERC_048	Baker County	Georgia	yes	NA	NA	20240807	Sinorhizobium	Sinorhizobium_meliloti_(Rhizobium_meliloti)	91.263	81.6472	0	1775
JERC-157-2-Rh|nifK|consensus50|pass_single_dominant	JERC-157-2-Rh	D03	Chamaecrista fasciculata	2/26/25	0	0	Quarter	JERC-157	dry	rhizosphere	Fabaceae	JERC	Chamaecrista	Cassieae	JERC_015	Baker County	Georgia	yes	NA	NA	20241002	Sinorhizobium	Sinorhizobium_meliloti_(Rhizobium_meliloti)	91.089	45.8495	0	976
JERC-150-Ro|nifK|consensus50|pass_single_dominant	JERC-150-Ro	D03	Desmodium obtusum?	5/14/25	0	0	Quarter	JERC-150	dry	root	Fabaceae	JERC	Desmodium	Desmodieae	JERC_062	NA	Unknown	yes	NA	NA	20240924	Sinorhizobium	Sinorhizobium_meliloti_(Rhizobium_meliloti)	92.154	94.2283	0	2076
JERC-54-2-Ro|nifK|consensus50|pass_single_dominant	JERC-54-2-Ro	D03	Orbexilum lupinellum	12/4/24	0.076	3.648	Quarter	JERC-54	dry	root	Fabaceae	JERC	Orbexilum	Psoraleeae	JERC_057	Baker County	Georgia	yes	31.12.137	-84.28.195	20240611	Sinorhizobium	Sinorhizobium_meliloti_(Rhizobium_meliloti)	91.356	33.0091	0	701
JERC-204-1-No|nifK|consensus50|pass_single_dominant	JERC-204-1-No	D03	Lespedeza stuevei	4/8/25	0	0	Quarter	JERC-204	dry	nodule	Fabaceae	JERC	Lespedeza	Desmodieae	JERC_005	Baker County	Georgia	yes	NA	NA	20241029	Sinorhizobium	Sinorhizobium_meliloti_(Rhizobium_meliloti)	90.542	46.6278	0	1003
TOOL-35-1-Rh|nifK|consensus50|pass_single_dominant	TOOL-35-1-Rh	D18	Dryas octopetala	5/23/25	0	0	Quarter	TOOL-35	ethanol	rhizosphere	Rosaceae	TOOL	Dryas	actinorhizal	TOOL_011	North Slope Borough	Alaska	yes	68.62774	-149.58777	20240711	Sinorhizobium	Sinorhizobium_meliloti_(Rhizobium_meliloti)	94.629	91.7639	0	2207
JERC-139-5-Rh|nifK|consensus50|pass_single_dominant	JERC-139-5-Rh	D03	Mimosa quadrivalvus	4/8/25	0	0	Quarter	JERC-139	dry	rhizosphere	Fabaceae	JERC	Mimosa	Mimosoideae	JERC_031	Baker County	Georgia	yes	NA	NA	20240821	Sinorhizobium	Sinorhizobium_meliloti_(Rhizobium_meliloti)	90.563	74.9027	0	1587
DEJU-63-Rh|nifK|consensus50|pass_single_dominant	DEJU-63-Rh	D19	Lupinus arcticus	4/15/25	0	0	Quarter	DEJU-63	ethanol	rhizosphere	Fabaceae	DEJU	Lupinus	Genisteae	DEJU_045	NA	Unknown	yes	NA	NA	NA	Sinorhizobium	Sinorhizobium_meliloti_(Rhizobium_meliloti)	94.346	55.0584	0	1351
TALL-22-No|nifK|consensus50|pass_mixed_possible_multitemplate	TALL-22-No	D08	Galactia volubilis	4/8/25	0	0	Quarter	TALL-22	NA	nodule	Fabaceae	TALL	Galactia	Diocleae	TALL_002	Hale County	AL	yes	32.922291	-87.428794	8/22/24	Sinorhizobium	Sinorhizobium_meliloti_(Rhizobium_meliloti)	90.156	91.5694	0	1949
TALL-67-1-Rh|nifK|consensus50|pass_single_dominant	TALL-67-1-Rh	D08	Lespedeza repens	4/8/25	0	0	Quarter	TALL-67	dry	rhizosphere	Fabaceae	TALL	Lespedeza	Desmodieae	TALL_055	Bibb County	AL	yes	32.948748	-87.398587	9/3/24	Sinorhizobium	Sinorhizobium_meliloti_(Rhizobium_meliloti)	96.937	35.9922	0	931
OSBS-37-1-No|nifK|consensus50|pass_mixed_possible_multitemplate	OSBS-37-1-No	D03	Chapmannia floridana	2/26/25	0	0	Quarter	OSBS-37	NA	nodule	Fabaceae	OSBS	Chapmannia	Dalbergieae	OSBS_029	Putnam	FL	yes	NA	NA	20240617	Sinorhizobium	Sinorhizobium_meliloti_(Rhizobium_meliloti)	90.665	50.7134	0	1116
WOOD-11-1-Rh|nifK|consensus50|pass_single_dominant	WOOD-11-1-Rh	D09	Medicago sativa	4/24/25	0	0	Quarter	WOOD-11	ethanol	rhizosphere	Fabaceae	WOOD	Medicago	Trifolieae	WOOD_043	Stutsman	ND	no	47.13177	-99.2395	9/26/24	Sinorhizobium	Sinorhizobium_meliloti_(Rhizobium_meliloti)	94.452	92.3476	0	2248
YELL-5-3-Rh|nifK|consensus50|pass_single_dominant	YELL-5-3-Rh	D12	Astragalus miser	4/4/25	0	0	Quarter	YELL-5	ethanol	rhizosphere	Fabaceae	YELL	Astragalus	Galegeae	YELL_016	Park County	WY	yes	NA	NA	7/11/24	Sinorhizobium	Sinorhizobium_meliloti_(Rhizobium_meliloti)	93.798	50.1946	0	1179
TALL-69-1-Rh|nifK|consensus50|pass_mixed_possible_multitemplate	TALL-69-1-Rh	D08	Galactia volubilis	4/8/25	0	0	Quarter	TALL-69	dry	rhizosphere	Fabaceae	TALL	Galactia	Diocleae	TALL_055	Bibb County	AL	yes	32.948748	-87.398587	9/3/24	Sinorhizobium	Sinorhizobium_meliloti_(Rhizobium_meliloti)	92.754	89.4942	0	2076
WOOD-5-1-Rh|nifK|consensus50|pass_single_dominant	WOOD-5-1-Rh	D09	Dalea candida	4/24/25	0	0	Quarter	WOOD-5	ethanol	rhizosphere	Fabaceae	WOOD	Dalea	Amorpheae	BARR_027	Stutsman	ND	yes	47.13	99.24	9/23/24	Sinorhizobium	Sinorhizobium_meliloti_(Rhizobium_meliloti)	92.153	100	0	2257
JERC-139-5-No|nifK|consensus50|pass_mixed_possible_multitemplate	JERC-139-5-No	D03	Mimosa quadrivalvus	4/8/25	0.2545	12.216	Quarter	JERC-139	dry	nodule	Fabaceae	JERC	Mimosa	Mimosoideae	JERC_031	Baker County	Georgia	yes	NA	NA	20240821	Sinorhizobium	Sinorhizobium_meliloti_(Rhizobium_meliloti)	90.868	57.5227	0	1221
TALL-17-2-Rh|nifK|consensus50|pass_single_dominant	TALL-17-2-Rh	D08	Desmodium rotundifolium	4/8/25	0	0	Quarter	TALL-17	ethanol	rhizosphere	Fabaceae	TALL	Desmodium	Desmodieae	TALL_002	Hale County	AL	yes	32.922291	-87.428794	8/22/24	Sinorhizobium	Sinorhizobium_meliloti_(Rhizobium_meliloti)	93.723	90.9209	0	2161
WOOD-10-1-Ro|nifK|consensus50|pass_mixed_possible_multitemplate	WOOD-10-1-Ro	D09	Medicago lupulina	4/24/25	0	0	Quarter	WOOD-10	ethanol	root	Fabaceae	WOOD	Medicago	Trifolieae	WOOD_030	Stutsman	ND	no	47.13885	-99.2415	9/26/24	Sinorhizobium	Sinorhizobium_meliloti_(Rhizobium_meliloti)	93.441	91.9585	0	2187
JERC-136-No|nifK|consensus50|pass_single_dominant	JERC-136-No	D03	Stylosanthes biflora	4/8/25	0	0	Quarter	JERC-136	dry	nodule	Fabaceae	JERC	Stylosanthes	Dalbergieae	JERC_048	Baker County	Georgia	yes	NA	NA	20240807	Sinorhizobium	Sinorhizobium_meliloti_(Rhizobium_meliloti)	92.314	81.8418	0	1849
NOGP-4-1-Rh|nifK|consensus50|pass_single_dominant	NOGP-4-1-Rh	D09	Medicago lupulina	5/2/25	0	0	Quarter	NOGP-4	dry	rhizosphere	Fabaceae	NOGP	Medicago	Trifolieae	NOGP_064	NA	ND	no	46.77084	-100.9136386	6/25/24	Sinorhizobium	Sinorhizobium_meliloti_(Rhizobium_meliloti)	94.361	86.2516	0	2102
WOOD-12-Ro|nifK|consensus50|pass_single_dominant	WOOD-12-Ro	D09	Medicago sativa	4/24/25	0	0	Quarter	WOOD-12	ethanol	root	Fabaceae	WOOD	Medicago	Trifolieae	WOOD_030	Stutsman	ND	no	47.13885	-99.2415	9/26/24	Sinorhizobium	Sinorhizobium_meliloti_(Rhizobium_meliloti)	93.686	50.3243	0	1190
DSNY-85-1-No|nifK|consensus50|pass_single_dominant	DSNY-85-1-No	D03	Desmodium triflorum	4/4/25	0.054	2.592	Quarter	DSNY-85	dry	nodule	Fabaceae	DSNY	Desmodium	Desmodieae	DSNY_015	Polk	Florida	yes	28.1094133	-81.4308468	20240904	Sinorhizobium	Sinorhizobium_meliloti_(Rhizobium_meliloti)	90.794	51.4267	0	1134
NOGP-7-2-Rh|nifK|consensus50|pass_single_dominant	NOGP-7-2-Rh	D09	Amorpha canescens	5/2/25	0	0	Quarter	NOGP-7	dry	rhizosphere	Fabaceae	NOGP	Amorpha	Amorpheae	NOGP_064	NA	ND	yes	46.77063	-100.9138092	6/25/24	Sinorhizobium	Sinorhizobium_meliloti_(Rhizobium_meliloti)	93.436	46.4332	0	1074
DSNY-13-1-No|nifK|consensus50|pass_single_dominant	DSNY-13-1-No	D03	Crotalaria pallida var. obovata	8/19/24	2.755	132.24	Quarter	DSNY-CRPA-13	dry	nodule	Fabaceae	DSNY	Crotalaria	Crotalarieae	DSNY_044	Osceola	Florida	yes	28.12693243	-81.43561487	20240320	Sinorhizobium	Sinorhizobium_meliloti_(Rhizobium_meliloti)	92.145	55.3178	0	1236
DSNY-86-1-No|nifK|consensus50|pass_mixed_possible_multitemplate	DSNY-86-1-No	D03	Indigofera hirsuta	4/4/25	0.406	19.488	Quarter	DSNY-86	dry	nodule	Fabaceae	DSNY	Indigofera	Indigofereae	DSNY_015	Polk	Florida	no	28.1094133	-81.4308468	20240904	Sinorhizobium	Sinorhizobium_meliloti_(Rhizobium_meliloti)	91.34	47.9248	0	1061
TEAK-3-1-Rh|nifK|consensus50|pass_single_dominant	TEAK-3-1-Rh	D17	Acmispon americanus	4/15/25	14.85	712.8	Half	TEAK-3	dry	rhizosphere	Fabaceae	TEAK	Acmispon	Loteae	NA	Fresno	CA	yes	37.009052	-119.008213	#N/A	Sinorhizobium	Sinorhizobium_meliloti_(Rhizobium_meliloti)	92.989	49.0272	0	1116
SCBI-3-1-Ro|nifK|consensus50|pass_mixed_possible_multitemplate	SCBI-3-1-Ro	D02	Elaeagnus umbellata	4/23/25	0.224	10.752	Quarter	SCBI-3	ethanol	root	Elaeagnaceae	SCBI	Elaeagnus	actinorhizal	SCBI-006	Warren	VA	no	38.897638	-78.152008	6/26/24	Sinorhizobium	Sinorhizobium_meliloti_(Rhizobium_meliloti)	94.134	90.6615	0	2218
DSNY-87-1-No|nifK|consensus50|pass_single_dominant	DSNY-87-1-No	D03	Tephrosia mysteriosa	4/4/25	0	0	Quarter	DSNY-87	dry	nodule	Fabaceae	DSNY	Tephrosia	Millettieae	DSNY_015	Polk	Florida	yes	28.1094133	-81.4308468	20240904	Sinorhizobium	Sinorhizobium_meliloti_(Rhizobium_meliloti)	95.607	50.1946	0	1254
JERC-106-1-No|nifK|consensus50|pass_mixed_possible_multitemplate	JERC-106-1-No	D03	Chamaecrista nictitans	5/23/25	0.269	12.912	Quarter	JERC-106	dry	nodule	Fabaceae	JERC	Chamaecrista	Cassieae	JERC_048	Baker County	Georgia	yes	31.19645727	-84.46191333	20240709	Sinorhizobium	Sinorhizobium_meliloti_(Rhizobium_meliloti)	97.107	35.8625	0	937
JERC-143-No|nifK|consensus50|pass_single_dominant	JERC-143-No	D03	Desmodium viridiflorum	5/14/25	0.6625	31.8	Quarter	JERC-143	dry	nodule	Fabaceae	JERC	Desmodium	Desmodieae	JERC_010	Baker County	Georgia	yes	NA	NA	20240821	Sinorhizobium	Sinorhizobium_meliloti_(Rhizobium_meliloti)	91.021	52.7237	0	1118
OSBS-109-4-No|nifK|consensus50|pass_single_dominant	OSBS-109-4-No	D03	Crotalaria spectabilis	4/15/25	7.87	377.76	Half	OSBS-109	dry	nodule	Fabaceae	OSBS	Crotalaria	Crotalarieae	OSBS_017	Putnam	Fl	no	29.704875	-81.990736	20241028	Sinorhizobium	Sinorhizobium_meliloti_(Rhizobium_meliloti)	94.504	90.856	0	2220
OSBS-107-No|nifK|consensus50|pass_single_dominant	OSBS-107-No	D03	Desmodium obtusum	4/15/25	0.168	8.064	Quarter	OSBS-107	dry	nodule	Fabaceae	OSBS	Desmodium	Desmodieae	OSBS_070	Putnam	Fl	yes	NA	NA	20241008	Sinorhizobium	Sinorhizobium_meliloti_(Rhizobium_meliloti)	92.486	92.3476	0	2113
OSBS-107-Ro|nifK|consensus50|pass_single_dominant	OSBS-107-Ro	D03	Desmodium obtusum	4/15/25	0.9225	44.28	Quarter	OSBS-107	dry	root	Fabaceae	OSBS	Desmodium	Desmodieae	OSBS_070	Putnam	Fl	yes	NA	NA	20241008	Sinorhizobium	Sinorhizobium_meliloti_(Rhizobium_meliloti)	93.994	46.4332	0	1131
JERC-129-4-No|nifK|consensus50|pass_single_dominant	JERC-129-4-No	D03	Desmodium strictum	4/8/25	0	0	Quarter	JERC-129	dry	nodule	Fabaceae	JERC	Desmodium	Desmodieae	JERC_048	Baker County	Georgia	yes	NA	NA	20240807	Sinorhizobium	Sinorhizobium_meliloti_(Rhizobium_meliloti)	96.253	50.1946	0	1282
OSBS-97-2-Rh|nifK|consensus50|pass_single_dominant	OSBS-97-2-Rh	D03	Mimosa quadrivalvus	5/14/25	0	0	Quarter	OSBS-97	dry	rhizosphere	Fabaceae	OSBS	Mimosa	Mimosoideae	OSBS_007	Putman	Fl	yes	NA	NA	20240918	Sinorhizobium	Sinorhizobium_meliloti_(Rhizobium_meliloti)	94.819	91.3748	0	2246
DCFS-8-1-Rh|nifK|consensus50|pass_mixed_possible_multitemplate	DCFS-8-1-Rh	D09	Melilotus officinalis	4/23/25	0	0	Quarter	DCFS-8	dry	rhizosphere	Fabaceae	DCFS	Melilotus	Trifolieae	DCFS_067	Stutsman	ND	no	47.16087	99.11052	6/20/24	Sinorhizobium	Sinorhizobium_meliloti_(Rhizobium_meliloti)	93.879	97.4708	0	2350
DSNY-92-1-Rh|nifK|consensus50|pass_single_dominant	DSNY-92-1-Rh	D03	Crotalaria spectabilis	4/4/25	0.0625	3	Quarter	DSNY-92	dry	rhizosphere	Fabaceae	DSNY	Crotalaria	Crotalarieae	OSBS_031	Putnam	Florida	no	NA	NA	20240827	Sinorhizobium	Sinorhizobium_meliloti_(Rhizobium_meliloti)	94.595	55.1881	0	1360
DCFS-6-1-Ro|nifK|consensus50|pass_mixed_possible_multitemplate	DCFS-6-1-Ro	D09	Medicago lupulina	4/23/25	0.1635	7.848	Quarter	DCFS-6	dry	root	Fabaceae	DCFS	Medicago	Trifolieae	DCFS_065	Stutsman	ND	no	47.16085	99.11081	6/20/24	Sinorhizobium	Sinorhizobium_meliloti_(Rhizobium_meliloti)	88.737	99.6109	0	2135
CLBJ-40-1-Ro|nifK|consensus50|pass_single_dominant	CLBJ-40-1-Ro	D11	Lespedeza cuneata	4/10/25	0	0	Quarter	CLBJ-40	ethanol	root	Fabaceae	CLBJ	Lespedeza	Desmodieae	CLBJ_034	Wise	TX	no	33.23685	-97.34119	9/2/24	Sinorhizobium	Sinorhizobium_meliloti_(Rhizobium_meliloti)	89.417	95.5901	0	1914
JERC-197-1-Rh|nifK|consensus50|pass_single_dominant	JERC-197-1-Rh	D03	Tephrosia floridanum	2/26/25	0.0615	2.952	Quarter	JERC-197	NA	rhizosphere	Fabaceae	JERC	Tephrosia	Millettieae	JERC_004	Baker County	Georgia	yes	31.1903745	-84.4660419	20241029	Sinorhizobium	Sinorhizobium_meliloti_(Rhizobium_meliloti)	89.698	51.6213	0	1027
SCBI-12-1-No|nifK|consensus50|pass_mixed_possible_multitemplate	SCBI-12-1-No	D02	Amphicarpaea bracteata	4/24/25	0.4335	20.808	Quarter	SCBI-12	ethanol	nodule	Fabaceae	SCBI	Amphicarpaea	Phaseoleae	SCBI-011	Warren	VA	yes	38.878901	-78.139749	7/10/24	Sinorhizobium	Sinorhizobium_meliloti_(Rhizobium_meliloti)	86.886	96.4332	0	1816
TALL-74-3-No|nifK|consensus50|pass_mixed_possible_multitemplate	TALL-74-3-No	D08	Desmodium viridiflorum	4/8/25	0.2585	12.408	Quarter	TALL-74	dry	nodule	Fabaceae	TALL	Desmodium	Desmodieae	TALL_005	Hale County	AL	yes	32.896946	-87.397281	9/4/24	Sinorhizobium	Sinorhizobium_meliloti_(Rhizobium_meliloti)	91.027	99.7406	0	2198
DCFS-2-2-Ro|nifK|consensus50|pass_mixed_possible_multitemplate	DCFS-2-2-Ro	D09	Medicago lupulina	5/23/25	0	0	Quarter	DCFS-2	dry	root	Fabaceae	DCFS	Medicago	Trifolieae	DCFS_006	Stutsman	ND	no	47.17333	99.05103	6/6/24	Sinorhizobium	Sinorhizobium_meliloti_(Rhizobium_meliloti)	88.802	49.8054	0	987
LAJA-3-1-Ro|nifK|consensus50|pass_mixed_possible_multitemplate	LAJA-3-1-Ro	D04	Albizia sp.	3/26/25	29.6	1420.8	Half	LAJA-3	dry	root	Fabaceae	LAJA	Albizia	Mimosoideae	LAJA_015	LAJA	P.R	no	18.034464	-67.066822	8/21/24	Sinorhizobium	Sinorhizobium_meliloti_(Rhizobium_meliloti)	84.79	97.2114	0	1751
LENO-15-2-No|nifK|consensus50|pass_mixed_possible_multitemplate	LENO-15-2-No	D08	Elaeagnus umbellata	3/20/25	43.9	2107.2	Half	LENO-15	dry	nodule	Elaeagnaceae	LENO	Elaeagnus	actinorhizal	LENO_029	Choctaw County	AL	no	31.831293	-88.171122	7/3/24	Sinorhizobium	Sinorhizobium_meliloti_(Rhizobium_meliloti)	87.095	97.9896	0	1908
TALL-60-1-No|nifK|consensus50|pass_mixed_possible_multitemplate	TALL-60-1-No	D08	Alnus serrulata	3/21/25	11.55	554.4	Half	TALL-60	NA	nodule	Betulaceae	TALL	Alnus	actinorhizal	TALL_R_015	Hale County	AL	yes	32.915962	-87.439483	8/28/24	Sinorhizobium	Sinorhizobium_meliloti_(Rhizobium_meliloti)	83.65	51.1673	0	824
TOOL-17-Ro|nifK|consensus50|pass_single_dominant	TOOL-17-Ro	D18	Dryas integrifolia	5/14/25	0.303	14.544	Quarter	TOOL-17	ethanol	root	Rosaceae	TOOL	Dryas	actinorhizal	TOOL_002	North Slope Borough	Alaska	yes	68.63136	-149.34375	20240709	Sinorhizobium	Sinorhizobium_meliloti_(Rhizobium_meliloti)	89.064	94.8768	0	1969
TALL-28-1-No|nifK|consensus50|pass_mixed_possible_multitemplate	TALL-28-1-No	D08	Desmodium sp.	4/17/25	1.515	72.72	Quarter	TALL-28	dry	nodule	Fabaceae	TALL	Desmodium	Desmodieae	TALL_008	Hale County	AL	yes	32.92293	-87.43434	8/26/24	Sinorhizobium	Sinorhizobium_meliloti_(Rhizobium_meliloti)	84.676	98.1842	0	1879
WOOD-4-1-Rh|nifK|consensus50|pass_mixed_possible_multitemplate	WOOD-4-1-Rh	D09	Elaeagnus commutata	5/2/25	0	0	Quarter	WOOD-4	ethanol	rhizosphere	Elaeagnaceae	WOOD	Elaeagnus	actinorhizal	BARR_027	Stutsman	ND	no	47.14	99.24	9/23/24	Sinorhizobium	Sinorhizobium_meliloti_(Rhizobium_meliloti)	88.047	54.799	0	1040
DEJU-63-No|nifK|consensus50|pass_single_dominant	DEJU-63-No	D19	Lupinus arcticus	4/15/25	11.1	532.8	Half	DEJU-63	ethanol	nodule	Fabaceae	DEJU	Lupinus	Genisteae	DEJU_045	NA	Unknown	yes	NA	NA	NA	Sinorhizobium	Sinorhizobium_meliloti_(Rhizobium_meliloti)	94.43	48.8975	0	1221
JERC-CRJU-86-1-Rh|nifK|consensus50|pass_single_dominant	JERC-CRJU-86-1-Rh	D03	Crotalaria juncea	5/14/25	0	0	Quarter	JERC-CRJU-86	dry	rhizosphere	Fabaceae	JERC	Crotalaria	Crotalarieae	JERC_030R	Baker County	Georgia	no	31.18563333	-84.4785	20240624	Sinorhizobium	Sinorhizobium_meliloti_(Rhizobium_meliloti)	91.619	56.4851	0	1221
WOOD-4-1-No|nifK|consensus50|pass_mixed_possible_multitemplate	WOOD-4-1-No	D09	Elaeagnus commutata	5/2/25	0.082	3.936	Quarter	WOOD-4	ethanol	nodule	Elaeagnaceae	WOOD	Elaeagnus	actinorhizal	BARR_027	Stutsman	ND	no	47.14	99.24	9/23/24	Sinorhizobium	Sinorhizobium_meliloti_(Rhizobium_meliloti)	83.755	53.8911	0	881
JERC-100-1-Rh|nifK|consensus50|pass_mixed_possible_multitemplate	JERC-100-1-Rh	D03	Orbexilum lupinellum	5/14/25	0	0	Quarter	JERC-100	dry	rhizosphere	Fabaceae	JERC	Orbexilum	Psoraleeae	JERC_072Q	Baker County	Georgia	yes	NA	NA	20240625	Sinorhizobium	Sinorhizobium_meliloti_(Rhizobium_meliloti)	89.87	55.0584	0	1155
WOOD-1-1-No|nifK|consensus50|pass_mixed_possible_multitemplate	WOOD-1-1-No	D09	Melilotus officinalis	5/2/25	0	0	Quarter	WOOD-1	ethanol	nodule	Fabaceae	WOOD	Melilotus	Trifolieae	DCFS_014	Stutsman	ND	no	46.89494	-98.6864	9/16/24	Sinorhizobium	Sinorhizobium_meliloti_(Rhizobium_meliloti)	93.6	48.6381	0	1155
JERC-149-Ro|nifK|consensus50|pass_single_dominant	JERC-149-Ro	D03	Desmodium ciliare	5/14/25	0.148	7.104	Quarter	JERC-149	dry	root	Fabaceae	JERC	Desmodium	Desmodieae	JERC_062	NA	Unknown	yes	NA	NA	20240924	Sinorhizobium	Sinorhizobium_meliloti_(Rhizobium_meliloti)	93.239	95.9144	0	2241
WOOD-3-2-Ro|nifK|consensus50|pass_single_dominant	WOOD-3-2-Ro	D09	Melilotus officinalis	5/2/25	0	0	Quarter	WOOD-3	ethanol	root	Fabaceae	WOOD	Melilotus	Trifolieae	WOOD_044	Stutsman	ND	no	47.12517	-99.2388	9/23/24	Sinorhizobium	Sinorhizobium_meliloti_(Rhizobium_meliloti)	91.156	54.9935	0	1170
NOGP-5-2-Rh|nifK|consensus50|pass_mixed_possible_multitemplate	NOGP-5-2-Rh	D09	Medicago lupulina	5/2/25	0.159	7.632	Quarter	NOGP-5	dry	rhizosphere	Fabaceae	NOGP	Medicago	Trifolieae	NOGP_064	NA	ND	no	46.77084	-100.9136386	6/25/24	Sinorhizobium	Sinorhizobium_meliloti_(Rhizobium_meliloti)	92.369	96.887200000000007	0	2176
CLBJ-12-2-No|nifK|consensus50|pass_mixed_possible_multitemplate	CLBJ-12-2-No	D11	Astragalus sp	6/19/24	0	0	Quarter	CLBJ-12	dry	nodule	Fabaceae	CLBJ	Astragalus	Galegeae	CLBJ_002_T	Wise	TX	yes	33.40398	-97.57114	5/8/24	Sinorhizobium	Sinorhizobium_meliloti_(Rhizobium_meliloti)	86.916	97.1466	0	1820
DSNY-36-1-Ro|nifK|consensus50|pass_mixed_possible_multitemplate	DSNY-36-1-Ro	D03	Tephrosia sp.	9/18/24	5.165	247.92	Quarter	DSNY-Tephrosia-36	dry	root	Fabaceae	DSNY	Tephrosia	Millettieae	DSNY_006	Osceola	Florida	yes	NA	NA	20240430	Sinorhizobium	Sinorhizobium_meliloti_(Rhizobium_meliloti)	83.03	99.7406	0	1701
OSBS-106-1-Rh|nifK|consensus50|pass_single_dominant	OSBS-106-1-Rh	D03	Lespedeza hirta	2/26/25	0.0595	2.856	Quarter	OSBS-106	NA	rhizosphere	Fabaceae	OSBS	Lespedeza	Desmodieae	OSBS_070	Putnam	Fl	yes	NA	NA	20241008	Sinorhizobium	Sinorhizobium_meliloti_(Rhizobium_meliloti)	88.209	57.1984	0	1066
DSNY-2-1-Ro|nifK|consensus50|pass_mixed_possible_multitemplate	DSNY-2-1-Ro	D03	Lupinus floridanus	8/19/24	1.38	66.24	Quarter	DSNY-LUFL-2	dry	root	Fabaceae	DSNY	Lupinus	Genisteae	DSNY_017	Polk	Florida	yes	28.056984	-81.403242	20240312	Sinorhizobium	Sinorhizobium_meliloti_(Rhizobium_meliloti)	89.417	95.5901	0	1917
CLBJ-15-1-Ro|nifK|consensus50|pass_single_dominant	CLBJ-15-1-Ro	D11	Lespedeza procumbens	6/19/24	0	0	Quarter	CLBJ-15	dry	root	Fabaceae	CLBJ	Lespedeza	Desmodieae	CLBJ_002_T	Wise	TX	yes	33.40398	-97.57114	5/8/24	Sinorhizobium	Sinorhizobium_meliloti_(Rhizobium_meliloti)	90.526	92.4125	0	1954
ORNL-5-1-Rh|nifK|consensus50|pass_single_dominant	ORNL-5-1-Rh	D07	Elaeagnus umbellata	2/17/25	5.125	246	Quarter	ORNL-5	dry	rhizosphere	Elaeagnaceae	ORNL	Elaeagnus	actinorhizal	ORNL_021	Anderson	TN	no	35.955556	-84.221111	5/15/24	Sinorhizobium	Sinorhizobium_meliloti_(Rhizobium_meliloti)	90.957	98.249	0	2102
DCFS-1-2-Rh|nifK|consensus50|pass_single_dominant	DCFS-1-2-Rh	D09	Astragalus flexuosus	5/23/25	0	0	Quarter	DCFS-1	dry	rhizosphere	Fabaceae	DCFS	Astragalus	Galegeae	DCFS_006	Stutsman	ND	yes	47.17336	99.05106	6/6/24	Sinorhizobium	Sinorhizobium_meliloti_(Rhizobium_meliloti)	90.47	48.3139	0	1048
DCFS-2-2-Rh|nifK|consensus50|pass_mixed_possible_multitemplate	DCFS-2-2-Rh	D09	Medicago lupulina	5/23/25	0	0	Quarter	DCFS-2	dry	rhizosphere	Fabaceae	DCFS	Medicago	Trifolieae	DCFS_006	Stutsman	ND	no	47.17333	99.05103	6/6/24	Sinorhizobium	Sinorhizobium_meliloti_(Rhizobium_meliloti)	91.929	51.4267	0	1144
OAES-13-1-Rh|nifK|consensus50|pass_mixed_possible_multitemplate	OAES-13-1-Rh	D11	Ceanothus herbaceus	8/19/24	0.1	4.8	Quarter	OAES-13	ethanol	rhizosphere	Rhamnaceae	OAES	Ceanothus	actinorhizal	OAES_005	Washita	OK	yes	35.39246	-99.10002	4/10/24	Sinorhizobium	Sinorhizobium_meliloti_(Rhizobium_meliloti)	85.248	99.3515	0	1905
OAES-20-Rh|nifK|consensus50|pass_single_dominant	OAES-20-Rh	D11	Dalea enneandra	6/4/24	0	0	Quarter	OAES-20	ethanol	rhizosphere	Fabaceae	OAES	Dalea	Amorpheae	OAES_012_R	Washita	OK	yes	35.402943	-99.064829	4/16/24	Sinorhizobium	Sinorhizobium_meliloti_(Rhizobium_meliloti)	90.479	97.406	0	1993
DCFS-4-Rh|nifK|consensus50|pass_mixed_possible_multitemplate	DCFS-4-Rh	D09	Oxytropis lambertii	4/23/25	0	0	Quarter	DCFS-4	dry	rhizosphere	Fabaceae	DCFS	Oxytropis	Galegeae	DCFS_004	Stutsman	ND	yes	47.171157	99.05145	6/10/24	Sinorhizobium	Sinorhizobium_meliloti_(Rhizobium_meliloti)	86.152	97.406	0	1916
DCFS-7-1-Ro|nifK|consensus50|pass_mixed_possible_multitemplate	DCFS-7-1-Ro	D09	Amorpha canescens	4/23/25	4.33	207.84	Quarter	DCFS-7	dry	root	Fabaceae	DCFS	Amorpha	Amorpheae	DCFS_067	Stutsman	ND	yes	47.16096	99.11051	6/20/24	Sinorhizobium	Sinorhizobium_meliloti_(Rhizobium_meliloti)	88.029	99.6757	0	2050
TALL-28-1-Ro|nifK|consensus50|pass_mixed_possible_multitemplate	TALL-28-1-Ro	D08	Desmodium sp.	4/17/25	0.5085	24.408	Quarter	TALL-28	dry	root	Fabaceae	TALL	Desmodium	Desmodieae	TALL_008	Hale County	AL	yes	32.92293	-87.43434	8/26/24	Sinorhizobium	Sinorhizobium_meliloti_(Rhizobium_meliloti)	84.943	97.3411	0	1844
WOOD-7-1-Ro|nifK|consensus50|pass_mixed_possible_multitemplate	WOOD-7-1-Ro	D09	Medicago lupulina	4/24/25	0.6435	30.888	Quarter	WOOD-7	ethanol	root	Fabaceae	WOOD	Medicago	Trifolieae	BARR_027	Stutsman	ND	no	47.12819	99.23817	9/23/24	Sinorhizobium	Sinorhizobium_meliloti_(Rhizobium_meliloti)	83.377	99.0921	0	1788
NOGP-1-1-Ro|nifK|consensus50|pass_mixed_possible_multitemplate	NOGP-1-1-Ro	D09	Medicago lupulina	4/23/25	0.098	4.704	Quarter	NOGP-1	dry	root	Fabaceae	NOGP	Medicago	Trifolieae	NOGP_064	NA	ND	no	46.77084	-100.9136386	6/25/24	Sinorhizobium	Sinorhizobium_meliloti_(Rhizobium_meliloti)	87.699	97.5357	0	2036
TALL-29-3-Ro|nifK|consensus50|pass_mixed_possible_multitemplate	TALL-29-3-Ro	D08	Lespedeza cuneata	4/17/25	0.1115	5.352	Quarter	TALL-29	dry	root	Fabaceae	TALL	Lespedeza	Desmodieae	TALL_003	Bibb County	AL	no	32.8941	-87.41688	8/26/24	Sinorhizobium	Sinorhizobium_meliloti_(Rhizobium_meliloti)	86.618	97.406	0	1860
JERC-102-1-Ro|nifK|consensus50|pass_single_dominant	JERC-102-1-Ro	D03	Ceanothus americanus	5/14/25	0.335	16.08	Quarter	JERC-102	dry	root	Rhamnaceae	JERC	Ceanothus	actinorhizal	JERC_019	Baker County	Georgia	yes	NA	NA	20240626	Sinorhizobium	Sinorhizobium_meliloti_(Rhizobium_meliloti)	90.355	96.8223	0	2124
OAES-15-Rh|nifK|consensus50|pass_single_dominant	OAES-15-Rh	D11	Astragalus crassicarpus var. crassicarpus	8/19/24	0.133	6.384	Quarter	OAES-15	ethanol	rhizosphere	Fabaceae	OAES	Astragalus	Galegeae	OAES_021_R	Washita	OK	yes	35.41182	-99.07327	4/11/24	Sinorhizobium	Sinorhizobium_meliloti_(Rhizobium_meliloti)	91.348	96.6926	0	2089
YELL-7-1-Rh|nifK|consensus50|pass_single_dominant	YELL-7-1-Rh	D12	Astragalus sp.	4/4/25	0.679	32.592	Quarter	YELL-7	ethanol	rhizosphere	Fabaceae	YELL	Astragalus	Galegeae	YELL_016	Park County	WY	yes	NA	NA	7/11/24	Sinorhizobium	Sinorhizobium_meliloti_(Rhizobium_meliloti)	90.374	57.2633	0	1199
KONZ-1-Rh|nifK|consensus50|pass_single_dominant	KONZ-1-Rh	D06	Lespedeza capitata	8/29/24	1.52	72.96	Quarter	KONZ-1	dry	rhizosphere	Fabaceae	KONZ	Lespedeza	Desmodieae	KONZ_046	Riley	KS	yes	39.103	-96.56374	20240703	Sinorhizobium	Sinorhizobium_meliloti_(Rhizobium_meliloti)	93.108	94.0986	0	2139
CLBJ-18-1-Ro|nifK|consensus50|pass_mixed_possible_multitemplate	CLBJ-18-1-Ro	D11	Tephrosia virginiana	6/20/24	0	0	Quarter	CLBJ-18	dry	root	Fabaceae	CLBJ	Tephrosia	Millettieae	CLBJ_003_T	Wise	TX	yes	33.403989	-97.572744	5/8/24	Sinorhizobium	Sinorhizobium_meliloti_(Rhizobium_meliloti)	88.72	98.3139	0	2013
TOOL-25-Ro|nifK|consensus50|pass_mixed_possible_multitemplate	TOOL-25-Ro	D18	Oxytropis campestris	5/23/25	0	0	Quarter	TOOL-25	ethanol	root	Fabaceae	TOOL	Oxytropis	Galegeae	TOOL_020	North Slope Borough	Alaska	yes	68.63757	-149.64717	20240710	Sinorhizobium	Sinorhizobium_meliloti_(Rhizobium_meliloti)	91.41	58.8846	0	1315
JERC-197-1-Ro|nifK|consensus50|pass_mixed_possible_multitemplate	JERC-197-1-Ro	D03	Tephrosia floridanum	4/24/25	0.8325	39.96	Quarter	JERC-197	dry	root	Fabaceae	JERC	Tephrosia	Millettieae	JERC_004	Baker County	Georgia	yes	31.1903745	-84.4660419	20241029	Sinorhizobium	Sinorhizobium_meliloti_(Rhizobium_meliloti)	88.06	43.4501	0	830
TOOL-10-Ro|nifK|consensus50|pass_mixed_possible_multitemplate	TOOL-10-Ro	D18	Astragalus umbellatus	5/2/25	4.65	223.2	Quarter	TOOL-10	ethanol	root	Fabaceae	TOOL	Astragalus	Galegeae	TOOL_032	North Slope Borough	Alaska	yes	NA	NA	20240706	Sinorhizobium	Sinorhizobium_meliloti_(Rhizobium_meliloti)	87.271	56.5499	0	1066
TOOL-13-Rh|nifK|consensus50|pass_single_dominant	TOOL-13-Rh	D18	Dryas integrifolia	5/2/25	0	0	Quarter	TOOL-13	ethanol	rhizosphere	Rosaceae	TOOL	Dryas	actinorhizal	TOOL_002	North Slope Borough	Alaska	yes	68.63136	-149.34375	20240709	Sinorhizobium	Sinorhizobium_meliloti_(Rhizobium_meliloti)	90.444	96.3684	0	1984
RMNP-1-Rh|nifK|consensus50|pass_mixed_possible_multitemplate	RMNP-1-Rh	D10	Thermopsis divaricarpa	4/24/25	0	0	Quarter	RMNP-1	dry	rhizosphere	Fabaceae	RMNP	Thermopsis	Sophoreae	RMNP_019	Boulder	CO	yes	NA	NA	7/10/24	Sinorhizobium	Sinorhizobium_meliloti_(Rhizobium_meliloti)	89.42	96.2387	0	1934
RMNP-3-Rh|nifK|consensus50|pass_single_dominant	RMNP-3-Rh	D10	Oxytropis multiceps	4/24/25	0	0	Quarter	RMNP-3	dry	rhizosphere	Fabaceae	RMNP	Oxytropis	Galegeae	RMNP_016	Boulder	CO	yes	NA	NA	6/11/24	Sinorhizobium	Sinorhizobium_meliloti_(Rhizobium_meliloti)	91.08	89.4293	0	1925
RMNP-4-No|nifK|consensus50|pass_single_dominant	RMNP-4-No	D10	Oxytropis multiceps	4/24/25	0	0	Quarter	RMNP-4	dry	nodule	Fabaceae	RMNP	Oxytropis	Galegeae	RMNP_016	Boulder	CO	yes	NA	NA	6/2/24	Sinorhizobium	Sinorhizobium_meliloti_(Rhizobium_meliloti)	89.782	38.716	0	763
TOOL-20-Ro|nifK|consensus50|pass_mixed_possible_multitemplate	TOOL-20-Ro	D18	Dryas integrifolia	5/14/25	0	0	Quarter	TOOL-20	ethanol	root	Rosaceae	TOOL	Dryas	actinorhizal	TOOL_003	North Slope Borough	Alaska	yes	NA	NA	20240710	Sinorhizobium	Sinorhizobium_meliloti_(Rhizobium_meliloti)	93.318	55.3178	0	1273
CLBJ-45-2-Ro|nifK|consensus50|pass_single_dominant	CLBJ-45-2-Ro	D11	Lespedeza virginica	2/19/25	1.89	90.72	Quarter	CLBJ-45	dry	root	Fabaceae	CLBJ	Lespedeza	Desmodieae	CLBJ_034	Wise	TX	yes	33.23658	-97.34089	9/4/24	Sinorhizobium	Sinorhizobium_meliloti_(Rhizobium_meliloti)	89.885	95.5253	0	1986
DSNY-67-3-No|nifK|consensus50|pass_mixed_possible_multitemplate	DSNY-67-3-No	D03	Desmodium triflorum	2/24/25	0	0	Quarter	DSNY-67	dry	nodule	Fabaceae	DSNY	Desmodium	Desmodieae	DSNY_021	Polk	Florida	yes	28.0490055	-81.4001861	20240821	Sinorhizobium	Sinorhizobium_meliloti_(Rhizobium_meliloti)	90.02	33.1388	0	682
JERC-169-No|nifK|consensus50|pass_mixed_possible_multitemplate	JERC-169-No	D03	Clitoria mariana	2/27/25	0	0	Quarter	JERC-169	dry	nodule	Fabaceae	JERC	Clitoria	Phaseoleae	JERC_019	Baker County	Georgia	yes	NA	NA	20241003	Sinorhizobium	Sinorhizobium_meliloti_(Rhizobium_meliloti)	85.314	97.1466	0	1646
ORNL-14-1-Ro|nifK|consensus50|pass_single_dominant	ORNL-14-1-Ro	D07	Medicago lupulina	2/25/24	0	0	Quarter	ORNL-14	dry	root	Fabaceae	ORNL	Medicago	Trifolieae	ORNL_047	Anderson	TN	no	35.952222	-84.219444	7/11/24	Sinorhizobium	Sinorhizobium_meliloti_(Rhizobium_meliloti)	88.417	56.5499	0	1070
JERC-158-Ro|nifK|consensus50|pass_single_dominant	JERC-158-Ro	D03	Chamaecrista fasciculata	2/27/25	0.109	5.232	Quarter	JERC-158	dry	root	Fabaceae	JERC	Chamaecrista	Cassieae	JERC_015	Baker County	Georgia	yes	NA	NA	20241002	Sinorhizobium	Sinorhizobium_meliloti_(Rhizobium_meliloti)	91.284	56.5499	0	1203
SERC-5-1-Rh|nifK|consensus50|pass_mixed_possible_multitemplate	SERC-5-1-Rh	D02	Glycine max	4/15/25	0	0	Quarter	SERC-5	ethanol	rhizosphere	Fabaceae	SERC	Glycine	Glycininae	SERC_023	Anne Arundel	MD	no	38.875198	-76.535306	9/25/24	Sinorhizobium	Sinorhizobium_meliloti_(Rhizobium_meliloti)	88.782	87.2892	0	1766
DCFS-5-1-Rh|nifK|consensus50|pass_mixed_possible_multitemplate	DCFS-5-1-Rh	D09	Medicago lupulina	4/23/25	0	0	Quarter	DCFS-5	dry	rhizosphere	Fabaceae	DCFS	Medicago	Trifolieae	DCFS_065	Stutsman	ND	no	47.16085	99.11081	6/20/24	Sinorhizobium	Sinorhizobium_meliloti_(Rhizobium_meliloti)	87.099	99.0272	0	1860
DCFS-7-1-Rh|nifK|consensus50|pass_mixed_possible_multitemplate	DCFS-7-1-Rh	D09	Amorpha canescens	4/23/25	0	0	Quarter	DCFS-7	dry	rhizosphere	Fabaceae	DCFS	Amorpha	Amorpheae	DCFS_067	Stutsman	ND	yes	47.16096	99.11051	6/20/24	Sinorhizobium	Sinorhizobium_meliloti_(Rhizobium_meliloti)	87.599	97.7951	0	1779
NOGP-2-1-Rh|nifK|consensus50|pass_mixed_possible_multitemplate	NOGP-2-1-Rh	D09	Medicago sativa	4/23/25	0.414	19.872	Quarter	NOGP-2	dry	rhizosphere	Fabaceae	NOGP	Medicago	Trifolieae	NOGP_001	NA	ND	no	46.80621	-100.9157	6/27/24	Sinorhizobium	Sinorhizobium_meliloti_(Rhizobium_meliloti)	85.629	97.4708	0	1838
DEJU-55-Rh|nifK|consensus50|pass_single_dominant	DEJU-55-Rh	D19	Alnus viridis	5/23/25	0	0	Quarter	DEJU-55	ethanol	rhizosphere	Betulaceae	DEJU	Alnus	actinorhizal	DEJU_045	NA	Unknown	yes	NA	NA	NA	Sinorhizobium	Sinorhizobium_meliloti_(Rhizobium_meliloti)	88.21	91.31	0	1753
JERC-141-Rh|nifK|consensus50|pass_single_dominant	JERC-141-Rh	D03	Clitoria mariana	5/14/25	0	0	Quarter	JERC-141	dry	rhizosphere	Fabaceae	JERC	Clitoria	Phaseoleae	JERC_010	Baker County	Georgia	yes	NA	NA	20240821	Sinorhizobium	Sinorhizobium_meliloti_(Rhizobium_meliloti)	90.26	59.9222	0	1266
MLBS-2-1-No|nifK|consensus50|pass_single_dominant	MLBS-2-1-No	D07	Amphicarpaea bracteata	5/14/25	0	0	Quarter	MLBS-2	dry	nodule	Fabaceae	MLBS	Amphicarpaea	Phaseoleae	MLBS_075	Giles	VA	yes	37.373889	-80.523611	8/28/24	Sinorhizobium	Sinorhizobium_meliloti_(Rhizobium_meliloti)	87.584	96.1089	0	1781
JERC-150-Rh|nifK|consensus50|pass_single_dominant	JERC-150-Rh	D03	Desmodium obtusum?	5/14/25	0	0	Quarter	JERC-150	dry	rhizosphere	Fabaceae	JERC	Desmodium	Desmodieae	JERC_062	NA	Unknown	yes	NA	NA	20240924	Sinorhizobium	Sinorhizobium_prairiense	85.501	95.7198	0	1598
RMNP-4-Rh|nifK|consensus50|pass_single_dominant	RMNP-4-Rh	D10	Oxytropis multiceps	4/24/25	0	0	Quarter	RMNP-4	dry	rhizosphere	Fabaceae	RMNP	Oxytropis	Galegeae	RMNP_016	Boulder	CO	yes	NA	NA	6/2/24	Sinorhizobium	Sinorhizobium_meliloti_(Rhizobium_meliloti)	89.474	97.3411	0	1940
BLAN-3-1-No|nifK|consensus50|pass_mixed_possible_multitemplate	BLAN-3-1-No	D02	Kummerowia striata	4/23/25	0.09	4.32	Quarter	BLAN-3	ethanol	nodule	Fabaceae	BLAN	Kummerowia	Desmodieae	BLAN_020	Clarke	VA	no	39.100957	-77.980777	8/13/24	Rhizobium	Rhizobium_beringeri	91.121	89.1051	0	1938
BLAN-3-1-Ro|nifK|consensus50|pass_single_dominant	BLAN-3-1-Ro	D02	Kummerowia striata	4/23/25	0.0685	3.288	Quarter	BLAN-3	ethanol	root	Fabaceae	BLAN	Kummerowia	Desmodieae	BLAN_020	Clarke	VA	no	39.100957	-77.980777	8/13/24	Rhizobium	Rhizobium_beringeri	90.47	49.6757	0	1070
ORNL-4-1-Ro|nifK|consensus50|pass_single_dominant	ORNL-4-1-Ro	D07	Trifolium pratense	2/17/25	0.7395	35.496	Quarter	ORNL-4	dry	root	Fabaceae	ORNL	Trifolium	Trifolieae	ORNL_021	Anderson	TN	no	35.955556	-84.221111	5/15/24	Rhizobium	Rhizobium_beringeri	91.901	57.6524	0	1288
NIWO-1-No|nifK|consensus50|pass_mixed_possible_multitemplate	NIWO-1-No	D13	Lupinus argenteus	5/23/25	0	0	Quarter	NIWO-1	NA	nodule	Fabaceae	NIWO	Lupinus	Genisteae	NIWO_017	Boulder	CO	yes	NA	NA	7/31/24	Rhizobium	Rhizobium_ruizarguesonis	88.024	97.4708	0	1888
SCBI-7-1-No|nifK|consensus50|pass_single_dominant	SCBI-7-1-No	D02	Trifolium repens	4/24/25	0	0	Quarter	SCBI-7	ethanol	nodule	Fabaceae	SCBI	Trifolium	Trifolieae	SCBI-062	Warren	VA	no	38.895336	-78.138062	6/26/24	Rhizobium	Rhizobium_beringeri	95.294	49.6109	0	1262
N13-2-D-No|nifK|consensus50|pass_mixed_possible_multitemplate	N13-2-D-No	NA	NA	NA	NA	NA	NA	NA	NA	NA	NA	NA	NA	NA	NA	NA	NA	NA	NA	NA	NA	Rhizobium	Rhizobium_beringeri	90.529	58.8846	0	1295
N13-2-D-Ro|nifK|consensus50|pass_mixed_possible_multitemplate	N13-2-D-Ro	NA	NA	NA	NA	NA	NA	NA	NA	NA	NA	NA	NA	NA	NA	NA	NA	NA	NA	NA	NA	Rhizobium	Rhizobium_beringeri	91.183	58.1064	0	1308
CLBJ-37-1-Ro|nifK|consensus50|pass_mixed_possible_multitemplate	CLBJ-37-1-Ro	D11	Trifolium vessiculosum	3/6/25	0.092	4.416	Quarter	CLBJ-37	ethanol	root	Fabaceae	CLBJ	Trifolium	Trifolieae	CLBJ_032_R	Wise	TX	no	33.406134	-97.593996	6/13/24	Rhizobium	Rhizobium_aethiopicum	92.197	40.7263	0	948
CLBJ-37-1-No|nifK|consensus50|pass_single_dominant	CLBJ-37-1-No	D11	Trifolium vessiculosum	3/6/25	0	0	Quarter	CLBJ-37	ethanol	nodule	Fabaceae	CLBJ	Trifolium	Trifolieae	CLBJ_032_R	Wise	TX	no	33.406134	-97.593996	6/13/24	Rhizobium	Rhizobium_aethiopicum	98.251	40.7912	0	1109
JERC-121-Rh|nifK|consensus50|pass_single_dominant	JERC-121-Rh	D03	Desmodium paniculatum	2/25/25	0	0	Quarter	JERC-121	dry	rhizosphere	Fabaceae	JERC	Desmodium	Desmodieae	JERC_003	Baker County	Georgia	yes	31.19626	-84.473484	20240730	Rhizobium	Rhizobium_aethiopicum	98.251	40.7912	0	1109
ORNL-4-1-No|nifK|consensus50|pass_single_dominant	ORNL-4-1-No	D07	Trifolium pratense	2/17/25	17.6	844.8	Half	ORNL-4	dry	nodule	Fabaceae	ORNL	Trifolium	Trifolieae	ORNL_021	Anderson	TN	no	35.955556	-84.221111	5/15/24	Rhizobium	Rhizobium_aethiopicum	95.49	58.9494	0	1489
OAES-35-1-Rh|nifK|consensus50|pass_single_dominant	OAES-35-1-Rh	D11	Amorpha fruticosa	3/6/25	0	0	Quarter	OAES-35	ethanol	rhizosphere	Fabaceae	OAES	Amorpha	Amorpheae	OAES_011_R	Washita	OK	yes	35.40049	-99.06592	8/21/24	Rhizobium	Rhizobium_aethiopicum	93.148	39.7536	0	900
ORNL-1-1-No|nifK|consensus50|pass_mixed_possible_multitemplate	ORNL-1-1-No	D07	Elaeagnus umbellata	2/17/25	10.85	520.8	Half	ORNL-1	dry	nodule	Elaeagnaceae	ORNL	Elaeagnus	actinorhizal	ORNL_009	Anderson	TN	no	35.974444	-84.228056	5/15/24	Rhizobium	Rhizobium_aethiopicum	94.581	39.4942	0	974
BONA-2-Ro|nifK|consensus50|pass_single_dominant	BONA-2-Ro	D19	Alnus viridis	3/6/25	14.75	708	Half	BONA-2	ethanol	root	Betulaceae	BONA	Alnus	actinorhizal	BONA_072	NA	Alaska	yes	NA	NA	20240829	Rhizobium	Rhizobium_ruizarguesonis	85.51	40.7263	0	701
ORNL-9-1-Rh|nifK|consensus50|pass_mixed_possible_multitemplate	ORNL-9-1-Rh	D07	Lespedeza cuneata	3/6/25	30.55	1466.4	Half	ORNL-9	dry	rhizosphere	Fabaceae	ORNL	Lespedeza	Desmodieae	ORNL_046	Anderson	TN	no	35.964444	-84.285833	7/9/24	Rhizobium	Rhizobium_aethiopicum	84.579	40.7912	0	721
JERC-99-2-No|nifK|consensus50|pass_mixed_possible_multitemplate	JERC-99-2-No	D03	Lespedeza bicolor	2/24/25	19.75	948	Half	JERC-99	dry	nodule	Fabaceae	JERC	Lespedeza	Desmodieae	JERC_034	Baker County	Georgia	no	31.2725	-84.58055556	20240625	Rhizobium	Rhizobium_aethiopicum	89.633	40.6615	0	852
JERC-DEFL-61-3-No|nifK|consensus50|pass_mixed_possible_multitemplate	JERC-DEFL-61-3-No	D03	Desmodium floridanum	12/4/24	17.3	830.4	Half	JERC-61	dry	nodule	Fabaceae	JERC	Desmodium	Desmodieae	JERC_050	Baker County	Georgia	yes	NA	NA	20240618	Rhizobium	Rhizobium_aethiopicum	85.794	57.9767	0	1085
UNDE-3-1-No|nifK|consensus50|pass_mixed_possible_multitemplate	UNDE-3-1-No	D05	Alnus incana	2/12/25	13.35	640.8	Half	UNDE-3	ethanol	nodule	Betulaceae	UNDE	Alnus	actinorhizal	UNDE_002	Gogebic	MI	yes	46.243291°N	-89.544838°W	8/29/24	Microvirga	Microvirga_sp._RSM25	84.256	37.4838	0	647
HEAL-9-1-Rh|nifK|consensus50|pass_mixed_possible_multitemplate	HEAL-9-1-Rh	D19	Alnus viridis	3/20/25	0	0	Quarter	HEAL-9	ethanol	rhizosphere	Betulaceae	HEAL	Alnus	actinorhizal	HEAL_004	Denali Borough	Alaska	yes	63.86378 N	149.27284 W	20240723	Rhizobium	Rhizobium_aethiopicum	94.003	40.013	0	939
CLBJ-34-1-No|nifK|consensus50|pass_mixed_possible_multitemplate	CLBJ-34-1-No	D11	Lespedeza virginica	2/26/25	5.91	283.68	Half	CLBJ-34	ethanol	nodule	Fabaceae	CLBJ	Lespedeza	Desmodieae	CLBJ_036_R	Wise	TX	yes	33.397578	-97.57995	6/11/24	Microvirga	Microvirga_sp._KLBC_81	81.63	50.1297	0	760
JERC-RHRE-55-1-No|nifK|consensus50|pass_mixed_possible_multitemplate	JERC-RHRE-55-1-No	D03	Rhynchosia reniformis	12/4/24	18.85	904.8	Half	JERC-55	dry	nodule	Fabaceae	JERC	Rhynchosia	Phaseoleae	JERC_050	Baker County	Georgia	yes	NA	NA	20240618	Sinorhizobium	Sinorhizobium_mexicanum_(Ensifer_mexicanus)	86.185	41.31	0	702
DSNY-79-1-Rh|nifK|consensus50|pass_mixed_possible_multitemplate	DSNY-79-1-Rh	D03	Desmodium incanum	3/3/25	0	0	Quarter	DSNY-79	dry	rhizosphere	Fabaceae	DSNY	Desmodium	Desmodieae	DSNY_015	Polk	Florida	yes	28.1094603	-81.4310661	20240904	Mesorhizobium	Mesorhizobium_sp._WSM2240	87.395	38.5863	0	715
DEJU-37-No|nifK|consensus50|pass_single_dominant	DEJU-37-No	D19	Lupinus arcticus	2/20/25	34.55	1658.4	Half	DEJU-37	ethanol	nodule	Fabaceae	DEJU	Lupinus	Genisteae	DEJU_015	NA	Alaska	yes	NA	NA	NA	Mesorhizobium	Mesorhizobium_maamorense	87.25	35.6031	0	643
TALL-44-1-No|nifK|consensus50|pass_mixed_possible_multitemplate	TALL-44-1-No	D08	Lespedeza hirta	3/20/25	0.801	38.448	Quarter	TALL-44	dry	nodule	Fabaceae	TALL	Lespedeza	Desmodieae	TALL_003	Bibb County	AL	yes	32.893117	-87.415111	8/27/24	Microvirga	Microvirga_sp._KLBC_81	86.381	34.7601	0	652
DEJU-44-No|nifK|consensus50|pass_mixed_possible_multitemplate	DEJU-44-No	D19	Lupinus arcticus	2/20/25	54.5	2616	Half	DEJU-44	ethanol	nodule	Fabaceae	DEJU	Lupinus	Genisteae	DEJU_002	NA	Alaska	yes	NA	NA	NA	Microvirga	Microvirga_sp._KLBC_81	86.847	35.9922	0	682
CLBJ-36-1-No|nifK|consensus50|pass_single_dominant	CLBJ-36-1-No	D11	Trifolium arvense	3/6/25	0	0	Quarter	CLBJ-36	ethanol	nodule	Fabaceae	CLBJ	Trifolium	Trifolieae	CLBJ_032_R	Wise	TX	no	33.406134	-97.593996	6/13/24	Rhizobium	Rhizobium_aethiopicum	90.735	40.5966	0	839
OSBS-46-1-Rh|nifK|consensus50|pass_single_dominant	OSBS-46-1-Rh	D03	Crotalaria maritima	3/6/25	0	0	Quarter	OSBS-46	dry	rhizosphere	Fabaceae	OSBS	Crotalaria	Crotalarieae	OSBS_002	Putnam	FL	yes	NA	NA	20240617	Rhizobium	Rhizobium_aethiopicum	88.854	40.7263	0	789
ORNL-10-1-No|nifK|consensus50|pass_single_dominant	ORNL-10-1-No	D07	Desmodium viridiflorum	3/6/25	0	0	Quarter	ORNL-10	dry	nodule	Fabaceae	ORNL	Desmodium	Desmodieae	ORNL_047	Anderson	TN	yes	35.9525	-84.22	7/11/24	Rhizobium	Rhizobium_sp._WSM1274	87.726	32.2309	2.9599999999999996e-166	579
OAES-35-1-Ro|nifK|consensus50|pass_mixed_possible_multitemplate	OAES-35-1-Ro	D11	Amorpha fruticosa	3/6/25	0	0	Quarter	OAES-35	ethanol	root	Fabaceae	OAES	Amorpha	Amorpheae	OAES_011_R	Washita	OK	yes	35.40049	-99.06592	8/21/24	Mesorhizobium	Mesorhizobium_maamorense	89.011	29.5071	3.8299999999999993e-165	575
DSNY-39-4-Ro|nifK|consensus50|pass_mixed_possible_multitemplate	DSNY-39-4-Ro	D03	Macroptilium lathyroides	9/18/24	0.372	17.856	Quarter	DSNY-MALA-39	dry	root	Fabaceae	DSNY	Macroptilium	Phaseoleae	DSNY_011	Osceola	Florida	yes	28.06297	-81.25475	20240430	Microvirga	Microvirga_sp._KLBC_81	85.529	34.9546	1.0399999999999998e-180	627
OSBS-73-2-Ro|nifK|consensus50|pass_single_dominant	OSBS-73-2-Ro	D03	Centrosema virginiana	2/21/25	0	0	Quarter	OSBS-73	dry	root	Fabaceae	OSBS	Centrosema	Phaseoleae	OSBS_063	Putnam	FL	yes	NA	NA	20240822	Microvirga	Microvirga_sp._KLBC_81	86.789	35.3437	0	662
JERC-CERE-67-1-No|nifK|consensus50|pass_mixed_possible_multitemplate	JERC-CERE-67-1-No	D03	Lespedeza repens	12/4/24	0.666	31.968	Quarter	JERC-67	dry	nodule	Fabaceae	JERC	Lespedeza	Desmodieae	JERC_050	Baker County	Georgia	yes	NA	NA	20240618	Microvirga	Microvirga_sp._KLBC_81	88.037	34.6952	0	667
OSBS-44-1-No|nifK|consensus50|pass_mixed_possible_multitemplate	OSBS-44-1-No	D03	Pediomelum canescens	3/6/25	0	0	Quarter	OSBS-44	dry	nodule	Fabaceae	OSBS	Pediomelum	Psoraleeae	OSBS_026	Putnam	FL	yes	NA	NA	20240617	Rhizobium	Rhizobium_aethiopicum	90.312	39.4942	0	804
JERC-CLMA-83-1-Rh|nifK|consensus50|pass_single_dominant	JERC-CLMA-83-1-Rh	D03	Clitoria mariana	12/4/24	0.083	3.984	Quarter	JERC-83	dry	rhizosphere	Fabaceae	JERC	Clitoria	Phaseoleae	JERC_008	Baker County	Georgia	yes	NA	NA	20240618	Mesorhizobium	Mesorhizobium_sp._WSM2240	88.208	41.2451	0	758
JERC-151-Rh|nifK|consensus50|pass_single_dominant	JERC-151-Rh	D03	Tephrosia virginiana	5/14/25	0	0	Quarter	JERC-151	dry	rhizosphere	Fabaceae	JERC	Tephrosia	Millettieae	JERC_015	Baker County	Georgia	yes	NA	NA	20241002	Microvirga	Microvirga_lotononidis	85.436	49.8703	0	837
JERC-25-1-Rh|nifK|consensus50|pass_single_dominant	JERC-25-1-Rh	D03	Desmodium lineatum	2/17/25	0	0	Quarter	JERC-25	dry	rhizosphere	Fabaceae	JERC	Desmodium	Desmodieae	JERC_007	Baker County	Georgia	yes	NA	NA	20240603	Mesorhizobium	Mesorhizobium_sp._WSM2240	87.686	95.8495	0	1808
CLBJ-25-2-No|nifK|consensus50|pass_single_dominant	CLBJ-25-2-No	D11	Dalea tenuis	9/18/24	0	0	Quarter	CLBJ-25	ethanol	nodule	Fabaceae	CLBJ	Dalea	Amorpheae	CLBJ_035_R	Wise	TX	yes	33.32974	-97.5792	6/4/24	Sinorhizobium	Sinorhizobium_prairiense	91.37	34.5655	0	734
DSNY-GARE-35-1-Rh|nifK|consensus50|pass_single_dominant	DSNY-GARE-35-1-Rh	D03	Galactia regularis cf sp.	9/18/24	0	0	Quarter	DSNY-GARE-35	dry	rhizosphere	Fabaceae	DSNY	Galactia	Diocleae	DSNY_006	Osceola	Florida	yes	NA	NA	20240430	Sinorhizobium	Sinorhizobium_fredii_GR64	91.729	34.5006	0	747
DSNY-36-1-No|nifK|consensus50|pass_mixed_possible_multitemplate	DSNY-36-1-No	D03	Tephrosia sp.	9/18/24	0.525	25.2	Quarter	DSNY-Tephrosia-36	dry	nodule	Fabaceae	DSNY	Tephrosia	Millettieae	DSNY_006	Osceola	Florida	yes	NA	NA	20240430	Sinorhizobium	Sinorhizobium_prairiense	84.871	52.7237	0	902
CLBJ-26-1-Ro|nifK|consensus50|pass_mixed_possible_multitemplate	CLBJ-26-1-Ro	D11	Strophostyles leiosperma	9/18/24	0	0	Quarter	CLBJ-26	ethanol	root	Fabaceae	CLBJ	Strophostyles	Phaseoleae	CLBJ_035_R	Wise	TX	yes	33.32974	-97.5792	6/4/24	Sinorhizobium	Sinorhizobium_prairiense	87.701	48.5084	0	917
CLBJ-27-1-Rh|nifK|consensus50|pass_mixed_possible_multitemplate	CLBJ-27-1-Rh	D11	Desmanthus illinoiensis	9/18/24	0	0	Quarter	CLBJ-27	ethanol	rhizosphere	Fabaceae	CLBJ	Desmanthus	Mimosoideae	CLBJ_035_R	Wise	TX	yes	33.32974	-97.5792	6/4/24	Sinorhizobium	Sinorhizobium_prairiense	86.044	59.0143	0	1040
CLBJ-25-2-Rh|nifK|consensus50|pass_single_dominant	CLBJ-25-2-Rh	D11	Dalea tenuis	9/18/24	0	0	Quarter	CLBJ-25	ethanol	rhizosphere	Fabaceae	CLBJ	Dalea	Amorpheae	CLBJ_035_R	Wise	TX	yes	33.32974	-97.5792	6/4/24	Sinorhizobium	Sinorhizobium_prairiense	85.667	38.9105	0	686
CLBJ-25-2-Ro|nifK|consensus50|pass_single_dominant	CLBJ-25-2-Ro	D11	Dalea tenuis	9/18/24	0	0	Quarter	CLBJ-25	ethanol	root	Fabaceae	CLBJ	Dalea	Amorpheae	CLBJ_035_R	Wise	TX	yes	33.32974	-97.5792	6/4/24	Sinorhizobium	Sinorhizobium_prairiense	82.875	63.6187	0	1002
JERC-48-3-Rh|nifK|consensus50|pass_mixed_possible_multitemplate	JERC-48-3-Rh	D03	Crotalaria rotundifolia	12/4/24	0	0	Quarter	JERC-48	dry	rhizosphere	Fabaceae	JERC	Crotalaria	Crotalarieae	JERC_002	Baker County	Georgia	yes	NA	NA	20240604	Mesorhizobium	Mesorhizobium_maamorense	89.085	36.8353	0	739
CLBJ-27-1-Ro|nifK|consensus50|pass_single_dominant	CLBJ-27-1-Ro	D11	Desmanthus illinoiensis	9/18/24	0.14	6.72	Quarter	CLBJ-27	ethanol	root	Fabaceae	CLBJ	Desmanthus	Mimosoideae	CLBJ_035_R	Wise	TX	yes	33.32974	-97.5792	6/4/24	Microvirga	Microvirga_sp._KLBC_81	90.328	35.5383	0	725
GUAN-9-1-Rh|nifK|consensus50|pass_mixed_possible_multitemplate	GUAN-9-1-Rh	D04	Leucaena leucocephala	1/23/25	1.015	48.72	Quarter	GUAN-9	dry	rhizosphere	Fabaceae	GUAN	Leucaena	Mimosoideae	GUAN_049	Guanica	P.R	no	17.968	-66.864449	10/31/24	Sinorhizobium	Sinorhizobium_fredii_GR64	90.217	35.7977	0	726
JERC-TECW-66-3-No|nifK|consensus50|pass_mixed_possible_multitemplate	JERC-TECW-66-3-No	D03	Tephrosia chrysophylla	12/4/24	0	0	Quarter	JERC-66	dry	nodule	Fabaceae	JERC	Tephrosia	Millettieae	JERC_050	Baker County	Georgia	yes	NA	NA	20240618	Microvirga	Microvirga_sp._KLBC_81	88.809	35.9274	0	699
OSBS-82-1-Ro|nifK|consensus50|pass_single_dominant	OSBS-82-1-Ro	D03	Stylosanthes biflora	2/13/25	NA	0	Quarter	OSBS-82	dry	root	Fabaceae	OSBS	Stylosanthes	Dalbergieae	OSBS_004	Putnam	FL	yes	NA	NA	20240822	Mesorhizobium	Mesorhizobium_sp._WSM2240	88.87	39.0402	0	747
DSNY-24-1-Rh|nifK|consensus50|pass_mixed_possible_multitemplate	DSNY-24-1-Rh	D03	Lupinus floridanus	9/18/24	0	0	Quarter	DSNY-LUFL-24	dry	rhizosphere	Fabaceae	DSNY	Lupinus	Genisteae	DSNY_025	Polk	Florida	yes	28.065217	-81.41175	20240402	Microvirga	Microvirga_lotononidis	81.033	57.7821	0	865
DSNY-38-3-Ro|nifK|consensus50|pass_mixed_possible_multitemplate	DSNY-38-3-Ro	D03	Indigofera hirsuta	9/18/24	0.8075	38.76	Quarter	DSNY-INHI-38	dry	root	Fabaceae	DSNY	Indigofera	Indigofereae	DSNY_011	Osceola	Florida	no	28.06297	-81.25475	20240430	Mesorhizobium	Mesorhizobium_sp._WSM2240	83.546	45.7198	0	763
LAJA-7-1-Rh|nifK|consensus50|pass_mixed_possible_multitemplate	LAJA-7-1-Rh	D04	Macroptilium atropurpureum	3/26/25	1.915	91.92	Quarter	LAJA-7	dry	rhizosphere	Fabaceae	LAJA	Macroptilium	Phaseoleae	LAJA_002	LAJA	P.R	no	18.03622	-67.07407	9/27/24	Mesorhizobium	Mesorhizobium_sp._WSM2240	84.706	38.5863	0	665
DEJU-10-1-No|nifK|consensus50|pass_mixed_possible_multitemplate	DEJU-10-1-No	D19	Lupinus arcticus	3/26/25	5.295	254.16	Half	DEJU-10	ethanol	nodule	Fabaceae	DEJU	Lupinus	Genisteae	DEJU_006	NA	Alaska	yes	NA	NA	NA	Microvirga	Microvirga_sp._RSM25	86.559	55.9663	0	1009
DELA-26-3-No|nifK|consensus50|pass_mixed_possible_multitemplate	DELA-26-3-No	D08	Sesbania herbacea	4/4/25	54	2592	Half	DELA-26	dry	nodule	Fabaceae	DELA	Sesbania	Sesbanieae	DELA_025	Green County	AL	yes	32.5371	-87.80995	8/15/24	Microvirga	Microvirga_lotononidis	87.528	57.7173	0	1061
LAJA-4-1-No|nifK|consensus50|pass_single_dominant	LAJA-4-1-No	D04	Desmanthus virgatus	3/26/25	0	0	Quarter	LAJA-4	dry	nodule	Fabaceae	LAJA	Desmanthus	Mimosoideae	LAJA_015	LAJA	P.R	yes	18.034464	-67.066822	9/27/24	Mesorhizobium	Mesorhizobium_maamorense	91.312	35.0843	0	739
DELA-26-3-Rh|nifK|consensus50|pass_mixed_possible_multitemplate	DELA-26-3-Rh	D08	Sesbania herbacea	4/4/25	0.251	12.048	Quarter	DELA-26	dry	rhizosphere	Fabaceae	DELA	Sesbania	Sesbanieae	DELA_025	Green County	AL	yes	32.5371	-87.80995	8/15/24	Microvirga	Microvirga_lotononidis	85.746	57.7821	0	1024
DELA-26-3-Ro|nifK|consensus50|pass_mixed_possible_multitemplate	DELA-26-3-Ro	D08	Sesbania herbacea	4/4/25	35	1680	Half	DELA-26	dry	root	Fabaceae	DELA	Sesbania	Sesbanieae	DELA_025	Green County	AL	yes	32.5371	-87.80995	8/15/24	Microvirga	Microvirga_sp._KLBC_81	86.057	100	0	1749
DELA-27-3-No|nifK|consensus50|pass_single_dominant	DELA-27-3-No	D08	Sesbania herbacea	4/4/25	53	2544	Half	DELA-27	dry	nodule	Fabaceae	DELA	Sesbania	Sesbanieae	DELA_003	Green County	AL	yes	32.53425	-87.81316	8/15/24	Microvirga	Microvirga_lotononidis	87.802	59.0143	0	1077
DELA-3-3-Rh|nifK|consensus50|pass_mixed_possible_multitemplate	DELA-3-3-Rh	D08	Desmodium perplexum	4/4/25	9.36	449.28	Half	DELA-3	dry	rhizosphere	Fabaceae	DELA	Desmodium	Desmodieae	DELA_008	Green County	AL	yes	32.539186	-87.81292	7/24/24	Microvirga	Microvirga_sp._KLBC_81	83.165	57.7821	0	917
TOOL-5-Rh|nifK|consensus50|pass_single_dominant	TOOL-5-Rh	D18	Dryas octopetala	4/24/25	0	0	Quarter	TOOL-5	ethanol	rhizosphere	Rosaceae	TOOL	Dryas	actinorhizal	TOOL_032	North Slope Borough	Alaska	yes	NA	NA	20240706	Microvirga	Microvirga_lotononidis	87.019	53.9559	0	996
DELA-27-3-Rh|nifK|consensus50|pass_mixed_possible_multitemplate	DELA-27-3-Rh	D08	Sesbania herbacea	4/4/25	0	0	Quarter	DELA-27	dry	rhizosphere	Fabaceae	DELA	Sesbania	Sesbanieae	DELA_003	Green County	AL	yes	32.53425	-87.81316	8/15/24	Rhizobium	Rhizobium_sp._YTUHZ044	83.553	39.4293	0	636
TOOL-1-No|nifK|consensus50|pass_mixed_possible_multitemplate	TOOL-1-No	D18	Dryas integrifolia	4/24/25	0	0	Quarter	TOOL-1	ethanol	nodule	Rosaceae	TOOL	Dryas	actinorhizal	TOOL_041	North Slope Borough	Alaska	yes	NA	NA	20240704	Rhizobium	Rhizobium_sp._ZK1	86.052	54.8638	0	944
DSNY-83-4-Ro|nifK|consensus50|pass_mixed_possible_multitemplate	DSNY-83-4-Ro	D03	Alysicarpus vaginalis	3/6/25	0	0	Quarter	DSNY-83	dry	root	Fabaceae	DSNY	Alysicarpus	Desmodieae	DSNY_015	Polk	Florida	yes	28.1094133	-81.4308468	20240904	Mesorhizobium	Mesorhizobium_sp._WSM2240	85.022	58.8846	0	987
JERC-110-4-Ro|nifK|consensus50|pass_single_dominant	JERC-110-4-Ro	D03	Lespedeza repens	2/21/25	0	0	Quarter	JERC-110	dry	root	Fabaceae	JERC	Lespedeza	Desmodieae	JERC_048	Baker County	Georgia	yes	31.19645727	-84.46191333	20240709	Sinorhizobium	Sinorhizobium_prairiense	84.359	50.5837	0	841
LENO-14-3-No|nifK|consensus50|pass_mixed_possible_multitemplate	LENO-14-3-No	D08	Hylodesmum pauciflorum	2/25/25	1.815	87.12	Quarter	LENO-14	dry	nodule	Fabaceae	LENO	Desmodium	Desmodieae	LENO_021	Choctaw County	AL	yes	31.834449	-88.170754	7/3/24	Microvirga	Microvirga_sp._KLBC_81	84.785	99.7406	0	1729
CLBJ-35-1-No|nifK|consensus50|pass_single_dominant	CLBJ-35-1-No	D11	Rhynchosia latifolia	2/26/25	0	0	Quarter	CLBJ-35	ethanol	nodule	Fabaceae	CLBJ	Rhynchosia	Phaseoleae	CLBJ_036_R	Wise	TX	yes	33.397578	-97.57995	6/11/24	Mesorhizobium	Mesorhizobium_maamorense	90.909	34.9546	0	730
DSNY-65-1-No|nifK|consensus50|pass_mixed_possible_multitemplate	DSNY-65-1-No	D03	Desmodium triflorum	2/24/25	0	0	Quarter	DSNY-65	dry	nodule	Fabaceae	DSNY	Desmodium	Desmodieae	DSNY_034	Polk	Florida	yes	NA	NA	20240820	Mesorhizobium	Mesorhizobium_sp._WSM2240	88.415	53.1777	0	1057
JERC-145-1-Rh|nifK|consensus50|pass_single_dominant	JERC-145-1-Rh	D03	Desmodium cileari	2/17/25	0	0	Quarter	JERC-145	dry	rhizosphere	Fabaceae	JERC	Desmodium	Desmodieae	JERC_010	Baker County	Georgia	yes	NA	NA	20240821	Mesorhizobium	Mesorhizobium_sp._WSM2240	87.808	55.3178	0	1044
JERC-165-No|nifK|consensus50|pass_mixed_possible_multitemplate	JERC-165-No	D03	Lespedeza hirta	2/27/25	0	0	Quarter	JERC-165	dry	nodule	Fabaceae	JERC	Lespedeza	Desmodieae	JERC_019	Baker County	Georgia	yes	NA	NA	20241003	Mesorhizobium	Mesorhizobium_sp._WSM2240	90.193	40.3372	0	833
JERC-7-2-Ro|nifK|consensus50|pass_mixed_possible_multitemplate	JERC-7-2-Ro	D03	Baptisia alba	7/15/24	0	0	Quarter	JERC-BAAL-7	dry	root	Fabaceae	JERC	Baptisia	Sophoreae	JERC_008	Baker County	Georgia	yes	31.1859357	-84.4376644	20240327	Mesorhizobium	Mesorhizobium_sp._WSM2240	88.203	58.8197	0	1149
JERC-119-Ro|nifK|consensus50|pass_mixed_possible_multitemplate	JERC-119-Ro	D03	Desmodium marilandicum	2/25/25	0	0	Quarter	JERC-119	dry	root	Fabaceae	JERC	Desmodium	Desmodieae	JERC_003	Baker County	Georgia	yes	31.196291	-84.47345	20240730	Mesorhizobium	Mesorhizobium_sp._WSM2240	85.506	57.7173	0	1051
JERC-154-Rh|nifK|consensus50|pass_single_dominant	JERC-154-Rh	D03	Clitoria mariana	2/27/25	0	0	Quarter	JERC-154	dry	rhizosphere	Fabaceae	JERC	Clitoria	Phaseoleae	JERC_015	Baker County	Georgia	yes	NA	NA	20241002	Mesorhizobium	Mesorhizobium_sp._WSM2240	85.056	57.7173	0	948
JERC-46-1-Rh|nifK|consensus50|pass_mixed_possible_multitemplate	JERC-46-1-Rh	D03	Dalea carnea	12/4/24	0.111	5.328	Quarter	JERC-46	dry	rhizosphere	Fabaceae	JERC	Dalea	Amorpheae	JERC_005	Baker County	Georgia	yes	NA	NA	20240604	Microvirga	Microvirga_sp._KLBC_81	83.787	100	0	1652
JERC-199-No|nifK|consensus50|pass_single_dominant	JERC-199-No	D03	Indigofera hirsuta	4/24/25	0	0	Quarter	JERC-199	dry	nodule	Fabaceae	JERC	Indigofera	Indigofereae	JERC_004	Baker County	Georgia	no	NA	NA	20241029	Mesorhizobium	Mesorhizobium_sp._WSM2240	83.727	52.2049	0	817
TOOL-7-Rh|nifK|consensus50|pass_single_dominant	TOOL-7-Rh	D18	Dryas octopetala	4/24/25	0	0	Quarter	TOOL-7	ethanol	rhizosphere	Rosaceae	TOOL	Dryas	actinorhizal	TOOL_032	North Slope Borough	Alaska	yes	NA	NA	20240706	Microvirga	Microvirga_lotononidis	85.976	49.4812	0	846
SCBI-12-1-Ro|nifK|consensus50|pass_single_dominant	SCBI-12-1-Ro	D02	Amphicarpaea bracteata	4/24/25	0.061	2.928	Quarter	SCBI-12	ethanol	root	Fabaceae	SCBI	Amphicarpaea	Phaseoleae	SCBI-011	Warren	VA	yes	38.878901	-78.139749	7/10/24	Sinorhizobium	Sinorhizobium_meliloti_(Rhizobium_meliloti)	88.258	50.2594	0	950
TOOL-2-No|nifK|consensus50|pass_mixed_possible_multitemplate	TOOL-2-No	D18	Dryas integrifolia	4/24/25	0	0	Quarter	TOOL-2	ethanol	nodule	Rosaceae	TOOL	Dryas	actinorhizal	TOOL_041	North Slope Borough	Alaska	yes	NA	NA	20240704	Microvirga	Microvirga_lotononidis	86.15	55.2529	0	976
BONA-4-Rh|nifK|consensus50|pass_single_dominant	BONA-4-Rh	D19	Alnus viridis	3/3/25	0	0	Quarter	BONA-4	ethanol	rhizosphere	Betulaceae	BONA	Alnus	actinorhizal	BONA_072	NA	Alaska	yes	NA	NA	20240829	Rhizobium	Rhizobium_azibense	86.797	56.4851	0	1046
LAJA-20-1-Ro|nifK|consensus50|pass_mixed_possible_multitemplate	LAJA-20-1-Ro	D04	Alysicarpus vaginalis	3/19/25	4.18	200.64	Quarter	LAJA-20	dry	root	Fabaceae	LAJA	Alysicarpus	Desmodieae	LAJA_019	LAJA	P.R	yes	18.03193	-67.07056	10/2/24	Rhizobium	Rhizobium_azibense	84.863	54.4099	0	944
DEJU-7-1-No|nifK|consensus50|pass_mixed_possible_multitemplate	DEJU-7-1-No	D19	Alnus viridis	2/13/25	36.25	1740	Half	DEJU-7	ethanol	nodule	Betulaceae	DEJU	Alnus	actinorhizal	DEJU_047	NA	Alaska	yes	NA	NA	NA	Rhizobium	Rhizobium_azibense	88.84	58.69	0	1179
TALL-56-1-No|nifK|consensus50|pass_mixed_possible_multitemplate	TALL-56-1-No	D08	Desmodium sp.	3/20/25	4.22	202.56	Quarter	TALL-56	dry	nodule	Fabaceae	TALL	Desmodium	Desmodieae	TALL_q033	Bibb County	AL	yes	32.973539	-87.409071	8/27/24	Rhizobium	Rhizobium_azibense	84.624	57.7821	0	981
JERC-26-5-No|nifK|consensus50|pass_mixed_possible_multitemplate	JERC-26-5-No	D03	Centrosema virginiana	10/2/24	5.77	276.96	Half	JERC-26	dry	nodule	Fabaceae	JERC	Centrosema	Phaseoleae	JERC_007	Baker County	Georgia	yes	NA	NA	20240603	Rhizobium	Rhizobium_azibense	91.356	38.262	0	861
GUAN-2-Ro|nifK|consensus50|pass_mixed_possible_multitemplate	GUAN-2-Ro	D04	Leucaena leucocephala	2/19/25	5.275	253.2	Half	GUAN-2	dry	root	Fabaceae	GUAN	Leucaena	Mimosoideae	GUAN_004	Yauco	P.R	no	17.964444	-66.8513611	10/10/24	Rhizobium	Rhizobium_azibense	89.486	54.2802	0	1068
KONZ-12-1-Ro|nifK|consensus50|pass_mixed_possible_multitemplate	KONZ-12-1-Ro	D06	Dalea candida	9/25/24	0.441	21.168	Quarter	KONZ-12	dry	root	Fabaceae	KONZ	Dalea	Amorpheae	KONZ_001	Riley	KS	yes	39.07516	-96.55599	20240711	Rhizobium	Rhizobium_azibense	90.778	35.8625	0	771
OSBS-35-1-Rh|nifK|consensus50|pass_mixed_possible_multitemplate	OSBS-35-1-Rh	D03	Chapmannia floridana	3/6/25	0	0	Quarter	OSBS-35	NA	rhizosphere	Fabaceae	OSBS	Chapmannia	Dalbergieae	OSBS_006	Putnam	FL	yes	NA	NA	20240611	Rhizobium	Rhizobium_azibense	81.94	58.1712	0	896
KONZ-8-1-Ro|nifK|consensus50|pass_mixed_possible_multitemplate	KONZ-8-1-Ro	D06	Hylodesmum glutinosum	9/18/24	7.19	345.12	Half	KONZ-8	dry	root	Fabaceae	KONZ	Desmodium	Desmodieae	KONZ_024	Riley	KS	yes	39.11091	-96.55233	20240710	Rhizobium	Rhizobium_azibense	84.488	58.9494	0	968
KONZ-9-2-No|nifK|consensus50|pass_mixed_possible_multitemplate	KONZ-9-2-No	D06	Lespedeza violacea	9/25/24	11.1	532.8	Half	KONZ-9	dry	nodule	Fabaceae	KONZ	Lespedeza	Desmodieae	KONZ_024	Riley	KS	yes	39.11091	-96.55235	20240710	Rhizobium	Rhizobium_azibense	89.18	37.1595	0	811
CLBJ-24-No|nifK|consensus50|pass_single_dominant	CLBJ-24-No	D11	Chamaecrista fasciculata	9/18/24	35.4	1699.2	Half	CLBJ-24	ethanol	nodule	Fabaceae	CLBJ	Chamaecrista	Cassieae	CLBJ_035_R	Wise	TX	yes	33.32974	-97.5792	6/4/24	Rhizobium	Rhizobium_azibense	93.407	35.4086	0	817
HARV-1-1-No|nifK|consensus50|pass_single_dominant	HARV-1-1-No	D01	Comptonia peregrina	9/25/24	5.565	267.12	Half	HARV-1	dry	nodule	Myricaceae	HARV	Comptonia	actinorhizal	HARV_004	Worcester	MA	yes	42.42709	-72.22974	5/2/24	Rhizobium	Rhizobium_azibense	94.737	36.965	0	894
KONZ-10-1-No|nifK|consensus50|pass_mixed_possible_multitemplate	KONZ-10-1-No	D06	Desmodium illinoense	9/25/24	8.63	414.24	Half	KONZ-10	dry	nodule	Fabaceae	KONZ	Desmodium	Desmodieae	KONZ_001	Riley	KS	yes	39.0752	-96.55571	20240711	Rhizobium	Rhizobium_azibense	92.58	36.7056	0	841
JERC-38-2-No|nifK|consensus50|pass_mixed_possible_multitemplate	JERC-38-2-No	D03	Desmodium cf. floridanum	3/3/25	0.1025	4.92	Quarter	JERC-38	NA	nodule	Fabaceae	JERC	Desmodium	Desmodieae	JERC_001	Baker County	Georgia	yes	NA	NA	20240604	Rhizobium	Rhizobium_azibense	86.842	54.2153	0	1033
KONZ-5-1-No|nifK|consensus50|pass_single_dominant	KONZ-5-1-No	D06	Desmodium perplexum	9/18/24	4.385	210.48	Half	KONZ-5	dry	nodule	Fabaceae	KONZ	Desmodium	Desmodieae	KONZ_024	Riley	KS	yes	39.11098	-96.55236	20240710	Rhizobium	Rhizobium_azibense	91.192	37.5486	0	809
KONZ-7-1-No|nifK|consensus50|pass_single_dominant	KONZ-7-1-No	D06	Lespedeza capitata	9/18/24	7.945	381.36	Half	KONZ-7	dry	nodule	Fabaceae	KONZ	Lespedeza	Desmodieae	KONZ_002	Riley	KS	yes	39.11965	-96.54588	20240711	Rhizobium	Rhizobium_azibense	93.75	36.3165	0	841
UKFS-4-1-No|nifK|consensus50|pass_mixed_possible_multitemplate	UKFS-4-1-No	D06	Lespedeza cuneata	9/25/24	16.95	813.6	Half	UKFS-4	dry	nodule	Fabaceae	UKFS	Lespedeza	Desmodieae	UKFS_009	Douglas	KS	no	39.04552	-95.2015	6/27/24	Rhizobium	Rhizobium_azibense	92.403	36.7056	0	839
KONZ-7-1-Ro|nifK|consensus50|pass_mixed_possible_multitemplate	KONZ-7-1-Ro	D06	Lespedeza capitata	9/18/24	6.125	294	Half	KONZ-7	dry	root	Fabaceae	KONZ	Lespedeza	Desmodieae	KONZ_002	Riley	KS	yes	39.11965	-96.54588	20240711	Rhizobium	Rhizobium_azibense	85.389	54.1505	0	1016
KONZ-2-1-No|nifK|consensus50|pass_mixed_possible_multitemplate	KONZ-2-1-No	D06	Hylodesmum glutinosum	8/29/24	19.25	924	Half	KONZ-2	dry	nodule	Fabaceae	KONZ	Desmodium	Desmodieae	KONZ_046	Riley	KS	yes	39.103	-96.56378	20240703	Rhizobium	Rhizobium_azibense	92.948	35.8625	0	815
HARV-2-1-No|nifK|consensus50|pass_mixed_possible_multitemplate	HARV-2-1-No	D01	Alnus serrulata	9/25/24	10.55	506.4	Half	HARV-2	dry	nodule	Betulaceae	HARV	Alnus	actinorhizal	HARV_016	Worcester	MA	yes	42.45847	-72.23199	5/2/24	Rhizobium	Rhizobium_azibense	95.408	38.1323	0	955
KONZ-1-No|nifK|consensus50|pass_mixed_possible_multitemplate	KONZ-1-No	D06	Lespedeza capitata	8/29/24	7.72	370.56	Half	KONZ-1	dry	nodule	Fabaceae	KONZ	Lespedeza	Desmodieae	KONZ_046	Riley	KS	yes	39.103	-96.56374	20240703	Rhizobium	Rhizobium_azibense	94.903	36.9001	0	907
KONZ-9-2-Ro|nifK|consensus50|pass_mixed_possible_multitemplate	KONZ-9-2-Ro	D06	Lespedeza violacea	9/25/24	6.51	312.48	Half	KONZ-9	dry	root	Fabaceae	KONZ	Lespedeza	Desmodieae	KONZ_024	Riley	KS	yes	39.11091	-96.55235	20240710	Rhizobium	Rhizobium_azibense	94.107	35.214	0	857
DSNY-37-1-No|nifK|consensus50|pass_mixed_possible_multitemplate	DSNY-37-1-No	D03	Crotalaria pallida cf sp.	9/18/24	25.35	1216.8	Half	DSNY-CRPA-37	dry	nodule	Fabaceae	DSNY	Crotalaria	Crotalarieae	DSNY_011	Osceola	Florida	yes	28.06297	-81.25475	20240430	Rhizobium	Rhizobium_azibense	94.618	37.3541	0	920
DSNY-29-1-No|nifK|consensus50|pass_mixed_possible_multitemplate	DSNY-29-1-No	D03	Morella cerifera cf sp.	9/18/24	12.05	578.4	Half	DSNY-MOCE-29	dry	nodule	Myricaceae	DSNY	Morella	actinorhizal	DSNY_001	Osceola	Florida	yes	NA	NA	20240402	Rhizobium	Rhizobium_azibense	88.082	57.1336	0	1175
DSNY-80-1-No|nifK|consensus50|pass_mixed_possible_multitemplate	DSNY-80-1-No	D03	Galactia volubilis	3/3/25	33.65	1615.2	Half	DSNY-80	dry	nodule	Fabaceae	DSNY	Galactia	Diocleae	DSNY_015	Polk	Florida	yes	28.1094603	-81.4310661	20240904	Rhizobium	Rhizobium_azibense	88.552	57.7821	0	1179
ORNL-11-1-Rh|nifK|consensus50|pass_mixed_possible_multitemplate	ORNL-11-1-Rh	D07	Chamaecrista fasciculata	2/25/24	23.4	1123.2	Half	ORNL-11	dry	rhizosphere	Fabaceae	ORNL	Chamaecrista	Cassieae	ORNL_047	Anderson	TN	yes	35.9525	-84.22	7/11/24	Rhizobium	Rhizobium_azibense	88.215	57.7821	0	1171
JERC-84-3-No|nifK|consensus50|pass_mixed_possible_multitemplate	JERC-84-3-No	D03	Desmodium floridanum	3/6/25	3.22	154.56	Quarter	JERC-84	dry	nodule	Fabaceae	JERC	Desmodium	Desmodieae	JERC_001	Baker County	Georgia	yes	NA	NA	20240618	Rhizobium	Rhizobium_azibense	90.787	57.7173	0	1266
TALL-47-2-No|nifK|consensus50|pass_mixed_possible_multitemplate	TALL-47-2-No	D08	Chamaecrista nictitans	3/20/25	0.87	41.76	Quarter	TALL-47	dry	nodule	Fabaceae	TALL	Chamaecrista	Cassieae	TALL_007	Hale County	AL	yes	32.974713	-87.47111	8/27/24	Rhizobium	Rhizobium_azibense	89.844	58.1064	0	1219
DSNY-18-1-No|nifK|consensus50|pass_mixed_possible_multitemplate	DSNY-18-1-No	D03	Morella cerifera	9/25/24	5.585	268.08	Half	DSNY-MOCE-18	dry	nodule	Myricaceae	DSNY	Morella	actinorhizal	DSNY_044	Osceola	Florida	yes	NA	NA	20240401	Rhizobium	Rhizobium_azibense	94.426	38.3917	0	933
KONZ-12-1-No|nifK|consensus50|pass_single_dominant	KONZ-12-1-No	D06	Dalea candida	9/25/24	5.4	259.2	Half	KONZ-12	dry	nodule	Fabaceae	KONZ	Dalea	Amorpheae	KONZ_001	Riley	KS	yes	39.07516	-96.55599	20240711	Rhizobium	Rhizobium_azibense	96.171	99.9351	0	2527
CLBJ-2-No|nifK|consensus50|pass_single_dominant	CLBJ-2-No	D11	Dalea compacta	7/9/24	0	0	Quarter	CLBJ-2	dry	nodule	Fabaceae	CLBJ	Dalea	Amorpheae	CLBJ_001_T	Wise	TX	yes	33.23888	-97.34109	3/20/24	Rhizobium	Rhizobium_azibense	92.667	99.9351	0	2313
DCFS-1-2-No|nifK|consensus50|pass_single_dominant	DCFS-1-2-No	D09	Astragalus flexuosus	5/23/25	0	0	Quarter	DCFS-1	dry	nodule	Fabaceae	DCFS	Astragalus	Galegeae	DCFS_006	Stutsman	ND	yes	47.17336	99.05106	6/6/24	Rhizobium	Rhizobium_azibense	92.17	57.9767	0	1269
OSBS-35-2-Ro|nifK|consensus50|pass_mixed_possible_multitemplate	OSBS-35-2-Ro	D03	Chapmannia floridana	2/26/25	0.058	2.784	Quarter	OSBS-35	dry	root	Fabaceae	OSBS	Chapmannia	Dalbergieae	OSBS_006	Putnam	FL	yes	NA	NA	20240611	Rhizobium	Rhizobium_azibense	89.026	57.9118	0	1147
WOOD-5-1-No|nifK|consensus50|pass_mixed_possible_multitemplate	WOOD-5-1-No	D09	Dalea candida	4/24/25	0.195	9.36	Quarter	WOOD-5	ethanol	nodule	Fabaceae	WOOD	Dalea	Amorpheae	BARR_027	Stutsman	ND	yes	47.13	99.24	9/23/24	Sinorhizobium	Sinorhizobium_medicae_(Ensifer_medicae)	85.39	99.8703	0	1766
WOOD-5-1-Ro|nifK|consensus50|pass_mixed_possible_multitemplate	WOOD-5-1-Ro	D09	Dalea candida	4/24/25	0	0	Quarter	WOOD-5	ethanol	root	Fabaceae	WOOD	Dalea	Amorpheae	BARR_027	Stutsman	ND	yes	47.13	99.24	9/23/24	Microvirga	Microvirga_sp._KLBC_81	87.03	100	0	1808
KONZ-6-1-No|nifK|consensus50|pass_single_dominant	KONZ-6-1-No	D06	Dalea purpurea	9/18/24	0.4235	20.328	Quarter	KONZ-6	dry	nodule	Fabaceae	KONZ	Dalea	Amorpheae	KONZ_042	Riley	KS	yes	39.09968	-96.56423	20240710	Rhizobium	Rhizobium_azibense	94.805	99.8703	0	2435
KONZ-3-1-No|nifK|consensus50|pass_mixed_possible_multitemplate	KONZ-3-1-No	D06	Lespedeza capitata	8/29/24	0.292	14.016	Quarter	KONZ-3	dry	nodule	Fabaceae	KONZ	Lespedeza	Desmodieae	KONZ_005	Riley	KS	yes	39.10294	-96.5637	20240703	Sinorhizobium	Sinorhizobium_mexicanum_(Ensifer_mexicanus)	84.666	59.2088	0	1009
KONZ-4-1-No|nifK|consensus50|pass_mixed_possible_multitemplate	KONZ-4-1-No	D06	Lespedeza capitata	8/29/24	1.385	66.48	Quarter	KONZ-4	dry	nodule	Fabaceae	KONZ	Lespedeza	Desmodieae	KONZ_042	Riley	KS	yes	39.09968	-96.56345	20240710	Rhizobium	Rhizobium_azibense	89.828	45.2659	0	963
KONZ-4-1-Ro|nifK|consensus50|pass_mixed_possible_multitemplate	KONZ-4-1-Ro	D06	Lespedeza capitata	8/29/24	0.2695	12.936	Quarter	KONZ-4	dry	root	Fabaceae	KONZ	Lespedeza	Desmodieae	KONZ_042	Riley	KS	yes	39.09968	-96.56345	20240710	Rhizobium	Rhizobium_azibense	94.094	32.9442	0	780
KONZ-5-1-Ro|nifK|consensus50|pass_single_dominant	KONZ-5-1-Ro	D06	Desmodium perplexum	9/18/24	0.2255	10.824	Quarter	KONZ-5	dry	root	Fabaceae	KONZ	Desmodium	Desmodieae	KONZ_024	Riley	KS	yes	39.11098	-96.55236	20240710	Rhizobium	Rhizobium_azibense	87.614	57.0687	0	1147
KONZ-6-1-Rh|nifK|consensus50|pass_single_dominant	KONZ-6-1-Rh	D06	Dalea purpurea	9/18/24	0	0	Quarter	KONZ-6	dry	rhizosphere	Fabaceae	KONZ	Dalea	Amorpheae	KONZ_042	Riley	KS	yes	39.09968	-96.56423	20240710	Rhizobium	Rhizobium_azibense	90.148	39.4942	0	806
DSNY-GAEL-33-1-No|nifK|consensus50|pass_mixed_possible_multitemplate	DSNY-GAEL-33-1-No	D03	Galactia elliottii	9/18/24	0	0	Quarter	DSNY-GAEL-33	dry	nodule	Fabaceae	DSNY	Galactia	Diocleae	DSNY_003	Polk	Florida	yes	NA	NA	20240430	Rhizobium	Rhizobium_azibense	85.989	60.6355	0	1103
JERC-93-1-Rh|nifK|consensus50|pass_mixed_possible_multitemplate	JERC-93-1-Rh	D03	Desmodium viridiflorum	3/26/25	0	0	Quarter	JERC-93	dry	rhizosphere	Fabaceae	JERC	Desmodium	Desmodieae	JERC_047	Baker County	Georgia	yes	NA	NA	20240625	Sinorhizobium	Sinorhizobium_mexicanum_(Ensifer_mexicanus)	91.024	56.3554	0	1194
DSNY-GAEL-33-1-Rh|nifK|consensus50|pass_mixed_possible_multitemplate	DSNY-GAEL-33-1-Rh	D03	Galactia elliottii	9/18/24	0	0	Quarter	DSNY-GAEL-33	dry	rhizosphere	Fabaceae	DSNY	Galactia	Diocleae	DSNY_003	Polk	Florida	yes	NA	NA	20240430	Rhizobium	Rhizobium_azibense	86.966	59.2088	0	1092
KONZ-3-1-Ro|nifK|consensus50|pass_single_dominant	KONZ-3-1-Ro	D06	Lespedeza capitata	8/29/24	0	0	Quarter	KONZ-3	dry	root	Fabaceae	KONZ	Lespedeza	Desmodieae	KONZ_005	Riley	KS	yes	39.10294	-96.5637	20240703	Rhizobium	Rhizobium_azibense	88.503	97.0169	0	1895
DSNY-34-1-Rh|nifK|consensus50|pass_mixed_possible_multitemplate	DSNY-34-1-Rh	D03	Crotalaria maritima	9/18/24	0	0	Quarter	DSNY-CRMA-34	dry	rhizosphere	Fabaceae	DSNY	Crotalaria	Crotalarieae	DSNY_001	Osceola	Florida	yes	NA	NA	20240402	Rhizobium	Rhizobium_azibense	86.09	59.2088	0	1068
JERC-20-1-No|nifK|consensus50|pass_mixed_possible_multitemplate	JERC-20-1-No	D03	Lespedeza hirta	8/14/24	1.78	85.44	Quarter	JERC-LEHI2-20	dry	nodule	Fabaceae	JERC	Lespedeza	Desmodieae	JERC_006	Baker County	Georgia	yes	NA	NA	20240529	Rhizobium	Rhizobium_azibense	85.666	96.3684	0	1755
KONZ-2-1-Ro|nifK|consensus50|pass_single_dominant	KONZ-2-1-Ro	D06	Hylodesmum glutinosum	8/29/24	0.793	38.064	Quarter	KONZ-2	dry	root	Fabaceae	KONZ	Desmodium	Desmodieae	KONZ_046	Riley	KS	yes	39.103	-96.56378	20240703	Rhizobium	Rhizobium_azibense	90.1	58.3009	0	1216
DSNY-17-3-Rh|nifK|consensus50|pass_mixed_possible_multitemplate	DSNY-17-3-Rh	D03	Crotalaria maritima	8/19/24	0.136	6.528	Quarter	DSNY-CRMA-17	dry	rhizosphere	Fabaceae	DSNY	Crotalaria	Crotalarieae	DSNY_041	Osceola	Florida	yes	NA	NA	20240401	Mesorhizobium	Mesorhizobium_sp._AaZ16	86.948	99.8703	0	1895
KONZ-6-1-Ro|nifK|consensus50|pass_mixed_possible_multitemplate	KONZ-6-1-Ro	D06	Dalea purpurea	9/18/24	0	0	Quarter	KONZ-6	dry	root	Fabaceae	KONZ	Dalea	Amorpheae	KONZ_042	Riley	KS	yes	39.09968	-96.56423	20240710	Microvirga	Microvirga_sp._KLBC_81	82.998	99.9351	0	1618
DSNY-37-1-Rh|nifK|consensus50|pass_mixed_possible_multitemplate	DSNY-37-1-Rh	D03	Crotalaria pallida cf sp.	9/18/24	0	0	Quarter	DSNY-CRPA-37	dry	rhizosphere	Fabaceae	DSNY	Crotalaria	Crotalarieae	DSNY_011	Osceola	Florida	yes	28.06297	-81.25475	20240430	Mesorhizobium	Mesorhizobium_sp._WSM2240	85.545	60.1167	0	1107
DSNY-5-1-No|nifK|consensus50|pass_single_dominant	DSNY-5-1-No	D03	Crotalaria maritima	8/14/24	0.107	5.136	Quarter	DSNY-CRMA-5	dry	nodule	Fabaceae	DSNY	Crotalaria	Crotalarieae	DSNY_006	Osceola	Florida	yes	28.09298025 N, -81.39932663 W. WGS84.	NA	20240312	Mesorhizobium	Mesorhizobium_sp._WSM2240	92.056	41.6342	0	918
JERC-DEST-32-1-Ro|nifK|consensus50|pass_single_dominant	JERC-DEST-32-1-Ro	D03	Desmodium cf. strictum	12/4/24	0	0	Quarter	JERC-32	dry	root	Fabaceae	JERC	Desmodium	Desmodieae	JERC_007	Baker County	Georgia	yes	NA	NA	20240603	Mesorhizobium	Mesorhizobium_sp._WSM2240	89.234	58.4306	0	1188
JERC-AMFR-56-1-Rh|nifK|consensus50|pass_mixed_possible_multitemplate	JERC-AMFR-56-1-Rh	D03	Amorpha fruticosa	12/4/24	0	0	Quarter	JERC-56	dry	rhizosphere	Fabaceae	JERC	Amorpha	Amorpheae	JERC_050	Baker County	Georgia	yes	NA	NA	20240618	Mesorhizobium	Mesorhizobium_sp._WSM2240	91.406	41.5045	0	922
KONZ-7-1-Rh|nifK|consensus50|pass_mixed_possible_multitemplate	KONZ-7-1-Rh	D06	Lespedeza capitata	9/18/24	0	0	Quarter	KONZ-7	dry	rhizosphere	Fabaceae	KONZ	Lespedeza	Desmodieae	KONZ_002	Riley	KS	yes	39.11965	-96.54588	20240711	Mesorhizobium	Mesorhizobium_sp._WSM2240	88.035	97.0169	0	1884
CLBJ-13-1-Rh|nifK|consensus50|pass_mixed_possible_multitemplate	CLBJ-13-1-Rh	D11	Lespedeza stuevei	6/19/24	0	0	Quarter	CLBJ-13	dry	rhizosphere	Fabaceae	CLBJ	Lespedeza	Desmodieae	CLBJ_002_T	Wise	TX	yes	33.40398	-97.57114	5/8/24	Mesorhizobium	Mesorhizobium_sp._WSM2240	91.089	58.9494	0	1310
JERC-11-1-Ro|nifK|consensus50|pass_mixed_possible_multitemplate	JERC-11-1-Ro	D03	Ceanothus microphyllus	7/15/24	0	0	Quarter	JERC-CEMI-11	dry	root	Rhamnaceae	JERC	Ceanothus	actinorhizal	JERC_049	Baker County	Georgia	yes	NA	NA	20240327	Mesorhizobium	Mesorhizobium_sp._AaZ16	88.911	97.0817	0	2058
OSBS-6-1-Ro|nifK|consensus50|pass_single_dominant	OSBS-6-1-Ro	D03	Morella cerifera	8/14/24	0.6935	33.288	Quarter	OSBS-MOCE-6	dry	root	Myricaceae	OSBS	Morella	actinorhizal	OSBS_005	Putnam	FL	yes	NA	NA	20240424	Mesorhizobium	Mesorhizobium_sp._AaZ16	91.304	96.952	0	2122
JORN-2-1-Rh|nifK|consensus50|pass_mixed_possible_multitemplate	JORN-2-1-Rh	D14	Dalea nana	8/19/24	0	0	Quarter	JORN-2	dry	rhizosphere	Fabaceae	JORN	Dalea	Amorpheae	JORN_044	Dona Ana	New Mexico	yes	32.35365	-106.50499	4/20/24	Mesorhizobium	Mesorhizobium_sp._AaZ16	96.639	38.5863	0	998
JORN-4-1-No|nifK|consensus50|pass_mixed_possible_multitemplate	JORN-4-1-No	D14	Desmanthus coolyii	8/19/24	3.235	155.28	Quarter	JORN-4	dry	nodule	Fabaceae	JORN	Desmanthus	Mimosoideae	JORN_042	Dona Ana	New Mexico	yes	32.35411	-106.50443	4/20/24	Mesorhizobium	Mesorhizobium_sp._WSM2240	89.123	58.4306	0	1188
SRER-6-1-Rh|nifK|consensus50|pass_single_dominant	SRER-6-1-Rh	D14	Lupinus sparsiflorus	8/14/24	1.145	54.96	Quarter	SRER-6	dry	rhizosphere	Fabaceae	SRER	Lupinus	Genisteae	SRER_005	Pima	Arizona	yes	31.49723	-110.49428	4/10/24	Mesorhizobium	Mesorhizobium_sp._WSM2240	89.667	56.4851	0	1151
OAES-34-1-Rh|nifK|consensus50|pass_mixed_possible_multitemplate	OAES-34-1-Rh	D11	Astragalus lotiflorus	6/13/24	0	0	Quarter	OAES-34	ethanol	rhizosphere	Fabaceae	OAES	Astragalus	Galegeae	OAES_004_M	Washita	OK	yes	32.2479	-99.5007	4/24/24	Mesorhizobium	Mesorhizobium_sp._AaZ16	91.03	39.0402	0	856
SRER-18-1-No|nifK|consensus50|pass_mixed_possible_multitemplate	SRER-18-1-No	D14	Lupinus concinnus	8/19/24	0	0	Quarter	SRER-18	dry	nodule	Fabaceae	SRER	Lupinus	Genisteae	SRER_003	Pima	Arizona	yes	31.84075	-110.91726	4/11/24	Mesorhizobium	Mesorhizobium_sp._WSM2240	88.229	58.9494	0	1218
JERC-12-1-Rh|nifK|consensus50|pass_mixed_possible_multitemplate	JERC-12-1-Rh	D03	Ceanothus microphyllus	7/15/24	0	0	Quarter	JERC-CEMI-12	dry	rhizosphere	Rhamnaceae	JERC	Ceanothus	actinorhizal	JERC_049	Baker County	Georgia	yes	NA	NA	20240327	Mesorhizobium	Mesorhizobium_sp._AaZ16	92.537	99.9351	0	2305
CLBJ-18-1-No|nifK|consensus50|pass_mixed_possible_multitemplate	CLBJ-18-1-No	D11	Tephrosia virginiana	6/20/24	19.25	924	Half	CLBJ-18	dry	nodule	Fabaceae	CLBJ	Tephrosia	Millettieae	CLBJ_003_T	Wise	TX	yes	33.403989	-97.572744	5/8/24	Mesorhizobium	Mesorhizobium_sp._WSM2240	87.996	58.8846	0	1190
OSBS-58-1-No|nifK|consensus50|pass_single_dominant	OSBS-58-1-No	D03	Stylosanthes biflora	2/26/25	3.445	165.36	Quarter	OSBS-58	dry	nodule	Fabaceae	OSBS	Stylosanthes	Dalbergieae	OSBS_063	Putnam	FL	yes	NA	NA	20240618	Mesorhizobium	Mesorhizobium_sp._WSM2240	92.988	38.8457	0	874
JERC-98-1-Ro|nifK|consensus50|pass_single_dominant	JERC-98-1-Ro	D03	Lespedeza cuneata	2/24/25	0	0	Quarter	JERC-98	dry	root	Fabaceae	JERC	Lespedeza	Desmodieae	JERC_034	Baker County	Georgia	no	31.26611111	-84.59333333	20240625	Mesorhizobium	Mesorhizobium_sp._WSM2240	94.527	39.1051	0	933
DSNY-66-1-Ro|nifK|consensus50|pass_mixed_possible_multitemplate	DSNY-66-1-Ro	D03	Chamaecrista fasciculata	2/24/25	1.275	61.2	Quarter	DSNY-66	dry	root	Fabaceae	DSNY	Chamaecrista	Cassieae	DSNY_003	Polk	Florida	yes	NA	NA	20240820	Mesorhizobium	Mesorhizobium_sp._WSM2240	93.201	39.1051	0	915
JERC-25-1-No|nifK|consensus50|pass_single_dominant	JERC-25-1-No	D03	Desmodium lineatum	2/17/25	2.72	130.56	Quarter	JERC-25	dry	nodule	Fabaceae	JERC	Desmodium	Desmodieae	JERC_007	Baker County	Georgia	yes	NA	NA	20240603	Mesorhizobium	Mesorhizobium_sp._AaZ16	97.543	34.3061	0	905
CLBJ-21-1-Rh|nifK|consensus50|pass_single_dominant	CLBJ-21-1-Rh	D11	Desmodium sessifolium	6/20/24	0	0	Quarter	CLBJ-21	dry	rhizosphere	Fabaceae	CLBJ	Desmodium	Desmodieae	CLBJ_003_T	Wise	TX	yes	33.403989	-97.572744	5/8/24	Mesorhizobium	Mesorhizobium_sp._AaZ16	95.175	38.9754	0	950
JORN-1-Rh|nifK|consensus50|pass_mixed_possible_multitemplate	JORN-1-Rh	D14	Astragalus allochrus	8/19/24	0.06	2.88	Quarter	JORN-1	dry	rhizosphere	Fabaceae	JORN	Astragalus	Galegeae	JORN_002	Dona Ana	New Mexico	yes	32.607279	-106.82671	4/18/24	Mesorhizobium	Mesorhizobium_sp._AaZ16	89.739	99.2218	0	2102
SRER-16-1-No|nifK|consensus50|pass_single_dominant	SRER-16-1-No	D14	Astragalus nuttallianus	8/19/24	0	0	Quarter	SRER-16	dry	nodule	Fabaceae	SRER	Astragalus	Galegeae	SRER_053	Pima	Arizona	yes	31.9096	-110.83605	4/10/24	Mesorhizobium	Mesorhizobium_sp._WSM2240	93.077	59.0143	0	1360
OAES_24-3-No|nifK|consensus50|pass_single_dominant	OAES-24-3-No	D11	Astragalus nuttallianus var. austrinus	6/4/24	0.5235	103.653	Quarter	OAES-24	ethanol	nodule	Fabaceae	OAES	Astragalus	Galegeae	OAES_012_R	Washita	OK	yes	35.402943	-99.064829	4/16/24	Mesorhizobium	Mesorhizobium_sp._AaZ16	94.095	99.9351	0	2364
OAES-32-1-No|nifK|consensus50|pass_single_dominant	OAES-32-1-No	D11	Astragalus nuttallianus var. austrinus	6/10/24	1.985	393.03	Half	OAES-32	ethanol	nodule	Fabaceae	OAES	Astragalus	Galegeae	OAES_006_R	Washita	OK	yes	35.2455	-99.04049	4/24/24	Mesorhizobium	Mesorhizobium_sp._WSM2240	93.172	58.8846	0	1369
JORN-1-No|nifK|consensus50|pass_single_dominant	JORN-1-No	D14	Astragalus allochrus	8/19/24	0.594	28.512	Quarter	JORN-1	dry	nodule	Fabaceae	JORN	Astragalus	Galegeae	JORN_002	Dona Ana	New Mexico	yes	32.607279	-106.82671	4/18/24	Mesorhizobium	Mesorhizobium_sp._AaZ16	94.993	97.1466	0	2381
SRER-16-1-Ro|nifK|consensus50|pass_mixed_possible_multitemplate	SRER-16-1-Ro	D14	Astragalus nuttallianus	8/19/24	7.275	349.2	Half	SRER-16	dry	root	Fabaceae	SRER	Astragalus	Galegeae	SRER_053	Pima	Arizona	yes	31.9096	-110.83605	4/10/24	Mesorhizobium	Mesorhizobium_sp._AaZ16	90.581	97.0817	0	2146
SRER-4-1-No|nifK|consensus50|pass_mixed_possible_multitemplate	SRER-4-1-No	D14	Astragalus nuttallianus	8/14/24	0.089	4.272	Quarter	SRER-4	dry	nodule	Fabaceae	SRER	Astragalus	Galegeae	SRER_005	Pima	Arizona	yes	31.4972	-110.49448	4/10/24	Mesorhizobium	Mesorhizobium_sp._WSM2240	92.426	59.0791	0	1356
SRER-4-1-Rh|nifK|consensus50|pass_mixed_possible_multitemplate	SRER-4-1-Rh	D14	Astragalus nuttallianus	8/14/24	0.091	4.368	Quarter	SRER-4	dry	rhizosphere	Fabaceae	SRER	Astragalus	Galegeae	SRER_005	Pima	Arizona	yes	31.4972	-110.49448	4/10/24	Mesorhizobium	Mesorhizobium_sp._WSM2240	92.132	56.8742	0	1295
OAES-17-No|nifK|consensus50|pass_single_dominant	OAES-17-No	D11	Astragalus nuttallianus var. austrina	8/14/24	0.104	4.992	Quarter	OAES-17	ethanol	nodule	Fabaceae	OAES	Astragalus	Galegeae	OAES_021_R	Washita	OK	yes	35.41187	-99.07412	4/11/24	Microvirga	Microvirga_lotononidis	87.032	97.0169	0	1700
OAES-17-Ro|nifK|consensus50|pass_single_dominant	OAES-17-Ro	D11	Astragalus nuttallianus var. austrina	8/14/24	0.367	17.616	Quarter	OAES-17	ethanol	root	Fabaceae	OAES	Astragalus	Galegeae	OAES_021_R	Washita	OK	yes	35.41187	-99.07412	4/11/24	Mesorhizobium	Mesorhizobium_sp._WSM2240	94.298	59.144	0	1423
OAES-33-1-No|nifK|consensus50|pass_single_dominant	OAES-33-1-No	D11	Astragalus missouriensis	6/13/24	0.4725	93.555	Quarter	OAES-33	ethanol	nodule	Fabaceae	OAES	Astragalus	Galegeae	OAES_004_R	Washita	OK	yes	35.41213	-99.085338	4/24/24	Mesorhizobium	Mesorhizobium_sp._AaZ16	94.565	99.0272	0	2392
OAES-33-1-Ro|nifK|consensus50|pass_single_dominant	OAES-33-1-Ro	D11	Astragalus missouriensis	6/13/24	0	0	Quarter	OAES-33	ethanol	root	Fabaceae	OAES	Astragalus	Galegeae	OAES_004_R	Washita	OK	yes	35.41213	-99.085338	4/24/24	Mesorhizobium	Mesorhizobium_sp._AaZ16	93.56	53.3722	0	1240
OAES-25-1-Rh|nifK|consensus50|pass_mixed_possible_multitemplate	OAES-25-1-Rh	D11	Astragalus nuttallianus var. nuttallianus	6/4/24	0	0	Quarter	OAES-25	ethanol	rhizosphere	Fabaceae	OAES	Astragalus	Galegeae	OAES_007_R	Washita	OK	yes	35.419991	-99.0567264	4/17/24	Microvirga	Microvirga_sp._KLBC_81	86.911	99.0921	0	1825
DEJU-3-1-Rh|nifK|consensus50|pass_single_dominant	DEJU-3-1-Rh	D19	Lupinus arcticus	2/25/25	0.9185	44.088	Quarter	DEJU-3	ethanol	rhizosphere	Fabaceae	DEJU	Lupinus	Genisteae	DEJU_014	NA	Alaska	yes	NA	NA	NA	Mesorhizobium	Mesorhizobium_sp._AaZ16	91.81	49.0921	0	1109
DSNY-65-1-Ro|nifK|consensus50|pass_mixed_possible_multitemplate	DSNY-65-1-Ro	D03	Desmodium triflorum	2/24/25	0.424	20.352	Quarter	DSNY-65	dry	root	Fabaceae	DSNY	Desmodium	Desmodieae	DSNY_034	Polk	Florida	yes	NA	NA	20240820	Mesorhizobium	Mesorhizobium_sp._AaZ16	93.878	38.1323	0	913
ORNL-11-1-No|nifK|consensus50|pass_single_dominant	ORNL-11-1-No	D07	Chamaecrista fasciculata	2/25/24	0.097	4.656	Quarter	ORNL-11	dry	nodule	Fabaceae	ORNL	Chamaecrista	Cassieae	ORNL_047	Anderson	TN	yes	35.9525	-84.22	7/11/24	Mesorhizobium	Mesorhizobium_sp._WSM2240	86.825	49.2218	0	893
JERC-126-4-No|nifK|consensus50|pass_single_dominant	JERC-126-4-No	D03	Lespedeza virginica	2/26/25	0.107	5.136	Quarter	JERC-126	dry	nodule	Fabaceae	JERC	Lespedeza	Desmodieae	JERC_002	Baker County	Georgia	yes	31.194341	-84.460314	20240730	Mesorhizobium	Mesorhizobium_sp._AaZ16	91.599	55.5772	0	1242
UKFS-6-3-Ro|nifK|consensus50|pass_single_dominant	UKFS-6-3-Ro	D06	Hylodesmum glutinosum	2/17/25	0	0	Quarter	UKFS-6	dry	root	Fabaceae	UKFS	Desmodium	Desmodieae	UKFS_002	Douglas	KS	yes	39.04622	-95.2087	7/3/24	Mesorhizobium	Mesorhizobium_sp._WSM2240	89.957	45.201	0	950
JERC-165-Ro|nifK|consensus50|pass_mixed_possible_multitemplate	JERC-165-Ro	D03	Lespedeza hirta	2/27/25	2.53	121.44	Quarter	JERC-165	dry	root	Fabaceae	JERC	Lespedeza	Desmodieae	JERC_019	Baker County	Georgia	yes	NA	NA	20241003	Mesorhizobium	Mesorhizobium_sp._WSM2240	89.006	55.4475	0	1127
OAES-23-1-No|nifK|consensus50|pass_mixed_possible_multitemplate	OAES-23-1-No	D11	Astragalus lotiflorus	6/4/24	20.15	3989.7	Half	OAES-23	ethanol	nodule	Fabaceae	OAES	Astragalus	Galegeae	OAES_012_R	Washita	OK	yes	35.402943	-99.064829	4/16/24	Mesorhizobium	Mesorhizobium_sp._AaZ16	93.658	97.1466	0	2344
OAES_24-3-Rh|nifK|consensus50|pass_mixed_possible_multitemplate	OAES-24-3-Rh	D11	Astragalus nuttallianus var. austrinus	6/4/24	0	0	Quarter	OAES-24	ethanol	rhizosphere	Fabaceae	OAES	Astragalus	Galegeae	OAES_012_R	Washita	OK	yes	35.402943	-99.064829	4/16/24	Mesorhizobium	Mesorhizobium_sp._AaZ16	93.182	99.8703	0	2331
OSBS-12-1-Ro|nifK|consensus50|pass_single_dominant	OSBS-12-1-Ro	D03	Rhynchosia reniformis	8/14/24	5.595	268.56	Half	OSBS-RHRE-12	dry	root	Fabaceae	OSBS	Rhynchosia	Phaseoleae	OSBS_036	Putnam	FL	yes	NA	NA	20240521	Mesorhizobium	Mesorhizobium_sp._AaZ16	94.574	58.5603	0	1441
CLBJ-13-1-Ro|nifK|consensus50|pass_single_dominant	CLBJ-13-1-Ro	D11	Lespedeza stuevei	6/19/24	0.0835	4.008	Quarter	CLBJ-13	dry	root	Fabaceae	CLBJ	Lespedeza	Desmodieae	CLBJ_002_T	Wise	TX	yes	33.40398	-97.57114	5/8/24	Mesorhizobium	Mesorhizobium_sp._AaZ16	91.981	53.3722	0	1203
OAES-34-1-Ro|nifK|consensus50|pass_mixed_possible_multitemplate	OAES-34-1-Ro	D11	Astragalus lotiflorus	6/13/24	0	0	Quarter	OAES-34	ethanol	root	Fabaceae	OAES	Astragalus	Galegeae	OAES_004_M	Washita	OK	yes	32.2479	-99.5007	4/24/24	Mesorhizobium	Mesorhizobium_sp._WSM2240	92.393	58.8197	0	1341
DSNY-8-1-No|nifK|consensus50|pass_mixed_possible_multitemplate	DSNY-8-1-No	D03	Morella pumila	8/14/24	36.15	1735.2	Half	DSNY-MOPU-8	dry	nodule	Myricaceae	DSNY	Morella	actinorhizal	DSNY_004	Osceola	Florida	yes	28.09974869	-81.39996247	20240319	Mesorhizobium	Mesorhizobium_sp._WSM2240	89.219	58.9494	0	1253
OAES-9-1-Ro|nifK|consensus50|pass_mixed_possible_multitemplate	OAES-9-1-Ro	D11	Astragalus missouriensis	7/9/24	9.68	464.64	Half	OAES-9	ethanol	root	Fabaceae	OAES	Astragalus	Galegeae	OAES_044_T	Washita	OK	yes	35.24131	-99.33629	4/2/24	Mesorhizobium	Mesorhizobium_sp._AaZ16	92.401	58.8846	0	1362
ORNL-12-1-Ro|nifK|consensus50|pass_mixed_possible_multitemplate	ORNL-12-1-Ro	D07	Lespedeza cuneata	2/25/24	0	0	Quarter	ORNL-12	dry	root	Fabaceae	ORNL	Lespedeza	Desmodieae	ORNL_047	Anderson	TN	no	35.9525	-84.219722	7/11/24	Mesorhizobium	Mesorhizobium_sp._WSM2240	88.889	39.1051	0	802
CLBJ-7-1-Ro|nifK|consensus50|pass_mixed_possible_multitemplate	CLBJ-7-1-Ro	D11	Neptunia lutea	6/13/24	0	0	Quarter	CLBJ-7	ethanol	root	Fabaceae	CLBJ	Neptunia	Mimosoideae	CLBJ_001_T	Wise	TX	yes	33.39787	-97.568339	4/30/24	Mesorhizobium	Mesorhizobium_sp._AaZ16	90.155	58.6252	0	1304
DELA-15-1-Ro|nifK|consensus50|pass_mixed_possible_multitemplate	DELA-15-1-Ro	D08	Lespedeza cuneata	3/3/25	0	0	Quarter	DELA-15	dry	root	Fabaceae	DELA	Lespedeza	Desmodieae	DELA_008	Green County	AL	no	32.53861	-87.81298	8/14/24	Mesorhizobium	Mesorhizobium_sp._AaZ16	91.52	58.8846	0	1360
DSNY-74-1-Ro|nifK|consensus50|pass_mixed_possible_multitemplate	DSNY-74-1-Ro	D03	Sesbania herbacea	3/3/25	0	0	Quarter	DSNY-74	dry	root	Fabaceae	DSNY	Sesbania	Sesbanieae	DSNY_010	Polk	Florida	yes	28.1204576	-81.4390507	20240904	Mesorhizobium	Mesorhizobium_sp._AaZ16	90.079	57.5227	0	1290
JERC-8-2-Rh|nifK|consensus50|pass_single_dominant	JERC-8-2-Rh	D03	Ceanothus microphyllus	7/15/24	0	0	Quarter	JERC-CEMI-8	dry	rhizosphere	Rhamnaceae	JERC	Ceanothus	actinorhizal	JERC_004	Baker County	Georgia	yes	31.1932787	-84.4666015	20240327	Mesorhizobium	Mesorhizobium_sp._AaZ16	94.111	58.3658	0	1404
OAES-30-2-No|nifK|consensus50|pass_mixed_possible_multitemplate	OAES-30-2-No	D11	Ceanothus herbaceus	6/10/24	0	0	Quarter	OAES-30	ethanol	nodule	Rhamnaceae	OAES	Ceanothus	actinorhizal	OAES_006_R	Washita	OK	yes	35.25165	-99.2881	4/23/24	Mesorhizobium	Mesorhizobium_sp._AaZ16	91.83	56.3554	0	1243
OSBS-1-2-No|nifK|consensus50|pass_single_dominant	OSBS-1-2-No	D03	Morella cerifera	8/14/24	0.695	33.36	Quarter	OSBS-MOCE-1	dry	nodule	Myricaceae	OSBS	Morella	actinorhizal	OSBS_011	Putnam	FL	yes	NA	NA	20240424	Mesorhizobium	Mesorhizobium_sp._AaZ16	91.621	58.8197	0	1319
OSBS-2-3-Ro|nifK|consensus50|pass_mixed_possible_multitemplate	OSBS-2-3-Ro	D03	Morella cerifera	8/14/24	12.55	602.4	Half	OSBS-MOCE-2	dry	root	Myricaceae	OSBS	Morella	actinorhizal	OSBS_011	Putnam	FL	yes	NA	NA	20240424	Mesorhizobium	Mesorhizobium_sp._AaZ16	92.308	58.1712	0	1351
DSNY-11-3-No|nifK|consensus50|pass_mixed_possible_multitemplate	DSNY-11-3-No	D03	Crotalaria pallida var. obovata	8/14/24	37.25	1788	Half	DSNY-CRPA-11	dry	nodule	Fabaceae	DSNY	Crotalaria	Crotalarieae	DSNY_044	Osceola	Florida	yes	28.12693243	-81.43561487	20240320	Mesorhizobium	Mesorhizobium_sp._AaZ16	93.377	58.7549	0	1426
CLBJ-2-Rh|nifK|consensus50|pass_mixed_possible_multitemplate	CLBJ-2-Rh	D11	Dalea compacta	7/9/24	0	0	Quarter	CLBJ-2	dry	rhizosphere	Fabaceae	CLBJ	Dalea	Amorpheae	CLBJ_001_T	Wise	TX	yes	33.23888	-97.34109	3/20/24	Mesorhizobium	Mesorhizobium_sp._AaZ16	93.187	59.0143	0	1373
CLBJ-5-2-Ro|nifK|consensus50|pass_mixed_possible_multitemplate	CLBJ-5-2-Ro	D11	Astragalus lotiflorus	7/9/24	0.4915	23.592	Quarter	CLBJ-5	dry	root	Fabaceae	CLBJ	Astragalus	Galegeae	CLBJ_036R	Wise	TX	yes	33.32951	-97.58059	3/21/24	Mesorhizobium	Mesorhizobium_sp._WSM2240	88.767	58.8846	0	1245
CLBJ-5-2-No|nifK|consensus50|pass_single_dominant	CLBJ-5-2-No	D11	Astragalus lotiflorus	7/9/24	2.79	133.92	Quarter	CLBJ-5	dry	nodule	Fabaceae	CLBJ	Astragalus	Galegeae	CLBJ_036R	Wise	TX	yes	33.32951	-97.58059	3/21/24	Mesorhizobium	Mesorhizobium_sp._AaZ16	93.32	100	0	2302
CLBJ-5-2-Rh|nifK|consensus50|pass_mixed_possible_multitemplate	CLBJ-5-2-Rh	D11	Astragalus lotiflorus	7/9/24	1.28	61.44	Quarter	CLBJ-5	dry	rhizosphere	Fabaceae	CLBJ	Astragalus	Galegeae	CLBJ_036R	Wise	TX	yes	33.32951	-97.58059	3/21/24	Mesorhizobium	Mesorhizobium_sp._WSM2240	92.519	58.9494	0	1373
DELA-24-1-No|nifK|consensus50|pass_mixed_possible_multitemplate	DELA-24-1-No	D08	Desmodium perplexum	3/3/25	4.095	196.56	Quarter	DELA-24	dry	nodule	Fabaceae	DELA	Desmodium	Desmodieae	DELA_041	Green County	AL	yes	32.53927	-87.80968	8/14/24	Mesorhizobium	Mesorhizobium_sp._AaZ16	95.076	34.2412	0	854
DSNY-69-1-No|nifK|consensus50|pass_mixed_possible_multitemplate	DSNY-69-1-No	D03	Chamaecrista nictitans	2/24/25	2.985	143.28	Quarter	DSNY-69	dry	nodule	Fabaceae	DSNY	Chamaecrista	Cassieae	DSNY_043	Polk	Florida	yes	28.1252617	-81.4363446	20240904	Mesorhizobium	Mesorhizobium_sp._AaZ16	95.841	34.3061	0	878
JERC-122-No|nifK|consensus50|pass_mixed_possible_multitemplate	JERC-122-No	D03	Lespedeza stuevei	2/25/25	0.2465	11.832	Quarter	JERC-122	dry	nodule	Fabaceae	JERC	Lespedeza	Desmodieae	JERC_003	Baker County	Georgia	yes	31.196299	-84.473555	20240730	Mesorhizobium	Mesorhizobium_sp._AaZ16	92.633	41.3748	0	935
JERC-121-No|nifK|consensus50|pass_mixed_possible_multitemplate	JERC-121-No	D03	Desmodium paniculatum	2/25/25	0	0	Quarter	JERC-121	dry	nodule	Fabaceae	JERC	Desmodium	Desmodieae	JERC_003	Baker County	Georgia	yes	31.19626	-84.473484	20240730	Mesorhizobium	Mesorhizobium_sp._AaZ16	90	54.4747	0	1123
OAES-11-1-No|nifK|consensus50|pass_single_dominant	OAES-11-1-No	D11	Astragalus latiflorus	7/9/24	16.75	804	Half	OAES-11	ethanol	nodule	Fabaceae	OAES	Astragalus	Galegeae	OAES_001_R	Washita	OK	yes	35.41269	-99.05826	4/3/24	Mesorhizobium	Mesorhizobium_sp._AaZ16	94.719	58.9494	0	1443
OAES-11-1-Rh|nifK|consensus50|pass_mixed_possible_multitemplate	OAES-11-1-Rh	D11	Astragalus latiflorus	7/9/24	0.2745	13.176	Quarter	OAES-11	ethanol	rhizosphere	Fabaceae	OAES	Astragalus	Galegeae	OAES_001_R	Washita	OK	yes	35.41269	-99.05826	4/3/24	Mesorhizobium	Mesorhizobium_sp._WSM2240	92.952	58.8846	0	1391
DSNY-75-1-Ro|nifK|consensus50|pass_mixed_possible_multitemplate	DSNY-75-1-Ro	D03	Chamaecrista nictitans	3/3/25	0	0	Quarter	DSNY-75	dry	root	Fabaceae	DSNY	Chamaecrista	Cassieae	DSNY_010	Polk	Florida	yes	28.1137669	-81.4352667	20240904	Mesorhizobium	Mesorhizobium_sp._AaZ16	94.157	38.8457	0	957
DEJU-3-1-Ro|nifK|consensus50|pass_mixed_possible_multitemplate	DEJU-3-1-Ro	D19	Lupinus arcticus	2/25/25	2.855	137.04	Quarter	DEJU-3	ethanol	root	Fabaceae	DEJU	Lupinus	Genisteae	DEJU_014	NA	Alaska	yes	NA	NA	NA	Mesorhizobium	Mesorhizobium_sp._WSM2240	92.623	39.559	0	905
JERC-121-Ro|nifK|consensus50|pass_mixed_possible_multitemplate	JERC-121-Ro	D03	Desmodium paniculatum	2/25/25	0.056	2.688	Quarter	JERC-121	dry	root	Fabaceae	JERC	Desmodium	Desmodieae	JERC_003	Baker County	Georgia	yes	31.19626	-84.473484	20240730	Mesorhizobium	Mesorhizobium_sp._AaZ16	93.713	33.0091	0	795
OSBS-6-1-No|nifK|consensus50|pass_single_dominant	OSBS-6-1-No	D03	Morella cerifera	8/14/24	0.1325	6.36	Quarter	OSBS-MOCE-6	dry	nodule	Myricaceae	OSBS	Morella	actinorhizal	OSBS_005	Putnam	FL	yes	NA	NA	20240424	Mesorhizobium	Mesorhizobium_sp._WSM2240	93.939	51.3619	0	1227
DSNY-76-1-Rh|nifK|consensus50|pass_mixed_possible_multitemplate	DSNY-76-1-Rh	D03	Chamaecrista fasciculata	3/3/25	0.9885	47.448	Quarter	DSNY-76	dry	rhizosphere	Fabaceae	DSNY	Chamaecrista	Cassieae	DSNY_010	Polk	Florida	yes	28.1137669	-81.4352667	20240904	Mesorhizobium	Mesorhizobium_sp._WSM2240	88.309	57.1336	0	1184
OAES-11-1-Ro|nifK|consensus50|pass_single_dominant	OAES-11-1-Ro	D11	Astragalus latiflorus	7/9/24	1.03	49.44	Quarter	OAES-11	ethanol	root	Fabaceae	OAES	Astragalus	Galegeae	OAES_001_R	Washita	OK	yes	35.41269	-99.05826	4/3/24	Mesorhizobium	Mesorhizobium_sp._AaZ16	96.557	41.4397	0	1072
DELA-18-2-Ro|nifK|consensus50|pass_mixed_possible_multitemplate	DELA-18-2-Ro	D08	Galactia volubilis	3/3/25	0.4565	21.912	Quarter	DELA-18	dry	root	Fabaceae	DELA	Galactia	Diocleae	DELA_008	Green County	AL	yes	32.53861	-87.81298	8/14/24	Mesorhizobium	Mesorhizobium_sp._AaZ16	93.881	40.2724	0	983
CLBJ-49-1-Ro|nifK|consensus50|pass_mixed_possible_multitemplate	CLBJ-49-1-Ro	D11	Senna roemeriana	2/19/25	2.73	131.04	Quarter	CLBJ-49	ethanol	root	Fabaceae	CLBJ	Senna	Cassieae	CLBJ_034_R	Wise	TX	yes	33.19277	-97.34642	9/5/24	Mesorhizobium	Mesorhizobium_sp._WSM2240	92.04	39.1051	0	867
CLBJ-7-1-Rh|nifK|consensus50|pass_mixed_possible_multitemplate	CLBJ-7-1-Rh	D11	Neptunia lutea	6/13/24	0	0	Quarter	CLBJ-7	ethanol	rhizosphere	Fabaceae	CLBJ	Neptunia	Mimosoideae	CLBJ_001_T	Wise	TX	yes	33.39787	-97.568339	4/30/24	Mesorhizobium	Mesorhizobium_sp._WSM2240	88.754	58.8197	0	1164
JERC-RHRE-55-1-Rh|nifK|consensus50|pass_mixed_possible_multitemplate	JERC-RHRE-55-1-Rh	D03	Rhynchosia reniformis	12/4/24	0	0	Quarter	JERC-55	dry	rhizosphere	Fabaceae	JERC	Rhynchosia	Phaseoleae	JERC_050	Baker County	Georgia	yes	NA	NA	20240618	Sinorhizobium	Sinorhizobium_meliloti_(Rhizobium_meliloti)	84.545	99.8703	0	1762
OAES-21-3-Ro|nifK|consensus50|pass_mixed_possible_multitemplate	OAES-21-3-Ro	D11	Astragalus plattensis	6/4/24	0	0	Quarter	OAES-21	ethanol	root	Fabaceae	OAES	Astragalus	Galegeae	OAES_012_R	Washita	OK	yes	35.402943	-99.064829	4/16/24	Sinorhizobium	Sinorhizobium_meliloti_(Rhizobium_meliloti)	86.658	97.2114	0	1757
DSNY-12-2-Ro|nifK|consensus50|pass_mixed_possible_multitemplate	DSNY-12-2-Ro	D03	Crotalaria pallida var. obovata	8/14/24	0.3325	15.96	Quarter	DSNY-CRPA-12	dry	root	Fabaceae	DSNY	Crotalaria	Crotalarieae	DSNY_044	Osceola	Florida	yes	28.12693243	-81.43561487	20240320	Mesorhizobium	Mesorhizobium_sp._WSM2240	86.207	56.4202	0	1079
JERC-20-1-Rh|nifK|consensus50|pass_mixed_possible_multitemplate	JERC-20-1-Rh	D03	Lespedeza hirta	8/14/24	0.085	4.08	Quarter	JERC-LEHI2-20	dry	rhizosphere	Fabaceae	JERC	Lespedeza	Desmodieae	JERC_006	Baker County	Georgia	yes	NA	NA	20240529	Mesorhizobium	Mesorhizobium_sp._WSM2240	84.677	57.1336	0	1057
OSBS-14-3-Rh|nifK|consensus50|pass_single_dominant	OSBS-14-3-Rh	D03	Tephrosia virginiana	8/19/24	0.062	2.976	Quarter	OSBS-TEVI-14	dry	rhizosphere	Fabaceae	OSBS	Tephrosia	Millettieae	OSBS_026	Putnam	FL	yes	NA	NA	20240521	Mesorhizobium	Mesorhizobium_sp._WSM2240	90.894	39.1699	0	846
JERC-98-4-Ro|nifK|consensus50|pass_mixed_possible_multitemplate	JERC-98-4-Ro	D03	Lespedeza cuneata	2/24/25	0.8245	39.576	Quarter	JERC-98	dry	root	Fabaceae	JERC	Lespedeza	Desmodieae	JERC_034	Baker County	Georgia	no	31.26611111	-84.59333333	20240625	Mesorhizobium	Mesorhizobium_sp._WSM2240	96.895	39.6887	0	1031
OSBS-80-2-No|nifK|consensus50|pass_single_dominant	OSBS-80-2-No	D03	Desmodium strictum	2/21/25	0	0	Quarter	OSBS-80	dry	nodule	Fabaceae	OSBS	Desmodium	Desmodieae	OSBS_004	Putnam	FL	yes	NA	NA	20240822	Mesorhizobium	Mesorhizobium_sp._WSM2240	95.581	39.6239	0	979
JERC-122-Ro|nifK|consensus50|pass_single_dominant	JERC-122-Ro	D03	Lespedeza stuevei	2/25/25	0	0	Quarter	JERC-122	dry	root	Fabaceae	JERC	Lespedeza	Desmodieae	JERC_003	Baker County	Georgia	yes	31.196299	-84.473555	20240730	Mesorhizobium	Mesorhizobium_sp._WSM2240	94.03	39.1051	0	926
OAES-30-2-Rh|nifK|consensus50|pass_single_dominant	OAES-30-2-Rh	D11	Ceanothus herbaceus	6/10/24	0	0	Quarter	OAES-30	ethanol	rhizosphere	Rhamnaceae	OAES	Ceanothus	actinorhizal	OAES_006_R	Washita	OK	yes	35.25165	-99.2881	4/23/24	Mesorhizobium	Mesorhizobium_sp._WSM2240	94.279	58.9494	0	1393
CLBJ-50-3-Ro|nifK|consensus50|pass_mixed_possible_multitemplate	CLBJ-50-3-Ro	D11	Dalea multiflora	2/19/25	0.843	40.464	Quarter	CLBJ-50	ethanol	root	Fabaceae	CLBJ	Dalea	Amorpheae	CLBJ_034_R	Wise	TX	yes	33.19259	-97.34659	9/5/24	Mesorhizobium	Mesorhizobium_sp._AaZ16	92.006	41.3748	0	935
CLBJ-9-1-Rh|nifK|consensus50|pass_mixed_possible_multitemplate	CLBJ-9-1-Rh	D11	Lespedeza procumbens	6/13/24	0	0	Quarter	CLBJ-9	ethanol	rhizosphere	Fabaceae	CLBJ	Lespedeza	Desmodieae	CLBJ_001_T	Wise	TX	yes	33.39787	-97.568339	4/30/24	Mesorhizobium	Mesorhizobium_sp._WSM2240	93.035	39.1051	0	918
OAES-26-1-Rh|nifK|consensus50|pass_mixed_possible_multitemplate	OAES-26-1-Rh	D11	Astragalus lotiflorus	6/4/24	0	0	Quarter	OAES-26	ethanol	rhizosphere	Fabaceae	OAES	Astragalus	Galegeae	OAES_007_R	Washita	OK	yes	35.419991	-99.0567264	4/17/24	Mesorhizobium	Mesorhizobium_sp._AaZ16	93.042	57.7821	0	1354
OAES-26-1-Ro|nifK|consensus50|pass_single_dominant	OAES-26-1-Ro	D11	Astragalus lotiflorus	6/4/24	0	0	Quarter	OAES-26	ethanol	root	Fabaceae	OAES	Astragalus	Galegeae	OAES_007_R	Washita	OK	yes	35.419991	-99.0567264	4/17/24	Mesorhizobium	Mesorhizobium_sp._AaZ16	94.604	58.8846	0	1435
OAES-26-1-No|nifK|consensus50|pass_single_dominant	OAES-26-1-No	D11	Astragalus lotiflorus	6/4/24	1.915	379.17	Half	OAES-26	ethanol	nodule	Fabaceae	OAES	Astragalus	Galegeae	OAES_007_R	Washita	OK	yes	35.419991	-99.0567264	4/17/24	Mesorhizobium	Mesorhizobium_sp._AaZ16	94.389	58.9494	0	1430
OAES-23-1-Ro|nifK|consensus50|pass_single_dominant	OAES-23-1-Ro	D11	Astragalus lotiflorus	6/4/24	0	0	Quarter	OAES-23	ethanol	root	Fabaceae	OAES	Astragalus	Galegeae	OAES_012_R	Washita	OK	yes	35.402943	-99.064829	4/16/24	Microvirga	Microvirga_sp._KLBC_81	87.103	100.0649	0	1773
OAES-34-1-No|nifK|consensus50|pass_single_dominant	OAES-34-1-No	D11	Astragalus lotiflorus	6/13/24	1.22	241.56	Quarter	OAES-34	ethanol	nodule	Fabaceae	OAES	Astragalus	Galegeae	OAES_004_M	Washita	OK	yes	32.2479	-99.5007	4/24/24	Mesorhizobium	Mesorhizobium_sp._AaZ16	94.945	59.0143	0	1458
OAES-10-1-No|nifK|consensus50|pass_mixed_possible_multitemplate	OAES-10-1-No	D11	Astragalus lotiflorus	7/9/24	26.4	1267.2	Half	OAES-10	ethanol	nodule	Fabaceae	OAES	Astragalus	Galegeae	OAES_044_T	Washita	OK	yes	35.24194	-99.33471	4/2/24	Mesorhizobium	Mesorhizobium_sp._AaZ16	96.25	41.5045	0	1074
OAES-10-1-Ro|nifK|consensus50|pass_single_dominant	OAES-10-1-Ro	D11	Astragalus lotiflorus	7/9/24	0.065	3.12	Quarter	OAES-10	ethanol	root	Fabaceae	OAES	Astragalus	Galegeae	OAES_044_T	Washita	OK	yes	35.24194	-99.33471	4/2/24	Mesorhizobium	Mesorhizobium_sp._AaZ16	94.939	58.9494	0	1458
DSNY-CLFR-60-Rh|nifK|consensus50|pass_single_dominant	DSNY-CLFR-60-Rh	D03	Macroptilium lathyroides	2/27/25	0	0	Quarter	DSNY-CLFR-60	dry	rhizosphere	Fabaceae	DSNY	Sesbania	Sesbanieae	DSNY_021	Polk	Florida	yes	28.0490055	-81.4001861	20240821	Mesorhizobium	Mesorhizobium_sp._AaZ16	96.97	29.9611	0	776
JERC-161-No|nifK|consensus50|pass_single_dominant	JERC-161-No	D03	Rhynchosia tomentosa	2/27/25	0	0	Quarter	JERC-161	dry	nodule	Fabaceae	JERC	Rhynchosia	Phaseoleae	JERC_019	Baker County	Georgia	yes	NA	NA	20241003	Mesorhizobium	Mesorhizobium_sp._WSM2240	93.396	34.3709	0	785
ORNL-18-1-No|nifK|consensus50|pass_single_dominant	ORNL-18-1-No	D07	Lespedeza repens	2/25/24	0	0	Quarter	ORNL-18	dry	nodule	Fabaceae	ORNL	Lespedeza	Desmodieae	ORNL_010	Anderson	TN	yes	35.953333	-84.3325	7/11/24	Mesorhizobium	Mesorhizobium_sp._AaZ16	95.611	41.3748	0	1037
OAES-12-2-No|nifK|consensus50|pass_single_dominant	OAES-12-2-No	D11	Astragalus missouriensis	7/9/24	19.9	955.2	Half	OAES-12	ethanol	nodule	Fabaceae	OAES	Astragalus	Galegeae	OAES_001_R	Washita	OK	yes	35.41269	-99.05826	4/3/24	Mesorhizobium	Mesorhizobium_sp._AaZ16	97.031	41.5045	0	1077
OAES-12-2-Ro|nifK|consensus50|pass_single_dominant	OAES-12-2-Ro	D11	Astragalus missouriensis	7/9/24	1.025	49.2	Quarter	OAES-12	ethanol	root	Fabaceae	OAES	Astragalus	Galegeae	OAES_001_R	Washita	OK	yes	35.41269	-99.05826	4/3/24	Mesorhizobium	Mesorhizobium_sp._AaZ16	97.031	41.5045	0	1077
JERC-6-3-Rh|nifK|consensus50|pass_single_dominant	JERC-6-3-Rh	D03	Vicia sativa	7/15/24	0	0	Quarter	JERC-VISA-6	dry	rhizosphere	Fabaceae	JERC	Vicia	Fabeae	JERC_012	Baker County	Georgia	no	31.189973	-84.446402	20240320	Mesorhizobium	Mesorhizobium_sp._WSM2240	92.56	51.4267	0	1179
OAES-12-2-Rh|nifK|consensus50|pass_mixed_possible_multitemplate	OAES-12-2-Rh	D11	Astragalus missouriensis	7/9/24	0	0	Quarter	OAES-12	ethanol	rhizosphere	Fabaceae	OAES	Astragalus	Galegeae	OAES_001_R	Washita	OK	yes	35.41269	-99.05826	4/3/24	Mesorhizobium	Mesorhizobium_sp._WSM2240	93.282	58.8846	0	1402
OAES-33-1-Rh|nifK|consensus50|pass_single_dominant	OAES-33-1-Rh	D11	Astragalus missouriensis	6/13/24	0	0	Quarter	OAES-33	ethanol	rhizosphere	Fabaceae	OAES	Astragalus	Galegeae	OAES_004_R	Washita	OK	yes	35.41213	-99.085338	4/24/24	Mesorhizobium	Mesorhizobium_sp._AaZ16	93.206	37.2244	0	845
OSBS-7-4-Rh|nifK|consensus50|pass_single_dominant	OSBS-7-4-Rh	D03	Galactia elliottii	8/14/24	0.072	3.456	Quarter	OSBS-GAEL-7	dry	rhizosphere	Fabaceae	OSBS	Galactia	Diocleae	OSBS_016	Putnam	FL	yes	NA	NA	20240424	Mesorhizobium	Mesorhizobium_sp._AaZ16	92.993	54.6044	0	1234
DSNY-75-1-Rh|nifK|consensus50|pass_mixed_possible_multitemplate	DSNY-75-1-Rh	D03	Chamaecrista nictitans	3/3/25	0	0	Quarter	DSNY-75	dry	rhizosphere	Fabaceae	DSNY	Chamaecrista	Cassieae	DSNY_010	Polk	Florida	yes	28.1137669	-81.4352667	20240904	Mesorhizobium	Mesorhizobium_sp._AaZ16	94.493	58.8846	0	1465
CPER-1-No|nifK|consensus50|pass_single_dominant	CPER-1-No	D10	Astragalus bisulcatus	4/24/25	0	0	Quarter	CPER-1	dry	nodule	Fabaceae	CPER	Astragalus	Galegeae	CPER_012	Weld	CO	yes	NA	NA	6/13/24	Mesorhizobium	Mesorhizobium_sp._WSM2240	95.966	38.5863	0	970
OAES-27-2-No|nifK|consensus50|pass_single_dominant	OAES-27-2-No	D11	Oxytropis lambertii	6/10/24	0	0	Quarter	OAES-27	ethanol	nodule	Fabaceae	OAES	Oxytropis	Galegeae	OAES_006_R	Washita	OK	yes	35.420259	-99.048669	4/17/24	Mesorhizobium	Mesorhizobium_sp._AaZ16	94.059	97.1466	0	2298
OAES-27-2-Ro|nifK|consensus50|pass_mixed_possible_multitemplate	OAES-27-2-Ro	D11	Oxytropis lambertii	6/10/24	0	0	Quarter	OAES-27	ethanol	root	Fabaceae	OAES	Oxytropis	Galegeae	OAES_006_R	Washita	OK	yes	35.420259	-99.048669	4/17/24	Microvirga	Microvirga_lotononidis	86.728	98.703	0	1742
OAES-29-1-No|nifK|consensus50|pass_single_dominant	OAES-29-1-No	D11	Astragalus lotiflorus	6/10/24	0	0	Quarter	OAES-29	ethanol	nodule	Fabaceae	OAES	Astragalus	Galegeae	OAES_006_R	Washita	OK	yes	35.420259	-99.048669	4/17/24	Mesorhizobium	Mesorhizobium_sp._AaZ16	94.459	97.1466	0	2350
OSBS-5-5-No|nifK|consensus50|pass_mixed_possible_multitemplate	OSBS-5-5-No	D03	Morella cerifera	8/14/24	11.3	542.4	Half	OSBS-MOCE-5	dry	nodule	Myricaceae	OSBS	Morella	actinorhizal	OSBS_016	Putnam	FL	yes	NA	NA	20240424	Mesorhizobium	Mesorhizobium_sp._AaZ16	91.373	57.1336	0	1297
DELA-18-2-No|nifK|consensus50|pass_mixed_possible_multitemplate	DELA-18-2-No	D08	Galactia volubilis	3/3/25	0.11	5.28	Quarter	DELA-18	dry	nodule	Fabaceae	DELA	Galactia	Diocleae	DELA_008	Green County	AL	yes	32.53861	-87.81298	8/14/24	Mesorhizobium	Mesorhizobium_sp._AaZ16	93.8	56.4851	0	1384
DELA-20-1-No|nifK|consensus50|pass_mixed_possible_multitemplate	DELA-20-1-No	D08	Galactia volubilis	3/3/25	0	0	Quarter	DELA-20	NA	nodule	Fabaceae	DELA	Galactia	Diocleae	DELA_008	Green County	AL	yes	32.53861	-87.81298	8/14/24	Mesorhizobium	Mesorhizobium_sp._AaZ16	94.094	31.8418	0	784
DELA-20-1-Ro|nifK|consensus50|pass_mixed_possible_multitemplate	DELA-20-1-Ro	D08	Galactia volubilis	3/3/25	0	0	Quarter	DELA-20	NA	root	Fabaceae	DELA	Galactia	Diocleae	DELA_008	Green County	AL	yes	32.53861	-87.81298	8/14/24	Mesorhizobium	Mesorhizobium_sp._WSM2240	88.949	35.7977	0	752
DELA-13-1-No|nifK|consensus50|pass_mixed_possible_multitemplate	DELA-13-1-No	D08	Hylodesmum pauciflorum	3/3/25	0	0	Quarter	DELA-13	NA	nodule	Fabaceae	DELA	Desmodium	Desmodieae	DELA_046	Green County	AL	yes	32.54141	-87.80523	8/14/24	Mesorhizobium	Mesorhizobium_sp._AaZ16	93.553	41.2451	0	1009
DELA-15-1-Rh|nifK|consensus50|pass_mixed_possible_multitemplate	DELA-15-1-Rh	D08	Lespedeza cuneata	3/3/25	0	0	Quarter	DELA-15	dry	rhizosphere	Fabaceae	DELA	Lespedeza	Desmodieae	DELA_008	Green County	AL	no	32.53861	-87.81298	8/14/24	Mesorhizobium	Mesorhizobium_sp._AaZ16	91.951	58.8197	0	1373
DSNY-10-3-No|nifK|consensus50|pass_single_dominant	DSNY-10-3-No	D03	Crotalaria spectabilis	8/14/24	20.9	1003.2	Half	DSNY-CRSP-10	dry	nodule	Fabaceae	DSNY	Crotalaria	Crotalarieae	DSNY_044	Osceola	Florida	no	28.1264253	-81.4359074	20240320	Mesorhizobium	Mesorhizobium_sp._AaZ16	94.059	58.9494	0	1439
DELA-13-1-Rh|nifK|consensus50|pass_mixed_possible_multitemplate	DELA-13-1-Rh	D08	Hylodesmum pauciflorum	3/3/25	0	0	Quarter	DELA-13	NA	rhizosphere	Fabaceae	DELA	Desmodium	Desmodieae	DELA_046	Green County	AL	yes	32.54141	-87.80523	8/14/24	Mesorhizobium	Mesorhizobium_sp._AaZ16	91.534	52.8534	0	1210
DELA-18-2-Rh|nifK|consensus50|pass_mixed_possible_multitemplate	DELA-18-2-Rh	D08	Galactia volubilis	3/3/25	0	0	Quarter	DELA-18	dry	rhizosphere	Fabaceae	DELA	Galactia	Diocleae	DELA_008	Green County	AL	yes	32.53861	-87.81298	8/14/24	Mesorhizobium	Mesorhizobium_sp._WSM2240	83.613	46.3035	0	817
DELA-14-2-Rh|nifK|consensus50|pass_mixed_possible_multitemplate	DELA-14-2-Rh	D08	Desmodium perplexum	3/3/25	0	0	Quarter	DELA-14	dry	rhizosphere	Fabaceae	DELA	Desmodium	Desmodieae	DELA_008	Green County	AL	yes	32.53861	-87.81298	8/14/24	Mesorhizobium	Mesorhizobium_sp._AaZ16	93.073	58.0415	0	1404
DELA-14-2-Ro|nifK|consensus50|pass_mixed_possible_multitemplate	DELA-14-2-Ro	D08	Desmodium perplexum	3/3/25	0	0	Quarter	DELA-14	dry	root	Fabaceae	DELA	Desmodium	Desmodieae	DELA_008	Green County	AL	yes	32.53861	-87.81298	8/14/24	Mesorhizobium	Mesorhizobium_sp._AaZ16	92.898	56.6148	0	1356
DELA-20-1-Rh|nifK|consensus50|pass_mixed_possible_multitemplate	DELA-20-1-Rh	D08	Galactia volubilis	3/3/25	0	0	Quarter	DELA-20	NA	rhizosphere	Fabaceae	DELA	Galactia	Diocleae	DELA_008	Green County	AL	yes	32.53861	-87.81298	8/14/24	Mesorhizobium	Mesorhizobium_sp._AaZ16	91.859	58.9494	0	1339
DSNY-74-1-Rh|nifK|consensus50|pass_mixed_possible_multitemplate	DSNY-74-1-Rh	D03	Sesbania herbacea	3/3/25	0	0	Quarter	DSNY-74	dry	rhizosphere	Fabaceae	DSNY	Sesbania	Sesbanieae	DSNY_010	Polk	Florida	yes	28.1204576	-81.4390507	20240904	Mesorhizobium	Mesorhizobium_sp._AaZ16	96.405	39.6887	0	1026
OSBS-2-3-No|nifK|consensus50|pass_mixed_possible_multitemplate	OSBS-2-3-No	D03	Morella cerifera	8/14/24	7.39	354.72	Half	OSBS-MOCE-2	dry	nodule	Myricaceae	OSBS	Morella	actinorhizal	OSBS_011	Putnam	FL	yes	NA	NA	20240424	Mesorhizobium	Mesorhizobium_sp._AaZ16	93.43	58.2361	0	1411
DELA-10-2-No|nifK|consensus50|pass_mixed_possible_multitemplate	DELA-10-2-No	D08	Desmodium perplexum	3/3/25	0.179	8.592	Quarter	DELA-10	dry	nodule	Fabaceae	DELA	Desmodium	Desmodieae	DELA_027	Green County	AL	yes	32.538485	-87.809529	8/13/24	Mesorhizobium	Mesorhizobium_sp._WSM2240	92.2	55.7069	0	1291
DELA-14-2-No|nifK|consensus50|pass_mixed_possible_multitemplate	DELA-14-2-No	D08	Desmodium perplexum	3/3/25	2.065	99.12	Quarter	DELA-14	dry	nodule	Fabaceae	DELA	Desmodium	Desmodieae	DELA_008	Green County	AL	yes	32.53861	-87.81298	8/14/24	Mesorhizobium	Mesorhizobium_sp._AaZ16	94.192	41.31	0	1020
DELA-15-1-No|nifK|consensus50|pass_mixed_possible_multitemplate	DELA-15-1-No	D08	Lespedeza cuneata	3/3/25	0	0	Quarter	DELA-15	dry	nodule	Fabaceae	DELA	Lespedeza	Desmodieae	DELA_008	Green County	AL	no	32.53861	-87.81298	8/14/24	Mesorhizobium	Mesorhizobium_sp._AaZ16	95.498	40.3372	0	1022
CLBJ-19-1-No|nifK|consensus50|pass_mixed_possible_multitemplate	CLBJ-19-1-No	D11	Stylosanthes biflora	6/20/24	5.495	263.76	Half	CLBJ-19	dry	nodule	Fabaceae	CLBJ	Stylosanthes	Dalbergieae	CLBJ_003_T	Wise	TX	yes	33.403989	-97.572744	5/8/24	Mesorhizobium	Mesorhizobium_sp._AaZ16	92.519	58.9494	0	1393
OSBS-4-3-No|nifK|consensus50|pass_mixed_possible_multitemplate	OSBS-4-3-No	D03	Morella cerifera	8/14/24	9.745	467.76	Half	OSBS-MOCE-4	dry	nodule	Myricaceae	OSBS	Morella	actinorhizal	OSBS_048	Putnam	FL	yes	NA	NA	20240424	Mesorhizobium	Mesorhizobium_sp._AaZ16	94.377	58.8197	0	1459
DSNY-4-1-No|nifK|consensus50|pass_mixed_possible_multitemplate	DSNY-4-1-No	D03	Morella cerifera	8/14/24	29.25	1404	Half	DSNY-MOCE-4	dry	nodule	Myricaceae	DSNY	Morella	actinorhizal	DSNY_043	Osceola	Florida	yes	28.1232 N, -81.434871 W. WGS84.	NA	20240312	Mesorhizobium	Mesorhizobium_sp._AaZ16	93.819	58.7549	0	1439
DSNY-75-1-No|nifK|consensus50|pass_mixed_possible_multitemplate	DSNY-75-1-No	D03	Chamaecrista nictitans	3/3/25	0.0765	3.672	Quarter	DSNY-75	dry	nodule	Fabaceae	DSNY	Chamaecrista	Cassieae	DSNY_010	Polk	Florida	yes	28.1137669	-81.4352667	20240904	Mesorhizobium	Mesorhizobium_sp._AaZ16	93.793	56.4202	0	1384
CLBJ-15-1-No|nifK|consensus50|pass_mixed_possible_multitemplate	CLBJ-15-1-No	D11	Lespedeza procumbens	6/19/24	0.9465	45.432	Quarter	CLBJ-15	dry	nodule	Fabaceae	CLBJ	Lespedeza	Desmodieae	CLBJ_002_T	Wise	TX	yes	33.40398	-97.57114	5/8/24	Mesorhizobium	Mesorhizobium_sp._AaZ16	88.216	58.8846	0	1205
DELA-24-1-Rh|nifK|consensus50|pass_mixed_possible_multitemplate	DELA-24-1-Rh	D08	Desmodium perplexum	3/3/25	0	0	Quarter	DELA-24	dry	rhizosphere	Fabaceae	DELA	Desmodium	Desmodieae	DELA_041	Green County	AL	yes	32.53927	-87.80968	8/14/24	Mesorhizobium	Mesorhizobium_sp._AaZ16	91.17	56.5499	0	1280
JERC-12-1-Ro|nifK|consensus50|pass_single_dominant	JERC-12-1-Ro	D03	Ceanothus microphyllus	7/15/24	0	0	Quarter	JERC-CEMI-12	dry	root	Rhamnaceae	JERC	Ceanothus	actinorhizal	JERC_049	Baker County	Georgia	yes	NA	NA	20240327	Mesorhizobium	Mesorhizobium_sp._AaZ16	93.385	58.8197	0	1419
JERC-10-3-No|nifK|consensus50|pass_single_dominant	JERC-10-3-No	D03	Ceanothus microphyllus	7/15/24	0.1875	9	Quarter	JERC-CEMI-10	dry	nodule	Rhamnaceae	JERC	Ceanothus	actinorhizal	JERC_055	Baker County	Georgia	yes	NA	NA	20240327	Mesorhizobium	Mesorhizobium_sp._AaZ16	95.305	51.1025	0	1286
JERC-8-2-No|nifK|consensus50|pass_single_dominant	JERC-8-2-No	D03	Ceanothus microphyllus	7/15/24	0.2285	10.968	Quarter	JERC-CEMI-8	dry	nodule	Rhamnaceae	JERC	Ceanothus	actinorhizal	JERC_004	Baker County	Georgia	yes	31.1932787	-84.4666015	20240327	Mesorhizobium	Mesorhizobium_sp._AaZ16	95.7	58.8197	0	1495
JERC-11-1-Rh|nifK|consensus50|pass_single_dominant	JERC-11-1-Rh	D03	Ceanothus microphyllus	7/15/24	0	0	Quarter	JERC-CEMI-11	dry	rhizosphere	Rhamnaceae	JERC	Ceanothus	actinorhizal	JERC_049	Baker County	Georgia	yes	NA	NA	20240327	Mesorhizobium	Mesorhizobium_sp._AaZ16	95.369	58.8197	0	1480
OAES-28-1-No|nifK|consensus50|pass_single_dominant	OAES-28-1-No	D11	Astragalus missouriensis	6/10/24	6.21	1229.58	Half	OAES-28	ethanol	nodule	Fabaceae	OAES	Astragalus	Galegeae	OAES_006_R	Washita	OK	yes	35.420259	-99.048669	4/17/24	Mesorhizobium	Mesorhizobium_sp._AaZ16	97.69	58.9494	0	1563
OAES-9-1-No|nifK|consensus50|pass_single_dominant	OAES-9-1-No	D11	Astragalus missouriensis	7/9/24	0	0	Quarter	OAES-9	ethanol	nodule	Fabaceae	OAES	Astragalus	Galegeae	OAES_044_T	Washita	OK	yes	35.24131	-99.33629	4/2/24	Mesorhizobium	Mesorhizobium_sp._AaZ16	96.145	58.8846	0	1507
OAES-9-1-Rh|nifK|consensus50|pass_single_dominant	OAES-9-1-Rh	D11	Astragalus missouriensis	7/9/24	0.505	24.24	Quarter	OAES-9	ethanol	rhizosphere	Fabaceae	OAES	Astragalus	Galegeae	OAES_044_T	Washita	OK	yes	35.24131	-99.33629	4/2/24	Microvirga	Microvirga_sp._KLBC_81	87.151	99.9351	0	1766
JERC-11-1-No|nifK|consensus50|pass_mixed_possible_multitemplate	JERC-11-1-No	D03	Ceanothus microphyllus	7/15/24	0.0995	4.776	Quarter	JERC-CEMI-11	dry	nodule	Rhamnaceae	JERC	Ceanothus	actinorhizal	JERC_049	Baker County	Georgia	yes	NA	NA	20240327	Mesorhizobium	Mesorhizobium_sp._AaZ16	88.436	58.8846	0	1195
JERC-13-3-Rh|nifK|consensus50|pass_single_dominant	JERC-13-3-Rh	D03	Vicia sativa	7/15/24	0	0	Quarter	JERC-VISA-13	dry	rhizosphere	Fabaceae	JERC	Vicia	Fabeae	JERC_066	Baker County	Georgia	no	NA	NA	20240327	Mesorhizobium	Mesorhizobium_sp._AaZ16	91.814	58.6252	0	1297
JERC-7-2-No|nifK|consensus50|pass_single_dominant	JERC-7-2-No	D03	Baptisia alba	7/15/24	0.091	4.368	Quarter	JERC-BAAL-7	dry	nodule	Fabaceae	JERC	Baptisia	Sophoreae	JERC_008	Baker County	Georgia	yes	31.1859357	-84.4376644	20240327	Mesorhizobium	Mesorhizobium_sp._AaZ16	95.595	39.7536	0	983
JERC-RHDI-59-3-Rh|nifK|consensus50|pass_mixed_possible_multitemplate	JERC-RHDI-59-3-Rh	D03	Rhynchosia difformis	12/4/24	0.054	2.592	Quarter	JERC-59	dry	rhizosphere	Fabaceae	JERC	Rhynchosia	Phaseoleae	JERC_050	Baker County	Georgia	yes	NA	NA	20240618	Mesorhizobium	Mesorhizobium_sp._AaZ16	91.621	58.8197	0	1352
JORN-3-1-No|nifK|consensus50|pass_mixed_possible_multitemplate	JORN-3-1-No	D14	Dalea nana	8/19/24	0.173	8.304	Quarter	JORN-3	dry	nodule	Fabaceae	JORN	Dalea	Amorpheae	JORN_044	Dona Ana	New Mexico	yes	32.35367	-106.50498	4/20/24	Mesorhizobium	Mesorhizobium_sp._WSM2240	87.459	58.9494	0	1208
OAES-10-1-Rh|nifK|consensus50|pass_single_dominant	OAES-10-1-Rh	D11	Astragalus lotiflorus	7/9/24	0	0	Quarter	OAES-10	ethanol	rhizosphere	Fabaceae	OAES	Astragalus	Galegeae	OAES_044_T	Washita	OK	yes	35.24194	-99.33471	4/2/24	Mesorhizobium	Mesorhizobium_sp._AaZ16	93.157	58.7549	0	1373
JERC-167-Rh|nifK|consensus50|pass_single_dominant	JERC-167-Rh	D03	Galactia volubilis	2/27/25	0	0	Quarter	JERC-167	dry	rhizosphere	Fabaceae	JERC	Galactia	Diocleae	JERC_019	Baker County	Georgia	yes	NA	NA	20241003	Mesorhizobium	Mesorhizobium_sp._AaZ16	95.05	52.3995	0	1306
OSBS-12-1-Rh|nifK|consensus50|pass_single_dominant	OSBS-12-1-Rh	D03	Rhynchosia reniformis	8/14/24	0.1095	5.256	Quarter	OSBS-RHRE-12	dry	rhizosphere	Fabaceae	OSBS	Rhynchosia	Phaseoleae	OSBS_036	Putnam	FL	yes	NA	NA	20240521	Mesorhizobium	Mesorhizobium_sp._AaZ16	95.149	41.4397	0	1026
ORNL-12-1-No|nifK|consensus50|pass_mixed_possible_multitemplate	ORNL-12-1-No	D07	Lespedeza cuneata	2/25/24	0.067	3.216	Quarter	ORNL-12	dry	nodule	Fabaceae	ORNL	Lespedeza	Desmodieae	ORNL_047	Anderson	TN	no	35.9525	-84.219722	7/11/24	Mesorhizobium	Mesorhizobium_sp._AaZ16	91.607	45.5901	0	1035
JERC-127-2-Ro|nifK|consensus50|pass_single_dominant	JERC-127-2-Ro	D03	Desmodium obtusum	2/26/25	0	0	Quarter	JERC-127	dry	root	Fabaceae	JERC	Desmodium	Desmodieae	JERC_002	Baker County	Georgia	yes	31.1940087	-84.4604029	20240730	Mesorhizobium	Mesorhizobium_sp._AaZ16	92.587	46.3684	0	1057
JERC-98-1-Rh|nifK|consensus50|pass_single_dominant	JERC-98-1-Rh	D03	Lespedeza cuneata	2/24/25	0	0	Quarter	JERC-98	dry	rhizosphere	Fabaceae	JERC	Lespedeza	Desmodieae	JERC_034	Baker County	Georgia	no	31.26611111	-84.59333333	20240625	Mesorhizobium	Mesorhizobium_sp._AaZ16	96.75	33.917	0	872
JERC-25-1-Ro|nifK|consensus50|pass_mixed_possible_multitemplate	JERC-25-1-Ro	D03	Desmodium lineatum	2/17/25	0.5825	27.96	Quarter	JERC-25	dry	root	Fabaceae	JERC	Desmodium	Desmodieae	JERC_007	Baker County	Georgia	yes	NA	NA	20240603	Mesorhizobium	Mesorhizobium_sp._AaZ16	91.12	50.3891	0	1125
DSNY-66-1-Rh|nifK|consensus50|pass_single_dominant	DSNY-66-1-Rh	D03	Chamaecrista fasciculata	2/24/25	0	0	Quarter	DSNY-66	dry	rhizosphere	Fabaceae	DSNY	Chamaecrista	Cassieae	DSNY_003	Polk	Florida	yes	NA	NA	20240820	Mesorhizobium	Mesorhizobium_sp._AaZ16	92.291	58.0415	0	1312
JERC-119-Rh|nifK|consensus50|pass_single_dominant	JERC-119-Rh	D03	Desmodium marilandicum	2/25/25	0	0	Quarter	JERC-119	dry	rhizosphere	Fabaceae	JERC	Desmodium	Desmodieae	JERC_003	Baker County	Georgia	yes	31.196291	-84.47345	20240730	Mesorhizobium	Mesorhizobium_sp._AaZ16	90.98	58.2361	0	1271
OSBS-58-1-Ro|nifK|consensus50|pass_mixed_possible_multitemplate	OSBS-58-1-Ro	D03	Stylosanthes biflora	2/26/25	0	0	Quarter	OSBS-58	dry	root	Fabaceae	OSBS	Stylosanthes	Dalbergieae	OSBS_063	Putnam	FL	yes	NA	NA	20240618	Mesorhizobium	Mesorhizobium_sp._AaZ16	91.234	56.2257	0	1238
JERC-119-No|nifK|consensus50|pass_mixed_possible_multitemplate	JERC-119-No	D03	Desmodium marilandicum	2/25/25	0	0	Quarter	JERC-119	dry	nodule	Fabaceae	JERC	Desmodium	Desmodieae	JERC_003	Baker County	Georgia	yes	31.196291	-84.47345	20240730	Mesorhizobium	Mesorhizobium_sp._AaZ16	89.438	57.7173	0	1173
JERC-138-Rh|nifK|consensus50|pass_single_dominant	JERC-138-Rh	D03	Crotalaria purshii	2/17/25	0	0	Quarter	JERC-138	dry	rhizosphere	Fabaceae	JERC	Crotalaria	Crotalarieae	JERC_031	Baker County	Georgia	yes	NA	NA	20240821	Mesorhizobium	Mesorhizobium_sp._AaZ16	93.854	39.0402	0	907
JERC-98-4-No|nifK|consensus50|pass_single_dominant	JERC-98-4-No	D03	Lespedeza cuneata	2/24/25	0.0685	3.288	Quarter	JERC-98	dry	nodule	Fabaceae	JERC	Lespedeza	Desmodieae	JERC_034	Baker County	Georgia	no	31.26611111	-84.59333333	20240625	Mesorhizobium	Mesorhizobium_sp._AaZ16	93.384	34.3061	0	785
ORNL-18-1-Ro|nifK|consensus50|pass_single_dominant	ORNL-18-1-Ro	D07	Lespedeza repens	2/25/24	0	0	Quarter	ORNL-18	dry	root	Fabaceae	ORNL	Lespedeza	Desmodieae	ORNL_010	Anderson	TN	yes	35.953333	-84.3325	7/11/24	Mesorhizobium	Mesorhizobium_sp._AaZ16	95.489	34.5006	0	850
JERC-177-Rh|nifK|consensus50|pass_single_dominant	JERC-177-Rh	D03	Desmodium floridanum	2/26/25	0	0	Quarter	JERC-177	dry	rhizosphere	Fabaceae	JERC	Desmodium	Desmodieae	JERC_050	Baker County	Georgia	yes	NA	NA	20241028	Mesorhizobium	Mesorhizobium_sp._AaZ16	95.602	33.917	0	839
DSNY-7-1-Ro|nifK|consensus50|pass_mixed_possible_multitemplate	DSNY-7-1-Ro	D03	Morella pumila	8/14/24	0.1825	8.76	Quarter	DSNY-MOPU-7	dry	root	Myricaceae	DSNY	Morella	actinorhizal	DSNY_004	Osceola	Florida	yes	28.09974869	-81.39996247	20240319	Mesorhizobium	Mesorhizobium_sp._WSM2240	89.636	58.8197	0	1219
JERC-47-2-Rh|nifK|consensus50|pass_mixed_possible_multitemplate	JERC-47-2-Rh	D03	Indigofera hirsuta	12/4/24	0	0	Quarter	JERC-47	dry	rhizosphere	Fabaceae	JERC	Indigofera	Indigofereae	JERC_005	Baker County	Georgia	no	NA	NA	20240604	Mesorhizobium	Mesorhizobium_sp._WSM2240	88.175	50.454	0	996
DSNY-CRMA-33-1-No|nifK|consensus50|pass_mixed_possible_multitemplate	DSNY-CRMA-33-1-No	D03	Crotalaria maritima	9/18/24	0	0	Quarter	DSNY-CRMA-33	dry	nodule	Fabaceae	DSNY	Crotalaria	Crotalarieae	DSNY_001	Osceola	Florida	yes	NA	NA	20240402	Mesorhizobium	Mesorhizobium_sp._WSM2240	87.918	60.1167	0	1170
DSNY-69-1-Ro|nifK|consensus50|pass_mixed_possible_multitemplate	DSNY-69-1-Ro	D03	Chamaecrista nictitans	2/24/25	0.8315	39.912	Quarter	DSNY-69	dry	root	Fabaceae	DSNY	Chamaecrista	Cassieae	DSNY_043	Polk	Florida	yes	28.1252617	-81.4363446	20240904	Mesorhizobium	Mesorhizobium_sp._WSM2240	90.016	39.6239	0	863
JERC-49-2-Rh|nifK|consensus50|pass_single_dominant	JERC-49-2-Rh	D03	Stylosanthes biflora	12/4/24	0	0	Quarter	JERC-49	dry	rhizosphere	Fabaceae	JERC	Stylosanthes	Dalbergieae	JERC_002	Baker County	Georgia	yes	NA	NA	20240604	Mesorhizobium	Mesorhizobium_sp._WSM2240	91.549	41.4397	0	889
DSNY-70-1-Rh|nifK|consensus50|pass_mixed_possible_multitemplate	DSNY-70-1-Rh	D03	Indigofera hirsuta	2/24/25	0	0	Quarter	DSNY-70	dry	rhizosphere	Fabaceae	DSNY	Indigofera	Indigofereae	DSNY_043	Polk	Florida	no	28.1252617	-81.4363446	20240904	Mesorhizobium	Mesorhizobium_sp._WSM2240	91.847	38.9754	0	856
JERC-161-Rh|nifK|consensus50|pass_single_dominant	JERC-161-Rh	D03	Rhynchosia tomentosa	2/27/25	0	0	Quarter	JERC-161	dry	rhizosphere	Fabaceae	JERC	Rhynchosia	Phaseoleae	JERC_019	Baker County	Georgia	yes	NA	NA	20241003	Mesorhizobium	Mesorhizobium_sp._WSM2240	93.409	34.4358	0	789
JERC-175-1-No|nifK|consensus50|pass_single_dominant	JERC-175-1-No	D03	Desmodium ciliare	2/26/25	0	0	Quarter	JERC-175	dry	nodule	Fabaceae	JERC	Desmodium	Desmodieae	JERC_050	Baker County	Georgia	yes	NA	NA	20241018	Mesorhizobium	Mesorhizobium_sp._WSM2240	94.384	35.7977	0	848
JERC-172-2-Rh|nifK|consensus50|pass_single_dominant	JERC-172-2-Rh	D03	Desmodium paniculatum	2/26/25	0	0	Quarter	JERC-172	dry	rhizosphere	Fabaceae	JERC	Desmodium	Desmodieae	JERC_019	Baker County	Georgia	yes	NA	NA	20241003	Mesorhizobium	Mesorhizobium_sp._WSM2240	92.727	35.668	0	800
JERC-CLMA-62-5-Rh|nifK|consensus50|pass_single_dominant	JERC-CLMA-62-5-Rh	D03	Clitoria mariana	12/4/24	0	0	Quarter	JERC-62	dry	rhizosphere	Fabaceae	JERC	Clitoria	Phaseoleae	JERC_050	Baker County	Georgia	yes	NA	NA	20240618	Mesorhizobium	Mesorhizobium_sp._AaZ16	93.564	41.31	0	957
OSBS-18-5-Rh|nifK|consensus50|pass_mixed_possible_multitemplate	OSBS-18-5-Rh	D03	Tephrosia virginiana	8/19/24	0.206	9.888	Quarter	OSBS-TEVI-18	dry	rhizosphere	Fabaceae	OSBS	Tephrosia	Millettieae	OSBS_063	Putnam	FL	yes	NA	NA	20240521	Mesorhizobium	Mesorhizobium_sp._WSM2240	90.943	34.3709	0	728
ORNL-9-1-Ro|nifK|consensus50|pass_mixed_possible_multitemplate	ORNL-9-1-Ro	D07	Lespedeza cuneata	3/6/25	0	0	Quarter	ORNL-9	dry	root	Fabaceae	ORNL	Lespedeza	Desmodieae	ORNL_046	Anderson	TN	no	35.964444	-84.285833	7/9/24	Mesorhizobium	Mesorhizobium_sp._WSM2240	88.776	50.8431	0	1024
CLBJ-50-3-Rh|nifK|consensus50|pass_single_dominant	CLBJ-50-3-Rh	D11	Dalea multiflora	2/19/25	0	0	Quarter	CLBJ-50	ethanol	rhizosphere	Fabaceae	CLBJ	Dalea	Amorpheae	CLBJ_034_R	Wise	TX	yes	33.19259	-97.34659	9/5/24	Mesorhizobium	Mesorhizobium_sp._WSM2240	92.122	40.3372	0	878
LENO-3-2-Ro|nifK|consensus50|pass_mixed_possible_multitemplate	LENO-3-2-Ro	D08	Desmodium paniculatum	2/25/25	0.1485	7.128	Quarter	LENO-3	dry	root	Fabaceae	LENO	Desmodium	Desmodieae	LENO_005	Choctaw County	AL	yes	31.828025	-88.181692	6/19/24	Mesorhizobium	Mesorhizobium_sp._WSM2240	89.857	58.8197	0	1223
ORNL-1-1-Ro|nifK|consensus50|pass_mixed_possible_multitemplate	ORNL-1-1-Ro	D07	Elaeagnus umbellata	2/17/25	0.458	21.984	Quarter	ORNL-1	dry	root	Elaeagnaceae	ORNL	Elaeagnus	actinorhizal	ORNL_009	Anderson	TN	no	35.974444	-84.228056	5/15/24	Mesorhizobium	Mesorhizobium_sp._WSM2240	88.158	34.5006	0	669
CLBJ-16-2-No|nifK|consensus50|pass_single_dominant	CLBJ-16-2-No	D11	Lespedeza virginica	6/19/24	1.385	66.48	Quarter	CLBJ-16	dry	nodule	Fabaceae	CLBJ	Lespedeza	Desmodieae	CLBJ_003_T	Wise	TX	yes	33.403989	-97.572744	5/8/24	Mesorhizobium	Mesorhizobium_maamorense	90.958	35.8625	0	756
DSNY-2-1-No|nifK|consensus50|pass_mixed_possible_multitemplate	DSNY-2-1-No	D03	Lupinus floridanus	8/19/24	0	0	Quarter	DSNY-LUFL-2	dry	nodule	Fabaceae	DSNY	Lupinus	Genisteae	DSNY_017	Polk	Florida	yes	28.056984	-81.403242	20240312	Mesorhizobium	Mesorhizobium_sp._WSM2240	87.66	40.4669	0	763
DSNY-34-1-No|nifK|consensus50|pass_mixed_possible_multitemplate	DSNY-34-1-No	D03	Crotalaria maritima	9/18/24	0.1205	5.784	Quarter	DSNY-CRMA-34	dry	nodule	Fabaceae	DSNY	Crotalaria	Crotalarieae	DSNY_001	Osceola	Florida	yes	NA	NA	20240402	Mesorhizobium	Mesorhizobium_sp._WSM2240	88.99	50.0649	0	1003
LENO-3-2-No|nifK|consensus50|pass_mixed_possible_multitemplate	LENO-3-2-No	D08	Desmodium paniculatum	2/25/25	1.335	64.08	Quarter	LENO-3	dry	nodule	Fabaceae	LENO	Desmodium	Desmodieae	LENO_005	Choctaw County	AL	yes	31.828025	-88.181692	6/19/24	Mesorhizobium	Mesorhizobium_sp._WSM2240	88.655	55.4475	0	1109
DSNY-5-1-Ro|nifK|consensus50|pass_mixed_possible_multitemplate	DSNY-5-1-Ro	D03	Crotalaria maritima	8/14/24	4.655	223.44	Quarter	DSNY-CRMA-5	dry	root	Fabaceae	DSNY	Crotalaria	Crotalarieae	DSNY_006	Osceola	Florida	yes	28.09298025 N, -81.39932663 W. WGS84.	NA	20240312	Mesorhizobium	Mesorhizobium_sp._WSM2240	90.05	39.1051	0	806
BONA-4-No|nifK|consensus50|pass_mixed_possible_multitemplate	BONA-4-No	D19	Alnus viridis	3/3/25	6.52	312.96	Half	BONA-4	ethanol	nodule	Betulaceae	BONA	Alnus	actinorhizal	BONA_072	NA	Alaska	yes	NA	NA	20240829	Microvirga	Microvirga_sp._KLBC_81	87.5	35.7977	0	684
JERC-99-3-No|nifK|consensus50|pass_mixed_possible_multitemplate	JERC-99-3-No	D03	Lespedeza bicolor	2/24/25	29.15	1399.2	Half	JERC-99	dry	nodule	Fabaceae	JERC	Lespedeza	Desmodieae	JERC_034	Baker County	Georgia	no	31.2725	-84.58055556	20240625	Mesorhizobium	Mesorhizobium_sp._WSM2240	89.513	34.6304	0	697
HARV-4-1-No|nifK|consensus50|pass_single_dominant	HARV-4-1-No	D01	Apios americana	2/25/25	58	2784	Half	HARV-4	dry	nodule	Fabaceae	HARV	Apios	Phaseoleae	HARV_027	Worcester	MA	yes	42.42934	-72.24935	8/22/24	Sinorhizobium	Sinorhizobium_prairiense	89.312	35.7977	0	693
LENO-5-2-No|nifK|consensus50|pass_mixed_possible_multitemplate	LENO-5-2-No	D08	Amorpha fruticosa	2/25/25	42.7	2049.6	Half	LENO-5	dry	nodule	Fabaceae	LENO	Amorpha	Amorpheae	LENO_011	Choctaw County	AL	yes	31.825876	-88.182931	6/19/24	Sinorhizobium	Sinorhizobium_prairiense	86.813	59.0143	0	1064
JERC-AMFU-71-1-No|nifK|consensus50|pass_single_dominant	JERC-AMFU-71-1-No	D03	Amorpha fruticosa	12/4/24	0.3105	14.904	Quarter	JERC-71	dry	nodule	Fabaceae	JERC	Amorpha	Amorpheae	JERC_050	Baker County	Georgia	yes	NA	NA	20240618	Mesorhizobium	Mesorhizobium_maamorense	86.452	56.4851	0	994
JERC-AMFU-71-1-Ro|nifK|consensus50|pass_single_dominant	JERC-AMFU-71-1-Ro	D03	Amorpha fruticosa	12/4/24	0.315	15.12	Quarter	JERC-71	dry	root	Fabaceae	JERC	Amorpha	Amorpheae	JERC_050	Baker County	Georgia	yes	NA	NA	20240618	Mesorhizobium	Mesorhizobium_maamorense	85.499	55.9014	0	968
LENO-9-2-No|nifK|consensus50|pass_single_dominant	LENO-9-2-No	D08	Amorpha fruticosa	2/5/25	16.6	796.8	Half	LENO-9	ethanol	nodule	Fabaceae	LENO	Amorpha	Amorpheae	LENO_002	Choctaw County	AL	yes	31.806911	-88.193998	7/2/24	Mesorhizobium	Mesorhizobium_sp._RIZ17	86.328	57.393	0	1000
LENO-9-2-Rh|nifK|consensus50|pass_single_dominant	LENO-9-2-Rh	D08	Amorpha fruticosa	2/5/25	0.249	11.952	Quarter	LENO-9	ethanol	rhizosphere	Fabaceae	LENO	Amorpha	Amorpheae	LENO_002	Choctaw County	AL	yes	31.806911	-88.193998	7/2/24	Mesorhizobium	Mesorhizobium_sp._RIZ17	86.621	56.2257	0	994
KONZ-11-1-No|nifK|consensus50|pass_mixed_possible_multitemplate	KONZ-11-1-No	D06	Amorpha canescens	9/25/24	4.015	192.72	Quarter	KONZ-11	dry	nodule	Fabaceae	KONZ	Amorpha	Amorpheae	KONZ_001	Riley	KS	yes	39.0752	-96.55571	20240711	Microvirga	Microvirga_sp._KLBC_81	88.53	36.1868	0	721
DELA-32-1-No|nifK|consensus50|pass_mixed_possible_multitemplate	DELA-32-1-No	D08	Amorpha fruticosa	4/4/25	58	2784	Half	DELA-32	dry	nodule	Fabaceae	DELA	Amorpha	Amorpheae	DELA_012	Green County	AL	yes	32.531129	-87.816662	8/15/24	Mesorhizobium	Mesorhizobium_caraganae	85.036	98.3787	0	1659
LENO-12-3-No|nifK|consensus50|pass_single_dominant	LENO-12-3-No	D08	Amorpha fruticosa	3/20/25	0	0	Quarter	LENO-12	ethanol	nodule	Fabaceae	LENO	Amorpha	Amorpheae	LENO_027	Choctaw County	AL	yes	31.817744	-88.202245	7/2/24	Microvirga	Microvirga_sp._KLBC_81	90.217	35.7977	0	721
DSNY-2-1-Rh|nifK|consensus50|pass_single_dominant	DSNY-2-1-Rh	D03	Lupinus floridanus	8/19/24	0	0	Quarter	DSNY-LUFL-2	dry	rhizosphere	Fabaceae	DSNY	Lupinus	Genisteae	DSNY_017	Polk	Florida	yes	28.056984	-81.403242	20240312	Mesorhizobium	Mesorhizobium_maamorense	87.514	58.69	0	1075
LENO-7-2-No|nifK|consensus50|pass_single_dominant	LENO-7-2-No	D08	Amorpha fruticosa	2/5/25	1.055	50.64	Quarter	LENO-7	ethanol	nodule	Fabaceae	LENO	Amorpha	Amorpheae	LENO_012	Choctaw County	AL	yes	31.80805	-88.179966	6/25/24	Mesorhizobium	Mesorhizobium_maamorense	86.739	41.5694	0	743
JERC-34-4-No|nifK|consensus50|pass_single_dominant	JERC-34-4-No	D03	Amorpha fruticosa	1/23/25	0	0	Quarter	JERC-34	dry	nodule	Fabaceae	JERC	Amorpha	Amorpheae	JERC_062	Baker County	Georgia	yes	NA	NA	20240604	Mesorhizobium	Mesorhizobium_maamorense	84.876	57.4578	0	983
KONZ-10-1-Rh|nifK|consensus50|pass_mixed_possible_multitemplate	KONZ-10-1-Rh	D06	Desmodium illinoense	9/25/24	0.103	4.944	Quarter	KONZ-10	dry	rhizosphere	Fabaceae	KONZ	Desmodium	Desmodieae	KONZ_001	Riley	KS	yes	39.0752	-96.55571	20240711	Microvirga	Microvirga_sp._KLBC_81	87.971	36.1219	0	701
LENO-7-2-Rh|nifK|consensus50|pass_mixed_possible_multitemplate	LENO-7-2-Rh	D08	Amorpha fruticosa	2/5/25	0	0	Quarter	LENO-7	ethanol	rhizosphere	Fabaceae	LENO	Amorpha	Amorpheae	LENO_012	Choctaw County	AL	yes	31.80805	-88.179966	6/25/24	Mesorhizobium	Mesorhizobium_maamorense	88.748	35.7328	0	701
JERC-AMFR-56-1-No|nifK|consensus50|pass_single_dominant	JERC-AMFR-56-1-No	D03	Amorpha fruticosa	12/4/24	0.18	8.64	Quarter	JERC-56	dry	nodule	Fabaceae	JERC	Amorpha	Amorpheae	JERC_050	Baker County	Georgia	yes	NA	NA	20240618	Microvirga	Microvirga_sp._RSM25	87.659	96.6926	0	1786
OAES-35-1-No|nifK|consensus50|pass_mixed_possible_multitemplate	OAES-35-1-No	D11	Amorpha fruticosa	3/6/25	0	0	Quarter	OAES-35	ethanol	nodule	Fabaceae	OAES	Amorpha	Amorpheae	OAES_011_R	Washita	OK	yes	35.40049	-99.06592	8/21/24	Sinorhizobium	Sinorhizobium_prairiense	83.938	58.9494	0	981
OAES-35-3-No|nifK|consensus50|pass_single_dominant	OAES-35-3-No	D11	Amorpha fruticosa	5/14/25	0	0	Quarter	OAES-35	ethanol	nodule	Fabaceae	OAES	Amorpha	Amorpheae	OAES_011_R	Washita	OK	yes	35.40049	-99.06592	8/21/24	Sinorhizobium	Sinorhizobium_prairiense	88.242	59.0143	0	1088
OAES-35-3-Ro|nifK|consensus50|pass_mixed_possible_multitemplate	OAES-35-3-Ro	D11	Amorpha fruticosa	5/14/25	0	0	Quarter	OAES-35	ethanol	root	Fabaceae	OAES	Amorpha	Amorpheae	OAES_011_R	Washita	OK	yes	35.40049	-99.06592	8/21/24	Mesorhizobium	Mesorhizobium_maamorense	84.063	57.7821	0	972
OSBS-35-2-No|nifK|consensus50|pass_mixed_possible_multitemplate	OSBS-35-2-No	D03	Chapmannia floridana	2/26/25	1.555	74.64	Quarter	OSBS-35	dry	nodule	Fabaceae	OSBS	Chapmannia	Dalbergieae	OSBS_006	Putnam	FL	yes	NA	NA	20240611	Sinorhizobium	Sinorhizobium_mexicanum_(Ensifer_mexicanus)	86.703	59.0143	0	1092
LENO-13-2-Ro|nifK|consensus50|pass_mixed_possible_multitemplate	LENO-13-2-Ro	D08	Amphicarpaea bracteata	2/25/25	0.984	47.232	Quarter	LENO-13	dry	root	Fabaceae	LENO	Amphicarpaea	Phaseoleae	LENO_021	Choctaw County	AL	yes	31.834449	-88.170754	7/3/24	Microvirga	Microvirga_lotononidis	85.537	57.393	0	1022
LENO-5-2-Ro|nifK|consensus50|pass_mixed_possible_multitemplate	LENO-5-2-Ro	D08	Amorpha fruticosa	2/25/25	1.095	52.56	Quarter	LENO-5	dry	root	Fabaceae	LENO	Amorpha	Amorpheae	LENO_011	Choctaw County	AL	yes	31.825876	-88.182931	6/19/24	Microvirga	Microvirga_lotononidis	85.377	57.6524	0	1011
DEJU-11-1-Ro|nifK|consensus50|pass_single_dominant	DEJU-11-1-Ro	D19	Lupinus arcticus	3/26/25	11.75	564	Half	DEJU-11	ethanol	root	Fabaceae	DEJU	Lupinus	Genisteae	DEJU_006	NA	Alaska	yes	NA	NA	NA	Sinorhizobium	Sinorhizobium_prairiense	91.181	38.9754	0	821
TALL-13-3-No|nifK|consensus50|pass_single_dominant	TALL-13-3-No	D08	Robinia pseudoacacia	3/28/25	13.35	640.8	Half	TALL-13	dry	nodule	Fabaceae	TALL	Robinia	Robinieae	TALL_001	Hale County	AL	yes	32.975212	-87.436315	8/22/24	Microvirga	Microvirga_sp._RSM25	87.622	100.0649	0	1864
HEAL-10-2-No|nifK|consensus50|pass_single_dominant	HEAL-10-2-No	D19	Alnus viridis	3/20/25	5.975	286.8	Half	HEAL-10	ethanol	nodule	Betulaceae	HEAL	Alnus	actinorhizal	HEAL_004	Denali Borough	Alaska	yes	63.86378 N	149.27284 W	20240723	Sinorhizobium	Sinorhizobium_prairiense	86.742	51.3619	0	911
LENO-16-2-No|nifK|consensus50|pass_mixed_possible_multitemplate	LENO-16-2-No	D08	Elaeagnus umbellata	3/20/25	26.65	1279.2	Half	LENO-16	dry	nodule	Elaeagnaceae	LENO	Elaeagnus	actinorhizal	LENO_029	Choctaw County	AL	no	31.831293	-88.171122	7/3/24	Mesorhizobium	Mesorhizobium_sp._WSM2240	86.087	52.2049	0	941
LAJA-11-3-No|nifK|consensus50|pass_single_dominant	LAJA-11-3-No	D04	Calopogonium sp.	3/19/25	10.4	499.2	Half	LAJA-11	dry	nodule	Fabaceae	LAJA	Calopogonium	Phaseoleae	LAJA_009	LAJA	P.R	yes	18.03228	-67.06922	10/2/24	Mesorhizobium	Mesorhizobium_sp._WSM2240	83.808	56.8742	0	920
LAJA-21-1-No|nifK|consensus50|pass_mixed_possible_multitemplate	LAJA-21-1-No	D04	Aeschynomene americana	3/19/25	6.97	334.56	Half	LAJA-21	dry	nodule	Fabaceae	LAJA	Aeschynomene	Dalbergieae	LAJA_023	LAJA	P.R	yes	18.03581	-67.0696	10/7/24	Sinorhizobium	Sinorhizobium_prairiense	86.627	53.8262	0	979
TALL-55-1-No|nifK|consensus50|pass_single_dominant	TALL-55-1-No	D08	Desmodium paniculatum	3/20/25	10.2	489.6	Half	TALL-55	dry	nodule	Fabaceae	TALL	Desmodium	Desmodieae	TALL_q033	Bibb County	AL	yes	32.973539	-87.409071	8/27/24	Microvirga	Microvirga_sp._KLBC_81	85.914	46.4981	0	811
HEAL-9-1-No|nifK|consensus50|pass_mixed_possible_multitemplate	HEAL-9-1-No	D19	Alnus viridis	3/20/25	13.75	660	Half	HEAL-9	ethanol	nodule	Betulaceae	HEAL	Alnus	actinorhizal	HEAL_004	Denali Borough	Alaska	yes	63.86378 N	149.27284 W	20240723	Mesorhizobium	Mesorhizobium_sp._WSM2240	85.369	53.6316	0	933
JERC-179-4-Ro|nifK|consensus50|pass_mixed_possible_multitemplate	JERC-179-4-Ro	D03	Lespedeza virginica	4/3/25	11.9	571.2	Half	JERC-179	dry	root	Fabaceae	JERC	Lespedeza	Desmodieae	JERC_050	Baker County	Georgia	yes	NA	NA	20241028	Sinorhizobium	Sinorhizobium_meliloti_(Rhizobium_meliloti)	85.892	93.7743	0	1683
DEJU-9-1-Ro|nifK|consensus50|pass_mixed_possible_multitemplate	DEJU-9-1-Ro	D19	Lupinus arcticus	3/29/25	9.35	448.8	Half	DEJU-9	ethanol	root	Fabaceae	DEJU	Lupinus	Genisteae	DEJU_006	NA	Alaska	yes	NA	NA	NA	Mesorhizobium	Mesorhizobium_sp._WSM2240	86.675	53.048	0	965
JERC-201-1-No|nifK|consensus50|pass_single_dominant	JERC-201-1-No	D03	Desmodium laevigatum	4/3/25	25.4	1219.2	Half	JERC-201	dry	nodule	Fabaceae	JERC	Desmodium	Desmodieae	JERC_004	Baker County	Georgia	yes	NA	NA	20241029	Mesorhizobium	Mesorhizobium_maamorense	91.367	36.0571	0	761
TALL-19-2-No|nifK|consensus50|pass_single_dominant	TALL-19-2-No	D08	Desmodium sp.	3/21/25	8.75	420	Half	TALL-19	ethanol	nodule	Fabaceae	TALL	Desmodium	Desmodieae	TALL_002	Hale County	AL	yes	32.922222	-87.429133	8/22/24	Mesorhizobium	Mesorhizobium_sp._WSM2240	89.735	39.1699	0	780
JERC-94-1-Ro|nifK|consensus50|pass_mixed_possible_multitemplate	JERC-94-1-Ro	D03	Robinia pseudoacacia	3/26/25	1.465	70.32	Quarter	JERC-94	dry	root	Fabaceae	JERC	Robinia	Robinieae	JERC_034	Baker County	Georgia	yes	31.26805556	-84.58777778	20240625	Mesorhizobium	Mesorhizobium_maamorense	89.517	38.9754	0	802
JERC-94-1-No|nifK|consensus50|pass_single_dominant	JERC-94-1-No	D03	Robinia pseudoacacia	3/26/25	14.9	715.2	Half	JERC-94	dry	nodule	Fabaceae	JERC	Robinia	Robinieae	JERC_034	Baker County	Georgia	yes	31.26805556	-84.58777778	20240625	Sinorhizobium	Sinorhizobium_prairiense	88.022	59.0143	0	1116
OSBS-69-1-No|nifK|consensus50|pass_mixed_possible_multitemplate	OSBS-69-1-No	D03	Lespedeza sp.	3/26/25	0	0	Quarter	OSBS-69	dry	nodule	Fabaceae	OSBS	Lespedeza	Desmodieae	OSBS_008	Putnam	FL	0	NA	NA	20240723	Sinorhizobium	Sinorhizobium_prairiense	87.94	47.8599	0	915
OSBS-69-1-Ro|nifK|consensus50|pass_single_dominant	OSBS-69-1-Ro	D03	Lespedeza sp.	3/26/25	1.55	74.4	Quarter	OSBS-69	dry	root	Fabaceae	OSBS	Lespedeza	Desmodieae	OSBS_008	Putnam	FL	0	NA	NA	20240723	Sinorhizobium	Sinorhizobium_prairiense	87.586	56.4202	0	1053
TALL-64-1-No|nifK|consensus50|pass_single_dominant	TALL-64-1-No	D08	Robinia pseudoacacia	3/21/25	0.5465	26.232	Quarter	TALL-64	dry	nodule	Fabaceae	TALL	Robinia	Robinieae	TALL_047	Bibb County	AL	yes	32.951299	-87.398914	9/3/24	Mesorhizobium	Mesorhizobium_maamorense	87.8	99.9351	0	1877
TALL-64-1-Ro|nifK|consensus50|pass_single_dominant	TALL-64-1-Ro	D08	Robinia pseudoacacia	3/21/25	0.162	7.776	Quarter	TALL-64	dry	root	Fabaceae	TALL	Robinia	Robinieae	TALL_047	Bibb County	AL	yes	32.951299	-87.398914	9/3/24	Sinorhizobium	Sinorhizobium_prairiense	86.703	59.0143	0	1064
OSBS-91-1-Rh|nifK|consensus50|pass_single_dominant	OSBS-91-1-Rh	D03	Stylosanthes biflora	5/23/25	0	0	Quarter	OSBS-91	dry	rhizosphere	Fabaceae	OSBS	Stylosanthes	Dalbergieae	OSBS_031	Putnam	FL	yes	NA	NA	20240827	Microvirga	Microvirga_sp._RSM25	86.967	56.2257	0	1022
SCBI-5-1-No|nifK|consensus50|pass_single_dominant	SCBI-5-1-No	D02	Robinia pseudoacacia	4/24/25	20.3	974.4	Half	SCBI-5	ethanol	nodule	Fabaceae	SCBI	Robinia	Robinieae	SCBI-047	Warren	VA	yes	38.894252	-78.137193	NA	Sinorhizobium	Sinorhizobium_prairiense	88.375	57.4578	0	1092
DEJU-55-No|nifK|consensus50|pass_mixed_possible_multitemplate	DEJU-55-No	D19	Alnus viridis	5/23/25	7.73	371.04	Half	DEJU-55	ethanol	nodule	Betulaceae	DEJU	Alnus	actinorhizal	DEJU_045	NA	Unknown	yes	NA	NA	NA	Mesorhizobium	Mesorhizobium_muleiense	88.153	55.8366	0	1090
RMNP-5-1-No|nifK|consensus50|pass_mixed_possible_multitemplate	RMNP-5-1-No	D10	Ceanothus velutinus	4/24/25	22.65	1087.2	Half	RMNP-5	dry	nodule	Rhamnaceae	RMNP	Ceanothus	actinorhizal	RMNP_016	Boulder	CO	yes	NA	NA	6/12/24	Mesorhizobium	Mesorhizobium_muleiense	89.151	54.9935	0	1116
JERC-102-1-Rh|nifK|consensus50|pass_single_dominant	JERC-102-1-Rh	D03	Ceanothus americanus	5/14/25	0.15	7.2	Quarter	JERC-102	dry	rhizosphere	Rhamnaceae	JERC	Ceanothus	actinorhizal	JERC_019	Baker County	Georgia	yes	NA	NA	20240626	Microvirga	Microvirga_sp._KLBC_81	86.488	96.952	0	1725
TOOL-29-Ro|nifK|consensus50|pass_single_dominant	TOOL-29-Ro	D18	Dryas integrifolia	5/23/25	0	0	Quarter	TOOL-29	ethanol	root	Rosaceae	TOOL	Dryas	actinorhizal	Tool_041	North Slope Borough	Alaska	yes	NA	NA	20240710	Mesorhizobium	Mesorhizobium_maamorense	91.091	35.668	0	754
JERC-153-No|nifK|consensus50|pass_mixed_possible_multitemplate	JERC-153-No	D03	Desmodium obtusum	5/14/25	15.3	734.4	Half	JERC-153	dry	nodule	Fabaceae	JERC	Desmodium	Desmodieae	JERC_015	Baker County	Georgia	yes	NA	NA	20241002	Microvirga	Microvirga_lotononidis	86.223	56.4851	0	1002
JERC-176-5-No|nifK|consensus50|pass_mixed_possible_multitemplate	JERC-176-5-No	D03	Lespedeza stuevei	4/3/25	12	576	Half	JERC-176	dry	nodule	Fabaceae	JERC	Lespedeza	Desmodieae	JERC_050	Baker County	Georgia	yes	NA	NA	20241028	Sinorhizobium	Sinorhizobium_meliloti_(Rhizobium_meliloti)	88.047	54.799	0	1020
JERC-93-1-No|nifK|consensus50|pass_single_dominant	JERC-93-1-No	D03	Desmodium viridiflorum	3/26/25	7.845	376.56	Half	JERC-93	dry	nodule	Fabaceae	JERC	Desmodium	Desmodieae	JERC_047	Baker County	Georgia	yes	NA	NA	20240625	Microvirga	Microvirga_sp._KLBC_81	85.371	97.0817	0	1668
OAES-37-2-Rh|nifK|consensus50|pass_single_dominant	OAES-37-2-Rh	D11	Dalea purpurea	5/14/25	0	0	Quarter	OAES-37	ethanol	rhizosphere	Fabaceae	OAES	Dalea	Amorpheae	OAES_003_R	Washita	OK	yes	35.41178	-99.06994	8/23/24	Microvirga	Microvirga_sp._KLBC_81	86.244	54.2153	0	994
TOOL-31-No|nifK|consensus50|pass_mixed_possible_multitemplate	TOOL-31-No	D18	Dryas octopetala	5/23/25	4.72	226.56	Quarter	TOOL-31	ethanol	nodule	Rosaceae	TOOL	Dryas	actinorhizal	TOOL_011	North Slope Borough	Alaska	yes	68.62774	-149.58777	20240711	Microvirga	Microvirga_lotononidis	88.25	51.8807	0	1014
TOOL-32-Rh|nifK|consensus50|pass_mixed_possible_multitemplate	TOOL-32-Rh	D18	Dryas octopetala	5/23/25	0	0	Quarter	TOOL-32	ethanol	rhizosphere	Rosaceae	TOOL	Dryas	actinorhizal	TOOL_011	North Slope Borough	Alaska	yes	68.62774	-149.58777	20240711	Microvirga	Microvirga_lotononidis	85.225	54.8638	0	953
WOOD-9-Ro|nifK|consensus50|pass_mixed_possible_multitemplate	WOOD-9-Ro	D09	Medicago sativa	4/24/25	5.63	270.24	Half	WOOD-9	ethanol	root	Fabaceae	WOOD	Medicago	Trifolieae	BARR_027	Stutsman	ND	no	47.12498	99.23862	9/23/24	Microvirga	Microvirga_lotononidis	83.896	57.5875	0	1003
JERC-203-1-No|nifK|consensus50|pass_mixed_possible_multitemplate	JERC-203-1-No	D03	Desmodium viridiflorum	4/3/25	7.53	361.44	Half	JERC-203	dry	nodule	Fabaceae	JERC	Desmodium	Desmodieae	JERC_004	Baker County	Georgia	yes	NA	NA	20241029	Microvirga	Microvirga_lotononidis	86.921	56.0311	0	1040
KONA-1-1-No|nifK|consensus50|pass_mixed_possible_multitemplate	KONA-1-1-No	D06	Glycine max	5/14/25	10.3	494.4	Half	KONA-1	dry	nodule	Fabaceae	KONA	Glycine	Glycininae	KONA_002	Riley	KS	no	39.11537	-96.63876	20240807	Microvirga	Microvirga_lotononidis	88.525	55.3826	0	1109
JERC-151-No|nifK|consensus50|pass_mixed_possible_multitemplate	JERC-151-No	D03	Tephrosia virginiana	5/14/25	0.16	7.68	Quarter	JERC-151	dry	nodule	Fabaceae	JERC	Tephrosia	Millettieae	JERC_015	Baker County	Georgia	yes	NA	NA	20241002	Mesorhizobium	Mesorhizobium_maamorense	90.067	38.5214	0	782
JERC-87-1-Ro|nifK|consensus50|pass_single_dominant	JERC-87-1-Ro	D03	Crotalaria juncea	5/14/25	0	0	Quarter	JERC-87	dry	root	Fabaceae	JERC	Crotalaria	Crotalarieae	JERC_034	Baker County	Georgia	no	31.19805	-84.48836667	20240625	Mesorhizobium	Mesorhizobium_maamorense	92.043	35.8625	0	778
TOOL-6-Ro|nifK|consensus50|pass_single_dominant	TOOL-6-Ro	D18	Dryas octopetala	4/24/25	0	0	Quarter	TOOL-6	ethanol	root	Rosaceae	TOOL	Dryas	actinorhizal	TOOL_032	North Slope Borough	Alaska	yes	NA	NA	20240706	Mesorhizobium	Mesorhizobium_muleiense	88.206	51.6861	0	981
JERC-199-Rh|nifK|consensus50|pass_single_dominant	JERC-199-Rh	D03	Indigofera hirsuta	4/24/25	0	0	Quarter	JERC-199	dry	rhizosphere	Fabaceae	JERC	Indigofera	Indigofereae	JERC_004	Baker County	Georgia	no	NA	NA	20241029	Microvirga	Microvirga_sp._KLBC_81	86.358	50.3891	0	905
TOOL-2-Rh|nifK|consensus50|pass_single_dominant	TOOL-2-Rh	D18	Dryas integrifolia	4/24/25	0	0	Quarter	TOOL-2	ethanol	rhizosphere	Rosaceae	TOOL	Dryas	actinorhizal	TOOL_041	North Slope Borough	Alaska	yes	NA	NA	20240704	Mesorhizobium	Mesorhizobium_maamorense	87.836	41.0506	0	754
TOOL-5-No|nifK|consensus50|pass_single_dominant	TOOL-5-No	D18	Dryas octopetala	4/24/25	0	0	Quarter	TOOL-5	ethanol	nodule	Rosaceae	TOOL	Dryas	actinorhizal	TOOL_032	North Slope Borough	Alaska	yes	NA	NA	20240706	Mesorhizobium	Mesorhizobium_sp._RIZ17	87.231	42.153	0	769
TOOL-7-No|nifK|consensus50|pass_single_dominant	TOOL-7-No	D18	Dryas octopetala	4/24/25	0	0	Quarter	TOOL-7	ethanol	nodule	Rosaceae	TOOL	Dryas	actinorhizal	TOOL_032	North Slope Borough	Alaska	yes	NA	NA	20240706	Microvirga	Microvirga_lotononidis	87.774	56.2257	0	1027
OSBS-95-3-Ro|nifK|consensus50|pass_single_dominant	OSBS-95-3-Ro	D03	Dalea feayi	5/14/25	0	0	Quarter	OSBS-95	dry	root	Fabaceae	OSBS	Dalea	Amorpheae	OSBS_007	Putnam	Fl	yes	NA	NA	20240918	Mesorhizobium	Mesorhizobium_maamorense	91.273	35.668	0	754
JERC-89-1-Ro|nifK|consensus50|pass_mixed_possible_multitemplate	JERC-89-1-Ro	D03	Ceanothus americanus	5/14/25	0.5545	26.616	Quarter	JERC-89	dry	root	Rhamnaceae	JERC	Ceanothus	actinorhizal	JERC_050	Baker County	Georgia	yes	NA	NA	20240625	Microvirga	Microvirga_lotononidis	87.411	54.6044	0	1020
TOOL-34-No|nifK|consensus50|pass_single_dominant	TOOL-34-No	D18	Dryas octopetala	5/23/25	0	0	Quarter	TOOL-34	ethanol	nodule	Rosaceae	TOOL	Dryas	actinorhizal	TOOL_011	North Slope Borough	Alaska	yes	68.62774	-149.58777	20240711	Mesorhizobium	Mesorhizobium_muleiense	88.286	52.594	0	1003
JERC-90-1-No|nifK|consensus50|pass_mixed_possible_multitemplate	JERC-90-1-No	D03	Ceanothus americanus	5/14/25	32.7	1569.6	Half	JERC-90	dry	nodule	Rhamnaceae	JERC	Ceanothus	actinorhizal	JERC_050	Baker County	Georgia	yes	31.1963	-84.4678	20240625	Microvirga	Microvirga_sp._KLBC_81	85.462	95.4604	0	1722
OSBS-99-No|nifK|consensus50|pass_mixed_possible_multitemplate	OSBS-99-No	D03	Tephrosia chrysophylla	4/17/25	5.335	256.08	Half	OSBS-99	dry	nodule	Fabaceae	OSBS	Tephrosia	Millettieae	OSBS_007	Putnam	Fl	yes	NA	NA	20240919	Mesorhizobium	Mesorhizobium_muleiense	88.134	56.2905	0	1101
TOOL-10-No|nifK|consensus50|pass_single_dominant	TOOL-10-No	D18	Astragalus umbellatus	5/2/25	27.2	1305.6	Half	TOOL-10	ethanol	nodule	Fabaceae	TOOL	Astragalus	Galegeae	TOOL_032	North Slope Borough	Alaska	yes	NA	NA	20240706	Mesorhizobium	Mesorhizobium_muleiense	89.865	57.5875	0	1164
TOOL-10-Rh|nifK|consensus50|pass_single_dominant	TOOL-10-Rh	D18	Astragalus umbellatus	5/2/25	0	0	Quarter	TOOL-10	ethanol	rhizosphere	Fabaceae	TOOL	Astragalus	Galegeae	TOOL_032	North Slope Borough	Alaska	yes	NA	NA	20240706	Mesorhizobium	Mesorhizobium_muleiense	89.399	55.0584	0	1096
TOOL-12-No|nifK|consensus50|pass_mixed_possible_multitemplate	TOOL-12-No	D18	Astragalus umbellatus	5/2/25	0.147	7.056	Quarter	TOOL-12	ethanol	nodule	Fabaceae	TOOL	Astragalus	Galegeae	TOOL_032	North Slope Borough	Alaska	yes	NA	NA	20240706	Mesorhizobium	Mesorhizobium_muleiense	89.942	56.096	0	1146
TOOL-9-No|nifK|consensus50|pass_single_dominant	TOOL-9-No	D18	Astragalus umbellatus	5/2/25	25.35	1216.8	Half	TOOL-9	ethanol	nodule	Fabaceae	TOOL	Astragalus	Galegeae	TOOL_032	North Slope Borough	Alaska	yes	NA	NA	20240706	Mesorhizobium	Mesorhizobium_muleiense	90.101	57.6524	0	1168
TOOL-12-Ro|nifK|consensus50|pass_single_dominant	TOOL-12-Ro	D18	Astragalus umbellatus	5/2/25	0.116	5.568	Quarter	TOOL-12	ethanol	root	Fabaceae	TOOL	Astragalus	Galegeae	TOOL_032	North Slope Borough	Alaska	yes	NA	NA	20240706	Mesorhizobium	Mesorhizobium_maamorense	91.449	37.1595	0	793
TOOL-14-No|nifK|consensus50|pass_single_dominant	TOOL-14-No	D18	Dryas integrifolia	5/2/25	0	0	Quarter	TOOL-14	ethanol	nodule	Rosaceae	TOOL	Dryas	actinorhizal	TOOL_002	North Slope Borough	Alaska	yes	68.63136	-149.34375	20240709	Microvirga	Microvirga_sp._KLBC_81	87.592	96.6926	0	1796
TOOL-9-Ro|nifK|consensus50|pass_single_dominant	TOOL-9-Ro	D18	Astragalus umbellatus	5/2/25	0.254	12.192	Quarter	TOOL-9	ethanol	root	Fabaceae	TOOL	Astragalus	Galegeae	TOOL_032	North Slope Borough	Alaska	yes	NA	NA	20240706	Mesorhizobium	Mesorhizobium_muleiense	89.734	51.1673	0	1038
TOOL-16-No|nifK|consensus50|pass_single_dominant	TOOL-16-No	D18	Dryas integrifolia	5/2/25	0	0	Quarter	TOOL-16	ethanol	nodule	Rosaceae	TOOL	Dryas	actinorhizal	TOOL_002	North Slope Borough	Alaska	yes	68.63136	-149.34375	20240709	Microvirga	Microvirga_lotononidis	89.627	55.642	0	1105
TOOL-8-No|nifK|consensus50|pass_single_dominant	TOOL-8-No	D18	Astragalus umbellatus	4/24/25	0.2145	10.296	Quarter	TOOL-8	ethanol	nodule	Fabaceae	TOOL	Astragalus	Galegeae	TOOL_032	North Slope Borough	Alaska	yes	NA	NA	20240706	Mesorhizobium	Mesorhizobium_maamorense	87.695	99.6109	0	1871
TOOL-14-Rh|nifK|consensus50|pass_single_dominant	TOOL-14-Rh	D18	Dryas integrifolia	5/2/25	0	0	Quarter	TOOL-14	ethanol	rhizosphere	Rosaceae	TOOL	Dryas	actinorhizal	TOOL_002	North Slope Borough	Alaska	yes	68.63136	-149.34375	20240709	Mesorhizobium	Mesorhizobium_muleiense	89.4	50.7782	0	1016
TOOL-11-Ro|nifK|consensus50|pass_single_dominant	TOOL-11-Ro	D18	Astragalus umbellatus	5/2/25	0	0	Quarter	TOOL-11	ethanol	root	Fabaceae	TOOL	Astragalus	Galegeae	TOOL_032	North Slope Borough	Alaska	yes	NA	NA	20240706	Mesorhizobium	Mesorhizobium_muleiense	85.975	46.2387	0	822
TOOL-15-No|nifK|consensus50|pass_mixed_possible_multitemplate	TOOL-15-No	D18	Dryas integrifolia	5/2/25	0	0	Quarter	TOOL-15	ethanol	nodule	Rosaceae	TOOL	Dryas	actinorhizal	TOOL_002	North Slope Borough	Alaska	yes	68.63136	-149.34375	20240709	Mesorhizobium	Mesorhizobium_muleiense	89.503	57.4578	0	1155
TOOL-11-No|nifK|consensus50|pass_mixed_possible_multitemplate	TOOL-11-No	D18	Astragalus umbellatus	5/2/25	17.2	825.6	Half	TOOL-11	ethanol	nodule	Fabaceae	TOOL	Astragalus	Galegeae	TOOL_032	North Slope Borough	Alaska	yes	NA	NA	20240706	Mesorhizobium	Mesorhizobium_muleiense	88.132	100	0	1943
TOOL-25-No|nifK|consensus50|pass_mixed_possible_multitemplate	TOOL-25-No	D18	Oxytropis campestris	5/23/25	30.1	1444.8	Half	TOOL-25	ethanol	nodule	Fabaceae	TOOL	Oxytropis	Galegeae	TOOL_020	North Slope Borough	Alaska	yes	68.63757	-149.64717	20240710	Mesorhizobium	Mesorhizobium_maamorense	87.922	99.8703	0	1943
TOOL-30-Rh|nifK|consensus50|pass_mixed_possible_multitemplate	TOOL-30-Rh	D18	Dryas integrifolia	5/23/25	0	0	Quarter	TOOL-30	ethanol	rhizosphere	Rosaceae	TOOL	Dryas	actinorhizal	Tool_041	North Slope Borough	Alaska	yes	NA	NA	20240710	Mesorhizobium	Mesorhizobium_muleiense	89.542	55.1881	0	1105
TOOL-26-Ro|nifK|consensus50|pass_mixed_possible_multitemplate	TOOL-26-Ro	D18	Oxytropis campestris	5/23/25	0.552	26.496	Quarter	TOOL-26	ethanol	root	Fabaceae	TOOL	Oxytropis	Galegeae	TOOL_020	North Slope Borough	Alaska	yes	68.63757	-149.64717	20240710	Mesorhizobium	Mesorhizobium_muleiense	89.322	44.9416	0	922
TOOL-3-Ro|nifK|consensus50|pass_mixed_possible_multitemplate	TOOL-3-Ro	D18	Dryas octopetala	4/24/25	8.865	425.52	Half	TOOL-3	ethanol	root	Rosaceae	TOOL	Dryas	actinorhizal	TOOL_032	North Slope Borough	Alaska	yes	NA	NA	20240706	Mesorhizobium	Mesorhizobium_muleiense	88.484	55.1881	0	1088
TOOL-26-No|nifK|consensus50|pass_mixed_possible_multitemplate	TOOL-26-No	D18	Oxytropis campestris	5/23/25	13.3	638.4	Half	TOOL-26	ethanol	nodule	Fabaceae	TOOL	Oxytropis	Galegeae	TOOL_020	North Slope Borough	Alaska	yes	68.63757	-149.64717	20240710	Mesorhizobium	Mesorhizobium_muleiense	90.304	57.5227	0	1194
TOOL-24-No|nifK|consensus50|pass_mixed_possible_multitemplate	TOOL-24-No	D18	Oxytropis campestris	5/14/25	32.05	1538.4	Half	TOOL-24	ethanol	nodule	Fabaceae	TOOL	Oxytropis	Galegeae	TOOL_020	North Slope Borough	Alaska	yes	68.63757	-149.64717	20240710	Mesorhizobium	Mesorhizobium_muleiense	89.503	57.4578	0	1168
TOOL-26-Rh|nifK|consensus50|pass_mixed_possible_multitemplate	TOOL-26-Rh	D18	Oxytropis campestris	5/23/25	1.085	52.08	Quarter	TOOL-26	ethanol	rhizosphere	Fabaceae	TOOL	Oxytropis	Galegeae	TOOL_020	North Slope Borough	Alaska	yes	68.63757	-149.64717	20240710	Microvirga	Microvirga_sp._RSM25	90.306	38.1323	0	785
TOOL-27-2-No|nifK|consensus50|pass_mixed_possible_multitemplate	TOOL-27-2-No	D18	Oxytropis campestris	5/23/25	6.19	297.12	Half	TOOL-27	ethanol	nodule	Fabaceae	TOOL	Oxytropis	Galegeae	TOOL_020	North Slope Borough	Alaska	yes	68.63757	-149.64717	20240710	Mesorhizobium	Mesorhizobium_maamorense	88.896	99.8703	0	1962
TOOL-27-2-Rh|nifK|consensus50|pass_mixed_possible_multitemplate	TOOL-27-2-Rh	D18	Oxytropis campestris	5/23/25	0	0	Quarter	TOOL-27	ethanol	rhizosphere	Fabaceae	TOOL	Oxytropis	Galegeae	TOOL_020	North Slope Borough	Alaska	yes	68.63757	-149.64717	20240710	Mesorhizobium	Mesorhizobium_muleiense	89.498	55.5772	0	1125
TOOL-17-Rh|nifK|consensus50|pass_mixed_possible_multitemplate	TOOL-17-Rh	D18	Dryas integrifolia	5/14/25	0	0	Quarter	TOOL-17	ethanol	rhizosphere	Rosaceae	TOOL	Dryas	actinorhizal	TOOL_002	North Slope Borough	Alaska	yes	68.63136	-149.34375	20240709	Mesorhizobium	Mesorhizobium_muleiense	89.189	57.5875	0	1147
TOOL-20-Rh|nifK|consensus50|pass_single_dominant	TOOL-20-Rh	D18	Dryas integrifolia	5/14/25	0	0	Quarter	TOOL-20	ethanol	rhizosphere	Rosaceae	TOOL	Dryas	actinorhizal	TOOL_003	North Slope Borough	Alaska	yes	NA	NA	20240710	Mesorhizobium	Mesorhizobium_muleiense	89.151	54.9935	0	1096
TOOL-22-Rh|nifK|consensus50|pass_mixed_possible_multitemplate	TOOL-22-Rh	D18	Dryas integrifolia	5/14/25	0	0	Quarter	TOOL-22	ethanol	rhizosphere	Rosaceae	TOOL	Dryas	actinorhizal	TOOL_003	North Slope Borough	Alaska	yes	NA	NA	20240710	Mesorhizobium	Mesorhizobium_muleiense	86.91	54.9935	0	1031
TOOL-18-Rh|nifK|consensus50|pass_mixed_possible_multitemplate	TOOL-18-Rh	D18	Dryas integrifolia	5/14/25	0	0	Quarter	TOOL-18	ethanol	rhizosphere	Rosaceae	TOOL	Dryas	actinorhizal	TOOL_003	North Slope Borough	Alaska	yes	NA	NA	20240710	Mesorhizobium	Mesorhizobium_muleiense	89.616	57.4578	0	1153
TOOL-21-No|nifK|consensus50|pass_mixed_possible_multitemplate	TOOL-21-No	D18	Dryas integrifolia	5/14/25	0	0	Quarter	TOOL-21	ethanol	nodule	Rosaceae	TOOL	Dryas	actinorhizal	TOOL_003	North Slope Borough	Alaska	yes	NA	NA	20240710	Microvirga	Microvirga_lotononidis	87.771	56.7445	0	1090
TOOL-24-Ro|nifK|consensus50|pass_mixed_possible_multitemplate	TOOL-24-Ro	D18	Oxytropis campestris	5/14/25	0.1415	6.792	Quarter	TOOL-24	ethanol	root	Fabaceae	TOOL	Oxytropis	Galegeae	TOOL_020	North Slope Borough	Alaska	yes	68.63757	-149.64717	20240710	Mesorhizobium	Mesorhizobium_maamorense	92.617	38.6511	0	865
TOOL-24-Rh|nifK|consensus50|pass_mixed_possible_multitemplate	TOOL-24-Rh	D18	Oxytropis campestris	5/14/25	0.1815	8.712	Quarter	TOOL-24	ethanol	rhizosphere	Fabaceae	TOOL	Oxytropis	Galegeae	TOOL_020	North Slope Borough	Alaska	yes	68.63757	-149.64717	20240710	Mesorhizobium	Mesorhizobium_muleiense	88.786	56.096	0	1116
TOOL-30-Ro|nifK|consensus50|pass_single_dominant	TOOL-30-Ro	D18	Dryas integrifolia	5/23/25	0.967	46.416	Quarter	TOOL-30	ethanol	root	Rosaceae	TOOL	Dryas	actinorhizal	Tool_041	North Slope Borough	Alaska	yes	NA	NA	20240710	Mesorhizobium	Mesorhizobium_muleiense	90.106	49.1569	0	1014
TOOL-23-No|nifK|consensus50|pass_mixed_possible_multitemplate	TOOL-23-No	D18	Oxytropis campestris	5/14/25	0	0	Quarter	TOOL-23	ethanol	nodule	Fabaceae	TOOL	Oxytropis	Galegeae	TOOL_020	North Slope Borough	Alaska	yes	68.63757	-149.64717	20240710	Microvirga	Microvirga_sp._KLBC_81	89.042	98.8327	0	1916
TOOL-23-Ro|nifK|consensus50|pass_single_dominant	TOOL-23-Ro	D18	Oxytropis campestris	5/14/25	1.275	61.2	Quarter	TOOL-23	ethanol	root	Fabaceae	TOOL	Oxytropis	Galegeae	TOOL_020	North Slope Borough	Alaska	yes	68.63757	-149.64717	20240710	Mesorhizobium	Mesorhizobium_muleiense	89.873	56.3554	0	1144
TOOL-23-Rh|nifK|consensus50|pass_mixed_possible_multitemplate	TOOL-23-Rh	D18	Oxytropis campestris	5/14/25	0.0585	2.808	Quarter	TOOL-23	ethanol	rhizosphere	Fabaceae	TOOL	Oxytropis	Galegeae	TOOL_020	North Slope Borough	Alaska	yes	68.63757	-149.64717	20240710	Mesorhizobium	Mesorhizobium_muleiense	88.953	55.7717	0	1096
TOOL-19-No|nifK|consensus50|pass_mixed_possible_multitemplate	TOOL-19-No	D18	Dryas integrifolia	5/14/25	0	0	Quarter	TOOL-19	ethanol	nodule	Rosaceae	TOOL	Dryas	actinorhizal	TOOL_003	North Slope Borough	Alaska	yes	NA	NA	20240710	Mesorhizobium	Mesorhizobium_muleiense	88.783	54.345	0	1081
TOOL-21-Rh|nifK|consensus50|pass_mixed_possible_multitemplate	TOOL-21-Rh	D18	Dryas integrifolia	5/14/25	0	0	Quarter	TOOL-21	ethanol	rhizosphere	Rosaceae	TOOL	Dryas	actinorhizal	TOOL_003	North Slope Borough	Alaska	yes	NA	NA	20240710	Microvirga	Microvirga_lotononidis	87.475	97.3411	0	1831
TOOL-30-No|nifK|consensus50|pass_mixed_possible_multitemplate	TOOL-30-No	D18	Dryas integrifolia	5/23/25	0	0	Quarter	TOOL-30	ethanol	nodule	Rosaceae	TOOL	Dryas	actinorhizal	Tool_041	North Slope Borough	Alaska	yes	NA	NA	20240710	Mesorhizobium	Mesorhizobium_muleiense	88.602	55.1881	0	1081
TOOL-15-Ro|nifK|consensus50|pass_mixed_possible_multitemplate	TOOL-15-Ro	D18	Dryas integrifolia	5/2/25	2.255	108.24	Quarter	TOOL-15	ethanol	root	Rosaceae	TOOL	Dryas	actinorhizal	TOOL_002	North Slope Borough	Alaska	yes	68.63136	-149.34375	20240709	Microvirga	Microvirga_lotononidis	87.529	55.642	0	1035
TOOL-27-2-Ro|nifK|consensus50|pass_mixed_possible_multitemplate	TOOL-27-2-Ro	D18	Oxytropis campestris	5/23/25	3.205	153.84	Quarter	TOOL-27	ethanol	root	Fabaceae	TOOL	Oxytropis	Galegeae	TOOL_020	North Slope Borough	Alaska	yes	68.63757	-149.64717	20240710	Microvirga	Microvirga_lotononidis	85.664	55.1881	0	994
TOOL-28-No|nifK|consensus50|pass_single_dominant	TOOL-28-No	D18	Dryas integrifolia	5/23/25	0	0	Quarter	TOOL-28	ethanol	nodule	Rosaceae	TOOL	Dryas	actinorhizal	Tool_041	North Slope Borough	Alaska	yes	NA	NA	20240710	Mesorhizobium	Mesorhizobium_sp._WSM4083	87.091	67.3152	0	1256
TOOL-31-Rh|nifK|consensus50|pass_mixed_possible_multitemplate	TOOL-31-Rh	D18	Dryas octopetala	5/23/25	0	0	Quarter	TOOL-31	ethanol	rhizosphere	Rosaceae	TOOL	Dryas	actinorhizal	TOOL_011	North Slope Borough	Alaska	yes	68.62774	-149.58777	20240711	Microvirga	Microvirga_lotononidis	87.197	56.2257	0	1059
WOOD-4-1-Ro|nifK|consensus50|pass_mixed_possible_multitemplate	WOOD-4-1-Ro	D09	Elaeagnus commutata	5/2/25	10.2	489.6	Half	WOOD-4	ethanol	root	Elaeagnaceae	WOOD	Elaeagnus	actinorhizal	BARR_027	Stutsman	ND	no	47.14	99.24	9/23/24	Microvirga	Microvirga_lotononidis	86.4	56.7445	0	1062
SCBI-10-1-No|nifK|consensus50|pass_mixed_possible_multitemplate	SCBI-10-1-No	D02	Elaeagnus umbellata	4/24/25	11.45	549.6	Half	SCBI-10	ethanol	nodule	Elaeagnaceae	SCBI	Elaeagnus	actinorhizal	SCBI-010	Warren	VA	no	38.884814	-78.125158	7/2/24	Microvirga	Microvirga_lotononidis	87.915	54.7341	0	1037
TOOL-35-1-No|nifK|consensus50|pass_mixed_possible_multitemplate	TOOL-35-1-No	D18	Dryas octopetala	5/23/25	6.805	326.64	Half	TOOL-35	ethanol	nodule	Rosaceae	TOOL	Dryas	actinorhizal	TOOL_011	North Slope Borough	Alaska	yes	68.62774	-149.58777	20240711	Mesorhizobium	Mesorhizobium_muleiense	86.534	55.3826	0	1046
DEJU-57-No|nifK|consensus50|pass_mixed_possible_multitemplate	DEJU-57-No	D19	Alnus viridis	5/23/25	13.8	662.4	Half	DEJU-57	ethanol	nodule	Betulaceae	DEJU	Alnus	actinorhizal	DEJU_045	NA	Unknown	yes	NA	NA	NA	Microvirga	Microvirga_sp._KLBC_81	85.899	95.201	0	1753
LENO-15-2-Rh|nifK|consensus50|pass_single_dominant	LENO-15-2-Rh	D08	Elaeagnus umbellata	3/20/25	27.8	1334.4	Half	LENO-15	dry	rhizosphere	Elaeagnaceae	LENO	Elaeagnus	actinorhizal	LENO_029	Choctaw County	AL	no	31.831293	-88.171122	7/3/24	Mesorhizobium	Mesorhizobium_muleiense	89.069	48.0545	0	959
CLBJ-13-1-No|nifK|consensus50|pass_mixed_possible_multitemplate	CLBJ-13-1-No	D11	Lespedeza stuevei	6/19/24	1.135	54.48	Quarter	CLBJ-13	dry	nodule	Fabaceae	CLBJ	Lespedeza	Desmodieae	CLBJ_002_T	Wise	TX	yes	33.40398	-97.57114	5/8/24	Mesorhizobium	Mesorhizobium_sp._WSM2240	87.667	38.9105	0	754
OSBS-34-1-Rh|nifK|consensus50|pass_single_dominant	OSBS-34-1-Rh	D03	Galactia sp.	2/26/25	0	0	Quarter	OSBS-34	dry	rhizosphere	Fabaceae	OSBS	Galactia	Diocleae	OSBS_006	Putnam	FL	yes	NA	NA	20240611	Mesorhizobium	Mesorhizobium_sp._WSM2240	86.92	54.5396	0	1016
OSBS-32-1-Ro|nifK|consensus50|pass_mixed_possible_multitemplate	OSBS-32-1-Ro	D03	Tephrosia virginiana	2/26/25	0	0	Quarter	OSBS-32	dry	root	Fabaceae	OSBS	Tephrosia	Millettieae	OSBS_006	Putnam	FL	yes	NA	NA	20240611	Mesorhizobium	Mesorhizobium_sp._WSM2240	88.976	58.2361	0	1177
CLBJ-34-1-Rh|nifK|consensus50|pass_mixed_possible_multitemplate	CLBJ-34-1-Rh	D11	Lespedeza virginica	2/26/25	0.0925	4.44	Quarter	CLBJ-34	ethanol	rhizosphere	Fabaceae	CLBJ	Lespedeza	Desmodieae	CLBJ_036_R	Wise	TX	yes	33.397578	-97.57995	6/11/24	Microvirga	Microvirga_sp._KLBC_81	83.662	55.9663	0	911
DSNY-72-1-Ro|nifK|consensus50|pass_single_dominant	DSNY-72-1-Ro	D03	Galactia elliottii	2/24/25	0	0	Quarter	DSNY-72	dry	root	Fabaceae	DSNY	Galactia	Diocleae	DSNY_043	Polk	Florida	yes	28.1252617	-81.4363446	20240904	Mesorhizobium	Mesorhizobium_sp._WSM2240	84.574	36.5759	8.17e-172	597
OSBS-32-1-Rh|nifK|consensus50|pass_single_dominant	OSBS-32-1-Rh	D03	Tephrosia virginiana	2/26/25	0	0	Quarter	OSBS-32	dry	rhizosphere	Fabaceae	OSBS	Tephrosia	Millettieae	OSBS_006	Putnam	FL	yes	NA	NA	20240611	Mesorhizobium	Mesorhizobium_sp._AaZ16	90.815	37.4189	0	785
JERC-GAVO-33-1-No|nifK|consensus50|pass_mixed_possible_multitemplate	JERC-GAVO-33-1-No	D03	Galactia volubilis	12/4/24	0.3555	17.064	Quarter	JERC-33	dry	nodule	Fabaceae	JERC	Galactia	Diocleae	JERC_007	Baker County	Georgia	yes	NA	NA	20240603	Mesorhizobium	Mesorhizobium_sp._WSM2240	86.895	41.5694	0	795
KONZ-8-1-Rh|nifK|consensus50|pass_mixed_possible_multitemplate	KONZ-8-1-Rh	D06	Hylodesmum glutinosum	9/18/24	0	0	Quarter	KONZ-8	dry	rhizosphere	Fabaceae	KONZ	Desmodium	Desmodieae	KONZ_024	Riley	KS	yes	39.11091	-96.55233	20240710	Sinorhizobium	Sinorhizobium_prairiense	86.115	97.1466	0	1736
OSBS-41-3-Ro|nifK|consensus50|pass_mixed_possible_multitemplate	OSBS-41-3-Ro	D03	Stylosanthes biflora	2/26/25	0	0	Quarter	OSBS-41	dry	root	Fabaceae	OSBS	Stylosanthes	Dalbergieae	OSBS_026	Putnam	FL	yes	NA	NA	20240617	Mesorhizobium	Mesorhizobium_sp._WSM2240	88.038	54.2153	0	1026
JERC-164-Ro|nifK|consensus50|pass_single_dominant	JERC-164-Ro	D03	Lespedeza stuvei	2/27/25	0	0	Quarter	JERC-164	dry	root	Fabaceae	JERC	Lespedeza	Desmodieae	JERC_019	Baker County	Georgia	yes	NA	NA	20241003	Mesorhizobium	Mesorhizobium_amorphae	89.189	38.3917	0	739
LENO-13-2-No|nifK|consensus50|pass_mixed_possible_multitemplate	LENO-13-2-No	D08	Amphicarpaea bracteata	2/25/25	2.485	119.28	Quarter	LENO-13	dry	nodule	Fabaceae	LENO	Amphicarpaea	Phaseoleae	LENO_021	Choctaw County	AL	yes	31.834449	-88.170754	7/3/24	Mesorhizobium	Mesorhizobium_sp._RIZ17	82.584	56.2257	0	887
LENO-13-2-Rh|nifK|consensus50|pass_single_dominant	LENO-13-2-Rh	D08	Amphicarpaea bracteata	2/25/25	0.67	32.16	Quarter	LENO-13	dry	rhizosphere	Fabaceae	LENO	Amphicarpaea	Phaseoleae	LENO_021	Choctaw County	AL	yes	31.834449	-88.170754	7/3/24	Mesorhizobium	Mesorhizobium_sp._WSM2240	86.024	53.8262	0	935
OSBS-38-1-Ro|nifK|consensus50|pass_mixed_possible_multitemplate	OSBS-38-1-Ro	D03	Pediomelum canescens	2/26/25	0	0	Quarter	OSBS-38	NA	root	Fabaceae	OSBS	Pediomelum	Psoraleeae	OSBS_029	Putnam	FL	yes	NA	NA	20240617	Mesorhizobium	Mesorhizobium_sp._WSM2240	88.081	54.4099	0	1013
OSBS-41-3-Rh|nifK|consensus50|pass_single_dominant	OSBS-41-3-Rh	D03	Stylosanthes biflora	2/26/25	0	0	Quarter	OSBS-41	dry	rhizosphere	Fabaceae	OSBS	Stylosanthes	Dalbergieae	OSBS_026	Putnam	FL	yes	NA	NA	20240617	Mesorhizobium	Mesorhizobium_maamorense	89.399	36.7056	0	715
OSBS-36-4-Rh|nifK|consensus50|pass_single_dominant	OSBS-36-4-Rh	D03	Tephrosia virginiana	2/26/25	0	0	Quarter	OSBS-36	NA	rhizosphere	Fabaceae	OSBS	Tephrosia	Millettieae	OSBS_006	Putnam	FL	yes	NA	NA	20240611	Mesorhizobium	Mesorhizobium_sp._WSM2240	87.17	54.0856	0	1003
DELA-9-1-Ro|nifK|consensus50|pass_mixed_possible_multitemplate	DELA-9-1-Ro	D08	Amphicarpaea bracteata	3/3/25	0.4305	20.664	Quarter	DELA-9	dry	root	Fabaceae	DELA	Amphicarpaea	Phaseoleae	DELA_016	Green County	AL	yes	32.535793	-87.808361	8/13/24	Microvirga	Microvirga_sp._KLBC_81	87.631	37.2244	0	701
JERC-1-2-No|nifK|consensus50|pass_single_dominant	JERC-1-2-No	D03	Astragalus villosus	7/15/24	0.084	4.032	Quarter	JERC-ASVI-1	dry	nodule	Fabaceae	JERC	Astragalus	Galegeae	JERC_030	Baker County	Georgia	yes	31.184164	-84.475005	20240319	Mesorhizobium	Mesorhizobium_sp._WSM2240	87.143	59.0143	0	1061
JERC-131-No|nifK|consensus50|pass_single_dominant	JERC-131-No	D03	Dalea carnea	4/8/25	0	0	Quarter	JERC-131	dry	nodule	Fabaceae	JERC	Dalea	Amorpheae	JERC_048	Baker County	Georgia	yes	NA	NA	20240807	Mesorhizobium	Mesorhizobium_maamorense	87.486	57.5227	0	1061
JERC-146-Rh|nifK|consensus50|pass_single_dominant	JERC-146-Rh	D03	Dalea carnea alba	2/17/25	0	0	Quarter	JERC-146	dry	rhizosphere	Fabaceae	JERC	Dalea	Amorpheae	JERC_010	Baker County	Georgia	yes	NA	NA	20240821	Mesorhizobium	Mesorhizobium_maamorense	91.349	37.4838	0	793
JERC-99-4-Rh|nifK|consensus50|pass_single_dominant	JERC-99-4-Rh	D03	Lespedeza bicolor	2/24/25	0	0	Quarter	JERC-99	dry	rhizosphere	Fabaceae	JERC	Lespedeza	Desmodieae	JERC_034	Baker County	Georgia	no	31.2725	-84.58055556	20240625	Mesorhizobium	Mesorhizobium_muleiense	83.295	56.6796	0	909
JERC-42-1-No|nifK|consensus50|pass_mixed_possible_multitemplate	JERC-42-1-No	D03	Rhynchosia reniformis	1/23/25	0	0	Quarter	JERC-42	dry	nodule	Fabaceae	JERC	Rhynchosia	Phaseoleae	JERC_005	Baker County	Georgia	yes	NA	NA	20240604	Mesorhizobium	Mesorhizobium_maamorense	90.563	35.7328	0	734
OSBS-89-1-No|nifK|consensus50|pass_mixed_possible_multitemplate	OSBS-89-1-No	D03	Pediomelum canescens	2/13/25	0	0	Quarter	OSBS-89	dry	nodule	Fabaceae	OSBS	Pediomelum	Psoraleeae	OSBS_072	Putnam	FL	yes	NA	NA	20240827	Mesorhizobium	Mesorhizobium_muleiense	84.349	39.3645	0	675
OSBS-38-1-No|nifK|consensus50|pass_single_dominant	OSBS-38-1-No	D03	Pediomelum canescens	2/26/25	0.953	45.744	Quarter	OSBS-38	NA	nodule	Fabaceae	OSBS	Pediomelum	Psoraleeae	OSBS_029	Putnam	FL	yes	NA	NA	20240617	Mesorhizobium	Mesorhizobium_muleiense	87.373	57.5227	0	1053
OAES-31-1-No|nifK|consensus50|pass_mixed_possible_multitemplate	OAES-31-1-No	D11	Pediomelum tenuiflorum	6/10/24	0	0	Quarter	OAES-31	ethanol	nodule	Fabaceae	OAES	Pediomelum	Psoraleeae	OAES_006_R	Washita	OK	yes	35.2517	-99.2882	4/23/24	Mesorhizobium	Mesorhizobium_muleiense	86.689	58.9494	0	1101
DSNY-59-No|nifK|consensus50|pass_mixed_possible_multitemplate	DSNY-59-No	D03	Sesbania vesicaria	2/25/25	2.63	126.24	Quarter	DSNY-59	dry	nodule	Fabaceae	DSNY	Sesbania	Sesbanieae	DSNY_081Q	Polk	Florida	yes	28.074618	-81.411575	20240724	Mesorhizobium	Mesorhizobium_sp._WSM2240	88.043	35.7977	0	675
JERC-AMFR-56-1-Ro|nifK|consensus50|pass_mixed_possible_multitemplate	JERC-AMFR-56-1-Ro	D03	Amorpha fruticosa	12/4/24	0	0	Quarter	JERC-56	dry	root	Fabaceae	JERC	Amorpha	Amorpheae	JERC_050	Baker County	Georgia	yes	NA	NA	20240618	Mesorhizobium	Mesorhizobium_sp._WSM2240	86.784	58.8846	0	1046
LAJA-3-1-Rh|nifK|consensus50|pass_mixed_possible_multitemplate	LAJA-3-1-Rh	D04	Albizia sp.	3/26/25	0.1085	5.208	Quarter	LAJA-3	dry	rhizosphere	Fabaceae	LAJA	Albizia	Mimosoideae	LAJA_015	LAJA	P.R	no	18.034464	-67.066822	8/21/24	Mesorhizobium	Mesorhizobium_sp._RIZ17	81.42	54.799	0	857
LAJA-3-2-Ro|nifK|consensus50|pass_mixed_possible_multitemplate	LAJA-3-2-Ro	D04	Albizia sp.	4/4/25	1.405	67.44	Quarter	LAJA-3	NA	root	Fabaceae	LAJA	Albizia	Mimosoideae	LAJA_015	LAJA	P.R	no	18.034464	-67.066822	8/21/24	Microvirga	Microvirga_sp._KLBC_81	86.98	35.8625	0	671
LAJA-5-1-No|nifK|consensus50|pass_mixed_possible_multitemplate	LAJA-5-1-No	D04	Acacia sp.	3/26/25	0	0	Quarter	LAJA-5	dry	nodule	Fabaceae	LAJA	Acacia	Mimosoideae	LAJA_015	LAJA	P.R	0	18.034464	-67.066822	9/27/24	Microvirga	Microvirga_lotononidis	80.696	57.7821	0	817
LAJA-5-1-Rh|nifK|consensus50|pass_mixed_possible_multitemplate	LAJA-5-1-Rh	D04	Acacia sp.	3/26/25	0.5485	26.328	Quarter	LAJA-5	dry	rhizosphere	Fabaceae	LAJA	Acacia	Mimosoideae	LAJA_015	LAJA	P.R	0	18.034464	-67.066822	9/27/24	Sinorhizobium	Sinorhizobium_chiapasense	91.985	33.9818	0	760
OSBS-28-1-Ro|nifK|consensus50|pass_single_dominant	OSBS-28-1-Ro	D03	Galactia sp.	3/26/25	0	0	Quarter	OSBS-28	dry	root	Fabaceae	OSBS	Galactia	Diocleae	OSBS_031	Putnam	FL	yes	NA	NA	20240611	Sinorhizobium	Sinorhizobium_mexicanum_(Ensifer_mexicanus)	90.467	33.3333	0	680
LAJA-3-3-Rh|nifK|consensus50|pass_mixed_possible_multitemplate	LAJA-3-3-Rh	D04	Albizia sp.	4/4/25	5.14	246.72	Quarter	LAJA-3	NA	rhizosphere	Fabaceae	LAJA	Albizia	Mimosoideae	LAJA_015	LAJA	P.R	no	18.034464	-67.066822	8/21/24	Mesorhizobium	Mesorhizobium_amorphae	85.829	40.2724	0	721
LAJA-3-2-Rh|nifK|consensus50|pass_mixed_possible_multitemplate	LAJA-3-2-Rh	D04	Albizia sp.	4/4/25	36.7	1761.6	Half	LAJA-3	NA	rhizosphere	Fabaceae	LAJA	Albizia	Mimosoideae	LAJA_015	LAJA	P.R	no	18.034464	-67.066822	8/21/24	Rhizobium	Rhizobium_sp._ZK1	83.295	56.2905	0	896
OSBS-36-4-Ro|nifK|consensus50|pass_single_dominant	OSBS-36-4-Ro	D03	Tephrosia virginiana	2/26/25	1.16	55.68	Quarter	OSBS-36	NA	root	Fabaceae	OSBS	Tephrosia	Millettieae	OSBS_006	Putnam	FL	yes	NA	NA	20240611	Rhizobium	Rhizobium_sp._ZK1	83.953	55.7717	0	902
DSNY-6-2-Rh|nifK|consensus50|pass_single_dominant	DSNY-6-2-Rh	D03	Morella pumila	8/14/24	0.852	40.896	Quarter	DSNY-MOPU-6	dry	rhizosphere	Myricaceae	DSNY	Morella	actinorhizal	DSNY_004	Osceola	Florida	yes	28.09974869	-81.39996247	20240319	Mesorhizobium	Mesorhizobium_muleiense	88.362	57.393	0	1099
JERC-23-1-Rh|nifK|consensus50|pass_mixed_possible_multitemplate	JERC-23-1-Rh	D03	Rhynchosia reniformis	8/14/24	0.0765	3.672	Quarter	JERC-RHRE-23	dry	rhizosphere	Fabaceae	JERC	Rhynchosia	Phaseoleae	JERC_006	Baker County	Georgia	yes	NA	NA	20240529	Microvirga	Microvirga_lotononidis	87.775	58.8846	0	1123
CLBJ-14-1-No|nifK|consensus50|pass_mixed_possible_multitemplate	CLBJ-14-1-No	D11	Strophostyles leiosperma	6/19/24	9.205	441.84	Half	CLBJ-14	dry	nodule	Fabaceae	CLBJ	Strophostyles	Phaseoleae	CLBJ_002_T	Wise	TX	yes	33.40398	-97.57114	5/8/24	Mesorhizobium	Mesorhizobium_sp._RIZ17	86.498	59.0791	0	1037
DELA-9-1-No|nifK|consensus50|pass_single_dominant	DELA-9-1-No	D08	Amphicarpaea bracteata	3/3/25	0.171	8.208	Quarter	DELA-9	dry	nodule	Fabaceae	DELA	Amphicarpaea	Phaseoleae	DELA_016	Green County	AL	yes	32.535793	-87.808361	8/13/24	Microvirga	Microvirga_sp._RSM25	88.721	38.5214	0	726
TALL-24-2-No|nifK|consensus50|pass_single_dominant	TALL-24-2-No	D08	Strophostyles umbellata	4/8/25	0.0925	4.44	Quarter	TALL-24	dry	nodule	Fabaceae	TALL	Strophostyles	Phaseoleae	TALL_006	Hale County	AL	yes	32.90006	-87.44547	8/26/24	Microvirga	Microvirga_sp._KLBC_81	87.103	100.0649	0	1759
TALL-25-2-Ro|nifK|consensus50|pass_mixed_possible_multitemplate	TALL-25-2-Ro	D08	Chamaecrista nictitans	4/8/25	0	0	Quarter	TALL-25	dry	root	Fabaceae	TALL	Chamaecrista	Cassieae	TALL_003	Bibb County	AL	yes	32.89341	-87.415	8/26/24	Microvirga	Microvirga_sp._RSM25	87.319	35.7977	0	664
TALL-25-2-No|nifK|consensus50|pass_mixed_possible_multitemplate	TALL-25-2-No	D08	Chamaecrista nictitans	4/8/25	0.3135	15.048	Quarter	TALL-25	dry	nodule	Fabaceae	TALL	Chamaecrista	Cassieae	TALL_003	Bibb County	AL	yes	32.89341	-87.415	8/26/24	Microvirga	Microvirga_sp._KLBC_81	83.777	99.9351	0	1591
TALL-24-2-Ro|nifK|consensus50|pass_single_dominant	TALL-24-2-Ro	D08	Strophostyles umbellata	4/8/25	0.5915	28.392	Quarter	TALL-24	dry	root	Fabaceae	TALL	Strophostyles	Phaseoleae	TALL_006	Hale County	AL	yes	32.90006	-87.44547	8/26/24	Microvirga	Microvirga_sp._KLBC_81	84.912	58.8846	0	974
TALL-15-2-No|nifK|consensus50|pass_single_dominant	TALL-15-2-No	D08	Strophostyles umbellata	3/28/25	2.945	141.36	Quarter	TALL-15	ethanol	nodule	Fabaceae	TALL	Strophostyles	Phaseoleae	TALL_002	Hale County	AL	yes	32.922291	-87.428794	8/22/24	Microvirga	Microvirga_sp._RSM25	88.506	39.4942	0	737
TALL-52-1-No|nifK|consensus50|pass_single_dominant	TALL-52-1-No	D08	Strophostyles umbellata	3/20/25	0.2145	10.296	Quarter	TALL-52	NA	nodule	Fabaceae	TALL	Strophostyles	Phaseoleae	TALL_006	Hale County	AL	yes	32.898847	-87.44631	8/27/24	Mesorhizobium	Mesorhizobium_sp._RIZ17	85.683	58.8846	0	1013
DSNY-66-1-No|nifK|consensus50|pass_mixed_possible_multitemplate	DSNY-66-1-No	D03	Chamaecrista fasciculata	2/24/25	1.135	54.48	Quarter	DSNY-66	dry	nodule	Fabaceae	DSNY	Chamaecrista	Cassieae	DSNY_003	Polk	Florida	yes	NA	NA	20240820	Microvirga	Microvirga_sp._KLBC_81	90.253	35.9274	0	756
CLBJ-42-1-Ro|nifK|consensus50|pass_mixed_possible_multitemplate	CLBJ-42-1-Ro	D11	Chamaecrista fasciculata	4/10/25	0.645	30.96	Quarter	CLBJ-42	ethanol	root	Fabaceae	CLBJ	Chamaecrista	Cassieae	CLBJ_034	Wise	TX	yes	33.2369	-97.34128	9/2/24	Mesorhizobium	Mesorhizobium_maamorense	87.588	55.3826	0	1046
SCBI-6-1-Ro|nifK|consensus50|pass_mixed_possible_multitemplate	SCBI-6-1-Ro	D02	Amphicarpaea bracteata	4/24/25	0.051	2.448	Quarter	SCBI-6	ethanol	root	Fabaceae	SCBI	Amphicarpaea	Phaseoleae	SCBI-067	Warren	VA	yes	38.895275	-78.135778	6/26/24	Sinorhizobium	Sinorhizobium_prairiense	85.848	55.4475	0	1009
SERC-5-1-No|nifK|consensus50|pass_single_dominant	SERC-5-1-No	D02	Glycine max	4/15/25	0.0585	2.808	Quarter	SERC-5	ethanol	nodule	Fabaceae	SERC	Glycine	Glycininae	SERC_023	Anne Arundel	MD	no	38.875198	-76.535306	9/25/24	Microvirga	Microvirga_lotononidis	88.023	57.393	0	1079
TALL-68-2-Rh|nifK|consensus50|pass_mixed_possible_multitemplate	TALL-68-2-Rh	D08	Desmodium laevigatum	4/8/25	0	0	Quarter	TALL-68	dry	rhizosphere	Fabaceae	TALL	Desmodium	Desmodieae	TALL_055	Bibb County	AL	yes	32.948543	-87.398325	9/3/24	Mesorhizobium	Mesorhizobium_muleiense	86.303	53.5019	0	950
TALL-17-2-No|nifK|consensus50|pass_mixed_possible_multitemplate	TALL-17-2-No	D08	Desmodium rotundifolium	4/8/25	0	0	Quarter	TALL-17	ethanol	nodule	Fabaceae	TALL	Desmodium	Desmodieae	TALL_002	Hale County	AL	yes	32.922291	-87.428794	8/22/24	Mesorhizobium	Mesorhizobium_maamorense	87.822	55.3826	0	1038
YELL-6-1-Rh|nifK|consensus50|pass_single_dominant	YELL-6-1-Rh	D12	Astragalus sp.	4/4/25	0	0	Quarter	YELL-6	ethanol	rhizosphere	Fabaceae	YELL	Astragalus	Galegeae	YELL_026	Park County	WY	yes	NA	NA	7/11/24	Mesorhizobium	Mesorhizobium_muleiense	87.37	55.9663	0	1029
DSNY-96-2-Rh|nifK|consensus50|pass_mixed_possible_multitemplate	DSNY-96-2-Rh	D03	Galactia	4/4/25	0	0	Quarter	DSNY-96	dry	rhizosphere	Fabaceae	DSNY	Galactia	Diocleae	DSNY_010	Osceola	Florida	yes	NA	NA	20241023	Mesorhizobium	Mesorhizobium_muleiense	88.337	56.1608	0	1079
DCFS-4-No|nifK|consensus50|pass_mixed_possible_multitemplate	DCFS-4-No	D09	Oxytropis lambertii	4/23/25	1.045	50.16	Quarter	DCFS-4	dry	nodule	Fabaceae	DCFS	Oxytropis	Galegeae	DCFS_004	Stutsman	ND	yes	47.171157	99.05145	6/10/24	Mesorhizobium	Mesorhizobium_muleiense	87.67	99.9351	0	1906
ORNL-8-2-No|nifK|consensus50|pass_mixed_possible_multitemplate	ORNL-8-2-No	D07	Hylodesmum nudiflorum	4/17/25	0.1665	7.992	Quarter	ORNL-8	dry	nodule	Fabaceae	ORNL	Desmodium	Desmodieae	ORNL_046	Anderson	TN	yes	35.964722	-84.285833	7/9/24	Mesorhizobium	Mesorhizobium_maamorense	86.885	55.3826	0	1048
OAES-8-2-No|nifK|consensus50|pass_single_dominant	OAES-8-2-No	D11	Astragalus plattensis	6/25/24	1.075	51.6	Quarter	OAES-8	ethanol	nodule	Fabaceae	OAES	Astragalus	Galegeae	OAES_044_T	Washita	OK	yes	35.40431	-99.05922	4/2/24	Mesorhizobium	Mesorhizobium_maamorense	90.915	99.9351	0	2093
YELL-7-1-Ro|nifK|consensus50|pass_mixed_possible_multitemplate	YELL-7-1-Ro	D12	Astragalus sp.	4/4/25	0.6705	32.184	Quarter	YELL-7	ethanol	root	Fabaceae	YELL	Astragalus	Galegeae	YELL_016	Park County	WY	yes	NA	NA	7/11/24	Mesorhizobium	Mesorhizobium_maamorense	87.486	55.9663	0	1096
SJER-2-3-Ro|nifK|consensus50|pass_mixed_possible_multitemplate	SJER-2-3-Ro	D17	Trifolium variegatum	4/15/25	0.0825	3.96	Quarter	SJER-2	dry	root	Fabaceae	SJER	Trifolium	Trifolieae	SJER_048	Fresno	CA	yes	37.109975	-119.734735	20240404	Mesorhizobium	Mesorhizobium_sp._RIZ17	81.868	59.0143	0	904
JERC-140-No|nifK|consensus50|pass_single_dominant	JERC-140-No	D03	Lespedeza bicolor	5/14/25	0.4765	22.872	Quarter	JERC-140	dry	nodule	Fabaceae	JERC	Lespedeza	Desmodieae	JERC_031	Baker County	Georgia	no	NA	NA	20240821	Microvirga	Microvirga_sp._KLBC_81	84.088	52.9831	0	863
SCBI-13-1-Rh|nifK|consensus50|pass_single_dominant	SCBI-13-1-Rh	D02	Elaeagnus umbellata	4/24/25	0	0	Quarter	SCBI-13	ethanol	rhizosphere	Elaeagnaceae	SCBI	Elaeagnus	actinorhizal	SCBI-011	Warren	VA	no	38.878901	-78.139749	7/10/24	Microvirga	Microvirga_lotononidis	87.5	54.9935	0	1018
RMNP-1-No|nifK|consensus50|pass_single_dominant	RMNP-1-No	D10	Thermopsis divaricarpa	4/24/25	2.99	143.52	Quarter	RMNP-1	dry	nodule	Fabaceae	RMNP	Thermopsis	Sophoreae	RMNP_019	Boulder	CO	yes	NA	NA	7/10/24	Microvirga	Microvirga_sp._RSM25	89.552	99.9351	0	1988
RMNP-2-No|nifK|consensus50|pass_single_dominant	RMNP-2-No	D10	Thermopsis divaricarpa	4/24/25	9.745	467.76	Half	RMNP-2	dry	nodule	Fabaceae	RMNP	Thermopsis	Sophoreae	RMNP_016	Boulder	CO	yes	NA	NA	6/11/24	Mesorhizobium	Mesorhizobium_maamorense	89.961	98.8327	0	2013
RMNP-2-Rh|nifK|consensus50|pass_single_dominant	RMNP-2-Rh	D10	Thermopsis divaricarpa	4/24/25	0	0	Quarter	RMNP-2	dry	rhizosphere	Fabaceae	RMNP	Thermopsis	Sophoreae	RMNP_016	Boulder	CO	yes	NA	NA	6/11/24	Mesorhizobium	Mesorhizobium_maamorense	89.675	99.8703	0	2006
OAES-3-1-No|nifK|consensus50|pass_mixed_possible_multitemplate	OAES-3-1-No	D11	Astragalus plattensis	6/25/24	1.715	82.32	Quarter	OAES-3	ethanol	nodule	Fabaceae	OAES	Astragalus	Galegeae	OAES_065_T	Washita	OK	yes	35.41314	-99.05573	3/27/24	Microvirga	Microvirga_sp._KLBC_81	88.824	99.8054	0	1921
OAES-18-3-No|nifK|consensus50|pass_mixed_possible_multitemplate	OAES-18-3-No	D11	Astragalus missouriensis	8/14/24	0.05	2.4	Quarter	OAES-18	ethanol	nodule	Fabaceae	OAES	Astragalus	Galegeae	OAES_003_R	Washita	OK	yes	35.41214	-99.0698	4/11/24	Mesorhizobium	Mesorhizobium_sp._WSM2240	86.923	59.0143	0	1138
CLBJ-10-1-No|nifK|consensus50|pass_mixed_possible_multitemplate	CLBJ-10-1-No	D11	Desmodium sessifolium	6/13/24	0.488	96.624	Quarter	CLBJ-10	dry	nodule	Fabaceae	CLBJ	Desmodium	Desmodieae	CLBJ_002_T	Wise	TX	yes	33.40398	-97.57114	5/8/24	Microvirga	Microvirga_lotononidis	86.894	58.8846	0	1094
DSNY-CRMA-35-1-Ro|nifK|consensus50|pass_mixed_possible_multitemplate	DSNY-CRMA-35-1-Ro	D03	Crotalaria maritima	9/18/24	0.1285	6.168	Quarter	DSNY-CRMA-35	dry	root	Fabaceae	DSNY	Crotalaria	Crotalarieae	DSNY_001	Osceola	Florida	yes	NA	NA	20240402	Microvirga	Microvirga_lotononidis	84.802	58.8846	0	1016
SRER-14-1-Ro|nifK|consensus50|pass_single_dominant	SRER-14-1-Ro	D14	Acmispon brachycarpus	8/19/24	13.3	638.4	Half	SRER-14	dry	root	Fabaceae	SRER	Lotus	Loteae	SRER_001	Pima	Arizona	yes	31.8619	-110.81906	4/10/24	Microvirga	Microvirga_sp._KLBC_81	89.164	96.952	0	1906
SRER-5-1-Ro|nifK|consensus50|pass_mixed_possible_multitemplate	SRER-5-1-Ro	D14	Acmispon brachycarpus	8/14/24	1.315	63.12	Quarter	SRER-5	dry	root	Fabaceae	SRER	Lotus	Loteae	SRER_005	Pima	Arizona	yes	31.4972	-110.49448	4/10/24	Mesorhizobium	Mesorhizobium_maamorense	88.164	58.6252	0	1120
SRER-11-1-Ro|nifK|consensus50|pass_mixed_possible_multitemplate	SRER-11-1-Ro	D14	Lotus strigosus	8/19/24	16.15	775.2	Half	SRER-11	dry	root	Fabaceae	SRER	Lotus	Loteae	SRER_006	Pima	Arizona	yes	31.47699	-110.54576	4/10/24	Microvirga	Microvirga_sp._KLBC_81	88.618	95.7198	0	1895
CLBJ-23-1-Rh|nifK|consensus50|pass_mixed_possible_multitemplate	CLBJ-23-1-Rh	D11	Acmispon americanus	6/20/24	0.069	3.312	Quarter	CLBJ-23	dry	rhizosphere	Fabaceae	CLBJ	Acmispon	Loteae	CLBJ_003_T	Wise	TX	yes	33.403989	-97.572744	5/8/24	Microvirga	Microvirga_sp._KLBC_81	86.712	56.6148	0	1055
OAES-15-No|nifK|consensus50|pass_single_dominant	OAES-15-No	D11	Astragalus crassicarpus var. crassicarpus	8/19/24	0.0855	4.104	Quarter	OAES-15	ethanol	nodule	Fabaceae	OAES	Astragalus	Galegeae	OAES_021_R	Washita	OK	yes	35.41182	-99.07327	4/11/24	Microvirga	Microvirga_sp._KLBC_81	89.351	99.8703	0	1945
OAES-15-Ro|nifK|consensus50|pass_single_dominant	OAES-15-Ro	D11	Astragalus crassicarpus var. crassicarpus	8/19/24	1.08	51.84	Quarter	OAES-15	ethanol	root	Fabaceae	OAES	Astragalus	Galegeae	OAES_021_R	Washita	OK	yes	35.41182	-99.07327	4/11/24	Microvirga	Microvirga_lotononidis	89.556	58.3658	0	1153
OAES-6-1-No|nifK|consensus50|pass_mixed_possible_multitemplate	OAES-6-1-No	D11	Astragalus nuttallianus var. austrinus	6/25/24	32.4	1555.2	Half	OAES-6	ethanol	nodule	Fabaceae	OAES	Astragalus	Galegeae	OAES_043_T	Washita	OK	yes	35.40511	-99.05857	4/2/24	Mesorhizobium	Mesorhizobium_maamorense	89.163	99.9351	0	2023
RMNP-3-Ro|nifK|consensus50|pass_mixed_possible_multitemplate	RMNP-3-Ro	D10	Oxytropis multiceps	4/24/25	0	0	Quarter	RMNP-3	dry	root	Fabaceae	RMNP	Oxytropis	Galegeae	RMNP_016	Boulder	CO	yes	NA	NA	6/11/24	Microvirga	Microvirga_sp._KLBC_81	88.876	54.2153	0	1079
SRER-7-1-No|nifK|consensus50|pass_single_dominant	SRER-7-1-No	D14	Lupinus concinnus	8/14/24	57	2736	Half	SRER-7	dry	nodule	Fabaceae	SRER	Lupinus	Genisteae	SRER_005	Pima	Arizona	yes	31.4969	-110.4945	4/10/24	Microvirga	Microvirga_sp._KLBC_81	89.112	100.0649	0	1943
SRER-8-1-Ro|nifK|consensus50|pass_mixed_possible_multitemplate	SRER-8-1-Ro	D14	Astragalus nuttallianus	8/14/24	3.06	146.88	Quarter	SRER-8	dry	root	Fabaceae	SRER	Astragalus	Galegeae	SRER_005	Pima	Arizona	yes	31.4969	-110.4945	4/10/24	Microvirga	Microvirga_lotononidis	87.542	57.7821	0	1092
DSNY-13-1-Rh|nifK|consensus50|pass_mixed_possible_multitemplate	DSNY-13-1-Rh	D03	Crotalaria pallida var. obovata	8/19/24	0.228	10.944	Quarter	DSNY-CRPA-13	dry	rhizosphere	Fabaceae	DSNY	Crotalaria	Crotalarieae	DSNY_044	Osceola	Florida	yes	28.12693243	-81.43561487	20240320	Sinorhizobium	Sinorhizobium_meliloti_(Rhizobium_meliloti)	85.983	99.9351	0	1784
JERC-RHDI-59-3-Ro|nifK|consensus50|pass_mixed_possible_multitemplate	JERC-RHDI-59-3-Ro	D03	Rhynchosia difformis	12/4/24	0.071	3.408	Quarter	JERC-59	dry	root	Fabaceae	JERC	Rhynchosia	Phaseoleae	JERC_050	Baker County	Georgia	yes	NA	NA	20240618	Mesorhizobium	Mesorhizobium_sp._AaZ16	87.796	54.7341	0	1040
RMNP-3-No|nifK|consensus50|pass_single_dominant	RMNP-3-No	D10	Oxytropis multiceps	4/24/25	0	0	Quarter	RMNP-3	dry	nodule	Fabaceae	RMNP	Oxytropis	Galegeae	RMNP_016	Boulder	CO	yes	NA	NA	6/11/24	Microvirga	Microvirga_sp._KLBC_81	87.945	98.4436	0	1857
DSNY-15-1-No|nifK|consensus50|pass_mixed_possible_multitemplate	DSNY-15-1-No	D03	Morella cerifera	8/19/24	13.3	638.4	Half	DSNY-MOCE-15	dry	nodule	Myricaceae	DSNY	Morella	actinorhizal	DSNY _042	Osceola	Florida	yes	NA	NA	20240401	Microvirga	Microvirga_sp._KLBC_81	86.372	99.9351	0	1862
SRER-17-1-Ro|nifK|consensus50|pass_mixed_possible_multitemplate	SRER-17-1-Ro	D14	Lotus strigosus	8/19/24	57	2736	Half	SRER-17	dry	root	Fabaceae	SRER	Lotus	Loteae	SRER_003	Pima	Arizona	yes	31.84081	-110.91742	4/11/24	Microvirga	Microvirga_sp._KLBC_81	87.67	99.9351	0	1919
SRER-4-1-Ro|nifK|consensus50|pass_mixed_possible_multitemplate	SRER-4-1-Ro	D14	Astragalus nuttallianus	8/14/24	16.65	799.2	Half	SRER-4	dry	root	Fabaceae	SRER	Astragalus	Galegeae	SRER_005	Pima	Arizona	yes	31.4972	-110.49448	4/10/24	Microvirga	Microvirga_sp._KLBC_81	89.055	52.1401	0	1037
OAES-22-1-Rh|nifK|consensus50|pass_mixed_possible_multitemplate	OAES-22-1-Rh	D11	Medicago minima	6/4/24	0	0	Quarter	OAES-22	ethanol	rhizosphere	Fabaceae	OAES	Medicago	Trifolieae	OAES_012_R	Washita	OK	no	35.402943	-99.064829	4/16/24	Microvirga	Microvirga_sp._KLBC_81	88.442	99.8703	0	1919
OAES-28-1-Ro|nifK|consensus50|pass_mixed_possible_multitemplate	OAES-28-1-Ro	D11	Astragalus missouriensis	6/10/24	0	0	Quarter	OAES-28	ethanol	root	Fabaceae	OAES	Astragalus	Galegeae	OAES_006_R	Washita	OK	yes	35.420259	-99.048669	4/17/24	Microvirga	Microvirga_sp._KLBC_81	85.835	99.8054	0	1853
SRER-12-1-Rh|nifK|consensus50|pass_mixed_possible_multitemplate	SRER-12-1-Rh	D14	Acmispon brachycarpus	8/19/24	0.445	21.36	Quarter	SRER-12	dry	rhizosphere	Fabaceae	SRER	Lotus	Loteae	SRER_006	Pima	Arizona	yes	31.47697	-110.54576	4/10/24	Microvirga	Microvirga_lotononidis	87.679	58.9494	0	1149
SRER-15-1-Ro|nifK|consensus50|pass_mixed_possible_multitemplate	SRER-15-1-Ro	D14	Astragalus nuttallianus	8/19/24	0.0535	2.568	Quarter	SRER-15	dry	root	Fabaceae	SRER	Astragalus	Galegeae	SRER_001	Pima	Arizona	yes	31.86189	-110.81892	4/10/24	Mesorhizobium	Mesorhizobium_sp._RIZ17	88.143	57.9767	0	1099
SRER-16-1-Rh|nifK|consensus50|pass_mixed_possible_multitemplate	SRER-16-1-Rh	D14	Astragalus nuttallianus	8/19/24	0.1265	6.072	Quarter	SRER-16	dry	rhizosphere	Fabaceae	SRER	Astragalus	Galegeae	SRER_053	Pima	Arizona	yes	31.9096	-110.83605	4/10/24	Mesorhizobium	Mesorhizobium_sp._WSM2240	86.42	57.7821	0	1122
SRER-15-1-Rh|nifK|consensus50|pass_mixed_possible_multitemplate	SRER-15-1-Rh	D14	Astragalus nuttallianus	8/19/24	0	0	Quarter	SRER-15	dry	rhizosphere	Fabaceae	SRER	Astragalus	Galegeae	SRER_001	Pima	Arizona	yes	31.86189	-110.81892	4/10/24	Microvirga	Microvirga_lotononidis	87.182	58.69	0	1098
DSNY-34-1-Ro|nifK|consensus50|pass_mixed_possible_multitemplate	DSNY-34-1-Ro	D03	Crotalaria maritima	9/18/24	0	0	Quarter	DSNY-CRMA-34	dry	root	Fabaceae	DSNY	Crotalaria	Crotalarieae	DSNY_001	Osceola	Florida	yes	NA	NA	20240402	Microvirga	Microvirga_lotononidis	86.338	56.4851	0	1014
SRER-2-1-Ro|nifK|consensus50|pass_mixed_possible_multitemplate	SRER-2-1-Ro	D14	Acmispon brachycarpus	8/14/24	1.935	92.88	Quarter	SRER-2	dry	root	Fabaceae	SRER	Lotus	Loteae	SRER_002	Pima	Arizona	yes	31.87051	-110.85657	4/10/24	Sinorhizobium	Sinorhizobium_prairiense	88.046	56.4202	0	1079
SRER-1-1-No|nifK|consensus50|pass_single_dominant	SRER-1-1-No	D14	Acmispon strigosus	8/14/24	4.12	197.76	Quarter	SRER-1	dry	nodule	Fabaceae	SRER	Lotus	Loteae	SRER_002	Pima	Arizona	yes	31.81032	-110.85676	4/10/24	Microvirga	Microvirga_sp._KLBC_81	88.459	98.8975	0	1881
SRER-1-1-Ro|nifK|consensus50|pass_mixed_possible_multitemplate	SRER-1-1-Ro	D14	Acmispon strigosus	8/14/24	0.2935	14.088	Quarter	SRER-1	dry	root	Fabaceae	SRER	Lotus	Loteae	SRER_002	Pima	Arizona	yes	31.81032	-110.85676	4/10/24	Microvirga	Microvirga_lotononidis	87.004	58.8846	0	1101
SRER-1-1-Rh|nifK|consensus50|pass_mixed_possible_multitemplate	SRER-1-1-Rh	D14	Acmispon strigosus	8/14/24	4.715	226.32	Quarter	SRER-1	dry	rhizosphere	Fabaceae	SRER	Lotus	Loteae	SRER_002	Pima	Arizona	yes	31.81032	-110.85676	4/10/24	Microvirga	Microvirga_lotononidis	86.504	58.6252	0	1066
JERC-16-2-Rh|nifK|consensus50|pass_mixed_possible_multitemplate	JERC-16-2-Rh	D03	Crotalaria rotundifolia	8/14/24	0.232	11.136	Quarter	JERC-CRRO-16	dry	rhizosphere	Fabaceae	JERC	Crotalaria	Crotalarieae	JERC_001	Baker County	Georgia	yes	NA	NA	20240409	Microvirga	Microvirga_lotononidis	87.148	57.5227	0	1094
SRER-15-1-No|nifK|consensus50|pass_mixed_possible_multitemplate	SRER-15-1-No	D14	Astragalus nuttallianus	8/19/24	2.16	103.68	Quarter	SRER-15	dry	nodule	Fabaceae	SRER	Astragalus	Galegeae	SRER_001	Pima	Arizona	yes	31.86189	-110.81892	4/10/24	Microvirga	Microvirga_lotononidis	87.899	58.9494	0	1112
JERC-14-5-No|nifK|consensus50|pass_mixed_possible_multitemplate	JERC-14-5-No	D03	Baptisia alba	8/14/24	1.59	76.32	Quarter	JERC-BAAL-14	dry	nodule	Fabaceae	JERC	Baptisia	Sophoreae	JERC_035	Baker County	Georgia	yes	31.184556	-84.4424173	20240402	Microvirga	Microvirga_lotononidis	87.356	56.4202	0	1048
SRER-14-1-Rh|nifK|consensus50|pass_mixed_possible_multitemplate	SRER-14-1-Rh	D14	Acmispon brachycarpus	8/19/24	0	0	Quarter	SRER-14	dry	rhizosphere	Fabaceae	SRER	Lotus	Loteae	SRER_001	Pima	Arizona	yes	31.8619	-110.81906	4/10/24	Mesorhizobium	Mesorhizobium_maamorense	87.205	57.7821	0	1068
JERC-7-2-Rh|nifK|consensus50|pass_mixed_possible_multitemplate	JERC-7-2-Rh	D03	Baptisia alba	7/15/24	0	0	Quarter	JERC-BAAL-7	dry	rhizosphere	Fabaceae	JERC	Baptisia	Sophoreae	JERC_008	Baker County	Georgia	yes	31.1859357	-84.4376644	20240327	Microvirga	Microvirga_sp._KLBC_81	85.157	51.5564	0	928
SRER-14-1-No|nifK|consensus50|pass_single_dominant	SRER-14-1-No	D14	Acmispon brachycarpus	8/19/24	0.1585	7.608	Quarter	SRER-14	dry	nodule	Fabaceae	SRER	Lotus	Loteae	SRER_001	Pima	Arizona	yes	31.8619	-110.81906	4/10/24	Microvirga	Microvirga_lotononidis	87.789	58.9494	0	1092
SRER-17-1-Rh|nifK|consensus50|pass_mixed_possible_multitemplate	SRER-17-1-Rh	D14	Lotus strigosus	8/19/24	0.258	12.384	Quarter	SRER-17	dry	rhizosphere	Fabaceae	SRER	Lotus	Loteae	SRER_003	Pima	Arizona	yes	31.84081	-110.91742	4/11/24	Microvirga	Microvirga_sp._KLBC_81	89.009	41.8936	0	845
OAES-21-3-No|nifK|consensus50|pass_single_dominant	OAES-21-3-No	D11	Astragalus plattensis	6/4/24	0.7035	139.293	Quarter	OAES-21	ethanol	nodule	Fabaceae	OAES	Astragalus	Galegeae	OAES_012_R	Washita	OK	yes	35.402943	-99.064829	4/16/24	Microvirga	Microvirga_sp._RSM25	88.229	58.9494	0	1116
SRER-12-1-No|nifK|consensus50|pass_mixed_possible_multitemplate	SRER-12-1-No	D14	Acmispon brachycarpus	8/19/24	34.45	1653.6	Half	SRER-12	dry	nodule	Fabaceae	SRER	Lotus	Loteae	SRER_006	Pima	Arizona	yes	31.47697	-110.54576	4/10/24	Mesorhizobium	Mesorhizobium_maamorense	88.911	100	0	1956
SRER-12-1-Ro|nifK|consensus50|pass_single_dominant	SRER-12-1-Ro	D14	Acmispon brachycarpus	8/19/24	0.083	3.984	Quarter	SRER-12	dry	root	Fabaceae	SRER	Lotus	Loteae	SRER_006	Pima	Arizona	yes	31.47697	-110.54576	4/10/24	Microvirga	Microvirga_sp._RSM25	88.385	58.6252	0	1129
SRER-9-1-Ro|nifK|consensus50|pass_single_dominant	SRER-9-1-Ro	D14	Lupinus concinnus	8/19/24	10.6	508.8	Half	SRER-9	dry	root	Fabaceae	SRER	Lupinus	Genisteae	SRER_006	Pima	Arizona	yes	31.47733	-110.54604	4/10/24	Mesorhizobium	Mesorhizobium_maamorense	89.228	99.9351	0	1967
SRER-18-1-Rh|nifK|consensus50|pass_single_dominant	SRER-18-1-Rh	D14	Lupinus concinnus	8/19/24	0.673	32.304	Quarter	SRER-18	dry	rhizosphere	Fabaceae	SRER	Lupinus	Genisteae	SRER_003	Pima	Arizona	yes	31.84075	-110.91726	4/11/24	Mesorhizobium	Mesorhizobium_maamorense	88.071	58.1712	0	1092
SRER-18-1-Ro|nifK|consensus50|pass_single_dominant	SRER-18-1-Ro	D14	Lupinus concinnus	8/19/24	23.2	1113.6	Half	SRER-18	dry	root	Fabaceae	SRER	Lupinus	Genisteae	SRER_003	Pima	Arizona	yes	31.84075	-110.91726	4/11/24	Mesorhizobium	Mesorhizobium_maamorense	89.042	98.8327	0	1919
SRER-17-1-No|nifK|consensus50|pass_single_dominant	SRER-17-1-No	D14	Lotus strigosus	8/19/24	31.8	1526.4	Half	SRER-17	dry	nodule	Fabaceae	SRER	Lotus	Loteae	SRER_003	Pima	Arizona	yes	31.84081	-110.91742	4/11/24	Microvirga	Microvirga_sp._KLBC_81	89.307	100.0649	0	1969
SRER-3-1-No|nifK|consensus50|pass_single_dominant	SRER-3-1-No	D14	Lupinus concinnus	8/14/24	33.5	1608	Half	SRER-3	dry	nodule	Fabaceae	SRER	Lupinus	Genisteae	SRER_002	Pima	Arizona	yes	31.87047	-110.85648	4/10/24	Microvirga	Microvirga_sp._KLBC_81	89.307	100.0649	0	1969
SRER-3-1-Ro|nifK|consensus50|pass_mixed_possible_multitemplate	SRER-3-1-Ro	D14	Lupinus concinnus	8/14/24	14.15	679.2	Half	SRER-3	dry	root	Fabaceae	SRER	Lupinus	Genisteae	SRER_002	Pima	Arizona	yes	31.87047	-110.85648	4/10/24	Microvirga	Microvirga_sp._KLBC_81	88.781	100	0	1941
SRER-13-1-No|nifK|consensus50|pass_single_dominant	SRER-13-1-No	D14	Lotus strigosus	8/19/24	0.085	4.08	Quarter	SRER-13	dry	nodule	Fabaceae	SRER	Lotus	Loteae	SRER_001	Pima	Arizona	yes	31.86197	-110.81906	4/10/24	Microvirga	Microvirga_sp._KLBC_81	88.326	58.8846	0	1118
SRER-13-1-Rh|nifK|consensus50|pass_single_dominant	SRER-13-1-Rh	D14	Lotus strigosus	8/19/24	0.124	5.952	Quarter	SRER-13	dry	rhizosphere	Fabaceae	SRER	Lotus	Loteae	SRER_001	Pima	Arizona	yes	31.86197	-110.81906	4/10/24	Microvirga	Microvirga_sp._KLBC_81	87.991	57.7821	0	1096
SRER-13-1-Ro|nifK|consensus50|pass_single_dominant	SRER-13-1-Ro	D14	Lotus strigosus	8/19/24	0.1885	9.048	Quarter	SRER-13	dry	root	Fabaceae	SRER	Lotus	Loteae	SRER_001	Pima	Arizona	yes	31.86197	-110.81906	4/10/24	Microvirga	Microvirga_sp._KLBC_81	88.393	58.1064	0	1107
JERC-14-5-Rh|nifK|consensus50|pass_mixed_possible_multitemplate	JERC-14-5-Rh	D03	Baptisia alba	8/14/24	0.5745	27.576	Quarter	JERC-BAAL-14	dry	rhizosphere	Fabaceae	JERC	Baptisia	Sophoreae	JERC_035	Baker County	Georgia	yes	31.184556	-84.4424173	20240402	Microvirga	Microvirga_lotononidis	85.237	50.5188	0	876
SRER-10-1-No|nifK|consensus50|pass_single_dominant	SRER-10-1-No	D14	Lupinus sparsiflorus	8/19/24	0	0	Quarter	SRER-10	dry	nodule	Fabaceae	SRER	Lupinus	Genisteae	SRER_006	Pima	Arizona	yes	31.47699	-110.54576	4/10/24	Mesorhizobium	Mesorhizobium_maamorense	88.838	99.9351	0	1923
SRER-2-1-No|nifK|consensus50|pass_single_dominant	SRER-2-1-No	D14	Acmispon brachycarpus	8/14/24	2.55	122.4	Quarter	SRER-2	dry	nodule	Fabaceae	SRER	Lotus	Loteae	SRER_002	Pima	Arizona	yes	31.87051	-110.85657	4/10/24	Microvirga	Microvirga_sp._KLBC_81	87.991	57.7821	0	1074
SRER-2-1-Rh|nifK|consensus50|pass_mixed_possible_multitemplate	SRER-2-1-Rh	D14	Acmispon brachycarpus	8/14/24	0.076	3.648	Quarter	SRER-2	dry	rhizosphere	Fabaceae	SRER	Lotus	Loteae	SRER_002	Pima	Arizona	yes	31.87051	-110.85657	4/10/24	Microvirga	Microvirga_sp._KLBC_81	86.912	56.4851	0	1037
DELA-2-2-Rh|nifK|consensus50|pass_single_dominant	DELA-2-2-Rh	D08	Lespedeza cuneata	2/26/25	0.2215	10.632	Quarter	DELA-2	dry	rhizosphere	Fabaceae	DELA	Lespedeza	Desmodieae	DELA_008	Green County	AL	no	32.539186	-87.81292	7/24/24	Microvirga	Microvirga_sp._KLBC_81	86.989	52.3346	0	953
LENO-3-2-Rh|nifK|consensus50|pass_mixed_possible_multitemplate	LENO-3-2-Rh	D08	Desmodium paniculatum	2/25/25	4.455	213.84	Quarter	LENO-3	dry	rhizosphere	Fabaceae	LENO	Desmodium	Desmodieae	LENO_005	Choctaw County	AL	yes	31.828025	-88.181692	6/19/24	Microvirga	Microvirga_lotononidis	88.423	58.8197	0	1131
OSBS-2-3-Rh|nifK|consensus50|pass_single_dominant	OSBS-2-3-Rh	D03	Morella cerifera	8/14/24	3.3	158.4	Quarter	OSBS-MOCE-2	dry	rhizosphere	Myricaceae	OSBS	Morella	actinorhizal	OSBS_011	Putnam	FL	yes	NA	NA	20240424	Microvirga	Microvirga_sp._RSM25	87.852	57.6524	0	1096
OSBS-18-5-Ro|nifK|consensus50|pass_single_dominant	OSBS-18-5-Ro	D03	Tephrosia virginiana	8/19/24	0.1345	6.456	Quarter	OSBS-TEVI-18	dry	root	Fabaceae	OSBS	Tephrosia	Millettieae	OSBS_063	Putnam	FL	yes	NA	NA	20240521	Mesorhizobium	Mesorhizobium_maamorense	87.871	50.2594	0	963
SRER-3-1-Rh|nifK|consensus50|pass_mixed_possible_multitemplate	SRER-3-1-Rh	D14	Lupinus concinnus	8/14/24	0.7955	38.184	Quarter	SRER-3	dry	rhizosphere	Fabaceae	SRER	Lupinus	Genisteae	SRER_002	Pima	Arizona	yes	31.87047	-110.85648	4/10/24	Microvirga	Microvirga_lotononidis	86.88	58.8197	0	1090
MLBS-1-1-No|nifK|consensus50|pass_single_dominant	MLBS-1-1-No	D07	Elaeagnus umbellata	2/17/25	0	0	Quarter	MLBS-1	dry	nodule	Elaeagnaceae	MLBS	Elaeagnus	actinorhizal	MLBS_030	Giles	VA	no	37.43	-80.508333	5/15/24	Microvirga	Microvirga_lotononidis	87.471	56.4202	0	1046
SRER-10-1-Rh|nifK|consensus50|pass_mixed_possible_multitemplate	SRER-10-1-Rh	D14	Lupinus sparsiflorus	8/19/24	12.25	588	Half	SRER-10	dry	rhizosphere	Fabaceae	SRER	Lupinus	Genisteae	SRER_006	Pima	Arizona	yes	31.47699	-110.54576	4/10/24	Mesorhizobium	Mesorhizobium_maamorense	89.358	99.9351	0	1984
SRER-10-1-Ro|nifK|consensus50|pass_mixed_possible_multitemplate	SRER-10-1-Ro	D14	Lupinus sparsiflorus	8/19/24	13.8	662.4	Half	SRER-10	dry	root	Fabaceae	SRER	Lupinus	Genisteae	SRER_006	Pima	Arizona	yes	31.47699	-110.54576	4/10/24	Mesorhizobium	Mesorhizobium_maamorense	88.579	99.9351	0	1954
SRER-11-1-No|nifK|consensus50|pass_mixed_possible_multitemplate	SRER-11-1-No	D14	Lotus strigosus	8/19/24	0	0	Quarter	SRER-11	dry	nodule	Fabaceae	SRER	Lotus	Loteae	SRER_006	Pima	Arizona	yes	31.47699	-110.54576	4/10/24	Microvirga	Microvirga_lotononidis	88.009	58.9494	0	1122
CLBJ-16-2-Ro|nifK|consensus50|pass_mixed_possible_multitemplate	CLBJ-16-2-Ro	D11	Lespedeza virginica	6/19/24	0.0775	3.72	Quarter	CLBJ-16	dry	root	Fabaceae	CLBJ	Lespedeza	Desmodieae	CLBJ_003_T	Wise	TX	yes	33.403989	-97.572744	5/8/24	Sinorhizobium	Sinorhizobium_prairiense	85.993	56.4851	0	977
JERC-123-Ro|nifK|consensus50|pass_mixed_possible_multitemplate	JERC-123-Ro	D03	Desmodium lineatum	2/25/25	0.14	6.72	Quarter	JERC-123	dry	root	Fabaceae	JERC	Desmodium	Desmodieae	JERC_003	Baker County	Georgia	yes	31.196121	-84.473601	20240730	Mesorhizobium	Mesorhizobium_sp._AaZ16	89.91	35.9922	0	747
LAJA-7-1-Ro|nifK|consensus50|pass_mixed_possible_multitemplate	LAJA-7-1-Ro	D04	Macroptilium atropurpureum	3/26/25	0.4545	21.816	Quarter	LAJA-7	dry	root	Fabaceae	LAJA	Macroptilium	Phaseoleae	LAJA_002	LAJA	P.R	no	18.03622	-67.07407	9/27/24	Microvirga	Microvirga_lotononidis	83.793	56.4202	0	922
JERC-157-2-No|nifK|consensus50|pass_mixed_possible_multitemplate	JERC-157-2-No	D03	Chamaecrista fasciculata	2/26/25	0	0	Quarter	JERC-157	dry	nodule	Fabaceae	JERC	Chamaecrista	Cassieae	JERC_015	Baker County	Georgia	yes	NA	NA	20241002	Microvirga	Microvirga_sp._KLBC_81	86.567	52.1401	0	933
JERC-28-4-Rh|nifK|consensus50|pass_mixed_possible_multitemplate	JERC-28-4-Rh	D03	Lespedeza cf. stuevei	10/2/24	0	0	Quarter	JERC-28	dry	rhizosphere	Fabaceae	JERC	Lespedeza	Desmodieae	JERC_007	Baker County	Georgia	yes	NA	NA	20240603	Mesorhizobium	Mesorhizobium_sp._WSM2240	88.226	39.1051	0	754
CLBJ-43-2-Ro|nifK|consensus50|pass_mixed_possible_multitemplate	CLBJ-43-2-Ro	D11	Indigofera miniata	2/19/25	0.152	7.296	Quarter	CLBJ-43	dry	root	Fabaceae	CLBJ	Indigofera	Indigofereae	CLBJ_019_T	Wise	TX	yes	33.23721	-97.34166	9/4/24	Microvirga	Microvirga_lotononidis	85.09	50.454	0	859
DSNY-101-1-Rh|nifK|consensus50|pass_single_dominant	DSNY-101-1-Rh	D03	Crotalaria spectabilis	2/26/25	0	0	Quarter	DSNY-101	dry	rhizosphere	Fabaceae	DSNY	Crotalaria	Crotalarieae	NA	Osceola	FLorida	no	NA	NA	20241211	Mesorhizobium	Mesorhizobium_sp._RIZ17	85.971	57.7821	0	1000
DSNY-CLFR-60-Ro|nifK|consensus50|pass_single_dominant	DSNY-CLFR-60-Ro	D03	Macroptilium lathyroides	2/27/25	0	0	Quarter	DSNY-CLFR-60	dry	root	Fabaceae	DSNY	Sesbania	Sesbanieae	DSNY_021	Polk	Florida	yes	28.0490055	-81.4001861	20240821	Mesorhizobium	Mesorhizobium_sp._WSM2240	86.255	51.4267	0	907
TALL-68-2-No|nifK|consensus50|pass_mixed_possible_multitemplate	TALL-68-2-No	D08	Desmodium laevigatum	4/8/25	0	0	Quarter	TALL-68	dry	nodule	Fabaceae	TALL	Desmodium	Desmodieae	TALL_055	Bibb County	AL	yes	32.948543	-87.398325	9/3/24	Microvirga	Microvirga_sp._KLBC_81	85.836	53.1128	0	917
JERC-171-No|nifK|consensus50|pass_single_dominant	JERC-171-No	D03	Desmodium viridiflorum	2/27/25	0	0	Quarter	JERC-171	dry	nodule	Fabaceae	JERC	Desmodium	Desmodieae	JERC_019	Baker County	Georgia	yes	NA	NA	20241003	Mesorhizobium	Mesorhizobium_sp._WSM2240	90.794	35.9274	0	745
JERC-171-Ro|nifK|consensus50|pass_single_dominant	JERC-171-Ro	D03	Desmodium viridiflorum	2/27/25	0.169	8.112	Quarter	JERC-171	dry	root	Fabaceae	JERC	Desmodium	Desmodieae	JERC_019	Baker County	Georgia	yes	NA	NA	20241003	Mesorhizobium	Mesorhizobium_maamorense	90.778	35.8625	0	741
LENO-5-2-Rh|nifK|consensus50|pass_mixed_possible_multitemplate	LENO-5-2-Rh	D08	Amorpha fruticosa	2/25/25	0.632	30.336	Quarter	LENO-5	dry	rhizosphere	Fabaceae	LENO	Amorpha	Amorpheae	LENO_011	Choctaw County	AL	yes	31.825876	-88.182931	6/19/24	Mesorhizobium	Mesorhizobium_sp._WSM2240	86.622	58.1712	0	1053
JERC-98-1-No|nifK|consensus50|pass_single_dominant	JERC-98-1-No	D03	Lespedeza cuneata	2/24/25	0	0	Quarter	JERC-98	dry	nodule	Fabaceae	JERC	Lespedeza	Desmodieae	JERC_034	Baker County	Georgia	no	31.26611111	-84.59333333	20240625	Mesorhizobium	Mesorhizobium_maamorense	91.107	35.7328	0	750
LENO-14-3-Ro|nifK|consensus50|pass_mixed_possible_multitemplate	LENO-14-3-Ro	D08	Hylodesmum pauciflorum	2/25/25	0.1345	6.456	Quarter	LENO-14	dry	root	Fabaceae	LENO	Desmodium	Desmodieae	LENO_021	Choctaw County	AL	yes	31.834449	-88.170754	7/3/24	Microvirga	Microvirga_lotononidis	85.506	57.7173	0	989
JERC-128-2-Rh|nifK|consensus50|pass_single_dominant	JERC-128-2-Rh	D03	Desmodium marilandicum	2/26/25	0	0	Quarter	JERC-128	dry	rhizosphere	Fabaceae	JERC	Desmodium	Desmodieae	JERC_002	Baker County	Georgia	yes	31.1940087	-84.4604029	20240730	Mesorhizobium	Mesorhizobium_maamorense	91.652	35.7328	0	767
JERC-156-Ro|nifK|consensus50|pass_single_dominant	JERC-156-Ro	D03	Lespedeza hirta	2/27/25	0.071	3.408	Quarter	JERC-156	dry	root	Fabaceae	JERC	Lespedeza	Desmodieae	JERC_015	Baker County	Georgia	yes	NA	NA	20241002	Microvirga	Microvirga_lotononidis	86.009	56.5499	0	981
DSNY-68-1-Ro|nifK|consensus50|pass_mixed_possible_multitemplate	DSNY-68-1-Ro	D03	Desmodium triflorum	2/24/25	0.08	3.84	Quarter	DSNY-68	dry	root	Fabaceae	DSNY	Desmodium	Desmodieae	DSNY_043	Polk	Florida	yes	28.1252617	-81.4363446	20240904	Microvirga	Microvirga_lotononidis	84.692	58.8846	0	979
KONZ-3-1-Rh|nifK|consensus50|pass_mixed_possible_multitemplate	KONZ-3-1-Rh	D06	Lespedeza capitata	8/29/24	0	0	Quarter	KONZ-3	dry	rhizosphere	Fabaceae	KONZ	Lespedeza	Desmodieae	KONZ_005	Riley	KS	yes	39.10294	-96.5637	20240703	Mesorhizobium	Mesorhizobium_sp._RIZ17	85.796	56.6148	0	968
DSNY-70-1-Ro|nifK|consensus50|pass_mixed_possible_multitemplate	DSNY-70-1-Ro	D03	Indigofera hirsuta	2/24/25	1.745	83.76	Quarter	DSNY-70	dry	root	Fabaceae	DSNY	Indigofera	Indigofereae	DSNY_043	Polk	Florida	no	28.1252617	-81.4363446	20240904	Mesorhizobium	Mesorhizobium_maamorense	91.328	35.1492	0	749
KONZ-16-1-Rh|nifK|consensus50|pass_single_dominant	KONZ-16-1-Rh	D06	Ceanothus herbaceus	2/25/25	0	0	Quarter	KONZ-16	dry	rhizosphere	Rhamnaceae	KONZ	Ceanothus	actinorhizal	#N/A	#N/A	#N/A	yes	#N/A	#N/A	#N/A	Mesorhizobium	Mesorhizobium_maamorense	90.595	33.7873	0	691
JERC-50-5-Rh|nifK|consensus50|pass_single_dominant	JERC-50-5-Rh	D03	Chamaecrista nictitans	12/4/24	0	0	Quarter	JERC-50	dry	rhizosphere	Fabaceae	JERC	Chamaecrista	Cassieae	JERC_002	Baker County	Georgia	yes	NA	NA	20240604	Sinorhizobium	Sinorhizobium_prairiense	86.059	48.3787	0	832
JERC-50-5-Ro|nifK|consensus50|pass_mixed_possible_multitemplate	JERC-50-5-Ro	D03	Chamaecrista nictitans	12/4/24	0.0605	2.904	Quarter	JERC-50	dry	root	Fabaceae	JERC	Chamaecrista	Cassieae	JERC_002	Baker County	Georgia	yes	NA	NA	20240604	Sinorhizobium	Sinorhizobium_prairiense	85.73	59.0791	0	1007
DSNY-CRMA-33-1-Ro|nifK|consensus50|pass_mixed_possible_multitemplate	DSNY-CRMA-33-1-Ro	D03	Crotalaria maritima	9/18/24	0	0	Quarter	DSNY-CRMA-33	dry	root	Fabaceae	DSNY	Crotalaria	Crotalarieae	DSNY_001	Osceola	Florida	yes	NA	NA	20240402	Mesorhizobium	Mesorhizobium_sp._WSM2240	90.186	38.3268	0	797
JERC-47-2-Ro|nifK|consensus50|pass_single_dominant	JERC-47-2-Ro	D03	Indigofera hirsuta	12/4/24	0.1445	6.936	Quarter	JERC-47	dry	root	Fabaceae	JERC	Indigofera	Indigofereae	JERC_005	Baker County	Georgia	no	NA	NA	20240604	Mesorhizobium	Mesorhizobium_sp._WSM2240	91.275	38.6511	0	815
JERC-48-3-Ro|nifK|consensus50|pass_single_dominant	JERC-48-3-Ro	D03	Crotalaria rotundifolia	12/4/24	0.435	20.88	Quarter	JERC-48	dry	root	Fabaceae	JERC	Crotalaria	Crotalarieae	JERC_002	Baker County	Georgia	yes	NA	NA	20240604	Mesorhizobium	Mesorhizobium_sp._WSM2240	90.381	39.1051	0	798
DSNY-CRMA-35-1-Rh|nifK|consensus50|pass_single_dominant	DSNY-CRMA-35-1-Rh	D03	Crotalaria maritima	9/18/24	0	0	Quarter	DSNY-CRMA-35	dry	rhizosphere	Fabaceae	DSNY	Crotalaria	Crotalarieae	DSNY_001	Osceola	Florida	yes	NA	NA	20240402	Sinorhizobium	Sinorhizobium_prairiense	85.646	54.2153	0	974
TALL-30-1-Ro|nifK|consensus50|pass_mixed_possible_multitemplate	TALL-30-1-Ro	D08	Clitoria sp.	4/1/25	0.1715	8.232	Quarter	TALL-30	dry	root	Fabaceae	TALL	Clitoria	Phaseoleae	TALL_001	Hale County	AL	yes	32.97635	-87.43249	8/26/24	Mesorhizobium	Mesorhizobium_sp._WSM2240	81.452	56.2905	0	905
JERC-30-3-Rh|nifK|consensus50|pass_single_dominant	JERC-30-3-Rh	D03	Chamaecrista nictitans	10/2/24	0	0	Quarter	JERC-30	dry	rhizosphere	Fabaceae	JERC	Chamaecrista	Cassieae	JERC_007	Baker County	Georgia	yes	NA	NA	20240603	Microvirga	Microvirga_lotononidis	85.264	57.6524	0	989
KONZ-4-1-Rh|nifK|consensus50|pass_mixed_possible_multitemplate	KONZ-4-1-Rh	D06	Lespedeza capitata	8/29/24	0	0	Quarter	KONZ-4	dry	rhizosphere	Fabaceae	KONZ	Lespedeza	Desmodieae	KONZ_042	Riley	KS	yes	39.09968	-96.56345	20240710	Sinorhizobium	Sinorhizobium_prairiense	84.667	58.3658	0	990
OSBS-20-1-Ro|nifK|consensus50|pass_single_dominant	OSBS-20-1-Ro	D03	Rhynchosia cinerea	8/19/24	0.0725	3.48	Quarter	OSBS-RHCI-20	dry	root	Fabaceae	OSBS	Rhynchosia	Phaseoleae	OSBS_063	Putnam	FL	yes	NA	NA	20240521	Microvirga	Microvirga_sp._KLBC_81	87.336	54.2802	0	990
DSNY-67-3-Rh|nifK|consensus50|pass_single_dominant	DSNY-67-3-Rh	D03	Desmodium triflorum	2/24/25	0	0	Quarter	DSNY-67	dry	rhizosphere	Fabaceae	DSNY	Desmodium	Desmodieae	DSNY_021	Polk	Florida	yes	28.0490055	-81.4001861	20240821	Microvirga	Microvirga_lotononidis	85.795	57.5227	0	989
CLBJ-43-2-No|nifK|consensus50|pass_mixed_possible_multitemplate	CLBJ-43-2-No	D11	Indigofera miniata	2/19/25	1.55	74.4	Quarter	CLBJ-43	dry	nodule	Fabaceae	CLBJ	Indigofera	Indigofereae	CLBJ_019_T	Wise	TX	yes	33.23721	-97.34166	9/4/24	Sinorhizobium	Sinorhizobium_prairiense	87.231	39.1051	0	708
ORNL-13-2-No|nifK|consensus50|pass_single_dominant	ORNL-13-2-No	D07	Kummerowia striata	2/25/24	1.495	71.76	Quarter	ORNL-13	dry	nodule	Fabaceae	ORNL	Kummerowia	Desmodieae	ORNL_047	Anderson	TN	no	35.9525	-84.219722	7/11/24	Microvirga	Microvirga_sp._KLBC_81	86.727	57.6524	0	1053
JERC-169-Rh|nifK|consensus50|pass_single_dominant	JERC-169-Rh	D03	Clitoria mariana	2/27/25	0	0	Quarter	JERC-169	dry	rhizosphere	Fabaceae	JERC	Clitoria	Phaseoleae	JERC_019	Baker County	Georgia	yes	NA	NA	20241003	Mesorhizobium	Mesorhizobium_maamorense	87.774	41.3748	0	778
JERC-98-2-Rh|nifK|consensus50|pass_single_dominant	JERC-98-2-Rh	D03	Lespedeza cuneata	2/24/25	0	0	Quarter	JERC-98	dry	rhizosphere	Fabaceae	JERC	Lespedeza	Desmodieae	JERC_034	Baker County	Georgia	no	31.26611111	-84.59333333	20240625	Microvirga	Microvirga_sp._KLBC_81	88.942	40.4669	0	795
ORNL-17-1-Rh|nifK|consensus50|pass_mixed_possible_multitemplate	ORNL-17-1-Rh	D07	Albizia julibrissin	2/25/24	0.1945	9.336	Quarter	ORNL-17	dry	rhizosphere	Fabaceae	ORNL	Albizia	Mimosoideae	ORNL_032	Anderson	TN	no	35.944444	-84.326389	7/11/24	Microvirga	Microvirga_sp._KLBC_81	86.564	58.8846	0	1070
SRER-8-1-No|nifK|consensus50|pass_single_dominant	SRER-8-1-No	D14	Astragalus nuttallianus	8/14/24	44.25	2124	Half	SRER-8	dry	nodule	Fabaceae	SRER	Astragalus	Galegeae	SRER_005	Pima	Arizona	yes	31.4969	-110.4945	4/10/24	Microvirga	Microvirga_sp._KLBC_81	89.436	100.0649	0	1980
OSBS-36-1-Rh|nifK|consensus50|pass_single_dominant	OSBS-36-1-Rh	D03	Tephrosia virginiana	2/26/25	0	0	Quarter	OSBS-36	dry	rhizosphere	Fabaceae	OSBS	Tephrosia	Millettieae	OSBS_006	Putnam	FL	yes	NA	NA	20240611	Microvirga	Microvirga_lotononidis	86.951	50.1946	0	917
SRER-7-1-Rh|nifK|consensus50|pass_mixed_possible_multitemplate	SRER-7-1-Rh	D14	Lupinus concinnus	8/14/24	3.66	175.68	Quarter	SRER-7	dry	rhizosphere	Fabaceae	SRER	Lupinus	Genisteae	SRER_005	Pima	Arizona	yes	31.4969	-110.4945	4/10/24	Mesorhizobium	Mesorhizobium_maamorense	87.865	99.9351	0	1906
SRER-6-1-No|nifK|consensus50|pass_single_dominant	SRER-6-1-No	D14	Lupinus sparsiflorus	8/14/24	54.5	2616	Half	SRER-6	dry	nodule	Fabaceae	SRER	Lupinus	Genisteae	SRER_005	Pima	Arizona	yes	31.49723	-110.49428	4/10/24	Mesorhizobium	Mesorhizobium_maamorense	88.716	100	0	1929
SRER-6-1-Ro|nifK|consensus50|pass_single_dominant	SRER-6-1-Ro	D14	Lupinus sparsiflorus	8/14/24	11.6	556.8	Half	SRER-6	dry	root	Fabaceae	SRER	Lupinus	Genisteae	SRER_005	Pima	Arizona	yes	31.49723	-110.49428	4/10/24	Microvirga	Microvirga_sp._KLBC_81	89.6	97.2763	0	1930
SRER-7-1-Ro|nifK|consensus50|pass_mixed_possible_multitemplate	SRER-7-1-Ro	D14	Lupinus concinnus	8/14/24	18.35	880.8	Half	SRER-7	dry	root	Fabaceae	SRER	Lupinus	Genisteae	SRER_005	Pima	Arizona	yes	31.4969	-110.4945	4/10/24	Microvirga	Microvirga_sp._KLBC_81	88.853	100.0649	0	1973
SRER-5-1-No|nifK|consensus50|pass_mixed_possible_multitemplate	SRER-5-1-No	D14	Acmispon brachycarpus	8/14/24	11.9	571.2	Half	SRER-5	dry	nodule	Fabaceae	SRER	Lotus	Loteae	SRER_005	Pima	Arizona	yes	31.4972	-110.49448	4/10/24	Mesorhizobium	Mesorhizobium_maamorense	89.04	100	0	1973
SRER-5-1-Rh|nifK|consensus50|pass_single_dominant	SRER-5-1-Rh	D14	Acmispon brachycarpus	8/14/24	2.525	121.2	Quarter	SRER-5	dry	rhizosphere	Fabaceae	SRER	Lotus	Loteae	SRER_005	Pima	Arizona	yes	31.4972	-110.49448	4/10/24	Mesorhizobium	Mesorhizobium_maamorense	88.911	100	0	1953
OAES-17-Rh|nifK|consensus50|pass_mixed_possible_multitemplate	OAES-17-Rh	D11	Astragalus nuttallianus var. austrina	8/14/24	0.062	2.976	Quarter	OAES-17	ethanol	rhizosphere	Fabaceae	OAES	Astragalus	Galegeae	OAES_021_R	Washita	OK	yes	35.41187	-99.07412	4/11/24	Microvirga	Microvirga_sp._KLBC_81	86.288	58.1712	0	1068
JERC-49-2-Ro|nifK|consensus50|pass_mixed_possible_multitemplate	JERC-49-2-Ro	D03	Stylosanthes biflora	12/4/24	3.89	186.72	Quarter	JERC-49	dry	root	Fabaceae	JERC	Stylosanthes	Dalbergieae	JERC_002	Baker County	Georgia	yes	NA	NA	20240604	Mesorhizobium	Mesorhizobium_maamorense	86.897	56.4202	0	1022
DSNY-14-1-No|nifK|consensus50|pass_mixed_possible_multitemplate	DSNY-14-1-No	D03	Crotalaria pallida var. obovata	8/19/24	15.8	758.4	Half	DSNY-CRPA-14	dry	nodule	Fabaceae	DSNY	Crotalaria	Crotalarieae	DSNY_044	Osceola	Florida	yes	28.12693243	-81.43561487	20240320	Microvirga	Microvirga_sp._KLBC_81	87.928	96.6926	0	1855
JORN-2-1-No|nifK|consensus50|pass_mixed_possible_multitemplate	JORN-2-1-No	D14	Dalea nana	8/19/24	0.05	2.4	Quarter	JORN-2	dry	nodule	Fabaceae	JORN	Dalea	Amorpheae	JORN_044	Dona Ana	New Mexico	yes	32.35365	-106.50499	4/20/24	Microvirga	Microvirga_sp._KLBC_81	89.269	41.6991	0	832
JORN-4-1-Rh|nifK|consensus50|pass_mixed_possible_multitemplate	JORN-4-1-Rh	D14	Desmanthus coolyii	8/19/24	0	0	Quarter	JORN-4	dry	rhizosphere	Fabaceae	JORN	Desmanthus	Mimosoideae	JORN_042	Dona Ana	New Mexico	yes	32.35411	-106.50443	4/20/24	Microvirga	Microvirga_sp._KLBC_81	88.356	56.8093	0	1103
JORN-2-1-Ro|nifK|consensus50|pass_mixed_possible_multitemplate	JORN-2-1-Ro	D14	Dalea nana	8/19/24	0.2515	12.072	Quarter	JORN-2	dry	root	Fabaceae	JORN	Dalea	Amorpheae	JORN_044	Dona Ana	New Mexico	yes	32.35365	-106.50499	4/20/24	Microvirga	Microvirga_lotononidis	86.755	58.7549	0	1105
DSNY-12-2-No|nifK|consensus50|pass_mixed_possible_multitemplate	DSNY-12-2-No	D03	Crotalaria pallida var. obovata	8/14/24	8.99	431.52	Half	DSNY-CRPA-12	dry	nodule	Fabaceae	DSNY	Crotalaria	Crotalarieae	DSNY_044	Osceola	Florida	yes	28.12693243	-81.43561487	20240320	Microvirga	Microvirga_sp._RSM25	85.141	98.6381	0	1773
DSNY-82-3-No|nifK|consensus50|pass_single_dominant	DSNY-82-3-No	D03	Crotalaria pallida v. obovata	2/26/25	0	0	Quarter	DSNY-82	dry	nodule	Fabaceae	DSNY	Crotalaria	Crotalarieae	DSNY_015	Polk	Florida	yes	28.1094603	-81.4310661	20240904	Mesorhizobium	Mesorhizobium_sp._WSM2240	88.297	55.9663	0	1070
OAES-18-3-Ro|nifK|consensus50|pass_single_dominant	OAES-18-3-Ro	D11	Astragalus missouriensis	8/14/24	0.096	4.608	Quarter	OAES-18	ethanol	root	Fabaceae	OAES	Astragalus	Galegeae	OAES_003_R	Washita	OK	yes	35.41214	-99.0698	4/11/24	Microvirga	Microvirga_sp._KLBC_81	90.65	40.9209	0	841
SRER-8-1-Rh|nifK|consensus50|pass_single_dominant	SRER-8-1-Rh	D14	Astragalus nuttallianus	8/14/24	0	0	Quarter	SRER-8	dry	rhizosphere	Fabaceae	SRER	Astragalus	Galegeae	SRER_005	Pima	Arizona	yes	31.4969	-110.4945	4/10/24	Mesorhizobium	Mesorhizobium_sp._WSM2240	88.681	59.0143	0	1171
JORN-3-1-Ro|nifK|consensus50|pass_mixed_possible_multitemplate	JORN-3-1-Ro	D14	Dalea nana	8/19/24	0.4755	22.824	Quarter	JORN-3	dry	root	Fabaceae	JORN	Dalea	Amorpheae	JORN_044	Dona Ana	New Mexico	yes	32.35367	-106.50498	4/20/24	Mesorhizobium	Mesorhizobium_sp._WSM2240	87.256	56.4851	0	1096
KONZ-15-1-Ro|nifK|consensus50|pass_single_dominant	KONZ-15-1-Ro	D06	Ceanothus herbaceus	2/25/25	1.39	66.72	Quarter	KONZ-15	dry	root	Rhamnaceae	KONZ	Ceanothus	actinorhizal	KONZ_001	Riley	KS	yes	39.07479	-96.55559	20241002	Mesorhizobium	Mesorhizobium_sp._WSM2240	92.432	40.2724	0	904
SRER-9-1-Rh|nifK|consensus50|pass_mixed_possible_multitemplate	SRER-9-1-Rh	D14	Lupinus concinnus	8/19/24	3.955	189.84	Quarter	SRER-9	dry	rhizosphere	Fabaceae	SRER	Lupinus	Genisteae	SRER_006	Pima	Arizona	yes	31.47733	-110.54604	4/10/24	Mesorhizobium	Mesorhizobium_sp._WSM2240	88.333	50.5837	0	985
JORN-4-1-Ro|nifK|consensus50|pass_mixed_possible_multitemplate	JORN-4-1-Ro	D14	Desmanthus coolyii	8/19/24	7.5	360	Half	JORN-4	dry	root	Fabaceae	JORN	Desmanthus	Mimosoideae	JORN_042	Dona Ana	New Mexico	yes	32.35411	-106.50443	4/20/24	Microvirga	Microvirga_sp._RSM25	87.773	98.1193	0	1873
KONA-2-1-Rh|nifK|consensus50|pass_mixed_possible_multitemplate	KONA-2-1-Rh	D06	Glycine max	2/25/25	0	0	Quarter	KONA-2	dry	rhizosphere	Fabaceae	KONA	Glycine	Glycininae	KONA_001	Riley	KS	no	39.21604	-96.59402	20240807	Microvirga	Microvirga_sp._RSM25	87.773	98.1193	0	1873
KONA-2-1-No|nifK|consensus50|pass_mixed_possible_multitemplate	KONA-2-1-No	D06	Glycine max	2/25/25	0	0	Half	KONA-2	dry	nodule	Fabaceae	KONA	Glycine	Glycininae	KONA_001	Riley	KS	no	39.21604	-96.59402	20240807	Microvirga	Microvirga_sp._RSM25	87.773	98.1193	0	1873
KONA-1-1-Ro|nifK|consensus50|pass_mixed_possible_multitemplate	KONA-1-1-Ro	D06	Glycine max	2/25/25	2.31	110.88	Quarter	KONA-1	dry	root	Fabaceae	KONA	Glycine	Glycininae	KONA_002	Riley	KS	no	39.11537	-96.63876	20240807	Microvirga	Microvirga_sp._RSM25	87.773	98.1193	0	1873
KONA-2-1-Ro|nifK|consensus50|pass_mixed_possible_multitemplate	KONA-2-1-Ro	D06	Glycine max	2/25/25	33.85	1624.8	Half	KONA-2	dry	root	Fabaceae	KONA	Glycine	Glycininae	KONA_001	Riley	KS	no	39.21604	-96.59402	20240807	Microvirga	Microvirga_sp._RSM25	87.773	98.1193	0	1873
KONA-3-1-Rh|nifK|consensus50|pass_mixed_possible_multitemplate	KONA-3-1-Rh	D06	Glycine max	2/25/25	0	0	Quarter	KONA-3	dry	rhizosphere	Fabaceae	KONA	Glycine	Glycininae	KONA_009	Riley	KS	no	39.12597	-96.64537	20240820	Microvirga	Microvirga_sp._RSM25	87.773	98.1193	0	1873
KONA-3-1-No|nifK|consensus50|pass_mixed_possible_multitemplate	KONA-3-1-No	D06	Glycine max	2/25/25	0	0	Half	KONA-3	dry	nodule	Fabaceae	KONA	Glycine	Glycininae	KONA_009	Riley	KS	no	39.12597	-96.64537	20240820	Microvirga	Microvirga_sp._RSM25	87.773	98.1193	0	1873
KONA-1-1-Rh|nifK|consensus50|pass_mixed_possible_multitemplate	KONA-1-1-Rh	D06	Glycine max	2/25/25	0.0665	3.192	Quarter	KONA-1	dry	rhizosphere	Fabaceae	KONA	Glycine	Glycininae	KONA_002	Riley	KS	no	39.11537	-96.63876	20240807	Microvirga	Microvirga_sp._RSM25	87.773	98.1193	0	1873
DSNY-3-1-Rh|nifK|consensus50|pass_single_dominant	DSNY-3-1-Rh	D03	Lupinus floridanus	8/19/24	0.054	2.592	Quarter	DSNY-3	dry	rhizosphere	Fabaceae	DSNY	Lupinus	Genisteae	DSNY_006	Osceola	Florida	yes	28.09298025	-81.39932663	20240312	Sinorhizobium	Sinorhizobium_meliloti_(Rhizobium_meliloti)	88	90.7912	0	1720
KONZ-13-1-Ro|nifK|consensus50|pass_mixed_possible_multitemplate	KONZ-13-1-Ro	D06	Dalea purpurea	2/25/25	0.206	9.888	Quarter	KONZ-13	dry	root	Fabaceae	KONZ	Dalea	Amorpheae	KONZ_002	Riley	KS	yes	39.11968	-96.59588	20240711	Sinorhizobium	Sinorhizobium_meliloti_(Rhizobium_meliloti)	90.228	48.443600000000004	0	1016
JERC-140-Rh|nifK|consensus50|pass_single_dominant	JERC-140-Rh	D03	Lespedeza bicolor	5/14/25	0	0	Quarter	JERC-140	dry	rhizosphere	Fabaceae	JERC	Lespedeza	Desmodieae	JERC_031	Baker County	Georgia	no	NA	NA	20240821	Sinorhizobium	Sinorhizobium_meliloti_(Rhizobium_meliloti)	90.547	39.1051	0	806
OSBS-37-1-Ro|nifK|consensus50|pass_mixed_possible_multitemplate	OSBS-37-1-Ro	D03	Chapmannia floridana	2/26/25	0.091	4.368	Quarter	OSBS-37	NA	root	Fabaceae	OSBS	Chapmannia	Dalbergieae	OSBS_029	Putnam	FL	yes	NA	NA	20240617	Microvirga	Microvirga_sp._KLBC_81	86.564	58.8846	0	1044
OAES-20-No|nifK|consensus50|pass_single_dominant	OAES-20-No	D11	Dalea enneandra	6/4/24	0	0	Quarter	OAES-20	ethanol	nodule	Fabaceae	OAES	Dalea	Amorpheae	OAES_012_R	Washita	OK	yes	35.402943	-99.064829	4/16/24	Microvirga	Microvirga_sp._KLBC_81	88.3	58.7549	0	1140
OAES-20-Ro|nifK|consensus50|pass_mixed_possible_multitemplate	OAES-20-Ro	D11	Dalea enneandra	6/4/24	0	0	Quarter	OAES-20	ethanol	root	Fabaceae	OAES	Dalea	Amorpheae	OAES_012_R	Washita	OK	yes	35.402943	-99.064829	4/16/24	Mesorhizobium	Mesorhizobium_sp._WSM2240	84.793	98.5084	0	1716
MLBS-1-1-Ro|nifK|consensus50|pass_mixed_possible_multitemplate	MLBS-1-1-Ro	D07	Elaeagnus umbellata	2/17/25	0.9175	44.04	Quarter	MLBS-1	dry	root	Elaeagnaceae	MLBS	Elaeagnus	actinorhizal	MLBS_030	Giles	VA	no	37.43	-80.508333	5/15/24	Microvirga	Microvirga_sp._KLBC_81	84.814	57.6524	0	989
OSBS-109-4-Rh|nifK|consensus50|pass_single_dominant	OSBS-109-4-Rh	D03	Crotalaria spectabilis	2/26/25	0	0	Quarter	OSBS-109	dry	rhizosphere	Fabaceae	OSBS	Crotalaria	Crotalarieae	OSBS_017	Putnam	Fl	no	29.704875	-81.990736	20241028	Microvirga	Microvirga_sp._RSM25	86.55	52.0752	0	939
OAES-30-2-Ro|nifK|consensus50|pass_single_dominant	OAES-30-2-Ro	D11	Ceanothus herbaceus	6/10/24	0	0	Quarter	OAES-30	ethanol	root	Rhamnaceae	OAES	Ceanothus	actinorhizal	OAES_006_R	Washita	OK	yes	35.25165	-99.2881	4/23/24	Mesorhizobium	Mesorhizobium_sp._WSM2240	87.84	45.3307	0	867
CLBJ-18-1-Rh|nifK|consensus50|pass_mixed_possible_multitemplate	CLBJ-18-1-Rh	D11	Tephrosia virginiana	6/20/24	0.6115	29.352	Quarter	CLBJ-18	dry	rhizosphere	Fabaceae	CLBJ	Tephrosia	Millettieae	CLBJ_003_T	Wise	TX	yes	33.403989	-97.572744	5/8/24	Sinorhizobium	Sinorhizobium_meliloti_(Rhizobium_meliloti)	86.92	99.1569	0	1823
SRER-9-1-No|nifK|consensus50|pass_mixed_possible_multitemplate	SRER-9-1-No	D14	Lupinus concinnus	8/19/24	0	0	Quarter	SRER-9	dry	nodule	Fabaceae	SRER	Lupinus	Genisteae	SRER_006	Pima	Arizona	yes	31.47733	-110.54604	4/10/24	Microvirga	Microvirga_sp._KLBC_81	87.209	55.7717	0	1042
JERC-20-1-Ro|nifK|consensus50|pass_mixed_possible_multitemplate	JERC-20-1-Ro	D03	Lespedeza hirta	8/14/24	1.2	57.6	Quarter	JERC-LEHI2-20	dry	root	Fabaceae	JERC	Lespedeza	Desmodieae	JERC_006	Baker County	Georgia	yes	NA	NA	20240529	Mesorhizobium	Mesorhizobium_sp._WSM2240	88.929	53.3074	0	1086
OAES-18-3-Rh|nifK|consensus50|pass_mixed_possible_multitemplate	OAES-18-3-Rh	D11	Astragalus missouriensis	8/14/24	0	0	Quarter	OAES-18	ethanol	rhizosphere	Fabaceae	OAES	Astragalus	Galegeae	OAES_003_R	Washita	OK	yes	35.41214	-99.0698	4/11/24	Mesorhizobium	Mesorhizobium_sp._WSM2240	87.821	98.5084	0	1934
CLBJ-8-1-Rh|nifK|consensus50|pass_single_dominant	CLBJ-8-1-Rh	D11	Gleditsia triacanthus	6/13/24	0	0	Quarter	CLBJ-8	ethanol	rhizosphere	Fabaceae	CLBJ	Gleditsia	Gleditsieae	CLBJ_001_T	Wise	TX	yes	33.39787	-97.568339	4/30/24	Mesorhizobium	Mesorhizobium_sp._WSM2240	90.209	58.9494	0	1267
YELL-4-4-Rh|nifK|consensus50|pass_mixed_possible_multitemplate	YELL-4-4-Rh	D12	Astragalus sp.	4/1/25	2.965	142.32	Quarter	YELL-4	ethanol	rhizosphere	Fabaceae	YELL	Astragalus	Galegeae	YELL_019	Park County	WY	yes	NA	NA	7/11/24	Mesorhizobium	Mesorhizobium_sp._WSM2240	87.115	58.8846	0	1186
OAES-16-1-Ro|nifK|consensus50|pass_single_dominant	OAES-16-1-Ro	D11	Astragalus distortus	8/14/24	0.94	45.12	Quarter	OAES-16	ethanol	root	Fabaceae	OAES	Astragalus	Galegeae	OAES_003_R	Washita	OK	yes	35.41214	-99.06981	4/11/24	Mesorhizobium	Mesorhizobium_sp._WSM2240	90.857	56.7445	0	1227
OAES-31-1-Ro|nifK|consensus50|pass_mixed_possible_multitemplate	OAES-31-1-Ro	D11	Pediomelum tenuiflorum	6/10/24	0	0	Quarter	OAES-31	ethanol	root	Fabaceae	OAES	Pediomelum	Psoraleeae	OAES_006_R	Washita	OK	yes	35.2517	-99.2882	4/23/24	Mesorhizobium	Mesorhizobium_sp._WSM2240	86.484	59.0143	0	1118
SRER-11-1-Rh|nifK|consensus50|pass_mixed_possible_multitemplate	SRER-11-1-Rh	D14	Lotus strigosus	8/19/24	1.9	91.2	Quarter	SRER-11	dry	rhizosphere	Fabaceae	SRER	Lotus	Loteae	SRER_006	Pima	Arizona	yes	31.47699	-110.54576	4/10/24	Mesorhizobium	Mesorhizobium_sp._WSM2240	87.748	58.7549	0	1201
OAES-28-1-Rh|nifK|consensus50|pass_single_dominant	OAES-28-1-Rh	D11	Astragalus missouriensis	6/10/24	0	0	Quarter	OAES-28	ethanol	rhizosphere	Fabaceae	OAES	Astragalus	Galegeae	OAES_006_R	Washita	OK	yes	35.420259	-99.048669	4/17/24	Mesorhizobium	Mesorhizobium_sp._AaZ16	91.33	54.6044	0	1188
CLBJ-39-1-Rh|nifK|consensus50|pass_single_dominant	CLBJ-39-1-Rh	D11	Chamaecrista fasciculata	2/19/25	0	0	Quarter	CLBJ-39	ethanol	rhizosphere	Fabaceae	CLBJ	Chamaecrista	Cassieae	CLBJ_034	Wise	TX	yes	33.23681	-97.34107	9/2/24	Mesorhizobium	Mesorhizobium_sp._WSM2240	92.063	40.856	0	887
DSNY-63-Ro|nifK|consensus50|pass_single_dominant	DSNY-63-Ro	D03	Tephrosia hispidula	2/27/25	2.525	121.2	Quarter	DSNY-63	dry	root	Fabaceae	DSNY	Tephrosia	Millettieae	DSNY_006	Polk	Florida	yes	NA	NA	20240820	Microvirga	Microvirga_sp._KLBC_81	87.363	41.5694	0	791
CLBJ-7-1-No|nifK|consensus50|pass_single_dominant	CLBJ-7-1-No	D11	Neptunia lutea	6/13/24	0	0	Quarter	CLBJ-7	ethanol	nodule	Fabaceae	CLBJ	Neptunia	Mimosoideae	CLBJ_001_T	Wise	TX	yes	33.39787	-97.568339	4/30/24	Mesorhizobium	Mesorhizobium_sp._WSM2240	92.812	41.5045	0	935
JORN-1-Ro|nifK|consensus50|pass_mixed_possible_multitemplate	JORN-1-Ro	D14	Astragalus allochrus	8/19/24	4.76	228.48	Quarter	JORN-1	dry	root	Fabaceae	JORN	Astragalus	Galegeae	JORN_002	Dona Ana	New Mexico	yes	32.607279	-106.82671	4/18/24	Mesorhizobium	Mesorhizobium_sp._WSM2240	86.154	59.0143	0	1157
OSBS-34-1-Ro|nifK|consensus50|pass_mixed_possible_multitemplate	OSBS-34-1-Ro	D03	Galactia sp.	2/26/25	0	0	Quarter	OSBS-34	dry	root	Fabaceae	OSBS	Galactia	Diocleae	OSBS_006	Putnam	FL	yes	NA	NA	20240611	Mesorhizobium	Mesorhizobium_sp._WSM2240	90.298	50.1297	0	1018
OSBS-36-4-No|nifK|consensus50|pass_single_dominant	OSBS-36-4-No	D03	Tephrosia virginiana	2/26/25	0	0	Quarter	OSBS-36	NA	nodule	Fabaceae	OSBS	Tephrosia	Millettieae	OSBS_006	Putnam	FL	yes	NA	NA	20240611	Mesorhizobium	Mesorhizobium_sp._WSM2240	91.109	56.1608	0	1184
OSBS-7-4-No|nifK|consensus50|pass_mixed_possible_multitemplate	OSBS-7-4-No	D03	Galactia elliottii	8/14/24	2.22	106.56	Quarter	OSBS-GAEL-7	dry	nodule	Fabaceae	OSBS	Galactia	Diocleae	OSBS_016	Putnam	FL	yes	NA	NA	20240424	Mesorhizobium	Mesorhizobium_sp._WSM2240	90.308	58.8846	0	1262
DEJU-42-No|nifK|consensus50|pass_single_dominant	DEJU-42-No	D19	Lupinus arcticus	2/20/25	43.05	2066.4	Half	DEJU-42	ethanol	nodule	Fabaceae	DEJU	Lupinus	Genisteae	DEJU_002	NA	Alaska	yes	NA	NA	NA	Mesorhizobium	Mesorhizobium_sp._WSM2240	88.946	38.1323	0	736
DSNY-76-1-Ro|nifK|consensus50|pass_mixed_possible_multitemplate	DSNY-76-1-Ro	D03	Chamaecrista fasciculata	3/3/25	2.585	124.08	Quarter	DSNY-76	dry	root	Fabaceae	DSNY	Chamaecrista	Cassieae	DSNY_010	Polk	Florida	yes	28.1137669	-81.4352667	20240904	Mesorhizobium	Mesorhizobium_sp._WSM2240	87.5	41.5045	0	815
DSNY-37-1-Ro|nifK|consensus50|pass_mixed_possible_multitemplate	DSNY-37-1-Ro	D03	Crotalaria pallida cf sp.	9/18/24	0.782	37.536	Quarter	DSNY-CRPA-37	dry	root	Fabaceae	DSNY	Crotalaria	Crotalarieae	DSNY_011	Osceola	Florida	yes	28.06297	-81.25475	20240430	Mesorhizobium	Mesorhizobium_sp._WSM2240	87.115	58.8846	0	1131
LAJA-14-1-Rh|nifK|consensus50|pass_mixed_possible_multitemplate	LAJA-14-1-Rh	D04	Macroptilium lathyroides	3/19/25	0.6485	31.128	Quarter	LAJA-14	dry	rhizosphere	Fabaceae	LAJA	Macroptilium	Phaseoleae	LAJA_019	LAJA	P.R	yes	18.03182	-67.07067	10/2/24	Mesorhizobium	Mesorhizobium_sp._WSM2240	87.587	55.9014	0	1077
CLBJ-2-Ro|nifK|consensus50|pass_mixed_possible_multitemplate	CLBJ-2-Ro	D11	Dalea compacta	7/9/24	0.1705	8.184	Quarter	CLBJ-2	dry	root	Fabaceae	CLBJ	Dalea	Amorpheae	CLBJ_001_T	Wise	TX	yes	33.23888	-97.34109	3/20/24	Mesorhizobium	Mesorhizobium_sp._WSM2240	90.343	41.6342	0	909
JERC-12-1-No|nifK|consensus50|pass_mixed_possible_multitemplate	JERC-12-1-No	D03	Ceanothus microphyllus	7/15/24	0.054	2.592	Quarter	JERC-CEMI-12	dry	nodule	Rhamnaceae	JERC	Ceanothus	actinorhizal	JERC_049	Baker County	Georgia	yes	NA	NA	20240327	Mesorhizobium	Mesorhizobium_sp._AaZ16	87.004	58.8846	0	1171
JERC-3-1-Rh|nifK|consensus50|pass_mixed_possible_multitemplate	JERC-3-1-Rh	D03	Vicia sativa	7/15/24	0	0	Quarter	JERC-VISA-3	dry	rhizosphere	Fabaceae	JERC	Vicia	Fabeae	JERC_012	Baker County	Georgia	no	31.189973	-84.446402	20240320	Mesorhizobium	Mesorhizobium_sp._AaZ16	85.888	58.8197	0	1149
JERC-1-2-Ro|nifK|consensus50|pass_single_dominant	JERC-1-2-Ro	D03	Astragalus villosus	7/15/24	0	0	Quarter	JERC-ASVI-1	dry	root	Fabaceae	JERC	Astragalus	Galegeae	JERC_030	Baker County	Georgia	yes	31.184164	-84.475005	20240319	Mesorhizobium	Mesorhizobium_sp._AaZ16	91.862	41.4397	0	917
OSBS-34-1-No|nifK|consensus50|pass_mixed_possible_multitemplate	OSBS-34-1-No	D03	Galactia sp.	2/26/25	0	0	Quarter	OSBS-34	dry	nodule	Fabaceae	OSBS	Galactia	Diocleae	OSBS_006	Putnam	FL	yes	NA	NA	20240611	Mesorhizobium	Mesorhizobium_sp._WSM2240	88.222	57.2633	0	1092
JERC-5-3-Rh|nifK|consensus50|pass_mixed_possible_multitemplate	JERC-5-3-Rh	D03	Vicia sativa	7/15/24	0	0	Quarter	JERC-VISA-5	dry	rhizosphere	Fabaceae	JERC	Vicia	Fabeae	JERC_012	Baker County	Georgia	no	31.189933	-84.4464909	20240320	Mesorhizobium	Mesorhizobium_sp._WSM2240	88.749	56.4851	0	1123
JERC-5-3-Ro|nifK|consensus50|pass_mixed_possible_multitemplate	JERC-5-3-Ro	D03	Vicia sativa	7/15/24	0.051	2.448	Quarter	JERC-VISA-5	dry	root	Fabaceae	JERC	Vicia	Fabeae	JERC_012	Baker County	Georgia	no	31.189933	-84.4464909	20240320	Mesorhizobium	Mesorhizobium_sp._AaZ16	89.143	56.7445	0	1158
JERC-1-2-Rh|nifK|consensus50|pass_mixed_possible_multitemplate	JERC-1-2-Rh	D03	Astragalus villosus	7/15/24	0.437	20.976	Quarter	JERC-ASVI-1	dry	rhizosphere	Fabaceae	JERC	Astragalus	Galegeae	JERC_030	Baker County	Georgia	yes	31.184164	-84.475005	20240319	Rhizobium	Rhizobium_azibense	88.889	99.8054	0	2047
CLBJ-3-1-Rh|nifK|consensus50|pass_mixed_possible_multitemplate	CLBJ-3-1-Rh	D11	Vicia sativa	7/9/24	1.025	49.2	Quarter	CLBJ-3	dry	rhizosphere	Fabaceae	CLBJ	Vicia	Fabeae	CLBJ_036_R	Wise	TX	no	33.23844	-97.34788	3/20/24	Mesorhizobium	Mesorhizobium_sp._WSM2240	90.823	40.9857	0	902
CLBJ-1-1-No|nifK|consensus50|pass_single_dominant	CLBJ-1-1-No	D11	Vicia sativa	7/9/24	48.65	2335.2	Half	CLBJ-1	dry	nodule	Fabaceae	CLBJ	Vicia	Fabeae	CLBJ_001_T	Wise	TX	no	33.23888	-97.34109	3/20/24	Rhizobium	Rhizobium_ruizarguesonis	89.515	57.5227	0	1144
CLBJ-3-1-No|nifK|consensus50|pass_single_dominant	CLBJ-3-1-No	D11	Vicia sativa	7/9/24	2.35	112.8	Quarter	CLBJ-3	dry	nodule	Fabaceae	CLBJ	Vicia	Fabeae	CLBJ_036_R	Wise	TX	no	33.23844	-97.34788	3/20/24	Rhizobium	Rhizobium_ruizarguesonis	88.32	58.3009	0	1114
JERC-4-1-No|nifK|consensus50|pass_single_dominant	JERC-4-1-No	D03	Vicia sativa	7/15/24	0.5195	24.936	Quarter	JERC-VISA-4	dry	nodule	Fabaceae	JERC	Vicia	Fabeae	JERC_012	Baker County	Georgia	no	31.189973	-84.446402	20240320	Rhizobium	Rhizobium_ruizarguesonis	88.889	58.9494	0	1158
ORNL-6-1-No|nifK|consensus50|pass_single_dominant	ORNL-6-1-No	D07	Vicia sativa	2/17/25	11.6	556.8	Half	ORNL-6	dry	nodule	Fabaceae	ORNL	Vicia	Fabeae	ORNL_021	Anderson	TN	no	35.955556	-84.221111	5/15/24	Rhizobium	Rhizobium_ruizarguesonis	93.003	44.4877	0	1033
JERC-13-3-Ro|nifK|consensus50|pass_mixed_possible_multitemplate	JERC-13-3-Ro	D03	Vicia sativa	7/15/24	5.625	270	Half	JERC-VISA-13	dry	root	Fabaceae	JERC	Vicia	Fabeae	JERC_066	Baker County	Georgia	no	NA	NA	20240327	Rhizobium	Rhizobium_ruizarguesonis	87.995	99.9351	0	1892
JERC-6-3-No|nifK|consensus50|pass_single_dominant	JERC-6-3-No	D03	Vicia sativa	7/15/24	0	0	Quarter	JERC-VISA-6	dry	nodule	Fabaceae	JERC	Vicia	Fabeae	JERC_012	Baker County	Georgia	no	31.189973	-84.446402	20240320	Rhizobium	Rhizobium_indigoferae	85.128	50.5837	0	835
JERC-5-3-No|nifK|consensus50|pass_mixed_possible_multitemplate	JERC-5-3-No	D03	Vicia sativa	7/15/24	8.42	404.16	Half	JERC-VISA-5	dry	nodule	Fabaceae	JERC	Vicia	Fabeae	JERC_012	Baker County	Georgia	no	31.189933	-84.4464909	20240320	Rhizobium	Rhizobium_ruizarguesonis	86.359	58.9494	0	1057
JERC-3-1-No|nifK|consensus50|pass_single_dominant	JERC-3-1-No	D03	Vicia sativa	7/15/24	14.6	700.8	Half	JERC-VISA-3	dry	nodule	Fabaceae	JERC	Vicia	Fabeae	JERC_012	Baker County	Georgia	no	31.189973	-84.446402	20240320	Mesorhizobium	Mesorhizobium_sp._AaZ16	88.111	58.3658	0	1096
JERC-2-1-No|nifK|consensus50|pass_single_dominant	JERC-2-1-No	D03	Vicia sativa	7/15/24	3.865	185.52	Quarter	JERC-VISA-2	dry	nodule	Fabaceae	JERC	Vicia	Fabeae	JERC_012	Baker County	Georgia	no	31.189973	-84.446402	20240320	Rhizobium	Rhizobium_ruizarguesonis	88.277	100.1297	0	1886
JERC-2-1-Rh|nifK|consensus50|pass_mixed_possible_multitemplate	JERC-2-1-Rh	D03	Vicia sativa	7/15/24	0.1035	4.968	Quarter	JERC-VISA-2	dry	rhizosphere	Fabaceae	JERC	Vicia	Fabeae	JERC_012	Baker County	Georgia	no	31.189973	-84.446402	20240320	Sinorhizobium	Sinorhizobium_mexicanum_(Ensifer_mexicanus)	84.234	58.8197	0	1003
CLBJ-3-1-Ro|nifK|consensus50|pass_mixed_possible_multitemplate	CLBJ-3-1-Ro	D11	Vicia sativa	7/9/24	0	0	Quarter	CLBJ-3	dry	root	Fabaceae	CLBJ	Vicia	Fabeae	CLBJ_036_R	Wise	TX	no	33.23844	-97.34788	3/20/24	Mesorhizobium	Mesorhizobium_sp._WSM2240	86.013	58.8846	0	1081
JERC-3-1-Ro|nifK|consensus50|pass_mixed_possible_multitemplate	JERC-3-1-Ro	D03	Vicia sativa	7/15/24	0.4855	23.304	Quarter	JERC-VISA-3	dry	root	Fabaceae	JERC	Vicia	Fabeae	JERC_012	Baker County	Georgia	no	31.189973	-84.446402	20240320	Mesorhizobium	Mesorhizobium_sp._WSM2240	86.249	58.9494	0	1096
CLBJ-8-1-Ro|nifK|consensus50|pass_mixed_possible_multitemplate	CLBJ-8-1-Ro	D11	Gleditsia triacanthus	6/13/24	0	0	Quarter	CLBJ-8	ethanol	root	Fabaceae	CLBJ	Gleditsia	Gleditsieae	CLBJ_001_T	Wise	TX	yes	33.39787	-97.568339	4/30/24	Mesorhizobium	Mesorhizobium_sp._WSM2240	89.163	39.4942	0	804
JERC-4-1-Rh|nifK|consensus50|pass_mixed_possible_multitemplate	JERC-4-1-Rh	D03	Vicia sativa	7/15/24	0	0	Quarter	JERC-VISA-4	dry	rhizosphere	Fabaceae	JERC	Vicia	Fabeae	JERC_012	Baker County	Georgia	no	31.189973	-84.446402	20240320	Mesorhizobium	Mesorhizobium_sp._WSM2240	84.835	59.0143	0	1107
CLBJ-24-Rh|nifK|consensus50|pass_mixed_possible_multitemplate	CLBJ-24-Rh	D11	Chamaecrista fasciculata	9/18/24	0.126	6.048	Quarter	CLBJ-24	ethanol	rhizosphere	Fabaceae	CLBJ	Chamaecrista	Cassieae	CLBJ_035_R	Wise	TX	yes	33.32974	-97.5792	6/4/24	Sinorhizobium	Sinorhizobium_mexicanum_(Ensifer_mexicanus)	87.049	97.1466	0	1882
OAES-31-1-Rh|nifK|consensus50|pass_single_dominant	OAES-31-1-Rh	D11	Pediomelum tenuiflorum	6/10/24	0	0	Quarter	OAES-31	ethanol	rhizosphere	Fabaceae	OAES	Pediomelum	Psoraleeae	OAES_006_R	Washita	OK	yes	35.2517	-99.2882	4/23/24	Sinorhizobium	Sinorhizobium_mexicanum_(Ensifer_mexicanus)	92.98	41.5694	0	946
CLBJ-26-1-No|nifK|consensus50|pass_single_dominant	CLBJ-26-1-No	D11	Strophostyles leiosperma	9/18/24	0	0	Quarter	CLBJ-26	ethanol	nodule	Fabaceae	CLBJ	Strophostyles	Phaseoleae	CLBJ_035_R	Wise	TX	yes	33.32974	-97.5792	6/4/24	Sinorhizobium	Sinorhizobium_prairiense	91.538	59.0143	0	1301
CLBJ-26-1-Rh|nifK|consensus50|pass_mixed_possible_multitemplate	CLBJ-26-1-Rh	D11	Strophostyles leiosperma	9/18/24	0	0	Quarter	CLBJ-26	ethanol	rhizosphere	Fabaceae	CLBJ	Strophostyles	Phaseoleae	CLBJ_035_R	Wise	TX	yes	33.32974	-97.5792	6/4/24	Microvirga	Microvirga_sp._KLBC_81	84.112	100	0	1631
CLBJ-27-1-No|nifK|consensus50|pass_single_dominant	CLBJ-27-1-No	D11	Desmanthus illinoiensis	9/18/24	0	0	Quarter	CLBJ-27	ethanol	nodule	Fabaceae	CLBJ	Desmanthus	Mimosoideae	CLBJ_035_R	Wise	TX	yes	33.32974	-97.5792	6/4/24	Sinorhizobium	Sinorhizobium_prairiense	91.601	98.8327	0	2143
JERC-DEFL-61-3-Rh|nifK|consensus50|pass_mixed_possible_multitemplate	JERC-DEFL-61-3-Rh	D03	Desmodium floridanum	12/4/24	0	0	Quarter	JERC-61	dry	rhizosphere	Fabaceae	JERC	Desmodium	Desmodieae	JERC_050	Baker County	Georgia	yes	NA	NA	20240618	Sinorhizobium	Sinorhizobium_prairiense	91.156	38.1323	0	804
GUAN-2-No|nifK|consensus50|pass_single_dominant	GUAN-2-No	D04	Leucaena leucocephala	2/19/25	0	0	Quarter	GUAN-2	dry	nodule	Fabaceae	GUAN	Leucaena	Mimosoideae	GUAN_004	Yauco	P.R	no	17.964444	-66.8513611	10/10/24	Sinorhizobium	Sinorhizobium_prairiense	88.901	59.0143	0	1221
GUAN-5-No|nifK|consensus50|pass_single_dominant	GUAN-5-No	D04	Coursetia caribaea	2/19/25	0	0	Quarter	GUAN-5	dry	nodule	Fabaceae	GUAN	Coursetia	Robinieae	GUAN_006	Guanica	P.R	yes	17.9641111	-66.8757016	10/14/24	Sinorhizobium	Sinorhizobium_fredii_GR64	92.409	58.9494	0	1328
OAES-6-1-Ro|nifK|consensus50|pass_mixed_possible_multitemplate	OAES-6-1-Ro	D11	Astragalus nuttallianus var. austrinus	6/25/24	0.655	31.44	Quarter	OAES-6	ethanol	root	Fabaceae	OAES	Astragalus	Galegeae	OAES_043_T	Washita	OK	yes	35.40511	-99.05857	4/2/24	Sinorhizobium	Sinorhizobium_prairiense	92.093	100.0649	0	2246
LAJA-22-2-No|nifK|consensus50|pass_mixed_possible_multitemplate	LAJA-22-2-No	D04	Desmanthus pernambucanus	3/19/25	0.2135	10.248	Quarter	LAJA-22	dry	nodule	Fabaceae	LAJA	Desmanthus	Mimosoideae	LAJA_023	LAJA	P.R	yes	18.03577	-67.06951	10/7/24	Sinorhizobium	Sinorhizobium_chiapasense	90.337	100	0	2165
LAJA-22-2-Rh|nifK|consensus50|pass_mixed_possible_multitemplate	LAJA-22-2-Rh	D04	Desmanthus pernambucanus	3/19/25	0.375	18	Quarter	LAJA-22	dry	rhizosphere	Fabaceae	LAJA	Desmanthus	Mimosoideae	LAJA_023	LAJA	P.R	yes	18.03577	-67.06951	10/7/24	Sinorhizobium	Sinorhizobium_chiapasense	87.994	45.9144	0	913
LAJA-6-1-No|nifK|consensus50|pass_mixed_possible_multitemplate	LAJA-6-1-No	D04	Pithecellobium dulce	3/26/25	3.74	179.52	Quarter	LAJA-6	dry	nodule	Fabaceae	LAJA	Pithecellobium	Mimosoideae	LAJA_015	LAJA	P.R	no	18.034464	-67.066822	9/27/24	Sinorhizobium	Sinorhizobium_mexicanum_(Ensifer_mexicanus)	89.883	100	0	2224
LAJA-6-1-Ro|nifK|consensus50|pass_mixed_possible_multitemplate	LAJA-6-1-Ro	D04	Pithecellobium dulce	3/26/25	0.6515	31.272	Quarter	LAJA-6	dry	root	Fabaceae	LAJA	Pithecellobium	Mimosoideae	LAJA_015	LAJA	P.R	no	18.034464	-67.066822	9/27/24	Sinorhizobium	Sinorhizobium_mexicanum_(Ensifer_mexicanus)	90.915	99.9351	0	2235
LAJA-5-1-Ro|nifK|consensus50|pass_single_dominant	LAJA-5-1-Ro	D04	Acacia sp.	3/26/25	2.575	123.6	Quarter	LAJA-5	dry	root	Fabaceae	LAJA	Acacia	Mimosoideae	LAJA_015	LAJA	P.R	0	18.034464	-67.066822	9/27/24	Sinorhizobium	Sinorhizobium_mexicanum_(Ensifer_mexicanus)	90.576	37.1595	0	806
OSBS-28-1-No|nifK|consensus50|pass_single_dominant	OSBS-28-1-No	D03	Galactia sp.	3/26/25	0.073	3.504	Quarter	OSBS-28	dry	nodule	Fabaceae	OSBS	Galactia	Diocleae	OSBS_031	Putnam	FL	yes	NA	NA	20240611	Sinorhizobium	Sinorhizobium_chiapasense	89.983	38.1971	0	798
LAJA-6-1-Rh|nifK|consensus50|pass_mixed_possible_multitemplate	LAJA-6-1-Rh	D04	Pithecellobium dulce	3/26/25	4.72	226.56	Quarter	LAJA-6	dry	rhizosphere	Fabaceae	LAJA	Pithecellobium	Mimosoideae	LAJA_015	LAJA	P.R	no	18.034464	-67.066822	9/27/24	Sinorhizobium	Sinorhizobium_chiapasense	93.645	100	0	2355
CLBJ-4-1-No|nifK|consensus50|pass_mixed_possible_multitemplate	CLBJ-4-1-No	D11	Dalea aurea	7/9/24	1.845	88.56	Quarter	CLBJ-4	dry	nodule	Fabaceae	CLBJ	Dalea	Amorpheae	CLBJ_036_R	Wise	TX	yes	33.32958	-97.58034	3/21/24	Sinorhizobium	Sinorhizobium_mexicanum_(Ensifer_mexicanus)	90.726	100	0	2167
CLBJ-4-1-Ro|nifK|consensus50|pass_single_dominant	CLBJ-4-1-Ro	D11	Dalea aurea	7/9/24	0.17	8.16	Quarter	CLBJ-4	dry	root	Fabaceae	CLBJ	Dalea	Amorpheae	CLBJ_036_R	Wise	TX	yes	33.32958	-97.58034	3/21/24	Sinorhizobium	Sinorhizobium_mexicanum_(Ensifer_mexicanus)	93.187	59.0143	0	1369
CLBJ-4-1-Rh|nifK|consensus50|pass_mixed_possible_multitemplate	CLBJ-4-1-Rh	D11	Dalea aurea	7/9/24	0	0	Quarter	CLBJ-4	dry	rhizosphere	Fabaceae	CLBJ	Dalea	Amorpheae	CLBJ_036_R	Wise	TX	yes	33.32958	-97.58034	3/21/24	Sinorhizobium	Sinorhizobium_mexicanum_(Ensifer_mexicanus)	90.44	59.0143	0	1286
CLBJ-50-3-No|nifK|consensus50|pass_mixed_possible_multitemplate	CLBJ-50-3-No	D11	Dalea multiflora	2/19/25	0.0655	3.144	Quarter	CLBJ-50	ethanol	nodule	Fabaceae	CLBJ	Dalea	Amorpheae	CLBJ_034_R	Wise	TX	yes	33.19259	-97.34659	9/5/24	Sinorhizobium	Sinorhizobium_mexicanum_(Ensifer_mexicanus)	91.456	53.8911	0	1208
OAES-5-Rh|nifK|consensus50|pass_mixed_possible_multitemplate	OAES-5-Rh	D11	Dalea aurea	6/25/24	0.617	29.616	Quarter	OAES-5	ethanol	rhizosphere	Fabaceae	OAES	Dalea	Amorpheae	OAES_043_T	Washita	OK	yes	35.40511	-99.05857	4/2/24	Sinorhizobium	Sinorhizobium_mexicanum_(Ensifer_mexicanus)	91.894	100	0	2207
UNDE-3-1-Rh|nifK|consensus50|pass_mixed_possible_multitemplate	UNDE-3-1-Rh	D05	Alnus incana	2/12/25	0.1685	8.088	Quarter	UNDE-3	ethanol	rhizosphere	Betulaceae	UNDE	Alnus	actinorhizal	UNDE_002	Gogebic	MI	yes	46.243291°N	-89.544838°W	8/29/24	Sinorhizobium	Sinorhizobium_chiapasense	93.849	36.9001	0	867
KONZ-5-1-Rh|nifK|consensus50|pass_mixed_possible_multitemplate	KONZ-5-1-Rh	D06	Desmodium perplexum	9/5/24	0	0	Quarter	KONZ-5	dry	rhizosphere	Fabaceae	KONZ	Desmodium	Desmodieae	KONZ_024	Riley	KS	yes	39.11098	-96.55236	20240710	Sinorhizobium	Sinorhizobium_mexicanum_(Ensifer_mexicanus)	86.736	99.7406	0	1893
OAES-29-1-Rh|nifK|consensus50|pass_mixed_possible_multitemplate	OAES-29-1-Rh	D11	Astragalus lotiflorus	6/10/24	0	0	Quarter	OAES-29	ethanol	rhizosphere	Fabaceae	OAES	Astragalus	Galegeae	OAES_006_R	Washita	OK	yes	35.420259	-99.048669	4/17/24	Sinorhizobium	Sinorhizobium_prairiense	87.533	98.3139	0	1892
JERC-18-2-Rh|nifK|consensus50|pass_mixed_possible_multitemplate	JERC-18-2-Rh	D03	Rhynchosia reniformis	8/14/24	0.0595	2.856	Quarter	JERC-RHRE-18	dry	rhizosphere	Fabaceae	JERC	Rhynchosia	Phaseoleae	JERC_047	Baker County	Georgia	yes	NA	NA	20240528	Mesorhizobium	Mesorhizobium_sp._AaZ16	82.118	56.939	0	929
OAES-32-1-Ro|nifK|consensus50|pass_mixed_possible_multitemplate	OAES-32-1-Ro	D11	Astragalus nuttallianus var. austrinus	6/10/24	0	0	Quarter	OAES-32	ethanol	root	Fabaceae	OAES	Astragalus	Galegeae	OAES_006_R	Washita	OK	yes	35.2455	-99.04049	4/24/24	Microvirga	Microvirga_sp._KLBC_81	84.925	99.8054	0	1772
JERC-10-3-Rh|nifK|consensus50|pass_mixed_possible_multitemplate	JERC-10-3-Rh	D03	Ceanothus microphyllus	7/15/24	0	0	Quarter	JERC-CEMI-10	dry	rhizosphere	Rhamnaceae	JERC	Ceanothus	actinorhizal	JERC_055	Baker County	Georgia	yes	NA	NA	20240327	Microvirga	Microvirga_lotononidis	85.788	99.9351	0	1827
OAES-3-1-Rh|nifK|consensus50|pass_mixed_possible_multitemplate	OAES-3-1-Rh	D11	Astragalus plattensis	6/25/24	0	0	Quarter	OAES-3	ethanol	rhizosphere	Fabaceae	OAES	Astragalus	Galegeae	OAES_065_T	Washita	OK	yes	35.41314	-99.05573	3/27/24	Microvirga	Microvirga_sp._KLBC_81	85.195	99.8703	0	1762
CLBJ-11-1-No|nifK|consensus50|pass_mixed_possible_multitemplate	CLBJ-11-1-No	D11	Pediomelum rhombifolium	6/13/24	0	0	Quarter	CLBJ-11	dry	nodule	Fabaceae	CLBJ	Pediomelum	Psoraleeae	CLBJ_002_T	Wise	TX	yes	33.40398	-97.57114	5/8/24	Mesorhizobium	Mesorhizobium_sp._AaZ16	87.394	99.8054	0	1916
OAES_24-3-Ro|nifK|consensus50|pass_mixed_possible_multitemplate	OAES-24-3-Ro	D11	Astragalus nuttallianus var. austrinus	6/4/24	0.105	20.79	Quarter	OAES-24	ethanol	root	Fabaceae	OAES	Astragalus	Galegeae	OAES_012_R	Washita	OK	yes	35.402943	-99.064829	4/16/24	Mesorhizobium	Mesorhizobium_sp._AaZ16	83.247	99.8703	0	1788
DSNY-5-1-Rh|nifK|consensus50|pass_single_dominant	DSNY-5-1-Rh	D03	Crotalaria maritima	8/14/24	0.066	3.168	Quarter	DSNY-CRMA-5	dry	rhizosphere	Fabaceae	DSNY	Crotalaria	Crotalarieae	DSNY_006	Osceola	Florida	yes	28.09298025 N, -81.39932663 W. WGS84.	NA	20240312	Sinorhizobium	Sinorhizobium_meliloti_(Rhizobium_meliloti)	88.034	98.6381	0	1869
OAES-5-Ro|nifK|consensus50|pass_mixed_possible_multitemplate	OAES-5-Ro	D11	Dalea aurea	6/25/24	1.125	54	Quarter	OAES-5	ethanol	root	Fabaceae	OAES	Dalea	Amorpheae	OAES_043_T	Washita	OK	yes	35.40511	-99.05857	4/2/24	Sinorhizobium	Sinorhizobium_medicae_(Ensifer_medicae)	83.896	99.8703	0	1773
DSNY-GARE-35-1-Ro|nifK|consensus50|pass_mixed_possible_multitemplate	DSNY-GARE-35-1-Ro	D03	Galactia regularis cf sp.	9/18/24	0	0	Quarter	DSNY-GARE-35	dry	root	Fabaceae	DSNY	Galactia	Diocleae	DSNY_006	Osceola	Florida	yes	NA	NA	20240430	Microvirga	Microvirga_lotononidis	85.714	99.8703	0	1775
CLBJ-1-1-Rh|nifK|consensus50|pass_single_dominant	CLBJ-1-1-Rh	D11	Vicia sativa	7/9/24	1.255	60.24	Quarter	CLBJ-1	dry	rhizosphere	Fabaceae	CLBJ	Vicia	Fabeae	CLBJ_001_T	Wise	TX	no	33.23888	-97.34109	3/20/24	Sinorhizobium	Sinorhizobium_meliloti_(Rhizobium_meliloti)	89.414	97.406	0	1984
OAES-8-2-Ro|nifK|consensus50|pass_mixed_possible_multitemplate	OAES-8-2-Ro	D11	Astragalus plattensis	6/25/24	0.6885	33.048	Quarter	OAES-8	ethanol	root	Fabaceae	OAES	Astragalus	Galegeae	OAES_044_T	Washita	OK	yes	35.40431	-99.05922	4/2/24	Sinorhizobium	Sinorhizobium_meliloti_(Rhizobium_meliloti)	85.185	99.8054	0	1882
CLBJ-17-1-No|nifK|consensus50|pass_mixed_possible_multitemplate	CLBJ-17-1-No	D11	Lespedeza stuevei	6/19/24	4.41	211.68	Quarter	CLBJ-17	dry	nodule	Fabaceae	CLBJ	Lespedeza	Desmodieae	CLBJ_003_T	Wise	TX	yes	33.403989	-97.572744	5/8/24	Sinorhizobium	Sinorhizobium_meliloti_(Rhizobium_meliloti)	85.195	99.8703	0	1777
OAES-4-1-Rh|nifK|consensus50|pass_single_dominant	OAES-4-1-Rh	D11	Astragalus nuttallianus var. nuttallianus	6/25/24	0	0	Quarter	OAES-4	ethanol	rhizosphere	Fabaceae	OAES	Astragalus	Galegeae	OAES_042_T	Washita	OK	yes	35.40889	-99.05649	4/2/24	Sinorhizobium	Sinorhizobium_meliloti_(Rhizobium_meliloti)	91.316	97.0817	0	2106
CLBJ-19-1-Rh|nifK|consensus50|pass_single_dominant	CLBJ-19-1-Rh	D11	Stylosanthes biflora	6/20/24	0.0985	4.728	Quarter	CLBJ-19	dry	rhizosphere	Fabaceae	CLBJ	Stylosanthes	Dalbergieae	CLBJ_003_T	Wise	TX	yes	33.403989	-97.572744	5/8/24	Sinorhizobium	Sinorhizobium_meliloti_(Rhizobium_meliloti)	90.011	57.1336	0	1157
OAES-1-1-Rh|nifK|consensus50|pass_mixed_possible_multitemplate	OAES-1-1-Rh	D11	Astragalus distortus	6/25/24	0	0	Quarter	OAES-1	ethanol	rhizosphere	Fabaceae	OAES	Astragalus	Galegeae	OAES_055_T	Washita	OK	yes	35.41368	-99.05573	3/27/24	Sinorhizobium	Sinorhizobium_medicae_(Ensifer_medicae)	86.676	97.3411	0	1821
OAES-2-1-Rh|nifK|consensus50|pass_single_dominant	OAES-2-1-Rh	D11	Medicago minima	6/25/24	0	0	Quarter	OAES-2	ethanol	rhizosphere	Fabaceae	OAES	Medicago	Trifolieae	OAES_055_T	Washita	OK	no	35.41368	-99.05573	3/27/24	Sinorhizobium	Sinorhizobium_meliloti_(Rhizobium_meliloti)	90.513	99.8054	0	2102
OAES-6-1-Rh|nifK|consensus50|pass_mixed_possible_multitemplate	OAES-6-1-Rh	D11	Astragalus nuttallianus var. austrinus	6/25/24	0.4705	22.584	Quarter	OAES-6	ethanol	rhizosphere	Fabaceae	OAES	Astragalus	Galegeae	OAES_043_T	Washita	OK	yes	35.40511	-99.05857	4/2/24	Sinorhizobium	Sinorhizobium_meliloti_(Rhizobium_meliloti)	83.171	99.8054	0	1766
OAES_19-2-Ro|nifK|consensus50|pass_mixed_possible_multitemplate	OAES-19-2-Ro	D11	Melilotus officinalis	6/4/24	0	0	Quarter	OAES-19	ethanol	root	Fabaceae	OAES	Melilotus	Trifolieae	OAES_012_R	Washita	OK	no	35.402943	-99.064829	4/16/24	Sinorhizobium	Sinorhizobium_meliloti_(Rhizobium_meliloti)	85.195	99.8703	0	1908
OAES-8-2-Rh|nifK|consensus50|pass_mixed_possible_multitemplate	OAES-8-2-Rh	D11	Astragalus plattensis	6/25/24	0	0	Quarter	OAES-8	ethanol	rhizosphere	Fabaceae	OAES	Astragalus	Galegeae	OAES_044_T	Washita	OK	yes	35.40431	-99.05922	4/2/24	Microvirga	Microvirga_sp._KLBC_81	86.913	98.1193	0	1783
CLBJ-15-1-Rh|nifK|consensus50|pass_single_dominant	CLBJ-15-1-Rh	D11	Lespedeza procumbens	6/19/24	0	0	Quarter	CLBJ-15	dry	rhizosphere	Fabaceae	CLBJ	Lespedeza	Desmodieae	CLBJ_002_T	Wise	TX	yes	33.40398	-97.57114	5/8/24	Rhizobium	Rhizobium_sp._T1470	89.052	48.5733	0	935
JERC-RHTO-58-1-Rh|nifK|consensus50|pass_single_dominant	JERC-RHTO-58-1-Rh	D03	Rhynchosia tomentosa	12/4/24	0	0	Quarter	JERC-58	dry	rhizosphere	Fabaceae	JERC	Rhynchosia	Phaseoleae	JERC_050	Baker County	Georgia	yes	NA	NA	20240618	Mesorhizobium	Mesorhizobium_sp._WSM2240	87.049	39.559	0	699
CLBJ-20-1-No|nifK|consensus50|pass_mixed_possible_multitemplate	CLBJ-20-1-No	D11	Clitoria mariana	6/20/24	46.25	2220	Half	CLBJ-20	dry	nodule	Fabaceae	CLBJ	Clitoria	Phaseoleae	CLBJ_003_T	Wise	TX	yes	33.403989	-97.572744	5/8/24	Rhizobium	Rhizobium_sp._T1470	89.068	56.3554	0	1083
CLBJ-23-1-No|nifK|consensus50|pass_mixed_possible_multitemplate	CLBJ-23-1-No	D11	Acmispon americanus	6/20/24	0.891	42.768	Quarter	CLBJ-23	dry	nodule	Fabaceae	CLBJ	Acmispon	Loteae	CLBJ_003_T	Wise	TX	yes	33.403989	-97.572744	5/8/24	Rhizobium	Rhizobium_sp._T1470	88.106	56.1608	0	1059
OAES-1-1-No|nifK|consensus50|pass_single_dominant	OAES-1-1-No	D11	Astragalus distortus	6/25/24	0.0895	4.296	Quarter	OAES-1	ethanol	nodule	Fabaceae	OAES	Astragalus	Galegeae	OAES_055_T	Washita	OK	yes	35.41368	-99.05573	3/27/24	Rhizobium	Rhizobium_sp._T1470	89.112	100.0649	0	1930
OAES-16-1-No|nifK|consensus50|pass_single_dominant	OAES-16-1-No	D11	Astragalus distortus	8/14/24	12.9	619.2	Half	OAES-16	ethanol	nodule	Fabaceae	OAES	Astragalus	Galegeae	OAES_003_R	Washita	OK	yes	35.41214	-99.06981	4/11/24	Rhizobium	Rhizobium_sp._T1470	88.658	100.0649	0	1901
OAES-25-1-No|nifK|consensus50|pass_single_dominant	OAES-25-1-No	D11	Astragalus nuttallianus var. nuttallianus	6/4/24	0	0	Quarter	OAES-25	ethanol	nodule	Fabaceae	OAES	Astragalus	Galegeae	OAES_007_R	Washita	OK	yes	35.419991	-99.0567264	4/17/24	Rhizobium	Rhizobium_sp._T1470	89.112	100.0649	0	1930
OAES-7-1-Ro|nifK|consensus50|pass_single_dominant	OAES-7-1-Ro	D11	Astragalus nuttallianus var. nuttallianus	6/25/24	2.01	96.48	Quarter	OAES-7	ethanol	root	Fabaceae	OAES	Astragalus	Galegeae	OAES_043_T	Washita	OK	yes	35.40511	-99.05857	4/2/24	Rhizobium	Rhizobium_sp._T1470	89.112	100.0649	0	1930
OAES-7-1-No|nifK|consensus50|pass_single_dominant	OAES-7-1-No	D11	Astragalus nuttallianus var. nuttallianus	6/25/24	3.24	155.52	Quarter	OAES-7	ethanol	nodule	Fabaceae	OAES	Astragalus	Galegeae	OAES_043_T	Washita	OK	yes	35.40511	-99.05857	4/2/24	Rhizobium	Rhizobium_sp._T1470	89.112	100.0649	0	1930
OAES-4-1-No|nifK|consensus50|pass_single_dominant	OAES-4-1-No	D11	Astragalus nuttallianus var. nuttallianus	6/25/24	0	0	Quarter	OAES-4	ethanol	nodule	Fabaceae	OAES	Astragalus	Galegeae	OAES_042_T	Washita	OK	yes	35.40889	-99.05649	4/2/24	Sinorhizobium	Sinorhizobium_meliloti_(Rhizobium_meliloti)	86.697	99.9351	0	1724
OAES-4-1-Ro|nifK|consensus50|pass_single_dominant	OAES-4-1-Ro	D11	Astragalus nuttallianus var. nuttallianus	6/25/24	0.4035	19.368	Quarter	OAES-4	ethanol	root	Fabaceae	OAES	Astragalus	Galegeae	OAES_042_T	Washita	OK	yes	35.40889	-99.05649	4/2/24	Sinorhizobium	Sinorhizobium_meliloti_(Rhizobium_meliloti)	86.753	99.8703	0	1727
OAES-7-1-Rh|nifK|consensus50|pass_single_dominant	OAES-7-1-Rh	D11	Astragalus nuttallianus var. nuttallianus	6/25/24	0	0	Quarter	OAES-7	ethanol	rhizosphere	Fabaceae	OAES	Astragalus	Galegeae	OAES_043_T	Washita	OK	yes	35.40511	-99.05857	4/2/24	Sinorhizobium	Sinorhizobium_meliloti_(Rhizobium_meliloti)	86.502	99.9351	0	1720
OAES-16-1-Rh|nifK|consensus50|pass_single_dominant	OAES-16-1-Rh	D11	Astragalus distortus	8/14/24	0.082	3.936	Quarter	OAES-16	ethanol	rhizosphere	Fabaceae	OAES	Astragalus	Galegeae	OAES_003_R	Washita	OK	yes	35.41214	-99.06981	4/11/24	Rhizobium	Rhizobium_sp._T1470	88.709	99.9351	0	1908
JERC-98-3-No|nifK|consensus50|pass_mixed_possible_multitemplate	JERC-98-3-No	D03	Lespedeza cuneata	2/24/25	0.6205	29.784	Quarter	JERC-98	dry	nodule	Fabaceae	JERC	Lespedeza	Desmodieae	JERC_034	Baker County	Georgia	no	31.26611111	-84.59333333	20240625	Rhizobium	Rhizobium_sp._T1470	87.224	55.8366	0	990
OSBS-68-1-Rh|nifK|consensus50|pass_single_dominant	OSBS-68-1-Rh	D03	Crotalaria rotundifolia	2/26/25	0	0	Quarter	OSBS-68	dry	rhizosphere	Fabaceae	OSBS	Crotalaria	Crotalarieae	OSBS_008	Putnam	FL	yes	NA	NA	20240723	Rhizobium	Rhizobium_sp._T1470	89.356	46.3035	0	898
CLBJ-48-1-No|nifK|consensus50|pass_single_dominant	CLBJ-48-1-No	D11	Indigofera miniata	2/19/25	0.057	2.736	Quarter	CLBJ-48	dry	nodule	Fabaceae	CLBJ	Indigofera	Indigofereae	CLBJ_034	Wise	TX	yes	33.23641	-97.3407	9/4/24	Rhizobium	Rhizobium_sp._T1470	87.621	53.4371	0	968
JERC-170-No|nifK|consensus50|pass_single_dominant	JERC-170-No	D03	Desmodium obtusum	2/27/25	0.299	14.352	Quarter	JERC-170	dry	nodule	Fabaceae	JERC	Desmodium	Desmodieae	JERC_019	Baker County	Georgia	yes	NA	NA	20241003	Rhizobium	Rhizobium_sp._T1470	87.395	46.3035	0	837
JERC-168-Ro|nifK|consensus50|pass_single_dominant	JERC-168-Ro	D03	Tephrosia spicata	2/26/25	0.0655	3.144	Quarter	JERC-168	dry	root	Fabaceae	JERC	Tephrosia	Millettieae	JERC_019	Baker County	Georgia	yes	NA	NA	20241003	Rhizobium	Rhizobium_sp._T1470	87.944	41.9585	0	776
KONZ-14-1-Ro|nifK|consensus50|pass_mixed_possible_multitemplate	KONZ-14-1-Ro	D06	Lespedeza violacea	2/25/25	1.895	90.96	Quarter	KONZ-14	dry	root	Fabaceae	KONZ	Lespedeza	Desmodieae	KONZ_002	Riley	KS	yes	39.1199	-96.54578	20240711	Rhizobium	Rhizobium_sp._T1470	88.361	54.6044	0	1031
JERC-175-1-Rh|nifK|consensus50|pass_single_dominant	JERC-175-1-Rh	D03	Desmodium ciliare	2/26/25	0	0	Quarter	JERC-175	dry	rhizosphere	Fabaceae	JERC	Desmodium	Desmodieae	JERC_050	Baker County	Georgia	yes	NA	NA	20241018	Rhizobium	Rhizobium_sp._T1470	87.456	54.799	0	989
JERC-45-5-Ro|nifK|consensus50|pass_single_dominant	JERC-45-5-Ro	D03	Stylosanthes biflora	12/4/24	0.3935	18.888	Quarter	JERC-45	dry	root	Fabaceae	JERC	Stylosanthes	Dalbergieae	JERC_005	Baker County	Georgia	yes	NA	NA	20240604	Rhizobium	Rhizobium_sp._T1470	88.012	44.358	0	817
DSNY-68-1-No|nifK|consensus50|pass_mixed_possible_multitemplate	DSNY-68-1-No	D03	Desmodium triflorum	2/24/25	0	0	Quarter	DSNY-68	dry	nodule	Fabaceae	DSNY	Desmodium	Desmodieae	DSNY_043	Polk	Florida	yes	28.1252617	-81.4363446	20240904	Rhizobium	Rhizobium_sp._T1470	87.752	41.8288	0	754
DSNY-31-1-Ro|nifK|consensus50|pass_mixed_possible_multitemplate	DSNY-31-1-Ro	D03	Macroptilium lathyroides	9/18/24	2.18	104.64	Quarter	DSNY-MALY-31	dry	root	Fabaceae	DSNY	Macroptilium	Phaseoleae	DSNY_044	Osceola	Florida	yes	28.126633	-81.435883	2024002	Rhizobium	Rhizobium_azibense	85.912	56.1608	0	994
ORNL-3-1-Ro|nifK|consensus50|pass_mixed_possible_multitemplate	ORNL-3-1-Ro	D07	Elaeagnus umbellata	2/17/25	0.483	23.184	Quarter	ORNL-3	dry	root	Elaeagnaceae	ORNL	Elaeagnus	actinorhizal	ORNL_029	Anderson	TN	no	35.96	-84.26	5/15/24	Rhizobium	Rhizobium_sp._T1470	86.936	56.096	0	1000
JERC-GAVO-33-1-Rh|nifK|consensus50|pass_single_dominant	JERC-GAVO-33-1-Rh	D03	Galactia volubilis	12/4/24	0	0	Quarter	JERC-33	dry	rhizosphere	Fabaceae	JERC	Galactia	Diocleae	JERC_007	Baker County	Georgia	yes	NA	NA	20240603	Mesorhizobium	Mesorhizobium_sp._AaZ16	88.927	56.2257	0	1077
OSBS-21-2-Ro|nifK|consensus50|pass_mixed_possible_multitemplate	OSBS-21-2-Ro	D03	Crotalaria maritima	8/19/24	0.119	5.712	Quarter	OSBS-CRMA-21	dry	root	Fabaceae	OSBS	Crotalaria	Crotalarieae	OSBS_004	Putnam	FL	yes	NA	NA	20240521	Mesorhizobium	Mesorhizobium_sp._WSM2240	86.916	41.6342	0	761
OSBS-35-2-Rh|nifK|consensus50|pass_single_dominant	OSBS-35-2-Rh	D03	Chapmannia floridana	2/26/25	0.054	2.592	Quarter	OSBS-35	dry	rhizosphere	Fabaceae	OSBS	Chapmannia	Dalbergieae	OSBS_006	Putnam	FL	yes	NA	NA	20240611	Sinorhizobium	Sinorhizobium_meliloti_(Rhizobium_meliloti)	86.599	57.5875	0	994
JERC-DEFL-31-5-Rh|nifK|consensus50|pass_mixed_possible_multitemplate	JERC-DEFL-31-5-Rh	D03	Desmodium cf. floridanum	12/4/24	0	0	Quarter	JERC-31	dry	rhizosphere	Fabaceae	JERC	Desmodium	Desmodieae	JERC_007	Baker County	Georgia	yes	NA	NA	20240603	Microvirga	Microvirga_sp._KLBC_81	86.947	57.1336	0	1022
JERC-54-2-Rh|nifK|consensus50|pass_mixed_possible_multitemplate	JERC-54-2-Rh	D03	Orbexilum lupinellum	12/4/24	0	0	Quarter	JERC-54	dry	rhizosphere	Fabaceae	JERC	Orbexilum	Psoraleeae	JERC_057	Baker County	Georgia	yes	31.12.137	-84.28.195	20240611	Sinorhizobium	Sinorhizobium_meliloti_(Rhizobium_meliloti)	86.589	99.6109	0	1818
OSBS-5-5-Rh|nifK|consensus50|pass_single_dominant	OSBS-5-5-Rh	D03	Morella cerifera	8/14/24	3.29	157.92	Quarter	OSBS-MOCE-5	dry	rhizosphere	Myricaceae	OSBS	Morella	actinorhizal	OSBS_016	Putnam	FL	yes	NA	NA	20240424	Sinorhizobium	Sinorhizobium_meliloti_(Rhizobium_meliloti)	88.717	58.6252	0	1144
OAES-21-3-Rh|nifK|consensus50|pass_mixed_possible_multitemplate	OAES-21-3-Rh	D11	Astragalus plattensis	6/4/24	0	0	Quarter	OAES-21	ethanol	rhizosphere	Fabaceae	OAES	Astragalus	Galegeae	OAES_012_R	Washita	OK	yes	35.402943	-99.064829	4/16/24	Mesorhizobium	Mesorhizobium_sp._WSM2240	87.351	97.9248	0	1844
OAES-27-2-Rh|nifK|consensus50|pass_single_dominant	OAES-27-2-Rh	D11	Oxytropis lambertii	6/10/24	0	0	Quarter	OAES-27	ethanol	rhizosphere	Fabaceae	OAES	Oxytropis	Galegeae	OAES_006_R	Washita	OK	yes	35.420259	-99.048669	4/17/24	Sinorhizobium	Sinorhizobium_meliloti_(Rhizobium_meliloti)	87.015	96.887200000000007	0	1724
OAES-1-1-Ro|nifK|consensus50|pass_mixed_possible_multitemplate	OAES-1-1-Ro	D11	Astragalus distortus	6/25/24	0	0	Quarter	OAES-1	ethanol	root	Fabaceae	OAES	Astragalus	Galegeae	OAES_055_T	Washita	OK	yes	35.41368	-99.05573	3/27/24	Sinorhizobium	Sinorhizobium_meliloti_(Rhizobium_meliloti)	85.789	99.0272	0	1759
CLBJ-1-1-Ro|nifK|consensus50|pass_mixed_possible_multitemplate	CLBJ-1-1-Ro	D11	Vicia sativa	7/9/24	1.305	62.64	Quarter	CLBJ-1	dry	root	Fabaceae	CLBJ	Vicia	Fabeae	CLBJ_001_T	Wise	TX	no	33.23888	-97.34109	3/20/24	Sinorhizobium	Sinorhizobium_meliloti_(Rhizobium_meliloti)	86.29	99.8054	0	1881
CLBJ-19-1-Ro|nifK|consensus50|pass_mixed_possible_multitemplate	CLBJ-19-1-Ro	D11	Stylosanthes biflora	6/20/24	0	0	Quarter	CLBJ-19	dry	root	Fabaceae	CLBJ	Stylosanthes	Dalbergieae	CLBJ_003_T	Wise	TX	yes	33.403989	-97.572744	5/8/24	Sinorhizobium	Sinorhizobium_meliloti_(Rhizobium_meliloti)	84.535	99.8054	0	1668
JERC-2-1-Ro|nifK|consensus50|pass_mixed_possible_multitemplate	JERC-2-1-Ro	D03	Vicia sativa	7/15/24	1.215	58.32	Quarter	JERC-VISA-2	dry	root	Fabaceae	JERC	Vicia	Fabeae	JERC_012	Baker County	Georgia	no	31.189973	-84.446402	20240320	Sinorhizobium	Sinorhizobium_meliloti_(Rhizobium_meliloti)	82.185	99.7406	0	1668
OAES-25-1-Ro|nifK|consensus50|pass_mixed_possible_multitemplate	OAES-25-1-Ro	D11	Astragalus nuttallianus var. nuttallianus	6/4/24	0.1405	27.819	Quarter	OAES-25	ethanol	root	Fabaceae	OAES	Astragalus	Galegeae	OAES_007_R	Washita	OK	yes	35.419991	-99.0567264	4/17/24	Sinorhizobium	Sinorhizobium_meliloti_(Rhizobium_meliloti)	82.138	97.6654	0	1663
OAES-3-1-Ro|nifK|consensus50|pass_mixed_possible_multitemplate	OAES-3-1-Ro	D11	Astragalus plattensis	6/25/24	0.183	8.784	Quarter	OAES-3	ethanol	root	Fabaceae	OAES	Astragalus	Galegeae	OAES_065_T	Washita	OK	yes	35.41314	-99.05573	3/27/24	Sinorhizobium	Sinorhizobium_meliloti_(Rhizobium_meliloti)	86.16	99.8054	0	1881
OSBS-38-2-Ro|nifK|consensus50|pass_single_dominant	OSBS-38-2-Ro	D03	Pediomelum canescens	2/26/25	0	0	Quarter	OSBS-38	dry	root	Fabaceae	OSBS	Pediomelum	Psoraleeae	OSBS_029	Putnam	FL	yes	NA	NA	20240617	Mesorhizobium	Mesorhizobium_sp._WSM2240	89.189	57.5875	0	1125
CLBJ-35-1-Ro|nifK|consensus50|pass_mixed_possible_multitemplate	CLBJ-35-1-Ro	D11	Rhynchosia latifolia	2/26/25	0.0845	4.056	Quarter	CLBJ-35	ethanol	root	Fabaceae	CLBJ	Rhynchosia	Phaseoleae	CLBJ_036_R	Wise	TX	yes	33.397578	-97.57995	6/11/24	Mesorhizobium	Mesorhizobium_sp._AaZ16	85.312	94.4877	0	1592
DSNY-7-1-No|nifK|consensus50|pass_single_dominant	DSNY-7-1-No	D03	Morella pumila	8/14/24	3.285	157.68	Quarter	DSNY-MOPU-7	dry	nodule	Myricaceae	DSNY	Morella	actinorhizal	DSNY_004	Osceola	Florida	yes	28.09974869	-81.39996247	20240319	Sinorhizobium	Sinorhizobium_meliloti_(Rhizobium_meliloti)	87.726	50.1946	0	985
JERC-98-2-No|nifK|consensus50|pass_single_dominant	JERC-98-2-No	D03	Lespedeza cuneata	2/24/25	4.21	202.08	Quarter	JERC-98	dry	nodule	Fabaceae	JERC	Lespedeza	Desmodieae	JERC_034	Baker County	Georgia	no	31.26611111	-84.59333333	20240625	Sinorhizobium	Sinorhizobium_meliloti_(Rhizobium_meliloti)	90.038	34.5006	0	701
OSBS-102-1-No|nifK|consensus50|pass_mixed_possible_multitemplate	OSBS-102-1-No	D03	Desmodium strictum	4/17/25	5.73	275.04	Half	OSBS-102	dry	nodule	Fabaceae	OSBS	Desmodium	Desmodieae	OSBS_005	Putnam	Fl	yes	29.6958648	-82.0266737	20240919	Sinorhizobium	Sinorhizobium_meliloti_(Rhizobium_meliloti)	84.951	99.546	0	1773
TOOL-19-Rh|nifK|consensus50|pass_mixed_possible_multitemplate	TOOL-19-Rh	D18	Dryas integrifolia	5/14/25	0	0	Quarter	TOOL-19	ethanol	rhizosphere	Rosaceae	TOOL	Dryas	actinorhizal	TOOL_003	North Slope Borough	Alaska	yes	NA	NA	20240710	Sinorhizobium	Sinorhizobium_meliloti_(Rhizobium_meliloti)	88.11	94.358	0	1766
CPER-1-Ro|nifK|consensus50|pass_mixed_possible_multitemplate	CPER-1-Ro	D10	Astragalus bisulcatus	4/24/25	0.684	32.832	Quarter	CPER-1	dry	root	Fabaceae	CPER	Astragalus	Galegeae	CPER_012	Weld	CO	yes	NA	NA	6/13/24	Sinorhizobium	Sinorhizobium_meliloti_(Rhizobium_meliloti)	86.68	96.887200000000007	0	1801
DCFS-7-1-No|nifK|consensus50|pass_single_dominant	DCFS-7-1-No	D09	Amorpha canescens	4/23/25	0	0	Quarter	DCFS-7	dry	nodule	Fabaceae	DCFS	Amorpha	Amorpheae	DCFS_067	Stutsman	ND	yes	47.16096	99.11051	6/20/24	Sinorhizobium	Sinorhizobium_meliloti_(Rhizobium_meliloti)	90.673	97.3411	0	2034
DEJU-57-Rh|nifK|consensus50|pass_mixed_possible_multitemplate	DEJU-57-Rh	D19	Alnus viridis	5/23/25	0	0	Quarter	DEJU-57	ethanol	rhizosphere	Betulaceae	DEJU	Alnus	actinorhizal	DEJU_045	NA	Unknown	yes	NA	NA	NA	Microvirga	Microvirga_sp._KLBC_81	85.429	55.1881	0	939
OSBS-8-5-Ro|nifK|consensus50|pass_mixed_possible_multitemplate	OSBS-8-5-Ro	D03	Tephrosia virginiana	8/14/24	0.267	12.816	Quarter	OSBS-TEVI-8	dry	root	Fabaceae	OSBS	Tephrosia	Millettieae	OSBS_029	Putnam	FL	yes	NA	NA	20240521	Sinorhizobium	Sinorhizobium_meliloti_(Rhizobium_meliloti)	89.678	98.6381	0	1993
DSNY-CRMA-33-1-Rh|nifK|consensus50|pass_mixed_possible_multitemplate	DSNY-CRMA-33-1-Rh	D03	Crotalaria maritima	9/18/24	0	0	Quarter	DSNY-CRMA-33	dry	rhizosphere	Fabaceae	DSNY	Crotalaria	Crotalarieae	DSNY_001	Osceola	Florida	yes	NA	NA	20240402	Sinorhizobium	Sinorhizobium_meliloti_(Rhizobium_meliloti)	87.154	98.4436	0	1821
DSNY-3-1-No|nifK|consensus50|pass_mixed_possible_multitemplate	DSNY-3-1-No	D03	Lupinus floridanus	8/19/24	1.12	53.76	Quarter	DSNY-3	dry	nodule	Fabaceae	DSNY	Lupinus	Genisteae	DSNY_006	Osceola	Florida	yes	28.09298025	-81.39932663	20240312	Sinorhizobium	Sinorhizobium_meliloti_(Rhizobium_meliloti)	86.346	99.7406	0	1825
DSNY-3-1-Ro|nifK|consensus50|pass_mixed_possible_multitemplate	DSNY-3-1-Ro	D03	Lupinus floridanus	8/19/24	0.661	31.728	Quarter	DSNY-3	dry	root	Fabaceae	DSNY	Lupinus	Genisteae	DSNY_006	Osceola	Florida	yes	28.09298025	-81.39932663	20240312	Mesorhizobium	Mesorhizobium_sp._WSM2240	83.942	53.3074	0	874
LAJA-26-1-No|nifK|consensus50|pass_mixed_possible_multitemplate	LAJA-26-1-No	D04	Desmodium sp.	4/4/25	0.8045	38.616	Quarter	LAJA-26	dry	nodule	Fabaceae	LAJA	Desmodium	Desmodieae	NA	LAJA	P.R	yes	NA	NA	NA	Sinorhizobium	Sinorhizobium_meliloti_(Rhizobium_meliloti)	85.971	97.5357	0	1727
DSNY-17-3-No|nifK|consensus50|pass_single_dominant	DSNY-17-3-No	D03	Crotalaria maritima	8/19/24	0.059	2.832	Quarter	DSNY-CRMA-17	dry	nodule	Fabaceae	DSNY	Crotalaria	Crotalarieae	DSNY_041	Osceola	Florida	yes	NA	NA	20240401	Mesorhizobium	Mesorhizobium_sp._WSM2240	85.649	99.4163	0	1746
JERC-148-No|nifK|consensus50|pass_single_dominant	JERC-148-No	D03	Lespedeza virginica	5/14/25	0	0	Quarter	JERC-148	dry	nodule	Fabaceae	JERC	Lespedeza	Desmodieae	JERC_062	NA	Unknown	yes	NA	NA	20240924	Sinorhizobium	Sinorhizobium_meliloti_(Rhizobium_meliloti)	94.128	38.6511	0	907
LAJA-26-1-Ro|nifK|consensus50|pass_mixed_possible_multitemplate	LAJA-26-1-Ro	D04	Desmodium sp.	4/4/25	0.6455	30.984	Quarter	LAJA-26	dry	root	Fabaceae	LAJA	Desmodium	Desmodieae	NA	LAJA	P.R	yes	NA	NA	NA	Microvirga	Microvirga_sp._RSM25	79.885	56.4202	0	802
JERC-RHTO-58-1-Ro|nifK|consensus50|pass_mixed_possible_multitemplate	JERC-RHTO-58-1-Ro	D03	Rhynchosia tomentosa	12/4/24	0	0	Quarter	JERC-58	dry	root	Fabaceae	JERC	Rhynchosia	Phaseoleae	JERC_050	Baker County	Georgia	yes	NA	NA	20240618	Microvirga	Microvirga_lotononidis	85.006	58.8197	0	1037
JORN-3-1-Rh|nifK|consensus50|pass_mixed_possible_multitemplate	JORN-3-1-Rh	D14	Dalea nana	8/19/24	0.173	8.304	Quarter	JORN-3	dry	rhizosphere	Fabaceae	JORN	Dalea	Amorpheae	JORN_044	Dona Ana	New Mexico	yes	32.35367	-106.50498	4/20/24	Microvirga	Microvirga_sp._KLBC_81	85.575	99.8054	0	1751
JERC-189-1-Rh|nifK|consensus50|pass_single_dominant	JERC-189-1-Rh	D03	Lespedeza hirta	2/26/25	0	0	Quarter	JERC-189	dry	rhizosphere	Fabaceae	JERC	Lespedeza	Desmodieae	JERC_048	Baker County	Georgia	yes	NA	NA	20241028	Mesorhizobium	Mesorhizobium_sp._WSM2240	88.889	57.7821	0	1125
TALL-29-3-Rh|nifK|consensus50|pass_mixed_possible_multitemplate	TALL-29-3-Rh	D08	Lespedeza cuneata	4/17/25	0	0	Quarter	TALL-29	dry	rhizosphere	Fabaceae	TALL	Lespedeza	Desmodieae	TALL_003	Bibb County	AL	no	32.8941	-87.41688	8/26/24	Sinorhizobium	Sinorhizobium_meliloti_(Rhizobium_meliloti)	84.539	97.7302	0	1722
LAJA-25-1-No|nifK|consensus50|pass_mixed_possible_multitemplate	LAJA-25-1-No	D04	Desmodium incanum	4/4/25	2.14	102.72	Quarter	LAJA-25	dry	nodule	Fabaceae	LAJA	Desmodium	Desmodieae	LAJA_026	LAJA	P.R	yes	18.03547	-67.06755	11/13/24	Sinorhizobium	Sinorhizobium_meliloti_(Rhizobium_meliloti)	83.474	99.6757	0	1668
