tip_label	sample_id	domain	species	date_finalized	qubit_average	total_dna	nebnext_protocol	isotope_reference_name	sample_preservation	type	family	site	genus	tribe	plot_simple	county	state	native	lat	long	date_field_collection	closest_blast_genus	closest_blast_taxon	percent_identity	query_coverage_percent	evalue	bitscore
BLAN-1-1-No|nifD|consensus50|pass_mixed_possible_multitemplate	BLAN-1-1-No	D02	Trifolium repens	4/23/25	2.17	104.16	Quarter	BLAN-1	ethanol	nodule	Fabaceae	BLAN	Trifolium	Trifolieae	BLAN_020	Clarke	VA	no	39.101131	-77.980227	8/13/24	Sinorhizobium	Sinorhizobium_meliloti_(Rhizobium_meliloti)	84.186	85.4439	0	1443
BLAN-1-1-Rh|nifD|consensus50|pass_mixed_possible_multitemplate	BLAN-1-1-Rh	D02	Trifolium repens	4/23/25	0.0565	2.712	Quarter	BLAN-1	ethanol	rhizosphere	Fabaceae	BLAN	Trifolium	Trifolieae	BLAN_020	Clarke	VA	no	39.101131	-77.980227	8/13/24	Sinorhizobium	Sinorhizobium_meliloti_(Rhizobium_meliloti)	83.563	85.3786	0	1411
BLAN-1-1-Ro|nifD|consensus50|pass_mixed_possible_multitemplate	BLAN-1-1-Ro	D02	Trifolium repens	4/23/25	0.053	2.544	Quarter	BLAN-1	ethanol	root	Fabaceae	BLAN	Trifolium	Trifolieae	BLAN_020	Clarke	VA	no	39.101131	-77.980227	8/13/24	Sinorhizobium	Sinorhizobium_meliloti_(Rhizobium_meliloti)	86.118	50.7833	0	939
DEJU-29-1-Rh|nifD|consensus50|pass_mixed_possible_multitemplate	DEJU-29-1-Rh	D19	Alnus viridis	4/15/25	0.3895	18.696	Quarter	DEJU-29	ethanol	rhizosphere	Betulaceae	DEJU	Alnus	actinorhizal	DEJU_015	NA	Alaska	yes	NA	NA	NA	Microvirga	Microvirga_sp._RSM25	82.569	85.3786	0	1314
OSBS-DETR-64-3-Ro|nifD|consensus50|pass_single_dominant	OSBS-DETR-64-3-Ro	D03	Desmodium triflorum	4/17/25	0	0	Quarter	OSBS-64	dry	root	Fabaceae	OSBS	Desmodium	Desmodieae	OSBS_031	Putnam	FL	yes	29.689142	-81.993367	20240710	Sinorhizobium	Sinorhizobium_meliloti_(Rhizobium_meliloti)	84.95	85.4439	0	1411
JERC-151-Rh|nifD|consensus50|pass_single_dominant	JERC-151-Rh	D03	Tephrosia virginiana	5/14/25	0	0	Quarter	JERC-151	dry	rhizosphere	Fabaceae	JERC	Tephrosia	Millettieae	JERC_015	Baker County	Georgia	yes	NA	NA	20241002	Sinorhizobium	Sinorhizobium_meliloti_(Rhizobium_meliloti)	90.36	50.7833	0	1027
SCBI-1-1-Rh|nifD|consensus50|pass_mixed_possible_multitemplate	SCBI-1-1-Rh	D02	Lespedeza cuneata	4/23/25	0	0	Quarter	SCBI-1	ethanol	rhizosphere	Fabaceae	SCBI	Lespedeza	Desmodieae	SCBI-006	Warren	VA	no	38.897638	-78.152008	6/26/24	Sinorhizobium	Sinorhizobium_meliloti_(Rhizobium_meliloti)	86.358	50.718	0	917
BLAN-4-1-Ro|nifD|consensus50|pass_mixed_possible_multitemplate	BLAN-4-1-Ro	D02	Elaeagnus umbellata	4/23/25	0	0	Quarter	BLAN-4	ethanol	root	Elaeagnaceae	BLAN	Elaeagnus	actinorhizal	BLAN_020	Clarke	VA	no	39.100987	-77.980772	8/13/24	Sinorhizobium	Sinorhizobium_meliloti_(Rhizobium_meliloti)	90.09	50.718	0	1107
SCBI-2-1-Ro|nifD|consensus50|pass_mixed_possible_multitemplate	SCBI-2-1-Ro	D02	Lespedeza cuneata	4/23/25	0	0	Quarter	SCBI-2	ethanol	root	Fabaceae	SCBI	Lespedeza	Desmodieae	SCBI-006	Warren	VA	no	38.897638	-78.152008	NA	Sinorhizobium	Sinorhizobium_meliloti_(Rhizobium_meliloti)	87.951	85.0522	0	1615
OSBS-106-1-Ro|nifD|consensus50|pass_mixed_possible_multitemplate	OSBS-106-1-Ro	D03	Lespedeza hirta	4/15/25	0.1815	8.712	Quarter	OSBS-106	dry	root	Fabaceae	OSBS	Lespedeza	Desmodieae	OSBS_070	Putnam	Fl	yes	NA	NA	20241008	Sinorhizobium	Sinorhizobium_meliloti_(Rhizobium_meliloti)	90.219	50.718	0	1079
DSNY-5-1-Rh|nifD|consensus50|pass_mixed_possible_multitemplate	DSNY-5-1-Rh	D03	Crotalaria maritima	8/14/24	0.066	3.168	Quarter	DSNY-CRMA-5	dry	rhizosphere	Fabaceae	DSNY	Crotalaria	Crotalarieae	DSNY_006	Osceola	Florida	yes	28.09298025 N, -81.39932663 W. WGS84.	NA	20240312	Mesorhizobium	Mesorhizobium_sp._AaZ16	85.12	84.6606	0	1472
NOGP-3-2-Rh|nifD|consensus50|pass_mixed_possible_multitemplate	NOGP-3-2-Rh	D09	Medicago lupulina	4/23/25	0	0	Quarter	NOGP-3	dry	rhizosphere	Fabaceae	NOGP	Medicago	Trifolieae	NOGP_064	NA	ND	no	46.77084	-100.9136386	6/25/24	Sinorhizobium	Sinorhizobium_meliloti_(Rhizobium_meliloti)	85.55	85.3786	0	1528
DSNY-13-1-Ro|nifD|consensus50|pass_mixed_possible_multitemplate	DSNY-13-1-Ro	D03	Crotalaria pallida var. obovata	8/19/24	0.599	28.752	Quarter	DSNY-CRPA-13	dry	root	Fabaceae	DSNY	Crotalaria	Crotalarieae	DSNY_044	Osceola	Florida	yes	28.12693243	-81.43561487	20240320	Sinorhizobium	Sinorhizobium_meliloti_(Rhizobium_meliloti)	84.041	50.718	0	876
DSNY-14-1-Ro|nifD|consensus50|pass_mixed_possible_multitemplate	DSNY-14-1-Ro	D03	Crotalaria pallida var. obovata	8/19/24	0.5255	25.224	Quarter	DSNY-CRPA-14	dry	root	Fabaceae	DSNY	Crotalaria	Crotalarieae	DSNY_044	Osceola	Florida	yes	28.12693243	-81.43561487	20240320	Sinorhizobium	Sinorhizobium_meliloti_(Rhizobium_meliloti)	84.098	85.3786	0	1358
TEAK-3-1-Rh|nifD|consensus50|pass_single_dominant	TEAK-3-1-Rh	D17	Acmispon americanus	4/15/25	14.85	712.8	Half	TEAK-3	dry	rhizosphere	Fabaceae	TEAK	Acmispon	Loteae	NA	Fresno	CA	yes	37.009052	-119.008213	#N/A	Ensifer	Ensifer_aridi	83.844	85.248	0	1356
BLAN-2-1-Rh|nifD|consensus50|pass_mixed_possible_multitemplate	BLAN-2-1-Rh	D02	Desmodium sp.	4/23/25	0	0	Quarter	BLAN-2	ethanol	rhizosphere	Fabaceae	BLAN	Desmodium	Desmodieae	BLAN_020	Clarke	VA	yes	39.101002	-77.980641	8/13/24	Sinorhizobium	Sinorhizobium_meliloti_(Rhizobium_meliloti)	89.34	85.1175	0	1692
DSNY-85-1-Rh|nifD|consensus50|pass_mixed_possible_multitemplate	DSNY-85-1-Rh	D03	Desmodium triflorum	4/4/25	0	0	Quarter	DSNY-85	dry	rhizosphere	Fabaceae	DSNY	Desmodium	Desmodieae	DSNY_015	Polk	Florida	yes	28.1094133	-81.4308468	20240904	Sinorhizobium	Sinorhizobium_meliloti_(Rhizobium_meliloti)	87.49	85.0522	0	1591
DEJU-54-Ro|nifD|consensus50|pass_single_dominant	DEJU-54-Ro	D19	Alnus viridis	5/23/25	3.785	181.68	Quarter	DEJU-54	ethanol	root	Betulaceae	DEJU	Alnus	actinorhizal	DEJU_045	NA	Unknown	yes	NA	NA	NA	Sinorhizobium	Sinorhizobium_meliloti_(Rhizobium_meliloti)	90.487	84.3995	0	1857
BLAN-4-1-Rh|nifD|consensus50|pass_mixed_possible_multitemplate	BLAN-4-1-Rh	D02	Elaeagnus umbellata	4/23/25	0	0	Quarter	BLAN-4	ethanol	rhizosphere	Elaeagnaceae	BLAN	Elaeagnus	actinorhizal	BLAN_020	Clarke	VA	no	39.100987	-77.980772	8/13/24	Sinorhizobium	Sinorhizobium_meliloti_(Rhizobium_meliloti)	90.605	50.718	0	1103
JERC-102-1-Ro|nifD|consensus50|pass_mixed_possible_multitemplate	JERC-102-1-Ro	D03	Ceanothus americanus	5/14/25	0.335	16.08	Quarter	JERC-102	dry	root	Rhamnaceae	JERC	Ceanothus	actinorhizal	JERC_019	Baker County	Georgia	yes	NA	NA	20240626	Sinorhizobium	Sinorhizobium_meliloti_(Rhizobium_meliloti)	87.047	84.6606	0	1639
OAES-4-1-Rh|nifD|consensus50|pass_mixed_possible_multitemplate	OAES-4-1-Rh	D11	Astragalus nuttallianus var. nuttallianus	6/25/24	0	0	Quarter	OAES-4	ethanol	rhizosphere	Fabaceae	OAES	Astragalus	Galegeae	OAES_042_T	Washita	OK	yes	35.40889	-99.05649	4/2/24	Sinorhizobium	Sinorhizobium_meliloti_(Rhizobium_meliloti)	86.876	85.0522	0	1561
SERC-6-1-Rh|nifD|consensus50|pass_single_dominant	SERC-6-1-Rh	D02	Glycine max	4/15/25	0	0	Quarter	SERC-6	ethanol	rhizosphere	Fabaceae	SERC	Glycine	Glycininae	SERC_018	Anne Arundel	MD	no	38.872901	-76.531642	9/25/24	Sinorhizobium	Sinorhizobium_meliloti_(Rhizobium_meliloti)	87.635	84.4648	0	1591
SCBI-8-2-Ro|nifD|consensus50|pass_mixed_possible_multitemplate	SCBI-8-2-Ro	D02	Elaeagnus umbellata	4/24/25	0.569	27.312	Quarter	SCBI-8	ethanol	root	Elaeagnaceae	SCBI	Elaeagnus	actinorhizal	SCBI-021	Warren	VA	no	38.900867	-78.152966	6/26/24	Sinorhizobium	Sinorhizobium_meliloti_(Rhizobium_meliloti)	84.685	50.718	0	822
WOOD-2-2-Ro|nifD|consensus50|pass_mixed_possible_multitemplate	WOOD-2-2-Ro	D09	Melilotus officinalis	5/2/25	1.885	90.48	Quarter	WOOD-2	ethanol	root	Fabaceae	WOOD	Melilotus	Trifolieae	DCFS_014	Stutsman	ND	no	46.89494	-98.6864	9/16/24	Sinorhizobium	Sinorhizobium_meliloti_(Rhizobium_meliloti)	89.833	50.718	0	1096
WOOD-11-1-Rh|nifD|consensus50|pass_mixed_possible_multitemplate	WOOD-11-1-Rh	D09	Medicago sativa	4/24/25	0	0	Quarter	WOOD-11	ethanol	rhizosphere	Fabaceae	WOOD	Medicago	Trifolieae	WOOD_043	Stutsman	ND	no	47.13177	-99.2395	9/26/24	Sinorhizobium	Sinorhizobium_meliloti_(Rhizobium_meliloti)	91.248	50.718	0	1079
CLBJ-40-1-Ro|nifD|consensus50|pass_mixed_possible_multitemplate	CLBJ-40-1-Ro	D11	Lespedeza cuneata	4/10/25	0	0	Quarter	CLBJ-40	ethanol	root	Fabaceae	CLBJ	Lespedeza	Desmodieae	CLBJ_034	Wise	TX	no	33.23685	-97.34119	9/2/24	Sinorhizobium	Sinorhizobium_meliloti_(Rhizobium_meliloti)	89.458	85.4439	0	1724
CLBJ-41-1-No|nifD|consensus50|pass_single_dominant	CLBJ-41-1-No	D11	Lespedeza cuneata	4/10/25	1.62	77.76	Quarter	CLBJ-41	ethanol	nodule	Fabaceae	CLBJ	Lespedeza	Desmodieae	CLBJ_034	Wise	TX	no	33.23685	-97.34119	9/2/24	Sinorhizobium	Sinorhizobium_meliloti_(Rhizobium_meliloti)	94.466	50.718	0	1218
JERC-106-1-No|nifD|consensus50|pass_mixed_possible_multitemplate	JERC-106-1-No	D03	Chamaecrista nictitans	5/23/25	0.269	12.912	Quarter	JERC-106	dry	nodule	Fabaceae	JERC	Chamaecrista	Cassieae	JERC_048	Baker County	Georgia	yes	31.19645727	-84.46191333	20240709	Sinorhizobium	Sinorhizobium_meliloti_(Rhizobium_meliloti)	94.723	50.718	0	1214
JERC-143-No|nifD|consensus50|pass_mixed_possible_multitemplate	JERC-143-No	D03	Desmodium viridiflorum	5/14/25	0.6625	31.8	Quarter	JERC-143	dry	nodule	Fabaceae	JERC	Desmodium	Desmodieae	JERC_010	Baker County	Georgia	yes	NA	NA	20240821	Sinorhizobium	Sinorhizobium_meliloti_(Rhizobium_meliloti)	98.795	21.671	2.2799999999999997e-172	599
OSBS-109-4-No|nifD|consensus50|pass_mixed_possible_multitemplate	OSBS-109-4-No	D03	Crotalaria spectabilis	4/15/25	7.87	377.76	Half	OSBS-109	dry	nodule	Fabaceae	OSBS	Crotalaria	Crotalarieae	OSBS_017	Putnam	Fl	no	29.704875	-81.990736	20241028	Sinorhizobium	Sinorhizobium_meliloti_(Rhizobium_meliloti)	88.932	50.718	0	1051
CLBJ-42-1-No|nifD|consensus50|pass_mixed_possible_multitemplate	CLBJ-42-1-No	D11	Chamaecrista fasciculata	4/10/25	0	0	Quarter	CLBJ-42	ethanol	nodule	Fabaceae	CLBJ	Chamaecrista	Cassieae	CLBJ_034	Wise	TX	yes	33.2369	-97.34128	9/2/24	Sinorhizobium	Sinorhizobium_meliloti_(Rhizobium_meliloti)	86.315	85.3786	0	1561
OSBS-TEVI-61-4-No|nifD|consensus50|pass_single_dominant	OSBS-TEVI-61-4-No	D03	Tephrosia virginiana	4/10/25	0	0	Quarter	OSBS-61	dry	nodule	Fabaceae	OSBS	Tephrosia	Millettieae	OSBS_004	Putnam	FL	yes	NA	NA	20240618	Sinorhizobium	Sinorhizobium_meliloti_(Rhizobium_meliloti)	90.566	58.812	0	1236
TALL-28-1-No|nifD|consensus50|pass_mixed_possible_multitemplate	TALL-28-1-No	D08	Desmodium sp.	4/17/25	1.515	72.72	Quarter	TALL-28	dry	nodule	Fabaceae	TALL	Desmodium	Desmodieae	TALL_008	Hale County	AL	yes	32.92293	-87.43434	8/26/24	Sinorhizobium	Sinorhizobium_meliloti_(Rhizobium_meliloti)	84.098	85.3786	0	1548
TALL-29-3-No|nifD|consensus50|pass_mixed_possible_multitemplate	TALL-29-3-No	D08	Lespedeza cuneata	4/17/25	2.2	105.6	Quarter	TALL-29	dry	nodule	Fabaceae	TALL	Lespedeza	Desmodieae	TALL_003	Bibb County	AL	no	32.8941	-87.41688	8/26/24	Sinorhizobium	Sinorhizobium_meliloti_(Rhizobium_meliloti)	85.398	85.3786	0	1555
TALL-28-1-Ro|nifD|consensus50|pass_mixed_possible_multitemplate	TALL-28-1-Ro	D08	Desmodium sp.	4/17/25	0.5085	24.408	Quarter	TALL-28	dry	root	Fabaceae	TALL	Desmodium	Desmodieae	TALL_008	Hale County	AL	yes	32.92293	-87.43434	8/26/24	Sinorhizobium	Sinorhizobium_meliloti_(Rhizobium_meliloti)	85.703	85.3786	0	1633
JERC-148-Ro|nifD|consensus50|pass_mixed_possible_multitemplate	JERC-148-Ro	D03	Lespedeza virginica	5/14/25	0.7835	37.608	Quarter	JERC-148	dry	root	Fabaceae	JERC	Lespedeza	Desmodieae	JERC_062	NA	Unknown	yes	NA	NA	20240924	Sinorhizobium	Sinorhizobium_meliloti_(Rhizobium_meliloti)	88.889	32.8982	0	641
JERC-149-Ro|nifD|consensus50|pass_mixed_possible_multitemplate	JERC-149-Ro	D03	Desmodium ciliare	5/14/25	0.148	7.104	Quarter	JERC-149	dry	root	Fabaceae	JERC	Desmodium	Desmodieae	JERC_062	NA	Unknown	yes	NA	NA	20240924	Sinorhizobium	Sinorhizobium_meliloti_(Rhizobium_meliloti)	86.098	84.9869	0	1626
DCFS-2-2-Ro|nifD|consensus50|pass_mixed_possible_multitemplate	DCFS-2-2-Ro	D09	Medicago lupulina	5/23/25	0	0	Quarter	DCFS-2	dry	root	Fabaceae	DCFS	Medicago	Trifolieae	DCFS_006	Stutsman	ND	no	47.17333	99.05103	6/6/24	Sinorhizobium	Sinorhizobium_meliloti_(Rhizobium_meliloti)	90.222	85.4439	0	1836
DSNY-87-1-No|nifD|consensus50|pass_single_dominant	DSNY-87-1-No	D03	Tephrosia mysteriosa	4/4/25	0	0	Quarter	DSNY-87	dry	nodule	Fabaceae	DSNY	Tephrosia	Millettieae	DSNY_015	Polk	Florida	yes	28.1094133	-81.4308468	20240904	Sinorhizobium	Sinorhizobium_meliloti_(Rhizobium_meliloti)	90.504	43.9948	0	913
OSBS-TEVI-61-4-Rh|nifD|consensus50|pass_mixed_possible_multitemplate	OSBS-TEVI-61-4-Rh	D03	Tephrosia virginiana	4/10/25	0	0	Quarter	OSBS-61	dry	rhizosphere	Fabaceae	OSBS	Tephrosia	Millettieae	OSBS_004	Putnam	FL	yes	NA	NA	20240618	Sinorhizobium	Sinorhizobium_meliloti_(Rhizobium_meliloti)	87.13	50.718	0	963
JERC-143-Ro|nifD|consensus50|pass_mixed_possible_multitemplate	JERC-143-Ro	D03	Desmodium viridiflorum	5/14/25	0.1515	7.272	Quarter	JERC-143	dry	root	Fabaceae	JERC	Desmodium	Desmodieae	JERC_010	Baker County	Georgia	yes	NA	NA	20240821	Sinorhizobium	Sinorhizobium_meliloti_(Rhizobium_meliloti)	88.303	50.7833	0	965
OSBS-97-2-Rh|nifD|consensus50|pass_mixed_possible_multitemplate	OSBS-97-2-Rh	D03	Mimosa quadrivalvus	5/14/25	0	0	Quarter	OSBS-97	dry	rhizosphere	Fabaceae	OSBS	Mimosa	Mimosoideae	OSBS_007	Putman	Fl	yes	NA	NA	20240918	Sinorhizobium	Sinorhizobium_meliloti_(Rhizobium_meliloti)	87.25	84.9869	0	1592
HEAL-7-1-Ro|nifD|consensus50|pass_mixed_possible_multitemplate	HEAL-7-1-Ro	D19	Alnus viridis	4/4/25	0	0	Quarter	HEAL-7	ethanol	root	Betulaceae	HEAL	Alnus	actinorhizal	HEAL_004	Denali Borough	Alaska	yes	63.86378 N	149.27284 W	20240723	Sinorhizobium	Sinorhizobium_meliloti_(Rhizobium_meliloti)	90.476	50.718	0	1110
YELL-10-1-No|nifD|consensus50|pass_mixed_possible_multitemplate	YELL-10-1-No	D12	Astragalus sp.	4/1/25	6.92	332.16	Half	YELL-10	ethanol	nodule	Fabaceae	YELL	Astragalus	Galegeae	YELL_050	Park County	WY	yes	NA	NA	9/24/24	Sinorhizobium	Sinorhizobium_meliloti_(Rhizobium_meliloti)	84.574	85.0522	0	1517
OSBS-99-Ro|nifD|consensus50|pass_mixed_possible_multitemplate	OSBS-99-Ro	D03	Tephrosia chrysophylla	4/17/25	1.12	53.76	Quarter	OSBS-99	dry	root	Fabaceae	OSBS	Tephrosia	Millettieae	OSBS_007	Putnam	Fl	yes	NA	NA	20240919	Sinorhizobium	Sinorhizobium_kummerowiae_(Ensifer_kummerowiae)	88.532	85.3786	0	1703
SERC-3-1-Ro|nifD|consensus50|pass_mixed_possible_multitemplate	SERC-3-1-Ro	D02	Amphicarpaea bracteata	4/15/25	0.6055	29.064	Quarter	SERC-3	ethanol	root	Fabaceae	SERC	Amphicarpaea	Phaseoleae	SERC_016	Anne Arundel	MD	yes	38.899477	-76.547521	8/14/24	Sinorhizobium	Sinorhizobium_kummerowiae_(Ensifer_kummerowiae)	91.248	50.718	0	1116
BLAN-2-1-Ro|nifD|consensus50|pass_mixed_possible_multitemplate	BLAN-2-1-Ro	D02	Desmodium sp.	4/23/25	0.1405	6.744	Quarter	BLAN-2	ethanol	root	Fabaceae	BLAN	Desmodium	Desmodieae	BLAN_020	Clarke	VA	yes	39.101002	-77.980641	8/13/24	Sinorhizobium	Sinorhizobium_meliloti_(Rhizobium_meliloti)	91.514	85.3786	0	1958
NOGP-7-2-Ro|nifD|consensus50|pass_single_dominant	NOGP-7-2-Ro	D09	Amorpha canescens	5/2/25	2.395	114.96	Quarter	NOGP-7	dry	root	Fabaceae	NOGP	Amorpha	Amorpheae	NOGP_064	NA	ND	yes	46.77063	-100.9138092	6/25/24	Sinorhizobium	Sinorhizobium_meliloti_(Rhizobium_meliloti)	96.787	50.7833	0	1330
DCFS-3-2-Rh|nifD|consensus50|pass_single_dominant	DCFS-3-2-Rh	D09	Medicago lupulina	5/23/25	0	0	Quarter	DCFS-3	dry	rhizosphere	Fabaceae	DCFS	Medicago	Trifolieae	DCFS_004	Stutsman	ND	no	47.17138	99.05135	6/10/24	Sinorhizobium	Sinorhizobium_meliloti_(Rhizobium_meliloti)	93.395	84.9869	0	1945
CLBJ-46-1-Ro|nifD|consensus50|pass_single_dominant	CLBJ-46-1-Ro	D11	Galactia volubilis	4/10/25	0	0	Quarter	CLBJ-46	ethanol	root	Fabaceae	CLBJ	Galactia	Diocleae	CLBJ_034	Wise	TX	yes	33.23658	-97.34089	9/4/24	Sinorhizobium	Sinorhizobium_meliloti_(Rhizobium_meliloti)	87.13	50.718	0	929
DSNY-15-1-Rh|nifD|consensus50|pass_mixed_possible_multitemplate	DSNY-15-1-Rh	D03	Morella cerifera	8/19/24	1.175	56.4	Quarter	DSNY-MOCE-15	dry	rhizosphere	Myricaceae	DSNY	Morella	actinorhizal	DSNY _042	Osceola	Florida	yes	NA	NA	20240401	Ensifer	Ensifer_canadensis	89.25	84.3995	0	1694
TALL-72-1-Rh|nifD|consensus50|pass_single_dominant	TALL-72-1-Rh	D08	Alnus serrulata	4/8/25	1.99	95.52	Quarter	TALL-72	dry	rhizosphere	Betulaceae	TALL	Alnus	actinorhizal	TALL_032	Hale county	AL	yes	32.911661	-87.430302	9/4/24	Sinorhizobium	Sinorhizobium_meliloti_(Rhizobium_meliloti)	94.751	49.7389	0	1186
OAES_19-2-Ro|nifD|consensus50|pass_mixed_possible_multitemplate	OAES-19-2-Ro	D11	Melilotus officinalis	6/4/24	0	0	Quarter	OAES-19	ethanol	root	Fabaceae	OAES	Melilotus	Trifolieae	OAES_012_R	Washita	OK	no	35.402943	-99.064829	4/16/24	Sinorhizobium	Sinorhizobium_meliloti_(Rhizobium_meliloti)	85.073	84.3995	0	1613
SCBI-3-1-Rh|nifD|consensus50|pass_mixed_possible_multitemplate	SCBI-3-1-Rh	D02	Elaeagnus umbellata	4/23/25	0	0	Quarter	SCBI-3	ethanol	rhizosphere	Elaeagnaceae	SCBI	Elaeagnus	actinorhizal	SCBI-006	Warren	VA	no	38.897638	-78.152008	6/26/24	Sinorhizobium	Sinorhizobium_meliloti_(Rhizobium_meliloti)	95.882	50.718	0	1271
TOOL-1-Ro|nifD|consensus50|pass_mixed_possible_multitemplate	TOOL-1-Ro	D18	Dryas integrifolia	4/24/25	0.6625	31.8	Quarter	TOOL-1	ethanol	root	Rosaceae	TOOL	Dryas	actinorhizal	TOOL_041	North Slope Borough	Alaska	yes	NA	NA	20240704	Sinorhizobium	Sinorhizobium_meliloti_(Rhizobium_meliloti)	96.782	50.718	0	1343
CPER-2-No|nifD|consensus50|pass_single_dominant	CPER-2-No	D10	Melilotus officinalis	4/24/25	0	0	Quarter	CPER-2	dry	nodule	Fabaceae	CPER	Melilotus	Trifolieae	CPER_002	Weld	CO	no	NA	NA	6/14/24	Sinorhizobium	Sinorhizobium_meliloti_(Rhizobium_meliloti)	98.777	85.3786	0	2338
OAES-2-1-Ro|nifD|consensus50|pass_single_dominant	OAES-2-1-Ro	D11	Medicago minima	6/25/24	0.1695	8.136	Quarter	OAES-2	ethanol	root	Fabaceae	OAES	Medicago	Trifolieae	OAES_055_T	Washita	OK	no	35.41368	-99.05573	3/27/24	Sinorhizobium	Sinorhizobium_meliloti_(Rhizobium_meliloti)	99.072	84.3995	0	2326
DCFS-2-2-Rh|nifD|consensus50|pass_mixed_possible_multitemplate	DCFS-2-2-Rh	D09	Medicago lupulina	5/23/25	0	0	Quarter	DCFS-2	dry	rhizosphere	Fabaceae	DCFS	Medicago	Trifolieae	DCFS_006	Stutsman	ND	no	47.17333	99.05103	6/6/24	Sinorhizobium	Sinorhizobium_meliloti_(Rhizobium_meliloti)	93.503	84.3995	0	1991
DCFS-6-1-No|nifD|consensus50|pass_single_dominant	DCFS-6-1-No	D09	Medicago lupulina	4/23/25	0	0	Quarter	DCFS-6	dry	nodule	Fabaceae	DCFS	Medicago	Trifolieae	DCFS_065	Stutsman	ND	no	47.16085	99.11081	6/20/24	Sinorhizobium	Sinorhizobium_meliloti_(Rhizobium_meliloti)	98.93	85.3786	0	2348
CPER-2-Ro|nifD|consensus50|pass_mixed_possible_multitemplate	CPER-2-Ro	D10	Melilotus officinalis	4/24/25	0.0745	3.576	Quarter	CPER-2	dry	root	Fabaceae	CPER	Melilotus	Trifolieae	CPER_002	Weld	CO	no	NA	NA	6/14/24	Sinorhizobium	Sinorhizobium_meliloti_(Rhizobium_meliloti)	95.978	84.3995	0	2180
CPER-4-Rh|nifD|consensus50|pass_mixed_possible_multitemplate	CPER-4-Rh	D10	Melilotus officinalis	5/23/25	0.165	7.92	Quarter	CPER-4	dry	rhizosphere	Fabaceae	CPER	Melilotus	Trifolieae	CPER_027	Weld	CO	no	NA	NA	6/24/24	Sinorhizobium	Sinorhizobium_meliloti_(Rhizobium_meliloti)	90.404	85.705	0	1940
CPER-4-Ro|nifD|consensus50|pass_mixed_possible_multitemplate	CPER-4-Ro	D10	Melilotus officinalis	5/23/25	0.571	27.408	Quarter	CPER-4	dry	root	Fabaceae	CPER	Melilotus	Trifolieae	CPER_027	Weld	CO	no	NA	NA	6/24/24	Sinorhizobium	Sinorhizobium_meliloti_(Rhizobium_meliloti)	96.407	85.3786	0	2220
CPER-3-1-No|nifD|consensus50|pass_single_dominant	CPER-3-1-No	D10	Melilotus officinalis	5/23/25	0	0	Quarter	CPER-3	dry	nodule	Fabaceae	CPER	Melilotus	Trifolieae	CPER_005	Weld	CO	no	NA	NA	6/17/24	Sinorhizobium	Sinorhizobium_meliloti_(Rhizobium_meliloti)	99.847	85.3786	0	2405
NOGP-2-1-No|nifD|consensus50|pass_single_dominant	NOGP-2-1-No	D09	Medicago sativa	4/23/25	0	0	Quarter	NOGP-2	dry	nodule	Fabaceae	NOGP	Medicago	Trifolieae	NOGP_001	NA	ND	no	46.80621	-100.9157	6/27/24	Sinorhizobium	Sinorhizobium_meliloti_(Rhizobium_meliloti)	99.693	84.9869	0	2385
NOGP-2-1-Ro|nifD|consensus50|pass_single_dominant	NOGP-2-1-Ro	D09	Medicago sativa	4/23/25	1.14	54.72	Quarter	NOGP-2	dry	root	Fabaceae	NOGP	Medicago	Trifolieae	NOGP_001	NA	ND	no	46.80621	-100.9157	6/27/24	Sinorhizobium	Sinorhizobium_meliloti_(Rhizobium_meliloti)	97.849	84.9869	0	2290
WOOD-10-1-No|nifD|consensus50|pass_single_dominant	WOOD-10-1-No	D09	Medicago lupulina	4/24/25	0	0	Quarter	WOOD-10	ethanol	nodule	Fabaceae	WOOD	Medicago	Trifolieae	WOOD_030	Stutsman	ND	no	47.13885	-99.2415	9/26/24	Sinorhizobium	Sinorhizobium_meliloti_(Rhizobium_meliloti)	99.694	85.3786	0	2399
CPER-5-1-No|nifD|consensus50|pass_single_dominant	CPER-5-1-No	D10	Melilotus officinalis	5/23/25	0.4335	20.808	Quarter	CPER-5	dry	nodule	Fabaceae	CPER	Melilotus	Trifolieae	CPER_022	Weld	CO	no	NA	NA	6/24/24	Sinorhizobium	Sinorhizobium_meliloti_(Rhizobium_meliloti)	99.159	85.3786	0	2374
CPER-3-1-Rh|nifD|consensus50|pass_single_dominant	CPER-3-1-Rh	D10	Melilotus officinalis	5/23/25	0.093	4.464	Quarter	CPER-3	dry	rhizosphere	Fabaceae	CPER	Melilotus	Trifolieae	CPER_005	Weld	CO	no	NA	NA	6/17/24	Sinorhizobium	Sinorhizobium_meliloti_(Rhizobium_meliloti)	99.847	85.3786	0	2407
OAES-2-1-No|nifD|consensus50|pass_mixed_possible_multitemplate	OAES-2-1-No	D11	Medicago minima	6/25/24	2.38	114.24	Quarter	OAES-2	ethanol	nodule	Fabaceae	OAES	Medicago	Trifolieae	OAES_055_T	Washita	OK	no	35.41368	-99.05573	3/27/24	Sinorhizobium	Sinorhizobium_meliloti_(Rhizobium_meliloti)	98.851	85.248	0	2353
OAES_19-2-No|nifD|consensus50|pass_mixed_possible_multitemplate	OAES-19-2-No	D11	Melilotus officinalis	6/4/24	0.1345	26.631	Quarter	OAES-19	ethanol	nodule	Fabaceae	OAES	Melilotus	Trifolieae	OAES_012_R	Washita	OK	no	35.402943	-99.064829	4/16/24	Sinorhizobium	Sinorhizobium_meliloti_(Rhizobium_meliloti)	98.926	85.1175	0	2355
WOOD-3-2-No|nifD|consensus50|pass_single_dominant	WOOD-3-2-No	D09	Melilotus officinalis	5/2/25	0.221	10.608	Quarter	WOOD-3	ethanol	nodule	Fabaceae	WOOD	Melilotus	Trifolieae	WOOD_044	Stutsman	ND	no	47.12517	-99.2388	9/23/24	Sinorhizobium	Sinorhizobium_meliloti_(Rhizobium_meliloti)	99.923	85.3133	0	2410
NOGP-5-2-Ro|nifD|consensus50|pass_single_dominant	NOGP-5-2-Ro	D09	Medicago lupulina	5/2/25	3.01	144.48	Quarter	NOGP-5	dry	root	Fabaceae	NOGP	Medicago	Trifolieae	NOGP_064	NA	ND	no	46.77084	-100.9136386	6/25/24	Sinorhizobium	Sinorhizobium_meliloti_(Rhizobium_meliloti)	99.845	84.3995	0	2377
OAES-22-1-No|nifD|consensus50|pass_single_dominant	OAES-22-1-No	D11	Medicago minima	6/4/24	0.1165	23.067	Quarter	OAES-22	ethanol	nodule	Fabaceae	OAES	Medicago	Trifolieae	OAES_012_R	Washita	OK	no	35.402943	-99.064829	4/16/24	Sinorhizobium	Sinorhizobium_meliloti_(Rhizobium_meliloti)	98.853	85.3786	0	2350
WOOD-7-1-No|nifD|consensus50|pass_single_dominant	WOOD-7-1-No	D09	Medicago lupulina	4/24/25	0.0555	2.664	Quarter	WOOD-7	ethanol	nodule	Fabaceae	WOOD	Medicago	Trifolieae	BARR_027	Stutsman	ND	no	47.12819	99.23817	9/23/24	Sinorhizobium	Sinorhizobium_meliloti_(Rhizobium_meliloti)	99.694	85.3133	0	2394
WOOD-6-1-No|nifD|consensus50|pass_single_dominant	WOOD-6-1-No	D09	Medicago lupulina	4/24/25	0.7205	34.584	Quarter	WOOD-6	ethanol	nodule	Fabaceae	WOOD	Medicago	Trifolieae	BARR_027	Stutsman	ND	no	47.12819	99.23817	9/23/24	Sinorhizobium	Sinorhizobium_meliloti_(Rhizobium_meliloti)	99.54	85.1828	0	2386
OAES-14-1-No|nifD|consensus50|pass_single_dominant	OAES-14-1-No	D11	Melilotus officinalis	8/19/24	2.005	96.24	Quarter	OAES-14	ethanol	nodule	Fabaceae	OAES	Melilotus	Trifolieae	OAES_005	Washita	OK	no	35.39246	-99.10002	4/10/24	Sinorhizobium	Sinorhizobium_meliloti_(Rhizobium_meliloti)	99.77	85.248	0	2399
DCFS-2-2-No|nifD|consensus50|pass_single_dominant	DCFS-2-2-No	D09	Medicago lupulina	5/23/25	0.061	2.928	Quarter	DCFS-2	dry	nodule	Fabaceae	DCFS	Medicago	Trifolieae	DCFS_006	Stutsman	ND	no	47.17333	99.05103	6/6/24	Sinorhizobium	Sinorhizobium_meliloti_(Rhizobium_meliloti)	99.77	85.3133	0	2399
DCFS-8-1-No|nifD|consensus50|pass_single_dominant	DCFS-8-1-No	D09	Melilotus officinalis	4/23/25	0	0	Quarter	DCFS-8	dry	nodule	Fabaceae	DCFS	Melilotus	Trifolieae	DCFS_067	Stutsman	ND	no	47.16087	99.11052	6/20/24	Sinorhizobium	Sinorhizobium_meliloti_(Rhizobium_meliloti)	99.846	84.9869	0	2396
DCFS-3-2-No|nifD|consensus50|pass_single_dominant	DCFS-3-2-No	D09	Medicago lupulina	5/23/25	0	0	Quarter	DCFS-3	dry	nodule	Fabaceae	DCFS	Medicago	Trifolieae	DCFS_004	Stutsman	ND	no	47.17138	99.05135	6/10/24	Sinorhizobium	Sinorhizobium_meliloti_(Rhizobium_meliloti)	99.694	85.3786	0	2394
DCFS-5-1-No|nifD|consensus50|pass_single_dominant	DCFS-5-1-No	D09	Medicago lupulina	4/23/25	0	0	Quarter	DCFS-5	dry	nodule	Fabaceae	DCFS	Medicago	Trifolieae	DCFS_065	Stutsman	ND	no	47.16085	99.11081	6/20/24	Sinorhizobium	Sinorhizobium_meliloti_(Rhizobium_meliloti)	99.465	85.3786	0	2379
NOGP-3-2-No|nifD|consensus50|pass_single_dominant	NOGP-3-2-No	D09	Medicago lupulina	4/23/25	0	0	Quarter	NOGP-3	dry	nodule	Fabaceae	NOGP	Medicago	Trifolieae	NOGP_064	NA	ND	no	46.77084	-100.9136386	6/25/24	Sinorhizobium	Sinorhizobium_meliloti_(Rhizobium_meliloti)	99.694	85.3786	0	2398
WOOD-6-1-Ro|nifD|consensus50|pass_single_dominant	WOOD-6-1-Ro	D09	Medicago lupulina	4/24/25	0.0745	3.576	Quarter	WOOD-6	ethanol	root	Fabaceae	WOOD	Medicago	Trifolieae	BARR_027	Stutsman	ND	no	47.12819	99.23817	9/23/24	Sinorhizobium	Sinorhizobium_meliloti_(Rhizobium_meliloti)	98.853	85.3786	0	2351
NOGP-1-1-No|nifD|consensus50|pass_single_dominant	NOGP-1-1-No	D09	Medicago lupulina	4/23/25	0	0	Quarter	NOGP-1	dry	nodule	Fabaceae	NOGP	Medicago	Trifolieae	NOGP_064	NA	ND	no	46.77084	-100.9136386	6/25/24	Sinorhizobium	Sinorhizobium_medicae_(Ensifer_medicae)	99.694	85.3786	0	2396
NOGP-3-2-Ro|nifD|consensus50|pass_single_dominant	NOGP-3-2-Ro	D09	Medicago lupulina	4/23/25	0.473	22.704	Quarter	NOGP-3	dry	root	Fabaceae	NOGP	Medicago	Trifolieae	NOGP_064	NA	ND	no	46.77084	-100.9136386	6/25/24	Sinorhizobium	Sinorhizobium_meliloti_(Rhizobium_meliloti)	99.846	84.9869	0	2394
OAES-36-3-Rh|nifD|consensus50|pass_mixed_possible_multitemplate	OAES-36-3-Rh	D11	Melilotus officinalis	5/14/25	0	0	Quarter	OAES-36	ethanol	rhizosphere	Fabaceae	OAES	Melilotus	Trifolieae	OAES_011_R	Washita	OK	no	35.40049	-99.06592	8/21/24	Sinorhizobium	Sinorhizobium_meliloti_(Rhizobium_meliloti)	94.009	84.9869	0	2093
WOOD-11-1-No|nifD|consensus50|pass_mixed_possible_multitemplate	WOOD-11-1-No	D09	Medicago sativa	4/24/25	0	0	Quarter	WOOD-11	ethanol	nodule	Fabaceae	WOOD	Medicago	Trifolieae	WOOD_043	Stutsman	ND	no	47.13177	-99.2395	9/26/24	Sinorhizobium	Sinorhizobium_meliloti_(Rhizobium_meliloti)	97.454	84.5953	0	2270
NOGP-4-1-Ro|nifD|consensus50|pass_single_dominant	NOGP-4-1-Ro	D09	Medicago lupulina	5/2/25	0.069	3.312	Quarter	NOGP-4	dry	root	Fabaceae	NOGP	Medicago	Trifolieae	NOGP_064	NA	ND	no	46.77084	-100.9136386	6/25/24	Sinorhizobium	Sinorhizobium_meliloti_(Rhizobium_meliloti)	99.309	84.9869	0	2366
NOGP-5-2-No|nifD|consensus50|pass_single_dominant	NOGP-5-2-No	D09	Medicago lupulina	5/2/25	0.057	2.736	Quarter	NOGP-5	dry	nodule	Fabaceae	NOGP	Medicago	Trifolieae	NOGP_064	NA	ND	no	46.77084	-100.9136386	6/25/24	Sinorhizobium	Sinorhizobium_meliloti_(Rhizobium_meliloti)	99.462	84.9869	0	2375
CPER-5-1-Rh|nifD|consensus50|pass_single_dominant	CPER-5-1-Rh	D10	Melilotus officinalis	5/23/25	2.535	121.68	Quarter	CPER-5	dry	rhizosphere	Fabaceae	CPER	Melilotus	Trifolieae	CPER_022	Weld	CO	no	NA	NA	6/24/24	Sinorhizobium	Sinorhizobium_meliloti_(Rhizobium_meliloti)	99.618	85.3786	0	2390
CPER-4-No|nifD|consensus50|pass_single_dominant	CPER-4-No	D10	Melilotus officinalis	5/23/25	0	0	Quarter	CPER-4	dry	nodule	Fabaceae	CPER	Melilotus	Trifolieae	CPER_027	Weld	CO	no	NA	NA	6/24/24	Sinorhizobium	Sinorhizobium_meliloti_(Rhizobium_meliloti)	99.312	85.3786	0	2372
NOGP-6-3-Ro|nifD|consensus50|pass_single_dominant	NOGP-6-3-Ro	D09	Medicago sativa	5/2/25	1.105	53.04	Quarter	NOGP-6	dry	root	Fabaceae	NOGP	Medicago	Trifolieae	NOGP_001	NA	ND	no	46.80621	-100.91555	6/27/24	Sinorhizobium	Sinorhizobium_meliloti_(Rhizobium_meliloti)	99.465	85.3786	0	2377
OAES-36-3-No|nifD|consensus50|pass_mixed_possible_multitemplate	OAES-36-3-No	D11	Melilotus officinalis	5/14/25	0	0	Quarter	OAES-36	ethanol	nodule	Fabaceae	OAES	Melilotus	Trifolieae	OAES_011_R	Washita	OK	no	35.40049	-99.06592	8/21/24	Sinorhizobium	Sinorhizobium_meliloti_(Rhizobium_meliloti)	95.469	84.9869	0	2182
CPER-3-1-Ro|nifD|consensus50|pass_mixed_possible_multitemplate	CPER-3-1-Ro	D10	Melilotus officinalis	5/23/25	1.215	58.32	Quarter	CPER-3	dry	root	Fabaceae	CPER	Melilotus	Trifolieae	CPER_005	Weld	CO	no	NA	NA	6/17/24	Sinorhizobium	Sinorhizobium_meliloti_(Rhizobium_meliloti)	97.169	85.3133	0	2257
OAES-36-2-No|nifD|consensus50|pass_single_dominant	OAES-36-2-No	D11	Melilotus officinalis	5/14/25	0	0	Quarter	OAES-36	ethanol	nodule	Fabaceae	OAES	Melilotus	Trifolieae	OAES_011_R	Washita	OK	no	35.40049	-99.06592	8/21/24	Sinorhizobium	Sinorhizobium_meliloti_(Rhizobium_meliloti)	99.234	85.1828	0	2357
CPER-5-1-Ro|nifD|consensus50|pass_mixed_possible_multitemplate	CPER-5-1-Ro	D10	Melilotus officinalis	5/23/25	0.098	4.704	Quarter	CPER-5	dry	root	Fabaceae	CPER	Melilotus	Trifolieae	CPER_022	Weld	CO	no	NA	NA	6/24/24	Sinorhizobium	Sinorhizobium_meliloti_(Rhizobium_meliloti)	95.719	85.3786	0	2196
NOGP-6-3-No|nifD|consensus50|pass_single_dominant	NOGP-6-3-No	D09	Medicago sativa	5/2/25	0	0	Quarter	NOGP-6	dry	nodule	Fabaceae	NOGP	Medicago	Trifolieae	NOGP_001	NA	ND	no	46.80621	-100.91555	6/27/24	Sinorhizobium	Sinorhizobium_meliloti_(Rhizobium_meliloti)	98.31	84.9869	0	2307
OSBS-36-1-No|nifD|consensus50|pass_single_dominant	OSBS-36-1-No	D03	Tephrosia virginiana	2/26/25	0	0	Quarter	OSBS-36	dry	nodule	Fabaceae	OSBS	Tephrosia	Millettieae	OSBS_006	Putnam	FL	yes	NA	NA	20240611	Sinorhizobium	Sinorhizobium_meliloti_(Rhizobium_meliloti)	99.159	85.3786	0	2359
OAES-14-1-Ro|nifD|consensus50|pass_mixed_possible_multitemplate	OAES-14-1-Ro	D11	Melilotus officinalis	8/19/24	0.5675	27.24	Quarter	OAES-14	ethanol	root	Fabaceae	OAES	Melilotus	Trifolieae	OAES_005	Washita	OK	no	35.39246	-99.10002	4/10/24	Sinorhizobium	Sinorhizobium_meliloti_(Rhizobium_meliloti)	98.144	84.3995	0	2279
OAES_19-2-Rh|nifD|consensus50|pass_single_dominant	OAES-19-2-Rh	D11	Melilotus officinalis	6/4/24	0	0	Quarter	OAES-19	ethanol	rhizosphere	Fabaceae	OAES	Melilotus	Trifolieae	OAES_012_R	Washita	OK	no	35.402943	-99.064829	4/16/24	Sinorhizobium	Sinorhizobium_meliloti_(Rhizobium_meliloti)	98.697	85.1828	0	2324
DCFS-3-2-Ro|nifD|consensus50|pass_single_dominant	DCFS-3-2-Ro	D09	Medicago lupulina	5/23/25	1.135	54.48	Quarter	DCFS-3	dry	root	Fabaceae	DCFS	Medicago	Trifolieae	DCFS_004	Stutsman	ND	no	47.17138	99.05135	6/10/24	Sinorhizobium	Sinorhizobium_meliloti_(Rhizobium_meliloti)	97.941	50.718	0	1363
OSBS-36-1-Ro|nifD|consensus50|pass_mixed_possible_multitemplate	OSBS-36-1-Ro	D03	Tephrosia virginiana	2/26/25	0.151	7.248	Quarter	OSBS-36	dry	root	Fabaceae	OSBS	Tephrosia	Millettieae	OSBS_006	Putnam	FL	yes	NA	NA	20240611	Sinorhizobium	Sinorhizobium_meliloti_(Rhizobium_meliloti)	86.252	84.9869	0	1696
WOOD-8-Ro|nifD|consensus50|pass_mixed_possible_multitemplate	WOOD-8-Ro	D09	Medicago lupulina	4/24/25	1.675	80.4	Quarter	WOOD-8	ethanol	root	Fabaceae	WOOD	Medicago	Trifolieae	BARR_027	Stutsman	ND	no	47.12819	99.23817	9/23/24	Sinorhizobium	Sinorhizobium_meliloti_(Rhizobium_meliloti)	92.704	84.9869	0	2015
SCBI-2-1-No|nifD|consensus50|pass_single_dominant	SCBI-2-1-No	D02	Lespedeza cuneata	4/23/25	0	0	Quarter	SCBI-2	ethanol	nodule	Fabaceae	SCBI	Lespedeza	Desmodieae	SCBI-006	Warren	VA	no	38.897638	-78.152008	NA	Sinorhizobium	Sinorhizobium_meliloti_(Rhizobium_meliloti)	93.86	85.0522	0	2043
WOOD-8-No|nifD|consensus50|pass_mixed_possible_multitemplate	WOOD-8-No	D09	Medicago lupulina	4/24/25	0	0	Quarter	WOOD-8	ethanol	nodule	Fabaceae	WOOD	Medicago	Trifolieae	BARR_027	Stutsman	ND	no	47.12819	99.23817	9/23/24	Sinorhizobium	Sinorhizobium_meliloti_(Rhizobium_meliloti)	93.553	85.0522	0	2039
WOOD-12-No|nifD|consensus50|pass_single_dominant	WOOD-12-No	D09	Medicago sativa	4/24/25	0	0	Quarter	WOOD-12	ethanol	nodule	Fabaceae	WOOD	Medicago	Trifolieae	WOOD_030	Stutsman	ND	no	47.13885	-99.2415	9/26/24	Sinorhizobium	Sinorhizobium_meliloti_(Rhizobium_meliloti)	98.619	85.0522	0	2305
OAES-14-1-Rh|nifD|consensus50|pass_mixed_possible_multitemplate	OAES-14-1-Rh	D11	Melilotus officinalis	8/19/24	0.192	9.216	Quarter	OAES-14	ethanol	rhizosphere	Fabaceae	OAES	Melilotus	Trifolieae	OAES_005	Washita	OK	no	35.39246	-99.10002	4/10/24	Sinorhizobium	Sinorhizobium_meliloti_(Rhizobium_meliloti)	92.508	85.3786	0	2013
OAES-37-2-Ro|nifD|consensus50|pass_mixed_possible_multitemplate	OAES-37-2-Ro	D11	Dalea purpurea	5/14/25	0.3255	15.624	Quarter	OAES-37	ethanol	root	Fabaceae	OAES	Dalea	Amorpheae	OAES_003_R	Washita	OK	yes	35.41178	-99.06994	8/23/24	Sinorhizobium	Sinorhizobium_meliloti_(Rhizobium_meliloti)	89.104	84.4648	0	1834
SCBI-2-1-Rh|nifD|consensus50|pass_single_dominant	SCBI-2-1-Rh	D02	Lespedeza cuneata	4/23/25	0	0	Quarter	SCBI-2	ethanol	rhizosphere	Fabaceae	SCBI	Lespedeza	Desmodieae	SCBI-006	Warren	VA	no	38.897638	-78.152008	NA	Sinorhizobium	Sinorhizobium_meliloti_(Rhizobium_meliloti)	93.959	50.7833	0	1188
DSNY-84-2-Rh|nifD|consensus50|pass_single_dominant	DSNY-84-2-Rh	D03	Chapmannia floridana	4/4/25	0	0	Quarter	DSNY-84	dry	rhizosphere	Fabaceae	DSNY	Chapmannia	Dalbergieae	DSNY_015	Polk	Florida	yes	28.1094133	-81.4308468	20240904	Sinorhizobium	Sinorhizobium_meliloti_(Rhizobium_meliloti)	97.018	85.3786	0	2204
NOGP-4-1-No|nifD|consensus50|pass_mixed_possible_multitemplate	NOGP-4-1-No	D09	Medicago lupulina	5/2/25	1.505	72.24	Quarter	NOGP-4	dry	nodule	Fabaceae	NOGP	Medicago	Trifolieae	NOGP_064	NA	ND	no	46.77084	-100.9136386	6/25/24	Sinorhizobium	Sinorhizobium_meliloti_(Rhizobium_meliloti)	93.308	50.718	0	1243
DSNY-15-1-Ro|nifD|consensus50|pass_mixed_possible_multitemplate	DSNY-15-1-Ro	D03	Morella cerifera	8/19/24	1.0595	50.856	Quarter	DSNY-MOCE-15	dry	root	Myricaceae	DSNY	Morella	actinorhizal	DSNY _042	Osceola	Florida	yes	NA	NA	20240401	Sinorhizobium	Sinorhizobium_meliloti_(Rhizobium_meliloti)	86.466	84.3995	0	1716
KONZ-1-Ro|nifD|consensus50|pass_single_dominant	KONZ-1-Ro	D06	Lespedeza capitata	8/29/24	0.873	41.904	Quarter	KONZ-1	dry	root	Fabaceae	KONZ	Lespedeza	Desmodieae	KONZ_046	Riley	KS	yes	39.103	-96.56374	20240703	Sinorhizobium	Sinorhizobium_meliloti_(Rhizobium_meliloti)	94.045	84.3995	0	2002
OAES-13-1-No|nifD|consensus50|pass_single_dominant	OAES-13-1-No	D11	Ceanothus herbaceus	8/19/24	0.2615	12.552	Quarter	OAES-13	ethanol	nodule	Rhamnaceae	OAES	Ceanothus	actinorhizal	OAES_005	Washita	OK	yes	35.39246	-99.10002	4/10/24	Sinorhizobium	Sinorhizobium_meliloti_(Rhizobium_meliloti)	91.442	55.6789	0	1194
DCFS-1-2-No|nifD|consensus50|pass_single_dominant	DCFS-1-2-No	D09	Astragalus flexuosus	5/23/25	0	0	Quarter	DCFS-1	dry	nodule	Fabaceae	DCFS	Astragalus	Galegeae	DCFS_006	Stutsman	ND	yes	47.17336	99.05106	6/6/24	Sinorhizobium	Sinorhizobium_meliloti_(Rhizobium_meliloti)	95.381	28.2637	0	689
DCFS-5-1-Ro|nifD|consensus50|pass_mixed_possible_multitemplate	DCFS-5-1-Ro	D09	Medicago lupulina	4/23/25	0	0	Quarter	DCFS-5	dry	root	Fabaceae	DCFS	Medicago	Trifolieae	DCFS_065	Stutsman	ND	no	47.16085	99.11081	6/20/24	Sinorhizobium	Sinorhizobium_meliloti_(Rhizobium_meliloti)	86.437	85.1828	0	1690
DCFS-6-1-Ro|nifD|consensus50|pass_mixed_possible_multitemplate	DCFS-6-1-Ro	D09	Medicago lupulina	4/23/25	0.1635	7.848	Quarter	DCFS-6	dry	root	Fabaceae	DCFS	Medicago	Trifolieae	DCFS_065	Stutsman	ND	no	47.16085	99.11081	6/20/24	Sinorhizobium	Sinorhizobium_meliloti_(Rhizobium_meliloti)	84.178	84.9869	0	1552
DCFS-8-1-Rh|nifD|consensus50|pass_mixed_possible_multitemplate	DCFS-8-1-Rh	D09	Melilotus officinalis	4/23/25	0	0	Quarter	DCFS-8	dry	rhizosphere	Fabaceae	DCFS	Melilotus	Trifolieae	DCFS_067	Stutsman	ND	no	47.16087	99.11052	6/20/24	Sinorhizobium	Sinorhizobium_meliloti_(Rhizobium_meliloti)	84.869	84.9869	0	1587
DCFS-8-1-Ro|nifD|consensus50|pass_mixed_possible_multitemplate	DCFS-8-1-Ro	D09	Melilotus officinalis	4/23/25	0.165	7.92	Quarter	DCFS-8	dry	root	Fabaceae	DCFS	Melilotus	Trifolieae	DCFS_067	Stutsman	ND	no	47.16087	99.11052	6/20/24	Sinorhizobium	Sinorhizobium_meliloti_(Rhizobium_meliloti)	85.847	84.3995	0	1628
JERC-132-3-No|nifD|consensus50|pass_single_dominant	JERC-132-3-No	D03	Desmodium marilandicum	4/8/25	0	0	Quarter	JERC-132	dry	nodule	Fabaceae	JERC	Desmodium	Desmodieae	JERC_048	Baker County	Georgia	yes	NA	NA	20240807	Sinorhizobium	Sinorhizobium_meliloti_(Rhizobium_meliloti)	92.513	85.4439	0	1897
NOGP-1-1-Ro|nifD|consensus50|pass_mixed_possible_multitemplate	NOGP-1-1-Ro	D09	Medicago lupulina	4/23/25	0.098	4.704	Quarter	NOGP-1	dry	root	Fabaceae	NOGP	Medicago	Trifolieae	NOGP_064	NA	ND	no	46.77084	-100.9136386	6/25/24	Sinorhizobium	Sinorhizobium_meliloti_(Rhizobium_meliloti)	83.486	85.3786	0	1528
JERC-141-Ro|nifD|consensus50|pass_single_dominant	JERC-141-Ro	D03	Clitoria mariana	5/14/25	0.4545	21.816	Quarter	JERC-141	dry	root	Fabaceae	JERC	Clitoria	Phaseoleae	JERC_010	Baker County	Georgia	yes	NA	NA	20240821	Sinorhizobium	Sinorhizobium_meliloti_(Rhizobium_meliloti)	91.972	85.3786	0	1912
OAES-13-1-Ro|nifD|consensus50|pass_single_dominant	OAES-13-1-Ro	D11	Ceanothus herbaceus	8/19/24	0.1425	6.84	Quarter	OAES-13	ethanol	root	Rhamnaceae	OAES	Ceanothus	actinorhizal	OAES_005	Washita	OK	yes	35.39246	-99.10002	4/10/24	Sinorhizobium	Sinorhizobium_meliloti_(Rhizobium_meliloti)	98.584	50.718	0	1395
OAES-15-Rh|nifD|consensus50|pass_single_dominant	OAES-15-Rh	D11	Astragalus crassicarpus var. crassicarpus	8/19/24	0.133	6.384	Quarter	OAES-15	ethanol	rhizosphere	Fabaceae	OAES	Astragalus	Galegeae	OAES_021_R	Washita	OK	yes	35.41182	-99.07327	4/11/24	Sinorhizobium	Sinorhizobium_meliloti_(Rhizobium_meliloti)	95.666	84.3342	0	2119
BLAN-4-1-No|nifD|consensus50|pass_mixed_possible_multitemplate	BLAN-4-1-No	D02	Elaeagnus umbellata	4/23/25	0	0	Quarter	BLAN-4	ethanol	nodule	Elaeagnaceae	BLAN	Elaeagnus	actinorhizal	BLAN_020	Clarke	VA	no	39.100987	-77.980772	8/13/24	Sinorhizobium	Sinorhizobium_meliloti_(Rhizobium_meliloti)	93.573	50.7833	0	1184
DEJU-23-1-No|nifD|consensus50|pass_single_dominant	DEJU-23-1-No	D19	Alnus viridis	4/10/25	2.41	115.68	Quarter	DEJU-23	ethanol	nodule	Betulaceae	DEJU	Alnus	actinorhizal	DEJU_046	NA	Alaska	yes	NA	NA	NA	Sinorhizobium	Sinorhizobium_meliloti_(Rhizobium_meliloti)	87.893	85.1828	0	1535
SCBI-13-1-No|nifD|consensus50|pass_single_dominant	SCBI-13-1-No	D02	Elaeagnus umbellata	4/24/25	2.45	117.6	Quarter	SCBI-13	ethanol	nodule	Elaeagnaceae	SCBI	Elaeagnus	actinorhizal	SCBI-011	Warren	VA	no	38.878901	-78.139749	7/10/24	Sinorhizobium	Sinorhizobium_meliloti_(Rhizobium_meliloti)	88.417	50.718	0	974
DEJU-28-2-No|nifD|consensus50|pass_single_dominant	DEJU-28-2-No	D19	Alnus viridis	4/10/25	16.15	775.2	Half	DEJU-28	ethanol	nodule	Betulaceae	DEJU	Alnus	actinorhizal	DEJU_015	NA	Alaska	yes	NA	NA	NA	Sinorhizobium	Sinorhizobium_meliloti_(Rhizobium_meliloti)	87.49	85.5744	0	1574
DEJU-29-1-No|nifD|consensus50|pass_mixed_possible_multitemplate	DEJU-29-1-No	D19	Alnus viridis	4/15/25	29.2	1401.6	Half	DEJU-29	ethanol	nodule	Betulaceae	DEJU	Alnus	actinorhizal	DEJU_015	NA	Alaska	yes	NA	NA	NA	Sinorhizobium	Sinorhizobium_meliloti_(Rhizobium_meliloti)	93.565	50.718	0	1212
DEJU-59-No|nifD|consensus50|pass_mixed_possible_multitemplate	DEJU-59-No	D19	Alnus viridis	4/15/25	21.3	1022.4	Half	DEJU-59	ethanol	nodule	Betulaceae	DEJU	Alnus	actinorhizal	DEJU_045	NA	Unknown	yes	NA	NA	NA	Sinorhizobium	Sinorhizobium_meliloti_(Rhizobium_meliloti)	93.308	50.718	0	1229
DEJU-60-Ro|nifD|consensus50|pass_mixed_possible_multitemplate	DEJU-60-Ro	D19	Lupinus arcticus	4/15/25	5.97	286.56	Half	DEJU-60	ethanol	root	Fabaceae	DEJU	Lupinus	Genisteae	DEJU_045	NA	Unknown	yes	NA	NA	NA	Sinorhizobium	Sinorhizobium_meliloti_(Rhizobium_meliloti)	88.702	85.5091	0	1722
JERC-89-1-No|nifD|consensus50|pass_mixed_possible_multitemplate	JERC-89-1-No	D03	Ceanothus americanus	5/14/25	3.21	154.08	Quarter	JERC-89	dry	nodule	Rhamnaceae	JERC	Ceanothus	actinorhizal	JERC_050	Baker County	Georgia	yes	NA	NA	20240625	Sinorhizobium	Sinorhizobium_meliloti_(Rhizobium_meliloti)	87.183	85.0522	0	1679
KONZ-1-Rh|nifD|consensus50|pass_single_dominant	KONZ-1-Rh	D06	Lespedeza capitata	8/29/24	1.52	72.96	Quarter	KONZ-1	dry	rhizosphere	Fabaceae	KONZ	Lespedeza	Desmodieae	KONZ_046	Riley	KS	yes	39.103	-96.56374	20240703	Sinorhizobium	Sinorhizobium_kummerowiae_(Ensifer_kummerowiae)	91.944	84.2689	0	1825
TOOL-10-Ro|nifD|consensus50|pass_mixed_possible_multitemplate	TOOL-10-Ro	D18	Astragalus umbellatus	5/2/25	4.65	223.2	Quarter	TOOL-10	ethanol	root	Fabaceae	TOOL	Astragalus	Galegeae	TOOL_032	North Slope Borough	Alaska	yes	NA	NA	20240706	Sinorhizobium	Sinorhizobium_meliloti_(Rhizobium_meliloti)	84.996	84.3995	0	1589
DSNY-13-1-No|nifD|consensus50|pass_mixed_possible_multitemplate	DSNY-13-1-No	D03	Crotalaria pallida var. obovata	8/19/24	2.755	132.24	Quarter	DSNY-CRPA-13	dry	nodule	Fabaceae	DSNY	Crotalaria	Crotalarieae	DSNY_044	Osceola	Florida	yes	28.12693243	-81.43561487	20240320	Sinorhizobium	Sinorhizobium_meliloti_(Rhizobium_meliloti)	86.381	85.3133	0	1640
SERC-2-1-Rh|nifD|consensus50|pass_single_dominant	SERC-2-1-Rh	D02	Elaeagnus umbellata	4/15/25	0	0	Quarter	SERC-2	ethanol	rhizosphere	Elaeagnaceae	SERC	Elaeagnus	actinorhizal	SERC_016	Anne Arundel	MD	no	38.899477	-76.547521	8/14/24	Sinorhizobium	Sinorhizobium_meliloti_(Rhizobium_meliloti)	85.891	84.6606	0	1563
DEJU-57-Ro|nifD|consensus50|pass_mixed_possible_multitemplate	DEJU-57-Ro	D19	Alnus viridis	5/23/25	1.52	72.96	Quarter	DEJU-57	ethanol	root	Betulaceae	DEJU	Alnus	actinorhizal	DEJU_045	NA	Unknown	yes	NA	NA	NA	Ensifer	Ensifer_sp._MPMI2T	82.075	85.5744	0	1351
NIWO-1-Ro|nifD|consensus50|pass_mixed_possible_multitemplate	NIWO-1-Ro	D13	Lupinus argenteus	5/23/25	0	0	Quarter	NIWO-1	NA	root	Fabaceae	NIWO	Lupinus	Genisteae	NIWO_017	Boulder	CO	yes	NA	NA	7/31/24	Sinorhizobium	Sinorhizobium_meliloti_(Rhizobium_meliloti)	86.173	85.4439	0	1502
HEAL-5-2-No|nifD|consensus50|pass_mixed_possible_multitemplate	HEAL-5-2-No	D19	Alnus viridis	4/4/25	20.35	976.8	Half	HEAL-5	ethanol	nodule	Betulaceae	HEAL	Alnus	actinorhizal	HEAL_010	Denali Borough	Alaska	yes	63.87738 N	149.26297 W	20240723	Sinorhizobium	Sinorhizobium_meliloti_(Rhizobium_meliloti)	82.875	85.3786	0	1434
JERC-152-No|nifD|consensus50|pass_mixed_possible_multitemplate	JERC-152-No	D03	Tephrosia virginiana	5/14/25	0.1185	5.688	Quarter	JERC-152	dry	nodule	Fabaceae	JERC	Tephrosia	Millettieae	JERC_015	Baker County	Georgia	yes	NA	NA	20241002	Microvirga	Microvirga_sp._KLBC_81	84.542	54.8956	0	900
TALL-53-3-Ro|nifD|consensus50|pass_mixed_possible_multitemplate	TALL-53-3-Ro	D08	Desmodium viridiflorum	3/20/25	13.35	640.8	Half	TALL-53	dry	root	Fabaceae	TALL	Desmodium	Desmodieae	TALL_006	Hale County	AL	yes	32.898847	-87.44631	8/27/24	Microvirga	Microvirga_sp._KLBC_81	84.375	85.6397	0	1424
NIWO-2-No|nifD|consensus50|pass_mixed_possible_multitemplate	NIWO-2-No	D13	Dryas octopetala	5/23/25	0	0	Quarter	NIWO-2	NA	nodule	Rosaceae	NIWO	Dryas	actinorhizal	NIWO_047	Boulder	CO	yes	NA	NA	8/12/24	Sinorhizobium	Sinorhizobium_meliloti_(Rhizobium_meliloti)	85.493	54.8956	0	985
TEAK-2-1-Rh|nifD|consensus50|pass_single_dominant	TEAK-2-1-Rh	D17	Trifolium sp.	4/15/25	23	1104	Half	TEAK-2	dry	rhizosphere	Fabaceae	TEAK	Trifolium	Trifolieae	NA	Fresno	CA	0	37.006573	-119.006907	#N/A	Sinorhizobium	Sinorhizobium_meliloti_(Rhizobium_meliloti)	88.244	85.5091	0	1644
JERC-204-1-Ro|nifD|consensus50|pass_mixed_possible_multitemplate	JERC-204-1-Ro	D03	Lespedeza stuevei	4/8/25	9.58	459.84	Half	JERC-204	dry	root	Fabaceae	JERC	Lespedeza	Desmodieae	JERC_005	Baker County	Georgia	yes	NA	NA	20241029	Sinorhizobium	Sinorhizobium_meliloti_(Rhizobium_meliloti)	84.786	85.3786	0	1652
TEAK-1-2-Ro|nifD|consensus50|pass_mixed_possible_multitemplate	TEAK-1-2-Ro	D17	Astragalus bolanderi	4/15/25	5.245	251.76	Half	TEAK-1	dry	root	Fabaceae	TEAK	Astragalus	Galegeae	NA	Fresno	CA	yes	37.00469	-119.004015	#N/A	Sinorhizobium	Sinorhizobium_meliloti_(Rhizobium_meliloti)	85.031	84.5953	0	1613
CLBJ-18-1-Rh|nifD|consensus50|pass_mixed_possible_multitemplate	CLBJ-18-1-Rh	D11	Tephrosia virginiana	6/20/24	0.6115	29.352	Quarter	CLBJ-18	dry	rhizosphere	Fabaceae	CLBJ	Tephrosia	Millettieae	CLBJ_003_T	Wise	TX	yes	33.403989	-97.572744	5/8/24	Sinorhizobium	Sinorhizobium_meliloti_(Rhizobium_meliloti)	84.133	84.3342	0	1517
DCFS-7-1-Ro|nifD|consensus50|pass_mixed_possible_multitemplate	DCFS-7-1-Ro	D09	Amorpha canescens	4/23/25	4.33	207.84	Quarter	DCFS-7	dry	root	Fabaceae	DCFS	Amorpha	Amorpheae	DCFS_067	Stutsman	ND	yes	47.16096	99.11051	6/20/24	Sinorhizobium	Sinorhizobium_meliloti_(Rhizobium_meliloti)	85.933	85.3786	0	1677
NOGP-1-1-Rh|nifD|consensus50|pass_mixed_possible_multitemplate	NOGP-1-1-Rh	D09	Medicago lupulina	4/23/25	0	0	Quarter	NOGP-1	dry	rhizosphere	Fabaceae	NOGP	Medicago	Trifolieae	NOGP_064	NA	ND	no	46.77084	-100.9136386	6/25/24	Sinorhizobium	Sinorhizobium_meliloti_(Rhizobium_meliloti)	85.935	84.4648	0	1567
WOOD-7-1-Ro|nifD|consensus50|pass_mixed_possible_multitemplate	WOOD-7-1-Ro	D09	Medicago lupulina	4/24/25	0.6435	30.888	Quarter	WOOD-7	ethanol	root	Fabaceae	WOOD	Medicago	Trifolieae	BARR_027	Stutsman	ND	no	47.12819	99.23817	9/23/24	Sinorhizobium	Sinorhizobium_meliloti_(Rhizobium_meliloti)	84.485	84.9869	0	1605
TOOL-17-Ro|nifD|consensus50|pass_mixed_possible_multitemplate	TOOL-17-Ro	D18	Dryas integrifolia	5/14/25	0.303	14.544	Quarter	TOOL-17	ethanol	root	Rosaceae	TOOL	Dryas	actinorhizal	TOOL_002	North Slope Borough	Alaska	yes	68.63136	-149.34375	20240709	Sinorhizobium	Sinorhizobium_meliloti_(Rhizobium_meliloti)	86.61	84.3342	0	1568
TOOL-20-Ro|nifD|consensus50|pass_single_dominant	TOOL-20-Ro	D18	Dryas integrifolia	5/14/25	0	0	Quarter	TOOL-20	ethanol	root	Rosaceae	TOOL	Dryas	actinorhizal	TOOL_003	North Slope Borough	Alaska	yes	NA	NA	20240710	Sinorhizobium	Sinorhizobium_meliloti_(Rhizobium_meliloti)	91.493	84.3995	0	1786
DEJU-20-1-No|nifD|consensus50|pass_single_dominant	DEJU-20-1-No	D19	Alnus viridis	4/2/25	8.54	409.92	Half	DEJU-20	ethanol	nodule	Betulaceae	DEJU	Alnus	actinorhizal	DEJU_046	NA	Alaska	yes	NA	NA	NA	Sinorhizobium	Sinorhizobium_meliloti_(Rhizobium_meliloti)	88.609	85.3786	0	1679
YELL-4-4-No|nifD|consensus50|pass_single_dominant	YELL-4-4-No	D12	Astragalus sp.	4/1/25	13.95	669.6	Half	YELL-4	ethanol	nodule	Fabaceae	YELL	Astragalus	Galegeae	YELL_019	Park County	WY	yes	NA	NA	7/11/24	Sinorhizobium	Sinorhizobium_meliloti_(Rhizobium_meliloti)	86.193	83.6815	0	1465
DEJU-59-Ro|nifD|consensus50|pass_mixed_possible_multitemplate	DEJU-59-Ro	D19	Alnus viridis	4/15/25	10.95	525.6	Half	DEJU-59	ethanol	root	Betulaceae	DEJU	Alnus	actinorhizal	DEJU_045	NA	Unknown	yes	NA	NA	NA	Sinorhizobium	Sinorhizobium_meliloti_(Rhizobium_meliloti)	82.541	75.5222	0	1223
JERC-140-No|nifD|consensus50|pass_mixed_possible_multitemplate	JERC-140-No	D03	Lespedeza bicolor	5/14/25	0.4765	22.872	Quarter	JERC-140	dry	nodule	Fabaceae	JERC	Lespedeza	Desmodieae	JERC_031	Baker County	Georgia	no	NA	NA	20240821	Mesorhizobium	Mesorhizobium_sp._WSM2240	84.392	85.3133	0	1426
JERC-147-Rh|nifD|consensus50|pass_mixed_possible_multitemplate	JERC-147-Rh	D03	Tephrosia spicata	5/14/25	0.1525	7.32	Quarter	JERC-147	dry	rhizosphere	Fabaceae	JERC	Tephrosia	Millettieae	JERC_062	NA	Unknown	yes	NA	NA	20240924	Sinorhizobium	Sinorhizobium_meliloti_(Rhizobium_meliloti)	87.558	84.4648	0	1688
CLBJ-15-1-Ro|nifD|consensus50|pass_mixed_possible_multitemplate	CLBJ-15-1-Ro	D11	Lespedeza procumbens	6/19/24	0	0	Quarter	CLBJ-15	dry	root	Fabaceae	CLBJ	Lespedeza	Desmodieae	CLBJ_002_T	Wise	TX	yes	33.40398	-97.57114	5/8/24	Sinorhizobium	Sinorhizobium_meliloti_(Rhizobium_meliloti)	86.621	85.3786	0	1607
JERC-139-5-Rh|nifD|consensus50|pass_single_dominant	JERC-139-5-Rh	D03	Mimosa quadrivalvus	4/8/25	0	0	Quarter	JERC-139	dry	rhizosphere	Fabaceae	JERC	Mimosa	Mimosoideae	JERC_031	Baker County	Georgia	yes	NA	NA	20240821	Sinorhizobium	Sinorhizobium_meliloti_(Rhizobium_meliloti)	88.633	84.9869	0	1631
KONZ-13-1-Ro|nifD|consensus50|pass_mixed_possible_multitemplate	KONZ-13-1-Ro	D06	Dalea purpurea	2/25/25	0.206	9.888	Quarter	KONZ-13	dry	root	Fabaceae	KONZ	Dalea	Amorpheae	KONZ_002	Riley	KS	yes	39.11968	-96.59588	20240711	Microvirga	Microvirga_sp._RSM25	86.024	54.1775	0	1009
JERC-CRJU-86-1-Rh|nifD|consensus50|pass_mixed_possible_multitemplate	JERC-CRJU-86-1-Rh	D03	Crotalaria juncea	5/14/25	0	0	Quarter	JERC-CRJU-86	dry	rhizosphere	Fabaceae	JERC	Crotalaria	Crotalarieae	JERC_030R	Baker County	Georgia	no	31.18563333	-84.4785	20240624	Microvirga	Microvirga_lotononidis	85.29	85.6397	0	1489
NIWO-1-Rh|nifD|consensus50|pass_mixed_possible_multitemplate	NIWO-1-Rh	D13	Lupinus argenteus	5/23/25	0	0	Quarter	NIWO-1	NA	rhizosphere	Fabaceae	NIWO	Lupinus	Genisteae	NIWO_017	Boulder	CO	yes	NA	NA	7/31/24	Microvirga	Microvirga_sp._RSM25	84.604	85.6397	0	1450
JERC-147-Ro|nifD|consensus50|pass_single_dominant	JERC-147-Ro	D03	Tephrosia spicata	5/14/25	0	0	Quarter	JERC-147	dry	root	Fabaceae	JERC	Tephrosia	Millettieae	JERC_062	NA	Unknown	yes	NA	NA	20240924	Sinorhizobium	Sinorhizobium_meliloti_(Rhizobium_meliloti)	86.034	58.4204	0	990
NIWO-2-Rh|nifD|consensus50|pass_single_dominant	NIWO-2-Rh	D13	Dryas octopetala	5/23/25	0.266	12.768	Quarter	NIWO-2	NA	rhizosphere	Rosaceae	NIWO	Dryas	actinorhizal	NIWO_047	Boulder	CO	yes	NA	NA	8/12/24	Sinorhizobium	Sinorhizobium_meliloti_(Rhizobium_meliloti)	88.523	85.3133	0	1631
JERC-149-Rh|nifD|consensus50|pass_mixed_possible_multitemplate	JERC-149-Rh	D03	Desmodium ciliare	5/14/25	0	0	Quarter	JERC-149	dry	rhizosphere	Fabaceae	JERC	Desmodium	Desmodieae	JERC_062	NA	Unknown	yes	NA	NA	20240924	Mesorhizobium	Mesorhizobium_sp._WSM2240	86.865	52.6762	0	955
JERC-150-Rh|nifD|consensus50|pass_mixed_possible_multitemplate	JERC-150-Rh	D03	Desmodium obtusum?	5/14/25	0	0	Quarter	JERC-150	dry	rhizosphere	Fabaceae	JERC	Desmodium	Desmodieae	JERC_062	NA	Unknown	yes	NA	NA	20240924	Sinorhizobium	Sinorhizobium_meliloti_(Rhizobium_meliloti)	86.621	85.3786	0	1546
LAJA-3-1-Ro|nifD|consensus50|pass_mixed_possible_multitemplate	LAJA-3-1-Ro	D04	Albizia sp.	3/26/25	29.6	1420.8	Half	LAJA-3	dry	root	Fabaceae	LAJA	Albizia	Mimosoideae	LAJA_015	LAJA	P.R	no	18.034464	-67.066822	8/21/24	Sinorhizobium	Sinorhizobium_meliloti_(Rhizobium_meliloti)	81.283	85.4439	0	1363
JERC-RHTO-58-1-Ro|nifD|consensus50|pass_mixed_possible_multitemplate	JERC-RHTO-58-1-Ro	D03	Rhynchosia tomentosa	12/4/24	0	0	Quarter	JERC-58	dry	root	Fabaceae	JERC	Rhynchosia	Phaseoleae	JERC_050	Baker County	Georgia	yes	NA	NA	20240618	Sinorhizobium	Sinorhizobium_meliloti_(Rhizobium_meliloti)	83.575	85.4439	0	1428
WOOD-3-2-Ro|nifD|consensus50|pass_mixed_possible_multitemplate	WOOD-3-2-Ro	D09	Melilotus officinalis	5/2/25	0	0	Quarter	WOOD-3	ethanol	root	Fabaceae	WOOD	Melilotus	Trifolieae	WOOD_044	Stutsman	ND	no	47.12517	-99.2388	9/23/24	Sinorhizobium	Sinorhizobium_meliloti_(Rhizobium_meliloti)	83.792	85.3786	0	1480
TALL-29-3-Rh|nifD|consensus50|pass_mixed_possible_multitemplate	TALL-29-3-Rh	D08	Lespedeza cuneata	4/17/25	0	0	Quarter	TALL-29	dry	rhizosphere	Fabaceae	TALL	Lespedeza	Desmodieae	TALL_003	Bibb County	AL	no	32.8941	-87.41688	8/26/24	Sinorhizobium	Sinorhizobium_meliloti_(Rhizobium_meliloti)	86.239	85.3786	0	1546
TALL-29-3-Ro|nifD|consensus50|pass_mixed_possible_multitemplate	TALL-29-3-Ro	D08	Lespedeza cuneata	4/17/25	0.1115	5.352	Quarter	TALL-29	dry	root	Fabaceae	TALL	Lespedeza	Desmodieae	TALL_003	Bibb County	AL	no	32.8941	-87.41688	8/26/24	Microvirga	Microvirga_sp._RSM25	82.901	85.5091	0	1334
JERC-106-1-Rh|nifD|consensus50|pass_mixed_possible_multitemplate	JERC-106-1-Rh	D03	Chamaecrista nictitans	5/23/25	0	0	Quarter	JERC-106	dry	rhizosphere	Fabaceae	JERC	Chamaecrista	Cassieae	JERC_048	Baker County	Georgia	yes	31.19645727	-84.46191333	20240709	Sinorhizobium	Sinorhizobium_meliloti_(Rhizobium_meliloti)	87.671	47.6501	0	881
JERC-148-Rh|nifD|consensus50|pass_single_dominant	JERC-148-Rh	D03	Lespedeza virginica	5/14/25	0	0	Quarter	JERC-148	dry	rhizosphere	Fabaceae	JERC	Lespedeza	Desmodieae	JERC_062	NA	Unknown	yes	NA	NA	20240924	Microvirga	Microvirga_sp._RSM25	86.483	54.5692	0	963
MLBS-2-1-Ro|nifD|consensus50|pass_mixed_possible_multitemplate	MLBS-2-1-Ro	D07	Amphicarpaea bracteata	2/26/25	1.475	70.8	Quarter	MLBS-2	dry	root	Fabaceae	MLBS	Amphicarpaea	Phaseoleae	MLBS_075	Giles	VA	yes	37.373889	-80.523611	8/28/24	Sinorhizobium	Sinorhizobium_meliloti_(Rhizobium_meliloti)	87.969	50.4569	0	974
BLAN-3-1-No|nifD|consensus50|pass_mixed_possible_multitemplate	BLAN-3-1-No	D02	Kummerowia striata	4/23/25	0.09	4.32	Quarter	BLAN-3	ethanol	nodule	Fabaceae	BLAN	Kummerowia	Desmodieae	BLAN_020	Clarke	VA	no	39.100957	-77.980777	8/13/24	Rhizobium	Rhizobium_leguminosarum	91.948	85.1175	0	1899
NIWO-1-No|nifD|consensus50|pass_mixed_possible_multitemplate	NIWO-1-No	D13	Lupinus argenteus	5/23/25	0	0	Quarter	NIWO-1	NA	nodule	Fabaceae	NIWO	Lupinus	Genisteae	NIWO_017	Boulder	CO	yes	NA	NA	7/31/24	Mesorhizobium	Mesorhizobium_sp._WSM2240	82.99	85.5744	0	1299
BLAN-3-1-Ro|nifD|consensus50|pass_mixed_possible_multitemplate	BLAN-3-1-Ro	D02	Kummerowia striata	4/23/25	0.0685	3.288	Quarter	BLAN-3	ethanol	root	Fabaceae	BLAN	Kummerowia	Desmodieae	BLAN_020	Clarke	VA	no	39.100957	-77.980777	8/13/24	Rhizobium	Rhizobium_beringeri	92.04	52.4804	0	1140
ORNL-4-1-Ro|nifD|consensus50|pass_mixed_possible_multitemplate	ORNL-4-1-Ro	D07	Trifolium pratense	2/17/25	0.7395	35.496	Quarter	ORNL-4	dry	root	Fabaceae	ORNL	Trifolium	Trifolieae	ORNL_021	Anderson	TN	no	35.955556	-84.221111	5/15/24	Rhizobium	Rhizobium_beringeri	91.283	52.4151	0	1122
SCBI-7-1-No|nifD|consensus50|pass_single_dominant	SCBI-7-1-No	D02	Trifolium repens	4/24/25	0	0	Quarter	SCBI-7	ethanol	nodule	Fabaceae	SCBI	Trifolium	Trifolieae	SCBI-062	Warren	VA	no	38.895336	-78.138062	6/26/24	Rhizobium	Rhizobium_beringeri	91.677	52.5457	0	1112
N13-2-D-No|nifD|consensus50|pass_mixed_possible_multitemplate	N13-2-D-No	NA	NA	NA	NA	NA	NA	NA	NA	NA	NA	NA	NA	NA	NA	NA	NA	NA	NA	NA	NA	Rhizobium	Rhizobium_beringeri	89.222	84.7911	0	1749
CLBJ-37-1-No|nifD|consensus50|pass_mixed_possible_multitemplate	CLBJ-37-1-No	D11	Trifolium vessiculosum	3/6/25	0	0	Quarter	CLBJ-37	ethanol	nodule	Fabaceae	CLBJ	Trifolium	Trifolieae	CLBJ_032_R	Wise	TX	no	33.406134	-97.593996	6/13/24	Rhizobium	Rhizobium_beringeri	90.15	52.3499	0	1075
JERC-121-Rh|nifD|consensus50|pass_mixed_possible_multitemplate	JERC-121-Rh	D03	Desmodium paniculatum	2/25/25	0	0	Quarter	JERC-121	dry	rhizosphere	Fabaceae	JERC	Desmodium	Desmodieae	JERC_003	Baker County	Georgia	yes	31.19626	-84.473484	20240730	Rhizobium	Rhizobium_beringeri	90.15	52.3499	0	1075
SJER-2-3-No|nifD|consensus50|pass_mixed_possible_multitemplate	SJER-2-3-No	D17	Trifolium variegatum	4/15/25	1.91	91.68	Quarter	SJER-2	dry	nodule	Fabaceae	SJER	Trifolium	Trifolieae	SJER_048	Fresno	CA	yes	37.109975	-119.734735	20240404	Rhizobium	Rhizobium_ruizarguesonis	85.647	83.6815	0	1430
SJER-2-3-Rh|nifD|consensus50|pass_mixed_possible_multitemplate	SJER-2-3-Rh	D17	Trifolium variegatum	4/15/25	2.75	132	Quarter	SJER-2	dry	rhizosphere	Fabaceae	SJER	Trifolium	Trifolieae	SJER_048	Fresno	CA	yes	37.109975	-119.734735	20240404	Rhizobium	Rhizobium_beringeri	84.664	83.4204	0	1349
SJER-3-5-Rh|nifD|consensus50|pass_mixed_possible_multitemplate	SJER-3-5-Rh	D17	Lupinus benthamii/Acmispon sp.	4/15/25	0.939	45.072	Quarter	SJER-3	dry	rhizosphere	Fabaceae	SJER	Lupinus	Genisteae	SJER_045	Fresno	CA	yes	37.11264	-119.729711	20240404	Rhizobium	Rhizobium_ruizarguesonis	84.258	50.5875	0	813
SJER-3-5-Ro|nifD|consensus50|pass_mixed_possible_multitemplate	SJER-3-5-Ro	D17	Lupinus benthamii/Acmispon sp.	4/15/25	0.6255	30.024	Quarter	SJER-3	dry	root	Fabaceae	SJER	Lupinus	Genisteae	SJER_045	Fresno	CA	yes	37.11264	-119.729711	20240404	Mesorhizobium	Mesorhizobium_sp._WSM2240	78.368	84.7911	0	1110
TEAK-2-1-No|nifD|consensus50|pass_mixed_possible_multitemplate	TEAK-2-1-No	D17	Trifolium sp.	4/15/25	0.5205	24.984	Quarter	TEAK-2	dry	nodule	Fabaceae	TEAK	Trifolium	Trifolieae	NA	Fresno	CA	0	37.006573	-119.006907	#N/A	Rhizobium	Rhizobium_ruizarguesonis	84.839	85.248	0	1397
SCBI-7-1-Ro|nifD|consensus50|pass_mixed_possible_multitemplate	SCBI-7-1-Ro	D02	Trifolium repens	4/24/25	0.076	3.648	Quarter	SCBI-7	ethanol	root	Fabaceae	SCBI	Trifolium	Trifolieae	SCBI-062	Warren	VA	no	38.895336	-78.138062	6/26/24	Microvirga	Microvirga_sp._KLBC_81	78.55	85.5091	0	1210
BONA-2-Ro|nifD|consensus50|pass_mixed_possible_multitemplate	BONA-2-Ro	D19	Alnus viridis	3/6/25	14.75	708	Half	BONA-2	ethanol	root	Betulaceae	BONA	Alnus	actinorhizal	BONA_072	NA	Alaska	yes	NA	NA	20240829	Microvirga	Microvirga_sp._KLBC_81	82.679	84.7911	0	1310
CLBJ-11-1-No|nifD|consensus50|pass_mixed_possible_multitemplate	CLBJ-11-1-No	D11	Pediomelum rhombifolium	6/13/24	0	0	Quarter	CLBJ-11	dry	nodule	Fabaceae	CLBJ	Pediomelum	Psoraleeae	CLBJ_002_T	Wise	TX	yes	33.40398	-97.57114	5/8/24	Microvirga	Microvirga_sp._RSM25	86.893	84.6606	0	1616
CLBJ-20-1-No|nifD|consensus50|pass_mixed_possible_multitemplate	CLBJ-20-1-No	D11	Clitoria mariana	6/20/24	46.25	2220	Half	CLBJ-20	dry	nodule	Fabaceae	CLBJ	Clitoria	Phaseoleae	CLBJ_003_T	Wise	TX	yes	33.403989	-97.572744	5/8/24	Rhizobium	Rhizobium_sp._T1470	88.55	85.5091	0	1628
CLBJ-23-1-Ro|nifD|consensus50|pass_mixed_possible_multitemplate	CLBJ-23-1-Ro	D11	Acmispon americanus	6/20/24	0.177	8.496	Quarter	CLBJ-23	dry	root	Fabaceae	CLBJ	Acmispon	Loteae	CLBJ_003_T	Wise	TX	yes	33.403989	-97.572744	5/8/24	Rhizobium	Rhizobium_sp._T1470	87.013	85.4439	0	1591
OAES-1-1-No|nifD|consensus50|pass_single_dominant	OAES-1-1-No	D11	Astragalus distortus	6/25/24	0.0895	4.296	Quarter	OAES-1	ethanol	nodule	Fabaceae	OAES	Astragalus	Galegeae	OAES_055_T	Washita	OK	yes	35.41368	-99.05573	3/27/24	Rhizobium	Rhizobium_sp._T1470	91.291	85.4439	0	1786
OAES-7-1-No|nifD|consensus50|pass_single_dominant	OAES-7-1-No	D11	Astragalus nuttallianus var. nuttallianus	6/25/24	3.24	155.52	Quarter	OAES-7	ethanol	nodule	Fabaceae	OAES	Astragalus	Galegeae	OAES_043_T	Washita	OK	yes	35.40511	-99.05857	4/2/24	Rhizobium	Rhizobium_sp._T1470	91.298	85.5091	0	1790
OAES-16-1-No|nifD|consensus50|pass_single_dominant	OAES-16-1-No	D11	Astragalus distortus	8/14/24	12.9	619.2	Half	OAES-16	ethanol	nodule	Fabaceae	OAES	Astragalus	Galegeae	OAES_003_R	Washita	OK	yes	35.41214	-99.06981	4/11/24	Rhizobium	Rhizobium_sp._T1470	91.221	85.5091	0	1792
OAES-16-1-Rh|nifD|consensus50|pass_single_dominant	OAES-16-1-Rh	D11	Astragalus distortus	8/14/24	0.082	3.936	Quarter	OAES-16	ethanol	rhizosphere	Fabaceae	OAES	Astragalus	Galegeae	OAES_003_R	Washita	OK	yes	35.41214	-99.06981	4/11/24	Rhizobium	Rhizobium_sp._T1470	90.107	85.1175	0	1731
OAES-7-1-Ro|nifD|consensus50|pass_single_dominant	OAES-7-1-Ro	D11	Astragalus nuttallianus var. nuttallianus	6/25/24	2.01	96.48	Quarter	OAES-7	ethanol	root	Fabaceae	OAES	Astragalus	Galegeae	OAES_043_T	Washita	OK	yes	35.40511	-99.05857	4/2/24	Rhizobium	Rhizobium_sp._T1470	91.367	85.4439	0	1792
OAES-7-1-Rh|nifD|consensus50|pass_single_dominant	OAES-7-1-Rh	D11	Astragalus nuttallianus var. nuttallianus	6/25/24	0	0	Quarter	OAES-7	ethanol	rhizosphere	Fabaceae	OAES	Astragalus	Galegeae	OAES_043_T	Washita	OK	yes	35.40511	-99.05857	4/2/24	Rhizobium	Rhizobium_sp._T1470	91.217	84.7258	0	1772
OAES-25-1-No|nifD|consensus50|pass_single_dominant	OAES-25-1-No	D11	Astragalus nuttallianus var. nuttallianus	6/4/24	0	0	Quarter	OAES-25	ethanol	nodule	Fabaceae	OAES	Astragalus	Galegeae	OAES_007_R	Washita	OK	yes	35.419991	-99.0567264	4/17/24	Rhizobium	Rhizobium_sp._T1470	91.048	85.3133	0	1770
OAES-4-1-Ro|nifD|consensus50|pass_single_dominant	OAES-4-1-Ro	D11	Astragalus nuttallianus var. nuttallianus	6/25/24	0.4035	19.368	Quarter	OAES-4	ethanol	root	Fabaceae	OAES	Astragalus	Galegeae	OAES_042_T	Washita	OK	yes	35.40889	-99.05649	4/2/24	Rhizobium	Rhizobium_sp._T1470	91.351	84.53	0	1772
OAES-4-1-No|nifD|consensus50|pass_single_dominant	OAES-4-1-No	D11	Astragalus nuttallianus var. nuttallianus	6/25/24	0	0	Quarter	OAES-4	ethanol	nodule	Fabaceae	OAES	Astragalus	Galegeae	OAES_042_T	Washita	OK	yes	35.40889	-99.05649	4/2/24	Rhizobium	Rhizobium_sp._T1470	90.992	85.5091	0	1770
OAES-6-1-Rh|nifD|consensus50|pass_mixed_possible_multitemplate	OAES-6-1-Rh	D11	Astragalus nuttallianus var. austrinus	6/25/24	0.4705	22.584	Quarter	OAES-6	ethanol	rhizosphere	Fabaceae	OAES	Astragalus	Galegeae	OAES_043_T	Washita	OK	yes	35.40511	-99.05857	4/2/24	Microvirga	Microvirga_sp._RSM25	81.25	84.5953	0	1410
CLBJ-23-1-No|nifD|consensus50|pass_mixed_possible_multitemplate	CLBJ-23-1-No	D11	Acmispon americanus	6/20/24	0.891	42.768	Quarter	CLBJ-23	dry	nodule	Fabaceae	CLBJ	Acmispon	Loteae	CLBJ_003_T	Wise	TX	yes	33.403989	-97.572744	5/8/24	Rhizobium	Rhizobium_sp._T1470	84.811	84.6606	0	1439
OSBS-21-2-Ro|nifD|consensus50|pass_mixed_possible_multitemplate	OSBS-21-2-Ro	D03	Crotalaria maritima	8/19/24	0.119	5.712	Quarter	OSBS-CRMA-21	dry	root	Fabaceae	OSBS	Crotalaria	Crotalarieae	OSBS_004	Putnam	FL	yes	NA	NA	20240521	Microvirga	Microvirga_sp._RSM25	87.114	84.5953	0	1605
OAES-1-1-Rh|nifD|consensus50|pass_mixed_possible_multitemplate	OAES-1-1-Rh	D11	Astragalus distortus	6/25/24	0	0	Quarter	OAES-1	ethanol	rhizosphere	Fabaceae	OAES	Astragalus	Galegeae	OAES_055_T	Washita	OK	yes	35.41368	-99.05573	3/27/24	Microvirga	Microvirga_sp._RSM25	83.681	84.3995	0	1408
OSBS-37-1-No|nifD|consensus50|pass_mixed_possible_multitemplate	OSBS-37-1-No	D03	Chapmannia floridana	2/26/25	0	0	Quarter	OSBS-37	NA	nodule	Fabaceae	OSBS	Chapmannia	Dalbergieae	OSBS_029	Putnam	FL	yes	NA	NA	20240617	Microvirga	Microvirga_lotononidis	84.037	85.0522	0	1445
OAES-8-2-Ro|nifD|consensus50|pass_mixed_possible_multitemplate	OAES-8-2-Ro	D11	Astragalus plattensis	6/25/24	0.6885	33.048	Quarter	OAES-8	ethanol	root	Fabaceae	OAES	Astragalus	Galegeae	OAES_044_T	Washita	OK	yes	35.40431	-99.05922	4/2/24	NA	NA	NA	NA	NA	NA
CLBJ-1-1-Ro|nifD|consensus50|pass_mixed_possible_multitemplate	CLBJ-1-1-Ro	D11	Vicia sativa	7/9/24	1.305	62.64	Quarter	CLBJ-1	dry	root	Fabaceae	CLBJ	Vicia	Fabeae	CLBJ_001_T	Wise	TX	no	33.23888	-97.34109	3/20/24	Mesorhizobium	Mesorhizobium_sp._AaZ16	84.811	84.6606	0	1581
OAES-1-1-Ro|nifD|consensus50|pass_mixed_possible_multitemplate	OAES-1-1-Ro	D11	Astragalus distortus	6/25/24	0	0	Quarter	OAES-1	ethanol	root	Fabaceae	OAES	Astragalus	Galegeae	OAES_055_T	Washita	OK	yes	35.41368	-99.05573	3/27/24	Sinorhizobium	Sinorhizobium_meliloti_(Rhizobium_meliloti)	82.767	84.4648	0	1461
OAES-3-1-Ro|nifD|consensus50|pass_mixed_possible_multitemplate	OAES-3-1-Ro	D11	Astragalus plattensis	6/25/24	0.183	8.784	Quarter	OAES-3	ethanol	root	Fabaceae	OAES	Astragalus	Galegeae	OAES_065_T	Washita	OK	yes	35.41314	-99.05573	3/27/24	Sinorhizobium	Sinorhizobium_meliloti_(Rhizobium_meliloti)	83.603	84.7911	0	1495
OAES-8-2-Rh|nifD|consensus50|pass_mixed_possible_multitemplate	OAES-8-2-Rh	D11	Astragalus plattensis	6/25/24	0	0	Quarter	OAES-8	ethanol	rhizosphere	Fabaceae	OAES	Astragalus	Galegeae	OAES_044_T	Washita	OK	yes	35.40431	-99.05922	4/2/24	Microvirga	Microvirga_sp._RSM25	86.543	84.3995	0	1587
OAES-13-1-Rh|nifD|consensus50|pass_mixed_possible_multitemplate	OAES-13-1-Rh	D11	Ceanothus herbaceus	8/19/24	0.1	4.8	Quarter	OAES-13	ethanol	rhizosphere	Rhamnaceae	OAES	Ceanothus	actinorhizal	OAES_005	Washita	OK	yes	35.39246	-99.10002	4/10/24	Mesorhizobium	Mesorhizobium_sp._WSM2240	85.88	84.5953	0	1591
TALL-92-1-Ro|nifD|consensus50|pass_single_dominant	TALL-92-1-Ro	D08	Morella caroliniensis	4/10/25	0.333	15.984	Quarter	TALL-92	ethanol	root	Myricaceae	TALL	Morella	actinorhizal	TALL_030	Bibb County	AL	yes	32.954599	-87.403549	9/19/24	Sinorhizobium	Sinorhizobium_kummerowiae_(Ensifer_kummerowiae)	90.347	50.718	0	1064
CLBJ-19-1-Ro|nifD|consensus50|pass_mixed_possible_multitemplate	CLBJ-19-1-Ro	D11	Stylosanthes biflora	6/20/24	0	0	Quarter	CLBJ-19	dry	root	Fabaceae	CLBJ	Stylosanthes	Dalbergieae	CLBJ_003_T	Wise	TX	yes	33.403989	-97.572744	5/8/24	Mesorhizobium	Mesorhizobium_sp._AaZ16	83.384	85.6397	0	1443
OAES-3-1-Rh|nifD|consensus50|pass_mixed_possible_multitemplate	OAES-3-1-Rh	D11	Astragalus plattensis	6/25/24	0	0	Quarter	OAES-3	ethanol	rhizosphere	Fabaceae	OAES	Astragalus	Galegeae	OAES_065_T	Washita	OK	yes	35.41314	-99.05573	3/27/24	Microvirga	Microvirga_sp._RSM25	86.377	85.7702	0	1594
OAES-2-1-Rh|nifD|consensus50|pass_single_dominant	OAES-2-1-Rh	D11	Medicago minima	6/25/24	0	0	Quarter	OAES-2	ethanol	rhizosphere	Fabaceae	OAES	Medicago	Trifolieae	OAES_055_T	Washita	OK	no	35.41368	-99.05573	3/27/24	Microvirga	Microvirga_sp._KLBC_81	86.553	84.4648	0	1526
CLBJ-2-No|nifD|consensus50|pass_single_dominant	CLBJ-2-No	D11	Dalea compacta	7/9/24	0	0	Quarter	CLBJ-2	dry	nodule	Fabaceae	CLBJ	Dalea	Amorpheae	CLBJ_001_T	Wise	TX	yes	33.23888	-97.34109	3/20/24	Rhizobium	Rhizobium_azibense	96.552	85.1828	0	2167
KONZ-12-1-No|nifD|consensus50|pass_single_dominant	KONZ-12-1-No	D06	Dalea candida	9/25/24	5.4	259.2	Half	KONZ-12	dry	nodule	Fabaceae	KONZ	Dalea	Amorpheae	KONZ_001	Riley	KS	yes	39.07516	-96.55599	20240711	Rhizobium	Rhizobium_azibense	96.491	85.5744	0	2170
KONZ-6-1-No|nifD|consensus50|pass_single_dominant	KONZ-6-1-No	D06	Dalea purpurea	9/18/24	0.4235	20.328	Quarter	KONZ-6	dry	nodule	Fabaceae	KONZ	Dalea	Amorpheae	KONZ_042	Riley	KS	yes	39.09968	-96.56423	20240710	Rhizobium	Rhizobium_azibense	97.182	85.705	0	2222
WOOD-5-1-No|nifD|consensus50|pass_mixed_possible_multitemplate	WOOD-5-1-No	D09	Dalea candida	4/24/25	0.195	9.36	Quarter	WOOD-5	ethanol	nodule	Fabaceae	WOOD	Dalea	Amorpheae	BARR_027	Stutsman	ND	yes	47.13	99.24	9/23/24	Rhizobium	Rhizobium_azibense	89.154	84.8564	0	1829
WOOD-5-1-Ro|nifD|consensus50|pass_single_dominant	WOOD-5-1-Ro	D09	Dalea candida	4/24/25	0	0	Quarter	WOOD-5	ethanol	root	Fabaceae	WOOD	Dalea	Amorpheae	BARR_027	Stutsman	ND	yes	47.13	99.24	9/23/24	Rhizobium	Rhizobium_azibense	97.09	85.248	0	2206
OSBS-35-2-Ro|nifD|consensus50|pass_mixed_possible_multitemplate	OSBS-35-2-Ro	D03	Chapmannia floridana	2/26/25	0.058	2.784	Quarter	OSBS-35	dry	root	Fabaceae	OSBS	Chapmannia	Dalbergieae	OSBS_006	Putnam	FL	yes	NA	NA	20240611	Rhizobium	Rhizobium_azibense	89.618	85.5091	0	1777
HEAL-10-2-Ro|nifD|consensus50|pass_mixed_possible_multitemplate	HEAL-10-2-Ro	D19	Alnus viridis	3/20/25	3.87	185.76	Quarter	HEAL-10	ethanol	root	Betulaceae	HEAL	Alnus	actinorhizal	HEAL_004	Denali Borough	Alaska	yes	63.86378 N	149.27284 W	20240723	Rhizobium	Rhizobium_azibense	87.567	85.5744	0	1736
GUAN-2-Ro|nifD|consensus50|pass_mixed_possible_multitemplate	GUAN-2-Ro	D04	Leucaena leucocephala	2/19/25	5.275	253.2	Half	GUAN-2	dry	root	Fabaceae	GUAN	Leucaena	Mimosoideae	GUAN_004	Yauco	P.R	no	17.964444	-66.8513611	10/10/24	Rhizobium	Rhizobium_azibense	89.321	85.5744	0	1731
ORNL-11-1-Rh|nifD|consensus50|pass_mixed_possible_multitemplate	ORNL-11-1-Rh	D07	Chamaecrista fasciculata	2/25/24	23.4	1123.2	Half	ORNL-11	dry	rhizosphere	Fabaceae	ORNL	Chamaecrista	Cassieae	ORNL_047	Anderson	TN	yes	35.9525	-84.22	7/11/24	Rhizobium	Rhizobium_azibense	86.728	85.5744	0	1664
UKFS-6-1-Ro|nifD|consensus50|pass_mixed_possible_multitemplate	UKFS-6-1-Ro	D06	Hylodesmum glutinosum	9/25/24	5.99	287.52	Half	UKFS-6	dry	root	Fabaceae	UKFS	Desmodium	Desmodieae	UKFS_002	Douglas	KS	yes	39.04622	-95.2087	7/3/24	Rhizobium	Rhizobium_azibense	84.288	84.3342	0	1546
HARV-1-1-Rh|nifD|consensus50|pass_mixed_possible_multitemplate	HARV-1-1-Rh	D01	Comptonia peregrina	9/25/24	10.2	489.6	Half	HARV-1	dry	rhizosphere	Myricaceae	HARV	Comptonia	actinorhizal	HARV_004	Worcester	MA	yes	42.42709	-72.22974	5/2/24	Rhizobium	Rhizobium_azibense	88.521	84.7258	0	1720
DEJU-7-1-No|nifD|consensus50|pass_mixed_possible_multitemplate	DEJU-7-1-No	D19	Alnus viridis	2/13/25	36.25	1740	Half	DEJU-7	ethanol	nodule	Betulaceae	DEJU	Alnus	actinorhizal	DEJU_047	NA	Alaska	yes	NA	NA	NA	Microvirga	Microvirga_sp._KLBC_81	84.832	85.6397	0	1546
HARV-2-1-No|nifD|consensus50|pass_mixed_possible_multitemplate	HARV-2-1-No	D01	Alnus serrulata	9/25/24	10.55	506.4	Half	HARV-2	dry	nodule	Betulaceae	HARV	Alnus	actinorhizal	HARV_016	Worcester	MA	yes	42.45847	-72.23199	5/2/24	Rhizobium	Rhizobium_azibense	83.541	83.6815	0	1432
DSNY-20-1-No|nifD|consensus50|pass_mixed_possible_multitemplate	DSNY-20-1-No	D03	Morella cerifera	9/25/24	8.035	385.68	Half	DSNY-MOCE-20	dry	nodule	Myricaceae	DSNY	Morella	actinorhizal	DSNY_009	Polk	Florida	yes	NA	NA	20240401	Rhizobium	Rhizobium_azibense	87.682	85.3133	0	1633
JERC-26-5-No|nifD|consensus50|pass_mixed_possible_multitemplate	JERC-26-5-No	D03	Centrosema virginiana	10/2/24	5.77	276.96	Half	JERC-26	dry	nodule	Fabaceae	JERC	Centrosema	Phaseoleae	JERC_007	Baker County	Georgia	yes	NA	NA	20240603	Microvirga	Microvirga_sp._KLBC_81	85.385	84.8564	0	1474
DSNY-18-1-No|nifD|consensus50|pass_mixed_possible_multitemplate	DSNY-18-1-No	D03	Morella cerifera	9/25/24	5.585	268.08	Half	DSNY-MOCE-18	dry	nodule	Myricaceae	DSNY	Morella	actinorhizal	DSNY_044	Osceola	Florida	yes	NA	NA	20240401	Rhizobium	Rhizobium_azibense	85.67	84.7258	0	1522
DSNY-29-1-No|nifD|consensus50|pass_mixed_possible_multitemplate	DSNY-29-1-No	D03	Morella cerifera cf sp.	9/18/24	12.05	578.4	Half	DSNY-MOCE-29	dry	nodule	Myricaceae	DSNY	Morella	actinorhizal	DSNY_001	Osceola	Florida	yes	NA	NA	20240402	Rhizobium	Rhizobium_azibense	86.041	85.5744	0	1552
KONZ-9-2-Ro|nifD|consensus50|pass_mixed_possible_multitemplate	KONZ-9-2-Ro	D06	Lespedeza violacea	9/25/24	6.51	312.48	Half	KONZ-9	dry	root	Fabaceae	KONZ	Lespedeza	Desmodieae	KONZ_024	Riley	KS	yes	39.11091	-96.55235	20240710	Rhizobium	Rhizobium_azibense	85.344	85.5091	0	1598
KONZ-7-1-Ro|nifD|consensus50|pass_mixed_possible_multitemplate	KONZ-7-1-Ro	D06	Lespedeza capitata	9/18/24	6.125	294	Half	KONZ-7	dry	root	Fabaceae	KONZ	Lespedeza	Desmodieae	KONZ_002	Riley	KS	yes	39.11965	-96.54588	20240711	Rhizobium	Rhizobium_azibense	86.249	59.3342	0	1085
LAJA-20-1-Ro|nifD|consensus50|pass_mixed_possible_multitemplate	LAJA-20-1-Ro	D04	Alysicarpus vaginalis	3/19/25	4.18	200.64	Quarter	LAJA-20	dry	root	Fabaceae	LAJA	Alysicarpus	Desmodieae	LAJA_019	LAJA	P.R	yes	18.03193	-67.07056	10/2/24	Microvirga	Microvirga_sp._RSM25	83.918	85.6397	0	1504
LAJA-22-2-Rh|nifD|consensus50|pass_mixed_possible_multitemplate	LAJA-22-2-Rh	D04	Desmanthus pernambucanus	3/19/25	0.375	18	Quarter	LAJA-22	dry	rhizosphere	Fabaceae	LAJA	Desmanthus	Mimosoideae	LAJA_023	LAJA	P.R	yes	18.03577	-67.06951	10/7/24	Sinorhizobium	Sinorhizobium_chiapasense	84.07	85.6397	0	1496
KONZ-8-1-Ro|nifD|consensus50|pass_mixed_possible_multitemplate	KONZ-8-1-Ro	D06	Hylodesmum glutinosum	9/18/24	7.19	345.12	Half	KONZ-8	dry	root	Fabaceae	KONZ	Desmodium	Desmodieae	KONZ_024	Riley	KS	yes	39.11091	-96.55233	20240710	Microvirga	Microvirga_sp._KLBC_81	85.759	83.8773	0	1570
OSBS-7-4-No|nifD|consensus50|pass_mixed_possible_multitemplate	OSBS-7-4-No	D03	Galactia elliottii	8/14/24	2.22	106.56	Quarter	OSBS-GAEL-7	dry	nodule	Fabaceae	OSBS	Galactia	Diocleae	OSBS_016	Putnam	FL	yes	NA	NA	20240424	Microvirga	Microvirga_sp._KLBC_81	84.323	85.7702	0	1406
BONA-13-1-No|nifD|consensus50|pass_mixed_possible_multitemplate	BONA-13-1-No	D19	Alnus viridis	3/6/25	24.75	1188	Half	BONA-13	ethanol	nodule	Betulaceae	BONA	Alnus	actinorhizal	BONA_003	NA	Alaska	yes	NA	NA	20240909	Microvirga	Microvirga_sp._KLBC_81	86.698	84.3995	0	1513
DEJU-4-1-No|nifD|consensus50|pass_mixed_possible_multitemplate	DEJU-4-1-No	D19	Alnus viridis	2/26/25	3	144	Quarter	DEJU-4	ethanol	nodule	Betulaceae	DEJU	Alnus	actinorhizal	DEJU_047	NA	Alaska	yes	NA	NA	NA	Mesorhizobium	Mesorhizobium_sp._WSM2240	89.566	55.6789	0	1094
HEAL-2-1-No|nifD|consensus50|pass_mixed_possible_multitemplate	HEAL-2-1-No	D19	Alnus viridis	4/4/25	13.45	645.6	Half	HEAL-2	ethanol	nodule	Betulaceae	HEAL	Alnus	actinorhizal	HEAL_010	Denali Borough	Alaska	yes	63.87736 N	149.26331 W	20240723	Rhizobium	Rhizobium_sp._ZK1	86.38	56.0705	0	1003
HEAL-8-1-No|nifD|consensus50|pass_mixed_possible_multitemplate	HEAL-8-1-No	D19	Alnus viridis	4/4/25	26.4	1267.2	Half	HEAL-8	ethanol	nodule	Betulaceae	HEAL	Alnus	actinorhizal	HEAL_004	Denali Borough	Alaska	yes	63.86378 N	149.27284 W	20240723	Microvirga	Microvirga_sp._KLBC_81	83.841	85.6397	0	1417
HEAL-4-1-No|nifD|consensus50|pass_mixed_possible_multitemplate	HEAL-4-1-No	D19	Alnus viridis	4/4/25	14.15	679.2	Half	HEAL-4	ethanol	nodule	Betulaceae	HEAL	Alnus	actinorhizal	HEAL_010	Denali Borough	Alaska	yes	63.87738 N	149.26297 W	20240723	Rhizobium	Rhizobium_sp._ZK1	81.998	85.5744	0	1362
BONA-14-No|nifD|consensus50|pass_mixed_possible_multitemplate	BONA-14-No	D19	Alnus viridis	3/6/25	4.2	201.6	Quarter	BONA-14	ethanol	nodule	Betulaceae	BONA	Alnus	actinorhizal	BONA_003	NA	Alaska	yes	NA	NA	20240909	Mesorhizobium	Mesorhizobium_sp._WSM4083	84.509	85.1175	0	1430
BONA-4-No|nifD|consensus50|pass_mixed_possible_multitemplate	BONA-4-No	D19	Alnus viridis	3/3/25	6.52	312.96	Half	BONA-4	ethanol	nodule	Betulaceae	BONA	Alnus	actinorhizal	BONA_072	NA	Alaska	yes	NA	NA	20240829	Microvirga	Microvirga_lotononidis	83.563	85.3786	0	1402
UNDE-3-1-No|nifD|consensus50|pass_mixed_possible_multitemplate	UNDE-3-1-No	D05	Alnus incana	2/12/25	13.35	640.8	Half	UNDE-3	ethanol	nodule	Betulaceae	UNDE	Alnus	actinorhizal	UNDE_002	Gogebic	MI	yes	46.243291°N	-89.544838°W	8/29/24	Microvirga	Microvirga_sp._KLBC_81	81.804	85.3786	0	1325
DEJU-6-1-No|nifD|consensus50|pass_mixed_possible_multitemplate	DEJU-6-1-No	D19	Alnus viridis	2/13/25	40.45	1941.6	Half	DEJU-6	ethanol	nodule	Betulaceae	DEJU	Alnus	actinorhizal	DEJU_047	NA	Alaska	yes	NA	NA	NA	Mesorhizobium	Mesorhizobium_sp._WSM4083	83.883	51.436	0	867
UNDE-5-4-No|nifD|consensus50|pass_mixed_possible_multitemplate	UNDE-5-4-No	D05	Alnus incana	2/13/25	25.75	1236	Half	UNDE-5	ethanol	nodule	Betulaceae	UNDE	Alnus	actinorhizal	UNDE_049	Gogebic	MI	yes	46.230777°N	-89.536568°W	9/9/24	Mesorhizobium	Mesorhizobium_sp._WSM4083	84.198	85.5091	0	1432
UNDE-2-1-No|nifD|consensus50|pass_mixed_possible_multitemplate	UNDE-2-1-No	D05	Alnus incana	2/12/25	13.2	633.6	Half	UNDE-2	ethanol	nodule	Betulaceae	UNDE	Alnus	actinorhizal	UNDE_010	Gogebic	MI	yes	46.238173°N	-89.543143°W	8/29/24	Microvirga	Microvirga_sp._KLBC_81	82.385	84.8564	0	1291
UNDE-1-2-No|nifD|consensus50|pass_mixed_possible_multitemplate	UNDE-1-2-No	D05	Alnus incana	2/12/25	8.545	410.16	Half	UNDE-1	ethanol	nodule	Betulaceae	UNDE	Alnus	actinorhizal	UNDE_003	Gogebic	MI	yes	46.256438°N	-89.536159°W	8/15/24	Microvirga	Microvirga_sp._KLBC_81	87.172	84.4648	0	1511
DEJU-52-1-No|nifD|consensus50|pass_mixed_possible_multitemplate	DEJU-52-1-No	D19	Alnus viridis	2/17/25	13.4	643.2	Half	DEJU-52	ethanol	nodule	Betulaceae	DEJU	Alnus	actinorhizal	DEJU_002	NA	Alaska	yes	NA	NA	NA	Microvirga	Microvirga_sp._KLBC_81	87.348	85.6397	0	1596
CLBJ-13-1-No|nifD|consensus50|pass_mixed_possible_multitemplate	CLBJ-13-1-No	D11	Lespedeza stuevei	6/19/24	1.135	54.48	Quarter	CLBJ-13	dry	nodule	Fabaceae	CLBJ	Lespedeza	Desmodieae	CLBJ_002_T	Wise	TX	yes	33.40398	-97.57114	5/8/24	Mesorhizobium	Mesorhizobium_sp._AaZ16	86.423	85.5744	0	1644
CLBJ-18-1-No|nifD|consensus50|pass_mixed_possible_multitemplate	CLBJ-18-1-No	D11	Tephrosia virginiana	6/20/24	19.25	924	Half	CLBJ-18	dry	nodule	Fabaceae	CLBJ	Tephrosia	Millettieae	CLBJ_003_T	Wise	TX	yes	33.403989	-97.572744	5/8/24	Mesorhizobium	Mesorhizobium_sp._AaZ16	88.635	85.5744	0	1687
OSBS-18-5-No|nifD|consensus50|pass_single_dominant	OSBS-18-5-No	D03	Tephrosia virginiana	8/19/24	2.595	124.56	Quarter	OSBS-TEVI-18	dry	nodule	Fabaceae	OSBS	Tephrosia	Millettieae	OSBS_063	Putnam	FL	yes	NA	NA	20240521	Mesorhizobium	Mesorhizobium_sp._AaZ16	88.262	85.6397	0	1620
CLBJ-19-1-No|nifD|consensus50|pass_mixed_possible_multitemplate	CLBJ-19-1-No	D11	Stylosanthes biflora	6/20/24	5.495	263.76	Half	CLBJ-19	dry	nodule	Fabaceae	CLBJ	Stylosanthes	Dalbergieae	CLBJ_003_T	Wise	TX	yes	33.403989	-97.572744	5/8/24	Mesorhizobium	Mesorhizobium_sp._AaZ16	89.703	85.5744	0	1792
CLBJ-9-1-Ro|nifD|consensus50|pass_mixed_possible_multitemplate	CLBJ-9-1-Ro	D11	Lespedeza procumbens	6/13/24	0	0	Quarter	CLBJ-9	ethanol	root	Fabaceae	CLBJ	Lespedeza	Desmodieae	CLBJ_001_T	Wise	TX	yes	33.39787	-97.568339	4/30/24	Mesorhizobium	Mesorhizobium_sp._AaZ16	92.701	53.6554	0	1188
DELA-14-2-No|nifD|consensus50|pass_mixed_possible_multitemplate	DELA-14-2-No	D08	Desmodium perplexum	3/3/25	2.065	99.12	Quarter	DELA-14	dry	nodule	Fabaceae	DELA	Desmodium	Desmodieae	DELA_008	Green County	AL	yes	32.53861	-87.81298	8/14/24	Mesorhizobium	Mesorhizobium_sp._AaZ16	90.447	52.611	0	1092
CLBJ-16-2-No|nifD|consensus50|pass_mixed_possible_multitemplate	CLBJ-16-2-No	D11	Lespedeza virginica	6/19/24	1.385	66.48	Quarter	CLBJ-16	dry	nodule	Fabaceae	CLBJ	Lespedeza	Desmodieae	CLBJ_003_T	Wise	TX	yes	33.403989	-97.572744	5/8/24	Microvirga	Microvirga_lotononidis	82.914	85.5744	0	1389
OSBS-14-3-No|nifD|consensus50|pass_single_dominant	OSBS-14-3-No	D03	Tephrosia virginiana	8/19/24	0.4795	23.016	Quarter	OSBS-TEVI-14	dry	nodule	Fabaceae	OSBS	Tephrosia	Millettieae	OSBS_026	Putnam	FL	yes	NA	NA	20240521	Microvirga	Microvirga_sp._KLBC_81	88.415	85.6397	0	1602
CLBJ-17-1-No|nifD|consensus50|pass_mixed_possible_multitemplate	CLBJ-17-1-No	D11	Lespedeza stuevei	6/19/24	4.41	211.68	Quarter	CLBJ-17	dry	nodule	Fabaceae	CLBJ	Lespedeza	Desmodieae	CLBJ_003_T	Wise	TX	yes	33.403989	-97.572744	5/8/24	Microvirga	Microvirga_sp._RSM25	84.703	85.7702	0	1548
ORNL-8-2-No|nifD|consensus50|pass_mixed_possible_multitemplate	ORNL-8-2-No	D07	Hylodesmum nudiflorum	4/17/25	0.1665	7.992	Quarter	ORNL-8	dry	nodule	Fabaceae	ORNL	Desmodium	Desmodieae	ORNL_046	Anderson	TN	yes	35.964722	-84.285833	7/9/24	Microvirga	Microvirga_sp._RSM25	87.63	56.4621	0	1040
SCBI-4-1-Rh|nifD|consensus50|pass_mixed_possible_multitemplate	SCBI-4-1-Rh	D02	Amphicarpaea bracteata	4/23/25	0	0	Quarter	SCBI-4	ethanol	rhizosphere	Fabaceae	SCBI	Amphicarpaea	Phaseoleae	SCBI-047	Warren	VA	yes	38.894252	-78.137193	6/26/24	Microvirga	Microvirga_sp._KLBC_81	85.899	85.6397	0	1507
DSNY-66-1-No|nifD|consensus50|pass_mixed_possible_multitemplate	DSNY-66-1-No	D03	Chamaecrista fasciculata	2/24/25	1.135	54.48	Quarter	DSNY-66	dry	nodule	Fabaceae	DSNY	Chamaecrista	Cassieae	DSNY_003	Polk	Florida	yes	NA	NA	20240820	Microvirga	Microvirga_sp._KLBC_81	84.235	85.705	0	1411
JERC-98-2-No|nifD|consensus50|pass_single_dominant	JERC-98-2-No	D03	Lespedeza cuneata	2/24/25	4.21	202.08	Quarter	JERC-98	dry	nodule	Fabaceae	JERC	Lespedeza	Desmodieae	JERC_034	Baker County	Georgia	no	31.26611111	-84.59333333	20240625	Microvirga	Microvirga_sp._KLBC_81	87.576	85.6397	0	1543
ORNL-13-2-No|nifD|consensus50|pass_mixed_possible_multitemplate	ORNL-13-2-No	D07	Kummerowia striata	2/25/24	1.495	71.76	Quarter	ORNL-13	dry	nodule	Fabaceae	ORNL	Kummerowia	Desmodieae	ORNL_047	Anderson	TN	no	35.9525	-84.219722	7/11/24	Sinorhizobium	Sinorhizobium_chiapasense	83.727	52.5457	0	791
JERC-109-1-No|nifD|consensus50|pass_mixed_possible_multitemplate	JERC-109-1-No	D03	Chamaecrista nictitans	5/23/25	1.125	54	Quarter	JERC-109	dry	nodule	Fabaceae	JERC	Chamaecrista	Cassieae	JERC_048	Baker County	Georgia	yes	31.19645727	-84.46191333	20240709	Microvirga	Microvirga_sp._RSM25	87.361	52.6762	0	998
JERC-156-No|nifD|consensus50|pass_mixed_possible_multitemplate	JERC-156-No	D03	Lespedeza hirta	2/27/25	0.3165	15.192	Quarter	JERC-156	dry	nodule	Fabaceae	JERC	Lespedeza	Desmodieae	JERC_015	Baker County	Georgia	yes	NA	NA	20241002	Microvirga	Microvirga_sp._KLBC_81	83.409	85.7702	0	1317
TALL-19-2-No|nifD|consensus50|pass_mixed_possible_multitemplate	TALL-19-2-No	D08	Desmodium sp.	3/21/25	8.75	420	Half	TALL-19	ethanol	nodule	Fabaceae	TALL	Desmodium	Desmodieae	TALL_002	Hale County	AL	yes	32.922222	-87.429133	8/22/24	Microvirga	Microvirga_sp._KLBC_81	84.768	85.705	0	1423
TALL-53-3-No|nifD|consensus50|pass_mixed_possible_multitemplate	TALL-53-3-No	D08	Desmodium viridiflorum	3/20/25	11.65	559.2	Half	TALL-53	dry	nodule	Fabaceae	TALL	Desmodium	Desmodieae	TALL_006	Hale County	AL	yes	32.898847	-87.44631	8/27/24	Microvirga	Microvirga_sp._KLBC_81	86.296	83.3551	0	1452
JERC-93-1-No|nifD|consensus50|pass_mixed_possible_multitemplate	JERC-93-1-No	D03	Desmodium viridiflorum	3/26/25	7.845	376.56	Half	JERC-93	dry	nodule	Fabaceae	JERC	Desmodium	Desmodieae	JERC_047	Baker County	Georgia	yes	NA	NA	20240625	Microvirga	Microvirga_sp._KLBC_81	85.442	85.6397	0	1495
TALL-76-3-No|nifD|consensus50|pass_mixed_possible_multitemplate	TALL-76-3-No	D08	Desmodium laevigatum	3/28/25	0.1535	7.368	Quarter	TALL-76	dry	nodule	Fabaceae	TALL	Desmodium	Desmodieae	TALL_005	Hale County	AL	yes	32.896946	-87.397281	9/4/24	Microvirga	Microvirga_sp._KLBC_81	85.714	84.0731	0	1413
JERC-201-1-No|nifD|consensus50|pass_mixed_possible_multitemplate	JERC-201-1-No	D03	Desmodium laevigatum	4/3/25	25.4	1219.2	Half	JERC-201	dry	nodule	Fabaceae	JERC	Desmodium	Desmodieae	JERC_004	Baker County	Georgia	yes	NA	NA	20241029	Microvirga	Microvirga_sp._KLBC_81	88.415	85.6397	0	1609
JERC-153-No|nifD|consensus50|pass_mixed_possible_multitemplate	JERC-153-No	D03	Desmodium obtusum	5/14/25	15.3	734.4	Half	JERC-153	dry	nodule	Fabaceae	JERC	Desmodium	Desmodieae	JERC_015	Baker County	Georgia	yes	NA	NA	20241002	Mesorhizobium	Mesorhizobium_sp._WSM2240	84.451	85.6397	0	1471
JERC-99-2-No|nifD|consensus50|pass_mixed_possible_multitemplate	JERC-99-2-No	D03	Lespedeza bicolor	2/24/25	19.75	948	Half	JERC-99	dry	nodule	Fabaceae	JERC	Lespedeza	Desmodieae	JERC_034	Baker County	Georgia	no	31.2725	-84.58055556	20240625	Microvirga	Microvirga_sp._KLBC_81	81.069	85.5091	0	1251
TALL-44-1-No|nifD|consensus50|pass_mixed_possible_multitemplate	TALL-44-1-No	D08	Lespedeza hirta	3/20/25	0.801	38.448	Quarter	TALL-44	dry	nodule	Fabaceae	TALL	Lespedeza	Desmodieae	TALL_003	Bibb County	AL	yes	32.893117	-87.415111	8/27/24	Mesorhizobium	Mesorhizobium_sp._WSM2240	87.371	50.6527	0	920
JERC-RHRE-55-1-No|nifD|consensus50|pass_mixed_possible_multitemplate	JERC-RHRE-55-1-No	D03	Rhynchosia reniformis	12/4/24	18.85	904.8	Half	JERC-55	dry	nodule	Fabaceae	JERC	Rhynchosia	Phaseoleae	JERC_050	Baker County	Georgia	yes	NA	NA	20240618	Mesorhizobium	Mesorhizobium_sp._WSM4083	82.263	85.3786	0	1347
JERC-99-3-No|nifD|consensus50|pass_mixed_possible_multitemplate	JERC-99-3-No	D03	Lespedeza bicolor	2/24/25	29.15	1399.2	Half	JERC-99	dry	nodule	Fabaceae	JERC	Lespedeza	Desmodieae	JERC_034	Baker County	Georgia	no	31.2725	-84.58055556	20240625	Mesorhizobium	Mesorhizobium_sp._WSM2240	84.438	84.7258	0	1411
LENO-2-1-No|nifD|consensus50|pass_mixed_possible_multitemplate	LENO-2-1-No	D08	Hylodesmum pauciflorum	1/28/25	8.11	389.28	Half	LENO-2	ethanol	nodule	Fabaceae	LENO	Desmodium	Desmodieae	LENO_005	Choctaw County	AL	yes	31.828025	-88.181692	6/19/24	Microvirga	Microvirga_sp._KLBC_81	87.854	48.3681	0	874
DELA-31-1-No|nifD|consensus50|pass_mixed_possible_multitemplate	DELA-31-1-No	D08	Lespedeza cuneata	4/4/25	32	1536	Half	DELA-31	dry	nodule	Fabaceae	DELA	Lespedeza	Desmodieae	DELA_003	Green County	AL	no	32.53425	-87.81316	8/15/24	Mesorhizobium	Mesorhizobium_sp._WSM4083	82.672	85.5091	0	1312
DSNY-54-1-No|nifD|consensus50|pass_single_dominant	DSNY-54-1-No	D03	Tephrosia virginiana	1/28/25	27.35	1312.8	Half	DSNY-54	dry	nodule	Fabaceae	DSNY	Tephrosia	Millettieae	DSNY_001	Osceola	Florida	yes	NA	NA	20240702	Microvirga	Microvirga_sp._RSM25	85.422	51.0444	0	867
LENO-10-2-No|nifD|consensus50|pass_single_dominant	LENO-10-2-No	D08	Hylodesmum pauciflorum	2/5/25	6.055	290.64	Half	LENO-10	ethanol	nodule	Fabaceae	LENO	Desmodium	Desmodieae	LENO_004	Choctaw County	AL	yes	31.821307	-88.182322	7/2/24	Microvirga	Microvirga_lotononidis	84.944	58.094	0	970
HARV-4-1-No|nifD|consensus50|pass_single_dominant	HARV-4-1-No	D01	Apios americana	2/25/25	58	2784	Half	HARV-4	dry	nodule	Fabaceae	HARV	Apios	Phaseoleae	HARV_027	Worcester	MA	yes	42.42934	-72.24935	8/22/24	Microvirga	Microvirga_sp._KLBC_81	86.107	85.5091	0	1458
JERC-99-4-No|nifD|consensus50|pass_single_dominant	JERC-99-4-No	D03	Lespedeza bicolor	2/24/25	5.75	276	Half	JERC-99	dry	nodule	Fabaceae	JERC	Lespedeza	Desmodieae	JERC_034	Baker County	Georgia	no	31.2725	-84.58055556	20240625	Mesorhizobium	Mesorhizobium_sp._WSM2240	89.065	49.5431	0	942
LENO-6-1-No|nifD|consensus50|pass_single_dominant	LENO-6-1-No	D08	Hylodesmum pauciflorum	2/5/25	12.4	595.2	Half	LENO-6	ethanol	nodule	Fabaceae	LENO	Desmodium	Desmodieae	LENO_012	Choctaw County	AL	yes	31.80805	-88.179966	6/25/24	Microvirga	Microvirga_sp._KLBC_81	84.886	83.3551	0	1347
OSBS-71-1-Ro|nifD|consensus50|pass_mixed_possible_multitemplate	OSBS-71-1-Ro	D03	Rhynchosia reniformis	1/28/25	16	768	Half	OSBS-71	dry	root	Fabaceae	OSBS	Rhynchosia	Phaseoleae	OSBS_006	Putnam	FL	yes	NA	NA	20240822	Microvirga	Microvirga_sp._KLBC_81	87.978	58.094	0	1085
LENO-12-3-Ro|nifD|consensus50|pass_single_dominant	LENO-12-3-Ro	D08	Amorpha fruticosa	3/20/25	0	0	Quarter	LENO-12	ethanol	root	Fabaceae	LENO	Amorpha	Amorpheae	LENO_027	Choctaw County	AL	yes	31.817744	-88.202245	7/2/24	Microvirga	Microvirga_sp._KLBC_81	86.293	70.953	0	1206
GUAN-8-No|nifD|consensus50|pass_single_dominant	GUAN-8-No	D04	Centrosema virginiana	2/19/25	1.15	55.2	Quarter	GUAN-8	dry	nodule	Fabaceae	GUAN	Centrosema	Phaseoleae	GUAN_049	Guanica	P.R	yes	17.968	-66.864449	10/31/24	Bradyrhizobium	Bradyrhizobium_sp._RDT10	86.279	52.8068	0	889
DEJU-2-No|nifD|consensus50|pass_mixed_possible_multitemplate	DEJU-2-No	D19	Lupinus arcticus	2/17/25	13.45	645.6	Half	DEJU-2	ethanol	nodule	Fabaceae	DEJU	Lupinus	Genisteae	DEJU_014	NA	Alaska	yes	NA	NA	NA	Mesorhizobium	Mesorhizobium_sp._WSM4083	84.53	59.0731	0	955
DEJU-37-No|nifD|consensus50|pass_single_dominant	DEJU-37-No	D19	Lupinus arcticus	2/20/25	34.55	1658.4	Half	DEJU-37	ethanol	nodule	Fabaceae	DEJU	Lupinus	Genisteae	DEJU_015	NA	Alaska	yes	NA	NA	NA	Mesorhizobium	Mesorhizobium_sp._AaZ16	86.879	84.0731	0	1459
DEJU-3-1-No|nifD|consensus50|pass_single_dominant	DEJU-3-1-No	D19	Lupinus arcticus	2/25/25	22.2	1065.6	Half	DEJU-3	ethanol	nodule	Fabaceae	DEJU	Lupinus	Genisteae	DEJU_014	NA	Alaska	yes	NA	NA	NA	Mesorhizobium	Mesorhizobium_sp._WSM2240	86.325	84.0078	0	1426
DEJU-42-No|nifD|consensus50|pass_mixed_possible_multitemplate	DEJU-42-No	D19	Lupinus arcticus	2/20/25	43.05	2066.4	Half	DEJU-42	ethanol	nodule	Fabaceae	DEJU	Lupinus	Genisteae	DEJU_002	NA	Alaska	yes	NA	NA	NA	Mesorhizobium	Mesorhizobium_sp._WSM2240	86.272	58.4856	0	1026
DEJU-44-No|nifD|consensus50|pass_mixed_possible_multitemplate	DEJU-44-No	D19	Lupinus arcticus	2/20/25	54.5	2616	Half	DEJU-44	ethanol	nodule	Fabaceae	DEJU	Lupinus	Genisteae	DEJU_002	NA	Alaska	yes	NA	NA	NA	Mesorhizobium	Mesorhizobium_sp._WSM2240	84.734	84.6606	0	1376
DEJU-62-1-No|nifD|consensus50|pass_mixed_possible_multitemplate	DEJU-62-1-No	D19	Lupinus arcticus	2/17/25	1.77	84.96	Quarter	DEJU-62	ethanol	nodule	Fabaceae	DEJU	Lupinus	Genisteae	DEJU_045	NA	Unknown	yes	NA	NA	NA	Mesorhizobium	Mesorhizobium_sp._AaZ16	88.019	55.0261	0	1055
DEJU-63-No|nifD|consensus50|pass_mixed_possible_multitemplate	DEJU-63-No	D19	Lupinus arcticus	4/15/25	11.1	532.8	Half	DEJU-63	ethanol	nodule	Fabaceae	DEJU	Lupinus	Genisteae	DEJU_045	NA	Unknown	yes	NA	NA	NA	Sinorhizobium	Sinorhizobium_meliloti_(Rhizobium_meliloti)	85.968	84.6606	0	1491
SJER-1-1-No|nifD|consensus50|pass_mixed_possible_multitemplate	SJER-1-1-No	D17	Lupinus bicolor	4/15/25	0.122	5.856	Quarter	SJER-1	dry	nodule	Fabaceae	SJER	Lupinus	Genisteae	SJER_048	Fresno	CA	yes	37.110193	-119.734551	20240404	Sinorhizobium	Sinorhizobium_meliloti_(Rhizobium_meliloti)	84.58	84.6606	0	1369
SJER-1-1-Ro|nifD|consensus50|pass_mixed_possible_multitemplate	SJER-1-1-Ro	D17	Lupinus bicolor	4/15/25	0.0675	3.24	Quarter	SJER-1	dry	root	Fabaceae	SJER	Lupinus	Genisteae	SJER_048	Fresno	CA	yes	37.110193	-119.734551	20240404	Sinorhizobium	Sinorhizobium_medicae_(Ensifer_medicae)	83.933	50.7833	0	817
SJER-3-5-No|nifD|consensus50|pass_mixed_possible_multitemplate	SJER-3-5-No	D17	Lupinus benthamii/Acmispon sp.	4/15/25	0	0	Quarter	SJER-3	dry	nodule	Fabaceae	SJER	Lupinus	Genisteae	SJER_045	Fresno	CA	yes	37.11264	-119.729711	20240404	Microvirga	Microvirga_sp._RSM25	81.716	52.4804	0	763
DEJU-47-No|nifD|consensus50|pass_single_dominant	DEJU-47-No	D19	Lupinus arcticus	2/20/25	17.6	844.8	Half	DEJU-47	ethanol	nodule	Fabaceae	DEJU	Lupinus	Genisteae	DEJU_002	NA	Alaska	yes	NA	NA	NA	Mesorhizobium	Mesorhizobium_sp._WSM2240	86.325	84.0078	0	1434
DEJU-39-No|nifD|consensus50|pass_single_dominant	DEJU-39-No	D19	Lupinus arcticus	2/20/25	31.75	1524	Half	DEJU-39	ethanol	nodule	Fabaceae	DEJU	Lupinus	Genisteae	DEJU_015	NA	Alaska	yes	NA	NA	NA	Microvirga	Microvirga_sp._KLBC_81	86.425	57.7023	0	994
DEJU-46-Ro|nifD|consensus50|pass_mixed_possible_multitemplate	DEJU-46-Ro	D19	Lupinus arcticus	2/20/25	19.25	924	Half	DEJU-46	ethanol	root	Fabaceae	DEJU	Lupinus	Genisteae	DEJU_002	NA	Alaska	yes	NA	NA	NA	Microvirga	Microvirga_lotononidis	83.732	57.376	0	904
DEJU-45-1-Ro|nifD|consensus50|pass_mixed_possible_multitemplate	DEJU-45-1-Ro	D19	Lupinus arcticus	2/17/25	10.5	504	Half	DEJU-45	ethanol	root	Fabaceae	DEJU	Lupinus	Genisteae	DEJU_002	NA	Alaska	yes	NA	NA	NA	Microvirga	Microvirga_sp._KLBC_81	88.089	49.8695	0	935
DEJU-44-Ro|nifD|consensus50|pass_mixed_possible_multitemplate	DEJU-44-Ro	D19	Lupinus arcticus	2/20/25	9.355	449.04	Half	DEJU-44	ethanol	root	Fabaceae	DEJU	Lupinus	Genisteae	DEJU_002	NA	Alaska	yes	NA	NA	NA	Mesorhizobium	Mesorhizobium_sp._WSM2240	88.09	58.094	0	1094
TALL-4-1-Ro|nifD|consensus50|pass_single_dominant	TALL-4-1-Ro	D08	Stylosanthes biflora	3/21/25	0.956	45.888	Quarter	TALL-4	dry	root	Fabaceae	TALL	Stylosanthes	Dalbergieae	TALL_016	Bibb County	AL	yes	32.970408	-87.415018	2024-Apr-11	Microvirga	Microvirga_sp._KLBC_81	92.171	36.6841	0	795
LAJA-23-1-Ro|nifD|consensus50|pass_mixed_possible_multitemplate	LAJA-23-1-Ro	D04	Rhynchosia minima	3/19/25	1.29	61.92	Quarter	LAJA-23	dry	root	Fabaceae	LAJA	Rhynchosia	Phaseoleae	LAJA_023	LAJA	P.R	yes	18.03583	-67.06962	10/7/24	Mesorhizobium	Mesorhizobium_sp._WSM2240	82.28	84.7258	0	1369
JERC-44-2-No|nifD|consensus50|pass_mixed_possible_multitemplate	JERC-44-2-No	D03	Desmodium floridanum	1/23/25	24.6	1180.8	Half	JERC-44	dry	nodule	Fabaceae	JERC	Desmodium	Desmodieae	JERC_005	Baker County	Georgia	yes	NA	NA	20240604	Microvirga	Microvirga_sp._KLBC_81	81.631	85.6397	0	1386
LENO-9-2-Ro|nifD|consensus50|pass_mixed_possible_multitemplate	LENO-9-2-Ro	D08	Amorpha fruticosa	2/5/25	0.3755	18.024	Quarter	LENO-9	ethanol	root	Fabaceae	LENO	Amorpha	Amorpheae	LENO_002	Choctaw County	AL	yes	31.806911	-88.193998	7/2/24	Microvirga	Microvirga_sp._RSM25	86.672	83.7467	0	1489
BONA-2-Rh|nifD|consensus50|pass_mixed_possible_multitemplate	BONA-2-Rh	D19	Alnus viridis	3/6/25	0.114	5.472	Quarter	BONA-2	ethanol	rhizosphere	Betulaceae	BONA	Alnus	actinorhizal	BONA_072	NA	Alaska	yes	NA	NA	20240829	Mesorhizobium	Mesorhizobium_sp._WSM2240	87.848	84.3342	0	1616
DSNY-25-1-Rh|nifD|consensus50|pass_mixed_possible_multitemplate	DSNY-25-1-Rh	D03	Lupinus floridanus	9/18/24	1.285	61.68	Quarter	DSNY-LUFL-25	dry	rhizosphere	Fabaceae	DSNY	Lupinus	Genisteae	DSNY_025	Polk	Florida	yes	28.06355	-81.4112	20240402	Microvirga	Microvirga_sp._RSM25	86.438	83.7467	0	1530
JERC-5-3-Rh|nifD|consensus50|pass_single_dominant	JERC-5-3-Rh	D03	Vicia sativa	7/15/24	0	0	Quarter	JERC-VISA-5	dry	rhizosphere	Fabaceae	JERC	Vicia	Fabeae	JERC_012	Baker County	Georgia	no	31.189933	-84.4464909	20240320	Mesorhizobium	Mesorhizobium_sp._AaZ16	90.565	84.3995	0	1768
GUAN-9-1-Ro|nifD|consensus50|pass_mixed_possible_multitemplate	GUAN-9-1-Ro	D04	Leucaena leucocephala	1/23/25	0.568	27.264	Quarter	GUAN-9	dry	root	Fabaceae	GUAN	Leucaena	Mimosoideae	GUAN_049	Guanica	P.R	no	17.968	-66.864449	10/31/24	Microvirga	Microvirga_sp._KLBC_81	86.913	84.7911	0	1576
DELA-32-1-No|nifD|consensus50|pass_mixed_possible_multitemplate	DELA-32-1-No	D08	Amorpha fruticosa	4/4/25	58	2784	Half	DELA-32	dry	nodule	Fabaceae	DELA	Amorpha	Amorpheae	DELA_012	Green County	AL	yes	32.531129	-87.816662	8/15/24	Mesorhizobium	Mesorhizobium_sp._WSM2240	90.008	85.5744	0	1714
LENO-5-2-No|nifD|consensus50|pass_mixed_possible_multitemplate	LENO-5-2-No	D08	Amorpha fruticosa	2/25/25	42.7	2049.6	Half	LENO-5	dry	nodule	Fabaceae	LENO	Amorpha	Amorpheae	LENO_011	Choctaw County	AL	yes	31.825876	-88.182931	6/19/24	Mesorhizobium	Mesorhizobium_sp._WSM2240	90.076	85.5091	0	1731
DSNY-2-1-Rh|nifD|consensus50|pass_single_dominant	DSNY-2-1-Rh	D03	Lupinus floridanus	8/19/24	0	0	Quarter	DSNY-LUFL-2	dry	rhizosphere	Fabaceae	DSNY	Lupinus	Genisteae	DSNY_017	Polk	Florida	yes	28.056984	-81.403242	20240312	Mesorhizobium	Mesorhizobium_sp._WSM2240	90.527	85.4439	0	1740
LENO-7-2-No|nifD|consensus50|pass_single_dominant	LENO-7-2-No	D08	Amorpha fruticosa	2/5/25	1.055	50.64	Quarter	LENO-7	ethanol	nodule	Fabaceae	LENO	Amorpha	Amorpheae	LENO_012	Choctaw County	AL	yes	31.80805	-88.179966	6/25/24	Mesorhizobium	Mesorhizobium_sp._WSM2240	90.291	85.3786	0	1720
OAES-35-3-No|nifD|consensus50|pass_single_dominant	OAES-35-3-No	D11	Amorpha fruticosa	5/14/25	0	0	Quarter	OAES-35	ethanol	nodule	Fabaceae	OAES	Amorpha	Amorpheae	OAES_011_R	Washita	OK	yes	35.40049	-99.06592	8/21/24	Mesorhizobium	Mesorhizobium_sp._WSM2240	90.923	85.5744	0	1764
OAES-35-3-Ro|nifD|consensus50|pass_mixed_possible_multitemplate	OAES-35-3-Ro	D11	Amorpha fruticosa	5/14/25	0	0	Quarter	OAES-35	ethanol	root	Fabaceae	OAES	Amorpha	Amorpheae	OAES_011_R	Washita	OK	yes	35.40049	-99.06592	8/21/24	Mesorhizobium	Mesorhizobium_sp._WSM2240	89.042	85.1828	0	1701
OSBS-35-2-No|nifD|consensus50|pass_mixed_possible_multitemplate	OSBS-35-2-No	D03	Chapmannia floridana	2/26/25	1.555	74.64	Quarter	OSBS-35	dry	nodule	Fabaceae	OSBS	Chapmannia	Dalbergieae	OSBS_006	Putnam	FL	yes	NA	NA	20240611	Mesorhizobium	Mesorhizobium_sp._WSM2240	89.016	85.5744	0	1736
JERC-34-4-No|nifD|consensus50|pass_single_dominant	JERC-34-4-No	D03	Amorpha fruticosa	1/23/25	0	0	Quarter	JERC-34	dry	nodule	Fabaceae	JERC	Amorpha	Amorpheae	JERC_062	Baker County	Georgia	yes	NA	NA	20240604	Mesorhizobium	Mesorhizobium_sp._WSM2240	90.527	85.4439	0	1735
JERC-AMFR-56-1-No|nifD|consensus50|pass_single_dominant	JERC-AMFR-56-1-No	D03	Amorpha fruticosa	12/4/24	0.18	8.64	Quarter	JERC-56	dry	nodule	Fabaceae	JERC	Amorpha	Amorpheae	JERC_050	Baker County	Georgia	yes	NA	NA	20240618	Mesorhizobium	Mesorhizobium_sp._WSM2240	90.389	85.5744	0	1740
JERC-AMFU-71-1-No|nifD|consensus50|pass_mixed_possible_multitemplate	JERC-AMFU-71-1-No	D03	Amorpha fruticosa	12/4/24	0.3105	14.904	Quarter	JERC-71	dry	nodule	Fabaceae	JERC	Amorpha	Amorpheae	JERC_050	Baker County	Georgia	yes	NA	NA	20240618	Mesorhizobium	Mesorhizobium_sp._WSM2240	89.84	85.4439	0	1701
JERC-AMFU-71-1-Ro|nifD|consensus50|pass_mixed_possible_multitemplate	JERC-AMFU-71-1-Ro	D03	Amorpha fruticosa	12/4/24	0.315	15.12	Quarter	JERC-71	dry	root	Fabaceae	JERC	Amorpha	Amorpheae	JERC_050	Baker County	Georgia	yes	NA	NA	20240618	Mesorhizobium	Mesorhizobium_sp._WSM2240	88.55	85.5091	0	1640
LENO-12-3-No|nifD|consensus50|pass_mixed_possible_multitemplate	LENO-12-3-No	D08	Amorpha fruticosa	3/20/25	0	0	Quarter	LENO-12	ethanol	nodule	Fabaceae	LENO	Amorpha	Amorpheae	LENO_027	Choctaw County	AL	yes	31.817744	-88.202245	7/2/24	Microvirga	Microvirga_sp._KLBC_81	89.648	59.2689	0	1181
LENO-9-2-No|nifD|consensus50|pass_single_dominant	LENO-9-2-No	D08	Amorpha fruticosa	2/5/25	16.6	796.8	Half	LENO-9	ethanol	nodule	Fabaceae	LENO	Amorpha	Amorpheae	LENO_002	Choctaw County	AL	yes	31.806911	-88.193998	7/2/24	Mesorhizobium	Mesorhizobium_sp._WSM2240	89.687	85.4439	0	1681
LENO-9-2-Rh|nifD|consensus50|pass_single_dominant	LENO-9-2-Rh	D08	Amorpha fruticosa	2/5/25	0.249	11.952	Quarter	LENO-9	ethanol	rhizosphere	Fabaceae	LENO	Amorpha	Amorpheae	LENO_002	Choctaw County	AL	yes	31.806911	-88.193998	7/2/24	Mesorhizobium	Mesorhizobium_sp._WSM2240	89.985	85.3786	0	1700
KONZ-11-1-No|nifD|consensus50|pass_mixed_possible_multitemplate	KONZ-11-1-No	D06	Amorpha canescens	9/25/24	4.015	192.72	Quarter	KONZ-11	dry	nodule	Fabaceae	KONZ	Amorpha	Amorpheae	KONZ_001	Riley	KS	yes	39.0752	-96.55571	20240711	Mesorhizobium	Mesorhizobium_sp._WSM2240	88.846	85.4439	0	1677
JERC-142-No|nifD|consensus50|pass_mixed_possible_multitemplate	JERC-142-No	D03	Centrosema virginiana	5/14/25	0.1655	7.944	Quarter	JERC-142	dry	nodule	Fabaceae	JERC	Centrosema	Phaseoleae	JERC_010	Baker County	Georgia	yes	NA	NA	20240821	Mesorhizobium	Mesorhizobium_sp._WSM2240	89.823	84.6606	0	1736
DCFS-4-No|nifD|consensus50|pass_mixed_possible_multitemplate	DCFS-4-No	D09	Oxytropis lambertii	4/23/25	1.045	50.16	Quarter	DCFS-4	dry	nodule	Fabaceae	DCFS	Oxytropis	Galegeae	DCFS_004	Stutsman	ND	yes	47.171157	99.05145	6/10/24	Mesorhizobium	Mesorhizobium_sp._WSM2240	90.031	85.1175	0	1748
OAES-8-2-No|nifD|consensus50|pass_mixed_possible_multitemplate	OAES-8-2-No	D11	Astragalus plattensis	6/25/24	1.075	51.6	Quarter	OAES-8	ethanol	nodule	Fabaceae	OAES	Astragalus	Galegeae	OAES_044_T	Washita	OK	yes	35.40431	-99.05922	4/2/24	Mesorhizobium	Mesorhizobium_maamorense	92.835	84.7258	0	1905
YELL-7-1-Ro|nifD|consensus50|pass_mixed_possible_multitemplate	YELL-7-1-Ro	D12	Astragalus sp.	4/4/25	0.6705	32.184	Quarter	YELL-7	ethanol	root	Fabaceae	YELL	Astragalus	Galegeae	YELL_016	Park County	WY	yes	NA	NA	7/11/24	Mesorhizobium	Mesorhizobium_maamorense	89.305	85.4439	0	1749
DEJU-11-1-Ro|nifD|consensus50|pass_single_dominant	DEJU-11-1-Ro	D19	Lupinus arcticus	3/26/25	11.75	564	Half	DEJU-11	ethanol	root	Fabaceae	DEJU	Lupinus	Genisteae	DEJU_006	NA	Alaska	yes	NA	NA	NA	Microvirga	Microvirga_sp._KLBC_81	90.909	85.4439	0	1759
TALL-13-3-No|nifD|consensus50|pass_single_dominant	TALL-13-3-No	D08	Robinia pseudoacacia	3/28/25	13.35	640.8	Half	TALL-13	dry	nodule	Fabaceae	TALL	Robinia	Robinieae	TALL_001	Hale County	AL	yes	32.975212	-87.436315	8/22/24	Microvirga	Microvirga_sp._KLBC_81	91.159	85.6397	0	1781
TALL-85-1-Ro|nifD|consensus50|pass_mixed_possible_multitemplate	TALL-85-1-Ro	D08	Rhynchosia reniformis	4/2/25	6.83	327.84	Half	TALL-85	NA	root	Fabaceae	TALL	Rhynchosia	Phaseoleae	TALL_003	Bibb County	AL	yes	32.893415	-87.41527	9/16/24	Microvirga	Microvirga_sp._RSM25	87.679	59.3342	0	1099
TALL-90-1-No|nifD|consensus50|pass_mixed_possible_multitemplate	TALL-90-1-No	D08	Morella caroliniensis	4/2/25	7.155	343.44	Half	TALL-90	ethanol	nodule	Myricaceae	TALL	Morella	actinorhizal	TALL_032	Hale County	AL	yes	32.910379	-87.420687	9/19/24	Microvirga	Microvirga_sp._KLBC_81	89.755	85.3786	0	1712
DEJU-55-Ro|nifD|consensus50|pass_mixed_possible_multitemplate	DEJU-55-Ro	D19	Alnus viridis	5/23/25	4.515	216.72	Quarter	DEJU-55	ethanol	root	Betulaceae	DEJU	Alnus	actinorhizal	DEJU_045	NA	Unknown	yes	NA	NA	NA	Microvirga	Microvirga_sp._KLBC_81	88.09	84.3995	0	1620
OSBS-28-1-No|nifD|consensus50|pass_mixed_possible_multitemplate	OSBS-28-1-No	D03	Galactia sp.	3/26/25	0.073	3.504	Quarter	OSBS-28	dry	nodule	Fabaceae	OSBS	Galactia	Diocleae	OSBS_031	Putnam	FL	yes	NA	NA	20240611	Microvirga	Microvirga_sp._RSM25	90.268	85.1828	0	1753
JERC-179-4-Ro|nifD|consensus50|pass_mixed_possible_multitemplate	JERC-179-4-Ro	D03	Lespedeza virginica	4/3/25	11.9	571.2	Half	JERC-179	dry	root	Fabaceae	JERC	Lespedeza	Desmodieae	JERC_050	Baker County	Georgia	yes	NA	NA	20241028	Microvirga	Microvirga_sp._KLBC_81	85.137	85.6397	0	1533
JERC-94-1-Ro|nifD|consensus50|pass_mixed_possible_multitemplate	JERC-94-1-Ro	D03	Robinia pseudoacacia	3/26/25	1.465	70.32	Quarter	JERC-94	dry	root	Fabaceae	JERC	Robinia	Robinieae	JERC_034	Baker County	Georgia	yes	31.26805556	-84.58777778	20240625	Microvirga	Microvirga_lotononidis	86.128	85.6397	0	1615
JERC-94-1-No|nifD|consensus50|pass_single_dominant	JERC-94-1-No	D03	Robinia pseudoacacia	3/26/25	14.9	715.2	Half	JERC-94	dry	nodule	Fabaceae	JERC	Robinia	Robinieae	JERC_034	Baker County	Georgia	yes	31.26805556	-84.58777778	20240625	Microvirga	Microvirga_sp._KLBC_81	91.241	85.705	0	1788
OSBS-69-1-Ro|nifD|consensus50|pass_mixed_possible_multitemplate	OSBS-69-1-Ro	D03	Lespedeza sp.	3/26/25	1.55	74.4	Quarter	OSBS-69	dry	root	Fabaceae	OSBS	Lespedeza	Desmodieae	OSBS_008	Putnam	FL	0	NA	NA	20240723	Microvirga	Microvirga_sp._KLBC_81	90.421	85.1828	0	1746
OSBS-91-1-Rh|nifD|consensus50|pass_single_dominant	OSBS-91-1-Rh	D03	Stylosanthes biflora	5/23/25	0	0	Quarter	OSBS-91	dry	rhizosphere	Fabaceae	OSBS	Stylosanthes	Dalbergieae	OSBS_031	Putnam	FL	yes	NA	NA	20240827	Microvirga	Microvirga_sp._KLBC_81	90.41	84.3995	0	1729
SCBI-5-1-No|nifD|consensus50|pass_single_dominant	SCBI-5-1-No	D02	Robinia pseudoacacia	4/24/25	20.3	974.4	Half	SCBI-5	ethanol	nodule	Fabaceae	SCBI	Robinia	Robinieae	SCBI-047	Warren	VA	yes	38.894252	-78.137193	NA	Microvirga	Microvirga_sp._KLBC_81	91.857	85.7702	0	1834
TALL-64-1-No|nifD|consensus50|pass_single_dominant	TALL-64-1-No	D08	Robinia pseudoacacia	3/21/25	0.5465	26.232	Quarter	TALL-64	dry	nodule	Fabaceae	TALL	Robinia	Robinieae	TALL_047	Bibb County	AL	yes	32.951299	-87.398914	9/3/24	Microvirga	Microvirga_sp._KLBC_81	91.857	85.7702	0	1838
TALL-64-1-Ro|nifD|consensus50|pass_mixed_possible_multitemplate	TALL-64-1-Ro	D08	Robinia pseudoacacia	3/21/25	0.162	7.776	Quarter	TALL-64	dry	root	Fabaceae	TALL	Robinia	Robinieae	TALL_047	Bibb County	AL	yes	32.951299	-87.398914	9/3/24	Microvirga	Microvirga_sp._KLBC_81	89.558	85.6397	0	1744
YELL-10-1-Ro|nifD|consensus50|pass_mixed_possible_multitemplate	YELL-10-1-Ro	D12	Astragalus sp.	4/1/25	23.7	1137.6	Half	YELL-10	ethanol	root	Fabaceae	YELL	Astragalus	Galegeae	YELL_050	Park County	WY	yes	NA	NA	9/24/24	Microvirga	Microvirga_sp._KLBC_81	88.975	84.6606	0	1714
TOOL-33-1-Ro|nifD|consensus50|pass_single_dominant	TOOL-33-1-Ro	D18	Dryas octopetala	5/23/25	1.735	83.28	Quarter	TOOL-33	ethanol	root	Rosaceae	TOOL	Dryas	actinorhizal	TOOL_011	North Slope Borough	Alaska	yes	68.62774	-149.58777	20240711	Microvirga	Microvirga_sp._KLBC_81	89.66	84.5953	0	1700
TOOL-11-Ro|nifD|consensus50|pass_mixed_possible_multitemplate	TOOL-11-Ro	D18	Astragalus umbellatus	5/2/25	0	0	Quarter	TOOL-11	ethanol	root	Fabaceae	TOOL	Astragalus	Galegeae	TOOL_032	North Slope Borough	Alaska	yes	NA	NA	20240706	Microvirga	Microvirga_sp._KLBC_81	89.008	85.5091	0	1700
TOOL-35-1-No|nifD|consensus50|pass_mixed_possible_multitemplate	TOOL-35-1-No	D18	Dryas octopetala	5/23/25	6.805	326.64	Half	TOOL-35	ethanol	nodule	Rosaceae	TOOL	Dryas	actinorhizal	TOOL_011	North Slope Borough	Alaska	yes	68.62774	-149.58777	20240711	Microvirga	Microvirga_sp._KLBC_81	89.838	84.7911	0	1755
OSBS-99-No|nifD|consensus50|pass_mixed_possible_multitemplate	OSBS-99-No	D03	Tephrosia chrysophylla	4/17/25	5.335	256.08	Half	OSBS-99	dry	nodule	Fabaceae	OSBS	Tephrosia	Millettieae	OSBS_007	Putnam	Fl	yes	NA	NA	20240919	Microvirga	Microvirga_sp._KLBC_81	89.892	84.5953	0	1760
RMNP-5-1-No|nifD|consensus50|pass_mixed_possible_multitemplate	RMNP-5-1-No	D10	Ceanothus velutinus	4/24/25	22.65	1087.2	Half	RMNP-5	dry	nodule	Rhamnaceae	RMNP	Ceanothus	actinorhizal	RMNP_016	Boulder	CO	yes	NA	NA	6/12/24	Microvirga	Microvirga_sp._RSM25	87.424	85.6397	0	1664
TOOL-12-Ro|nifD|consensus50|pass_single_dominant	TOOL-12-Ro	D18	Astragalus umbellatus	5/2/25	0.116	5.568	Quarter	TOOL-12	ethanol	root	Fabaceae	TOOL	Astragalus	Galegeae	TOOL_032	North Slope Borough	Alaska	yes	NA	NA	20240706	Mesorhizobium	Mesorhizobium_sp._WSM2240	89.092	85.5744	0	1677
TOOL-8-Ro|nifD|consensus50|pass_mixed_possible_multitemplate	TOOL-8-Ro	D18	Astragalus umbellatus	4/24/25	0.4995	23.976	Quarter	TOOL-8	ethanol	root	Fabaceae	TOOL	Astragalus	Galegeae	TOOL_032	North Slope Borough	Alaska	yes	NA	NA	20240706	Mesorhizobium	Mesorhizobium_sp._WSM2240	86.443	85.705	0	1589
TOOL-27-2-Ro|nifD|consensus50|pass_mixed_possible_multitemplate	TOOL-27-2-Ro	D18	Oxytropis campestris	5/23/25	3.205	153.84	Quarter	TOOL-27	ethanol	root	Fabaceae	TOOL	Oxytropis	Galegeae	TOOL_020	North Slope Borough	Alaska	yes	68.63757	-149.64717	20240710	Mesorhizobium	Mesorhizobium_sp._WSM2240	87.023	85.5091	0	1611
TOOL-10-No|nifD|consensus50|pass_single_dominant	TOOL-10-No	D18	Astragalus umbellatus	5/2/25	27.2	1305.6	Half	TOOL-10	ethanol	nodule	Fabaceae	TOOL	Astragalus	Galegeae	TOOL_032	North Slope Borough	Alaska	yes	NA	NA	20240706	Mesorhizobium	Mesorhizobium_sp._WSM2240	91.533	85.5744	0	1808
TOOL-8-No|nifD|consensus50|pass_single_dominant	TOOL-8-No	D18	Astragalus umbellatus	4/24/25	0.2145	10.296	Quarter	TOOL-8	ethanol	nodule	Fabaceae	TOOL	Astragalus	Galegeae	TOOL_032	North Slope Borough	Alaska	yes	NA	NA	20240706	Mesorhizobium	Mesorhizobium_sp._WSM2240	91.756	85.5091	0	1821
TOOL-9-No|nifD|consensus50|pass_single_dominant	TOOL-9-No	D18	Astragalus umbellatus	5/2/25	25.35	1216.8	Half	TOOL-9	ethanol	nodule	Fabaceae	TOOL	Astragalus	Galegeae	TOOL_032	North Slope Borough	Alaska	yes	NA	NA	20240706	Mesorhizobium	Mesorhizobium_sp._WSM2240	91.457	85.5744	0	1803
TOOL-10-Rh|nifD|consensus50|pass_mixed_possible_multitemplate	TOOL-10-Rh	D18	Astragalus umbellatus	5/2/25	0	0	Quarter	TOOL-10	ethanol	rhizosphere	Fabaceae	TOOL	Astragalus	Galegeae	TOOL_032	North Slope Borough	Alaska	yes	NA	NA	20240706	Mesorhizobium	Mesorhizobium_sp._WSM2240	89.808	85.1828	0	1733
TOOL-9-Ro|nifD|consensus50|pass_single_dominant	TOOL-9-Ro	D18	Astragalus umbellatus	5/2/25	0.254	12.192	Quarter	TOOL-9	ethanol	root	Fabaceae	TOOL	Astragalus	Galegeae	TOOL_032	North Slope Borough	Alaska	yes	NA	NA	20240706	Mesorhizobium	Mesorhizobium_sp._WSM2240	92.528	52.4151	0	1151
TOOL-14-No|nifD|consensus50|pass_single_dominant	TOOL-14-No	D18	Dryas integrifolia	5/2/25	0	0	Quarter	TOOL-14	ethanol	nodule	Rosaceae	TOOL	Dryas	actinorhizal	TOOL_002	North Slope Borough	Alaska	yes	68.63136	-149.34375	20240709	Mesorhizobium	Mesorhizobium_sp._WSM2240	90.407	85.0522	0	1746
TOOL-14-Rh|nifD|consensus50|pass_mixed_possible_multitemplate	TOOL-14-Rh	D18	Dryas integrifolia	5/2/25	0	0	Quarter	TOOL-14	ethanol	rhizosphere	Rosaceae	TOOL	Dryas	actinorhizal	TOOL_002	North Slope Borough	Alaska	yes	68.63136	-149.34375	20240709	Mesorhizobium	Mesorhizobium_sp._WSM2240	92.174	52.5457	0	1142
TOOL-16-No|nifD|consensus50|pass_mixed_possible_multitemplate	TOOL-16-No	D18	Dryas integrifolia	5/2/25	0	0	Quarter	TOOL-16	ethanol	nodule	Rosaceae	TOOL	Dryas	actinorhizal	TOOL_002	North Slope Borough	Alaska	yes	68.63136	-149.34375	20240709	Mesorhizobium	Mesorhizobium_sp._WSM2240	89.241	84.3342	0	1679
TOOL-27-2-Rh|nifD|consensus50|pass_mixed_possible_multitemplate	TOOL-27-2-Rh	D18	Oxytropis campestris	5/23/25	0	0	Quarter	TOOL-27	ethanol	rhizosphere	Fabaceae	TOOL	Oxytropis	Galegeae	TOOL_020	North Slope Borough	Alaska	yes	68.63757	-149.64717	20240710	Mesorhizobium	Mesorhizobium_sp._WSM2240	90.337	85.1175	0	1753
TOOL-11-No|nifD|consensus50|pass_mixed_possible_multitemplate	TOOL-11-No	D18	Astragalus umbellatus	5/2/25	17.2	825.6	Half	TOOL-11	ethanol	nodule	Fabaceae	TOOL	Astragalus	Galegeae	TOOL_032	North Slope Borough	Alaska	yes	NA	NA	20240706	Mesorhizobium	Mesorhizobium_sp._WSM2240	91.311	85.6397	0	1814
TOOL-12-No|nifD|consensus50|pass_mixed_possible_multitemplate	TOOL-12-No	D18	Astragalus umbellatus	5/2/25	0.147	7.056	Quarter	TOOL-12	ethanol	nodule	Fabaceae	TOOL	Astragalus	Galegeae	TOOL_032	North Slope Borough	Alaska	yes	NA	NA	20240706	Mesorhizobium	Mesorhizobium_sp._WSM2240	91.228	85.5744	0	1807
TOOL-15-No|nifD|consensus50|pass_mixed_possible_multitemplate	TOOL-15-No	D18	Dryas integrifolia	5/2/25	0	0	Quarter	TOOL-15	ethanol	nodule	Rosaceae	TOOL	Dryas	actinorhizal	TOOL_002	North Slope Borough	Alaska	yes	68.63136	-149.34375	20240709	Mesorhizobium	Mesorhizobium_sp._WSM2240	91.154	84.8564	0	1788
TOOL-24-No|nifD|consensus50|pass_mixed_possible_multitemplate	TOOL-24-No	D18	Oxytropis campestris	5/14/25	32.05	1538.4	Half	TOOL-24	ethanol	nodule	Fabaceae	TOOL	Oxytropis	Galegeae	TOOL_020	North Slope Borough	Alaska	yes	68.63757	-149.64717	20240710	Mesorhizobium	Mesorhizobium_sp._WSM2240	90.701	85.6397	0	1775
TOOL-26-Rh|nifD|consensus50|pass_mixed_possible_multitemplate	TOOL-26-Rh	D18	Oxytropis campestris	5/23/25	1.085	52.08	Quarter	TOOL-26	ethanol	rhizosphere	Fabaceae	TOOL	Oxytropis	Galegeae	TOOL_020	North Slope Borough	Alaska	yes	68.63757	-149.64717	20240710	Mesorhizobium	Mesorhizobium_sp._WSM2240	88.983	84.7258	0	1700
TOOL-21-No|nifD|consensus50|pass_single_dominant	TOOL-21-No	D18	Dryas integrifolia	5/14/25	0	0	Quarter	TOOL-21	ethanol	nodule	Rosaceae	TOOL	Dryas	actinorhizal	TOOL_003	North Slope Borough	Alaska	yes	NA	NA	20240710	Mesorhizobium	Mesorhizobium_sp._WSM2240	91.147	84.7911	0	1781
TOOL-17-Rh|nifD|consensus50|pass_single_dominant	TOOL-17-Rh	D18	Dryas integrifolia	5/14/25	0	0	Quarter	TOOL-17	ethanol	rhizosphere	Rosaceae	TOOL	Dryas	actinorhizal	TOOL_002	North Slope Borough	Alaska	yes	68.63136	-149.34375	20240709	Mesorhizobium	Mesorhizobium_sp._WSM2240	91.304	85.5744	0	1803
TOOL-22-Rh|nifD|consensus50|pass_mixed_possible_multitemplate	TOOL-22-Rh	D18	Dryas integrifolia	5/14/25	0	0	Quarter	TOOL-22	ethanol	rhizosphere	Rosaceae	TOOL	Dryas	actinorhizal	TOOL_003	North Slope Borough	Alaska	yes	NA	NA	20240710	Mesorhizobium	Mesorhizobium_sp._WSM2240	90.32	85.6397	0	1762
TOOL-18-Rh|nifD|consensus50|pass_mixed_possible_multitemplate	TOOL-18-Rh	D18	Dryas integrifolia	5/14/25	0	0	Quarter	TOOL-18	ethanol	rhizosphere	Rosaceae	TOOL	Dryas	actinorhizal	TOOL_003	North Slope Borough	Alaska	yes	NA	NA	20240710	Mesorhizobium	Mesorhizobium_sp._WSM2240	91.013	85.705	0	1788
TOOL-23-No|nifD|consensus50|pass_single_dominant	TOOL-23-No	D18	Oxytropis campestris	5/14/25	0	0	Quarter	TOOL-23	ethanol	nodule	Fabaceae	TOOL	Oxytropis	Galegeae	TOOL_020	North Slope Borough	Alaska	yes	68.63757	-149.64717	20240710	Mesorhizobium	Mesorhizobium_sp._WSM2240	91.385	84.8564	0	1790
TOOL-23-Rh|nifD|consensus50|pass_mixed_possible_multitemplate	TOOL-23-Rh	D18	Oxytropis campestris	5/14/25	0.0585	2.808	Quarter	TOOL-23	ethanol	rhizosphere	Fabaceae	TOOL	Oxytropis	Galegeae	TOOL_020	North Slope Borough	Alaska	yes	68.63757	-149.64717	20240710	Mesorhizobium	Mesorhizobium_sp._WSM2240	89.458	85.4439	0	1722
TOOL-23-Ro|nifD|consensus50|pass_single_dominant	TOOL-23-Ro	D18	Oxytropis campestris	5/14/25	1.275	61.2	Quarter	TOOL-23	ethanol	root	Fabaceae	TOOL	Oxytropis	Galegeae	TOOL_020	North Slope Borough	Alaska	yes	68.63757	-149.64717	20240710	Mesorhizobium	Mesorhizobium_sp._WSM2240	91.304	85.5744	0	1788
TOOL-24-Rh|nifD|consensus50|pass_mixed_possible_multitemplate	TOOL-24-Rh	D18	Oxytropis campestris	5/14/25	0.1815	8.712	Quarter	TOOL-24	ethanol	rhizosphere	Fabaceae	TOOL	Oxytropis	Galegeae	TOOL_020	North Slope Borough	Alaska	yes	68.63757	-149.64717	20240710	Mesorhizobium	Mesorhizobium_sp._WSM2240	90.999	85.5744	0	1794
TOOL-19-No|nifD|consensus50|pass_mixed_possible_multitemplate	TOOL-19-No	D18	Dryas integrifolia	5/14/25	0	0	Quarter	TOOL-19	ethanol	nodule	Rosaceae	TOOL	Dryas	actinorhizal	TOOL_003	North Slope Borough	Alaska	yes	NA	NA	20240710	Mesorhizobium	Mesorhizobium_sp._WSM2240	89.092	85.5744	0	1722
TOOL-21-Rh|nifD|consensus50|pass_mixed_possible_multitemplate	TOOL-21-Rh	D18	Dryas integrifolia	5/14/25	0	0	Quarter	TOOL-21	ethanol	rhizosphere	Rosaceae	TOOL	Dryas	actinorhizal	TOOL_003	North Slope Borough	Alaska	yes	NA	NA	20240710	Mesorhizobium	Mesorhizobium_sp._WSM2240	89.237	85.5091	0	1701
OAES-36-2-Rh|nifD|consensus50|pass_mixed_possible_multitemplate	OAES-36-2-Rh	D11	Melilotus officinalis	5/14/25	0	0	Quarter	OAES-36	ethanol	rhizosphere	Fabaceae	OAES	Melilotus	Trifolieae	OAES_011_R	Washita	OK	no	35.40049	-99.06592	8/21/24	Microvirga	Microvirga_sp._RSM25	84.263	85.4439	0	1430
RMNP-2-Ro|nifD|consensus50|pass_mixed_possible_multitemplate	RMNP-2-Ro	D10	Thermopsis divaricarpa	4/24/25	0.462	22.176	Quarter	RMNP-2	dry	root	Fabaceae	RMNP	Thermopsis	Sophoreae	RMNP_016	Boulder	CO	yes	NA	NA	6/11/24	Mesorhizobium	Mesorhizobium_sp._WSM2240	86.87	85.5091	0	1526
OSBS-102-1-No|nifD|consensus50|pass_mixed_possible_multitemplate	OSBS-102-1-No	D03	Desmodium strictum	4/17/25	5.73	275.04	Half	OSBS-102	dry	nodule	Fabaceae	OSBS	Desmodium	Desmodieae	OSBS_005	Putnam	Fl	yes	29.6958648	-82.0266737	20240919	Mesorhizobium	Mesorhizobium_sp._WSM2240	85.66	85.5744	0	1548
TOOL-15-Ro|nifD|consensus50|pass_mixed_possible_multitemplate	TOOL-15-Ro	D18	Dryas integrifolia	5/2/25	2.255	108.24	Quarter	TOOL-15	ethanol	root	Rosaceae	TOOL	Dryas	actinorhizal	TOOL_002	North Slope Borough	Alaska	yes	68.63136	-149.34375	20240709	Mesorhizobium	Mesorhizobium_sp._WSM2240	87.066	54.5039	0	1050
TOOL-13-Rh|nifD|consensus50|pass_mixed_possible_multitemplate	TOOL-13-Rh	D18	Dryas integrifolia	5/2/25	0	0	Quarter	TOOL-13	ethanol	rhizosphere	Rosaceae	TOOL	Dryas	actinorhizal	TOOL_002	North Slope Borough	Alaska	yes	68.63136	-149.34375	20240709	Mesorhizobium	Mesorhizobium_sp._WSM2240	88.613	84.2689	0	1624
TOOL-19-Rh|nifD|consensus50|pass_single_dominant	TOOL-19-Rh	D18	Dryas integrifolia	5/14/25	0	0	Quarter	TOOL-19	ethanol	rhizosphere	Rosaceae	TOOL	Dryas	actinorhizal	TOOL_003	North Slope Borough	Alaska	yes	NA	NA	20240710	Mesorhizobium	Mesorhizobium_sp._WSM2240	88.322	84.3995	0	1559
TOOL-20-Rh|nifD|consensus50|pass_mixed_possible_multitemplate	TOOL-20-Rh	D18	Dryas integrifolia	5/14/25	0	0	Quarter	TOOL-20	ethanol	rhizosphere	Rosaceae	TOOL	Dryas	actinorhizal	TOOL_003	North Slope Borough	Alaska	yes	NA	NA	20240710	Mesorhizobium	Mesorhizobium_sp._WSM2240	89.84	85.4439	0	1718
WOOD-9-Ro|nifD|consensus50|pass_mixed_possible_multitemplate	WOOD-9-Ro	D09	Medicago sativa	4/24/25	5.63	270.24	Half	WOOD-9	ethanol	root	Fabaceae	WOOD	Medicago	Trifolieae	BARR_027	Stutsman	ND	no	47.12498	99.23862	9/23/24	Mesorhizobium	Mesorhizobium_sp._WSM2240	87.185	85.5744	0	1648
TOOL-31-Rh|nifD|consensus50|pass_mixed_possible_multitemplate	TOOL-31-Rh	D18	Dryas octopetala	5/23/25	0	0	Quarter	TOOL-31	ethanol	rhizosphere	Rosaceae	TOOL	Dryas	actinorhizal	TOOL_011	North Slope Borough	Alaska	yes	68.62774	-149.58777	20240711	Mesorhizobium	Mesorhizobium_sp._WSM2240	88.485	84.4648	0	1688
TOOL-30-No|nifD|consensus50|pass_mixed_possible_multitemplate	TOOL-30-No	D18	Dryas integrifolia	5/23/25	0	0	Quarter	TOOL-30	ethanol	nodule	Rosaceae	TOOL	Dryas	actinorhizal	Tool_041	North Slope Borough	Alaska	yes	NA	NA	20240710	Microvirga	Microvirga_sp._KLBC_81	88.177	85.5744	0	1659
TOOL-25-No|nifD|consensus50|pass_mixed_possible_multitemplate	TOOL-25-No	D18	Oxytropis campestris	5/23/25	30.1	1444.8	Half	TOOL-25	ethanol	nodule	Fabaceae	TOOL	Oxytropis	Galegeae	TOOL_020	North Slope Borough	Alaska	yes	68.63757	-149.64717	20240710	Mesorhizobium	Mesorhizobium_sp._WSM2240	91.076	85.5744	0	1792
TOOL-26-No|nifD|consensus50|pass_mixed_possible_multitemplate	TOOL-26-No	D18	Oxytropis campestris	5/23/25	13.3	638.4	Half	TOOL-26	ethanol	nodule	Fabaceae	TOOL	Oxytropis	Galegeae	TOOL_020	North Slope Borough	Alaska	yes	68.63757	-149.64717	20240710	Mesorhizobium	Mesorhizobium_sp._WSM2240	91	84.8564	0	1773
TOOL-27-2-No|nifD|consensus50|pass_mixed_possible_multitemplate	TOOL-27-2-No	D18	Oxytropis campestris	5/23/25	6.19	297.12	Half	TOOL-27	ethanol	nodule	Fabaceae	TOOL	Oxytropis	Galegeae	TOOL_020	North Slope Borough	Alaska	yes	68.63757	-149.64717	20240710	Mesorhizobium	Mesorhizobium_sp._WSM2240	90.992	85.5091	0	1792
TOOL-3-Ro|nifD|consensus50|pass_mixed_possible_multitemplate	TOOL-3-Ro	D18	Dryas octopetala	4/24/25	8.865	425.52	Half	TOOL-3	ethanol	root	Rosaceae	TOOL	Dryas	actinorhizal	TOOL_032	North Slope Borough	Alaska	yes	NA	NA	20240706	Mesorhizobium	Mesorhizobium_sp._WSM2240	89.558	85.6397	0	1760
OAES-3-1-No|nifD|consensus50|pass_mixed_possible_multitemplate	OAES-3-1-No	D11	Astragalus plattensis	6/25/24	1.715	82.32	Quarter	OAES-3	ethanol	nodule	Fabaceae	OAES	Astragalus	Galegeae	OAES_065_T	Washita	OK	yes	35.41314	-99.05573	3/27/24	Mesorhizobium	Mesorhizobium_sp._WSM2240	90.608	84.7911	0	1749
RMNP-1-No|nifD|consensus50|pass_mixed_possible_multitemplate	RMNP-1-No	D10	Thermopsis divaricarpa	4/24/25	2.99	143.52	Quarter	RMNP-1	dry	nodule	Fabaceae	RMNP	Thermopsis	Sophoreae	RMNP_019	Boulder	CO	yes	NA	NA	7/10/24	Mesorhizobium	Mesorhizobium_sp._WSM2240	90.763	85.5091	0	1772
RMNP-2-No|nifD|consensus50|pass_single_dominant	RMNP-2-No	D10	Thermopsis divaricarpa	4/24/25	9.745	467.76	Half	RMNP-2	dry	nodule	Fabaceae	RMNP	Thermopsis	Sophoreae	RMNP_016	Boulder	CO	yes	NA	NA	6/11/24	Mesorhizobium	Mesorhizobium_sp._WSM2240	90.77	85.5744	0	1764
RMNP-2-Rh|nifD|consensus50|pass_mixed_possible_multitemplate	RMNP-2-Rh	D10	Thermopsis divaricarpa	4/24/25	0	0	Quarter	RMNP-2	dry	rhizosphere	Fabaceae	RMNP	Thermopsis	Sophoreae	RMNP_016	Boulder	CO	yes	NA	NA	6/11/24	Mesorhizobium	Mesorhizobium_sp._WSM2240	90.491	85.1175	0	1742
DELA-26-3-No|nifD|consensus50|pass_mixed_possible_multitemplate	DELA-26-3-No	D08	Sesbania herbacea	4/4/25	54	2592	Half	DELA-26	dry	nodule	Fabaceae	DELA	Sesbania	Sesbanieae	DELA_025	Green County	AL	yes	32.5371	-87.80995	8/15/24	Mesorhizobium	Mesorhizobium_sp._WSM2240	87.939	85.5091	0	1605
DELA-26-3-Rh|nifD|consensus50|pass_mixed_possible_multitemplate	DELA-26-3-Rh	D08	Sesbania herbacea	4/4/25	0.251	12.048	Quarter	DELA-26	dry	rhizosphere	Fabaceae	DELA	Sesbania	Sesbanieae	DELA_025	Green County	AL	yes	32.5371	-87.80995	8/15/24	Mesorhizobium	Mesorhizobium_sp._WSM2240	87.71	85.5091	0	1605
DELA-27-3-No|nifD|consensus50|pass_mixed_possible_multitemplate	DELA-27-3-No	D08	Sesbania herbacea	4/4/25	53	2544	Half	DELA-27	dry	nodule	Fabaceae	DELA	Sesbania	Sesbanieae	DELA_003	Green County	AL	yes	32.53425	-87.81316	8/15/24	Mesorhizobium	Mesorhizobium_sp._WSM2240	87.966	85.705	0	1578
DELA-26-3-Ro|nifD|consensus50|pass_mixed_possible_multitemplate	DELA-26-3-Ro	D08	Sesbania herbacea	4/4/25	35	1680	Half	DELA-26	dry	root	Fabaceae	DELA	Sesbania	Sesbanieae	DELA_025	Green County	AL	yes	32.5371	-87.80995	8/15/24	Mesorhizobium	Mesorhizobium_sp._WSM2240	87.414	85.5744	0	1583
LAJA-4-1-No|nifD|consensus50|pass_mixed_possible_multitemplate	LAJA-4-1-No	D04	Desmanthus virgatus	3/26/25	0	0	Quarter	LAJA-4	dry	nodule	Fabaceae	LAJA	Desmanthus	Mimosoideae	LAJA_015	LAJA	P.R	yes	18.034464	-67.066822	9/27/24	Mesorhizobium	Mesorhizobium_sp._WSM2240	87.405	85.5091	0	1591
TOOL-11-Rh|nifD|consensus50|pass_mixed_possible_multitemplate	TOOL-11-Rh	D18	Astragalus umbellatus	5/2/25	0.155	7.44	Quarter	TOOL-11	ethanol	rhizosphere	Fabaceae	TOOL	Astragalus	Galegeae	TOOL_032	North Slope Borough	Alaska	yes	NA	NA	20240706	Mesorhizobium	Mesorhizobium_sp._WSM2240	91.176	55.483	0	1171
JERC-1-2-No|nifD|consensus50|pass_single_dominant	JERC-1-2-No	D03	Astragalus villosus	7/15/24	0.084	4.032	Quarter	JERC-ASVI-1	dry	nodule	Fabaceae	JERC	Astragalus	Galegeae	JERC_030	Baker County	Georgia	yes	31.184164	-84.475005	20240319	Mesorhizobium	Mesorhizobium_sp._WSM2240	90.498	85.1828	0	1731
JERC-131-No|nifD|consensus50|pass_mixed_possible_multitemplate	JERC-131-No	D03	Dalea carnea	4/8/25	0	0	Quarter	JERC-131	dry	nodule	Fabaceae	JERC	Dalea	Amorpheae	JERC_048	Baker County	Georgia	yes	NA	NA	20240807	Mesorhizobium	Mesorhizobium_sp._WSM2240	89.466	85.5091	0	1683
OSBS-38-1-No|nifD|consensus50|pass_single_dominant	OSBS-38-1-No	D03	Pediomelum canescens	2/26/25	0.953	45.744	Quarter	OSBS-38	NA	nodule	Fabaceae	OSBS	Pediomelum	Psoraleeae	OSBS_029	Putnam	FL	yes	NA	NA	20240617	Microvirga	Microvirga_sp._KLBC_81	90.236	85.5744	0	1720
JERC-42-1-No|nifD|consensus50|pass_mixed_possible_multitemplate	JERC-42-1-No	D03	Rhynchosia reniformis	1/23/25	0	0	Quarter	JERC-42	dry	nodule	Fabaceae	JERC	Rhynchosia	Phaseoleae	JERC_005	Baker County	Georgia	yes	NA	NA	20240604	Mesorhizobium	Mesorhizobium_sp._WSM2240	87.242	85.4439	0	1592
OAES-31-1-No|nifD|consensus50|pass_mixed_possible_multitemplate	OAES-31-1-No	D11	Pediomelum tenuiflorum	6/10/24	0	0	Quarter	OAES-31	ethanol	nodule	Fabaceae	OAES	Pediomelum	Psoraleeae	OAES_006_R	Washita	OK	yes	35.2517	-99.2882	4/23/24	Mesorhizobium	Mesorhizobium_sp._WSM2240	89.198	84.5953	0	1736
CLBJ-14-1-No|nifD|consensus50|pass_single_dominant	CLBJ-14-1-No	D11	Strophostyles leiosperma	6/19/24	9.205	441.84	Half	CLBJ-14	dry	nodule	Fabaceae	CLBJ	Strophostyles	Phaseoleae	CLBJ_002_T	Wise	TX	yes	33.40398	-97.57114	5/8/24	Mesorhizobium	Mesorhizobium_sp._WSM2240	89.397	85.5744	0	1672
DELA-9-1-No|nifD|consensus50|pass_single_dominant	DELA-9-1-No	D08	Amphicarpaea bracteata	3/3/25	0.171	8.208	Quarter	DELA-9	dry	nodule	Fabaceae	DELA	Amphicarpaea	Phaseoleae	DELA_016	Green County	AL	yes	32.535793	-87.808361	8/13/24	Mesorhizobium	Mesorhizobium_sp._WSM2240	89.16	85.5091	0	1639
TALL-15-2-No|nifD|consensus50|pass_single_dominant	TALL-15-2-No	D08	Strophostyles umbellata	3/28/25	2.945	141.36	Quarter	TALL-15	ethanol	nodule	Fabaceae	TALL	Strophostyles	Phaseoleae	TALL_002	Hale County	AL	yes	32.922291	-87.428794	8/22/24	Mesorhizobium	Mesorhizobium_sp._WSM2240	88.779	85.5091	0	1615
TALL-24-2-No|nifD|consensus50|pass_mixed_possible_multitemplate	TALL-24-2-No	D08	Strophostyles umbellata	4/8/25	0.0925	4.44	Quarter	TALL-24	dry	nodule	Fabaceae	TALL	Strophostyles	Phaseoleae	TALL_006	Hale County	AL	yes	32.90006	-87.44547	8/26/24	Mesorhizobium	Mesorhizobium_sp._WSM2240	88.635	85.5744	0	1620
TALL-52-1-No|nifD|consensus50|pass_single_dominant	TALL-52-1-No	D08	Strophostyles umbellata	3/20/25	0.2145	10.296	Quarter	TALL-52	NA	nodule	Fabaceae	TALL	Strophostyles	Phaseoleae	TALL_006	Hale County	AL	yes	32.898847	-87.44631	8/27/24	Mesorhizobium	Mesorhizobium_sp._WSM2240	87.596	84.7258	0	1557
CLBJ-14-1-Rh|nifD|consensus50|pass_mixed_possible_multitemplate	CLBJ-14-1-Rh	D11	Strophostyles leiosperma	6/19/24	0	0	Quarter	CLBJ-14	dry	rhizosphere	Fabaceae	CLBJ	Strophostyles	Phaseoleae	CLBJ_002_T	Wise	TX	yes	33.40398	-97.57114	5/8/24	Mesorhizobium	Mesorhizobium_sp._WSM2240	87.129	83.6815	0	1541
TALL-25-2-Ro|nifD|consensus50|pass_mixed_possible_multitemplate	TALL-25-2-Ro	D08	Chamaecrista nictitans	4/8/25	0	0	Quarter	TALL-25	dry	root	Fabaceae	TALL	Chamaecrista	Cassieae	TALL_003	Bibb County	AL	yes	32.89341	-87.415	8/26/24	Ensifer	Ensifer_aridi	82.11	85.3786	0	1303
TALL-24-2-Ro|nifD|consensus50|pass_mixed_possible_multitemplate	TALL-24-2-Ro	D08	Strophostyles umbellata	4/8/25	0.5915	28.392	Quarter	TALL-24	dry	root	Fabaceae	TALL	Strophostyles	Phaseoleae	TALL_006	Hale County	AL	yes	32.90006	-87.44547	8/26/24	Mesorhizobium	Mesorhizobium_sp._WSM2240	82.719	84.9869	0	1393
TALL-15-2-Ro|nifD|consensus50|pass_mixed_possible_multitemplate	TALL-15-2-Ro	D08	Strophostyles umbellata	3/28/25	0.2655	12.744	Quarter	TALL-15	ethanol	root	Fabaceae	TALL	Strophostyles	Phaseoleae	TALL_002	Hale County	AL	yes	32.922291	-87.428794	8/22/24	Microvirga	Microvirga_sp._KLBC_81	82.821	82.8329	0	1328
TALL-25-2-No|nifD|consensus50|pass_mixed_possible_multitemplate	TALL-25-2-No	D08	Chamaecrista nictitans	4/8/25	0.3135	15.048	Quarter	TALL-25	dry	nodule	Fabaceae	TALL	Chamaecrista	Cassieae	TALL_003	Bibb County	AL	yes	32.89341	-87.415	8/26/24	Mesorhizobium	Mesorhizobium_sp._WSM2240	81.895	85.4439	0	1314
YELL-11-No|nifD|consensus50|pass_mixed_possible_multitemplate	YELL-11-No	D12	Astragalus sp.	4/1/25	0.9745	46.776	Quarter	YELL-11	ethanol	nodule	Fabaceae	YELL	Astragalus	Galegeae	YELL_050	Park County	WY	yes	NA	NA	9/24/24	Mesorhizobium	Mesorhizobium_sp._AaZ16	86.242	83.0287	0	1483
DSNY-6-2-Rh|nifD|consensus50|pass_mixed_possible_multitemplate	DSNY-6-2-Rh	D03	Morella pumila	8/14/24	0.852	40.896	Quarter	DSNY-MOPU-6	dry	rhizosphere	Myricaceae	DSNY	Morella	actinorhizal	DSNY_004	Osceola	Florida	yes	28.09974869	-81.39996247	20240319	Mesorhizobium	Mesorhizobium_sp._WSM2240	88.503	84.5953	0	1733
OSBS-34-1-Ro|nifD|consensus50|pass_mixed_possible_multitemplate	OSBS-34-1-Ro	D03	Galactia sp.	2/26/25	0	0	Quarter	OSBS-34	dry	root	Fabaceae	OSBS	Galactia	Diocleae	OSBS_006	Putnam	FL	yes	NA	NA	20240611	Mesorhizobium	Mesorhizobium_sp._AaZ16	90.847	85.5744	0	1827
OSBS-36-4-Rh|nifD|consensus50|pass_mixed_possible_multitemplate	OSBS-36-4-Rh	D03	Tephrosia virginiana	2/26/25	0	0	Quarter	OSBS-36	NA	rhizosphere	Fabaceae	OSBS	Tephrosia	Millettieae	OSBS_006	Putnam	FL	yes	NA	NA	20240611	Mesorhizobium	Mesorhizobium_sp._WSM2240	89.499	54.6997	0	1122
OAES-18-3-No|nifD|consensus50|pass_mixed_possible_multitemplate	OAES-18-3-No	D11	Astragalus missouriensis	8/14/24	0.05	2.4	Quarter	OAES-18	ethanol	nodule	Fabaceae	OAES	Astragalus	Galegeae	OAES_003_R	Washita	OK	yes	35.41214	-99.0698	4/11/24	Mesorhizobium	Mesorhizobium_sp._AaZ16	88.657	84.5953	0	1777
OSBS-34-1-Rh|nifD|consensus50|pass_mixed_possible_multitemplate	OSBS-34-1-Rh	D03	Galactia sp.	2/26/25	0	0	Quarter	OSBS-34	dry	rhizosphere	Fabaceae	OSBS	Galactia	Diocleae	OSBS_006	Putnam	FL	yes	NA	NA	20240611	Mesorhizobium	Mesorhizobium_sp._AaZ16	90.708	85.705	0	1877
JORN-1-Ro|nifD|consensus50|pass_mixed_possible_multitemplate	JORN-1-Ro	D14	Astragalus allochrus	8/19/24	4.76	228.48	Quarter	JORN-1	dry	root	Fabaceae	JORN	Astragalus	Galegeae	JORN_002	Dona Ana	New Mexico	yes	32.607279	-106.82671	4/18/24	Mesorhizobium	Mesorhizobium_sp._AaZ16	89.777	84.9217	0	1862
CLBJ-12-2-Ro|nifD|consensus50|pass_mixed_possible_multitemplate	CLBJ-12-2-Ro	D11	Astragalus sp	6/19/24	0	0	Quarter	CLBJ-12	dry	root	Fabaceae	CLBJ	Astragalus	Galegeae	CLBJ_002_T	Wise	TX	yes	33.40398	-97.57114	5/8/24	Mesorhizobium	Mesorhizobium_sp._WSM4083	85.548	84.0078	0	1424
ORNL-14-1-Ro|nifD|consensus50|pass_single_dominant	ORNL-14-1-Ro	D07	Medicago lupulina	2/25/24	0	0	Quarter	ORNL-14	dry	root	Fabaceae	ORNL	Medicago	Trifolieae	ORNL_047	Anderson	TN	no	35.952222	-84.219444	7/11/24	Microvirga	Microvirga_sp._KLBC_81	86.966	85.6397	0	1567
ORNL-5-1-Rh|nifD|consensus50|pass_single_dominant	ORNL-5-1-Rh	D07	Elaeagnus umbellata	2/17/25	5.125	246	Quarter	ORNL-5	dry	rhizosphere	Elaeagnaceae	ORNL	Elaeagnus	actinorhizal	ORNL_021	Anderson	TN	no	35.955556	-84.221111	5/15/24	Microvirga	Microvirga_sp._KLBC_81	87.654	84.5953	0	1557
CLBJ-18-1-Ro|nifD|consensus50|pass_mixed_possible_multitemplate	CLBJ-18-1-Ro	D11	Tephrosia virginiana	6/20/24	0	0	Quarter	CLBJ-18	dry	root	Fabaceae	CLBJ	Tephrosia	Millettieae	CLBJ_003_T	Wise	TX	yes	33.403989	-97.572744	5/8/24	Microvirga	Microvirga_lotononidis	83.41	84.5953	0	1489
OAES-20-No|nifD|consensus50|pass_mixed_possible_multitemplate	OAES-20-No	D11	Dalea enneandra	6/4/24	0	0	Quarter	OAES-20	ethanol	nodule	Fabaceae	OAES	Dalea	Amorpheae	OAES_012_R	Washita	OK	yes	35.402943	-99.064829	4/16/24	Mesorhizobium	Mesorhizobium_sp._AaZ16	90.649	84.4648	0	1794
DSNY-2-1-No|nifD|consensus50|pass_mixed_possible_multitemplate	DSNY-2-1-No	D03	Lupinus floridanus	8/19/24	0	0	Quarter	DSNY-LUFL-2	dry	nodule	Fabaceae	DSNY	Lupinus	Genisteae	DSNY_017	Polk	Florida	yes	28.056984	-81.403242	20240312	Mesorhizobium	Mesorhizobium_sp._WSM2240	88.079	56.3969	0	1125
JERC-23-1-No|nifD|consensus50|pass_mixed_possible_multitemplate	JERC-23-1-No	D03	Rhynchosia reniformis	8/14/24	2.015	96.72	Quarter	JERC-RHRE-23	dry	nodule	Fabaceae	JERC	Rhynchosia	Phaseoleae	JERC_006	Baker County	Georgia	yes	NA	NA	20240529	Microvirga	Microvirga_sp._KLBC_81	86.314	83.9426	0	1489
JERC-49-2-Ro|nifD|consensus50|pass_mixed_possible_multitemplate	JERC-49-2-Ro	D03	Stylosanthes biflora	12/4/24	3.89	186.72	Quarter	JERC-49	dry	root	Fabaceae	JERC	Stylosanthes	Dalbergieae	JERC_002	Baker County	Georgia	yes	NA	NA	20240604	Microvirga	Microvirga_sp._RSM25	88.992	84.7911	0	1659
OSBS-20-1-Ro|nifD|consensus50|pass_mixed_possible_multitemplate	OSBS-20-1-Ro	D03	Rhynchosia cinerea	8/19/24	0.0725	3.48	Quarter	OSBS-RHCI-20	dry	root	Fabaceae	OSBS	Rhynchosia	Phaseoleae	OSBS_063	Putnam	FL	yes	NA	NA	20240521	Microvirga	Microvirga_sp._KLBC_81	88.538	84.8564	0	1611
DSNY-8-1-Ro|nifD|consensus50|pass_mixed_possible_multitemplate	DSNY-8-1-Ro	D03	Morella pumila	8/14/24	0.274	13.152	Quarter	DSNY-MOPU-8	dry	root	Myricaceae	DSNY	Morella	actinorhizal	DSNY_004	Osceola	Florida	yes	28.09974869	-81.39996247	20240319	Microvirga	Microvirga_sp._RSM25	88.563	84.4648	0	1646
JORN-2-1-No|nifD|consensus50|pass_mixed_possible_multitemplate	JORN-2-1-No	D14	Dalea nana	8/19/24	0.05	2.4	Quarter	JORN-2	dry	nodule	Fabaceae	JORN	Dalea	Amorpheae	JORN_044	Dona Ana	New Mexico	yes	32.35365	-106.50499	4/20/24	Microvirga	Microvirga_sp._KLBC_81	87.615	85.3786	0	1685
ORNL-13-2-Ro|nifD|consensus50|pass_mixed_possible_multitemplate	ORNL-13-2-Ro	D07	Kummerowia striata	2/25/24	1.72	82.56	Quarter	ORNL-13	dry	root	Fabaceae	ORNL	Kummerowia	Desmodieae	ORNL_047	Anderson	TN	no	35.9525	-84.219722	7/11/24	Microvirga	Microvirga_sp._RSM25	87.023	59.8564	0	1144
ORNL-20-1-Rh|nifD|consensus50|pass_mixed_possible_multitemplate	ORNL-20-1-Rh	D07	Desmodium canescens	2/25/24	3.735	179.28	Quarter	ORNL-20	dry	rhizosphere	Fabaceae	ORNL	Desmodium	Desmodieae	ORNL_032	Anderson	TN	yes	35.944444	-84.326389	7/11/24	Microvirga	Microvirga_sp._KLBC_81	90.248	84.3342	0	1736
JERC-14-5-No|nifD|consensus50|pass_mixed_possible_multitemplate	JERC-14-5-No	D03	Baptisia alba	8/14/24	1.59	76.32	Quarter	JERC-BAAL-14	dry	nodule	Fabaceae	JERC	Baptisia	Sophoreae	JERC_035	Baker County	Georgia	yes	31.184556	-84.4424173	20240402	Microvirga	Microvirga_sp._KLBC_81	88.012	84.3995	0	1640
SRER-14-1-Rh|nifD|consensus50|pass_mixed_possible_multitemplate	SRER-14-1-Rh	D14	Acmispon brachycarpus	8/19/24	0	0	Quarter	SRER-14	dry	rhizosphere	Fabaceae	SRER	Lotus	Loteae	SRER_001	Pima	Arizona	yes	31.8619	-110.81906	4/10/24	Microvirga	Microvirga_sp._KLBC_81	90.664	84.5953	0	1770
SRER-14-1-No|nifD|consensus50|pass_single_dominant	SRER-14-1-No	D14	Acmispon brachycarpus	8/19/24	0.1585	7.608	Quarter	SRER-14	dry	nodule	Fabaceae	SRER	Lotus	Loteae	SRER_001	Pima	Arizona	yes	31.8619	-110.81906	4/10/24	Microvirga	Microvirga_sp._KLBC_81	91.006	85.6397	0	1772
SRER-10-1-No|nifD|consensus50|pass_single_dominant	SRER-10-1-No	D14	Lupinus sparsiflorus	8/19/24	0	0	Quarter	SRER-10	dry	nodule	Fabaceae	SRER	Lupinus	Genisteae	SRER_006	Pima	Arizona	yes	31.47699	-110.54576	4/10/24	Microvirga	Microvirga_sp._KLBC_81	91.049	84.5953	0	1751
JERC-16-2-Rh|nifD|consensus50|pass_mixed_possible_multitemplate	JERC-16-2-Rh	D03	Crotalaria rotundifolia	8/14/24	0.232	11.136	Quarter	JERC-CRRO-16	dry	rhizosphere	Fabaceae	JERC	Crotalaria	Crotalarieae	JERC_001	Baker County	Georgia	yes	NA	NA	20240409	Microvirga	Microvirga_sp._KLBC_81	86.28	85.6397	0	1589
JORN-3-1-Rh|nifD|consensus50|pass_mixed_possible_multitemplate	JORN-3-1-Rh	D14	Dalea nana	8/19/24	0.173	8.304	Quarter	JORN-3	dry	rhizosphere	Fabaceae	JORN	Dalea	Amorpheae	JORN_044	Dona Ana	New Mexico	yes	32.35367	-106.50498	4/20/24	Microvirga	Microvirga_sp._KLBC_81	86.966	85.6397	0	1615
SRER-15-1-Rh|nifD|consensus50|pass_mixed_possible_multitemplate	SRER-15-1-Rh	D14	Astragalus nuttallianus	8/19/24	0	0	Quarter	SRER-15	dry	rhizosphere	Fabaceae	SRER	Astragalus	Galegeae	SRER_001	Pima	Arizona	yes	31.86189	-110.81892	4/10/24	Microvirga	Microvirga_sp._KLBC_81	87.568	84.53	0	1637
JERC-18-2-Ro|nifD|consensus50|pass_single_dominant	JERC-18-2-Ro	D03	Rhynchosia reniformis	8/14/24	0.992	47.616	Quarter	JERC-RHRE-18	dry	root	Fabaceae	JERC	Rhynchosia	Phaseoleae	JERC_047	Baker County	Georgia	yes	NA	NA	20240528	Microvirga	Microvirga_sp._KLBC_81	89.558	85.6397	0	1731
SRER-2-1-Rh|nifD|consensus50|pass_mixed_possible_multitemplate	SRER-2-1-Rh	D14	Acmispon brachycarpus	8/14/24	0.076	3.648	Quarter	SRER-2	dry	rhizosphere	Fabaceae	SRER	Lotus	Loteae	SRER_002	Pima	Arizona	yes	31.87051	-110.85657	4/10/24	Microvirga	Microvirga_sp._RSM25	86.433	85.6397	0	1607
JERC-16-2-Ro|nifD|consensus50|pass_single_dominant	JERC-16-2-Ro	D03	Crotalaria rotundifolia	8/14/24	0.0775	3.72	Quarter	JERC-CRRO-16	dry	root	Fabaceae	JERC	Crotalaria	Crotalarieae	JERC_001	Baker County	Georgia	yes	NA	NA	20240409	Microvirga	Microvirga_sp._RSM25	91.199	59.3342	0	1242
SRER-1-1-Rh|nifD|consensus50|pass_mixed_possible_multitemplate	SRER-1-1-Rh	D14	Acmispon strigosus	8/14/24	4.715	226.32	Quarter	SRER-1	dry	rhizosphere	Fabaceae	SRER	Lotus	Loteae	SRER_002	Pima	Arizona	yes	31.81032	-110.85676	4/10/24	Microvirga	Microvirga_sp._KLBC_81	90.3	84.7911	0	1759
SRER-1-1-Ro|nifD|consensus50|pass_mixed_possible_multitemplate	SRER-1-1-Ro	D14	Acmispon strigosus	8/14/24	0.2935	14.088	Quarter	SRER-1	dry	root	Fabaceae	SRER	Lotus	Loteae	SRER_002	Pima	Arizona	yes	31.81032	-110.85676	4/10/24	Microvirga	Microvirga_sp._KLBC_81	90.861	85.705	0	1801
SRER-1-1-No|nifD|consensus50|pass_single_dominant	SRER-1-1-No	D14	Acmispon strigosus	8/14/24	4.12	197.76	Quarter	SRER-1	dry	nodule	Fabaceae	SRER	Lotus	Loteae	SRER_002	Pima	Arizona	yes	31.81032	-110.85676	4/10/24	Microvirga	Microvirga_sp._KLBC_81	91.762	85.5744	0	1823
SRER-15-1-Ro|nifD|consensus50|pass_mixed_possible_multitemplate	SRER-15-1-Ro	D14	Astragalus nuttallianus	8/19/24	0.0535	2.568	Quarter	SRER-15	dry	root	Fabaceae	SRER	Astragalus	Galegeae	SRER_001	Pima	Arizona	yes	31.86189	-110.81892	4/10/24	Microvirga	Microvirga_sp._KLBC_81	90.41	84.3995	0	1727
SRER-15-1-No|nifD|consensus50|pass_mixed_possible_multitemplate	SRER-15-1-No	D14	Astragalus nuttallianus	8/19/24	2.16	103.68	Quarter	SRER-15	dry	nodule	Fabaceae	SRER	Astragalus	Galegeae	SRER_001	Pima	Arizona	yes	31.86189	-110.81892	4/10/24	Microvirga	Microvirga_sp._KLBC_81	90.377	84.7911	0	1760
SRER-2-1-No|nifD|consensus50|pass_single_dominant	SRER-2-1-No	D14	Acmispon brachycarpus	8/14/24	2.55	122.4	Quarter	SRER-2	dry	nodule	Fabaceae	SRER	Lotus	Loteae	SRER_002	Pima	Arizona	yes	31.87051	-110.85657	4/10/24	Microvirga	Microvirga_sp._RSM25	90.542	85.5744	0	1736
SRER-10-1-Rh|nifD|consensus50|pass_mixed_possible_multitemplate	SRER-10-1-Rh	D14	Lupinus sparsiflorus	8/19/24	12.25	588	Half	SRER-10	dry	rhizosphere	Fabaceae	SRER	Lupinus	Genisteae	SRER_006	Pima	Arizona	yes	31.47699	-110.54576	4/10/24	Microvirga	Microvirga_sp._KLBC_81	90.819	85.3133	0	1773
SRER-8-1-No|nifD|consensus50|pass_single_dominant	SRER-8-1-No	D14	Astragalus nuttallianus	8/14/24	44.25	2124	Half	SRER-8	dry	nodule	Fabaceae	SRER	Astragalus	Galegeae	SRER_005	Pima	Arizona	yes	31.4969	-110.4945	4/10/24	Microvirga	Microvirga_sp._KLBC_81	91.172	85.7702	0	1790
SRER-12-1-No|nifD|consensus50|pass_mixed_possible_multitemplate	SRER-12-1-No	D14	Acmispon brachycarpus	8/19/24	34.45	1653.6	Half	SRER-12	dry	nodule	Fabaceae	SRER	Lotus	Loteae	SRER_006	Pima	Arizona	yes	31.47697	-110.54576	4/10/24	Microvirga	Microvirga_sp._KLBC_81	90.084	85.5744	0	1786
SRER-12-1-Ro|nifD|consensus50|pass_single_dominant	SRER-12-1-Ro	D14	Acmispon brachycarpus	8/19/24	0.083	3.984	Quarter	SRER-12	dry	root	Fabaceae	SRER	Lotus	Loteae	SRER_006	Pima	Arizona	yes	31.47697	-110.54576	4/10/24	Microvirga	Microvirga_sp._KLBC_81	91.52	85.4439	0	1803
OAES-17-Rh|nifD|consensus50|pass_mixed_possible_multitemplate	OAES-17-Rh	D11	Astragalus nuttallianus var. austrina	8/14/24	0.062	2.976	Quarter	OAES-17	ethanol	rhizosphere	Fabaceae	OAES	Astragalus	Galegeae	OAES_021_R	Washita	OK	yes	35.41187	-99.07412	4/11/24	Microvirga	Microvirga_sp._KLBC_81	88.426	84.5953	0	1700
SRER-17-1-Ro|nifD|consensus50|pass_mixed_possible_multitemplate	SRER-17-1-Ro	D14	Lotus strigosus	8/19/24	57	2736	Half	SRER-17	dry	root	Fabaceae	SRER	Lotus	Loteae	SRER_003	Pima	Arizona	yes	31.84081	-110.91742	4/11/24	Microvirga	Microvirga_sp._KLBC_81	90.115	85.1828	0	1799
OSBS-18-5-Ro|nifD|consensus50|pass_mixed_possible_multitemplate	OSBS-18-5-Ro	D03	Tephrosia virginiana	8/19/24	0.1345	6.456	Quarter	OSBS-TEVI-18	dry	root	Fabaceae	OSBS	Tephrosia	Millettieae	OSBS_063	Putnam	FL	yes	NA	NA	20240521	Microvirga	Microvirga_sp._RSM25	87.78	84.3995	0	1648
SRER-5-1-Rh|nifD|consensus50|pass_single_dominant	SRER-5-1-Rh	D14	Acmispon brachycarpus	8/14/24	2.525	121.2	Quarter	SRER-5	dry	rhizosphere	Fabaceae	SRER	Lotus	Loteae	SRER_005	Pima	Arizona	yes	31.4972	-110.49448	4/10/24	Microvirga	Microvirga_sp._KLBC_81	91.455	84.7911	0	1784
SRER-5-1-Ro|nifD|consensus50|pass_mixed_possible_multitemplate	SRER-5-1-Ro	D14	Acmispon brachycarpus	8/14/24	1.315	63.12	Quarter	SRER-5	dry	root	Fabaceae	SRER	Lotus	Loteae	SRER_005	Pima	Arizona	yes	31.4972	-110.49448	4/10/24	Microvirga	Microvirga_sp._KLBC_81	90.509	84.5953	0	1759
SRER-5-1-No|nifD|consensus50|pass_mixed_possible_multitemplate	SRER-5-1-No	D14	Acmispon brachycarpus	8/14/24	11.9	571.2	Half	SRER-5	dry	nodule	Fabaceae	SRER	Lotus	Loteae	SRER_005	Pima	Arizona	yes	31.4972	-110.49448	4/10/24	Microvirga	Microvirga_sp._KLBC_81	90.335	85.7702	0	1772
SRER-7-1-Rh|nifD|consensus50|pass_mixed_possible_multitemplate	SRER-7-1-Rh	D14	Lupinus concinnus	8/14/24	3.66	175.68	Quarter	SRER-7	dry	rhizosphere	Fabaceae	SRER	Lupinus	Genisteae	SRER_005	Pima	Arizona	yes	31.4969	-110.4945	4/10/24	Microvirga	Microvirga_sp._KLBC_81	89.916	85.4439	0	1760
SRER-6-1-No|nifD|consensus50|pass_single_dominant	SRER-6-1-No	D14	Lupinus sparsiflorus	8/14/24	54.5	2616	Half	SRER-6	dry	nodule	Fabaceae	SRER	Lupinus	Genisteae	SRER_005	Pima	Arizona	yes	31.49723	-110.49428	4/10/24	Microvirga	Microvirga_sp._KLBC_81	91.324	85.7702	0	1797
SRER-6-1-Ro|nifD|consensus50|pass_single_dominant	SRER-6-1-Ro	D14	Lupinus sparsiflorus	8/14/24	11.6	556.8	Half	SRER-6	dry	root	Fabaceae	SRER	Lupinus	Genisteae	SRER_005	Pima	Arizona	yes	31.49723	-110.49428	4/10/24	Microvirga	Microvirga_sp._KLBC_81	91.442	84.6606	0	1783
SRER-3-1-No|nifD|consensus50|pass_single_dominant	SRER-3-1-No	D14	Lupinus concinnus	8/14/24	33.5	1608	Half	SRER-3	dry	nodule	Fabaceae	SRER	Lupinus	Genisteae	SRER_002	Pima	Arizona	yes	31.87047	-110.85648	4/10/24	Microvirga	Microvirga_sp._KLBC_81	91.431	85.3133	0	1799
SRER-3-1-Ro|nifD|consensus50|pass_single_dominant	SRER-3-1-Ro	D14	Lupinus concinnus	8/14/24	14.15	679.2	Half	SRER-3	dry	root	Fabaceae	SRER	Lupinus	Genisteae	SRER_002	Pima	Arizona	yes	31.87047	-110.85648	4/10/24	Microvirga	Microvirga_sp._KLBC_81	91.159	85.6397	0	1790
SRER-7-1-Ro|nifD|consensus50|pass_mixed_possible_multitemplate	SRER-7-1-Ro	D14	Lupinus concinnus	8/14/24	18.35	880.8	Half	SRER-7	dry	root	Fabaceae	SRER	Lupinus	Genisteae	SRER_005	Pima	Arizona	yes	31.4969	-110.4945	4/10/24	Microvirga	Microvirga_sp._KLBC_81	89.908	84.7258	0	1748
SRER-3-1-Rh|nifD|consensus50|pass_mixed_possible_multitemplate	SRER-3-1-Rh	D14	Lupinus concinnus	8/14/24	0.7955	38.184	Quarter	SRER-3	dry	rhizosphere	Fabaceae	SRER	Lupinus	Genisteae	SRER_002	Pima	Arizona	yes	31.87047	-110.85648	4/10/24	Microvirga	Microvirga_sp._KLBC_81	90.244	85.6397	0	1770
SRER-7-1-No|nifD|consensus50|pass_single_dominant	SRER-7-1-No	D14	Lupinus concinnus	8/14/24	57	2736	Half	SRER-7	dry	nodule	Fabaceae	SRER	Lupinus	Genisteae	SRER_005	Pima	Arizona	yes	31.4969	-110.4945	4/10/24	Microvirga	Microvirga_sp._KLBC_81	90.77	85.5744	0	1759
SRER-8-1-Ro|nifD|consensus50|pass_mixed_possible_multitemplate	SRER-8-1-Ro	D14	Astragalus nuttallianus	8/14/24	3.06	146.88	Quarter	SRER-8	dry	root	Fabaceae	SRER	Astragalus	Galegeae	SRER_005	Pima	Arizona	yes	31.4969	-110.4945	4/10/24	Microvirga	Microvirga_sp._KLBC_81	89.695	85.5091	0	1724
SRER-14-1-Ro|nifD|consensus50|pass_mixed_possible_multitemplate	SRER-14-1-Ro	D14	Acmispon brachycarpus	8/19/24	13.3	638.4	Half	SRER-14	dry	root	Fabaceae	SRER	Lotus	Loteae	SRER_001	Pima	Arizona	yes	31.8619	-110.81906	4/10/24	Microvirga	Microvirga_sp._KLBC_81	90.37	84.7258	0	1773
SRER-10-1-Ro|nifD|consensus50|pass_mixed_possible_multitemplate	SRER-10-1-Ro	D14	Lupinus sparsiflorus	8/19/24	13.8	662.4	Half	SRER-10	dry	root	Fabaceae	SRER	Lupinus	Genisteae	SRER_006	Pima	Arizona	yes	31.47699	-110.54576	4/10/24	Microvirga	Microvirga_sp._KLBC_81	89.47	84.9217	0	1727
SRER-9-1-Ro|nifD|consensus50|pass_single_dominant	SRER-9-1-Ro	D14	Lupinus concinnus	8/19/24	10.6	508.8	Half	SRER-9	dry	root	Fabaceae	SRER	Lupinus	Genisteae	SRER_006	Pima	Arizona	yes	31.47733	-110.54604	4/10/24	Microvirga	Microvirga_sp._KLBC_81	91.082	85.6397	0	1775
SRER-17-1-No|nifD|consensus50|pass_single_dominant	SRER-17-1-No	D14	Lotus strigosus	8/19/24	31.8	1526.4	Half	SRER-17	dry	nodule	Fabaceae	SRER	Lotus	Loteae	SRER_003	Pima	Arizona	yes	31.84081	-110.91742	4/11/24	Microvirga	Microvirga_sp._KLBC_81	91.096	85.7702	0	1794
SRER-11-1-No|nifD|consensus50|pass_mixed_possible_multitemplate	SRER-11-1-No	D14	Lotus strigosus	8/19/24	0	0	Quarter	SRER-11	dry	nodule	Fabaceae	SRER	Lotus	Loteae	SRER_006	Pima	Arizona	yes	31.47699	-110.54576	4/10/24	Microvirga	Microvirga_sp._KLBC_81	89.854	84.9217	0	1738
SRER-13-1-No|nifD|consensus50|pass_single_dominant	SRER-13-1-No	D14	Lotus strigosus	8/19/24	0.085	4.08	Quarter	SRER-13	dry	nodule	Fabaceae	SRER	Lotus	Loteae	SRER_001	Pima	Arizona	yes	31.86197	-110.81906	4/10/24	Microvirga	Microvirga_sp._KLBC_81	91.324	85.7702	0	1796
SRER-13-1-Ro|nifD|consensus50|pass_single_dominant	SRER-13-1-Ro	D14	Lotus strigosus	8/19/24	0.1885	9.048	Quarter	SRER-13	dry	root	Fabaceae	SRER	Lotus	Loteae	SRER_001	Pima	Arizona	yes	31.86197	-110.81906	4/10/24	Microvirga	Microvirga_sp._KLBC_81	91.391	84.9217	0	1783
SRER-13-1-Rh|nifD|consensus50|pass_single_dominant	SRER-13-1-Rh	D14	Lotus strigosus	8/19/24	0.124	5.952	Quarter	SRER-13	dry	rhizosphere	Fabaceae	SRER	Lotus	Loteae	SRER_001	Pima	Arizona	yes	31.86197	-110.81906	4/10/24	Microvirga	Microvirga_sp._KLBC_81	90.909	84.7258	0	1755
SRER-18-1-Rh|nifD|consensus50|pass_single_dominant	SRER-18-1-Rh	D14	Lupinus concinnus	8/19/24	0.673	32.304	Quarter	SRER-18	dry	rhizosphere	Fabaceae	SRER	Lupinus	Genisteae	SRER_003	Pima	Arizona	yes	31.84075	-110.91726	4/11/24	Microvirga	Microvirga_sp._KLBC_81	91.161	84.9217	0	1768
SRER-18-1-Ro|nifD|consensus50|pass_single_dominant	SRER-18-1-Ro	D14	Lupinus concinnus	8/19/24	23.2	1113.6	Half	SRER-18	dry	root	Fabaceae	SRER	Lupinus	Genisteae	SRER_003	Pima	Arizona	yes	31.84075	-110.91726	4/11/24	Microvirga	Microvirga_sp._KLBC_81	90.868	85.7702	0	1766
OAES-15-No|nifD|consensus50|pass_single_dominant	OAES-15-No	D11	Astragalus crassicarpus var. crassicarpus	8/19/24	0.0855	4.104	Quarter	OAES-15	ethanol	nodule	Fabaceae	OAES	Astragalus	Galegeae	OAES_021_R	Washita	OK	yes	35.41182	-99.07327	4/11/24	Microvirga	Microvirga_sp._KLBC_81	91.314	84.9217	0	1784
OAES-15-Ro|nifD|consensus50|pass_single_dominant	OAES-15-Ro	D11	Astragalus crassicarpus var. crassicarpus	8/19/24	1.08	51.84	Quarter	OAES-15	ethanol	root	Fabaceae	OAES	Astragalus	Galegeae	OAES_021_R	Washita	OK	yes	35.41182	-99.07327	4/11/24	Microvirga	Microvirga_sp._KLBC_81	91.314	84.9217	0	1794
RMNP-3-No|nifD|consensus50|pass_mixed_possible_multitemplate	RMNP-3-No	D10	Oxytropis multiceps	4/24/25	0	0	Quarter	RMNP-3	dry	nodule	Fabaceae	RMNP	Oxytropis	Galegeae	RMNP_016	Boulder	CO	yes	NA	NA	6/11/24	Microvirga	Microvirga_sp._KLBC_81	87.405	85.5091	0	1640
OAES-21-3-No|nifD|consensus50|pass_single_dominant	OAES-21-3-No	D11	Astragalus plattensis	6/4/24	0.7035	139.293	Quarter	OAES-21	ethanol	nodule	Fabaceae	OAES	Astragalus	Galegeae	OAES_012_R	Washita	OK	yes	35.402943	-99.064829	4/16/24	Microvirga	Microvirga_sp._RSM25	91.615	84.8564	0	1797
OSBS-2-3-Rh|nifD|consensus50|pass_single_dominant	OSBS-2-3-Rh	D03	Morella cerifera	8/14/24	3.3	158.4	Quarter	OSBS-MOCE-2	dry	rhizosphere	Myricaceae	OSBS	Morella	actinorhizal	OSBS_011	Putnam	FL	yes	NA	NA	20240424	Microvirga	Microvirga_sp._KLBC_81	89.892	84.5953	0	1744
SRER-6-1-Rh|nifD|consensus50|pass_single_dominant	SRER-6-1-Rh	D14	Lupinus sparsiflorus	8/14/24	1.145	54.96	Quarter	SRER-6	dry	rhizosphere	Fabaceae	SRER	Lupinus	Genisteae	SRER_005	Pima	Arizona	yes	31.49723	-110.49428	4/10/24	Mesorhizobium	Mesorhizobium_sp._WSM2240	92.435	55.2219	0	1227
SRER-9-1-Rh|nifD|consensus50|pass_single_dominant	SRER-9-1-Rh	D14	Lupinus concinnus	8/19/24	3.955	189.84	Quarter	SRER-9	dry	rhizosphere	Fabaceae	SRER	Lupinus	Genisteae	SRER_006	Pima	Arizona	yes	31.47733	-110.54604	4/10/24	Mesorhizobium	Mesorhizobium_sp._WSM2240	92.317	55.2219	0	1238
JORN-2-1-Ro|nifD|consensus50|pass_mixed_possible_multitemplate	JORN-2-1-Ro	D14	Dalea nana	8/19/24	0.2515	12.072	Quarter	JORN-2	dry	root	Fabaceae	JORN	Dalea	Amorpheae	JORN_044	Dona Ana	New Mexico	yes	32.35365	-106.50499	4/20/24	Microvirga	Microvirga_sp._KLBC_81	87.827	84.7258	0	1700
SRER-4-1-Ro|nifD|consensus50|pass_mixed_possible_multitemplate	SRER-4-1-Ro	D14	Astragalus nuttallianus	8/14/24	16.65	799.2	Half	SRER-4	dry	root	Fabaceae	SRER	Astragalus	Galegeae	SRER_005	Pima	Arizona	yes	31.4972	-110.49448	4/10/24	Microvirga	Microvirga_sp._KLBC_81	87.966	85.705	0	1725
OAES-20-Ro|nifD|consensus50|pass_mixed_possible_multitemplate	OAES-20-Ro	D11	Dalea enneandra	6/4/24	0	0	Quarter	OAES-20	ethanol	root	Fabaceae	OAES	Dalea	Amorpheae	OAES_012_R	Washita	OK	yes	35.402943	-99.064829	4/16/24	Microvirga	Microvirga_sp._RSM25	87.957	85.6397	0	1700
SRER-11-1-Ro|nifD|consensus50|pass_mixed_possible_multitemplate	SRER-11-1-Ro	D14	Lotus strigosus	8/19/24	16.15	775.2	Half	SRER-11	dry	root	Fabaceae	SRER	Lotus	Loteae	SRER_006	Pima	Arizona	yes	31.47699	-110.54576	4/10/24	Mesorhizobium	Mesorhizobium_sp._AaZ16	88.72	85.6397	0	1766
JORN-3-1-Ro|nifD|consensus50|pass_mixed_possible_multitemplate	JORN-3-1-Ro	D14	Dalea nana	8/19/24	0.4755	22.824	Quarter	JORN-3	dry	root	Fabaceae	JORN	Dalea	Amorpheae	JORN_044	Dona Ana	New Mexico	yes	32.35367	-106.50498	4/20/24	Mesorhizobium	Mesorhizobium_sp._AaZ16	86.606	85.7702	0	1646
SRER-16-1-Rh|nifD|consensus50|pass_mixed_possible_multitemplate	SRER-16-1-Rh	D14	Astragalus nuttallianus	8/19/24	0.1265	6.072	Quarter	SRER-16	dry	rhizosphere	Fabaceae	SRER	Astragalus	Galegeae	SRER_053	Pima	Arizona	yes	31.9096	-110.83605	4/10/24	Mesorhizobium	Mesorhizobium_sp._AaZ16	89.101	85.6397	0	1770
SRER-12-1-Rh|nifD|consensus50|pass_mixed_possible_multitemplate	SRER-12-1-Rh	D14	Acmispon brachycarpus	8/19/24	0.445	21.36	Quarter	SRER-12	dry	rhizosphere	Fabaceae	SRER	Lotus	Loteae	SRER_006	Pima	Arizona	yes	31.47697	-110.54576	4/10/24	Mesorhizobium	Mesorhizobium_sp._AaZ16	90.054	84.6606	0	1775
JERC-30-3-Rh|nifD|consensus50|pass_mixed_possible_multitemplate	JERC-30-3-Rh	D03	Chamaecrista nictitans	10/2/24	0	0	Quarter	JERC-30	dry	rhizosphere	Fabaceae	JERC	Chamaecrista	Cassieae	JERC_007	Baker County	Georgia	yes	NA	NA	20240603	Microvirga	Microvirga_sp._KLBC_81	86.662	85.6397	0	1578
SRER-8-1-Rh|nifD|consensus50|pass_mixed_possible_multitemplate	SRER-8-1-Rh	D14	Astragalus nuttallianus	8/14/24	0	0	Quarter	SRER-8	dry	rhizosphere	Fabaceae	SRER	Astragalus	Galegeae	SRER_005	Pima	Arizona	yes	31.4969	-110.4945	4/10/24	Mesorhizobium	Mesorhizobium_sp._AaZ16	88.444	84.7258	0	1650
ORNL-17-1-Rh|nifD|consensus50|pass_mixed_possible_multitemplate	ORNL-17-1-Rh	D07	Albizia julibrissin	2/25/24	0.1945	9.336	Quarter	ORNL-17	dry	rhizosphere	Fabaceae	ORNL	Albizia	Mimosoideae	ORNL_032	Anderson	TN	no	35.944444	-84.326389	7/11/24	Microvirga	Microvirga_sp._KLBC_81	87.424	85.6397	0	1587
OAES-18-3-Ro|nifD|consensus50|pass_mixed_possible_multitemplate	OAES-18-3-Ro	D11	Astragalus missouriensis	8/14/24	0.096	4.608	Quarter	OAES-18	ethanol	root	Fabaceae	OAES	Astragalus	Galegeae	OAES_003_R	Washita	OK	yes	35.41214	-99.0698	4/11/24	Mesorhizobium	Mesorhizobium_sp._AaZ16	88.717	84.4648	0	1729
SRER-17-1-Rh|nifD|consensus50|pass_mixed_possible_multitemplate	SRER-17-1-Rh	D14	Lotus strigosus	8/19/24	0.258	12.384	Quarter	SRER-17	dry	rhizosphere	Fabaceae	SRER	Lotus	Loteae	SRER_003	Pima	Arizona	yes	31.84081	-110.91742	4/11/24	Mesorhizobium	Mesorhizobium_sp._WSM2240	88.159	85.4439	0	1703
JORN-4-1-Ro|nifD|consensus50|pass_mixed_possible_multitemplate	JORN-4-1-Ro	D14	Desmanthus coolyii	8/19/24	7.5	360	Half	JORN-4	dry	root	Fabaceae	JORN	Desmanthus	Mimosoideae	JORN_042	Dona Ana	New Mexico	yes	32.35411	-106.50443	4/20/24	Microvirga	Microvirga_sp._KLBC_81	89.024	85.6397	0	1760
KONA-3-1-Rh|nifD|consensus50|pass_mixed_possible_multitemplate	KONA-3-1-Rh	D06	Glycine max	2/25/25	0	0	Quarter	KONA-3	dry	rhizosphere	Fabaceae	KONA	Glycine	Glycininae	KONA_009	Riley	KS	no	39.12597	-96.64537	20240820	Microvirga	Microvirga_sp._KLBC_81	89.024	85.6397	0	1760
KONA-1-1-Ro|nifD|consensus50|pass_mixed_possible_multitemplate	KONA-1-1-Ro	D06	Glycine max	2/25/25	2.31	110.88	Quarter	KONA-1	dry	root	Fabaceae	KONA	Glycine	Glycininae	KONA_002	Riley	KS	no	39.11537	-96.63876	20240807	Microvirga	Microvirga_sp._KLBC_81	89.024	85.6397	0	1760
KONA-2-1-Rh|nifD|consensus50|pass_mixed_possible_multitemplate	KONA-2-1-Rh	D06	Glycine max	2/25/25	0	0	Quarter	KONA-2	dry	rhizosphere	Fabaceae	KONA	Glycine	Glycininae	KONA_001	Riley	KS	no	39.21604	-96.59402	20240807	Microvirga	Microvirga_sp._KLBC_81	89.024	85.6397	0	1760
KONA-2-1-Ro|nifD|consensus50|pass_mixed_possible_multitemplate	KONA-2-1-Ro	D06	Glycine max	2/25/25	33.85	1624.8	Half	KONA-2	dry	root	Fabaceae	KONA	Glycine	Glycininae	KONA_001	Riley	KS	no	39.21604	-96.59402	20240807	Microvirga	Microvirga_sp._KLBC_81	89.024	85.6397	0	1760
KONA-2-1-No|nifD|consensus50|pass_mixed_possible_multitemplate	KONA-2-1-No	D06	Glycine max	2/25/25	0	0	Half	KONA-2	dry	nodule	Fabaceae	KONA	Glycine	Glycininae	KONA_001	Riley	KS	no	39.21604	-96.59402	20240807	Microvirga	Microvirga_sp._KLBC_81	89.024	85.6397	0	1760
KONA-3-1-No|nifD|consensus50|pass_mixed_possible_multitemplate	KONA-3-1-No	D06	Glycine max	2/25/25	0	0	Half	KONA-3	dry	nodule	Fabaceae	KONA	Glycine	Glycininae	KONA_009	Riley	KS	no	39.12597	-96.64537	20240820	Microvirga	Microvirga_sp._KLBC_81	89.024	85.6397	0	1760
KONA-1-1-Rh|nifD|consensus50|pass_mixed_possible_multitemplate	KONA-1-1-Rh	D06	Glycine max	2/25/25	0.0665	3.192	Quarter	KONA-1	dry	rhizosphere	Fabaceae	KONA	Glycine	Glycininae	KONA_002	Riley	KS	no	39.11537	-96.63876	20240807	Microvirga	Microvirga_sp._KLBC_81	89.024	85.6397	0	1760
JERC-7-2-Ro|nifD|consensus50|pass_mixed_possible_multitemplate	JERC-7-2-Ro	D03	Baptisia alba	7/15/24	0	0	Quarter	JERC-BAAL-7	dry	root	Fabaceae	JERC	Baptisia	Sophoreae	JERC_008	Baker County	Georgia	yes	31.1859357	-84.4376644	20240327	Microvirga	Microvirga_sp._KLBC_81	88.186	85.6397	0	1677
OAES-22-1-Rh|nifD|consensus50|pass_mixed_possible_multitemplate	OAES-22-1-Rh	D11	Medicago minima	6/4/24	0	0	Quarter	OAES-22	ethanol	rhizosphere	Fabaceae	OAES	Medicago	Trifolieae	OAES_012_R	Washita	OK	no	35.402943	-99.064829	4/16/24	Microvirga	Microvirga_sp._RSM25	90.701	85.6397	0	1777
OAES-28-1-Ro|nifD|consensus50|pass_mixed_possible_multitemplate	OAES-28-1-Ro	D11	Astragalus missouriensis	6/10/24	0	0	Quarter	OAES-28	ethanol	root	Fabaceae	OAES	Astragalus	Galegeae	OAES_006_R	Washita	OK	yes	35.420259	-99.048669	4/17/24	Mesorhizobium	Mesorhizobium_sp._WSM2240	87.796	85.5744	0	1694
JERC-7-2-Rh|nifD|consensus50|pass_mixed_possible_multitemplate	JERC-7-2-Rh	D03	Baptisia alba	7/15/24	0	0	Quarter	JERC-BAAL-7	dry	rhizosphere	Fabaceae	JERC	Baptisia	Sophoreae	JERC_008	Baker County	Georgia	yes	31.1859357	-84.4376644	20240327	Mesorhizobium	Mesorhizobium_sp._AaZ16	88.957	85.705	0	1766
OSBS-1-2-No|nifD|consensus50|pass_mixed_possible_multitemplate	OSBS-1-2-No	D03	Morella cerifera	8/14/24	0.695	33.36	Quarter	OSBS-MOCE-1	dry	nodule	Myricaceae	OSBS	Morella	actinorhizal	OSBS_011	Putnam	FL	yes	NA	NA	20240424	Mesorhizobium	Mesorhizobium_sp._AaZ16	90.565	84.3995	0	1851
SRER-9-1-No|nifD|consensus50|pass_mixed_possible_multitemplate	SRER-9-1-No	D14	Lupinus concinnus	8/19/24	0	0	Quarter	SRER-9	dry	nodule	Fabaceae	SRER	Lupinus	Genisteae	SRER_006	Pima	Arizona	yes	31.47733	-110.54604	4/10/24	Microvirga	Microvirga_sp._KLBC_81	89.66	84.5953	0	1783
OAES-28-1-Rh|nifD|consensus50|pass_mixed_possible_multitemplate	OAES-28-1-Rh	D11	Astragalus missouriensis	6/10/24	0	0	Quarter	OAES-28	ethanol	rhizosphere	Fabaceae	OAES	Astragalus	Galegeae	OAES_006_R	Washita	OK	yes	35.420259	-99.048669	4/17/24	Microvirga	Microvirga_sp._RSM25	89.424	55.5483	0	1099
JERC-20-1-Ro|nifD|consensus50|pass_mixed_possible_multitemplate	JERC-20-1-Ro	D03	Lespedeza hirta	8/14/24	1.2	57.6	Quarter	JERC-LEHI2-20	dry	root	Fabaceae	JERC	Lespedeza	Desmodieae	JERC_006	Baker County	Georgia	yes	NA	NA	20240529	Mesorhizobium	Mesorhizobium_sp._AaZ16	86.433	85.6397	0	1679
OAES-21-3-Rh|nifD|consensus50|pass_mixed_possible_multitemplate	OAES-21-3-Rh	D11	Astragalus plattensis	6/4/24	0	0	Quarter	OAES-21	ethanol	rhizosphere	Fabaceae	OAES	Astragalus	Galegeae	OAES_012_R	Washita	OK	yes	35.402943	-99.064829	4/16/24	Mesorhizobium	Mesorhizobium_sp._AaZ16	89.092	85.5744	0	1696
JORN-4-1-Rh|nifD|consensus50|pass_mixed_possible_multitemplate	JORN-4-1-Rh	D14	Desmanthus coolyii	8/19/24	0	0	Quarter	JORN-4	dry	rhizosphere	Fabaceae	JORN	Desmanthus	Mimosoideae	JORN_042	Dona Ana	New Mexico	yes	32.35411	-106.50443	4/20/24	Mesorhizobium	Mesorhizobium_sp._AaZ16	88.966	84.5953	0	1716
OAES-30-2-No|nifD|consensus50|pass_single_dominant	OAES-30-2-No	D11	Ceanothus herbaceus	6/10/24	0	0	Quarter	OAES-30	ethanol	nodule	Rhamnaceae	OAES	Ceanothus	actinorhizal	OAES_006_R	Washita	OK	yes	35.25165	-99.2881	4/23/24	Mesorhizobium	Mesorhizobium_sp._AaZ16	93.593	85.5744	0	1975
CLBJ-1-1-No|nifD|consensus50|pass_mixed_possible_multitemplate	CLBJ-1-1-No	D11	Vicia sativa	7/9/24	48.65	2335.2	Half	CLBJ-1	dry	nodule	Fabaceae	CLBJ	Vicia	Fabeae	CLBJ_001_T	Wise	TX	no	33.23888	-97.34109	3/20/24	Rhizobium	Rhizobium_leguminosarum	93.502	85.3786	0	1997
JERC-4-1-No|nifD|consensus50|pass_mixed_possible_multitemplate	JERC-4-1-No	D03	Vicia sativa	7/15/24	0.5195	24.936	Quarter	JERC-VISA-4	dry	nodule	Fabaceae	JERC	Vicia	Fabeae	JERC_012	Baker County	Georgia	no	31.189973	-84.446402	20240320	Rhizobium	Rhizobium_sp._WSM1274	93.066	84.7258	0	1967
JERC-2-1-No|nifD|consensus50|pass_single_dominant	JERC-2-1-No	D03	Vicia sativa	7/15/24	3.865	185.52	Quarter	JERC-VISA-2	dry	nodule	Fabaceae	JERC	Vicia	Fabeae	JERC_012	Baker County	Georgia	no	31.189973	-84.446402	20240320	Rhizobium	Rhizobium_sp._SU303	94.041	85.4439	0	1986
JERC-3-1-No|nifD|consensus50|pass_single_dominant	JERC-3-1-No	D03	Vicia sativa	7/15/24	14.6	700.8	Half	JERC-VISA-3	dry	nodule	Fabaceae	JERC	Vicia	Fabeae	JERC_012	Baker County	Georgia	no	31.189973	-84.446402	20240320	Rhizobium	Rhizobium_sp._SU303	92.797	85.1828	0	1941
JERC-5-3-No|nifD|consensus50|pass_mixed_possible_multitemplate	JERC-5-3-No	D03	Vicia sativa	7/15/24	8.42	404.16	Half	JERC-VISA-5	dry	nodule	Fabaceae	JERC	Vicia	Fabeae	JERC_012	Baker County	Georgia	no	31.189933	-84.4464909	20240320	Rhizobium	Rhizobium_ruizarguesonis	90.527	85.4439	0	1829
CLBJ-3-1-No|nifD|consensus50|pass_mixed_possible_multitemplate	CLBJ-3-1-No	D11	Vicia sativa	7/9/24	2.35	112.8	Quarter	CLBJ-3	dry	nodule	Fabaceae	CLBJ	Vicia	Fabeae	CLBJ_036_R	Wise	TX	no	33.23844	-97.34788	3/20/24	Rhizobium	Rhizobium_ruizarguesonis	92.966	85.3786	0	1929
JERC-13-3-Ro|nifD|consensus50|pass_single_dominant	JERC-13-3-Ro	D03	Vicia sativa	7/15/24	5.625	270	Half	JERC-VISA-13	dry	root	Fabaceae	JERC	Vicia	Fabeae	JERC_066	Baker County	Georgia	no	NA	NA	20240327	Rhizobium	Rhizobium_ruizarguesonis	92.513	85.4439	0	1886
JERC-6-3-No|nifD|consensus50|pass_mixed_possible_multitemplate	JERC-6-3-No	D03	Vicia sativa	7/15/24	0	0	Quarter	JERC-VISA-6	dry	nodule	Fabaceae	JERC	Vicia	Fabeae	JERC_012	Baker County	Georgia	no	31.189973	-84.446402	20240320	Microvirga	Microvirga_sp._RSM25	86.443	85.705	0	1524
JERC-2-1-Rh|nifD|consensus50|pass_mixed_possible_multitemplate	JERC-2-1-Rh	D03	Vicia sativa	7/15/24	0.1035	4.968	Quarter	JERC-VISA-2	dry	rhizosphere	Fabaceae	JERC	Vicia	Fabeae	JERC_012	Baker County	Georgia	no	31.189973	-84.446402	20240320	Sinorhizobium	Sinorhizobium_chiapasense	79.176	85.5744	0	1247
JERC-3-1-Ro|nifD|consensus50|pass_mixed_possible_multitemplate	JERC-3-1-Ro	D03	Vicia sativa	7/15/24	0.4855	23.304	Quarter	JERC-VISA-3	dry	root	Fabaceae	JERC	Vicia	Fabeae	JERC_012	Baker County	Georgia	no	31.189973	-84.446402	20240320	Rhizobium	Rhizobium_ruizarguesonis	83.193	85.4439	0	1445
CLBJ-3-1-Ro|nifD|consensus50|pass_mixed_possible_multitemplate	CLBJ-3-1-Ro	D11	Vicia sativa	7/9/24	0	0	Quarter	CLBJ-3	dry	root	Fabaceae	CLBJ	Vicia	Fabeae	CLBJ_036_R	Wise	TX	no	33.23844	-97.34788	3/20/24	Microvirga	Microvirga_sp._RSM25	85.301	85.705	0	1524
JERC-11-1-No|nifD|consensus50|pass_mixed_possible_multitemplate	JERC-11-1-No	D03	Ceanothus microphyllus	7/15/24	0.0995	4.776	Quarter	JERC-CEMI-11	dry	nodule	Rhamnaceae	JERC	Ceanothus	actinorhizal	JERC_049	Baker County	Georgia	yes	NA	NA	20240327	Mesorhizobium	Mesorhizobium_sp._AaZ16	88.761	84.7911	0	1690
JERC-11-1-Rh|nifD|consensus50|pass_single_dominant	JERC-11-1-Rh	D03	Ceanothus microphyllus	7/15/24	0	0	Quarter	JERC-CEMI-11	dry	rhizosphere	Rhamnaceae	JERC	Ceanothus	actinorhizal	JERC_049	Baker County	Georgia	yes	NA	NA	20240327	Mesorhizobium	Mesorhizobium_sp._AaZ16	91.757	84.7258	0	1875
JERC-12-1-No|nifD|consensus50|pass_mixed_possible_multitemplate	JERC-12-1-No	D03	Ceanothus microphyllus	7/15/24	0.054	2.592	Quarter	JERC-CEMI-12	dry	nodule	Rhamnaceae	JERC	Ceanothus	actinorhizal	JERC_049	Baker County	Georgia	yes	NA	NA	20240327	Mesorhizobium	Mesorhizobium_sp._AaZ16	87.944	84.4648	0	1705
JERC-13-3-No|nifD|consensus50|pass_mixed_possible_multitemplate	JERC-13-3-No	D03	Vicia sativa	7/15/24	1.02	48.96	Quarter	JERC-VISA-13	dry	nodule	Fabaceae	JERC	Vicia	Fabeae	JERC_066	Baker County	Georgia	no	NA	NA	20240327	Mesorhizobium	Mesorhizobium_sp._AaZ16	87.827	84.7258	0	1707
JERC-8-2-No|nifD|consensus50|pass_single_dominant	JERC-8-2-No	D03	Ceanothus microphyllus	7/15/24	0.2285	10.968	Quarter	JERC-CEMI-8	dry	nodule	Rhamnaceae	JERC	Ceanothus	actinorhizal	JERC_004	Baker County	Georgia	yes	31.1932787	-84.4666015	20240327	Mesorhizobium	Mesorhizobium_sp._AaZ16	94.534	84.7911	0	2010
JERC-8-2-Rh|nifD|consensus50|pass_single_dominant	JERC-8-2-Rh	D03	Ceanothus microphyllus	7/15/24	0	0	Quarter	JERC-CEMI-8	dry	rhizosphere	Rhamnaceae	JERC	Ceanothus	actinorhizal	JERC_004	Baker County	Georgia	yes	31.1932787	-84.4666015	20240327	Mesorhizobium	Mesorhizobium_sp._AaZ16	93.05	84.53	0	1912
DSNY-4-1-No|nifD|consensus50|pass_mixed_possible_multitemplate	DSNY-4-1-No	D03	Morella cerifera	8/14/24	29.25	1404	Half	DSNY-MOCE-4	dry	nodule	Myricaceae	DSNY	Morella	actinorhizal	DSNY_043	Osceola	Florida	yes	28.1232 N, -81.434871 W. WGS84.	NA	20240312	Mesorhizobium	Mesorhizobium_sp._AaZ16	84.668	85.5744	0	1535
OSBS-2-3-Ro|nifD|consensus50|pass_mixed_possible_multitemplate	OSBS-2-3-Ro	D03	Morella cerifera	8/14/24	12.55	602.4	Half	OSBS-MOCE-2	dry	root	Myricaceae	OSBS	Morella	actinorhizal	OSBS_011	Putnam	FL	yes	NA	NA	20240424	Mesorhizobium	Mesorhizobium_sp._AaZ16	85.957	84.5953	0	1596
OSBS-4-3-No|nifD|consensus50|pass_mixed_possible_multitemplate	OSBS-4-3-No	D03	Morella cerifera	8/14/24	9.745	467.76	Half	OSBS-MOCE-4	dry	nodule	Myricaceae	OSBS	Morella	actinorhizal	OSBS_048	Putnam	FL	yes	NA	NA	20240424	Mesorhizobium	Mesorhizobium_sp._AaZ16	87.338	85.5744	0	1664
OSBS-5-5-No|nifD|consensus50|pass_mixed_possible_multitemplate	OSBS-5-5-No	D03	Morella cerifera	8/14/24	11.3	542.4	Half	OSBS-MOCE-5	dry	nodule	Myricaceae	OSBS	Morella	actinorhizal	OSBS_016	Putnam	FL	yes	NA	NA	20240424	Mesorhizobium	Mesorhizobium_sp._AaZ16	90.084	85.5744	0	1786
DSNY-8-1-No|nifD|consensus50|pass_mixed_possible_multitemplate	DSNY-8-1-No	D03	Morella pumila	8/14/24	36.15	1735.2	Half	DSNY-MOPU-8	dry	nodule	Myricaceae	DSNY	Morella	actinorhizal	DSNY_004	Osceola	Florida	yes	28.09974869	-81.39996247	20240319	Mesorhizobium	Mesorhizobium_sp._AaZ16	87.796	85.5744	0	1688
DELA-18-2-Ro|nifD|consensus50|pass_mixed_possible_multitemplate	DELA-18-2-Ro	D08	Galactia volubilis	3/3/25	0.4565	21.912	Quarter	DELA-18	dry	root	Fabaceae	DELA	Galactia	Diocleae	DELA_008	Green County	AL	yes	32.53861	-87.81298	8/14/24	Mesorhizobium	Mesorhizobium_sp._AaZ16	88.199	85.1828	0	1746
CLBJ-13-1-Ro|nifD|consensus50|pass_mixed_possible_multitemplate	CLBJ-13-1-Ro	D11	Lespedeza stuevei	6/19/24	0.0835	4.008	Quarter	CLBJ-13	dry	root	Fabaceae	CLBJ	Lespedeza	Desmodieae	CLBJ_002_T	Wise	TX	yes	33.40398	-97.57114	5/8/24	Mesorhizobium	Mesorhizobium_sp._AaZ16	88.253	85.5744	0	1770
OAES-34-1-Ro|nifD|consensus50|pass_mixed_possible_multitemplate	OAES-34-1-Ro	D11	Astragalus lotiflorus	6/13/24	0	0	Quarter	OAES-34	ethanol	root	Fabaceae	OAES	Astragalus	Galegeae	OAES_004_M	Washita	OK	yes	32.2479	-99.5007	4/24/24	Mesorhizobium	Mesorhizobium_sp._AaZ16	90.972	84.5953	0	1849
OAES-33-1-Ro|nifD|consensus50|pass_single_dominant	OAES-33-1-Ro	D11	Astragalus missouriensis	6/13/24	0	0	Quarter	OAES-33	ethanol	root	Fabaceae	OAES	Astragalus	Galegeae	OAES_004_R	Washita	OK	yes	35.41213	-99.085338	4/24/24	Mesorhizobium	Mesorhizobium_sp._AaZ16	94.504	85.5091	0	2058
CLBJ-23-1-Rh|nifD|consensus50|pass_mixed_possible_multitemplate	CLBJ-23-1-Rh	D11	Acmispon americanus	6/20/24	0.069	3.312	Quarter	CLBJ-23	dry	rhizosphere	Fabaceae	CLBJ	Acmispon	Loteae	CLBJ_003_T	Wise	TX	yes	33.403989	-97.572744	5/8/24	Mesorhizobium	Mesorhizobium_sp._AaZ16	84.756	85.6397	0	1594
OAES-6-1-No|nifD|consensus50|pass_mixed_possible_multitemplate	OAES-6-1-No	D11	Astragalus nuttallianus var. austrinus	6/25/24	32.4	1555.2	Half	OAES-6	ethanol	nodule	Fabaceae	OAES	Astragalus	Galegeae	OAES_043_T	Washita	OK	yes	35.40511	-99.05857	4/2/24	Mesorhizobium	Mesorhizobium_sp._AaZ16	93.159	84.9217	0	2001
SRER-16-1-Ro|nifD|consensus50|pass_mixed_possible_multitemplate	SRER-16-1-Ro	D14	Astragalus nuttallianus	8/19/24	7.275	349.2	Half	SRER-16	dry	root	Fabaceae	SRER	Astragalus	Galegeae	SRER_053	Pima	Arizona	yes	31.9096	-110.83605	4/10/24	Mesorhizobium	Mesorhizobium_sp._AaZ16	92.901	84.5953	0	2002
DSNY-66-1-Ro|nifD|consensus50|pass_mixed_possible_multitemplate	DSNY-66-1-Ro	D03	Chamaecrista fasciculata	2/24/25	1.275	61.2	Quarter	DSNY-66	dry	root	Fabaceae	DSNY	Chamaecrista	Cassieae	DSNY_003	Polk	Florida	yes	NA	NA	20240820	Mesorhizobium	Mesorhizobium_sp._AaZ16	89.169	85.5744	0	1794
ORNL-13-2-Rh|nifD|consensus50|pass_single_dominant	ORNL-13-2-Rh	D07	Kummerowia striata	2/25/24	3.2	153.6	Quarter	ORNL-13	dry	rhizosphere	Fabaceae	ORNL	Kummerowia	Desmodieae	ORNL_047	Anderson	TN	no	35.9525	-84.219722	7/11/24	Mesorhizobium	Mesorhizobium_sp._AaZ16	94.724	54.4386	0	1323
JORN-2-1-Rh|nifD|consensus50|pass_mixed_possible_multitemplate	JORN-2-1-Rh	D14	Dalea nana	8/19/24	0	0	Quarter	JORN-2	dry	rhizosphere	Fabaceae	JORN	Dalea	Amorpheae	JORN_044	Dona Ana	New Mexico	yes	32.35365	-106.50499	4/20/24	Mesorhizobium	Mesorhizobium_sp._AaZ16	90.741	84.5953	0	1882
JORN-1-No|nifD|consensus50|pass_single_dominant	JORN-1-No	D14	Astragalus allochrus	8/19/24	0.594	28.512	Quarter	JORN-1	dry	nodule	Fabaceae	JORN	Astragalus	Galegeae	JORN_002	Dona Ana	New Mexico	yes	32.607279	-106.82671	4/18/24	Mesorhizobium	Mesorhizobium_sp._AaZ16	98.02	85.705	0	2285
OAES-33-1-No|nifD|consensus50|pass_single_dominant	OAES-33-1-No	D11	Astragalus missouriensis	6/13/24	0.4725	93.555	Quarter	OAES-33	ethanol	nodule	Fabaceae	OAES	Astragalus	Galegeae	OAES_004_R	Washita	OK	yes	35.41213	-99.085338	4/24/24	Mesorhizobium	Mesorhizobium_sp._AaZ16	96.387	84.9217	0	2185
OAES-32-1-No|nifD|consensus50|pass_single_dominant	OAES-32-1-No	D11	Astragalus nuttallianus var. austrinus	6/10/24	1.985	393.03	Half	OAES-32	ethanol	nodule	Fabaceae	OAES	Astragalus	Galegeae	OAES_006_R	Washita	OK	yes	35.2455	-99.04049	4/24/24	Mesorhizobium	Mesorhizobium_sp._AaZ16	97.411	85.705	0	2248
OAES-17-Ro|nifD|consensus50|pass_single_dominant	OAES-17-Ro	D11	Astragalus nuttallianus var. austrina	8/14/24	0.367	17.616	Quarter	OAES-17	ethanol	root	Fabaceae	OAES	Astragalus	Galegeae	OAES_021_R	Washita	OK	yes	35.41187	-99.07412	4/11/24	Mesorhizobium	Mesorhizobium_sp._AaZ16	97.412	85.7702	0	2237
SRER-16-1-No|nifD|consensus50|pass_single_dominant	SRER-16-1-No	D14	Astragalus nuttallianus	8/19/24	0	0	Quarter	SRER-16	dry	nodule	Fabaceae	SRER	Astragalus	Galegeae	SRER_053	Pima	Arizona	yes	31.9096	-110.83605	4/10/24	Mesorhizobium	Mesorhizobium_sp._AaZ16	97.182	85.705	0	2228
OAES_24-3-No|nifD|consensus50|pass_single_dominant	OAES-24-3-No	D11	Astragalus nuttallianus var. austrinus	6/4/24	0.5235	103.653	Quarter	OAES-24	ethanol	nodule	Fabaceae	OAES	Astragalus	Galegeae	OAES_012_R	Washita	OK	yes	35.402943	-99.064829	4/16/24	Mesorhizobium	Mesorhizobium_sp._AaZ16	96.88	85.7702	0	2200
OAES-16-1-Ro|nifD|consensus50|pass_mixed_possible_multitemplate	OAES-16-1-Ro	D11	Astragalus distortus	8/14/24	0.94	45.12	Quarter	OAES-16	ethanol	root	Fabaceae	OAES	Astragalus	Galegeae	OAES_003_R	Washita	OK	yes	35.41214	-99.06981	4/11/24	Mesorhizobium	Mesorhizobium_sp._AaZ16	92.677	85.5744	0	1973
OAES-17-No|nifD|consensus50|pass_single_dominant	OAES-17-No	D11	Astragalus nuttallianus var. austrina	8/14/24	0.104	4.992	Quarter	OAES-17	ethanol	nodule	Fabaceae	OAES	Astragalus	Galegeae	OAES_021_R	Washita	OK	yes	35.41187	-99.07412	4/11/24	Mesorhizobium	Mesorhizobium_sp._AaZ16	97.227	84.7258	0	2206
SRER-4-1-No|nifD|consensus50|pass_single_dominant	SRER-4-1-No	D14	Astragalus nuttallianus	8/14/24	0.089	4.272	Quarter	SRER-4	dry	nodule	Fabaceae	SRER	Astragalus	Galegeae	SRER_005	Pima	Arizona	yes	31.4972	-110.49448	4/10/24	Mesorhizobium	Mesorhizobium_sp._AaZ16	96.954	85.705	0	2215
SRER-4-1-Rh|nifD|consensus50|pass_mixed_possible_multitemplate	SRER-4-1-Rh	D14	Astragalus nuttallianus	8/14/24	0.091	4.368	Quarter	SRER-4	dry	rhizosphere	Fabaceae	SRER	Astragalus	Galegeae	SRER_005	Pima	Arizona	yes	31.4972	-110.49448	4/10/24	Mesorhizobium	Mesorhizobium_sp._AaZ16	93.745	85.5744	0	2045
OAES-29-1-No|nifD|consensus50|pass_single_dominant	OAES-29-1-No	D11	Astragalus lotiflorus	6/10/24	0	0	Quarter	OAES-29	ethanol	nodule	Fabaceae	OAES	Astragalus	Galegeae	OAES_006_R	Washita	OK	yes	35.420259	-99.048669	4/17/24	Mesorhizobium	Mesorhizobium_sp._AaZ16	97.005	84.9869	0	2193
CLBJ-3-1-Rh|nifD|consensus50|pass_mixed_possible_multitemplate	CLBJ-3-1-Rh	D11	Vicia sativa	7/9/24	1.025	49.2	Quarter	CLBJ-3	dry	rhizosphere	Fabaceae	CLBJ	Vicia	Fabeae	CLBJ_036_R	Wise	TX	no	33.23844	-97.34788	3/20/24	Mesorhizobium	Mesorhizobium_sp._AaZ16	91.821	84.5953	0	1945
JERC-1-2-Ro|nifD|consensus50|pass_mixed_possible_multitemplate	JERC-1-2-Ro	D03	Astragalus villosus	7/15/24	0	0	Quarter	JERC-ASVI-1	dry	root	Fabaceae	JERC	Astragalus	Galegeae	JERC_030	Baker County	Georgia	yes	31.184164	-84.475005	20240319	Mesorhizobium	Mesorhizobium_sp._AaZ16	93.354	84.4648	0	1986
JERC-5-3-Ro|nifD|consensus50|pass_mixed_possible_multitemplate	JERC-5-3-Ro	D03	Vicia sativa	7/15/24	0.051	2.448	Quarter	JERC-VISA-5	dry	root	Fabaceae	JERC	Vicia	Fabeae	JERC_012	Baker County	Georgia	no	31.189933	-84.4464909	20240320	Mesorhizobium	Mesorhizobium_sp._AaZ16	88.906	84.7258	0	1799
JERC-121-Ro|nifD|consensus50|pass_mixed_possible_multitemplate	JERC-121-Ro	D03	Desmodium paniculatum	2/25/25	0.056	2.688	Quarter	JERC-121	dry	root	Fabaceae	JERC	Desmodium	Desmodieae	JERC_003	Baker County	Georgia	yes	31.19626	-84.473484	20240730	Mesorhizobium	Mesorhizobium_sp._AaZ16	91.006	85.6397	0	1877
CLBJ-2-Rh|nifD|consensus50|pass_mixed_possible_multitemplate	CLBJ-2-Rh	D11	Dalea compacta	7/9/24	0	0	Quarter	CLBJ-2	dry	rhizosphere	Fabaceae	CLBJ	Dalea	Amorpheae	CLBJ_001_T	Wise	TX	yes	33.23888	-97.34109	3/20/24	Mesorhizobium	Mesorhizobium_sp._AaZ16	94.207	85.6397	0	2084
CLBJ-5-2-No|nifD|consensus50|pass_single_dominant	CLBJ-5-2-No	D11	Astragalus lotiflorus	7/9/24	2.79	133.92	Quarter	CLBJ-5	dry	nodule	Fabaceae	CLBJ	Astragalus	Galegeae	CLBJ_036R	Wise	TX	yes	33.32951	-97.58059	3/21/24	Mesorhizobium	Mesorhizobium_sp._AaZ16	97.258	85.705	0	2233
OAES-11-1-Rh|nifD|consensus50|pass_single_dominant	OAES-11-1-Rh	D11	Astragalus latiflorus	7/9/24	0.2745	13.176	Quarter	OAES-11	ethanol	rhizosphere	Fabaceae	OAES	Astragalus	Galegeae	OAES_001_R	Washita	OK	yes	35.41269	-99.05826	4/3/24	Mesorhizobium	Mesorhizobium_sp._AaZ16	96.844	84.7911	0	2185
CLBJ-5-2-Rh|nifD|consensus50|pass_mixed_possible_multitemplate	CLBJ-5-2-Rh	D11	Astragalus lotiflorus	7/9/24	1.28	61.44	Quarter	CLBJ-5	dry	rhizosphere	Fabaceae	CLBJ	Astragalus	Galegeae	CLBJ_036R	Wise	TX	yes	33.32951	-97.58059	3/21/24	Mesorhizobium	Mesorhizobium_sp._AaZ16	94.522	84.5953	0	2076
CLBJ-5-2-Ro|nifD|consensus50|pass_mixed_possible_multitemplate	CLBJ-5-2-Ro	D11	Astragalus lotiflorus	7/9/24	0.4915	23.592	Quarter	CLBJ-5	dry	root	Fabaceae	CLBJ	Astragalus	Galegeae	CLBJ_036R	Wise	TX	yes	33.32951	-97.58059	3/21/24	Mesorhizobium	Mesorhizobium_sp._AaZ16	95.253	85.248	0	2126
OAES-11-1-No|nifD|consensus50|pass_single_dominant	OAES-11-1-No	D11	Astragalus latiflorus	7/9/24	16.75	804	Half	OAES-11	ethanol	nodule	Fabaceae	OAES	Astragalus	Galegeae	OAES_001_R	Washita	OK	yes	35.41269	-99.05826	4/3/24	Mesorhizobium	Mesorhizobium_sp._AaZ16	97.106	85.705	0	2217
OAES-23-1-No|nifD|consensus50|pass_single_dominant	OAES-23-1-No	D11	Astragalus lotiflorus	6/4/24	20.15	3989.7	Half	OAES-23	ethanol	nodule	Fabaceae	OAES	Astragalus	Galegeae	OAES_012_R	Washita	OK	yes	35.402943	-99.064829	4/16/24	Mesorhizobium	Mesorhizobium_sp._AaZ16	95.963	85.705	0	2183
CLBJ-8-1-Rh|nifD|consensus50|pass_mixed_possible_multitemplate	CLBJ-8-1-Rh	D11	Gleditsia triacanthus	6/13/24	0	0	Quarter	CLBJ-8	ethanol	rhizosphere	Fabaceae	CLBJ	Gleditsia	Gleditsieae	CLBJ_001_T	Wise	TX	yes	33.39787	-97.568339	4/30/24	Mesorhizobium	Mesorhizobium_sp._AaZ16	93.277	84.4648	0	1997
CLBJ-9-1-Rh|nifD|consensus50|pass_mixed_possible_multitemplate	CLBJ-9-1-Rh	D11	Lespedeza procumbens	6/13/24	0	0	Quarter	CLBJ-9	ethanol	rhizosphere	Fabaceae	CLBJ	Lespedeza	Desmodieae	CLBJ_001_T	Wise	TX	yes	33.39787	-97.568339	4/30/24	Mesorhizobium	Mesorhizobium_sp._AaZ16	94.729	85.4439	0	2071
OAES-26-1-Rh|nifD|consensus50|pass_mixed_possible_multitemplate	OAES-26-1-Rh	D11	Astragalus lotiflorus	6/4/24	0	0	Quarter	OAES-26	ethanol	rhizosphere	Fabaceae	OAES	Astragalus	Galegeae	OAES_007_R	Washita	OK	yes	35.419991	-99.0567264	4/17/24	Mesorhizobium	Mesorhizobium_sp._WSM2240	92.978	84.5953	0	1930
OAES-12-2-No|nifD|consensus50|pass_single_dominant	OAES-12-2-No	D11	Astragalus missouriensis	7/9/24	19.9	955.2	Half	OAES-12	ethanol	nodule	Fabaceae	OAES	Astragalus	Galegeae	OAES_001_R	Washita	OK	yes	35.41269	-99.05826	4/3/24	Mesorhizobium	Mesorhizobium_sp._AaZ16	95.388	84.9217	0	2108
OAES-12-2-Ro|nifD|consensus50|pass_single_dominant	OAES-12-2-Ro	D11	Astragalus missouriensis	7/9/24	1.025	49.2	Quarter	OAES-12	ethanol	root	Fabaceae	OAES	Astragalus	Galegeae	OAES_001_R	Washita	OK	yes	35.41269	-99.05826	4/3/24	Mesorhizobium	Mesorhizobium_sp._AaZ16	95.772	84.9217	0	2122
OAES-23-1-Ro|nifD|consensus50|pass_single_dominant	OAES-23-1-Ro	D11	Astragalus lotiflorus	6/4/24	0	0	Quarter	OAES-23	ethanol	root	Fabaceae	OAES	Astragalus	Galegeae	OAES_012_R	Washita	OK	yes	35.402943	-99.064829	4/16/24	Mesorhizobium	Mesorhizobium_sp._AaZ16	96.33	85.3786	0	2152
OAES-28-1-No|nifD|consensus50|pass_single_dominant	OAES-28-1-No	D11	Astragalus missouriensis	6/10/24	6.21	1229.58	Half	OAES-28	ethanol	nodule	Fabaceae	OAES	Astragalus	Galegeae	OAES_006_R	Washita	OK	yes	35.420259	-99.048669	4/17/24	Mesorhizobium	Mesorhizobium_sp._AaZ16	95.278	85.705	0	2121
OAES-9-1-No|nifD|consensus50|pass_single_dominant	OAES-9-1-No	D11	Astragalus missouriensis	7/9/24	0	0	Quarter	OAES-9	ethanol	nodule	Fabaceae	OAES	Astragalus	Galegeae	OAES_044_T	Washita	OK	yes	35.24131	-99.33629	4/2/24	Mesorhizobium	Mesorhizobium_sp._AaZ16	96.347	85.7702	0	2159
OAES-26-1-No|nifD|consensus50|pass_single_dominant	OAES-26-1-No	D11	Astragalus lotiflorus	6/4/24	1.915	379.17	Half	OAES-26	ethanol	nodule	Fabaceae	OAES	Astragalus	Galegeae	OAES_007_R	Washita	OK	yes	35.419991	-99.0567264	4/17/24	Mesorhizobium	Mesorhizobium_sp._AaZ16	95.347	85.5744	0	2122
OAES-34-1-No|nifD|consensus50|pass_single_dominant	OAES-34-1-No	D11	Astragalus lotiflorus	6/13/24	1.22	241.56	Quarter	OAES-34	ethanol	nodule	Fabaceae	OAES	Astragalus	Galegeae	OAES_004_M	Washita	OK	yes	32.2479	-99.5007	4/24/24	Mesorhizobium	Mesorhizobium_sp._AaZ16	96.568	85.5744	0	2174
OAES-26-1-Ro|nifD|consensus50|pass_single_dominant	OAES-26-1-Ro	D11	Astragalus lotiflorus	6/4/24	0	0	Quarter	OAES-26	ethanol	root	Fabaceae	OAES	Astragalus	Galegeae	OAES_007_R	Washita	OK	yes	35.419991	-99.0567264	4/17/24	Mesorhizobium	Mesorhizobium_sp._AaZ16	96.065	84.5953	0	2132
OAES-9-1-Rh|nifD|consensus50|pass_single_dominant	OAES-9-1-Rh	D11	Astragalus missouriensis	7/9/24	0.505	24.24	Quarter	OAES-9	ethanol	rhizosphere	Fabaceae	OAES	Astragalus	Galegeae	OAES_044_T	Washita	OK	yes	35.24131	-99.33629	4/2/24	Mesorhizobium	Mesorhizobium_sp._AaZ16	95.89	85.7702	0	2145
JERC-6-3-Rh|nifD|consensus50|pass_single_dominant	JERC-6-3-Rh	D03	Vicia sativa	7/15/24	0	0	Quarter	JERC-VISA-6	dry	rhizosphere	Fabaceae	JERC	Vicia	Fabeae	JERC_012	Baker County	Georgia	no	31.189973	-84.446402	20240320	Mesorhizobium	Mesorhizobium_sp._AaZ16	93.991	84.7258	0	2054
OAES-10-1-No|nifD|consensus50|pass_single_dominant	OAES-10-1-No	D11	Astragalus lotiflorus	7/9/24	26.4	1267.2	Half	OAES-10	ethanol	nodule	Fabaceae	OAES	Astragalus	Galegeae	OAES_044_T	Washita	OK	yes	35.24194	-99.33471	4/2/24	Mesorhizobium	Mesorhizobium_sp._AaZ16	94.897	85.705	0	2115
OAES-10-1-Ro|nifD|consensus50|pass_single_dominant	OAES-10-1-Ro	D11	Astragalus lotiflorus	7/9/24	0.065	3.12	Quarter	OAES-10	ethanol	root	Fabaceae	OAES	Astragalus	Galegeae	OAES_044_T	Washita	OK	yes	35.24194	-99.33471	4/2/24	Mesorhizobium	Mesorhizobium_sp._AaZ16	96.464	84.9217	0	2150
OAES-10-1-Rh|nifD|consensus50|pass_single_dominant	OAES-10-1-Rh	D11	Astragalus lotiflorus	7/9/24	0	0	Quarter	OAES-10	ethanol	rhizosphere	Fabaceae	OAES	Astragalus	Galegeae	OAES_044_T	Washita	OK	yes	35.24194	-99.33471	4/2/24	Mesorhizobium	Mesorhizobium_sp._AaZ16	92.49	85.1828	0	1960
OAES-32-1-Rh|nifD|consensus50|pass_single_dominant	OAES-32-1-Rh	D11	Astragalus nuttallianus var. austrinus	6/10/24	0	0	Quarter	OAES-32	ethanol	rhizosphere	Fabaceae	OAES	Astragalus	Galegeae	OAES_006_R	Washita	OK	yes	35.2455	-99.04049	4/24/24	Mesorhizobium	Mesorhizobium_sp._AaZ16	93.211	85.5744	0	2004
OAES-12-2-Rh|nifD|consensus50|pass_single_dominant	OAES-12-2-Rh	D11	Astragalus missouriensis	7/9/24	0	0	Quarter	OAES-12	ethanol	rhizosphere	Fabaceae	OAES	Astragalus	Galegeae	OAES_001_R	Washita	OK	yes	35.41269	-99.05826	4/3/24	Mesorhizobium	Mesorhizobium_sp._AaZ16	95.862	85.1828	0	2146
DELA-14-2-Rh|nifD|consensus50|pass_mixed_possible_multitemplate	DELA-14-2-Rh	D08	Desmodium perplexum	3/3/25	0	0	Quarter	DELA-14	dry	rhizosphere	Fabaceae	DELA	Desmodium	Desmodieae	DELA_008	Green County	AL	yes	32.53861	-87.81298	8/14/24	Mesorhizobium	Mesorhizobium_sp._AaZ16	93.898	85.5744	0	2073
OSBS-6-1-No|nifD|consensus50|pass_mixed_possible_multitemplate	OSBS-6-1-No	D03	Morella cerifera	8/14/24	0.1325	6.36	Quarter	OSBS-MOCE-6	dry	nodule	Myricaceae	OSBS	Morella	actinorhizal	OSBS_005	Putnam	FL	yes	NA	NA	20240424	Mesorhizobium	Mesorhizobium_sp._AaZ16	92.824	84.5953	0	2008
DSNY-75-1-Ro|nifD|consensus50|pass_mixed_possible_multitemplate	DSNY-75-1-Ro	D03	Chamaecrista nictitans	3/3/25	0	0	Quarter	DSNY-75	dry	root	Fabaceae	DSNY	Chamaecrista	Cassieae	DSNY_010	Polk	Florida	yes	28.1137669	-81.4352667	20240904	Mesorhizobium	Mesorhizobium_sp._AaZ16	89.084	85.5091	0	1836
DSNY-75-1-No|nifD|consensus50|pass_mixed_possible_multitemplate	DSNY-75-1-No	D03	Chamaecrista nictitans	3/3/25	0.0765	3.672	Quarter	DSNY-75	dry	nodule	Fabaceae	DSNY	Chamaecrista	Cassieae	DSNY_010	Polk	Florida	yes	28.1137669	-81.4352667	20240904	Mesorhizobium	Mesorhizobium_sp._AaZ16	87.414	85.5744	0	1736
DELA-12-2-Rh|nifD|consensus50|pass_mixed_possible_multitemplate	DELA-12-2-Rh	D08	Centrosema virginiana	4/4/25	0	0	Quarter	DELA-12	dry	rhizosphere	Fabaceae	DELA	Centrosema	Phaseoleae	DELA_008	Green County	AL	yes	32.53861	-87.81298	8/14/24	Mesorhizobium	Mesorhizobium_sp._AaZ16	89.863	85.6397	0	1757
ORNL-18-1-Rh|nifD|consensus50|pass_mixed_possible_multitemplate	ORNL-18-1-Rh	D07	Lespedeza repens	2/25/24	4.26	204.48	Quarter	ORNL-18	dry	rhizosphere	Fabaceae	ORNL	Lespedeza	Desmodieae	ORNL_010	Anderson	TN	yes	35.953333	-84.3325	7/11/24	Mesorhizobium	Mesorhizobium_sp._AaZ16	90.086	53.329	0	1147
LENO-3-2-Rh|nifD|consensus50|pass_mixed_possible_multitemplate	LENO-3-2-Rh	D08	Desmodium paniculatum	2/25/25	4.455	213.84	Quarter	LENO-3	dry	rhizosphere	Fabaceae	LENO	Desmodium	Desmodieae	LENO_005	Choctaw County	AL	yes	31.828025	-88.181692	6/19/24	Mesorhizobium	Mesorhizobium_sp._AaZ16	88.249	54.4386	0	1120
OSBS-12-1-Ro|nifD|consensus50|pass_mixed_possible_multitemplate	OSBS-12-1-Ro	D03	Rhynchosia reniformis	8/14/24	5.595	268.56	Half	OSBS-RHRE-12	dry	root	Fabaceae	OSBS	Rhynchosia	Phaseoleae	OSBS_036	Putnam	FL	yes	NA	NA	20240521	Mesorhizobium	Mesorhizobium_sp._AaZ16	89.855	85.5744	0	1895
OAES-9-1-Ro|nifD|consensus50|pass_mixed_possible_multitemplate	OAES-9-1-Ro	D11	Astragalus missouriensis	7/9/24	9.68	464.64	Half	OAES-9	ethanol	root	Fabaceae	OAES	Astragalus	Galegeae	OAES_044_T	Washita	OK	yes	35.24131	-99.33629	4/2/24	Mesorhizobium	Mesorhizobium_sp._AaZ16	93.288	85.5744	0	2050
DELA-14-2-Ro|nifD|consensus50|pass_mixed_possible_multitemplate	DELA-14-2-Ro	D08	Desmodium perplexum	3/3/25	0	0	Quarter	DELA-14	dry	root	Fabaceae	DELA	Desmodium	Desmodieae	DELA_008	Green County	AL	yes	32.53861	-87.81298	8/14/24	Mesorhizobium	Mesorhizobium_sp._AaZ16	91.908	85.5091	0	1969
DSNY-10-3-No|nifD|consensus50|pass_mixed_possible_multitemplate	DSNY-10-3-No	D03	Crotalaria spectabilis	8/14/24	20.9	1003.2	Half	DSNY-CRSP-10	dry	nodule	Fabaceae	DSNY	Crotalaria	Crotalarieae	DSNY_044	Osceola	Florida	no	28.1264253	-81.4359074	20240320	Mesorhizobium	Mesorhizobium_sp._AaZ16	88.129	54.4386	0	1053
DELA-15-1-Ro|nifD|consensus50|pass_mixed_possible_multitemplate	DELA-15-1-Ro	D08	Lespedeza cuneata	3/3/25	0	0	Quarter	DELA-15	dry	root	Fabaceae	DELA	Lespedeza	Desmodieae	DELA_008	Green County	AL	no	32.53861	-87.81298	8/14/24	Mesorhizobium	Mesorhizobium_sp._AaZ16	92.143	85.5744	0	1986
DSNY-74-1-Ro|nifD|consensus50|pass_mixed_possible_multitemplate	DSNY-74-1-Ro	D03	Sesbania herbacea	3/3/25	0	0	Quarter	DSNY-74	dry	root	Fabaceae	DSNY	Sesbania	Sesbanieae	DSNY_010	Polk	Florida	yes	28.1204576	-81.4390507	20240904	Mesorhizobium	Mesorhizobium_sp._AaZ16	89.71	85.6397	0	1868
OAES-11-1-Ro|nifD|consensus50|pass_mixed_possible_multitemplate	OAES-11-1-Ro	D11	Astragalus latiflorus	7/9/24	1.03	49.44	Quarter	OAES-11	ethanol	root	Fabaceae	OAES	Astragalus	Galegeae	OAES_001_R	Washita	OK	yes	35.41269	-99.05826	4/3/24	Mesorhizobium	Mesorhizobium_sp._AaZ16	91.725	84.3995	0	1930
JERC-167-Rh|nifD|consensus50|pass_mixed_possible_multitemplate	JERC-167-Rh	D03	Galactia volubilis	2/27/25	0	0	Quarter	JERC-167	dry	rhizosphere	Fabaceae	JERC	Galactia	Diocleae	JERC_019	Baker County	Georgia	yes	NA	NA	20241003	Mesorhizobium	Mesorhizobium_sp._AaZ16	89.703	85.5744	0	1812
OAES-30-2-Rh|nifD|consensus50|pass_single_dominant	OAES-30-2-Rh	D11	Ceanothus herbaceus	6/10/24	0	0	Quarter	OAES-30	ethanol	rhizosphere	Rhamnaceae	OAES	Ceanothus	actinorhizal	OAES_006_R	Washita	OK	yes	35.25165	-99.2881	4/23/24	Mesorhizobium	Mesorhizobium_sp._AaZ16	90.874	84.3995	0	1783
OAES-32-1-Ro|nifD|consensus50|pass_mixed_possible_multitemplate	OAES-32-1-Ro	D11	Astragalus nuttallianus var. austrinus	6/10/24	0	0	Quarter	OAES-32	ethanol	root	Fabaceae	OAES	Astragalus	Galegeae	OAES_006_R	Washita	OK	yes	35.2455	-99.04049	4/24/24	Mesorhizobium	Mesorhizobium_sp._AaZ16	84.832	85.6397	0	1609
DELA-13-1-Rh|nifD|consensus50|pass_mixed_possible_multitemplate	DELA-13-1-Rh	D08	Hylodesmum pauciflorum	3/3/25	0	0	Quarter	DELA-13	NA	rhizosphere	Fabaceae	DELA	Desmodium	Desmodieae	DELA_046	Green County	AL	yes	32.54141	-87.80523	8/14/24	Mesorhizobium	Mesorhizobium_sp._AaZ16	91.975	84.5953	0	1965
DSNY-75-1-Rh|nifD|consensus50|pass_mixed_possible_multitemplate	DSNY-75-1-Rh	D03	Chamaecrista nictitans	3/3/25	0	0	Quarter	DSNY-75	dry	rhizosphere	Fabaceae	DSNY	Chamaecrista	Cassieae	DSNY_010	Polk	Florida	yes	28.1137669	-81.4352667	20240904	Mesorhizobium	Mesorhizobium_sp._WSM2240	90.664	84.5953	0	1857
DELA-18-2-Rh|nifD|consensus50|pass_mixed_possible_multitemplate	DELA-18-2-Rh	D08	Galactia volubilis	3/3/25	0	0	Quarter	DELA-18	dry	rhizosphere	Fabaceae	DELA	Galactia	Diocleae	DELA_008	Green County	AL	yes	32.53861	-87.81298	8/14/24	Mesorhizobium	Mesorhizobium_sp._AaZ16	94.386	55.8094	0	1362
DELA-15-1-No|nifD|consensus50|pass_mixed_possible_multitemplate	DELA-15-1-No	D08	Lespedeza cuneata	3/3/25	0	0	Quarter	DELA-15	dry	nodule	Fabaceae	DELA	Lespedeza	Desmodieae	DELA_008	Green County	AL	no	32.53861	-87.81298	8/14/24	Mesorhizobium	Mesorhizobium_sp._AaZ16	91.076	85.5744	0	1919
DELA-15-1-Rh|nifD|consensus50|pass_mixed_possible_multitemplate	DELA-15-1-Rh	D08	Lespedeza cuneata	3/3/25	0	0	Quarter	DELA-15	dry	rhizosphere	Fabaceae	DELA	Lespedeza	Desmodieae	DELA_008	Green County	AL	no	32.53861	-87.81298	8/14/24	Mesorhizobium	Mesorhizobium_sp._AaZ16	90.389	85.5744	0	1910
DSNY-74-1-Rh|nifD|consensus50|pass_mixed_possible_multitemplate	DSNY-74-1-Rh	D03	Sesbania herbacea	3/3/25	0	0	Quarter	DSNY-74	dry	rhizosphere	Fabaceae	DSNY	Sesbania	Sesbanieae	DSNY_010	Polk	Florida	yes	28.1204576	-81.4390507	20240904	Mesorhizobium	Mesorhizobium_sp._AaZ16	93.598	85.6397	0	2067
SRER-18-1-No|nifD|consensus50|pass_mixed_possible_multitemplate	SRER-18-1-No	D14	Lupinus concinnus	8/19/24	0	0	Quarter	SRER-18	dry	nodule	Fabaceae	SRER	Lupinus	Genisteae	SRER_003	Pima	Arizona	yes	31.84075	-110.91726	4/11/24	Mesorhizobium	Mesorhizobium_sp._AaZ16	89.214	84.7258	0	1838
DSNY-76-1-Rh|nifD|consensus50|pass_mixed_possible_multitemplate	DSNY-76-1-Rh	D03	Chamaecrista fasciculata	3/3/25	0.9885	47.448	Quarter	DSNY-76	dry	rhizosphere	Fabaceae	DSNY	Chamaecrista	Cassieae	DSNY_010	Polk	Florida	yes	28.1137669	-81.4352667	20240904	Mesorhizobium	Mesorhizobium_sp._AaZ16	86.651	85.5744	0	1711
CPER-1-No|nifD|consensus50|pass_mixed_possible_multitemplate	CPER-1-No	D10	Astragalus bisulcatus	4/24/25	0	0	Quarter	CPER-1	dry	nodule	Fabaceae	CPER	Astragalus	Galegeae	CPER_012	Weld	CO	yes	NA	NA	6/13/24	Mesorhizobium	Mesorhizobium_sp._AaZ16	94.05	85.5744	0	2023
DELA-20-1-Ro|nifD|consensus50|pass_mixed_possible_multitemplate	DELA-20-1-Ro	D08	Galactia volubilis	3/3/25	0	0	Quarter	DELA-20	NA	root	Fabaceae	DELA	Galactia	Diocleae	DELA_008	Green County	AL	yes	32.53861	-87.81298	8/14/24	Mesorhizobium	Mesorhizobium_sp._AaZ16	85.213	85.6397	0	1574
JERC-12-1-Ro|nifD|consensus50|pass_mixed_possible_multitemplate	JERC-12-1-Ro	D03	Ceanothus microphyllus	7/15/24	0	0	Quarter	JERC-CEMI-12	dry	root	Rhamnaceae	JERC	Ceanothus	actinorhizal	JERC_049	Baker County	Georgia	yes	NA	NA	20240327	Mesorhizobium	Mesorhizobium_sp._AaZ16	95.305	51.436	0	1271
JERC-13-3-Rh|nifD|consensus50|pass_single_dominant	JERC-13-3-Rh	D03	Vicia sativa	7/15/24	0	0	Quarter	JERC-VISA-13	dry	rhizosphere	Fabaceae	JERC	Vicia	Fabeae	JERC_066	Baker County	Georgia	no	NA	NA	20240327	Mesorhizobium	Mesorhizobium_sp._AaZ16	92.387	50.5875	0	1164
DEJU-3-1-Ro|nifD|consensus50|pass_mixed_possible_multitemplate	DEJU-3-1-Ro	D19	Lupinus arcticus	2/25/25	2.855	137.04	Quarter	DEJU-3	ethanol	root	Fabaceae	DEJU	Lupinus	Genisteae	DEJU_014	NA	Alaska	yes	NA	NA	NA	Mesorhizobium	Mesorhizobium_sp._AaZ16	91.304	85.5744	0	1906
DELA-20-1-Rh|nifD|consensus50|pass_mixed_possible_multitemplate	DELA-20-1-Rh	D08	Galactia volubilis	3/3/25	0	0	Quarter	DELA-20	NA	rhizosphere	Fabaceae	DELA	Galactia	Diocleae	DELA_008	Green County	AL	yes	32.53861	-87.81298	8/14/24	Mesorhizobium	Mesorhizobium_sp._AaZ16	89.55	85.5744	0	1853
CLBJ-12-2-No|nifD|consensus50|pass_mixed_possible_multitemplate	CLBJ-12-2-No	D11	Astragalus sp	6/19/24	0	0	Quarter	CLBJ-12	dry	nodule	Fabaceae	CLBJ	Astragalus	Galegeae	CLBJ_002_T	Wise	TX	yes	33.40398	-97.57114	5/8/24	Mesorhizobium	Mesorhizobium_sp._AaZ16	87.232	85.3786	0	1688
OAES-20-Rh|nifD|consensus50|pass_mixed_possible_multitemplate	OAES-20-Rh	D11	Dalea enneandra	6/4/24	0	0	Quarter	OAES-20	ethanol	rhizosphere	Fabaceae	OAES	Dalea	Amorpheae	OAES_012_R	Washita	OK	yes	35.402943	-99.064829	4/16/24	Mesorhizobium	Mesorhizobium_sp._AaZ16	90.251	85.705	0	1783
OSBS-5-5-Rh|nifD|consensus50|pass_single_dominant	OSBS-5-5-Rh	D03	Morella cerifera	8/14/24	3.29	157.92	Quarter	OSBS-MOCE-5	dry	rhizosphere	Myricaceae	OSBS	Morella	actinorhizal	OSBS_016	Putnam	FL	yes	NA	NA	20240424	Mesorhizobium	Mesorhizobium_sp._AaZ16	89.799	84.4648	0	1751
OAES_24-3-Rh|nifD|consensus50|pass_mixed_possible_multitemplate	OAES-24-3-Rh	D11	Astragalus nuttallianus var. austrinus	6/4/24	0	0	Quarter	OAES-24	ethanol	rhizosphere	Fabaceae	OAES	Astragalus	Galegeae	OAES_012_R	Washita	OK	yes	35.402943	-99.064829	4/16/24	Mesorhizobium	Mesorhizobium_sp._AaZ16	92.61	84.7911	0	1977
JERC-12-1-Rh|nifD|consensus50|pass_mixed_possible_multitemplate	JERC-12-1-Rh	D03	Ceanothus microphyllus	7/15/24	0	0	Quarter	JERC-CEMI-12	dry	rhizosphere	Rhamnaceae	JERC	Ceanothus	actinorhizal	JERC_049	Baker County	Georgia	yes	NA	NA	20240327	Mesorhizobium	Mesorhizobium_sp._AaZ16	90.37	84.7258	0	1890
DELA-13-1-No|nifD|consensus50|pass_mixed_possible_multitemplate	DELA-13-1-No	D08	Hylodesmum pauciflorum	3/3/25	0	0	Quarter	DELA-13	NA	nodule	Fabaceae	DELA	Desmodium	Desmodieae	DELA_046	Green County	AL	yes	32.54141	-87.80523	8/14/24	Mesorhizobium	Mesorhizobium_sp._AaZ16	90.232	53.4595	0	1177
DELA-24-1-Rh|nifD|consensus50|pass_mixed_possible_multitemplate	DELA-24-1-Rh	D08	Desmodium perplexum	3/3/25	0	0	Quarter	DELA-24	dry	rhizosphere	Fabaceae	DELA	Desmodium	Desmodieae	DELA_041	Green County	AL	yes	32.53927	-87.80968	8/14/24	Mesorhizobium	Mesorhizobium_sp._WSM2240	86.291	85.705	0	1666
OAES-18-3-Rh|nifD|consensus50|pass_mixed_possible_multitemplate	OAES-18-3-Rh	D11	Astragalus missouriensis	8/14/24	0	0	Quarter	OAES-18	ethanol	rhizosphere	Fabaceae	OAES	Astragalus	Galegeae	OAES_003_R	Washita	OK	yes	35.41214	-99.0698	4/11/24	Mesorhizobium	Mesorhizobium_sp._AaZ16	88.435	84.6606	0	1753
OAES-25-1-Rh|nifD|consensus50|pass_mixed_possible_multitemplate	OAES-25-1-Rh	D11	Astragalus nuttallianus var. nuttallianus	6/4/24	0	0	Quarter	OAES-25	ethanol	rhizosphere	Fabaceae	OAES	Astragalus	Galegeae	OAES_007_R	Washita	OK	yes	35.419991	-99.0567264	4/17/24	Mesorhizobium	Mesorhizobium_sp._AaZ16	90.639	85.7702	0	1860
CLBJ-13-1-Rh|nifD|consensus50|pass_mixed_possible_multitemplate	CLBJ-13-1-Rh	D11	Lespedeza stuevei	6/19/24	0	0	Quarter	CLBJ-13	dry	rhizosphere	Fabaceae	CLBJ	Lespedeza	Desmodieae	CLBJ_002_T	Wise	TX	yes	33.40398	-97.57114	5/8/24	Mesorhizobium	Mesorhizobium_sp._AaZ16	89.802	85.7702	0	1844
JERC-11-1-Ro|nifD|consensus50|pass_mixed_possible_multitemplate	JERC-11-1-Ro	D03	Ceanothus microphyllus	7/15/24	0	0	Quarter	JERC-CEMI-11	dry	root	Rhamnaceae	JERC	Ceanothus	actinorhizal	JERC_049	Baker County	Georgia	yes	NA	NA	20240327	Mesorhizobium	Mesorhizobium_sp._AaZ16	90.259	85.7702	0	1845
OSBS-6-1-Ro|nifD|consensus50|pass_single_dominant	OSBS-6-1-Ro	D03	Morella cerifera	8/14/24	0.6935	33.288	Quarter	OSBS-MOCE-6	dry	root	Myricaceae	OSBS	Morella	actinorhizal	OSBS_005	Putnam	FL	yes	NA	NA	20240424	Mesorhizobium	Mesorhizobium_sp._AaZ16	93.216	85.6397	0	2002
OAES-34-1-Rh|nifD|consensus50|pass_mixed_possible_multitemplate	OAES-34-1-Rh	D11	Astragalus lotiflorus	6/13/24	0	0	Quarter	OAES-34	ethanol	rhizosphere	Fabaceae	OAES	Astragalus	Galegeae	OAES_004_M	Washita	OK	yes	32.2479	-99.5007	4/24/24	Mesorhizobium	Mesorhizobium_sp._AaZ16	92.53	85.6397	0	1969
JERC-1-2-Rh|nifD|consensus50|pass_mixed_possible_multitemplate	JERC-1-2-Rh	D03	Astragalus villosus	7/15/24	0.437	20.976	Quarter	JERC-ASVI-1	dry	rhizosphere	Fabaceae	JERC	Astragalus	Galegeae	JERC_030	Baker County	Georgia	yes	31.184164	-84.475005	20240319	Mesorhizobium	Mesorhizobium_sp._AaZ16	90.755	84.7258	0	1864
JERC-10-3-Rh|nifD|consensus50|pass_mixed_possible_multitemplate	JERC-10-3-Rh	D03	Ceanothus microphyllus	7/15/24	0	0	Quarter	JERC-CEMI-10	dry	rhizosphere	Rhamnaceae	JERC	Ceanothus	actinorhizal	JERC_055	Baker County	Georgia	yes	NA	NA	20240327	Mesorhizobium	Mesorhizobium_sp._AaZ16	88.589	84.6606	0	1757
JERC-120-Rh|nifD|consensus50|pass_mixed_possible_multitemplate	JERC-120-Rh	D03	Desmodium strictum	2/25/25	0	0	Quarter	JERC-120	dry	rhizosphere	Fabaceae	JERC	Desmodium	Desmodieae	JERC_003	Baker County	Georgia	yes	31.196419	-84.473672	20240730	Mesorhizobium	Mesorhizobium_sp._WSM2240	86.957	85.5744	0	1580
JERC-138-Rh|nifD|consensus50|pass_mixed_possible_multitemplate	JERC-138-Rh	D03	Crotalaria purshii	2/17/25	0	0	Quarter	JERC-138	dry	rhizosphere	Fabaceae	JERC	Crotalaria	Crotalarieae	JERC_031	Baker County	Georgia	yes	NA	NA	20240821	Mesorhizobium	Mesorhizobium_sp._AaZ16	88.94	85.5744	0	1722
JERC-3-1-Rh|nifD|consensus50|pass_mixed_possible_multitemplate	JERC-3-1-Rh	D03	Vicia sativa	7/15/24	0	0	Quarter	JERC-VISA-3	dry	rhizosphere	Fabaceae	JERC	Vicia	Fabeae	JERC_012	Baker County	Georgia	no	31.189973	-84.446402	20240320	Mesorhizobium	Mesorhizobium_sp._AaZ16	87.221	84.7911	0	1711
OAES-5-Ro|nifD|consensus50|pass_mixed_possible_multitemplate	OAES-5-Ro	D11	Dalea aurea	6/25/24	1.125	54	Quarter	OAES-5	ethanol	root	Fabaceae	OAES	Dalea	Amorpheae	OAES_043_T	Washita	OK	yes	35.40511	-99.05857	4/2/24	Mesorhizobium	Mesorhizobium_sp._AaZ16	83.473	85.705	0	1546
JORN-3-1-No|nifD|consensus50|pass_mixed_possible_multitemplate	JORN-3-1-No	D14	Dalea nana	8/19/24	0.173	8.304	Quarter	JORN-3	dry	nodule	Fabaceae	JORN	Dalea	Amorpheae	JORN_044	Dona Ana	New Mexico	yes	32.35367	-106.50498	4/20/24	Mesorhizobium	Mesorhizobium_sp._AaZ16	90.107	85.1175	0	1864
CLBJ-7-1-Ro|nifD|consensus50|pass_mixed_possible_multitemplate	CLBJ-7-1-Ro	D11	Neptunia lutea	6/13/24	0	0	Quarter	CLBJ-7	ethanol	root	Fabaceae	CLBJ	Neptunia	Mimosoideae	CLBJ_001_T	Wise	TX	yes	33.39787	-97.568339	4/30/24	Mesorhizobium	Mesorhizobium_sp._AaZ16	90.546	84.9217	0	1851
CLBJ-7-1-Rh|nifD|consensus50|pass_mixed_possible_multitemplate	CLBJ-7-1-Rh	D11	Neptunia lutea	6/13/24	0	0	Quarter	CLBJ-7	ethanol	rhizosphere	Fabaceae	CLBJ	Neptunia	Mimosoideae	CLBJ_001_T	Wise	TX	yes	33.39787	-97.568339	4/30/24	Mesorhizobium	Mesorhizobium_sp._WSM2240	83.181	85.7702	0	1447
OAES-21-3-Ro|nifD|consensus50|pass_mixed_possible_multitemplate	OAES-21-3-Ro	D11	Astragalus plattensis	6/4/24	0	0	Quarter	OAES-21	ethanol	root	Fabaceae	OAES	Astragalus	Galegeae	OAES_012_R	Washita	OK	yes	35.402943	-99.064829	4/16/24	Microvirga	Microvirga_sp._KLBC_81	87.114	84.5953	0	1646
OAES_24-3-Ro|nifD|consensus50|pass_mixed_possible_multitemplate	OAES-24-3-Ro	D11	Astragalus nuttallianus var. austrinus	6/4/24	0.105	20.79	Quarter	OAES-24	ethanol	root	Fabaceae	OAES	Astragalus	Galegeae	OAES_012_R	Washita	OK	yes	35.402943	-99.064829	4/16/24	Mesorhizobium	Mesorhizobium_sp._WSM2240	87.895	84.6606	0	1735
OAES-27-2-Rh|nifD|consensus50|pass_mixed_possible_multitemplate	OAES-27-2-Rh	D11	Oxytropis lambertii	6/10/24	0	0	Quarter	OAES-27	ethanol	rhizosphere	Fabaceae	OAES	Oxytropis	Galegeae	OAES_006_R	Washita	OK	yes	35.420259	-99.048669	4/17/24	Mesorhizobium	Mesorhizobium_sp._WSM2240	89.645	84.4648	0	1733
OAES-22-1-Ro|nifD|consensus50|pass_mixed_possible_multitemplate	OAES-22-1-Ro	D11	Medicago minima	6/4/24	0.1135	22.473	Quarter	OAES-22	ethanol	root	Fabaceae	OAES	Medicago	Trifolieae	OAES_012_R	Washita	OK	no	35.402943	-99.064829	4/16/24	Microvirga	Microvirga_sp._RSM25	89.506	84.5953	0	1749
OAES-25-1-Ro|nifD|consensus50|pass_mixed_possible_multitemplate	OAES-25-1-Ro	D11	Astragalus nuttallianus var. nuttallianus	6/4/24	0.1405	27.819	Quarter	OAES-25	ethanol	root	Fabaceae	OAES	Astragalus	Galegeae	OAES_007_R	Washita	OK	yes	35.419991	-99.0567264	4/17/24	Mesorhizobium	Mesorhizobium_sp._AaZ16	88.743	84.6606	0	1796
OAES-27-2-No|nifD|consensus50|pass_single_dominant	OAES-27-2-No	D11	Oxytropis lambertii	6/10/24	0	0	Quarter	OAES-27	ethanol	nodule	Fabaceae	OAES	Oxytropis	Galegeae	OAES_006_R	Washita	OK	yes	35.420259	-99.048669	4/17/24	Mesorhizobium	Mesorhizobium_sp._WSM2240	96.034	85.5744	0	2135
OAES-27-2-Ro|nifD|consensus50|pass_mixed_possible_multitemplate	OAES-27-2-Ro	D11	Oxytropis lambertii	6/10/24	0	0	Quarter	OAES-27	ethanol	root	Fabaceae	OAES	Oxytropis	Galegeae	OAES_006_R	Washita	OK	yes	35.420259	-99.048669	4/17/24	Mesorhizobium	Mesorhizobium_sp._WSM2240	92.372	85.5744	0	1965
CLBJ-26-1-No|nifD|consensus50|pass_single_dominant	CLBJ-26-1-No	D11	Strophostyles leiosperma	9/18/24	0	0	Quarter	CLBJ-26	ethanol	nodule	Fabaceae	CLBJ	Strophostyles	Phaseoleae	CLBJ_035_R	Wise	TX	yes	33.32974	-97.5792	6/4/24	Sinorhizobium	Sinorhizobium_prairiense	91.304	85.5744	0	1801
CLBJ-27-1-No|nifD|consensus50|pass_single_dominant	CLBJ-27-1-No	D11	Desmanthus illinoiensis	9/18/24	0	0	Quarter	CLBJ-27	ethanol	nodule	Fabaceae	CLBJ	Desmanthus	Mimosoideae	CLBJ_035_R	Wise	TX	yes	33.32974	-97.5792	6/4/24	Sinorhizobium	Sinorhizobium_prairiense	91.463	85.6397	0	1810
GUAN-5-No|nifD|consensus50|pass_mixed_possible_multitemplate	GUAN-5-No	D04	Coursetia caribaea	2/19/25	0	0	Quarter	GUAN-5	dry	nodule	Fabaceae	GUAN	Coursetia	Robinieae	GUAN_006	Guanica	P.R	yes	17.9641111	-66.8757016	10/14/24	Sinorhizobium	Sinorhizobium_prairiense	87.902	50.718	0	989
OAES-6-1-Ro|nifD|consensus50|pass_single_dominant	OAES-6-1-Ro	D11	Astragalus nuttallianus var. austrinus	6/25/24	0.655	31.44	Quarter	OAES-6	ethanol	root	Fabaceae	OAES	Astragalus	Galegeae	OAES_043_T	Washita	OK	yes	35.40511	-99.05857	4/2/24	Sinorhizobium	Sinorhizobium_prairiense	96.536	84.7911	0	2159
GUAN-2-No|nifD|consensus50|pass_mixed_possible_multitemplate	GUAN-2-No	D04	Leucaena leucocephala	2/19/25	0	0	Quarter	GUAN-2	dry	nodule	Fabaceae	GUAN	Leucaena	Mimosoideae	GUAN_004	Yauco	P.R	no	17.964444	-66.8513611	10/10/24	Sinorhizobium	Sinorhizobium_prairiense	87.872	85.5744	0	1670
CLBJ-4-1-No|nifD|consensus50|pass_single_dominant	CLBJ-4-1-No	D11	Dalea aurea	7/9/24	1.845	88.56	Quarter	CLBJ-4	dry	nodule	Fabaceae	CLBJ	Dalea	Amorpheae	CLBJ_036_R	Wise	TX	yes	33.32958	-97.58034	3/21/24	Sinorhizobium	Sinorhizobium_chiapasense	95.772	84.9217	0	2104
CLBJ-4-1-Ro|nifD|consensus50|pass_single_dominant	CLBJ-4-1-Ro	D11	Dalea aurea	7/9/24	0.17	8.16	Quarter	CLBJ-4	dry	root	Fabaceae	CLBJ	Dalea	Amorpheae	CLBJ_036_R	Wise	TX	yes	33.32958	-97.58034	3/21/24	Sinorhizobium	Sinorhizobium_chiapasense	95.932	85.0522	0	2113
CLBJ-4-1-Rh|nifD|consensus50|pass_mixed_possible_multitemplate	CLBJ-4-1-Rh	D11	Dalea aurea	7/9/24	0	0	Quarter	CLBJ-4	dry	rhizosphere	Fabaceae	CLBJ	Dalea	Amorpheae	CLBJ_036_R	Wise	TX	yes	33.32958	-97.58034	3/21/24	Sinorhizobium	Sinorhizobium_chiapasense	88.506	85.1828	0	1797
CLBJ-50-3-No|nifD|consensus50|pass_mixed_possible_multitemplate	CLBJ-50-3-No	D11	Dalea multiflora	2/19/25	0.0655	3.144	Quarter	CLBJ-50	ethanol	nodule	Fabaceae	CLBJ	Dalea	Amorpheae	CLBJ_034_R	Wise	TX	yes	33.19259	-97.34659	9/5/24	Sinorhizobium	Sinorhizobium_chiapasense	89.381	85.4439	0	1797
OAES-5-Rh|nifD|consensus50|pass_single_dominant	OAES-5-Rh	D11	Dalea aurea	6/25/24	0.617	29.616	Quarter	OAES-5	ethanol	rhizosphere	Fabaceae	OAES	Dalea	Amorpheae	OAES_043_T	Washita	OK	yes	35.40511	-99.05857	4/2/24	Sinorhizobium	Sinorhizobium_chiapasense	95.231	84.8564	0	2060
LAJA-22-2-No|nifD|consensus50|pass_mixed_possible_multitemplate	LAJA-22-2-No	D04	Desmanthus pernambucanus	3/19/25	0.2135	10.248	Quarter	LAJA-22	dry	nodule	Fabaceae	LAJA	Desmanthus	Mimosoideae	LAJA_023	LAJA	P.R	yes	18.03577	-67.06951	10/7/24	Sinorhizobium	Sinorhizobium_chiapasense	92.612	85.705	0	1971
LAJA-6-1-No|nifD|consensus50|pass_mixed_possible_multitemplate	LAJA-6-1-No	D04	Pithecellobium dulce	3/26/25	3.74	179.52	Quarter	LAJA-6	dry	nodule	Fabaceae	LAJA	Pithecellobium	Mimosoideae	LAJA_015	LAJA	P.R	no	18.034464	-67.066822	9/27/24	Sinorhizobium	Sinorhizobium_chiapasense	90.335	85.7702	0	1912
LAJA-6-1-Rh|nifD|consensus50|pass_mixed_possible_multitemplate	LAJA-6-1-Rh	D04	Pithecellobium dulce	3/26/25	4.72	226.56	Quarter	LAJA-6	dry	rhizosphere	Fabaceae	LAJA	Pithecellobium	Mimosoideae	LAJA_015	LAJA	P.R	no	18.034464	-67.066822	9/27/24	Sinorhizobium	Sinorhizobium_chiapasense	95.205	85.7702	0	2108
LAJA-6-1-Ro|nifD|consensus50|pass_mixed_possible_multitemplate	LAJA-6-1-Ro	D04	Pithecellobium dulce	3/26/25	0.6515	31.272	Quarter	LAJA-6	dry	root	Fabaceae	LAJA	Pithecellobium	Mimosoideae	LAJA_015	LAJA	P.R	no	18.034464	-67.066822	9/27/24	Sinorhizobium	Sinorhizobium_chiapasense	89.206	84.6606	0	1803
OAES-29-1-Rh|nifD|consensus50|pass_mixed_possible_multitemplate	OAES-29-1-Rh	D11	Astragalus lotiflorus	6/10/24	0	0	Quarter	OAES-29	ethanol	rhizosphere	Fabaceae	OAES	Astragalus	Galegeae	OAES_006_R	Washita	OK	yes	35.420259	-99.048669	4/17/24	Microvirga	Microvirga_sp._KLBC_81	87.269	84.5953	0	1663
SRER-2-1-Ro|nifD|consensus50|pass_mixed_possible_multitemplate	SRER-2-1-Ro	D14	Acmispon brachycarpus	8/14/24	1.935	92.88	Quarter	SRER-2	dry	root	Fabaceae	SRER	Lotus	Loteae	SRER_002	Pima	Arizona	yes	31.87051	-110.85657	4/10/24	Microvirga	Microvirga_sp._KLBC_81	90.432	84.5953	0	1796
CLBJ-8-1-Ro|nifD|consensus50|pass_mixed_possible_multitemplate	CLBJ-8-1-Ro	D11	Gleditsia triacanthus	6/13/24	0	0	Quarter	CLBJ-8	ethanol	root	Fabaceae	CLBJ	Gleditsia	Gleditsieae	CLBJ_001_T	Wise	TX	yes	33.39787	-97.568339	4/30/24	Microvirga	Microvirga_lotononidis	86.343	84.5953	0	1598
JORN-1-Rh|nifD|consensus50|pass_mixed_possible_multitemplate	JORN-1-Rh	D14	Astragalus allochrus	8/19/24	0.06	2.88	Quarter	JORN-1	dry	rhizosphere	Fabaceae	JORN	Astragalus	Galegeae	JORN_002	Dona Ana	New Mexico	yes	32.607279	-106.82671	4/18/24	Mesorhizobium	Mesorhizobium_sp._AaZ16	91.304	85.5744	0	1864
TALL-31-1-Rh|nifD|consensus50|pass_mixed_possible_multitemplate	TALL-31-1-Rh	D08	Desmodium sp.	4/1/25	0	0	Quarter	TALL-31	dry	rhizosphere	Fabaceae	TALL	Desmodium	Desmodieae	TALL_016	Bibb County	AL	yes	32.97189	-87.4582	8/26/24	Mesorhizobium	Mesorhizobium_sp._AaZ16	84.363	85.5744	0	1530
OAES-31-1-Ro|nifD|consensus50|pass_mixed_possible_multitemplate	OAES-31-1-Ro	D11	Pediomelum tenuiflorum	6/10/24	0	0	Quarter	OAES-31	ethanol	root	Fabaceae	OAES	Pediomelum	Psoraleeae	OAES_006_R	Washita	OK	yes	35.2517	-99.2882	4/23/24	Mesorhizobium	Mesorhizobium_sp._AaZ16	87.355	84.6606	0	1705
JORN-4-1-No|nifD|consensus50|pass_mixed_possible_multitemplate	JORN-4-1-No	D14	Desmanthus coolyii	8/19/24	3.235	155.28	Quarter	JORN-4	dry	nodule	Fabaceae	JORN	Desmanthus	Mimosoideae	JORN_042	Dona Ana	New Mexico	yes	32.35411	-106.50443	4/20/24	Mesorhizobium	Mesorhizobium_sp._AaZ16	88.897	84.6606	0	1744
OAES-30-2-Ro|nifD|consensus50|pass_mixed_possible_multitemplate	OAES-30-2-Ro	D11	Ceanothus herbaceus	6/10/24	0	0	Quarter	OAES-30	ethanol	root	Rhamnaceae	OAES	Ceanothus	actinorhizal	OAES_006_R	Washita	OK	yes	35.25165	-99.2881	4/23/24	Mesorhizobium	Mesorhizobium_sp._AaZ16	92.726	85.248	0	1934
SRER-11-1-Rh|nifD|consensus50|pass_mixed_possible_multitemplate	SRER-11-1-Rh	D14	Lotus strigosus	8/19/24	1.9	91.2	Quarter	SRER-11	dry	rhizosphere	Fabaceae	SRER	Lotus	Loteae	SRER_006	Pima	Arizona	yes	31.47699	-110.54576	4/10/24	Mesorhizobium	Mesorhizobium_sp._AaZ16	88.376	84.7911	0	1772
JERC-2-1-Ro|nifD|consensus50|pass_mixed_possible_multitemplate	JERC-2-1-Ro	D03	Vicia sativa	7/15/24	1.215	58.32	Quarter	JERC-VISA-2	dry	root	Fabaceae	JERC	Vicia	Fabeae	JERC_012	Baker County	Georgia	no	31.189973	-84.446402	20240320	NA	NA	NA	NA	NA	NA
CLBJ-2-Ro|nifD|consensus50|pass_mixed_possible_multitemplate	CLBJ-2-Ro	D11	Dalea compacta	7/9/24	0.1705	8.184	Quarter	CLBJ-2	dry	root	Fabaceae	CLBJ	Dalea	Amorpheae	CLBJ_001_T	Wise	TX	yes	33.23888	-97.34109	3/20/24	Mesorhizobium	Mesorhizobium_sp._AaZ16	88.399	84.3995	0	1786
JERC-18-2-Rh|nifD|consensus50|pass_mixed_possible_multitemplate	JERC-18-2-Rh	D03	Rhynchosia reniformis	8/14/24	0.0595	2.856	Quarter	JERC-RHRE-18	dry	rhizosphere	Fabaceae	JERC	Rhynchosia	Phaseoleae	JERC_047	Baker County	Georgia	yes	NA	NA	20240528	Microvirga	Microvirga_sp._RSM25	87.576	85.6397	0	1701
JERC-4-1-Rh|nifD|consensus50|pass_mixed_possible_multitemplate	JERC-4-1-Rh	D03	Vicia sativa	7/15/24	0	0	Quarter	JERC-VISA-4	dry	rhizosphere	Fabaceae	JERC	Vicia	Fabeae	JERC_012	Baker County	Georgia	no	31.189973	-84.446402	20240320	Mesorhizobium	Mesorhizobium_sp._AaZ16	88.743	84.6606	0	1742
OAES-23-1-Rh|nifD|consensus50|pass_mixed_possible_multitemplate	OAES-23-1-Rh	D11	Astragalus lotiflorus	6/4/24	0	0	Quarter	OAES-23	ethanol	rhizosphere	Fabaceae	OAES	Astragalus	Galegeae	OAES_012_R	Washita	OK	yes	35.402943	-99.064829	4/16/24	Mesorhizobium	Mesorhizobium_sp._WSM2240	85.431	85.5744	0	1574
DEJU-10-1-No|nifD|consensus50|pass_mixed_possible_multitemplate	DEJU-10-1-No	D19	Lupinus arcticus	3/26/25	5.295	254.16	Half	DEJU-10	ethanol	nodule	Fabaceae	DEJU	Lupinus	Genisteae	DEJU_006	NA	Alaska	yes	NA	NA	NA	Microvirga	Microvirga_sp._KLBC_81	83.918	85.6397	0	1506
DEJU-11-1-No|nifD|consensus50|pass_mixed_possible_multitemplate	DEJU-11-1-No	D19	Lupinus arcticus	3/26/25	8.73	419.04	Half	DEJU-11	ethanol	nodule	Fabaceae	DEJU	Lupinus	Genisteae	DEJU_006	NA	Alaska	yes	NA	NA	NA	Mesorhizobium	Mesorhizobium_sp._WSM2240	83.699	56.4621	0	979
TOOL-33-1-Rh|nifD|consensus50|pass_mixed_possible_multitemplate	TOOL-33-1-Rh	D18	Dryas octopetala	5/23/25	4.145	198.96	Quarter	TOOL-33	ethanol	rhizosphere	Rosaceae	TOOL	Dryas	actinorhizal	TOOL_011	North Slope Borough	Alaska	yes	68.62774	-149.58777	20240711	Microvirga	Microvirga_sp._KLBC_81	84.675	59.2037	0	1029
DELA-1-3-No|nifD|consensus50|pass_mixed_possible_multitemplate	DELA-1-3-No	D08	Sesbania herbacea	4/4/25	53	2544	Half	DELA-1	dry	nodule	Fabaceae	DELA	Sesbania	Sesbanieae	DELA_008	Green County	AL	yes	32.539186	-87.81292	7/24/24	Rhizobium	Rhizobium_sp._ZK1	90.777	85.6397	0	1779
N35-4-D-No|nifD|consensus50|pass_single_dominant	N35-4-D-No	NA	NA	NA	NA	NA	NA	NA	NA	NA	NA	NA	NA	NA	NA	NA	NA	NA	NA	NA	NA	Rhizobium	Rhizobium_sp._ZK1	91.013	85.705	0	1781
DSNY-SEHE-60-No|nifD|consensus50|pass_single_dominant	DSNY-SEHE-60-No	D03	Sesbania herbacea	2/25/25	4.585	220.08	Quarter	DSNY-SEHE-60	dry	nodule	Fabaceae	DSNY	Sesbania	Sesbanieae	DSNY_081Q	Polk	Florida	yes	28.074618	-81.411575	20240724	Rhizobium	Rhizobium_sp._ZK1	90.259	85.7702	0	1748
DELA-1-3-Rh|nifD|consensus50|pass_mixed_possible_multitemplate	DELA-1-3-Rh	D08	Sesbania herbacea	4/4/25	14.9	715.2	Half	DELA-1	dry	rhizosphere	Fabaceae	DELA	Sesbania	Sesbanieae	DELA_008	Green County	AL	yes	32.539186	-87.81292	7/24/24	Rhizobium	Rhizobium_sp._ZK1	90.107	85.7702	0	1759
DELA-29-1-No|nifD|consensus50|pass_mixed_possible_multitemplate	DELA-29-1-No	D08	Sesbania herbacea	4/4/25	58.5	2808	Half	DELA-29	dry	nodule	Fabaceae	DELA	Sesbania	Sesbanieae	DELA_040	Green County	AL	yes	32.53925	-87.80497	8/15/24	Rhizobium	Rhizobium_sp._ZK1	89.954	85.7702	0	1736
DELA-29-1-Rh|nifD|consensus50|pass_mixed_possible_multitemplate	DELA-29-1-Rh	D08	Sesbania herbacea	4/4/25	9.7	465.6	Half	DELA-29	dry	rhizosphere	Fabaceae	DELA	Sesbania	Sesbanieae	DELA_040	Green County	AL	yes	32.53925	-87.80497	8/15/24	Rhizobium	Rhizobium_sp._ZK1	90.715	85.7702	0	1794
N35-4-D-Ro|nifD|consensus50|pass_mixed_possible_multitemplate	N35-4-D-Ro	NA	NA	NA	NA	NA	NA	NA	NA	NA	NA	NA	NA	NA	NA	NA	NA	NA	NA	NA	NA	Ensifer	Ensifer_aridi	90.269	50.9791	0	1035
DELA-31-1-Rh|nifD|consensus50|pass_mixed_possible_multitemplate	DELA-31-1-Rh	D08	Lespedeza cuneata	4/4/25	6.375	306	Half	DELA-31	dry	rhizosphere	Fabaceae	DELA	Lespedeza	Desmodieae	DELA_003	Green County	AL	no	32.53425	-87.81316	8/15/24	Rhizobium	Rhizobium_sp._ZK1	83.308	85.6397	0	1439
TOOL-2-Ro|nifD|consensus50|pass_mixed_possible_multitemplate	TOOL-2-Ro	D18	Dryas integrifolia	4/24/25	0.914	43.872	Quarter	TOOL-2	ethanol	root	Rosaceae	TOOL	Dryas	actinorhizal	TOOL_041	North Slope Borough	Alaska	yes	NA	NA	20240704	Mesorhizobium	Mesorhizobium_sp._WSM2240	84.399	85.7702	0	1487
WOOD-1-1-Ro|nifD|consensus50|pass_mixed_possible_multitemplate	WOOD-1-1-Ro	D09	Melilotus officinalis	5/2/25	0.286	13.728	Quarter	WOOD-1	ethanol	root	Fabaceae	WOOD	Melilotus	Trifolieae	DCFS_014	Stutsman	ND	no	46.89494	-98.6864	9/16/24	Sinorhizobium	Sinorhizobium_meliloti_(Rhizobium_meliloti)	82.675	85.9008	0	1432
YELL-6-1-Ro|nifD|consensus50|pass_mixed_possible_multitemplate	YELL-6-1-Ro	D12	Astragalus sp.	4/4/25	14.25	684	Half	YELL-6	ethanol	root	Fabaceae	YELL	Astragalus	Galegeae	YELL_026	Park County	WY	yes	NA	NA	7/11/24	Rhizobium	Rhizobium_sp._ZK1	84.527	84.7911	0	1511
DELA-31-1-Ro|nifD|consensus50|pass_mixed_possible_multitemplate	DELA-31-1-Ro	D08	Lespedeza cuneata	4/4/25	8.015	384.72	Half	DELA-31	dry	root	Fabaceae	DELA	Lespedeza	Desmodieae	DELA_003	Green County	AL	no	32.53425	-87.81316	8/15/24	Ensifer	Ensifer_aridi	82.205	85.8355	0	1378
TALL-67-1-Ro|nifD|consensus50|pass_mixed_possible_multitemplate	TALL-67-1-Ro	D08	Lespedeza repens	4/8/25	6.095	292.56	Half	TALL-67	dry	root	Fabaceae	TALL	Lespedeza	Desmodieae	TALL_055	Bibb County	AL	yes	32.948748	-87.398587	9/3/24	Rhizobium	Rhizobium_sp._ZK1	85.231	84.8564	0	1543
JERC-151-Ro|nifD|consensus50|pass_mixed_possible_multitemplate	JERC-151-Ro	D03	Tephrosia virginiana	5/14/25	0.452	21.696	Quarter	JERC-151	dry	root	Fabaceae	JERC	Tephrosia	Millettieae	JERC_015	Baker County	Georgia	yes	NA	NA	20241002	Microvirga	Microvirga_sp._KLBC_81	84.215	85.1828	0	1491
JERC-87-1-No|nifD|consensus50|pass_mixed_possible_multitemplate	JERC-87-1-No	D03	Crotalaria juncea	5/14/25	0	0	Quarter	JERC-87	dry	nodule	Fabaceae	JERC	Crotalaria	Crotalarieae	JERC_034	Baker County	Georgia	no	31.19805	-84.48836667	20240625	Mesorhizobium	Mesorhizobium_sp._WSM2240	84.352	53.3943	0	952
JERC-87-1-Rh|nifD|consensus50|pass_mixed_possible_multitemplate	JERC-87-1-Rh	D03	Crotalaria juncea	5/14/25	0	0	Quarter	JERC-87	dry	rhizosphere	Fabaceae	JERC	Crotalaria	Crotalarieae	JERC_034	Baker County	Georgia	no	31.19805	-84.48836667	20240625	Microvirga	Microvirga_sp._KLBC_81	84.348	52.5457	0	913
HEAL-3-1-No|nifD|consensus50|pass_mixed_possible_multitemplate	HEAL-3-1-No	D19	Alnus viridis	4/4/25	23.65	1135.2	Half	HEAL-3	ethanol	nodule	Betulaceae	HEAL	Alnus	actinorhizal	HEAL_010	Denali Borough	Alaska	yes	63.87738 N	149.26297 W	20240723	Mesorhizobium	Mesorhizobium_sp._WSM2240	84.287	85.5744	0	1491
TALL-73-2-No|nifD|consensus50|pass_mixed_possible_multitemplate	TALL-73-2-No	D08	Morella cerifera	4/8/25	36.55	1754.4	Half	TALL-73	dry	nodule	Myricaceae	TALL	Morella	actinorhizal	TALL_R_022	Bibb County	AL	yes	32.906455	-87.390317	9/4/24	Rhizobium	Rhizobium_sp._ZK1	84.756	85.6397	0	1465
DELA-29-1-Ro|nifD|consensus50|pass_mixed_possible_multitemplate	DELA-29-1-Ro	D08	Sesbania herbacea	4/4/25	8.895	426.96	Half	DELA-29	dry	root	Fabaceae	DELA	Sesbania	Sesbanieae	DELA_040	Green County	AL	yes	32.53925	-87.80497	8/15/24	Microvirga	Microvirga_sp._KLBC_81	85.769	85.7702	0	1592
YELL-3-5-No|nifD|consensus50|pass_mixed_possible_multitemplate	YELL-3-5-No	D12	Lupinus sericieus	4/1/25	8.39	402.72	Half	YELL-3	ethanol	nodule	Fabaceae	YELL	Lupinus	Genisteae	YELL_018	Park County	WY	yes	NA	NA	7/11/24	Microvirga	Microvirga_sp._KLBC_81	86.249	59.3342	0	1088
DEJU-18-1-No|nifD|consensus50|pass_mixed_possible_multitemplate	DEJU-18-1-No	D19	Alnus viridis	4/2/25	11.7	561.6	Half	DEJU-18	ethanol	nodule	Betulaceae	DEJU	Alnus	actinorhizal	DEJU_046	NA	Alaska	yes	NA	NA	NA	Ensifer	Ensifer_aridi	83.773	84.0731	0	1363
DEJU-22-1-No|nifD|consensus50|pass_single_dominant	DEJU-22-1-No	D19	Alnus viridis	4/2/25	6.96	334.08	Half	DEJU-22	ethanol	nodule	Betulaceae	DEJU	Alnus	actinorhizal	DEJU_046	NA	Alaska	yes	NA	NA	NA	Microvirga	Microvirga_sp._KLBC_81	85.573	85.5091	0	1443
DEJU-55-No|nifD|consensus50|pass_mixed_possible_multitemplate	DEJU-55-No	D19	Alnus viridis	5/23/25	7.73	371.04	Half	DEJU-55	ethanol	nodule	Betulaceae	DEJU	Alnus	actinorhizal	DEJU_045	NA	Unknown	yes	NA	NA	NA	Microvirga	Microvirga_sp._KLBC_81	88.72	85.6397	0	1709
DEJU-57-No|nifD|consensus50|pass_mixed_possible_multitemplate	DEJU-57-No	D19	Alnus viridis	5/23/25	13.8	662.4	Half	DEJU-57	ethanol	nodule	Betulaceae	DEJU	Alnus	actinorhizal	DEJU_045	NA	Unknown	yes	NA	NA	NA	Microvirga	Microvirga_sp._KLBC_81	86.89	85.6397	0	1640
SCBI-10-1-No|nifD|consensus50|pass_mixed_possible_multitemplate	SCBI-10-1-No	D02	Elaeagnus umbellata	4/24/25	11.45	549.6	Half	SCBI-10	ethanol	nodule	Elaeagnaceae	SCBI	Elaeagnus	actinorhizal	SCBI-010	Warren	VA	no	38.884814	-78.125158	7/2/24	Microvirga	Microvirga_sp._KLBC_81	88.872	85.6397	0	1681
TOOL-5-Ro|nifD|consensus50|pass_single_dominant	TOOL-5-Ro	D18	Dryas octopetala	4/24/25	0.1775	8.52	Quarter	TOOL-5	ethanol	root	Rosaceae	TOOL	Dryas	actinorhizal	TOOL_032	North Slope Borough	Alaska	yes	NA	NA	20240706	Microvirga	Microvirga_sp._KLBC_81	89.45	85.3786	0	1681
DSNY-15-1-No|nifD|consensus50|pass_mixed_possible_multitemplate	DSNY-15-1-No	D03	Morella cerifera	8/19/24	13.3	638.4	Half	DSNY-MOCE-15	dry	nodule	Myricaceae	DSNY	Morella	actinorhizal	DSNY _042	Osceola	Florida	yes	NA	NA	20240401	Mesorhizobium	Mesorhizobium_sp._WSM2240	85.67	85.1828	0	1472
MLBS-1-1-No|nifD|consensus50|pass_mixed_possible_multitemplate	MLBS-1-1-No	D07	Elaeagnus umbellata	2/17/25	0	0	Quarter	MLBS-1	dry	nodule	Elaeagnaceae	MLBS	Elaeagnus	actinorhizal	MLBS_030	Giles	VA	no	37.43	-80.508333	5/15/24	Microvirga	Microvirga_sp._RSM25	88.571	59.3995	0	1123
OSBS-2-3-No|nifD|consensus50|pass_mixed_possible_multitemplate	OSBS-2-3-No	D03	Morella cerifera	8/14/24	7.39	354.72	Half	OSBS-MOCE-2	dry	nodule	Myricaceae	OSBS	Morella	actinorhizal	OSBS_011	Putnam	FL	yes	NA	NA	20240424	Mesorhizobium	Mesorhizobium_sp._AaZ16	85.595	85.6397	0	1559
DSNY-7-1-No|nifD|consensus50|pass_mixed_possible_multitemplate	DSNY-7-1-No	D03	Morella pumila	8/14/24	3.285	157.68	Quarter	DSNY-MOPU-7	dry	nodule	Myricaceae	DSNY	Morella	actinorhizal	DSNY_004	Osceola	Florida	yes	28.09974869	-81.39996247	20240319	Microvirga	Microvirga_lotononidis	86.806	84.5953	0	1511
LENO-15-2-Rh|nifD|consensus50|pass_mixed_possible_multitemplate	LENO-15-2-Rh	D08	Elaeagnus umbellata	3/20/25	27.8	1334.4	Half	LENO-15	dry	rhizosphere	Elaeagnaceae	LENO	Elaeagnus	actinorhizal	LENO_029	Choctaw County	AL	no	31.831293	-88.171122	7/3/24	Microvirga	Microvirga_sp._RSM25	87.423	84.5953	0	1587
DEJU-9-1-Ro|nifD|consensus50|pass_mixed_possible_multitemplate	DEJU-9-1-Ro	D19	Lupinus arcticus	3/29/25	9.35	448.8	Half	DEJU-9	ethanol	root	Fabaceae	DEJU	Lupinus	Genisteae	DEJU_006	NA	Alaska	yes	NA	NA	NA	Mesorhizobium	Mesorhizobium_sp._WSM2240	85.526	84.3342	0	1463
LAJA-1-1-Rh|nifD|consensus50|pass_mixed_possible_multitemplate	LAJA-1-1-Rh	D04	Mimosa pudica	3/26/25	18.6	892.8	Half	LAJA-1	dry	rhizosphere	Fabaceae	LAJA	Mimosa	Mimosoideae	LAJA_015	LAJA	P.R	yes	18.034464	-67.066822	8/21/24	Microvirga	Microvirga_lotononidis	88.659	85.1828	0	1642
LAJA-1-1-No|nifD|consensus50|pass_single_dominant	LAJA-1-1-No	D04	Mimosa pudica	3/26/25	9.265	444.72	Half	LAJA-1	dry	nodule	Fabaceae	LAJA	Mimosa	Mimosoideae	LAJA_015	LAJA	P.R	yes	18.034464	-67.066822	8/21/24	Mesorhizobium	Mesorhizobium_sp._WSM2240	85.91	85.705	0	1443
LAJA-2-3-No|nifD|consensus50|pass_mixed_possible_multitemplate	LAJA-2-3-No	D04	Mimosa pudica	4/4/25	18.55	890.4	Half	LAJA-2	NA	nodule	Fabaceae	LAJA	Mimosa	Mimosoideae	LAJA_002	LAJA	P.R	yes	18.035349	-67.073331	8/21/24	Microvirga	Microvirga_sp._KLBC_81	84.158	85.705	0	1400
DSNY-96-2-Rh|nifD|consensus50|pass_single_dominant	DSNY-96-2-Rh	D03	Galactia	4/4/25	0	0	Quarter	DSNY-96	dry	rhizosphere	Fabaceae	DSNY	Galactia	Diocleae	DSNY_010	Osceola	Florida	yes	NA	NA	20241023	Microvirga	Microvirga_sp._RSM25	86.794	85.5091	0	1543
OSBS-DETR-64-3-Rh|nifD|consensus50|pass_mixed_possible_multitemplate	OSBS-DETR-64-3-Rh	D03	Desmodium triflorum	4/17/25	0	0	Quarter	OSBS-64	dry	rhizosphere	Fabaceae	OSBS	Desmodium	Desmodieae	OSBS_031	Putnam	FL	yes	29.689142	-81.993367	20240710	Mesorhizobium	Mesorhizobium_sp._WSM2240	88.542	56.3969	0	1074
JERC-197-1-No|nifD|consensus50|pass_mixed_possible_multitemplate	JERC-197-1-No	D03	Tephrosia floridanum	4/24/25	0	0	Quarter	JERC-197	dry	nodule	Fabaceae	JERC	Tephrosia	Millettieae	JERC_004	Baker County	Georgia	yes	31.1903745	-84.4660419	20241029	Microvirga	Microvirga_lotononidis	87.424	85.6397	0	1589
TOOL-32-Rh|nifD|consensus50|pass_mixed_possible_multitemplate	TOOL-32-Rh	D18	Dryas octopetala	5/23/25	0	0	Quarter	TOOL-32	ethanol	rhizosphere	Rosaceae	TOOL	Dryas	actinorhizal	TOOL_011	North Slope Borough	Alaska	yes	68.62774	-149.58777	20240711	Mesorhizobium	Mesorhizobium_sp._WSM2240	85.856	85.3786	0	1574
OSBS-36-1-Rh|nifD|consensus50|pass_mixed_possible_multitemplate	OSBS-36-1-Rh	D03	Tephrosia virginiana	2/26/25	0	0	Quarter	OSBS-36	dry	rhizosphere	Fabaceae	OSBS	Tephrosia	Millettieae	OSBS_006	Putnam	FL	yes	NA	NA	20240611	Mesorhizobium	Mesorhizobium_sp._WSM2240	87.586	85.705	0	1615
UNDE-5-4-Ro|nifD|consensus50|pass_mixed_possible_multitemplate	UNDE-5-4-Ro	D05	Alnus incana	2/13/25	1.0095	48.456	Quarter	UNDE-5	ethanol	root	Betulaceae	UNDE	Alnus	actinorhizal	UNDE_049	Gogebic	MI	yes	46.230777°N	-89.536568°W	9/9/24	Microvirga	Microvirga_sp._KLBC_81	88.435	57.5718	0	1109
TOOL-4-No|nifD|consensus50|pass_mixed_possible_multitemplate	TOOL-4-No	D18	Dryas octopetala	4/24/25	0	0	Quarter	TOOL-4	ethanol	nodule	Rosaceae	TOOL	Dryas	actinorhizal	TOOL_032	North Slope Borough	Alaska	yes	NA	NA	20240706	Microvirga	Microvirga_lotononidis	84.11	85.4439	0	1447
JERC-146-Rh|nifD|consensus50|pass_mixed_possible_multitemplate	JERC-146-Rh	D03	Dalea carnea alba	2/17/25	0	0	Quarter	JERC-146	dry	rhizosphere	Fabaceae	JERC	Dalea	Amorpheae	JERC_010	Baker County	Georgia	yes	NA	NA	20240821	Microvirga	Microvirga_lotononidis	86.947	85.5091	0	1543
OSBS-41-3-Rh|nifD|consensus50|pass_mixed_possible_multitemplate	OSBS-41-3-Rh	D03	Stylosanthes biflora	2/26/25	0	0	Quarter	OSBS-41	dry	rhizosphere	Fabaceae	OSBS	Stylosanthes	Dalbergieae	OSBS_026	Putnam	FL	yes	NA	NA	20240617	Mesorhizobium	Mesorhizobium_sp._WSM2240	86.066	84.7911	0	1517
HEAL-9-1-No|nifD|consensus50|pass_mixed_possible_multitemplate	HEAL-9-1-No	D19	Alnus viridis	3/20/25	13.75	660	Half	HEAL-9	ethanol	nodule	Betulaceae	HEAL	Alnus	actinorhizal	HEAL_004	Denali Borough	Alaska	yes	63.86378 N	149.27284 W	20240723	Microvirga	Microvirga_lotononidis	83.802	85.8355	0	1400
JERC-140-Rh|nifD|consensus50|pass_single_dominant	JERC-140-Rh	D03	Lespedeza bicolor	5/14/25	0	0	Quarter	JERC-140	dry	rhizosphere	Fabaceae	JERC	Lespedeza	Desmodieae	JERC_031	Baker County	Georgia	no	NA	NA	20240821	Microvirga	Microvirga_sp._KLBC_81	89.71	85.6397	0	1681
OSBS-25-1-Ro|nifD|consensus50|pass_mixed_possible_multitemplate	OSBS-25-1-Ro	D03	Tephrosia virginiana	3/26/25	5.675	272.4	Half	OSBS-25	dry	root	Fabaceae	OSBS	Tephrosia	Millettieae	OSBS_031	Putnam	FL	yes	NA	NA	20240611	Microvirga	Microvirga_sp._KLBC_81	83.32	83.3551	0	1373
OSBS-69-1-No|nifD|consensus50|pass_mixed_possible_multitemplate	OSBS-69-1-No	D03	Lespedeza sp.	3/26/25	0	0	Quarter	OSBS-69	dry	nodule	Fabaceae	OSBS	Lespedeza	Desmodieae	OSBS_008	Putnam	FL	0	NA	NA	20240723	Microvirga	Microvirga_sp._KLBC_81	86.433	85.6397	0	1568
JERC-128-2-Rh|nifD|consensus50|pass_mixed_possible_multitemplate	JERC-128-2-Rh	D03	Desmodium marilandicum	2/26/25	0	0	Quarter	JERC-128	dry	rhizosphere	Fabaceae	JERC	Desmodium	Desmodieae	JERC_002	Baker County	Georgia	yes	31.1940087	-84.4604029	20240730	Microvirga	Microvirga_sp._RSM25	86.9	85.705	0	1546
JERC-98-3-Ro|nifD|consensus50|pass_mixed_possible_multitemplate	JERC-98-3-Ro	D03	Lespedeza cuneata	2/24/25	0.113	5.424	Quarter	JERC-98	dry	root	Fabaceae	JERC	Lespedeza	Desmodieae	JERC_034	Baker County	Georgia	no	31.26611111	-84.59333333	20240625	Microvirga	Microvirga_sp._RSM25	85.91	85.705	0	1517
JERC-CHNI-60-3-Rh|nifD|consensus50|pass_mixed_possible_multitemplate	JERC-CHNI-60-3-Rh	D03	Chamaecrista nictitans	12/4/24	0	0	Quarter	JERC-60	dry	rhizosphere	Fabaceae	JERC	Chamaecrista	Cassieae	JERC_050	Baker County	Georgia	yes	NA	NA	20240618	Microvirga	Microvirga_sp._KLBC_81	86.43	84.6606	0	1583
JERC-20-1-Rh|nifD|consensus50|pass_mixed_possible_multitemplate	JERC-20-1-Rh	D03	Lespedeza hirta	8/14/24	0.085	4.08	Quarter	JERC-LEHI2-20	dry	rhizosphere	Fabaceae	JERC	Lespedeza	Desmodieae	JERC_006	Baker County	Georgia	yes	NA	NA	20240529	Mesorhizobium	Mesorhizobium_sp._WSM2240	85.202	85.5744	0	1513
JERC-53-5-Rh|nifD|consensus50|pass_mixed_possible_multitemplate	JERC-53-5-Rh	D03	Ceanothus americanus	12/4/24	0.9205	44.184	Quarter	JERC-53	dry	rhizosphere	Rhamnaceae	JERC	Ceanothus	actinorhizal	JERC_050	Baker County	Georgia	yes	31.195964	-84.469057	20240604	Mesorhizobium	Mesorhizobium_sp._WSM2240	88.263	27.8068	1.4e-154	540
CLBJ-49-1-Ro|nifD|consensus50|pass_mixed_possible_multitemplate	CLBJ-49-1-Ro	D11	Senna roemeriana	2/19/25	2.73	131.04	Quarter	CLBJ-49	ethanol	root	Fabaceae	CLBJ	Senna	Cassieae	CLBJ_034_R	Wise	TX	yes	33.19277	-97.34642	9/5/24	Mesorhizobium	Mesorhizobium_sp._AaZ16	86.682	85.7702	0	1552
DELA-2-2-Rh|nifD|consensus50|pass_mixed_possible_multitemplate	DELA-2-2-Rh	D08	Lespedeza cuneata	2/26/25	0.2215	10.632	Quarter	DELA-2	dry	rhizosphere	Fabaceae	DELA	Lespedeza	Desmodieae	DELA_008	Green County	AL	no	32.539186	-87.81292	7/24/24	Microvirga	Microvirga_sp._KLBC_81	85.671	85.6397	0	1506
JERC-7-2-No|nifD|consensus50|pass_mixed_possible_multitemplate	JERC-7-2-No	D03	Baptisia alba	7/15/24	0.091	4.368	Quarter	JERC-BAAL-7	dry	nodule	Fabaceae	JERC	Baptisia	Sophoreae	JERC_008	Baker County	Georgia	yes	31.1859357	-84.4376644	20240327	Mesorhizobium	Mesorhizobium_sp._WSM2240	88.475	54.3734	0	1061
OSBS-8-5-Ro|nifD|consensus50|pass_mixed_possible_multitemplate	OSBS-8-5-Ro	D03	Tephrosia virginiana	8/14/24	0.267	12.816	Quarter	OSBS-TEVI-8	dry	root	Fabaceae	OSBS	Tephrosia	Millettieae	OSBS_029	Putnam	FL	yes	NA	NA	20240521	Microvirga	Microvirga_sp._KLBC_81	85.823	85.6397	0	1572
JERC-144-Rh|nifD|consensus50|pass_mixed_possible_multitemplate	JERC-144-Rh	D03	Desmodium tenifolium	2/17/25	0.2895	13.896	Quarter	JERC-144	dry	rhizosphere	Fabaceae	JERC	Desmodium	Desmodieae	JERC_010	Baker County	Georgia	yes	NA	NA	20240821	Microvirga	Microvirga_sp._KLBC_81	83.765	85.6397	0	1450
KONZ-15-1-Ro|nifD|consensus50|pass_mixed_possible_multitemplate	KONZ-15-1-Ro	D06	Ceanothus herbaceus	2/25/25	1.39	66.72	Quarter	KONZ-15	dry	root	Rhamnaceae	KONZ	Ceanothus	actinorhizal	KONZ_001	Riley	KS	yes	39.07479	-96.55559	20241002	Mesorhizobium	Mesorhizobium_sp._AaZ16	88.11	85.6397	0	1650
CLBJ-8-1-No|nifD|consensus50|pass_single_dominant	CLBJ-8-1-No	D11	Gleditsia triacanthus	6/13/24	0	0	Quarter	CLBJ-8	ethanol	nodule	Fabaceae	CLBJ	Gleditsia	Gleditsieae	CLBJ_001_T	Wise	TX	yes	33.39787	-97.568339	4/30/24	Mesorhizobium	Mesorhizobium_sp._AaZ16	90.34	84.4648	0	1740
DSNY-3-1-Rh|nifD|consensus50|pass_mixed_possible_multitemplate	DSNY-3-1-Rh	D03	Lupinus floridanus	8/19/24	0.054	2.592	Quarter	DSNY-3	dry	rhizosphere	Fabaceae	DSNY	Lupinus	Genisteae	DSNY_006	Osceola	Florida	yes	28.09298025	-81.39932663	20240312	Microvirga	Microvirga_sp._RSM25	87.259	84.53	0	1563
JERC-198-Rh|nifD|consensus50|pass_single_dominant	JERC-198-Rh	D03	Chamaecrista fasciculata	2/26/25	0.058	2.784	Quarter	JERC-198	NA	rhizosphere	Fabaceae	JERC	Chamaecrista	Cassieae	JERC_004	Baker County	Georgia	yes	31.1903745	-84.4660419	20241029	Microvirga	Microvirga_sp._RSM25	88.923	85.4439	0	1696
JERC-129-4-Ro|nifD|consensus50|pass_mixed_possible_multitemplate	JERC-129-4-Ro	D03	Desmodium strictum	4/8/25	0.731	35.088	Quarter	JERC-129	dry	root	Fabaceae	JERC	Desmodium	Desmodieae	JERC_048	Baker County	Georgia	yes	NA	NA	20240807	Rhizobium	Rhizobium_sp._CB3060	85.128	84.2689	0	1507
CLBJ-17-1-Ro|nifD|consensus50|pass_mixed_possible_multitemplate	CLBJ-17-1-Ro	D11	Lespedeza stuevei	6/19/24	0	0	Quarter	CLBJ-17	dry	root	Fabaceae	CLBJ	Lespedeza	Desmodieae	CLBJ_003_T	Wise	TX	yes	33.403989	-97.572744	5/8/24	Microvirga	Microvirga_sp._KLBC_81	86.9	85.705	0	1587
ORNL-12-1-Ro|nifD|consensus50|pass_mixed_possible_multitemplate	ORNL-12-1-Ro	D07	Lespedeza cuneata	2/25/24	0	0	Quarter	ORNL-12	dry	root	Fabaceae	ORNL	Lespedeza	Desmodieae	ORNL_047	Anderson	TN	no	35.9525	-84.219722	7/11/24	Mesorhizobium	Mesorhizobium_sp._AaZ16	89.101	85.6397	0	1674
DSNY-17-3-Rh|nifD|consensus50|pass_mixed_possible_multitemplate	DSNY-17-3-Rh	D03	Crotalaria maritima	8/19/24	0.136	6.528	Quarter	DSNY-CRMA-17	dry	rhizosphere	Fabaceae	DSNY	Crotalaria	Crotalarieae	DSNY_041	Osceola	Florida	yes	NA	NA	20240401	Mesorhizobium	Mesorhizobium_sp._AaZ16	86.433	85.6397	0	1611
DEJU-3-1-Rh|nifD|consensus50|pass_mixed_possible_multitemplate	DEJU-3-1-Rh	D19	Lupinus arcticus	2/25/25	0.9185	44.088	Quarter	DEJU-3	ethanol	rhizosphere	Fabaceae	DEJU	Lupinus	Genisteae	DEJU_014	NA	Alaska	yes	NA	NA	NA	Mesorhizobium	Mesorhizobium_sp._AaZ16	86.914	52.8721	0	1035
DELA-11-3-No|nifD|consensus50|pass_mixed_possible_multitemplate	DELA-11-3-No	D08	Sesbania herbacea	4/4/25	41.15	1975.2	Half	DELA-11	dry	nodule	Fabaceae	DELA	Sesbania	Sesbanieae	DELA_027	Green County	AL	yes	32.539094	-87.810015	8/13/24	Burkholderia	Burkholderia_vietnamiensis	83.291	51.9582	0	778
SJER-2-3-Ro|nifD|consensus50|pass_mixed_possible_multitemplate	SJER-2-3-Ro	D17	Trifolium variegatum	4/15/25	0.0825	3.96	Quarter	SJER-2	dry	root	Fabaceae	SJER	Trifolium	Trifolieae	SJER_048	Fresno	CA	yes	37.109975	-119.734735	20240404	Microvirga	Microvirga_sp._RSM25	83.994	84.0078	0	1363
DELA-32-1-Ro|nifD|consensus50|pass_mixed_possible_multitemplate	DELA-32-1-Ro	D08	Amorpha fruticosa	4/4/25	0.3565	17.112	Quarter	DELA-32	dry	root	Fabaceae	DELA	Amorpha	Amorpheae	DELA_012	Green County	AL	yes	32.531129	-87.816662	8/15/24	Mesorhizobium	Mesorhizobium_sp._WSM4083	79.404	52.611	0	774
JERC-134-3-Ro|nifD|consensus50|pass_mixed_possible_multitemplate	JERC-134-3-Ro	D03	Rhynchosia reniformis	4/8/25	5.37	257.76	Half	JERC-134	dry	root	Fabaceae	JERC	Rhynchosia	Phaseoleae	JERC_048	Baker County	Georgia	yes	NA	NA	20240807	Microvirga	Microvirga_sp._KLBC_81	83.117	55.2872	0	893
TOOL-22-Ro|nifD|consensus50|pass_mixed_possible_multitemplate	TOOL-22-Ro	D18	Dryas integrifolia	5/14/25	0.3185	15.288	Quarter	TOOL-22	ethanol	root	Rosaceae	TOOL	Dryas	actinorhizal	TOOL_003	North Slope Borough	Alaska	yes	NA	NA	20240710	Ensifer	Ensifer_aridi	87.586	85.705	0	1592
JERC-51-1-No|nifD|consensus50|pass_mixed_possible_multitemplate	JERC-51-1-No	D03	Galactia erecta	12/4/24	19.8	950.4	Half	JERC-51	dry	nodule	Fabaceae	JERC	Galactia	Diocleae	JERC_002	Baker County	Georgia	yes	NA	NA	20240604	Microvirga	Microvirga_sp._KLBC_81	84.654	51.893	0	907
JERC-120-No|nifD|consensus50|pass_mixed_possible_multitemplate	JERC-120-No	D03	Desmodium strictum	2/25/25	0.078	3.744	Quarter	JERC-120	dry	nodule	Fabaceae	JERC	Desmodium	Desmodieae	JERC_003	Baker County	Georgia	yes	31.196419	-84.473672	20240730	Microvirga	Microvirga_sp._KLBC_81	84.158	85.705	0	1450
JERC-RHTO-58-1-No|nifD|consensus50|pass_mixed_possible_multitemplate	JERC-RHTO-58-1-No	D03	Rhynchosia tomentosa	12/4/24	6.185	296.88	Half	JERC-58	dry	nodule	Fabaceae	JERC	Rhynchosia	Phaseoleae	JERC_050	Baker County	Georgia	yes	NA	NA	20240618	Ensifer	Ensifer_aridi	81.682	83.0287	0	1243
JERC-126-4-No|nifD|consensus50|pass_mixed_possible_multitemplate	JERC-126-4-No	D03	Lespedeza virginica	2/26/25	0.107	5.136	Quarter	JERC-126	dry	nodule	Fabaceae	JERC	Lespedeza	Desmodieae	JERC_002	Baker County	Georgia	yes	31.194341	-84.460314	20240730	Mesorhizobium	Mesorhizobium_sp._WSM2240	86.262	52.7415	0	979
HARV-4-1-Ro|nifD|consensus50|pass_mixed_possible_multitemplate	HARV-4-1-Ro	D01	Apios americana	2/25/25	1.64	78.72	Quarter	HARV-4	dry	root	Fabaceae	HARV	Apios	Phaseoleae	HARV_027	Worcester	MA	yes	42.42934	-72.24935	8/22/24	Mesorhizobium	Mesorhizobium_sp._AaZ16	88.567	85.6397	0	1733
OSBS-41-3-No|nifD|consensus50|pass_single_dominant	OSBS-41-3-No	D03	Stylosanthes biflora	2/26/25	0	0	Quarter	OSBS-41	dry	nodule	Fabaceae	OSBS	Stylosanthes	Dalbergieae	OSBS_026	Putnam	FL	yes	NA	NA	20240617	Mesorhizobium	Mesorhizobium_sp._WSM2240	86.424	84.1384	0	1467
JERC-88-1-Ro|nifD|consensus50|pass_single_dominant	JERC-88-1-Ro	D03	Crotalaria juncea	5/14/25	0	0	Quarter	JERC-88	dry	root	Fabaceae	JERC	Crotalaria	Crotalarieae	JERC_30R	Baker County	Georgia	no	31.18591667	-84.47521667	20240625	Microvirga	Microvirga_sp._KLBC_81	84.615	50.0653	0	824
CLBJ-39-1-Rh|nifD|consensus50|pass_mixed_possible_multitemplate	CLBJ-39-1-Rh	D11	Chamaecrista fasciculata	2/19/25	0	0	Quarter	CLBJ-39	ethanol	rhizosphere	Fabaceae	CLBJ	Chamaecrista	Cassieae	CLBJ_034	Wise	TX	yes	33.23681	-97.34107	9/2/24	Microvirga	Microvirga_sp._KLBC_81	86.433	85.6397	0	1509
OSBS-7-4-Ro|nifD|consensus50|pass_single_dominant	OSBS-7-4-Ro	D03	Galactia elliottii	8/14/24	0.0645	3.096	Quarter	OSBS-GAEL-7	dry	root	Fabaceae	OSBS	Galactia	Diocleae	OSBS_016	Putnam	FL	yes	NA	NA	20240424	Mesorhizobium	Mesorhizobium_sp._WSM2240	90.571	52.611	0	1074
JERC-99-1-Rh|nifD|consensus50|pass_single_dominant	JERC-99-1-Rh	D03	Lespedeza bicolor	2/24/25	0	0	Quarter	JERC-99	dry	rhizosphere	Fabaceae	JERC	Lespedeza	Desmodieae	JERC_034	Baker County	Georgia	no	31.2725	-84.58055556	20240625	Mesorhizobium	Mesorhizobium_sp._AaZ16	88.969	54.4386	0	1061
OSBS-32-1-Rh|nifD|consensus50|pass_mixed_possible_multitemplate	OSBS-32-1-Rh	D03	Tephrosia virginiana	2/26/25	0	0	Quarter	OSBS-32	dry	rhizosphere	Fabaceae	OSBS	Tephrosia	Millettieae	OSBS_006	Putnam	FL	yes	NA	NA	20240611	Mesorhizobium	Mesorhizobium_sp._AaZ16	86.976	85.705	0	1589
OSBS-41-3-Ro|nifD|consensus50|pass_mixed_possible_multitemplate	OSBS-41-3-Ro	D03	Stylosanthes biflora	2/26/25	0	0	Quarter	OSBS-41	dry	root	Fabaceae	OSBS	Stylosanthes	Dalbergieae	OSBS_026	Putnam	FL	yes	NA	NA	20240617	Mesorhizobium	Mesorhizobium_sp._WSM4083	85.78	85.3786	0	1471
OSBS-32-1-Ro|nifD|consensus50|pass_mixed_possible_multitemplate	OSBS-32-1-Ro	D03	Tephrosia virginiana	2/26/25	0	0	Quarter	OSBS-32	dry	root	Fabaceae	OSBS	Tephrosia	Millettieae	OSBS_006	Putnam	FL	yes	NA	NA	20240611	Mesorhizobium	Mesorhizobium_sp._AaZ16	86.728	85.5744	0	1596
DSNY-36-1-Ro|nifD|consensus50|pass_mixed_possible_multitemplate	DSNY-36-1-Ro	D03	Tephrosia sp.	9/18/24	5.165	247.92	Quarter	DSNY-Tephrosia-36	dry	root	Fabaceae	DSNY	Tephrosia	Millettieae	DSNY_006	Osceola	Florida	yes	NA	NA	20240430	Mesorhizobium	Mesorhizobium_sp._AaZ16	81.631	85.6397	0	1406
DELA-8-2-Ro|nifD|consensus50|pass_mixed_possible_multitemplate	DELA-8-2-Ro	D08	Hylodesmum pauciflorum	2/19/25	1.32	63.36	Quarter	DELA-8	dry	root	Fabaceae	DELA	Desmodium	Desmodieae	DELA_016	Green County	AL	yes	32.535793	-87.808361	8/13/24	Microvirga	Microvirga_lotononidis	84.897	85.5744	0	1467
HARV-3-1-Ro|nifD|consensus50|pass_mixed_possible_multitemplate	HARV-3-1-Ro	D01	Amphicarpaea bracteata	2/25/25	0.0865	4.152	Quarter	HARV-3	dry	root	Fabaceae	HARV	Amphicarpaea	Phaseoleae	HARV_027	Worcester	MA	yes	42.43131	-72.2523	8/22/24	Microvirga	Microvirga_sp._KLBC_81	85.373	84.7911	0	1471
OSBS-36-4-Ro|nifD|consensus50|pass_mixed_possible_multitemplate	OSBS-36-4-Ro	D03	Tephrosia virginiana	2/26/25	1.16	55.68	Quarter	OSBS-36	NA	root	Fabaceae	OSBS	Tephrosia	Millettieae	OSBS_006	Putnam	FL	yes	NA	NA	20240611	Mesorhizobium	Mesorhizobium_sp._WSM2240	84.885	85.5091	0	1480
JERC-124-2-No|nifD|consensus50|pass_mixed_possible_multitemplate	JERC-124-2-No	D03	Zornia bracteata	2/26/25	0	0	Quarter	JERC-124	dry	nodule	Fabaceae	JERC	Zornia	Dalbergieae	JERC_003	Baker County	Georgia	yes	31.195994	-84.473468	20240730	Mesorhizobium	Mesorhizobium_sp._WSM2240	86.757	82.3107	0	1502
OSBS-89-1-No|nifD|consensus50|pass_mixed_possible_multitemplate	OSBS-89-1-No	D03	Pediomelum canescens	2/13/25	0	0	Quarter	OSBS-89	dry	nodule	Fabaceae	OSBS	Pediomelum	Psoraleeae	OSBS_072	Putnam	FL	yes	NA	NA	20240827	Microvirga	Microvirga_lotononidis	84.721	85.4439	0	1469
DELA-9-1-Ro|nifD|consensus50|pass_mixed_possible_multitemplate	DELA-9-1-Ro	D08	Amphicarpaea bracteata	3/3/25	0.4305	20.664	Quarter	DELA-9	dry	root	Fabaceae	DELA	Amphicarpaea	Phaseoleae	DELA_016	Green County	AL	yes	32.535793	-87.808361	8/13/24	Microvirga	Microvirga_sp._KLBC_81	84.885	85.5091	0	1485
UKFS-52-1-Rh|nifD|consensus50|pass_single_dominant	UKFS-52-1-Rh	NA	NA	NA	NA	NA	NA	NA	NA	NA	NA	NA	NA	NA	NA	NA	NA	NA	NA	NA	NA	Microvirga	Microvirga_lotononidis	85.791	84.9869	0	1489
OSBS-36-4-No|nifD|consensus50|pass_mixed_possible_multitemplate	OSBS-36-4-No	D03	Tephrosia virginiana	2/26/25	0	0	Quarter	OSBS-36	NA	nodule	Fabaceae	OSBS	Tephrosia	Millettieae	OSBS_006	Putnam	FL	yes	NA	NA	20240611	Microvirga	Microvirga_sp._KLBC_81	86.966	85.6397	0	1592
SERC-1-1-Ro|nifD|consensus50|pass_mixed_possible_multitemplate	SERC-1-1-Ro	D02	Elaeagnus umbellata	4/15/25	0	0	Quarter	SERC-1	ethanol	root	Elaeagnaceae	SERC	Elaeagnus	actinorhizal	SERC_016	Anne Arundel	MD	no	38.899477	-76.547521	8/14/24	Mesorhizobium	Mesorhizobium_sp._WSM4083	82.124	85.4439	0	1245
TOOL-2-No|nifD|consensus50|pass_mixed_possible_multitemplate	TOOL-2-No	D18	Dryas integrifolia	4/24/25	0	0	Quarter	TOOL-2	ethanol	nodule	Rosaceae	TOOL	Dryas	actinorhizal	TOOL_041	North Slope Borough	Alaska	yes	NA	NA	20240704	Microvirga	Microvirga_sp._KLBC_81	85.845	85.3133	0	1506
WOOD-8-Rh|nifD|consensus50|pass_mixed_possible_multitemplate	WOOD-8-Rh	D09	Medicago lupulina	4/24/25	0	0	Quarter	WOOD-8	ethanol	rhizosphere	Fabaceae	WOOD	Medicago	Trifolieae	BARR_027	Stutsman	ND	no	47.12819	99.23817	9/23/24	Microvirga	Microvirga_sp._RSM25	85.031	84.5953	0	1483
NOGP-6-3-Rh|nifD|consensus50|pass_mixed_possible_multitemplate	NOGP-6-3-Rh	D09	Medicago sativa	5/2/25	0	0	Quarter	NOGP-6	dry	rhizosphere	Fabaceae	NOGP	Medicago	Trifolieae	NOGP_001	NA	ND	no	46.80621	-100.91555	6/27/24	Ensifer	Ensifer_aridi	81.222	58.7467	0	837
WOOD-4-1-No|nifD|consensus50|pass_mixed_possible_multitemplate	WOOD-4-1-No	D09	Elaeagnus commutata	5/2/25	0.082	3.936	Quarter	WOOD-4	ethanol	nodule	Elaeagnaceae	WOOD	Elaeagnus	actinorhizal	BARR_027	Stutsman	ND	no	47.14	99.24	9/23/24	Microvirga	Microvirga_sp._KLBC_81	82.555	85.3133	0	1312
CLBJ-44-1-Ro|nifD|consensus50|pass_mixed_possible_multitemplate	CLBJ-44-1-Ro	D11	Lespedeza stuevei	4/10/25	0.2585	12.408	Quarter	CLBJ-44	ethanol	root	Fabaceae	CLBJ	Lespedeza	Desmodieae	CLBJ_019_T	Wise	TX	yes	33.23718	-97.34163	9/4/24	Sinorhizobium	Sinorhizobium_meliloti_(Rhizobium_meliloti)	82.29	85.5091	0	1376
OSBS-CEVI-50-3-Rh|nifD|consensus50|pass_mixed_possible_multitemplate	OSBS-CEVI-50-3-Rh	D03	Centrosema virginiana	4/10/25	0	0	Quarter	OSBS-50	dry	rhizosphere	Fabaceae	OSBS	Centrosema	Phaseoleae	OSBS_002	Putnam	FL	yes	NA	NA	20240618	Azorhizobium	Azorhizobium_caulinodans	81.292	48.4987	0	654
SCBI-3-1-Ro|nifD|consensus50|pass_mixed_possible_multitemplate	SCBI-3-1-Ro	D02	Elaeagnus umbellata	4/23/25	0.224	10.752	Quarter	SCBI-3	ethanol	root	Elaeagnaceae	SCBI	Elaeagnus	actinorhizal	SCBI-006	Warren	VA	no	38.897638	-78.152008	6/26/24	Sinorhizobium	Sinorhizobium_meliloti_(Rhizobium_meliloti)	78.947	85.5744	0	1199
TEAK-3-1-Ro|nifD|consensus50|pass_mixed_possible_multitemplate	TEAK-3-1-Ro	D17	Acmispon americanus	4/15/25	0.6645	31.896	Quarter	TEAK-3	dry	root	Fabaceae	TEAK	Acmispon	Loteae	NA	Fresno	CA	yes	37.009052	-119.008213	#N/A	Mesorhizobium	Mesorhizobium_sp._WSM2240	79.954	84.9869	0	1194
DSNY-2-1-Ro|nifD|consensus50|pass_mixed_possible_multitemplate	DSNY-2-1-Ro	D03	Lupinus floridanus	8/19/24	1.38	66.24	Quarter	DSNY-LUFL-2	dry	root	Fabaceae	DSNY	Lupinus	Genisteae	DSNY_017	Polk	Florida	yes	28.056984	-81.403242	20240312	Sinorhizobium	Sinorhizobium_meliloti_(Rhizobium_meliloti)	84.962	85.5091	0	1408
DSNY-3-1-No|nifD|consensus50|pass_mixed_possible_multitemplate	DSNY-3-1-No	D03	Lupinus floridanus	8/19/24	1.12	53.76	Quarter	DSNY-3	dry	nodule	Fabaceae	DSNY	Lupinus	Genisteae	DSNY_006	Osceola	Florida	yes	28.09298025	-81.39932663	20240312	Mesorhizobium	Mesorhizobium_sp._WSM4083	80.581	85.3786	0	1253
DSNY-3-1-Ro|nifD|consensus50|pass_mixed_possible_multitemplate	DSNY-3-1-Ro	D03	Lupinus floridanus	8/19/24	0.661	31.728	Quarter	DSNY-3	dry	root	Fabaceae	DSNY	Lupinus	Genisteae	DSNY_006	Osceola	Florida	yes	28.09298025	-81.39932663	20240312	Microvirga	Microvirga_sp._RSM25	84.394	54.3734	0	896
JERC-135-3-No|nifD|consensus50|pass_mixed_possible_multitemplate	JERC-135-3-No	D03	Stylosanthes biflora	4/8/25	0.118	5.664	Quarter	JERC-135	dry	nodule	Fabaceae	JERC	Stylosanthes	Dalbergieae	JERC_048	Baker County	Georgia	yes	NA	NA	20240807	Sinorhizobium	Sinorhizobium_meliloti_(Rhizobium_meliloti)	83.117	85.4439	0	1264
JERC-RHRE-55-1-Rh|nifD|consensus50|pass_mixed_possible_multitemplate	JERC-RHRE-55-1-Rh	D03	Rhynchosia reniformis	12/4/24	0	0	Quarter	JERC-55	dry	rhizosphere	Fabaceae	JERC	Rhynchosia	Phaseoleae	JERC_050	Baker County	Georgia	yes	NA	NA	20240618	Mesorhizobium	Mesorhizobium_sp._AaZ16	82.42	85.7702	0	1373
DSNY-14-1-Rh|nifD|consensus50|pass_mixed_possible_multitemplate	DSNY-14-1-Rh	D03	Crotalaria pallida var. obovata	8/19/24	0	0	Quarter	DSNY-CRPA-14	dry	rhizosphere	Fabaceae	DSNY	Crotalaria	Crotalarieae	DSNY_044	Osceola	Florida	yes	28.12693243	-81.43561487	20240320	Microvirga	Microvirga_sp._KLBC_81	83.908	85.1828	0	1382
BLAN-3-1-Rh|nifD|consensus50|pass_mixed_possible_multitemplate	BLAN-3-1-Rh	D02	Kummerowia striata	4/23/25	0	0	Quarter	BLAN-3	ethanol	rhizosphere	Fabaceae	BLAN	Kummerowia	Desmodieae	BLAN_020	Clarke	VA	no	39.100957	-77.980777	8/13/24	Rhizobium	Rhizobium_leguminosarum	82.516	51.893	0	876
TALL-70-1-Rh|nifD|consensus50|pass_mixed_possible_multitemplate	TALL-70-1-Rh	D08	Lespedeza sp.	4/8/25	0.4445	21.336	Quarter	TALL-70	NA	rhizosphere	Fabaceae	TALL	Lespedeza	Desmodieae	TALL_055	Bibb County	AL	0	32.948535	-87.39881	9/3/24	Microvirga	Microvirga_sp._KLBC_81	82.519	85.5091	0	1256
RMNP-4-Rh|nifD|consensus50|pass_single_dominant	RMNP-4-Rh	D10	Oxytropis multiceps	4/24/25	0	0	Quarter	RMNP-4	dry	rhizosphere	Fabaceae	RMNP	Oxytropis	Galegeae	RMNP_016	Boulder	CO	yes	NA	NA	6/2/24	Sinorhizobium	Sinorhizobium_meliloti_(Rhizobium_meliloti)	87.645	50.718	0	955
NOGP-4-1-Rh|nifD|consensus50|pass_mixed_possible_multitemplate	NOGP-4-1-Rh	D09	Medicago lupulina	5/2/25	0	0	Quarter	NOGP-4	dry	rhizosphere	Fabaceae	NOGP	Medicago	Trifolieae	NOGP_064	NA	ND	no	46.77084	-100.9136386	6/25/24	Sinorhizobium	Sinorhizobium_meliloti_(Rhizobium_meliloti)	88.803	50.718	0	1011
DCFS-4-Rh|nifD|consensus50|pass_mixed_possible_multitemplate	DCFS-4-Rh	D09	Oxytropis lambertii	4/23/25	0	0	Quarter	DCFS-4	dry	rhizosphere	Fabaceae	DCFS	Oxytropis	Galegeae	DCFS_004	Stutsman	ND	yes	47.171157	99.05145	6/10/24	Sinorhizobium	Sinorhizobium_meliloti_(Rhizobium_meliloti)	83.78	85.3133	0	1459
JERC-DEST-32-1-No|nifD|consensus50|pass_mixed_possible_multitemplate	JERC-DEST-32-1-No	D03	Desmodium cf. strictum	12/4/24	4.455	213.84	Quarter	JERC-32	dry	nodule	Fabaceae	JERC	Desmodium	Desmodieae	JERC_007	Baker County	Georgia	yes	NA	NA	20240603	Sinorhizobium	Sinorhizobium_meliloti_(Rhizobium_meliloti)	85.245	85.3786	0	1591
TALL-74-3-No|nifD|consensus50|pass_mixed_possible_multitemplate	TALL-74-3-No	D08	Desmodium viridiflorum	4/8/25	0.2585	12.408	Quarter	TALL-74	dry	nodule	Fabaceae	TALL	Desmodium	Desmodieae	TALL_005	Hale County	AL	yes	32.896946	-87.397281	9/4/24	Sinorhizobium	Sinorhizobium_meliloti_(Rhizobium_meliloti)	86.239	85.3786	0	1559
TALL-71-2-No|nifD|consensus50|pass_mixed_possible_multitemplate	TALL-71-2-No	D08	Desmodium paniculatum	4/8/25	0.1115	5.352	Quarter	TALL-71	dry	nodule	Fabaceae	TALL	Desmodium	Desmodieae	TALL_055	Bibb County	AL	yes	32.948535	-87.39881	9/3/24	Sinorhizobium	Sinorhizobium_meliloti_(Rhizobium_meliloti)	85.109	47.7807	0	808
TALL-20-1-No|nifD|consensus50|pass_mixed_possible_multitemplate	TALL-20-1-No	D08	Desmodium paniculatum	4/8/25	0.32	15.36	Quarter	TALL-20	dry	nodule	Fabaceae	TALL	Desmodium	Desmodieae	TALL_002	Hale County	AL	yes	32.922291	-87.428794	8/22/24	Ensifer	Ensifer_sp._MPMI2T	81.269	85.3786	0	1194
TALL-22-No|nifD|consensus50|pass_mixed_possible_multitemplate	TALL-22-No	D08	Galactia volubilis	4/8/25	0	0	Quarter	TALL-22	NA	nodule	Fabaceae	TALL	Galactia	Diocleae	TALL_002	Hale County	AL	yes	32.922291	-87.428794	8/22/24	Sinorhizobium	Sinorhizobium_meliloti_(Rhizobium_meliloti)	86.615	50.718	0	893
CLBJ-41-1-Ro|nifD|consensus50|pass_mixed_possible_multitemplate	CLBJ-41-1-Ro	D11	Lespedeza cuneata	4/10/25	0	0	Quarter	CLBJ-41	ethanol	root	Fabaceae	CLBJ	Lespedeza	Desmodieae	CLBJ_034	Wise	TX	no	33.23685	-97.34119	9/2/24	Sinorhizobium	Sinorhizobium_meliloti_(Rhizobium_meliloti)	83.269	85.0522	0	1349
WOOD-9-Rh|nifD|consensus50|pass_mixed_possible_multitemplate	WOOD-9-Rh	D09	Medicago sativa	4/24/25	0	0	Quarter	WOOD-9	ethanol	rhizosphere	Fabaceae	WOOD	Medicago	Trifolieae	BARR_027	Stutsman	ND	no	47.12498	99.23862	9/23/24	Microvirga	Microvirga_sp._RSM25	83.997	85.248	0	1325
DSNY-92-1-Ro|nifD|consensus50|pass_mixed_possible_multitemplate	DSNY-92-1-Ro	D03	Crotalaria spectabilis	4/4/25	0	0	Quarter	DSNY-92	dry	root	Fabaceae	DSNY	Crotalaria	Crotalarieae	OSBS_031	Putnam	Florida	no	NA	NA	20240827	Sinorhizobium	Sinorhizobium_meliloti_(Rhizobium_meliloti)	86.744	50.718	0	922
YELL-5-3-Rh|nifD|consensus50|pass_single_dominant	YELL-5-3-Rh	D12	Astragalus miser	4/4/25	0	0	Quarter	YELL-5	ethanol	rhizosphere	Fabaceae	YELL	Astragalus	Galegeae	YELL_016	Park County	WY	yes	NA	NA	7/11/24	Ensifer	Ensifer_sp._MPMI2T	82.502	85.0522	0	1221
CPER-1-Ro|nifD|consensus50|pass_mixed_possible_multitemplate	CPER-1-Ro	D10	Astragalus bisulcatus	4/24/25	0.684	32.832	Quarter	CPER-1	dry	root	Fabaceae	CPER	Astragalus	Galegeae	CPER_012	Weld	CO	yes	NA	NA	6/13/24	Microvirga	Microvirga_sp._KLBC_81	83.732	84.6606	0	1415
TALL-18-1-Rh|nifD|consensus50|pass_mixed_possible_multitemplate	TALL-18-1-Rh	D08	Desmodium viridiflorum	4/8/25	0	0	Quarter	TALL-18	ethanol	rhizosphere	Fabaceae	TALL	Desmodium	Desmodieae	TALL_047	Bibb County	AL	yes	32.951506	-87.398919	8/21/24	Sinorhizobium	Sinorhizobium_meliloti_(Rhizobium_meliloti)	86.262	85.0522	0	1471
TOOL-3-Rh|nifD|consensus50|pass_mixed_possible_multitemplate	TOOL-3-Rh	D18	Dryas octopetala	4/24/25	0	0	Quarter	TOOL-3	ethanol	rhizosphere	Rosaceae	TOOL	Dryas	actinorhizal	TOOL_032	North Slope Borough	Alaska	yes	NA	NA	20240706	Mesorhizobium	Mesorhizobium_sp._WSM4083	86.483	54.5692	0	931
DCFS-7-1-Rh|nifD|consensus50|pass_single_dominant	DCFS-7-1-Rh	D09	Amorpha canescens	4/23/25	0	0	Quarter	DCFS-7	dry	rhizosphere	Fabaceae	DCFS	Amorpha	Amorpheae	DCFS_067	Stutsman	ND	yes	47.16096	99.11051	6/20/24	Sinorhizobium	Sinorhizobium_meliloti_(Rhizobium_meliloti)	87.567	85.0522	0	1535
WOOD-12-Ro|nifD|consensus50|pass_mixed_possible_multitemplate	WOOD-12-Ro	D09	Medicago sativa	4/24/25	0	0	Quarter	WOOD-12	ethanol	root	Fabaceae	WOOD	Medicago	Trifolieae	WOOD_030	Stutsman	ND	no	47.13885	-99.2415	9/26/24	Sinorhizobium	Sinorhizobium_meliloti_(Rhizobium_meliloti)	86.534	85.3133	0	1543
CPER-2-Rh|nifD|consensus50|pass_mixed_possible_multitemplate	CPER-2-Rh	D10	Melilotus officinalis	4/24/25	0	0	Quarter	CPER-2	dry	rhizosphere	Fabaceae	CPER	Melilotus	Trifolieae	CPER_002	Weld	CO	no	NA	NA	6/14/24	Sinorhizobium	Sinorhizobium_meliloti_(Rhizobium_meliloti)	88.485	84.4648	0	1672
DCFS-5-1-Rh|nifD|consensus50|pass_mixed_possible_multitemplate	DCFS-5-1-Rh	D09	Medicago lupulina	4/23/25	0	0	Quarter	DCFS-5	dry	rhizosphere	Fabaceae	DCFS	Medicago	Trifolieae	DCFS_065	Stutsman	ND	no	47.16085	99.11081	6/20/24	Sinorhizobium	Sinorhizobium_meliloti_(Rhizobium_meliloti)	84.182	84.5953	0	1404
OAES-36-3-Ro|nifD|consensus50|pass_single_dominant	OAES-36-3-Ro	D11	Melilotus officinalis	5/14/25	0	0	Quarter	OAES-36	ethanol	root	Fabaceae	OAES	Melilotus	Trifolieae	OAES_011_R	Washita	OK	no	35.40049	-99.06592	8/21/24	Sinorhizobium	Sinorhizobium_meliloti_(Rhizobium_meliloti)	88.889	85.1828	0	1611
HEAL-8-1-Ro|nifD|consensus50|pass_mixed_possible_multitemplate	HEAL-8-1-Ro	D19	Alnus viridis	4/4/25	0.1745	8.376	Quarter	HEAL-8	ethanol	root	Betulaceae	HEAL	Alnus	actinorhizal	HEAL_004	Denali Borough	Alaska	yes	63.86378 N	149.27284 W	20240723	Sinorhizobium	Sinorhizobium_meliloti_(Rhizobium_meliloti)	91.84	43.9948	0	976
NOGP-7-2-Rh|nifD|consensus50|pass_mixed_possible_multitemplate	NOGP-7-2-Rh	D09	Amorpha canescens	5/2/25	0	0	Quarter	NOGP-7	dry	rhizosphere	Fabaceae	NOGP	Amorpha	Amorpheae	NOGP_064	NA	ND	yes	46.77063	-100.9138092	6/25/24	Sinorhizobium	Sinorhizobium_meliloti_(Rhizobium_meliloti)	90.219	50.718	0	1062
JERC-100-1-Rh|nifD|consensus50|pass_mixed_possible_multitemplate	JERC-100-1-Rh	D03	Orbexilum lupinellum	5/14/25	0	0	Quarter	JERC-100	dry	rhizosphere	Fabaceae	JERC	Orbexilum	Psoraleeae	JERC_072Q	Baker County	Georgia	yes	NA	NA	20240625	Sinorhizobium	Sinorhizobium_meliloti_(Rhizobium_meliloti)	91.892	50.718	0	1094
NOGP-2-1-Rh|nifD|consensus50|pass_mixed_possible_multitemplate	NOGP-2-1-Rh	D09	Medicago sativa	4/23/25	0.414	19.872	Quarter	NOGP-2	dry	rhizosphere	Fabaceae	NOGP	Medicago	Trifolieae	NOGP_001	NA	ND	no	46.80621	-100.9157	6/27/24	Sinorhizobium	Sinorhizobium_meliloti_(Rhizobium_meliloti)	87.02	84.9869	0	1555
TALL-24-2-Rh|nifD|consensus50|pass_mixed_possible_multitemplate	TALL-24-2-Rh	D08	Strophostyles umbellata	4/8/25	0	0	Quarter	TALL-24	dry	rhizosphere	Fabaceae	TALL	Strophostyles	Phaseoleae	TALL_006	Hale County	AL	yes	32.90006	-87.44547	8/26/24	Ensifer	Ensifer_aridi	80.916	85.5091	0	1201
WOOD-10-1-Ro|nifD|consensus50|pass_mixed_possible_multitemplate	WOOD-10-1-Ro	D09	Medicago lupulina	4/24/25	0	0	Quarter	WOOD-10	ethanol	root	Fabaceae	WOOD	Medicago	Trifolieae	WOOD_030	Stutsman	ND	no	47.13885	-99.2415	9/26/24	Sinorhizobium	Sinorhizobium_meliloti_(Rhizobium_meliloti)	89.974	50.7833	0	1103
JERC-132-3-Rh|nifD|consensus50|pass_mixed_possible_multitemplate	JERC-132-3-Rh	D03	Desmodium marilandicum	4/8/25	0	0	Quarter	JERC-132	dry	rhizosphere	Fabaceae	JERC	Desmodium	Desmodieae	JERC_048	Baker County	Georgia	yes	NA	NA	20240807	Sinorhizobium	Sinorhizobium_meliloti_(Rhizobium_meliloti)	83.346	85.4439	0	1371
HEAL-4-1-Ro|nifD|consensus50|pass_mixed_possible_multitemplate	HEAL-4-1-Ro	D19	Alnus viridis	4/4/25	2.58	123.84	Quarter	HEAL-4	ethanol	root	Betulaceae	HEAL	Alnus	actinorhizal	HEAL_010	Denali Borough	Alaska	yes	63.87738 N	149.26297 W	20240723	Sinorhizobium	Sinorhizobium_meliloti_(Rhizobium_meliloti)	85.861	50.7833	0	883
JERC-150-Ro|nifD|consensus50|pass_mixed_possible_multitemplate	JERC-150-Ro	D03	Desmodium obtusum?	5/14/25	0	0	Quarter	JERC-150	dry	root	Fabaceae	JERC	Desmodium	Desmodieae	JERC_062	NA	Unknown	yes	NA	NA	20240924	Sinorhizobium	Sinorhizobium_meliloti_(Rhizobium_meliloti)	85.004	85.3133	0	1448
WOOD-11-1-Ro|nifD|consensus50|pass_mixed_possible_multitemplate	WOOD-11-1-Ro	D09	Medicago sativa	4/24/25	0	0	Quarter	WOOD-11	ethanol	root	Fabaceae	WOOD	Medicago	Trifolieae	WOOD_043	Stutsman	ND	no	47.13177	-99.2395	9/26/24	Sinorhizobium	Sinorhizobium_meliloti_(Rhizobium_meliloti)	89.833	50.718	0	998
TOOL-35-1-Rh|nifD|consensus50|pass_single_dominant	TOOL-35-1-Rh	D18	Dryas octopetala	5/23/25	0	0	Quarter	TOOL-35	ethanol	rhizosphere	Rosaceae	TOOL	Dryas	actinorhizal	TOOL_011	North Slope Borough	Alaska	yes	68.62774	-149.58777	20240711	Sinorhizobium	Sinorhizobium_meliloti_(Rhizobium_meliloti)	91.737	54.5039	0	1175
WOOD-5-1-Rh|nifD|consensus50|pass_mixed_possible_multitemplate	WOOD-5-1-Rh	D09	Dalea candida	4/24/25	0	0	Quarter	WOOD-5	ethanol	rhizosphere	Fabaceae	WOOD	Dalea	Amorpheae	BARR_027	Stutsman	ND	yes	47.13	99.24	9/23/24	Sinorhizobium	Sinorhizobium_meliloti_(Rhizobium_meliloti)	84.122	85.5091	0	1384
TOOL-1-Rh|nifD|consensus50|pass_mixed_possible_multitemplate	TOOL-1-Rh	D18	Dryas integrifolia	4/24/25	0	0	Quarter	TOOL-1	ethanol	rhizosphere	Rosaceae	TOOL	Dryas	actinorhizal	TOOL_041	North Slope Borough	Alaska	yes	NA	NA	20240704	Sinorhizobium	Sinorhizobium_meliloti_(Rhizobium_meliloti)	88.726	84.53	0	1644
WOOD-6-1-Rh|nifD|consensus50|pass_mixed_possible_multitemplate	WOOD-6-1-Rh	D09	Medicago lupulina	4/24/25	0	0	Quarter	WOOD-6	ethanol	rhizosphere	Fabaceae	WOOD	Medicago	Trifolieae	BARR_027	Stutsman	ND	no	47.12819	99.23817	9/23/24	Sinorhizobium	Sinorhizobium_meliloti_(Rhizobium_meliloti)	89.021	43.9948	0	867
WOOD-10-1-Rh|nifD|consensus50|pass_mixed_possible_multitemplate	WOOD-10-1-Rh	D09	Medicago lupulina	4/24/25	0	0	Quarter	WOOD-10	ethanol	rhizosphere	Fabaceae	WOOD	Medicago	Trifolieae	WOOD_030	Stutsman	ND	no	47.13885	-99.2415	9/26/24	Sinorhizobium	Sinorhizobium_meliloti_(Rhizobium_meliloti)	90.219	50.718	0	1050
WOOD-7-1-Rh|nifD|consensus50|pass_mixed_possible_multitemplate	WOOD-7-1-Rh	D09	Medicago lupulina	4/24/25	0	0	Quarter	WOOD-7	ethanol	rhizosphere	Fabaceae	WOOD	Medicago	Trifolieae	BARR_027	Stutsman	ND	no	47.12819	99.23817	9/23/24	Sinorhizobium	Sinorhizobium_meliloti_(Rhizobium_meliloti)	88.447	85.3133	0	1703
WOOD-12-Rh|nifD|consensus50|pass_single_dominant	WOOD-12-Rh	D09	Medicago sativa	4/24/25	0	0	Quarter	WOOD-12	ethanol	rhizosphere	Fabaceae	WOOD	Medicago	Trifolieae	WOOD_030	Stutsman	ND	no	47.13885	-99.2415	9/26/24	Sinorhizobium	Sinorhizobium_meliloti_(Rhizobium_meliloti)	88.427	43.9948	0	830
DEJU-59-Rh|nifD|consensus50|pass_mixed_possible_multitemplate	DEJU-59-Rh	D19	Alnus viridis	4/15/25	0	0	Quarter	DEJU-59	ethanol	rhizosphere	Betulaceae	DEJU	Alnus	actinorhizal	DEJU_045	NA	Unknown	yes	NA	NA	NA	Sinorhizobium	Sinorhizobium_meliloti_(Rhizobium_meliloti)	86.944	43.9948	0	787
TALL-22-Ro|nifD|consensus50|pass_mixed_possible_multitemplate	TALL-22-Ro	D08	Galactia volubilis	4/8/25	0.8085	38.808	Quarter	TALL-22	NA	root	Fabaceae	TALL	Galactia	Diocleae	TALL_002	Hale County	AL	yes	32.922291	-87.428794	8/22/24	Sinorhizobium	Sinorhizobium_meliloti_(Rhizobium_meliloti)	85.095	58.6815	0	953
OSBS-110-1-Rh|nifD|consensus50|pass_mixed_possible_multitemplate	OSBS-110-1-Rh	D03	Crotalaria incana	2/26/25	0.054	2.592	Quarter	OSBS-110	dry	rhizosphere	Fabaceae	OSBS	Crotalaria	Crotalarieae	OSBS_062	Putnam	FL	yes	NA	NA	20241202	Sinorhizobium	Sinorhizobium_meliloti_(Rhizobium_meliloti)	84.592	85.5744	0	1352
HEAL-1-2-Rh|nifD|consensus50|pass_single_dominant	HEAL-1-2-Rh	D19	Alnus viridis	4/4/25	0	0	Quarter	HEAL-1	ethanol	rhizosphere	Betulaceae	HEAL	Alnus	actinorhizal	HEAL_010	Denali Borough	Alaska	yes	63.87736 N	149.26331 W	20240723	Ensifer	Ensifer_sp._MPMI2T	82.872	51.8277	0	774
JERC-129-4-No|nifD|consensus50|pass_mixed_possible_multitemplate	JERC-129-4-No	D03	Desmodium strictum	4/8/25	0	0	Quarter	JERC-129	dry	nodule	Fabaceae	JERC	Desmodium	Desmodieae	JERC_048	Baker County	Georgia	yes	NA	NA	20240807	Sinorhizobium	Sinorhizobium_meliloti_(Rhizobium_meliloti)	85.861	50.7833	0	839
JERC-131-Rh|nifD|consensus50|pass_single_dominant	JERC-131-Rh	D03	Dalea carnea	4/8/25	0	0	Quarter	JERC-131	dry	rhizosphere	Fabaceae	JERC	Dalea	Amorpheae	JERC_048	Baker County	Georgia	yes	NA	NA	20240807	Sinorhizobium	Sinorhizobium_meliloti_(Rhizobium_meliloti)	85.262	84.5953	0	1380
OSBS-104-1-Ro|nifD|consensus50|pass_mixed_possible_multitemplate	OSBS-104-1-Ro	D03	Crotalaria maritima	4/15/25	0	0	Quarter	OSBS-104	dry	root	Fabaceae	OSBS	Crotalaria	Crotalarieae	OSBS_070	Putnam	Fl	yes	NA	NA	20241008	Bradyrhizobium	Bradyrhizobium_sp._PUT101	85.581	48.8903	0	813
NOGP-5-2-Rh|nifD|consensus50|pass_mixed_possible_multitemplate	NOGP-5-2-Rh	D09	Medicago lupulina	5/2/25	0.159	7.632	Quarter	NOGP-5	dry	rhizosphere	Fabaceae	NOGP	Medicago	Trifolieae	NOGP_064	NA	ND	no	46.77084	-100.9136386	6/25/24	Sinorhizobium	Sinorhizobium_meliloti_(Rhizobium_meliloti)	88.167	84.3995	0	1668
TOOL-28-No|nifD|consensus50|pass_single_dominant	TOOL-28-No	D18	Dryas integrifolia	5/23/25	0	0	Quarter	TOOL-28	ethanol	nodule	Rosaceae	TOOL	Dryas	actinorhizal	Tool_041	North Slope Borough	Alaska	yes	NA	NA	20240710	Sinorhizobium	Sinorhizobium_meliloti_(Rhizobium_meliloti)	86.418	82.1802	0	1450
TALL-67-1-Rh|nifD|consensus50|pass_mixed_possible_multitemplate	TALL-67-1-Rh	D08	Lespedeza repens	4/8/25	0	0	Quarter	TALL-67	dry	rhizosphere	Fabaceae	TALL	Lespedeza	Desmodieae	TALL_055	Bibb County	AL	yes	32.948748	-87.398587	9/3/24	Ensifer	Ensifer_sp._MPMI2T	81.697	53.8512	0	784
SCBI-10-1-Rh|nifD|consensus50|pass_mixed_possible_multitemplate	SCBI-10-1-Rh	D02	Lespedeza cuneata	4/24/25	0.29	13.92	Quarter	SCBI-1	ethanol	rhizosphere	Fabaceae	SCBI	Lespedeza	Desmodieae	SCBI-006	Warren	VA	no	38.897638	-78.152008	6/26/24	Mesorhizobium	Mesorhizobium_sp._WSM4083	82.861	50.6527	0	747
SJER-5-1-Rh|nifD|consensus50|pass_mixed_possible_multitemplate	SJER-5-1-Rh	D17	Lupinus bicolor	4/15/25	0	0	Quarter	SJER-5	dry	rhizosphere	Fabaceae	SJER	Lupinus	Genisteae	SJER_048	Fresno	CA	yes	37.110192	-119.734554	20240404	Azorhizobium	Azorhizobium_caulinodans_ORS_571	90.686	26.6319	1.7999999999999998e-158	553
SCBI-12-1-Rh|nifD|consensus50|pass_single_dominant	SCBI-12-1-Rh	D02	Amphicarpaea bracteata	4/24/25	0	0	Quarter	SCBI-12	ethanol	rhizosphere	Fabaceae	SCBI	Amphicarpaea	Phaseoleae	SCBI-011	Warren	VA	yes	38.878901	-78.139749	7/10/24	Sinorhizobium	Sinorhizobium_meliloti_(Rhizobium_meliloti)	86.465	49.6736	0	863
DSNY-88-1-Ro|nifD|consensus50|pass_mixed_possible_multitemplate	DSNY-88-1-Ro	D03	Desmodium triflorum	4/4/25	0	0	Quarter	DSNY-88	dry	root	Fabaceae	DSNY	Desmodium	Desmodieae	DSNY_001	Polk	Florida	yes	28.1019698	-81.4240004	20240904	Sinorhizobium	Sinorhizobium_meliloti_(Rhizobium_meliloti)	87.287	49.8042	0	889
RMNP-1-Rh|nifD|consensus50|pass_mixed_possible_multitemplate	RMNP-1-Rh	D10	Thermopsis divaricarpa	4/24/25	0	0	Quarter	RMNP-1	dry	rhizosphere	Fabaceae	RMNP	Thermopsis	Sophoreae	RMNP_019	Boulder	CO	yes	NA	NA	7/10/24	Mesorhizobium	Mesorhizobium_sp._WSM2240	85.431	85.5744	0	1428
RMNP-4-No|nifD|consensus50|pass_single_dominant	RMNP-4-No	D10	Oxytropis multiceps	4/24/25	0	0	Quarter	RMNP-4	dry	nodule	Fabaceae	RMNP	Oxytropis	Galegeae	RMNP_016	Boulder	CO	yes	NA	NA	6/2/24	Sinorhizobium	Sinorhizobium_meliloti_(Rhizobium_meliloti)	85.46	84.3995	0	1432
YELL-7-1-Rh|nifD|consensus50|pass_mixed_possible_multitemplate	YELL-7-1-Rh	D12	Astragalus sp.	4/4/25	0.679	32.592	Quarter	YELL-7	ethanol	rhizosphere	Fabaceae	YELL	Astragalus	Galegeae	YELL_016	Park County	WY	yes	NA	NA	7/11/24	Microvirga	Microvirga_sp._KLBC_81	84.904	85.1828	0	1408
DCFS-7-1-No|nifD|consensus50|pass_mixed_possible_multitemplate	DCFS-7-1-No	D09	Amorpha canescens	4/23/25	0	0	Quarter	DCFS-7	dry	nodule	Fabaceae	DCFS	Amorpha	Amorpheae	DCFS_067	Stutsman	ND	yes	47.16096	99.11051	6/20/24	Microvirga	Microvirga_sp._KLBC_81	85.802	85.0522	0	1435
JERC-158-Ro|nifD|consensus50|pass_single_dominant	JERC-158-Ro	D03	Chamaecrista fasciculata	2/27/25	0.109	5.232	Quarter	JERC-158	dry	root	Fabaceae	JERC	Chamaecrista	Cassieae	JERC_015	Baker County	Georgia	yes	NA	NA	20241002	Microvirga	Microvirga_sp._KLBC_81	85.957	84.5953	0	1400
WOOD-3-2-Rh|nifD|consensus50|pass_single_dominant	WOOD-3-2-Rh	D09	Melilotus officinalis	5/2/25	0	0	Quarter	WOOD-3	ethanol	rhizosphere	Fabaceae	WOOD	Melilotus	Trifolieae	WOOD_044	Stutsman	ND	no	47.12517	-99.2388	9/23/24	Microvirga	Microvirga_sp._KLBC_81	85.288	59.0078	0	955
DEJU-60-Rh|nifD|consensus50|pass_mixed_possible_multitemplate	DEJU-60-Rh	D19	Lupinus arcticus	4/15/25	0	0	Quarter	DEJU-60	ethanol	rhizosphere	Fabaceae	DEJU	Lupinus	Genisteae	DEJU_045	NA	Unknown	yes	NA	NA	NA	Sinorhizobium	Sinorhizobium_meliloti_(Rhizobium_meliloti)	87.645	50.718	0	915
JERC-139-5-No|nifD|consensus50|pass_mixed_possible_multitemplate	JERC-139-5-No	D03	Mimosa quadrivalvus	4/8/25	0.2545	12.216	Quarter	JERC-139	dry	nodule	Fabaceae	JERC	Mimosa	Mimosoideae	JERC_031	Baker County	Georgia	yes	NA	NA	20240821	Bradyrhizobium	Bradyrhizobium_sp._PUT101	83.578	48.8903	0	769
TALL-73-2-Rh|nifD|consensus50|pass_mixed_possible_multitemplate	TALL-73-2-Rh	D08	Morella cerifera	4/8/25	0	0	Quarter	TALL-73	dry	rhizosphere	Myricaceae	TALL	Morella	actinorhizal	TALL_R_022	Bibb County	AL	yes	32.906455	-87.390317	9/4/24	Microvirga	Microvirga_sp._KLBC_81	82.366	85.5091	0	1273
DEJU-55-Rh|nifD|consensus50|pass_mixed_possible_multitemplate	DEJU-55-Rh	D19	Alnus viridis	5/23/25	0	0	Quarter	DEJU-55	ethanol	rhizosphere	Betulaceae	DEJU	Alnus	actinorhizal	DEJU_045	NA	Unknown	yes	NA	NA	NA	Microvirga	Microvirga_lotononidis	86.641	85.5091	0	1520
JERC-151-No|nifD|consensus50|pass_mixed_possible_multitemplate	JERC-151-No	D03	Tephrosia virginiana	5/14/25	0.16	7.68	Quarter	JERC-151	dry	nodule	Fabaceae	JERC	Tephrosia	Millettieae	JERC_015	Baker County	Georgia	yes	NA	NA	20241002	Microvirga	Microvirga_sp._RSM25	88.294	52.4151	0	1009
MLBS-2-1-No|nifD|consensus50|pass_mixed_possible_multitemplate	MLBS-2-1-No	D07	Amphicarpaea bracteata	5/14/25	0	0	Quarter	MLBS-2	dry	nodule	Fabaceae	MLBS	Amphicarpaea	Phaseoleae	MLBS_075	Giles	VA	yes	37.373889	-80.523611	8/28/24	Mesorhizobium	Mesorhizobium_sp._WSM2240	85.725	85.5091	0	1461
TOOL-8-Rh|nifD|consensus50|pass_single_dominant	TOOL-8-Rh	D18	Astragalus umbellatus	4/24/25	0	0	Quarter	TOOL-8	ethanol	rhizosphere	Fabaceae	TOOL	Astragalus	Galegeae	TOOL_032	North Slope Borough	Alaska	yes	NA	NA	20240706	Mesorhizobium	Mesorhizobium_sp._WSM2240	90.413	53.7859	0	1094
JERC-142-Rh|nifD|consensus50|pass_single_dominant	JERC-142-Rh	D03	Centrosema virginiana	5/14/25	0	0	Quarter	JERC-142	dry	rhizosphere	Fabaceae	JERC	Centrosema	Phaseoleae	JERC_010	Baker County	Georgia	yes	NA	NA	20240821	Mesorhizobium	Mesorhizobium_sp._WSM2240	86.299	82.8982	0	1443
JERC-88-1-Rh|nifD|consensus50|pass_single_dominant	JERC-88-1-Rh	D03	Crotalaria juncea	5/14/25	0	0	Quarter	JERC-88	dry	rhizosphere	Fabaceae	JERC	Crotalaria	Crotalarieae	JERC_30R	Baker County	Georgia	no	31.18591667	-84.47521667	20240625	Microvirga	Microvirga_sp._KLBC_81	86.297	84.7911	0	1443
OSBS-37-1-Ro|nifD|consensus50|pass_mixed_possible_multitemplate	OSBS-37-1-Ro	D03	Chapmannia floridana	2/26/25	0.091	4.368	Quarter	OSBS-37	NA	root	Fabaceae	OSBS	Chapmannia	Dalbergieae	OSBS_029	Putnam	FL	yes	NA	NA	20240617	Microvirga	Microvirga_sp._KLBC_81	85.213	85.6397	0	1482
OSBS-6-1-Rh|nifD|consensus50|pass_mixed_possible_multitemplate	OSBS-6-1-Rh	D03	Morella cerifera	8/14/24	0.264	12.672	Quarter	OSBS-MOCE-6	dry	rhizosphere	Myricaceae	OSBS	Morella	actinorhizal	OSBS_005	Putnam	FL	yes	NA	NA	20240424	Mesorhizobium	Mesorhizobium_sp._WSM2240	83.69	54.8303	0	878
JERC-155-No|nifD|consensus50|pass_single_dominant	JERC-155-No	D03	Rhynchosia to?	2/27/25	0	0	Quarter	JERC-155	dry	nodule	Fabaceae	JERC	Rhynchosia	Phaseoleae	JERC_015	Baker County	Georgia	yes	NA	NA	20241002	Microvirga	Microvirga_sp._KLBC_81	86.89	85.6397	0	1482
OSBS-49-1-Rh|nifD|consensus50|pass_single_dominant	OSBS-49-1-Rh	D03	Lespedeza hirta	3/6/25	0	0	Quarter	OSBS-49	dry	rhizosphere	Fabaceae	OSBS	Lespedeza	Desmodieae	OSBS_002	Putnam	FL	yes	NA	NA	20240618	Microvirga	Microvirga_sp._KLBC_81	87.343	83.0287	0	1459
OSBS-69-1-Rh|nifD|consensus50|pass_mixed_possible_multitemplate	OSBS-69-1-Rh	D03	Lespedeza sp.	3/26/25	0	0	Quarter	OSBS-69	dry	rhizosphere	Fabaceae	OSBS	Lespedeza	Desmodieae	OSBS_008	Putnam	FL	0	NA	NA	20240723	Microvirga	Microvirga_sp._KLBC_81	86.87	85.5091	0	1535
BONA-4-Rh|nifD|consensus50|pass_mixed_possible_multitemplate	BONA-4-Rh	D19	Alnus viridis	3/3/25	0	0	Quarter	BONA-4	ethanol	rhizosphere	Betulaceae	BONA	Alnus	actinorhizal	BONA_072	NA	Alaska	yes	NA	NA	20240829	Microvirga	Microvirga_sp._KLBC_81	84.911	84.7911	0	1386
OSBS-35-1-Rh|nifD|consensus50|pass_mixed_possible_multitemplate	OSBS-35-1-Rh	D03	Chapmannia floridana	3/6/25	0	0	Quarter	OSBS-35	NA	rhizosphere	Fabaceae	OSBS	Chapmannia	Dalbergieae	OSBS_006	Putnam	FL	yes	NA	NA	20240611	Microvirga	Microvirga_sp._KLBC_81	85.899	85.6397	0	1441
KONZ-4-1-Ro|nifD|consensus50|pass_mixed_possible_multitemplate	KONZ-4-1-Ro	D06	Lespedeza capitata	8/29/24	0.2695	12.936	Quarter	KONZ-4	dry	root	Fabaceae	KONZ	Lespedeza	Desmodieae	KONZ_042	Riley	KS	yes	39.09968	-96.56345	20240710	Rhizobium	Rhizobium_azibense	89.268	51.6971	0	1018
KONZ-5-1-Ro|nifD|consensus50|pass_single_dominant	KONZ-5-1-Ro	D06	Desmodium perplexum	9/18/24	0.2255	10.824	Quarter	KONZ-5	dry	root	Fabaceae	KONZ	Desmodium	Desmodieae	KONZ_024	Riley	KS	yes	39.11098	-96.55236	20240710	Microvirga	Microvirga_sp._KLBC_81	87.691	85.3786	0	1524
KONZ-6-1-Rh|nifD|consensus50|pass_single_dominant	KONZ-6-1-Rh	D06	Dalea purpurea	9/18/24	0	0	Quarter	KONZ-6	dry	rhizosphere	Fabaceae	KONZ	Dalea	Amorpheae	KONZ_042	Riley	KS	yes	39.09968	-96.56423	20240710	Microvirga	Microvirga_sp._KLBC_81	87.5	85.6397	0	1522
DSNY-CRMA-33-1-Ro|nifD|consensus50|pass_single_dominant	DSNY-CRMA-33-1-Ro	D03	Crotalaria maritima	9/18/24	0	0	Quarter	DSNY-CRMA-33	dry	root	Fabaceae	DSNY	Crotalaria	Crotalarieae	DSNY_001	Osceola	Florida	yes	NA	NA	20240402	Microvirga	Microvirga_lotononidis	86.89	85.6397	0	1509
TALL-32-1-Ro|nifD|consensus50|pass_mixed_possible_multitemplate	TALL-32-1-Ro	D08	Lespedeza sp.	4/1/25	0	0	Quarter	TALL-32	NA	root	Fabaceae	TALL	Lespedeza	Desmodieae	TALL_003	Bibb County	AL	0	32.89429	-87.4163	8/26/24	Microvirga	Microvirga_lotononidis	87.875	50.0653	0	944
KONZ-3-1-Rh|nifD|consensus50|pass_single_dominant	KONZ-3-1-Rh	D06	Lespedeza capitata	8/29/24	0	0	Quarter	KONZ-3	dry	rhizosphere	Fabaceae	KONZ	Lespedeza	Desmodieae	KONZ_005	Riley	KS	yes	39.10294	-96.5637	20240703	Microvirga	Microvirga_sp._KLBC_81	87.424	85.6397	0	1526
DSNY-GAEL-33-1-Rh|nifD|consensus50|pass_mixed_possible_multitemplate	DSNY-GAEL-33-1-Rh	D03	Galactia elliottii	9/18/24	0	0	Quarter	DSNY-GAEL-33	dry	rhizosphere	Fabaceae	DSNY	Galactia	Diocleae	DSNY_003	Polk	Florida	yes	NA	NA	20240430	Microvirga	Microvirga_sp._KLBC_81	86.738	85.6397	0	1507
JERC-186-1-Ro|nifD|consensus50|pass_single_dominant	JERC-186-1-Ro	D03	Desmodium ciliare	4/3/25	0	0	Quarter	JERC-186	dry	root	Fabaceae	JERC	Desmodium	Desmodieae	JERC_051	Baker County	Georgia	yes	NA	NA	20241028	Microvirga	Microvirga_sp._KLBC_81	87.432	83.6162	0	1485
JERC-202-1-No|nifD|consensus50|pass_mixed_possible_multitemplate	JERC-202-1-No	D03	Lespedeza hirta	4/3/25	0.106	5.088	Quarter	JERC-202	dry	nodule	Fabaceae	JERC	Lespedeza	Desmodieae	JERC_004	Baker County	Georgia	yes	NA	NA	20241029	Microvirga	Microvirga_sp._RSM25	83.966	84.2689	0	1360
OSBS-25-1-Rh|nifD|consensus50|pass_mixed_possible_multitemplate	OSBS-25-1-Rh	D03	Tephrosia virginiana	3/26/25	0	0	Quarter	OSBS-25	dry	rhizosphere	Fabaceae	OSBS	Tephrosia	Millettieae	OSBS_031	Putnam	FL	yes	NA	NA	20240611	Microvirga	Microvirga_sp._KLBC_81	86.596	85.705	0	1496
JERC-93-1-Rh|nifD|consensus50|pass_mixed_possible_multitemplate	JERC-93-1-Rh	D03	Desmodium viridiflorum	3/26/25	0	0	Quarter	JERC-93	dry	rhizosphere	Fabaceae	JERC	Desmodium	Desmodieae	JERC_047	Baker County	Georgia	yes	NA	NA	20240625	Microvirga	Microvirga_sp._KLBC_81	85.758	85.705	0	1447
DSNY-CRMA-33-1-No|nifD|consensus50|pass_mixed_possible_multitemplate	DSNY-CRMA-33-1-No	D03	Crotalaria maritima	9/18/24	0	0	Quarter	DSNY-CRMA-33	dry	nodule	Fabaceae	DSNY	Crotalaria	Crotalarieae	DSNY_001	Osceola	Florida	yes	NA	NA	20240402	Microvirga	Microvirga_sp._KLBC_81	86.433	85.6397	0	1472
OSBS-66-1-Rh|nifD|consensus50|pass_mixed_possible_multitemplate	OSBS-66-1-Rh	D03	Chamaecrista nictitans	3/6/25	0	0	Quarter	OSBS-66	dry	rhizosphere	Fabaceae	OSBS	Chamaecrista	Cassieae	OSBS_008	Putnam	FL	yes	NA	NA	20240723	Microvirga	Microvirga_sp._KLBC_81	83.994	85.6397	0	1363
DSNY-GAEL-33-1-No|nifD|consensus50|pass_mixed_possible_multitemplate	DSNY-GAEL-33-1-No	D03	Galactia elliottii	9/18/24	0	0	Quarter	DSNY-GAEL-33	dry	nodule	Fabaceae	DSNY	Galactia	Diocleae	DSNY_003	Polk	Florida	yes	NA	NA	20240430	Microvirga	Microvirga_sp._RSM25	86.966	85.6397	0	1583
DEJU-38-Rh|nifD|consensus50|pass_mixed_possible_multitemplate	DEJU-38-Rh	D19	Lupinus arcticus	2/19/25	0	0	Quarter	DEJU-38	ethanol	rhizosphere	Fabaceae	DEJU	Lupinus	Genisteae	DEJU_015	NA	Alaska	yes	NA	NA	NA	Microvirga	Microvirga_sp._KLBC_81	85.084	50.3264	0	843
KONZ-3-1-Ro|nifD|consensus50|pass_mixed_possible_multitemplate	KONZ-3-1-Ro	D06	Lespedeza capitata	8/29/24	0	0	Quarter	KONZ-3	dry	root	Fabaceae	KONZ	Lespedeza	Desmodieae	KONZ_005	Riley	KS	yes	39.10294	-96.5637	20240703	Microvirga	Microvirga_sp._KLBC_81	86.585	85.6397	0	1496
DSNY-CRMA-33-1-Rh|nifD|consensus50|pass_mixed_possible_multitemplate	DSNY-CRMA-33-1-Rh	D03	Crotalaria maritima	9/18/24	0	0	Quarter	DSNY-CRMA-33	dry	rhizosphere	Fabaceae	DSNY	Crotalaria	Crotalarieae	DSNY_001	Osceola	Florida	yes	NA	NA	20240402	Microvirga	Microvirga_sp._KLBC_81	86.728	84.5953	0	1485
DCFS-4-Ro|nifD|consensus50|pass_mixed_possible_multitemplate	DCFS-4-Ro	D09	Oxytropis lambertii	4/23/25	0	0	Quarter	DCFS-4	dry	root	Fabaceae	DCFS	Oxytropis	Galegeae	DCFS_004	Stutsman	ND	yes	47.171157	99.05145	6/10/24	Microvirga	Microvirga_lotononidis	84.17	84.53	0	1387
YELL-6-1-Rh|nifD|consensus50|pass_mixed_possible_multitemplate	YELL-6-1-Rh	D12	Astragalus sp.	4/4/25	0	0	Quarter	YELL-6	ethanol	rhizosphere	Fabaceae	YELL	Astragalus	Galegeae	YELL_026	Park County	WY	yes	NA	NA	7/11/24	Microvirga	Microvirga_sp._KLBC_81	85.605	85.248	0	1441
OSBS-59-1-Rh|nifD|consensus50|pass_single_dominant	OSBS-59-1-Rh	D03	Galactia regularis	2/26/25	0	0	Quarter	OSBS-59	dry	rhizosphere	Fabaceae	OSBS	Galactia	Diocleae	OSBS_004	Putnam	FL	#N/A	NA	NA	20240618	Microvirga	Microvirga_sp._KLBC_81	85.137	85.6397	0	1421
CLBJ-25-2-No|nifD|consensus50|pass_single_dominant	CLBJ-25-2-No	D11	Dalea tenuis	9/18/24	0	0	Quarter	CLBJ-25	ethanol	nodule	Fabaceae	CLBJ	Dalea	Amorpheae	CLBJ_035_R	Wise	TX	yes	33.32974	-97.5792	6/4/24	Bradyrhizobium	Bradyrhizobium_sp._PUT101	87.384	49.1514	0	852
CLBJ-25-2-Rh|nifD|consensus50|pass_single_dominant	CLBJ-25-2-Rh	D11	Dalea tenuis	9/18/24	0	0	Quarter	CLBJ-25	ethanol	rhizosphere	Fabaceae	CLBJ	Dalea	Amorpheae	CLBJ_035_R	Wise	TX	yes	33.32974	-97.5792	6/4/24	Azorhizobium	Azorhizobium_caulinodans	87.766	49.0862	0	865
CLBJ-26-1-Ro|nifD|consensus50|pass_mixed_possible_multitemplate	CLBJ-26-1-Ro	D11	Strophostyles leiosperma	9/18/24	0	0	Quarter	CLBJ-26	ethanol	root	Fabaceae	CLBJ	Strophostyles	Phaseoleae	CLBJ_035_R	Wise	TX	yes	33.32974	-97.5792	6/4/24	Microvirga	Microvirga_lotononidis	85.747	85.6397	0	1454
DSNY-GARE-35-1-Rh|nifD|consensus50|pass_single_dominant	DSNY-GARE-35-1-Rh	D03	Galactia regularis cf sp.	9/18/24	0	0	Quarter	DSNY-GARE-35	dry	rhizosphere	Fabaceae	DSNY	Galactia	Diocleae	DSNY_006	Osceola	Florida	yes	NA	NA	20240430	Microvirga	Microvirga_lotononidis	86.991	49.6736	0	863
DSNY-GARE-35-1-No|nifD|consensus50|pass_mixed_possible_multitemplate	DSNY-GARE-35-1-No	D03	Galactia regularis cf sp.	9/18/24	0	0	Quarter	DSNY-GARE-35	dry	nodule	Fabaceae	DSNY	Galactia	Diocleae	DSNY_006	Osceola	Florida	yes	NA	NA	20240430	Microvirga	Microvirga_lotononidis	86.832	50.0653	0	878
GUAN-9-1-Rh|nifD|consensus50|pass_mixed_possible_multitemplate	GUAN-9-1-Rh	D04	Leucaena leucocephala	1/23/25	1.015	48.72	Quarter	GUAN-9	dry	rhizosphere	Fabaceae	GUAN	Leucaena	Mimosoideae	GUAN_049	Guanica	P.R	no	17.968	-66.864449	10/31/24	Microvirga	Microvirga_sp._KLBC_81	85.49	49.9347	0	846
CLBJ-25-2-Ro|nifD|consensus50|pass_single_dominant	CLBJ-25-2-Ro	D11	Dalea tenuis	9/18/24	0	0	Quarter	CLBJ-25	ethanol	root	Fabaceae	CLBJ	Dalea	Amorpheae	CLBJ_035_R	Wise	TX	yes	33.32974	-97.5792	6/4/24	Microvirga	Microvirga_sp._KLBC_81	85.878	85.5091	0	1395
CLBJ-29-2-Ro|nifD|consensus50|pass_single_dominant	CLBJ-29-2-Ro	D11	Dalea aurea	9/18/24	0.088	4.224	Quarter	CLBJ-29	ethanol	root	Fabaceae	CLBJ	Dalea	Amorpheae	CLBJ_037_R	Wise	TX	yes	33.322109	-97.58278	6/5/24	Azorhizobium	Azorhizobium_caulinodans	87.268	49.2167	0	852
JERC-48-3-Rh|nifD|consensus50|pass_mixed_possible_multitemplate	JERC-48-3-Rh	D03	Crotalaria rotundifolia	12/4/24	0	0	Quarter	JERC-48	dry	rhizosphere	Fabaceae	JERC	Crotalaria	Crotalarieae	JERC_002	Baker County	Georgia	yes	NA	NA	20240604	Microvirga	Microvirga_sp._KLBC_81	84.909	85.6397	0	1395
CLBJ-31-2-Ro|nifD|consensus50|pass_mixed_possible_multitemplate	CLBJ-31-2-Ro	D11	Acmispon americanus	9/18/24	0	0	Quarter	CLBJ-31	ethanol	root	Fabaceae	CLBJ	Acmispon	Loteae	CLBJ_036_R	Wise	TX	yes	33.397578	-97.57995	6/11/24	Azorhizobium	Azorhizobium_caulinodans	84.993	49.1514	0	819
CLBJ-27-1-Ro|nifD|consensus50|pass_mixed_possible_multitemplate	CLBJ-27-1-Ro	D11	Desmanthus illinoiensis	9/18/24	0.14	6.72	Quarter	CLBJ-27	ethanol	root	Fabaceae	CLBJ	Desmanthus	Mimosoideae	CLBJ_035_R	Wise	TX	yes	33.32974	-97.5792	6/4/24	Microvirga	Microvirga_sp._KLBC_81	85.835	84.7911	0	1410
JERC-45-5-Ro|nifD|consensus50|pass_mixed_possible_multitemplate	JERC-45-5-Ro	D03	Stylosanthes biflora	12/4/24	0.3935	18.888	Quarter	JERC-45	dry	root	Fabaceae	JERC	Stylosanthes	Dalbergieae	JERC_005	Baker County	Georgia	yes	NA	NA	20240604	Microvirga	Microvirga_sp._KLBC_81	82.542	85.248	0	1304
OSBS-82-1-Ro|nifD|consensus50|pass_single_dominant	OSBS-82-1-Ro	D03	Stylosanthes biflora	2/13/25	NA	0	Quarter	OSBS-82	dry	root	Fabaceae	OSBS	Stylosanthes	Dalbergieae	OSBS_004	Putnam	FL	yes	NA	NA	20240822	Microvirga	Microvirga_sp._KLBC_81	86.49	51.6971	0	881
CLBJ-27-1-Rh|nifD|consensus50|pass_mixed_possible_multitemplate	CLBJ-27-1-Rh	D11	Desmanthus illinoiensis	9/18/24	0	0	Quarter	CLBJ-27	ethanol	rhizosphere	Fabaceae	CLBJ	Desmanthus	Mimosoideae	CLBJ_035_R	Wise	TX	yes	33.32974	-97.5792	6/4/24	Microvirga	Microvirga_sp._KLBC_81	86.291	85.705	0	1456
OSBS-49-1-Ro|nifD|consensus50|pass_mixed_possible_multitemplate	OSBS-49-1-Ro	D03	Lespedeza hirta	3/6/25	0.8215	39.432	Quarter	OSBS-49	dry	root	Fabaceae	OSBS	Lespedeza	Desmodieae	OSBS_002	Putnam	FL	yes	NA	NA	20240618	Microvirga	Microvirga_sp._KLBC_81	83.679	50.3916	0	793
DSNY-49-2-Rh|nifD|consensus50|pass_single_dominant	DSNY-49-2-Rh	D03	Chamaecrista nictitans	9/18/24	0	0	Quarter	DSNY-CHNI2-49	dry	rhizosphere	Fabaceae	DSNY	Chamaecrista	Cassieae	DSNY_043	Osceola	Florida	yes	NA	NA	20240529	Azorhizobium	Azorhizobium_caulinodans	88.032	49.0862	0	878
JERC-LEVI-79-2-Rh|nifD|consensus50|pass_single_dominant	JERC-LEVI-79-2-Rh	D03	Lespedeza virginica	12/4/24	0	0	Quarter	JERC-79	dry	rhizosphere	Fabaceae	JERC	Lespedeza	Desmodieae	JERC_047	Baker County	Georgia	yes	NA	NA	20240618	Azorhizobium	Azorhizobium_caulinodans	87.333	48.9556	0	874
LAJA-2-1-Rh|nifD|consensus50|pass_mixed_possible_multitemplate	LAJA-2-1-Rh	D04	Mimosa pudica	3/26/25	0	0	Quarter	LAJA-2	dry	rhizosphere	Fabaceae	LAJA	Mimosa	Mimosoideae	LAJA_002	LAJA	P.R	yes	18.035349	-67.073331	8/21/24	Rhizobium	Rhizobium_sophoriradicis	81.047	52.3499	0	739
DEJU-12-1-Rh|nifD|consensus50|pass_mixed_possible_multitemplate	DEJU-12-1-Rh	D19	Lupinus arcticus	3/26/25	0	0	Quarter	DEJU-12	ethanol	rhizosphere	Fabaceae	DEJU	Lupinus	Genisteae	DEJU_006	NA	Alaska	yes	NA	NA	NA	Microvirga	Microvirga_sp._KLBC_81	84.211	85.5744	0	1358
TALL-41-3-Rh|nifD|consensus50|pass_mixed_possible_multitemplate	TALL-41-3-Rh	D08	Lespedeza sp.	3/28/25	0	0	Quarter	TALL-41	NA	rhizosphere	Fabaceae	TALL	Lespedeza	Desmodieae	TALL_016	Bibb County	AL	0	32.97187	-87.4189	8/26/24	Microvirga	Microvirga_lotononidis	83.442	50.0653	0	787
DSNY-101-1-Rh|nifD|consensus50|pass_mixed_possible_multitemplate	DSNY-101-1-Rh	D03	Crotalaria spectabilis	2/26/25	0	0	Quarter	DSNY-101	dry	rhizosphere	Fabaceae	DSNY	Crotalaria	Crotalarieae	NA	Osceola	FLorida	no	NA	NA	20241211	Microvirga	Microvirga_sp._KLBC_81	86.836	84.7911	0	1469
JERC-50-5-Rh|nifD|consensus50|pass_mixed_possible_multitemplate	JERC-50-5-Rh	D03	Chamaecrista nictitans	12/4/24	0	0	Quarter	JERC-50	dry	rhizosphere	Fabaceae	JERC	Chamaecrista	Cassieae	JERC_002	Baker County	Georgia	yes	NA	NA	20240604	Microvirga	Microvirga_sp._KLBC_81	85.747	85.6397	0	1423
JERC-196-3-No|nifD|consensus50|pass_mixed_possible_multitemplate	JERC-196-3-No	D03	Desmodium nuttallii	4/3/25	0.052	2.496	Quarter	JERC-196	dry	nodule	Fabaceae	JERC	Desmodium	Desmodieae	JERC_067	Baker County	Georgia	yes	NA	NA	20241028	Microvirga	Microvirga_sp._KLBC_81	86.509	55.1567	0	970
DSNY-65-1-No|nifD|consensus50|pass_mixed_possible_multitemplate	DSNY-65-1-No	D03	Desmodium triflorum	2/24/25	0	0	Quarter	DSNY-65	dry	nodule	Fabaceae	DSNY	Desmodium	Desmodieae	DSNY_034	Polk	Florida	yes	NA	NA	20240820	Microvirga	Microvirga_sp._KLBC_81	85.758	85.705	0	1411
JERC-155-Ro|nifD|consensus50|pass_mixed_possible_multitemplate	JERC-155-Ro	D03	Rhynchosia to?	2/27/25	0	0	Quarter	JERC-155	dry	root	Fabaceae	JERC	Rhynchosia	Phaseoleae	JERC_015	Baker County	Georgia	yes	NA	NA	20241002	Microvirga	Microvirga_sp._KLBC_81	84.758	84.7911	0	1384
JERC-CLMA-62-5-Rh|nifD|consensus50|pass_mixed_possible_multitemplate	JERC-CLMA-62-5-Rh	D03	Clitoria mariana	12/4/24	0	0	Quarter	JERC-62	dry	rhizosphere	Fabaceae	JERC	Clitoria	Phaseoleae	JERC_050	Baker County	Georgia	yes	NA	NA	20240618	Microvirga	Microvirga_sp._KLBC_81	86.433	85.6397	0	1485
JERC-50-5-Ro|nifD|consensus50|pass_mixed_possible_multitemplate	JERC-50-5-Ro	D03	Chamaecrista nictitans	12/4/24	0.0605	2.904	Quarter	JERC-50	dry	root	Fabaceae	JERC	Chamaecrista	Cassieae	JERC_002	Baker County	Georgia	yes	NA	NA	20240604	Microvirga	Microvirga_sp._KLBC_81	85.91	85.705	0	1439
JERC-DEST-32-1-Rh|nifD|consensus50|pass_single_dominant	JERC-DEST-32-1-Rh	D03	Desmodium cf. strictum	12/4/24	0	0	Quarter	JERC-32	dry	rhizosphere	Fabaceae	JERC	Desmodium	Desmodieae	JERC_007	Baker County	Georgia	yes	NA	NA	20240603	Microvirga	Microvirga_sp._KLBC_81	84.692	85.705	0	1365
DSNY-67-3-Rh|nifD|consensus50|pass_single_dominant	DSNY-67-3-Rh	D03	Desmodium triflorum	2/24/25	0	0	Quarter	DSNY-67	dry	rhizosphere	Fabaceae	DSNY	Desmodium	Desmodieae	DSNY_021	Polk	Florida	yes	28.0490055	-81.4001861	20240821	Microvirga	Microvirga_sp._KLBC_81	86.443	85.705	0	1448
DSNY-68-1-Rh|nifD|consensus50|pass_single_dominant	DSNY-68-1-Rh	D03	Desmodium triflorum	2/24/25	0	0	Quarter	DSNY-68	dry	rhizosphere	Fabaceae	DSNY	Desmodium	Desmodieae	DSNY_043	Polk	Florida	yes	28.1252617	-81.4363446	20240904	Bradyrhizobium	Bradyrhizobium_sp._PUT101	87.268	49.2167	0	846
DELA-22-1-Rh|nifD|consensus50|pass_mixed_possible_multitemplate	DELA-22-1-Rh	D08	Albizia julibrissin	4/4/25	0	0	Quarter	DELA-22	dry	rhizosphere	Fabaceae	DELA	Albizia	Mimosoideae	DELA_041	Green County	AL	no	32.53927	-87.80968	8/14/24	Microvirga	Microvirga_sp._KLBC_81	86.064	85.248	0	1437
DSNY-CLFR-60-Ro|nifD|consensus50|pass_mixed_possible_multitemplate	DSNY-CLFR-60-Ro	D03	Macroptilium lathyroides	2/27/25	0	0	Quarter	DSNY-CLFR-60	dry	root	Fabaceae	DSNY	Sesbania	Sesbanieae	DSNY_021	Polk	Florida	yes	28.0490055	-81.4001861	20240821	Microvirga	Microvirga_sp._RSM25	84.167	54.8303	0	913
OSBS-67-1-No|nifD|consensus50|pass_single_dominant	OSBS-67-1-No	D03	Rhynchosia reniformis	2/26/25	0	0	Quarter	OSBS-67	dry	nodule	Fabaceae	OSBS	Rhynchosia	Phaseoleae	OSBS_008	Putnam	FL	yes	NA	NA	20240723	Microvirga	Microvirga_sp._KLBC_81	85.988	85.248	0	1413
JERC-47-2-Ro|nifD|consensus50|pass_mixed_possible_multitemplate	JERC-47-2-Ro	D03	Indigofera hirsuta	12/4/24	0.1445	6.936	Quarter	JERC-47	dry	root	Fabaceae	JERC	Indigofera	Indigofereae	JERC_005	Baker County	Georgia	no	NA	NA	20240604	Microvirga	Microvirga_sp._KLBC_81	85.637	84.0731	0	1402
JERC-119-Ro|nifD|consensus50|pass_mixed_possible_multitemplate	JERC-119-Ro	D03	Desmodium marilandicum	2/25/25	0	0	Quarter	JERC-119	dry	root	Fabaceae	JERC	Desmodium	Desmodieae	JERC_003	Baker County	Georgia	yes	31.196291	-84.47345	20240730	Microvirga	Microvirga_sp._KLBC_81	85.747	85.6397	0	1465
JERC-54-2-Ro|nifD|consensus50|pass_single_dominant	JERC-54-2-Ro	D03	Orbexilum lupinellum	12/4/24	0.076	3.648	Quarter	JERC-54	dry	root	Fabaceae	JERC	Orbexilum	Psoraleeae	JERC_057	Baker County	Georgia	yes	31.12.137	-84.28.195	20240611	Microvirga	Microvirga_sp._KLBC_81	87.032	52.3499	0	935
LENO-14-3-Ro|nifD|consensus50|pass_mixed_possible_multitemplate	LENO-14-3-Ro	D08	Hylodesmum pauciflorum	2/25/25	0.1345	6.456	Quarter	LENO-14	dry	root	Fabaceae	LENO	Desmodium	Desmodieae	LENO_021	Choctaw County	AL	yes	31.834449	-88.170754	7/3/24	Microvirga	Microvirga_sp._KLBC_81	83.765	85.6397	0	1373
DELA-19-1-Ro|nifD|consensus50|pass_mixed_possible_multitemplate	DELA-19-1-Ro	D08	Amorpha fruticosa	4/4/25	0	0	Quarter	DELA-19	dry	root	Fabaceae	DELA	Amorpha	Amorpheae	DELA_008	Green County	AL	yes	32.53861	-87.81298	8/14/24	Microvirga	Microvirga_sp._KLBC_81	85.878	85.5091	0	1437
JERC-198-Ro|nifD|consensus50|pass_mixed_possible_multitemplate	JERC-198-Ro	D03	Chamaecrista fasciculata	4/24/25	0	0	Quarter	JERC-198	dry	root	Fabaceae	JERC	Chamaecrista	Cassieae	JERC_004	Baker County	Georgia	yes	31.1903745	-84.4660419	20241029	Microvirga	Microvirga_sp._RSM25	86.426	52.4151	0	905
JERC-DEFL-75-3-Ro|nifD|consensus50|pass_single_dominant	JERC-DEFL-75-3-Ro	D03	Desmodium floridanum	12/4/24	0	0	Quarter	JERC-75	dry	root	Fabaceae	JERC	Desmodium	Desmodieae	JERC_047	Baker County	Georgia	yes	NA	NA	20240618	Microvirga	Microvirga_sp._KLBC_81	83.708	84.1384	0	1303
JERC-DEST-68-4-Rh|nifD|consensus50|pass_single_dominant	JERC-DEST-68-4-Rh	D03	Desmodium strictum	12/4/24	0.068	3.264	Quarter	JERC-68	dry	rhizosphere	Fabaceae	JERC	Desmodium	Desmodieae	JERC_050	Baker County	Georgia	yes	NA	NA	20240618	Bradyrhizobium	Bradyrhizobium_sp._RDT10	84.687	49.0209	0	780
UKFS-3-2-No|nifD|consensus50|pass_single_dominant	UKFS-3-2-No	D06	Hylodesmum glutinosum	9/25/24	0	0	Quarter	UKFS-3	dry	nodule	Fabaceae	UKFS	Desmodium	Desmodieae	UKFS_001	Douglas	KS	yes	39.03776	-95.1971	6/27/24	Microvirga	Microvirga_sp._KLBC_81	84.794	84.1384	0	1341
CLBJ-36-1-No|nifD|consensus50|pass_single_dominant	CLBJ-36-1-No	D11	Trifolium arvense	3/6/25	0	0	Quarter	CLBJ-36	ethanol	nodule	Fabaceae	CLBJ	Trifolium	Trifolieae	CLBJ_032_R	Wise	TX	no	33.406134	-97.593996	6/13/24	Azorhizobium	Azorhizobium_caulinodans	86.285	49.0209	0	815
HEAL-14-1-Rh|nifD|consensus50|pass_single_dominant	HEAL-14-1-Rh	D19	Alnus viridis	3/3/25	0	0	Quarter	HEAL-14	ethanol	rhizosphere	Betulaceae	HEAL	Alnus	actinorhizal	HEAL_001	Denali Borough	Alaska	yes	63.88836 N	149.20340 W	20240725	Microvirga	Microvirga_sp._KLBC_81	85.667	58.7467	0	965
DSNY-83-1-Rh|nifD|consensus50|pass_mixed_possible_multitemplate	DSNY-83-1-Rh	D03	Alysicarpus vaginalis	3/6/25	0	0	Quarter	DSNY-83	dry	rhizosphere	Fabaceae	DSNY	Alysicarpus	Desmodieae	DSNY_015	Polk	Florida	yes	28.1094133	-81.4308468	20240904	Mesorhizobium	Mesorhizobium_sp._WSM2240	85.26	84.1384	0	1360
OSBS-46-1-Rh|nifD|consensus50|pass_single_dominant	OSBS-46-1-Rh	D03	Crotalaria maritima	3/6/25	0	0	Quarter	OSBS-46	dry	rhizosphere	Fabaceae	OSBS	Crotalaria	Crotalarieae	OSBS_002	Putnam	FL	yes	NA	NA	20240617	Microvirga	Microvirga_sp._KLBC_81	84.846	84.8564	0	1354
JERC-TECW-66-3-No|nifD|consensus50|pass_mixed_possible_multitemplate	JERC-TECW-66-3-No	D03	Tephrosia chrysophylla	12/4/24	0	0	Quarter	JERC-66	dry	nodule	Fabaceae	JERC	Tephrosia	Millettieae	JERC_050	Baker County	Georgia	yes	NA	NA	20240618	Azorhizobium	Azorhizobium_caulinodans	87.345	52.611	0	922
HEAL-11-1-Rh|nifD|consensus50|pass_single_dominant	HEAL-11-1-Rh	D19	Alnus viridis	3/3/25	0	0	Quarter	HEAL-11	ethanol	rhizosphere	Betulaceae	HEAL	Alnus	actinorhizal	HEAL_001	Denali Borough	Alaska	yes	63.88839 N	149.20410 W	20240725	Azorhizobium	Azorhizobium_caulinodans_ORS_571	85.247	85.8355	0	1382
OSBS-84-1-No|nifD|consensus50|pass_mixed_possible_multitemplate	OSBS-84-1-No	D03	Aeschynomene viscidula	2/13/25	NA	0	Quarter	OSBS-84	dry	nodule	Fabaceae	OSBS	Aeschynomene	Dalbergieae	OSBS_002	Putnam	FL	yes	NA	NA	20240822	Microvirga	Microvirga_sp._KLBC_81	84.235	85.705	0	1384
OSBS-85-1-Ro|nifD|consensus50|pass_mixed_possible_multitemplate	OSBS-85-1-Ro	D03	Stylosanthes biflora	2/13/25	0.06	2.88	Quarter	OSBS-85	dry	root	Fabaceae	OSBS	Stylosanthes	Dalbergieae	OSBS_002	Putnam	FL	yes	NA	NA	20240822	Microvirga	Microvirga_sp._KLBC_81	85.195	48.4987	0	809
ORNL-9-1-Ro|nifD|consensus50|pass_mixed_possible_multitemplate	ORNL-9-1-Ro	D07	Lespedeza cuneata	3/6/25	0	0	Quarter	ORNL-9	dry	root	Fabaceae	ORNL	Lespedeza	Desmodieae	ORNL_046	Anderson	TN	no	35.964444	-84.285833	7/9/24	Mesorhizobium	Mesorhizobium_sp._WSM2240	84.592	85.5744	0	1410
JERC-DELI-77-2-No|nifD|consensus50|pass_mixed_possible_multitemplate	JERC-DELI-77-2-No	D03	Desmodium lineatum	12/4/24	0.066	3.168	Quarter	JERC-77	dry	nodule	Fabaceae	JERC	Desmodium	Desmodieae	JERC_047	Baker County	Georgia	yes	NA	NA	20240618	Azorhizobium	Azorhizobium_caulinodans_ORS_571	86.267	48.9556	0	830
TOOL-1-No|nifD|consensus50|pass_mixed_possible_multitemplate	TOOL-1-No	D18	Dryas integrifolia	4/24/25	0	0	Quarter	TOOL-1	ethanol	nodule	Rosaceae	TOOL	Dryas	actinorhizal	TOOL_041	North Slope Borough	Alaska	yes	NA	NA	20240704	Microvirga	Microvirga_sp._KLBC_81	85.682	85.705	0	1415
DSNY-48-1-Ro|nifD|consensus50|pass_mixed_possible_multitemplate	DSNY-48-1-Ro	D03	Chamaecrista nictitans	9/18/24	0	0	Quarter	DSNY-CHNI2-48	dry	root	Fabaceae	DSNY	Chamaecrista	Cassieae	DSNY_041	Osceola	Florida	yes	NA	NA	20240529	Methylobacterium	Methylobacterium_sp._CB376	82.843	50.9791	0	785
OSBS-84-1-Ro|nifD|consensus50|pass_mixed_possible_multitemplate	OSBS-84-1-Ro	D03	Aeschynomene viscidula	2/13/25	0.0955	4.584	Quarter	OSBS-84	dry	root	Fabaceae	OSBS	Aeschynomene	Dalbergieae	OSBS_002	Putnam	FL	yes	NA	NA	20240822	Microvirga	Microvirga_sp._KLBC_81	84.881	49.2167	0	804
JERC-STBI-63-1-Rh|nifD|consensus50|pass_mixed_possible_multitemplate	JERC-STBI-63-1-Rh	D03	Stylosanthes biflora	12/4/24	0	0	Quarter	JERC-63	dry	rhizosphere	Fabaceae	JERC	Stylosanthes	Dalbergieae	JERC_050	Baker County	Georgia	yes	NA	NA	20240618	Mesorhizobium	Mesorhizobium_sp._WSM4083	84.227	84.0078	0	1345
JERC-AMFU-71-1-Rh|nifD|consensus50|pass_single_dominant	JERC-AMFU-71-1-Rh	D03	Amorpha fruticosa	12/4/24	0	0	Quarter	JERC-71	dry	rhizosphere	Fabaceae	JERC	Amorpha	Amorpheae	JERC_050	Baker County	Georgia	yes	NA	NA	20240618	Microvirga	Microvirga_sp._KLBC_81	84.621	85.3133	0	1341
JERC-CRRO-70-1-Ro|nifD|consensus50|pass_single_dominant	JERC-CRRO-70-1-Ro	D03	Crotalaria rotundifolia	12/4/24	0	0	Quarter	JERC-70	dry	root	Fabaceae	JERC	Crotalaria	Crotalarieae	JERC_050	Baker County	Georgia	yes	NA	NA	20240618	Azorhizobium	Azorhizobium_caulinodans_ORS_571	86.8	48.9556	0	846
OSBS-83-1-Ro|nifD|consensus50|pass_mixed_possible_multitemplate	OSBS-83-1-Ro	D03	Galactia elliottii	2/13/25	0.189	9.072	Quarter	OSBS-83	dry	root	Fabaceae	OSBS	Galactia	Diocleae	OSBS_004	Putnam	FL	yes	29.684337	-81.957673	20240822	Microvirga	Microvirga_sp._KLBC_81	85.372	84.3342	0	1378
OSBS-84-1-Rh|nifD|consensus50|pass_mixed_possible_multitemplate	OSBS-84-1-Rh	D03	Aeschynomene viscidula	2/13/25	NA	0	Quarter	OSBS-84	dry	rhizosphere	Fabaceae	OSBS	Aeschynomene	Dalbergieae	OSBS_002	Putnam	FL	yes	NA	NA	20240822	Bradyrhizobium	Bradyrhizobium_sp._PUT101	86.684	49.0209	0	843
JERC-DEFL-75-3-Rh|nifD|consensus50|pass_single_dominant	JERC-DEFL-75-3-Rh	D03	Desmodium floridanum	12/4/24	0	0	Quarter	JERC-75	dry	rhizosphere	Fabaceae	JERC	Desmodium	Desmodieae	JERC_047	Baker County	Georgia	yes	NA	NA	20240618	Microvirga	Microvirga_sp._KLBC_81	86.268	84.1384	0	1399
JERC-DEST-65-5-No|nifD|consensus50|pass_mixed_possible_multitemplate	JERC-DEST-65-5-No	D03	Desmodium strictum	12/4/24	0	0	Quarter	JERC-65	dry	nodule	Fabaceae	JERC	Desmodium	Desmodieae	JERC_050	Baker County	Georgia	yes	NA	NA	20240618	Bradyrhizobium	Bradyrhizobium_sp._PUT101	84	48.9556	0	787
KONZ-11-1-Rh|nifD|consensus50|pass_single_dominant	KONZ-11-1-Rh	D06	Amorpha canescens	9/25/24	0.087	4.176	Quarter	KONZ-11	dry	rhizosphere	Fabaceae	KONZ	Amorpha	Amorpheae	KONZ_001	Riley	KS	yes	39.0752	-96.55571	20240711	Azorhizobium	Azorhizobium_caulinodans_ORS_571	87.067	48.9556	0	854
JERC-DESM-74-1-No|nifD|consensus50|pass_single_dominant	JERC-DESM-74-1-No	D03	Desmodium sp	12/4/24	0	0	Quarter	JERC-74	dry	nodule	Fabaceae	JERC	Desmodium	Desmodieae	JERC_047	Baker County	Georgia	yes	NA	NA	20240618	Microvirga	Microvirga_sp._KLBC_81	85.958	84.1384	0	1378
DELA-22-1-No|nifD|consensus50|pass_single_dominant	DELA-22-1-No	D08	Albizia julibrissin	4/4/25	0	0	Quarter	DELA-22	dry	nodule	Fabaceae	DELA	Albizia	Mimosoideae	DELA_041	Green County	AL	no	32.53927	-87.80968	8/14/24	Bradyrhizobium	Bradyrhizobium_sp._PUT101	87.583	48.8903	0	863
DSNY-72-1-Ro|nifD|consensus50|pass_single_dominant	DSNY-72-1-Ro	D03	Galactia elliottii	2/24/25	0	0	Quarter	DSNY-72	dry	root	Fabaceae	DSNY	Galactia	Diocleae	DSNY_043	Polk	Florida	yes	28.1252617	-81.4363446	20240904	Microvirga	Microvirga_sp._KLBC_81	85.66	85.5744	0	1400
JERC-164-Ro|nifD|consensus50|pass_mixed_possible_multitemplate	JERC-164-Ro	D03	Lespedeza stuvei	2/27/25	0	0	Quarter	JERC-164	dry	root	Fabaceae	JERC	Lespedeza	Desmodieae	JERC_019	Baker County	Georgia	yes	NA	NA	20241003	Azorhizobium	Azorhizobium_caulinodans	84.768	85.705	0	1352
LENO-3-2-Ro|nifD|consensus50|pass_mixed_possible_multitemplate	LENO-3-2-Ro	D08	Desmodium paniculatum	2/25/25	0.1485	7.128	Quarter	LENO-3	dry	root	Fabaceae	LENO	Desmodium	Desmodieae	LENO_005	Choctaw County	AL	yes	31.828025	-88.181692	6/19/24	Microvirga	Microvirga_sp._KLBC_81	83.079	85.6397	0	1336
DEJU-63-Rh|nifD|consensus50|pass_mixed_possible_multitemplate	DEJU-63-Rh	D19	Lupinus arcticus	4/15/25	0	0	Quarter	DEJU-63	ethanol	rhizosphere	Fabaceae	DEJU	Lupinus	Genisteae	DEJU_045	NA	Unknown	yes	NA	NA	NA	Microvirga	Microvirga_sp._KLBC_81	82.888	85.4439	0	1286
JERC-199-No|nifD|consensus50|pass_mixed_possible_multitemplate	JERC-199-No	D03	Indigofera hirsuta	4/24/25	0	0	Quarter	JERC-199	dry	nodule	Fabaceae	JERC	Indigofera	Indigofereae	JERC_004	Baker County	Georgia	no	NA	NA	20241029	Mesorhizobium	Mesorhizobium_sp._WSM4083	82.964	85.4439	0	1282
OSBS-107-Ro|nifD|consensus50|pass_single_dominant	OSBS-107-Ro	D03	Desmodium obtusum	4/15/25	0.9225	44.28	Quarter	OSBS-107	dry	root	Fabaceae	OSBS	Desmodium	Desmodieae	OSBS_070	Putnam	Fl	yes	NA	NA	20241008	Microvirga	Microvirga_sp._KLBC_81	81.908	85.5091	0	1197
TALL-21-2-Ro|nifD|consensus50|pass_mixed_possible_multitemplate	TALL-21-2-Ro	D08	Desmodium paniculatum	4/8/25	0	0	Quarter	TALL-21	ethanol	root	Fabaceae	TALL	Desmodium	Desmodieae	TALL_002	Hale County	AL	yes	32.922222	-87.429133	8/22/24	Sinorhizobium	Sinorhizobium_meliloti_(Rhizobium_meliloti)	84.19	50.7833	0	782
WOOD-1-1-No|nifD|consensus50|pass_mixed_possible_multitemplate	WOOD-1-1-No	D09	Melilotus officinalis	5/2/25	0	0	Quarter	WOOD-1	ethanol	nodule	Fabaceae	WOOD	Melilotus	Trifolieae	DCFS_014	Stutsman	ND	no	46.89494	-98.6864	9/16/24	Microvirga	Microvirga_sp._KLBC_81	83.028	85.3786	0	1291
TALL-17-2-Rh|nifD|consensus50|pass_mixed_possible_multitemplate	TALL-17-2-Rh	D08	Desmodium rotundifolium	4/8/25	0	0	Quarter	TALL-17	ethanol	rhizosphere	Fabaceae	TALL	Desmodium	Desmodieae	TALL_002	Hale County	AL	yes	32.922291	-87.428794	8/22/24	Sinorhizobium	Sinorhizobium_chiapasense	78.903	54.765	0	704
DELA-1-3-Ro|nifD|consensus50|pass_mixed_possible_multitemplate	DELA-1-3-Ro	D08	Sesbania herbacea	4/4/25	0.059	2.832	Quarter	DELA-1	dry	root	Fabaceae	DELA	Sesbania	Sesbanieae	DELA_008	Green County	AL	yes	32.539186	-87.81292	7/24/24	Microvirga	Microvirga_sp._KLBC_81	84.409	53.5901	0	891
JERC-CHNI-69-4-Rh|nifD|consensus50|pass_single_dominant	JERC-CHNI-69-4-Rh	D03	Chamaecrista nictitans	12/4/24	0	0	Quarter	JERC-69	dry	rhizosphere	Fabaceae	JERC	Chamaecrista	Cassieae	JERC_050	Baker County	Georgia	yes	NA	NA	20240618	Azorhizobium	Azorhizobium_caulinodans_ORS_571	85.024	54.047	0	857
DELA-6-3-Rh|nifD|consensus50|pass_mixed_possible_multitemplate	DELA-6-3-Rh	D08	Galactia volubilis	4/4/25	0	0	Quarter	DELA-6	ethanol	rhizosphere	Fabaceae	DELA	Galactia	Diocleae	DELA_027	Green County	AL	yes	32.538206	-87.80996	8/1/24	Azorhizobium	Azorhizobium_caulinodans_ORS_571	84.976	54.3081	0	867
GUAN-7-1-No|nifD|consensus50|pass_mixed_possible_multitemplate	GUAN-7-1-No	D04	Pictetia aculeata	1/23/25	0	0	Quarter	GUAN-7	dry	nodule	Fabaceae	GUAN	Pictetia	Dalbergieae	GUAN_003	Yauco	P.R	yes	17.9732201	-66.861763	10/21/24	Bradyrhizobium	Bradyrhizobium_sp._PUT101	81.182	54.1123	0	765
DELA-6-3-Ro|nifD|consensus50|pass_mixed_possible_multitemplate	DELA-6-3-Ro	D08	Galactia volubilis	4/4/25	0	0	Quarter	DELA-6	ethanol	root	Fabaceae	DELA	Galactia	Diocleae	DELA_027	Green County	AL	yes	32.538206	-87.80996	8/1/24	Methylobacterium	Methylobacterium_sp._CB376	82.963	52.8721	0	793
DSNY-83-2-Rh|nifD|consensus50|pass_single_dominant	DSNY-83-2-Rh	D03	Alysicarpus vaginalis	3/6/25	0	0	Quarter	DSNY-83	dry	rhizosphere	Fabaceae	DSNY	Alysicarpus	Desmodieae	DSNY_015	Polk	Florida	yes	28.1094133	-81.4308468	20240904	Azorhizobium	Azorhizobium_caulinodans_ORS_571	86.364	48.8251	0	841
JERC-LEHI-82-3-Ro|nifD|consensus50|pass_single_dominant	JERC-LEHI-82-3-Ro	D03	Lespedeza hirta	12/4/24	0.1935	9.288	Quarter	JERC-82	dry	root	Fabaceae	JERC	Lespedeza	Desmodieae	JERC_008	Baker County	Georgia	yes	NA	NA	20240618	Microvirga	Microvirga_sp._KLBC_81	83.562	85.7702	0	1293
JERC-LEST-78-5-No|nifD|consensus50|pass_single_dominant	JERC-LEST-78-5-No	D03	Lespedeza stuevei	12/4/24	0	0	Quarter	JERC-78	dry	nodule	Fabaceae	JERC	Lespedeza	Desmodieae	JERC_047	Baker County	Georgia	yes	NA	NA	20240618	Azorhizobium	Azorhizobium_caulinodans	87.345	52.611	0	917
JERC-LEST-78-5-Rh|nifD|consensus50|pass_single_dominant	JERC-LEST-78-5-Rh	D03	Lespedeza stuevei	12/4/24	0	0	Quarter	JERC-78	dry	rhizosphere	Fabaceae	JERC	Lespedeza	Desmodieae	JERC_047	Baker County	Georgia	yes	NA	NA	20240618	Mesorhizobium	Mesorhizobium_sp._WSM4083	83.955	52.4804	0	819
JERC-LEST-78-5-Ro|nifD|consensus50|pass_single_dominant	JERC-LEST-78-5-Ro	D03	Lespedeza stuevei	12/4/24	0	0	Quarter	JERC-78	dry	root	Fabaceae	JERC	Lespedeza	Desmodieae	JERC_047	Baker County	Georgia	yes	NA	NA	20240618	Azorhizobium	Azorhizobium_caulinodans	87.345	52.611	0	911
JERC-CLMA-76-2-Rh|nifD|consensus50|pass_mixed_possible_multitemplate	JERC-CLMA-76-2-Rh	D03	Clitoria mariana	12/4/24	0	0	Quarter	JERC-76	dry	rhizosphere	Fabaceae	JERC	Clitoria	Phaseoleae	JERC_047	Baker County	Georgia	yes	NA	NA	20240618	Azorhizobium	Azorhizobium_caulinodans_ORS_571	84.717	54.2428	0	859
DSNY-59-Rh|nifD|consensus50|pass_single_dominant	DSNY-59-Rh	D03	Sesbania vesicaria	2/25/25	0	0	Quarter	DSNY-59	dry	rhizosphere	Fabaceae	DSNY	Sesbania	Sesbanieae	DSNY_081Q	Polk	Florida	yes	28.074618	-81.411575	20240724	Microvirga	Microvirga_sp._KLBC_81	85.623	50.8486	0	828
DSNY-SEHE-60-Ro|nifD|consensus50|pass_single_dominant	DSNY-SEHE-60-Ro	D03	Sesbania herbacea	2/25/25	0	0	Quarter	DSNY-SEHE-60	dry	root	Fabaceae	DSNY	Sesbania	Sesbanieae	DSNY_081Q	Polk	Florida	yes	28.074618	-81.411575	20240724	Azorhizobium	Azorhizobium_caulinodans_ORS_571	87.2	48.9556	0	863
DSNY-58-Rh|nifD|consensus50|pass_single_dominant	DSNY-58-Rh	D03	Sesbania vesicaria	2/25/25	0	0	Quarter	DSNY-58	dry	rhizosphere	Fabaceae	DSNY	Sesbania	Sesbanieae	DSNY_005	Polk	Florida	yes	28.040514	-81.400406	20240723	Microvirga	Microvirga_sp._KLBC_81	86.098	53.5248	0	904
JERC-177-Ro|nifD|consensus50|pass_single_dominant	JERC-177-Ro	D03	Desmodium floridanum	2/26/25	0	0	Quarter	JERC-177	dry	root	Fabaceae	JERC	Desmodium	Desmodieae	JERC_050	Baker County	Georgia	yes	NA	NA	20241028	Microvirga	Microvirga_sp._KLBC_81	86.634	52.7415	0	905
JERC-DEST-32-1-Ro|nifD|consensus50|pass_single_dominant	JERC-DEST-32-1-Ro	D03	Desmodium cf. strictum	12/4/24	0	0	Quarter	JERC-32	dry	root	Fabaceae	JERC	Desmodium	Desmodieae	JERC_007	Baker County	Georgia	yes	NA	NA	20240603	Microvirga	Microvirga_sp._KLBC_81	86.596	85.705	0	1469
JERC-GAVO-33-1-Ro|nifD|consensus50|pass_single_dominant	JERC-GAVO-33-1-Ro	D03	Galactia volubilis	12/4/24	0	0	Quarter	JERC-33	dry	root	Fabaceae	JERC	Galactia	Diocleae	JERC_007	Baker County	Georgia	yes	NA	NA	20240603	Azorhizobium	Azorhizobium_caulinodans_ORS_571	86.836	54.047	0	911
JERC-114-3-Rh|nifD|consensus50|pass_mixed_possible_multitemplate	JERC-114-3-Rh	D03	Galactia sp.	4/3/25	0	0	Quarter	JERC-114	dry	rhizosphere	Fabaceae	JERC	Galactia	Diocleae	JERC_050	Baker County	Georgia	yes	31.1947219	-84.4686711	20240717	Azorhizobium	Azorhizobium_caulinodans_ORS_571	87.183	48.8903	0	859
JERC-181-1-Rh|nifD|consensus50|pass_single_dominant	JERC-181-1-Rh	D03	Desmodium strictum	4/3/25	0	0	Quarter	JERC-181	dry	rhizosphere	Fabaceae	JERC	Desmodium	Desmodieae	JERC_050	Baker County	Georgia	yes	NA	NA	20241028	Azorhizobium	Azorhizobium_caulinodans	84.513	48.8903	0	784
KONZ-15-1-Rh|nifD|consensus50|pass_single_dominant	KONZ-15-1-Rh	D06	Ceanothus herbaceus	2/25/25	0	0	Quarter	KONZ-15	dry	rhizosphere	Rhamnaceae	KONZ	Ceanothus	actinorhizal	KONZ_001	Riley	KS	yes	39.07479	-96.55559	20241002	Microvirga	Microvirga_sp._KLBC_81	86.433	85.6397	0	1437
DSNY-66-1-Rh|nifD|consensus50|pass_mixed_possible_multitemplate	DSNY-66-1-Rh	D03	Chamaecrista fasciculata	2/24/25	0	0	Quarter	DSNY-66	dry	rhizosphere	Fabaceae	DSNY	Chamaecrista	Cassieae	DSNY_003	Polk	Florida	yes	NA	NA	20240820	Mesorhizobium	Mesorhizobium_sp._WSM2240	85.671	85.6397	0	1428
JERC-161-Rh|nifD|consensus50|pass_single_dominant	JERC-161-Rh	D03	Rhynchosia tomentosa	2/27/25	0	0	Quarter	JERC-161	dry	rhizosphere	Fabaceae	JERC	Rhynchosia	Phaseoleae	JERC_019	Baker County	Georgia	yes	NA	NA	20241003	Microvirga	Microvirga_sp._KLBC_81	86.966	85.6397	0	1496
JERC-175-1-No|nifD|consensus50|pass_mixed_possible_multitemplate	JERC-175-1-No	D03	Desmodium ciliare	2/26/25	0	0	Quarter	JERC-175	dry	nodule	Fabaceae	JERC	Desmodium	Desmodieae	JERC_050	Baker County	Georgia	yes	NA	NA	20241018	Mesorhizobium	Mesorhizobium_sp._WSM2240	87.185	85.5744	0	1509
OSBS-58-1-Ro|nifD|consensus50|pass_mixed_possible_multitemplate	OSBS-58-1-Ro	D03	Stylosanthes biflora	2/26/25	0	0	Quarter	OSBS-58	dry	root	Fabaceae	OSBS	Stylosanthes	Dalbergieae	OSBS_063	Putnam	FL	yes	NA	NA	20240618	Mesorhizobium	Mesorhizobium_sp._WSM2240	87.345	52.611	0	961
OSBS-68-1-No|nifD|consensus50|pass_mixed_possible_multitemplate	OSBS-68-1-No	D03	Crotalaria rotundifolia	2/26/25	0	0	Quarter	OSBS-68	dry	nodule	Fabaceae	OSBS	Crotalaria	Crotalarieae	OSBS_008	Putnam	FL	yes	NA	NA	20240723	Mesorhizobium	Mesorhizobium_sp._WSM2240	85.899	85.6397	0	1450
JERC-189-1-Rh|nifD|consensus50|pass_mixed_possible_multitemplate	JERC-189-1-Rh	D03	Lespedeza hirta	2/26/25	0	0	Quarter	JERC-189	dry	rhizosphere	Fabaceae	JERC	Lespedeza	Desmodieae	JERC_048	Baker County	Georgia	yes	NA	NA	20241028	Mesorhizobium	Mesorhizobium_sp._AaZ16	86.433	85.6397	0	1491
JERC-172-2-Rh|nifD|consensus50|pass_mixed_possible_multitemplate	JERC-172-2-Rh	D03	Desmodium paniculatum	2/26/25	0	0	Quarter	JERC-172	dry	rhizosphere	Fabaceae	JERC	Desmodium	Desmodieae	JERC_019	Baker County	Georgia	yes	NA	NA	20241003	Microvirga	Microvirga_sp._KLBC_81	85.137	85.6397	0	1410
JERC-161-Ro|nifD|consensus50|pass_mixed_possible_multitemplate	JERC-161-Ro	D03	Rhynchosia tomentosa	2/27/25	0	0	Quarter	JERC-161	dry	root	Fabaceae	JERC	Rhynchosia	Phaseoleae	JERC_019	Baker County	Georgia	yes	NA	NA	20241003	Mesorhizobium	Mesorhizobium_sp._WSM2240	88.571	52.5457	0	989
DSNY-70-1-Rh|nifD|consensus50|pass_mixed_possible_multitemplate	DSNY-70-1-Rh	D03	Indigofera hirsuta	2/24/25	0	0	Quarter	DSNY-70	dry	rhizosphere	Fabaceae	DSNY	Indigofera	Indigofereae	DSNY_043	Polk	Florida	no	28.1252617	-81.4363446	20240904	Microvirga	Microvirga_sp._RSM25	87.081	52.5457	0	937
JERC-171-No|nifD|consensus50|pass_mixed_possible_multitemplate	JERC-171-No	D03	Desmodium viridiflorum	2/27/25	0	0	Quarter	JERC-171	dry	nodule	Fabaceae	JERC	Desmodium	Desmodieae	JERC_019	Baker County	Georgia	yes	NA	NA	20241003	Microvirga	Microvirga_sp._KLBC_81	83.994	85.6397	0	1347
DSNY-SEHE-60-Rh|nifD|consensus50|pass_mixed_possible_multitemplate	DSNY-SEHE-60-Rh	D03	Sesbania herbacea	2/25/25	0	0	Quarter	DSNY-SEHE-60	dry	rhizosphere	Fabaceae	DSNY	Sesbania	Sesbanieae	DSNY_081Q	Polk	Florida	yes	28.074618	-81.411575	20240724	Mesorhizobium	Mesorhizobium_sp._AaZ16	86.22	49.7389	0	878
JERC-119-Rh|nifD|consensus50|pass_mixed_possible_multitemplate	JERC-119-Rh	D03	Desmodium marilandicum	2/25/25	0	0	Quarter	JERC-119	dry	rhizosphere	Fabaceae	JERC	Desmodium	Desmodieae	JERC_003	Baker County	Georgia	yes	31.196291	-84.47345	20240730	Mesorhizobium	Mesorhizobium_sp._AaZ16	86.662	85.6397	0	1489
JERC-GAVO-33-1-Rh|nifD|consensus50|pass_single_dominant	JERC-GAVO-33-1-Rh	D03	Galactia volubilis	12/4/24	0	0	Quarter	JERC-33	dry	rhizosphere	Fabaceae	JERC	Galactia	Diocleae	JERC_007	Baker County	Georgia	yes	NA	NA	20240603	Microvirga	Microvirga_sp._KLBC_81	86.204	85.6397	0	1434
JERC-177-Rh|nifD|consensus50|pass_mixed_possible_multitemplate	JERC-177-Rh	D03	Desmodium floridanum	2/26/25	0	0	Quarter	JERC-177	dry	rhizosphere	Fabaceae	JERC	Desmodium	Desmodieae	JERC_050	Baker County	Georgia	yes	NA	NA	20241028	Microvirga	Microvirga_sp._KLBC_81	84.832	85.6397	0	1400
JERC-155-Rh|nifD|consensus50|pass_single_dominant	JERC-155-Rh	D03	Rhynchosia to?	2/27/25	0	0	Quarter	JERC-155	dry	rhizosphere	Fabaceae	JERC	Rhynchosia	Phaseoleae	JERC_015	Baker County	Georgia	yes	NA	NA	20241002	Mesorhizobium	Mesorhizobium_sp._AaZ16	86.052	85.6397	0	1448
DSNY-18-1-Ro|nifD|consensus50|pass_mixed_possible_multitemplate	DSNY-18-1-Ro	D03	Morella cerifera	9/25/24	0.1185	5.688	Quarter	DSNY-MOCE-18	dry	root	Myricaceae	DSNY	Morella	actinorhizal	DSNY_044	Osceola	Florida	yes	NA	NA	20240401	Azorhizobium	Azorhizobium_caulinodans	82.151	85.5744	0	1323
DSNY-68-1-No|nifD|consensus50|pass_mixed_possible_multitemplate	DSNY-68-1-No	D03	Desmodium triflorum	2/24/25	0	0	Quarter	DSNY-68	dry	nodule	Fabaceae	DSNY	Desmodium	Desmodieae	DSNY_043	Polk	Florida	yes	28.1252617	-81.4363446	20240904	Azorhizobium	Azorhizobium_caulinodans_ORS_571	85.008	85.7702	0	1413
JERC-49-2-Rh|nifD|consensus50|pass_mixed_possible_multitemplate	JERC-49-2-Rh	D03	Stylosanthes biflora	12/4/24	0	0	Quarter	JERC-49	dry	rhizosphere	Fabaceae	JERC	Stylosanthes	Dalbergieae	JERC_002	Baker County	Georgia	yes	NA	NA	20240604	Methylobacterium	Methylobacterium_sp._CB376	85.573	85.9661	0	1411
OSBS-55-1-Ro|nifD|consensus50|pass_single_dominant	OSBS-55-1-Ro	D03	Lespedeza hirta	3/6/25	0.478	22.944	Quarter	OSBS-55	dry	root	Fabaceae	OSBS	Lespedeza	Desmodieae	OSBS_063	Putnam	FL	yes	NA	NA	20240618	Mesorhizobium	Mesorhizobium_sp._WSM4083	86.352	52.611	0	915
HEAL-2-1-Rh|nifD|consensus50|pass_single_dominant	HEAL-2-1-Rh	D19	Alnus viridis	4/4/25	0	0	Quarter	HEAL-2	ethanol	rhizosphere	Betulaceae	HEAL	Alnus	actinorhizal	HEAL_010	Denali Borough	Alaska	yes	63.87736 N	149.26331 W	20240723	Microvirga	Microvirga_sp._KLBC_81	84.186	85.4439	0	1336
JERC-135-3-Rh|nifD|consensus50|pass_mixed_possible_multitemplate	JERC-135-3-Rh	D03	Stylosanthes biflora	4/8/25	0	0	Quarter	JERC-135	dry	rhizosphere	Fabaceae	JERC	Stylosanthes	Dalbergieae	JERC_048	Baker County	Georgia	yes	NA	NA	20240807	Ensifer	Ensifer_aridi	83.486	85.3786	0	1291
JERC-DEFL-31-5-Rh|nifD|consensus50|pass_single_dominant	JERC-DEFL-31-5-Rh	D03	Desmodium cf. floridanum	12/4/24	0	0	Quarter	JERC-31	dry	rhizosphere	Fabaceae	JERC	Desmodium	Desmodieae	JERC_007	Baker County	Georgia	yes	NA	NA	20240603	Microvirga	Microvirga_sp._KLBC_81	85.29	85.6397	0	1380
JERC-154-Ro|nifD|consensus50|pass_mixed_possible_multitemplate	JERC-154-Ro	D03	Clitoria mariana	2/27/25	0	0	Quarter	JERC-154	dry	root	Fabaceae	JERC	Clitoria	Phaseoleae	JERC_015	Baker County	Georgia	yes	NA	NA	20241002	Microvirga	Microvirga_sp._KLBC_81	83.689	85.6397	0	1306
TALL-74-3-Rh|nifD|consensus50|pass_mixed_possible_multitemplate	TALL-74-3-Rh	D08	Desmodium viridiflorum	4/8/25	0	0	Quarter	TALL-74	dry	rhizosphere	Fabaceae	TALL	Desmodium	Desmodieae	TALL_005	Hale County	AL	yes	32.896946	-87.397281	9/4/24	Microvirga	Microvirga_sp._KLBC_81	85.601	49.4125	0	821
HEAL-6-1-Rh|nifD|consensus50|pass_mixed_possible_multitemplate	HEAL-6-1-Rh	D19	Alnus viridis	4/4/25	0	0	Quarter	HEAL-6	ethanol	rhizosphere	Betulaceae	HEAL	Alnus	actinorhizal	HEAL_004	Denali Borough	Alaska	yes	63.86378 N	149.27284 W	20240723	Ensifer	Ensifer_aridi	82.492	85.3786	0	1260
TALL-23-2-Ro|nifD|consensus50|pass_mixed_possible_multitemplate	TALL-23-2-Ro	D08	Clitoria sp.	4/8/25	0	0	Quarter	TALL-23	dry	root	Fabaceae	TALL	Clitoria	Phaseoleae	TALL_002	Hale County	AL	yes	32.92093	-87.42918	8/26/24	Ensifer	Ensifer_aridi	82.645	85.3786	0	1251
WOOD-1-1-Rh|nifD|consensus50|pass_single_dominant	WOOD-1-1-Rh	D09	Melilotus officinalis	5/2/25	0	0	Quarter	WOOD-1	ethanol	rhizosphere	Fabaceae	WOOD	Melilotus	Trifolieae	DCFS_014	Stutsman	ND	no	46.89494	-98.6864	9/16/24	Microvirga	Microvirga_sp._KLBC_81	83.499	85.4439	0	1319
CLBJ-36-1-Ro|nifD|consensus50|pass_mixed_possible_multitemplate	CLBJ-36-1-Ro	D11	Trifolium arvense	3/6/25	0.217	10.416	Quarter	CLBJ-36	ethanol	root	Fabaceae	CLBJ	Trifolium	Trifolieae	CLBJ_032_R	Wise	TX	no	33.406134	-97.593996	6/13/24	Microvirga	Microvirga_sp._KLBC_81	85.821	52.4804	0	894
DSNY-83-3-Ro|nifD|consensus50|pass_single_dominant	DSNY-83-3-Ro	D03	Alysicarpus vaginalis	3/6/25	0	0	Quarter	DSNY-83	dry	root	Fabaceae	DSNY	Alysicarpus	Desmodieae	DSNY_015	Polk	Florida	yes	28.1094133	-81.4308468	20240904	Methylobacterium	Methylobacterium_sp._CB376	85.033	49.282	0	780
SCBI-9-2-Rh|nifD|consensus50|pass_mixed_possible_multitemplate	SCBI-9-2-Rh	D02	Amphicarpaea bracteata	4/24/25	0	0	Quarter	SCBI-9	ethanol	rhizosphere	Fabaceae	SCBI	Amphicarpaea	Phaseoleae	SCBI-007	Warren	VA	yes	38.884905	-78.130374	6/27/24	Microvirga	Microvirga_sp._KLBC_81	83.203	50.1305	0	782
SJER-4-1-Ro|nifD|consensus50|pass_mixed_possible_multitemplate	SJER-4-1-Ro	D17	Lupinus bicolor	4/15/25	0.0575	2.76	Quarter	SJER-4	dry	root	Fabaceae	SJER	Lupinus	Genisteae	NA	Fresno	CA	yes	37.110189	-119.73464	20240404	Microvirga	Microvirga_sp._KLBC_81	82.11	85.3786	0	1266
OSBS-44-1-Rh|nifD|consensus50|pass_mixed_possible_multitemplate	OSBS-44-1-Rh	D03	Pediomelum canescens	3/6/25	0	0	Quarter	OSBS-44	dry	rhizosphere	Fabaceae	OSBS	Pediomelum	Psoraleeae	OSBS_026	Putnam	FL	yes	NA	NA	20240617	Mesorhizobium	Mesorhizobium_sp._AaZ16	84	50.5875	0	774
JERC-CLMA-83-1-Rh|nifD|consensus50|pass_mixed_possible_multitemplate	JERC-CLMA-83-1-Rh	D03	Clitoria mariana	12/4/24	0.083	3.984	Quarter	JERC-83	dry	rhizosphere	Fabaceae	JERC	Clitoria	Phaseoleae	JERC_008	Baker County	Georgia	yes	NA	NA	20240618	Microvirga	Microvirga_sp._KLBC_81	86.087	52.5457	0	898
GUAN-6-3-No|nifD|consensus50|pass_single_dominant	GUAN-6-3-No	D04	Desmodium tortuosum	1/23/25	0	0	Quarter	GUAN-6	dry	nodule	Fabaceae	GUAN	Desmodium	Desmodieae	GUAN_006	Guanica	P.R	yes	17.9616329	-66.872119	10/14/24	Microvirga	Microvirga_sp._KLBC_81	86.567	52.4804	0	898
TALL-69-1-No|nifD|consensus50|pass_mixed_possible_multitemplate	TALL-69-1-No	D08	Galactia volubilis	4/8/25	0	0	Quarter	TALL-69	dry	nodule	Fabaceae	TALL	Galactia	Diocleae	TALL_055	Bibb County	AL	yes	32.948748	-87.398587	9/3/24	Azorhizobium	Azorhizobium_caulinodans	85.733	48.9556	0	817
DELA-5-1-Ro|nifD|consensus50|pass_mixed_possible_multitemplate	DELA-5-1-Ro	D08	Galactia volubilis	4/4/25	0.5545	26.616	Quarter	DELA-5	NA	root	Fabaceae	DELA	Galactia	Diocleae	DELA_027	Green County	AL	yes	32.538206	-87.80996	8/1/24	Microvirga	Microvirga_sp._KLBC_81	85.626	52.6762	0	918
TALL-37-1-Rh|nifD|consensus50|pass_mixed_possible_multitemplate	TALL-37-1-Rh	D08	Desmodium sp.	3/28/25	0	0	Quarter	TALL-37	NA	rhizosphere	Fabaceae	TALL	Desmodium	Desmodieae	TALL_016	Bibb County	AL	yes	32.97188	-87.41591	8/26/24	Microvirga	Microvirga_sp._KLBC_81	86.423	85.5744	0	1459
WOOD-4-1-Rh|nifD|consensus50|pass_mixed_possible_multitemplate	WOOD-4-1-Rh	D09	Elaeagnus commutata	5/2/25	0	0	Quarter	WOOD-4	ethanol	rhizosphere	Elaeagnaceae	WOOD	Elaeagnus	actinorhizal	BARR_027	Stutsman	ND	no	47.14	99.24	9/23/24	Microvirga	Microvirga_sp._KLBC_81	84.351	85.5091	0	1352
JERC-139-5-Ro|nifD|consensus50|pass_mixed_possible_multitemplate	JERC-139-5-Ro	D03	Mimosa quadrivalvus	4/8/25	0.198	9.504	Quarter	JERC-139	dry	root	Fabaceae	JERC	Mimosa	Mimosoideae	JERC_031	Baker County	Georgia	yes	NA	NA	20240821	Microvirga	Microvirga_sp._KLBC_81	84.86	84.0731	0	1391
JERC-156-Ro|nifD|consensus50|pass_mixed_possible_multitemplate	JERC-156-Ro	D03	Lespedeza hirta	2/27/25	0.071	3.408	Quarter	JERC-156	dry	root	Fabaceae	JERC	Lespedeza	Desmodieae	JERC_015	Baker County	Georgia	yes	NA	NA	20241002	Microvirga	Microvirga_sp._KLBC_81	86.204	85.6397	0	1485
KONZ-7-1-Rh|nifD|consensus50|pass_mixed_possible_multitemplate	KONZ-7-1-Rh	D06	Lespedeza capitata	9/18/24	0	0	Quarter	KONZ-7	dry	rhizosphere	Fabaceae	KONZ	Lespedeza	Desmodieae	KONZ_002	Riley	KS	yes	39.11965	-96.54588	20240711	Microvirga	Microvirga_sp._KLBC_81	86.377	85.7702	0	1487
KONZ-8-1-Rh|nifD|consensus50|pass_mixed_possible_multitemplate	KONZ-8-1-Rh	D06	Hylodesmum glutinosum	9/18/24	0	0	Quarter	KONZ-8	dry	rhizosphere	Fabaceae	KONZ	Desmodium	Desmodieae	KONZ_024	Riley	KS	yes	39.11091	-96.55233	20240710	Microvirga	Microvirga_sp._KLBC_81	85.899	85.6397	0	1463
CLBJ-24-Rh|nifD|consensus50|pass_mixed_possible_multitemplate	CLBJ-24-Rh	D11	Chamaecrista fasciculata	9/18/24	0.126	6.048	Quarter	CLBJ-24	ethanol	rhizosphere	Fabaceae	CLBJ	Chamaecrista	Cassieae	CLBJ_035_R	Wise	TX	yes	33.32974	-97.5792	6/4/24	Microvirga	Microvirga_sp._KLBC_81	83.384	85.6397	0	1474
DSNY-34-1-Ro|nifD|consensus50|pass_mixed_possible_multitemplate	DSNY-34-1-Ro	D03	Crotalaria maritima	9/18/24	0	0	Quarter	DSNY-CRMA-34	dry	root	Fabaceae	DSNY	Crotalaria	Crotalarieae	DSNY_001	Osceola	Florida	yes	NA	NA	20240402	Microvirga	Microvirga_lotononidis	87.576	53.5901	0	994
CLBJ-28-3-Rh|nifD|consensus50|pass_mixed_possible_multitemplate	CLBJ-28-3-Rh	D11	Dalea tenuis	9/18/24	0	0	Quarter	CLBJ-28	ethanol	rhizosphere	Fabaceae	CLBJ	Dalea	Amorpheae	CLBJ_037_R	Wise	TX	yes	33.322109	-97.58278	6/5/24	Microvirga	Microvirga_sp._KLBC_81	87.037	84.5953	0	1519
JERC-47-2-Rh|nifD|consensus50|pass_mixed_possible_multitemplate	JERC-47-2-Rh	D03	Indigofera hirsuta	12/4/24	0	0	Quarter	JERC-47	dry	rhizosphere	Fabaceae	JERC	Indigofera	Indigofereae	JERC_005	Baker County	Georgia	no	NA	NA	20240604	Microvirga	Microvirga_sp._KLBC_81	86.215	85.705	0	1471
JERC-93-1-Ro|nifD|consensus50|pass_mixed_possible_multitemplate	JERC-93-1-Ro	D03	Desmodium viridiflorum	3/26/25	0.054	2.592	Quarter	JERC-93	dry	root	Fabaceae	JERC	Desmodium	Desmodieae	JERC_047	Baker County	Georgia	yes	NA	NA	20240625	Microvirga	Microvirga_sp._KLBC_81	87.168	59.0078	0	1107
DSNY-36-1-Rh|nifD|consensus50|pass_mixed_possible_multitemplate	DSNY-36-1-Rh	D03	Tephrosia sp.	9/18/24	0	0	Quarter	DSNY-Tephrosia-36	dry	rhizosphere	Fabaceae	DSNY	Tephrosia	Millettieae	DSNY_006	Osceola	Florida	yes	NA	NA	20240430	Microvirga	Microvirga_sp._RSM25	82.602	84.7911	0	1351
JERC-131-Ro|nifD|consensus50|pass_single_dominant	JERC-131-Ro	D03	Dalea carnea	4/8/25	0	0	Quarter	JERC-131	dry	root	Fabaceae	JERC	Dalea	Amorpheae	JERC_048	Baker County	Georgia	yes	NA	NA	20240807	Microvirga	Microvirga_sp._KLBC_81	85.558	83.6162	0	1399
TALL-10-4-No|nifD|consensus50|pass_single_dominant	TALL-10-4-No	D08	Stylosanthes biflora	3/28/25	0	0	Quarter	TALL-10	dry	nodule	Fabaceae	TALL	Stylosanthes	Dalbergieae	TALL_054	Bibb County	AL	yes	32.94865	-87.39759	6/17/24	Bradyrhizobium	Bradyrhizobium_sp._PUT101	84.881	49.2167	0	765
TALL-13-3-Rh|nifD|consensus50|pass_mixed_possible_multitemplate	TALL-13-3-Rh	D08	Robinia pseudoacacia	3/28/25	0	0	Quarter	TALL-13	dry	rhizosphere	Fabaceae	TALL	Robinia	Robinieae	TALL_001	Hale County	AL	yes	32.975212	-87.436315	8/22/24	Microvirga	Microvirga_sp._KLBC_81	82.508	84.3342	0	1291
TALL-68-2-No|nifD|consensus50|pass_mixed_possible_multitemplate	TALL-68-2-No	D08	Desmodium laevigatum	4/8/25	0	0	Quarter	TALL-68	dry	nodule	Fabaceae	TALL	Desmodium	Desmodieae	TALL_055	Bibb County	AL	yes	32.948543	-87.398325	9/3/24	Microvirga	Microvirga_sp._KLBC_81	82.504	83.9426	0	1267
TALL-69-1-Ro|nifD|consensus50|pass_mixed_possible_multitemplate	TALL-69-1-Ro	D08	Galactia volubilis	4/8/25	0.976	46.848	Quarter	TALL-69	dry	root	Fabaceae	TALL	Galactia	Diocleae	TALL_055	Bibb County	AL	yes	32.948748	-87.398587	9/3/24	Sinorhizobium	Sinorhizobium_kummerowiae_(Ensifer_kummerowiae)	80.184	49.7389	0	649
TALL-8-2-Rh|nifD|consensus50|pass_single_dominant	TALL-8-2-Rh	D08	Alnus serrulata	3/28/25	0	0	Quarter	TALL-8	dry	rhizosphere	Betulaceae	TALL	Alnus	actinorhizal	TALL_051	Bibb County	AL	yes	32.950269	-87.397402	2024-Apr-16	Microvirga	Microvirga_sp._KLBC_81	85.868	48.4987	0	811
TALL-16-Rh|nifD|consensus50|pass_mixed_possible_multitemplate	TALL-16-Rh	D08	Lespedeza sp.	3/28/25	0	0	Quarter	TALL-16	NA	rhizosphere	Fabaceae	TALL	Lespedeza	Desmodieae	TALL_002	Hale County	AL	0	32.922222	-87.429133	8/22/24	Microvirga	Microvirga_sp._KLBC_81	83.181	50.0653	0	798
JERC-46-1-Rh|nifD|consensus50|pass_mixed_possible_multitemplate	JERC-46-1-Rh	D03	Dalea carnea	12/4/24	0.111	5.328	Quarter	JERC-46	dry	rhizosphere	Fabaceae	JERC	Dalea	Amorpheae	JERC_005	Baker County	Georgia	yes	NA	NA	20240604	Microvirga	Microvirga_sp._KLBC_81	85.366	85.6397	0	1478
CLBJ-35-1-No|nifD|consensus50|pass_single_dominant	CLBJ-35-1-No	D11	Rhynchosia latifolia	2/26/25	0	0	Quarter	CLBJ-35	ethanol	nodule	Fabaceae	CLBJ	Rhynchosia	Phaseoleae	CLBJ_036_R	Wise	TX	yes	33.397578	-97.57995	6/11/24	Microvirga	Microvirga_sp._KLBC_81	86.976	85.705	0	1485
JERC-154-Rh|nifD|consensus50|pass_mixed_possible_multitemplate	JERC-154-Rh	D03	Clitoria mariana	2/27/25	0	0	Quarter	JERC-154	dry	rhizosphere	Fabaceae	JERC	Clitoria	Phaseoleae	JERC_015	Baker County	Georgia	yes	NA	NA	20241002	Microvirga	Microvirga_sp._RSM25	86.151	85.3133	0	1450
JERC-170-No|nifD|consensus50|pass_mixed_possible_multitemplate	JERC-170-No	D03	Desmodium obtusum	2/27/25	0.299	14.352	Quarter	JERC-170	dry	nodule	Fabaceae	JERC	Desmodium	Desmodieae	JERC_019	Baker County	Georgia	yes	NA	NA	20241003	Microvirga	Microvirga_sp._KLBC_81	83.766	50.2611	0	797
ORNL-17-1-Ro|nifD|consensus50|pass_mixed_possible_multitemplate	ORNL-17-1-Ro	D07	Albizia julibrissin	2/25/24	0.379	18.192	Quarter	ORNL-17	dry	root	Fabaceae	ORNL	Albizia	Mimosoideae	ORNL_032	Anderson	TN	no	35.944444	-84.326389	7/11/24	Microvirga	Microvirga_sp._RSM25	87.044	51.893	0	933
JERC-RHTO-58-1-Rh|nifD|consensus50|pass_mixed_possible_multitemplate	JERC-RHTO-58-1-Rh	D03	Rhynchosia tomentosa	12/4/24	0	0	Quarter	JERC-58	dry	rhizosphere	Fabaceae	JERC	Rhynchosia	Phaseoleae	JERC_050	Baker County	Georgia	yes	NA	NA	20240618	Ensifer	Ensifer_aridi	83.462	84.4648	0	1351
ORNL-3-1-Ro|nifD|consensus50|pass_mixed_possible_multitemplate	ORNL-3-1-Ro	D07	Elaeagnus umbellata	2/17/25	0.483	23.184	Quarter	ORNL-3	dry	root	Elaeagnaceae	ORNL	Elaeagnus	actinorhizal	ORNL_029	Anderson	TN	no	35.96	-84.26	5/15/24	Ensifer	Ensifer_aridi	83.106	52.5457	0	843
JERC-54-2-Rh|nifD|consensus50|pass_mixed_possible_multitemplate	JERC-54-2-Rh	D03	Orbexilum lupinellum	12/4/24	0	0	Quarter	JERC-54	dry	rhizosphere	Fabaceae	JERC	Orbexilum	Psoraleeae	JERC_057	Baker County	Georgia	yes	31.12.137	-84.28.195	20240611	Microvirga	Microvirga_sp._KLBC_81	85.442	85.6397	0	1435
CLBJ-37-1-Rh|nifD|consensus50|pass_mixed_possible_multitemplate	CLBJ-37-1-Rh	D11	Trifolium vessiculosum	3/6/25	0	0	Quarter	CLBJ-37	ethanol	rhizosphere	Fabaceae	CLBJ	Trifolium	Trifolieae	CLBJ_032_R	Wise	TX	no	33.406134	-97.593996	6/13/24	Methylobacterium	Methylobacterium_sp._CB376	84.097	48.4334	0	784
CPER-1-Rh|nifD|consensus50|pass_mixed_possible_multitemplate	CPER-1-Rh	D10	Astragalus bisulcatus	4/24/25	0	0	Quarter	CPER-1	dry	rhizosphere	Fabaceae	CPER	Astragalus	Galegeae	CPER_012	Weld	CO	yes	NA	NA	6/13/24	Mesorhizobium	Mesorhizobium_sp._WSM4083	87.41	54.4386	0	966
JERC-180-5-Rh|nifD|consensus50|pass_single_dominant	JERC-180-5-Rh	D03	Zornia bracteata	4/3/25	0	0	Quarter	JERC-180	dry	rhizosphere	Fabaceae	JERC	Zornia	Dalbergieae	JERC_050	Baker County	Georgia	yes	NA	NA	20241028	Methylobacterium	Methylobacterium_sp._CB376	86.927	48.4334	0	832
TALL-68-2-Rh|nifD|consensus50|pass_mixed_possible_multitemplate	TALL-68-2-Rh	D08	Desmodium laevigatum	4/8/25	0	0	Quarter	TALL-68	dry	rhizosphere	Fabaceae	TALL	Desmodium	Desmodieae	TALL_055	Bibb County	AL	yes	32.948543	-87.398325	9/3/24	Microvirga	Microvirga_sp._KLBC_81	82.569	85.3786	0	1323
DSNY-98-4-Rh|nifD|consensus50|pass_mixed_possible_multitemplate	DSNY-98-4-Rh	D03	Crotalaria spectabilis	3/26/25	0	0	Quarter	DSNY-98	dry	rhizosphere	Fabaceae	DSNY	Crotalaria	Crotalarieae	DSNY_044	Osceola	florida	no	28.23888889	-81.43333333	20241024	Mesorhizobium	Mesorhizobium_sp._WSM4083	85.264	51.8277	0	898
JERC-169-Rh|nifD|consensus50|pass_mixed_possible_multitemplate	JERC-169-Rh	D03	Clitoria mariana	2/27/25	0	0	Quarter	JERC-169	dry	rhizosphere	Fabaceae	JERC	Clitoria	Phaseoleae	JERC_019	Baker County	Georgia	yes	NA	NA	20241003	Mesorhizobium	Mesorhizobium_sp._WSM4083	86.829	53.5248	0	959
KONZ-12-1-Rh|nifD|consensus50|pass_single_dominant	KONZ-12-1-Rh	D06	Dalea candida	9/25/24	0	0	Quarter	KONZ-12	dry	rhizosphere	Fabaceae	KONZ	Dalea	Amorpheae	KONZ_001	Riley	KS	yes	39.07516	-96.55599	20240711	Microvirga	Microvirga_lotononidis	87.16	50.3264	0	893
OSBS-46-1-Ro|nifD|consensus50|pass_mixed_possible_multitemplate	OSBS-46-1-Ro	D03	Crotalaria maritima	3/6/25	0.057	2.736	Quarter	OSBS-46	dry	root	Fabaceae	OSBS	Crotalaria	Crotalarieae	OSBS_002	Putnam	FL	yes	NA	NA	20240617	Mesorhizobium	Mesorhizobium_sp._WSM4083	86.014	84.0078	0	1439
JERC-204-1-No|nifD|consensus50|pass_mixed_possible_multitemplate	JERC-204-1-No	D03	Lespedeza stuevei	4/8/25	0	0	Quarter	JERC-204	dry	nodule	Fabaceae	JERC	Lespedeza	Desmodieae	JERC_005	Baker County	Georgia	yes	NA	NA	20241029	Mesorhizobium	Mesorhizobium_sp._WSM4083	85.627	85.3786	0	1424
TALL-69-1-Rh|nifD|consensus50|pass_mixed_possible_multitemplate	TALL-69-1-Rh	D08	Galactia volubilis	4/8/25	0	0	Quarter	TALL-69	dry	rhizosphere	Fabaceae	TALL	Galactia	Diocleae	TALL_055	Bibb County	AL	yes	32.948748	-87.398587	9/3/24	Microvirga	Microvirga_sp._KLBC_81	82.964	85.4439	0	1290
JERC-183-3-No|nifD|consensus50|pass_mixed_possible_multitemplate	JERC-183-3-No	D03	Chamaecrista fasciculata	4/3/25	0	0	Quarter	JERC-183	dry	nodule	Fabaceae	JERC	Chamaecrista	Cassieae	JERC_051	Baker County	Georgia	yes	31.1986493	-84.4642569	20241028	Azorhizobium	Azorhizobium_caulinodans	82.171	33.6815	1.08e-155	544
OAES-35-1-Rh|nifD|consensus50|pass_mixed_possible_multitemplate	OAES-35-1-Rh	D11	Amorpha fruticosa	3/6/25	0	0	Quarter	OAES-35	ethanol	rhizosphere	Fabaceae	OAES	Amorpha	Amorpheae	OAES_011_R	Washita	OK	yes	35.40049	-99.06592	8/21/24	Mesorhizobium	Mesorhizobium_sp._WSM4083	84.149	84.0078	0	1347
TALL-74-3-Ro|nifD|consensus50|pass_mixed_possible_multitemplate	TALL-74-3-Ro	D08	Desmodium viridiflorum	4/8/25	0.576	27.648	Quarter	TALL-74	dry	root	Fabaceae	TALL	Desmodium	Desmodieae	TALL_005	Hale County	AL	yes	32.896946	-87.397281	9/4/24	Methylobacterium	Methylobacterium_sp._CB376	83.181	85.7702	0	1310
SCBI-6-1-Rh|nifD|consensus50|pass_mixed_possible_multitemplate	SCBI-6-1-Rh	D02	Amphicarpaea bracteata	4/24/25	0	0	Quarter	SCBI-6	ethanol	rhizosphere	Fabaceae	SCBI	Amphicarpaea	Phaseoleae	SCBI-067	Warren	VA	yes	38.895275	-78.135778	6/26/24	Microvirga	Microvirga_sp._KLBC_81	86.968	50.5875	0	937
DEJU-51-1-Rh|nifD|consensus50|pass_single_dominant	DEJU-51-1-Rh	D19	Alnus viridis	2/17/25	0	0	Quarter	DEJU-51	ethanol	rhizosphere	Betulaceae	DEJU	Alnus	actinorhizal	DEJU_002	NA	Alaska	yes	NA	NA	NA	Ensifer	Ensifer_sp._MPMI2T	85.354	51.6971	0	826
DCFS-6-1-Rh|nifD|consensus50|pass_mixed_possible_multitemplate	DCFS-6-1-Rh	D09	Medicago lupulina	4/23/25	0	0	Quarter	DCFS-6	dry	rhizosphere	Fabaceae	DCFS	Medicago	Trifolieae	DCFS_065	Stutsman	ND	no	47.16085	99.11081	6/20/24	Microvirga	Microvirga_lotononidis	86.617	52.6762	0	944
DSNY-83-4-Ro|nifD|consensus50|pass_mixed_possible_multitemplate	DSNY-83-4-Ro	D03	Alysicarpus vaginalis	3/6/25	0	0	Quarter	DSNY-83	dry	root	Fabaceae	DSNY	Alysicarpus	Desmodieae	DSNY_015	Polk	Florida	yes	28.1094133	-81.4308468	20240904	Mesorhizobium	Mesorhizobium_sp._AaZ16	84.335	85.8355	0	1376
KONZ-6-1-Ro|nifD|consensus50|pass_mixed_possible_multitemplate	KONZ-6-1-Ro	D06	Dalea purpurea	9/18/24	0	0	Quarter	KONZ-6	dry	root	Fabaceae	KONZ	Dalea	Amorpheae	KONZ_042	Riley	KS	yes	39.09968	-96.56423	20240710	Microvirga	Microvirga_sp._KLBC_81	83.866	85.7702	0	1426
KONZ-12-1-Ro|nifD|consensus50|pass_mixed_possible_multitemplate	KONZ-12-1-Ro	D06	Dalea candida	9/25/24	0.441	21.168	Quarter	KONZ-12	dry	root	Fabaceae	KONZ	Dalea	Amorpheae	KONZ_001	Riley	KS	yes	39.07516	-96.55599	20240711	Microvirga	Microvirga_sp._KLBC_81	85.637	84.9869	0	1482
DSNY-43-1-Rh|nifD|consensus50|pass_mixed_possible_multitemplate	DSNY-43-1-Rh	D03	Tephrosia spicata	9/18/24	0	0	Quarter	DSNY-TESP-43	dry	rhizosphere	Fabaceae	DSNY	Tephrosia	Millettieae	DSNY_003	Polk	Florida	yes	NA	NA	20240528	Microvirga	Microvirga_sp._RSM25	82.764	84.0731	0	1279
TALL-48-2-Ro|nifD|consensus50|pass_mixed_possible_multitemplate	TALL-48-2-Ro	D08	Vicia sp.	3/20/25	0	0	Quarter	TALL-48	dry	root	Fabaceae	TALL	Vicia	Fabeae	TALL_007	Hale County	AL	0	32.974713	-87.47111	8/27/24	Microvirga	Microvirga_sp._KLBC_81	85.161	58.9426	0	977
DSNY-68-1-Ro|nifD|consensus50|pass_mixed_possible_multitemplate	DSNY-68-1-Ro	D03	Desmodium triflorum	2/24/25	0.08	3.84	Quarter	DSNY-68	dry	root	Fabaceae	DSNY	Desmodium	Desmodieae	DSNY_043	Polk	Florida	yes	28.1252617	-81.4363446	20240904	Microvirga	Microvirga_sp._KLBC_81	85.398	85.3786	0	1447
HARV-3-1-Rh|nifD|consensus50|pass_mixed_possible_multitemplate	HARV-3-1-Rh	D01	Amphicarpaea bracteata	2/25/25	0.551	26.448	Quarter	HARV-3	dry	rhizosphere	Fabaceae	HARV	Amphicarpaea	Phaseoleae	HARV_027	Worcester	MA	yes	42.43131	-72.2523	8/22/24	Ensifer	Ensifer_aridi	84.635	51.8277	0	841
DSNY-CRMA-35-1-Rh|nifD|consensus50|pass_mixed_possible_multitemplate	DSNY-CRMA-35-1-Rh	D03	Crotalaria maritima	9/18/24	0	0	Quarter	DSNY-CRMA-35	dry	rhizosphere	Fabaceae	DSNY	Crotalaria	Crotalarieae	DSNY_001	Osceola	Florida	yes	NA	NA	20240402	Microvirga	Microvirga_lotononidis	86.662	85.6397	0	1513
JERC-145-1-Rh|nifD|consensus50|pass_mixed_possible_multitemplate	JERC-145-1-Rh	D03	Desmodium cileari	2/17/25	0	0	Quarter	JERC-145	dry	rhizosphere	Fabaceae	JERC	Desmodium	Desmodieae	JERC_010	Baker County	Georgia	yes	NA	NA	20240821	Microvirga	Microvirga_sp._KLBC_81	86.149	85.7702	0	1502
JERC-160-Rh|nifD|consensus50|pass_single_dominant	JERC-160-Rh	D03	Desmodium cuspidatum	2/27/25	0	0	Quarter	JERC-160	dry	rhizosphere	Fabaceae	JERC	Desmodium	Desmodieae	JERC_019	Baker County	Georgia	yes	NA	NA	20241003	Microvirga	Microvirga_sp._KLBC_81	87.749	85.248	0	1530
DSNY-CRMA-35-1-Ro|nifD|consensus50|pass_mixed_possible_multitemplate	DSNY-CRMA-35-1-Ro	D03	Crotalaria maritima	9/18/24	0.1285	6.168	Quarter	DSNY-CRMA-35	dry	root	Fabaceae	DSNY	Crotalaria	Crotalarieae	DSNY_001	Osceola	Florida	yes	NA	NA	20240402	Microvirga	Microvirga_sp._KLBC_81	86.357	85.6397	0	1555
YELL-4-4-Rh|nifD|consensus50|pass_mixed_possible_multitemplate	YELL-4-4-Rh	D12	Astragalus sp.	4/1/25	2.965	142.32	Quarter	YELL-4	ethanol	rhizosphere	Fabaceae	YELL	Astragalus	Galegeae	YELL_019	Park County	WY	yes	NA	NA	7/11/24	Microvirga	Microvirga_sp._KLBC_81	85.213	85.6397	0	1559
OSBS-34-1-No|nifD|consensus50|pass_mixed_possible_multitemplate	OSBS-34-1-No	D03	Galactia sp.	2/26/25	0	0	Quarter	OSBS-34	dry	nodule	Fabaceae	OSBS	Galactia	Diocleae	OSBS_006	Putnam	FL	yes	NA	NA	20240611	Microvirga	Microvirga_sp._KLBC_81	86.585	85.6397	0	1576
JERC-168-Rh|nifD|consensus50|pass_mixed_possible_multitemplate	JERC-168-Rh	D03	Tephrosia spicata	2/26/25	0	0	Quarter	JERC-168	dry	rhizosphere	Fabaceae	JERC	Tephrosia	Millettieae	JERC_019	Baker County	Georgia	yes	NA	NA	20241003	Microvirga	Microvirga_sp._KLBC_81	86.541	55.2872	0	965
KONZ-14-1-Rh|nifD|consensus50|pass_mixed_possible_multitemplate	KONZ-14-1-Rh	D06	Lespedeza violacea	2/25/25	0	0	Quarter	KONZ-14	dry	rhizosphere	Fabaceae	KONZ	Lespedeza	Desmodieae	KONZ_002	Riley	KS	yes	39.1199	-96.54578	20240711	Microvirga	Microvirga_sp._RSM25	85.976	85.6397	0	1480
OSBS-21-2-Rh|nifD|consensus50|pass_mixed_possible_multitemplate	OSBS-21-2-Rh	D03	Crotalaria maritima	8/19/24	0	0	Quarter	OSBS-CRMA-21	dry	rhizosphere	Fabaceae	OSBS	Crotalaria	Crotalarieae	OSBS_004	Putnam	FL	yes	NA	NA	20240521	Microvirga	Microvirga_sp._KLBC_81	86.966	85.6397	0	1515
OSBS-80-2-No|nifD|consensus50|pass_mixed_possible_multitemplate	OSBS-80-2-No	D03	Desmodium strictum	2/21/25	0	0	Quarter	OSBS-80	dry	nodule	Fabaceae	OSBS	Desmodium	Desmodieae	OSBS_004	Putnam	FL	yes	NA	NA	20240822	Microvirga	Microvirga_sp._KLBC_81	85.54	85.7702	0	1485
JERC-173-1-Rh|nifD|consensus50|pass_mixed_possible_multitemplate	JERC-173-1-Rh	D03	Desmodium ciliare	2/26/25	0	0	Quarter	JERC-173	dry	rhizosphere	Fabaceae	JERC	Desmodium	Desmodieae	JERC_054	Baker County	Georgia	yes	NA	NA	20241003	Microvirga	Microvirga_sp._KLBC_81	86.509	85.6397	0	1482
JERC-48-3-Ro|nifD|consensus50|pass_mixed_possible_multitemplate	JERC-48-3-Ro	D03	Crotalaria rotundifolia	12/4/24	0.435	20.88	Quarter	JERC-48	dry	root	Fabaceae	JERC	Crotalaria	Crotalarieae	JERC_002	Baker County	Georgia	yes	NA	NA	20240604	Microvirga	Microvirga_sp._KLBC_81	86.585	85.6397	0	1506
JERC-163-Rh|nifD|consensus50|pass_mixed_possible_multitemplate	JERC-163-Rh	D03	Desmodium fernaldii	2/27/25	0.39	18.72	Quarter	JERC-163	dry	rhizosphere	Fabaceae	JERC	Desmodium	Desmodieae	JERC_019	Baker County	Georgia	yes	NA	NA	20241003	Microvirga	Microvirga_sp._RSM25	84.387	50.5875	0	839
JERC-25-1-Rh|nifD|consensus50|pass_mixed_possible_multitemplate	JERC-25-1-Rh	D03	Desmodium lineatum	2/17/25	0	0	Quarter	JERC-25	dry	rhizosphere	Fabaceae	JERC	Desmodium	Desmodieae	JERC_007	Baker County	Georgia	yes	NA	NA	20240603	Microvirga	Microvirga_sp._KLBC_81	85.496	85.5091	0	1463
JERC-171-Ro|nifD|consensus50|pass_mixed_possible_multitemplate	JERC-171-Ro	D03	Desmodium viridiflorum	2/27/25	0.169	8.112	Quarter	JERC-171	dry	root	Fabaceae	JERC	Desmodium	Desmodieae	JERC_019	Baker County	Georgia	yes	NA	NA	20241003	Microvirga	Microvirga_sp._KLBC_81	85.627	85.3786	0	1507
TALL-30-1-Ro|nifD|consensus50|pass_mixed_possible_multitemplate	TALL-30-1-Ro	D08	Clitoria sp.	4/1/25	0.1715	8.232	Quarter	TALL-30	dry	root	Fabaceae	TALL	Clitoria	Phaseoleae	TALL_001	Hale County	AL	yes	32.97635	-87.43249	8/26/24	Microvirga	Microvirga_sp._KLBC_81	84.909	85.6397	0	1541
DELA-27-3-Rh|nifD|consensus50|pass_mixed_possible_multitemplate	DELA-27-3-Rh	D08	Sesbania herbacea	4/4/25	0	0	Quarter	DELA-27	dry	rhizosphere	Fabaceae	DELA	Sesbania	Sesbanieae	DELA_003	Green County	AL	yes	32.53425	-87.81316	8/15/24	Azorhizobium	Azorhizobium_caulinodans	82.424	53.8512	0	806
JERC-152-Rh|nifD|consensus50|pass_mixed_possible_multitemplate	JERC-152-Rh	D03	Tephrosia virginiana	5/14/25	0	0	Quarter	JERC-152	dry	rhizosphere	Fabaceae	JERC	Tephrosia	Millettieae	JERC_015	Baker County	Georgia	yes	NA	NA	20241002	Mesorhizobium	Mesorhizobium_sp._WSM2240	84.119	52.611	0	880
TOOL-7-No|nifD|consensus50|pass_mixed_possible_multitemplate	TOOL-7-No	D18	Dryas octopetala	4/24/25	0	0	Quarter	TOOL-7	ethanol	nodule	Rosaceae	TOOL	Dryas	actinorhizal	TOOL_032	North Slope Borough	Alaska	yes	NA	NA	20240706	Microvirga	Microvirga_sp._KLBC_81	86.928	49.9347	0	880
OAES-35-1-Ro|nifD|consensus50|pass_mixed_possible_multitemplate	OAES-35-1-Ro	D11	Amorpha fruticosa	3/6/25	0	0	Quarter	OAES-35	ethanol	root	Fabaceae	OAES	Amorpha	Amorpheae	OAES_011_R	Washita	OK	yes	35.40049	-99.06592	8/21/24	Microvirga	Microvirga_sp._RSM25	84.701	52.4804	0	896
TALL-8-2-Ro|nifD|consensus50|pass_mixed_possible_multitemplate	TALL-8-2-Ro	D08	Alnus serrulata	3/28/25	0	0	Quarter	TALL-8	dry	root	Betulaceae	TALL	Alnus	actinorhizal	TALL_051	Bibb County	AL	yes	32.950269	-87.397402	2024-Apr-16	Microvirga	Microvirga_sp._KLBC_81	87.112	84.0731	0	1504
DELA-33-1-Ro|nifD|consensus50|pass_mixed_possible_multitemplate	DELA-33-1-Ro	D08	Hylodesmum pauciflorum	4/4/25	0	0	Quarter	DELA-33	NA	root	Fabaceae	DELA	Desmodium	Desmodieae	DELA_012	Green County	AL	yes	32.531129	-87.816662	8/15/24	Microvirga	Microvirga_sp._KLBC_81	84.869	57.376	0	983
OAES-37-2-No|nifD|consensus50|pass_mixed_possible_multitemplate	OAES-37-2-No	D11	Dalea purpurea	5/14/25	0	0	Quarter	OAES-37	ethanol	nodule	Fabaceae	OAES	Dalea	Amorpheae	OAES_003_R	Washita	OK	yes	35.41178	-99.06994	8/23/24	Sinorhizobium	Sinorhizobium_meliloti_(Rhizobium_meliloti)	86.705	56.4621	0	1037
TALL-26-3-Rh|nifD|consensus50|pass_single_dominant	TALL-26-3-Rh	D08	Clitoria sp.	3/21/25	0	0	Quarter	TALL-26	dry	rhizosphere	Fabaceae	TALL	Clitoria	Phaseoleae	TALL_001	Hale County	AL	yes	32.97619	-87.43236	8/26/24	Ensifer	Ensifer_aridi	81.465	58.812	0	839
DSNY-57-1-Rh|nifD|consensus50|pass_single_dominant	DSNY-57-1-Rh	D03	Sesbania vesicaria	1/28/25	0	0	Quarter	DSNY-57	dry	rhizosphere	Fabaceae	DSNY	Sesbania	Sesbanieae	DSNY_002	Polk	Florida	yes	28.041792	-81.41152	20240723	Microvirga	Microvirga_sp._KLBC_81	85.506	58.094	0	994
LENO-1-1-Rh|nifD|consensus50|pass_single_dominant	LENO-1-1-Rh	D08	Hylodesmum pauciflorum	1/28/25	0	0	Quarter	LENO-1	ethanol	rhizosphere	Fabaceae	LENO	Desmodium	Desmodieae	LENO_064	Choctaw County	AL	yes	31.853996	-88.159961	6/17/24	Mesorhizobium	Mesorhizobium_sp._WSM4083	86.501	84.1384	0	1458
LENO-7-2-Ro|nifD|consensus50|pass_mixed_possible_multitemplate	LENO-7-2-Ro	D08	Amorpha fruticosa	2/5/25	0.4785	22.968	Quarter	LENO-7	ethanol	root	Fabaceae	LENO	Amorpha	Amorpheae	LENO_012	Choctaw County	AL	yes	31.80805	-88.179966	6/25/24	Mesorhizobium	Mesorhizobium_sp._WSM4083	85.57	84.1384	0	1465
LENO-7-2-Rh|nifD|consensus50|pass_mixed_possible_multitemplate	LENO-7-2-Rh	D08	Amorpha fruticosa	2/5/25	0	0	Quarter	LENO-7	ethanol	rhizosphere	Fabaceae	LENO	Amorpha	Amorpheae	LENO_012	Choctaw County	AL	yes	31.80805	-88.179966	6/25/24	Mesorhizobium	Mesorhizobium_sp._WSM2240	84.869	84.9869	0	1458
OAES-35-1-No|nifD|consensus50|pass_mixed_possible_multitemplate	OAES-35-1-No	D11	Amorpha fruticosa	3/6/25	0	0	Quarter	OAES-35	ethanol	nodule	Fabaceae	OAES	Amorpha	Amorpheae	OAES_011_R	Washita	OK	yes	35.40049	-99.06592	8/21/24	Microvirga	Microvirga_sp._KLBC_81	83.143	85.5744	0	1459
KONZ-10-1-Rh|nifD|consensus50|pass_mixed_possible_multitemplate	KONZ-10-1-Rh	D06	Desmodium illinoense	9/25/24	0.103	4.944	Quarter	KONZ-10	dry	rhizosphere	Fabaceae	KONZ	Desmodium	Desmodieae	KONZ_001	Riley	KS	yes	39.0752	-96.55571	20240711	Microvirga	Microvirga_sp._RSM25	81.527	85.5091	0	1319
LENO-5-2-Ro|nifD|consensus50|pass_mixed_possible_multitemplate	LENO-5-2-Ro	D08	Amorpha fruticosa	2/25/25	1.095	52.56	Quarter	LENO-5	dry	root	Fabaceae	LENO	Amorpha	Amorpheae	LENO_011	Choctaw County	AL	yes	31.825876	-88.182931	6/19/24	Microvirga	Microvirga_sp._KLBC_81	84.323	85.7702	0	1507
LENO-13-2-Ro|nifD|consensus50|pass_mixed_possible_multitemplate	LENO-13-2-Ro	D08	Amphicarpaea bracteata	2/25/25	0.984	47.232	Quarter	LENO-13	dry	root	Fabaceae	LENO	Amphicarpaea	Phaseoleae	LENO_021	Choctaw County	AL	yes	31.834449	-88.170754	7/3/24	Microvirga	Microvirga_sp._KLBC_81	84.527	85.6397	0	1500
TALL-2-3-Ro|nifD|consensus50|pass_mixed_possible_multitemplate	TALL-2-3-Ro	D08	Desmodium ciliare	4/4/25	0.051	2.448	Quarter	TALL-2	NA	root	Fabaceae	TALL	Desmodium	Desmodieae	TALL_016	Bibb County	AL	yes	32.970408	-87.415018	2024-Apr-11	Microvirga	Microvirga_sp._KLBC_81	83.786	84.1384	0	1347
JERC-DEFL-61-3-Ro|nifD|consensus50|pass_mixed_possible_multitemplate	JERC-DEFL-61-3-Ro	D03	Desmodium floridanum	12/4/24	0.128	6.144	Quarter	JERC-61	dry	root	Fabaceae	JERC	Desmodium	Desmodieae	JERC_050	Baker County	Georgia	yes	NA	NA	20240618	Microvirga	Microvirga_sp._KLBC_81	83.218	84.7911	0	1400
JERC-113-3-No|nifD|consensus50|pass_mixed_possible_multitemplate	JERC-113-3-No	D03	Chamaecrista nictitans	4/3/25	0	0	Quarter	JERC-113	dry	nodule	Fabaceae	JERC	Chamaecrista	Cassieae	JERC_048	Baker County	Georgia	yes	31.19645727	-84.46191333	20240709	Microvirga	Microvirga_sp._KLBC_81	85.66	85.5744	0	1399
JERC-180-5-No|nifD|consensus50|pass_mixed_possible_multitemplate	JERC-180-5-No	D03	Zornia bracteata	4/3/25	4.02	192.96	Quarter	JERC-180	dry	nodule	Fabaceae	JERC	Zornia	Dalbergieae	JERC_050	Baker County	Georgia	yes	NA	NA	20241028	Burkholderia	Burkholderia_multivorans	80.589	48.7598	1.35e-179	623
JERC-50-5-No|nifD|consensus50|pass_mixed_possible_multitemplate	JERC-50-5-No	D03	Chamaecrista nictitans	12/4/24	1.18	56.64	Quarter	JERC-50	dry	nodule	Fabaceae	JERC	Chamaecrista	Cassieae	JERC_002	Baker County	Georgia	yes	NA	NA	20240604	Microvirga	Microvirga_sp._KLBC_81	86.945	48.4987	0	841
JERC-CERE-67-1-No|nifD|consensus50|pass_mixed_possible_multitemplate	JERC-CERE-67-1-No	D03	Lespedeza repens	12/4/24	0.666	31.968	Quarter	JERC-67	dry	nodule	Fabaceae	JERC	Lespedeza	Desmodieae	JERC_050	Baker County	Georgia	yes	NA	NA	20240618	Mesorhizobium	Mesorhizobium_sp._WSM4083	83.691	85.248	0	1343
OSBS-83-1-No|nifD|consensus50|pass_mixed_possible_multitemplate	OSBS-83-1-No	D03	Galactia elliottii	2/13/25	17.95	861.6	Half	OSBS-83	dry	nodule	Fabaceae	OSBS	Galactia	Diocleae	OSBS_004	Putnam	FL	yes	29.684337	-81.957673	20240822	Mesorhizobium	Mesorhizobium_sp._WSM4083	85.828	49.282	0	843
OSBS-88-1-Ro|nifD|consensus50|pass_mixed_possible_multitemplate	OSBS-88-1-Ro	D03	Desmodium triflorum	2/13/25	5.505	264.24	Half	OSBS-88	dry	root	Fabaceae	OSBS	Desmodium	Desmodieae	OSBS_072	Putnam	FL	yes	29.690915	-82.00887	20240827	Microvirga	Microvirga_sp._KLBC_81	82.679	84.7911	0	1299
JERC-191-1-No|nifD|consensus50|pass_mixed_possible_multitemplate	JERC-191-1-No	D03	Centrosema virginiana	2/26/25	0	0	Quarter	JERC-191	dry	nodule	Fabaceae	JERC	Centrosema	Phaseoleae	JERC_048	Baker County	Georgia	yes	31.1969337	-84.4626737	20241028	Microvirga	Microvirga_sp._RSM25	87.336	54.6345	0	1011
TALL-12-2-No|nifD|consensus50|pass_mixed_possible_multitemplate	TALL-12-2-No	D08	Desmodium ciliare	3/28/25	0	0	Quarter	TALL-12	dry	nodule	Fabaceae	TALL	Desmodium	Desmodieae	TALL_054	Bibb County	AL	yes	32.94865	-87.39759	6/17/24	Mesorhizobium	Mesorhizobium_sp._WSM2240	84.336	57.5065	0	922
YELL-3-5-Ro|nifD|consensus50|pass_mixed_possible_multitemplate	YELL-3-5-Ro	D12	Lupinus sericieus	4/1/25	0.8235	39.528	Quarter	YELL-3	ethanol	root	Fabaceae	YELL	Lupinus	Genisteae	YELL_018	Park County	WY	yes	NA	NA	7/11/24	Microvirga	Microvirga_sp._KLBC_81	86.64	48.3681	0	870
JERC-99-4-Rh|nifD|consensus50|pass_mixed_possible_multitemplate	JERC-99-4-Rh	D03	Lespedeza bicolor	2/24/25	0	0	Quarter	JERC-99	dry	rhizosphere	Fabaceae	JERC	Lespedeza	Desmodieae	JERC_034	Baker County	Georgia	no	31.2725	-84.58055556	20240625	Mesorhizobium	Mesorhizobium_sp._WSM2240	85.548	84.0078	0	1434
OSBS-38-1-Ro|nifD|consensus50|pass_mixed_possible_multitemplate	OSBS-38-1-Ro	D03	Pediomelum canescens	2/26/25	0	0	Quarter	OSBS-38	NA	root	Fabaceae	OSBS	Pediomelum	Psoraleeae	OSBS_029	Putnam	FL	yes	NA	NA	20240617	Microvirga	Microvirga_sp._KLBC_81	86.357	85.6397	0	1524
DELA-22-1-Ro|nifD|consensus50|pass_mixed_possible_multitemplate	DELA-22-1-Ro	D08	Albizia julibrissin	4/4/25	4.25	204	Quarter	DELA-22	dry	root	Fabaceae	DELA	Albizia	Mimosoideae	DELA_041	Green County	AL	no	32.53927	-87.80968	8/14/24	Microvirga	Microvirga_sp._KLBC_81	81.522	84.0731	0	1247
CLBJ-35-1-Ro|nifD|consensus50|pass_mixed_possible_multitemplate	CLBJ-35-1-Ro	D11	Rhynchosia latifolia	2/26/25	0.0845	4.056	Quarter	CLBJ-35	ethanol	root	Fabaceae	CLBJ	Rhynchosia	Phaseoleae	CLBJ_036_R	Wise	TX	yes	33.397578	-97.57995	6/11/24	Microvirga	Microvirga_sp._KLBC_81	83.003	85.6397	0	1362
JERC-199-Ro|nifD|consensus50|pass_mixed_possible_multitemplate	JERC-199-Ro	D03	Indigofera hirsuta	4/24/25	0.205	9.84	Quarter	JERC-199	dry	root	Fabaceae	JERC	Indigofera	Indigofereae	JERC_004	Baker County	Georgia	no	NA	NA	20241029	Rhizobium	Rhizobium_sp._ZK1	82.807	51.6319	0	869
UKFS-6-3-Ro|nifD|consensus50|pass_mixed_possible_multitemplate	UKFS-6-3-Ro	D06	Hylodesmum glutinosum	2/17/25	0	0	Quarter	UKFS-6	dry	root	Fabaceae	UKFS	Desmodium	Desmodieae	UKFS_002	Douglas	KS	yes	39.04622	-95.2087	7/3/24	Mesorhizobium	Mesorhizobium_sp._AaZ16	87.469	52.0888	0	961
JERC-53-5-No|nifD|consensus50|pass_mixed_possible_multitemplate	JERC-53-5-No	D03	Ceanothus americanus	12/4/24	21.9	1051.2	Half	JERC-53	dry	nodule	Rhamnaceae	JERC	Ceanothus	actinorhizal	JERC_050	Baker County	Georgia	yes	31.195964	-84.469057	20240604	Ensifer	Ensifer_sp._MPMI2T	85.139	51.8277	0	911
JERC-46-1-Ro|nifD|consensus50|pass_mixed_possible_multitemplate	JERC-46-1-Ro	D03	Dalea carnea	12/4/24	9.38	450.24	Half	JERC-46	dry	root	Fabaceae	JERC	Dalea	Amorpheae	JERC_005	Baker County	Georgia	yes	NA	NA	20240604	Azorhizobium	Azorhizobium_caulinodans	86.745	33.4856	1.75e-178	619
CLBJ-50-3-Rh|nifD|consensus50|pass_mixed_possible_multitemplate	CLBJ-50-3-Rh	D11	Dalea multiflora	2/19/25	0	0	Quarter	CLBJ-50	ethanol	rhizosphere	Fabaceae	CLBJ	Dalea	Amorpheae	CLBJ_034_R	Wise	TX	yes	33.19259	-97.34659	9/5/24	Mesorhizobium	Mesorhizobium_sp._AaZ16	88.338	85.6397	0	1613
TALL-47-2-Rh|nifD|consensus50|pass_mixed_possible_multitemplate	TALL-47-2-Rh	D08	Chamaecrista nictitans	3/20/25	0	0	Quarter	TALL-47	dry	rhizosphere	Fabaceae	TALL	Chamaecrista	Cassieae	TALL_007	Hale County	AL	yes	32.974713	-87.47111	8/27/24	Mesorhizobium	Mesorhizobium_sp._AaZ16	85.736	85.5744	0	1602
DSNY-69-1-No|nifD|consensus50|pass_mixed_possible_multitemplate	DSNY-69-1-No	D03	Chamaecrista nictitans	2/24/25	2.985	143.28	Quarter	DSNY-69	dry	nodule	Fabaceae	DSNY	Chamaecrista	Cassieae	DSNY_043	Polk	Florida	yes	28.1252617	-81.4363446	20240904	Mesorhizobium	Mesorhizobium_sp._AaZ16	84.897	85.5744	0	1519
JERC-122-No|nifD|consensus50|pass_mixed_possible_multitemplate	JERC-122-No	D03	Lespedeza stuevei	2/25/25	0.2465	11.832	Quarter	JERC-122	dry	nodule	Fabaceae	JERC	Lespedeza	Desmodieae	JERC_003	Baker County	Georgia	yes	31.196299	-84.473555	20240730	Mesorhizobium	Mesorhizobium_sp._AaZ16	88.558	85.5744	0	1760
JERC-123-No|nifD|consensus50|pass_mixed_possible_multitemplate	JERC-123-No	D03	Desmodium lineatum	2/25/25	0	0	Quarter	JERC-123	dry	nodule	Fabaceae	JERC	Desmodium	Desmodieae	JERC_003	Baker County	Georgia	yes	31.196121	-84.473601	20240730	Mesorhizobium	Mesorhizobium_sp._AaZ16	88.01	54.4386	0	1070
DELA-2-2-No|nifD|consensus50|pass_single_dominant	DELA-2-2-No	D08	Lespedeza cuneata	2/26/25	0	0	Quarter	DELA-2	dry	nodule	Fabaceae	DELA	Lespedeza	Desmodieae	DELA_008	Green County	AL	no	32.539186	-87.81292	7/24/24	Mesorhizobium	Mesorhizobium_sp._AaZ16	92.326	54.4386	0	1195
JERC-121-No|nifD|consensus50|pass_mixed_possible_multitemplate	JERC-121-No	D03	Desmodium paniculatum	2/25/25	0	0	Quarter	JERC-121	dry	nodule	Fabaceae	JERC	Desmodium	Desmodieae	JERC_003	Baker County	Georgia	yes	31.19626	-84.473484	20240730	Mesorhizobium	Mesorhizobium_sp._AaZ16	86.423	85.5744	0	1605
JERC-122-Rh|nifD|consensus50|pass_mixed_possible_multitemplate	JERC-122-Rh	D03	Lespedeza stuevei	2/25/25	0	0	Quarter	JERC-122	dry	rhizosphere	Fabaceae	JERC	Lespedeza	Desmodieae	JERC_003	Baker County	Georgia	yes	31.196299	-84.473555	20240730	Mesorhizobium	Mesorhizobium_sp._AaZ16	88.704	58.9426	0	1186
DSNY-65-1-Ro|nifD|consensus50|pass_mixed_possible_multitemplate	DSNY-65-1-Ro	D03	Desmodium triflorum	2/24/25	0.424	20.352	Quarter	DSNY-65	dry	root	Fabaceae	DSNY	Desmodium	Desmodieae	DSNY_034	Polk	Florida	yes	NA	NA	20240820	Mesorhizobium	Mesorhizobium_sp._AaZ16	86.88	85.5744	0	1602
JERC-25-1-Ro|nifD|consensus50|pass_mixed_possible_multitemplate	JERC-25-1-Ro	D03	Desmodium lineatum	2/17/25	0.5825	27.96	Quarter	JERC-25	dry	root	Fabaceae	JERC	Desmodium	Desmodieae	JERC_007	Baker County	Georgia	yes	NA	NA	20240603	Mesorhizobium	Mesorhizobium_sp._AaZ16	88.971	52.6762	0	1064
JERC-172-2-No|nifD|consensus50|pass_mixed_possible_multitemplate	JERC-172-2-No	D03	Desmodium paniculatum	2/26/25	0	0	Quarter	JERC-172	dry	nodule	Fabaceae	JERC	Desmodium	Desmodieae	JERC_019	Baker County	Georgia	yes	NA	NA	20241003	Mesorhizobium	Mesorhizobium_sp._AaZ16	91.935	52.611	0	1144
OSBS-7-4-Rh|nifD|consensus50|pass_single_dominant	OSBS-7-4-Rh	D03	Galactia elliottii	8/14/24	0.072	3.456	Quarter	OSBS-GAEL-7	dry	rhizosphere	Fabaceae	OSBS	Galactia	Diocleae	OSBS_016	Putnam	FL	yes	NA	NA	20240424	Mesorhizobium	Mesorhizobium_sp._AaZ16	89.272	85.1828	0	1690
JERC-161-No|nifD|consensus50|pass_mixed_possible_multitemplate	JERC-161-No	D03	Rhynchosia tomentosa	2/27/25	0	0	Quarter	JERC-161	dry	nodule	Fabaceae	JERC	Rhynchosia	Phaseoleae	JERC_019	Baker County	Georgia	yes	NA	NA	20241003	Mesorhizobium	Mesorhizobium_sp._AaZ16	87.5	84.5953	0	1568
JERC-156-Rh|nifD|consensus50|pass_mixed_possible_multitemplate	JERC-156-Rh	D03	Lespedeza hirta	2/27/25	0	0	Quarter	JERC-156	dry	rhizosphere	Fabaceae	JERC	Lespedeza	Desmodieae	JERC_015	Baker County	Georgia	yes	NA	NA	20241002	Mesorhizobium	Mesorhizobium_sp._AaZ16	86.325	85.4439	0	1544
JERC-98-1-Ro|nifD|consensus50|pass_single_dominant	JERC-98-1-Ro	D03	Lespedeza cuneata	2/24/25	0	0	Quarter	JERC-98	dry	root	Fabaceae	JERC	Lespedeza	Desmodieae	JERC_034	Baker County	Georgia	no	31.26611111	-84.59333333	20240625	Mesorhizobium	Mesorhizobium_sp._AaZ16	89.397	85.5744	0	1685
OSBS-4-3-Ro|nifD|consensus50|pass_single_dominant	OSBS-4-3-Ro	D03	Morella cerifera	8/14/24	0	0	Quarter	OSBS-MOCE-4	dry	root	Myricaceae	OSBS	Morella	actinorhizal	OSBS_048	Putnam	FL	yes	NA	NA	20240424	Mesorhizobium	Mesorhizobium_sp._AaZ16	89.321	85.5744	0	1677
OSBS-28-1-Rh|nifD|consensus50|pass_single_dominant	OSBS-28-1-Rh	D03	Galactia sp.	3/26/25	0	0	Quarter	OSBS-28	dry	root	Fabaceae	OSBS	Galactia	Diocleae	OSBS_031	Putnam	FL	yes	NA	NA	20240611	Mesorhizobium	Mesorhizobium_sp._AaZ16	88.33	85.5744	0	1585
OSBS-106-1-Rh|nifD|consensus50|pass_mixed_possible_multitemplate	OSBS-106-1-Rh	D03	Lespedeza hirta	2/26/25	0.0595	2.856	Quarter	OSBS-106	NA	rhizosphere	Fabaceae	OSBS	Lespedeza	Desmodieae	OSBS_070	Putnam	Fl	yes	NA	NA	20241008	Mesorhizobium	Mesorhizobium_sp._WSM2240	87.114	84.5953	0	1550
OSBS-12-1-Rh|nifD|consensus50|pass_mixed_possible_multitemplate	OSBS-12-1-Rh	D03	Rhynchosia reniformis	8/14/24	0.1095	5.256	Quarter	OSBS-RHRE-12	dry	rhizosphere	Fabaceae	OSBS	Rhynchosia	Phaseoleae	OSBS_036	Putnam	FL	yes	NA	NA	20240521	Mesorhizobium	Mesorhizobium_sp._AaZ16	87.997	85.3786	0	1581
JERC-98-1-Rh|nifD|consensus50|pass_single_dominant	JERC-98-1-Rh	D03	Lespedeza cuneata	2/24/25	0	0	Quarter	JERC-98	dry	rhizosphere	Fabaceae	JERC	Lespedeza	Desmodieae	JERC_034	Baker County	Georgia	no	31.26611111	-84.59333333	20240625	Mesorhizobium	Mesorhizobium_sp._AaZ16	88.089	52.611	0	987
ORNL-12-1-No|nifD|consensus50|pass_mixed_possible_multitemplate	ORNL-12-1-No	D07	Lespedeza cuneata	2/25/24	0.067	3.216	Quarter	ORNL-12	dry	nodule	Fabaceae	ORNL	Lespedeza	Desmodieae	ORNL_047	Anderson	TN	no	35.9525	-84.219722	7/11/24	Mesorhizobium	Mesorhizobium_sp._AaZ16	89.963	53.329	0	1077
JERC-119-No|nifD|consensus50|pass_mixed_possible_multitemplate	JERC-119-No	D03	Desmodium marilandicum	2/25/25	0	0	Quarter	JERC-119	dry	nodule	Fabaceae	JERC	Desmodium	Desmodieae	JERC_003	Baker County	Georgia	yes	31.196291	-84.47345	20240730	Mesorhizobium	Mesorhizobium_sp._AaZ16	86.88	85.5744	0	1565
JERC-98-4-No|nifD|consensus50|pass_mixed_possible_multitemplate	JERC-98-4-No	D03	Lespedeza cuneata	2/24/25	0.0685	3.288	Quarter	JERC-98	dry	nodule	Fabaceae	JERC	Lespedeza	Desmodieae	JERC_034	Baker County	Georgia	no	31.26611111	-84.59333333	20240625	Mesorhizobium	Mesorhizobium_sp._AaZ16	84.592	85.5744	0	1441
JERC-27-2-No|nifD|consensus50|pass_mixed_possible_multitemplate	JERC-27-2-No	D03	Chamaecrista nictitans	10/2/24	0	0	Quarter	JERC-27	dry	nodule	Fabaceae	JERC	Chamaecrista	Cassieae	JERC_007	Baker County	Georgia	yes	NA	NA	20240603	Mesorhizobium	Mesorhizobium_sp._AaZ16	87.567	85.5744	0	1565
JERC-138-Ro|nifD|consensus50|pass_mixed_possible_multitemplate	JERC-138-Ro	D03	Crotalaria purshii	2/17/25	0	0	Quarter	JERC-138	dry	root	Fabaceae	JERC	Crotalaria	Crotalarieae	JERC_031	Baker County	Georgia	yes	NA	NA	20240821	Mesorhizobium	Mesorhizobium_sp._WSM2240	87.781	52.3499	0	977
ORNL-18-1-Ro|nifD|consensus50|pass_mixed_possible_multitemplate	ORNL-18-1-Ro	D07	Lespedeza repens	2/25/24	0	0	Quarter	ORNL-18	dry	root	Fabaceae	ORNL	Lespedeza	Desmodieae	ORNL_010	Anderson	TN	yes	35.953333	-84.3325	7/11/24	Mesorhizobium	Mesorhizobium_sp._WSM2240	85.507	85.5744	0	1443
ORNL-1-1-Ro|nifD|consensus50|pass_mixed_possible_multitemplate	ORNL-1-1-Ro	D07	Elaeagnus umbellata	2/17/25	0.458	21.984	Quarter	ORNL-1	dry	root	Elaeagnaceae	ORNL	Elaeagnus	actinorhizal	ORNL_009	Anderson	TN	no	35.974444	-84.228056	5/15/24	Microvirga	Microvirga_sp._KLBC_81	85.061	85.6397	0	1461
DEJU-39-Ro|nifD|consensus50|pass_mixed_possible_multitemplate	DEJU-39-Ro	D19	Lupinus arcticus	2/20/25	0.6695	32.136	Quarter	DEJU-39	ethanol	root	Fabaceae	DEJU	Lupinus	Genisteae	DEJU_015	NA	Alaska	yes	NA	NA	NA	Microvirga	Microvirga_sp._KLBC_81	84.607	58.9426	0	976
DEJU-6-1-Rh|nifD|consensus50|pass_mixed_possible_multitemplate	DEJU-6-1-Rh	D19	Alnus viridis	2/13/25	NA	0	Quarter	DEJU-6	ethanol	rhizosphere	Betulaceae	DEJU	Alnus	actinorhizal	DEJU_047	NA	Alaska	yes	NA	NA	NA	Microvirga	Microvirga_sp._KLBC_81	85.171	84.0731	0	1417
N38-2-D-Ro|nifD|consensus50|pass_single_dominant	N38-2-D-Ro	NA	NA	NA	NA	NA	NA	NA	NA	NA	NA	NA	NA	NA	NA	NA	NA	NA	NA	NA	NA	Mesorhizobium	Mesorhizobium_sp._WSM4083	83.127	52.611	0	798
OSBS-82-1-No|nifD|consensus50|pass_mixed_possible_multitemplate	OSBS-82-1-No	D03	Stylosanthes biflora	2/13/25	NA	0	Quarter	OSBS-82	dry	nodule	Fabaceae	OSBS	Stylosanthes	Dalbergieae	OSBS_004	Putnam	FL	yes	NA	NA	20240822	Microvirga	Microvirga_sp._KLBC_81	84.615	50.0653	0	833
OSBS-86-1-Rh|nifD|consensus50|pass_mixed_possible_multitemplate	OSBS-86-1-Rh	D03	Desmodium strictum	2/13/25	NA	0	Quarter	OSBS-86	dry	rhizosphere	Fabaceae	OSBS	Desmodium	Desmodieae	OSBS_002	Putnam	FL	yes	NA	NA	20240822	Microvirga	Microvirga_sp._KLBC_81	86.879	51.2402	0	926
DSNY-30-1-Ro|nifD|consensus50|pass_mixed_possible_multitemplate	DSNY-30-1-Ro	D03	Crotalaria maritima	9/18/24	0	0	Quarter	DSNY-CRMA-30	dry	root	Fabaceae	DSNY	Crotalaria	Crotalarieae	DSNY_001	Osceola	Florida	yes	NA	NA	20240402	Microvirga	Microvirga_sp._KLBC_81	85.666	57.376	0	963
JERC-DESM-74-1-Ro|nifD|consensus50|pass_mixed_possible_multitemplate	JERC-DESM-74-1-Ro	D03	Desmodium sp	12/4/24	0.5485	26.328	Quarter	JERC-74	dry	root	Fabaceae	JERC	Desmodium	Desmodieae	JERC_047	Baker County	Georgia	yes	NA	NA	20240618	Microvirga	Microvirga_sp._KLBC_81	86.518	49.8695	0	900
OSBS-82-1-Rh|nifD|consensus50|pass_mixed_possible_multitemplate	OSBS-82-1-Rh	D03	Stylosanthes biflora	2/13/25	NA	0	Quarter	OSBS-82	dry	rhizosphere	Fabaceae	OSBS	Stylosanthes	Dalbergieae	OSBS_004	Putnam	FL	yes	NA	NA	20240822	Microvirga	Microvirga_sp._KLBC_81	81.293	84.7911	0	1321
OSBS-85-1-Rh|nifD|consensus50|pass_mixed_possible_multitemplate	OSBS-85-1-Rh	D03	Stylosanthes biflora	2/13/25	NA	0	Quarter	OSBS-85	dry	rhizosphere	Fabaceae	OSBS	Stylosanthes	Dalbergieae	OSBS_002	Putnam	FL	yes	NA	NA	20240822	Microvirga	Microvirga_sp._KLBC_81	84.034	85.4439	0	1428
OSBS-86-1-No|nifD|consensus50|pass_mixed_possible_multitemplate	OSBS-86-1-No	D03	Desmodium strictum	2/13/25	NA	0	Quarter	OSBS-86	dry	nodule	Fabaceae	OSBS	Desmodium	Desmodieae	OSBS_002	Putnam	FL	yes	NA	NA	20240822	Microvirga	Microvirga_sp._KLBC_81	83.692	84.8564	0	1402
DSNY-79-1-Rh|nifD|consensus50|pass_mixed_possible_multitemplate	DSNY-79-1-Rh	D03	Desmodium incanum	3/3/25	0	0	Quarter	DSNY-79	dry	rhizosphere	Fabaceae	DSNY	Desmodium	Desmodieae	DSNY_015	Polk	Florida	yes	28.1094603	-81.4310661	20240904	Microvirga	Microvirga_sp._KLBC_81	86.629	58.094	0	1011
TALL-50-1-Ro|nifD|consensus50|pass_mixed_possible_multitemplate	TALL-50-1-Ro	D08	Galactia volubilis	3/20/25	0.963	46.224	Quarter	TALL-50	dry	root	Fabaceae	TALL	Galactia	Diocleae	TALL_006	Hale County	AL	yes	32.898847	-87.44631	8/27/24	Mesorhizobium	Mesorhizobium_sp._WSM4083	85.506	85.1175	0	1415
OSBS-86-1-Ro|nifD|consensus50|pass_single_dominant	OSBS-86-1-Ro	D03	Desmodium strictum	2/13/25	5.285	253.68	Half	OSBS-86	dry	root	Fabaceae	OSBS	Desmodium	Desmodieae	OSBS_002	Putnam	FL	yes	NA	NA	20240822	Mesorhizobium	Mesorhizobium_sp._WSM4083	87.257	84.0078	0	1482
DEJU-48-No|nifD|consensus50|pass_single_dominant	DEJU-48-No	D19	Alnus viridis	2/20/25	16.2	777.6	Half	DEJU-48	ethanol	nodule	Betulaceae	DEJU	Alnus	actinorhizal	DEJU_002	NA	Alaska	yes	NA	NA	NA	Microvirga	Microvirga_sp._KLBC_81	85.792	84.0731	0	1410
DEJU-50-No|nifD|consensus50|pass_mixed_possible_multitemplate	DEJU-50-No	D19	Alnus viridis	2/20/25	0.9355	44.904	Quarter	DEJU-50	ethanol	nodule	Betulaceae	DEJU	Alnus	actinorhizal	DEJU_002	NA	Alaska	yes	NA	NA	NA	Microvirga	Microvirga_sp._KLBC_81	85.087	49.0209	0	780
DEJU-7-1-Rh|nifD|consensus50|pass_mixed_possible_multitemplate	DEJU-7-1-Rh	D19	Alnus viridis	2/13/25	0.183	8.784	Quarter	DEJU-7	ethanol	rhizosphere	Betulaceae	DEJU	Alnus	actinorhizal	DEJU_047	NA	Alaska	yes	NA	NA	NA	Microvirga	Microvirga_sp._KLBC_81	83.748	49.8042	0	841
TALL-54-1-Ro|nifD|consensus50|pass_mixed_possible_multitemplate	TALL-54-1-Ro	D08	Chamaecrista nictitans	3/20/25	0.0675	3.24	Quarter	TALL-54	NA	root	Fabaceae	TALL	Chamaecrista	Cassieae	TALL_q033	Bibb County	AL	yes	32.973539	-87.409071	8/27/24	Azorhizobium	Azorhizobium_caulinodans	81.858	59.0078	0	821
DSNY-38-3-Ro|nifD|consensus50|pass_mixed_possible_multitemplate	DSNY-38-3-Ro	D03	Indigofera hirsuta	9/18/24	0.8075	38.76	Quarter	DSNY-INHI-38	dry	root	Fabaceae	DSNY	Indigofera	Indigofereae	DSNY_011	Osceola	Florida	no	28.06297	-81.25475	20240430	Methylobacterium	Methylobacterium_sp._CB376	83.873	84.5953	0	1434
HEAL-10-2-Rh|nifD|consensus50|pass_mixed_possible_multitemplate	HEAL-10-2-Rh	D19	Alnus viridis	3/20/25	0	0	Quarter	HEAL-10	ethanol	rhizosphere	Betulaceae	HEAL	Alnus	actinorhizal	HEAL_004	Denali Borough	Alaska	yes	63.86378 N	149.27284 W	20240723	Methylobacterium	Methylobacterium_sp._CB376	83.515	41.9713	0	680
UKFS-4-1-Ro|nifD|consensus50|pass_mixed_possible_multitemplate	UKFS-4-1-Ro	D06	Lespedeza cuneata	9/25/24	1.13	54.24	Quarter	UKFS-4	dry	root	Fabaceae	UKFS	Lespedeza	Desmodieae	UKFS_009	Douglas	KS	no	39.04552	-95.2015	6/27/24	Mesorhizobium	Mesorhizobium_sp._WSM4083	84.183	49.9347	0	861
UNDE-3-1-Rh|nifD|consensus50|pass_mixed_possible_multitemplate	UNDE-3-1-Rh	D05	Alnus incana	2/12/25	0.1685	8.088	Quarter	UNDE-3	ethanol	rhizosphere	Betulaceae	UNDE	Alnus	actinorhizal	UNDE_002	Gogebic	MI	yes	46.243291°N	-89.544838°W	8/29/24	Microvirga	Microvirga_sp._RSM25	84.456	50.3916	0	856
KONZ-10-1-Ro|nifD|consensus50|pass_mixed_possible_multitemplate	KONZ-10-1-Ro	D06	Desmodium illinoense	9/25/24	1.61	77.28	Quarter	KONZ-10	dry	root	Fabaceae	KONZ	Desmodium	Desmodieae	KONZ_001	Riley	KS	yes	39.0752	-96.55571	20240711	Mesorhizobium	Mesorhizobium_sp._WSM4083	84.169	41.6449	0	708
LENO-6-1-Rh|nifD|consensus50|pass_mixed_possible_multitemplate	LENO-6-1-Rh	D08	Hylodesmum pauciflorum	2/5/25	0	0	Quarter	LENO-6	ethanol	rhizosphere	Fabaceae	LENO	Desmodium	Desmodieae	LENO_012	Choctaw County	AL	yes	31.80805	-88.179966	6/25/24	Microvirga	Microvirga_sp._KLBC_81	83.957	85.4439	0	1419
YELL-1-2-No|nifD|consensus50|pass_mixed_possible_multitemplate	YELL-1-2-No	D12	Lupinus sericieus	3/6/25	0.077	3.696	Quarter	YELL-1	ethanol	nodule	Fabaceae	YELL	Lupinus	Genisteae	YELL_004	Park County	WY	yes	44.962834	-110.593234	6/17/24	Microvirga	Microvirga_sp._RSM25	84.526	83.9426	0	1371
JERC-CLMA-83-1-Ro|nifD|consensus50|pass_mixed_possible_multitemplate	JERC-CLMA-83-1-Ro	D03	Clitoria mariana	12/4/24	1.99	95.52	Quarter	JERC-83	dry	root	Fabaceae	JERC	Clitoria	Phaseoleae	JERC_008	Baker County	Georgia	yes	NA	NA	20240618	Microvirga	Microvirga_sp._RSM25	85.969	84.2037	0	1435
OSBS-73-2-Ro|nifD|consensus50|pass_mixed_possible_multitemplate	OSBS-73-2-Ro	D03	Centrosema virginiana	2/21/25	0	0	Quarter	OSBS-73	dry	root	Fabaceae	OSBS	Centrosema	Phaseoleae	OSBS_063	Putnam	FL	yes	NA	NA	20240822	Microvirga	Microvirga_sp._RSM25	86.692	84.8564	0	1507
OSBS-81-1-Rh|nifD|consensus50|pass_single_dominant	OSBS-81-1-Rh	D03	Chamaecrista nictitans	1/28/25	0	0	Quarter	OSBS-81	dry	rhizosphere	Fabaceae	OSBS	Chamaecrista	Cassieae	OSBS_004	Putnam	FL	yes	NA	NA	20240822	Microvirga	Microvirga_sp._RSM25	85.692	83.9426	0	1424
DEJU-21-1-Rh|nifD|consensus50|pass_mixed_possible_multitemplate	DEJU-21-1-Rh	D19	Alnus viridis	4/2/25	0.1675	8.04	Quarter	DEJU-21	ethanol	rhizosphere	Betulaceae	DEJU	Alnus	actinorhizal	DEJU_046	NA	Alaska	yes	NA	NA	NA	Microvirga	Microvirga_sp._RSM25	87.929	58.9426	0	1123
LAJA-5-1-No|nifD|consensus50|pass_mixed_possible_multitemplate	LAJA-5-1-No	D04	Acacia sp.	3/26/25	0	0	Quarter	LAJA-5	dry	nodule	Fabaceae	LAJA	Acacia	Mimosoideae	LAJA_015	LAJA	P.R	0	18.034464	-67.066822	9/27/24	Microvirga	Microvirga_sp._RSM25	87.023	85.5091	0	1615
DEJU-9-1-Rh|nifD|consensus50|pass_mixed_possible_multitemplate	DEJU-9-1-Rh	D19	Lupinus arcticus	3/29/25	0.1535	7.368	Quarter	DEJU-9	ethanol	rhizosphere	Fabaceae	DEJU	Lupinus	Genisteae	DEJU_006	NA	Alaska	yes	NA	NA	NA	Microvirga	Microvirga_sp._KLBC_81	85.299	83.0287	0	1402
OSBS-28-1-Ro|nifD|consensus50|pass_mixed_possible_multitemplate	OSBS-28-1-Ro	D03	Galactia sp.	3/26/25	0	0	Quarter	OSBS-28	dry	root	Fabaceae	OSBS	Galactia	Diocleae	OSBS_031	Putnam	FL	yes	NA	NA	20240611	Microvirga	Microvirga_sp._KLBC_81	88.199	85.1828	0	1626
TALL-63-1-Rh|nifD|consensus50|pass_mixed_possible_multitemplate	TALL-63-1-Rh	D08	Chamaecrista nictitans	3/21/25	0	0	Quarter	TALL-63	dry	rhizosphere	Fabaceae	TALL	Chamaecrista	Cassieae	TALL_047	Bibb County	AL	yes	32.951299	-87.398914	9/3/24	Microvirga	Microvirga_sp._RSM25	86.258	84.0731	0	1474
LAJA-5-1-Rh|nifD|consensus50|pass_mixed_possible_multitemplate	LAJA-5-1-Rh	D04	Acacia sp.	3/26/25	0.5485	26.328	Quarter	LAJA-5	dry	rhizosphere	Fabaceae	LAJA	Acacia	Mimosoideae	LAJA_015	LAJA	P.R	0	18.034464	-67.066822	9/27/24	Microvirga	Microvirga_sp._RSM25	85.262	53.5901	0	976
JERC-87-1-Ro|nifD|consensus50|pass_mixed_possible_multitemplate	JERC-87-1-Ro	D03	Crotalaria juncea	5/14/25	0	0	Quarter	JERC-87	dry	root	Fabaceae	JERC	Crotalaria	Crotalarieae	JERC_034	Baker County	Georgia	no	31.19805	-84.48836667	20240625	Microvirga	Microvirga_lotononidis	86.585	85.6397	0	1522
TOOL-7-Ro|nifD|consensus50|pass_single_dominant	TOOL-7-Ro	D18	Dryas octopetala	4/24/25	0.057	2.736	Quarter	TOOL-7	ethanol	root	Rosaceae	TOOL	Dryas	actinorhizal	TOOL_032	North Slope Borough	Alaska	yes	NA	NA	20240706	Mesorhizobium	Mesorhizobium_sp._WSM2240	85.605	85.248	0	1380
JERC-89-1-Ro|nifD|consensus50|pass_mixed_possible_multitemplate	JERC-89-1-Ro	D03	Ceanothus americanus	5/14/25	0.5545	26.616	Quarter	JERC-89	dry	root	Rhamnaceae	JERC	Ceanothus	actinorhizal	JERC_050	Baker County	Georgia	yes	NA	NA	20240625	Mesorhizobium	Mesorhizobium_sp._WSM2240	85.516	84.7258	0	1463
JERC-90-1-No|nifD|consensus50|pass_mixed_possible_multitemplate	JERC-90-1-No	D03	Ceanothus americanus	5/14/25	32.7	1569.6	Half	JERC-90	dry	nodule	Rhamnaceae	JERC	Ceanothus	actinorhizal	JERC_050	Baker County	Georgia	yes	31.1963	-84.4678	20240625	Microvirga	Microvirga_sp._RSM25	85.149	85.705	0	1496
OAES-37-2-Rh|nifD|consensus50|pass_single_dominant	OAES-37-2-Rh	D11	Dalea purpurea	5/14/25	0	0	Quarter	OAES-37	ethanol	rhizosphere	Fabaceae	OAES	Dalea	Amorpheae	OAES_003_R	Washita	OK	yes	35.41178	-99.06994	8/23/24	Mesorhizobium	Mesorhizobium_sp._WSM2240	87.615	85.3786	0	1604
TOOL-4-Ro|nifD|consensus50|pass_single_dominant	TOOL-4-Ro	D18	Dryas octopetala	4/24/25	2.085	100.08	Quarter	TOOL-4	ethanol	root	Rosaceae	TOOL	Dryas	actinorhizal	TOOL_032	North Slope Borough	Alaska	yes	NA	NA	20240706	Mesorhizobium	Mesorhizobium_sp._WSM2240	89.076	85.4439	0	1652
TOOL-29-Rh|nifD|consensus50|pass_single_dominant	TOOL-29-Rh	D18	Dryas integrifolia	5/23/25	0	0	Quarter	TOOL-29	ethanol	rhizosphere	Rosaceae	TOOL	Dryas	actinorhizal	Tool_041	North Slope Borough	Alaska	yes	NA	NA	20240710	Mesorhizobium	Mesorhizobium_sp._WSM2240	86.998	82.8329	0	1496
TOOL-30-Rh|nifD|consensus50|pass_mixed_possible_multitemplate	TOOL-30-Rh	D18	Dryas integrifolia	5/23/25	0	0	Quarter	TOOL-30	ethanol	rhizosphere	Rosaceae	TOOL	Dryas	actinorhizal	Tool_041	North Slope Borough	Alaska	yes	NA	NA	20240710	Mesorhizobium	Mesorhizobium_sp._WSM2240	87.774	83.2898	0	1589
OAES-36-2-Ro|nifD|consensus50|pass_mixed_possible_multitemplate	OAES-36-2-Ro	D11	Melilotus officinalis	5/14/25	0	0	Quarter	OAES-36	ethanol	root	Fabaceae	OAES	Melilotus	Trifolieae	OAES_011_R	Washita	OK	no	35.40049	-99.06592	8/21/24	Mesorhizobium	Mesorhizobium_sp._WSM2240	85.736	85.5744	0	1474
OSBS-97-2-Ro|nifD|consensus50|pass_mixed_possible_multitemplate	OSBS-97-2-Ro	D03	Mimosa quadrivalvus	5/14/25	0	0	Quarter	OSBS-97	dry	root	Fabaceae	OSBS	Mimosa	Mimosoideae	OSBS_007	Putman	Fl	yes	NA	NA	20240918	Mesorhizobium	Mesorhizobium_sp._WSM2240	87.288	84.7258	0	1524
TOOL-25-Ro|nifD|consensus50|pass_mixed_possible_multitemplate	TOOL-25-Ro	D18	Oxytropis campestris	5/23/25	0	0	Quarter	TOOL-25	ethanol	root	Fabaceae	TOOL	Oxytropis	Galegeae	TOOL_020	North Slope Borough	Alaska	yes	68.63757	-149.64717	20240710	Microvirga	Microvirga_lotononidis	83.18	85.3786	0	1402
OSBS-95-3-Ro|nifD|consensus50|pass_mixed_possible_multitemplate	OSBS-95-3-Ro	D03	Dalea feayi	5/14/25	0	0	Quarter	OSBS-95	dry	root	Fabaceae	OSBS	Dalea	Amorpheae	OSBS_007	Putnam	Fl	yes	NA	NA	20240918	Microvirga	Microvirga_sp._KLBC_81	84.19	85.0522	0	1382
TOOL-33-1-No|nifD|consensus50|pass_mixed_possible_multitemplate	TOOL-33-1-No	D18	Dryas octopetala	5/23/25	0.1715	8.232	Quarter	TOOL-33	ethanol	nodule	Rosaceae	TOOL	Dryas	actinorhizal	TOOL_011	North Slope Borough	Alaska	yes	68.62774	-149.58777	20240711	Microvirga	Microvirga_sp._KLBC_81	84.219	84.7911	0	1413
TOOL-2-Rh|nifD|consensus50|pass_mixed_possible_multitemplate	TOOL-2-Rh	D18	Dryas integrifolia	4/24/25	0	0	Quarter	TOOL-2	ethanol	rhizosphere	Rosaceae	TOOL	Dryas	actinorhizal	TOOL_041	North Slope Borough	Alaska	yes	NA	NA	20240704	Mesorhizobium	Mesorhizobium_sp._WSM4083	84.913	52.3499	0	928
CLBJ-15-1-Rh|nifD|consensus50|pass_mixed_possible_multitemplate	CLBJ-15-1-Rh	D11	Lespedeza procumbens	6/19/24	0	0	Quarter	CLBJ-15	dry	rhizosphere	Fabaceae	CLBJ	Lespedeza	Desmodieae	CLBJ_002_T	Wise	TX	yes	33.40398	-97.57114	5/8/24	Microvirga	Microvirga_sp._KLBC_81	82.399	50.0653	0	763
TALL-68-2-Ro|nifD|consensus50|pass_mixed_possible_multitemplate	TALL-68-2-Ro	D08	Desmodium laevigatum	4/8/25	2.23	107.04	Quarter	TALL-68	dry	root	Fabaceae	TALL	Desmodium	Desmodieae	TALL_055	Bibb County	AL	yes	32.948543	-87.398325	9/3/24	Burkholderia	Burkholderia_vietnamiensis	90.438	32.7676	0	658
CLBJ-16-2-Rh|nifD|consensus50|pass_mixed_possible_multitemplate	CLBJ-16-2-Rh	D11	Lespedeza virginica	6/19/24	0	0	Quarter	CLBJ-16	dry	rhizosphere	Fabaceae	CLBJ	Lespedeza	Desmodieae	CLBJ_003_T	Wise	TX	yes	33.403989	-97.572744	5/8/24	Microvirga	Microvirga_lotononidis	83.988	84.7911	0	1408
CLBJ-45-2-Ro|nifD|consensus50|pass_mixed_possible_multitemplate	CLBJ-45-2-Ro	D11	Lespedeza virginica	2/19/25	1.89	90.72	Quarter	CLBJ-45	dry	root	Fabaceae	CLBJ	Lespedeza	Desmodieae	CLBJ_034	Wise	TX	yes	33.23658	-97.34089	9/4/24	Microvirga	Microvirga_sp._RSM25	85.529	85.705	0	1465
DELA-28-Ro|nifD|consensus50|pass_mixed_possible_multitemplate	DELA-28-Ro	D08	Albizia julibrissin	4/4/25	0.5045	24.216	Quarter	DELA-28	NA	root	Fabaceae	DELA	Albizia	Mimosoideae	DELA_038	Green County	AL	no	32.55372	-87.81008	8/15/24	Burkholderia	Burkholderia_vietnamiensis	79.661	38.5117	1.0699999999999998e-165	577
LAJA-16-2-Ro|nifD|consensus50|pass_mixed_possible_multitemplate	LAJA-16-2-Ro	D04	Desmodium triflorum	3/19/25	2.06	98.88	Quarter	LAJA-16	dry	root	Fabaceae	LAJA	Desmodium	Desmodieae	LAJA_019	LAJA	P.R	yes	18.03184	-67.07065	10/2/24	Mesorhizobium	Mesorhizobium_sp._WSM4083	82.741	51.436	0	852
LAJA-17-1-Rh|nifD|consensus50|pass_mixed_possible_multitemplate	LAJA-17-1-Rh	D04	Macroptilium lathyroides	3/19/25	0.077	3.696	Quarter	LAJA-17	dry	rhizosphere	Fabaceae	LAJA	Macroptilium	Phaseoleae	LAJA_074	LAJA	P.R	yes	18.022048	-67.093327	10/2/24	Mesorhizobium	Mesorhizobium_sp._WSM4083	79.814	84.3995	0	1243
DSNY-77-3-No|nifD|consensus50|pass_mixed_possible_multitemplate	DSNY-77-3-No	D03	Desmodium incanum	3/3/25	0	0	Quarter	DSNY-77	dry	nodule	Fabaceae	DSNY	Desmodium	Desmodieae	DSNY_010	Polk	Florida	yes	28.1137669	-81.4352667	20240904	Burkholderia	Burkholderia_multivorans	88.406	27.0235	1.0899999999999999e-150	527
N34-2-D-Rh|nifD|consensus50|pass_mixed_possible_multitemplate	N34-2-D-Rh	NA	NA	NA	NA	NA	NA	NA	NA	NA	NA	NA	NA	NA	NA	NA	NA	NA	NA	NA	NA	Bradyrhizobium	Bradyrhizobium_sp._PUT101	84.19	33.0287	2.9499999999999994e-171	595
LAJA-13-3-Rh|nifD|consensus50|pass_mixed_possible_multitemplate	LAJA-13-3-Rh	D04	Mimosa pudica	3/19/25	0.078	3.744	Quarter	LAJA-13	dry	rhizosphere	Fabaceae	LAJA	Mimosa	Mimosoideae	LAJA_009	LAJA	P.R	yes	18.03202	-67.0691	10/2/24	Rhizobium	Rhizobium_azibense	79.898	51.3055	0	743
LAJA-17-1-Ro|nifD|consensus50|pass_mixed_possible_multitemplate	LAJA-17-1-Ro	D04	Macroptilium lathyroides	3/19/25	0.06	2.88	Quarter	LAJA-17	dry	root	Fabaceae	LAJA	Macroptilium	Phaseoleae	LAJA_074	LAJA	P.R	yes	18.022048	-67.093327	10/2/24	Methylobacterium	Methylobacterium_sp._CB376	81.298	84.4648	0	1303
SCBI-7-1-Rh|nifD|consensus50|pass_mixed_possible_multitemplate	SCBI-7-1-Rh	D02	Trifolium repens	4/24/25	0.2655	12.744	Quarter	SCBI-7	ethanol	rhizosphere	Fabaceae	SCBI	Trifolium	Trifolieae	SCBI-062	Warren	VA	no	38.895336	-78.138062	6/26/24	Mesorhizobium	Mesorhizobium_sp._WSM4083	79.628	84.2689	0	1173
LAJA-19-2-Ro|nifD|consensus50|pass_mixed_possible_multitemplate	LAJA-19-2-Ro	D04	Desmodium triflorum	3/19/25	2.385	114.48	Quarter	LAJA-19	dry	root	Fabaceae	LAJA	Desmodium	Desmodieae	LAJA_009	LAJA	P.R	yes	18.03202	-67.0691	10/2/24	Microvirga	Microvirga_sp._KLBC_81	80.993	84.1384	0	1232
LAJA-7-1-No|nifD|consensus50|pass_mixed_possible_multitemplate	LAJA-7-1-No	D04	Macroptilium atropurpureum	3/26/25	1.04	49.92	Quarter	LAJA-7	dry	nodule	Fabaceae	LAJA	Macroptilium	Phaseoleae	LAJA_002	LAJA	P.R	no	18.03622	-67.07407	9/27/24	Mesorhizobium	Mesorhizobium_sp._WSM4083	81.164	85.248	0	1260
LAJA-7-1-Ro|nifD|consensus50|pass_mixed_possible_multitemplate	LAJA-7-1-Ro	D04	Macroptilium atropurpureum	3/26/25	0.4545	21.816	Quarter	LAJA-7	dry	root	Fabaceae	LAJA	Macroptilium	Phaseoleae	LAJA_002	LAJA	P.R	no	18.03622	-67.07407	9/27/24	Microvirga	Microvirga_sp._KLBC_81	82.672	85.5091	0	1380
LAJA-12-1-Ro|nifD|consensus50|pass_mixed_possible_multitemplate	LAJA-12-1-Ro	D04	Desmodium incanum	3/19/25	0.3175	15.24	Quarter	LAJA-12	dry	root	Fabaceae	LAJA	Desmodium	Desmodieae	LAJA_074	LAJA	P.R	yes	18.02179	-67.09295	10/2/24	Methylobacterium	Methylobacterium_sp._CB376	81.748	84.3995	0	1306
LAJA-7-1-Rh|nifD|consensus50|pass_mixed_possible_multitemplate	LAJA-7-1-Rh	D04	Macroptilium atropurpureum	3/26/25	1.915	91.92	Quarter	LAJA-7	dry	rhizosphere	Fabaceae	LAJA	Macroptilium	Phaseoleae	LAJA_002	LAJA	P.R	no	18.03622	-67.07407	9/27/24	Microvirga	Microvirga_sp._RSM25	82.241	85.6397	0	1371
LAJA-8-2-Rh|nifD|consensus50|pass_mixed_possible_multitemplate	LAJA-8-2-Rh	D04	Desmodium incanum	3/19/25	0.0595	2.856	Quarter	LAJA-8	dry	rhizosphere	Fabaceae	LAJA	Desmodium	Desmodieae	LAJA_015	LAJA	P.R	yes	18.034464	-67.066822	9/27/24	Microvirga	Microvirga_sp._KLBC_81	81.923	84.8564	0	1362
CLBJ-19-1-Rh|nifD|consensus50|pass_mixed_possible_multitemplate	CLBJ-19-1-Rh	D11	Stylosanthes biflora	6/20/24	0.0985	4.728	Quarter	CLBJ-19	dry	rhizosphere	Fabaceae	CLBJ	Stylosanthes	Dalbergieae	CLBJ_003_T	Wise	TX	yes	33.403989	-97.572744	5/8/24	Microvirga	Microvirga_sp._RSM25	83.778	85.705	0	1362
DSNY-12-2-Ro|nifD|consensus50|pass_mixed_possible_multitemplate	DSNY-12-2-Ro	D03	Crotalaria pallida var. obovata	8/14/24	0.3325	15.96	Quarter	DSNY-CRPA-12	dry	root	Fabaceae	DSNY	Crotalaria	Crotalarieae	DSNY_044	Osceola	Florida	yes	28.12693243	-81.43561487	20240320	Microvirga	Microvirga_sp._KLBC_81	83.841	85.6397	0	1472
OSBS-18-5-Rh|nifD|consensus50|pass_mixed_possible_multitemplate	OSBS-18-5-Rh	D03	Tephrosia virginiana	8/19/24	0.206	9.888	Quarter	OSBS-TEVI-18	dry	rhizosphere	Fabaceae	OSBS	Tephrosia	Millettieae	OSBS_063	Putnam	FL	yes	NA	NA	20240521	Microvirga	Microvirga_sp._KLBC_81	85.149	85.705	0	1459
WOOD-4-1-Ro|nifD|consensus50|pass_mixed_possible_multitemplate	WOOD-4-1-Ro	D09	Elaeagnus commutata	5/2/25	10.2	489.6	Half	WOOD-4	ethanol	root	Elaeagnaceae	WOOD	Elaeagnus	actinorhizal	BARR_027	Stutsman	ND	no	47.14	99.24	9/23/24	Microvirga	Microvirga_sp._KLBC_81	84.339	85.4439	0	1485
DCFS-1-2-Rh|nifD|consensus50|pass_mixed_possible_multitemplate	DCFS-1-2-Rh	D09	Astragalus flexuosus	5/23/25	0	0	Quarter	DCFS-1	dry	rhizosphere	Fabaceae	DCFS	Astragalus	Galegeae	DCFS_006	Stutsman	ND	yes	47.17336	99.05106	6/6/24	Microvirga	Microvirga_lotononidis	86.631	85.4439	0	1517
OSBS-20-1-Rh|nifD|consensus50|pass_mixed_possible_multitemplate	OSBS-20-1-Rh	D03	Rhynchosia cinerea	8/19/24	0.185	8.88	Quarter	OSBS-RHCI-20	dry	rhizosphere	Fabaceae	OSBS	Rhynchosia	Phaseoleae	OSBS_063	Putnam	FL	yes	NA	NA	20240521	Microvirga	Microvirga_sp._KLBC_81	82.012	85.6397	0	1358
TALL-92-2-Rh|nifD|consensus50|pass_mixed_possible_multitemplate	TALL-92-2-Rh	D08	Morella caroliniensis	7/14/25	0.1725	8.28	Quarter	TALL-92	dry	rhizosphere	Myricaceae	TALL	Morella	actinorhizal	TALL_030	Bibb County	AL	yes	32.954599	-87.403549	9/19/24	Microvirga	Microvirga_sp._KLBC_81	83.227	51.3708	0	841
DSNY-58-No|nifD|consensus50|pass_mixed_possible_multitemplate	DSNY-58-No	D03	Sesbania vesicaria	2/25/25	0	0	Quarter	DSNY-58	dry	nodule	Fabaceae	DSNY	Sesbania	Sesbanieae	DSNY_005	Polk	Florida	yes	28.040514	-81.400406	20240723	Azorhizobium	Azorhizobium_caulinodans_ORS_571	87.405	86.0313	0	1546
DSNY-59-No|nifD|consensus50|pass_mixed_possible_multitemplate	DSNY-59-No	D03	Sesbania vesicaria	2/25/25	2.63	126.24	Quarter	DSNY-59	dry	nodule	Fabaceae	DSNY	Sesbania	Sesbanieae	DSNY_081Q	Polk	Florida	yes	28.074618	-81.411575	20240724	Microvirga	Microvirga_sp._RSM25	85.171	84.0731	0	1367
DSNY-59-Ro|nifD|consensus50|pass_single_dominant	DSNY-59-Ro	D03	Sesbania vesicaria	2/25/25	3.615	173.52	Quarter	DSNY-59	dry	root	Fabaceae	DSNY	Sesbania	Sesbanieae	DSNY_081Q	Polk	Florida	yes	28.074618	-81.411575	20240724	Microvirga	Microvirga_lotononidis	82.026	85.705	0	1236
N36-4-D-Rh|nifD|consensus50|pass_mixed_possible_multitemplate	N36-4-D-Rh	NA	NA	NA	NA	NA	NA	NA	NA	NA	NA	NA	NA	NA	NA	NA	NA	NA	NA	NA	NA	Azorhizobium	Azorhizobium_caulinodans_ORS_571	87.671	85.7702	0	1583
N36-4-D-Ro|nifD|consensus50|pass_mixed_possible_multitemplate	N36-4-D-Ro	NA	NA	NA	NA	NA	NA	NA	NA	NA	NA	NA	NA	NA	NA	NA	NA	NA	NA	NA	NA	Azorhizobium	Azorhizobium_caulinodans	86.403	52.8068	0	950
DSNY-81-1-No|nifD|consensus50|pass_mixed_possible_multitemplate	DSNY-81-1-No	D03	Sesbania herbacea	3/3/25	0.073	3.504	Quarter	DSNY-81	dry	nodule	Fabaceae	DSNY	Sesbania	Sesbanieae	DSNY_015	Polk	Florida	yes	28.1094603	-81.4310661	20240904	Azorhizobium	Azorhizobium_caulinodans	86.435	54.3734	0	966
DSNY-74-1-No|nifD|consensus50|pass_mixed_possible_multitemplate	DSNY-74-1-No	D03	Sesbania herbacea	3/3/25	9.545	458.16	Half	DSNY-74	dry	nodule	Fabaceae	DSNY	Sesbania	Sesbanieae	DSNY_010	Polk	Florida	yes	28.1204576	-81.4390507	20240904	Mesorhizobium	Mesorhizobium_sp._WSM4083	82.258	52.611	0	771
DSNY-78-1-No|nifD|consensus50|pass_mixed_possible_multitemplate	DSNY-78-1-No	D03	Sesbania herbacea	3/3/25	9.14	438.72	Half	DSNY-78	dry	nodule	Fabaceae	DSNY	Sesbania	Sesbanieae	DSNY_010	Polk	Florida	yes	28.1137669	-81.4352667	20240904	Mesorhizobium	Mesorhizobium_sp._WSM4083	85.199	85.1175	0	1375
DSNY-81-1-Ro|nifD|consensus50|pass_mixed_possible_multitemplate	DSNY-81-1-Ro	D03	Sesbania herbacea	3/3/25	1.78	85.44	Quarter	DSNY-81	dry	root	Fabaceae	DSNY	Sesbania	Sesbanieae	DSNY_015	Polk	Florida	yes	28.1094603	-81.4310661	20240904	Mesorhizobium	Mesorhizobium_sp._WSM4083	82.625	52.2193	0	830
YELL-2-2-No|nifD|consensus50|pass_mixed_possible_multitemplate	YELL-2-2-No	D12	Lupinus sericieus	3/6/25	1.28	61.44	Quarter	YELL-2	ethanol	nodule	Fabaceae	YELL	Lupinus	Genisteae	YELL_019	Park County	WY	yes	NA	NA	7/11/24	Microvirga	Microvirga_lotononidis	81.751	52.9373	0	808
JERC-102-1-Rh|nifD|consensus50|pass_single_dominant	JERC-102-1-Rh	D03	Ceanothus americanus	5/14/25	0.15	7.2	Quarter	JERC-102	dry	rhizosphere	Rhamnaceae	JERC	Ceanothus	actinorhizal	JERC_019	Baker County	Georgia	yes	NA	NA	20240626	Microvirga	Microvirga_sp._KLBC_81	85.891	84.6606	0	1378
JERC-90-1-Rh|nifD|consensus50|pass_mixed_possible_multitemplate	JERC-90-1-Rh	D03	Ceanothus americanus	5/14/25	0.1575	7.56	Quarter	JERC-90	dry	rhizosphere	Rhamnaceae	JERC	Ceanothus	actinorhizal	JERC_050	Baker County	Georgia	yes	31.1963	-84.4678	20240625	Microvirga	Microvirga_sp._KLBC_81	83.951	84.5953	0	1373
JERC-90-1-Ro|nifD|consensus50|pass_mixed_possible_multitemplate	JERC-90-1-Ro	D03	Ceanothus americanus	5/14/25	1.795	86.16	Quarter	JERC-90	dry	root	Rhamnaceae	JERC	Ceanothus	actinorhizal	JERC_050	Baker County	Georgia	yes	31.1963	-84.4678	20240625	Microvirga	Microvirga_sp._KLBC_81	83.321	85.705	0	1395
JERC-197-1-Ro|nifD|consensus50|pass_mixed_possible_multitemplate	JERC-197-1-Ro	D03	Tephrosia floridanum	4/24/25	0.8325	39.96	Quarter	JERC-197	dry	root	Fabaceae	JERC	Tephrosia	Millettieae	JERC_004	Baker County	Georgia	yes	31.1903745	-84.4660419	20241029	Microvirga	Microvirga_sp._KLBC_81	86.402	85.4439	0	1504
DEJU-30-No|nifD|consensus50|pass_single_dominant	DEJU-30-No	D19	Alnus viridis	2/20/25	15.3	734.4	Half	DEJU-30	ethanol	nodule	Betulaceae	DEJU	Alnus	actinorhizal	DEJU_015	NA	Alaska	yes	NA	NA	NA	Microvirga	Microvirga_lotononidis	84.186	85.4439	0	1360
TALL-8-2-No|nifD|consensus50|pass_mixed_possible_multitemplate	TALL-8-2-No	D08	Alnus serrulata	3/28/25	0	0	Quarter	TALL-8	dry	nodule	Betulaceae	TALL	Alnus	actinorhizal	TALL_051	Bibb County	AL	yes	32.950269	-87.397402	2024-Apr-16	Mesorhizobium	Mesorhizobium_sp._WSM4083	81.058	85.1175	0	1230
HEAL-10-2-No|nifD|consensus50|pass_mixed_possible_multitemplate	HEAL-10-2-No	D19	Alnus viridis	3/20/25	5.975	286.8	Half	HEAL-10	ethanol	nodule	Betulaceae	HEAL	Alnus	actinorhizal	HEAL_004	Denali Borough	Alaska	yes	63.86378 N	149.27284 W	20240723	Microvirga	Microvirga_sp._KLBC_81	84.07	85.6397	0	1424
LENO-15-2-No|nifD|consensus50|pass_mixed_possible_multitemplate	LENO-15-2-No	D08	Elaeagnus umbellata	3/20/25	43.9	2107.2	Half	LENO-15	dry	nodule	Elaeagnaceae	LENO	Elaeagnus	actinorhizal	LENO_029	Choctaw County	AL	no	31.831293	-88.171122	7/3/24	Microvirga	Microvirga_sp._KLBC_81	82.496	85.7702	0	1373
SCBI-3-1-No|nifD|consensus50|pass_single_dominant	SCBI-3-1-No	D02	Elaeagnus umbellata	4/23/25	3.645	174.96	Quarter	SCBI-3	ethanol	nodule	Elaeagnaceae	SCBI	Elaeagnus	actinorhizal	SCBI-006	Warren	VA	no	38.897638	-78.152008	6/26/24	Mesorhizobium	Mesorhizobium_sp._WSM4083	81.361	84.3995	0	1186
LENO-16-2-No|nifD|consensus50|pass_mixed_possible_multitemplate	LENO-16-2-No	D08	Elaeagnus umbellata	3/20/25	26.65	1279.2	Half	LENO-16	dry	nodule	Elaeagnaceae	LENO	Elaeagnus	actinorhizal	LENO_029	Choctaw County	AL	no	31.831293	-88.171122	7/3/24	Microvirga	Microvirga_sp._KLBC_81	84.703	85.7702	0	1421
TALL-60-1-No|nifD|consensus50|pass_mixed_possible_multitemplate	TALL-60-1-No	D08	Alnus serrulata	3/21/25	11.55	554.4	Half	TALL-60	NA	nodule	Betulaceae	TALL	Alnus	actinorhizal	TALL_R_015	Hale County	AL	yes	32.915962	-87.439483	8/28/24	Microvirga	Microvirga_sp._KLBC_81	83.918	85.6397	0	1375
TALL-72-1-No|nifD|consensus50|pass_mixed_possible_multitemplate	TALL-72-1-No	D08	Alnus serrulata	4/8/25	11.25	540	Half	TALL-72	dry	nodule	Betulaceae	TALL	Alnus	actinorhizal	TALL_032	Hale county	AL	yes	32.911661	-87.430302	9/4/24	Microvirga	Microvirga_sp._KLBC_81	82.801	85.7702	0	1426
TALL-72-2-No|nifD|consensus50|pass_mixed_possible_multitemplate	TALL-72-2-No	D08	Alnus serrulata	10/31/25	31.15	1495.2	Half	TALL-72	dry	nodule	Betulaceae	TALL	Alnus	actinorhizal	TALL_032	Hale county	AL	yes	32.911661	-87.430302	9/4/24	Mesorhizobium	Mesorhizobium_sp._WSM4083	82.263	85.3786	0	1319
TALL-72-3-No|nifD|consensus50|pass_mixed_possible_multitemplate	TALL-72-3-No	D08	Alnus serrulata	10/30/25	6.36	305.28	Half	TALL-72	dry	nodule	Betulaceae	TALL	Alnus	actinorhizal	TALL_032	Hale county	AL	yes	32.911661	-87.430302	9/4/24	Mesorhizobium	Mesorhizobium_sp._WSM4083	81.804	85.3786	0	1343
MLBS-1-1-Ro|nifD|consensus50|pass_mixed_possible_multitemplate	MLBS-1-1-Ro	D07	Elaeagnus umbellata	2/17/25	0.9175	44.04	Quarter	MLBS-1	dry	root	Elaeagnaceae	MLBS	Elaeagnus	actinorhizal	MLBS_030	Giles	VA	no	37.43	-80.508333	5/15/24	Mesorhizobium	Mesorhizobium_sp._WSM4083	85.484	52.611	0	959
KONZ-4-1-Rh|nifD|consensus50|pass_mixed_possible_multitemplate	KONZ-4-1-Rh	D06	Lespedeza capitata	8/29/24	0	0	Quarter	KONZ-4	dry	rhizosphere	Fabaceae	KONZ	Lespedeza	Desmodieae	KONZ_042	Riley	KS	yes	39.09968	-96.56345	20240710	Mesorhizobium	Mesorhizobium_sp._WSM4083	81.728	85.3786	0	1291
LENO-5-2-Rh|nifD|consensus50|pass_mixed_possible_multitemplate	LENO-5-2-Rh	D08	Amorpha fruticosa	2/25/25	0.632	30.336	Quarter	LENO-5	dry	rhizosphere	Fabaceae	LENO	Amorpha	Amorpheae	LENO_011	Choctaw County	AL	yes	31.825876	-88.182931	6/19/24	Mesorhizobium	Mesorhizobium_sp._WSM2240	83.982	85.5744	0	1435
CLBJ-26-1-Rh|nifD|consensus50|pass_mixed_possible_multitemplate	CLBJ-26-1-Rh	D11	Strophostyles leiosperma	9/18/24	0	0	Quarter	CLBJ-26	ethanol	rhizosphere	Fabaceae	CLBJ	Strophostyles	Phaseoleae	CLBJ_035_R	Wise	TX	yes	33.32974	-97.5792	6/4/24	Microvirga	Microvirga_lotononidis	84.025	84.9869	0	1485
DSNY-GARE-35-1-Ro|nifD|consensus50|pass_mixed_possible_multitemplate	DSNY-GARE-35-1-Ro	D03	Galactia regularis cf sp.	9/18/24	0	0	Quarter	DSNY-GARE-35	dry	root	Fabaceae	DSNY	Galactia	Diocleae	DSNY_006	Osceola	Florida	yes	NA	NA	20240430	Microvirga	Microvirga_sp._RSM25	85.441	85.1828	0	1570
DSNY-34-1-No|nifD|consensus50|pass_mixed_possible_multitemplate	DSNY-34-1-No	D03	Crotalaria maritima	9/18/24	0.1205	5.784	Quarter	DSNY-CRMA-34	dry	nodule	Fabaceae	DSNY	Crotalaria	Crotalarieae	DSNY_001	Osceola	Florida	yes	NA	NA	20240402	Microvirga	Microvirga_lotononidis	82.088	85.6397	0	1354
DSNY-CRMA-35-1-No|nifD|consensus50|pass_mixed_possible_multitemplate	DSNY-CRMA-35-1-No	D03	Crotalaria maritima	9/18/24	0	0	Quarter	DSNY-CRMA-35	dry	nodule	Fabaceae	DSNY	Crotalaria	Crotalarieae	DSNY_001	Osceola	Florida	yes	NA	NA	20240402	Sinorhizobium	Sinorhizobium_prairiense	86.822	50.5222	0	872
JERC-RHDI-59-3-Rh|nifD|consensus50|pass_mixed_possible_multitemplate	JERC-RHDI-59-3-Rh	D03	Rhynchosia difformis	12/4/24	0.054	2.592	Quarter	JERC-59	dry	rhizosphere	Fabaceae	JERC	Rhynchosia	Phaseoleae	JERC_050	Baker County	Georgia	yes	NA	NA	20240618	Microvirga	Microvirga_sp._KLBC_81	84.146	85.6397	0	1533
DSNY-37-1-Ro|nifD|consensus50|pass_mixed_possible_multitemplate	DSNY-37-1-Ro	D03	Crotalaria pallida cf sp.	9/18/24	0.782	37.536	Quarter	DSNY-CRPA-37	dry	root	Fabaceae	DSNY	Crotalaria	Crotalarieae	DSNY_011	Osceola	Florida	yes	28.06297	-81.25475	20240430	Mesorhizobium	Mesorhizobium_sp._WSM2240	83.537	85.6397	0	1443
DSNY-10-3-Rh|nifD|consensus50|pass_single_dominant	DSNY-10-3-Rh	D03	Crotalaria spectabilis	8/14/24	0.101	4.848	Quarter	DSNY-CRSP-10	dry	rhizosphere	Fabaceae	DSNY	Crotalaria	Crotalarieae	DSNY_044	Osceola	Florida	no	28.1264253	-81.4359074	20240320	Microvirga	Microvirga_lotononidis	89.101	85.6397	0	1664
DSNY-36-1-No|nifD|consensus50|pass_mixed_possible_multitemplate	DSNY-36-1-No	D03	Tephrosia sp.	9/18/24	0.525	25.2	Quarter	DSNY-Tephrosia-36	dry	nodule	Fabaceae	DSNY	Tephrosia	Millettieae	DSNY_006	Osceola	Florida	yes	NA	NA	20240430	Microvirga	Microvirga_lotononidis	83.988	84.7911	0	1411
JERC-DEFL-61-3-Rh|nifD|consensus50|pass_mixed_possible_multitemplate	JERC-DEFL-61-3-Rh	D03	Desmodium floridanum	12/4/24	0	0	Quarter	JERC-61	dry	rhizosphere	Fabaceae	JERC	Desmodium	Desmodieae	JERC_050	Baker County	Georgia	yes	NA	NA	20240618	Microvirga	Microvirga_sp._RSM25	83.079	85.6397	0	1393
LAJA-5-1-Ro|nifD|consensus50|pass_mixed_possible_multitemplate	LAJA-5-1-Ro	D04	Acacia sp.	3/26/25	2.575	123.6	Quarter	LAJA-5	dry	root	Fabaceae	LAJA	Acacia	Mimosoideae	LAJA_015	LAJA	P.R	0	18.034464	-67.066822	9/27/24	Microvirga	Microvirga_sp._KLBC_81	85.016	84.0731	0	1458
DEJU-22-1-Rh|nifD|consensus50|pass_mixed_possible_multitemplate	DEJU-22-1-Rh	D19	Alnus viridis	4/2/25	0.11	5.28	Quarter	DEJU-22	ethanol	rhizosphere	Betulaceae	DEJU	Alnus	actinorhizal	DEJU_046	NA	Alaska	yes	NA	NA	NA	Microvirga	Microvirga_sp._KLBC_81	87.875	50.0653	0	955
JERC-165-Ro|nifD|consensus50|pass_mixed_possible_multitemplate	JERC-165-Ro	D03	Lespedeza hirta	2/27/25	2.53	121.44	Quarter	JERC-165	dry	root	Fabaceae	JERC	Lespedeza	Desmodieae	JERC_019	Baker County	Georgia	yes	NA	NA	20241003	Microvirga	Microvirga_sp._KLBC_81	84.099	52.5457	0	889
DSNY-7-1-Ro|nifD|consensus50|pass_mixed_possible_multitemplate	DSNY-7-1-Ro	D03	Morella pumila	8/14/24	0.1825	8.76	Quarter	DSNY-MOPU-7	dry	root	Myricaceae	DSNY	Morella	actinorhizal	DSNY_004	Osceola	Florida	yes	28.09974869	-81.39996247	20240319	Microvirga	Microvirga_sp._KLBC_81	82.29	85.5091	0	1395
DSNY-24-1-Rh|nifD|consensus50|pass_mixed_possible_multitemplate	DSNY-24-1-Rh	D03	Lupinus floridanus	9/18/24	0	0	Quarter	DSNY-LUFL-24	dry	rhizosphere	Fabaceae	DSNY	Lupinus	Genisteae	DSNY_025	Polk	Florida	yes	28.065217	-81.41175	20240402	Microvirga	Microvirga_sp._RSM25	83.838	51.6971	0	881
DSNY-37-1-Rh|nifD|consensus50|pass_mixed_possible_multitemplate	DSNY-37-1-Rh	D03	Crotalaria pallida cf sp.	9/18/24	0	0	Quarter	DSNY-CRPA-37	dry	rhizosphere	Fabaceae	DSNY	Crotalaria	Crotalarieae	DSNY_011	Osceola	Florida	yes	28.06297	-81.25475	20240430	Microvirga	Microvirga_sp._KLBC_81	81.832	84.7911	0	1343
DSNY-95-Ro|nifD|consensus50|pass_mixed_possible_multitemplate	DSNY-95-Ro	D03	Galactia elliottii	2/19/25	0	0	Quarter	DSNY-95	dry	root	Fabaceae	DSNY	Galactia	Diocleae	DSNY_010	Osceola	Florida	yes	NA	NA	20241023	Mesorhizobium	Mesorhizobium_sp._WSM4083	84.472	52.5457	0	900
DSNY-31-1-Ro|nifD|consensus50|pass_mixed_possible_multitemplate	DSNY-31-1-Ro	D03	Macroptilium lathyroides	9/18/24	2.18	104.64	Quarter	DSNY-MALY-31	dry	root	Fabaceae	DSNY	Macroptilium	Phaseoleae	DSNY_044	Osceola	Florida	yes	28.126633	-81.435883	2024002	Microvirga	Microvirga_sp._KLBC_81	83.079	85.6397	0	1397
DSNY-34-1-Rh|nifD|consensus50|pass_mixed_possible_multitemplate	DSNY-34-1-Rh	D03	Crotalaria maritima	9/18/24	0	0	Quarter	DSNY-CRMA-34	dry	rhizosphere	Fabaceae	DSNY	Crotalaria	Crotalarieae	DSNY_001	Osceola	Florida	yes	NA	NA	20240402	Microvirga	Microvirga_sp._KLBC_81	82.47	85.6397	0	1410
UKFS-4-1-Rh|nifD|consensus50|pass_mixed_possible_multitemplate	UKFS-4-1-Rh	D06	Lespedeza cuneata	9/25/24	0.0635	3.048	Quarter	UKFS-4	dry	rhizosphere	Fabaceae	UKFS	Lespedeza	Desmodieae	UKFS_009	Douglas	KS	no	39.04552	-95.2015	6/27/24	Mesorhizobium	Mesorhizobium_sp._WSM4083	83.41	85.3786	0	1384
DELA-16-No|nifD|consensus50|pass_mixed_possible_multitemplate	DELA-16-No	D08	Galactia volubilis	4/4/25	59	2832	Half	DELA-16	NA	nodule	Fabaceae	DELA	Galactia	Diocleae	DELA_008	Green County	AL	yes	32.53861	-87.81298	8/14/24	Ensifer	Ensifer_aridi	80.259	85.6397	0	1206
LAJA-25-1-No|nifD|consensus50|pass_mixed_possible_multitemplate	LAJA-25-1-No	D04	Desmodium incanum	4/4/25	2.14	102.72	Quarter	LAJA-25	dry	nodule	Fabaceae	LAJA	Desmodium	Desmodieae	LAJA_026	LAJA	P.R	yes	18.03547	-67.06755	11/13/24	Microvirga	Microvirga_sp._KLBC_81	83.003	85.6397	0	1365
DELA-18-2-No|nifD|consensus50|pass_mixed_possible_multitemplate	DELA-18-2-No	D08	Galactia volubilis	3/3/25	0.11	5.28	Quarter	DELA-18	dry	nodule	Fabaceae	DELA	Galactia	Diocleae	DELA_008	Green County	AL	yes	32.53861	-87.81298	8/14/24	Mesorhizobium	Mesorhizobium_sp._AaZ16	83.448	85.5744	0	1472
DELA-20-1-No|nifD|consensus50|pass_mixed_possible_multitemplate	DELA-20-1-No	D08	Galactia volubilis	3/3/25	0	0	Quarter	DELA-20	NA	nodule	Fabaceae	DELA	Galactia	Diocleae	DELA_008	Green County	AL	yes	32.53861	-87.81298	8/14/24	Mesorhizobium	Mesorhizobium_sp._AaZ16	86.117	85.5744	0	1592
DELA-5-1-No|nifD|consensus50|pass_mixed_possible_multitemplate	DELA-5-1-No	D08	Galactia volubilis	4/4/25	0.4665	22.392	Quarter	DELA-5	NA	nodule	Fabaceae	DELA	Galactia	Diocleae	DELA_027	Green County	AL	yes	32.538206	-87.80996	8/1/24	Mesorhizobium	Mesorhizobium_sp._WSM4083	84.243	52.611	0	843
JERC-167-No|nifD|consensus50|pass_mixed_possible_multitemplate	JERC-167-No	D03	Galactia volubilis	2/27/25	0	0	Quarter	JERC-167	dry	nodule	Fabaceae	JERC	Galactia	Diocleae	JERC_019	Baker County	Georgia	yes	NA	NA	20241003	Microvirga	Microvirga_sp._KLBC_81	84.651	84.2037	0	1376
JERC-GAVO-33-1-No|nifD|consensus50|pass_mixed_possible_multitemplate	JERC-GAVO-33-1-No	D03	Galactia volubilis	12/4/24	0.3555	17.064	Quarter	JERC-33	dry	nodule	Fabaceae	JERC	Galactia	Diocleae	JERC_007	Baker County	Georgia	yes	NA	NA	20240603	Mesorhizobium	Mesorhizobium_sp._WSM2240	84.516	85.5744	0	1382
LAJA-26-1-No|nifD|consensus50|pass_mixed_possible_multitemplate	LAJA-26-1-No	D04	Desmodium sp.	4/4/25	0.8045	38.616	Quarter	LAJA-26	dry	nodule	Fabaceae	LAJA	Desmodium	Desmodieae	NA	LAJA	P.R	yes	NA	NA	NA	Rhizobium	Rhizobium_sp._CB3060	83.638	85.7702	0	1312
LAJA-3-2-No|nifD|consensus50|pass_mixed_possible_multitemplate	LAJA-3-2-No	D04	Albizia sp.	4/4/25	36.15	1735.2	Half	LAJA-3	NA	nodule	Fabaceae	LAJA	Albizia	Mimosoideae	LAJA_015	LAJA	P.R	no	18.034464	-67.066822	8/21/24	Microvirga	Microvirga_sp._KLBC_81	81.34	85.705	0	1251
LAJA-3-3-No|nifD|consensus50|pass_mixed_possible_multitemplate	LAJA-3-3-No	D04	Albizia sp.	4/4/25	9.49	455.52	Half	LAJA-3	NA	nodule	Fabaceae	LAJA	Albizia	Mimosoideae	LAJA_015	LAJA	P.R	no	18.034464	-67.066822	8/21/24	Ensifer	Ensifer_sp._MPMI2T	84.247	85.7702	0	1352
LAJA-3-2-Rh|nifD|consensus50|pass_mixed_possible_multitemplate	LAJA-3-2-Rh	D04	Albizia sp.	4/4/25	36.7	1761.6	Half	LAJA-3	NA	rhizosphere	Fabaceae	LAJA	Albizia	Mimosoideae	LAJA_015	LAJA	P.R	no	18.034464	-67.066822	8/21/24	Microvirga	Microvirga_sp._KLBC_81	82.94	85.705	0	1275
LAJA-3-3-Rh|nifD|consensus50|pass_mixed_possible_multitemplate	LAJA-3-3-Rh	D04	Albizia sp.	4/4/25	5.14	246.72	Quarter	LAJA-3	NA	rhizosphere	Fabaceae	LAJA	Albizia	Mimosoideae	LAJA_015	LAJA	P.R	no	18.034464	-67.066822	8/21/24	Microvirga	Microvirga_sp._KLBC_81	82.088	85.6397	0	1339
GUAN-3-No|nifD|consensus50|pass_mixed_possible_multitemplate	GUAN-3-No	D04	Pictetia aculeata	2/19/25	0	0	Quarter	GUAN-3	dry	nodule	Fabaceae	GUAN	Pictetia	Dalbergieae	GUAN_004	Yauco	P.R	yes	17.969445	-66.851404	10/10/24	Microvirga	Microvirga_sp._KLBC_81	86.945	48.4987	0	846
LAJA-26-1-Ro|nifD|consensus50|pass_mixed_possible_multitemplate	LAJA-26-1-Ro	D04	Desmodium sp.	4/4/25	0.6455	30.984	Quarter	LAJA-26	dry	root	Fabaceae	LAJA	Desmodium	Desmodieae	NA	LAJA	P.R	yes	NA	NA	NA	Microvirga	Microvirga_sp._RSM25	81.145	85.5091	0	1317
DSNY-39-4-Ro|nifD|consensus50|pass_mixed_possible_multitemplate	DSNY-39-4-Ro	D03	Macroptilium lathyroides	9/18/24	0.372	17.856	Quarter	DSNY-MALA-39	dry	root	Fabaceae	DSNY	Macroptilium	Phaseoleae	DSNY_011	Osceola	Florida	yes	28.06297	-81.25475	20240430	Burkholderia	Burkholderia_multivorans	81.784	87.0757	0	1304
LAJA-2-2-Rh|nifD|consensus50|pass_mixed_possible_multitemplate	LAJA-2-2-Rh	D04	Mimosa pudica	4/4/25	0.085	4.08	Quarter	LAJA-2	NA	rhizosphere	Fabaceae	LAJA	Mimosa	Mimosoideae	LAJA_002	LAJA	P.R	yes	18.035349	-67.073331	8/21/24	Bradyrhizobium	Bradyrhizobium_sp._PUT101	81.34	85.705	0	1280
LAJA-2-2-Ro|nifD|consensus50|pass_mixed_possible_multitemplate	LAJA-2-2-Ro	D04	Mimosa pudica	4/4/25	2.665	127.92	Quarter	LAJA-2	NA	root	Fabaceae	LAJA	Mimosa	Mimosoideae	LAJA_002	LAJA	P.R	yes	18.035349	-67.073331	8/21/24	Sinorhizobium	Sinorhizobium_chiapasense	80.297	52.6762	0	736
LAJA-2-3-Rh|nifD|consensus50|pass_mixed_possible_multitemplate	LAJA-2-3-Rh	D04	Mimosa pudica	4/4/25	0.4265	20.472	Quarter	LAJA-2	NA	rhizosphere	Fabaceae	LAJA	Mimosa	Mimosoideae	LAJA_002	LAJA	P.R	yes	18.035349	-67.073331	8/21/24	Bradyrhizobium	Bradyrhizobium_sp._PUT101	81.279	85.7702	0	1293
LAJA-1-2-Rh|nifD|consensus50|pass_mixed_possible_multitemplate	LAJA-1-2-Rh	D04	Mimosa pudica	4/4/25	0.635	30.48	Quarter	LAJA-1	NA	rhizosphere	Fabaceae	LAJA	Mimosa	Mimosoideae	LAJA_015	LAJA	P.R	yes	18.034464	-67.066822	8/21/24	Microvirga	Microvirga_sp._RSM25	79.847	85.5091	0	1290
N34-2-D-Ro|nifD|consensus50|pass_mixed_possible_multitemplate	N34-2-D-Ro	NA	NA	NA	NA	NA	NA	NA	NA	NA	NA	NA	NA	NA	NA	NA	NA	NA	NA	NA	NA	Methylobacterium	Methylobacterium_sp._CB376	83.321	86.0966	0	1386
DSNY-79-1-Ro|nifD|consensus50|pass_mixed_possible_multitemplate	DSNY-79-1-Ro	D03	Desmodium incanum	3/3/25	0.8365	40.152	Quarter	DSNY-79	dry	root	Fabaceae	DSNY	Desmodium	Desmodieae	DSNY_015	Polk	Florida	yes	28.1094603	-81.4310661	20240904	Microvirga	Microvirga_sp._KLBC_81	83.463	84.0731	0	1365
LAJA-3-2-Ro|nifD|consensus50|pass_mixed_possible_multitemplate	LAJA-3-2-Ro	D04	Albizia sp.	4/4/25	1.405	67.44	Quarter	LAJA-3	NA	root	Fabaceae	LAJA	Albizia	Mimosoideae	LAJA_015	LAJA	P.R	no	18.034464	-67.066822	8/21/24	Microvirga	Microvirga_sp._KLBC_81	80.835	84.4648	0	1304
OSBS-30-1-Rh|nifD|consensus50|pass_mixed_possible_multitemplate	OSBS-30-1-Rh	D03	Rhynchosia sp.	3/26/25	0.122	5.856	Quarter	OSBS-30	dry	rhizosphere	Fabaceae	OSBS	Rhynchosia	Phaseoleae	OSBS_031	Putnam	FL	yes	NA	NA	20240611	Azorhizobium	Azorhizobium_caulinodans	83.715	54.1123	0	859
LAJA-3-1-Rh|nifD|consensus50|pass_mixed_possible_multitemplate	LAJA-3-1-Rh	D04	Albizia sp.	3/26/25	0.1085	5.208	Quarter	LAJA-3	dry	rhizosphere	Fabaceae	LAJA	Albizia	Mimosoideae	LAJA_015	LAJA	P.R	no	18.034464	-67.066822	8/21/24	Azorhizobium	Azorhizobium_caulinodans	80.625	85.5744	0	1227
LAJA-1-3-Rh|nifD|consensus50|pass_mixed_possible_multitemplate	LAJA-1-3-Rh	D04	Mimosa pudica	4/4/25	0	0	Quarter	LAJA-1	NA	rhizosphere	Fabaceae	LAJA	Mimosa	Mimosoideae	LAJA_015	LAJA	P.R	yes	18.034464	-67.066822	8/21/24	Microvirga	Microvirga_sp._KLBC_81	83.384	85.6397	0	1417
DSNY-44-1-No|nifD|consensus50|pass_mixed_possible_multitemplate	DSNY-44-1-No	D03	Sesbania vesicaria	9/18/24	0.0835	4.008	Quarter	DSNY-Sesbania-44	dry	nodule	Fabaceae	DSNY	Sesbania	Sesbanieae	DSNY_002	Polk	Florida	yes	28.0567104	-81.4075136	20240528	Mesorhizobium	Mesorhizobium_sp._WSM4083	86.041	54.2428	0	928
DSNY-57-No|nifD|consensus50|pass_mixed_possible_multitemplate	DSNY-57-No	D03	Sesbania vesicaria	1/28/25	3.61	173.28	Quarter	DSNY-57	dry	nodule	Fabaceae	DSNY	Sesbania	Sesbanieae	DSNY_002	Polk	Florida	yes	28.041792	-81.41152	20240723	Microvirga	Microvirga_sp._KLBC_81	84.35	49.2167	0	778
JERC-42-1-Ro|nifD|consensus50|pass_mixed_possible_multitemplate	JERC-42-1-Ro	D03	Rhynchosia reniformis	1/23/25	2.62	125.76	Quarter	JERC-42	dry	root	Fabaceae	JERC	Rhynchosia	Phaseoleae	JERC_005	Baker County	Georgia	yes	NA	NA	20240604	Microvirga	Microvirga_sp._KLBC_81	85.464	48.4987	0	813
N39-2-D-Rh|nifD|consensus50|pass_mixed_possible_multitemplate	N39-2-D-Rh	NA	NA	NA	NA	NA	NA	NA	NA	NA	NA	NA	NA	NA	NA	NA	NA	NA	NA	NA	NA	Bradyrhizobium	Bradyrhizobium_sp._PUT101	87.35	49.0209	0	865
DSNY-49-2-Ro|nifD|consensus50|pass_mixed_possible_multitemplate	DSNY-49-2-Ro	D03	Chamaecrista nictitans	9/18/24	0.064	3.072	Quarter	DSNY-CHNI2-49	dry	root	Fabaceae	DSNY	Chamaecrista	Cassieae	DSNY_043	Osceola	Florida	yes	NA	NA	20240529	Microvirga	Microvirga_sp._KLBC_81	81.965	48.4987	0	732
JERC-122-Ro|nifD|consensus50|pass_mixed_possible_multitemplate	JERC-122-Ro	D03	Lespedeza stuevei	2/25/25	0	0	Quarter	JERC-122	dry	root	Fabaceae	JERC	Lespedeza	Desmodieae	JERC_003	Baker County	Georgia	yes	31.196299	-84.473555	20240730	Microvirga	Microvirga_sp._RSM25	84.779	85.7702	0	1439
JERC-23-1-Rh|nifD|consensus50|pass_mixed_possible_multitemplate	JERC-23-1-Rh	D03	Rhynchosia reniformis	8/14/24	0.0765	3.672	Quarter	JERC-RHRE-23	dry	rhizosphere	Fabaceae	JERC	Rhynchosia	Phaseoleae	JERC_006	Baker County	Georgia	yes	NA	NA	20240529	Microvirga	Microvirga_sp._KLBC_81	86.217	85.248	0	1476
JERC-157-2-Rh|nifD|consensus50|pass_mixed_possible_multitemplate	JERC-157-2-Rh	D03	Chamaecrista fasciculata	2/26/25	0	0	Quarter	JERC-157	dry	rhizosphere	Fabaceae	JERC	Chamaecrista	Cassieae	JERC_015	Baker County	Georgia	yes	NA	NA	20241002	Microvirga	Microvirga_sp._KLBC_81	83.003	85.6397	0	1290
JERC-30-3-Ro|nifD|consensus50|pass_mixed_possible_multitemplate	JERC-30-3-Ro	D03	Chamaecrista nictitans	10/2/24	0	0	Quarter	JERC-30	dry	root	Fabaceae	JERC	Chamaecrista	Cassieae	JERC_007	Baker County	Georgia	yes	NA	NA	20240603	Microvirga	Microvirga_sp._KLBC_81	86.275	49.9347	0	872
JERC-AMFR-56-1-Ro|nifD|consensus50|pass_mixed_possible_multitemplate	JERC-AMFR-56-1-Ro	D03	Amorpha fruticosa	12/4/24	0	0	Quarter	JERC-56	dry	root	Fabaceae	JERC	Amorpha	Amorpheae	JERC_050	Baker County	Georgia	yes	NA	NA	20240618	Microvirga	Microvirga_sp._RSM25	84.539	85.705	0	1400
UNDE-4-1-Rh|nifD|consensus50|pass_mixed_possible_multitemplate	UNDE-4-1-Rh	D05	Alnus incana	2/12/25	0.078	3.744	Quarter	UNDE-4	ethanol	rhizosphere	Betulaceae	UNDE	Alnus	actinorhizal	UNDE_055	Gogebic	MI	yes	46.229334°N	-89.535755°W	9/9/24	Microvirga	Microvirga_sp._KLBC_81	83.204	84.3342	0	1328
JERC-AMFR-56-1-Rh|nifD|consensus50|pass_mixed_possible_multitemplate	JERC-AMFR-56-1-Rh	D03	Amorpha fruticosa	12/4/24	0	0	Quarter	JERC-56	dry	rhizosphere	Fabaceae	JERC	Amorpha	Amorpheae	JERC_050	Baker County	Georgia	yes	NA	NA	20240618	Microvirga	Microvirga_sp._KLBC_81	86.9	85.705	0	1583
DSNY-31-1-Rh|nifD|consensus50|pass_mixed_possible_multitemplate	DSNY-31-1-Rh	D03	Macroptilium lathyroides	9/18/24	0	0	Quarter	DSNY-MALY-31	dry	rhizosphere	Fabaceae	DSNY	Macroptilium	Phaseoleae	DSNY_044	Osceola	Florida	yes	28.126633	-81.435883	2024002	Rhizobium	Rhizobium_azibense	88.549	83.2245	0	1578
DSNY-GAEL-33-1-Ro|nifD|consensus50|pass_mixed_possible_multitemplate	DSNY-GAEL-33-1-Ro	D03	Galactia elliottii	9/18/24	0.625	30	Quarter	DSNY-GAEL-33	dry	root	Fabaceae	DSNY	Galactia	Diocleae	DSNY_003	Polk	Florida	yes	NA	NA	20240430	Microvirga	Microvirga_sp._RSM25	85.649	85.5091	0	1511
DSNY-5-1-No|nifD|consensus50|pass_mixed_possible_multitemplate	DSNY-5-1-No	D03	Crotalaria maritima	8/14/24	0.107	5.136	Quarter	DSNY-CRMA-5	dry	nodule	Fabaceae	DSNY	Crotalaria	Crotalarieae	DSNY_006	Osceola	Florida	yes	28.09298025 N, -81.39932663 W. WGS84.	NA	20240312	Microvirga	Microvirga_sp._KLBC_81	85.008	85.7702	0	1463
DSNY-5-1-Ro|nifD|consensus50|pass_mixed_possible_multitemplate	DSNY-5-1-Ro	D03	Crotalaria maritima	8/14/24	4.655	223.44	Quarter	DSNY-CRMA-5	dry	root	Fabaceae	DSNY	Crotalaria	Crotalarieae	DSNY_006	Osceola	Florida	yes	28.09298025 N, -81.39932663 W. WGS84.	NA	20240312	Mesorhizobium	Mesorhizobium_sp._WSM2240	83.905	85.5744	0	1458
DSNY-69-1-Ro|nifD|consensus50|pass_mixed_possible_multitemplate	DSNY-69-1-Ro	D03	Chamaecrista nictitans	2/24/25	0.8315	39.912	Quarter	DSNY-69	dry	root	Fabaceae	DSNY	Chamaecrista	Cassieae	DSNY_043	Polk	Florida	yes	28.1252617	-81.4363446	20240904	Mesorhizobium	Mesorhizobium_sp._WSM2240	82.609	85.5744	0	1373
JERC-152-Ro|nifD|consensus50|pass_single_dominant	JERC-152-Ro	D03	Tephrosia virginiana	5/14/25	0	0	Quarter	JERC-152	dry	root	Fabaceae	JERC	Tephrosia	Millettieae	JERC_015	Baker County	Georgia	yes	NA	NA	20241002	Microvirga	Microvirga_lotononidis	87.481	84.9869	0	1530
OSBS-37-1-Rh|nifD|consensus50|pass_single_dominant	OSBS-37-1-Rh	D03	Chapmannia floridana	2/26/25	0	0	Quarter	OSBS-37	NA	rhizosphere	Fabaceae	OSBS	Chapmannia	Dalbergieae	OSBS_029	Putnam	FL	yes	NA	NA	20240617	Sinorhizobium	Sinorhizobium_meliloti_(Rhizobium_meliloti)	86.265	84.5953	0	1454
RMNP-3-Rh|nifD|consensus50|pass_mixed_possible_multitemplate	RMNP-3-Rh	D10	Oxytropis multiceps	4/24/25	0	0	Quarter	RMNP-3	dry	rhizosphere	Fabaceae	RMNP	Oxytropis	Galegeae	RMNP_016	Boulder	CO	yes	NA	NA	6/11/24	Microvirga	Microvirga_sp._KLBC_81	86.412	85.5091	0	1480
NOGP-7-2-No|nifD|consensus50|pass_mixed_possible_multitemplate	NOGP-7-2-No	D09	Amorpha canescens	5/2/25	0	0	Quarter	NOGP-7	dry	nodule	Fabaceae	NOGP	Amorpha	Amorpheae	NOGP_064	NA	ND	yes	46.77063	-100.9138092	6/25/24	Microvirga	Microvirga_sp._KLBC_81	87.17	54.4386	0	990
OSBS-38-2-Ro|nifD|consensus50|pass_single_dominant	OSBS-38-2-Ro	D03	Pediomelum canescens	2/26/25	0	0	Quarter	OSBS-38	dry	root	Fabaceae	OSBS	Pediomelum	Psoraleeae	OSBS_029	Putnam	FL	yes	NA	NA	20240617	Microvirga	Microvirga_sp._KLBC_81	87.957	85.6397	0	1576
KONZ-5-1-Rh|nifD|consensus50|pass_mixed_possible_multitemplate	KONZ-5-1-Rh	D06	Desmodium perplexum	9/5/24	0	0	Quarter	KONZ-5	dry	rhizosphere	Fabaceae	KONZ	Desmodium	Desmodieae	KONZ_024	Riley	KS	yes	39.11098	-96.55236	20240710	Microvirga	Microvirga_lotononidis	86.814	85.6397	0	1578
CLBJ-16-2-Ro|nifD|consensus50|pass_mixed_possible_multitemplate	CLBJ-16-2-Ro	D11	Lespedeza virginica	6/19/24	0.0775	3.72	Quarter	CLBJ-16	dry	root	Fabaceae	CLBJ	Lespedeza	Desmodieae	CLBJ_003_T	Wise	TX	yes	33.403989	-97.572744	5/8/24	Microvirga	Microvirga_sp._KLBC_81	85.954	85.5091	0	1474
JERC-14-5-Rh|nifD|consensus50|pass_mixed_possible_multitemplate	JERC-14-5-Rh	D03	Baptisia alba	8/14/24	0.5745	27.576	Quarter	JERC-BAAL-14	dry	rhizosphere	Fabaceae	JERC	Baptisia	Sophoreae	JERC_035	Baker County	Georgia	yes	31.184556	-84.4424173	20240402	Microvirga	Microvirga_sp._RSM25	85.197	84.6606	0	1482
CLBJ-43-2-Ro|nifD|consensus50|pass_mixed_possible_multitemplate	CLBJ-43-2-Ro	D11	Indigofera miniata	2/19/25	0.152	7.296	Quarter	CLBJ-43	dry	root	Fabaceae	CLBJ	Indigofera	Indigofereae	CLBJ_019_T	Wise	TX	yes	33.23721	-97.34166	9/4/24	Mesorhizobium	Mesorhizobium_sp._WSM4083	86.849	52.611	0	981
DEJU-57-Rh|nifD|consensus50|pass_mixed_possible_multitemplate	DEJU-57-Rh	D19	Alnus viridis	5/23/25	0	0	Quarter	DEJU-57	ethanol	rhizosphere	Betulaceae	DEJU	Alnus	actinorhizal	DEJU_045	NA	Unknown	yes	NA	NA	NA	Microvirga	Microvirga_lotononidis	83.994	85.6397	0	1432
JERC-127-2-Ro|nifD|consensus50|pass_mixed_possible_multitemplate	JERC-127-2-Ro	D03	Desmodium obtusum	2/26/25	0	0	Quarter	JERC-127	dry	root	Fabaceae	JERC	Desmodium	Desmodieae	JERC_002	Baker County	Georgia	yes	31.1940087	-84.4604029	20240730	Mesorhizobium	Mesorhizobium_sp._AaZ16	90.048	54.4386	0	1114
OSBS-35-2-Rh|nifD|consensus50|pass_mixed_possible_multitemplate	OSBS-35-2-Rh	D03	Chapmannia floridana	2/26/25	0.054	2.592	Quarter	OSBS-35	dry	rhizosphere	Fabaceae	OSBS	Chapmannia	Dalbergieae	OSBS_006	Putnam	FL	yes	NA	NA	20240611	Mesorhizobium	Mesorhizobium_sp._WSM2240	86.59	85.1828	0	1511
JERC-127-2-No|nifD|consensus50|pass_mixed_possible_multitemplate	JERC-127-2-No	D03	Desmodium obtusum	2/26/25	0	0	Quarter	JERC-127	dry	nodule	Fabaceae	JERC	Desmodium	Desmodieae	JERC_002	Baker County	Georgia	yes	31.1940087	-84.4604029	20240730	Mesorhizobium	Mesorhizobium_sp._WSM2240	86.849	52.611	0	968
TALL-76-3-Rh|nifD|consensus50|pass_single_dominant	TALL-76-3-Rh	D08	Desmodium laevigatum	3/28/25	0	0	Quarter	TALL-76	dry	rhizosphere	Fabaceae	TALL	Desmodium	Desmodieae	TALL_005	Hale County	AL	yes	32.896946	-87.397281	9/4/24	Microvirga	Microvirga_sp._KLBC_81	85.779	57.376	0	965
TALL-79-1-Ro|nifD|consensus50|pass_mixed_possible_multitemplate	TALL-79-1-Ro	D08	Stylosanthes biflora	3/28/25	0	0	Quarter	TALL-79	dry	root	Fabaceae	TALL	Stylosanthes	Dalbergieae	TALL_005	Hale County	AL	yes	32.896946	-87.397281	9/4/24	Microvirga	Microvirga_sp._KLBC_81	86.625	83.9426	0	1476
TALL-17-2-No|nifD|consensus50|pass_mixed_possible_multitemplate	TALL-17-2-No	D08	Desmodium rotundifolium	4/8/25	0	0	Quarter	TALL-17	ethanol	nodule	Fabaceae	TALL	Desmodium	Desmodieae	TALL_002	Hale County	AL	yes	32.922291	-87.428794	8/22/24	Mesorhizobium	Mesorhizobium_sp._WSM4083	84.288	84.3342	0	1363
TALL-71-2-Rh|nifD|consensus50|pass_single_dominant	TALL-71-2-Rh	D08	Desmodium paniculatum	4/8/25	0	0	Quarter	TALL-71	dry	rhizosphere	Fabaceae	TALL	Desmodium	Desmodieae	TALL_055	Bibb County	AL	yes	32.948535	-87.39881	9/3/24	Microvirga	Microvirga_sp._KLBC_81	83.798	49.1514	0	778
TALL-80-1-No|nifD|consensus50|pass_mixed_possible_multitemplate	TALL-80-1-No	D08	Chamaecrista nictitans	3/28/25	0	0	Quarter	TALL-86	NA	nodule	Fabaceae	TALL	Chamaecrista	Cassieae	TALL_003	Bibb Country	AL	yes	32.893415	.-87.415270	9/16/24	Mesorhizobium	Mesorhizobium_sp._AaZ16	88.462	52.611	0	992
TALL-32-1-No|nifD|consensus50|pass_mixed_possible_multitemplate	TALL-32-1-No	D08	Lespedeza sp.	4/1/25	0	0	Quarter	TALL-32	NA	nodule	Fabaceae	TALL	Lespedeza	Desmodieae	TALL_003	Bibb County	AL	0	32.89429	-87.4163	8/26/24	Microvirga	Microvirga_sp._RSM25	85.792	84.0731	0	1463
OSBS-80-2-Ro|nifD|consensus50|pass_mixed_possible_multitemplate	OSBS-80-2-Ro	D03	Desmodium strictum	2/21/25	0	0	Quarter	OSBS-80	dry	root	Fabaceae	OSBS	Desmodium	Desmodieae	OSBS_004	Putnam	FL	yes	NA	NA	20240822	Microvirga	Microvirga_sp._RSM25	87.081	52.5457	0	959
GUAN-5-Ro|nifD|consensus50|pass_mixed_possible_multitemplate	GUAN-5-Ro	D04	Coursetia caribaea	2/19/25	0.0565	2.712	Quarter	GUAN-5	dry	root	Fabaceae	GUAN	Coursetia	Robinieae	GUAN_006	Guanica	P.R	yes	17.9641111	-66.8757016	10/14/24	Microvirga	Microvirga_sp._KLBC_81	85.146	49.2167	0	846
TALL-65-1-Rh|nifD|consensus50|pass_mixed_possible_multitemplate	TALL-65-1-Rh	D08	Lespedeza procumbens	3/21/25	0.058	2.784	Quarter	TALL-65	dry	rhizosphere	Fabaceae	TALL	Lespedeza	Desmodieae	TALL_047	Bibb County	AL	yes	32.951716	-87.399182	9/3/24	Mesorhizobium	Mesorhizobium_sp._WSM4083	84.885	48.3681	0	789
JERC-98-1-No|nifD|consensus50|pass_mixed_possible_multitemplate	JERC-98-1-No	D03	Lespedeza cuneata	2/24/25	0	0	Quarter	JERC-98	dry	nodule	Fabaceae	JERC	Lespedeza	Desmodieae	JERC_034	Baker County	Georgia	no	31.26611111	-84.59333333	20240625	Microvirga	Microvirga_sp._KLBC_81	87.353	50.0653	0	902
JERC-98-2-Rh|nifD|consensus50|pass_mixed_possible_multitemplate	JERC-98-2-Rh	D03	Lespedeza cuneata	2/24/25	0	0	Quarter	JERC-98	dry	rhizosphere	Fabaceae	JERC	Lespedeza	Desmodieae	JERC_034	Baker County	Georgia	no	31.26611111	-84.59333333	20240625	Microvirga	Microvirga_sp._RSM25	87.789	59.3342	0	1105
JERC-94-1-Rh|nifD|consensus50|pass_mixed_possible_multitemplate	JERC-94-1-Rh	D03	Robinia pseudoacacia	3/26/25	0	0	Quarter	JERC-94	dry	rhizosphere	Fabaceae	JERC	Robinia	Robinieae	JERC_034	Baker County	Georgia	yes	31.26805556	-84.58777778	20240625	Microvirga	Microvirga_sp._KLBC_81	87.119	85.6397	0	1611
ORNL-23-1-Ro|nifD|consensus50|pass_mixed_possible_multitemplate	ORNL-23-1-Ro	D07	Desmodium rotundifolium	2/25/24	0	0	Quarter	ORNL-23	dry	root	Fabaceae	ORNL	Desmodium	Desmodieae	ORNL_008	Anderson	TN	yes	35.933056	-84.332222	8/20/24	Microvirga	Microvirga_sp._KLBC_81	88.251	50	0	948
OSBS-109-4-Rh|nifD|consensus50|pass_single_dominant	OSBS-109-4-Rh	D03	Crotalaria spectabilis	2/26/25	0	0	Quarter	OSBS-109	dry	rhizosphere	Fabaceae	OSBS	Crotalaria	Crotalarieae	OSBS_017	Putnam	Fl	no	29.704875	-81.990736	20241028	Microvirga	Microvirga_sp._KLBC_81	88.04	84.5953	0	1580
JERC-128-2-Ro|nifD|consensus50|pass_mixed_possible_multitemplate	JERC-128-2-Ro	D03	Desmodium marilandicum	2/26/25	0.1105	5.304	Quarter	JERC-128	dry	root	Fabaceae	JERC	Desmodium	Desmodieae	JERC_002	Baker County	Georgia	yes	31.1940087	-84.4604029	20240730	Mesorhizobium	Mesorhizobium_sp._WSM2240	85.269	54.5039	0	937
JERC-28-4-Ro|nifD|consensus50|pass_mixed_possible_multitemplate	JERC-28-4-Ro	D03	Lespedeza cf. stuevei	10/2/24	0.1965	9.432	Quarter	JERC-28	dry	root	Fabaceae	JERC	Lespedeza	Desmodieae	JERC_007	Baker County	Georgia	yes	NA	NA	20240603	Microvirga	Microvirga_sp._RSM25	86.55	55.8094	0	1031
DSNY-13-1-Rh|nifD|consensus50|pass_mixed_possible_multitemplate	DSNY-13-1-Rh	D03	Crotalaria pallida var. obovata	8/19/24	0.228	10.944	Quarter	DSNY-CRPA-13	dry	rhizosphere	Fabaceae	DSNY	Crotalaria	Crotalarieae	DSNY_044	Osceola	Florida	yes	28.12693243	-81.43561487	20240320	Microvirga	Microvirga_sp._KLBC_81	86.947	85.5091	0	1520
JERC-28-4-Rh|nifD|consensus50|pass_mixed_possible_multitemplate	JERC-28-4-Rh	D03	Lespedeza cf. stuevei	10/2/24	0	0	Quarter	JERC-28	dry	rhizosphere	Fabaceae	JERC	Lespedeza	Desmodieae	JERC_007	Baker County	Georgia	yes	NA	NA	20240603	Microvirga	Microvirga_sp._RSM25	85.197	84.6606	0	1454
KONA-3-1-Ro|nifD|consensus50|pass_mixed_possible_multitemplate	KONA-3-1-Ro	D06	Glycine max	2/25/25	3.135	150.48	Quarter	KONA-3	dry	root	Fabaceae	KONA	Glycine	Glycininae	KONA_009	Riley	KS	no	39.12597	-96.64537	20240820	Microvirga	Microvirga_sp._RSM25	84.527	85.6397	0	1456
JERC-99-1-Ro|nifD|consensus50|pass_mixed_possible_multitemplate	JERC-99-1-Ro	D03	Lespedeza bicolor	2/24/25	1.83	87.84	Quarter	JERC-99	dry	root	Fabaceae	JERC	Lespedeza	Desmodieae	JERC_034	Baker County	Georgia	no	31.2725	-84.58055556	20240625	Microvirga	Microvirga_lotononidis	88.397	85.5091	0	1633
TALL-30-1-Rh|nifD|consensus50|pass_mixed_possible_multitemplate	TALL-30-1-Rh	D08	Clitoria sp.	4/1/25	0	0	Quarter	TALL-30	dry	rhizosphere	Fabaceae	TALL	Clitoria	Phaseoleae	TALL_001	Hale County	AL	yes	32.97635	-87.43249	8/26/24	Microvirga	Microvirga_sp._RSM25	84.985	85.6397	0	1550
JERC-RHDI-59-3-Ro|nifD|consensus50|pass_mixed_possible_multitemplate	JERC-RHDI-59-3-Ro	D03	Rhynchosia difformis	12/4/24	0.071	3.408	Quarter	JERC-59	dry	root	Fabaceae	JERC	Rhynchosia	Phaseoleae	JERC_050	Baker County	Georgia	yes	NA	NA	20240618	Microvirga	Microvirga_sp._RSM25	84.79	54.5039	0	965
RMNP-3-Ro|nifD|consensus50|pass_mixed_possible_multitemplate	RMNP-3-Ro	D10	Oxytropis multiceps	4/24/25	0	0	Quarter	RMNP-3	dry	root	Fabaceae	RMNP	Oxytropis	Galegeae	RMNP_016	Boulder	CO	yes	NA	NA	6/11/24	Microvirga	Microvirga_sp._KLBC_81	85.366	85.6397	0	1533
DSNY-64-2-No|nifD|consensus50|pass_mixed_possible_multitemplate	DSNY-64-2-No	D03	Desmodium triflorum	2/26/25	0.291	13.968	Quarter	DSNY-64	dry	nodule	Fabaceae	DSNY	Desmodium	Desmodieae	DSNY_009	Polk	Florida	yes	NA	NA	20240820	Microvirga	Microvirga_lotononidis	83.308	85.6397	0	1380
DSNY-63-Ro|nifD|consensus50|pass_mixed_possible_multitemplate	DSNY-63-Ro	D03	Tephrosia hispidula	2/27/25	2.525	121.2	Quarter	DSNY-63	dry	root	Fabaceae	DSNY	Tephrosia	Millettieae	DSNY_006	Polk	Florida	yes	NA	NA	20240820	Microvirga	Microvirga_sp._KLBC_81	88.646	47.7154	0	907
DSNY-82-3-No|nifD|consensus50|pass_single_dominant	DSNY-82-3-No	D03	Crotalaria pallida v. obovata	2/26/25	0	0	Quarter	DSNY-82	dry	nodule	Fabaceae	DSNY	Crotalaria	Crotalarieae	DSNY_015	Polk	Florida	yes	28.1094603	-81.4310661	20240904	Microvirga	Microvirga_sp._RSM25	88.848	52.6762	0	996
DSNY-71-1-Ro|nifD|consensus50|pass_mixed_possible_multitemplate	DSNY-71-1-Ro	D03	Macroptilium lathyroides	2/24/25	1.76	84.48	Quarter	DSNY-71	dry	root	Fabaceae	DSNY	Macroptilium	Phaseoleae	DSNY_043	Polk	Florida	yes	28.1252617	-81.4363446	20240904	Microvirga	Microvirga_sp._KLBC_81	85.213	85.6397	0	1472
DSNY-70-1-Ro|nifD|consensus50|pass_mixed_possible_multitemplate	DSNY-70-1-Ro	D03	Indigofera hirsuta	2/24/25	1.745	83.76	Quarter	DSNY-70	dry	root	Fabaceae	DSNY	Indigofera	Indigofereae	DSNY_043	Polk	Florida	no	28.1252617	-81.4363446	20240904	Mesorhizobium	Mesorhizobium_sp._WSM4083	84.251	85.3786	0	1441
JERC-123-Ro|nifD|consensus50|pass_mixed_possible_multitemplate	JERC-123-Ro	D03	Desmodium lineatum	2/25/25	0.14	6.72	Quarter	JERC-123	dry	root	Fabaceae	JERC	Desmodium	Desmodieae	JERC_003	Baker County	Georgia	yes	31.196121	-84.473601	20240730	Microvirga	Microvirga_sp._KLBC_81	84.375	85.6397	0	1423
JERC-164-Rh|nifD|consensus50|pass_mixed_possible_multitemplate	JERC-164-Rh	D03	Lespedeza stuvei	2/27/25	0.058	2.784	Quarter	JERC-164	dry	rhizosphere	Fabaceae	JERC	Lespedeza	Desmodieae	JERC_019	Baker County	Georgia	yes	NA	NA	20241003	Microvirga	Microvirga_sp._KLBC_81	87.483	48.4987	0	861
CLBJ-43-2-No|nifD|consensus50|pass_mixed_possible_multitemplate	CLBJ-43-2-No	D11	Indigofera miniata	2/19/25	1.55	74.4	Quarter	CLBJ-43	dry	nodule	Fabaceae	CLBJ	Indigofera	Indigofereae	CLBJ_019_T	Wise	TX	yes	33.23721	-97.34166	9/4/24	Microvirga	Microvirga_sp._RSM25	83.231	52.9373	0	883
JERC-169-No|nifD|consensus50|pass_mixed_possible_multitemplate	JERC-169-No	D03	Clitoria mariana	2/27/25	0	0	Quarter	JERC-169	dry	nodule	Fabaceae	JERC	Clitoria	Phaseoleae	JERC_019	Baker County	Georgia	yes	NA	NA	20241003	Microvirga	Microvirga_sp._KLBC_81	86.433	85.6397	0	1474
JERC-127-2-Rh|nifD|consensus50|pass_mixed_possible_multitemplate	JERC-127-2-Rh	D03	Desmodium obtusum	2/26/25	0	0	Quarter	JERC-127	dry	rhizosphere	Fabaceae	JERC	Desmodium	Desmodieae	JERC_002	Baker County	Georgia	yes	31.1940087	-84.4604029	20240730	Microvirga	Microvirga_sp._KLBC_81	84.527	85.6397	0	1411
CLBJ-43-2-Rh|nifD|consensus50|pass_mixed_possible_multitemplate	CLBJ-43-2-Rh	D11	Indigofera miniata	2/19/25	0.13	6.24	Quarter	CLBJ-43	dry	rhizosphere	Fabaceae	CLBJ	Indigofera	Indigofereae	CLBJ_019_T	Wise	TX	yes	33.23721	-97.34166	9/4/24	Methylobacterium	Methylobacterium_sp._CB376	81.535	85.9008	0	1262
DSNY-52-1-No|nifD|consensus50|pass_mixed_possible_multitemplate	DSNY-52-1-No	D03	Chamaecrista nictitans	9/25/24	0.724	34.752	Quarter	DSNY-CHNI2-52	dry	nodule	Fabaceae	DSNY	Chamaecrista	Cassieae	DSNY_041	Osceola	Florida	yes	NA	NA	20240529	Microvirga	Microvirga_sp._KLBC_81	82.748	85.5091	0	1291
N13-2-D-Rh|nifD|consensus50|pass_single_dominant	N13-2-D-Rh	NA	NA	NA	NA	NA	NA	NA	NA	NA	NA	NA	NA	NA	NA	NA	NA	NA	NA	NA	NA	Microvirga	Microvirga_sp._KLBC_81	85.608	52.611	0	856
OSBS-45-1-Ro|nifD|consensus50|pass_mixed_possible_multitemplate	OSBS-45-1-Ro	D03	Crotalaria maritima	3/6/25	0.7695	36.936	Quarter	OSBS-45	dry	root	Fabaceae	OSBS	Crotalaria	Crotalarieae	OSBS_026	Putnam	FL	yes	NA	NA	20240617	Microvirga	Microvirga_sp._KLBC_81	86.795	50.9138	0	904
TALL-46-2-No|nifD|consensus50|pass_mixed_possible_multitemplate	TALL-46-2-No	D08	Lespedeza repens	3/20/25	0.506	24.288	Quarter	TALL-46	dry	nodule	Fabaceae	TALL	Lespedeza	Desmodieae	TALL_003	Bibb County	AL	yes	32.893117	-87.415111	8/27/24	Microvirga	Microvirga_sp._RSM25	82.836	52.4804	0	885
DSNY-17-3-No|nifD|consensus50|pass_mixed_possible_multitemplate	DSNY-17-3-No	D03	Crotalaria maritima	8/19/24	0.059	2.832	Quarter	DSNY-CRMA-17	dry	nodule	Fabaceae	DSNY	Crotalaria	Crotalarieae	DSNY_041	Osceola	Florida	yes	NA	NA	20240401	Mesorhizobium	Mesorhizobium_sp._AaZ16	84.439	85.5744	0	1404
JERC-170-Rh|nifD|consensus50|pass_single_dominant	JERC-170-Rh	D03	Desmodium obtusum	2/27/25	0	0	Quarter	JERC-170	dry	rhizosphere	Fabaceae	JERC	Desmodium	Desmodieae	JERC_019	Baker County	Georgia	yes	NA	NA	20241003	Mesorhizobium	Mesorhizobium_sp._WSM4083	84.983	57.376	0	931
SCBI-6-1-Ro|nifD|consensus50|pass_mixed_possible_multitemplate	SCBI-6-1-Ro	D02	Amphicarpaea bracteata	4/24/25	0.051	2.448	Quarter	SCBI-6	ethanol	root	Fabaceae	SCBI	Amphicarpaea	Phaseoleae	SCBI-067	Warren	VA	yes	38.895275	-78.135778	6/26/24	Microvirga	Microvirga_sp._RSM25	84.969	85.1175	0	1454
KONZ-2-1-Ro|nifD|consensus50|pass_mixed_possible_multitemplate	KONZ-2-1-Ro	D06	Hylodesmum glutinosum	8/29/24	0.793	38.064	Quarter	KONZ-2	dry	root	Fabaceae	KONZ	Desmodium	Desmodieae	KONZ_046	Riley	KS	yes	39.103	-96.56378	20240703	Microvirga	Microvirga_sp._KLBC_81	84.146	85.6397	0	1476
KONZ-8-1-No|nifD|consensus50|pass_mixed_possible_multitemplate	KONZ-8-1-No	D06	Hylodesmum glutinosum	9/18/24	0	0	Quarter	KONZ-8	dry	nodule	Fabaceae	KONZ	Desmodium	Desmodieae	KONZ_024	Riley	KS	yes	39.11091	-96.55233	20240710	Microvirga	Microvirga_sp._RSM25	86.086	85.3786	0	1461
SCBI-12-1-Ro|nifD|consensus50|pass_mixed_possible_multitemplate	SCBI-12-1-Ro	D02	Amphicarpaea bracteata	4/24/25	0.061	2.928	Quarter	SCBI-12	ethanol	root	Fabaceae	SCBI	Amphicarpaea	Phaseoleae	SCBI-011	Warren	VA	yes	38.878901	-78.139749	7/10/24	Methylobacterium	Methylobacterium_sp._CB376	85.256	50.9138	0	824
LENO-13-2-No|nifD|consensus50|pass_mixed_possible_multitemplate	LENO-13-2-No	D08	Amphicarpaea bracteata	2/25/25	2.485	119.28	Quarter	LENO-13	dry	nodule	Fabaceae	LENO	Amphicarpaea	Phaseoleae	LENO_021	Choctaw County	AL	yes	31.834449	-88.170754	7/3/24	Mesorhizobium	Mesorhizobium_sp._WSM4083	84.939	85.3786	0	1437
LENO-14-3-No|nifD|consensus50|pass_mixed_possible_multitemplate	LENO-14-3-No	D08	Hylodesmum pauciflorum	2/25/25	1.815	87.12	Quarter	LENO-14	dry	nodule	Fabaceae	LENO	Desmodium	Desmodieae	LENO_021	Choctaw County	AL	yes	31.834449	-88.170754	7/3/24	Mesorhizobium	Mesorhizobium_sp._WSM4083	83.639	85.3786	0	1376
JERC-172-2-Ro|nifD|consensus50|pass_mixed_possible_multitemplate	JERC-172-2-Ro	D03	Desmodium paniculatum	2/26/25	0.1965	9.432	Quarter	JERC-172	dry	root	Fabaceae	JERC	Desmodium	Desmodieae	JERC_019	Baker County	Georgia	yes	NA	NA	20241003	Mesorhizobium	Mesorhizobium_sp._AaZ16	84.082	85.705	0	1367
OSBS-58-1-No|nifD|consensus50|pass_mixed_possible_multitemplate	OSBS-58-1-No	D03	Stylosanthes biflora	2/26/25	3.445	165.36	Quarter	OSBS-58	dry	nodule	Fabaceae	OSBS	Stylosanthes	Dalbergieae	OSBS_063	Putnam	FL	yes	NA	NA	20240618	Mesorhizobium	Mesorhizobium_sp._AaZ16	85.837	53.0026	0	933
JERC-25-1-No|nifD|consensus50|pass_mixed_possible_multitemplate	JERC-25-1-No	D03	Desmodium lineatum	2/17/25	2.72	130.56	Quarter	JERC-25	dry	nodule	Fabaceae	JERC	Desmodium	Desmodieae	JERC_007	Baker County	Georgia	yes	NA	NA	20240603	Microvirga	Microvirga_sp._KLBC_81	82.842	84.0731	0	1323
TALL-49-1-No|nifD|consensus50|pass_single_dominant	TALL-49-1-No	D08	Desmodium laevigatum	3/20/25	4.03	193.44	Quarter	TALL-49	dry	nodule	Fabaceae	TALL	Desmodium	Desmodieae	TALL_007	Bibb County	AL	yes	32.974713	-87.47111	8/27/24	Mesorhizobium	Mesorhizobium_sp._AaZ16	88.189	49.7389	0	909
JERC-48-3-No|nifD|consensus50|pass_single_dominant	JERC-48-3-No	D03	Crotalaria rotundifolia	12/4/24	0.6865	32.952	Quarter	JERC-48	dry	nodule	Fabaceae	JERC	Crotalaria	Crotalarieae	JERC_002	Baker County	Georgia	yes	NA	NA	20240604	Microvirga	Microvirga_sp._KLBC_81	87.056	56.9843	0	989
TALL-65-1-No|nifD|consensus50|pass_mixed_possible_multitemplate	TALL-65-1-No	D08	Lespedeza procumbens	3/21/25	1.008	48.384	Quarter	TALL-65	dry	nodule	Fabaceae	TALL	Lespedeza	Desmodieae	TALL_047	Bibb County	AL	yes	32.951716	-87.399182	9/3/24	Bradyrhizobium	Bradyrhizobium_ottawaense	87.255	33.2898	3.7599999999999994e-180	625
OSBS-110-1-No|nifD|consensus50|pass_mixed_possible_multitemplate	OSBS-110-1-No	D03	Crotalaria incana	4/24/25	0.0865	4.152	Quarter	OSBS-110	dry	nodule	Fabaceae	OSBS	Crotalaria	Crotalarieae	OSBS_062	Putnam	FL	yes	NA	NA	20241202	Microvirga	Microvirga_sp._KLBC_81	81.897	83.2898	0	1284
JERC-47-2-No|nifD|consensus50|pass_mixed_possible_multitemplate	JERC-47-2-No	D03	Indigofera hirsuta	12/4/24	0.1035	4.968	Quarter	JERC-47	dry	nodule	Fabaceae	JERC	Indigofera	Indigofereae	JERC_005	Baker County	Georgia	no	NA	NA	20240604	Mesorhizobium	Mesorhizobium_sp._WSM4083	85.925	48.6945	0	835
OSBS-14-3-Rh|nifD|consensus50|pass_mixed_possible_multitemplate	OSBS-14-3-Rh	D03	Tephrosia virginiana	8/19/24	0.062	2.976	Quarter	OSBS-TEVI-14	dry	rhizosphere	Fabaceae	OSBS	Tephrosia	Millettieae	OSBS_026	Putnam	FL	yes	NA	NA	20240521	Microvirga	Microvirga_sp._RSM25	85.124	55.2872	0	924
DSNY-99-No|nifD|consensus50|pass_mixed_possible_multitemplate	DSNY-99-No	D03	Indigofera hirsuta	2/19/25	0	0	Quarter	DSNY-99	dry	nodule	Fabaceae	DSNY	Indigofera	Indigofereae	DSNY_044	Osceola	FLorida	no	28.23888889	-81.43333333	20241024	Mesorhizobium	Mesorhizobium_sp._WSM4083	83.984	48.4987	0	763
CLBJ-32-1-Rh|nifD|consensus50|pass_mixed_possible_multitemplate	CLBJ-32-1-Rh	D11	Crotalaria sagittalis	2/26/25	0	0	Quarter	CLBJ-32	ethanol	rhizosphere	Fabaceae	CLBJ	Crotalaria	Crotalarieae	CLBJ_036_R	Wise	TX	yes	33.397578	-97.57995	6/11/24	Mesorhizobium	Mesorhizobium_sp._WSM4083	83.765	83.2245	0	1301
DSNY-67-3-No|nifD|consensus50|pass_mixed_possible_multitemplate	DSNY-67-3-No	D03	Desmodium triflorum	2/24/25	0	0	Quarter	DSNY-67	dry	nodule	Fabaceae	DSNY	Desmodium	Desmodieae	DSNY_021	Polk	Florida	yes	28.0490055	-81.4001861	20240821	Mesorhizobium	Mesorhizobium_sp._WSM4083	82.416	85.3786	0	1303
JERC-177-No|nifD|consensus50|pass_mixed_possible_multitemplate	JERC-177-No	D03	Desmodium floridanum	2/26/25	0	0	Quarter	JERC-177	dry	nodule	Fabaceae	JERC	Desmodium	Desmodieae	JERC_050	Baker County	Georgia	yes	NA	NA	20241028	Mesorhizobium	Mesorhizobium_sp._WSM4083	85.13	52.6762	0	857
DELA-30-2-Rh|nifD|consensus50|pass_mixed_possible_multitemplate	DELA-30-2-Rh	D08	Desmodium viridiflorum	4/4/25	0	0	Quarter	DELA-30	dry	rhizosphere	Fabaceae	DELA	Desmodium	Desmodieae	DELA_040	Green County	AL	yes	32.53925	-87.80497	8/15/24	Mesorhizobium	Mesorhizobium_sp._WSM4083	83.127	52.611	0	789
CLBJ-34-1-Rh|nifD|consensus50|pass_mixed_possible_multitemplate	CLBJ-34-1-Rh	D11	Lespedeza virginica	2/26/25	0.0925	4.44	Quarter	CLBJ-34	ethanol	rhizosphere	Fabaceae	CLBJ	Lespedeza	Desmodieae	CLBJ_036_R	Wise	TX	yes	33.397578	-97.57995	6/11/24	Mesorhizobium	Mesorhizobium_sp._WSM4083	82.964	85.4439	0	1325
LENO-8-3-No|nifD|consensus50|pass_single_dominant	LENO-8-3-No	D08	Desmodium perplexum	3/20/25	0.077	3.696	Quarter	LENO-8	ethanol	nodule	Fabaceae	LENO	Desmodium	Desmodieae	LENO_002	Choctaw County	AL	yes	31.806911	-88.193998	7/2/24	Mesorhizobium	Mesorhizobium_sp._WSM2240	86.815	50	0	856
DELA-3-3-Ro|nifD|consensus50|pass_mixed_possible_multitemplate	DELA-3-3-Ro	D08	Desmodium perplexum	4/4/25	0.67	32.16	Quarter	DELA-3	dry	root	Fabaceae	DELA	Desmodium	Desmodieae	DELA_008	Green County	AL	yes	32.539186	-87.81292	7/24/24	Bradyrhizobium	Bradyrhizobium_ottawaense	81.205	54.1775	0	765
DSNY-39-4-No|nifD|consensus50|pass_mixed_possible_multitemplate	DSNY-39-4-No	D03	Macroptilium lathyroides	9/18/24	1.445	69.36	Quarter	DSNY-MALA-39	dry	nodule	Fabaceae	DSNY	Macroptilium	Phaseoleae	DSNY_011	Osceola	Florida	yes	28.06297	-81.25475	20240430	Bradyrhizobium	Bradyrhizobium_ottawaense	84.871	53.0679	0	848
LENO-3-2-No|nifD|consensus50|pass_mixed_possible_multitemplate	LENO-3-2-No	D08	Desmodium paniculatum	2/25/25	1.335	64.08	Quarter	LENO-3	dry	nodule	Fabaceae	LENO	Desmodium	Desmodieae	LENO_005	Choctaw County	AL	yes	31.828025	-88.181692	6/19/24	Mesorhizobium	Mesorhizobium_sp._WSM4083	84.098	85.3786	0	1338
DELA-17-1-No|nifD|consensus50|pass_mixed_possible_multitemplate	DELA-17-1-No	D08	Desmodium paniculatum	4/4/25	0	0	Quarter	DELA-17	dry	nodule	Fabaceae	DELA	Desmodium	Desmodieae	DELA_008	Green County	AL	yes	32.53861	-87.81298	8/14/24	Mesorhizobium	Mesorhizobium_sp._WSM4083	82.492	85.3786	0	1279
JERC-165-No|nifD|consensus50|pass_mixed_possible_multitemplate	JERC-165-No	D03	Lespedeza hirta	2/27/25	0	0	Quarter	JERC-165	dry	nodule	Fabaceae	JERC	Lespedeza	Desmodieae	JERC_019	Baker County	Georgia	yes	NA	NA	20241003	Microvirga	Microvirga_sp._RSM25	83.918	85.6397	0	1328
DELA-3-3-Rh|nifD|consensus50|pass_mixed_possible_multitemplate	DELA-3-3-Rh	D08	Desmodium perplexum	4/4/25	9.36	449.28	Half	DELA-3	dry	rhizosphere	Fabaceae	DELA	Desmodium	Desmodieae	DELA_008	Green County	AL	yes	32.539186	-87.81292	7/24/24	Mesorhizobium	Mesorhizobium_sp._WSM4083	83.486	85.3786	0	1389
KONZ-4-1-No|nifD|consensus50|pass_mixed_possible_multitemplate	KONZ-4-1-No	D06	Lespedeza capitata	8/29/24	1.385	66.48	Quarter	KONZ-4	dry	nodule	Fabaceae	KONZ	Lespedeza	Desmodieae	KONZ_042	Riley	KS	yes	39.09968	-96.56345	20240710	Microvirga	Microvirga_sp._RSM25	83.016	85.705	0	1297
JERC-157-2-No|nifD|consensus50|pass_mixed_possible_multitemplate	JERC-157-2-No	D03	Chamaecrista fasciculata	2/26/25	0	0	Quarter	JERC-157	dry	nodule	Fabaceae	JERC	Chamaecrista	Cassieae	JERC_015	Baker County	Georgia	yes	NA	NA	20241002	Mesorhizobium	Mesorhizobium_sp._AaZ16	84.532	54.4386	0	850
CLBJ-10-1-No|nifD|consensus50|pass_mixed_possible_multitemplate	CLBJ-10-1-No	D11	Desmodium sessifolium	6/13/24	0.488	96.624	Quarter	CLBJ-10	dry	nodule	Fabaceae	CLBJ	Desmodium	Desmodieae	CLBJ_002_T	Wise	TX	yes	33.40398	-97.57114	5/8/24	Microvirga	Microvirga_sp._RSM25	85.986	85.705	0	1454
CLBJ-10-1-Rh|nifD|consensus50|pass_mixed_possible_multitemplate	CLBJ-10-1-Rh	D11	Desmodium sessifolium	6/13/24	0	0	Quarter	CLBJ-10	dry	rhizosphere	Fabaceae	CLBJ	Desmodium	Desmodieae	CLBJ_002_T	Wise	TX	yes	33.40398	-97.57114	5/8/24	Microvirga	Microvirga_sp._KLBC_81	86.28	85.6397	0	1485
CLBJ-9-1-No|nifD|consensus50|pass_single_dominant	CLBJ-9-1-No	D11	Lespedeza procumbens	6/13/24	0	0	Quarter	CLBJ-9	ethanol	nodule	Fabaceae	CLBJ	Lespedeza	Desmodieae	CLBJ_001_T	Wise	TX	yes	33.39787	-97.568339	4/30/24	Mesorhizobium	Mesorhizobium_sp._WSM4083	87.129	52.7415	0	918
JERC-176-5-No|nifD|consensus50|pass_mixed_possible_multitemplate	JERC-176-5-No	D03	Lespedeza stuevei	4/3/25	12	576	Half	JERC-176	dry	nodule	Fabaceae	JERC	Lespedeza	Desmodieae	JERC_050	Baker County	Georgia	yes	NA	NA	20241028	Microvirga	Microvirga_sp._RSM25	85.791	85.4439	0	1459
ORNL-11-1-No|nifD|consensus50|pass_mixed_possible_multitemplate	ORNL-11-1-No	D07	Chamaecrista fasciculata	2/25/24	0.097	4.656	Quarter	ORNL-11	dry	nodule	Fabaceae	ORNL	Chamaecrista	Cassieae	ORNL_047	Anderson	TN	yes	35.9525	-84.22	7/11/24	Mesorhizobium	Mesorhizobium_sp._WSM4083	85.484	52.611	0	859
JERC-20-1-No|nifD|consensus50|pass_mixed_possible_multitemplate	JERC-20-1-No	D03	Lespedeza hirta	8/14/24	1.78	85.44	Quarter	JERC-LEHI2-20	dry	nodule	Fabaceae	JERC	Lespedeza	Desmodieae	JERC_006	Baker County	Georgia	yes	NA	NA	20240529	Microvirga	Microvirga_sp._KLBC_81	83.473	85.705	0	1404
CLBJ-24-No|nifD|consensus50|pass_mixed_possible_multitemplate	CLBJ-24-No	D11	Chamaecrista fasciculata	9/18/24	35.4	1699.2	Half	CLBJ-24	ethanol	nodule	Fabaceae	CLBJ	Chamaecrista	Cassieae	CLBJ_035_R	Wise	TX	yes	33.32974	-97.5792	6/4/24	Rhizobium	Rhizobium_azibense	84.919	84.3995	0	1423
KONZ-2-1-Rh|nifD|consensus50|pass_mixed_possible_multitemplate	KONZ-2-1-Rh	D06	Hylodesmum glutinosum	8/29/24	7.275	349.2	Half	KONZ-2	dry	rhizosphere	Fabaceae	KONZ	Desmodium	Desmodieae	KONZ_046	Riley	KS	yes	39.103	-96.56378	20240703	Rhizobium	Rhizobium_azibense	87.71	85.5091	0	1633
KONZ-1-No|nifD|consensus50|pass_mixed_possible_multitemplate	KONZ-1-No	D06	Lespedeza capitata	8/29/24	7.72	370.56	Half	KONZ-1	dry	nodule	Fabaceae	KONZ	Lespedeza	Desmodieae	KONZ_046	Riley	KS	yes	39.103	-96.56374	20240703	Rhizobium	Rhizobium_azibense	87.14	83.7467	0	1511
KONZ-3-1-No|nifD|consensus50|pass_mixed_possible_multitemplate	KONZ-3-1-No	D06	Lespedeza capitata	8/29/24	0.292	14.016	Quarter	KONZ-3	dry	nodule	Fabaceae	KONZ	Lespedeza	Desmodieae	KONZ_005	Riley	KS	yes	39.10294	-96.5637	20240703	Microvirga	Microvirga_sp._KLBC_81	84.119	85.9008	0	1365
TALL-55-1-No|nifD|consensus50|pass_mixed_possible_multitemplate	TALL-55-1-No	D08	Desmodium paniculatum	3/20/25	10.2	489.6	Half	TALL-55	dry	nodule	Fabaceae	TALL	Desmodium	Desmodieae	TALL_q033	Bibb County	AL	yes	32.973539	-87.409071	8/27/24	Microvirga	Microvirga_sp._KLBC_81	85.072	85.705	0	1415
TALL-56-1-No|nifD|consensus50|pass_mixed_possible_multitemplate	TALL-56-1-No	D08	Desmodium sp.	3/20/25	4.22	202.56	Quarter	TALL-56	dry	nodule	Fabaceae	TALL	Desmodium	Desmodieae	TALL_q033	Bibb County	AL	yes	32.973539	-87.409071	8/27/24	Rhizobium	Rhizobium_azibense	89.714	50.1305	0	1037
KONZ-5-1-No|nifD|consensus50|pass_mixed_possible_multitemplate	KONZ-5-1-No	D06	Desmodium perplexum	9/18/24	4.385	210.48	Half	KONZ-5	dry	nodule	Fabaceae	KONZ	Desmodium	Desmodieae	KONZ_024	Riley	KS	yes	39.11098	-96.55236	20240710	Microvirga	Microvirga_sp._KLBC_81	86.511	50.3264	0	885
KONZ-7-1-No|nifD|consensus50|pass_mixed_possible_multitemplate	KONZ-7-1-No	D06	Lespedeza capitata	9/18/24	7.945	381.36	Half	KONZ-7	dry	nodule	Fabaceae	KONZ	Lespedeza	Desmodieae	KONZ_002	Riley	KS	yes	39.11965	-96.54588	20240711	Microvirga	Microvirga_sp._KLBC_81	83.65	85.8355	0	1327
KONZ-9-2-No|nifD|consensus50|pass_mixed_possible_multitemplate	KONZ-9-2-No	D06	Lespedeza violacea	9/25/24	11.1	532.8	Half	KONZ-9	dry	nodule	Fabaceae	KONZ	Lespedeza	Desmodieae	KONZ_024	Riley	KS	yes	39.11091	-96.55235	20240710	Rhizobium	Rhizobium_azibense	84.134	85.5744	0	1365
DSNY-31-1-No|nifD|consensus50|pass_mixed_possible_multitemplate	DSNY-31-1-No	D03	Macroptilium lathyroides	9/18/24	35.15	1687.2	Half	DSNY-MALY-31	dry	nodule	Fabaceae	DSNY	Macroptilium	Phaseoleae	DSNY_044	Osceola	Florida	yes	28.126633	-81.435883	2024002	Rhizobium	Rhizobium_azibense	83.168	85.705	0	1306
DSNY-80-1-No|nifD|consensus50|pass_mixed_possible_multitemplate	DSNY-80-1-No	D03	Galactia volubilis	3/3/25	33.65	1615.2	Half	DSNY-80	dry	nodule	Fabaceae	DSNY	Galactia	Diocleae	DSNY_015	Polk	Florida	yes	28.1094603	-81.4310661	20240904	Microvirga	Microvirga_sp._KLBC_81	82.851	85.6397	0	1310
KONZ-2-1-No|nifD|consensus50|pass_mixed_possible_multitemplate	KONZ-2-1-No	D06	Hylodesmum glutinosum	8/29/24	19.25	924	Half	KONZ-2	dry	nodule	Fabaceae	KONZ	Desmodium	Desmodieae	KONZ_046	Riley	KS	yes	39.103	-96.56378	20240703	Rhizobium	Rhizobium_azibense	87.294	83.2245	0	1526
DSNY-43-1-No|nifD|consensus50|pass_mixed_possible_multitemplate	DSNY-43-1-No	D03	Tephrosia spicata	9/18/24	31.2	1497.6	Half	DSNY-TESP-43	dry	nodule	Fabaceae	DSNY	Tephrosia	Millettieae	DSNY_003	Polk	Florida	yes	NA	NA	20240528	Rhizobium	Rhizobium_azibense	85.919	59.3342	0	1083
JERC-84-3-No|nifD|consensus50|pass_mixed_possible_multitemplate	JERC-84-3-No	D03	Desmodium floridanum	3/6/25	3.22	154.56	Quarter	JERC-84	dry	nodule	Fabaceae	JERC	Desmodium	Desmodieae	JERC_001	Baker County	Georgia	yes	NA	NA	20240618	Rhizobium	Rhizobium_azibense	84.516	85.5744	0	1522
TALL-47-2-No|nifD|consensus50|pass_mixed_possible_multitemplate	TALL-47-2-No	D08	Chamaecrista nictitans	3/20/25	0.87	41.76	Quarter	TALL-47	dry	nodule	Fabaceae	TALL	Chamaecrista	Cassieae	TALL_007	Hale County	AL	yes	32.974713	-87.47111	8/27/24	Rhizobium	Rhizobium_azibense	84.439	85.5744	0	1437
LAJA-21-1-Ro|nifD|consensus50|pass_mixed_possible_multitemplate	LAJA-21-1-Ro	D04	Aeschynomene americana	3/19/25	0	0	Quarter	LAJA-21	dry	root	Fabaceae	LAJA	Aeschynomene	Dalbergieae	LAJA_023	LAJA	P.R	yes	18.03581	-67.0696	10/7/24	Microvirga	Microvirga_sp._KLBC_81	86.98	48.6292	0	904
DSNY-37-1-No|nifD|consensus50|pass_mixed_possible_multitemplate	DSNY-37-1-No	D03	Crotalaria pallida cf sp.	9/18/24	25.35	1216.8	Half	DSNY-CRPA-37	dry	nodule	Fabaceae	DSNY	Crotalaria	Crotalarieae	DSNY_011	Osceola	Florida	yes	28.06297	-81.25475	20240430	Rhizobium	Rhizobium_azibense	84.768	85.705	0	1382
UKFS-4-1-No|nifD|consensus50|pass_mixed_possible_multitemplate	UKFS-4-1-No	D06	Lespedeza cuneata	9/25/24	16.95	813.6	Half	UKFS-4	dry	nodule	Fabaceae	UKFS	Lespedeza	Desmodieae	UKFS_009	Douglas	KS	no	39.04552	-95.2015	6/27/24	Rhizobium	Rhizobium_azibense	84.962	85.5091	0	1437
JERC-38-2-No|nifD|consensus50|pass_mixed_possible_multitemplate	JERC-38-2-No	D03	Desmodium cf. floridanum	3/3/25	0.1025	4.92	Quarter	JERC-38	NA	nodule	Fabaceae	JERC	Desmodium	Desmodieae	JERC_001	Baker County	Georgia	yes	NA	NA	20240604	Rhizobium	Rhizobium_azibense	83.6	85.5744	0	1376
HARV-1-1-No|nifD|consensus50|pass_mixed_possible_multitemplate	HARV-1-1-No	D01	Comptonia peregrina	9/25/24	5.565	267.12	Half	HARV-1	dry	nodule	Myricaceae	HARV	Comptonia	actinorhizal	HARV_004	Worcester	MA	yes	42.42709	-72.22974	5/2/24	Rhizobium	Rhizobium_azibense	88.691	84.2689	0	1604
KONZ-10-1-No|nifD|consensus50|pass_mixed_possible_multitemplate	KONZ-10-1-No	D06	Desmodium illinoense	9/25/24	8.63	414.24	Half	KONZ-10	dry	nodule	Fabaceae	KONZ	Desmodium	Desmodieae	KONZ_001	Riley	KS	yes	39.0752	-96.55571	20240711	Microvirga	Microvirga_sp._RSM25	83.991	84.3995	0	1328
JERC-37-2-No|nifD|consensus50|pass_mixed_possible_multitemplate	JERC-37-2-No	D03	Centrosema virginiana	1/23/25	16.4	787.2	Half	JERC-37	dry	nodule	Fabaceae	JERC	Centrosema	Phaseoleae	JERC_001	Baker County	Georgia	yes	NA	NA	20240604	Sinorhizobium	Sinorhizobium_chiapasense	84.551	85.7702	0	1376
DELA-12-2-No|nifD|consensus50|pass_mixed_possible_multitemplate	DELA-12-2-No	D08	Centrosema virginiana	4/4/25	41.65	1999.2	Half	DELA-12	dry	nodule	Fabaceae	DELA	Centrosema	Phaseoleae	DELA_008	Green County	AL	yes	32.53861	-87.81298	8/14/24	Sinorhizobium	Sinorhizobium_meliloti_(Rhizobium_meliloti)	82.29	85.5091	0	1328
DELA-3-3-No|nifD|consensus50|pass_mixed_possible_multitemplate	DELA-3-3-No	D08	Desmodium perplexum	4/4/25	52	2496	Half	DELA-3	dry	nodule	Fabaceae	DELA	Desmodium	Desmodieae	DELA_008	Green County	AL	yes	32.539186	-87.81292	7/24/24	Ensifer	Ensifer_aridi	84.821	85.5744	0	1423
DELA-23-2-No|nifD|consensus50|pass_mixed_possible_multitemplate	DELA-23-2-No	D08	Desmodium perplexum	4/4/25	6.955	333.84	Half	DELA-23	dry	nodule	Fabaceae	DELA	Desmodium	Desmodieae	DELA_041	Green County	AL	yes	32.53927	-87.80968	8/14/24	Sinorhizobium	Sinorhizobium_meliloti_(Rhizobium_meliloti)	81.846	85.5744	0	1243
CLBJ-34-1-No|nifD|consensus50|pass_mixed_possible_multitemplate	CLBJ-34-1-No	D11	Lespedeza virginica	2/26/25	5.91	283.68	Half	CLBJ-34	ethanol	nodule	Fabaceae	CLBJ	Lespedeza	Desmodieae	CLBJ_036_R	Wise	TX	yes	33.397578	-97.57995	6/11/24	Microvirga	Microvirga_sp._RSM25	81.693	85.5744	0	1251
JERC-198-No|nifD|consensus50|pass_mixed_possible_multitemplate	JERC-198-No	D03	Chamaecrista fasciculata	4/24/25	2.735	131.28	Quarter	JERC-198	dry	nodule	Fabaceae	JERC	Chamaecrista	Cassieae	JERC_004	Baker County	Georgia	yes	31.1903745	-84.4660419	20241029	Mesorhizobium	Mesorhizobium_sp._WSM4083	82.366	85.5091	0	1317
CLBJ-15-1-No|nifD|consensus50|pass_mixed_possible_multitemplate	CLBJ-15-1-No	D11	Lespedeza procumbens	6/19/24	0.9465	45.432	Quarter	CLBJ-15	dry	nodule	Fabaceae	CLBJ	Lespedeza	Desmodieae	CLBJ_002_T	Wise	TX	yes	33.40398	-97.57114	5/8/24	Mesorhizobium	Mesorhizobium_sp._AaZ16	84.375	85.6397	0	1417
CLBJ-21-1-Rh|nifD|consensus50|pass_mixed_possible_multitemplate	CLBJ-21-1-Rh	D11	Desmodium sessifolium	6/20/24	0	0	Quarter	CLBJ-21	dry	rhizosphere	Fabaceae	CLBJ	Desmodium	Desmodieae	CLBJ_003_T	Wise	TX	yes	33.403989	-97.572744	5/8/24	Mesorhizobium	Mesorhizobium_sp._AaZ16	87.043	85.6397	0	1616
DELA-10-2-No|nifD|consensus50|pass_mixed_possible_multitemplate	DELA-10-2-No	D08	Desmodium perplexum	3/3/25	0.179	8.592	Quarter	DELA-10	dry	nodule	Fabaceae	DELA	Desmodium	Desmodieae	DELA_027	Green County	AL	yes	32.538485	-87.809529	8/13/24	Mesorhizobium	Mesorhizobium_sp._AaZ16	85.66	85.5744	0	1500
DELA-25-2-No|nifD|consensus50|pass_mixed_possible_multitemplate	DELA-25-2-No	D08	Chamaecrista fasciculata	3/20/25	0.2965	14.232	Quarter	DELA-25	dry	nodule	Fabaceae	DELA	Chamaecrista	Cassieae	DELA_038	Green County	AL	yes	32.55372	-87.81008	8/15/24	Mesorhizobium	Mesorhizobium_sp._AaZ16	90.789	29.765	1.35e-179	623
CLBJ-39-1-No|nifD|consensus50|pass_single_dominant	CLBJ-39-1-No	D11	Chamaecrista fasciculata	2/19/25	2.23	107.04	Quarter	CLBJ-39	ethanol	nodule	Fabaceae	CLBJ	Chamaecrista	Cassieae	CLBJ_034	Wise	TX	yes	33.23681	-97.34107	9/2/24	Mesorhizobium	Mesorhizobium_sp._AaZ16	87.38	54.3081	0	983
CLBJ-6-3-No|nifD|consensus50|pass_mixed_possible_multitemplate	CLBJ-6-3-No	D11	Indigofera miniata	6/13/24	0	0	Quarter	CLBJ-6	ethanol	nodule	Fabaceae	CLBJ	Indigofera	Indigofereae	CLBJ_001_T	Wise	TX	yes	33.39787	-97.568339	4/30/24	Mesorhizobium	Mesorhizobium_sp._AaZ16	86.443	85.705	0	1509
DELA-24-1-No|nifD|consensus50|pass_mixed_possible_multitemplate	DELA-24-1-No	D08	Desmodium perplexum	3/3/25	4.095	196.56	Quarter	DELA-24	dry	nodule	Fabaceae	DELA	Desmodium	Desmodieae	DELA_041	Green County	AL	yes	32.53927	-87.80968	8/14/24	Mesorhizobium	Mesorhizobium_sp._AaZ16	85.856	52.611	0	929
DELA-28-No|nifD|consensus50|pass_mixed_possible_multitemplate	DELA-28-No	D08	Albizia julibrissin	4/4/25	57.5	2760	Half	DELA-28	NA	nodule	Fabaceae	DELA	Albizia	Mimosoideae	DELA_038	Green County	AL	no	32.55372	-87.81008	8/15/24	Ensifer	Ensifer_sp._MPMI2T	83.006	56.4621	0	845
TALL-5-2-Ro|nifD|consensus50|pass_mixed_possible_multitemplate	TALL-5-2-Ro	D08	Desmodium paniculatum	4/4/25	5.43	260.64	Half	TALL-5	dry	root	Fabaceae	TALL	Desmodium	Desmodieae	TALL_016	Bibb County	AL	yes	32.970408	-87.415018	2024-Apr-11	Ensifer	Ensifer_aridi	82.774	85.6397	0	1341
JERC-CRJU-86-1-No|nifD|consensus50|pass_mixed_possible_multitemplate	JERC-CRJU-86-1-No	D03	Crotalaria juncea	5/14/25	1.295	62.16	Quarter	JERC-CRJU-86	dry	nodule	Fabaceae	JERC	Crotalaria	Crotalarieae	JERC_030R	Baker County	Georgia	no	31.18563333	-84.4785	20240624	Mesorhizobium	Mesorhizobium_muleiense	80.138	85.4439	0	1075
KONA-1-1-No|nifD|consensus50|pass_mixed_possible_multitemplate	KONA-1-1-No	D06	Glycine max	5/14/25	10.3	494.4	Half	KONA-1	dry	nodule	Fabaceae	KONA	Glycine	Glycininae	KONA_002	Riley	KS	no	39.11537	-96.63876	20240807	Mesorhizobium	Mesorhizobium_sp._WSM4083	86.086	85.3786	0	1480
JERC-203-1-No|nifD|consensus50|pass_mixed_possible_multitemplate	JERC-203-1-No	D03	Desmodium viridiflorum	4/3/25	7.53	361.44	Half	JERC-203	dry	nodule	Fabaceae	JERC	Desmodium	Desmodieae	JERC_004	Baker County	Georgia	yes	NA	NA	20241029	Mesorhizobium	Mesorhizobium_sp._WSM4083	85.474	85.3786	0	1424
SERC-5-1-No|nifD|consensus50|pass_mixed_possible_multitemplate	SERC-5-1-No	D02	Glycine max	4/15/25	0.0585	2.808	Quarter	SERC-5	ethanol	nodule	Fabaceae	SERC	Glycine	Glycininae	SERC_023	Anne Arundel	MD	no	38.875198	-76.535306	9/25/24	Microvirga	Microvirga_sp._KLBC_81	86.031	85.5091	0	1471
DSNY-12-2-No|nifD|consensus50|pass_mixed_possible_multitemplate	DSNY-12-2-No	D03	Crotalaria pallida var. obovata	8/14/24	8.99	431.52	Half	DSNY-CRPA-12	dry	nodule	Fabaceae	DSNY	Crotalaria	Crotalarieae	DSNY_044	Osceola	Florida	yes	28.12693243	-81.43561487	20240320	Ensifer	Ensifer_sp._MPMI2T	82.366	85.5091	0	1343
DSNY-14-1-No|nifD|consensus50|pass_mixed_possible_multitemplate	DSNY-14-1-No	D03	Crotalaria pallida var. obovata	8/19/24	15.8	758.4	Half	DSNY-CRPA-14	dry	nodule	Fabaceae	DSNY	Crotalaria	Crotalarieae	DSNY_044	Osceola	Florida	yes	28.12693243	-81.43561487	20240320	Mesorhizobium	Mesorhizobium_sp._WSM2240	83.905	85.5744	0	1395
LAJA-15-1-No|nifD|consensus50|pass_mixed_possible_multitemplate	LAJA-15-1-No	D04	Cajanus cajan	3/19/25	43.1	2068.8	Half	LAJA-15	dry	nodule	Fabaceae	LAJA	Cajanus	Phaseoleae	LAJA_019	LAJA	P.R	no	18.03203	-67.07109	10/2/24	Microvirga	Microvirga_sp._KLBC_81	87.043	85.6397	0	1539
LAJA-11-3-No|nifD|consensus50|pass_mixed_possible_multitemplate	LAJA-11-3-No	D04	Calopogonium sp.	3/19/25	10.4	499.2	Half	LAJA-11	dry	nodule	Fabaceae	LAJA	Calopogonium	Phaseoleae	LAJA_009	LAJA	P.R	yes	18.03228	-67.06922	10/2/24	Microvirga	Microvirga_sp._KLBC_81	83.155	85.6397	0	1299
LAJA-21-1-No|nifD|consensus50|pass_mixed_possible_multitemplate	LAJA-21-1-No	D04	Aeschynomene americana	3/19/25	6.97	334.56	Half	LAJA-21	dry	nodule	Fabaceae	LAJA	Aeschynomene	Dalbergieae	LAJA_023	LAJA	P.R	yes	18.03581	-67.0696	10/7/24	Microvirga	Microvirga_sp._KLBC_81	83.866	85.7702	0	1378
LENO-16-2-Rh|nifD|consensus50|pass_mixed_possible_multitemplate	LENO-16-2-Rh	D08	Elaeagnus umbellata	3/20/25	8.36	401.28	Half	LENO-16	dry	rhizosphere	Elaeagnaceae	LENO	Elaeagnus	actinorhizal	LENO_029	Choctaw County	AL	no	31.831293	-88.171122	7/3/24	Microvirga	Microvirga_sp._RSM25	86.651	85.5744	0	1533
DSNY-101-1-No|nifD|consensus50|pass_mixed_possible_multitemplate	DSNY-101-1-No	D03	Crotalaria spectabilis	2/26/25	1.495	71.76	Quarter	DSNY-101	dry	nodule	Fabaceae	DSNY	Crotalaria	Crotalarieae	NA	Osceola	FLorida	no	NA	NA	20241211	Microvirga	Microvirga_sp._RSM25	86.909	59.3342	0	1051
SERC-7-1-No|nifD|consensus50|pass_single_dominant	SERC-7-1-No	D02	Glycine max	4/15/25	2.735	131.28	Quarter	SERC-7	ethanol	nodule	Fabaceae	SERC	Glycine	Glycininae	SERC_008	Anne Arundel	MD	no	38.871837	-76.524149	9/25/24	Mesorhizobium	Mesorhizobium_sp._WSM4083	82.906	53.4595	0	785
DSNY-76-1-Ro|nifD|consensus50|pass_mixed_possible_multitemplate	DSNY-76-1-Ro	D03	Chamaecrista fasciculata	3/3/25	2.585	124.08	Quarter	DSNY-76	dry	root	Fabaceae	DSNY	Chamaecrista	Cassieae	DSNY_010	Polk	Florida	yes	28.1137669	-81.4352667	20240904	Microvirga	Microvirga_sp._KLBC_81	81.298	85.5091	0	1288
DSNY-11-3-No|nifD|consensus50|pass_mixed_possible_multitemplate	DSNY-11-3-No	D03	Crotalaria pallida var. obovata	8/14/24	37.25	1788	Half	DSNY-CRPA-11	dry	nodule	Fabaceae	DSNY	Crotalaria	Crotalarieae	DSNY_044	Osceola	Florida	yes	28.12693243	-81.43561487	20240320	Mesorhizobium	Mesorhizobium_sp._AaZ16	86.117	85.5744	0	1520
DSNY-51-2-No|nifD|consensus50|pass_mixed_possible_multitemplate	DSNY-51-2-No	D03	Crotalaria spectabilis	9/25/24	1.095	52.56	Quarter	DSNY-CRSP2-51	dry	nodule	Fabaceae	DSNY	Crotalaria	Crotalarieae	DSNY_061	Osceola	Florida	no	28.1283487	-81.4335327	20240529	Mesorhizobium	Mesorhizobium_sp._WSM4083	82.061	85.5091	0	1190
DSNY-85-1-No|nifD|consensus50|pass_mixed_possible_multitemplate	DSNY-85-1-No	D03	Desmodium triflorum	4/4/25	0.054	2.592	Quarter	DSNY-85	dry	nodule	Fabaceae	DSNY	Desmodium	Desmodieae	DSNY_015	Polk	Florida	yes	28.1094133	-81.4308468	20240904	Bradyrhizobium	Bradyrhizobium_sp._PMVTL-01	85.484	52.611	0	841
DSNY-83-1-No|nifD|consensus50|pass_mixed_possible_multitemplate	DSNY-83-1-No	D03	Alysicarpus vaginalis	3/6/25	15.75	756	Half	DSNY-83	dry	nodule	Fabaceae	DSNY	Alysicarpus	Desmodieae	DSNY_015	Polk	Florida	yes	28.1094133	-81.4308468	20240904	Bradyrhizobium	Bradyrhizobium_ottawaense	82.777	48.8903	0	736
LAJA-14-1-No|nifD|consensus50|pass_mixed_possible_multitemplate	LAJA-14-1-No	D04	Macroptilium lathyroides	3/19/25	1.375	66	Quarter	LAJA-14	dry	nodule	Fabaceae	LAJA	Macroptilium	Phaseoleae	LAJA_019	LAJA	P.R	yes	18.03182	-67.07067	10/2/24	Methylobacterium	Methylobacterium_sp._CB376	81.332	54.8956	0	800
LAJA-14-1-Rh|nifD|consensus50|pass_mixed_possible_multitemplate	LAJA-14-1-Rh	D04	Macroptilium lathyroides	3/19/25	0.6485	31.128	Quarter	LAJA-14	dry	rhizosphere	Fabaceae	LAJA	Macroptilium	Phaseoleae	LAJA_019	LAJA	P.R	yes	18.03182	-67.07067	10/2/24	Mesorhizobium	Mesorhizobium_sp._WSM4083	82.465	51.3708	0	798
LAJA-23-1-Rh|nifD|consensus50|pass_mixed_possible_multitemplate	LAJA-23-1-Rh	D04	Rhynchosia minima	3/19/25	1.465	70.32	Quarter	LAJA-23	dry	rhizosphere	Fabaceae	LAJA	Rhynchosia	Phaseoleae	LAJA_023	LAJA	P.R	yes	18.03583	-67.06962	10/7/24	Methylobacterium	Methylobacterium_sp._CB376	81.431	85.7702	0	1273
LAJA-20-1-No|nifD|consensus50|pass_mixed_possible_multitemplate	LAJA-20-1-No	D04	Alysicarpus vaginalis	3/19/25	0.8625	41.4	Quarter	LAJA-20	dry	nodule	Fabaceae	LAJA	Alysicarpus	Desmodieae	LAJA_019	LAJA	P.R	yes	18.03193	-67.07056	10/2/24	Microvirga	Microvirga_sp._KLBC_81	84.251	50.9791	0	826
LAJA-23-1-No|nifD|consensus50|pass_mixed_possible_multitemplate	LAJA-23-1-No	D04	Rhynchosia minima	3/19/25	1.18	56.64	Quarter	LAJA-23	dry	nodule	Fabaceae	LAJA	Rhynchosia	Phaseoleae	LAJA_023	LAJA	P.R	yes	18.03583	-67.06962	10/7/24	Methylobacterium	Methylobacterium_sp._CB376	80.927	84.53	0	1225
LAJA-9-1-Ro|nifD|consensus50|pass_mixed_possible_multitemplate	LAJA-9-1-Ro	D04	Aeschynomene americana	3/19/25	0	0	Quarter	LAJA-9	dry	root	Fabaceae	LAJA	Aeschynomene	Dalbergieae	LAJA_002	LAJA	P.R	yes	18.03622	-67.07407	9/27/24	Bradyrhizobium	Bradyrhizobium_sp._B120	81.427	53.0679	0	728
LAJA-18-1-No|nifD|consensus50|pass_mixed_possible_multitemplate	LAJA-18-1-No	D04	Alysicarpus vaginalis	3/19/25	13.85	664.8	Half	LAJA-18	dry	nodule	Fabaceae	LAJA	Alysicarpus	Desmodieae	LAJA_009	LAJA	P.R	yes	18.03228	-67.06915	10/2/24	Microvirga	Microvirga_sp._KLBC_81	80.107	85.6397	0	1214
LAJA-9-1-Rh|nifD|consensus50|pass_mixed_possible_multitemplate	LAJA-9-1-Rh	D04	Aeschynomene americana	3/19/25	0.619	29.712	Quarter	LAJA-9	dry	rhizosphere	Fabaceae	LAJA	Aeschynomene	Dalbergieae	LAJA_002	LAJA	P.R	yes	18.03622	-67.07407	9/27/24	Bradyrhizobium	Bradyrhizobium_sp._SPXBL-04	87.767	33.6162	0	664
CLBJ-42-1-Ro|nifD|consensus50|pass_mixed_possible_multitemplate	CLBJ-42-1-Ro	D11	Chamaecrista fasciculata	4/10/25	0.645	30.96	Quarter	CLBJ-42	ethanol	root	Fabaceae	CLBJ	Chamaecrista	Cassieae	CLBJ_034	Wise	TX	yes	33.2369	-97.34128	9/2/24	Mesorhizobium	Mesorhizobium_sp._WSM2240	84.375	56.3969	0	913
CLBJ-47-1-Rh|nifD|consensus50|pass_mixed_possible_multitemplate	CLBJ-47-1-Rh	D11	Lespedeza stuevei	4/10/25	0.9695	46.536	Quarter	CLBJ-47	ethanol	rhizosphere	Fabaceae	CLBJ	Lespedeza	Desmodieae	CLBJ_034	Wise	TX	yes	33.23629	-97.3407	9/4/24	Bradyrhizobium	Bradyrhizobium_sp._SPXBL-04	89.194	33.2245	0	664
DSNY-91-1-Rh|nifD|consensus50|pass_mixed_possible_multitemplate	DSNY-91-1-Rh	D03	Chamaecrista fasciculata	4/4/25	0	0	Quarter	DSNY-91	dry	rhizosphere	Fabaceae	DSNY	Chamaecrista	Cassieae	DSNY_001	Polk	Florida	yes	28.1019698	-81.4240004	20240904	Sinorhizobium	Sinorhizobium_meliloti_(Rhizobium_meliloti)	84.492	85.4439	0	1393
DELA-7-3-No|nifD|consensus50|pass_mixed_possible_multitemplate	DELA-7-3-No	D08	Albizia julibrissin	4/4/25	47.8	2294.4	Half	DELA-7	ethanol	nodule	Fabaceae	DELA	Albizia	Mimosoideae	DELA_012	Green County	AL	no	32.531137	-87.817223	8/8/24	Ensifer	Ensifer_aridi	85.213	85.6397	0	1424
ORNL-25-1-No|nifD|consensus50|pass_single_dominant	ORNL-25-1-No	D07	Albizia julibrissin	4/17/25	0.6925	33.24	Quarter	ORNL-25	dry	nodule	Fabaceae	ORNL	Albizia	Mimosoideae	ORNL_002	Anderson	TN	no	35.98	-84.211667	8/20/24	Sinorhizobium	Sinorhizobium_meliloti_(Rhizobium_meliloti)	91.098	43.9948	0	950
DSNY-86-1-No|nifD|consensus50|pass_mixed_possible_multitemplate	DSNY-86-1-No	D03	Indigofera hirsuta	4/4/25	0.406	19.488	Quarter	DSNY-86	dry	nodule	Fabaceae	DSNY	Indigofera	Indigofereae	DSNY_015	Polk	Florida	no	28.1094133	-81.4308468	20240904	Sinorhizobium	Sinorhizobium_meliloti_(Rhizobium_meliloti)	81.137	82.7023	0	1179
GRSM-1-No|nifD|consensus50|pass_single_dominant	GRSM-1-No	D07	Amphicarpaea bracteata	4/17/25	0.324	15.552	Quarter	GRSM-1	dry	nodule	Fabaceae	GRSM	Amphicarpaea	Phaseoleae	GRSM_055	Sevier	TN	yes	35.685523	-83.502232	6/3/24	Sinorhizobium	Sinorhizobium_meliloti_(Rhizobium_meliloti)	86.598	50.6527	0	900
SCBI-6-1-No|nifD|consensus50|pass_single_dominant	SCBI-6-1-No	D02	Amphicarpaea bracteata	4/24/25	0.543	26.064	Quarter	SCBI-6	ethanol	nodule	Fabaceae	SCBI	Amphicarpaea	Phaseoleae	SCBI-067	Warren	VA	yes	38.895275	-78.135778	6/26/24	Sinorhizobium	Sinorhizobium_meliloti_(Rhizobium_meliloti)	85.411	49.2167	0	824
SCBI-12-1-No|nifD|consensus50|pass_mixed_possible_multitemplate	SCBI-12-1-No	D02	Amphicarpaea bracteata	4/24/25	0.4335	20.808	Quarter	SCBI-12	ethanol	nodule	Fabaceae	SCBI	Amphicarpaea	Phaseoleae	SCBI-011	Warren	VA	yes	38.878901	-78.139749	7/10/24	Sinorhizobium	Sinorhizobium_meliloti_(Rhizobium_meliloti)	84.251	85.3786	0	1410
SCBI-11-1-No|nifD|consensus50|pass_single_dominant	SCBI-11-1-No	D02	Amphicarpaea bracteata	4/24/25	2.8	134.4	Quarter	SCBI-11	ethanol	nodule	Fabaceae	SCBI	Amphicarpaea	Phaseoleae	SCBI-010	Warren	VA	yes	38.884814	-78.125158	7/2/24	Sinorhizobium	Sinorhizobium_medicae_(Ensifer_medicae)	96.189	49.6736	0	1245
SERC-6-1-No|nifD|consensus50|pass_mixed_possible_multitemplate	SERC-6-1-No	D02	Glycine max	4/15/25	13.55	650.4	Half	SERC-6	ethanol	nodule	Fabaceae	SERC	Glycine	Glycininae	SERC_018	Anne Arundel	MD	no	38.872901	-76.531642	9/25/24	Sinorhizobium	Sinorhizobium_meliloti_(Rhizobium_meliloti)	84.592	85.5744	0	1474
BLAN-2-1-No|nifD|consensus50|pass_mixed_possible_multitemplate	BLAN-2-1-No	D02	Desmodium sp.	4/23/25	3.94	189.12	Quarter	BLAN-2	ethanol	nodule	Fabaceae	BLAN	Desmodium	Desmodieae	BLAN_020	Clarke	VA	yes	39.101002	-77.980641	8/13/24	Sinorhizobium	Sinorhizobium_meliloti_(Rhizobium_meliloti)	91.248	50.718	0	1146
