tip_label	sample_id	domain	species	date_finalized	qubit_average	total_dna	nebnext_protocol	isotope_reference_name	sample_preservation	type	family	site	genus	tribe	plot_simple	county	state	native	lat	long	date_field_collection	closest_blast_genus	closest_blast_taxon	percent_identity	query_coverage_percent	evalue	bitscore
BLAN-3-1-Ro|nifK|consensus50|strict_single_dominant	BLAN-3-1-Ro	D02	Kummerowia striata	4/23/25	0.0685	3.288	Quarter	BLAN-3	ethanol	root	Fabaceae	BLAN	Kummerowia	Desmodieae	BLAN_020	Clarke	VA	no	39.100957	-77.980777	8/13/24	Rhizobium	Rhizobium_beringeri	90.862	49.6757	0	1074
BLAN-4-1-No|nifK|consensus50|strict_single_dominant	BLAN-4-1-No	D02	Elaeagnus umbellata	4/23/25	0	0	Quarter	BLAN-4	ethanol	nodule	Elaeagnaceae	BLAN	Elaeagnus	actinorhizal	BLAN_020	Clarke	VA	no	39.100987	-77.980772	8/13/24	Sinorhizobium	Sinorhizobium_meliloti_(Rhizobium_meliloti)	88.269	89.559	0	1757
TALL-68-2-Ro|nifK|consensus50|strict_single_dominant	TALL-68-2-Ro	D08	Desmodium laevigatum	4/8/25	2.23	107.04	Quarter	TALL-68	dry	root	Fabaceae	TALL	Desmodium	Desmodieae	TALL_055	Bibb County	AL	yes	32.948543	-87.398325	9/3/24	Sinorhizobium	Sinorhizobium_meliloti_(Rhizobium_meliloti)	88.759	55.3826	0	1079
SJER-4-1-Ro|nifK|consensus50|strict_single_dominant	SJER-4-1-Ro	D17	Lupinus bicolor	4/15/25	0.0575	2.76	Quarter	SJER-4	dry	root	Fabaceae	SJER	Lupinus	Genisteae	NA	Fresno	CA	yes	37.110189	-119.73464	20240404	Sinorhizobium	Sinorhizobium_meliloti_(Rhizobium_meliloti)	91.919	51.3619	0	1120
JERC-132-3-Rh|nifK|consensus50|strict_single_dominant	JERC-132-3-Rh	D03	Desmodium marilandicum	4/8/25	0	0	Quarter	JERC-132	dry	rhizosphere	Fabaceae	JERC	Desmodium	Desmodieae	JERC_048	Baker County	Georgia	yes	NA	NA	20240807	Sinorhizobium	Sinorhizobium_meliloti_(Rhizobium_meliloti)	88.277	45.9144	0	900
DEJU-23-1-No|nifK|consensus50|strict_single_dominant	DEJU-23-1-No	D19	Alnus viridis	4/10/25	2.41	115.68	Quarter	DEJU-23	ethanol	nodule	Betulaceae	DEJU	Alnus	actinorhizal	DEJU_046	NA	Alaska	yes	NA	NA	NA	Sinorhizobium	Sinorhizobium_meliloti_(Rhizobium_meliloti)	87.321	36.3165	0	638
SJER-1-1-No|nifK|consensus50|strict_single_dominant	SJER-1-1-No	D17	Lupinus bicolor	4/15/25	0.122	5.856	Quarter	SJER-1	dry	nodule	Fabaceae	SJER	Lupinus	Genisteae	SJER_048	Fresno	CA	yes	37.110193	-119.734551	20240404	Sinorhizobium	Sinorhizobium_meliloti_(Rhizobium_meliloti)	87.586	47.0169	0	850
SJER-1-1-Ro|nifK|consensus50|strict_single_dominant	SJER-1-1-Ro	D17	Lupinus bicolor	4/15/25	0.0675	3.24	Quarter	SJER-1	dry	root	Fabaceae	SJER	Lupinus	Genisteae	SJER_048	Fresno	CA	yes	37.110193	-119.734551	20240404	Sinorhizobium	Sinorhizobium_meliloti_(Rhizobium_meliloti)	90.079	98.703	0	2017
SERC-2-1-No|nifK|consensus50|strict_single_dominant	SERC-2-1-No	D02	Elaeagnus umbellata	4/15/25	2.385	114.48	Quarter	SERC-2	ethanol	nodule	Elaeagnaceae	SERC	Elaeagnus	actinorhizal	SERC_016	Anne Arundel	MD	no	38.899477	-76.547521	8/14/24	Sinorhizobium	Sinorhizobium_meliloti_(Rhizobium_meliloti)	88.76	39.2348	0	791
CLBJ-42-1-No|nifK|consensus50|strict_single_dominant	CLBJ-42-1-No	D11	Chamaecrista fasciculata	4/10/25	0	0	Quarter	CLBJ-42	ethanol	nodule	Fabaceae	CLBJ	Chamaecrista	Cassieae	CLBJ_034	Wise	TX	yes	33.2369	-97.34128	9/2/24	Sinorhizobium	Sinorhizobium_meliloti_(Rhizobium_meliloti)	94.822	40.0778	0	976
TALL-18-1-Rh|nifK|consensus50|strict_single_dominant	TALL-18-1-Rh	D08	Desmodium viridiflorum	4/8/25	0	0	Quarter	TALL-18	ethanol	rhizosphere	Fabaceae	TALL	Desmodium	Desmodieae	TALL_047	Bibb County	AL	yes	32.951506	-87.398919	8/21/24	Sinorhizobium	Sinorhizobium_meliloti_(Rhizobium_meliloti)	90.437	54.9287	0	1131
CLBJ-46-1-Ro|nifK|consensus50|strict_single_dominant	CLBJ-46-1-Ro	D11	Galactia volubilis	4/10/25	0	0	Quarter	CLBJ-46	ethanol	root	Fabaceae	CLBJ	Galactia	Diocleae	CLBJ_034	Wise	TX	yes	33.23658	-97.34089	9/4/24	Sinorhizobium	Sinorhizobium_meliloti_(Rhizobium_meliloti)	91.457	92.607	0	1967
JERC-CRJU-86-1-No|nifK|consensus50|strict_single_dominant	JERC-CRJU-86-1-No	D03	Crotalaria juncea	5/14/25	1.295	62.16	Quarter	JERC-CRJU-86	dry	nodule	Fabaceae	JERC	Crotalaria	Crotalarieae	JERC_030R	Baker County	Georgia	no	31.18563333	-84.4785	20240624	Sinorhizobium	Sinorhizobium_meliloti_(Rhizobium_meliloti)	88.873	44.2931	0	850
DSNY-85-1-Rh|nifK|consensus50|strict_single_dominant	DSNY-85-1-Rh	D03	Desmodium triflorum	4/4/25	0	0	Quarter	DSNY-85	dry	rhizosphere	Fabaceae	DSNY	Desmodium	Desmodieae	DSNY_015	Polk	Florida	yes	28.1094133	-81.4308468	20240904	Sinorhizobium	Sinorhizobium_meliloti_(Rhizobium_meliloti)	94.574	50.1946	0	1210
SCBI-1-1-Rh|nifK|consensus50|strict_single_dominant	SCBI-1-1-Rh	D02	Lespedeza cuneata	4/23/25	0	0	Quarter	SCBI-1	ethanol	rhizosphere	Fabaceae	SCBI	Lespedeza	Desmodieae	SCBI-006	Warren	VA	no	38.897638	-78.152008	6/26/24	Sinorhizobium	Sinorhizobium_meliloti_(Rhizobium_meliloti)	93.474	92.4125	0	2170
NOGP-3-2-Rh|nifK|consensus50|strict_single_dominant	NOGP-3-2-Rh	D09	Medicago lupulina	4/23/25	0	0	Quarter	NOGP-3	dry	rhizosphere	Fabaceae	NOGP	Medicago	Trifolieae	NOGP_064	NA	ND	no	46.77084	-100.9136386	6/25/24	Sinorhizobium	Sinorhizobium_meliloti_(Rhizobium_meliloti)	94.416	89.4293	0	2139
CLBJ-40-1-Ro|nifK|consensus50|strict_single_dominant	CLBJ-40-1-Ro	D11	Lespedeza cuneata	4/10/25	0	0	Quarter	CLBJ-40	ethanol	root	Fabaceae	CLBJ	Lespedeza	Desmodieae	CLBJ_034	Wise	TX	no	33.23685	-97.34119	9/2/24	Sinorhizobium	Sinorhizobium_meliloti_(Rhizobium_meliloti)	89.756	95.5901	0	1927
JERC-136-No|nifK|consensus50|strict_single_dominant	JERC-136-No	D03	Stylosanthes biflora	4/8/25	0	0	Quarter	JERC-136	dry	nodule	Fabaceae	JERC	Stylosanthes	Dalbergieae	JERC_048	Baker County	Georgia	yes	NA	NA	20240807	Sinorhizobium	Sinorhizobium_meliloti_(Rhizobium_meliloti)	92.314	81.8418	0	1849
DCFS-7-1-No|nifK|consensus50|strict_single_dominant	DCFS-7-1-No	D09	Amorpha canescens	4/23/25	0	0	Quarter	DCFS-7	dry	nodule	Fabaceae	DCFS	Amorpha	Amorpheae	DCFS_067	Stutsman	ND	yes	47.16096	99.11051	6/20/24	Sinorhizobium	Sinorhizobium_meliloti_(Rhizobium_meliloti)	91.472	97.3411	0	2074
JERC-154-No|nifK|consensus50|strict_single_dominant	JERC-154-No	D03	Clitoria mariana	2/27/25	0	0	Quarter	JERC-154	dry	nodule	Fabaceae	JERC	Clitoria	Phaseoleae	JERC_015	Baker County	Georgia	yes	NA	NA	20241002	Sinorhizobium	Sinorhizobium_meliloti_(Rhizobium_meliloti)	86.308	57.7821	0	1020
TOOL-8-Rh|nifK|consensus50|strict_single_dominant	TOOL-8-Rh	D18	Astragalus umbellatus	4/24/25	0	0	Quarter	TOOL-8	ethanol	rhizosphere	Fabaceae	TOOL	Astragalus	Galegeae	TOOL_032	North Slope Borough	Alaska	yes	NA	NA	20240706	Sinorhizobium	Sinorhizobium_meliloti_(Rhizobium_meliloti)	91.405	95.0713	0	2019
NOGP-7-2-Rh|nifK|consensus50|strict_single_dominant	NOGP-7-2-Rh	D09	Amorpha canescens	5/2/25	0	0	Quarter	NOGP-7	dry	rhizosphere	Fabaceae	NOGP	Amorpha	Amorpheae	NOGP_064	NA	ND	yes	46.77063	-100.9138092	6/25/24	Sinorhizobium	Sinorhizobium_meliloti_(Rhizobium_meliloti)	93.436	46.4332	0	1074
NOGP-4-1-Rh|nifK|consensus50|strict_single_dominant	NOGP-4-1-Rh	D09	Medicago lupulina	5/2/25	0	0	Quarter	NOGP-4	dry	rhizosphere	Fabaceae	NOGP	Medicago	Trifolieae	NOGP_064	NA	ND	no	46.77084	-100.9136386	6/25/24	Sinorhizobium	Sinorhizobium_meliloti_(Rhizobium_meliloti)	94.436	86.2516	0	2104
WOOD-12-Ro|nifK|consensus50|strict_single_dominant	WOOD-12-Ro	D09	Medicago sativa	4/24/25	0	0	Quarter	WOOD-12	ethanol	root	Fabaceae	WOOD	Medicago	Trifolieae	WOOD_030	Stutsman	ND	no	47.13885	-99.2415	9/26/24	Sinorhizobium	Sinorhizobium_meliloti_(Rhizobium_meliloti)	93.686	50.3243	0	1190
CLBJ-45-2-Ro|nifK|consensus50|strict_single_dominant	CLBJ-45-2-Ro	D11	Lespedeza virginica	2/19/25	1.89	90.72	Quarter	CLBJ-45	dry	root	Fabaceae	CLBJ	Lespedeza	Desmodieae	CLBJ_034	Wise	TX	yes	33.23658	-97.34089	9/4/24	Sinorhizobium	Sinorhizobium_meliloti_(Rhizobium_meliloti)	90.631	95.5253	0	2012
JERC-157-2-Rh|nifK|consensus50|strict_single_dominant	JERC-157-2-Rh	D03	Chamaecrista fasciculata	2/26/25	0	0	Quarter	JERC-157	dry	rhizosphere	Fabaceae	JERC	Chamaecrista	Cassieae	JERC_015	Baker County	Georgia	yes	NA	NA	20241002	Sinorhizobium	Sinorhizobium_meliloti_(Rhizobium_meliloti)	91.513	45.8495	0	985
JERC-131-Rh|nifK|consensus50|strict_single_dominant	JERC-131-Rh	D03	Dalea carnea	4/8/25	0	0	Quarter	JERC-131	dry	rhizosphere	Fabaceae	JERC	Dalea	Amorpheae	JERC_048	Baker County	Georgia	yes	NA	NA	20240807	Sinorhizobium	Sinorhizobium_meliloti_(Rhizobium_meliloti)	91.263	81.6472	0	1773
JERC-150-Ro|nifK|consensus50|strict_single_dominant	JERC-150-Ro	D03	Desmodium obtusum?	5/14/25	0	0	Quarter	JERC-150	dry	root	Fabaceae	JERC	Desmodium	Desmodieae	JERC_062	NA	Unknown	yes	NA	NA	20240924	Sinorhizobium	Sinorhizobium_meliloti_(Rhizobium_meliloti)	92.154	94.2283	0	2065
JERC-158-Ro|nifK|consensus50|strict_single_dominant	JERC-158-Ro	D03	Chamaecrista fasciculata	2/27/25	0.109	5.232	Quarter	JERC-158	dry	root	Fabaceae	JERC	Chamaecrista	Cassieae	JERC_015	Baker County	Georgia	yes	NA	NA	20241002	Sinorhizobium	Sinorhizobium_meliloti_(Rhizobium_meliloti)	91.284	56.5499	0	1203
ORNL-14-1-Ro|nifK|consensus50|strict_single_dominant	ORNL-14-1-Ro	D07	Medicago lupulina	2/25/24	0	0	Quarter	ORNL-14	dry	root	Fabaceae	ORNL	Medicago	Trifolieae	ORNL_047	Anderson	TN	no	35.952222	-84.219444	7/11/24	Sinorhizobium	Sinorhizobium_meliloti_(Rhizobium_meliloti)	88.761	56.5499	0	1079
JERC-CRJU-86-1-Rh|nifK|consensus50|strict_single_dominant	JERC-CRJU-86-1-Rh	D03	Crotalaria juncea	5/14/25	0	0	Quarter	JERC-CRJU-86	dry	rhizosphere	Fabaceae	JERC	Crotalaria	Crotalarieae	JERC_030R	Baker County	Georgia	no	31.18563333	-84.4785	20240624	Sinorhizobium	Sinorhizobium_meliloti_(Rhizobium_meliloti)	91.619	56.4851	0	1216
OSBS-37-1-Rh|nifK|consensus50|strict_single_dominant	OSBS-37-1-Rh	D03	Chapmannia floridana	2/26/25	0	0	Quarter	OSBS-37	NA	rhizosphere	Fabaceae	OSBS	Chapmannia	Dalbergieae	OSBS_029	Putnam	FL	yes	NA	NA	20240617	Sinorhizobium	Sinorhizobium_meliloti_(Rhizobium_meliloti)	90.409	55.4475	0	1138
WOOD-3-2-Ro|nifK|consensus50|strict_single_dominant	WOOD-3-2-Ro	D09	Melilotus officinalis	5/2/25	0	0	Quarter	WOOD-3	ethanol	root	Fabaceae	WOOD	Melilotus	Trifolieae	WOOD_044	Stutsman	ND	no	47.12517	-99.2388	9/23/24	Sinorhizobium	Sinorhizobium_meliloti_(Rhizobium_meliloti)	91.274	54.9935	0	1168
OSBS-106-1-Rh|nifK|consensus50|strict_single_dominant	OSBS-106-1-Rh	D03	Lespedeza hirta	2/26/25	0.0595	2.856	Quarter	OSBS-106	NA	rhizosphere	Fabaceae	OSBS	Lespedeza	Desmodieae	OSBS_070	Putnam	Fl	yes	NA	NA	20241008	Sinorhizobium	Sinorhizobium_meliloti_(Rhizobium_meliloti)	88.209	57.1984	0	1064
OSBS-35-2-Rh|nifK|consensus50|strict_single_dominant	OSBS-35-2-Rh	D03	Chapmannia floridana	2/26/25	0.054	2.592	Quarter	OSBS-35	dry	rhizosphere	Fabaceae	OSBS	Chapmannia	Dalbergieae	OSBS_006	Putnam	FL	yes	NA	NA	20240611	Sinorhizobium	Sinorhizobium_meliloti_(Rhizobium_meliloti)	86.599	57.5875	0	994
MLBS-2-1-No|nifK|consensus50|strict_single_dominant	MLBS-2-1-No	D07	Amphicarpaea bracteata	5/14/25	0	0	Quarter	MLBS-2	dry	nodule	Fabaceae	MLBS	Amphicarpaea	Phaseoleae	MLBS_075	Giles	VA	yes	37.373889	-80.523611	8/28/24	Sinorhizobium	Sinorhizobium_meliloti_(Rhizobium_meliloti)	87.787	96.1089	0	1764
TOOL-13-Rh|nifK|consensus50|strict_single_dominant	TOOL-13-Rh	D18	Dryas integrifolia	5/2/25	0	0	Quarter	TOOL-13	ethanol	rhizosphere	Rosaceae	TOOL	Dryas	actinorhizal	TOOL_002	North Slope Borough	Alaska	yes	68.63136	-149.34375	20240709	Sinorhizobium	Sinorhizobium_meliloti_(Rhizobium_meliloti)	90.511	96.3684	0	1977
TOOL-7-Rh|nifK|consensus50|strict_single_dominant	TOOL-7-Rh	D18	Dryas octopetala	4/24/25	0	0	Quarter	TOOL-7	ethanol	rhizosphere	Rosaceae	TOOL	Dryas	actinorhizal	TOOL_032	North Slope Borough	Alaska	yes	NA	NA	20240706	Microvirga	Microvirga_lotononidis	86.763	49.4812	0	863
WOOD-1-1-Rh|nifK|consensus50|strict_single_dominant	WOOD-1-1-Rh	D09	Melilotus officinalis	5/2/25	0	0	Quarter	WOOD-1	ethanol	rhizosphere	Fabaceae	WOOD	Melilotus	Trifolieae	DCFS_014	Stutsman	ND	no	46.89494	-98.6864	9/16/24	Sinorhizobium	Sinorhizobium_meliloti_(Rhizobium_meliloti)	89.323	56.4851	0	1129
JERC-54-2-Ro|nifK|consensus50|strict_single_dominant	JERC-54-2-Ro	D03	Orbexilum lupinellum	12/4/24	0.076	3.648	Quarter	JERC-54	dry	root	Fabaceae	JERC	Orbexilum	Psoraleeae	JERC_057	Baker County	Georgia	yes	31.12.137	-84.28.195	20240611	Sinorhizobium	Sinorhizobium_meliloti_(Rhizobium_meliloti)	91.552	33.0091	0	704
JERC-204-1-No|nifK|consensus50|strict_single_dominant	JERC-204-1-No	D03	Lespedeza stuevei	4/8/25	0	0	Quarter	JERC-204	dry	nodule	Fabaceae	JERC	Lespedeza	Desmodieae	JERC_005	Baker County	Georgia	yes	NA	NA	20241029	Sinorhizobium	Sinorhizobium_meliloti_(Rhizobium_meliloti)	90.542	46.6278	0	1003
DEJU-63-Rh|nifK|consensus50|strict_single_dominant	DEJU-63-Rh	D19	Lupinus arcticus	4/15/25	0	0	Quarter	DEJU-63	ethanol	rhizosphere	Fabaceae	DEJU	Lupinus	Genisteae	DEJU_045	NA	Unknown	yes	NA	NA	NA	Sinorhizobium	Sinorhizobium_meliloti_(Rhizobium_meliloti)	94.346	55.0584	0	1351
TALL-67-1-Rh|nifK|consensus50|strict_single_dominant	TALL-67-1-Rh	D08	Lespedeza repens	4/8/25	0	0	Quarter	TALL-67	dry	rhizosphere	Fabaceae	TALL	Lespedeza	Desmodieae	TALL_055	Bibb County	AL	yes	32.948748	-87.398587	9/3/24	Sinorhizobium	Sinorhizobium_meliloti_(Rhizobium_meliloti)	96.937	35.9922	0	931
WOOD-5-1-Rh|nifK|consensus50|strict_single_dominant	WOOD-5-1-Rh	D09	Dalea candida	4/24/25	0	0	Quarter	WOOD-5	ethanol	rhizosphere	Fabaceae	WOOD	Dalea	Amorpheae	BARR_027	Stutsman	ND	yes	47.13	99.24	9/23/24	Sinorhizobium	Sinorhizobium_meliloti_(Rhizobium_meliloti)	92.866	100	0	2294
TOOL-35-1-Rh|nifK|consensus50|strict_single_dominant	TOOL-35-1-Rh	D18	Dryas octopetala	5/23/25	0	0	Quarter	TOOL-35	ethanol	rhizosphere	Rosaceae	TOOL	Dryas	actinorhizal	TOOL_011	North Slope Borough	Alaska	yes	68.62774	-149.58777	20240711	Sinorhizobium	Sinorhizobium_meliloti_(Rhizobium_meliloti)	94.629	91.7639	0	2202
WOOD-11-1-Rh|nifK|consensus50|strict_single_dominant	WOOD-11-1-Rh	D09	Medicago sativa	4/24/25	0	0	Quarter	WOOD-11	ethanol	rhizosphere	Fabaceae	WOOD	Medicago	Trifolieae	WOOD_043	Stutsman	ND	no	47.13177	-99.2395	9/26/24	Sinorhizobium	Sinorhizobium_meliloti_(Rhizobium_meliloti)	94.452	92.3476	0	2248
YELL-5-3-Rh|nifK|consensus50|strict_single_dominant	YELL-5-3-Rh	D12	Astragalus miser	4/4/25	0	0	Quarter	YELL-5	ethanol	rhizosphere	Fabaceae	YELL	Astragalus	Galegeae	YELL_016	Park County	WY	yes	NA	NA	7/11/24	Sinorhizobium	Sinorhizobium_meliloti_(Rhizobium_meliloti)	93.928	50.1946	0	1181
WOOD-11-1-Ro|nifK|consensus50|strict_single_dominant	WOOD-11-1-Ro	D09	Medicago sativa	4/24/25	0	0	Quarter	WOOD-11	ethanol	root	Fabaceae	WOOD	Medicago	Trifolieae	WOOD_043	Stutsman	ND	no	47.13177	-99.2395	9/26/24	Sinorhizobium	Sinorhizobium_meliloti_(Rhizobium_meliloti)	93.833	97.7951	0	2292
TALL-17-2-Rh|nifK|consensus50|strict_single_dominant	TALL-17-2-Rh	D08	Desmodium rotundifolium	4/8/25	0	0	Quarter	TALL-17	ethanol	rhizosphere	Fabaceae	TALL	Desmodium	Desmodieae	TALL_002	Hale County	AL	yes	32.922291	-87.428794	8/22/24	Sinorhizobium	Sinorhizobium_meliloti_(Rhizobium_meliloti)	93.795	90.9209	0	2165
JERC-139-5-Rh|nifK|consensus50|strict_single_dominant	JERC-139-5-Rh	D03	Mimosa quadrivalvus	4/8/25	0	0	Quarter	JERC-139	dry	rhizosphere	Fabaceae	JERC	Mimosa	Mimosoideae	JERC_031	Baker County	Georgia	yes	NA	NA	20240821	Sinorhizobium	Sinorhizobium_meliloti_(Rhizobium_meliloti)	90.563	74.9027	0	1587
CLBJ-41-1-No|nifK|consensus50|strict_single_dominant	CLBJ-41-1-No	D11	Lespedeza cuneata	4/10/25	1.62	77.76	Quarter	CLBJ-41	ethanol	nodule	Fabaceae	CLBJ	Lespedeza	Desmodieae	CLBJ_034	Wise	TX	no	33.23685	-97.34119	9/2/24	Sinorhizobium	Sinorhizobium_meliloti_(Rhizobium_meliloti)	94.554	39.2996	0	965
CPER-2-No|nifK|consensus50|strict_single_dominant	CPER-2-No	D10	Melilotus officinalis	4/24/25	0	0	Quarter	CPER-2	dry	nodule	Fabaceae	CPER	Melilotus	Trifolieae	CPER_002	Weld	CO	no	NA	NA	6/14/24	Sinorhizobium	Sinorhizobium_meliloti_(Rhizobium_meliloti)	99.545	99.8703	0	2817
CPER-4-No|nifK|consensus50|strict_single_dominant	CPER-4-No	D10	Melilotus officinalis	5/23/25	0	0	Quarter	CPER-4	dry	nodule	Fabaceae	CPER	Melilotus	Trifolieae	CPER_027	Weld	CO	no	NA	NA	6/24/24	Sinorhizobium	Sinorhizobium_meliloti_(Rhizobium_meliloti)	99.61	99.8703	0	2809
WOOD-10-1-No|nifK|consensus50|strict_single_dominant	WOOD-10-1-No	D09	Medicago lupulina	4/24/25	0	0	Quarter	WOOD-10	ethanol	nodule	Fabaceae	WOOD	Medicago	Trifolieae	WOOD_030	Stutsman	ND	no	47.13885	-99.2415	9/26/24	Sinorhizobium	Sinorhizobium_meliloti_(Rhizobium_meliloti)	99.088	99.546	0	2776
OAES-36-2-No|nifK|consensus50|strict_single_dominant	OAES-36-2-No	D11	Melilotus officinalis	5/14/25	0	0	Quarter	OAES-36	ethanol	nodule	Fabaceae	OAES	Melilotus	Trifolieae	OAES_011_R	Washita	OK	no	35.40049	-99.06592	8/21/24	Sinorhizobium	Sinorhizobium_meliloti_(Rhizobium_meliloti)	99.546	99.9351	0	2819
WOOD-6-1-No|nifK|consensus50|strict_single_dominant	WOOD-6-1-No	D09	Medicago lupulina	4/24/25	0.7205	34.584	Quarter	WOOD-6	ethanol	nodule	Fabaceae	WOOD	Medicago	Trifolieae	BARR_027	Stutsman	ND	no	47.12819	99.23817	9/23/24	Sinorhizobium	Sinorhizobium_meliloti_(Rhizobium_meliloti)	99.481	99.9351	0	2811
CPER-5-1-No|nifK|consensus50|strict_single_dominant	CPER-5-1-No	D10	Melilotus officinalis	5/23/25	0.4335	20.808	Quarter	CPER-5	dry	nodule	Fabaceae	CPER	Melilotus	Trifolieae	CPER_022	Weld	CO	no	NA	NA	6/24/24	Sinorhizobium	Sinorhizobium_meliloti_(Rhizobium_meliloti)	99.546	99.9351	0	2817
NOGP-4-1-Ro|nifK|consensus50|strict_single_dominant	NOGP-4-1-Ro	D09	Medicago lupulina	5/2/25	0.069	3.312	Quarter	NOGP-4	dry	root	Fabaceae	NOGP	Medicago	Trifolieae	NOGP_064	NA	ND	no	46.77084	-100.9136386	6/25/24	Sinorhizobium	Sinorhizobium_meliloti_(Rhizobium_meliloti)	99.546	99.9351	0	2819
NOGP-5-2-No|nifK|consensus50|strict_single_dominant	NOGP-5-2-No	D09	Medicago lupulina	5/2/25	0.057	2.736	Quarter	NOGP-5	dry	nodule	Fabaceae	NOGP	Medicago	Trifolieae	NOGP_064	NA	ND	no	46.77084	-100.9136386	6/25/24	Sinorhizobium	Sinorhizobium_meliloti_(Rhizobium_meliloti)	99.546	99.9351	0	2817
CPER-5-1-Rh|nifK|consensus50|strict_single_dominant	CPER-5-1-Rh	D10	Melilotus officinalis	5/23/25	2.535	121.68	Quarter	CPER-5	dry	rhizosphere	Fabaceae	CPER	Melilotus	Trifolieae	CPER_022	Weld	CO	no	NA	NA	6/24/24	Sinorhizobium	Sinorhizobium_meliloti_(Rhizobium_meliloti)	99.544	99.546	0	2808
DCFS-3-2-No|nifK|consensus50|strict_single_dominant	DCFS-3-2-No	D09	Medicago lupulina	5/23/25	0	0	Quarter	DCFS-3	dry	nodule	Fabaceae	DCFS	Medicago	Trifolieae	DCFS_004	Stutsman	ND	no	47.17138	99.05135	6/10/24	Sinorhizobium	Sinorhizobium_meliloti_(Rhizobium_meliloti)	99.935	99.8054	0	2837
OAES_19-2-No|nifK|consensus50|strict_single_dominant	OAES-19-2-No	D11	Melilotus officinalis	6/4/24	0.1345	26.631	Quarter	OAES-19	ethanol	nodule	Fabaceae	OAES	Melilotus	Trifolieae	OAES_012_R	Washita	OK	no	35.402943	-99.064829	4/16/24	Sinorhizobium	Sinorhizobium_meliloti_(Rhizobium_meliloti)	99.87	99.9351	0	2837
OAES-36-3-No|nifK|consensus50|strict_single_dominant	OAES-36-3-No	D11	Melilotus officinalis	5/14/25	0	0	Quarter	OAES-36	ethanol	nodule	Fabaceae	OAES	Melilotus	Trifolieae	OAES_011_R	Washita	OK	no	35.40049	-99.06592	8/21/24	Sinorhizobium	Sinorhizobium_meliloti_(Rhizobium_meliloti)	99.929	91.8288	0	2612
NOGP-3-2-No|nifK|consensus50|strict_single_dominant	NOGP-3-2-No	D09	Medicago lupulina	4/23/25	0	0	Quarter	NOGP-3	dry	nodule	Fabaceae	NOGP	Medicago	Trifolieae	NOGP_064	NA	ND	no	46.77084	-100.9136386	6/25/24	Sinorhizobium	Sinorhizobium_meliloti_(Rhizobium_meliloti)	99.416	99.9351	0	2811
OAES-14-1-No|nifK|consensus50|strict_single_dominant	OAES-14-1-No	D11	Melilotus officinalis	8/19/24	2.005	96.24	Quarter	OAES-14	ethanol	nodule	Fabaceae	OAES	Melilotus	Trifolieae	OAES_005	Washita	OK	no	35.39246	-99.10002	4/10/24	Sinorhizobium	Sinorhizobium_meliloti_(Rhizobium_meliloti)	99.416	100	0	2808
WOOD-11-1-No|nifK|consensus50|strict_single_dominant	WOOD-11-1-No	D09	Medicago sativa	4/24/25	0	0	Quarter	WOOD-11	ethanol	nodule	Fabaceae	WOOD	Medicago	Trifolieae	WOOD_043	Stutsman	ND	no	47.13177	-99.2395	9/26/24	Sinorhizobium	Sinorhizobium_meliloti_(Rhizobium_meliloti)	99.09	99.8054	0	2772
WOOD-3-2-No|nifK|consensus50|strict_single_dominant	WOOD-3-2-No	D09	Melilotus officinalis	5/2/25	0.221	10.608	Quarter	WOOD-3	ethanol	nodule	Fabaceae	WOOD	Melilotus	Trifolieae	WOOD_044	Stutsman	ND	no	47.12517	-99.2388	9/23/24	Sinorhizobium	Sinorhizobium_meliloti_(Rhizobium_meliloti)	99.481	99.9351	0	2813
WOOD-6-1-Ro|nifK|consensus50|strict_single_dominant	WOOD-6-1-Ro	D09	Medicago lupulina	4/24/25	0.0745	3.576	Quarter	WOOD-6	ethanol	root	Fabaceae	WOOD	Medicago	Trifolieae	BARR_027	Stutsman	ND	no	47.12819	99.23817	9/23/24	Sinorhizobium	Sinorhizobium_meliloti_(Rhizobium_meliloti)	99.439	92.4773	0	2601
DCFS-2-2-No|nifK|consensus50|strict_single_dominant	DCFS-2-2-No	D09	Medicago lupulina	5/23/25	0.061	2.928	Quarter	DCFS-2	dry	nodule	Fabaceae	DCFS	Medicago	Trifolieae	DCFS_006	Stutsman	ND	no	47.17333	99.05103	6/6/24	Sinorhizobium	Sinorhizobium_meliloti_(Rhizobium_meliloti)	99.546	99.9351	0	2813
WOOD-12-No|nifK|consensus50|strict_single_dominant	WOOD-12-No	D09	Medicago sativa	4/24/25	0	0	Quarter	WOOD-12	ethanol	nodule	Fabaceae	WOOD	Medicago	Trifolieae	WOOD_030	Stutsman	ND	no	47.13885	-99.2415	9/26/24	Sinorhizobium	Sinorhizobium_meliloti_(Rhizobium_meliloti)	99.86	92.4773	0	2623
NOGP-5-2-Ro|nifK|consensus50|strict_single_dominant	NOGP-5-2-Ro	D09	Medicago lupulina	5/2/25	3.01	144.48	Quarter	NOGP-5	dry	root	Fabaceae	NOGP	Medicago	Trifolieae	NOGP_064	NA	ND	no	46.77084	-100.9136386	6/25/24	Sinorhizobium	Sinorhizobium_meliloti_(Rhizobium_meliloti)	99.805	99.8703	0	2828
OAES-22-1-No|nifK|consensus50|strict_single_dominant	OAES-22-1-No	D11	Medicago minima	6/4/24	0.1165	23.067	Quarter	OAES-22	ethanol	nodule	Fabaceae	OAES	Medicago	Trifolieae	OAES_012_R	Washita	OK	no	35.402943	-99.064829	4/16/24	Sinorhizobium	Sinorhizobium_meliloti_(Rhizobium_meliloti)	99.157	100	0	2785
WOOD-7-1-No|nifK|consensus50|strict_single_dominant	WOOD-7-1-No	D09	Medicago lupulina	4/24/25	0.0555	2.664	Quarter	WOOD-7	ethanol	nodule	Fabaceae	WOOD	Medicago	Trifolieae	BARR_027	Stutsman	ND	no	47.12819	99.23817	9/23/24	Sinorhizobium	Sinorhizobium_meliloti_(Rhizobium_meliloti)	99.027	99.9351	0	2774
TOOL-1-Ro|nifK|consensus50|strict_single_dominant	TOOL-1-Ro	D18	Dryas integrifolia	4/24/25	0.6625	31.8	Quarter	TOOL-1	ethanol	root	Rosaceae	TOOL	Dryas	actinorhizal	TOOL_041	North Slope Borough	Alaska	yes	NA	NA	20240704	Sinorhizobium	Sinorhizobium_meliloti_(Rhizobium_meliloti)	97.753	92.3476	0	2464
OAES-14-1-Rh|nifK|consensus50|strict_single_dominant	OAES-14-1-Rh	D11	Melilotus officinalis	8/19/24	0.192	9.216	Quarter	OAES-14	ethanol	rhizosphere	Fabaceae	OAES	Melilotus	Trifolieae	OAES_005	Washita	OK	no	35.39246	-99.10002	4/10/24	Sinorhizobium	Sinorhizobium_meliloti_(Rhizobium_meliloti)	98.812	98.249	0	2712
OAES-2-1-No|nifK|consensus50|strict_single_dominant	OAES-2-1-No	D11	Medicago minima	6/25/24	2.38	114.24	Quarter	OAES-2	ethanol	nodule	Fabaceae	OAES	Medicago	Trifolieae	OAES_055_T	Washita	OK	no	35.41368	-99.05573	3/27/24	Sinorhizobium	Sinorhizobium_meliloti_(Rhizobium_meliloti)	99.546	99.9351	0	2808
DCFS-5-1-No|nifK|consensus50|strict_single_dominant	DCFS-5-1-No	D09	Medicago lupulina	4/23/25	0	0	Quarter	DCFS-5	dry	nodule	Fabaceae	DCFS	Medicago	Trifolieae	DCFS_065	Stutsman	ND	no	47.16085	99.11081	6/20/24	Sinorhizobium	Sinorhizobium_meliloti_(Rhizobium_meliloti)	99.416	99.9351	0	2796
DCFS-8-1-No|nifK|consensus50|strict_single_dominant	DCFS-8-1-No	D09	Melilotus officinalis	4/23/25	0	0	Quarter	DCFS-8	dry	nodule	Fabaceae	DCFS	Melilotus	Trifolieae	DCFS_067	Stutsman	ND	no	47.16087	99.11052	6/20/24	Sinorhizobium	Sinorhizobium_meliloti_(Rhizobium_meliloti)	99.091	99.9351	0	2780
NOGP-3-2-Ro|nifK|consensus50|strict_single_dominant	NOGP-3-2-Ro	D09	Medicago lupulina	4/23/25	0.473	22.704	Quarter	NOGP-3	dry	root	Fabaceae	NOGP	Medicago	Trifolieae	NOGP_064	NA	ND	no	46.77084	-100.9136386	6/25/24	Sinorhizobium	Sinorhizobium_meliloti_(Rhizobium_meliloti)	99.579	92.4125	0	2610
NOGP-6-3-Ro|nifK|consensus50|strict_single_dominant	NOGP-6-3-Ro	D09	Medicago sativa	5/2/25	1.105	53.04	Quarter	NOGP-6	dry	root	Fabaceae	NOGP	Medicago	Trifolieae	NOGP_001	NA	ND	no	46.80621	-100.91555	6/27/24	Sinorhizobium	Sinorhizobium_meliloti_(Rhizobium_meliloti)	99.091	99.8703	0	2778
CPER-3-1-No|nifK|consensus50|strict_single_dominant	CPER-3-1-No	D10	Melilotus officinalis	5/23/25	0	0	Quarter	CPER-3	dry	nodule	Fabaceae	CPER	Melilotus	Trifolieae	CPER_005	Weld	CO	no	NA	NA	6/17/24	Sinorhizobium	Sinorhizobium_meliloti_(Rhizobium_meliloti)	99.93	92.4773	0	2628
SCBI-2-1-No|nifK|consensus50|strict_single_dominant	SCBI-2-1-No	D02	Lespedeza cuneata	4/23/25	0	0	Quarter	SCBI-2	ethanol	nodule	Fabaceae	SCBI	Lespedeza	Desmodieae	SCBI-006	Warren	VA	no	38.897638	-78.152008	NA	Sinorhizobium	Sinorhizobium_meliloti_(Rhizobium_meliloti)	97.789	90.9209	0	2473
SCBI-2-1-Rh|nifK|consensus50|strict_single_dominant	SCBI-2-1-Rh	D02	Lespedeza cuneata	4/23/25	0	0	Quarter	SCBI-2	ethanol	rhizosphere	Fabaceae	SCBI	Lespedeza	Desmodieae	SCBI-006	Warren	VA	no	38.897638	-78.152008	NA	Sinorhizobium	Sinorhizobium_meliloti_(Rhizobium_meliloti)	96.424	92.4773	0	2405
DCFS-6-1-No|nifK|consensus50|strict_single_dominant	DCFS-6-1-No	D09	Medicago lupulina	4/23/25	0	0	Quarter	DCFS-6	dry	nodule	Fabaceae	DCFS	Medicago	Trifolieae	DCFS_065	Stutsman	ND	no	47.16085	99.11081	6/20/24	Sinorhizobium	Sinorhizobium_meliloti_(Rhizobium_meliloti)	99.286	99.9351	0	2787
NOGP-2-1-No|nifK|consensus50|strict_single_dominant	NOGP-2-1-No	D09	Medicago sativa	4/23/25	0	0	Quarter	NOGP-2	dry	nodule	Fabaceae	NOGP	Medicago	Trifolieae	NOGP_001	NA	ND	no	46.80621	-100.9157	6/27/24	Sinorhizobium	Sinorhizobium_meliloti_(Rhizobium_meliloti)	98.7	99.8054	0	2743
WOOD-8-Ro|nifK|consensus50|strict_single_dominant	WOOD-8-Ro	D09	Medicago lupulina	4/24/25	1.675	80.4	Quarter	WOOD-8	ethanol	root	Fabaceae	WOOD	Medicago	Trifolieae	BARR_027	Stutsman	ND	no	47.12819	99.23817	9/23/24	Sinorhizobium	Sinorhizobium_meliloti_(Rhizobium_meliloti)	98.876	92.2827	0	2551
NOGP-2-1-Ro|nifK|consensus50|strict_single_dominant	NOGP-2-1-Ro	D09	Medicago sativa	4/23/25	1.14	54.72	Quarter	NOGP-2	dry	root	Fabaceae	NOGP	Medicago	Trifolieae	NOGP_001	NA	ND	no	46.80621	-100.9157	6/27/24	Sinorhizobium	Sinorhizobium_meliloti_(Rhizobium_meliloti)	99.579	92.4773	0	2612
CPER-3-1-Rh|nifK|consensus50|strict_single_dominant	CPER-3-1-Rh	D10	Melilotus officinalis	5/23/25	0.093	4.464	Quarter	CPER-3	dry	rhizosphere	Fabaceae	CPER	Melilotus	Trifolieae	CPER_005	Weld	CO	no	NA	NA	6/17/24	Sinorhizobium	Sinorhizobium_meliloti_(Rhizobium_meliloti)	99.091	99.9351	0	2767
OAES-2-1-Ro|nifK|consensus50|strict_single_dominant	OAES-2-1-Ro	D11	Medicago minima	6/25/24	0.1695	8.136	Quarter	OAES-2	ethanol	root	Fabaceae	OAES	Medicago	Trifolieae	OAES_055_T	Washita	OK	no	35.41368	-99.05573	3/27/24	Sinorhizobium	Sinorhizobium_meliloti_(Rhizobium_meliloti)	98.961	99.8703	0	2767
OSBS-36-1-No|nifK|consensus50|strict_single_dominant	OSBS-36-1-No	D03	Tephrosia virginiana	2/26/25	0	0	Quarter	OSBS-36	dry	nodule	Fabaceae	OSBS	Tephrosia	Millettieae	OSBS_006	Putnam	FL	yes	NA	NA	20240611	Sinorhizobium	Sinorhizobium_meliloti_(Rhizobium_meliloti)	98.116	99.8054	0	2702
DCFS-3-2-Ro|nifK|consensus50|strict_single_dominant	DCFS-3-2-Ro	D09	Medicago lupulina	5/23/25	1.135	54.48	Quarter	DCFS-3	dry	root	Fabaceae	DCFS	Medicago	Trifolieae	DCFS_004	Stutsman	ND	no	47.17138	99.05135	6/10/24	Sinorhizobium	Sinorhizobium_meliloti_(Rhizobium_meliloti)	97.47	92.2827	0	2495
NOGP-1-1-No|nifK|consensus50|strict_single_dominant	NOGP-1-1-No	D09	Medicago lupulina	4/23/25	0	0	Quarter	NOGP-1	dry	nodule	Fabaceae	NOGP	Medicago	Trifolieae	NOGP_064	NA	ND	no	46.77084	-100.9136386	6/25/24	Sinorhizobium	Sinorhizobium_medicae_(Ensifer_medicae)	98.636	99.8703	0	2747
CPER-3-1-Ro|nifK|consensus50|strict_single_dominant	CPER-3-1-Ro	D10	Melilotus officinalis	5/23/25	1.215	58.32	Quarter	CPER-3	dry	root	Fabaceae	CPER	Melilotus	Trifolieae	CPER_005	Weld	CO	no	NA	NA	6/17/24	Sinorhizobium	Sinorhizobium_meliloti_(Rhizobium_meliloti)	98.328	96.952	0	2621
OAES-37-2-Ro|nifK|consensus50|strict_single_dominant	OAES-37-2-Ro	D11	Dalea purpurea	5/14/25	0.3255	15.624	Quarter	OAES-37	ethanol	root	Fabaceae	OAES	Dalea	Amorpheae	OAES_003_R	Washita	OK	yes	35.41178	-99.06994	8/23/24	Sinorhizobium	Sinorhizobium_meliloti_(Rhizobium_meliloti)	96.766	98.249	0	2540
SCBI-1-1-Ro|nifK|consensus50|strict_single_dominant	SCBI-1-1-Ro	D02	Lespedeza cuneata	4/23/25	0.748	35.904	Quarter	SCBI-1	ethanol	root	Fabaceae	SCBI	Lespedeza	Desmodieae	SCBI-006	Warren	VA	no	38.897638	-78.152008	6/26/24	Sinorhizobium	Sinorhizobium_meliloti_(Rhizobium_meliloti)	95.349	50.1946	0	1286
HEAL-7-1-Ro|nifK|consensus50|strict_single_dominant	HEAL-7-1-Ro	D19	Alnus viridis	4/4/25	0	0	Quarter	HEAL-7	ethanol	root	Betulaceae	HEAL	Alnus	actinorhizal	HEAL_004	Denali Borough	Alaska	yes	63.86378 N	149.27284 W	20240723	Sinorhizobium	Sinorhizobium_meliloti_(Rhizobium_meliloti)	95.203	97.3411	0	2429
NIWO-2-Rh|nifK|consensus50|strict_single_dominant	NIWO-2-Rh	D13	Dryas octopetala	5/23/25	0.266	12.768	Quarter	NIWO-2	NA	rhizosphere	Rosaceae	NIWO	Dryas	actinorhizal	NIWO_047	Boulder	CO	yes	NA	NA	8/12/24	Sinorhizobium	Sinorhizobium_meliloti_(Rhizobium_meliloti)	96.005	50.3243	0	1273
SCBI-13-1-No|nifK|consensus50|strict_single_dominant	SCBI-13-1-No	D02	Elaeagnus umbellata	4/24/25	2.45	117.6	Quarter	SCBI-13	ethanol	nodule	Elaeagnaceae	SCBI	Elaeagnus	actinorhizal	SCBI-011	Warren	VA	no	38.878901	-78.139749	7/10/24	Sinorhizobium	Sinorhizobium_meliloti_(Rhizobium_meliloti)	96	50.2594	0	1271
SERC-3-1-Ro|nifK|consensus50|strict_single_dominant	SERC-3-1-Ro	D02	Amphicarpaea bracteata	4/15/25	0.6055	29.064	Quarter	SERC-3	ethanol	root	Fabaceae	SERC	Amphicarpaea	Phaseoleae	SERC_016	Anne Arundel	MD	yes	38.899477	-76.547521	8/14/24	Sinorhizobium	Sinorhizobium_meliloti_(Rhizobium_meliloti)	94.005	95.201	0	2233
TOOL-1-Rh|nifK|consensus50|strict_single_dominant	TOOL-1-Rh	D18	Dryas integrifolia	4/24/25	0	0	Quarter	TOOL-1	ethanol	rhizosphere	Rosaceae	TOOL	Dryas	actinorhizal	TOOL_041	North Slope Borough	Alaska	yes	NA	NA	20240704	Sinorhizobium	Sinorhizobium_meliloti_(Rhizobium_meliloti)	93.725	97.1466	0	2255
WOOD-9-Rh|nifK|consensus50|strict_single_dominant	WOOD-9-Rh	D09	Medicago sativa	4/24/25	0	0	Quarter	WOOD-9	ethanol	rhizosphere	Fabaceae	WOOD	Medicago	Trifolieae	BARR_027	Stutsman	ND	no	47.12498	99.23862	9/23/24	Sinorhizobium	Sinorhizobium_meliloti_(Rhizobium_meliloti)	95.31	98.1842	0	2414
DSNY-84-2-Rh|nifK|consensus50|strict_single_dominant	DSNY-84-2-Rh	D03	Chapmannia floridana	4/4/25	0	0	Quarter	DSNY-84	dry	rhizosphere	Fabaceae	DSNY	Chapmannia	Dalbergieae	DSNY_015	Polk	Florida	yes	28.1094133	-81.4308468	20240904	Sinorhizobium	Sinorhizobium_meliloti_(Rhizobium_meliloti)	97.804	38.3917	0	1035
JERC-148-Rh|nifK|consensus50|strict_single_dominant	JERC-148-Rh	D03	Lespedeza virginica	5/14/25	0	0	Quarter	JERC-148	dry	rhizosphere	Fabaceae	JERC	Lespedeza	Desmodieae	JERC_062	NA	Unknown	yes	NA	NA	20240924	Sinorhizobium	Sinorhizobium_meliloti_(Rhizobium_meliloti)	92.208	54.9287	0	1253
SCBI-4-1-Rh|nifK|consensus50|strict_single_dominant	SCBI-4-1-Rh	D02	Amphicarpaea bracteata	4/23/25	0	0	Quarter	SCBI-4	ethanol	rhizosphere	Fabaceae	SCBI	Amphicarpaea	Phaseoleae	SCBI-047	Warren	VA	yes	38.894252	-78.137193	6/26/24	Sinorhizobium	Sinorhizobium_meliloti_(Rhizobium_meliloti)	93.515	95.0065	0	2235
JERC-102-1-Ro|nifK|consensus50|strict_single_dominant	JERC-102-1-Ro	D03	Ceanothus americanus	5/14/25	0.335	16.08	Quarter	JERC-102	dry	root	Rhamnaceae	JERC	Ceanothus	actinorhizal	JERC_019	Baker County	Georgia	yes	NA	NA	20240626	Sinorhizobium	Sinorhizobium_meliloti_(Rhizobium_meliloti)	93.302	96.8223	0	2217
NIWO-2-No|nifK|consensus50|strict_single_dominant	NIWO-2-No	D13	Dryas octopetala	5/23/25	0	0	Quarter	NIWO-2	NA	nodule	Rosaceae	NIWO	Dryas	actinorhizal	NIWO_047	Boulder	CO	yes	NA	NA	8/12/24	Sinorhizobium	Sinorhizobium_meliloti_(Rhizobium_meliloti)	90.035	55.3178	0	1103
TEAK-2-1-Rh|nifK|consensus50|strict_single_dominant	TEAK-2-1-Rh	D17	Trifolium sp.	4/15/25	23	1104	Half	TEAK-2	dry	rhizosphere	Fabaceae	TEAK	Trifolium	Trifolieae	NA	Fresno	CA	0	37.006573	-119.006907	#N/A	Sinorhizobium	Sinorhizobium_meliloti_(Rhizobium_meliloti)	91.129	96.4981	0	2074
DEJU-63-No|nifK|consensus50|strict_single_dominant	DEJU-63-No	D19	Lupinus arcticus	4/15/25	11.1	532.8	Half	DEJU-63	ethanol	nodule	Fabaceae	DEJU	Lupinus	Genisteae	DEJU_045	NA	Unknown	yes	NA	NA	NA	Sinorhizobium	Sinorhizobium_meliloti_(Rhizobium_meliloti)	95.491	48.8975	0	1251
OAES-36-3-Ro|nifK|consensus50|strict_single_dominant	OAES-36-3-Ro	D11	Melilotus officinalis	5/14/25	0	0	Quarter	OAES-36	ethanol	root	Fabaceae	OAES	Melilotus	Trifolieae	OAES_011_R	Washita	OK	no	35.40049	-99.06592	8/21/24	Sinorhizobium	Sinorhizobium_meliloti_(Rhizobium_meliloti)	92.909	80.4799	0	1834
JERC-148-Ro|nifK|consensus50|strict_single_dominant	JERC-148-Ro	D03	Lespedeza virginica	5/14/25	0.7835	37.608	Quarter	JERC-148	dry	root	Fabaceae	JERC	Lespedeza	Desmodieae	JERC_062	NA	Unknown	yes	NA	NA	20240924	Sinorhizobium	Sinorhizobium_meliloti_(Rhizobium_meliloti)	94.239	91.1803	0	2235
DSNY-87-1-No|nifK|consensus50|strict_single_dominant	DSNY-87-1-No	D03	Tephrosia mysteriosa	4/4/25	0	0	Quarter	DSNY-87	dry	nodule	Fabaceae	DSNY	Tephrosia	Millettieae	DSNY_015	Polk	Florida	yes	28.1094133	-81.4308468	20240904	Sinorhizobium	Sinorhizobium_meliloti_(Rhizobium_meliloti)	95.736	50.1946	0	1258
JERC-143-No|nifK|consensus50|strict_single_dominant	JERC-143-No	D03	Desmodium viridiflorum	5/14/25	0.6625	31.8	Quarter	JERC-143	dry	nodule	Fabaceae	JERC	Desmodium	Desmodieae	JERC_010	Baker County	Georgia	yes	NA	NA	20240821	Sinorhizobium	Sinorhizobium_meliloti_(Rhizobium_meliloti)	91.021	52.7237	0	1110
OSBS-109-4-No|nifK|consensus50|strict_single_dominant	OSBS-109-4-No	D03	Crotalaria spectabilis	4/15/25	7.87	377.76	Half	OSBS-109	dry	nodule	Fabaceae	OSBS	Crotalaria	Crotalarieae	OSBS_017	Putnam	Fl	no	29.704875	-81.990736	20241028	Sinorhizobium	Sinorhizobium_meliloti_(Rhizobium_meliloti)	94.504	90.856	0	2220
OSBS-107-No|nifK|consensus50|strict_single_dominant	OSBS-107-No	D03	Desmodium obtusum	4/15/25	0.168	8.064	Quarter	OSBS-107	dry	nodule	Fabaceae	OSBS	Desmodium	Desmodieae	OSBS_070	Putnam	Fl	yes	NA	NA	20241008	Sinorhizobium	Sinorhizobium_meliloti_(Rhizobium_meliloti)	92.626	92.3476	0	2121
OSBS-107-Ro|nifK|consensus50|strict_single_dominant	OSBS-107-Ro	D03	Desmodium obtusum	4/15/25	0.9225	44.28	Quarter	OSBS-107	dry	root	Fabaceae	OSBS	Desmodium	Desmodieae	OSBS_070	Putnam	Fl	yes	NA	NA	20241008	Sinorhizobium	Sinorhizobium_meliloti_(Rhizobium_meliloti)	93.994	46.4332	0	1131
JERC-129-4-No|nifK|consensus50|strict_single_dominant	JERC-129-4-No	D03	Desmodium strictum	4/8/25	0	0	Quarter	JERC-129	dry	nodule	Fabaceae	JERC	Desmodium	Desmodieae	JERC_048	Baker County	Georgia	yes	NA	NA	20240807	Sinorhizobium	Sinorhizobium_meliloti_(Rhizobium_meliloti)	96.253	50.1946	0	1282
OSBS-97-2-Rh|nifK|consensus50|strict_single_dominant	OSBS-97-2-Rh	D03	Mimosa quadrivalvus	5/14/25	0	0	Quarter	OSBS-97	dry	rhizosphere	Fabaceae	OSBS	Mimosa	Mimosoideae	OSBS_007	Putman	Fl	yes	NA	NA	20240918	Sinorhizobium	Sinorhizobium_meliloti_(Rhizobium_meliloti)	95.174	91.3748	0	2250
TEAK-3-1-Rh|nifK|consensus50|strict_single_dominant	TEAK-3-1-Rh	D17	Acmispon americanus	4/15/25	14.85	712.8	Half	TEAK-3	dry	rhizosphere	Fabaceae	TEAK	Acmispon	Loteae	NA	Fresno	CA	yes	37.009052	-119.008213	#N/A	Sinorhizobium	Sinorhizobium_meliloti_(Rhizobium_meliloti)	93.254	49.0272	0	1122
DSNY-13-1-No|nifK|consensus50|strict_single_dominant	DSNY-13-1-No	D03	Crotalaria pallida var. obovata	8/19/24	2.755	132.24	Quarter	DSNY-CRPA-13	dry	nodule	Fabaceae	DSNY	Crotalaria	Crotalarieae	DSNY_044	Osceola	Florida	yes	28.12693243	-81.43561487	20240320	Sinorhizobium	Sinorhizobium_meliloti_(Rhizobium_meliloti)	92.732	55.3178	0	1242
DSNY-92-1-Rh|nifK|consensus50|strict_single_dominant	DSNY-92-1-Rh	D03	Crotalaria spectabilis	4/4/25	0.0625	3	Quarter	DSNY-92	dry	rhizosphere	Fabaceae	DSNY	Crotalaria	Crotalarieae	OSBS_031	Putnam	Florida	no	NA	NA	20240827	Sinorhizobium	Sinorhizobium_meliloti_(Rhizobium_meliloti)	94.712	55.1881	0	1354
JERC-149-Ro|nifK|consensus50|strict_single_dominant	JERC-149-Ro	D03	Desmodium ciliare	5/14/25	0.148	7.104	Quarter	JERC-149	dry	root	Fabaceae	JERC	Desmodium	Desmodieae	JERC_062	NA	Unknown	yes	NA	NA	20240924	Sinorhizobium	Sinorhizobium_meliloti_(Rhizobium_meliloti)	93.239	95.9144	0	2235
DCFS-6-1-Rh|nifK|consensus50|strict_single_dominant	DCFS-6-1-Rh	D09	Medicago lupulina	4/23/25	0	0	Quarter	DCFS-6	dry	rhizosphere	Fabaceae	DCFS	Medicago	Trifolieae	DCFS_065	Stutsman	ND	no	47.16085	99.11081	6/20/24	Sinorhizobium	Sinorhizobium_meliloti_(Rhizobium_meliloti)	91.395	55.7717	0	1192
DSNY-85-1-No|nifK|consensus50|strict_single_dominant	DSNY-85-1-No	D03	Desmodium triflorum	4/4/25	0.054	2.592	Quarter	DSNY-85	dry	nodule	Fabaceae	DSNY	Desmodium	Desmodieae	DSNY_015	Polk	Florida	yes	28.1094133	-81.4308468	20240904	Sinorhizobium	Sinorhizobium_meliloti_(Rhizobium_meliloti)	91.551	51.4267	0	1153
CLBJ-15-1-Ro|nifK|consensus50|strict_single_dominant	CLBJ-15-1-Ro	D11	Lespedeza procumbens	6/19/24	0	0	Quarter	CLBJ-15	dry	root	Fabaceae	CLBJ	Lespedeza	Desmodieae	CLBJ_002_T	Wise	TX	yes	33.40398	-97.57114	5/8/24	Sinorhizobium	Sinorhizobium_meliloti_(Rhizobium_meliloti)	91.93	92.4125	0	2004
ORNL-5-1-Rh|nifK|consensus50|strict_single_dominant	ORNL-5-1-Rh	D07	Elaeagnus umbellata	2/17/25	5.125	246	Quarter	ORNL-5	dry	rhizosphere	Elaeagnaceae	ORNL	Elaeagnus	actinorhizal	ORNL_021	Anderson	TN	no	35.955556	-84.221111	5/15/24	Sinorhizobium	Sinorhizobium_meliloti_(Rhizobium_meliloti)	90.957	98.249	0	2095
OAES-15-Rh|nifK|consensus50|strict_single_dominant	OAES-15-Rh	D11	Astragalus crassicarpus var. crassicarpus	8/19/24	0.133	6.384	Quarter	OAES-15	ethanol	rhizosphere	Fabaceae	OAES	Astragalus	Galegeae	OAES_021_R	Washita	OK	yes	35.41182	-99.07327	4/11/24	Sinorhizobium	Sinorhizobium_meliloti_(Rhizobium_meliloti)	91.415	96.6926	0	2085
YELL-7-1-Rh|nifK|consensus50|strict_single_dominant	YELL-7-1-Rh	D12	Astragalus sp.	4/4/25	0.679	32.592	Quarter	YELL-7	ethanol	rhizosphere	Fabaceae	YELL	Astragalus	Galegeae	YELL_016	Park County	WY	yes	NA	NA	7/11/24	Sinorhizobium	Sinorhizobium_meliloti_(Rhizobium_meliloti)	90.487	57.2633	0	1201
KONZ-1-Rh|nifK|consensus50|strict_single_dominant	KONZ-1-Rh	D06	Lespedeza capitata	8/29/24	1.52	72.96	Quarter	KONZ-1	dry	rhizosphere	Fabaceae	KONZ	Lespedeza	Desmodieae	KONZ_046	Riley	KS	yes	39.103	-96.56374	20240703	Sinorhizobium	Sinorhizobium_meliloti_(Rhizobium_meliloti)	93.108	94.0986	0	2139
DCFS-1-2-Rh|nifK|consensus50|strict_single_dominant	DCFS-1-2-Rh	D09	Astragalus flexuosus	5/23/25	0	0	Quarter	DCFS-1	dry	rhizosphere	Fabaceae	DCFS	Astragalus	Galegeae	DCFS_006	Stutsman	ND	yes	47.17336	99.05106	6/6/24	Sinorhizobium	Sinorhizobium_meliloti_(Rhizobium_meliloti)	90.47	48.3139	0	1042
DEJU-55-Rh|nifK|consensus50|strict_single_dominant	DEJU-55-Rh	D19	Alnus viridis	5/23/25	0	0	Quarter	DEJU-55	ethanol	rhizosphere	Betulaceae	DEJU	Alnus	actinorhizal	DEJU_045	NA	Unknown	yes	NA	NA	NA	Sinorhizobium	Sinorhizobium_meliloti_(Rhizobium_meliloti)	88.423	91.31	0	1757
JERC-141-Rh|nifK|consensus50|strict_single_dominant	JERC-141-Rh	D03	Clitoria mariana	5/14/25	0	0	Quarter	JERC-141	dry	rhizosphere	Fabaceae	JERC	Clitoria	Phaseoleae	JERC_010	Baker County	Georgia	yes	NA	NA	20240821	Sinorhizobium	Sinorhizobium_meliloti_(Rhizobium_meliloti)	90.26	59.9222	0	1266
RMNP-3-Rh|nifK|consensus50|strict_single_dominant	RMNP-3-Rh	D10	Oxytropis multiceps	4/24/25	0	0	Quarter	RMNP-3	dry	rhizosphere	Fabaceae	RMNP	Oxytropis	Galegeae	RMNP_016	Boulder	CO	yes	NA	NA	6/11/24	Sinorhizobium	Sinorhizobium_meliloti_(Rhizobium_meliloti)	91.153	89.4293	0	1929
RMNP-4-No|nifK|consensus50|strict_single_dominant	RMNP-4-No	D10	Oxytropis multiceps	4/24/25	0	0	Quarter	RMNP-4	dry	nodule	Fabaceae	RMNP	Oxytropis	Galegeae	RMNP_016	Boulder	CO	yes	NA	NA	6/2/24	Sinorhizobium	Sinorhizobium_meliloti_(Rhizobium_meliloti)	89.782	38.716	0	763
CLBJ-1-1-Rh|nifK|consensus50|strict_single_dominant	CLBJ-1-1-Rh	D11	Vicia sativa	7/9/24	1.255	60.24	Quarter	CLBJ-1	dry	rhizosphere	Fabaceae	CLBJ	Vicia	Fabeae	CLBJ_001_T	Wise	TX	no	33.23888	-97.34109	3/20/24	Sinorhizobium	Sinorhizobium_meliloti_(Rhizobium_meliloti)	89.747	97.406	0	1995
CLBJ-15-1-Rh|nifK|consensus50|strict_single_dominant	CLBJ-15-1-Rh	D11	Lespedeza procumbens	6/19/24	0	0	Quarter	CLBJ-15	dry	rhizosphere	Fabaceae	CLBJ	Lespedeza	Desmodieae	CLBJ_002_T	Wise	TX	yes	33.40398	-97.57114	5/8/24	Rhizobium	Rhizobium_sp._T1470	89.319	48.5733	0	941
OAES-1-1-No|nifK|consensus50|strict_single_dominant	OAES-1-1-No	D11	Astragalus distortus	6/25/24	0.0895	4.296	Quarter	OAES-1	ethanol	nodule	Fabaceae	OAES	Astragalus	Galegeae	OAES_055_T	Washita	OK	yes	35.41368	-99.05573	3/27/24	Rhizobium	Rhizobium_sp._T1470	89.112	100.0649	0	1930
OAES-7-1-Rh|nifK|consensus50|strict_single_dominant	OAES-7-1-Rh	D11	Astragalus nuttallianus var. nuttallianus	6/25/24	0	0	Quarter	OAES-7	ethanol	rhizosphere	Fabaceae	OAES	Astragalus	Galegeae	OAES_043_T	Washita	OK	yes	35.40511	-99.05857	4/2/24	Sinorhizobium	Sinorhizobium_meliloti_(Rhizobium_meliloti)	86.762	99.9351	0	1727
OAES-25-1-No|nifK|consensus50|strict_single_dominant	OAES-25-1-No	D11	Astragalus nuttallianus var. nuttallianus	6/4/24	0	0	Quarter	OAES-25	ethanol	nodule	Fabaceae	OAES	Astragalus	Galegeae	OAES_007_R	Washita	OK	yes	35.419991	-99.0567264	4/17/24	Rhizobium	Rhizobium_sp._T1470	89.112	100.0649	0	1930
OAES-7-1-No|nifK|consensus50|strict_single_dominant	OAES-7-1-No	D11	Astragalus nuttallianus var. nuttallianus	6/25/24	3.24	155.52	Quarter	OAES-7	ethanol	nodule	Fabaceae	OAES	Astragalus	Galegeae	OAES_043_T	Washita	OK	yes	35.40511	-99.05857	4/2/24	Rhizobium	Rhizobium_sp._T1470	89.112	100.0649	0	1930
OAES-7-1-Ro|nifK|consensus50|strict_single_dominant	OAES-7-1-Ro	D11	Astragalus nuttallianus var. nuttallianus	6/25/24	2.01	96.48	Quarter	OAES-7	ethanol	root	Fabaceae	OAES	Astragalus	Galegeae	OAES_043_T	Washita	OK	yes	35.40511	-99.05857	4/2/24	Rhizobium	Rhizobium_sp._T1470	89.112	100.0649	0	1930
OAES-4-1-No|nifK|consensus50|strict_single_dominant	OAES-4-1-No	D11	Astragalus nuttallianus var. nuttallianus	6/25/24	0	0	Quarter	OAES-4	ethanol	nodule	Fabaceae	OAES	Astragalus	Galegeae	OAES_042_T	Washita	OK	yes	35.40889	-99.05649	4/2/24	Sinorhizobium	Sinorhizobium_meliloti_(Rhizobium_meliloti)	86.697	99.9351	0	1722
OAES-4-1-Ro|nifK|consensus50|strict_single_dominant	OAES-4-1-Ro	D11	Astragalus nuttallianus var. nuttallianus	6/25/24	0.4035	19.368	Quarter	OAES-4	ethanol	root	Fabaceae	OAES	Astragalus	Galegeae	OAES_042_T	Washita	OK	yes	35.40889	-99.05649	4/2/24	Sinorhizobium	Sinorhizobium_meliloti_(Rhizobium_meliloti)	86.753	99.8703	0	1725
OAES-16-1-No|nifK|consensus50|strict_single_dominant	OAES-16-1-No	D11	Astragalus distortus	8/14/24	12.9	619.2	Half	OAES-16	ethanol	nodule	Fabaceae	OAES	Astragalus	Galegeae	OAES_003_R	Washita	OK	yes	35.41214	-99.06981	4/11/24	Rhizobium	Rhizobium_sp._T1470	88.658	100.0649	0	1901
OAES-16-1-Rh|nifK|consensus50|strict_single_dominant	OAES-16-1-Rh	D11	Astragalus distortus	8/14/24	0.082	3.936	Quarter	OAES-16	ethanol	rhizosphere	Fabaceae	OAES	Astragalus	Galegeae	OAES_003_R	Washita	OK	yes	35.41214	-99.06981	4/11/24	Rhizobium	Rhizobium_sp._T1470	88.903	99.9351	0	1910
OSBS-68-1-Rh|nifK|consensus50|strict_single_dominant	OSBS-68-1-Rh	D03	Crotalaria rotundifolia	2/26/25	0	0	Quarter	OSBS-68	dry	rhizosphere	Fabaceae	OSBS	Crotalaria	Crotalarieae	OSBS_008	Putnam	FL	yes	NA	NA	20240723	Rhizobium	Rhizobium_sp._T1470	89.356	46.3035	0	898
CLBJ-48-1-No|nifK|consensus50|strict_single_dominant	CLBJ-48-1-No	D11	Indigofera miniata	2/19/25	0.057	2.736	Quarter	CLBJ-48	dry	nodule	Fabaceae	CLBJ	Indigofera	Indigofereae	CLBJ_034	Wise	TX	yes	33.23641	-97.3407	9/4/24	Rhizobium	Rhizobium_sp._T1470	87.621	53.4371	0	968
JERC-170-No|nifK|consensus50|strict_single_dominant	JERC-170-No	D03	Desmodium obtusum	2/27/25	0.299	14.352	Quarter	JERC-170	dry	nodule	Fabaceae	JERC	Desmodium	Desmodieae	JERC_019	Baker County	Georgia	yes	NA	NA	20241003	Rhizobium	Rhizobium_sp._T1470	87.535	46.3035	0	841
JERC-168-Ro|nifK|consensus50|strict_single_dominant	JERC-168-Ro	D03	Tephrosia spicata	2/26/25	0.0655	3.144	Quarter	JERC-168	dry	root	Fabaceae	JERC	Tephrosia	Millettieae	JERC_019	Baker County	Georgia	yes	NA	NA	20241003	Rhizobium	Rhizobium_sp._T1470	87.944	41.9585	0	776
JERC-175-1-Rh|nifK|consensus50|strict_single_dominant	JERC-175-1-Rh	D03	Desmodium ciliare	2/26/25	0	0	Quarter	JERC-175	dry	rhizosphere	Fabaceae	JERC	Desmodium	Desmodieae	JERC_050	Baker County	Georgia	yes	NA	NA	20241018	Rhizobium	Rhizobium_sp._T1470	87.456	54.799	0	989
JERC-45-5-Ro|nifK|consensus50|strict_single_dominant	JERC-45-5-Ro	D03	Stylosanthes biflora	12/4/24	0.3935	18.888	Quarter	JERC-45	dry	root	Fabaceae	JERC	Stylosanthes	Dalbergieae	JERC_005	Baker County	Georgia	yes	NA	NA	20240604	Rhizobium	Rhizobium_sp._T1470	88.45	44.358	0	826
CLBJ-25-2-Ro|nifK|consensus50|strict_single_dominant	CLBJ-25-2-Ro	D11	Dalea tenuis	9/18/24	0	0	Quarter	CLBJ-25	ethanol	root	Fabaceae	CLBJ	Dalea	Amorpheae	CLBJ_035_R	Wise	TX	yes	33.32974	-97.5792	6/4/24	Sinorhizobium	Sinorhizobium_prairiense	84.302	63.6187	0	1038
JERC-GAVO-33-1-Rh|nifK|consensus50|strict_single_dominant	JERC-GAVO-33-1-Rh	D03	Galactia volubilis	12/4/24	0	0	Quarter	JERC-33	dry	rhizosphere	Fabaceae	JERC	Galactia	Diocleae	JERC_007	Baker County	Georgia	yes	NA	NA	20240603	Mesorhizobium	Mesorhizobium_sp._AaZ16	89.504	56.2257	0	1094
JERC-RHTO-58-1-Rh|nifK|consensus50|strict_single_dominant	JERC-RHTO-58-1-Rh	D03	Rhynchosia tomentosa	12/4/24	0	0	Quarter	JERC-58	dry	rhizosphere	Fabaceae	JERC	Rhynchosia	Phaseoleae	JERC_050	Baker County	Georgia	yes	NA	NA	20240618	Mesorhizobium	Mesorhizobium_sp._WSM2240	87.705	39.559	0	712
CLBJ-19-1-Rh|nifK|consensus50|strict_single_dominant	CLBJ-19-1-Rh	D11	Stylosanthes biflora	6/20/24	0.0985	4.728	Quarter	CLBJ-19	dry	rhizosphere	Fabaceae	CLBJ	Stylosanthes	Dalbergieae	CLBJ_003_T	Wise	TX	yes	33.403989	-97.572744	5/8/24	Sinorhizobium	Sinorhizobium_meliloti_(Rhizobium_meliloti)	90.579	57.1336	0	1168
OAES-4-1-Rh|nifK|consensus50|strict_single_dominant	OAES-4-1-Rh	D11	Astragalus nuttallianus var. nuttallianus	6/25/24	0	0	Quarter	OAES-4	ethanol	rhizosphere	Fabaceae	OAES	Astragalus	Galegeae	OAES_042_T	Washita	OK	yes	35.40889	-99.05649	4/2/24	Sinorhizobium	Sinorhizobium_meliloti_(Rhizobium_meliloti)	91.984	97.0817	0	2113
OAES-2-1-Rh|nifK|consensus50|strict_single_dominant	OAES-2-1-Rh	D11	Medicago minima	6/25/24	0	0	Quarter	OAES-2	ethanol	rhizosphere	Fabaceae	OAES	Medicago	Trifolieae	OAES_055_T	Washita	OK	no	35.41368	-99.05573	3/27/24	Sinorhizobium	Sinorhizobium_meliloti_(Rhizobium_meliloti)	91.683	99.8054	0	2146
JERC-150-Rh|nifK|consensus50|strict_single_dominant	JERC-150-Rh	D03	Desmodium obtusum?	5/14/25	0	0	Quarter	JERC-150	dry	rhizosphere	Fabaceae	JERC	Desmodium	Desmodieae	JERC_062	NA	Unknown	yes	NA	NA	20240924	Mesorhizobium	Mesorhizobium_sp._WSM2240	86.296	95.5901	0	1628
DSNY-3-1-Rh|nifK|consensus50|strict_single_dominant	DSNY-3-1-Rh	D03	Lupinus floridanus	8/19/24	0.054	2.592	Quarter	DSNY-3	dry	rhizosphere	Fabaceae	DSNY	Lupinus	Genisteae	DSNY_006	Osceola	Florida	yes	28.09298025	-81.39932663	20240312	Sinorhizobium	Sinorhizobium_meliloti_(Rhizobium_meliloti)	88.214	90.7912	0	1692
DSNY-7-1-No|nifK|consensus50|strict_single_dominant	DSNY-7-1-No	D03	Morella pumila	8/14/24	3.285	157.68	Quarter	DSNY-MOPU-7	dry	nodule	Myricaceae	DSNY	Morella	actinorhizal	DSNY_004	Osceola	Florida	yes	28.09974869	-81.39996247	20240319	Sinorhizobium	Sinorhizobium_meliloti_(Rhizobium_meliloti)	88.889	50.1946	0	989
JERC-98-2-No|nifK|consensus50|strict_single_dominant	JERC-98-2-No	D03	Lespedeza cuneata	2/24/25	4.21	202.08	Quarter	JERC-98	dry	nodule	Fabaceae	JERC	Lespedeza	Desmodieae	JERC_034	Baker County	Georgia	no	31.26611111	-84.59333333	20240625	Sinorhizobium	Sinorhizobium_meliloti_(Rhizobium_meliloti)	91.165	34.5006	0	723
JERC-189-1-Rh|nifK|consensus50|strict_single_dominant	JERC-189-1-Rh	D03	Lespedeza hirta	2/26/25	0	0	Quarter	JERC-189	dry	rhizosphere	Fabaceae	JERC	Lespedeza	Desmodieae	JERC_048	Baker County	Georgia	yes	NA	NA	20241028	Mesorhizobium	Mesorhizobium_sp._WSM2240	89.338	57.7821	0	1133
TOOL-17-Ro|nifK|consensus50|strict_single_dominant	TOOL-17-Ro	D18	Dryas integrifolia	5/14/25	0.303	14.544	Quarter	TOOL-17	ethanol	root	Rosaceae	TOOL	Dryas	actinorhizal	TOOL_002	North Slope Borough	Alaska	yes	68.63136	-149.34375	20240709	Sinorhizobium	Sinorhizobium_meliloti_(Rhizobium_meliloti)	90.636	94.8768	0	2004
JERC-140-Rh|nifK|consensus50|strict_single_dominant	JERC-140-Rh	D03	Lespedeza bicolor	5/14/25	0	0	Quarter	JERC-140	dry	rhizosphere	Fabaceae	JERC	Lespedeza	Desmodieae	JERC_031	Baker County	Georgia	no	NA	NA	20240821	Sinorhizobium	Sinorhizobium_meliloti_(Rhizobium_meliloti)	90.547	39.1051	0	806
JERC-197-1-Rh|nifK|consensus50|strict_single_dominant	JERC-197-1-Rh	D03	Tephrosia floridanum	2/26/25	0.0615	2.952	Quarter	JERC-197	NA	rhizosphere	Fabaceae	JERC	Tephrosia	Millettieae	JERC_004	Baker County	Georgia	yes	31.1903745	-84.4660419	20241029	Sinorhizobium	Sinorhizobium_meliloti_(Rhizobium_meliloti)	89.698	51.6213	0	1027
RMNP-4-Rh|nifK|consensus50|strict_single_dominant	RMNP-4-Rh	D10	Oxytropis multiceps	4/24/25	0	0	Quarter	RMNP-4	dry	rhizosphere	Fabaceae	RMNP	Oxytropis	Galegeae	RMNP_016	Boulder	CO	yes	NA	NA	6/2/24	Sinorhizobium	Sinorhizobium_meliloti_(Rhizobium_meliloti)	90.406	97.3411	0	1989
OAES-27-2-Rh|nifK|consensus50|strict_single_dominant	OAES-27-2-Rh	D11	Oxytropis lambertii	6/10/24	0	0	Quarter	OAES-27	ethanol	rhizosphere	Fabaceae	OAES	Oxytropis	Galegeae	OAES_006_R	Washita	OK	yes	35.420259	-99.048669	4/17/24	Sinorhizobium	Sinorhizobium_meliloti_(Rhizobium_meliloti)	87.416	96.887200000000007	0	1731
OSBS-5-5-Rh|nifK|consensus50|strict_single_dominant	OSBS-5-5-Rh	D03	Morella cerifera	8/14/24	3.29	157.92	Quarter	OSBS-MOCE-5	dry	rhizosphere	Myricaceae	OSBS	Morella	actinorhizal	OSBS_016	Putnam	FL	yes	NA	NA	20240424	Sinorhizobium	Sinorhizobium_meliloti_(Rhizobium_meliloti)	89.602	58.6252	0	1160
DSNY-17-3-No|nifK|consensus50|strict_single_dominant	DSNY-17-3-No	D03	Crotalaria maritima	8/19/24	0.059	2.832	Quarter	DSNY-CRMA-17	dry	nodule	Fabaceae	DSNY	Crotalaria	Crotalarieae	DSNY_041	Osceola	Florida	yes	NA	NA	20240401	Mesorhizobium	Mesorhizobium_sp._WSM2240	87.28	99.4163	0	1775
DSNY-5-1-Rh|nifK|consensus50|strict_single_dominant	DSNY-5-1-Rh	D03	Crotalaria maritima	8/14/24	0.066	3.168	Quarter	DSNY-CRMA-5	dry	rhizosphere	Fabaceae	DSNY	Crotalaria	Crotalarieae	DSNY_006	Osceola	Florida	yes	28.09298025 N, -81.39932663 W. WGS84.	NA	20240312	Sinorhizobium	Sinorhizobium_meliloti_(Rhizobium_meliloti)	88.692	98.6381	0	1869
OAES-20-Rh|nifK|consensus50|strict_single_dominant	OAES-20-Rh	D11	Dalea enneandra	6/4/24	0	0	Quarter	OAES-20	ethanol	rhizosphere	Fabaceae	OAES	Dalea	Amorpheae	OAES_012_R	Washita	OK	yes	35.402943	-99.064829	4/16/24	Sinorhizobium	Sinorhizobium_meliloti_(Rhizobium_meliloti)	90.746	97.406	0	2004
JERC-148-No|nifK|consensus50|strict_single_dominant	JERC-148-No	D03	Lespedeza virginica	5/14/25	0	0	Quarter	JERC-148	dry	nodule	Fabaceae	JERC	Lespedeza	Desmodieae	JERC_062	NA	Unknown	yes	NA	NA	20240924	Sinorhizobium	Sinorhizobium_meliloti_(Rhizobium_meliloti)	94.128	38.6511	0	907
OSBS-38-2-Ro|nifK|consensus50|strict_single_dominant	OSBS-38-2-Ro	D03	Pediomelum canescens	2/26/25	0	0	Quarter	OSBS-38	dry	root	Fabaceae	OSBS	Pediomelum	Psoraleeae	OSBS_029	Putnam	FL	yes	NA	NA	20240617	Mesorhizobium	Mesorhizobium_sp._WSM2240	89.414	57.5875	0	1133
JERC-199-No|nifK|consensus50|strict_single_dominant	JERC-199-No	D03	Indigofera hirsuta	4/24/25	0	0	Quarter	JERC-199	dry	nodule	Fabaceae	JERC	Indigofera	Indigofereae	JERC_004	Baker County	Georgia	no	NA	NA	20241029	Mesorhizobium	Mesorhizobium_sp._WSM2240	83.727	52.2049	0	817
SCBI-12-1-Ro|nifK|consensus50|strict_single_dominant	SCBI-12-1-Ro	D02	Amphicarpaea bracteata	4/24/25	0.061	2.928	Quarter	SCBI-12	ethanol	root	Fabaceae	SCBI	Amphicarpaea	Phaseoleae	SCBI-011	Warren	VA	yes	38.878901	-78.139749	7/10/24	Sinorhizobium	Sinorhizobium_meliloti_(Rhizobium_meliloti)	88.903	50.2594	0	968
JERC-154-Rh|nifK|consensus50|strict_single_dominant	JERC-154-Rh	D03	Clitoria mariana	2/27/25	0	0	Quarter	JERC-154	dry	rhizosphere	Fabaceae	JERC	Clitoria	Phaseoleae	JERC_015	Baker County	Georgia	yes	NA	NA	20241002	Mesorhizobium	Mesorhizobium_sp._WSM2240	85.169	57.7173	0	948
BONA-4-Rh|nifK|consensus50|strict_single_dominant	BONA-4-Rh	D19	Alnus viridis	3/3/25	0	0	Quarter	BONA-4	ethanol	rhizosphere	Betulaceae	BONA	Alnus	actinorhizal	BONA_072	NA	Alaska	yes	NA	NA	20240829	Rhizobium	Rhizobium_azibense	86.797	56.4851	0	1044
CLBJ-24-No|nifK|consensus50|strict_single_dominant	CLBJ-24-No	D11	Chamaecrista fasciculata	9/18/24	35.4	1699.2	Half	CLBJ-24	ethanol	nodule	Fabaceae	CLBJ	Chamaecrista	Cassieae	CLBJ_035_R	Wise	TX	yes	33.32974	-97.5792	6/4/24	Rhizobium	Rhizobium_azibense	93.773	35.4086	0	821
KONZ-5-1-No|nifK|consensus50|strict_single_dominant	KONZ-5-1-No	D06	Desmodium perplexum	9/18/24	4.385	210.48	Half	KONZ-5	dry	nodule	Fabaceae	KONZ	Desmodium	Desmodieae	KONZ_024	Riley	KS	yes	39.11098	-96.55236	20240710	Rhizobium	Rhizobium_azibense	91.192	37.5486	0	809
KONZ-7-1-No|nifK|consensus50|strict_single_dominant	KONZ-7-1-No	D06	Lespedeza capitata	9/18/24	7.945	381.36	Half	KONZ-7	dry	nodule	Fabaceae	KONZ	Lespedeza	Desmodieae	KONZ_002	Riley	KS	yes	39.11965	-96.54588	20240711	Rhizobium	Rhizobium_azibense	93.929	36.3165	0	845
HARV-1-1-No|nifK|consensus50|strict_single_dominant	HARV-1-1-No	D01	Comptonia peregrina	9/25/24	5.565	267.12	Half	HARV-1	dry	nodule	Myricaceae	HARV	Comptonia	actinorhizal	HARV_004	Worcester	MA	yes	42.42709	-72.22974	5/2/24	Rhizobium	Rhizobium_azibense	94.737	36.965	0	887
CLBJ-2-No|nifK|consensus50|strict_single_dominant	CLBJ-2-No	D11	Dalea compacta	7/9/24	0	0	Quarter	CLBJ-2	dry	nodule	Fabaceae	CLBJ	Dalea	Amorpheae	CLBJ_001_T	Wise	TX	yes	33.23888	-97.34109	3/20/24	Rhizobium	Rhizobium_azibense	93.121	99.9351	0	2333
DCFS-1-2-No|nifK|consensus50|strict_single_dominant	DCFS-1-2-No	D09	Astragalus flexuosus	5/23/25	0	0	Quarter	DCFS-1	dry	nodule	Fabaceae	DCFS	Astragalus	Galegeae	DCFS_006	Stutsman	ND	yes	47.17336	99.05106	6/6/24	Rhizobium	Rhizobium_azibense	92.17	57.9767	0	1269
KONZ-6-1-No|nifK|consensus50|strict_single_dominant	KONZ-6-1-No	D06	Dalea purpurea	9/18/24	0.4235	20.328	Quarter	KONZ-6	dry	nodule	Fabaceae	KONZ	Dalea	Amorpheae	KONZ_042	Riley	KS	yes	39.09968	-96.56423	20240710	Rhizobium	Rhizobium_azibense	94.87	99.8703	0	2436
KONZ-12-1-No|nifK|consensus50|strict_single_dominant	KONZ-12-1-No	D06	Dalea candida	9/25/24	5.4	259.2	Half	KONZ-12	dry	nodule	Fabaceae	KONZ	Dalea	Amorpheae	KONZ_001	Riley	KS	yes	39.07516	-96.55599	20240711	Rhizobium	Rhizobium_azibense	96.171	99.9351	0	2527
KONZ-5-1-Ro|nifK|consensus50|strict_single_dominant	KONZ-5-1-Ro	D06	Desmodium perplexum	9/18/24	0.2255	10.824	Quarter	KONZ-5	dry	root	Fabaceae	KONZ	Desmodium	Desmodieae	KONZ_024	Riley	KS	yes	39.11098	-96.55236	20240710	Rhizobium	Rhizobium_azibense	87.841	57.0687	0	1147
KONZ-6-1-Rh|nifK|consensus50|strict_single_dominant	KONZ-6-1-Rh	D06	Dalea purpurea	9/18/24	0	0	Quarter	KONZ-6	dry	rhizosphere	Fabaceae	KONZ	Dalea	Amorpheae	KONZ_042	Riley	KS	yes	39.09968	-96.56423	20240710	Rhizobium	Rhizobium_azibense	90.476	39.4942	0	802
DSNY-5-1-No|nifK|consensus50|strict_single_dominant	DSNY-5-1-No	D03	Crotalaria maritima	8/14/24	0.107	5.136	Quarter	DSNY-CRMA-5	dry	nodule	Fabaceae	DSNY	Crotalaria	Crotalarieae	DSNY_006	Osceola	Florida	yes	28.09298025 N, -81.39932663 W. WGS84.	NA	20240312	Mesorhizobium	Mesorhizobium_sp._WSM2240	92.991	41.6342	0	937
JERC-DEST-32-1-Ro|nifK|consensus50|strict_single_dominant	JERC-DEST-32-1-Ro	D03	Desmodium cf. strictum	12/4/24	0	0	Quarter	JERC-32	dry	root	Fabaceae	JERC	Desmodium	Desmodieae	JERC_007	Baker County	Georgia	yes	NA	NA	20240603	Mesorhizobium	Mesorhizobium_sp._WSM2240	89.456	58.4306	0	1171
KONZ-2-1-Ro|nifK|consensus50|strict_single_dominant	KONZ-2-1-Ro	D06	Hylodesmum glutinosum	8/29/24	0.793	38.064	Quarter	KONZ-2	dry	root	Fabaceae	KONZ	Desmodium	Desmodieae	KONZ_046	Riley	KS	yes	39.103	-96.56378	20240703	Mesorhizobium	Mesorhizobium_sp._WSM2240	90.434	58.3009	0	1218
KONZ-3-1-Ro|nifK|consensus50|strict_single_dominant	KONZ-3-1-Ro	D06	Lespedeza capitata	8/29/24	0	0	Quarter	KONZ-3	dry	root	Fabaceae	KONZ	Lespedeza	Desmodieae	KONZ_005	Riley	KS	yes	39.10294	-96.5637	20240703	Rhizobium	Rhizobium_azibense	89.037	97.0169	0	1897
CLBJ-16-2-No|nifK|consensus50|strict_single_dominant	CLBJ-16-2-No	D11	Lespedeza virginica	6/19/24	1.385	66.48	Quarter	CLBJ-16	dry	nodule	Fabaceae	CLBJ	Lespedeza	Desmodieae	CLBJ_003_T	Wise	TX	yes	33.403989	-97.572744	5/8/24	Sinorhizobium	Sinorhizobium_prairiense	90.067	38.5214	0	769
CLBJ-25-2-No|nifK|consensus50|strict_single_dominant	CLBJ-25-2-No	D11	Dalea tenuis	9/18/24	0	0	Quarter	CLBJ-25	ethanol	nodule	Fabaceae	CLBJ	Dalea	Amorpheae	CLBJ_035_R	Wise	TX	yes	33.32974	-97.5792	6/4/24	Sinorhizobium	Sinorhizobium_prairiense	91.557	34.5655	0	737
CLBJ-26-1-No|nifK|consensus50|strict_single_dominant	CLBJ-26-1-No	D11	Strophostyles leiosperma	9/18/24	0	0	Quarter	CLBJ-26	ethanol	nodule	Fabaceae	CLBJ	Strophostyles	Phaseoleae	CLBJ_035_R	Wise	TX	yes	33.32974	-97.5792	6/4/24	Sinorhizobium	Sinorhizobium_prairiense	91.978	59.0143	0	1304
GUAN-2-No|nifK|consensus50|strict_single_dominant	GUAN-2-No	D04	Leucaena leucocephala	2/19/25	0	0	Quarter	GUAN-2	dry	nodule	Fabaceae	GUAN	Leucaena	Mimosoideae	GUAN_004	Yauco	P.R	no	17.964444	-66.8513611	10/10/24	Sinorhizobium	Sinorhizobium_prairiense	88.901	59.0143	0	1221
GUAN-5-No|nifK|consensus50|strict_single_dominant	GUAN-5-No	D04	Coursetia caribaea	2/19/25	0	0	Quarter	GUAN-5	dry	nodule	Fabaceae	GUAN	Coursetia	Robinieae	GUAN_006	Guanica	P.R	yes	17.9641111	-66.8757016	10/14/24	Sinorhizobium	Sinorhizobium_fredii_GR64	92.409	58.9494	0	1328
CLBJ-27-1-No|nifK|consensus50|strict_single_dominant	CLBJ-27-1-No	D11	Desmanthus illinoiensis	9/18/24	0	0	Quarter	CLBJ-27	ethanol	nodule	Fabaceae	CLBJ	Desmanthus	Mimosoideae	CLBJ_035_R	Wise	TX	yes	33.32974	-97.5792	6/4/24	Sinorhizobium	Sinorhizobium_prairiense	91.601	98.8327	0	2137
DSNY-GARE-35-1-Rh|nifK|consensus50|strict_single_dominant	DSNY-GARE-35-1-Rh	D03	Galactia regularis cf sp.	9/18/24	0	0	Quarter	DSNY-GARE-35	dry	rhizosphere	Fabaceae	DSNY	Galactia	Diocleae	DSNY_006	Osceola	Florida	yes	NA	NA	20240430	Sinorhizobium	Sinorhizobium_fredii_GR64	92.481	34.5006	0	761
CLBJ-25-2-Rh|nifK|consensus50|strict_single_dominant	CLBJ-25-2-Rh	D11	Dalea tenuis	9/18/24	0	0	Quarter	CLBJ-25	ethanol	rhizosphere	Fabaceae	CLBJ	Dalea	Amorpheae	CLBJ_035_R	Wise	TX	yes	33.32974	-97.5792	6/4/24	Sinorhizobium	Sinorhizobium_prairiense	86.167	38.9105	0	695
CLBJ-27-1-Ro|nifK|consensus50|strict_single_dominant	CLBJ-27-1-Ro	D11	Desmanthus illinoiensis	9/18/24	0.14	6.72	Quarter	CLBJ-27	ethanol	root	Fabaceae	CLBJ	Desmanthus	Mimosoideae	CLBJ_035_R	Wise	TX	yes	33.32974	-97.5792	6/4/24	Microvirga	Microvirga_sp._KLBC_81	90.511	35.5383	0	723
DSNY-CRMA-35-1-Rh|nifK|consensus50|strict_single_dominant	DSNY-CRMA-35-1-Rh	D03	Crotalaria maritima	9/18/24	0	0	Quarter	DSNY-CRMA-35	dry	rhizosphere	Fabaceae	DSNY	Crotalaria	Crotalarieae	DSNY_001	Osceola	Florida	yes	NA	NA	20240402	Sinorhizobium	Sinorhizobium_prairiense	86.483	54.2153	0	989
CLBJ-1-1-No|nifK|consensus50|strict_single_dominant	CLBJ-1-1-No	D11	Vicia sativa	7/9/24	48.65	2335.2	Half	CLBJ-1	dry	nodule	Fabaceae	CLBJ	Vicia	Fabeae	CLBJ_001_T	Wise	TX	no	33.23888	-97.34109	3/20/24	Rhizobium	Rhizobium_ruizarguesonis	89.741	57.5227	0	1144
CLBJ-3-1-No|nifK|consensus50|strict_single_dominant	CLBJ-3-1-No	D11	Vicia sativa	7/9/24	2.35	112.8	Quarter	CLBJ-3	dry	nodule	Fabaceae	CLBJ	Vicia	Fabeae	CLBJ_036_R	Wise	TX	no	33.23844	-97.34788	3/20/24	Rhizobium	Rhizobium_ruizarguesonis	88.877	58.3009	0	1129
JERC-4-1-No|nifK|consensus50|strict_single_dominant	JERC-4-1-No	D03	Vicia sativa	7/15/24	0.5195	24.936	Quarter	JERC-VISA-4	dry	nodule	Fabaceae	JERC	Vicia	Fabeae	JERC_012	Baker County	Georgia	no	31.189973	-84.446402	20240320	Rhizobium	Rhizobium_ruizarguesonis	89.219	58.9494	0	1164
JERC-6-3-No|nifK|consensus50|strict_single_dominant	JERC-6-3-No	D03	Vicia sativa	7/15/24	0	0	Quarter	JERC-VISA-6	dry	nodule	Fabaceae	JERC	Vicia	Fabeae	JERC_012	Baker County	Georgia	no	31.189973	-84.446402	20240320	Rhizobium	Rhizobium_indigoferae	85.641	50.5837	0	845
ORNL-6-1-No|nifK|consensus50|strict_single_dominant	ORNL-6-1-No	D07	Vicia sativa	2/17/25	11.6	556.8	Half	ORNL-6	dry	nodule	Fabaceae	ORNL	Vicia	Fabeae	ORNL_021	Anderson	TN	no	35.955556	-84.221111	5/15/24	Rhizobium	Rhizobium_ruizarguesonis	93.003	44.4877	0	1033
JERC-2-1-No|nifK|consensus50|strict_single_dominant	JERC-2-1-No	D03	Vicia sativa	7/15/24	3.865	185.52	Quarter	JERC-VISA-2	dry	nodule	Fabaceae	JERC	Vicia	Fabeae	JERC_012	Baker County	Georgia	no	31.189973	-84.446402	20240320	Rhizobium	Rhizobium_indigoferae	88.723	100.0649	0	1912
JERC-3-1-No|nifK|consensus50|strict_single_dominant	JERC-3-1-No	D03	Vicia sativa	7/15/24	14.6	700.8	Half	JERC-VISA-3	dry	nodule	Fabaceae	JERC	Vicia	Fabeae	JERC_012	Baker County	Georgia	no	31.189973	-84.446402	20240320	Mesorhizobium	Mesorhizobium_sp._AaZ16	88.222	58.3658	0	1099
JERC-13-3-Rh|nifK|consensus50|strict_single_dominant	JERC-13-3-Rh	D03	Vicia sativa	7/15/24	0	0	Quarter	JERC-VISA-13	dry	rhizosphere	Fabaceae	JERC	Vicia	Fabeae	JERC_066	Baker County	Georgia	no	NA	NA	20240327	Mesorhizobium	Mesorhizobium_sp._AaZ16	91.925	58.6252	0	1301
CPER-1-No|nifK|consensus50|strict_single_dominant	CPER-1-No	D10	Astragalus bisulcatus	4/24/25	0	0	Quarter	CPER-1	dry	nodule	Fabaceae	CPER	Astragalus	Galegeae	CPER_012	Weld	CO	yes	NA	NA	6/13/24	Mesorhizobium	Mesorhizobium_sp._WSM2240	96.134	38.5863	0	972
OAES-27-2-No|nifK|consensus50|strict_single_dominant	OAES-27-2-No	D11	Oxytropis lambertii	6/10/24	0	0	Quarter	OAES-27	ethanol	nodule	Fabaceae	OAES	Oxytropis	Galegeae	OAES_006_R	Washita	OK	yes	35.420259	-99.048669	4/17/24	Mesorhizobium	Mesorhizobium_sp._AaZ16	94.059	97.1466	0	2298
OAES-29-1-No|nifK|consensus50|strict_single_dominant	OAES-29-1-No	D11	Astragalus lotiflorus	6/10/24	0	0	Quarter	OAES-29	ethanol	nodule	Fabaceae	OAES	Astragalus	Galegeae	OAES_006_R	Washita	OK	yes	35.420259	-99.048669	4/17/24	Mesorhizobium	Mesorhizobium_sp._AaZ16	94.526	97.1466	0	2353
DSNY-10-3-No|nifK|consensus50|strict_single_dominant	DSNY-10-3-No	D03	Crotalaria spectabilis	8/14/24	20.9	1003.2	Half	DSNY-CRSP-10	dry	nodule	Fabaceae	DSNY	Crotalaria	Crotalarieae	DSNY_044	Osceola	Florida	no	28.1264253	-81.4359074	20240320	Mesorhizobium	Mesorhizobium_sp._AaZ16	94.939	58.9494	0	1459
DSNY-CLFR-60-Rh|nifK|consensus50|strict_single_dominant	DSNY-CLFR-60-Rh	D03	Macroptilium lathyroides	2/27/25	0	0	Quarter	DSNY-CLFR-60	dry	rhizosphere	Fabaceae	DSNY	Sesbania	Sesbanieae	DSNY_021	Polk	Florida	yes	28.0490055	-81.4001861	20240821	Mesorhizobium	Mesorhizobium_sp._AaZ16	96.97	29.9611	0	776
OSBS-80-2-No|nifK|consensus50|strict_single_dominant	OSBS-80-2-No	D03	Desmodium strictum	2/21/25	0	0	Quarter	OSBS-80	dry	nodule	Fabaceae	OSBS	Desmodium	Desmodieae	OSBS_004	Putnam	FL	yes	NA	NA	20240822	Mesorhizobium	Mesorhizobium_sp._WSM2240	95.581	39.6239	0	979
JERC-161-No|nifK|consensus50|strict_single_dominant	JERC-161-No	D03	Rhynchosia tomentosa	2/27/25	0	0	Quarter	JERC-161	dry	nodule	Fabaceae	JERC	Rhynchosia	Phaseoleae	JERC_019	Baker County	Georgia	yes	NA	NA	20241003	Mesorhizobium	Mesorhizobium_sp._WSM2240	93.396	34.3709	0	785
ORNL-18-1-No|nifK|consensus50|strict_single_dominant	ORNL-18-1-No	D07	Lespedeza repens	2/25/24	0	0	Quarter	ORNL-18	dry	nodule	Fabaceae	ORNL	Lespedeza	Desmodieae	ORNL_010	Anderson	TN	yes	35.953333	-84.3325	7/11/24	Mesorhizobium	Mesorhizobium_sp._AaZ16	95.611	41.3748	0	1037
OAES-12-2-No|nifK|consensus50|strict_single_dominant	OAES-12-2-No	D11	Astragalus missouriensis	7/9/24	19.9	955.2	Half	OAES-12	ethanol	nodule	Fabaceae	OAES	Astragalus	Galegeae	OAES_001_R	Washita	OK	yes	35.41269	-99.05826	4/3/24	Mesorhizobium	Mesorhizobium_sp._AaZ16	97.031	41.5045	0	1077
OAES-12-2-Ro|nifK|consensus50|strict_single_dominant	OAES-12-2-Ro	D11	Astragalus missouriensis	7/9/24	1.025	49.2	Quarter	OAES-12	ethanol	root	Fabaceae	OAES	Astragalus	Galegeae	OAES_001_R	Washita	OK	yes	35.41269	-99.05826	4/3/24	Mesorhizobium	Mesorhizobium_sp._AaZ16	97.031	41.5045	0	1077
OAES-10-1-Ro|nifK|consensus50|strict_single_dominant	OAES-10-1-Ro	D11	Astragalus lotiflorus	7/9/24	0.065	3.12	Quarter	OAES-10	ethanol	root	Fabaceae	OAES	Astragalus	Galegeae	OAES_044_T	Washita	OK	yes	35.24194	-99.33471	4/2/24	Mesorhizobium	Mesorhizobium_sp._AaZ16	95.16	58.9494	0	1465
JERC-122-Ro|nifK|consensus50|strict_single_dominant	JERC-122-Ro	D03	Lespedeza stuevei	2/25/25	0	0	Quarter	JERC-122	dry	root	Fabaceae	JERC	Lespedeza	Desmodieae	JERC_003	Baker County	Georgia	yes	31.196299	-84.473555	20240730	Mesorhizobium	Mesorhizobium_sp._WSM2240	94.859	39.1051	0	944
JERC-161-Rh|nifK|consensus50|strict_single_dominant	JERC-161-Rh	D03	Rhynchosia tomentosa	2/27/25	0	0	Quarter	JERC-161	dry	rhizosphere	Fabaceae	JERC	Rhynchosia	Phaseoleae	JERC_019	Baker County	Georgia	yes	NA	NA	20241003	Mesorhizobium	Mesorhizobium_sp._WSM2240	93.409	34.4358	0	789
JERC-175-1-No|nifK|consensus50|strict_single_dominant	JERC-175-1-No	D03	Desmodium ciliare	2/26/25	0	0	Quarter	JERC-175	dry	nodule	Fabaceae	JERC	Desmodium	Desmodieae	JERC_050	Baker County	Georgia	yes	NA	NA	20241018	Mesorhizobium	Mesorhizobium_sp._WSM2240	94.384	35.7977	0	848
JERC-49-2-Rh|nifK|consensus50|strict_single_dominant	JERC-49-2-Rh	D03	Stylosanthes biflora	12/4/24	0	0	Quarter	JERC-49	dry	rhizosphere	Fabaceae	JERC	Stylosanthes	Dalbergieae	JERC_002	Baker County	Georgia	yes	NA	NA	20240604	Mesorhizobium	Mesorhizobium_sp._WSM2240	91.549	41.4397	0	885
JERC-172-2-Rh|nifK|consensus50|strict_single_dominant	JERC-172-2-Rh	D03	Desmodium paniculatum	2/26/25	0	0	Quarter	JERC-172	dry	rhizosphere	Fabaceae	JERC	Desmodium	Desmodieae	JERC_019	Baker County	Georgia	yes	NA	NA	20241003	Mesorhizobium	Mesorhizobium_sp._WSM2240	92.727	35.668	0	798
JERC-25-1-Rh|nifK|consensus50|strict_single_dominant	JERC-25-1-Rh	D03	Desmodium lineatum	2/17/25	0	0	Quarter	JERC-25	dry	rhizosphere	Fabaceae	JERC	Desmodium	Desmodieae	JERC_007	Baker County	Georgia	yes	NA	NA	20240603	Mesorhizobium	Mesorhizobium_sp._WSM2240	88.227	95.8495	0	1825
JERC-CLMA-62-5-Rh|nifK|consensus50|strict_single_dominant	JERC-CLMA-62-5-Rh	D03	Clitoria mariana	12/4/24	0	0	Quarter	JERC-62	dry	rhizosphere	Fabaceae	JERC	Clitoria	Phaseoleae	JERC_050	Baker County	Georgia	yes	NA	NA	20240618	Mesorhizobium	Mesorhizobium_sp._AaZ16	93.721	41.31	0	955
OSBS-14-3-Rh|nifK|consensus50|strict_single_dominant	OSBS-14-3-Rh	D03	Tephrosia virginiana	8/19/24	0.062	2.976	Quarter	OSBS-TEVI-14	dry	rhizosphere	Fabaceae	OSBS	Tephrosia	Millettieae	OSBS_026	Putnam	FL	yes	NA	NA	20240521	Mesorhizobium	Mesorhizobium_sp._WSM2240	92.715	39.1699	0	872
OAES-31-1-Rh|nifK|consensus50|strict_single_dominant	OAES-31-1-Rh	D11	Pediomelum tenuiflorum	6/10/24	0	0	Quarter	OAES-31	ethanol	rhizosphere	Fabaceae	OAES	Pediomelum	Psoraleeae	OAES_006_R	Washita	OK	yes	35.2517	-99.2882	4/23/24	Sinorhizobium	Sinorhizobium_mexicanum_(Ensifer_mexicanus)	93.136	41.5694	0	950
OAES-33-1-Rh|nifK|consensus50|strict_single_dominant	OAES-33-1-Rh	D11	Astragalus missouriensis	6/13/24	0	0	Quarter	OAES-33	ethanol	rhizosphere	Fabaceae	OAES	Astragalus	Galegeae	OAES_004_R	Washita	OK	yes	35.41213	-99.085338	4/24/24	Mesorhizobium	Mesorhizobium_sp._AaZ16	93.206	37.2244	0	845
OAES-30-2-Rh|nifK|consensus50|strict_single_dominant	OAES-30-2-Rh	D11	Ceanothus herbaceus	6/10/24	0	0	Quarter	OAES-30	ethanol	rhizosphere	Rhamnaceae	OAES	Ceanothus	actinorhizal	OAES_006_R	Washita	OK	yes	35.25165	-99.2881	4/23/24	Mesorhizobium	Mesorhizobium_sp._WSM2240	94.279	58.9494	0	1393
OAES-34-1-No|nifK|consensus50|strict_single_dominant	OAES-34-1-No	D11	Astragalus lotiflorus	6/13/24	1.22	241.56	Quarter	OAES-34	ethanol	nodule	Fabaceae	OAES	Astragalus	Galegeae	OAES_004_M	Washita	OK	yes	32.2479	-99.5007	4/24/24	Mesorhizobium	Mesorhizobium_sp._AaZ16	95.055	59.0143	0	1461
OAES-23-1-Ro|nifK|consensus50|strict_single_dominant	OAES-23-1-Ro	D11	Astragalus lotiflorus	6/4/24	0	0	Quarter	OAES-23	ethanol	root	Fabaceae	OAES	Astragalus	Galegeae	OAES_012_R	Washita	OK	yes	35.402943	-99.064829	4/16/24	Microvirga	Microvirga_sp._KLBC_81	87.557	100.0649	0	1796
OAES-26-1-No|nifK|consensus50|strict_single_dominant	OAES-26-1-No	D11	Astragalus lotiflorus	6/4/24	1.915	379.17	Half	OAES-26	ethanol	nodule	Fabaceae	OAES	Astragalus	Galegeae	OAES_007_R	Washita	OK	yes	35.419991	-99.0567264	4/17/24	Mesorhizobium	Mesorhizobium_sp._AaZ16	94.609	58.9494	0	1437
OAES-26-1-Ro|nifK|consensus50|strict_single_dominant	OAES-26-1-Ro	D11	Astragalus lotiflorus	6/4/24	0	0	Quarter	OAES-26	ethanol	root	Fabaceae	OAES	Astragalus	Galegeae	OAES_007_R	Washita	OK	yes	35.419991	-99.0567264	4/17/24	Mesorhizobium	Mesorhizobium_sp._AaZ16	94.604	58.8846	0	1435
JERC-6-3-Rh|nifK|consensus50|strict_single_dominant	JERC-6-3-Rh	D03	Vicia sativa	7/15/24	0	0	Quarter	JERC-VISA-6	dry	rhizosphere	Fabaceae	JERC	Vicia	Fabeae	JERC_012	Baker County	Georgia	no	31.189973	-84.446402	20240320	Mesorhizobium	Mesorhizobium_sp._WSM2240	93.443	51.4267	0	1203
OSBS-6-1-No|nifK|consensus50|strict_single_dominant	OSBS-6-1-No	D03	Morella cerifera	8/14/24	0.1325	6.36	Quarter	OSBS-MOCE-6	dry	nodule	Myricaceae	OSBS	Morella	actinorhizal	OSBS_005	Putnam	FL	yes	NA	NA	20240424	Mesorhizobium	Mesorhizobium_sp._WSM2240	94.823	51.3619	0	1249
OSBS-7-4-Rh|nifK|consensus50|strict_single_dominant	OSBS-7-4-Rh	D03	Galactia elliottii	8/14/24	0.072	3.456	Quarter	OSBS-GAEL-7	dry	rhizosphere	Fabaceae	OSBS	Galactia	Diocleae	OSBS_016	Putnam	FL	yes	NA	NA	20240424	Mesorhizobium	Mesorhizobium_sp._WSM2240	93.811	53.4371	0	1240
CLBJ-13-1-Ro|nifK|consensus50|strict_single_dominant	CLBJ-13-1-Ro	D11	Lespedeza stuevei	6/19/24	0.0835	4.008	Quarter	CLBJ-13	dry	root	Fabaceae	CLBJ	Lespedeza	Desmodieae	CLBJ_002_T	Wise	TX	yes	33.40398	-97.57114	5/8/24	Mesorhizobium	Mesorhizobium_sp._AaZ16	93.803	53.3722	0	1253
JORN-1-No|nifK|consensus50|strict_single_dominant	JORN-1-No	D14	Astragalus allochrus	8/19/24	0.594	28.512	Quarter	JORN-1	dry	nodule	Fabaceae	JORN	Astragalus	Galegeae	JORN_002	Dona Ana	New Mexico	yes	32.607279	-106.82671	4/18/24	Mesorhizobium	Mesorhizobium_sp._AaZ16	94.993	97.1466	0	2381
CLBJ-21-1-Rh|nifK|consensus50|strict_single_dominant	CLBJ-21-1-Rh	D11	Desmodium sessifolium	6/20/24	0	0	Quarter	CLBJ-21	dry	rhizosphere	Fabaceae	CLBJ	Desmodium	Desmodieae	CLBJ_003_T	Wise	TX	yes	33.403989	-97.572744	5/8/24	Mesorhizobium	Mesorhizobium_sp._AaZ16	95.175	38.9754	0	950
OAES_24-3-No|nifK|consensus50|strict_single_dominant	OAES-24-3-No	D11	Astragalus nuttallianus var. austrinus	6/4/24	0.5235	103.653	Quarter	OAES-24	ethanol	nodule	Fabaceae	OAES	Astragalus	Galegeae	OAES_012_R	Washita	OK	yes	35.402943	-99.064829	4/16/24	Mesorhizobium	Mesorhizobium_sp._AaZ16	94.354	99.9351	0	2374
SRER-16-1-No|nifK|consensus50|strict_single_dominant	SRER-16-1-No	D14	Astragalus nuttallianus	8/19/24	0	0	Quarter	SRER-16	dry	nodule	Fabaceae	SRER	Astragalus	Galegeae	SRER_053	Pima	Arizona	yes	31.9096	-110.83605	4/10/24	Mesorhizobium	Mesorhizobium_sp._WSM2240	93.187	59.0143	0	1363
JERC-25-1-No|nifK|consensus50|strict_single_dominant	JERC-25-1-No	D03	Desmodium lineatum	2/17/25	2.72	130.56	Quarter	JERC-25	dry	nodule	Fabaceae	JERC	Desmodium	Desmodieae	JERC_007	Baker County	Georgia	yes	NA	NA	20240603	Mesorhizobium	Mesorhizobium_sp._AaZ16	97.543	34.3061	0	905
JERC-98-1-Ro|nifK|consensus50|strict_single_dominant	JERC-98-1-Ro	D03	Lespedeza cuneata	2/24/25	0	0	Quarter	JERC-98	dry	root	Fabaceae	JERC	Lespedeza	Desmodieae	JERC_034	Baker County	Georgia	no	31.26611111	-84.59333333	20240625	Mesorhizobium	Mesorhizobium_sp._WSM2240	94.527	39.1051	0	933
OSBS-58-1-No|nifK|consensus50|strict_single_dominant	OSBS-58-1-No	D03	Stylosanthes biflora	2/26/25	3.445	165.36	Quarter	OSBS-58	dry	nodule	Fabaceae	OSBS	Stylosanthes	Dalbergieae	OSBS_063	Putnam	FL	yes	NA	NA	20240618	Mesorhizobium	Mesorhizobium_sp._WSM2240	92.988	38.8457	0	874
OAES-32-1-No|nifK|consensus50|strict_single_dominant	OAES-32-1-No	D11	Astragalus nuttallianus var. austrinus	6/10/24	1.985	393.03	Half	OAES-32	ethanol	nodule	Fabaceae	OAES	Astragalus	Galegeae	OAES_006_R	Washita	OK	yes	35.2455	-99.04049	4/24/24	Mesorhizobium	Mesorhizobium_sp._WSM2240	93.172	58.8846	0	1367
OAES-17-Ro|nifK|consensus50|strict_single_dominant	OAES-17-Ro	D11	Astragalus nuttallianus var. austrina	8/14/24	0.367	17.616	Quarter	OAES-17	ethanol	root	Fabaceae	OAES	Astragalus	Galegeae	OAES_021_R	Washita	OK	yes	35.41187	-99.07412	4/11/24	Mesorhizobium	Mesorhizobium_sp._WSM2240	94.298	59.144	0	1423
OAES-17-No|nifK|consensus50|strict_single_dominant	OAES-17-No	D11	Astragalus nuttallianus var. austrina	8/14/24	0.104	4.992	Quarter	OAES-17	ethanol	nodule	Fabaceae	OAES	Astragalus	Galegeae	OAES_021_R	Washita	OK	yes	35.41187	-99.07412	4/11/24	Microvirga	Microvirga_lotononidis	87.032	97.0169	0	1700
OAES-33-1-No|nifK|consensus50|strict_single_dominant	OAES-33-1-No	D11	Astragalus missouriensis	6/13/24	0.4725	93.555	Quarter	OAES-33	ethanol	nodule	Fabaceae	OAES	Astragalus	Galegeae	OAES_004_R	Washita	OK	yes	35.41213	-99.085338	4/24/24	Mesorhizobium	Mesorhizobium_sp._AaZ16	94.565	99.0272	0	2392
OAES-33-1-Ro|nifK|consensus50|strict_single_dominant	OAES-33-1-Ro	D11	Astragalus missouriensis	6/13/24	0	0	Quarter	OAES-33	ethanol	root	Fabaceae	OAES	Astragalus	Galegeae	OAES_004_R	Washita	OK	yes	35.41213	-99.085338	4/24/24	Mesorhizobium	Mesorhizobium_sp._AaZ16	93.56	53.3722	0	1240
CLBJ-50-3-Rh|nifK|consensus50|strict_single_dominant	CLBJ-50-3-Rh	D11	Dalea multiflora	2/19/25	0	0	Quarter	CLBJ-50	ethanol	rhizosphere	Fabaceae	CLBJ	Dalea	Amorpheae	CLBJ_034_R	Wise	TX	yes	33.19259	-97.34659	9/5/24	Mesorhizobium	Mesorhizobium_sp._WSM2240	92.122	40.3372	0	878
JERC-177-Rh|nifK|consensus50|strict_single_dominant	JERC-177-Rh	D03	Desmodium floridanum	2/26/25	0	0	Quarter	JERC-177	dry	rhizosphere	Fabaceae	JERC	Desmodium	Desmodieae	JERC_050	Baker County	Georgia	yes	NA	NA	20241028	Mesorhizobium	Mesorhizobium_sp._AaZ16	95.602	33.917	0	839
JERC-98-4-No|nifK|consensus50|strict_single_dominant	JERC-98-4-No	D03	Lespedeza cuneata	2/24/25	0.0685	3.288	Quarter	JERC-98	dry	nodule	Fabaceae	JERC	Lespedeza	Desmodieae	JERC_034	Baker County	Georgia	no	31.26611111	-84.59333333	20240625	Mesorhizobium	Mesorhizobium_sp._AaZ16	93.384	34.3061	0	784
OSBS-34-1-Rh|nifK|consensus50|strict_single_dominant	OSBS-34-1-Rh	D03	Galactia sp.	2/26/25	0	0	Quarter	OSBS-34	dry	rhizosphere	Fabaceae	OSBS	Galactia	Diocleae	OSBS_006	Putnam	FL	yes	NA	NA	20240611	Mesorhizobium	Mesorhizobium_sp._WSM2240	88.466	54.5396	0	1053
JERC-138-Rh|nifK|consensus50|strict_single_dominant	JERC-138-Rh	D03	Crotalaria purshii	2/17/25	0	0	Quarter	JERC-138	dry	rhizosphere	Fabaceae	JERC	Crotalaria	Crotalarieae	JERC_031	Baker County	Georgia	yes	NA	NA	20240821	Mesorhizobium	Mesorhizobium_sp._AaZ16	93.854	39.0402	0	907
ORNL-18-1-Ro|nifK|consensus50|strict_single_dominant	ORNL-18-1-Ro	D07	Lespedeza repens	2/25/24	0	0	Quarter	ORNL-18	dry	root	Fabaceae	ORNL	Lespedeza	Desmodieae	ORNL_010	Anderson	TN	yes	35.953333	-84.3325	7/11/24	Mesorhizobium	Mesorhizobium_sp._AaZ16	95.489	34.5006	0	850
DSNY-66-1-Rh|nifK|consensus50|strict_single_dominant	DSNY-66-1-Rh	D03	Chamaecrista fasciculata	2/24/25	0	0	Quarter	DSNY-66	dry	rhizosphere	Fabaceae	DSNY	Chamaecrista	Cassieae	DSNY_003	Polk	Florida	yes	NA	NA	20240820	Mesorhizobium	Mesorhizobium_sp._AaZ16	92.514	58.0415	0	1317
JERC-119-Rh|nifK|consensus50|strict_single_dominant	JERC-119-Rh	D03	Desmodium marilandicum	2/25/25	0	0	Quarter	JERC-119	dry	rhizosphere	Fabaceae	JERC	Desmodium	Desmodieae	JERC_003	Baker County	Georgia	yes	31.196291	-84.47345	20240730	Mesorhizobium	Mesorhizobium_sp._AaZ16	91.648	58.2361	0	1279
JERC-98-1-Rh|nifK|consensus50|strict_single_dominant	JERC-98-1-Rh	D03	Lespedeza cuneata	2/24/25	0	0	Quarter	JERC-98	dry	rhizosphere	Fabaceae	JERC	Lespedeza	Desmodieae	JERC_034	Baker County	Georgia	no	31.26611111	-84.59333333	20240625	Mesorhizobium	Mesorhizobium_sp._AaZ16	96.75	33.917	0	872
JERC-127-2-Ro|nifK|consensus50|strict_single_dominant	JERC-127-2-Ro	D03	Desmodium obtusum	2/26/25	0	0	Quarter	JERC-127	dry	root	Fabaceae	JERC	Desmodium	Desmodieae	JERC_002	Baker County	Georgia	yes	31.1940087	-84.4604029	20240730	Mesorhizobium	Mesorhizobium_sp._AaZ16	92.587	46.3684	0	1057
JERC-167-Rh|nifK|consensus50|strict_single_dominant	JERC-167-Rh	D03	Galactia volubilis	2/27/25	0	0	Quarter	JERC-167	dry	rhizosphere	Fabaceae	JERC	Galactia	Diocleae	JERC_019	Baker County	Georgia	yes	NA	NA	20241003	Mesorhizobium	Mesorhizobium_sp._AaZ16	95.05	52.3995	0	1306
OSBS-12-1-Rh|nifK|consensus50|strict_single_dominant	OSBS-12-1-Rh	D03	Rhynchosia reniformis	8/14/24	0.1095	5.256	Quarter	OSBS-RHRE-12	dry	rhizosphere	Fabaceae	OSBS	Rhynchosia	Phaseoleae	OSBS_036	Putnam	FL	yes	NA	NA	20240521	Mesorhizobium	Mesorhizobium_sp._AaZ16	95.931	41.4397	0	1037
DEJU-3-1-Rh|nifK|consensus50|strict_single_dominant	DEJU-3-1-Rh	D19	Lupinus arcticus	2/25/25	0.9185	44.088	Quarter	DEJU-3	ethanol	rhizosphere	Fabaceae	DEJU	Lupinus	Genisteae	DEJU_014	NA	Alaska	yes	NA	NA	NA	Mesorhizobium	Mesorhizobium_sp._AaZ16	92.206	49.0921	0	1116
JERC-126-4-No|nifK|consensus50|strict_single_dominant	JERC-126-4-No	D03	Lespedeza virginica	2/26/25	0.107	5.136	Quarter	JERC-126	dry	nodule	Fabaceae	JERC	Lespedeza	Desmodieae	JERC_002	Baker County	Georgia	yes	31.194341	-84.460314	20240730	Mesorhizobium	Mesorhizobium_sp._WSM2240	91.715	55.5772	0	1234
ORNL-11-1-No|nifK|consensus50|strict_single_dominant	ORNL-11-1-No	D07	Chamaecrista fasciculata	2/25/24	0.097	4.656	Quarter	ORNL-11	dry	nodule	Fabaceae	ORNL	Chamaecrista	Cassieae	ORNL_047	Anderson	TN	yes	35.9525	-84.22	7/11/24	Mesorhizobium	Mesorhizobium_sp._WSM2240	86.825	49.2218	0	893
UKFS-6-3-Ro|nifK|consensus50|strict_single_dominant	UKFS-6-3-Ro	D06	Hylodesmum glutinosum	2/17/25	0	0	Quarter	UKFS-6	dry	root	Fabaceae	UKFS	Desmodium	Desmodieae	UKFS_002	Douglas	KS	yes	39.04622	-95.2087	7/3/24	Mesorhizobium	Mesorhizobium_sp._WSM2240	89.957	45.201	0	946
JERC-10-3-No|nifK|consensus50|strict_single_dominant	JERC-10-3-No	D03	Ceanothus microphyllus	7/15/24	0.1875	9	Quarter	JERC-CEMI-10	dry	nodule	Rhamnaceae	JERC	Ceanothus	actinorhizal	JERC_055	Baker County	Georgia	yes	NA	NA	20240327	Mesorhizobium	Mesorhizobium_sp._AaZ16	95.305	51.1025	0	1286
JERC-12-1-Ro|nifK|consensus50|strict_single_dominant	JERC-12-1-Ro	D03	Ceanothus microphyllus	7/15/24	0	0	Quarter	JERC-CEMI-12	dry	root	Rhamnaceae	JERC	Ceanothus	actinorhizal	JERC_049	Baker County	Georgia	yes	NA	NA	20240327	Mesorhizobium	Mesorhizobium_sp._AaZ16	93.385	58.8197	0	1419
JERC-7-2-No|nifK|consensus50|strict_single_dominant	JERC-7-2-No	D03	Baptisia alba	7/15/24	0.091	4.368	Quarter	JERC-BAAL-7	dry	nodule	Fabaceae	JERC	Baptisia	Sophoreae	JERC_008	Baker County	Georgia	yes	31.1859357	-84.4376644	20240327	Mesorhizobium	Mesorhizobium_sp._AaZ16	95.595	39.7536	0	983
JERC-8-2-Rh|nifK|consensus50|strict_single_dominant	JERC-8-2-Rh	D03	Ceanothus microphyllus	7/15/24	0	0	Quarter	JERC-CEMI-8	dry	rhizosphere	Rhamnaceae	JERC	Ceanothus	actinorhizal	JERC_004	Baker County	Georgia	yes	31.1932787	-84.4666015	20240327	Mesorhizobium	Mesorhizobium_sp._AaZ16	94.111	58.3658	0	1404
JERC-8-2-No|nifK|consensus50|strict_single_dominant	JERC-8-2-No	D03	Ceanothus microphyllus	7/15/24	0.2285	10.968	Quarter	JERC-CEMI-8	dry	nodule	Rhamnaceae	JERC	Ceanothus	actinorhizal	JERC_004	Baker County	Georgia	yes	31.1932787	-84.4666015	20240327	Mesorhizobium	Mesorhizobium_sp._AaZ16	95.7	58.8197	0	1495
JERC-11-1-Rh|nifK|consensus50|strict_single_dominant	JERC-11-1-Rh	D03	Ceanothus microphyllus	7/15/24	0	0	Quarter	JERC-CEMI-11	dry	rhizosphere	Rhamnaceae	JERC	Ceanothus	actinorhizal	JERC_049	Baker County	Georgia	yes	NA	NA	20240327	Mesorhizobium	Mesorhizobium_sp._AaZ16	95.369	58.8197	0	1478
OAES-10-1-Rh|nifK|consensus50|strict_single_dominant	OAES-10-1-Rh	D11	Astragalus lotiflorus	7/9/24	0	0	Quarter	OAES-10	ethanol	rhizosphere	Fabaceae	OAES	Astragalus	Galegeae	OAES_044_T	Washita	OK	yes	35.24194	-99.33471	4/2/24	Mesorhizobium	Mesorhizobium_sp._AaZ16	93.819	58.7549	0	1393
OAES-9-1-Rh|nifK|consensus50|strict_single_dominant	OAES-9-1-Rh	D11	Astragalus missouriensis	7/9/24	0.505	24.24	Quarter	OAES-9	ethanol	rhizosphere	Fabaceae	OAES	Astragalus	Galegeae	OAES_044_T	Washita	OK	yes	35.24131	-99.33629	4/2/24	Microvirga	Microvirga_sp._KLBC_81	87.281	99.9351	0	1770
OAES-28-1-No|nifK|consensus50|strict_single_dominant	OAES-28-1-No	D11	Astragalus missouriensis	6/10/24	6.21	1229.58	Half	OAES-28	ethanol	nodule	Fabaceae	OAES	Astragalus	Galegeae	OAES_006_R	Washita	OK	yes	35.420259	-99.048669	4/17/24	Mesorhizobium	Mesorhizobium_sp._AaZ16	97.69	58.9494	0	1563
OAES-9-1-No|nifK|consensus50|strict_single_dominant	OAES-9-1-No	D11	Astragalus missouriensis	7/9/24	0	0	Quarter	OAES-9	ethanol	nodule	Fabaceae	OAES	Astragalus	Galegeae	OAES_044_T	Washita	OK	yes	35.24131	-99.33629	4/2/24	Mesorhizobium	Mesorhizobium_sp._AaZ16	96.145	58.8846	0	1507
OSBS-12-1-Ro|nifK|consensus50|strict_single_dominant	OSBS-12-1-Ro	D03	Rhynchosia reniformis	8/14/24	5.595	268.56	Half	OSBS-RHRE-12	dry	root	Fabaceae	OSBS	Rhynchosia	Phaseoleae	OSBS_036	Putnam	FL	yes	NA	NA	20240521	Mesorhizobium	Mesorhizobium_sp._AaZ16	95.017	58.5603	0	1448
CLBJ-5-2-No|nifK|consensus50|strict_single_dominant	CLBJ-5-2-No	D11	Astragalus lotiflorus	7/9/24	2.79	133.92	Quarter	CLBJ-5	dry	nodule	Fabaceae	CLBJ	Astragalus	Galegeae	CLBJ_036R	Wise	TX	yes	33.32951	-97.58059	3/21/24	Mesorhizobium	Mesorhizobium_sp._AaZ16	93.385	100	0	2303
OAES-11-1-No|nifK|consensus50|strict_single_dominant	OAES-11-1-No	D11	Astragalus latiflorus	7/9/24	16.75	804	Half	OAES-11	ethanol	nodule	Fabaceae	OAES	Astragalus	Galegeae	OAES_001_R	Washita	OK	yes	35.41269	-99.05826	4/3/24	Mesorhizobium	Mesorhizobium_sp._AaZ16	94.719	58.9494	0	1443
OAES-11-1-Ro|nifK|consensus50|strict_single_dominant	OAES-11-1-Ro	D11	Astragalus latiflorus	7/9/24	1.03	49.44	Quarter	OAES-11	ethanol	root	Fabaceae	OAES	Astragalus	Galegeae	OAES_001_R	Washita	OK	yes	35.41269	-99.05826	4/3/24	Mesorhizobium	Mesorhizobium_sp._AaZ16	97.34	41.4397	0	1086
OSBS-6-1-Ro|nifK|consensus50|strict_single_dominant	OSBS-6-1-Ro	D03	Morella cerifera	8/14/24	0.6935	33.288	Quarter	OSBS-MOCE-6	dry	root	Myricaceae	OSBS	Morella	actinorhizal	OSBS_005	Putnam	FL	yes	NA	NA	20240424	Mesorhizobium	Mesorhizobium_sp._AaZ16	92.508	96.952	0	2174
KONZ-15-1-Ro|nifK|consensus50|strict_single_dominant	KONZ-15-1-Ro	D06	Ceanothus herbaceus	2/25/25	1.39	66.72	Quarter	KONZ-15	dry	root	Rhamnaceae	KONZ	Ceanothus	actinorhizal	KONZ_001	Riley	KS	yes	39.07479	-96.55559	20241002	Mesorhizobium	Mesorhizobium_sp._WSM2240	93.559	40.2724	0	926
CLBJ-7-1-No|nifK|consensus50|strict_single_dominant	CLBJ-7-1-No	D11	Neptunia lutea	6/13/24	0	0	Quarter	CLBJ-7	ethanol	nodule	Fabaceae	CLBJ	Neptunia	Mimosoideae	CLBJ_001_T	Wise	TX	yes	33.39787	-97.568339	4/30/24	Mesorhizobium	Mesorhizobium_sp._WSM2240	92.812	41.5045	0	935
OSBS-1-2-No|nifK|consensus50|strict_single_dominant	OSBS-1-2-No	D03	Morella cerifera	8/14/24	0.695	33.36	Quarter	OSBS-MOCE-1	dry	nodule	Myricaceae	OSBS	Morella	actinorhizal	OSBS_011	Putnam	FL	yes	NA	NA	20240424	Mesorhizobium	Mesorhizobium_sp._AaZ16	93.054	58.8197	0	1358
OAES-16-1-Ro|nifK|consensus50|strict_single_dominant	OAES-16-1-Ro	D11	Astragalus distortus	8/14/24	0.94	45.12	Quarter	OAES-16	ethanol	root	Fabaceae	OAES	Astragalus	Galegeae	OAES_003_R	Washita	OK	yes	35.41214	-99.06981	4/11/24	Mesorhizobium	Mesorhizobium_sp._WSM2240	91.886	56.7445	0	1247
CLBJ-8-1-Rh|nifK|consensus50|strict_single_dominant	CLBJ-8-1-Rh	D11	Gleditsia triacanthus	6/13/24	0	0	Quarter	CLBJ-8	ethanol	rhizosphere	Fabaceae	CLBJ	Gleditsia	Gleditsieae	CLBJ_001_T	Wise	TX	yes	33.39787	-97.568339	4/30/24	Mesorhizobium	Mesorhizobium_sp._WSM2240	92.189	58.9494	0	1319
OAES-28-1-Rh|nifK|consensus50|strict_single_dominant	OAES-28-1-Rh	D11	Astragalus missouriensis	6/10/24	0	0	Quarter	OAES-28	ethanol	rhizosphere	Fabaceae	OAES	Astragalus	Galegeae	OAES_006_R	Washita	OK	yes	35.420259	-99.048669	4/17/24	Mesorhizobium	Mesorhizobium_sp._AaZ16	91.568	54.6044	0	1192
SRER-6-1-Rh|nifK|consensus50|strict_single_dominant	SRER-6-1-Rh	D14	Lupinus sparsiflorus	8/14/24	1.145	54.96	Quarter	SRER-6	dry	rhizosphere	Fabaceae	SRER	Lupinus	Genisteae	SRER_005	Pima	Arizona	yes	31.49723	-110.49428	4/10/24	Mesorhizobium	Mesorhizobium_sp._WSM2240	90.011	56.4851	0	1158
DSNY-63-Ro|nifK|consensus50|strict_single_dominant	DSNY-63-Ro	D03	Tephrosia hispidula	2/27/25	2.525	121.2	Quarter	DSNY-63	dry	root	Fabaceae	DSNY	Tephrosia	Millettieae	DSNY_006	Polk	Florida	yes	NA	NA	20240820	Microvirga	Microvirga_sp._KLBC_81	87.676	41.5694	0	793
OSBS-2-3-Rh|nifK|consensus50|strict_single_dominant	OSBS-2-3-Rh	D03	Morella cerifera	8/14/24	3.3	158.4	Quarter	OSBS-MOCE-2	dry	rhizosphere	Myricaceae	OSBS	Morella	actinorhizal	OSBS_011	Putnam	FL	yes	NA	NA	20240424	Microvirga	Microvirga_sp._RSM25	88.189	57.6524	0	1105
OAES-20-No|nifK|consensus50|strict_single_dominant	OAES-20-No	D11	Dalea enneandra	6/4/24	0	0	Quarter	OAES-20	ethanol	nodule	Fabaceae	OAES	Dalea	Amorpheae	OAES_012_R	Washita	OK	yes	35.402943	-99.064829	4/16/24	Microvirga	Microvirga_sp._KLBC_81	89.735	58.7549	0	1171
OAES-30-2-Ro|nifK|consensus50|strict_single_dominant	OAES-30-2-Ro	D11	Ceanothus herbaceus	6/10/24	0	0	Quarter	OAES-30	ethanol	root	Rhamnaceae	OAES	Ceanothus	actinorhizal	OAES_006_R	Washita	OK	yes	35.25165	-99.2881	4/23/24	Mesorhizobium	Mesorhizobium_sp._WSM2240	87.84	45.3307	0	867
CLBJ-4-1-Ro|nifK|consensus50|strict_single_dominant	CLBJ-4-1-Ro	D11	Dalea aurea	7/9/24	0.17	8.16	Quarter	CLBJ-4	dry	root	Fabaceae	CLBJ	Dalea	Amorpheae	CLBJ_036_R	Wise	TX	yes	33.32958	-97.58034	3/21/24	Sinorhizobium	Sinorhizobium_mexicanum_(Ensifer_mexicanus)	93.187	59.0143	0	1369
LAJA-5-1-Ro|nifK|consensus50|strict_single_dominant	LAJA-5-1-Ro	D04	Acacia sp.	3/26/25	2.575	123.6	Quarter	LAJA-5	dry	root	Fabaceae	LAJA	Acacia	Mimosoideae	LAJA_015	LAJA	P.R	0	18.034464	-67.066822	9/27/24	Sinorhizobium	Sinorhizobium_mexicanum_(Ensifer_mexicanus)	90.576	37.1595	0	806
OSBS-28-1-No|nifK|consensus50|strict_single_dominant	OSBS-28-1-No	D03	Galactia sp.	3/26/25	0.073	3.504	Quarter	OSBS-28	dry	nodule	Fabaceae	OSBS	Galactia	Diocleae	OSBS_031	Putnam	FL	yes	NA	NA	20240611	Sinorhizobium	Sinorhizobium_chiapasense	89.983	38.1971	0	798
OSBS-28-1-Ro|nifK|consensus50|strict_single_dominant	OSBS-28-1-Ro	D03	Galactia sp.	3/26/25	0	0	Quarter	OSBS-28	dry	root	Fabaceae	OSBS	Galactia	Diocleae	OSBS_031	Putnam	FL	yes	NA	NA	20240611	Sinorhizobium	Sinorhizobium_mexicanum_(Ensifer_mexicanus)	90.68	33.3982	0	684
DELA-1-3-No|nifK|consensus50|strict_single_dominant	DELA-1-3-No	D08	Sesbania herbacea	4/4/25	53	2544	Half	DELA-1	dry	nodule	Fabaceae	DELA	Sesbania	Sesbanieae	DELA_008	Green County	AL	yes	32.539186	-87.81292	7/24/24	Sinorhizobium	Sinorhizobium_meliloti_(Rhizobium_meliloti)	83.699	97.4708	0	1428
N35-4-D-No|nifK|consensus50|strict_single_dominant	N35-4-D-No	NA	NA	NA	NA	NA	NA	NA	NA	NA	NA	NA	NA	NA	NA	NA	NA	NA	NA	NA	NA	Rhizobium	Rhizobium_sp._ZK1	91.367	99.1569	0	2172
N35-4-D-Ro|nifK|consensus50|strict_single_dominant	N35-4-D-Ro	NA	NA	NA	NA	NA	NA	NA	NA	NA	NA	NA	NA	NA	NA	NA	NA	NA	NA	NA	NA	Rhizobium	Rhizobium_sp._ZK1	91.834	51.6213	0	1110
TALL-5-2-Ro|nifK|consensus50|strict_single_dominant	TALL-5-2-Ro	D08	Desmodium paniculatum	4/4/25	5.43	260.64	Half	TALL-5	dry	root	Fabaceae	TALL	Desmodium	Desmodieae	TALL_016	Bibb County	AL	yes	32.970408	-87.415018	2024-Apr-11	Rhizobium	Rhizobium_sp._ZK1	86.702	48.7678	0	894
DELA-29-1-Ro|nifK|consensus50|strict_single_dominant	DELA-29-1-Ro	D08	Sesbania herbacea	4/4/25	8.895	426.96	Half	DELA-29	dry	root	Fabaceae	DELA	Sesbania	Sesbanieae	DELA_040	Green County	AL	yes	32.53925	-87.80497	8/15/24	Rhizobium	Rhizobium_sp._ZK1	92.225	48.3787	0	1055
JERC-RHTO-58-1-No|nifK|consensus50|strict_single_dominant	JERC-RHTO-58-1-No	D03	Rhynchosia tomentosa	12/4/24	6.185	296.88	Half	JERC-58	dry	nodule	Fabaceae	JERC	Rhynchosia	Phaseoleae	JERC_050	Baker County	Georgia	yes	NA	NA	20240618	Sinorhizobium	Sinorhizobium_garamanticum_(Ensifer_garamanticus)	82.33	50.6485	0	752
OSBS-36-4-Ro|nifK|consensus50|strict_single_dominant	OSBS-36-4-Ro	D03	Tephrosia virginiana	2/26/25	1.16	55.68	Quarter	OSBS-36	NA	root	Fabaceae	OSBS	Tephrosia	Millettieae	OSBS_006	Putnam	FL	yes	NA	NA	20240611	Rhizobium	Rhizobium_sp._ZK1	83.953	55.7717	0	902
NIWO-1-Ro|nifK|consensus50|strict_single_dominant	NIWO-1-Ro	D13	Lupinus argenteus	5/23/25	0	0	Quarter	NIWO-1	NA	root	Fabaceae	NIWO	Lupinus	Genisteae	NIWO_017	Boulder	CO	yes	NA	NA	7/31/24	Sinorhizobium	Sinorhizobium_mexicanum_(Ensifer_mexicanus)	87.241	56.4202	0	1003
DELA-27-3-No|nifK|consensus50|strict_single_dominant	DELA-27-3-No	D08	Sesbania herbacea	4/4/25	53	2544	Half	DELA-27	dry	nodule	Fabaceae	DELA	Sesbania	Sesbanieae	DELA_003	Green County	AL	yes	32.53425	-87.81316	8/15/24	Microvirga	Microvirga_lotononidis	88.022	59.0143	0	1077
LAJA-4-1-No|nifK|consensus50|strict_single_dominant	LAJA-4-1-No	D04	Desmanthus virgatus	3/26/25	0	0	Quarter	LAJA-4	dry	nodule	Fabaceae	LAJA	Desmanthus	Mimosoideae	LAJA_015	LAJA	P.R	yes	18.034464	-67.066822	9/27/24	Mesorhizobium	Mesorhizobium_maamorense	91.312	35.0843	0	739
TOOL-5-Rh|nifK|consensus50|strict_single_dominant	TOOL-5-Rh	D18	Dryas octopetala	4/24/25	0	0	Quarter	TOOL-5	ethanol	rhizosphere	Rosaceae	TOOL	Dryas	actinorhizal	TOOL_032	North Slope Borough	Alaska	yes	NA	NA	20240706	Microvirga	Microvirga_lotononidis	87.019	53.9559	0	996
DELA-9-1-No|nifK|consensus50|strict_single_dominant	DELA-9-1-No	D08	Amphicarpaea bracteata	3/3/25	0.171	8.208	Quarter	DELA-9	dry	nodule	Fabaceae	DELA	Amphicarpaea	Phaseoleae	DELA_016	Green County	AL	yes	32.535793	-87.808361	8/13/24	Microvirga	Microvirga_sp._RSM25	88.721	38.5214	0	726
TALL-15-2-No|nifK|consensus50|strict_single_dominant	TALL-15-2-No	D08	Strophostyles umbellata	3/28/25	2.945	141.36	Quarter	TALL-15	ethanol	nodule	Fabaceae	TALL	Strophostyles	Phaseoleae	TALL_002	Hale County	AL	yes	32.922291	-87.428794	8/22/24	Microvirga	Microvirga_sp._RSM25	88.506	39.4942	0	737
TALL-24-2-No|nifK|consensus50|strict_single_dominant	TALL-24-2-No	D08	Strophostyles umbellata	4/8/25	0.0925	4.44	Quarter	TALL-24	dry	nodule	Fabaceae	TALL	Strophostyles	Phaseoleae	TALL_006	Hale County	AL	yes	32.90006	-87.44547	8/26/24	Microvirga	Microvirga_sp._KLBC_81	87.103	100.0649	0	1757
TALL-24-2-Ro|nifK|consensus50|strict_single_dominant	TALL-24-2-Ro	D08	Strophostyles umbellata	4/8/25	0.5915	28.392	Quarter	TALL-24	dry	root	Fabaceae	TALL	Strophostyles	Phaseoleae	TALL_006	Hale County	AL	yes	32.90006	-87.44547	8/26/24	Microvirga	Microvirga_sp._KLBC_81	85.903	58.8846	0	1002
TALL-52-1-No|nifK|consensus50|strict_single_dominant	TALL-52-1-No	D08	Strophostyles umbellata	3/20/25	0.2145	10.296	Quarter	TALL-52	NA	nodule	Fabaceae	TALL	Strophostyles	Phaseoleae	TALL_006	Hale County	AL	yes	32.898847	-87.44631	8/27/24	Mesorhizobium	Mesorhizobium_sp._RIZ17	85.683	58.8846	0	1011
DSNY-6-2-Rh|nifK|consensus50|strict_single_dominant	DSNY-6-2-Rh	D03	Morella pumila	8/14/24	0.852	40.896	Quarter	DSNY-MOPU-6	dry	rhizosphere	Myricaceae	DSNY	Morella	actinorhizal	DSNY_004	Osceola	Florida	yes	28.09974869	-81.39996247	20240319	Mesorhizobium	Mesorhizobium_muleiense	88.362	57.393	0	1098
DSNY-72-1-Ro|nifK|consensus50|strict_single_dominant	DSNY-72-1-Ro	D03	Galactia elliottii	2/24/25	0	0	Quarter	DSNY-72	dry	root	Fabaceae	DSNY	Galactia	Diocleae	DSNY_043	Polk	Florida	yes	28.1252617	-81.4363446	20240904	Mesorhizobium	Mesorhizobium_sp._WSM2240	84.574	36.5759	2.9399999999999993e-171	595
OSBS-32-1-Rh|nifK|consensus50|strict_single_dominant	OSBS-32-1-Rh	D03	Tephrosia virginiana	2/26/25	0	0	Quarter	OSBS-32	dry	rhizosphere	Fabaceae	OSBS	Tephrosia	Millettieae	OSBS_006	Putnam	FL	yes	NA	NA	20240611	Mesorhizobium	Mesorhizobium_sp._AaZ16	90.815	37.4189	0	773
JERC-164-Ro|nifK|consensus50|strict_single_dominant	JERC-164-Ro	D03	Lespedeza stuvei	2/27/25	0	0	Quarter	JERC-164	dry	root	Fabaceae	JERC	Lespedeza	Desmodieae	JERC_019	Baker County	Georgia	yes	NA	NA	20241003	Mesorhizobium	Mesorhizobium_amorphae	89.189	38.3917	0	739
LENO-13-2-Rh|nifK|consensus50|strict_single_dominant	LENO-13-2-Rh	D08	Amphicarpaea bracteata	2/25/25	0.67	32.16	Quarter	LENO-13	dry	rhizosphere	Fabaceae	LENO	Amphicarpaea	Phaseoleae	LENO_021	Choctaw County	AL	yes	31.834449	-88.170754	7/3/24	Mesorhizobium	Mesorhizobium_sp._WSM2240	86.024	53.8262	0	935
OSBS-36-4-Rh|nifK|consensus50|strict_single_dominant	OSBS-36-4-Rh	D03	Tephrosia virginiana	2/26/25	0	0	Quarter	OSBS-36	NA	rhizosphere	Fabaceae	OSBS	Tephrosia	Millettieae	OSBS_006	Putnam	FL	yes	NA	NA	20240611	Mesorhizobium	Mesorhizobium_sp._WSM2240	87.41	54.0856	0	1005
OSBS-41-3-Rh|nifK|consensus50|strict_single_dominant	OSBS-41-3-Rh	D03	Stylosanthes biflora	2/26/25	0	0	Quarter	OSBS-41	dry	rhizosphere	Fabaceae	OSBS	Stylosanthes	Dalbergieae	OSBS_026	Putnam	FL	yes	NA	NA	20240617	Mesorhizobium	Mesorhizobium_maamorense	89.399	36.7056	0	715
JERC-146-Rh|nifK|consensus50|strict_single_dominant	JERC-146-Rh	D03	Dalea carnea alba	2/17/25	0	0	Quarter	JERC-146	dry	rhizosphere	Fabaceae	JERC	Dalea	Amorpheae	JERC_010	Baker County	Georgia	yes	NA	NA	20240821	Mesorhizobium	Mesorhizobium_maamorense	91.522	37.4838	0	797
JERC-99-4-Rh|nifK|consensus50|strict_single_dominant	JERC-99-4-Rh	D03	Lespedeza bicolor	2/24/25	0	0	Quarter	JERC-99	dry	rhizosphere	Fabaceae	JERC	Lespedeza	Desmodieae	JERC_034	Baker County	Georgia	no	31.2725	-84.58055556	20240625	Mesorhizobium	Mesorhizobium_muleiense	84.211	56.6796	0	939
OSBS-38-1-No|nifK|consensus50|strict_single_dominant	OSBS-38-1-No	D03	Pediomelum canescens	2/26/25	0.953	45.744	Quarter	OSBS-38	NA	nodule	Fabaceae	OSBS	Pediomelum	Psoraleeae	OSBS_029	Putnam	FL	yes	NA	NA	20240617	Mesorhizobium	Mesorhizobium_muleiense	87.373	57.5227	0	1053
JERC-1-2-No|nifK|consensus50|strict_single_dominant	JERC-1-2-No	D03	Astragalus villosus	7/15/24	0.084	4.032	Quarter	JERC-ASVI-1	dry	nodule	Fabaceae	JERC	Astragalus	Galegeae	JERC_030	Baker County	Georgia	yes	31.184164	-84.475005	20240319	Mesorhizobium	Mesorhizobium_sp._WSM2240	87.912	59.0143	0	1086
JERC-131-No|nifK|consensus50|strict_single_dominant	JERC-131-No	D03	Dalea carnea	4/8/25	0	0	Quarter	JERC-131	dry	nodule	Fabaceae	JERC	Dalea	Amorpheae	JERC_048	Baker County	Georgia	yes	NA	NA	20240807	Mesorhizobium	Mesorhizobium_muleiense	87.838	57.5875	0	1070
JERC-1-2-Ro|nifK|consensus50|strict_single_dominant	JERC-1-2-Ro	D03	Astragalus villosus	7/15/24	0	0	Quarter	JERC-ASVI-1	dry	root	Fabaceae	JERC	Astragalus	Galegeae	JERC_030	Baker County	Georgia	yes	31.184164	-84.475005	20240319	Mesorhizobium	Mesorhizobium_sp._AaZ16	93.114	41.4397	0	937
OSBS-36-4-No|nifK|consensus50|strict_single_dominant	OSBS-36-4-No	D03	Tephrosia virginiana	2/26/25	0	0	Quarter	OSBS-36	NA	nodule	Fabaceae	OSBS	Tephrosia	Millettieae	OSBS_006	Putnam	FL	yes	NA	NA	20240611	Mesorhizobium	Mesorhizobium_sp._WSM2240	91.686	56.1608	0	1201
JERC-102-1-Rh|nifK|consensus50|strict_single_dominant	JERC-102-1-Rh	D03	Ceanothus americanus	5/14/25	0.15	7.2	Quarter	JERC-102	dry	rhizosphere	Rhamnaceae	JERC	Ceanothus	actinorhizal	JERC_019	Baker County	Georgia	yes	NA	NA	20240626	Microvirga	Microvirga_sp._KLBC_81	86.756	96.952	0	1727
TOOL-29-Ro|nifK|consensus50|strict_single_dominant	TOOL-29-Ro	D18	Dryas integrifolia	5/23/25	0	0	Quarter	TOOL-29	ethanol	root	Rosaceae	TOOL	Dryas	actinorhizal	Tool_041	North Slope Borough	Alaska	yes	NA	NA	20240710	Mesorhizobium	Mesorhizobium_maamorense	91.818	35.668	0	767
JERC-199-Rh|nifK|consensus50|strict_single_dominant	JERC-199-Rh	D03	Indigofera hirsuta	4/24/25	0	0	Quarter	JERC-199	dry	rhizosphere	Fabaceae	JERC	Indigofera	Indigofereae	JERC_004	Baker County	Georgia	no	NA	NA	20241029	Microvirga	Microvirga_sp._KLBC_81	86.358	50.3891	0	905
OSBS-95-3-Ro|nifK|consensus50|strict_single_dominant	OSBS-95-3-Ro	D03	Dalea feayi	5/14/25	0	0	Quarter	OSBS-95	dry	root	Fabaceae	OSBS	Dalea	Amorpheae	OSBS_007	Putnam	Fl	yes	NA	NA	20240918	Mesorhizobium	Mesorhizobium_maamorense	91.455	35.668	0	758
SERC-5-1-No|nifK|consensus50|strict_single_dominant	SERC-5-1-No	D02	Glycine max	4/15/25	0.0585	2.808	Quarter	SERC-5	ethanol	nodule	Fabaceae	SERC	Glycine	Glycininae	SERC_023	Anne Arundel	MD	no	38.875198	-76.535306	9/25/24	Microvirga	Microvirga_lotononidis	88.023	57.393	0	1077
YELL-6-1-Rh|nifK|consensus50|strict_single_dominant	YELL-6-1-Rh	D12	Astragalus sp.	4/4/25	0	0	Quarter	YELL-6	ethanol	rhizosphere	Fabaceae	YELL	Astragalus	Galegeae	YELL_026	Park County	WY	yes	NA	NA	7/11/24	Mesorhizobium	Mesorhizobium_muleiense	87.833	55.9663	0	1042
TOOL-7-No|nifK|consensus50|strict_single_dominant	TOOL-7-No	D18	Dryas octopetala	4/24/25	0	0	Quarter	TOOL-7	ethanol	nodule	Rosaceae	TOOL	Dryas	actinorhizal	TOOL_032	North Slope Borough	Alaska	yes	NA	NA	20240706	Microvirga	Microvirga_lotononidis	87.774	56.2257	0	1027
TOOL-5-No|nifK|consensus50|strict_single_dominant	TOOL-5-No	D18	Dryas octopetala	4/24/25	0	0	Quarter	TOOL-5	ethanol	nodule	Rosaceae	TOOL	Dryas	actinorhizal	TOOL_032	North Slope Borough	Alaska	yes	NA	NA	20240706	Mesorhizobium	Mesorhizobium_sp._RIZ17	87.231	42.153	0	769
TOOL-2-Rh|nifK|consensus50|strict_single_dominant	TOOL-2-Rh	D18	Dryas integrifolia	4/24/25	0	0	Quarter	TOOL-2	ethanol	rhizosphere	Rosaceae	TOOL	Dryas	actinorhizal	TOOL_041	North Slope Borough	Alaska	yes	NA	NA	20240704	Mesorhizobium	Mesorhizobium_maamorense	88.152	41.0506	0	752
TOOL-6-Ro|nifK|consensus50|strict_single_dominant	TOOL-6-Ro	D18	Dryas octopetala	4/24/25	0	0	Quarter	TOOL-6	ethanol	root	Rosaceae	TOOL	Dryas	actinorhizal	TOOL_032	North Slope Borough	Alaska	yes	NA	NA	20240706	Mesorhizobium	Mesorhizobium_muleiense	88.206	51.6861	0	981
JERC-87-1-Ro|nifK|consensus50|strict_single_dominant	JERC-87-1-Ro	D03	Crotalaria juncea	5/14/25	0	0	Quarter	JERC-87	dry	root	Fabaceae	JERC	Crotalaria	Crotalarieae	JERC_034	Baker County	Georgia	no	31.19805	-84.48836667	20240625	Mesorhizobium	Mesorhizobium_maamorense	92.043	35.8625	0	778
TOOL-11-Ro|nifK|consensus50|strict_single_dominant	TOOL-11-Ro	D18	Astragalus umbellatus	5/2/25	0	0	Quarter	TOOL-11	ethanol	root	Fabaceae	TOOL	Astragalus	Galegeae	TOOL_032	North Slope Borough	Alaska	yes	NA	NA	20240706	Mesorhizobium	Mesorhizobium_muleiense	86.115	46.2387	0	815
TOOL-10-No|nifK|consensus50|strict_single_dominant	TOOL-10-No	D18	Astragalus umbellatus	5/2/25	27.2	1305.6	Half	TOOL-10	ethanol	nodule	Fabaceae	TOOL	Astragalus	Galegeae	TOOL_032	North Slope Borough	Alaska	yes	NA	NA	20240706	Mesorhizobium	Mesorhizobium_muleiense	89.865	57.5875	0	1164
TOOL-10-Rh|nifK|consensus50|strict_single_dominant	TOOL-10-Rh	D18	Astragalus umbellatus	5/2/25	0	0	Quarter	TOOL-10	ethanol	rhizosphere	Fabaceae	TOOL	Astragalus	Galegeae	TOOL_032	North Slope Borough	Alaska	yes	NA	NA	20240706	Mesorhizobium	Mesorhizobium_muleiense	89.517	55.0584	0	1098
TOOL-9-No|nifK|consensus50|strict_single_dominant	TOOL-9-No	D18	Astragalus umbellatus	5/2/25	25.35	1216.8	Half	TOOL-9	ethanol	nodule	Fabaceae	TOOL	Astragalus	Galegeae	TOOL_032	North Slope Borough	Alaska	yes	NA	NA	20240706	Mesorhizobium	Mesorhizobium_muleiense	90.664	57.6524	0	1182
TOOL-8-No|nifK|consensus50|strict_single_dominant	TOOL-8-No	D18	Astragalus umbellatus	4/24/25	0.2145	10.296	Quarter	TOOL-8	ethanol	nodule	Fabaceae	TOOL	Astragalus	Galegeae	TOOL_032	North Slope Borough	Alaska	yes	NA	NA	20240706	Mesorhizobium	Mesorhizobium_maamorense	88.086	99.6109	0	1886
TOOL-16-No|nifK|consensus50|strict_single_dominant	TOOL-16-No	D18	Dryas integrifolia	5/2/25	0	0	Quarter	TOOL-16	ethanol	nodule	Rosaceae	TOOL	Dryas	actinorhizal	TOOL_002	North Slope Borough	Alaska	yes	68.63136	-149.34375	20240709	Microvirga	Microvirga_lotononidis	89.744	55.642	0	1109
TOOL-12-Ro|nifK|consensus50|strict_single_dominant	TOOL-12-Ro	D18	Astragalus umbellatus	5/2/25	0.116	5.568	Quarter	TOOL-12	ethanol	root	Fabaceae	TOOL	Astragalus	Galegeae	TOOL_032	North Slope Borough	Alaska	yes	NA	NA	20240706	Mesorhizobium	Mesorhizobium_maamorense	91.623	37.1595	0	793
TOOL-14-No|nifK|consensus50|strict_single_dominant	TOOL-14-No	D18	Dryas integrifolia	5/2/25	0	0	Quarter	TOOL-14	ethanol	nodule	Rosaceae	TOOL	Dryas	actinorhizal	TOOL_002	North Slope Borough	Alaska	yes	68.63136	-149.34375	20240709	Microvirga	Microvirga_sp._KLBC_81	87.659	96.6926	0	1790
TOOL-9-Ro|nifK|consensus50|strict_single_dominant	TOOL-9-Ro	D18	Astragalus umbellatus	5/2/25	0.254	12.192	Quarter	TOOL-9	ethanol	root	Fabaceae	TOOL	Astragalus	Galegeae	TOOL_032	North Slope Borough	Alaska	yes	NA	NA	20240706	Mesorhizobium	Mesorhizobium_muleiense	89.734	51.1673	0	1038
TOOL-14-Rh|nifK|consensus50|strict_single_dominant	TOOL-14-Rh	D18	Dryas integrifolia	5/2/25	0	0	Quarter	TOOL-14	ethanol	rhizosphere	Rosaceae	TOOL	Dryas	actinorhizal	TOOL_002	North Slope Borough	Alaska	yes	68.63136	-149.34375	20240709	Mesorhizobium	Mesorhizobium_muleiense	89.4	50.7782	0	1016
OAES-37-2-Rh|nifK|consensus50|strict_single_dominant	OAES-37-2-Rh	D11	Dalea purpurea	5/14/25	0	0	Quarter	OAES-37	ethanol	rhizosphere	Fabaceae	OAES	Dalea	Amorpheae	OAES_003_R	Washita	OK	yes	35.41178	-99.06994	8/23/24	Microvirga	Microvirga_sp._KLBC_81	86.722	54.2153	0	1003
TOOL-34-No|nifK|consensus50|strict_single_dominant	TOOL-34-No	D18	Dryas octopetala	5/23/25	0	0	Quarter	TOOL-34	ethanol	nodule	Rosaceae	TOOL	Dryas	actinorhizal	TOOL_011	North Slope Borough	Alaska	yes	68.62774	-149.58777	20240711	Mesorhizobium	Mesorhizobium_muleiense	88.286	52.594	0	1002
TOOL-20-Rh|nifK|consensus50|strict_single_dominant	TOOL-20-Rh	D18	Dryas integrifolia	5/14/25	0	0	Quarter	TOOL-20	ethanol	rhizosphere	Rosaceae	TOOL	Dryas	actinorhizal	TOOL_003	North Slope Borough	Alaska	yes	NA	NA	20240710	Microvirga	Microvirga_lotononidis	89.623	54.9935	0	1109
TOOL-23-Ro|nifK|consensus50|strict_single_dominant	TOOL-23-Ro	D18	Oxytropis campestris	5/14/25	1.275	61.2	Quarter	TOOL-23	ethanol	root	Fabaceae	TOOL	Oxytropis	Galegeae	TOOL_020	North Slope Borough	Alaska	yes	68.63757	-149.64717	20240710	Mesorhizobium	Mesorhizobium_muleiense	89.873	56.3554	0	1144
TOOL-30-Ro|nifK|consensus50|strict_single_dominant	TOOL-30-Ro	D18	Dryas integrifolia	5/23/25	0.967	46.416	Quarter	TOOL-30	ethanol	root	Rosaceae	TOOL	Dryas	actinorhizal	Tool_041	North Slope Borough	Alaska	yes	NA	NA	20240710	Mesorhizobium	Mesorhizobium_muleiense	90.106	49.1569	0	1014
TOOL-28-No|nifK|consensus50|strict_single_dominant	TOOL-28-No	D18	Dryas integrifolia	5/23/25	0	0	Quarter	TOOL-28	ethanol	nodule	Rosaceae	TOOL	Dryas	actinorhizal	Tool_041	North Slope Borough	Alaska	yes	NA	NA	20240710	Mesorhizobium	Mesorhizobium_sp._WSM4083	87.38	67.3152	0	1260
RMNP-1-No|nifK|consensus50|strict_single_dominant	RMNP-1-No	D10	Thermopsis divaricarpa	4/24/25	2.99	143.52	Quarter	RMNP-1	dry	nodule	Fabaceae	RMNP	Thermopsis	Sophoreae	RMNP_019	Boulder	CO	yes	NA	NA	7/10/24	Microvirga	Microvirga_sp._KLBC_81	89.87	99.8703	0	1999
RMNP-2-No|nifK|consensus50|strict_single_dominant	RMNP-2-No	D10	Thermopsis divaricarpa	4/24/25	9.745	467.76	Half	RMNP-2	dry	nodule	Fabaceae	RMNP	Thermopsis	Sophoreae	RMNP_016	Boulder	CO	yes	NA	NA	6/11/24	Mesorhizobium	Mesorhizobium_maamorense	89.961	98.8327	0	2013
RMNP-2-Rh|nifK|consensus50|strict_single_dominant	RMNP-2-Rh	D10	Thermopsis divaricarpa	4/24/25	0	0	Quarter	RMNP-2	dry	rhizosphere	Fabaceae	RMNP	Thermopsis	Sophoreae	RMNP_016	Boulder	CO	yes	NA	NA	6/11/24	Mesorhizobium	Mesorhizobium_maamorense	89.675	99.8703	0	2006
OAES-8-2-No|nifK|consensus50|strict_single_dominant	OAES-8-2-No	D11	Astragalus plattensis	6/25/24	1.075	51.6	Quarter	OAES-8	ethanol	nodule	Fabaceae	OAES	Astragalus	Galegeae	OAES_044_T	Washita	OK	yes	35.40431	-99.05922	4/2/24	Mesorhizobium	Mesorhizobium_maamorense	90.915	99.9351	0	2091
DEJU-11-1-Ro|nifK|consensus50|strict_single_dominant	DEJU-11-1-Ro	D19	Lupinus arcticus	3/26/25	11.75	564	Half	DEJU-11	ethanol	root	Fabaceae	DEJU	Lupinus	Genisteae	DEJU_006	NA	Alaska	yes	NA	NA	NA	Sinorhizobium	Sinorhizobium_prairiense	91.348	38.9754	0	822
TALL-13-3-No|nifK|consensus50|strict_single_dominant	TALL-13-3-No	D08	Robinia pseudoacacia	3/28/25	13.35	640.8	Half	TALL-13	dry	nodule	Fabaceae	TALL	Robinia	Robinieae	TALL_001	Hale County	AL	yes	32.975212	-87.436315	8/22/24	Microvirga	Microvirga_sp._RSM25	87.622	100.0649	0	1864
TALL-64-1-No|nifK|consensus50|strict_single_dominant	TALL-64-1-No	D08	Robinia pseudoacacia	3/21/25	0.5465	26.232	Quarter	TALL-64	dry	nodule	Fabaceae	TALL	Robinia	Robinieae	TALL_047	Bibb County	AL	yes	32.951299	-87.398914	9/3/24	Mesorhizobium	Mesorhizobium_maamorense	87.8	99.9351	0	1877
TALL-64-1-Ro|nifK|consensus50|strict_single_dominant	TALL-64-1-Ro	D08	Robinia pseudoacacia	3/21/25	0.162	7.776	Quarter	TALL-64	dry	root	Fabaceae	TALL	Robinia	Robinieae	TALL_047	Bibb County	AL	yes	32.951299	-87.398914	9/3/24	Sinorhizobium	Sinorhizobium_prairiense	86.703	59.0143	0	1064
HEAL-10-2-No|nifK|consensus50|strict_single_dominant	HEAL-10-2-No	D19	Alnus viridis	3/20/25	5.975	286.8	Half	HEAL-10	ethanol	nodule	Betulaceae	HEAL	Alnus	actinorhizal	HEAL_004	Denali Borough	Alaska	yes	63.86378 N	149.27284 W	20240723	Sinorhizobium	Sinorhizobium_prairiense	87.626	51.3619	0	931
LAJA-11-3-No|nifK|consensus50|strict_single_dominant	LAJA-11-3-No	D04	Calopogonium sp.	3/19/25	10.4	499.2	Half	LAJA-11	dry	nodule	Fabaceae	LAJA	Calopogonium	Phaseoleae	LAJA_009	LAJA	P.R	yes	18.03228	-67.06922	10/2/24	Mesorhizobium	Mesorhizobium_sp._WSM2240	85.405	56.8742	0	963
JERC-201-1-No|nifK|consensus50|strict_single_dominant	JERC-201-1-No	D03	Desmodium laevigatum	4/3/25	25.4	1219.2	Half	JERC-201	dry	nodule	Fabaceae	JERC	Desmodium	Desmodieae	JERC_004	Baker County	Georgia	yes	NA	NA	20241029	Mesorhizobium	Mesorhizobium_maamorense	91.367	36.0571	0	761
JERC-93-1-No|nifK|consensus50|strict_single_dominant	JERC-93-1-No	D03	Desmodium viridiflorum	3/26/25	7.845	376.56	Half	JERC-93	dry	nodule	Fabaceae	JERC	Desmodium	Desmodieae	JERC_047	Baker County	Georgia	yes	NA	NA	20240625	Microvirga	Microvirga_sp._KLBC_81	86.707	97.0817	0	1724
TALL-19-2-No|nifK|consensus50|strict_single_dominant	TALL-19-2-No	D08	Desmodium sp.	3/21/25	8.75	420	Half	TALL-19	ethanol	nodule	Fabaceae	TALL	Desmodium	Desmodieae	TALL_002	Hale County	AL	yes	32.922222	-87.429133	8/22/24	Mesorhizobium	Mesorhizobium_maamorense	92.182	35.668	0	778
TALL-55-1-No|nifK|consensus50|strict_single_dominant	TALL-55-1-No	D08	Desmodium paniculatum	3/20/25	10.2	489.6	Half	TALL-55	dry	nodule	Fabaceae	TALL	Desmodium	Desmodieae	TALL_q033	Bibb County	AL	yes	32.973539	-87.409071	8/27/24	Microvirga	Microvirga_sp._KLBC_81	85.914	46.4981	0	809
JERC-94-1-No|nifK|consensus50|strict_single_dominant	JERC-94-1-No	D03	Robinia pseudoacacia	3/26/25	14.9	715.2	Half	JERC-94	dry	nodule	Fabaceae	JERC	Robinia	Robinieae	JERC_034	Baker County	Georgia	yes	31.26805556	-84.58777778	20240625	Sinorhizobium	Sinorhizobium_prairiense	88.242	59.0143	0	1116
OSBS-69-1-Ro|nifK|consensus50|strict_single_dominant	OSBS-69-1-Ro	D03	Lespedeza sp.	3/26/25	1.55	74.4	Quarter	OSBS-69	dry	root	Fabaceae	OSBS	Lespedeza	Desmodieae	OSBS_008	Putnam	FL	0	NA	NA	20240723	Sinorhizobium	Sinorhizobium_prairiense	87.586	56.4202	0	1053
OSBS-91-1-Rh|nifK|consensus50|strict_single_dominant	OSBS-91-1-Rh	D03	Stylosanthes biflora	5/23/25	0	0	Quarter	OSBS-91	dry	rhizosphere	Fabaceae	OSBS	Stylosanthes	Dalbergieae	OSBS_031	Putnam	FL	yes	NA	NA	20240827	Microvirga	Microvirga_sp._RSM25	86.967	56.2257	0	1022
SCBI-5-1-No|nifK|consensus50|strict_single_dominant	SCBI-5-1-No	D02	Robinia pseudoacacia	4/24/25	20.3	974.4	Half	SCBI-5	ethanol	nodule	Fabaceae	SCBI	Robinia	Robinieae	SCBI-047	Warren	VA	yes	38.894252	-78.137193	NA	Sinorhizobium	Sinorhizobium_prairiense	88.375	57.4578	0	1092
LENO-15-2-Rh|nifK|consensus50|strict_single_dominant	LENO-15-2-Rh	D08	Elaeagnus umbellata	3/20/25	27.8	1334.4	Half	LENO-15	dry	rhizosphere	Elaeagnaceae	LENO	Elaeagnus	actinorhizal	LENO_029	Choctaw County	AL	no	31.831293	-88.171122	7/3/24	Mesorhizobium	Mesorhizobium_muleiense	89.339	48.0545	0	961
DSNY-2-1-Rh|nifK|consensus50|strict_single_dominant	DSNY-2-1-Rh	D03	Lupinus floridanus	8/19/24	0	0	Quarter	DSNY-LUFL-2	dry	rhizosphere	Fabaceae	DSNY	Lupinus	Genisteae	DSNY_017	Polk	Florida	yes	28.056984	-81.403242	20240312	Mesorhizobium	Mesorhizobium_maamorense	87.514	58.69	0	1074
LENO-7-2-No|nifK|consensus50|strict_single_dominant	LENO-7-2-No	D08	Amorpha fruticosa	2/5/25	1.055	50.64	Quarter	LENO-7	ethanol	nodule	Fabaceae	LENO	Amorpha	Amorpheae	LENO_012	Choctaw County	AL	yes	31.80805	-88.179966	6/25/24	Mesorhizobium	Mesorhizobium_maamorense	86.739	41.5694	0	743
JERC-34-4-No|nifK|consensus50|strict_single_dominant	JERC-34-4-No	D03	Amorpha fruticosa	1/23/25	0	0	Quarter	JERC-34	dry	nodule	Fabaceae	JERC	Amorpha	Amorpheae	JERC_062	Baker County	Georgia	yes	NA	NA	20240604	Mesorhizobium	Mesorhizobium_maamorense	84.876	57.4578	0	983
LENO-12-3-No|nifK|consensus50|strict_single_dominant	LENO-12-3-No	D08	Amorpha fruticosa	3/20/25	0	0	Quarter	LENO-12	ethanol	nodule	Fabaceae	LENO	Amorpha	Amorpheae	LENO_027	Choctaw County	AL	yes	31.817744	-88.202245	7/2/24	Microvirga	Microvirga_sp._KLBC_81	90.217	35.7977	0	721
JERC-AMFU-71-1-No|nifK|consensus50|strict_single_dominant	JERC-AMFU-71-1-No	D03	Amorpha fruticosa	12/4/24	0.3105	14.904	Quarter	JERC-71	dry	nodule	Fabaceae	JERC	Amorpha	Amorpheae	JERC_050	Baker County	Georgia	yes	NA	NA	20240618	Mesorhizobium	Mesorhizobium_maamorense	86.567	56.4851	0	994
JERC-AMFU-71-1-Ro|nifK|consensus50|strict_single_dominant	JERC-AMFU-71-1-Ro	D03	Amorpha fruticosa	12/4/24	0.315	15.12	Quarter	JERC-71	dry	root	Fabaceae	JERC	Amorpha	Amorpheae	JERC_050	Baker County	Georgia	yes	NA	NA	20240618	Mesorhizobium	Mesorhizobium_maamorense	85.847	55.9014	0	974
LENO-9-2-No|nifK|consensus50|strict_single_dominant	LENO-9-2-No	D08	Amorpha fruticosa	2/5/25	16.6	796.8	Half	LENO-9	ethanol	nodule	Fabaceae	LENO	Amorpha	Amorpheae	LENO_002	Choctaw County	AL	yes	31.806911	-88.193998	7/2/24	Mesorhizobium	Mesorhizobium_sp._RIZ17	86.441	57.393	0	1003
LENO-9-2-Rh|nifK|consensus50|strict_single_dominant	LENO-9-2-Rh	D08	Amorpha fruticosa	2/5/25	0.249	11.952	Quarter	LENO-9	ethanol	rhizosphere	Fabaceae	LENO	Amorpha	Amorpheae	LENO_002	Choctaw County	AL	yes	31.806911	-88.193998	7/2/24	Mesorhizobium	Mesorhizobium_sp._RIZ17	86.621	56.2257	0	994
JERC-AMFR-56-1-No|nifK|consensus50|strict_single_dominant	JERC-AMFR-56-1-No	D03	Amorpha fruticosa	12/4/24	0.18	8.64	Quarter	JERC-56	dry	nodule	Fabaceae	JERC	Amorpha	Amorpheae	JERC_050	Baker County	Georgia	yes	NA	NA	20240618	Microvirga	Microvirga_sp._RSM25	87.726	96.6926	0	1772
HARV-4-1-No|nifK|consensus50|strict_single_dominant	HARV-4-1-No	D01	Apios americana	2/25/25	58	2784	Half	HARV-4	dry	nodule	Fabaceae	HARV	Apios	Phaseoleae	HARV_027	Worcester	MA	yes	42.42934	-72.24935	8/22/24	Sinorhizobium	Sinorhizobium_prairiense	89.312	35.7977	0	693
OAES-35-3-No|nifK|consensus50|strict_single_dominant	OAES-35-3-No	D11	Amorpha fruticosa	5/14/25	0	0	Quarter	OAES-35	ethanol	nodule	Fabaceae	OAES	Amorpha	Amorpheae	OAES_011_R	Washita	OK	yes	35.40049	-99.06592	8/21/24	Sinorhizobium	Sinorhizobium_prairiense	88.242	59.0143	0	1086
SRER-8-1-Rh|nifK|consensus50|strict_single_dominant	SRER-8-1-Rh	D14	Astragalus nuttallianus	8/14/24	0	0	Quarter	SRER-8	dry	rhizosphere	Fabaceae	SRER	Astragalus	Galegeae	SRER_005	Pima	Arizona	yes	31.4969	-110.4945	4/10/24	Mesorhizobium	Mesorhizobium_sp._WSM2240	89.78	59.0143	0	1192
DELA-2-2-Rh|nifK|consensus50|strict_single_dominant	DELA-2-2-Rh	D08	Lespedeza cuneata	2/26/25	0.2215	10.632	Quarter	DELA-2	dry	rhizosphere	Fabaceae	DELA	Lespedeza	Desmodieae	DELA_008	Green County	AL	no	32.539186	-87.81292	7/24/24	Microvirga	Microvirga_sp._KLBC_81	87.485	52.3346	0	957
OSBS-109-4-Rh|nifK|consensus50|strict_single_dominant	OSBS-109-4-Rh	D03	Crotalaria spectabilis	2/26/25	0	0	Quarter	OSBS-109	dry	rhizosphere	Fabaceae	OSBS	Crotalaria	Crotalarieae	OSBS_017	Putnam	Fl	no	29.704875	-81.990736	20241028	Microvirga	Microvirga_sp._RSM25	87.796	52.0752	0	966
CLBJ-39-1-Rh|nifK|consensus50|strict_single_dominant	CLBJ-39-1-Rh	D11	Chamaecrista fasciculata	2/19/25	0	0	Quarter	CLBJ-39	ethanol	rhizosphere	Fabaceae	CLBJ	Chamaecrista	Cassieae	CLBJ_034	Wise	TX	yes	33.23681	-97.34107	9/2/24	Mesorhizobium	Mesorhizobium_sp._WSM2240	92.063	40.856	0	887
DSNY-82-3-No|nifK|consensus50|strict_single_dominant	DSNY-82-3-No	D03	Crotalaria pallida v. obovata	2/26/25	0	0	Quarter	DSNY-82	dry	nodule	Fabaceae	DSNY	Crotalaria	Crotalarieae	DSNY_015	Polk	Florida	yes	28.1094603	-81.4310661	20240904	Mesorhizobium	Mesorhizobium_sp._WSM2240	88.297	55.9663	0	1070
OAES-18-3-Ro|nifK|consensus50|strict_single_dominant	OAES-18-3-Ro	D11	Astragalus missouriensis	8/14/24	0.096	4.608	Quarter	OAES-18	ethanol	root	Fabaceae	OAES	Astragalus	Galegeae	OAES_003_R	Washita	OK	yes	35.41214	-99.0698	4/11/24	Microvirga	Microvirga_sp._KLBC_81	90.65	40.9209	0	839
SRER-10-1-No|nifK|consensus50|strict_single_dominant	SRER-10-1-No	D14	Lupinus sparsiflorus	8/19/24	0	0	Quarter	SRER-10	dry	nodule	Fabaceae	SRER	Lupinus	Genisteae	SRER_006	Pima	Arizona	yes	31.47699	-110.54576	4/10/24	Mesorhizobium	Mesorhizobium_maamorense	89.033	99.9351	0	1932
OAES-15-No|nifK|consensus50|strict_single_dominant	OAES-15-No	D11	Astragalus crassicarpus var. crassicarpus	8/19/24	0.0855	4.104	Quarter	OAES-15	ethanol	nodule	Fabaceae	OAES	Astragalus	Galegeae	OAES_021_R	Washita	OK	yes	35.41182	-99.07327	4/11/24	Microvirga	Microvirga_sp._KLBC_81	89.487	99.9351	0	1945
OAES-15-Ro|nifK|consensus50|strict_single_dominant	OAES-15-Ro	D11	Astragalus crassicarpus var. crassicarpus	8/19/24	1.08	51.84	Quarter	OAES-15	ethanol	root	Fabaceae	OAES	Astragalus	Galegeae	OAES_021_R	Washita	OK	yes	35.41182	-99.07327	4/11/24	Microvirga	Microvirga_lotononidis	89.556	58.3658	0	1151
RMNP-3-No|nifK|consensus50|strict_single_dominant	RMNP-3-No	D10	Oxytropis multiceps	4/24/25	0	0	Quarter	RMNP-3	dry	nodule	Fabaceae	RMNP	Oxytropis	Galegeae	RMNP_016	Boulder	CO	yes	NA	NA	6/11/24	Microvirga	Microvirga_sp._KLBC_81	87.945	98.4436	0	1849
SRER-1-1-No|nifK|consensus50|strict_single_dominant	SRER-1-1-No	D14	Acmispon strigosus	8/14/24	4.12	197.76	Quarter	SRER-1	dry	nodule	Fabaceae	SRER	Lotus	Loteae	SRER_002	Pima	Arizona	yes	31.81032	-110.85676	4/10/24	Microvirga	Microvirga_sp._KLBC_81	88.852	98.8975	0	1899
SRER-14-1-No|nifK|consensus50|strict_single_dominant	SRER-14-1-No	D14	Acmispon brachycarpus	8/19/24	0.1585	7.608	Quarter	SRER-14	dry	nodule	Fabaceae	SRER	Lotus	Loteae	SRER_001	Pima	Arizona	yes	31.8619	-110.81906	4/10/24	Microvirga	Microvirga_lotononidis	88.009	58.9494	0	1098
SRER-7-1-No|nifK|consensus50|strict_single_dominant	SRER-7-1-No	D14	Lupinus concinnus	8/14/24	57	2736	Half	SRER-7	dry	nodule	Fabaceae	SRER	Lupinus	Genisteae	SRER_005	Pima	Arizona	yes	31.4969	-110.4945	4/10/24	Microvirga	Microvirga_sp._KLBC_81	89.371	100.0649	0	1953
SRER-9-1-Ro|nifK|consensus50|strict_single_dominant	SRER-9-1-Ro	D14	Lupinus concinnus	8/19/24	10.6	508.8	Half	SRER-9	dry	root	Fabaceae	SRER	Lupinus	Genisteae	SRER_006	Pima	Arizona	yes	31.47733	-110.54604	4/10/24	Mesorhizobium	Mesorhizobium_maamorense	89.358	99.9351	0	1967
OAES-21-3-No|nifK|consensus50|strict_single_dominant	OAES-21-3-No	D11	Astragalus plattensis	6/4/24	0.7035	139.293	Quarter	OAES-21	ethanol	nodule	Fabaceae	OAES	Astragalus	Galegeae	OAES_012_R	Washita	OK	yes	35.402943	-99.064829	4/16/24	Microvirga	Microvirga_sp._RSM25	88.229	58.9494	0	1116
SRER-12-1-Ro|nifK|consensus50|strict_single_dominant	SRER-12-1-Ro	D14	Acmispon brachycarpus	8/19/24	0.083	3.984	Quarter	SRER-12	dry	root	Fabaceae	SRER	Lotus	Loteae	SRER_006	Pima	Arizona	yes	31.47697	-110.54576	4/10/24	Microvirga	Microvirga_sp._RSM25	88.496	58.6252	0	1122
SRER-18-1-Rh|nifK|consensus50|strict_single_dominant	SRER-18-1-Rh	D14	Lupinus concinnus	8/19/24	0.673	32.304	Quarter	SRER-18	dry	rhizosphere	Fabaceae	SRER	Lupinus	Genisteae	SRER_003	Pima	Arizona	yes	31.84075	-110.91726	4/11/24	Mesorhizobium	Mesorhizobium_maamorense	88.071	58.1712	0	1092
SRER-18-1-Ro|nifK|consensus50|strict_single_dominant	SRER-18-1-Ro	D14	Lupinus concinnus	8/19/24	23.2	1113.6	Half	SRER-18	dry	root	Fabaceae	SRER	Lupinus	Genisteae	SRER_003	Pima	Arizona	yes	31.84075	-110.91726	4/11/24	Mesorhizobium	Mesorhizobium_maamorense	89.173	98.8327	0	1925
SRER-17-1-No|nifK|consensus50|strict_single_dominant	SRER-17-1-No	D14	Lotus strigosus	8/19/24	31.8	1526.4	Half	SRER-17	dry	nodule	Fabaceae	SRER	Lotus	Loteae	SRER_003	Pima	Arizona	yes	31.84081	-110.91742	4/11/24	Microvirga	Microvirga_sp._KLBC_81	89.307	100.0649	0	1964
SRER-3-1-No|nifK|consensus50|strict_single_dominant	SRER-3-1-No	D14	Lupinus concinnus	8/14/24	33.5	1608	Half	SRER-3	dry	nodule	Fabaceae	SRER	Lupinus	Genisteae	SRER_002	Pima	Arizona	yes	31.87047	-110.85648	4/10/24	Microvirga	Microvirga_sp._KLBC_81	89.501	100.0649	0	1980
SRER-2-1-No|nifK|consensus50|strict_single_dominant	SRER-2-1-No	D14	Acmispon brachycarpus	8/14/24	2.55	122.4	Quarter	SRER-2	dry	nodule	Fabaceae	SRER	Lotus	Loteae	SRER_002	Pima	Arizona	yes	31.87051	-110.85657	4/10/24	Microvirga	Microvirga_sp._KLBC_81	87.991	57.7821	0	1074
OSBS-18-5-Ro|nifK|consensus50|strict_single_dominant	OSBS-18-5-Ro	D03	Tephrosia virginiana	8/19/24	0.1345	6.456	Quarter	OSBS-TEVI-18	dry	root	Fabaceae	OSBS	Tephrosia	Millettieae	OSBS_063	Putnam	FL	yes	NA	NA	20240521	Mesorhizobium	Mesorhizobium_maamorense	88.903	50.2594	0	990
SRER-13-1-No|nifK|consensus50|strict_single_dominant	SRER-13-1-No	D14	Lotus strigosus	8/19/24	0.085	4.08	Quarter	SRER-13	dry	nodule	Fabaceae	SRER	Lotus	Loteae	SRER_001	Pima	Arizona	yes	31.86197	-110.81906	4/10/24	Microvirga	Microvirga_sp._KLBC_81	88.326	58.8846	0	1118
SRER-13-1-Ro|nifK|consensus50|strict_single_dominant	SRER-13-1-Ro	D14	Lotus strigosus	8/19/24	0.1885	9.048	Quarter	SRER-13	dry	root	Fabaceae	SRER	Lotus	Loteae	SRER_001	Pima	Arizona	yes	31.86197	-110.81906	4/10/24	Microvirga	Microvirga_sp._KLBC_81	88.393	58.1064	0	1107
SRER-13-1-Rh|nifK|consensus50|strict_single_dominant	SRER-13-1-Rh	D14	Lotus strigosus	8/19/24	0.124	5.952	Quarter	SRER-13	dry	rhizosphere	Fabaceae	SRER	Lotus	Loteae	SRER_001	Pima	Arizona	yes	31.86197	-110.81906	4/10/24	Microvirga	Microvirga_sp._KLBC_81	88.328	57.7821	0	1103
SRER-14-1-Ro|nifK|consensus50|strict_single_dominant	SRER-14-1-Ro	D14	Acmispon brachycarpus	8/19/24	13.3	638.4	Half	SRER-14	dry	root	Fabaceae	SRER	Lotus	Loteae	SRER_001	Pima	Arizona	yes	31.8619	-110.81906	4/10/24	Microvirga	Microvirga_sp._KLBC_81	89.231	96.952	0	1897
SRER-5-1-Rh|nifK|consensus50|strict_single_dominant	SRER-5-1-Rh	D14	Acmispon brachycarpus	8/14/24	2.525	121.2	Quarter	SRER-5	dry	rhizosphere	Fabaceae	SRER	Lotus	Loteae	SRER_005	Pima	Arizona	yes	31.4972	-110.49448	4/10/24	Mesorhizobium	Mesorhizobium_maamorense	89.364	100	0	1975
MLBS-1-1-No|nifK|consensus50|strict_single_dominant	MLBS-1-1-No	D07	Elaeagnus umbellata	2/17/25	0	0	Quarter	MLBS-1	dry	nodule	Elaeagnaceae	MLBS	Elaeagnus	actinorhizal	MLBS_030	Giles	VA	no	37.43	-80.508333	5/15/24	Microvirga	Microvirga_lotononidis	87.471	56.4202	0	1046
OSBS-36-1-Rh|nifK|consensus50|strict_single_dominant	OSBS-36-1-Rh	D03	Tephrosia virginiana	2/26/25	0	0	Quarter	OSBS-36	dry	rhizosphere	Fabaceae	OSBS	Tephrosia	Millettieae	OSBS_006	Putnam	FL	yes	NA	NA	20240611	Microvirga	Microvirga_lotononidis	87.339	50.1946	0	928
SRER-6-1-Ro|nifK|consensus50|strict_single_dominant	SRER-6-1-Ro	D14	Lupinus sparsiflorus	8/14/24	11.6	556.8	Half	SRER-6	dry	root	Fabaceae	SRER	Lupinus	Genisteae	SRER_005	Pima	Arizona	yes	31.49723	-110.49428	4/10/24	Microvirga	Microvirga_sp._KLBC_81	89.6	97.2763	0	1930
SRER-8-1-No|nifK|consensus50|strict_single_dominant	SRER-8-1-No	D14	Astragalus nuttallianus	8/14/24	44.25	2124	Half	SRER-8	dry	nodule	Fabaceae	SRER	Astragalus	Galegeae	SRER_005	Pima	Arizona	yes	31.4969	-110.4945	4/10/24	Microvirga	Microvirga_sp._KLBC_81	89.76	100.0649	0	1997
SRER-6-1-No|nifK|consensus50|strict_single_dominant	SRER-6-1-No	D14	Lupinus sparsiflorus	8/14/24	54.5	2616	Half	SRER-6	dry	nodule	Fabaceae	SRER	Lupinus	Genisteae	SRER_005	Pima	Arizona	yes	31.49723	-110.49428	4/10/24	Mesorhizobium	Mesorhizobium_maamorense	88.781	100	0	1932
ORNL-13-2-No|nifK|consensus50|strict_single_dominant	ORNL-13-2-No	D07	Kummerowia striata	2/25/24	1.495	71.76	Quarter	ORNL-13	dry	nodule	Fabaceae	ORNL	Kummerowia	Desmodieae	ORNL_047	Anderson	TN	no	35.9525	-84.219722	7/11/24	Microvirga	Microvirga_sp._KLBC_81	87.964	57.6524	0	1092
JERC-169-Rh|nifK|consensus50|strict_single_dominant	JERC-169-Rh	D03	Clitoria mariana	2/27/25	0	0	Quarter	JERC-169	dry	rhizosphere	Fabaceae	JERC	Clitoria	Phaseoleae	JERC_019	Baker County	Georgia	yes	NA	NA	20241003	Mesorhizobium	Mesorhizobium_maamorense	87.774	41.3748	0	778
JERC-98-2-Rh|nifK|consensus50|strict_single_dominant	JERC-98-2-Rh	D03	Lespedeza cuneata	2/24/25	0	0	Quarter	JERC-98	dry	rhizosphere	Fabaceae	JERC	Lespedeza	Desmodieae	JERC_034	Baker County	Georgia	no	31.26611111	-84.59333333	20240625	Microvirga	Microvirga_sp._KLBC_81	88.942	40.4669	0	795
DSNY-67-3-Rh|nifK|consensus50|strict_single_dominant	DSNY-67-3-Rh	D03	Desmodium triflorum	2/24/25	0	0	Quarter	DSNY-67	dry	rhizosphere	Fabaceae	DSNY	Desmodium	Desmodieae	DSNY_021	Polk	Florida	yes	28.0490055	-81.4001861	20240821	Microvirga	Microvirga_lotononidis	85.795	57.5227	0	987
OSBS-20-1-Ro|nifK|consensus50|strict_single_dominant	OSBS-20-1-Ro	D03	Rhynchosia cinerea	8/19/24	0.0725	3.48	Quarter	OSBS-RHCI-20	dry	root	Fabaceae	OSBS	Rhynchosia	Phaseoleae	OSBS_063	Putnam	FL	yes	NA	NA	20240521	Microvirga	Microvirga_sp._KLBC_81	87.575	54.2802	0	998
JERC-30-3-Rh|nifK|consensus50|strict_single_dominant	JERC-30-3-Rh	D03	Chamaecrista nictitans	10/2/24	0	0	Quarter	JERC-30	dry	rhizosphere	Fabaceae	JERC	Chamaecrista	Cassieae	JERC_007	Baker County	Georgia	yes	NA	NA	20240603	Microvirga	Microvirga_lotononidis	85.377	57.6524	0	992
DSNY-101-1-Rh|nifK|consensus50|strict_single_dominant	DSNY-101-1-Rh	D03	Crotalaria spectabilis	2/26/25	0	0	Quarter	DSNY-101	dry	rhizosphere	Fabaceae	DSNY	Crotalaria	Crotalarieae	NA	Osceola	FLorida	no	NA	NA	20241211	Mesorhizobium	Mesorhizobium_sp._RIZ17	85.971	57.7821	0	1000
DSNY-CLFR-60-Ro|nifK|consensus50|strict_single_dominant	DSNY-CLFR-60-Ro	D03	Macroptilium lathyroides	2/27/25	0	0	Quarter	DSNY-CLFR-60	dry	root	Fabaceae	DSNY	Sesbania	Sesbanieae	DSNY_021	Polk	Florida	yes	28.0490055	-81.4001861	20240821	Mesorhizobium	Mesorhizobium_sp._WSM2240	86.507	51.4267	0	907
KONZ-16-1-Rh|nifK|consensus50|strict_single_dominant	KONZ-16-1-Rh	D06	Ceanothus herbaceus	2/25/25	0	0	Quarter	KONZ-16	dry	rhizosphere	Rhamnaceae	KONZ	Ceanothus	actinorhizal	#N/A	#N/A	#N/A	yes	#N/A	#N/A	#N/A	Mesorhizobium	Mesorhizobium_maamorense	90.595	33.7873	0	691
JERC-171-No|nifK|consensus50|strict_single_dominant	JERC-171-No	D03	Desmodium viridiflorum	2/27/25	0	0	Quarter	JERC-171	dry	nodule	Fabaceae	JERC	Desmodium	Desmodieae	JERC_019	Baker County	Georgia	yes	NA	NA	20241003	Mesorhizobium	Mesorhizobium_sp._WSM2240	90.794	35.9274	0	743
JERC-171-Ro|nifK|consensus50|strict_single_dominant	JERC-171-Ro	D03	Desmodium viridiflorum	2/27/25	0.169	8.112	Quarter	JERC-171	dry	root	Fabaceae	JERC	Desmodium	Desmodieae	JERC_019	Baker County	Georgia	yes	NA	NA	20241003	Mesorhizobium	Mesorhizobium_maamorense	90.778	35.8625	0	739
JERC-98-1-No|nifK|consensus50|strict_single_dominant	JERC-98-1-No	D03	Lespedeza cuneata	2/24/25	0	0	Quarter	JERC-98	dry	nodule	Fabaceae	JERC	Lespedeza	Desmodieae	JERC_034	Baker County	Georgia	no	31.26611111	-84.59333333	20240625	Mesorhizobium	Mesorhizobium_maamorense	91.107	35.7328	0	747
JERC-128-2-Rh|nifK|consensus50|strict_single_dominant	JERC-128-2-Rh	D03	Desmodium marilandicum	2/26/25	0	0	Quarter	JERC-128	dry	rhizosphere	Fabaceae	JERC	Desmodium	Desmodieae	JERC_002	Baker County	Georgia	yes	31.1940087	-84.4604029	20240730	Mesorhizobium	Mesorhizobium_maamorense	91.833	35.7328	0	769
JERC-156-Ro|nifK|consensus50|strict_single_dominant	JERC-156-Ro	D03	Lespedeza hirta	2/27/25	0.071	3.408	Quarter	JERC-156	dry	root	Fabaceae	JERC	Lespedeza	Desmodieae	JERC_015	Baker County	Georgia	yes	NA	NA	20241002	Microvirga	Microvirga_lotononidis	86.239	56.5499	0	989
JERC-145-1-Rh|nifK|consensus50|strict_single_dominant	JERC-145-1-Rh	D03	Desmodium cileari	2/17/25	0	0	Quarter	JERC-145	dry	rhizosphere	Fabaceae	JERC	Desmodium	Desmodieae	JERC_010	Baker County	Georgia	yes	NA	NA	20240821	Mesorhizobium	Mesorhizobium_sp._WSM2240	87.925	55.3178	0	1040
JERC-50-5-Rh|nifK|consensus50|strict_single_dominant	JERC-50-5-Rh	D03	Chamaecrista nictitans	12/4/24	0	0	Quarter	JERC-50	dry	rhizosphere	Fabaceae	JERC	Chamaecrista	Cassieae	JERC_002	Baker County	Georgia	yes	NA	NA	20240604	Sinorhizobium	Sinorhizobium_prairiense	86.193	48.3787	0	835
JERC-47-2-Ro|nifK|consensus50|strict_single_dominant	JERC-47-2-Ro	D03	Indigofera hirsuta	12/4/24	0.1445	6.936	Quarter	JERC-47	dry	root	Fabaceae	JERC	Indigofera	Indigofereae	JERC_005	Baker County	Georgia	no	NA	NA	20240604	Mesorhizobium	Mesorhizobium_sp._WSM2240	91.443	38.6511	0	819
JERC-48-3-Ro|nifK|consensus50|strict_single_dominant	JERC-48-3-Ro	D03	Crotalaria rotundifolia	12/4/24	0.435	20.88	Quarter	JERC-48	dry	root	Fabaceae	JERC	Crotalaria	Crotalarieae	JERC_002	Baker County	Georgia	yes	NA	NA	20240604	Mesorhizobium	Mesorhizobium_sp._WSM2240	90.713	39.1051	0	804
CLBJ-35-1-No|nifK|consensus50|strict_single_dominant	CLBJ-35-1-No	D11	Rhynchosia latifolia	2/26/25	0	0	Quarter	CLBJ-35	ethanol	nodule	Fabaceae	CLBJ	Rhynchosia	Phaseoleae	CLBJ_036_R	Wise	TX	yes	33.397578	-97.57995	6/11/24	Mesorhizobium	Mesorhizobium_maamorense	91.28	34.9546	0	736
JERC-140-No|nifK|consensus50|strict_single_dominant	JERC-140-No	D03	Lespedeza bicolor	5/14/25	0.4765	22.872	Quarter	JERC-140	dry	nodule	Fabaceae	JERC	Lespedeza	Desmodieae	JERC_031	Baker County	Georgia	no	NA	NA	20240821	Microvirga	Microvirga_sp._KLBC_81	84.088	52.9831	0	863
SCBI-13-1-Rh|nifK|consensus50|strict_single_dominant	SCBI-13-1-Rh	D02	Elaeagnus umbellata	4/24/25	0	0	Quarter	SCBI-13	ethanol	rhizosphere	Elaeagnaceae	SCBI	Elaeagnus	actinorhizal	SCBI-011	Warren	VA	no	38.878901	-78.139749	7/10/24	Microvirga	Microvirga_lotononidis	87.736	54.9935	0	1020
JERC-110-4-Ro|nifK|consensus50|strict_single_dominant	JERC-110-4-Ro	D03	Lespedeza repens	2/21/25	0	0	Quarter	JERC-110	dry	root	Fabaceae	JERC	Lespedeza	Desmodieae	JERC_048	Baker County	Georgia	yes	31.19645727	-84.46191333	20240709	Sinorhizobium	Sinorhizobium_prairiense	84.359	50.5837	0	841
OSBS-82-1-Ro|nifK|consensus50|strict_single_dominant	OSBS-82-1-Ro	D03	Stylosanthes biflora	2/13/25	NA	0	Quarter	OSBS-82	dry	root	Fabaceae	OSBS	Stylosanthes	Dalbergieae	OSBS_004	Putnam	FL	yes	NA	NA	20240822	Mesorhizobium	Mesorhizobium_sp._WSM2240	88.87	39.0402	0	741
DEJU-42-No|nifK|consensus50|strict_single_dominant	DEJU-42-No	D19	Lupinus arcticus	2/20/25	43.05	2066.4	Half	DEJU-42	ethanol	nodule	Fabaceae	DEJU	Lupinus	Genisteae	DEJU_002	NA	Alaska	yes	NA	NA	NA	Mesorhizobium	Mesorhizobium_sp._WSM2240	88.946	38.1323	0	725
OSBS-73-2-Ro|nifK|consensus50|strict_single_dominant	OSBS-73-2-Ro	D03	Centrosema virginiana	2/21/25	0	0	Quarter	OSBS-73	dry	root	Fabaceae	OSBS	Centrosema	Phaseoleae	OSBS_063	Putnam	FL	yes	NA	NA	20240822	Microvirga	Microvirga_sp._KLBC_81	90.642	35.3437	0	723
JERC-CLMA-83-1-Rh|nifK|consensus50|strict_single_dominant	JERC-CLMA-83-1-Rh	D03	Clitoria mariana	12/4/24	0.083	3.984	Quarter	JERC-83	dry	rhizosphere	Fabaceae	JERC	Clitoria	Phaseoleae	JERC_008	Baker County	Georgia	yes	NA	NA	20240618	Mesorhizobium	Mesorhizobium_sp._WSM2240	88.208	41.2451	0	758
HEAL-2-1-Rh|nifK|consensus50|strict_single_dominant	HEAL-2-1-Rh	D19	Alnus viridis	4/4/25	0	0	Quarter	HEAL-2	ethanol	rhizosphere	Betulaceae	HEAL	Alnus	actinorhizal	HEAL_010	Denali Borough	Alaska	yes	63.87736 N	149.26331 W	20240723	Sinorhizobium	Sinorhizobium_meliloti_(Rhizobium_meliloti)	84.452	39.6239	0	640
JERC-151-Rh|nifK|consensus50|strict_single_dominant	JERC-151-Rh	D03	Tephrosia virginiana	5/14/25	0	0	Quarter	JERC-151	dry	rhizosphere	Fabaceae	JERC	Tephrosia	Millettieae	JERC_015	Baker County	Georgia	yes	NA	NA	20241002	Microvirga	Microvirga_lotononidis	85.696	49.8703	0	835
ORNL-10-1-No|nifK|consensus50|strict_single_dominant	ORNL-10-1-No	D07	Desmodium viridiflorum	3/6/25	0	0	Quarter	ORNL-10	dry	nodule	Fabaceae	ORNL	Desmodium	Desmodieae	ORNL_047	Anderson	TN	yes	35.9525	-84.22	7/11/24	Rhizobium	Rhizobium_sp._WSM1274	87.726	32.2309	2.9599999999999996e-166	579
CLBJ-36-1-No|nifK|consensus50|strict_single_dominant	CLBJ-36-1-No	D11	Trifolium arvense	3/6/25	0	0	Quarter	CLBJ-36	ethanol	nodule	Fabaceae	CLBJ	Trifolium	Trifolieae	CLBJ_032_R	Wise	TX	no	33.406134	-97.593996	6/13/24	Rhizobium	Rhizobium_aethiopicum	90.735	40.5966	0	835
OSBS-46-1-Rh|nifK|consensus50|strict_single_dominant	OSBS-46-1-Rh	D03	Crotalaria maritima	3/6/25	0	0	Quarter	OSBS-46	dry	rhizosphere	Fabaceae	OSBS	Crotalaria	Crotalarieae	OSBS_002	Putnam	FL	yes	NA	NA	20240617	Rhizobium	Rhizobium_aethiopicum	89.65	40.7263	0	800
DEJU-37-No|nifK|consensus50|strict_single_dominant	DEJU-37-No	D19	Lupinus arcticus	2/20/25	34.55	1658.4	Half	DEJU-37	ethanol	nodule	Fabaceae	DEJU	Lupinus	Genisteae	DEJU_015	NA	Alaska	yes	NA	NA	NA	Microvirga	Microvirga_sp._KLBC_81	89.273	35.668	0	686
BONA-2-Ro|nifK|consensus50|strict_single_dominant	BONA-2-Ro	D19	Alnus viridis	3/6/25	14.75	708	Half	BONA-2	ethanol	root	Betulaceae	BONA	Alnus	actinorhizal	BONA_072	NA	Alaska	yes	NA	NA	20240829	Rhizobium	Rhizobium_ruizarguesonis	85.669	40.7263	0	702
OAES-35-1-Rh|nifK|consensus50|strict_single_dominant	OAES-35-1-Rh	D11	Amorpha fruticosa	3/6/25	0	0	Quarter	OAES-35	ethanol	rhizosphere	Fabaceae	OAES	Amorpha	Amorpheae	OAES_011_R	Washita	OK	yes	35.40049	-99.06592	8/21/24	Rhizobium	Rhizobium_aethiopicum	93.148	39.7536	0	900
CLBJ-37-1-No|nifK|consensus50|strict_single_dominant	CLBJ-37-1-No	D11	Trifolium vessiculosum	3/6/25	0	0	Quarter	CLBJ-37	ethanol	nodule	Fabaceae	CLBJ	Trifolium	Trifolieae	CLBJ_032_R	Wise	TX	no	33.406134	-97.593996	6/13/24	Rhizobium	Rhizobium_aethiopicum	98.887	40.7912	0	1123
JERC-121-Rh|nifK|consensus50|strict_single_dominant	JERC-121-Rh	D03	Desmodium paniculatum	2/25/25	0	0	Quarter	JERC-121	dry	rhizosphere	Fabaceae	JERC	Desmodium	Desmodieae	JERC_003	Baker County	Georgia	yes	31.19626	-84.473484	20240730	Rhizobium	Rhizobium_aethiopicum	98.887	40.7912	0	1123
ORNL-4-1-No|nifK|consensus50|strict_single_dominant	ORNL-4-1-No	D07	Trifolium pratense	2/17/25	17.6	844.8	Half	ORNL-4	dry	nodule	Fabaceae	ORNL	Trifolium	Trifolieae	ORNL_021	Anderson	TN	no	35.955556	-84.221111	5/15/24	Rhizobium	Rhizobium_aethiopicum	95.6	58.9494	0	1493
SJER-2-3-No|nifK|consensus50|strict_single_dominant	SJER-2-3-No	D17	Trifolium variegatum	4/15/25	1.91	91.68	Quarter	SJER-2	dry	nodule	Fabaceae	SJER	Trifolium	Trifolieae	SJER_048	Fresno	CA	yes	37.109975	-119.734735	20240404	Rhizobium	Rhizobium_beringeri	89.507	40.7912	0	797
SCBI-7-1-No|nifK|consensus50|strict_single_dominant	SCBI-7-1-No	D02	Trifolium repens	4/24/25	0	0	Quarter	SCBI-7	ethanol	nodule	Fabaceae	SCBI	Trifolium	Trifolieae	SCBI-062	Warren	VA	no	38.895336	-78.138062	6/26/24	Rhizobium	Rhizobium_beringeri	95.294	49.6109	0	1262
ORNL-4-1-Ro|nifK|consensus50|strict_single_dominant	ORNL-4-1-Ro	D07	Trifolium pratense	2/17/25	0.7395	35.496	Quarter	ORNL-4	dry	root	Fabaceae	ORNL	Trifolium	Trifolieae	ORNL_021	Anderson	TN	no	35.955556	-84.221111	5/15/24	Rhizobium	Rhizobium_beringeri	92.351	57.6524	0	1301
