sample_id	best_reference_id	best_reference_taxon	percent_identity	alignment_length	query_coverage_percent	reference_coverage_percent	evalue	bitscore	closest_genus	blast_confidence	in_blast_table	tip_label_closest_taxon
CLBJ-14-1-No|nifH|consensus50|strict_single_dominant	nifH|Mesorhizobium_sp._AaZ16|XIK06011.1	Mesorhizobium_sp._AaZ16	90.326	827	92.5056	NA	0	1081	Mesorhizobium	high_identity90_qcov80	yes	CLBJ-14-1-No|nifH|consensus50|strict_single_dominant | closest: Mesorhizobium_sp._AaZ16 | 90.3% id | 92.5% qcov
CLBJ-16-2-No|nifH|consensus50|strict_single_dominant	nifH|Rhizobium_azibense|CAO4004957.1	Rhizobium_azibense	85.627	821	91.8345	NA	0	859	Rhizobium	moderate_identity85_qcov70	yes	CLBJ-16-2-No|nifH|consensus50|strict_single_dominant | closest: Rhizobium_azibense | 85.6% id | 91.8% qcov
OSBS-14-3-No|nifH|consensus50|strict_single_dominant	nifH|Rhizobium_azibense|CAO4004957.1	Rhizobium_azibense	85.437	824	92.17	NA	0	854	Rhizobium	moderate_identity85_qcov70	yes	OSBS-14-3-No|nifH|consensus50|strict_single_dominant | closest: Rhizobium_azibense | 85.4% id | 92.2% qcov
DELA-4-1-No|nifH|consensus50|strict_single_dominant	nifH|Bradyrhizobium_sp._PUT101|XYX37671.1	Bradyrhizobium_sp._PUT101	82.63	829	93.6723	NA	0	778	Bradyrhizobium	low_or_uncertain	yes	DELA-4-1-No|nifH|consensus50|strict_single_dominant | closest: Bradyrhizobium_sp._PUT101 | 82.6% id | 93.7% qcov
OSBS-TEVI-61-4-No|nifH|consensus50|strict_single_dominant	nifH|Sinorhizobium_meliloti_(Rhizobium_meliloti)|XEM16083.1	Sinorhizobium_meliloti_(Rhizobium_meliloti)	85.837	699	78.1879	NA	0	736	Sinorhizobium	moderate_identity85_qcov70	yes	OSBS-TEVI-61-4-No|nifH|consensus50|strict_single_dominant | closest: Sinorhizobium_meliloti_(Rhizobium_meliloti) | 85.8% id | 78.2% qcov
CLBJ-42-1-No|nifH|consensus50|strict_single_dominant	nifH|Mesorhizobium_sp._AaZ16|XIK06011.1	Mesorhizobium_sp._AaZ16	85.262	821	91.8345	NA	0	843	Mesorhizobium	moderate_identity85_qcov70	yes	CLBJ-42-1-No|nifH|consensus50|strict_single_dominant | closest: Mesorhizobium_sp._AaZ16 | 85.3% id | 91.8% qcov
JERC-201-1-No|nifH|consensus50|strict_single_dominant	nifH|Mesorhizobium_sp._AaZ16|XIK06011.1	Mesorhizobium_sp._AaZ16	85.475	716	80.0895	NA	0	747	Mesorhizobium	moderate_identity85_qcov70	yes	JERC-201-1-No|nifH|consensus50|strict_single_dominant | closest: Mesorhizobium_sp._AaZ16 | 85.5% id | 80.1% qcov
JERC-43-1-No|nifH|consensus50|strict_single_dominant	nifH|Rhizobium_sp._YTUHZ044|XXA98993.1	Rhizobium_sp._YTUHZ044	85.749	828	92.6174	NA	0	874	Rhizobium	moderate_identity85_qcov70	yes	JERC-43-1-No|nifH|consensus50|strict_single_dominant | closest: Rhizobium_sp._YTUHZ044 | 85.7% id | 92.6% qcov
JERC-RHDI-59-3-No|nifH|consensus50|strict_single_dominant	nifH|Microvirga_sp._RSM25|XKE00370.1	Microvirga_sp._RSM25	82.909	825	92.2819	NA	0	771	Microvirga	low_or_uncertain	yes	JERC-RHDI-59-3-No|nifH|consensus50|strict_single_dominant | closest: Microvirga_sp._RSM25 | 82.9% id | 92.3% qcov
JERC-45-5-No|nifH|consensus50|strict_single_dominant	nifH|Rhizobium_binae|XXB05130.1	Rhizobium_binae	86.482	614	68.6801	NA	0	671	Rhizobium	low_or_uncertain	yes	JERC-45-5-No|nifH|consensus50|strict_single_dominant | closest: Rhizobium_binae | 86.5% id | 68.7% qcov
JERC-CHNI-60-3-No|nifH|consensus50|strict_single_dominant	nifH|Rhizobium_binae|XXB05130.1	Rhizobium_binae	86.408	824	92.17	NA	0	898	Rhizobium	moderate_identity85_qcov70	yes	JERC-CHNI-60-3-No|nifH|consensus50|strict_single_dominant | closest: Rhizobium_binae | 86.4% id | 92.2% qcov
JERC-DEFL-31-5-No|nifH|consensus50|strict_single_dominant	nifH|Rhizobium_binae|XXB05130.1	Rhizobium_binae	86.236	821	91.8345	NA	0	887	Rhizobium	moderate_identity85_qcov70	yes	JERC-DEFL-31-5-No|nifH|consensus50|strict_single_dominant | closest: Rhizobium_binae | 86.2% id | 91.8% qcov
CLBJ-20-1-No|nifH|consensus50|strict_single_dominant	nifH|Neorhizobium_alkalisoli|ACF98259.1	Neorhizobium_alkalisoli	89.627	723	99.7241	NA	0	918	Neorhizobium	moderate_identity85_qcov70	yes	CLBJ-20-1-No|nifH|consensus50|strict_single_dominant | closest: Neorhizobium_alkalisoli | 89.6% id | 99.7% qcov
TALL-12-2-No|nifH|consensus50|strict_single_dominant	nifH|Mesorhizobium_sp._AaZ16|XIK06011.1	Mesorhizobium_sp._AaZ16	86.408	824	92.17	NA	0	902	Mesorhizobium	moderate_identity85_qcov70	yes	TALL-12-2-No|nifH|consensus50|strict_single_dominant | closest: Mesorhizobium_sp._AaZ16 | 86.4% id | 92.2% qcov
TALL-25-2-No|nifH|consensus50|strict_single_dominant	nifH|Mesorhizobium_sp._AaZ16|XIK06011.1	Mesorhizobium_sp._AaZ16	86.529	824	92.17	NA	0	904	Mesorhizobium	moderate_identity85_qcov70	yes	TALL-25-2-No|nifH|consensus50|strict_single_dominant | closest: Mesorhizobium_sp._AaZ16 | 86.5% id | 92.2% qcov
TALL-75-2-No|nifH|consensus50|strict_single_dominant	nifH|Mesorhizobium_sp._AaZ16|XIK06011.1	Mesorhizobium_sp._AaZ16	87.653	818	91.4989	NA	0	948	Mesorhizobium	moderate_identity85_qcov70	yes	TALL-75-2-No|nifH|consensus50|strict_single_dominant | closest: Mesorhizobium_sp._AaZ16 | 87.7% id | 91.5% qcov
DSNY-66-1-No|nifH|consensus50|strict_single_dominant	nifH|Mesorhizobium_sp._AaZ16|XIK06011.1	Mesorhizobium_sp._AaZ16	87.621	824	92.17	NA	0	953	Mesorhizobium	moderate_identity85_qcov70	yes	DSNY-66-1-No|nifH|consensus50|strict_single_dominant | closest: Mesorhizobium_sp._AaZ16 | 87.6% id | 92.2% qcov
TALL-66-2-No|nifH|consensus50|strict_single_dominant	nifH|Mesorhizobium_sp._AaZ16|XIK06011.1	Mesorhizobium_sp._AaZ16	86.457	827	92.5056	NA	0	911	Mesorhizobium	moderate_identity85_qcov70	yes	TALL-66-2-No|nifH|consensus50|strict_single_dominant | closest: Mesorhizobium_sp._AaZ16 | 86.5% id | 92.5% qcov
TALL-78-2-No|nifH|consensus50|strict_single_dominant	nifH|Rhizobium_azibense|CAO4004957.1	Rhizobium_azibense	88.228	824	92.17	NA	0	981	Rhizobium	moderate_identity85_qcov70	yes	TALL-78-2-No|nifH|consensus50|strict_single_dominant | closest: Rhizobium_azibense | 88.2% id | 92.2% qcov
TALL-44-1-No|nifH|consensus50|strict_single_dominant	nifH|Mesorhizobium_sp._AaZ16|XIK06011.1	Mesorhizobium_sp._AaZ16	87.942	821	91.8345	NA	0	965	Mesorhizobium	moderate_identity85_qcov70	yes	TALL-44-1-No|nifH|consensus50|strict_single_dominant | closest: Mesorhizobium_sp._AaZ16 | 87.9% id | 91.8% qcov
JERC-99-3-No|nifH|consensus50|strict_single_dominant	nifH|Mesorhizobium_sp._AaZ16|XIK06011.1	Mesorhizobium_sp._AaZ16	85.871	821	91.8345	NA	0	894	Mesorhizobium	moderate_identity85_qcov70	yes	JERC-99-3-No|nifH|consensus50|strict_single_dominant | closest: Mesorhizobium_sp._AaZ16 | 85.9% id | 91.8% qcov
DSNY-CRMA-35-1-No|nifH|consensus50|strict_single_dominant	nifH|Bradyrhizobium_sp._PUT101|XYX37671.1	Bradyrhizobium_sp._PUT101	84.94	830	93.7853	NA	0	841	Bradyrhizobium	low_or_uncertain	yes	DSNY-CRMA-35-1-No|nifH|consensus50|strict_single_dominant | closest: Bradyrhizobium_sp._PUT101 | 84.9% id | 93.8% qcov
JERC-48-3-No|nifH|consensus50|strict_single_dominant	nifH|Bradyrhizobium_sp._PUT101|XYX37671.1	Bradyrhizobium_sp._PUT101	85.319	831	93.8983	NA	0	859	Bradyrhizobium	moderate_identity85_qcov70	yes	JERC-48-3-No|nifH|consensus50|strict_single_dominant | closest: Bradyrhizobium_sp._PUT101 | 85.3% id | 93.9% qcov
JERC-DEFL-75-3-No|nifH|consensus50|strict_single_dominant	nifH|Bradyrhizobium_sp._PUT101|XYX37671.1	Bradyrhizobium_sp._PUT101	86.05	638	72.0904	NA	0	682	Bradyrhizobium	moderate_identity85_qcov70	yes	JERC-DEFL-75-3-No|nifH|consensus50|strict_single_dominant | closest: Bradyrhizobium_sp._PUT101 | 86.0% id | 72.1% qcov
JERC-170-No|nifH|consensus50|strict_single_dominant	nifH|Microvirga_lotononidis|WQO30062.1	Microvirga_lotononidis	86.032	630	70.4698	NA	0	671	Microvirga	moderate_identity85_qcov70	yes	JERC-170-No|nifH|consensus50|strict_single_dominant | closest: Microvirga_lotononidis | 86.0% id | 70.5% qcov
TALL-50-1-No|nifH|consensus50|strict_single_dominant	nifH|Burkholderia_vietnamiensis|KVE92620.1	Burkholderia_vietnamiensis	81.437	835	94.6712	NA	0	726	Burkholderia	low_or_uncertain	yes	TALL-50-1-No|nifH|consensus50|strict_single_dominant | closest: Burkholderia_vietnamiensis | 81.4% id | 94.7% qcov
JERC-135-3-No|nifH|consensus50|strict_single_dominant	nifH|Sinorhizobium_meliloti_(Rhizobium_meliloti)|XEM16083.1	Sinorhizobium_meliloti_(Rhizobium_meliloti)	84.758	702	78.5235	NA	0	697	Sinorhizobium	low_or_uncertain	yes	JERC-135-3-No|nifH|consensus50|strict_single_dominant | closest: Sinorhizobium_meliloti_(Rhizobium_meliloti) | 84.8% id | 78.5% qcov
JERC-148-Ro|nifH|consensus50|strict_single_dominant	nifH|Sinorhizobium_meliloti_(Rhizobium_meliloti)|XEM16083.1	Sinorhizobium_meliloti_(Rhizobium_meliloti)	87.157	802	89.7092	NA	0	904	Sinorhizobium	moderate_identity85_qcov70	yes	JERC-148-Ro|nifH|consensus50|strict_single_dominant | closest: Sinorhizobium_meliloti_(Rhizobium_meliloti) | 87.2% id | 89.7% qcov
OSBS-LEHI-62-5-Ro|nifH|consensus50|strict_single_dominant	nifH|Ensifer_canadensis|UBI79453.1	Ensifer_canadensis	87.938	771	86.2416	NA	0	904	Ensifer	moderate_identity85_qcov70	yes	OSBS-LEHI-62-5-Ro|nifH|consensus50|strict_single_dominant | closest: Ensifer_canadensis | 87.9% id | 86.2% qcov
SERC-3-1-Ro|nifH|consensus50|strict_single_dominant	nifH|Microvirga_sp._RSM25|XKE00370.1	Microvirga_sp._RSM25	89.487	799	89.3736	NA	0	1009	Microvirga	moderate_identity85_qcov70	yes	SERC-3-1-Ro|nifH|consensus50|strict_single_dominant | closest: Microvirga_sp._RSM25 | 89.5% id | 89.4% qcov
TALL-73-2-Ro|nifH|consensus50|strict_single_dominant	nifH|Microvirga_lotononidis|WQO30062.1	Microvirga_lotononidis	88	825	92.2819	NA	0	970	Microvirga	moderate_identity85_qcov70	yes	TALL-73-2-Ro|nifH|consensus50|strict_single_dominant | closest: Microvirga_lotononidis | 88.0% id | 92.3% qcov
TALL-18-1-No|nifH|consensus50|strict_single_dominant	nifH|Ensifer_canadensis|UBI79453.1	Ensifer_canadensis	88.162	718	80.3132	NA	0	850	Ensifer	moderate_identity85_qcov70	yes	TALL-18-1-No|nifH|consensus50|strict_single_dominant | closest: Ensifer_canadensis | 88.2% id | 80.3% qcov
TALL-20-1-No|nifH|consensus50|strict_single_dominant	nifH|Mesorhizobium_caraganae|CAN7239890.1	Mesorhizobium_caraganae	83.092	828	92.6174	NA	0	771	Mesorhizobium	low_or_uncertain	yes	TALL-20-1-No|nifH|consensus50|strict_single_dominant | closest: Mesorhizobium_caraganae | 83.1% id | 92.6% qcov
JERC-50-5-No|nifH|consensus50|strict_single_dominant	nifH|Bradyrhizobium_sp._PUT101|XYX37671.1	Bradyrhizobium_sp._PUT101	84.783	828	93.5593	NA	0	832	Bradyrhizobium	low_or_uncertain	yes	JERC-50-5-No|nifH|consensus50|strict_single_dominant | closest: Bradyrhizobium_sp._PUT101 | 84.8% id | 93.6% qcov
JERC-172-2-Ro|nifH|consensus50|strict_single_dominant	nifH|Mesorhizobium_sp._AaZ16|XIK06011.1	Mesorhizobium_sp._AaZ16	84.531	821	91.8345	NA	0	832	Mesorhizobium	low_or_uncertain	yes	JERC-172-2-Ro|nifH|consensus50|strict_single_dominant | closest: Mesorhizobium_sp._AaZ16 | 84.5% id | 91.8% qcov
JERC-39-5-No|nifH|consensus50|strict_single_dominant	nifH|Bradyrhizobium_sp._SPXBL-03|XYL85905.1	Bradyrhizobium_sp._SPXBL-03	86.068	646	72.9944	NA	0	695	Bradyrhizobium	moderate_identity85_qcov70	yes	JERC-39-5-No|nifH|consensus50|strict_single_dominant | closest: Bradyrhizobium_sp._SPXBL-03 | 86.1% id | 73.0% qcov
OSBS-70-3-No|nifH|consensus50|strict_single_dominant	nifH|Mesorhizobium_sp._AaZ16|XIK06011.1	Mesorhizobium_sp._AaZ16	84.709	824	92.17	NA	0	821	Mesorhizobium	low_or_uncertain	yes	OSBS-70-3-No|nifH|consensus50|strict_single_dominant | closest: Mesorhizobium_sp._AaZ16 | 84.7% id | 92.2% qcov
JERC-180-5-No|nifH|consensus50|strict_single_dominant	nifH|Mesorhizobium_sp._AaZ16|XIK06011.1	Mesorhizobium_sp._AaZ16	86.551	632	70.6935	NA	0	693	Mesorhizobium	moderate_identity85_qcov70	yes	JERC-180-5-No|nifH|consensus50|strict_single_dominant | closest: Mesorhizobium_sp._AaZ16 | 86.6% id | 70.7% qcov
JERC-126-4-No|nifH|consensus50|strict_single_dominant	nifH|Mesorhizobium_sp._AaZ16|XIK06011.1	Mesorhizobium_sp._AaZ16	87.985	824	92.17	NA	0	970	Mesorhizobium	moderate_identity85_qcov70	yes	JERC-126-4-No|nifH|consensus50|strict_single_dominant | closest: Mesorhizobium_sp._AaZ16 | 88.0% id | 92.2% qcov
TALL-76-3-No|nifH|consensus50|strict_single_dominant	nifH|Mesorhizobium_sp._AaZ16|XIK06011.1	Mesorhizobium_sp._AaZ16	85.803	803	89.821	NA	0	872	Mesorhizobium	moderate_identity85_qcov70	yes	TALL-76-3-No|nifH|consensus50|strict_single_dominant | closest: Mesorhizobium_sp._AaZ16 | 85.8% id | 89.8% qcov
JERC-127-2-No|nifH|consensus50|strict_single_dominant	nifH|Mesorhizobium_sp._AaZ16|XIK06011.1	Mesorhizobium_sp._AaZ16	87.621	824	92.17	NA	0	953	Mesorhizobium	moderate_identity85_qcov70	yes	JERC-127-2-No|nifH|consensus50|strict_single_dominant | closest: Mesorhizobium_sp._AaZ16 | 87.6% id | 92.2% qcov
OSBS-58-1-No|nifH|consensus50|strict_single_dominant	nifH|Mesorhizobium_sp._AaZ16|XIK06011.1	Mesorhizobium_sp._AaZ16	87.743	824	92.17	NA	0	959	Mesorhizobium	moderate_identity85_qcov70	yes	OSBS-58-1-No|nifH|consensus50|strict_single_dominant | closest: Mesorhizobium_sp._AaZ16 | 87.7% id | 92.2% qcov
JERC-49-2-Ro|nifH|consensus50|strict_single_dominant	nifH|Mesorhizobium_sp._AaZ16|XIK06011.1	Mesorhizobium_sp._AaZ16	84.83	824	92.17	NA	0	857	Mesorhizobium	low_or_uncertain	yes	JERC-49-2-Ro|nifH|consensus50|strict_single_dominant | closest: Mesorhizobium_sp._AaZ16 | 84.8% id | 92.2% qcov
JERC-96-2-No|nifH|consensus50|strict_single_dominant	nifH|Mesorhizobium_caraganae|CAN7239890.1	Mesorhizobium_caraganae	84.848	825	92.2819	NA	0	830	Mesorhizobium	low_or_uncertain	yes	JERC-96-2-No|nifH|consensus50|strict_single_dominant | closest: Mesorhizobium_caraganae | 84.8% id | 92.3% qcov
CLBJ-43-2-No|nifH|consensus50|strict_single_dominant	nifH|Bradyrhizobium_sp._SPXBL-03|XYL85905.1	Bradyrhizobium_sp._SPXBL-03	85.902	837	94.5763	NA	0	883	Bradyrhizobium	moderate_identity85_qcov70	yes	CLBJ-43-2-No|nifH|consensus50|strict_single_dominant | closest: Bradyrhizobium_sp._SPXBL-03 | 85.9% id | 94.6% qcov
CLBJ-30-1-No|nifH|consensus50|strict_single_dominant	nifH|Bradyrhizobium_ottawaense|XZF72199.1	Bradyrhizobium_ottawaense	90.172	641	72.4294	NA	0	830	Bradyrhizobium	moderate_identity85_qcov70	yes	CLBJ-30-1-No|nifH|consensus50|strict_single_dominant | closest: Bradyrhizobium_ottawaense | 90.2% id | 72.4% qcov
DELA-21-1-No|nifH|consensus50|strict_single_dominant	nifH|Bradyrhizobium_ottawaense|XZF72199.1	Bradyrhizobium_ottawaense	90.388	645	72.8814	NA	0	841	Bradyrhizobium	moderate_identity85_qcov70	yes	DELA-21-1-No|nifH|consensus50|strict_single_dominant | closest: Bradyrhizobium_ottawaense | 90.4% id | 72.9% qcov
CLBJ-32-1-Rh|nifH|consensus50|strict_single_dominant	nifH|Bradyrhizobium_ottawaense|XZF72199.1	Bradyrhizobium_ottawaense	88.743	835	94.3503	NA	0	1011	Bradyrhizobium	moderate_identity85_qcov70	yes	CLBJ-32-1-Rh|nifH|consensus50|strict_single_dominant | closest: Bradyrhizobium_ottawaense | 88.7% id | 94.4% qcov
LENO-8-3-No|nifH|consensus50|strict_single_dominant	nifH|Bradyrhizobium_ottawaense|XZF72199.1	Bradyrhizobium_ottawaense	89.875	642	72.5424	NA	0	819	Bradyrhizobium	moderate_identity85_qcov70	yes	LENO-8-3-No|nifH|consensus50|strict_single_dominant | closest: Bradyrhizobium_ottawaense | 89.9% id | 72.5% qcov
CLBJ-39-1-No|nifH|consensus50|strict_single_dominant	nifH|Mesorhizobium_sp._AaZ16|XIK06011.1	Mesorhizobium_sp._AaZ16	86.935	819	91.6107	NA	0	920	Mesorhizobium	moderate_identity85_qcov70	yes	CLBJ-39-1-No|nifH|consensus50|strict_single_dominant | closest: Mesorhizobium_sp._AaZ16 | 86.9% id | 91.6% qcov
CLBJ-34-1-No|nifH|consensus50|strict_single_dominant	nifH|Mesorhizobium_sp._AaZ16|XIK06011.1	Mesorhizobium_sp._AaZ16	86.941	827	92.5056	NA	0	929	Mesorhizobium	moderate_identity85_qcov70	yes	CLBJ-34-1-No|nifH|consensus50|strict_single_dominant | closest: Mesorhizobium_sp._AaZ16 | 86.9% id | 92.5% qcov
HARV-1-1-No|nifH|consensus50|strict_single_dominant	nifH|Rhizobium_azibense|CAO4004957.1	Rhizobium_azibense	87.393	817	91.387	NA	0	937	Rhizobium	moderate_identity85_qcov70	yes	HARV-1-1-No|nifH|consensus50|strict_single_dominant | closest: Rhizobium_azibense | 87.4% id | 91.4% qcov
JERC-198-No|nifH|consensus50|strict_single_dominant	nifH|Mesorhizobium_sp._AaZ16|XIK06011.1	Mesorhizobium_sp._AaZ16	86.602	821	91.8345	NA	0	904	Mesorhizobium	moderate_identity85_qcov70	yes	JERC-198-No|nifH|consensus50|strict_single_dominant | closest: Mesorhizobium_sp._AaZ16 | 86.6% id | 91.8% qcov
JERC-37-2-No|nifH|consensus50|strict_single_dominant	nifH|Sinorhizobium_fredii_(Rhizobium_fredii)|XRN48363.1	Sinorhizobium_fredii_(Rhizobium_fredii)	86.432	796	89.3378	NA	0	870	Sinorhizobium	moderate_identity85_qcov70	yes	JERC-37-2-No|nifH|consensus50|strict_single_dominant | closest: Sinorhizobium_fredii_(Rhizobium_fredii) | 86.4% id | 89.3% qcov
JERC-CEVI-57-2-No|nifH|consensus50|strict_single_dominant	nifH|Rhizobium_binae|XXB05130.1	Rhizobium_binae	85.437	824	92.17	NA	0	854	Rhizobium	moderate_identity85_qcov70	yes	JERC-CEVI-57-2-No|nifH|consensus50|strict_single_dominant | closest: Rhizobium_binae | 85.4% id | 92.2% qcov
JERC-37-2-Ro|nifH|consensus50|strict_single_dominant	nifH|Rhizobium_binae|XXB05130.1	Rhizobium_binae	87.015	824	92.17	NA	0	926	Rhizobium	moderate_identity85_qcov70	yes	JERC-37-2-Ro|nifH|consensus50|strict_single_dominant | closest: Rhizobium_binae | 87.0% id | 92.2% qcov
JERC-157-2-No|nifH|consensus50|strict_single_dominant	nifH|Bradyrhizobium_sp._SPXBL-03|XYL85905.1	Bradyrhizobium_sp._SPXBL-03	86.451	834	94.2373	NA	0	935	Bradyrhizobium	moderate_identity85_qcov70	yes	JERC-157-2-No|nifH|consensus50|strict_single_dominant | closest: Bradyrhizobium_sp._SPXBL-03 | 86.5% id | 94.2% qcov
LENO-6-1-No|nifH|consensus50|strict_single_dominant	nifH|Mesorhizobium_sp._RIZ17|XXB69634.1	Mesorhizobium_sp._RIZ17	85.558	824	92.17	NA	0	863	Mesorhizobium	moderate_identity85_qcov70	yes	LENO-6-1-No|nifH|consensus50|strict_single_dominant | closest: Mesorhizobium_sp._RIZ17 | 85.6% id | 92.2% qcov
UKFS-4-1-No|nifH|consensus50|strict_single_dominant	nifH|Rhizobium_azibense|CAO4004957.1	Rhizobium_azibense	86.659	817	91.387	NA	0	904	Rhizobium	moderate_identity85_qcov70	yes	UKFS-4-1-No|nifH|consensus50|strict_single_dominant | closest: Rhizobium_azibense | 86.7% id | 91.4% qcov
DSNY-101-1-No|nifH|consensus50|strict_single_dominant	nifH|Bradyrhizobium_sp._PMVTL-01|XYL30502.1	Bradyrhizobium_sp._PMVTL-01	85.56	831	93.8983	NA	0	917	Bradyrhizobium	moderate_identity85_qcov70	yes	DSNY-101-1-No|nifH|consensus50|strict_single_dominant | closest: Bradyrhizobium_sp._PMVTL-01 | 85.6% id | 93.9% qcov
DSNY-10-3-No|nifH|consensus50|strict_single_dominant	nifH|Mesorhizobium_sp._AaZ16|XIK06011.1	Mesorhizobium_sp._AaZ16	89.229	817	91.387	NA	0	1020	Mesorhizobium	moderate_identity85_qcov70	yes	DSNY-10-3-No|nifH|consensus50|strict_single_dominant | closest: Mesorhizobium_sp._AaZ16 | 89.2% id | 91.4% qcov
LAJA-15-1-No|nifH|consensus50|strict_single_dominant	nifH|Bradyrhizobium_sp._SPXBL-02|XYL93550.1	Bradyrhizobium_sp._SPXBL-02	87.575	837	94.5763	NA	0	974	Bradyrhizobium	moderate_identity85_qcov70	yes	LAJA-15-1-No|nifH|consensus50|strict_single_dominant | closest: Bradyrhizobium_sp._SPXBL-02 | 87.6% id | 94.6% qcov
DELA-28-No|nifH|consensus50|strict_single_dominant	nifH|Rhizobium_binae|XXB05130.1	Rhizobium_binae	86.506	830	92.8412	NA	0	913	Rhizobium	moderate_identity85_qcov70	yes	DELA-28-No|nifH|consensus50|strict_single_dominant | closest: Rhizobium_binae | 86.5% id | 92.8% qcov
JERC-203-1-No|nifH|consensus50|strict_single_dominant	nifH|Mesorhizobium_sp._AaZ16|XIK06011.1	Mesorhizobium_sp._AaZ16	86.061	825	92.2819	NA	0	885	Mesorhizobium	moderate_identity85_qcov70	yes	JERC-203-1-No|nifH|consensus50|strict_single_dominant | closest: Mesorhizobium_sp._AaZ16 | 86.1% id | 92.3% qcov
KONA-1-1-No|nifH|consensus50|strict_single_dominant	nifH|Mesorhizobium_sp._AaZ16|XIK06011.1	Mesorhizobium_sp._AaZ16	86.48	821	91.8345	NA	0	898	Mesorhizobium	moderate_identity85_qcov70	yes	KONA-1-1-No|nifH|consensus50|strict_single_dominant | closest: Mesorhizobium_sp._AaZ16 | 86.5% id | 91.8% qcov
DSNY-31-1-No|nifH|consensus50|strict_single_dominant	nifH|Rhizobium_azibense|CAO4004957.1	Rhizobium_azibense	87.455	829	92.7293	NA	0	952	Rhizobium	moderate_identity85_qcov70	yes	DSNY-31-1-No|nifH|consensus50|strict_single_dominant | closest: Rhizobium_azibense | 87.5% id | 92.7% qcov
JERC-CRJU-86-1-No|nifH|consensus50|strict_single_dominant	nifH|Microvirga_sp._RSM25|XKE00370.1	Microvirga_sp._RSM25	87.026	817	91.387	NA	0	920	Microvirga	moderate_identity85_qcov70	yes	JERC-CRJU-86-1-No|nifH|consensus50|strict_single_dominant | closest: Microvirga_sp._RSM25 | 87.0% id | 91.4% qcov
DELA-7-3-No|nifH|consensus50|strict_single_dominant	nifH|Mesorhizobium_caraganae|CAN7239890.1	Mesorhizobium_caraganae	86.375	822	91.9463	NA	0	898	Mesorhizobium	moderate_identity85_qcov70	yes	DELA-7-3-No|nifH|consensus50|strict_single_dominant | closest: Mesorhizobium_caraganae | 86.4% id | 91.9% qcov
JERC-98-3-No|nifH|consensus50|strict_single_dominant	nifH|Mesorhizobium_sp._RIZ17|XXB69634.1	Mesorhizobium_sp._RIZ17	86.047	817	91.387	NA	0	876	Mesorhizobium	moderate_identity85_qcov70	yes	JERC-98-3-No|nifH|consensus50|strict_single_dominant | closest: Mesorhizobium_sp._RIZ17 | 86.0% id | 91.4% qcov
ORNL-13-2-No|nifH|consensus50|strict_single_dominant	nifH|Mesorhizobium_caraganae|CAN7239890.1	Mesorhizobium_caraganae	86.098	820	91.7226	NA	0	881	Mesorhizobium	moderate_identity85_qcov70	yes	ORNL-13-2-No|nifH|consensus50|strict_single_dominant | closest: Mesorhizobium_caraganae | 86.1% id | 91.7% qcov
HARV-4-1-No|nifH|consensus50|strict_single_dominant	nifH|Mesorhizobium_sp._AaZ16|XIK06011.1	Mesorhizobium_sp._AaZ16	87.296	795	88.9262	NA	0	909	Mesorhizobium	moderate_identity85_qcov70	yes	HARV-4-1-No|nifH|consensus50|strict_single_dominant | closest: Mesorhizobium_sp._AaZ16 | 87.3% id | 88.9% qcov
LENO-4-3-No|nifH|consensus50|strict_single_dominant	nifH|Bradyrhizobium_ottawaense|XZF72199.1	Bradyrhizobium_ottawaense	84.356	831	93.8983	NA	0	854	Bradyrhizobium	low_or_uncertain	yes	LENO-4-3-No|nifH|consensus50|strict_single_dominant | closest: Bradyrhizobium_ottawaense | 84.4% id | 93.9% qcov
ORNL-16-No|nifH|consensus50|strict_single_dominant	nifH|Microvirga_lotononidis|WQO30062.1	Microvirga_lotononidis	88.138	607	67.8971	NA	0	721	Microvirga	low_or_uncertain	yes	ORNL-16-No|nifH|consensus50|strict_single_dominant | closest: Microvirga_lotononidis | 88.1% id | 67.9% qcov
LENO-10-2-No|nifH|consensus50|strict_single_dominant	nifH|Mesorhizobium_sp._WSM4083|XXN81638.1	Mesorhizobium_sp._WSM4083	86.558	796	89.038	NA	0	876	Mesorhizobium	moderate_identity85_qcov70	yes	LENO-10-2-No|nifH|consensus50|strict_single_dominant | closest: Mesorhizobium_sp._WSM4083 | 86.6% id | 89.0% qcov
LENO-1-1-No|nifH|consensus50|strict_single_dominant	nifH|Mesorhizobium_sp._WSM4083|XXN81638.1	Mesorhizobium_sp._WSM4083	88.801	634	70.9172	NA	0	774	Mesorhizobium	moderate_identity85_qcov70	yes	LENO-1-1-No|nifH|consensus50|strict_single_dominant | closest: Mesorhizobium_sp._WSM4083 | 88.8% id | 70.9% qcov
LENO-13-2-No|nifH|consensus50|strict_single_dominant	nifH|Mesorhizobium_sp._WSM4083|XXN81638.1	Mesorhizobium_sp._WSM4083	86.408	824	92.17	NA	0	898	Mesorhizobium	moderate_identity85_qcov70	yes	LENO-13-2-No|nifH|consensus50|strict_single_dominant | closest: Mesorhizobium_sp._WSM4083 | 86.4% id | 92.2% qcov
KONZ-2-1-No|nifH|consensus50|strict_single_dominant	nifH|Rhizobium_azibense|CAO4004957.1	Rhizobium_azibense	87.408	818	91.4989	NA	0	937	Rhizobium	moderate_identity85_qcov70	yes	KONZ-2-1-No|nifH|consensus50|strict_single_dominant | closest: Rhizobium_azibense | 87.4% id | 91.5% qcov
SCBI-4-1-Rh|nifH|consensus50|strict_single_dominant	nifH|Mesorhizobium_sp._LjNodule214|CAN7751128.1	Mesorhizobium_sp._LjNodule214	85.766	829	92.7293	NA	0	874	Mesorhizobium	moderate_identity85_qcov70	yes	SCBI-4-1-Rh|nifH|consensus50|strict_single_dominant | closest: Mesorhizobium_sp._LjNodule214 | 85.8% id | 92.7% qcov
N39-2-D-No|nifH|consensus50|strict_single_dominant	nifH|Bradyrhizobium_ottawaense|XZF72199.1	Bradyrhizobium_ottawaense	83.673	833	94.1243	NA	0	830	Bradyrhizobium	low_or_uncertain	yes	N39-2-D-No|nifH|consensus50|strict_single_dominant | closest: Bradyrhizobium_ottawaense | 83.7% id | 94.1% qcov
GUAN-4-No|nifH|consensus50|strict_single_dominant	nifH|Microvirga_sp._KLBC_81|PVE21514.1	Microvirga_sp._KLBC_81	86.044	824	92.17	NA	0	900	Microvirga	moderate_identity85_qcov70	yes	GUAN-4-No|nifH|consensus50|strict_single_dominant | closest: Microvirga_sp._KLBC_81 | 86.0% id | 92.2% qcov
GUAN-8-No|nifH|consensus50|strict_single_dominant	nifH|Microvirga_sp._KLBC_81|PVE21514.1	Microvirga_sp._KLBC_81	86.457	827	92.5056	NA	0	913	Microvirga	moderate_identity85_qcov70	yes	GUAN-8-No|nifH|consensus50|strict_single_dominant | closest: Microvirga_sp._KLBC_81 | 86.5% id | 92.5% qcov
KONZ-9-2-No|nifH|consensus50|strict_single_dominant	nifH|Rhizobium_azibense|CAO4004957.1	Rhizobium_azibense	88.107	824	92.17	NA	0	976	Rhizobium	moderate_identity85_qcov70	yes	KONZ-9-2-No|nifH|consensus50|strict_single_dominant | closest: Rhizobium_azibense | 88.1% id | 92.2% qcov
DELA-6-3-No|nifH|consensus50|strict_single_dominant	nifH|Bradyrhizobium_sp._BLXBL-03|XYL59930.1	Bradyrhizobium_sp._BLXBL-03	85.653	697	75.1888	NA	0	728	Bradyrhizobium	moderate_identity85_qcov70	yes	DELA-6-3-No|nifH|consensus50|strict_single_dominant | closest: Bradyrhizobium_sp._BLXBL-03 | 85.7% id | 75.2% qcov
LAJA-3-1-No|nifH|consensus50|strict_single_dominant	nifH|Microvirga_lotononidis|WQO30062.1	Microvirga_lotononidis	85.629	835	93.4004	NA	0	869	Microvirga	moderate_identity85_qcov70	yes	LAJA-3-1-No|nifH|consensus50|strict_single_dominant | closest: Microvirga_lotononidis | 85.6% id | 93.4% qcov
DSNY-44-1-No|nifH|consensus50|strict_single_dominant	nifH|Burkholderia_vietnamiensis|KVE58540.1	Burkholderia_vietnamiensis	84.93	856	97.0522	NA	0	907	Burkholderia	low_or_uncertain	yes	DSNY-44-1-No|nifH|consensus50|strict_single_dominant | closest: Burkholderia_vietnamiensis | 84.9% id | 97.1% qcov
DSNY-57-No|nifH|consensus50|strict_single_dominant	nifH|Bradyrhizobium_sp._PUT101|XYX37671.1	Bradyrhizobium_sp._PUT101	91.284	654	73.8983	NA	0	891	Bradyrhizobium	moderate_identity85_qcov70	yes	DSNY-57-No|nifH|consensus50|strict_single_dominant | closest: Bradyrhizobium_sp._PUT101 | 91.3% id | 73.9% qcov
DSNY-90-No|nifH|consensus50|strict_single_dominant	nifH|Microvirga_lotononidis|WQO30062.1	Microvirga_lotononidis	87.879	627	70.1342	NA	0	737	Microvirga	moderate_identity85_qcov70	yes	DSNY-90-No|nifH|consensus50|strict_single_dominant | closest: Microvirga_lotononidis | 87.9% id | 70.1% qcov
LENO-2-1-Ro|nifH|consensus50|strict_single_dominant	nifH|Bradyrhizobium_sp._PUT101|XYX37671.1	Bradyrhizobium_sp._PUT101	88.025	810	91.5254	NA	0	957	Bradyrhizobium	moderate_identity85_qcov70	yes	LENO-2-1-Ro|nifH|consensus50|strict_single_dominant | closest: Bradyrhizobium_sp._PUT101 | 88.0% id | 91.5% qcov
JERC-170-Rh|nifH|consensus50|strict_single_dominant	nifH|Mesorhizobium_sp._WSM4083|XXN81638.1	Mesorhizobium_sp._WSM4083	90.379	634	70.9172	NA	0	832	Mesorhizobium	moderate_identity85_qcov70	yes	JERC-170-Rh|nifH|consensus50|strict_single_dominant | closest: Mesorhizobium_sp._WSM4083 | 90.4% id | 70.9% qcov
GUAN-7-1-Ro|nifH|consensus50|strict_single_dominant	nifH|Mesorhizobium_sp._WSM4083|XXN81638.1	Mesorhizobium_sp._WSM4083	91.186	624	69.7987	NA	0	848	Mesorhizobium	low_or_uncertain	yes	GUAN-7-1-Ro|nifH|consensus50|strict_single_dominant | closest: Mesorhizobium_sp._WSM4083 | 91.2% id | 69.8% qcov
N38-2-D-Rh|nifH|consensus50|strict_single_dominant	nifH|Microvirga_lotononidis|WQO30062.1	Microvirga_lotononidis	87.439	820	91.7226	NA	0	963	Microvirga	moderate_identity85_qcov70	yes	N38-2-D-Rh|nifH|consensus50|strict_single_dominant | closest: Microvirga_lotononidis | 87.4% id | 91.7% qcov
N38-2-D-No|nifH|consensus50|strict_single_dominant	nifH|Bradyrhizobium_sp._PUT101|XYX37671.1	Bradyrhizobium_sp._PUT101	87.139	832	94.0113	NA	0	1003	Bradyrhizobium	moderate_identity85_qcov70	yes	N38-2-D-No|nifH|consensus50|strict_single_dominant | closest: Bradyrhizobium_sp._PUT101 | 87.1% id | 94.0% qcov
N38-2-D-Ro|nifH|consensus50|strict_single_dominant	nifH|Bradyrhizobium_sp._PUT101|XYX37671.1	Bradyrhizobium_sp._PUT101	88.715	833	94.1243	NA	0	1011	Bradyrhizobium	moderate_identity85_qcov70	yes	N38-2-D-Ro|nifH|consensus50|strict_single_dominant | closest: Bradyrhizobium_sp._PUT101 | 88.7% id | 94.1% qcov
DSNY-90-Rh|nifH|consensus50|strict_single_dominant	nifH|Microvirga_lotononidis|WQO30062.1	Microvirga_lotononidis	89.263	624	69.7987	NA	0	782	Microvirga	low_or_uncertain	yes	DSNY-90-Rh|nifH|consensus50|strict_single_dominant | closest: Microvirga_lotononidis | 89.3% id | 69.8% qcov
LAJA-4-1-Rh|nifH|consensus50|strict_single_dominant	nifH|Mesorhizobium_sp._WSM4083|XXN81638.1	Mesorhizobium_sp._WSM4083	84.14	826	92.3937	NA	0	845	Mesorhizobium	low_or_uncertain	yes	LAJA-4-1-Rh|nifH|consensus50|strict_single_dominant | closest: Mesorhizobium_sp._WSM4083 | 84.1% id | 92.4% qcov
GUAN-3-No|nifH|consensus50|strict_single_dominant	nifH|Bradyrhizobium_sp._PUT101|XYX37671.1	Bradyrhizobium_sp._PUT101	85.525	829	93.6723	NA	0	909	Bradyrhizobium	moderate_identity85_qcov70	yes	GUAN-3-No|nifH|consensus50|strict_single_dominant | closest: Bradyrhizobium_sp._PUT101 | 85.5% id | 93.7% qcov
JERC-203-1-Rh|nifH|consensus50|strict_single_dominant	nifH|Burkholderia_vietnamiensis|KVE58540.1	Burkholderia_vietnamiensis	86.108	835	94.6712	NA	0	917	Burkholderia	moderate_identity85_qcov70	yes	JERC-203-1-Rh|nifH|consensus50|strict_single_dominant | closest: Burkholderia_vietnamiensis | 86.1% id | 94.7% qcov
WOOD-1-1-Rh|nifH|consensus50|strict_single_dominant	nifH|Bradyrhizobium_sp._PUT101|XYX37671.1	Bradyrhizobium_sp._PUT101	88.448	831	93.8983	NA	0	1000	Bradyrhizobium	moderate_identity85_qcov70	yes	WOOD-1-1-Rh|nifH|consensus50|strict_single_dominant | closest: Bradyrhizobium_sp._PUT101 | 88.4% id | 93.9% qcov
JERC-155-No|nifH|consensus50|strict_single_dominant	nifH|Mesorhizobium_sp._AaZ16|XIK06011.1	Mesorhizobium_sp._AaZ16	88.443	822	91.9463	NA	0	992	Mesorhizobium	moderate_identity85_qcov70	yes	JERC-155-No|nifH|consensus50|strict_single_dominant | closest: Mesorhizobium_sp._AaZ16 | 88.4% id | 91.9% qcov
JERC-99-1-Rh|nifH|consensus50|strict_single_dominant	nifH|Mesorhizobium_sp._AaZ16|XIK06011.1	Mesorhizobium_sp._AaZ16	86.447	819	91.6107	NA	0	944	Mesorhizobium	moderate_identity85_qcov70	yes	JERC-99-1-Rh|nifH|consensus50|strict_single_dominant | closest: Mesorhizobium_sp._AaZ16 | 86.4% id | 91.6% qcov
OSBS-58-1-Rh|nifH|consensus50|strict_single_dominant	nifH|Mesorhizobium_sp._AaZ16|XIK06011.1	Mesorhizobium_sp._AaZ16	85.592	819	91.6107	NA	0	894	Mesorhizobium	moderate_identity85_qcov70	yes	OSBS-58-1-Rh|nifH|consensus50|strict_single_dominant | closest: Mesorhizobium_sp._AaZ16 | 85.6% id | 91.6% qcov
CLBJ-36-1-No|nifH|consensus50|strict_single_dominant	nifH|Microvirga_lotononidis|WQO30062.1	Microvirga_lotononidis	89.068	622	69.5749	NA	0	771	Microvirga	low_or_uncertain	yes	CLBJ-36-1-No|nifH|consensus50|strict_single_dominant | closest: Microvirga_lotononidis | 89.1% id | 69.6% qcov
JERC-161-Rh|nifH|consensus50|strict_single_dominant	nifH|Mesorhizobium_sp._AaZ16|XIK06011.1	Mesorhizobium_sp._AaZ16	86.253	822	91.9463	NA	0	935	Mesorhizobium	moderate_identity85_qcov70	yes	JERC-161-Rh|nifH|consensus50|strict_single_dominant | closest: Mesorhizobium_sp._AaZ16 | 86.3% id | 91.9% qcov
OSBS-21-2-No|nifH|consensus50|strict_single_dominant	nifH|Mesorhizobium_sp._AaZ16|XIK06011.1	Mesorhizobium_sp._AaZ16	87.956	822	91.9463	NA	0	972	Mesorhizobium	moderate_identity85_qcov70	yes	OSBS-21-2-No|nifH|consensus50|strict_single_dominant | closest: Mesorhizobium_sp._AaZ16 | 88.0% id | 91.9% qcov
LENO-1-1-Rh|nifH|consensus50|strict_single_dominant	nifH|Bradyrhizobium_sp._PUT101|XYX37671.1	Bradyrhizobium_sp._PUT101	90.549	656	74.1243	NA	0	867	Bradyrhizobium	moderate_identity85_qcov70	yes	LENO-1-1-Rh|nifH|consensus50|strict_single_dominant | closest: Bradyrhizobium_sp._PUT101 | 90.5% id | 74.1% qcov
DSNY-28-1-Ro|nifH|consensus50|strict_single_dominant	nifH|Microvirga_lotononidis|WQO30062.1	Microvirga_lotononidis	88.321	822	91.9463	NA	0	987	Microvirga	moderate_identity85_qcov70	yes	DSNY-28-1-Ro|nifH|consensus50|strict_single_dominant | closest: Microvirga_lotononidis | 88.3% id | 91.9% qcov
OSBS-71-1-Rh|nifH|consensus50|strict_single_dominant	nifH|Microvirga_lotononidis|WQO30062.1	Microvirga_lotononidis	87.179	819	91.6107	NA	0	952	Microvirga	moderate_identity85_qcov70	yes	OSBS-71-1-Rh|nifH|consensus50|strict_single_dominant | closest: Microvirga_lotononidis | 87.2% id | 91.6% qcov
DSNY-57-1-Rh|nifH|consensus50|strict_single_dominant	nifH|Mesorhizobium_sp._WSM4083|XXN81638.1	Mesorhizobium_sp._WSM4083	88.62	826	92.3937	NA	0	1003	Mesorhizobium	moderate_identity85_qcov70	yes	DSNY-57-1-Rh|nifH|consensus50|strict_single_dominant | closest: Mesorhizobium_sp._WSM4083 | 88.6% id | 92.4% qcov
DSNY-30-1-No|nifH|consensus50|strict_single_dominant	nifH|Microvirga_lotononidis|WQO30062.1	Microvirga_lotononidis	87.546	819	91.6107	NA	0	948	Microvirga	moderate_identity85_qcov70	yes	DSNY-30-1-No|nifH|consensus50|strict_single_dominant | closest: Microvirga_lotononidis | 87.5% id | 91.6% qcov
OSBS-82-1-Ro|nifH|consensus50|strict_single_dominant	nifH|Bradyrhizobium_sp._PUT101|XYX37671.1	Bradyrhizobium_sp._PUT101	88.902	829	93.6723	NA	0	1022	Bradyrhizobium	moderate_identity85_qcov70	yes	OSBS-82-1-Ro|nifH|consensus50|strict_single_dominant | closest: Bradyrhizobium_sp._PUT101 | 88.9% id | 93.7% qcov
DSNY-83-2-Rh|nifH|consensus50|strict_single_dominant	nifH|Microvirga_lotononidis|WQO30062.1	Microvirga_lotononidis	84.812	823	92.0582	NA	0	872	Microvirga	low_or_uncertain	yes	DSNY-83-2-Rh|nifH|consensus50|strict_single_dominant | closest: Microvirga_lotononidis | 84.8% id | 92.1% qcov
KONZ-11-1-Rh|nifH|consensus50|strict_single_dominant	nifH|Bradyrhizobium_sp._PUT101|XYX37671.1	Bradyrhizobium_sp._PUT101	89.277	830	93.7853	NA	0	1038	Bradyrhizobium	moderate_identity85_qcov70	yes	KONZ-11-1-Rh|nifH|consensus50|strict_single_dominant | closest: Bradyrhizobium_sp._PUT101 | 89.3% id | 93.8% qcov
JERC-CLMA-73-2-Ro|nifH|consensus50|strict_single_dominant	nifH|Bradyrhizobium_sp._PUT101|XYX37671.1	Bradyrhizobium_sp._PUT101	88.058	829	93.6723	NA	0	1011	Bradyrhizobium	moderate_identity85_qcov70	yes	JERC-CLMA-73-2-Ro|nifH|consensus50|strict_single_dominant | closest: Bradyrhizobium_sp._PUT101 | 88.1% id | 93.7% qcov
JERC-CLMA-73-2-Rh|nifH|consensus50|strict_single_dominant	nifH|Bradyrhizobium_sp._PUT101|XYX37671.1	Bradyrhizobium_sp._PUT101	89.325	637	71.9774	NA	0	800	Bradyrhizobium	moderate_identity85_qcov70	yes	JERC-CLMA-73-2-Rh|nifH|consensus50|strict_single_dominant | closest: Bradyrhizobium_sp._PUT101 | 89.3% id | 72.0% qcov
JERC-172-2-Rh|nifH|consensus50|strict_single_dominant	nifH|Bradyrhizobium_sp._PUT101|XYX37671.1	Bradyrhizobium_sp._PUT101	88.327	831	93.8983	NA	0	994	Bradyrhizobium	moderate_identity85_qcov70	yes	JERC-172-2-Rh|nifH|consensus50|strict_single_dominant | closest: Bradyrhizobium_sp._PUT101 | 88.3% id | 93.9% qcov
JERC-177-Ro|nifH|consensus50|strict_single_dominant	nifH|Bradyrhizobium_sp._PUT101|XYX37671.1	Bradyrhizobium_sp._PUT101	88.582	832	94.0113	NA	0	1005	Bradyrhizobium	moderate_identity85_qcov70	yes	JERC-177-Ro|nifH|consensus50|strict_single_dominant | closest: Bradyrhizobium_sp._PUT101 | 88.6% id | 94.0% qcov
OAES-35-1-Rh|nifH|consensus50|strict_single_dominant	nifH|Bradyrhizobium_sp._PUT101|XYX37671.1	Bradyrhizobium_sp._PUT101	86.883	831	93.8983	NA	0	965	Bradyrhizobium	moderate_identity85_qcov70	yes	OAES-35-1-Rh|nifH|consensus50|strict_single_dominant | closest: Bradyrhizobium_sp._PUT101 | 86.9% id | 93.9% qcov
JERC-197-1-No|nifH|consensus50|strict_single_dominant	nifH|Mesorhizobium_sp._AaZ16|XIK06011.1	Mesorhizobium_sp._AaZ16	87.835	822	91.9463	NA	0	965	Mesorhizobium	moderate_identity85_qcov70	yes	JERC-197-1-No|nifH|consensus50|strict_single_dominant | closest: Mesorhizobium_sp._AaZ16 | 87.8% id | 91.9% qcov
TOOL-5-No|nifH|consensus50|strict_single_dominant	nifH|Mesorhizobium_sp._WSM4083|XXN81638.1	Mesorhizobium_sp._WSM4083	87.148	817	91.387	NA	0	937	Mesorhizobium	moderate_identity85_qcov70	yes	TOOL-5-No|nifH|consensus50|strict_single_dominant | closest: Mesorhizobium_sp._WSM4083 | 87.1% id | 91.4% qcov
TOOL-8-Rh|nifH|consensus50|strict_single_dominant	nifH|Microvirga_lotononidis|WQO30062.1	Microvirga_lotononidis	87.956	822	91.9463	NA	0	970	Microvirga	moderate_identity85_qcov70	yes	TOOL-8-Rh|nifH|consensus50|strict_single_dominant | closest: Microvirga_lotononidis | 88.0% id | 91.9% qcov
DEJU-54-No|nifH|consensus50|strict_single_dominant	nifH|Mesorhizobium_sp._AaZ16|XIK06011.1	Mesorhizobium_sp._AaZ16	84.587	824	92.17	NA	0	852	Mesorhizobium	low_or_uncertain	yes	DEJU-54-No|nifH|consensus50|strict_single_dominant | closest: Mesorhizobium_sp._AaZ16 | 84.6% id | 92.2% qcov
DSNY-88-1-Rh|nifH|consensus50|strict_single_dominant	nifH|Microvirga_sp._RSM25|XKE00370.1	Microvirga_sp._RSM25	88.486	799	89.3736	NA	0	968	Microvirga	moderate_identity85_qcov70	yes	DSNY-88-1-Rh|nifH|consensus50|strict_single_dominant | closest: Microvirga_sp._RSM25 | 88.5% id | 89.4% qcov
GRSM-4-2-Ro|nifH|consensus50|strict_single_dominant	nifH|Sinorhizobium_meliloti_(Rhizobium_meliloti)|XEM16083.1	Sinorhizobium_meliloti_(Rhizobium_meliloti)	87.268	699	78.1879	NA	0	797	Sinorhizobium	moderate_identity85_qcov70	yes	GRSM-4-2-Ro|nifH|consensus50|strict_single_dominant | closest: Sinorhizobium_meliloti_(Rhizobium_meliloti) | 87.3% id | 78.2% qcov
DEJU-58-Rh|nifH|consensus50|strict_single_dominant	nifH|Bradyrhizobium_sp._PUT101|XYX37671.1	Bradyrhizobium_sp._PUT101	89.498	657	74.2373	NA	0	828	Bradyrhizobium	moderate_identity85_qcov70	yes	DEJU-58-Rh|nifH|consensus50|strict_single_dominant | closest: Bradyrhizobium_sp._PUT101 | 89.5% id | 74.2% qcov
DSNY-92-1-Ro|nifH|consensus50|strict_single_dominant	nifH|Bradyrhizobium_sp._PUT101|XYX37671.1	Bradyrhizobium_sp._PUT101	89.193	657	74.2373	NA	0	817	Bradyrhizobium	moderate_identity85_qcov70	yes	DSNY-92-1-Ro|nifH|consensus50|strict_single_dominant | closest: Bradyrhizobium_sp._PUT101 | 89.2% id | 74.2% qcov
WOOD-3-2-Rh|nifH|consensus50|strict_single_dominant	nifH|Rhizobium_azibense|CAO4004957.1	Rhizobium_azibense	85.976	820	91.7226	NA	0	876	Rhizobium	moderate_identity85_qcov70	yes	WOOD-3-2-Rh|nifH|consensus50|strict_single_dominant | closest: Rhizobium_azibense | 86.0% id | 91.7% qcov
JERC-132-3-Rh|nifH|consensus50|strict_single_dominant	nifH|Bradyrhizobium_sp._PUT101|XYX37671.1	Bradyrhizobium_sp._PUT101	88.406	828	93.5593	NA	0	996	Bradyrhizobium	moderate_identity85_qcov70	yes	JERC-132-3-Rh|nifH|consensus50|strict_single_dominant | closest: Bradyrhizobium_sp._PUT101 | 88.4% id | 93.6% qcov
JERC-135-3-Rh|nifH|consensus50|strict_single_dominant	nifH|Microvirga_lotononidis|WQO30062.1	Microvirga_lotononidis	87.424	819	91.6107	NA	0	942	Microvirga	moderate_identity85_qcov70	yes	JERC-135-3-Rh|nifH|consensus50|strict_single_dominant | closest: Microvirga_lotononidis | 87.4% id | 91.6% qcov
OSBS-100-3-Rh|nifH|consensus50|strict_single_dominant	nifH|Sinorhizobium_meliloti_(Rhizobium_meliloti)|XEM16083.1	Sinorhizobium_meliloti_(Rhizobium_meliloti)	87.363	823	92.0582	NA	0	965	Sinorhizobium	moderate_identity85_qcov70	yes	OSBS-100-3-Rh|nifH|consensus50|strict_single_dominant | closest: Sinorhizobium_meliloti_(Rhizobium_meliloti) | 87.4% id | 92.1% qcov
TALL-22-Ro|nifH|consensus50|strict_single_dominant	nifH|Sinorhizobium_meliloti_(Rhizobium_meliloti)|XEM16083.1	Sinorhizobium_meliloti_(Rhizobium_meliloti)	88.984	699	78.1879	NA	0	863	Sinorhizobium	moderate_identity85_qcov70	yes	TALL-22-Ro|nifH|consensus50|strict_single_dominant | closest: Sinorhizobium_meliloti_(Rhizobium_meliloti) | 89.0% id | 78.2% qcov
JERC-91-1-Rh|nifH|consensus50|strict_single_dominant	nifH|Microvirga_lotononidis|WQO30062.1	Microvirga_lotononidis	86.288	722	80.7606	NA	0	808	Microvirga	moderate_identity85_qcov70	yes	JERC-91-1-Rh|nifH|consensus50|strict_single_dominant | closest: Microvirga_lotononidis | 86.3% id | 80.8% qcov
DEJU-60-Rh|nifH|consensus50|strict_single_dominant	nifH|Sinorhizobium_meliloti_(Rhizobium_meliloti)|XEM16083.1	Sinorhizobium_meliloti_(Rhizobium_meliloti)	87.286	700	78.2998	NA	0	800	Sinorhizobium	moderate_identity85_qcov70	yes	DEJU-60-Rh|nifH|consensus50|strict_single_dominant | closest: Sinorhizobium_meliloti_(Rhizobium_meliloti) | 87.3% id | 78.3% qcov
WOOD-10-1-Ro|nifH|consensus50|strict_single_dominant	nifH|Sinorhizobium_meliloti_(Rhizobium_meliloti)|XEM16083.1	Sinorhizobium_meliloti_(Rhizobium_meliloti)	87.589	701	78.4116	NA	0	813	Sinorhizobium	moderate_identity85_qcov70	yes	WOOD-10-1-Ro|nifH|consensus50|strict_single_dominant | closest: Sinorhizobium_meliloti_(Rhizobium_meliloti) | 87.6% id | 78.4% qcov
WOOD-6-1-Rh|nifH|consensus50|strict_single_dominant	nifH|Microvirga_lotononidis|WQO30062.1	Microvirga_lotononidis	86.325	819	91.6107	NA	0	893	Microvirga	moderate_identity85_qcov70	yes	WOOD-6-1-Rh|nifH|consensus50|strict_single_dominant | closest: Microvirga_lotononidis | 86.3% id | 91.6% qcov
HEAL-2-1-Rh|nifH|consensus50|strict_single_dominant	nifH|Bradyrhizobium_sp._PUT101|XYX37671.1	Bradyrhizobium_sp._PUT101	89.787	656	74.1243	NA	0	839	Bradyrhizobium	moderate_identity85_qcov70	yes	HEAL-2-1-Rh|nifH|consensus50|strict_single_dominant | closest: Bradyrhizobium_sp._PUT101 | 89.8% id | 74.1% qcov
RMNP-4-Rh|nifH|consensus50|strict_single_dominant	nifH|Microvirga_lotononidis|WQO30062.1	Microvirga_lotononidis	87.591	822	91.9463	NA	0	953	Microvirga	moderate_identity85_qcov70	yes	RMNP-4-Rh|nifH|consensus50|strict_single_dominant | closest: Microvirga_lotononidis | 87.6% id | 91.9% qcov
JERC-204-1-No|nifH|consensus50|strict_single_dominant	nifH|Bradyrhizobium_sp._PUT101|XYX37671.1	Bradyrhizobium_sp._PUT101	88.554	830	93.7853	NA	0	1005	Bradyrhizobium	moderate_identity85_qcov70	yes	JERC-204-1-No|nifH|consensus50|strict_single_dominant | closest: Bradyrhizobium_sp._PUT101 | 88.6% id | 93.8% qcov
TALL-49-1-Rh|nifH|consensus50|strict_single_dominant	nifH|Mesorhizobium_sp._AaZ16|XIK06011.1	Mesorhizobium_sp._AaZ16	89.001	691	77.2931	NA	0	856	Mesorhizobium	moderate_identity85_qcov70	yes	TALL-49-1-Rh|nifH|consensus50|strict_single_dominant | closest: Mesorhizobium_sp._AaZ16 | 89.0% id | 77.3% qcov
DSNY-GARE-35-1-Rh|nifH|consensus50|strict_single_dominant	nifH|Bradyrhizobium_sp._PUT101|XYX37671.1	Bradyrhizobium_sp._PUT101	88.072	830	93.7853	NA	0	983	Bradyrhizobium	moderate_identity85_qcov70	yes	DSNY-GARE-35-1-Rh|nifH|consensus50|strict_single_dominant | closest: Bradyrhizobium_sp._PUT101 | 88.1% id | 93.8% qcov
KONZ-6-1-Rh|nifH|consensus50|strict_single_dominant	nifH|Microvirga_sp._KLBC_81|PVE21514.1	Microvirga_sp._KLBC_81	88.2	822	91.9463	NA	0	981	Microvirga	moderate_identity85_qcov70	yes	KONZ-6-1-Rh|nifH|consensus50|strict_single_dominant | closest: Microvirga_sp._KLBC_81 | 88.2% id | 91.9% qcov
CLBJ-28-3-Rh|nifH|consensus50|strict_single_dominant	nifH|Microvirga_lotononidis|WQO30062.1	Microvirga_lotononidis	87.47	822	91.9463	NA	0	948	Microvirga	moderate_identity85_qcov70	yes	CLBJ-28-3-Rh|nifH|consensus50|strict_single_dominant | closest: Microvirga_lotononidis | 87.5% id | 91.9% qcov
DSNY-83-1-Rh|nifH|consensus50|strict_single_dominant	nifH|Bradyrhizobium_sp._PUT101|XYX37671.1	Bradyrhizobium_sp._PUT101	87.59	830	93.7853	NA	0	961	Bradyrhizobium	moderate_identity85_qcov70	yes	DSNY-83-1-Rh|nifH|consensus50|strict_single_dominant | closest: Bradyrhizobium_sp._PUT101 | 87.6% id | 93.8% qcov
GUAN-5-Rh|nifH|consensus50|strict_single_dominant	nifH|Bradyrhizobium_sp._PUT101|XYX37671.1	Bradyrhizobium_sp._PUT101	87.952	830	93.7853	NA	0	977	Bradyrhizobium	moderate_identity85_qcov70	yes	GUAN-5-Rh|nifH|consensus50|strict_single_dominant | closest: Bradyrhizobium_sp._PUT101 | 88.0% id | 93.8% qcov
OSBS-37-1-Rh|nifH|consensus50|strict_single_dominant	nifH|Mesorhizobium_sp._WSM4083|XXN81638.1	Mesorhizobium_sp._WSM4083	88.029	827	92.5056	NA	0	976	Mesorhizobium	moderate_identity85_qcov70	yes	OSBS-37-1-Rh|nifH|consensus50|strict_single_dominant | closest: Mesorhizobium_sp._WSM4083 | 88.0% id | 92.5% qcov
JERC-155-Rh|nifH|consensus50|strict_single_dominant	nifH|Bradyrhizobium_sp._PUT101|XYX37671.1	Bradyrhizobium_sp._PUT101	87.981	832	94.0113	NA	0	977	Bradyrhizobium	moderate_identity85_qcov70	yes	JERC-155-Rh|nifH|consensus50|strict_single_dominant | closest: Bradyrhizobium_sp._PUT101 | 88.0% id | 94.0% qcov
OSBS-66-1-Rh|nifH|consensus50|strict_single_dominant	nifH|Bradyrhizobium_sp._PUT101|XYX37671.1	Bradyrhizobium_sp._PUT101	89.157	830	93.7853	NA	0	1033	Bradyrhizobium	moderate_identity85_qcov70	yes	OSBS-66-1-Rh|nifH|consensus50|strict_single_dominant | closest: Bradyrhizobium_sp._PUT101 | 89.2% id | 93.8% qcov
GUAN-2-Rh|nifH|consensus50|strict_single_dominant	nifH|Microvirga_lotononidis|WQO30062.1	Microvirga_lotononidis	87.912	819	91.6107	NA	0	965	Microvirga	moderate_identity85_qcov70	yes	GUAN-2-Rh|nifH|consensus50|strict_single_dominant | closest: Microvirga_lotononidis | 87.9% id | 91.6% qcov
DELA-2-2-No|nifH|consensus50|strict_single_dominant	nifH|Mesorhizobium_sp._AaZ16|XIK06011.1	Mesorhizobium_sp._AaZ16	90.369	623	69.6868	NA	0	819	Mesorhizobium	low_or_uncertain	yes	DELA-2-2-No|nifH|consensus50|strict_single_dominant | closest: Mesorhizobium_sp._AaZ16 | 90.4% id | 69.7% qcov
OSBS-81-1-Rh|nifH|consensus50|strict_single_dominant	nifH|Bradyrhizobium_sp._PUT101|XYX37671.1	Bradyrhizobium_sp._PUT101	87.108	830	93.7853	NA	0	939	Bradyrhizobium	moderate_identity85_qcov70	yes	OSBS-81-1-Rh|nifH|consensus50|strict_single_dominant | closest: Bradyrhizobium_sp._PUT101 | 87.1% id | 93.8% qcov
DELA-8-2-Rh|nifH|consensus50|strict_single_dominant	nifH|Microvirga_sp._RSM25|XKE00370.1	Microvirga_sp._RSM25	88.109	698	78.0761	NA	0	839	Microvirga	moderate_identity85_qcov70	yes	DELA-8-2-Rh|nifH|consensus50|strict_single_dominant | closest: Microvirga_sp._RSM25 | 88.1% id | 78.1% qcov
JERC-127-2-Ro|nifH|consensus50|strict_single_dominant	nifH|Mesorhizobium_sp._AaZ16|XIK06011.1	Mesorhizobium_sp._AaZ16	89.442	824	92.17	NA	0	1037	Mesorhizobium	moderate_identity85_qcov70	yes	JERC-127-2-Ro|nifH|consensus50|strict_single_dominant | closest: Mesorhizobium_sp._AaZ16 | 89.4% id | 92.2% qcov
TALL-26-3-Rh|nifH|consensus50|strict_single_dominant	nifH|Mesorhizobium_sp._AaZ16|XIK06011.1	Mesorhizobium_sp._AaZ16	87.363	823	92.0582	NA	0	953	Mesorhizobium	moderate_identity85_qcov70	yes	TALL-26-3-Rh|nifH|consensus50|strict_single_dominant | closest: Mesorhizobium_sp._AaZ16 | 87.4% id | 92.1% qcov
JERC-169-Rh|nifH|consensus50|strict_single_dominant	nifH|Mesorhizobium_sp._AaZ16|XIK06011.1	Mesorhizobium_sp._AaZ16	87.912	819	91.6107	NA	0	965	Mesorhizobium	moderate_identity85_qcov70	yes	JERC-169-Rh|nifH|consensus50|strict_single_dominant | closest: Mesorhizobium_sp._AaZ16 | 87.9% id | 91.6% qcov
DSNY-61-4-Rh|nifH|consensus50|strict_single_dominant	nifH|Mesorhizobium_sp._AaZ16|XIK06011.1	Mesorhizobium_sp._AaZ16	88.645	819	91.6107	NA	0	998	Mesorhizobium	moderate_identity85_qcov70	yes	DSNY-61-4-Rh|nifH|consensus50|strict_single_dominant | closest: Mesorhizobium_sp._AaZ16 | 88.6% id | 91.6% qcov
TALL-13-3-Ro|nifH|consensus50|strict_single_dominant	nifH|Mesorhizobium_sp._AaZ16|XIK06011.1	Mesorhizobium_sp._AaZ16	87.956	822	91.9463	NA	0	972	Mesorhizobium	moderate_identity85_qcov70	yes	TALL-13-3-Ro|nifH|consensus50|strict_single_dominant | closest: Mesorhizobium_sp._AaZ16 | 88.0% id | 91.9% qcov
OSBS-28-1-No|nifH|consensus50|strict_single_dominant	nifH|Microvirga_sp._KLBC_81|PVE21514.1	Microvirga_sp._KLBC_81	88.686	822	91.9463	NA	0	1003	Microvirga	moderate_identity85_qcov70	yes	OSBS-28-1-No|nifH|consensus50|strict_single_dominant | closest: Microvirga_sp._KLBC_81 | 88.7% id | 91.9% qcov
CLBJ-7-1-No|nifH|consensus50|strict_single_dominant	nifH|Mesorhizobium_sp._AaZ16|XIK06011.1	Mesorhizobium_sp._AaZ16	91.209	819	91.6107	NA	0	1114	Mesorhizobium	high_identity90_qcov80	yes	CLBJ-7-1-No|nifH|consensus50|strict_single_dominant | closest: Mesorhizobium_sp._AaZ16 | 91.2% id | 91.6% qcov
OSBS-20-1-Ro|nifH|consensus50|strict_single_dominant	nifH|Mesorhizobium_sp._AaZ16|XIK06011.1	Mesorhizobium_sp._AaZ16	90.598	819	91.6107	NA	0	1086	Mesorhizobium	high_identity90_qcov80	yes	OSBS-20-1-Ro|nifH|consensus50|strict_single_dominant | closest: Mesorhizobium_sp._AaZ16 | 90.6% id | 91.6% qcov
JERC-88-1-Rh|nifH|consensus50|strict_single_dominant	nifH|Mesorhizobium_sp._AaZ16|XIK06011.1	Mesorhizobium_sp._AaZ16	90.459	828	92.6174	NA	0	1092	Mesorhizobium	high_identity90_qcov80	yes	JERC-88-1-Rh|nifH|consensus50|strict_single_dominant | closest: Mesorhizobium_sp._AaZ16 | 90.5% id | 92.6% qcov
OAES-37-2-Rh|nifH|consensus50|strict_single_dominant	nifH|Mesorhizobium_sp._WSM4083|XXN81638.1	Mesorhizobium_sp._WSM4083	89.307	823	92.0582	NA	0	1046	Mesorhizobium	moderate_identity85_qcov70	yes	OAES-37-2-Rh|nifH|consensus50|strict_single_dominant | closest: Mesorhizobium_sp._WSM4083 | 89.3% id | 92.1% qcov
TOOL-5-Rh|nifH|consensus50|strict_single_dominant	nifH|Mesorhizobium_sp._WSM4083|XXN81638.1	Mesorhizobium_sp._WSM4083	89.066	814	91.0515	NA	0	1011	Mesorhizobium	moderate_identity85_qcov70	yes	TOOL-5-Rh|nifH|consensus50|strict_single_dominant | closest: Mesorhizobium_sp._WSM4083 | 89.1% id | 91.1% qcov
ORNL-12-1-Ro|nifH|consensus50|strict_single_dominant	nifH|Mesorhizobium_sp._AaZ16|XIK06011.1	Mesorhizobium_sp._AaZ16	88.523	819	91.6107	NA	0	992	Mesorhizobium	moderate_identity85_qcov70	yes	ORNL-12-1-Ro|nifH|consensus50|strict_single_dominant | closest: Mesorhizobium_sp._AaZ16 | 88.5% id | 91.6% qcov
DEJU-8-1-Rh|nifH|consensus50|strict_single_dominant	nifH|Microvirga_sp._KLBC_81|PVE21514.1	Microvirga_sp._KLBC_81	85.135	814	91.0515	NA	0	874	Microvirga	moderate_identity85_qcov70	yes	DEJU-8-1-Rh|nifH|consensus50|strict_single_dominant | closest: Microvirga_sp._KLBC_81 | 85.1% id | 91.1% qcov
JERC-160-Ro|nifH|consensus50|strict_single_dominant	nifH|Neorhizobium_alkalisoli|ACF98259.1	Neorhizobium_alkalisoli	90.947	718	99.0345	NA	0	965	Neorhizobium	high_identity90_qcov80	yes	JERC-160-Ro|nifH|consensus50|strict_single_dominant | closest: Neorhizobium_alkalisoli | 90.9% id | 99.0% qcov
OSBS-68-1-Rh|nifH|consensus50|strict_single_dominant	nifH|Bradyrhizobium_sp._PUT101|XYX37671.1	Bradyrhizobium_sp._PUT101	87.124	831	93.8983	NA	0	970	Bradyrhizobium	moderate_identity85_qcov70	yes	OSBS-68-1-Rh|nifH|consensus50|strict_single_dominant | closest: Bradyrhizobium_sp._PUT101 | 87.1% id | 93.9% qcov
OSBS-69-1-Rh|nifH|consensus50|strict_single_dominant	nifH|Mesorhizobium_sp._WSM4083|XXN81638.1	Mesorhizobium_sp._WSM4083	89.346	826	92.3937	NA	0	1037	Mesorhizobium	moderate_identity85_qcov70	yes	OSBS-69-1-Rh|nifH|consensus50|strict_single_dominant | closest: Mesorhizobium_sp._WSM4083 | 89.3% id | 92.4% qcov
JERC-145-1-Rh|nifH|consensus50|strict_single_dominant	nifH|Microvirga_sp._KLBC_81|PVE21514.1	Microvirga_sp._KLBC_81	88.929	822	91.9463	NA	0	1014	Microvirga	moderate_identity85_qcov70	yes	JERC-145-1-Rh|nifH|consensus50|strict_single_dominant | closest: Microvirga_sp._KLBC_81 | 88.9% id | 91.9% qcov
TALL-39-2-Rh|nifH|consensus50|strict_single_dominant	nifH|Microvirga_sp._KLBC_81|PVE21514.1	Microvirga_sp._KLBC_81	85.401	822	91.9463	NA	0	896	Microvirga	moderate_identity85_qcov70	yes	TALL-39-2-Rh|nifH|consensus50|strict_single_dominant | closest: Microvirga_sp._KLBC_81 | 85.4% id | 91.9% qcov
JERC-160-Rh|nifH|consensus50|strict_single_dominant	nifH|Mesorhizobium_sp._WSM4083|XXN81638.1	Mesorhizobium_sp._WSM4083	86.829	820	91.7226	NA	0	942	Mesorhizobium	moderate_identity85_qcov70	yes	JERC-160-Rh|nifH|consensus50|strict_single_dominant | closest: Mesorhizobium_sp._WSM4083 | 86.8% id | 91.7% qcov
TALL-9-2-Ro|nifH|consensus50|strict_single_dominant	nifH|Microvirga_lotononidis|WQO30062.1	Microvirga_lotononidis	89.238	827	92.5056	NA	0	1033	Microvirga	moderate_identity85_qcov70	yes	TALL-9-2-Ro|nifH|consensus50|strict_single_dominant | closest: Microvirga_lotononidis | 89.2% id | 92.5% qcov
JERC-98-1-Rh|nifH|consensus50|strict_single_dominant	nifH|Mesorhizobium_sp._AaZ16|XIK06011.1	Mesorhizobium_sp._AaZ16	88.034	819	91.6107	NA	0	1005	Mesorhizobium	moderate_identity85_qcov70	yes	JERC-98-1-Rh|nifH|consensus50|strict_single_dominant | closest: Mesorhizobium_sp._AaZ16 | 88.0% id | 91.6% qcov
OSBS-7-4-Ro|nifH|consensus50|strict_single_dominant	nifH|Mesorhizobium_sp._AaZ16|XIK06011.1	Mesorhizobium_sp._AaZ16	92.674	819	91.6107	NA	0	1181	Mesorhizobium	high_identity90_qcov80	yes	OSBS-7-4-Ro|nifH|consensus50|strict_single_dominant | closest: Mesorhizobium_sp._AaZ16 | 92.7% id | 91.6% qcov
UKFS-52-1-Rh|nifH|consensus50|strict_single_dominant	nifH|Microvirga_lotononidis|WQO30062.1	Microvirga_lotononidis	90.11	819	91.6107	NA	0	1064	Microvirga	high_identity90_qcov80	yes	UKFS-52-1-Rh|nifH|consensus50|strict_single_dominant | closest: Microvirga_lotononidis | 90.1% id | 91.6% qcov
DSNY-10-3-Rh|nifH|consensus50|strict_single_dominant	nifH|Microvirga_sp._KLBC_81|PVE21514.1	Microvirga_sp._KLBC_81	89.962	797	89.1499	NA	0	1026	Microvirga	moderate_identity85_qcov70	yes	DSNY-10-3-Rh|nifH|consensus50|strict_single_dominant | closest: Microvirga_sp._KLBC_81 | 90.0% id | 89.1% qcov
WOOD-2-2-Rh|nifH|consensus50|strict_single_dominant	nifH|Microvirga_lotononidis|WQO30062.1	Microvirga_lotononidis	87.713	822	91.9463	NA	0	959	Microvirga	moderate_identity85_qcov70	yes	WOOD-2-2-Rh|nifH|consensus50|strict_single_dominant | closest: Microvirga_lotononidis | 87.7% id | 91.9% qcov
DSNY-CLFR-60-Rh|nifH|consensus50|strict_single_dominant	nifH|Mesorhizobium_sp._AaZ16|XIK06011.1	Mesorhizobium_sp._AaZ16	87.623	816	91.2752	NA	0	983	Mesorhizobium	moderate_identity85_qcov70	yes	DSNY-CLFR-60-Rh|nifH|consensus50|strict_single_dominant | closest: Mesorhizobium_sp._AaZ16 | 87.6% id | 91.3% qcov
OSBS-DETR-64-3-Rh|nifH|consensus50|strict_single_dominant	nifH|Mesorhizobium_sp._AaZ16|XIK06011.1	Mesorhizobium_sp._AaZ16	90.809	816	91.2752	NA	0	1092	Mesorhizobium	high_identity90_qcov80	yes	OSBS-DETR-64-3-Rh|nifH|consensus50|strict_single_dominant | closest: Mesorhizobium_sp._AaZ16 | 90.8% id | 91.3% qcov
OSBS-18-5-Ro|nifH|consensus50|strict_single_dominant	nifH|Mesorhizobium_sp._AaZ16|XIK06011.1	Mesorhizobium_sp._AaZ16	91.698	795	88.9262	NA	0	1103	Mesorhizobium	high_identity90_qcov80	yes	OSBS-18-5-Ro|nifH|consensus50|strict_single_dominant | closest: Mesorhizobium_sp._AaZ16 | 91.7% id | 88.9% qcov
CLBJ-19-1-Rh|nifH|consensus50|strict_single_dominant	nifH|Microvirga_sp._RSM25|XKE00370.1	Microvirga_sp._RSM25	87.811	804	89.9329	NA	0	937	Microvirga	moderate_identity85_qcov70	yes	CLBJ-19-1-Rh|nifH|consensus50|strict_single_dominant | closest: Microvirga_sp._RSM25 | 87.8% id | 89.9% qcov
LAJA-16-2-Rh|nifH|consensus50|strict_single_dominant	nifH|Microvirga_sp._KLBC_81|PVE21514.1	Microvirga_sp._KLBC_81	85.593	826	92.3937	NA	0	907	Microvirga	moderate_identity85_qcov70	yes	LAJA-16-2-Rh|nifH|consensus50|strict_single_dominant | closest: Microvirga_sp._KLBC_81 | 85.6% id | 92.4% qcov
LAJA-1-1-No|nifH|consensus50|strict_single_dominant	nifH|Burkholderia_ubonensis|TPQ46028.1	Burkholderia_ubonensis	86.714	843	95.5782	NA	0	935	Burkholderia	moderate_identity85_qcov70	yes	LAJA-1-1-No|nifH|consensus50|strict_single_dominant | closest: Burkholderia_ubonensis | 86.7% id | 95.6% qcov
LAJA-2-1-Ro|nifH|consensus50|strict_single_dominant	nifH|Burkholderia_vietnamiensis|AOJ17135.1	Burkholderia_vietnamiensis	84.479	844	95.6916	NA	0	874	Burkholderia	low_or_uncertain	yes	LAJA-2-1-Ro|nifH|consensus50|strict_single_dominant | closest: Burkholderia_vietnamiensis | 84.5% id | 95.7% qcov
TOOL-14-Ro|nifH|consensus50|strict_single_dominant	nifH|Mesorhizobium_sp._WSM4083|XXN81638.1	Mesorhizobium_sp._WSM4083	88.778	802	89.7092	NA	0	981	Mesorhizobium	moderate_identity85_qcov70	yes	TOOL-14-Ro|nifH|consensus50|strict_single_dominant | closest: Mesorhizobium_sp._WSM4083 | 88.8% id | 89.7% qcov
JERC-CRJU-86-1-Ro|nifH|consensus50|strict_single_dominant	nifH|Mesorhizobium_sp._AaZ16|XIK06011.1	Mesorhizobium_sp._AaZ16	90.074	806	90.1566	NA	0	1061	Mesorhizobium	high_identity90_qcov80	yes	JERC-CRJU-86-1-Ro|nifH|consensus50|strict_single_dominant | closest: Mesorhizobium_sp._AaZ16 | 90.1% id | 90.2% qcov
OSBS-36-4-Rh|nifH|consensus50|strict_single_dominant	nifH|Mesorhizobium_sp._AaZ16|XIK06011.1	Mesorhizobium_sp._AaZ16	90.762	801	89.5973	NA	0	1070	Mesorhizobium	high_identity90_qcov80	yes	OSBS-36-4-Rh|nifH|consensus50|strict_single_dominant | closest: Mesorhizobium_sp._AaZ16 | 90.8% id | 89.6% qcov
CLBJ-23-1-No|nifH|consensus50|strict_single_dominant	nifH|Neorhizobium_alkalisoli|ACF98259.1	Neorhizobium_alkalisoli	89.488	723	99.7241	NA	0	913	Neorhizobium	moderate_identity85_qcov70	yes	CLBJ-23-1-No|nifH|consensus50|strict_single_dominant | closest: Neorhizobium_alkalisoli | 89.5% id | 99.7% qcov
DEJU-1-1-No|nifH|consensus50|strict_single_dominant	nifH|Mesorhizobium_sp._AaZ16|XIK06011.1	Mesorhizobium_sp._AaZ16	88.848	816	91.2752	NA	0	1003	Mesorhizobium	moderate_identity85_qcov70	yes	DEJU-1-1-No|nifH|consensus50|strict_single_dominant | closest: Mesorhizobium_sp._AaZ16 | 88.8% id | 91.3% qcov
DEJU-3-1-No|nifH|consensus50|strict_single_dominant	nifH|Mesorhizobium_sp._AaZ16|XIK06011.1	Mesorhizobium_sp._AaZ16	87.732	701	78.4116	NA	0	819	Mesorhizobium	moderate_identity85_qcov70	yes	DEJU-3-1-No|nifH|consensus50|strict_single_dominant | closest: Mesorhizobium_sp._AaZ16 | 87.7% id | 78.4% qcov
DEJU-37-No|nifH|consensus50|strict_single_dominant	nifH|Mesorhizobium_sp._AaZ16|XIK06011.1	Mesorhizobium_sp._AaZ16	87.845	798	89.2617	NA	0	937	Mesorhizobium	moderate_identity85_qcov70	yes	DEJU-37-No|nifH|consensus50|strict_single_dominant | closest: Mesorhizobium_sp._AaZ16 | 87.8% id | 89.3% qcov
SJER-1-1-No|nifH|consensus50|strict_single_dominant	nifH|Sinorhizobium_meliloti_(Rhizobium_meliloti)|XEM16083.1	Sinorhizobium_meliloti_(Rhizobium_meliloti)	85.796	697	77.9642	NA	0	739	Sinorhizobium	moderate_identity85_qcov70	yes	SJER-1-1-No|nifH|consensus50|strict_single_dominant | closest: Sinorhizobium_meliloti_(Rhizobium_meliloti) | 85.8% id | 78.0% qcov
DEJU-40-No|nifH|consensus50|strict_single_dominant	nifH|Mesorhizobium_sp._WSM4083|XXN81638.1	Mesorhizobium_sp._WSM4083	84.063	822	91.9463	NA	0	822	Mesorhizobium	low_or_uncertain	yes	DEJU-40-No|nifH|consensus50|strict_single_dominant | closest: Mesorhizobium_sp._WSM4083 | 84.1% id | 91.9% qcov
DEJU-43-No|nifH|consensus50|strict_single_dominant	nifH|Mesorhizobium_sp._AaZ16|XIK06011.1	Mesorhizobium_sp._AaZ16	88.122	623	69.6868	NA	0	741	Mesorhizobium	low_or_uncertain	yes	DEJU-43-No|nifH|consensus50|strict_single_dominant | closest: Mesorhizobium_sp._AaZ16 | 88.1% id | 69.7% qcov
DEJU-39-No|nifH|consensus50|strict_single_dominant	nifH|Mesorhizobium_sp._WSM4083|XXN81638.1	Mesorhizobium_sp._WSM4083	85.417	816	91.2752	NA	0	857	Mesorhizobium	moderate_identity85_qcov70	yes	DEJU-39-No|nifH|consensus50|strict_single_dominant | closest: Mesorhizobium_sp._WSM4083 | 85.4% id | 91.3% qcov
DEJU-46-Ro|nifH|consensus50|strict_single_dominant	nifH|Mesorhizobium_sp._AaZ16|XIK06011.1	Mesorhizobium_sp._AaZ16	88.235	816	91.2752	NA	0	976	Mesorhizobium	moderate_identity85_qcov70	yes	DEJU-46-Ro|nifH|consensus50|strict_single_dominant | closest: Mesorhizobium_sp._AaZ16 | 88.2% id | 91.3% qcov
DEJU-42-No|nifH|consensus50|strict_single_dominant	nifH|Mesorhizobium_sp._AaZ16|XIK06011.1	Mesorhizobium_sp._AaZ16	88.603	816	91.2752	NA	0	992	Mesorhizobium	moderate_identity85_qcov70	yes	DEJU-42-No|nifH|consensus50|strict_single_dominant | closest: Mesorhizobium_sp._AaZ16 | 88.6% id | 91.3% qcov
DEJU-62-1-No|nifH|consensus50|strict_single_dominant	nifH|Mesorhizobium_sp._AaZ16|XIK06011.1	Mesorhizobium_sp._AaZ16	89.744	819	91.6107	NA	0	1048	Mesorhizobium	moderate_identity85_qcov70	yes	DEJU-62-1-No|nifH|consensus50|strict_single_dominant | closest: Mesorhizobium_sp._AaZ16 | 89.7% id | 91.6% qcov
OAES-35-3-Rh|nifH|consensus50|strict_single_dominant	nifH|Mesorhizobium_sp._WSM4083|XXN81638.1	Mesorhizobium_sp._WSM4083	88.889	801	89.5973	NA	0	1005	Mesorhizobium	moderate_identity85_qcov70	yes	OAES-35-3-Rh|nifH|consensus50|strict_single_dominant | closest: Mesorhizobium_sp._WSM4083 | 88.9% id | 89.6% qcov
TOOL-32-Ro|nifH|consensus50|strict_single_dominant	nifH|Mesorhizobium_sp._WSM4083|XXN81638.1	Mesorhizobium_sp._WSM4083	90.189	795	88.9262	NA	0	1037	Mesorhizobium	high_identity90_qcov80	yes	TOOL-32-Ro|nifH|consensus50|strict_single_dominant | closest: Mesorhizobium_sp._WSM4083 | 90.2% id | 88.9% qcov
TOOL-9-Rh|nifH|consensus50|strict_single_dominant	nifH|Mesorhizobium_sp._AaZ16|XIK06011.1	Mesorhizobium_sp._AaZ16	87.333	821	91.8345	NA	0	974	Mesorhizobium	moderate_identity85_qcov70	yes	TOOL-9-Rh|nifH|consensus50|strict_single_dominant | closest: Mesorhizobium_sp._AaZ16 | 87.3% id | 91.8% qcov
OSBS-4-3-Ro|nifH|consensus50|strict_single_dominant	nifH|Mesorhizobium_sp._AaZ16|XIK06011.1	Mesorhizobium_sp._AaZ16	89.951	816	91.2752	NA	0	1068	Mesorhizobium	moderate_identity85_qcov70	yes	OSBS-4-3-Ro|nifH|consensus50|strict_single_dominant | closest: Mesorhizobium_sp._AaZ16 | 90.0% id | 91.3% qcov
TOOL-3-No|nifH|consensus50|strict_single_dominant	nifH|Microvirga_sp._RSM25|XKE00370.1	Microvirga_sp._RSM25	89.878	820	91.7226	NA	0	1053	Microvirga	moderate_identity85_qcov70	yes	TOOL-3-No|nifH|consensus50|strict_single_dominant | closest: Microvirga_sp._RSM25 | 89.9% id | 91.7% qcov
CLBJ-17-1-Rh|nifH|consensus50|strict_single_dominant	nifH|Microvirga_sp._RSM25|XKE00370.1	Microvirga_sp._RSM25	89.413	784	87.6957	NA	0	987	Microvirga	moderate_identity85_qcov70	yes	CLBJ-17-1-Rh|nifH|consensus50|strict_single_dominant | closest: Microvirga_sp._RSM25 | 89.4% id | 87.7% qcov
JERC-99-1-Ro|nifH|consensus50|strict_single_dominant	nifH|Microvirga_sp._KLBC_81|PVE21514.1	Microvirga_sp._KLBC_81	92.43	819	91.6107	NA	0	1170	Microvirga	high_identity90_qcov80	yes	JERC-99-1-Ro|nifH|consensus50|strict_single_dominant | closest: Microvirga_sp._KLBC_81 | 92.4% id | 91.6% qcov
JERC-10-3-No|nifH|consensus50|strict_single_dominant	nifH|Mesorhizobium_sp._AaZ16|XIK06011.1	Mesorhizobium_sp._AaZ16	91.266	790	88.3669	NA	0	1077	Mesorhizobium	high_identity90_qcov80	yes	JERC-10-3-No|nifH|consensus50|strict_single_dominant | closest: Mesorhizobium_sp._AaZ16 | 91.3% id | 88.4% qcov
JERC-11-1-Rh|nifH|consensus50|strict_single_dominant	nifH|Mesorhizobium_sp._AaZ16|XIK06011.1	Mesorhizobium_sp._AaZ16	90.476	819	91.6107	NA	0	1081	Mesorhizobium	high_identity90_qcov80	yes	JERC-11-1-Rh|nifH|consensus50|strict_single_dominant | closest: Mesorhizobium_sp._AaZ16 | 90.5% id | 91.6% qcov
JERC-8-2-No|nifH|consensus50|strict_single_dominant	nifH|Mesorhizobium_sp._AaZ16|XIK06011.1	Mesorhizobium_sp._AaZ16	92.279	803	89.821	NA	0	1136	Mesorhizobium	high_identity90_qcov80	yes	JERC-8-2-No|nifH|consensus50|strict_single_dominant | closest: Mesorhizobium_sp._AaZ16 | 92.3% id | 89.8% qcov
JERC-89-1-Ro|nifH|consensus50|strict_single_dominant	nifH|Mesorhizobium_sp._WSM4083|XXN81638.1	Mesorhizobium_sp._WSM4083	88.317	796	89.038	NA	0	953	Mesorhizobium	moderate_identity85_qcov70	yes	JERC-89-1-Ro|nifH|consensus50|strict_single_dominant | closest: Mesorhizobium_sp._WSM4083 | 88.3% id | 89.0% qcov
MLBS-1-1-No|nifH|consensus50|strict_single_dominant	nifH|Microvirga_sp._KLBC_81|PVE21514.1	Microvirga_sp._KLBC_81	87.82	821	91.8345	NA	0	959	Microvirga	moderate_identity85_qcov70	yes	MLBS-1-1-No|nifH|consensus50|strict_single_dominant | closest: Microvirga_sp._KLBC_81 | 87.8% id | 91.8% qcov
TALL-90-1-No|nifH|consensus50|strict_single_dominant	nifH|Neorhizobium_galegae|AIY31028.1	Neorhizobium_galegae	90.716	754	99.2105	NA	0	1003	Neorhizobium	high_identity90_qcov80	yes	TALL-90-1-No|nifH|consensus50|strict_single_dominant | closest: Neorhizobium_galegae | 90.7% id | 99.2% qcov
TOOL-5-Ro|nifH|consensus50|strict_single_dominant	nifH|Mesorhizobium_sp._WSM4083|XXN81638.1	Mesorhizobium_sp._WSM4083	88.862	826	92.3937	NA	0	1016	Mesorhizobium	moderate_identity85_qcov70	yes	TOOL-5-Ro|nifH|consensus50|strict_single_dominant | closest: Mesorhizobium_sp._WSM4083 | 88.9% id | 92.4% qcov
CLBJ-26-1-No|nifH|consensus50|strict_single_dominant	nifH|Sinorhizobium_prairiense|WEJ08560.1	Sinorhizobium_prairiense	91.941	819	91.6107	NA	0	1147	Sinorhizobium	high_identity90_qcov80	yes	CLBJ-26-1-No|nifH|consensus50|strict_single_dominant | closest: Sinorhizobium_prairiense | 91.9% id | 91.6% qcov
CLBJ-27-1-No|nifH|consensus50|strict_single_dominant	nifH|Sinorhizobium_prairiense|WEJ08560.1	Sinorhizobium_prairiense	91.697	819	91.6107	NA	0	1136	Sinorhizobium	high_identity90_qcov80	yes	CLBJ-27-1-No|nifH|consensus50|strict_single_dominant | closest: Sinorhizobium_prairiense | 91.7% id | 91.6% qcov
GUAN-5-No|nifH|consensus50|strict_single_dominant	nifH|Sinorhizobium_prairiense|WEJ08560.1	Sinorhizobium_prairiense	92.308	819	91.6107	NA	0	1164	Sinorhizobium	high_identity90_qcov80	yes	GUAN-5-No|nifH|consensus50|strict_single_dominant | closest: Sinorhizobium_prairiense | 92.3% id | 91.6% qcov
OAES-6-1-Ro|nifH|consensus50|strict_single_dominant	nifH|Sinorhizobium_prairiense|WEJ08560.1	Sinorhizobium_prairiense	98.12	798	89.2617	NA	0	1391	Sinorhizobium	high_identity90_qcov80	yes	OAES-6-1-Ro|nifH|consensus50|strict_single_dominant | closest: Sinorhizobium_prairiense | 98.1% id | 89.3% qcov
CLBJ-4-1-No|nifH|consensus50|strict_single_dominant	nifH|Ensifer_sp|QHB50514.1	Ensifer_sp	95.955	717	100	NA	0	1164	Ensifer	high_identity90_qcov80	yes	CLBJ-4-1-No|nifH|consensus50|strict_single_dominant | closest: Ensifer_sp | 96.0% id | 100.0% qcov
CLBJ-4-1-Ro|nifH|consensus50|strict_single_dominant	nifH|Ensifer_sp|QHB50514.1	Ensifer_sp	95.955	717	100	NA	0	1164	Ensifer	high_identity90_qcov80	yes	CLBJ-4-1-Ro|nifH|consensus50|strict_single_dominant | closest: Ensifer_sp | 96.0% id | 100.0% qcov
OAES-5-Rh|nifH|consensus50|strict_single_dominant	nifH|Ensifer_sp|QHB50514.1	Ensifer_sp	96.234	717	100	NA	0	1175	Ensifer	high_identity90_qcov80	yes	OAES-5-Rh|nifH|consensus50|strict_single_dominant | closest: Ensifer_sp | 96.2% id | 100.0% qcov
LAJA-6-1-Rh|nifH|consensus50|strict_single_dominant	nifH|Microvirga_sp._RSM25|XKE00370.1	Microvirga_sp._RSM25	92.336	822	91.9463	NA	0	1170	Microvirga	high_identity90_qcov80	yes	LAJA-6-1-Rh|nifH|consensus50|strict_single_dominant | closest: Microvirga_sp._RSM25 | 92.3% id | 91.9% qcov
LAJA-22-2-No|nifH|consensus50|strict_single_dominant	nifH|Rhizobium_azibense|CAO4004957.1	Rhizobium_azibense	92.918	819	91.6107	NA	0	1192	Rhizobium	high_identity90_qcov80	yes	LAJA-22-2-No|nifH|consensus50|strict_single_dominant | closest: Rhizobium_azibense | 92.9% id | 91.6% qcov
KONZ-12-1-No|nifH|consensus50|strict_single_dominant	nifH|Rhizobium_azibense|CAO4004957.1	Rhizobium_azibense	97.087	824	92.17	NA	0	1387	Rhizobium	high_identity90_qcov80	yes	KONZ-12-1-No|nifH|consensus50|strict_single_dominant | closest: Rhizobium_azibense | 97.1% id | 92.2% qcov
KONZ-6-1-No|nifH|consensus50|strict_single_dominant	nifH|Rhizobium_azibense|CAO4004957.1	Rhizobium_azibense	97.924	819	91.6107	NA	0	1419	Rhizobium	high_identity90_qcov80	yes	KONZ-6-1-No|nifH|consensus50|strict_single_dominant | closest: Rhizobium_azibense | 97.9% id | 91.6% qcov
WOOD-5-1-Ro|nifH|consensus50|strict_single_dominant	nifH|Rhizobium_azibense|CAO4004957.1	Rhizobium_azibense	98.173	821	91.8345	NA	0	1434	Rhizobium	high_identity90_qcov80	yes	WOOD-5-1-Ro|nifH|consensus50|strict_single_dominant | closest: Rhizobium_azibense | 98.2% id | 91.8% qcov
JERC-2-1-No|nifH|consensus50|strict_single_dominant	nifH|Rhizobium_leguminosarum|XKQ44608.1	Rhizobium_leguminosarum	92.092	822	91.9463	NA	0	1153	Rhizobium	high_identity90_qcov80	yes	JERC-2-1-No|nifH|consensus50|strict_single_dominant | closest: Rhizobium_leguminosarum | 92.1% id | 91.9% qcov
JERC-4-1-No|nifH|consensus50|strict_single_dominant	nifH|Rhizobium_ruizarguesonis|XIE09844.1	Rhizobium_ruizarguesonis	93.275	803	89.821	NA	0	1179	Rhizobium	high_identity90_qcov80	yes	JERC-4-1-No|nifH|consensus50|strict_single_dominant | closest: Rhizobium_ruizarguesonis | 93.3% id | 89.8% qcov
JERC-6-3-No|nifH|consensus50|strict_single_dominant	nifH|Rhizobium_ruizarguesonis|XIE09844.1	Rhizobium_ruizarguesonis	91.217	797	89.1499	NA	0	1079	Rhizobium	high_identity90_qcov80	yes	JERC-6-3-No|nifH|consensus50|strict_single_dominant | closest: Rhizobium_ruizarguesonis | 91.2% id | 89.1% qcov
NIWO-1-No|nifH|consensus50|strict_single_dominant	nifH|Rhizobium_leguminosarum|BEJ25671.1	Rhizobium_leguminosarum	90.061	825	92.9054	NA	0	1068	Rhizobium	high_identity90_qcov80	yes	NIWO-1-No|nifH|consensus50|strict_single_dominant | closest: Rhizobium_leguminosarum | 90.1% id | 92.9% qcov
SJER-2-3-No|nifH|consensus50|strict_single_dominant	nifH|Rhizobium_leguminosarum|BEJ25671.1	Rhizobium_leguminosarum	87.897	818	92.1171	NA	0	959	Rhizobium	moderate_identity85_qcov70	yes	SJER-2-3-No|nifH|consensus50|strict_single_dominant | closest: Rhizobium_leguminosarum | 87.9% id | 92.1% qcov
ORNL-4-1-No|nifH|consensus50|strict_single_dominant	nifH|Microvirga_sp._KLBC_81|PVE21514.1	Microvirga_sp._KLBC_81	86.765	816	91.2752	NA	0	933	Microvirga	moderate_identity85_qcov70	yes	ORNL-4-1-No|nifH|consensus50|strict_single_dominant | closest: Microvirga_sp._KLBC_81 | 86.8% id | 91.3% qcov
OAES-1-1-No|nifH|consensus50|strict_single_dominant	nifH|Neorhizobium_alkalisoli|ACF98259.1	Neorhizobium_alkalisoli	96.676	722	99.5862	NA	0	1201	Neorhizobium	high_identity90_qcov80	yes	OAES-1-1-No|nifH|consensus50|strict_single_dominant | closest: Neorhizobium_alkalisoli | 96.7% id | 99.6% qcov
OAES-4-1-Ro|nifH|consensus50|strict_single_dominant	nifH|Neorhizobium_alkalisoli|ACF98259.1	Neorhizobium_alkalisoli	96.814	722	99.5862	NA	0	1206	Neorhizobium	high_identity90_qcov80	yes	OAES-4-1-Ro|nifH|consensus50|strict_single_dominant | closest: Neorhizobium_alkalisoli | 96.8% id | 99.6% qcov
OAES-7-1-No|nifH|consensus50|strict_single_dominant	nifH|Neorhizobium_alkalisoli|ACF98259.1	Neorhizobium_alkalisoli	96.537	722	99.5862	NA	0	1195	Neorhizobium	high_identity90_qcov80	yes	OAES-7-1-No|nifH|consensus50|strict_single_dominant | closest: Neorhizobium_alkalisoli | 96.5% id | 99.6% qcov
OAES-7-1-Rh|nifH|consensus50|strict_single_dominant	nifH|Neorhizobium_alkalisoli|ACF98259.1	Neorhizobium_alkalisoli	96.537	722	99.5862	NA	0	1195	Neorhizobium	high_identity90_qcov80	yes	OAES-7-1-Rh|nifH|consensus50|strict_single_dominant | closest: Neorhizobium_alkalisoli | 96.5% id | 99.6% qcov
OAES-7-1-Ro|nifH|consensus50|strict_single_dominant	nifH|Neorhizobium_alkalisoli|ACF98259.1	Neorhizobium_alkalisoli	96.537	722	99.5862	NA	0	1195	Neorhizobium	high_identity90_qcov80	yes	OAES-7-1-Ro|nifH|consensus50|strict_single_dominant | closest: Neorhizobium_alkalisoli | 96.5% id | 99.6% qcov
OAES-4-1-No|nifH|consensus50|strict_single_dominant	nifH|Neorhizobium_alkalisoli|ACF98259.1	Neorhizobium_alkalisoli	96.814	722	99.5862	NA	0	1206	Neorhizobium	high_identity90_qcov80	yes	OAES-4-1-No|nifH|consensus50|strict_single_dominant | closest: Neorhizobium_alkalisoli | 96.8% id | 99.6% qcov
OAES-16-1-No|nifH|consensus50|strict_single_dominant	nifH|Neorhizobium_alkalisoli|ACF98259.1	Neorhizobium_alkalisoli	96.953	722	99.5862	NA	0	1212	Neorhizobium	high_identity90_qcov80	yes	OAES-16-1-No|nifH|consensus50|strict_single_dominant | closest: Neorhizobium_alkalisoli | 97.0% id | 99.6% qcov
OAES-25-1-No|nifH|consensus50|strict_single_dominant	nifH|Neorhizobium_alkalisoli|ACF98259.1	Neorhizobium_alkalisoli	96.814	722	99.5862	NA	0	1206	Neorhizobium	high_identity90_qcov80	yes	OAES-25-1-No|nifH|consensus50|strict_single_dominant | closest: Neorhizobium_alkalisoli | 96.8% id | 99.6% qcov
OAES-16-1-Rh|nifH|consensus50|strict_single_dominant	nifH|Neorhizobium_alkalisoli|ACF98259.1	Neorhizobium_alkalisoli	96.122	722	99.5862	NA	0	1179	Neorhizobium	high_identity90_qcov80	yes	OAES-16-1-Rh|nifH|consensus50|strict_single_dominant | closest: Neorhizobium_alkalisoli | 96.1% id | 99.6% qcov
OAES-29-1-Ro|nifH|consensus50|strict_single_dominant	nifH|Microvirga_vignae|KLK90290.1	Microvirga_vignae	92.491	799	89.3736	NA	0	1142	Microvirga	high_identity90_qcov80	yes	OAES-29-1-Ro|nifH|consensus50|strict_single_dominant | closest: Microvirga_vignae | 92.5% id | 89.4% qcov
JERC-94-1-No|nifH|consensus50|strict_single_dominant	nifH|Neorhizobium_galegae|AIY31028.1	Neorhizobium_galegae	97.086	755	99.3421	NA	0	1271	Neorhizobium	high_identity90_qcov80	yes	JERC-94-1-No|nifH|consensus50|strict_single_dominant | closest: Neorhizobium_galegae | 97.1% id | 99.3% qcov
SCBI-5-1-No|nifH|consensus50|strict_single_dominant	nifH|Neorhizobium_galegae|AIY31028.1	Neorhizobium_galegae	98.675	755	99.3421	NA	0	1338	Neorhizobium	high_identity90_qcov80	yes	SCBI-5-1-No|nifH|consensus50|strict_single_dominant | closest: Neorhizobium_galegae | 98.7% id | 99.3% qcov
TALL-13-3-No|nifH|consensus50|strict_single_dominant	nifH|Neorhizobium_galegae|AIY31028.1	Neorhizobium_galegae	99.073	755	99.3421	NA	0	1354	Neorhizobium	high_identity90_qcov80	yes	TALL-13-3-No|nifH|consensus50|strict_single_dominant | closest: Neorhizobium_galegae | 99.1% id | 99.3% qcov
TALL-64-1-No|nifH|consensus50|strict_single_dominant	nifH|Neorhizobium_galegae|AIY31028.1	Neorhizobium_galegae	96.026	755	99.3421	NA	0	1227	Neorhizobium	high_identity90_qcov80	yes	TALL-64-1-No|nifH|consensus50|strict_single_dominant | closest: Neorhizobium_galegae | 96.0% id | 99.3% qcov
OAES-3-1-No|nifH|consensus50|strict_single_dominant	nifH|Microvirga_sp._KLBC_81|PVE21514.1	Microvirga_sp._KLBC_81	93.204	824	92.17	NA	0	1208	Microvirga	high_identity90_qcov80	yes	OAES-3-1-No|nifH|consensus50|strict_single_dominant | closest: Microvirga_sp._KLBC_81 | 93.2% id | 92.2% qcov
RMNP-1-No|nifH|consensus50|strict_single_dominant	nifH|Mesorhizobium_sp._AaZ16|XIK06011.1	Mesorhizobium_sp._AaZ16	93.529	819	91.6107	NA	0	1219	Mesorhizobium	high_identity90_qcov80	yes	RMNP-1-No|nifH|consensus50|strict_single_dominant | closest: Mesorhizobium_sp._AaZ16 | 93.5% id | 91.6% qcov
RMNP-2-No|nifH|consensus50|strict_single_dominant	nifH|Mesorhizobium_sp._AaZ16|XIK06011.1	Mesorhizobium_sp._AaZ16	93.939	792	88.5906	NA	0	1197	Mesorhizobium	high_identity90_qcov80	yes	RMNP-2-No|nifH|consensus50|strict_single_dominant | closest: Mesorhizobium_sp._AaZ16 | 93.9% id | 88.6% qcov
RMNP-2-Rh|nifH|consensus50|strict_single_dominant	nifH|Mesorhizobium_sp._AaZ16|XIK06011.1	Mesorhizobium_sp._AaZ16	93.481	813	90.9396	NA	0	1208	Mesorhizobium	high_identity90_qcov80	yes	RMNP-2-Rh|nifH|consensus50|strict_single_dominant | closest: Mesorhizobium_sp._AaZ16 | 93.5% id | 90.9% qcov
TOOL-10-No|nifH|consensus50|strict_single_dominant	nifH|Mesorhizobium_sp._AaZ16|XIK06011.1	Mesorhizobium_sp._AaZ16	92.935	821	91.8345	NA	0	1192	Mesorhizobium	high_identity90_qcov80	yes	TOOL-10-No|nifH|consensus50|strict_single_dominant | closest: Mesorhizobium_sp._AaZ16 | 92.9% id | 91.8% qcov
TOOL-11-No|nifH|consensus50|strict_single_dominant	nifH|Mesorhizobium_sp._AaZ16|XIK06011.1	Mesorhizobium_sp._AaZ16	92.961	824	92.17	NA	0	1197	Mesorhizobium	high_identity90_qcov80	yes	TOOL-11-No|nifH|consensus50|strict_single_dominant | closest: Mesorhizobium_sp._AaZ16 | 93.0% id | 92.2% qcov
TOOL-9-No|nifH|consensus50|strict_single_dominant	nifH|Mesorhizobium_sp._AaZ16|XIK06011.1	Mesorhizobium_sp._AaZ16	92.961	824	92.17	NA	0	1197	Mesorhizobium	high_identity90_qcov80	yes	TOOL-9-No|nifH|consensus50|strict_single_dominant | closest: Mesorhizobium_sp._AaZ16 | 93.0% id | 92.2% qcov
TOOL-8-No|nifH|consensus50|strict_single_dominant	nifH|Mesorhizobium_sp._AaZ16|XIK06011.1	Mesorhizobium_sp._AaZ16	92.935	821	91.8345	NA	0	1192	Mesorhizobium	high_identity90_qcov80	yes	TOOL-8-No|nifH|consensus50|strict_single_dominant | closest: Mesorhizobium_sp._AaZ16 | 92.9% id | 91.8% qcov
TOOL-25-No|nifH|consensus50|strict_single_dominant	nifH|Mesorhizobium_sp._AaZ16|XIK06011.1	Mesorhizobium_sp._AaZ16	92.84	824	92.17	NA	0	1192	Mesorhizobium	high_identity90_qcov80	yes	TOOL-25-No|nifH|consensus50|strict_single_dominant | closest: Mesorhizobium_sp._AaZ16 | 92.8% id | 92.2% qcov
TOOL-17-Rh|nifH|consensus50|strict_single_dominant	nifH|Mesorhizobium_sp._AaZ16|XIK06011.1	Mesorhizobium_sp._AaZ16	92.683	820	91.7226	NA	0	1181	Mesorhizobium	high_identity90_qcov80	yes	TOOL-17-Rh|nifH|consensus50|strict_single_dominant | closest: Mesorhizobium_sp._AaZ16 | 92.7% id | 91.7% qcov
TOOL-24-Rh|nifH|consensus50|strict_single_dominant	nifH|Mesorhizobium_sp._AaZ16|XIK06011.1	Mesorhizobium_sp._AaZ16	92.935	821	91.8345	NA	0	1192	Mesorhizobium	high_identity90_qcov80	yes	TOOL-24-Rh|nifH|consensus50|strict_single_dominant | closest: Mesorhizobium_sp._AaZ16 | 92.9% id | 91.8% qcov
TOOL-27-2-No|nifH|consensus50|strict_single_dominant	nifH|Mesorhizobium_sp._AaZ16|XIK06011.1	Mesorhizobium_sp._AaZ16	93.204	824	92.17	NA	0	1208	Mesorhizobium	high_identity90_qcov80	yes	TOOL-27-2-No|nifH|consensus50|strict_single_dominant | closest: Mesorhizobium_sp._AaZ16 | 93.2% id | 92.2% qcov
TOOL-15-No|nifH|consensus50|strict_single_dominant	nifH|Mesorhizobium_sp._AaZ16|XIK06011.1	Mesorhizobium_sp._AaZ16	93.146	817	91.387	NA	0	1197	Mesorhizobium	high_identity90_qcov80	yes	TOOL-15-No|nifH|consensus50|strict_single_dominant | closest: Mesorhizobium_sp._AaZ16 | 93.1% id | 91.4% qcov
TOOL-12-No|nifH|consensus50|strict_single_dominant	nifH|Mesorhizobium_sp._AaZ16|XIK06011.1	Mesorhizobium_sp._AaZ16	93.015	816	91.2752	NA	0	1192	Mesorhizobium	high_identity90_qcov80	yes	TOOL-12-No|nifH|consensus50|strict_single_dominant | closest: Mesorhizobium_sp._AaZ16 | 93.0% id | 91.3% qcov
TOOL-16-No|nifH|consensus50|strict_single_dominant	nifH|Mesorhizobium_sp._AaZ16|XIK06011.1	Mesorhizobium_sp._AaZ16	93.182	792	88.5906	NA	0	1164	Mesorhizobium	high_identity90_qcov80	yes	TOOL-16-No|nifH|consensus50|strict_single_dominant | closest: Mesorhizobium_sp._AaZ16 | 93.2% id | 88.6% qcov
TOOL-12-Ro|nifH|consensus50|strict_single_dominant	nifH|Mesorhizobium_sp._AaZ16|XIK06011.1	Mesorhizobium_sp._AaZ16	90.909	825	92.2819	NA	0	1107	Mesorhizobium	high_identity90_qcov80	yes	TOOL-12-Ro|nifH|consensus50|strict_single_dominant | closest: Mesorhizobium_sp._AaZ16 | 90.9% id | 92.3% qcov
TOOL-13-Ro|nifH|consensus50|strict_single_dominant	nifH|Mesorhizobium_sp._AaZ16|XIK06011.1	Mesorhizobium_sp._AaZ16	88.271	827	92.5056	NA	0	1024	Mesorhizobium	moderate_identity85_qcov70	yes	TOOL-13-Ro|nifH|consensus50|strict_single_dominant | closest: Mesorhizobium_sp._AaZ16 | 88.3% id | 92.5% qcov
TOOL-14-No|nifH|consensus50|strict_single_dominant	nifH|Mesorhizobium_sp._AaZ16|XIK06011.1	Mesorhizobium_sp._AaZ16	92.743	813	90.9396	NA	0	1175	Mesorhizobium	high_identity90_qcov80	yes	TOOL-14-No|nifH|consensus50|strict_single_dominant | closest: Mesorhizobium_sp._AaZ16 | 92.7% id | 90.9% qcov
TOOL-24-No|nifH|consensus50|strict_single_dominant	nifH|Mesorhizobium_sp._AaZ16|XIK06011.1	Mesorhizobium_sp._AaZ16	93.529	819	91.6107	NA	0	1219	Mesorhizobium	high_identity90_qcov80	yes	TOOL-24-No|nifH|consensus50|strict_single_dominant | closest: Mesorhizobium_sp._AaZ16 | 93.5% id | 91.6% qcov
TOOL-30-No|nifH|consensus50|strict_single_dominant	nifH|Mesorhizobium_sp._AaZ16|XIK06011.1	Mesorhizobium_sp._AaZ16	93.382	816	91.2752	NA	0	1208	Mesorhizobium	high_identity90_qcov80	yes	TOOL-30-No|nifH|consensus50|strict_single_dominant | closest: Mesorhizobium_sp._AaZ16 | 93.4% id | 91.3% qcov
TOOL-26-No|nifH|consensus50|strict_single_dominant	nifH|Mesorhizobium_sp._AaZ16|XIK06011.1	Mesorhizobium_sp._AaZ16	93.633	801	89.5973	NA	0	1197	Mesorhizobium	high_identity90_qcov80	yes	TOOL-26-No|nifH|consensus50|strict_single_dominant | closest: Mesorhizobium_sp._AaZ16 | 93.6% id | 89.6% qcov
TOOL-23-No|nifH|consensus50|strict_single_dominant	nifH|Mesorhizobium_sp._AaZ16|XIK06011.1	Mesorhizobium_sp._AaZ16	93.187	822	91.9463	NA	0	1208	Mesorhizobium	high_identity90_qcov80	yes	TOOL-23-No|nifH|consensus50|strict_single_dominant | closest: Mesorhizobium_sp._AaZ16 | 93.2% id | 91.9% qcov
TOOL-23-Ro|nifH|consensus50|strict_single_dominant	nifH|Mesorhizobium_sp._AaZ16|XIK06011.1	Mesorhizobium_sp._AaZ16	93.734	798	89.2617	NA	0	1197	Mesorhizobium	high_identity90_qcov80	yes	TOOL-23-Ro|nifH|consensus50|strict_single_dominant | closest: Mesorhizobium_sp._AaZ16 | 93.7% id | 89.3% qcov
CLBJ-5-2-No|nifH|consensus50|strict_single_dominant	nifH|Mesorhizobium_sp._AaZ16|XIK06011.1	Mesorhizobium_sp._AaZ16	96.822	818	91.4989	NA	0	1363	Mesorhizobium	high_identity90_qcov80	yes	CLBJ-5-2-No|nifH|consensus50|strict_single_dominant | closest: Mesorhizobium_sp._AaZ16 | 96.8% id | 91.5% qcov
DELA-12-2-Rh|nifH|consensus50|strict_single_dominant	nifH|Mesorhizobium_sp._AaZ16|XIK06011.1	Mesorhizobium_sp._AaZ16	93.705	699	78.1879	NA	0	1048	Mesorhizobium	moderate_identity85_qcov70	yes	DELA-12-2-Rh|nifH|consensus50|strict_single_dominant | closest: Mesorhizobium_sp._AaZ16 | 93.7% id | 78.2% qcov
JERC-122-Rh|nifH|consensus50|strict_single_dominant	nifH|Mesorhizobium_sp._AaZ16|XIK06011.1	Mesorhizobium_sp._AaZ16	90.476	819	91.6107	NA	0	1140	Mesorhizobium	high_identity90_qcov80	yes	JERC-122-Rh|nifH|consensus50|strict_single_dominant | closest: Mesorhizobium_sp._AaZ16 | 90.5% id | 91.6% qcov
OAES-11-1-No|nifH|consensus50|strict_single_dominant	nifH|Mesorhizobium_sp._AaZ16|XIK06011.1	Mesorhizobium_sp._AaZ16	96.955	821	91.8345	NA	0	1375	Mesorhizobium	high_identity90_qcov80	yes	OAES-11-1-No|nifH|consensus50|strict_single_dominant | closest: Mesorhizobium_sp._AaZ16 | 97.0% id | 91.8% qcov
OAES-23-1-No|nifH|consensus50|strict_single_dominant	nifH|Mesorhizobium_sp._AaZ16|XIK06011.1	Mesorhizobium_sp._AaZ16	96.955	821	91.8345	NA	0	1375	Mesorhizobium	high_identity90_qcov80	yes	OAES-23-1-No|nifH|consensus50|strict_single_dominant | closest: Mesorhizobium_sp._AaZ16 | 97.0% id | 91.8% qcov
OAES-32-1-No|nifH|consensus50|strict_single_dominant	nifH|Mesorhizobium_sp._AaZ16|XIK06011.1	Mesorhizobium_sp._AaZ16	97.087	824	92.17	NA	0	1386	Mesorhizobium	high_identity90_qcov80	yes	OAES-32-1-No|nifH|consensus50|strict_single_dominant | closest: Mesorhizobium_sp._AaZ16 | 97.1% id | 92.2% qcov
OAES-12-2-No|nifH|consensus50|strict_single_dominant	nifH|Mesorhizobium_sp._AaZ16|XIK06011.1	Mesorhizobium_sp._AaZ16	96.476	823	92.0582	NA	0	1360	Mesorhizobium	high_identity90_qcov80	yes	OAES-12-2-No|nifH|consensus50|strict_single_dominant | closest: Mesorhizobium_sp._AaZ16 | 96.5% id | 92.1% qcov
OAES-28-1-No|nifH|consensus50|strict_single_dominant	nifH|Mesorhizobium_sp._AaZ16|XIK06011.1	Mesorhizobium_sp._AaZ16	96.845	824	92.17	NA	0	1375	Mesorhizobium	high_identity90_qcov80	yes	OAES-28-1-No|nifH|consensus50|strict_single_dominant | closest: Mesorhizobium_sp._AaZ16 | 96.8% id | 92.2% qcov
OAES-12-2-Ro|nifH|consensus50|strict_single_dominant	nifH|Mesorhizobium_sp._AaZ16|XIK06011.1	Mesorhizobium_sp._AaZ16	96.833	821	91.8345	NA	0	1369	Mesorhizobium	high_identity90_qcov80	yes	OAES-12-2-Ro|nifH|consensus50|strict_single_dominant | closest: Mesorhizobium_sp._AaZ16 | 96.8% id | 91.8% qcov
OAES-34-1-No|nifH|consensus50|strict_single_dominant	nifH|Mesorhizobium_sp._AaZ16|XIK06011.1	Mesorhizobium_sp._AaZ16	96.829	820	91.7226	NA	0	1369	Mesorhizobium	high_identity90_qcov80	yes	OAES-34-1-No|nifH|consensus50|strict_single_dominant | closest: Mesorhizobium_sp._AaZ16 | 96.8% id | 91.7% qcov
OAES-9-1-Rh|nifH|consensus50|strict_single_dominant	nifH|Mesorhizobium_sp._AaZ16|XIK06011.1	Mesorhizobium_sp._AaZ16	96.936	816	91.2752	NA	0	1369	Mesorhizobium	high_identity90_qcov80	yes	OAES-9-1-Rh|nifH|consensus50|strict_single_dominant | closest: Mesorhizobium_sp._AaZ16 | 96.9% id | 91.3% qcov
OSBS-5-5-Ro|nifH|consensus50|strict_single_dominant	nifH|Mesorhizobium_sp._AaZ16|XIK06011.1	Mesorhizobium_sp._AaZ16	93.171	820	91.7226	NA	0	1230	Mesorhizobium	high_identity90_qcov80	yes	OSBS-5-5-Ro|nifH|consensus50|strict_single_dominant | closest: Mesorhizobium_sp._AaZ16 | 93.2% id | 91.7% qcov
OAES-29-1-No|nifH|consensus50|strict_single_dominant	nifH|Mesorhizobium_sp._AaZ16|XIK06011.1	Mesorhizobium_sp._AaZ16	97.365	797	89.1499	NA	0	1352	Mesorhizobium	high_identity90_qcov80	yes	OAES-29-1-No|nifH|consensus50|strict_single_dominant | closest: Mesorhizobium_sp._AaZ16 | 97.4% id | 89.1% qcov
OAES-33-1-No|nifH|consensus50|strict_single_dominant	nifH|Mesorhizobium_sp._AaZ16|XIK06011.1	Mesorhizobium_sp._AaZ16	97.355	794	88.8143	NA	0	1349	Mesorhizobium	high_identity90_qcov80	yes	OAES-33-1-No|nifH|consensus50|strict_single_dominant | closest: Mesorhizobium_sp._AaZ16 | 97.4% id | 88.8% qcov
JORN-1-No|nifH|consensus50|strict_single_dominant	nifH|Mesorhizobium_sp._AaZ16|XIK06011.1	Mesorhizobium_sp._AaZ16	97.314	819	91.6107	NA	0	1391	Mesorhizobium	high_identity90_qcov80	yes	JORN-1-No|nifH|consensus50|strict_single_dominant | closest: Mesorhizobium_sp._AaZ16 | 97.3% id | 91.6% qcov
SRER-4-1-No|nifH|consensus50|strict_single_dominant	nifH|Mesorhizobium_sp._AaZ16|XIK06011.1	Mesorhizobium_sp._AaZ16	97.736	795	88.9262	NA	0	1369	Mesorhizobium	high_identity90_qcov80	yes	SRER-4-1-No|nifH|consensus50|strict_single_dominant | closest: Mesorhizobium_sp._AaZ16 | 97.7% id | 88.9% qcov
OAES-16-1-Ro|nifH|consensus50|strict_single_dominant	nifH|Mesorhizobium_sp._AaZ16|XIK06011.1	Mesorhizobium_sp._AaZ16	96.064	813	90.9396	NA	0	1325	Mesorhizobium	high_identity90_qcov80	yes	OAES-16-1-Ro|nifH|consensus50|strict_single_dominant | closest: Mesorhizobium_sp._AaZ16 | 96.1% id | 90.9% qcov
OAES-17-No|nifH|consensus50|strict_single_dominant	nifH|Mesorhizobium_sp._AaZ16|XIK06011.1	Mesorhizobium_sp._AaZ16	97.181	816	91.2752	NA	0	1380	Mesorhizobium	high_identity90_qcov80	yes	OAES-17-No|nifH|consensus50|strict_single_dominant | closest: Mesorhizobium_sp._AaZ16 | 97.2% id | 91.3% qcov
OAES-17-Ro|nifH|consensus50|strict_single_dominant	nifH|Mesorhizobium_sp._AaZ16|XIK06011.1	Mesorhizobium_sp._AaZ16	97.742	797	89.1499	NA	0	1373	Mesorhizobium	high_identity90_qcov80	yes	OAES-17-Ro|nifH|consensus50|strict_single_dominant | closest: Mesorhizobium_sp._AaZ16 | 97.7% id | 89.1% qcov
SRER-16-1-No|nifH|consensus50|strict_single_dominant	nifH|Mesorhizobium_sp._AaZ16|XIK06011.1	Mesorhizobium_sp._AaZ16	97.07	819	91.6107	NA	0	1380	Mesorhizobium	high_identity90_qcov80	yes	SRER-16-1-No|nifH|consensus50|strict_single_dominant | closest: Mesorhizobium_sp._AaZ16 | 97.1% id | 91.6% qcov
CPER-1-No|nifH|consensus50|strict_single_dominant	nifH|Mesorhizobium_sp._AaZ16|XIK06011.1	Mesorhizobium_sp._AaZ16	96.459	819	91.6107	NA	0	1352	Mesorhizobium	high_identity90_qcov80	yes	CPER-1-No|nifH|consensus50|strict_single_dominant | closest: Mesorhizobium_sp._AaZ16 | 96.5% id | 91.6% qcov
OAES-15-No|nifH|consensus50|strict_single_dominant	nifH|Mesorhizobium_sp._AaZ16|XIK06011.1	Mesorhizobium_sp._AaZ16	95.116	819	91.6107	NA	0	1291	Mesorhizobium	high_identity90_qcov80	yes	OAES-15-No|nifH|consensus50|strict_single_dominant | closest: Mesorhizobium_sp._AaZ16 | 95.1% id | 91.6% qcov
OAES-15-Ro|nifH|consensus50|strict_single_dominant	nifH|Mesorhizobium_sp._AaZ16|XIK06011.1	Mesorhizobium_sp._AaZ16	95.116	819	91.6107	NA	0	1291	Mesorhizobium	high_identity90_qcov80	yes	OAES-15-Ro|nifH|consensus50|strict_single_dominant | closest: Mesorhizobium_sp._AaZ16 | 95.1% id | 91.6% qcov
OAES-10-1-No|nifH|consensus50|strict_single_dominant	nifH|Mesorhizobium_sp._AaZ16|XIK06011.1	Mesorhizobium_sp._AaZ16	94.994	819	91.6107	NA	0	1286	Mesorhizobium	high_identity90_qcov80	yes	OAES-10-1-No|nifH|consensus50|strict_single_dominant | closest: Mesorhizobium_sp._AaZ16 | 95.0% id | 91.6% qcov
OAES-10-1-Ro|nifH|consensus50|strict_single_dominant	nifH|Mesorhizobium_sp._AaZ16|XIK06011.1	Mesorhizobium_sp._AaZ16	94.621	818	91.4989	NA	0	1267	Mesorhizobium	high_identity90_qcov80	yes	OAES-10-1-Ro|nifH|consensus50|strict_single_dominant | closest: Mesorhizobium_sp._AaZ16 | 94.6% id | 91.5% qcov
OAES-23-1-Ro|nifH|consensus50|strict_single_dominant	nifH|Mesorhizobium_sp._AaZ16|XIK06011.1	Mesorhizobium_sp._AaZ16	95.355	818	91.4989	NA	0	1297	Mesorhizobium	high_identity90_qcov80	yes	OAES-23-1-Ro|nifH|consensus50|strict_single_dominant | closest: Mesorhizobium_sp._AaZ16 | 95.4% id | 91.5% qcov
OAES-26-1-No|nifH|consensus50|strict_single_dominant	nifH|Mesorhizobium_sp._AaZ16|XIK06011.1	Mesorhizobium_sp._AaZ16	95.221	816	91.2752	NA	0	1291	Mesorhizobium	high_identity90_qcov80	yes	OAES-26-1-No|nifH|consensus50|strict_single_dominant | closest: Mesorhizobium_sp._AaZ16 | 95.2% id | 91.3% qcov
OAES-26-1-Ro|nifH|consensus50|strict_single_dominant	nifH|Mesorhizobium_sp._AaZ16|XIK06011.1	Mesorhizobium_sp._AaZ16	95.828	791	88.4787	NA	0	1279	Mesorhizobium	high_identity90_qcov80	yes	OAES-26-1-Ro|nifH|consensus50|strict_single_dominant | closest: Mesorhizobium_sp._AaZ16 | 95.8% id | 88.5% qcov
OAES-27-2-No|nifH|consensus50|strict_single_dominant	nifH|Mesorhizobium_sp._AaZ16|XIK06011.1	Mesorhizobium_sp._AaZ16	95.36	819	91.6107	NA	0	1303	Mesorhizobium	high_identity90_qcov80	yes	OAES-27-2-No|nifH|consensus50|strict_single_dominant | closest: Mesorhizobium_sp._AaZ16 | 95.4% id | 91.6% qcov
CPER-3-1-No|nifH|consensus50|strict_single_dominant	nifH|Sinorhizobium_meliloti_(Rhizobium_meliloti)|XHY72514.1	Sinorhizobium_meliloti_(Rhizobium_meliloti)	96.247	826	92.3937	NA	0	1352	Sinorhizobium	high_identity90_qcov80	yes	CPER-3-1-No|nifH|consensus50|strict_single_dominant | closest: Sinorhizobium_meliloti_(Rhizobium_meliloti) | 96.2% id | 92.4% qcov
CPER-4-No|nifH|consensus50|strict_single_dominant	nifH|Sinorhizobium_meliloti_(Rhizobium_meliloti)|XHY72514.1	Sinorhizobium_meliloti_(Rhizobium_meliloti)	96.368	826	92.3937	NA	0	1358	Sinorhizobium	high_identity90_qcov80	yes	CPER-4-No|nifH|consensus50|strict_single_dominant | closest: Sinorhizobium_meliloti_(Rhizobium_meliloti) | 96.4% id | 92.4% qcov
NOGP-1-1-No|nifH|consensus50|strict_single_dominant	nifH|Ensifer_canadensis|UBI79453.1	Ensifer_canadensis	96.829	820	91.7226	NA	0	1369	Ensifer	high_identity90_qcov80	yes	NOGP-1-1-No|nifH|consensus50|strict_single_dominant | closest: Ensifer_canadensis | 96.8% id | 91.7% qcov
WOOD-3-2-No|nifH|consensus50|strict_single_dominant	nifH|Sinorhizobium_meliloti_(Rhizobium_meliloti)|XHY72514.1	Sinorhizobium_meliloti_(Rhizobium_meliloti)	97.601	792	88.5906	NA	0	1358	Sinorhizobium	high_identity90_qcov80	yes	WOOD-3-2-No|nifH|consensus50|strict_single_dominant | closest: Sinorhizobium_meliloti_(Rhizobium_meliloti) | 97.6% id | 88.6% qcov
NOGP-3-2-No|nifH|consensus50|strict_single_dominant	nifH|Sinorhizobium_meliloti_(Rhizobium_meliloti)|XHY72514.1	Sinorhizobium_meliloti_(Rhizobium_meliloti)	96.598	823	92.0582	NA	0	1363	Sinorhizobium	high_identity90_qcov80	yes	NOGP-3-2-No|nifH|consensus50|strict_single_dominant | closest: Sinorhizobium_meliloti_(Rhizobium_meliloti) | 96.6% id | 92.1% qcov
WOOD-12-No|nifH|consensus50|strict_single_dominant	nifH|Sinorhizobium_meliloti_(Rhizobium_meliloti)|XEM16083.1	Sinorhizobium_meliloti_(Rhizobium_meliloti)	96.233	823	92.0582	NA	0	1347	Sinorhizobium	high_identity90_qcov80	yes	WOOD-12-No|nifH|consensus50|strict_single_dominant | closest: Sinorhizobium_meliloti_(Rhizobium_meliloti) | 96.2% id | 92.1% qcov
WOOD-7-1-No|nifH|consensus50|strict_single_dominant	nifH|Sinorhizobium_meliloti_(Rhizobium_meliloti)|XEM16083.1	Sinorhizobium_meliloti_(Rhizobium_meliloti)	96.841	823	92.0582	NA	0	1375	Sinorhizobium	high_identity90_qcov80	yes	WOOD-7-1-No|nifH|consensus50|strict_single_dominant | closest: Sinorhizobium_meliloti_(Rhizobium_meliloti) | 96.8% id | 92.1% qcov
NOGP-3-2-Ro|nifH|consensus50|strict_single_dominant	nifH|Sinorhizobium_meliloti_(Rhizobium_meliloti)|XHY72514.1	Sinorhizobium_meliloti_(Rhizobium_meliloti)	96.233	823	92.0582	NA	0	1347	Sinorhizobium	high_identity90_qcov80	yes	NOGP-3-2-Ro|nifH|consensus50|strict_single_dominant | closest: Sinorhizobium_meliloti_(Rhizobium_meliloti) | 96.2% id | 92.1% qcov
OAES-36-2-No|nifH|consensus50|strict_single_dominant	nifH|Sinorhizobium_meliloti_(Rhizobium_meliloti)|XHY72514.1	Sinorhizobium_meliloti_(Rhizobium_meliloti)	95.99	823	92.0582	NA	0	1336	Sinorhizobium	high_identity90_qcov80	yes	OAES-36-2-No|nifH|consensus50|strict_single_dominant | closest: Sinorhizobium_meliloti_(Rhizobium_meliloti) | 96.0% id | 92.1% qcov
OAES-36-3-No|nifH|consensus50|strict_single_dominant	nifH|Sinorhizobium_meliloti_(Rhizobium_meliloti)|XHY72514.1	Sinorhizobium_meliloti_(Rhizobium_meliloti)	95.747	823	92.0582	NA	0	1325	Sinorhizobium	high_identity90_qcov80	yes	OAES-36-3-No|nifH|consensus50|strict_single_dominant | closest: Sinorhizobium_meliloti_(Rhizobium_meliloti) | 95.7% id | 92.1% qcov
CPER-3-1-Rh|nifH|consensus50|strict_single_dominant	nifH|Sinorhizobium_meliloti_(Rhizobium_meliloti)|XHY72514.1	Sinorhizobium_meliloti_(Rhizobium_meliloti)	96.707	820	91.7226	NA	0	1363	Sinorhizobium	high_identity90_qcov80	yes	CPER-3-1-Rh|nifH|consensus50|strict_single_dominant | closest: Sinorhizobium_meliloti_(Rhizobium_meliloti) | 96.7% id | 91.7% qcov
CPER-5-1-No|nifH|consensus50|strict_single_dominant	nifH|Sinorhizobium_meliloti_(Rhizobium_meliloti)|XHY72514.1	Sinorhizobium_meliloti_(Rhizobium_meliloti)	97.094	826	92.3937	NA	0	1391	Sinorhizobium	high_identity90_qcov80	yes	CPER-5-1-No|nifH|consensus50|strict_single_dominant | closest: Sinorhizobium_meliloti_(Rhizobium_meliloti) | 97.1% id | 92.4% qcov
CPER-5-1-Rh|nifH|consensus50|strict_single_dominant	nifH|Sinorhizobium_meliloti_(Rhizobium_meliloti)|XHY72514.1	Sinorhizobium_meliloti_(Rhizobium_meliloti)	96.61	826	92.3937	NA	0	1369	Sinorhizobium	high_identity90_qcov80	yes	CPER-5-1-Rh|nifH|consensus50|strict_single_dominant | closest: Sinorhizobium_meliloti_(Rhizobium_meliloti) | 96.6% id | 92.4% qcov
DCFS-2-2-No|nifH|consensus50|strict_single_dominant	nifH|Sinorhizobium_meliloti_(Rhizobium_meliloti)|XEM16083.1	Sinorhizobium_meliloti_(Rhizobium_meliloti)	97.927	820	91.7226	NA	0	1419	Sinorhizobium	high_identity90_qcov80	yes	DCFS-2-2-No|nifH|consensus50|strict_single_dominant | closest: Sinorhizobium_meliloti_(Rhizobium_meliloti) | 97.9% id | 91.7% qcov
NOGP-5-2-Ro|nifH|consensus50|strict_single_dominant	nifH|Sinorhizobium_meliloti_(Rhizobium_meliloti)|XEM16083.1	Sinorhizobium_meliloti_(Rhizobium_meliloti)	97.878	801	89.5973	NA	0	1386	Sinorhizobium	high_identity90_qcov80	yes	NOGP-5-2-Ro|nifH|consensus50|strict_single_dominant | closest: Sinorhizobium_meliloti_(Rhizobium_meliloti) | 97.9% id | 89.6% qcov
WOOD-6-1-No|nifH|consensus50|strict_single_dominant	nifH|Sinorhizobium_meliloti_(Rhizobium_meliloti)|XEM16083.1	Sinorhizobium_meliloti_(Rhizobium_meliloti)	98.622	798	89.2617	NA	0	1413	Sinorhizobium	high_identity90_qcov80	yes	WOOD-6-1-No|nifH|consensus50|strict_single_dominant | closest: Sinorhizobium_meliloti_(Rhizobium_meliloti) | 98.6% id | 89.3% qcov
NOGP-2-1-Ro|nifH|consensus50|strict_single_dominant	nifH|Sinorhizobium_meliloti_(Rhizobium_meliloti)|XHY72514.1	Sinorhizobium_meliloti_(Rhizobium_meliloti)	96.476	823	92.0582	NA	0	1376	Sinorhizobium	high_identity90_qcov80	yes	NOGP-2-1-Ro|nifH|consensus50|strict_single_dominant | closest: Sinorhizobium_meliloti_(Rhizobium_meliloti) | 96.5% id | 92.1% qcov
OAES-14-1-No|nifH|consensus50|strict_single_dominant	nifH|Sinorhizobium_meliloti_(Rhizobium_meliloti)|XHY72514.1	Sinorhizobium_meliloti_(Rhizobium_meliloti)	99.493	789	88.255	NA	0	1435	Sinorhizobium	high_identity90_qcov80	yes	OAES-14-1-No|nifH|consensus50|strict_single_dominant | closest: Sinorhizobium_meliloti_(Rhizobium_meliloti) | 99.5% id | 88.3% qcov
OAES-2-1-No|nifH|consensus50|strict_single_dominant	nifH|Sinorhizobium_meliloti_(Rhizobium_meliloti)|XHY72514.1	Sinorhizobium_meliloti_(Rhizobium_meliloti)	98.365	795	88.9262	NA	0	1399	Sinorhizobium	high_identity90_qcov80	yes	OAES-2-1-No|nifH|consensus50|strict_single_dominant | closest: Sinorhizobium_meliloti_(Rhizobium_meliloti) | 98.4% id | 88.9% qcov
OAES-22-1-No|nifH|consensus50|strict_single_dominant	nifH|Sinorhizobium_meliloti_(Rhizobium_meliloti)|XEM16083.1	Sinorhizobium_meliloti_(Rhizobium_meliloti)	98.164	817	91.387	NA	0	1424	Sinorhizobium	high_identity90_qcov80	yes	OAES-22-1-No|nifH|consensus50|strict_single_dominant | closest: Sinorhizobium_meliloti_(Rhizobium_meliloti) | 98.2% id | 91.4% qcov
NOGP-4-1-Ro|nifH|consensus50|strict_single_dominant	nifH|Sinorhizobium_meliloti_(Rhizobium_meliloti)|XHY72514.1	Sinorhizobium_meliloti_(Rhizobium_meliloti)	96.368	826	92.3937	NA	0	1376	Sinorhizobium	high_identity90_qcov80	yes	NOGP-4-1-Ro|nifH|consensus50|strict_single_dominant | closest: Sinorhizobium_meliloti_(Rhizobium_meliloti) | 96.4% id | 92.4% qcov
OAES-2-1-Ro|nifH|consensus50|strict_single_dominant	nifH|Sinorhizobium_meliloti_(Rhizobium_meliloti)|XHY72514.1	Sinorhizobium_meliloti_(Rhizobium_meliloti)	96.959	822	91.9463	NA	0	1378	Sinorhizobium	high_identity90_qcov80	yes	OAES-2-1-Ro|nifH|consensus50|strict_single_dominant | closest: Sinorhizobium_meliloti_(Rhizobium_meliloti) | 97.0% id | 91.9% qcov
NOGP-6-3-Ro|nifH|consensus50|strict_single_dominant	nifH|Sinorhizobium_meliloti_(Rhizobium_meliloti)|XHY72514.1	Sinorhizobium_meliloti_(Rhizobium_meliloti)	96.585	820	91.7226	NA	0	1358	Sinorhizobium	high_identity90_qcov80	yes	NOGP-6-3-Ro|nifH|consensus50|strict_single_dominant | closest: Sinorhizobium_meliloti_(Rhizobium_meliloti) | 96.6% id | 91.7% qcov
DCFS-8-1-No|nifH|consensus50|strict_single_dominant	nifH|Sinorhizobium_meliloti_(Rhizobium_meliloti)|XHY72514.1	Sinorhizobium_meliloti_(Rhizobium_meliloti)	96.476	823	92.0582	NA	0	1358	Sinorhizobium	high_identity90_qcov80	yes	DCFS-8-1-No|nifH|consensus50|strict_single_dominant | closest: Sinorhizobium_meliloti_(Rhizobium_meliloti) | 96.5% id | 92.1% qcov
NOGP-2-1-No|nifH|consensus50|strict_single_dominant	nifH|Sinorhizobium_meliloti_(Rhizobium_meliloti)|XHY72514.1	Sinorhizobium_meliloti_(Rhizobium_meliloti)	95.504	823	92.0582	NA	0	1314	Sinorhizobium	high_identity90_qcov80	yes	NOGP-2-1-No|nifH|consensus50|strict_single_dominant | closest: Sinorhizobium_meliloti_(Rhizobium_meliloti) | 95.5% id | 92.1% qcov
WOOD-11-1-No|nifH|consensus50|strict_single_dominant	nifH|Sinorhizobium_meliloti_(Rhizobium_meliloti)|XHY72514.1	Sinorhizobium_meliloti_(Rhizobium_meliloti)	95.732	820	91.7226	NA	0	1319	Sinorhizobium	high_identity90_qcov80	yes	WOOD-11-1-No|nifH|consensus50|strict_single_dominant | closest: Sinorhizobium_meliloti_(Rhizobium_meliloti) | 95.7% id | 91.7% qcov
DCFS-2-2-Ro|nifH|consensus50|strict_single_dominant	nifH|Microvirga_lotononidis|WQO30062.1	Microvirga_lotononidis	89.259	810	90.604	NA	0	1014	Microvirga	moderate_identity85_qcov70	yes	DCFS-2-2-Ro|nifH|consensus50|strict_single_dominant | closest: Microvirga_lotononidis | 89.3% id | 90.6% qcov
TOOL-1-Rh|nifH|consensus50|strict_single_dominant	nifH|Microvirga_lotononidis|WQO30062.1	Microvirga_lotononidis	88.848	816	91.2752	NA	0	1003	Microvirga	moderate_identity85_qcov70	yes	TOOL-1-Rh|nifH|consensus50|strict_single_dominant | closest: Microvirga_lotononidis | 88.8% id | 91.3% qcov
OAES-15-Rh|nifH|consensus50|strict_single_dominant	nifH|Sinorhizobium_meliloti_(Rhizobium_meliloti)|XEM16083.1	Sinorhizobium_meliloti_(Rhizobium_meliloti)	91.299	793	88.7025	NA	0	1081	Sinorhizobium	high_identity90_qcov80	yes	OAES-15-Rh|nifH|consensus50|strict_single_dominant | closest: Sinorhizobium_meliloti_(Rhizobium_meliloti) | 91.3% id | 88.7% qcov
OSBS-101-1-Ro|nifH|consensus50|strict_single_dominant	nifH|Sinorhizobium_meliloti_(Rhizobium_meliloti)|XEM16083.1	Sinorhizobium_meliloti_(Rhizobium_meliloti)	92.587	715	79.9776	NA	0	1027	Sinorhizobium	moderate_identity85_qcov70	yes	OSBS-101-1-Ro|nifH|consensus50|strict_single_dominant | closest: Sinorhizobium_meliloti_(Rhizobium_meliloti) | 92.6% id | 80.0% qcov
DSNY-15-1-Rh|nifH|consensus50|strict_single_dominant	nifH|Microvirga_lotononidis|WQO30062.1	Microvirga_lotononidis	90.511	822	91.9463	NA	0	1086	Microvirga	high_identity90_qcov80	yes	DSNY-15-1-Rh|nifH|consensus50|strict_single_dominant | closest: Microvirga_lotononidis | 90.5% id | 91.9% qcov
OSBS-104-1-Rh|nifH|consensus50|strict_single_dominant	nifH|Microvirga_sp._KLBC_81|PVE21514.1	Microvirga_sp._KLBC_81	88.973	789	88.255	NA	0	976	Microvirga	moderate_identity85_qcov70	yes	OSBS-104-1-Rh|nifH|consensus50|strict_single_dominant | closest: Microvirga_sp._KLBC_81 | 89.0% id | 88.3% qcov
DCFS-2-2-Rh|nifH|consensus50|strict_single_dominant	nifH|Rhizobium_binae|XXB05130.1	Rhizobium_binae	90.83	807	90.2685	NA	0	1081	Rhizobium	high_identity90_qcov80	yes	DCFS-2-2-Rh|nifH|consensus50|strict_single_dominant | closest: Rhizobium_binae | 90.8% id | 90.3% qcov
DELA-1-3-No|nifH|consensus50|strict_single_dominant	nifH|Rhizobium_binae|XXB05130.1	Rhizobium_binae	93.674	822	91.9463	NA	0	1230	Rhizobium	high_identity90_qcov80	yes	DELA-1-3-No|nifH|consensus50|strict_single_dominant | closest: Rhizobium_binae | 93.7% id | 91.9% qcov
DELA-1-3-Rh|nifH|consensus50|strict_single_dominant	nifH|Rhizobium_binae|XXB05130.1	Rhizobium_binae	93.584	826	92.3937	NA	0	1230	Rhizobium	high_identity90_qcov80	yes	DELA-1-3-Rh|nifH|consensus50|strict_single_dominant | closest: Rhizobium_binae | 93.6% id | 92.4% qcov
N35-4-D-No|nifH|consensus50|strict_single_dominant	nifH|Rhizobium_binae|XXB05130.1	Rhizobium_binae	93.803	823	92.0582	NA	0	1236	Rhizobium	high_identity90_qcov80	yes	N35-4-D-No|nifH|consensus50|strict_single_dominant | closest: Rhizobium_binae | 93.8% id | 92.1% qcov
DSNY-SEHE-60-No|nifH|consensus50|strict_single_dominant	nifH|Rhizobium_binae|XXB05130.1	Rhizobium_binae	93.674	822	91.9463	NA	0	1230	Rhizobium	high_identity90_qcov80	yes	DSNY-SEHE-60-No|nifH|consensus50|strict_single_dominant | closest: Rhizobium_binae | 93.7% id | 91.9% qcov
N35-4-D-Ro|nifH|consensus50|strict_single_dominant	nifH|Rhizobium_binae|XXB05130.1	Rhizobium_binae	93.985	798	89.2617	NA	0	1208	Rhizobium	high_identity90_qcov80	yes	N35-4-D-Ro|nifH|consensus50|strict_single_dominant | closest: Rhizobium_binae | 94.0% id | 89.3% qcov
TEAK-2-1-Rh|nifH|consensus50|strict_single_dominant	nifH|Rhizobium_binae|XXB05130.1	Rhizobium_binae	91.447	795	88.9262	NA	0	1092	Rhizobium	high_identity90_qcov80	yes	TEAK-2-1-Rh|nifH|consensus50|strict_single_dominant | closest: Rhizobium_binae | 91.4% id | 88.9% qcov
RMNP-1-Ro|nifH|consensus50|strict_single_dominant	nifH|Microvirga_sp._RSM25|XKE00370.1	Microvirga_sp._RSM25	91.343	797	89.1499	NA	0	1086	Microvirga	high_identity90_qcov80	yes	RMNP-1-Ro|nifH|consensus50|strict_single_dominant | closest: Microvirga_sp._RSM25 | 91.3% id | 89.1% qcov
OAES-21-3-Rh|nifH|consensus50|strict_single_dominant	nifH|Mesorhizobium_sp._AaZ16|XIK06011.1	Mesorhizobium_sp._AaZ16	91.195	795	88.9262	NA	0	1077	Mesorhizobium	high_identity90_qcov80	yes	OAES-21-3-Rh|nifH|consensus50|strict_single_dominant | closest: Mesorhizobium_sp._AaZ16 | 91.2% id | 88.9% qcov
OAES-20-Rh|nifH|consensus50|strict_single_dominant	nifH|Mesorhizobium_sp._AaZ16|XIK06011.1	Mesorhizobium_sp._AaZ16	93.852	797	89.1499	NA	0	1197	Mesorhizobium	high_identity90_qcov80	yes	OAES-20-Rh|nifH|consensus50|strict_single_dominant | closest: Mesorhizobium_sp._AaZ16 | 93.9% id | 89.1% qcov
CLBJ-3-1-Rh|nifH|consensus50|strict_single_dominant	nifH|Mesorhizobium_sp._AaZ16|XIK06011.1	Mesorhizobium_sp._AaZ16	94.153	821	91.8345	NA	0	1247	Mesorhizobium	high_identity90_qcov80	yes	CLBJ-3-1-Rh|nifH|consensus50|strict_single_dominant | closest: Mesorhizobium_sp._AaZ16 | 94.2% id | 91.8% qcov
JERC-1-2-No|nifH|consensus50|strict_single_dominant	nifH|Mesorhizobium_sp._AaZ16|XIK06011.1	Mesorhizobium_sp._AaZ16	91.941	819	91.6107	NA	0	1147	Mesorhizobium	high_identity90_qcov80	yes	JERC-1-2-No|nifH|consensus50|strict_single_dominant | closest: Mesorhizobium_sp._AaZ16 | 91.9% id | 91.6% qcov
OSBS-38-1-No|nifH|consensus50|strict_single_dominant	nifH|Mesorhizobium_sp._AaZ16|XIK06011.1	Mesorhizobium_sp._AaZ16	91.697	819	91.6107	NA	0	1136	Mesorhizobium	high_identity90_qcov80	yes	OSBS-38-1-No|nifH|consensus50|strict_single_dominant | closest: Mesorhizobium_sp._AaZ16 | 91.7% id | 91.6% qcov
JERC-131-No|nifH|consensus50|strict_single_dominant	nifH|Mesorhizobium_sp._AaZ16|XIK06011.1	Mesorhizobium_sp._AaZ16	91.697	819	91.6107	NA	0	1136	Mesorhizobium	high_identity90_qcov80	yes	JERC-131-No|nifH|consensus50|strict_single_dominant | closest: Mesorhizobium_sp._AaZ16 | 91.7% id | 91.6% qcov
JERC-14-5-Ro|nifH|consensus50|strict_single_dominant	nifH|Mesorhizobium_sp._AaZ16|XIK06011.1	Mesorhizobium_sp._AaZ16	93.125	800	89.4855	NA	0	1170	Mesorhizobium	high_identity90_qcov80	yes	JERC-14-5-Ro|nifH|consensus50|strict_single_dominant | closest: Mesorhizobium_sp._AaZ16 | 93.1% id | 89.5% qcov
JERC-23-1-Ro|nifH|consensus50|strict_single_dominant	nifH|Mesorhizobium_sp._AaZ16|XIK06011.1	Mesorhizobium_sp._AaZ16	91.331	819	91.6107	NA	0	1120	Mesorhizobium	high_identity90_qcov80	yes	JERC-23-1-Ro|nifH|consensus50|strict_single_dominant | closest: Mesorhizobium_sp._AaZ16 | 91.3% id | 91.6% qcov
JERC-16-2-Ro|nifH|consensus50|strict_single_dominant	nifH|Mesorhizobium_sp._AaZ16|XIK06011.1	Mesorhizobium_sp._AaZ16	92.647	816	91.2752	NA	0	1175	Mesorhizobium	high_identity90_qcov80	yes	JERC-16-2-Ro|nifH|consensus50|strict_single_dominant | closest: Mesorhizobium_sp._AaZ16 | 92.6% id | 91.3% qcov
SRER-15-1-Ro|nifH|consensus50|strict_single_dominant	nifH|Mesorhizobium_sp._AaZ16|XIK06011.1	Mesorhizobium_sp._AaZ16	93.04	819	91.6107	NA	0	1197	Mesorhizobium	high_identity90_qcov80	yes	SRER-15-1-Ro|nifH|consensus50|strict_single_dominant | closest: Mesorhizobium_sp._AaZ16 | 93.0% id | 91.6% qcov
SRER-10-1-Rh|nifH|consensus50|strict_single_dominant	nifH|Mesorhizobium_sp._AaZ16|XIK06011.1	Mesorhizobium_sp._AaZ16	93.057	821	91.8345	NA	0	1201	Mesorhizobium	high_identity90_qcov80	yes	SRER-10-1-Rh|nifH|consensus50|strict_single_dominant | closest: Mesorhizobium_sp._AaZ16 | 93.1% id | 91.8% qcov
SRER-2-1-No|nifH|consensus50|strict_single_dominant	nifH|Mesorhizobium_sp._AaZ16|XIK06011.1	Mesorhizobium_sp._AaZ16	93.333	795	88.9262	NA	0	1175	Mesorhizobium	high_identity90_qcov80	yes	SRER-2-1-No|nifH|consensus50|strict_single_dominant | closest: Mesorhizobium_sp._AaZ16 | 93.3% id | 88.9% qcov
SRER-1-1-No|nifH|consensus50|strict_single_dominant	nifH|Mesorhizobium_sp._AaZ16|XIK06011.1	Mesorhizobium_sp._AaZ16	93.04	819	91.6107	NA	0	1197	Mesorhizobium	high_identity90_qcov80	yes	SRER-1-1-No|nifH|consensus50|strict_single_dominant | closest: Mesorhizobium_sp._AaZ16 | 93.0% id | 91.6% qcov
SRER-8-1-No|nifH|consensus50|strict_single_dominant	nifH|Mesorhizobium_sp._AaZ16|XIK06011.1	Mesorhizobium_sp._AaZ16	93.333	795	88.9262	NA	0	1175	Mesorhizobium	high_identity90_qcov80	yes	SRER-8-1-No|nifH|consensus50|strict_single_dominant | closest: Mesorhizobium_sp._AaZ16 | 93.3% id | 88.9% qcov
SRER-15-1-No|nifH|consensus50|strict_single_dominant	nifH|Mesorhizobium_sp._AaZ16|XIK06011.1	Mesorhizobium_sp._AaZ16	93.137	816	91.2752	NA	0	1197	Mesorhizobium	high_identity90_qcov80	yes	SRER-15-1-No|nifH|consensus50|strict_single_dominant | closest: Mesorhizobium_sp._AaZ16 | 93.1% id | 91.3% qcov
SRER-10-1-No|nifH|consensus50|strict_single_dominant	nifH|Mesorhizobium_sp._AaZ16|XIK06011.1	Mesorhizobium_sp._AaZ16	93.284	819	91.6107	NA	0	1208	Mesorhizobium	high_identity90_qcov80	yes	SRER-10-1-No|nifH|consensus50|strict_single_dominant | closest: Mesorhizobium_sp._AaZ16 | 93.3% id | 91.6% qcov
SRER-17-1-No|nifH|consensus50|strict_single_dominant	nifH|Mesorhizobium_sp._AaZ16|XIK06011.1	Mesorhizobium_sp._AaZ16	92.796	819	91.6107	NA	0	1186	Mesorhizobium	high_identity90_qcov80	yes	SRER-17-1-No|nifH|consensus50|strict_single_dominant | closest: Mesorhizobium_sp._AaZ16 | 92.8% id | 91.6% qcov
SRER-3-1-No|nifH|consensus50|strict_single_dominant	nifH|Mesorhizobium_sp._AaZ16|XIK06011.1	Mesorhizobium_sp._AaZ16	92.918	819	91.6107	NA	0	1192	Mesorhizobium	high_identity90_qcov80	yes	SRER-3-1-No|nifH|consensus50|strict_single_dominant | closest: Mesorhizobium_sp._AaZ16 | 92.9% id | 91.6% qcov
SRER-6-1-No|nifH|consensus50|strict_single_dominant	nifH|Mesorhizobium_sp._AaZ16|XIK06011.1	Mesorhizobium_sp._AaZ16	93.04	819	91.6107	NA	0	1197	Mesorhizobium	high_identity90_qcov80	yes	SRER-6-1-No|nifH|consensus50|strict_single_dominant | closest: Mesorhizobium_sp._AaZ16 | 93.0% id | 91.6% qcov
SRER-3-1-Ro|nifH|consensus50|strict_single_dominant	nifH|Mesorhizobium_sp._AaZ16|XIK06011.1	Mesorhizobium_sp._AaZ16	92.918	819	91.6107	NA	0	1192	Mesorhizobium	high_identity90_qcov80	yes	SRER-3-1-Ro|nifH|consensus50|strict_single_dominant | closest: Mesorhizobium_sp._AaZ16 | 92.9% id | 91.6% qcov
SRER-6-1-Ro|nifH|consensus50|strict_single_dominant	nifH|Mesorhizobium_sp._AaZ16|XIK06011.1	Mesorhizobium_sp._AaZ16	92.701	822	91.9463	NA	0	1186	Mesorhizobium	high_identity90_qcov80	yes	SRER-6-1-Ro|nifH|consensus50|strict_single_dominant | closest: Mesorhizobium_sp._AaZ16 | 92.7% id | 91.9% qcov
SRER-7-1-No|nifH|consensus50|strict_single_dominant	nifH|Mesorhizobium_sp._AaZ16|XIK06011.1	Mesorhizobium_sp._AaZ16	92.674	819	91.6107	NA	0	1179	Mesorhizobium	high_identity90_qcov80	yes	SRER-7-1-No|nifH|consensus50|strict_single_dominant | closest: Mesorhizobium_sp._AaZ16 | 92.7% id | 91.6% qcov
SRER-8-1-Ro|nifH|consensus50|strict_single_dominant	nifH|Mesorhizobium_sp._AaZ16|XIK06011.1	Mesorhizobium_sp._AaZ16	92.68	806	90.1566	NA	0	1158	Mesorhizobium	high_identity90_qcov80	yes	SRER-8-1-Ro|nifH|consensus50|strict_single_dominant | closest: Mesorhizobium_sp._AaZ16 | 92.7% id | 90.2% qcov
SRER-7-1-Rh|nifH|consensus50|strict_single_dominant	nifH|Mesorhizobium_sp._AaZ16|XIK06011.1	Mesorhizobium_sp._AaZ16	92.674	819	91.6107	NA	0	1181	Mesorhizobium	high_identity90_qcov80	yes	SRER-7-1-Rh|nifH|consensus50|strict_single_dominant | closest: Mesorhizobium_sp._AaZ16 | 92.7% id | 91.6% qcov
SRER-7-1-Ro|nifH|consensus50|strict_single_dominant	nifH|Mesorhizobium_sp._AaZ16|XIK06011.1	Mesorhizobium_sp._AaZ16	92.944	822	91.9463	NA	0	1197	Mesorhizobium	high_identity90_qcov80	yes	SRER-7-1-Ro|nifH|consensus50|strict_single_dominant | closest: Mesorhizobium_sp._AaZ16 | 92.9% id | 91.9% qcov
OAES-21-3-No|nifH|consensus50|strict_single_dominant	nifH|Mesorhizobium_sp._AaZ16|XIK06011.1	Mesorhizobium_sp._AaZ16	93.431	822	91.9463	NA	0	1219	Mesorhizobium	high_identity90_qcov80	yes	OAES-21-3-No|nifH|consensus50|strict_single_dominant | closest: Mesorhizobium_sp._AaZ16 | 93.4% id | 91.9% qcov
SRER-13-1-No|nifH|consensus50|strict_single_dominant	nifH|Mesorhizobium_sp._AaZ16|XIK06011.1	Mesorhizobium_sp._AaZ16	93.187	822	91.9463	NA	0	1208	Mesorhizobium	high_identity90_qcov80	yes	SRER-13-1-No|nifH|consensus50|strict_single_dominant | closest: Mesorhizobium_sp._AaZ16 | 93.2% id | 91.9% qcov
SRER-13-1-Ro|nifH|consensus50|strict_single_dominant	nifH|Mesorhizobium_sp._AaZ16|XIK06011.1	Mesorhizobium_sp._AaZ16	93.137	816	91.2752	NA	0	1197	Mesorhizobium	high_identity90_qcov80	yes	SRER-13-1-Ro|nifH|consensus50|strict_single_dominant | closest: Mesorhizobium_sp._AaZ16 | 93.1% id | 91.3% qcov
SRER-13-1-Rh|nifH|consensus50|strict_single_dominant	nifH|Mesorhizobium_sp._AaZ16|XIK06011.1	Mesorhizobium_sp._AaZ16	93.137	816	91.2752	NA	0	1197	Mesorhizobium	high_identity90_qcov80	yes	SRER-13-1-Rh|nifH|consensus50|strict_single_dominant | closest: Mesorhizobium_sp._AaZ16 | 93.1% id | 91.3% qcov
OAES-8-2-No|nifH|consensus50|strict_single_dominant	nifH|Mesorhizobium_maamorense|XKI86421.1	Mesorhizobium_maamorense	92.054	818	91.4989	NA	0	1153	Mesorhizobium	high_identity90_qcov80	yes	OAES-8-2-No|nifH|consensus50|strict_single_dominant | closest: Mesorhizobium_maamorense | 92.1% id | 91.5% qcov
SRER-14-1-No|nifH|consensus50|strict_single_dominant	nifH|Mesorhizobium_sp._AaZ16|XIK06011.1	Mesorhizobium_sp._AaZ16	92.944	822	91.9463	NA	0	1197	Mesorhizobium	high_identity90_qcov80	yes	SRER-14-1-No|nifH|consensus50|strict_single_dominant | closest: Mesorhizobium_sp._AaZ16 | 92.9% id | 91.9% qcov
SRER-18-1-Rh|nifH|consensus50|strict_single_dominant	nifH|Mesorhizobium_sp._AaZ16|XIK06011.1	Mesorhizobium_sp._AaZ16	92.796	819	91.6107	NA	0	1186	Mesorhizobium	high_identity90_qcov80	yes	SRER-18-1-Rh|nifH|consensus50|strict_single_dominant | closest: Mesorhizobium_sp._AaZ16 | 92.8% id | 91.6% qcov
SRER-18-1-Ro|nifH|consensus50|strict_single_dominant	nifH|Mesorhizobium_sp._AaZ16|XIK06011.1	Mesorhizobium_sp._AaZ16	92.892	816	91.2752	NA	0	1186	Mesorhizobium	high_identity90_qcov80	yes	SRER-18-1-Ro|nifH|consensus50|strict_single_dominant | closest: Mesorhizobium_sp._AaZ16 | 92.9% id | 91.3% qcov
SRER-9-1-Ro|nifH|consensus50|strict_single_dominant	nifH|Mesorhizobium_sp._AaZ16|XIK06011.1	Mesorhizobium_sp._AaZ16	93.137	816	91.2752	NA	0	1197	Mesorhizobium	high_identity90_qcov80	yes	SRER-9-1-Ro|nifH|consensus50|strict_single_dominant | closest: Mesorhizobium_sp._AaZ16 | 93.1% id | 91.3% qcov
SRER-6-1-Rh|nifH|consensus50|strict_single_dominant	nifH|Mesorhizobium_sp._AaZ16|XIK06011.1	Mesorhizobium_sp._AaZ16	94.75	800	89.4855	NA	0	1242	Mesorhizobium	high_identity90_qcov80	yes	SRER-6-1-Rh|nifH|consensus50|strict_single_dominant | closest: Mesorhizobium_sp._AaZ16 | 94.8% id | 89.5% qcov
OAES-30-2-No|nifH|consensus50|strict_single_dominant	nifH|Mesorhizobium_sp._AaZ16|XIK06011.1	Mesorhizobium_sp._AaZ16	94.821	811	90.7159	NA	0	1266	Mesorhizobium	high_identity90_qcov80	yes	OAES-30-2-No|nifH|consensus50|strict_single_dominant | closest: Mesorhizobium_sp._AaZ16 | 94.8% id | 90.7% qcov
DELA-32-1-No|nifH|consensus50|strict_single_dominant	nifH|Mesorhizobium_sp._AaZ16|XIK06011.1	Mesorhizobium_sp._AaZ16	92.659	831	92.953	NA	0	1195	Mesorhizobium	high_identity90_qcov80	yes	DELA-32-1-No|nifH|consensus50|strict_single_dominant | closest: Mesorhizobium_sp._AaZ16 | 92.7% id | 93.0% qcov
LENO-9-2-Rh|nifH|consensus50|strict_single_dominant	nifH|Mesorhizobium_sp._AaZ16|XIK06011.1	Mesorhizobium_sp._AaZ16	92.927	820	91.7226	NA	0	1192	Mesorhizobium	high_identity90_qcov80	yes	LENO-9-2-Rh|nifH|consensus50|strict_single_dominant | closest: Mesorhizobium_sp._AaZ16 | 92.9% id | 91.7% qcov
LENO-5-2-No|nifH|consensus50|strict_single_dominant	nifH|Mesorhizobium_sp._AaZ16|XIK06011.1	Mesorhizobium_sp._AaZ16	92.918	819	91.6107	NA	0	1192	Mesorhizobium	high_identity90_qcov80	yes	LENO-5-2-No|nifH|consensus50|strict_single_dominant | closest: Mesorhizobium_sp._AaZ16 | 92.9% id | 91.6% qcov
DSNY-2-1-Rh|nifH|consensus50|strict_single_dominant	nifH|Mesorhizobium_sp._AaZ16|XIK06011.1	Mesorhizobium_sp._AaZ16	92.892	816	91.2752	NA	0	1186	Mesorhizobium	high_identity90_qcov80	yes	DSNY-2-1-Rh|nifH|consensus50|strict_single_dominant | closest: Mesorhizobium_sp._AaZ16 | 92.9% id | 91.3% qcov
LENO-7-2-No|nifH|consensus50|strict_single_dominant	nifH|Mesorhizobium_sp._AaZ16|XIK06011.1	Mesorhizobium_sp._AaZ16	92.701	822	91.9463	NA	0	1186	Mesorhizobium	high_identity90_qcov80	yes	LENO-7-2-No|nifH|consensus50|strict_single_dominant | closest: Mesorhizobium_sp._AaZ16 | 92.7% id | 91.9% qcov
LENO-9-2-No|nifH|consensus50|strict_single_dominant	nifH|Mesorhizobium_sp._AaZ16|XIK06011.1	Mesorhizobium_sp._AaZ16	92.918	819	91.6107	NA	0	1192	Mesorhizobium	high_identity90_qcov80	yes	LENO-9-2-No|nifH|consensus50|strict_single_dominant | closest: Mesorhizobium_sp._AaZ16 | 92.9% id | 91.6% qcov
LENO-10-2-Ro|nifH|consensus50|strict_single_dominant	nifH|Mesorhizobium_sp._AaZ16|XIK06011.1	Mesorhizobium_sp._AaZ16	93.04	819	91.6107	NA	0	1197	Mesorhizobium	high_identity90_qcov80	yes	LENO-10-2-Ro|nifH|consensus50|strict_single_dominant | closest: Mesorhizobium_sp._AaZ16 | 93.0% id | 91.6% qcov
OAES-35-3-No|nifH|consensus50|strict_single_dominant	nifH|Mesorhizobium_sp._AaZ16|XIK06011.1	Mesorhizobium_sp._AaZ16	93.04	819	91.6107	NA	0	1197	Mesorhizobium	high_identity90_qcov80	yes	OAES-35-3-No|nifH|consensus50|strict_single_dominant | closest: Mesorhizobium_sp._AaZ16 | 93.0% id | 91.6% qcov
JERC-34-4-No|nifH|consensus50|strict_single_dominant	nifH|Mesorhizobium_sp._AaZ16|XIK06011.1	Mesorhizobium_sp._AaZ16	93.382	816	91.2752	NA	0	1208	Mesorhizobium	high_identity90_qcov80	yes	JERC-34-4-No|nifH|consensus50|strict_single_dominant | closest: Mesorhizobium_sp._AaZ16 | 93.4% id | 91.3% qcov
JERC-AMFR-56-1-No|nifH|consensus50|strict_single_dominant	nifH|Mesorhizobium_sp._AaZ16|XIK06011.1	Mesorhizobium_sp._AaZ16	92.944	822	91.9463	NA	0	1197	Mesorhizobium	high_identity90_qcov80	yes	JERC-AMFR-56-1-No|nifH|consensus50|strict_single_dominant | closest: Mesorhizobium_sp._AaZ16 | 92.9% id | 91.9% qcov
JERC-AMFU-71-1-No|nifH|consensus50|strict_single_dominant	nifH|Mesorhizobium_sp._AaZ16|XIK06011.1	Mesorhizobium_sp._AaZ16	92.822	822	91.9463	NA	0	1192	Mesorhizobium	high_identity90_qcov80	yes	JERC-AMFU-71-1-No|nifH|consensus50|strict_single_dominant | closest: Mesorhizobium_sp._AaZ16 | 92.8% id | 91.9% qcov
DELA-26-3-Ro|nifH|consensus50|strict_single_dominant	nifH|Mesorhizobium_sp._AaZ16|XIK06011.1	Mesorhizobium_sp._AaZ16	91.087	819	91.6107	NA	0	1109	Mesorhizobium	high_identity90_qcov80	yes	DELA-26-3-Ro|nifH|consensus50|strict_single_dominant | closest: Mesorhizobium_sp._AaZ16 | 91.1% id | 91.6% qcov
DELA-27-3-No|nifH|consensus50|strict_single_dominant	nifH|Mesorhizobium_sp._AaZ16|XIK06011.1	Mesorhizobium_sp._AaZ16	90.998	822	91.9463	NA	0	1109	Mesorhizobium	high_identity90_qcov80	yes	DELA-27-3-No|nifH|consensus50|strict_single_dominant | closest: Mesorhizobium_sp._AaZ16 | 91.0% id | 91.9% qcov
TALL-15-2-No|nifH|consensus50|strict_single_dominant	nifH|Mesorhizobium_sp._AaZ16|XIK06011.1	Mesorhizobium_sp._AaZ16	90.644	823	92.0582	NA	0	1092	Mesorhizobium	high_identity90_qcov80	yes	TALL-15-2-No|nifH|consensus50|strict_single_dominant | closest: Mesorhizobium_sp._AaZ16 | 90.6% id | 92.1% qcov
TALL-52-1-No|nifH|consensus50|strict_single_dominant	nifH|Mesorhizobium_sp._AaZ16|XIK06011.1	Mesorhizobium_sp._AaZ16	90.621	821	91.8345	NA	0	1086	Mesorhizobium	high_identity90_qcov80	yes	TALL-52-1-No|nifH|consensus50|strict_single_dominant | closest: Mesorhizobium_sp._AaZ16 | 90.6% id | 91.8% qcov
DELA-9-1-No|nifH|consensus50|strict_single_dominant	nifH|Mesorhizobium_sp._AaZ16|XIK06011.1	Mesorhizobium_sp._AaZ16	89.186	823	92.0582	NA	0	1050	Mesorhizobium	moderate_identity85_qcov70	yes	DELA-9-1-No|nifH|consensus50|strict_single_dominant | closest: Mesorhizobium_sp._AaZ16 | 89.2% id | 92.1% qcov
TALL-24-2-No|nifH|consensus50|strict_single_dominant	nifH|Mesorhizobium_sp._AaZ16|XIK06011.1	Mesorhizobium_sp._AaZ16	90.11	819	91.6107	NA	0	1064	Mesorhizobium	high_identity90_qcov80	yes	TALL-24-2-No|nifH|consensus50|strict_single_dominant | closest: Mesorhizobium_sp._AaZ16 | 90.1% id | 91.6% qcov
