source	destination
/Users/rosa/Desktop/ALLWork/Madison/Project/ryan-nitfix/intbio-nitfix-git/symbiosis_sorted_all_sample_consensus_sequences_50percent/code/gene_tree_pipelines/README.md	/Users/rosa/Desktop/ALLWork/Madison/Project/ryan-nitfix/intbio-nitfix-git/comparing_trees/code/gene_tree_pipelines/README.md
/Users/rosa/Desktop/ALLWork/Madison/Project/ryan-nitfix/intbio-nitfix-git/symbiosis_sorted_all_sample_consensus_sequences_50percent/code/gene_tree_pipelines/run_selected_step_for_genes.sh	/Users/rosa/Desktop/ALLWork/Madison/Project/ryan-nitfix/intbio-nitfix-git/comparing_trees/code/gene_tree_pipelines/run_selected_step_for_genes.sh
/Users/rosa/Desktop/ALLWork/Madison/Project/ryan-nitfix/intbio-nitfix-git/symbiosis_sorted_all_sample_consensus_sequences_50percent/code/gene_tree_pipelines/noeB/07_check_noeB_tree_outputs.sh	/Users/rosa/Desktop/ALLWork/Madison/Project/ryan-nitfix/intbio-nitfix-git/comparing_trees/code/gene_tree_pipelines/noeB/07_check_noeB_tree_outputs.sh
/Users/rosa/Desktop/ALLWork/Madison/Project/ryan-nitfix/intbio-nitfix-git/symbiosis_sorted_all_sample_consensus_sequences_50percent/code/gene_tree_pipelines/noeB/02_run_noeB_consensus_consensus50.sh	/Users/rosa/Desktop/ALLWork/Madison/Project/ryan-nitfix/intbio-nitfix-git/comparing_trees/code/gene_tree_pipelines/noeB/02_run_noeB_consensus_consensus50.sh
/Users/rosa/Desktop/ALLWork/Madison/Project/ryan-nitfix/intbio-nitfix-git/symbiosis_sorted_all_sample_consensus_sequences_50percent/code/gene_tree_pipelines/noeB/04_build_noeB_strict_tree_nm5000_consensus50.sh	/Users/rosa/Desktop/ALLWork/Madison/Project/ryan-nitfix/intbio-nitfix-git/comparing_trees/code/gene_tree_pipelines/noeB/04_build_noeB_strict_tree_nm5000_consensus50.sh
/Users/rosa/Desktop/ALLWork/Madison/Project/ryan-nitfix/intbio-nitfix-git/symbiosis_sorted_all_sample_consensus_sequences_50percent/code/gene_tree_pipelines/noeB/01_extract_noeB_consensus_consensus50.py	/Users/rosa/Desktop/ALLWork/Madison/Project/ryan-nitfix/intbio-nitfix-git/comparing_trees/code/gene_tree_pipelines/noeB/01_extract_noeB_consensus_consensus50.py
/Users/rosa/Desktop/ALLWork/Madison/Project/ryan-nitfix/intbio-nitfix-git/symbiosis_sorted_all_sample_consensus_sequences_50percent/code/gene_tree_pipelines/noeB/06_blast_noeB_consensus_to_taxon_reference.sh	/Users/rosa/Desktop/ALLWork/Madison/Project/ryan-nitfix/intbio-nitfix-git/comparing_trees/code/gene_tree_pipelines/noeB/06_blast_noeB_consensus_to_taxon_reference.sh
/Users/rosa/Desktop/ALLWork/Madison/Project/ryan-nitfix/intbio-nitfix-git/symbiosis_sorted_all_sample_consensus_sequences_50percent/code/gene_tree_pipelines/noeB/README.md	/Users/rosa/Desktop/ALLWork/Madison/Project/ryan-nitfix/intbio-nitfix-git/comparing_trees/code/gene_tree_pipelines/noeB/README.md
/Users/rosa/Desktop/ALLWork/Madison/Project/ryan-nitfix/intbio-nitfix-git/symbiosis_sorted_all_sample_consensus_sequences_50percent/code/gene_tree_pipelines/noeB/05_build_noeB_iupac_tree_nm5000_consensus50.sh	/Users/rosa/Desktop/ALLWork/Madison/Project/ryan-nitfix/intbio-nitfix-git/comparing_trees/code/gene_tree_pipelines/noeB/05_build_noeB_iupac_tree_nm5000_consensus50.sh
/Users/rosa/Desktop/ALLWork/Madison/Project/ryan-nitfix/intbio-nitfix-git/symbiosis_sorted_all_sample_consensus_sequences_50percent/code/gene_tree_pipelines/noeB/03_align_noeB_consensus50_with_mafft.sh	/Users/rosa/Desktop/ALLWork/Madison/Project/ryan-nitfix/intbio-nitfix-git/comparing_trees/code/gene_tree_pipelines/noeB/03_align_noeB_consensus50_with_mafft.sh
/Users/rosa/Desktop/ALLWork/Madison/Project/ryan-nitfix/intbio-nitfix-git/symbiosis_sorted_all_sample_consensus_sequences_50percent/code/gene_tree_pipelines/nifH/01_extract_nifH_consensus_consensus50.py	/Users/rosa/Desktop/ALLWork/Madison/Project/ryan-nitfix/intbio-nitfix-git/comparing_trees/code/gene_tree_pipelines/nifH/01_extract_nifH_consensus_consensus50.py
/Users/rosa/Desktop/ALLWork/Madison/Project/ryan-nitfix/intbio-nitfix-git/symbiosis_sorted_all_sample_consensus_sequences_50percent/code/gene_tree_pipelines/nifH/07_check_nifH_tree_outputs.sh	/Users/rosa/Desktop/ALLWork/Madison/Project/ryan-nitfix/intbio-nitfix-git/comparing_trees/code/gene_tree_pipelines/nifH/07_check_nifH_tree_outputs.sh
/Users/rosa/Desktop/ALLWork/Madison/Project/ryan-nitfix/intbio-nitfix-git/symbiosis_sorted_all_sample_consensus_sequences_50percent/code/gene_tree_pipelines/nifH/05_build_nifH_iupac_tree_nm5000_consensus50.sh	/Users/rosa/Desktop/ALLWork/Madison/Project/ryan-nitfix/intbio-nitfix-git/comparing_trees/code/gene_tree_pipelines/nifH/05_build_nifH_iupac_tree_nm5000_consensus50.sh
/Users/rosa/Desktop/ALLWork/Madison/Project/ryan-nitfix/intbio-nitfix-git/symbiosis_sorted_all_sample_consensus_sequences_50percent/code/gene_tree_pipelines/nifH/02_run_nifH_consensus_consensus50.sh	/Users/rosa/Desktop/ALLWork/Madison/Project/ryan-nitfix/intbio-nitfix-git/comparing_trees/code/gene_tree_pipelines/nifH/02_run_nifH_consensus_consensus50.sh
/Users/rosa/Desktop/ALLWork/Madison/Project/ryan-nitfix/intbio-nitfix-git/symbiosis_sorted_all_sample_consensus_sequences_50percent/code/gene_tree_pipelines/nifH/04_build_nifH_strict_tree_nm5000_consensus50.sh	/Users/rosa/Desktop/ALLWork/Madison/Project/ryan-nitfix/intbio-nitfix-git/comparing_trees/code/gene_tree_pipelines/nifH/04_build_nifH_strict_tree_nm5000_consensus50.sh
/Users/rosa/Desktop/ALLWork/Madison/Project/ryan-nitfix/intbio-nitfix-git/symbiosis_sorted_all_sample_consensus_sequences_50percent/code/gene_tree_pipelines/nifH/06_blast_nifH_consensus_to_taxon_reference.sh	/Users/rosa/Desktop/ALLWork/Madison/Project/ryan-nitfix/intbio-nitfix-git/comparing_trees/code/gene_tree_pipelines/nifH/06_blast_nifH_consensus_to_taxon_reference.sh
/Users/rosa/Desktop/ALLWork/Madison/Project/ryan-nitfix/intbio-nitfix-git/symbiosis_sorted_all_sample_consensus_sequences_50percent/code/gene_tree_pipelines/nifH/README.md	/Users/rosa/Desktop/ALLWork/Madison/Project/ryan-nitfix/intbio-nitfix-git/comparing_trees/code/gene_tree_pipelines/nifH/README.md
/Users/rosa/Desktop/ALLWork/Madison/Project/ryan-nitfix/intbio-nitfix-git/symbiosis_sorted_all_sample_consensus_sequences_50percent/code/gene_tree_pipelines/nifH/03_align_nifH_consensus50_with_mafft.sh	/Users/rosa/Desktop/ALLWork/Madison/Project/ryan-nitfix/intbio-nitfix-git/comparing_trees/code/gene_tree_pipelines/nifH/03_align_nifH_consensus50_with_mafft.sh
/Users/rosa/Desktop/ALLWork/Madison/Project/ryan-nitfix/intbio-nitfix-git/symbiosis_sorted_all_sample_consensus_sequences_50percent/code/gene_tree_pipelines/nolG/04_build_nolG_strict_tree_nm5000_consensus50.sh	/Users/rosa/Desktop/ALLWork/Madison/Project/ryan-nitfix/intbio-nitfix-git/comparing_trees/code/gene_tree_pipelines/nolG/04_build_nolG_strict_tree_nm5000_consensus50.sh
/Users/rosa/Desktop/ALLWork/Madison/Project/ryan-nitfix/intbio-nitfix-git/symbiosis_sorted_all_sample_consensus_sequences_50percent/code/gene_tree_pipelines/nolG/03_align_nolG_consensus50_with_mafft.sh	/Users/rosa/Desktop/ALLWork/Madison/Project/ryan-nitfix/intbio-nitfix-git/comparing_trees/code/gene_tree_pipelines/nolG/03_align_nolG_consensus50_with_mafft.sh
/Users/rosa/Desktop/ALLWork/Madison/Project/ryan-nitfix/intbio-nitfix-git/symbiosis_sorted_all_sample_consensus_sequences_50percent/code/gene_tree_pipelines/nolG/07_check_nolG_tree_outputs.sh	/Users/rosa/Desktop/ALLWork/Madison/Project/ryan-nitfix/intbio-nitfix-git/comparing_trees/code/gene_tree_pipelines/nolG/07_check_nolG_tree_outputs.sh
/Users/rosa/Desktop/ALLWork/Madison/Project/ryan-nitfix/intbio-nitfix-git/symbiosis_sorted_all_sample_consensus_sequences_50percent/code/gene_tree_pipelines/nolG/README.md	/Users/rosa/Desktop/ALLWork/Madison/Project/ryan-nitfix/intbio-nitfix-git/comparing_trees/code/gene_tree_pipelines/nolG/README.md
/Users/rosa/Desktop/ALLWork/Madison/Project/ryan-nitfix/intbio-nitfix-git/symbiosis_sorted_all_sample_consensus_sequences_50percent/code/gene_tree_pipelines/nolG/05_build_nolG_iupac_tree_nm5000_consensus50.sh	/Users/rosa/Desktop/ALLWork/Madison/Project/ryan-nitfix/intbio-nitfix-git/comparing_trees/code/gene_tree_pipelines/nolG/05_build_nolG_iupac_tree_nm5000_consensus50.sh
/Users/rosa/Desktop/ALLWork/Madison/Project/ryan-nitfix/intbio-nitfix-git/symbiosis_sorted_all_sample_consensus_sequences_50percent/code/gene_tree_pipelines/nolG/02_run_nolG_consensus_consensus50.sh	/Users/rosa/Desktop/ALLWork/Madison/Project/ryan-nitfix/intbio-nitfix-git/comparing_trees/code/gene_tree_pipelines/nolG/02_run_nolG_consensus_consensus50.sh
/Users/rosa/Desktop/ALLWork/Madison/Project/ryan-nitfix/intbio-nitfix-git/symbiosis_sorted_all_sample_consensus_sequences_50percent/code/gene_tree_pipelines/nolG/06_blast_nolG_consensus_to_taxon_reference.sh	/Users/rosa/Desktop/ALLWork/Madison/Project/ryan-nitfix/intbio-nitfix-git/comparing_trees/code/gene_tree_pipelines/nolG/06_blast_nolG_consensus_to_taxon_reference.sh
/Users/rosa/Desktop/ALLWork/Madison/Project/ryan-nitfix/intbio-nitfix-git/symbiosis_sorted_all_sample_consensus_sequences_50percent/code/gene_tree_pipelines/nolG/01_extract_nolG_consensus_consensus50.py	/Users/rosa/Desktop/ALLWork/Madison/Project/ryan-nitfix/intbio-nitfix-git/comparing_trees/code/gene_tree_pipelines/nolG/01_extract_nolG_consensus_consensus50.py
/Users/rosa/Desktop/ALLWork/Madison/Project/ryan-nitfix/intbio-nitfix-git/symbiosis_sorted_all_sample_consensus_sequences_50percent/code/gene_tree_pipelines/nifK/05_build_nifK_iupac_tree_nm5000_consensus50.sh	/Users/rosa/Desktop/ALLWork/Madison/Project/ryan-nitfix/intbio-nitfix-git/comparing_trees/code/gene_tree_pipelines/nifK/05_build_nifK_iupac_tree_nm5000_consensus50.sh
/Users/rosa/Desktop/ALLWork/Madison/Project/ryan-nitfix/intbio-nitfix-git/symbiosis_sorted_all_sample_consensus_sequences_50percent/code/gene_tree_pipelines/nifK/04_build_nifK_strict_tree_nm5000_consensus50.sh	/Users/rosa/Desktop/ALLWork/Madison/Project/ryan-nitfix/intbio-nitfix-git/comparing_trees/code/gene_tree_pipelines/nifK/04_build_nifK_strict_tree_nm5000_consensus50.sh
/Users/rosa/Desktop/ALLWork/Madison/Project/ryan-nitfix/intbio-nitfix-git/symbiosis_sorted_all_sample_consensus_sequences_50percent/code/gene_tree_pipelines/nifK/06_blast_nifK_consensus_to_taxon_reference.sh	/Users/rosa/Desktop/ALLWork/Madison/Project/ryan-nitfix/intbio-nitfix-git/comparing_trees/code/gene_tree_pipelines/nifK/06_blast_nifK_consensus_to_taxon_reference.sh
/Users/rosa/Desktop/ALLWork/Madison/Project/ryan-nitfix/intbio-nitfix-git/symbiosis_sorted_all_sample_consensus_sequences_50percent/code/gene_tree_pipelines/nifK/03_align_nifK_consensus50_with_mafft.sh	/Users/rosa/Desktop/ALLWork/Madison/Project/ryan-nitfix/intbio-nitfix-git/comparing_trees/code/gene_tree_pipelines/nifK/03_align_nifK_consensus50_with_mafft.sh
/Users/rosa/Desktop/ALLWork/Madison/Project/ryan-nitfix/intbio-nitfix-git/symbiosis_sorted_all_sample_consensus_sequences_50percent/code/gene_tree_pipelines/nifK/README.md	/Users/rosa/Desktop/ALLWork/Madison/Project/ryan-nitfix/intbio-nitfix-git/comparing_trees/code/gene_tree_pipelines/nifK/README.md
/Users/rosa/Desktop/ALLWork/Madison/Project/ryan-nitfix/intbio-nitfix-git/symbiosis_sorted_all_sample_consensus_sequences_50percent/code/gene_tree_pipelines/nifK/02_run_nifK_consensus_consensus50.sh	/Users/rosa/Desktop/ALLWork/Madison/Project/ryan-nitfix/intbio-nitfix-git/comparing_trees/code/gene_tree_pipelines/nifK/02_run_nifK_consensus_consensus50.sh
/Users/rosa/Desktop/ALLWork/Madison/Project/ryan-nitfix/intbio-nitfix-git/symbiosis_sorted_all_sample_consensus_sequences_50percent/code/gene_tree_pipelines/nifK/07_check_nifK_tree_outputs.sh	/Users/rosa/Desktop/ALLWork/Madison/Project/ryan-nitfix/intbio-nitfix-git/comparing_trees/code/gene_tree_pipelines/nifK/07_check_nifK_tree_outputs.sh
/Users/rosa/Desktop/ALLWork/Madison/Project/ryan-nitfix/intbio-nitfix-git/symbiosis_sorted_all_sample_consensus_sequences_50percent/code/gene_tree_pipelines/nifK/01_extract_nifK_consensus_consensus50.py	/Users/rosa/Desktop/ALLWork/Madison/Project/ryan-nitfix/intbio-nitfix-git/comparing_trees/code/gene_tree_pipelines/nifK/01_extract_nifK_consensus_consensus50.py
/Users/rosa/Desktop/ALLWork/Madison/Project/ryan-nitfix/intbio-nitfix-git/symbiosis_sorted_all_sample_consensus_sequences_50percent/code/gene_tree_pipelines/noeA/06_blast_noeA_consensus_to_taxon_reference.sh	/Users/rosa/Desktop/ALLWork/Madison/Project/ryan-nitfix/intbio-nitfix-git/comparing_trees/code/gene_tree_pipelines/noeA/06_blast_noeA_consensus_to_taxon_reference.sh
/Users/rosa/Desktop/ALLWork/Madison/Project/ryan-nitfix/intbio-nitfix-git/symbiosis_sorted_all_sample_consensus_sequences_50percent/code/gene_tree_pipelines/noeA/04_build_noeA_strict_tree_nm5000_consensus50.sh	/Users/rosa/Desktop/ALLWork/Madison/Project/ryan-nitfix/intbio-nitfix-git/comparing_trees/code/gene_tree_pipelines/noeA/04_build_noeA_strict_tree_nm5000_consensus50.sh
/Users/rosa/Desktop/ALLWork/Madison/Project/ryan-nitfix/intbio-nitfix-git/symbiosis_sorted_all_sample_consensus_sequences_50percent/code/gene_tree_pipelines/noeA/03_align_noeA_consensus50_with_mafft.sh	/Users/rosa/Desktop/ALLWork/Madison/Project/ryan-nitfix/intbio-nitfix-git/comparing_trees/code/gene_tree_pipelines/noeA/03_align_noeA_consensus50_with_mafft.sh
/Users/rosa/Desktop/ALLWork/Madison/Project/ryan-nitfix/intbio-nitfix-git/symbiosis_sorted_all_sample_consensus_sequences_50percent/code/gene_tree_pipelines/noeA/README.md	/Users/rosa/Desktop/ALLWork/Madison/Project/ryan-nitfix/intbio-nitfix-git/comparing_trees/code/gene_tree_pipelines/noeA/README.md
/Users/rosa/Desktop/ALLWork/Madison/Project/ryan-nitfix/intbio-nitfix-git/symbiosis_sorted_all_sample_consensus_sequences_50percent/code/gene_tree_pipelines/noeA/05_build_noeA_iupac_tree_nm5000_consensus50.sh	/Users/rosa/Desktop/ALLWork/Madison/Project/ryan-nitfix/intbio-nitfix-git/comparing_trees/code/gene_tree_pipelines/noeA/05_build_noeA_iupac_tree_nm5000_consensus50.sh
/Users/rosa/Desktop/ALLWork/Madison/Project/ryan-nitfix/intbio-nitfix-git/symbiosis_sorted_all_sample_consensus_sequences_50percent/code/gene_tree_pipelines/noeA/07_check_noeA_tree_outputs.sh	/Users/rosa/Desktop/ALLWork/Madison/Project/ryan-nitfix/intbio-nitfix-git/comparing_trees/code/gene_tree_pipelines/noeA/07_check_noeA_tree_outputs.sh
/Users/rosa/Desktop/ALLWork/Madison/Project/ryan-nitfix/intbio-nitfix-git/symbiosis_sorted_all_sample_consensus_sequences_50percent/code/gene_tree_pipelines/noeA/01_extract_noeA_consensus_consensus50.py	/Users/rosa/Desktop/ALLWork/Madison/Project/ryan-nitfix/intbio-nitfix-git/comparing_trees/code/gene_tree_pipelines/noeA/01_extract_noeA_consensus_consensus50.py
/Users/rosa/Desktop/ALLWork/Madison/Project/ryan-nitfix/intbio-nitfix-git/symbiosis_sorted_all_sample_consensus_sequences_50percent/code/gene_tree_pipelines/noeA/02_run_noeA_consensus_consensus50.sh	/Users/rosa/Desktop/ALLWork/Madison/Project/ryan-nitfix/intbio-nitfix-git/comparing_trees/code/gene_tree_pipelines/noeA/02_run_noeA_consensus_consensus50.sh
/Users/rosa/Desktop/ALLWork/Madison/Project/ryan-nitfix/intbio-nitfix-git/symbiosis_sorted_all_sample_consensus_sequences_50percent/code/gene_tree_pipelines/nifJ/04_build_nifJ_strict_tree_nm5000_consensus50.sh	/Users/rosa/Desktop/ALLWork/Madison/Project/ryan-nitfix/intbio-nitfix-git/comparing_trees/code/gene_tree_pipelines/nifJ/04_build_nifJ_strict_tree_nm5000_consensus50.sh
/Users/rosa/Desktop/ALLWork/Madison/Project/ryan-nitfix/intbio-nitfix-git/symbiosis_sorted_all_sample_consensus_sequences_50percent/code/gene_tree_pipelines/nifJ/README.md	/Users/rosa/Desktop/ALLWork/Madison/Project/ryan-nitfix/intbio-nitfix-git/comparing_trees/code/gene_tree_pipelines/nifJ/README.md
/Users/rosa/Desktop/ALLWork/Madison/Project/ryan-nitfix/intbio-nitfix-git/symbiosis_sorted_all_sample_consensus_sequences_50percent/code/gene_tree_pipelines/nifJ/01_extract_nifJ_consensus_consensus50.py	/Users/rosa/Desktop/ALLWork/Madison/Project/ryan-nitfix/intbio-nitfix-git/comparing_trees/code/gene_tree_pipelines/nifJ/01_extract_nifJ_consensus_consensus50.py
/Users/rosa/Desktop/ALLWork/Madison/Project/ryan-nitfix/intbio-nitfix-git/symbiosis_sorted_all_sample_consensus_sequences_50percent/code/gene_tree_pipelines/nifJ/07_check_nifJ_tree_outputs.sh	/Users/rosa/Desktop/ALLWork/Madison/Project/ryan-nitfix/intbio-nitfix-git/comparing_trees/code/gene_tree_pipelines/nifJ/07_check_nifJ_tree_outputs.sh
/Users/rosa/Desktop/ALLWork/Madison/Project/ryan-nitfix/intbio-nitfix-git/symbiosis_sorted_all_sample_consensus_sequences_50percent/code/gene_tree_pipelines/nifJ/03_align_nifJ_consensus50_with_mafft.sh	/Users/rosa/Desktop/ALLWork/Madison/Project/ryan-nitfix/intbio-nitfix-git/comparing_trees/code/gene_tree_pipelines/nifJ/03_align_nifJ_consensus50_with_mafft.sh
/Users/rosa/Desktop/ALLWork/Madison/Project/ryan-nitfix/intbio-nitfix-git/symbiosis_sorted_all_sample_consensus_sequences_50percent/code/gene_tree_pipelines/nifJ/05_build_nifJ_iupac_tree_nm5000_consensus50.sh	/Users/rosa/Desktop/ALLWork/Madison/Project/ryan-nitfix/intbio-nitfix-git/comparing_trees/code/gene_tree_pipelines/nifJ/05_build_nifJ_iupac_tree_nm5000_consensus50.sh
/Users/rosa/Desktop/ALLWork/Madison/Project/ryan-nitfix/intbio-nitfix-git/symbiosis_sorted_all_sample_consensus_sequences_50percent/code/gene_tree_pipelines/nifJ/02_run_nifJ_consensus_consensus50.sh	/Users/rosa/Desktop/ALLWork/Madison/Project/ryan-nitfix/intbio-nitfix-git/comparing_trees/code/gene_tree_pipelines/nifJ/02_run_nifJ_consensus_consensus50.sh
/Users/rosa/Desktop/ALLWork/Madison/Project/ryan-nitfix/intbio-nitfix-git/symbiosis_sorted_all_sample_consensus_sequences_50percent/code/gene_tree_pipelines/nifJ/06_blast_nifJ_consensus_to_taxon_reference.sh	/Users/rosa/Desktop/ALLWork/Madison/Project/ryan-nitfix/intbio-nitfix-git/comparing_trees/code/gene_tree_pipelines/nifJ/06_blast_nifJ_consensus_to_taxon_reference.sh
/Users/rosa/Desktop/ALLWork/Madison/Project/ryan-nitfix/intbio-nitfix-git/symbiosis_sorted_all_sample_consensus_sequences_50percent/code/gene_tree_pipelines/nifD/04_build_nifD_strict_tree_nm5000_consensus50.sh	/Users/rosa/Desktop/ALLWork/Madison/Project/ryan-nitfix/intbio-nitfix-git/comparing_trees/code/gene_tree_pipelines/nifD/04_build_nifD_strict_tree_nm5000_consensus50.sh
/Users/rosa/Desktop/ALLWork/Madison/Project/ryan-nitfix/intbio-nitfix-git/symbiosis_sorted_all_sample_consensus_sequences_50percent/code/gene_tree_pipelines/nifD/05_build_nifD_iupac_tree_nm5000_consensus50.sh	/Users/rosa/Desktop/ALLWork/Madison/Project/ryan-nitfix/intbio-nitfix-git/comparing_trees/code/gene_tree_pipelines/nifD/05_build_nifD_iupac_tree_nm5000_consensus50.sh
/Users/rosa/Desktop/ALLWork/Madison/Project/ryan-nitfix/intbio-nitfix-git/symbiosis_sorted_all_sample_consensus_sequences_50percent/code/gene_tree_pipelines/nifD/01_extract_nifD_consensus_consensus50.py	/Users/rosa/Desktop/ALLWork/Madison/Project/ryan-nitfix/intbio-nitfix-git/comparing_trees/code/gene_tree_pipelines/nifD/01_extract_nifD_consensus_consensus50.py
/Users/rosa/Desktop/ALLWork/Madison/Project/ryan-nitfix/intbio-nitfix-git/symbiosis_sorted_all_sample_consensus_sequences_50percent/code/gene_tree_pipelines/nifD/03_align_nifD_consensus50_with_mafft.sh	/Users/rosa/Desktop/ALLWork/Madison/Project/ryan-nitfix/intbio-nitfix-git/comparing_trees/code/gene_tree_pipelines/nifD/03_align_nifD_consensus50_with_mafft.sh
/Users/rosa/Desktop/ALLWork/Madison/Project/ryan-nitfix/intbio-nitfix-git/symbiosis_sorted_all_sample_consensus_sequences_50percent/code/gene_tree_pipelines/nifD/02_run_nifD_consensus_consensus50.sh	/Users/rosa/Desktop/ALLWork/Madison/Project/ryan-nitfix/intbio-nitfix-git/comparing_trees/code/gene_tree_pipelines/nifD/02_run_nifD_consensus_consensus50.sh
/Users/rosa/Desktop/ALLWork/Madison/Project/ryan-nitfix/intbio-nitfix-git/symbiosis_sorted_all_sample_consensus_sequences_50percent/code/gene_tree_pipelines/nifD/README.md	/Users/rosa/Desktop/ALLWork/Madison/Project/ryan-nitfix/intbio-nitfix-git/comparing_trees/code/gene_tree_pipelines/nifD/README.md
/Users/rosa/Desktop/ALLWork/Madison/Project/ryan-nitfix/intbio-nitfix-git/symbiosis_sorted_all_sample_consensus_sequences_50percent/code/gene_tree_pipelines/nifD/06_blast_nifD_consensus_to_taxon_reference.sh	/Users/rosa/Desktop/ALLWork/Madison/Project/ryan-nitfix/intbio-nitfix-git/comparing_trees/code/gene_tree_pipelines/nifD/06_blast_nifD_consensus_to_taxon_reference.sh
/Users/rosa/Desktop/ALLWork/Madison/Project/ryan-nitfix/intbio-nitfix-git/symbiosis_sorted_all_sample_consensus_sequences_50percent/code/gene_tree_pipelines/nifD/07_check_nifD_tree_outputs.sh	/Users/rosa/Desktop/ALLWork/Madison/Project/ryan-nitfix/intbio-nitfix-git/comparing_trees/code/gene_tree_pipelines/nifD/07_check_nifD_tree_outputs.sh
/Users/rosa/Desktop/ALLWork/Madison/Project/ryan-nitfix/intbio-nitfix-git/symbiosis_sorted_all_sample_consensus_sequences_50percent/code/gene_tree_pipelines/nolF/05_build_nolF_iupac_tree_nm5000_consensus50.sh	/Users/rosa/Desktop/ALLWork/Madison/Project/ryan-nitfix/intbio-nitfix-git/comparing_trees/code/gene_tree_pipelines/nolF/05_build_nolF_iupac_tree_nm5000_consensus50.sh
/Users/rosa/Desktop/ALLWork/Madison/Project/ryan-nitfix/intbio-nitfix-git/symbiosis_sorted_all_sample_consensus_sequences_50percent/code/gene_tree_pipelines/nolF/07_check_nolF_tree_outputs.sh	/Users/rosa/Desktop/ALLWork/Madison/Project/ryan-nitfix/intbio-nitfix-git/comparing_trees/code/gene_tree_pipelines/nolF/07_check_nolF_tree_outputs.sh
/Users/rosa/Desktop/ALLWork/Madison/Project/ryan-nitfix/intbio-nitfix-git/symbiosis_sorted_all_sample_consensus_sequences_50percent/code/gene_tree_pipelines/nolF/04_build_nolF_strict_tree_nm5000_consensus50.sh	/Users/rosa/Desktop/ALLWork/Madison/Project/ryan-nitfix/intbio-nitfix-git/comparing_trees/code/gene_tree_pipelines/nolF/04_build_nolF_strict_tree_nm5000_consensus50.sh
/Users/rosa/Desktop/ALLWork/Madison/Project/ryan-nitfix/intbio-nitfix-git/symbiosis_sorted_all_sample_consensus_sequences_50percent/code/gene_tree_pipelines/nolF/06_blast_nolF_consensus_to_taxon_reference.sh	/Users/rosa/Desktop/ALLWork/Madison/Project/ryan-nitfix/intbio-nitfix-git/comparing_trees/code/gene_tree_pipelines/nolF/06_blast_nolF_consensus_to_taxon_reference.sh
/Users/rosa/Desktop/ALLWork/Madison/Project/ryan-nitfix/intbio-nitfix-git/symbiosis_sorted_all_sample_consensus_sequences_50percent/code/gene_tree_pipelines/nolF/README.md	/Users/rosa/Desktop/ALLWork/Madison/Project/ryan-nitfix/intbio-nitfix-git/comparing_trees/code/gene_tree_pipelines/nolF/README.md
/Users/rosa/Desktop/ALLWork/Madison/Project/ryan-nitfix/intbio-nitfix-git/symbiosis_sorted_all_sample_consensus_sequences_50percent/code/gene_tree_pipelines/nolF/01_extract_nolF_consensus_consensus50.py	/Users/rosa/Desktop/ALLWork/Madison/Project/ryan-nitfix/intbio-nitfix-git/comparing_trees/code/gene_tree_pipelines/nolF/01_extract_nolF_consensus_consensus50.py
/Users/rosa/Desktop/ALLWork/Madison/Project/ryan-nitfix/intbio-nitfix-git/symbiosis_sorted_all_sample_consensus_sequences_50percent/code/gene_tree_pipelines/nolF/03_align_nolF_consensus50_with_mafft.sh	/Users/rosa/Desktop/ALLWork/Madison/Project/ryan-nitfix/intbio-nitfix-git/comparing_trees/code/gene_tree_pipelines/nolF/03_align_nolF_consensus50_with_mafft.sh
/Users/rosa/Desktop/ALLWork/Madison/Project/ryan-nitfix/intbio-nitfix-git/symbiosis_sorted_all_sample_consensus_sequences_50percent/code/gene_tree_pipelines/nolF/02_run_nolF_consensus_consensus50.sh	/Users/rosa/Desktop/ALLWork/Madison/Project/ryan-nitfix/intbio-nitfix-git/comparing_trees/code/gene_tree_pipelines/nolF/02_run_nolF_consensus_consensus50.sh
/Users/rosa/Desktop/ALLWork/Madison/Project/ryan-nitfix/intbio-nitfix-git/symbiosis_sorted_all_sample_consensus_sequences_50percent/code/gene_tree_pipelines/nodX/05_build_nodX_iupac_tree_nm5000_consensus50.sh	/Users/rosa/Desktop/ALLWork/Madison/Project/ryan-nitfix/intbio-nitfix-git/comparing_trees/code/gene_tree_pipelines/nodX/05_build_nodX_iupac_tree_nm5000_consensus50.sh
/Users/rosa/Desktop/ALLWork/Madison/Project/ryan-nitfix/intbio-nitfix-git/symbiosis_sorted_all_sample_consensus_sequences_50percent/code/gene_tree_pipelines/nodX/06_blast_nodX_consensus_to_taxon_reference.sh	/Users/rosa/Desktop/ALLWork/Madison/Project/ryan-nitfix/intbio-nitfix-git/comparing_trees/code/gene_tree_pipelines/nodX/06_blast_nodX_consensus_to_taxon_reference.sh
/Users/rosa/Desktop/ALLWork/Madison/Project/ryan-nitfix/intbio-nitfix-git/symbiosis_sorted_all_sample_consensus_sequences_50percent/code/gene_tree_pipelines/nodX/07_check_nodX_tree_outputs.sh	/Users/rosa/Desktop/ALLWork/Madison/Project/ryan-nitfix/intbio-nitfix-git/comparing_trees/code/gene_tree_pipelines/nodX/07_check_nodX_tree_outputs.sh
/Users/rosa/Desktop/ALLWork/Madison/Project/ryan-nitfix/intbio-nitfix-git/symbiosis_sorted_all_sample_consensus_sequences_50percent/code/gene_tree_pipelines/nodX/02_run_nodX_consensus_consensus50.sh	/Users/rosa/Desktop/ALLWork/Madison/Project/ryan-nitfix/intbio-nitfix-git/comparing_trees/code/gene_tree_pipelines/nodX/02_run_nodX_consensus_consensus50.sh
/Users/rosa/Desktop/ALLWork/Madison/Project/ryan-nitfix/intbio-nitfix-git/symbiosis_sorted_all_sample_consensus_sequences_50percent/code/gene_tree_pipelines/nodX/03_align_nodX_consensus50_with_mafft.sh	/Users/rosa/Desktop/ALLWork/Madison/Project/ryan-nitfix/intbio-nitfix-git/comparing_trees/code/gene_tree_pipelines/nodX/03_align_nodX_consensus50_with_mafft.sh
/Users/rosa/Desktop/ALLWork/Madison/Project/ryan-nitfix/intbio-nitfix-git/symbiosis_sorted_all_sample_consensus_sequences_50percent/code/gene_tree_pipelines/nodX/01_extract_nodX_consensus_consensus50.py	/Users/rosa/Desktop/ALLWork/Madison/Project/ryan-nitfix/intbio-nitfix-git/comparing_trees/code/gene_tree_pipelines/nodX/01_extract_nodX_consensus_consensus50.py
/Users/rosa/Desktop/ALLWork/Madison/Project/ryan-nitfix/intbio-nitfix-git/symbiosis_sorted_all_sample_consensus_sequences_50percent/code/gene_tree_pipelines/nodX/README.md	/Users/rosa/Desktop/ALLWork/Madison/Project/ryan-nitfix/intbio-nitfix-git/comparing_trees/code/gene_tree_pipelines/nodX/README.md
/Users/rosa/Desktop/ALLWork/Madison/Project/ryan-nitfix/intbio-nitfix-git/symbiosis_sorted_all_sample_consensus_sequences_50percent/code/gene_tree_pipelines/nodX/04_build_nodX_strict_tree_nm5000_consensus50.sh	/Users/rosa/Desktop/ALLWork/Madison/Project/ryan-nitfix/intbio-nitfix-git/comparing_trees/code/gene_tree_pipelines/nodX/04_build_nodX_strict_tree_nm5000_consensus50.sh
/Users/rosa/Desktop/ALLWork/Madison/Project/ryan-nitfix/intbio-nitfix-git/symbiosis_sorted_all_sample_consensus_sequences_50percent/code/gene_tree_pipelines/nodL/07_check_nodL_tree_outputs.sh	/Users/rosa/Desktop/ALLWork/Madison/Project/ryan-nitfix/intbio-nitfix-git/comparing_trees/code/gene_tree_pipelines/nodL/07_check_nodL_tree_outputs.sh
/Users/rosa/Desktop/ALLWork/Madison/Project/ryan-nitfix/intbio-nitfix-git/symbiosis_sorted_all_sample_consensus_sequences_50percent/code/gene_tree_pipelines/nodL/03_align_nodL_consensus50_with_mafft.sh	/Users/rosa/Desktop/ALLWork/Madison/Project/ryan-nitfix/intbio-nitfix-git/comparing_trees/code/gene_tree_pipelines/nodL/03_align_nodL_consensus50_with_mafft.sh
/Users/rosa/Desktop/ALLWork/Madison/Project/ryan-nitfix/intbio-nitfix-git/symbiosis_sorted_all_sample_consensus_sequences_50percent/code/gene_tree_pipelines/nodL/01_extract_nodL_consensus_consensus50.py	/Users/rosa/Desktop/ALLWork/Madison/Project/ryan-nitfix/intbio-nitfix-git/comparing_trees/code/gene_tree_pipelines/nodL/01_extract_nodL_consensus_consensus50.py
/Users/rosa/Desktop/ALLWork/Madison/Project/ryan-nitfix/intbio-nitfix-git/symbiosis_sorted_all_sample_consensus_sequences_50percent/code/gene_tree_pipelines/nodL/02_run_nodL_consensus_consensus50.sh	/Users/rosa/Desktop/ALLWork/Madison/Project/ryan-nitfix/intbio-nitfix-git/comparing_trees/code/gene_tree_pipelines/nodL/02_run_nodL_consensus_consensus50.sh
/Users/rosa/Desktop/ALLWork/Madison/Project/ryan-nitfix/intbio-nitfix-git/symbiosis_sorted_all_sample_consensus_sequences_50percent/code/gene_tree_pipelines/nodL/05_build_nodL_iupac_tree_nm5000_consensus50.sh	/Users/rosa/Desktop/ALLWork/Madison/Project/ryan-nitfix/intbio-nitfix-git/comparing_trees/code/gene_tree_pipelines/nodL/05_build_nodL_iupac_tree_nm5000_consensus50.sh
/Users/rosa/Desktop/ALLWork/Madison/Project/ryan-nitfix/intbio-nitfix-git/symbiosis_sorted_all_sample_consensus_sequences_50percent/code/gene_tree_pipelines/nodL/04_build_nodL_strict_tree_nm5000_consensus50.sh	/Users/rosa/Desktop/ALLWork/Madison/Project/ryan-nitfix/intbio-nitfix-git/comparing_trees/code/gene_tree_pipelines/nodL/04_build_nodL_strict_tree_nm5000_consensus50.sh
/Users/rosa/Desktop/ALLWork/Madison/Project/ryan-nitfix/intbio-nitfix-git/symbiosis_sorted_all_sample_consensus_sequences_50percent/code/gene_tree_pipelines/nodL/README.md	/Users/rosa/Desktop/ALLWork/Madison/Project/ryan-nitfix/intbio-nitfix-git/comparing_trees/code/gene_tree_pipelines/nodL/README.md
/Users/rosa/Desktop/ALLWork/Madison/Project/ryan-nitfix/intbio-nitfix-git/symbiosis_sorted_all_sample_consensus_sequences_50percent/code/gene_tree_pipelines/nodL/06_blast_nodL_consensus_to_taxon_reference.sh	/Users/rosa/Desktop/ALLWork/Madison/Project/ryan-nitfix/intbio-nitfix-git/comparing_trees/code/gene_tree_pipelines/nodL/06_blast_nodL_consensus_to_taxon_reference.sh
/Users/rosa/Desktop/ALLWork/Madison/Project/ryan-nitfix/Rcode/01_compare_functional_gene_trees_consensus50.R	/Users/rosa/Desktop/ALLWork/Madison/Project/ryan-nitfix/intbio-nitfix-git/comparing_trees/code/Rcode/01_compare_functional_gene_trees_consensus50.R
/Users/rosa/Desktop/ALLWork/Madison/Project/ryan-nitfix/Rcode/02_metadata_and_report_comparisons_consensus50.R	/Users/rosa/Desktop/ALLWork/Madison/Project/ryan-nitfix/intbio-nitfix-git/comparing_trees/code/Rcode/02_metadata_and_report_comparisons_consensus50.R
/Users/rosa/Desktop/ALLWork/Madison/Project/ryan-nitfix/Rcode/18_make_itol_metadata_annotations.R	/Users/rosa/Desktop/ALLWork/Madison/Project/ryan-nitfix/intbio-nitfix-git/comparing_trees/code/Rcode/18_make_itol_metadata_annotations.R
/Users/rosa/Desktop/ALLWork/Madison/Project/ryan-nitfix/Rcode/21_make_nifH_blast_taxon_itol_annotations.R	/Users/rosa/Desktop/ALLWork/Madison/Project/ryan-nitfix/intbio-nitfix-git/comparing_trees/code/Rcode/21_make_nifH_blast_taxon_itol_annotations.R
/Users/rosa/Desktop/ALLWork/Madison/Project/ryan-nitfix/Rcode/25_make_iupac_nm5000_blast_taxon_itol_annotations.R	/Users/rosa/Desktop/ALLWork/Madison/Project/ryan-nitfix/intbio-nitfix-git/comparing_trees/code/Rcode/25_make_iupac_nm5000_blast_taxon_itol_annotations.R
/Users/rosa/Desktop/ALLWork/Madison/Project/ryan-nitfix/Rcode/27_make_strict_pct60_blast_taxon_itol_annotations.R	/Users/rosa/Desktop/ALLWork/Madison/Project/ryan-nitfix/intbio-nitfix-git/comparing_trees/code/Rcode/27_make_strict_pct60_blast_taxon_itol_annotations.R
/Users/rosa/Desktop/ALLWork/Madison/Project/ryan-nitfix/intbio-nitfix-git/symbiosis_sorted_all_sample_consensus_sequences_50percent/report/analysis_report_10_genes_consensus50.md	/Users/rosa/Desktop/ALLWork/Madison/Project/ryan-nitfix/intbio-nitfix-git/comparing_trees/report/analysis_report_10_genes_consensus50.md
/Users/rosa/Desktop/ALLWork/Madison/Project/ryan-nitfix/intbio-nitfix-git/symbiosis_sorted_all_sample_consensus_sequences_50percent/report/analysis_report.md	/Users/rosa/Desktop/ALLWork/Madison/Project/ryan-nitfix/intbio-nitfix-git/comparing_trees/report/previous_nifH_analysis_report.md
/Users/rosa/Desktop/ALLWork/Madison/Project/ryan-nitfix/intbio-nitfix-git/symbiosis_sorted_all_sample_consensus_sequences_50percent/result/comparative_tree_analysis/tables/11a_blast_assignment_rows_available_files.tsv	/Users/rosa/Desktop/ALLWork/Madison/Project/ryan-nitfix/intbio-nitfix-git/comparing_trees/result/comparative_tree_analysis/tables/11a_blast_assignment_rows_available_files.tsv
/Users/rosa/Desktop/ALLWork/Madison/Project/ryan-nitfix/intbio-nitfix-git/symbiosis_sorted_all_sample_consensus_sequences_50percent/result/comparative_tree_analysis/tables/02_coverage_by_gene_and_sample_type_pct80_depth10.tsv	/Users/rosa/Desktop/ALLWork/Madison/Project/ryan-nitfix/intbio-nitfix-git/comparing_trees/result/comparative_tree_analysis/tables/02_coverage_by_gene_and_sample_type_pct80_depth10.tsv
/Users/rosa/Desktop/ALLWork/Madison/Project/ryan-nitfix/intbio-nitfix-git/symbiosis_sorted_all_sample_consensus_sequences_50percent/result/comparative_tree_analysis/tables/00_comparative_analysis_output_index.tsv	/Users/rosa/Desktop/ALLWork/Madison/Project/ryan-nitfix/intbio-nitfix-git/comparing_trees/result/comparative_tree_analysis/tables/00_comparative_analysis_output_index.tsv
/Users/rosa/Desktop/ALLWork/Madison/Project/ryan-nitfix/intbio-nitfix-git/symbiosis_sorted_all_sample_consensus_sequences_50percent/result/comparative_tree_analysis/tables/11_blast_closest_genus_summary_available_files.tsv	/Users/rosa/Desktop/ALLWork/Madison/Project/ryan-nitfix/intbio-nitfix-git/comparing_trees/result/comparative_tree_analysis/tables/11_blast_closest_genus_summary_available_files.tsv
/Users/rosa/Desktop/ALLWork/Madison/Project/ryan-nitfix/intbio-nitfix-git/symbiosis_sorted_all_sample_consensus_sequences_50percent/result/comparative_tree_analysis/tables/11b_blast_assignment_rows_deduplicated_strict_iupac.tsv	/Users/rosa/Desktop/ALLWork/Madison/Project/ryan-nitfix/intbio-nitfix-git/comparing_trees/result/comparative_tree_analysis/tables/11b_blast_assignment_rows_deduplicated_strict_iupac.tsv
/Users/rosa/Desktop/ALLWork/Madison/Project/ryan-nitfix/intbio-nitfix-git/symbiosis_sorted_all_sample_consensus_sequences_50percent/result/comparative_tree_analysis/tables/10b_top_gene_recovery_combinations_pct80_depth10.tsv	/Users/rosa/Desktop/ALLWork/Madison/Project/ryan-nitfix/intbio-nitfix-git/comparing_trees/result/comparative_tree_analysis/tables/10b_top_gene_recovery_combinations_pct80_depth10.tsv
/Users/rosa/Desktop/ALLWork/Madison/Project/ryan-nitfix/intbio-nitfix-git/symbiosis_sorted_all_sample_consensus_sequences_50percent/result/comparative_tree_analysis/tables/09_sample_overlap_good_genes_pct80_depth10.tsv	/Users/rosa/Desktop/ALLWork/Madison/Project/ryan-nitfix/intbio-nitfix-git/comparing_trees/result/comparative_tree_analysis/tables/09_sample_overlap_good_genes_pct80_depth10.tsv
/Users/rosa/Desktop/ALLWork/Madison/Project/ryan-nitfix/intbio-nitfix-git/symbiosis_sorted_all_sample_consensus_sequences_50percent/result/comparative_tree_analysis/tables/04_consensus_qc_status_summary_wide.tsv	/Users/rosa/Desktop/ALLWork/Madison/Project/ryan-nitfix/intbio-nitfix-git/comparing_trees/result/comparative_tree_analysis/tables/04_consensus_qc_status_summary_wide.tsv
/Users/rosa/Desktop/ALLWork/Madison/Project/ryan-nitfix/intbio-nitfix-git/symbiosis_sorted_all_sample_consensus_sequences_50percent/result/comparative_tree_analysis/tables/10c_gene_recovery_combinations_by_sample_type_pct80_depth10.tsv	/Users/rosa/Desktop/ALLWork/Madison/Project/ryan-nitfix/intbio-nitfix-git/comparing_trees/result/comparative_tree_analysis/tables/10c_gene_recovery_combinations_by_sample_type_pct80_depth10.tsv
/Users/rosa/Desktop/ALLWork/Madison/Project/ryan-nitfix/intbio-nitfix-git/symbiosis_sorted_all_sample_consensus_sequences_50percent/result/comparative_tree_analysis/tables/06_strict_tree_summary.tsv	/Users/rosa/Desktop/ALLWork/Madison/Project/ryan-nitfix/intbio-nitfix-git/comparing_trees/result/comparative_tree_analysis/tables/06_strict_tree_summary.tsv
/Users/rosa/Desktop/ALLWork/Madison/Project/ryan-nitfix/intbio-nitfix-git/symbiosis_sorted_all_sample_consensus_sequences_50percent/result/comparative_tree_analysis/tables/05_tree_summary_strict_and_mixed_iupac.tsv	/Users/rosa/Desktop/ALLWork/Madison/Project/ryan-nitfix/intbio-nitfix-git/comparing_trees/result/comparative_tree_analysis/tables/05_tree_summary_strict_and_mixed_iupac.tsv
/Users/rosa/Desktop/ALLWork/Madison/Project/ryan-nitfix/intbio-nitfix-git/symbiosis_sorted_all_sample_consensus_sequences_50percent/result/comparative_tree_analysis/tables/08_alignment_sequence_composition.tsv	/Users/rosa/Desktop/ALLWork/Madison/Project/ryan-nitfix/intbio-nitfix-git/comparing_trees/result/comparative_tree_analysis/tables/08_alignment_sequence_composition.tsv
/Users/rosa/Desktop/ALLWork/Madison/Project/ryan-nitfix/intbio-nitfix-git/symbiosis_sorted_all_sample_consensus_sequences_50percent/result/comparative_tree_analysis/tables/03_consensus_qc_status_summary_long.tsv	/Users/rosa/Desktop/ALLWork/Madison/Project/ryan-nitfix/intbio-nitfix-git/comparing_trees/result/comparative_tree_analysis/tables/03_consensus_qc_status_summary_long.tsv
/Users/rosa/Desktop/ALLWork/Madison/Project/ryan-nitfix/intbio-nitfix-git/symbiosis_sorted_all_sample_consensus_sequences_50percent/result/comparative_tree_analysis/tables/12_blast_closest_genus_summary_grouped_min5.tsv	/Users/rosa/Desktop/ALLWork/Madison/Project/ryan-nitfix/intbio-nitfix-git/comparing_trees/result/comparative_tree_analysis/tables/12_blast_closest_genus_summary_grouped_min5.tsv
/Users/rosa/Desktop/ALLWork/Madison/Project/ryan-nitfix/intbio-nitfix-git/symbiosis_sorted_all_sample_consensus_sequences_50percent/result/comparative_tree_analysis/tables/10_sample_overlap_summary_by_sample_type.tsv	/Users/rosa/Desktop/ALLWork/Madison/Project/ryan-nitfix/intbio-nitfix-git/comparing_trees/result/comparative_tree_analysis/tables/10_sample_overlap_summary_by_sample_type.tsv
/Users/rosa/Desktop/ALLWork/Madison/Project/ryan-nitfix/intbio-nitfix-git/symbiosis_sorted_all_sample_consensus_sequences_50percent/result/comparative_tree_analysis/tables/07_mixed_iupac_tree_summary.tsv	/Users/rosa/Desktop/ALLWork/Madison/Project/ryan-nitfix/intbio-nitfix-git/comparing_trees/result/comparative_tree_analysis/tables/07_mixed_iupac_tree_summary.tsv
/Users/rosa/Desktop/ALLWork/Madison/Project/ryan-nitfix/intbio-nitfix-git/symbiosis_sorted_all_sample_consensus_sequences_50percent/result/comparative_tree_analysis/tables/10a_sample_gene_recovery_combinations_pct80_depth10.tsv	/Users/rosa/Desktop/ALLWork/Madison/Project/ryan-nitfix/intbio-nitfix-git/comparing_trees/result/comparative_tree_analysis/tables/10a_sample_gene_recovery_combinations_pct80_depth10.tsv
/Users/rosa/Desktop/ALLWork/Madison/Project/ryan-nitfix/intbio-nitfix-git/symbiosis_sorted_all_sample_consensus_sequences_50percent/result/comparative_tree_analysis/tables/01_coverage_summary_by_gene_pct80_depth10.tsv	/Users/rosa/Desktop/ALLWork/Madison/Project/ryan-nitfix/intbio-nitfix-git/comparing_trees/result/comparative_tree_analysis/tables/01_coverage_summary_by_gene_pct80_depth10.tsv
/Users/rosa/Desktop/ALLWork/Madison/Project/ryan-nitfix/intbio-nitfix-git/symbiosis_sorted_all_sample_consensus_sequences_50percent/result/comparative_tree_analysis/tables/11a_blast_source_file_row_counts.tsv	/Users/rosa/Desktop/ALLWork/Madison/Project/ryan-nitfix/intbio-nitfix-git/comparing_trees/result/comparative_tree_analysis/tables/11a_blast_source_file_row_counts.tsv
/Users/rosa/Desktop/ALLWork/Madison/Project/ryan-nitfix/intbio-nitfix-git/symbiosis_sorted_all_sample_consensus_sequences_50percent/result/comparative_tree_analysis/figures/06_alignment_composition_by_gene_tree_set.png	/Users/rosa/Desktop/ALLWork/Madison/Project/ryan-nitfix/intbio-nitfix-git/comparing_trees/result/comparative_tree_analysis/figures/06_alignment_composition_by_gene_tree_set.png
/Users/rosa/Desktop/ALLWork/Madison/Project/ryan-nitfix/intbio-nitfix-git/symbiosis_sorted_all_sample_consensus_sequences_50percent/result/comparative_tree_analysis/figures/01_good_coverage_samples_by_gene.png	/Users/rosa/Desktop/ALLWork/Madison/Project/ryan-nitfix/intbio-nitfix-git/comparing_trees/result/comparative_tree_analysis/figures/01_good_coverage_samples_by_gene.png
/Users/rosa/Desktop/ALLWork/Madison/Project/ryan-nitfix/intbio-nitfix-git/symbiosis_sorted_all_sample_consensus_sequences_50percent/result/comparative_tree_analysis/figures/07_top_closest_blast_genera_by_gene.png	/Users/rosa/Desktop/ALLWork/Madison/Project/ryan-nitfix/intbio-nitfix-git/comparing_trees/result/comparative_tree_analysis/figures/07_top_closest_blast_genera_by_gene.png
/Users/rosa/Desktop/ALLWork/Madison/Project/ryan-nitfix/intbio-nitfix-git/symbiosis_sorted_all_sample_consensus_sequences_50percent/result/comparative_tree_analysis/figures/05_samples_by_number_of_good_genes.png	/Users/rosa/Desktop/ALLWork/Madison/Project/ryan-nitfix/intbio-nitfix-git/comparing_trees/result/comparative_tree_analysis/figures/05_samples_by_number_of_good_genes.png
/Users/rosa/Desktop/ALLWork/Madison/Project/ryan-nitfix/intbio-nitfix-git/symbiosis_sorted_all_sample_consensus_sequences_50percent/result/comparative_tree_analysis/figures/02_coverage_heatmap_gene_by_sample_type.png	/Users/rosa/Desktop/ALLWork/Madison/Project/ryan-nitfix/intbio-nitfix-git/comparing_trees/result/comparative_tree_analysis/figures/02_coverage_heatmap_gene_by_sample_type.png
/Users/rosa/Desktop/ALLWork/Madison/Project/ryan-nitfix/intbio-nitfix-git/symbiosis_sorted_all_sample_consensus_sequences_50percent/result/comparative_tree_analysis/figures/05b_gene_recovery_combination_heatmap.png	/Users/rosa/Desktop/ALLWork/Madison/Project/ryan-nitfix/intbio-nitfix-git/comparing_trees/result/comparative_tree_analysis/figures/05b_gene_recovery_combination_heatmap.png
/Users/rosa/Desktop/ALLWork/Madison/Project/ryan-nitfix/intbio-nitfix-git/symbiosis_sorted_all_sample_consensus_sequences_50percent/result/comparative_tree_analysis/figures/04_bootstrap_convergence_by_gene_tree_set.png	/Users/rosa/Desktop/ALLWork/Madison/Project/ryan-nitfix/intbio-nitfix-git/comparing_trees/result/comparative_tree_analysis/figures/04_bootstrap_convergence_by_gene_tree_set.png
/Users/rosa/Desktop/ALLWork/Madison/Project/ryan-nitfix/intbio-nitfix-git/symbiosis_sorted_all_sample_consensus_sequences_50percent/result/comparative_tree_analysis/figures/03_strict_vs_mixed_tree_input_sequences.png	/Users/rosa/Desktop/ALLWork/Madison/Project/ryan-nitfix/intbio-nitfix-git/comparing_trees/result/comparative_tree_analysis/figures/03_strict_vs_mixed_tree_input_sequences.png
/Users/rosa/Desktop/ALLWork/Madison/Project/ryan-nitfix/intbio-nitfix-git/symbiosis_sorted_all_sample_consensus_sequences_50percent/result/comparative_tree_analysis/figures/05_top_gene_recovery_combinations.png	/Users/rosa/Desktop/ALLWork/Madison/Project/ryan-nitfix/intbio-nitfix-git/comparing_trees/result/comparative_tree_analysis/figures/05_top_gene_recovery_combinations.png
/Users/rosa/Desktop/ALLWork/Madison/Project/ryan-nitfix/intbio-nitfix-git/symbiosis_sorted_all_sample_consensus_sequences_50percent/result/comparative_tree_analysis/figures/08_blast_genus_by_gene_heatmap_min5.png	/Users/rosa/Desktop/ALLWork/Madison/Project/ryan-nitfix/intbio-nitfix-git/comparing_trees/result/comparative_tree_analysis/figures/08_blast_genus_by_gene_heatmap_min5.png
/Users/rosa/Desktop/ALLWork/Madison/Project/ryan-nitfix/intbio-nitfix-git/symbiosis_sorted_all_sample_consensus_sequences_50percent/result/metadata_tree_comparison/tables/01_gene_categories_for_report.tsv	/Users/rosa/Desktop/ALLWork/Madison/Project/ryan-nitfix/intbio-nitfix-git/comparing_trees/result/metadata_tree_comparison/tables/01_gene_categories_for_report.tsv
/Users/rosa/Desktop/ALLWork/Madison/Project/ryan-nitfix/intbio-nitfix-git/symbiosis_sorted_all_sample_consensus_sequences_50percent/result/metadata_tree_comparison/tables/02_gene_recovery_by_metadata_category_pct80_depth10.tsv	/Users/rosa/Desktop/ALLWork/Madison/Project/ryan-nitfix/intbio-nitfix-git/comparing_trees/result/metadata_tree_comparison/tables/02_gene_recovery_by_metadata_category_pct80_depth10.tsv
/Users/rosa/Desktop/ALLWork/Madison/Project/ryan-nitfix/intbio-nitfix-git/symbiosis_sorted_all_sample_consensus_sequences_50percent/result/metadata_tree_comparison/tables/04_blast_closest_genus_by_gene_sample_type.tsv	/Users/rosa/Desktop/ALLWork/Madison/Project/ryan-nitfix/intbio-nitfix-git/comparing_trees/result/metadata_tree_comparison/tables/04_blast_closest_genus_by_gene_sample_type.tsv
/Users/rosa/Desktop/ALLWork/Madison/Project/ryan-nitfix/intbio-nitfix-git/symbiosis_sorted_all_sample_consensus_sequences_50percent/result/metadata_tree_comparison/tables/03_tree_reliability_summary_for_report.tsv	/Users/rosa/Desktop/ALLWork/Madison/Project/ryan-nitfix/intbio-nitfix-git/comparing_trees/result/metadata_tree_comparison/tables/03_tree_reliability_summary_for_report.tsv
/Users/rosa/Desktop/ALLWork/Madison/Project/ryan-nitfix/intbio-nitfix-git/symbiosis_sorted_all_sample_consensus_sequences_50percent/result/metadata_tree_comparison/tables/05_metadata_gene_recovery_association_screen.tsv	/Users/rosa/Desktop/ALLWork/Madison/Project/ryan-nitfix/intbio-nitfix-git/comparing_trees/result/metadata_tree_comparison/tables/05_metadata_gene_recovery_association_screen.tsv
/Users/rosa/Desktop/ALLWork/Madison/Project/ryan-nitfix/intbio-nitfix-git/symbiosis_sorted_all_sample_consensus_sequences_50percent/result/metadata_tree_comparison/tables/00_metadata_tree_comparison_output_index.tsv	/Users/rosa/Desktop/ALLWork/Madison/Project/ryan-nitfix/intbio-nitfix-git/comparing_trees/result/metadata_tree_comparison/tables/00_metadata_tree_comparison_output_index.tsv
/Users/rosa/Desktop/ALLWork/Madison/Project/ryan-nitfix/intbio-nitfix-git/symbiosis_sorted_all_sample_consensus_sequences_50percent/result/metadata_tree_comparison/tables/06_report_interpretation_notes.tsv	/Users/rosa/Desktop/ALLWork/Madison/Project/ryan-nitfix/intbio-nitfix-git/comparing_trees/result/metadata_tree_comparison/tables/06_report_interpretation_notes.tsv
/Users/rosa/Desktop/ALLWork/Madison/Project/ryan-nitfix/intbio-nitfix-git/symbiosis_sorted_all_sample_consensus_sequences_50percent/result/metadata_tree_comparison/figures/06_gene_recovery_metadata_association_screen.png	/Users/rosa/Desktop/ALLWork/Madison/Project/ryan-nitfix/intbio-nitfix-git/comparing_trees/result/metadata_tree_comparison/figures/06_gene_recovery_metadata_association_screen.png
/Users/rosa/Desktop/ALLWork/Madison/Project/ryan-nitfix/intbio-nitfix-git/symbiosis_sorted_all_sample_consensus_sequences_50percent/result/metadata_tree_comparison/figures/02_gene_recovery_heatmap_host_geography.png	/Users/rosa/Desktop/ALLWork/Madison/Project/ryan-nitfix/intbio-nitfix-git/comparing_trees/result/metadata_tree_comparison/figures/02_gene_recovery_heatmap_host_geography.png
/Users/rosa/Desktop/ALLWork/Madison/Project/ryan-nitfix/intbio-nitfix-git/symbiosis_sorted_all_sample_consensus_sequences_50percent/result/metadata_tree_comparison/figures/03_tree_input_size_and_convergence.png	/Users/rosa/Desktop/ALLWork/Madison/Project/ryan-nitfix/intbio-nitfix-git/comparing_trees/result/metadata_tree_comparison/figures/03_tree_input_size_and_convergence.png
/Users/rosa/Desktop/ALLWork/Madison/Project/ryan-nitfix/intbio-nitfix-git/symbiosis_sorted_all_sample_consensus_sequences_50percent/result/metadata_tree_comparison/figures/04_strict_blast_genus_composition_by_sample_type.png	/Users/rosa/Desktop/ALLWork/Madison/Project/ryan-nitfix/intbio-nitfix-git/comparing_trees/result/metadata_tree_comparison/figures/04_strict_blast_genus_composition_by_sample_type.png
/Users/rosa/Desktop/ALLWork/Madison/Project/ryan-nitfix/intbio-nitfix-git/symbiosis_sorted_all_sample_consensus_sequences_50percent/result/metadata_tree_comparison/figures/05_iupac_blast_genus_composition_by_sample_type.png	/Users/rosa/Desktop/ALLWork/Madison/Project/ryan-nitfix/intbio-nitfix-git/comparing_trees/result/metadata_tree_comparison/figures/05_iupac_blast_genus_composition_by_sample_type.png
/Users/rosa/Desktop/ALLWork/Madison/Project/ryan-nitfix/intbio-nitfix-git/symbiosis_sorted_all_sample_consensus_sequences_50percent/result/metadata_tree_comparison/figures/01_gene_recovery_percent_by_sample_type.png	/Users/rosa/Desktop/ALLWork/Madison/Project/ryan-nitfix/intbio-nitfix-git/comparing_trees/result/metadata_tree_comparison/figures/01_gene_recovery_percent_by_sample_type.png
/Users/rosa/Desktop/ALLWork/Madison/Project/ryan-nitfix/intbio-nitfix-git/symbiosis_sorted_all_sample_consensus_sequences_50percent/result/tables/metadata_samples_not_in_analysis_after_name_fix.tsv	/Users/rosa/Desktop/ALLWork/Madison/Project/ryan-nitfix/intbio-nitfix-git/comparing_trees/result/tables/metadata_samples_not_in_analysis_after_name_fix.tsv
/Users/rosa/Desktop/ALLWork/Madison/Project/ryan-nitfix/intbio-nitfix-git/symbiosis_sorted_all_sample_consensus_sequences_50percent/result/tables/mixed_iupac_tree_summary_pct80_depth10_Nle20_nm5000.tsv	/Users/rosa/Desktop/ALLWork/Madison/Project/ryan-nitfix/intbio-nitfix-git/comparing_trees/result/tables/mixed_iupac_tree_summary_pct80_depth10_Nle20_nm5000.tsv
/Users/rosa/Desktop/ALLWork/Madison/Project/ryan-nitfix/intbio-nitfix-git/symbiosis_sorted_all_sample_consensus_sequences_50percent/result/tables/metadata_samples_missing_from_analysis.tsv	/Users/rosa/Desktop/ALLWork/Madison/Project/ryan-nitfix/intbio-nitfix-git/comparing_trees/result/tables/metadata_samples_missing_from_analysis.tsv
/Users/rosa/Desktop/ALLWork/Madison/Project/ryan-nitfix/intbio-nitfix-git/symbiosis_sorted_all_sample_consensus_sequences_50percent/result/tables/metadata_analysis_samples_by_site.tsv	/Users/rosa/Desktop/ALLWork/Madison/Project/ryan-nitfix/intbio-nitfix-git/comparing_trees/result/tables/metadata_analysis_samples_by_site.tsv
/Users/rosa/Desktop/ALLWork/Madison/Project/ryan-nitfix/intbio-nitfix-git/symbiosis_sorted_all_sample_consensus_sequences_50percent/result/tables/iupac_nifH_best_reference_hit_with_taxon.tsv	/Users/rosa/Desktop/ALLWork/Madison/Project/ryan-nitfix/intbio-nitfix-git/comparing_trees/result/tables/iupac_nifH_best_reference_hit_with_taxon.tsv
/Users/rosa/Desktop/ALLWork/Madison/Project/ryan-nitfix/intbio-nitfix-git/symbiosis_sorted_all_sample_consensus_sequences_50percent/result/tables/consensus50_gene_coverage_bins_depth10.tsv	/Users/rosa/Desktop/ALLWork/Madison/Project/ryan-nitfix/intbio-nitfix-git/comparing_trees/result/tables/consensus50_gene_coverage_bins_depth10.tsv
/Users/rosa/Desktop/ALLWork/Madison/Project/ryan-nitfix/intbio-nitfix-git/symbiosis_sorted_all_sample_consensus_sequences_50percent/result/tables/nifH_consensus_qc.tsv	/Users/rosa/Desktop/ALLWork/Madison/Project/ryan-nitfix/intbio-nitfix-git/comparing_trees/result/tables/nifH_consensus_qc.tsv
/Users/rosa/Desktop/ALLWork/Madison/Project/ryan-nitfix/intbio-nitfix-git/symbiosis_sorted_all_sample_consensus_sequences_50percent/result/tables/nifH_consensus_qc_pct60_depth10_Nle40.tsv	/Users/rosa/Desktop/ALLWork/Madison/Project/ryan-nitfix/intbio-nitfix-git/comparing_trees/result/tables/nifH_consensus_qc_pct60_depth10_Nle40.tsv
/Users/rosa/Desktop/ALLWork/Madison/Project/ryan-nitfix/intbio-nitfix-git/symbiosis_sorted_all_sample_consensus_sequences_50percent/result/tables/metadata_analysis_sample_id_comparison.tsv	/Users/rosa/Desktop/ALLWork/Madison/Project/ryan-nitfix/intbio-nitfix-git/comparing_trees/result/tables/metadata_analysis_sample_id_comparison.tsv
/Users/rosa/Desktop/ALLWork/Madison/Project/ryan-nitfix/intbio-nitfix-git/symbiosis_sorted_all_sample_consensus_sequences_50percent/result/tables/iupac_nifH_blast_assignment_summary.tsv	/Users/rosa/Desktop/ALLWork/Madison/Project/ryan-nitfix/intbio-nitfix-git/comparing_trees/result/tables/iupac_nifH_blast_assignment_summary.tsv
/Users/rosa/Desktop/ALLWork/Madison/Project/ryan-nitfix/intbio-nitfix-git/symbiosis_sorted_all_sample_consensus_sequences_50percent/result/tables/metadata_analysis_samples_by_sample_type.tsv	/Users/rosa/Desktop/ALLWork/Madison/Project/ryan-nitfix/intbio-nitfix-git/comparing_trees/result/tables/metadata_analysis_samples_by_sample_type.tsv
/Users/rosa/Desktop/ALLWork/Madison/Project/ryan-nitfix/intbio-nitfix-git/symbiosis_sorted_all_sample_consensus_sequences_50percent/result/tables/strict_pct60_nifH_best_reference_hit_with_taxon.tsv	/Users/rosa/Desktop/ALLWork/Madison/Project/ryan-nitfix/intbio-nitfix-git/comparing_trees/result/tables/strict_pct60_nifH_best_reference_hit_with_taxon.tsv
/Users/rosa/Desktop/ALLWork/Madison/Project/ryan-nitfix/intbio-nitfix-git/symbiosis_sorted_all_sample_consensus_sequences_50percent/result/tables/sample_nifH_best_reference_hit_with_taxon.tsv	/Users/rosa/Desktop/ALLWork/Madison/Project/ryan-nitfix/intbio-nitfix-git/comparing_trees/result/tables/sample_nifH_best_reference_hit_with_taxon.tsv
/Users/rosa/Desktop/ALLWork/Madison/Project/ryan-nitfix/intbio-nitfix-git/symbiosis_sorted_all_sample_consensus_sequences_50percent/result/tables/metadata_missing_values_by_column.tsv	/Users/rosa/Desktop/ALLWork/Madison/Project/ryan-nitfix/intbio-nitfix-git/comparing_trees/result/tables/metadata_missing_values_by_column.tsv
/Users/rosa/Desktop/ALLWork/Madison/Project/ryan-nitfix/intbio-nitfix-git/symbiosis_sorted_all_sample_consensus_sequences_50percent/result/tables/metadata_samples_missing_from_metadata.tsv	/Users/rosa/Desktop/ALLWork/Madison/Project/ryan-nitfix/intbio-nitfix-git/comparing_trees/result/tables/metadata_samples_missing_from_metadata.tsv
/Users/rosa/Desktop/ALLWork/Madison/Project/ryan-nitfix/intbio-nitfix-git/symbiosis_sorted_all_sample_consensus_sequences_50percent/result/tables/intbio_metadata_draft4.csv	/Users/rosa/Desktop/ALLWork/Madison/Project/ryan-nitfix/intbio-nitfix-git/comparing_trees/result/tables/intbio_metadata_draft4.csv
/Users/rosa/Desktop/ALLWork/Madison/Project/ryan-nitfix/intbio-nitfix-git/symbiosis_sorted_all_sample_consensus_sequences_50percent/result/tables/metadata_annotation_run_summary.tsv	/Users/rosa/Desktop/ALLWork/Madison/Project/ryan-nitfix/intbio-nitfix-git/comparing_trees/result/tables/metadata_annotation_run_summary.tsv
/Users/rosa/Desktop/ALLWork/Madison/Project/ryan-nitfix/intbio-nitfix-git/symbiosis_sorted_all_sample_consensus_sequences_50percent/result/tables/consensus50_gene_coverage_all_samples.tsv	/Users/rosa/Desktop/ALLWork/Madison/Project/ryan-nitfix/intbio-nitfix-git/comparing_trees/result/tables/consensus50_gene_coverage_all_samples.tsv
/Users/rosa/Desktop/ALLWork/Madison/Project/ryan-nitfix/intbio-nitfix-git/symbiosis_sorted_all_sample_consensus_sequences_50percent/result/tables/intbio_metadata_draft3.csv	/Users/rosa/Desktop/ALLWork/Madison/Project/ryan-nitfix/intbio-nitfix-git/comparing_trees/result/tables/intbio_metadata_draft3.csv
/Users/rosa/Desktop/ALLWork/Madison/Project/ryan-nitfix/intbio-nitfix-git/symbiosis_sorted_all_sample_consensus_sequences_50percent/result/reference/taxon_fastas_vs_symbiosis_islands_gene_list_match.tsv	/Users/rosa/Desktop/ALLWork/Madison/Project/ryan-nitfix/intbio-nitfix-git/comparing_trees/result/reference/taxon_fastas_vs_symbiosis_islands_gene_list_match.tsv
/Users/rosa/Desktop/ALLWork/Madison/Project/ryan-nitfix/intbio-nitfix-git/symbiosis_sorted_all_sample_consensus_sequences_50percent/result/reference/symbiosis_islands.gb	/Users/rosa/Desktop/ALLWork/Madison/Project/ryan-nitfix/intbio-nitfix-git/comparing_trees/result/reference/symbiosis_islands.gb
/Users/rosa/Desktop/ALLWork/Madison/Project/ryan-nitfix/intbio-nitfix-git/symbiosis_sorted_all_sample_consensus_sequences_50percent/result/reference/consensus_sequences_50percent.fasta	/Users/rosa/Desktop/ALLWork/Madison/Project/ryan-nitfix/intbio-nitfix-git/comparing_trees/result/reference/consensus_sequences_50percent.fasta
/Users/rosa/Desktop/ALLWork/Madison/Project/ryan-nitfix/intbio-nitfix-git/symbiosis_sorted_all_sample_consensus_sequences_50percent/result/reference/symbiosis_islands.fasta	/Users/rosa/Desktop/ALLWork/Madison/Project/ryan-nitfix/intbio-nitfix-git/comparing_trees/result/reference/symbiosis_islands.fasta
/Users/rosa/Desktop/ALLWork/Madison/Project/ryan-nitfix/intbio-nitfix-git/symbiosis_sorted_all_sample_consensus_sequences_50percent/result/reference/~$symbiosis_islands_gene_list.xlsx	/Users/rosa/Desktop/ALLWork/Madison/Project/ryan-nitfix/intbio-nitfix-git/comparing_trees/result/reference/~$symbiosis_islands_gene_list.xlsx
/Users/rosa/Desktop/ALLWork/Madison/Project/ryan-nitfix/intbio-nitfix-git/symbiosis_sorted_all_sample_consensus_sequences_50percent/result/reference/symbiosis_islands_gene_list.xlsx	/Users/rosa/Desktop/ALLWork/Madison/Project/ryan-nitfix/intbio-nitfix-git/comparing_trees/result/reference/symbiosis_islands_gene_list.xlsx
/Users/rosa/Desktop/ALLWork/Madison/Project/ryan-nitfix/intbio-nitfix-git/symbiosis_sorted_all_sample_consensus_sequences_50percent/result/reference/taxon_fastas_by_gene/nifU.fa.aln	/Users/rosa/Desktop/ALLWork/Madison/Project/ryan-nitfix/intbio-nitfix-git/comparing_trees/result/reference/taxon_fastas_by_gene/nifU.fa.aln
/Users/rosa/Desktop/ALLWork/Madison/Project/ryan-nitfix/intbio-nitfix-git/symbiosis_sorted_all_sample_consensus_sequences_50percent/result/reference/taxon_fastas_by_gene/nifY.fa.aln	/Users/rosa/Desktop/ALLWork/Madison/Project/ryan-nitfix/intbio-nitfix-git/comparing_trees/result/reference/taxon_fastas_by_gene/nifY.fa.aln
/Users/rosa/Desktop/ALLWork/Madison/Project/ryan-nitfix/intbio-nitfix-git/symbiosis_sorted_all_sample_consensus_sequences_50percent/result/reference/taxon_fastas_by_gene/nodU.fa.aln	/Users/rosa/Desktop/ALLWork/Madison/Project/ryan-nitfix/intbio-nitfix-git/comparing_trees/result/reference/taxon_fastas_by_gene/nodU.fa.aln
/Users/rosa/Desktop/ALLWork/Madison/Project/ryan-nitfix/intbio-nitfix-git/symbiosis_sorted_all_sample_consensus_sequences_50percent/result/reference/taxon_fastas_by_gene/nifA.fa.aln	/Users/rosa/Desktop/ALLWork/Madison/Project/ryan-nitfix/intbio-nitfix-git/comparing_trees/result/reference/taxon_fastas_by_gene/nifA.fa.aln
/Users/rosa/Desktop/ALLWork/Madison/Project/ryan-nitfix/intbio-nitfix-git/symbiosis_sorted_all_sample_consensus_sequences_50percent/result/reference/taxon_fastas_by_gene/nodA.fa.aln	/Users/rosa/Desktop/ALLWork/Madison/Project/ryan-nitfix/intbio-nitfix-git/comparing_trees/result/reference/taxon_fastas_by_gene/nodA.fa.aln
/Users/rosa/Desktop/ALLWork/Madison/Project/ryan-nitfix/intbio-nitfix-git/symbiosis_sorted_all_sample_consensus_sequences_50percent/result/reference/taxon_fastas_by_gene/nifM.fa.aln	/Users/rosa/Desktop/ALLWork/Madison/Project/ryan-nitfix/intbio-nitfix-git/comparing_trees/result/reference/taxon_fastas_by_gene/nifM.fa.aln
/Users/rosa/Desktop/ALLWork/Madison/Project/ryan-nitfix/intbio-nitfix-git/symbiosis_sorted_all_sample_consensus_sequences_50percent/result/reference/taxon_fastas_by_gene/fixL.fa.aln	/Users/rosa/Desktop/ALLWork/Madison/Project/ryan-nitfix/intbio-nitfix-git/comparing_trees/result/reference/taxon_fastas_by_gene/fixL.fa.aln
/Users/rosa/Desktop/ALLWork/Madison/Project/ryan-nitfix/intbio-nitfix-git/symbiosis_sorted_all_sample_consensus_sequences_50percent/result/reference/taxon_fastas_by_gene/rhcS.fa.aln	/Users/rosa/Desktop/ALLWork/Madison/Project/ryan-nitfix/intbio-nitfix-git/comparing_trees/result/reference/taxon_fastas_by_gene/rhcS.fa.aln
/Users/rosa/Desktop/ALLWork/Madison/Project/ryan-nitfix/intbio-nitfix-git/symbiosis_sorted_all_sample_consensus_sequences_50percent/result/reference/taxon_fastas_by_gene/fixX.fa.aln	/Users/rosa/Desktop/ALLWork/Madison/Project/ryan-nitfix/intbio-nitfix-git/comparing_trees/result/reference/taxon_fastas_by_gene/fixX.fa.aln
/Users/rosa/Desktop/ALLWork/Madison/Project/ryan-nitfix/intbio-nitfix-git/symbiosis_sorted_all_sample_consensus_sequences_50percent/result/reference/taxon_fastas_by_gene/fixN.fa.aln	/Users/rosa/Desktop/ALLWork/Madison/Project/ryan-nitfix/intbio-nitfix-git/comparing_trees/result/reference/taxon_fastas_by_gene/fixN.fa.aln
/Users/rosa/Desktop/ALLWork/Madison/Project/ryan-nitfix/intbio-nitfix-git/symbiosis_sorted_all_sample_consensus_sequences_50percent/result/reference/taxon_fastas_by_gene/nolU.fa.aln	/Users/rosa/Desktop/ALLWork/Madison/Project/ryan-nitfix/intbio-nitfix-git/comparing_trees/result/reference/taxon_fastas_by_gene/nolU.fa.aln
/Users/rosa/Desktop/ALLWork/Madison/Project/ryan-nitfix/intbio-nitfix-git/symbiosis_sorted_all_sample_consensus_sequences_50percent/result/reference/taxon_fastas_by_gene/fixB.fa.aln	/Users/rosa/Desktop/ALLWork/Madison/Project/ryan-nitfix/intbio-nitfix-git/comparing_trees/result/reference/taxon_fastas_by_gene/fixB.fa.aln
/Users/rosa/Desktop/ALLWork/Madison/Project/ryan-nitfix/intbio-nitfix-git/symbiosis_sorted_all_sample_consensus_sequences_50percent/result/reference/taxon_fastas_by_gene/rhcQ.fa.aln	/Users/rosa/Desktop/ALLWork/Madison/Project/ryan-nitfix/intbio-nitfix-git/comparing_trees/result/reference/taxon_fastas_by_gene/rhcQ.fa.aln
/Users/rosa/Desktop/ALLWork/Madison/Project/ryan-nitfix/intbio-nitfix-git/symbiosis_sorted_all_sample_consensus_sequences_50percent/result/reference/taxon_fastas_by_gene/nifW.fa.aln	/Users/rosa/Desktop/ALLWork/Madison/Project/ryan-nitfix/intbio-nitfix-git/comparing_trees/result/reference/taxon_fastas_by_gene/nifW.fa.aln
/Users/rosa/Desktop/ALLWork/Madison/Project/ryan-nitfix/intbio-nitfix-git/symbiosis_sorted_all_sample_consensus_sequences_50percent/result/reference/taxon_fastas_by_gene/nodC.fa.aln	/Users/rosa/Desktop/ALLWork/Madison/Project/ryan-nitfix/intbio-nitfix-git/comparing_trees/result/reference/taxon_fastas_by_gene/nodC.fa.aln
/Users/rosa/Desktop/ALLWork/Madison/Project/ryan-nitfix/intbio-nitfix-git/symbiosis_sorted_all_sample_consensus_sequences_50percent/result/reference/taxon_fastas_by_gene/noeA.fa.aln	/Users/rosa/Desktop/ALLWork/Madison/Project/ryan-nitfix/intbio-nitfix-git/comparing_trees/result/reference/taxon_fastas_by_gene/noeA.fa.aln
/Users/rosa/Desktop/ALLWork/Madison/Project/ryan-nitfix/intbio-nitfix-git/symbiosis_sorted_all_sample_consensus_sequences_50percent/result/reference/taxon_fastas_by_gene/nopM.fa.aln	/Users/rosa/Desktop/ALLWork/Madison/Project/ryan-nitfix/intbio-nitfix-git/comparing_trees/result/reference/taxon_fastas_by_gene/nopM.fa.aln
/Users/rosa/Desktop/ALLWork/Madison/Project/ryan-nitfix/intbio-nitfix-git/symbiosis_sorted_all_sample_consensus_sequences_50percent/result/reference/taxon_fastas_by_gene/fixJ.fa.aln	/Users/rosa/Desktop/ALLWork/Madison/Project/ryan-nitfix/intbio-nitfix-git/comparing_trees/result/reference/taxon_fastas_by_gene/fixJ.fa.aln
/Users/rosa/Desktop/ALLWork/Madison/Project/ryan-nitfix/intbio-nitfix-git/symbiosis_sorted_all_sample_consensus_sequences_50percent/result/reference/taxon_fastas_by_gene/noeE.fa.aln	/Users/rosa/Desktop/ALLWork/Madison/Project/ryan-nitfix/intbio-nitfix-git/comparing_trees/result/reference/taxon_fastas_by_gene/noeE.fa.aln
/Users/rosa/Desktop/ALLWork/Madison/Project/ryan-nitfix/intbio-nitfix-git/symbiosis_sorted_all_sample_consensus_sequences_50percent/result/reference/taxon_fastas_by_gene/fdxB.fa.aln	/Users/rosa/Desktop/ALLWork/Madison/Project/ryan-nitfix/intbio-nitfix-git/comparing_trees/result/reference/taxon_fastas_by_gene/fdxB.fa.aln
/Users/rosa/Desktop/ALLWork/Madison/Project/ryan-nitfix/intbio-nitfix-git/symbiosis_sorted_all_sample_consensus_sequences_50percent/result/reference/taxon_fastas_by_gene/nifK.fa.aln	/Users/rosa/Desktop/ALLWork/Madison/Project/ryan-nitfix/intbio-nitfix-git/comparing_trees/result/reference/taxon_fastas_by_gene/nifK.fa.aln
/Users/rosa/Desktop/ALLWork/Madison/Project/ryan-nitfix/intbio-nitfix-git/symbiosis_sorted_all_sample_consensus_sequences_50percent/result/reference/taxon_fastas_by_gene/nopE.fa.aln	/Users/rosa/Desktop/ALLWork/Madison/Project/ryan-nitfix/intbio-nitfix-git/comparing_trees/result/reference/taxon_fastas_by_gene/nopE.fa.aln
/Users/rosa/Desktop/ALLWork/Madison/Project/ryan-nitfix/intbio-nitfix-git/symbiosis_sorted_all_sample_consensus_sequences_50percent/result/reference/taxon_fastas_by_gene/rpoN.fa.aln	/Users/rosa/Desktop/ALLWork/Madison/Project/ryan-nitfix/intbio-nitfix-git/comparing_trees/result/reference/taxon_fastas_by_gene/rpoN.fa.aln
/Users/rosa/Desktop/ALLWork/Madison/Project/ryan-nitfix/intbio-nitfix-git/symbiosis_sorted_all_sample_consensus_sequences_50percent/result/reference/taxon_fastas_by_gene/fdxN.fa.aln	/Users/rosa/Desktop/ALLWork/Madison/Project/ryan-nitfix/intbio-nitfix-git/comparing_trees/result/reference/taxon_fastas_by_gene/fdxN.fa.aln
/Users/rosa/Desktop/ALLWork/Madison/Project/ryan-nitfix/intbio-nitfix-git/symbiosis_sorted_all_sample_consensus_sequences_50percent/result/reference/taxon_fastas_by_gene/noeI.fa.aln	/Users/rosa/Desktop/ALLWork/Madison/Project/ryan-nitfix/intbio-nitfix-git/comparing_trees/result/reference/taxon_fastas_by_gene/noeI.fa.aln
/Users/rosa/Desktop/ALLWork/Madison/Project/ryan-nitfix/intbio-nitfix-git/symbiosis_sorted_all_sample_consensus_sequences_50percent/result/reference/taxon_fastas_by_gene/nifS.fa.aln	/Users/rosa/Desktop/ALLWork/Madison/Project/ryan-nitfix/intbio-nitfix-git/comparing_trees/result/reference/taxon_fastas_by_gene/nifS.fa.aln
/Users/rosa/Desktop/ALLWork/Madison/Project/ryan-nitfix/intbio-nitfix-git/symbiosis_sorted_all_sample_consensus_sequences_50percent/result/reference/taxon_fastas_by_gene/nodS.fa.aln	/Users/rosa/Desktop/ALLWork/Madison/Project/ryan-nitfix/intbio-nitfix-git/comparing_trees/result/reference/taxon_fastas_by_gene/nodS.fa.aln
/Users/rosa/Desktop/ALLWork/Madison/Project/ryan-nitfix/intbio-nitfix-git/symbiosis_sorted_all_sample_consensus_sequences_50percent/result/reference/taxon_fastas_by_gene/nodE.fa.aln	/Users/rosa/Desktop/ALLWork/Madison/Project/ryan-nitfix/intbio-nitfix-git/comparing_trees/result/reference/taxon_fastas_by_gene/nodE.fa.aln
/Users/rosa/Desktop/ALLWork/Madison/Project/ryan-nitfix/intbio-nitfix-git/symbiosis_sorted_all_sample_consensus_sequences_50percent/result/reference/taxon_fastas_by_gene/nifE.fa.aln	/Users/rosa/Desktop/ALLWork/Madison/Project/ryan-nitfix/intbio-nitfix-git/comparing_trees/result/reference/taxon_fastas_by_gene/nifE.fa.aln
/Users/rosa/Desktop/ALLWork/Madison/Project/ryan-nitfix/intbio-nitfix-git/symbiosis_sorted_all_sample_consensus_sequences_50percent/result/reference/taxon_fastas_by_gene/nodI.fa.aln	/Users/rosa/Desktop/ALLWork/Madison/Project/ryan-nitfix/intbio-nitfix-git/comparing_trees/result/reference/taxon_fastas_by_gene/nodI.fa.aln
/Users/rosa/Desktop/ALLWork/Madison/Project/ryan-nitfix/intbio-nitfix-git/symbiosis_sorted_all_sample_consensus_sequences_50percent/result/reference/taxon_fastas_by_gene/nodQ.fa.aln	/Users/rosa/Desktop/ALLWork/Madison/Project/ryan-nitfix/intbio-nitfix-git/comparing_trees/result/reference/taxon_fastas_by_gene/nodQ.fa.aln
/Users/rosa/Desktop/ALLWork/Madison/Project/ryan-nitfix/intbio-nitfix-git/symbiosis_sorted_all_sample_consensus_sequences_50percent/result/reference/taxon_fastas_by_gene/nfeD.fa.aln	/Users/rosa/Desktop/ALLWork/Madison/Project/ryan-nitfix/intbio-nitfix-git/comparing_trees/result/reference/taxon_fastas_by_gene/nfeD.fa.aln
/Users/rosa/Desktop/ALLWork/Madison/Project/ryan-nitfix/intbio-nitfix-git/symbiosis_sorted_all_sample_consensus_sequences_50percent/result/reference/taxon_fastas_by_gene/nifQ.fa.aln	/Users/rosa/Desktop/ALLWork/Madison/Project/ryan-nitfix/intbio-nitfix-git/comparing_trees/result/reference/taxon_fastas_by_gene/nifQ.fa.aln
/Users/rosa/Desktop/ALLWork/Madison/Project/ryan-nitfix/intbio-nitfix-git/symbiosis_sorted_all_sample_consensus_sequences_50percent/result/reference/taxon_fastas_by_gene/nolG.fa.aln	/Users/rosa/Desktop/ALLWork/Madison/Project/ryan-nitfix/intbio-nitfix-git/comparing_trees/result/reference/taxon_fastas_by_gene/nolG.fa.aln
/Users/rosa/Desktop/ALLWork/Madison/Project/ryan-nitfix/intbio-nitfix-git/symbiosis_sorted_all_sample_consensus_sequences_50percent/result/reference/taxon_fastas_by_gene/fixP.fa.aln	/Users/rosa/Desktop/ALLWork/Madison/Project/ryan-nitfix/intbio-nitfix-git/comparing_trees/result/reference/taxon_fastas_by_gene/fixP.fa.aln
/Users/rosa/Desktop/ALLWork/Madison/Project/ryan-nitfix/intbio-nitfix-git/symbiosis_sorted_all_sample_consensus_sequences_50percent/result/reference/taxon_fastas_by_gene/fixU.fa.aln	/Users/rosa/Desktop/ALLWork/Madison/Project/ryan-nitfix/intbio-nitfix-git/comparing_trees/result/reference/taxon_fastas_by_gene/fixU.fa.aln
/Users/rosa/Desktop/ALLWork/Madison/Project/ryan-nitfix/intbio-nitfix-git/symbiosis_sorted_all_sample_consensus_sequences_50percent/result/reference/taxon_fastas_by_gene/rhcR.fa.aln	/Users/rosa/Desktop/ALLWork/Madison/Project/ryan-nitfix/intbio-nitfix-git/comparing_trees/result/reference/taxon_fastas_by_gene/rhcR.fa.aln
/Users/rosa/Desktop/ALLWork/Madison/Project/ryan-nitfix/intbio-nitfix-git/symbiosis_sorted_all_sample_consensus_sequences_50percent/result/reference/taxon_fastas_by_gene/nolB.fa.aln	/Users/rosa/Desktop/ALLWork/Madison/Project/ryan-nitfix/intbio-nitfix-git/comparing_trees/result/reference/taxon_fastas_by_gene/nolB.fa.aln
/Users/rosa/Desktop/ALLWork/Madison/Project/ryan-nitfix/intbio-nitfix-git/symbiosis_sorted_all_sample_consensus_sequences_50percent/result/reference/taxon_fastas_by_gene/fixA.fa.aln	/Users/rosa/Desktop/ALLWork/Madison/Project/ryan-nitfix/intbio-nitfix-git/comparing_trees/result/reference/taxon_fastas_by_gene/fixA.fa.aln
/Users/rosa/Desktop/ALLWork/Madison/Project/ryan-nitfix/intbio-nitfix-git/symbiosis_sorted_all_sample_consensus_sequences_50percent/result/reference/taxon_fastas_by_gene/noeB.fa.aln	/Users/rosa/Desktop/ALLWork/Madison/Project/ryan-nitfix/intbio-nitfix-git/comparing_trees/result/reference/taxon_fastas_by_gene/noeB.fa.aln
/Users/rosa/Desktop/ALLWork/Madison/Project/ryan-nitfix/intbio-nitfix-git/symbiosis_sorted_all_sample_consensus_sequences_50percent/result/reference/taxon_fastas_by_gene/nodL.fa.aln	/Users/rosa/Desktop/ALLWork/Madison/Project/ryan-nitfix/intbio-nitfix-git/comparing_trees/result/reference/taxon_fastas_by_gene/nodL.fa.aln
/Users/rosa/Desktop/ALLWork/Madison/Project/ryan-nitfix/intbio-nitfix-git/symbiosis_sorted_all_sample_consensus_sequences_50percent/result/reference/taxon_fastas_by_gene/Irr.fa.aln	/Users/rosa/Desktop/ALLWork/Madison/Project/ryan-nitfix/intbio-nitfix-git/comparing_trees/result/reference/taxon_fastas_by_gene/Irr.fa.aln
/Users/rosa/Desktop/ALLWork/Madison/Project/ryan-nitfix/intbio-nitfix-git/symbiosis_sorted_all_sample_consensus_sequences_50percent/result/reference/taxon_fastas_by_gene/nodX.fa.aln	/Users/rosa/Desktop/ALLWork/Madison/Project/ryan-nitfix/intbio-nitfix-git/comparing_trees/result/reference/taxon_fastas_by_gene/nodX.fa.aln
/Users/rosa/Desktop/ALLWork/Madison/Project/ryan-nitfix/intbio-nitfix-git/symbiosis_sorted_all_sample_consensus_sequences_50percent/result/reference/taxon_fastas_by_gene/nifT.fa.aln	/Users/rosa/Desktop/ALLWork/Madison/Project/ryan-nitfix/intbio-nitfix-git/comparing_trees/result/reference/taxon_fastas_by_gene/nifT.fa.aln
/Users/rosa/Desktop/ALLWork/Madison/Project/ryan-nitfix/intbio-nitfix-git/symbiosis_sorted_all_sample_consensus_sequences_50percent/result/reference/taxon_fastas_by_gene/nodT.fa.aln	/Users/rosa/Desktop/ALLWork/Madison/Project/ryan-nitfix/intbio-nitfix-git/comparing_trees/result/reference/taxon_fastas_by_gene/nodT.fa.aln
/Users/rosa/Desktop/ALLWork/Madison/Project/ryan-nitfix/intbio-nitfix-git/symbiosis_sorted_all_sample_consensus_sequences_50percent/result/reference/taxon_fastas_by_gene/nifX.fa.aln	/Users/rosa/Desktop/ALLWork/Madison/Project/ryan-nitfix/intbio-nitfix-git/comparing_trees/result/reference/taxon_fastas_by_gene/nifX.fa.aln
/Users/rosa/Desktop/ALLWork/Madison/Project/ryan-nitfix/intbio-nitfix-git/symbiosis_sorted_all_sample_consensus_sequences_50percent/result/reference/taxon_fastas_by_gene/nifN.fa.aln	/Users/rosa/Desktop/ALLWork/Madison/Project/ryan-nitfix/intbio-nitfix-git/comparing_trees/result/reference/taxon_fastas_by_gene/nifN.fa.aln
/Users/rosa/Desktop/ALLWork/Madison/Project/ryan-nitfix/intbio-nitfix-git/symbiosis_sorted_all_sample_consensus_sequences_50percent/result/reference/taxon_fastas_by_gene/nodB.fa.aln	/Users/rosa/Desktop/ALLWork/Madison/Project/ryan-nitfix/intbio-nitfix-git/comparing_trees/result/reference/taxon_fastas_by_gene/nodB.fa.aln
/Users/rosa/Desktop/ALLWork/Madison/Project/ryan-nitfix/intbio-nitfix-git/symbiosis_sorted_all_sample_consensus_sequences_50percent/result/reference/taxon_fastas_by_gene/nopL.fa.aln	/Users/rosa/Desktop/ALLWork/Madison/Project/ryan-nitfix/intbio-nitfix-git/comparing_trees/result/reference/taxon_fastas_by_gene/nopL.fa.aln
/Users/rosa/Desktop/ALLWork/Madison/Project/ryan-nitfix/intbio-nitfix-git/symbiosis_sorted_all_sample_consensus_sequences_50percent/result/reference/taxon_fastas_by_gene/nifB.fa.aln	/Users/rosa/Desktop/ALLWork/Madison/Project/ryan-nitfix/intbio-nitfix-git/comparing_trees/result/reference/taxon_fastas_by_gene/nifB.fa.aln
/Users/rosa/Desktop/ALLWork/Madison/Project/ryan-nitfix/intbio-nitfix-git/symbiosis_sorted_all_sample_consensus_sequences_50percent/result/reference/taxon_fastas_by_gene/nifZ.fa.aln	/Users/rosa/Desktop/ALLWork/Madison/Project/ryan-nitfix/intbio-nitfix-git/comparing_trees/result/reference/taxon_fastas_by_gene/nifZ.fa.aln
/Users/rosa/Desktop/ALLWork/Madison/Project/ryan-nitfix/intbio-nitfix-git/symbiosis_sorted_all_sample_consensus_sequences_50percent/result/reference/taxon_fastas_by_gene/nodZ.fa.aln	/Users/rosa/Desktop/ALLWork/Madison/Project/ryan-nitfix/intbio-nitfix-git/comparing_trees/result/reference/taxon_fastas_by_gene/nodZ.fa.aln
/Users/rosa/Desktop/ALLWork/Madison/Project/ryan-nitfix/intbio-nitfix-git/symbiosis_sorted_all_sample_consensus_sequences_50percent/result/reference/taxon_fastas_by_gene/nifV.fa.aln	/Users/rosa/Desktop/ALLWork/Madison/Project/ryan-nitfix/intbio-nitfix-git/comparing_trees/result/reference/taxon_fastas_by_gene/nifV.fa.aln
/Users/rosa/Desktop/ALLWork/Madison/Project/ryan-nitfix/intbio-nitfix-git/symbiosis_sorted_all_sample_consensus_sequences_50percent/result/reference/taxon_fastas_by_gene/nolL.fa.aln	/Users/rosa/Desktop/ALLWork/Madison/Project/ryan-nitfix/intbio-nitfix-git/comparing_trees/result/reference/taxon_fastas_by_gene/nolL.fa.aln
/Users/rosa/Desktop/ALLWork/Madison/Project/ryan-nitfix/intbio-nitfix-git/symbiosis_sorted_all_sample_consensus_sequences_50percent/result/reference/taxon_fastas_by_gene/fixO.fa.aln	/Users/rosa/Desktop/ALLWork/Madison/Project/ryan-nitfix/intbio-nitfix-git/comparing_trees/result/reference/taxon_fastas_by_gene/fixO.fa.aln
/Users/rosa/Desktop/ALLWork/Madison/Project/ryan-nitfix/intbio-nitfix-git/symbiosis_sorted_all_sample_consensus_sequences_50percent/result/reference/taxon_fastas_by_gene/fixC.fa.aln	/Users/rosa/Desktop/ALLWork/Madison/Project/ryan-nitfix/intbio-nitfix-git/comparing_trees/result/reference/taxon_fastas_by_gene/fixC.fa.aln
/Users/rosa/Desktop/ALLWork/Madison/Project/ryan-nitfix/intbio-nitfix-git/symbiosis_sorted_all_sample_consensus_sequences_50percent/result/reference/taxon_fastas_by_gene/nolX.fa.aln	/Users/rosa/Desktop/ALLWork/Madison/Project/ryan-nitfix/intbio-nitfix-git/comparing_trees/result/reference/taxon_fastas_by_gene/nolX.fa.aln
/Users/rosa/Desktop/ALLWork/Madison/Project/ryan-nitfix/intbio-nitfix-git/symbiosis_sorted_all_sample_consensus_sequences_50percent/result/reference/taxon_fastas_by_gene/nopP.fa.aln	/Users/rosa/Desktop/ALLWork/Madison/Project/ryan-nitfix/intbio-nitfix-git/comparing_trees/result/reference/taxon_fastas_by_gene/nopP.fa.aln
/Users/rosa/Desktop/ALLWork/Madison/Project/ryan-nitfix/intbio-nitfix-git/symbiosis_sorted_all_sample_consensus_sequences_50percent/result/reference/taxon_fastas_by_gene/nodJ.fa.aln	/Users/rosa/Desktop/ALLWork/Madison/Project/ryan-nitfix/intbio-nitfix-git/comparing_trees/result/reference/taxon_fastas_by_gene/nodJ.fa.aln
/Users/rosa/Desktop/ALLWork/Madison/Project/ryan-nitfix/intbio-nitfix-git/symbiosis_sorted_all_sample_consensus_sequences_50percent/result/reference/taxon_fastas_by_gene/nodF.fa.aln	/Users/rosa/Desktop/ALLWork/Madison/Project/ryan-nitfix/intbio-nitfix-git/comparing_trees/result/reference/taxon_fastas_by_gene/nodF.fa.aln
/Users/rosa/Desktop/ALLWork/Madison/Project/ryan-nitfix/intbio-nitfix-git/symbiosis_sorted_all_sample_consensus_sequences_50percent/result/reference/taxon_fastas_by_gene/nifJ.fa.aln	/Users/rosa/Desktop/ALLWork/Madison/Project/ryan-nitfix/intbio-nitfix-git/comparing_trees/result/reference/taxon_fastas_by_gene/nifJ.fa.aln
/Users/rosa/Desktop/ALLWork/Madison/Project/ryan-nitfix/intbio-nitfix-git/symbiosis_sorted_all_sample_consensus_sequences_50percent/result/reference/taxon_fastas_by_gene/fixK.fa.aln	/Users/rosa/Desktop/ALLWork/Madison/Project/ryan-nitfix/intbio-nitfix-git/comparing_trees/result/reference/taxon_fastas_by_gene/fixK.fa.aln
/Users/rosa/Desktop/ALLWork/Madison/Project/ryan-nitfix/intbio-nitfix-git/symbiosis_sorted_all_sample_consensus_sequences_50percent/result/reference/taxon_fastas_by_gene/rhcT.fa.aln	/Users/rosa/Desktop/ALLWork/Madison/Project/ryan-nitfix/intbio-nitfix-git/comparing_trees/result/reference/taxon_fastas_by_gene/rhcT.fa.aln
/Users/rosa/Desktop/ALLWork/Madison/Project/ryan-nitfix/intbio-nitfix-git/symbiosis_sorted_all_sample_consensus_sequences_50percent/result/reference/taxon_fastas_by_gene/rhcN.fa.aln	/Users/rosa/Desktop/ALLWork/Madison/Project/ryan-nitfix/intbio-nitfix-git/comparing_trees/result/reference/taxon_fastas_by_gene/rhcN.fa.aln
/Users/rosa/Desktop/ALLWork/Madison/Project/ryan-nitfix/intbio-nitfix-git/symbiosis_sorted_all_sample_consensus_sequences_50percent/result/reference/taxon_fastas_by_gene/nolF.fa.aln	/Users/rosa/Desktop/ALLWork/Madison/Project/ryan-nitfix/intbio-nitfix-git/comparing_trees/result/reference/taxon_fastas_by_gene/nolF.fa.aln
/Users/rosa/Desktop/ALLWork/Madison/Project/ryan-nitfix/intbio-nitfix-git/symbiosis_sorted_all_sample_consensus_sequences_50percent/result/reference/taxon_fastas_by_gene/fixQ.fa.aln	/Users/rosa/Desktop/ALLWork/Madison/Project/ryan-nitfix/intbio-nitfix-git/comparing_trees/result/reference/taxon_fastas_by_gene/fixQ.fa.aln
/Users/rosa/Desktop/ALLWork/Madison/Project/ryan-nitfix/intbio-nitfix-git/symbiosis_sorted_all_sample_consensus_sequences_50percent/result/reference/taxon_fastas_by_gene/nodP.fa.aln	/Users/rosa/Desktop/ALLWork/Madison/Project/ryan-nitfix/intbio-nitfix-git/comparing_trees/result/reference/taxon_fastas_by_gene/nodP.fa.aln
/Users/rosa/Desktop/ALLWork/Madison/Project/ryan-nitfix/intbio-nitfix-git/symbiosis_sorted_all_sample_consensus_sequences_50percent/result/reference/taxon_fastas_by_gene/nodD.fa.aln	/Users/rosa/Desktop/ALLWork/Madison/Project/ryan-nitfix/intbio-nitfix-git/comparing_trees/result/reference/taxon_fastas_by_gene/nodD.fa.aln
/Users/rosa/Desktop/ALLWork/Madison/Project/ryan-nitfix/intbio-nitfix-git/symbiosis_sorted_all_sample_consensus_sequences_50percent/result/reference/taxon_fastas_by_gene/nifH.fa.aln	/Users/rosa/Desktop/ALLWork/Madison/Project/ryan-nitfix/intbio-nitfix-git/comparing_trees/result/reference/taxon_fastas_by_gene/nifH.fa.aln
/Users/rosa/Desktop/ALLWork/Madison/Project/ryan-nitfix/intbio-nitfix-git/symbiosis_sorted_all_sample_consensus_sequences_50percent/result/reference/taxon_fastas_by_gene/noeJ.fa.aln	/Users/rosa/Desktop/ALLWork/Madison/Project/ryan-nitfix/intbio-nitfix-git/comparing_trees/result/reference/taxon_fastas_by_gene/noeJ.fa.aln
/Users/rosa/Desktop/ALLWork/Madison/Project/ryan-nitfix/intbio-nitfix-git/symbiosis_sorted_all_sample_consensus_sequences_50percent/result/reference/taxon_fastas_by_gene/nodH.fa.aln	/Users/rosa/Desktop/ALLWork/Madison/Project/ryan-nitfix/intbio-nitfix-git/comparing_trees/result/reference/taxon_fastas_by_gene/nodH.fa.aln
/Users/rosa/Desktop/ALLWork/Madison/Project/ryan-nitfix/intbio-nitfix-git/symbiosis_sorted_all_sample_consensus_sequences_50percent/result/reference/taxon_fastas_by_gene/nifD.fa.aln	/Users/rosa/Desktop/ALLWork/Madison/Project/ryan-nitfix/intbio-nitfix-git/comparing_trees/result/reference/taxon_fastas_by_gene/nifD.fa.aln
/Users/rosa/Desktop/ALLWork/Madison/Project/ryan-nitfix/intbio-nitfix-git/symbiosis_sorted_all_sample_consensus_sequences_50percent/result/trees/nifH_reference_746_taxa_tree_nm5000.iqtree	/Users/rosa/Desktop/ALLWork/Madison/Project/ryan-nitfix/intbio-nitfix-git/comparing_trees/result/trees/nifH_reference_746_taxa_tree_nm5000.iqtree
/Users/rosa/Desktop/ALLWork/Madison/Project/ryan-nitfix/intbio-nitfix-git/symbiosis_sorted_all_sample_consensus_sequences_50percent/result/trees/nifH_consensus50_strict_single_dominant_pct60_depth10_Nle40_nm5000.treefile	/Users/rosa/Desktop/ALLWork/Madison/Project/ryan-nitfix/intbio-nitfix-git/comparing_trees/result/trees/nifH_consensus50_strict_single_dominant_pct60_depth10_Nle40_nm5000.treefile
/Users/rosa/Desktop/ALLWork/Madison/Project/ryan-nitfix/intbio-nitfix-git/symbiosis_sorted_all_sample_consensus_sequences_50percent/result/trees/nifH_consensus50_iupac_all_pass_nm5000.contree	/Users/rosa/Desktop/ALLWork/Madison/Project/ryan-nitfix/intbio-nitfix-git/comparing_trees/result/trees/nifH_consensus50_iupac_all_pass_nm5000.contree
/Users/rosa/Desktop/ALLWork/Madison/Project/ryan-nitfix/intbio-nitfix-git/symbiosis_sorted_all_sample_consensus_sequences_50percent/result/trees/nifH_consensus50_strict_single_dominant_nm5000.treefile	/Users/rosa/Desktop/ALLWork/Madison/Project/ryan-nitfix/intbio-nitfix-git/comparing_trees/result/trees/nifH_consensus50_strict_single_dominant_nm5000.treefile
/Users/rosa/Desktop/ALLWork/Madison/Project/ryan-nitfix/intbio-nitfix-git/symbiosis_sorted_all_sample_consensus_sequences_50percent/result/trees/nifH_consensus50_strict_single_dominant_nm5000.contree	/Users/rosa/Desktop/ALLWork/Madison/Project/ryan-nitfix/intbio-nitfix-git/comparing_trees/result/trees/nifH_consensus50_strict_single_dominant_nm5000.contree
/Users/rosa/Desktop/ALLWork/Madison/Project/ryan-nitfix/intbio-nitfix-git/symbiosis_sorted_all_sample_consensus_sequences_50percent/result/trees/nifH_consensus50_strict_single_dominant.iqtree	/Users/rosa/Desktop/ALLWork/Madison/Project/ryan-nitfix/intbio-nitfix-git/comparing_trees/result/trees/nifH_consensus50_strict_single_dominant.iqtree
/Users/rosa/Desktop/ALLWork/Madison/Project/ryan-nitfix/intbio-nitfix-git/symbiosis_sorted_all_sample_consensus_sequences_50percent/result/trees/nifH_reference_746_taxa_tree_nm5000.contree	/Users/rosa/Desktop/ALLWork/Madison/Project/ryan-nitfix/intbio-nitfix-git/comparing_trees/result/trees/nifH_reference_746_taxa_tree_nm5000.contree
/Users/rosa/Desktop/ALLWork/Madison/Project/ryan-nitfix/intbio-nitfix-git/symbiosis_sorted_all_sample_consensus_sequences_50percent/result/trees/nifH_consensus50_strict_single_dominant_pct60_depth10_Nle40_nm5000.iqtree	/Users/rosa/Desktop/ALLWork/Madison/Project/ryan-nitfix/intbio-nitfix-git/comparing_trees/result/trees/nifH_consensus50_strict_single_dominant_pct60_depth10_Nle40_nm5000.iqtree
/Users/rosa/Desktop/ALLWork/Madison/Project/ryan-nitfix/intbio-nitfix-git/symbiosis_sorted_all_sample_consensus_sequences_50percent/result/trees/nifD_consensus50_strict_single_dominant_nm5000.contree	/Users/rosa/Desktop/ALLWork/Madison/Project/ryan-nitfix/intbio-nitfix-git/comparing_trees/result/trees/nifD_consensus50_strict_single_dominant_nm5000.contree
/Users/rosa/Desktop/ALLWork/Madison/Project/ryan-nitfix/intbio-nitfix-git/symbiosis_sorted_all_sample_consensus_sequences_50percent/result/trees/nifH_consensus50_strict_single_dominant_pct60_depth10_Nle40.iqtree	/Users/rosa/Desktop/ALLWork/Madison/Project/ryan-nitfix/intbio-nitfix-git/comparing_trees/result/trees/nifH_consensus50_strict_single_dominant_pct60_depth10_Nle40.iqtree
/Users/rosa/Desktop/ALLWork/Madison/Project/ryan-nitfix/intbio-nitfix-git/symbiosis_sorted_all_sample_consensus_sequences_50percent/result/trees/nifH_consensus50_strict_single_dominant_nm5000.iqtree	/Users/rosa/Desktop/ALLWork/Madison/Project/ryan-nitfix/intbio-nitfix-git/comparing_trees/result/trees/nifH_consensus50_strict_single_dominant_nm5000.iqtree
/Users/rosa/Desktop/ALLWork/Madison/Project/ryan-nitfix/intbio-nitfix-git/symbiosis_sorted_all_sample_consensus_sequences_50percent/result/trees/nifH_consensus50_iupac_all_pass.treefile	/Users/rosa/Desktop/ALLWork/Madison/Project/ryan-nitfix/intbio-nitfix-git/comparing_trees/result/trees/nifH_consensus50_iupac_all_pass.treefile
/Users/rosa/Desktop/ALLWork/Madison/Project/ryan-nitfix/intbio-nitfix-git/symbiosis_sorted_all_sample_consensus_sequences_50percent/result/trees/nifD_consensus50_iupac_all_pass_nm5000.log	/Users/rosa/Desktop/ALLWork/Madison/Project/ryan-nitfix/intbio-nitfix-git/comparing_trees/result/trees/nifD_consensus50_iupac_all_pass_nm5000.log
/Users/rosa/Desktop/ALLWork/Madison/Project/ryan-nitfix/intbio-nitfix-git/symbiosis_sorted_all_sample_consensus_sequences_50percent/result/trees/nifH_reference_746_taxa_tree_nm5000.treefile	/Users/rosa/Desktop/ALLWork/Madison/Project/ryan-nitfix/intbio-nitfix-git/comparing_trees/result/trees/nifH_reference_746_taxa_tree_nm5000.treefile
/Users/rosa/Desktop/ALLWork/Madison/Project/ryan-nitfix/intbio-nitfix-git/symbiosis_sorted_all_sample_consensus_sequences_50percent/result/trees/nifD_consensus50_strict_single_dominant_nm5000.log	/Users/rosa/Desktop/ALLWork/Madison/Project/ryan-nitfix/intbio-nitfix-git/comparing_trees/result/trees/nifD_consensus50_strict_single_dominant_nm5000.log
/Users/rosa/Desktop/ALLWork/Madison/Project/ryan-nitfix/intbio-nitfix-git/symbiosis_sorted_all_sample_consensus_sequences_50percent/result/trees/nifH_consensus50_strict_single_dominant_pct60_depth10_Nle40_nm5000.contree	/Users/rosa/Desktop/ALLWork/Madison/Project/ryan-nitfix/intbio-nitfix-git/comparing_trees/result/trees/nifH_consensus50_strict_single_dominant_pct60_depth10_Nle40_nm5000.contree
/Users/rosa/Desktop/ALLWork/Madison/Project/ryan-nitfix/intbio-nitfix-git/symbiosis_sorted_all_sample_consensus_sequences_50percent/result/trees/nifH_consensus50_iupac_all_pass_nm5000.treefile	/Users/rosa/Desktop/ALLWork/Madison/Project/ryan-nitfix/intbio-nitfix-git/comparing_trees/result/trees/nifH_consensus50_iupac_all_pass_nm5000.treefile
/Users/rosa/Desktop/ALLWork/Madison/Project/ryan-nitfix/intbio-nitfix-git/symbiosis_sorted_all_sample_consensus_sequences_50percent/result/trees/nifH_consensus50_strict_single_dominant_nm5000.log	/Users/rosa/Desktop/ALLWork/Madison/Project/ryan-nitfix/intbio-nitfix-git/comparing_trees/result/trees/nifH_consensus50_strict_single_dominant_nm5000.log
/Users/rosa/Desktop/ALLWork/Madison/Project/ryan-nitfix/intbio-nitfix-git/symbiosis_sorted_all_sample_consensus_sequences_50percent/result/trees/nifH_consensus50_iupac_all_pass.iqtree	/Users/rosa/Desktop/ALLWork/Madison/Project/ryan-nitfix/intbio-nitfix-git/comparing_trees/result/trees/nifH_consensus50_iupac_all_pass.iqtree
/Users/rosa/Desktop/ALLWork/Madison/Project/ryan-nitfix/intbio-nitfix-git/symbiosis_sorted_all_sample_consensus_sequences_50percent/result/trees/nifH_consensus50_strict_single_dominant_pct60_depth10_Nle40_nm5000.log	/Users/rosa/Desktop/ALLWork/Madison/Project/ryan-nitfix/intbio-nitfix-git/comparing_trees/result/trees/nifH_consensus50_strict_single_dominant_pct60_depth10_Nle40_nm5000.log
/Users/rosa/Desktop/ALLWork/Madison/Project/ryan-nitfix/intbio-nitfix-git/symbiosis_sorted_all_sample_consensus_sequences_50percent/result/trees/nifH_consensus50_strict_single_dominant_nm5000.splits.nex	/Users/rosa/Desktop/ALLWork/Madison/Project/ryan-nitfix/intbio-nitfix-git/comparing_trees/result/trees/nifH_consensus50_strict_single_dominant_nm5000.splits.nex
/Users/rosa/Desktop/ALLWork/Madison/Project/ryan-nitfix/intbio-nitfix-git/symbiosis_sorted_all_sample_consensus_sequences_50percent/result/trees/nifD_consensus50_strict_single_dominant_nm5000.iqtree	/Users/rosa/Desktop/ALLWork/Madison/Project/ryan-nitfix/intbio-nitfix-git/comparing_trees/result/trees/nifD_consensus50_strict_single_dominant_nm5000.iqtree
/Users/rosa/Desktop/ALLWork/Madison/Project/ryan-nitfix/intbio-nitfix-git/symbiosis_sorted_all_sample_consensus_sequences_50percent/result/trees/nifH_consensus50_strict_single_dominant.log	/Users/rosa/Desktop/ALLWork/Madison/Project/ryan-nitfix/intbio-nitfix-git/comparing_trees/result/trees/nifH_consensus50_strict_single_dominant.log
/Users/rosa/Desktop/ALLWork/Madison/Project/ryan-nitfix/intbio-nitfix-git/symbiosis_sorted_all_sample_consensus_sequences_50percent/result/trees/nifD_consensus50_iupac_all_pass_nm5000.treefile	/Users/rosa/Desktop/ALLWork/Madison/Project/ryan-nitfix/intbio-nitfix-git/comparing_trees/result/trees/nifD_consensus50_iupac_all_pass_nm5000.treefile
/Users/rosa/Desktop/ALLWork/Madison/Project/ryan-nitfix/intbio-nitfix-git/symbiosis_sorted_all_sample_consensus_sequences_50percent/result/trees/nifH_consensus50_strict_single_dominant.treefile	/Users/rosa/Desktop/ALLWork/Madison/Project/ryan-nitfix/intbio-nitfix-git/comparing_trees/result/trees/nifH_consensus50_strict_single_dominant.treefile
/Users/rosa/Desktop/ALLWork/Madison/Project/ryan-nitfix/intbio-nitfix-git/symbiosis_sorted_all_sample_consensus_sequences_50percent/result/trees/nifH_consensus50_strict_single_dominant_pct60_depth10_Nle40.contree	/Users/rosa/Desktop/ALLWork/Madison/Project/ryan-nitfix/intbio-nitfix-git/comparing_trees/result/trees/nifH_consensus50_strict_single_dominant_pct60_depth10_Nle40.contree
/Users/rosa/Desktop/ALLWork/Madison/Project/ryan-nitfix/intbio-nitfix-git/symbiosis_sorted_all_sample_consensus_sequences_50percent/result/trees/nifH_reference_746_taxa_tree_nm5000.log	/Users/rosa/Desktop/ALLWork/Madison/Project/ryan-nitfix/intbio-nitfix-git/comparing_trees/result/trees/nifH_reference_746_taxa_tree_nm5000.log
/Users/rosa/Desktop/ALLWork/Madison/Project/ryan-nitfix/intbio-nitfix-git/symbiosis_sorted_all_sample_consensus_sequences_50percent/result/trees/nifD_consensus50_iupac_all_pass_nm5000.iqtree	/Users/rosa/Desktop/ALLWork/Madison/Project/ryan-nitfix/intbio-nitfix-git/comparing_trees/result/trees/nifD_consensus50_iupac_all_pass_nm5000.iqtree
/Users/rosa/Desktop/ALLWork/Madison/Project/ryan-nitfix/intbio-nitfix-git/symbiosis_sorted_all_sample_consensus_sequences_50percent/result/trees/nifD_consensus50_strict_single_dominant_nm5000.treefile	/Users/rosa/Desktop/ALLWork/Madison/Project/ryan-nitfix/intbio-nitfix-git/comparing_trees/result/trees/nifD_consensus50_strict_single_dominant_nm5000.treefile
/Users/rosa/Desktop/ALLWork/Madison/Project/ryan-nitfix/intbio-nitfix-git/symbiosis_sorted_all_sample_consensus_sequences_50percent/result/trees/nifH_consensus50_iupac_all_pass.contree	/Users/rosa/Desktop/ALLWork/Madison/Project/ryan-nitfix/intbio-nitfix-git/comparing_trees/result/trees/nifH_consensus50_iupac_all_pass.contree
/Users/rosa/Desktop/ALLWork/Madison/Project/ryan-nitfix/intbio-nitfix-git/symbiosis_sorted_all_sample_consensus_sequences_50percent/result/trees/nifD_consensus50_iupac_all_pass_nm5000.contree	/Users/rosa/Desktop/ALLWork/Madison/Project/ryan-nitfix/intbio-nitfix-git/comparing_trees/result/trees/nifD_consensus50_iupac_all_pass_nm5000.contree
/Users/rosa/Desktop/ALLWork/Madison/Project/ryan-nitfix/intbio-nitfix-git/symbiosis_sorted_all_sample_consensus_sequences_50percent/result/trees/nifH_consensus50_iupac_all_pass_nm5000.iqtree	/Users/rosa/Desktop/ALLWork/Madison/Project/ryan-nitfix/intbio-nitfix-git/comparing_trees/result/trees/nifH_consensus50_iupac_all_pass_nm5000.iqtree
/Users/rosa/Desktop/ALLWork/Madison/Project/ryan-nitfix/intbio-nitfix-git/symbiosis_sorted_all_sample_consensus_sequences_50percent/result/trees/nifH_consensus50_iupac_all_pass_nm5000.log	/Users/rosa/Desktop/ALLWork/Madison/Project/ryan-nitfix/intbio-nitfix-git/comparing_trees/result/trees/nifH_consensus50_iupac_all_pass_nm5000.log
/Users/rosa/Desktop/ALLWork/Madison/Project/ryan-nitfix/intbio-nitfix-git/symbiosis_sorted_all_sample_consensus_sequences_50percent/result/trees/nifH_consensus50_iupac_all_pass.log	/Users/rosa/Desktop/ALLWork/Madison/Project/ryan-nitfix/intbio-nitfix-git/comparing_trees/result/trees/nifH_consensus50_iupac_all_pass.log
/Users/rosa/Desktop/ALLWork/Madison/Project/ryan-nitfix/intbio-nitfix-git/symbiosis_sorted_all_sample_consensus_sequences_50percent/result/trees/nifH_consensus50_strict_single_dominant_pct60_depth10_Nle40.treefile	/Users/rosa/Desktop/ALLWork/Madison/Project/ryan-nitfix/intbio-nitfix-git/comparing_trees/result/trees/nifH_consensus50_strict_single_dominant_pct60_depth10_Nle40.treefile
/Users/rosa/Desktop/ALLWork/Madison/Project/ryan-nitfix/intbio-nitfix-git/symbiosis_sorted_all_sample_consensus_sequences_50percent/result/trees/nifH_consensus50_strict_single_dominant_pct60_depth10_Nle40.log	/Users/rosa/Desktop/ALLWork/Madison/Project/ryan-nitfix/intbio-nitfix-git/comparing_trees/result/trees/nifH_consensus50_strict_single_dominant_pct60_depth10_Nle40.log
/Users/rosa/Desktop/ALLWork/Madison/Project/ryan-nitfix/intbio-nitfix-git/symbiosis_sorted_all_sample_consensus_sequences_50percent/result/trees/Figure/iupac_pct80_Nle20_itol_family_colorstrip.svg	/Users/rosa/Desktop/ALLWork/Madison/Project/ryan-nitfix/intbio-nitfix-git/comparing_trees/result/trees/Figure/iupac_pct80_Nle20_itol_family_colorstrip.svg
/Users/rosa/Desktop/ALLWork/Madison/Project/ryan-nitfix/intbio-nitfix-git/symbiosis_sorted_all_sample_consensus_sequences_50percent/result/trees/Figure/iupac_nm5000_blast_closest_genus_colorstrip.svg	/Users/rosa/Desktop/ALLWork/Madison/Project/ryan-nitfix/intbio-nitfix-git/comparing_trees/result/trees/Figure/iupac_nm5000_blast_closest_genus_colorstrip.svg
/Users/rosa/Desktop/ALLWork/Madison/Project/ryan-nitfix/intbio-nitfix-git/symbiosis_sorted_all_sample_consensus_sequences_50percent/result/trees/Figure/strict_pct80_Nle20_itol_family_colorstrip.svg	/Users/rosa/Desktop/ALLWork/Madison/Project/ryan-nitfix/intbio-nitfix-git/comparing_trees/result/trees/Figure/strict_pct80_Nle20_itol_family_colorstrip.svg
/Users/rosa/Desktop/ALLWork/Madison/Project/ryan-nitfix/intbio-nitfix-git/symbiosis_sorted_all_sample_consensus_sequences_50percent/result/trees/Figure/strict_pct60_nm5000_blast_closest_taxa_colorstrip.svg	/Users/rosa/Desktop/ALLWork/Madison/Project/ryan-nitfix/intbio-nitfix-git/comparing_trees/result/trees/Figure/strict_pct60_nm5000_blast_closest_taxa_colorstrip.svg
/Users/rosa/Desktop/ALLWork/Madison/Project/ryan-nitfix/intbio-nitfix-git/symbiosis_sorted_all_sample_consensus_sequences_50percent/result/trees/Figure/strict_pct60_Nle40_itol_sample_type_colorstrip.svg	/Users/rosa/Desktop/ALLWork/Madison/Project/ryan-nitfix/intbio-nitfix-git/comparing_trees/result/trees/Figure/strict_pct60_Nle40_itol_sample_type_colorstrip.svg
/Users/rosa/Desktop/ALLWork/Madison/Project/ryan-nitfix/intbio-nitfix-git/symbiosis_sorted_all_sample_consensus_sequences_50percent/result/trees/Figure/strict_pct80_Nle20_itol_native_colorstrip.svg	/Users/rosa/Desktop/ALLWork/Madison/Project/ryan-nitfix/intbio-nitfix-git/comparing_trees/result/trees/Figure/strict_pct80_Nle20_itol_native_colorstrip.svg
/Users/rosa/Desktop/ALLWork/Madison/Project/ryan-nitfix/intbio-nitfix-git/symbiosis_sorted_all_sample_consensus_sequences_50percent/result/trees/Figure/iupac_nm5000_blast_closest_taxon_colorstrip.svg	/Users/rosa/Desktop/ALLWork/Madison/Project/ryan-nitfix/intbio-nitfix-git/comparing_trees/result/trees/Figure/iupac_nm5000_blast_closest_taxon_colorstrip.svg
/Users/rosa/Desktop/ALLWork/Madison/Project/ryan-nitfix/intbio-nitfix-git/symbiosis_sorted_all_sample_consensus_sequences_50percent/result/trees/Figure/strict_pct80_Nle20_itol_tribe_colorstrip.svg	/Users/rosa/Desktop/ALLWork/Madison/Project/ryan-nitfix/intbio-nitfix-git/comparing_trees/result/trees/Figure/strict_pct80_Nle20_itol_tribe_colorstrip.svg
/Users/rosa/Desktop/ALLWork/Madison/Project/ryan-nitfix/intbio-nitfix-git/symbiosis_sorted_all_sample_consensus_sequences_50percent/result/trees/Figure/strict_single_blast_closest_genus_colorstrip_5000.svg	/Users/rosa/Desktop/ALLWork/Madison/Project/ryan-nitfix/intbio-nitfix-git/comparing_trees/result/trees/Figure/strict_single_blast_closest_genus_colorstrip_5000.svg
/Users/rosa/Desktop/ALLWork/Madison/Project/ryan-nitfix/intbio-nitfix-git/symbiosis_sorted_all_sample_consensus_sequences_50percent/result/trees/Figure/strict_single_blast_closest_taxon_colorstrip_5000.svg	/Users/rosa/Desktop/ALLWork/Madison/Project/ryan-nitfix/intbio-nitfix-git/comparing_trees/result/trees/Figure/strict_single_blast_closest_taxon_colorstrip_5000.svg
/Users/rosa/Desktop/ALLWork/Madison/Project/ryan-nitfix/intbio-nitfix-git/symbiosis_sorted_all_sample_consensus_sequences_50percent/result/trees/Figure/strict_pct80_Nle20_itol_sample_type_colorstrip.svg	/Users/rosa/Desktop/ALLWork/Madison/Project/ryan-nitfix/intbio-nitfix-git/comparing_trees/result/trees/Figure/strict_pct80_Nle20_itol_sample_type_colorstrip.svg
/Users/rosa/Desktop/ALLWork/Madison/Project/ryan-nitfix/intbio-nitfix-git/symbiosis_sorted_all_sample_consensus_sequences_50percent/result/trees/Figure/iupac_pct80_Nle20_itol_sample_type_colorstrip.svg	/Users/rosa/Desktop/ALLWork/Madison/Project/ryan-nitfix/intbio-nitfix-git/comparing_trees/result/trees/Figure/iupac_pct80_Nle20_itol_sample_type_colorstrip.svg
/Users/rosa/Desktop/ALLWork/Madison/Project/ryan-nitfix/intbio-nitfix-git/symbiosis_sorted_all_sample_consensus_sequences_50percent/result/trees/Figure/strict_pct60_nm5000_blast_closest_genus_colorstrip.svg	/Users/rosa/Desktop/ALLWork/Madison/Project/ryan-nitfix/intbio-nitfix-git/comparing_trees/result/trees/Figure/strict_pct60_nm5000_blast_closest_genus_colorstrip.svg
/Users/rosa/Desktop/ALLWork/Madison/Project/ryan-nitfix/intbio-nitfix-git/symbiosis_sorted_all_sample_consensus_sequences_50percent/result/trees/Figure/strict_pct60_Nle40_itol_family_colorstrip.svg	/Users/rosa/Desktop/ALLWork/Madison/Project/ryan-nitfix/intbio-nitfix-git/comparing_trees/result/trees/Figure/strict_pct60_Nle40_itol_family_colorstrip.svg
/Users/rosa/Desktop/ALLWork/Madison/Project/ryan-nitfix/intbio-nitfix-git/symbiosis_sorted_all_sample_consensus_sequences_50percent/result/gene_trees_full/noeB/02_alignment/noeB_consensus50_strict_single_dominant.mafft.fasta.lengths.txt	/Users/rosa/Desktop/ALLWork/Madison/Project/ryan-nitfix/intbio-nitfix-git/comparing_trees/result/gene_trees_full/noeB/02_alignment/noeB_consensus50_strict_single_dominant.mafft.fasta.lengths.txt
/Users/rosa/Desktop/ALLWork/Madison/Project/ryan-nitfix/intbio-nitfix-git/symbiosis_sorted_all_sample_consensus_sequences_50percent/result/gene_trees_full/noeB/02_alignment/noeB_consensus50_iupac_all_pass.mafft.fasta.log	/Users/rosa/Desktop/ALLWork/Madison/Project/ryan-nitfix/intbio-nitfix-git/comparing_trees/result/gene_trees_full/noeB/02_alignment/noeB_consensus50_iupac_all_pass.mafft.fasta.log
/Users/rosa/Desktop/ALLWork/Madison/Project/ryan-nitfix/intbio-nitfix-git/symbiosis_sorted_all_sample_consensus_sequences_50percent/result/gene_trees_full/noeB/02_alignment/noeB_consensus50_iupac_all_pass.mafft.fasta.lengths.txt	/Users/rosa/Desktop/ALLWork/Madison/Project/ryan-nitfix/intbio-nitfix-git/comparing_trees/result/gene_trees_full/noeB/02_alignment/noeB_consensus50_iupac_all_pass.mafft.fasta.lengths.txt
/Users/rosa/Desktop/ALLWork/Madison/Project/ryan-nitfix/intbio-nitfix-git/symbiosis_sorted_all_sample_consensus_sequences_50percent/result/gene_trees_full/noeB/02_alignment/noeB_consensus50_strict_single_dominant.mafft.fasta.log	/Users/rosa/Desktop/ALLWork/Madison/Project/ryan-nitfix/intbio-nitfix-git/comparing_trees/result/gene_trees_full/noeB/02_alignment/noeB_consensus50_strict_single_dominant.mafft.fasta.log
/Users/rosa/Desktop/ALLWork/Madison/Project/ryan-nitfix/intbio-nitfix-git/symbiosis_sorted_all_sample_consensus_sequences_50percent/result/gene_trees_full/noeB/04_tree_iupac_nm5000/noeB_consensus50_iupac_all_pass_nm5000.log	/Users/rosa/Desktop/ALLWork/Madison/Project/ryan-nitfix/intbio-nitfix-git/comparing_trees/result/gene_trees_full/noeB/04_tree_iupac_nm5000/noeB_consensus50_iupac_all_pass_nm5000.log
/Users/rosa/Desktop/ALLWork/Madison/Project/ryan-nitfix/intbio-nitfix-git/symbiosis_sorted_all_sample_consensus_sequences_50percent/result/gene_trees_full/noeB/04_tree_iupac_nm5000/noeB_consensus50_iupac_all_pass_nm5000.run.log	/Users/rosa/Desktop/ALLWork/Madison/Project/ryan-nitfix/intbio-nitfix-git/comparing_trees/result/gene_trees_full/noeB/04_tree_iupac_nm5000/noeB_consensus50_iupac_all_pass_nm5000.run.log
/Users/rosa/Desktop/ALLWork/Madison/Project/ryan-nitfix/intbio-nitfix-git/symbiosis_sorted_all_sample_consensus_sequences_50percent/result/gene_trees_full/noeB/04_tree_iupac_nm5000/noeB_consensus50_iupac_all_pass_nm5000.iqtree	/Users/rosa/Desktop/ALLWork/Madison/Project/ryan-nitfix/intbio-nitfix-git/comparing_trees/result/gene_trees_full/noeB/04_tree_iupac_nm5000/noeB_consensus50_iupac_all_pass_nm5000.iqtree
/Users/rosa/Desktop/ALLWork/Madison/Project/ryan-nitfix/intbio-nitfix-git/symbiosis_sorted_all_sample_consensus_sequences_50percent/result/gene_trees_full/noeB/04_tree_iupac_nm5000/noeB_consensus50_iupac_all_pass_nm5000.treefile	/Users/rosa/Desktop/ALLWork/Madison/Project/ryan-nitfix/intbio-nitfix-git/comparing_trees/result/gene_trees_full/noeB/04_tree_iupac_nm5000/noeB_consensus50_iupac_all_pass_nm5000.treefile
/Users/rosa/Desktop/ALLWork/Madison/Project/ryan-nitfix/intbio-nitfix-git/symbiosis_sorted_all_sample_consensus_sequences_50percent/result/gene_trees_full/noeB/04_tree_iupac_nm5000/noeB_consensus50_iupac_all_pass_nm5000.contree	/Users/rosa/Desktop/ALLWork/Madison/Project/ryan-nitfix/intbio-nitfix-git/comparing_trees/result/gene_trees_full/noeB/04_tree_iupac_nm5000/noeB_consensus50_iupac_all_pass_nm5000.contree
/Users/rosa/Desktop/ALLWork/Madison/Project/ryan-nitfix/intbio-nitfix-git/symbiosis_sorted_all_sample_consensus_sequences_50percent/result/gene_trees_full/noeB/01_consensus/noeB_selected_samples.tsv	/Users/rosa/Desktop/ALLWork/Madison/Project/ryan-nitfix/intbio-nitfix-git/comparing_trees/result/gene_trees_full/noeB/01_consensus/noeB_selected_samples.tsv
/Users/rosa/Desktop/ALLWork/Madison/Project/ryan-nitfix/intbio-nitfix-git/symbiosis_sorted_all_sample_consensus_sequences_50percent/result/gene_trees_full/noeB/01_consensus/noeB_consensus_qc.tsv	/Users/rosa/Desktop/ALLWork/Madison/Project/ryan-nitfix/intbio-nitfix-git/comparing_trees/result/gene_trees_full/noeB/01_consensus/noeB_consensus_qc.tsv
/Users/rosa/Desktop/ALLWork/Madison/Project/ryan-nitfix/intbio-nitfix-git/symbiosis_sorted_all_sample_consensus_sequences_50percent/result/gene_trees_full/noeB/05_blast_taxon_annotation/noeB_strict_blast.tsv	/Users/rosa/Desktop/ALLWork/Madison/Project/ryan-nitfix/intbio-nitfix-git/comparing_trees/result/gene_trees_full/noeB/05_blast_taxon_annotation/noeB_strict_blast.tsv
/Users/rosa/Desktop/ALLWork/Madison/Project/ryan-nitfix/intbio-nitfix-git/symbiosis_sorted_all_sample_consensus_sequences_50percent/result/gene_trees_full/noeB/05_blast_taxon_annotation/noeB_strict_best_reference_hit_with_taxon.tsv	/Users/rosa/Desktop/ALLWork/Madison/Project/ryan-nitfix/intbio-nitfix-git/comparing_trees/result/gene_trees_full/noeB/05_blast_taxon_annotation/noeB_strict_best_reference_hit_with_taxon.tsv
/Users/rosa/Desktop/ALLWork/Madison/Project/ryan-nitfix/intbio-nitfix-git/symbiosis_sorted_all_sample_consensus_sequences_50percent/result/gene_trees_full/noeB/05_blast_taxon_annotation/noeB_iupac_blast.tsv	/Users/rosa/Desktop/ALLWork/Madison/Project/ryan-nitfix/intbio-nitfix-git/comparing_trees/result/gene_trees_full/noeB/05_blast_taxon_annotation/noeB_iupac_blast.tsv
/Users/rosa/Desktop/ALLWork/Madison/Project/ryan-nitfix/intbio-nitfix-git/symbiosis_sorted_all_sample_consensus_sequences_50percent/result/gene_trees_full/noeB/05_blast_taxon_annotation/noeB_iupac_best_reference_hit_with_taxon.tsv	/Users/rosa/Desktop/ALLWork/Madison/Project/ryan-nitfix/intbio-nitfix-git/comparing_trees/result/gene_trees_full/noeB/05_blast_taxon_annotation/noeB_iupac_best_reference_hit_with_taxon.tsv
/Users/rosa/Desktop/ALLWork/Madison/Project/ryan-nitfix/intbio-nitfix-git/symbiosis_sorted_all_sample_consensus_sequences_50percent/result/gene_trees_full/noeB/03_tree_strict_nm5000/noeB_consensus50_strict_single_dominant_nm5000.run.log	/Users/rosa/Desktop/ALLWork/Madison/Project/ryan-nitfix/intbio-nitfix-git/comparing_trees/result/gene_trees_full/noeB/03_tree_strict_nm5000/noeB_consensus50_strict_single_dominant_nm5000.run.log
/Users/rosa/Desktop/ALLWork/Madison/Project/ryan-nitfix/intbio-nitfix-git/symbiosis_sorted_all_sample_consensus_sequences_50percent/result/gene_trees_full/noeB/03_tree_strict_nm5000/noeB_consensus50_strict_single_dominant_nm5000.iqtree	/Users/rosa/Desktop/ALLWork/Madison/Project/ryan-nitfix/intbio-nitfix-git/comparing_trees/result/gene_trees_full/noeB/03_tree_strict_nm5000/noeB_consensus50_strict_single_dominant_nm5000.iqtree
/Users/rosa/Desktop/ALLWork/Madison/Project/ryan-nitfix/intbio-nitfix-git/symbiosis_sorted_all_sample_consensus_sequences_50percent/result/gene_trees_full/noeB/03_tree_strict_nm5000/noeB_consensus50_strict_single_dominant_nm5000.log	/Users/rosa/Desktop/ALLWork/Madison/Project/ryan-nitfix/intbio-nitfix-git/comparing_trees/result/gene_trees_full/noeB/03_tree_strict_nm5000/noeB_consensus50_strict_single_dominant_nm5000.log
/Users/rosa/Desktop/ALLWork/Madison/Project/ryan-nitfix/intbio-nitfix-git/symbiosis_sorted_all_sample_consensus_sequences_50percent/result/gene_trees_full/noeB/03_tree_strict_nm5000/noeB_consensus50_strict_single_dominant_nm5000.contree	/Users/rosa/Desktop/ALLWork/Madison/Project/ryan-nitfix/intbio-nitfix-git/comparing_trees/result/gene_trees_full/noeB/03_tree_strict_nm5000/noeB_consensus50_strict_single_dominant_nm5000.contree
/Users/rosa/Desktop/ALLWork/Madison/Project/ryan-nitfix/intbio-nitfix-git/symbiosis_sorted_all_sample_consensus_sequences_50percent/result/gene_trees_full/noeB/03_tree_strict_nm5000/noeB_consensus50_strict_single_dominant_nm5000.treefile	/Users/rosa/Desktop/ALLWork/Madison/Project/ryan-nitfix/intbio-nitfix-git/comparing_trees/result/gene_trees_full/noeB/03_tree_strict_nm5000/noeB_consensus50_strict_single_dominant_nm5000.treefile
/Users/rosa/Desktop/ALLWork/Madison/Project/ryan-nitfix/intbio-nitfix-git/symbiosis_sorted_all_sample_consensus_sequences_50percent/result/gene_trees_full/nifH/02_alignment/nifH_consensus50_iupac_all_pass.mafft.fasta.log	/Users/rosa/Desktop/ALLWork/Madison/Project/ryan-nitfix/intbio-nitfix-git/comparing_trees/result/gene_trees_full/nifH/02_alignment/nifH_consensus50_iupac_all_pass.mafft.fasta.log
/Users/rosa/Desktop/ALLWork/Madison/Project/ryan-nitfix/intbio-nitfix-git/symbiosis_sorted_all_sample_consensus_sequences_50percent/result/gene_trees_full/nifH/02_alignment/nifH_consensus50_strict_single_dominant.mafft.fasta.log	/Users/rosa/Desktop/ALLWork/Madison/Project/ryan-nitfix/intbio-nitfix-git/comparing_trees/result/gene_trees_full/nifH/02_alignment/nifH_consensus50_strict_single_dominant.mafft.fasta.log
/Users/rosa/Desktop/ALLWork/Madison/Project/ryan-nitfix/intbio-nitfix-git/symbiosis_sorted_all_sample_consensus_sequences_50percent/result/gene_trees_full/nifH/02_alignment/nifH_consensus50_iupac_all_pass.mafft.fasta.lengths.txt	/Users/rosa/Desktop/ALLWork/Madison/Project/ryan-nitfix/intbio-nitfix-git/comparing_trees/result/gene_trees_full/nifH/02_alignment/nifH_consensus50_iupac_all_pass.mafft.fasta.lengths.txt
/Users/rosa/Desktop/ALLWork/Madison/Project/ryan-nitfix/intbio-nitfix-git/symbiosis_sorted_all_sample_consensus_sequences_50percent/result/gene_trees_full/nifH/02_alignment/nifH_consensus50_strict_single_dominant.mafft.fasta.lengths.txt	/Users/rosa/Desktop/ALLWork/Madison/Project/ryan-nitfix/intbio-nitfix-git/comparing_trees/result/gene_trees_full/nifH/02_alignment/nifH_consensus50_strict_single_dominant.mafft.fasta.lengths.txt
/Users/rosa/Desktop/ALLWork/Madison/Project/ryan-nitfix/intbio-nitfix-git/symbiosis_sorted_all_sample_consensus_sequences_50percent/result/gene_trees_full/nifH/04_tree_iupac_nm5000/nifH_consensus50_iupac_all_pass_nm5000.contree	/Users/rosa/Desktop/ALLWork/Madison/Project/ryan-nitfix/intbio-nitfix-git/comparing_trees/result/gene_trees_full/nifH/04_tree_iupac_nm5000/nifH_consensus50_iupac_all_pass_nm5000.contree
/Users/rosa/Desktop/ALLWork/Madison/Project/ryan-nitfix/intbio-nitfix-git/symbiosis_sorted_all_sample_consensus_sequences_50percent/result/gene_trees_full/nifH/04_tree_iupac_nm5000/nifH_consensus50_iupac_all_pass_nm5000.treefile	/Users/rosa/Desktop/ALLWork/Madison/Project/ryan-nitfix/intbio-nitfix-git/comparing_trees/result/gene_trees_full/nifH/04_tree_iupac_nm5000/nifH_consensus50_iupac_all_pass_nm5000.treefile
/Users/rosa/Desktop/ALLWork/Madison/Project/ryan-nitfix/intbio-nitfix-git/symbiosis_sorted_all_sample_consensus_sequences_50percent/result/gene_trees_full/nifH/04_tree_iupac_nm5000/nifH_consensus50_iupac_all_pass_nm5000.iqtree	/Users/rosa/Desktop/ALLWork/Madison/Project/ryan-nitfix/intbio-nitfix-git/comparing_trees/result/gene_trees_full/nifH/04_tree_iupac_nm5000/nifH_consensus50_iupac_all_pass_nm5000.iqtree
/Users/rosa/Desktop/ALLWork/Madison/Project/ryan-nitfix/intbio-nitfix-git/symbiosis_sorted_all_sample_consensus_sequences_50percent/result/gene_trees_full/nifH/04_tree_iupac_nm5000/nifH_consensus50_iupac_all_pass_nm5000.log	/Users/rosa/Desktop/ALLWork/Madison/Project/ryan-nitfix/intbio-nitfix-git/comparing_trees/result/gene_trees_full/nifH/04_tree_iupac_nm5000/nifH_consensus50_iupac_all_pass_nm5000.log
/Users/rosa/Desktop/ALLWork/Madison/Project/ryan-nitfix/intbio-nitfix-git/symbiosis_sorted_all_sample_consensus_sequences_50percent/result/gene_trees_full/nifH/01_consensus/nifH_consensus_qc.tsv	/Users/rosa/Desktop/ALLWork/Madison/Project/ryan-nitfix/intbio-nitfix-git/comparing_trees/result/gene_trees_full/nifH/01_consensus/nifH_consensus_qc.tsv
/Users/rosa/Desktop/ALLWork/Madison/Project/ryan-nitfix/intbio-nitfix-git/symbiosis_sorted_all_sample_consensus_sequences_50percent/result/gene_trees_full/nifH/01_consensus/nifH_selected_samples.tsv	/Users/rosa/Desktop/ALLWork/Madison/Project/ryan-nitfix/intbio-nitfix-git/comparing_trees/result/gene_trees_full/nifH/01_consensus/nifH_selected_samples.tsv
/Users/rosa/Desktop/ALLWork/Madison/Project/ryan-nitfix/intbio-nitfix-git/symbiosis_sorted_all_sample_consensus_sequences_50percent/result/gene_trees_full/nifH/05_blast_taxon_annotation/nifH_iupac_blast.tsv	/Users/rosa/Desktop/ALLWork/Madison/Project/ryan-nitfix/intbio-nitfix-git/comparing_trees/result/gene_trees_full/nifH/05_blast_taxon_annotation/nifH_iupac_blast.tsv
/Users/rosa/Desktop/ALLWork/Madison/Project/ryan-nitfix/intbio-nitfix-git/symbiosis_sorted_all_sample_consensus_sequences_50percent/result/gene_trees_full/nifH/05_blast_taxon_annotation/nifH_iupac_best_reference_hit_with_taxon.tsv	/Users/rosa/Desktop/ALLWork/Madison/Project/ryan-nitfix/intbio-nitfix-git/comparing_trees/result/gene_trees_full/nifH/05_blast_taxon_annotation/nifH_iupac_best_reference_hit_with_taxon.tsv
/Users/rosa/Desktop/ALLWork/Madison/Project/ryan-nitfix/intbio-nitfix-git/symbiosis_sorted_all_sample_consensus_sequences_50percent/result/gene_trees_full/nifH/05_blast_taxon_annotation/nifH_strict_blast.tsv	/Users/rosa/Desktop/ALLWork/Madison/Project/ryan-nitfix/intbio-nitfix-git/comparing_trees/result/gene_trees_full/nifH/05_blast_taxon_annotation/nifH_strict_blast.tsv
/Users/rosa/Desktop/ALLWork/Madison/Project/ryan-nitfix/intbio-nitfix-git/symbiosis_sorted_all_sample_consensus_sequences_50percent/result/gene_trees_full/nifH/05_blast_taxon_annotation/nifH_strict_best_reference_hit_with_taxon.tsv	/Users/rosa/Desktop/ALLWork/Madison/Project/ryan-nitfix/intbio-nitfix-git/comparing_trees/result/gene_trees_full/nifH/05_blast_taxon_annotation/nifH_strict_best_reference_hit_with_taxon.tsv
/Users/rosa/Desktop/ALLWork/Madison/Project/ryan-nitfix/intbio-nitfix-git/symbiosis_sorted_all_sample_consensus_sequences_50percent/result/gene_trees_full/nifH/03_tree_strict_nm5000/nifH_consensus50_strict_single_dominant_nm5000.treefile	/Users/rosa/Desktop/ALLWork/Madison/Project/ryan-nitfix/intbio-nitfix-git/comparing_trees/result/gene_trees_full/nifH/03_tree_strict_nm5000/nifH_consensus50_strict_single_dominant_nm5000.treefile
/Users/rosa/Desktop/ALLWork/Madison/Project/ryan-nitfix/intbio-nitfix-git/symbiosis_sorted_all_sample_consensus_sequences_50percent/result/gene_trees_full/nifH/03_tree_strict_nm5000/nifH_consensus50_strict_single_dominant_nm5000.contree	/Users/rosa/Desktop/ALLWork/Madison/Project/ryan-nitfix/intbio-nitfix-git/comparing_trees/result/gene_trees_full/nifH/03_tree_strict_nm5000/nifH_consensus50_strict_single_dominant_nm5000.contree
/Users/rosa/Desktop/ALLWork/Madison/Project/ryan-nitfix/intbio-nitfix-git/symbiosis_sorted_all_sample_consensus_sequences_50percent/result/gene_trees_full/nifH/03_tree_strict_nm5000/nifH_consensus50_strict_single_dominant_nm5000.iqtree	/Users/rosa/Desktop/ALLWork/Madison/Project/ryan-nitfix/intbio-nitfix-git/comparing_trees/result/gene_trees_full/nifH/03_tree_strict_nm5000/nifH_consensus50_strict_single_dominant_nm5000.iqtree
/Users/rosa/Desktop/ALLWork/Madison/Project/ryan-nitfix/intbio-nitfix-git/symbiosis_sorted_all_sample_consensus_sequences_50percent/result/gene_trees_full/nifH/03_tree_strict_nm5000/nifH_consensus50_strict_single_dominant_nm5000.log	/Users/rosa/Desktop/ALLWork/Madison/Project/ryan-nitfix/intbio-nitfix-git/comparing_trees/result/gene_trees_full/nifH/03_tree_strict_nm5000/nifH_consensus50_strict_single_dominant_nm5000.log
/Users/rosa/Desktop/ALLWork/Madison/Project/ryan-nitfix/intbio-nitfix-git/symbiosis_sorted_all_sample_consensus_sequences_50percent/result/gene_trees_full/nifH/03_tree_strict_nm5000/nifH_consensus50_strict_single_dominant_nm5000.run.log	/Users/rosa/Desktop/ALLWork/Madison/Project/ryan-nitfix/intbio-nitfix-git/comparing_trees/result/gene_trees_full/nifH/03_tree_strict_nm5000/nifH_consensus50_strict_single_dominant_nm5000.run.log
/Users/rosa/Desktop/ALLWork/Madison/Project/ryan-nitfix/intbio-nitfix-git/symbiosis_sorted_all_sample_consensus_sequences_50percent/result/gene_trees_full/nolG/02_alignment/nolG_consensus50_iupac_all_pass.mafft.fasta.log	/Users/rosa/Desktop/ALLWork/Madison/Project/ryan-nitfix/intbio-nitfix-git/comparing_trees/result/gene_trees_full/nolG/02_alignment/nolG_consensus50_iupac_all_pass.mafft.fasta.log
/Users/rosa/Desktop/ALLWork/Madison/Project/ryan-nitfix/intbio-nitfix-git/symbiosis_sorted_all_sample_consensus_sequences_50percent/result/gene_trees_full/nolG/02_alignment/nolG_consensus50_iupac_all_pass.mafft.fasta.lengths.txt	/Users/rosa/Desktop/ALLWork/Madison/Project/ryan-nitfix/intbio-nitfix-git/comparing_trees/result/gene_trees_full/nolG/02_alignment/nolG_consensus50_iupac_all_pass.mafft.fasta.lengths.txt
/Users/rosa/Desktop/ALLWork/Madison/Project/ryan-nitfix/intbio-nitfix-git/symbiosis_sorted_all_sample_consensus_sequences_50percent/result/gene_trees_full/nolG/02_alignment/nolG_consensus50_strict_single_dominant.mafft.fasta.log	/Users/rosa/Desktop/ALLWork/Madison/Project/ryan-nitfix/intbio-nitfix-git/comparing_trees/result/gene_trees_full/nolG/02_alignment/nolG_consensus50_strict_single_dominant.mafft.fasta.log
/Users/rosa/Desktop/ALLWork/Madison/Project/ryan-nitfix/intbio-nitfix-git/symbiosis_sorted_all_sample_consensus_sequences_50percent/result/gene_trees_full/nolG/02_alignment/nolG_consensus50_strict_single_dominant.mafft.fasta.lengths.txt	/Users/rosa/Desktop/ALLWork/Madison/Project/ryan-nitfix/intbio-nitfix-git/comparing_trees/result/gene_trees_full/nolG/02_alignment/nolG_consensus50_strict_single_dominant.mafft.fasta.lengths.txt
/Users/rosa/Desktop/ALLWork/Madison/Project/ryan-nitfix/intbio-nitfix-git/symbiosis_sorted_all_sample_consensus_sequences_50percent/result/gene_trees_full/nolG/04_tree_iupac_nm5000/nolG_consensus50_iupac_all_pass_nm5000.contree	/Users/rosa/Desktop/ALLWork/Madison/Project/ryan-nitfix/intbio-nitfix-git/comparing_trees/result/gene_trees_full/nolG/04_tree_iupac_nm5000/nolG_consensus50_iupac_all_pass_nm5000.contree
/Users/rosa/Desktop/ALLWork/Madison/Project/ryan-nitfix/intbio-nitfix-git/symbiosis_sorted_all_sample_consensus_sequences_50percent/result/gene_trees_full/nolG/04_tree_iupac_nm5000/nolG_consensus50_iupac_all_pass_nm5000.treefile	/Users/rosa/Desktop/ALLWork/Madison/Project/ryan-nitfix/intbio-nitfix-git/comparing_trees/result/gene_trees_full/nolG/04_tree_iupac_nm5000/nolG_consensus50_iupac_all_pass_nm5000.treefile
/Users/rosa/Desktop/ALLWork/Madison/Project/ryan-nitfix/intbio-nitfix-git/symbiosis_sorted_all_sample_consensus_sequences_50percent/result/gene_trees_full/nolG/04_tree_iupac_nm5000/nolG_consensus50_iupac_all_pass_nm5000.log	/Users/rosa/Desktop/ALLWork/Madison/Project/ryan-nitfix/intbio-nitfix-git/comparing_trees/result/gene_trees_full/nolG/04_tree_iupac_nm5000/nolG_consensus50_iupac_all_pass_nm5000.log
/Users/rosa/Desktop/ALLWork/Madison/Project/ryan-nitfix/intbio-nitfix-git/symbiosis_sorted_all_sample_consensus_sequences_50percent/result/gene_trees_full/nolG/04_tree_iupac_nm5000/nolG_consensus50_iupac_all_pass_nm5000.run.log	/Users/rosa/Desktop/ALLWork/Madison/Project/ryan-nitfix/intbio-nitfix-git/comparing_trees/result/gene_trees_full/nolG/04_tree_iupac_nm5000/nolG_consensus50_iupac_all_pass_nm5000.run.log
/Users/rosa/Desktop/ALLWork/Madison/Project/ryan-nitfix/intbio-nitfix-git/symbiosis_sorted_all_sample_consensus_sequences_50percent/result/gene_trees_full/nolG/04_tree_iupac_nm5000/nolG_consensus50_iupac_all_pass_nm5000.iqtree	/Users/rosa/Desktop/ALLWork/Madison/Project/ryan-nitfix/intbio-nitfix-git/comparing_trees/result/gene_trees_full/nolG/04_tree_iupac_nm5000/nolG_consensus50_iupac_all_pass_nm5000.iqtree
/Users/rosa/Desktop/ALLWork/Madison/Project/ryan-nitfix/intbio-nitfix-git/symbiosis_sorted_all_sample_consensus_sequences_50percent/result/gene_trees_full/nolG/05_blast_taxon_annotation/nolG_iupac_blast.tsv	/Users/rosa/Desktop/ALLWork/Madison/Project/ryan-nitfix/intbio-nitfix-git/comparing_trees/result/gene_trees_full/nolG/05_blast_taxon_annotation/nolG_iupac_blast.tsv
/Users/rosa/Desktop/ALLWork/Madison/Project/ryan-nitfix/intbio-nitfix-git/symbiosis_sorted_all_sample_consensus_sequences_50percent/result/gene_trees_full/nolG/05_blast_taxon_annotation/nolG_iupac_best_reference_hit_with_taxon.tsv	/Users/rosa/Desktop/ALLWork/Madison/Project/ryan-nitfix/intbio-nitfix-git/comparing_trees/result/gene_trees_full/nolG/05_blast_taxon_annotation/nolG_iupac_best_reference_hit_with_taxon.tsv
/Users/rosa/Desktop/ALLWork/Madison/Project/ryan-nitfix/intbio-nitfix-git/symbiosis_sorted_all_sample_consensus_sequences_50percent/result/gene_trees_full/nolG/05_blast_taxon_annotation/nolG_strict_best_reference_hit_with_taxon.tsv	/Users/rosa/Desktop/ALLWork/Madison/Project/ryan-nitfix/intbio-nitfix-git/comparing_trees/result/gene_trees_full/nolG/05_blast_taxon_annotation/nolG_strict_best_reference_hit_with_taxon.tsv
/Users/rosa/Desktop/ALLWork/Madison/Project/ryan-nitfix/intbio-nitfix-git/symbiosis_sorted_all_sample_consensus_sequences_50percent/result/gene_trees_full/nolG/05_blast_taxon_annotation/nolG_strict_blast.tsv	/Users/rosa/Desktop/ALLWork/Madison/Project/ryan-nitfix/intbio-nitfix-git/comparing_trees/result/gene_trees_full/nolG/05_blast_taxon_annotation/nolG_strict_blast.tsv
/Users/rosa/Desktop/ALLWork/Madison/Project/ryan-nitfix/intbio-nitfix-git/symbiosis_sorted_all_sample_consensus_sequences_50percent/result/gene_trees_full/nolG/03_tree_strict_nm5000/nolG_consensus50_strict_single_dominant_nm5000.log	/Users/rosa/Desktop/ALLWork/Madison/Project/ryan-nitfix/intbio-nitfix-git/comparing_trees/result/gene_trees_full/nolG/03_tree_strict_nm5000/nolG_consensus50_strict_single_dominant_nm5000.log
/Users/rosa/Desktop/ALLWork/Madison/Project/ryan-nitfix/intbio-nitfix-git/symbiosis_sorted_all_sample_consensus_sequences_50percent/result/gene_trees_full/nolG/03_tree_strict_nm5000/nolG_consensus50_strict_single_dominant_nm5000.contree	/Users/rosa/Desktop/ALLWork/Madison/Project/ryan-nitfix/intbio-nitfix-git/comparing_trees/result/gene_trees_full/nolG/03_tree_strict_nm5000/nolG_consensus50_strict_single_dominant_nm5000.contree
/Users/rosa/Desktop/ALLWork/Madison/Project/ryan-nitfix/intbio-nitfix-git/symbiosis_sorted_all_sample_consensus_sequences_50percent/result/gene_trees_full/nolG/03_tree_strict_nm5000/nolG_consensus50_strict_single_dominant_nm5000.iqtree	/Users/rosa/Desktop/ALLWork/Madison/Project/ryan-nitfix/intbio-nitfix-git/comparing_trees/result/gene_trees_full/nolG/03_tree_strict_nm5000/nolG_consensus50_strict_single_dominant_nm5000.iqtree
/Users/rosa/Desktop/ALLWork/Madison/Project/ryan-nitfix/intbio-nitfix-git/symbiosis_sorted_all_sample_consensus_sequences_50percent/result/gene_trees_full/nolG/03_tree_strict_nm5000/nolG_consensus50_strict_single_dominant_nm5000.treefile	/Users/rosa/Desktop/ALLWork/Madison/Project/ryan-nitfix/intbio-nitfix-git/comparing_trees/result/gene_trees_full/nolG/03_tree_strict_nm5000/nolG_consensus50_strict_single_dominant_nm5000.treefile
/Users/rosa/Desktop/ALLWork/Madison/Project/ryan-nitfix/intbio-nitfix-git/symbiosis_sorted_all_sample_consensus_sequences_50percent/result/gene_trees_full/nolG/03_tree_strict_nm5000/nolG_consensus50_strict_single_dominant_nm5000.run.log	/Users/rosa/Desktop/ALLWork/Madison/Project/ryan-nitfix/intbio-nitfix-git/comparing_trees/result/gene_trees_full/nolG/03_tree_strict_nm5000/nolG_consensus50_strict_single_dominant_nm5000.run.log
/Users/rosa/Desktop/ALLWork/Madison/Project/ryan-nitfix/intbio-nitfix-git/symbiosis_sorted_all_sample_consensus_sequences_50percent/result/gene_trees_full/nifK/02_alignment/nifK_consensus50_iupac_all_pass.mafft.fasta.lengths.txt	/Users/rosa/Desktop/ALLWork/Madison/Project/ryan-nitfix/intbio-nitfix-git/comparing_trees/result/gene_trees_full/nifK/02_alignment/nifK_consensus50_iupac_all_pass.mafft.fasta.lengths.txt
/Users/rosa/Desktop/ALLWork/Madison/Project/ryan-nitfix/intbio-nitfix-git/symbiosis_sorted_all_sample_consensus_sequences_50percent/result/gene_trees_full/nifK/02_alignment/nifK_consensus50_strict_single_dominant.mafft.fasta.log	/Users/rosa/Desktop/ALLWork/Madison/Project/ryan-nitfix/intbio-nitfix-git/comparing_trees/result/gene_trees_full/nifK/02_alignment/nifK_consensus50_strict_single_dominant.mafft.fasta.log
/Users/rosa/Desktop/ALLWork/Madison/Project/ryan-nitfix/intbio-nitfix-git/symbiosis_sorted_all_sample_consensus_sequences_50percent/result/gene_trees_full/nifK/02_alignment/nifK_consensus50_iupac_all_pass.mafft.fasta.log	/Users/rosa/Desktop/ALLWork/Madison/Project/ryan-nitfix/intbio-nitfix-git/comparing_trees/result/gene_trees_full/nifK/02_alignment/nifK_consensus50_iupac_all_pass.mafft.fasta.log
/Users/rosa/Desktop/ALLWork/Madison/Project/ryan-nitfix/intbio-nitfix-git/symbiosis_sorted_all_sample_consensus_sequences_50percent/result/gene_trees_full/nifK/02_alignment/nifK_consensus50_strict_single_dominant.mafft.fasta.lengths.txt	/Users/rosa/Desktop/ALLWork/Madison/Project/ryan-nitfix/intbio-nitfix-git/comparing_trees/result/gene_trees_full/nifK/02_alignment/nifK_consensus50_strict_single_dominant.mafft.fasta.lengths.txt
/Users/rosa/Desktop/ALLWork/Madison/Project/ryan-nitfix/intbio-nitfix-git/symbiosis_sorted_all_sample_consensus_sequences_50percent/result/gene_trees_full/nifK/04_tree_iupac_nm5000/nifK_consensus50_iupac_all_pass_nm5000.treefile	/Users/rosa/Desktop/ALLWork/Madison/Project/ryan-nitfix/intbio-nitfix-git/comparing_trees/result/gene_trees_full/nifK/04_tree_iupac_nm5000/nifK_consensus50_iupac_all_pass_nm5000.treefile
/Users/rosa/Desktop/ALLWork/Madison/Project/ryan-nitfix/intbio-nitfix-git/symbiosis_sorted_all_sample_consensus_sequences_50percent/result/gene_trees_full/nifK/04_tree_iupac_nm5000/nifK_consensus50_iupac_all_pass_nm5000.run.log	/Users/rosa/Desktop/ALLWork/Madison/Project/ryan-nitfix/intbio-nitfix-git/comparing_trees/result/gene_trees_full/nifK/04_tree_iupac_nm5000/nifK_consensus50_iupac_all_pass_nm5000.run.log
/Users/rosa/Desktop/ALLWork/Madison/Project/ryan-nitfix/intbio-nitfix-git/symbiosis_sorted_all_sample_consensus_sequences_50percent/result/gene_trees_full/nifK/04_tree_iupac_nm5000/nifK_consensus50_iupac_all_pass_nm5000.iqtree	/Users/rosa/Desktop/ALLWork/Madison/Project/ryan-nitfix/intbio-nitfix-git/comparing_trees/result/gene_trees_full/nifK/04_tree_iupac_nm5000/nifK_consensus50_iupac_all_pass_nm5000.iqtree
/Users/rosa/Desktop/ALLWork/Madison/Project/ryan-nitfix/intbio-nitfix-git/symbiosis_sorted_all_sample_consensus_sequences_50percent/result/gene_trees_full/nifK/04_tree_iupac_nm5000/nifK_consensus50_iupac_all_pass_nm5000.contree	/Users/rosa/Desktop/ALLWork/Madison/Project/ryan-nitfix/intbio-nitfix-git/comparing_trees/result/gene_trees_full/nifK/04_tree_iupac_nm5000/nifK_consensus50_iupac_all_pass_nm5000.contree
/Users/rosa/Desktop/ALLWork/Madison/Project/ryan-nitfix/intbio-nitfix-git/symbiosis_sorted_all_sample_consensus_sequences_50percent/result/gene_trees_full/nifK/04_tree_iupac_nm5000/nifK_consensus50_iupac_all_pass_nm5000.log	/Users/rosa/Desktop/ALLWork/Madison/Project/ryan-nitfix/intbio-nitfix-git/comparing_trees/result/gene_trees_full/nifK/04_tree_iupac_nm5000/nifK_consensus50_iupac_all_pass_nm5000.log
/Users/rosa/Desktop/ALLWork/Madison/Project/ryan-nitfix/intbio-nitfix-git/symbiosis_sorted_all_sample_consensus_sequences_50percent/result/gene_trees_full/nifK/01_consensus/nifK_selected_samples.tsv	/Users/rosa/Desktop/ALLWork/Madison/Project/ryan-nitfix/intbio-nitfix-git/comparing_trees/result/gene_trees_full/nifK/01_consensus/nifK_selected_samples.tsv
/Users/rosa/Desktop/ALLWork/Madison/Project/ryan-nitfix/intbio-nitfix-git/symbiosis_sorted_all_sample_consensus_sequences_50percent/result/gene_trees_full/nifK/01_consensus/nifK_consensus_qc.tsv	/Users/rosa/Desktop/ALLWork/Madison/Project/ryan-nitfix/intbio-nitfix-git/comparing_trees/result/gene_trees_full/nifK/01_consensus/nifK_consensus_qc.tsv
/Users/rosa/Desktop/ALLWork/Madison/Project/ryan-nitfix/intbio-nitfix-git/symbiosis_sorted_all_sample_consensus_sequences_50percent/result/gene_trees_full/nifK/05_blast_taxon_annotation/nifK_iupac_best_reference_hit_with_taxon.tsv	/Users/rosa/Desktop/ALLWork/Madison/Project/ryan-nitfix/intbio-nitfix-git/comparing_trees/result/gene_trees_full/nifK/05_blast_taxon_annotation/nifK_iupac_best_reference_hit_with_taxon.tsv
/Users/rosa/Desktop/ALLWork/Madison/Project/ryan-nitfix/intbio-nitfix-git/symbiosis_sorted_all_sample_consensus_sequences_50percent/result/gene_trees_full/nifK/05_blast_taxon_annotation/nifK_iupac_blast.tsv	/Users/rosa/Desktop/ALLWork/Madison/Project/ryan-nitfix/intbio-nitfix-git/comparing_trees/result/gene_trees_full/nifK/05_blast_taxon_annotation/nifK_iupac_blast.tsv
/Users/rosa/Desktop/ALLWork/Madison/Project/ryan-nitfix/intbio-nitfix-git/symbiosis_sorted_all_sample_consensus_sequences_50percent/result/gene_trees_full/nifK/05_blast_taxon_annotation/nifK_strict_best_reference_hit_with_taxon.tsv	/Users/rosa/Desktop/ALLWork/Madison/Project/ryan-nitfix/intbio-nitfix-git/comparing_trees/result/gene_trees_full/nifK/05_blast_taxon_annotation/nifK_strict_best_reference_hit_with_taxon.tsv
/Users/rosa/Desktop/ALLWork/Madison/Project/ryan-nitfix/intbio-nitfix-git/symbiosis_sorted_all_sample_consensus_sequences_50percent/result/gene_trees_full/nifK/05_blast_taxon_annotation/nifK_strict_blast.tsv	/Users/rosa/Desktop/ALLWork/Madison/Project/ryan-nitfix/intbio-nitfix-git/comparing_trees/result/gene_trees_full/nifK/05_blast_taxon_annotation/nifK_strict_blast.tsv
/Users/rosa/Desktop/ALLWork/Madison/Project/ryan-nitfix/intbio-nitfix-git/symbiosis_sorted_all_sample_consensus_sequences_50percent/result/gene_trees_full/nifK/03_tree_strict_nm5000/nifK_consensus50_strict_single_dominant_nm5000.contree	/Users/rosa/Desktop/ALLWork/Madison/Project/ryan-nitfix/intbio-nitfix-git/comparing_trees/result/gene_trees_full/nifK/03_tree_strict_nm5000/nifK_consensus50_strict_single_dominant_nm5000.contree
/Users/rosa/Desktop/ALLWork/Madison/Project/ryan-nitfix/intbio-nitfix-git/symbiosis_sorted_all_sample_consensus_sequences_50percent/result/gene_trees_full/nifK/03_tree_strict_nm5000/nifK_consensus50_strict_single_dominant_nm5000.log	/Users/rosa/Desktop/ALLWork/Madison/Project/ryan-nitfix/intbio-nitfix-git/comparing_trees/result/gene_trees_full/nifK/03_tree_strict_nm5000/nifK_consensus50_strict_single_dominant_nm5000.log
/Users/rosa/Desktop/ALLWork/Madison/Project/ryan-nitfix/intbio-nitfix-git/symbiosis_sorted_all_sample_consensus_sequences_50percent/result/gene_trees_full/nifK/03_tree_strict_nm5000/nifK_consensus50_strict_single_dominant_nm5000.treefile	/Users/rosa/Desktop/ALLWork/Madison/Project/ryan-nitfix/intbio-nitfix-git/comparing_trees/result/gene_trees_full/nifK/03_tree_strict_nm5000/nifK_consensus50_strict_single_dominant_nm5000.treefile
/Users/rosa/Desktop/ALLWork/Madison/Project/ryan-nitfix/intbio-nitfix-git/symbiosis_sorted_all_sample_consensus_sequences_50percent/result/gene_trees_full/nifK/03_tree_strict_nm5000/nifK_consensus50_strict_single_dominant_nm5000.run.log	/Users/rosa/Desktop/ALLWork/Madison/Project/ryan-nitfix/intbio-nitfix-git/comparing_trees/result/gene_trees_full/nifK/03_tree_strict_nm5000/nifK_consensus50_strict_single_dominant_nm5000.run.log
/Users/rosa/Desktop/ALLWork/Madison/Project/ryan-nitfix/intbio-nitfix-git/symbiosis_sorted_all_sample_consensus_sequences_50percent/result/gene_trees_full/nifK/03_tree_strict_nm5000/nifK_consensus50_strict_single_dominant_nm5000.iqtree	/Users/rosa/Desktop/ALLWork/Madison/Project/ryan-nitfix/intbio-nitfix-git/comparing_trees/result/gene_trees_full/nifK/03_tree_strict_nm5000/nifK_consensus50_strict_single_dominant_nm5000.iqtree
/Users/rosa/Desktop/ALLWork/Madison/Project/ryan-nitfix/intbio-nitfix-git/symbiosis_sorted_all_sample_consensus_sequences_50percent/result/gene_trees_full/noeA/02_alignment/noeA_consensus50_strict_single_dominant.mafft.fasta.lengths.txt	/Users/rosa/Desktop/ALLWork/Madison/Project/ryan-nitfix/intbio-nitfix-git/comparing_trees/result/gene_trees_full/noeA/02_alignment/noeA_consensus50_strict_single_dominant.mafft.fasta.lengths.txt
/Users/rosa/Desktop/ALLWork/Madison/Project/ryan-nitfix/intbio-nitfix-git/symbiosis_sorted_all_sample_consensus_sequences_50percent/result/gene_trees_full/noeA/02_alignment/noeA_consensus50_iupac_all_pass.mafft.fasta.log	/Users/rosa/Desktop/ALLWork/Madison/Project/ryan-nitfix/intbio-nitfix-git/comparing_trees/result/gene_trees_full/noeA/02_alignment/noeA_consensus50_iupac_all_pass.mafft.fasta.log
/Users/rosa/Desktop/ALLWork/Madison/Project/ryan-nitfix/intbio-nitfix-git/symbiosis_sorted_all_sample_consensus_sequences_50percent/result/gene_trees_full/noeA/02_alignment/noeA_consensus50_strict_single_dominant.mafft.fasta.log	/Users/rosa/Desktop/ALLWork/Madison/Project/ryan-nitfix/intbio-nitfix-git/comparing_trees/result/gene_trees_full/noeA/02_alignment/noeA_consensus50_strict_single_dominant.mafft.fasta.log
/Users/rosa/Desktop/ALLWork/Madison/Project/ryan-nitfix/intbio-nitfix-git/symbiosis_sorted_all_sample_consensus_sequences_50percent/result/gene_trees_full/noeA/02_alignment/noeA_consensus50_iupac_all_pass.mafft.fasta.lengths.txt	/Users/rosa/Desktop/ALLWork/Madison/Project/ryan-nitfix/intbio-nitfix-git/comparing_trees/result/gene_trees_full/noeA/02_alignment/noeA_consensus50_iupac_all_pass.mafft.fasta.lengths.txt
/Users/rosa/Desktop/ALLWork/Madison/Project/ryan-nitfix/intbio-nitfix-git/symbiosis_sorted_all_sample_consensus_sequences_50percent/result/gene_trees_full/noeA/04_tree_iupac_nm5000/noeA_consensus50_iupac_all_pass_nm5000.iqtree	/Users/rosa/Desktop/ALLWork/Madison/Project/ryan-nitfix/intbio-nitfix-git/comparing_trees/result/gene_trees_full/noeA/04_tree_iupac_nm5000/noeA_consensus50_iupac_all_pass_nm5000.iqtree
/Users/rosa/Desktop/ALLWork/Madison/Project/ryan-nitfix/intbio-nitfix-git/symbiosis_sorted_all_sample_consensus_sequences_50percent/result/gene_trees_full/noeA/04_tree_iupac_nm5000/noeA_consensus50_iupac_all_pass_nm5000.log	/Users/rosa/Desktop/ALLWork/Madison/Project/ryan-nitfix/intbio-nitfix-git/comparing_trees/result/gene_trees_full/noeA/04_tree_iupac_nm5000/noeA_consensus50_iupac_all_pass_nm5000.log
/Users/rosa/Desktop/ALLWork/Madison/Project/ryan-nitfix/intbio-nitfix-git/symbiosis_sorted_all_sample_consensus_sequences_50percent/result/gene_trees_full/noeA/04_tree_iupac_nm5000/noeA_consensus50_iupac_all_pass_nm5000.contree	/Users/rosa/Desktop/ALLWork/Madison/Project/ryan-nitfix/intbio-nitfix-git/comparing_trees/result/gene_trees_full/noeA/04_tree_iupac_nm5000/noeA_consensus50_iupac_all_pass_nm5000.contree
/Users/rosa/Desktop/ALLWork/Madison/Project/ryan-nitfix/intbio-nitfix-git/symbiosis_sorted_all_sample_consensus_sequences_50percent/result/gene_trees_full/noeA/04_tree_iupac_nm5000/noeA_consensus50_iupac_all_pass_nm5000.run.log	/Users/rosa/Desktop/ALLWork/Madison/Project/ryan-nitfix/intbio-nitfix-git/comparing_trees/result/gene_trees_full/noeA/04_tree_iupac_nm5000/noeA_consensus50_iupac_all_pass_nm5000.run.log
/Users/rosa/Desktop/ALLWork/Madison/Project/ryan-nitfix/intbio-nitfix-git/symbiosis_sorted_all_sample_consensus_sequences_50percent/result/gene_trees_full/noeA/04_tree_iupac_nm5000/noeA_consensus50_iupac_all_pass_nm5000.treefile	/Users/rosa/Desktop/ALLWork/Madison/Project/ryan-nitfix/intbio-nitfix-git/comparing_trees/result/gene_trees_full/noeA/04_tree_iupac_nm5000/noeA_consensus50_iupac_all_pass_nm5000.treefile
/Users/rosa/Desktop/ALLWork/Madison/Project/ryan-nitfix/intbio-nitfix-git/symbiosis_sorted_all_sample_consensus_sequences_50percent/result/gene_trees_full/noeA/01_consensus/noeA_consensus_qc.tsv	/Users/rosa/Desktop/ALLWork/Madison/Project/ryan-nitfix/intbio-nitfix-git/comparing_trees/result/gene_trees_full/noeA/01_consensus/noeA_consensus_qc.tsv
/Users/rosa/Desktop/ALLWork/Madison/Project/ryan-nitfix/intbio-nitfix-git/symbiosis_sorted_all_sample_consensus_sequences_50percent/result/gene_trees_full/noeA/01_consensus/noeA_selected_samples.tsv	/Users/rosa/Desktop/ALLWork/Madison/Project/ryan-nitfix/intbio-nitfix-git/comparing_trees/result/gene_trees_full/noeA/01_consensus/noeA_selected_samples.tsv
/Users/rosa/Desktop/ALLWork/Madison/Project/ryan-nitfix/intbio-nitfix-git/symbiosis_sorted_all_sample_consensus_sequences_50percent/result/gene_trees_full/noeA/05_blast_taxon_annotation/noeA_strict_best_reference_hit_with_taxon.tsv	/Users/rosa/Desktop/ALLWork/Madison/Project/ryan-nitfix/intbio-nitfix-git/comparing_trees/result/gene_trees_full/noeA/05_blast_taxon_annotation/noeA_strict_best_reference_hit_with_taxon.tsv
/Users/rosa/Desktop/ALLWork/Madison/Project/ryan-nitfix/intbio-nitfix-git/symbiosis_sorted_all_sample_consensus_sequences_50percent/result/gene_trees_full/noeA/05_blast_taxon_annotation/noeA_iupac_best_reference_hit_with_taxon.tsv	/Users/rosa/Desktop/ALLWork/Madison/Project/ryan-nitfix/intbio-nitfix-git/comparing_trees/result/gene_trees_full/noeA/05_blast_taxon_annotation/noeA_iupac_best_reference_hit_with_taxon.tsv
/Users/rosa/Desktop/ALLWork/Madison/Project/ryan-nitfix/intbio-nitfix-git/symbiosis_sorted_all_sample_consensus_sequences_50percent/result/gene_trees_full/noeA/05_blast_taxon_annotation/noeA_iupac_blast.tsv	/Users/rosa/Desktop/ALLWork/Madison/Project/ryan-nitfix/intbio-nitfix-git/comparing_trees/result/gene_trees_full/noeA/05_blast_taxon_annotation/noeA_iupac_blast.tsv
/Users/rosa/Desktop/ALLWork/Madison/Project/ryan-nitfix/intbio-nitfix-git/symbiosis_sorted_all_sample_consensus_sequences_50percent/result/gene_trees_full/noeA/05_blast_taxon_annotation/noeA_strict_blast.tsv	/Users/rosa/Desktop/ALLWork/Madison/Project/ryan-nitfix/intbio-nitfix-git/comparing_trees/result/gene_trees_full/noeA/05_blast_taxon_annotation/noeA_strict_blast.tsv
/Users/rosa/Desktop/ALLWork/Madison/Project/ryan-nitfix/intbio-nitfix-git/symbiosis_sorted_all_sample_consensus_sequences_50percent/result/gene_trees_full/noeA/03_tree_strict_nm5000/noeA_consensus50_strict_single_dominant_nm5000.run.log	/Users/rosa/Desktop/ALLWork/Madison/Project/ryan-nitfix/intbio-nitfix-git/comparing_trees/result/gene_trees_full/noeA/03_tree_strict_nm5000/noeA_consensus50_strict_single_dominant_nm5000.run.log
/Users/rosa/Desktop/ALLWork/Madison/Project/ryan-nitfix/intbio-nitfix-git/symbiosis_sorted_all_sample_consensus_sequences_50percent/result/gene_trees_full/noeA/03_tree_strict_nm5000/noeA_consensus50_strict_single_dominant_nm5000.log	/Users/rosa/Desktop/ALLWork/Madison/Project/ryan-nitfix/intbio-nitfix-git/comparing_trees/result/gene_trees_full/noeA/03_tree_strict_nm5000/noeA_consensus50_strict_single_dominant_nm5000.log
/Users/rosa/Desktop/ALLWork/Madison/Project/ryan-nitfix/intbio-nitfix-git/symbiosis_sorted_all_sample_consensus_sequences_50percent/result/gene_trees_full/noeA/03_tree_strict_nm5000/noeA_consensus50_strict_single_dominant_nm5000.treefile	/Users/rosa/Desktop/ALLWork/Madison/Project/ryan-nitfix/intbio-nitfix-git/comparing_trees/result/gene_trees_full/noeA/03_tree_strict_nm5000/noeA_consensus50_strict_single_dominant_nm5000.treefile
/Users/rosa/Desktop/ALLWork/Madison/Project/ryan-nitfix/intbio-nitfix-git/symbiosis_sorted_all_sample_consensus_sequences_50percent/result/gene_trees_full/noeA/03_tree_strict_nm5000/noeA_consensus50_strict_single_dominant_nm5000.contree	/Users/rosa/Desktop/ALLWork/Madison/Project/ryan-nitfix/intbio-nitfix-git/comparing_trees/result/gene_trees_full/noeA/03_tree_strict_nm5000/noeA_consensus50_strict_single_dominant_nm5000.contree
/Users/rosa/Desktop/ALLWork/Madison/Project/ryan-nitfix/intbio-nitfix-git/symbiosis_sorted_all_sample_consensus_sequences_50percent/result/gene_trees_full/noeA/03_tree_strict_nm5000/noeA_consensus50_strict_single_dominant_nm5000.iqtree	/Users/rosa/Desktop/ALLWork/Madison/Project/ryan-nitfix/intbio-nitfix-git/comparing_trees/result/gene_trees_full/noeA/03_tree_strict_nm5000/noeA_consensus50_strict_single_dominant_nm5000.iqtree
/Users/rosa/Desktop/ALLWork/Madison/Project/ryan-nitfix/intbio-nitfix-git/symbiosis_sorted_all_sample_consensus_sequences_50percent/result/gene_trees_full/nifJ/02_alignment/nifJ_consensus50_iupac_all_pass.mafft.fasta.log	/Users/rosa/Desktop/ALLWork/Madison/Project/ryan-nitfix/intbio-nitfix-git/comparing_trees/result/gene_trees_full/nifJ/02_alignment/nifJ_consensus50_iupac_all_pass.mafft.fasta.log
/Users/rosa/Desktop/ALLWork/Madison/Project/ryan-nitfix/intbio-nitfix-git/symbiosis_sorted_all_sample_consensus_sequences_50percent/result/gene_trees_full/nifJ/02_alignment/nifJ_consensus50_iupac_all_pass.mafft.fasta.lengths.txt	/Users/rosa/Desktop/ALLWork/Madison/Project/ryan-nitfix/intbio-nitfix-git/comparing_trees/result/gene_trees_full/nifJ/02_alignment/nifJ_consensus50_iupac_all_pass.mafft.fasta.lengths.txt
/Users/rosa/Desktop/ALLWork/Madison/Project/ryan-nitfix/intbio-nitfix-git/symbiosis_sorted_all_sample_consensus_sequences_50percent/result/gene_trees_full/nifJ/02_alignment/nifJ_consensus50_strict_single_dominant.mafft.fasta.log	/Users/rosa/Desktop/ALLWork/Madison/Project/ryan-nitfix/intbio-nitfix-git/comparing_trees/result/gene_trees_full/nifJ/02_alignment/nifJ_consensus50_strict_single_dominant.mafft.fasta.log
/Users/rosa/Desktop/ALLWork/Madison/Project/ryan-nitfix/intbio-nitfix-git/symbiosis_sorted_all_sample_consensus_sequences_50percent/result/gene_trees_full/nifJ/02_alignment/nifJ_consensus50_strict_single_dominant.mafft.fasta.lengths.txt	/Users/rosa/Desktop/ALLWork/Madison/Project/ryan-nitfix/intbio-nitfix-git/comparing_trees/result/gene_trees_full/nifJ/02_alignment/nifJ_consensus50_strict_single_dominant.mafft.fasta.lengths.txt
/Users/rosa/Desktop/ALLWork/Madison/Project/ryan-nitfix/intbio-nitfix-git/symbiosis_sorted_all_sample_consensus_sequences_50percent/result/gene_trees_full/nifJ/04_tree_iupac_nm5000/nifJ_consensus50_iupac_all_pass_nm5000.run.log	/Users/rosa/Desktop/ALLWork/Madison/Project/ryan-nitfix/intbio-nitfix-git/comparing_trees/result/gene_trees_full/nifJ/04_tree_iupac_nm5000/nifJ_consensus50_iupac_all_pass_nm5000.run.log
/Users/rosa/Desktop/ALLWork/Madison/Project/ryan-nitfix/intbio-nitfix-git/symbiosis_sorted_all_sample_consensus_sequences_50percent/result/gene_trees_full/nifJ/04_tree_iupac_nm5000/nifJ_consensus50_iupac_all_pass_nm5000.iqtree	/Users/rosa/Desktop/ALLWork/Madison/Project/ryan-nitfix/intbio-nitfix-git/comparing_trees/result/gene_trees_full/nifJ/04_tree_iupac_nm5000/nifJ_consensus50_iupac_all_pass_nm5000.iqtree
/Users/rosa/Desktop/ALLWork/Madison/Project/ryan-nitfix/intbio-nitfix-git/symbiosis_sorted_all_sample_consensus_sequences_50percent/result/gene_trees_full/nifJ/04_tree_iupac_nm5000/nifJ_consensus50_iupac_all_pass_nm5000.treefile	/Users/rosa/Desktop/ALLWork/Madison/Project/ryan-nitfix/intbio-nitfix-git/comparing_trees/result/gene_trees_full/nifJ/04_tree_iupac_nm5000/nifJ_consensus50_iupac_all_pass_nm5000.treefile
/Users/rosa/Desktop/ALLWork/Madison/Project/ryan-nitfix/intbio-nitfix-git/symbiosis_sorted_all_sample_consensus_sequences_50percent/result/gene_trees_full/nifJ/04_tree_iupac_nm5000/nifJ_consensus50_iupac_all_pass_nm5000.contree	/Users/rosa/Desktop/ALLWork/Madison/Project/ryan-nitfix/intbio-nitfix-git/comparing_trees/result/gene_trees_full/nifJ/04_tree_iupac_nm5000/nifJ_consensus50_iupac_all_pass_nm5000.contree
/Users/rosa/Desktop/ALLWork/Madison/Project/ryan-nitfix/intbio-nitfix-git/symbiosis_sorted_all_sample_consensus_sequences_50percent/result/gene_trees_full/nifJ/04_tree_iupac_nm5000/nifJ_consensus50_iupac_all_pass_nm5000.log	/Users/rosa/Desktop/ALLWork/Madison/Project/ryan-nitfix/intbio-nitfix-git/comparing_trees/result/gene_trees_full/nifJ/04_tree_iupac_nm5000/nifJ_consensus50_iupac_all_pass_nm5000.log
/Users/rosa/Desktop/ALLWork/Madison/Project/ryan-nitfix/intbio-nitfix-git/symbiosis_sorted_all_sample_consensus_sequences_50percent/result/gene_trees_full/nifJ/01_consensus/nifJ_selected_samples.tsv	/Users/rosa/Desktop/ALLWork/Madison/Project/ryan-nitfix/intbio-nitfix-git/comparing_trees/result/gene_trees_full/nifJ/01_consensus/nifJ_selected_samples.tsv
/Users/rosa/Desktop/ALLWork/Madison/Project/ryan-nitfix/intbio-nitfix-git/symbiosis_sorted_all_sample_consensus_sequences_50percent/result/gene_trees_full/nifJ/01_consensus/nifJ_consensus_qc.tsv	/Users/rosa/Desktop/ALLWork/Madison/Project/ryan-nitfix/intbio-nitfix-git/comparing_trees/result/gene_trees_full/nifJ/01_consensus/nifJ_consensus_qc.tsv
/Users/rosa/Desktop/ALLWork/Madison/Project/ryan-nitfix/intbio-nitfix-git/symbiosis_sorted_all_sample_consensus_sequences_50percent/result/gene_trees_full/nifJ/05_blast_taxon_annotation/nifJ_strict_best_reference_hit_with_taxon.tsv	/Users/rosa/Desktop/ALLWork/Madison/Project/ryan-nitfix/intbio-nitfix-git/comparing_trees/result/gene_trees_full/nifJ/05_blast_taxon_annotation/nifJ_strict_best_reference_hit_with_taxon.tsv
/Users/rosa/Desktop/ALLWork/Madison/Project/ryan-nitfix/intbio-nitfix-git/symbiosis_sorted_all_sample_consensus_sequences_50percent/result/gene_trees_full/nifJ/05_blast_taxon_annotation/nifJ_iupac_best_reference_hit_with_taxon.tsv	/Users/rosa/Desktop/ALLWork/Madison/Project/ryan-nitfix/intbio-nitfix-git/comparing_trees/result/gene_trees_full/nifJ/05_blast_taxon_annotation/nifJ_iupac_best_reference_hit_with_taxon.tsv
/Users/rosa/Desktop/ALLWork/Madison/Project/ryan-nitfix/intbio-nitfix-git/symbiosis_sorted_all_sample_consensus_sequences_50percent/result/gene_trees_full/nifJ/05_blast_taxon_annotation/nifJ_iupac_blast.tsv	/Users/rosa/Desktop/ALLWork/Madison/Project/ryan-nitfix/intbio-nitfix-git/comparing_trees/result/gene_trees_full/nifJ/05_blast_taxon_annotation/nifJ_iupac_blast.tsv
/Users/rosa/Desktop/ALLWork/Madison/Project/ryan-nitfix/intbio-nitfix-git/symbiosis_sorted_all_sample_consensus_sequences_50percent/result/gene_trees_full/nifJ/05_blast_taxon_annotation/nifJ_strict_blast.tsv	/Users/rosa/Desktop/ALLWork/Madison/Project/ryan-nitfix/intbio-nitfix-git/comparing_trees/result/gene_trees_full/nifJ/05_blast_taxon_annotation/nifJ_strict_blast.tsv
/Users/rosa/Desktop/ALLWork/Madison/Project/ryan-nitfix/intbio-nitfix-git/symbiosis_sorted_all_sample_consensus_sequences_50percent/result/gene_trees_full/nifJ/03_tree_strict_nm5000/nifJ_consensus50_strict_single_dominant_nm5000.contree	/Users/rosa/Desktop/ALLWork/Madison/Project/ryan-nitfix/intbio-nitfix-git/comparing_trees/result/gene_trees_full/nifJ/03_tree_strict_nm5000/nifJ_consensus50_strict_single_dominant_nm5000.contree
/Users/rosa/Desktop/ALLWork/Madison/Project/ryan-nitfix/intbio-nitfix-git/symbiosis_sorted_all_sample_consensus_sequences_50percent/result/gene_trees_full/nifJ/03_tree_strict_nm5000/nifJ_consensus50_strict_single_dominant_nm5000.log	/Users/rosa/Desktop/ALLWork/Madison/Project/ryan-nitfix/intbio-nitfix-git/comparing_trees/result/gene_trees_full/nifJ/03_tree_strict_nm5000/nifJ_consensus50_strict_single_dominant_nm5000.log
/Users/rosa/Desktop/ALLWork/Madison/Project/ryan-nitfix/intbio-nitfix-git/symbiosis_sorted_all_sample_consensus_sequences_50percent/result/gene_trees_full/nifJ/03_tree_strict_nm5000/nifJ_consensus50_strict_single_dominant_nm5000.iqtree	/Users/rosa/Desktop/ALLWork/Madison/Project/ryan-nitfix/intbio-nitfix-git/comparing_trees/result/gene_trees_full/nifJ/03_tree_strict_nm5000/nifJ_consensus50_strict_single_dominant_nm5000.iqtree
/Users/rosa/Desktop/ALLWork/Madison/Project/ryan-nitfix/intbio-nitfix-git/symbiosis_sorted_all_sample_consensus_sequences_50percent/result/gene_trees_full/nifJ/03_tree_strict_nm5000/nifJ_consensus50_strict_single_dominant_nm5000.run.log	/Users/rosa/Desktop/ALLWork/Madison/Project/ryan-nitfix/intbio-nitfix-git/comparing_trees/result/gene_trees_full/nifJ/03_tree_strict_nm5000/nifJ_consensus50_strict_single_dominant_nm5000.run.log
/Users/rosa/Desktop/ALLWork/Madison/Project/ryan-nitfix/intbio-nitfix-git/symbiosis_sorted_all_sample_consensus_sequences_50percent/result/gene_trees_full/nifJ/03_tree_strict_nm5000/nifJ_consensus50_strict_single_dominant_nm5000.treefile	/Users/rosa/Desktop/ALLWork/Madison/Project/ryan-nitfix/intbio-nitfix-git/comparing_trees/result/gene_trees_full/nifJ/03_tree_strict_nm5000/nifJ_consensus50_strict_single_dominant_nm5000.treefile
/Users/rosa/Desktop/ALLWork/Madison/Project/ryan-nitfix/intbio-nitfix-git/symbiosis_sorted_all_sample_consensus_sequences_50percent/result/gene_trees_full/nifD/02_alignment/nifD_consensus50_strict_single_dominant.mafft.fasta.log	/Users/rosa/Desktop/ALLWork/Madison/Project/ryan-nitfix/intbio-nitfix-git/comparing_trees/result/gene_trees_full/nifD/02_alignment/nifD_consensus50_strict_single_dominant.mafft.fasta.log
/Users/rosa/Desktop/ALLWork/Madison/Project/ryan-nitfix/intbio-nitfix-git/symbiosis_sorted_all_sample_consensus_sequences_50percent/result/gene_trees_full/nifD/02_alignment/nifD_consensus50_iupac_all_pass.mafft.fasta.lengths.txt	/Users/rosa/Desktop/ALLWork/Madison/Project/ryan-nitfix/intbio-nitfix-git/comparing_trees/result/gene_trees_full/nifD/02_alignment/nifD_consensus50_iupac_all_pass.mafft.fasta.lengths.txt
/Users/rosa/Desktop/ALLWork/Madison/Project/ryan-nitfix/intbio-nitfix-git/symbiosis_sorted_all_sample_consensus_sequences_50percent/result/gene_trees_full/nifD/02_alignment/nifD_consensus50_iupac_all_pass.mafft.fasta.log	/Users/rosa/Desktop/ALLWork/Madison/Project/ryan-nitfix/intbio-nitfix-git/comparing_trees/result/gene_trees_full/nifD/02_alignment/nifD_consensus50_iupac_all_pass.mafft.fasta.log
/Users/rosa/Desktop/ALLWork/Madison/Project/ryan-nitfix/intbio-nitfix-git/symbiosis_sorted_all_sample_consensus_sequences_50percent/result/gene_trees_full/nifD/02_alignment/nifD_consensus50_strict_single_dominant.mafft.fasta.lengths.txt	/Users/rosa/Desktop/ALLWork/Madison/Project/ryan-nitfix/intbio-nitfix-git/comparing_trees/result/gene_trees_full/nifD/02_alignment/nifD_consensus50_strict_single_dominant.mafft.fasta.lengths.txt
/Users/rosa/Desktop/ALLWork/Madison/Project/ryan-nitfix/intbio-nitfix-git/symbiosis_sorted_all_sample_consensus_sequences_50percent/result/gene_trees_full/nifD/04_tree_iupac_nm5000/nifD_consensus50_iupac_all_pass_nm5000.log	/Users/rosa/Desktop/ALLWork/Madison/Project/ryan-nitfix/intbio-nitfix-git/comparing_trees/result/gene_trees_full/nifD/04_tree_iupac_nm5000/nifD_consensus50_iupac_all_pass_nm5000.log
/Users/rosa/Desktop/ALLWork/Madison/Project/ryan-nitfix/intbio-nitfix-git/symbiosis_sorted_all_sample_consensus_sequences_50percent/result/gene_trees_full/nifD/04_tree_iupac_nm5000/nifD_consensus50_iupac_all_pass_nm5000.run.log	/Users/rosa/Desktop/ALLWork/Madison/Project/ryan-nitfix/intbio-nitfix-git/comparing_trees/result/gene_trees_full/nifD/04_tree_iupac_nm5000/nifD_consensus50_iupac_all_pass_nm5000.run.log
/Users/rosa/Desktop/ALLWork/Madison/Project/ryan-nitfix/intbio-nitfix-git/symbiosis_sorted_all_sample_consensus_sequences_50percent/result/gene_trees_full/nifD/04_tree_iupac_nm5000/nifD_consensus50_iupac_all_pass_nm5000.treefile	/Users/rosa/Desktop/ALLWork/Madison/Project/ryan-nitfix/intbio-nitfix-git/comparing_trees/result/gene_trees_full/nifD/04_tree_iupac_nm5000/nifD_consensus50_iupac_all_pass_nm5000.treefile
/Users/rosa/Desktop/ALLWork/Madison/Project/ryan-nitfix/intbio-nitfix-git/symbiosis_sorted_all_sample_consensus_sequences_50percent/result/gene_trees_full/nifD/04_tree_iupac_nm5000/nifD_consensus50_iupac_all_pass_nm5000.iqtree	/Users/rosa/Desktop/ALLWork/Madison/Project/ryan-nitfix/intbio-nitfix-git/comparing_trees/result/gene_trees_full/nifD/04_tree_iupac_nm5000/nifD_consensus50_iupac_all_pass_nm5000.iqtree
/Users/rosa/Desktop/ALLWork/Madison/Project/ryan-nitfix/intbio-nitfix-git/symbiosis_sorted_all_sample_consensus_sequences_50percent/result/gene_trees_full/nifD/04_tree_iupac_nm5000/nifD_consensus50_iupac_all_pass_nm5000.contree	/Users/rosa/Desktop/ALLWork/Madison/Project/ryan-nitfix/intbio-nitfix-git/comparing_trees/result/gene_trees_full/nifD/04_tree_iupac_nm5000/nifD_consensus50_iupac_all_pass_nm5000.contree
/Users/rosa/Desktop/ALLWork/Madison/Project/ryan-nitfix/intbio-nitfix-git/symbiosis_sorted_all_sample_consensus_sequences_50percent/result/gene_trees_full/nifD/01_consensus/nifD_selected_samples.tsv	/Users/rosa/Desktop/ALLWork/Madison/Project/ryan-nitfix/intbio-nitfix-git/comparing_trees/result/gene_trees_full/nifD/01_consensus/nifD_selected_samples.tsv
/Users/rosa/Desktop/ALLWork/Madison/Project/ryan-nitfix/intbio-nitfix-git/symbiosis_sorted_all_sample_consensus_sequences_50percent/result/gene_trees_full/nifD/01_consensus/nifD_consensus_qc.tsv	/Users/rosa/Desktop/ALLWork/Madison/Project/ryan-nitfix/intbio-nitfix-git/comparing_trees/result/gene_trees_full/nifD/01_consensus/nifD_consensus_qc.tsv
/Users/rosa/Desktop/ALLWork/Madison/Project/ryan-nitfix/intbio-nitfix-git/symbiosis_sorted_all_sample_consensus_sequences_50percent/result/gene_trees_full/nifD/05_blast_taxon_annotation/nifD_iupac_best_reference_hit_with_taxon.tsv	/Users/rosa/Desktop/ALLWork/Madison/Project/ryan-nitfix/intbio-nitfix-git/comparing_trees/result/gene_trees_full/nifD/05_blast_taxon_annotation/nifD_iupac_best_reference_hit_with_taxon.tsv
/Users/rosa/Desktop/ALLWork/Madison/Project/ryan-nitfix/intbio-nitfix-git/symbiosis_sorted_all_sample_consensus_sequences_50percent/result/gene_trees_full/nifD/05_blast_taxon_annotation/nifD_strict_blast.tsv	/Users/rosa/Desktop/ALLWork/Madison/Project/ryan-nitfix/intbio-nitfix-git/comparing_trees/result/gene_trees_full/nifD/05_blast_taxon_annotation/nifD_strict_blast.tsv
/Users/rosa/Desktop/ALLWork/Madison/Project/ryan-nitfix/intbio-nitfix-git/symbiosis_sorted_all_sample_consensus_sequences_50percent/result/gene_trees_full/nifD/05_blast_taxon_annotation/nifD_iupac_blast.tsv	/Users/rosa/Desktop/ALLWork/Madison/Project/ryan-nitfix/intbio-nitfix-git/comparing_trees/result/gene_trees_full/nifD/05_blast_taxon_annotation/nifD_iupac_blast.tsv
/Users/rosa/Desktop/ALLWork/Madison/Project/ryan-nitfix/intbio-nitfix-git/symbiosis_sorted_all_sample_consensus_sequences_50percent/result/gene_trees_full/nifD/05_blast_taxon_annotation/nifD_strict_best_reference_hit_with_taxon.tsv	/Users/rosa/Desktop/ALLWork/Madison/Project/ryan-nitfix/intbio-nitfix-git/comparing_trees/result/gene_trees_full/nifD/05_blast_taxon_annotation/nifD_strict_best_reference_hit_with_taxon.tsv
/Users/rosa/Desktop/ALLWork/Madison/Project/ryan-nitfix/intbio-nitfix-git/symbiosis_sorted_all_sample_consensus_sequences_50percent/result/gene_trees_full/nifD/03_tree_strict_nm5000/nifD_consensus50_strict_single_dominant_nm5000.contree	/Users/rosa/Desktop/ALLWork/Madison/Project/ryan-nitfix/intbio-nitfix-git/comparing_trees/result/gene_trees_full/nifD/03_tree_strict_nm5000/nifD_consensus50_strict_single_dominant_nm5000.contree
/Users/rosa/Desktop/ALLWork/Madison/Project/ryan-nitfix/intbio-nitfix-git/symbiosis_sorted_all_sample_consensus_sequences_50percent/result/gene_trees_full/nifD/03_tree_strict_nm5000/nifD_consensus50_strict_single_dominant_nm5000.log	/Users/rosa/Desktop/ALLWork/Madison/Project/ryan-nitfix/intbio-nitfix-git/comparing_trees/result/gene_trees_full/nifD/03_tree_strict_nm5000/nifD_consensus50_strict_single_dominant_nm5000.log
/Users/rosa/Desktop/ALLWork/Madison/Project/ryan-nitfix/intbio-nitfix-git/symbiosis_sorted_all_sample_consensus_sequences_50percent/result/gene_trees_full/nifD/03_tree_strict_nm5000/nifD_consensus50_strict_single_dominant_nm5000.iqtree	/Users/rosa/Desktop/ALLWork/Madison/Project/ryan-nitfix/intbio-nitfix-git/comparing_trees/result/gene_trees_full/nifD/03_tree_strict_nm5000/nifD_consensus50_strict_single_dominant_nm5000.iqtree
/Users/rosa/Desktop/ALLWork/Madison/Project/ryan-nitfix/intbio-nitfix-git/symbiosis_sorted_all_sample_consensus_sequences_50percent/result/gene_trees_full/nifD/03_tree_strict_nm5000/nifD_consensus50_strict_single_dominant_nm5000.treefile	/Users/rosa/Desktop/ALLWork/Madison/Project/ryan-nitfix/intbio-nitfix-git/comparing_trees/result/gene_trees_full/nifD/03_tree_strict_nm5000/nifD_consensus50_strict_single_dominant_nm5000.treefile
/Users/rosa/Desktop/ALLWork/Madison/Project/ryan-nitfix/intbio-nitfix-git/symbiosis_sorted_all_sample_consensus_sequences_50percent/result/gene_trees_full/nifD/03_tree_strict_nm5000/nifD_consensus50_strict_single_dominant_nm5000.run.log	/Users/rosa/Desktop/ALLWork/Madison/Project/ryan-nitfix/intbio-nitfix-git/comparing_trees/result/gene_trees_full/nifD/03_tree_strict_nm5000/nifD_consensus50_strict_single_dominant_nm5000.run.log
/Users/rosa/Desktop/ALLWork/Madison/Project/ryan-nitfix/intbio-nitfix-git/symbiosis_sorted_all_sample_consensus_sequences_50percent/result/gene_trees_full/nolF/02_alignment/nolF_consensus50_iupac_all_pass.mafft.fasta.lengths.txt	/Users/rosa/Desktop/ALLWork/Madison/Project/ryan-nitfix/intbio-nitfix-git/comparing_trees/result/gene_trees_full/nolF/02_alignment/nolF_consensus50_iupac_all_pass.mafft.fasta.lengths.txt
/Users/rosa/Desktop/ALLWork/Madison/Project/ryan-nitfix/intbio-nitfix-git/symbiosis_sorted_all_sample_consensus_sequences_50percent/result/gene_trees_full/nolF/02_alignment/nolF_consensus50_strict_single_dominant.mafft.fasta.log	/Users/rosa/Desktop/ALLWork/Madison/Project/ryan-nitfix/intbio-nitfix-git/comparing_trees/result/gene_trees_full/nolF/02_alignment/nolF_consensus50_strict_single_dominant.mafft.fasta.log
/Users/rosa/Desktop/ALLWork/Madison/Project/ryan-nitfix/intbio-nitfix-git/symbiosis_sorted_all_sample_consensus_sequences_50percent/result/gene_trees_full/nolF/02_alignment/nolF_consensus50_iupac_all_pass.mafft.fasta.log	/Users/rosa/Desktop/ALLWork/Madison/Project/ryan-nitfix/intbio-nitfix-git/comparing_trees/result/gene_trees_full/nolF/02_alignment/nolF_consensus50_iupac_all_pass.mafft.fasta.log
/Users/rosa/Desktop/ALLWork/Madison/Project/ryan-nitfix/intbio-nitfix-git/symbiosis_sorted_all_sample_consensus_sequences_50percent/result/gene_trees_full/nolF/02_alignment/nolF_consensus50_strict_single_dominant.mafft.fasta.lengths.txt	/Users/rosa/Desktop/ALLWork/Madison/Project/ryan-nitfix/intbio-nitfix-git/comparing_trees/result/gene_trees_full/nolF/02_alignment/nolF_consensus50_strict_single_dominant.mafft.fasta.lengths.txt
/Users/rosa/Desktop/ALLWork/Madison/Project/ryan-nitfix/intbio-nitfix-git/symbiosis_sorted_all_sample_consensus_sequences_50percent/result/gene_trees_full/nolF/04_tree_iupac_nm5000/nolF_consensus50_iupac_all_pass_nm5000.treefile	/Users/rosa/Desktop/ALLWork/Madison/Project/ryan-nitfix/intbio-nitfix-git/comparing_trees/result/gene_trees_full/nolF/04_tree_iupac_nm5000/nolF_consensus50_iupac_all_pass_nm5000.treefile
/Users/rosa/Desktop/ALLWork/Madison/Project/ryan-nitfix/intbio-nitfix-git/symbiosis_sorted_all_sample_consensus_sequences_50percent/result/gene_trees_full/nolF/04_tree_iupac_nm5000/nolF_consensus50_iupac_all_pass_nm5000.iqtree	/Users/rosa/Desktop/ALLWork/Madison/Project/ryan-nitfix/intbio-nitfix-git/comparing_trees/result/gene_trees_full/nolF/04_tree_iupac_nm5000/nolF_consensus50_iupac_all_pass_nm5000.iqtree
/Users/rosa/Desktop/ALLWork/Madison/Project/ryan-nitfix/intbio-nitfix-git/symbiosis_sorted_all_sample_consensus_sequences_50percent/result/gene_trees_full/nolF/04_tree_iupac_nm5000/nolF_consensus50_iupac_all_pass_nm5000.contree	/Users/rosa/Desktop/ALLWork/Madison/Project/ryan-nitfix/intbio-nitfix-git/comparing_trees/result/gene_trees_full/nolF/04_tree_iupac_nm5000/nolF_consensus50_iupac_all_pass_nm5000.contree
/Users/rosa/Desktop/ALLWork/Madison/Project/ryan-nitfix/intbio-nitfix-git/symbiosis_sorted_all_sample_consensus_sequences_50percent/result/gene_trees_full/nolF/04_tree_iupac_nm5000/nolF_consensus50_iupac_all_pass_nm5000.log	/Users/rosa/Desktop/ALLWork/Madison/Project/ryan-nitfix/intbio-nitfix-git/comparing_trees/result/gene_trees_full/nolF/04_tree_iupac_nm5000/nolF_consensus50_iupac_all_pass_nm5000.log
/Users/rosa/Desktop/ALLWork/Madison/Project/ryan-nitfix/intbio-nitfix-git/symbiosis_sorted_all_sample_consensus_sequences_50percent/result/gene_trees_full/nolF/04_tree_iupac_nm5000/nolF_consensus50_iupac_all_pass_nm5000.run.log	/Users/rosa/Desktop/ALLWork/Madison/Project/ryan-nitfix/intbio-nitfix-git/comparing_trees/result/gene_trees_full/nolF/04_tree_iupac_nm5000/nolF_consensus50_iupac_all_pass_nm5000.run.log
/Users/rosa/Desktop/ALLWork/Madison/Project/ryan-nitfix/intbio-nitfix-git/symbiosis_sorted_all_sample_consensus_sequences_50percent/result/gene_trees_full/nolF/01_consensus/nolF_consensus_qc.tsv	/Users/rosa/Desktop/ALLWork/Madison/Project/ryan-nitfix/intbio-nitfix-git/comparing_trees/result/gene_trees_full/nolF/01_consensus/nolF_consensus_qc.tsv
/Users/rosa/Desktop/ALLWork/Madison/Project/ryan-nitfix/intbio-nitfix-git/symbiosis_sorted_all_sample_consensus_sequences_50percent/result/gene_trees_full/nolF/01_consensus/nolF_selected_samples.tsv	/Users/rosa/Desktop/ALLWork/Madison/Project/ryan-nitfix/intbio-nitfix-git/comparing_trees/result/gene_trees_full/nolF/01_consensus/nolF_selected_samples.tsv
/Users/rosa/Desktop/ALLWork/Madison/Project/ryan-nitfix/intbio-nitfix-git/symbiosis_sorted_all_sample_consensus_sequences_50percent/result/gene_trees_full/nolF/05_blast_taxon_annotation/nolF_strict_best_reference_hit_with_taxon.tsv	/Users/rosa/Desktop/ALLWork/Madison/Project/ryan-nitfix/intbio-nitfix-git/comparing_trees/result/gene_trees_full/nolF/05_blast_taxon_annotation/nolF_strict_best_reference_hit_with_taxon.tsv
/Users/rosa/Desktop/ALLWork/Madison/Project/ryan-nitfix/intbio-nitfix-git/symbiosis_sorted_all_sample_consensus_sequences_50percent/result/gene_trees_full/nolF/05_blast_taxon_annotation/nolF_iupac_blast.tsv	/Users/rosa/Desktop/ALLWork/Madison/Project/ryan-nitfix/intbio-nitfix-git/comparing_trees/result/gene_trees_full/nolF/05_blast_taxon_annotation/nolF_iupac_blast.tsv
/Users/rosa/Desktop/ALLWork/Madison/Project/ryan-nitfix/intbio-nitfix-git/symbiosis_sorted_all_sample_consensus_sequences_50percent/result/gene_trees_full/nolF/05_blast_taxon_annotation/nolF_iupac_best_reference_hit_with_taxon.tsv	/Users/rosa/Desktop/ALLWork/Madison/Project/ryan-nitfix/intbio-nitfix-git/comparing_trees/result/gene_trees_full/nolF/05_blast_taxon_annotation/nolF_iupac_best_reference_hit_with_taxon.tsv
/Users/rosa/Desktop/ALLWork/Madison/Project/ryan-nitfix/intbio-nitfix-git/symbiosis_sorted_all_sample_consensus_sequences_50percent/result/gene_trees_full/nolF/05_blast_taxon_annotation/nolF_strict_blast.tsv	/Users/rosa/Desktop/ALLWork/Madison/Project/ryan-nitfix/intbio-nitfix-git/comparing_trees/result/gene_trees_full/nolF/05_blast_taxon_annotation/nolF_strict_blast.tsv
/Users/rosa/Desktop/ALLWork/Madison/Project/ryan-nitfix/intbio-nitfix-git/symbiosis_sorted_all_sample_consensus_sequences_50percent/result/gene_trees_full/nolF/03_tree_strict_nm5000/nolF_consensus50_strict_single_dominant_nm5000.log	/Users/rosa/Desktop/ALLWork/Madison/Project/ryan-nitfix/intbio-nitfix-git/comparing_trees/result/gene_trees_full/nolF/03_tree_strict_nm5000/nolF_consensus50_strict_single_dominant_nm5000.log
/Users/rosa/Desktop/ALLWork/Madison/Project/ryan-nitfix/intbio-nitfix-git/symbiosis_sorted_all_sample_consensus_sequences_50percent/result/gene_trees_full/nolF/03_tree_strict_nm5000/nolF_consensus50_strict_single_dominant_nm5000.treefile	/Users/rosa/Desktop/ALLWork/Madison/Project/ryan-nitfix/intbio-nitfix-git/comparing_trees/result/gene_trees_full/nolF/03_tree_strict_nm5000/nolF_consensus50_strict_single_dominant_nm5000.treefile
/Users/rosa/Desktop/ALLWork/Madison/Project/ryan-nitfix/intbio-nitfix-git/symbiosis_sorted_all_sample_consensus_sequences_50percent/result/gene_trees_full/nolF/03_tree_strict_nm5000/nolF_consensus50_strict_single_dominant_nm5000.contree	/Users/rosa/Desktop/ALLWork/Madison/Project/ryan-nitfix/intbio-nitfix-git/comparing_trees/result/gene_trees_full/nolF/03_tree_strict_nm5000/nolF_consensus50_strict_single_dominant_nm5000.contree
/Users/rosa/Desktop/ALLWork/Madison/Project/ryan-nitfix/intbio-nitfix-git/symbiosis_sorted_all_sample_consensus_sequences_50percent/result/gene_trees_full/nolF/03_tree_strict_nm5000/nolF_consensus50_strict_single_dominant_nm5000.iqtree	/Users/rosa/Desktop/ALLWork/Madison/Project/ryan-nitfix/intbio-nitfix-git/comparing_trees/result/gene_trees_full/nolF/03_tree_strict_nm5000/nolF_consensus50_strict_single_dominant_nm5000.iqtree
/Users/rosa/Desktop/ALLWork/Madison/Project/ryan-nitfix/intbio-nitfix-git/symbiosis_sorted_all_sample_consensus_sequences_50percent/result/gene_trees_full/nolF/03_tree_strict_nm5000/nolF_consensus50_strict_single_dominant_nm5000.run.log	/Users/rosa/Desktop/ALLWork/Madison/Project/ryan-nitfix/intbio-nitfix-git/comparing_trees/result/gene_trees_full/nolF/03_tree_strict_nm5000/nolF_consensus50_strict_single_dominant_nm5000.run.log
/Users/rosa/Desktop/ALLWork/Madison/Project/ryan-nitfix/intbio-nitfix-git/symbiosis_sorted_all_sample_consensus_sequences_50percent/result/gene_trees_full/nodX/02_alignment/nodX_consensus50_iupac_all_pass.mafft.fasta.log	/Users/rosa/Desktop/ALLWork/Madison/Project/ryan-nitfix/intbio-nitfix-git/comparing_trees/result/gene_trees_full/nodX/02_alignment/nodX_consensus50_iupac_all_pass.mafft.fasta.log
/Users/rosa/Desktop/ALLWork/Madison/Project/ryan-nitfix/intbio-nitfix-git/symbiosis_sorted_all_sample_consensus_sequences_50percent/result/gene_trees_full/nodX/02_alignment/nodX_consensus50_strict_single_dominant.mafft.fasta.lengths.txt	/Users/rosa/Desktop/ALLWork/Madison/Project/ryan-nitfix/intbio-nitfix-git/comparing_trees/result/gene_trees_full/nodX/02_alignment/nodX_consensus50_strict_single_dominant.mafft.fasta.lengths.txt
/Users/rosa/Desktop/ALLWork/Madison/Project/ryan-nitfix/intbio-nitfix-git/symbiosis_sorted_all_sample_consensus_sequences_50percent/result/gene_trees_full/nodX/02_alignment/nodX_consensus50_iupac_all_pass.mafft.fasta.lengths.txt	/Users/rosa/Desktop/ALLWork/Madison/Project/ryan-nitfix/intbio-nitfix-git/comparing_trees/result/gene_trees_full/nodX/02_alignment/nodX_consensus50_iupac_all_pass.mafft.fasta.lengths.txt
/Users/rosa/Desktop/ALLWork/Madison/Project/ryan-nitfix/intbio-nitfix-git/symbiosis_sorted_all_sample_consensus_sequences_50percent/result/gene_trees_full/nodX/02_alignment/nodX_consensus50_strict_single_dominant.mafft.fasta.log	/Users/rosa/Desktop/ALLWork/Madison/Project/ryan-nitfix/intbio-nitfix-git/comparing_trees/result/gene_trees_full/nodX/02_alignment/nodX_consensus50_strict_single_dominant.mafft.fasta.log
/Users/rosa/Desktop/ALLWork/Madison/Project/ryan-nitfix/intbio-nitfix-git/symbiosis_sorted_all_sample_consensus_sequences_50percent/result/gene_trees_full/nodX/04_tree_iupac_nm5000/nodX_consensus50_iupac_all_pass_nm5000.run.log	/Users/rosa/Desktop/ALLWork/Madison/Project/ryan-nitfix/intbio-nitfix-git/comparing_trees/result/gene_trees_full/nodX/04_tree_iupac_nm5000/nodX_consensus50_iupac_all_pass_nm5000.run.log
/Users/rosa/Desktop/ALLWork/Madison/Project/ryan-nitfix/intbio-nitfix-git/symbiosis_sorted_all_sample_consensus_sequences_50percent/result/gene_trees_full/nodX/04_tree_iupac_nm5000/nodX_consensus50_iupac_all_pass_nm5000.iqtree	/Users/rosa/Desktop/ALLWork/Madison/Project/ryan-nitfix/intbio-nitfix-git/comparing_trees/result/gene_trees_full/nodX/04_tree_iupac_nm5000/nodX_consensus50_iupac_all_pass_nm5000.iqtree
/Users/rosa/Desktop/ALLWork/Madison/Project/ryan-nitfix/intbio-nitfix-git/symbiosis_sorted_all_sample_consensus_sequences_50percent/result/gene_trees_full/nodX/04_tree_iupac_nm5000/nodX_consensus50_iupac_all_pass_nm5000.contree	/Users/rosa/Desktop/ALLWork/Madison/Project/ryan-nitfix/intbio-nitfix-git/comparing_trees/result/gene_trees_full/nodX/04_tree_iupac_nm5000/nodX_consensus50_iupac_all_pass_nm5000.contree
/Users/rosa/Desktop/ALLWork/Madison/Project/ryan-nitfix/intbio-nitfix-git/symbiosis_sorted_all_sample_consensus_sequences_50percent/result/gene_trees_full/nodX/04_tree_iupac_nm5000/nodX_consensus50_iupac_all_pass_nm5000.treefile	/Users/rosa/Desktop/ALLWork/Madison/Project/ryan-nitfix/intbio-nitfix-git/comparing_trees/result/gene_trees_full/nodX/04_tree_iupac_nm5000/nodX_consensus50_iupac_all_pass_nm5000.treefile
/Users/rosa/Desktop/ALLWork/Madison/Project/ryan-nitfix/intbio-nitfix-git/symbiosis_sorted_all_sample_consensus_sequences_50percent/result/gene_trees_full/nodX/04_tree_iupac_nm5000/nodX_consensus50_iupac_all_pass_nm5000.log	/Users/rosa/Desktop/ALLWork/Madison/Project/ryan-nitfix/intbio-nitfix-git/comparing_trees/result/gene_trees_full/nodX/04_tree_iupac_nm5000/nodX_consensus50_iupac_all_pass_nm5000.log
/Users/rosa/Desktop/ALLWork/Madison/Project/ryan-nitfix/intbio-nitfix-git/symbiosis_sorted_all_sample_consensus_sequences_50percent/result/gene_trees_full/nodX/01_consensus/nodX_consensus_qc.tsv	/Users/rosa/Desktop/ALLWork/Madison/Project/ryan-nitfix/intbio-nitfix-git/comparing_trees/result/gene_trees_full/nodX/01_consensus/nodX_consensus_qc.tsv
/Users/rosa/Desktop/ALLWork/Madison/Project/ryan-nitfix/intbio-nitfix-git/symbiosis_sorted_all_sample_consensus_sequences_50percent/result/gene_trees_full/nodX/01_consensus/nodX_selected_samples.tsv	/Users/rosa/Desktop/ALLWork/Madison/Project/ryan-nitfix/intbio-nitfix-git/comparing_trees/result/gene_trees_full/nodX/01_consensus/nodX_selected_samples.tsv
/Users/rosa/Desktop/ALLWork/Madison/Project/ryan-nitfix/intbio-nitfix-git/symbiosis_sorted_all_sample_consensus_sequences_50percent/result/gene_trees_full/nodX/05_blast_taxon_annotation/nodX_iupac_blast.tsv	/Users/rosa/Desktop/ALLWork/Madison/Project/ryan-nitfix/intbio-nitfix-git/comparing_trees/result/gene_trees_full/nodX/05_blast_taxon_annotation/nodX_iupac_blast.tsv
/Users/rosa/Desktop/ALLWork/Madison/Project/ryan-nitfix/intbio-nitfix-git/symbiosis_sorted_all_sample_consensus_sequences_50percent/result/gene_trees_full/nodX/05_blast_taxon_annotation/nodX_strict_best_reference_hit_with_taxon.tsv	/Users/rosa/Desktop/ALLWork/Madison/Project/ryan-nitfix/intbio-nitfix-git/comparing_trees/result/gene_trees_full/nodX/05_blast_taxon_annotation/nodX_strict_best_reference_hit_with_taxon.tsv
/Users/rosa/Desktop/ALLWork/Madison/Project/ryan-nitfix/intbio-nitfix-git/symbiosis_sorted_all_sample_consensus_sequences_50percent/result/gene_trees_full/nodX/05_blast_taxon_annotation/nodX_strict_blast.tsv	/Users/rosa/Desktop/ALLWork/Madison/Project/ryan-nitfix/intbio-nitfix-git/comparing_trees/result/gene_trees_full/nodX/05_blast_taxon_annotation/nodX_strict_blast.tsv
/Users/rosa/Desktop/ALLWork/Madison/Project/ryan-nitfix/intbio-nitfix-git/symbiosis_sorted_all_sample_consensus_sequences_50percent/result/gene_trees_full/nodX/05_blast_taxon_annotation/nodX_iupac_best_reference_hit_with_taxon.tsv	/Users/rosa/Desktop/ALLWork/Madison/Project/ryan-nitfix/intbio-nitfix-git/comparing_trees/result/gene_trees_full/nodX/05_blast_taxon_annotation/nodX_iupac_best_reference_hit_with_taxon.tsv
/Users/rosa/Desktop/ALLWork/Madison/Project/ryan-nitfix/intbio-nitfix-git/symbiosis_sorted_all_sample_consensus_sequences_50percent/result/gene_trees_full/nodX/03_tree_strict_nm5000/nodX_consensus50_strict_single_dominant_nm5000.iqtree	/Users/rosa/Desktop/ALLWork/Madison/Project/ryan-nitfix/intbio-nitfix-git/comparing_trees/result/gene_trees_full/nodX/03_tree_strict_nm5000/nodX_consensus50_strict_single_dominant_nm5000.iqtree
/Users/rosa/Desktop/ALLWork/Madison/Project/ryan-nitfix/intbio-nitfix-git/symbiosis_sorted_all_sample_consensus_sequences_50percent/result/gene_trees_full/nodX/03_tree_strict_nm5000/nodX_consensus50_strict_single_dominant_nm5000.contree	/Users/rosa/Desktop/ALLWork/Madison/Project/ryan-nitfix/intbio-nitfix-git/comparing_trees/result/gene_trees_full/nodX/03_tree_strict_nm5000/nodX_consensus50_strict_single_dominant_nm5000.contree
/Users/rosa/Desktop/ALLWork/Madison/Project/ryan-nitfix/intbio-nitfix-git/symbiosis_sorted_all_sample_consensus_sequences_50percent/result/gene_trees_full/nodX/03_tree_strict_nm5000/nodX_consensus50_strict_single_dominant_nm5000.treefile	/Users/rosa/Desktop/ALLWork/Madison/Project/ryan-nitfix/intbio-nitfix-git/comparing_trees/result/gene_trees_full/nodX/03_tree_strict_nm5000/nodX_consensus50_strict_single_dominant_nm5000.treefile
/Users/rosa/Desktop/ALLWork/Madison/Project/ryan-nitfix/intbio-nitfix-git/symbiosis_sorted_all_sample_consensus_sequences_50percent/result/gene_trees_full/nodX/03_tree_strict_nm5000/nodX_consensus50_strict_single_dominant_nm5000.log	/Users/rosa/Desktop/ALLWork/Madison/Project/ryan-nitfix/intbio-nitfix-git/comparing_trees/result/gene_trees_full/nodX/03_tree_strict_nm5000/nodX_consensus50_strict_single_dominant_nm5000.log
/Users/rosa/Desktop/ALLWork/Madison/Project/ryan-nitfix/intbio-nitfix-git/symbiosis_sorted_all_sample_consensus_sequences_50percent/result/gene_trees_full/nodX/03_tree_strict_nm5000/nodX_consensus50_strict_single_dominant_nm5000.run.log	/Users/rosa/Desktop/ALLWork/Madison/Project/ryan-nitfix/intbio-nitfix-git/comparing_trees/result/gene_trees_full/nodX/03_tree_strict_nm5000/nodX_consensus50_strict_single_dominant_nm5000.run.log
/Users/rosa/Desktop/ALLWork/Madison/Project/ryan-nitfix/intbio-nitfix-git/symbiosis_sorted_all_sample_consensus_sequences_50percent/result/gene_trees_full/nodL/02_alignment/nodL_consensus50_strict_single_dominant.mafft.fasta.lengths.txt	/Users/rosa/Desktop/ALLWork/Madison/Project/ryan-nitfix/intbio-nitfix-git/comparing_trees/result/gene_trees_full/nodL/02_alignment/nodL_consensus50_strict_single_dominant.mafft.fasta.lengths.txt
/Users/rosa/Desktop/ALLWork/Madison/Project/ryan-nitfix/intbio-nitfix-git/symbiosis_sorted_all_sample_consensus_sequences_50percent/result/gene_trees_full/nodL/02_alignment/nodL_consensus50_strict_single_dominant.mafft.fasta.log	/Users/rosa/Desktop/ALLWork/Madison/Project/ryan-nitfix/intbio-nitfix-git/comparing_trees/result/gene_trees_full/nodL/02_alignment/nodL_consensus50_strict_single_dominant.mafft.fasta.log
/Users/rosa/Desktop/ALLWork/Madison/Project/ryan-nitfix/intbio-nitfix-git/symbiosis_sorted_all_sample_consensus_sequences_50percent/result/gene_trees_full/nodL/02_alignment/nodL_consensus50_iupac_all_pass.mafft.fasta.lengths.txt	/Users/rosa/Desktop/ALLWork/Madison/Project/ryan-nitfix/intbio-nitfix-git/comparing_trees/result/gene_trees_full/nodL/02_alignment/nodL_consensus50_iupac_all_pass.mafft.fasta.lengths.txt
/Users/rosa/Desktop/ALLWork/Madison/Project/ryan-nitfix/intbio-nitfix-git/symbiosis_sorted_all_sample_consensus_sequences_50percent/result/gene_trees_full/nodL/02_alignment/nodL_consensus50_iupac_all_pass.mafft.fasta.log	/Users/rosa/Desktop/ALLWork/Madison/Project/ryan-nitfix/intbio-nitfix-git/comparing_trees/result/gene_trees_full/nodL/02_alignment/nodL_consensus50_iupac_all_pass.mafft.fasta.log
/Users/rosa/Desktop/ALLWork/Madison/Project/ryan-nitfix/intbio-nitfix-git/symbiosis_sorted_all_sample_consensus_sequences_50percent/result/gene_trees_full/nodL/04_tree_iupac_nm5000/nodL_consensus50_iupac_all_pass_nm5000.run.log	/Users/rosa/Desktop/ALLWork/Madison/Project/ryan-nitfix/intbio-nitfix-git/comparing_trees/result/gene_trees_full/nodL/04_tree_iupac_nm5000/nodL_consensus50_iupac_all_pass_nm5000.run.log
/Users/rosa/Desktop/ALLWork/Madison/Project/ryan-nitfix/intbio-nitfix-git/symbiosis_sorted_all_sample_consensus_sequences_50percent/result/gene_trees_full/nodL/04_tree_iupac_nm5000/nodL_consensus50_iupac_all_pass_nm5000.log	/Users/rosa/Desktop/ALLWork/Madison/Project/ryan-nitfix/intbio-nitfix-git/comparing_trees/result/gene_trees_full/nodL/04_tree_iupac_nm5000/nodL_consensus50_iupac_all_pass_nm5000.log
/Users/rosa/Desktop/ALLWork/Madison/Project/ryan-nitfix/intbio-nitfix-git/symbiosis_sorted_all_sample_consensus_sequences_50percent/result/gene_trees_full/nodL/04_tree_iupac_nm5000/nodL_consensus50_iupac_all_pass_nm5000.iqtree	/Users/rosa/Desktop/ALLWork/Madison/Project/ryan-nitfix/intbio-nitfix-git/comparing_trees/result/gene_trees_full/nodL/04_tree_iupac_nm5000/nodL_consensus50_iupac_all_pass_nm5000.iqtree
/Users/rosa/Desktop/ALLWork/Madison/Project/ryan-nitfix/intbio-nitfix-git/symbiosis_sorted_all_sample_consensus_sequences_50percent/result/gene_trees_full/nodL/04_tree_iupac_nm5000/nodL_consensus50_iupac_all_pass_nm5000.treefile	/Users/rosa/Desktop/ALLWork/Madison/Project/ryan-nitfix/intbio-nitfix-git/comparing_trees/result/gene_trees_full/nodL/04_tree_iupac_nm5000/nodL_consensus50_iupac_all_pass_nm5000.treefile
/Users/rosa/Desktop/ALLWork/Madison/Project/ryan-nitfix/intbio-nitfix-git/symbiosis_sorted_all_sample_consensus_sequences_50percent/result/gene_trees_full/nodL/04_tree_iupac_nm5000/nodL_consensus50_iupac_all_pass_nm5000.contree	/Users/rosa/Desktop/ALLWork/Madison/Project/ryan-nitfix/intbio-nitfix-git/comparing_trees/result/gene_trees_full/nodL/04_tree_iupac_nm5000/nodL_consensus50_iupac_all_pass_nm5000.contree
/Users/rosa/Desktop/ALLWork/Madison/Project/ryan-nitfix/intbio-nitfix-git/symbiosis_sorted_all_sample_consensus_sequences_50percent/result/gene_trees_full/nodL/01_consensus/nodL_consensus_qc.tsv	/Users/rosa/Desktop/ALLWork/Madison/Project/ryan-nitfix/intbio-nitfix-git/comparing_trees/result/gene_trees_full/nodL/01_consensus/nodL_consensus_qc.tsv
/Users/rosa/Desktop/ALLWork/Madison/Project/ryan-nitfix/intbio-nitfix-git/symbiosis_sorted_all_sample_consensus_sequences_50percent/result/gene_trees_full/nodL/01_consensus/nodL_selected_samples.tsv	/Users/rosa/Desktop/ALLWork/Madison/Project/ryan-nitfix/intbio-nitfix-git/comparing_trees/result/gene_trees_full/nodL/01_consensus/nodL_selected_samples.tsv
/Users/rosa/Desktop/ALLWork/Madison/Project/ryan-nitfix/intbio-nitfix-git/symbiosis_sorted_all_sample_consensus_sequences_50percent/result/gene_trees_full/nodL/05_blast_taxon_annotation/nodL_iupac_blast.tsv	/Users/rosa/Desktop/ALLWork/Madison/Project/ryan-nitfix/intbio-nitfix-git/comparing_trees/result/gene_trees_full/nodL/05_blast_taxon_annotation/nodL_iupac_blast.tsv
/Users/rosa/Desktop/ALLWork/Madison/Project/ryan-nitfix/intbio-nitfix-git/symbiosis_sorted_all_sample_consensus_sequences_50percent/result/gene_trees_full/nodL/05_blast_taxon_annotation/nodL_strict_blast.tsv	/Users/rosa/Desktop/ALLWork/Madison/Project/ryan-nitfix/intbio-nitfix-git/comparing_trees/result/gene_trees_full/nodL/05_blast_taxon_annotation/nodL_strict_blast.tsv
/Users/rosa/Desktop/ALLWork/Madison/Project/ryan-nitfix/intbio-nitfix-git/symbiosis_sorted_all_sample_consensus_sequences_50percent/result/gene_trees_full/nodL/05_blast_taxon_annotation/nodL_strict_best_reference_hit_with_taxon.tsv	/Users/rosa/Desktop/ALLWork/Madison/Project/ryan-nitfix/intbio-nitfix-git/comparing_trees/result/gene_trees_full/nodL/05_blast_taxon_annotation/nodL_strict_best_reference_hit_with_taxon.tsv
/Users/rosa/Desktop/ALLWork/Madison/Project/ryan-nitfix/intbio-nitfix-git/symbiosis_sorted_all_sample_consensus_sequences_50percent/result/gene_trees_full/nodL/05_blast_taxon_annotation/nodL_iupac_best_reference_hit_with_taxon.tsv	/Users/rosa/Desktop/ALLWork/Madison/Project/ryan-nitfix/intbio-nitfix-git/comparing_trees/result/gene_trees_full/nodL/05_blast_taxon_annotation/nodL_iupac_best_reference_hit_with_taxon.tsv
/Users/rosa/Desktop/ALLWork/Madison/Project/ryan-nitfix/intbio-nitfix-git/symbiosis_sorted_all_sample_consensus_sequences_50percent/result/gene_trees_full/nodL/03_tree_strict_nm5000/nodL_consensus50_strict_single_dominant_nm5000.contree	/Users/rosa/Desktop/ALLWork/Madison/Project/ryan-nitfix/intbio-nitfix-git/comparing_trees/result/gene_trees_full/nodL/03_tree_strict_nm5000/nodL_consensus50_strict_single_dominant_nm5000.contree
/Users/rosa/Desktop/ALLWork/Madison/Project/ryan-nitfix/intbio-nitfix-git/symbiosis_sorted_all_sample_consensus_sequences_50percent/result/gene_trees_full/nodL/03_tree_strict_nm5000/nodL_consensus50_strict_single_dominant_nm5000.iqtree	/Users/rosa/Desktop/ALLWork/Madison/Project/ryan-nitfix/intbio-nitfix-git/comparing_trees/result/gene_trees_full/nodL/03_tree_strict_nm5000/nodL_consensus50_strict_single_dominant_nm5000.iqtree
/Users/rosa/Desktop/ALLWork/Madison/Project/ryan-nitfix/intbio-nitfix-git/symbiosis_sorted_all_sample_consensus_sequences_50percent/result/gene_trees_full/nodL/03_tree_strict_nm5000/nodL_consensus50_strict_single_dominant_nm5000.log	/Users/rosa/Desktop/ALLWork/Madison/Project/ryan-nitfix/intbio-nitfix-git/comparing_trees/result/gene_trees_full/nodL/03_tree_strict_nm5000/nodL_consensus50_strict_single_dominant_nm5000.log
/Users/rosa/Desktop/ALLWork/Madison/Project/ryan-nitfix/intbio-nitfix-git/symbiosis_sorted_all_sample_consensus_sequences_50percent/result/gene_trees_full/nodL/03_tree_strict_nm5000/nodL_consensus50_strict_single_dominant_nm5000.run.log	/Users/rosa/Desktop/ALLWork/Madison/Project/ryan-nitfix/intbio-nitfix-git/comparing_trees/result/gene_trees_full/nodL/03_tree_strict_nm5000/nodL_consensus50_strict_single_dominant_nm5000.run.log
/Users/rosa/Desktop/ALLWork/Madison/Project/ryan-nitfix/intbio-nitfix-git/symbiosis_sorted_all_sample_consensus_sequences_50percent/result/gene_trees_full/nodL/03_tree_strict_nm5000/nodL_consensus50_strict_single_dominant_nm5000.treefile	/Users/rosa/Desktop/ALLWork/Madison/Project/ryan-nitfix/intbio-nitfix-git/comparing_trees/result/gene_trees_full/nodL/03_tree_strict_nm5000/nodL_consensus50_strict_single_dominant_nm5000.treefile
generated	/Users/rosa/Desktop/ALLWork/Madison/Project/ryan-nitfix/intbio-nitfix-git/comparing_trees/README.md
