BLAN-1-1-No|nodX|consensus50|pass_single_dominant	nodX|Rhizobium_anhuiense_bv._trifolii|UTS88797.1	99.455	1101	6	0	5	1105	2	1102	0.0	2012
BLAN-1-1-No|nodX|consensus50|pass_single_dominant	nodX|Rhizobium_beringeri|WSH53767.1	99.092	1101	10	0	5	1105	2	1102	0.0	1989
BLAN-1-1-No|nodX|consensus50|pass_single_dominant	nodX|Rhizobium_leguminosarum|XYR17985.1	99.092	1101	10	0	5	1105	2	1102	0.0	1989
BLAN-1-1-No|nodX|consensus50|pass_single_dominant	nodX|Rhizobium_leguminosarum|UIK20411.1	99.001	1101	11	0	5	1105	2	1102	0.0	1984
BLAN-1-1-No|nodX|consensus50|pass_single_dominant	nodX|Rhizobium_beringeri|WSH29639.1	99.001	1101	11	0	5	1105	2	1102	0.0	1984
BLAN-1-1-No|nodX|consensus50|pass_single_dominant	nodX|Rhizobium_beringeri|WSG78435.1	99.001	1101	11	0	5	1105	2	1102	0.0	1984
BLAN-1-1-No|nodX|consensus50|pass_single_dominant	nodX|Rhizobium_johnstonii|WSH10826.1	99.001	1101	11	0	5	1105	2	1102	0.0	1984
BLAN-1-1-No|nodX|consensus50|pass_single_dominant	nodX|Rhizobium_beringeri|WSH18630.1	99.001	1101	11	0	5	1105	2	1102	0.0	1984
BLAN-1-1-No|nodX|consensus50|pass_single_dominant	nodX|Rhizobium_johnstonii|WSH48507.1	99.001	1101	11	0	5	1105	2	1102	0.0	1984
BLAN-1-1-No|nodX|consensus50|pass_single_dominant	nodX|Rhizobium_leguminosarum|WSH75135.1	98.910	1101	12	0	5	1105	2	1102	0.0	1978
BLAN-1-1-Rh|nodX|consensus50|pass_single_dominant	nodX|Rhizobium_anhuiense_bv._trifolii|UTS88797.1	99.242	1055	8	0	51	1105	48	1102	0.0	1914
BLAN-1-1-Rh|nodX|consensus50|pass_single_dominant	nodX|Rhizobium_leguminosarum|UIK20411.1	99.052	1055	10	0	51	1105	48	1102	0.0	1903
BLAN-1-1-Rh|nodX|consensus50|pass_single_dominant	nodX|Rhizobium_beringeri|WSH29639.1	99.052	1055	10	0	51	1105	48	1102	0.0	1903
BLAN-1-1-Rh|nodX|consensus50|pass_single_dominant	nodX|Rhizobium_johnstonii|WSH10826.1	99.052	1055	10	0	51	1105	48	1102	0.0	1903
BLAN-1-1-Rh|nodX|consensus50|pass_single_dominant	nodX|Rhizobium_johnstonii|WSH48507.1	99.052	1055	10	0	51	1105	48	1102	0.0	1903
BLAN-1-1-Rh|nodX|consensus50|pass_single_dominant	nodX|Rhizobium_beringeri|WSH53767.1	99.052	1055	10	0	51	1105	48	1102	0.0	1903
BLAN-1-1-Rh|nodX|consensus50|pass_single_dominant	nodX|Rhizobium_leguminosarum|XYR17985.1	99.052	1055	10	0	51	1105	48	1102	0.0	1903
BLAN-1-1-Rh|nodX|consensus50|pass_single_dominant	nodX|Rhizobium_beringeri|WSG78435.1	98.957	1055	11	0	51	1105	48	1102	0.0	1897
BLAN-1-1-Rh|nodX|consensus50|pass_single_dominant	nodX|Rhizobium_beringeri|WSH18630.1	98.957	1055	11	0	51	1105	48	1102	0.0	1897
BLAN-1-1-Rh|nodX|consensus50|pass_single_dominant	nodX|Rhizobium_leguminosarum|WSH75135.1	98.957	1055	11	0	51	1105	48	1102	0.0	1897
BLAN-1-1-Ro|nodX|consensus50|pass_single_dominant	nodX|Rhizobium_anhuiense_bv._trifolii|UTS88797.1	99.728	1101	3	0	6	1106	3	1103	0.0	2021
BLAN-1-1-Ro|nodX|consensus50|pass_single_dominant	nodX|Rhizobium_beringeri|WSH53767.1	99.183	1101	9	0	6	1106	3	1103	0.0	1988
BLAN-1-1-Ro|nodX|consensus50|pass_single_dominant	nodX|Rhizobium_leguminosarum|XYR17985.1	99.183	1101	9	0	6	1106	3	1103	0.0	1988
BLAN-1-1-Ro|nodX|consensus50|pass_single_dominant	nodX|Rhizobium_leguminosarum|UIK20411.1	99.092	1101	10	0	6	1106	3	1103	0.0	1982
BLAN-1-1-Ro|nodX|consensus50|pass_single_dominant	nodX|Rhizobium_beringeri|WSH29639.1	99.092	1101	10	0	6	1106	3	1103	0.0	1982
BLAN-1-1-Ro|nodX|consensus50|pass_single_dominant	nodX|Rhizobium_beringeri|WSG78435.1	99.092	1101	10	0	6	1106	3	1103	0.0	1982
BLAN-1-1-Ro|nodX|consensus50|pass_single_dominant	nodX|Rhizobium_johnstonii|WSH10826.1	99.092	1101	10	0	6	1106	3	1103	0.0	1982
BLAN-1-1-Ro|nodX|consensus50|pass_single_dominant	nodX|Rhizobium_beringeri|WSH18630.1	99.092	1101	10	0	6	1106	3	1103	0.0	1982
BLAN-1-1-Ro|nodX|consensus50|pass_single_dominant	nodX|Rhizobium_johnstonii|WSH48507.1	99.092	1101	10	0	6	1106	3	1103	0.0	1982
BLAN-1-1-Ro|nodX|consensus50|pass_single_dominant	nodX|Rhizobium_leguminosarum|WSH75135.1	98.910	1101	12	0	6	1106	3	1103	0.0	1971
BLAN-2-1-No|nodX|consensus50|pass_single_dominant	nodX|Rhizobium_anhuiense_bv._trifolii|UTS88797.1	98.986	1085	11	0	22	1106	19	1103	0.0	1962
BLAN-2-1-No|nodX|consensus50|pass_single_dominant	nodX|Rhizobium_leguminosarum|UIK20411.1	98.894	1085	12	0	22	1106	19	1103	0.0	1956
BLAN-2-1-No|nodX|consensus50|pass_single_dominant	nodX|Rhizobium_beringeri|WSH29639.1	98.894	1085	12	0	22	1106	19	1103	0.0	1956
BLAN-2-1-No|nodX|consensus50|pass_single_dominant	nodX|Rhizobium_johnstonii|WSH10826.1	98.894	1085	12	0	22	1106	19	1103	0.0	1956
BLAN-2-1-No|nodX|consensus50|pass_single_dominant	nodX|Rhizobium_johnstonii|WSH48507.1	98.894	1085	12	0	22	1106	19	1103	0.0	1956
BLAN-2-1-No|nodX|consensus50|pass_single_dominant	nodX|Rhizobium_beringeri|WSH53767.1	98.894	1085	12	0	22	1106	19	1103	0.0	1956
BLAN-2-1-No|nodX|consensus50|pass_single_dominant	nodX|Rhizobium_leguminosarum|WSH75135.1	98.894	1085	12	0	22	1106	19	1103	0.0	1956
BLAN-2-1-No|nodX|consensus50|pass_single_dominant	nodX|Rhizobium_leguminosarum|XYR17985.1	98.894	1085	12	0	22	1106	19	1103	0.0	1956
BLAN-2-1-No|nodX|consensus50|pass_single_dominant	nodX|Rhizobium_beringeri|WSG78435.1	98.802	1085	13	0	22	1106	19	1103	0.0	1951
BLAN-2-1-No|nodX|consensus50|pass_single_dominant	nodX|Rhizobium_beringeri|WSH18630.1	98.802	1085	13	0	22	1106	19	1103	0.0	1951
BLAN-2-1-Ro|nodX|consensus50|pass_single_dominant	nodX|Rhizobium_beringeri|WSH53767.1	100.000	1101	0	0	5	1105	2	1102	0.0	2034
BLAN-2-1-Ro|nodX|consensus50|pass_single_dominant	nodX|Rhizobium_leguminosarum|XYR17985.1	100.000	1101	0	0	5	1105	2	1102	0.0	2034
BLAN-2-1-Ro|nodX|consensus50|pass_single_dominant	nodX|Rhizobium_beringeri|WSG78435.1	99.909	1101	1	0	5	1105	2	1102	0.0	2028
BLAN-2-1-Ro|nodX|consensus50|pass_single_dominant	nodX|Rhizobium_beringeri|WSH18630.1	99.909	1101	1	0	5	1105	2	1102	0.0	2028
BLAN-2-1-Ro|nodX|consensus50|pass_single_dominant	nodX|Rhizobium_leguminosarum|UIK20411.1	99.728	1101	3	0	5	1105	2	1102	0.0	2017
BLAN-2-1-Ro|nodX|consensus50|pass_single_dominant	nodX|Rhizobium_beringeri|WSH29639.1	99.728	1101	3	0	5	1105	2	1102	0.0	2017
BLAN-2-1-Ro|nodX|consensus50|pass_single_dominant	nodX|Rhizobium_johnstonii|WSH10826.1	99.728	1101	3	0	5	1105	2	1102	0.0	2017
BLAN-2-1-Ro|nodX|consensus50|pass_single_dominant	nodX|Rhizobium_johnstonii|WSH48507.1	99.728	1101	3	0	5	1105	2	1102	0.0	2017
BLAN-2-1-Ro|nodX|consensus50|pass_single_dominant	nodX|Rhizobium_anhuiense_bv._trifolii|UTS88797.1	99.455	1101	6	0	5	1105	2	1102	0.0	2001
BLAN-2-1-Ro|nodX|consensus50|pass_single_dominant	nodX|Rhizobium_leguminosarum|WSH75135.1	99.273	1101	8	0	5	1105	2	1102	0.0	1989
BLAN-3-1-No|nodX|consensus50|pass_mixed_possible_multitemplate	nodX|Rhizobium_anhuiense_bv._trifolii|UTS88797.1	99.004	1104	11	0	4	1107	1	1104	0.0	1999
BLAN-3-1-No|nodX|consensus50|pass_mixed_possible_multitemplate	nodX|Rhizobium_beringeri|WSH53767.1	98.732	1104	14	0	4	1107	1	1104	0.0	1982
BLAN-3-1-No|nodX|consensus50|pass_mixed_possible_multitemplate	nodX|Rhizobium_leguminosarum|WSH75135.1	98.732	1104	14	0	4	1107	1	1104	0.0	1982
BLAN-3-1-No|nodX|consensus50|pass_mixed_possible_multitemplate	nodX|Rhizobium_leguminosarum|XYR17985.1	98.732	1104	14	0	4	1107	1	1104	0.0	1982
BLAN-3-1-No|nodX|consensus50|pass_mixed_possible_multitemplate	nodX|Rhizobium_leguminosarum|UIK20411.1	98.641	1104	15	0	4	1107	1	1104	0.0	1977
BLAN-3-1-No|nodX|consensus50|pass_mixed_possible_multitemplate	nodX|Rhizobium_beringeri|WSH29639.1	98.641	1104	15	0	4	1107	1	1104	0.0	1977
BLAN-3-1-No|nodX|consensus50|pass_mixed_possible_multitemplate	nodX|Rhizobium_beringeri|WSG78435.1	98.641	1104	15	0	4	1107	1	1104	0.0	1977
BLAN-3-1-No|nodX|consensus50|pass_mixed_possible_multitemplate	nodX|Rhizobium_johnstonii|WSH10826.1	98.641	1104	15	0	4	1107	1	1104	0.0	1977
BLAN-3-1-No|nodX|consensus50|pass_mixed_possible_multitemplate	nodX|Rhizobium_beringeri|WSH18630.1	98.641	1104	15	0	4	1107	1	1104	0.0	1977
BLAN-3-1-No|nodX|consensus50|pass_mixed_possible_multitemplate	nodX|Rhizobium_johnstonii|WSH48507.1	98.641	1104	15	0	4	1107	1	1104	0.0	1977
BLAN-3-1-Rh|nodX|consensus50|pass_single_dominant	nodX|Rhizobium_anhuiense_bv._trifolii|UTS88797.1	99.725	1089	3	0	17	1105	14	1102	0.0	1995
BLAN-3-1-Rh|nodX|consensus50|pass_single_dominant	nodX|Rhizobium_beringeri|WSH53767.1	99.541	1089	5	0	17	1105	14	1102	0.0	1984
BLAN-3-1-Rh|nodX|consensus50|pass_single_dominant	nodX|Rhizobium_leguminosarum|XYR17985.1	99.541	1089	5	0	17	1105	14	1102	0.0	1984
BLAN-3-1-Rh|nodX|consensus50|pass_single_dominant	nodX|Rhizobium_leguminosarum|UIK20411.1	99.449	1089	6	0	17	1105	14	1102	0.0	1978
BLAN-3-1-Rh|nodX|consensus50|pass_single_dominant	nodX|Rhizobium_beringeri|WSH29639.1	99.449	1089	6	0	17	1105	14	1102	0.0	1978
BLAN-3-1-Rh|nodX|consensus50|pass_single_dominant	nodX|Rhizobium_beringeri|WSG78435.1	99.449	1089	6	0	17	1105	14	1102	0.0	1978
BLAN-3-1-Rh|nodX|consensus50|pass_single_dominant	nodX|Rhizobium_johnstonii|WSH10826.1	99.449	1089	6	0	17	1105	14	1102	0.0	1978
BLAN-3-1-Rh|nodX|consensus50|pass_single_dominant	nodX|Rhizobium_beringeri|WSH18630.1	99.449	1089	6	0	17	1105	14	1102	0.0	1978
BLAN-3-1-Rh|nodX|consensus50|pass_single_dominant	nodX|Rhizobium_johnstonii|WSH48507.1	99.449	1089	6	0	17	1105	14	1102	0.0	1978
BLAN-3-1-Rh|nodX|consensus50|pass_single_dominant	nodX|Rhizobium_leguminosarum|WSH75135.1	99.174	1089	9	0	17	1105	14	1102	0.0	1962
BLAN-3-1-Ro|nodX|consensus50|pass_single_dominant	nodX|Rhizobium_beringeri|WSH53767.1	100.000	1104	0	0	4	1107	1	1104	0.0	2039
BLAN-3-1-Ro|nodX|consensus50|pass_single_dominant	nodX|Rhizobium_leguminosarum|XYR17985.1	100.000	1104	0	0	4	1107	1	1104	0.0	2039
BLAN-3-1-Ro|nodX|consensus50|pass_single_dominant	nodX|Rhizobium_beringeri|WSG78435.1	99.909	1104	1	0	4	1107	1	1104	0.0	2034
BLAN-3-1-Ro|nodX|consensus50|pass_single_dominant	nodX|Rhizobium_beringeri|WSH18630.1	99.909	1104	1	0	4	1107	1	1104	0.0	2034
BLAN-3-1-Ro|nodX|consensus50|pass_single_dominant	nodX|Rhizobium_leguminosarum|UIK20411.1	99.728	1104	3	0	4	1107	1	1104	0.0	2023
BLAN-3-1-Ro|nodX|consensus50|pass_single_dominant	nodX|Rhizobium_beringeri|WSH29639.1	99.728	1104	3	0	4	1107	1	1104	0.0	2023
BLAN-3-1-Ro|nodX|consensus50|pass_single_dominant	nodX|Rhizobium_johnstonii|WSH10826.1	99.728	1104	3	0	4	1107	1	1104	0.0	2023
BLAN-3-1-Ro|nodX|consensus50|pass_single_dominant	nodX|Rhizobium_johnstonii|WSH48507.1	99.728	1104	3	0	4	1107	1	1104	0.0	2023
BLAN-3-1-Ro|nodX|consensus50|pass_single_dominant	nodX|Rhizobium_anhuiense_bv._trifolii|UTS88797.1	99.457	1104	6	0	4	1107	1	1104	0.0	2006
BLAN-3-1-Ro|nodX|consensus50|pass_single_dominant	nodX|Rhizobium_leguminosarum|WSH75135.1	99.275	1104	8	0	4	1107	1	1104	0.0	1995
BLAN-4-1-No|nodX|consensus50|pass_single_dominant	nodX|Rhizobium_anhuiense_bv._trifolii|UTS88797.1	99.444	1079	6	0	27	1105	24	1102	0.0	1960
BLAN-4-1-No|nodX|consensus50|pass_single_dominant	nodX|Rhizobium_leguminosarum|WSH75135.1	99.444	1079	6	0	27	1105	24	1102	0.0	1960
BLAN-4-1-No|nodX|consensus50|pass_single_dominant	nodX|Rhizobium_leguminosarum|UIK20411.1	99.259	1079	8	0	27	1105	24	1102	0.0	1949
BLAN-4-1-No|nodX|consensus50|pass_single_dominant	nodX|Rhizobium_beringeri|WSH29639.1	99.259	1079	8	0	27	1105	24	1102	0.0	1949
BLAN-4-1-No|nodX|consensus50|pass_single_dominant	nodX|Rhizobium_johnstonii|WSH10826.1	99.259	1079	8	0	27	1105	24	1102	0.0	1949
BLAN-4-1-No|nodX|consensus50|pass_single_dominant	nodX|Rhizobium_johnstonii|WSH48507.1	99.259	1079	8	0	27	1105	24	1102	0.0	1949
BLAN-4-1-No|nodX|consensus50|pass_single_dominant	nodX|Rhizobium_beringeri|WSH53767.1	99.259	1079	8	0	27	1105	24	1102	0.0	1949
BLAN-4-1-No|nodX|consensus50|pass_single_dominant	nodX|Rhizobium_leguminosarum|XYR17985.1	99.259	1079	8	0	27	1105	24	1102	0.0	1949
BLAN-4-1-No|nodX|consensus50|pass_single_dominant	nodX|Rhizobium_beringeri|WSG78435.1	99.166	1079	9	0	27	1105	24	1102	0.0	1943
BLAN-4-1-No|nodX|consensus50|pass_single_dominant	nodX|Rhizobium_beringeri|WSH18630.1	99.166	1079	9	0	27	1105	24	1102	0.0	1943
BLAN-4-1-Ro|nodX|consensus50|pass_single_dominant	nodX|Rhizobium_leguminosarum|UIK20411.1	99.171	1085	9	0	21	1105	18	1102	0.0	1958
BLAN-4-1-Ro|nodX|consensus50|pass_single_dominant	nodX|Rhizobium_beringeri|WSH29639.1	99.171	1085	9	0	21	1105	18	1102	0.0	1958
BLAN-4-1-Ro|nodX|consensus50|pass_single_dominant	nodX|Rhizobium_johnstonii|WSH10826.1	99.171	1085	9	0	21	1105	18	1102	0.0	1958
BLAN-4-1-Ro|nodX|consensus50|pass_single_dominant	nodX|Rhizobium_johnstonii|WSH48507.1	99.171	1085	9	0	21	1105	18	1102	0.0	1958
BLAN-4-1-Ro|nodX|consensus50|pass_single_dominant	nodX|Rhizobium_beringeri|WSH53767.1	99.171	1085	9	0	21	1105	18	1102	0.0	1958
BLAN-4-1-Ro|nodX|consensus50|pass_single_dominant	nodX|Rhizobium_leguminosarum|XYR17985.1	99.171	1085	9	0	21	1105	18	1102	0.0	1958
BLAN-4-1-Ro|nodX|consensus50|pass_single_dominant	nodX|Rhizobium_beringeri|WSG78435.1	99.078	1085	10	0	21	1105	18	1102	0.0	1953
BLAN-4-1-Ro|nodX|consensus50|pass_single_dominant	nodX|Rhizobium_beringeri|WSH18630.1	99.078	1085	10	0	21	1105	18	1102	0.0	1953
BLAN-4-1-Ro|nodX|consensus50|pass_single_dominant	nodX|Rhizobium_anhuiense_bv._trifolii|UTS88797.1	98.986	1085	11	0	21	1105	18	1102	0.0	1947
BLAN-4-1-Ro|nodX|consensus50|pass_single_dominant	nodX|Rhizobium_leguminosarum|WSH75135.1	98.986	1085	11	0	21	1105	18	1102	0.0	1947
BONA-14-No|nodX|consensus50|pass_single_dominant	nodX|Rhizobium_aethiopicum|CAO3997942.1	98.457	1102	17	0	4	1105	1	1102	0.0	1941
BONA-14-No|nodX|consensus50|pass_single_dominant	nodX|Rhizobium_beringeri|WSH53767.1	96.915	1102	34	0	4	1105	1	1102	0.0	1847
BONA-14-No|nodX|consensus50|pass_single_dominant	nodX|Rhizobium_leguminosarum|WSH75135.1	96.915	1102	34	0	4	1105	1	1102	0.0	1847
BONA-14-No|nodX|consensus50|pass_single_dominant	nodX|Rhizobium_leguminosarum|XYR17985.1	96.915	1102	34	0	4	1105	1	1102	0.0	1847
BONA-14-No|nodX|consensus50|pass_single_dominant	nodX|Rhizobium_leguminosarum|UIK20411.1	96.824	1102	35	0	4	1105	1	1102	0.0	1842
BONA-14-No|nodX|consensus50|pass_single_dominant	nodX|Rhizobium_beringeri|WSH29639.1	96.824	1102	35	0	4	1105	1	1102	0.0	1842
BONA-14-No|nodX|consensus50|pass_single_dominant	nodX|Rhizobium_beringeri|WSG78435.1	96.824	1102	35	0	4	1105	1	1102	0.0	1842
BONA-14-No|nodX|consensus50|pass_single_dominant	nodX|Rhizobium_johnstonii|WSH10826.1	96.824	1102	35	0	4	1105	1	1102	0.0	1842
BONA-14-No|nodX|consensus50|pass_single_dominant	nodX|Rhizobium_beringeri|WSH18630.1	96.824	1102	35	0	4	1105	1	1102	0.0	1842
BONA-14-No|nodX|consensus50|pass_single_dominant	nodX|Rhizobium_johnstonii|WSH48507.1	96.824	1102	35	0	4	1105	1	1102	0.0	1842
BONA-2-Ro|nodX|consensus50|pass_single_dominant	nodX|Rhizobium_aethiopicum|CAO3997942.1	98.457	1102	17	0	4	1105	1	1102	0.0	1941
BONA-2-Ro|nodX|consensus50|pass_single_dominant	nodX|Rhizobium_beringeri|WSH53767.1	96.915	1102	34	0	4	1105	1	1102	0.0	1847
BONA-2-Ro|nodX|consensus50|pass_single_dominant	nodX|Rhizobium_leguminosarum|WSH75135.1	96.915	1102	34	0	4	1105	1	1102	0.0	1847
BONA-2-Ro|nodX|consensus50|pass_single_dominant	nodX|Rhizobium_leguminosarum|XYR17985.1	96.915	1102	34	0	4	1105	1	1102	0.0	1847
BONA-2-Ro|nodX|consensus50|pass_single_dominant	nodX|Rhizobium_leguminosarum|UIK20411.1	96.824	1102	35	0	4	1105	1	1102	0.0	1842
BONA-2-Ro|nodX|consensus50|pass_single_dominant	nodX|Rhizobium_beringeri|WSH29639.1	96.824	1102	35	0	4	1105	1	1102	0.0	1842
BONA-2-Ro|nodX|consensus50|pass_single_dominant	nodX|Rhizobium_beringeri|WSG78435.1	96.824	1102	35	0	4	1105	1	1102	0.0	1842
BONA-2-Ro|nodX|consensus50|pass_single_dominant	nodX|Rhizobium_johnstonii|WSH10826.1	96.824	1102	35	0	4	1105	1	1102	0.0	1842
BONA-2-Ro|nodX|consensus50|pass_single_dominant	nodX|Rhizobium_beringeri|WSH18630.1	96.824	1102	35	0	4	1105	1	1102	0.0	1842
BONA-2-Ro|nodX|consensus50|pass_single_dominant	nodX|Rhizobium_johnstonii|WSH48507.1	96.824	1102	35	0	4	1105	1	1102	0.0	1842
BONA-3-1-Rh|nodX|consensus50|pass_single_dominant	nodX|Rhizobium_aethiopicum|CAO3997942.1	98.460	1104	17	0	4	1107	1	1104	0.0	1945
BONA-3-1-Rh|nodX|consensus50|pass_single_dominant	nodX|Rhizobium_beringeri|WSH53767.1	96.920	1104	34	0	4	1107	1	1104	0.0	1851
BONA-3-1-Rh|nodX|consensus50|pass_single_dominant	nodX|Rhizobium_leguminosarum|WSH75135.1	96.920	1104	34	0	4	1107	1	1104	0.0	1851
BONA-3-1-Rh|nodX|consensus50|pass_single_dominant	nodX|Rhizobium_leguminosarum|XYR17985.1	96.920	1104	34	0	4	1107	1	1104	0.0	1851
BONA-3-1-Rh|nodX|consensus50|pass_single_dominant	nodX|Rhizobium_leguminosarum|UIK20411.1	96.830	1104	35	0	4	1107	1	1104	0.0	1845
BONA-3-1-Rh|nodX|consensus50|pass_single_dominant	nodX|Rhizobium_beringeri|WSH29639.1	96.830	1104	35	0	4	1107	1	1104	0.0	1845
BONA-3-1-Rh|nodX|consensus50|pass_single_dominant	nodX|Rhizobium_beringeri|WSG78435.1	96.830	1104	35	0	4	1107	1	1104	0.0	1845
BONA-3-1-Rh|nodX|consensus50|pass_single_dominant	nodX|Rhizobium_johnstonii|WSH10826.1	96.830	1104	35	0	4	1107	1	1104	0.0	1845
BONA-3-1-Rh|nodX|consensus50|pass_single_dominant	nodX|Rhizobium_beringeri|WSH18630.1	96.830	1104	35	0	4	1107	1	1104	0.0	1845
BONA-3-1-Rh|nodX|consensus50|pass_single_dominant	nodX|Rhizobium_johnstonii|WSH48507.1	96.830	1104	35	0	4	1107	1	1104	0.0	1845
CLBJ-1-1-No|nodX|consensus50|pass_single_dominant	nodX|Rhizobium_ruizarguesonis|XIE09546.1	99.819	1104	2	0	4	1107	1	1104	0.0	2028
CLBJ-1-1-No|nodX|consensus50|pass_single_dominant	nodX|Rhizobium_leguminosarum|XKQ44642.1	96.196	1104	42	0	4	1107	1	1104	0.0	1807
CLBJ-1-1-No|nodX|consensus50|pass_single_dominant	nodX|Rhizobium_leguminosarum|QSW27831.1	96.014	1104	44	0	4	1107	1	1104	0.0	1796
CLBJ-1-1-No|nodX|consensus50|pass_single_dominant	nodX|Rhizobium_bangladeshense|QSY97647.1	95.924	1104	45	0	4	1107	1	1104	0.0	1790
CLBJ-1-1-No|nodX|consensus50|pass_single_dominant	nodX|Rhizobium_ruizarguesonis|UFW98965.1	95.924	1104	45	0	4	1107	1	1104	0.0	1790
CLBJ-1-1-No|nodX|consensus50|pass_single_dominant	nodX|Rhizobium_ruizarguesonis|WSH03945.1	95.924	1104	45	0	4	1107	1	1104	0.0	1790
CLBJ-1-1-No|nodX|consensus50|pass_single_dominant	nodX|Rhizobium_ruizarguesonis|WSH24665.1	95.924	1104	45	0	4	1107	1	1104	0.0	1790
CLBJ-1-1-No|nodX|consensus50|pass_single_dominant	nodX|Rhizobium_ruizarguesonis|WSH36364.1	95.924	1104	45	0	4	1107	1	1104	0.0	1790
CLBJ-1-1-No|nodX|consensus50|pass_single_dominant	nodX|Rhizobium_ruizarguesonis|WSH60491.1	95.924	1104	45	0	4	1107	1	1104	0.0	1790
CLBJ-1-1-No|nodX|consensus50|pass_single_dominant	nodX|Rhizobium_binae|QSY85911.1	95.652	1104	48	0	4	1107	1	1104	0.0	1773
CLBJ-1-1-Ro|nodX|consensus50|pass_single_dominant	nodX|Rhizobium_ruizarguesonis|XIE09546.1	99.817	1095	2	0	11	1105	8	1102	0.0	2012
CLBJ-1-1-Ro|nodX|consensus50|pass_single_dominant	nodX|Rhizobium_leguminosarum|XKQ44642.1	96.164	1095	42	0	11	1105	8	1102	0.0	1790
CLBJ-1-1-Ro|nodX|consensus50|pass_single_dominant	nodX|Rhizobium_leguminosarum|QSW27831.1	95.982	1095	44	0	11	1105	8	1102	0.0	1779
CLBJ-1-1-Ro|nodX|consensus50|pass_single_dominant	nodX|Rhizobium_bangladeshense|QSY97647.1	95.890	1095	45	0	11	1105	8	1102	0.0	1773
CLBJ-1-1-Ro|nodX|consensus50|pass_single_dominant	nodX|Rhizobium_ruizarguesonis|UFW98965.1	95.890	1095	45	0	11	1105	8	1102	0.0	1773
CLBJ-1-1-Ro|nodX|consensus50|pass_single_dominant	nodX|Rhizobium_ruizarguesonis|WSH03945.1	95.890	1095	45	0	11	1105	8	1102	0.0	1773
CLBJ-1-1-Ro|nodX|consensus50|pass_single_dominant	nodX|Rhizobium_ruizarguesonis|WSH24665.1	95.890	1095	45	0	11	1105	8	1102	0.0	1773
CLBJ-1-1-Ro|nodX|consensus50|pass_single_dominant	nodX|Rhizobium_ruizarguesonis|WSH36364.1	95.890	1095	45	0	11	1105	8	1102	0.0	1773
CLBJ-1-1-Ro|nodX|consensus50|pass_single_dominant	nodX|Rhizobium_ruizarguesonis|WSH60491.1	95.890	1095	45	0	11	1105	8	1102	0.0	1773
CLBJ-1-1-Ro|nodX|consensus50|pass_single_dominant	nodX|Rhizobium_binae|QSY85911.1	95.616	1095	48	0	11	1105	8	1102	0.0	1757
CLBJ-36-1-No|nodX|consensus50|pass_single_dominant	nodX|Rhizobium_aethiopicum|CAO3997942.1	98.456	1101	17	0	5	1105	2	1102	0.0	1940
CLBJ-36-1-No|nodX|consensus50|pass_single_dominant	nodX|Rhizobium_beringeri|WSH53767.1	96.912	1101	34	0	5	1105	2	1102	0.0	1845
CLBJ-36-1-No|nodX|consensus50|pass_single_dominant	nodX|Rhizobium_leguminosarum|WSH75135.1	96.912	1101	34	0	5	1105	2	1102	0.0	1845
CLBJ-36-1-No|nodX|consensus50|pass_single_dominant	nodX|Rhizobium_leguminosarum|XYR17985.1	96.912	1101	34	0	5	1105	2	1102	0.0	1845
CLBJ-36-1-No|nodX|consensus50|pass_single_dominant	nodX|Rhizobium_leguminosarum|UIK20411.1	96.821	1101	35	0	5	1105	2	1102	0.0	1840
CLBJ-36-1-No|nodX|consensus50|pass_single_dominant	nodX|Rhizobium_beringeri|WSH29639.1	96.821	1101	35	0	5	1105	2	1102	0.0	1840
CLBJ-36-1-No|nodX|consensus50|pass_single_dominant	nodX|Rhizobium_beringeri|WSG78435.1	96.821	1101	35	0	5	1105	2	1102	0.0	1840
CLBJ-36-1-No|nodX|consensus50|pass_single_dominant	nodX|Rhizobium_johnstonii|WSH10826.1	96.821	1101	35	0	5	1105	2	1102	0.0	1840
CLBJ-36-1-No|nodX|consensus50|pass_single_dominant	nodX|Rhizobium_beringeri|WSH18630.1	96.821	1101	35	0	5	1105	2	1102	0.0	1840
CLBJ-36-1-No|nodX|consensus50|pass_single_dominant	nodX|Rhizobium_johnstonii|WSH48507.1	96.821	1101	35	0	5	1105	2	1102	0.0	1840
CLBJ-36-1-Rh|nodX|consensus50|pass_single_dominant	nodX|Rhizobium_aethiopicum|CAO3997942.1	98.456	1101	17	0	5	1105	2	1102	0.0	1940
CLBJ-36-1-Rh|nodX|consensus50|pass_single_dominant	nodX|Rhizobium_beringeri|WSH53767.1	96.912	1101	34	0	5	1105	2	1102	0.0	1845
CLBJ-36-1-Rh|nodX|consensus50|pass_single_dominant	nodX|Rhizobium_leguminosarum|WSH75135.1	96.912	1101	34	0	5	1105	2	1102	0.0	1845
CLBJ-36-1-Rh|nodX|consensus50|pass_single_dominant	nodX|Rhizobium_leguminosarum|XYR17985.1	96.912	1101	34	0	5	1105	2	1102	0.0	1845
CLBJ-36-1-Rh|nodX|consensus50|pass_single_dominant	nodX|Rhizobium_leguminosarum|UIK20411.1	96.821	1101	35	0	5	1105	2	1102	0.0	1840
CLBJ-36-1-Rh|nodX|consensus50|pass_single_dominant	nodX|Rhizobium_beringeri|WSH29639.1	96.821	1101	35	0	5	1105	2	1102	0.0	1840
CLBJ-36-1-Rh|nodX|consensus50|pass_single_dominant	nodX|Rhizobium_beringeri|WSG78435.1	96.821	1101	35	0	5	1105	2	1102	0.0	1840
CLBJ-36-1-Rh|nodX|consensus50|pass_single_dominant	nodX|Rhizobium_johnstonii|WSH10826.1	96.821	1101	35	0	5	1105	2	1102	0.0	1840
CLBJ-36-1-Rh|nodX|consensus50|pass_single_dominant	nodX|Rhizobium_beringeri|WSH18630.1	96.821	1101	35	0	5	1105	2	1102	0.0	1840
CLBJ-36-1-Rh|nodX|consensus50|pass_single_dominant	nodX|Rhizobium_johnstonii|WSH48507.1	96.821	1101	35	0	5	1105	2	1102	0.0	1840
CLBJ-36-1-Ro|nodX|consensus50|pass_single_dominant	nodX|Rhizobium_aethiopicum|CAO3997942.1	98.456	1101	17	0	5	1105	2	1102	0.0	1940
CLBJ-36-1-Ro|nodX|consensus50|pass_single_dominant	nodX|Rhizobium_beringeri|WSH53767.1	96.912	1101	34	0	5	1105	2	1102	0.0	1845
CLBJ-36-1-Ro|nodX|consensus50|pass_single_dominant	nodX|Rhizobium_leguminosarum|WSH75135.1	96.912	1101	34	0	5	1105	2	1102	0.0	1845
CLBJ-36-1-Ro|nodX|consensus50|pass_single_dominant	nodX|Rhizobium_leguminosarum|XYR17985.1	96.912	1101	34	0	5	1105	2	1102	0.0	1845
CLBJ-36-1-Ro|nodX|consensus50|pass_single_dominant	nodX|Rhizobium_leguminosarum|UIK20411.1	96.821	1101	35	0	5	1105	2	1102	0.0	1840
CLBJ-36-1-Ro|nodX|consensus50|pass_single_dominant	nodX|Rhizobium_beringeri|WSH29639.1	96.821	1101	35	0	5	1105	2	1102	0.0	1840
CLBJ-36-1-Ro|nodX|consensus50|pass_single_dominant	nodX|Rhizobium_beringeri|WSG78435.1	96.821	1101	35	0	5	1105	2	1102	0.0	1840
CLBJ-36-1-Ro|nodX|consensus50|pass_single_dominant	nodX|Rhizobium_johnstonii|WSH10826.1	96.821	1101	35	0	5	1105	2	1102	0.0	1840
CLBJ-36-1-Ro|nodX|consensus50|pass_single_dominant	nodX|Rhizobium_beringeri|WSH18630.1	96.821	1101	35	0	5	1105	2	1102	0.0	1840
CLBJ-36-1-Ro|nodX|consensus50|pass_single_dominant	nodX|Rhizobium_johnstonii|WSH48507.1	96.821	1101	35	0	5	1105	2	1102	0.0	1840
CLBJ-37-1-No|nodX|consensus50|pass_single_dominant	nodX|Rhizobium_aethiopicum|CAO3997942.1	98.460	1104	17	0	4	1107	1	1104	0.0	1945
CLBJ-37-1-No|nodX|consensus50|pass_single_dominant	nodX|Rhizobium_beringeri|WSH53767.1	96.920	1104	34	0	4	1107	1	1104	0.0	1851
CLBJ-37-1-No|nodX|consensus50|pass_single_dominant	nodX|Rhizobium_leguminosarum|WSH75135.1	96.920	1104	34	0	4	1107	1	1104	0.0	1851
CLBJ-37-1-No|nodX|consensus50|pass_single_dominant	nodX|Rhizobium_leguminosarum|XYR17985.1	96.920	1104	34	0	4	1107	1	1104	0.0	1851
CLBJ-37-1-No|nodX|consensus50|pass_single_dominant	nodX|Rhizobium_leguminosarum|UIK20411.1	96.830	1104	35	0	4	1107	1	1104	0.0	1845
CLBJ-37-1-No|nodX|consensus50|pass_single_dominant	nodX|Rhizobium_beringeri|WSH29639.1	96.830	1104	35	0	4	1107	1	1104	0.0	1845
CLBJ-37-1-No|nodX|consensus50|pass_single_dominant	nodX|Rhizobium_beringeri|WSG78435.1	96.830	1104	35	0	4	1107	1	1104	0.0	1845
CLBJ-37-1-No|nodX|consensus50|pass_single_dominant	nodX|Rhizobium_johnstonii|WSH10826.1	96.830	1104	35	0	4	1107	1	1104	0.0	1845
CLBJ-37-1-No|nodX|consensus50|pass_single_dominant	nodX|Rhizobium_beringeri|WSH18630.1	96.830	1104	35	0	4	1107	1	1104	0.0	1845
CLBJ-37-1-No|nodX|consensus50|pass_single_dominant	nodX|Rhizobium_johnstonii|WSH48507.1	96.830	1104	35	0	4	1107	1	1104	0.0	1845
CLBJ-37-1-Rh|nodX|consensus50|pass_single_dominant	nodX|Rhizobium_aethiopicum|CAO3997942.1	98.456	1101	17	0	5	1105	2	1102	0.0	1940
CLBJ-37-1-Rh|nodX|consensus50|pass_single_dominant	nodX|Rhizobium_beringeri|WSH53767.1	96.912	1101	34	0	5	1105	2	1102	0.0	1845
CLBJ-37-1-Rh|nodX|consensus50|pass_single_dominant	nodX|Rhizobium_leguminosarum|WSH75135.1	96.912	1101	34	0	5	1105	2	1102	0.0	1845
CLBJ-37-1-Rh|nodX|consensus50|pass_single_dominant	nodX|Rhizobium_leguminosarum|XYR17985.1	96.912	1101	34	0	5	1105	2	1102	0.0	1845
CLBJ-37-1-Rh|nodX|consensus50|pass_single_dominant	nodX|Rhizobium_leguminosarum|UIK20411.1	96.821	1101	35	0	5	1105	2	1102	0.0	1840
CLBJ-37-1-Rh|nodX|consensus50|pass_single_dominant	nodX|Rhizobium_beringeri|WSH29639.1	96.821	1101	35	0	5	1105	2	1102	0.0	1840
CLBJ-37-1-Rh|nodX|consensus50|pass_single_dominant	nodX|Rhizobium_beringeri|WSG78435.1	96.821	1101	35	0	5	1105	2	1102	0.0	1840
CLBJ-37-1-Rh|nodX|consensus50|pass_single_dominant	nodX|Rhizobium_johnstonii|WSH10826.1	96.821	1101	35	0	5	1105	2	1102	0.0	1840
CLBJ-37-1-Rh|nodX|consensus50|pass_single_dominant	nodX|Rhizobium_beringeri|WSH18630.1	96.821	1101	35	0	5	1105	2	1102	0.0	1840
CLBJ-37-1-Rh|nodX|consensus50|pass_single_dominant	nodX|Rhizobium_johnstonii|WSH48507.1	96.821	1101	35	0	5	1105	2	1102	0.0	1840
CLBJ-37-1-Ro|nodX|consensus50|pass_mixed_possible_multitemplate	nodX|Rhizobium_aethiopicum|CAO3997942.1	96.920	1104	34	0	4	1107	1	1104	0.0	1897
CLBJ-37-1-Ro|nodX|consensus50|pass_mixed_possible_multitemplate	nodX|Rhizobium_beringeri|WSH53767.1	95.924	1104	45	0	4	1107	1	1104	0.0	1831
CLBJ-37-1-Ro|nodX|consensus50|pass_mixed_possible_multitemplate	nodX|Rhizobium_leguminosarum|WSH75135.1	95.924	1104	45	0	4	1107	1	1104	0.0	1831
CLBJ-37-1-Ro|nodX|consensus50|pass_mixed_possible_multitemplate	nodX|Rhizobium_leguminosarum|XYR17985.1	95.924	1104	45	0	4	1107	1	1104	0.0	1831
CLBJ-37-1-Ro|nodX|consensus50|pass_mixed_possible_multitemplate	nodX|Rhizobium_leguminosarum|UIK20411.1	95.833	1104	46	0	4	1107	1	1104	0.0	1825
CLBJ-37-1-Ro|nodX|consensus50|pass_mixed_possible_multitemplate	nodX|Rhizobium_beringeri|WSH29639.1	95.833	1104	46	0	4	1107	1	1104	0.0	1825
CLBJ-37-1-Ro|nodX|consensus50|pass_mixed_possible_multitemplate	nodX|Rhizobium_beringeri|WSG78435.1	95.833	1104	46	0	4	1107	1	1104	0.0	1825
CLBJ-37-1-Ro|nodX|consensus50|pass_mixed_possible_multitemplate	nodX|Rhizobium_johnstonii|WSH10826.1	95.833	1104	46	0	4	1107	1	1104	0.0	1825
CLBJ-37-1-Ro|nodX|consensus50|pass_mixed_possible_multitemplate	nodX|Rhizobium_beringeri|WSH18630.1	95.833	1104	46	0	4	1107	1	1104	0.0	1825
CLBJ-37-1-Ro|nodX|consensus50|pass_mixed_possible_multitemplate	nodX|Rhizobium_johnstonii|WSH48507.1	95.833	1104	46	0	4	1107	1	1104	0.0	1825
CLBJ-38-1-No|nodX|consensus50|pass_single_dominant	nodX|Rhizobium_aethiopicum|CAO3997942.1	98.460	1104	17	0	4	1107	1	1104	0.0	1945
CLBJ-38-1-No|nodX|consensus50|pass_single_dominant	nodX|Rhizobium_beringeri|WSH53767.1	96.920	1104	34	0	4	1107	1	1104	0.0	1851
CLBJ-38-1-No|nodX|consensus50|pass_single_dominant	nodX|Rhizobium_leguminosarum|WSH75135.1	96.920	1104	34	0	4	1107	1	1104	0.0	1851
CLBJ-38-1-No|nodX|consensus50|pass_single_dominant	nodX|Rhizobium_leguminosarum|XYR17985.1	96.920	1104	34	0	4	1107	1	1104	0.0	1851
CLBJ-38-1-No|nodX|consensus50|pass_single_dominant	nodX|Rhizobium_leguminosarum|UIK20411.1	96.830	1104	35	0	4	1107	1	1104	0.0	1845
CLBJ-38-1-No|nodX|consensus50|pass_single_dominant	nodX|Rhizobium_beringeri|WSH29639.1	96.830	1104	35	0	4	1107	1	1104	0.0	1845
CLBJ-38-1-No|nodX|consensus50|pass_single_dominant	nodX|Rhizobium_beringeri|WSG78435.1	96.830	1104	35	0	4	1107	1	1104	0.0	1845
CLBJ-38-1-No|nodX|consensus50|pass_single_dominant	nodX|Rhizobium_johnstonii|WSH10826.1	96.830	1104	35	0	4	1107	1	1104	0.0	1845
CLBJ-38-1-No|nodX|consensus50|pass_single_dominant	nodX|Rhizobium_beringeri|WSH18630.1	96.830	1104	35	0	4	1107	1	1104	0.0	1845
CLBJ-38-1-No|nodX|consensus50|pass_single_dominant	nodX|Rhizobium_johnstonii|WSH48507.1	96.830	1104	35	0	4	1107	1	1104	0.0	1845
CLBJ-38-1-Rh|nodX|consensus50|pass_single_dominant	nodX|Rhizobium_aethiopicum|CAO3997942.1	98.460	1104	17	0	4	1107	1	1104	0.0	1945
CLBJ-38-1-Rh|nodX|consensus50|pass_single_dominant	nodX|Rhizobium_beringeri|WSH53767.1	96.920	1104	34	0	4	1107	1	1104	0.0	1851
CLBJ-38-1-Rh|nodX|consensus50|pass_single_dominant	nodX|Rhizobium_leguminosarum|WSH75135.1	96.920	1104	34	0	4	1107	1	1104	0.0	1851
CLBJ-38-1-Rh|nodX|consensus50|pass_single_dominant	nodX|Rhizobium_leguminosarum|XYR17985.1	96.920	1104	34	0	4	1107	1	1104	0.0	1851
CLBJ-38-1-Rh|nodX|consensus50|pass_single_dominant	nodX|Rhizobium_leguminosarum|UIK20411.1	96.830	1104	35	0	4	1107	1	1104	0.0	1845
CLBJ-38-1-Rh|nodX|consensus50|pass_single_dominant	nodX|Rhizobium_beringeri|WSH29639.1	96.830	1104	35	0	4	1107	1	1104	0.0	1845
CLBJ-38-1-Rh|nodX|consensus50|pass_single_dominant	nodX|Rhizobium_beringeri|WSG78435.1	96.830	1104	35	0	4	1107	1	1104	0.0	1845
CLBJ-38-1-Rh|nodX|consensus50|pass_single_dominant	nodX|Rhizobium_johnstonii|WSH10826.1	96.830	1104	35	0	4	1107	1	1104	0.0	1845
CLBJ-38-1-Rh|nodX|consensus50|pass_single_dominant	nodX|Rhizobium_beringeri|WSH18630.1	96.830	1104	35	0	4	1107	1	1104	0.0	1845
CLBJ-38-1-Rh|nodX|consensus50|pass_single_dominant	nodX|Rhizobium_johnstonii|WSH48507.1	96.830	1104	35	0	4	1107	1	1104	0.0	1845
CLBJ-46-1-Ro|nodX|consensus50|pass_single_dominant	nodX|Rhizobium_anhuiense_bv._trifolii|UTS88797.1	99.727	1097	3	0	8	1104	5	1101	0.0	2010
CLBJ-46-1-Ro|nodX|consensus50|pass_single_dominant	nodX|Rhizobium_beringeri|WSH53767.1	99.544	1097	5	0	8	1104	5	1101	0.0	1999
CLBJ-46-1-Ro|nodX|consensus50|pass_single_dominant	nodX|Rhizobium_leguminosarum|XYR17985.1	99.544	1097	5	0	8	1104	5	1101	0.0	1999
CLBJ-46-1-Ro|nodX|consensus50|pass_single_dominant	nodX|Rhizobium_leguminosarum|UIK20411.1	99.453	1097	6	0	8	1104	5	1101	0.0	1993
CLBJ-46-1-Ro|nodX|consensus50|pass_single_dominant	nodX|Rhizobium_beringeri|WSH29639.1	99.453	1097	6	0	8	1104	5	1101	0.0	1993
CLBJ-46-1-Ro|nodX|consensus50|pass_single_dominant	nodX|Rhizobium_beringeri|WSG78435.1	99.453	1097	6	0	8	1104	5	1101	0.0	1993
CLBJ-46-1-Ro|nodX|consensus50|pass_single_dominant	nodX|Rhizobium_johnstonii|WSH10826.1	99.453	1097	6	0	8	1104	5	1101	0.0	1993
CLBJ-46-1-Ro|nodX|consensus50|pass_single_dominant	nodX|Rhizobium_beringeri|WSH18630.1	99.453	1097	6	0	8	1104	5	1101	0.0	1993
CLBJ-46-1-Ro|nodX|consensus50|pass_single_dominant	nodX|Rhizobium_johnstonii|WSH48507.1	99.453	1097	6	0	8	1104	5	1101	0.0	1993
CLBJ-46-1-Ro|nodX|consensus50|pass_single_dominant	nodX|Rhizobium_leguminosarum|WSH75135.1	99.180	1097	9	0	8	1104	5	1101	0.0	1977
CPER-3-1-Rh|nodX|consensus50|pass_single_dominant	nodX|Rhizobium_leguminosarum|WSH75135.1	100.000	1069	0	0	29	1097	26	1094	0.0	1975
CPER-3-1-Rh|nodX|consensus50|pass_single_dominant	nodX|Rhizobium_leguminosarum|UIK20411.1	99.345	1069	7	0	29	1097	26	1094	0.0	1936
CPER-3-1-Rh|nodX|consensus50|pass_single_dominant	nodX|Rhizobium_beringeri|WSH29639.1	99.345	1069	7	0	29	1097	26	1094	0.0	1936
CPER-3-1-Rh|nodX|consensus50|pass_single_dominant	nodX|Rhizobium_johnstonii|WSH10826.1	99.345	1069	7	0	29	1097	26	1094	0.0	1936
CPER-3-1-Rh|nodX|consensus50|pass_single_dominant	nodX|Rhizobium_johnstonii|WSH48507.1	99.345	1069	7	0	29	1097	26	1094	0.0	1936
CPER-3-1-Rh|nodX|consensus50|pass_single_dominant	nodX|Rhizobium_beringeri|WSH53767.1	99.345	1069	7	0	29	1097	26	1094	0.0	1936
CPER-3-1-Rh|nodX|consensus50|pass_single_dominant	nodX|Rhizobium_leguminosarum|XYR17985.1	99.345	1069	7	0	29	1097	26	1094	0.0	1936
CPER-3-1-Rh|nodX|consensus50|pass_single_dominant	nodX|Rhizobium_beringeri|WSG78435.1	99.252	1069	8	0	29	1097	26	1094	0.0	1930
CPER-3-1-Rh|nodX|consensus50|pass_single_dominant	nodX|Rhizobium_beringeri|WSH18630.1	99.252	1069	8	0	29	1097	26	1094	0.0	1930
CPER-3-1-Rh|nodX|consensus50|pass_single_dominant	nodX|Rhizobium_anhuiense_bv._trifolii|UTS88797.1	99.158	1069	9	0	29	1097	26	1094	0.0	1925
CPER-4-Rh|nodX|consensus50|pass_single_dominant	nodX|Rhizobium_leguminosarum|WSH75135.1	100.000	1080	0	0	26	1105	23	1102	0.0	1995
CPER-4-Rh|nodX|consensus50|pass_single_dominant	nodX|Rhizobium_leguminosarum|UIK20411.1	99.259	1080	8	0	26	1105	23	1102	0.0	1951
CPER-4-Rh|nodX|consensus50|pass_single_dominant	nodX|Rhizobium_beringeri|WSH29639.1	99.259	1080	8	0	26	1105	23	1102	0.0	1951
CPER-4-Rh|nodX|consensus50|pass_single_dominant	nodX|Rhizobium_johnstonii|WSH10826.1	99.259	1080	8	0	26	1105	23	1102	0.0	1951
CPER-4-Rh|nodX|consensus50|pass_single_dominant	nodX|Rhizobium_johnstonii|WSH48507.1	99.259	1080	8	0	26	1105	23	1102	0.0	1951
CPER-4-Rh|nodX|consensus50|pass_single_dominant	nodX|Rhizobium_beringeri|WSH53767.1	99.259	1080	8	0	26	1105	23	1102	0.0	1951
CPER-4-Rh|nodX|consensus50|pass_single_dominant	nodX|Rhizobium_leguminosarum|XYR17985.1	99.259	1080	8	0	26	1105	23	1102	0.0	1951
CPER-4-Rh|nodX|consensus50|pass_single_dominant	nodX|Rhizobium_beringeri|WSG78435.1	99.167	1080	9	0	26	1105	23	1102	0.0	1945
CPER-4-Rh|nodX|consensus50|pass_single_dominant	nodX|Rhizobium_beringeri|WSH18630.1	99.167	1080	9	0	26	1105	23	1102	0.0	1945
CPER-4-Rh|nodX|consensus50|pass_single_dominant	nodX|Rhizobium_anhuiense_bv._trifolii|UTS88797.1	99.074	1080	10	0	26	1105	23	1102	0.0	1940
CPER-5-1-Rh|nodX|consensus50|pass_single_dominant	nodX|Rhizobium_leguminosarum|WSH75135.1	100.000	1101	0	0	6	1106	3	1103	0.0	2034
CPER-5-1-Rh|nodX|consensus50|pass_single_dominant	nodX|Rhizobium_beringeri|WSH53767.1	99.273	1101	8	0	6	1106	3	1103	0.0	1989
CPER-5-1-Rh|nodX|consensus50|pass_single_dominant	nodX|Rhizobium_leguminosarum|XYR17985.1	99.273	1101	8	0	6	1106	3	1103	0.0	1989
CPER-5-1-Rh|nodX|consensus50|pass_single_dominant	nodX|Rhizobium_leguminosarum|UIK20411.1	99.183	1101	9	0	6	1106	3	1103	0.0	1984
CPER-5-1-Rh|nodX|consensus50|pass_single_dominant	nodX|Rhizobium_beringeri|WSH29639.1	99.183	1101	9	0	6	1106	3	1103	0.0	1984
CPER-5-1-Rh|nodX|consensus50|pass_single_dominant	nodX|Rhizobium_beringeri|WSG78435.1	99.183	1101	9	0	6	1106	3	1103	0.0	1984
CPER-5-1-Rh|nodX|consensus50|pass_single_dominant	nodX|Rhizobium_johnstonii|WSH10826.1	99.183	1101	9	0	6	1106	3	1103	0.0	1984
CPER-5-1-Rh|nodX|consensus50|pass_single_dominant	nodX|Rhizobium_beringeri|WSH18630.1	99.183	1101	9	0	6	1106	3	1103	0.0	1984
CPER-5-1-Rh|nodX|consensus50|pass_single_dominant	nodX|Rhizobium_johnstonii|WSH48507.1	99.183	1101	9	0	6	1106	3	1103	0.0	1984
CPER-5-1-Rh|nodX|consensus50|pass_single_dominant	nodX|Rhizobium_anhuiense_bv._trifolii|UTS88797.1	99.092	1101	10	0	6	1106	3	1103	0.0	1978
DCFS-1-2-No|nodX|consensus50|pass_single_dominant	nodX|Rhizobium_ruizarguesonis|XIE10098.1	95.932	1057	43	0	10	1066	7	1063	0.0	1716
DCFS-1-2-No|nodX|consensus50|pass_single_dominant	nodX|Rhizobium_leguminosarum|UIK01301.1	95.558	1058	47	0	9	1066	6	1063	0.0	1696
DCFS-1-2-No|nodX|consensus50|pass_single_dominant	nodX|Rhizobium_leguminosarum|WFT91004.1	95.558	1058	47	0	9	1066	6	1063	0.0	1696
DCFS-1-2-No|nodX|consensus50|pass_single_dominant	nodX|Rhizobium_leguminosarum|UIL30343.1	95.467	1059	46	2	9	1066	6	1063	0.0	1690
DCFS-1-2-No|nodX|consensus50|pass_single_dominant	nodX|Rhizobium_leguminosarum|XKQ44642.1	95.369	1058	49	0	9	1066	6	1063	0.0	1685
DCFS-1-2-No|nodX|consensus50|pass_single_dominant	nodX|Rhizobium_ruizarguesonis|UFW98965.1	94.129	1056	62	0	9	1064	6	1061	0.0	1609
DCFS-1-2-No|nodX|consensus50|pass_single_dominant	nodX|Rhizobium_ruizarguesonis|WSH03945.1	94.129	1056	62	0	9	1064	6	1061	0.0	1609
DCFS-1-2-No|nodX|consensus50|pass_single_dominant	nodX|Rhizobium_ruizarguesonis|WSH24665.1	94.129	1056	62	0	9	1064	6	1061	0.0	1609
DCFS-1-2-No|nodX|consensus50|pass_single_dominant	nodX|Rhizobium_ruizarguesonis|WSH36364.1	94.129	1056	62	0	9	1064	6	1061	0.0	1609
DCFS-1-2-No|nodX|consensus50|pass_single_dominant	nodX|Rhizobium_ruizarguesonis|WSH60491.1	94.129	1056	62	0	9	1064	6	1061	0.0	1609
DCFS-6-1-No|nodX|consensus50|pass_single_dominant	nodX|Rhizobium_anhuiense_bv._trifolii|UTS88797.1	99.093	1102	10	0	6	1107	3	1104	0.0	1993
DCFS-6-1-No|nodX|consensus50|pass_single_dominant	nodX|Rhizobium_beringeri|WSH53767.1	99.002	1102	11	0	6	1107	3	1104	0.0	1988
DCFS-6-1-No|nodX|consensus50|pass_single_dominant	nodX|Rhizobium_leguminosarum|WSH75135.1	99.002	1102	11	0	6	1107	3	1104	0.0	1988
DCFS-6-1-No|nodX|consensus50|pass_single_dominant	nodX|Rhizobium_leguminosarum|XYR17985.1	99.002	1102	11	0	6	1107	3	1104	0.0	1988
DCFS-6-1-No|nodX|consensus50|pass_single_dominant	nodX|Rhizobium_leguminosarum|UIK20411.1	98.911	1102	12	0	6	1107	3	1104	0.0	1982
DCFS-6-1-No|nodX|consensus50|pass_single_dominant	nodX|Rhizobium_beringeri|WSH29639.1	98.911	1102	12	0	6	1107	3	1104	0.0	1982
DCFS-6-1-No|nodX|consensus50|pass_single_dominant	nodX|Rhizobium_beringeri|WSG78435.1	98.911	1102	12	0	6	1107	3	1104	0.0	1982
DCFS-6-1-No|nodX|consensus50|pass_single_dominant	nodX|Rhizobium_johnstonii|WSH10826.1	98.911	1102	12	0	6	1107	3	1104	0.0	1982
DCFS-6-1-No|nodX|consensus50|pass_single_dominant	nodX|Rhizobium_beringeri|WSH18630.1	98.911	1102	12	0	6	1107	3	1104	0.0	1982
DCFS-6-1-No|nodX|consensus50|pass_single_dominant	nodX|Rhizobium_johnstonii|WSH48507.1	98.911	1102	12	0	6	1107	3	1104	0.0	1982
DEJU-31-No|nodX|consensus50|pass_single_dominant	nodX|Rhizobium_aethiopicum|CAO3997942.1	98.450	1097	17	0	9	1105	6	1102	0.0	1932
DEJU-31-No|nodX|consensus50|pass_single_dominant	nodX|Rhizobium_beringeri|WSH53767.1	96.901	1097	34	0	9	1105	6	1102	0.0	1838
DEJU-31-No|nodX|consensus50|pass_single_dominant	nodX|Rhizobium_leguminosarum|WSH75135.1	96.901	1097	34	0	9	1105	6	1102	0.0	1838
DEJU-31-No|nodX|consensus50|pass_single_dominant	nodX|Rhizobium_leguminosarum|XYR17985.1	96.901	1097	34	0	9	1105	6	1102	0.0	1838
DEJU-31-No|nodX|consensus50|pass_single_dominant	nodX|Rhizobium_leguminosarum|UIK20411.1	96.809	1097	35	0	9	1105	6	1102	0.0	1832
DEJU-31-No|nodX|consensus50|pass_single_dominant	nodX|Rhizobium_beringeri|WSH29639.1	96.809	1097	35	0	9	1105	6	1102	0.0	1832
DEJU-31-No|nodX|consensus50|pass_single_dominant	nodX|Rhizobium_beringeri|WSG78435.1	96.809	1097	35	0	9	1105	6	1102	0.0	1832
DEJU-31-No|nodX|consensus50|pass_single_dominant	nodX|Rhizobium_johnstonii|WSH10826.1	96.809	1097	35	0	9	1105	6	1102	0.0	1832
DEJU-31-No|nodX|consensus50|pass_single_dominant	nodX|Rhizobium_beringeri|WSH18630.1	96.809	1097	35	0	9	1105	6	1102	0.0	1832
DEJU-31-No|nodX|consensus50|pass_single_dominant	nodX|Rhizobium_johnstonii|WSH48507.1	96.809	1097	35	0	9	1105	6	1102	0.0	1832
DEJU-34-No|nodX|consensus50|pass_single_dominant	nodX|Rhizobium_aethiopicum|CAO3997942.1	98.336	1082	18	0	24	1105	21	1102	0.0	1901
DEJU-34-No|nodX|consensus50|pass_single_dominant	nodX|Rhizobium_leguminosarum|UIK20411.1	96.765	1082	35	0	24	1105	21	1102	0.0	1807
DEJU-34-No|nodX|consensus50|pass_single_dominant	nodX|Rhizobium_beringeri|WSH29639.1	96.765	1082	35	0	24	1105	21	1102	0.0	1807
DEJU-34-No|nodX|consensus50|pass_single_dominant	nodX|Rhizobium_johnstonii|WSH10826.1	96.765	1082	35	0	24	1105	21	1102	0.0	1807
DEJU-34-No|nodX|consensus50|pass_single_dominant	nodX|Rhizobium_johnstonii|WSH48507.1	96.765	1082	35	0	24	1105	21	1102	0.0	1807
DEJU-34-No|nodX|consensus50|pass_single_dominant	nodX|Rhizobium_beringeri|WSH53767.1	96.765	1082	35	0	24	1105	21	1102	0.0	1807
DEJU-34-No|nodX|consensus50|pass_single_dominant	nodX|Rhizobium_leguminosarum|WSH75135.1	96.765	1082	35	0	24	1105	21	1102	0.0	1807
DEJU-34-No|nodX|consensus50|pass_single_dominant	nodX|Rhizobium_leguminosarum|XYR17985.1	96.765	1082	35	0	24	1105	21	1102	0.0	1807
DEJU-34-No|nodX|consensus50|pass_single_dominant	nodX|Rhizobium_beringeri|WSG78435.1	96.673	1082	36	0	24	1105	21	1102	0.0	1801
DEJU-34-No|nodX|consensus50|pass_single_dominant	nodX|Rhizobium_beringeri|WSH18630.1	96.673	1082	36	0	24	1105	21	1102	0.0	1801
DEJU-35-Ro|nodX|consensus50|pass_single_dominant	nodX|Rhizobium_aethiopicum|CAO3997942.1	98.457	1102	17	0	4	1105	1	1102	0.0	1941
DEJU-35-Ro|nodX|consensus50|pass_single_dominant	nodX|Rhizobium_beringeri|WSH53767.1	96.915	1102	34	0	4	1105	1	1102	0.0	1847
DEJU-35-Ro|nodX|consensus50|pass_single_dominant	nodX|Rhizobium_leguminosarum|WSH75135.1	96.915	1102	34	0	4	1105	1	1102	0.0	1847
DEJU-35-Ro|nodX|consensus50|pass_single_dominant	nodX|Rhizobium_leguminosarum|XYR17985.1	96.915	1102	34	0	4	1105	1	1102	0.0	1847
DEJU-35-Ro|nodX|consensus50|pass_single_dominant	nodX|Rhizobium_leguminosarum|UIK20411.1	96.824	1102	35	0	4	1105	1	1102	0.0	1842
DEJU-35-Ro|nodX|consensus50|pass_single_dominant	nodX|Rhizobium_beringeri|WSH29639.1	96.824	1102	35	0	4	1105	1	1102	0.0	1842
DEJU-35-Ro|nodX|consensus50|pass_single_dominant	nodX|Rhizobium_beringeri|WSG78435.1	96.824	1102	35	0	4	1105	1	1102	0.0	1842
DEJU-35-Ro|nodX|consensus50|pass_single_dominant	nodX|Rhizobium_johnstonii|WSH10826.1	96.824	1102	35	0	4	1105	1	1102	0.0	1842
DEJU-35-Ro|nodX|consensus50|pass_single_dominant	nodX|Rhizobium_beringeri|WSH18630.1	96.824	1102	35	0	4	1105	1	1102	0.0	1842
DEJU-35-Ro|nodX|consensus50|pass_single_dominant	nodX|Rhizobium_johnstonii|WSH48507.1	96.824	1102	35	0	4	1105	1	1102	0.0	1842
DEJU-44-No|nodX|consensus50|pass_single_dominant	nodX|Rhizobium_aethiopicum|CAO3997942.1	98.452	1098	17	0	8	1105	5	1102	0.0	1934
DEJU-44-No|nodX|consensus50|pass_single_dominant	nodX|Rhizobium_beringeri|WSH53767.1	96.903	1098	34	0	8	1105	5	1102	0.0	1840
DEJU-44-No|nodX|consensus50|pass_single_dominant	nodX|Rhizobium_leguminosarum|WSH75135.1	96.903	1098	34	0	8	1105	5	1102	0.0	1840
DEJU-44-No|nodX|consensus50|pass_single_dominant	nodX|Rhizobium_leguminosarum|XYR17985.1	96.903	1098	34	0	8	1105	5	1102	0.0	1840
DEJU-44-No|nodX|consensus50|pass_single_dominant	nodX|Rhizobium_leguminosarum|UIK20411.1	96.812	1098	35	0	8	1105	5	1102	0.0	1834
DEJU-44-No|nodX|consensus50|pass_single_dominant	nodX|Rhizobium_beringeri|WSH29639.1	96.812	1098	35	0	8	1105	5	1102	0.0	1834
DEJU-44-No|nodX|consensus50|pass_single_dominant	nodX|Rhizobium_beringeri|WSG78435.1	96.812	1098	35	0	8	1105	5	1102	0.0	1834
DEJU-44-No|nodX|consensus50|pass_single_dominant	nodX|Rhizobium_johnstonii|WSH10826.1	96.812	1098	35	0	8	1105	5	1102	0.0	1834
DEJU-44-No|nodX|consensus50|pass_single_dominant	nodX|Rhizobium_beringeri|WSH18630.1	96.812	1098	35	0	8	1105	5	1102	0.0	1834
DEJU-44-No|nodX|consensus50|pass_single_dominant	nodX|Rhizobium_johnstonii|WSH48507.1	96.812	1098	35	0	8	1105	5	1102	0.0	1834
DEJU-56-Ro|nodX|consensus50|pass_single_dominant	nodX|Rhizobium_leguminosarum|WSH75135.1	99.093	1102	10	0	5	1106	2	1103	0.0	1999
DEJU-56-Ro|nodX|consensus50|pass_single_dominant	nodX|Rhizobium_beringeri|WSH53767.1	98.548	1102	16	0	5	1106	2	1103	0.0	1964
DEJU-56-Ro|nodX|consensus50|pass_single_dominant	nodX|Rhizobium_leguminosarum|XYR17985.1	98.548	1102	16	0	5	1106	2	1103	0.0	1964
DEJU-56-Ro|nodX|consensus50|pass_single_dominant	nodX|Rhizobium_leguminosarum|UIK20411.1	98.457	1102	17	0	5	1106	2	1103	0.0	1958
DEJU-56-Ro|nodX|consensus50|pass_single_dominant	nodX|Rhizobium_beringeri|WSH29639.1	98.457	1102	17	0	5	1106	2	1103	0.0	1958
DEJU-56-Ro|nodX|consensus50|pass_single_dominant	nodX|Rhizobium_beringeri|WSG78435.1	98.457	1102	17	0	5	1106	2	1103	0.0	1958
DEJU-56-Ro|nodX|consensus50|pass_single_dominant	nodX|Rhizobium_johnstonii|WSH10826.1	98.457	1102	17	0	5	1106	2	1103	0.0	1958
DEJU-56-Ro|nodX|consensus50|pass_single_dominant	nodX|Rhizobium_beringeri|WSH18630.1	98.457	1102	17	0	5	1106	2	1103	0.0	1958
DEJU-56-Ro|nodX|consensus50|pass_single_dominant	nodX|Rhizobium_johnstonii|WSH48507.1	98.457	1102	17	0	5	1106	2	1103	0.0	1958
DEJU-56-Ro|nodX|consensus50|pass_single_dominant	nodX|Rhizobium_anhuiense_bv._trifolii|UTS88797.1	98.367	1102	18	0	5	1106	2	1103	0.0	1953
DEJU-57-Rh|nodX|consensus50|pass_single_dominant	nodX|Rhizobium_leguminosarum|WSH75135.1	99.817	1093	2	0	5	1097	2	1094	0.0	2012
DEJU-57-Rh|nodX|consensus50|pass_single_dominant	nodX|Rhizobium_beringeri|WSH53767.1	99.177	1093	9	0	5	1097	2	1094	0.0	1973
DEJU-57-Rh|nodX|consensus50|pass_single_dominant	nodX|Rhizobium_leguminosarum|XYR17985.1	99.177	1093	9	0	5	1097	2	1094	0.0	1973
DEJU-57-Rh|nodX|consensus50|pass_single_dominant	nodX|Rhizobium_leguminosarum|UIK20411.1	99.085	1093	10	0	5	1097	2	1094	0.0	1967
DEJU-57-Rh|nodX|consensus50|pass_single_dominant	nodX|Rhizobium_beringeri|WSH29639.1	99.085	1093	10	0	5	1097	2	1094	0.0	1967
DEJU-57-Rh|nodX|consensus50|pass_single_dominant	nodX|Rhizobium_beringeri|WSG78435.1	99.085	1093	10	0	5	1097	2	1094	0.0	1967
DEJU-57-Rh|nodX|consensus50|pass_single_dominant	nodX|Rhizobium_johnstonii|WSH10826.1	99.085	1093	10	0	5	1097	2	1094	0.0	1967
DEJU-57-Rh|nodX|consensus50|pass_single_dominant	nodX|Rhizobium_beringeri|WSH18630.1	99.085	1093	10	0	5	1097	2	1094	0.0	1967
DEJU-57-Rh|nodX|consensus50|pass_single_dominant	nodX|Rhizobium_johnstonii|WSH48507.1	99.085	1093	10	0	5	1097	2	1094	0.0	1967
DEJU-57-Rh|nodX|consensus50|pass_single_dominant	nodX|Rhizobium_anhuiense_bv._trifolii|UTS88797.1	98.994	1093	11	0	5	1097	2	1094	0.0	1962
DEJU-57-Ro|nodX|consensus50|pass_single_dominant	nodX|Rhizobium_leguminosarum|WSH75135.1	100.000	1099	0	0	8	1106	5	1103	0.0	2030
DEJU-57-Ro|nodX|consensus50|pass_single_dominant	nodX|Rhizobium_beringeri|WSH53767.1	99.272	1099	8	0	8	1106	5	1103	0.0	1986
DEJU-57-Ro|nodX|consensus50|pass_single_dominant	nodX|Rhizobium_leguminosarum|XYR17985.1	99.272	1099	8	0	8	1106	5	1103	0.0	1986
DEJU-57-Ro|nodX|consensus50|pass_single_dominant	nodX|Rhizobium_leguminosarum|UIK20411.1	99.181	1099	9	0	8	1106	5	1103	0.0	1980
DEJU-57-Ro|nodX|consensus50|pass_single_dominant	nodX|Rhizobium_beringeri|WSH29639.1	99.181	1099	9	0	8	1106	5	1103	0.0	1980
DEJU-57-Ro|nodX|consensus50|pass_single_dominant	nodX|Rhizobium_beringeri|WSG78435.1	99.181	1099	9	0	8	1106	5	1103	0.0	1980
DEJU-57-Ro|nodX|consensus50|pass_single_dominant	nodX|Rhizobium_johnstonii|WSH10826.1	99.181	1099	9	0	8	1106	5	1103	0.0	1980
DEJU-57-Ro|nodX|consensus50|pass_single_dominant	nodX|Rhizobium_beringeri|WSH18630.1	99.181	1099	9	0	8	1106	5	1103	0.0	1980
DEJU-57-Ro|nodX|consensus50|pass_single_dominant	nodX|Rhizobium_johnstonii|WSH48507.1	99.181	1099	9	0	8	1106	5	1103	0.0	1980
DEJU-57-Ro|nodX|consensus50|pass_single_dominant	nodX|Rhizobium_anhuiense_bv._trifolii|UTS88797.1	99.090	1099	10	0	8	1106	5	1103	0.0	1975
DEJU-9-1-Ro|nodX|consensus50|pass_single_dominant	nodX|Rhizobium_leguminosarum|WSH75135.1	99.818	1101	2	0	5	1105	2	1102	0.0	2023
DEJU-9-1-Ro|nodX|consensus50|pass_single_dominant	nodX|Rhizobium_beringeri|WSH53767.1	99.273	1101	8	0	5	1105	2	1102	0.0	1989
DEJU-9-1-Ro|nodX|consensus50|pass_single_dominant	nodX|Rhizobium_leguminosarum|XYR17985.1	99.273	1101	8	0	5	1105	2	1102	0.0	1989
DEJU-9-1-Ro|nodX|consensus50|pass_single_dominant	nodX|Rhizobium_leguminosarum|UIK20411.1	99.183	1101	9	0	5	1105	2	1102	0.0	1984
DEJU-9-1-Ro|nodX|consensus50|pass_single_dominant	nodX|Rhizobium_beringeri|WSH29639.1	99.183	1101	9	0	5	1105	2	1102	0.0	1984
DEJU-9-1-Ro|nodX|consensus50|pass_single_dominant	nodX|Rhizobium_beringeri|WSG78435.1	99.183	1101	9	0	5	1105	2	1102	0.0	1984
DEJU-9-1-Ro|nodX|consensus50|pass_single_dominant	nodX|Rhizobium_johnstonii|WSH10826.1	99.183	1101	9	0	5	1105	2	1102	0.0	1984
DEJU-9-1-Ro|nodX|consensus50|pass_single_dominant	nodX|Rhizobium_beringeri|WSH18630.1	99.183	1101	9	0	5	1105	2	1102	0.0	1984
DEJU-9-1-Ro|nodX|consensus50|pass_single_dominant	nodX|Rhizobium_johnstonii|WSH48507.1	99.183	1101	9	0	5	1105	2	1102	0.0	1984
DEJU-9-1-Ro|nodX|consensus50|pass_single_dominant	nodX|Rhizobium_anhuiense_bv._trifolii|UTS88797.1	99.092	1101	10	0	5	1105	2	1102	0.0	1978
DELA-1-3-Rh|nodX|consensus50|pass_single_dominant	nodX|Rhizobium_leguminosarum|WSH75135.1	99.819	1102	2	0	5	1106	2	1103	0.0	2028
DELA-1-3-Rh|nodX|consensus50|pass_single_dominant	nodX|Rhizobium_beringeri|WSH53767.1	99.274	1102	8	0	5	1106	2	1103	0.0	1995
DELA-1-3-Rh|nodX|consensus50|pass_single_dominant	nodX|Rhizobium_leguminosarum|XYR17985.1	99.274	1102	8	0	5	1106	2	1103	0.0	1995
DELA-1-3-Rh|nodX|consensus50|pass_single_dominant	nodX|Rhizobium_leguminosarum|UIK20411.1	99.183	1102	9	0	5	1106	2	1103	0.0	1989
DELA-1-3-Rh|nodX|consensus50|pass_single_dominant	nodX|Rhizobium_beringeri|WSH29639.1	99.183	1102	9	0	5	1106	2	1103	0.0	1989
DELA-1-3-Rh|nodX|consensus50|pass_single_dominant	nodX|Rhizobium_beringeri|WSG78435.1	99.183	1102	9	0	5	1106	2	1103	0.0	1989
DELA-1-3-Rh|nodX|consensus50|pass_single_dominant	nodX|Rhizobium_johnstonii|WSH10826.1	99.183	1102	9	0	5	1106	2	1103	0.0	1989
DELA-1-3-Rh|nodX|consensus50|pass_single_dominant	nodX|Rhizobium_beringeri|WSH18630.1	99.183	1102	9	0	5	1106	2	1103	0.0	1989
DELA-1-3-Rh|nodX|consensus50|pass_single_dominant	nodX|Rhizobium_johnstonii|WSH48507.1	99.183	1102	9	0	5	1106	2	1103	0.0	1989
DELA-1-3-Rh|nodX|consensus50|pass_single_dominant	nodX|Rhizobium_anhuiense_bv._trifolii|UTS88797.1	99.093	1102	10	0	5	1106	2	1103	0.0	1984
DELA-15-1-No|nodX|consensus50|pass_single_dominant	nodX|Rhizobium_ruizarguesonis|XIE09546.1	99.299	999	7	0	105	1103	102	1100	0.0	1814
DELA-15-1-No|nodX|consensus50|pass_single_dominant	nodX|Rhizobium_bangladeshense|QSY97647.1	95.495	999	45	0	105	1103	102	1100	0.0	1604
DELA-15-1-No|nodX|consensus50|pass_single_dominant	nodX|Rhizobium_leguminosarum|XKQ44642.1	95.495	999	45	0	105	1103	102	1100	0.0	1604
DELA-15-1-No|nodX|consensus50|pass_single_dominant	nodX|Rhizobium_leguminosarum|QSW27831.1	95.295	999	47	0	105	1103	102	1100	0.0	1592
DELA-15-1-No|nodX|consensus50|pass_single_dominant	nodX|Rhizobium_ruizarguesonis|UFW98965.1	95.295	999	47	0	105	1103	102	1100	0.0	1592
DELA-15-1-No|nodX|consensus50|pass_single_dominant	nodX|Rhizobium_ruizarguesonis|WSH03945.1	95.295	999	47	0	105	1103	102	1100	0.0	1592
DELA-15-1-No|nodX|consensus50|pass_single_dominant	nodX|Rhizobium_ruizarguesonis|WSH24665.1	95.295	999	47	0	105	1103	102	1100	0.0	1592
DELA-15-1-No|nodX|consensus50|pass_single_dominant	nodX|Rhizobium_ruizarguesonis|WSH36364.1	95.295	999	47	0	105	1103	102	1100	0.0	1592
DELA-15-1-No|nodX|consensus50|pass_single_dominant	nodX|Rhizobium_ruizarguesonis|WSH60491.1	95.295	999	47	0	105	1103	102	1100	0.0	1592
DELA-15-1-No|nodX|consensus50|pass_single_dominant	nodX|Rhizobium_binae|QSY85911.1	94.995	999	50	0	105	1103	102	1100	0.0	1576
DELA-15-1-Rh|nodX|consensus50|pass_single_dominant	nodX|Rhizobium_aethiopicum|CAO3997942.1	98.456	1101	17	0	4	1104	1	1101	0.0	1940
DELA-15-1-Rh|nodX|consensus50|pass_single_dominant	nodX|Rhizobium_beringeri|WSH53767.1	96.912	1101	34	0	4	1104	1	1101	0.0	1845
DELA-15-1-Rh|nodX|consensus50|pass_single_dominant	nodX|Rhizobium_leguminosarum|WSH75135.1	96.912	1101	34	0	4	1104	1	1101	0.0	1845
DELA-15-1-Rh|nodX|consensus50|pass_single_dominant	nodX|Rhizobium_leguminosarum|XYR17985.1	96.912	1101	34	0	4	1104	1	1101	0.0	1845
DELA-15-1-Rh|nodX|consensus50|pass_single_dominant	nodX|Rhizobium_leguminosarum|UIK20411.1	96.821	1101	35	0	4	1104	1	1101	0.0	1840
DELA-15-1-Rh|nodX|consensus50|pass_single_dominant	nodX|Rhizobium_beringeri|WSH29639.1	96.821	1101	35	0	4	1104	1	1101	0.0	1840
DELA-15-1-Rh|nodX|consensus50|pass_single_dominant	nodX|Rhizobium_beringeri|WSG78435.1	96.821	1101	35	0	4	1104	1	1101	0.0	1840
DELA-15-1-Rh|nodX|consensus50|pass_single_dominant	nodX|Rhizobium_johnstonii|WSH10826.1	96.821	1101	35	0	4	1104	1	1101	0.0	1840
DELA-15-1-Rh|nodX|consensus50|pass_single_dominant	nodX|Rhizobium_beringeri|WSH18630.1	96.821	1101	35	0	4	1104	1	1101	0.0	1840
DELA-15-1-Rh|nodX|consensus50|pass_single_dominant	nodX|Rhizobium_johnstonii|WSH48507.1	96.821	1101	35	0	4	1104	1	1101	0.0	1840
DELA-15-1-Ro|nodX|consensus50|pass_single_dominant	nodX|Rhizobium_ruizarguesonis|XIE09546.1	99.458	553	3	0	57	609	54	606	0.0	1007
DELA-15-1-Ro|nodX|consensus50|pass_single_dominant	nodX|Rhizobium_ruizarguesonis|XIE09546.1	99.121	455	4	0	651	1105	648	1102	0.0	826
DELA-15-1-Ro|nodX|consensus50|pass_single_dominant	nodX|Rhizobium_ruizarguesonis|UFW98965.1	95.660	553	24	0	57	609	54	606	0.0	891
DELA-15-1-Ro|nodX|consensus50|pass_single_dominant	nodX|Rhizobium_ruizarguesonis|UFW98965.1	95.385	455	21	0	651	1105	648	1102	0.0	732
DELA-15-1-Ro|nodX|consensus50|pass_single_dominant	nodX|Rhizobium_ruizarguesonis|WSH03945.1	95.660	553	24	0	57	609	54	606	0.0	891
DELA-15-1-Ro|nodX|consensus50|pass_single_dominant	nodX|Rhizobium_ruizarguesonis|WSH03945.1	95.385	455	21	0	651	1105	648	1102	0.0	732
DELA-15-1-Ro|nodX|consensus50|pass_single_dominant	nodX|Rhizobium_ruizarguesonis|WSH24665.1	95.660	553	24	0	57	609	54	606	0.0	891
DELA-15-1-Ro|nodX|consensus50|pass_single_dominant	nodX|Rhizobium_ruizarguesonis|WSH24665.1	95.385	455	21	0	651	1105	648	1102	0.0	732
DELA-15-1-Ro|nodX|consensus50|pass_single_dominant	nodX|Rhizobium_ruizarguesonis|WSH36364.1	95.660	553	24	0	57	609	54	606	0.0	891
DELA-15-1-Ro|nodX|consensus50|pass_single_dominant	nodX|Rhizobium_ruizarguesonis|WSH36364.1	95.385	455	21	0	651	1105	648	1102	0.0	732
DELA-15-1-Ro|nodX|consensus50|pass_single_dominant	nodX|Rhizobium_ruizarguesonis|WSH60491.1	95.660	553	24	0	57	609	54	606	0.0	891
DELA-15-1-Ro|nodX|consensus50|pass_single_dominant	nodX|Rhizobium_ruizarguesonis|WSH60491.1	95.385	455	21	0	651	1105	648	1102	0.0	732
DELA-15-1-Ro|nodX|consensus50|pass_single_dominant	nodX|Rhizobium_ruizarguesonis|XIE10098.1	95.660	553	24	0	57	609	54	606	0.0	891
DELA-15-1-Ro|nodX|consensus50|pass_single_dominant	nodX|Rhizobium_ruizarguesonis|XIE10098.1	94.066	455	27	0	651	1105	648	1102	0.0	699
DELA-15-1-Ro|nodX|consensus50|pass_single_dominant	nodX|Rhizobium_leguminosarum|XKQ44642.1	95.660	553	24	0	57	609	54	606	0.0	891
DELA-15-1-Ro|nodX|consensus50|pass_single_dominant	nodX|Rhizobium_leguminosarum|XKQ44642.1	95.824	455	19	0	651	1105	648	1102	0.0	743
DELA-15-1-Ro|nodX|consensus50|pass_single_dominant	nodX|Rhizobium_leguminosarum|QSW27831.1	95.479	553	25	0	57	609	54	606	0.0	885
DELA-15-1-Ro|nodX|consensus50|pass_single_dominant	nodX|Rhizobium_leguminosarum|QSW27831.1	95.385	455	21	0	651	1105	648	1102	0.0	732
DELA-15-1-Ro|nodX|consensus50|pass_single_dominant	nodX|Rhizobium_leguminosarum|UIK20411.1	95.479	553	25	0	57	609	54	606	0.0	885
DELA-15-1-Ro|nodX|consensus50|pass_single_dominant	nodX|Rhizobium_leguminosarum|UIK20411.1	93.626	455	29	0	651	1105	648	1102	0.0	688
DELA-16-No|nodX|consensus50|pass_single_dominant	nodX|Rhizobium_leguminosarum|WSH75135.1	100.000	1040	0	0	58	1097	55	1094	0.0	1921
DELA-16-No|nodX|consensus50|pass_single_dominant	nodX|Rhizobium_leguminosarum|UIK20411.1	99.327	1040	7	0	58	1097	55	1094	0.0	1882
DELA-16-No|nodX|consensus50|pass_single_dominant	nodX|Rhizobium_beringeri|WSH29639.1	99.327	1040	7	0	58	1097	55	1094	0.0	1882
DELA-16-No|nodX|consensus50|pass_single_dominant	nodX|Rhizobium_johnstonii|WSH10826.1	99.327	1040	7	0	58	1097	55	1094	0.0	1882
DELA-16-No|nodX|consensus50|pass_single_dominant	nodX|Rhizobium_johnstonii|WSH48507.1	99.327	1040	7	0	58	1097	55	1094	0.0	1882
DELA-16-No|nodX|consensus50|pass_single_dominant	nodX|Rhizobium_beringeri|WSH53767.1	99.327	1040	7	0	58	1097	55	1094	0.0	1882
DELA-16-No|nodX|consensus50|pass_single_dominant	nodX|Rhizobium_leguminosarum|XYR17985.1	99.327	1040	7	0	58	1097	55	1094	0.0	1882
DELA-16-No|nodX|consensus50|pass_single_dominant	nodX|Rhizobium_anhuiense_bv._trifolii|UTS88797.1	99.231	1040	8	0	58	1097	55	1094	0.0	1877
DELA-16-No|nodX|consensus50|pass_single_dominant	nodX|Rhizobium_beringeri|WSG78435.1	99.231	1040	8	0	58	1097	55	1094	0.0	1877
DELA-16-No|nodX|consensus50|pass_single_dominant	nodX|Rhizobium_beringeri|WSH18630.1	99.231	1040	8	0	58	1097	55	1094	0.0	1877
DELA-18-2-Ro|nodX|consensus50|pass_single_dominant	nodX|Rhizobium_ruizarguesonis|XIE09546.1	97.872	893	19	0	211	1103	208	1100	0.0	1570
DELA-18-2-Ro|nodX|consensus50|pass_single_dominant	nodX|Rhizobium_ruizarguesonis|XIE09546.1	100.000	150	0	0	31	180	28	177	1.03e-76	278
DELA-18-2-Ro|nodX|consensus50|pass_single_dominant	nodX|Rhizobium_leguminosarum|XKQ44642.1	94.513	893	49	0	211	1103	208	1100	0.0	1404
DELA-18-2-Ro|nodX|consensus50|pass_single_dominant	nodX|Rhizobium_leguminosarum|XKQ44642.1	94.000	150	9	0	31	180	28	177	1.05e-61	228
DELA-18-2-Ro|nodX|consensus50|pass_single_dominant	nodX|Rhizobium_bangladeshense|QSY97647.1	94.177	893	52	0	211	1103	208	1100	0.0	1387
DELA-18-2-Ro|nodX|consensus50|pass_single_dominant	nodX|Rhizobium_bangladeshense|QSY97647.1	93.333	150	10	0	31	180	28	177	4.87e-60	222
DELA-18-2-Ro|nodX|consensus50|pass_single_dominant	nodX|Rhizobium_ruizarguesonis|UFW98965.1	94.177	893	52	0	211	1103	208	1100	0.0	1387
DELA-18-2-Ro|nodX|consensus50|pass_single_dominant	nodX|Rhizobium_ruizarguesonis|UFW98965.1	94.000	150	9	0	31	180	28	177	1.05e-61	228
DELA-18-2-Ro|nodX|consensus50|pass_single_dominant	nodX|Rhizobium_ruizarguesonis|WSH03945.1	94.177	893	52	0	211	1103	208	1100	0.0	1387
DELA-18-2-Ro|nodX|consensus50|pass_single_dominant	nodX|Rhizobium_ruizarguesonis|WSH03945.1	94.000	150	9	0	31	180	28	177	1.05e-61	228
DELA-18-2-Ro|nodX|consensus50|pass_single_dominant	nodX|Rhizobium_ruizarguesonis|WSH24665.1	94.177	893	52	0	211	1103	208	1100	0.0	1387
DELA-18-2-Ro|nodX|consensus50|pass_single_dominant	nodX|Rhizobium_ruizarguesonis|WSH24665.1	94.000	150	9	0	31	180	28	177	1.05e-61	228
DELA-18-2-Ro|nodX|consensus50|pass_single_dominant	nodX|Rhizobium_ruizarguesonis|WSH36364.1	94.177	893	52	0	211	1103	208	1100	0.0	1387
DELA-18-2-Ro|nodX|consensus50|pass_single_dominant	nodX|Rhizobium_ruizarguesonis|WSH36364.1	94.000	150	9	0	31	180	28	177	1.05e-61	228
DELA-18-2-Ro|nodX|consensus50|pass_single_dominant	nodX|Rhizobium_ruizarguesonis|WSH60491.1	94.177	893	52	0	211	1103	208	1100	0.0	1387
DELA-18-2-Ro|nodX|consensus50|pass_single_dominant	nodX|Rhizobium_ruizarguesonis|WSH60491.1	94.000	150	9	0	31	180	28	177	1.05e-61	228
DELA-18-2-Ro|nodX|consensus50|pass_single_dominant	nodX|Rhizobium_binae|QSY85911.1	93.729	893	56	0	211	1103	208	1100	0.0	1365
DELA-18-2-Ro|nodX|consensus50|pass_single_dominant	nodX|Rhizobium_binae|QSY85911.1	95.333	150	7	0	31	180	28	177	4.84e-65	239
DELA-18-2-Ro|nodX|consensus50|pass_single_dominant	nodX|Rhizobium_sp._NLR16a|QTV00338.1	93.505	893	58	0	211	1103	208	1100	0.0	1354
DELA-18-2-Ro|nodX|consensus50|pass_single_dominant	nodX|Rhizobium_sp._NLR16a|QTV00338.1	95.333	150	7	0	31	180	28	177	4.84e-65	239
DELA-20-1-No|nodX|consensus50|pass_single_dominant	nodX|Rhizobium_ruizarguesonis|XIE09546.1	97.775	944	21	0	4	947	1	944	0.0	1661
DELA-20-1-No|nodX|consensus50|pass_single_dominant	nodX|Rhizobium_ruizarguesonis|XIE09546.1	97.458	118	3	0	988	1105	985	1102	1.36e-55	207
DELA-20-1-No|nodX|consensus50|pass_single_dominant	nodX|Rhizobium_leguminosarum|XKQ44642.1	94.068	944	56	0	4	947	1	944	0.0	1467
DELA-20-1-No|nodX|consensus50|pass_single_dominant	nodX|Rhizobium_leguminosarum|XKQ44642.1	94.068	118	7	0	988	1105	985	1102	6.39e-49	185
DELA-20-1-No|nodX|consensus50|pass_single_dominant	nodX|Rhizobium_ruizarguesonis|UFW98965.1	93.856	944	58	0	4	947	1	944	0.0	1454
DELA-20-1-No|nodX|consensus50|pass_single_dominant	nodX|Rhizobium_ruizarguesonis|UFW98965.1	94.915	118	6	0	988	1105	985	1102	1.37e-50	191
DELA-20-1-No|nodX|consensus50|pass_single_dominant	nodX|Rhizobium_ruizarguesonis|WSH03945.1	93.856	944	58	0	4	947	1	944	0.0	1454
DELA-20-1-No|nodX|consensus50|pass_single_dominant	nodX|Rhizobium_ruizarguesonis|WSH03945.1	94.915	118	6	0	988	1105	985	1102	1.37e-50	191
DELA-20-1-No|nodX|consensus50|pass_single_dominant	nodX|Rhizobium_ruizarguesonis|WSH24665.1	93.856	944	58	0	4	947	1	944	0.0	1454
DELA-20-1-No|nodX|consensus50|pass_single_dominant	nodX|Rhizobium_ruizarguesonis|WSH24665.1	94.915	118	6	0	988	1105	985	1102	1.37e-50	191
DELA-20-1-No|nodX|consensus50|pass_single_dominant	nodX|Rhizobium_ruizarguesonis|WSH36364.1	93.856	944	58	0	4	947	1	944	0.0	1454
DELA-20-1-No|nodX|consensus50|pass_single_dominant	nodX|Rhizobium_ruizarguesonis|WSH36364.1	94.915	118	6	0	988	1105	985	1102	1.37e-50	191
DELA-20-1-No|nodX|consensus50|pass_single_dominant	nodX|Rhizobium_ruizarguesonis|WSH60491.1	93.856	944	58	0	4	947	1	944	0.0	1454
DELA-20-1-No|nodX|consensus50|pass_single_dominant	nodX|Rhizobium_ruizarguesonis|WSH60491.1	94.915	118	6	0	988	1105	985	1102	1.37e-50	191
DELA-20-1-No|nodX|consensus50|pass_single_dominant	nodX|Rhizobium_bangladeshense|QSY97647.1	93.750	944	59	0	4	947	1	944	0.0	1450
DELA-20-1-No|nodX|consensus50|pass_single_dominant	nodX|Rhizobium_bangladeshense|QSY97647.1	94.068	118	7	0	988	1105	985	1102	6.39e-49	185
DELA-20-1-No|nodX|consensus50|pass_single_dominant	nodX|Rhizobium_binae|QSY85911.1	93.538	944	61	0	4	947	1	944	0.0	1439
DELA-20-1-No|nodX|consensus50|pass_single_dominant	nodX|Rhizobium_binae|QSY85911.1	94.068	118	7	0	988	1105	985	1102	6.39e-49	185
DELA-20-1-No|nodX|consensus50|pass_single_dominant	nodX|Rhizobium_leguminosarum|UIK20411.1	93.432	944	62	0	4	947	1	944	0.0	1432
DELA-20-1-No|nodX|consensus50|pass_single_dominant	nodX|Rhizobium_leguminosarum|UIK20411.1	91.525	118	10	0	988	1105	985	1102	6.44e-44	169
DELA-20-1-Rh|nodX|consensus50|pass_single_dominant	nodX|Rhizobium_ruizarguesonis|XIE09546.1	98.187	1103	20	0	5	1107	2	1104	0.0	1929
DELA-20-1-Rh|nodX|consensus50|pass_single_dominant	nodX|Rhizobium_ruizarguesonis|UFW98965.1	96.102	1103	43	0	5	1107	2	1104	0.0	1801
DELA-20-1-Rh|nodX|consensus50|pass_single_dominant	nodX|Rhizobium_ruizarguesonis|WSH03945.1	96.102	1103	43	0	5	1107	2	1104	0.0	1801
DELA-20-1-Rh|nodX|consensus50|pass_single_dominant	nodX|Rhizobium_ruizarguesonis|WSH24665.1	96.102	1103	43	0	5	1107	2	1104	0.0	1801
DELA-20-1-Rh|nodX|consensus50|pass_single_dominant	nodX|Rhizobium_ruizarguesonis|WSH36364.1	96.102	1103	43	0	5	1107	2	1104	0.0	1801
DELA-20-1-Rh|nodX|consensus50|pass_single_dominant	nodX|Rhizobium_ruizarguesonis|WSH60491.1	96.102	1103	43	0	5	1107	2	1104	0.0	1801
DELA-20-1-Rh|nodX|consensus50|pass_single_dominant	nodX|Rhizobium_aethiopicum|CAO3997942.1	95.648	1103	48	0	5	1107	2	1104	0.0	1773
DELA-20-1-Rh|nodX|consensus50|pass_single_dominant	nodX|Rhizobium_leguminosarum|QSW27831.1	95.104	1103	54	0	5	1107	2	1104	0.0	1740
DELA-20-1-Rh|nodX|consensus50|pass_single_dominant	nodX|Rhizobium_leguminosarum|XKQ44642.1	95.104	1103	54	0	5	1107	2	1104	0.0	1740
DELA-20-1-Rh|nodX|consensus50|pass_single_dominant	nodX|Rhizobium_bangladeshense|QSY97647.1	94.923	1103	56	0	5	1107	2	1104	0.0	1729
DELA-20-1-Ro|nodX|consensus50|pass_single_dominant	nodX|Rhizobium_ruizarguesonis|XIE09546.1	98.802	751	9	0	41	791	38	788	0.0	1343
DELA-20-1-Ro|nodX|consensus50|pass_single_dominant	nodX|Rhizobium_ruizarguesonis|XIE09546.1	99.585	241	1	0	821	1061	818	1058	1.24e-125	440
DELA-20-1-Ro|nodX|consensus50|pass_single_dominant	nodX|Rhizobium_leguminosarum|XKQ44642.1	95.606	751	33	0	41	791	38	788	0.0	1210
DELA-20-1-Ro|nodX|consensus50|pass_single_dominant	nodX|Rhizobium_leguminosarum|XKQ44642.1	95.781	237	10	0	822	1058	819	1055	2.11e-108	383
DELA-20-1-Ro|nodX|consensus50|pass_single_dominant	nodX|Rhizobium_leguminosarum|QSW27831.1	95.073	751	37	0	41	791	38	788	0.0	1188
DELA-20-1-Ro|nodX|consensus50|pass_single_dominant	nodX|Rhizobium_leguminosarum|QSW27831.1	94.538	238	13	0	821	1058	818	1055	5.91e-104	368
DELA-20-1-Ro|nodX|consensus50|pass_single_dominant	nodX|Rhizobium_binae|QSY85911.1	94.940	751	38	0	41	791	38	788	0.0	1182
DELA-20-1-Ro|nodX|consensus50|pass_single_dominant	nodX|Rhizobium_binae|QSY85911.1	94.538	238	13	0	821	1058	818	1055	5.91e-104	368
DELA-20-1-Ro|nodX|consensus50|pass_single_dominant	nodX|Rhizobium_bangladeshense|QSY97647.1	94.807	751	39	0	41	791	38	788	0.0	1177
DELA-20-1-Ro|nodX|consensus50|pass_single_dominant	nodX|Rhizobium_bangladeshense|QSY97647.1	96.218	238	9	0	821	1058	818	1055	1.26e-110	390
DELA-20-1-Ro|nodX|consensus50|pass_single_dominant	nodX|Rhizobium_ruizarguesonis|UFW98965.1	94.807	751	39	0	41	791	38	788	0.0	1177
DELA-20-1-Ro|nodX|consensus50|pass_single_dominant	nodX|Rhizobium_ruizarguesonis|UFW98965.1	96.218	238	9	0	821	1058	818	1055	1.26e-110	390
DELA-20-1-Ro|nodX|consensus50|pass_single_dominant	nodX|Rhizobium_ruizarguesonis|WSH03945.1	94.807	751	39	0	41	791	38	788	0.0	1177
DELA-20-1-Ro|nodX|consensus50|pass_single_dominant	nodX|Rhizobium_ruizarguesonis|WSH03945.1	96.218	238	9	0	821	1058	818	1055	1.26e-110	390
DELA-20-1-Ro|nodX|consensus50|pass_single_dominant	nodX|Rhizobium_ruizarguesonis|WSH24665.1	94.807	751	39	0	41	791	38	788	0.0	1177
DELA-20-1-Ro|nodX|consensus50|pass_single_dominant	nodX|Rhizobium_ruizarguesonis|WSH24665.1	96.218	238	9	0	821	1058	818	1055	1.26e-110	390
DELA-20-1-Ro|nodX|consensus50|pass_single_dominant	nodX|Rhizobium_ruizarguesonis|WSH36364.1	94.807	751	39	0	41	791	38	788	0.0	1177
DELA-20-1-Ro|nodX|consensus50|pass_single_dominant	nodX|Rhizobium_ruizarguesonis|WSH36364.1	96.218	238	9	0	821	1058	818	1055	1.26e-110	390
DELA-20-1-Ro|nodX|consensus50|pass_single_dominant	nodX|Rhizobium_ruizarguesonis|WSH60491.1	94.807	751	39	0	41	791	38	788	0.0	1177
DELA-20-1-Ro|nodX|consensus50|pass_single_dominant	nodX|Rhizobium_ruizarguesonis|WSH60491.1	96.218	238	9	0	821	1058	818	1055	1.26e-110	390
DELA-26-3-Ro|nodX|consensus50|pass_single_dominant	nodX|Rhizobium_leguminosarum|WSH75135.1	99.637	1101	4	0	5	1105	2	1102	0.0	2015
DELA-26-3-Ro|nodX|consensus50|pass_single_dominant	nodX|Rhizobium_beringeri|WSH53767.1	99.092	1101	10	0	5	1105	2	1102	0.0	1982
DELA-26-3-Ro|nodX|consensus50|pass_single_dominant	nodX|Rhizobium_leguminosarum|XYR17985.1	99.092	1101	10	0	5	1105	2	1102	0.0	1982
DELA-26-3-Ro|nodX|consensus50|pass_single_dominant	nodX|Rhizobium_leguminosarum|UIK20411.1	99.001	1101	11	0	5	1105	2	1102	0.0	1977
DELA-26-3-Ro|nodX|consensus50|pass_single_dominant	nodX|Rhizobium_beringeri|WSH29639.1	99.001	1101	11	0	5	1105	2	1102	0.0	1977
DELA-26-3-Ro|nodX|consensus50|pass_single_dominant	nodX|Rhizobium_beringeri|WSG78435.1	99.001	1101	11	0	5	1105	2	1102	0.0	1977
DELA-26-3-Ro|nodX|consensus50|pass_single_dominant	nodX|Rhizobium_johnstonii|WSH10826.1	99.001	1101	11	0	5	1105	2	1102	0.0	1977
DELA-26-3-Ro|nodX|consensus50|pass_single_dominant	nodX|Rhizobium_beringeri|WSH18630.1	99.001	1101	11	0	5	1105	2	1102	0.0	1977
DELA-26-3-Ro|nodX|consensus50|pass_single_dominant	nodX|Rhizobium_johnstonii|WSH48507.1	99.001	1101	11	0	5	1105	2	1102	0.0	1977
DELA-26-3-Ro|nodX|consensus50|pass_single_dominant	nodX|Rhizobium_anhuiense_bv._trifolii|UTS88797.1	98.910	1101	12	0	5	1105	2	1102	0.0	1971
DELA-7-3-No|nodX|consensus50|pass_single_dominant	nodX|Rhizobium_leguminosarum|WSH75135.1	100.000	1104	0	0	4	1107	1	1104	0.0	2039
DELA-7-3-No|nodX|consensus50|pass_single_dominant	nodX|Rhizobium_beringeri|WSH53767.1	99.275	1104	8	0	4	1107	1	1104	0.0	1995
DELA-7-3-No|nodX|consensus50|pass_single_dominant	nodX|Rhizobium_leguminosarum|XYR17985.1	99.275	1104	8	0	4	1107	1	1104	0.0	1995
DELA-7-3-No|nodX|consensus50|pass_single_dominant	nodX|Rhizobium_leguminosarum|UIK20411.1	99.185	1104	9	0	4	1107	1	1104	0.0	1989
DELA-7-3-No|nodX|consensus50|pass_single_dominant	nodX|Rhizobium_beringeri|WSH29639.1	99.185	1104	9	0	4	1107	1	1104	0.0	1989
DELA-7-3-No|nodX|consensus50|pass_single_dominant	nodX|Rhizobium_beringeri|WSG78435.1	99.185	1104	9	0	4	1107	1	1104	0.0	1989
DELA-7-3-No|nodX|consensus50|pass_single_dominant	nodX|Rhizobium_johnstonii|WSH10826.1	99.185	1104	9	0	4	1107	1	1104	0.0	1989
DELA-7-3-No|nodX|consensus50|pass_single_dominant	nodX|Rhizobium_beringeri|WSH18630.1	99.185	1104	9	0	4	1107	1	1104	0.0	1989
DELA-7-3-No|nodX|consensus50|pass_single_dominant	nodX|Rhizobium_johnstonii|WSH48507.1	99.185	1104	9	0	4	1107	1	1104	0.0	1989
DELA-7-3-No|nodX|consensus50|pass_single_dominant	nodX|Rhizobium_anhuiense_bv._trifolii|UTS88797.1	99.094	1104	10	0	4	1107	1	1104	0.0	1984
DSNY-25-1-Rh|nodX|consensus50|pass_single_dominant	nodX|Rhizobium_leguminosarum|UIK20411.1	99.038	1039	10	0	67	1105	64	1102	0.0	1879
DSNY-25-1-Rh|nodX|consensus50|pass_single_dominant	nodX|Rhizobium_beringeri|WSH29639.1	99.038	1039	10	0	67	1105	64	1102	0.0	1879
DSNY-25-1-Rh|nodX|consensus50|pass_single_dominant	nodX|Rhizobium_johnstonii|WSH10826.1	99.038	1039	10	0	67	1105	64	1102	0.0	1879
DSNY-25-1-Rh|nodX|consensus50|pass_single_dominant	nodX|Rhizobium_johnstonii|WSH48507.1	99.038	1039	10	0	67	1105	64	1102	0.0	1879
DSNY-25-1-Rh|nodX|consensus50|pass_single_dominant	nodX|Rhizobium_beringeri|WSG78435.1	98.941	1039	11	0	67	1105	64	1102	0.0	1873
DSNY-25-1-Rh|nodX|consensus50|pass_single_dominant	nodX|Rhizobium_beringeri|WSH18630.1	98.941	1039	11	0	67	1105	64	1102	0.0	1873
DSNY-25-1-Rh|nodX|consensus50|pass_single_dominant	nodX|Rhizobium_beringeri|WSH53767.1	98.941	1039	11	0	67	1105	64	1102	0.0	1873
DSNY-25-1-Rh|nodX|consensus50|pass_single_dominant	nodX|Rhizobium_leguminosarum|XYR17985.1	98.941	1039	11	0	67	1105	64	1102	0.0	1873
DSNY-25-1-Rh|nodX|consensus50|pass_single_dominant	nodX|Rhizobium_anhuiense_bv._trifolii|UTS88797.1	98.653	1039	14	0	67	1105	64	1102	0.0	1857
DSNY-25-1-Rh|nodX|consensus50|pass_single_dominant	nodX|Rhizobium_leguminosarum|WSH75135.1	98.460	1039	16	0	67	1105	64	1102	0.0	1845
DSNY-52-1-No|nodX|consensus50|pass_mixed_possible_multitemplate	nodX|Rhizobium_leguminosarum|UIK20411.1	96.866	989	31	0	117	1105	114	1102	0.0	1703
DSNY-52-1-No|nodX|consensus50|pass_mixed_possible_multitemplate	nodX|Rhizobium_beringeri|WSH29639.1	96.866	989	31	0	117	1105	114	1102	0.0	1703
DSNY-52-1-No|nodX|consensus50|pass_mixed_possible_multitemplate	nodX|Rhizobium_johnstonii|WSH10826.1	96.866	989	31	0	117	1105	114	1102	0.0	1703
DSNY-52-1-No|nodX|consensus50|pass_mixed_possible_multitemplate	nodX|Rhizobium_johnstonii|WSH48507.1	96.866	989	31	0	117	1105	114	1102	0.0	1703
DSNY-52-1-No|nodX|consensus50|pass_mixed_possible_multitemplate	nodX|Rhizobium_beringeri|WSG78435.1	96.764	989	32	0	117	1105	114	1102	0.0	1698
DSNY-52-1-No|nodX|consensus50|pass_mixed_possible_multitemplate	nodX|Rhizobium_beringeri|WSH18630.1	96.764	989	32	0	117	1105	114	1102	0.0	1698
DSNY-52-1-No|nodX|consensus50|pass_mixed_possible_multitemplate	nodX|Rhizobium_beringeri|WSH53767.1	96.764	989	32	0	117	1105	114	1102	0.0	1698
DSNY-52-1-No|nodX|consensus50|pass_mixed_possible_multitemplate	nodX|Rhizobium_leguminosarum|XYR17985.1	96.764	989	32	0	117	1105	114	1102	0.0	1698
DSNY-52-1-No|nodX|consensus50|pass_mixed_possible_multitemplate	nodX|Rhizobium_anhuiense_bv._trifolii|UTS88797.1	96.562	989	34	0	117	1105	114	1102	0.0	1687
DSNY-52-1-No|nodX|consensus50|pass_mixed_possible_multitemplate	nodX|Rhizobium_leguminosarum|WSH75135.1	96.259	989	37	0	117	1105	114	1102	0.0	1670
DSNY-74-1-No|nodX|consensus50|pass_single_dominant	nodX|Rhizobium_aethiopicum|CAO3997942.1	98.459	1103	17	0	5	1107	2	1104	0.0	1943
DSNY-74-1-No|nodX|consensus50|pass_single_dominant	nodX|Rhizobium_beringeri|WSH53767.1	96.917	1103	34	0	5	1107	2	1104	0.0	1849
DSNY-74-1-No|nodX|consensus50|pass_single_dominant	nodX|Rhizobium_leguminosarum|WSH75135.1	96.917	1103	34	0	5	1107	2	1104	0.0	1849
DSNY-74-1-No|nodX|consensus50|pass_single_dominant	nodX|Rhizobium_leguminosarum|XYR17985.1	96.917	1103	34	0	5	1107	2	1104	0.0	1849
DSNY-74-1-No|nodX|consensus50|pass_single_dominant	nodX|Rhizobium_leguminosarum|UIK20411.1	96.827	1103	35	0	5	1107	2	1104	0.0	1844
DSNY-74-1-No|nodX|consensus50|pass_single_dominant	nodX|Rhizobium_beringeri|WSH29639.1	96.827	1103	35	0	5	1107	2	1104	0.0	1844
DSNY-74-1-No|nodX|consensus50|pass_single_dominant	nodX|Rhizobium_beringeri|WSG78435.1	96.827	1103	35	0	5	1107	2	1104	0.0	1844
DSNY-74-1-No|nodX|consensus50|pass_single_dominant	nodX|Rhizobium_johnstonii|WSH10826.1	96.827	1103	35	0	5	1107	2	1104	0.0	1844
DSNY-74-1-No|nodX|consensus50|pass_single_dominant	nodX|Rhizobium_beringeri|WSH18630.1	96.827	1103	35	0	5	1107	2	1104	0.0	1844
DSNY-74-1-No|nodX|consensus50|pass_single_dominant	nodX|Rhizobium_johnstonii|WSH48507.1	96.827	1103	35	0	5	1107	2	1104	0.0	1844
DSNY-74-1-Ro|nodX|consensus50|pass_single_dominant	nodX|Rhizobium_ruizarguesonis|XIE10098.1	95.635	756	33	0	23	778	20	775	0.0	1216
DSNY-74-1-Ro|nodX|consensus50|pass_single_dominant	nodX|Rhizobium_ruizarguesonis|XIE10098.1	93.559	295	19	0	812	1106	809	1103	1.59e-129	453
DSNY-74-1-Ro|nodX|consensus50|pass_single_dominant	nodX|Rhizobium_leguminosarum|UIK01301.1	95.370	756	35	0	23	778	20	775	0.0	1205
DSNY-74-1-Ro|nodX|consensus50|pass_single_dominant	nodX|Rhizobium_leguminosarum|UIK01301.1	92.881	295	21	0	812	1106	809	1103	3.44e-126	442
DSNY-74-1-Ro|nodX|consensus50|pass_single_dominant	nodX|Rhizobium_leguminosarum|WFT91004.1	95.370	756	35	0	23	778	20	775	0.0	1205
DSNY-74-1-Ro|nodX|consensus50|pass_single_dominant	nodX|Rhizobium_leguminosarum|WFT91004.1	92.881	295	21	0	812	1106	809	1103	3.44e-126	442
DSNY-74-1-Ro|nodX|consensus50|pass_single_dominant	nodX|Rhizobium_leguminosarum|UIL30343.1	95.244	757	34	2	23	778	20	775	0.0	1199
DSNY-74-1-Ro|nodX|consensus50|pass_single_dominant	nodX|Rhizobium_leguminosarum|UIL30343.1	92.881	295	21	0	812	1106	809	1103	3.44e-126	442
DSNY-74-1-Ro|nodX|consensus50|pass_single_dominant	nodX|Rhizobium_leguminosarum|XKQ44642.1	95.106	756	37	0	23	778	20	775	0.0	1194
DSNY-74-1-Ro|nodX|consensus50|pass_single_dominant	nodX|Rhizobium_leguminosarum|XKQ44642.1	92.542	295	22	0	812	1106	809	1103	1.60e-124	436
DSNY-74-1-Ro|nodX|consensus50|pass_single_dominant	nodX|Rhizobium_ruizarguesonis|XIE09546.1	94.180	756	44	0	23	778	20	775	0.0	1155
DSNY-74-1-Ro|nodX|consensus50|pass_single_dominant	nodX|Rhizobium_ruizarguesonis|XIE09546.1	93.898	295	18	0	812	1106	809	1103	3.41e-131	459
DSNY-74-1-Ro|nodX|consensus50|pass_single_dominant	nodX|Rhizobium_binae|QSY85911.1	93.386	756	50	0	23	778	20	775	0.0	1122
DSNY-74-1-Ro|nodX|consensus50|pass_single_dominant	nodX|Rhizobium_binae|QSY85911.1	91.186	295	26	0	812	1106	809	1103	7.49e-118	414
DSNY-74-1-Ro|nodX|consensus50|pass_single_dominant	nodX|Rhizobium_sp._NLR16a|QTV00338.1	93.386	756	50	0	23	778	20	775	0.0	1122
DSNY-74-1-Ro|nodX|consensus50|pass_single_dominant	nodX|Rhizobium_sp._NLR16a|QTV00338.1	91.186	295	26	0	812	1106	809	1103	7.49e-118	414
DSNY-74-1-Ro|nodX|consensus50|pass_single_dominant	nodX|Rhizobium_ruizarguesonis|UFW98965.1	93.254	756	51	0	23	778	20	775	0.0	1116
DSNY-74-1-Ro|nodX|consensus50|pass_single_dominant	nodX|Rhizobium_ruizarguesonis|UFW98965.1	92.203	295	23	0	812	1106	809	1103	7.44e-123	431
DSNY-74-1-Ro|nodX|consensus50|pass_single_dominant	nodX|Rhizobium_ruizarguesonis|WSH03945.1	93.254	756	51	0	23	778	20	775	0.0	1116
DSNY-74-1-Ro|nodX|consensus50|pass_single_dominant	nodX|Rhizobium_ruizarguesonis|WSH03945.1	92.203	295	23	0	812	1106	809	1103	7.44e-123	431
DSNY-75-1-Ro|nodX|consensus50|pass_single_dominant	nodX|Rhizobium_ruizarguesonis|XIE09546.1	97.140	1084	31	0	24	1107	21	1104	0.0	1879
DSNY-75-1-Ro|nodX|consensus50|pass_single_dominant	nodX|Rhizobium_leguminosarum|XKQ44642.1	93.450	1084	71	0	24	1107	21	1104	0.0	1657
DSNY-75-1-Ro|nodX|consensus50|pass_single_dominant	nodX|Rhizobium_leguminosarum|QSW27831.1	93.450	1084	71	0	24	1107	21	1104	0.0	1655
DSNY-75-1-Ro|nodX|consensus50|pass_single_dominant	nodX|Rhizobium_ruizarguesonis|UFW98965.1	93.358	1084	72	0	24	1107	21	1104	0.0	1650
DSNY-75-1-Ro|nodX|consensus50|pass_single_dominant	nodX|Rhizobium_ruizarguesonis|WSH03945.1	93.358	1084	72	0	24	1107	21	1104	0.0	1650
DSNY-75-1-Ro|nodX|consensus50|pass_single_dominant	nodX|Rhizobium_ruizarguesonis|WSH24665.1	93.358	1084	72	0	24	1107	21	1104	0.0	1650
DSNY-75-1-Ro|nodX|consensus50|pass_single_dominant	nodX|Rhizobium_ruizarguesonis|WSH36364.1	93.358	1084	72	0	24	1107	21	1104	0.0	1650
DSNY-75-1-Ro|nodX|consensus50|pass_single_dominant	nodX|Rhizobium_ruizarguesonis|WSH60491.1	93.358	1084	72	0	24	1107	21	1104	0.0	1650
DSNY-75-1-Ro|nodX|consensus50|pass_single_dominant	nodX|Rhizobium_bangladeshense|QSY97647.1	93.173	1084	74	0	24	1107	21	1104	0.0	1640
DSNY-75-1-Ro|nodX|consensus50|pass_single_dominant	nodX|Rhizobium_binae|QSY85911.1	92.989	1084	76	0	24	1107	21	1104	0.0	1629
DSNY-79-1-Rh|nodX|consensus50|pass_single_dominant	nodX|Rhizobium_aethiopicum|CAO3997942.1	98.456	1101	17	0	5	1105	2	1102	0.0	1940
DSNY-79-1-Rh|nodX|consensus50|pass_single_dominant	nodX|Rhizobium_beringeri|WSH53767.1	96.912	1101	34	0	5	1105	2	1102	0.0	1845
DSNY-79-1-Rh|nodX|consensus50|pass_single_dominant	nodX|Rhizobium_leguminosarum|WSH75135.1	96.912	1101	34	0	5	1105	2	1102	0.0	1845
DSNY-79-1-Rh|nodX|consensus50|pass_single_dominant	nodX|Rhizobium_leguminosarum|XYR17985.1	96.912	1101	34	0	5	1105	2	1102	0.0	1845
DSNY-79-1-Rh|nodX|consensus50|pass_single_dominant	nodX|Rhizobium_leguminosarum|UIK20411.1	96.821	1101	35	0	5	1105	2	1102	0.0	1840
DSNY-79-1-Rh|nodX|consensus50|pass_single_dominant	nodX|Rhizobium_beringeri|WSH29639.1	96.821	1101	35	0	5	1105	2	1102	0.0	1840
DSNY-79-1-Rh|nodX|consensus50|pass_single_dominant	nodX|Rhizobium_beringeri|WSG78435.1	96.821	1101	35	0	5	1105	2	1102	0.0	1840
DSNY-79-1-Rh|nodX|consensus50|pass_single_dominant	nodX|Rhizobium_johnstonii|WSH10826.1	96.821	1101	35	0	5	1105	2	1102	0.0	1840
DSNY-79-1-Rh|nodX|consensus50|pass_single_dominant	nodX|Rhizobium_beringeri|WSH18630.1	96.821	1101	35	0	5	1105	2	1102	0.0	1840
DSNY-79-1-Rh|nodX|consensus50|pass_single_dominant	nodX|Rhizobium_johnstonii|WSH48507.1	96.821	1101	35	0	5	1105	2	1102	0.0	1840
DSNY-81-1-No|nodX|consensus50|pass_single_dominant	nodX|Rhizobium_aethiopicum|CAO3997942.1	98.459	1103	17	0	4	1106	1	1103	0.0	1943
DSNY-81-1-No|nodX|consensus50|pass_single_dominant	nodX|Rhizobium_beringeri|WSH53767.1	96.917	1103	34	0	4	1106	1	1103	0.0	1849
DSNY-81-1-No|nodX|consensus50|pass_single_dominant	nodX|Rhizobium_leguminosarum|WSH75135.1	96.917	1103	34	0	4	1106	1	1103	0.0	1849
DSNY-81-1-No|nodX|consensus50|pass_single_dominant	nodX|Rhizobium_leguminosarum|XYR17985.1	96.917	1103	34	0	4	1106	1	1103	0.0	1849
DSNY-81-1-No|nodX|consensus50|pass_single_dominant	nodX|Rhizobium_leguminosarum|UIK20411.1	96.827	1103	35	0	4	1106	1	1103	0.0	1844
DSNY-81-1-No|nodX|consensus50|pass_single_dominant	nodX|Rhizobium_beringeri|WSH29639.1	96.827	1103	35	0	4	1106	1	1103	0.0	1844
DSNY-81-1-No|nodX|consensus50|pass_single_dominant	nodX|Rhizobium_beringeri|WSG78435.1	96.827	1103	35	0	4	1106	1	1103	0.0	1844
DSNY-81-1-No|nodX|consensus50|pass_single_dominant	nodX|Rhizobium_johnstonii|WSH10826.1	96.827	1103	35	0	4	1106	1	1103	0.0	1844
DSNY-81-1-No|nodX|consensus50|pass_single_dominant	nodX|Rhizobium_beringeri|WSH18630.1	96.827	1103	35	0	4	1106	1	1103	0.0	1844
DSNY-81-1-No|nodX|consensus50|pass_single_dominant	nodX|Rhizobium_johnstonii|WSH48507.1	96.827	1103	35	0	4	1106	1	1103	0.0	1844
DSNY-83-3-Ro|nodX|consensus50|pass_single_dominant	nodX|Rhizobium_aethiopicum|CAO3997942.1	98.457	1102	17	0	5	1106	2	1103	0.0	1941
DSNY-83-3-Ro|nodX|consensus50|pass_single_dominant	nodX|Rhizobium_beringeri|WSH53767.1	96.915	1102	34	0	5	1106	2	1103	0.0	1847
DSNY-83-3-Ro|nodX|consensus50|pass_single_dominant	nodX|Rhizobium_leguminosarum|WSH75135.1	96.915	1102	34	0	5	1106	2	1103	0.0	1847
DSNY-83-3-Ro|nodX|consensus50|pass_single_dominant	nodX|Rhizobium_leguminosarum|XYR17985.1	96.915	1102	34	0	5	1106	2	1103	0.0	1847
DSNY-83-3-Ro|nodX|consensus50|pass_single_dominant	nodX|Rhizobium_leguminosarum|UIK20411.1	96.824	1102	35	0	5	1106	2	1103	0.0	1842
DSNY-83-3-Ro|nodX|consensus50|pass_single_dominant	nodX|Rhizobium_beringeri|WSH29639.1	96.824	1102	35	0	5	1106	2	1103	0.0	1842
DSNY-83-3-Ro|nodX|consensus50|pass_single_dominant	nodX|Rhizobium_beringeri|WSG78435.1	96.824	1102	35	0	5	1106	2	1103	0.0	1842
DSNY-83-3-Ro|nodX|consensus50|pass_single_dominant	nodX|Rhizobium_johnstonii|WSH10826.1	96.824	1102	35	0	5	1106	2	1103	0.0	1842
DSNY-83-3-Ro|nodX|consensus50|pass_single_dominant	nodX|Rhizobium_beringeri|WSH18630.1	96.824	1102	35	0	5	1106	2	1103	0.0	1842
DSNY-83-3-Ro|nodX|consensus50|pass_single_dominant	nodX|Rhizobium_johnstonii|WSH48507.1	96.824	1102	35	0	5	1106	2	1103	0.0	1842
DSNY-85-1-Rh|nodX|consensus50|pass_single_dominant	nodX|Rhizobium_anhuiense_bv._trifolii|UTS88797.1	99.354	1083	7	0	23	1105	20	1102	0.0	1969
DSNY-85-1-Rh|nodX|consensus50|pass_single_dominant	nodX|Rhizobium_leguminosarum|UIK20411.1	99.077	1083	10	0	23	1105	20	1102	0.0	1953
DSNY-85-1-Rh|nodX|consensus50|pass_single_dominant	nodX|Rhizobium_beringeri|WSH29639.1	99.077	1083	10	0	23	1105	20	1102	0.0	1953
DSNY-85-1-Rh|nodX|consensus50|pass_single_dominant	nodX|Rhizobium_johnstonii|WSH10826.1	99.077	1083	10	0	23	1105	20	1102	0.0	1953
DSNY-85-1-Rh|nodX|consensus50|pass_single_dominant	nodX|Rhizobium_johnstonii|WSH48507.1	99.077	1083	10	0	23	1105	20	1102	0.0	1953
DSNY-85-1-Rh|nodX|consensus50|pass_single_dominant	nodX|Rhizobium_beringeri|WSH53767.1	99.077	1083	10	0	23	1105	20	1102	0.0	1953
DSNY-85-1-Rh|nodX|consensus50|pass_single_dominant	nodX|Rhizobium_leguminosarum|XYR17985.1	99.077	1083	10	0	23	1105	20	1102	0.0	1953
DSNY-85-1-Rh|nodX|consensus50|pass_single_dominant	nodX|Rhizobium_beringeri|WSG78435.1	98.984	1083	11	0	23	1105	20	1102	0.0	1947
DSNY-85-1-Rh|nodX|consensus50|pass_single_dominant	nodX|Rhizobium_beringeri|WSH18630.1	98.984	1083	11	0	23	1105	20	1102	0.0	1947
DSNY-85-1-Rh|nodX|consensus50|pass_single_dominant	nodX|Rhizobium_leguminosarum|WSH75135.1	98.984	1083	11	0	23	1105	20	1102	0.0	1947
GRSM-1-No|nodX|consensus50|pass_single_dominant	nodX|Rhizobium_anhuiense_bv._trifolii|UTS88797.1	99.728	1102	3	0	4	1105	1	1102	0.0	2019
GRSM-1-No|nodX|consensus50|pass_single_dominant	nodX|Rhizobium_beringeri|WSH53767.1	99.365	1102	7	0	4	1105	1	1102	0.0	1997
GRSM-1-No|nodX|consensus50|pass_single_dominant	nodX|Rhizobium_leguminosarum|XYR17985.1	99.365	1102	7	0	4	1105	1	1102	0.0	1997
GRSM-1-No|nodX|consensus50|pass_single_dominant	nodX|Rhizobium_leguminosarum|UIK20411.1	99.274	1102	8	0	4	1105	1	1102	0.0	1991
GRSM-1-No|nodX|consensus50|pass_single_dominant	nodX|Rhizobium_beringeri|WSH29639.1	99.274	1102	8	0	4	1105	1	1102	0.0	1991
GRSM-1-No|nodX|consensus50|pass_single_dominant	nodX|Rhizobium_beringeri|WSG78435.1	99.274	1102	8	0	4	1105	1	1102	0.0	1991
GRSM-1-No|nodX|consensus50|pass_single_dominant	nodX|Rhizobium_johnstonii|WSH10826.1	99.274	1102	8	0	4	1105	1	1102	0.0	1991
GRSM-1-No|nodX|consensus50|pass_single_dominant	nodX|Rhizobium_beringeri|WSH18630.1	99.274	1102	8	0	4	1105	1	1102	0.0	1991
GRSM-1-No|nodX|consensus50|pass_single_dominant	nodX|Rhizobium_johnstonii|WSH48507.1	99.274	1102	8	0	4	1105	1	1102	0.0	1991
GRSM-1-No|nodX|consensus50|pass_single_dominant	nodX|Rhizobium_leguminosarum|WSH75135.1	99.002	1102	11	0	4	1105	1	1102	0.0	1975
GUAN-8-No|nodX|consensus50|pass_single_dominant	nodX|Rhizobium_leguminosarum|UIK20411.1	98.911	1102	12	0	5	1106	2	1103	0.0	1982
GUAN-8-No|nodX|consensus50|pass_single_dominant	nodX|Rhizobium_beringeri|WSH29639.1	98.911	1102	12	0	5	1106	2	1103	0.0	1982
GUAN-8-No|nodX|consensus50|pass_single_dominant	nodX|Rhizobium_beringeri|WSG78435.1	98.911	1102	12	0	5	1106	2	1103	0.0	1982
GUAN-8-No|nodX|consensus50|pass_single_dominant	nodX|Rhizobium_johnstonii|WSH10826.1	98.911	1102	12	0	5	1106	2	1103	0.0	1982
GUAN-8-No|nodX|consensus50|pass_single_dominant	nodX|Rhizobium_beringeri|WSH18630.1	98.911	1102	12	0	5	1106	2	1103	0.0	1982
GUAN-8-No|nodX|consensus50|pass_single_dominant	nodX|Rhizobium_johnstonii|WSH48507.1	98.911	1102	12	0	5	1106	2	1103	0.0	1982
GUAN-8-No|nodX|consensus50|pass_single_dominant	nodX|Rhizobium_beringeri|WSH53767.1	98.911	1102	12	0	5	1106	2	1103	0.0	1982
GUAN-8-No|nodX|consensus50|pass_single_dominant	nodX|Rhizobium_leguminosarum|XYR17985.1	98.911	1102	12	0	5	1106	2	1103	0.0	1982
GUAN-8-No|nodX|consensus50|pass_single_dominant	nodX|Rhizobium_anhuiense_bv._trifolii|UTS88797.1	98.639	1102	15	0	5	1106	2	1103	0.0	1965
GUAN-8-No|nodX|consensus50|pass_single_dominant	nodX|Rhizobium_leguminosarum|WSH75135.1	98.548	1102	16	0	5	1106	2	1103	0.0	1960
HEAL-9-1-Rh|nodX|consensus50|pass_single_dominant	nodX|Rhizobium_aethiopicum|CAO3997942.1	98.456	1101	17	0	5	1105	2	1102	0.0	1940
HEAL-9-1-Rh|nodX|consensus50|pass_single_dominant	nodX|Rhizobium_beringeri|WSH53767.1	96.912	1101	34	0	5	1105	2	1102	0.0	1845
HEAL-9-1-Rh|nodX|consensus50|pass_single_dominant	nodX|Rhizobium_leguminosarum|WSH75135.1	96.912	1101	34	0	5	1105	2	1102	0.0	1845
HEAL-9-1-Rh|nodX|consensus50|pass_single_dominant	nodX|Rhizobium_leguminosarum|XYR17985.1	96.912	1101	34	0	5	1105	2	1102	0.0	1845
HEAL-9-1-Rh|nodX|consensus50|pass_single_dominant	nodX|Rhizobium_leguminosarum|UIK20411.1	96.821	1101	35	0	5	1105	2	1102	0.0	1840
HEAL-9-1-Rh|nodX|consensus50|pass_single_dominant	nodX|Rhizobium_beringeri|WSH29639.1	96.821	1101	35	0	5	1105	2	1102	0.0	1840
HEAL-9-1-Rh|nodX|consensus50|pass_single_dominant	nodX|Rhizobium_beringeri|WSG78435.1	96.821	1101	35	0	5	1105	2	1102	0.0	1840
HEAL-9-1-Rh|nodX|consensus50|pass_single_dominant	nodX|Rhizobium_johnstonii|WSH10826.1	96.821	1101	35	0	5	1105	2	1102	0.0	1840
HEAL-9-1-Rh|nodX|consensus50|pass_single_dominant	nodX|Rhizobium_beringeri|WSH18630.1	96.821	1101	35	0	5	1105	2	1102	0.0	1840
HEAL-9-1-Rh|nodX|consensus50|pass_single_dominant	nodX|Rhizobium_johnstonii|WSH48507.1	96.821	1101	35	0	5	1105	2	1102	0.0	1840
JERC-121-Rh|nodX|consensus50|pass_single_dominant	nodX|Rhizobium_aethiopicum|CAO3997942.1	98.460	1104	17	0	4	1107	1	1104	0.0	1945
JERC-121-Rh|nodX|consensus50|pass_single_dominant	nodX|Rhizobium_beringeri|WSH53767.1	96.920	1104	34	0	4	1107	1	1104	0.0	1851
JERC-121-Rh|nodX|consensus50|pass_single_dominant	nodX|Rhizobium_leguminosarum|WSH75135.1	96.920	1104	34	0	4	1107	1	1104	0.0	1851
JERC-121-Rh|nodX|consensus50|pass_single_dominant	nodX|Rhizobium_leguminosarum|XYR17985.1	96.920	1104	34	0	4	1107	1	1104	0.0	1851
JERC-121-Rh|nodX|consensus50|pass_single_dominant	nodX|Rhizobium_leguminosarum|UIK20411.1	96.830	1104	35	0	4	1107	1	1104	0.0	1845
JERC-121-Rh|nodX|consensus50|pass_single_dominant	nodX|Rhizobium_beringeri|WSH29639.1	96.830	1104	35	0	4	1107	1	1104	0.0	1845
JERC-121-Rh|nodX|consensus50|pass_single_dominant	nodX|Rhizobium_beringeri|WSG78435.1	96.830	1104	35	0	4	1107	1	1104	0.0	1845
JERC-121-Rh|nodX|consensus50|pass_single_dominant	nodX|Rhizobium_johnstonii|WSH10826.1	96.830	1104	35	0	4	1107	1	1104	0.0	1845
JERC-121-Rh|nodX|consensus50|pass_single_dominant	nodX|Rhizobium_beringeri|WSH18630.1	96.830	1104	35	0	4	1107	1	1104	0.0	1845
JERC-121-Rh|nodX|consensus50|pass_single_dominant	nodX|Rhizobium_johnstonii|WSH48507.1	96.830	1104	35	0	4	1107	1	1104	0.0	1845
JERC-134-3-Ro|nodX|consensus50|pass_single_dominant	nodX|Rhizobium_leguminosarum|WSH75135.1	98.912	1103	12	0	4	1106	1	1103	0.0	1991
JERC-134-3-Ro|nodX|consensus50|pass_single_dominant	nodX|Rhizobium_beringeri|WSH53767.1	98.459	1103	17	0	4	1106	1	1103	0.0	1962
JERC-134-3-Ro|nodX|consensus50|pass_single_dominant	nodX|Rhizobium_leguminosarum|XYR17985.1	98.459	1103	17	0	4	1106	1	1103	0.0	1962
JERC-134-3-Ro|nodX|consensus50|pass_single_dominant	nodX|Rhizobium_leguminosarum|UIK20411.1	98.368	1103	18	0	4	1106	1	1103	0.0	1956
JERC-134-3-Ro|nodX|consensus50|pass_single_dominant	nodX|Rhizobium_beringeri|WSH29639.1	98.368	1103	18	0	4	1106	1	1103	0.0	1956
JERC-134-3-Ro|nodX|consensus50|pass_single_dominant	nodX|Rhizobium_beringeri|WSG78435.1	98.368	1103	18	0	4	1106	1	1103	0.0	1956
JERC-134-3-Ro|nodX|consensus50|pass_single_dominant	nodX|Rhizobium_johnstonii|WSH10826.1	98.368	1103	18	0	4	1106	1	1103	0.0	1956
JERC-134-3-Ro|nodX|consensus50|pass_single_dominant	nodX|Rhizobium_beringeri|WSH18630.1	98.368	1103	18	0	4	1106	1	1103	0.0	1956
JERC-134-3-Ro|nodX|consensus50|pass_single_dominant	nodX|Rhizobium_johnstonii|WSH48507.1	98.368	1103	18	0	4	1106	1	1103	0.0	1956
JERC-134-3-Ro|nodX|consensus50|pass_single_dominant	nodX|Rhizobium_anhuiense_bv._trifolii|UTS88797.1	98.277	1103	19	0	4	1106	1	1103	0.0	1951
JERC-135-3-Rh|nodX|consensus50|pass_single_dominant	nodX|Rhizobium_anhuiense_bv._trifolii|UTS88797.1	99.273	1101	8	0	5	1105	2	1102	0.0	1999
JERC-135-3-Rh|nodX|consensus50|pass_single_dominant	nodX|Rhizobium_beringeri|WSH53767.1	98.910	1101	12	0	5	1105	2	1102	0.0	1977
JERC-135-3-Rh|nodX|consensus50|pass_single_dominant	nodX|Rhizobium_leguminosarum|WSH75135.1	98.910	1101	12	0	5	1105	2	1102	0.0	1977
JERC-135-3-Rh|nodX|consensus50|pass_single_dominant	nodX|Rhizobium_leguminosarum|XYR17985.1	98.910	1101	12	0	5	1105	2	1102	0.0	1977
JERC-135-3-Rh|nodX|consensus50|pass_single_dominant	nodX|Rhizobium_leguminosarum|UIK20411.1	98.819	1101	13	0	5	1105	2	1102	0.0	1971
JERC-135-3-Rh|nodX|consensus50|pass_single_dominant	nodX|Rhizobium_beringeri|WSH29639.1	98.819	1101	13	0	5	1105	2	1102	0.0	1971
JERC-135-3-Rh|nodX|consensus50|pass_single_dominant	nodX|Rhizobium_beringeri|WSG78435.1	98.819	1101	13	0	5	1105	2	1102	0.0	1971
JERC-135-3-Rh|nodX|consensus50|pass_single_dominant	nodX|Rhizobium_johnstonii|WSH10826.1	98.819	1101	13	0	5	1105	2	1102	0.0	1971
JERC-135-3-Rh|nodX|consensus50|pass_single_dominant	nodX|Rhizobium_beringeri|WSH18630.1	98.819	1101	13	0	5	1105	2	1102	0.0	1971
JERC-135-3-Rh|nodX|consensus50|pass_single_dominant	nodX|Rhizobium_johnstonii|WSH48507.1	98.819	1101	13	0	5	1105	2	1102	0.0	1971
JERC-151-Rh|nodX|consensus50|pass_single_dominant	nodX|Rhizobium_leguminosarum|WSH75135.1	99.909	1093	1	0	5	1097	2	1094	0.0	2015
JERC-151-Rh|nodX|consensus50|pass_single_dominant	nodX|Rhizobium_beringeri|WSH53767.1	99.268	1093	8	0	5	1097	2	1094	0.0	1977
JERC-151-Rh|nodX|consensus50|pass_single_dominant	nodX|Rhizobium_leguminosarum|XYR17985.1	99.268	1093	8	0	5	1097	2	1094	0.0	1977
JERC-151-Rh|nodX|consensus50|pass_single_dominant	nodX|Rhizobium_leguminosarum|UIK20411.1	99.177	1093	9	0	5	1097	2	1094	0.0	1971
JERC-151-Rh|nodX|consensus50|pass_single_dominant	nodX|Rhizobium_beringeri|WSH29639.1	99.177	1093	9	0	5	1097	2	1094	0.0	1971
JERC-151-Rh|nodX|consensus50|pass_single_dominant	nodX|Rhizobium_beringeri|WSG78435.1	99.177	1093	9	0	5	1097	2	1094	0.0	1971
JERC-151-Rh|nodX|consensus50|pass_single_dominant	nodX|Rhizobium_johnstonii|WSH10826.1	99.177	1093	9	0	5	1097	2	1094	0.0	1971
JERC-151-Rh|nodX|consensus50|pass_single_dominant	nodX|Rhizobium_beringeri|WSH18630.1	99.177	1093	9	0	5	1097	2	1094	0.0	1971
JERC-151-Rh|nodX|consensus50|pass_single_dominant	nodX|Rhizobium_johnstonii|WSH48507.1	99.177	1093	9	0	5	1097	2	1094	0.0	1971
JERC-151-Rh|nodX|consensus50|pass_single_dominant	nodX|Rhizobium_anhuiense_bv._trifolii|UTS88797.1	99.085	1093	10	0	5	1097	2	1094	0.0	1965
JERC-198-Ro|nodX|consensus50|pass_single_dominant	nodX|Rhizobium_leguminosarum|WSH75135.1	99.818	1099	2	0	8	1106	5	1103	0.0	2023
JERC-198-Ro|nodX|consensus50|pass_single_dominant	nodX|Rhizobium_beringeri|WSH53767.1	99.090	1099	10	0	8	1106	5	1103	0.0	1978
JERC-198-Ro|nodX|consensus50|pass_single_dominant	nodX|Rhizobium_leguminosarum|XYR17985.1	99.090	1099	10	0	8	1106	5	1103	0.0	1978
JERC-198-Ro|nodX|consensus50|pass_single_dominant	nodX|Rhizobium_leguminosarum|UIK20411.1	98.999	1099	11	0	8	1106	5	1103	0.0	1973
JERC-198-Ro|nodX|consensus50|pass_single_dominant	nodX|Rhizobium_beringeri|WSH29639.1	98.999	1099	11	0	8	1106	5	1103	0.0	1973
JERC-198-Ro|nodX|consensus50|pass_single_dominant	nodX|Rhizobium_beringeri|WSG78435.1	98.999	1099	11	0	8	1106	5	1103	0.0	1973
JERC-198-Ro|nodX|consensus50|pass_single_dominant	nodX|Rhizobium_johnstonii|WSH10826.1	98.999	1099	11	0	8	1106	5	1103	0.0	1973
JERC-198-Ro|nodX|consensus50|pass_single_dominant	nodX|Rhizobium_beringeri|WSH18630.1	98.999	1099	11	0	8	1106	5	1103	0.0	1973
JERC-198-Ro|nodX|consensus50|pass_single_dominant	nodX|Rhizobium_johnstonii|WSH48507.1	98.999	1099	11	0	8	1106	5	1103	0.0	1973
JERC-198-Ro|nodX|consensus50|pass_single_dominant	nodX|Rhizobium_anhuiense_bv._trifolii|UTS88797.1	98.908	1099	12	0	8	1106	5	1103	0.0	1967
JERC-25-1-Rh|nodX|consensus50|pass_single_dominant	nodX|Rhizobium_beringeri|WSG78435.1	99.904	1043	1	0	20	1062	17	1059	0.0	1923
JERC-25-1-Rh|nodX|consensus50|pass_single_dominant	nodX|Rhizobium_beringeri|WSH18630.1	99.904	1043	1	0	20	1062	17	1059	0.0	1923
JERC-25-1-Rh|nodX|consensus50|pass_single_dominant	nodX|Rhizobium_beringeri|WSH53767.1	99.904	1043	1	0	20	1062	17	1059	0.0	1923
JERC-25-1-Rh|nodX|consensus50|pass_single_dominant	nodX|Rhizobium_leguminosarum|XYR17985.1	99.904	1043	1	0	20	1062	17	1059	0.0	1923
JERC-25-1-Rh|nodX|consensus50|pass_single_dominant	nodX|Rhizobium_leguminosarum|UIK20411.1	99.808	1042	2	0	21	1062	18	1059	0.0	1916
JERC-25-1-Rh|nodX|consensus50|pass_single_dominant	nodX|Rhizobium_beringeri|WSH29639.1	99.808	1042	2	0	21	1062	18	1059	0.0	1916
JERC-25-1-Rh|nodX|consensus50|pass_single_dominant	nodX|Rhizobium_johnstonii|WSH10826.1	99.808	1042	2	0	21	1062	18	1059	0.0	1916
JERC-25-1-Rh|nodX|consensus50|pass_single_dominant	nodX|Rhizobium_johnstonii|WSH48507.1	99.808	1042	2	0	21	1062	18	1059	0.0	1916
JERC-25-1-Rh|nodX|consensus50|pass_single_dominant	nodX|Rhizobium_anhuiense_bv._trifolii|UTS88797.1	99.521	1043	5	0	20	1062	17	1059	0.0	1901
JERC-25-1-Rh|nodX|consensus50|pass_single_dominant	nodX|Rhizobium_leguminosarum|WSH75135.1	99.425	1043	6	0	20	1062	17	1059	0.0	1895
JERC-99-2-No|nodX|consensus50|pass_single_dominant	nodX|Rhizobium_aethiopicum|CAO3997942.1	98.456	1101	17	0	5	1105	2	1102	0.0	1940
JERC-99-2-No|nodX|consensus50|pass_single_dominant	nodX|Rhizobium_beringeri|WSH53767.1	96.912	1101	34	0	5	1105	2	1102	0.0	1845
JERC-99-2-No|nodX|consensus50|pass_single_dominant	nodX|Rhizobium_leguminosarum|WSH75135.1	96.912	1101	34	0	5	1105	2	1102	0.0	1845
JERC-99-2-No|nodX|consensus50|pass_single_dominant	nodX|Rhizobium_leguminosarum|XYR17985.1	96.912	1101	34	0	5	1105	2	1102	0.0	1845
JERC-99-2-No|nodX|consensus50|pass_single_dominant	nodX|Rhizobium_leguminosarum|UIK20411.1	96.821	1101	35	0	5	1105	2	1102	0.0	1840
JERC-99-2-No|nodX|consensus50|pass_single_dominant	nodX|Rhizobium_beringeri|WSH29639.1	96.821	1101	35	0	5	1105	2	1102	0.0	1840
JERC-99-2-No|nodX|consensus50|pass_single_dominant	nodX|Rhizobium_beringeri|WSG78435.1	96.821	1101	35	0	5	1105	2	1102	0.0	1840
JERC-99-2-No|nodX|consensus50|pass_single_dominant	nodX|Rhizobium_johnstonii|WSH10826.1	96.821	1101	35	0	5	1105	2	1102	0.0	1840
JERC-99-2-No|nodX|consensus50|pass_single_dominant	nodX|Rhizobium_beringeri|WSH18630.1	96.821	1101	35	0	5	1105	2	1102	0.0	1840
JERC-99-2-No|nodX|consensus50|pass_single_dominant	nodX|Rhizobium_johnstonii|WSH48507.1	96.821	1101	35	0	5	1105	2	1102	0.0	1840
JERC-CERE-67-1-No|nodX|consensus50|pass_single_dominant	nodX|Rhizobium_leguminosarum|UIK20411.1	98.361	1098	18	0	8	1105	5	1102	0.0	1953
JERC-CERE-67-1-No|nodX|consensus50|pass_single_dominant	nodX|Rhizobium_beringeri|WSH29639.1	98.361	1098	18	0	8	1105	5	1102	0.0	1953
JERC-CERE-67-1-No|nodX|consensus50|pass_single_dominant	nodX|Rhizobium_beringeri|WSG78435.1	98.361	1098	18	0	8	1105	5	1102	0.0	1953
JERC-CERE-67-1-No|nodX|consensus50|pass_single_dominant	nodX|Rhizobium_johnstonii|WSH10826.1	98.361	1098	18	0	8	1105	5	1102	0.0	1953
JERC-CERE-67-1-No|nodX|consensus50|pass_single_dominant	nodX|Rhizobium_beringeri|WSH18630.1	98.361	1098	18	0	8	1105	5	1102	0.0	1953
JERC-CERE-67-1-No|nodX|consensus50|pass_single_dominant	nodX|Rhizobium_johnstonii|WSH48507.1	98.361	1098	18	0	8	1105	5	1102	0.0	1953
JERC-CERE-67-1-No|nodX|consensus50|pass_single_dominant	nodX|Rhizobium_beringeri|WSH53767.1	98.361	1098	18	0	8	1105	5	1102	0.0	1953
JERC-CERE-67-1-No|nodX|consensus50|pass_single_dominant	nodX|Rhizobium_leguminosarum|XYR17985.1	98.361	1098	18	0	8	1105	5	1102	0.0	1953
JERC-CERE-67-1-No|nodX|consensus50|pass_single_dominant	nodX|Rhizobium_anhuiense_bv._trifolii|UTS88797.1	98.087	1098	21	0	8	1105	5	1102	0.0	1936
JERC-CERE-67-1-No|nodX|consensus50|pass_single_dominant	nodX|Rhizobium_leguminosarum|WSH75135.1	97.996	1098	22	0	8	1105	5	1102	0.0	1930
JERC-CLMA-83-1-No|nodX|consensus50|pass_single_dominant	nodX|Rhizobium_leguminosarum|UIK20411.1	99.091	1100	10	0	6	1105	3	1102	0.0	1980
JERC-CLMA-83-1-No|nodX|consensus50|pass_single_dominant	nodX|Rhizobium_beringeri|WSH29639.1	99.091	1100	10	0	6	1105	3	1102	0.0	1980
JERC-CLMA-83-1-No|nodX|consensus50|pass_single_dominant	nodX|Rhizobium_johnstonii|WSH10826.1	99.091	1100	10	0	6	1105	3	1102	0.0	1980
JERC-CLMA-83-1-No|nodX|consensus50|pass_single_dominant	nodX|Rhizobium_johnstonii|WSH48507.1	99.091	1100	10	0	6	1105	3	1102	0.0	1980
JERC-CLMA-83-1-No|nodX|consensus50|pass_single_dominant	nodX|Rhizobium_beringeri|WSH53767.1	99.000	1100	11	0	6	1105	3	1102	0.0	1975
JERC-CLMA-83-1-No|nodX|consensus50|pass_single_dominant	nodX|Rhizobium_leguminosarum|XYR17985.1	99.000	1100	11	0	6	1105	3	1102	0.0	1975
JERC-CLMA-83-1-No|nodX|consensus50|pass_single_dominant	nodX|Rhizobium_beringeri|WSG78435.1	98.909	1100	12	0	6	1105	3	1102	0.0	1969
JERC-CLMA-83-1-No|nodX|consensus50|pass_single_dominant	nodX|Rhizobium_beringeri|WSH18630.1	98.909	1100	12	0	6	1105	3	1102	0.0	1969
JERC-CLMA-83-1-No|nodX|consensus50|pass_single_dominant	nodX|Rhizobium_anhuiense_bv._trifolii|UTS88797.1	98.818	1100	13	0	6	1105	3	1102	0.0	1964
JERC-CLMA-83-1-No|nodX|consensus50|pass_single_dominant	nodX|Rhizobium_leguminosarum|WSH75135.1	98.636	1100	15	0	6	1105	3	1102	0.0	1953
JERC-CLMA-83-1-Rh|nodX|consensus50|pass_single_dominant	nodX|Rhizobium_leguminosarum|UIK20411.1	99.449	1088	6	0	18	1105	15	1102	0.0	1984
JERC-CLMA-83-1-Rh|nodX|consensus50|pass_single_dominant	nodX|Rhizobium_beringeri|WSH29639.1	99.449	1088	6	0	18	1105	15	1102	0.0	1984
JERC-CLMA-83-1-Rh|nodX|consensus50|pass_single_dominant	nodX|Rhizobium_johnstonii|WSH10826.1	99.449	1088	6	0	18	1105	15	1102	0.0	1984
JERC-CLMA-83-1-Rh|nodX|consensus50|pass_single_dominant	nodX|Rhizobium_johnstonii|WSH48507.1	99.449	1088	6	0	18	1105	15	1102	0.0	1984
JERC-CLMA-83-1-Rh|nodX|consensus50|pass_single_dominant	nodX|Rhizobium_beringeri|WSH53767.1	99.357	1088	7	0	18	1105	15	1102	0.0	1978
JERC-CLMA-83-1-Rh|nodX|consensus50|pass_single_dominant	nodX|Rhizobium_leguminosarum|XYR17985.1	99.357	1088	7	0	18	1105	15	1102	0.0	1978
JERC-CLMA-83-1-Rh|nodX|consensus50|pass_single_dominant	nodX|Rhizobium_beringeri|WSG78435.1	99.265	1088	8	0	18	1105	15	1102	0.0	1973
JERC-CLMA-83-1-Rh|nodX|consensus50|pass_single_dominant	nodX|Rhizobium_beringeri|WSH18630.1	99.265	1088	8	0	18	1105	15	1102	0.0	1973
JERC-CLMA-83-1-Rh|nodX|consensus50|pass_single_dominant	nodX|Rhizobium_anhuiense_bv._trifolii|UTS88797.1	99.173	1088	9	0	18	1105	15	1102	0.0	1967
JERC-CLMA-83-1-Rh|nodX|consensus50|pass_single_dominant	nodX|Rhizobium_leguminosarum|WSH75135.1	98.989	1088	11	0	18	1105	15	1102	0.0	1956
JERC-CRJU-86-1-No|nodX|consensus50|pass_single_dominant	nodX|Rhizobium_leguminosarum|WSH75135.1	99.728	1102	3	0	5	1106	2	1103	0.0	2025
JERC-CRJU-86-1-No|nodX|consensus50|pass_single_dominant	nodX|Rhizobium_beringeri|WSH53767.1	99.002	1102	11	0	5	1106	2	1103	0.0	1980
JERC-CRJU-86-1-No|nodX|consensus50|pass_single_dominant	nodX|Rhizobium_leguminosarum|XYR17985.1	99.002	1102	11	0	5	1106	2	1103	0.0	1980
JERC-CRJU-86-1-No|nodX|consensus50|pass_single_dominant	nodX|Rhizobium_leguminosarum|UIK20411.1	98.911	1102	12	0	5	1106	2	1103	0.0	1975
JERC-CRJU-86-1-No|nodX|consensus50|pass_single_dominant	nodX|Rhizobium_beringeri|WSH29639.1	98.911	1102	12	0	5	1106	2	1103	0.0	1975
JERC-CRJU-86-1-No|nodX|consensus50|pass_single_dominant	nodX|Rhizobium_beringeri|WSG78435.1	98.911	1102	12	0	5	1106	2	1103	0.0	1975
JERC-CRJU-86-1-No|nodX|consensus50|pass_single_dominant	nodX|Rhizobium_johnstonii|WSH10826.1	98.911	1102	12	0	5	1106	2	1103	0.0	1975
JERC-CRJU-86-1-No|nodX|consensus50|pass_single_dominant	nodX|Rhizobium_beringeri|WSH18630.1	98.911	1102	12	0	5	1106	2	1103	0.0	1975
JERC-CRJU-86-1-No|nodX|consensus50|pass_single_dominant	nodX|Rhizobium_johnstonii|WSH48507.1	98.911	1102	12	0	5	1106	2	1103	0.0	1975
JERC-CRJU-86-1-No|nodX|consensus50|pass_single_dominant	nodX|Rhizobium_anhuiense_bv._trifolii|UTS88797.1	98.820	1102	13	0	5	1106	2	1103	0.0	1969
JERC-DEFL-61-3-No|nodX|consensus50|pass_single_dominant	nodX|Rhizobium_aethiopicum|CAO3997942.1	98.457	1102	17	0	5	1106	2	1103	0.0	1941
JERC-DEFL-61-3-No|nodX|consensus50|pass_single_dominant	nodX|Rhizobium_beringeri|WSH53767.1	96.915	1102	34	0	5	1106	2	1103	0.0	1847
JERC-DEFL-61-3-No|nodX|consensus50|pass_single_dominant	nodX|Rhizobium_leguminosarum|WSH75135.1	96.915	1102	34	0	5	1106	2	1103	0.0	1847
JERC-DEFL-61-3-No|nodX|consensus50|pass_single_dominant	nodX|Rhizobium_leguminosarum|XYR17985.1	96.915	1102	34	0	5	1106	2	1103	0.0	1847
JERC-DEFL-61-3-No|nodX|consensus50|pass_single_dominant	nodX|Rhizobium_leguminosarum|UIK20411.1	96.824	1102	35	0	5	1106	2	1103	0.0	1842
JERC-DEFL-61-3-No|nodX|consensus50|pass_single_dominant	nodX|Rhizobium_beringeri|WSH29639.1	96.824	1102	35	0	5	1106	2	1103	0.0	1842
JERC-DEFL-61-3-No|nodX|consensus50|pass_single_dominant	nodX|Rhizobium_beringeri|WSG78435.1	96.824	1102	35	0	5	1106	2	1103	0.0	1842
JERC-DEFL-61-3-No|nodX|consensus50|pass_single_dominant	nodX|Rhizobium_johnstonii|WSH10826.1	96.824	1102	35	0	5	1106	2	1103	0.0	1842
JERC-DEFL-61-3-No|nodX|consensus50|pass_single_dominant	nodX|Rhizobium_beringeri|WSH18630.1	96.824	1102	35	0	5	1106	2	1103	0.0	1842
JERC-DEFL-61-3-No|nodX|consensus50|pass_single_dominant	nodX|Rhizobium_johnstonii|WSH48507.1	96.824	1102	35	0	5	1106	2	1103	0.0	1842
JERC-LEST-78-5-Rh|nodX|consensus50|pass_single_dominant	nodX|Rhizobium_leguminosarum|UIK20411.1	99.532	1069	5	0	37	1105	34	1102	0.0	1954
JERC-LEST-78-5-Rh|nodX|consensus50|pass_single_dominant	nodX|Rhizobium_beringeri|WSH29639.1	99.532	1069	5	0	37	1105	34	1102	0.0	1954
JERC-LEST-78-5-Rh|nodX|consensus50|pass_single_dominant	nodX|Rhizobium_johnstonii|WSH10826.1	99.532	1069	5	0	37	1105	34	1102	0.0	1954
JERC-LEST-78-5-Rh|nodX|consensus50|pass_single_dominant	nodX|Rhizobium_johnstonii|WSH48507.1	99.532	1069	5	0	37	1105	34	1102	0.0	1954
JERC-LEST-78-5-Rh|nodX|consensus50|pass_single_dominant	nodX|Rhizobium_beringeri|WSG78435.1	99.439	1069	6	0	37	1105	34	1102	0.0	1949
JERC-LEST-78-5-Rh|nodX|consensus50|pass_single_dominant	nodX|Rhizobium_beringeri|WSH18630.1	99.439	1069	6	0	37	1105	34	1102	0.0	1949
JERC-LEST-78-5-Rh|nodX|consensus50|pass_single_dominant	nodX|Rhizobium_beringeri|WSH53767.1	99.345	1069	7	0	37	1105	34	1102	0.0	1943
JERC-LEST-78-5-Rh|nodX|consensus50|pass_single_dominant	nodX|Rhizobium_leguminosarum|XYR17985.1	99.345	1069	7	0	37	1105	34	1102	0.0	1943
JERC-LEST-78-5-Rh|nodX|consensus50|pass_single_dominant	nodX|Rhizobium_anhuiense_bv._trifolii|UTS88797.1	98.971	1069	11	0	37	1105	34	1102	0.0	1921
JERC-LEST-78-5-Rh|nodX|consensus50|pass_single_dominant	nodX|Rhizobium_leguminosarum|WSH75135.1	98.784	1069	13	0	37	1105	34	1102	0.0	1910
JERC-LEVI-79-2-Ro|nodX|consensus50|pass_single_dominant	nodX|Rhizobium_leguminosarum|UIK20411.1	98.430	1019	16	0	87	1105	84	1102	0.0	1810
JERC-LEVI-79-2-Ro|nodX|consensus50|pass_single_dominant	nodX|Rhizobium_beringeri|WSH29639.1	98.430	1019	16	0	87	1105	84	1102	0.0	1810
JERC-LEVI-79-2-Ro|nodX|consensus50|pass_single_dominant	nodX|Rhizobium_johnstonii|WSH10826.1	98.430	1019	16	0	87	1105	84	1102	0.0	1810
JERC-LEVI-79-2-Ro|nodX|consensus50|pass_single_dominant	nodX|Rhizobium_johnstonii|WSH48507.1	98.430	1019	16	0	87	1105	84	1102	0.0	1810
JERC-LEVI-79-2-Ro|nodX|consensus50|pass_single_dominant	nodX|Rhizobium_beringeri|WSG78435.1	98.332	1019	17	0	87	1105	84	1102	0.0	1805
JERC-LEVI-79-2-Ro|nodX|consensus50|pass_single_dominant	nodX|Rhizobium_beringeri|WSH18630.1	98.332	1019	17	0	87	1105	84	1102	0.0	1805
JERC-LEVI-79-2-Ro|nodX|consensus50|pass_single_dominant	nodX|Rhizobium_beringeri|WSH53767.1	98.234	1019	18	0	87	1105	84	1102	0.0	1799
JERC-LEVI-79-2-Ro|nodX|consensus50|pass_single_dominant	nodX|Rhizobium_leguminosarum|XYR17985.1	98.234	1019	18	0	87	1105	84	1102	0.0	1799
JERC-LEVI-79-2-Ro|nodX|consensus50|pass_single_dominant	nodX|Rhizobium_anhuiense_bv._trifolii|UTS88797.1	97.939	1019	21	0	87	1105	84	1102	0.0	1783
JERC-LEVI-79-2-Ro|nodX|consensus50|pass_single_dominant	nodX|Rhizobium_leguminosarum|WSH75135.1	97.743	1019	23	0	87	1105	84	1102	0.0	1772
JERC-RHRE-55-1-No|nodX|consensus50|pass_single_dominant	nodX|Rhizobium_aethiopicum|CAO3997942.1	98.398	1061	17	0	45	1105	42	1102	0.0	1866
JERC-RHRE-55-1-No|nodX|consensus50|pass_single_dominant	nodX|Rhizobium_leguminosarum|UIK20411.1	96.795	1061	34	0	45	1105	42	1102	0.0	1772
JERC-RHRE-55-1-No|nodX|consensus50|pass_single_dominant	nodX|Rhizobium_beringeri|WSH29639.1	96.795	1061	34	0	45	1105	42	1102	0.0	1772
JERC-RHRE-55-1-No|nodX|consensus50|pass_single_dominant	nodX|Rhizobium_johnstonii|WSH10826.1	96.795	1061	34	0	45	1105	42	1102	0.0	1772
JERC-RHRE-55-1-No|nodX|consensus50|pass_single_dominant	nodX|Rhizobium_johnstonii|WSH48507.1	96.795	1061	34	0	45	1105	42	1102	0.0	1772
JERC-RHRE-55-1-No|nodX|consensus50|pass_single_dominant	nodX|Rhizobium_beringeri|WSH53767.1	96.795	1061	34	0	45	1105	42	1102	0.0	1772
JERC-RHRE-55-1-No|nodX|consensus50|pass_single_dominant	nodX|Rhizobium_leguminosarum|WSH75135.1	96.795	1061	34	0	45	1105	42	1102	0.0	1772
JERC-RHRE-55-1-No|nodX|consensus50|pass_single_dominant	nodX|Rhizobium_leguminosarum|XYR17985.1	96.795	1061	34	0	45	1105	42	1102	0.0	1772
JERC-RHRE-55-1-No|nodX|consensus50|pass_single_dominant	nodX|Rhizobium_beringeri|WSG78435.1	96.701	1061	35	0	45	1105	42	1102	0.0	1766
JERC-RHRE-55-1-No|nodX|consensus50|pass_single_dominant	nodX|Rhizobium_beringeri|WSH18630.1	96.701	1061	35	0	45	1105	42	1102	0.0	1766
KONZ-12-1-Ro|nodX|consensus50|pass_single_dominant	nodX|Rhizobium_leguminosarum|UIK20411.1	98.374	984	16	0	122	1105	119	1102	0.0	1751
KONZ-12-1-Ro|nodX|consensus50|pass_single_dominant	nodX|Rhizobium_beringeri|WSH29639.1	98.374	984	16	0	122	1105	119	1102	0.0	1751
KONZ-12-1-Ro|nodX|consensus50|pass_single_dominant	nodX|Rhizobium_johnstonii|WSH10826.1	98.374	984	16	0	122	1105	119	1102	0.0	1751
KONZ-12-1-Ro|nodX|consensus50|pass_single_dominant	nodX|Rhizobium_johnstonii|WSH48507.1	98.374	984	16	0	122	1105	119	1102	0.0	1751
KONZ-12-1-Ro|nodX|consensus50|pass_single_dominant	nodX|Rhizobium_beringeri|WSG78435.1	98.272	984	17	0	122	1105	119	1102	0.0	1746
KONZ-12-1-Ro|nodX|consensus50|pass_single_dominant	nodX|Rhizobium_beringeri|WSH18630.1	98.272	984	17	0	122	1105	119	1102	0.0	1746
KONZ-12-1-Ro|nodX|consensus50|pass_single_dominant	nodX|Rhizobium_beringeri|WSH53767.1	98.272	984	17	0	122	1105	119	1102	0.0	1746
KONZ-12-1-Ro|nodX|consensus50|pass_single_dominant	nodX|Rhizobium_leguminosarum|XYR17985.1	98.272	984	17	0	122	1105	119	1102	0.0	1746
KONZ-12-1-Ro|nodX|consensus50|pass_single_dominant	nodX|Rhizobium_anhuiense_bv._trifolii|UTS88797.1	98.069	984	19	0	122	1105	119	1102	0.0	1735
KONZ-12-1-Ro|nodX|consensus50|pass_single_dominant	nodX|Rhizobium_leguminosarum|WSH75135.1	97.866	984	21	0	122	1105	119	1102	0.0	1724
KONZ-9-2-No|nodX|consensus50|pass_single_dominant	nodX|Rhizobium_aethiopicum|CAO3997942.1	98.457	1102	17	0	5	1106	2	1103	0.0	1941
KONZ-9-2-No|nodX|consensus50|pass_single_dominant	nodX|Rhizobium_beringeri|WSH53767.1	96.915	1102	34	0	5	1106	2	1103	0.0	1847
KONZ-9-2-No|nodX|consensus50|pass_single_dominant	nodX|Rhizobium_leguminosarum|WSH75135.1	96.915	1102	34	0	5	1106	2	1103	0.0	1847
KONZ-9-2-No|nodX|consensus50|pass_single_dominant	nodX|Rhizobium_leguminosarum|XYR17985.1	96.915	1102	34	0	5	1106	2	1103	0.0	1847
KONZ-9-2-No|nodX|consensus50|pass_single_dominant	nodX|Rhizobium_leguminosarum|UIK20411.1	96.824	1102	35	0	5	1106	2	1103	0.0	1842
KONZ-9-2-No|nodX|consensus50|pass_single_dominant	nodX|Rhizobium_beringeri|WSH29639.1	96.824	1102	35	0	5	1106	2	1103	0.0	1842
KONZ-9-2-No|nodX|consensus50|pass_single_dominant	nodX|Rhizobium_beringeri|WSG78435.1	96.824	1102	35	0	5	1106	2	1103	0.0	1842
KONZ-9-2-No|nodX|consensus50|pass_single_dominant	nodX|Rhizobium_johnstonii|WSH10826.1	96.824	1102	35	0	5	1106	2	1103	0.0	1842
KONZ-9-2-No|nodX|consensus50|pass_single_dominant	nodX|Rhizobium_beringeri|WSH18630.1	96.824	1102	35	0	5	1106	2	1103	0.0	1842
KONZ-9-2-No|nodX|consensus50|pass_single_dominant	nodX|Rhizobium_johnstonii|WSH48507.1	96.824	1102	35	0	5	1106	2	1103	0.0	1842
N13-2-D-No|nodX|consensus50|pass_mixed_possible_multitemplate	nodX|Rhizobium_leguminosarum|UIK20411.1	97.101	1104	32	0	4	1107	1	1104	0.0	1921
N13-2-D-No|nodX|consensus50|pass_mixed_possible_multitemplate	nodX|Rhizobium_beringeri|WSH29639.1	97.101	1104	32	0	4	1107	1	1104	0.0	1921
N13-2-D-No|nodX|consensus50|pass_mixed_possible_multitemplate	nodX|Rhizobium_johnstonii|WSH10826.1	97.101	1104	32	0	4	1107	1	1104	0.0	1921
N13-2-D-No|nodX|consensus50|pass_mixed_possible_multitemplate	nodX|Rhizobium_johnstonii|WSH48507.1	97.101	1104	32	0	4	1107	1	1104	0.0	1921
N13-2-D-No|nodX|consensus50|pass_mixed_possible_multitemplate	nodX|Rhizobium_beringeri|WSG78435.1	97.011	1104	33	0	4	1107	1	1104	0.0	1916
N13-2-D-No|nodX|consensus50|pass_mixed_possible_multitemplate	nodX|Rhizobium_beringeri|WSH18630.1	97.011	1104	33	0	4	1107	1	1104	0.0	1916
N13-2-D-No|nodX|consensus50|pass_mixed_possible_multitemplate	nodX|Rhizobium_beringeri|WSH53767.1	97.011	1104	33	0	4	1107	1	1104	0.0	1916
N13-2-D-No|nodX|consensus50|pass_mixed_possible_multitemplate	nodX|Rhizobium_leguminosarum|XYR17985.1	97.011	1104	33	0	4	1107	1	1104	0.0	1916
N13-2-D-No|nodX|consensus50|pass_mixed_possible_multitemplate	nodX|Rhizobium_anhuiense_bv._trifolii|UTS88797.1	96.739	1104	36	0	4	1107	1	1104	0.0	1899
N13-2-D-No|nodX|consensus50|pass_mixed_possible_multitemplate	nodX|Rhizobium_leguminosarum|WSH75135.1	96.649	1104	37	0	4	1107	1	1104	0.0	1893
N13-2-D-Rh|nodX|consensus50|pass_single_dominant	nodX|Rhizobium_beringeri|WSH53767.1	98.455	1100	17	0	6	1105	3	1102	0.0	1943
N13-2-D-Rh|nodX|consensus50|pass_single_dominant	nodX|Rhizobium_leguminosarum|XYR17985.1	98.455	1100	17	0	6	1105	3	1102	0.0	1943
N13-2-D-Rh|nodX|consensus50|pass_single_dominant	nodX|Rhizobium_leguminosarum|UIK20411.1	98.364	1100	18	0	6	1105	3	1102	0.0	1938
N13-2-D-Rh|nodX|consensus50|pass_single_dominant	nodX|Rhizobium_beringeri|WSH29639.1	98.364	1100	18	0	6	1105	3	1102	0.0	1938
N13-2-D-Rh|nodX|consensus50|pass_single_dominant	nodX|Rhizobium_beringeri|WSG78435.1	98.364	1100	18	0	6	1105	3	1102	0.0	1938
N13-2-D-Rh|nodX|consensus50|pass_single_dominant	nodX|Rhizobium_johnstonii|WSH10826.1	98.364	1100	18	0	6	1105	3	1102	0.0	1938
N13-2-D-Rh|nodX|consensus50|pass_single_dominant	nodX|Rhizobium_beringeri|WSH18630.1	98.364	1100	18	0	6	1105	3	1102	0.0	1938
N13-2-D-Rh|nodX|consensus50|pass_single_dominant	nodX|Rhizobium_johnstonii|WSH48507.1	98.364	1100	18	0	6	1105	3	1102	0.0	1938
N13-2-D-Rh|nodX|consensus50|pass_single_dominant	nodX|Rhizobium_anhuiense_bv._trifolii|UTS88797.1	98.273	1100	19	0	6	1105	3	1102	0.0	1932
N13-2-D-Rh|nodX|consensus50|pass_single_dominant	nodX|Rhizobium_leguminosarum|WSH75135.1	98.091	1100	21	0	6	1105	3	1102	0.0	1921
N13-2-D-Ro|nodX|consensus50|pass_single_dominant	nodX|Rhizobium_leguminosarum|UIK20411.1	99.819	1104	2	0	4	1107	1	1104	0.0	2032
N13-2-D-Ro|nodX|consensus50|pass_single_dominant	nodX|Rhizobium_beringeri|WSH29639.1	99.819	1104	2	0	4	1107	1	1104	0.0	2032
N13-2-D-Ro|nodX|consensus50|pass_single_dominant	nodX|Rhizobium_johnstonii|WSH10826.1	99.819	1104	2	0	4	1107	1	1104	0.0	2032
N13-2-D-Ro|nodX|consensus50|pass_single_dominant	nodX|Rhizobium_johnstonii|WSH48507.1	99.819	1104	2	0	4	1107	1	1104	0.0	2032
N13-2-D-Ro|nodX|consensus50|pass_single_dominant	nodX|Rhizobium_beringeri|WSG78435.1	99.638	1104	4	0	4	1107	1	1104	0.0	2021
N13-2-D-Ro|nodX|consensus50|pass_single_dominant	nodX|Rhizobium_beringeri|WSH18630.1	99.638	1104	4	0	4	1107	1	1104	0.0	2021
N13-2-D-Ro|nodX|consensus50|pass_single_dominant	nodX|Rhizobium_beringeri|WSH53767.1	99.547	1104	5	0	4	1107	1	1104	0.0	2015
N13-2-D-Ro|nodX|consensus50|pass_single_dominant	nodX|Rhizobium_leguminosarum|XYR17985.1	99.547	1104	5	0	4	1107	1	1104	0.0	2015
N13-2-D-Ro|nodX|consensus50|pass_single_dominant	nodX|Rhizobium_anhuiense_bv._trifolii|UTS88797.1	99.185	1104	9	0	4	1107	1	1104	0.0	1993
N13-2-D-Ro|nodX|consensus50|pass_single_dominant	nodX|Rhizobium_leguminosarum|WSH75135.1	99.004	1104	11	0	4	1107	1	1104	0.0	1982
N36-4-D-Ro|nodX|consensus50|pass_single_dominant	nodX|Rhizobium_leguminosarum|UIK20411.1	97.886	1088	23	0	18	1105	15	1102	0.0	1906
N36-4-D-Ro|nodX|consensus50|pass_single_dominant	nodX|Rhizobium_beringeri|WSH29639.1	97.886	1088	23	0	18	1105	15	1102	0.0	1906
N36-4-D-Ro|nodX|consensus50|pass_single_dominant	nodX|Rhizobium_johnstonii|WSH10826.1	97.886	1088	23	0	18	1105	15	1102	0.0	1906
N36-4-D-Ro|nodX|consensus50|pass_single_dominant	nodX|Rhizobium_johnstonii|WSH48507.1	97.886	1088	23	0	18	1105	15	1102	0.0	1906
N36-4-D-Ro|nodX|consensus50|pass_single_dominant	nodX|Rhizobium_beringeri|WSH53767.1	97.794	1088	24	0	18	1105	15	1102	0.0	1901
N36-4-D-Ro|nodX|consensus50|pass_single_dominant	nodX|Rhizobium_leguminosarum|XYR17985.1	97.794	1088	24	0	18	1105	15	1102	0.0	1901
N36-4-D-Ro|nodX|consensus50|pass_single_dominant	nodX|Rhizobium_beringeri|WSG78435.1	97.702	1088	25	0	18	1105	15	1102	0.0	1895
N36-4-D-Ro|nodX|consensus50|pass_single_dominant	nodX|Rhizobium_beringeri|WSH18630.1	97.702	1088	25	0	18	1105	15	1102	0.0	1895
N36-4-D-Ro|nodX|consensus50|pass_single_dominant	nodX|Rhizobium_anhuiense_bv._trifolii|UTS88797.1	97.610	1088	26	0	18	1105	15	1102	0.0	1890
N36-4-D-Ro|nodX|consensus50|pass_single_dominant	nodX|Rhizobium_leguminosarum|WSH75135.1	97.518	1088	27	0	18	1105	15	1102	0.0	1884
NIWO-1-No|nodX|consensus50|pass_single_dominant	nodX|Rhizobium_leguminosarum|WSH75135.1	99.819	1104	2	0	4	1107	1	1104	0.0	2032
NIWO-1-No|nodX|consensus50|pass_single_dominant	nodX|Rhizobium_beringeri|WSH53767.1	99.185	1104	9	0	4	1107	1	1104	0.0	1993
NIWO-1-No|nodX|consensus50|pass_single_dominant	nodX|Rhizobium_leguminosarum|XYR17985.1	99.185	1104	9	0	4	1107	1	1104	0.0	1993
NIWO-1-No|nodX|consensus50|pass_single_dominant	nodX|Rhizobium_leguminosarum|UIK20411.1	99.094	1104	10	0	4	1107	1	1104	0.0	1988
NIWO-1-No|nodX|consensus50|pass_single_dominant	nodX|Rhizobium_beringeri|WSH29639.1	99.094	1104	10	0	4	1107	1	1104	0.0	1988
NIWO-1-No|nodX|consensus50|pass_single_dominant	nodX|Rhizobium_beringeri|WSG78435.1	99.094	1104	10	0	4	1107	1	1104	0.0	1988
NIWO-1-No|nodX|consensus50|pass_single_dominant	nodX|Rhizobium_johnstonii|WSH10826.1	99.094	1104	10	0	4	1107	1	1104	0.0	1988
NIWO-1-No|nodX|consensus50|pass_single_dominant	nodX|Rhizobium_beringeri|WSH18630.1	99.094	1104	10	0	4	1107	1	1104	0.0	1988
NIWO-1-No|nodX|consensus50|pass_single_dominant	nodX|Rhizobium_johnstonii|WSH48507.1	99.094	1104	10	0	4	1107	1	1104	0.0	1988
NIWO-1-No|nodX|consensus50|pass_single_dominant	nodX|Rhizobium_anhuiense_bv._trifolii|UTS88797.1	99.004	1104	11	0	4	1107	1	1104	0.0	1982
NOGP-2-1-No|nodX|consensus50|pass_single_dominant	nodX|Rhizobium_anhuiense_bv._trifolii|UTS88797.1	99.637	1101	4	0	5	1105	2	1102	0.0	2013
NOGP-2-1-No|nodX|consensus50|pass_single_dominant	nodX|Rhizobium_beringeri|WSH53767.1	99.455	1101	6	0	5	1105	2	1102	0.0	2002
NOGP-2-1-No|nodX|consensus50|pass_single_dominant	nodX|Rhizobium_leguminosarum|XYR17985.1	99.455	1101	6	0	5	1105	2	1102	0.0	2002
NOGP-2-1-No|nodX|consensus50|pass_single_dominant	nodX|Rhizobium_leguminosarum|UIK20411.1	99.364	1101	7	0	5	1105	2	1102	0.0	1997
NOGP-2-1-No|nodX|consensus50|pass_single_dominant	nodX|Rhizobium_beringeri|WSH29639.1	99.364	1101	7	0	5	1105	2	1102	0.0	1997
NOGP-2-1-No|nodX|consensus50|pass_single_dominant	nodX|Rhizobium_beringeri|WSG78435.1	99.364	1101	7	0	5	1105	2	1102	0.0	1997
NOGP-2-1-No|nodX|consensus50|pass_single_dominant	nodX|Rhizobium_johnstonii|WSH10826.1	99.364	1101	7	0	5	1105	2	1102	0.0	1997
NOGP-2-1-No|nodX|consensus50|pass_single_dominant	nodX|Rhizobium_beringeri|WSH18630.1	99.364	1101	7	0	5	1105	2	1102	0.0	1997
NOGP-2-1-No|nodX|consensus50|pass_single_dominant	nodX|Rhizobium_johnstonii|WSH48507.1	99.364	1101	7	0	5	1105	2	1102	0.0	1997
NOGP-2-1-No|nodX|consensus50|pass_single_dominant	nodX|Rhizobium_leguminosarum|WSH75135.1	99.092	1101	10	0	5	1105	2	1102	0.0	1980
NOGP-3-2-Rh|nodX|consensus50|pass_single_dominant	nodX|Rhizobium_leguminosarum|WSH75135.1	99.534	1074	5	0	32	1105	29	1102	0.0	1956
NOGP-3-2-Rh|nodX|consensus50|pass_single_dominant	nodX|Rhizobium_leguminosarum|UIK20411.1	99.348	1074	7	0	32	1105	29	1102	0.0	1945
NOGP-3-2-Rh|nodX|consensus50|pass_single_dominant	nodX|Rhizobium_beringeri|WSH29639.1	99.348	1074	7	0	32	1105	29	1102	0.0	1945
NOGP-3-2-Rh|nodX|consensus50|pass_single_dominant	nodX|Rhizobium_johnstonii|WSH10826.1	99.348	1074	7	0	32	1105	29	1102	0.0	1945
NOGP-3-2-Rh|nodX|consensus50|pass_single_dominant	nodX|Rhizobium_johnstonii|WSH48507.1	99.348	1074	7	0	32	1105	29	1102	0.0	1945
NOGP-3-2-Rh|nodX|consensus50|pass_single_dominant	nodX|Rhizobium_beringeri|WSH53767.1	99.348	1074	7	0	32	1105	29	1102	0.0	1945
NOGP-3-2-Rh|nodX|consensus50|pass_single_dominant	nodX|Rhizobium_leguminosarum|XYR17985.1	99.348	1074	7	0	32	1105	29	1102	0.0	1945
NOGP-3-2-Rh|nodX|consensus50|pass_single_dominant	nodX|Rhizobium_beringeri|WSG78435.1	99.255	1074	8	0	32	1105	29	1102	0.0	1940
NOGP-3-2-Rh|nodX|consensus50|pass_single_dominant	nodX|Rhizobium_beringeri|WSH18630.1	99.255	1074	8	0	32	1105	29	1102	0.0	1940
NOGP-3-2-Rh|nodX|consensus50|pass_single_dominant	nodX|Rhizobium_anhuiense_bv._trifolii|UTS88797.1	99.162	1074	9	0	32	1105	29	1102	0.0	1934
NOGP-7-2-Ro|nodX|consensus50|pass_single_dominant	nodX|Rhizobium_leguminosarum|WSH75135.1	99.539	1084	5	0	22	1105	19	1102	0.0	1980
NOGP-7-2-Ro|nodX|consensus50|pass_single_dominant	nodX|Rhizobium_leguminosarum|UIK20411.1	98.985	1084	11	0	22	1105	19	1102	0.0	1947
NOGP-7-2-Ro|nodX|consensus50|pass_single_dominant	nodX|Rhizobium_beringeri|WSH29639.1	98.985	1084	11	0	22	1105	19	1102	0.0	1947
NOGP-7-2-Ro|nodX|consensus50|pass_single_dominant	nodX|Rhizobium_johnstonii|WSH10826.1	98.985	1084	11	0	22	1105	19	1102	0.0	1947
NOGP-7-2-Ro|nodX|consensus50|pass_single_dominant	nodX|Rhizobium_johnstonii|WSH48507.1	98.985	1084	11	0	22	1105	19	1102	0.0	1947
NOGP-7-2-Ro|nodX|consensus50|pass_single_dominant	nodX|Rhizobium_beringeri|WSH53767.1	98.985	1084	11	0	22	1105	19	1102	0.0	1947
NOGP-7-2-Ro|nodX|consensus50|pass_single_dominant	nodX|Rhizobium_leguminosarum|XYR17985.1	98.985	1084	11	0	22	1105	19	1102	0.0	1947
NOGP-7-2-Ro|nodX|consensus50|pass_single_dominant	nodX|Rhizobium_beringeri|WSG78435.1	98.893	1084	12	0	22	1105	19	1102	0.0	1941
NOGP-7-2-Ro|nodX|consensus50|pass_single_dominant	nodX|Rhizobium_beringeri|WSH18630.1	98.893	1084	12	0	22	1105	19	1102	0.0	1941
NOGP-7-2-Ro|nodX|consensus50|pass_single_dominant	nodX|Rhizobium_anhuiense_bv._trifolii|UTS88797.1	98.801	1084	13	0	22	1105	19	1102	0.0	1936
OAES-35-1-No|nodX|consensus50|pass_single_dominant	nodX|Rhizobium_aethiopicum|CAO3997942.1	98.456	1101	17	0	5	1105	2	1102	0.0	1940
OAES-35-1-No|nodX|consensus50|pass_single_dominant	nodX|Rhizobium_beringeri|WSH53767.1	96.912	1101	34	0	5	1105	2	1102	0.0	1845
OAES-35-1-No|nodX|consensus50|pass_single_dominant	nodX|Rhizobium_leguminosarum|WSH75135.1	96.912	1101	34	0	5	1105	2	1102	0.0	1845
OAES-35-1-No|nodX|consensus50|pass_single_dominant	nodX|Rhizobium_leguminosarum|XYR17985.1	96.912	1101	34	0	5	1105	2	1102	0.0	1845
OAES-35-1-No|nodX|consensus50|pass_single_dominant	nodX|Rhizobium_leguminosarum|UIK20411.1	96.821	1101	35	0	5	1105	2	1102	0.0	1840
OAES-35-1-No|nodX|consensus50|pass_single_dominant	nodX|Rhizobium_beringeri|WSH29639.1	96.821	1101	35	0	5	1105	2	1102	0.0	1840
OAES-35-1-No|nodX|consensus50|pass_single_dominant	nodX|Rhizobium_beringeri|WSG78435.1	96.821	1101	35	0	5	1105	2	1102	0.0	1840
OAES-35-1-No|nodX|consensus50|pass_single_dominant	nodX|Rhizobium_johnstonii|WSH10826.1	96.821	1101	35	0	5	1105	2	1102	0.0	1840
OAES-35-1-No|nodX|consensus50|pass_single_dominant	nodX|Rhizobium_beringeri|WSH18630.1	96.821	1101	35	0	5	1105	2	1102	0.0	1840
OAES-35-1-No|nodX|consensus50|pass_single_dominant	nodX|Rhizobium_johnstonii|WSH48507.1	96.821	1101	35	0	5	1105	2	1102	0.0	1840
OAES-35-1-Rh|nodX|consensus50|pass_single_dominant	nodX|Rhizobium_aethiopicum|CAO3997942.1	98.457	1102	17	0	5	1106	2	1103	0.0	1941
OAES-35-1-Rh|nodX|consensus50|pass_single_dominant	nodX|Rhizobium_beringeri|WSH53767.1	96.915	1102	34	0	5	1106	2	1103	0.0	1847
OAES-35-1-Rh|nodX|consensus50|pass_single_dominant	nodX|Rhizobium_leguminosarum|WSH75135.1	96.915	1102	34	0	5	1106	2	1103	0.0	1847
OAES-35-1-Rh|nodX|consensus50|pass_single_dominant	nodX|Rhizobium_leguminosarum|XYR17985.1	96.915	1102	34	0	5	1106	2	1103	0.0	1847
OAES-35-1-Rh|nodX|consensus50|pass_single_dominant	nodX|Rhizobium_leguminosarum|UIK20411.1	96.824	1102	35	0	5	1106	2	1103	0.0	1842
OAES-35-1-Rh|nodX|consensus50|pass_single_dominant	nodX|Rhizobium_beringeri|WSH29639.1	96.824	1102	35	0	5	1106	2	1103	0.0	1842
OAES-35-1-Rh|nodX|consensus50|pass_single_dominant	nodX|Rhizobium_beringeri|WSG78435.1	96.824	1102	35	0	5	1106	2	1103	0.0	1842
OAES-35-1-Rh|nodX|consensus50|pass_single_dominant	nodX|Rhizobium_johnstonii|WSH10826.1	96.824	1102	35	0	5	1106	2	1103	0.0	1842
OAES-35-1-Rh|nodX|consensus50|pass_single_dominant	nodX|Rhizobium_beringeri|WSH18630.1	96.824	1102	35	0	5	1106	2	1103	0.0	1842
OAES-35-1-Rh|nodX|consensus50|pass_single_dominant	nodX|Rhizobium_johnstonii|WSH48507.1	96.824	1102	35	0	5	1106	2	1103	0.0	1842
OAES-35-1-Ro|nodX|consensus50|pass_single_dominant	nodX|Rhizobium_aethiopicum|CAO3997942.1	98.456	1101	17	0	5	1105	2	1102	0.0	1940
OAES-35-1-Ro|nodX|consensus50|pass_single_dominant	nodX|Rhizobium_beringeri|WSH53767.1	96.912	1101	34	0	5	1105	2	1102	0.0	1845
OAES-35-1-Ro|nodX|consensus50|pass_single_dominant	nodX|Rhizobium_leguminosarum|WSH75135.1	96.912	1101	34	0	5	1105	2	1102	0.0	1845
OAES-35-1-Ro|nodX|consensus50|pass_single_dominant	nodX|Rhizobium_leguminosarum|XYR17985.1	96.912	1101	34	0	5	1105	2	1102	0.0	1845
OAES-35-1-Ro|nodX|consensus50|pass_single_dominant	nodX|Rhizobium_leguminosarum|UIK20411.1	96.821	1101	35	0	5	1105	2	1102	0.0	1840
OAES-35-1-Ro|nodX|consensus50|pass_single_dominant	nodX|Rhizobium_beringeri|WSH29639.1	96.821	1101	35	0	5	1105	2	1102	0.0	1840
OAES-35-1-Ro|nodX|consensus50|pass_single_dominant	nodX|Rhizobium_beringeri|WSG78435.1	96.821	1101	35	0	5	1105	2	1102	0.0	1840
OAES-35-1-Ro|nodX|consensus50|pass_single_dominant	nodX|Rhizobium_johnstonii|WSH10826.1	96.821	1101	35	0	5	1105	2	1102	0.0	1840
OAES-35-1-Ro|nodX|consensus50|pass_single_dominant	nodX|Rhizobium_beringeri|WSH18630.1	96.821	1101	35	0	5	1105	2	1102	0.0	1840
OAES-35-1-Ro|nodX|consensus50|pass_single_dominant	nodX|Rhizobium_johnstonii|WSH48507.1	96.821	1101	35	0	5	1105	2	1102	0.0	1840
ORNL-10-1-No|nodX|consensus50|pass_single_dominant	nodX|Rhizobium_aethiopicum|CAO3997942.1	98.365	1101	18	0	5	1105	2	1102	0.0	1936
ORNL-10-1-No|nodX|consensus50|pass_single_dominant	nodX|Rhizobium_beringeri|WSH53767.1	96.821	1101	35	0	5	1105	2	1102	0.0	1842
ORNL-10-1-No|nodX|consensus50|pass_single_dominant	nodX|Rhizobium_leguminosarum|WSH75135.1	96.821	1101	35	0	5	1105	2	1102	0.0	1842
ORNL-10-1-No|nodX|consensus50|pass_single_dominant	nodX|Rhizobium_leguminosarum|XYR17985.1	96.821	1101	35	0	5	1105	2	1102	0.0	1842
ORNL-10-1-No|nodX|consensus50|pass_single_dominant	nodX|Rhizobium_leguminosarum|UIK20411.1	96.730	1101	36	0	5	1105	2	1102	0.0	1836
ORNL-10-1-No|nodX|consensus50|pass_single_dominant	nodX|Rhizobium_beringeri|WSH29639.1	96.730	1101	36	0	5	1105	2	1102	0.0	1836
ORNL-10-1-No|nodX|consensus50|pass_single_dominant	nodX|Rhizobium_beringeri|WSG78435.1	96.730	1101	36	0	5	1105	2	1102	0.0	1836
ORNL-10-1-No|nodX|consensus50|pass_single_dominant	nodX|Rhizobium_johnstonii|WSH10826.1	96.730	1101	36	0	5	1105	2	1102	0.0	1836
ORNL-10-1-No|nodX|consensus50|pass_single_dominant	nodX|Rhizobium_beringeri|WSH18630.1	96.730	1101	36	0	5	1105	2	1102	0.0	1836
ORNL-10-1-No|nodX|consensus50|pass_single_dominant	nodX|Rhizobium_johnstonii|WSH48507.1	96.730	1101	36	0	5	1105	2	1102	0.0	1836
ORNL-10-1-Rh|nodX|consensus50|pass_single_dominant	nodX|Rhizobium_aethiopicum|CAO3997942.1	98.456	1101	17	0	5	1105	2	1102	0.0	1940
ORNL-10-1-Rh|nodX|consensus50|pass_single_dominant	nodX|Rhizobium_beringeri|WSH53767.1	96.912	1101	34	0	5	1105	2	1102	0.0	1845
ORNL-10-1-Rh|nodX|consensus50|pass_single_dominant	nodX|Rhizobium_leguminosarum|WSH75135.1	96.912	1101	34	0	5	1105	2	1102	0.0	1845
ORNL-10-1-Rh|nodX|consensus50|pass_single_dominant	nodX|Rhizobium_leguminosarum|XYR17985.1	96.912	1101	34	0	5	1105	2	1102	0.0	1845
ORNL-10-1-Rh|nodX|consensus50|pass_single_dominant	nodX|Rhizobium_leguminosarum|UIK20411.1	96.821	1101	35	0	5	1105	2	1102	0.0	1840
ORNL-10-1-Rh|nodX|consensus50|pass_single_dominant	nodX|Rhizobium_beringeri|WSH29639.1	96.821	1101	35	0	5	1105	2	1102	0.0	1840
ORNL-10-1-Rh|nodX|consensus50|pass_single_dominant	nodX|Rhizobium_beringeri|WSG78435.1	96.821	1101	35	0	5	1105	2	1102	0.0	1840
ORNL-10-1-Rh|nodX|consensus50|pass_single_dominant	nodX|Rhizobium_johnstonii|WSH10826.1	96.821	1101	35	0	5	1105	2	1102	0.0	1840
ORNL-10-1-Rh|nodX|consensus50|pass_single_dominant	nodX|Rhizobium_beringeri|WSH18630.1	96.821	1101	35	0	5	1105	2	1102	0.0	1840
ORNL-10-1-Rh|nodX|consensus50|pass_single_dominant	nodX|Rhizobium_johnstonii|WSH48507.1	96.821	1101	35	0	5	1105	2	1102	0.0	1840
ORNL-10-1-Ro|nodX|consensus50|pass_single_dominant	nodX|Rhizobium_aethiopicum|CAO3997942.1	98.456	1101	17	0	5	1105	2	1102	0.0	1940
ORNL-10-1-Ro|nodX|consensus50|pass_single_dominant	nodX|Rhizobium_beringeri|WSH53767.1	96.912	1101	34	0	5	1105	2	1102	0.0	1845
ORNL-10-1-Ro|nodX|consensus50|pass_single_dominant	nodX|Rhizobium_leguminosarum|WSH75135.1	96.912	1101	34	0	5	1105	2	1102	0.0	1845
ORNL-10-1-Ro|nodX|consensus50|pass_single_dominant	nodX|Rhizobium_leguminosarum|XYR17985.1	96.912	1101	34	0	5	1105	2	1102	0.0	1845
ORNL-10-1-Ro|nodX|consensus50|pass_single_dominant	nodX|Rhizobium_leguminosarum|UIK20411.1	96.821	1101	35	0	5	1105	2	1102	0.0	1840
ORNL-10-1-Ro|nodX|consensus50|pass_single_dominant	nodX|Rhizobium_beringeri|WSH29639.1	96.821	1101	35	0	5	1105	2	1102	0.0	1840
ORNL-10-1-Ro|nodX|consensus50|pass_single_dominant	nodX|Rhizobium_beringeri|WSG78435.1	96.821	1101	35	0	5	1105	2	1102	0.0	1840
ORNL-10-1-Ro|nodX|consensus50|pass_single_dominant	nodX|Rhizobium_johnstonii|WSH10826.1	96.821	1101	35	0	5	1105	2	1102	0.0	1840
ORNL-10-1-Ro|nodX|consensus50|pass_single_dominant	nodX|Rhizobium_beringeri|WSH18630.1	96.821	1101	35	0	5	1105	2	1102	0.0	1840
ORNL-10-1-Ro|nodX|consensus50|pass_single_dominant	nodX|Rhizobium_johnstonii|WSH48507.1	96.821	1101	35	0	5	1105	2	1102	0.0	1840
ORNL-1-1-No|nodX|consensus50|pass_single_dominant	nodX|Rhizobium_aethiopicum|CAO3997942.1	98.457	1102	17	0	4	1105	1	1102	0.0	1941
ORNL-1-1-No|nodX|consensus50|pass_single_dominant	nodX|Rhizobium_beringeri|WSH53767.1	96.915	1102	34	0	4	1105	1	1102	0.0	1847
ORNL-1-1-No|nodX|consensus50|pass_single_dominant	nodX|Rhizobium_leguminosarum|WSH75135.1	96.915	1102	34	0	4	1105	1	1102	0.0	1847
ORNL-1-1-No|nodX|consensus50|pass_single_dominant	nodX|Rhizobium_leguminosarum|XYR17985.1	96.915	1102	34	0	4	1105	1	1102	0.0	1847
ORNL-1-1-No|nodX|consensus50|pass_single_dominant	nodX|Rhizobium_leguminosarum|UIK20411.1	96.824	1102	35	0	4	1105	1	1102	0.0	1842
ORNL-1-1-No|nodX|consensus50|pass_single_dominant	nodX|Rhizobium_beringeri|WSH29639.1	96.824	1102	35	0	4	1105	1	1102	0.0	1842
ORNL-1-1-No|nodX|consensus50|pass_single_dominant	nodX|Rhizobium_beringeri|WSG78435.1	96.824	1102	35	0	4	1105	1	1102	0.0	1842
ORNL-1-1-No|nodX|consensus50|pass_single_dominant	nodX|Rhizobium_johnstonii|WSH10826.1	96.824	1102	35	0	4	1105	1	1102	0.0	1842
ORNL-1-1-No|nodX|consensus50|pass_single_dominant	nodX|Rhizobium_beringeri|WSH18630.1	96.824	1102	35	0	4	1105	1	1102	0.0	1842
ORNL-1-1-No|nodX|consensus50|pass_single_dominant	nodX|Rhizobium_johnstonii|WSH48507.1	96.824	1102	35	0	4	1105	1	1102	0.0	1842
ORNL-1-1-Rh|nodX|consensus50|pass_single_dominant	nodX|Rhizobium_aethiopicum|CAO3997942.1	98.342	784	13	0	322	1105	319	1102	0.0	1376
ORNL-1-1-Rh|nodX|consensus50|pass_single_dominant	nodX|Rhizobium_aethiopicum|CAO3997942.1	98.901	273	3	0	16	288	13	285	4.35e-140	488
ORNL-1-1-Rh|nodX|consensus50|pass_single_dominant	nodX|Rhizobium_leguminosarum|UIK20411.1	97.704	784	18	0	322	1105	319	1102	0.0	1349
ORNL-1-1-Rh|nodX|consensus50|pass_single_dominant	nodX|Rhizobium_leguminosarum|UIK20411.1	95.971	273	11	0	16	288	13	285	9.55e-127	444
ORNL-1-1-Rh|nodX|consensus50|pass_single_dominant	nodX|Rhizobium_beringeri|WSH29639.1	97.704	784	18	0	322	1105	319	1102	0.0	1349
ORNL-1-1-Rh|nodX|consensus50|pass_single_dominant	nodX|Rhizobium_beringeri|WSH29639.1	95.971	273	11	0	16	288	13	285	9.55e-127	444
ORNL-1-1-Rh|nodX|consensus50|pass_single_dominant	nodX|Rhizobium_johnstonii|WSH10826.1	97.704	784	18	0	322	1105	319	1102	0.0	1349
ORNL-1-1-Rh|nodX|consensus50|pass_single_dominant	nodX|Rhizobium_johnstonii|WSH10826.1	95.971	273	11	0	16	288	13	285	9.55e-127	444
ORNL-1-1-Rh|nodX|consensus50|pass_single_dominant	nodX|Rhizobium_johnstonii|WSH48507.1	97.704	784	18	0	322	1105	319	1102	0.0	1349
ORNL-1-1-Rh|nodX|consensus50|pass_single_dominant	nodX|Rhizobium_johnstonii|WSH48507.1	95.971	273	11	0	16	288	13	285	9.55e-127	444
ORNL-1-1-Rh|nodX|consensus50|pass_single_dominant	nodX|Rhizobium_beringeri|WSH53767.1	97.704	784	18	0	322	1105	319	1102	0.0	1349
ORNL-1-1-Rh|nodX|consensus50|pass_single_dominant	nodX|Rhizobium_beringeri|WSH53767.1	96.337	273	10	0	16	288	13	285	2.05e-128	449
ORNL-1-1-Rh|nodX|consensus50|pass_single_dominant	nodX|Rhizobium_leguminosarum|WSH75135.1	97.704	784	18	0	322	1105	319	1102	0.0	1349
ORNL-1-1-Rh|nodX|consensus50|pass_single_dominant	nodX|Rhizobium_leguminosarum|WSH75135.1	96.337	273	10	0	16	288	13	285	2.05e-128	449
ORNL-1-1-Rh|nodX|consensus50|pass_single_dominant	nodX|Rhizobium_leguminosarum|XYR17985.1	97.704	784	18	0	322	1105	319	1102	0.0	1349
ORNL-1-1-Rh|nodX|consensus50|pass_single_dominant	nodX|Rhizobium_leguminosarum|XYR17985.1	96.337	273	10	0	16	288	13	285	2.05e-128	449
ORNL-1-1-Rh|nodX|consensus50|pass_single_dominant	nodX|Rhizobium_anhuiense_bv._trifolii|UTS88797.1	97.577	784	19	0	322	1105	319	1102	0.0	1343
ORNL-1-1-Rh|nodX|consensus50|pass_single_dominant	nodX|Rhizobium_anhuiense_bv._trifolii|UTS88797.1	95.971	273	11	0	16	288	13	285	9.55e-127	444
ORNL-1-1-Rh|nodX|consensus50|pass_single_dominant	nodX|Rhizobium_beringeri|WSG78435.1	97.577	784	19	0	322	1105	319	1102	0.0	1343
ORNL-1-1-Rh|nodX|consensus50|pass_single_dominant	nodX|Rhizobium_beringeri|WSG78435.1	96.337	273	10	0	16	288	13	285	2.05e-128	449
ORNL-14-1-No|nodX|consensus50|pass_single_dominant	nodX|Rhizobium_leguminosarum|UIK20411.1	100.000	1101	0	0	5	1105	2	1102	0.0	2034
ORNL-14-1-No|nodX|consensus50|pass_single_dominant	nodX|Rhizobium_beringeri|WSH29639.1	100.000	1101	0	0	5	1105	2	1102	0.0	2034
ORNL-14-1-No|nodX|consensus50|pass_single_dominant	nodX|Rhizobium_johnstonii|WSH10826.1	100.000	1101	0	0	5	1105	2	1102	0.0	2034
ORNL-14-1-No|nodX|consensus50|pass_single_dominant	nodX|Rhizobium_johnstonii|WSH48507.1	100.000	1101	0	0	5	1105	2	1102	0.0	2034
ORNL-14-1-No|nodX|consensus50|pass_single_dominant	nodX|Rhizobium_beringeri|WSG78435.1	99.818	1101	2	0	5	1105	2	1102	0.0	2023
ORNL-14-1-No|nodX|consensus50|pass_single_dominant	nodX|Rhizobium_beringeri|WSH18630.1	99.818	1101	2	0	5	1105	2	1102	0.0	2023
ORNL-14-1-No|nodX|consensus50|pass_single_dominant	nodX|Rhizobium_beringeri|WSH53767.1	99.728	1101	3	0	5	1105	2	1102	0.0	2017
ORNL-14-1-No|nodX|consensus50|pass_single_dominant	nodX|Rhizobium_leguminosarum|XYR17985.1	99.728	1101	3	0	5	1105	2	1102	0.0	2017
ORNL-14-1-No|nodX|consensus50|pass_single_dominant	nodX|Rhizobium_anhuiense_bv._trifolii|UTS88797.1	99.364	1101	7	0	5	1105	2	1102	0.0	1995
ORNL-14-1-No|nodX|consensus50|pass_single_dominant	nodX|Rhizobium_leguminosarum|WSH75135.1	99.183	1101	9	0	5	1105	2	1102	0.0	1984
ORNL-4-1-No|nodX|consensus50|pass_single_dominant	nodX|Rhizobium_aethiopicum|CAO3997942.1	98.460	1104	17	0	4	1107	1	1104	0.0	1945
ORNL-4-1-No|nodX|consensus50|pass_single_dominant	nodX|Rhizobium_beringeri|WSH53767.1	96.920	1104	34	0	4	1107	1	1104	0.0	1851
ORNL-4-1-No|nodX|consensus50|pass_single_dominant	nodX|Rhizobium_leguminosarum|WSH75135.1	96.920	1104	34	0	4	1107	1	1104	0.0	1851
ORNL-4-1-No|nodX|consensus50|pass_single_dominant	nodX|Rhizobium_leguminosarum|XYR17985.1	96.920	1104	34	0	4	1107	1	1104	0.0	1851
ORNL-4-1-No|nodX|consensus50|pass_single_dominant	nodX|Rhizobium_leguminosarum|UIK20411.1	96.830	1104	35	0	4	1107	1	1104	0.0	1845
ORNL-4-1-No|nodX|consensus50|pass_single_dominant	nodX|Rhizobium_beringeri|WSH29639.1	96.830	1104	35	0	4	1107	1	1104	0.0	1845
ORNL-4-1-No|nodX|consensus50|pass_single_dominant	nodX|Rhizobium_beringeri|WSG78435.1	96.830	1104	35	0	4	1107	1	1104	0.0	1845
ORNL-4-1-No|nodX|consensus50|pass_single_dominant	nodX|Rhizobium_johnstonii|WSH10826.1	96.830	1104	35	0	4	1107	1	1104	0.0	1845
ORNL-4-1-No|nodX|consensus50|pass_single_dominant	nodX|Rhizobium_beringeri|WSH18630.1	96.830	1104	35	0	4	1107	1	1104	0.0	1845
ORNL-4-1-No|nodX|consensus50|pass_single_dominant	nodX|Rhizobium_johnstonii|WSH48507.1	96.830	1104	35	0	4	1107	1	1104	0.0	1845
ORNL-4-1-Rh|nodX|consensus50|pass_single_dominant	nodX|Rhizobium_aethiopicum|CAO3997942.1	98.350	1030	17	0	76	1105	73	1102	0.0	1814
ORNL-4-1-Rh|nodX|consensus50|pass_single_dominant	nodX|Rhizobium_leguminosarum|UIK20411.1	97.184	1030	29	0	76	1105	73	1102	0.0	1748
ORNL-4-1-Rh|nodX|consensus50|pass_single_dominant	nodX|Rhizobium_beringeri|WSH29639.1	97.184	1030	29	0	76	1105	73	1102	0.0	1748
ORNL-4-1-Rh|nodX|consensus50|pass_single_dominant	nodX|Rhizobium_johnstonii|WSH10826.1	97.184	1030	29	0	76	1105	73	1102	0.0	1748
ORNL-4-1-Rh|nodX|consensus50|pass_single_dominant	nodX|Rhizobium_johnstonii|WSH48507.1	97.184	1030	29	0	76	1105	73	1102	0.0	1748
ORNL-4-1-Rh|nodX|consensus50|pass_single_dominant	nodX|Rhizobium_beringeri|WSH53767.1	97.184	1030	29	0	76	1105	73	1102	0.0	1748
ORNL-4-1-Rh|nodX|consensus50|pass_single_dominant	nodX|Rhizobium_leguminosarum|WSH75135.1	97.184	1030	29	0	76	1105	73	1102	0.0	1748
ORNL-4-1-Rh|nodX|consensus50|pass_single_dominant	nodX|Rhizobium_leguminosarum|XYR17985.1	97.184	1030	29	0	76	1105	73	1102	0.0	1748
ORNL-4-1-Rh|nodX|consensus50|pass_single_dominant	nodX|Rhizobium_anhuiense_bv._trifolii|UTS88797.1	97.087	1030	30	0	76	1105	73	1102	0.0	1742
ORNL-4-1-Rh|nodX|consensus50|pass_single_dominant	nodX|Rhizobium_beringeri|WSG78435.1	97.087	1030	30	0	76	1105	73	1102	0.0	1742
ORNL-4-1-Ro|nodX|consensus50|pass_single_dominant	nodX|Rhizobium_beringeri|WSH53767.1	99.909	1104	1	0	4	1107	1	1104	0.0	2036
ORNL-4-1-Ro|nodX|consensus50|pass_single_dominant	nodX|Rhizobium_leguminosarum|XYR17985.1	99.909	1104	1	0	4	1107	1	1104	0.0	2036
ORNL-4-1-Ro|nodX|consensus50|pass_single_dominant	nodX|Rhizobium_beringeri|WSG78435.1	99.819	1104	2	0	4	1107	1	1104	0.0	2030
ORNL-4-1-Ro|nodX|consensus50|pass_single_dominant	nodX|Rhizobium_beringeri|WSH18630.1	99.819	1104	2	0	4	1107	1	1104	0.0	2030
ORNL-4-1-Ro|nodX|consensus50|pass_single_dominant	nodX|Rhizobium_leguminosarum|UIK20411.1	99.638	1104	4	0	4	1107	1	1104	0.0	2019
ORNL-4-1-Ro|nodX|consensus50|pass_single_dominant	nodX|Rhizobium_beringeri|WSH29639.1	99.638	1104	4	0	4	1107	1	1104	0.0	2019
ORNL-4-1-Ro|nodX|consensus50|pass_single_dominant	nodX|Rhizobium_johnstonii|WSH10826.1	99.638	1104	4	0	4	1107	1	1104	0.0	2019
ORNL-4-1-Ro|nodX|consensus50|pass_single_dominant	nodX|Rhizobium_johnstonii|WSH48507.1	99.638	1104	4	0	4	1107	1	1104	0.0	2019
ORNL-4-1-Ro|nodX|consensus50|pass_single_dominant	nodX|Rhizobium_anhuiense_bv._trifolii|UTS88797.1	99.366	1104	7	0	4	1107	1	1104	0.0	2002
ORNL-4-1-Ro|nodX|consensus50|pass_single_dominant	nodX|Rhizobium_leguminosarum|WSH75135.1	99.185	1104	9	0	4	1107	1	1104	0.0	1991
ORNL-9-1-No|nodX|consensus50|pass_single_dominant	nodX|Rhizobium_aethiopicum|CAO3997942.1	98.457	1102	17	0	5	1106	2	1103	0.0	1941
ORNL-9-1-No|nodX|consensus50|pass_single_dominant	nodX|Rhizobium_beringeri|WSH53767.1	96.915	1102	34	0	5	1106	2	1103	0.0	1847
ORNL-9-1-No|nodX|consensus50|pass_single_dominant	nodX|Rhizobium_leguminosarum|WSH75135.1	96.915	1102	34	0	5	1106	2	1103	0.0	1847
ORNL-9-1-No|nodX|consensus50|pass_single_dominant	nodX|Rhizobium_leguminosarum|XYR17985.1	96.915	1102	34	0	5	1106	2	1103	0.0	1847
ORNL-9-1-No|nodX|consensus50|pass_single_dominant	nodX|Rhizobium_leguminosarum|UIK20411.1	96.824	1102	35	0	5	1106	2	1103	0.0	1842
ORNL-9-1-No|nodX|consensus50|pass_single_dominant	nodX|Rhizobium_beringeri|WSH29639.1	96.824	1102	35	0	5	1106	2	1103	0.0	1842
ORNL-9-1-No|nodX|consensus50|pass_single_dominant	nodX|Rhizobium_beringeri|WSG78435.1	96.824	1102	35	0	5	1106	2	1103	0.0	1842
ORNL-9-1-No|nodX|consensus50|pass_single_dominant	nodX|Rhizobium_johnstonii|WSH10826.1	96.824	1102	35	0	5	1106	2	1103	0.0	1842
ORNL-9-1-No|nodX|consensus50|pass_single_dominant	nodX|Rhizobium_beringeri|WSH18630.1	96.824	1102	35	0	5	1106	2	1103	0.0	1842
ORNL-9-1-No|nodX|consensus50|pass_single_dominant	nodX|Rhizobium_johnstonii|WSH48507.1	96.824	1102	35	0	5	1106	2	1103	0.0	1842
ORNL-9-1-Rh|nodX|consensus50|pass_single_dominant	nodX|Rhizobium_aethiopicum|CAO3997942.1	98.457	1102	17	0	5	1106	2	1103	0.0	1941
ORNL-9-1-Rh|nodX|consensus50|pass_single_dominant	nodX|Rhizobium_beringeri|WSH53767.1	96.915	1102	34	0	5	1106	2	1103	0.0	1847
ORNL-9-1-Rh|nodX|consensus50|pass_single_dominant	nodX|Rhizobium_leguminosarum|WSH75135.1	96.915	1102	34	0	5	1106	2	1103	0.0	1847
ORNL-9-1-Rh|nodX|consensus50|pass_single_dominant	nodX|Rhizobium_leguminosarum|XYR17985.1	96.915	1102	34	0	5	1106	2	1103	0.0	1847
ORNL-9-1-Rh|nodX|consensus50|pass_single_dominant	nodX|Rhizobium_leguminosarum|UIK20411.1	96.824	1102	35	0	5	1106	2	1103	0.0	1842
ORNL-9-1-Rh|nodX|consensus50|pass_single_dominant	nodX|Rhizobium_beringeri|WSH29639.1	96.824	1102	35	0	5	1106	2	1103	0.0	1842
ORNL-9-1-Rh|nodX|consensus50|pass_single_dominant	nodX|Rhizobium_beringeri|WSG78435.1	96.824	1102	35	0	5	1106	2	1103	0.0	1842
ORNL-9-1-Rh|nodX|consensus50|pass_single_dominant	nodX|Rhizobium_johnstonii|WSH10826.1	96.824	1102	35	0	5	1106	2	1103	0.0	1842
ORNL-9-1-Rh|nodX|consensus50|pass_single_dominant	nodX|Rhizobium_beringeri|WSH18630.1	96.824	1102	35	0	5	1106	2	1103	0.0	1842
ORNL-9-1-Rh|nodX|consensus50|pass_single_dominant	nodX|Rhizobium_johnstonii|WSH48507.1	96.824	1102	35	0	5	1106	2	1103	0.0	1842
OSBS-35-1-Rh|nodX|consensus50|pass_single_dominant	nodX|Rhizobium_aethiopicum|CAO3997942.1	98.459	1103	17	0	5	1107	2	1104	0.0	1943
OSBS-35-1-Rh|nodX|consensus50|pass_single_dominant	nodX|Rhizobium_beringeri|WSH53767.1	96.917	1103	34	0	5	1107	2	1104	0.0	1849
OSBS-35-1-Rh|nodX|consensus50|pass_single_dominant	nodX|Rhizobium_leguminosarum|WSH75135.1	96.917	1103	34	0	5	1107	2	1104	0.0	1849
OSBS-35-1-Rh|nodX|consensus50|pass_single_dominant	nodX|Rhizobium_leguminosarum|XYR17985.1	96.917	1103	34	0	5	1107	2	1104	0.0	1849
OSBS-35-1-Rh|nodX|consensus50|pass_single_dominant	nodX|Rhizobium_leguminosarum|UIK20411.1	96.827	1103	35	0	5	1107	2	1104	0.0	1844
OSBS-35-1-Rh|nodX|consensus50|pass_single_dominant	nodX|Rhizobium_beringeri|WSH29639.1	96.827	1103	35	0	5	1107	2	1104	0.0	1844
OSBS-35-1-Rh|nodX|consensus50|pass_single_dominant	nodX|Rhizobium_beringeri|WSG78435.1	96.827	1103	35	0	5	1107	2	1104	0.0	1844
OSBS-35-1-Rh|nodX|consensus50|pass_single_dominant	nodX|Rhizobium_johnstonii|WSH10826.1	96.827	1103	35	0	5	1107	2	1104	0.0	1844
OSBS-35-1-Rh|nodX|consensus50|pass_single_dominant	nodX|Rhizobium_beringeri|WSH18630.1	96.827	1103	35	0	5	1107	2	1104	0.0	1844
OSBS-35-1-Rh|nodX|consensus50|pass_single_dominant	nodX|Rhizobium_johnstonii|WSH48507.1	96.827	1103	35	0	5	1107	2	1104	0.0	1844
OSBS-35-1-Ro|nodX|consensus50|pass_single_dominant	nodX|Rhizobium_aethiopicum|CAO3997942.1	98.456	1101	17	0	5	1105	2	1102	0.0	1940
OSBS-35-1-Ro|nodX|consensus50|pass_single_dominant	nodX|Rhizobium_beringeri|WSH53767.1	96.912	1101	34	0	5	1105	2	1102	0.0	1845
OSBS-35-1-Ro|nodX|consensus50|pass_single_dominant	nodX|Rhizobium_leguminosarum|WSH75135.1	96.912	1101	34	0	5	1105	2	1102	0.0	1845
OSBS-35-1-Ro|nodX|consensus50|pass_single_dominant	nodX|Rhizobium_leguminosarum|XYR17985.1	96.912	1101	34	0	5	1105	2	1102	0.0	1845
OSBS-35-1-Ro|nodX|consensus50|pass_single_dominant	nodX|Rhizobium_leguminosarum|UIK20411.1	96.821	1101	35	0	5	1105	2	1102	0.0	1840
OSBS-35-1-Ro|nodX|consensus50|pass_single_dominant	nodX|Rhizobium_beringeri|WSH29639.1	96.821	1101	35	0	5	1105	2	1102	0.0	1840
OSBS-35-1-Ro|nodX|consensus50|pass_single_dominant	nodX|Rhizobium_beringeri|WSG78435.1	96.821	1101	35	0	5	1105	2	1102	0.0	1840
OSBS-35-1-Ro|nodX|consensus50|pass_single_dominant	nodX|Rhizobium_johnstonii|WSH10826.1	96.821	1101	35	0	5	1105	2	1102	0.0	1840
OSBS-35-1-Ro|nodX|consensus50|pass_single_dominant	nodX|Rhizobium_beringeri|WSH18630.1	96.821	1101	35	0	5	1105	2	1102	0.0	1840
OSBS-35-1-Ro|nodX|consensus50|pass_single_dominant	nodX|Rhizobium_johnstonii|WSH48507.1	96.821	1101	35	0	5	1105	2	1102	0.0	1840
OSBS-44-1-No|nodX|consensus50|pass_single_dominant	nodX|Rhizobium_aethiopicum|CAO3997942.1	98.459	1103	17	0	4	1106	1	1103	0.0	1943
OSBS-44-1-No|nodX|consensus50|pass_single_dominant	nodX|Rhizobium_beringeri|WSH53767.1	96.917	1103	34	0	4	1106	1	1103	0.0	1849
OSBS-44-1-No|nodX|consensus50|pass_single_dominant	nodX|Rhizobium_leguminosarum|WSH75135.1	96.917	1103	34	0	4	1106	1	1103	0.0	1849
OSBS-44-1-No|nodX|consensus50|pass_single_dominant	nodX|Rhizobium_leguminosarum|XYR17985.1	96.917	1103	34	0	4	1106	1	1103	0.0	1849
OSBS-44-1-No|nodX|consensus50|pass_single_dominant	nodX|Rhizobium_leguminosarum|UIK20411.1	96.827	1103	35	0	4	1106	1	1103	0.0	1844
OSBS-44-1-No|nodX|consensus50|pass_single_dominant	nodX|Rhizobium_beringeri|WSH29639.1	96.827	1103	35	0	4	1106	1	1103	0.0	1844
OSBS-44-1-No|nodX|consensus50|pass_single_dominant	nodX|Rhizobium_beringeri|WSG78435.1	96.827	1103	35	0	4	1106	1	1103	0.0	1844
OSBS-44-1-No|nodX|consensus50|pass_single_dominant	nodX|Rhizobium_johnstonii|WSH10826.1	96.827	1103	35	0	4	1106	1	1103	0.0	1844
OSBS-44-1-No|nodX|consensus50|pass_single_dominant	nodX|Rhizobium_beringeri|WSH18630.1	96.827	1103	35	0	4	1106	1	1103	0.0	1844
OSBS-44-1-No|nodX|consensus50|pass_single_dominant	nodX|Rhizobium_johnstonii|WSH48507.1	96.827	1103	35	0	4	1106	1	1103	0.0	1844
OSBS-44-1-Rh|nodX|consensus50|pass_single_dominant	nodX|Rhizobium_aethiopicum|CAO3997942.1	98.457	1102	17	0	4	1105	1	1102	0.0	1941
OSBS-44-1-Rh|nodX|consensus50|pass_single_dominant	nodX|Rhizobium_beringeri|WSH53767.1	96.915	1102	34	0	4	1105	1	1102	0.0	1847
OSBS-44-1-Rh|nodX|consensus50|pass_single_dominant	nodX|Rhizobium_leguminosarum|WSH75135.1	96.915	1102	34	0	4	1105	1	1102	0.0	1847
OSBS-44-1-Rh|nodX|consensus50|pass_single_dominant	nodX|Rhizobium_leguminosarum|XYR17985.1	96.915	1102	34	0	4	1105	1	1102	0.0	1847
OSBS-44-1-Rh|nodX|consensus50|pass_single_dominant	nodX|Rhizobium_leguminosarum|UIK20411.1	96.824	1102	35	0	4	1105	1	1102	0.0	1842
OSBS-44-1-Rh|nodX|consensus50|pass_single_dominant	nodX|Rhizobium_beringeri|WSH29639.1	96.824	1102	35	0	4	1105	1	1102	0.0	1842
OSBS-44-1-Rh|nodX|consensus50|pass_single_dominant	nodX|Rhizobium_beringeri|WSG78435.1	96.824	1102	35	0	4	1105	1	1102	0.0	1842
OSBS-44-1-Rh|nodX|consensus50|pass_single_dominant	nodX|Rhizobium_johnstonii|WSH10826.1	96.824	1102	35	0	4	1105	1	1102	0.0	1842
OSBS-44-1-Rh|nodX|consensus50|pass_single_dominant	nodX|Rhizobium_beringeri|WSH18630.1	96.824	1102	35	0	4	1105	1	1102	0.0	1842
OSBS-44-1-Rh|nodX|consensus50|pass_single_dominant	nodX|Rhizobium_johnstonii|WSH48507.1	96.824	1102	35	0	4	1105	1	1102	0.0	1842
OSBS-44-1-Ro|nodX|consensus50|pass_single_dominant	nodX|Rhizobium_aethiopicum|CAO3997942.1	98.460	1104	17	0	4	1107	1	1104	0.0	1945
OSBS-44-1-Ro|nodX|consensus50|pass_single_dominant	nodX|Rhizobium_beringeri|WSH53767.1	96.920	1104	34	0	4	1107	1	1104	0.0	1851
OSBS-44-1-Ro|nodX|consensus50|pass_single_dominant	nodX|Rhizobium_leguminosarum|WSH75135.1	96.920	1104	34	0	4	1107	1	1104	0.0	1851
OSBS-44-1-Ro|nodX|consensus50|pass_single_dominant	nodX|Rhizobium_leguminosarum|XYR17985.1	96.920	1104	34	0	4	1107	1	1104	0.0	1851
OSBS-44-1-Ro|nodX|consensus50|pass_single_dominant	nodX|Rhizobium_leguminosarum|UIK20411.1	96.830	1104	35	0	4	1107	1	1104	0.0	1845
OSBS-44-1-Ro|nodX|consensus50|pass_single_dominant	nodX|Rhizobium_beringeri|WSH29639.1	96.830	1104	35	0	4	1107	1	1104	0.0	1845
OSBS-44-1-Ro|nodX|consensus50|pass_single_dominant	nodX|Rhizobium_beringeri|WSG78435.1	96.830	1104	35	0	4	1107	1	1104	0.0	1845
OSBS-44-1-Ro|nodX|consensus50|pass_single_dominant	nodX|Rhizobium_johnstonii|WSH10826.1	96.830	1104	35	0	4	1107	1	1104	0.0	1845
OSBS-44-1-Ro|nodX|consensus50|pass_single_dominant	nodX|Rhizobium_beringeri|WSH18630.1	96.830	1104	35	0	4	1107	1	1104	0.0	1845
OSBS-44-1-Ro|nodX|consensus50|pass_single_dominant	nodX|Rhizobium_johnstonii|WSH48507.1	96.830	1104	35	0	4	1107	1	1104	0.0	1845
OSBS-45-1-No|nodX|consensus50|pass_single_dominant	nodX|Rhizobium_aethiopicum|CAO3997942.1	98.456	1101	17	0	5	1105	2	1102	0.0	1940
OSBS-45-1-No|nodX|consensus50|pass_single_dominant	nodX|Rhizobium_beringeri|WSH53767.1	96.912	1101	34	0	5	1105	2	1102	0.0	1845
OSBS-45-1-No|nodX|consensus50|pass_single_dominant	nodX|Rhizobium_leguminosarum|WSH75135.1	96.912	1101	34	0	5	1105	2	1102	0.0	1845
OSBS-45-1-No|nodX|consensus50|pass_single_dominant	nodX|Rhizobium_leguminosarum|XYR17985.1	96.912	1101	34	0	5	1105	2	1102	0.0	1845
OSBS-45-1-No|nodX|consensus50|pass_single_dominant	nodX|Rhizobium_leguminosarum|UIK20411.1	96.821	1101	35	0	5	1105	2	1102	0.0	1840
OSBS-45-1-No|nodX|consensus50|pass_single_dominant	nodX|Rhizobium_beringeri|WSH29639.1	96.821	1101	35	0	5	1105	2	1102	0.0	1840
OSBS-45-1-No|nodX|consensus50|pass_single_dominant	nodX|Rhizobium_beringeri|WSG78435.1	96.821	1101	35	0	5	1105	2	1102	0.0	1840
OSBS-45-1-No|nodX|consensus50|pass_single_dominant	nodX|Rhizobium_johnstonii|WSH10826.1	96.821	1101	35	0	5	1105	2	1102	0.0	1840
OSBS-45-1-No|nodX|consensus50|pass_single_dominant	nodX|Rhizobium_beringeri|WSH18630.1	96.821	1101	35	0	5	1105	2	1102	0.0	1840
OSBS-45-1-No|nodX|consensus50|pass_single_dominant	nodX|Rhizobium_johnstonii|WSH48507.1	96.821	1101	35	0	5	1105	2	1102	0.0	1840
OSBS-45-1-Rh|nodX|consensus50|pass_single_dominant	nodX|Rhizobium_aethiopicum|CAO3997942.1	98.365	1101	18	0	5	1105	2	1102	0.0	1934
OSBS-45-1-Rh|nodX|consensus50|pass_single_dominant	nodX|Rhizobium_beringeri|WSH53767.1	96.821	1101	35	0	5	1105	2	1102	0.0	1840
OSBS-45-1-Rh|nodX|consensus50|pass_single_dominant	nodX|Rhizobium_leguminosarum|WSH75135.1	96.821	1101	35	0	5	1105	2	1102	0.0	1840
OSBS-45-1-Rh|nodX|consensus50|pass_single_dominant	nodX|Rhizobium_leguminosarum|XYR17985.1	96.821	1101	35	0	5	1105	2	1102	0.0	1840
OSBS-45-1-Rh|nodX|consensus50|pass_single_dominant	nodX|Rhizobium_leguminosarum|UIK20411.1	96.730	1101	36	0	5	1105	2	1102	0.0	1834
OSBS-45-1-Rh|nodX|consensus50|pass_single_dominant	nodX|Rhizobium_beringeri|WSH29639.1	96.730	1101	36	0	5	1105	2	1102	0.0	1834
OSBS-45-1-Rh|nodX|consensus50|pass_single_dominant	nodX|Rhizobium_beringeri|WSG78435.1	96.730	1101	36	0	5	1105	2	1102	0.0	1834
OSBS-45-1-Rh|nodX|consensus50|pass_single_dominant	nodX|Rhizobium_johnstonii|WSH10826.1	96.730	1101	36	0	5	1105	2	1102	0.0	1834
OSBS-45-1-Rh|nodX|consensus50|pass_single_dominant	nodX|Rhizobium_beringeri|WSH18630.1	96.730	1101	36	0	5	1105	2	1102	0.0	1834
OSBS-45-1-Rh|nodX|consensus50|pass_single_dominant	nodX|Rhizobium_johnstonii|WSH48507.1	96.730	1101	36	0	5	1105	2	1102	0.0	1834
OSBS-45-1-Ro|nodX|consensus50|pass_single_dominant	nodX|Rhizobium_aethiopicum|CAO3997942.1	98.456	1101	17	0	5	1105	2	1102	0.0	1940
OSBS-45-1-Ro|nodX|consensus50|pass_single_dominant	nodX|Rhizobium_beringeri|WSH53767.1	96.912	1101	34	0	5	1105	2	1102	0.0	1845
OSBS-45-1-Ro|nodX|consensus50|pass_single_dominant	nodX|Rhizobium_leguminosarum|WSH75135.1	96.912	1101	34	0	5	1105	2	1102	0.0	1845
OSBS-45-1-Ro|nodX|consensus50|pass_single_dominant	nodX|Rhizobium_leguminosarum|XYR17985.1	96.912	1101	34	0	5	1105	2	1102	0.0	1845
OSBS-45-1-Ro|nodX|consensus50|pass_single_dominant	nodX|Rhizobium_leguminosarum|UIK20411.1	96.821	1101	35	0	5	1105	2	1102	0.0	1840
OSBS-45-1-Ro|nodX|consensus50|pass_single_dominant	nodX|Rhizobium_beringeri|WSH29639.1	96.821	1101	35	0	5	1105	2	1102	0.0	1840
OSBS-45-1-Ro|nodX|consensus50|pass_single_dominant	nodX|Rhizobium_beringeri|WSG78435.1	96.821	1101	35	0	5	1105	2	1102	0.0	1840
OSBS-45-1-Ro|nodX|consensus50|pass_single_dominant	nodX|Rhizobium_johnstonii|WSH10826.1	96.821	1101	35	0	5	1105	2	1102	0.0	1840
OSBS-45-1-Ro|nodX|consensus50|pass_single_dominant	nodX|Rhizobium_beringeri|WSH18630.1	96.821	1101	35	0	5	1105	2	1102	0.0	1840
OSBS-45-1-Ro|nodX|consensus50|pass_single_dominant	nodX|Rhizobium_johnstonii|WSH48507.1	96.821	1101	35	0	5	1105	2	1102	0.0	1840
OSBS-46-1-Rh|nodX|consensus50|pass_single_dominant	nodX|Rhizobium_aethiopicum|CAO3997942.1	98.447	1095	17	0	12	1106	9	1103	0.0	1929
OSBS-46-1-Rh|nodX|consensus50|pass_single_dominant	nodX|Rhizobium_beringeri|WSH53767.1	96.895	1095	34	0	12	1106	9	1103	0.0	1834
OSBS-46-1-Rh|nodX|consensus50|pass_single_dominant	nodX|Rhizobium_leguminosarum|WSH75135.1	96.895	1095	34	0	12	1106	9	1103	0.0	1834
OSBS-46-1-Rh|nodX|consensus50|pass_single_dominant	nodX|Rhizobium_leguminosarum|XYR17985.1	96.895	1095	34	0	12	1106	9	1103	0.0	1834
OSBS-46-1-Rh|nodX|consensus50|pass_single_dominant	nodX|Rhizobium_leguminosarum|UIK20411.1	96.804	1095	35	0	12	1106	9	1103	0.0	1829
OSBS-46-1-Rh|nodX|consensus50|pass_single_dominant	nodX|Rhizobium_beringeri|WSH29639.1	96.804	1095	35	0	12	1106	9	1103	0.0	1829
OSBS-46-1-Rh|nodX|consensus50|pass_single_dominant	nodX|Rhizobium_beringeri|WSG78435.1	96.804	1095	35	0	12	1106	9	1103	0.0	1829
OSBS-46-1-Rh|nodX|consensus50|pass_single_dominant	nodX|Rhizobium_johnstonii|WSH10826.1	96.804	1095	35	0	12	1106	9	1103	0.0	1829
OSBS-46-1-Rh|nodX|consensus50|pass_single_dominant	nodX|Rhizobium_beringeri|WSH18630.1	96.804	1095	35	0	12	1106	9	1103	0.0	1829
OSBS-46-1-Rh|nodX|consensus50|pass_single_dominant	nodX|Rhizobium_johnstonii|WSH48507.1	96.804	1095	35	0	12	1106	9	1103	0.0	1829
OSBS-81-1-Rh|nodX|consensus50|pass_single_dominant	nodX|Rhizobium_leguminosarum|UIK20411.1	99.161	1073	9	0	33	1105	30	1102	0.0	1943
OSBS-81-1-Rh|nodX|consensus50|pass_single_dominant	nodX|Rhizobium_beringeri|WSH29639.1	99.161	1073	9	0	33	1105	30	1102	0.0	1943
OSBS-81-1-Rh|nodX|consensus50|pass_single_dominant	nodX|Rhizobium_johnstonii|WSH10826.1	99.161	1073	9	0	33	1105	30	1102	0.0	1943
OSBS-81-1-Rh|nodX|consensus50|pass_single_dominant	nodX|Rhizobium_johnstonii|WSH48507.1	99.161	1073	9	0	33	1105	30	1102	0.0	1943
OSBS-81-1-Rh|nodX|consensus50|pass_single_dominant	nodX|Rhizobium_beringeri|WSG78435.1	99.068	1073	10	0	33	1105	30	1102	0.0	1938
OSBS-81-1-Rh|nodX|consensus50|pass_single_dominant	nodX|Rhizobium_beringeri|WSH18630.1	99.068	1073	10	0	33	1105	30	1102	0.0	1938
OSBS-81-1-Rh|nodX|consensus50|pass_single_dominant	nodX|Rhizobium_beringeri|WSH53767.1	98.975	1073	11	0	33	1105	30	1102	0.0	1932
OSBS-81-1-Rh|nodX|consensus50|pass_single_dominant	nodX|Rhizobium_leguminosarum|XYR17985.1	98.975	1073	11	0	33	1105	30	1102	0.0	1932
OSBS-81-1-Rh|nodX|consensus50|pass_single_dominant	nodX|Rhizobium_anhuiense_bv._trifolii|UTS88797.1	98.602	1073	15	0	33	1105	30	1102	0.0	1910
OSBS-81-1-Rh|nodX|consensus50|pass_single_dominant	nodX|Rhizobium_leguminosarum|WSH75135.1	98.416	1073	17	0	33	1105	30	1102	0.0	1899
OSBS-83-1-Ro|nodX|consensus50|pass_single_dominant	nodX|Rhizobium_leguminosarum|UIK20411.1	99.721	1076	3	0	30	1105	27	1102	0.0	1977
OSBS-83-1-Ro|nodX|consensus50|pass_single_dominant	nodX|Rhizobium_beringeri|WSH29639.1	99.721	1076	3	0	30	1105	27	1102	0.0	1977
OSBS-83-1-Ro|nodX|consensus50|pass_single_dominant	nodX|Rhizobium_johnstonii|WSH10826.1	99.721	1076	3	0	30	1105	27	1102	0.0	1977
OSBS-83-1-Ro|nodX|consensus50|pass_single_dominant	nodX|Rhizobium_johnstonii|WSH48507.1	99.721	1076	3	0	30	1105	27	1102	0.0	1977
OSBS-83-1-Ro|nodX|consensus50|pass_single_dominant	nodX|Rhizobium_beringeri|WSG78435.1	99.628	1076	4	0	30	1105	27	1102	0.0	1971
OSBS-83-1-Ro|nodX|consensus50|pass_single_dominant	nodX|Rhizobium_beringeri|WSH18630.1	99.628	1076	4	0	30	1105	27	1102	0.0	1971
OSBS-83-1-Ro|nodX|consensus50|pass_single_dominant	nodX|Rhizobium_beringeri|WSH53767.1	99.628	1076	4	0	30	1105	27	1102	0.0	1971
OSBS-83-1-Ro|nodX|consensus50|pass_single_dominant	nodX|Rhizobium_leguminosarum|XYR17985.1	99.628	1076	4	0	30	1105	27	1102	0.0	1971
OSBS-83-1-Ro|nodX|consensus50|pass_single_dominant	nodX|Rhizobium_anhuiense_bv._trifolii|UTS88797.1	99.349	1076	7	0	30	1105	27	1102	0.0	1954
OSBS-83-1-Ro|nodX|consensus50|pass_single_dominant	nodX|Rhizobium_leguminosarum|WSH75135.1	99.164	1076	9	0	30	1105	27	1102	0.0	1943
SCBI-1-1-Rh|nodX|consensus50|pass_single_dominant	nodX|Rhizobium_anhuiense_bv._trifolii|UTS88797.1	99.539	1084	5	0	22	1105	19	1102	0.0	1978
SCBI-1-1-Rh|nodX|consensus50|pass_single_dominant	nodX|Rhizobium_leguminosarum|UIK20411.1	99.170	1084	9	0	22	1105	19	1102	0.0	1956
SCBI-1-1-Rh|nodX|consensus50|pass_single_dominant	nodX|Rhizobium_beringeri|WSH29639.1	99.170	1084	9	0	22	1105	19	1102	0.0	1956
SCBI-1-1-Rh|nodX|consensus50|pass_single_dominant	nodX|Rhizobium_johnstonii|WSH10826.1	99.170	1084	9	0	22	1105	19	1102	0.0	1956
SCBI-1-1-Rh|nodX|consensus50|pass_single_dominant	nodX|Rhizobium_johnstonii|WSH48507.1	99.170	1084	9	0	22	1105	19	1102	0.0	1956
SCBI-1-1-Rh|nodX|consensus50|pass_single_dominant	nodX|Rhizobium_beringeri|WSH53767.1	99.170	1084	9	0	22	1105	19	1102	0.0	1956
SCBI-1-1-Rh|nodX|consensus50|pass_single_dominant	nodX|Rhizobium_leguminosarum|XYR17985.1	99.170	1084	9	0	22	1105	19	1102	0.0	1956
SCBI-1-1-Rh|nodX|consensus50|pass_single_dominant	nodX|Rhizobium_beringeri|WSG78435.1	99.077	1084	10	0	22	1105	19	1102	0.0	1951
SCBI-1-1-Rh|nodX|consensus50|pass_single_dominant	nodX|Rhizobium_beringeri|WSH18630.1	99.077	1084	10	0	22	1105	19	1102	0.0	1951
SCBI-1-1-Rh|nodX|consensus50|pass_single_dominant	nodX|Rhizobium_leguminosarum|WSH75135.1	98.985	1084	11	0	22	1105	19	1102	0.0	1945
SCBI-1-1-Ro|nodX|consensus50|pass_single_dominant	nodX|Rhizobium_beringeri|WSH53767.1	99.545	1100	5	0	6	1105	3	1102	0.0	2008
SCBI-1-1-Ro|nodX|consensus50|pass_single_dominant	nodX|Rhizobium_leguminosarum|XYR17985.1	99.545	1100	5	0	6	1105	3	1102	0.0	2008
SCBI-1-1-Ro|nodX|consensus50|pass_single_dominant	nodX|Rhizobium_leguminosarum|UIK20411.1	99.455	1100	6	0	6	1105	3	1102	0.0	2002
SCBI-1-1-Ro|nodX|consensus50|pass_single_dominant	nodX|Rhizobium_beringeri|WSH29639.1	99.455	1100	6	0	6	1105	3	1102	0.0	2002
SCBI-1-1-Ro|nodX|consensus50|pass_single_dominant	nodX|Rhizobium_beringeri|WSG78435.1	99.455	1100	6	0	6	1105	3	1102	0.0	2002
SCBI-1-1-Ro|nodX|consensus50|pass_single_dominant	nodX|Rhizobium_johnstonii|WSH10826.1	99.455	1100	6	0	6	1105	3	1102	0.0	2002
SCBI-1-1-Ro|nodX|consensus50|pass_single_dominant	nodX|Rhizobium_beringeri|WSH18630.1	99.455	1100	6	0	6	1105	3	1102	0.0	2002
SCBI-1-1-Ro|nodX|consensus50|pass_single_dominant	nodX|Rhizobium_johnstonii|WSH48507.1	99.455	1100	6	0	6	1105	3	1102	0.0	2002
SCBI-1-1-Ro|nodX|consensus50|pass_single_dominant	nodX|Rhizobium_anhuiense_bv._trifolii|UTS88797.1	99.364	1100	7	0	6	1105	3	1102	0.0	1997
SCBI-1-1-Ro|nodX|consensus50|pass_single_dominant	nodX|Rhizobium_leguminosarum|WSH75135.1	99.182	1100	9	0	6	1105	3	1102	0.0	1986
SCBI-2-1-No|nodX|consensus50|pass_single_dominant	nodX|Rhizobium_anhuiense_bv._trifolii|UTS88797.1	99.456	1102	6	0	6	1107	3	1104	0.0	2004
SCBI-2-1-No|nodX|consensus50|pass_single_dominant	nodX|Rhizobium_beringeri|WSH53767.1	99.456	1102	6	0	6	1107	3	1104	0.0	2004
SCBI-2-1-No|nodX|consensus50|pass_single_dominant	nodX|Rhizobium_leguminosarum|XYR17985.1	99.456	1102	6	0	6	1107	3	1104	0.0	2004
SCBI-2-1-No|nodX|consensus50|pass_single_dominant	nodX|Rhizobium_leguminosarum|UIK20411.1	99.365	1102	7	0	6	1107	3	1104	0.0	1999
SCBI-2-1-No|nodX|consensus50|pass_single_dominant	nodX|Rhizobium_beringeri|WSH29639.1	99.365	1102	7	0	6	1107	3	1104	0.0	1999
SCBI-2-1-No|nodX|consensus50|pass_single_dominant	nodX|Rhizobium_beringeri|WSG78435.1	99.365	1102	7	0	6	1107	3	1104	0.0	1999
SCBI-2-1-No|nodX|consensus50|pass_single_dominant	nodX|Rhizobium_johnstonii|WSH10826.1	99.365	1102	7	0	6	1107	3	1104	0.0	1999
SCBI-2-1-No|nodX|consensus50|pass_single_dominant	nodX|Rhizobium_beringeri|WSH18630.1	99.365	1102	7	0	6	1107	3	1104	0.0	1999
SCBI-2-1-No|nodX|consensus50|pass_single_dominant	nodX|Rhizobium_johnstonii|WSH48507.1	99.365	1102	7	0	6	1107	3	1104	0.0	1999
SCBI-2-1-No|nodX|consensus50|pass_single_dominant	nodX|Rhizobium_leguminosarum|WSH75135.1	99.093	1102	10	0	6	1107	3	1104	0.0	1982
SCBI-3-1-Rh|nodX|consensus50|pass_single_dominant	nodX|Rhizobium_anhuiense_bv._trifolii|UTS88797.1	99.346	1070	7	0	34	1103	31	1100	0.0	1940
SCBI-3-1-Rh|nodX|consensus50|pass_single_dominant	nodX|Rhizobium_leguminosarum|WSH75135.1	99.344	1067	7	0	34	1100	31	1097	0.0	1934
SCBI-3-1-Rh|nodX|consensus50|pass_single_dominant	nodX|Rhizobium_leguminosarum|UIK20411.1	98.972	1070	11	0	34	1103	31	1100	0.0	1917
SCBI-3-1-Rh|nodX|consensus50|pass_single_dominant	nodX|Rhizobium_beringeri|WSH29639.1	98.972	1070	11	0	34	1103	31	1100	0.0	1917
SCBI-3-1-Rh|nodX|consensus50|pass_single_dominant	nodX|Rhizobium_johnstonii|WSH10826.1	98.972	1070	11	0	34	1103	31	1100	0.0	1917
SCBI-3-1-Rh|nodX|consensus50|pass_single_dominant	nodX|Rhizobium_johnstonii|WSH48507.1	98.972	1070	11	0	34	1103	31	1100	0.0	1917
SCBI-3-1-Rh|nodX|consensus50|pass_single_dominant	nodX|Rhizobium_beringeri|WSH53767.1	98.972	1070	11	0	34	1103	31	1100	0.0	1917
SCBI-3-1-Rh|nodX|consensus50|pass_single_dominant	nodX|Rhizobium_leguminosarum|XYR17985.1	98.972	1070	11	0	34	1103	31	1100	0.0	1917
SCBI-3-1-Rh|nodX|consensus50|pass_single_dominant	nodX|Rhizobium_beringeri|WSG78435.1	98.879	1070	12	0	34	1103	31	1100	0.0	1912
SCBI-3-1-Rh|nodX|consensus50|pass_single_dominant	nodX|Rhizobium_beringeri|WSH18630.1	98.879	1070	12	0	34	1103	31	1100	0.0	1912
SCBI-7-1-No|nodX|consensus50|pass_single_dominant	nodX|Rhizobium_leguminosarum|UIK20411.1	100.000	1103	0	0	4	1106	1	1103	0.0	2037
SCBI-7-1-No|nodX|consensus50|pass_single_dominant	nodX|Rhizobium_beringeri|WSH29639.1	100.000	1103	0	0	4	1106	1	1103	0.0	2037
SCBI-7-1-No|nodX|consensus50|pass_single_dominant	nodX|Rhizobium_johnstonii|WSH10826.1	100.000	1103	0	0	4	1106	1	1103	0.0	2037
SCBI-7-1-No|nodX|consensus50|pass_single_dominant	nodX|Rhizobium_johnstonii|WSH48507.1	100.000	1103	0	0	4	1106	1	1103	0.0	2037
SCBI-7-1-No|nodX|consensus50|pass_single_dominant	nodX|Rhizobium_beringeri|WSG78435.1	99.819	1103	2	0	4	1106	1	1103	0.0	2026
SCBI-7-1-No|nodX|consensus50|pass_single_dominant	nodX|Rhizobium_beringeri|WSH18630.1	99.819	1103	2	0	4	1106	1	1103	0.0	2026
SCBI-7-1-No|nodX|consensus50|pass_single_dominant	nodX|Rhizobium_beringeri|WSH53767.1	99.728	1103	3	0	4	1106	1	1103	0.0	2021
SCBI-7-1-No|nodX|consensus50|pass_single_dominant	nodX|Rhizobium_leguminosarum|XYR17985.1	99.728	1103	3	0	4	1106	1	1103	0.0	2021
SCBI-7-1-No|nodX|consensus50|pass_single_dominant	nodX|Rhizobium_anhuiense_bv._trifolii|UTS88797.1	99.365	1103	7	0	4	1106	1	1103	0.0	1999
SCBI-7-1-No|nodX|consensus50|pass_single_dominant	nodX|Rhizobium_leguminosarum|WSH75135.1	99.184	1103	9	0	4	1106	1	1103	0.0	1988
SCBI-7-1-Ro|nodX|consensus50|pass_single_dominant	nodX|Rhizobium_leguminosarum|UIK20411.1	100.000	1102	0	0	5	1106	2	1103	0.0	2036
SCBI-7-1-Ro|nodX|consensus50|pass_single_dominant	nodX|Rhizobium_beringeri|WSH29639.1	100.000	1102	0	0	5	1106	2	1103	0.0	2036
SCBI-7-1-Ro|nodX|consensus50|pass_single_dominant	nodX|Rhizobium_johnstonii|WSH10826.1	100.000	1102	0	0	5	1106	2	1103	0.0	2036
SCBI-7-1-Ro|nodX|consensus50|pass_single_dominant	nodX|Rhizobium_johnstonii|WSH48507.1	100.000	1102	0	0	5	1106	2	1103	0.0	2036
SCBI-7-1-Ro|nodX|consensus50|pass_single_dominant	nodX|Rhizobium_beringeri|WSG78435.1	99.819	1102	2	0	5	1106	2	1103	0.0	2025
SCBI-7-1-Ro|nodX|consensus50|pass_single_dominant	nodX|Rhizobium_beringeri|WSH18630.1	99.819	1102	2	0	5	1106	2	1103	0.0	2025
SCBI-7-1-Ro|nodX|consensus50|pass_single_dominant	nodX|Rhizobium_beringeri|WSH53767.1	99.728	1102	3	0	5	1106	2	1103	0.0	2019
SCBI-7-1-Ro|nodX|consensus50|pass_single_dominant	nodX|Rhizobium_leguminosarum|XYR17985.1	99.728	1102	3	0	5	1106	2	1103	0.0	2019
SCBI-7-1-Ro|nodX|consensus50|pass_single_dominant	nodX|Rhizobium_anhuiense_bv._trifolii|UTS88797.1	99.365	1102	7	0	5	1106	2	1103	0.0	1997
SCBI-7-1-Ro|nodX|consensus50|pass_single_dominant	nodX|Rhizobium_leguminosarum|WSH75135.1	99.183	1102	9	0	5	1106	2	1103	0.0	1986
SJER-4-1-Rh|nodX|consensus50|pass_single_dominant	nodX|Rhizobium_beringeri|WSH53767.1	98.137	644	12	0	449	1092	446	1089	0.0	1123
SJER-4-1-Rh|nodX|consensus50|pass_single_dominant	nodX|Rhizobium_beringeri|WSH53767.1	94.560	386	21	0	10	395	7	392	1.93e-173	599
SJER-4-1-Rh|nodX|consensus50|pass_single_dominant	nodX|Rhizobium_leguminosarum|WSH75135.1	98.137	644	12	0	449	1092	446	1089	0.0	1123
SJER-4-1-Rh|nodX|consensus50|pass_single_dominant	nodX|Rhizobium_leguminosarum|WSH75135.1	94.819	386	20	0	10	395	7	392	4.14e-175	604
SJER-4-1-Rh|nodX|consensus50|pass_single_dominant	nodX|Rhizobium_leguminosarum|XYR17985.1	98.137	644	12	0	449	1092	446	1089	0.0	1123
SJER-4-1-Rh|nodX|consensus50|pass_single_dominant	nodX|Rhizobium_leguminosarum|XYR17985.1	94.560	386	21	0	10	395	7	392	1.93e-173	599
SJER-4-1-Rh|nodX|consensus50|pass_single_dominant	nodX|Rhizobium_leguminosarum|UIK20411.1	97.981	644	13	0	449	1092	446	1089	0.0	1118
SJER-4-1-Rh|nodX|consensus50|pass_single_dominant	nodX|Rhizobium_leguminosarum|UIK20411.1	94.560	386	21	0	10	395	7	392	1.93e-173	599
SJER-4-1-Rh|nodX|consensus50|pass_single_dominant	nodX|Rhizobium_beringeri|WSH29639.1	97.981	644	13	0	449	1092	446	1089	0.0	1118
SJER-4-1-Rh|nodX|consensus50|pass_single_dominant	nodX|Rhizobium_beringeri|WSH29639.1	94.560	386	21	0	10	395	7	392	1.93e-173	599
SJER-4-1-Rh|nodX|consensus50|pass_single_dominant	nodX|Rhizobium_beringeri|WSG78435.1	97.981	644	13	0	449	1092	446	1089	0.0	1118
SJER-4-1-Rh|nodX|consensus50|pass_single_dominant	nodX|Rhizobium_beringeri|WSG78435.1	94.560	386	21	0	10	395	7	392	1.93e-173	599
SJER-4-1-Rh|nodX|consensus50|pass_single_dominant	nodX|Rhizobium_johnstonii|WSH10826.1	97.981	644	13	0	449	1092	446	1089	0.0	1118
SJER-4-1-Rh|nodX|consensus50|pass_single_dominant	nodX|Rhizobium_johnstonii|WSH10826.1	94.560	386	21	0	10	395	7	392	1.93e-173	599
SJER-4-1-Rh|nodX|consensus50|pass_single_dominant	nodX|Rhizobium_beringeri|WSH18630.1	97.981	644	13	0	449	1092	446	1089	0.0	1118
SJER-4-1-Rh|nodX|consensus50|pass_single_dominant	nodX|Rhizobium_beringeri|WSH18630.1	94.560	386	21	0	10	395	7	392	1.93e-173	599
SJER-4-1-Rh|nodX|consensus50|pass_single_dominant	nodX|Rhizobium_johnstonii|WSH48507.1	97.981	644	13	0	449	1092	446	1089	0.0	1118
SJER-4-1-Rh|nodX|consensus50|pass_single_dominant	nodX|Rhizobium_johnstonii|WSH48507.1	94.560	386	21	0	10	395	7	392	1.93e-173	599
SJER-4-1-Rh|nodX|consensus50|pass_single_dominant	nodX|Rhizobium_anhuiense_bv._trifolii|UTS88797.1	97.826	644	14	0	449	1092	446	1089	0.0	1112
SJER-4-1-Rh|nodX|consensus50|pass_single_dominant	nodX|Rhizobium_anhuiense_bv._trifolii|UTS88797.1	94.560	386	21	0	10	395	7	392	1.93e-173	599
SJER-4-1-Ro|nodX|consensus50|pass_single_dominant	nodX|Rhizobium_anhuiense_bv._trifolii|UTS88797.1	99.588	972	4	0	134	1105	131	1102	0.0	1775
SJER-4-1-Ro|nodX|consensus50|pass_single_dominant	nodX|Rhizobium_leguminosarum|UIK20411.1	99.486	972	5	0	134	1105	131	1102	0.0	1770
SJER-4-1-Ro|nodX|consensus50|pass_single_dominant	nodX|Rhizobium_beringeri|WSH29639.1	99.486	972	5	0	134	1105	131	1102	0.0	1770
SJER-4-1-Ro|nodX|consensus50|pass_single_dominant	nodX|Rhizobium_johnstonii|WSH10826.1	99.486	972	5	0	134	1105	131	1102	0.0	1770
SJER-4-1-Ro|nodX|consensus50|pass_single_dominant	nodX|Rhizobium_johnstonii|WSH48507.1	99.486	972	5	0	134	1105	131	1102	0.0	1770
SJER-4-1-Ro|nodX|consensus50|pass_single_dominant	nodX|Rhizobium_beringeri|WSH53767.1	99.486	972	5	0	134	1105	131	1102	0.0	1770
SJER-4-1-Ro|nodX|consensus50|pass_single_dominant	nodX|Rhizobium_leguminosarum|XYR17985.1	99.486	972	5	0	134	1105	131	1102	0.0	1770
SJER-4-1-Ro|nodX|consensus50|pass_single_dominant	nodX|Rhizobium_beringeri|WSG78435.1	99.383	972	6	0	134	1105	131	1102	0.0	1764
SJER-4-1-Ro|nodX|consensus50|pass_single_dominant	nodX|Rhizobium_beringeri|WSH18630.1	99.383	972	6	0	134	1105	131	1102	0.0	1764
SJER-4-1-Ro|nodX|consensus50|pass_single_dominant	nodX|Rhizobium_leguminosarum|WSH75135.1	99.177	972	8	0	134	1105	131	1102	0.0	1753
TALL-20-1-No|nodX|consensus50|pass_single_dominant	nodX|Rhizobium_anhuiense_bv._trifolii|UTS88797.1	99.817	1093	2	0	13	1105	10	1102	0.0	2008
TALL-20-1-No|nodX|consensus50|pass_single_dominant	nodX|Rhizobium_beringeri|WSH53767.1	99.634	1093	4	0	13	1105	10	1102	0.0	1997
TALL-20-1-No|nodX|consensus50|pass_single_dominant	nodX|Rhizobium_leguminosarum|XYR17985.1	99.634	1093	4	0	13	1105	10	1102	0.0	1997
TALL-20-1-No|nodX|consensus50|pass_single_dominant	nodX|Rhizobium_leguminosarum|UIK20411.1	99.543	1093	5	0	13	1105	10	1102	0.0	1991
TALL-20-1-No|nodX|consensus50|pass_single_dominant	nodX|Rhizobium_beringeri|WSH29639.1	99.543	1093	5	0	13	1105	10	1102	0.0	1991
TALL-20-1-No|nodX|consensus50|pass_single_dominant	nodX|Rhizobium_beringeri|WSG78435.1	99.543	1093	5	0	13	1105	10	1102	0.0	1991
TALL-20-1-No|nodX|consensus50|pass_single_dominant	nodX|Rhizobium_johnstonii|WSH10826.1	99.543	1093	5	0	13	1105	10	1102	0.0	1991
TALL-20-1-No|nodX|consensus50|pass_single_dominant	nodX|Rhizobium_beringeri|WSH18630.1	99.543	1093	5	0	13	1105	10	1102	0.0	1991
TALL-20-1-No|nodX|consensus50|pass_single_dominant	nodX|Rhizobium_johnstonii|WSH48507.1	99.543	1093	5	0	13	1105	10	1102	0.0	1991
TALL-20-1-No|nodX|consensus50|pass_single_dominant	nodX|Rhizobium_leguminosarum|WSH75135.1	99.268	1093	8	0	13	1105	10	1102	0.0	1975
TALL-44-1-No|nodX|consensus50|pass_single_dominant	nodX|Rhizobium_aethiopicum|CAO3997942.1	97.366	1101	29	0	5	1105	2	1102	0.0	1895
TALL-44-1-No|nodX|consensus50|pass_single_dominant	nodX|Rhizobium_beringeri|WSH53767.1	95.822	1101	46	0	5	1105	2	1102	0.0	1801
TALL-44-1-No|nodX|consensus50|pass_single_dominant	nodX|Rhizobium_leguminosarum|WSH75135.1	95.822	1101	46	0	5	1105	2	1102	0.0	1801
TALL-44-1-No|nodX|consensus50|pass_single_dominant	nodX|Rhizobium_leguminosarum|XYR17985.1	95.822	1101	46	0	5	1105	2	1102	0.0	1801
TALL-44-1-No|nodX|consensus50|pass_single_dominant	nodX|Rhizobium_ruizarguesonis|UFW98965.1	95.731	1101	47	0	5	1105	2	1102	0.0	1796
TALL-44-1-No|nodX|consensus50|pass_single_dominant	nodX|Rhizobium_leguminosarum|UIK20411.1	95.731	1101	47	0	5	1105	2	1102	0.0	1796
TALL-44-1-No|nodX|consensus50|pass_single_dominant	nodX|Rhizobium_beringeri|WSH29639.1	95.731	1101	47	0	5	1105	2	1102	0.0	1796
TALL-44-1-No|nodX|consensus50|pass_single_dominant	nodX|Rhizobium_beringeri|WSG78435.1	95.731	1101	47	0	5	1105	2	1102	0.0	1796
TALL-44-1-No|nodX|consensus50|pass_single_dominant	nodX|Rhizobium_johnstonii|WSH10826.1	95.731	1101	47	0	5	1105	2	1102	0.0	1796
TALL-44-1-No|nodX|consensus50|pass_single_dominant	nodX|Rhizobium_ruizarguesonis|WSH03945.1	95.731	1101	47	0	5	1105	2	1102	0.0	1796
TALL-46-2-No|nodX|consensus50|pass_single_dominant	nodX|Rhizobium_aethiopicum|CAO3997942.1	98.457	1102	17	0	4	1105	1	1102	0.0	1941
TALL-46-2-No|nodX|consensus50|pass_single_dominant	nodX|Rhizobium_beringeri|WSH53767.1	96.915	1102	34	0	4	1105	1	1102	0.0	1847
TALL-46-2-No|nodX|consensus50|pass_single_dominant	nodX|Rhizobium_leguminosarum|WSH75135.1	96.915	1102	34	0	4	1105	1	1102	0.0	1847
TALL-46-2-No|nodX|consensus50|pass_single_dominant	nodX|Rhizobium_leguminosarum|XYR17985.1	96.915	1102	34	0	4	1105	1	1102	0.0	1847
TALL-46-2-No|nodX|consensus50|pass_single_dominant	nodX|Rhizobium_leguminosarum|UIK20411.1	96.824	1102	35	0	4	1105	1	1102	0.0	1842
TALL-46-2-No|nodX|consensus50|pass_single_dominant	nodX|Rhizobium_beringeri|WSH29639.1	96.824	1102	35	0	4	1105	1	1102	0.0	1842
TALL-46-2-No|nodX|consensus50|pass_single_dominant	nodX|Rhizobium_beringeri|WSG78435.1	96.824	1102	35	0	4	1105	1	1102	0.0	1842
TALL-46-2-No|nodX|consensus50|pass_single_dominant	nodX|Rhizobium_johnstonii|WSH10826.1	96.824	1102	35	0	4	1105	1	1102	0.0	1842
TALL-46-2-No|nodX|consensus50|pass_single_dominant	nodX|Rhizobium_beringeri|WSH18630.1	96.824	1102	35	0	4	1105	1	1102	0.0	1842
TALL-46-2-No|nodX|consensus50|pass_single_dominant	nodX|Rhizobium_johnstonii|WSH48507.1	96.824	1102	35	0	4	1105	1	1102	0.0	1842
TALL-48-2-No|nodX|consensus50|pass_single_dominant	nodX|Rhizobium_ruizarguesonis|XIE10098.1	96.084	1098	43	0	10	1107	7	1104	0.0	1792
TALL-48-2-No|nodX|consensus50|pass_single_dominant	nodX|Rhizobium_leguminosarum|UIK01301.1	95.450	1099	50	0	9	1107	6	1104	0.0	1755
TALL-48-2-No|nodX|consensus50|pass_single_dominant	nodX|Rhizobium_leguminosarum|WFT91004.1	95.450	1099	50	0	9	1107	6	1104	0.0	1755
TALL-48-2-No|nodX|consensus50|pass_single_dominant	nodX|Rhizobium_leguminosarum|UIL30343.1	95.364	1100	49	2	9	1107	6	1104	0.0	1749
TALL-48-2-No|nodX|consensus50|pass_single_dominant	nodX|Rhizobium_leguminosarum|XKQ44642.1	95.086	1099	54	0	9	1107	6	1104	0.0	1733
TALL-48-2-No|nodX|consensus50|pass_single_dominant	nodX|Rhizobium_ruizarguesonis|UFW98965.1	93.085	1099	76	0	9	1107	6	1104	0.0	1611
TALL-48-2-No|nodX|consensus50|pass_single_dominant	nodX|Rhizobium_ruizarguesonis|WSH03945.1	93.085	1099	76	0	9	1107	6	1104	0.0	1611
TALL-48-2-No|nodX|consensus50|pass_single_dominant	nodX|Rhizobium_ruizarguesonis|WSH24665.1	93.085	1099	76	0	9	1107	6	1104	0.0	1611
TALL-48-2-No|nodX|consensus50|pass_single_dominant	nodX|Rhizobium_ruizarguesonis|WSH36364.1	93.085	1099	76	0	9	1107	6	1104	0.0	1611
TALL-48-2-No|nodX|consensus50|pass_single_dominant	nodX|Rhizobium_ruizarguesonis|WSH60491.1	93.085	1099	76	0	9	1107	6	1104	0.0	1611
TALL-48-2-Rh|nodX|consensus50|pass_single_dominant	nodX|Rhizobium_ruizarguesonis|XIE10098.1	94.185	791	46	0	280	1070	277	1067	0.0	1249
TALL-48-2-Rh|nodX|consensus50|pass_single_dominant	nodX|Rhizobium_ruizarguesonis|XIE10098.1	94.853	136	7	0	67	202	64	199	2.93e-57	213
TALL-48-2-Rh|nodX|consensus50|pass_single_dominant	nodX|Rhizobium_leguminosarum|UIK01301.1	93.805	791	49	0	280	1070	277	1067	0.0	1232
TALL-48-2-Rh|nodX|consensus50|pass_single_dominant	nodX|Rhizobium_leguminosarum|UIK01301.1	93.382	136	9	0	67	202	64	199	6.35e-54	202
TALL-48-2-Rh|nodX|consensus50|pass_single_dominant	nodX|Rhizobium_leguminosarum|UIL30343.1	93.805	791	49	0	280	1070	277	1067	0.0	1232
TALL-48-2-Rh|nodX|consensus50|pass_single_dominant	nodX|Rhizobium_leguminosarum|UIL30343.1	93.382	136	9	0	67	202	64	199	6.35e-54	202
TALL-48-2-Rh|nodX|consensus50|pass_single_dominant	nodX|Rhizobium_leguminosarum|WFT91004.1	93.805	791	49	0	280	1070	277	1067	0.0	1232
TALL-48-2-Rh|nodX|consensus50|pass_single_dominant	nodX|Rhizobium_leguminosarum|WFT91004.1	93.382	136	9	0	67	202	64	199	6.35e-54	202
TALL-48-2-Rh|nodX|consensus50|pass_single_dominant	nodX|Rhizobium_leguminosarum|XKQ44642.1	93.426	791	52	0	280	1070	277	1067	0.0	1216
TALL-48-2-Rh|nodX|consensus50|pass_single_dominant	nodX|Rhizobium_leguminosarum|XKQ44642.1	94.118	136	8	0	67	202	64	199	1.36e-55	207
TALL-48-2-Rh|nodX|consensus50|pass_single_dominant	nodX|Rhizobium_ruizarguesonis|UFW98965.1	92.035	791	63	0	280	1070	277	1067	0.0	1155
TALL-48-2-Rh|nodX|consensus50|pass_single_dominant	nodX|Rhizobium_ruizarguesonis|UFW98965.1	91.912	136	11	0	67	202	64	199	1.37e-50	191
TALL-48-2-Rh|nodX|consensus50|pass_single_dominant	nodX|Rhizobium_ruizarguesonis|WSH03945.1	92.035	791	63	0	280	1070	277	1067	0.0	1155
TALL-48-2-Rh|nodX|consensus50|pass_single_dominant	nodX|Rhizobium_ruizarguesonis|WSH03945.1	91.912	136	11	0	67	202	64	199	1.37e-50	191
TALL-48-2-Rh|nodX|consensus50|pass_single_dominant	nodX|Rhizobium_ruizarguesonis|WSH24665.1	92.035	791	63	0	280	1070	277	1067	0.0	1155
TALL-48-2-Rh|nodX|consensus50|pass_single_dominant	nodX|Rhizobium_ruizarguesonis|WSH24665.1	91.912	136	11	0	67	202	64	199	1.37e-50	191
TALL-48-2-Rh|nodX|consensus50|pass_single_dominant	nodX|Rhizobium_ruizarguesonis|WSH36364.1	92.035	791	63	0	280	1070	277	1067	0.0	1155
TALL-48-2-Rh|nodX|consensus50|pass_single_dominant	nodX|Rhizobium_ruizarguesonis|WSH36364.1	91.912	136	11	0	67	202	64	199	1.37e-50	191
TALL-48-2-Rh|nodX|consensus50|pass_single_dominant	nodX|Rhizobium_ruizarguesonis|WSH60491.1	92.035	791	63	0	280	1070	277	1067	0.0	1155
TALL-48-2-Rh|nodX|consensus50|pass_single_dominant	nodX|Rhizobium_ruizarguesonis|WSH60491.1	91.912	136	11	0	67	202	64	199	1.37e-50	191
TALL-52-1-No|nodX|consensus50|pass_single_dominant	nodX|Rhizobium_aethiopicum|CAO3997942.1	98.398	1061	17	0	45	1105	42	1102	0.0	1866
TALL-52-1-No|nodX|consensus50|pass_single_dominant	nodX|Rhizobium_leguminosarum|UIK20411.1	96.795	1061	34	0	45	1105	42	1102	0.0	1772
TALL-52-1-No|nodX|consensus50|pass_single_dominant	nodX|Rhizobium_beringeri|WSH29639.1	96.795	1061	34	0	45	1105	42	1102	0.0	1772
TALL-52-1-No|nodX|consensus50|pass_single_dominant	nodX|Rhizobium_johnstonii|WSH10826.1	96.795	1061	34	0	45	1105	42	1102	0.0	1772
TALL-52-1-No|nodX|consensus50|pass_single_dominant	nodX|Rhizobium_johnstonii|WSH48507.1	96.795	1061	34	0	45	1105	42	1102	0.0	1772
TALL-52-1-No|nodX|consensus50|pass_single_dominant	nodX|Rhizobium_beringeri|WSH53767.1	96.795	1061	34	0	45	1105	42	1102	0.0	1772
TALL-52-1-No|nodX|consensus50|pass_single_dominant	nodX|Rhizobium_leguminosarum|WSH75135.1	96.795	1061	34	0	45	1105	42	1102	0.0	1772
TALL-52-1-No|nodX|consensus50|pass_single_dominant	nodX|Rhizobium_leguminosarum|XYR17985.1	96.795	1061	34	0	45	1105	42	1102	0.0	1772
TALL-52-1-No|nodX|consensus50|pass_single_dominant	nodX|Rhizobium_beringeri|WSG78435.1	96.701	1061	35	0	45	1105	42	1102	0.0	1766
TALL-52-1-No|nodX|consensus50|pass_single_dominant	nodX|Rhizobium_beringeri|WSH18630.1	96.701	1061	35	0	45	1105	42	1102	0.0	1766
TALL-55-1-Ro|nodX|consensus50|pass_single_dominant	nodX|Rhizobium_aethiopicum|CAO3997942.1	98.459	1103	17	0	5	1107	2	1104	0.0	1943
TALL-55-1-Ro|nodX|consensus50|pass_single_dominant	nodX|Rhizobium_beringeri|WSH53767.1	96.917	1103	34	0	5	1107	2	1104	0.0	1849
TALL-55-1-Ro|nodX|consensus50|pass_single_dominant	nodX|Rhizobium_leguminosarum|WSH75135.1	96.917	1103	34	0	5	1107	2	1104	0.0	1849
TALL-55-1-Ro|nodX|consensus50|pass_single_dominant	nodX|Rhizobium_leguminosarum|XYR17985.1	96.917	1103	34	0	5	1107	2	1104	0.0	1849
TALL-55-1-Ro|nodX|consensus50|pass_single_dominant	nodX|Rhizobium_leguminosarum|UIK20411.1	96.827	1103	35	0	5	1107	2	1104	0.0	1844
TALL-55-1-Ro|nodX|consensus50|pass_single_dominant	nodX|Rhizobium_beringeri|WSH29639.1	96.827	1103	35	0	5	1107	2	1104	0.0	1844
TALL-55-1-Ro|nodX|consensus50|pass_single_dominant	nodX|Rhizobium_beringeri|WSG78435.1	96.827	1103	35	0	5	1107	2	1104	0.0	1844
TALL-55-1-Ro|nodX|consensus50|pass_single_dominant	nodX|Rhizobium_johnstonii|WSH10826.1	96.827	1103	35	0	5	1107	2	1104	0.0	1844
TALL-55-1-Ro|nodX|consensus50|pass_single_dominant	nodX|Rhizobium_beringeri|WSH18630.1	96.827	1103	35	0	5	1107	2	1104	0.0	1844
TALL-55-1-Ro|nodX|consensus50|pass_single_dominant	nodX|Rhizobium_johnstonii|WSH48507.1	96.827	1103	35	0	5	1107	2	1104	0.0	1844
TALL-70-1-Rh|nodX|consensus50|pass_single_dominant	nodX|Rhizobium_anhuiense_bv._trifolii|UTS88797.1	99.545	1099	5	0	7	1105	4	1102	0.0	2008
TALL-70-1-Rh|nodX|consensus50|pass_single_dominant	nodX|Rhizobium_beringeri|WSH53767.1	99.181	1099	9	0	7	1105	4	1102	0.0	1986
TALL-70-1-Rh|nodX|consensus50|pass_single_dominant	nodX|Rhizobium_leguminosarum|XYR17985.1	99.181	1099	9	0	7	1105	4	1102	0.0	1986
TALL-70-1-Rh|nodX|consensus50|pass_single_dominant	nodX|Rhizobium_leguminosarum|UIK20411.1	99.090	1099	10	0	7	1105	4	1102	0.0	1980
TALL-70-1-Rh|nodX|consensus50|pass_single_dominant	nodX|Rhizobium_beringeri|WSH29639.1	99.090	1099	10	0	7	1105	4	1102	0.0	1980
TALL-70-1-Rh|nodX|consensus50|pass_single_dominant	nodX|Rhizobium_beringeri|WSG78435.1	99.090	1099	10	0	7	1105	4	1102	0.0	1980
TALL-70-1-Rh|nodX|consensus50|pass_single_dominant	nodX|Rhizobium_johnstonii|WSH10826.1	99.090	1099	10	0	7	1105	4	1102	0.0	1980
TALL-70-1-Rh|nodX|consensus50|pass_single_dominant	nodX|Rhizobium_beringeri|WSH18630.1	99.090	1099	10	0	7	1105	4	1102	0.0	1980
TALL-70-1-Rh|nodX|consensus50|pass_single_dominant	nodX|Rhizobium_johnstonii|WSH48507.1	99.090	1099	10	0	7	1105	4	1102	0.0	1980
TALL-70-1-Rh|nodX|consensus50|pass_single_dominant	nodX|Rhizobium_leguminosarum|WSH75135.1	99.090	1099	10	0	7	1105	4	1102	0.0	1980
TOOL-16-Ro|nodX|consensus50|pass_single_dominant	nodX|Rhizobium_leguminosarum|WSH75135.1	99.908	1087	1	0	19	1105	16	1102	0.0	2002
TOOL-16-Ro|nodX|consensus50|pass_single_dominant	nodX|Rhizobium_beringeri|WSH53767.1	99.356	1087	7	0	19	1105	16	1102	0.0	1969
TOOL-16-Ro|nodX|consensus50|pass_single_dominant	nodX|Rhizobium_leguminosarum|XYR17985.1	99.356	1087	7	0	19	1105	16	1102	0.0	1969
TOOL-16-Ro|nodX|consensus50|pass_single_dominant	nodX|Rhizobium_leguminosarum|UIK20411.1	99.355	1085	7	0	21	1105	18	1102	0.0	1965
TOOL-16-Ro|nodX|consensus50|pass_single_dominant	nodX|Rhizobium_beringeri|WSH29639.1	99.355	1085	7	0	21	1105	18	1102	0.0	1965
TOOL-16-Ro|nodX|consensus50|pass_single_dominant	nodX|Rhizobium_johnstonii|WSH10826.1	99.355	1085	7	0	21	1105	18	1102	0.0	1965
TOOL-16-Ro|nodX|consensus50|pass_single_dominant	nodX|Rhizobium_johnstonii|WSH48507.1	99.355	1085	7	0	21	1105	18	1102	0.0	1965
TOOL-16-Ro|nodX|consensus50|pass_single_dominant	nodX|Rhizobium_beringeri|WSG78435.1	99.264	1087	8	0	19	1105	16	1102	0.0	1964
TOOL-16-Ro|nodX|consensus50|pass_single_dominant	nodX|Rhizobium_beringeri|WSH18630.1	99.264	1087	8	0	19	1105	16	1102	0.0	1964
TOOL-16-Ro|nodX|consensus50|pass_single_dominant	nodX|Rhizobium_anhuiense_bv._trifolii|UTS88797.1	99.172	1087	9	0	19	1105	16	1102	0.0	1958
TOOL-18-Rh|nodX|consensus50|pass_single_dominant	nodX|Rhizobium_leguminosarum|WSH75135.1	100.000	1102	0	0	5	1106	2	1103	0.0	2036
TOOL-18-Rh|nodX|consensus50|pass_single_dominant	nodX|Rhizobium_beringeri|WSH53767.1	99.274	1102	8	0	5	1106	2	1103	0.0	1991
TOOL-18-Rh|nodX|consensus50|pass_single_dominant	nodX|Rhizobium_leguminosarum|XYR17985.1	99.274	1102	8	0	5	1106	2	1103	0.0	1991
TOOL-18-Rh|nodX|consensus50|pass_single_dominant	nodX|Rhizobium_leguminosarum|UIK20411.1	99.183	1102	9	0	5	1106	2	1103	0.0	1986
TOOL-18-Rh|nodX|consensus50|pass_single_dominant	nodX|Rhizobium_beringeri|WSH29639.1	99.183	1102	9	0	5	1106	2	1103	0.0	1986
TOOL-18-Rh|nodX|consensus50|pass_single_dominant	nodX|Rhizobium_beringeri|WSG78435.1	99.183	1102	9	0	5	1106	2	1103	0.0	1986
TOOL-18-Rh|nodX|consensus50|pass_single_dominant	nodX|Rhizobium_johnstonii|WSH10826.1	99.183	1102	9	0	5	1106	2	1103	0.0	1986
TOOL-18-Rh|nodX|consensus50|pass_single_dominant	nodX|Rhizobium_beringeri|WSH18630.1	99.183	1102	9	0	5	1106	2	1103	0.0	1986
TOOL-18-Rh|nodX|consensus50|pass_single_dominant	nodX|Rhizobium_johnstonii|WSH48507.1	99.183	1102	9	0	5	1106	2	1103	0.0	1986
TOOL-18-Rh|nodX|consensus50|pass_single_dominant	nodX|Rhizobium_anhuiense_bv._trifolii|UTS88797.1	99.093	1102	10	0	5	1106	2	1103	0.0	1980
TOOL-22-Rh|nodX|consensus50|pass_single_dominant	nodX|Rhizobium_leguminosarum|WSH75135.1	100.000	1091	0	0	16	1106	13	1103	0.0	2015
TOOL-22-Rh|nodX|consensus50|pass_single_dominant	nodX|Rhizobium_beringeri|WSH53767.1	99.267	1091	8	0	16	1106	13	1103	0.0	1971
TOOL-22-Rh|nodX|consensus50|pass_single_dominant	nodX|Rhizobium_leguminosarum|XYR17985.1	99.267	1091	8	0	16	1106	13	1103	0.0	1971
TOOL-22-Rh|nodX|consensus50|pass_single_dominant	nodX|Rhizobium_leguminosarum|UIK20411.1	99.175	1091	9	0	16	1106	13	1103	0.0	1965
TOOL-22-Rh|nodX|consensus50|pass_single_dominant	nodX|Rhizobium_beringeri|WSH29639.1	99.175	1091	9	0	16	1106	13	1103	0.0	1965
TOOL-22-Rh|nodX|consensus50|pass_single_dominant	nodX|Rhizobium_beringeri|WSG78435.1	99.175	1091	9	0	16	1106	13	1103	0.0	1965
TOOL-22-Rh|nodX|consensus50|pass_single_dominant	nodX|Rhizobium_johnstonii|WSH10826.1	99.175	1091	9	0	16	1106	13	1103	0.0	1965
TOOL-22-Rh|nodX|consensus50|pass_single_dominant	nodX|Rhizobium_beringeri|WSH18630.1	99.175	1091	9	0	16	1106	13	1103	0.0	1965
TOOL-22-Rh|nodX|consensus50|pass_single_dominant	nodX|Rhizobium_johnstonii|WSH48507.1	99.175	1091	9	0	16	1106	13	1103	0.0	1965
TOOL-22-Rh|nodX|consensus50|pass_single_dominant	nodX|Rhizobium_anhuiense_bv._trifolii|UTS88797.1	99.083	1091	10	0	16	1106	13	1103	0.0	1960
TOOL-31-No|nodX|consensus50|pass_single_dominant	nodX|Rhizobium_leguminosarum|WSH75135.1	99.819	1102	2	0	5	1106	2	1103	0.0	2025
TOOL-31-No|nodX|consensus50|pass_single_dominant	nodX|Rhizobium_beringeri|WSH53767.1	99.274	1102	8	0	5	1106	2	1103	0.0	1991
TOOL-31-No|nodX|consensus50|pass_single_dominant	nodX|Rhizobium_leguminosarum|XYR17985.1	99.274	1102	8	0	5	1106	2	1103	0.0	1991
TOOL-31-No|nodX|consensus50|pass_single_dominant	nodX|Rhizobium_leguminosarum|UIK20411.1	99.183	1102	9	0	5	1106	2	1103	0.0	1986
TOOL-31-No|nodX|consensus50|pass_single_dominant	nodX|Rhizobium_beringeri|WSH29639.1	99.183	1102	9	0	5	1106	2	1103	0.0	1986
TOOL-31-No|nodX|consensus50|pass_single_dominant	nodX|Rhizobium_beringeri|WSG78435.1	99.183	1102	9	0	5	1106	2	1103	0.0	1986
TOOL-31-No|nodX|consensus50|pass_single_dominant	nodX|Rhizobium_johnstonii|WSH10826.1	99.183	1102	9	0	5	1106	2	1103	0.0	1986
TOOL-31-No|nodX|consensus50|pass_single_dominant	nodX|Rhizobium_beringeri|WSH18630.1	99.183	1102	9	0	5	1106	2	1103	0.0	1986
TOOL-31-No|nodX|consensus50|pass_single_dominant	nodX|Rhizobium_johnstonii|WSH48507.1	99.183	1102	9	0	5	1106	2	1103	0.0	1986
TOOL-31-No|nodX|consensus50|pass_single_dominant	nodX|Rhizobium_anhuiense_bv._trifolii|UTS88797.1	99.093	1102	10	0	5	1106	2	1103	0.0	1980
UNDE-3-1-No|nodX|consensus50|pass_single_dominant	nodX|Rhizobium_aethiopicum|CAO3997942.1	98.459	1103	17	0	4	1106	1	1103	0.0	1943
UNDE-3-1-No|nodX|consensus50|pass_single_dominant	nodX|Rhizobium_beringeri|WSH53767.1	96.917	1103	34	0	4	1106	1	1103	0.0	1849
UNDE-3-1-No|nodX|consensus50|pass_single_dominant	nodX|Rhizobium_leguminosarum|WSH75135.1	96.917	1103	34	0	4	1106	1	1103	0.0	1849
UNDE-3-1-No|nodX|consensus50|pass_single_dominant	nodX|Rhizobium_leguminosarum|XYR17985.1	96.917	1103	34	0	4	1106	1	1103	0.0	1849
UNDE-3-1-No|nodX|consensus50|pass_single_dominant	nodX|Rhizobium_leguminosarum|UIK20411.1	96.827	1103	35	0	4	1106	1	1103	0.0	1844
UNDE-3-1-No|nodX|consensus50|pass_single_dominant	nodX|Rhizobium_beringeri|WSH29639.1	96.827	1103	35	0	4	1106	1	1103	0.0	1844
UNDE-3-1-No|nodX|consensus50|pass_single_dominant	nodX|Rhizobium_beringeri|WSG78435.1	96.827	1103	35	0	4	1106	1	1103	0.0	1844
UNDE-3-1-No|nodX|consensus50|pass_single_dominant	nodX|Rhizobium_johnstonii|WSH10826.1	96.827	1103	35	0	4	1106	1	1103	0.0	1844
UNDE-3-1-No|nodX|consensus50|pass_single_dominant	nodX|Rhizobium_beringeri|WSH18630.1	96.827	1103	35	0	4	1106	1	1103	0.0	1844
UNDE-3-1-No|nodX|consensus50|pass_single_dominant	nodX|Rhizobium_johnstonii|WSH48507.1	96.827	1103	35	0	4	1106	1	1103	0.0	1844
WOOD-10-1-Rh|nodX|consensus50|pass_single_dominant	nodX|Rhizobium_anhuiense_bv._trifolii|UTS88797.1	99.631	1084	4	0	22	1105	19	1102	0.0	1986
WOOD-10-1-Rh|nodX|consensus50|pass_single_dominant	nodX|Rhizobium_leguminosarum|UIK20411.1	99.354	1084	7	0	22	1105	19	1102	0.0	1969
WOOD-10-1-Rh|nodX|consensus50|pass_single_dominant	nodX|Rhizobium_beringeri|WSH29639.1	99.354	1084	7	0	22	1105	19	1102	0.0	1969
WOOD-10-1-Rh|nodX|consensus50|pass_single_dominant	nodX|Rhizobium_johnstonii|WSH10826.1	99.354	1084	7	0	22	1105	19	1102	0.0	1969
WOOD-10-1-Rh|nodX|consensus50|pass_single_dominant	nodX|Rhizobium_johnstonii|WSH48507.1	99.354	1084	7	0	22	1105	19	1102	0.0	1969
WOOD-10-1-Rh|nodX|consensus50|pass_single_dominant	nodX|Rhizobium_beringeri|WSH53767.1	99.354	1084	7	0	22	1105	19	1102	0.0	1969
WOOD-10-1-Rh|nodX|consensus50|pass_single_dominant	nodX|Rhizobium_leguminosarum|XYR17985.1	99.354	1084	7	0	22	1105	19	1102	0.0	1969
WOOD-10-1-Rh|nodX|consensus50|pass_single_dominant	nodX|Rhizobium_beringeri|WSG78435.1	99.262	1084	8	0	22	1105	19	1102	0.0	1964
WOOD-10-1-Rh|nodX|consensus50|pass_single_dominant	nodX|Rhizobium_beringeri|WSH18630.1	99.262	1084	8	0	22	1105	19	1102	0.0	1964
WOOD-10-1-Rh|nodX|consensus50|pass_single_dominant	nodX|Rhizobium_leguminosarum|WSH75135.1	98.985	1084	11	0	22	1105	19	1102	0.0	1947
YELL-2-2-No|nodX|consensus50|pass_single_dominant	nodX|Rhizobium_aethiopicum|CAO3997942.1	98.460	1104	17	0	4	1107	1	1104	0.0	1945
YELL-2-2-No|nodX|consensus50|pass_single_dominant	nodX|Rhizobium_beringeri|WSH53767.1	96.920	1104	34	0	4	1107	1	1104	0.0	1851
YELL-2-2-No|nodX|consensus50|pass_single_dominant	nodX|Rhizobium_leguminosarum|WSH75135.1	96.920	1104	34	0	4	1107	1	1104	0.0	1851
YELL-2-2-No|nodX|consensus50|pass_single_dominant	nodX|Rhizobium_leguminosarum|XYR17985.1	96.920	1104	34	0	4	1107	1	1104	0.0	1851
YELL-2-2-No|nodX|consensus50|pass_single_dominant	nodX|Rhizobium_leguminosarum|UIK20411.1	96.830	1104	35	0	4	1107	1	1104	0.0	1845
YELL-2-2-No|nodX|consensus50|pass_single_dominant	nodX|Rhizobium_beringeri|WSH29639.1	96.830	1104	35	0	4	1107	1	1104	0.0	1845
YELL-2-2-No|nodX|consensus50|pass_single_dominant	nodX|Rhizobium_beringeri|WSG78435.1	96.830	1104	35	0	4	1107	1	1104	0.0	1845
YELL-2-2-No|nodX|consensus50|pass_single_dominant	nodX|Rhizobium_johnstonii|WSH10826.1	96.830	1104	35	0	4	1107	1	1104	0.0	1845
YELL-2-2-No|nodX|consensus50|pass_single_dominant	nodX|Rhizobium_beringeri|WSH18630.1	96.830	1104	35	0	4	1107	1	1104	0.0	1845
YELL-2-2-No|nodX|consensus50|pass_single_dominant	nodX|Rhizobium_johnstonii|WSH48507.1	96.830	1104	35	0	4	1107	1	1104	0.0	1845
