IQ-TREE version 3.1.1 for Linux x86 64-bit built Apr  8 2026
Developed by Bui Quang Minh, Thomas Wong, Nhan Ly-Trong, Huaiyan Ren
Contributed by Lam-Tung Nguyen, Dominik Schrempf, Chris Bielow,
Olga Chernomor, Michael Woodhams, Diep Thi Hoang, Heiko Schmidt

Host:    solislemus-001.discovery.wisc.edu (AVX512, FMA3, 1007 GB RAM)
Command: iqtree -s /mnt/dv/wid/projects6/SolisLemus-Intbio-raw/processed-data/symbiosis_sorted_v2_consensus_sequences_50percent/nifH_consensus_mafft_v2/nifH_consensus50_iupac_all_pass.mafft.fasta -st DNA -m MFP -B 1000 -alrt 1000 -T AUTO --prefix /mnt/dv/wid/projects6/SolisLemus-Intbio-raw/processed-data/symbiosis_sorted_v2_consensus_sequences_50percent/nifH_consensus_iqtree_v2/nifH_consensus50_iupac_all_pass
Seed:    457718 (Using SPRNG - Scalable Parallel Random Number Generator)
Time:    Sat Jul 11 11:53:08 2026
Kernel:  AVX+FMA - auto-detect threads (72 CPU cores detected)

Reading alignment file /mnt/dv/wid/projects6/SolisLemus-Intbio-raw/processed-data/symbiosis_sorted_v2_consensus_sequences_50percent/nifH_consensus_mafft_v2/nifH_consensus50_iupac_all_pass.mafft.fasta ... Fasta format detected
Reading fasta file: done in 0.0211389 secs using 75.54% CPU
Constructing alignment: done in 0.0313962 secs using 909.4% CPU
WARNING: 75 sites contain only gaps or ambiguous characters.
Alignment has 1538 sequences with 997 columns, 649 distinct patterns
407 parsimony-informative, 46 singleton sites, 544 constant sites
                                                                      Gap/Ambiguity  Composition  p-value
Analyzing sequences: done in 0.00867995 secs using 3807% CPU
   1  BLAN-1-1-No|nifH|consensus50|pass_mixed_possible_multitemplate         21.06%    passed     67.78%
   2  BLAN-1-1-Rh|nifH|consensus50|pass_mixed_possible_multitemplate         19.36%    passed     50.30%
   3  BLAN-2-1-No|nifH|consensus50|pass_mixed_possible_multitemplate         19.86%    passed     49.79%
   4  BLAN-2-1-Rh|nifH|consensus50|pass_mixed_possible_multitemplate         22.27%    passed     85.63%
   5  BLAN-2-1-Ro|nifH|consensus50|pass_mixed_possible_multitemplate         21.56%    passed     58.60%
   6  BLAN-3-1-No|nifH|consensus50|pass_mixed_possible_multitemplate         20.56%    passed     11.33%
   7  BLAN-3-1-Rh|nifH|consensus50|pass_mixed_possible_multitemplate         24.27%    passed     33.27%
   8  BLAN-3-1-Ro|nifH|consensus50|pass_mixed_possible_multitemplate         20.96%    failed      4.01%
   9  BLAN-4-1-Rh|nifH|consensus50|pass_mixed_possible_multitemplate         21.26%    passed     71.76%
  10  BLAN-4-1-Ro|nifH|consensus50|pass_mixed_possible_multitemplate         25.58%    passed     56.38%
  11  BONA-1-1-No|nifH|consensus50|pass_mixed_possible_multitemplate         19.46%    passed     74.96%
  12  BONA-14-No|nifH|consensus50|pass_mixed_possible_multitemplate          22.77%    passed     90.92%
  13  BONA-2-Rh|nifH|consensus50|pass_mixed_possible_multitemplate           19.66%    passed     91.42%
  14  BONA-2-Ro|nifH|consensus50|pass_mixed_possible_multitemplate           23.17%    passed     83.06%
  15  BONA-4-No|nifH|consensus50|pass_mixed_possible_multitemplate           23.27%    passed     93.42%
  16  BONA-4-Rh|nifH|consensus50|pass_mixed_possible_multitemplate           20.96%    passed     87.56%
  17  BONA-8-No|nifH|consensus50|pass_mixed_possible_multitemplate           22.37%    passed     89.15%
  18  BONA-8-Ro|nifH|consensus50|pass_mixed_possible_multitemplate           21.26%    passed     96.83%
  19  CLBJ-10-1-No|nifH|consensus50|pass_mixed_possible_multitemplate        18.76%    passed     41.70%
  20  CLBJ-10-1-Rh|nifH|consensus50|pass_mixed_possible_multitemplate        19.16%    passed     77.12%
  21  CLBJ-11-1-No|nifH|consensus50|pass_mixed_possible_multitemplate        22.77%    passed     93.95%
  22  CLBJ-1-1-No|nifH|consensus50|pass_mixed_possible_multitemplate         18.66%    failed      4.15%
  23  CLBJ-1-1-Ro|nifH|consensus50|pass_mixed_possible_multitemplate         25.88%    passed     75.65%
  24  CLBJ-12-2-No|nifH|consensus50|pass_mixed_possible_multitemplate        23.07%    passed     97.81%
  25  CLBJ-12-2-Ro|nifH|consensus50|pass_mixed_possible_multitemplate        20.56%    passed     83.78%
  26  CLBJ-13-1-No|nifH|consensus50|pass_mixed_possible_multitemplate        18.76%    passed     37.88%
  27  CLBJ-13-1-Rh|nifH|consensus50|pass_mixed_possible_multitemplate        22.67%    passed     97.96%
  28  CLBJ-13-1-Ro|nifH|consensus50|pass_mixed_possible_multitemplate        21.36%    passed     91.70%
  29  CLBJ-14-1-No|nifH|consensus50|pass_single_dominant                     16.45%    passed     35.69%
  30  CLBJ-14-1-Rh|nifH|consensus50|pass_mixed_possible_multitemplate        22.47%    passed     46.69%
  31  CLBJ-15-1-No|nifH|consensus50|pass_mixed_possible_multitemplate        18.96%    passed     47.11%
  32  CLBJ-15-1-Rh|nifH|consensus50|pass_mixed_possible_multitemplate        23.47%    passed     97.17%
  33  CLBJ-15-1-Ro|nifH|consensus50|pass_mixed_possible_multitemplate        20.46%    passed     97.77%
  34  CLBJ-16-2-No|nifH|consensus50|pass_single_dominant                     17.35%    passed      9.97%
  35  CLBJ-16-2-Rh|nifH|consensus50|pass_mixed_possible_multitemplate        24.57%    passed     96.39%
  36  CLBJ-16-2-Ro|nifH|consensus50|pass_mixed_possible_multitemplate        22.17%    passed     93.29%
  37  CLBJ-17-1-No|nifH|consensus50|pass_mixed_possible_multitemplate        19.56%    passed     24.17%
  38  CLBJ-17-1-Rh|nifH|consensus50|pass_single_dominant                     20.36%    passed     99.53%
  39  CLBJ-18-1-No|nifH|consensus50|pass_mixed_possible_multitemplate        18.05%    passed     16.26%
  40  CLBJ-18-1-Rh|nifH|consensus50|pass_mixed_possible_multitemplate        21.87%    passed     96.20%
  41  CLBJ-18-1-Ro|nifH|consensus50|pass_mixed_possible_multitemplate        23.07%    passed     82.61%
  42  CLBJ-19-1-No|nifH|consensus50|pass_mixed_possible_multitemplate        18.76%    passed     15.82%
  43  CLBJ-19-1-Rh|nifH|consensus50|pass_single_dominant                     19.56%    passed     19.17%
  44  CLBJ-19-1-Ro|nifH|consensus50|pass_mixed_possible_multitemplate        22.87%    passed     58.74%
  45  CLBJ-20-1-No|nifH|consensus50|pass_single_dominant                     17.15%    passed      5.90%
  46  CLBJ-21-1-Rh|nifH|consensus50|pass_mixed_possible_multitemplate        21.16%    passed     60.70%
  47  CLBJ-23-1-No|nifH|consensus50|pass_single_dominant                     17.85%    passed     30.57%
  48  CLBJ-23-1-Rh|nifH|consensus50|pass_mixed_possible_multitemplate        23.37%    passed     77.30%
  49  CLBJ-23-1-Ro|nifH|consensus50|pass_mixed_possible_multitemplate        20.96%    passed     82.96%
  50  CLBJ-24-No|nifH|consensus50|pass_mixed_possible_multitemplate          17.75%    passed     97.31%
  51  CLBJ-24-Rh|nifH|consensus50|pass_mixed_possible_multitemplate          22.97%    passed     99.93%
  52  CLBJ-25-2-No|nifH|consensus50|pass_mixed_possible_multitemplate        17.85%    passed     83.58%
  53  CLBJ-25-2-Rh|nifH|consensus50|pass_mixed_possible_multitemplate        18.66%    passed     83.18%
  54  CLBJ-25-2-Ro|nifH|consensus50|pass_mixed_possible_multitemplate        17.75%    passed     93.32%
  55  CLBJ-26-1-No|nifH|consensus50|pass_single_dominant                     16.95%    passed     62.07%
  56  CLBJ-26-1-Rh|nifH|consensus50|pass_mixed_possible_multitemplate        24.67%    passed     90.27%
  57  CLBJ-26-1-Ro|nifH|consensus50|pass_mixed_possible_multitemplate        18.76%    passed     96.21%
  58  CLBJ-27-1-No|nifH|consensus50|pass_single_dominant                     16.35%    passed     68.18%
  59  CLBJ-27-1-Rh|nifH|consensus50|pass_mixed_possible_multitemplate        18.36%    passed     93.37%
  60  CLBJ-27-1-Ro|nifH|consensus50|pass_mixed_possible_multitemplate        18.15%    passed     76.85%
  61  CLBJ-28-3-Rh|nifH|consensus50|pass_single_dominant                     17.35%    passed     93.25%
  62  CLBJ-29-2-Rh|nifH|consensus50|pass_mixed_possible_multitemplate        18.76%    passed     83.04%
  63  CLBJ-2-Rh|nifH|consensus50|pass_mixed_possible_multitemplate           17.95%    passed     78.86%
  64  CLBJ-2-Ro|nifH|consensus50|pass_mixed_possible_multitemplate           24.97%    passed     77.92%
  65  CLBJ-30-1-No|nifH|consensus50|pass_single_dominant                     19.66%    passed     31.12%
  66  CLBJ-3-1-No|nifH|consensus50|pass_mixed_possible_multitemplate         20.66%    failed      2.14%
  67  CLBJ-3-1-Rh|nifH|consensus50|pass_single_dominant                      20.56%    passed     86.46%
  68  CLBJ-3-1-Ro|nifH|consensus50|pass_mixed_possible_multitemplate         22.97%    passed     46.41%
  69  CLBJ-32-1-Rh|nifH|consensus50|pass_single_dominant                     16.75%    passed     59.64%
  70  CLBJ-32-1-Ro|nifH|consensus50|pass_mixed_possible_multitemplate        23.47%    passed     74.70%
  71  CLBJ-34-1-No|nifH|consensus50|pass_single_dominant                     18.05%    passed     49.05%
  72  CLBJ-34-1-Rh|nifH|consensus50|pass_mixed_possible_multitemplate        23.27%    passed     47.18%
  73  CLBJ-35-1-No|nifH|consensus50|pass_mixed_possible_multitemplate        18.15%    passed     80.75%
  74  CLBJ-35-1-Ro|nifH|consensus50|pass_mixed_possible_multitemplate        24.97%    passed     72.04%
  75  CLBJ-36-1-No|nifH|consensus50|pass_single_dominant                     20.86%    passed     94.20%
  76  CLBJ-39-1-No|nifH|consensus50|pass_single_dominant                     16.55%    passed     48.73%
  77  CLBJ-39-1-Rh|nifH|consensus50|pass_mixed_possible_multitemplate        18.66%    passed     82.72%
  78  CLBJ-40-1-Ro|nifH|consensus50|pass_mixed_possible_multitemplate        23.37%    passed     89.03%
  79  CLBJ-4-1-No|nifH|consensus50|pass_single_dominant                      17.65%    passed     79.94%
  80  CLBJ-4-1-Rh|nifH|consensus50|pass_mixed_possible_multitemplate         22.97%    passed     98.63%
  81  CLBJ-4-1-Ro|nifH|consensus50|pass_single_dominant                      20.66%    passed     69.89%
  82  CLBJ-42-1-No|nifH|consensus50|pass_single_dominant                     16.65%    passed     32.57%
  83  CLBJ-42-1-Ro|nifH|consensus50|pass_mixed_possible_multitemplate        21.66%    passed     55.42%
  84  CLBJ-43-2-No|nifH|consensus50|pass_single_dominant                     17.55%    passed     13.40%
  85  CLBJ-43-2-Rh|nifH|consensus50|pass_mixed_possible_multitemplate        21.77%    passed     70.68%
  86  CLBJ-43-2-Ro|nifH|consensus50|pass_mixed_possible_multitemplate        19.76%    passed     70.89%
  87  CLBJ-44-1-Ro|nifH|consensus50|pass_mixed_possible_multitemplate        23.77%    passed     73.62%
  88  CLBJ-45-2-Ro|nifH|consensus50|pass_mixed_possible_multitemplate        22.87%    passed     75.20%
  89  CLBJ-46-1-Ro|nifH|consensus50|pass_mixed_possible_multitemplate        27.28%    passed     75.25%
  90  CLBJ-47-1-Rh|nifH|consensus50|pass_mixed_possible_multitemplate        23.47%    passed     47.44%
  91  CLBJ-48-1-No|nifH|consensus50|pass_mixed_possible_multitemplate        21.36%    passed     72.19%
  92  CLBJ-49-1-Rh|nifH|consensus50|pass_mixed_possible_multitemplate        24.67%    passed     96.57%
  93  CLBJ-49-1-Ro|nifH|consensus50|pass_mixed_possible_multitemplate        20.26%    passed     86.81%
  94  CLBJ-50-3-No|nifH|consensus50|pass_mixed_possible_multitemplate        22.97%    passed     98.71%
  95  CLBJ-50-3-Rh|nifH|consensus50|pass_mixed_possible_multitemplate        19.06%    passed     92.70%
  96  CLBJ-5-2-No|nifH|consensus50|pass_single_dominant                      18.36%    passed     78.59%
  97  CLBJ-5-2-Rh|nifH|consensus50|pass_mixed_possible_multitemplate         20.26%    passed     53.53%
  98  CLBJ-5-2-Ro|nifH|consensus50|pass_mixed_possible_multitemplate         21.97%    passed     73.06%
  99  CLBJ-6-3-No|nifH|consensus50|pass_mixed_possible_multitemplate         18.76%    passed     89.72%
 100  CLBJ-7-1-No|nifH|consensus50|pass_single_dominant                      17.45%    passed     99.52%
 101  CLBJ-7-1-Rh|nifH|consensus50|pass_mixed_possible_multitemplate         26.58%    passed     82.12%
 102  CLBJ-8-1-Rh|nifH|consensus50|pass_mixed_possible_multitemplate         21.97%    passed     97.82%
 103  CLBJ-8-1-Ro|nifH|consensus50|pass_mixed_possible_multitemplate         22.17%    passed     98.77%
 104  CLBJ-9-1-No|nifH|consensus50|pass_mixed_possible_multitemplate         19.26%    passed     63.09%
 105  CPER-1-No|nifH|consensus50|pass_single_dominant                        16.65%    passed     85.88%
 106  CPER-1-Rh|nifH|consensus50|pass_mixed_possible_multitemplate           21.87%    passed     84.18%
 107  CPER-1-Ro|nifH|consensus50|pass_mixed_possible_multitemplate           20.16%    passed     86.83%
 108  CPER-2-No|nifH|consensus50|pass_mixed_possible_multitemplate           17.55%    passed     40.37%
 109  CPER-2-Rh|nifH|consensus50|pass_mixed_possible_multitemplate           20.76%    passed     81.23%
 110  CPER-2-Ro|nifH|consensus50|pass_mixed_possible_multitemplate           22.77%    passed     49.09%
 111  CPER-3-1-No|nifH|consensus50|pass_single_dominant                      17.35%    passed     30.30%
 112  CPER-3-1-Rh|nifH|consensus50|pass_single_dominant                      18.15%    passed     29.41%
 113  CPER-3-1-Ro|nifH|consensus50|pass_mixed_possible_multitemplate         20.86%    passed     56.17%
 114  CPER-4-No|nifH|consensus50|pass_single_dominant                        16.85%    passed     37.19%
 115  CPER-4-Rh|nifH|consensus50|pass_mixed_possible_multitemplate           20.36%    passed     32.89%
 116  CPER-4-Ro|nifH|consensus50|pass_mixed_possible_multitemplate           21.77%    passed     54.59%
 117  CPER-5-1-No|nifH|consensus50|pass_single_dominant                      17.35%    passed     29.83%
 118  CPER-5-1-Rh|nifH|consensus50|pass_single_dominant                      17.45%    passed     28.32%
 119  CPER-5-1-Ro|nifH|consensus50|pass_mixed_possible_multitemplate         21.26%    passed     42.84%
 120  DCFS-1-2-Rh|nifH|consensus50|pass_mixed_possible_multitemplate         20.56%    passed     79.76%
 121  DCFS-2-2-No|nifH|consensus50|pass_single_dominant                      18.66%    passed     29.73%
 122  DCFS-2-2-Rh|nifH|consensus50|pass_single_dominant                      18.36%    passed     80.74%
 123  DCFS-2-2-Ro|nifH|consensus50|pass_single_dominant                      18.36%    passed     99.75%
 124  DCFS-3-2-No|nifH|consensus50|pass_mixed_possible_multitemplate         20.96%    passed     40.55%
 125  DCFS-4-No|nifH|consensus50|pass_mixed_possible_multitemplate           22.07%    passed     60.03%
 126  DCFS-4-Rh|nifH|consensus50|pass_mixed_possible_multitemplate           24.47%    passed     77.60%
 127  DCFS-4-Ro|nifH|consensus50|pass_mixed_possible_multitemplate           23.17%    passed     98.84%
 128  DCFS-5-1-No|nifH|consensus50|pass_mixed_possible_multitemplate         17.85%    passed     39.19%
 129  DCFS-5-1-Rh|nifH|consensus50|pass_mixed_possible_multitemplate         19.46%    passed     97.92%
 130  DCFS-5-1-Ro|nifH|consensus50|pass_mixed_possible_multitemplate         23.37%    passed     87.26%
 131  DCFS-6-1-No|nifH|consensus50|pass_mixed_possible_multitemplate         18.05%    passed     34.24%
 132  DCFS-6-1-Rh|nifH|consensus50|pass_mixed_possible_multitemplate         22.27%    passed     88.53%
 133  DCFS-6-1-Ro|nifH|consensus50|pass_mixed_possible_multitemplate         27.58%    passed     76.51%
 134  DCFS-7-1-No|nifH|consensus50|pass_mixed_possible_multitemplate         21.26%    passed     95.53%
 135  DCFS-7-1-Rh|nifH|consensus50|pass_mixed_possible_multitemplate         18.86%    passed     94.59%
 136  DCFS-7-1-Ro|nifH|consensus50|pass_mixed_possible_multitemplate         27.38%    passed     77.81%
 137  DCFS-8-1-No|nifH|consensus50|pass_single_dominant                      17.65%    passed     23.54%
 138  DCFS-8-1-Rh|nifH|consensus50|pass_mixed_possible_multitemplate         21.97%    passed     93.18%
 139  DCFS-8-1-Ro|nifH|consensus50|pass_mixed_possible_multitemplate         26.88%    passed     82.75%
 140  DEJU-10-1-No|nifH|consensus50|pass_mixed_possible_multitemplate        23.77%    passed     98.74%
 141  DEJU-11-1-No|nifH|consensus50|pass_mixed_possible_multitemplate        22.57%    passed     67.86%
 142  DEJU-11-1-Ro|nifH|consensus50|pass_mixed_possible_multitemplate        20.06%    passed     95.42%
 143  DEJU-1-1-No|nifH|consensus50|pass_single_dominant                      17.45%    passed     85.03%
 144  DEJU-18-1-No|nifH|consensus50|pass_mixed_possible_multitemplate        23.07%    passed     96.28%
 145  DEJU-20-1-No|nifH|consensus50|pass_mixed_possible_multitemplate        25.28%    passed     56.74%
 146  DEJU-22-1-Rh|nifH|consensus50|pass_mixed_possible_multitemplate        23.47%    passed     97.12%
 147  DEJU-28-2-No|nifH|consensus50|pass_mixed_possible_multitemplate        22.77%    passed     94.39%
 148  DEJU-3-1-No|nifH|consensus50|pass_single_dominant                      19.06%    passed     77.20%
 149  DEJU-3-1-Rh|nifH|consensus50|pass_mixed_possible_multitemplate         22.27%    passed     94.13%
 150  DEJU-3-1-Ro|nifH|consensus50|pass_mixed_possible_multitemplate         20.46%    passed     95.78%
 151  DEJU-32-Ro|nifH|consensus50|pass_mixed_possible_multitemplate          19.46%    passed     84.80%
 152  DEJU-37-No|nifH|consensus50|pass_single_dominant                       21.26%    passed     59.71%
 153  DEJU-38-Rh|nifH|consensus50|pass_mixed_possible_multitemplate          20.56%    passed     75.76%
 154  DEJU-39-No|nifH|consensus50|pass_single_dominant                       17.95%    passed     82.92%
 155  DEJU-39-Ro|nifH|consensus50|pass_mixed_possible_multitemplate          17.45%    passed     84.20%
 156  DEJU-40-No|nifH|consensus50|pass_single_dominant                       17.85%    passed     70.20%
 157  DEJU-40-Ro|nifH|consensus50|pass_mixed_possible_multitemplate          21.16%    passed     48.79%
 158  DEJU-41-1-Ro|nifH|consensus50|pass_mixed_possible_multitemplate        17.95%    passed     85.64%
 159  DEJU-4-1-No|nifH|consensus50|pass_mixed_possible_multitemplate         19.96%    passed     83.35%
 160  DEJU-42-No|nifH|consensus50|pass_single_dominant                       18.25%    passed     85.28%
 161  DEJU-42-Rh|nifH|consensus50|pass_mixed_possible_multitemplate          24.27%    passed     98.52%
 162  DEJU-42-Ro|nifH|consensus50|pass_mixed_possible_multitemplate          19.86%    passed     95.02%
 163  DEJU-43-No|nifH|consensus50|pass_single_dominant                       20.96%    passed     95.41%
 164  DEJU-44-No|nifH|consensus50|pass_mixed_possible_multitemplate          20.26%    passed     68.33%
 165  DEJU-44-Ro|nifH|consensus50|pass_mixed_possible_multitemplate          22.67%    passed     92.47%
 166  DEJU-45-1-Ro|nifH|consensus50|pass_mixed_possible_multitemplate        22.27%    passed     92.77%
 167  DEJU-46-Ro|nifH|consensus50|pass_single_dominant                       17.15%    passed     81.77%
 168  DEJU-47-No|nifH|consensus50|pass_mixed_possible_multitemplate          21.06%    passed     72.31%
 169  DEJU-48-No|nifH|consensus50|pass_mixed_possible_multitemplate          21.26%    passed     95.90%
 170  DEJU-50-No|nifH|consensus50|pass_mixed_possible_multitemplate          22.17%    passed     79.22%
 171  DEJU-51-1-Rh|nifH|consensus50|pass_mixed_possible_multitemplate        23.37%    passed     80.52%
 172  DEJU-5-1-Ro|nifH|consensus50|pass_mixed_possible_multitemplate         22.57%    passed     98.85%
 173  DEJU-52-1-No|nifH|consensus50|pass_mixed_possible_multitemplate        20.56%    passed     99.04%
 174  DEJU-54-No|nifH|consensus50|pass_single_dominant                       18.56%    passed     86.59%
 175  DEJU-54-Rh|nifH|consensus50|pass_mixed_possible_multitemplate          20.96%    passed     96.87%
 176  DEJU-55-No|nifH|consensus50|pass_mixed_possible_multitemplate          23.17%    passed     96.79%
 177  DEJU-55-Rh|nifH|consensus50|pass_mixed_possible_multitemplate          20.96%    passed     88.92%
 178  DEJU-55-Ro|nifH|consensus50|pass_mixed_possible_multitemplate          24.17%    passed     59.31%
 179  DEJU-57-No|nifH|consensus50|pass_mixed_possible_multitemplate          24.57%    passed     93.81%
 180  DEJU-57-Rh|nifH|consensus50|pass_mixed_possible_multitemplate          21.46%    passed     91.32%
 181  DEJU-57-Ro|nifH|consensus50|pass_mixed_possible_multitemplate          25.98%    passed     93.21%
 182  DEJU-58-Rh|nifH|consensus50|pass_single_dominant                       20.26%    passed     98.63%
 183  DEJU-59-No|nifH|consensus50|pass_mixed_possible_multitemplate          24.77%    passed     76.66%
 184  DEJU-59-Ro|nifH|consensus50|pass_mixed_possible_multitemplate          23.87%    passed     90.60%
 185  DEJU-60-Rh|nifH|consensus50|pass_single_dominant                       20.06%    passed     98.57%
 186  DEJU-60-Ro|nifH|consensus50|pass_mixed_possible_multitemplate          21.56%    passed     75.70%
 187  DEJU-6-1-No|nifH|consensus50|pass_mixed_possible_multitemplate         20.26%    passed     91.09%
 188  DEJU-62-1-No|nifH|consensus50|pass_single_dominant                     17.55%    passed     78.92%
 189  DEJU-63-No|nifH|consensus50|pass_mixed_possible_multitemplate          17.75%    passed     53.22%
 190  DEJU-63-Rh|nifH|consensus50|pass_mixed_possible_multitemplate          20.76%    passed     97.64%
 191  DEJU-7-1-No|nifH|consensus50|pass_mixed_possible_multitemplate         30.29%    passed     77.91%
 192  DEJU-7-1-Rh|nifH|consensus50|pass_mixed_possible_multitemplate         21.46%    passed     81.74%
 193  DEJU-8-1-Rh|nifH|consensus50|pass_single_dominant                      20.76%    passed     85.90%
 194  DEJU-9-1-Ro|nifH|consensus50|pass_mixed_possible_multitemplate         24.47%    passed     96.48%
 195  DELA-10-2-No|nifH|consensus50|pass_mixed_possible_multitemplate        24.37%    passed     54.04%
 196  DELA-10-2-Ro|nifH|consensus50|pass_mixed_possible_multitemplate        25.08%    passed     99.57%
 197  DELA-11-3-No|nifH|consensus50|pass_mixed_possible_multitemplate        17.95%    passed     99.39%
 198  DELA-11-3-Ro|nifH|consensus50|pass_mixed_possible_multitemplate        19.96%    passed     96.09%
 199  DELA-12-2-No|nifH|consensus50|pass_mixed_possible_multitemplate        18.15%    passed     44.28%
 200  DELA-12-2-Rh|nifH|consensus50|pass_single_dominant                     19.76%    passed     89.16%
 201  DELA-13-1-No|nifH|consensus50|pass_mixed_possible_multitemplate        23.67%    passed     85.14%
 202  DELA-13-1-Rh|nifH|consensus50|pass_mixed_possible_multitemplate        25.98%    passed     94.03%
 203  DELA-1-3-No|nifH|consensus50|pass_single_dominant                      16.55%    passed     34.25%
 204  DELA-1-3-Rh|nifH|consensus50|pass_single_dominant                      16.85%    passed     31.92%
 205  DELA-1-3-Ro|nifH|consensus50|pass_mixed_possible_multitemplate         20.96%    passed     83.63%
 206  DELA-14-2-No|nifH|consensus50|pass_mixed_possible_multitemplate        17.85%    passed     66.47%
 207  DELA-14-2-Rh|nifH|consensus50|pass_mixed_possible_multitemplate        19.46%    passed     75.63%
 208  DELA-14-2-Ro|nifH|consensus50|pass_mixed_possible_multitemplate        19.56%    passed     76.74%
 209  DELA-15-1-No|nifH|consensus50|pass_mixed_possible_multitemplate        24.37%    passed     82.18%
 210  DELA-15-1-Rh|nifH|consensus50|pass_mixed_possible_multitemplate        24.57%    passed     85.06%
 211  DELA-15-1-Ro|nifH|consensus50|pass_mixed_possible_multitemplate        23.47%    passed     90.85%
 212  DELA-16-No|nifH|consensus50|pass_mixed_possible_multitemplate          23.77%    passed     14.33%
 213  DELA-16-Ro|nifH|consensus50|pass_mixed_possible_multitemplate          21.66%    passed     73.63%
 214  DELA-17-1-No|nifH|consensus50|pass_mixed_possible_multitemplate        21.66%    passed     52.24%
 215  DELA-17-1-Ro|nifH|consensus50|pass_mixed_possible_multitemplate        20.86%    passed     76.63%
 216  DELA-18-2-No|nifH|consensus50|pass_mixed_possible_multitemplate        22.77%    passed     74.02%
 217  DELA-18-2-Rh|nifH|consensus50|pass_mixed_possible_multitemplate        25.88%    passed     79.45%
 218  DELA-18-2-Ro|nifH|consensus50|pass_mixed_possible_multitemplate        21.87%    passed     82.95%
 219  DELA-19-1-No|nifH|consensus50|pass_mixed_possible_multitemplate        19.56%    passed     99.27%
 220  DELA-19-1-Rh|nifH|consensus50|pass_mixed_possible_multitemplate        19.76%    passed     88.50%
 221  DELA-19-1-Ro|nifH|consensus50|pass_mixed_possible_multitemplate        18.56%    passed     64.61%
 222  DELA-20-1-No|nifH|consensus50|pass_mixed_possible_multitemplate        22.27%    passed     70.84%
 223  DELA-20-1-Rh|nifH|consensus50|pass_mixed_possible_multitemplate        22.37%    passed     49.90%
 224  DELA-20-1-Ro|nifH|consensus50|pass_mixed_possible_multitemplate        24.47%    passed     86.46%
 225  DELA-21-1-No|nifH|consensus50|pass_single_dominant                     19.06%    passed     29.14%
 226  DELA-21-1-Ro|nifH|consensus50|pass_mixed_possible_multitemplate        20.66%    passed     77.74%
 227  DELA-22-1-No|nifH|consensus50|pass_mixed_possible_multitemplate        18.46%    passed     91.88%
 228  DELA-22-1-Rh|nifH|consensus50|pass_mixed_possible_multitemplate        18.86%    passed     94.11%
 229  DELA-22-1-Ro|nifH|consensus50|pass_mixed_possible_multitemplate        25.18%    passed     74.19%
 230  DELA-2-2-No|nifH|consensus50|pass_single_dominant                      20.56%    passed     91.62%
 231  DELA-2-2-Rh|nifH|consensus50|pass_mixed_possible_multitemplate         21.06%    passed     62.82%
 232  DELA-2-2-Ro|nifH|consensus50|pass_mixed_possible_multitemplate         21.06%    passed     95.90%
 233  DELA-23-2-No|nifH|consensus50|pass_mixed_possible_multitemplate        19.76%    passed     27.76%
 234  DELA-23-2-Rh|nifH|consensus50|pass_mixed_possible_multitemplate        21.06%    passed     93.67%
 235  DELA-23-2-Ro|nifH|consensus50|pass_mixed_possible_multitemplate        22.37%    passed     46.77%
 236  DELA-24-1-No|nifH|consensus50|pass_mixed_possible_multitemplate        20.36%    passed     15.72%
 237  DELA-24-1-Rh|nifH|consensus50|pass_mixed_possible_multitemplate        24.47%    passed     88.93%
 238  DELA-25-2-Ro|nifH|consensus50|pass_mixed_possible_multitemplate        21.06%    passed     98.17%
 239  DELA-26-3-No|nifH|consensus50|pass_mixed_possible_multitemplate        18.76%    passed     65.87%
 240  DELA-26-3-Rh|nifH|consensus50|pass_mixed_possible_multitemplate        17.65%    passed     57.79%
 241  DELA-26-3-Ro|nifH|consensus50|pass_single_dominant                     17.25%    passed     65.47%
 242  DELA-27-3-No|nifH|consensus50|pass_single_dominant                     16.55%    passed     52.18%
 243  DELA-27-3-Rh|nifH|consensus50|pass_mixed_possible_multitemplate        22.37%    passed     90.01%
 244  DELA-27-3-Ro|nifH|consensus50|pass_mixed_possible_multitemplate        22.07%    passed     94.02%
 245  DELA-28-No|nifH|consensus50|pass_single_dominant                       16.25%    passed     35.35%
 246  DELA-28-Rh|nifH|consensus50|pass_mixed_possible_multitemplate          23.87%    passed     83.98%
 247  DELA-28-Ro|nifH|consensus50|pass_mixed_possible_multitemplate          23.87%    passed     56.55%
 248  DELA-29-1-No|nifH|consensus50|pass_mixed_possible_multitemplate        20.36%    passed     73.58%
 249  DELA-29-1-Rh|nifH|consensus50|pass_mixed_possible_multitemplate        17.15%    passed     44.23%
 250  DELA-29-1-Ro|nifH|consensus50|pass_mixed_possible_multitemplate        22.07%    passed     72.12%
 251  DELA-30-2-Rh|nifH|consensus50|pass_mixed_possible_multitemplate        21.66%    passed     84.20%
 252  DELA-30-2-Ro|nifH|consensus50|pass_mixed_possible_multitemplate        18.66%    passed     98.98%
 253  DELA-31-1-No|nifH|consensus50|pass_mixed_possible_multitemplate        20.06%    passed     33.91%
 254  DELA-31-1-Rh|nifH|consensus50|pass_mixed_possible_multitemplate        26.08%    passed     58.54%
 255  DELA-31-1-Ro|nifH|consensus50|pass_mixed_possible_multitemplate        26.08%    passed     81.72%
 256  DELA-32-1-No|nifH|consensus50|pass_single_dominant                     17.35%    passed     88.76%
 257  DELA-32-1-Ro|nifH|consensus50|pass_mixed_possible_multitemplate        26.08%    passed     65.90%
 258  DELA-33-1-Rh|nifH|consensus50|pass_mixed_possible_multitemplate        20.46%    passed     98.94%
 259  DELA-33-1-Ro|nifH|consensus50|pass_mixed_possible_multitemplate        18.56%    passed     87.94%
 260  DELA-3-3-No|nifH|consensus50|pass_mixed_possible_multitemplate         18.15%    passed     47.84%
 261  DELA-3-3-Rh|nifH|consensus50|pass_mixed_possible_multitemplate         20.56%    passed     51.22%
 262  DELA-3-3-Ro|nifH|consensus50|pass_mixed_possible_multitemplate         23.27%    passed     73.86%
 263  DELA-4-1-No|nifH|consensus50|pass_single_dominant                      19.26%    passed      7.55%
 264  DELA-4-1-Ro|nifH|consensus50|pass_mixed_possible_multitemplate         22.07%    passed     97.05%
 265  DELA-5-1-No|nifH|consensus50|pass_mixed_possible_multitemplate         19.06%    passed     60.60%
 266  DELA-6-3-No|nifH|consensus50|pass_single_dominant                      19.66%    passed     52.05%
 267  DELA-6-3-Ro|nifH|consensus50|pass_mixed_possible_multitemplate         18.56%    passed     79.36%
 268  DELA-7-3-No|nifH|consensus50|pass_single_dominant                      17.55%    passed     41.70%
 269  DELA-8-2-Rh|nifH|consensus50|pass_single_dominant                      20.56%    passed     85.03%
 270  DELA-8-2-Ro|nifH|consensus50|pass_mixed_possible_multitemplate         18.96%    passed     99.54%
 271  DELA-9-1-No|nifH|consensus50|pass_single_dominant                      18.05%    passed     46.09%
 272  DELA-9-1-Ro|nifH|consensus50|pass_mixed_possible_multitemplate         22.67%    passed     99.72%
 273  DSNY-101-1-No|nifH|consensus50|pass_single_dominant                    20.16%    passed     12.58%
 274  DSNY-101-1-Rh|nifH|consensus50|pass_mixed_possible_multitemplate       20.06%    passed     96.11%
 275  DSNY-10-3-No|nifH|consensus50|pass_single_dominant                     18.36%    passed     66.12%
 276  DSNY-10-3-Rh|nifH|consensus50|pass_single_dominant                     19.86%    passed     95.34%
 277  DSNY-11-3-No|nifH|consensus50|pass_mixed_possible_multitemplate        21.46%    passed     40.86%
 278  DSNY-12-2-No|nifH|consensus50|pass_mixed_possible_multitemplate        22.17%    passed     56.11%
 279  DSNY-12-2-Ro|nifH|consensus50|pass_mixed_possible_multitemplate        27.28%    passed     88.38%
 280  DSNY-13-1-No|nifH|consensus50|pass_mixed_possible_multitemplate        19.76%    passed     58.45%
 281  DSNY-13-1-Rh|nifH|consensus50|pass_mixed_possible_multitemplate        21.46%    passed     92.71%
 282  DSNY-13-1-Ro|nifH|consensus50|pass_mixed_possible_multitemplate        23.57%    passed     72.31%
 283  DSNY-14-1-No|nifH|consensus50|pass_mixed_possible_multitemplate        19.16%    passed     89.65%
 284  DSNY-14-1-Rh|nifH|consensus50|pass_mixed_possible_multitemplate        23.87%    passed     97.69%
 285  DSNY-15-1-No|nifH|consensus50|pass_mixed_possible_multitemplate        24.87%    passed     93.08%
 286  DSNY-15-1-Rh|nifH|consensus50|pass_single_dominant                     18.76%    passed     97.66%
 287  DSNY-15-1-Ro|nifH|consensus50|pass_mixed_possible_multitemplate        26.78%    passed     87.18%
 288  DSNY-17-3-No|nifH|consensus50|pass_mixed_possible_multitemplate        19.86%    passed     55.20%
 289  DSNY-17-3-Rh|nifH|consensus50|pass_mixed_possible_multitemplate        25.98%    passed     73.82%
 290  DSNY-18-1-No|nifH|consensus50|pass_mixed_possible_multitemplate        22.77%    passed     93.38%
 291  DSNY-18-1-Ro|nifH|consensus50|pass_mixed_possible_multitemplate        19.46%    passed     72.94%
 292  DSNY-20-1-No|nifH|consensus50|pass_mixed_possible_multitemplate        24.77%    passed     95.39%
 293  DSNY-2-1-No|nifH|consensus50|pass_mixed_possible_multitemplate         19.16%    passed     51.01%
 294  DSNY-2-1-Rh|nifH|consensus50|pass_single_dominant                      16.65%    passed     95.16%
 295  DSNY-2-1-Ro|nifH|consensus50|pass_mixed_possible_multitemplate         23.77%    passed     88.15%
 296  DSNY-24-1-Rh|nifH|consensus50|pass_mixed_possible_multitemplate        21.97%    passed     84.63%
 297  DSNY-24-1-Ro|nifH|consensus50|pass_mixed_possible_multitemplate        23.37%    passed     93.07%
 298  DSNY-25-1-Rh|nifH|consensus50|pass_mixed_possible_multitemplate        23.47%    passed     89.45%
 299  DSNY-28-1-No|nifH|consensus50|pass_mixed_possible_multitemplate        22.87%    passed     91.31%
 300  DSNY-28-1-Ro|nifH|consensus50|pass_single_dominant                     18.36%    passed     92.62%
 301  DSNY-29-1-No|nifH|consensus50|pass_mixed_possible_multitemplate        20.66%    passed     73.95%
 302  DSNY-29-1-Rh|nifH|consensus50|pass_mixed_possible_multitemplate        20.56%    passed     77.70%
 303  DSNY-30-1-No|nifH|consensus50|pass_single_dominant                     16.85%    passed     87.34%
 304  DSNY-30-1-Ro|nifH|consensus50|pass_mixed_possible_multitemplate        18.76%    passed     78.29%
 305  DSNY-31-1-No|nifH|consensus50|pass_single_dominant                     16.85%    passed     45.23%
 306  DSNY-31-1-Rh|nifH|consensus50|pass_mixed_possible_multitemplate        18.86%    passed     97.96%
 307  DSNY-31-1-Ro|nifH|consensus50|pass_mixed_possible_multitemplate        23.57%    passed     91.98%
 308  DSNY-3-1-No|nifH|consensus50|pass_mixed_possible_multitemplate         22.27%    passed     61.81%
 309  DSNY-3-1-Ro|nifH|consensus50|pass_mixed_possible_multitemplate         19.86%    passed     98.25%
 310  DSNY-34-1-No|nifH|consensus50|pass_mixed_possible_multitemplate        18.86%    passed     27.70%
 311  DSNY-34-1-Rh|nifH|consensus50|pass_mixed_possible_multitemplate        23.87%    passed     91.37%
 312  DSNY-36-1-No|nifH|consensus50|pass_mixed_possible_multitemplate        23.57%    passed     69.57%
 313  DSNY-36-1-Rh|nifH|consensus50|pass_mixed_possible_multitemplate        21.36%    passed     84.61%
 314  DSNY-36-1-Ro|nifH|consensus50|pass_mixed_possible_multitemplate        25.78%    passed     99.88%
 315  DSNY-37-1-No|nifH|consensus50|pass_mixed_possible_multitemplate        19.26%    passed     53.40%
 316  DSNY-37-1-Rh|nifH|consensus50|pass_mixed_possible_multitemplate        27.18%    passed     98.52%
 317  DSNY-37-1-Ro|nifH|consensus50|pass_mixed_possible_multitemplate        24.37%    passed     65.49%
 318  DSNY-38-3-Ro|nifH|consensus50|pass_mixed_possible_multitemplate        22.07%    passed     82.23%
 319  DSNY-39-4-No|nifH|consensus50|pass_mixed_possible_multitemplate        19.26%    passed     56.13%
 320  DSNY-39-4-Ro|nifH|consensus50|pass_mixed_possible_multitemplate        24.07%    passed     67.62%
 321  DSNY-4-1-No|nifH|consensus50|pass_mixed_possible_multitemplate         21.36%    passed     73.96%
 322  DSNY-43-1-No|nifH|consensus50|pass_mixed_possible_multitemplate        18.86%    passed     20.27%
 323  DSNY-43-1-Rh|nifH|consensus50|pass_mixed_possible_multitemplate        21.56%    passed     71.40%
 324  DSNY-44-1-No|nifH|consensus50|pass_single_dominant                     17.85%    passed     77.03%
 325  DSNY-48-1-Ro|nifH|consensus50|pass_mixed_possible_multitemplate        18.56%    passed     83.63%
 326  DSNY-49-2-Rh|nifH|consensus50|pass_mixed_possible_multitemplate        20.06%    passed     91.23%
 327  DSNY-51-2-No|nifH|consensus50|pass_mixed_possible_multitemplate        22.27%    passed     99.30%
 328  DSNY-51-2-Rh|nifH|consensus50|pass_mixed_possible_multitemplate        20.76%    passed     93.95%
 329  DSNY-5-1-No|nifH|consensus50|pass_mixed_possible_multitemplate         21.77%    passed     90.47%
 330  DSNY-5-1-Rh|nifH|consensus50|pass_mixed_possible_multitemplate         27.58%    passed     95.88%
 331  DSNY-5-1-Ro|nifH|consensus50|pass_mixed_possible_multitemplate         22.07%    passed     99.70%
 332  DSNY-52-1-No|nifH|consensus50|pass_mixed_possible_multitemplate        20.56%    passed     22.01%
 333  DSNY-56-1-Ro|nifH|consensus50|pass_mixed_possible_multitemplate        21.46%    passed     97.13%
 334  DSNY-57-1-Rh|nifH|consensus50|pass_single_dominant                     16.75%    passed     75.72%
 335  DSNY-57-1-Ro|nifH|consensus50|pass_mixed_possible_multitemplate        18.15%    passed     78.92%
 336  DSNY-57-No|nifH|consensus50|pass_single_dominant                       17.95%    passed     88.44%
 337  DSNY-58-No|nifH|consensus50|pass_mixed_possible_multitemplate          16.85%    passed     68.47%
 338  DSNY-58-Rh|nifH|consensus50|pass_mixed_possible_multitemplate          20.26%    passed     82.17%
 339  DSNY-59-No|nifH|consensus50|pass_mixed_possible_multitemplate          16.85%    passed     26.86%
 340  DSNY-61-4-Rh|nifH|consensus50|pass_single_dominant                     17.25%    passed     75.98%
 341  DSNY-6-2-Rh|nifH|consensus50|pass_mixed_possible_multitemplate         20.76%    passed     84.37%
 342  DSNY-63-No|nifH|consensus50|pass_mixed_possible_multitemplate          20.96%    passed     56.39%
 343  DSNY-63-Ro|nifH|consensus50|pass_mixed_possible_multitemplate          20.96%    passed     96.56%
 344  DSNY-64-2-No|nifH|consensus50|pass_mixed_possible_multitemplate        18.36%    passed     60.62%
 345  DSNY-65-1-No|nifH|consensus50|pass_mixed_possible_multitemplate        17.85%    passed     73.04%
 346  DSNY-65-1-Ro|nifH|consensus50|pass_mixed_possible_multitemplate        22.37%    passed     95.10%
 347  DSNY-66-1-No|nifH|consensus50|pass_single_dominant                     17.05%    passed     42.72%
 348  DSNY-66-1-Rh|nifH|consensus50|pass_mixed_possible_multitemplate        18.36%    passed     86.17%
 349  DSNY-66-1-Ro|nifH|consensus50|pass_mixed_possible_multitemplate        20.56%    passed     95.56%
 350  DSNY-67-3-No|nifH|consensus50|pass_mixed_possible_multitemplate        21.36%    passed     41.70%
 351  DSNY-67-3-Rh|nifH|consensus50|pass_mixed_possible_multitemplate        17.85%    passed     67.27%
 352  DSNY-68-1-No|nifH|consensus50|pass_mixed_possible_multitemplate        18.86%    passed     68.47%
 353  DSNY-68-1-Ro|nifH|consensus50|pass_mixed_possible_multitemplate        21.06%    passed     79.15%
 354  DSNY-69-1-No|nifH|consensus50|pass_mixed_possible_multitemplate        20.76%    passed     34.03%
 355  DSNY-69-1-Ro|nifH|consensus50|pass_mixed_possible_multitemplate        25.28%    passed     92.99%
 356  DSNY-70-1-No|nifH|consensus50|pass_mixed_possible_multitemplate        21.66%    passed     36.82%
 357  DSNY-70-1-Rh|nifH|consensus50|pass_mixed_possible_multitemplate        17.55%    passed     84.94%
 358  DSNY-70-1-Ro|nifH|consensus50|pass_mixed_possible_multitemplate        21.36%    passed     87.74%
 359  DSNY-71-1-Ro|nifH|consensus50|pass_mixed_possible_multitemplate        23.47%    passed     96.90%
 360  DSNY-7-1-Ro|nifH|consensus50|pass_mixed_possible_multitemplate         24.67%    passed     93.66%
 361  DSNY-72-1-Rh|nifH|consensus50|pass_mixed_possible_multitemplate        18.86%    passed     91.21%
 362  DSNY-72-1-Ro|nifH|consensus50|pass_mixed_possible_multitemplate        17.55%    passed     87.99%
 363  DSNY-74-1-Rh|nifH|consensus50|pass_mixed_possible_multitemplate        21.36%    passed     64.45%
 364  DSNY-74-1-Ro|nifH|consensus50|pass_mixed_possible_multitemplate        26.38%    passed     95.16%
 365  DSNY-75-1-No|nifH|consensus50|pass_mixed_possible_multitemplate        19.26%    passed     78.92%
 366  DSNY-75-1-Rh|nifH|consensus50|pass_mixed_possible_multitemplate        23.47%    passed     91.65%
 367  DSNY-75-1-Ro|nifH|consensus50|pass_mixed_possible_multitemplate        25.08%    passed     98.61%
 368  DSNY-76-1-Rh|nifH|consensus50|pass_mixed_possible_multitemplate        23.07%    passed     82.80%
 369  DSNY-76-1-Ro|nifH|consensus50|pass_mixed_possible_multitemplate        22.17%    passed     69.46%
 370  DSNY-79-1-Rh|nifH|consensus50|pass_mixed_possible_multitemplate        17.05%    passed     92.74%
 371  DSNY-80-1-No|nifH|consensus50|pass_mixed_possible_multitemplate        22.17%    passed     47.37%
 372  DSNY-8-1-No|nifH|consensus50|pass_mixed_possible_multitemplate         24.37%    passed     75.13%
 373  DSNY-8-1-Ro|nifH|consensus50|pass_mixed_possible_multitemplate         19.06%    passed     86.77%
 374  DSNY-82-3-No|nifH|consensus50|pass_mixed_possible_multitemplate        21.06%    passed     79.03%
 375  DSNY-83-1-Rh|nifH|consensus50|pass_single_dominant                     17.25%    passed     90.91%
 376  DSNY-83-2-Rh|nifH|consensus50|pass_single_dominant                     19.46%    passed     92.65%
 377  DSNY-83-4-Ro|nifH|consensus50|pass_mixed_possible_multitemplate        21.56%    passed     93.65%
 378  DSNY-83-5-No|nifH|consensus50|pass_mixed_possible_multitemplate        18.56%    passed     70.37%
 379  DSNY-83-5-Rh|nifH|consensus50|pass_mixed_possible_multitemplate        20.96%    passed     92.21%
 380  DSNY-85-1-No|nifH|consensus50|pass_mixed_possible_multitemplate        21.66%    passed     98.35%
 381  DSNY-85-1-Rh|nifH|consensus50|pass_mixed_possible_multitemplate        22.07%    passed     94.98%
 382  DSNY-86-1-Ro|nifH|consensus50|pass_mixed_possible_multitemplate        25.38%    passed     97.11%
 383  DSNY-88-1-Rh|nifH|consensus50|pass_single_dominant                     19.36%    passed     97.81%
 384  DSNY-89-Rh|nifH|consensus50|pass_mixed_possible_multitemplate          20.86%    passed     94.54%
 385  DSNY-90-No|nifH|consensus50|pass_single_dominant                       19.86%    passed     90.78%
 386  DSNY-90-Rh|nifH|consensus50|pass_single_dominant                       20.96%    passed     98.29%
 387  DSNY-90-Ro|nifH|consensus50|pass_mixed_possible_multitemplate          24.27%    passed     90.95%
 388  DSNY-91-1-No|nifH|consensus50|pass_mixed_possible_multitemplate        23.27%    passed     65.10%
 389  DSNY-91-1-Rh|nifH|consensus50|pass_mixed_possible_multitemplate        18.96%    passed     48.72%
 390  DSNY-92-1-Ro|nifH|consensus50|pass_single_dominant                     21.46%    passed     98.86%
 391  DSNY-95-Ro|nifH|consensus50|pass_mixed_possible_multitemplate          25.28%    passed     85.20%
 392  DSNY-96-2-Rh|nifH|consensus50|pass_mixed_possible_multitemplate        22.17%    passed     97.66%
 393  DSNY-98-4-No|nifH|consensus50|pass_mixed_possible_multitemplate        18.86%    passed     89.07%
 394  DSNY-CLFR-60-Rh|nifH|consensus50|pass_single_dominant                  19.26%    passed     98.67%
 395  DSNY-CLFR-60-Ro|nifH|consensus50|pass_mixed_possible_multitemplate     18.86%    passed     88.53%
 396  DSNY-CRMA-33-1-No|nifH|consensus50|pass_mixed_possible_multitemplate   19.86%    passed     84.54%
 397  DSNY-CRMA-33-1-Rh|nifH|consensus50|pass_mixed_possible_multitemplate   19.96%    passed     92.04%
 398  DSNY-CRMA-33-1-Ro|nifH|consensus50|pass_mixed_possible_multitemplate   18.46%    passed     84.67%
 399  DSNY-CRMA-35-1-No|nifH|consensus50|pass_single_dominant                17.75%    passed     33.45%
 400  DSNY-CRMA-35-1-Rh|nifH|consensus50|pass_mixed_possible_multitemplate   18.76%    passed     85.46%
 401  DSNY-CRMA-35-1-Ro|nifH|consensus50|pass_mixed_possible_multitemplate   24.87%    passed     96.83%
 402  DSNY-GAEL-33-1-No|nifH|consensus50|pass_mixed_possible_multitemplate   22.77%    passed     96.00%
 403  DSNY-GAEL-33-1-Rh|nifH|consensus50|pass_mixed_possible_multitemplate   18.36%    passed     87.53%
 404  DSNY-GAEL-33-1-Ro|nifH|consensus50|pass_mixed_possible_multitemplate   22.07%    passed     90.64%
 405  DSNY-GARE-35-1-No|nifH|consensus50|pass_mixed_possible_multitemplate   19.66%    passed     75.68%
 406  DSNY-GARE-35-1-Rh|nifH|consensus50|pass_single_dominant                17.65%    passed     88.65%
 407  DSNY-GARE-35-1-Ro|nifH|consensus50|pass_mixed_possible_multitemplate   22.37%    passed     92.86%
 408  DSNY-SEHE-60-No|nifH|consensus50|pass_single_dominant                  15.85%    passed     28.75%
 409  GRSM-4-2-Ro|nifH|consensus50|pass_single_dominant                      19.66%    passed     97.81%
 410  GUAN-1-Rh|nifH|consensus50|pass_mixed_possible_multitemplate           22.17%    passed     81.88%
 411  GUAN-2-No|nifH|consensus50|pass_mixed_possible_multitemplate           18.15%    passed     49.78%
 412  GUAN-2-Rh|nifH|consensus50|pass_single_dominant                        17.85%    passed     89.29%
 413  GUAN-2-Ro|nifH|consensus50|pass_mixed_possible_multitemplate           23.57%    passed     87.75%
 414  GUAN-3-No|nifH|consensus50|pass_single_dominant                        19.36%    passed     65.32%
 415  GUAN-4-No|nifH|consensus50|pass_single_dominant                        17.35%    passed     88.95%
 416  GUAN-5-No|nifH|consensus50|pass_single_dominant                        17.05%    passed     68.55%
 417  GUAN-5-Rh|nifH|consensus50|pass_single_dominant                        16.85%    passed     54.55%
 418  GUAN-5-Ro|nifH|consensus50|pass_mixed_possible_multitemplate           20.46%    passed     83.17%
 419  GUAN-7-1-Rh|nifH|consensus50|pass_mixed_possible_multitemplate         19.96%    passed     92.16%
 420  GUAN-7-1-Ro|nifH|consensus50|pass_single_dominant                      21.46%    passed     93.98%
 421  GUAN-8-No|nifH|consensus50|pass_single_dominant                        16.95%    passed     82.93%
 422  GUAN-8-Ro|nifH|consensus50|pass_mixed_possible_multitemplate           21.66%    passed     79.50%
 423  GUAN-9-1-Rh|nifH|consensus50|pass_mixed_possible_multitemplate         17.95%    passed     74.63%
 424  GUAN-9-1-Ro|nifH|consensus50|pass_mixed_possible_multitemplate         20.26%    passed     98.34%
 425  HARV-1-1-No|nifH|consensus50|pass_single_dominant                      17.55%    passed     45.60%
 426  HARV-1-1-Rh|nifH|consensus50|pass_mixed_possible_multitemplate         23.97%    passed     98.34%
 427  HARV-2-1-No|nifH|consensus50|pass_mixed_possible_multitemplate         19.96%    passed     64.99%
 428  HARV-3-1-Ro|nifH|consensus50|pass_mixed_possible_multitemplate         23.67%    passed     99.63%
 429  HARV-4-1-No|nifH|consensus50|pass_single_dominant                      18.05%    passed     47.09%
 430  HARV-4-1-Ro|nifH|consensus50|pass_mixed_possible_multitemplate         23.97%    passed     91.50%
 431  HEAL-10-2-No|nifH|consensus50|pass_mixed_possible_multitemplate        24.47%    passed     94.26%
 432  HEAL-10-2-Ro|nifH|consensus50|pass_mixed_possible_multitemplate        22.27%    passed     90.65%
 433  HEAL-11-1-Rh|nifH|consensus50|pass_mixed_possible_multitemplate        18.56%    passed     90.23%
 434  HEAL-1-2-No|nifH|consensus50|pass_mixed_possible_multitemplate         21.97%    passed     88.57%
 435  HEAL-1-2-Rh|nifH|consensus50|pass_mixed_possible_multitemplate         19.16%    passed     87.36%
 436  HEAL-14-1-Rh|nifH|consensus50|pass_mixed_possible_multitemplate        19.16%    passed     73.45%
 437  HEAL-2-1-No|nifH|consensus50|pass_mixed_possible_multitemplate         23.57%    passed     88.25%
 438  HEAL-2-1-Rh|nifH|consensus50|pass_single_dominant                      20.36%    passed     93.34%
 439  HEAL-3-1-No|nifH|consensus50|pass_mixed_possible_multitemplate         23.67%    passed     93.99%
 440  HEAL-3-1-Rh|nifH|consensus50|pass_mixed_possible_multitemplate         22.57%    passed     94.44%
 441  HEAL-4-1-No|nifH|consensus50|pass_mixed_possible_multitemplate         25.88%    passed     94.73%
 442  HEAL-4-1-Ro|nifH|consensus50|pass_mixed_possible_multitemplate         21.87%    passed     57.64%
 443  HEAL-5-2-No|nifH|consensus50|pass_mixed_possible_multitemplate         23.17%    passed     95.06%
 444  HEAL-5-2-Rh|nifH|consensus50|pass_mixed_possible_multitemplate         22.97%    passed     90.87%
 445  HEAL-6-1-Rh|nifH|consensus50|pass_mixed_possible_multitemplate         22.37%    passed     91.48%
 446  HEAL-7-1-Ro|nifH|consensus50|pass_mixed_possible_multitemplate         22.17%    passed     86.05%
 447  HEAL-8-1-No|nifH|consensus50|pass_mixed_possible_multitemplate         25.08%    passed     98.07%
 448  HEAL-8-1-Ro|nifH|consensus50|pass_mixed_possible_multitemplate         23.47%    passed     82.40%
 449  HEAL-9-1-No|nifH|consensus50|pass_mixed_possible_multitemplate         17.95%    passed     94.88%
 450  JERC-100-1-Rh|nifH|consensus50|pass_mixed_possible_multitemplate       20.46%    passed     97.64%
 451  JERC-102-1-Rh|nifH|consensus50|pass_mixed_possible_multitemplate       17.05%    passed     92.02%
 452  JERC-102-1-Ro|nifH|consensus50|pass_mixed_possible_multitemplate       27.08%    passed     98.03%
 453  JERC-10-3-No|nifH|consensus50|pass_single_dominant                     19.46%    passed     38.72%
 454  JERC-106-1-Rh|nifH|consensus50|pass_mixed_possible_multitemplate       19.46%    passed     58.90%
 455  JERC-110-4-Ro|nifH|consensus50|pass_mixed_possible_multitemplate       19.76%    passed     77.08%
 456  JERC-11-1-Rh|nifH|consensus50|pass_single_dominant                     17.65%    passed     49.58%
 457  JERC-11-1-Ro|nifH|consensus50|pass_mixed_possible_multitemplate        24.07%    passed     85.49%
 458  JERC-113-3-No|nifH|consensus50|pass_mixed_possible_multitemplate       18.86%    passed     35.62%
 459  JERC-119-No|nifH|consensus50|pass_mixed_possible_multitemplate         22.87%    passed     67.81%
 460  JERC-119-Rh|nifH|consensus50|pass_mixed_possible_multitemplate         17.55%    passed     89.99%
 461  JERC-119-Ro|nifH|consensus50|pass_mixed_possible_multitemplate         18.66%    passed     83.19%
 462  JERC-120-No|nifH|consensus50|pass_mixed_possible_multitemplate         18.36%    passed     14.86%
 463  JERC-120-Rh|nifH|consensus50|pass_mixed_possible_multitemplate         22.27%    passed     96.93%
 464  JERC-12-1-No|nifH|consensus50|pass_mixed_possible_multitemplate        20.66%    passed     70.11%
 465  JERC-121-No|nifH|consensus50|pass_mixed_possible_multitemplate         23.47%    passed     69.53%
 466  JERC-12-1-Rh|nifH|consensus50|pass_mixed_possible_multitemplate        22.07%    passed     84.55%
 467  JERC-121-Ro|nifH|consensus50|pass_mixed_possible_multitemplate         18.96%    passed     79.26%
 468  JERC-122-No|nifH|consensus50|pass_mixed_possible_multitemplate         19.86%    passed     34.71%
 469  JERC-122-Rh|nifH|consensus50|pass_single_dominant                      20.06%    passed     67.03%
 470  JERC-122-Ro|nifH|consensus50|pass_mixed_possible_multitemplate         21.16%    passed     93.15%
 471  JERC-123-No|nifH|consensus50|pass_mixed_possible_multitemplate         22.37%    passed     78.96%
 472  JERC-123-Rh|nifH|consensus50|pass_mixed_possible_multitemplate         21.46%    passed     82.91%
 473  JERC-123-Ro|nifH|consensus50|pass_mixed_possible_multitemplate         20.76%    passed     80.72%
 474  JERC-124-2-No|nifH|consensus50|pass_mixed_possible_multitemplate       18.46%    passed     97.46%
 475  JERC-126-4-No|nifH|consensus50|pass_single_dominant                    17.45%    passed     51.84%
 476  JERC-127-2-No|nifH|consensus50|pass_single_dominant                    16.75%    passed     46.42%
 477  JERC-127-2-Rh|nifH|consensus50|pass_mixed_possible_multitemplate       19.76%    passed     52.08%
 478  JERC-127-2-Ro|nifH|consensus50|pass_single_dominant                    17.15%    passed     99.46%
 479  JERC-128-2-Rh|nifH|consensus50|pass_mixed_possible_multitemplate       19.96%    passed     80.30%
 480  JERC-128-2-Ro|nifH|consensus50|pass_mixed_possible_multitemplate       21.66%    passed     25.86%
 481  JERC-129-4-No|nifH|consensus50|pass_mixed_possible_multitemplate       18.76%    passed     91.37%
 482  JERC-129-4-Ro|nifH|consensus50|pass_mixed_possible_multitemplate       24.47%    passed     75.29%
 483  JERC-1-2-No|nifH|consensus50|pass_single_dominant                      16.15%    passed     68.28%
 484  JERC-1-2-Rh|nifH|consensus50|pass_mixed_possible_multitemplate         18.96%    passed     80.57%
 485  JERC-131-No|nifH|consensus50|pass_single_dominant                      16.85%    passed     83.23%
 486  JERC-131-Rh|nifH|consensus50|pass_mixed_possible_multitemplate         21.87%    passed     99.49%
 487  JERC-131-Ro|nifH|consensus50|pass_mixed_possible_multitemplate         17.65%    passed     84.37%
 488  JERC-132-3-No|nifH|consensus50|pass_mixed_possible_multitemplate       20.66%    passed     87.15%
 489  JERC-132-3-Rh|nifH|consensus50|pass_single_dominant                    18.66%    passed     91.14%
 490  JERC-132-3-Ro|nifH|consensus50|pass_mixed_possible_multitemplate       19.56%    passed     97.11%
 491  JERC-13-3-No|nifH|consensus50|pass_mixed_possible_multitemplate        23.77%    passed     91.54%
 492  JERC-13-3-Rh|nifH|consensus50|pass_mixed_possible_multitemplate        19.56%    passed     83.17%
 493  JERC-13-3-Ro|nifH|consensus50|pass_mixed_possible_multitemplate        18.86%    passed      5.00%
 494  JERC-134-3-Rh|nifH|consensus50|pass_mixed_possible_multitemplate       21.97%    passed     97.33%
 495  JERC-134-3-Ro|nifH|consensus50|pass_mixed_possible_multitemplate       20.86%    passed     88.13%
 496  JERC-135-3-No|nifH|consensus50|pass_single_dominant                    19.76%    passed     26.47%
 497  JERC-135-3-Rh|nifH|consensus50|pass_single_dominant                    17.85%    passed     88.17%
 498  JERC-138-Rh|nifH|consensus50|pass_mixed_possible_multitemplate         18.25%    passed     77.65%
 499  JERC-138-Ro|nifH|consensus50|pass_mixed_possible_multitemplate         20.76%    passed     80.57%
 500  JERC-139-5-No|nifH|consensus50|pass_mixed_possible_multitemplate       18.15%    passed     82.60%
 501  JERC-139-5-Ro|nifH|consensus50|pass_mixed_possible_multitemplate       20.66%    passed     91.86%
 502  JERC-140-Rh|nifH|consensus50|pass_mixed_possible_multitemplate         18.46%    passed     95.23%
 503  JERC-140-Ro|nifH|consensus50|pass_mixed_possible_multitemplate         21.77%    passed     91.59%
 504  JERC-141-Rh|nifH|consensus50|pass_mixed_possible_multitemplate         20.26%    passed     90.21%
 505  JERC-141-Ro|nifH|consensus50|pass_mixed_possible_multitemplate         24.87%    passed     88.50%
 506  JERC-142-No|nifH|consensus50|pass_mixed_possible_multitemplate         23.77%    passed     97.46%
 507  JERC-142-Rh|nifH|consensus50|pass_mixed_possible_multitemplate         18.25%    passed     98.13%
 508  JERC-143-Ro|nifH|consensus50|pass_mixed_possible_multitemplate         21.46%    passed     66.77%
 509  JERC-144-Rh|nifH|consensus50|pass_mixed_possible_multitemplate         24.87%    passed     88.71%
 510  JERC-145-1-Rh|nifH|consensus50|pass_single_dominant                    17.15%    passed     94.94%
 511  JERC-14-5-No|nifH|consensus50|pass_mixed_possible_multitemplate        23.27%    passed     87.21%
 512  JERC-14-5-Rh|nifH|consensus50|pass_mixed_possible_multitemplate        22.87%    passed     76.92%
 513  JERC-14-5-Ro|nifH|consensus50|pass_single_dominant                     22.57%    passed     85.44%
 514  JERC-146-Rh|nifH|consensus50|pass_mixed_possible_multitemplate         18.76%    passed     96.55%
 515  JERC-146-Ro|nifH|consensus50|pass_mixed_possible_multitemplate         21.56%    passed     88.64%
 516  JERC-147-Rh|nifH|consensus50|pass_mixed_possible_multitemplate         25.18%    passed     92.21%
 517  JERC-148-No|nifH|consensus50|pass_mixed_possible_multitemplate         23.57%    passed     77.65%
 518  JERC-148-Ro|nifH|consensus50|pass_single_dominant                      16.75%    passed     32.68%
 519  JERC-149-Rh|nifH|consensus50|pass_mixed_possible_multitemplate         19.76%    passed     81.79%
 520  JERC-149-Ro|nifH|consensus50|pass_mixed_possible_multitemplate         23.07%    passed     69.74%
 521  JERC-150-Rh|nifH|consensus50|pass_mixed_possible_multitemplate         22.37%    passed     98.26%
 522  JERC-150-Ro|nifH|consensus50|pass_mixed_possible_multitemplate         19.96%    passed     84.83%
 523  JERC-151-No|nifH|consensus50|pass_mixed_possible_multitemplate         19.76%    passed     78.41%
 524  JERC-151-Ro|nifH|consensus50|pass_mixed_possible_multitemplate         26.08%    passed     73.99%
 525  JERC-152-No|nifH|consensus50|pass_mixed_possible_multitemplate         19.06%    passed     89.05%
 526  JERC-152-Rh|nifH|consensus50|pass_mixed_possible_multitemplate         19.56%    passed     93.90%
 527  JERC-153-No|nifH|consensus50|pass_mixed_possible_multitemplate         18.56%    passed     21.87%
 528  JERC-154-No|nifH|consensus50|pass_mixed_possible_multitemplate         21.77%    passed     95.83%
 529  JERC-154-Rh|nifH|consensus50|pass_mixed_possible_multitemplate         18.76%    passed     97.49%
 530  JERC-155-No|nifH|consensus50|pass_single_dominant                      17.35%    passed     88.64%
 531  JERC-155-Rh|nifH|consensus50|pass_single_dominant                      17.55%    passed     85.91%
 532  JERC-155-Ro|nifH|consensus50|pass_mixed_possible_multitemplate         19.46%    passed     70.01%
 533  JERC-156-No|nifH|consensus50|pass_mixed_possible_multitemplate         17.35%    passed     25.36%
 534  JERC-156-Rh|nifH|consensus50|pass_mixed_possible_multitemplate         18.66%    passed     82.33%
 535  JERC-156-Ro|nifH|consensus50|pass_mixed_possible_multitemplate         18.66%    passed     74.50%
 536  JERC-157-2-No|nifH|consensus50|pass_single_dominant                    18.46%    passed     35.34%
 537  JERC-157-2-Rh|nifH|consensus50|pass_mixed_possible_multitemplate       18.46%    passed     73.93%
 538  JERC-158-Ro|nifH|consensus50|pass_mixed_possible_multitemplate         20.76%    passed     92.47%
 539  JERC-159-2-Ro|nifH|consensus50|pass_mixed_possible_multitemplate       24.07%    passed     54.95%
 540  JERC-160-Rh|nifH|consensus50|pass_single_dominant                      19.96%    passed     95.90%
 541  JERC-160-Ro|nifH|consensus50|pass_single_dominant                      17.15%    passed     89.23%
 542  JERC-161-No|nifH|consensus50|pass_mixed_possible_multitemplate         17.75%    passed     85.42%
 543  JERC-161-Rh|nifH|consensus50|pass_single_dominant                      19.36%    passed     97.42%
 544  JERC-161-Ro|nifH|consensus50|pass_mixed_possible_multitemplate         18.36%    passed     81.67%
 545  JERC-16-2-Rh|nifH|consensus50|pass_mixed_possible_multitemplate        19.56%    passed     79.87%
 546  JERC-16-2-Ro|nifH|consensus50|pass_single_dominant                     17.25%    passed     80.51%
 547  JERC-163-Rh|nifH|consensus50|pass_mixed_possible_multitemplate         22.87%    passed     99.19%
 548  JERC-164-Ro|nifH|consensus50|pass_mixed_possible_multitemplate         18.15%    passed     88.59%
 549  JERC-165-No|nifH|consensus50|pass_mixed_possible_multitemplate         17.35%    passed     28.64%
 550  JERC-165-Ro|nifH|consensus50|pass_mixed_possible_multitemplate         23.87%    passed     85.71%
 551  JERC-167-No|nifH|consensus50|pass_mixed_possible_multitemplate         19.06%    passed     70.91%
 552  JERC-167-Rh|nifH|consensus50|pass_mixed_possible_multitemplate         19.66%    passed     96.65%
 553  JERC-167-Ro|nifH|consensus50|pass_mixed_possible_multitemplate         19.86%    passed     98.69%
 554  JERC-168-Rh|nifH|consensus50|pass_mixed_possible_multitemplate         22.77%    passed     98.92%
 555  JERC-168-Ro|nifH|consensus50|pass_mixed_possible_multitemplate         21.36%    passed     94.62%
 556  JERC-169-No|nifH|consensus50|pass_mixed_possible_multitemplate         18.66%    passed     50.75%
 557  JERC-169-Rh|nifH|consensus50|pass_single_dominant                      17.25%    passed     89.64%
 558  JERC-169-Ro|nifH|consensus50|pass_mixed_possible_multitemplate         24.07%    passed     82.00%
 559  JERC-170-No|nifH|consensus50|pass_single_dominant                      20.96%    passed     57.00%
 560  JERC-170-Rh|nifH|consensus50|pass_single_dominant                      19.66%    passed     89.89%
 561  JERC-170-Ro|nifH|consensus50|pass_mixed_possible_multitemplate         18.66%    passed     68.06%
 562  JERC-171-No|nifH|consensus50|pass_mixed_possible_multitemplate         20.26%    passed     65.09%
 563  JERC-171-Ro|nifH|consensus50|pass_mixed_possible_multitemplate         20.46%    passed     96.53%
 564  JERC-172-2-No|nifH|consensus50|pass_mixed_possible_multitemplate       17.65%    passed     98.07%
 565  JERC-172-2-Rh|nifH|consensus50|pass_single_dominant                    16.95%    passed     86.46%
 566  JERC-172-2-Ro|nifH|consensus50|pass_single_dominant                    19.26%    passed     46.54%
 567  JERC-173-1-Rh|nifH|consensus50|pass_mixed_possible_multitemplate       17.85%    passed     90.47%
 568  JERC-175-1-No|nifH|consensus50|pass_mixed_possible_multitemplate       18.76%    passed     74.61%
 569  JERC-175-1-Rh|nifH|consensus50|pass_mixed_possible_multitemplate       17.65%    passed     90.06%
 570  JERC-176-5-No|nifH|consensus50|pass_mixed_possible_multitemplate       19.96%    passed     16.27%
 571  JERC-177-No|nifH|consensus50|pass_mixed_possible_multitemplate         19.86%    passed     38.23%
 572  JERC-177-Rh|nifH|consensus50|pass_mixed_possible_multitemplate         17.75%    passed     81.36%
 573  JERC-177-Ro|nifH|consensus50|pass_single_dominant                      17.35%    passed     87.80%
 574  JERC-179-4-Ro|nifH|consensus50|pass_mixed_possible_multitemplate       24.77%    passed     94.92%
 575  JERC-180-5-No|nifH|consensus50|pass_single_dominant                    19.86%    passed     27.16%
 576  JERC-18-2-Rh|nifH|consensus50|pass_mixed_possible_multitemplate        22.87%    passed     97.06%
 577  JERC-18-2-Ro|nifH|consensus50|pass_mixed_possible_multitemplate        22.27%    passed     87.89%
 578  JERC-183-3-No|nifH|consensus50|pass_mixed_possible_multitemplate       22.27%    passed     93.12%
 579  JERC-183-3-Ro|nifH|consensus50|pass_mixed_possible_multitemplate       21.66%    passed     77.73%
 580  JERC-186-1-No|nifH|consensus50|pass_mixed_possible_multitemplate       22.67%    passed     95.31%
 581  JERC-187-1-Ro|nifH|consensus50|pass_mixed_possible_multitemplate       23.57%    passed     89.57%
 582  JERC-189-1-Rh|nifH|consensus50|pass_mixed_possible_multitemplate       18.96%    passed     81.22%
 583  JERC-191-1-No|nifH|consensus50|pass_mixed_possible_multitemplate       22.67%    passed     72.99%
 584  JERC-192-1-No|nifH|consensus50|pass_mixed_possible_multitemplate       17.55%    passed     87.98%
 585  JERC-195-2-Ro|nifH|consensus50|pass_mixed_possible_multitemplate       24.97%    passed     91.17%
 586  JERC-197-1-No|nifH|consensus50|pass_single_dominant                    16.75%    passed     96.48%
 587  JERC-197-1-Ro|nifH|consensus50|pass_mixed_possible_multitemplate       23.17%    passed     96.33%
 588  JERC-198-No|nifH|consensus50|pass_single_dominant                      19.36%    passed     42.38%
 589  JERC-198-Rh|nifH|consensus50|pass_mixed_possible_multitemplate         22.47%    passed     84.53%
 590  JERC-198-Ro|nifH|consensus50|pass_mixed_possible_multitemplate         18.66%    passed     85.64%
 591  JERC-199-No|nifH|consensus50|pass_mixed_possible_multitemplate         19.26%    passed     80.98%
 592  JERC-199-Rh|nifH|consensus50|pass_mixed_possible_multitemplate         20.16%    passed     84.99%
 593  JERC-199-Ro|nifH|consensus50|pass_mixed_possible_multitemplate         23.97%    passed     98.23%
 594  JERC-201-1-No|nifH|consensus50|pass_single_dominant                    19.76%    passed     22.66%
 595  JERC-20-1-No|nifH|consensus50|pass_mixed_possible_multitemplate        19.76%    passed     55.86%
 596  JERC-20-1-Rh|nifH|consensus50|pass_mixed_possible_multitemplate        21.97%    passed     79.51%
 597  JERC-20-1-Ro|nifH|consensus50|pass_mixed_possible_multitemplate        22.87%    passed     92.69%
 598  JERC-202-1-No|nifH|consensus50|pass_mixed_possible_multitemplate       21.77%    passed     76.16%
 599  JERC-202-1-Ro|nifH|consensus50|pass_mixed_possible_multitemplate       19.96%    passed     78.84%
 600  JERC-203-1-No|nifH|consensus50|pass_single_dominant                    17.65%    passed     33.11%
 601  JERC-203-1-Rh|nifH|consensus50|pass_single_dominant                    18.36%    passed     65.23%
 602  JERC-204-1-No|nifH|consensus50|pass_single_dominant                    16.85%    passed     95.10%
 603  JERC-204-1-Rh|nifH|consensus50|pass_mixed_possible_multitemplate       19.76%    passed     94.96%
 604  JERC-204-1-Ro|nifH|consensus50|pass_mixed_possible_multitemplate       27.38%    passed     66.18%
 605  JERC-2-1-No|nifH|consensus50|pass_single_dominant                      17.95%    passed      9.55%
 606  JERC-2-1-Rh|nifH|consensus50|pass_mixed_possible_multitemplate         26.28%    passed     55.82%
 607  JERC-23-1-Rh|nifH|consensus50|pass_mixed_possible_multitemplate        18.25%    passed     98.19%
 608  JERC-23-1-Ro|nifH|consensus50|pass_single_dominant                     19.36%    passed     99.68%
 609  JERC-25-1-No|nifH|consensus50|pass_mixed_possible_multitemplate        19.66%    passed     35.73%
 610  JERC-25-1-Rh|nifH|consensus50|pass_mixed_possible_multitemplate        18.66%    passed     66.09%
 611  JERC-25-1-Ro|nifH|consensus50|pass_mixed_possible_multitemplate        22.17%    passed     74.87%
 612  JERC-26-5-No|nifH|consensus50|pass_mixed_possible_multitemplate        23.87%    passed     90.12%
 613  JERC-27-2-No|nifH|consensus50|pass_mixed_possible_multitemplate        18.66%    passed     91.32%
 614  JERC-28-4-Rh|nifH|consensus50|pass_mixed_possible_multitemplate        19.26%    passed     78.56%
 615  JERC-28-4-Ro|nifH|consensus50|pass_mixed_possible_multitemplate        24.67%    passed     96.42%
 616  JERC-30-3-No|nifH|consensus50|pass_mixed_possible_multitemplate        20.76%    passed     24.10%
 617  JERC-30-3-Rh|nifH|consensus50|pass_mixed_possible_multitemplate        20.46%    passed     98.48%
 618  JERC-3-1-No|nifH|consensus50|pass_mixed_possible_multitemplate         18.56%    failed      2.45%
 619  JERC-3-1-Rh|nifH|consensus50|pass_mixed_possible_multitemplate         24.67%    passed     95.09%
 620  JERC-3-1-Ro|nifH|consensus50|pass_mixed_possible_multitemplate         22.37%    passed     56.95%
 621  JERC-34-4-No|nifH|consensus50|pass_single_dominant                     17.25%    passed     76.13%
 622  JERC-35-1-Ro|nifH|consensus50|pass_mixed_possible_multitemplate        23.07%    passed     89.03%
 623  JERC-36-1-No|nifH|consensus50|pass_mixed_possible_multitemplate        23.17%    passed     99.56%
 624  JERC-36-1-Ro|nifH|consensus50|pass_mixed_possible_multitemplate        25.68%    passed     92.07%
 625  JERC-37-2-No|nifH|consensus50|pass_single_dominant                     16.85%    passed     51.74%
 626  JERC-37-2-Ro|nifH|consensus50|pass_single_dominant                     18.36%    passed     42.61%
 627  JERC-38-2-No|nifH|consensus50|pass_mixed_possible_multitemplate        19.26%    passed     51.24%
 628  JERC-39-5-No|nifH|consensus50|pass_single_dominant                     19.86%    passed     55.20%
 629  JERC-41-2-Rh|nifH|consensus50|pass_mixed_possible_multitemplate        20.96%    passed     82.70%
 630  JERC-4-1-No|nifH|consensus50|pass_single_dominant                      18.25%    failed      3.81%
 631  JERC-4-1-Rh|nifH|consensus50|pass_mixed_possible_multitemplate         21.26%    passed     87.70%
 632  JERC-42-1-No|nifH|consensus50|pass_mixed_possible_multitemplate        20.16%    passed     61.92%
 633  JERC-42-1-Rh|nifH|consensus50|pass_mixed_possible_multitemplate        20.46%    passed     93.86%
 634  JERC-43-1-No|nifH|consensus50|pass_single_dominant                     17.95%    passed     13.86%
 635  JERC-44-2-No|nifH|consensus50|pass_mixed_possible_multitemplate        26.88%    passed     98.67%
 636  JERC-45-5-No|nifH|consensus50|pass_single_dominant                     21.06%    passed     30.90%
 637  JERC-45-5-Ro|nifH|consensus50|pass_mixed_possible_multitemplate        22.37%    passed     92.41%
 638  JERC-46-1-Rh|nifH|consensus50|pass_mixed_possible_multitemplate        20.36%    passed     84.29%
 639  JERC-46-1-Ro|nifH|consensus50|pass_mixed_possible_multitemplate        22.07%    passed     94.72%
 640  JERC-47-2-Rh|nifH|consensus50|pass_mixed_possible_multitemplate        20.36%    passed     87.64%
 641  JERC-47-2-Ro|nifH|consensus50|pass_mixed_possible_multitemplate        19.06%    passed     82.91%
 642  JERC-48-3-No|nifH|consensus50|pass_single_dominant                     17.15%    passed     18.03%
 643  JERC-48-3-Rh|nifH|consensus50|pass_mixed_possible_multitemplate        19.06%    passed     82.08%
 644  JERC-48-3-Ro|nifH|consensus50|pass_mixed_possible_multitemplate        18.66%    passed     84.04%
 645  JERC-49-2-Rh|nifH|consensus50|pass_mixed_possible_multitemplate        18.56%    passed     69.86%
 646  JERC-49-2-Ro|nifH|consensus50|pass_single_dominant                     18.96%    passed     33.20%
 647  JERC-50-5-No|nifH|consensus50|pass_single_dominant                     16.45%    passed     23.81%
 648  JERC-50-5-Rh|nifH|consensus50|pass_mixed_possible_multitemplate        18.05%    passed     94.35%
 649  JERC-50-5-Ro|nifH|consensus50|pass_mixed_possible_multitemplate        20.16%    passed     89.39%
 650  JERC-51-1-No|nifH|consensus50|pass_mixed_possible_multitemplate        25.58%    passed     93.48%
 651  JERC-51-1-Rh|nifH|consensus50|pass_mixed_possible_multitemplate        19.76%    passed     78.48%
 652  JERC-51-1-Ro|nifH|consensus50|pass_mixed_possible_multitemplate        24.67%    passed     94.52%
 653  JERC-53-5-No|nifH|consensus50|pass_mixed_possible_multitemplate        19.06%    passed     59.04%
 654  JERC-53-5-Rh|nifH|consensus50|pass_mixed_possible_multitemplate        19.46%    passed     99.85%
 655  JERC-5-3-No|nifH|consensus50|pass_mixed_possible_multitemplate         21.87%    passed      5.08%
 656  JERC-5-3-Rh|nifH|consensus50|pass_mixed_possible_multitemplate         20.66%    passed     92.62%
 657  JERC-5-3-Ro|nifH|consensus50|pass_mixed_possible_multitemplate         23.77%    passed     91.05%
 658  JERC-54-2-Rh|nifH|consensus50|pass_mixed_possible_multitemplate        19.76%    passed     94.58%
 659  JERC-54-2-Ro|nifH|consensus50|pass_mixed_possible_multitemplate        18.86%    passed     83.93%
 660  JERC-6-3-No|nifH|consensus50|pass_single_dominant                      19.36%    passed     11.79%
 661  JERC-6-3-Rh|nifH|consensus50|pass_mixed_possible_multitemplate         23.27%    passed     75.52%
 662  JERC-7-2-Rh|nifH|consensus50|pass_mixed_possible_multitemplate         18.56%    passed     72.55%
 663  JERC-7-2-Ro|nifH|consensus50|pass_mixed_possible_multitemplate         19.96%    passed     92.26%
 664  JERC-8-2-No|nifH|consensus50|pass_single_dominant                      19.76%    passed     83.42%
 665  JERC-8-2-Rh|nifH|consensus50|pass_mixed_possible_multitemplate         20.96%    passed     89.05%
 666  JERC-84-3-No|nifH|consensus50|pass_mixed_possible_multitemplate        20.26%    passed     25.00%
 667  JERC-87-1-No|nifH|consensus50|pass_mixed_possible_multitemplate        18.05%    passed     28.84%
 668  JERC-87-1-Rh|nifH|consensus50|pass_mixed_possible_multitemplate        21.16%    passed     95.65%
 669  JERC-87-1-Ro|nifH|consensus50|pass_mixed_possible_multitemplate        21.36%    passed     97.85%
 670  JERC-88-1-Rh|nifH|consensus50|pass_single_dominant                     17.85%    passed     98.55%
 671  JERC-88-1-Ro|nifH|consensus50|pass_mixed_possible_multitemplate        23.37%    passed     91.90%
 672  JERC-89-1-No|nifH|consensus50|pass_mixed_possible_multitemplate        21.36%    passed     78.72%
 673  JERC-89-1-Ro|nifH|consensus50|pass_single_dominant                     20.96%    passed     75.15%
 674  JERC-90-1-No|nifH|consensus50|pass_mixed_possible_multitemplate        20.16%    passed     69.42%
 675  JERC-90-1-Rh|nifH|consensus50|pass_mixed_possible_multitemplate        22.57%    passed     89.99%
 676  JERC-90-1-Ro|nifH|consensus50|pass_mixed_possible_multitemplate        23.87%    passed     92.87%
 677  JERC-91-1-Rh|nifH|consensus50|pass_single_dominant                     19.76%    passed     75.48%
 678  JERC-92-4-Rh|nifH|consensus50|pass_mixed_possible_multitemplate        20.66%    passed     87.93%
 679  JERC-93-1-No|nifH|consensus50|pass_mixed_possible_multitemplate        20.26%    passed      8.43%
 680  JERC-93-1-Rh|nifH|consensus50|pass_mixed_possible_multitemplate        19.86%    passed     96.04%
 681  JERC-93-1-Ro|nifH|consensus50|pass_mixed_possible_multitemplate        19.46%    passed     85.35%
 682  JERC-94-1-No|nifH|consensus50|pass_single_dominant                     16.55%    passed     87.92%
 683  JERC-94-1-Rh|nifH|consensus50|pass_mixed_possible_multitemplate        22.57%    passed     96.87%
 684  JERC-94-1-Ro|nifH|consensus50|pass_mixed_possible_multitemplate        27.48%    passed     94.26%
 685  JERC-96-2-No|nifH|consensus50|pass_single_dominant                     17.65%    passed     21.39%
 686  JERC-98-1-No|nifH|consensus50|pass_mixed_possible_multitemplate        23.37%    passed     82.54%
 687  JERC-98-1-Rh|nifH|consensus50|pass_single_dominant                     19.46%    passed     81.00%
 688  JERC-98-1-Ro|nifH|consensus50|pass_mixed_possible_multitemplate        19.16%    passed     90.43%
 689  JERC-98-2-No|nifH|consensus50|pass_mixed_possible_multitemplate        20.06%    passed     36.63%
 690  JERC-98-2-Rh|nifH|consensus50|pass_mixed_possible_multitemplate        18.56%    passed     79.48%
 691  JERC-98-3-No|nifH|consensus50|pass_single_dominant                     17.15%    passed     36.11%
 692  JERC-98-3-Ro|nifH|consensus50|pass_mixed_possible_multitemplate        22.67%    passed     98.99%
 693  JERC-98-4-No|nifH|consensus50|pass_mixed_possible_multitemplate        19.16%    passed     52.21%
 694  JERC-98-4-Ro|nifH|consensus50|pass_mixed_possible_multitemplate        21.46%    passed     87.46%
 695  JERC-99-1-Rh|nifH|consensus50|pass_single_dominant                     19.06%    passed     87.67%
 696  JERC-99-1-Ro|nifH|consensus50|pass_single_dominant                     19.26%    passed     80.59%
 697  JERC-99-2-No|nifH|consensus50|pass_mixed_possible_multitemplate        18.36%    passed     24.97%
 698  JERC-99-2-Ro|nifH|consensus50|pass_mixed_possible_multitemplate        21.16%    passed     93.54%
 699  JERC-99-3-No|nifH|consensus50|pass_single_dominant                     18.25%    passed     33.91%
 700  JERC-99-4-No|nifH|consensus50|pass_mixed_possible_multitemplate        17.75%    passed     10.66%
 701  JERC-99-4-Rh|nifH|consensus50|pass_mixed_possible_multitemplate        18.96%    passed     89.09%
 702  JERC-AMFR-56-1-No|nifH|consensus50|pass_single_dominant                16.35%    passed     88.62%
 703  JERC-AMFR-56-1-Rh|nifH|consensus50|pass_mixed_possible_multitemplate   21.97%    passed     89.20%
 704  JERC-AMFR-56-1-Ro|nifH|consensus50|pass_mixed_possible_multitemplate   23.07%    passed     93.82%
 705  JERC-AMFU-71-1-No|nifH|consensus50|pass_single_dominant                17.15%    passed     84.50%
 706  JERC-AMFU-71-1-Rh|nifH|consensus50|pass_mixed_possible_multitemplate   17.75%    passed     80.81%
 707  JERC-AMFU-71-1-Ro|nifH|consensus50|pass_mixed_possible_multitemplate   20.16%    passed     93.90%
 708  JERC-CERE-67-1-No|nifH|consensus50|pass_mixed_possible_multitemplate   18.25%    passed     25.47%
 709  JERC-CEVI-57-2-No|nifH|consensus50|pass_single_dominant                17.75%    passed     36.20%
 710  JERC-CEVI-57-2-Rh|nifH|consensus50|pass_mixed_possible_multitemplate   24.27%    passed     93.40%
 711  JERC-CEVI-57-2-Ro|nifH|consensus50|pass_mixed_possible_multitemplate   21.87%    passed     91.60%
 712  JERC-CHNI-60-3-No|nifH|consensus50|pass_single_dominant                18.86%    passed     20.59%
 713  JERC-CHNI-60-3-Rh|nifH|consensus50|pass_mixed_possible_multitemplate   18.76%    passed     99.66%
 714  JERC-CHNI-86-4-Rh|nifH|consensus50|pass_mixed_possible_multitemplate   18.05%    passed     80.77%
 715  JERC-CLMA-62-5-Rh|nifH|consensus50|pass_mixed_possible_multitemplate   20.46%    passed     96.75%
 716  JERC-CLMA-73-2-No|nifH|consensus50|pass_mixed_possible_multitemplate   20.76%    passed     40.15%
 717  JERC-CLMA-73-2-Rh|nifH|consensus50|pass_single_dominant                20.36%    passed     92.09%
 718  JERC-CLMA-73-2-Ro|nifH|consensus50|pass_single_dominant                18.15%    passed     87.88%
 719  JERC-CLMA-83-1-Rh|nifH|consensus50|pass_mixed_possible_multitemplate   20.76%    passed     87.71%
 720  JERC-CRJU-86-1-No|nifH|consensus50|pass_single_dominant                17.65%    passed     37.72%
 721  JERC-CRJU-86-1-Ro|nifH|consensus50|pass_single_dominant                19.66%    passed     99.63%
 722  JERC-CRRO-64-1-No|nifH|consensus50|pass_mixed_possible_multitemplate   21.77%    passed     90.34%
 723  JERC-CRRO-70-1-No|nifH|consensus50|pass_mixed_possible_multitemplate   20.76%    passed     85.14%
 724  JERC-CRRO-70-1-Ro|nifH|consensus50|pass_mixed_possible_multitemplate   20.56%    passed     93.92%
 725  JERC-DEFL-31-5-No|nifH|consensus50|pass_single_dominant                18.76%    passed     17.60%
 726  JERC-DEFL-31-5-Rh|nifH|consensus50|pass_mixed_possible_multitemplate   19.26%    passed     84.18%
 727  JERC-DEFL-31-5-Ro|nifH|consensus50|pass_mixed_possible_multitemplate   21.16%    passed     82.54%
 728  JERC-DEFL-61-3-No|nifH|consensus50|pass_mixed_possible_multitemplate   18.36%    passed     26.13%
 729  JERC-DEFL-61-3-Rh|nifH|consensus50|pass_mixed_possible_multitemplate   23.97%    passed     73.30%
 730  JERC-DEFL-75-2-No|nifH|consensus50|pass_mixed_possible_multitemplate   20.26%    passed     27.29%
 731  JERC-DEFL-75-2-Ro|nifH|consensus50|pass_mixed_possible_multitemplate   17.75%    passed     78.90%
 732  JERC-DEFL-75-3-No|nifH|consensus50|pass_single_dominant                20.06%    passed     24.65%
 733  JERC-DEFL-75-3-Rh|nifH|consensus50|pass_mixed_possible_multitemplate   21.06%    passed     68.17%
 734  JERC-DEFL-75-3-Ro|nifH|consensus50|pass_mixed_possible_multitemplate   21.26%    passed     82.55%
 735  JERC-DESM-74-1-Ro|nifH|consensus50|pass_mixed_possible_multitemplate   19.06%    passed     96.89%
 736  JERC-DEST-32-1-No|nifH|consensus50|pass_mixed_possible_multitemplate   19.76%    passed     24.91%
 737  JERC-DEST-32-1-Rh|nifH|consensus50|pass_mixed_possible_multitemplate   17.75%    passed     94.01%
 738  JERC-DEST-32-1-Ro|nifH|consensus50|pass_mixed_possible_multitemplate   19.46%    passed     84.31%
 739  JERC-DEST-65-5-No|nifH|consensus50|pass_mixed_possible_multitemplate   24.07%    passed     94.78%
 740  JERC-DEST-68-4-No|nifH|consensus50|pass_mixed_possible_multitemplate   18.36%    passed     18.58%
 741  JERC-DEST-68-4-Ro|nifH|consensus50|pass_mixed_possible_multitemplate   20.36%    passed     92.31%
 742  JERC-GAVO-33-1-No|nifH|consensus50|pass_mixed_possible_multitemplate   18.66%    passed     66.17%
 743  JERC-GAVO-33-1-Rh|nifH|consensus50|pass_mixed_possible_multitemplate   18.15%    passed     70.63%
 744  JERC-LEHI-82-3-Ro|nifH|consensus50|pass_mixed_possible_multitemplate   20.86%    passed     42.38%
 745  JERC-LEST-78-5-Ro|nifH|consensus50|pass_mixed_possible_multitemplate   19.06%    passed     83.76%
 746  JERC-RHDI-59-3-No|nifH|consensus50|pass_single_dominant                19.16%    passed     23.59%
 747  JERC-RHDI-59-3-Rh|nifH|consensus50|pass_mixed_possible_multitemplate   26.78%    passed     79.88%
 748  JERC-RHDI-59-3-Ro|nifH|consensus50|pass_mixed_possible_multitemplate   20.46%    passed     95.39%
 749  JERC-RHRE-55-1-No|nifH|consensus50|pass_mixed_possible_multitemplate   19.56%    passed     19.59%
 750  JERC-RHRE-55-1-Rh|nifH|consensus50|pass_mixed_possible_multitemplate   25.98%    passed     81.92%
 751  JERC-RHRE-55-1-Ro|nifH|consensus50|pass_mixed_possible_multitemplate   23.97%    passed     88.37%
 752  JERC-RHTO-58-1-No|nifH|consensus50|pass_mixed_possible_multitemplate   18.86%    passed     11.72%
 753  JERC-RHTO-58-1-Rh|nifH|consensus50|pass_mixed_possible_multitemplate   20.16%    passed     88.85%
 754  JERC-RHTO-58-1-Ro|nifH|consensus50|pass_mixed_possible_multitemplate   23.27%    passed     93.99%
 755  JERC-STBI-63-1-Rh|nifH|consensus50|pass_mixed_possible_multitemplate   17.65%    passed     73.67%
 756  JERC-STBI-72-3-Ro|nifH|consensus50|pass_mixed_possible_multitemplate   20.26%    passed     85.05%
 757  JERC-TECW-66-3-No|nifH|consensus50|pass_mixed_possible_multitemplate   17.65%    passed     68.61%
 758  JORN-1-No|nifH|consensus50|pass_single_dominant                        16.75%    passed     75.36%
 759  JORN-1-Rh|nifH|consensus50|pass_mixed_possible_multitemplate           20.36%    passed     64.61%
 760  JORN-1-Ro|nifH|consensus50|pass_mixed_possible_multitemplate           21.36%    passed     89.56%
 761  JORN-2-1-No|nifH|consensus50|pass_mixed_possible_multitemplate         25.88%    passed     96.83%
 762  JORN-2-1-Rh|nifH|consensus50|pass_mixed_possible_multitemplate         20.86%    passed     97.98%
 763  JORN-2-1-Ro|nifH|consensus50|pass_mixed_possible_multitemplate         20.76%    passed     88.78%
 764  JORN-3-1-No|nifH|consensus50|pass_mixed_possible_multitemplate         23.07%    passed     68.15%
 765  JORN-3-1-Rh|nifH|consensus50|pass_mixed_possible_multitemplate         24.47%    passed     96.62%
 766  JORN-3-1-Ro|nifH|consensus50|pass_mixed_possible_multitemplate         23.37%    passed     90.94%
 767  JORN-4-1-No|nifH|consensus50|pass_mixed_possible_multitemplate         19.86%    passed     79.65%
 768  JORN-4-1-Rh|nifH|consensus50|pass_mixed_possible_multitemplate         20.56%    passed     86.53%
 769  JORN-4-1-Ro|nifH|consensus50|pass_mixed_possible_multitemplate         24.97%    passed     83.07%
 770  KONA-1-1-No|nifH|consensus50|pass_single_dominant                      17.15%    passed     41.26%
 771  KONA-1-1-Rh|nifH|consensus50|pass_mixed_possible_multitemplate         24.97%    passed     83.07%
 772  KONA-1-1-Ro|nifH|consensus50|pass_mixed_possible_multitemplate         24.97%    passed     83.07%
 773  KONA-2-1-No|nifH|consensus50|pass_mixed_possible_multitemplate         24.97%    passed     83.07%
 774  KONA-2-1-Rh|nifH|consensus50|pass_mixed_possible_multitemplate         24.97%    passed     83.07%
 775  KONA-2-1-Ro|nifH|consensus50|pass_mixed_possible_multitemplate         24.97%    passed     83.07%
 776  KONA-3-1-No|nifH|consensus50|pass_mixed_possible_multitemplate         24.97%    passed     83.07%
 777  KONA-3-1-Rh|nifH|consensus50|pass_mixed_possible_multitemplate         24.97%    passed     83.07%
 778  KONA-3-1-Ro|nifH|consensus50|pass_mixed_possible_multitemplate         22.17%    passed     86.23%
 779  KONZ-10-1-No|nifH|consensus50|pass_mixed_possible_multitemplate        18.76%    passed     27.50%
 780  KONZ-10-1-Rh|nifH|consensus50|pass_mixed_possible_multitemplate        24.77%    passed     90.89%
 781  KONZ-11-1-No|nifH|consensus50|pass_mixed_possible_multitemplate        18.36%    passed     87.18%
 782  KONZ-11-1-Rh|nifH|consensus50|pass_single_dominant                     17.25%    passed     84.68%
 783  KONZ-11-1-Ro|nifH|consensus50|pass_mixed_possible_multitemplate        20.46%    passed     85.87%
 784  KONZ-12-1-No|nifH|consensus50|pass_single_dominant                     16.75%    passed     89.40%
 785  KONZ-12-1-Rh|nifH|consensus50|pass_mixed_possible_multitemplate        17.65%    passed     73.11%
 786  KONZ-12-1-Ro|nifH|consensus50|pass_mixed_possible_multitemplate        20.76%    passed     91.11%
 787  KONZ-13-1-Ro|nifH|consensus50|pass_mixed_possible_multitemplate        25.48%    passed     91.78%
 788  KONZ-14-1-Rh|nifH|consensus50|pass_mixed_possible_multitemplate        19.36%    passed     80.30%
 789  KONZ-14-1-Ro|nifH|consensus50|pass_mixed_possible_multitemplate        24.57%    passed     88.05%
 790  KONZ-15-1-Rh|nifH|consensus50|pass_mixed_possible_multitemplate        17.75%    passed     87.89%
 791  KONZ-15-1-Ro|nifH|consensus50|pass_mixed_possible_multitemplate        22.07%    passed     94.42%
 792  KONZ-16-1-Rh|nifH|consensus50|pass_mixed_possible_multitemplate        17.55%    passed     91.00%
 793  KONZ-1-No|nifH|consensus50|pass_mixed_possible_multitemplate           19.76%    passed     69.65%
 794  KONZ-1-Ro|nifH|consensus50|pass_mixed_possible_multitemplate           23.97%    passed     60.90%
 795  KONZ-2-1-No|nifH|consensus50|pass_single_dominant                      16.95%    passed     71.21%
 796  KONZ-2-1-Rh|nifH|consensus50|pass_mixed_possible_multitemplate         20.36%    passed     93.04%
 797  KONZ-2-1-Ro|nifH|consensus50|pass_mixed_possible_multitemplate         21.77%    passed     93.46%
 798  KONZ-3-1-No|nifH|consensus50|pass_mixed_possible_multitemplate         18.86%    passed     69.58%
 799  KONZ-3-1-Rh|nifH|consensus50|pass_mixed_possible_multitemplate         18.56%    passed     64.35%
 800  KONZ-3-1-Ro|nifH|consensus50|pass_mixed_possible_multitemplate         20.36%    passed     81.42%
 801  KONZ-4-1-No|nifH|consensus50|pass_mixed_possible_multitemplate         21.06%    passed     43.82%
 802  KONZ-4-1-Rh|nifH|consensus50|pass_mixed_possible_multitemplate         23.57%    passed     93.42%
 803  KONZ-4-1-Ro|nifH|consensus50|pass_mixed_possible_multitemplate         17.85%    passed     79.95%
 804  KONZ-5-1-No|nifH|consensus50|pass_mixed_possible_multitemplate         18.86%    passed     95.10%
 805  KONZ-5-1-Rh|nifH|consensus50|pass_mixed_possible_multitemplate         21.16%    passed     99.65%
 806  KONZ-5-1-Ro|nifH|consensus50|pass_mixed_possible_multitemplate         18.66%    passed     93.79%
 807  KONZ-6-1-No|nifH|consensus50|pass_single_dominant                      16.55%    passed     89.59%
 808  KONZ-6-1-Rh|nifH|consensus50|pass_single_dominant                      16.95%    passed     80.45%
 809  KONZ-6-1-Ro|nifH|consensus50|pass_mixed_possible_multitemplate         19.66%    passed     87.86%
 810  KONZ-7-1-No|nifH|consensus50|pass_mixed_possible_multitemplate         18.15%    passed     76.09%
 811  KONZ-7-1-Rh|nifH|consensus50|pass_mixed_possible_multitemplate         18.86%    passed     78.39%
 812  KONZ-7-1-Ro|nifH|consensus50|pass_mixed_possible_multitemplate         24.57%    passed     92.12%
 813  KONZ-8-1-No|nifH|consensus50|pass_mixed_possible_multitemplate         17.65%    passed     52.59%
 814  KONZ-8-1-Rh|nifH|consensus50|pass_mixed_possible_multitemplate         18.05%    passed     93.93%
 815  KONZ-8-1-Ro|nifH|consensus50|pass_mixed_possible_multitemplate         25.38%    passed     94.14%
 816  KONZ-9-2-No|nifH|consensus50|pass_single_dominant                      17.05%    passed     84.25%
 817  KONZ-9-2-Ro|nifH|consensus50|pass_mixed_possible_multitemplate         25.48%    passed     94.02%
 818  LAJA-11-3-No|nifH|consensus50|pass_mixed_possible_multitemplate        22.77%    passed     43.15%
 819  LAJA-11-3-Rh|nifH|consensus50|pass_mixed_possible_multitemplate        25.38%    passed     96.32%
 820  LAJA-1-1-No|nifH|consensus50|pass_single_dominant                      16.05%    passed     88.32%
 821  LAJA-1-1-Rh|nifH|consensus50|pass_mixed_possible_multitemplate         21.06%    passed     99.85%
 822  LAJA-12-1-Ro|nifH|consensus50|pass_mixed_possible_multitemplate        23.97%    passed     97.82%
 823  LAJA-1-2-Rh|nifH|consensus50|pass_mixed_possible_multitemplate         23.87%    passed     88.41%
 824  LAJA-13-3-Rh|nifH|consensus50|pass_mixed_possible_multitemplate        25.38%    passed     98.86%
 825  LAJA-13-3-Ro|nifH|consensus50|pass_mixed_possible_multitemplate        20.26%    passed     99.37%
 826  LAJA-1-3-Rh|nifH|consensus50|pass_mixed_possible_multitemplate         16.65%    passed     90.22%
 827  LAJA-1-3-Ro|nifH|consensus50|pass_mixed_possible_multitemplate         21.06%    passed     62.16%
 828  LAJA-14-1-No|nifH|consensus50|pass_mixed_possible_multitemplate        22.07%    passed     99.20%
 829  LAJA-14-1-Rh|nifH|consensus50|pass_mixed_possible_multitemplate        26.68%    passed     64.37%
 830  LAJA-14-1-Ro|nifH|consensus50|pass_mixed_possible_multitemplate        24.07%    passed     97.59%
 831  LAJA-15-1-No|nifH|consensus50|pass_single_dominant                     17.95%    passed     31.43%
 832  LAJA-15-1-Ro|nifH|consensus50|pass_mixed_possible_multitemplate        24.77%    passed     99.25%
 833  LAJA-16-2-No|nifH|consensus50|pass_mixed_possible_multitemplate        21.87%    passed     96.90%
 834  LAJA-16-2-Rh|nifH|consensus50|pass_single_dominant                     18.86%    passed     93.29%
 835  LAJA-16-2-Ro|nifH|consensus50|pass_mixed_possible_multitemplate        26.18%    passed     98.59%
 836  LAJA-17-1-No|nifH|consensus50|pass_mixed_possible_multitemplate        19.06%    passed     48.27%
 837  LAJA-17-1-Rh|nifH|consensus50|pass_mixed_possible_multitemplate        25.18%    passed     82.83%
 838  LAJA-17-1-Ro|nifH|consensus50|pass_mixed_possible_multitemplate        26.38%    passed     81.46%
 839  LAJA-18-1-No|nifH|consensus50|pass_mixed_possible_multitemplate        21.66%    passed     82.76%
 840  LAJA-19-2-Rh|nifH|consensus50|pass_mixed_possible_multitemplate        25.68%    passed     93.32%
 841  LAJA-20-1-No|nifH|consensus50|pass_mixed_possible_multitemplate        22.87%    passed     51.79%
 842  LAJA-20-1-Rh|nifH|consensus50|pass_mixed_possible_multitemplate        27.88%    passed     73.72%
 843  LAJA-20-1-Ro|nifH|consensus50|pass_mixed_possible_multitemplate        30.09%    passed     99.66%
 844  LAJA-21-1-No|nifH|consensus50|pass_mixed_possible_multitemplate        21.26%    passed     36.46%
 845  LAJA-21-1-Ro|nifH|consensus50|pass_mixed_possible_multitemplate        19.46%    passed     97.88%
 846  LAJA-2-1-No|nifH|consensus50|pass_mixed_possible_multitemplate         20.86%    passed     57.96%
 847  LAJA-2-1-Rh|nifH|consensus50|pass_mixed_possible_multitemplate         21.87%    passed     97.63%
 848  LAJA-2-1-Ro|nifH|consensus50|pass_single_dominant                      18.96%    passed     58.31%
 849  LAJA-22-2-No|nifH|consensus50|pass_single_dominant                     17.85%    passed     98.30%
 850  LAJA-22-2-Rh|nifH|consensus50|pass_mixed_possible_multitemplate        24.77%    passed     99.51%
 851  LAJA-2-2-No|nifH|consensus50|pass_mixed_possible_multitemplate         18.36%    passed     39.94%
 852  LAJA-2-2-Rh|nifH|consensus50|pass_mixed_possible_multitemplate         24.27%    passed     89.70%
 853  LAJA-2-2-Ro|nifH|consensus50|pass_mixed_possible_multitemplate         16.65%    passed     93.22%
 854  LAJA-23-1-No|nifH|consensus50|pass_mixed_possible_multitemplate        22.37%    passed     95.75%
 855  LAJA-23-1-Rh|nifH|consensus50|pass_mixed_possible_multitemplate        22.37%    passed     99.90%
 856  LAJA-23-1-Ro|nifH|consensus50|pass_mixed_possible_multitemplate        23.67%    passed     93.28%
 857  LAJA-2-3-No|nifH|consensus50|pass_mixed_possible_multitemplate         16.55%    passed     46.60%
 858  LAJA-2-3-Rh|nifH|consensus50|pass_mixed_possible_multitemplate         19.26%    passed     84.50%
 859  LAJA-25-1-No|nifH|consensus50|pass_mixed_possible_multitemplate        22.67%    passed     45.15%
 860  LAJA-25-1-Rh|nifH|consensus50|pass_mixed_possible_multitemplate        22.37%    passed     98.42%
 861  LAJA-26-1-No|nifH|consensus50|pass_mixed_possible_multitemplate        20.16%    passed     92.31%
 862  LAJA-26-1-Ro|nifH|consensus50|pass_mixed_possible_multitemplate        23.07%    passed     95.92%
 863  LAJA-3-1-No|nifH|consensus50|pass_single_dominant                      16.85%    passed     90.64%
 864  LAJA-3-1-Rh|nifH|consensus50|pass_mixed_possible_multitemplate         24.97%    passed     99.02%
 865  LAJA-3-1-Ro|nifH|consensus50|pass_mixed_possible_multitemplate         25.08%    passed     95.74%
 866  LAJA-3-2-No|nifH|consensus50|pass_mixed_possible_multitemplate         20.06%    passed     76.06%
 867  LAJA-3-2-Rh|nifH|consensus50|pass_mixed_possible_multitemplate         17.65%    passed     91.36%
 868  LAJA-3-2-Ro|nifH|consensus50|pass_mixed_possible_multitemplate         24.17%    passed     99.75%
 869  LAJA-3-3-No|nifH|consensus50|pass_mixed_possible_multitemplate         17.95%    passed     82.03%
 870  LAJA-3-3-Rh|nifH|consensus50|pass_mixed_possible_multitemplate         19.86%    passed     99.97%
 871  LAJA-4-1-No|nifH|consensus50|pass_mixed_possible_multitemplate         22.07%    passed     88.63%
 872  LAJA-4-1-Rh|nifH|consensus50|pass_single_dominant                      19.66%    passed     97.22%
 873  LAJA-5-1-No|nifH|consensus50|pass_mixed_possible_multitemplate         19.76%    passed     86.00%
 874  LAJA-5-1-Rh|nifH|consensus50|pass_mixed_possible_multitemplate         25.58%    passed     94.17%
 875  LAJA-5-1-Ro|nifH|consensus50|pass_mixed_possible_multitemplate         25.18%    passed     98.10%
 876  LAJA-6-1-No|nifH|consensus50|pass_mixed_possible_multitemplate         19.46%    passed     95.26%
 877  LAJA-6-1-Rh|nifH|consensus50|pass_single_dominant                      16.35%    passed     85.58%
 878  LAJA-6-1-Ro|nifH|consensus50|pass_mixed_possible_multitemplate         20.06%    passed     81.19%
 879  LAJA-7-1-No|nifH|consensus50|pass_mixed_possible_multitemplate         21.26%    passed     97.55%
 880  LAJA-7-1-Rh|nifH|consensus50|pass_mixed_possible_multitemplate         23.17%    passed     99.78%
 881  LAJA-7-1-Ro|nifH|consensus50|pass_mixed_possible_multitemplate         22.67%    passed     76.62%
 882  LAJA-9-1-Rh|nifH|consensus50|pass_mixed_possible_multitemplate         23.87%    passed     55.60%
 883  LAJA-9-1-Ro|nifH|consensus50|pass_mixed_possible_multitemplate         23.27%    passed     73.80%
 884  LENO-10-2-No|nifH|consensus50|pass_single_dominant                     17.25%    passed     68.37%
 885  LENO-10-2-Ro|nifH|consensus50|pass_single_dominant                     16.65%    passed     87.87%
 886  LENO-1-1-No|nifH|consensus50|pass_single_dominant                      20.66%    passed     76.38%
 887  LENO-1-1-Rh|nifH|consensus50|pass_single_dominant                      19.16%    passed     91.13%
 888  LENO-12-3-No|nifH|consensus50|pass_mixed_possible_multitemplate        18.05%    passed     91.94%
 889  LENO-13-2-No|nifH|consensus50|pass_single_dominant                     17.75%    passed     74.28%
 890  LENO-13-2-Rh|nifH|consensus50|pass_mixed_possible_multitemplate        20.36%    passed     97.79%
 891  LENO-13-2-Ro|nifH|consensus50|pass_mixed_possible_multitemplate        24.87%    passed     99.15%
 892  LENO-14-3-No|nifH|consensus50|pass_mixed_possible_multitemplate        18.66%    passed     64.79%
 893  LENO-14-3-Ro|nifH|consensus50|pass_mixed_possible_multitemplate        22.37%    passed     83.45%
 894  LENO-15-2-No|nifH|consensus50|pass_mixed_possible_multitemplate        23.27%    passed     67.27%
 895  LENO-15-2-Rh|nifH|consensus50|pass_mixed_possible_multitemplate        25.08%    passed     95.36%
 896  LENO-16-2-No|nifH|consensus50|pass_mixed_possible_multitemplate        20.86%    passed     82.44%
 897  LENO-16-2-Rh|nifH|consensus50|pass_mixed_possible_multitemplate        19.96%    passed     95.05%
 898  LENO-2-1-Ro|nifH|consensus50|pass_single_dominant                      19.36%    passed     90.78%
 899  LENO-3-2-No|nifH|consensus50|pass_mixed_possible_multitemplate         17.75%    passed     38.50%
 900  LENO-3-2-Rh|nifH|consensus50|pass_mixed_possible_multitemplate         24.67%    passed     99.91%
 901  LENO-3-2-Ro|nifH|consensus50|pass_mixed_possible_multitemplate         20.16%    passed     92.84%
 902  LENO-4-3-No|nifH|consensus50|pass_single_dominant                      20.06%    passed     48.05%
 903  LENO-5-2-No|nifH|consensus50|pass_single_dominant                      17.45%    passed     87.92%
 904  LENO-5-2-Rh|nifH|consensus50|pass_mixed_possible_multitemplate         24.17%    passed     97.20%
 905  LENO-5-2-Ro|nifH|consensus50|pass_mixed_possible_multitemplate         23.17%    passed     91.55%
 906  LENO-6-1-No|nifH|consensus50|pass_single_dominant                      16.85%    passed     26.32%
 907  LENO-6-1-Rh|nifH|consensus50|pass_mixed_possible_multitemplate         22.37%    passed     89.87%
 908  LENO-6-1-Ro|nifH|consensus50|pass_mixed_possible_multitemplate         21.06%    passed     97.00%
 909  LENO-7-2-No|nifH|consensus50|pass_single_dominant                      16.15%    passed     96.36%
 910  LENO-7-2-Rh|nifH|consensus50|pass_mixed_possible_multitemplate         22.17%    passed     95.43%
 911  LENO-7-2-Ro|nifH|consensus50|pass_mixed_possible_multitemplate         21.77%    passed     92.91%
 912  LENO-8-3-No|nifH|consensus50|pass_single_dominant                      19.86%    passed     41.27%
 913  LENO-9-2-No|nifH|consensus50|pass_single_dominant                      16.55%    passed     91.85%
 914  LENO-9-2-Rh|nifH|consensus50|pass_single_dominant                      16.95%    passed     91.52%
 915  LENO-9-2-Ro|nifH|consensus50|pass_mixed_possible_multitemplate         19.06%    passed     88.89%
 916  MLBS-1-1-No|nifH|consensus50|pass_single_dominant                      18.36%    passed     89.52%
 917  MLBS-1-1-Ro|nifH|consensus50|pass_mixed_possible_multitemplate         26.08%    passed     87.65%
 918  MLBS-2-1-No|nifH|consensus50|pass_mixed_possible_multitemplate         20.96%    passed     93.17%
 919  MLBS-2-1-Ro|nifH|consensus50|pass_mixed_possible_multitemplate         20.76%    passed     91.63%
 920  N13-2-D-No|nifH|consensus50|pass_mixed_possible_multitemplate          21.06%    passed     13.43%
 921  N35-4-D-No|nifH|consensus50|pass_single_dominant                       15.25%    passed     30.22%
 922  N35-4-D-Ro|nifH|consensus50|pass_single_dominant                       19.16%    passed     39.47%
 923  N36-4-D-No|nifH|consensus50|pass_mixed_possible_multitemplate          16.15%    passed     60.75%
 924  N36-4-D-Rh|nifH|consensus50|pass_mixed_possible_multitemplate          18.96%    passed     42.75%
 925  N36-4-D-Ro|nifH|consensus50|pass_mixed_possible_multitemplate          20.36%    passed     79.67%
 926  N38-2-D-No|nifH|consensus50|pass_single_dominant                       21.16%    passed     82.54%
 927  N38-2-D-Rh|nifH|consensus50|pass_single_dominant                       18.76%    passed     96.90%
 928  N38-2-D-Ro|nifH|consensus50|pass_single_dominant                       17.75%    passed     67.65%
 929  N39-2-D-No|nifH|consensus50|pass_single_dominant                       20.46%    passed     92.32%
 930  N39-2-D-Rh|nifH|consensus50|pass_mixed_possible_multitemplate          22.17%    passed     86.37%
 931  N39-2-D-Ro|nifH|consensus50|pass_mixed_possible_multitemplate          22.97%    passed     97.01%
 932  N49-3-D-Ro|nifH|consensus50|pass_mixed_possible_multitemplate          22.77%    passed     67.14%
 933  NIWO-1-No|nifH|consensus50|pass_single_dominant                        18.56%    passed     37.89%
 934  NIWO-1-Rh|nifH|consensus50|pass_mixed_possible_multitemplate           24.37%    passed     59.28%
 935  NIWO-1-Ro|nifH|consensus50|pass_mixed_possible_multitemplate           20.16%    passed     91.56%
 936  NIWO-2-No|nifH|consensus50|pass_mixed_possible_multitemplate           25.18%    passed     86.12%
 937  NOGP-1-1-No|nifH|consensus50|pass_single_dominant                      17.75%    passed     30.89%
 938  NOGP-1-1-Rh|nifH|consensus50|pass_mixed_possible_multitemplate         19.76%    passed     90.83%
 939  NOGP-1-1-Ro|nifH|consensus50|pass_mixed_possible_multitemplate         29.59%    passed     95.52%
 940  NOGP-2-1-No|nifH|consensus50|pass_single_dominant                      17.05%    passed     36.49%
 941  NOGP-2-1-Rh|nifH|consensus50|pass_mixed_possible_multitemplate         22.47%    passed     90.14%
 942  NOGP-2-1-Ro|nifH|consensus50|pass_single_dominant                      18.66%    passed     15.79%
 943  NOGP-3-2-No|nifH|consensus50|pass_single_dominant                      17.45%    passed     25.44%
 944  NOGP-3-2-Rh|nifH|consensus50|pass_mixed_possible_multitemplate         22.87%    passed     82.12%
 945  NOGP-3-2-Ro|nifH|consensus50|pass_single_dominant                      16.75%    passed     31.60%
 946  NOGP-4-1-No|nifH|consensus50|pass_mixed_possible_multitemplate         25.88%    passed     79.08%
 947  NOGP-4-1-Rh|nifH|consensus50|pass_mixed_possible_multitemplate         20.16%    passed     97.78%
 948  NOGP-4-1-Ro|nifH|consensus50|pass_single_dominant                      18.86%    passed     21.07%
 949  NOGP-5-2-No|nifH|consensus50|pass_mixed_possible_multitemplate         18.15%    passed     32.08%
 950  NOGP-5-2-Rh|nifH|consensus50|pass_mixed_possible_multitemplate         25.48%    passed     76.77%
 951  NOGP-5-2-Ro|nifH|consensus50|pass_single_dominant                      17.15%    passed     15.61%
 952  NOGP-6-3-No|nifH|consensus50|pass_mixed_possible_multitemplate         19.16%    passed     53.28%
 953  NOGP-6-3-Rh|nifH|consensus50|pass_mixed_possible_multitemplate         18.66%    passed     98.94%
 954  NOGP-6-3-Ro|nifH|consensus50|pass_single_dominant                      18.36%    passed     31.39%
 955  NOGP-7-2-No|nifH|consensus50|pass_mixed_possible_multitemplate         20.36%    passed     98.72%
 956  NOGP-7-2-Ro|nifH|consensus50|pass_mixed_possible_multitemplate         23.17%    passed     35.20%
 957  OAES-10-1-No|nifH|consensus50|pass_single_dominant                     17.35%    passed     70.72%
 958  OAES-10-1-Ro|nifH|consensus50|pass_single_dominant                     18.05%    passed     62.79%
 959  OAES-11-1-No|nifH|consensus50|pass_single_dominant                     17.05%    passed     78.87%
 960  OAES-1-1-No|nifH|consensus50|pass_single_dominant                      16.95%    passed     24.22%
 961  OAES-1-1-Rh|nifH|consensus50|pass_mixed_possible_multitemplate         20.46%    passed     97.44%
 962  OAES-1-1-Ro|nifH|consensus50|pass_mixed_possible_multitemplate         24.37%    passed     94.73%
 963  OAES-12-2-No|nifH|consensus50|pass_single_dominant                     16.65%    passed     81.96%
 964  OAES-12-2-Rh|nifH|consensus50|pass_mixed_possible_multitemplate        19.96%    passed     55.01%
 965  OAES-12-2-Ro|nifH|consensus50|pass_single_dominant                     17.05%    passed     76.43%
 966  OAES-13-1-Rh|nifH|consensus50|pass_mixed_possible_multitemplate        23.87%    passed     87.15%
 967  OAES-14-1-No|nifH|consensus50|pass_single_dominant                     18.05%    passed     21.58%
 968  OAES-14-1-Rh|nifH|consensus50|pass_mixed_possible_multitemplate        20.26%    passed     84.15%
 969  OAES-14-1-Ro|nifH|consensus50|pass_mixed_possible_multitemplate        21.06%    passed     48.64%
 970  OAES-15-No|nifH|consensus50|pass_single_dominant                       16.55%    passed     77.95%
 971  OAES-15-Rh|nifH|consensus50|pass_single_dominant                       20.16%    passed     81.68%
 972  OAES-15-Ro|nifH|consensus50|pass_single_dominant                       16.85%    passed     74.33%
 973  OAES-16-1-No|nifH|consensus50|pass_single_dominant                     16.45%    passed     24.47%
 974  OAES-16-1-Rh|nifH|consensus50|pass_single_dominant                     17.75%    passed     31.30%
 975  OAES-16-1-Ro|nifH|consensus50|pass_single_dominant                     17.45%    passed     96.84%
 976  OAES-17-No|nifH|consensus50|pass_single_dominant                       17.75%    passed     83.75%
 977  OAES-17-Rh|nifH|consensus50|pass_mixed_possible_multitemplate          21.77%    passed     85.52%
 978  OAES-17-Ro|nifH|consensus50|pass_single_dominant                       19.96%    passed     76.51%
 979  OAES-18-3-No|nifH|consensus50|pass_mixed_possible_multitemplate        21.26%    passed     91.61%
 980  OAES-18-3-Rh|nifH|consensus50|pass_mixed_possible_multitemplate        20.36%    passed     89.93%
 981  OAES-18-3-Ro|nifH|consensus50|pass_mixed_possible_multitemplate        21.77%    passed     88.74%
 982  OAES_19-2-Rh|nifH|consensus50|pass_mixed_possible_multitemplate        18.46%    passed     37.75%
 983  OAES-20-Rh|nifH|consensus50|pass_single_dominant                       21.77%    passed     89.54%
 984  OAES-20-Ro|nifH|consensus50|pass_mixed_possible_multitemplate          22.27%    passed     91.98%
 985  OAES-21-3-No|nifH|consensus50|pass_single_dominant                     16.75%    passed     82.25%
 986  OAES-21-3-Rh|nifH|consensus50|pass_single_dominant                     20.76%    passed     61.87%
 987  OAES-2-1-No|nifH|consensus50|pass_single_dominant                      18.36%    passed     28.96%
 988  OAES-2-1-Rh|nifH|consensus50|pass_mixed_possible_multitemplate         23.77%    passed     72.69%
 989  OAES-2-1-Ro|nifH|consensus50|pass_single_dominant                      17.55%    passed     38.35%
 990  OAES-22-1-No|nifH|consensus50|pass_single_dominant                     18.66%    passed     31.28%
 991  OAES-22-1-Rh|nifH|consensus50|pass_mixed_possible_multitemplate        19.76%    passed     98.40%
 992  OAES-23-1-No|nifH|consensus50|pass_single_dominant                     16.85%    passed     71.75%
 993  OAES-23-1-Rh|nifH|consensus50|pass_mixed_possible_multitemplate        24.77%    passed     95.05%
 994  OAES-23-1-Ro|nifH|consensus50|pass_single_dominant                     17.65%    passed     68.66%
 995  OAES-25-1-No|nifH|consensus50|pass_single_dominant                     16.75%    passed     30.03%
 996  OAES-25-1-Rh|nifH|consensus50|pass_mixed_possible_multitemplate        22.27%    passed     91.29%
 997  OAES-25-1-Ro|nifH|consensus50|pass_mixed_possible_multitemplate        23.87%    passed     96.14%
 998  OAES-26-1-No|nifH|consensus50|pass_single_dominant                     17.65%    passed     95.76%
 999  OAES-26-1-Rh|nifH|consensus50|pass_mixed_possible_multitemplate        22.27%    passed     85.68%
1000  OAES-26-1-Ro|nifH|consensus50|pass_single_dominant                     19.56%    passed     88.41%
1001  OAES-27-2-No|nifH|consensus50|pass_single_dominant                     16.65%    passed     77.05%
1002  OAES-27-2-Rh|nifH|consensus50|pass_mixed_possible_multitemplate        21.66%    passed     92.41%
1003  OAES-27-2-Ro|nifH|consensus50|pass_mixed_possible_multitemplate        21.77%    passed     81.93%
1004  OAES-28-1-No|nifH|consensus50|pass_single_dominant                     16.55%    passed     80.42%
1005  OAES-28-1-Rh|nifH|consensus50|pass_mixed_possible_multitemplate        20.16%    passed     90.61%
1006  OAES-28-1-Ro|nifH|consensus50|pass_mixed_possible_multitemplate        19.96%    passed     79.35%
1007  OAES-29-1-No|nifH|consensus50|pass_single_dominant                     19.96%    passed     73.85%
1008  OAES-29-1-Rh|nifH|consensus50|pass_mixed_possible_multitemplate        22.57%    passed     92.74%
1009  OAES-29-1-Ro|nifH|consensus50|pass_single_dominant                     20.66%    passed     82.39%
1010  OAES-30-2-No|nifH|consensus50|pass_single_dominant                     18.76%    passed     78.17%
1011  OAES-31-1-No|nifH|consensus50|pass_mixed_possible_multitemplate        19.46%    passed     89.38%
1012  OAES-31-1-Rh|nifH|consensus50|pass_mixed_possible_multitemplate        19.46%    passed     95.12%
1013  OAES-31-1-Ro|nifH|consensus50|pass_mixed_possible_multitemplate        23.67%    passed     91.00%
1014  OAES-3-1-No|nifH|consensus50|pass_single_dominant                      16.75%    passed     92.90%
1015  OAES-3-1-Rh|nifH|consensus50|pass_mixed_possible_multitemplate         25.18%    passed     82.79%
1016  OAES-3-1-Ro|nifH|consensus50|pass_mixed_possible_multitemplate         23.37%    passed     80.77%
1017  OAES-32-1-No|nifH|consensus50|pass_single_dominant                     16.85%    passed     79.89%
1018  OAES-33-1-No|nifH|consensus50|pass_single_dominant                     19.66%    passed     61.63%
1019  OAES-34-1-No|nifH|consensus50|pass_single_dominant                     16.65%    passed     66.99%
1020  OAES-34-1-Rh|nifH|consensus50|pass_mixed_possible_multitemplate        19.26%    passed     80.09%
1021  OAES-34-1-Ro|nifH|consensus50|pass_mixed_possible_multitemplate        22.37%    passed     65.38%
1022  OAES-35-1-No|nifH|consensus50|pass_mixed_possible_multitemplate        23.27%    passed     96.42%
1023  OAES-35-1-Rh|nifH|consensus50|pass_single_dominant                     19.36%    passed     83.39%
1024  OAES-35-3-No|nifH|consensus50|pass_single_dominant                     17.25%    passed     94.15%
1025  OAES-35-3-Rh|nifH|consensus50|pass_single_dominant                     19.56%    passed     94.59%
1026  OAES-35-3-Ro|nifH|consensus50|pass_mixed_possible_multitemplate        22.47%    passed     93.02%
1027  OAES-36-2-No|nifH|consensus50|pass_single_dominant                     16.55%    passed     30.70%
1028  OAES-36-2-Rh|nifH|consensus50|pass_mixed_possible_multitemplate        21.36%    passed     95.04%
1029  OAES-36-2-Ro|nifH|consensus50|pass_mixed_possible_multitemplate        19.96%    passed     99.53%
1030  OAES-36-3-No|nifH|consensus50|pass_single_dominant                     17.25%    passed     45.27%
1031  OAES-36-3-Rh|nifH|consensus50|pass_mixed_possible_multitemplate        18.76%    passed     75.88%
1032  OAES-37-2-Rh|nifH|consensus50|pass_single_dominant                     21.26%    passed     98.94%
1033  OAES-4-1-No|nifH|consensus50|pass_single_dominant                      16.85%    passed     28.57%
1034  OAES-4-1-Ro|nifH|consensus50|pass_single_dominant                      17.65%    passed     23.50%
1035  OAES-5-Rh|nifH|consensus50|pass_single_dominant                        16.55%    passed     68.63%
1036  OAES-5-Ro|nifH|consensus50|pass_mixed_possible_multitemplate           26.18%    passed     93.17%
1037  OAES-6-1-Ro|nifH|consensus50|pass_single_dominant                      19.86%    passed     43.58%
1038  OAES-7-1-No|nifH|consensus50|pass_single_dominant                      16.85%    passed     21.37%
1039  OAES-7-1-Rh|nifH|consensus50|pass_single_dominant                      20.06%    passed     22.57%
1040  OAES-7-1-Ro|nifH|consensus50|pass_single_dominant                      19.96%    passed     23.96%
1041  OAES-8-2-No|nifH|consensus50|pass_single_dominant                      17.15%    passed     55.54%
1042  OAES-8-2-Rh|nifH|consensus50|pass_mixed_possible_multitemplate         21.26%    passed     83.77%
1043  OAES-8-2-Ro|nifH|consensus50|pass_mixed_possible_multitemplate         25.88%    passed     90.91%
1044  OAES-9-1-Rh|nifH|consensus50|pass_single_dominant                      17.75%    passed     71.42%
1045  OAES-9-1-Ro|nifH|consensus50|pass_mixed_possible_multitemplate         21.66%    passed     91.39%
1046  ORNL-10-1-No|nifH|consensus50|pass_mixed_possible_multitemplate        22.37%    passed     93.63%
1047  ORNL-11-1-No|nifH|consensus50|pass_mixed_possible_multitemplate        19.76%    passed     73.25%
1048  ORNL-11-1-Rh|nifH|consensus50|pass_mixed_possible_multitemplate        25.08%    passed     94.11%
1049  ORNL-1-1-Ro|nifH|consensus50|pass_mixed_possible_multitemplate         19.56%    passed     80.77%
1050  ORNL-12-1-No|nifH|consensus50|pass_mixed_possible_multitemplate        22.37%    passed     92.08%
1051  ORNL-12-1-Rh|nifH|consensus50|pass_mixed_possible_multitemplate        22.97%    passed     89.05%
1052  ORNL-12-1-Ro|nifH|consensus50|pass_single_dominant                     17.05%    passed     91.54%
1053  ORNL-13-2-No|nifH|consensus50|pass_single_dominant                     17.25%    passed     40.01%
1054  ORNL-13-2-Rh|nifH|consensus50|pass_mixed_possible_multitemplate        22.17%    passed     91.85%
1055  ORNL-13-2-Ro|nifH|consensus50|pass_mixed_possible_multitemplate        24.47%    passed     96.27%
1056  ORNL-14-1-Ro|nifH|consensus50|pass_mixed_possible_multitemplate        19.96%    passed     97.06%
1057  ORNL-16-No|nifH|consensus50|pass_single_dominant                       20.46%    passed     60.52%
1058  ORNL-17-1-Rh|nifH|consensus50|pass_mixed_possible_multitemplate        21.87%    passed     92.11%
1059  ORNL-17-1-Ro|nifH|consensus50|pass_mixed_possible_multitemplate        21.06%    passed     98.81%
1060  ORNL-18-1-Rh|nifH|consensus50|pass_mixed_possible_multitemplate        21.36%    passed     93.04%
1061  ORNL-18-1-Ro|nifH|consensus50|pass_mixed_possible_multitemplate        17.65%    passed     90.42%
1062  ORNL-19-Rh|nifH|consensus50|pass_mixed_possible_multitemplate          20.26%    passed     87.77%
1063  ORNL-20-1-Rh|nifH|consensus50|pass_mixed_possible_multitemplate        22.87%    passed     95.51%
1064  ORNL-23-1-Ro|nifH|consensus50|pass_mixed_possible_multitemplate        19.36%    passed     94.33%
1065  ORNL-24-Ro|nifH|consensus50|pass_mixed_possible_multitemplate          21.16%    passed     60.86%
1066  ORNL-3-1-Ro|nifH|consensus50|pass_mixed_possible_multitemplate         21.16%    passed     99.23%
1067  ORNL-4-1-No|nifH|consensus50|pass_single_dominant                      20.76%    passed     34.78%
1068  ORNL-4-1-Ro|nifH|consensus50|pass_mixed_possible_multitemplate         18.56%    passed     20.31%
1069  ORNL-5-1-Rh|nifH|consensus50|pass_mixed_possible_multitemplate         20.16%    passed     59.74%
1070  ORNL-8-2-No|nifH|consensus50|pass_mixed_possible_multitemplate         18.76%    passed     64.31%
1071  ORNL-9-1-Rh|nifH|consensus50|pass_mixed_possible_multitemplate         23.77%    passed     65.92%
1072  ORNL-9-1-Ro|nifH|consensus50|pass_mixed_possible_multitemplate         18.96%    passed     89.33%
1073  OSBS-100-3-Rh|nifH|consensus50|pass_single_dominant                    17.95%    passed     83.40%
1074  OSBS-101-1-Ro|nifH|consensus50|pass_single_dominant                    19.56%    passed     25.86%
1075  OSBS-102-1-No|nifH|consensus50|pass_mixed_possible_multitemplate       26.18%    passed     81.67%
1076  OSBS-103-2-Rh|nifH|consensus50|pass_mixed_possible_multitemplate       23.97%    passed     71.36%
1077  OSBS-104-1-Rh|nifH|consensus50|pass_single_dominant                    20.06%    passed     94.32%
1078  OSBS-104-1-Ro|nifH|consensus50|pass_mixed_possible_multitemplate       21.66%    passed     96.48%
1079  OSBS-106-1-Rh|nifH|consensus50|pass_mixed_possible_multitemplate       20.46%    passed     94.50%
1080  OSBS-106-1-Ro|nifH|consensus50|pass_mixed_possible_multitemplate       24.07%    passed     84.22%
1081  OSBS-107-No|nifH|consensus50|pass_mixed_possible_multitemplate         19.96%    passed     17.38%
1082  OSBS-107-Ro|nifH|consensus50|pass_mixed_possible_multitemplate         21.26%    passed     74.06%
1083  OSBS-109-4-Rh|nifH|consensus50|pass_mixed_possible_multitemplate       18.46%    passed     77.59%
1084  OSBS-110-1-No|nifH|consensus50|pass_mixed_possible_multitemplate       18.76%    passed     18.60%
1085  OSBS-110-1-Rh|nifH|consensus50|pass_mixed_possible_multitemplate       18.46%    passed     91.67%
1086  OSBS-12-1-Ro|nifH|consensus50|pass_mixed_possible_multitemplate        21.66%    passed     99.99%
1087  OSBS-1-2-No|nifH|consensus50|pass_mixed_possible_multitemplate         20.46%    passed     84.13%
1088  OSBS-1-2-Ro|nifH|consensus50|pass_mixed_possible_multitemplate         17.15%    passed     99.63%
1089  OSBS-14-3-No|nifH|consensus50|pass_single_dominant                     16.65%    passed     11.31%
1090  OSBS-14-3-Rh|nifH|consensus50|pass_mixed_possible_multitemplate        19.86%    passed     29.98%
1091  OSBS-14-3-Ro|nifH|consensus50|pass_mixed_possible_multitemplate        19.76%    passed     78.51%
1092  OSBS-18-5-Rh|nifH|consensus50|pass_mixed_possible_multitemplate        23.77%    passed     92.98%
1093  OSBS-18-5-Ro|nifH|consensus50|pass_single_dominant                     19.46%    passed     80.72%
1094  OSBS-20-1-Rh|nifH|consensus50|pass_mixed_possible_multitemplate        24.37%    passed     85.75%
1095  OSBS-20-1-Ro|nifH|consensus50|pass_single_dominant                     17.75%    passed     99.22%
1096  OSBS-21-2-No|nifH|consensus50|pass_single_dominant                     16.85%    passed     87.20%
1097  OSBS-21-2-Rh|nifH|consensus50|pass_mixed_possible_multitemplate        19.46%    passed     72.06%
1098  OSBS-21-2-Ro|nifH|consensus50|pass_mixed_possible_multitemplate        19.16%    passed     91.41%
1099  OSBS-2-3-No|nifH|consensus50|pass_mixed_possible_multitemplate         22.07%    passed     77.24%
1100  OSBS-2-3-Rh|nifH|consensus50|pass_mixed_possible_multitemplate         18.76%    passed     88.68%
1101  OSBS-2-3-Ro|nifH|consensus50|pass_mixed_possible_multitemplate         20.26%    passed     63.16%
1102  OSBS-25-1-Rh|nifH|consensus50|pass_mixed_possible_multitemplate        18.56%    passed     92.90%
1103  OSBS-25-1-Ro|nifH|consensus50|pass_mixed_possible_multitemplate        21.66%    passed     99.73%
1104  OSBS-28-1-No|nifH|consensus50|pass_single_dominant                     17.05%    passed     95.92%
1105  OSBS-28-1-Rh|nifH|consensus50|pass_mixed_possible_multitemplate        19.86%    passed     96.10%
1106  OSBS-28-1-Ro|nifH|consensus50|pass_mixed_possible_multitemplate        18.05%    passed     94.53%
1107  OSBS-29-1-Ro|nifH|consensus50|pass_mixed_possible_multitemplate        20.86%    passed     98.41%
1108  OSBS-30-1-Rh|nifH|consensus50|pass_mixed_possible_multitemplate        23.27%    passed     80.52%
1109  OSBS-32-1-Rh|nifH|consensus50|pass_mixed_possible_multitemplate        18.96%    passed     99.24%
1110  OSBS-32-1-Ro|nifH|consensus50|pass_mixed_possible_multitemplate        19.46%    passed     96.83%
1111  OSBS-34-1-No|nifH|consensus50|pass_mixed_possible_multitemplate        21.46%    passed     99.16%
1112  OSBS-34-1-Rh|nifH|consensus50|pass_mixed_possible_multitemplate        23.27%    passed     72.96%
1113  OSBS-34-1-Ro|nifH|consensus50|pass_mixed_possible_multitemplate        21.46%    passed     89.16%
1114  OSBS-35-1-Rh|nifH|consensus50|pass_mixed_possible_multitemplate        20.46%    passed     90.10%
1115  OSBS-35-2-No|nifH|consensus50|pass_mixed_possible_multitemplate        19.06%    passed     95.70%
1116  OSBS-35-2-Rh|nifH|consensus50|pass_mixed_possible_multitemplate        18.66%    passed     93.25%
1117  OSBS-35-2-Ro|nifH|consensus50|pass_mixed_possible_multitemplate        20.16%    passed     96.66%
1118  OSBS-36-1-No|nifH|consensus50|pass_mixed_possible_multitemplate        22.47%    passed     56.48%
1119  OSBS-36-1-Rh|nifH|consensus50|pass_mixed_possible_multitemplate        19.86%    passed     99.85%
1120  OSBS-36-1-Ro|nifH|consensus50|pass_mixed_possible_multitemplate        29.29%    passed     99.63%
1121  OSBS-36-4-No|nifH|consensus50|pass_mixed_possible_multitemplate        20.66%    passed     94.59%
1122  OSBS-36-4-Rh|nifH|consensus50|pass_single_dominant                     20.46%    passed     94.52%
1123  OSBS-36-4-Ro|nifH|consensus50|pass_mixed_possible_multitemplate        19.66%    passed     99.76%
1124  OSBS-37-1-No|nifH|consensus50|pass_mixed_possible_multitemplate        23.57%    passed     92.33%
1125  OSBS-37-1-Rh|nifH|consensus50|pass_single_dominant                     17.45%    passed     62.97%
1126  OSBS-37-1-Ro|nifH|consensus50|pass_mixed_possible_multitemplate        20.96%    passed     92.47%
1127  OSBS-38-1-No|nifH|consensus50|pass_single_dominant                     16.45%    passed     70.21%
1128  OSBS-38-1-Rh|nifH|consensus50|pass_mixed_possible_multitemplate        20.96%    passed     87.56%
1129  OSBS-38-1-Ro|nifH|consensus50|pass_mixed_possible_multitemplate        22.47%    passed     97.99%
1130  OSBS-38-2-Rh|nifH|consensus50|pass_mixed_possible_multitemplate        20.56%    passed     79.05%
1131  OSBS-38-2-Ro|nifH|consensus50|pass_mixed_possible_multitemplate        19.86%    passed     89.97%
1132  OSBS-41-3-No|nifH|consensus50|pass_mixed_possible_multitemplate        21.16%    passed     97.97%
1133  OSBS-41-3-Rh|nifH|consensus50|pass_mixed_possible_multitemplate        18.86%    passed     85.89%
1134  OSBS-41-3-Ro|nifH|consensus50|pass_mixed_possible_multitemplate        22.57%    passed     91.36%
1135  OSBS-4-3-No|nifH|consensus50|pass_mixed_possible_multitemplate         20.96%    passed     67.84%
1136  OSBS-4-3-Rh|nifH|consensus50|pass_mixed_possible_multitemplate         21.87%    passed     99.47%
1137  OSBS-4-3-Ro|nifH|consensus50|pass_single_dominant                      18.56%    passed     96.96%
1138  OSBS-44-1-No|nifH|consensus50|pass_mixed_possible_multitemplate        21.77%    passed     92.03%
1139  OSBS-44-1-Ro|nifH|consensus50|pass_mixed_possible_multitemplate        18.86%    passed     84.39%
1140  OSBS-46-1-Rh|nifH|consensus50|pass_mixed_possible_multitemplate        17.75%    passed     85.99%
1141  OSBS-55-1-Ro|nifH|consensus50|pass_mixed_possible_multitemplate        18.05%    passed     89.54%
1142  OSBS-5-5-No|nifH|consensus50|pass_mixed_possible_multitemplate         20.16%    passed     54.05%
1143  OSBS-5-5-Rh|nifH|consensus50|pass_mixed_possible_multitemplate         21.97%    passed     97.79%
1144  OSBS-5-5-Ro|nifH|consensus50|pass_single_dominant                      18.66%    passed     88.33%
1145  OSBS-58-1-No|nifH|consensus50|pass_single_dominant                     17.25%    passed     29.67%
1146  OSBS-58-1-Rh|nifH|consensus50|pass_single_dominant                     19.06%    passed     80.19%
1147  OSBS-58-1-Ro|nifH|consensus50|pass_mixed_possible_multitemplate        17.65%    passed     85.30%
1148  OSBS-59-1-Rh|nifH|consensus50|pass_mixed_possible_multitemplate        17.95%    passed     89.34%
1149  OSBS-59-1-Ro|nifH|consensus50|pass_mixed_possible_multitemplate        19.06%    passed     74.34%
1150  OSBS-6-1-No|nifH|consensus50|pass_mixed_possible_multitemplate         23.37%    passed     76.24%
1151  OSBS-6-1-Rh|nifH|consensus50|pass_mixed_possible_multitemplate         18.46%    passed     83.68%
1152  OSBS-6-1-Ro|nifH|consensus50|pass_mixed_possible_multitemplate         17.65%    passed     96.65%
1153  OSBS-66-1-Rh|nifH|consensus50|pass_single_dominant                     17.35%    passed     71.79%
1154  OSBS-67-1-No|nifH|consensus50|pass_mixed_possible_multitemplate        21.87%    passed     74.78%
1155  OSBS-68-1-No|nifH|consensus50|pass_mixed_possible_multitemplate        18.15%    passed     84.01%
1156  OSBS-68-1-Rh|nifH|consensus50|pass_single_dominant                     18.96%    passed     99.66%
1157  OSBS-69-1-No|nifH|consensus50|pass_mixed_possible_multitemplate        19.76%    passed     63.62%
1158  OSBS-69-1-Rh|nifH|consensus50|pass_single_dominant                     16.45%    passed     85.48%
1159  OSBS-69-1-Ro|nifH|consensus50|pass_mixed_possible_multitemplate        19.16%    passed     87.04%
1160  OSBS-70-3-No|nifH|consensus50|pass_single_dominant                     17.15%    passed     25.82%
1161  OSBS-71-1-Rh|nifH|consensus50|pass_single_dominant                     18.25%    passed     91.24%
1162  OSBS-71-1-Ro|nifH|consensus50|pass_mixed_possible_multitemplate        22.77%    passed     85.95%
1163  OSBS-72-1-Ro|nifH|consensus50|pass_mixed_possible_multitemplate        24.07%    passed     97.78%
1164  OSBS-73-2-Ro|nifH|consensus50|pass_mixed_possible_multitemplate        19.96%    passed     96.63%
1165  OSBS-7-4-No|nifH|consensus50|pass_mixed_possible_multitemplate         16.65%    passed     99.57%
1166  OSBS-7-4-Rh|nifH|consensus50|pass_mixed_possible_multitemplate         18.25%    passed     98.45%
1167  OSBS-7-4-Ro|nifH|consensus50|pass_single_dominant                      15.45%    passed     98.37%
1168  OSBS-80-2-No|nifH|consensus50|pass_mixed_possible_multitemplate        19.66%    passed     69.56%
1169  OSBS-80-2-Ro|nifH|consensus50|pass_mixed_possible_multitemplate        22.57%    passed     78.52%
1170  OSBS-81-1-No|nifH|consensus50|pass_mixed_possible_multitemplate        21.06%    passed     91.44%
1171  OSBS-81-1-Rh|nifH|consensus50|pass_single_dominant                     17.45%    passed     89.19%
1172  OSBS-82-1-No|nifH|consensus50|pass_mixed_possible_multitemplate        21.56%    passed     76.18%
1173  OSBS-82-1-Rh|nifH|consensus50|pass_mixed_possible_multitemplate        23.77%    passed     97.25%
1174  OSBS-82-1-Ro|nifH|consensus50|pass_single_dominant                     17.25%    passed     77.79%
1175  OSBS-83-1-No|nifH|consensus50|pass_mixed_possible_multitemplate        22.57%    passed     63.06%
1176  OSBS-83-1-Rh|nifH|consensus50|pass_mixed_possible_multitemplate        20.86%    passed     84.17%
1177  OSBS-83-1-Ro|nifH|consensus50|pass_mixed_possible_multitemplate        18.86%    passed     85.13%
1178  OSBS-84-1-No|nifH|consensus50|pass_mixed_possible_multitemplate        21.06%    passed     88.16%
1179  OSBS-84-1-Rh|nifH|consensus50|pass_mixed_possible_multitemplate        22.17%    passed     93.59%
1180  OSBS-84-1-Ro|nifH|consensus50|pass_mixed_possible_multitemplate        19.26%    passed     76.02%
1181  OSBS-85-1-No|nifH|consensus50|pass_mixed_possible_multitemplate        24.37%    passed     76.31%
1182  OSBS-85-1-Rh|nifH|consensus50|pass_mixed_possible_multitemplate        20.56%    passed     86.59%
1183  OSBS-8-5-No|nifH|consensus50|pass_mixed_possible_multitemplate         22.17%    passed     85.11%
1184  OSBS-8-5-Ro|nifH|consensus50|pass_mixed_possible_multitemplate         21.66%    passed     93.24%
1185  OSBS-86-1-No|nifH|consensus50|pass_mixed_possible_multitemplate        24.57%    passed     98.06%
1186  OSBS-86-1-Rh|nifH|consensus50|pass_mixed_possible_multitemplate        18.86%    passed     88.19%
1187  OSBS-86-1-Ro|nifH|consensus50|pass_mixed_possible_multitemplate        19.06%    passed     85.27%
1188  OSBS-88-1-Ro|nifH|consensus50|pass_mixed_possible_multitemplate        22.67%    passed     45.59%
1189  OSBS-89-1-No|nifH|consensus50|pass_mixed_possible_multitemplate        20.46%    passed     98.34%
1190  OSBS-89-1-Rh|nifH|consensus50|pass_mixed_possible_multitemplate        21.06%    passed     84.86%
1191  OSBS-95-3-Rh|nifH|consensus50|pass_mixed_possible_multitemplate        20.26%    passed     98.04%
1192  OSBS-95-3-Ro|nifH|consensus50|pass_mixed_possible_multitemplate        19.06%    passed     86.19%
1193  OSBS-97-2-Rh|nifH|consensus50|pass_mixed_possible_multitemplate        21.36%    passed     96.35%
1194  OSBS-99-No|nifH|consensus50|pass_mixed_possible_multitemplate          20.66%    passed     94.76%
1195  OSBS-99-Ro|nifH|consensus50|pass_mixed_possible_multitemplate          22.77%    passed     71.91%
1196  OSBS-DETR-64-3-Rh|nifH|consensus50|pass_single_dominant                18.76%    passed     97.46%
1197  OSBS-DETR-64-3-Ro|nifH|consensus50|pass_mixed_possible_multitemplate   23.17%    passed     97.92%
1198  OSBS-LEHI-62-5-Ro|nifH|consensus50|pass_single_dominant                19.86%    passed     12.95%
1199  OSBS-TEVI-61-4-No|nifH|consensus50|pass_single_dominant                19.46%    passed     10.85%
1200  RMNP-1-No|nifH|consensus50|pass_single_dominant                        17.25%    passed     89.63%
1201  RMNP-1-Rh|nifH|consensus50|pass_mixed_possible_multitemplate           21.97%    passed     99.18%
1202  RMNP-1-Ro|nifH|consensus50|pass_single_dominant                        21.56%    passed     78.23%
1203  RMNP-2-No|nifH|consensus50|pass_single_dominant                        19.96%    passed     92.90%
1204  RMNP-2-Rh|nifH|consensus50|pass_single_dominant                        17.25%    passed     96.85%
1205  RMNP-2-Ro|nifH|consensus50|pass_mixed_possible_multitemplate           21.06%    passed     92.01%
1206  RMNP-3-No|nifH|consensus50|pass_mixed_possible_multitemplate           21.77%    passed     95.61%
1207  RMNP-3-Rh|nifH|consensus50|pass_mixed_possible_multitemplate           19.86%    passed     97.71%
1208  RMNP-3-Ro|nifH|consensus50|pass_mixed_possible_multitemplate           21.36%    passed     96.63%
1209  RMNP-4-No|nifH|consensus50|pass_mixed_possible_multitemplate           21.66%    passed     90.95%
1210  RMNP-4-Rh|nifH|consensus50|pass_single_dominant                        16.85%    passed     98.92%
1211  RMNP-5-1-No|nifH|consensus50|pass_mixed_possible_multitemplate         20.06%    passed     82.29%
1212  SCBI-10-1-No|nifH|consensus50|pass_mixed_possible_multitemplate        20.86%    passed     73.14%
1213  SCBI-10-1-Rh|nifH|consensus50|pass_mixed_possible_multitemplate        20.26%    passed     86.27%
1214  SCBI-1-1-Rh|nifH|consensus50|pass_mixed_possible_multitemplate         24.07%    passed     68.85%
1215  SCBI-12-1-No|nifH|consensus50|pass_mixed_possible_multitemplate        18.66%    passed     62.96%
1216  SCBI-12-1-Rh|nifH|consensus50|pass_mixed_possible_multitemplate        22.47%    passed     85.56%
1217  SCBI-12-1-Ro|nifH|consensus50|pass_mixed_possible_multitemplate        18.36%    passed     80.23%
1218  SCBI-13-1-No|nifH|consensus50|pass_mixed_possible_multitemplate        18.96%    passed     78.11%
1219  SCBI-13-1-Rh|nifH|consensus50|pass_mixed_possible_multitemplate        17.55%    passed     90.94%
1220  SCBI-13-1-Ro|nifH|consensus50|pass_mixed_possible_multitemplate        22.87%    passed     82.41%
1221  SCBI-2-1-Rh|nifH|consensus50|pass_mixed_possible_multitemplate         22.37%    passed     60.79%
1222  SCBI-3-1-Ro|nifH|consensus50|pass_mixed_possible_multitemplate         23.57%    passed     89.38%
1223  SCBI-4-1-Rh|nifH|consensus50|pass_single_dominant                      18.25%    passed     73.03%
1224  SCBI-5-1-No|nifH|consensus50|pass_single_dominant                      18.15%    passed     69.47%
1225  SCBI-6-1-Rh|nifH|consensus50|pass_mixed_possible_multitemplate         23.87%    passed     98.68%
1226  SCBI-6-1-Ro|nifH|consensus50|pass_mixed_possible_multitemplate         23.17%    passed     96.38%
1227  SCBI-7-1-No|nifH|consensus50|pass_mixed_possible_multitemplate         17.55%    passed     29.20%
1228  SCBI-7-1-Rh|nifH|consensus50|pass_mixed_possible_multitemplate         26.18%    passed     12.69%
1229  SCBI-7-1-Ro|nifH|consensus50|pass_mixed_possible_multitemplate         25.28%    passed     90.01%
1230  SCBI-8-2-Ro|nifH|consensus50|pass_mixed_possible_multitemplate         22.57%    passed     96.46%
1231  SCBI-9-2-Rh|nifH|consensus50|pass_mixed_possible_multitemplate         23.27%    passed     78.46%
1232  SERC-3-1-Ro|nifH|consensus50|pass_single_dominant                      21.77%    passed     82.85%
1233  SERC-5-1-No|nifH|consensus50|pass_mixed_possible_multitemplate         19.26%    passed     44.39%
1234  SERC-5-1-Rh|nifH|consensus50|pass_mixed_possible_multitemplate         26.58%    passed     90.76%
1235  SJER-1-1-No|nifH|consensus50|pass_single_dominant                      20.16%    passed     88.22%
1236  SJER-1-1-Ro|nifH|consensus50|pass_mixed_possible_multitemplate         22.17%    passed     91.82%
1237  SJER-2-3-No|nifH|consensus50|pass_single_dominant                      18.96%    passed      9.50%
1238  SJER-2-3-Ro|nifH|consensus50|pass_mixed_possible_multitemplate         20.36%    passed     89.85%
1239  SJER-4-1-Ro|nifH|consensus50|pass_mixed_possible_multitemplate         22.77%    passed     89.40%
1240  SJER-5-1-Rh|nifH|consensus50|pass_mixed_possible_multitemplate         21.36%    passed     98.70%
1241  SRER-10-1-No|nifH|consensus50|pass_single_dominant                     17.45%    passed     89.76%
1242  SRER-10-1-Rh|nifH|consensus50|pass_single_dominant                     17.15%    passed     82.95%
1243  SRER-10-1-Ro|nifH|consensus50|pass_mixed_possible_multitemplate        19.86%    passed     90.87%
1244  SRER-11-1-No|nifH|consensus50|pass_mixed_possible_multitemplate        22.47%    passed     91.73%
1245  SRER-11-1-Rh|nifH|consensus50|pass_mixed_possible_multitemplate        20.26%    passed     75.96%
1246  SRER-11-1-Ro|nifH|consensus50|pass_mixed_possible_multitemplate        21.66%    passed     78.05%
1247  SRER-1-1-No|nifH|consensus50|pass_single_dominant                      16.95%    passed     68.45%
1248  SRER-1-1-Rh|nifH|consensus50|pass_mixed_possible_multitemplate         21.16%    passed     61.10%
1249  SRER-1-1-Ro|nifH|consensus50|pass_mixed_possible_multitemplate         17.85%    passed     65.69%
1250  SRER-12-1-No|nifH|consensus50|pass_mixed_possible_multitemplate        21.87%    passed     80.96%
1251  SRER-12-1-Rh|nifH|consensus50|pass_mixed_possible_multitemplate        20.66%    passed     87.67%
1252  SRER-12-1-Ro|nifH|consensus50|pass_mixed_possible_multitemplate        18.25%    passed     84.39%
1253  SRER-13-1-No|nifH|consensus50|pass_single_dominant                     16.65%    passed     73.38%
1254  SRER-13-1-Rh|nifH|consensus50|pass_single_dominant                     17.65%    passed     85.47%
1255  SRER-13-1-Ro|nifH|consensus50|pass_single_dominant                     17.15%    passed     70.87%
1256  SRER-14-1-No|nifH|consensus50|pass_single_dominant                     16.55%    passed     88.92%
1257  SRER-14-1-Rh|nifH|consensus50|pass_mixed_possible_multitemplate        19.86%    passed     94.86%
1258  SRER-14-1-Ro|nifH|consensus50|pass_mixed_possible_multitemplate        18.36%    passed     77.46%
1259  SRER-15-1-No|nifH|consensus50|pass_single_dominant                     18.05%    passed     75.61%
1260  SRER-15-1-Rh|nifH|consensus50|pass_mixed_possible_multitemplate        20.26%    passed     85.27%
1261  SRER-15-1-Ro|nifH|consensus50|pass_single_dominant                     16.95%    passed     75.37%
1262  SRER-16-1-No|nifH|consensus50|pass_single_dominant                     17.15%    passed     76.31%
1263  SRER-16-1-Rh|nifH|consensus50|pass_mixed_possible_multitemplate        20.76%    passed     90.75%
1264  SRER-16-1-Ro|nifH|consensus50|pass_mixed_possible_multitemplate        20.16%    passed     75.79%
1265  SRER-17-1-No|nifH|consensus50|pass_single_dominant                     16.45%    passed     88.19%
1266  SRER-17-1-Rh|nifH|consensus50|pass_mixed_possible_multitemplate        22.57%    passed     86.78%
1267  SRER-17-1-Ro|nifH|consensus50|pass_mixed_possible_multitemplate        21.06%    passed     97.65%
1268  SRER-18-1-No|nifH|consensus50|pass_mixed_possible_multitemplate        23.57%    passed     89.25%
1269  SRER-18-1-Rh|nifH|consensus50|pass_single_dominant                     16.45%    passed     92.41%
1270  SRER-18-1-Ro|nifH|consensus50|pass_single_dominant                     15.25%    passed     88.66%
1271  SRER-2-1-No|nifH|consensus50|pass_single_dominant                      19.56%    passed     72.77%
1272  SRER-2-1-Rh|nifH|consensus50|pass_mixed_possible_multitemplate         26.78%    passed     94.97%
1273  SRER-2-1-Ro|nifH|consensus50|pass_mixed_possible_multitemplate         21.36%    passed     84.41%
1274  SRER-3-1-No|nifH|consensus50|pass_single_dominant                      17.15%    passed     84.60%
1275  SRER-3-1-Rh|nifH|consensus50|pass_mixed_possible_multitemplate         18.56%    passed     89.03%
1276  SRER-3-1-Ro|nifH|consensus50|pass_single_dominant                      16.75%    passed     86.95%
1277  SRER-4-1-No|nifH|consensus50|pass_single_dominant                      19.56%    passed     73.72%
1278  SRER-4-1-Ro|nifH|consensus50|pass_mixed_possible_multitemplate         22.67%    passed     99.40%
1279  SRER-5-1-No|nifH|consensus50|pass_mixed_possible_multitemplate         19.76%    passed     96.55%
1280  SRER-5-1-Ro|nifH|consensus50|pass_mixed_possible_multitemplate         21.26%    passed     97.23%
1281  SRER-6-1-No|nifH|consensus50|pass_single_dominant                      16.55%    passed     84.65%
1282  SRER-6-1-Rh|nifH|consensus50|pass_single_dominant                      20.56%    passed     91.42%
1283  SRER-6-1-Ro|nifH|consensus50|pass_single_dominant                      16.45%    passed     81.46%
1284  SRER-7-1-No|nifH|consensus50|pass_single_dominant                      16.85%    passed     72.30%
1285  SRER-7-1-Rh|nifH|consensus50|pass_single_dominant                      17.45%    passed     77.94%
1286  SRER-7-1-Ro|nifH|consensus50|pass_single_dominant                      16.95%    passed     79.88%
1287  SRER-8-1-No|nifH|consensus50|pass_single_dominant                      19.66%    passed     52.28%
1288  SRER-8-1-Rh|nifH|consensus50|pass_mixed_possible_multitemplate         18.76%    passed     86.87%
1289  SRER-8-1-Ro|nifH|consensus50|pass_single_dominant                      18.66%    passed     86.43%
1290  SRER-9-1-No|nifH|consensus50|pass_mixed_possible_multitemplate         22.47%    passed     91.22%
1291  SRER-9-1-Rh|nifH|consensus50|pass_mixed_possible_multitemplate         19.56%    passed     93.15%
1292  SRER-9-1-Ro|nifH|consensus50|pass_single_dominant                      17.25%    passed     77.06%
1293  TALL-10-4-No|nifH|consensus50|pass_mixed_possible_multitemplate        20.16%    passed     92.90%
1294  TALL-12-2-No|nifH|consensus50|pass_single_dominant                     16.65%    passed     15.79%
1295  TALL-12-2-Ro|nifH|consensus50|pass_mixed_possible_multitemplate        19.06%    passed     91.36%
1296  TALL-13-3-No|nifH|consensus50|pass_single_dominant                     16.95%    passed     89.73%
1297  TALL-13-3-Ro|nifH|consensus50|pass_single_dominant                     17.05%    passed     94.41%
1298  TALL-15-2-No|nifH|consensus50|pass_single_dominant                     16.45%    passed     46.84%
1299  TALL-15-2-Ro|nifH|consensus50|pass_mixed_possible_multitemplate        25.08%    passed     88.73%
1300  TALL-16-Rh|nifH|consensus50|pass_mixed_possible_multitemplate          24.17%    passed     96.56%
1301  TALL-16-Ro|nifH|consensus50|pass_mixed_possible_multitemplate          21.36%    passed     77.43%
1302  TALL-17-2-No|nifH|consensus50|pass_mixed_possible_multitemplate        20.26%    passed     70.01%
1303  TALL-17-2-Rh|nifH|consensus50|pass_mixed_possible_multitemplate        20.36%    passed     92.10%
1304  TALL-18-1-No|nifH|consensus50|pass_single_dominant                     17.95%    passed     16.11%
1305  TALL-18-1-Rh|nifH|consensus50|pass_mixed_possible_multitemplate        19.06%    passed     99.13%
1306  TALL-19-2-No|nifH|consensus50|pass_mixed_possible_multitemplate        18.15%    passed     12.72%
1307  TALL-20-1-No|nifH|consensus50|pass_single_dominant                     18.86%    passed     20.58%
1308  TALL-21-2-Ro|nifH|consensus50|pass_mixed_possible_multitemplate        23.17%    passed     84.23%
1309  TALL-22-Ro|nifH|consensus50|pass_single_dominant                       20.96%    passed     71.33%
1310  TALL-23-2-No|nifH|consensus50|pass_mixed_possible_multitemplate        23.07%    passed     85.08%
1311  TALL-23-2-Ro|nifH|consensus50|pass_mixed_possible_multitemplate        20.66%    passed     98.93%
1312  TALL-2-3-No|nifH|consensus50|pass_mixed_possible_multitemplate         20.06%    passed     11.00%
1313  TALL-2-3-Rh|nifH|consensus50|pass_mixed_possible_multitemplate         22.57%    passed     89.52%
1314  TALL-2-3-Ro|nifH|consensus50|pass_mixed_possible_multitemplate         20.86%    passed     86.69%
1315  TALL-24-2-No|nifH|consensus50|pass_single_dominant                     16.85%    passed     37.33%
1316  TALL-24-2-Rh|nifH|consensus50|pass_mixed_possible_multitemplate        22.27%    passed     72.71%
1317  TALL-24-2-Ro|nifH|consensus50|pass_mixed_possible_multitemplate        23.97%    passed     88.71%
1318  TALL-25-2-No|nifH|consensus50|pass_single_dominant                     16.95%    passed     11.90%
1319  TALL-25-2-Rh|nifH|consensus50|pass_mixed_possible_multitemplate        18.66%    passed     80.47%
1320  TALL-25-2-Ro|nifH|consensus50|pass_mixed_possible_multitemplate        24.17%    passed     80.33%
1321  TALL-26-3-Rh|nifH|consensus50|pass_single_dominant                     17.25%    passed     98.33%
1322  TALL-28-1-No|nifH|consensus50|pass_mixed_possible_multitemplate        19.96%    passed     22.01%
1323  TALL-28-1-Ro|nifH|consensus50|pass_mixed_possible_multitemplate        20.36%    passed     27.49%
1324  TALL-29-3-No|nifH|consensus50|pass_mixed_possible_multitemplate        20.16%    passed     19.52%
1325  TALL-29-3-Rh|nifH|consensus50|pass_mixed_possible_multitemplate        22.47%    passed     98.62%
1326  TALL-29-3-Ro|nifH|consensus50|pass_mixed_possible_multitemplate        26.28%    passed     89.03%
1327  TALL-30-1-No|nifH|consensus50|pass_mixed_possible_multitemplate        19.46%    passed     73.35%
1328  TALL-30-1-Rh|nifH|consensus50|pass_mixed_possible_multitemplate        24.97%    passed     96.73%
1329  TALL-30-1-Ro|nifH|consensus50|pass_mixed_possible_multitemplate        25.08%    passed     97.37%
1330  TALL-31-1-No|nifH|consensus50|pass_mixed_possible_multitemplate        19.96%    passed     49.17%
1331  TALL-31-1-Rh|nifH|consensus50|pass_mixed_possible_multitemplate        22.37%    passed     92.23%
1332  TALL-32-1-No|nifH|consensus50|pass_mixed_possible_multitemplate        19.96%    passed     87.26%
1333  TALL-32-1-Rh|nifH|consensus50|pass_mixed_possible_multitemplate        21.06%    passed     79.29%
1334  TALL-33-1-No|nifH|consensus50|pass_mixed_possible_multitemplate        21.87%    passed     58.13%
1335  TALL-33-1-Rh|nifH|consensus50|pass_mixed_possible_multitemplate        20.16%    passed     98.46%
1336  TALL-36-1-Ro|nifH|consensus50|pass_mixed_possible_multitemplate        21.66%    passed     92.00%
1337  TALL-37-1-Rh|nifH|consensus50|pass_mixed_possible_multitemplate        21.66%    passed     90.37%
1338  TALL-39-2-Rh|nifH|consensus50|pass_single_dominant                     19.46%    passed     74.44%
1339  TALL-40-1-Ro|nifH|consensus50|pass_mixed_possible_multitemplate        23.07%    passed     88.96%
1340  TALL-43-1-Ro|nifH|consensus50|pass_mixed_possible_multitemplate        20.36%    passed     67.11%
1341  TALL-44-1-No|nifH|consensus50|pass_single_dominant                     16.75%    passed     17.21%
1342  TALL-44-1-Rh|nifH|consensus50|pass_mixed_possible_multitemplate        18.25%    passed     66.93%
1343  TALL-46-2-No|nifH|consensus50|pass_mixed_possible_multitemplate        17.15%    passed     18.02%
1344  TALL-47-2-No|nifH|consensus50|pass_mixed_possible_multitemplate        20.66%    passed     19.15%
1345  TALL-47-2-Rh|nifH|consensus50|pass_mixed_possible_multitemplate        22.87%    passed     91.06%
1346  TALL-48-2-Rh|nifH|consensus50|pass_mixed_possible_multitemplate        21.46%    passed     99.05%
1347  TALL-49-1-Rh|nifH|consensus50|pass_single_dominant                     20.66%    passed     94.10%
1348  TALL-50-1-No|nifH|consensus50|pass_single_dominant                     19.06%    passed     45.48%
1349  TALL-50-1-Rh|nifH|consensus50|pass_mixed_possible_multitemplate        20.86%    passed     81.33%
1350  TALL-50-1-Ro|nifH|consensus50|pass_mixed_possible_multitemplate        20.66%    passed     93.49%
1351  TALL-52-1-No|nifH|consensus50|pass_single_dominant                     16.95%    passed     50.32%
1352  TALL-52-1-Ro|nifH|consensus50|pass_mixed_possible_multitemplate        27.78%    passed     94.96%
1353  TALL-5-2-No|nifH|consensus50|pass_mixed_possible_multitemplate         18.15%    passed     97.41%
1354  TALL-5-2-Ro|nifH|consensus50|pass_mixed_possible_multitemplate         22.07%    passed     42.47%
1355  TALL-53-3-No|nifH|consensus50|pass_mixed_possible_multitemplate        19.66%    passed     13.82%
1356  TALL-53-3-Ro|nifH|consensus50|pass_mixed_possible_multitemplate        20.36%    passed     55.87%
1357  TALL-55-1-No|nifH|consensus50|pass_mixed_possible_multitemplate        19.96%    passed     64.37%
1358  TALL-56-1-No|nifH|consensus50|pass_mixed_possible_multitemplate        19.56%    passed     49.90%
1359  TALL-59-1-No|nifH|consensus50|pass_mixed_possible_multitemplate        21.06%    passed     14.52%
1360  TALL-60-1-No|nifH|consensus50|pass_mixed_possible_multitemplate        22.77%    passed     94.36%
1361  TALL-63-1-Ro|nifH|consensus50|pass_mixed_possible_multitemplate        19.16%    passed     92.79%
1362  TALL-64-1-No|nifH|consensus50|pass_single_dominant                     16.15%    passed     71.54%
1363  TALL-64-1-Ro|nifH|consensus50|pass_mixed_possible_multitemplate        18.46%    passed     70.92%
1364  TALL-65-1-Ro|nifH|consensus50|pass_mixed_possible_multitemplate        23.27%    passed     72.44%
1365  TALL-66-2-No|nifH|consensus50|pass_single_dominant                     16.25%    passed     38.66%
1366  TALL-67-1-Rh|nifH|consensus50|pass_mixed_possible_multitemplate        19.76%    passed     90.19%
1367  TALL-67-1-Ro|nifH|consensus50|pass_mixed_possible_multitemplate        25.78%    passed     68.31%
1368  TALL-68-2-No|nifH|consensus50|pass_mixed_possible_multitemplate        23.07%    passed     78.42%
1369  TALL-68-2-Rh|nifH|consensus50|pass_mixed_possible_multitemplate        19.26%    passed     89.83%
1370  TALL-68-2-Ro|nifH|consensus50|pass_mixed_possible_multitemplate        22.77%    passed     88.65%
1371  TALL-69-1-No|nifH|consensus50|pass_mixed_possible_multitemplate        20.16%    passed     77.54%
1372  TALL-69-1-Rh|nifH|consensus50|pass_mixed_possible_multitemplate        17.45%    passed     97.19%
1373  TALL-69-1-Ro|nifH|consensus50|pass_mixed_possible_multitemplate        22.37%    passed     77.87%
1374  TALL-70-1-Rh|nifH|consensus50|pass_mixed_possible_multitemplate        22.17%    passed     92.48%
1375  TALL-71-2-No|nifH|consensus50|pass_mixed_possible_multitemplate        17.45%    passed     42.68%
1376  TALL-71-2-Rh|nifH|consensus50|pass_mixed_possible_multitemplate        24.27%    passed     86.02%
1377  TALL-72-1-No|nifH|consensus50|pass_mixed_possible_multitemplate        22.37%    passed     96.99%
1378  TALL-72-1-Ro|nifH|consensus50|pass_mixed_possible_multitemplate        23.47%    passed     86.74%
1379  TALL-72-2-No|nifH|consensus50|pass_mixed_possible_multitemplate        19.86%    passed     42.15%
1380  TALL-72-3-No|nifH|consensus50|pass_mixed_possible_multitemplate        24.67%    passed     86.90%
1381  TALL-7-2-No|nifH|consensus50|pass_mixed_possible_multitemplate         24.47%    passed     94.11%
1382  TALL-73-2-No|nifH|consensus50|pass_mixed_possible_multitemplate        22.77%    passed     88.89%
1383  TALL-73-2-Rh|nifH|consensus50|pass_mixed_possible_multitemplate        25.28%    passed     89.65%
1384  TALL-73-2-Ro|nifH|consensus50|pass_single_dominant                     16.75%    passed     79.17%
1385  TALL-74-3-No|nifH|consensus50|pass_mixed_possible_multitemplate        21.46%    passed     19.22%
1386  TALL-74-3-Rh|nifH|consensus50|pass_mixed_possible_multitemplate        20.16%    passed     87.78%
1387  TALL-74-3-Ro|nifH|consensus50|pass_mixed_possible_multitemplate        21.56%    passed     92.30%
1388  TALL-75-2-No|nifH|consensus50|pass_single_dominant                     17.75%    passed     27.93%
1389  TALL-76-3-No|nifH|consensus50|pass_single_dominant                     20.56%    passed     36.53%
1390  TALL-78-2-No|nifH|consensus50|pass_single_dominant                     16.05%    passed     31.07%
1391  TALL-78-2-Rh|nifH|consensus50|pass_mixed_possible_multitemplate        22.27%    passed     99.06%
1392  TALL-80-1-Rh|nifH|consensus50|pass_mixed_possible_multitemplate        21.66%    passed     96.53%
1393  TALL-8-2-No|nifH|consensus50|pass_mixed_possible_multitemplate         19.16%    passed     36.03%
1394  TALL-8-2-Ro|nifH|consensus50|pass_mixed_possible_multitemplate         22.17%    passed     98.26%
1395  TALL-84-1-Ro|nifH|consensus50|pass_mixed_possible_multitemplate        19.96%    passed     86.21%
1396  TALL-85-1-No|nifH|consensus50|pass_mixed_possible_multitemplate        21.46%    passed     85.60%
1397  TALL-85-1-Rh|nifH|consensus50|pass_mixed_possible_multitemplate        20.06%    passed     86.97%
1398  TALL-85-1-Ro|nifH|consensus50|pass_mixed_possible_multitemplate        23.27%    passed     88.26%
1399  TALL-88-1-Ro|nifH|consensus50|pass_mixed_possible_multitemplate        19.96%    passed     75.30%
1400  TALL-90-1-No|nifH|consensus50|pass_single_dominant                     20.56%    passed     92.12%
1401  TALL-9-2-No|nifH|consensus50|pass_mixed_possible_multitemplate         22.87%    passed     81.66%
1402  TALL-9-2-Ro|nifH|consensus50|pass_single_dominant                      16.25%    passed     84.71%
1403  TEAK-1-2-Ro|nifH|consensus50|pass_mixed_possible_multitemplate         28.49%    passed     63.41%
1404  TEAK-2-1-Rh|nifH|consensus50|pass_single_dominant                      21.16%    passed     56.10%
1405  TEAK-3-1-Rh|nifH|consensus50|pass_mixed_possible_multitemplate         17.05%    passed     73.60%
1406  TEAK-3-1-Ro|nifH|consensus50|pass_mixed_possible_multitemplate         21.46%    passed     94.27%
1407  TOOL-10-No|nifH|consensus50|pass_single_dominant                       17.05%    passed     86.13%
1408  TOOL-10-Rh|nifH|consensus50|pass_mixed_possible_multitemplate          19.86%    passed     75.29%
1409  TOOL-10-Ro|nifH|consensus50|pass_mixed_possible_multitemplate          26.08%    passed     99.00%
1410  TOOL-11-No|nifH|consensus50|pass_single_dominant                       17.25%    passed     89.10%
1411  TOOL-11-Ro|nifH|consensus50|pass_mixed_possible_multitemplate          20.46%    passed     75.31%
1412  TOOL-12-No|nifH|consensus50|pass_single_dominant                       17.75%    passed     96.42%
1413  TOOL-12-Ro|nifH|consensus50|pass_single_dominant                       18.25%    passed     79.28%
1414  TOOL-13-Rh|nifH|consensus50|pass_mixed_possible_multitemplate          22.37%    passed     61.08%
1415  TOOL-13-Ro|nifH|consensus50|pass_single_dominant                       17.85%    passed     41.38%
1416  TOOL-14-No|nifH|consensus50|pass_single_dominant                       18.76%    passed     87.36%
1417  TOOL-14-Rh|nifH|consensus50|pass_mixed_possible_multitemplate          19.16%    passed     93.64%
1418  TOOL-14-Ro|nifH|consensus50|pass_single_dominant                       19.06%    passed     82.00%
1419  TOOL-15-No|nifH|consensus50|pass_single_dominant                       17.75%    passed     91.18%
1420  TOOL-15-Ro|nifH|consensus50|pass_mixed_possible_multitemplate          22.97%    passed     86.58%
1421  TOOL-16-No|nifH|consensus50|pass_single_dominant                       20.16%    passed     90.30%
1422  TOOL-17-Rh|nifH|consensus50|pass_single_dominant                       17.25%    passed     86.38%
1423  TOOL-17-Ro|nifH|consensus50|pass_mixed_possible_multitemplate          26.68%    passed     91.60%
1424  TOOL-18-Rh|nifH|consensus50|pass_mixed_possible_multitemplate          21.46%    passed     85.31%
1425  TOOL-19-No|nifH|consensus50|pass_mixed_possible_multitemplate          20.96%    passed     96.08%
1426  TOOL-1-No|nifH|consensus50|pass_mixed_possible_multitemplate           18.15%    passed     92.15%
1427  TOOL-1-Rh|nifH|consensus50|pass_single_dominant                        18.46%    passed     94.07%
1428  TOOL-1-Ro|nifH|consensus50|pass_mixed_possible_multitemplate           21.36%    passed     58.79%
1429  TOOL-20-No|nifH|consensus50|pass_mixed_possible_multitemplate          25.58%    passed     96.53%
1430  TOOL-20-Rh|nifH|consensus50|pass_mixed_possible_multitemplate          19.56%    passed     93.17%
1431  TOOL-20-Ro|nifH|consensus50|pass_mixed_possible_multitemplate          20.16%    passed     94.14%
1432  TOOL-21-No|nifH|consensus50|pass_mixed_possible_multitemplate          18.86%    passed     96.81%
1433  TOOL-22-No|nifH|consensus50|pass_mixed_possible_multitemplate          21.97%    passed     90.00%
1434  TOOL-22-Rh|nifH|consensus50|pass_mixed_possible_multitemplate          19.06%    passed     93.81%
1435  TOOL-22-Ro|nifH|consensus50|pass_mixed_possible_multitemplate          23.47%    passed     90.65%
1436  TOOL-23-No|nifH|consensus50|pass_single_dominant                       16.95%    passed     93.83%
1437  TOOL-23-Rh|nifH|consensus50|pass_mixed_possible_multitemplate          18.56%    passed     82.65%
1438  TOOL-23-Ro|nifH|consensus50|pass_single_dominant                       19.56%    passed     78.87%
1439  TOOL-24-No|nifH|consensus50|pass_single_dominant                       17.65%    passed     93.15%
1440  TOOL-24-Rh|nifH|consensus50|pass_single_dominant                       17.35%    passed     89.74%
1441  TOOL-24-Ro|nifH|consensus50|pass_mixed_possible_multitemplate          20.46%    passed     99.76%
1442  TOOL-25-No|nifH|consensus50|pass_single_dominant                       16.85%    passed     87.08%
1443  TOOL-25-Ro|nifH|consensus50|pass_mixed_possible_multitemplate          24.77%    passed     94.65%
1444  TOOL-26-No|nifH|consensus50|pass_single_dominant                       18.76%    passed     84.50%
1445  TOOL-26-Rh|nifH|consensus50|pass_mixed_possible_multitemplate          20.66%    passed     93.55%
1446  TOOL-26-Ro|nifH|consensus50|pass_mixed_possible_multitemplate          21.87%    passed     91.33%
1447  TOOL-27-2-No|nifH|consensus50|pass_single_dominant                     16.55%    passed     90.19%
1448  TOOL-27-2-Rh|nifH|consensus50|pass_mixed_possible_multitemplate        18.15%    passed     98.42%
1449  TOOL-2-No|nifH|consensus50|pass_mixed_possible_multitemplate           21.97%    passed     89.66%
1450  TOOL-2-Rh|nifH|consensus50|pass_mixed_possible_multitemplate           24.37%    passed     82.88%
1451  TOOL-2-Ro|nifH|consensus50|pass_mixed_possible_multitemplate           24.57%    passed     94.37%
1452  TOOL-30-No|nifH|consensus50|pass_single_dominant                       17.55%    passed     95.70%
1453  TOOL-30-Rh|nifH|consensus50|pass_mixed_possible_multitemplate          20.56%    passed     94.23%
1454  TOOL-32-Rh|nifH|consensus50|pass_mixed_possible_multitemplate          22.07%    passed     98.44%
1455  TOOL-32-Ro|nifH|consensus50|pass_single_dominant                       20.96%    passed     90.98%
1456  TOOL-33-1-No|nifH|consensus50|pass_mixed_possible_multitemplate        21.16%    passed     95.93%
1457  TOOL-33-1-Rh|nifH|consensus50|pass_mixed_possible_multitemplate        21.56%    passed     35.97%
1458  TOOL-34-No|nifH|consensus50|pass_mixed_possible_multitemplate          19.46%    passed     99.54%
1459  TOOL-35-1-No|nifH|consensus50|pass_mixed_possible_multitemplate        21.06%    passed     92.95%
1460  TOOL-35-1-Rh|nifH|consensus50|pass_mixed_possible_multitemplate        19.86%    passed     97.85%
1461  TOOL-3-No|nifH|consensus50|pass_single_dominant                        18.76%    passed     95.92%
1462  TOOL-3-Rh|nifH|consensus50|pass_mixed_possible_multitemplate           20.06%    passed     98.51%
1463  TOOL-3-Ro|nifH|consensus50|pass_mixed_possible_multitemplate           18.76%    passed     73.07%
1464  TOOL-4-No|nifH|consensus50|pass_mixed_possible_multitemplate           20.06%    passed     93.55%
1465  TOOL-4-Ro|nifH|consensus50|pass_mixed_possible_multitemplate           23.17%    passed     95.85%
1466  TOOL-5-No|nifH|consensus50|pass_single_dominant                        18.96%    passed     85.82%
1467  TOOL-5-Rh|nifH|consensus50|pass_single_dominant                        19.16%    passed     95.65%
1468  TOOL-5-Ro|nifH|consensus50|pass_single_dominant                        18.15%    passed     86.97%
1469  TOOL-6-No|nifH|consensus50|pass_mixed_possible_multitemplate           18.66%    passed     92.76%
1470  TOOL-6-Rh|nifH|consensus50|pass_mixed_possible_multitemplate           22.37%    passed     90.85%
1471  TOOL-6-Ro|nifH|consensus50|pass_mixed_possible_multitemplate           19.56%    passed     93.52%
1472  TOOL-7-No|nifH|consensus50|pass_mixed_possible_multitemplate           18.25%    passed     87.80%
1473  TOOL-7-Rh|nifH|consensus50|pass_mixed_possible_multitemplate           18.86%    passed     94.11%
1474  TOOL-8-No|nifH|consensus50|pass_single_dominant                        17.05%    passed     89.98%
1475  TOOL-8-Rh|nifH|consensus50|pass_single_dominant                        17.85%    passed     98.96%
1476  TOOL-8-Ro|nifH|consensus50|pass_mixed_possible_multitemplate           23.17%    passed     89.10%
1477  TOOL-9-No|nifH|consensus50|pass_single_dominant                        16.75%    passed     84.35%
1478  TOOL-9-Rh|nifH|consensus50|pass_single_dominant                        20.56%    passed     96.33%
1479  TOOL-9-Ro|nifH|consensus50|pass_mixed_possible_multitemplate           20.96%    passed     88.05%
1480  UKFS-1-1-No|nifH|consensus50|pass_mixed_possible_multitemplate         22.07%    passed     71.44%
1481  UKFS-1-1-Rh|nifH|consensus50|pass_mixed_possible_multitemplate         17.85%    passed     90.15%
1482  UKFS-3-2-Rh|nifH|consensus50|pass_mixed_possible_multitemplate         17.45%    passed     77.46%
1483  UKFS-4-1-No|nifH|consensus50|pass_single_dominant                      18.46%    passed     63.52%
1484  UKFS-4-1-Rh|nifH|consensus50|pass_mixed_possible_multitemplate         21.77%    passed     76.55%
1485  UKFS-5-1-Ro|nifH|consensus50|pass_mixed_possible_multitemplate         18.56%    passed     78.20%
1486  UKFS-52-1-Rh|nifH|consensus50|pass_single_dominant                     17.55%    passed     98.59%
1487  UKFS-6-1-Ro|nifH|consensus50|pass_mixed_possible_multitemplate         23.57%    passed     95.10%
1488  UNDE-2-1-No|nifH|consensus50|pass_mixed_possible_multitemplate         23.57%    passed     97.92%
1489  UNDE-3-1-No|nifH|consensus50|pass_mixed_possible_multitemplate         22.27%    passed     98.90%
1490  UNDE-3-1-Rh|nifH|consensus50|pass_mixed_possible_multitemplate         21.36%    passed     97.90%
1491  UNDE-4-1-Rh|nifH|consensus50|pass_mixed_possible_multitemplate         23.17%    passed     94.78%
1492  UNDE-5-4-No|nifH|consensus50|pass_mixed_possible_multitemplate         22.57%    passed     97.73%
1493  UNDE-5-4-Rh|nifH|consensus50|pass_mixed_possible_multitemplate         19.96%    passed     81.13%
1494  UNDE-5-4-Ro|nifH|consensus50|pass_mixed_possible_multitemplate         22.77%    passed     94.34%
1495  WOOD-10-1-No|nifH|consensus50|pass_mixed_possible_multitemplate        18.76%    passed     51.08%
1496  WOOD-10-1-Rh|nifH|consensus50|pass_mixed_possible_multitemplate        18.36%    passed     62.16%
1497  WOOD-10-1-Ro|nifH|consensus50|pass_single_dominant                     19.86%    passed     96.94%
1498  WOOD-11-1-No|nifH|consensus50|pass_single_dominant                     18.15%    passed     35.31%
1499  WOOD-11-1-Rh|nifH|consensus50|pass_mixed_possible_multitemplate        20.36%    passed     94.61%
1500  WOOD-11-1-Ro|nifH|consensus50|pass_mixed_possible_multitemplate        20.46%    passed     91.05%
1501  WOOD-1-1-No|nifH|consensus50|pass_mixed_possible_multitemplate         23.17%    passed     92.17%
1502  WOOD-1-1-Rh|nifH|consensus50|pass_single_dominant                      18.15%    passed     94.82%
1503  WOOD-1-1-Ro|nifH|consensus50|pass_mixed_possible_multitemplate         28.08%    passed     67.78%
1504  WOOD-12-No|nifH|consensus50|pass_single_dominant                       16.65%    passed     32.03%
1505  WOOD-12-Rh|nifH|consensus50|pass_mixed_possible_multitemplate          17.95%    passed     94.58%
1506  WOOD-12-Ro|nifH|consensus50|pass_mixed_possible_multitemplate          20.06%    passed     73.09%
1507  WOOD-2-2-Rh|nifH|consensus50|pass_single_dominant                      18.66%    passed     91.45%
1508  WOOD-3-2-No|nifH|consensus50|pass_single_dominant                      17.55%    passed     18.91%
1509  WOOD-3-2-Rh|nifH|consensus50|pass_single_dominant                      16.65%    passed     99.82%
1510  WOOD-3-2-Ro|nifH|consensus50|pass_mixed_possible_multitemplate         19.96%    passed     87.66%
1511  WOOD-4-1-No|nifH|consensus50|pass_mixed_possible_multitemplate         20.46%    passed     72.90%
1512  WOOD-4-1-Rh|nifH|consensus50|pass_mixed_possible_multitemplate         17.75%    passed     93.53%
1513  WOOD-4-1-Ro|nifH|consensus50|pass_mixed_possible_multitemplate         21.16%    passed     69.51%
1514  WOOD-5-1-No|nifH|consensus50|pass_mixed_possible_multitemplate         27.58%    passed     91.86%
1515  WOOD-5-1-Rh|nifH|consensus50|pass_mixed_possible_multitemplate         20.16%    passed     95.64%
1516  WOOD-5-1-Ro|nifH|consensus50|pass_single_dominant                      16.75%    passed     95.34%
1517  WOOD-6-1-No|nifH|consensus50|pass_single_dominant                      17.35%    passed     16.22%
1518  WOOD-6-1-Rh|nifH|consensus50|pass_single_dominant                      17.45%    passed     93.35%
1519  WOOD-6-1-Ro|nifH|consensus50|pass_mixed_possible_multitemplate         20.06%    passed     35.51%
1520  WOOD-7-1-No|nifH|consensus50|pass_single_dominant                      16.85%    passed     33.57%
1521  WOOD-7-1-Rh|nifH|consensus50|pass_mixed_possible_multitemplate         18.56%    passed     95.90%
1522  WOOD-7-1-Ro|nifH|consensus50|pass_mixed_possible_multitemplate         30.89%    passed     87.62%
1523  WOOD-8-No|nifH|consensus50|pass_mixed_possible_multitemplate           22.77%    passed     76.72%
1524  WOOD-8-Rh|nifH|consensus50|pass_mixed_possible_multitemplate           20.16%    passed     93.53%
1525  WOOD-8-Ro|nifH|consensus50|pass_mixed_possible_multitemplate           21.87%    passed     66.79%
1526  WOOD-9-Rh|nifH|consensus50|pass_mixed_possible_multitemplate           21.87%    passed     97.33%
1527  WOOD-9-Ro|nifH|consensus50|pass_mixed_possible_multitemplate           24.47%    passed     96.41%
1528  YELL-10-1-No|nifH|consensus50|pass_mixed_possible_multitemplate        24.27%    passed     95.78%
1529  YELL-11-No|nifH|consensus50|pass_mixed_possible_multitemplate          19.56%    passed     69.58%
1530  YELL-1-2-No|nifH|consensus50|pass_mixed_possible_multitemplate         19.86%    passed     91.36%
1531  YELL-3-5-No|nifH|consensus50|pass_mixed_possible_multitemplate         25.28%    passed     85.89%
1532  YELL-4-4-Rh|nifH|consensus50|pass_mixed_possible_multitemplate         24.47%    passed     97.17%
1533  YELL-4-4-Ro|nifH|consensus50|pass_mixed_possible_multitemplate         23.07%    passed     96.02%
1534  YELL-5-3-Rh|nifH|consensus50|pass_mixed_possible_multitemplate         21.16%    passed     99.15%
1535  YELL-6-1-Rh|nifH|consensus50|pass_mixed_possible_multitemplate         21.26%    passed     93.85%
1536  YELL-6-1-Ro|nifH|consensus50|pass_mixed_possible_multitemplate         27.68%    passed     89.40%
1537  YELL-7-1-Rh|nifH|consensus50|pass_mixed_possible_multitemplate         20.46%    passed     67.03%
1538  YELL-7-1-Ro|nifH|consensus50|pass_mixed_possible_multitemplate         21.97%    passed     89.04%
****  TOTAL                                                                  20.56%  5 sequences failed composition chi2 test (p-value<5%; df=3)
NOTE: KONA-1-1-Rh|nifH|consensus50|pass_mixed_possible_multitemplate is identical to JORN-4-1-Ro|nifH|consensus50|pass_mixed_possible_multitemplate but kept for subsequent analysis
Checking for duplicate sequences: done in 0.0174567 secs using 3191% CPU
Identifying sites to remove: done in 0.0118587 secs using 63.01% CPU
NOTE: 6 identical sequences (see below) will be ignored for subsequent analysis
NOTE: KONA-1-1-Ro|nifH|consensus50|pass_mixed_possible_multitemplate (identical to JORN-4-1-Ro|nifH|consensus50|pass_mixed_possible_multitemplate) is ignored but added at the end
NOTE: KONA-2-1-No|nifH|consensus50|pass_mixed_possible_multitemplate (identical to JORN-4-1-Ro|nifH|consensus50|pass_mixed_possible_multitemplate) is ignored but added at the end
NOTE: KONA-2-1-Rh|nifH|consensus50|pass_mixed_possible_multitemplate (identical to JORN-4-1-Ro|nifH|consensus50|pass_mixed_possible_multitemplate) is ignored but added at the end
NOTE: KONA-2-1-Ro|nifH|consensus50|pass_mixed_possible_multitemplate (identical to JORN-4-1-Ro|nifH|consensus50|pass_mixed_possible_multitemplate) is ignored but added at the end
NOTE: KONA-3-1-No|nifH|consensus50|pass_mixed_possible_multitemplate (identical to JORN-4-1-Ro|nifH|consensus50|pass_mixed_possible_multitemplate) is ignored but added at the end
NOTE: KONA-3-1-Rh|nifH|consensus50|pass_mixed_possible_multitemplate (identical to JORN-4-1-Ro|nifH|consensus50|pass_mixed_possible_multitemplate) is ignored but added at the end
Alignment was printed to /mnt/dv/wid/projects6/SolisLemus-Intbio-raw/processed-data/symbiosis_sorted_v2_consensus_sequences_50percent/nifH_consensus_iqtree_v2/nifH_consensus50_iupac_all_pass.uniqueseq.phy

For your convenience alignment with unique sequences printed to /mnt/dv/wid/projects6/SolisLemus-Intbio-raw/processed-data/symbiosis_sorted_v2_consensus_sequences_50percent/nifH_consensus_iqtree_v2/nifH_consensus50_iupac_all_pass.uniqueseq.phy


Create initial parsimony tree by phylogenetic likelihood library (PLL)... 0.832 seconds
Measuring multi-threading efficiency up to 72 CPU cores
Increase to 10 rounds for branch lengths
8 trees examined
Threads: 1 / Time: 76.110 sec / Speedup: 1.000 / Efficiency: 100% / LogL: -240417
Threads: 2 / Time: 66.014 sec / Speedup: 1.153 / Efficiency: 58% / LogL: -240417
Threads: 3 / Time: 55.693 sec / Speedup: 1.367 / Efficiency: 46% / LogL: -240417
Determining AUTO threadcount: done in 197.844 secs using 187.7% CPU
BEST NUMBER OF THREADS: 2

Perform fast likelihood tree search using GTR+I+G model...
Estimate model parameters (epsilon = 5.000)
Perform nearest neighbor interchange...
Estimate model parameters (epsilon = 1.000)
1. Initial log-likelihood: -97513.005
2. Current log-likelihood: -97511.902
Optimal log-likelihood: -97511.844
Rate parameters:  A-C: 0.97979  A-G: 2.61671  A-T: 0.60814  C-G: 1.88587  C-T: 3.92683  G-T: 1.00000
Base frequencies:  A: 0.217  C: 0.306  G: 0.312  T: 0.165
Proportion of invariable sites: 0.474
Gamma shape alpha: 0.709
Parameters optimization took 2 rounds (4.599 sec)
Time for fast ML tree search: 27.035 seconds

NOTE: ModelFinder requires 328 MB RAM!
ModelFinder will test up to 968 DNA models (sample size: 997 epsilon: 0.100) ...
 No. Model         -LnL         df  AIC          AICc         BIC
  1  JC            122092.272   3061 250306.544   18995870.544 265319.986
  2  JC+I          109981.773   3062 226087.546   18983899.546 241105.893
  3  JC+G4         101370.404   3062 208864.807   18966676.807 223883.154
  4  JC+I+G4       100672.640   3063 207471.281   18977535.281 222494.533
  5  JC+R2         104772.435   3063 215670.870   18985734.870 230694.121
  6  JC+R3         101743.156   3065 209616.312   19004196.312 224649.374
  7  JC+R4         100756.299   3067 207646.599   19026758.599 222689.470
  8  JC+R5         100292.882   3069 206723.763   19050383.763 221776.443
  9  JC+R6         100082.324   3071 206306.648   19074530.648 221369.137
 10  JC+R7         100021.004   3073 206188.008   19098992.008 221260.307
 11  JC+R8         99996.579    3075 206143.158   19123543.158 221225.266
 12  JC+R9         99953.875    3077 206061.749   19148073.749 221153.668
 13  JC+R10        99946.148    3079 206050.296   19172690.296 221152.024
 14  JC+I+R2       102641.003   3064 211410.006   18993730.006 226438.162
 15  JC+I+R3       101029.826   3066 208191.653   19015035.653 223229.619
 16  JC+I+R4       100474.242   3068 207084.484   19038468.484 222132.259
 17  JC+I+R5       100118.116   3070 206376.232   19062316.232 221433.817
 18  JC+I+R6       100053.230   3072 206250.460   19086762.460 221317.854
 19  JC+I+R7       100014.278   3074 206176.556   19111276.556 221253.760
 20  JC+I+R8       99971.767    3076 206095.534   19135799.534 221182.547
 21  JC+I+R9       99943.313    3078 206042.625   19160366.625 221139.448
 22  JC+I+R10      99935.687    3080 206031.373   19184991.373 221138.006
 43  JC+I+R9       99943.313    3078 206042.625   19160366.625 221139.448
 44  JC+I+R10      99935.687    3080 206031.373   19184991.373 221138.006
 65  F81+I+R9      99942.759    3078 206041.519   19160365.519 221138.342
 66  F81+I+R10     99935.423    3080 206030.846   19184990.846 221137.479
 87  F81+F+I+R9    99097.159    3081 204356.319   19195640.319 219467.856
 88  F81+F+I+R10   99085.962    3083 204337.925   19220281.925 219459.272
109  K2P+I+R9      98927.646    3079 204013.292   19170653.292 219115.019
110  K2P+I+R10     98920.176    3081 204002.352   19195286.352 219113.889
131  K2P+I+R9      98927.646    3079 204013.292   19170653.292 219115.019
132  K2P+I+R10     98920.176    3081 204002.352   19195286.352 219113.889
153  HKY+I+R9      98927.280    3079 204012.560   19170652.560 219114.287
154  HKY+I+R10     98919.840    3081 204001.679   19195285.679 219113.216
175  HKY+F+I+R9    97547.926    3082 201259.853   19204871.853 216376.295
176  HKY+F+I+R10   97541.928    3084 201251.855   19229531.855 216378.107
197  TNe+I+R9      98907.998    3080 203975.996   19182935.996 219082.629
198  TNe+I+R10     98904.257    3082 203972.514   19207584.514 219088.956
219  TNe+I+R9      98907.998    3080 203975.996   19182935.996 219082.629
220  TNe+I+R10     98904.257    3082 203972.514   19207584.514 219088.956
241  TN+I+R9       98907.837    3080 203975.675   19182935.675 219082.307
242  TN+I+R10      98904.114    3082 203972.228   19207584.228 219088.670
263  TN+F+I+R9     97402.996    3083 200971.993   19216915.993 216093.339
264  TN+F+I+R10    97396.620    3085 200963.240   19241583.240 216094.396
285  K3P+I+R9      98316.630    3080 202793.261   19181753.261 217899.893
286  K3P+I+R10     98306.788    3082 202777.576   19206389.576 217894.017
307  K3P+I+R9      98316.630    3080 202793.261   19181753.261 217899.893
308  K3P+I+R10     98306.788    3082 202777.576   19206389.576 217894.017
329  K3Pu+I+R9     98316.431    3080 202792.861   19181752.861 217899.494
330  K3Pu+I+R10    98306.652    3082 202777.305   19206389.305 217893.747
351  K3Pu+F+I+R9   97300.393    3083 200766.787   19216710.787 215888.133
352  K3Pu+F+I+R10  97291.280    3085 200752.559   19241372.559 215883.715
373  TPM2+I+R9     98254.990    3080 202669.979   19181629.979 217776.612
374  TPM2+I+R10    98244.592    3082 202653.184   19206265.184 217769.626
395  TPM2+I+R9     98254.990    3080 202669.979   19181629.979 217776.612
396  TPM2+I+R10    98244.592    3082 202653.184   19206265.184 217769.626
417  TPM2u+I+R9    98254.788    3080 202669.576   19181629.576 217776.208
418  TPM2u+I+R10   98244.512    3082 202653.023   19206265.023 217769.465
439  TPM2u+F+I+R9  97222.909    3083 200611.818   19216555.818 215733.164
440  TPM2u+F+I+R10 97212.503    3085 200595.006   19241215.006 215726.162
461  TPM3+I+R9     98219.212    3080 202598.424   19181558.424 217705.057
462  TPM3+I+R10    98209.432    3082 202582.864   19206194.864 217699.306
483  TPM3+I+R9     98219.212    3080 202598.424   19181558.424 217705.057
484  TPM3+I+R10    98209.432    3082 202582.864   19206194.864 217699.306
505  TPM3u+I+R9    98218.947    3080 202597.894   19181557.894 217704.526
506  TPM3u+I+R10   98209.251    3082 202582.502   19206194.502 217698.944
527  TPM3u+F+I+R9  97377.022    3083 200920.045   19216864.045 216041.391
528  TPM3u+F+I+R10 97368.327    3085 200906.654   19241526.654 216037.810
549  TIMe+I+R9     98296.740    3081 202755.480   19194039.480 217867.017
550  TIMe+I+R10    98290.288    3083 202746.576   19218690.576 217867.923
571  TIMe+I+R9     98296.740    3081 202755.480   19194039.480 217867.017
572  TIMe+I+R10    98290.288    3083 202746.576   19218690.576 217867.923
593  TIM+I+R9      98296.595    3081 202755.191   19194039.191 217866.728
594  TIM+I+R10     98290.182    3083 202746.365   19218690.365 217867.711
615  TIM+F+I+R9    97148.758    3084 200465.517   19228745.517 215591.768
616  TIM+F+I+R10   97139.595    3086 200451.191   19253415.191 215587.251
637  TIM2e+I+R9    98246.164    3081 202654.327   19193938.327 217765.864
638  TIM2e+I+R10   98235.924    3083 202637.849   19218581.849 217759.195
659  TIM2e+I+R9    98246.164    3081 202654.327   19193938.327 217765.864
660  TIM2e+I+R10   98235.924    3083 202637.849   19218581.849 217759.195
681  TIM2+I+R9     98246.095    3081 202654.190   19193938.190 217765.727
682  TIM2+I+R10    98235.877    3083 202637.754   19218581.754 217759.101
703  TIM2+F+I+R9   97072.634    3084 200313.268   19228593.268 215439.520
704  TIM2+F+I+R10  97061.695    3086 200295.390   19253259.390 215431.451
725  TIM3e+I+R9    98172.094    3081 202506.188   19193790.188 217617.726
726  TIM3e+I+R10   98162.335    3083 202490.670   19218434.670 217612.016
747  TIM3e+I+R9    98172.094    3081 202506.188   19193790.188 217617.726
748  TIM3e+I+R10   98162.335    3083 202490.670   19218434.670 217612.016
769  TIM3+I+R9     98171.921    3081 202505.841   19193789.841 217617.378
770  TIM3+I+R10    98162.212    3083 202490.423   19218434.423 217611.770
791  TIM3+F+I+R9   97211.625    3084 200591.251   19228871.251 215717.502
792  TIM3+F+I+R10  97204.639    3086 200581.279   19253545.279 215717.339
813  TVMe+I+R9     97457.881    3082 201079.761   19204691.761 216196.203
814  TVMe+I+R10    97447.912    3084 201063.823   19229343.823 216190.075
835  TVMe+I+R9     97457.881    3082 201079.761   19204691.761 216196.203
836  TVMe+I+R10    97447.912    3084 201063.823   19229343.823 216190.075
857  TVM+I+R9      97457.707    3082 201079.414   19204691.414 216195.856
858  TVM+I+R10     97447.497    3084 201062.994   19229342.994 216189.246
879  TVM+F+I+R9    97037.816    3085 200245.633   19240865.633 215376.789
880  TVM+F+I+R10   97024.994    3087 200223.988   19265535.988 215364.954
901  SYM+I+R9      97430.905    3083 201027.810   19216971.810 216149.157
902  SYM+I+R10     97410.265    3085 200990.531   19241610.531 216121.687
923  SYM+I+R9      97430.905    3083 201027.810   19216971.810 216149.157
924  SYM+I+R10     97410.265    3085 200990.531   19241610.531 216121.687
945  GTR+I+R9      97430.693    3083 201027.386   19216971.386 216148.733
946  GTR+I+R10     97410.182    3085 200990.364   19241610.364 216121.520
967  GTR+F+I+R9    96864.661    3086 199901.321   19252865.321 215037.382
968  GTR+F+I+R10   96858.983    3088 199893.965   19277557.965 215039.836
Akaike Information Criterion:           GTR+F+I+R10
Corrected Akaike Information Criterion: JC+G4
Bayesian Information Criterion:         GTR+F+I+R9
Best-fit model: GTR+F+I+R9 chosen according to BIC

All model information printed to /mnt/dv/wid/projects6/SolisLemus-Intbio-raw/processed-data/symbiosis_sorted_v2_consensus_sequences_50percent/nifH_consensus_iqtree_v2/nifH_consensus50_iupac_all_pass.model.gz
CPU time for ModelFinder: 22330.500 seconds (6h:12m:10s)
Wall-clock time for ModelFinder: 11453.717 seconds (3h:10m:53s)
Generating 1000 samples for ultrafast bootstrap (seed: 457718)...

NOTE: 295 MB RAM (0 GB) is required!
Estimate model parameters (epsilon = 0.100)
1. Initial log-likelihood: -96864.768
2. Current log-likelihood: -96864.558
Optimal log-likelihood: -96864.484
Rate parameters:  A-C: 0.91214  A-G: 2.43431  A-T: 0.56693  C-G: 1.83925  C-T: 3.91526  G-T: 1.00000
Base frequencies:  A: 0.217  C: 0.306  G: 0.312  T: 0.165
Proportion of invariable sites: 0.457
Site proportion and rates:  (0.115,0.074) (0.065,0.261) (0.081,0.639) (0.071,1.140) (0.071,2.030) (0.050,2.995) (0.057,4.612) (0.018,7.230) (0.014,10.906)
Parameters optimization took 2 rounds (15.955 sec)
Wrote distance file to... 
Computing ML distances based on estimated model parameters...
Calculating distance matrix: done in 11.4195 secs using 199.1% CPU
Computing ML distances took 11.436113 sec (of wall-clock time) 22.755209 sec (of CPU time)
Setting up auxiliary I and S matrices: done in 0.0265141 secs using 274.1% CPU
Constructing RapidNJ tree: done in 0.520726 secs using 196.2% CPU
Computing RapidNJ tree took 0.547387 sec (of wall-clock time) 1.094280 sec (of CPU time)
Log-likelihood of RapidNJ tree: -103641.438
--------------------------------------------------------------------
|             INITIALIZING CANDIDATE TREE SET                      |
--------------------------------------------------------------------
Generating 98 parsimony trees... 81.517 second
Computing log-likelihood of 98 initial trees ... 106.138 seconds
Current best score: -96648.370

Do NNI search on 20 best initial trees
Estimate model parameters (epsilon = 0.100)
BETTER TREE FOUND at iteration 1: -96069.095
Iteration 10 / LogL: -96674.525 / Time: 3h:21m:1s
Iteration 20 / LogL: -96791.367 / Time: 3h:27m:22s
Finish initializing candidate tree set (20)
Current best tree score: -96069.095 / CPU time: 943.864
Number of iterations: 20
--------------------------------------------------------------------
|               OPTIMIZING CANDIDATE TREE SET                      |
--------------------------------------------------------------------
Estimate model parameters (epsilon = 0.100)
BETTER TREE FOUND at iteration 21: -95910.088
Estimate model parameters (epsilon = 0.100)
BETTER TREE FOUND at iteration 25: -95881.506
Estimate model parameters (epsilon = 0.100)
BETTER TREE FOUND at iteration 29: -95872.899
Estimate model parameters (epsilon = 0.100)
BETTER TREE FOUND at iteration 30: -95860.016
Iteration 30 / LogL: -95860.016 / Time: 3h:33m:18s (1h:17m:16s left)
Estimate model parameters (epsilon = 0.100)
BETTER TREE FOUND at iteration 38: -95850.129
Estimate model parameters (epsilon = 0.100)
BETTER TREE FOUND at iteration 40: -95842.880
Iteration 40 / LogL: -95842.880 / Time: 3h:38m:36s (1h:11m:2s left)
Estimate model parameters (epsilon = 0.100)
BETTER TREE FOUND at iteration 42: -95816.334
Estimate model parameters (epsilon = 0.100)
BETTER TREE FOUND at iteration 43: -95741.622
Iteration 50 / LogL: -95789.828 / Time: 3h:43m:40s (1h:2m:13s left)
Log-likelihood cutoff on original alignment: -96439.344
Iteration 60 / LogL: -95777.728 / Time: 3h:48m:35s (0h:53m:1s left)
Estimate model parameters (epsilon = 0.100)
BETTER TREE FOUND at iteration 69: -95710.358
Iteration 70 / LogL: -95816.829 / Time: 3h:53m:55s (1h:1m:43s left)
Estimate model parameters (epsilon = 0.100)
BETTER TREE FOUND at iteration 71: -95684.391
Iteration 80 / LogL: -95812.752 / Time: 3h:59m:7s (0h:55m:32s left)
Iteration 90 / LogL: -95757.275 / Time: 4h:3m:59s (0h:48m:19s left)
Iteration 100 / LogL: -95789.240 / Time: 4h:9m:2s (0h:41m:41s left)
Log-likelihood cutoff on original alignment: -96439.344
NOTE: Bootstrap correlation coefficient of split occurrence frequencies: 0.951
NOTE: UFBoot does not converge, continue at least 100 more iterations
Iteration 110 / LogL: -95780.380 / Time: 4h:14m:34s (0h:52m:34s left)
Iteration 120 / LogL: -95771.210 / Time: 4h:19m:33s (0h:46m:9s left)
Iteration 130 / LogL: -95757.881 / Time: 4h:24m:24s (0h:39m:53s left)
Estimate model parameters (epsilon = 0.100)
BETTER TREE FOUND at iteration 140: -95649.336
Iteration 140 / LogL: -95649.336 / Time: 4h:29m:49s (0h:56m:47s left)
Iteration 150 / LogL: -95651.848 / Time: 4h:35m:11s (0h:50m:54s left)
Log-likelihood cutoff on original alignment: -96439.344
Estimate model parameters (epsilon = 0.100)
BETTER TREE FOUND at iteration 157: -95648.893
Iteration 160 / LogL: -95744.604 / Time: 4h:41m:3s (0h:55m:0s left)
Iteration 170 / LogL: -95727.746 / Time: 4h:46m:27s (0h:49m:11s left)
Iteration 180 / LogL: -95800.143 / Time: 4h:51m:49s (0h:43m:25s left)
Estimate model parameters (epsilon = 0.100)
BETTER TREE FOUND at iteration 186: -95628.223
Iteration 190 / LogL: -95709.538 / Time: 4h:57m:19s (0h:54m:3s left)
Iteration 200 / LogL: -95731.846 / Time: 5h:2m:35s (0h:48m:16s left)
Log-likelihood cutoff on original alignment: -96439.344
NOTE: Bootstrap correlation coefficient of split occurrence frequencies: 0.961
NOTE: UFBoot does not converge, continue at least 100 more iterations
Iteration 210 / LogL: -95682.048 / Time: 5h:8m:28s (0h:50m:37s left)
Estimate model parameters (epsilon = 0.100)
BETTER TREE FOUND at iteration 216: -95616.500
Iteration 220 / LogL: -95743.711 / Time: 5h:14m:18s (0h:54m:5s left)
Estimate model parameters (epsilon = 0.100)
BETTER TREE FOUND at iteration 229: -95599.616
Iteration 230 / LogL: -95717.770 / Time: 5h:20m:14s (0h:55m:55s left)
Iteration 240 / LogL: -95648.630 / Time: 5h:25m:44s (0h:50m:12s left)
Estimate model parameters (epsilon = 0.100)
BETTER TREE FOUND at iteration 242: -95592.648
Iteration 250 / LogL: -95618.694 / Time: 5h:31m:58s (0h:52m:7s left)
Log-likelihood cutoff on original alignment: -96439.344
Estimate model parameters (epsilon = 0.100)
BETTER TREE FOUND at iteration 259: -95590.129
Iteration 260 / LogL: -95665.255 / Time: 5h:38m:28s (0h:56m:24s left)
Iteration 270 / LogL: -95631.581 / Time: 5h:44m:17s (0h:50m:44s left)
Iteration 280 / LogL: -95723.761 / Time: 5h:49m:53s (0h:45m:1s left)
Iteration 290 / LogL: -95733.991 / Time: 5h:55m:35s (0h:39m:19s left)
Iteration 300 / LogL: -95755.715 / Time: 6h:1m:13s (0h:33m:36s left)
Log-likelihood cutoff on original alignment: -96439.344
NOTE: Bootstrap correlation coefficient of split occurrence frequencies: 0.928
NOTE: UFBoot does not converge, continue at least 100 more iterations
Iteration 310 / LogL: -95626.431 / Time: 6h:7m:4s (0h:51m:19s left)
Iteration 320 / LogL: -95625.841 / Time: 6h:12m:58s (0h:45m:39s left)
Iteration 330 / LogL: -95678.264 / Time: 6h:18m:15s (0h:39m:51s left)
Iteration 340 / LogL: -95638.465 / Time: 6h:23m:53s (0h:34m:9s left)
Iteration 350 / LogL: -95704.556 / Time: 6h:29m:37s (0h:28m:28s left)
Log-likelihood cutoff on original alignment: -96371.523
Estimate model parameters (epsilon = 0.100)
BETTER TREE FOUND at iteration 353: -95578.921
Iteration 360 / LogL: -95579.133 / Time: 6h:36m:22s (0h:53m:13s left)
Iteration 370 / LogL: -95641.413 / Time: 6h:42m:11s (0h:47m:31s left)
Estimate model parameters (epsilon = 0.100)
BETTER TREE FOUND at iteration 373: -95572.869
Iteration 380 / LogL: -95706.004 / Time: 6h:48m:33s (0h:53m:24s left)
Estimate model parameters (epsilon = 0.100)
BETTER TREE FOUND at iteration 381: -95568.814
Estimate model parameters (epsilon = 0.100)
BETTER TREE FOUND at iteration 388: -95565.229
Iteration 390 / LogL: -95619.446 / Time: 6h:55m:18s (0h:56m:32s left)
Iteration 400 / LogL: -95582.619 / Time: 7h:1m:31s (0h:50m:51s left)
Log-likelihood cutoff on original alignment: -96371.523
NOTE: Bootstrap correlation coefficient of split occurrence frequencies: 0.906
NOTE: UFBoot does not converge, continue at least 100 more iterations
Estimate model parameters (epsilon = 0.100)
BETTER TREE FOUND at iteration 409: -95549.578
Iteration 410 / LogL: -95632.267 / Time: 7h:8m:2s (0h:57m:24s left)
Iteration 420 / LogL: -95613.451 / Time: 7h:14m:2s (0h:51m:38s left)
Iteration 430 / LogL: -95621.735 / Time: 7h:20m:0s (0h:45m:52s left)
Iteration 440 / LogL: -95748.990 / Time: 7h:25m:43s (0h:40m:3s left)
Iteration 450 / LogL: -95653.711 / Time: 7h:31m:14s (0h:34m:12s left)
Log-likelihood cutoff on original alignment: -96371.523
Iteration 460 / LogL: -95637.110 / Time: 7h:37m:18s (0h:28m:26s left)
Iteration 470 / LogL: -95601.725 / Time: 7h:43m:16s (0h:22m:39s left)
Iteration 480 / LogL: -95619.119 / Time: 7h:48m:55s (0h:16m:49s left)
Iteration 490 / LogL: -95578.562 / Time: 7h:55m:6s (0h:11m:2s left)
Iteration 500 / LogL: -95652.318 / Time: 8h:0m:59s (0h:5m:13s left)
Log-likelihood cutoff on original alignment: -96371.523
NOTE: Bootstrap correlation coefficient of split occurrence frequencies: 0.951
NOTE: UFBoot does not converge, continue at least 100 more iterations
Estimate model parameters (epsilon = 0.100)
BETTER TREE FOUND at iteration 505: -95524.647
Iteration 510 / LogL: -95603.820 / Time: 8h:7m:39s (0h:55m:23s left)
Iteration 520 / LogL: -95679.497 / Time: 8h:13m:23s (0h:49m:32s left)
Iteration 530 / LogL: -95782.439 / Time: 8h:19m:15s (0h:43m:43s left)
Iteration 540 / LogL: -95591.633 / Time: 8h:25m:6s (0h:37m:53s left)
Iteration 550 / LogL: -95711.174 / Time: 8h:31m:10s (0h:32m:5s left)
Log-likelihood cutoff on original alignment: -96236.518
Iteration 560 / LogL: -95702.114 / Time: 8h:37m:33s (0h:26m:17s left)
Iteration 570 / LogL: -95559.671 / Time: 8h:43m:20s (0h:20m:26s left)
Iteration 580 / LogL: -95551.142 / Time: 8h:49m:20s (0h:14m:36s left)
Iteration 590 / LogL: -95524.822 / Time: 8h:55m:10s (0h:8m:46s left)
Estimate model parameters (epsilon = 0.100)
BETTER TREE FOUND at iteration 593: -95517.684
Iteration 600 / LogL: -95605.500 / Time: 9h:1m:28s (0h:54m:25s left)
Log-likelihood cutoff on original alignment: -96236.518
NOTE: Bootstrap correlation coefficient of split occurrence frequencies: 0.922
NOTE: UFBoot does not converge, continue at least 100 more iterations
Iteration 610 / LogL: -95559.305 / Time: 9h:7m:30s (0h:52m:42s left)
Iteration 620 / LogL: -95602.788 / Time: 9h:13m:10s (0h:46m:49s left)
Iteration 630 / LogL: -95698.117 / Time: 9h:18m:45s (0h:40m:56s left)
Estimate model parameters (epsilon = 0.100)
BETTER TREE FOUND at iteration 639: -95509.355
Iteration 640 / LogL: -95636.628 / Time: 9h:25m:5s (0h:57m:58s left)
Estimate model parameters (epsilon = 0.100)
BETTER TREE FOUND at iteration 646: -95501.326
Iteration 650 / LogL: -95535.923 / Time: 9h:30m:58s (0h:56m:13s left)
Log-likelihood cutoff on original alignment: -96234.982
Estimate model parameters (epsilon = 0.100)
BETTER TREE FOUND at iteration 651: -95495.766
Estimate model parameters (epsilon = 0.100)
BETTER TREE FOUND at iteration 653: -95494.900
Iteration 660 / LogL: -95603.942 / Time: 9h:37m:28s (0h:54m:33s left)
Iteration 670 / LogL: -95530.486 / Time: 9h:43m:16s (0h:48m:40s left)
Iteration 680 / LogL: -95581.687 / Time: 9h:49m:11s (0h:42m:49s left)
Iteration 690 / LogL: -95609.971 / Time: 9h:55m:24s (0h:36m:59s left)
Iteration 700 / LogL: -95618.900 / Time: 10h:1m:21s (0h:31m:7s left)
Log-likelihood cutoff on original alignment: -96234.982
NOTE: Bootstrap correlation coefficient of split occurrence frequencies: 0.912
NOTE: UFBoot does not converge, continue at least 100 more iterations
Iteration 710 / LogL: -95596.131 / Time: 10h:7m:31s (0h:52m:53s left)
Estimate model parameters (epsilon = 0.100)
BETTER TREE FOUND at iteration 716: -95471.084
Iteration 720 / LogL: -95621.657 / Time: 10h:13m:58s (0h:56m:29s left)
Iteration 730 / LogL: -95557.643 / Time: 10h:20m:21s (0h:50m:39s left)
Iteration 740 / LogL: -95523.580 / Time: 10h:25m:53s (0h:44m:44s left)
Iteration 750 / LogL: -95661.665 / Time: 10h:31m:53s (0h:38m:51s left)
Log-likelihood cutoff on original alignment: -96234.982
Iteration 760 / LogL: -95627.415 / Time: 10h:38m:14s (0h:33m:0s left)
Iteration 770 / LogL: -95521.065 / Time: 10h:44m:34s (0h:27m:8s left)
Iteration 780 / LogL: -95499.366 / Time: 10h:51m:3s (0h:21m:15s left)
Iteration 790 / LogL: -95546.201 / Time: 10h:57m:1s (0h:15m:21s left)
Iteration 800 / LogL: -95524.895 / Time: 11h:3m:24s (0h:9m:27s left)
Log-likelihood cutoff on original alignment: -96234.982
NOTE: Bootstrap correlation coefficient of split occurrence frequencies: 0.905
NOTE: UFBoot does not converge, continue at least 100 more iterations
Iteration 810 / LogL: -95568.974 / Time: 11h:9m:55s (0h:53m:17s left)
Iteration 820 / LogL: -95535.237 / Time: 11h:16m:17s (0h:47m:24s left)
Estimate model parameters (epsilon = 0.100)
BETTER TREE FOUND at iteration 821: -95447.029
Iteration 830 / LogL: -95529.921 / Time: 11h:23m:11s (0h:54m:2s left)
Iteration 840 / LogL: -95543.807 / Time: 11h:29m:50s (0h:48m:10s left)
Iteration 850 / LogL: -95536.514 / Time: 11h:36m:22s (0h:42m:16s left)
Log-likelihood cutoff on original alignment: -96234.982
Iteration 860 / LogL: -95499.567 / Time: 11h:42m:13s (0h:36m:18s left)
Iteration 870 / LogL: -95575.830 / Time: 11h:48m:6s (0h:30m:21s left)
Iteration 880 / LogL: -95564.905 / Time: 11h:54m:13s (0h:24m:24s left)
Iteration 890 / LogL: -95610.622 / Time: 12h:0m:17s (0h:18m:27s left)
Iteration 900 / LogL: -95493.489 / Time: 12h:6m:11s (0h:12m:30s left)
Log-likelihood cutoff on original alignment: -96234.982
NOTE: Bootstrap correlation coefficient of split occurrence frequencies: 0.903
NOTE: UFBoot does not converge, continue at least 100 more iterations
Iteration 910 / LogL: -95722.936 / Time: 12h:12m:36s (0h:53m:38s left)
Iteration 920 / LogL: -95540.650 / Time: 12h:18m:56s (0h:47m:42s left)
Iteration 930 / LogL: -95600.904 / Time: 12h:25m:16s (0h:41m:46s left)
Iteration 940 / LogL: -95504.884 / Time: 12h:31m:15s (0h:35m:48s left)
Iteration 950 / LogL: -95570.433 / Time: 12h:37m:25s (0h:29m:50s left)
Log-likelihood cutoff on original alignment: -96234.982
Iteration 960 / LogL: -95707.929 / Time: 12h:43m:34s (0h:23m:53s left)
Iteration 970 / LogL: -95468.464 / Time: 12h:49m:42s (0h:17m:55s left)
Iteration 980 / LogL: -95515.632 / Time: 12h:55m:53s (0h:11m:57s left)
Iteration 990 / LogL: -95523.738 / Time: 13h:2m:15s (0h:5m:58s left)
Iteration 1000 / LogL: -95503.138 / Time: 13h:8m:36s (0h:0m:0s left)
Log-likelihood cutoff on original alignment: -96234.982
NOTE: Bootstrap correlation coefficient of split occurrence frequencies: 0.910
NOTE: UFBoot does not converge, continue at least 100 more iterations
WARNING: bootstrap analysis did not converge. You should rerun with higher number of iterations (-nm option)
TREE SEARCH COMPLETED AFTER 1001 ITERATIONS / Time: 13h:9m:35s

--------------------------------------------------------------------
|                    FINALIZING TREE SEARCH                        |
--------------------------------------------------------------------
Performs final model parameters optimization
Estimate model parameters (epsilon = 0.010)
1. Initial log-likelihood: -95447.029
2. Current log-likelihood: -95446.996
3. Current log-likelihood: -95446.963
4. Current log-likelihood: -95446.945
5. Current log-likelihood: -95446.927
6. Current log-likelihood: -95446.908
7. Current log-likelihood: -95446.889
8. Current log-likelihood: -95446.865
9. Current log-likelihood: -95446.846
10. Current log-likelihood: -95446.819
11. Current log-likelihood: -95446.796
12. Current log-likelihood: -95446.766
13. Current log-likelihood: -95446.749
14. Current log-likelihood: -95446.722
15. Current log-likelihood: -95446.705
16. Current log-likelihood: -95446.672
17. Current log-likelihood: -95446.655
18. Current log-likelihood: -95446.629
19. Current log-likelihood: -95446.613
20. Current log-likelihood: -95446.587
21. Current log-likelihood: -95446.572
22. Current log-likelihood: -95446.556
23. Current log-likelihood: -95446.540
24. Current log-likelihood: -95446.523
25. Current log-likelihood: -95446.507
26. Current log-likelihood: -95446.488
27. Current log-likelihood: -95446.472
28. Current log-likelihood: -95446.456
29. Current log-likelihood: -95446.440
30. Current log-likelihood: -95446.425
31. Current log-likelihood: -95446.412
32. Current log-likelihood: -95446.396
33. Current log-likelihood: -95446.380
34. Current log-likelihood: -95446.365
35. Current log-likelihood: -95446.350
36. Current log-likelihood: -95446.335
37. Current log-likelihood: -95446.321
38. Current log-likelihood: -95446.306
39. Current log-likelihood: -95446.291
40. Current log-likelihood: -95446.277
41. Current log-likelihood: -95446.262
42. Current log-likelihood: -95446.248
43. Current log-likelihood: -95446.234
44. Current log-likelihood: -95446.220
45. Current log-likelihood: -95446.206
46. Current log-likelihood: -95446.192
47. Current log-likelihood: -95446.178
48. Current log-likelihood: -95446.163
49. Current log-likelihood: -95446.149
50. Current log-likelihood: -95446.135
51. Current log-likelihood: -95446.122
52. Current log-likelihood: -95446.108
53. Current log-likelihood: -95446.094
54. Current log-likelihood: -95446.080
55. Current log-likelihood: -95446.066
56. Current log-likelihood: -95446.052
57. Current log-likelihood: -95446.039
58. Current log-likelihood: -95446.026
59. Current log-likelihood: -95446.012
60. Current log-likelihood: -95446.000
61. Current log-likelihood: -95445.987
62. Current log-likelihood: -95445.974
63. Current log-likelihood: -95445.960
64. Current log-likelihood: -95445.946
65. Current log-likelihood: -95445.933
66. Current log-likelihood: -95445.920
67. Current log-likelihood: -95445.908
68. Current log-likelihood: -95445.895
69. Current log-likelihood: -95445.882
70. Current log-likelihood: -95445.869
71. Current log-likelihood: -95445.856
72. Current log-likelihood: -95445.843
73. Current log-likelihood: -95445.831
Optimal log-likelihood: -95445.820
Rate parameters:  A-C: 0.93543  A-G: 2.46901  A-T: 0.53752  C-G: 1.86964  C-T: 3.92953  G-T: 1.00000
Base frequencies:  A: 0.217  C: 0.306  G: 0.312  T: 0.165
Proportion of invariable sites: 0.449
Site proportion and rates:  (0.119,0.060) (0.073,0.255) (0.090,0.642) (0.065,1.214) (0.070,2.086) (0.052,3.117) (0.051,4.708) (0.020,7.577) (0.012,11.760)
Parameters optimization took 73 rounds (740.653 sec)
BEST SCORE FOUND : -95445.820

Testing tree branches by SH-like aLRT with 1000 replicates...
Alternative NNI shows better log-likelihood -95445.819 > -95445.820
Alternative NNI shows better log-likelihood -95445.818 > -95445.820
Alternative NNI shows better log-likelihood -95445.819 > -95445.820
Alternative NNI shows better log-likelihood -95445.817 > -95445.820
Alternative NNI shows better log-likelihood -95445.791 > -95445.820
Alternative NNI shows better log-likelihood -95445.433 > -95445.820
Alternative NNI shows better log-likelihood -95445.734 > -95445.820
13.452 sec.
Creating bootstrap support values...
Split supports printed to NEXUS file /mnt/dv/wid/projects6/SolisLemus-Intbio-raw/processed-data/symbiosis_sorted_v2_consensus_sequences_50percent/nifH_consensus_iqtree_v2/nifH_consensus50_iupac_all_pass.splits.nex
Total tree length: 27.113

Total number of iterations: 1001
CPU time used for tree search: 69035.677 sec (19h:10m:35s)
Wall-clock time used for tree search: 35876.976 sec (9h:57m:56s)
Total CPU time used: 92893.070 sec (25h:48m:13s)
Total wall-clock time used: 48142.669 sec (13h:22m:22s)

Computing bootstrap consensus tree...
Reading input file /mnt/dv/wid/projects6/SolisLemus-Intbio-raw/processed-data/symbiosis_sorted_v2_consensus_sequences_50percent/nifH_consensus_iqtree_v2/nifH_consensus50_iupac_all_pass.splits.nex...
1532 taxa and 12558 splits.
Consensus tree written to /mnt/dv/wid/projects6/SolisLemus-Intbio-raw/processed-data/symbiosis_sorted_v2_consensus_sequences_50percent/nifH_consensus_iqtree_v2/nifH_consensus50_iupac_all_pass.contree
Reading input trees file /mnt/dv/wid/projects6/SolisLemus-Intbio-raw/processed-data/symbiosis_sorted_v2_consensus_sequences_50percent/nifH_consensus_iqtree_v2/nifH_consensus50_iupac_all_pass.contree
Log-likelihood of consensus tree: -95392.860

Analysis results written to: 
  IQ-TREE report:                /mnt/dv/wid/projects6/SolisLemus-Intbio-raw/processed-data/symbiosis_sorted_v2_consensus_sequences_50percent/nifH_consensus_iqtree_v2/nifH_consensus50_iupac_all_pass.iqtree
  Maximum-likelihood tree:       /mnt/dv/wid/projects6/SolisLemus-Intbio-raw/processed-data/symbiosis_sorted_v2_consensus_sequences_50percent/nifH_consensus_iqtree_v2/nifH_consensus50_iupac_all_pass.treefile
  Likelihood distances:          /mnt/dv/wid/projects6/SolisLemus-Intbio-raw/processed-data/symbiosis_sorted_v2_consensus_sequences_50percent/nifH_consensus_iqtree_v2/nifH_consensus50_iupac_all_pass.mldist

Ultrafast bootstrap approximation results written to:
  Split support values:          /mnt/dv/wid/projects6/SolisLemus-Intbio-raw/processed-data/symbiosis_sorted_v2_consensus_sequences_50percent/nifH_consensus_iqtree_v2/nifH_consensus50_iupac_all_pass.splits.nex
  Consensus tree:                /mnt/dv/wid/projects6/SolisLemus-Intbio-raw/processed-data/symbiosis_sorted_v2_consensus_sequences_50percent/nifH_consensus_iqtree_v2/nifH_consensus50_iupac_all_pass.contree
  Screen log file:               /mnt/dv/wid/projects6/SolisLemus-Intbio-raw/processed-data/symbiosis_sorted_v2_consensus_sequences_50percent/nifH_consensus_iqtree_v2/nifH_consensus50_iupac_all_pass.log

Date and Time: Sun Jul 12 01:15:54 2026
