sample_id	best_reference_id	best_reference_taxon	percent_identity	alignment_length	query_coverage_percent	reference_coverage_percent	evalue	bitscore
BLAN-4-1-No|nifH|consensus50|strict_single_dominant	nifH|Sinorhizobium_meliloti_(Rhizobium_meliloti)|XEM16083.1	Sinorhizobium_meliloti_(Rhizobium_meliloti)	85.930	796	89.038	NA	0.0	861
BONA-10-Ro|nifH|consensus50|strict_single_dominant	nifH|Ensifer_sp|QHB50514.1	Ensifer_sp	87.407	540	75.3138	NA	1.18e-178	619
BONA-12-1-Ro|nifH|consensus50|strict_single_dominant	nifH|Bradyrhizobium_sp._PUT101|XYX37671.1	Bradyrhizobium_sp._PUT101	85.106	470	53.1073	NA	7.39e-151	527
BONA-13-1-Rh|nifH|consensus50|strict_single_dominant	nifH|Mesorhizobium_sp._AaZ16|XIK06011.1	Mesorhizobium_sp._AaZ16	87.821	624	69.7987	NA	0.0	754
BONA-5-Rh|nifH|consensus50|strict_single_dominant	nifH|Bradyrhizobium_sp._PUT101|XYX37671.1	Bradyrhizobium_sp._PUT101	92.603	365	41.2429	NA	2.66e-150	525
BONA-7-Rh|nifH|consensus50|strict_single_dominant	nifH|Bradyrhizobium_sp._PUT101|XYX37671.1	Bradyrhizobium_sp._PUT101	88.551	559	63.1638	NA	0.0	713
BONA-9-No|nifH|consensus50|strict_single_dominant	nifH|Ensifer_sp|QHB50514.1	Ensifer_sp	88.542	672	93.7238	NA	0.0	813
CLBJ-11-1-Ro|nifH|consensus50|strict_single_dominant	nifH|Microvirga_sp._RSM25|XKE00370.1	Microvirga_sp._RSM25	92.504	627	70.1342	NA	0.0	896
CLBJ-14-1-No|nifH|consensus50|strict_single_dominant	nifH|Mesorhizobium_sp._AaZ16|XIK06011.1	Mesorhizobium_sp._AaZ16	90.326	827	92.5056	NA	0.0	1081
CLBJ-14-1-Ro|nifH|consensus50|strict_single_dominant	nifH|Microvirga_lotononidis|WQO30062.1	Microvirga_lotononidis	90.414	459	51.3423	NA	1.19e-173	603
CLBJ-16-2-No|nifH|consensus50|strict_single_dominant	nifH|Rhizobium_azibense|CAO4004957.1	Rhizobium_azibense	85.627	821	91.8345	NA	0.0	859
CLBJ-17-1-Rh|nifH|consensus50|strict_single_dominant	nifH|Microvirga_sp._RSM25|XKE00370.1	Microvirga_sp._RSM25	89.413	784	87.6957	NA	0.0	987
CLBJ-17-1-Ro|nifH|consensus50|strict_single_dominant	nifH|Mesorhizobium_sp._AaZ16|XIK06011.1	Mesorhizobium_sp._AaZ16	95.532	761	85.123	NA	0.0	1218
CLBJ-19-1-Rh|nifH|consensus50|strict_single_dominant	nifH|Microvirga_sp._RSM25|XKE00370.1	Microvirga_sp._RSM25	87.811	804	89.9329	NA	0.0	937
CLBJ-20-1-No|nifH|consensus50|strict_single_dominant	nifH|Neorhizobium_alkalisoli|ACF98259.1	Neorhizobium_alkalisoli	89.627	723	99.7241	NA	0.0	918
CLBJ-20-1-Ro|nifH|consensus50|strict_single_dominant	nifH|Mesorhizobium_sp._AaZ16|XIK06011.1	Mesorhizobium_sp._AaZ16	86.804	629	70.3579	NA	0.0	725
CLBJ-22-1-Ro|nifH|consensus50|strict_single_dominant	nifH|Sinorhizobium_prairiense|WEJ08560.1	Sinorhizobium_prairiense	90.193	673	75.2796	NA	0.0	880
CLBJ-23-1-No|nifH|consensus50|strict_single_dominant	nifH|Neorhizobium_alkalisoli|ACF98259.1	Neorhizobium_alkalisoli	89.488	723	99.7241	NA	0.0	913
CLBJ-26-1-No|nifH|consensus50|strict_single_dominant	nifH|Sinorhizobium_prairiense|WEJ08560.1	Sinorhizobium_prairiense	91.941	819	91.6107	NA	0.0	1147
CLBJ-27-1-No|nifH|consensus50|strict_single_dominant	nifH|Sinorhizobium_prairiense|WEJ08560.1	Sinorhizobium_prairiense	91.697	819	91.6107	NA	0.0	1136
CLBJ-28-3-Rh|nifH|consensus50|strict_single_dominant	nifH|Microvirga_lotononidis|WQO30062.1	Microvirga_lotononidis	87.470	822	91.9463	NA	0.0	948
CLBJ-2-No|nifH|consensus50|strict_single_dominant	nifH|Rhizobium_azibense|CAO4004957.1	Rhizobium_azibense	97.365	797	89.1499	NA	0.0	1356
CLBJ-30-1-No|nifH|consensus50|strict_single_dominant	nifH|Bradyrhizobium_ottawaense|XZF72199.1	Bradyrhizobium_ottawaense	90.172	641	72.4294	NA	0.0	830
CLBJ-31-2-No|nifH|consensus50|strict_single_dominant	nifH|Bradyrhizobium_sp._PUT101|XYX37671.1	Bradyrhizobium_sp._PUT101	88.754	578	65.3107	NA	0.0	706
CLBJ-3-1-Rh|nifH|consensus50|strict_single_dominant	nifH|Mesorhizobium_sp._AaZ16|XIK06011.1	Mesorhizobium_sp._AaZ16	94.153	821	91.8345	NA	0.0	1247
CLBJ-32-1-Rh|nifH|consensus50|strict_single_dominant	nifH|Bradyrhizobium_ottawaense|XZF72199.1	Bradyrhizobium_ottawaense	88.743	835	94.3503	NA	0.0	1011
CLBJ-33-1-No|nifH|consensus50|strict_single_dominant	nifH|Bradyrhizobium_ottawaense|XZF72199.1	Bradyrhizobium_ottawaense	91.222	581	65.6497	NA	0.0	787
CLBJ-34-1-No|nifH|consensus50|strict_single_dominant	nifH|Mesorhizobium_sp._AaZ16|XIK06011.1	Mesorhizobium_sp._AaZ16	86.941	827	92.5056	NA	0.0	929
CLBJ-36-1-No|nifH|consensus50|strict_single_dominant	nifH|Microvirga_lotononidis|WQO30062.1	Microvirga_lotononidis	89.068	622	69.5749	NA	0.0	771
CLBJ-36-1-Rh|nifH|consensus50|strict_single_dominant	nifH|Bradyrhizobium_sp._PUT101|XYX37671.1	Bradyrhizobium_sp._PUT101	96.084	383	43.2768	NA	2.55e-180	625
CLBJ-37-1-Rh|nifH|consensus50|strict_single_dominant	nifH|Bradyrhizobium_sp._PUT101|XYX37671.1	Bradyrhizobium_sp._PUT101	95.288	382	43.1638	NA	9.22e-175	606
CLBJ-38-1-Rh|nifH|consensus50|strict_single_dominant	nifH|Bradyrhizobium_sp._PUT101|XYX37671.1	Bradyrhizobium_sp._PUT101	91.364	579	65.4237	NA	0.0	789
CLBJ-39-1-No|nifH|consensus50|strict_single_dominant	nifH|Mesorhizobium_sp._AaZ16|XIK06011.1	Mesorhizobium_sp._AaZ16	86.935	819	91.6107	NA	0.0	920
CLBJ-40-1-No|nifH|consensus50|strict_single_dominant	nifH|Bradyrhizobium_ottawaense|XZF72199.1	Bradyrhizobium_ottawaense	90.317	568	64.1808	NA	0.0	793
CLBJ-40-1-Rh|nifH|consensus50|strict_single_dominant	nifH|Mesorhizobium_sp._WSM4083|XXN81638.1	Mesorhizobium_sp._WSM4083	87.770	695	77.7405	NA	0.0	811
CLBJ-41-1-No|nifH|consensus50|strict_single_dominant	nifH|Sinorhizobium_meliloti_(Rhizobium_meliloti)|XEM16083.1	Sinorhizobium_meliloti_(Rhizobium_meliloti)	87.822	698	78.0761	NA	0.0	811
CLBJ-41-1-Rh|nifH|consensus50|strict_single_dominant	nifH|Mesorhizobium_sp._WSM4083|XXN81638.1	Mesorhizobium_sp._WSM4083	86.733	603	67.4497	NA	0.0	686
CLBJ-4-1-No|nifH|consensus50|strict_single_dominant	nifH|Ensifer_sp|QHB50514.1	Ensifer_sp	95.955	717	100	NA	0.0	1164
CLBJ-4-1-Ro|nifH|consensus50|strict_single_dominant	nifH|Ensifer_sp|QHB50514.1	Ensifer_sp	95.955	717	100	NA	0.0	1164
CLBJ-42-1-No|nifH|consensus50|strict_single_dominant	nifH|Mesorhizobium_sp._AaZ16|XIK06011.1	Mesorhizobium_sp._AaZ16	85.262	821	91.8345	NA	0.0	843
CLBJ-43-2-No|nifH|consensus50|strict_single_dominant	nifH|Bradyrhizobium_sp._SPXBL-03|XYL85905.1	Bradyrhizobium_sp._SPXBL-03	85.902	837	94.5763	NA	0.0	883
CLBJ-44-1-No|nifH|consensus50|strict_single_dominant	nifH|Microvirga_sp._KLBC_81|PVE21514.1	Microvirga_sp._KLBC_81	87.092	674	75.3915	NA	0.0	763
CLBJ-46-1-No|nifH|consensus50|strict_single_dominant	nifH|Bradyrhizobium_ottawaense|XZF72199.1	Bradyrhizobium_ottawaense	96.939	392	44.2938	NA	0.0	658
CLBJ-46-1-Rh|nifH|consensus50|strict_single_dominant	nifH|Burkholderia_vietnamiensis|KVE58540.1	Burkholderia_vietnamiensis	88.103	580	65.7596	NA	0.0	689
CLBJ-5-2-No|nifH|consensus50|strict_single_dominant	nifH|Mesorhizobium_sp._AaZ16|XIK06011.1	Mesorhizobium_sp._AaZ16	96.822	818	91.4989	NA	0.0	1363
CLBJ-7-1-No|nifH|consensus50|strict_single_dominant	nifH|Mesorhizobium_sp._AaZ16|XIK06011.1	Mesorhizobium_sp._AaZ16	91.209	819	91.6107	NA	0.0	1114
CLBJ-9-1-Ro|nifH|consensus50|strict_single_dominant	nifH|Mesorhizobium_sp._AaZ16|XIK06011.1	Mesorhizobium_sp._AaZ16	94.524	767	85.7942	NA	0.0	1181
CPER-1-No|nifH|consensus50|strict_single_dominant	nifH|Mesorhizobium_sp._AaZ16|XIK06011.1	Mesorhizobium_sp._AaZ16	96.459	819	91.6107	NA	0.0	1352
CPER-3-1-No|nifH|consensus50|strict_single_dominant	nifH|Sinorhizobium_meliloti_(Rhizobium_meliloti)|XHY72514.1	Sinorhizobium_meliloti_(Rhizobium_meliloti)	96.247	826	92.3937	NA	0.0	1352
CPER-3-1-Rh|nifH|consensus50|strict_single_dominant	nifH|Sinorhizobium_meliloti_(Rhizobium_meliloti)|XHY72514.1	Sinorhizobium_meliloti_(Rhizobium_meliloti)	96.707	820	91.7226	NA	0.0	1363
CPER-4-No|nifH|consensus50|strict_single_dominant	nifH|Sinorhizobium_meliloti_(Rhizobium_meliloti)|XHY72514.1	Sinorhizobium_meliloti_(Rhizobium_meliloti)	96.368	826	92.3937	NA	0.0	1358
CPER-5-1-No|nifH|consensus50|strict_single_dominant	nifH|Sinorhizobium_meliloti_(Rhizobium_meliloti)|XHY72514.1	Sinorhizobium_meliloti_(Rhizobium_meliloti)	97.094	826	92.3937	NA	0.0	1391
CPER-5-1-Rh|nifH|consensus50|strict_single_dominant	nifH|Sinorhizobium_meliloti_(Rhizobium_meliloti)|XHY72514.1	Sinorhizobium_meliloti_(Rhizobium_meliloti)	96.610	826	92.3937	NA	0.0	1369
DCFS-2-2-No|nifH|consensus50|strict_single_dominant	nifH|Sinorhizobium_meliloti_(Rhizobium_meliloti)|XEM16083.1	Sinorhizobium_meliloti_(Rhizobium_meliloti)	97.927	820	91.7226	NA	0.0	1419
DCFS-2-2-Rh|nifH|consensus50|strict_single_dominant	nifH|Rhizobium_binae|XXB05130.1	Rhizobium_binae	90.830	807	90.2685	NA	0.0	1081
DCFS-2-2-Ro|nifH|consensus50|strict_single_dominant	nifH|Microvirga_lotononidis|WQO30062.1	Microvirga_lotononidis	89.259	810	90.604	NA	0.0	1014
DCFS-8-1-No|nifH|consensus50|strict_single_dominant	nifH|Sinorhizobium_meliloti_(Rhizobium_meliloti)|XHY72514.1	Sinorhizobium_meliloti_(Rhizobium_meliloti)	96.476	823	92.0582	NA	0.0	1358
DEJU-10-1-Rh|nifH|consensus50|strict_single_dominant	nifH|Bradyrhizobium_sp._PUT101|XYX37671.1	Bradyrhizobium_sp._PUT101	95.491	377	42.5989	NA	1.19e-173	603
DEJU-10-1-Ro|nifH|consensus50|strict_single_dominant	nifH|Rhizobium_sophoriradicis|XHB23373.1	Rhizobium_sophoriradicis	87.500	616	94.6237	NA	0.0	741
DEJU-11-1-Rh|nifH|consensus50|strict_single_dominant	nifH|Bradyrhizobium_sp._PUT101|XYX37671.1	Bradyrhizobium_sp._PUT101	92.055	365	41.2429	NA	5.75e-147	514
DEJU-1-1-No|nifH|consensus50|strict_single_dominant	nifH|Mesorhizobium_sp._AaZ16|XIK06011.1	Mesorhizobium_sp._AaZ16	88.848	816	91.2752	NA	0.0	1003
DEJU-12-1-No|nifH|consensus50|strict_single_dominant	nifH|Bradyrhizobium_sp._PUT101|XYX37671.1	Bradyrhizobium_sp._PUT101	91.704	446	50.3955	NA	1.18e-178	619
DEJU-13-1-No|nifH|consensus50|strict_single_dominant	nifH|Bradyrhizobium_sp._PUT101|XYX37671.1	Bradyrhizobium_sp._PUT101	90.882	340	38.4181	NA	9.83e-130	457
DEJU-16-1-No|nifH|consensus50|strict_single_dominant	nifH|Neorhizobium_galegae|AIY31028.1	Neorhizobium_galegae	88.441	571	75.1316	NA	0.0	688
DEJU-16-1-Ro|nifH|consensus50|strict_single_dominant	nifH|Bradyrhizobium_ottawaense|XZF72199.1	Bradyrhizobium_ottawaense	91.081	370	41.8079	NA	1.61e-142	499
DEJU-17-1-Rh|nifH|consensus50|strict_single_dominant	nifH|Bradyrhizobium_sp._PUT101|XYX37671.1	Bradyrhizobium_sp._PUT101	96.023	352	39.774	NA	9.35e-165	573
DEJU-19-1-Ro|nifH|consensus50|strict_single_dominant	nifH|Bradyrhizobium_sp._PUT101|XYX37671.1	Bradyrhizobium_sp._PUT101	91.351	370	41.8079	NA	9.62e-145	507
DEJU-23-1-No|nifH|consensus50|strict_single_dominant	nifH|Microvirga_sp._RSM25|XKE00370.1	Microvirga_sp._RSM25	89.235	771	86.2416	NA	0.0	965
DEJU-24-1-No|nifH|consensus50|strict_single_dominant	nifH|Microvirga_sp._KLBC_81|PVE21514.1	Microvirga_sp._KLBC_81	87.752	645	72.1477	NA	0.0	752
DEJU-26-Rh|nifH|consensus50|strict_single_dominant	nifH|Microvirga_sp._RSM25|XKE00370.1	Microvirga_sp._RSM25	86.898	664	74.2729	NA	0.0	758
DEJU-27-No|nifH|consensus50|strict_single_dominant	nifH|Sinorhizobium_meliloti_(Rhizobium_meliloti)|XEM16083.1	Sinorhizobium_meliloti_(Rhizobium_meliloti)	89.803	608	68.0089	NA	0.0	780
DEJU-2-No|nifH|consensus50|strict_single_dominant	nifH|Sinorhizobium_fredii_(Rhizobium_fredii)|XRN48363.1	Sinorhizobium_fredii_(Rhizobium_fredii)	88.055	653	73.2884	NA	0.0	774
DEJU-2-Rh|nifH|consensus50|strict_single_dominant	nifH|Bradyrhizobium_sp._PUT101|XYX37671.1	Bradyrhizobium_sp._PUT101	89.509	448	50.6215	NA	4.35e-163	568
DEJU-2-Ro|nifH|consensus50|strict_single_dominant	nifH|Burkholderia_multivorans|CAN0620951.1	Burkholderia_multivorans	84.048	583	66.0998	NA	1.98e-176	612
DEJU-3-1-No|nifH|consensus50|strict_single_dominant	nifH|Mesorhizobium_sp._AaZ16|XIK06011.1	Mesorhizobium_sp._AaZ16	87.732	701	78.4116	NA	0.0	819
DEJU-33-Ro|nifH|consensus50|strict_single_dominant	nifH|Bradyrhizobium_sp._PUT101|XYX37671.1	Bradyrhizobium_sp._PUT101	96.073	382	43.1638	NA	9.16e-180	623
DEJU-34-Ro|nifH|consensus50|strict_single_dominant	nifH|Bradyrhizobium_sp._PUT101|XYX37671.1	Bradyrhizobium_sp._PUT101	95.482	332	37.5141	NA	5.71e-152	531
DEJU-36-No|nifH|consensus50|strict_single_dominant	nifH|Paenirhizobium_cremeum|XOE39700.1	Paenirhizobium_cremeum	82.040	657	73.7374	NA	2.56e-175	608
DEJU-36-Ro|nifH|consensus50|strict_single_dominant	nifH|Bradyrhizobium_sp._PUT101|XYX37671.1	Bradyrhizobium_sp._PUT101	96.216	370	41.8079	NA	9.22e-175	606
DEJU-37-No|nifH|consensus50|strict_single_dominant	nifH|Mesorhizobium_sp._AaZ16|XIK06011.1	Mesorhizobium_sp._AaZ16	87.845	798	89.2617	NA	0.0	937
DEJU-38-No|nifH|consensus50|strict_single_dominant	nifH|Bradyrhizobium_sp._PUT101|XYX37671.1	Bradyrhizobium_sp._PUT101	90.515	369	41.6949	NA	3.48e-139	488
DEJU-39-No|nifH|consensus50|strict_single_dominant	nifH|Mesorhizobium_sp._WSM4083|XXN81638.1	Mesorhizobium_sp._WSM4083	85.417	816	91.2752	NA	0.0	857
DEJU-39-Rh|nifH|consensus50|strict_single_dominant	nifH|Bradyrhizobium_sp._PUT101|XYX37671.1	Bradyrhizobium_sp._PUT101	96.396	333	37.6271	NA	1.58e-157	549
DEJU-40-No|nifH|consensus50|strict_single_dominant	nifH|Mesorhizobium_sp._WSM4083|XXN81638.1	Mesorhizobium_sp._WSM4083	84.063	822	91.9463	NA	0.0	822
DEJU-4-1-Ro|nifH|consensus50|strict_single_dominant	nifH|Bradyrhizobium_sp._PUT101|XYX37671.1	Bradyrhizobium_sp._PUT101	92.582	364	41.1299	NA	9.55e-150	523
DEJU-4-2-No|nifH|consensus50|strict_single_dominant	nifH|Methylobacterium_sp._CB376|WFT77218.1	Methylobacterium_sp._CB376	86.486	555	61.6667	NA	7.13e-176	610
DEJU-42-No|nifH|consensus50|strict_single_dominant	nifH|Mesorhizobium_sp._AaZ16|XIK06011.1	Mesorhizobium_sp._AaZ16	88.603	816	91.2752	NA	0.0	992
DEJU-43-No|nifH|consensus50|strict_single_dominant	nifH|Mesorhizobium_sp._AaZ16|XIK06011.1	Mesorhizobium_sp._AaZ16	88.122	623	69.6868	NA	0.0	741
DEJU-44-Rh|nifH|consensus50|strict_single_dominant	nifH|Bradyrhizobium_sp._PUT101|XYX37671.1	Bradyrhizobium_sp._PUT101	91.622	370	41.8079	NA	2.07e-146	512
DEJU-45-1-No|nifH|consensus50|strict_single_dominant	nifH|Bradyrhizobium_sp._PUT101|XYX37671.1	Bradyrhizobium_sp._PUT101	86.697	654	73.8983	NA	0.0	725
DEJU-46-Ro|nifH|consensus50|strict_single_dominant	nifH|Mesorhizobium_sp._AaZ16|XIK06011.1	Mesorhizobium_sp._AaZ16	88.235	816	91.2752	NA	0.0	976
DEJU-47-Ro|nifH|consensus50|strict_single_dominant	nifH|Bradyrhizobium_sp._PUT101|XYX37671.1	Bradyrhizobium_sp._PUT101	91.081	370	41.8079	NA	4.48e-143	501
DEJU-48-Rh|nifH|consensus50|strict_single_dominant	nifH|Bradyrhizobium_sp._PUT101|XYX37671.1	Bradyrhizobium_sp._PUT101	96.623	385	43.5028	NA	0.0	640
DEJU-51-1-Ro|nifH|consensus50|strict_single_dominant	nifH|Mesorhizobium_sp._WSM4083|XXN81638.1	Mesorhizobium_sp._WSM4083	90.816	490	54.8098	NA	0.0	656
DEJU-52-1-Ro|nifH|consensus50|strict_single_dominant	nifH|Bradyrhizobium_sp._PUT101|XYX37671.1	Bradyrhizobium_sp._PUT101	96.997	333	37.6271	NA	7.28e-161	560
DEJU-54-No|nifH|consensus50|strict_single_dominant	nifH|Mesorhizobium_sp._AaZ16|XIK06011.1	Mesorhizobium_sp._AaZ16	84.587	824	92.17	NA	0.0	852
DEJU-54-Ro|nifH|consensus50|strict_single_dominant	nifH|Microvirga_sp._RSM25|XKE00370.1	Microvirga_sp._RSM25	92.902	789	88.255	NA	0.0	1147
DEJU-58-No|nifH|consensus50|strict_single_dominant	nifH|Bradyrhizobium_sp._PUT101|XYX37671.1	Bradyrhizobium_sp._PUT101	96.335	382	43.1638	NA	0.0	628
DEJU-58-Rh|nifH|consensus50|strict_single_dominant	nifH|Bradyrhizobium_sp._PUT101|XYX37671.1	Bradyrhizobium_sp._PUT101	89.498	657	74.2373	NA	0.0	828
DEJU-58-Ro|nifH|consensus50|strict_single_dominant	nifH|Bradyrhizobium_sp._PUT101|XYX37671.1	Bradyrhizobium_sp._PUT101	95.616	365	41.2429	NA	1.20e-168	586
DEJU-60-No|nifH|consensus50|strict_single_dominant	nifH|Bradyrhizobium_sp._PUT101|XYX37671.1	Bradyrhizobium_sp._PUT101	88.000	575	64.9718	NA	0.0	678
DEJU-60-Rh|nifH|consensus50|strict_single_dominant	nifH|Sinorhizobium_meliloti_(Rhizobium_meliloti)|XEM16083.1	Sinorhizobium_meliloti_(Rhizobium_meliloti)	87.286	700	78.2998	NA	0.0	800
DEJU-6-1-Ro|nifH|consensus50|strict_single_dominant	nifH|Bradyrhizobium_sp._PUT101|XYX37671.1	Bradyrhizobium_sp._PUT101	89.445	559	63.1638	NA	0.0	706
DEJU-62-1-No|nifH|consensus50|strict_single_dominant	nifH|Mesorhizobium_sp._AaZ16|XIK06011.1	Mesorhizobium_sp._AaZ16	89.744	819	91.6107	NA	0.0	1048
DEJU-8-1-Rh|nifH|consensus50|strict_single_dominant	nifH|Microvirga_sp._KLBC_81|PVE21514.1	Microvirga_sp._KLBC_81	85.135	814	91.0515	NA	0.0	874
DEJU-9-1-No|nifH|consensus50|strict_single_dominant	nifH|Microvirga_lotononidis|WQO30062.1	Microvirga_lotononidis	90.400	625	69.9105	NA	0.0	821
DELA-12-2-Rh|nifH|consensus50|strict_single_dominant	nifH|Mesorhizobium_sp._AaZ16|XIK06011.1	Mesorhizobium_sp._AaZ16	93.705	699	78.1879	NA	0.0	1048
DELA-1-3-No|nifH|consensus50|strict_single_dominant	nifH|Rhizobium_binae|XXB05130.1	Rhizobium_binae	93.674	822	91.9463	NA	0.0	1230
DELA-1-3-Rh|nifH|consensus50|strict_single_dominant	nifH|Rhizobium_binae|XXB05130.1	Rhizobium_binae	93.584	826	92.3937	NA	0.0	1230
DELA-21-1-No|nifH|consensus50|strict_single_dominant	nifH|Bradyrhizobium_ottawaense|XZF72199.1	Bradyrhizobium_ottawaense	90.388	645	72.8814	NA	0.0	841
DELA-2-2-No|nifH|consensus50|strict_single_dominant	nifH|Mesorhizobium_sp._AaZ16|XIK06011.1	Mesorhizobium_sp._AaZ16	90.369	623	69.6868	NA	0.0	819
DELA-25-2-No|nifH|consensus50|strict_single_dominant	nifH|Bradyrhizobium_ottawaense|XZF72199.1	Bradyrhizobium_ottawaense	88.889	558	63.0508	NA	0.0	754
DELA-26-3-Ro|nifH|consensus50|strict_single_dominant	nifH|Mesorhizobium_sp._AaZ16|XIK06011.1	Mesorhizobium_sp._AaZ16	91.087	819	91.6107	NA	0.0	1109
DELA-27-3-No|nifH|consensus50|strict_single_dominant	nifH|Mesorhizobium_sp._AaZ16|XIK06011.1	Mesorhizobium_sp._AaZ16	90.998	822	91.9463	NA	0.0	1109
DELA-28-No|nifH|consensus50|strict_single_dominant	nifH|Rhizobium_binae|XXB05130.1	Rhizobium_binae	86.506	830	92.8412	NA	0.0	913
DELA-32-1-No|nifH|consensus50|strict_single_dominant	nifH|Mesorhizobium_sp._AaZ16|XIK06011.1	Mesorhizobium_sp._AaZ16	92.659	831	92.953	NA	0.0	1195
DELA-32-1-Rh|nifH|consensus50|strict_single_dominant	nifH|Mesorhizobium_sp._WSM4083|XXN81638.1	Mesorhizobium_sp._WSM4083	90.476	525	58.7248	NA	0.0	691
DELA-33-1-No|nifH|consensus50|strict_single_dominant	nifH|Bradyrhizobium_ottawaense|XZF72199.1	Bradyrhizobium_ottawaense	87.392	579	65.4237	NA	0.0	706
DELA-4-1-No|nifH|consensus50|strict_single_dominant	nifH|Bradyrhizobium_sp._PUT101|XYX37671.1	Bradyrhizobium_sp._PUT101	82.630	829	93.6723	NA	0.0	778
DELA-4-1-Rh|nifH|consensus50|strict_single_dominant	nifH|Bradyrhizobium_sp._PUT101|XYX37671.1	Bradyrhizobium_sp._PUT101	95.946	370	41.8079	NA	3.32e-174	604
DELA-5-1-Rh|nifH|consensus50|strict_single_dominant	nifH|Bradyrhizobium_sp._PUT101|XYX37671.1	Bradyrhizobium_sp._PUT101	90.517	464	52.4294	NA	0.0	651
DELA-6-3-No|nifH|consensus50|strict_single_dominant	nifH|Bradyrhizobium_sp._BLXBL-03|XYL59930.1	Bradyrhizobium_sp._BLXBL-03	85.653	697	75.1888	NA	0.0	728
DELA-7-3-No|nifH|consensus50|strict_single_dominant	nifH|Mesorhizobium_caraganae|CAN7239890.1	Mesorhizobium_caraganae	86.375	822	91.9463	NA	0.0	898
DELA-8-2-No|nifH|consensus50|strict_single_dominant	nifH|Bradyrhizobium_ottawaense|XZF72199.1	Bradyrhizobium_ottawaense	94.022	368	41.5819	NA	2.62e-160	558
DELA-8-2-Rh|nifH|consensus50|strict_single_dominant	nifH|Microvirga_sp._RSM25|XKE00370.1	Microvirga_sp._RSM25	88.109	698	78.0761	NA	0.0	839
DELA-9-1-No|nifH|consensus50|strict_single_dominant	nifH|Mesorhizobium_sp._AaZ16|XIK06011.1	Mesorhizobium_sp._AaZ16	89.186	823	92.0582	NA	0.0	1050
DSNY-101-1-No|nifH|consensus50|strict_single_dominant	nifH|Bradyrhizobium_sp._PMVTL-01|XYL30502.1	Bradyrhizobium_sp._PMVTL-01	85.560	831	93.8983	NA	0.0	917
DSNY-10-3-No|nifH|consensus50|strict_single_dominant	nifH|Mesorhizobium_sp._AaZ16|XIK06011.1	Mesorhizobium_sp._AaZ16	89.229	817	91.387	NA	0.0	1020
DSNY-10-3-Rh|nifH|consensus50|strict_single_dominant	nifH|Microvirga_sp._KLBC_81|PVE21514.1	Microvirga_sp._KLBC_81	89.962	797	89.1499	NA	0.0	1026
DSNY-10-3-Ro|nifH|consensus50|strict_single_dominant	nifH|Mesorhizobium_sp._WSM4083|XXN81638.1	Mesorhizobium_sp._WSM4083	90.468	577	64.5414	NA	0.0	760
DSNY-11-3-Ro|nifH|consensus50|strict_single_dominant	nifH|Mesorhizobium_sp._AaZ16|XIK06011.1	Mesorhizobium_sp._AaZ16	93.141	729	81.5436	NA	0.0	1070
DSNY-15-1-Rh|nifH|consensus50|strict_single_dominant	nifH|Microvirga_lotononidis|WQO30062.1	Microvirga_lotononidis	90.511	822	91.9463	NA	0.0	1086
DSNY-2-1-Rh|nifH|consensus50|strict_single_dominant	nifH|Mesorhizobium_sp._AaZ16|XIK06011.1	Mesorhizobium_sp._AaZ16	92.892	816	91.2752	NA	0.0	1186
DSNY-22-3-Ro|nifH|consensus50|strict_single_dominant	nifH|Bradyrhizobium_sp._PUT101|XYX37671.1	Bradyrhizobium_sp._PUT101	88.644	634	71.6384	NA	0.0	793
DSNY-24-1-No|nifH|consensus50|strict_single_dominant	nifH|Bradyrhizobium_sp._SPXBL-03|XYL85905.1	Bradyrhizobium_sp._SPXBL-03	85.855	509	57.5141	NA	1.20e-168	586
DSNY-25-1-No|nifH|consensus50|strict_single_dominant	nifH|Bradyrhizobium_ottawaense|XZF72199.1	Bradyrhizobium_ottawaense	91.003	389	43.9548	NA	2.66e-150	525
DSNY-26-1-No|nifH|consensus50|strict_single_dominant	nifH|Bradyrhizobium_sp._SPXBL-03|XYL85905.1	Bradyrhizobium_sp._SPXBL-03	86.928	459	51.8644	NA	1.58e-157	549
DSNY-27-1-Rh|nifH|consensus50|strict_single_dominant	nifH|Bradyrhizobium_sp._PUT101|XYX37671.1	Bradyrhizobium_sp._PUT101	95.355	366	41.3559	NA	1.55e-167	582
DSNY-27-1-Ro|nifH|consensus50|strict_single_dominant	nifH|Bradyrhizobium_sp._PUT101|XYX37671.1	Bradyrhizobium_sp._PUT101	93.768	353	39.887	NA	5.71e-152	531
DSNY-28-1-Rh|nifH|consensus50|strict_single_dominant	nifH|Bradyrhizobium_sp._PUT101|XYX37671.1	Bradyrhizobium_sp._PUT101	94.459	379	42.8249	NA	4.32e-168	584
DSNY-28-1-Ro|nifH|consensus50|strict_single_dominant	nifH|Microvirga_lotononidis|WQO30062.1	Microvirga_lotononidis	88.321	822	91.9463	NA	0.0	987
DSNY-30-1-No|nifH|consensus50|strict_single_dominant	nifH|Microvirga_lotononidis|WQO30062.1	Microvirga_lotononidis	87.546	819	91.6107	NA	0.0	948
DSNY-30-1-Rh|nifH|consensus50|strict_single_dominant	nifH|Bradyrhizobium_sp._PUT101|XYX37671.1	Bradyrhizobium_sp._PUT101	88.504	635	71.7514	NA	0.0	793
DSNY-31-1-No|nifH|consensus50|strict_single_dominant	nifH|Rhizobium_azibense|CAO4004957.1	Rhizobium_azibense	87.455	829	92.7293	NA	0.0	952
DSNY-3-1-Rh|nifH|consensus50|strict_single_dominant	nifH|Mesorhizobium_sp._AaZ16|XIK06011.1	Mesorhizobium_sp._AaZ16	92.249	787	88.0313	NA	0.0	1116
DSNY-40-2-Rh|nifH|consensus50|strict_single_dominant	nifH|Bradyrhizobium_sp._PUT101|XYX37671.1	Bradyrhizobium_sp._PUT101	90.497	463	52.3164	NA	0.0	647
DSNY-44-1-No|nifH|consensus50|strict_single_dominant	nifH|Burkholderia_vietnamiensis|KVE58540.1	Burkholderia_vietnamiensis	84.930	856	97.0522	NA	0.0	907
DSNY-44-1-Rh|nifH|consensus50|strict_single_dominant	nifH|Bradyrhizobium_sp._PUT101|XYX37671.1	Bradyrhizobium_sp._PUT101	95.929	393	44.4068	NA	0.0	638
DSNY-49-2-No|nifH|consensus50|strict_single_dominant	nifH|Bradyrhizobium_sp._SPXBL-03|XYL85905.1	Bradyrhizobium_sp._SPXBL-03	84.169	638	72.0904	NA	0.0	699
DSNY-50-1-Ro|nifH|consensus50|strict_single_dominant	nifH|Bradyrhizobium_sp._PUT101|XYX37671.1	Bradyrhizobium_sp._PUT101	87.304	575	64.9718	NA	0.0	734
DSNY-53-1-No|nifH|consensus50|strict_single_dominant	nifH|Bradyrhizobium_sp._PUT101|XYX37671.1	Bradyrhizobium_sp._PUT101	93.005	386	43.6158	NA	5.63e-162	564
DSNY-53-1-Ro|nifH|consensus50|strict_single_dominant	nifH|Bradyrhizobium_sp._PUT101|XYX37671.1	Bradyrhizobium_sp._PUT101	94.022	368	41.5819	NA	2.62e-160	558
DSNY-54-1-No|nifH|consensus50|strict_single_dominant	nifH|Bradyrhizobium_ottawaense|XZF72199.1	Bradyrhizobium_ottawaense	87.228	689	77.8531	NA	0.0	782
DSNY-54-1-Rh|nifH|consensus50|strict_single_dominant	nifH|Bradyrhizobium_sp._PUT101|XYX37671.1	Bradyrhizobium_sp._PUT101	92.391	460	51.9774	NA	0.0	656
DSNY-56-1-No|nifH|consensus50|strict_single_dominant	nifH|Bradyrhizobium_sp._PUT101|XYX37671.1	Bradyrhizobium_sp._PUT101	89.939	656	74.1243	NA	0.0	865
DSNY-56-1-Rh|nifH|consensus50|strict_single_dominant	nifH|Bradyrhizobium_sp._PUT101|XYX37671.1	Bradyrhizobium_sp._PUT101	95.584	385	43.5028	NA	4.26e-178	617
DSNY-57-1-Rh|nifH|consensus50|strict_single_dominant	nifH|Mesorhizobium_sp._WSM4083|XXN81638.1	Mesorhizobium_sp._WSM4083	88.620	826	92.3937	NA	0.0	1003
DSNY-57-No|nifH|consensus50|strict_single_dominant	nifH|Bradyrhizobium_sp._PUT101|XYX37671.1	Bradyrhizobium_sp._PUT101	91.284	654	73.8983	NA	0.0	891
DSNY-59-Ro|nifH|consensus50|strict_single_dominant	nifH|Azorhizobium_oxalatiphilum|GGF67226.1	Azorhizobium_oxalatiphilum	89.634	656	74.1243	NA	0.0	846
DSNY-61-4-Rh|nifH|consensus50|strict_single_dominant	nifH|Mesorhizobium_sp._AaZ16|XIK06011.1	Mesorhizobium_sp._AaZ16	88.645	819	91.6107	NA	0.0	998
DSNY-6-2-No|nifH|consensus50|strict_single_dominant	nifH|Frankia_sp._AcoPraII.1|CAI5943485.1	Frankia_sp._AcoPraII.1	87.226	548	63.4259	NA	0.0	656
DSNY-66-1-No|nifH|consensus50|strict_single_dominant	nifH|Mesorhizobium_sp._AaZ16|XIK06011.1	Mesorhizobium_sp._AaZ16	87.621	824	92.17	NA	0.0	953
DSNY-71-1-Rh|nifH|consensus50|strict_single_dominant	nifH|Bradyrhizobium_sp._PUT101|XYX37671.1	Bradyrhizobium_sp._PUT101	91.164	464	52.4294	NA	0.0	665
DSNY-74-1-No|nifH|consensus50|strict_single_dominant	nifH|Azorhizobium_oxalatiphilum|GGF67226.1	Azorhizobium_oxalatiphilum	83.589	847	95.7062	NA	0.0	891
DSNY-77-3-Rh|nifH|consensus50|strict_single_dominant	nifH|Bradyrhizobium_sp._PUT101|XYX37671.1	Bradyrhizobium_sp._PUT101	94.517	383	43.2768	NA	2.58e-170	592
DSNY-78-1-Rh|nifH|consensus50|strict_single_dominant	nifH|Bradyrhizobium_sp._PUT101|XYX37671.1	Bradyrhizobium_sp._PUT101	95.628	366	41.3559	NA	3.34e-169	588
DSNY-81-1-No|nifH|consensus50|strict_single_dominant	nifH|Bradyrhizobium_sp._PUT101|XYX37671.1	Bradyrhizobium_sp._PUT101	83.715	829	93.6723	NA	0.0	880
DSNY-83-1-Rh|nifH|consensus50|strict_single_dominant	nifH|Bradyrhizobium_sp._PUT101|XYX37671.1	Bradyrhizobium_sp._PUT101	87.590	830	93.7853	NA	0.0	961
DSNY-83-2-Rh|nifH|consensus50|strict_single_dominant	nifH|Microvirga_lotononidis|WQO30062.1	Microvirga_lotononidis	84.812	823	92.0582	NA	0.0	872
DSNY-83-5-Ro|nifH|consensus50|strict_single_dominant	nifH|Bradyrhizobium_sp._PUT101|XYX37671.1	Bradyrhizobium_sp._PUT101	88.737	657	74.2373	NA	0.0	845
DSNY-84-2-Ro|nifH|consensus50|strict_single_dominant	nifH|Ensifer_canadensis|UBI79453.1	Ensifer_canadensis	88.525	671	75.0559	NA	0.0	813
DSNY-86-1-Rh|nifH|consensus50|strict_single_dominant	nifH|Bradyrhizobium_sp._PUT101|XYX37671.1	Bradyrhizobium_sp._PUT101	93.169	527	59.548	NA	0.0	774
DSNY-88-1-No|nifH|consensus50|strict_single_dominant	nifH|Microvirga_lotononidis|WQO30062.1	Microvirga_lotononidis	91.016	512	57.2707	NA	0.0	691
DSNY-88-1-Rh|nifH|consensus50|strict_single_dominant	nifH|Microvirga_sp._RSM25|XKE00370.1	Microvirga_sp._RSM25	88.486	799	89.3736	NA	0.0	968
DSNY-89-No|nifH|consensus50|strict_single_dominant	nifH|Bradyrhizobium_sp._SPXBL-03|XYL85905.1	Bradyrhizobium_sp._SPXBL-03	97.561	369	41.6949	NA	0.0	632
DSNY-90-No|nifH|consensus50|strict_single_dominant	nifH|Microvirga_lotononidis|WQO30062.1	Microvirga_lotononidis	87.879	627	70.1342	NA	0.0	737
DSNY-90-Rh|nifH|consensus50|strict_single_dominant	nifH|Microvirga_lotononidis|WQO30062.1	Microvirga_lotononidis	89.263	624	69.7987	NA	0.0	782
DSNY-92-1-No|nifH|consensus50|strict_single_dominant	nifH|Burkholderia_vietnamiensis|KVE77649.1	Burkholderia_vietnamiensis	86.372	565	64.059	NA	0.0	664
DSNY-92-1-Ro|nifH|consensus50|strict_single_dominant	nifH|Bradyrhizobium_sp._PUT101|XYX37671.1	Bradyrhizobium_sp._PUT101	89.193	657	74.2373	NA	0.0	817
DSNY-96-2-Ro|nifH|consensus50|strict_single_dominant	nifH|Microvirga_sp._RSM25|XKE00370.1	Microvirga_sp._RSM25	88.525	671	75.0559	NA	0.0	813
DSNY-98-4-Rh|nifH|consensus50|strict_single_dominant	nifH|Bradyrhizobium_sp._PUT101|XYX37671.1	Bradyrhizobium_sp._PUT101	86.517	623	70.3955	NA	0.0	736
DSNY-98-4-Ro|nifH|consensus50|strict_single_dominant	nifH|Bradyrhizobium_sp._PUT101|XYX37671.1	Bradyrhizobium_sp._PUT101	94.795	365	41.2429	NA	1.21e-163	569
DSNY-99-Rh|nifH|consensus50|strict_single_dominant	nifH|Azorhizobium_oxalatiphilum|GGF67226.1	Azorhizobium_oxalatiphilum	91.192	386	43.6158	NA	2.66e-150	525
DSNY-CLFR-60-No|nifH|consensus50|strict_single_dominant	nifH|Mesorhizobium_sp._WSM4083|XXN81638.1	Mesorhizobium_sp._WSM4083	86.438	612	68.4564	NA	0.0	712
DSNY-CLFR-60-Rh|nifH|consensus50|strict_single_dominant	nifH|Mesorhizobium_sp._AaZ16|XIK06011.1	Mesorhizobium_sp._AaZ16	87.623	816	91.2752	NA	0.0	983
DSNY-CRMA-35-1-No|nifH|consensus50|strict_single_dominant	nifH|Bradyrhizobium_sp._PUT101|XYX37671.1	Bradyrhizobium_sp._PUT101	84.940	830	93.7853	NA	0.0	841
DSNY-GARE-35-1-Rh|nifH|consensus50|strict_single_dominant	nifH|Bradyrhizobium_sp._PUT101|XYX37671.1	Bradyrhizobium_sp._PUT101	88.072	830	93.7853	NA	0.0	983
DSNY-SEHE-60-No|nifH|consensus50|strict_single_dominant	nifH|Rhizobium_binae|XXB05130.1	Rhizobium_binae	93.674	822	91.9463	NA	0.0	1230
GRSM-1-No|nifH|consensus50|strict_single_dominant	nifH|Mesorhizobium_caraganae|CAN7239890.1	Mesorhizobium_caraganae	86.357	689	77.0694	NA	0.0	752
GRSM-3-No|nifH|consensus50|strict_single_dominant	nifH|Bradyrhizobium_ottawaense|XZF72199.1	Bradyrhizobium_ottawaense	94.022	368	41.5819	NA	2.62e-160	558
GRSM-3-Rh|nifH|consensus50|strict_single_dominant	nifH|Bradyrhizobium_ottawaense|XZF72199.1	Bradyrhizobium_ottawaense	94.022	368	41.5819	NA	2.62e-160	558
GRSM-4-2-Rh|nifH|consensus50|strict_single_dominant	nifH|Bradyrhizobium_sp._Pa8|YAD91743.1	Bradyrhizobium_sp._Pa8	86.072	359	40.2918	NA	1.31e-108	387
GRSM-4-2-Ro|nifH|consensus50|strict_single_dominant	nifH|Sinorhizobium_meliloti_(Rhizobium_meliloti)|XEM16083.1	Sinorhizobium_meliloti_(Rhizobium_meliloti)	87.268	699	78.1879	NA	0.0	797
GUAN-10-Rh|nifH|consensus50|strict_single_dominant	nifH|Microvirga_lotononidis|WQO30062.1	Microvirga_lotononidis	90.461	629	70.3579	NA	0.0	830
GUAN-10-Ro|nifH|consensus50|strict_single_dominant	nifH|Microvirga_lotononidis|WQO30062.1	Microvirga_lotononidis	89.760	625	69.9105	NA	0.0	798
GUAN-2-Rh|nifH|consensus50|strict_single_dominant	nifH|Microvirga_lotononidis|WQO30062.1	Microvirga_lotononidis	87.912	819	91.6107	NA	0.0	965
GUAN-3-No|nifH|consensus50|strict_single_dominant	nifH|Bradyrhizobium_sp._PUT101|XYX37671.1	Bradyrhizobium_sp._PUT101	85.525	829	93.6723	NA	0.0	909
GUAN-3-Ro|nifH|consensus50|strict_single_dominant	nifH|Bradyrhizobium_sp._PUT101|XYX37671.1	Bradyrhizobium_sp._PUT101	86.120	634	71.6384	NA	0.0	710
GUAN-4-No|nifH|consensus50|strict_single_dominant	nifH|Microvirga_sp._KLBC_81|PVE21514.1	Microvirga_sp._KLBC_81	86.044	824	92.17	NA	0.0	900
GUAN-5-No|nifH|consensus50|strict_single_dominant	nifH|Sinorhizobium_prairiense|WEJ08560.1	Sinorhizobium_prairiense	92.308	819	91.6107	NA	0.0	1164
GUAN-5-Rh|nifH|consensus50|strict_single_dominant	nifH|Bradyrhizobium_sp._PUT101|XYX37671.1	Bradyrhizobium_sp._PUT101	87.952	830	93.7853	NA	0.0	977
GUAN-7-1-Ro|nifH|consensus50|strict_single_dominant	nifH|Mesorhizobium_sp._WSM4083|XXN81638.1	Mesorhizobium_sp._WSM4083	91.186	624	69.7987	NA	0.0	848
GUAN-8-No|nifH|consensus50|strict_single_dominant	nifH|Microvirga_sp._KLBC_81|PVE21514.1	Microvirga_sp._KLBC_81	86.457	827	92.5056	NA	0.0	913
HARV-1-1-No|nifH|consensus50|strict_single_dominant	nifH|Rhizobium_azibense|CAO4004957.1	Rhizobium_azibense	87.393	817	91.387	NA	0.0	937
HARV-1-2-Ro|nifH|consensus50|strict_single_dominant	nifH|Azorhizobium_oxalatiphilum|GGF67226.1	Azorhizobium_oxalatiphilum	93.312	314	35.4802	NA	5.87e-132	464
HARV-1-3-Ro|nifH|consensus50|strict_single_dominant	nifH|Bradyrhizobium_sp._PUT101|XYX37671.1	Bradyrhizobium_sp._PUT101	96.190	315	35.5932	NA	1.60e-147	516
HARV-3-1-No|nifH|consensus50|strict_single_dominant	nifH|Bradyrhizobium_ottawaense|XZF72199.1	Bradyrhizobium_ottawaense	94.022	368	41.5819	NA	2.62e-160	558
HARV-4-1-No|nifH|consensus50|strict_single_dominant	nifH|Mesorhizobium_sp._AaZ16|XIK06011.1	Mesorhizobium_sp._AaZ16	87.296	795	88.9262	NA	0.0	909
HARV-4-1-Rh|nifH|consensus50|strict_single_dominant	nifH|Bradyrhizobium_ottawaense|XZF72199.1	Bradyrhizobium_ottawaense	92.954	369	41.6949	NA	3.41e-154	538
HEAL-2-1-Rh|nifH|consensus50|strict_single_dominant	nifH|Bradyrhizobium_sp._PUT101|XYX37671.1	Bradyrhizobium_sp._PUT101	89.787	656	74.1243	NA	0.0	839
HEAL-5-2-Ro|nifH|consensus50|strict_single_dominant	nifH|Bradyrhizobium_sp._PUT101|XYX37671.1	Bradyrhizobium_sp._PUT101	90.086	464	52.4294	NA	1.54e-172	599
HEAL-7-1-Rh|nifH|consensus50|strict_single_dominant	nifH|Bradyrhizobium_sp._PUT101|XYX37671.1	Bradyrhizobium_sp._PUT101	91.172	657	74.2373	NA	0.0	891
JERC-100-1-No|nifH|consensus50|strict_single_dominant	nifH|Mesorhizobium_sp._WSM4083|XXN81638.1	Mesorhizobium_sp._WSM4083	90.338	621	69.4631	NA	0.0	813
JERC-100-1-Ro|nifH|consensus50|strict_single_dominant	nifH|Microvirga_lotononidis|WQO30062.1	Microvirga_lotononidis	88.217	628	70.2461	NA	0.0	767
JERC-10-3-No|nifH|consensus50|strict_single_dominant	nifH|Mesorhizobium_sp._AaZ16|XIK06011.1	Mesorhizobium_sp._AaZ16	91.266	790	88.3669	NA	0.0	1077
JERC-106-1-No|nifH|consensus50|strict_single_dominant	nifH|Ensifer_canadensis|UBI79453.1	Ensifer_canadensis	86.819	698	78.0761	NA	0.0	774
JERC-107-1-No|nifH|consensus50|strict_single_dominant	nifH|Bradyrhizobium_ottawaense|XZF72199.1	Bradyrhizobium_ottawaense	90.761	368	41.5819	NA	2.69e-140	492
JERC-107-1-Ro|nifH|consensus50|strict_single_dominant	nifH|Bradyrhizobium_sp._PUT101|XYX37671.1	Bradyrhizobium_sp._PUT101	94.809	366	41.3559	NA	3.36e-164	571
JERC-109-1-No|nifH|consensus50|strict_single_dominant	nifH|Bradyrhizobium_sp._SPXBL-03|XYL85905.1	Bradyrhizobium_sp._SPXBL-03	90.028	361	40.791	NA	4.54e-133	468
JERC-110-4-No|nifH|consensus50|strict_single_dominant	nifH|Bradyrhizobium_sp._Pa8|YAD91743.1	Bradyrhizobium_sp._Pa8	83.073	703	78.9001	NA	0.0	665
JERC-111-3-Rh|nifH|consensus50|strict_single_dominant	nifH|Bradyrhizobium_sp._PUT101|XYX37671.1	Bradyrhizobium_sp._PUT101	90.641	577	65.1977	NA	0.0	800
JERC-11-1-Rh|nifH|consensus50|strict_single_dominant	nifH|Mesorhizobium_sp._AaZ16|XIK06011.1	Mesorhizobium_sp._AaZ16	90.476	819	91.6107	NA	0.0	1081
JERC-113-3-Rh|nifH|consensus50|strict_single_dominant	nifH|Burkholderia_vietnamiensis|KVE58540.1	Burkholderia_vietnamiensis	86.780	590	66.8934	NA	0.0	708
JERC-122-Rh|nifH|consensus50|strict_single_dominant	nifH|Mesorhizobium_sp._AaZ16|XIK06011.1	Mesorhizobium_sp._AaZ16	90.476	819	91.6107	NA	0.0	1140
JERC-126-4-No|nifH|consensus50|strict_single_dominant	nifH|Mesorhizobium_sp._AaZ16|XIK06011.1	Mesorhizobium_sp._AaZ16	87.985	824	92.17	NA	0.0	970
JERC-126-4-Rh|nifH|consensus50|strict_single_dominant	nifH|Bradyrhizobium_sp._PUT101|XYX37671.1	Bradyrhizobium_sp._PUT101	88.661	635	71.7514	NA	0.0	774
JERC-127-2-No|nifH|consensus50|strict_single_dominant	nifH|Mesorhizobium_sp._AaZ16|XIK06011.1	Mesorhizobium_sp._AaZ16	87.621	824	92.17	NA	0.0	953
JERC-127-2-Ro|nifH|consensus50|strict_single_dominant	nifH|Mesorhizobium_sp._AaZ16|XIK06011.1	Mesorhizobium_sp._AaZ16	89.442	824	92.17	NA	0.0	1037
JERC-128-2-No|nifH|consensus50|strict_single_dominant	nifH|Bradyrhizobium_sp._SPXBL-03|XYL85905.1	Bradyrhizobium_sp._SPXBL-03	87.905	463	52.3164	NA	2.64e-155	542
JERC-1-2-No|nifH|consensus50|strict_single_dominant	nifH|Mesorhizobium_sp._AaZ16|XIK06011.1	Mesorhizobium_sp._AaZ16	91.941	819	91.6107	NA	0.0	1147
JERC-131-No|nifH|consensus50|strict_single_dominant	nifH|Mesorhizobium_sp._AaZ16|XIK06011.1	Mesorhizobium_sp._AaZ16	91.697	819	91.6107	NA	0.0	1136
JERC-132-3-Rh|nifH|consensus50|strict_single_dominant	nifH|Bradyrhizobium_sp._PUT101|XYX37671.1	Bradyrhizobium_sp._PUT101	88.406	828	93.5593	NA	0.0	996
JERC-135-3-No|nifH|consensus50|strict_single_dominant	nifH|Sinorhizobium_meliloti_(Rhizobium_meliloti)|XEM16083.1	Sinorhizobium_meliloti_(Rhizobium_meliloti)	84.758	702	78.5235	NA	0.0	697
JERC-135-3-Rh|nifH|consensus50|strict_single_dominant	nifH|Microvirga_lotononidis|WQO30062.1	Microvirga_lotononidis	87.424	819	91.6107	NA	0.0	942
JERC-139-5-Rh|nifH|consensus50|strict_single_dominant	nifH|Sinorhizobium_meliloti_(Rhizobium_meliloti)|XEM16083.1	Sinorhizobium_meliloti_(Rhizobium_meliloti)	92.042	666	74.4966	NA	0.0	937
JERC-140-No|nifH|consensus50|strict_single_dominant	nifH|Mesorhizobium_sp._AaZ16|XIK06011.1	Mesorhizobium_sp._AaZ16	85.846	650	72.7069	NA	0.0	691
JERC-141-No|nifH|consensus50|strict_single_dominant	nifH|Mesorhizobium_sp._AaZ16|XIK06011.1	Mesorhizobium_sp._AaZ16	86.486	666	74.4966	NA	0.0	732
JERC-143-No|nifH|consensus50|strict_single_dominant	nifH|Sinorhizobium_meliloti_(Rhizobium_meliloti)|XEM16083.1	Sinorhizobium_meliloti_(Rhizobium_meliloti)	87.124	699	78.1879	NA	0.0	785
JERC-145-1-Rh|nifH|consensus50|strict_single_dominant	nifH|Microvirga_sp._KLBC_81|PVE21514.1	Microvirga_sp._KLBC_81	88.929	822	91.9463	NA	0.0	1014
JERC-14-5-Ro|nifH|consensus50|strict_single_dominant	nifH|Mesorhizobium_sp._AaZ16|XIK06011.1	Mesorhizobium_sp._AaZ16	93.125	800	89.4855	NA	0.0	1170
JERC-147-Ro|nifH|consensus50|strict_single_dominant	nifH|Microvirga_sp._RSM25|XKE00370.1	Microvirga_sp._RSM25	88.745	773	86.4653	NA	0.0	946
JERC-148-Rh|nifH|consensus50|strict_single_dominant	nifH|Sinorhizobium_meliloti_(Rhizobium_meliloti)|XEM16083.1	Sinorhizobium_meliloti_(Rhizobium_meliloti)	90.038	793	88.7025	NA	0.0	1038
JERC-148-Ro|nifH|consensus50|strict_single_dominant	nifH|Sinorhizobium_meliloti_(Rhizobium_meliloti)|XEM16083.1	Sinorhizobium_meliloti_(Rhizobium_meliloti)	87.157	802	89.7092	NA	0.0	904
JERC-150-No|nifH|consensus50|strict_single_dominant	nifH|Ensifer_canadensis|UBI79453.1	Ensifer_canadensis	85.470	702	78.5235	NA	0.0	750
JERC-155-No|nifH|consensus50|strict_single_dominant	nifH|Mesorhizobium_sp._AaZ16|XIK06011.1	Mesorhizobium_sp._AaZ16	88.443	822	91.9463	NA	0.0	992
JERC-155-Rh|nifH|consensus50|strict_single_dominant	nifH|Bradyrhizobium_sp._PUT101|XYX37671.1	Bradyrhizobium_sp._PUT101	87.981	832	94.0113	NA	0.0	977
JERC-157-2-No|nifH|consensus50|strict_single_dominant	nifH|Bradyrhizobium_sp._SPXBL-03|XYL85905.1	Bradyrhizobium_sp._SPXBL-03	86.451	834	94.2373	NA	0.0	935
JERC-159-2-No|nifH|consensus50|strict_single_dominant	nifH|Mesorhizobium_sp._WSM4083|XXN81638.1	Mesorhizobium_sp._WSM4083	91.440	514	57.4944	NA	0.0	706
JERC-160-Rh|nifH|consensus50|strict_single_dominant	nifH|Mesorhizobium_sp._WSM4083|XXN81638.1	Mesorhizobium_sp._WSM4083	86.829	820	91.7226	NA	0.0	942
JERC-160-Ro|nifH|consensus50|strict_single_dominant	nifH|Neorhizobium_alkalisoli|ACF98259.1	Neorhizobium_alkalisoli	90.947	718	99.0345	NA	0.0	965
JERC-161-Rh|nifH|consensus50|strict_single_dominant	nifH|Mesorhizobium_sp._AaZ16|XIK06011.1	Mesorhizobium_sp._AaZ16	86.253	822	91.9463	NA	0.0	935
JERC-16-2-No|nifH|consensus50|strict_single_dominant	nifH|Microvirga_lotononidis|WQO30062.1	Microvirga_lotononidis	91.731	774	86.5772	NA	0.0	1075
JERC-16-2-Ro|nifH|consensus50|strict_single_dominant	nifH|Mesorhizobium_sp._AaZ16|XIK06011.1	Mesorhizobium_sp._AaZ16	92.647	816	91.2752	NA	0.0	1175
JERC-162-Ro|nifH|consensus50|strict_single_dominant	nifH|Mesorhizobium_sp._AaZ16|XIK06011.1	Mesorhizobium_sp._AaZ16	89.189	629	70.3579	NA	0.0	800
JERC-163-No|nifH|consensus50|strict_single_dominant	nifH|Bradyrhizobium_ottawaense|XZF72199.1	Bradyrhizobium_ottawaense	90.489	368	41.5819	NA	1.25e-138	486
JERC-163-Ro|nifH|consensus50|strict_single_dominant	nifH|Bradyrhizobium_sp._PUT101|XYX37671.1	Bradyrhizobium_sp._PUT101	92.201	577	65.1977	NA	0.0	817
JERC-164-Rh|nifH|consensus50|strict_single_dominant	nifH|Bradyrhizobium_ottawaense|XZF72199.1	Bradyrhizobium_ottawaense	87.013	462	52.2034	NA	9.42e-160	556
JERC-169-Rh|nifH|consensus50|strict_single_dominant	nifH|Mesorhizobium_sp._AaZ16|XIK06011.1	Mesorhizobium_sp._AaZ16	87.912	819	91.6107	NA	0.0	965
JERC-170-No|nifH|consensus50|strict_single_dominant	nifH|Microvirga_lotononidis|WQO30062.1	Microvirga_lotononidis	86.032	630	70.4698	NA	0.0	671
JERC-170-Rh|nifH|consensus50|strict_single_dominant	nifH|Mesorhizobium_sp._WSM4083|XXN81638.1	Mesorhizobium_sp._WSM4083	90.379	634	70.9172	NA	0.0	832
JERC-171-Rh|nifH|consensus50|strict_single_dominant	nifH|Bradyrhizobium_sp._PUT101|XYX37671.1	Bradyrhizobium_sp._PUT101	84.543	634	71.6384	NA	0.0	701
JERC-172-2-Rh|nifH|consensus50|strict_single_dominant	nifH|Bradyrhizobium_sp._PUT101|XYX37671.1	Bradyrhizobium_sp._PUT101	88.327	831	93.8983	NA	0.0	994
JERC-172-2-Ro|nifH|consensus50|strict_single_dominant	nifH|Mesorhizobium_sp._AaZ16|XIK06011.1	Mesorhizobium_sp._AaZ16	84.531	821	91.8345	NA	0.0	832
JERC-173-1-No|nifH|consensus50|strict_single_dominant	nifH|Bradyrhizobium_sp._SPXBL-03|XYL85905.1	Bradyrhizobium_sp._SPXBL-03	82.399	642	72.5424	NA	0.0	664
JERC-175-1-Ro|nifH|consensus50|strict_single_dominant	nifH|Bradyrhizobium_sp._PUT101|XYX37671.1	Bradyrhizobium_sp._PUT101	91.292	356	40.226	NA	1.25e-138	486
JERC-176-5-Rh|nifH|consensus50|strict_single_dominant	nifH|Bradyrhizobium_sp._PUT101|XYX37671.1	Bradyrhizobium_sp._PUT101	95.405	370	41.8079	NA	9.29e-170	590
JERC-177-Ro|nifH|consensus50|strict_single_dominant	nifH|Bradyrhizobium_sp._PUT101|XYX37671.1	Bradyrhizobium_sp._PUT101	88.582	832	94.0113	NA	0.0	1005
JERC-178-2-No|nifH|consensus50|strict_single_dominant	nifH|Mesorhizobium_sp._AaZ16|XIK06011.1	Mesorhizobium_sp._AaZ16	82.173	819	91.6107	NA	0.0	797
JERC-180-5-No|nifH|consensus50|strict_single_dominant	nifH|Mesorhizobium_sp._AaZ16|XIK06011.1	Mesorhizobium_sp._AaZ16	86.551	632	70.6935	NA	0.0	693
JERC-180-5-Rh|nifH|consensus50|strict_single_dominant	nifH|Bradyrhizobium_sp._PUT101|XYX37671.1	Bradyrhizobium_sp._PUT101	94.723	379	42.8249	NA	7.18e-171	593
JERC-180-5-Ro|nifH|consensus50|strict_single_dominant	nifH|Bradyrhizobium_sp._PUT101|XYX37671.1	Bradyrhizobium_sp._PUT101	91.892	370	41.8079	NA	4.44e-148	518
JERC-184-3-Rh|nifH|consensus50|strict_single_dominant	nifH|Bradyrhizobium_sp._PUT101|XYX37671.1	Bradyrhizobium_sp._PUT101	95.596	386	43.6158	NA	1.18e-178	619
JERC-185-3-Rh|nifH|consensus50|strict_single_dominant	nifH|Bradyrhizobium_sp._PUT101|XYX37671.1	Bradyrhizobium_sp._PUT101	90.295	577	65.1977	NA	0.0	804
JERC-185-3-Ro|nifH|consensus50|strict_single_dominant	nifH|Bradyrhizobium_sp._PUT101|XYX37671.1	Bradyrhizobium_sp._PUT101	96.757	370	41.8079	NA	4.26e-178	617
JERC-187-1-No|nifH|consensus50|strict_single_dominant	nifH|Bradyrhizobium_ottawaense|XZF72199.1	Bradyrhizobium_ottawaense	90.722	388	43.8418	NA	4.44e-148	518
JERC-187-1-Rh|nifH|consensus50|strict_single_dominant	nifH|Bradyrhizobium_sp._PUT101|XYX37671.1	Bradyrhizobium_sp._PUT101	95.135	370	41.8079	NA	4.32e-168	584
JERC-188-1-No|nifH|consensus50|strict_single_dominant	nifH|Bradyrhizobium_sp._PUT101|XYX37671.1	Bradyrhizobium_sp._PUT101	90.549	656	74.1243	NA	0.0	869
JERC-188-1-Rh|nifH|consensus50|strict_single_dominant	nifH|Bradyrhizobium_sp._PUT101|XYX37671.1	Bradyrhizobium_sp._PUT101	91.324	657	74.2373	NA	0.0	896
JERC-188-1-Ro|nifH|consensus50|strict_single_dominant	nifH|Bradyrhizobium_sp._PUT101|XYX37671.1	Bradyrhizobium_sp._PUT101	95.550	382	43.1638	NA	1.98e-176	612
JERC-192-1-Rh|nifH|consensus50|strict_single_dominant	nifH|Bradyrhizobium_sp._PUT101|XYX37671.1	Bradyrhizobium_sp._PUT101	90.281	463	52.3164	NA	0.0	638
JERC-195-2-No|nifH|consensus50|strict_single_dominant	nifH|Bradyrhizobium_sp._SPXBL-03|XYL85905.1	Bradyrhizobium_sp._SPXBL-03	82.915	638	72.0904	NA	0.0	680
JERC-195-2-Rh|nifH|consensus50|strict_single_dominant	nifH|Bradyrhizobium_sp._PUT101|XYX37671.1	Bradyrhizobium_sp._PUT101	95.584	385	43.5028	NA	4.26e-178	617
JERC-197-1-No|nifH|consensus50|strict_single_dominant	nifH|Mesorhizobium_sp._AaZ16|XIK06011.1	Mesorhizobium_sp._AaZ16	87.835	822	91.9463	NA	0.0	965
JERC-198-No|nifH|consensus50|strict_single_dominant	nifH|Mesorhizobium_sp._AaZ16|XIK06011.1	Mesorhizobium_sp._AaZ16	86.602	821	91.8345	NA	0.0	904
JERC-201-1-No|nifH|consensus50|strict_single_dominant	nifH|Mesorhizobium_sp._AaZ16|XIK06011.1	Mesorhizobium_sp._AaZ16	85.475	716	80.0895	NA	0.0	747
JERC-203-1-No|nifH|consensus50|strict_single_dominant	nifH|Mesorhizobium_sp._AaZ16|XIK06011.1	Mesorhizobium_sp._AaZ16	86.061	825	92.2819	NA	0.0	885
JERC-203-1-Rh|nifH|consensus50|strict_single_dominant	nifH|Burkholderia_vietnamiensis|KVE58540.1	Burkholderia_vietnamiensis	86.108	835	94.6712	NA	0.0	917
JERC-204-1-No|nifH|consensus50|strict_single_dominant	nifH|Bradyrhizobium_sp._PUT101|XYX37671.1	Bradyrhizobium_sp._PUT101	88.554	830	93.7853	NA	0.0	1005
JERC-2-1-No|nifH|consensus50|strict_single_dominant	nifH|Rhizobium_leguminosarum|XKQ44608.1	Rhizobium_leguminosarum	92.092	822	91.9463	NA	0.0	1153
JERC-23-1-No|nifH|consensus50|strict_single_dominant	nifH|Mesorhizobium_sp._AaZ16|XIK06011.1	Mesorhizobium_sp._AaZ16	88.730	701	78.4116	NA	0.0	857
JERC-23-1-Ro|nifH|consensus50|strict_single_dominant	nifH|Mesorhizobium_sp._AaZ16|XIK06011.1	Mesorhizobium_sp._AaZ16	91.331	819	91.6107	NA	0.0	1120
JERC-27-2-Rh|nifH|consensus50|strict_single_dominant	nifH|Bradyrhizobium_sp._PUT101|XYX37671.1	Bradyrhizobium_sp._PUT101	92.308	559	63.1638	NA	0.0	795
JERC-34-4-No|nifH|consensus50|strict_single_dominant	nifH|Mesorhizobium_sp._AaZ16|XIK06011.1	Mesorhizobium_sp._AaZ16	93.382	816	91.2752	NA	0.0	1208
JERC-35-1-No|nifH|consensus50|strict_single_dominant	nifH|Bradyrhizobium_sp._SPXBL-03|XYL85905.1	Bradyrhizobium_sp._SPXBL-03	85.941	505	57.0621	NA	2.01e-166	579
JERC-37-2-No|nifH|consensus50|strict_single_dominant	nifH|Sinorhizobium_fredii_(Rhizobium_fredii)|XRN48363.1	Sinorhizobium_fredii_(Rhizobium_fredii)	86.432	796	89.3378	NA	0.0	870
JERC-37-2-Ro|nifH|consensus50|strict_single_dominant	nifH|Rhizobium_binae|XXB05130.1	Rhizobium_binae	87.015	824	92.17	NA	0.0	926
JERC-39-5-No|nifH|consensus50|strict_single_dominant	nifH|Bradyrhizobium_sp._SPXBL-03|XYL85905.1	Bradyrhizobium_sp._SPXBL-03	86.068	646	72.9944	NA	0.0	695
JERC-41-2-No|nifH|consensus50|strict_single_dominant	nifH|Bradyrhizobium_sp._SPXBL-03|XYL85905.1	Bradyrhizobium_sp._SPXBL-03	84.706	510	57.6271	NA	2.02e-161	562
JERC-4-1-No|nifH|consensus50|strict_single_dominant	nifH|Rhizobium_ruizarguesonis|XIE09844.1	Rhizobium_ruizarguesonis	93.275	803	89.821	NA	0.0	1179
JERC-43-1-No|nifH|consensus50|strict_single_dominant	nifH|Rhizobium_sp._YTUHZ044|XXA98993.1	Rhizobium_sp._YTUHZ044	85.749	828	92.6174	NA	0.0	874
JERC-45-5-No|nifH|consensus50|strict_single_dominant	nifH|Rhizobium_binae|XXB05130.1	Rhizobium_binae	86.482	614	68.6801	NA	0.0	671
JERC-48-3-No|nifH|consensus50|strict_single_dominant	nifH|Bradyrhizobium_sp._PUT101|XYX37671.1	Bradyrhizobium_sp._PUT101	85.319	831	93.8983	NA	0.0	859
JERC-49-2-Ro|nifH|consensus50|strict_single_dominant	nifH|Mesorhizobium_sp._AaZ16|XIK06011.1	Mesorhizobium_sp._AaZ16	84.830	824	92.17	NA	0.0	857
JERC-50-5-No|nifH|consensus50|strict_single_dominant	nifH|Bradyrhizobium_sp._PUT101|XYX37671.1	Bradyrhizobium_sp._PUT101	84.783	828	93.5593	NA	0.0	832
JERC-53-2-Ro|nifH|consensus50|strict_single_dominant	nifH|Frankia_sp|AAC24160.1	Frankia_sp	86.777	484	87.2072	NA	1.23e-153	536
JERC-6-3-No|nifH|consensus50|strict_single_dominant	nifH|Rhizobium_ruizarguesonis|XIE09844.1	Rhizobium_ruizarguesonis	91.217	797	89.1499	NA	0.0	1079
JERC-8-1-Rh|nifH|consensus50|strict_single_dominant	nifH|Phyllobacterium_sophorae|AIX13314.1	Phyllobacterium_sophorae	87.457	582	85.8407	NA	0.0	715
JERC-8-2-No|nifH|consensus50|strict_single_dominant	nifH|Mesorhizobium_sp._AaZ16|XIK06011.1	Mesorhizobium_sp._AaZ16	92.279	803	89.821	NA	0.0	1136
JERC-88-1-No|nifH|consensus50|strict_single_dominant	nifH|Bradyrhizobium_sp._SPXBL-03|XYL85905.1	Bradyrhizobium_sp._SPXBL-03	95.902	366	41.3559	NA	7.18e-171	593
JERC-88-1-Rh|nifH|consensus50|strict_single_dominant	nifH|Mesorhizobium_sp._AaZ16|XIK06011.1	Mesorhizobium_sp._AaZ16	90.459	828	92.6174	NA	0.0	1092
JERC-89-1-Rh|nifH|consensus50|strict_single_dominant	nifH|Microvirga_lotononidis|WQO30062.1	Microvirga_lotononidis	89.978	459	51.3423	NA	7.18e-171	593
JERC-89-1-Ro|nifH|consensus50|strict_single_dominant	nifH|Mesorhizobium_sp._WSM4083|XXN81638.1	Mesorhizobium_sp._WSM4083	88.317	796	89.038	NA	0.0	953
JERC-91-1-Rh|nifH|consensus50|strict_single_dominant	nifH|Microvirga_lotononidis|WQO30062.1	Microvirga_lotononidis	86.288	722	80.7606	NA	0.0	808
JERC-92-4-No|nifH|consensus50|strict_single_dominant	nifH|Bradyrhizobium_ottawaense|XZF72199.1	Bradyrhizobium_ottawaense	90.489	368	41.5819	NA	1.25e-138	486
JERC-94-1-No|nifH|consensus50|strict_single_dominant	nifH|Neorhizobium_galegae|AIY31028.1	Neorhizobium_galegae	97.086	755	99.3421	NA	0.0	1271
JERC-96-2-No|nifH|consensus50|strict_single_dominant	nifH|Mesorhizobium_caraganae|CAN7239890.1	Mesorhizobium_caraganae	84.848	825	92.2819	NA	0.0	830
JERC-96-2-Rh|nifH|consensus50|strict_single_dominant	nifH|Bradyrhizobium_sp._PUT101|XYX37671.1	Bradyrhizobium_sp._PUT101	92.009	463	52.3164	NA	0.0	651
JERC-96-2-Ro|nifH|consensus50|strict_single_dominant	nifH|Bradyrhizobium_ottawaense|XZF72199.1	Bradyrhizobium_ottawaense	94.851	369	41.6949	NA	7.23e-166	577
JERC-98-1-Rh|nifH|consensus50|strict_single_dominant	nifH|Mesorhizobium_sp._AaZ16|XIK06011.1	Mesorhizobium_sp._AaZ16	88.034	819	91.6107	NA	0.0	1005
JERC-98-3-No|nifH|consensus50|strict_single_dominant	nifH|Mesorhizobium_sp._RIZ17|XXB69634.1	Mesorhizobium_sp._RIZ17	86.047	817	91.387	NA	0.0	876
JERC-98-3-Rh|nifH|consensus50|strict_single_dominant	nifH|Bradyrhizobium_sp._PUT101|XYX37671.1	Bradyrhizobium_sp._PUT101	95.596	386	43.6158	NA	1.18e-178	619
JERC-99-1-No|nifH|consensus50|strict_single_dominant	nifH|Bradyrhizobium_sp._SPXBL-03|XYL85905.1	Bradyrhizobium_sp._SPXBL-03	90.437	366	41.3559	NA	1.62e-137	483
JERC-99-1-Rh|nifH|consensus50|strict_single_dominant	nifH|Mesorhizobium_sp._AaZ16|XIK06011.1	Mesorhizobium_sp._AaZ16	86.447	819	91.6107	NA	0.0	944
JERC-99-1-Ro|nifH|consensus50|strict_single_dominant	nifH|Microvirga_sp._KLBC_81|PVE21514.1	Microvirga_sp._KLBC_81	92.430	819	91.6107	NA	0.0	1170
JERC-99-2-Rh|nifH|consensus50|strict_single_dominant	nifH|Bradyrhizobium_sp._PUT101|XYX37671.1	Bradyrhizobium_sp._PUT101	95.801	381	43.0508	NA	1.53e-177	616
JERC-99-3-No|nifH|consensus50|strict_single_dominant	nifH|Mesorhizobium_sp._AaZ16|XIK06011.1	Mesorhizobium_sp._AaZ16	85.871	821	91.8345	NA	0.0	894
JERC-99-3-Rh|nifH|consensus50|strict_single_dominant	nifH|Bradyrhizobium_sp._PUT101|XYX37671.1	Bradyrhizobium_sp._PUT101	88.235	561	63.3898	NA	0.0	704
JERC-AMFR-56-1-No|nifH|consensus50|strict_single_dominant	nifH|Mesorhizobium_sp._AaZ16|XIK06011.1	Mesorhizobium_sp._AaZ16	92.944	822	91.9463	NA	0.0	1197
JERC-AMFU-71-1-No|nifH|consensus50|strict_single_dominant	nifH|Mesorhizobium_sp._AaZ16|XIK06011.1	Mesorhizobium_sp._AaZ16	92.822	822	91.9463	NA	0.0	1192
JERC-CEVI-57-2-No|nifH|consensus50|strict_single_dominant	nifH|Rhizobium_binae|XXB05130.1	Rhizobium_binae	85.437	824	92.17	NA	0.0	854
JERC-CHNI-60-3-No|nifH|consensus50|strict_single_dominant	nifH|Rhizobium_binae|XXB05130.1	Rhizobium_binae	86.408	824	92.17	NA	0.0	898
JERC-CHNI-86-4-No|nifH|consensus50|strict_single_dominant	nifH|Bradyrhizobium_sp._SPXBL-03|XYL85905.1	Bradyrhizobium_sp._SPXBL-03	84.485	651	73.5593	NA	0.0	688
JERC-CLMA-73-2-Rh|nifH|consensus50|strict_single_dominant	nifH|Bradyrhizobium_sp._PUT101|XYX37671.1	Bradyrhizobium_sp._PUT101	89.325	637	71.9774	NA	0.0	800
JERC-CLMA-73-2-Ro|nifH|consensus50|strict_single_dominant	nifH|Bradyrhizobium_sp._PUT101|XYX37671.1	Bradyrhizobium_sp._PUT101	88.058	829	93.6723	NA	0.0	1011
JERC-CLMA-83-1-No|nifH|consensus50|strict_single_dominant	nifH|Bradyrhizobium_sp._PUT101|XYX37671.1	Bradyrhizobium_sp._PUT101	84.375	640	72.3164	NA	0.0	636
JERC-CRJU-86-1-No|nifH|consensus50|strict_single_dominant	nifH|Microvirga_sp._RSM25|XKE00370.1	Microvirga_sp._RSM25	87.026	817	91.387	NA	0.0	920
JERC-CRJU-86-1-Ro|nifH|consensus50|strict_single_dominant	nifH|Mesorhizobium_sp._AaZ16|XIK06011.1	Mesorhizobium_sp._AaZ16	90.074	806	90.1566	NA	0.0	1061
JERC-CRRO-64-1-Ro|nifH|consensus50|strict_single_dominant	nifH|Bradyrhizobium_sp._PUT101|XYX37671.1	Bradyrhizobium_sp._PUT101	87.786	655	74.0113	NA	0.0	848
JERC-DEFL-31-5-No|nifH|consensus50|strict_single_dominant	nifH|Rhizobium_binae|XXB05130.1	Rhizobium_binae	86.236	821	91.8345	NA	0.0	887
JERC-DEFL-75-3-No|nifH|consensus50|strict_single_dominant	nifH|Bradyrhizobium_sp._PUT101|XYX37671.1	Bradyrhizobium_sp._PUT101	86.050	638	72.0904	NA	0.0	682
JERC-RHDI-59-3-No|nifH|consensus50|strict_single_dominant	nifH|Microvirga_sp._RSM25|XKE00370.1	Microvirga_sp._RSM25	82.909	825	92.2819	NA	0.0	771
JERC-STBI-63-1-No|nifH|consensus50|strict_single_dominant	nifH|Bradyrhizobium_sp._SPXBL-03|XYL85905.1	Bradyrhizobium_sp._SPXBL-03	97.150	386	43.6158	NA	0.0	652
JORN-1-No|nifH|consensus50|strict_single_dominant	nifH|Mesorhizobium_sp._AaZ16|XIK06011.1	Mesorhizobium_sp._AaZ16	97.314	819	91.6107	NA	0.0	1391
KONA-1-1-No|nifH|consensus50|strict_single_dominant	nifH|Mesorhizobium_sp._AaZ16|XIK06011.1	Mesorhizobium_sp._AaZ16	86.480	821	91.8345	NA	0.0	898
KONZ-11-1-Rh|nifH|consensus50|strict_single_dominant	nifH|Bradyrhizobium_sp._PUT101|XYX37671.1	Bradyrhizobium_sp._PUT101	89.277	830	93.7853	NA	0.0	1038
KONZ-12-1-No|nifH|consensus50|strict_single_dominant	nifH|Rhizobium_azibense|CAO4004957.1	Rhizobium_azibense	97.087	824	92.17	NA	0.0	1387
KONZ-14-1-No|nifH|consensus50|strict_single_dominant	nifH|Burkholderia_multivorans|CAN0620951.1	Burkholderia_multivorans	83.282	652	73.9229	NA	0.0	654
KONZ-15-1-No|nifH|consensus50|strict_single_dominant	nifH|Mesorhizobium_sp._AaZ16|XIK06011.1	Mesorhizobium_sp._AaZ16	89.700	699	78.1879	NA	0.0	893
KONZ-16-1-No|nifH|consensus50|strict_single_dominant	nifH|Mesorhizobium_sp._WSM4083|XXN81544.1	Mesorhizobium_sp._WSM4083	86.809	561	62.7517	NA	0.0	627
KONZ-1-Rh|nifH|consensus50|strict_single_dominant	nifH|Sinorhizobium_meliloti_(Rhizobium_meliloti)|XEM16083.1	Sinorhizobium_meliloti_(Rhizobium_meliloti)	90.885	768	85.906	NA	0.0	1031
KONZ-2-1-No|nifH|consensus50|strict_single_dominant	nifH|Rhizobium_azibense|CAO4004957.1	Rhizobium_azibense	87.408	818	91.4989	NA	0.0	937
KONZ-6-1-No|nifH|consensus50|strict_single_dominant	nifH|Rhizobium_azibense|CAO4004957.1	Rhizobium_azibense	97.924	819	91.6107	NA	0.0	1419
KONZ-6-1-Rh|nifH|consensus50|strict_single_dominant	nifH|Microvirga_sp._KLBC_81|PVE21514.1	Microvirga_sp._KLBC_81	88.200	822	91.9463	NA	0.0	981
KONZ-9-2-No|nifH|consensus50|strict_single_dominant	nifH|Rhizobium_azibense|CAO4004957.1	Rhizobium_azibense	88.107	824	92.17	NA	0.0	976
KONZ-9-2-Rh|nifH|consensus50|strict_single_dominant	nifH|Mesorhizobium_sp._AaZ16|XIK06011.1	Mesorhizobium_sp._AaZ16	87.397	730	81.6555	NA	0.0	885
LAJA-1-1-No|nifH|consensus50|strict_single_dominant	nifH|Burkholderia_ubonensis|TPQ46028.1	Burkholderia_ubonensis	86.714	843	95.5782	NA	0.0	935
LAJA-1-1-Ro|nifH|consensus50|strict_single_dominant	nifH|Burkholderia_sp._Br3469|AAT06095.1	Burkholderia_sp._Br3469	91.882	542	82.622	NA	0.0	804
LAJA-12-1-No|nifH|consensus50|strict_single_dominant	nifH|Microvirga_sp._RSM25|XKE00370.1	Microvirga_sp._RSM25	84.592	662	74.0492	NA	0.0	686
LAJA-1-2-No|nifH|consensus50|strict_single_dominant	nifH|Burkholderia_sp._Br3469|AAT06095.1	Burkholderia_sp._Br3469	89.606	635	96.7988	NA	0.0	893
LAJA-15-1-No|nifH|consensus50|strict_single_dominant	nifH|Bradyrhizobium_sp._SPXBL-02|XYL93550.1	Bradyrhizobium_sp._SPXBL-02	87.575	837	94.5763	NA	0.0	974
LAJA-16-2-Rh|nifH|consensus50|strict_single_dominant	nifH|Microvirga_sp._KLBC_81|PVE21514.1	Microvirga_sp._KLBC_81	85.593	826	92.3937	NA	0.0	907
LAJA-21-1-Rh|nifH|consensus50|strict_single_dominant	nifH|Bradyrhizobium_sp._SPXBL-03|XYL85905.1	Bradyrhizobium_sp._SPXBL-03	91.244	651	73.5593	NA	0.0	885
LAJA-2-1-Ro|nifH|consensus50|strict_single_dominant	nifH|Burkholderia_vietnamiensis|AOJ17135.1	Burkholderia_vietnamiensis	84.479	844	95.6916	NA	0.0	874
LAJA-22-2-No|nifH|consensus50|strict_single_dominant	nifH|Rhizobium_azibense|CAO4004957.1	Rhizobium_azibense	92.918	819	91.6107	NA	0.0	1192
LAJA-3-1-No|nifH|consensus50|strict_single_dominant	nifH|Microvirga_lotononidis|WQO30062.1	Microvirga_lotononidis	85.629	835	93.4004	NA	0.0	869
LAJA-4-1-Rh|nifH|consensus50|strict_single_dominant	nifH|Mesorhizobium_sp._WSM4083|XXN81638.1	Mesorhizobium_sp._WSM4083	84.140	826	92.3937	NA	0.0	845
LAJA-6-1-Rh|nifH|consensus50|strict_single_dominant	nifH|Microvirga_sp._RSM25|XKE00370.1	Microvirga_sp._RSM25	92.336	822	91.9463	NA	0.0	1170
LENO-10-2-No|nifH|consensus50|strict_single_dominant	nifH|Mesorhizobium_sp._WSM4083|XXN81638.1	Mesorhizobium_sp._WSM4083	86.558	796	89.038	NA	0.0	876
LENO-10-2-Ro|nifH|consensus50|strict_single_dominant	nifH|Mesorhizobium_sp._AaZ16|XIK06011.1	Mesorhizobium_sp._AaZ16	93.040	819	91.6107	NA	0.0	1197
LENO-1-1-No|nifH|consensus50|strict_single_dominant	nifH|Mesorhizobium_sp._WSM4083|XXN81638.1	Mesorhizobium_sp._WSM4083	88.801	634	70.9172	NA	0.0	774
LENO-1-1-Rh|nifH|consensus50|strict_single_dominant	nifH|Bradyrhizobium_sp._PUT101|XYX37671.1	Bradyrhizobium_sp._PUT101	90.549	656	74.1243	NA	0.0	867
LENO-12-3-Rh|nifH|consensus50|strict_single_dominant	nifH|Bradyrhizobium_ottawaense|XZF72199.1	Bradyrhizobium_ottawaense	91.530	366	41.3559	NA	1.24e-143	503
LENO-12-3-Ro|nifH|consensus50|strict_single_dominant	nifH|Bradyrhizobium_sp._PUT101|XYX37671.1	Bradyrhizobium_sp._PUT101	89.757	576	65.0847	NA	0.0	736
LENO-13-2-No|nifH|consensus50|strict_single_dominant	nifH|Mesorhizobium_sp._WSM4083|XXN81638.1	Mesorhizobium_sp._WSM4083	86.408	824	92.17	NA	0.0	898
LENO-2-1-No|nifH|consensus50|strict_single_dominant	nifH|Mesorhizobium_sp._AaZ16|XIK06011.1	Mesorhizobium_sp._AaZ16	86.103	698	78.0761	NA	0.0	767
LENO-2-1-Rh|nifH|consensus50|strict_single_dominant	nifH|Bradyrhizobium_sp._PUT101|XYX37671.1	Bradyrhizobium_sp._PUT101	85.369	827	93.4463	NA	0.0	946
LENO-2-1-Ro|nifH|consensus50|strict_single_dominant	nifH|Bradyrhizobium_sp._PUT101|XYX37671.1	Bradyrhizobium_sp._PUT101	88.025	810	91.5254	NA	0.0	957
LENO-4-3-No|nifH|consensus50|strict_single_dominant	nifH|Bradyrhizobium_ottawaense|XZF72199.1	Bradyrhizobium_ottawaense	84.356	831	93.8983	NA	0.0	854
LENO-5-2-No|nifH|consensus50|strict_single_dominant	nifH|Mesorhizobium_sp._AaZ16|XIK06011.1	Mesorhizobium_sp._AaZ16	92.918	819	91.6107	NA	0.0	1192
LENO-6-1-No|nifH|consensus50|strict_single_dominant	nifH|Mesorhizobium_sp._RIZ17|XXB69634.1	Mesorhizobium_sp._RIZ17	85.558	824	92.17	NA	0.0	863
LENO-7-2-No|nifH|consensus50|strict_single_dominant	nifH|Mesorhizobium_sp._AaZ16|XIK06011.1	Mesorhizobium_sp._AaZ16	92.701	822	91.9463	NA	0.0	1186
LENO-8-3-No|nifH|consensus50|strict_single_dominant	nifH|Bradyrhizobium_ottawaense|XZF72199.1	Bradyrhizobium_ottawaense	89.875	642	72.5424	NA	0.0	819
LENO-8-3-Rh|nifH|consensus50|strict_single_dominant	nifH|Mesorhizobium_sp._WSM4083|XXN81638.1	Mesorhizobium_sp._WSM4083	91.011	534	59.7315	NA	0.0	721
LENO-8-3-Ro|nifH|consensus50|strict_single_dominant	nifH|Bradyrhizobium_sp._PUT101|XYX37671.1	Bradyrhizobium_sp._PUT101	92.026	464	52.4294	NA	0.0	652
LENO-9-2-No|nifH|consensus50|strict_single_dominant	nifH|Mesorhizobium_sp._AaZ16|XIK06011.1	Mesorhizobium_sp._AaZ16	92.918	819	91.6107	NA	0.0	1192
LENO-9-2-Rh|nifH|consensus50|strict_single_dominant	nifH|Mesorhizobium_sp._AaZ16|XIK06011.1	Mesorhizobium_sp._AaZ16	92.927	820	91.7226	NA	0.0	1192
MLBS-1-1-No|nifH|consensus50|strict_single_dominant	nifH|Microvirga_sp._KLBC_81|PVE21514.1	Microvirga_sp._KLBC_81	87.820	821	91.8345	NA	0.0	959
N34-2-D-No|nifH|consensus50|strict_single_dominant	nifH|Sinorhizobium_fredii_(Rhizobium_fredii)|XRN48363.1	Sinorhizobium_fredii_(Rhizobium_fredii)	82.070	686	76.9921	NA	0.0	634
N35-4-D-No|nifH|consensus50|strict_single_dominant	nifH|Rhizobium_binae|XXB05130.1	Rhizobium_binae	93.803	823	92.0582	NA	0.0	1236
N35-4-D-Ro|nifH|consensus50|strict_single_dominant	nifH|Rhizobium_binae|XXB05130.1	Rhizobium_binae	93.985	798	89.2617	NA	0.0	1208
N38-2-D-No|nifH|consensus50|strict_single_dominant	nifH|Bradyrhizobium_sp._PUT101|XYX37671.1	Bradyrhizobium_sp._PUT101	87.139	832	94.0113	NA	0.0	1003
N38-2-D-Rh|nifH|consensus50|strict_single_dominant	nifH|Microvirga_lotononidis|WQO30062.1	Microvirga_lotononidis	87.439	820	91.7226	NA	0.0	963
N38-2-D-Ro|nifH|consensus50|strict_single_dominant	nifH|Bradyrhizobium_sp._PUT101|XYX37671.1	Bradyrhizobium_sp._PUT101	88.715	833	94.1243	NA	0.0	1011
N39-2-D-No|nifH|consensus50|strict_single_dominant	nifH|Bradyrhizobium_ottawaense|XZF72199.1	Bradyrhizobium_ottawaense	83.673	833	94.1243	NA	0.0	830
N49-3-D-No|nifH|consensus50|strict_single_dominant	nifH|Bradyrhizobium_sp._Pa8|YAD91743.1	Bradyrhizobium_sp._Pa8	92.049	654	73.4007	NA	0.0	920
NIWO-1-No|nifH|consensus50|strict_single_dominant	nifH|Rhizobium_leguminosarum|BEJ25671.1	Rhizobium_leguminosarum	90.061	825	92.9054	NA	0.0	1068
NIWO-2-Ro|nifH|consensus50|strict_single_dominant	nifH|Bradyrhizobium_sp._SPXBL-03|XYL85905.1	Bradyrhizobium_sp._SPXBL-03	87.657	559	63.1638	NA	0.0	662
NOGP-1-1-No|nifH|consensus50|strict_single_dominant	nifH|Ensifer_canadensis|UBI79453.1	Ensifer_canadensis	96.829	820	91.7226	NA	0.0	1369
NOGP-2-1-No|nifH|consensus50|strict_single_dominant	nifH|Sinorhizobium_meliloti_(Rhizobium_meliloti)|XHY72514.1	Sinorhizobium_meliloti_(Rhizobium_meliloti)	95.504	823	92.0582	NA	0.0	1314
NOGP-2-1-Ro|nifH|consensus50|strict_single_dominant	nifH|Sinorhizobium_meliloti_(Rhizobium_meliloti)|XHY72514.1	Sinorhizobium_meliloti_(Rhizobium_meliloti)	96.476	823	92.0582	NA	0.0	1376
NOGP-3-2-No|nifH|consensus50|strict_single_dominant	nifH|Sinorhizobium_meliloti_(Rhizobium_meliloti)|XHY72514.1	Sinorhizobium_meliloti_(Rhizobium_meliloti)	96.598	823	92.0582	NA	0.0	1363
NOGP-3-2-Ro|nifH|consensus50|strict_single_dominant	nifH|Sinorhizobium_meliloti_(Rhizobium_meliloti)|XHY72514.1	Sinorhizobium_meliloti_(Rhizobium_meliloti)	96.233	823	92.0582	NA	0.0	1347
NOGP-4-1-Ro|nifH|consensus50|strict_single_dominant	nifH|Sinorhizobium_meliloti_(Rhizobium_meliloti)|XHY72514.1	Sinorhizobium_meliloti_(Rhizobium_meliloti)	96.368	826	92.3937	NA	0.0	1376
NOGP-5-2-Ro|nifH|consensus50|strict_single_dominant	nifH|Sinorhizobium_meliloti_(Rhizobium_meliloti)|XEM16083.1	Sinorhizobium_meliloti_(Rhizobium_meliloti)	97.878	801	89.5973	NA	0.0	1386
NOGP-6-3-Ro|nifH|consensus50|strict_single_dominant	nifH|Sinorhizobium_meliloti_(Rhizobium_meliloti)|XHY72514.1	Sinorhizobium_meliloti_(Rhizobium_meliloti)	96.585	820	91.7226	NA	0.0	1358
NOGP-7-2-Rh|nifH|consensus50|strict_single_dominant	nifH|Sinorhizobium_meliloti_(Rhizobium_meliloti)|XEM16083.1	Sinorhizobium_meliloti_(Rhizobium_meliloti)	89.337	694	77.6286	NA	0.0	872
OAES-10-1-No|nifH|consensus50|strict_single_dominant	nifH|Mesorhizobium_sp._AaZ16|XIK06011.1	Mesorhizobium_sp._AaZ16	94.994	819	91.6107	NA	0.0	1286
OAES-10-1-Ro|nifH|consensus50|strict_single_dominant	nifH|Mesorhizobium_sp._AaZ16|XIK06011.1	Mesorhizobium_sp._AaZ16	94.621	818	91.4989	NA	0.0	1267
OAES-11-1-No|nifH|consensus50|strict_single_dominant	nifH|Mesorhizobium_sp._AaZ16|XIK06011.1	Mesorhizobium_sp._AaZ16	96.955	821	91.8345	NA	0.0	1375
OAES-11-1-Rh|nifH|consensus50|strict_single_dominant	nifH|Mesorhizobium_sp._AaZ16|XIK06011.1	Mesorhizobium_sp._AaZ16	96.977	794	88.8143	NA	0.0	1334
OAES-1-1-No|nifH|consensus50|strict_single_dominant	nifH|Neorhizobium_alkalisoli|ACF98259.1	Neorhizobium_alkalisoli	96.676	722	99.5862	NA	0.0	1201
OAES-12-2-No|nifH|consensus50|strict_single_dominant	nifH|Mesorhizobium_sp._AaZ16|XIK06011.1	Mesorhizobium_sp._AaZ16	96.476	823	92.0582	NA	0.0	1360
OAES-12-2-Ro|nifH|consensus50|strict_single_dominant	nifH|Mesorhizobium_sp._AaZ16|XIK06011.1	Mesorhizobium_sp._AaZ16	96.833	821	91.8345	NA	0.0	1369
OAES-14-1-No|nifH|consensus50|strict_single_dominant	nifH|Sinorhizobium_meliloti_(Rhizobium_meliloti)|XHY72514.1	Sinorhizobium_meliloti_(Rhizobium_meliloti)	99.493	789	88.255	NA	0.0	1435
OAES-15-No|nifH|consensus50|strict_single_dominant	nifH|Mesorhizobium_sp._AaZ16|XIK06011.1	Mesorhizobium_sp._AaZ16	95.116	819	91.6107	NA	0.0	1291
OAES-15-Rh|nifH|consensus50|strict_single_dominant	nifH|Sinorhizobium_meliloti_(Rhizobium_meliloti)|XEM16083.1	Sinorhizobium_meliloti_(Rhizobium_meliloti)	91.299	793	88.7025	NA	0.0	1081
OAES-15-Ro|nifH|consensus50|strict_single_dominant	nifH|Mesorhizobium_sp._AaZ16|XIK06011.1	Mesorhizobium_sp._AaZ16	95.116	819	91.6107	NA	0.0	1291
OAES-16-1-No|nifH|consensus50|strict_single_dominant	nifH|Neorhizobium_alkalisoli|ACF98259.1	Neorhizobium_alkalisoli	96.953	722	99.5862	NA	0.0	1212
OAES-16-1-Rh|nifH|consensus50|strict_single_dominant	nifH|Neorhizobium_alkalisoli|ACF98259.1	Neorhizobium_alkalisoli	96.122	722	99.5862	NA	0.0	1179
OAES-16-1-Ro|nifH|consensus50|strict_single_dominant	nifH|Mesorhizobium_sp._AaZ16|XIK06011.1	Mesorhizobium_sp._AaZ16	96.064	813	90.9396	NA	0.0	1325
OAES-17-No|nifH|consensus50|strict_single_dominant	nifH|Mesorhizobium_sp._AaZ16|XIK06011.1	Mesorhizobium_sp._AaZ16	97.181	816	91.2752	NA	0.0	1380
OAES-17-Ro|nifH|consensus50|strict_single_dominant	nifH|Mesorhizobium_sp._AaZ16|XIK06011.1	Mesorhizobium_sp._AaZ16	97.742	797	89.1499	NA	0.0	1373
OAES-20-No|nifH|consensus50|strict_single_dominant	nifH|Mesorhizobium_sp._AaZ16|XIK06011.1	Mesorhizobium_sp._AaZ16	93.928	774	86.5772	NA	0.0	1170
OAES-20-Rh|nifH|consensus50|strict_single_dominant	nifH|Mesorhizobium_sp._AaZ16|XIK06011.1	Mesorhizobium_sp._AaZ16	93.852	797	89.1499	NA	0.0	1197
OAES-21-3-No|nifH|consensus50|strict_single_dominant	nifH|Mesorhizobium_sp._AaZ16|XIK06011.1	Mesorhizobium_sp._AaZ16	93.431	822	91.9463	NA	0.0	1219
OAES-21-3-Rh|nifH|consensus50|strict_single_dominant	nifH|Mesorhizobium_sp._AaZ16|XIK06011.1	Mesorhizobium_sp._AaZ16	91.195	795	88.9262	NA	0.0	1077
OAES-2-1-No|nifH|consensus50|strict_single_dominant	nifH|Sinorhizobium_meliloti_(Rhizobium_meliloti)|XHY72514.1	Sinorhizobium_meliloti_(Rhizobium_meliloti)	98.365	795	88.9262	NA	0.0	1399
OAES-2-1-Ro|nifH|consensus50|strict_single_dominant	nifH|Sinorhizobium_meliloti_(Rhizobium_meliloti)|XHY72514.1	Sinorhizobium_meliloti_(Rhizobium_meliloti)	96.959	822	91.9463	NA	0.0	1378
OAES-22-1-No|nifH|consensus50|strict_single_dominant	nifH|Sinorhizobium_meliloti_(Rhizobium_meliloti)|XEM16083.1	Sinorhizobium_meliloti_(Rhizobium_meliloti)	98.164	817	91.387	NA	0.0	1424
OAES-23-1-No|nifH|consensus50|strict_single_dominant	nifH|Mesorhizobium_sp._AaZ16|XIK06011.1	Mesorhizobium_sp._AaZ16	96.955	821	91.8345	NA	0.0	1375
OAES-23-1-Ro|nifH|consensus50|strict_single_dominant	nifH|Mesorhizobium_sp._AaZ16|XIK06011.1	Mesorhizobium_sp._AaZ16	95.355	818	91.4989	NA	0.0	1297
OAES_24-3-No|nifH|consensus50|strict_single_dominant	nifH|Mesorhizobium_sp._AaZ16|XIK06011.1	Mesorhizobium_sp._AaZ16	97.730	793	88.7025	NA	0.0	1365
OAES_24-3-Rh|nifH|consensus50|strict_single_dominant	nifH|Mesorhizobium_sp._AaZ16|XIK06011.1	Mesorhizobium_sp._AaZ16	98.057	772	86.3535	NA	0.0	1345
OAES-25-1-No|nifH|consensus50|strict_single_dominant	nifH|Neorhizobium_alkalisoli|ACF98259.1	Neorhizobium_alkalisoli	96.814	722	99.5862	NA	0.0	1206
OAES-26-1-No|nifH|consensus50|strict_single_dominant	nifH|Mesorhizobium_sp._AaZ16|XIK06011.1	Mesorhizobium_sp._AaZ16	95.221	816	91.2752	NA	0.0	1291
OAES-26-1-Ro|nifH|consensus50|strict_single_dominant	nifH|Mesorhizobium_sp._AaZ16|XIK06011.1	Mesorhizobium_sp._AaZ16	95.828	791	88.4787	NA	0.0	1279
OAES-27-2-No|nifH|consensus50|strict_single_dominant	nifH|Mesorhizobium_sp._AaZ16|XIK06011.1	Mesorhizobium_sp._AaZ16	95.360	819	91.6107	NA	0.0	1303
OAES-28-1-No|nifH|consensus50|strict_single_dominant	nifH|Mesorhizobium_sp._AaZ16|XIK06011.1	Mesorhizobium_sp._AaZ16	96.845	824	92.17	NA	0.0	1375
OAES-29-1-No|nifH|consensus50|strict_single_dominant	nifH|Mesorhizobium_sp._AaZ16|XIK06011.1	Mesorhizobium_sp._AaZ16	97.365	797	89.1499	NA	0.0	1352
OAES-29-1-Ro|nifH|consensus50|strict_single_dominant	nifH|Microvirga_vignae|KLK90290.1	Microvirga_vignae	92.491	799	89.3736	NA	0.0	1142
OAES-30-2-No|nifH|consensus50|strict_single_dominant	nifH|Mesorhizobium_sp._AaZ16|XIK06011.1	Mesorhizobium_sp._AaZ16	94.821	811	90.7159	NA	0.0	1266
OAES-30-2-Ro|nifH|consensus50|strict_single_dominant	nifH|Mesorhizobium_sp._AaZ16|XIK06011.1	Mesorhizobium_sp._AaZ16	93.411	774	86.5772	NA	0.0	1147
OAES-3-1-No|nifH|consensus50|strict_single_dominant	nifH|Microvirga_sp._KLBC_81|PVE21514.1	Microvirga_sp._KLBC_81	93.204	824	92.17	NA	0.0	1208
OAES-32-1-No|nifH|consensus50|strict_single_dominant	nifH|Mesorhizobium_sp._AaZ16|XIK06011.1	Mesorhizobium_sp._AaZ16	97.087	824	92.17	NA	0.0	1386
OAES-32-1-Rh|nifH|consensus50|strict_single_dominant	nifH|Mesorhizobium_sp._AaZ16|XIK06011.1	Mesorhizobium_sp._AaZ16	92.120	698	78.0761	NA	0.0	985
OAES-33-1-No|nifH|consensus50|strict_single_dominant	nifH|Mesorhizobium_sp._AaZ16|XIK06011.1	Mesorhizobium_sp._AaZ16	97.355	794	88.8143	NA	0.0	1349
OAES-33-1-Rh|nifH|consensus50|strict_single_dominant	nifH|Mesorhizobium_sp._AaZ16|XIK06011.1	Mesorhizobium_sp._AaZ16	96.006	726	81.2081	NA	0.0	1181
OAES-33-1-Ro|nifH|consensus50|strict_single_dominant	nifH|Mesorhizobium_sp._AaZ16|XIK06011.1	Mesorhizobium_sp._AaZ16	94.248	765	85.5705	NA	0.0	1170
OAES-34-1-No|nifH|consensus50|strict_single_dominant	nifH|Mesorhizobium_sp._AaZ16|XIK06011.1	Mesorhizobium_sp._AaZ16	96.829	820	91.7226	NA	0.0	1369
OAES-35-1-Rh|nifH|consensus50|strict_single_dominant	nifH|Bradyrhizobium_sp._PUT101|XYX37671.1	Bradyrhizobium_sp._PUT101	86.883	831	93.8983	NA	0.0	965
OAES-35-3-No|nifH|consensus50|strict_single_dominant	nifH|Mesorhizobium_sp._AaZ16|XIK06011.1	Mesorhizobium_sp._AaZ16	93.040	819	91.6107	NA	0.0	1197
OAES-35-3-Rh|nifH|consensus50|strict_single_dominant	nifH|Mesorhizobium_sp._WSM4083|XXN81638.1	Mesorhizobium_sp._WSM4083	88.889	801	89.5973	NA	0.0	1005
OAES-36-2-No|nifH|consensus50|strict_single_dominant	nifH|Sinorhizobium_meliloti_(Rhizobium_meliloti)|XHY72514.1	Sinorhizobium_meliloti_(Rhizobium_meliloti)	95.990	823	92.0582	NA	0.0	1336
OAES-36-3-No|nifH|consensus50|strict_single_dominant	nifH|Sinorhizobium_meliloti_(Rhizobium_meliloti)|XHY72514.1	Sinorhizobium_meliloti_(Rhizobium_meliloti)	95.747	823	92.0582	NA	0.0	1325
OAES-36-3-Ro|nifH|consensus50|strict_single_dominant	nifH|Burkholderia_vietnamiensis|KVE58540.1	Burkholderia_vietnamiensis	88.226	654	74.1497	NA	0.0	780
OAES-37-2-Rh|nifH|consensus50|strict_single_dominant	nifH|Mesorhizobium_sp._WSM4083|XXN81638.1	Mesorhizobium_sp._WSM4083	89.307	823	92.0582	NA	0.0	1046
OAES-4-1-No|nifH|consensus50|strict_single_dominant	nifH|Neorhizobium_alkalisoli|ACF98259.1	Neorhizobium_alkalisoli	96.814	722	99.5862	NA	0.0	1206
OAES-4-1-Ro|nifH|consensus50|strict_single_dominant	nifH|Neorhizobium_alkalisoli|ACF98259.1	Neorhizobium_alkalisoli	96.814	722	99.5862	NA	0.0	1206
OAES-5-Rh|nifH|consensus50|strict_single_dominant	nifH|Ensifer_sp|QHB50514.1	Ensifer_sp	96.234	717	100	NA	0.0	1175
OAES-6-1-Ro|nifH|consensus50|strict_single_dominant	nifH|Sinorhizobium_prairiense|WEJ08560.1	Sinorhizobium_prairiense	98.120	798	89.2617	NA	0.0	1391
OAES-7-1-No|nifH|consensus50|strict_single_dominant	nifH|Neorhizobium_alkalisoli|ACF98259.1	Neorhizobium_alkalisoli	96.537	722	99.5862	NA	0.0	1195
OAES-7-1-Rh|nifH|consensus50|strict_single_dominant	nifH|Neorhizobium_alkalisoli|ACF98259.1	Neorhizobium_alkalisoli	96.537	722	99.5862	NA	0.0	1195
OAES-7-1-Ro|nifH|consensus50|strict_single_dominant	nifH|Neorhizobium_alkalisoli|ACF98259.1	Neorhizobium_alkalisoli	96.537	722	99.5862	NA	0.0	1195
OAES-8-2-No|nifH|consensus50|strict_single_dominant	nifH|Mesorhizobium_maamorense|XKI86421.1	Mesorhizobium_maamorense	92.054	818	91.4989	NA	0.0	1153
OAES-9-1-No|nifH|consensus50|strict_single_dominant	nifH|Mesorhizobium_sp._AaZ16|XIK06011.1	Mesorhizobium_sp._AaZ16	97.475	792	88.5906	NA	0.0	1352
OAES-9-1-Rh|nifH|consensus50|strict_single_dominant	nifH|Mesorhizobium_sp._AaZ16|XIK06011.1	Mesorhizobium_sp._AaZ16	96.936	816	91.2752	NA	0.0	1369
ORNL-10-1-Rh|nifH|consensus50|strict_single_dominant	nifH|Bradyrhizobium_sp._PUT101|XYX37671.1	Bradyrhizobium_sp._PUT101	91.962	423	47.7966	NA	7.18e-171	593
ORNL-12-1-Ro|nifH|consensus50|strict_single_dominant	nifH|Mesorhizobium_sp._AaZ16|XIK06011.1	Mesorhizobium_sp._AaZ16	88.523	819	91.6107	NA	0.0	992
ORNL-13-2-No|nifH|consensus50|strict_single_dominant	nifH|Mesorhizobium_caraganae|CAN7239890.1	Mesorhizobium_caraganae	86.098	820	91.7226	NA	0.0	881
ORNL-14-1-No|nifH|consensus50|strict_single_dominant	nifH|Ensifer_sp|QHB50514.1	Ensifer_sp	88.391	491	68.4798	NA	9.29e-170	590
ORNL-16-No|nifH|consensus50|strict_single_dominant	nifH|Microvirga_lotononidis|WQO30062.1	Microvirga_lotononidis	88.138	607	67.8971	NA	0.0	721
ORNL-19-Ro|nifH|consensus50|strict_single_dominant	nifH|Bradyrhizobium_sp._PUT101|XYX37671.1	Bradyrhizobium_sp._PUT101	95.312	384	43.3898	NA	7.13e-176	610
ORNL-20-1-No|nifH|consensus50|strict_single_dominant	nifH|Burkholderia_multivorans|CAN0620951.1	Burkholderia_multivorans	86.010	386	43.7642	NA	6.00e-117	414
ORNL-2-1-No|nifH|consensus50|strict_single_dominant	nifH|uncultured_Frankia_sp|SME86187.1	uncultured_Frankia_sp	94.268	314	60.8527	NA	2.10e-136	479
ORNL-21-No|nifH|consensus50|strict_single_dominant	nifH|Bradyrhizobium_sp._PUT101|XYX37671.1	Bradyrhizobium_sp._PUT101	95.844	385	43.5028	NA	9.16e-180	623
ORNL-24-Rh|nifH|consensus50|strict_single_dominant	nifH|Bradyrhizobium_sp._PUT101|XYX37671.1	Bradyrhizobium_sp._PUT101	89.130	460	51.9774	NA	1.54e-172	599
ORNL-25-1-No|nifH|consensus50|strict_single_dominant	nifH|Bradyrhizobium_sp._SPXBL-02|XYL93550.1	Bradyrhizobium_sp._SPXBL-02	86.503	652	73.6723	NA	0.0	712
ORNL-25-1-Rh|nifH|consensus50|strict_single_dominant	nifH|Mesorhizobium_caraganae|CAN7239890.1	Mesorhizobium_caraganae	86.938	689	77.0694	NA	0.0	774
ORNL-3-2-No|nifH|consensus50|strict_single_dominant	nifH|Frankia_sp._Hr75.2|CAI7980009.1	Frankia_sp._Hr75.2	94.268	314	36.092	NA	2.10e-136	479
ORNL-3-2-Ro|nifH|consensus50|strict_single_dominant	nifH|Bradyrhizobium_sp._PUT101|XYX37671.1	Bradyrhizobium_sp._PUT101	90.786	369	41.6949	NA	7.49e-141	494
ORNL-4-1-No|nifH|consensus50|strict_single_dominant	nifH|Microvirga_sp._KLBC_81|PVE21514.1	Microvirga_sp._KLBC_81	86.765	816	91.2752	NA	0.0	933
ORNL-5-1-No|nifH|consensus50|strict_single_dominant	nifH|Burkholderia_vietnamiensis|KVE92620.1	Burkholderia_vietnamiensis	85.474	654	74.1497	NA	0.0	682
ORNL-5-2-Ro|nifH|consensus50|strict_single_dominant	nifH|Frankia_alni|QEJ80971.1	Frankia_alni	87.745	612	99.5122	NA	0.0	710
ORNL-6-1-No|nifH|consensus50|strict_single_dominant	nifH|Rhizobium_ruizarguesonis|XIE09844.1	Rhizobium_ruizarguesonis	94.269	698	78.0761	NA	0.0	1068
ORNL-7-2-No|nifH|consensus50|strict_single_dominant	nifH|Ensifer_canadensis|UBI79453.1	Ensifer_canadensis	87.161	701	78.4116	NA	0.0	791
ORNL-8-2-Rh|nifH|consensus50|strict_single_dominant	nifH|Sinorhizobium_meliloti_(Rhizobium_meliloti)|XEM16083.1	Sinorhizobium_meliloti_(Rhizobium_meliloti)	91.024	635	71.0291	NA	0.0	850
OSBS-100-3-Rh|nifH|consensus50|strict_single_dominant	nifH|Sinorhizobium_meliloti_(Rhizobium_meliloti)|XEM16083.1	Sinorhizobium_meliloti_(Rhizobium_meliloti)	87.363	823	92.0582	NA	0.0	965
OSBS-100-3-Ro|nifH|consensus50|strict_single_dominant	nifH|Ensifer_canadensis|UBI79453.1	Ensifer_canadensis	90.462	671	75.0559	NA	0.0	880
OSBS-101-1-Ro|nifH|consensus50|strict_single_dominant	nifH|Sinorhizobium_meliloti_(Rhizobium_meliloti)|XEM16083.1	Sinorhizobium_meliloti_(Rhizobium_meliloti)	92.587	715	79.9776	NA	0.0	1027
OSBS-103-2-No|nifH|consensus50|strict_single_dominant	nifH|Sinorhizobium_meliloti_(Rhizobium_meliloti)|XEM16083.1	Sinorhizobium_meliloti_(Rhizobium_meliloti)	86.667	675	75.5034	NA	0.0	747
OSBS-104-1-No|nifH|consensus50|strict_single_dominant	nifH|Bradyrhizobium_sp._SPXBL-04|XYL77982.1	Bradyrhizobium_sp._SPXBL-04	89.181	684	77.2881	NA	0.0	846
OSBS-104-1-Rh|nifH|consensus50|strict_single_dominant	nifH|Microvirga_sp._KLBC_81|PVE21514.1	Microvirga_sp._KLBC_81	88.973	789	88.255	NA	0.0	976
OSBS-106-1-No|nifH|consensus50|strict_single_dominant	nifH|Bradyrhizobium_sp._PUT101|XYX37671.1	Bradyrhizobium_sp._PUT101	95.855	386	43.6158	NA	2.55e-180	625
OSBS-109-4-No|nifH|consensus50|strict_single_dominant	nifH|Sinorhizobium_meliloti_(Rhizobium_meliloti)|XEM16083.1	Sinorhizobium_meliloti_(Rhizobium_meliloti)	87.554	699	78.1879	NA	0.0	802
OSBS-109-4-Ro|nifH|consensus50|strict_single_dominant	nifH|Bradyrhizobium_sp._PUT101|XYX37671.1	Bradyrhizobium_sp._PUT101	96.206	369	41.6949	NA	3.32e-174	604
OSBS-12-1-No|nifH|consensus50|strict_single_dominant	nifH|Microvirga_lotononidis|WQO30062.1	Microvirga_lotononidis	89.233	613	68.5682	NA	0.0	765
OSBS-1-2-Rh|nifH|consensus50|strict_single_dominant	nifH|Mesorhizobium_sp._AaZ16|XIK06011.1	Mesorhizobium_sp._AaZ16	95.333	750	83.8926	NA	0.0	1190
OSBS-14-3-No|nifH|consensus50|strict_single_dominant	nifH|Rhizobium_azibense|CAO4004957.1	Rhizobium_azibense	85.437	824	92.17	NA	0.0	854
OSBS-18-5-No|nifH|consensus50|strict_single_dominant	nifH|Bradyrhizobium_sp._SPXBL-03|XYL85905.1	Bradyrhizobium_sp._SPXBL-03	87.462	654	73.8983	NA	0.0	749
OSBS-18-5-Ro|nifH|consensus50|strict_single_dominant	nifH|Mesorhizobium_sp._AaZ16|XIK06011.1	Mesorhizobium_sp._AaZ16	91.698	795	88.9262	NA	0.0	1103
OSBS-20-1-Ro|nifH|consensus50|strict_single_dominant	nifH|Mesorhizobium_sp._AaZ16|XIK06011.1	Mesorhizobium_sp._AaZ16	90.598	819	91.6107	NA	0.0	1086
OSBS-21-2-No|nifH|consensus50|strict_single_dominant	nifH|Mesorhizobium_sp._AaZ16|XIK06011.1	Mesorhizobium_sp._AaZ16	87.956	822	91.9463	NA	0.0	972
OSBS-28-1-No|nifH|consensus50|strict_single_dominant	nifH|Microvirga_sp._KLBC_81|PVE21514.1	Microvirga_sp._KLBC_81	88.686	822	91.9463	NA	0.0	1003
OSBS-36-4-Rh|nifH|consensus50|strict_single_dominant	nifH|Mesorhizobium_sp._AaZ16|XIK06011.1	Mesorhizobium_sp._AaZ16	90.762	801	89.5973	NA	0.0	1070
OSBS-37-1-Rh|nifH|consensus50|strict_single_dominant	nifH|Mesorhizobium_sp._WSM4083|XXN81638.1	Mesorhizobium_sp._WSM4083	88.029	827	92.5056	NA	0.0	976
OSBS-38-1-No|nifH|consensus50|strict_single_dominant	nifH|Mesorhizobium_sp._AaZ16|XIK06011.1	Mesorhizobium_sp._AaZ16	91.697	819	91.6107	NA	0.0	1136
OSBS-4-3-Ro|nifH|consensus50|strict_single_dominant	nifH|Mesorhizobium_sp._AaZ16|XIK06011.1	Mesorhizobium_sp._AaZ16	89.951	816	91.2752	NA	0.0	1068
OSBS-49-1-Rh|nifH|consensus50|strict_single_dominant	nifH|Microvirga_sp._RSM25|XKE00370.1	Microvirga_sp._RSM25	86.890	656	73.3781	NA	0.0	736
OSBS-51-1-Rh|nifH|consensus50|strict_single_dominant	nifH|Bradyrhizobium_sp._PUT101|XYX37671.1	Bradyrhizobium_sp._PUT101	84.580	655	74.0113	NA	0.0	754
OSBS-52-1-Rh|nifH|consensus50|strict_single_dominant	nifH|Bradyrhizobium_sp._PUT101|XYX37671.1	Bradyrhizobium_sp._PUT101	93.207	368	41.5819	NA	2.64e-155	542
OSBS-52-5-Rh|nifH|consensus50|strict_single_dominant	nifH|Bradyrhizobium_sp._PUT101|XYX37671.1	Bradyrhizobium_sp._PUT101	94.872	312	35.2542	NA	9.69e-140	490
OSBS-5-5-Ro|nifH|consensus50|strict_single_dominant	nifH|Mesorhizobium_sp._AaZ16|XIK06011.1	Mesorhizobium_sp._AaZ16	93.171	820	91.7226	NA	0.0	1230
OSBS-58-1-No|nifH|consensus50|strict_single_dominant	nifH|Mesorhizobium_sp._AaZ16|XIK06011.1	Mesorhizobium_sp._AaZ16	87.743	824	92.17	NA	0.0	959
OSBS-58-1-Rh|nifH|consensus50|strict_single_dominant	nifH|Mesorhizobium_sp._AaZ16|XIK06011.1	Mesorhizobium_sp._AaZ16	85.592	819	91.6107	NA	0.0	894
OSBS-59-1-No|nifH|consensus50|strict_single_dominant	nifH|Bradyrhizobium_sp._PUT101|XYX37671.1	Bradyrhizobium_sp._PUT101	90.415	386	43.6158	NA	2.67e-145	508
OSBS-65-1-Rh|nifH|consensus50|strict_single_dominant	nifH|Bradyrhizobium_sp._PUT101|XYX37671.1	Bradyrhizobium_sp._PUT101	86.930	658	74.3503	NA	0.0	784
OSBS-66-1-Rh|nifH|consensus50|strict_single_dominant	nifH|Bradyrhizobium_sp._PUT101|XYX37671.1	Bradyrhizobium_sp._PUT101	89.157	830	93.7853	NA	0.0	1033
OSBS-67-1-Rh|nifH|consensus50|strict_single_dominant	nifH|Bradyrhizobium_sp._PUT101|XYX37671.1	Bradyrhizobium_sp._PUT101	93.133	466	52.6554	NA	0.0	680
OSBS-68-1-Rh|nifH|consensus50|strict_single_dominant	nifH|Bradyrhizobium_sp._PUT101|XYX37671.1	Bradyrhizobium_sp._PUT101	87.124	831	93.8983	NA	0.0	970
OSBS-68-1-Ro|nifH|consensus50|strict_single_dominant	nifH|Bradyrhizobium_sp._PUT101|XYX37671.1	Bradyrhizobium_sp._PUT101	94.256	383	43.2768	NA	1.20e-168	586
OSBS-69-1-Rh|nifH|consensus50|strict_single_dominant	nifH|Mesorhizobium_sp._WSM4083|XXN81638.1	Mesorhizobium_sp._WSM4083	89.346	826	92.3937	NA	0.0	1037
OSBS-70-3-No|nifH|consensus50|strict_single_dominant	nifH|Mesorhizobium_sp._AaZ16|XIK06011.1	Mesorhizobium_sp._AaZ16	84.709	824	92.17	NA	0.0	821
OSBS-71-1-Rh|nifH|consensus50|strict_single_dominant	nifH|Microvirga_lotononidis|WQO30062.1	Microvirga_lotononidis	87.179	819	91.6107	NA	0.0	952
OSBS-72-1-Rh|nifH|consensus50|strict_single_dominant	nifH|Bradyrhizobium_sp._PUT101|XYX37671.1	Bradyrhizobium_sp._PUT101	94.560	386	43.6158	NA	5.55e-172	597
OSBS-7-4-Ro|nifH|consensus50|strict_single_dominant	nifH|Mesorhizobium_sp._AaZ16|XIK06011.1	Mesorhizobium_sp._AaZ16	92.674	819	91.6107	NA	0.0	1181
OSBS-75-2-No|nifH|consensus50|strict_single_dominant	nifH|Bradyrhizobium_sp._SPXBL-03|XYL85905.1	Bradyrhizobium_sp._SPXBL-03	90.710	366	41.3559	NA	3.48e-139	488
OSBS-80-2-Rh|nifH|consensus50|strict_single_dominant	nifH|Bradyrhizobium_sp._PUT101|XYX37671.1	Bradyrhizobium_sp._PUT101	93.426	578	65.3107	NA	0.0	856
OSBS-81-1-Rh|nifH|consensus50|strict_single_dominant	nifH|Bradyrhizobium_sp._PUT101|XYX37671.1	Bradyrhizobium_sp._PUT101	87.108	830	93.7853	NA	0.0	939
OSBS-81-1-Ro|nifH|consensus50|strict_single_dominant	nifH|Bradyrhizobium_sp._PUT101|XYX37671.1	Bradyrhizobium_sp._PUT101	91.540	461	52.0904	NA	0.0	636
OSBS-82-1-Ro|nifH|consensus50|strict_single_dominant	nifH|Bradyrhizobium_sp._PUT101|XYX37671.1	Bradyrhizobium_sp._PUT101	88.902	829	93.6723	NA	0.0	1022
OSBS-8-5-Rh|nifH|consensus50|strict_single_dominant	nifH|Mesorhizobium_sp._AaZ16|XIK06011.1	Mesorhizobium_sp._AaZ16	92.405	632	70.6935	NA	0.0	902
OSBS-88-1-No|nifH|consensus50|strict_single_dominant	nifH|Bradyrhizobium_sp._PUT101|XYX37671.1	Bradyrhizobium_sp._PUT101	85.714	560	63.2768	NA	0.0	636
OSBS-89-1-Ro|nifH|consensus50|strict_single_dominant	nifH|Bradyrhizobium_sp._PUT101|XYX37671.1	Bradyrhizobium_sp._PUT101	88.346	635	71.7514	NA	0.0	785
OSBS-91-1-Ro|nifH|consensus50|strict_single_dominant	nifH|Azorhizobium_oxalatiphilum|GGF67226.1	Azorhizobium_oxalatiphilum	90.592	287	32.4294	NA	6.08e-107	381
OSBS-CEVI-50-3-No|nifH|consensus50|strict_single_dominant	nifH|Bradyrhizobium_sp._SPXBL-03|XYL85905.1	Bradyrhizobium_sp._SPXBL-03	90.959	365	41.2429	NA	2.69e-140	492
OSBS-DETR-64-3-Rh|nifH|consensus50|strict_single_dominant	nifH|Mesorhizobium_sp._AaZ16|XIK06011.1	Mesorhizobium_sp._AaZ16	90.809	816	91.2752	NA	0.0	1092
OSBS-LEHI-62-5-No|nifH|consensus50|strict_single_dominant	nifH|Bradyrhizobium_ottawaense|XZF72199.1	Bradyrhizobium_ottawaense	85.868	559	63.1638	NA	1.18e-178	619
OSBS-LEHI-62-5-Rh|nifH|consensus50|strict_single_dominant	nifH|Sinorhizobium_meliloti_(Rhizobium_meliloti)|XHY72514.1	Sinorhizobium_meliloti_(Rhizobium_meliloti)	91.942	695	77.7405	NA	0.0	972
OSBS-LEHI-62-5-Ro|nifH|consensus50|strict_single_dominant	nifH|Ensifer_canadensis|UBI79453.1	Ensifer_canadensis	87.938	771	86.2416	NA	0.0	904
OSBS-TEVI-61-4-No|nifH|consensus50|strict_single_dominant	nifH|Sinorhizobium_meliloti_(Rhizobium_meliloti)|XEM16083.1	Sinorhizobium_meliloti_(Rhizobium_meliloti)	85.837	699	78.1879	NA	0.0	736
RMNP-1-No|nifH|consensus50|strict_single_dominant	nifH|Mesorhizobium_sp._AaZ16|XIK06011.1	Mesorhizobium_sp._AaZ16	93.529	819	91.6107	NA	0.0	1219
RMNP-1-Ro|nifH|consensus50|strict_single_dominant	nifH|Microvirga_sp._RSM25|XKE00370.1	Microvirga_sp._RSM25	91.343	797	89.1499	NA	0.0	1086
RMNP-2-No|nifH|consensus50|strict_single_dominant	nifH|Mesorhizobium_sp._AaZ16|XIK06011.1	Mesorhizobium_sp._AaZ16	93.939	792	88.5906	NA	0.0	1197
RMNP-2-Rh|nifH|consensus50|strict_single_dominant	nifH|Mesorhizobium_sp._AaZ16|XIK06011.1	Mesorhizobium_sp._AaZ16	93.481	813	90.9396	NA	0.0	1208
RMNP-4-Rh|nifH|consensus50|strict_single_dominant	nifH|Microvirga_lotononidis|WQO30062.1	Microvirga_lotononidis	87.591	822	91.9463	NA	0.0	953
SCBI-11-1-No|nifH|consensus50|strict_single_dominant	nifH|Mesorhizobium_caraganae|CAN7239890.1	Mesorhizobium_caraganae	85.983	692	77.4049	NA	0.0	741
SCBI-11-1-Rh|nifH|consensus50|strict_single_dominant	nifH|Bradyrhizobium_ottawaense|XZF72199.1	Bradyrhizobium_ottawaense	91.342	462	52.2034	NA	0.0	632
SCBI-1-1-Ro|nifH|consensus50|strict_single_dominant	nifH|Sinorhizobium_meliloti_(Rhizobium_meliloti)|XHY72514.1	Sinorhizobium_meliloti_(Rhizobium_meliloti)	96.934	685	76.6219	NA	0.0	1149
SCBI-2-1-Ro|nifH|consensus50|strict_single_dominant	nifH|Sinorhizobium_meliloti_(Rhizobium_meliloti)|XEM16083.1	Sinorhizobium_meliloti_(Rhizobium_meliloti)	90.989	799	89.3736	NA	0.0	1098
SCBI-3-1-Rh|nifH|consensus50|strict_single_dominant	nifH|Ensifer_canadensis|UBI79453.1	Ensifer_canadensis	95.745	705	78.8591	NA	0.0	1136
SCBI-4-1-No|nifH|consensus50|strict_single_dominant	nifH|Sinorhizobium_meliloti_(Rhizobium_meliloti)|XEM16083.1	Sinorhizobium_meliloti_(Rhizobium_meliloti)	88.039	510	57.047	NA	1.54e-172	599
SCBI-4-1-Rh|nifH|consensus50|strict_single_dominant	nifH|Mesorhizobium_sp._LjNodule214|CAN7751128.1	Mesorhizobium_sp._LjNodule214	85.766	829	92.7293	NA	0.0	874
SCBI-4-1-Ro|nifH|consensus50|strict_single_dominant	nifH|Bradyrhizobium_ottawaense|XZF72199.1	Bradyrhizobium_ottawaense	90.086	464	52.4294	NA	4.29e-173	601
SCBI-5-1-No|nifH|consensus50|strict_single_dominant	nifH|Neorhizobium_galegae|AIY31028.1	Neorhizobium_galegae	98.675	755	99.3421	NA	0.0	1338
SCBI-6-1-No|nifH|consensus50|strict_single_dominant	nifH|Mesorhizobium_caraganae|CAN7239890.1	Mesorhizobium_caraganae	85.798	683	76.3982	NA	0.0	725
SCBI-8-2-Rh|nifH|consensus50|strict_single_dominant	nifH|Burkholderia_vietnamiensis|KVE58540.1	Burkholderia_vietnamiensis	88.450	658	74.6032	NA	0.0	795
SCBI-9-2-No|nifH|consensus50|strict_single_dominant	nifH|Bradyrhizobium_ottawaense|XZF72199.1	Bradyrhizobium_ottawaense	94.038	369	41.6949	NA	7.28e-161	560
SERC-1-1-No|nifH|consensus50|strict_single_dominant	nifH|Microvirga_lotononidis|WQO30062.1	Microvirga_lotononidis	87.852	461	51.566	NA	2.64e-155	542
SERC-1-1-Rh|nifH|consensus50|strict_single_dominant	nifH|Sinorhizobium_meliloti_(Rhizobium_meliloti)|XEM16083.1	Sinorhizobium_meliloti_(Rhizobium_meliloti)	91.298	655	73.2662	NA	0.0	893
SERC-2-1-No|nifH|consensus50|strict_single_dominant	nifH|Microvirga_lotononidis|WQO30062.1	Microvirga_lotononidis	84.792	697	77.9642	NA	0.0	702
SERC-2-2-Ro|nifH|consensus50|strict_single_dominant	nifH|Frankia_sp._AcoPraII.1|CAI5943485.1	Frankia_sp._AcoPraII.1	90.753	465	53.8194	NA	0.0	658
SERC-3-1-Rh|nifH|consensus50|strict_single_dominant	nifH|Microvirga_lotononidis|WQO30062.1	Microvirga_lotononidis	87.726	497	55.5928	NA	2.01e-166	579
SERC-3-1-Ro|nifH|consensus50|strict_single_dominant	nifH|Microvirga_sp._RSM25|XKE00370.1	Microvirga_sp._RSM25	89.487	799	89.3736	NA	0.0	1009
SERC-4-1-No|nifH|consensus50|strict_single_dominant	nifH|Bradyrhizobium_ottawaense|XZF72199.1	Bradyrhizobium_ottawaense	87.348	656	74.1243	NA	0.0	747
SERC-6-1-Rh|nifH|consensus50|strict_single_dominant	nifH|Ensifer_canadensis|UBI79453.1	Ensifer_canadensis	88.219	713	79.7539	NA	0.0	850
SERC-7-1-No|nifH|consensus50|strict_single_dominant	nifH|Bradyrhizobium_diazoefficiens|GAB9116018.1	Bradyrhizobium_diazoefficiens	98.374	369	41.6949	NA	0.0	649
SJER-1-1-No|nifH|consensus50|strict_single_dominant	nifH|Sinorhizobium_meliloti_(Rhizobium_meliloti)|XEM16083.1	Sinorhizobium_meliloti_(Rhizobium_meliloti)	85.796	697	77.9642	NA	0.0	739
SJER-2-3-No|nifH|consensus50|strict_single_dominant	nifH|Rhizobium_leguminosarum|BEJ25671.1	Rhizobium_leguminosarum	87.897	818	92.1171	NA	0.0	959
SJER-4-1-No|nifH|consensus50|strict_single_dominant	nifH|Microvirga_lotononidis|WQO30062.1	Microvirga_lotononidis	89.013	446	49.8881	NA	2.60e-165	575
SRER-10-1-No|nifH|consensus50|strict_single_dominant	nifH|Mesorhizobium_sp._AaZ16|XIK06011.1	Mesorhizobium_sp._AaZ16	93.284	819	91.6107	NA	0.0	1208
SRER-10-1-Rh|nifH|consensus50|strict_single_dominant	nifH|Mesorhizobium_sp._AaZ16|XIK06011.1	Mesorhizobium_sp._AaZ16	93.057	821	91.8345	NA	0.0	1201
SRER-1-1-No|nifH|consensus50|strict_single_dominant	nifH|Mesorhizobium_sp._AaZ16|XIK06011.1	Mesorhizobium_sp._AaZ16	93.040	819	91.6107	NA	0.0	1197
SRER-13-1-No|nifH|consensus50|strict_single_dominant	nifH|Mesorhizobium_sp._AaZ16|XIK06011.1	Mesorhizobium_sp._AaZ16	93.187	822	91.9463	NA	0.0	1208
SRER-13-1-Rh|nifH|consensus50|strict_single_dominant	nifH|Mesorhizobium_sp._AaZ16|XIK06011.1	Mesorhizobium_sp._AaZ16	93.137	816	91.2752	NA	0.0	1197
SRER-13-1-Ro|nifH|consensus50|strict_single_dominant	nifH|Mesorhizobium_sp._AaZ16|XIK06011.1	Mesorhizobium_sp._AaZ16	93.137	816	91.2752	NA	0.0	1197
SRER-14-1-No|nifH|consensus50|strict_single_dominant	nifH|Mesorhizobium_sp._AaZ16|XIK06011.1	Mesorhizobium_sp._AaZ16	92.944	822	91.9463	NA	0.0	1197
SRER-15-1-No|nifH|consensus50|strict_single_dominant	nifH|Mesorhizobium_sp._AaZ16|XIK06011.1	Mesorhizobium_sp._AaZ16	93.137	816	91.2752	NA	0.0	1197
SRER-15-1-Ro|nifH|consensus50|strict_single_dominant	nifH|Mesorhizobium_sp._AaZ16|XIK06011.1	Mesorhizobium_sp._AaZ16	93.040	819	91.6107	NA	0.0	1197
SRER-16-1-No|nifH|consensus50|strict_single_dominant	nifH|Mesorhizobium_sp._AaZ16|XIK06011.1	Mesorhizobium_sp._AaZ16	97.070	819	91.6107	NA	0.0	1380
SRER-17-1-No|nifH|consensus50|strict_single_dominant	nifH|Mesorhizobium_sp._AaZ16|XIK06011.1	Mesorhizobium_sp._AaZ16	92.796	819	91.6107	NA	0.0	1186
SRER-18-1-Rh|nifH|consensus50|strict_single_dominant	nifH|Mesorhizobium_sp._AaZ16|XIK06011.1	Mesorhizobium_sp._AaZ16	92.796	819	91.6107	NA	0.0	1186
SRER-18-1-Ro|nifH|consensus50|strict_single_dominant	nifH|Mesorhizobium_sp._AaZ16|XIK06011.1	Mesorhizobium_sp._AaZ16	92.892	816	91.2752	NA	0.0	1186
SRER-2-1-No|nifH|consensus50|strict_single_dominant	nifH|Mesorhizobium_sp._AaZ16|XIK06011.1	Mesorhizobium_sp._AaZ16	93.333	795	88.9262	NA	0.0	1175
SRER-3-1-No|nifH|consensus50|strict_single_dominant	nifH|Mesorhizobium_sp._AaZ16|XIK06011.1	Mesorhizobium_sp._AaZ16	92.918	819	91.6107	NA	0.0	1192
SRER-3-1-Ro|nifH|consensus50|strict_single_dominant	nifH|Mesorhizobium_sp._AaZ16|XIK06011.1	Mesorhizobium_sp._AaZ16	92.918	819	91.6107	NA	0.0	1192
SRER-4-1-No|nifH|consensus50|strict_single_dominant	nifH|Mesorhizobium_sp._AaZ16|XIK06011.1	Mesorhizobium_sp._AaZ16	97.736	795	88.9262	NA	0.0	1369
SRER-5-1-Rh|nifH|consensus50|strict_single_dominant	nifH|Mesorhizobium_sp._AaZ16|XIK06011.1	Mesorhizobium_sp._AaZ16	93.459	795	88.9262	NA	0.0	1181
SRER-6-1-No|nifH|consensus50|strict_single_dominant	nifH|Mesorhizobium_sp._AaZ16|XIK06011.1	Mesorhizobium_sp._AaZ16	93.040	819	91.6107	NA	0.0	1197
SRER-6-1-Rh|nifH|consensus50|strict_single_dominant	nifH|Mesorhizobium_sp._AaZ16|XIK06011.1	Mesorhizobium_sp._AaZ16	94.750	800	89.4855	NA	0.0	1242
SRER-6-1-Ro|nifH|consensus50|strict_single_dominant	nifH|Mesorhizobium_sp._AaZ16|XIK06011.1	Mesorhizobium_sp._AaZ16	92.701	822	91.9463	NA	0.0	1186
SRER-7-1-No|nifH|consensus50|strict_single_dominant	nifH|Mesorhizobium_sp._AaZ16|XIK06011.1	Mesorhizobium_sp._AaZ16	92.674	819	91.6107	NA	0.0	1179
SRER-7-1-Rh|nifH|consensus50|strict_single_dominant	nifH|Mesorhizobium_sp._AaZ16|XIK06011.1	Mesorhizobium_sp._AaZ16	92.674	819	91.6107	NA	0.0	1181
SRER-7-1-Ro|nifH|consensus50|strict_single_dominant	nifH|Mesorhizobium_sp._AaZ16|XIK06011.1	Mesorhizobium_sp._AaZ16	92.944	822	91.9463	NA	0.0	1197
SRER-8-1-No|nifH|consensus50|strict_single_dominant	nifH|Mesorhizobium_sp._AaZ16|XIK06011.1	Mesorhizobium_sp._AaZ16	93.333	795	88.9262	NA	0.0	1175
SRER-8-1-Ro|nifH|consensus50|strict_single_dominant	nifH|Mesorhizobium_sp._AaZ16|XIK06011.1	Mesorhizobium_sp._AaZ16	92.680	806	90.1566	NA	0.0	1158
SRER-9-1-Ro|nifH|consensus50|strict_single_dominant	nifH|Mesorhizobium_sp._AaZ16|XIK06011.1	Mesorhizobium_sp._AaZ16	93.137	816	91.2752	NA	0.0	1197
TALL-10-4-Rh|nifH|consensus50|strict_single_dominant	nifH|Bradyrhizobium_sp._PUT101|XYX37671.1	Bradyrhizobium_sp._PUT101	89.228	622	70.2825	NA	0.0	778
TALL-11-1-Rh|nifH|consensus50|strict_single_dominant	nifH|Ensifer_canadensis|UBI79453.1	Ensifer_canadensis	91.685	457	51.1186	NA	0.0	632
TALL-11-1-Ro|nifH|consensus50|strict_single_dominant	nifH|Microvirga_lotononidis|WQO30062.1	Microvirga_lotononidis	90.653	567	63.4228	NA	0.0	754
TALL-1-1-No|nifH|consensus50|strict_single_dominant	nifH|Mesorhizobium_sp._RIZ17|XXB69634.1	Mesorhizobium_sp._RIZ17	88.408	647	72.3714	NA	0.0	780
TALL-12-2-No|nifH|consensus50|strict_single_dominant	nifH|Mesorhizobium_sp._AaZ16|XIK06011.1	Mesorhizobium_sp._AaZ16	86.408	824	92.17	NA	0.0	902
TALL-12-2-Rh|nifH|consensus50|strict_single_dominant	nifH|Mesorhizobium_sp._WSM4083|XXN81638.1	Mesorhizobium_sp._WSM4083	90.850	612	68.4564	NA	0.0	819
TALL-13-3-No|nifH|consensus50|strict_single_dominant	nifH|Neorhizobium_galegae|AIY31028.1	Neorhizobium_galegae	99.073	755	99.3421	NA	0.0	1354
TALL-13-3-Ro|nifH|consensus50|strict_single_dominant	nifH|Mesorhizobium_sp._AaZ16|XIK06011.1	Mesorhizobium_sp._AaZ16	87.956	822	91.9463	NA	0.0	972
TALL-14-2-Ro|nifH|consensus50|strict_single_dominant	nifH|Bradyrhizobium_sp._PUT101|XYX37671.1	Bradyrhizobium_sp._PUT101	91.967	361	40.791	NA	9.62e-145	507
TALL-15-2-No|nifH|consensus50|strict_single_dominant	nifH|Mesorhizobium_sp._AaZ16|XIK06011.1	Mesorhizobium_sp._AaZ16	90.644	823	92.0582	NA	0.0	1092
TALL-15-2-Rh|nifH|consensus50|strict_single_dominant	nifH|Microvirga_lotononidis|WQO30062.1	Microvirga_lotononidis	86.312	789	88.255	NA	0.0	902
TALL-16-No|nifH|consensus50|strict_single_dominant	nifH|Mesorhizobium_caraganae|CAN7239890.1	Mesorhizobium_caraganae	86.098	633	70.8054	NA	0.0	680
TALL-18-1-No|nifH|consensus50|strict_single_dominant	nifH|Ensifer_canadensis|UBI79453.1	Ensifer_canadensis	88.162	718	80.3132	NA	0.0	850
TALL-18-1-Ro|nifH|consensus50|strict_single_dominant	nifH|Bradyrhizobium_sp._SPXBL-03|XYL85905.1	Bradyrhizobium_sp._SPXBL-03	85.016	634	71.6384	NA	0.0	649
TALL-19-2-Rh|nifH|consensus50|strict_single_dominant	nifH|Bradyrhizobium_sp._PUT101|XYX37671.1	Bradyrhizobium_sp._PUT101	89.124	331	37.4011	NA	2.16e-116	412
TALL-19-2-Ro|nifH|consensus50|strict_single_dominant	nifH|Bradyrhizobium_sp._PUT101|XYX37671.1	Bradyrhizobium_sp._PUT101	96.096	333	37.6271	NA	7.33e-156	544
TALL-20-1-No|nifH|consensus50|strict_single_dominant	nifH|Mesorhizobium_caraganae|CAN7239890.1	Mesorhizobium_caraganae	83.092	828	92.6174	NA	0.0	771
TALL-20-1-Rh|nifH|consensus50|strict_single_dominant	nifH|Microvirga_lotononidis|WQO30062.1	Microvirga_lotononidis	86.115	677	75.7271	NA	0.0	761
TALL-22-Rh|nifH|consensus50|strict_single_dominant	nifH|Bradyrhizobium_sp._PUT101|XYX37671.1	Bradyrhizobium_sp._PUT101	88.462	624	70.5085	NA	0.0	763
TALL-22-Ro|nifH|consensus50|strict_single_dominant	nifH|Sinorhizobium_meliloti_(Rhizobium_meliloti)|XEM16083.1	Sinorhizobium_meliloti_(Rhizobium_meliloti)	88.984	699	78.1879	NA	0.0	863
TALL-24-2-No|nifH|consensus50|strict_single_dominant	nifH|Mesorhizobium_sp._AaZ16|XIK06011.1	Mesorhizobium_sp._AaZ16	90.110	819	91.6107	NA	0.0	1064
TALL-25-2-No|nifH|consensus50|strict_single_dominant	nifH|Mesorhizobium_sp._AaZ16|XIK06011.1	Mesorhizobium_sp._AaZ16	86.529	824	92.17	NA	0.0	904
TALL-26-3-No|nifH|consensus50|strict_single_dominant	nifH|Bradyrhizobium_sp._SPXBL-03|XYL85905.1	Bradyrhizobium_sp._SPXBL-03	82.759	638	72.0904	NA	9.22e-175	606
TALL-26-3-Rh|nifH|consensus50|strict_single_dominant	nifH|Mesorhizobium_sp._AaZ16|XIK06011.1	Mesorhizobium_sp._AaZ16	87.363	823	92.0582	NA	0.0	953
TALL-33-1-Ro|nifH|consensus50|strict_single_dominant	nifH|Bradyrhizobium_sp._PUT101|XYX37671.1	Bradyrhizobium_sp._PUT101	94.268	314	35.4802	NA	5.83e-137	481
TALL-34-1-Ro|nifH|consensus50|strict_single_dominant	nifH|Bradyrhizobium_sp._PUT101|XYX37671.1	Bradyrhizobium_sp._PUT101	92.396	434	49.0395	NA	0.0	630
TALL-35-1-Rh|nifH|consensus50|strict_single_dominant	nifH|Bradyrhizobium_sp._PUT101|XYX37671.1	Bradyrhizobium_sp._PUT101	95.676	370	41.8079	NA	2.00e-171	595
TALL-37-1-No|nifH|consensus50|strict_single_dominant	nifH|Bradyrhizobium_sp._PUT101|XYX37671.1	Bradyrhizobium_sp._PUT101	93.976	332	37.5141	NA	1.24e-143	503
TALL-38-3-No|nifH|consensus50|strict_single_dominant	nifH|Bradyrhizobium_sp._SPXBL-03|XYL85905.1	Bradyrhizobium_sp._SPXBL-03	90.710	366	41.3559	NA	3.48e-139	488
TALL-39-2-No|nifH|consensus50|strict_single_dominant	nifH|Bradyrhizobium_sp._SPXBL-03|XYL85905.1	Bradyrhizobium_sp._SPXBL-03	84.531	640	72.3164	NA	0.0	654
TALL-39-2-Rh|nifH|consensus50|strict_single_dominant	nifH|Microvirga_sp._KLBC_81|PVE21514.1	Microvirga_sp._KLBC_81	85.401	822	91.9463	NA	0.0	896
TALL-41-3-No|nifH|consensus50|strict_single_dominant	nifH|Bradyrhizobium_sp._SPXBL-03|XYL85905.1	Bradyrhizobium_sp._SPXBL-03	91.645	383	43.2768	NA	5.71e-152	531
TALL-4-1-No|nifH|consensus50|strict_single_dominant	nifH|Bradyrhizobium_sp._SPXBL-03|XYL85905.1	Bradyrhizobium_sp._SPXBL-03	90.862	383	43.2768	NA	5.75e-147	514
TALL-44-1-No|nifH|consensus50|strict_single_dominant	nifH|Mesorhizobium_sp._AaZ16|XIK06011.1	Mesorhizobium_sp._AaZ16	87.942	821	91.8345	NA	0.0	965
TALL-46-2-Rh|nifH|consensus50|strict_single_dominant	nifH|Bradyrhizobium_sp._PUT101|XYX37671.1	Bradyrhizobium_sp._PUT101	94.764	382	43.1638	NA	2.00e-171	595
TALL-48-2-No|nifH|consensus50|strict_single_dominant	nifH|Rhizobium_ruizarguesonis|XIE09844.1	Rhizobium_ruizarguesonis	94.302	702	78.5235	NA	0.0	1074
TALL-49-1-No|nifH|consensus50|strict_single_dominant	nifH|Burkholderia_vietnamiensis|KVE92620.1	Burkholderia_vietnamiensis	81.740	701	79.4785	NA	0.0	630
TALL-49-1-Rh|nifH|consensus50|strict_single_dominant	nifH|Mesorhizobium_sp._AaZ16|XIK06011.1	Mesorhizobium_sp._AaZ16	89.001	691	77.2931	NA	0.0	856
TALL-50-1-No|nifH|consensus50|strict_single_dominant	nifH|Burkholderia_vietnamiensis|KVE92620.1	Burkholderia_vietnamiensis	81.437	835	94.6712	NA	0.0	726
TALL-51-3-No|nifH|consensus50|strict_single_dominant	nifH|Bradyrhizobium_sp._PUT101|XYX37671.1	Bradyrhizobium_sp._PUT101	86.715	557	62.9379	NA	1.53e-177	616
TALL-51-3-Ro|nifH|consensus50|strict_single_dominant	nifH|Bradyrhizobium_sp._SPXBL-03|XYL85905.1	Bradyrhizobium_sp._SPXBL-03	92.758	359	40.565	NA	1.24e-148	520
TALL-52-1-No|nifH|consensus50|strict_single_dominant	nifH|Mesorhizobium_sp._AaZ16|XIK06011.1	Mesorhizobium_sp._AaZ16	90.621	821	91.8345	NA	0.0	1086
TALL-53-3-Rh|nifH|consensus50|strict_single_dominant	nifH|Bradyrhizobium_sp._SPXBL-03|XYL85905.1	Bradyrhizobium_sp._SPXBL-03	90.685	365	41.2429	NA	1.25e-138	486
TALL-54-1-No|nifH|consensus50|strict_single_dominant	nifH|Bradyrhizobium_ottawaense|XZF72199.1	Bradyrhizobium_ottawaense	90.244	369	41.6949	NA	1.62e-137	483
TALL-55-1-Rh|nifH|consensus50|strict_single_dominant	nifH|Bradyrhizobium_sp._PUT101|XYX37671.1	Bradyrhizobium_sp._PUT101	92.350	366	41.3559	NA	3.44e-149	521
TALL-57-2-No|nifH|consensus50|strict_single_dominant	nifH|Bradyrhizobium_ottawaense|XZF72199.1	Bradyrhizobium_ottawaense	85.741	533	60.226	NA	7.13e-176	610
TALL-57-2-Ro|nifH|consensus50|strict_single_dominant	nifH|Mesorhizobium_sp._AaZ16|XIK06011.1	Mesorhizobium_sp._AaZ16	88.655	617	69.0157	NA	0.0	754
TALL-58-1-No|nifH|consensus50|strict_single_dominant	nifH|Bradyrhizobium_ottawaense|XZF72199.1	Bradyrhizobium_ottawaense	90.489	368	41.5819	NA	1.25e-138	486
TALL-58-1-Rh|nifH|consensus50|strict_single_dominant	nifH|Bradyrhizobium_sp._PUT101|XYX37671.1	Bradyrhizobium_sp._PUT101	94.865	370	41.8079	NA	2.01e-166	579
TALL-59-1-Rh|nifH|consensus50|strict_single_dominant	nifH|Azorhizobium_oxalatiphilum|GGF67226.1	Azorhizobium_oxalatiphilum	85.660	530	59.887	NA	3.32e-174	604
TALL-62-1-No|nifH|consensus50|strict_single_dominant	nifH|Bradyrhizobium_sp._SPXBL-03|XYL85905.1	Bradyrhizobium_sp._SPXBL-03	90.862	383	43.2768	NA	5.75e-147	514
TALL-62-1-Rh|nifH|consensus50|strict_single_dominant	nifH|Ensifer_canadensis|UBI79453.1	Ensifer_canadensis	90.359	529	59.1723	NA	0.0	693
TALL-6-2-Rh|nifH|consensus50|strict_single_dominant	nifH|Ensifer_canadensis|UBI79453.1	Ensifer_canadensis	89.484	523	58.5011	NA	0.0	660
TALL-63-1-No|nifH|consensus50|strict_single_dominant	nifH|Bradyrhizobium_sp._SPXBL-03|XYL85905.1	Bradyrhizobium_sp._SPXBL-03	82.298	644	72.7684	NA	0.0	630
TALL-63-1-Rh|nifH|consensus50|strict_single_dominant	nifH|Mesorhizobium_sp._WSM4083|XXN81638.1	Mesorhizobium_sp._WSM4083	89.329	656	73.3781	NA	0.0	822
TALL-64-1-No|nifH|consensus50|strict_single_dominant	nifH|Neorhizobium_galegae|AIY31028.1	Neorhizobium_galegae	96.026	755	99.3421	NA	0.0	1227
TALL-66-2-No|nifH|consensus50|strict_single_dominant	nifH|Mesorhizobium_sp._AaZ16|XIK06011.1	Mesorhizobium_sp._AaZ16	86.457	827	92.5056	NA	0.0	911
TALL-66-2-Rh|nifH|consensus50|strict_single_dominant	nifH|Bradyrhizobium_sp._PUT101|XYX37671.1	Bradyrhizobium_sp._PUT101	91.314	449	50.7345	NA	5.51e-177	614
TALL-67-1-No|nifH|consensus50|strict_single_dominant	nifH|Mesorhizobium_sp._AaZ16|XIK06011.1	Mesorhizobium_sp._AaZ16	87.550	498	55.7047	NA	7.23e-166	577
TALL-7-2-Rh|nifH|consensus50|strict_single_dominant	nifH|Bradyrhizobium_sp._PUT101|XYX37671.1	Bradyrhizobium_sp._PUT101	96.011	351	39.661	NA	3.36e-164	571
TALL-7-2-Ro|nifH|consensus50|strict_single_dominant	nifH|Bradyrhizobium_sp._PUT101|XYX37671.1	Bradyrhizobium_sp._PUT101	93.370	362	40.904	NA	1.23e-153	536
TALL-73-2-Ro|nifH|consensus50|strict_single_dominant	nifH|Microvirga_lotononidis|WQO30062.1	Microvirga_lotononidis	88.000	825	92.2819	NA	0.0	970
TALL-75-2-No|nifH|consensus50|strict_single_dominant	nifH|Mesorhizobium_sp._AaZ16|XIK06011.1	Mesorhizobium_sp._AaZ16	87.653	818	91.4989	NA	0.0	948
TALL-75-2-Rh|nifH|consensus50|strict_single_dominant	nifH|Bradyrhizobium_sp._PUT101|XYX37671.1	Bradyrhizobium_sp._PUT101	92.973	370	41.8079	NA	9.49e-155	540
TALL-76-3-No|nifH|consensus50|strict_single_dominant	nifH|Mesorhizobium_sp._AaZ16|XIK06011.1	Mesorhizobium_sp._AaZ16	85.803	803	89.821	NA	0.0	872
TALL-78-2-No|nifH|consensus50|strict_single_dominant	nifH|Rhizobium_azibense|CAO4004957.1	Rhizobium_azibense	88.228	824	92.17	NA	0.0	981
TALL-79-1-No|nifH|consensus50|strict_single_dominant	nifH|Bradyrhizobium_sp._SPXBL-03|XYL85905.1	Bradyrhizobium_sp._SPXBL-03	90.244	369	41.6949	NA	1.62e-137	483
TALL-80-1-No|nifH|consensus50|strict_single_dominant	nifH|Burkholderia_vietnamiensis|KVE58540.1	Burkholderia_vietnamiensis	86.949	567	64.2857	NA	0.0	638
TALL-81-1-Ro|nifH|consensus50|strict_single_dominant	nifH|Bradyrhizobium_sp._PUT101|XYX37671.1	Bradyrhizobium_sp._PUT101	96.096	333	37.6271	NA	7.33e-156	544
TALL-8-2-Rh|nifH|consensus50|strict_single_dominant	nifH|Mesorhizobium_sp._WSM4083|XXN81638.1	Mesorhizobium_sp._WSM4083	89.869	612	68.4564	NA	0.0	785
TALL-83-1-No|nifH|consensus50|strict_single_dominant	nifH|Frankia_sp._AcoPraII.1|CAI5943485.1	Frankia_sp._AcoPraII.1	89.912	565	65.3935	NA	0.0	721
TALL-83-3-No|nifH|consensus50|strict_single_dominant	nifH|Frankia_sp._AcoPraII.1|CAI5943485.1	Frankia_sp._AcoPraII.1	89.753	566	65.5093	NA	0.0	719
TALL-83-3-Rh|nifH|consensus50|strict_single_dominant	nifH|Bradyrhizobium_sp._PUT101|XYX37671.1	Bradyrhizobium_sp._PUT101	94.428	341	38.5311	NA	7.39e-151	527
TALL-84-1-No|nifH|consensus50|strict_single_dominant	nifH|Mesorhizobium_sp._WSM4083|XXN81638.1	Mesorhizobium_sp._WSM4083	88.254	630	70.4698	NA	0.0	754
TALL-84-1-Rh|nifH|consensus50|strict_single_dominant	nifH|Bradyrhizobium_sp._PUT101|XYX37671.1	Bradyrhizobium_sp._PUT101	94.778	383	43.2768	NA	5.55e-172	597
TALL-86-1-No|nifH|consensus50|strict_single_dominant	nifH|Bradyrhizobium_sp._PUT101|XYX37671.1	Bradyrhizobium_sp._PUT101	84.351	639	72.2034	NA	0.0	669
TALL-87-3-Rh|nifH|consensus50|strict_single_dominant	nifH|Bradyrhizobium_sp._PUT101|XYX37671.1	Bradyrhizobium_sp._PUT101	96.104	385	43.5028	NA	0.0	628
TALL-89-1-No|nifH|consensus50|strict_single_dominant	nifH|Bradyrhizobium_ottawaense|XZF72199.1	Bradyrhizobium_ottawaense	90.155	386	43.6158	NA	1.24e-143	503
TALL-89-1-Rh|nifH|consensus50|strict_single_dominant	nifH|Bradyrhizobium_sp._PUT101|XYX37671.1	Bradyrhizobium_sp._PUT101	96.307	352	39.774	NA	2.01e-166	579
TALL-89-1-Ro|nifH|consensus50|strict_single_dominant	nifH|Rhizobium_azibense|CAO4004957.1	Rhizobium_azibense	87.322	702	78.5235	NA	0.0	802
TALL-90-1-No|nifH|consensus50|strict_single_dominant	nifH|Neorhizobium_galegae|AIY31028.1	Neorhizobium_galegae	90.716	754	99.2105	NA	0.0	1003
TALL-90-1-Ro|nifH|consensus50|strict_single_dominant	nifH|Burkholderia_sp._Br3469|AAT06095.1	Burkholderia_sp._Br3469	92.918	353	53.811	NA	5.75e-147	514
TALL-92-1-Rh|nifH|consensus50|strict_single_dominant	nifH|Mesorhizobium_caraganae|CAN7239890.1	Mesorhizobium_caraganae	89.099	477	53.3557	NA	7.18e-171	593
TALL-92-1-Ro|nifH|consensus50|strict_single_dominant	nifH|Rhizobium_azibense|CAO4004957.1	Rhizobium_azibense	91.592	785	87.8076	NA	0.0	1083
TALL-9-2-Rh|nifH|consensus50|strict_single_dominant	nifH|Mesorhizobium_sp._WSM4083|XXN81638.1	Mesorhizobium_sp._WSM4083	91.118	608	68.0089	NA	0.0	822
TALL-9-2-Ro|nifH|consensus50|strict_single_dominant	nifH|Microvirga_lotononidis|WQO30062.1	Microvirga_lotononidis	89.238	827	92.5056	NA	0.0	1033
TALL-93-1-No|nifH|consensus50|strict_single_dominant	nifH|Frankia_alni|QCW05389.1	Frankia_alni	93.333	375	60.9756	NA	9.42e-160	556
TALL-93-3-No|nifH|consensus50|strict_single_dominant	nifH|Sinorhizobium_meliloti_(Rhizobium_meliloti)|XEM16083.1	Sinorhizobium_meliloti_(Rhizobium_meliloti)	91.088	662	74.0492	NA	0.0	896
TALL-93-3-Ro|nifH|consensus50|strict_single_dominant	nifH|Sinorhizobium_meliloti_(Rhizobium_meliloti)|XEM16083.1	Sinorhizobium_meliloti_(Rhizobium_meliloti)	92.465	637	71.2528	NA	0.0	909
TEAK-2-1-No|nifH|consensus50|strict_single_dominant	nifH|Rhizobium_leguminosarum|BEJ25671.1	Rhizobium_leguminosarum	88.099	689	77.5901	NA	0.0	837
TEAK-2-1-Rh|nifH|consensus50|strict_single_dominant	nifH|Rhizobium_binae|XXB05130.1	Rhizobium_binae	91.447	795	88.9262	NA	0.0	1092
TEAK-3-1-No|nifH|consensus50|strict_single_dominant	nifH|Bradyrhizobium_sp._PUT101|XYX37671.1	Bradyrhizobium_sp._PUT101	85.061	656	74.1243	NA	0.0	708
TOOL-10-No|nifH|consensus50|strict_single_dominant	nifH|Mesorhizobium_sp._AaZ16|XIK06011.1	Mesorhizobium_sp._AaZ16	92.935	821	91.8345	NA	0.0	1192
TOOL-11-No|nifH|consensus50|strict_single_dominant	nifH|Mesorhizobium_sp._AaZ16|XIK06011.1	Mesorhizobium_sp._AaZ16	92.961	824	92.17	NA	0.0	1197
TOOL-12-No|nifH|consensus50|strict_single_dominant	nifH|Mesorhizobium_sp._AaZ16|XIK06011.1	Mesorhizobium_sp._AaZ16	93.015	816	91.2752	NA	0.0	1192
TOOL-12-Rh|nifH|consensus50|strict_single_dominant	nifH|Mesorhizobium_sp._WSM4083|XXN81638.1	Mesorhizobium_sp._WSM4083	91.840	625	69.9105	NA	0.0	870
TOOL-12-Ro|nifH|consensus50|strict_single_dominant	nifH|Mesorhizobium_sp._AaZ16|XIK06011.1	Mesorhizobium_sp._AaZ16	90.909	825	92.2819	NA	0.0	1107
TOOL-13-Ro|nifH|consensus50|strict_single_dominant	nifH|Mesorhizobium_sp._AaZ16|XIK06011.1	Mesorhizobium_sp._AaZ16	88.271	827	92.5056	NA	0.0	1024
TOOL-14-No|nifH|consensus50|strict_single_dominant	nifH|Mesorhizobium_sp._AaZ16|XIK06011.1	Mesorhizobium_sp._AaZ16	92.743	813	90.9396	NA	0.0	1175
TOOL-14-Ro|nifH|consensus50|strict_single_dominant	nifH|Mesorhizobium_sp._WSM4083|XXN81638.1	Mesorhizobium_sp._WSM4083	88.778	802	89.7092	NA	0.0	981
TOOL-15-No|nifH|consensus50|strict_single_dominant	nifH|Mesorhizobium_sp._AaZ16|XIK06011.1	Mesorhizobium_sp._AaZ16	93.146	817	91.387	NA	0.0	1197
TOOL-15-Rh|nifH|consensus50|strict_single_dominant	nifH|Bradyrhizobium_ottawaense|XZF72199.1	Bradyrhizobium_ottawaense	90.764	314	35.4802	NA	1.29e-118	420
TOOL-16-No|nifH|consensus50|strict_single_dominant	nifH|Mesorhizobium_sp._AaZ16|XIK06011.1	Mesorhizobium_sp._AaZ16	93.182	792	88.5906	NA	0.0	1164
TOOL-16-Rh|nifH|consensus50|strict_single_dominant	nifH|Neorhizobium_galegae|AIY31028.1	Neorhizobium_galegae	93.721	637	83.8158	NA	0.0	953
TOOL-16-Ro|nifH|consensus50|strict_single_dominant	nifH|Mesorhizobium_sp._AaZ16|XIK06011.1	Mesorhizobium_sp._AaZ16	92.949	624	69.7987	NA	0.0	909
TOOL-17-No|nifH|consensus50|strict_single_dominant	nifH|Bradyrhizobium_ottawaense|XZF72199.1	Bradyrhizobium_ottawaense	92.896	366	41.3559	NA	1.59e-152	532
TOOL-17-Rh|nifH|consensus50|strict_single_dominant	nifH|Mesorhizobium_sp._AaZ16|XIK06011.1	Mesorhizobium_sp._AaZ16	92.683	820	91.7226	NA	0.0	1181
TOOL-18-Ro|nifH|consensus50|strict_single_dominant	nifH|Mesorhizobium_sp._AaZ16|XIK06011.1	Mesorhizobium_sp._AaZ16	90.265	791	88.4787	NA	0.0	1072
TOOL-19-Rh|nifH|consensus50|strict_single_dominant	nifH|Phyllobacterium_sophorae|AIX13314.1	Phyllobacterium_sophorae	94.904	628	92.6254	NA	0.0	983
TOOL-1-Rh|nifH|consensus50|strict_single_dominant	nifH|Microvirga_lotononidis|WQO30062.1	Microvirga_lotononidis	88.848	816	91.2752	NA	0.0	1003
TOOL-23-No|nifH|consensus50|strict_single_dominant	nifH|Mesorhizobium_sp._AaZ16|XIK06011.1	Mesorhizobium_sp._AaZ16	93.187	822	91.9463	NA	0.0	1208
TOOL-23-Ro|nifH|consensus50|strict_single_dominant	nifH|Mesorhizobium_sp._AaZ16|XIK06011.1	Mesorhizobium_sp._AaZ16	93.734	798	89.2617	NA	0.0	1197
TOOL-24-No|nifH|consensus50|strict_single_dominant	nifH|Mesorhizobium_sp._AaZ16|XIK06011.1	Mesorhizobium_sp._AaZ16	93.529	819	91.6107	NA	0.0	1219
TOOL-24-Rh|nifH|consensus50|strict_single_dominant	nifH|Mesorhizobium_sp._AaZ16|XIK06011.1	Mesorhizobium_sp._AaZ16	92.935	821	91.8345	NA	0.0	1192
TOOL-25-No|nifH|consensus50|strict_single_dominant	nifH|Mesorhizobium_sp._AaZ16|XIK06011.1	Mesorhizobium_sp._AaZ16	92.840	824	92.17	NA	0.0	1192
TOOL-26-No|nifH|consensus50|strict_single_dominant	nifH|Mesorhizobium_sp._AaZ16|XIK06011.1	Mesorhizobium_sp._AaZ16	93.633	801	89.5973	NA	0.0	1197
TOOL-27-2-No|nifH|consensus50|strict_single_dominant	nifH|Mesorhizobium_sp._AaZ16|XIK06011.1	Mesorhizobium_sp._AaZ16	93.204	824	92.17	NA	0.0	1208
TOOL-28-Rh|nifH|consensus50|strict_single_dominant	nifH|Rhizobium_azibense|CAO4004957.1	Rhizobium_azibense	86.627	673	75.2796	NA	0.0	787
TOOL-28-Ro|nifH|consensus50|strict_single_dominant	nifH|Mesorhizobium_sp._AaZ16|XIK06011.1	Mesorhizobium_sp._AaZ16	87.770	695	77.7405	NA	0.0	833
TOOL-29-Rh|nifH|consensus50|strict_single_dominant	nifH|Mesorhizobium_sp._WSM4083|XXN81638.1	Mesorhizobium_sp._WSM4083	89.857	769	86.0179	NA	0.0	994
TOOL-29-Ro|nifH|consensus50|strict_single_dominant	nifH|Mesorhizobium_sp._WSM4083|XXN81638.1	Mesorhizobium_sp._WSM4083	89.263	801	89.5973	NA	0.0	1037
TOOL-30-No|nifH|consensus50|strict_single_dominant	nifH|Mesorhizobium_sp._AaZ16|XIK06011.1	Mesorhizobium_sp._AaZ16	93.382	816	91.2752	NA	0.0	1208
TOOL-31-Rh|nifH|consensus50|strict_single_dominant	nifH|Mesorhizobium_sp._AaZ16|XIK06011.1	Mesorhizobium_sp._AaZ16	93.498	769	86.0179	NA	0.0	1144
TOOL-32-Ro|nifH|consensus50|strict_single_dominant	nifH|Mesorhizobium_sp._WSM4083|XXN81638.1	Mesorhizobium_sp._WSM4083	90.189	795	88.9262	NA	0.0	1037
TOOL-33-1-Ro|nifH|consensus50|strict_single_dominant	nifH|Mesorhizobium_sp._AaZ16|XIK06011.1	Mesorhizobium_sp._AaZ16	89.934	755	84.4519	NA	0.0	970
TOOL-3-No|nifH|consensus50|strict_single_dominant	nifH|Microvirga_sp._RSM25|XKE00370.1	Microvirga_sp._RSM25	89.878	820	91.7226	NA	0.0	1053
TOOL-5-No|nifH|consensus50|strict_single_dominant	nifH|Mesorhizobium_sp._WSM4083|XXN81638.1	Mesorhizobium_sp._WSM4083	87.148	817	91.387	NA	0.0	937
TOOL-5-Rh|nifH|consensus50|strict_single_dominant	nifH|Mesorhizobium_sp._WSM4083|XXN81638.1	Mesorhizobium_sp._WSM4083	89.066	814	91.0515	NA	0.0	1011
TOOL-5-Ro|nifH|consensus50|strict_single_dominant	nifH|Mesorhizobium_sp._WSM4083|XXN81638.1	Mesorhizobium_sp._WSM4083	88.862	826	92.3937	NA	0.0	1016
TOOL-8-No|nifH|consensus50|strict_single_dominant	nifH|Mesorhizobium_sp._AaZ16|XIK06011.1	Mesorhizobium_sp._AaZ16	92.935	821	91.8345	NA	0.0	1192
TOOL-8-Rh|nifH|consensus50|strict_single_dominant	nifH|Microvirga_lotononidis|WQO30062.1	Microvirga_lotononidis	87.956	822	91.9463	NA	0.0	970
TOOL-9-No|nifH|consensus50|strict_single_dominant	nifH|Mesorhizobium_sp._AaZ16|XIK06011.1	Mesorhizobium_sp._AaZ16	92.961	824	92.17	NA	0.0	1197
TOOL-9-Rh|nifH|consensus50|strict_single_dominant	nifH|Mesorhizobium_sp._AaZ16|XIK06011.1	Mesorhizobium_sp._AaZ16	87.333	821	91.8345	NA	0.0	974
UKFS-3-2-No|nifH|consensus50|strict_single_dominant	nifH|Bradyrhizobium_sp._PUT101|XYX37671.1	Bradyrhizobium_sp._PUT101	88.550	655	74.0113	NA	0.0	830
UKFS-4-1-No|nifH|consensus50|strict_single_dominant	nifH|Rhizobium_azibense|CAO4004957.1	Rhizobium_azibense	86.659	817	91.387	NA	0.0	904
UKFS-5-1-No|nifH|consensus50|strict_single_dominant	nifH|Bradyrhizobium_ottawaense|XZF72199.1	Bradyrhizobium_ottawaense	84.194	639	72.2034	NA	0.0	708
UKFS-52-1-No|nifH|consensus50|strict_single_dominant	nifH|Bradyrhizobium_ottawaense|XZF72199.1	Bradyrhizobium_ottawaense	93.590	390	44.0678	NA	1.55e-167	582
UKFS-52-1-Rh|nifH|consensus50|strict_single_dominant	nifH|Microvirga_lotononidis|WQO30062.1	Microvirga_lotononidis	90.110	819	91.6107	NA	0.0	1064
UKFS-6-1-No|nifH|consensus50|strict_single_dominant	nifH|Bradyrhizobium_ottawaense|XZF72199.1	Bradyrhizobium_ottawaense	93.622	392	44.2938	NA	1.20e-168	586
UKFS-6-3-Rh|nifH|consensus50|strict_single_dominant	nifH|Bradyrhizobium_sp._PUT101|XYX37671.1	Bradyrhizobium_sp._PUT101	94.041	386	43.6158	NA	1.20e-168	586
UNDE-1-2-Ro|nifH|consensus50|strict_single_dominant	nifH|Microvirga_lotononidis|WQO30062.1	Microvirga_lotononidis	90.865	613	68.5682	NA	0.0	821
WOOD-10-1-Ro|nifH|consensus50|strict_single_dominant	nifH|Sinorhizobium_meliloti_(Rhizobium_meliloti)|XEM16083.1	Sinorhizobium_meliloti_(Rhizobium_meliloti)	87.589	701	78.4116	NA	0.0	813
WOOD-11-1-No|nifH|consensus50|strict_single_dominant	nifH|Sinorhizobium_meliloti_(Rhizobium_meliloti)|XHY72514.1	Sinorhizobium_meliloti_(Rhizobium_meliloti)	95.732	820	91.7226	NA	0.0	1319
WOOD-1-1-Rh|nifH|consensus50|strict_single_dominant	nifH|Bradyrhizobium_sp._PUT101|XYX37671.1	Bradyrhizobium_sp._PUT101	88.448	831	93.8983	NA	0.0	1000
WOOD-12-No|nifH|consensus50|strict_single_dominant	nifH|Sinorhizobium_meliloti_(Rhizobium_meliloti)|XEM16083.1	Sinorhizobium_meliloti_(Rhizobium_meliloti)	96.233	823	92.0582	NA	0.0	1347
WOOD-2-2-Rh|nifH|consensus50|strict_single_dominant	nifH|Microvirga_lotononidis|WQO30062.1	Microvirga_lotononidis	87.713	822	91.9463	NA	0.0	959
WOOD-3-2-No|nifH|consensus50|strict_single_dominant	nifH|Sinorhizobium_meliloti_(Rhizobium_meliloti)|XHY72514.1	Sinorhizobium_meliloti_(Rhizobium_meliloti)	97.601	792	88.5906	NA	0.0	1358
WOOD-3-2-Rh|nifH|consensus50|strict_single_dominant	nifH|Rhizobium_azibense|CAO4004957.1	Rhizobium_azibense	85.976	820	91.7226	NA	0.0	876
WOOD-5-1-Ro|nifH|consensus50|strict_single_dominant	nifH|Rhizobium_azibense|CAO4004957.1	Rhizobium_azibense	98.173	821	91.8345	NA	0.0	1434
WOOD-6-1-No|nifH|consensus50|strict_single_dominant	nifH|Sinorhizobium_meliloti_(Rhizobium_meliloti)|XEM16083.1	Sinorhizobium_meliloti_(Rhizobium_meliloti)	98.622	798	89.2617	NA	0.0	1413
WOOD-6-1-Rh|nifH|consensus50|strict_single_dominant	nifH|Microvirga_lotononidis|WQO30062.1	Microvirga_lotononidis	86.325	819	91.6107	NA	0.0	893
WOOD-7-1-No|nifH|consensus50|strict_single_dominant	nifH|Sinorhizobium_meliloti_(Rhizobium_meliloti)|XEM16083.1	Sinorhizobium_meliloti_(Rhizobium_meliloti)	96.841	823	92.0582	NA	0.0	1375
YELL-11-Rh|nifH|consensus50|strict_single_dominant	nifH|Burkholderia_vietnamiensis|KVE58540.1	Burkholderia_vietnamiensis	86.473	584	66.2132	NA	0.0	688
YELL-1-2-Rh|nifH|consensus50|strict_single_dominant	nifH|Bradyrhizobium_sp._PUT101|XYX37671.1	Bradyrhizobium_sp._PUT101	94.795	365	41.2429	NA	1.21e-163	569
YELL-5-3-Ro|nifH|consensus50|strict_single_dominant	nifH|Microvirga_lotononidis|WQO30062.1	Microvirga_lotononidis	88.103	622	69.5749	NA	0.0	756
