IQ-TREE version 3.1.1 for Linux x86 64-bit built Apr  8 2026
Developed by Bui Quang Minh, Thomas Wong, Nhan Ly-Trong, Huaiyan Ren
Contributed by Lam-Tung Nguyen, Dominik Schrempf, Chris Bielow,
Olga Chernomor, Michael Woodhams, Diep Thi Hoang, Heiko Schmidt

Host:    solislemus-001.discovery.wisc.edu (AVX512, FMA3, 1007 GB RAM)
Command: iqtree -s /mnt/dv/wid/projects6/SolisLemus-Intbio-raw/processed-data/symbiosis_sorted_v2/nifH_clean5_mafft_alignment_v2/nifH_clean5_iupac_all_pass.mafft.fasta -m GTR+F+R9 -T AUTO --prefix /mnt/dv/wid/projects6/SolisLemus-Intbio-raw/processed-data/symbiosis_sorted_v2/nifH_clean5_iqtree_v2/nifH_clean5_iupac_all_pass_fast_noboot
Seed:    241787 (Using SPRNG - Scalable Parallel Random Number Generator)
Time:    Sat Jul  4 13:03:47 2026
Kernel:  AVX+FMA - auto-detect threads (72 CPU cores detected)

Reading alignment file /mnt/dv/wid/projects6/SolisLemus-Intbio-raw/processed-data/symbiosis_sorted_v2/nifH_clean5_mafft_alignment_v2/nifH_clean5_iupac_all_pass.mafft.fasta ... Fasta format detected
Reading fasta file: done in 0.0491024 secs using 92.03% CPU
Alignment most likely contains DNA/RNA sequences
Constructing alignment: done in 0.0399781 secs using 763.1% CPU
WARNING: 49 sites contain only gaps or ambiguous characters.
Alignment has 4212 sequences with 952 columns, 899 distinct patterns
569 parsimony-informative, 99 singleton sites, 284 constant sites
                                                       Gap/Ambiguity  Composition  p-value
Analyzing sequences: done in 0.00857018 secs using 6792% CPU
   1  BONA-2-Ro|ref52|pass_single_dominant                    18.49%    passed     91.03%
   2  BONA-4-Rh|ref52|pass_single_dominant                    15.97%    passed     67.59%
   3  CLBJ-1-1-No|ref52|pass_mixed_possible_multicopy          9.98%    failed      4.75%
   4  CLBJ-10-1-No|ref52|pass_mixed_possible_multicopy        14.50%    passed     88.22%
   5  CLBJ-13-1-Rh|ref52|pass_single_dominant                 21.64%    passed     35.37%
   6  CLBJ-14-1-No|ref52|pass_single_dominant                  8.30%    passed     25.57%
   7  CLBJ-17-1-No|ref52|pass_mixed_possible_multicopy        21.95%    passed     12.65%
   8  CLBJ-18-1-No|ref52|pass_mixed_possible_multicopy        11.97%    passed     78.51%
   9  CLBJ-19-1-No|ref52|pass_single_dominant                 13.45%    passed     34.75%
  10  CLBJ-19-1-Ro|ref52|pass_mixed_possible_multicopy        18.49%    passed     86.61%
  11  CLBJ-2-No|ref52|pass_single_dominant                     8.40%    passed     50.74%
  12  CLBJ-2-Rh|ref52|pass_mixed_possible_multicopy           12.39%    passed     75.41%
  13  CLBJ-2-Ro|ref52|pass_mixed_possible_multicopy           14.18%    passed     78.68%
  14  CLBJ-26-1-No|ref52|pass_single_dominant                  8.19%    passed     42.99%
  15  CLBJ-27-1-No|ref52|pass_single_dominant                  8.40%    passed     46.60%
  16  CLBJ-3-1-No|ref52|pass_mixed_possible_multicopy         11.76%    passed     17.59%
  17  CLBJ-3-1-Ro|ref52|pass_mixed_possible_multicopy         10.19%    passed     50.07%
  18  CLBJ-35-1-No|ref52|pass_single_dominant                 17.23%    passed     80.80%
  19  CLBJ-4-1-No|ref52|pass_single_dominant                   8.09%    passed     58.21%
  20  CLBJ-4-1-Rh|ref52|pass_mixed_possible_multicopy         12.92%    passed     52.01%
  21  CLBJ-4-1-Ro|ref52|pass_single_dominant                   8.09%    passed     58.21%
  22  CLBJ-42-1-Ro|ref52|pass_mixed_possible_multicopy        23.21%    passed     88.70%
  23  CLBJ-43-2-Ro|ref52|pass_single_dominant                 11.03%    passed     91.69%
  24  CLBJ-5-2-No|ref52|pass_single_dominant                   8.30%    passed     89.17%
  25  CLBJ-5-2-Rh|ref52|pass_single_dominant                   9.03%    passed     79.52%
  26  CLBJ-5-2-Ro|ref52|pass_mixed_possible_multicopy         11.24%    passed     65.01%
  27  CLBJ-50-3-No|ref52|pass_mixed_possible_multicopy        13.13%    passed     86.18%
  28  CLBJ-50-3-Rh|ref52|pass_single_dominant                 21.53%    passed     84.31%
  29  CLBJ-9-1-No|ref52|pass_single_dominant                  10.19%    passed     39.49%
  30  CPER-1-No|ref52|pass_mixed_possible_multicopy           15.23%    passed     54.65%
  31  CPER-3-1-No|ref52|pass_single_dominant                  24.26%    passed     52.64%
  32  CPER-3-1-Rh|ref52|pass_mixed_possible_multicopy         25.21%    passed     95.78%
  33  CPER-4-Rh|ref52|pass_single_dominant                    12.82%    passed     84.24%
  34  DCFS-4-No|ref52|pass_mixed_possible_multicopy           12.50%    passed     80.26%
  35  DCFS-4-Rh|ref52|pass_mixed_possible_multicopy           10.61%    passed     65.19%
  36  DCFS-5-1-No|ref52|pass_mixed_possible_multicopy         23.42%    passed     64.57%
  37  DEJU-11-1-No|ref52|pass_single_dominant                 22.79%    passed     42.73%
  38  DEJU-11-1-Ro|ref52|pass_single_dominant                  9.03%    passed     94.15%
  39  DEJU-37-No|ref52|pass_mixed_possible_multicopy          25.74%    passed     88.50%
  40  DEJU-52-1-No|ref52|pass_single_dominant                 16.70%    passed     89.81%
  41  DEJU-57-No|ref52|pass_single_dominant                    9.14%    passed     96.76%
  42  DELA-1-3-No|ref52|pass_single_dominant                   8.51%    passed     15.16%
  43  DELA-1-3-Rh|ref52|pass_single_dominant                   8.61%    passed     14.12%
  44  DELA-1-3-Ro|ref52|pass_single_dominant                  21.53%    passed     31.86%
  45  DELA-10-2-No|ref52|pass_mixed_possible_multicopy        19.96%    passed     57.41%
  46  DELA-11-3-No|ref52|pass_mixed_possible_multicopy        16.49%    passed     70.72%
  47  DELA-11-3-Ro|ref52|pass_mixed_possible_multicopy        20.69%    passed     86.02%
  48  DELA-13-1-No|ref52|pass_mixed_possible_multicopy        19.01%    passed     82.63%
  49  DELA-13-1-Rh|ref52|pass_mixed_possible_multicopy        13.34%    passed     84.54%
  50  DELA-14-2-No|ref52|pass_mixed_possible_multicopy        17.75%    passed     84.17%
  51  DELA-14-2-Rh|ref52|pass_mixed_possible_multicopy        10.29%    passed     84.07%
  52  DELA-14-2-Ro|ref52|pass_mixed_possible_multicopy        12.82%    passed     81.63%
  53  DELA-15-1-No|ref52|pass_mixed_possible_multicopy        15.55%    passed     82.81%
  54  DELA-15-1-Rh|ref52|pass_mixed_possible_multicopy        15.76%    passed     56.24%
  55  DELA-15-1-Ro|ref52|pass_mixed_possible_multicopy        17.65%    passed     45.54%
  56  DELA-18-2-No|ref52|pass_mixed_possible_multicopy        14.08%    passed     36.93%
  57  DELA-18-2-Rh|ref52|pass_mixed_possible_multicopy        13.45%    passed     50.18%
  58  DELA-18-2-Ro|ref52|pass_mixed_possible_multicopy        20.38%    passed     67.40%
  59  DELA-20-1-No|ref52|pass_mixed_possible_multicopy        13.97%    passed     75.77%
  60  DELA-20-1-Rh|ref52|pass_mixed_possible_multicopy        13.97%    passed     53.03%
  61  DELA-20-1-Ro|ref52|pass_mixed_possible_multicopy        12.71%    passed     21.82%
  62  DELA-23-2-No|ref52|pass_mixed_possible_multicopy        25.00%    passed     15.63%
  63  DELA-24-1-Rh|ref52|pass_mixed_possible_multicopy        10.82%    passed     48.49%
  64  DELA-26-3-No|ref52|pass_mixed_possible_multicopy        10.29%    passed     54.34%
  65  DELA-26-3-Rh|ref52|pass_mixed_possible_multicopy        10.40%    passed     51.45%
  66  DELA-26-3-Ro|ref52|pass_mixed_possible_multicopy        10.71%    passed     59.00%
  67  DELA-27-3-No|ref52|pass_single_dominant                  8.72%    passed     41.27%
  68  DELA-27-3-Rh|ref52|pass_mixed_possible_multicopy        31.20%    passed     36.37%
  69  DELA-29-1-No|ref52|pass_mixed_possible_multicopy        13.24%    passed     32.41%
  70  DELA-29-1-Rh|ref52|pass_single_dominant                  9.45%    passed     24.03%
  71  DELA-3-3-No|ref52|pass_mixed_possible_multicopy         17.33%    passed     33.91%
  72  DELA-30-2-Rh|ref52|pass_mixed_possible_multicopy        17.23%    passed     53.13%
  73  DELA-31-1-Rh|ref52|pass_single_dominant                 17.44%    passed     40.60%
  74  DELA-32-1-No|ref52|pass_single_dominant                  8.72%    passed     96.98%
  75  DELA-9-1-No|ref52|pass_single_dominant                   8.19%    passed     24.65%
  76  DELA-9-1-Ro|ref52|pass_single_dominant                  16.07%    passed     42.14%
  77  DSNY-101-1-Rh|ref52|pass_single_dominant                12.71%    passed     83.28%
  78  DSNY-11-3-No|ref52|pass_single_dominant                  9.66%    passed     72.56%
  79  DSNY-12-2-No|ref52|pass_mixed_possible_multicopy        14.81%    passed     92.40%
  80  DSNY-12-2-Ro|ref52|pass_mixed_possible_multicopy        19.33%    passed     54.27%
  81  DSNY-13-1-Rh|ref52|pass_single_dominant                 18.17%    passed     78.91%
  82  DSNY-14-1-No|ref52|pass_single_dominant                 11.45%    passed     74.43%
  83  DSNY-14-1-Rh|ref52|pass_single_dominant                 10.08%    passed     68.98%
  84  DSNY-15-1-No|ref52|pass_single_dominant                  9.56%    passed     78.87%
  85  DSNY-17-3-No|ref52|pass_single_dominant                 15.23%    passed     11.86%
  86  DSNY-2-1-No|ref52|pass_mixed_possible_multicopy         18.28%    passed     15.31%
  87  DSNY-2-1-Rh|ref52|pass_single_dominant                   8.30%    passed     95.28%
  88  DSNY-24-1-Rh|ref52|pass_mixed_possible_multicopy        19.64%    passed     99.97%
  89  DSNY-3-1-No|ref52|pass_mixed_possible_multicopy         20.90%    passed     33.05%
  90  DSNY-34-1-Rh|ref52|pass_mixed_possible_multicopy        21.53%    passed     96.38%
  91  DSNY-36-1-Rh|ref52|pass_mixed_possible_multicopy        21.01%    passed     91.10%
  92  DSNY-37-1-Rh|ref52|pass_mixed_possible_multicopy        12.71%    passed     96.90%
  93  DSNY-5-1-No|ref52|pass_single_dominant                  23.11%    passed     33.85%
  94  DSNY-65-1-Ro|ref52|pass_single_dominant                 21.53%    passed     89.20%
  95  DSNY-66-1-No|ref52|pass_single_dominant                 12.39%    passed      9.98%
  96  DSNY-66-1-Ro|ref52|pass_single_dominant                 20.48%    passed     65.25%
  97  DSNY-67-3-No|ref52|pass_mixed_possible_multicopy        12.92%    passed     12.24%
  98  DSNY-69-1-No|ref52|pass_single_dominant                 19.01%    passed     17.19%
  99  DSNY-69-1-Ro|ref52|pass_mixed_possible_multicopy        20.59%    passed     98.49%
 100  DSNY-70-1-Ro|ref52|pass_single_dominant                 14.71%    passed     66.28%
 101  DSNY-74-1-Rh|ref52|pass_mixed_possible_multicopy        10.50%    passed     54.19%
 102  DSNY-74-1-Ro|ref52|pass_mixed_possible_multicopy        17.75%    passed     59.15%
 103  DSNY-75-1-No|ref52|pass_mixed_possible_multicopy        15.76%    passed     56.40%
 104  DSNY-75-1-Rh|ref52|pass_mixed_possible_multicopy        12.08%    passed     66.81%
 105  DSNY-75-1-Ro|ref52|pass_mixed_possible_multicopy        18.17%    passed     49.12%
 106  DSNY-76-1-Rh|ref52|pass_mixed_possible_multicopy        15.23%    passed     71.40%
 107  DSNY-76-1-Ro|ref52|pass_mixed_possible_multicopy        14.50%    passed     95.34%
 108  DSNY-8-1-No|ref52|pass_mixed_possible_multicopy         10.29%    passed     89.62%
 109  DSNY-80-1-No|ref52|pass_single_dominant                 21.43%    passed     44.72%
 110  DSNY-CLFR-60-Ro|ref52|pass_single_dominant               9.77%    passed     84.11%
 111  DSNY-GAEL-33-1-Rh|ref52|pass_single_dominant            14.92%    passed     51.37%
 112  DSNY-SEHE-60-No|ref52|pass_single_dominant               8.72%    passed     15.82%
 113  GUAN-2-No|ref52|pass_mixed_possible_multicopy           23.74%    passed     55.86%
 114  GUAN-2-Ro|ref52|pass_single_dominant                     9.66%    passed     51.85%
 115  GUAN-5-No|ref52|pass_single_dominant                     9.03%    passed     53.97%
 116  HEAL-7-1-Ro|ref52|pass_single_dominant                  10.19%    passed     60.62%
 117  JERC-1-2-No|ref52|pass_single_dominant                   8.93%    passed     71.82%
 118  JERC-1-2-Rh|ref52|pass_mixed_possible_multicopy          9.87%    passed     54.88%
 119  JERC-1-2-Ro|ref52|pass_single_dominant                  13.45%    passed     60.86%
 120  JERC-10-3-No|ref52|pass_single_dominant                 23.53%    passed     74.92%
 121  JERC-10-3-Rh|ref52|pass_single_dominant                  9.98%    passed     80.99%
 122  JERC-109-1-No|ref52|pass_mixed_possible_multicopy       22.27%    failed      4.67%
 123  JERC-11-1-No|ref52|pass_single_dominant                  8.82%    passed     81.00%
 124  JERC-11-1-Ro|ref52|pass_single_dominant                 17.44%    passed     30.66%
 125  JERC-119-No|ref52|pass_mixed_possible_multicopy         12.71%    passed     57.39%
 126  JERC-119-Ro|ref52|pass_single_dominant                   9.35%    passed     89.12%
 127  JERC-12-1-No|ref52|pass_mixed_possible_multicopy        17.75%    passed     42.97%
 128  JERC-120-No|ref52|pass_mixed_possible_multicopy         20.27%    passed     12.57%
 129  JERC-121-No|ref52|pass_single_dominant                  19.64%    passed     77.64%
 130  JERC-121-Ro|ref52|pass_single_dominant                   9.24%    passed     77.97%
 131  JERC-122-No|ref52|pass_mixed_possible_multicopy         16.18%    passed     40.02%
 132  JERC-123-Ro|ref52|pass_mixed_possible_multicopy         15.13%    passed     69.28%
 133  JERC-128-2-Rh|ref52|pass_single_dominant                 8.61%    passed     80.26%
 134  JERC-128-2-Ro|ref52|pass_single_dominant                17.96%    passed     83.70%
 135  JERC-13-3-Ro|ref52|pass_single_dominant                  9.66%    passed      5.93%
 136  JERC-131-No|ref52|pass_single_dominant                   8.40%    passed     73.43%
 137  JERC-134-3-Ro|ref52|pass_single_dominant                13.34%    passed     43.47%
 138  JERC-14-5-No|ref52|pass_single_dominant                 15.55%    passed     81.43%
 139  JERC-14-5-Rh|ref52|pass_mixed_possible_multicopy        17.33%    passed     87.76%
 140  JERC-140-Rh|ref52|pass_single_dominant                  22.90%    passed     90.17%
 141  JERC-142-Rh|ref52|pass_single_dominant                  13.13%    passed     98.95%
 142  JERC-144-Rh|ref52|pass_mixed_possible_multicopy         15.86%    passed     94.38%
 143  JERC-145-1-No|ref52|pass_single_dominant                24.58%    passed     90.53%
 144  JERC-146-Ro|ref52|pass_single_dominant                  19.01%    passed     72.27%
 145  JERC-150-Ro|ref52|pass_single_dominant                  17.33%    passed     97.01%
 146  JERC-153-No|ref52|pass_single_dominant                  10.61%    passed     10.50%
 147  JERC-154-Rh|ref52|pass_single_dominant                  15.23%    passed     88.60%
 148  JERC-156-No|ref52|pass_single_dominant                  24.89%    passed     22.12%
 149  JERC-157-2-Rh|ref52|pass_single_dominant                16.49%    passed     74.22%
 150  JERC-16-2-Rh|ref52|pass_single_dominant                 10.29%    passed     92.53%
 151  JERC-161-Ro|ref52|pass_single_dominant                  16.70%    passed     91.24%
 152  JERC-165-No|ref52|pass_single_dominant                  13.45%    passed     58.85%
 153  JERC-167-No|ref52|pass_single_dominant                  11.13%    passed     93.69%
 154  JERC-170-No|ref52|pass_single_dominant                  17.75%    failed      2.43%
 155  JERC-171-No|ref52|pass_single_dominant                  10.29%    passed     20.57%
 156  JERC-171-Ro|ref52|pass_mixed_possible_multicopy         14.60%    passed     92.46%
 157  JERC-175-1-No|ref52|pass_single_dominant                24.79%    passed     87.32%
 158  JERC-177-No|ref52|pass_single_dominant                  19.43%    passed     48.77%
 159  JERC-18-2-Rh|ref52|pass_single_dominant                 18.38%    passed     66.07%
 160  JERC-189-1-Rh|ref52|pass_single_dominant                24.26%    passed     91.92%
 161  JERC-198-No|ref52|pass_single_dominant                  11.66%    passed     25.30%
 162  JERC-2-1-No|ref52|pass_mixed_possible_multicopy         10.71%    passed      5.70%
 163  JERC-2-1-Rh|ref52|pass_mixed_possible_multicopy         15.13%    passed     22.01%
 164  JERC-2-1-Ro|ref52|pass_mixed_possible_multicopy         13.13%    passed     65.03%
 165  JERC-20-1-No|ref52|pass_single_dominant                 16.28%    passed     35.64%
 166  JERC-20-1-Rh|ref52|pass_mixed_possible_multicopy        25.95%    passed     96.13%
 167  JERC-203-1-No|ref52|pass_single_dominant                14.60%    passed     32.43%
 168  JERC-26-5-No|ref52|pass_single_dominant                  9.45%    passed     69.85%
 169  JERC-28-4-Ro|ref52|pass_single_dominant                 11.76%    passed     90.53%
 170  JERC-3-1-No|ref52|pass_mixed_possible_multicopy         12.71%    failed      2.38%
 171  JERC-3-1-Rh|ref52|pass_mixed_possible_multicopy         13.87%    passed     85.76%
 172  JERC-3-1-Ro|ref52|pass_mixed_possible_multicopy         11.13%    passed     40.66%
 173  JERC-30-3-Rh|ref52|pass_single_dominant                 19.12%    passed     75.24%
 174  JERC-34-4-No|ref52|pass_single_dominant                  8.40%    passed     95.63%
 175  JERC-4-1-No|ref52|pass_mixed_possible_multicopy         10.19%    failed      1.79%
 176  JERC-4-1-Rh|ref52|pass_mixed_possible_multicopy         14.29%    passed     54.23%
 177  JERC-5-3-No|ref52|pass_mixed_possible_multicopy         10.71%    failed      0.52%
 178  JERC-5-3-Rh|ref52|pass_single_dominant                  15.65%    passed     97.86%
 179  JERC-5-3-Ro|ref52|pass_mixed_possible_multicopy         12.50%    passed     51.57%
 180  JERC-50-5-Rh|ref52|pass_single_dominant                 21.53%    passed     74.27%
 181  JERC-50-5-Ro|ref52|pass_mixed_possible_multicopy        14.81%    passed     93.94%
 182  JERC-54-2-Rh|ref52|pass_mixed_possible_multicopy        10.71%    passed     39.71%
 183  JERC-6-3-No|ref52|pass_single_dominant                   8.61%    failed      1.55%
 184  JERC-7-2-No|ref52|pass_single_dominant                  23.32%    passed     84.76%
 185  JERC-7-2-Rh|ref52|pass_mixed_possible_multicopy         14.71%    passed     79.02%
 186  JERC-7-2-Ro|ref52|pass_mixed_possible_multicopy         10.40%    passed     92.00%
 187  JERC-8-2-Rh|ref52|pass_single_dominant                  20.06%    passed     89.36%
 188  JERC-87-1-No|ref52|pass_mixed_possible_multicopy        21.22%    passed     87.13%
 189  JERC-94-1-No|ref52|pass_single_dominant                  8.19%    passed     87.07%
 190  JERC-94-1-Ro|ref52|pass_single_dominant                 17.75%    passed     78.35%
 191  JERC-98-1-No|ref52|pass_single_dominant                 11.34%    passed     84.14%
 192  JERC-98-4-No|ref52|pass_single_dominant                 12.71%    passed     74.26%
 193  JERC-98-4-Ro|ref52|pass_mixed_possible_multicopy        27.73%    passed     89.06%
 194  JERC-99-2-No|ref52|pass_single_dominant                 21.64%    passed      6.14%
 195  JERC-AMFR-56-1-No|ref52|pass_single_dominant             8.40%    passed     90.34%
 196  JERC-AMFR-56-1-Rh|ref52|pass_mixed_possible_multicopy   22.48%    passed     80.77%
 197  JERC-AMFR-56-1-Ro|ref52|pass_mixed_possible_multicopy   25.21%    passed     72.41%
 198  JERC-AMFU-71-1-No|ref52|pass_single_dominant             9.03%    passed     78.23%
 199  JERC-AMFU-71-1-Ro|ref52|pass_single_dominant             8.19%    passed     86.11%
 200  JERC-CRJU-86-1-No|ref52|pass_single_dominant            16.70%    passed     54.94%
 201  JERC-DEFL-61-3-No|ref52|pass_mixed_possible_multicopy   21.11%    failed      3.69%
 202  JERC-DEST-32-1-No|ref52|pass_single_dominant            10.40%    passed     23.25%
 203  JERC-DEST-68-4-No|ref52|pass_single_dominant            24.68%    failed      3.83%
 204  JERC-RHRE-55-1-Rh|ref52|pass_single_dominant            19.75%    passed     95.84%
 205  JERC-RHTO-58-1-Ro|ref52|pass_single_dominant            22.06%    passed     94.15%
 206  JERC-TECW-66-3-No|ref52|pass_single_dominant            24.68%    passed     35.21%
 207  JORN-1-No|ref52|pass_single_dominant                     9.35%    passed     87.97%
 208  JORN-1-Rh|ref52|pass_mixed_possible_multicopy           14.08%    passed     65.48%
 209  JORN-1-Ro|ref52|pass_mixed_possible_multicopy           20.27%    passed     77.48%
 210  JORN-2-1-No|ref52|pass_mixed_possible_multicopy         17.65%    passed     73.79%
 211  JORN-2-1-Rh|ref52|pass_single_dominant                  11.34%    passed     91.43%
 212  JORN-2-1-Ro|ref52|pass_single_dominant                  16.07%    passed     59.34%
 213  JORN-3-1-No|ref52|pass_mixed_possible_multicopy         15.02%    passed     96.42%
 214  JORN-3-1-Rh|ref52|pass_single_dominant                  10.50%    passed     97.08%
 215  JORN-4-1-No|ref52|pass_single_dominant                  11.45%    passed     74.22%
 216  JORN-4-1-Rh|ref52|pass_mixed_possible_multicopy         10.40%    passed     90.38%
 217  JORN-4-1-Ro|ref52|pass_mixed_possible_multicopy         10.29%    passed     91.08%
 218  KONA-1-1-Rh|ref52|pass_mixed_possible_multicopy         10.29%    passed     91.08%
 219  KONA-1-1-Ro|ref52|pass_mixed_possible_multicopy         10.29%    passed     91.08%
 220  KONA-2-1-No|ref52|pass_mixed_possible_multicopy         10.29%    passed     91.08%
 221  KONA-2-1-Rh|ref52|pass_mixed_possible_multicopy         10.29%    passed     91.08%
 222  KONA-2-1-Ro|ref52|pass_mixed_possible_multicopy         10.29%    passed     91.08%
 223  KONA-3-1-No|ref52|pass_mixed_possible_multicopy         10.29%    passed     91.08%
 224  KONA-3-1-Rh|ref52|pass_mixed_possible_multicopy         10.29%    passed     91.08%
 225  KONZ-10-1-Rh|ref52|pass_mixed_possible_multicopy        19.64%    passed     97.65%
 226  KONZ-11-1-No|ref52|pass_mixed_possible_multicopy         9.77%    passed     95.50%
 227  KONZ-12-1-No|ref52|pass_single_dominant                  8.19%    passed     53.38%
 228  KONZ-12-1-Rh|ref52|pass_single_dominant                 23.63%    passed     67.44%
 229  KONZ-13-1-Ro|ref52|pass_mixed_possible_multicopy        20.59%    passed     91.45%
 230  KONZ-15-1-Rh|ref52|pass_single_dominant                 23.95%    passed     86.91%
 231  KONZ-3-1-Rh|ref52|pass_single_dominant                  21.01%    passed     83.02%
 232  KONZ-4-1-No|ref52|pass_mixed_possible_multicopy         16.39%    passed     46.22%
 233  KONZ-4-1-Rh|ref52|pass_single_dominant                  12.82%    passed     82.43%
 234  KONZ-5-1-Rh|ref52|pass_single_dominant                  10.82%    passed     69.43%
 235  KONZ-6-1-No|ref52|pass_mixed_possible_multicopy         11.55%    passed     30.98%
 236  KONZ-6-1-Ro|ref52|pass_mixed_possible_multicopy         10.40%    passed     36.33%
 237  KONZ-8-1-Rh|ref52|pass_mixed_possible_multicopy         10.61%    passed     89.94%
 238  LAJA-1-1-No|ref52|pass_single_dominant                  11.76%    passed     88.87%
 239  LAJA-11-3-No|ref52|pass_mixed_possible_multicopy        11.87%    passed     92.65%
 240  LAJA-17-1-No|ref52|pass_mixed_possible_multicopy        15.13%    passed     88.45%
 241  LAJA-18-1-No|ref52|pass_mixed_possible_multicopy        15.13%    passed     86.99%
 242  LAJA-2-3-No|ref52|pass_mixed_possible_multicopy         19.22%    passed     76.68%
 243  LAJA-2-3-Rh|ref52|pass_mixed_possible_multicopy         13.55%    passed     59.57%
 244  LAJA-20-1-Ro|ref52|pass_mixed_possible_multicopy        16.07%    passed     58.39%
 245  LAJA-21-1-No|ref52|pass_single_dominant                 16.39%    passed     62.74%
 246  LAJA-22-2-No|ref52|pass_mixed_possible_multicopy        10.71%    passed     54.55%
 247  LAJA-26-1-Ro|ref52|pass_mixed_possible_multicopy        22.37%    passed     64.32%
 248  LAJA-3-2-No|ref52|pass_single_dominant                  20.48%    passed     67.33%
 249  LAJA-3-2-Rh|ref52|pass_mixed_possible_multicopy         14.92%    passed     84.23%
 250  LAJA-3-2-Ro|ref52|pass_mixed_possible_multicopy         16.18%    passed     85.75%
 251  LAJA-3-3-No|ref52|pass_mixed_possible_multicopy         22.06%    passed     92.98%
 252  LAJA-4-1-No|ref52|pass_mixed_possible_multicopy         11.76%    passed     50.78%
 253  LAJA-5-1-No|ref52|pass_single_dominant                  11.76%    passed     64.81%
 254  LAJA-6-1-No|ref52|pass_mixed_possible_multicopy         11.97%    passed     37.93%
 255  LAJA-6-1-Rh|ref52|pass_single_dominant                   9.45%    passed     65.89%
 256  LAJA-6-1-Ro|ref52|pass_single_dominant                   9.66%    passed     51.06%
 257  LAJA-7-1-No|ref52|pass_mixed_possible_multicopy         18.07%    passed     90.85%
 258  LAJA-7-1-Rh|ref52|pass_mixed_possible_multicopy         28.47%    passed     88.27%
 259  LAJA-7-1-Ro|ref52|pass_mixed_possible_multicopy         28.89%    passed     59.76%
 260  LAJA-9-1-Rh|ref52|pass_mixed_possible_multicopy         13.55%    passed     60.58%
 261  LENO-12-3-No|ref52|pass_single_dominant                  9.03%    passed     95.43%
 262  LENO-13-2-Ro|ref52|pass_single_dominant                  8.93%    passed     98.55%
 263  LENO-14-3-No|ref52|pass_mixed_possible_multicopy        16.07%    passed     94.69%
 264  LENO-14-3-Ro|ref52|pass_mixed_possible_multicopy        22.37%    passed     71.07%
 265  LENO-3-2-No|ref52|pass_single_dominant                  18.17%    passed     95.16%
 266  LENO-5-2-No|ref52|pass_single_dominant                   8.51%    passed     95.64%
 267  LENO-5-2-Rh|ref52|pass_mixed_possible_multicopy         18.59%    passed     96.29%
 268  LENO-6-1-No|ref52|pass_single_dominant                  16.18%    passed     40.06%
 269  LENO-7-2-No|ref52|pass_single_dominant                   8.40%    passed     94.08%
 270  LENO-7-2-Ro|ref52|pass_single_dominant                  24.79%    passed     96.07%
 271  LENO-9-2-No|ref52|pass_single_dominant                   8.19%    passed     95.04%
 272  LENO-9-2-Rh|ref52|pass_single_dominant                   8.61%    passed     95.20%
 273  MLBS-1-1-Ro|ref52|pass_mixed_possible_multicopy         10.29%    passed     83.37%
 274  MLBS-2-1-No|ref52|pass_single_dominant                  22.16%    passed     98.75%
 275  N35-4-D-No|ref52|pass_mixed_possible_multicopy          10.92%    passed     20.51%
 276  N35-4-D-Ro|ref52|pass_single_dominant                   10.50%    passed     17.90%
 277  N38-2-D-Ro|ref52|pass_mixed_possible_multicopy          23.00%    passed     97.51%
 278  NIWO-1-Rh|ref52|pass_single_dominant                    13.45%    passed     94.06%
 279  NOGP-2-1-No|ref52|pass_single_dominant                  18.80%    passed     27.31%
 280  NOGP-2-1-Rh|ref52|pass_single_dominant                  18.70%    passed     79.10%
 281  OAES-1-1-No|ref52|pass_single_dominant                   8.09%    passed     17.07%
 282  OAES-10-1-No|ref52|pass_mixed_possible_multicopy         9.35%    passed     83.34%
 283  OAES-10-1-Ro|ref52|pass_mixed_possible_multicopy         9.35%    passed     83.34%
 284  OAES-11-1-No|ref52|pass_single_dominant                  8.51%    passed     88.10%
 285  OAES-11-1-Rh|ref52|pass_single_dominant                  8.93%    passed     85.52%
 286  OAES-12-2-No|ref52|pass_single_dominant                  9.03%    passed     96.60%
 287  OAES-12-2-Ro|ref52|pass_single_dominant                  8.30%    passed     97.94%
 288  OAES-15-No|ref52|pass_single_dominant                    8.51%    passed     72.71%
 289  OAES-15-Ro|ref52|pass_single_dominant                    8.72%    passed     72.28%
 290  OAES-16-1-No|ref52|pass_single_dominant                  8.82%    passed     22.14%
 291  OAES-16-1-Rh|ref52|pass_single_dominant                  8.51%    passed     29.68%
 292  OAES-16-1-Ro|ref52|pass_single_dominant                 17.54%    passed     86.73%
 293  OAES-17-No|ref52|pass_mixed_possible_multicopy          10.50%    passed     89.32%
 294  OAES-17-Rh|ref52|pass_single_dominant                    8.72%    passed     78.22%
 295  OAES-17-Ro|ref52|pass_single_dominant                    9.14%    passed     91.80%
 296  OAES-18-3-No|ref52|pass_mixed_possible_multicopy        14.29%    passed     85.18%
 297  OAES-18-3-Rh|ref52|pass_mixed_possible_multicopy        12.82%    passed     82.72%
 298  OAES-18-3-Ro|ref52|pass_single_dominant                 12.18%    passed     84.09%
 299  OAES-2-1-No|ref52|pass_mixed_possible_multicopy         10.61%    passed     84.28%
 300  OAES-20-No|ref52|pass_single_dominant                    8.72%    passed     94.19%
 301  OAES-20-Rh|ref52|pass_single_dominant                   21.32%    passed     70.14%
 302  OAES-20-Ro|ref52|pass_mixed_possible_multicopy           9.35%    passed     95.93%
 303  OAES-21-3-No|ref52|pass_single_dominant                  9.24%    passed     80.70%
 304  OAES-21-3-Ro|ref52|pass_mixed_possible_multicopy        25.21%    passed     89.75%
 305  OAES-22-1-No|ref52|pass_mixed_possible_multicopy         9.87%    passed     84.06%
 306  OAES-22-1-Rh|ref52|pass_single_dominant                  8.19%    passed     81.73%
 307  OAES-23-1-No|ref52|pass_single_dominant                  8.72%    passed     90.57%
 308  OAES-23-1-Rh|ref52|pass_mixed_possible_multicopy        11.13%    passed     91.52%
 309  OAES-23-1-Ro|ref52|pass_single_dominant                  8.30%    passed     83.30%
 310  OAES-25-1-No|ref52|pass_single_dominant                  9.14%    passed     26.68%
 311  OAES-25-1-Rh|ref52|pass_single_dominant                 12.71%    passed     55.39%
 312  OAES-26-1-No|ref52|pass_single_dominant                  8.61%    passed     80.11%
 313  OAES-26-1-Rh|ref52|pass_single_dominant                 15.76%    passed     80.33%
 314  OAES-26-1-Ro|ref52|pass_single_dominant                 10.61%    passed     69.71%
 315  OAES-27-2-No|ref52|pass_single_dominant                  8.93%    passed     84.90%
 316  OAES-28-1-No|ref52|pass_single_dominant                  8.40%    passed     97.32%
 317  OAES-28-1-Rh|ref52|pass_single_dominant                  8.72%    passed     74.20%
 318  OAES-28-1-Ro|ref52|pass_mixed_possible_multicopy         9.77%    passed     90.90%
 319  OAES-29-1-No|ref52|pass_single_dominant                  8.19%    passed     98.16%
 320  OAES-3-1-No|ref52|pass_single_dominant                   8.61%    passed     95.43%
 321  OAES-3-1-Rh|ref52|pass_single_dominant                  16.91%    passed     24.64%
 322  OAES-3-1-Ro|ref52|pass_single_dominant                  16.28%    passed     96.20%
 323  OAES-30-2-No|ref52|pass_mixed_possible_multicopy        18.70%    passed     79.98%
 324  OAES-31-1-No|ref52|pass_single_dominant                  9.24%    passed     95.44%
 325  OAES-31-1-Ro|ref52|pass_mixed_possible_multicopy         9.66%    passed     55.64%
 326  OAES-32-1-No|ref52|pass_single_dominant                  8.72%    passed     92.19%
 327  OAES-32-1-Ro|ref52|pass_mixed_possible_multicopy        11.03%    passed     65.54%
 328  OAES-33-1-No|ref52|pass_single_dominant                  8.72%    passed     87.91%
 329  OAES-34-1-No|ref52|pass_single_dominant                  8.82%    passed     95.38%
 330  OAES-34-1-Rh|ref52|pass_single_dominant                  9.35%    passed     54.13%
 331  OAES-35-1-No|ref52|pass_single_dominant                 17.86%    passed     94.40%
 332  OAES-35-3-No|ref52|pass_single_dominant                  8.30%    passed     97.85%
 333  OAES-35-3-Ro|ref52|pass_mixed_possible_multicopy        11.24%    passed     97.46%
 334  OAES-36-2-No|ref52|pass_single_dominant                 20.38%    passed     64.37%
 335  OAES-36-3-Rh|ref52|pass_single_dominant                 17.54%    passed     73.81%
 336  OAES-37-2-No|ref52|pass_single_dominant                 22.79%    passed     85.47%
 337  OAES-4-1-No|ref52|pass_single_dominant                  12.08%    passed      7.27%
 338  OAES-4-1-Ro|ref52|pass_single_dominant                   9.03%    passed     23.81%
 339  OAES-5-Rh|ref52|pass_single_dominant                     8.19%    passed     60.85%
 340  OAES-6-1-No|ref52|pass_mixed_possible_multicopy         12.29%    passed     93.49%
 341  OAES-6-1-Ro|ref52|pass_single_dominant                  10.40%    passed     36.16%
 342  OAES-7-1-No|ref52|pass_single_dominant                  14.18%    passed     12.88%
 343  OAES-7-1-Rh|ref52|pass_mixed_possible_multicopy         10.19%    passed     86.38%
 344  OAES-7-1-Ro|ref52|pass_single_dominant                   8.61%    passed     41.80%
 345  OAES-8-2-No|ref52|pass_single_dominant                   8.19%    passed     43.91%
 346  OAES-9-1-No|ref52|pass_single_dominant                   8.93%    passed     95.62%
 347  OAES-9-1-Rh|ref52|pass_mixed_possible_multicopy          9.77%    passed     92.39%
 348  OAES_24-3-No|ref52|pass_single_dominant                  9.35%    passed     92.80%
 349  OAES_24-3-Rh|ref52|pass_single_dominant                 11.66%    passed     86.23%
 350  OAES_24-3-Ro|ref52|pass_mixed_possible_multicopy        16.18%    passed     52.89%
 351  ORNL-10-1-No|ref52|pass_mixed_possible_multicopy        27.21%    passed     75.42%
 352  ORNL-11-1-Rh|ref52|pass_mixed_possible_multicopy        17.44%    passed     41.87%
 353  ORNL-13-2-No|ref52|pass_single_dominant                 14.71%    passed     55.84%
 354  ORNL-13-2-Ro|ref52|pass_single_dominant                 18.28%    passed     90.26%
 355  ORNL-18-1-Ro|ref52|pass_single_dominant                 15.76%    passed     88.04%
 356  ORNL-5-1-Rh|ref52|pass_single_dominant                  17.33%    passed     44.02%
 357  ORNL-6-1-No|ref52|pass_single_dominant                  18.80%    failed      0.08%
 358  OSBS-1-2-No|ref52|pass_single_dominant                  22.16%    passed     51.50%
 359  OSBS-102-1-No|ref52|pass_single_dominant                22.16%    passed     95.32%
 360  OSBS-110-1-No|ref52|pass_single_dominant                22.90%    passed      7.58%
 361  OSBS-18-5-Rh|ref52|pass_single_dominant                 16.39%    passed     98.65%
 362  OSBS-2-3-Rh|ref52|pass_mixed_possible_multicopy         11.66%    passed     90.74%
 363  OSBS-32-1-Ro|ref52|pass_single_dominant                 12.82%    passed     83.83%
 364  OSBS-34-1-No|ref52|pass_mixed_possible_multicopy        11.03%    passed     86.22%
 365  OSBS-34-1-Rh|ref52|pass_single_dominant                 13.03%    passed     99.02%
 366  OSBS-34-1-Ro|ref52|pass_single_dominant                 20.06%    passed     91.78%
 367  OSBS-35-1-Rh|ref52|pass_single_dominant                 22.69%    passed     61.86%
 368  OSBS-35-2-No|ref52|pass_single_dominant                  8.93%    passed     98.78%
 369  OSBS-35-2-Ro|ref52|pass_mixed_possible_multicopy        24.58%    passed     64.72%
 370  OSBS-36-1-Rh|ref52|pass_single_dominant                 19.12%    passed     49.12%
 371  OSBS-36-4-No|ref52|pass_single_dominant                 16.81%    passed     91.15%
 372  OSBS-37-1-No|ref52|pass_single_dominant                 11.66%    passed     71.91%
 373  OSBS-37-1-Rh|ref52|pass_single_dominant                 15.55%    passed     99.45%
 374  OSBS-38-1-No|ref52|pass_single_dominant                  8.51%    passed     64.39%
 375  OSBS-38-2-Ro|ref52|pass_single_dominant                 19.75%    passed     99.61%
 376  OSBS-59-1-Rh|ref52|pass_single_dominant                  8.40%    passed     74.43%
 377  OSBS-68-1-No|ref52|pass_single_dominant                 24.58%    passed     46.93%
 378  OSBS-69-1-No|ref52|pass_mixed_possible_multicopy        12.82%    passed     58.00%
 379  OSBS-69-1-Ro|ref52|pass_single_dominant                  9.03%    passed     85.60%
 380  OSBS-7-4-No|ref52|pass_single_dominant                  15.34%    passed     80.04%
 381  OSBS-82-1-No|ref52|pass_mixed_possible_multicopy        25.63%    passed     84.57%
 382  OSBS-82-1-Rh|ref52|pass_single_dominant                 12.29%    passed     87.44%
 383  OSBS-84-1-No|ref52|pass_mixed_possible_multicopy        23.11%    passed     83.60%
 384  OSBS-85-1-Rh|ref52|pass_mixed_possible_multicopy        21.22%    passed     91.77%
 385  OSBS-86-1-Rh|ref52|pass_mixed_possible_multicopy        11.13%    passed     94.84%
 386  OSBS-99-No|ref52|pass_mixed_possible_multicopy          11.13%    passed     92.86%
 387  RMNP-1-No|ref52|pass_single_dominant                     8.72%    passed     88.91%
 388  RMNP-2-No|ref52|pass_single_dominant                     8.19%    passed     93.19%
 389  RMNP-2-Rh|ref52|pass_single_dominant                     9.35%    passed     91.56%
 390  RMNP-3-No|ref52|pass_single_dominant                    13.13%    passed     78.44%
 391  SCBI-12-1-No|ref52|pass_single_dominant                  9.66%    passed     82.06%
 392  SCBI-4-1-Rh|ref52|pass_single_dominant                  24.58%    passed     52.40%
 393  SCBI-5-1-No|ref52|pass_single_dominant                   8.30%    passed     70.87%
 394  SERC-3-1-Ro|ref52|pass_single_dominant                  12.71%    passed     18.89%
 395  SJER-2-3-Ro|ref52|pass_mixed_possible_multicopy         26.79%    passed     59.52%
 396  SRER-1-1-No|ref52|pass_single_dominant                   7.98%    passed     72.67%
 397  SRER-1-1-Rh|ref52|pass_mixed_possible_multicopy         13.03%    passed     73.51%
 398  SRER-1-1-Ro|ref52|pass_single_dominant                   9.24%    passed     74.54%
 399  SRER-10-1-No|ref52|pass_single_dominant                  8.40%    passed     87.67%
 400  SRER-10-1-Rh|ref52|pass_mixed_possible_multicopy         9.98%    passed     93.42%
 401  SRER-10-1-Ro|ref52|pass_mixed_possible_multicopy        10.29%    passed     78.74%
 402  SRER-11-1-No|ref52|pass_mixed_possible_multicopy         9.98%    passed     79.90%
 403  SRER-11-1-Rh|ref52|pass_mixed_possible_multicopy        14.29%    passed     83.16%
 404  SRER-11-1-Ro|ref52|pass_single_dominant                 15.13%    passed     88.74%
 405  SRER-12-1-No|ref52|pass_mixed_possible_multicopy        10.71%    passed     87.04%
 406  SRER-12-1-Rh|ref52|pass_mixed_possible_multicopy        10.29%    passed     89.42%
 407  SRER-12-1-Ro|ref52|pass_single_dominant                  8.40%    passed     80.53%
 408  SRER-13-1-No|ref52|pass_single_dominant                  8.72%    passed     75.11%
 409  SRER-13-1-Rh|ref52|pass_single_dominant                  8.30%    passed     82.18%
 410  SRER-13-1-Ro|ref52|pass_single_dominant                 10.50%    passed     73.48%
 411  SRER-14-1-No|ref52|pass_single_dominant                  8.40%    passed     90.76%
 412  SRER-14-1-Rh|ref52|pass_mixed_possible_multicopy        15.23%    passed     94.54%
 413  SRER-14-1-Ro|ref52|pass_single_dominant                 23.21%    passed     93.53%
 414  SRER-15-1-No|ref52|pass_mixed_possible_multicopy         9.24%    passed     88.37%
 415  SRER-15-1-Rh|ref52|pass_single_dominant                  9.03%    passed     89.12%
 416  SRER-15-1-Ro|ref52|pass_single_dominant                 15.76%    passed     78.90%
 417  SRER-16-1-No|ref52|pass_single_dominant                  9.35%    passed     92.52%
 418  SRER-16-1-Rh|ref52|pass_mixed_possible_multicopy        13.03%    passed     93.26%
 419  SRER-16-1-Ro|ref52|pass_mixed_possible_multicopy        19.12%    passed     84.10%
 420  SRER-17-1-No|ref52|pass_single_dominant                  7.67%    passed     88.11%
 421  SRER-17-1-Rh|ref52|pass_mixed_possible_multicopy        13.34%    passed     66.01%
 422  SRER-18-1-No|ref52|pass_mixed_possible_multicopy        11.45%    passed     96.85%
 423  SRER-18-1-Rh|ref52|pass_single_dominant                  8.19%    passed     93.24%
 424  SRER-18-1-Ro|ref52|pass_single_dominant                  8.19%    passed     93.24%
 425  SRER-2-1-No|ref52|pass_single_dominant                   8.30%    passed     86.57%
 426  SRER-3-1-No|ref52|pass_single_dominant                   8.19%    passed     85.73%
 427  SRER-3-1-Rh|ref52|pass_single_dominant                  12.18%    passed     76.35%
 428  SRER-3-1-Ro|ref52|pass_single_dominant                   8.19%    passed     83.65%
 429  SRER-4-1-No|ref52|pass_mixed_possible_multicopy         10.40%    passed     90.36%
 430  SRER-4-1-Ro|ref52|pass_mixed_possible_multicopy         13.97%    passed     72.97%
 431  SRER-5-1-No|ref52|pass_mixed_possible_multicopy         10.29%    passed     83.86%
 432  SRER-5-1-Rh|ref52|pass_single_dominant                   8.93%    passed     78.97%
 433  SRER-5-1-Ro|ref52|pass_mixed_possible_multicopy         10.61%    passed     82.37%
 434  SRER-6-1-No|ref52|pass_single_dominant                   7.88%    passed     84.25%
 435  SRER-6-1-Ro|ref52|pass_single_dominant                   8.40%    passed     80.15%
 436  SRER-7-1-No|ref52|pass_single_dominant                   8.19%    passed     69.55%
 437  SRER-7-1-Rh|ref52|pass_single_dominant                   8.72%    passed     76.04%
 438  SRER-7-1-Ro|ref52|pass_mixed_possible_multicopy          9.35%    passed     72.75%
 439  SRER-8-1-No|ref52|pass_single_dominant                   8.19%    passed     70.99%
 440  SRER-8-1-Rh|ref52|pass_mixed_possible_multicopy         10.40%    passed     76.28%
 441  SRER-8-1-Ro|ref52|pass_single_dominant                   8.30%    passed     72.90%
 442  SRER-9-1-No|ref52|pass_single_dominant                  10.50%    passed     63.43%
 443  SRER-9-1-Ro|ref52|pass_single_dominant                  11.55%    passed     76.48%
 444  TALL-10-4-Rh|ref52|pass_single_dominant                 12.18%    passed     41.43%
 445  TALL-12-2-No|ref52|pass_mixed_possible_multicopy        12.08%    passed     17.92%
 446  TALL-12-2-Rh|ref52|pass_single_dominant                 17.96%    passed     58.97%
 447  TALL-12-2-Ro|ref52|pass_single_dominant                 10.40%    passed     24.93%
 448  TALL-13-3-No|ref52|pass_mixed_possible_multicopy         9.66%    passed     90.12%
 449  TALL-13-3-Rh|ref52|pass_single_dominant                 23.74%    passed     54.47%
 450  TALL-15-2-No|ref52|pass_single_dominant                  8.30%    passed     25.63%
 451  TALL-15-2-Ro|ref52|pass_single_dominant                 13.24%    passed     43.85%
 452  TALL-16-Rh|ref52|pass_single_dominant                   21.01%    passed     62.83%
 453  TALL-2-3-Ro|ref52|pass_single_dominant                  16.39%    passed     98.48%
 454  TALL-24-2-No|ref52|pass_single_dominant                  8.40%    passed     23.79%
 455  TALL-24-2-Ro|ref52|pass_single_dominant                  8.61%    passed     23.86%
 456  TALL-25-2-No|ref52|pass_mixed_possible_multicopy        12.71%    passed     20.67%
 457  TALL-25-2-Rh|ref52|pass_single_dominant                 20.17%    passed     60.85%
 458  TALL-25-2-Ro|ref52|pass_mixed_possible_multicopy         9.87%    passed     32.89%
 459  TALL-28-1-No|ref52|pass_single_dominant                 12.82%    passed     27.66%
 460  TALL-30-1-Rh|ref52|pass_mixed_possible_multicopy        18.70%    passed     94.14%
 461  TALL-30-1-Ro|ref52|pass_mixed_possible_multicopy        13.34%    passed     91.81%
 462  TALL-32-1-No|ref52|pass_single_dominant                 22.06%    passed     73.26%
 463  TALL-36-1-Ro|ref52|pass_single_dominant                 17.65%    passed     59.56%
 464  TALL-44-1-No|ref52|pass_single_dominant                 22.37%    passed      9.60%
 465  TALL-47-2-No|ref52|pass_single_dominant                 24.68%    failed      4.03%
 466  TALL-52-1-No|ref52|pass_single_dominant                  9.35%    passed     37.27%
 467  TALL-53-3-No|ref52|pass_single_dominant                 13.87%    passed     16.70%
 468  TALL-55-1-No|ref52|pass_single_dominant                 17.44%    passed     20.97%
 469  TALL-56-1-No|ref52|pass_mixed_possible_multicopy        18.07%    passed     17.62%
 470  TALL-60-1-No|ref52|pass_single_dominant                 16.18%    passed     93.54%
 471  TALL-64-1-No|ref52|pass_single_dominant                  8.61%    passed     55.34%
 472  TALL-64-1-Ro|ref52|pass_mixed_possible_multicopy        10.61%    passed     66.18%
 473  TALL-68-2-No|ref52|pass_mixed_possible_multicopy        12.71%    passed     21.31%
 474  TALL-68-2-Ro|ref52|pass_single_dominant                 16.91%    passed     75.04%
 475  TALL-69-1-No|ref52|pass_single_dominant                 11.55%    passed     54.61%
 476  TALL-7-2-No|ref52|pass_single_dominant                  14.92%    passed     80.99%
 477  TALL-71-2-No|ref52|pass_single_dominant                 18.17%    passed     10.97%
 478  TALL-72-1-No|ref52|pass_mixed_possible_multicopy        20.90%    passed     81.61%
 479  TALL-72-1-Ro|ref52|pass_mixed_possible_multicopy        27.10%    passed     76.29%
 480  TALL-75-2-No|ref52|pass_single_dominant                 11.55%    passed     12.14%
 481  TALL-78-2-No|ref52|pass_single_dominant                 18.59%    passed      8.11%
 482  TALL-8-2-Ro|ref52|pass_single_dominant                  14.50%    passed     56.99%
 483  TOOL-1-No|ref52|pass_single_dominant                    18.80%    passed     50.83%
 484  TOOL-10-No|ref52|pass_mixed_possible_multicopy           9.24%    passed     91.00%
 485  TOOL-10-Rh|ref52|pass_single_dominant                   16.07%    passed     87.69%
 486  TOOL-11-No|ref52|pass_single_dominant                    8.82%    passed     89.33%
 487  TOOL-12-No|ref52|pass_single_dominant                    9.03%    passed     88.58%
 488  TOOL-14-No|ref52|pass_single_dominant                   11.45%    passed     85.62%
 489  TOOL-14-Rh|ref52|pass_mixed_possible_multicopy          12.18%    passed     81.05%
 490  TOOL-15-No|ref52|pass_mixed_possible_multicopy           9.66%    passed     96.42%
 491  TOOL-16-No|ref52|pass_mixed_possible_multicopy           9.24%    passed     91.18%
 492  TOOL-17-Rh|ref52|pass_single_dominant                   14.81%    passed     93.82%
 493  TOOL-18-Rh|ref52|pass_mixed_possible_multicopy          11.13%    passed     82.79%
 494  TOOL-21-No|ref52|pass_mixed_possible_multicopy          13.76%    passed     93.47%
 495  TOOL-21-Rh|ref52|pass_single_dominant                   22.69%    passed     91.56%
 496  TOOL-22-Rh|ref52|pass_single_dominant                   24.79%    passed     90.52%
 497  TOOL-23-No|ref52|pass_single_dominant                    8.82%    passed     97.24%
 498  TOOL-23-Rh|ref52|pass_mixed_possible_multicopy          18.17%    passed     99.05%
 499  TOOL-23-Ro|ref52|pass_single_dominant                    8.19%    passed     91.66%
 500  TOOL-24-No|ref52|pass_single_dominant                    8.51%    passed     92.89%
 501  TOOL-24-Rh|ref52|pass_mixed_possible_multicopy          13.66%    passed     87.37%
 502  TOOL-25-No|ref52|pass_single_dominant                    8.40%    passed     90.70%
 503  TOOL-26-No|ref52|pass_single_dominant                    8.61%    passed     92.46%
 504  TOOL-27-2-No|ref52|pass_single_dominant                  8.51%    passed     93.76%
 505  TOOL-27-2-Ro|ref52|pass_single_dominant                 23.42%    passed     96.56%
 506  TOOL-3-Ro|ref52|pass_single_dominant                    15.86%    passed     81.08%
 507  TOOL-31-Rh|ref52|pass_single_dominant                   15.44%    passed     87.46%
 508  TOOL-32-Rh|ref52|pass_mixed_possible_multicopy          17.23%    passed     76.62%
 509  TOOL-35-1-No|ref52|pass_single_dominant                  9.66%    passed     91.14%
 510  TOOL-8-No|ref52|pass_mixed_possible_multicopy            9.35%    passed     90.15%
 511  TOOL-9-No|ref52|pass_mixed_possible_multicopy            9.45%    passed     91.52%
 512  TOOL-9-Ro|ref52|pass_mixed_possible_multicopy           23.11%    passed     86.90%
 513  UKFS-4-1-Rh|ref52|pass_mixed_possible_multicopy         29.20%    passed     79.60%
 514  WOOD-4-1-Ro|ref52|pass_mixed_possible_multicopy         10.92%    passed     88.94%
 515  WOOD-5-1-No|ref52|pass_single_dominant                  17.96%    passed     16.08%
 516  WOOD-5-1-Ro|ref52|pass_mixed_possible_multicopy         10.19%    passed     21.56%
 517  WOOD-8-Rh|ref52|pass_mixed_possible_multicopy           15.97%    passed     55.74%
 518  YELL-4-4-Rh|ref52|pass_mixed_possible_multicopy         20.17%    passed     72.28%
 519  YELL-6-1-Rh|ref52|pass_single_dominant                  10.19%    passed     90.08%
 520  YELL-6-1-Ro|ref52|pass_single_dominant                  22.58%    passed     40.94%
 521  YELL-7-1-Ro|ref52|pass_mixed_possible_multicopy          9.98%    passed     75.58%
 522  BLAN-1-1-No|ref56|pass_single_dominant                  22.90%    passed     95.51%
 523  BLAN-1-1-Rh|ref56|pass_mixed_possible_multicopy         24.58%    passed     92.89%
 524  BLAN-1-1-Ro|ref56|pass_mixed_possible_multicopy         19.12%    passed     93.04%
 525  BLAN-2-1-Ro|ref56|pass_mixed_possible_multicopy         20.90%    passed     37.24%
 526  BLAN-3-1-Rh|ref56|pass_single_dominant                  17.86%    passed     35.74%
 527  BLAN-4-1-No|ref56|pass_mixed_possible_multicopy         21.85%    passed     78.14%
 528  BLAN-4-1-Rh|ref56|pass_single_dominant                  20.90%    passed     72.54%
 529  BLAN-4-1-Ro|ref56|pass_mixed_possible_multicopy         21.32%    passed     81.87%
 530  BLAN-4-2-Rh|ref56|pass_mixed_possible_multicopy         20.69%    passed     84.07%
 531  BONA-1-1-No|ref56|pass_mixed_possible_multicopy         12.61%    passed     58.74%
 532  BONA-1-1-Rh|ref56|pass_mixed_possible_multicopy         14.08%    passed     65.43%
 533  BONA-10-2-Rh|ref56|pass_mixed_possible_multicopy        19.43%    passed     98.89%
 534  BONA-10-Rh|ref56|pass_mixed_possible_multicopy          18.80%    passed     86.17%
 535  BONA-11-1-Rh|ref56|pass_mixed_possible_multicopy        22.48%    passed     93.66%
 536  BONA-11-2-Rh|ref56|pass_mixed_possible_multicopy        18.07%    passed     97.35%
 537  BONA-12-1-Rh|ref56|pass_mixed_possible_multicopy        16.60%    passed     91.36%
 538  BONA-12-2-No|ref56|pass_mixed_possible_multicopy        24.79%    passed     61.09%
 539  BONA-12-2-Rh|ref56|pass_mixed_possible_multicopy        22.69%    passed     94.92%
 540  BONA-13-1-Rh|ref56|pass_single_dominant                 20.48%    passed     81.47%
 541  BONA-13-1-Ro|ref56|pass_mixed_possible_multicopy        15.23%    passed     95.53%
 542  BONA-13-2-Rh|ref56|pass_mixed_possible_multicopy        23.42%    passed     99.96%
 543  BONA-14-No|ref56|pass_single_dominant                   23.21%    passed     39.78%
 544  BONA-14-Rh|ref56|pass_mixed_possible_multicopy          22.90%    passed     85.87%
 545  BONA-2-No|ref56|pass_mixed_possible_multicopy           18.70%    passed     69.31%
 546  BONA-2-Rh|ref56|pass_mixed_possible_multicopy           23.42%    passed     85.45%
 547  BONA-3-1-Rh|ref56|pass_mixed_possible_multicopy         10.61%    passed     71.91%
 548  BONA-4-No|ref56|pass_mixed_possible_multicopy           12.92%    passed     54.32%
 549  BONA-4-Rh|ref56|pass_mixed_possible_multicopy           20.17%    passed     61.49%
 550  BONA-4-Ro|ref56|pass_single_dominant                    10.29%    passed     31.82%
 551  BONA-7-Rh|ref56|pass_single_dominant                    15.34%    passed     61.49%
 552  BONA-8-Rh|ref56|pass_single_dominant                    17.44%    passed     49.81%
 553  BONA-8-Ro|ref56|pass_mixed_possible_multicopy           18.80%    passed     77.94%
 554  BONA-9-Ro|ref56|pass_mixed_possible_multicopy           18.17%    passed     51.40%
 555  CLBJ-10-1-No|ref56|pass_single_dominant                 17.75%    passed     38.87%
 556  CLBJ-12-2-Ro|ref56|pass_mixed_possible_multicopy        21.32%    passed     83.26%
 557  CLBJ-13-1-No|ref56|pass_mixed_possible_multicopy        14.92%    passed     39.26%
 558  CLBJ-15-1-No|ref56|pass_single_dominant                 22.69%    passed     65.92%
 559  CLBJ-15-1-Rh|ref56|pass_mixed_possible_multicopy        21.95%    passed     93.59%
 560  CLBJ-16-2-No|ref56|pass_single_dominant                 15.86%    passed     37.31%
 561  CLBJ-16-2-Rh|ref56|pass_mixed_possible_multicopy        18.38%    passed     71.78%
 562  CLBJ-19-1-No|ref56|pass_single_dominant                 19.43%    passed      5.09%
 563  CLBJ-19-1-Rh|ref56|pass_mixed_possible_multicopy        23.63%    passed     92.31%
 564  CLBJ-2-Rh|ref56|pass_mixed_possible_multicopy           19.54%    passed     84.56%
 565  CLBJ-2-Ro|ref56|pass_single_dominant                    21.53%    passed     75.84%
 566  CLBJ-22-1-No|ref56|pass_mixed_possible_multicopy        18.49%    passed     41.59%
 567  CLBJ-23-1-No|ref56|pass_single_dominant                 19.22%    passed     33.05%
 568  CLBJ-23-1-Rh|ref56|pass_mixed_possible_multicopy        16.49%    passed     93.44%
 569  CLBJ-24-No|ref56|pass_single_dominant                    8.40%    passed     98.51%
 570  CLBJ-24-Rh|ref56|pass_mixed_possible_multicopy          13.66%    passed     88.68%
 571  CLBJ-25-2-No|ref56|pass_mixed_possible_multicopy        10.92%    passed     64.29%
 572  CLBJ-25-2-Rh|ref56|pass_mixed_possible_multicopy        15.13%    passed     85.71%
 573  CLBJ-25-2-Ro|ref56|pass_mixed_possible_multicopy        14.50%    passed     81.40%
 574  CLBJ-26-1-No|ref56|pass_mixed_possible_multicopy        16.60%    passed     95.60%
 575  CLBJ-26-1-Rh|ref56|pass_mixed_possible_multicopy        14.50%    passed     84.48%
 576  CLBJ-26-1-Ro|ref56|pass_mixed_possible_multicopy        14.60%    passed     82.16%
 577  CLBJ-27-1-No|ref56|pass_mixed_possible_multicopy        16.70%    passed     93.12%
 578  CLBJ-27-1-Rh|ref56|pass_mixed_possible_multicopy        14.18%    passed     91.25%
 579  CLBJ-27-1-Ro|ref56|pass_mixed_possible_multicopy        14.50%    passed     87.10%
 580  CLBJ-28-3-No|ref56|pass_mixed_possible_multicopy        17.75%    passed     97.85%
 581  CLBJ-28-3-Rh|ref56|pass_single_dominant                 13.24%    passed     90.79%
 582  CLBJ-28-3-Ro|ref56|pass_mixed_possible_multicopy        19.64%    passed     65.48%
 583  CLBJ-29-2-Rh|ref56|pass_mixed_possible_multicopy        13.34%    passed     87.81%
 584  CLBJ-29-2-Ro|ref56|pass_mixed_possible_multicopy        15.13%    passed     85.17%
 585  CLBJ-30-1-No|ref56|pass_single_dominant                 14.08%    passed     49.52%
 586  CLBJ-30-1-Rh|ref56|pass_mixed_possible_multicopy        14.18%    passed     89.71%
 587  CLBJ-30-1-Ro|ref56|pass_mixed_possible_multicopy        14.39%    passed     83.79%
 588  CLBJ-31-2-No|ref56|pass_mixed_possible_multicopy        16.28%    passed     37.55%
 589  CLBJ-31-2-Rh|ref56|pass_mixed_possible_multicopy        13.34%    passed     67.83%
 590  CLBJ-31-2-Ro|ref56|pass_mixed_possible_multicopy        15.44%    passed     83.18%
 591  CLBJ-32-1-No|ref56|pass_mixed_possible_multicopy        15.02%    passed      9.76%
 592  CLBJ-32-1-Rh|ref56|pass_mixed_possible_multicopy        12.29%    passed     83.75%
 593  CLBJ-32-1-Ro|ref56|pass_mixed_possible_multicopy        12.29%    passed     87.08%
 594  CLBJ-33-1-No|ref56|pass_mixed_possible_multicopy         8.82%    passed     97.12%
 595  CLBJ-33-1-Rh|ref56|pass_mixed_possible_multicopy        12.61%    passed     67.82%
 596  CLBJ-33-1-Ro|ref56|pass_mixed_possible_multicopy        11.87%    passed     84.12%
 597  CLBJ-34-1-No|ref56|pass_mixed_possible_multicopy        12.92%    passed     99.25%
 598  CLBJ-34-1-Rh|ref56|pass_mixed_possible_multicopy        15.65%    passed     74.74%
 599  CLBJ-34-1-Ro|ref56|pass_mixed_possible_multicopy        16.07%    passed     60.11%
 600  CLBJ-35-1-No|ref56|pass_mixed_possible_multicopy        15.65%    passed     85.93%
 601  CLBJ-35-1-Rh|ref56|pass_mixed_possible_multicopy        15.02%    passed     63.06%
 602  CLBJ-35-1-Ro|ref56|pass_mixed_possible_multicopy        17.02%    passed     79.61%
 603  CLBJ-36-1-No|ref56|pass_mixed_possible_multicopy        15.02%    passed     90.50%
 604  CLBJ-36-1-Rh|ref56|pass_single_dominant                 16.70%    passed     70.67%
 605  CLBJ-36-1-Ro|ref56|pass_mixed_possible_multicopy        16.18%    passed     74.91%
 606  CLBJ-37-1-No|ref56|pass_mixed_possible_multicopy        11.24%    passed     67.30%
 607  CLBJ-37-1-Rh|ref56|pass_mixed_possible_multicopy        13.97%    passed     83.88%
 608  CLBJ-37-1-Ro|ref56|pass_mixed_possible_multicopy        16.39%    passed     78.16%
 609  CLBJ-38-1-No|ref56|pass_mixed_possible_multicopy        18.80%    passed     80.56%
 610  CLBJ-38-1-Rh|ref56|pass_mixed_possible_multicopy         9.87%    passed     64.64%
 611  CLBJ-39-1-No|ref56|pass_single_dominant                 14.18%    passed     44.27%
 612  CLBJ-39-1-Rh|ref56|pass_single_dominant                 18.17%    passed     53.23%
 613  CLBJ-4-1-No|ref56|pass_single_dominant                  25.00%    passed     95.03%
 614  CLBJ-40-1-No|ref56|pass_single_dominant                 18.38%    passed     30.30%
 615  CLBJ-40-1-Ro|ref56|pass_mixed_possible_multicopy        15.86%    passed     75.53%
 616  CLBJ-41-1-No|ref56|pass_single_dominant                 15.02%    passed      9.80%
 617  CLBJ-41-1-Rh|ref56|pass_mixed_possible_multicopy        20.90%    passed     75.80%
 618  CLBJ-41-1-Ro|ref56|pass_mixed_possible_multicopy        28.68%    passed     85.33%
 619  CLBJ-42-1-No|ref56|pass_mixed_possible_multicopy        18.17%    passed     19.95%
 620  CLBJ-42-1-Ro|ref56|pass_mixed_possible_multicopy        27.31%    passed     60.25%
 621  CLBJ-43-2-No|ref56|pass_mixed_possible_multicopy        25.11%    passed     79.02%
 622  CLBJ-43-2-Rh|ref56|pass_mixed_possible_multicopy        21.22%    passed     86.17%
 623  CLBJ-43-2-Ro|ref56|pass_mixed_possible_multicopy        16.07%    passed     39.44%
 624  CLBJ-44-1-Ro|ref56|pass_mixed_possible_multicopy        20.69%    passed     46.78%
 625  CLBJ-45-2-Rh|ref56|pass_mixed_possible_multicopy        18.07%    passed     68.71%
 626  CLBJ-46-1-No|ref56|pass_mixed_possible_multicopy        25.84%    passed     87.67%
 627  CLBJ-46-1-Ro|ref56|pass_mixed_possible_multicopy        29.52%    passed     99.80%
 628  CLBJ-47-1-Rh|ref56|pass_mixed_possible_multicopy        18.80%    passed     32.93%
 629  CLBJ-48-1-No|ref56|pass_mixed_possible_multicopy        17.65%    passed     92.31%
 630  CLBJ-48-1-Rh|ref56|pass_mixed_possible_multicopy        23.42%    passed     96.38%
 631  CLBJ-49-1-Rh|ref56|pass_mixed_possible_multicopy        21.43%    passed     68.14%
 632  CLBJ-49-1-Ro|ref56|pass_single_dominant                 22.69%    passed     32.85%
 633  CLBJ-50-3-No|ref56|pass_mixed_possible_multicopy        20.06%    passed     81.28%
 634  CLBJ-50-3-Rh|ref56|pass_mixed_possible_multicopy        19.96%    passed     69.44%
 635  CLBJ-50-3-Ro|ref56|pass_mixed_possible_multicopy        17.96%    passed     81.89%
 636  CLBJ-8-1-Rh|ref56|pass_single_dominant                  16.81%    passed     62.23%
 637  CPER-1-No|ref56|pass_mixed_possible_multicopy           16.60%    passed     89.89%
 638  CPER-1-Rh|ref56|pass_mixed_possible_multicopy           18.28%    passed     87.70%
 639  CPER-1-Ro|ref56|pass_single_dominant                    15.76%    passed     72.18%
 640  CPER-2-No|ref56|pass_mixed_possible_multicopy           16.49%    passed     65.18%
 641  CPER-2-Rh|ref56|pass_mixed_possible_multicopy           26.16%    passed     69.82%
 642  CPER-2-Ro|ref56|pass_mixed_possible_multicopy           15.86%    passed     59.73%
 643  DCFS-1-2-Rh|ref56|pass_mixed_possible_multicopy         22.48%    passed     87.63%
 644  DCFS-2-2-Ro|ref56|pass_single_dominant                  17.44%    passed     62.07%
 645  DCFS-3-2-No|ref56|pass_mixed_possible_multicopy         22.27%    passed     81.57%
 646  DCFS-4-Rh|ref56|pass_mixed_possible_multicopy           25.74%    passed     72.03%
 647  DCFS-4-Ro|ref56|pass_mixed_possible_multicopy           14.18%    passed     87.95%
 648  DCFS-5-1-No|ref56|pass_mixed_possible_multicopy         17.54%    passed     77.76%
 649  DCFS-5-1-Rh|ref56|pass_mixed_possible_multicopy         25.21%    passed     76.60%
 650  DCFS-5-1-Ro|ref56|pass_mixed_possible_multicopy         17.86%    passed     80.91%
 651  DCFS-6-1-No|ref56|pass_mixed_possible_multicopy         16.70%    passed     84.65%
 652  DCFS-6-1-Rh|ref56|pass_mixed_possible_multicopy         17.23%    passed     75.88%
 653  DCFS-6-1-Ro|ref56|pass_mixed_possible_multicopy         19.12%    passed     45.74%
 654  DCFS-7-1-No|ref56|pass_mixed_possible_multicopy         16.91%    passed     67.97%
 655  DCFS-7-1-Rh|ref56|pass_mixed_possible_multicopy         18.07%    passed     63.28%
 656  DCFS-8-1-No|ref56|pass_single_dominant                  21.53%    passed     81.17%
 657  DCFS-8-1-Rh|ref56|pass_mixed_possible_multicopy         17.02%    passed     69.60%
 658  DCFS-8-1-Ro|ref56|pass_mixed_possible_multicopy         17.02%    passed     60.63%
 659  DEJU-1-1-No|ref56|pass_single_dominant                  22.27%    passed     43.76%
 660  DEJU-1-1-Rh|ref56|pass_mixed_possible_multicopy         20.06%    passed     99.17%
 661  DEJU-1-1-Ro|ref56|pass_single_dominant                  21.64%    passed     80.05%
 662  DEJU-10-1-No|ref56|pass_single_dominant                 18.28%    passed     61.86%
 663  DEJU-10-1-Rh|ref56|pass_mixed_possible_multicopy        16.07%    passed     75.34%
 664  DEJU-10-1-Ro|ref56|pass_single_dominant                 20.38%    passed     61.43%
 665  DEJU-11-1-Rh|ref56|pass_mixed_possible_multicopy        22.06%    passed     96.65%
 666  DEJU-12-1-No|ref56|pass_single_dominant                 15.23%    passed     93.45%
 667  DEJU-12-1-Rh|ref56|pass_mixed_possible_multicopy        14.71%    passed     59.82%
 668  DEJU-12-1-Ro|ref56|pass_mixed_possible_multicopy        17.86%    passed     65.98%
 669  DEJU-13-1-No|ref56|pass_single_dominant                 19.75%    passed     32.27%
 670  DEJU-16-1-Rh|ref56|pass_single_dominant                 25.11%    passed     57.79%
 671  DEJU-16-2-Rh|ref56|pass_mixed_possible_multicopy        22.16%    passed     88.14%
 672  DEJU-19-1-Rh|ref56|pass_mixed_possible_multicopy        21.43%    passed     83.59%
 673  DEJU-2-No|ref56|pass_single_dominant                    17.02%    passed     41.05%
 674  DEJU-2-Ro|ref56|pass_single_dominant                    16.49%    passed     54.30%
 675  DEJU-20-1-Rh|ref56|pass_mixed_possible_multicopy        21.95%    passed     63.71%
 676  DEJU-21-1-No|ref56|pass_single_dominant                 16.70%    passed     88.82%
 677  DEJU-21-1-Rh|ref56|pass_mixed_possible_multicopy        17.33%    passed     72.99%
 678  DEJU-22-1-Rh|ref56|pass_mixed_possible_multicopy        19.12%    passed     71.29%
 679  DEJU-26-No|ref56|pass_single_dominant                   17.65%    passed     69.03%
 680  DEJU-28-1-Rh|ref56|pass_mixed_possible_multicopy        20.80%    passed     75.07%
 681  DEJU-28-2-Rh|ref56|pass_mixed_possible_multicopy        21.64%    passed     79.14%
 682  DEJU-29-2-Rh|ref56|pass_mixed_possible_multicopy        17.65%    passed     85.10%
 683  DEJU-3-1-No|ref56|pass_single_dominant                  19.12%    passed     30.84%
 684  DEJU-3-1-Rh|ref56|pass_mixed_possible_multicopy         10.61%    passed     26.98%
 685  DEJU-3-1-Ro|ref56|pass_mixed_possible_multicopy         17.33%    passed     69.72%
 686  DEJU-30-No|ref56|pass_mixed_possible_multicopy          21.32%    passed     69.60%
 687  DEJU-30-Rh|ref56|pass_mixed_possible_multicopy          15.86%    passed     89.92%
 688  DEJU-30-Ro|ref56|pass_mixed_possible_multicopy          17.54%    passed     68.68%
 689  DEJU-31-No|ref56|pass_mixed_possible_multicopy          25.63%    passed     56.20%
 690  DEJU-31-Rh|ref56|pass_mixed_possible_multicopy          19.75%    passed     94.70%
 691  DEJU-31-Ro|ref56|pass_mixed_possible_multicopy          18.59%    passed     58.10%
 692  DEJU-32-No|ref56|pass_mixed_possible_multicopy          16.60%    passed     72.80%
 693  DEJU-32-Rh|ref56|pass_mixed_possible_multicopy          17.12%    passed     93.62%
 694  DEJU-32-Ro|ref56|pass_mixed_possible_multicopy          15.34%    passed     86.35%
 695  DEJU-33-Ro|ref56|pass_mixed_possible_multicopy          14.81%    passed     83.28%
 696  DEJU-34-Rh|ref56|pass_single_dominant                   17.02%    passed     57.88%
 697  DEJU-35-Rh|ref56|pass_mixed_possible_multicopy          25.32%    passed     79.32%
 698  DEJU-35-Ro|ref56|pass_mixed_possible_multicopy          17.02%    passed     25.84%
 699  DEJU-36-No|ref56|pass_single_dominant                   15.65%    passed     58.87%
 700  DEJU-36-Rh|ref56|pass_mixed_possible_multicopy          17.65%    passed     71.17%
 701  DEJU-36-Ro|ref56|pass_mixed_possible_multicopy          15.86%    passed     69.76%
 702  DEJU-37-No|ref56|pass_single_dominant                   15.13%    passed     39.24%
 703  DEJU-37-Rh|ref56|pass_mixed_possible_multicopy          14.92%    passed     90.22%
 704  DEJU-37-Ro|ref56|pass_mixed_possible_multicopy          18.38%    passed     71.61%
 705  DEJU-38-No|ref56|pass_single_dominant                   11.97%    passed     42.65%
 706  DEJU-38-Rh|ref56|pass_mixed_possible_multicopy          16.07%    passed     80.55%
 707  DEJU-39-No|ref56|pass_single_dominant                   15.23%    passed     37.51%
 708  DEJU-39-Rh|ref56|pass_single_dominant                   16.39%    passed     64.72%
 709  DEJU-39-Ro|ref56|pass_mixed_possible_multicopy          19.85%    passed     52.66%
 710  DEJU-4-1-No|ref56|pass_mixed_possible_multicopy         22.16%    passed     72.69%
 711  DEJU-40-No|ref56|pass_single_dominant                   13.97%    passed     40.79%
 712  DEJU-40-Rh|ref56|pass_mixed_possible_multicopy          16.49%    passed     72.11%
 713  DEJU-40-Ro|ref56|pass_mixed_possible_multicopy          20.27%    passed     75.37%
 714  DEJU-42-No|ref56|pass_single_dominant                   14.18%    passed     42.88%
 715  DEJU-43-No|ref56|pass_single_dominant                   17.65%    passed     45.23%
 716  DEJU-43-Rh|ref56|pass_mixed_possible_multicopy          17.86%    passed     71.86%
 717  DEJU-43-Ro|ref56|pass_mixed_possible_multicopy          23.21%    passed     92.92%
 718  DEJU-44-No|ref56|pass_single_dominant                   16.28%    passed     40.45%
 719  DEJU-45-1-No|ref56|pass_single_dominant                 16.70%    passed     45.57%
 720  DEJU-45-1-Ro|ref56|pass_single_dominant                 21.22%    passed     84.86%
 721  DEJU-46-Ro|ref56|pass_single_dominant                   23.11%    passed     36.41%
 722  DEJU-47-No|ref56|pass_single_dominant                   15.76%    passed     33.95%
 723  DEJU-47-Ro|ref56|pass_mixed_possible_multicopy          19.33%    passed     85.54%
 724  DEJU-48-No|ref56|pass_mixed_possible_multicopy          19.43%    passed     78.55%
 725  DEJU-48-Rh|ref56|pass_mixed_possible_multicopy          14.71%    passed     86.66%
 726  DEJU-5-1-No|ref56|pass_single_dominant                  18.17%    passed     51.37%
 727  DEJU-5-1-Rh|ref56|pass_mixed_possible_multicopy         17.02%    passed     85.88%
 728  DEJU-5-1-Ro|ref56|pass_mixed_possible_multicopy         17.44%    passed     85.79%
 729  DEJU-5-2-Rh|ref56|pass_mixed_possible_multicopy         24.68%    passed     83.43%
 730  DEJU-50-No|ref56|pass_mixed_possible_multicopy          17.54%    passed     70.44%
 731  DEJU-50-Ro|ref56|pass_mixed_possible_multicopy          15.97%    passed     74.79%
 732  DEJU-51-1-No|ref56|pass_mixed_possible_multicopy        18.80%    passed     83.49%
 733  DEJU-51-1-Rh|ref56|pass_mixed_possible_multicopy        19.33%    passed     90.79%
 734  DEJU-52-1-Ro|ref56|pass_single_dominant                 16.49%    passed     65.81%
 735  DEJU-53-Rh|ref56|pass_mixed_possible_multicopy          24.79%    passed     95.25%
 736  DEJU-54-No|ref56|pass_mixed_possible_multicopy          19.75%    passed     88.90%
 737  DEJU-55-Rh|ref56|pass_mixed_possible_multicopy          17.65%    passed     84.69%
 738  DEJU-56-Rh|ref56|pass_mixed_possible_multicopy          23.84%    passed     90.07%
 739  DEJU-57-Rh|ref56|pass_mixed_possible_multicopy          30.88%    passed     85.73%
 740  DEJU-58-No|ref56|pass_mixed_possible_multicopy          17.86%    passed     58.78%
 741  DEJU-58-Rh|ref56|pass_mixed_possible_multicopy          18.49%    passed     61.21%
 742  DEJU-58-Ro|ref56|pass_mixed_possible_multicopy          16.81%    passed     68.40%
 743  DEJU-59-No|ref56|pass_mixed_possible_multicopy          25.00%    passed     92.58%
 744  DEJU-59-Rh|ref56|pass_mixed_possible_multicopy          18.07%    passed     71.74%
 745  DEJU-6-1-No|ref56|pass_mixed_possible_multicopy         17.12%    passed     97.02%
 746  DEJU-6-1-Rh|ref56|pass_mixed_possible_multicopy         17.65%    passed     85.47%
 747  DEJU-6-1-Ro|ref56|pass_single_dominant                  14.18%    passed     72.85%
 748  DEJU-60-No|ref56|pass_mixed_possible_multicopy          16.70%    passed     53.76%
 749  DEJU-60-Rh|ref56|pass_mixed_possible_multicopy          16.91%    passed     64.36%
 750  DEJU-60-Ro|ref56|pass_single_dominant                   20.06%    passed     67.83%
 751  DEJU-62-1-No|ref56|pass_single_dominant                 19.01%    passed     67.46%
 752  DEJU-62-1-Ro|ref56|pass_mixed_possible_multicopy        21.95%    passed     94.29%
 753  DEJU-63-No|ref56|pass_single_dominant                   22.48%    passed     37.38%
 754  DEJU-63-Rh|ref56|pass_mixed_possible_multicopy          16.18%    passed     81.78%
 755  DEJU-63-Ro|ref56|pass_mixed_possible_multicopy          18.28%    passed     93.05%
 756  DEJU-7-1-Rh|ref56|pass_mixed_possible_multicopy         17.96%    passed     80.72%
 757  DEJU-7-1-Ro|ref56|pass_mixed_possible_multicopy         16.49%    passed     94.08%
 758  DEJU-8-1-Rh|ref56|pass_mixed_possible_multicopy         20.48%    passed     77.71%
 759  DEJU-8-2-Rh|ref56|pass_mixed_possible_multicopy         26.05%    passed     87.34%
 760  DEJU-9-1-No|ref56|pass_single_dominant                  16.49%    passed     58.64%
 761  DEJU-9-1-Rh|ref56|pass_mixed_possible_multicopy         17.75%    passed     65.43%
 762  DEJU-9-1-Ro|ref56|pass_mixed_possible_multicopy         21.11%    passed     30.90%
 763  DELA-1-3-Rh|ref56|pass_mixed_possible_multicopy         21.95%    passed     93.19%
 764  DELA-1-3-Ro|ref56|pass_mixed_possible_multicopy         11.45%    passed     86.76%
 765  DELA-10-2-No|ref56|pass_mixed_possible_multicopy        13.24%    passed     40.16%
 766  DELA-10-2-Rh|ref56|pass_mixed_possible_multicopy        14.92%    passed     28.74%
 767  DELA-10-2-Ro|ref56|pass_mixed_possible_multicopy        20.17%    passed     88.53%
 768  DELA-11-3-No|ref56|pass_single_dominant                 20.27%    passed     69.40%
 769  DELA-11-3-Rh|ref56|pass_mixed_possible_multicopy        15.13%    passed     83.03%
 770  DELA-11-3-Ro|ref56|pass_mixed_possible_multicopy        14.92%    passed     85.00%
 771  DELA-12-2-No|ref56|pass_mixed_possible_multicopy        24.16%    passed     22.26%
 772  DELA-12-2-Ro|ref56|pass_mixed_possible_multicopy        14.08%    passed     84.05%
 773  DELA-13-1-No|ref56|pass_mixed_possible_multicopy        15.65%    passed     65.65%
 774  DELA-13-1-Ro|ref56|pass_mixed_possible_multicopy        15.86%    passed     83.12%
 775  DELA-14-2-No|ref56|pass_single_dominant                 14.92%    passed     29.08%
 776  DELA-14-2-Rh|ref56|pass_single_dominant                 19.75%    passed     96.65%
 777  DELA-14-2-Ro|ref56|pass_mixed_possible_multicopy        15.44%    passed     67.06%
 778  DELA-15-1-No|ref56|pass_mixed_possible_multicopy        16.91%    passed     76.18%
 779  DELA-15-1-Ro|ref56|pass_mixed_possible_multicopy        19.54%    passed     75.28%
 780  DELA-16-No|ref56|pass_single_dominant                    9.56%    passed     31.75%
 781  DELA-16-Rh|ref56|pass_mixed_possible_multicopy          16.60%    passed     82.01%
 782  DELA-16-Ro|ref56|pass_mixed_possible_multicopy          14.60%    passed     82.85%
 783  DELA-17-1-No|ref56|pass_mixed_possible_multicopy        16.81%    passed     82.13%
 784  DELA-17-1-Ro|ref56|pass_mixed_possible_multicopy        14.60%    passed     86.09%
 785  DELA-18-2-No|ref56|pass_mixed_possible_multicopy        14.81%    passed     41.20%
 786  DELA-18-2-Rh|ref56|pass_mixed_possible_multicopy        17.96%    passed     93.37%
 787  DELA-18-2-Ro|ref56|pass_single_dominant                 23.11%    passed     97.02%
 788  DELA-19-1-No|ref56|pass_mixed_possible_multicopy        17.54%    passed     65.05%
 789  DELA-19-1-Rh|ref56|pass_mixed_possible_multicopy        13.76%    passed     83.75%
 790  DELA-19-1-Ro|ref56|pass_mixed_possible_multicopy        14.18%    passed     88.17%
 791  DELA-2-2-Rh|ref56|pass_mixed_possible_multicopy         17.65%    passed     36.49%
 792  DELA-2-2-Ro|ref56|pass_single_dominant                  19.22%    passed     27.93%
 793  DELA-20-1-No|ref56|pass_mixed_possible_multicopy        15.86%    passed     38.71%
 794  DELA-20-1-Rh|ref56|pass_mixed_possible_multicopy        10.50%    passed     33.72%
 795  DELA-20-1-Ro|ref56|pass_mixed_possible_multicopy         9.56%    passed     65.07%
 796  DELA-21-1-No|ref56|pass_mixed_possible_multicopy        19.33%    passed     50.70%
 797  DELA-21-1-Rh|ref56|pass_mixed_possible_multicopy        15.34%    passed     86.51%
 798  DELA-21-1-Ro|ref56|pass_mixed_possible_multicopy        14.71%    passed     85.27%
 799  DELA-22-1-No|ref56|pass_mixed_possible_multicopy        16.18%    passed     80.08%
 800  DELA-22-1-Rh|ref56|pass_mixed_possible_multicopy        12.39%    passed     66.56%
 801  DELA-22-1-Ro|ref56|pass_mixed_possible_multicopy        24.16%    passed     87.87%
 802  DELA-23-2-No|ref56|pass_mixed_possible_multicopy        21.53%    passed      5.40%
 803  DELA-23-2-Rh|ref56|pass_mixed_possible_multicopy        10.92%    passed     69.10%
 804  DELA-23-2-Ro|ref56|pass_mixed_possible_multicopy        17.54%    passed     80.02%
 805  DELA-24-1-No|ref56|pass_mixed_possible_multicopy        12.92%    passed     52.32%
 806  DELA-24-1-Rh|ref56|pass_mixed_possible_multicopy        17.86%    passed     57.51%
 807  DELA-24-1-Ro|ref56|pass_mixed_possible_multicopy        12.39%    passed     76.83%
 808  DELA-25-2-No|ref56|pass_mixed_possible_multicopy        16.07%    passed     55.66%
 809  DELA-26-3-Rh|ref56|pass_mixed_possible_multicopy        17.44%    passed     80.37%
 810  DELA-27-3-Rh|ref56|pass_mixed_possible_multicopy        14.92%    passed     83.70%
 811  DELA-27-3-Ro|ref56|pass_mixed_possible_multicopy        15.23%    passed     80.42%
 812  DELA-28-No|ref56|pass_mixed_possible_multicopy          15.55%    passed     50.59%
 813  DELA-28-Rh|ref56|pass_mixed_possible_multicopy          20.59%    passed     51.54%
 814  DELA-28-Ro|ref56|pass_mixed_possible_multicopy          18.91%    passed     66.16%
 815  DELA-29-1-No|ref56|pass_single_dominant                 22.16%    passed     91.52%
 816  DELA-29-1-Rh|ref56|pass_mixed_possible_multicopy        20.17%    passed     88.78%
 817  DELA-3-3-No|ref56|pass_single_dominant                  13.97%    passed     63.22%
 818  DELA-3-3-Rh|ref56|pass_mixed_possible_multicopy         19.43%    passed     84.42%
 819  DELA-3-3-Ro|ref56|pass_mixed_possible_multicopy         11.03%    passed     62.10%
 820  DELA-30-2-No|ref56|pass_mixed_possible_multicopy        28.99%    passed     61.84%
 821  DELA-30-2-Rh|ref56|pass_mixed_possible_multicopy        21.85%    passed     49.87%
 822  DELA-30-2-Ro|ref56|pass_mixed_possible_multicopy        16.70%    passed     89.58%
 823  DELA-31-1-No|ref56|pass_mixed_possible_multicopy        22.58%    passed     12.82%
 824  DELA-31-1-Rh|ref56|pass_mixed_possible_multicopy        19.22%    passed     94.51%
 825  DELA-32-1-No|ref56|pass_single_dominant                 24.79%    passed     99.57%
 826  DELA-32-1-Rh|ref56|pass_single_dominant                 18.38%    passed     41.98%
 827  DELA-32-1-Ro|ref56|pass_mixed_possible_multicopy        15.44%    passed     85.31%
 828  DELA-33-1-No|ref56|pass_mixed_possible_multicopy        12.92%    passed     54.74%
 829  DELA-33-1-Rh|ref56|pass_mixed_possible_multicopy        19.12%    passed     67.58%
 830  DELA-33-1-Ro|ref56|pass_mixed_possible_multicopy        16.91%    passed     77.23%
 831  DELA-4-1-No|ref56|pass_mixed_possible_multicopy         16.70%    passed     57.86%
 832  DELA-4-1-Rh|ref56|pass_mixed_possible_multicopy         16.91%    passed     67.87%
 833  DELA-4-1-Ro|ref56|pass_mixed_possible_multicopy         16.70%    passed     73.94%
 834  DELA-5-1-No|ref56|pass_single_dominant                  10.29%    passed     45.99%
 835  DELA-5-1-Rh|ref56|pass_mixed_possible_multicopy         14.81%    passed     81.06%
 836  DELA-5-1-Ro|ref56|pass_mixed_possible_multicopy         14.50%    passed     90.01%
 837  DELA-6-3-No|ref56|pass_single_dominant                  13.24%    passed     29.06%
 838  DELA-6-3-Rh|ref56|pass_mixed_possible_multicopy         14.71%    passed     83.77%
 839  DELA-6-3-Ro|ref56|pass_mixed_possible_multicopy         14.71%    passed     79.52%
 840  DELA-7-3-No|ref56|pass_single_dominant                  22.79%    passed     19.04%
 841  DELA-7-3-Rh|ref56|pass_mixed_possible_multicopy         14.71%    passed     78.01%
 842  DELA-7-3-Ro|ref56|pass_mixed_possible_multicopy         15.13%    passed     69.35%
 843  DELA-8-2-No|ref56|pass_single_dominant                  13.87%    passed     39.23%
 844  DELA-8-2-Rh|ref56|pass_single_dominant                   9.03%    passed     57.79%
 845  DELA-8-2-Ro|ref56|pass_mixed_possible_multicopy         14.08%    passed     85.69%
 846  DELA-9-1-No|ref56|pass_mixed_possible_multicopy         27.31%    passed     73.39%
 847  DELA-9-1-Ro|ref56|pass_mixed_possible_multicopy         17.23%    passed     42.52%
 848  DSNY-101-1-No|ref56|pass_mixed_possible_multicopy       27.00%    passed     74.40%
 849  DSNY-101-1-Rh|ref56|pass_mixed_possible_multicopy       17.54%    passed     73.90%
 850  DSNY-11-3-No|ref56|pass_mixed_possible_multicopy        21.85%    passed     87.41%
 851  DSNY-12-2-No|ref56|pass_mixed_possible_multicopy        18.70%    passed     93.12%
 852  DSNY-12-2-Ro|ref56|pass_mixed_possible_multicopy        23.21%    passed     69.90%
 853  DSNY-13-1-No|ref56|pass_mixed_possible_multicopy        17.54%    failed      4.59%
 854  DSNY-13-1-Rh|ref56|pass_mixed_possible_multicopy        17.02%    passed     80.49%
 855  DSNY-13-1-Ro|ref56|pass_mixed_possible_multicopy        28.57%    passed     80.25%
 856  DSNY-14-1-No|ref56|pass_single_dominant                 10.08%    passed     90.49%
 857  DSNY-14-1-Rh|ref56|pass_mixed_possible_multicopy        16.49%    passed     85.45%
 858  DSNY-15-1-No|ref56|pass_single_dominant                 14.50%    passed     84.62%
 859  DSNY-17-3-No|ref56|pass_mixed_possible_multicopy        19.96%    passed     78.85%
 860  DSNY-17-3-Rh|ref56|pass_single_dominant                 22.48%    passed     92.35%
 861  DSNY-18-1-No|ref56|pass_mixed_possible_multicopy        15.44%    passed     54.11%
 862  DSNY-18-1-Rh|ref56|pass_single_dominant                 17.75%    passed     50.85%
 863  DSNY-18-1-Ro|ref56|pass_mixed_possible_multicopy        12.18%    passed     82.25%
 864  DSNY-19-1-No|ref56|pass_mixed_possible_multicopy        15.55%    passed      9.35%
 865  DSNY-19-1-Rh|ref56|pass_mixed_possible_multicopy        14.08%    passed     82.09%
 866  DSNY-2-1-No|ref56|pass_single_dominant                  14.81%    passed     11.92%
 867  DSNY-2-1-Rh|ref56|pass_mixed_possible_multicopy         18.28%    passed     95.81%
 868  DSNY-2-1-Ro|ref56|pass_mixed_possible_multicopy         14.50%    passed     95.68%
 869  DSNY-20-1-No|ref56|pass_mixed_possible_multicopy        17.75%    passed     89.79%
 870  DSNY-20-1-Rh|ref56|pass_single_dominant                 12.92%    passed     79.03%
 871  DSNY-20-1-Ro|ref56|pass_mixed_possible_multicopy        16.07%    passed     90.79%
 872  DSNY-21-1-No|ref56|pass_mixed_possible_multicopy        18.28%    passed     93.64%
 873  DSNY-21-1-Rh|ref56|pass_mixed_possible_multicopy        21.32%    passed     93.33%
 874  DSNY-22-3-No|ref56|pass_mixed_possible_multicopy        15.34%    passed     17.35%
 875  DSNY-22-3-Rh|ref56|pass_mixed_possible_multicopy        16.07%    passed     81.27%
 876  DSNY-22-3-Ro|ref56|pass_mixed_possible_multicopy        18.07%    passed     72.42%
 877  DSNY-24-1-No|ref56|pass_mixed_possible_multicopy        13.97%    passed     54.53%
 878  DSNY-24-1-Rh|ref56|pass_mixed_possible_multicopy        13.87%    passed     67.87%
 879  DSNY-24-1-Ro|ref56|pass_mixed_possible_multicopy        16.07%    passed     77.35%
 880  DSNY-25-1-No|ref56|pass_mixed_possible_multicopy        19.12%    passed     54.25%
 881  DSNY-25-1-Ro|ref56|pass_mixed_possible_multicopy        13.97%    passed     90.84%
 882  DSNY-26-1-No|ref56|pass_mixed_possible_multicopy        14.71%    passed      5.24%
 883  DSNY-26-1-Rh|ref56|pass_mixed_possible_multicopy        17.23%    passed     91.24%
 884  DSNY-26-1-Ro|ref56|pass_mixed_possible_multicopy        14.18%    passed     93.32%
 885  DSNY-27-1-No|ref56|pass_mixed_possible_multicopy        19.64%    passed     92.41%
 886  DSNY-27-1-Ro|ref56|pass_mixed_possible_multicopy        19.12%    passed     80.76%
 887  DSNY-28-1-No|ref56|pass_mixed_possible_multicopy        16.49%    passed     92.19%
 888  DSNY-28-1-Ro|ref56|pass_single_dominant                 13.97%    passed     68.12%
 889  DSNY-29-1-No|ref56|pass_mixed_possible_multicopy        16.39%    passed     70.86%
 890  DSNY-29-1-Rh|ref56|pass_single_dominant                 15.65%    passed     84.20%
 891  DSNY-29-1-Ro|ref56|pass_mixed_possible_multicopy        18.49%    passed     70.67%
 892  DSNY-3-1-No|ref56|pass_mixed_possible_multicopy         17.33%    passed     78.99%
 893  DSNY-3-1-Ro|ref56|pass_mixed_possible_multicopy         13.66%    passed     44.35%
 894  DSNY-30-1-No|ref56|pass_mixed_possible_multicopy        16.81%    passed     77.90%
 895  DSNY-30-1-Rh|ref56|pass_mixed_possible_multicopy        15.76%    passed     85.98%
 896  DSNY-30-1-Ro|ref56|pass_mixed_possible_multicopy        17.96%    passed     87.40%
 897  DSNY-31-1-No|ref56|pass_single_dominant                 12.50%    passed     18.68%
 898  DSNY-31-1-Rh|ref56|pass_single_dominant                 17.12%    passed     51.87%
 899  DSNY-31-1-Ro|ref56|pass_mixed_possible_multicopy        10.50%    passed     39.79%
 900  DSNY-34-1-No|ref56|pass_mixed_possible_multicopy        16.60%    passed     47.32%
 901  DSNY-34-1-Rh|ref56|pass_mixed_possible_multicopy        17.33%    passed     68.61%
 902  DSNY-34-1-Ro|ref56|pass_single_dominant                 17.86%    passed     68.40%
 903  DSNY-36-1-No|ref56|pass_mixed_possible_multicopy        13.87%    passed     47.59%
 904  DSNY-36-1-Rh|ref56|pass_mixed_possible_multicopy        18.59%    passed     95.32%
 905  DSNY-36-1-Ro|ref56|pass_mixed_possible_multicopy        18.91%    passed     84.29%
 906  DSNY-37-1-No|ref56|pass_mixed_possible_multicopy        14.39%    passed     92.47%
 907  DSNY-37-1-Rh|ref56|pass_mixed_possible_multicopy        15.65%    passed     89.29%
 908  DSNY-37-1-Ro|ref56|pass_mixed_possible_multicopy        18.59%    passed     90.67%
 909  DSNY-38-3-No|ref56|pass_mixed_possible_multicopy        16.07%    passed     71.15%
 910  DSNY-38-3-Rh|ref56|pass_mixed_possible_multicopy        10.82%    passed     88.60%
 911  DSNY-38-3-Ro|ref56|pass_mixed_possible_multicopy        14.39%    passed     54.76%
 912  DSNY-39-4-No|ref56|pass_mixed_possible_multicopy        16.60%    passed     85.93%
 913  DSNY-39-4-Rh|ref56|pass_mixed_possible_multicopy        11.97%    passed     91.69%
 914  DSNY-39-4-Ro|ref56|pass_mixed_possible_multicopy        16.07%    passed     72.93%
 915  DSNY-4-1-No|ref56|pass_mixed_possible_multicopy         10.19%    passed     34.38%
 916  DSNY-40-2-No|ref56|pass_mixed_possible_multicopy        15.97%    passed     98.83%
 917  DSNY-40-2-Rh|ref56|pass_single_dominant                 13.66%    passed     85.77%
 918  DSNY-40-2-Ro|ref56|pass_mixed_possible_multicopy        18.17%    passed     89.84%
 919  DSNY-43-1-No|ref56|pass_single_dominant                 13.76%    passed     18.23%
 920  DSNY-43-1-Rh|ref56|pass_mixed_possible_multicopy        17.12%    passed     92.08%
 921  DSNY-43-1-Ro|ref56|pass_mixed_possible_multicopy        15.02%    passed     72.59%
 922  DSNY-44-1-No|ref56|pass_single_dominant                  8.72%    passed     63.74%
 923  DSNY-44-1-Rh|ref56|pass_mixed_possible_multicopy        15.23%    passed     76.31%
 924  DSNY-44-1-Ro|ref56|pass_mixed_possible_multicopy        13.45%    passed     51.66%
 925  DSNY-48-1-No|ref56|pass_mixed_possible_multicopy        13.45%    passed     73.41%
 926  DSNY-48-1-Rh|ref56|pass_mixed_possible_multicopy         9.77%    passed     65.10%
 927  DSNY-48-1-Ro|ref56|pass_mixed_possible_multicopy        15.34%    passed     90.04%
 928  DSNY-49-2-No|ref56|pass_mixed_possible_multicopy        15.13%    passed     10.23%
 929  DSNY-49-2-Rh|ref56|pass_mixed_possible_multicopy        10.50%    passed     86.92%
 930  DSNY-49-2-Ro|ref56|pass_mixed_possible_multicopy        13.13%    passed     84.85%
 931  DSNY-5-1-No|ref56|pass_mixed_possible_multicopy         28.15%    passed     88.55%
 932  DSNY-5-1-Ro|ref56|pass_mixed_possible_multicopy         21.11%    passed     87.82%
 933  DSNY-50-1-No|ref56|pass_mixed_possible_multicopy        17.44%    passed     87.74%
 934  DSNY-50-1-Rh|ref56|pass_mixed_possible_multicopy        15.23%    passed     73.05%
 935  DSNY-50-1-Ro|ref56|pass_single_dominant                 19.22%    passed     76.25%
 936  DSNY-51-2-No|ref56|pass_mixed_possible_multicopy        21.43%    passed     93.54%
 937  DSNY-51-2-Rh|ref56|pass_mixed_possible_multicopy        10.82%    passed     92.29%
 938  DSNY-51-2-Ro|ref56|pass_mixed_possible_multicopy        14.92%    passed     84.86%
 939  DSNY-52-1-No|ref56|pass_mixed_possible_multicopy        11.55%    passed     45.59%
 940  DSNY-52-1-Rh|ref56|pass_mixed_possible_multicopy        15.23%    passed     89.65%
 941  DSNY-52-1-Ro|ref56|pass_mixed_possible_multicopy        13.45%    passed     86.73%
 942  DSNY-53-1-No|ref56|pass_mixed_possible_multicopy        13.55%    passed     83.07%
 943  DSNY-53-1-Rh|ref56|pass_single_dominant                 15.55%    passed     86.56%
 944  DSNY-53-1-Ro|ref56|pass_mixed_possible_multicopy        21.22%    passed     58.45%
 945  DSNY-54-1-No|ref56|pass_single_dominant                 14.39%    passed     49.91%
 946  DSNY-54-1-Rh|ref56|pass_single_dominant                 13.34%    passed     74.69%
 947  DSNY-54-1-Ro|ref56|pass_mixed_possible_multicopy        18.49%    passed     83.58%
 948  DSNY-56-1-No|ref56|pass_single_dominant                 12.92%    passed     75.20%
 949  DSNY-56-1-Rh|ref56|pass_mixed_possible_multicopy        17.65%    passed     55.63%
 950  DSNY-56-1-Ro|ref56|pass_mixed_possible_multicopy        12.61%    passed     71.15%
 951  DSNY-57-1-Rh|ref56|pass_single_dominant                 14.81%    passed     65.07%
 952  DSNY-57-1-Ro|ref56|pass_mixed_possible_multicopy        11.97%    passed     18.47%
 953  DSNY-57-No|ref56|pass_single_dominant                    8.40%    passed     56.04%
 954  DSNY-58-No|ref56|pass_mixed_possible_multicopy           8.82%    passed      9.07%
 955  DSNY-58-Rh|ref56|pass_mixed_possible_multicopy          11.03%    passed     73.58%
 956  DSNY-59-No|ref56|pass_single_dominant                    8.09%    passed      7.97%
 957  DSNY-59-Rh|ref56|pass_mixed_possible_multicopy          10.08%    passed     54.67%
 958  DSNY-59-Ro|ref56|pass_single_dominant                    8.30%    passed      8.31%
 959  DSNY-61-4-Rh|ref56|pass_mixed_possible_multicopy        16.81%    passed     60.60%
 960  DSNY-63-No|ref56|pass_mixed_possible_multicopy          19.43%    passed     56.64%
 961  DSNY-63-Rh|ref56|pass_single_dominant                   16.91%    passed     64.43%
 962  DSNY-63-Ro|ref56|pass_mixed_possible_multicopy          18.49%    passed     57.17%
 963  DSNY-64-2-No|ref56|pass_mixed_possible_multicopy        20.27%    passed     76.11%
 964  DSNY-64-2-Ro|ref56|pass_mixed_possible_multicopy        10.71%    passed     11.79%
 965  DSNY-65-1-No|ref56|pass_mixed_possible_multicopy        13.97%    passed     84.73%
 966  DSNY-65-1-Rh|ref56|pass_mixed_possible_multicopy        14.08%    passed     83.79%
 967  DSNY-65-1-Ro|ref56|pass_mixed_possible_multicopy        12.82%    passed     95.56%
 968  DSNY-66-1-No|ref56|pass_mixed_possible_multicopy        17.54%    passed     51.73%
 969  DSNY-66-1-Rh|ref56|pass_mixed_possible_multicopy        13.13%    passed     81.24%
 970  DSNY-66-1-Ro|ref56|pass_mixed_possible_multicopy        17.65%    passed     69.09%
 971  DSNY-67-3-No|ref56|pass_mixed_possible_multicopy        19.54%    passed     80.10%
 972  DSNY-67-3-Rh|ref56|pass_mixed_possible_multicopy        14.50%    passed     77.58%
 973  DSNY-67-3-Ro|ref56|pass_mixed_possible_multicopy        19.54%    passed     62.63%
 974  DSNY-68-1-No|ref56|pass_mixed_possible_multicopy        14.81%    passed     73.83%
 975  DSNY-68-1-Rh|ref56|pass_mixed_possible_multicopy        14.08%    passed     86.57%
 976  DSNY-68-1-Ro|ref56|pass_mixed_possible_multicopy        11.55%    passed     82.42%
 977  DSNY-69-1-No|ref56|pass_mixed_possible_multicopy        13.45%    passed     11.09%
 978  DSNY-69-1-Rh|ref56|pass_single_dominant                 16.60%    passed     55.88%
 979  DSNY-69-1-Ro|ref56|pass_mixed_possible_multicopy        15.65%    passed     68.94%
 980  DSNY-7-1-Ro|ref56|pass_mixed_possible_multicopy         16.39%    passed     97.90%
 981  DSNY-70-1-No|ref56|pass_mixed_possible_multicopy        18.80%    passed      5.76%
 982  DSNY-70-1-Rh|ref56|pass_mixed_possible_multicopy        15.55%    passed     84.31%
 983  DSNY-70-1-Ro|ref56|pass_mixed_possible_multicopy        13.55%    passed     68.71%
 984  DSNY-71-1-No|ref56|pass_mixed_possible_multicopy        15.76%    passed     76.45%
 985  DSNY-71-1-Rh|ref56|pass_mixed_possible_multicopy        14.29%    passed     84.39%
 986  DSNY-71-1-Ro|ref56|pass_mixed_possible_multicopy        15.55%    passed     77.89%
 987  DSNY-72-1-No|ref56|pass_mixed_possible_multicopy        11.03%    passed     85.51%
 988  DSNY-72-1-Rh|ref56|pass_mixed_possible_multicopy         9.77%    passed     61.80%
 989  DSNY-72-1-Ro|ref56|pass_mixed_possible_multicopy         9.35%    passed     65.73%
 990  DSNY-74-1-No|ref56|pass_single_dominant                  6.72%    failed      3.53%
 991  DSNY-74-1-Rh|ref56|pass_single_dominant                 12.82%    passed     89.54%
 992  DSNY-74-1-Ro|ref56|pass_mixed_possible_multicopy        15.44%    passed     60.32%
 993  DSNY-75-1-No|ref56|pass_mixed_possible_multicopy        19.64%    passed     92.49%
 994  DSNY-75-1-Rh|ref56|pass_mixed_possible_multicopy        19.96%    passed     89.14%
 995  DSNY-75-1-Ro|ref56|pass_mixed_possible_multicopy        17.23%    passed     78.44%
 996  DSNY-76-1-No|ref56|pass_single_dominant                  7.88%    passed     61.52%
 997  DSNY-76-1-Rh|ref56|pass_mixed_possible_multicopy        20.90%    passed     39.06%
 998  DSNY-76-1-Ro|ref56|pass_mixed_possible_multicopy        17.44%    passed     46.03%
 999  DSNY-77-3-No|ref56|pass_mixed_possible_multicopy        15.13%    passed     61.94%
1000  DSNY-77-3-Ro|ref56|pass_mixed_possible_multicopy        13.66%    passed     96.35%
1001  DSNY-78-1-No|ref56|pass_single_dominant                  6.62%    failed      3.82%
1002  DSNY-78-1-Rh|ref56|pass_single_dominant                 20.17%    passed     87.42%
1003  DSNY-79-1-No|ref56|pass_mixed_possible_multicopy         9.77%    passed     87.77%
1004  DSNY-79-1-Rh|ref56|pass_mixed_possible_multicopy         9.98%    passed     75.50%
1005  DSNY-79-1-Ro|ref56|pass_mixed_possible_multicopy        12.18%    passed     26.64%
1006  DSNY-80-1-No|ref56|pass_mixed_possible_multicopy        14.81%    passed     77.14%
1007  DSNY-80-1-Rh|ref56|pass_mixed_possible_multicopy        14.50%    passed     51.06%
1008  DSNY-80-1-Ro|ref56|pass_mixed_possible_multicopy        25.00%    passed     81.86%
1009  DSNY-81-1-No|ref56|pass_single_dominant                  7.77%    passed      6.57%
1010  DSNY-81-1-Rh|ref56|pass_single_dominant                  9.14%    passed      5.45%
1011  DSNY-81-1-Ro|ref56|pass_mixed_possible_multicopy        15.02%    passed     41.52%
1012  DSNY-82-3-No|ref56|pass_mixed_possible_multicopy        14.50%    passed     84.10%
1013  DSNY-82-3-Ro|ref56|pass_mixed_possible_multicopy        17.44%    passed     54.70%
1014  DSNY-83-1-No|ref56|pass_mixed_possible_multicopy        16.07%    passed     73.23%
1015  DSNY-83-1-Rh|ref56|pass_single_dominant                 14.71%    passed     63.89%
1016  DSNY-83-1-Ro|ref56|pass_mixed_possible_multicopy        16.49%    passed     77.98%
1017  DSNY-83-2-No|ref56|pass_mixed_possible_multicopy        15.86%    passed     80.01%
1018  DSNY-83-2-Rh|ref56|pass_mixed_possible_multicopy        14.60%    passed     91.11%
1019  DSNY-83-2-Ro|ref56|pass_mixed_possible_multicopy        16.28%    passed     84.27%
1020  DSNY-83-3-No|ref56|pass_mixed_possible_multicopy        14.29%    passed     86.14%
1021  DSNY-83-3-Rh|ref56|pass_mixed_possible_multicopy        14.08%    passed     82.87%
1022  DSNY-83-3-Ro|ref56|pass_mixed_possible_multicopy        10.29%    passed     66.10%
1023  DSNY-83-4-Rh|ref56|pass_mixed_possible_multicopy        14.92%    passed     83.17%
1024  DSNY-83-4-Ro|ref56|pass_mixed_possible_multicopy        14.50%    passed     91.12%
1025  DSNY-83-5-No|ref56|pass_mixed_possible_multicopy        17.86%    passed     62.59%
1026  DSNY-83-5-Rh|ref56|pass_mixed_possible_multicopy        10.82%    passed     70.30%
1027  DSNY-83-5-Ro|ref56|pass_mixed_possible_multicopy        16.18%    passed     63.97%
1028  DSNY-85-1-No|ref56|pass_mixed_possible_multicopy        14.81%    passed     84.95%
1029  DSNY-85-1-Rh|ref56|pass_mixed_possible_multicopy        19.33%    passed     81.47%
1030  DSNY-86-1-No|ref56|pass_mixed_possible_multicopy        14.92%    passed     94.79%
1031  DSNY-86-1-Ro|ref56|pass_mixed_possible_multicopy        15.55%    passed     72.79%
1032  DSNY-87-1-No|ref56|pass_single_dominant                 16.91%    passed     85.22%
1033  DSNY-88-1-No|ref56|pass_mixed_possible_multicopy        18.38%    passed     73.75%
1034  DSNY-88-1-Ro|ref56|pass_mixed_possible_multicopy        15.02%    passed     89.25%
1035  DSNY-89-No|ref56|pass_mixed_possible_multicopy          18.70%    passed     62.06%
1036  DSNY-89-Rh|ref56|pass_mixed_possible_multicopy          23.00%    passed     81.02%
1037  DSNY-89-Ro|ref56|pass_mixed_possible_multicopy          17.44%    passed     43.81%
1038  DSNY-90-No|ref56|pass_mixed_possible_multicopy          11.03%    passed     75.34%
1039  DSNY-90-Rh|ref56|pass_mixed_possible_multicopy          23.95%    passed     85.16%
1040  DSNY-90-Ro|ref56|pass_mixed_possible_multicopy          14.92%    passed     80.44%
1041  DSNY-91-1-No|ref56|pass_mixed_possible_multicopy        17.54%    passed     40.69%
1042  DSNY-91-1-Rh|ref56|pass_mixed_possible_multicopy        23.95%    passed     74.60%
1043  DSNY-92-1-Rh|ref56|pass_mixed_possible_multicopy        17.33%    passed     94.35%
1044  DSNY-92-1-Ro|ref56|pass_mixed_possible_multicopy        23.21%    passed     47.77%
1045  DSNY-95-No|ref56|pass_mixed_possible_multicopy          15.23%    passed     83.65%
1046  DSNY-95-Rh|ref56|pass_single_dominant                   11.97%    passed     93.53%
1047  DSNY-95-Ro|ref56|pass_mixed_possible_multicopy          17.44%    passed     81.11%
1048  DSNY-96-2-No|ref56|pass_mixed_possible_multicopy        21.85%    passed     94.22%
1049  DSNY-96-2-Rh|ref56|pass_mixed_possible_multicopy        19.85%    passed     84.20%
1050  DSNY-98-4-No|ref56|pass_mixed_possible_multicopy        16.81%    passed     73.87%
1051  DSNY-98-4-Rh|ref56|pass_mixed_possible_multicopy        17.96%    passed     83.10%
1052  DSNY-98-4-Ro|ref56|pass_single_dominant                 21.74%    passed     86.85%
1053  DSNY-99-No|ref56|pass_mixed_possible_multicopy          16.07%    passed     92.61%
1054  DSNY-99-Rh|ref56|pass_single_dominant                   20.17%    passed     79.60%
1055  DSNY-99-Ro|ref56|pass_mixed_possible_multicopy          21.11%    passed     84.88%
1056  DSNY-CLFR-60-No|ref56|pass_single_dominant              21.53%    passed     56.75%
1057  DSNY-CLFR-60-Ro|ref56|pass_mixed_possible_multicopy     15.55%    passed     59.93%
1058  DSNY-CRMA-33-1-No|ref56|pass_mixed_possible_multicopy   12.71%    passed     73.04%
1059  DSNY-CRMA-33-1-Rh|ref56|pass_mixed_possible_multicopy   17.23%    passed     56.18%
1060  DSNY-CRMA-33-1-Ro|ref56|pass_mixed_possible_multicopy   15.34%    passed     78.02%
1061  DSNY-CRMA-35-1-No|ref56|pass_mixed_possible_multicopy   14.18%    passed     16.43%
1062  DSNY-CRMA-35-1-Rh|ref56|pass_mixed_possible_multicopy   15.02%    passed     86.60%
1063  DSNY-CRMA-35-1-Ro|ref56|pass_mixed_possible_multicopy   17.86%    passed     60.44%
1064  DSNY-GAEL-33-1-No|ref56|pass_mixed_possible_multicopy    9.45%    passed     55.49%
1065  DSNY-GAEL-33-1-Rh|ref56|pass_mixed_possible_multicopy    9.98%    passed     72.10%
1066  DSNY-GAEL-33-1-Ro|ref56|pass_mixed_possible_multicopy   21.11%    passed     76.37%
1067  DSNY-GARE-35-1-No|ref56|pass_mixed_possible_multicopy   19.43%    passed     52.70%
1068  DSNY-GARE-35-1-Rh|ref56|pass_mixed_possible_multicopy   18.28%    passed     58.12%
1069  DSNY-GARE-35-1-Ro|ref56|pass_mixed_possible_multicopy   17.02%    passed     54.54%
1070  DSNY-SEHE-60-No|ref56|pass_mixed_possible_multicopy     14.92%    passed     86.49%
1071  DSNY-SEHE-60-Rh|ref56|pass_mixed_possible_multicopy     15.23%    passed     83.26%
1072  DSNY-SEHE-60-Ro|ref56|pass_mixed_possible_multicopy     10.61%    passed     63.57%
1073  GRSM-1-No|ref56|pass_single_dominant                    14.29%    passed     40.29%
1074  GRSM-1-Rh|ref56|pass_mixed_possible_multicopy           29.62%    passed     96.86%
1075  GRSM-3-No|ref56|pass_single_dominant                    13.87%    passed     40.12%
1076  GRSM-3-Rh|ref56|pass_single_dominant                    21.22%    passed     94.14%
1077  GUAN-1-No|ref56|pass_mixed_possible_multicopy           20.69%    passed     84.49%
1078  GUAN-10-Ro|ref56|pass_single_dominant                   15.86%    passed     52.08%
1079  GUAN-2-No|ref56|pass_mixed_possible_multicopy           21.53%    passed     88.75%
1080  GUAN-2-Rh|ref56|pass_mixed_possible_multicopy           14.08%    passed     60.94%
1081  GUAN-3-No|ref56|pass_mixed_possible_multicopy           12.82%    passed     79.64%
1082  GUAN-3-Rh|ref56|pass_mixed_possible_multicopy           23.32%    passed     90.06%
1083  GUAN-3-Ro|ref56|pass_mixed_possible_multicopy           20.69%    passed     94.57%
1084  GUAN-4-No|ref56|pass_single_dominant                    13.34%    passed     93.75%
1085  GUAN-4-Rh|ref56|pass_mixed_possible_multicopy           16.49%    passed     80.55%
1086  GUAN-5-No|ref56|pass_mixed_possible_multicopy           18.59%    passed     54.88%
1087  GUAN-5-Rh|ref56|pass_mixed_possible_multicopy           23.21%    passed     85.40%
1088  GUAN-5-Ro|ref56|pass_mixed_possible_multicopy           17.65%    passed     75.71%
1089  GUAN-6-3-No|ref56|pass_mixed_possible_multicopy         16.07%    passed     90.40%
1090  GUAN-6-3-Rh|ref56|pass_mixed_possible_multicopy         10.40%    passed     83.31%
1091  GUAN-6-3-Ro|ref56|pass_single_dominant                   8.82%    passed     30.35%
1092  GUAN-7-1-No|ref56|pass_mixed_possible_multicopy         12.82%    passed     86.67%
1093  GUAN-7-1-Rh|ref56|pass_mixed_possible_multicopy         14.60%    passed     87.44%
1094  GUAN-8-No|ref56|pass_single_dominant                    16.81%    passed     86.22%
1095  GUAN-8-Rh|ref56|pass_single_dominant                    18.17%    passed     86.60%
1096  GUAN-8-Ro|ref56|pass_mixed_possible_multicopy           20.38%    passed     89.02%
1097  GUAN-9-1-No|ref56|pass_mixed_possible_multicopy         14.71%    passed     86.80%
1098  GUAN-9-1-Rh|ref56|pass_mixed_possible_multicopy         14.92%    passed     92.06%
1099  GUAN-9-1-Ro|ref56|pass_single_dominant                  14.60%    passed     74.73%
1100  HARV-1-1-No|ref56|pass_single_dominant                  15.23%    passed     17.37%
1101  HARV-1-1-Ro|ref56|pass_mixed_possible_multicopy         16.91%    passed     88.86%
1102  HARV-1-2-No|ref56|pass_mixed_possible_multicopy         18.49%    passed     95.90%
1103  HARV-1-3-Ro|ref56|pass_mixed_possible_multicopy         18.38%    passed     65.99%
1104  HARV-2-1-No|ref56|pass_mixed_possible_multicopy         18.70%    passed     91.77%
1105  HARV-2-1-Rh|ref56|pass_single_dominant                  14.50%    passed     73.36%
1106  HARV-2-1-Ro|ref56|pass_mixed_possible_multicopy         15.34%    passed     79.20%
1107  HARV-2-3-No|ref56|pass_mixed_possible_multicopy         18.49%    passed     94.11%
1108  HARV-3-1-No|ref56|pass_single_dominant                  12.29%    passed     29.49%
1109  HARV-3-1-Rh|ref56|pass_mixed_possible_multicopy         13.13%    passed     84.98%
1110  HARV-3-1-Ro|ref56|pass_mixed_possible_multicopy         19.64%    passed     83.13%
1111  HARV-4-1-No|ref56|pass_single_dominant                  12.92%    passed     47.02%
1112  HARV-4-1-Rh|ref56|pass_mixed_possible_multicopy         16.60%    passed     63.24%
1113  HEAL-1-2-No|ref56|pass_mixed_possible_multicopy         19.96%    passed     60.93%
1114  HEAL-1-2-Rh|ref56|pass_mixed_possible_multicopy         19.12%    passed     73.30%
1115  HEAL-1-2-Ro|ref56|pass_mixed_possible_multicopy         19.75%    passed     95.56%
1116  HEAL-10-1-No|ref56|pass_mixed_possible_multicopy        23.53%    passed     72.64%
1117  HEAL-10-2-No|ref56|pass_mixed_possible_multicopy        19.54%    passed     77.89%
1118  HEAL-10-2-Rh|ref56|pass_mixed_possible_multicopy        24.16%    passed     82.62%
1119  HEAL-11-1-No|ref56|pass_mixed_possible_multicopy        10.71%    passed     15.46%
1120  HEAL-11-1-Rh|ref56|pass_mixed_possible_multicopy        11.03%    passed     57.79%
1121  HEAL-12-1-No|ref56|pass_mixed_possible_multicopy        10.40%    passed     80.25%
1122  HEAL-12-1-Rh|ref56|pass_mixed_possible_multicopy        16.28%    passed     70.15%
1123  HEAL-12-2-No|ref56|pass_mixed_possible_multicopy        26.05%    passed     45.15%
1124  HEAL-13-1-No|ref56|pass_single_dominant                 16.39%    passed     77.90%
1125  HEAL-13-1-Rh|ref56|pass_mixed_possible_multicopy        15.76%    passed     84.97%
1126  HEAL-13-2-Rh|ref56|pass_mixed_possible_multicopy        24.89%    passed     79.61%
1127  HEAL-14-1-No|ref56|pass_mixed_possible_multicopy        17.96%    passed     64.42%
1128  HEAL-14-1-Rh|ref56|pass_mixed_possible_multicopy        16.28%    passed     70.15%
1129  HEAL-15-1-No|ref56|pass_mixed_possible_multicopy        15.55%    passed     45.53%
1130  HEAL-15-1-Rh|ref56|pass_mixed_possible_multicopy        17.12%    passed     81.70%
1131  HEAL-2-1-Rh|ref56|pass_mixed_possible_multicopy         14.71%    passed     65.36%
1132  HEAL-2-1-Ro|ref56|pass_mixed_possible_multicopy         21.22%    passed     56.15%
1133  HEAL-3-1-Rh|ref56|pass_mixed_possible_multicopy         19.01%    passed     90.02%
1134  HEAL-4-1-Rh|ref56|pass_mixed_possible_multicopy         19.64%    passed     73.33%
1135  HEAL-4-1-Ro|ref56|pass_mixed_possible_multicopy         17.02%    passed     71.91%
1136  HEAL-4-2-Rh|ref56|pass_mixed_possible_multicopy         18.49%    passed     79.26%
1137  HEAL-5-1-Rh|ref56|pass_mixed_possible_multicopy         23.84%    passed     97.97%
1138  HEAL-5-2-Rh|ref56|pass_mixed_possible_multicopy         18.28%    passed     69.24%
1139  HEAL-6-1-Rh|ref56|pass_mixed_possible_multicopy         15.44%    passed     80.70%
1140  HEAL-7-1-No|ref56|pass_single_dominant                  14.92%    passed     98.56%
1141  HEAL-7-1-Rh|ref56|pass_mixed_possible_multicopy         17.33%    passed     64.76%
1142  HEAL-7-1-Ro|ref56|pass_single_dominant                  18.28%    passed     50.00%
1143  HEAL-8-1-Rh|ref56|pass_mixed_possible_multicopy         19.01%    passed     67.10%
1144  HEAL-8-1-Ro|ref56|pass_mixed_possible_multicopy         15.23%    passed     89.50%
1145  HEAL-9-1-No|ref56|pass_mixed_possible_multicopy         20.06%    passed     98.55%
1146  HEAL-9-1-Rh|ref56|pass_mixed_possible_multicopy         11.76%    passed     61.00%
1147  HEAL-9-1-Ro|ref56|pass_mixed_possible_multicopy         15.55%    passed     79.69%
1148  HEAL-9-2-No|ref56|pass_mixed_possible_multicopy         25.32%    passed     94.73%
1149  HEAL-9-2-Rh|ref56|pass_mixed_possible_multicopy         18.59%    passed     55.75%
1150  JERC-1-2-No|ref56|pass_single_dominant                  19.64%    passed     72.44%
1151  JERC-1-2-Rh|ref56|pass_single_dominant                  16.18%    passed     67.81%
1152  JERC-100-1-Rh|ref56|pass_mixed_possible_multicopy       21.22%    passed     96.31%
1153  JERC-100-1-Ro|ref56|pass_single_dominant                21.22%    passed     83.15%
1154  JERC-102-1-Rh|ref56|pass_single_dominant                22.16%    passed     62.49%
1155  JERC-106-1-No|ref56|pass_single_dominant                12.50%    passed     10.60%
1156  JERC-106-1-Rh|ref56|pass_single_dominant                19.43%    passed     98.17%
1157  JERC-107-1-No|ref56|pass_single_dominant                16.91%    passed      8.57%
1158  JERC-107-1-Ro|ref56|pass_mixed_possible_multicopy       16.60%    passed     90.71%
1159  JERC-109-1-No|ref56|pass_single_dominant                19.64%    passed     10.03%
1160  JERC-110-4-No|ref56|pass_single_dominant                14.08%    passed      7.51%
1161  JERC-110-4-Rh|ref56|pass_mixed_possible_multicopy       16.28%    passed     93.38%
1162  JERC-110-4-Ro|ref56|pass_mixed_possible_multicopy       18.17%    passed     85.09%
1163  JERC-111-3-No|ref56|pass_mixed_possible_multicopy       14.29%    passed     66.17%
1164  JERC-111-3-Rh|ref56|pass_mixed_possible_multicopy       14.92%    passed     77.31%
1165  JERC-112-1-No|ref56|pass_mixed_possible_multicopy       16.49%    passed     92.11%
1166  JERC-112-1-Rh|ref56|pass_mixed_possible_multicopy       12.39%    passed     65.64%
1167  JERC-113-3-No|ref56|pass_mixed_possible_multicopy       17.12%    passed     79.22%
1168  JERC-113-3-Rh|ref56|pass_mixed_possible_multicopy       15.55%    passed     56.80%
1169  JERC-114-3-No|ref56|pass_mixed_possible_multicopy       15.86%    passed     34.92%
1170  JERC-114-3-Rh|ref56|pass_mixed_possible_multicopy       13.97%    passed     87.19%
1171  JERC-119-No|ref56|pass_mixed_possible_multicopy         10.71%    passed     74.38%
1172  JERC-119-Rh|ref56|pass_mixed_possible_multicopy          9.87%    passed     60.08%
1173  JERC-119-Ro|ref56|pass_mixed_possible_multicopy         10.82%    passed     69.80%
1174  JERC-120-No|ref56|pass_mixed_possible_multicopy         13.66%    passed     70.32%
1175  JERC-120-Rh|ref56|pass_mixed_possible_multicopy         14.81%    passed     82.05%
1176  JERC-120-Ro|ref56|pass_mixed_possible_multicopy          9.45%    passed     50.16%
1177  JERC-121-No|ref56|pass_mixed_possible_multicopy         13.76%    passed     85.57%
1178  JERC-121-Rh|ref56|pass_mixed_possible_multicopy         11.24%    passed     67.30%
1179  JERC-121-Ro|ref56|pass_mixed_possible_multicopy         11.76%    passed     57.25%
1180  JERC-122-No|ref56|pass_mixed_possible_multicopy         14.81%    passed     60.41%
1181  JERC-122-Rh|ref56|pass_single_dominant                  14.92%    passed     24.38%
1182  JERC-122-Ro|ref56|pass_mixed_possible_multicopy         11.55%    passed     70.34%
1183  JERC-123-No|ref56|pass_mixed_possible_multicopy         18.70%    passed     51.35%
1184  JERC-123-Rh|ref56|pass_mixed_possible_multicopy         10.29%    passed     35.95%
1185  JERC-123-Ro|ref56|pass_mixed_possible_multicopy         16.70%    passed     87.87%
1186  JERC-124-2-No|ref56|pass_single_dominant                13.24%    passed     86.43%
1187  JERC-124-2-Ro|ref56|pass_mixed_possible_multicopy       17.75%    passed     76.98%
1188  JERC-126-4-No|ref56|pass_mixed_possible_multicopy       19.96%    passed     45.99%
1189  JERC-126-4-Rh|ref56|pass_single_dominant                18.59%    passed     85.79%
1190  JERC-126-4-Ro|ref56|pass_mixed_possible_multicopy       17.54%    passed     91.61%
1191  JERC-127-2-No|ref56|pass_mixed_possible_multicopy       19.12%    passed     40.15%
1192  JERC-127-2-Rh|ref56|pass_mixed_possible_multicopy       14.81%    passed     94.90%
1193  JERC-127-2-Ro|ref56|pass_mixed_possible_multicopy       20.06%    passed     71.78%
1194  JERC-128-2-No|ref56|pass_mixed_possible_multicopy       15.55%    passed     30.15%
1195  JERC-128-2-Rh|ref56|pass_mixed_possible_multicopy       23.11%    passed     37.55%
1196  JERC-128-2-Ro|ref56|pass_mixed_possible_multicopy       20.06%    passed     72.39%
1197  JERC-129-4-No|ref56|pass_mixed_possible_multicopy       10.08%    passed     78.09%
1198  JERC-129-4-Rh|ref56|pass_mixed_possible_multicopy       18.80%    passed     71.13%
1199  JERC-129-4-Ro|ref56|pass_mixed_possible_multicopy       18.07%    passed     88.59%
1200  JERC-131-No|ref56|pass_mixed_possible_multicopy         18.07%    passed     70.47%
1201  JERC-131-Rh|ref56|pass_mixed_possible_multicopy         14.71%    passed     79.37%
1202  JERC-131-Ro|ref56|pass_single_dominant                  13.76%    passed     78.02%
1203  JERC-132-3-Ro|ref56|pass_single_dominant                17.12%    passed     68.38%
1204  JERC-134-3-No|ref56|pass_mixed_possible_multicopy       16.91%    passed     85.37%
1205  JERC-134-3-Rh|ref56|pass_mixed_possible_multicopy       22.37%    passed     98.54%
1206  JERC-134-3-Ro|ref56|pass_mixed_possible_multicopy       17.12%    passed     95.75%
1207  JERC-135-3-No|ref56|pass_mixed_possible_multicopy       19.01%    passed     60.03%
1208  JERC-135-3-Rh|ref56|pass_mixed_possible_multicopy       15.02%    passed     85.98%
1209  JERC-136-No|ref56|pass_single_dominant                  21.53%    passed     60.62%
1210  JERC-136-Rh|ref56|pass_mixed_possible_multicopy         17.02%    passed     80.03%
1211  JERC-136-Ro|ref56|pass_mixed_possible_multicopy         23.63%    passed     67.96%
1212  JERC-138-Rh|ref56|pass_mixed_possible_multicopy         15.02%    passed     64.99%
1213  JERC-138-Ro|ref56|pass_mixed_possible_multicopy         18.91%    passed     57.47%
1214  JERC-139-5-No|ref56|pass_mixed_possible_multicopy       17.54%    passed     71.06%
1215  JERC-139-5-Rh|ref56|pass_single_dominant                22.48%    passed     81.82%
1216  JERC-139-5-Ro|ref56|pass_mixed_possible_multicopy       17.96%    passed     70.88%
1217  JERC-14-5-Rh|ref56|pass_mixed_possible_multicopy        13.24%    passed     88.04%
1218  JERC-140-No|ref56|pass_mixed_possible_multicopy         22.48%    passed     54.52%
1219  JERC-140-Rh|ref56|pass_mixed_possible_multicopy         26.37%    passed     62.61%
1220  JERC-140-Ro|ref56|pass_mixed_possible_multicopy         17.75%    passed     76.00%
1221  JERC-141-No|ref56|pass_mixed_possible_multicopy         22.27%    passed     35.34%
1222  JERC-141-Rh|ref56|pass_single_dominant                  15.34%    passed     93.67%
1223  JERC-142-Rh|ref56|pass_single_dominant                  22.06%    passed     91.63%
1224  JERC-143-No|ref56|pass_single_dominant                  17.33%    passed      8.29%
1225  JERC-143-Ro|ref56|pass_mixed_possible_multicopy         23.11%    passed     86.16%
1226  JERC-144-No|ref56|pass_mixed_possible_multicopy         21.53%    passed     85.35%
1227  JERC-144-Rh|ref56|pass_mixed_possible_multicopy         23.74%    passed     91.32%
1228  JERC-144-Ro|ref56|pass_mixed_possible_multicopy         21.95%    passed     78.19%
1229  JERC-145-1-No|ref56|pass_mixed_possible_multicopy       16.39%    passed     88.47%
1230  JERC-145-1-Rh|ref56|pass_mixed_possible_multicopy        9.56%    passed     47.74%
1231  JERC-145-1-Ro|ref56|pass_mixed_possible_multicopy       26.16%    passed     80.17%
1232  JERC-146-Rh|ref56|pass_mixed_possible_multicopy         15.02%    passed     75.12%
1233  JERC-146-Ro|ref56|pass_mixed_possible_multicopy         17.65%    passed     64.26%
1234  JERC-148-No|ref56|pass_mixed_possible_multicopy         17.44%    passed     77.54%
1235  JERC-148-Rh|ref56|pass_mixed_possible_multicopy         20.06%    passed     85.38%
1236  JERC-148-Ro|ref56|pass_single_dominant                  16.28%    passed     17.66%
1237  JERC-149-No|ref56|pass_mixed_possible_multicopy         27.63%    passed     86.59%
1238  JERC-149-Rh|ref56|pass_mixed_possible_multicopy         19.12%    passed     66.82%
1239  JERC-149-Ro|ref56|pass_mixed_possible_multicopy         25.63%    passed     88.32%
1240  JERC-150-No|ref56|pass_single_dominant                  16.49%    passed     22.16%
1241  JERC-150-Rh|ref56|pass_single_dominant                  16.91%    passed     47.54%
1242  JERC-150-Ro|ref56|pass_mixed_possible_multicopy         20.80%    passed     87.37%
1243  JERC-151-No|ref56|pass_mixed_possible_multicopy         28.99%    passed     87.34%
1244  JERC-151-Rh|ref56|pass_mixed_possible_multicopy         20.80%    passed     69.18%
1245  JERC-152-No|ref56|pass_single_dominant                  23.63%    passed     87.92%
1246  JERC-152-Rh|ref56|pass_mixed_possible_multicopy         21.85%    passed     82.43%
1247  JERC-152-Ro|ref56|pass_mixed_possible_multicopy         17.54%    passed     91.67%
1248  JERC-153-No|ref56|pass_single_dominant                  19.75%    failed      1.00%
1249  JERC-153-Rh|ref56|pass_mixed_possible_multicopy         18.17%    passed     87.35%
1250  JERC-154-No|ref56|pass_mixed_possible_multicopy         15.76%    passed     70.61%
1251  JERC-154-Rh|ref56|pass_mixed_possible_multicopy         10.29%    passed     58.75%
1252  JERC-154-Ro|ref56|pass_mixed_possible_multicopy         15.76%    passed     69.79%
1253  JERC-155-No|ref56|pass_mixed_possible_multicopy         14.08%    passed     86.57%
1254  JERC-155-Rh|ref56|pass_mixed_possible_multicopy         15.65%    passed     70.36%
1255  JERC-155-Ro|ref56|pass_mixed_possible_multicopy         15.55%    passed     83.43%
1256  JERC-156-No|ref56|pass_mixed_possible_multicopy         18.59%    passed     54.51%
1257  JERC-156-Rh|ref56|pass_mixed_possible_multicopy         17.65%    passed     74.97%
1258  JERC-156-Ro|ref56|pass_mixed_possible_multicopy         18.70%    passed     77.01%
1259  JERC-157-2-No|ref56|pass_mixed_possible_multicopy       12.61%    passed     67.98%
1260  JERC-157-2-Rh|ref56|pass_mixed_possible_multicopy       12.50%    passed     60.06%
1261  JERC-157-2-Ro|ref56|pass_mixed_possible_multicopy       17.65%    passed     67.10%
1262  JERC-158-No|ref56|pass_mixed_possible_multicopy         16.28%    passed     84.56%
1263  JERC-158-Rh|ref56|pass_mixed_possible_multicopy         14.81%    passed     77.38%
1264  JERC-158-Ro|ref56|pass_mixed_possible_multicopy         18.80%    passed     63.77%
1265  JERC-159-2-No|ref56|pass_single_dominant                22.06%    passed     90.98%
1266  JERC-159-2-Rh|ref56|pass_mixed_possible_multicopy       13.03%    passed     67.63%
1267  JERC-16-2-Rh|ref56|pass_single_dominant                 22.16%    passed     40.64%
1268  JERC-160-No|ref56|pass_mixed_possible_multicopy         16.70%    passed     86.11%
1269  JERC-160-Rh|ref56|pass_mixed_possible_multicopy         17.23%    passed     73.86%
1270  JERC-160-Ro|ref56|pass_single_dominant                  22.16%    passed     94.23%
1271  JERC-161-No|ref56|pass_mixed_possible_multicopy         16.28%    passed     77.88%
1272  JERC-161-Rh|ref56|pass_mixed_possible_multicopy         16.39%    passed     64.86%
1273  JERC-161-Ro|ref56|pass_mixed_possible_multicopy         16.28%    passed     77.88%
1274  JERC-162-No|ref56|pass_mixed_possible_multicopy         16.07%    passed     75.49%
1275  JERC-163-No|ref56|pass_single_dominant                   8.30%    passed     44.91%
1276  JERC-163-Rh|ref56|pass_mixed_possible_multicopy         13.24%    passed     80.77%
1277  JERC-163-Ro|ref56|pass_mixed_possible_multicopy         17.12%    passed     85.78%
1278  JERC-164-No|ref56|pass_mixed_possible_multicopy         18.28%    passed     78.12%
1279  JERC-164-Rh|ref56|pass_mixed_possible_multicopy         17.65%    passed     52.51%
1280  JERC-164-Ro|ref56|pass_mixed_possible_multicopy          9.66%    passed     63.78%
1281  JERC-165-No|ref56|pass_mixed_possible_multicopy         17.23%    passed     89.46%
1282  JERC-165-Rh|ref56|pass_mixed_possible_multicopy         15.23%    passed     63.41%
1283  JERC-165-Ro|ref56|pass_mixed_possible_multicopy         16.18%    passed     87.71%
1284  JERC-167-No|ref56|pass_mixed_possible_multicopy         18.91%    passed     73.08%
1285  JERC-168-No|ref56|pass_mixed_possible_multicopy         17.12%    passed     89.47%
1286  JERC-168-Rh|ref56|pass_mixed_possible_multicopy         17.44%    passed     66.23%
1287  JERC-168-Ro|ref56|pass_mixed_possible_multicopy         17.44%    passed     72.47%
1288  JERC-169-No|ref56|pass_mixed_possible_multicopy         19.22%    passed     60.15%
1289  JERC-169-Rh|ref56|pass_mixed_possible_multicopy         18.70%    passed     77.01%
1290  JERC-169-Ro|ref56|pass_mixed_possible_multicopy         16.60%    passed     73.13%
1291  JERC-170-No|ref56|pass_mixed_possible_multicopy         18.49%    passed     83.72%
1292  JERC-171-No|ref56|pass_mixed_possible_multicopy         18.38%    passed     77.05%
1293  JERC-171-Ro|ref56|pass_mixed_possible_multicopy         18.38%    passed     65.75%
1294  JERC-172-2-No|ref56|pass_single_dominant                16.60%    passed     73.13%
1295  JERC-172-2-Rh|ref56|pass_mixed_possible_multicopy       16.70%    passed     81.86%
1296  JERC-172-2-Ro|ref56|pass_mixed_possible_multicopy       21.32%    passed     37.74%
1297  JERC-173-1-No|ref56|pass_mixed_possible_multicopy       14.08%    passed     10.53%
1298  JERC-173-1-Rh|ref56|pass_mixed_possible_multicopy       15.97%    passed     87.97%
1299  JERC-175-1-No|ref56|pass_mixed_possible_multicopy       15.97%    passed     84.77%
1300  JERC-175-1-Rh|ref56|pass_mixed_possible_multicopy       14.71%    passed     76.82%
1301  JERC-176-5-No|ref56|pass_mixed_possible_multicopy       19.01%    passed      7.15%
1302  JERC-176-5-Ro|ref56|pass_mixed_possible_multicopy       17.12%    passed     84.09%
1303  JERC-177-No|ref56|pass_mixed_possible_multicopy         20.59%    passed     58.82%
1304  JERC-177-Rh|ref56|pass_mixed_possible_multicopy         17.65%    passed     76.08%
1305  JERC-177-Ro|ref56|pass_mixed_possible_multicopy         15.97%    passed     85.59%
1306  JERC-178-2-No|ref56|pass_mixed_possible_multicopy       13.76%    passed     71.75%
1307  JERC-178-2-Rh|ref56|pass_mixed_possible_multicopy       17.65%    passed     74.00%
1308  JERC-178-2-Ro|ref56|pass_mixed_possible_multicopy       16.18%    passed     76.50%
1309  JERC-179-4-Rh|ref56|pass_mixed_possible_multicopy       15.02%    passed     82.03%
1310  JERC-18-2-Rh|ref56|pass_mixed_possible_multicopy        20.80%    passed     74.20%
1311  JERC-180-5-No|ref56|pass_single_dominant                10.92%    passed     16.63%
1312  JERC-180-5-Rh|ref56|pass_mixed_possible_multicopy       14.08%    passed     86.48%
1313  JERC-181-1-No|ref56|pass_mixed_possible_multicopy       14.92%    passed     29.37%
1314  JERC-181-1-Rh|ref56|pass_mixed_possible_multicopy       12.18%    passed     93.85%
1315  JERC-183-3-No|ref56|pass_mixed_possible_multicopy       17.54%    passed     71.94%
1316  JERC-183-3-Rh|ref56|pass_mixed_possible_multicopy       14.18%    passed     69.60%
1317  JERC-183-3-Ro|ref56|pass_mixed_possible_multicopy       16.07%    passed     72.47%
1318  JERC-184-3-No|ref56|pass_mixed_possible_multicopy       15.65%    passed     85.93%
1319  JERC-184-3-Rh|ref56|pass_mixed_possible_multicopy       16.81%    passed     78.81%
1320  JERC-184-3-Ro|ref56|pass_mixed_possible_multicopy       13.34%    passed     55.05%
1321  JERC-185-3-No|ref56|pass_mixed_possible_multicopy       15.34%    passed     83.60%
1322  JERC-185-3-Rh|ref56|pass_single_dominant                16.28%    passed     63.80%
1323  JERC-185-3-Ro|ref56|pass_single_dominant                16.70%    passed     81.32%
1324  JERC-186-1-No|ref56|pass_mixed_possible_multicopy       16.81%    passed     77.11%
1325  JERC-186-1-Rh|ref56|pass_mixed_possible_multicopy       16.81%    passed     88.12%
1326  JERC-186-1-Ro|ref56|pass_mixed_possible_multicopy       16.49%    passed     87.89%
1327  JERC-187-1-Rh|ref56|pass_mixed_possible_multicopy       14.39%    passed     88.81%
1328  JERC-187-1-Ro|ref56|pass_mixed_possible_multicopy       20.38%    passed     97.51%
1329  JERC-188-1-No|ref56|pass_mixed_possible_multicopy       13.87%    passed     87.82%
1330  JERC-188-1-Rh|ref56|pass_single_dominant                17.12%    passed     49.01%
1331  JERC-188-1-Ro|ref56|pass_mixed_possible_multicopy       15.76%    passed     48.57%
1332  JERC-189-1-Rh|ref56|pass_mixed_possible_multicopy       15.76%    passed     78.86%
1333  JERC-191-1-No|ref56|pass_mixed_possible_multicopy       15.23%    passed     58.78%
1334  JERC-191-1-Ro|ref56|pass_mixed_possible_multicopy       15.13%    passed     55.74%
1335  JERC-192-1-No|ref56|pass_mixed_possible_multicopy       14.71%    passed     83.22%
1336  JERC-192-1-Rh|ref56|pass_mixed_possible_multicopy       14.71%    passed     80.85%
1337  JERC-192-1-Ro|ref56|pass_mixed_possible_multicopy       16.81%    passed     81.92%
1338  JERC-194-2-No|ref56|pass_mixed_possible_multicopy       20.06%    passed     54.56%
1339  JERC-194-2-Rh|ref56|pass_mixed_possible_multicopy       15.65%    passed     54.27%
1340  JERC-194-2-Ro|ref56|pass_mixed_possible_multicopy       19.33%    passed     52.18%
1341  JERC-195-2-No|ref56|pass_mixed_possible_multicopy       18.38%    passed     67.45%
1342  JERC-195-2-Rh|ref56|pass_mixed_possible_multicopy       15.65%    passed     74.62%
1343  JERC-195-2-Ro|ref56|pass_mixed_possible_multicopy       16.18%    passed     89.93%
1344  JERC-196-3-No|ref56|pass_mixed_possible_multicopy       13.76%    passed     72.06%
1345  JERC-196-3-Rh|ref56|pass_mixed_possible_multicopy       15.65%    passed     65.40%
1346  JERC-196-3-Ro|ref56|pass_mixed_possible_multicopy       17.65%    passed     76.90%
1347  JERC-197-1-No|ref56|pass_mixed_possible_multicopy       15.13%    passed     77.97%
1348  JERC-197-1-Rh|ref56|pass_mixed_possible_multicopy       17.12%    passed     60.79%
1349  JERC-197-1-Ro|ref56|pass_single_dominant                18.38%    passed     98.58%
1350  JERC-198-No|ref56|pass_single_dominant                  19.96%    passed     27.26%
1351  JERC-198-Rh|ref56|pass_mixed_possible_multicopy          9.35%    passed     49.40%
1352  JERC-198-Ro|ref56|pass_mixed_possible_multicopy         20.59%    passed     62.13%
1353  JERC-199-No|ref56|pass_mixed_possible_multicopy         17.96%    passed     88.78%
1354  JERC-199-Rh|ref56|pass_single_dominant                  17.75%    passed     63.94%
1355  JERC-199-Ro|ref56|pass_mixed_possible_multicopy         17.44%    passed     57.03%
1356  JERC-2-1-Rh|ref56|pass_mixed_possible_multicopy         29.31%    passed     70.03%
1357  JERC-20-1-No|ref56|pass_single_dominant                  9.77%    passed     48.81%
1358  JERC-201-1-No|ref56|pass_single_dominant                23.00%    passed      5.07%
1359  JERC-201-1-Rh|ref56|pass_mixed_possible_multicopy       17.12%    passed     84.33%
1360  JERC-201-1-Ro|ref56|pass_mixed_possible_multicopy       13.87%    passed     86.65%
1361  JERC-202-1-No|ref56|pass_mixed_possible_multicopy       16.39%    passed     69.79%
1362  JERC-202-1-Rh|ref56|pass_mixed_possible_multicopy       15.23%    passed     87.29%
1363  JERC-202-1-Ro|ref56|pass_mixed_possible_multicopy       17.02%    passed     76.13%
1364  JERC-203-1-No|ref56|pass_single_dominant                16.28%    passed     65.88%
1365  JERC-203-1-Rh|ref56|pass_mixed_possible_multicopy       14.71%    passed     78.49%
1366  JERC-203-1-Ro|ref56|pass_mixed_possible_multicopy       17.12%    passed     70.72%
1367  JERC-204-1-No|ref56|pass_mixed_possible_multicopy       15.02%    passed     78.51%
1368  JERC-204-1-Rh|ref56|pass_mixed_possible_multicopy       19.43%    passed     71.22%
1369  JERC-23-1-No|ref56|pass_single_dominant                 19.33%    passed     15.07%
1370  JERC-23-1-Rh|ref56|pass_single_dominant                 17.02%    passed     82.83%
1371  JERC-25-1-No|ref56|pass_single_dominant                 17.75%    passed      6.83%
1372  JERC-25-1-Rh|ref56|pass_mixed_possible_multicopy        16.07%    passed     85.49%
1373  JERC-25-1-Ro|ref56|pass_mixed_possible_multicopy        19.33%    passed     94.51%
1374  JERC-26-5-No|ref56|pass_mixed_possible_multicopy        19.01%    passed     81.54%
1375  JERC-26-5-Rh|ref56|pass_mixed_possible_multicopy        16.81%    passed     30.82%
1376  JERC-26-5-Ro|ref56|pass_mixed_possible_multicopy        26.79%    passed     47.79%
1377  JERC-27-2-No|ref56|pass_mixed_possible_multicopy        16.70%    passed     79.21%
1378  JERC-27-2-Rh|ref56|pass_single_dominant                 17.44%    passed     68.88%
1379  JERC-27-2-Ro|ref56|pass_mixed_possible_multicopy        15.13%    passed     37.14%
1380  JERC-28-4-No|ref56|pass_single_dominant                 16.49%    passed     64.06%
1381  JERC-28-4-Rh|ref56|pass_mixed_possible_multicopy        16.28%    passed     86.66%
1382  JERC-28-4-Ro|ref56|pass_mixed_possible_multicopy        18.70%    passed     67.32%
1383  JERC-30-3-No|ref56|pass_mixed_possible_multicopy        15.65%    passed     38.09%
1384  JERC-30-3-Rh|ref56|pass_mixed_possible_multicopy        17.65%    passed     70.25%
1385  JERC-30-3-Ro|ref56|pass_mixed_possible_multicopy        18.59%    passed     83.42%
1386  JERC-34-4-No|ref56|pass_mixed_possible_multicopy        20.27%    passed     88.86%
1387  JERC-34-4-Rh|ref56|pass_mixed_possible_multicopy        15.44%    passed     92.28%
1388  JERC-34-4-Ro|ref56|pass_mixed_possible_multicopy        21.32%    passed     83.37%
1389  JERC-35-1-No|ref56|pass_mixed_possible_multicopy        11.03%    passed     25.22%
1390  JERC-35-1-Rh|ref56|pass_mixed_possible_multicopy        16.91%    passed     79.87%
1391  JERC-35-1-Ro|ref56|pass_mixed_possible_multicopy        18.91%    passed     82.11%
1392  JERC-36-1-Ro|ref56|pass_single_dominant                 13.34%    passed     26.41%
1393  JERC-37-2-No|ref56|pass_single_dominant                 10.82%    passed     94.59%
1394  JERC-37-2-Rh|ref56|pass_mixed_possible_multicopy        23.00%    passed     43.67%
1395  JERC-37-2-Ro|ref56|pass_mixed_possible_multicopy        15.34%    passed     86.32%
1396  JERC-38-2-No|ref56|pass_mixed_possible_multicopy        20.17%    passed     90.85%
1397  JERC-38-2-Rh|ref56|pass_mixed_possible_multicopy        11.76%    passed     44.13%
1398  JERC-38-2-Ro|ref56|pass_mixed_possible_multicopy        20.59%    passed     69.13%
1399  JERC-39-5-No|ref56|pass_mixed_possible_multicopy        12.50%    passed     53.61%
1400  JERC-39-5-Rh|ref56|pass_mixed_possible_multicopy        13.13%    passed     83.77%
1401  JERC-39-5-Ro|ref56|pass_mixed_possible_multicopy        13.13%    passed     76.90%
1402  JERC-4-1-Rh|ref56|pass_single_dominant                  10.61%    passed     52.36%
1403  JERC-40-2-No|ref56|pass_mixed_possible_multicopy         9.03%    passed     30.84%
1404  JERC-40-2-Rh|ref56|pass_mixed_possible_multicopy        15.55%    passed     67.24%
1405  JERC-40-2-Ro|ref56|pass_mixed_possible_multicopy        13.55%    passed     76.23%
1406  JERC-41-2-No|ref56|pass_mixed_possible_multicopy         8.72%    passed     32.64%
1407  JERC-41-2-Rh|ref56|pass_mixed_possible_multicopy        12.08%    passed     82.16%
1408  JERC-41-2-Ro|ref56|pass_mixed_possible_multicopy        10.50%    passed     20.84%
1409  JERC-42-1-No|ref56|pass_mixed_possible_multicopy        17.96%    passed     80.44%
1410  JERC-42-1-Rh|ref56|pass_mixed_possible_multicopy        18.49%    passed     56.47%
1411  JERC-42-1-Ro|ref56|pass_mixed_possible_multicopy        18.17%    passed     83.62%
1412  JERC-43-1-No|ref56|pass_single_dominant                 10.61%    passed     21.54%
1413  JERC-43-1-Rh|ref56|pass_single_dominant                 23.63%    passed     73.82%
1414  JERC-43-1-Ro|ref56|pass_mixed_possible_multicopy        18.38%    passed     80.38%
1415  JERC-44-2-No|ref56|pass_mixed_possible_multicopy        16.70%    passed     11.71%
1416  JERC-44-2-Rh|ref56|pass_mixed_possible_multicopy        18.07%    passed     66.87%
1417  JERC-44-2-Ro|ref56|pass_mixed_possible_multicopy        20.38%    passed     88.74%
1418  JERC-45-5-No|ref56|pass_single_dominant                  8.61%    passed     37.11%
1419  JERC-45-5-Rh|ref56|pass_mixed_possible_multicopy        11.55%    passed     87.65%
1420  JERC-45-5-Ro|ref56|pass_mixed_possible_multicopy        10.92%    passed     76.52%
1421  JERC-46-1-Rh|ref56|pass_mixed_possible_multicopy        15.44%    passed     80.70%
1422  JERC-46-1-Ro|ref56|pass_mixed_possible_multicopy        15.65%    passed     69.24%
1423  JERC-47-2-No|ref56|pass_mixed_possible_multicopy        14.29%    passed     92.73%
1424  JERC-47-2-Rh|ref56|pass_mixed_possible_multicopy        14.92%    passed     87.88%
1425  JERC-47-2-Ro|ref56|pass_mixed_possible_multicopy        14.39%    passed     75.10%
1426  JERC-48-3-No|ref56|pass_mixed_possible_multicopy        18.17%    passed     23.06%
1427  JERC-48-3-Rh|ref56|pass_mixed_possible_multicopy        10.19%    passed     65.84%
1428  JERC-48-3-Ro|ref56|pass_mixed_possible_multicopy        15.02%    passed     86.74%
1429  JERC-49-2-Rh|ref56|pass_mixed_possible_multicopy        11.13%    passed     73.96%
1430  JERC-49-2-Ro|ref56|pass_single_dominant                 16.70%    passed     67.76%
1431  JERC-50-5-No|ref56|pass_mixed_possible_multicopy        14.50%    passed     46.44%
1432  JERC-50-5-Rh|ref56|pass_mixed_possible_multicopy        15.02%    passed     83.55%
1433  JERC-50-5-Ro|ref56|pass_mixed_possible_multicopy        10.29%    passed     77.81%
1434  JERC-51-1-No|ref56|pass_mixed_possible_multicopy        14.60%    passed     71.40%
1435  JERC-51-1-Rh|ref56|pass_mixed_possible_multicopy        19.43%    passed     90.35%
1436  JERC-51-1-Ro|ref56|pass_mixed_possible_multicopy        13.45%    passed     72.74%
1437  JERC-53-1-Rh|ref56|pass_mixed_possible_multicopy        17.33%    passed     98.43%
1438  JERC-53-2-Rh|ref56|pass_mixed_possible_multicopy        18.07%    passed     94.80%
1439  JERC-53-3-Rh|ref56|pass_mixed_possible_multicopy        19.85%    passed     79.69%
1440  JERC-53-3-Ro|ref56|pass_mixed_possible_multicopy        17.02%    passed     85.26%
1441  JERC-53-5-No|ref56|pass_mixed_possible_multicopy        11.87%    passed     44.40%
1442  JERC-53-5-Rh|ref56|pass_mixed_possible_multicopy        23.95%    passed     83.40%
1443  JERC-54-2-No|ref56|pass_mixed_possible_multicopy        14.81%    passed     90.98%
1444  JERC-54-2-Rh|ref56|pass_mixed_possible_multicopy        14.60%    passed     92.96%
1445  JERC-54-2-Ro|ref56|pass_mixed_possible_multicopy        10.50%    passed     76.04%
1446  JERC-6-3-No|ref56|pass_single_dominant                  23.74%    passed     94.92%
1447  JERC-7-2-No|ref56|pass_mixed_possible_multicopy         26.68%    passed     90.71%
1448  JERC-8-1-No|ref56|pass_mixed_possible_multicopy         26.68%    passed     62.05%
1449  JERC-8-2-Rh|ref56|pass_single_dominant                  24.47%    passed     89.66%
1450  JERC-8-5-Ro|ref56|pass_mixed_possible_multicopy         28.47%    passed     85.63%
1451  JERC-84-3-No|ref56|pass_mixed_possible_multicopy        15.34%    passed     27.17%
1452  JERC-84-3-Rh|ref56|pass_mixed_possible_multicopy        17.44%    passed     78.25%
1453  JERC-84-3-Ro|ref56|pass_mixed_possible_multicopy        19.75%    passed     81.08%
1454  JERC-85-2-No|ref56|pass_mixed_possible_multicopy        20.48%    failed      3.85%
1455  JERC-85-2-Rh|ref56|pass_mixed_possible_multicopy        13.87%    passed     55.15%
1456  JERC-87-1-No|ref56|pass_mixed_possible_multicopy        27.94%    passed     63.95%
1457  JERC-88-1-No|ref56|pass_mixed_possible_multicopy        27.21%    passed     88.32%
1458  JERC-88-1-Ro|ref56|pass_single_dominant                 17.54%    passed     87.31%
1459  JERC-89-1-Rh|ref56|pass_single_dominant                 17.44%    passed     94.57%
1460  JERC-89-1-Ro|ref56|pass_mixed_possible_multicopy        21.53%    passed     97.08%
1461  JERC-90-1-No|ref56|pass_mixed_possible_multicopy        25.42%    passed     71.12%
1462  JERC-90-1-Rh|ref56|pass_mixed_possible_multicopy        13.13%    passed     81.62%
1463  JERC-90-1-Ro|ref56|pass_mixed_possible_multicopy        18.49%    passed     85.87%
1464  JERC-91-1-No|ref56|pass_mixed_possible_multicopy        21.32%    passed     74.85%
1465  JERC-91-1-Rh|ref56|pass_mixed_possible_multicopy        19.22%    passed     93.44%
1466  JERC-92-4-No|ref56|pass_single_dominant                 14.29%    passed     13.19%
1467  JERC-92-4-Rh|ref56|pass_mixed_possible_multicopy        18.70%    passed     65.11%
1468  JERC-92-4-Ro|ref56|pass_mixed_possible_multicopy        20.59%    passed     64.38%
1469  JERC-93-1-No|ref56|pass_single_dominant                 16.28%    failed      3.69%
1470  JERC-93-1-Rh|ref56|pass_mixed_possible_multicopy        18.38%    passed     83.67%
1471  JERC-93-1-Ro|ref56|pass_mixed_possible_multicopy        16.91%    passed     75.43%
1472  JERC-94-1-No|ref56|pass_mixed_possible_multicopy        22.58%    passed     48.51%
1473  JERC-94-1-Rh|ref56|pass_mixed_possible_multicopy        13.66%    passed     61.37%
1474  JERC-94-1-Ro|ref56|pass_mixed_possible_multicopy        21.22%    passed     72.92%
1475  JERC-95-5-No|ref56|pass_single_dominant                 12.39%    passed     17.97%
1476  JERC-95-5-Rh|ref56|pass_mixed_possible_multicopy        16.49%    passed     70.49%
1477  JERC-95-5-Ro|ref56|pass_mixed_possible_multicopy        17.65%    passed     66.33%
1478  JERC-96-2-No|ref56|pass_single_dominant                 13.13%    passed     11.73%
1479  JERC-96-2-Rh|ref56|pass_mixed_possible_multicopy        17.75%    passed     82.26%
1480  JERC-96-2-Ro|ref56|pass_single_dominant                 13.45%    passed     18.15%
1481  JERC-98-1-No|ref56|pass_mixed_possible_multicopy        16.49%    passed     80.80%
1482  JERC-98-1-Rh|ref56|pass_mixed_possible_multicopy        17.96%    passed     64.43%
1483  JERC-98-1-Ro|ref56|pass_mixed_possible_multicopy        26.89%    passed     96.25%
1484  JERC-98-2-No|ref56|pass_single_dominant                 14.39%    passed     26.62%
1485  JERC-98-2-Rh|ref56|pass_mixed_possible_multicopy        23.95%    passed     53.57%
1486  JERC-98-2-Ro|ref56|pass_single_dominant                 14.08%    passed     75.53%
1487  JERC-98-3-No|ref56|pass_single_dominant                 19.22%    passed     84.21%
1488  JERC-98-3-Rh|ref56|pass_mixed_possible_multicopy        21.64%    passed     99.62%
1489  JERC-98-3-Ro|ref56|pass_mixed_possible_multicopy        19.43%    passed     67.15%
1490  JERC-98-4-No|ref56|pass_mixed_possible_multicopy        19.12%    passed     75.21%
1491  JERC-98-4-Rh|ref56|pass_mixed_possible_multicopy        18.70%    passed     68.97%
1492  JERC-98-4-Ro|ref56|pass_mixed_possible_multicopy        25.74%    passed     69.37%
1493  JERC-99-1-No|ref56|pass_mixed_possible_multicopy        20.80%    passed     11.47%
1494  JERC-99-1-Rh|ref56|pass_single_dominant                 24.58%    passed     86.98%
1495  JERC-99-2-No|ref56|pass_single_dominant                  8.09%    passed     36.20%
1496  JERC-99-2-Rh|ref56|pass_single_dominant                 21.64%    passed     62.03%
1497  JERC-99-2-Ro|ref56|pass_single_dominant                  8.61%    passed     38.34%
1498  JERC-99-3-No|ref56|pass_single_dominant                  8.19%    passed     33.96%
1499  JERC-99-3-Rh|ref56|pass_mixed_possible_multicopy        18.17%    passed     80.71%
1500  JERC-99-3-Ro|ref56|pass_mixed_possible_multicopy        13.66%    passed     44.55%
1501  JERC-99-4-No|ref56|pass_single_dominant                 17.96%    failed      3.57%
1502  JERC-99-4-Rh|ref56|pass_mixed_possible_multicopy        11.87%    passed     66.31%
1503  JERC-99-4-Ro|ref56|pass_mixed_possible_multicopy        25.74%    passed     83.00%
1504  JERC-AMFR-56-1-No|ref56|pass_mixed_possible_multicopy   12.18%    passed     67.14%
1505  JERC-AMFR-56-1-Rh|ref56|pass_mixed_possible_multicopy   13.24%    passed     67.08%
1506  JERC-AMFR-56-1-Ro|ref56|pass_mixed_possible_multicopy   14.18%    passed     53.06%
1507  JERC-AMFU-71-1-No|ref56|pass_mixed_possible_multicopy   14.39%    passed     92.34%
1508  JERC-AMFU-71-1-Rh|ref56|pass_mixed_possible_multicopy   14.92%    passed     87.28%
1509  JERC-AMFU-71-1-Ro|ref56|pass_mixed_possible_multicopy   15.55%    passed     82.92%
1510  JERC-CEAM-53-4-Ro|ref56|pass_mixed_possible_multicopy   20.27%    passed     92.66%
1511  JERC-CEMI-8-1-Rh|ref56|pass_mixed_possible_multicopy    19.12%    passed     80.32%
1512  JERC-CERE-67-1-No|ref56|pass_mixed_possible_multicopy   14.92%    passed     85.41%
1513  JERC-CERE-67-1-Rh|ref56|pass_mixed_possible_multicopy   14.71%    passed     86.66%
1514  JERC-CERE-67-1-Ro|ref56|pass_mixed_possible_multicopy   17.65%    passed     95.17%
1515  JERC-CEVI-57-2-No|ref56|pass_mixed_possible_multicopy    9.87%    passed     94.22%
1516  JERC-CEVI-57-2-Rh|ref56|pass_mixed_possible_multicopy   18.80%    passed     80.56%
1517  JERC-CEVI-57-2-Ro|ref56|pass_mixed_possible_multicopy   17.33%    passed     69.29%
1518  JERC-CEVI-80-2-No|ref56|pass_mixed_possible_multicopy   15.86%    passed     70.24%
1519  JERC-CEVI-80-2-Rh|ref56|pass_mixed_possible_multicopy   14.60%    passed     88.03%
1520  JERC-CEVI-80-2-Ro|ref56|pass_mixed_possible_multicopy   15.86%    passed     78.81%
1521  JERC-CHNI-60-3-No|ref56|pass_single_dominant            12.82%    passed      8.30%
1522  JERC-CHNI-60-3-Rh|ref56|pass_single_dominant            16.39%    passed     83.99%
1523  JERC-CHNI-69-4-No|ref56|pass_mixed_possible_multicopy   17.12%    passed     21.86%
1524  JERC-CHNI-69-4-Rh|ref56|pass_mixed_possible_multicopy   14.81%    passed     85.94%
1525  JERC-CHNI-69-4-Ro|ref56|pass_mixed_possible_multicopy   14.71%    passed     84.47%
1526  JERC-CHNI-86-4-No|ref56|pass_mixed_possible_multicopy   14.50%    passed     22.44%
1527  JERC-CHNI-86-4-Rh|ref56|pass_mixed_possible_multicopy    8.61%    passed     85.53%
1528  JERC-CLMA-62-5-No|ref56|pass_mixed_possible_multicopy    9.56%    passed     87.50%
1529  JERC-CLMA-62-5-Rh|ref56|pass_mixed_possible_multicopy   12.82%    passed     79.56%
1530  JERC-CLMA-62-5-Ro|ref56|pass_mixed_possible_multicopy   15.34%    passed     93.79%
1531  JERC-CLMA-73-2-No|ref56|pass_mixed_possible_multicopy   20.80%    passed     60.04%
1532  JERC-CLMA-73-2-Rh|ref56|pass_mixed_possible_multicopy   13.76%    passed     85.34%
1533  JERC-CLMA-73-2-Ro|ref56|pass_mixed_possible_multicopy   15.02%    passed     89.78%
1534  JERC-CLMA-76-2-No|ref56|pass_mixed_possible_multicopy   15.65%    passed     93.11%
1535  JERC-CLMA-76-2-Rh|ref56|pass_mixed_possible_multicopy   11.45%    passed     90.05%
1536  JERC-CLMA-76-2-Ro|ref56|pass_mixed_possible_multicopy   14.60%    passed     83.85%
1537  JERC-CLMA-83-1-No|ref56|pass_mixed_possible_multicopy   19.43%    passed     52.01%
1538  JERC-CLMA-83-1-Rh|ref56|pass_mixed_possible_multicopy   15.65%    passed     86.69%
1539  JERC-CLMA-83-1-Ro|ref56|pass_mixed_possible_multicopy   16.60%    passed     73.23%
1540  JERC-CRJU-86-1-No|ref56|pass_single_dominant            13.55%    passed     12.10%
1541  JERC-CRRO-64-1-No|ref56|pass_mixed_possible_multicopy   15.55%    passed     75.87%
1542  JERC-CRRO-64-1-Rh|ref56|pass_mixed_possible_multicopy   13.97%    passed     86.10%
1543  JERC-CRRO-64-1-Ro|ref56|pass_mixed_possible_multicopy   15.02%    passed     86.27%
1544  JERC-CRRO-70-1-No|ref56|pass_mixed_possible_multicopy    9.98%    passed     87.50%
1545  JERC-CRRO-70-1-Rh|ref56|pass_mixed_possible_multicopy   10.29%    passed     90.10%
1546  JERC-CRRO-70-1-Ro|ref56|pass_mixed_possible_multicopy   10.19%    passed     62.62%
1547  JERC-DEFL-31-5-No|ref56|pass_mixed_possible_multicopy   14.08%    passed      9.92%
1548  JERC-DEFL-31-5-Rh|ref56|pass_mixed_possible_multicopy    9.45%    passed     81.99%
1549  JERC-DEFL-31-5-Ro|ref56|pass_mixed_possible_multicopy   14.92%    passed     90.22%
1550  JERC-DEFL-61-3-No|ref56|pass_mixed_possible_multicopy   13.13%    passed     43.32%
1551  JERC-DEFL-61-3-Rh|ref56|pass_mixed_possible_multicopy   20.17%    passed     70.09%
1552  JERC-DEFL-61-3-Ro|ref56|pass_mixed_possible_multicopy   18.70%    passed     69.88%
1553  JERC-DEFL-75-2-No|ref56|pass_mixed_possible_multicopy   18.49%    failed      3.32%
1554  JERC-DEFL-75-2-Rh|ref56|pass_mixed_possible_multicopy   14.71%    passed     86.80%
1555  JERC-DEFL-75-2-Ro|ref56|pass_mixed_possible_multicopy   11.03%    passed     72.77%
1556  JERC-DEFL-75-3-No|ref56|pass_mixed_possible_multicopy   14.39%    passed     60.02%
1557  JERC-DEFL-75-3-Rh|ref56|pass_mixed_possible_multicopy   11.66%    passed     71.13%
1558  JERC-DEFL-75-3-Ro|ref56|pass_mixed_possible_multicopy   15.76%    passed     69.79%
1559  JERC-DELI-77-2-No|ref56|pass_mixed_possible_multicopy   15.13%    passed     81.40%
1560  JERC-DELI-77-2-Rh|ref56|pass_mixed_possible_multicopy   12.50%    passed     80.96%
1561  JERC-DELI-77-2-Ro|ref56|pass_mixed_possible_multicopy   15.13%    passed     83.03%
1562  JERC-DESM-74-1-No|ref56|pass_mixed_possible_multicopy   14.50%    passed     79.26%
1563  JERC-DESM-74-1-Rh|ref56|pass_mixed_possible_multicopy   14.18%    passed     79.47%
1564  JERC-DESM-74-1-Ro|ref56|pass_single_dominant            16.91%    passed     73.25%
1565  JERC-DEST-32-1-No|ref56|pass_mixed_possible_multicopy   19.43%    passed     72.74%
1566  JERC-DEST-32-1-Rh|ref56|pass_mixed_possible_multicopy   14.50%    passed     85.52%
1567  JERC-DEST-32-1-Ro|ref56|pass_mixed_possible_multicopy   11.24%    passed     88.30%
1568  JERC-DEST-65-5-No|ref56|pass_mixed_possible_multicopy   14.60%    passed     88.25%
1569  JERC-DEST-65-5-Rh|ref56|pass_mixed_possible_multicopy   15.76%    passed     80.87%
1570  JERC-DEST-65-5-Ro|ref56|pass_mixed_possible_multicopy   13.24%    passed     81.36%
1571  JERC-DEST-68-4-No|ref56|pass_mixed_possible_multicopy   10.40%    passed     38.85%
1572  JERC-DEST-68-4-Rh|ref56|pass_mixed_possible_multicopy   10.40%    passed     83.31%
1573  JERC-DEST-68-4-Ro|ref56|pass_mixed_possible_multicopy   10.29%    passed     90.05%
1574  JERC-GAVO-33-1-No|ref56|pass_single_dominant             9.03%    passed     63.97%
1575  JERC-GAVO-33-1-Rh|ref56|pass_mixed_possible_multicopy   13.34%    passed     77.48%
1576  JERC-GAVO-33-1-Ro|ref56|pass_mixed_possible_multicopy   15.23%    passed     84.73%
1577  JERC-LEHI-82-3-No|ref56|pass_mixed_possible_multicopy   15.44%    passed     85.01%
1578  JERC-LEHI-82-3-Rh|ref56|pass_mixed_possible_multicopy   16.07%    passed     86.34%
1579  JERC-LEHI-82-3-Ro|ref56|pass_mixed_possible_multicopy   19.43%    passed     55.68%
1580  JERC-LEST-78-5-No|ref56|pass_mixed_possible_multicopy   12.39%    passed     75.52%
1581  JERC-LEST-78-5-Rh|ref56|pass_mixed_possible_multicopy   10.29%    passed     63.84%
1582  JERC-LEST-78-5-Ro|ref56|pass_mixed_possible_multicopy   14.50%    passed     86.88%
1583  JERC-LEVI-79-2-No|ref56|pass_mixed_possible_multicopy   16.18%    passed     71.58%
1584  JERC-LEVI-79-2-Rh|ref56|pass_mixed_possible_multicopy   14.39%    passed     82.02%
1585  JERC-LEVI-79-2-Ro|ref56|pass_mixed_possible_multicopy   14.71%    passed     87.42%
1586  JERC-RHDI-59-3-No|ref56|pass_single_dominant             7.35%    passed     17.46%
1587  JERC-RHDI-59-3-Rh|ref56|pass_mixed_possible_multicopy   14.71%    passed     84.13%
1588  JERC-RHDI-59-3-Ro|ref56|pass_mixed_possible_multicopy   18.38%    passed     86.90%
1589  JERC-RHRE-55-1-No|ref56|pass_single_dominant            15.97%    failed      4.80%
1590  JERC-RHRE-55-1-Rh|ref56|pass_mixed_possible_multicopy   16.81%    passed     79.24%
1591  JERC-RHRE-55-1-Ro|ref56|pass_mixed_possible_multicopy   14.18%    passed     73.23%
1592  JERC-RHTO-58-1-No|ref56|pass_single_dominant             8.61%    passed     30.68%
1593  JERC-RHTO-58-1-Rh|ref56|pass_mixed_possible_multicopy   18.49%    passed     89.41%
1594  JERC-RHTO-58-1-Ro|ref56|pass_mixed_possible_multicopy   17.86%    passed     68.96%
1595  JERC-STBI-63-1-No|ref56|pass_mixed_possible_multicopy   14.71%    passed     28.59%
1596  JERC-STBI-63-1-Rh|ref56|pass_mixed_possible_multicopy   10.29%    passed     83.84%
1597  JERC-STBI-63-1-Ro|ref56|pass_mixed_possible_multicopy   15.65%    passed     92.67%
1598  JERC-STBI-72-3-No|ref56|pass_mixed_possible_multicopy   15.34%    passed     81.57%
1599  JERC-STBI-72-3-Rh|ref56|pass_mixed_possible_multicopy   13.76%    passed     54.58%
1600  JERC-STBI-72-3-Ro|ref56|pass_mixed_possible_multicopy   16.81%    passed     75.47%
1601  JERC-TECW-66-3-No|ref56|pass_mixed_possible_multicopy   11.45%    passed     60.34%
1602  JERC-TECW-66-3-Rh|ref56|pass_mixed_possible_multicopy   10.29%    passed     88.74%
1603  JERC-TECW-66-3-Ro|ref56|pass_mixed_possible_multicopy   14.92%    passed     85.31%
1604  JORN-1-No|ref56|pass_single_dominant                    23.84%    passed     55.82%
1605  JORN-1-Rh|ref56|pass_single_dominant                    24.58%    passed     79.92%
1606  JORN-2-1-No|ref56|pass_mixed_possible_multicopy         16.39%    passed     90.16%
1607  JORN-2-1-Rh|ref56|pass_mixed_possible_multicopy         21.53%    passed     73.81%
1608  JORN-3-1-Rh|ref56|pass_mixed_possible_multicopy         17.44%    passed     71.44%
1609  JORN-4-1-Rh|ref56|pass_single_dominant                  17.33%    passed     79.94%
1610  KONA-1-1-No|ref56|pass_single_dominant                  20.38%    passed     29.62%
1611  KONZ-1-No|ref56|pass_single_dominant                     7.88%    passed     21.44%
1612  KONZ-10-1-No|ref56|pass_mixed_possible_multicopy        14.71%    passed     64.41%
1613  KONZ-10-1-Rh|ref56|pass_mixed_possible_multicopy        14.92%    passed     75.50%
1614  KONZ-10-1-Ro|ref56|pass_mixed_possible_multicopy        18.28%    passed     64.47%
1615  KONZ-11-1-No|ref56|pass_mixed_possible_multicopy        17.12%    passed     80.04%
1616  KONZ-11-1-Rh|ref56|pass_mixed_possible_multicopy        14.60%    passed     79.82%
1617  KONZ-11-1-Ro|ref56|pass_mixed_possible_multicopy        14.92%    passed     77.15%
1618  KONZ-12-1-No|ref56|pass_mixed_possible_multicopy        25.11%    passed     93.61%
1619  KONZ-12-1-Rh|ref56|pass_mixed_possible_multicopy        13.66%    passed     75.77%
1620  KONZ-12-1-Ro|ref56|pass_mixed_possible_multicopy        15.86%    passed     89.04%
1621  KONZ-13-1-No|ref56|pass_mixed_possible_multicopy        16.60%    passed     64.65%
1622  KONZ-13-1-Rh|ref56|pass_mixed_possible_multicopy        21.64%    passed     61.37%
1623  KONZ-13-1-Ro|ref56|pass_mixed_possible_multicopy        22.06%    passed     64.49%
1624  KONZ-14-1-No|ref56|pass_single_dominant                 13.55%    passed     43.52%
1625  KONZ-14-1-Rh|ref56|pass_mixed_possible_multicopy        20.90%    passed     85.74%
1626  KONZ-14-1-Ro|ref56|pass_mixed_possible_multicopy        18.38%    passed     53.96%
1627  KONZ-15-1-No|ref56|pass_single_dominant                 20.59%    passed     87.80%
1628  KONZ-15-1-Rh|ref56|pass_mixed_possible_multicopy        10.61%    passed     71.31%
1629  KONZ-16-1-No|ref56|pass_single_dominant                 16.28%    passed     90.95%
1630  KONZ-16-1-Rh|ref56|pass_mixed_possible_multicopy        15.23%    passed     76.61%
1631  KONZ-16-1-Ro|ref56|pass_single_dominant                 17.44%    passed     63.34%
1632  KONZ-2-1-No|ref56|pass_single_dominant                  13.13%    passed     48.59%
1633  KONZ-2-1-Rh|ref56|pass_mixed_possible_multicopy         15.44%    passed     81.33%
1634  KONZ-2-1-Ro|ref56|pass_mixed_possible_multicopy         17.12%    passed     91.27%
1635  KONZ-3-1-No|ref56|pass_mixed_possible_multicopy         12.61%    passed     81.15%
1636  KONZ-3-1-Rh|ref56|pass_mixed_possible_multicopy         17.02%    passed     70.60%
1637  KONZ-3-1-Ro|ref56|pass_mixed_possible_multicopy         16.91%    passed     85.04%
1638  KONZ-4-1-No|ref56|pass_mixed_possible_multicopy         19.01%    passed     80.85%
1639  KONZ-4-1-Rh|ref56|pass_mixed_possible_multicopy         12.39%    passed     74.10%
1640  KONZ-4-1-Ro|ref56|pass_mixed_possible_multicopy         17.12%    passed     72.65%
1641  KONZ-5-1-No|ref56|pass_mixed_possible_multicopy         15.97%    passed     74.11%
1642  KONZ-5-1-Rh|ref56|pass_single_dominant                  18.49%    passed     66.02%
1643  KONZ-5-1-Ro|ref56|pass_mixed_possible_multicopy         16.91%    passed     88.06%
1644  KONZ-6-1-No|ref56|pass_mixed_possible_multicopy         18.07%    passed     72.52%
1645  KONZ-6-1-Rh|ref56|pass_mixed_possible_multicopy         15.02%    passed     59.59%
1646  KONZ-6-1-Ro|ref56|pass_mixed_possible_multicopy         15.65%    passed     77.65%
1647  KONZ-7-1-No|ref56|pass_single_dominant                  16.91%    passed     54.88%
1648  KONZ-7-1-Rh|ref56|pass_mixed_possible_multicopy         13.45%    passed     79.81%
1649  KONZ-7-1-Ro|ref56|pass_mixed_possible_multicopy         17.44%    passed     68.78%
1650  KONZ-8-1-No|ref56|pass_mixed_possible_multicopy         13.55%    passed     78.16%
1651  KONZ-8-1-Rh|ref56|pass_mixed_possible_multicopy         13.66%    passed     74.45%
1652  KONZ-9-2-No|ref56|pass_single_dominant                   8.40%    passed     97.90%
1653  KONZ-9-2-Rh|ref56|pass_single_dominant                  23.21%    passed     45.04%
1654  KONZ-9-2-Ro|ref56|pass_mixed_possible_multicopy         10.92%    passed     53.41%
1655  LAJA-1-1-No|ref56|pass_single_dominant                  22.06%    passed     53.48%
1656  LAJA-1-1-Ro|ref56|pass_mixed_possible_multicopy         20.38%    passed     70.38%
1657  LAJA-1-2-No|ref56|pass_mixed_possible_multicopy         14.08%    passed     50.73%
1658  LAJA-1-2-Rh|ref56|pass_mixed_possible_multicopy         21.74%    passed     63.42%
1659  LAJA-1-2-Ro|ref56|pass_mixed_possible_multicopy         18.07%    passed     71.46%
1660  LAJA-1-3-No|ref56|pass_mixed_possible_multicopy         14.08%    passed     73.49%
1661  LAJA-1-3-Rh|ref56|pass_mixed_possible_multicopy         17.33%    passed     61.51%
1662  LAJA-1-3-Ro|ref56|pass_mixed_possible_multicopy         17.23%    passed     54.33%
1663  LAJA-10-1-No|ref56|pass_mixed_possible_multicopy        19.96%    passed     87.86%
1664  LAJA-10-1-Rh|ref56|pass_mixed_possible_multicopy        26.58%    passed     85.72%
1665  LAJA-10-1-Ro|ref56|pass_mixed_possible_multicopy        23.95%    passed     46.27%
1666  LAJA-11-3-No|ref56|pass_mixed_possible_multicopy        16.49%    passed     28.66%
1667  LAJA-11-3-Rh|ref56|pass_mixed_possible_multicopy        14.60%    passed     65.19%
1668  LAJA-11-3-Ro|ref56|pass_mixed_possible_multicopy        19.96%    passed     69.61%
1669  LAJA-12-1-No|ref56|pass_single_dominant                  8.93%    passed     89.01%
1670  LAJA-12-1-Rh|ref56|pass_mixed_possible_multicopy        21.32%    passed     59.56%
1671  LAJA-12-1-Ro|ref56|pass_mixed_possible_multicopy        16.18%    passed     59.33%
1672  LAJA-13-3-No|ref56|pass_mixed_possible_multicopy        18.80%    passed     58.21%
1673  LAJA-13-3-Rh|ref56|pass_mixed_possible_multicopy        28.26%    passed     82.93%
1674  LAJA-13-3-Ro|ref56|pass_mixed_possible_multicopy        18.80%    passed     30.30%
1675  LAJA-14-1-No|ref56|pass_mixed_possible_multicopy        17.54%    passed     59.87%
1676  LAJA-14-1-Rh|ref56|pass_mixed_possible_multicopy        20.48%    passed     89.20%
1677  LAJA-14-1-Ro|ref56|pass_mixed_possible_multicopy        20.06%    passed     83.47%
1678  LAJA-15-1-Rh|ref56|pass_mixed_possible_multicopy        18.80%    passed     72.56%
1679  LAJA-15-1-Ro|ref56|pass_mixed_possible_multicopy        19.64%    passed     45.20%
1680  LAJA-16-2-No|ref56|pass_mixed_possible_multicopy        17.02%    passed     80.05%
1681  LAJA-16-2-Ro|ref56|pass_mixed_possible_multicopy        13.66%    passed     75.40%
1682  LAJA-17-1-No|ref56|pass_mixed_possible_multicopy        12.29%    passed     26.23%
1683  LAJA-17-1-Rh|ref56|pass_mixed_possible_multicopy        23.00%    passed     85.95%
1684  LAJA-17-1-Ro|ref56|pass_mixed_possible_multicopy        16.70%    passed     73.70%
1685  LAJA-18-1-No|ref56|pass_mixed_possible_multicopy        17.23%    passed     85.38%
1686  LAJA-18-1-Rh|ref56|pass_mixed_possible_multicopy        18.80%    passed     99.65%
1687  LAJA-19-2-No|ref56|pass_mixed_possible_multicopy        13.87%    passed     91.82%
1688  LAJA-19-2-Rh|ref56|pass_mixed_possible_multicopy        17.23%    passed     89.27%
1689  LAJA-19-2-Ro|ref56|pass_mixed_possible_multicopy        17.23%    passed     81.76%
1690  LAJA-2-1-Rh|ref56|pass_mixed_possible_multicopy         17.02%    passed     86.90%
1691  LAJA-2-2-No|ref56|pass_mixed_possible_multicopy         14.39%    passed     53.59%
1692  LAJA-2-2-Rh|ref56|pass_mixed_possible_multicopy         19.22%    passed     89.14%
1693  LAJA-2-2-Ro|ref56|pass_mixed_possible_multicopy         16.70%    passed     58.55%
1694  LAJA-2-3-No|ref56|pass_single_dominant                  13.34%    passed     75.41%
1695  LAJA-2-3-Rh|ref56|pass_mixed_possible_multicopy         14.92%    passed     82.99%
1696  LAJA-2-3-Ro|ref56|pass_mixed_possible_multicopy         15.13%    passed     49.16%
1697  LAJA-20-1-No|ref56|pass_mixed_possible_multicopy        19.75%    passed     73.53%
1698  LAJA-20-1-Rh|ref56|pass_mixed_possible_multicopy        18.80%    passed     84.84%
1699  LAJA-20-1-Ro|ref56|pass_mixed_possible_multicopy        27.73%    passed     76.84%
1700  LAJA-21-1-No|ref56|pass_mixed_possible_multicopy        21.32%    passed      9.45%
1701  LAJA-21-1-Ro|ref56|pass_mixed_possible_multicopy        17.12%    passed     78.93%
1702  LAJA-22-2-No|ref56|pass_mixed_possible_multicopy        20.06%    passed     74.25%
1703  LAJA-22-2-Rh|ref56|pass_mixed_possible_multicopy        18.70%    passed     73.07%
1704  LAJA-23-1-No|ref56|pass_mixed_possible_multicopy        16.39%    passed     95.18%
1705  LAJA-23-1-Rh|ref56|pass_mixed_possible_multicopy        23.63%    passed     75.84%
1706  LAJA-23-1-Ro|ref56|pass_mixed_possible_multicopy        21.85%    passed     82.52%
1707  LAJA-24-2-No|ref56|pass_mixed_possible_multicopy        20.69%    passed     73.90%
1708  LAJA-25-1-No|ref56|pass_single_dominant                 12.08%    passed     38.99%
1709  LAJA-25-1-Rh|ref56|pass_mixed_possible_multicopy        17.65%    passed     48.39%
1710  LAJA-25-1-Ro|ref56|pass_mixed_possible_multicopy        15.76%    passed     77.90%
1711  LAJA-26-1-No|ref56|pass_mixed_possible_multicopy         8.40%    passed     75.78%
1712  LAJA-26-1-Rh|ref56|pass_mixed_possible_multicopy        19.22%    passed     88.62%
1713  LAJA-26-1-Ro|ref56|pass_mixed_possible_multicopy        14.39%    passed     70.58%
1714  LAJA-3-1-No|ref56|pass_single_dominant                   7.14%    passed     83.20%
1715  LAJA-3-1-Rh|ref56|pass_mixed_possible_multicopy         15.97%    passed     92.25%
1716  LAJA-3-1-Ro|ref56|pass_mixed_possible_multicopy         16.91%    passed     65.75%
1717  LAJA-3-2-No|ref56|pass_single_dominant                  11.34%    passed     82.52%
1718  LAJA-3-2-Rh|ref56|pass_single_dominant                  11.13%    passed     81.21%
1719  LAJA-3-2-Ro|ref56|pass_mixed_possible_multicopy         19.54%    passed     94.46%
1720  LAJA-3-3-No|ref56|pass_single_dominant                  11.24%    passed     80.70%
1721  LAJA-3-3-Rh|ref56|pass_mixed_possible_multicopy          9.66%    passed     98.32%
1722  LAJA-3-3-Ro|ref56|pass_mixed_possible_multicopy         16.07%    passed     70.23%
1723  LAJA-4-1-No|ref56|pass_mixed_possible_multicopy         14.81%    passed     61.46%
1724  LAJA-4-1-Rh|ref56|pass_mixed_possible_multicopy         17.33%    passed     88.04%
1725  LAJA-4-1-Ro|ref56|pass_mixed_possible_multicopy         15.65%    passed     86.69%
1726  LAJA-5-1-No|ref56|pass_mixed_possible_multicopy         19.64%    passed     69.19%
1727  LAJA-5-1-Rh|ref56|pass_mixed_possible_multicopy         20.06%    passed     89.38%
1728  LAJA-5-1-Ro|ref56|pass_mixed_possible_multicopy         27.10%    passed     80.11%
1729  LAJA-6-1-No|ref56|pass_mixed_possible_multicopy         13.34%    passed     71.03%
1730  LAJA-6-1-Rh|ref56|pass_mixed_possible_multicopy         19.43%    passed     81.16%
1731  LAJA-6-1-Ro|ref56|pass_mixed_possible_multicopy         24.58%    passed     52.68%
1732  LAJA-7-1-No|ref56|pass_mixed_possible_multicopy         20.06%    passed     55.74%
1733  LAJA-7-1-Rh|ref56|pass_mixed_possible_multicopy         16.60%    passed     75.12%
1734  LAJA-7-1-Ro|ref56|pass_mixed_possible_multicopy         16.18%    passed     51.25%
1735  LAJA-8-2-No|ref56|pass_mixed_possible_multicopy         13.03%    passed     57.94%
1736  LAJA-8-2-Rh|ref56|pass_mixed_possible_multicopy         19.33%    passed     69.00%
1737  LAJA-8-2-Ro|ref56|pass_mixed_possible_multicopy         20.06%    passed     82.30%
1738  LAJA-9-1-No|ref56|pass_mixed_possible_multicopy         16.70%    passed     29.48%
1739  LAJA-9-1-Rh|ref56|pass_mixed_possible_multicopy         12.82%    passed     83.58%
1740  LAJA-9-1-Ro|ref56|pass_mixed_possible_multicopy         14.81%    passed     81.59%
1741  LENO-1-1-No|ref56|pass_single_dominant                   9.56%    passed     78.12%
1742  LENO-1-1-Rh|ref56|pass_mixed_possible_multicopy         14.18%    passed     91.25%
1743  LENO-1-1-Ro|ref56|pass_mixed_possible_multicopy         16.81%    passed     48.37%
1744  LENO-10-2-No|ref56|pass_single_dominant                 12.08%    passed     51.78%
1745  LENO-10-2-Rh|ref56|pass_single_dominant                 25.11%    passed     72.13%
1746  LENO-12-3-No|ref56|pass_mixed_possible_multicopy        18.07%    passed     98.78%
1747  LENO-13-2-No|ref56|pass_single_dominant                 13.03%    passed     55.67%
1748  LENO-13-2-Rh|ref56|pass_mixed_possible_multicopy        26.58%    passed     99.17%
1749  LENO-13-2-Ro|ref56|pass_mixed_possible_multicopy        16.07%    passed     86.76%
1750  LENO-14-3-No|ref56|pass_mixed_possible_multicopy        13.24%    passed     71.79%
1751  LENO-14-3-Rh|ref56|pass_mixed_possible_multicopy         9.24%    passed     10.74%
1752  LENO-14-3-Ro|ref56|pass_mixed_possible_multicopy        19.75%    passed     91.43%
1753  LENO-15-2-No|ref56|pass_mixed_possible_multicopy        19.01%    passed     97.76%
1754  LENO-16-2-No|ref56|pass_mixed_possible_multicopy        25.42%    passed     90.77%
1755  LENO-2-1-No|ref56|pass_single_dominant                  14.08%    passed     16.86%
1756  LENO-2-1-Rh|ref56|pass_mixed_possible_multicopy         16.39%    passed     70.20%
1757  LENO-2-1-Ro|ref56|pass_mixed_possible_multicopy         13.87%    passed     78.13%
1758  LENO-3-2-No|ref56|pass_mixed_possible_multicopy         17.96%    passed     83.50%
1759  LENO-3-2-Ro|ref56|pass_mixed_possible_multicopy         14.60%    passed     89.34%
1760  LENO-4-3-No|ref56|pass_single_dominant                  14.60%    passed     53.52%
1761  LENO-4-3-Rh|ref56|pass_single_dominant                  13.55%    passed     94.21%
1762  LENO-4-3-Ro|ref56|pass_mixed_possible_multicopy         26.37%    passed     93.74%
1763  LENO-5-2-No|ref56|pass_mixed_possible_multicopy         28.89%    passed     90.84%
1764  LENO-5-2-Rh|ref56|pass_mixed_possible_multicopy         18.28%    passed     80.82%
1765  LENO-5-2-Ro|ref56|pass_mixed_possible_multicopy         18.38%    passed     77.95%
1766  LENO-6-1-No|ref56|pass_single_dominant                  20.06%    passed     22.77%
1767  LENO-6-1-Rh|ref56|pass_mixed_possible_multicopy         19.12%    passed     67.19%
1768  LENO-6-1-Ro|ref56|pass_mixed_possible_multicopy         17.65%    passed     84.19%
1769  LENO-7-2-No|ref56|pass_mixed_possible_multicopy         20.80%    passed     43.37%
1770  LENO-7-2-Rh|ref56|pass_mixed_possible_multicopy         18.59%    passed     83.55%
1771  LENO-7-2-Ro|ref56|pass_mixed_possible_multicopy         22.58%    passed     66.85%
1772  LENO-8-3-No|ref56|pass_mixed_possible_multicopy         19.33%    passed     72.90%
1773  LENO-8-3-Ro|ref56|pass_single_dominant                  20.06%    passed     87.44%
1774  LENO-9-2-Rh|ref56|pass_mixed_possible_multicopy         23.53%    passed     70.07%
1775  LENO-9-2-Ro|ref56|pass_single_dominant                  20.27%    passed     87.87%
1776  MLBS-1-1-Ro|ref56|pass_mixed_possible_multicopy         20.06%    passed     75.45%
1777  MLBS-1-2-Ro|ref56|pass_mixed_possible_multicopy         17.33%    passed     82.07%
1778  MLBS-1-3-Ro|ref56|pass_single_dominant                  15.23%    passed     88.69%
1779  MLBS-2-1-Rh|ref56|pass_single_dominant                   7.98%    passed     11.44%
1780  MLBS-2-1-Ro|ref56|pass_mixed_possible_multicopy         14.50%    passed     76.24%
1781  N13-2-D-Rh|ref56|pass_single_dominant                   18.07%    passed     88.42%
1782  N34-2-D-No|ref56|pass_single_dominant                   10.92%    passed      9.39%
1783  N34-2-D-Rh|ref56|pass_mixed_possible_multicopy          22.48%    passed     90.65%
1784  N34-2-D-Ro|ref56|pass_single_dominant                   16.91%    passed     57.16%
1785  N35-4-D-No|ref56|pass_mixed_possible_multicopy           9.87%    passed     30.39%
1786  N35-4-D-Ro|ref56|pass_mixed_possible_multicopy          22.48%    passed     51.15%
1787  N36-4-D-No|ref56|pass_single_dominant                    7.88%    passed     10.10%
1788  N36-4-D-Rh|ref56|pass_single_dominant                    8.09%    passed      9.32%
1789  N36-4-D-Ro|ref56|pass_single_dominant                    8.61%    passed      8.71%
1790  N38-2-D-No|ref56|pass_mixed_possible_multicopy          13.97%    passed     68.92%
1791  N38-2-D-Rh|ref56|pass_single_dominant                   15.44%    passed     63.93%
1792  N38-2-D-Ro|ref56|pass_single_dominant                   11.55%    passed     61.67%
1793  N39-2-D-No|ref56|pass_single_dominant                    8.51%    passed     92.37%
1794  N39-2-D-Rh|ref56|pass_mixed_possible_multicopy          10.29%    passed     50.73%
1795  N39-2-D-Ro|ref56|pass_mixed_possible_multicopy          12.61%    passed     54.23%
1796  N49-3-D-No|ref56|pass_single_dominant                   12.39%    passed     85.26%
1797  N49-3-D-Rh|ref56|pass_mixed_possible_multicopy          19.64%    passed     87.06%
1798  NOGP-1-1-No|ref56|pass_mixed_possible_multicopy         27.94%    passed     55.99%
1799  NOGP-1-1-Rh|ref56|pass_mixed_possible_multicopy         23.74%    passed     57.25%
1800  NOGP-2-1-No|ref56|pass_single_dominant                  21.32%    passed     56.28%
1801  NOGP-2-1-Rh|ref56|pass_mixed_possible_multicopy         28.36%    passed     84.80%
1802  NOGP-3-2-No|ref56|pass_single_dominant                  15.65%    passed     53.35%
1803  NOGP-3-2-Rh|ref56|pass_single_dominant                  17.54%    passed     62.31%
1804  NOGP-4-1-Rh|ref56|pass_mixed_possible_multicopy         16.07%    passed     81.10%
1805  NOGP-4-1-Ro|ref56|pass_single_dominant                  21.85%    passed     97.56%
1806  NOGP-5-2-No|ref56|pass_single_dominant                  24.58%    passed     56.42%
1807  NOGP-5-2-Rh|ref56|pass_mixed_possible_multicopy         17.96%    passed     57.07%
1808  NOGP-6-3-No|ref56|pass_single_dominant                  15.86%    passed     73.99%
1809  NOGP-6-3-Rh|ref56|pass_mixed_possible_multicopy         18.49%    passed     79.75%
1810  NOGP-7-2-No|ref56|pass_mixed_possible_multicopy         16.39%    passed     66.61%
1811  OAES-10-1-Ro|ref56|pass_single_dominant                 20.69%    passed     88.10%
1812  OAES-14-1-Rh|ref56|pass_single_dominant                 15.34%    passed     24.63%
1813  OAES-15-No|ref56|pass_single_dominant                   15.44%    passed     74.40%
1814  OAES-18-3-No|ref56|pass_single_dominant                 13.97%    passed     68.05%
1815  OAES-23-1-No|ref56|pass_single_dominant                 22.79%    passed     99.85%
1816  OAES-23-1-Rh|ref56|pass_single_dominant                 23.21%    passed     45.30%
1817  OAES-26-1-Ro|ref56|pass_single_dominant                 19.64%    passed     57.87%
1818  OAES-27-2-Rh|ref56|pass_single_dominant                 20.27%    passed     68.14%
1819  OAES-28-1-No|ref56|pass_single_dominant                 15.02%    passed     58.64%
1820  OAES-34-1-No|ref56|pass_single_dominant                 18.38%    passed     96.43%
1821  OAES-35-1-No|ref56|pass_mixed_possible_multicopy        15.44%    passed     80.77%
1822  OAES-35-1-Rh|ref56|pass_mixed_possible_multicopy        14.39%    passed     77.46%
1823  OAES-35-1-Ro|ref56|pass_mixed_possible_multicopy        16.81%    passed     76.68%
1824  OAES-35-3-No|ref56|pass_mixed_possible_multicopy        17.02%    passed     87.09%
1825  OAES-36-2-No|ref56|pass_mixed_possible_multicopy        17.75%    passed     86.16%
1826  OAES-36-2-Rh|ref56|pass_single_dominant                 15.55%    passed     74.33%
1827  OAES-36-2-Ro|ref56|pass_mixed_possible_multicopy        25.42%    passed     92.04%
1828  OAES-36-3-No|ref56|pass_mixed_possible_multicopy        15.44%    passed     91.00%
1829  OAES-36-3-Rh|ref56|pass_mixed_possible_multicopy        16.39%    passed     64.97%
1830  OAES-37-2-No|ref56|pass_mixed_possible_multicopy        25.11%    passed     98.97%
1831  OAES-9-1-No|ref56|pass_single_dominant                  22.79%    passed     80.96%
1832  ORNL-1-1-No|ref56|pass_mixed_possible_multicopy         12.92%    passed     19.35%
1833  ORNL-1-1-Rh|ref56|pass_single_dominant                  14.81%    passed     78.56%
1834  ORNL-1-1-Ro|ref56|pass_mixed_possible_multicopy         13.66%    passed     83.86%
1835  ORNL-1-3-No|ref56|pass_single_dominant                  15.97%    passed     80.35%
1836  ORNL-10-1-No|ref56|pass_mixed_possible_multicopy        17.44%    passed     82.95%
1837  ORNL-10-1-Rh|ref56|pass_single_dominant                 24.26%    passed     73.53%
1838  ORNL-10-1-Ro|ref56|pass_mixed_possible_multicopy        18.17%    passed     83.69%
1839  ORNL-11-1-No|ref56|pass_mixed_possible_multicopy        16.60%    passed     75.97%
1840  ORNL-11-1-Ro|ref56|pass_mixed_possible_multicopy        16.28%    passed     83.79%
1841  ORNL-12-1-No|ref56|pass_mixed_possible_multicopy        20.27%    passed     83.38%
1842  ORNL-12-1-Rh|ref56|pass_mixed_possible_multicopy        16.28%    passed     45.84%
1843  ORNL-12-1-Ro|ref56|pass_single_dominant                 15.65%    passed     67.49%
1844  ORNL-13-2-No|ref56|pass_single_dominant                 12.71%    passed     82.20%
1845  ORNL-13-2-Ro|ref56|pass_mixed_possible_multicopy        25.11%    passed     84.79%
1846  ORNL-14-1-No|ref56|pass_single_dominant                 14.81%    passed     80.41%
1847  ORNL-14-1-Ro|ref56|pass_mixed_possible_multicopy        26.89%    passed     72.62%
1848  ORNL-15-No|ref56|pass_mixed_possible_multicopy          19.43%    passed     45.84%
1849  ORNL-15-Rh|ref56|pass_mixed_possible_multicopy          17.23%    passed     81.67%
1850  ORNL-15-Ro|ref56|pass_mixed_possible_multicopy          15.55%    passed     86.49%
1851  ORNL-16-No|ref56|pass_mixed_possible_multicopy          17.33%    passed     90.55%
1852  ORNL-16-Rh|ref56|pass_mixed_possible_multicopy          19.96%    passed     72.85%
1853  ORNL-16-Ro|ref56|pass_mixed_possible_multicopy          17.75%    passed     67.74%
1854  ORNL-17-1-Rh|ref56|pass_mixed_possible_multicopy        28.68%    passed     98.02%
1855  ORNL-17-1-Ro|ref56|pass_single_dominant                 19.22%    passed     74.72%
1856  ORNL-18-1-No|ref56|pass_mixed_possible_multicopy        14.50%    passed     92.49%
1857  ORNL-18-1-Ro|ref56|pass_mixed_possible_multicopy        23.74%    passed     91.18%
1858  ORNL-19-No|ref56|pass_mixed_possible_multicopy          20.48%    passed     69.50%
1859  ORNL-19-Rh|ref56|pass_single_dominant                   16.81%    passed     65.95%
1860  ORNL-19-Ro|ref56|pass_mixed_possible_multicopy          14.81%    passed     74.40%
1861  ORNL-2-1-No|ref56|pass_mixed_possible_multicopy         29.20%    passed     94.14%
1862  ORNL-2-1-Rh|ref56|pass_mixed_possible_multicopy         23.53%    passed     96.90%
1863  ORNL-2-1-Ro|ref56|pass_mixed_possible_multicopy         25.00%    passed     87.82%
1864  ORNL-20-1-No|ref56|pass_mixed_possible_multicopy        18.80%    passed     40.04%
1865  ORNL-20-1-Ro|ref56|pass_mixed_possible_multicopy        24.05%    passed     98.82%
1866  ORNL-21-No|ref56|pass_mixed_possible_multicopy          17.23%    passed     65.44%
1867  ORNL-21-Rh|ref56|pass_single_dominant                   19.12%    passed     83.73%
1868  ORNL-21-Ro|ref56|pass_mixed_possible_multicopy          21.11%    passed     93.64%
1869  ORNL-23-1-No|ref56|pass_mixed_possible_multicopy        16.60%    passed     99.63%
1870  ORNL-23-1-Ro|ref56|pass_mixed_possible_multicopy        20.27%    passed     81.99%
1871  ORNL-24-No|ref56|pass_mixed_possible_multicopy          18.49%    passed     69.15%
1872  ORNL-24-Rh|ref56|pass_mixed_possible_multicopy          22.16%    passed     98.42%
1873  ORNL-24-Ro|ref56|pass_mixed_possible_multicopy          17.02%    passed     71.37%
1874  ORNL-3-1-No|ref56|pass_mixed_possible_multicopy         20.38%    passed     85.93%
1875  ORNL-3-1-Rh|ref56|pass_mixed_possible_multicopy         14.71%    passed     75.40%
1876  ORNL-3-1-Ro|ref56|pass_mixed_possible_multicopy         15.97%    passed     67.61%
1877  ORNL-3-2-No|ref56|pass_mixed_possible_multicopy         21.85%    passed     88.43%
1878  ORNL-3-2-Ro|ref56|pass_mixed_possible_multicopy         17.02%    passed     92.38%
1879  ORNL-4-1-Rh|ref56|pass_mixed_possible_multicopy         19.33%    passed     90.72%
1880  ORNL-4-1-Ro|ref56|pass_single_dominant                  14.71%    passed     78.01%
1881  ORNL-5-1-Rh|ref56|pass_single_dominant                  14.50%    passed     61.98%
1882  ORNL-5-1-Ro|ref56|pass_mixed_possible_multicopy         20.38%    passed     85.98%
1883  ORNL-5-2-Ro|ref56|pass_mixed_possible_multicopy         25.21%    passed     99.05%
1884  ORNL-5-3-Ro|ref56|pass_mixed_possible_multicopy         27.21%    passed     89.11%
1885  ORNL-6-1-No|ref56|pass_mixed_possible_multicopy         19.01%    passed     92.00%
1886  ORNL-6-1-Rh|ref56|pass_mixed_possible_multicopy         19.12%    passed     72.26%
1887  ORNL-7-2-No|ref56|pass_mixed_possible_multicopy         17.96%    passed      9.24%
1888  ORNL-8-2-No|ref56|pass_single_dominant                  15.23%    passed     53.66%
1889  ORNL-9-1-No|ref56|pass_mixed_possible_multicopy         15.23%    passed     71.39%
1890  ORNL-9-1-Rh|ref56|pass_mixed_possible_multicopy         13.34%    passed     44.77%
1891  ORNL-9-1-Ro|ref56|pass_mixed_possible_multicopy         16.28%    passed     66.93%
1892  OSBS-100-3-No|ref56|pass_mixed_possible_multicopy       22.27%    passed     56.59%
1893  OSBS-100-3-Rh|ref56|pass_single_dominant                19.12%    passed     78.64%
1894  OSBS-102-1-Ro|ref56|pass_mixed_possible_multicopy       19.12%    passed     88.33%
1895  OSBS-103-2-Ro|ref56|pass_mixed_possible_multicopy       22.58%    passed     77.21%
1896  OSBS-104-1-No|ref56|pass_single_dominant                15.02%    passed     15.07%
1897  OSBS-104-1-Ro|ref56|pass_mixed_possible_multicopy       17.23%    passed     59.87%
1898  OSBS-106-1-No|ref56|pass_mixed_possible_multicopy       16.81%    passed     75.62%
1899  OSBS-106-1-Rh|ref56|pass_mixed_possible_multicopy       18.70%    passed     72.55%
1900  OSBS-106-1-Ro|ref56|pass_mixed_possible_multicopy       17.44%    passed     64.31%
1901  OSBS-107-No|ref56|pass_mixed_possible_multicopy         14.71%    passed     16.66%
1902  OSBS-107-Rh|ref56|pass_mixed_possible_multicopy         17.12%    passed     73.66%
1903  OSBS-107-Ro|ref56|pass_mixed_possible_multicopy         21.22%    passed     73.25%
1904  OSBS-109-4-No|ref56|pass_single_dominant                17.23%    failed      1.13%
1905  OSBS-109-4-Rh|ref56|pass_single_dominant                17.33%    passed     27.33%
1906  OSBS-109-4-Ro|ref56|pass_mixed_possible_multicopy       18.28%    passed     59.69%
1907  OSBS-110-1-No|ref56|pass_single_dominant                14.50%    passed     11.60%
1908  OSBS-110-1-Rh|ref56|pass_mixed_possible_multicopy       16.60%    passed     83.10%
1909  OSBS-12-1-No|ref56|pass_single_dominant                 25.11%    passed     59.39%
1910  OSBS-12-1-Rh|ref56|pass_mixed_possible_multicopy        16.91%    passed     88.52%
1911  OSBS-14-3-No|ref56|pass_single_dominant                 16.39%    passed     87.79%
1912  OSBS-14-3-Rh|ref56|pass_mixed_possible_multicopy        20.06%    passed     83.60%
1913  OSBS-18-5-Rh|ref56|pass_mixed_possible_multicopy        22.58%    passed     72.59%
1914  OSBS-2-3-No|ref56|pass_single_dominant                  18.80%    passed     73.91%
1915  OSBS-20-1-Rh|ref56|pass_mixed_possible_multicopy        21.22%    passed     89.20%
1916  OSBS-20-1-Ro|ref56|pass_single_dominant                 14.71%    passed     87.08%
1917  OSBS-21-2-No|ref56|pass_single_dominant                 19.75%    passed     64.84%
1918  OSBS-21-2-Rh|ref56|pass_mixed_possible_multicopy        21.53%    passed     77.84%
1919  OSBS-21-2-Ro|ref56|pass_mixed_possible_multicopy        18.49%    passed     59.04%
1920  OSBS-25-1-Rh|ref56|pass_mixed_possible_multicopy        15.76%    passed     83.93%
1921  OSBS-28-1-No|ref56|pass_mixed_possible_multicopy        19.85%    passed     77.30%
1922  OSBS-28-1-Rh|ref56|pass_mixed_possible_multicopy        14.39%    passed     95.97%
1923  OSBS-28-1-Ro|ref56|pass_single_dominant                 20.06%    passed     65.14%
1924  OSBS-29-1-Rh|ref56|pass_mixed_possible_multicopy        16.28%    passed     76.86%
1925  OSBS-29-1-Ro|ref56|pass_mixed_possible_multicopy        16.28%    passed     80.11%
1926  OSBS-30-1-Rh|ref56|pass_mixed_possible_multicopy        22.06%    passed     90.68%
1927  OSBS-31-1-Rh|ref56|pass_mixed_possible_multicopy        20.38%    passed     58.75%
1928  OSBS-32-1-Ro|ref56|pass_mixed_possible_multicopy        18.28%    passed     50.06%
1929  OSBS-34-1-No|ref56|pass_mixed_possible_multicopy        16.91%    passed     91.36%
1930  OSBS-34-1-Rh|ref56|pass_mixed_possible_multicopy        24.79%    passed     87.18%
1931  OSBS-34-1-Ro|ref56|pass_single_dominant                 25.42%    passed     58.71%
1932  OSBS-35-1-Rh|ref56|pass_mixed_possible_multicopy        11.03%    passed     61.98%
1933  OSBS-35-1-Ro|ref56|pass_mixed_possible_multicopy        12.08%    passed     40.15%
1934  OSBS-35-2-No|ref56|pass_mixed_possible_multicopy        19.85%    passed     73.08%
1935  OSBS-35-2-Rh|ref56|pass_mixed_possible_multicopy        18.91%    passed     90.07%
1936  OSBS-35-2-Ro|ref56|pass_mixed_possible_multicopy        18.07%    passed     71.09%
1937  OSBS-36-1-No|ref56|pass_mixed_possible_multicopy        22.06%    passed     83.65%
1938  OSBS-36-1-Rh|ref56|pass_mixed_possible_multicopy        19.43%    passed     80.95%
1939  OSBS-36-1-Ro|ref56|pass_mixed_possible_multicopy        18.80%    passed     68.17%
1940  OSBS-36-4-No|ref56|pass_mixed_possible_multicopy        18.28%    passed     77.02%
1941  OSBS-36-4-Ro|ref56|pass_mixed_possible_multicopy        22.69%    passed     76.47%
1942  OSBS-37-1-No|ref56|pass_mixed_possible_multicopy        18.38%    passed     75.77%
1943  OSBS-37-1-Rh|ref56|pass_mixed_possible_multicopy        17.23%    passed     78.39%
1944  OSBS-37-1-Ro|ref56|pass_mixed_possible_multicopy        26.16%    passed     85.35%
1945  OSBS-38-1-No|ref56|pass_mixed_possible_multicopy        15.44%    passed     46.24%
1946  OSBS-38-1-Rh|ref56|pass_single_dominant                 23.74%    passed     93.31%
1947  OSBS-38-1-Ro|ref56|pass_mixed_possible_multicopy        12.29%    passed     58.68%
1948  OSBS-38-2-Rh|ref56|pass_mixed_possible_multicopy        21.32%    passed     75.16%
1949  OSBS-38-2-Ro|ref56|pass_mixed_possible_multicopy        23.95%    passed     73.42%
1950  OSBS-4-3-Rh|ref56|pass_mixed_possible_multicopy         17.54%    passed     86.10%
1951  OSBS-41-3-No|ref56|pass_mixed_possible_multicopy        24.89%    passed     81.31%
1952  OSBS-41-3-Rh|ref56|pass_single_dominant                 22.06%    passed     29.71%
1953  OSBS-44-1-No|ref56|pass_mixed_possible_multicopy        16.39%    passed     80.74%
1954  OSBS-44-1-Rh|ref56|pass_mixed_possible_multicopy        17.02%    passed     85.57%
1955  OSBS-44-1-Ro|ref56|pass_mixed_possible_multicopy        18.28%    passed     65.23%
1956  OSBS-45-1-No|ref56|pass_mixed_possible_multicopy        15.44%    passed     87.79%
1957  OSBS-45-1-Rh|ref56|pass_mixed_possible_multicopy        14.71%    passed     82.78%
1958  OSBS-45-1-Ro|ref56|pass_single_dominant                 16.81%    passed     73.07%
1959  OSBS-46-1-No|ref56|pass_mixed_possible_multicopy        18.59%    passed     72.85%
1960  OSBS-46-1-Rh|ref56|pass_mixed_possible_multicopy        15.55%    passed     89.15%
1961  OSBS-46-1-Ro|ref56|pass_mixed_possible_multicopy        14.39%    passed     75.10%
1962  OSBS-49-1-No|ref56|pass_mixed_possible_multicopy        11.45%    passed     79.49%
1963  OSBS-49-1-Rh|ref56|pass_mixed_possible_multicopy        16.07%    passed     67.04%
1964  OSBS-49-1-Ro|ref56|pass_mixed_possible_multicopy        15.55%    passed     74.33%
1965  OSBS-5-5-No|ref56|pass_single_dominant                   7.88%    passed     26.70%
1966  OSBS-51-1-No|ref56|pass_mixed_possible_multicopy        17.23%    passed     69.26%
1967  OSBS-51-1-Rh|ref56|pass_mixed_possible_multicopy        16.07%    passed     79.57%
1968  OSBS-51-1-Ro|ref56|pass_mixed_possible_multicopy        17.75%    passed     67.05%
1969  OSBS-52-1-No|ref56|pass_mixed_possible_multicopy        16.81%    passed     58.41%
1970  OSBS-52-2-No|ref56|pass_mixed_possible_multicopy        16.81%    passed     70.77%
1971  OSBS-52-2-Rh|ref56|pass_mixed_possible_multicopy        15.23%    passed     92.87%
1972  OSBS-52-2-Ro|ref56|pass_mixed_possible_multicopy        17.65%    passed     61.70%
1973  OSBS-55-1-No|ref56|pass_mixed_possible_multicopy        12.61%    passed     89.35%
1974  OSBS-55-1-Rh|ref56|pass_mixed_possible_multicopy        10.08%    passed     83.93%
1975  OSBS-55-1-Ro|ref56|pass_mixed_possible_multicopy        14.39%    passed     80.60%
1976  OSBS-58-1-No|ref56|pass_mixed_possible_multicopy        16.49%    passed     21.10%
1977  OSBS-58-1-Rh|ref56|pass_single_dominant                 13.76%    passed     66.23%
1978  OSBS-58-1-Ro|ref56|pass_mixed_possible_multicopy        16.70%    passed     76.92%
1979  OSBS-59-1-No|ref56|pass_mixed_possible_multicopy        13.66%    passed     62.40%
1980  OSBS-59-1-Rh|ref56|pass_mixed_possible_multicopy        17.33%    passed     52.88%
1981  OSBS-59-1-Ro|ref56|pass_mixed_possible_multicopy        19.22%    passed     78.50%
1982  OSBS-65-1-No|ref56|pass_mixed_possible_multicopy        17.75%    passed     80.40%
1983  OSBS-65-1-Rh|ref56|pass_mixed_possible_multicopy        15.02%    passed     83.64%
1984  OSBS-66-1-No|ref56|pass_mixed_possible_multicopy        15.97%    passed     81.77%
1985  OSBS-66-1-Rh|ref56|pass_mixed_possible_multicopy        16.39%    passed     76.91%
1986  OSBS-67-1-No|ref56|pass_mixed_possible_multicopy        17.44%    passed     87.98%
1987  OSBS-67-1-Rh|ref56|pass_mixed_possible_multicopy        16.60%    passed     57.07%
1988  OSBS-67-1-Ro|ref56|pass_mixed_possible_multicopy        17.02%    passed     92.64%
1989  OSBS-68-1-No|ref56|pass_mixed_possible_multicopy        15.02%    passed     84.25%
1990  OSBS-68-1-Rh|ref56|pass_single_dominant                 15.23%    passed     68.84%
1991  OSBS-69-1-No|ref56|pass_mixed_possible_multicopy        20.90%    passed     60.29%
1992  OSBS-69-1-Rh|ref56|pass_mixed_possible_multicopy        17.96%    passed     57.39%
1993  OSBS-7-4-No|ref56|pass_mixed_possible_multicopy         15.86%    passed     83.57%
1994  OSBS-7-4-Rh|ref56|pass_single_dominant                  17.65%    passed     66.95%
1995  OSBS-7-4-Ro|ref56|pass_single_dominant                  17.12%    passed     56.31%
1996  OSBS-70-3-No|ref56|pass_mixed_possible_multicopy        23.53%    passed      9.31%
1997  OSBS-70-3-Rh|ref56|pass_single_dominant                 17.65%    passed     67.30%
1998  OSBS-70-3-Ro|ref56|pass_mixed_possible_multicopy        18.28%    passed     46.86%
1999  OSBS-71-1-No|ref56|pass_single_dominant                 14.50%    passed     63.59%
2000  OSBS-71-1-Rh|ref56|pass_single_dominant                 17.23%    passed     76.18%
2001  OSBS-71-1-Ro|ref56|pass_mixed_possible_multicopy        23.42%    passed     92.92%
2002  OSBS-72-1-Rh|ref56|pass_single_dominant                 19.75%    passed     70.74%
2003  OSBS-73-2-No|ref56|pass_mixed_possible_multicopy        17.65%    passed     71.00%
2004  OSBS-73-2-Rh|ref56|pass_mixed_possible_multicopy        21.95%    passed     87.13%
2005  OSBS-73-2-Ro|ref56|pass_mixed_possible_multicopy        18.38%    passed     70.72%
2006  OSBS-74-3-No|ref56|pass_mixed_possible_multicopy        16.49%    passed     16.25%
2007  OSBS-74-3-Rh|ref56|pass_mixed_possible_multicopy        18.80%    passed     84.81%
2008  OSBS-74-3-Ro|ref56|pass_mixed_possible_multicopy        20.80%    passed     82.52%
2009  OSBS-75-2-No|ref56|pass_mixed_possible_multicopy        15.86%    passed     22.35%
2010  OSBS-75-2-Rh|ref56|pass_mixed_possible_multicopy        21.22%    passed     92.05%
2011  OSBS-75-2-Ro|ref56|pass_single_dominant                 14.29%    passed     72.60%
2012  OSBS-8-5-No|ref56|pass_single_dominant                  21.74%    passed     75.25%
2013  OSBS-8-5-Ro|ref56|pass_single_dominant                  22.16%    passed     94.22%
2014  OSBS-80-2-No|ref56|pass_mixed_possible_multicopy        17.75%    passed     85.51%
2015  OSBS-80-2-Rh|ref56|pass_single_dominant                 17.02%    passed     61.27%
2016  OSBS-80-2-Ro|ref56|pass_mixed_possible_multicopy        22.27%    passed     81.14%
2017  OSBS-81-1-No|ref56|pass_mixed_possible_multicopy        16.91%    passed     83.76%
2018  OSBS-81-1-Rh|ref56|pass_single_dominant                 17.12%    passed     59.20%
2019  OSBS-81-1-Ro|ref56|pass_single_dominant                 23.53%    passed     81.17%
2020  OSBS-82-1-No|ref56|pass_mixed_possible_multicopy        17.33%    passed     89.63%
2021  OSBS-82-1-Rh|ref56|pass_mixed_possible_multicopy        12.29%    passed     91.59%
2022  OSBS-82-1-Ro|ref56|pass_mixed_possible_multicopy        14.39%    passed     91.42%
2023  OSBS-83-1-No|ref56|pass_mixed_possible_multicopy        14.81%    passed     54.73%
2024  OSBS-83-1-Rh|ref56|pass_mixed_possible_multicopy        17.54%    passed     93.60%
2025  OSBS-83-1-Ro|ref56|pass_mixed_possible_multicopy        10.82%    passed     77.50%
2026  OSBS-84-1-No|ref56|pass_mixed_possible_multicopy        15.44%    passed     89.88%
2027  OSBS-84-1-Rh|ref56|pass_mixed_possible_multicopy        14.71%    passed     81.71%
2028  OSBS-84-1-Ro|ref56|pass_mixed_possible_multicopy        13.87%    passed     85.16%
2029  OSBS-85-1-No|ref56|pass_mixed_possible_multicopy        12.92%    passed     84.82%
2030  OSBS-85-1-Rh|ref56|pass_mixed_possible_multicopy        12.92%    passed     71.34%
2031  OSBS-85-1-Ro|ref56|pass_mixed_possible_multicopy        15.13%    passed     87.76%
2032  OSBS-86-1-No|ref56|pass_mixed_possible_multicopy        13.03%    passed     71.46%
2033  OSBS-86-1-Rh|ref56|pass_mixed_possible_multicopy        13.87%    passed     77.15%
2034  OSBS-86-1-Ro|ref56|pass_mixed_possible_multicopy        19.01%    passed     70.65%
2035  OSBS-88-1-No|ref56|pass_mixed_possible_multicopy        15.86%    passed     58.65%
2036  OSBS-88-1-Rh|ref56|pass_mixed_possible_multicopy        15.02%    passed     89.50%
2037  OSBS-88-1-Ro|ref56|pass_mixed_possible_multicopy        16.60%    passed     42.22%
2038  OSBS-89-1-No|ref56|pass_mixed_possible_multicopy        16.70%    passed     80.37%
2039  OSBS-89-1-Rh|ref56|pass_mixed_possible_multicopy        14.60%    passed     85.25%
2040  OSBS-89-1-Ro|ref56|pass_mixed_possible_multicopy        15.76%    passed     59.95%
2041  OSBS-90-1-Rh|ref56|pass_mixed_possible_multicopy        11.45%    passed     84.23%
2042  OSBS-90-1-Ro|ref56|pass_mixed_possible_multicopy        15.86%    passed     89.10%
2043  OSBS-91-1-No|ref56|pass_mixed_possible_multicopy        15.23%    passed     95.30%
2044  OSBS-95-3-Rh|ref56|pass_mixed_possible_multicopy        20.90%    passed     78.29%
2045  OSBS-95-3-Ro|ref56|pass_mixed_possible_multicopy        18.28%    passed     75.35%
2046  OSBS-97-2-Rh|ref56|pass_mixed_possible_multicopy        17.44%    passed     57.58%
2047  OSBS-CEVI-50-3-No|ref56|pass_mixed_possible_multicopy   15.02%    passed     25.27%
2048  OSBS-CEVI-50-3-Rh|ref56|pass_mixed_possible_multicopy   27.94%    passed     91.41%
2049  OSBS-LEHI-62-5-No|ref56|pass_mixed_possible_multicopy   15.34%    passed     18.08%
2050  OSBS-TEVI-61-4-No|ref56|pass_single_dominant            15.02%    passed     70.56%
2051  OSBS-TEVI-61-4-Rh|ref56|pass_mixed_possible_multicopy   21.64%    passed     78.47%
2052  RMNP-1-Rh|ref56|pass_mixed_possible_multicopy           12.50%    passed     78.07%
2053  RMNP-2-Rh|ref56|pass_mixed_possible_multicopy           19.75%    passed     70.35%
2054  RMNP-2-Ro|ref56|pass_single_dominant                    16.81%    passed     87.34%
2055  RMNP-3-No|ref56|pass_mixed_possible_multicopy           17.12%    passed     87.95%
2056  RMNP-3-Rh|ref56|pass_mixed_possible_multicopy           15.97%    passed     70.52%
2057  RMNP-3-Ro|ref56|pass_mixed_possible_multicopy           17.86%    passed     65.46%
2058  RMNP-4-Rh|ref56|pass_single_dominant                    15.55%    passed     53.38%
2059  SCBI-10-1-Rh|ref56|pass_mixed_possible_multicopy        21.64%    passed     93.69%
2060  SCBI-10-1-Ro|ref56|pass_mixed_possible_multicopy        19.64%    passed     86.85%
2061  SCBI-11-1-No|ref56|pass_single_dominant                 12.18%    passed     38.35%
2062  SCBI-11-1-Rh|ref56|pass_single_dominant                 20.59%    passed     75.59%
2063  SCBI-11-1-Ro|ref56|pass_mixed_possible_multicopy        20.38%    passed     95.65%
2064  SCBI-12-1-No|ref56|pass_single_dominant                 13.13%    passed     61.48%
2065  SCBI-12-1-Rh|ref56|pass_mixed_possible_multicopy        22.37%    passed     87.33%
2066  SCBI-12-1-Ro|ref56|pass_mixed_possible_multicopy        16.91%    passed     93.21%
2067  SCBI-13-1-Rh|ref56|pass_mixed_possible_multicopy        15.97%    passed     76.24%
2068  SCBI-13-1-Ro|ref56|pass_mixed_possible_multicopy        14.18%    passed     57.56%
2069  SCBI-2-1-Ro|ref56|pass_single_dominant                  21.53%    passed     72.14%
2070  SCBI-3-1-No|ref56|pass_mixed_possible_multicopy         21.01%    passed     87.02%
2071  SCBI-3-1-Ro|ref56|pass_mixed_possible_multicopy         19.12%    passed     85.41%
2072  SCBI-4-1-No|ref56|pass_single_dominant                  15.23%    passed     56.20%
2073  SCBI-4-1-Rh|ref56|pass_mixed_possible_multicopy         14.29%    passed     59.83%
2074  SCBI-4-1-Ro|ref56|pass_single_dominant                  15.55%    passed     93.19%
2075  SCBI-5-1-Rh|ref56|pass_single_dominant                  23.63%    passed     91.54%
2076  SCBI-6-1-No|ref56|pass_single_dominant                  12.29%    passed     33.63%
2077  SCBI-6-1-Rh|ref56|pass_mixed_possible_multicopy         19.22%    passed     85.84%
2078  SCBI-6-1-Ro|ref56|pass_mixed_possible_multicopy         19.43%    passed     91.20%
2079  SCBI-7-1-No|ref56|pass_mixed_possible_multicopy         18.59%    passed     76.47%
2080  SCBI-7-1-Rh|ref56|pass_mixed_possible_multicopy         21.74%    passed     51.22%
2081  SCBI-7-1-Ro|ref56|pass_mixed_possible_multicopy         21.85%    passed     59.33%
2082  SCBI-8-2-No|ref56|pass_single_dominant                  25.00%    passed     94.60%
2083  SCBI-8-2-Rh|ref56|pass_mixed_possible_multicopy         17.54%    passed     75.51%
2084  SCBI-9-2-No|ref56|pass_single_dominant                  12.92%    passed     67.05%
2085  SCBI-9-2-Rh|ref56|pass_mixed_possible_multicopy         14.08%    passed     85.73%
2086  SCBI-9-2-Ro|ref56|pass_mixed_possible_multicopy         21.43%    passed     99.48%
2087  SERC-1-1-Ro|ref56|pass_mixed_possible_multicopy         21.64%    passed     81.60%
2088  SERC-1-2-Rh|ref56|pass_single_dominant                  19.22%    passed     70.53%
2089  SERC-1-3-Rh|ref56|pass_mixed_possible_multicopy         20.27%    passed     85.21%
2090  SERC-1-3-Ro|ref56|pass_mixed_possible_multicopy         24.89%    passed     74.81%
2091  SERC-2-1-Rh|ref56|pass_mixed_possible_multicopy         22.69%    passed     49.50%
2092  SERC-2-1-Ro|ref56|pass_mixed_possible_multicopy         19.33%    passed     32.65%
2093  SERC-2-2-Rh|ref56|pass_mixed_possible_multicopy         19.85%    passed     81.36%
2094  SERC-3-1-Rh|ref56|pass_mixed_possible_multicopy         18.80%    passed     71.44%
2095  SERC-3-1-Ro|ref56|pass_single_dominant                  23.42%    passed     95.66%
2096  SERC-4-1-No|ref56|pass_single_dominant                  12.50%    passed     24.45%
2097  SERC-4-1-Rh|ref56|pass_mixed_possible_multicopy         27.52%    passed     37.37%
2098  SERC-4-1-Ro|ref56|pass_mixed_possible_multicopy         22.48%    passed     84.15%
2099  SERC-5-1-No|ref56|pass_mixed_possible_multicopy         15.76%    passed     72.06%
2100  SERC-5-1-Rh|ref56|pass_mixed_possible_multicopy         17.86%    passed     93.43%
2101  SERC-7-1-Ro|ref56|pass_single_dominant                  18.49%    passed     49.22%
2102  SJER-1-1-No|ref56|pass_mixed_possible_multicopy         10.08%    passed     84.98%
2103  SJER-1-1-Rh|ref56|pass_mixed_possible_multicopy         14.71%    passed     88.39%
2104  SJER-1-1-Ro|ref56|pass_mixed_possible_multicopy         21.43%    passed     95.24%
2105  SJER-2-3-Rh|ref56|pass_mixed_possible_multicopy         20.80%    passed     90.78%
2106  SJER-2-3-Ro|ref56|pass_mixed_possible_multicopy         15.76%    passed     50.58%
2107  SJER-3-5-No|ref56|pass_mixed_possible_multicopy         16.49%    passed     51.82%
2108  SJER-3-5-Rh|ref56|pass_mixed_possible_multicopy         17.54%    passed     74.12%
2109  SJER-3-5-Ro|ref56|pass_mixed_possible_multicopy         21.74%    passed     90.40%
2110  SJER-4-1-No|ref56|pass_mixed_possible_multicopy         21.43%    passed     81.30%
2111  SJER-4-1-Rh|ref56|pass_mixed_possible_multicopy         19.75%    passed     62.36%
2112  SJER-4-1-Ro|ref56|pass_mixed_possible_multicopy         18.07%    passed     74.90%
2113  SJER-5-1-No|ref56|pass_mixed_possible_multicopy         20.48%    passed     97.36%
2114  SJER-5-1-Rh|ref56|pass_mixed_possible_multicopy         21.01%    passed     85.02%
2115  SJER-5-1-Ro|ref56|pass_mixed_possible_multicopy         24.26%    passed     85.71%
2116  SRER-1-1-Rh|ref56|pass_mixed_possible_multicopy         24.05%    passed     90.79%
2117  SRER-1-1-Ro|ref56|pass_single_dominant                  25.74%    passed     96.33%
2118  SRER-12-1-Ro|ref56|pass_mixed_possible_multicopy        16.49%    passed     73.72%
2119  SRER-15-1-Rh|ref56|pass_single_dominant                 13.55%    passed     92.11%
2120  SRER-15-1-Ro|ref56|pass_mixed_possible_multicopy        18.28%    passed     62.26%
2121  SRER-17-1-Rh|ref56|pass_mixed_possible_multicopy        27.00%    passed     81.68%
2122  SRER-18-1-Rh|ref56|pass_single_dominant                 18.17%    passed     25.62%
2123  SRER-18-1-Ro|ref56|pass_single_dominant                  8.40%    passed     12.75%
2124  SRER-2-1-Rh|ref56|pass_mixed_possible_multicopy         26.58%    passed     52.53%
2125  SRER-4-1-Rh|ref56|pass_mixed_possible_multicopy         19.33%    passed     67.15%
2126  TALL-1-1-Rh|ref56|pass_mixed_possible_multicopy         15.65%    passed     65.96%
2127  TALL-1-1-Ro|ref56|pass_mixed_possible_multicopy         17.33%    passed     74.61%
2128  TALL-10-4-No|ref56|pass_mixed_possible_multicopy        15.44%    passed     71.39%
2129  TALL-10-4-Rh|ref56|pass_mixed_possible_multicopy        16.81%    passed     95.56%
2130  TALL-11-1-No|ref56|pass_single_dominant                 23.95%    passed     52.95%
2131  TALL-12-2-No|ref56|pass_mixed_possible_multicopy        16.49%    passed     20.45%
2132  TALL-12-2-Rh|ref56|pass_mixed_possible_multicopy        17.12%    passed     64.67%
2133  TALL-12-2-Ro|ref56|pass_mixed_possible_multicopy        17.33%    passed     76.39%
2134  TALL-13-3-No|ref56|pass_mixed_possible_multicopy        21.53%    passed     94.20%
2135  TALL-13-3-Rh|ref56|pass_mixed_possible_multicopy        16.49%    passed     66.67%
2136  TALL-13-3-Ro|ref56|pass_mixed_possible_multicopy        14.08%    passed     77.52%
2137  TALL-14-2-No|ref56|pass_single_dominant                 20.69%    passed      5.26%
2138  TALL-14-2-Rh|ref56|pass_single_dominant                 24.68%    passed     93.96%
2139  TALL-15-2-Ro|ref56|pass_mixed_possible_multicopy        17.65%    passed     68.65%
2140  TALL-16-No|ref56|pass_mixed_possible_multicopy          18.17%    passed     10.64%
2141  TALL-16-Rh|ref56|pass_mixed_possible_multicopy          17.54%    passed     77.08%
2142  TALL-17-2-No|ref56|pass_mixed_possible_multicopy        19.85%    passed     82.17%
2143  TALL-17-2-Rh|ref56|pass_mixed_possible_multicopy        17.65%    passed     70.48%
2144  TALL-18-1-No|ref56|pass_mixed_possible_multicopy        18.17%    passed     33.40%
2145  TALL-18-1-Rh|ref56|pass_mixed_possible_multicopy        15.97%    passed     63.71%
2146  TALL-18-1-Ro|ref56|pass_mixed_possible_multicopy        21.64%    passed     66.26%
2147  TALL-19-2-No|ref56|pass_single_dominant                 21.32%    failed      4.60%
2148  TALL-19-2-Ro|ref56|pass_mixed_possible_multicopy        24.47%    passed     68.93%
2149  TALL-2-3-No|ref56|pass_mixed_possible_multicopy         15.13%    passed      7.50%
2150  TALL-2-3-Rh|ref56|pass_single_dominant                  14.71%    passed     83.48%
2151  TALL-2-3-Ro|ref56|pass_mixed_possible_multicopy         16.07%    passed     71.64%
2152  TALL-20-1-No|ref56|pass_mixed_possible_multicopy        18.70%    passed     43.63%
2153  TALL-20-1-Rh|ref56|pass_single_dominant                 24.16%    passed     80.18%
2154  TALL-20-1-Ro|ref56|pass_mixed_possible_multicopy        15.97%    passed     68.75%
2155  TALL-21-2-No|ref56|pass_mixed_possible_multicopy        20.48%    passed     62.27%
2156  TALL-21-2-Rh|ref56|pass_mixed_possible_multicopy        17.23%    passed     68.81%
2157  TALL-21-2-Ro|ref56|pass_mixed_possible_multicopy        19.22%    passed     75.78%
2158  TALL-22-No|ref56|pass_mixed_possible_multicopy          18.59%    passed     70.49%
2159  TALL-22-Rh|ref56|pass_mixed_possible_multicopy          16.18%    passed     57.04%
2160  TALL-23-2-No|ref56|pass_mixed_possible_multicopy        20.17%    passed     68.48%
2161  TALL-23-2-Rh|ref56|pass_mixed_possible_multicopy        18.38%    passed     80.51%
2162  TALL-23-2-Ro|ref56|pass_mixed_possible_multicopy        13.03%    passed     63.29%
2163  TALL-24-2-No|ref56|pass_mixed_possible_multicopy        16.49%    passed     85.85%
2164  TALL-24-2-Rh|ref56|pass_mixed_possible_multicopy        14.81%    passed     91.29%
2165  TALL-24-2-Ro|ref56|pass_mixed_possible_multicopy        17.86%    passed     71.22%
2166  TALL-25-2-No|ref56|pass_single_dominant                 10.50%    passed     15.14%
2167  TALL-25-2-Rh|ref56|pass_mixed_possible_multicopy        18.07%    passed     94.88%
2168  TALL-25-2-Ro|ref56|pass_mixed_possible_multicopy        17.86%    passed     83.62%
2169  TALL-26-3-No|ref56|pass_mixed_possible_multicopy        22.37%    passed     75.37%
2170  TALL-26-3-Rh|ref56|pass_mixed_possible_multicopy        19.01%    passed     67.43%
2171  TALL-26-3-Ro|ref56|pass_mixed_possible_multicopy        17.96%    passed     88.98%
2172  TALL-27-1-Ro|ref56|pass_mixed_possible_multicopy        24.37%    passed     52.33%
2173  TALL-28-1-No|ref56|pass_single_dominant                 16.91%    passed     11.22%
2174  TALL-28-1-Rh|ref56|pass_mixed_possible_multicopy        17.44%    passed     89.95%
2175  TALL-29-3-No|ref56|pass_mixed_possible_multicopy        12.92%    passed     24.41%
2176  TALL-29-3-Ro|ref56|pass_mixed_possible_multicopy        22.16%    passed     69.77%
2177  TALL-3-1-Ro|ref56|pass_mixed_possible_multicopy         14.60%    passed     85.78%
2178  TALL-30-1-No|ref56|pass_mixed_possible_multicopy        18.28%    passed     85.25%
2179  TALL-30-1-Rh|ref56|pass_mixed_possible_multicopy         9.87%    passed     80.38%
2180  TALL-30-1-Ro|ref56|pass_mixed_possible_multicopy        15.44%    passed     79.02%
2181  TALL-31-1-No|ref56|pass_mixed_possible_multicopy        16.18%    passed     89.50%
2182  TALL-31-1-Ro|ref56|pass_single_dominant                 13.76%    passed     88.47%
2183  TALL-32-1-No|ref56|pass_mixed_possible_multicopy        13.13%    passed     69.12%
2184  TALL-32-1-Rh|ref56|pass_mixed_possible_multicopy        15.55%    passed     85.59%
2185  TALL-32-1-Ro|ref56|pass_mixed_possible_multicopy        18.07%    passed     87.26%
2186  TALL-33-1-No|ref56|pass_mixed_possible_multicopy        18.49%    passed     98.35%
2187  TALL-33-1-Rh|ref56|pass_mixed_possible_multicopy        16.49%    passed     81.62%
2188  TALL-34-1-No|ref56|pass_mixed_possible_multicopy        10.71%    passed     82.35%
2189  TALL-34-1-Rh|ref56|pass_mixed_possible_multicopy        17.33%    passed     69.63%
2190  TALL-34-1-Ro|ref56|pass_mixed_possible_multicopy        15.55%    passed     78.98%
2191  TALL-35-1-No|ref56|pass_mixed_possible_multicopy        15.65%    passed     87.35%
2192  TALL-35-1-Rh|ref56|pass_mixed_possible_multicopy        16.70%    passed     76.79%
2193  TALL-35-1-Ro|ref56|pass_mixed_possible_multicopy        14.81%    passed     73.50%
2194  TALL-36-1-No|ref56|pass_mixed_possible_multicopy        16.18%    passed     81.35%
2195  TALL-36-1-Rh|ref56|pass_mixed_possible_multicopy        16.60%    passed     73.42%
2196  TALL-36-1-Ro|ref56|pass_mixed_possible_multicopy        16.49%    passed     84.30%
2197  TALL-37-1-Rh|ref56|pass_mixed_possible_multicopy        17.86%    passed     75.92%
2198  TALL-37-1-Ro|ref56|pass_mixed_possible_multicopy        20.48%    passed     43.95%
2199  TALL-38-3-No|ref56|pass_single_dominant                 14.92%    passed      9.63%
2200  TALL-38-3-Rh|ref56|pass_mixed_possible_multicopy        14.71%    passed     75.26%
2201  TALL-38-3-Ro|ref56|pass_mixed_possible_multicopy        17.12%    passed     91.83%
2202  TALL-39-2-No|ref56|pass_mixed_possible_multicopy        16.28%    passed     15.43%
2203  TALL-39-2-Ro|ref56|pass_mixed_possible_multicopy        17.02%    passed     78.46%
2204  TALL-4-1-No|ref56|pass_mixed_possible_multicopy         19.33%    passed     12.80%
2205  TALL-4-1-Rh|ref56|pass_mixed_possible_multicopy         18.28%    passed     84.35%
2206  TALL-40-1-No|ref56|pass_mixed_possible_multicopy        17.33%    passed     10.26%
2207  TALL-40-1-Rh|ref56|pass_mixed_possible_multicopy        14.50%    passed     60.90%
2208  TALL-40-1-Ro|ref56|pass_mixed_possible_multicopy        21.85%    passed     84.58%
2209  TALL-41-3-No|ref56|pass_mixed_possible_multicopy        16.39%    passed     66.06%
2210  TALL-41-3-Rh|ref56|pass_mixed_possible_multicopy        15.76%    passed     73.68%
2211  TALL-42-1-No|ref56|pass_mixed_possible_multicopy        20.69%    passed     66.98%
2212  TALL-42-1-Rh|ref56|pass_mixed_possible_multicopy        16.18%    passed     78.34%
2213  TALL-42-1-Ro|ref56|pass_single_dominant                 16.91%    passed     66.63%
2214  TALL-43-1-No|ref56|pass_single_dominant                 16.60%    passed     96.88%
2215  TALL-43-1-Rh|ref56|pass_single_dominant                 17.65%    passed     93.76%
2216  TALL-43-1-Ro|ref56|pass_mixed_possible_multicopy        14.50%    passed     70.68%
2217  TALL-44-1-No|ref56|pass_mixed_possible_multicopy        19.01%    passed      7.19%
2218  TALL-44-1-Rh|ref56|pass_mixed_possible_multicopy        14.29%    passed     73.97%
2219  TALL-44-1-Ro|ref56|pass_single_dominant                 20.38%    passed     54.70%
2220  TALL-45-1-No|ref56|pass_mixed_possible_multicopy        18.38%    passed     61.20%
2221  TALL-45-1-Rh|ref56|pass_mixed_possible_multicopy        18.07%    passed     74.08%
2222  TALL-46-2-No|ref56|pass_mixed_possible_multicopy        11.76%    passed     93.17%
2223  TALL-46-2-Ro|ref56|pass_mixed_possible_multicopy        25.32%    passed     72.86%
2224  TALL-47-2-No|ref56|pass_single_dominant                 19.54%    passed      5.06%
2225  TALL-47-2-Rh|ref56|pass_mixed_possible_multicopy        10.08%    passed     69.62%
2226  TALL-47-2-Ro|ref56|pass_mixed_possible_multicopy        14.29%    passed     88.91%
2227  TALL-48-2-No|ref56|pass_single_dominant                 24.05%    passed     83.77%
2228  TALL-48-2-Rh|ref56|pass_mixed_possible_multicopy         9.24%    passed     57.21%
2229  TALL-48-2-Ro|ref56|pass_mixed_possible_multicopy        15.97%    passed     84.90%
2230  TALL-49-1-No|ref56|pass_single_dominant                 18.07%    passed      5.30%
2231  TALL-49-1-Rh|ref56|pass_mixed_possible_multicopy        17.86%    passed     71.22%
2232  TALL-49-1-Ro|ref56|pass_mixed_possible_multicopy        18.49%    passed     66.56%
2233  TALL-5-2-No|ref56|pass_mixed_possible_multicopy         17.12%    passed     71.27%
2234  TALL-5-2-Ro|ref56|pass_single_dominant                  13.97%    passed     55.92%
2235  TALL-50-1-No|ref56|pass_mixed_possible_multicopy        17.75%    passed     39.83%
2236  TALL-50-1-Rh|ref56|pass_mixed_possible_multicopy        15.55%    passed     75.08%
2237  TALL-50-1-Ro|ref56|pass_mixed_possible_multicopy        26.89%    passed     84.01%
2238  TALL-51-3-No|ref56|pass_single_dominant                 16.18%    passed      6.29%
2239  TALL-51-3-Rh|ref56|pass_single_dominant                 24.79%    passed     70.92%
2240  TALL-52-1-No|ref56|pass_single_dominant                 24.37%    passed     82.26%
2241  TALL-53-3-No|ref56|pass_mixed_possible_multicopy        21.01%    passed      9.20%
2242  TALL-53-3-Rh|ref56|pass_mixed_possible_multicopy        25.74%    passed     27.88%
2243  TALL-53-3-Ro|ref56|pass_mixed_possible_multicopy        24.05%    passed     43.33%
2244  TALL-54-1-No|ref56|pass_single_dominant                 19.54%    failed      3.55%
2245  TALL-54-1-Rh|ref56|pass_single_dominant                 17.75%    passed     92.05%
2246  TALL-54-1-Ro|ref56|pass_mixed_possible_multicopy        25.00%    passed     93.94%
2247  TALL-55-1-No|ref56|pass_single_dominant                 10.40%    passed     67.09%
2248  TALL-55-1-Ro|ref56|pass_mixed_possible_multicopy        11.87%    passed     26.01%
2249  TALL-56-1-No|ref56|pass_single_dominant                  9.45%    passed     86.83%
2250  TALL-56-1-Rh|ref56|pass_single_dominant                  9.45%    passed     37.43%
2251  TALL-56-1-Ro|ref56|pass_single_dominant                 21.32%    passed     86.22%
2252  TALL-57-2-No|ref56|pass_single_dominant                 22.06%    passed      5.94%
2253  TALL-57-2-Rh|ref56|pass_single_dominant                  8.72%    passed     50.52%
2254  TALL-58-1-No|ref56|pass_mixed_possible_multicopy        17.54%    passed     74.13%
2255  TALL-59-1-No|ref56|pass_mixed_possible_multicopy        20.38%    passed     52.59%
2256  TALL-59-1-Ro|ref56|pass_mixed_possible_multicopy        16.60%    passed     77.09%
2257  TALL-6-2-Ro|ref56|pass_mixed_possible_multicopy         21.32%    passed     73.68%
2258  TALL-60-1-No|ref56|pass_mixed_possible_multicopy        20.38%    passed     91.06%
2259  TALL-61-3-Rh|ref56|pass_mixed_possible_multicopy        15.86%    passed     93.55%
2260  TALL-62-1-No|ref56|pass_mixed_possible_multicopy        19.43%    passed     47.85%
2261  TALL-62-1-Ro|ref56|pass_mixed_possible_multicopy        25.74%    passed     90.39%
2262  TALL-63-1-No|ref56|pass_mixed_possible_multicopy        23.42%    passed     45.72%
2263  TALL-63-1-Rh|ref56|pass_mixed_possible_multicopy        20.59%    passed     67.23%
2264  TALL-63-1-Ro|ref56|pass_single_dominant                 19.22%    passed     70.96%
2265  TALL-64-1-No|ref56|pass_mixed_possible_multicopy        27.42%    passed     68.67%
2266  TALL-64-1-Rh|ref56|pass_single_dominant                 24.89%    passed     50.00%
2267  TALL-64-1-Ro|ref56|pass_mixed_possible_multicopy        27.10%    passed     89.48%
2268  TALL-65-1-No|ref56|pass_mixed_possible_multicopy        16.81%    passed     27.23%
2269  TALL-66-2-No|ref56|pass_single_dominant                 17.02%    passed     18.58%
2270  TALL-66-2-Rh|ref56|pass_single_dominant                 14.81%    passed     77.39%
2271  TALL-67-1-No|ref56|pass_mixed_possible_multicopy        20.48%    passed     52.69%
2272  TALL-67-1-Rh|ref56|pass_mixed_possible_multicopy        17.54%    passed     80.95%
2273  TALL-68-2-No|ref56|pass_mixed_possible_multicopy        15.86%    passed     92.15%
2274  TALL-68-2-Rh|ref56|pass_mixed_possible_multicopy        17.12%    passed     65.54%
2275  TALL-68-2-Ro|ref56|pass_mixed_possible_multicopy        14.60%    passed     53.11%
2276  TALL-69-1-No|ref56|pass_mixed_possible_multicopy        16.91%    passed     71.14%
2277  TALL-69-1-Rh|ref56|pass_mixed_possible_multicopy        16.39%    passed     75.89%
2278  TALL-69-1-Ro|ref56|pass_mixed_possible_multicopy        13.97%    passed     87.08%
2279  TALL-7-2-No|ref56|pass_mixed_possible_multicopy         17.23%    passed     81.06%
2280  TALL-7-2-Rh|ref56|pass_mixed_possible_multicopy         17.12%    passed     74.86%
2281  TALL-7-2-Ro|ref56|pass_single_dominant                  18.59%    passed     66.62%
2282  TALL-70-1-No|ref56|pass_mixed_possible_multicopy        21.64%    passed      9.72%
2283  TALL-70-1-Rh|ref56|pass_mixed_possible_multicopy        22.16%    passed     52.38%
2284  TALL-71-2-No|ref56|pass_mixed_possible_multicopy        20.48%    passed     47.95%
2285  TALL-71-2-Rh|ref56|pass_mixed_possible_multicopy        14.60%    passed     76.33%
2286  TALL-72-1-No|ref56|pass_mixed_possible_multicopy        20.06%    passed     76.89%
2287  TALL-72-1-Ro|ref56|pass_mixed_possible_multicopy        14.18%    passed     77.63%
2288  TALL-72-2-No|ref56|pass_mixed_possible_multicopy        16.07%    passed     59.43%
2289  TALL-72-2-Rh|ref56|pass_mixed_possible_multicopy        18.49%    passed     89.56%
2290  TALL-72-3-No|ref56|pass_mixed_possible_multicopy        15.65%    passed     82.99%
2291  TALL-72-3-Rh|ref56|pass_mixed_possible_multicopy        16.60%    passed     85.76%
2292  TALL-73-1-Rh|ref56|pass_mixed_possible_multicopy        24.58%    passed     77.09%
2293  TALL-73-2-Rh|ref56|pass_mixed_possible_multicopy        16.49%    passed     82.41%
2294  TALL-73-3-No|ref56|pass_mixed_possible_multicopy        26.47%    passed     86.48%
2295  TALL-74-3-No|ref56|pass_mixed_possible_multicopy        15.65%    passed     20.80%
2296  TALL-74-3-Rh|ref56|pass_mixed_possible_multicopy        13.87%    passed     80.57%
2297  TALL-74-3-Ro|ref56|pass_mixed_possible_multicopy        15.86%    passed     67.70%
2298  TALL-75-2-No|ref56|pass_mixed_possible_multicopy        19.96%    passed     55.63%
2299  TALL-76-3-No|ref56|pass_single_dominant                 11.97%    passed      7.32%
2300  TALL-76-3-Rh|ref56|pass_single_dominant                 18.70%    passed     75.43%
2301  TALL-76-3-Ro|ref56|pass_mixed_possible_multicopy        17.54%    passed     87.04%
2302  TALL-78-2-No|ref56|pass_single_dominant                 12.08%    failed      3.94%
2303  TALL-79-1-No|ref56|pass_mixed_possible_multicopy        18.91%    passed     11.22%
2304  TALL-79-1-Rh|ref56|pass_mixed_possible_multicopy        19.85%    passed     70.38%
2305  TALL-79-1-Ro|ref56|pass_mixed_possible_multicopy        22.06%    passed     94.71%
2306  TALL-8-1-No|ref56|pass_mixed_possible_multicopy         21.01%    passed     96.73%
2307  TALL-8-1-Rh|ref56|pass_mixed_possible_multicopy         21.74%    passed     95.40%
2308  TALL-8-2-No|ref56|pass_mixed_possible_multicopy         17.75%    passed     83.28%
2309  TALL-8-2-Rh|ref56|pass_single_dominant                  16.91%    passed     52.16%
2310  TALL-8-2-Ro|ref56|pass_mixed_possible_multicopy         18.80%    passed     88.32%
2311  TALL-8-3-No|ref56|pass_mixed_possible_multicopy         21.43%    passed     56.65%
2312  TALL-80-1-No|ref56|pass_mixed_possible_multicopy        23.11%    passed     71.68%
2313  TALL-80-1-Rh|ref56|pass_single_dominant                 25.74%    passed     96.90%
2314  TALL-80-1-Ro|ref56|pass_mixed_possible_multicopy        25.42%    passed     82.61%
2315  TALL-81-1-Rh|ref56|pass_mixed_possible_multicopy        17.12%    passed     83.70%
2316  TALL-81-1-Ro|ref56|pass_single_dominant                 24.16%    passed     59.43%
2317  TALL-82-2-Rh|ref56|pass_mixed_possible_multicopy        20.27%    passed     86.06%
2318  TALL-83-2-No|ref56|pass_mixed_possible_multicopy        19.64%    passed     70.31%
2319  TALL-83-2-Rh|ref56|pass_mixed_possible_multicopy        15.65%    passed     72.32%
2320  TALL-83-3-No|ref56|pass_mixed_possible_multicopy        15.13%    passed     77.97%
2321  TALL-83-3-Rh|ref56|pass_mixed_possible_multicopy        19.01%    passed     70.61%
2322  TALL-84-1-Rh|ref56|pass_mixed_possible_multicopy        16.07%    passed     84.43%
2323  TALL-84-2-Rh|ref56|pass_mixed_possible_multicopy        17.54%    passed     89.64%
2324  TALL-84-3-Rh|ref56|pass_mixed_possible_multicopy        17.96%    passed     64.28%
2325  TALL-85-1-Rh|ref56|pass_mixed_possible_multicopy        14.71%    passed     84.62%
2326  TALL-85-1-Ro|ref56|pass_mixed_possible_multicopy        15.13%    passed     66.99%
2327  TALL-86-1-No|ref56|pass_mixed_possible_multicopy        14.08%    passed     19.36%
2328  TALL-86-1-Rh|ref56|pass_mixed_possible_multicopy        16.49%    passed     91.08%
2329  TALL-86-1-Ro|ref56|pass_mixed_possible_multicopy        15.97%    passed     78.49%
2330  TALL-87-3-No|ref56|pass_mixed_possible_multicopy        18.70%    passed     74.33%
2331  TALL-87-3-Rh|ref56|pass_mixed_possible_multicopy        15.13%    passed     87.07%
2332  TALL-87-3-Ro|ref56|pass_mixed_possible_multicopy        17.75%    passed     69.44%
2333  TALL-88-1-No|ref56|pass_mixed_possible_multicopy        19.75%    passed     58.63%
2334  TALL-88-1-Rh|ref56|pass_mixed_possible_multicopy        17.75%    passed     73.21%
2335  TALL-88-1-Ro|ref56|pass_mixed_possible_multicopy        18.59%    passed     82.13%
2336  TALL-89-1-No|ref56|pass_single_dominant                 13.55%    passed     10.84%
2337  TALL-89-1-Rh|ref56|pass_mixed_possible_multicopy        18.38%    passed     72.34%
2338  TALL-89-1-Ro|ref56|pass_single_dominant                 17.02%    passed     69.07%
2339  TALL-9-1-Rh|ref56|pass_mixed_possible_multicopy         23.21%    passed     78.77%
2340  TALL-9-2-No|ref56|pass_single_dominant                  17.23%    passed     68.77%
2341  TALL-9-2-Rh|ref56|pass_mixed_possible_multicopy         25.21%    passed     53.50%
2342  TALL-92-2-Rh|ref56|pass_mixed_possible_multicopy        14.60%    passed     91.83%
2343  TALL-92-3-No|ref56|pass_mixed_possible_multicopy        16.81%    passed     86.38%
2344  TALL-92-3-Rh|ref56|pass_mixed_possible_multicopy        23.95%    passed     97.75%
2345  TALL-92-3-Ro|ref56|pass_mixed_possible_multicopy        24.16%    passed     91.77%
2346  TALL-93-1-No|ref56|pass_mixed_possible_multicopy        28.15%    passed     86.33%
2347  TEAK-2-1-No|ref56|pass_mixed_possible_multicopy         15.65%    passed     69.98%
2348  TEAK-2-1-Ro|ref56|pass_mixed_possible_multicopy         23.21%    passed     75.30%
2349  TEAK-3-1-No|ref56|pass_single_dominant                  13.97%    passed     47.60%
2350  TEAK-3-1-Rh|ref56|pass_mixed_possible_multicopy         21.43%    passed     94.39%
2351  TEAK-3-1-Ro|ref56|pass_mixed_possible_multicopy         20.80%    passed     90.26%
2352  TOOL-1-No|ref56|pass_mixed_possible_multicopy           14.08%    passed     89.55%
2353  TOOL-1-Rh|ref56|pass_single_dominant                    18.70%    passed     58.81%
2354  TOOL-18-No|ref56|pass_single_dominant                   24.79%    passed     87.17%
2355  TOOL-18-Rh|ref56|pass_mixed_possible_multicopy          22.37%    passed     73.85%
2356  TOOL-19-No|ref56|pass_mixed_possible_multicopy          27.10%    passed     73.20%
2357  TOOL-19-Rh|ref56|pass_single_dominant                   20.27%    passed     67.01%
2358  TOOL-2-No|ref56|pass_mixed_possible_multicopy           20.80%    passed     87.37%
2359  TOOL-2-Rh|ref56|pass_mixed_possible_multicopy           14.71%    passed     59.06%
2360  TOOL-20-Rh|ref56|pass_mixed_possible_multicopy          24.26%    passed     78.44%
2361  TOOL-22-No|ref56|pass_mixed_possible_multicopy          21.32%    passed     56.28%
2362  TOOL-22-Rh|ref56|pass_single_dominant                   23.95%    passed     74.78%
2363  TOOL-24-Rh|ref56|pass_mixed_possible_multicopy          27.84%    passed     51.56%
2364  TOOL-25-Ro|ref56|pass_mixed_possible_multicopy          27.84%    passed     82.56%
2365  TOOL-26-Ro|ref56|pass_single_dominant                   19.22%    passed     89.07%
2366  TOOL-27-2-Rh|ref56|pass_single_dominant                 17.23%    passed     75.38%
2367  TOOL-28-No|ref56|pass_mixed_possible_multicopy          21.43%    passed     77.81%
2368  TOOL-28-Rh|ref56|pass_single_dominant                   22.06%    passed     55.88%
2369  TOOL-29-Ro|ref56|pass_single_dominant                   25.11%    passed     79.24%
2370  TOOL-3-No|ref56|pass_single_dominant                    22.48%    passed     73.06%
2371  TOOL-3-Rh|ref56|pass_mixed_possible_multicopy           18.38%    passed     47.10%
2372  TOOL-30-Rh|ref56|pass_mixed_possible_multicopy          17.96%    passed     95.32%
2373  TOOL-32-Rh|ref56|pass_mixed_possible_multicopy          24.05%    passed     86.44%
2374  TOOL-34-No|ref56|pass_single_dominant                   16.70%    passed     71.46%
2375  TOOL-34-Rh|ref56|pass_mixed_possible_multicopy          25.63%    passed     69.39%
2376  TOOL-35-1-Rh|ref56|pass_mixed_possible_multicopy        22.90%    passed     73.07%
2377  TOOL-4-No|ref56|pass_mixed_possible_multicopy           18.17%    passed     73.20%
2378  TOOL-5-No|ref56|pass_mixed_possible_multicopy           19.75%    passed     91.55%
2379  TOOL-5-Rh|ref56|pass_single_dominant                    23.63%    passed     73.10%
2380  TOOL-6-No|ref56|pass_mixed_possible_multicopy           18.59%    passed     88.73%
2381  TOOL-6-Ro|ref56|pass_single_dominant                    15.02%    passed     69.14%
2382  TOOL-7-No|ref56|pass_mixed_possible_multicopy           18.07%    passed     64.45%
2383  TOOL-7-Rh|ref56|pass_mixed_possible_multicopy           20.48%    passed     70.21%
2384  TOOL-7-Ro|ref56|pass_mixed_possible_multicopy           20.80%    passed     82.46%
2385  TOOL-8-No|ref56|pass_single_dominant                    25.11%    passed     62.41%
2386  TOOL-8-Rh|ref56|pass_mixed_possible_multicopy           16.81%    passed     84.29%
2387  TOOL-9-Ro|ref56|pass_single_dominant                    18.70%    passed     57.70%
2388  UKFS-1-1-No|ref56|pass_mixed_possible_multicopy         13.03%    passed     82.46%
2389  UKFS-1-1-Rh|ref56|pass_mixed_possible_multicopy          8.72%    passed     53.03%
2390  UKFS-1-1-Ro|ref56|pass_mixed_possible_multicopy         18.38%    passed     69.76%
2391  UKFS-3-2-No|ref56|pass_mixed_possible_multicopy         14.18%    passed     82.83%
2392  UKFS-3-2-Rh|ref56|pass_mixed_possible_multicopy         14.18%    passed     84.05%
2393  UKFS-3-2-Ro|ref56|pass_mixed_possible_multicopy         15.13%    passed     85.95%
2394  UKFS-4-1-No|ref56|pass_mixed_possible_multicopy         15.97%    passed     79.64%
2395  UKFS-4-1-Rh|ref56|pass_mixed_possible_multicopy         11.45%    passed     80.56%
2396  UKFS-4-1-Ro|ref56|pass_mixed_possible_multicopy         19.22%    passed     81.92%
2397  UKFS-5-1-No|ref56|pass_single_dominant                  11.76%    passed     69.08%
2398  UKFS-5-1-Ro|ref56|pass_mixed_possible_multicopy         15.23%    passed     83.38%
2399  UKFS-52-1-No|ref56|pass_mixed_possible_multicopy        15.13%    passed     59.98%
2400  UKFS-52-1-Rh|ref56|pass_single_dominant                 11.76%    passed     70.02%
2401  UKFS-52-1-Ro|ref56|pass_mixed_possible_multicopy        17.96%    passed     79.46%
2402  UKFS-6-1-No|ref56|pass_mixed_possible_multicopy         12.39%    passed     65.83%
2403  UKFS-6-1-Rh|ref56|pass_mixed_possible_multicopy         12.39%    passed     63.23%
2404  UKFS-6-1-Ro|ref56|pass_mixed_possible_multicopy         19.43%    passed     96.79%
2405  UKFS-6-3-Rh|ref56|pass_single_dominant                  22.69%    passed     82.53%
2406  UKFS-6-3-Ro|ref56|pass_mixed_possible_multicopy         21.53%    passed     92.14%
2407  UNDE-1-2-No|ref56|pass_single_dominant                  17.33%    passed     87.84%
2408  UNDE-1-2-Ro|ref56|pass_single_dominant                  13.97%    passed     85.55%
2409  UNDE-2-1-No|ref56|pass_mixed_possible_multicopy         16.49%    passed     87.75%
2410  UNDE-2-1-Ro|ref56|pass_mixed_possible_multicopy         18.38%    passed     77.87%
2411  UNDE-3-1-No|ref56|pass_mixed_possible_multicopy         10.92%    passed     17.22%
2412  UNDE-3-1-Rh|ref56|pass_mixed_possible_multicopy         22.48%    passed     97.21%
2413  UNDE-4-1-No|ref56|pass_mixed_possible_multicopy         14.71%    passed     61.54%
2414  UNDE-4-1-Rh|ref56|pass_mixed_possible_multicopy         15.97%    passed     80.17%
2415  UNDE-4-1-Ro|ref56|pass_mixed_possible_multicopy         12.71%    passed     47.12%
2416  UNDE-5-4-No|ref56|pass_mixed_possible_multicopy         14.18%    passed     51.64%
2417  UNDE-5-4-Rh|ref56|pass_single_dominant                  15.44%    passed     68.37%
2418  UNDE-5-4-Ro|ref56|pass_mixed_possible_multicopy         14.08%    passed     70.15%
2419  WOOD-1-1-No|ref56|pass_mixed_possible_multicopy         17.02%    passed     88.67%
2420  WOOD-1-1-Rh|ref56|pass_single_dominant                  13.87%    passed     86.88%
2421  WOOD-1-1-Ro|ref56|pass_single_dominant                  18.38%    passed     55.67%
2422  WOOD-10-1-No|ref56|pass_single_dominant                 20.69%    passed     61.03%
2423  WOOD-10-1-Rh|ref56|pass_mixed_possible_multicopy        24.05%    passed     59.21%
2424  WOOD-10-1-Ro|ref56|pass_mixed_possible_multicopy        15.97%    passed     72.22%
2425  WOOD-11-1-Ro|ref56|pass_mixed_possible_multicopy        17.44%    passed     61.56%
2426  WOOD-12-No|ref56|pass_mixed_possible_multicopy          18.28%    passed     62.10%
2427  WOOD-12-Rh|ref56|pass_single_dominant                   14.71%    passed     75.09%
2428  WOOD-12-Ro|ref56|pass_mixed_possible_multicopy          16.07%    passed     66.74%
2429  WOOD-3-2-Rh|ref56|pass_single_dominant                  14.39%    passed     53.28%
2430  WOOD-3-2-Ro|ref56|pass_mixed_possible_multicopy         16.07%    passed     80.92%
2431  WOOD-4-1-No|ref56|pass_mixed_possible_multicopy         20.59%    passed     59.84%
2432  WOOD-4-1-Rh|ref56|pass_mixed_possible_multicopy         16.49%    passed     67.56%
2433  WOOD-4-1-Ro|ref56|pass_mixed_possible_multicopy         22.37%    passed     54.76%
2434  WOOD-5-1-No|ref56|pass_mixed_possible_multicopy         17.23%    passed     76.79%
2435  WOOD-5-1-Rh|ref56|pass_mixed_possible_multicopy         16.70%    passed     72.04%
2436  WOOD-6-1-Rh|ref56|pass_mixed_possible_multicopy         17.75%    passed     59.17%
2437  WOOD-6-1-Ro|ref56|pass_mixed_possible_multicopy         16.60%    passed     72.96%
2438  WOOD-7-1-No|ref56|pass_mixed_possible_multicopy         17.23%    passed     79.41%
2439  WOOD-7-1-Rh|ref56|pass_mixed_possible_multicopy         20.59%    passed     53.29%
2440  WOOD-7-1-Ro|ref56|pass_mixed_possible_multicopy         24.79%    passed     89.45%
2441  WOOD-8-Rh|ref56|pass_mixed_possible_multicopy           17.12%    passed     74.07%
2442  WOOD-9-Rh|ref56|pass_mixed_possible_multicopy           21.11%    passed     61.32%
2443  YELL-1-2-No|ref56|pass_mixed_possible_multicopy         16.39%    passed     79.94%
2444  YELL-1-2-Rh|ref56|pass_mixed_possible_multicopy         20.80%    passed     63.63%
2445  YELL-1-2-Ro|ref56|pass_single_dominant                  17.75%    passed     84.16%
2446  YELL-10-1-Rh|ref56|pass_mixed_possible_multicopy        24.68%    passed     44.44%
2447  YELL-2-2-No|ref56|pass_mixed_possible_multicopy         14.50%    passed     25.41%
2448  YELL-2-2-Rh|ref56|pass_mixed_possible_multicopy         17.54%    passed     83.88%
2449  YELL-2-2-Ro|ref56|pass_mixed_possible_multicopy         22.90%    passed     73.63%
2450  YELL-3-5-Ro|ref56|pass_mixed_possible_multicopy         24.05%    passed     58.10%
2451  YELL-4-4-Rh|ref56|pass_mixed_possible_multicopy         10.61%    passed     92.93%
2452  YELL-5-3-Rh|ref56|pass_mixed_possible_multicopy         12.61%    passed     67.42%
2453  YELL-6-1-Rh|ref56|pass_mixed_possible_multicopy         16.91%    passed     58.61%
2454  BLAN-4-2-No|ref60|pass_single_dominant                   8.72%    passed     85.23%
2455  BLAN-4-2-Rh|ref60|pass_single_dominant                   9.03%    passed     81.18%
2456  BLAN-4-2-Ro|ref60|pass_single_dominant                   8.40%    passed     86.01%
2457  BONA-10-2-Rh|ref60|pass_single_dominant                  9.14%    passed     91.67%
2458  BONA-11-2-No|ref60|pass_single_dominant                  9.98%    passed     86.64%
2459  BONA-11-2-Rh|ref60|pass_single_dominant                  8.40%    passed     84.90%
2460  BONA-11-2-Ro|ref60|pass_single_dominant                  8.61%    passed     85.32%
2461  BONA-12-2-No|ref60|pass_mixed_possible_multicopy        10.19%    passed     79.70%
2462  BONA-12-2-Rh|ref60|pass_single_dominant                  8.30%    passed     86.61%
2463  BONA-13-2-Rh|ref60|pass_single_dominant                  8.93%    passed     85.37%
2464  BONA-14-Ro|ref60|pass_single_dominant                    8.93%    passed     85.75%
2465  BONA-9-Ro|ref60|pass_single_dominant                     8.40%    passed     82.59%
2466  CLBJ-12-2-No|ref60|pass_single_dominant                  8.61%    passed     81.13%
2467  CLBJ-33-1-No|ref60|pass_single_dominant                  8.93%    passed     85.01%
2468  CLBJ-5-2-No|ref60|pass_single_dominant                   8.40%    passed     79.88%
2469  CLBJ-50-3-Ro|ref60|pass_single_dominant                  8.61%    passed     85.32%
2470  DCFS-2-2-No|ref60|pass_single_dominant                   9.24%    passed     83.85%
2471  DCFS-2-2-Ro|ref60|pass_single_dominant                   9.03%    passed     84.02%
2472  DEJU-16-2-No|ref60|pass_single_dominant                  8.61%    passed     83.78%
2473  DEJU-17-2-No|ref60|pass_single_dominant                  9.45%    passed     80.68%
2474  DEJU-28-1-No|ref60|pass_single_dominant                  8.82%    passed     85.55%
2475  DEJU-28-1-Ro|ref60|pass_single_dominant                 20.17%    passed     95.65%
2476  DEJU-29-2-No|ref60|pass_single_dominant                  9.66%    passed     86.08%
2477  DEJU-35-No|ref60|pass_single_dominant                    9.98%    passed     84.62%
2478  DEJU-44-Ro|ref60|pass_single_dominant                    9.03%    passed     87.47%
2479  DEJU-5-2-Ro|ref60|pass_single_dominant                   8.93%    passed     87.22%
2480  DEJU-55-No|ref60|pass_single_dominant                    9.87%    passed     89.75%
2481  DEJU-57-No|ref60|pass_single_dominant                    8.93%    passed     85.06%
2482  DEJU-8-1-No|ref60|pass_single_dominant                   9.14%    passed     87.61%
2483  DELA-1-3-Rh|ref60|pass_single_dominant                   9.87%    passed     86.17%
2484  DELA-14-2-No|ref60|pass_single_dominant                  9.56%    passed     82.21%
2485  DELA-16-No|ref60|pass_single_dominant                    9.03%    passed     77.40%
2486  DSNY-15-1-Ro|ref60|pass_single_dominant                  8.93%    passed     83.76%
2487  DSNY-36-1-Rh|ref60|pass_single_dominant                 26.58%    passed     72.81%
2488  DSNY-36-1-Ro|ref60|pass_single_dominant                  8.72%    passed     82.88%
2489  DSNY-5-1-Rh|ref60|pass_single_dominant                   8.82%    passed     83.38%
2490  DSNY-58-Rh|ref60|pass_single_dominant                    8.72%    passed     87.04%
2491  DSNY-63-Rh|ref60|pass_single_dominant                    8.72%    passed     87.04%
2492  DSNY-64-2-Rh|ref60|pass_single_dominant                  8.82%    passed     83.90%
2493  DSNY-68-1-Ro|ref60|pass_mixed_possible_multicopy        21.22%    passed      8.80%
2494  DSNY-70-1-Rh|ref60|pass_single_dominant                  8.82%    passed     81.85%
2495  DSNY-71-1-Rh|ref60|pass_single_dominant                  8.72%    passed     87.04%
2496  DSNY-82-3-Ro|ref60|pass_mixed_possible_multicopy         9.87%    passed     84.39%
2497  DSNY-CLFR-60-Rh|ref60|pass_single_dominant               8.61%    passed     85.32%
2498  HARV-1-2-No|ref60|pass_single_dominant                  10.61%    passed     89.06%
2499  HARV-1-2-Rh|ref60|pass_single_dominant                   9.45%    passed     87.45%
2500  HARV-1-3-Rh|ref60|pass_single_dominant                   8.72%    passed     85.23%
2501  HARV-2-2-No|ref60|pass_single_dominant                   8.82%    passed     85.55%
2502  HARV-2-2-Ro|ref60|pass_single_dominant                   8.72%    passed     87.04%
2503  HARV-4-1-Ro|ref60|pass_single_dominant                   8.72%    passed     87.04%
2504  HEAL-10-1-No|ref60|pass_mixed_possible_multicopy        11.76%    passed     86.00%
2505  HEAL-10-1-Rh|ref60|pass_mixed_possible_multicopy        10.82%    passed     98.32%
2506  HEAL-10-1-Ro|ref60|pass_mixed_possible_multicopy        16.60%    passed     98.22%
2507  HEAL-13-2-Rh|ref60|pass_single_dominant                 25.00%    passed     83.63%
2508  HEAL-15-2-Ro|ref60|pass_single_dominant                 10.50%    passed     94.03%
2509  HEAL-4-2-No|ref60|pass_single_dominant                   9.77%    passed     88.10%
2510  HEAL-4-3-No|ref60|pass_mixed_possible_multicopy         10.29%    passed     85.93%
2511  HEAL-5-1-No|ref60|pass_mixed_possible_multicopy         11.03%    passed     89.64%
2512  HEAL-9-2-No|ref60|pass_mixed_possible_multicopy         13.03%    passed     84.16%
2513  HEAL-9-2-Ro|ref60|pass_single_dominant                   9.66%    passed     76.11%
2514  JERC-1-2-No|ref60|pass_single_dominant                   8.72%    passed     82.88%
2515  JERC-10-3-No|ref60|pass_single_dominant                  8.51%    passed     87.04%
2516  JERC-10-3-Rh|ref60|pass_single_dominant                  8.61%    passed     81.13%
2517  JERC-100-1-No|ref60|pass_single_dominant                 8.82%    passed     87.32%
2518  JERC-100-1-Rh|ref60|pass_single_dominant                 9.03%    passed     84.02%
2519  JERC-100-1-Ro|ref60|pass_single_dominant                 8.93%    passed     85.75%
2520  JERC-102-1-No|ref60|pass_single_dominant                 8.61%    passed     81.83%
2521  JERC-102-1-Rh|ref60|pass_single_dominant                 9.14%    passed     85.76%
2522  JERC-102-1-Ro|ref60|pass_single_dominant                 9.35%    passed     80.03%
2523  JERC-11-1-No|ref60|pass_single_dominant                  8.30%    passed     81.74%
2524  JERC-11-1-Rh|ref60|pass_single_dominant                  8.72%    passed     82.88%
2525  JERC-11-1-Ro|ref60|pass_single_dominant                  8.61%    passed     81.13%
2526  JERC-12-1-No|ref60|pass_single_dominant                  8.30%    passed     78.12%
2527  JERC-12-1-Rh|ref60|pass_single_dominant                  8.40%    passed     79.88%
2528  JERC-12-1-Ro|ref60|pass_single_dominant                  8.93%    passed     83.76%
2529  JERC-123-Rh|ref60|pass_single_dominant                   8.61%    passed     85.32%
2530  JERC-13-3-No|ref60|pass_single_dominant                  8.93%    passed     83.76%
2531  JERC-13-3-Rh|ref60|pass_single_dominant                  8.93%    passed     83.76%
2532  JERC-138-Ro|ref60|pass_single_dominant                   8.93%    passed     87.22%
2533  JERC-144-No|ref60|pass_single_dominant                   9.45%    passed     92.04%
2534  JERC-147-Ro|ref60|pass_single_dominant                   9.45%    passed     82.51%
2535  JERC-153-No|ref60|pass_single_dominant                   9.35%    passed     80.78%
2536  JERC-161-No|ref60|pass_single_dominant                   8.72%    passed     87.04%
2537  JERC-162-No|ref60|pass_single_dominant                   9.14%    passed     83.76%
2538  JERC-172-2-No|ref60|pass_single_dominant                 8.72%    passed     87.04%
2539  JERC-173-1-No|ref60|pass_single_dominant                 8.93%    passed     87.22%
2540  JERC-177-Ro|ref60|pass_single_dominant                   8.72%    passed     87.04%
2541  JERC-178-2-Ro|ref60|pass_single_dominant                 8.61%    passed     88.69%
2542  JERC-20-1-Rh|ref60|pass_single_dominant                  8.51%    passed     70.43%
2543  JERC-203-1-No|ref60|pass_single_dominant                 9.03%    passed     83.97%
2544  JERC-23-1-Rh|ref60|pass_single_dominant                  8.72%    passed     82.88%
2545  JERC-36-1-No|ref60|pass_single_dominant                  8.93%    passed     85.75%
2546  JERC-36-1-Ro|ref60|pass_single_dominant                  8.61%    passed     83.49%
2547  JERC-46-1-Ro|ref60|pass_single_dominant                  8.72%    passed     85.23%
2548  JERC-53-1-No|ref60|pass_single_dominant                  8.30%    passed     84.32%
2549  JERC-53-1-Rh|ref60|pass_single_dominant                  8.61%    passed     86.90%
2550  JERC-53-1-Ro|ref60|pass_single_dominant                  8.40%    passed     82.59%
2551  JERC-53-2-No|ref60|pass_single_dominant                  8.30%    passed     86.15%
2552  JERC-53-2-Rh|ref60|pass_single_dominant                  9.35%    passed     87.66%
2553  JERC-53-2-Ro|ref60|pass_single_dominant                  8.40%    passed     81.28%
2554  JERC-53-3-No|ref60|pass_single_dominant                  8.61%    passed     83.49%
2555  JERC-53-3-Rh|ref60|pass_single_dominant                  8.82%    passed     89.83%
2556  JERC-53-3-Ro|ref60|pass_single_dominant                  8.30%    passed     84.32%
2557  JERC-53-5-No|ref60|pass_single_dominant                  8.61%    passed     83.49%
2558  JERC-6-3-No|ref60|pass_single_dominant                   8.72%    passed     82.88%
2559  JERC-6-3-Rh|ref60|pass_single_dominant                   8.93%    passed     83.76%
2560  JERC-7-2-No|ref60|pass_single_dominant                   9.03%    passed     94.40%
2561  JERC-7-2-Rh|ref60|pass_single_dominant                   8.93%    passed     83.76%
2562  JERC-7-2-Ro|ref60|pass_single_dominant                   8.72%    passed     82.88%
2563  JERC-8-1-No|ref60|pass_single_dominant                   8.51%    passed     83.46%
2564  JERC-8-1-Rh|ref60|pass_single_dominant                   8.82%    passed     85.55%
2565  JERC-8-1-Ro|ref60|pass_single_dominant                   8.61%    passed     81.83%
2566  JERC-8-2-No|ref60|pass_single_dominant                   8.30%    passed     84.44%
2567  JERC-8-2-Rh|ref60|pass_single_dominant                   8.61%    passed     81.13%
2568  JERC-8-4-No|ref60|pass_single_dominant                   8.30%    passed     86.61%
2569  JERC-8-4-Rh|ref60|pass_single_dominant                   8.82%    passed     85.55%
2570  JERC-8-4-Ro|ref60|pass_single_dominant                   8.61%    passed     81.83%
2571  JERC-8-5-No|ref60|pass_single_dominant                   8.72%    passed     83.76%
2572  JERC-8-5-Rh|ref60|pass_single_dominant                   8.93%    passed     83.93%
2573  JERC-8-5-Ro|ref60|pass_single_dominant                   8.40%    passed     81.28%
2574  JERC-87-1-No|ref60|pass_single_dominant                  9.35%    passed     82.24%
2575  JERC-87-1-Rh|ref60|pass_single_dominant                  8.72%    passed     85.23%
2576  JERC-88-1-No|ref60|pass_single_dominant                  9.03%    passed     84.02%
2577  JERC-88-1-Ro|ref60|pass_single_dominant                  8.61%    passed     83.49%
2578  JERC-89-1-No|ref60|pass_single_dominant                  8.40%    passed     78.75%
2579  JERC-89-1-Rh|ref60|pass_single_dominant                  8.82%    passed     83.38%
2580  JERC-89-1-Ro|ref60|pass_single_dominant                  8.40%    passed     78.75%
2581  JERC-90-1-No|ref60|pass_single_dominant                  8.30%    passed     84.44%
2582  JERC-90-1-Rh|ref60|pass_single_dominant                  8.51%    passed     88.35%
2583  JERC-90-1-Ro|ref60|pass_single_dominant                  8.40%    passed     81.28%
2584  JERC-91-1-No|ref60|pass_single_dominant                  8.82%    passed     90.33%
2585  JERC-91-1-Ro|ref60|pass_single_dominant                  9.14%    passed     89.04%
2586  JERC-99-1-Rh|ref60|pass_single_dominant                  8.72%    passed     87.04%
2587  JERC-99-2-Rh|ref60|pass_single_dominant                 12.61%    passed     86.45%
2588  JERC-CEAM-53-4-No|ref60|pass_single_dominant             8.30%    passed     80.83%
2589  JERC-CEAM-53-4-Ro|ref60|pass_single_dominant             8.72%    passed     85.23%
2590  JERC-CEMI-8-1-No|ref60|pass_single_dominant              8.30%    passed     83.02%
2591  JERC-CEMI-8-1-Rh|ref60|pass_single_dominant              8.72%    passed     85.02%
2592  JERC-CEMI-8-1-Ro|ref60|pass_single_dominant              8.30%    passed     86.61%
2593  JERC-CHNI-60-3-No|ref60|pass_single_dominant             9.35%    passed     82.21%
2594  JERC-DEFL-31-5-No|ref60|pass_single_dominant             8.72%    passed     85.23%
2595  JERC-DEFL-61-3-No|ref60|pass_single_dominant             8.72%    passed     85.23%
2596  JERC-DEST-32-1-No|ref60|pass_single_dominant             8.72%    passed     82.88%
2597  JERC-DEST-68-4-No|ref60|pass_single_dominant             8.93%    passed     85.75%
2598  JERC-GAVO-33-1-No|ref60|pass_single_dominant            11.34%    passed     82.78%
2599  JERC-RHRE-55-1-Rh|ref60|pass_single_dominant             8.82%    passed     80.68%
2600  JORN-1-Ro|ref60|pass_single_dominant                     8.93%    passed     83.76%
2601  KONA-1-1-No|ref60|pass_single_dominant                   9.03%    passed     87.26%
2602  KONA-3-1-Ro|ref60|pass_single_dominant                   8.61%    passed     85.32%
2603  KONZ-13-1-No|ref60|pass_single_dominant                  8.72%    passed     87.04%
2604  KONZ-13-1-Rh|ref60|pass_single_dominant                  8.61%    passed     85.32%
2605  KONZ-13-1-Ro|ref60|pass_single_dominant                  8.72%    passed     87.04%
2606  KONZ-14-1-No|ref60|pass_single_dominant                  9.03%    passed     83.83%
2607  KONZ-14-1-Rh|ref60|pass_single_dominant                  8.61%    passed     85.32%
2608  KONZ-14-1-Ro|ref60|pass_single_dominant                  8.93%    passed     88.83%
2609  KONZ-15-1-No|ref60|pass_single_dominant                  8.40%    passed     84.77%
2610  KONZ-15-1-Rh|ref60|pass_single_dominant                  8.51%    passed     85.11%
2611  KONZ-15-1-Ro|ref60|pass_single_dominant                  8.72%    passed     87.04%
2612  KONZ-16-1-No|ref60|pass_single_dominant                  8.30%    passed     89.68%
2613  KONZ-16-1-Rh|ref60|pass_single_dominant                  8.72%    passed     87.04%
2614  KONZ-16-1-Ro|ref60|pass_single_dominant                  8.72%    passed     87.04%
2615  KONZ-16-2-No|ref60|pass_single_dominant                  8.61%    passed     85.32%
2616  KONZ-16-2-Rh|ref60|pass_single_dominant                 17.33%    passed     87.26%
2617  KONZ-6-1-Ro|ref60|pass_single_dominant                   8.72%    passed     82.88%
2618  KONZ-7-1-No|ref60|pass_single_dominant                   9.87%    passed     76.53%
2619  LAJA-2-3-Rh|ref60|pass_mixed_possible_multicopy         25.84%    passed     21.17%
2620  LAJA-3-1-No|ref60|pass_single_dominant                  10.61%    passed     87.17%
2621  LAJA-3-3-No|ref60|pass_single_dominant                  18.70%    passed     87.42%
2622  LENO-15-2-No|ref60|pass_single_dominant                  9.98%    passed     81.14%
2623  LENO-6-1-No|ref60|pass_single_dominant                   8.72%    passed     85.23%
2624  MLBS-1-2-Rh|ref60|pass_single_dominant                  10.19%    passed     85.86%
2625  MLBS-1-2-Ro|ref60|pass_single_dominant                   8.82%    passed     83.38%
2626  MLBS-1-3-No|ref60|pass_mixed_possible_multicopy         11.97%    passed     84.05%
2627  N36-4-D-No|ref60|pass_single_dominant                    9.77%    passed     80.69%
2628  NOGP-6-3-Rh|ref60|pass_single_dominant                  10.08%    passed     40.76%
2629  OAES-10-1-Rh|ref60|pass_single_dominant                  8.72%    passed     82.88%
2630  OAES-10-1-Ro|ref60|pass_single_dominant                  8.82%    passed     79.37%
2631  OAES-11-1-Rh|ref60|pass_single_dominant                  8.72%    passed     82.88%
2632  OAES-12-2-No|ref60|pass_single_dominant                  8.82%    passed     83.90%
2633  OAES-12-2-Rh|ref60|pass_single_dominant                  8.72%    passed     82.88%
2634  OAES-13-2-No|ref60|pass_single_dominant                  8.72%    passed     79.71%
2635  OAES-17-No|ref60|pass_single_dominant                    8.72%    passed     82.88%
2636  OAES-2-1-No|ref60|pass_single_dominant                   8.82%    passed     83.38%
2637  OAES-22-1-Rh|ref60|pass_single_dominant                  8.30%    passed     75.67%
2638  OAES-23-1-Ro|ref60|pass_single_dominant                  8.40%    passed     79.88%
2639  OAES-30-1-No|ref60|pass_single_dominant                  8.72%    passed     83.76%
2640  OAES-30-1-Rh|ref60|pass_single_dominant                  8.72%    passed     83.76%
2641  OAES-33-1-No|ref60|pass_single_dominant                  8.82%    passed     80.68%
2642  OAES-34-1-No|ref60|pass_single_dominant                  9.03%    passed     81.68%
2643  OAES-35-1-Ro|ref60|pass_single_dominant                  8.72%    passed     85.23%
2644  OAES-9-1-No|ref60|pass_single_dominant                   8.82%    passed     80.68%
2645  OAES-9-1-Rh|ref60|pass_single_dominant                   8.61%    passed     88.00%
2646  ORNL-1-2-No|ref60|pass_mixed_possible_multicopy         10.50%    passed     81.28%
2647  ORNL-1-2-Rh|ref60|pass_single_dominant                   8.72%    passed     83.76%
2648  ORNL-1-3-No|ref60|pass_mixed_possible_multicopy         10.61%    passed     75.37%
2649  ORNL-18-1-No|ref60|pass_single_dominant                  8.93%    passed     87.22%
2650  ORNL-20-1-No|ref60|pass_single_dominant                  8.72%    passed     87.04%
2651  ORNL-3-2-No|ref60|pass_single_dominant                   9.24%    passed     81.71%
2652  ORNL-3-2-Rh|ref60|pass_single_dominant                   8.72%    passed     83.76%
2653  ORNL-3-2-Ro|ref60|pass_single_dominant                   9.66%    passed     89.30%
2654  ORNL-4-1-Rh|ref60|pass_single_dominant                   9.77%    passed     86.33%
2655  ORNL-5-2-No|ref60|pass_mixed_possible_multicopy          9.45%    passed     80.36%
2656  ORNL-5-2-Rh|ref60|pass_single_dominant                   9.24%    passed     81.91%
2657  ORNL-5-2-Ro|ref60|pass_mixed_possible_multicopy          9.98%    passed     87.35%
2658  ORNL-5-3-No|ref60|pass_single_dominant                   9.56%    passed     65.02%
2659  ORNL-5-3-Rh|ref60|pass_single_dominant                   8.72%    passed     83.76%
2660  OSBS-102-1-No|ref60|pass_single_dominant                 9.14%    passed     90.11%
2661  OSBS-106-1-Rh|ref60|pass_single_dominant                 8.72%    passed     87.04%
2662  OSBS-110-1-Rh|ref60|pass_single_dominant                 8.72%    passed     87.04%
2663  OSBS-34-1-Ro|ref60|pass_single_dominant                  8.72%    passed     87.04%
2664  OSBS-36-4-Ro|ref60|pass_single_dominant                  8.72%    passed     87.04%
2665  OSBS-4-3-No|ref60|pass_single_dominant                   8.82%    passed     87.19%
2666  OSBS-52-1-No|ref60|pass_single_dominant                  8.72%    passed     83.76%
2667  OSBS-52-1-Rh|ref60|pass_single_dominant                  9.14%    passed     89.04%
2668  OSBS-52-3-Rh|ref60|pass_single_dominant                  9.35%    passed     88.97%
2669  OSBS-52-3-Ro|ref60|pass_single_dominant                  9.87%    passed     89.75%
2670  OSBS-52-5-Rh|ref60|pass_single_dominant                  8.40%    passed     86.01%
2671  OSBS-52-5-Ro|ref60|pass_single_dominant                  8.72%    passed     85.23%
2672  OSBS-6-1-No|ref60|pass_single_dominant                   8.72%    passed     82.88%
2673  OSBS-7-4-No|ref60|pass_mixed_possible_multicopy         10.29%    passed     75.17%
2674  OSBS-MOCE-52-4-No|ref60|pass_single_dominant             8.72%    passed     85.23%
2675  OSBS-MOCE-52-4-Rh|ref60|pass_single_dominant             8.61%    passed     81.83%
2676  OSBS-MOCE-52-4-Ro|ref60|pass_single_dominant             8.51%    passed     90.10%
2677  RMNP-2-No|ref60|pass_single_dominant                     8.51%    passed     84.22%
2678  RMNP-5-1-No|ref60|pass_single_dominant                   8.30%    passed     87.25%
2679  SCBI-10-1-No|ref60|pass_single_dominant                 12.39%    passed     82.01%
2680  SCBI-5-1-No|ref60|pass_single_dominant                   9.03%    passed     89.44%
2681  SERC-1-2-Rh|ref60|pass_single_dominant                   8.61%    passed     83.49%
2682  SERC-1-2-Ro|ref60|pass_single_dominant                   9.77%    passed     90.65%
2683  SERC-1-3-Rh|ref60|pass_mixed_possible_multicopy         10.08%    passed     84.72%
2684  SERC-1-3-Ro|ref60|pass_mixed_possible_multicopy         11.03%    passed     81.48%
2685  SERC-2-2-No|ref60|pass_mixed_possible_multicopy         10.71%    passed     83.83%
2686  SERC-2-2-Rh|ref60|pass_single_dominant                   9.45%    passed     80.60%
2687  SERC-2-2-Ro|ref60|pass_single_dominant                   9.66%    passed     90.86%
2688  SRER-11-1-Ro|ref60|pass_single_dominant                  8.61%    passed     85.32%
2689  SRER-16-1-Ro|ref60|pass_single_dominant                  8.72%    passed     87.04%
2690  SRER-18-1-No|ref60|pass_single_dominant                  8.72%    passed     82.88%
2691  TALL-1-2-Rh|ref60|pass_single_dominant                   9.77%    passed     82.55%
2692  TALL-30-1-Ro|ref60|pass_single_dominant                  8.51%    passed     80.56%
2693  TALL-44-1-Ro|ref60|pass_single_dominant                  8.82%    passed     85.55%
2694  TALL-55-1-No|ref60|pass_single_dominant                  9.14%    passed     90.58%
2695  TALL-72-2-No|ref60|pass_single_dominant                  9.77%    passed     55.51%
2696  TALL-72-3-No|ref60|pass_mixed_possible_multicopy        14.50%    passed     68.58%
2697  TALL-72-3-Ro|ref60|pass_single_dominant                  8.72%    passed     85.23%
2698  TALL-73-1-No|ref60|pass_single_dominant                 19.01%    passed     80.40%
2699  TALL-73-3-Ro|ref60|pass_single_dominant                  8.93%    passed     85.75%
2700  TALL-8-1-No|ref60|pass_single_dominant                  10.82%    passed     89.85%
2701  TALL-8-1-Rh|ref60|pass_single_dominant                  14.18%    passed     74.50%
2702  TALL-8-1-Ro|ref60|pass_single_dominant                   8.72%    passed     87.98%
2703  TALL-8-3-No|ref60|pass_single_dominant                   9.14%    passed     82.13%
2704  TALL-8-3-Rh|ref60|pass_single_dominant                  13.24%    passed     90.26%
2705  TALL-82-2-No|ref60|pass_single_dominant                  8.61%    passed     85.44%
2706  TALL-82-2-Ro|ref60|pass_single_dominant                  8.82%    passed     85.55%
2707  TALL-83-1-No|ref60|pass_single_dominant                 18.17%    passed     82.58%
2708  TALL-84-2-Ro|ref60|pass_single_dominant                  8.72%    passed     83.76%
2709  TALL-84-3-No|ref60|pass_single_dominant                  8.82%    passed     87.32%
2710  TALL-84-3-Rh|ref60|pass_single_dominant                  8.51%    passed     88.48%
2711  TALL-9-1-No|ref60|pass_single_dominant                   9.03%    passed     87.12%
2712  TALL-9-1-Rh|ref60|pass_mixed_possible_multicopy         10.29%    passed     86.63%
2713  TALL-9-1-Ro|ref60|pass_single_dominant                  11.13%    passed     79.51%
2714  TALL-9-3-No|ref60|pass_single_dominant                   9.14%    passed     84.16%
2715  TALL-9-3-Ro|ref60|pass_single_dominant                   8.93%    passed     83.93%
2716  TALL-90-2-No|ref60|pass_single_dominant                  8.93%    passed     80.07%
2717  TALL-90-2-Rh|ref60|pass_single_dominant                  8.61%    passed     81.83%
2718  TALL-91-2-Rh|ref60|pass_single_dominant                  8.82%    passed     85.55%
2719  TALL-92-2-No|ref60|pass_single_dominant                  9.66%    passed     79.21%
2720  TALL-92-2-Rh|ref60|pass_mixed_possible_multicopy         9.56%    passed     82.50%
2721  TALL-92-2-Ro|ref60|pass_single_dominant                  8.93%    passed     83.93%
2722  TALL-93-2-No|ref60|pass_single_dominant                  9.56%    passed     92.21%
2723  TOOL-11-No|ref60|pass_single_dominant                    8.93%    passed     87.21%
2724  TOOL-17-Rh|ref60|pass_single_dominant                    8.82%    passed     83.90%
2725  TOOL-18-Rh|ref60|pass_single_dominant                   12.29%    passed     65.60%
2726  TOOL-24-No|ref60|pass_single_dominant                    8.40%    passed     84.12%
2727  TOOL-25-No|ref60|pass_single_dominant                    9.14%    passed     91.78%
2728  TOOL-26-No|ref60|pass_single_dominant                    9.14%    passed     87.97%
2729  TOOL-27-2-No|ref60|pass_single_dominant                  8.93%    passed     93.03%
2730  TOOL-34-Ro|ref60|pass_single_dominant                    9.14%    passed     84.16%
2731  TOOL-35-1-No|ref60|pass_single_dominant                  8.72%    passed     83.76%
2732  TOOL-9-No|ref60|pass_single_dominant                     8.61%    passed     86.78%
2733  UKFS-1-1-No|ref60|pass_single_dominant                   8.72%    passed     84.85%
2734  UKFS-1-1-Rh|ref60|pass_single_dominant                   8.72%    passed     87.04%
2735  UKFS-1-1-Ro|ref60|pass_single_dominant                   8.61%    passed     85.32%
2736  UKFS-52-1-No|ref60|pass_single_dominant                  8.82%    passed     85.17%
2737  UKFS-52-1-Rh|ref60|pass_single_dominant                  8.61%    passed     85.32%
2738  UKFS-52-1-Ro|ref60|pass_single_dominant                  8.72%    passed     87.04%
2739  WOOD-9-Ro|ref60|pass_single_dominant                     8.30%    passed     89.35%
2740  YELL-4-4-Rh|ref60|pass_single_dominant                  19.12%    passed     81.82%
2741  BLAN-1-1-No|ref62|pass_single_dominant                   6.30%    passed      9.51%
2742  BLAN-1-1-Rh|ref62|pass_single_dominant                   6.62%    passed      9.29%
2743  BLAN-1-1-Ro|ref62|pass_single_dominant                   6.72%    passed      7.16%
2744  BLAN-2-1-No|ref62|pass_single_dominant                   6.30%    passed     10.91%
2745  BLAN-2-1-Rh|ref62|pass_single_dominant                   6.30%    passed      8.26%
2746  BLAN-2-1-Ro|ref62|pass_single_dominant                   6.41%    passed     10.52%
2747  BLAN-3-1-No|ref62|pass_single_dominant                   6.41%    passed     10.52%
2748  BLAN-3-1-Rh|ref62|pass_single_dominant                   6.93%    passed      7.68%
2749  BLAN-3-1-Ro|ref62|pass_single_dominant                   6.41%    passed     10.52%
2750  BLAN-4-1-No|ref62|pass_single_dominant                   6.09%    passed      9.36%
2751  BLAN-4-1-Rh|ref62|pass_single_dominant                   6.30%    passed      9.66%
2752  BLAN-4-1-Ro|ref62|pass_single_dominant                   6.20%    passed     10.23%
2753  CLBJ-1-1-No|ref62|pass_mixed_possible_multicopy          8.72%    failed      2.50%
2754  CLBJ-18-1-Ro|ref62|pass_single_dominant                  6.09%    passed     10.88%
2755  CLBJ-19-1-Rh|ref62|pass_single_dominant                 10.92%    passed     28.72%
2756  CLBJ-19-1-Ro|ref62|pass_single_dominant                  6.09%    passed     23.70%
2757  CLBJ-26-1-No|ref62|pass_single_dominant                 18.59%    passed     56.71%
2758  CLBJ-26-1-Rh|ref62|pass_single_dominant                  6.72%    passed      8.73%
2759  CLBJ-4-1-No|ref62|pass_single_dominant                  10.19%    passed     25.38%
2760  CLBJ-40-1-Rh|ref62|pass_single_dominant                 13.03%    passed      9.98%
2761  CLBJ-40-1-Ro|ref62|pass_single_dominant                  6.93%    passed      8.92%
2762  CLBJ-46-1-Ro|ref62|pass_single_dominant                  6.09%    passed     20.20%
2763  CLBJ-47-1-Rh|ref62|pass_single_dominant                  6.09%    passed      9.31%
2764  CLBJ-5-2-No|ref62|pass_single_dominant                   6.30%    passed     18.01%
2765  CPER-1-No|ref62|pass_single_dominant                    10.19%    passed     17.17%
2766  CPER-2-No|ref62|pass_single_dominant                     6.72%    passed      8.83%
2767  CPER-2-Rh|ref62|pass_single_dominant                     6.20%    passed     10.15%
2768  CPER-2-Ro|ref62|pass_single_dominant                     6.30%    passed     11.12%
2769  CPER-3-1-No|ref62|pass_single_dominant                   6.20%    passed     10.23%
2770  CPER-3-1-Rh|ref62|pass_single_dominant                   6.30%    passed     11.20%
2771  CPER-3-1-Ro|ref62|pass_single_dominant                   6.30%    passed      9.65%
2772  CPER-4-No|ref62|pass_single_dominant                     6.30%    passed     11.12%
2773  CPER-4-Rh|ref62|pass_mixed_possible_multicopy            8.40%    passed      7.01%
2774  CPER-4-Ro|ref62|pass_single_dominant                     6.62%    passed     10.87%
2775  CPER-5-1-No|ref62|pass_single_dominant                   6.41%    passed     10.52%
2776  CPER-5-1-Rh|ref62|pass_single_dominant                   6.20%    passed     10.24%
2777  CPER-5-1-Ro|ref62|pass_single_dominant                   6.20%    passed     10.23%
2778  DCFS-1-2-Rh|ref62|pass_single_dominant                  12.08%    failed      2.92%
2779  DCFS-2-2-No|ref62|pass_single_dominant                   6.09%    passed      9.29%
2780  DCFS-2-2-Rh|ref62|pass_single_dominant                   6.30%    passed      9.62%
2781  DCFS-2-2-Ro|ref62|pass_mixed_possible_multicopy          9.03%    passed      5.55%
2782  DCFS-3-2-No|ref62|pass_single_dominant                   6.09%    passed     12.53%
2783  DCFS-3-2-Rh|ref62|pass_single_dominant                   6.41%    passed     10.24%
2784  DCFS-3-2-Ro|ref62|pass_single_dominant                   6.20%    passed     10.15%
2785  DCFS-4-No|ref62|pass_mixed_possible_multicopy            7.46%    passed     12.25%
2786  DCFS-4-Rh|ref62|pass_mixed_possible_multicopy            7.77%    passed      8.80%
2787  DCFS-4-Ro|ref62|pass_mixed_possible_multicopy            7.67%    passed     10.56%
2788  DCFS-5-1-No|ref62|pass_single_dominant                   6.41%    passed     12.20%
2789  DCFS-5-1-Rh|ref62|pass_single_dominant                   6.41%    passed      7.78%
2790  DCFS-5-1-Ro|ref62|pass_mixed_possible_multicopy          7.35%    passed     11.11%
2791  DCFS-6-1-No|ref62|pass_single_dominant                   6.20%    passed     10.23%
2792  DCFS-6-1-Rh|ref62|pass_single_dominant                   6.72%    passed      8.68%
2793  DCFS-6-1-Ro|ref62|pass_single_dominant                   7.25%    passed      8.65%
2794  DCFS-7-1-No|ref62|pass_single_dominant                   6.41%    passed      6.60%
2795  DCFS-7-1-Rh|ref62|pass_single_dominant                   6.09%    passed      6.60%
2796  DCFS-7-1-Ro|ref62|pass_single_dominant                   6.20%    passed     10.23%
2797  DCFS-8-1-No|ref62|pass_single_dominant                   6.09%    passed     10.88%
2798  DCFS-8-1-Rh|ref62|pass_mixed_possible_multicopy          7.77%    passed     10.18%
2799  DCFS-8-1-Ro|ref62|pass_single_dominant                   6.30%    passed     11.20%
2800  DEJU-28-2-No|ref62|pass_single_dominant                  6.51%    passed      8.55%
2801  DEJU-29-1-No|ref62|pass_single_dominant                  6.30%    passed      8.26%
2802  DEJU-59-No|ref62|pass_single_dominant                    6.30%    passed      9.68%
2803  DEJU-59-Rh|ref62|pass_single_dominant                   12.29%    failed      3.70%
2804  DEJU-63-No|ref62|pass_single_dominant                    6.30%    passed      7.82%
2805  DEJU-63-Rh|ref62|pass_single_dominant                    6.09%    passed      5.59%
2806  DELA-1-3-No|ref62|pass_mixed_possible_multicopy          9.14%    passed      5.78%
2807  DELA-26-3-No|ref62|pass_single_dominant                  7.77%    passed     11.30%
2808  DELA-26-3-Ro|ref62|pass_single_dominant                  6.62%    passed      9.39%
2809  DELA-29-1-No|ref62|pass_single_dominant                 15.13%    passed      9.67%
2810  DELA-29-1-Rh|ref62|pass_single_dominant                 21.85%    passed     30.73%
2811  DELA-32-1-No|ref62|pass_mixed_possible_multicopy         8.09%    passed      7.17%
2812  DSNY-13-1-No|ref62|pass_single_dominant                  7.77%    passed      9.76%
2813  DSNY-14-1-Rh|ref62|pass_single_dominant                  6.30%    passed     11.20%
2814  DSNY-14-1-Ro|ref62|pass_single_dominant                  6.72%    passed     20.29%
2815  DSNY-15-1-Ro|ref62|pass_single_dominant                  6.30%    passed     11.20%
2816  DSNY-17-3-No|ref62|pass_single_dominant                  6.20%    passed      6.75%
2817  DSNY-2-1-Ro|ref62|pass_mixed_possible_multicopy          7.25%    passed     13.39%
2818  DSNY-3-1-No|ref62|pass_single_dominant                   7.46%    passed      5.33%
2819  DSNY-3-1-Ro|ref62|pass_single_dominant                   6.62%    passed     12.52%
2820  DSNY-36-1-Ro|ref62|pass_single_dominant                  7.25%    passed     10.09%
2821  DSNY-5-1-Rh|ref62|pass_single_dominant                   6.09%    passed     10.88%
2822  DSNY-67-3-No|ref62|pass_single_dominant                 19.75%    passed     19.87%
2823  DSNY-85-1-No|ref62|pass_single_dominant                  9.77%    failed      4.64%
2824  DSNY-91-1-Rh|ref62|pass_single_dominant                  6.09%    passed      9.36%
2825  DSNY-92-1-Rh|ref62|pass_single_dominant                 12.82%    passed      9.15%
2826  HEAL-6-1-Rh|ref62|pass_single_dominant                  10.40%    passed     13.89%
2827  HEAL-7-1-Ro|ref62|pass_single_dominant                   6.09%    passed      9.36%
2828  JERC-10-3-Rh|ref62|pass_single_dominant                  7.14%    passed      6.65%
2829  JERC-100-1-Rh|ref62|pass_single_dominant                 6.30%    passed      7.64%
2830  JERC-106-1-No|ref62|pass_single_dominant                10.71%    failed      2.45%
2831  JERC-11-1-No|ref62|pass_single_dominant                  6.83%    passed     11.15%
2832  JERC-120-No|ref62|pass_single_dominant                  16.70%    failed      1.35%
2833  JERC-135-3-No|ref62|pass_single_dominant                 8.61%    failed      3.37%
2834  JERC-135-3-Rh|ref62|pass_single_dominant                 6.51%    passed      7.29%
2835  JERC-143-No|ref62|pass_single_dominant                   6.62%    failed      2.91%
2836  JERC-143-Ro|ref62|pass_single_dominant                   8.51%    passed      7.01%
2837  JERC-147-Rh|ref62|pass_single_dominant                   6.09%    passed      9.33%
2838  JERC-148-Rh|ref62|pass_single_dominant                   8.09%    passed      6.54%
2839  JERC-149-Rh|ref62|pass_single_dominant                   6.09%    passed      5.29%
2840  JERC-149-Ro|ref62|pass_single_dominant                   6.09%    passed      7.90%
2841  JERC-150-Rh|ref62|pass_single_dominant                   6.30%    passed      7.54%
2842  JERC-150-Ro|ref62|pass_single_dominant                   6.62%    passed      5.58%
2843  JERC-151-Rh|ref62|pass_single_dominant                   9.24%    passed      8.91%
2844  JERC-169-No|ref62|pass_single_dominant                  13.03%    failed      2.44%
2845  JERC-176-5-No|ref62|pass_single_dominant                17.96%    passed      9.71%
2846  JERC-197-1-Rh|ref62|pass_single_dominant                12.82%    passed     13.90%
2847  JERC-2-1-Ro|ref62|pass_single_dominant                   6.20%    passed     10.24%
2848  JERC-204-1-Ro|ref62|pass_single_dominant                 6.30%    passed      9.62%
2849  JERC-54-2-Rh|ref62|pass_single_dominant                  6.20%    passed      9.52%
2850  JERC-89-1-No|ref62|pass_single_dominant                  6.20%    passed      7.43%
2851  JERC-93-1-No|ref62|pass_single_dominant                 19.85%    passed      5.80%
2852  JERC-CRJU-86-1-Rh|ref62|pass_single_dominant             6.51%    passed      7.27%
2853  JERC-DEST-32-1-No|ref62|pass_single_dominant             6.72%    passed     11.89%
2854  JERC-RHRE-55-1-Rh|ref62|pass_single_dominant             6.30%    passed      9.66%
2855  JERC-RHTO-58-1-Ro|ref62|pass_single_dominant             6.09%    passed     10.90%
2856  JORN-3-1-Rh|ref62|pass_single_dominant                   6.51%    passed      9.95%
2857  KONZ-1-Rh|ref62|pass_single_dominant                     6.09%    passed      9.31%
2858  KONZ-1-Ro|ref62|pass_single_dominant                     6.30%    passed     11.21%
2859  KONZ-6-1-Ro|ref62|pass_single_dominant                   6.62%    passed     10.71%
2860  LAJA-25-1-No|ref62|pass_single_dominant                  6.93%    passed      6.17%
2861  LAJA-26-1-No|ref62|pass_single_dominant                  6.72%    passed     45.66%
2862  LAJA-6-1-No|ref62|pass_single_dominant                  17.33%    passed     58.16%
2863  LENO-13-2-Ro|ref62|pass_mixed_possible_multicopy         7.25%    passed     10.27%
2864  LENO-15-2-No|ref62|pass_single_dominant                  6.09%    passed      9.29%
2865  MLBS-2-1-No|ref62|pass_single_dominant                   6.20%    passed      7.27%
2866  NIWO-1-Rh|ref62|pass_single_dominant                     6.72%    passed     10.26%
2867  NIWO-2-No|ref62|pass_single_dominant                     9.77%    passed     12.22%
2868  NIWO-2-Rh|ref62|pass_single_dominant                     6.09%    passed      9.29%
2869  NOGP-1-1-No|ref62|pass_single_dominant                   6.09%    passed      7.26%
2870  NOGP-1-1-Rh|ref62|pass_single_dominant                   7.14%    passed     10.89%
2871  NOGP-1-1-Ro|ref62|pass_single_dominant                   6.20%    passed     10.27%
2872  NOGP-2-1-No|ref62|pass_single_dominant                   6.09%    passed      9.36%
2873  NOGP-2-1-Rh|ref62|pass_single_dominant                   6.41%    passed      5.43%
2874  NOGP-2-1-Ro|ref62|pass_single_dominant                   6.09%    passed      9.36%
2875  NOGP-3-2-No|ref62|pass_single_dominant                   6.09%    passed      9.31%
2876  NOGP-3-2-Rh|ref62|pass_mixed_possible_multicopy          7.25%    passed      8.63%
2877  NOGP-3-2-Ro|ref62|pass_single_dominant                   6.09%    passed      9.31%
2878  NOGP-4-1-No|ref62|pass_single_dominant                   6.09%    passed      9.35%
2879  NOGP-4-1-Rh|ref62|pass_single_dominant                   6.30%    passed     12.96%
2880  NOGP-4-1-Ro|ref62|pass_single_dominant                   6.72%    passed      8.83%
2881  NOGP-5-2-No|ref62|pass_single_dominant                   6.62%    passed      9.39%
2882  NOGP-5-2-Rh|ref62|pass_single_dominant                   6.09%    passed      9.36%
2883  NOGP-5-2-Ro|ref62|pass_single_dominant                   6.30%    passed     11.04%
2884  NOGP-6-3-No|ref62|pass_single_dominant                   6.51%    passed      9.99%
2885  NOGP-6-3-Ro|ref62|pass_single_dominant                   6.09%    passed      9.31%
2886  NOGP-7-2-No|ref62|pass_single_dominant                   6.30%    passed      7.06%
2887  NOGP-7-2-Rh|ref62|pass_single_dominant                   6.20%    passed      8.72%
2888  OAES-1-1-No|ref62|pass_mixed_possible_multicopy          8.51%    passed     14.03%
2889  OAES-13-1-Rh|ref62|pass_single_dominant                  6.30%    passed     11.20%
2890  OAES-14-1-No|ref62|pass_single_dominant                  6.20%    passed     10.24%
2891  OAES-14-1-Rh|ref62|pass_single_dominant                  6.51%    passed     15.26%
2892  OAES-14-1-Ro|ref62|pass_single_dominant                  6.72%    passed     13.58%
2893  OAES-15-No|ref62|pass_single_dominant                    6.83%    passed     14.80%
2894  OAES-15-Rh|ref62|pass_single_dominant                    7.14%    passed      7.99%
2895  OAES-15-Ro|ref62|pass_single_dominant                    6.30%    passed     14.75%
2896  OAES-16-1-No|ref62|pass_single_dominant                 13.66%    passed     19.37%
2897  OAES-16-1-Rh|ref62|pass_mixed_possible_multicopy         8.40%    failed      4.72%
2898  OAES-17-No|ref62|pass_single_dominant                    6.83%    passed     16.73%
2899  OAES-2-1-No|ref62|pass_single_dominant                   6.09%    passed     10.88%
2900  OAES-2-1-Ro|ref62|pass_single_dominant                   6.09%    passed     10.88%
2901  OAES-20-Rh|ref62|pass_single_dominant                   12.50%    passed     10.31%
2902  OAES-20-Ro|ref62|pass_single_dominant                    6.83%    passed     12.88%
2903  OAES-21-3-No|ref62|pass_single_dominant                 24.16%    passed     16.61%
2904  OAES-21-3-Rh|ref62|pass_single_dominant                 11.66%    passed      7.20%
2905  OAES-21-3-Ro|ref62|pass_single_dominant                  6.09%    passed      7.90%
2906  OAES-22-1-No|ref62|pass_single_dominant                  6.09%    passed      9.29%
2907  OAES-22-1-Rh|ref62|pass_single_dominant                  6.20%    passed      9.79%
2908  OAES-23-1-Rh|ref62|pass_single_dominant                  6.41%    passed      8.99%
2909  OAES-23-1-Ro|ref62|pass_single_dominant                  6.72%    passed     12.72%
2910  OAES-25-1-No|ref62|pass_single_dominant                  6.83%    passed     18.06%
2911  OAES-25-1-Rh|ref62|pass_single_dominant                  8.40%    passed     16.20%
2912  OAES-25-1-Ro|ref62|pass_single_dominant                  6.20%    passed      9.79%
2913  OAES-27-2-Ro|ref62|pass_single_dominant                  6.30%    passed     11.20%
2914  OAES-29-1-No|ref62|pass_single_dominant                  6.41%    passed     15.41%
2915  OAES-3-1-No|ref62|pass_single_dominant                   6.62%    passed     12.52%
2916  OAES-3-1-Ro|ref62|pass_single_dominant                   6.09%    passed     10.88%
2917  OAES-33-1-No|ref62|pass_single_dominant                  6.62%    passed     22.66%
2918  OAES-36-2-No|ref62|pass_single_dominant                  6.09%    passed      9.36%
2919  OAES-36-3-No|ref62|pass_single_dominant                  6.09%    passed      9.31%
2920  OAES-36-3-Rh|ref62|pass_single_dominant                  6.09%    passed      9.31%
2921  OAES-37-2-Ro|ref62|pass_single_dominant                  6.51%    passed      8.55%
2922  OAES-4-1-No|ref62|pass_single_dominant                   6.62%    passed     20.29%
2923  OAES-4-1-Ro|ref62|pass_single_dominant                   6.72%    passed      5.58%
2924  OAES-5-Rh|ref62|pass_single_dominant                     7.14%    passed     16.68%
2925  OAES-5-Ro|ref62|pass_single_dominant                     6.83%    passed     11.15%
2926  OAES-6-1-No|ref62|pass_single_dominant                   7.04%    passed     17.27%
2927  OAES-6-1-Rh|ref62|pass_mixed_possible_multicopy          7.35%    passed     11.22%
2928  OAES-6-1-Ro|ref62|pass_mixed_possible_multicopy          7.56%    passed     13.25%
2929  OAES-7-1-No|ref62|pass_mixed_possible_multicopy          7.56%    passed     15.05%
2930  OAES-7-1-Rh|ref62|pass_mixed_possible_multicopy          8.72%    passed     21.30%
2931  OAES-7-1-Ro|ref62|pass_mixed_possible_multicopy          7.46%    passed     16.00%
2932  OAES-8-2-Ro|ref62|pass_single_dominant                   6.93%    passed      8.92%
2933  OAES-9-1-Rh|ref62|pass_single_dominant                   7.14%    passed     18.25%
2934  OAES_19-2-No|ref62|pass_single_dominant                  6.72%    passed      8.83%
2935  OAES_19-2-Rh|ref62|pass_single_dominant                  6.09%    passed      9.31%
2936  OAES_19-2-Ro|ref62|pass_single_dominant                  6.09%    passed     10.88%
2937  OAES_24-3-No|ref62|pass_single_dominant                  7.14%    passed     13.24%
2938  OAES_24-3-Rh|ref62|pass_single_dominant                  8.51%    passed     12.07%
2939  OAES_24-3-Ro|ref62|pass_mixed_possible_multicopy         7.88%    passed      9.71%
2940  ORNL-14-1-Ro|ref62|pass_single_dominant                 12.29%    failed      4.70%
2941  ORNL-7-2-No|ref62|pass_single_dominant                  17.75%    passed     10.97%
2942  OSBS-100-3-Rh|ref62|pass_single_dominant                17.75%    passed      6.46%
2943  OSBS-102-1-No|ref62|pass_single_dominant                 6.62%    passed      9.39%
2944  OSBS-104-1-Ro|ref62|pass_single_dominant                14.60%    failed      3.00%
2945  OSBS-106-1-Ro|ref62|pass_single_dominant                 6.09%    passed      9.36%
2946  OSBS-107-No|ref62|pass_single_dominant                  12.18%    failed      3.68%
2947  OSBS-109-4-No|ref62|pass_single_dominant                 7.25%    failed      3.55%
2948  OSBS-35-2-Ro|ref62|pass_single_dominant                 21.32%    passed     23.55%
2949  OSBS-36-1-No|ref62|pass_single_dominant                  6.09%    passed      9.31%
2950  OSBS-36-1-Ro|ref62|pass_single_dominant                 17.75%    passed     20.72%
2951  OSBS-37-1-No|ref62|pass_single_dominant                  6.09%    passed      9.31%
2952  OSBS-37-1-Rh|ref62|pass_single_dominant                 16.18%    passed      7.86%
2953  OSBS-38-2-Ro|ref62|pass_single_dominant                 22.79%    passed     14.44%
2954  OSBS-97-2-Rh|ref62|pass_single_dominant                  6.41%    passed      5.32%
2955  OSBS-99-Ro|ref62|pass_single_dominant                    6.09%    passed      9.36%
2956  OSBS-CEVI-50-3-Rh|ref62|pass_single_dominant            10.92%    passed      8.73%
2957  OSBS-LEHI-62-5-Rh|ref62|pass_single_dominant            14.39%    passed      5.91%
2958  RMNP-1-No|ref62|pass_single_dominant                    15.97%    passed      7.24%
2959  RMNP-1-Rh|ref62|pass_single_dominant                     6.20%    passed      5.22%
2960  RMNP-2-Rh|ref62|pass_single_dominant                     6.30%    passed     13.05%
2961  RMNP-3-No|ref62|pass_single_dominant                     9.98%    passed     16.60%
2962  SCBI-1-1-Rh|ref62|pass_single_dominant                   6.20%    passed      6.13%
2963  SCBI-1-1-Ro|ref62|pass_single_dominant                   6.41%    passed     10.52%
2964  SCBI-12-1-No|ref62|pass_single_dominant                  6.30%    passed      9.65%
2965  SCBI-2-1-No|ref62|pass_single_dominant                   6.20%    passed     10.23%
2966  SCBI-2-1-Rh|ref62|pass_single_dominant                   6.41%    passed     12.20%
2967  SCBI-2-1-Ro|ref62|pass_single_dominant                   6.30%    passed     11.09%
2968  SCBI-3-1-Rh|ref62|pass_mixed_possible_multicopy          7.67%    passed      5.70%
2969  SCBI-3-1-Ro|ref62|pass_single_dominant                   6.41%    passed     10.52%
2970  SCBI-4-1-Rh|ref62|pass_single_dominant                   7.56%    passed     14.94%
2971  SCBI-5-1-Rh|ref62|pass_single_dominant                   6.20%    failed      3.55%
2972  SCBI-7-1-Ro|ref62|pass_single_dominant                   7.25%    passed     10.24%
2973  SCBI-8-2-Ro|ref62|pass_single_dominant                   6.20%    passed     10.23%
2974  SERC-3-1-Ro|ref62|pass_single_dominant                   6.09%    passed      9.36%
2975  SERC-6-1-No|ref62|pass_single_dominant                   6.62%    passed      9.39%
2976  SERC-6-1-Rh|ref62|pass_single_dominant                   6.20%    passed      5.21%
2977  SJER-2-3-No|ref62|pass_single_dominant                   6.62%    passed      5.63%
2978  SJER-5-1-Rh|ref62|pass_single_dominant                   6.09%    passed      8.98%
2979  SRER-16-1-No|ref62|pass_single_dominant                  7.04%    passed     14.34%
2980  SRER-18-1-No|ref62|pass_single_dominant                  6.93%    passed     10.52%
2981  TALL-13-3-No|ref62|pass_single_dominant                  6.93%    passed      8.79%
2982  TALL-18-1-Rh|ref62|pass_single_dominant                  6.62%    passed      7.60%
2983  TALL-21-2-Ro|ref62|pass_single_dominant                  6.62%    passed      6.70%
2984  TALL-23-2-Ro|ref62|pass_single_dominant                 10.92%    failed      3.06%
2985  TALL-24-2-No|ref62|pass_single_dominant                  7.04%    passed      8.44%
2986  TALL-25-2-No|ref62|pass_single_dominant                  7.35%    failed      3.30%
2987  TALL-28-1-No|ref62|pass_mixed_possible_multicopy         7.25%    passed      8.76%
2988  TALL-28-1-Rh|ref62|pass_single_dominant                  6.72%    passed      5.30%
2989  TALL-28-1-Ro|ref62|pass_single_dominant                  6.83%    passed      8.23%
2990  TALL-29-3-No|ref62|pass_single_dominant                  6.62%    passed     10.89%
2991  TALL-29-3-Rh|ref62|pass_single_dominant                  6.51%    passed      9.95%
2992  TALL-29-3-Ro|ref62|pass_single_dominant                  6.20%    passed     11.83%
2993  TALL-60-1-No|ref62|pass_single_dominant                  6.51%    passed      7.30%
2994  TALL-67-1-Rh|ref62|pass_single_dominant                  8.51%    passed      9.04%
2995  TALL-70-1-No|ref62|pass_single_dominant                  8.82%    passed      6.31%
2996  TALL-74-3-No|ref62|pass_single_dominant                  6.51%    passed      8.41%
2997  TALL-74-3-Rh|ref62|pass_single_dominant                 11.03%    passed     10.85%
2998  TALL-92-1-Ro|ref62|pass_single_dominant                  6.09%    passed      9.36%
2999  TEAK-1-2-Ro|ref62|pass_single_dominant                   6.62%    passed      9.39%
3000  TEAK-3-1-Ro|ref62|pass_single_dominant                   6.72%    passed     11.77%
3001  TOOL-1-Rh|ref62|pass_single_dominant                     6.41%    passed     14.14%
3002  TOOL-1-Ro|ref62|pass_single_dominant                     6.30%    passed      8.28%
3003  TOOL-10-Ro|ref62|pass_single_dominant                    6.41%    passed      9.08%
3004  TOOL-16-No|ref62|pass_single_dominant                    6.09%    passed      5.29%
3005  TOOL-17-Ro|ref62|pass_single_dominant                    6.62%    passed      9.39%
3006  TOOL-25-Ro|ref62|pass_single_dominant                    6.51%    passed      8.55%
3007  TOOL-27-2-No|ref62|pass_single_dominant                  6.30%    failed      4.95%
3008  TOOL-30-Rh|ref62|pass_single_dominant                   10.40%    passed     11.75%
3009  TOOL-35-1-Rh|ref62|pass_single_dominant                  6.30%    passed      9.66%
3010  TOOL-4-No|ref62|pass_single_dominant                     6.20%    passed      8.79%
3011  TOOL-6-No|ref62|pass_single_dominant                    13.13%    passed     11.95%
3012  WOOD-1-1-No|ref62|pass_single_dominant                   9.35%    passed     11.66%
3013  WOOD-1-1-Ro|ref62|pass_single_dominant                   6.30%    passed      8.26%
3014  WOOD-10-1-No|ref62|pass_single_dominant                  6.41%    passed     10.51%
3015  WOOD-10-1-Rh|ref62|pass_single_dominant                  6.62%    passed      6.80%
3016  WOOD-10-1-Ro|ref62|pass_single_dominant                  6.30%    passed     11.25%
3017  WOOD-11-1-No|ref62|pass_single_dominant                  6.09%    passed      9.31%
3018  WOOD-11-1-Rh|ref62|pass_single_dominant                  7.04%    passed     11.56%
3019  WOOD-11-1-Ro|ref62|pass_single_dominant                  6.20%    passed      8.82%
3020  WOOD-12-No|ref62|pass_single_dominant                    6.09%    passed      9.29%
3021  WOOD-12-Rh|ref62|pass_single_dominant                    6.62%    passed     10.73%
3022  WOOD-12-Ro|ref62|pass_single_dominant                    6.30%    failed      4.87%
3023  WOOD-2-2-Rh|ref62|pass_single_dominant                   7.88%    passed      6.36%
3024  WOOD-3-2-No|ref62|pass_single_dominant                   6.09%    passed      9.31%
3025  WOOD-3-2-Ro|ref62|pass_single_dominant                   7.25%    passed      8.44%
3026  WOOD-4-1-No|ref62|pass_single_dominant                   7.35%    passed      5.90%
3027  WOOD-5-1-No|ref62|pass_single_dominant                   6.72%    passed     10.12%
3028  WOOD-5-1-Rh|ref62|pass_single_dominant                   6.20%    passed      8.83%
3029  WOOD-5-1-Ro|ref62|pass_single_dominant                   7.04%    passed      6.04%
3030  WOOD-6-1-No|ref62|pass_single_dominant                   6.41%    passed      9.07%
3031  WOOD-6-1-Rh|ref62|pass_single_dominant                   6.20%    passed      8.79%
3032  WOOD-6-1-Ro|ref62|pass_single_dominant                   6.72%    passed     10.12%
3033  WOOD-7-1-No|ref62|pass_single_dominant                   6.09%    passed      9.29%
3034  WOOD-7-1-Rh|ref62|pass_single_dominant                   6.51%    passed      8.54%
3035  WOOD-7-1-Ro|ref62|pass_single_dominant                   6.30%    passed      9.61%
3036  WOOD-8-No|ref62|pass_single_dominant                     6.20%    passed     11.82%
3037  WOOD-8-Rh|ref62|pass_single_dominant                     7.35%    passed      8.28%
3038  WOOD-8-Ro|ref62|pass_single_dominant                     6.20%    passed     10.27%
3039  WOOD-9-Rh|ref62|pass_single_dominant                     6.51%    passed      9.89%
3040  BLAN-1-1-No|ref63|pass_mixed_possible_multicopy         12.61%    passed     92.84%
3041  BONA-14-No|ref63|pass_mixed_possible_multicopy          20.69%    passed     98.35%
3042  BONA-2-Rh|ref63|pass_single_dominant                     9.35%    passed     96.81%
3043  BONA-2-Ro|ref63|pass_single_dominant                    19.85%    passed     93.43%
3044  BONA-4-Rh|ref63|pass_mixed_possible_multicopy           10.19%    passed     87.61%
3045  BONA-8-Ro|ref63|pass_single_dominant                    21.74%    passed     94.85%
3046  CLBJ-1-1-No|ref63|pass_single_dominant                   7.14%    failed      1.02%
3047  CLBJ-1-1-Ro|ref63|pass_mixed_possible_multicopy         13.55%    passed     83.49%
3048  CLBJ-10-1-No|ref63|pass_mixed_possible_multicopy         9.56%    passed     71.55%
3049  CLBJ-10-1-Rh|ref63|pass_single_dominant                  7.46%    passed     94.66%
3050  CLBJ-11-1-No|ref63|pass_mixed_possible_multicopy        12.61%    passed     97.75%
3051  CLBJ-12-2-No|ref63|pass_single_dominant                  7.04%    passed     85.40%
3052  CLBJ-13-1-No|ref63|pass_mixed_possible_multicopy         9.24%    passed     81.75%
3053  CLBJ-13-1-Rh|ref63|pass_mixed_possible_multicopy        11.66%    passed     96.15%
3054  CLBJ-13-1-Ro|ref63|pass_mixed_possible_multicopy        11.03%    passed     96.59%
3055  CLBJ-14-1-No|ref63|pass_single_dominant                  6.30%    passed     33.85%
3056  CLBJ-14-1-Rh|ref63|pass_single_dominant                 11.55%    passed     57.64%
3057  CLBJ-15-1-No|ref63|pass_mixed_possible_multicopy        13.03%    passed     85.52%
3058  CLBJ-15-1-Rh|ref63|pass_mixed_possible_multicopy        15.86%    passed     37.54%
3059  CLBJ-15-1-Ro|ref63|pass_single_dominant                 13.24%    passed     71.68%
3060  CLBJ-16-2-No|ref63|pass_mixed_possible_multicopy        13.97%    passed     52.81%
3061  CLBJ-16-2-Rh|ref63|pass_mixed_possible_multicopy        13.34%    passed     96.97%
3062  CLBJ-16-2-Ro|ref63|pass_mixed_possible_multicopy         9.24%    passed     94.23%
3063  CLBJ-17-1-No|ref63|pass_mixed_possible_multicopy        13.24%    passed     38.68%
3064  CLBJ-17-1-Rh|ref63|pass_single_dominant                 17.54%    passed     83.42%
3065  CLBJ-18-1-No|ref63|pass_mixed_possible_multicopy         9.66%    passed     78.30%
3066  CLBJ-18-1-Rh|ref63|pass_mixed_possible_multicopy        13.03%    passed     77.07%
3067  CLBJ-18-1-Ro|ref63|pass_mixed_possible_multicopy        10.50%    passed     98.95%
3068  CLBJ-19-1-No|ref63|pass_single_dominant                  7.67%    passed     68.34%
3069  CLBJ-19-1-Rh|ref63|pass_mixed_possible_multicopy        10.50%    passed     66.35%
3070  CLBJ-19-1-Ro|ref63|pass_mixed_possible_multicopy        13.13%    passed     93.83%
3071  CLBJ-2-No|ref63|pass_single_dominant                     6.51%    passed     57.93%
3072  CLBJ-2-Rh|ref63|pass_mixed_possible_multicopy            8.09%    passed     90.87%
3073  CLBJ-2-Ro|ref63|pass_mixed_possible_multicopy           12.39%    passed     96.64%
3074  CLBJ-20-1-No|ref63|pass_mixed_possible_multicopy        10.29%    passed      5.85%
3075  CLBJ-21-1-Rh|ref63|pass_single_dominant                  7.88%    passed     92.84%
3076  CLBJ-23-1-No|ref63|pass_single_dominant                  8.72%    passed      8.45%
3077  CLBJ-23-1-Rh|ref63|pass_mixed_possible_multicopy        11.24%    passed     95.34%
3078  CLBJ-24-No|ref63|pass_single_dominant                    6.51%    passed     66.80%
3079  CLBJ-24-Rh|ref63|pass_mixed_possible_multicopy          15.44%    passed     91.89%
3080  CLBJ-25-2-No|ref63|pass_single_dominant                  8.93%    passed     92.81%
3081  CLBJ-25-2-Rh|ref63|pass_single_dominant                 13.34%    passed     75.87%
3082  CLBJ-25-2-Ro|ref63|pass_single_dominant                  8.82%    passed     86.17%
3083  CLBJ-26-1-No|ref63|pass_single_dominant                  6.41%    passed     38.76%
3084  CLBJ-26-1-Rh|ref63|pass_mixed_possible_multicopy         9.56%    passed     56.83%
3085  CLBJ-26-1-Ro|ref63|pass_single_dominant                 11.66%    passed     58.75%
3086  CLBJ-27-1-No|ref63|pass_single_dominant                  7.04%    passed     48.24%
3087  CLBJ-27-1-Rh|ref63|pass_mixed_possible_multicopy        14.60%    passed     85.18%
3088  CLBJ-27-1-Ro|ref63|pass_single_dominant                  9.98%    passed     85.19%
3089  CLBJ-28-3-Rh|ref63|pass_mixed_possible_multicopy        11.45%    passed     94.97%
3090  CLBJ-29-2-Rh|ref63|pass_mixed_possible_multicopy        11.97%    passed     98.25%
3091  CLBJ-3-1-No|ref63|pass_single_dominant                   7.14%    failed      1.16%
3092  CLBJ-3-1-Rh|ref63|pass_mixed_possible_multicopy          8.61%    passed     91.52%
3093  CLBJ-3-1-Ro|ref63|pass_mixed_possible_multicopy          9.87%    passed     92.06%
3094  CLBJ-30-1-Rh|ref63|pass_mixed_possible_multicopy        24.47%    passed     88.24%
3095  CLBJ-34-1-No|ref63|pass_mixed_possible_multicopy        15.23%    passed     72.84%
3096  CLBJ-34-1-Rh|ref63|pass_mixed_possible_multicopy        14.18%    passed     86.38%
3097  CLBJ-35-1-No|ref63|pass_mixed_possible_multicopy        12.61%    passed     94.28%
3098  CLBJ-35-1-Ro|ref63|pass_single_dominant                  9.66%    passed     92.77%
3099  CLBJ-39-1-No|ref63|pass_single_dominant                 15.44%    passed     73.29%
3100  CLBJ-4-1-No|ref63|pass_single_dominant                   6.20%    passed     72.94%
3101  CLBJ-4-1-Rh|ref63|pass_mixed_possible_multicopy         10.40%    passed     96.16%
3102  CLBJ-4-1-Ro|ref63|pass_single_dominant                   6.83%    passed     73.72%
3103  CLBJ-40-1-Ro|ref63|pass_mixed_possible_multicopy         9.66%    passed     90.85%
3104  CLBJ-42-1-No|ref63|pass_single_dominant                 11.45%    passed     59.11%
3105  CLBJ-42-1-Ro|ref63|pass_mixed_possible_multicopy        13.24%    passed     85.28%
3106  CLBJ-43-2-No|ref63|pass_single_dominant                 15.13%    passed     80.61%
3107  CLBJ-43-2-Rh|ref63|pass_mixed_possible_multicopy         9.77%    passed     90.93%
3108  CLBJ-43-2-Ro|ref63|pass_mixed_possible_multicopy         8.61%    passed     96.90%
3109  CLBJ-48-1-No|ref63|pass_single_dominant                  9.03%    passed      5.91%
3110  CLBJ-49-1-Ro|ref63|pass_single_dominant                 10.19%    passed     91.25%
3111  CLBJ-5-2-No|ref63|pass_single_dominant                   6.20%    passed     90.14%
3112  CLBJ-5-2-Rh|ref63|pass_mixed_possible_multicopy         11.45%    passed     91.99%
3113  CLBJ-5-2-Ro|ref63|pass_mixed_possible_multicopy         13.76%    passed     91.18%
3114  CLBJ-50-3-No|ref63|pass_mixed_possible_multicopy         9.77%    passed     91.20%
3115  CLBJ-50-3-Rh|ref63|pass_single_dominant                  9.45%    passed     91.76%
3116  CLBJ-6-3-No|ref63|pass_mixed_possible_multicopy          8.30%    passed     47.89%
3117  CLBJ-7-1-Rh|ref63|pass_mixed_possible_multicopy          8.61%    passed     95.70%
3118  CLBJ-7-1-Ro|ref63|pass_mixed_possible_multicopy          9.77%    passed     98.74%
3119  CLBJ-8-1-Rh|ref63|pass_mixed_possible_multicopy         14.71%    passed     91.93%
3120  CLBJ-8-1-Ro|ref63|pass_mixed_possible_multicopy         13.55%    passed     78.22%
3121  CLBJ-9-1-No|ref63|pass_mixed_possible_multicopy         13.76%    passed     84.98%
3122  CLBJ-9-1-Rh|ref63|pass_mixed_possible_multicopy          8.93%    passed     88.46%
3123  CPER-1-No|ref63|pass_single_dominant                     7.04%    passed     82.83%
3124  CPER-1-Rh|ref63|pass_single_dominant                    23.84%    passed     70.09%
3125  CPER-2-No|ref63|pass_single_dominant                    18.49%    passed     94.84%
3126  CPER-2-Rh|ref63|pass_single_dominant                    18.80%    passed     86.81%
3127  CPER-3-1-Rh|ref63|pass_single_dominant                  16.07%    passed     63.16%
3128  CPER-3-1-Ro|ref63|pass_mixed_possible_multicopy         17.54%    passed     33.77%
3129  CPER-4-No|ref63|pass_mixed_possible_multicopy           14.29%    passed     66.78%
3130  CPER-4-Rh|ref63|pass_mixed_possible_multicopy            9.77%    passed     51.66%
3131  CPER-5-1-No|ref63|pass_mixed_possible_multicopy         18.07%    passed     49.30%
3132  CPER-5-1-Rh|ref63|pass_mixed_possible_multicopy         13.45%    passed     70.64%
3133  DCFS-1-2-Ro|ref63|pass_single_dominant                  23.53%    passed     98.92%
3134  DCFS-4-No|ref63|pass_mixed_possible_multicopy           12.08%    passed     85.77%
3135  DCFS-4-Rh|ref63|pass_mixed_possible_multicopy           11.03%    passed     67.65%
3136  DCFS-4-Ro|ref63|pass_mixed_possible_multicopy           15.13%    passed     82.97%
3137  DCFS-5-1-No|ref63|pass_mixed_possible_multicopy         10.61%    passed     79.63%
3138  DCFS-5-1-Rh|ref63|pass_single_dominant                   7.98%    passed     90.96%
3139  DCFS-5-1-Ro|ref63|pass_mixed_possible_multicopy         16.49%    passed     87.11%
3140  DCFS-6-1-No|ref63|pass_mixed_possible_multicopy         12.29%    passed     91.79%
3141  DCFS-6-1-Rh|ref63|pass_mixed_possible_multicopy         11.97%    passed     98.55%
3142  DCFS-6-1-Ro|ref63|pass_mixed_possible_multicopy         15.23%    passed     93.58%
3143  DCFS-7-1-No|ref63|pass_mixed_possible_multicopy         10.92%    passed     98.49%
3144  DCFS-7-1-Rh|ref63|pass_single_dominant                  13.97%    passed     93.50%
3145  DCFS-7-1-Ro|ref63|pass_single_dominant                  13.76%    passed     83.13%
3146  DCFS-8-1-Rh|ref63|pass_mixed_possible_multicopy          9.98%    passed     94.05%
3147  DCFS-8-1-Ro|ref63|pass_mixed_possible_multicopy          9.24%    passed     85.61%
3148  DEJU-1-1-No|ref63|pass_single_dominant                  18.91%    passed     81.65%
3149  DEJU-10-1-No|ref63|pass_single_dominant                 13.03%    passed     84.72%
3150  DEJU-11-1-No|ref63|pass_mixed_possible_multicopy        12.82%    passed     32.18%
3151  DEJU-11-1-Ro|ref63|pass_single_dominant                 13.03%    passed     83.71%
3152  DEJU-12-1-Rh|ref63|pass_mixed_possible_multicopy        15.55%    passed     81.95%
3153  DEJU-2-No|ref63|pass_single_dominant                    24.47%    passed     93.13%
3154  DEJU-21-1-Rh|ref63|pass_single_dominant                 24.68%    passed     93.84%
3155  DEJU-23-1-Ro|ref63|pass_single_dominant                 11.97%    passed     95.69%
3156  DEJU-3-1-Rh|ref63|pass_single_dominant                  17.33%    passed     85.05%
3157  DEJU-3-1-Ro|ref63|pass_single_dominant                   7.25%    passed     97.05%
3158  DEJU-32-Ro|ref63|pass_single_dominant                   20.17%    passed     99.76%
3159  DEJU-37-No|ref63|pass_single_dominant                    9.66%    passed     80.29%
3160  DEJU-39-No|ref63|pass_single_dominant                   17.96%    passed     87.57%
3161  DEJU-42-No|ref63|pass_single_dominant                    9.14%    passed     69.55%
3162  DEJU-43-No|ref63|pass_single_dominant                   15.97%    passed     87.14%
3163  DEJU-44-No|ref63|pass_single_dominant                   13.03%    passed     74.84%
3164  DEJU-45-1-No|ref63|pass_single_dominant                 19.33%    passed     74.20%
3165  DEJU-46-Ro|ref63|pass_single_dominant                    9.24%    passed     82.61%
3166  DEJU-47-No|ref63|pass_single_dominant                    9.24%    passed     93.02%
3167  DEJU-5-1-Ro|ref63|pass_single_dominant                  19.22%    passed     85.03%
3168  DEJU-50-No|ref63|pass_single_dominant                   19.12%    passed     96.56%
3169  DEJU-52-1-No|ref63|pass_single_dominant                 10.82%    passed     94.55%
3170  DEJU-55-No|ref63|pass_mixed_possible_multicopy           8.40%    passed     97.32%
3171  DEJU-55-Rh|ref63|pass_single_dominant                   11.24%    passed     94.56%
3172  DEJU-57-No|ref63|pass_mixed_possible_multicopy          12.39%    passed     98.08%
3173  DEJU-57-Ro|ref63|pass_single_dominant                   12.39%    passed     41.76%
3174  DEJU-6-1-Ro|ref63|pass_single_dominant                  23.53%    passed     87.94%
3175  DEJU-62-1-No|ref63|pass_single_dominant                 11.97%    passed     57.13%
3176  DEJU-63-No|ref63|pass_single_dominant                   23.63%    passed     59.01%
3177  DEJU-7-1-No|ref63|pass_mixed_possible_multicopy         15.86%    passed     77.44%
3178  DEJU-7-1-Rh|ref63|pass_single_dominant                  22.69%    passed     93.46%
3179  DEJU-9-1-Ro|ref63|pass_mixed_possible_multicopy         19.75%    passed     90.00%
3180  DELA-1-3-No|ref63|pass_single_dominant                   8.82%    passed     15.35%
3181  DELA-1-3-Rh|ref63|pass_single_dominant                   8.30%    passed     16.07%
3182  DELA-1-3-Ro|ref63|pass_mixed_possible_multicopy         11.76%    passed     16.43%
3183  DELA-10-2-No|ref63|pass_mixed_possible_multicopy        24.05%    passed     78.06%
3184  DELA-11-3-No|ref63|pass_mixed_possible_multicopy        12.71%    passed     83.36%
3185  DELA-11-3-Rh|ref63|pass_mixed_possible_multicopy        21.64%    passed     97.84%
3186  DELA-12-2-No|ref63|pass_mixed_possible_multicopy        17.96%    passed     14.59%
3187  DELA-13-1-No|ref63|pass_mixed_possible_multicopy        11.87%    passed     92.70%
3188  DELA-13-1-Rh|ref63|pass_mixed_possible_multicopy        13.55%    passed     85.91%
3189  DELA-14-2-No|ref63|pass_mixed_possible_multicopy        10.29%    passed     80.57%
3190  DELA-14-2-Rh|ref63|pass_mixed_possible_multicopy        12.82%    passed     88.20%
3191  DELA-14-2-Ro|ref63|pass_mixed_possible_multicopy        11.13%    passed     88.42%
3192  DELA-15-1-No|ref63|pass_mixed_possible_multicopy        10.82%    passed     92.77%
3193  DELA-15-1-Rh|ref63|pass_mixed_possible_multicopy        10.92%    passed     86.54%
3194  DELA-15-1-Ro|ref63|pass_mixed_possible_multicopy        18.28%    passed     85.21%
3195  DELA-16-No|ref63|pass_single_dominant                   10.50%    passed     20.10%
3196  DELA-17-1-No|ref63|pass_single_dominant                 15.02%    passed     78.26%
3197  DELA-18-2-No|ref63|pass_mixed_possible_multicopy        11.03%    passed     82.08%
3198  DELA-18-2-Rh|ref63|pass_mixed_possible_multicopy        13.55%    passed     60.39%
3199  DELA-18-2-Ro|ref63|pass_mixed_possible_multicopy        12.50%    passed     92.78%
3200  DELA-19-1-No|ref63|pass_single_dominant                 18.91%    passed     99.50%
3201  DELA-19-1-Rh|ref63|pass_mixed_possible_multicopy        21.64%    passed     81.90%
3202  DELA-19-1-Ro|ref63|pass_mixed_possible_multicopy        20.80%    passed     87.14%
3203  DELA-2-2-No|ref63|pass_single_dominant                  25.53%    passed     90.84%
3204  DELA-2-2-Rh|ref63|pass_single_dominant                  16.28%    passed     60.68%
3205  DELA-20-1-No|ref63|pass_mixed_possible_multicopy        10.40%    passed     92.07%
3206  DELA-20-1-Rh|ref63|pass_mixed_possible_multicopy        14.81%    passed     76.10%
3207  DELA-20-1-Ro|ref63|pass_mixed_possible_multicopy         9.45%    passed     71.91%
3208  DELA-21-1-Ro|ref63|pass_single_dominant                 19.64%    passed     53.56%
3209  DELA-23-2-No|ref63|pass_mixed_possible_multicopy        11.87%    passed     18.99%
3210  DELA-23-2-Rh|ref63|pass_single_dominant                 18.80%    passed     88.39%
3211  DELA-23-2-Ro|ref63|pass_single_dominant                 17.54%    passed     12.32%
3212  DELA-24-1-No|ref63|pass_mixed_possible_multicopy        13.24%    passed     82.23%
3213  DELA-24-1-Rh|ref63|pass_mixed_possible_multicopy        10.71%    passed     96.95%
3214  DELA-26-3-No|ref63|pass_mixed_possible_multicopy        10.82%    passed     54.09%
3215  DELA-26-3-Rh|ref63|pass_mixed_possible_multicopy        10.50%    passed     53.40%
3216  DELA-26-3-Ro|ref63|pass_single_dominant                  6.30%    passed     47.26%
3217  DELA-27-3-No|ref63|pass_single_dominant                  8.61%    passed     39.70%
3218  DELA-27-3-Rh|ref63|pass_mixed_possible_multicopy        12.18%    passed     48.86%
3219  DELA-28-No|ref63|pass_mixed_possible_multicopy          13.45%    passed     25.78%
3220  DELA-28-Rh|ref63|pass_mixed_possible_multicopy          13.87%    passed     57.16%
3221  DELA-28-Ro|ref63|pass_mixed_possible_multicopy          16.28%    passed     85.56%
3222  DELA-29-1-No|ref63|pass_single_dominant                  6.93%    passed     20.00%
3223  DELA-29-1-Rh|ref63|pass_single_dominant                  7.14%    passed     21.49%
3224  DELA-29-1-Ro|ref63|pass_mixed_possible_multicopy        14.71%    passed     43.35%
3225  DELA-3-3-No|ref63|pass_mixed_possible_multicopy         13.87%    passed     15.87%
3226  DELA-3-3-Rh|ref63|pass_mixed_possible_multicopy         15.02%    passed     63.11%
3227  DELA-3-3-Ro|ref63|pass_mixed_possible_multicopy         24.37%    passed     98.19%
3228  DELA-30-2-No|ref63|pass_single_dominant                 17.86%    passed     81.08%
3229  DELA-30-2-Rh|ref63|pass_mixed_possible_multicopy        13.66%    passed     68.55%
3230  DELA-31-1-No|ref63|pass_mixed_possible_multicopy        15.97%    passed     38.96%
3231  DELA-31-1-Rh|ref63|pass_mixed_possible_multicopy        10.82%    passed     48.40%
3232  DELA-31-1-Ro|ref63|pass_mixed_possible_multicopy        12.82%    passed     28.36%
3233  DELA-32-1-No|ref63|pass_single_dominant                  8.30%    passed     95.54%
3234  DELA-32-1-Ro|ref63|pass_mixed_possible_multicopy        15.13%    passed     36.33%
3235  DELA-4-1-No|ref63|pass_single_dominant                  19.96%    passed     77.50%
3236  DELA-4-1-Ro|ref63|pass_mixed_possible_multicopy         19.96%    passed     42.48%
3237  DELA-5-1-No|ref63|pass_mixed_possible_multicopy         20.69%    passed     40.88%
3238  DELA-5-1-Ro|ref63|pass_mixed_possible_multicopy         24.37%    passed     60.58%
3239  DELA-7-3-No|ref63|pass_mixed_possible_multicopy         16.60%    passed     77.76%
3240  DELA-8-2-Ro|ref63|pass_mixed_possible_multicopy         10.40%    passed     98.02%
3241  DELA-9-1-No|ref63|pass_single_dominant                   8.61%    passed     26.30%
3242  DELA-9-1-Ro|ref63|pass_mixed_possible_multicopy         10.19%    passed     92.36%
3243  DSNY-10-3-No|ref63|pass_mixed_possible_multicopy         9.77%    passed     93.66%
3244  DSNY-101-1-No|ref63|pass_single_dominant                16.91%    passed     97.20%
3245  DSNY-11-3-No|ref63|pass_mixed_possible_multicopy        12.18%    passed     90.23%
3246  DSNY-12-2-No|ref63|pass_mixed_possible_multicopy        17.44%    passed     82.67%
3247  DSNY-12-2-Ro|ref63|pass_mixed_possible_multicopy        16.39%    passed     68.67%
3248  DSNY-13-1-No|ref63|pass_single_dominant                 20.38%    passed     98.30%
3249  DSNY-13-1-Rh|ref63|pass_mixed_possible_multicopy         9.66%    passed     89.69%
3250  DSNY-14-1-No|ref63|pass_single_dominant                  8.09%    passed     97.08%
3251  DSNY-14-1-Rh|ref63|pass_mixed_possible_multicopy        13.66%    passed     95.40%
3252  DSNY-15-1-No|ref63|pass_mixed_possible_multicopy        11.76%    passed     95.76%
3253  DSNY-15-1-Rh|ref63|pass_single_dominant                 16.49%    passed     86.75%
3254  DSNY-15-1-Ro|ref63|pass_single_dominant                 10.08%    passed     90.48%
3255  DSNY-17-3-No|ref63|pass_single_dominant                  9.66%    passed     79.40%
3256  DSNY-17-3-Rh|ref63|pass_mixed_possible_multicopy        13.13%    passed     95.82%
3257  DSNY-18-1-No|ref63|pass_mixed_possible_multicopy        15.34%    passed     76.85%
3258  DSNY-18-1-Ro|ref63|pass_mixed_possible_multicopy        26.68%    passed     99.09%
3259  DSNY-2-1-No|ref63|pass_mixed_possible_multicopy         10.71%    passed     81.16%
3260  DSNY-2-1-Rh|ref63|pass_single_dominant                   7.98%    passed     96.84%
3261  DSNY-2-1-Ro|ref63|pass_mixed_possible_multicopy          9.77%    passed     89.38%
3262  DSNY-20-1-No|ref63|pass_single_dominant                 12.08%    passed     87.84%
3263  DSNY-24-1-Rh|ref63|pass_mixed_possible_multicopy        15.34%    passed     99.79%
3264  DSNY-24-1-Ro|ref63|pass_mixed_possible_multicopy        17.23%    passed     93.40%
3265  DSNY-29-1-No|ref63|pass_mixed_possible_multicopy        23.63%    passed     84.00%
3266  DSNY-29-1-Rh|ref63|pass_single_dominant                 11.66%    passed     62.93%
3267  DSNY-3-1-No|ref63|pass_mixed_possible_multicopy          8.61%    passed     75.85%
3268  DSNY-31-1-No|ref63|pass_mixed_possible_multicopy        23.32%    passed     84.95%
3269  DSNY-31-1-Ro|ref63|pass_mixed_possible_multicopy        14.08%    passed     98.62%
3270  DSNY-34-1-No|ref63|pass_mixed_possible_multicopy        13.13%    passed     41.69%
3271  DSNY-34-1-Rh|ref63|pass_mixed_possible_multicopy        14.71%    passed     77.44%
3272  DSNY-34-1-Ro|ref63|pass_mixed_possible_multicopy        14.60%    passed     92.76%
3273  DSNY-36-1-No|ref63|pass_mixed_possible_multicopy        11.24%    passed     65.33%
3274  DSNY-36-1-Rh|ref63|pass_mixed_possible_multicopy        10.40%    passed     73.06%
3275  DSNY-36-1-Ro|ref63|pass_mixed_possible_multicopy        12.39%    passed     82.60%
3276  DSNY-37-1-No|ref63|pass_single_dominant                  7.14%    passed     71.52%
3277  DSNY-37-1-Rh|ref63|pass_mixed_possible_multicopy        16.28%    passed     78.60%
3278  DSNY-37-1-Ro|ref63|pass_mixed_possible_multicopy        16.07%    passed     67.67%
3279  DSNY-38-3-Ro|ref63|pass_mixed_possible_multicopy        16.28%    passed     85.14%
3280  DSNY-39-4-No|ref63|pass_single_dominant                 13.66%    passed     67.74%
3281  DSNY-39-4-Ro|ref63|pass_mixed_possible_multicopy        17.75%    passed     73.60%
3282  DSNY-4-1-No|ref63|pass_mixed_possible_multicopy          9.24%    passed     93.83%
3283  DSNY-43-1-No|ref63|pass_single_dominant                 16.60%    passed     70.95%
3284  DSNY-48-1-Ro|ref63|pass_single_dominant                 14.81%    passed     96.91%
3285  DSNY-49-2-Rh|ref63|pass_single_dominant                 18.70%    passed     96.10%
3286  DSNY-5-1-No|ref63|pass_mixed_possible_multicopy         12.18%    passed     96.78%
3287  DSNY-5-1-Rh|ref63|pass_mixed_possible_multicopy         13.45%    passed     94.24%
3288  DSNY-5-1-Ro|ref63|pass_mixed_possible_multicopy          9.98%    passed     96.57%
3289  DSNY-51-2-No|ref63|pass_mixed_possible_multicopy        13.45%    passed     89.63%
3290  DSNY-52-1-No|ref63|pass_single_dominant                 18.59%    passed     68.24%
3291  DSNY-52-1-Rh|ref63|pass_single_dominant                 13.13%    passed     61.91%
3292  DSNY-54-1-No|ref63|pass_single_dominant                 18.59%    passed     89.11%
3293  DSNY-57-1-Rh|ref63|pass_single_dominant                  9.98%    passed     93.34%
3294  DSNY-58-No|ref63|pass_mixed_possible_multicopy          17.75%    passed     78.96%
3295  DSNY-59-No|ref63|pass_mixed_possible_multicopy           9.87%    passed     86.05%
3296  DSNY-59-Ro|ref63|pass_single_dominant                   19.85%    passed     99.99%
3297  DSNY-6-2-Rh|ref63|pass_mixed_possible_multicopy          9.45%    passed     93.51%
3298  DSNY-61-4-Rh|ref63|pass_single_dominant                 12.61%    passed     91.43%
3299  DSNY-63-No|ref63|pass_mixed_possible_multicopy          17.65%    passed     93.97%
3300  DSNY-64-2-No|ref63|pass_single_dominant                 16.18%    passed     73.69%
3301  DSNY-64-2-Rh|ref63|pass_single_dominant                 10.92%    passed     98.89%
3302  DSNY-65-1-No|ref63|pass_single_dominant                 12.82%    passed     95.54%
3303  DSNY-65-1-Ro|ref63|pass_mixed_possible_multicopy        11.76%    passed     96.27%
3304  DSNY-66-1-No|ref63|pass_single_dominant                  9.45%    passed     66.56%
3305  DSNY-66-1-Rh|ref63|pass_mixed_possible_multicopy        24.58%    passed     93.22%
3306  DSNY-66-1-Ro|ref63|pass_mixed_possible_multicopy        10.08%    passed     98.23%
3307  DSNY-67-3-No|ref63|pass_mixed_possible_multicopy        19.85%    passed     97.88%
3308  DSNY-67-3-Rh|ref63|pass_single_dominant                 11.76%    passed     65.23%
3309  DSNY-68-1-No|ref63|pass_mixed_possible_multicopy        11.76%    passed     63.95%
3310  DSNY-68-1-Ro|ref63|pass_mixed_possible_multicopy        15.34%    passed     81.20%
3311  DSNY-69-1-No|ref63|pass_mixed_possible_multicopy         9.87%    passed     86.39%
3312  DSNY-69-1-Ro|ref63|pass_mixed_possible_multicopy        12.71%    passed     95.25%
3313  DSNY-7-1-No|ref63|pass_single_dominant                  13.97%    passed     63.68%
3314  DSNY-7-1-Ro|ref63|pass_mixed_possible_multicopy         13.34%    passed     96.62%
3315  DSNY-70-1-Rh|ref63|pass_mixed_possible_multicopy        12.82%    passed     92.93%
3316  DSNY-70-1-Ro|ref63|pass_mixed_possible_multicopy        13.03%    passed     62.46%
3317  DSNY-71-1-Ro|ref63|pass_mixed_possible_multicopy        14.92%    passed     98.04%
3318  DSNY-72-1-Rh|ref63|pass_single_dominant                 21.64%    passed     77.91%
3319  DSNY-72-1-Ro|ref63|pass_mixed_possible_multicopy         8.09%    passed     95.95%
3320  DSNY-74-1-Rh|ref63|pass_mixed_possible_multicopy        14.50%    passed     69.99%
3321  DSNY-74-1-Ro|ref63|pass_mixed_possible_multicopy        14.18%    passed     79.43%
3322  DSNY-75-1-No|ref63|pass_mixed_possible_multicopy        13.03%    passed     82.44%
3323  DSNY-75-1-Rh|ref63|pass_mixed_possible_multicopy        10.71%    passed     82.70%
3324  DSNY-75-1-Ro|ref63|pass_mixed_possible_multicopy        12.92%    passed     89.90%
3325  DSNY-76-1-Rh|ref63|pass_mixed_possible_multicopy         9.45%    passed     80.46%
3326  DSNY-76-1-Ro|ref63|pass_mixed_possible_multicopy        19.85%    passed     85.27%
3327  DSNY-79-1-Rh|ref63|pass_mixed_possible_multicopy         9.87%    passed     95.22%
3328  DSNY-8-1-No|ref63|pass_mixed_possible_multicopy         13.76%    passed     95.95%
3329  DSNY-8-1-Ro|ref63|pass_single_dominant                  15.34%    passed     87.43%
3330  DSNY-80-1-No|ref63|pass_mixed_possible_multicopy        12.92%    passed     49.25%
3331  DSNY-82-3-No|ref63|pass_single_dominant                 24.79%    passed     63.73%
3332  DSNY-82-3-Ro|ref63|pass_mixed_possible_multicopy        31.51%    passed     82.93%
3333  DSNY-83-1-Rh|ref63|pass_single_dominant                 10.50%    passed     95.23%
3334  DSNY-83-4-Ro|ref63|pass_mixed_possible_multicopy        12.18%    passed     90.68%
3335  DSNY-91-1-Rh|ref63|pass_single_dominant                 22.90%    passed     96.70%
3336  DSNY-96-2-Rh|ref63|pass_mixed_possible_multicopy        10.61%    passed     87.90%
3337  DSNY-CRMA-33-1-No|ref63|pass_mixed_possible_multicopy   12.92%    passed     90.39%
3338  DSNY-CRMA-33-1-Rh|ref63|pass_mixed_possible_multicopy   11.87%    passed     90.41%
3339  DSNY-CRMA-33-1-Ro|ref63|pass_single_dominant             8.61%    passed     98.32%
3340  DSNY-CRMA-35-1-No|ref63|pass_single_dominant             9.03%    passed     25.00%
3341  DSNY-CRMA-35-1-Rh|ref63|pass_mixed_possible_multicopy   16.28%    passed     89.36%
3342  DSNY-CRMA-35-1-Ro|ref63|pass_mixed_possible_multicopy   12.92%    passed     80.51%
3343  DSNY-GAEL-33-1-No|ref63|pass_mixed_possible_multicopy   15.44%    passed     86.20%
3344  DSNY-GAEL-33-1-Rh|ref63|pass_mixed_possible_multicopy   11.45%    passed     90.98%
3345  DSNY-GARE-35-1-No|ref63|pass_mixed_possible_multicopy   10.40%    passed     33.21%
3346  DSNY-GARE-35-1-Rh|ref63|pass_single_dominant             9.77%    passed     76.40%
3347  DSNY-GARE-35-1-Ro|ref63|pass_mixed_possible_multicopy   13.76%    passed     74.41%
3348  DSNY-SEHE-60-No|ref63|pass_single_dominant               8.82%    passed     16.58%
3349  GUAN-2-No|ref63|pass_single_dominant                     7.77%    passed     42.85%
3350  GUAN-2-Ro|ref63|pass_mixed_possible_multicopy           10.08%    passed     81.88%
3351  GUAN-3-No|ref63|pass_single_dominant                    17.96%    passed     93.15%
3352  GUAN-4-No|ref63|pass_single_dominant                    17.23%    passed     77.33%
3353  GUAN-5-No|ref63|pass_single_dominant                     7.04%    passed     62.35%
3354  GUAN-5-Ro|ref63|pass_mixed_possible_multicopy            9.45%    passed     95.73%
3355  GUAN-8-No|ref63|pass_single_dominant                     9.03%    passed     99.37%
3356  GUAN-8-Ro|ref63|pass_single_dominant                    22.27%    passed     91.72%
3357  GUAN-9-1-Rh|ref63|pass_single_dominant                  14.81%    passed     97.03%
3358  HARV-1-1-No|ref63|pass_single_dominant                  15.34%    passed     28.93%
3359  HARV-1-1-Rh|ref63|pass_single_dominant                  15.44%    passed     93.49%
3360  HARV-2-1-No|ref63|pass_mixed_possible_multicopy         20.27%    passed     96.20%
3361  HARV-2-1-Ro|ref63|pass_mixed_possible_multicopy         25.11%    passed     86.89%
3362  HARV-3-1-Ro|ref63|pass_single_dominant                   8.61%    passed     76.37%
3363  HARV-4-1-No|ref63|pass_single_dominant                  13.13%    passed     79.64%
3364  HARV-4-1-Ro|ref63|pass_single_dominant                   9.45%    passed     93.62%
3365  HEAL-10-2-No|ref63|pass_mixed_possible_multicopy        22.27%    passed     73.86%
3366  HEAL-10-2-Ro|ref63|pass_mixed_possible_multicopy        10.82%    passed     93.67%
3367  HEAL-11-1-Rh|ref63|pass_single_dominant                 13.13%    passed     94.46%
3368  HEAL-14-1-Rh|ref63|pass_mixed_possible_multicopy        16.39%    passed     78.37%
3369  HEAL-2-1-No|ref63|pass_mixed_possible_multicopy         14.29%    passed     28.41%
3370  HEAL-3-1-No|ref63|pass_mixed_possible_multicopy         14.60%    passed     47.76%
3371  HEAL-4-1-No|ref63|pass_mixed_possible_multicopy         18.70%    passed     46.63%
3372  HEAL-5-2-No|ref63|pass_mixed_possible_multicopy         16.49%    passed     56.17%
3373  HEAL-7-1-Ro|ref63|pass_mixed_possible_multicopy         11.34%    passed     73.85%
3374  HEAL-9-1-No|ref63|pass_mixed_possible_multicopy         21.64%    passed     98.42%
3375  JERC-1-2-No|ref63|pass_single_dominant                   6.09%    passed     83.68%
3376  JERC-1-2-Rh|ref63|pass_mixed_possible_multicopy         10.71%    passed     86.20%
3377  JERC-1-2-Ro|ref63|pass_mixed_possible_multicopy          9.66%    passed     93.40%
3378  JERC-10-3-No|ref63|pass_mixed_possible_multicopy         7.88%    passed     99.05%
3379  JERC-10-3-Rh|ref63|pass_mixed_possible_multicopy        12.39%    passed     86.98%
3380  JERC-100-1-No|ref63|pass_single_dominant                17.02%    passed     71.59%
3381  JERC-102-1-Rh|ref63|pass_single_dominant                 9.87%    passed     78.30%
3382  JERC-11-1-No|ref63|pass_mixed_possible_multicopy        12.18%    passed     52.67%
3383  JERC-11-1-Rh|ref63|pass_mixed_possible_multicopy        13.45%    passed     83.81%
3384  JERC-11-1-Ro|ref63|pass_mixed_possible_multicopy        13.03%    passed     95.22%
3385  JERC-113-3-No|ref63|pass_single_dominant                17.65%    passed     28.88%
3386  JERC-119-No|ref63|pass_mixed_possible_multicopy         12.18%    passed     56.99%
3387  JERC-119-Rh|ref63|pass_mixed_possible_multicopy         10.19%    passed     96.04%
3388  JERC-119-Ro|ref63|pass_mixed_possible_multicopy         10.82%    passed     95.65%
3389  JERC-12-1-No|ref63|pass_mixed_possible_multicopy        13.03%    passed     96.60%
3390  JERC-12-1-Rh|ref63|pass_mixed_possible_multicopy         9.03%    passed     95.22%
3391  JERC-120-No|ref63|pass_mixed_possible_multicopy          9.56%    passed      7.66%
3392  JERC-120-Rh|ref63|pass_single_dominant                   6.62%    passed     98.84%
3393  JERC-121-No|ref63|pass_mixed_possible_multicopy         10.92%    passed     68.37%
3394  JERC-121-Ro|ref63|pass_mixed_possible_multicopy         10.40%    passed     87.98%
3395  JERC-122-No|ref63|pass_mixed_possible_multicopy         12.08%    passed     79.25%
3396  JERC-122-Ro|ref63|pass_mixed_possible_multicopy          9.98%    passed     93.79%
3397  JERC-123-Rh|ref63|pass_single_dominant                  13.13%    passed     77.82%
3398  JERC-123-Ro|ref63|pass_single_dominant                  13.76%    passed     46.10%
3399  JERC-124-2-No|ref63|pass_single_dominant                 9.14%    passed     52.04%
3400  JERC-126-4-No|ref63|pass_mixed_possible_multicopy       16.91%    passed     50.06%
3401  JERC-127-2-No|ref63|pass_single_dominant                18.38%    passed     74.05%
3402  JERC-127-2-Rh|ref63|pass_mixed_possible_multicopy        9.98%    passed     75.37%
3403  JERC-127-2-Ro|ref63|pass_single_dominant                13.24%    passed     82.67%
3404  JERC-128-2-Ro|ref63|pass_single_dominant                14.50%    passed     89.04%
3405  JERC-129-4-Rh|ref63|pass_single_dominant                18.17%    passed     90.18%
3406  JERC-129-4-Ro|ref63|pass_mixed_possible_multicopy       10.29%    passed     21.50%
3407  JERC-13-3-No|ref63|pass_mixed_possible_multicopy        11.24%    passed     97.73%
3408  JERC-13-3-Rh|ref63|pass_single_dominant                 11.03%    passed     94.72%
3409  JERC-13-3-Ro|ref63|pass_mixed_possible_multicopy         7.98%    failed      0.37%
3410  JERC-131-No|ref63|pass_single_dominant                   6.09%    passed     83.68%
3411  JERC-131-Rh|ref63|pass_single_dominant                  18.28%    passed     56.41%
3412  JERC-131-Ro|ref63|pass_single_dominant                  13.87%    passed     86.71%
3413  JERC-134-3-Ro|ref63|pass_mixed_possible_multicopy       13.34%    passed     31.69%
3414  JERC-135-3-Rh|ref63|pass_single_dominant                 8.93%    passed     99.53%
3415  JERC-138-Rh|ref63|pass_mixed_possible_multicopy         13.45%    passed     94.80%
3416  JERC-14-5-No|ref63|pass_mixed_possible_multicopy         7.88%    passed     96.15%
3417  JERC-14-5-Rh|ref63|pass_mixed_possible_multicopy        13.03%    passed     83.68%
3418  JERC-140-Rh|ref63|pass_single_dominant                  15.65%    passed     93.36%
3419  JERC-141-No|ref63|pass_single_dominant                  21.74%    passed     47.33%
3420  JERC-142-Rh|ref63|pass_single_dominant                  12.18%    passed     85.87%
3421  JERC-144-Rh|ref63|pass_mixed_possible_multicopy         19.12%    passed     88.55%
3422  JERC-145-1-Rh|ref63|pass_single_dominant                25.11%    passed     98.64%
3423  JERC-146-Rh|ref63|pass_mixed_possible_multicopy         12.39%    passed     83.97%
3424  JERC-149-Ro|ref63|pass_single_dominant                  20.48%    passed     69.55%
3425  JERC-151-No|ref63|pass_single_dominant                  17.33%    passed     76.97%
3426  JERC-151-Ro|ref63|pass_mixed_possible_multicopy         12.71%    passed     72.41%
3427  JERC-152-Rh|ref63|pass_mixed_possible_multicopy         13.76%    passed     67.56%
3428  JERC-153-No|ref63|pass_mixed_possible_multicopy         10.92%    passed     57.90%
3429  JERC-154-Rh|ref63|pass_mixed_possible_multicopy          8.19%    passed     97.46%
3430  JERC-155-No|ref63|pass_single_dominant                   9.45%    passed     97.08%
3431  JERC-155-Rh|ref63|pass_mixed_possible_multicopy         13.24%    passed     87.40%
3432  JERC-155-Ro|ref63|pass_single_dominant                  17.12%    passed     82.89%
3433  JERC-156-No|ref63|pass_single_dominant                  17.86%    passed     76.70%
3434  JERC-156-Rh|ref63|pass_mixed_possible_multicopy         10.71%    passed     85.72%
3435  JERC-156-Ro|ref63|pass_single_dominant                  18.70%    passed     82.29%
3436  JERC-157-2-No|ref63|pass_single_dominant                15.97%    passed     39.67%
3437  JERC-16-2-No|ref63|pass_single_dominant                 10.82%    passed     80.62%
3438  JERC-16-2-Rh|ref63|pass_mixed_possible_multicopy         8.72%    passed     93.73%
3439  JERC-16-2-Ro|ref63|pass_single_dominant                 10.82%    passed     86.09%
3440  JERC-161-Rh|ref63|pass_single_dominant                  22.58%    passed     96.10%
3441  JERC-161-Ro|ref63|pass_single_dominant                  13.97%    passed     99.53%
3442  JERC-164-Ro|ref63|pass_single_dominant                   9.87%    passed     95.78%
3443  JERC-165-No|ref63|pass_mixed_possible_multicopy         11.76%    passed     68.84%
3444  JERC-165-Ro|ref63|pass_single_dominant                  10.19%    passed     96.46%
3445  JERC-167-No|ref63|pass_single_dominant                   9.87%    passed     49.06%
3446  JERC-168-Ro|ref63|pass_mixed_possible_multicopy         16.28%    passed     47.95%
3447  JERC-169-No|ref63|pass_single_dominant                   9.35%    passed     87.73%
3448  JERC-170-No|ref63|pass_single_dominant                  11.55%    passed     22.39%
3449  JERC-171-No|ref63|pass_mixed_possible_multicopy         18.80%    passed     50.25%
3450  JERC-171-Ro|ref63|pass_mixed_possible_multicopy          9.35%    passed     59.98%
3451  JERC-172-2-No|ref63|pass_single_dominant                18.80%    passed     94.45%
3452  JERC-172-2-Ro|ref63|pass_single_dominant                17.86%    passed     72.28%
3453  JERC-175-1-No|ref63|pass_single_dominant                 7.77%    passed     79.98%
3454  JERC-175-1-Rh|ref63|pass_single_dominant                 8.51%    passed     68.95%
3455  JERC-176-5-No|ref63|pass_mixed_possible_multicopy       14.29%    passed     19.49%
3456  JERC-177-Rh|ref63|pass_mixed_possible_multicopy         11.24%    passed     86.00%
3457  JERC-177-Ro|ref63|pass_single_dominant                  23.00%    passed     83.07%
3458  JERC-178-2-No|ref63|pass_single_dominant                21.22%    passed     82.27%
3459  JERC-179-4-Ro|ref63|pass_single_dominant                10.40%    passed     92.92%
3460  JERC-18-2-No|ref63|pass_single_dominant                 12.71%    passed     76.54%
3461  JERC-18-2-Rh|ref63|pass_mixed_possible_multicopy        14.92%    passed     94.44%
3462  JERC-18-2-Ro|ref63|pass_single_dominant                 10.50%    passed     74.38%
3463  JERC-180-5-No|ref63|pass_mixed_possible_multicopy       13.97%    passed     33.11%
3464  JERC-181-1-Rh|ref63|pass_single_dominant                20.80%    passed     83.18%
3465  JERC-183-3-No|ref63|pass_mixed_possible_multicopy       12.08%    passed     85.51%
3466  JERC-183-3-Ro|ref63|pass_single_dominant                22.48%    passed     57.27%
3467  JERC-186-1-Ro|ref63|pass_single_dominant                12.71%    passed     88.32%
3468  JERC-187-1-Ro|ref63|pass_mixed_possible_multicopy       19.43%    passed     78.04%
3469  JERC-189-1-Rh|ref63|pass_mixed_possible_multicopy       16.18%    passed     96.26%
3470  JERC-191-1-No|ref63|pass_single_dominant                12.39%    passed     82.73%
3471  JERC-192-1-No|ref63|pass_single_dominant                16.60%    passed     83.41%
3472  JERC-197-1-No|ref63|pass_single_dominant                17.23%    passed     81.94%
3473  JERC-197-1-Ro|ref63|pass_single_dominant                16.49%    passed     99.29%
3474  JERC-198-No|ref63|pass_mixed_possible_multicopy         12.39%    passed     49.30%
3475  JERC-198-Ro|ref63|pass_single_dominant                  12.92%    passed     90.81%
3476  JERC-199-No|ref63|pass_mixed_possible_multicopy         16.28%    passed     72.56%
3477  JERC-199-Ro|ref63|pass_mixed_possible_multicopy         14.50%    passed     55.88%
3478  JERC-2-1-No|ref63|pass_mixed_possible_multicopy          9.77%    failed      0.47%
3479  JERC-2-1-Rh|ref63|pass_mixed_possible_multicopy         14.50%    passed      7.19%
3480  JERC-2-1-Ro|ref63|pass_mixed_possible_multicopy         12.71%    passed     96.51%
3481  JERC-20-1-No|ref63|pass_mixed_possible_multicopy        14.71%    passed     70.43%
3482  JERC-20-1-Rh|ref63|pass_mixed_possible_multicopy        13.66%    passed     87.68%
3483  JERC-20-1-Ro|ref63|pass_mixed_possible_multicopy        12.61%    passed     98.00%
3484  JERC-201-1-No|ref63|pass_single_dominant                13.24%    passed      9.80%
3485  JERC-202-1-No|ref63|pass_mixed_possible_multicopy       13.76%    passed     69.23%
3486  JERC-203-1-No|ref63|pass_single_dominant                 9.03%    passed     79.08%
3487  JERC-204-1-Ro|ref63|pass_single_dominant                10.40%    passed     67.53%
3488  JERC-23-1-No|ref63|pass_mixed_possible_multicopy        14.18%    passed     72.15%
3489  JERC-23-1-Rh|ref63|pass_mixed_possible_multicopy        10.19%    passed     91.18%
3490  JERC-25-1-No|ref63|pass_mixed_possible_multicopy        22.58%    passed     60.99%
3491  JERC-25-1-Rh|ref63|pass_mixed_possible_multicopy        12.29%    passed     95.36%
3492  JERC-25-1-Ro|ref63|pass_mixed_possible_multicopy        11.76%    passed     94.58%
3493  JERC-26-5-No|ref63|pass_mixed_possible_multicopy        12.71%    passed     74.08%
3494  JERC-27-2-No|ref63|pass_single_dominant                 14.60%    passed     89.22%
3495  JERC-28-4-No|ref63|pass_single_dominant                 21.74%    passed     68.19%
3496  JERC-28-4-Rh|ref63|pass_single_dominant                 15.44%    passed     88.75%
3497  JERC-28-4-Ro|ref63|pass_single_dominant                  8.82%    passed     91.36%
3498  JERC-3-1-No|ref63|pass_single_dominant                   9.14%    failed      0.52%
3499  JERC-3-1-Rh|ref63|pass_mixed_possible_multicopy         12.50%    passed     96.79%
3500  JERC-3-1-Ro|ref63|pass_mixed_possible_multicopy         14.81%    passed     66.00%
3501  JERC-30-3-No|ref63|pass_single_dominant                 21.95%    passed     61.45%
3502  JERC-30-3-Rh|ref63|pass_single_dominant                  7.67%    passed     97.76%
3503  JERC-34-4-No|ref63|pass_single_dominant                  6.30%    passed     94.64%
3504  JERC-35-1-Ro|ref63|pass_mixed_possible_multicopy        11.87%    passed     20.81%
3505  JERC-36-1-Ro|ref63|pass_mixed_possible_multicopy         8.72%    passed     27.77%
3506  JERC-37-2-No|ref63|pass_single_dominant                 10.50%    passed     11.96%
3507  JERC-37-2-Ro|ref63|pass_mixed_possible_multicopy        12.82%    passed      7.91%
3508  JERC-38-2-No|ref63|pass_mixed_possible_multicopy        14.92%    passed     28.89%
3509  JERC-4-1-No|ref63|pass_mixed_possible_multicopy          8.30%    failed      1.28%
3510  JERC-4-1-Rh|ref63|pass_mixed_possible_multicopy         11.97%    passed     94.57%
3511  JERC-41-2-Rh|ref63|pass_mixed_possible_multicopy        19.96%    passed     88.77%
3512  JERC-42-1-No|ref63|pass_single_dominant                  7.35%    passed     81.48%
3513  JERC-43-1-No|ref63|pass_single_dominant                 14.29%    failed      4.91%
3514  JERC-44-2-No|ref63|pass_mixed_possible_multicopy        14.81%    passed     81.13%
3515  JERC-45-5-Ro|ref63|pass_mixed_possible_multicopy        12.50%    passed     40.91%
3516  JERC-46-1-Rh|ref63|pass_mixed_possible_multicopy        14.50%    passed     95.13%
3517  JERC-47-2-Rh|ref63|pass_mixed_possible_multicopy        13.34%    passed     89.98%
3518  JERC-47-2-Ro|ref63|pass_mixed_possible_multicopy         9.87%    passed     97.49%
3519  JERC-48-3-Rh|ref63|pass_mixed_possible_multicopy        13.55%    passed     86.81%
3520  JERC-49-2-Rh|ref63|pass_mixed_possible_multicopy        14.50%    passed     99.64%
3521  JERC-49-2-Ro|ref63|pass_mixed_possible_multicopy        15.02%    passed     83.51%
3522  JERC-5-3-No|ref63|pass_mixed_possible_multicopy          8.93%    failed      0.66%
3523  JERC-5-3-Rh|ref63|pass_single_dominant                   9.77%    passed     91.21%
3524  JERC-5-3-Ro|ref63|pass_mixed_possible_multicopy         14.50%    passed     80.50%
3525  JERC-50-5-Rh|ref63|pass_single_dominant                  9.24%    passed     89.73%
3526  JERC-50-5-Ro|ref63|pass_mixed_possible_multicopy         9.45%    passed     92.98%
3527  JERC-51-1-Rh|ref63|pass_mixed_possible_multicopy        15.02%    passed     88.35%
3528  JERC-54-2-Rh|ref63|pass_mixed_possible_multicopy        13.45%    passed     88.79%
3529  JERC-54-2-Ro|ref63|pass_single_dominant                 14.39%    passed     99.61%
3530  JERC-6-3-No|ref63|pass_single_dominant                   7.04%    failed      2.97%
3531  JERC-6-3-Rh|ref63|pass_single_dominant                   7.46%    passed     91.91%
3532  JERC-7-2-No|ref63|pass_single_dominant                  11.13%    passed     88.24%
3533  JERC-7-2-Rh|ref63|pass_single_dominant                   7.46%    passed     99.05%
3534  JERC-7-2-Ro|ref63|pass_mixed_possible_multicopy          9.24%    passed     94.12%
3535  JERC-8-2-No|ref63|pass_single_dominant                   9.24%    passed     97.99%
3536  JERC-8-2-Rh|ref63|pass_single_dominant                   7.35%    passed     96.90%
3537  JERC-84-3-No|ref63|pass_mixed_possible_multicopy        14.92%    passed     32.02%
3538  JERC-85-2-No|ref63|pass_mixed_possible_multicopy        20.80%    passed     29.50%
3539  JERC-87-1-No|ref63|pass_mixed_possible_multicopy        10.08%    passed     33.19%
3540  JERC-87-1-Rh|ref63|pass_mixed_possible_multicopy        15.65%    passed     69.14%
3541  JERC-88-1-Ro|ref63|pass_mixed_possible_multicopy        13.24%    passed     24.18%
3542  JERC-89-1-Ro|ref63|pass_mixed_possible_multicopy        10.19%    passed     71.77%
3543  JERC-90-1-No|ref63|pass_mixed_possible_multicopy         9.45%    passed     97.62%
3544  JERC-90-1-Rh|ref63|pass_mixed_possible_multicopy        11.66%    passed     76.25%
3545  JERC-90-1-Ro|ref63|pass_mixed_possible_multicopy        16.81%    passed     73.61%
3546  JERC-92-4-Rh|ref63|pass_single_dominant                 22.90%    passed     66.16%
3547  JERC-93-1-No|ref63|pass_mixed_possible_multicopy        11.55%    passed     63.39%
3548  JERC-93-1-Rh|ref63|pass_single_dominant                  9.77%    passed     97.31%
3549  JERC-94-1-No|ref63|pass_single_dominant                  6.83%    passed     94.44%
3550  JERC-94-1-Rh|ref63|pass_single_dominant                 21.74%    passed     59.31%
3551  JERC-94-1-Ro|ref63|pass_mixed_possible_multicopy        18.91%    passed     83.72%
3552  JERC-96-2-No|ref63|pass_single_dominant                 23.74%    passed     55.22%
3553  JERC-98-1-No|ref63|pass_single_dominant                 15.13%    passed     97.57%
3554  JERC-98-1-Rh|ref63|pass_single_dominant                 13.24%    passed     91.42%
3555  JERC-98-1-Ro|ref63|pass_single_dominant                 12.92%    passed     67.42%
3556  JERC-98-2-No|ref63|pass_single_dominant                 16.39%    passed     77.45%
3557  JERC-98-3-No|ref63|pass_single_dominant                  9.98%    passed     32.65%
3558  JERC-98-3-Ro|ref63|pass_single_dominant                  9.35%    passed     91.63%
3559  JERC-98-4-No|ref63|pass_mixed_possible_multicopy        12.08%    passed     92.78%
3560  JERC-99-1-Rh|ref63|pass_single_dominant                 16.18%    passed     77.84%
3561  JERC-99-2-No|ref63|pass_single_dominant                 10.50%    passed     57.51%
3562  JERC-99-2-Ro|ref63|pass_single_dominant                 17.44%    passed     91.82%
3563  JERC-99-3-No|ref63|pass_single_dominant                 23.53%    passed     38.57%
3564  JERC-99-4-No|ref63|pass_single_dominant                 19.33%    passed     23.21%
3565  JERC-99-4-Rh|ref63|pass_single_dominant                 10.82%    passed     87.81%
3566  JERC-AMFR-56-1-No|ref63|pass_single_dominant             6.20%    passed     93.50%
3567  JERC-AMFR-56-1-Rh|ref63|pass_mixed_possible_multicopy   12.39%    passed     99.92%
3568  JERC-AMFR-56-1-Ro|ref63|pass_mixed_possible_multicopy    9.45%    passed     99.07%
3569  JERC-AMFU-71-1-No|ref63|pass_single_dominant             6.09%    passed     89.77%
3570  JERC-AMFU-71-1-Rh|ref63|pass_single_dominant            13.55%    passed     87.50%
3571  JERC-AMFU-71-1-Ro|ref63|pass_single_dominant             7.98%    passed     86.93%
3572  JERC-CERE-67-1-No|ref63|pass_single_dominant            15.97%    passed     34.08%
3573  JERC-CERE-67-1-Rh|ref63|pass_mixed_possible_multicopy   23.32%    passed     92.95%
3574  JERC-CEVI-57-2-No|ref63|pass_single_dominant            10.19%    failed      3.07%
3575  JERC-CHNI-60-3-No|ref63|pass_single_dominant             9.24%    passed      7.84%
3576  JERC-CHNI-60-3-Rh|ref63|pass_mixed_possible_multicopy    9.56%    passed     99.02%
3577  JERC-CHNI-86-4-Rh|ref63|pass_single_dominant            21.11%    passed     85.63%
3578  JERC-CLMA-62-5-Rh|ref63|pass_mixed_possible_multicopy    8.61%    passed     90.98%
3579  JERC-CLMA-83-1-Rh|ref63|pass_mixed_possible_multicopy   12.82%    passed     81.15%
3580  JERC-CRJU-86-1-Rh|ref63|pass_single_dominant            11.97%    passed     80.58%
3581  JERC-DEFL-31-5-No|ref63|pass_single_dominant            10.19%    failed      3.44%
3582  JERC-DEFL-31-5-Rh|ref63|pass_mixed_possible_multicopy   13.24%    passed     91.42%
3583  JERC-DEFL-61-3-No|ref63|pass_mixed_possible_multicopy   11.13%    failed      3.85%
3584  JERC-DEFL-61-3-Rh|ref63|pass_mixed_possible_multicopy   12.71%    passed     69.37%
3585  JERC-DEFL-61-3-Ro|ref63|pass_mixed_possible_multicopy   13.76%    passed     75.24%
3586  JERC-DEFL-75-2-No|ref63|pass_single_dominant            12.82%    passed      8.65%
3587  JERC-DEST-32-1-No|ref63|pass_mixed_possible_multicopy    8.72%    passed     77.04%
3588  JERC-DEST-32-1-Ro|ref63|pass_mixed_possible_multicopy   11.03%    passed     99.75%
3589  JERC-DEST-68-4-No|ref63|pass_single_dominant            10.29%    failed      2.82%
3590  JERC-GAVO-33-1-No|ref63|pass_mixed_possible_multicopy   11.24%    passed     95.92%
3591  JERC-GAVO-33-1-Rh|ref63|pass_mixed_possible_multicopy   11.13%    passed     94.00%
3592  JERC-LEST-78-5-Ro|ref63|pass_mixed_possible_multicopy   23.11%    passed     98.26%
3593  JERC-RHDI-59-3-No|ref63|pass_single_dominant             9.66%    failed      3.14%
3594  JERC-RHDI-59-3-Rh|ref63|pass_mixed_possible_multicopy   12.92%    passed     92.42%
3595  JERC-RHDI-59-3-Ro|ref63|pass_single_dominant            21.01%    passed     86.89%
3596  JERC-RHRE-55-1-No|ref63|pass_single_dominant            12.50%    passed     18.54%
3597  JERC-RHRE-55-1-Rh|ref63|pass_mixed_possible_multicopy    9.45%    passed     91.03%
3598  JERC-RHTO-58-1-No|ref63|pass_single_dominant             6.83%    passed     17.25%
3599  JERC-RHTO-58-1-Rh|ref63|pass_single_dominant            11.03%    passed     19.13%
3600  JERC-RHTO-58-1-Ro|ref63|pass_mixed_possible_multicopy   19.33%    passed     73.09%
3601  JERC-STBI-63-1-Rh|ref63|pass_single_dominant            15.97%    passed     83.95%
3602  JERC-TECW-66-3-No|ref63|pass_mixed_possible_multicopy   15.23%    passed     95.98%
3603  JORN-1-No|ref63|pass_mixed_possible_multicopy            7.25%    passed     99.70%
3604  JORN-1-Rh|ref63|pass_mixed_possible_multicopy           10.61%    passed     92.50%
3605  JORN-1-Ro|ref63|pass_mixed_possible_multicopy           12.29%    passed     99.73%
3606  JORN-2-1-No|ref63|pass_mixed_possible_multicopy          7.56%    passed     99.57%
3607  JORN-2-1-Rh|ref63|pass_mixed_possible_multicopy          8.19%    passed     98.87%
3608  JORN-2-1-Ro|ref63|pass_mixed_possible_multicopy          9.66%    passed     94.77%
3609  JORN-3-1-No|ref63|pass_mixed_possible_multicopy          9.35%    passed     99.40%
3610  JORN-3-1-Rh|ref63|pass_mixed_possible_multicopy         10.92%    passed     95.82%
3611  JORN-3-1-Ro|ref63|pass_mixed_possible_multicopy         10.29%    passed     90.67%
3612  JORN-4-1-No|ref63|pass_mixed_possible_multicopy         10.61%    passed     91.81%
3613  JORN-4-1-Rh|ref63|pass_mixed_possible_multicopy          8.19%    passed     93.40%
3614  JORN-4-1-Ro|ref63|pass_mixed_possible_multicopy         10.29%    passed     98.73%
3615  KONA-1-1-No|ref63|pass_mixed_possible_multicopy          9.87%    passed     66.96%
3616  KONA-1-1-Rh|ref63|pass_mixed_possible_multicopy         10.29%    passed     98.73%
3617  KONA-1-1-Ro|ref63|pass_mixed_possible_multicopy         10.29%    passed     98.73%
3618  KONA-2-1-No|ref63|pass_mixed_possible_multicopy         10.29%    passed     98.73%
3619  KONA-2-1-Rh|ref63|pass_mixed_possible_multicopy         10.29%    passed     98.73%
3620  KONA-2-1-Ro|ref63|pass_mixed_possible_multicopy         10.29%    passed     98.73%
3621  KONA-3-1-No|ref63|pass_mixed_possible_multicopy         10.29%    passed     98.73%
3622  KONA-3-1-Rh|ref63|pass_mixed_possible_multicopy         10.29%    passed     98.73%
3623  KONZ-1-No|ref63|pass_single_dominant                     7.88%    passed     30.77%
3624  KONZ-1-Ro|ref63|pass_single_dominant                    21.64%    passed     97.94%
3625  KONZ-10-1-No|ref63|pass_mixed_possible_multicopy        15.23%    passed     77.35%
3626  KONZ-10-1-Rh|ref63|pass_mixed_possible_multicopy        18.59%    passed     93.90%
3627  KONZ-10-1-Ro|ref63|pass_single_dominant                 13.03%    passed     89.88%
3628  KONZ-11-1-No|ref63|pass_mixed_possible_multicopy         7.67%    passed     94.18%
3629  KONZ-11-1-Rh|ref63|pass_single_dominant                 15.86%    passed     79.68%
3630  KONZ-12-1-No|ref63|pass_single_dominant                  6.51%    passed     65.51%
3631  KONZ-12-1-Rh|ref63|pass_single_dominant                 19.01%    passed     93.62%
3632  KONZ-12-1-Ro|ref63|pass_single_dominant                 24.68%    passed     98.05%
3633  KONZ-13-1-No|ref63|pass_single_dominant                 22.37%    passed     59.08%
3634  KONZ-13-1-Ro|ref63|pass_mixed_possible_multicopy         7.88%    passed     84.90%
3635  KONZ-14-1-Rh|ref63|pass_mixed_possible_multicopy        19.75%    passed     68.68%
3636  KONZ-15-1-Rh|ref63|pass_single_dominant                  9.03%    passed     97.98%
3637  KONZ-15-1-Ro|ref63|pass_mixed_possible_multicopy        10.50%    passed     84.10%
3638  KONZ-16-1-Rh|ref63|pass_single_dominant                  9.24%    passed     53.47%
3639  KONZ-2-1-No|ref63|pass_single_dominant                  13.34%    passed     60.80%
3640  KONZ-2-1-Rh|ref63|pass_mixed_possible_multicopy         22.90%    passed     75.05%
3641  KONZ-2-1-Ro|ref63|pass_mixed_possible_multicopy         10.61%    passed     89.13%
3642  KONZ-3-1-No|ref63|pass_mixed_possible_multicopy         10.08%    passed     91.77%
3643  KONZ-3-1-Rh|ref63|pass_mixed_possible_multicopy         10.40%    passed     96.26%
3644  KONZ-3-1-Ro|ref63|pass_mixed_possible_multicopy         10.61%    passed     98.48%
3645  KONZ-4-1-No|ref63|pass_mixed_possible_multicopy         17.54%    passed     81.36%
3646  KONZ-4-1-Rh|ref63|pass_mixed_possible_multicopy         11.55%    passed     99.01%
3647  KONZ-5-1-No|ref63|pass_single_dominant                   9.14%    passed     76.64%
3648  KONZ-5-1-Rh|ref63|pass_mixed_possible_multicopy         14.29%    passed     94.47%
3649  KONZ-5-1-Ro|ref63|pass_single_dominant                   7.98%    passed     86.10%
3650  KONZ-6-1-No|ref63|pass_single_dominant                   6.09%    passed     69.77%
3651  KONZ-6-1-Rh|ref63|pass_single_dominant                   8.19%    passed     84.15%
3652  KONZ-6-1-Ro|ref63|pass_mixed_possible_multicopy         10.92%    passed     92.87%
3653  KONZ-7-1-No|ref63|pass_single_dominant                   8.61%    passed     81.95%
3654  KONZ-7-1-Rh|ref63|pass_mixed_possible_multicopy         14.50%    passed     95.85%
3655  KONZ-7-1-Ro|ref63|pass_mixed_possible_multicopy         25.42%    passed     89.78%
3656  KONZ-8-1-No|ref63|pass_single_dominant                   7.04%    passed     60.22%
3657  KONZ-8-1-Rh|ref63|pass_mixed_possible_multicopy         10.71%    passed     99.02%
3658  KONZ-8-1-Ro|ref63|pass_single_dominant                   9.03%    passed     94.66%
3659  KONZ-9-2-No|ref63|pass_single_dominant                  17.12%    passed     81.94%
3660  KONZ-9-2-Ro|ref63|pass_single_dominant                  11.24%    passed     75.34%
3661  LAJA-1-1-No|ref63|pass_single_dominant                  11.03%    passed     89.15%
3662  LAJA-1-2-Rh|ref63|pass_mixed_possible_multicopy         27.31%    passed     71.72%
3663  LAJA-1-3-Rh|ref63|pass_mixed_possible_multicopy         14.39%    passed     93.61%
3664  LAJA-11-3-No|ref63|pass_mixed_possible_multicopy        14.71%    passed     54.88%
3665  LAJA-11-3-Rh|ref63|pass_mixed_possible_multicopy        25.95%    passed     25.20%
3666  LAJA-12-1-Ro|ref63|pass_mixed_possible_multicopy        15.02%    passed     70.19%
3667  LAJA-13-3-Ro|ref63|pass_single_dominant                 23.95%    passed     70.37%
3668  LAJA-14-1-No|ref63|pass_mixed_possible_multicopy        18.70%    passed     87.85%
3669  LAJA-14-1-Rh|ref63|pass_mixed_possible_multicopy        24.89%    passed     99.28%
3670  LAJA-14-1-Ro|ref63|pass_mixed_possible_multicopy        19.54%    passed     94.24%
3671  LAJA-16-2-Rh|ref63|pass_single_dominant                 11.45%    passed     64.14%
3672  LAJA-17-1-No|ref63|pass_single_dominant                 11.76%    passed     60.96%
3673  LAJA-17-1-Rh|ref63|pass_mixed_possible_multicopy        26.79%    passed     81.94%
3674  LAJA-17-1-Ro|ref63|pass_mixed_possible_multicopy        17.96%    passed     58.55%
3675  LAJA-18-1-No|ref63|pass_mixed_possible_multicopy        18.91%    passed     81.81%
3676  LAJA-19-2-Rh|ref63|pass_mixed_possible_multicopy        22.48%    passed     47.86%
3677  LAJA-2-1-No|ref63|pass_single_dominant                  23.63%    passed     96.54%
3678  LAJA-2-1-Rh|ref63|pass_mixed_possible_multicopy         16.39%    passed     84.34%
3679  LAJA-2-1-Ro|ref63|pass_single_dominant                  23.53%    passed     52.83%
3680  LAJA-2-2-Rh|ref63|pass_mixed_possible_multicopy         14.60%    passed     95.26%
3681  LAJA-2-3-No|ref63|pass_mixed_possible_multicopy         15.55%    passed     62.16%
3682  LAJA-2-3-Rh|ref63|pass_mixed_possible_multicopy         19.54%    passed     77.34%
3683  LAJA-20-1-Ro|ref63|pass_mixed_possible_multicopy        15.55%    passed     80.97%
3684  LAJA-21-1-No|ref63|pass_mixed_possible_multicopy        11.87%    passed     81.55%
3685  LAJA-22-2-No|ref63|pass_mixed_possible_multicopy        10.82%    passed     90.00%
3686  LAJA-22-2-Rh|ref63|pass_mixed_possible_multicopy        14.18%    passed     96.86%
3687  LAJA-23-1-No|ref63|pass_mixed_possible_multicopy        17.54%    passed     19.78%
3688  LAJA-23-1-Rh|ref63|pass_mixed_possible_multicopy        25.42%    passed     50.35%
3689  LAJA-25-1-No|ref63|pass_mixed_possible_multicopy        11.55%    passed     95.55%
3690  LAJA-26-1-No|ref63|pass_mixed_possible_multicopy        10.19%    passed     44.97%
3691  LAJA-26-1-Ro|ref63|pass_mixed_possible_multicopy        19.54%    passed     64.96%
3692  LAJA-3-1-No|ref63|pass_single_dominant                  24.79%    passed     90.25%
3693  LAJA-3-1-Rh|ref63|pass_mixed_possible_multicopy         16.39%    passed     96.41%
3694  LAJA-3-1-Ro|ref63|pass_mixed_possible_multicopy         13.34%    passed     94.91%
3695  LAJA-3-2-No|ref63|pass_mixed_possible_multicopy         11.87%    passed     81.21%
3696  LAJA-3-2-Rh|ref63|pass_single_dominant                  11.66%    passed     62.18%
3697  LAJA-3-2-Ro|ref63|pass_single_dominant                  13.45%    passed     86.24%
3698  LAJA-3-3-No|ref63|pass_mixed_possible_multicopy         12.61%    passed     88.80%
3699  LAJA-3-3-Rh|ref63|pass_mixed_possible_multicopy         14.92%    passed     93.46%
3700  LAJA-4-1-No|ref63|pass_single_dominant                   8.61%    passed     71.25%
3701  LAJA-5-1-No|ref63|pass_single_dominant                   7.35%    passed     66.26%
3702  LAJA-5-1-Rh|ref63|pass_mixed_possible_multicopy         11.55%    passed     86.17%
3703  LAJA-5-1-Ro|ref63|pass_single_dominant                  16.28%    passed     71.41%
3704  LAJA-6-1-No|ref63|pass_mixed_possible_multicopy         11.87%    passed     88.98%
3705  LAJA-6-1-Rh|ref63|pass_single_dominant                   7.56%    passed     78.25%
3706  LAJA-6-1-Ro|ref63|pass_mixed_possible_multicopy         10.92%    passed     72.13%
3707  LAJA-7-1-No|ref63|pass_mixed_possible_multicopy         19.85%    passed     39.59%
3708  LAJA-7-1-Rh|ref63|pass_mixed_possible_multicopy         22.48%    passed     86.01%
3709  LAJA-7-1-Ro|ref63|pass_mixed_possible_multicopy         16.18%    passed     85.64%
3710  LAJA-9-1-Rh|ref63|pass_mixed_possible_multicopy         23.74%    passed     93.67%
3711  LAJA-9-1-Ro|ref63|pass_mixed_possible_multicopy         21.11%    passed     79.79%
3712  LENO-10-2-No|ref63|pass_single_dominant                  9.03%    passed     86.15%
3713  LENO-10-2-Rh|ref63|pass_single_dominant                 18.59%    passed     95.08%
3714  LENO-10-2-Ro|ref63|pass_single_dominant                 11.34%    passed     94.46%
3715  LENO-12-3-No|ref63|pass_single_dominant                  7.14%    passed     97.07%
3716  LENO-13-2-No|ref63|pass_mixed_possible_multicopy        12.18%    passed     94.34%
3717  LENO-13-2-Rh|ref63|pass_single_dominant                 13.03%    passed     96.10%
3718  LENO-13-2-Ro|ref63|pass_mixed_possible_multicopy         8.09%    passed     95.78%
3719  LENO-14-3-No|ref63|pass_mixed_possible_multicopy        14.81%    passed     90.08%
3720  LENO-14-3-Ro|ref63|pass_mixed_possible_multicopy        12.18%    passed     90.37%
3721  LENO-15-2-No|ref63|pass_mixed_possible_multicopy        12.18%    passed     98.41%
3722  LENO-16-2-No|ref63|pass_mixed_possible_multicopy        13.13%    passed     90.32%
3723  LENO-2-1-Rh|ref63|pass_single_dominant                  14.71%    passed     73.54%
3724  LENO-2-1-Ro|ref63|pass_single_dominant                  23.74%    passed     89.27%
3725  LENO-3-2-No|ref63|pass_mixed_possible_multicopy         12.92%    passed     76.88%
3726  LENO-3-2-Rh|ref63|pass_mixed_possible_multicopy         11.45%    passed     99.82%
3727  LENO-3-2-Ro|ref63|pass_mixed_possible_multicopy         12.82%    passed     98.23%
3728  LENO-4-3-No|ref63|pass_single_dominant                  22.58%    passed     64.95%
3729  LENO-5-2-No|ref63|pass_single_dominant                   7.98%    passed     96.68%
3730  LENO-5-2-Rh|ref63|pass_mixed_possible_multicopy         10.92%    passed     96.11%
3731  LENO-5-2-Ro|ref63|pass_mixed_possible_multicopy         12.08%    passed     97.55%
3732  LENO-6-1-No|ref63|pass_single_dominant                  17.75%    passed     62.12%
3733  LENO-6-1-Rh|ref63|pass_mixed_possible_multicopy         13.13%    passed     76.47%
3734  LENO-6-1-Ro|ref63|pass_single_dominant                  13.97%    passed     96.19%
3735  LENO-7-2-No|ref63|pass_single_dominant                   7.98%    passed     96.84%
3736  LENO-7-2-Rh|ref63|pass_mixed_possible_multicopy         14.39%    passed     99.09%
3737  LENO-7-2-Ro|ref63|pass_mixed_possible_multicopy         10.61%    passed     96.91%
3738  LENO-9-2-No|ref63|pass_single_dominant                   7.98%    passed     96.68%
3739  LENO-9-2-Rh|ref63|pass_single_dominant                   8.09%    passed     95.72%
3740  MLBS-1-1-Ro|ref63|pass_mixed_possible_multicopy         11.13%    passed     95.35%
3741  MLBS-2-1-No|ref63|pass_single_dominant                   8.40%    passed     93.18%
3742  N35-4-D-No|ref63|pass_single_dominant                    7.04%    passed     19.28%
3743  N35-4-D-Ro|ref63|pass_single_dominant                    9.66%    passed     17.28%
3744  N36-4-D-No|ref63|pass_mixed_possible_multicopy          19.85%    passed     27.74%
3745  N36-4-D-Rh|ref63|pass_mixed_possible_multicopy          17.96%    passed     86.75%
3746  N36-4-D-Ro|ref63|pass_mixed_possible_multicopy          18.91%    passed     47.06%
3747  N38-2-D-Ro|ref63|pass_mixed_possible_multicopy          14.08%    passed     93.28%
3748  N39-2-D-Rh|ref63|pass_single_dominant                   18.49%    passed     38.01%
3749  N49-3-D-No|ref63|pass_mixed_possible_multicopy          12.18%    passed     97.66%
3750  NIWO-1-No|ref63|pass_mixed_possible_multicopy           16.49%    passed     37.11%
3751  NIWO-1-Rh|ref63|pass_mixed_possible_multicopy           17.96%    passed     47.29%
3752  NIWO-2-Rh|ref63|pass_mixed_possible_multicopy           19.64%    passed     64.20%
3753  NOGP-1-1-Rh|ref63|pass_single_dominant                   8.40%    passed     90.01%
3754  NOGP-1-1-Ro|ref63|pass_mixed_possible_multicopy          9.14%    passed     80.18%
3755  NOGP-2-1-No|ref63|pass_mixed_possible_multicopy         15.97%    passed     60.87%
3756  NOGP-2-1-Rh|ref63|pass_mixed_possible_multicopy         11.45%    passed     93.96%
3757  NOGP-7-2-No|ref63|pass_single_dominant                  13.34%    passed     53.82%
3758  OAES-1-1-No|ref63|pass_single_dominant                   7.98%    passed     13.74%
3759  OAES-1-1-Rh|ref63|pass_single_dominant                   9.14%    passed     52.74%
3760  OAES-1-1-Ro|ref63|pass_mixed_possible_multicopy         19.01%    passed     72.18%
3761  OAES-10-1-No|ref63|pass_mixed_possible_multicopy         7.46%    passed     84.99%
3762  OAES-10-1-Rh|ref63|pass_single_dominant                 11.76%    passed     76.75%
3763  OAES-10-1-Ro|ref63|pass_mixed_possible_multicopy         7.35%    passed     83.25%
3764  OAES-11-1-No|ref63|pass_single_dominant                  6.20%    passed     90.14%
3765  OAES-11-1-Rh|ref63|pass_mixed_possible_multicopy         8.61%    passed     92.38%
3766  OAES-12-2-No|ref63|pass_single_dominant                  6.09%    passed     97.24%
3767  OAES-12-2-Rh|ref63|pass_single_dominant                  7.35%    passed     95.28%
3768  OAES-12-2-Ro|ref63|pass_single_dominant                  6.30%    passed     97.23%
3769  OAES-13-1-Rh|ref63|pass_mixed_possible_multicopy        10.50%    passed     97.08%
3770  OAES-14-1-No|ref63|pass_single_dominant                 13.24%    passed     93.74%
3771  OAES-14-1-Ro|ref63|pass_mixed_possible_multicopy        11.66%    passed     92.82%
3772  OAES-15-No|ref63|pass_mixed_possible_multicopy           7.88%    passed     81.85%
3773  OAES-15-Ro|ref63|pass_mixed_possible_multicopy           7.98%    passed     83.25%
3774  OAES-16-1-No|ref63|pass_single_dominant                  6.09%    passed     22.36%
3775  OAES-16-1-Rh|ref63|pass_single_dominant                  6.09%    passed     22.36%
3776  OAES-16-1-Ro|ref63|pass_single_dominant                  7.25%    passed     89.50%
3777  OAES-17-No|ref63|pass_mixed_possible_multicopy           7.46%    passed     94.15%
3778  OAES-17-Rh|ref63|pass_mixed_possible_multicopy           8.40%    passed     92.67%
3779  OAES-17-Ro|ref63|pass_single_dominant                    6.93%    passed     95.32%
3780  OAES-18-3-No|ref63|pass_mixed_possible_multicopy        10.29%    passed     94.94%
3781  OAES-18-3-Rh|ref63|pass_mixed_possible_multicopy        12.08%    passed     96.87%
3782  OAES-18-3-Ro|ref63|pass_mixed_possible_multicopy         9.77%    passed     98.40%
3783  OAES-2-1-No|ref63|pass_mixed_possible_multicopy         17.12%    passed     84.74%
3784  OAES-2-1-Ro|ref63|pass_mixed_possible_multicopy         12.08%    passed     74.82%
3785  OAES-20-No|ref63|pass_single_dominant                   10.08%    passed     96.72%
3786  OAES-20-Rh|ref63|pass_single_dominant                    7.88%    passed     96.20%
3787  OAES-20-Ro|ref63|pass_mixed_possible_multicopy           9.77%    passed     98.02%
3788  OAES-21-3-No|ref63|pass_mixed_possible_multicopy         9.03%    passed     81.42%
3789  OAES-21-3-Rh|ref63|pass_single_dominant                  8.72%    passed     87.48%
3790  OAES-21-3-Ro|ref63|pass_mixed_possible_multicopy        15.65%    passed     80.18%
3791  OAES-22-1-No|ref63|pass_mixed_possible_multicopy        12.82%    passed     91.06%
3792  OAES-22-1-Rh|ref63|pass_single_dominant                  7.04%    passed     97.74%
3793  OAES-23-1-No|ref63|pass_single_dominant                  6.09%    passed     96.20%
3794  OAES-23-1-Rh|ref63|pass_mixed_possible_multicopy         9.24%    passed     90.30%
3795  OAES-23-1-Ro|ref63|pass_single_dominant                  6.20%    passed     87.38%
3796  OAES-25-1-No|ref63|pass_single_dominant                  6.09%    passed     22.24%
3797  OAES-25-1-Rh|ref63|pass_mixed_possible_multicopy         9.03%    passed     96.45%
3798  OAES-25-1-Ro|ref63|pass_mixed_possible_multicopy        11.66%    passed     97.79%
3799  OAES-26-1-No|ref63|pass_single_dominant                  6.93%    passed     89.49%
3800  OAES-26-1-Rh|ref63|pass_mixed_possible_multicopy         8.19%    passed     99.81%
3801  OAES-26-1-Ro|ref63|pass_single_dominant                  7.14%    passed     92.01%
3802  OAES-27-2-No|ref63|pass_single_dominant                  6.09%    passed     92.36%
3803  OAES-27-2-Rh|ref63|pass_mixed_possible_multicopy        12.50%    passed     76.17%
3804  OAES-27-2-Ro|ref63|pass_single_dominant                  6.51%    passed     83.37%
3805  OAES-28-1-No|ref63|pass_single_dominant                  8.30%    passed     98.05%
3806  OAES-28-1-Rh|ref63|pass_single_dominant                 13.76%    passed     91.99%
3807  OAES-28-1-Ro|ref63|pass_mixed_possible_multicopy         9.98%    passed     96.88%
3808  OAES-29-1-No|ref63|pass_single_dominant                  6.30%    passed     97.43%
3809  OAES-29-1-Rh|ref63|pass_mixed_possible_multicopy        12.82%    passed     91.64%
3810  OAES-3-1-No|ref63|pass_single_dominant                   6.20%    passed     96.05%
3811  OAES-3-1-Rh|ref63|pass_mixed_possible_multicopy         13.24%    passed     93.15%
3812  OAES-3-1-Ro|ref63|pass_mixed_possible_multicopy         15.02%    passed     86.58%
3813  OAES-30-2-No|ref63|pass_single_dominant                  9.45%    passed     90.84%
3814  OAES-30-2-Ro|ref63|pass_single_dominant                  7.04%    passed     98.47%
3815  OAES-31-1-No|ref63|pass_mixed_possible_multicopy         8.93%    passed     97.41%
3816  OAES-31-1-Rh|ref63|pass_mixed_possible_multicopy        13.34%    passed     70.16%
3817  OAES-31-1-Ro|ref63|pass_mixed_possible_multicopy         9.24%    passed     96.18%
3818  OAES-32-1-No|ref63|pass_single_dominant                  6.72%    passed     96.11%
3819  OAES-32-1-Rh|ref63|pass_single_dominant                 16.07%    passed     94.01%
3820  OAES-32-1-Ro|ref63|pass_mixed_possible_multicopy        12.61%    passed     99.61%
3821  OAES-33-1-No|ref63|pass_single_dominant                  6.62%    passed     86.97%
3822  OAES-33-1-Rh|ref63|pass_single_dominant                  6.93%    passed     96.88%
3823  OAES-33-1-Ro|ref63|pass_single_dominant                 13.45%    passed     72.51%
3824  OAES-34-1-No|ref63|pass_single_dominant                  6.09%    passed     97.24%
3825  OAES-34-1-Rh|ref63|pass_mixed_possible_multicopy         8.93%    passed     96.38%
3826  OAES-34-1-Ro|ref63|pass_mixed_possible_multicopy         9.35%    passed     95.80%
3827  OAES-35-1-No|ref63|pass_mixed_possible_multicopy         9.87%    passed     98.73%
3828  OAES-35-1-Rh|ref63|pass_single_dominant                 21.95%    passed     67.40%
3829  OAES-35-3-No|ref63|pass_single_dominant                  6.09%    passed     99.03%
3830  OAES-35-3-Rh|ref63|pass_single_dominant                 15.65%    passed     98.57%
3831  OAES-35-3-Ro|ref63|pass_mixed_possible_multicopy        11.87%    passed     97.42%
3832  OAES-36-2-Rh|ref63|pass_single_dominant                 11.97%    passed     90.87%
3833  OAES-36-2-Ro|ref63|pass_mixed_possible_multicopy        11.87%    passed     23.04%
3834  OAES-36-3-Rh|ref63|pass_single_dominant                 11.24%    passed     83.80%
3835  OAES-4-1-No|ref63|pass_single_dominant                   8.19%    passed     16.15%
3836  OAES-4-1-Rh|ref63|pass_mixed_possible_multicopy         11.45%    passed     73.12%
3837  OAES-4-1-Ro|ref63|pass_single_dominant                   8.19%    passed     13.59%
3838  OAES-5-Rh|ref63|pass_single_dominant                     7.25%    passed     69.93%
3839  OAES-5-Ro|ref63|pass_mixed_possible_multicopy           14.29%    passed     92.24%
3840  OAES-6-1-No|ref63|pass_mixed_possible_multicopy          9.77%    passed     89.61%
3841  OAES-6-1-Rh|ref63|pass_mixed_possible_multicopy         16.70%    passed     90.45%
3842  OAES-6-1-Ro|ref63|pass_single_dominant                   7.56%    passed     38.24%
3843  OAES-7-1-No|ref63|pass_single_dominant                   7.98%    passed     16.18%
3844  OAES-7-1-Rh|ref63|pass_single_dominant                   6.09%    passed     24.60%
3845  OAES-7-1-Ro|ref63|pass_single_dominant                   7.98%    passed     16.18%
3846  OAES-8-2-No|ref63|pass_single_dominant                   7.35%    passed     48.98%
3847  OAES-8-2-Rh|ref63|pass_mixed_possible_multicopy          8.09%    passed     67.04%
3848  OAES-8-2-Ro|ref63|pass_mixed_possible_multicopy         13.55%    passed     85.14%
3849  OAES-9-1-No|ref63|pass_single_dominant                   6.20%    passed     96.92%
3850  OAES-9-1-Rh|ref63|pass_single_dominant                   6.41%    passed     97.89%
3851  OAES-9-1-Ro|ref63|pass_single_dominant                   7.56%    passed     94.89%
3852  OAES_19-2-No|ref63|pass_mixed_possible_multicopy        18.70%    passed     74.72%
3853  OAES_19-2-Rh|ref63|pass_mixed_possible_multicopy        17.65%    passed     75.62%
3854  OAES_19-2-Ro|ref63|pass_mixed_possible_multicopy        18.38%    passed     74.85%
3855  OAES_24-3-No|ref63|pass_single_dominant                  9.35%    passed     90.50%
3856  OAES_24-3-Rh|ref63|pass_single_dominant                  8.09%    passed     94.59%
3857  OAES_24-3-Ro|ref63|pass_mixed_possible_multicopy        14.29%    passed     93.25%
3858  ORNL-1-1-Ro|ref63|pass_mixed_possible_multicopy          9.87%    passed     96.08%
3859  ORNL-10-1-No|ref63|pass_single_dominant                 18.38%    passed     37.33%
3860  ORNL-11-1-No|ref63|pass_mixed_possible_multicopy        13.24%    passed     58.02%
3861  ORNL-11-1-Rh|ref63|pass_mixed_possible_multicopy        13.34%    passed     96.21%
3862  ORNL-12-1-No|ref63|pass_mixed_possible_multicopy        13.45%    passed     99.18%
3863  ORNL-12-1-Ro|ref63|pass_single_dominant                  8.82%    passed     98.42%
3864  ORNL-13-2-No|ref63|pass_single_dominant                 19.43%    passed     83.16%
3865  ORNL-13-2-Rh|ref63|pass_single_dominant                 12.39%    passed     97.07%
3866  ORNL-13-2-Ro|ref63|pass_mixed_possible_multicopy        10.71%    passed     96.49%
3867  ORNL-17-1-Rh|ref63|pass_mixed_possible_multicopy        20.80%    passed     57.88%
3868  ORNL-18-1-No|ref63|pass_single_dominant                  9.66%    passed     96.95%
3869  ORNL-18-1-Ro|ref63|pass_single_dominant                  8.09%    passed     96.89%
3870  ORNL-19-No|ref63|pass_single_dominant                   23.21%    passed     85.00%
3871  ORNL-3-1-Ro|ref63|pass_mixed_possible_multicopy         15.23%    passed     64.81%
3872  ORNL-6-1-No|ref63|pass_single_dominant                  16.39%    failed      0.03%
3873  ORNL-8-2-No|ref63|pass_mixed_possible_multicopy          9.56%    passed     74.26%
3874  ORNL-9-1-Rh|ref63|pass_single_dominant                  21.74%    passed     45.43%
3875  ORNL-9-1-Ro|ref63|pass_single_dominant                   9.35%    passed     83.88%
3876  OSBS-1-2-No|ref63|pass_mixed_possible_multicopy         10.82%    passed     99.92%
3877  OSBS-102-1-No|ref63|pass_mixed_possible_multicopy       10.08%    passed     96.13%
3878  OSBS-106-1-Rh|ref63|pass_single_dominant                 8.82%    passed     94.91%
3879  OSBS-109-4-Rh|ref63|pass_single_dominant                21.74%    passed     63.46%
3880  OSBS-110-1-No|ref63|pass_mixed_possible_multicopy       11.34%    passed     13.33%
3881  OSBS-12-1-Rh|ref63|pass_mixed_possible_multicopy         9.66%    passed     96.29%
3882  OSBS-12-1-Ro|ref63|pass_single_dominant                  8.61%    passed     95.78%
3883  OSBS-14-3-No|ref63|pass_single_dominant                  7.14%    passed     77.64%
3884  OSBS-14-3-Rh|ref63|pass_mixed_possible_multicopy         9.14%    passed     88.15%
3885  OSBS-18-5-Rh|ref63|pass_mixed_possible_multicopy        23.63%    passed     93.87%
3886  OSBS-2-3-No|ref63|pass_mixed_possible_multicopy          9.87%    passed     88.98%
3887  OSBS-2-3-Rh|ref63|pass_single_dominant                  16.70%    passed     78.61%
3888  OSBS-2-3-Ro|ref63|pass_mixed_possible_multicopy          9.45%    passed     93.48%
3889  OSBS-20-1-Rh|ref63|pass_mixed_possible_multicopy        13.45%    passed     95.63%
3890  OSBS-20-1-Ro|ref63|pass_single_dominant                 18.49%    passed     78.28%
3891  OSBS-21-2-Rh|ref63|pass_single_dominant                 16.07%    passed     51.24%
3892  OSBS-21-2-Ro|ref63|pass_mixed_possible_multicopy        13.55%    passed     89.34%
3893  OSBS-28-1-No|ref63|pass_single_dominant                 14.18%    passed     98.63%
3894  OSBS-28-1-Rh|ref63|pass_mixed_possible_multicopy        11.97%    passed     99.77%
3895  OSBS-28-1-Ro|ref63|pass_mixed_possible_multicopy        14.29%    passed     98.94%
3896  OSBS-30-1-Rh|ref63|pass_mixed_possible_multicopy        11.24%    passed     91.67%
3897  OSBS-32-1-Rh|ref63|pass_single_dominant                  9.66%    passed     74.25%
3898  OSBS-32-1-Ro|ref63|pass_mixed_possible_multicopy        13.76%    passed     95.90%
3899  OSBS-34-1-No|ref63|pass_mixed_possible_multicopy         9.77%    passed     91.20%
3900  OSBS-34-1-Rh|ref63|pass_mixed_possible_multicopy        11.55%    passed     97.95%
3901  OSBS-34-1-Ro|ref63|pass_single_dominant                  8.82%    passed     96.00%
3902  OSBS-35-1-Rh|ref63|pass_mixed_possible_multicopy        14.08%    passed     88.93%
3903  OSBS-35-2-No|ref63|pass_mixed_possible_multicopy        11.03%    passed     96.37%
3904  OSBS-35-2-Rh|ref63|pass_single_dominant                 12.92%    passed     99.06%
3905  OSBS-35-2-Ro|ref63|pass_single_dominant                  7.14%    passed     68.77%
3906  OSBS-36-1-No|ref63|pass_single_dominant                 11.76%    passed     48.56%
3907  OSBS-36-1-Ro|ref63|pass_mixed_possible_multicopy         9.45%    passed     94.73%
3908  OSBS-36-4-No|ref63|pass_mixed_possible_multicopy         9.45%    passed     99.40%
3909  OSBS-36-4-Rh|ref63|pass_single_dominant                  7.98%    passed     89.63%
3910  OSBS-36-4-Ro|ref63|pass_single_dominant                  9.98%    passed     94.24%
3911  OSBS-37-1-No|ref63|pass_single_dominant                  7.98%    passed     76.54%
3912  OSBS-38-1-No|ref63|pass_single_dominant                  6.09%    passed     78.10%
3913  OSBS-38-1-Rh|ref63|pass_mixed_possible_multicopy        13.55%    passed     96.19%
3914  OSBS-38-1-Ro|ref63|pass_mixed_possible_multicopy         9.87%    passed     99.29%
3915  OSBS-38-2-Ro|ref63|pass_single_dominant                  8.09%    passed     89.38%
3916  OSBS-4-3-No|ref63|pass_mixed_possible_multicopy         11.03%    passed     93.41%
3917  OSBS-41-3-Ro|ref63|pass_mixed_possible_multicopy        11.87%    passed     84.77%
3918  OSBS-44-1-Ro|ref63|pass_single_dominant                 19.12%    passed     92.42%
3919  OSBS-46-1-Rh|ref63|pass_mixed_possible_multicopy        11.13%    passed     96.54%
3920  OSBS-5-5-No|ref63|pass_mixed_possible_multicopy          9.77%    passed     91.86%
3921  OSBS-5-5-Rh|ref63|pass_single_dominant                   9.03%    passed     98.60%
3922  OSBS-5-5-Ro|ref63|pass_single_dominant                  15.76%    passed     86.57%
3923  OSBS-55-1-Ro|ref63|pass_single_dominant                 14.39%    passed     69.78%
3924  OSBS-58-1-No|ref63|pass_single_dominant                 19.85%    passed     75.22%
3925  OSBS-59-1-Rh|ref63|pass_single_dominant                 15.02%    passed     82.72%
3926  OSBS-6-1-No|ref63|pass_single_dominant                   6.93%    passed     88.81%
3927  OSBS-6-1-Rh|ref63|pass_mixed_possible_multicopy         10.82%    passed     83.01%
3928  OSBS-6-1-Ro|ref63|pass_mixed_possible_multicopy         11.55%    passed     98.51%
3929  OSBS-67-1-No|ref63|pass_single_dominant                 20.59%    passed     51.10%
3930  OSBS-68-1-No|ref63|pass_single_dominant                  9.03%    passed     73.66%
3931  OSBS-69-1-No|ref63|pass_mixed_possible_multicopy         9.98%    passed     80.00%
3932  OSBS-69-1-Rh|ref63|pass_single_dominant                 11.34%    passed     75.20%
3933  OSBS-69-1-Ro|ref63|pass_single_dominant                  7.35%    passed     97.04%
3934  OSBS-7-4-No|ref63|pass_mixed_possible_multicopy          9.66%    passed     98.16%
3935  OSBS-7-4-Rh|ref63|pass_mixed_possible_multicopy         10.08%    passed     97.31%
3936  OSBS-73-2-Ro|ref63|pass_single_dominant                 22.90%    passed     82.02%
3937  OSBS-8-5-No|ref63|pass_single_dominant                  10.71%    passed     50.53%
3938  OSBS-8-5-Ro|ref63|pass_single_dominant                   7.77%    passed     92.10%
3939  OSBS-80-2-No|ref63|pass_mixed_possible_multicopy        13.45%    passed     99.52%
3940  OSBS-80-2-Ro|ref63|pass_mixed_possible_multicopy        11.97%    passed     67.40%
3941  OSBS-81-1-Rh|ref63|pass_single_dominant                 12.61%    passed     78.02%
3942  OSBS-82-1-No|ref63|pass_mixed_possible_multicopy        19.54%    passed     71.61%
3943  OSBS-82-1-Rh|ref63|pass_mixed_possible_multicopy        10.82%    passed     94.10%
3944  OSBS-82-1-Ro|ref63|pass_single_dominant                 21.01%    passed     96.42%
3945  OSBS-84-1-No|ref63|pass_single_dominant                 17.75%    passed     84.98%
3946  OSBS-84-1-Rh|ref63|pass_mixed_possible_multicopy        20.38%    passed     96.31%
3947  OSBS-84-1-Ro|ref63|pass_single_dominant                 12.08%    passed     95.20%
3948  OSBS-85-1-Rh|ref63|pass_mixed_possible_multicopy        11.66%    passed     97.52%
3949  OSBS-86-1-No|ref63|pass_mixed_possible_multicopy        10.92%    passed     98.33%
3950  OSBS-86-1-Rh|ref63|pass_mixed_possible_multicopy        11.45%    passed     92.46%
3951  OSBS-88-1-Ro|ref63|pass_single_dominant                  9.35%    passed     44.06%
3952  OSBS-89-1-No|ref63|pass_mixed_possible_multicopy        25.74%    passed     96.75%
3953  OSBS-91-1-No|ref63|pass_single_dominant                 10.40%    passed     67.69%
3954  OSBS-95-3-Ro|ref63|pass_single_dominant                  8.09%    passed     82.80%
3955  OSBS-97-2-Rh|ref63|pass_single_dominant                 14.81%    passed     90.65%
3956  OSBS-99-No|ref63|pass_mixed_possible_multicopy           9.77%    passed     98.16%
3957  OSBS-DETR-64-3-Rh|ref63|pass_mixed_possible_multicopy    9.56%    passed     90.17%
3958  RMNP-1-No|ref63|pass_single_dominant                     6.51%    passed     90.69%
3959  RMNP-1-Rh|ref63|pass_single_dominant                    11.87%    passed     76.88%
3960  RMNP-2-No|ref63|pass_single_dominant                     7.98%    passed     93.81%
3961  RMNP-2-Rh|ref63|pass_single_dominant                     8.30%    passed     93.78%
3962  RMNP-2-Ro|ref63|pass_single_dominant                    11.34%    passed     96.79%
3963  RMNP-3-No|ref63|pass_single_dominant                    10.82%    passed     84.36%
3964  RMNP-3-Ro|ref63|pass_single_dominant                    18.91%    passed     84.58%
3965  RMNP-4-Rh|ref63|pass_mixed_possible_multicopy           15.55%    passed     91.62%
3966  RMNP-5-1-No|ref63|pass_mixed_possible_multicopy         12.50%    passed     88.29%
3967  SCBI-10-1-No|ref63|pass_mixed_possible_multicopy         7.98%    passed     86.73%
3968  SCBI-12-1-No|ref63|pass_single_dominant                  7.98%    passed     90.29%
3969  SCBI-13-1-Rh|ref63|pass_single_dominant                 15.76%    passed     87.78%
3970  SCBI-4-1-Rh|ref63|pass_single_dominant                  15.13%    passed     62.47%
3971  SCBI-5-1-No|ref63|pass_single_dominant                   6.09%    passed     81.63%
3972  SCBI-6-1-Ro|ref63|pass_mixed_possible_multicopy         12.92%    passed     93.58%
3973  SCBI-7-1-Rh|ref63|pass_mixed_possible_multicopy         27.10%    passed     52.68%
3974  SERC-5-1-No|ref63|pass_single_dominant                   9.24%    passed     65.93%
3975  SJER-2-3-Ro|ref63|pass_mixed_possible_multicopy         12.50%    passed     90.94%
3976  SRER-1-1-No|ref63|pass_single_dominant                   6.83%    passed     78.88%
3977  SRER-1-1-Rh|ref63|pass_single_dominant                   6.93%    passed     82.69%
3978  SRER-1-1-Ro|ref63|pass_mixed_possible_multicopy          8.51%    passed     87.48%
3979  SRER-10-1-No|ref63|pass_single_dominant                  6.09%    passed     91.29%
3980  SRER-10-1-Rh|ref63|pass_single_dominant                  6.62%    passed     90.13%
3981  SRER-10-1-Ro|ref63|pass_mixed_possible_multicopy         8.61%    passed     93.79%
3982  SRER-11-1-No|ref63|pass_mixed_possible_multicopy         9.24%    passed     96.95%
3983  SRER-11-1-Rh|ref63|pass_mixed_possible_multicopy         9.77%    passed     95.83%
3984  SRER-11-1-Ro|ref63|pass_mixed_possible_multicopy         9.87%    passed     93.85%
3985  SRER-12-1-No|ref63|pass_mixed_possible_multicopy         9.24%    passed     93.27%
3986  SRER-12-1-Rh|ref63|pass_mixed_possible_multicopy        10.82%    passed     98.11%
3987  SRER-12-1-Ro|ref63|pass_single_dominant                  6.20%    passed     79.27%
3988  SRER-13-1-No|ref63|pass_single_dominant                  6.30%    passed     80.74%
3989  SRER-13-1-Rh|ref63|pass_single_dominant                  6.51%    passed     88.46%
3990  SRER-13-1-Ro|ref63|pass_single_dominant                  6.72%    passed     89.90%
3991  SRER-14-1-No|ref63|pass_single_dominant                  6.09%    passed     95.38%
3992  SRER-14-1-Rh|ref63|pass_mixed_possible_multicopy         8.82%    passed     98.89%
3993  SRER-14-1-Ro|ref63|pass_mixed_possible_multicopy         8.09%    passed     91.76%
3994  SRER-15-1-No|ref63|pass_single_dominant                  7.04%    passed     87.45%
3995  SRER-15-1-Rh|ref63|pass_mixed_possible_multicopy         8.72%    passed     95.26%
3996  SRER-15-1-Ro|ref63|pass_single_dominant                  6.41%    passed     88.51%
3997  SRER-16-1-No|ref63|pass_single_dominant                  7.04%    passed     90.27%
3998  SRER-16-1-Rh|ref63|pass_mixed_possible_multicopy         9.77%    passed     95.90%
3999  SRER-16-1-Ro|ref63|pass_mixed_possible_multicopy         8.61%    passed     90.28%
4000  SRER-17-1-No|ref63|pass_single_dominant                  6.09%    passed     91.07%
4001  SRER-17-1-Rh|ref63|pass_mixed_possible_multicopy        13.55%    passed     96.62%
4002  SRER-17-1-Ro|ref63|pass_mixed_possible_multicopy         8.30%    passed     99.73%
4003  SRER-18-1-No|ref63|pass_mixed_possible_multicopy        10.92%    passed     99.25%
4004  SRER-18-1-Rh|ref63|pass_single_dominant                  6.20%    passed     96.62%
4005  SRER-18-1-Ro|ref63|pass_single_dominant                  6.09%    passed     96.17%
4006  SRER-2-1-No|ref63|pass_single_dominant                   6.51%    passed     86.80%
4007  SRER-2-1-Rh|ref63|pass_single_dominant                  18.59%    passed     80.69%
4008  SRER-2-1-Ro|ref63|pass_mixed_possible_multicopy         11.55%    passed     95.20%
4009  SRER-3-1-No|ref63|pass_single_dominant                   6.09%    passed     93.23%
4010  SRER-3-1-Rh|ref63|pass_mixed_possible_multicopy          7.67%    passed     97.59%
4011  SRER-3-1-Ro|ref63|pass_single_dominant                   6.41%    passed     96.95%
4012  SRER-4-1-No|ref63|pass_single_dominant                   7.04%    passed     94.05%
4013  SRER-4-1-Rh|ref63|pass_mixed_possible_multicopy         11.34%    passed     97.02%
4014  SRER-4-1-Ro|ref63|pass_mixed_possible_multicopy          9.87%    passed     98.77%
4015  SRER-5-1-No|ref63|pass_mixed_possible_multicopy          8.40%    passed     98.48%
4016  SRER-5-1-Rh|ref63|pass_single_dominant                   6.83%    passed     97.57%
4017  SRER-5-1-Ro|ref63|pass_mixed_possible_multicopy          9.03%    passed     99.03%
4018  SRER-6-1-No|ref63|pass_single_dominant                   6.09%    passed     93.23%
4019  SRER-6-1-Rh|ref63|pass_single_dominant                  13.66%    passed     87.91%
4020  SRER-6-1-Ro|ref63|pass_single_dominant                   6.20%    passed     96.72%
4021  SRER-7-1-No|ref63|pass_single_dominant                   6.20%    passed     87.69%
4022  SRER-7-1-Rh|ref63|pass_single_dominant                   6.41%    passed     89.23%
4023  SRER-7-1-Ro|ref63|pass_mixed_possible_multicopy          7.77%    passed     94.98%
4024  SRER-8-1-No|ref63|pass_single_dominant                   6.09%    passed     77.44%
4025  SRER-8-1-Rh|ref63|pass_mixed_possible_multicopy          7.98%    passed     77.02%
4026  SRER-8-1-Ro|ref63|pass_single_dominant                   6.93%    passed     95.09%
4027  SRER-9-1-No|ref63|pass_mixed_possible_multicopy         11.76%    passed     97.04%
4028  SRER-9-1-Rh|ref63|pass_mixed_possible_multicopy         11.45%    passed     99.26%
4029  SRER-9-1-Ro|ref63|pass_single_dominant                   6.20%    passed     89.12%
4030  TALL-10-4-No|ref63|pass_mixed_possible_multicopy        12.18%    passed     82.05%
4031  TALL-12-2-No|ref63|pass_single_dominant                 17.65%    passed     10.72%
4032  TALL-13-3-No|ref63|pass_single_dominant                  6.83%    passed     90.47%
4033  TALL-13-3-Rh|ref63|pass_mixed_possible_multicopy        15.65%    passed     56.50%
4034  TALL-13-3-Ro|ref63|pass_single_dominant                 13.97%    passed     71.20%
4035  TALL-15-2-No|ref63|pass_single_dominant                  8.40%    passed     22.61%
4036  TALL-15-2-Rh|ref63|pass_single_dominant                 17.02%    passed     73.93%
4037  TALL-15-2-Ro|ref63|pass_single_dominant                  9.03%    passed     27.32%
4038  TALL-16-Rh|ref63|pass_single_dominant                   19.54%    passed     94.81%
4039  TALL-16-Ro|ref63|pass_single_dominant                   23.00%    passed     18.47%
4040  TALL-17-2-No|ref63|pass_mixed_possible_multicopy        15.65%    passed     69.63%
4041  TALL-19-2-No|ref63|pass_single_dominant                 20.38%    passed     67.54%
4042  TALL-2-3-Rh|ref63|pass_single_dominant                  22.06%    passed     67.91%
4043  TALL-2-3-Ro|ref63|pass_mixed_possible_multicopy         19.33%    passed     79.00%
4044  TALL-24-2-No|ref63|pass_single_dominant                  6.83%    passed     39.97%
4045  TALL-24-2-Ro|ref63|pass_single_dominant                  9.56%    passed     33.19%
4046  TALL-25-2-No|ref63|pass_mixed_possible_multicopy        17.02%    passed     18.60%
4047  TALL-25-2-Ro|ref63|pass_single_dominant                 13.66%    passed     28.38%
4048  TALL-28-1-No|ref63|pass_mixed_possible_multicopy        10.82%    passed     61.96%
4049  TALL-28-1-Ro|ref63|pass_single_dominant                 11.87%    passed     51.43%
4050  TALL-29-3-No|ref63|pass_mixed_possible_multicopy        11.87%    passed     61.94%
4051  TALL-29-3-Rh|ref63|pass_mixed_possible_multicopy        10.19%    passed     77.40%
4052  TALL-29-3-Ro|ref63|pass_single_dominant                 14.18%    passed     69.65%
4053  TALL-30-1-Rh|ref63|pass_mixed_possible_multicopy        14.50%    passed     93.55%
4054  TALL-30-1-Ro|ref63|pass_mixed_possible_multicopy        13.55%    passed     91.76%
4055  TALL-31-1-No|ref63|pass_single_dominant                 19.33%    passed     37.03%
4056  TALL-31-1-Rh|ref63|pass_mixed_possible_multicopy        14.81%    passed     90.28%
4057  TALL-32-1-No|ref63|pass_mixed_possible_multicopy         8.09%    passed     58.87%
4058  TALL-32-1-Rh|ref63|pass_mixed_possible_multicopy        17.54%    passed     82.05%
4059  TALL-33-1-Rh|ref63|pass_mixed_possible_multicopy        20.90%    passed     82.79%
4060  TALL-36-1-Ro|ref63|pass_mixed_possible_multicopy        16.39%    passed     69.07%
4061  TALL-40-1-Ro|ref63|pass_single_dominant                 19.85%    passed     23.96%
4062  TALL-44-1-No|ref63|pass_single_dominant                  9.56%    passed     48.95%
4063  TALL-46-2-No|ref63|pass_single_dominant                 15.76%    passed     46.63%
4064  TALL-47-2-No|ref63|pass_mixed_possible_multicopy         9.66%    passed     29.66%
4065  TALL-48-2-No|ref63|pass_single_dominant                 16.18%    failed      0.06%
4066  TALL-48-2-Rh|ref63|pass_mixed_possible_multicopy        24.37%    passed     16.54%
4067  TALL-49-1-Rh|ref63|pass_mixed_possible_multicopy        18.49%    passed     15.32%
4068  TALL-5-2-Ro|ref63|pass_mixed_possible_multicopy         16.07%    passed     35.25%
4069  TALL-50-1-Ro|ref63|pass_mixed_possible_multicopy        14.50%    passed     93.12%
4070  TALL-52-1-No|ref63|pass_single_dominant                  8.72%    passed     42.65%
4071  TALL-53-3-No|ref63|pass_single_dominant                 17.12%    passed     37.08%
4072  TALL-53-3-Ro|ref63|pass_single_dominant                 16.81%    passed     21.56%
4073  TALL-55-1-No|ref63|pass_single_dominant                 15.76%    passed     36.54%
4074  TALL-56-1-No|ref63|pass_mixed_possible_multicopy        14.29%    passed     42.49%
4075  TALL-59-1-No|ref63|pass_single_dominant                 15.55%    passed     17.18%
4076  TALL-60-1-No|ref63|pass_mixed_possible_multicopy        27.73%    passed     92.85%
4077  TALL-63-1-Rh|ref63|pass_mixed_possible_multicopy        19.75%    passed     69.62%
4078  TALL-64-1-No|ref63|pass_single_dominant                  6.20%    passed     71.77%
4079  TALL-64-1-Ro|ref63|pass_single_dominant                  8.72%    passed     59.47%
4080  TALL-66-2-No|ref63|pass_single_dominant                 16.39%    passed     40.92%
4081  TALL-67-1-Ro|ref63|pass_mixed_possible_multicopy        12.50%    passed     52.11%
4082  TALL-68-2-No|ref63|pass_mixed_possible_multicopy        10.92%    passed     23.38%
4083  TALL-68-2-Rh|ref63|pass_mixed_possible_multicopy        12.82%    passed     96.27%
4084  TALL-69-1-No|ref63|pass_mixed_possible_multicopy        19.22%    passed     60.64%
4085  TALL-7-2-No|ref63|pass_single_dominant                  19.75%    passed     75.90%
4086  TALL-72-1-No|ref63|pass_mixed_possible_multicopy        15.13%    passed     30.00%
4087  TALL-72-1-Ro|ref63|pass_mixed_possible_multicopy        18.70%    passed     82.74%
4088  TALL-72-2-No|ref63|pass_mixed_possible_multicopy        28.57%    passed     48.97%
4089  TALL-72-3-No|ref63|pass_mixed_possible_multicopy        22.79%    passed     86.46%
4090  TALL-73-2-No|ref63|pass_single_dominant                 11.76%    passed     37.98%
4091  TALL-74-3-No|ref63|pass_single_dominant                  9.14%    passed     77.97%
4092  TALL-74-3-Ro|ref63|pass_single_dominant                  8.72%    passed     57.69%
4093  TALL-75-2-No|ref63|pass_single_dominant                 14.71%    passed     34.32%
4094  TALL-76-3-No|ref63|pass_single_dominant                 13.03%    passed     34.37%
4095  TALL-78-2-No|ref63|pass_single_dominant                 16.49%    passed     51.15%
4096  TALL-8-2-Rh|ref63|pass_single_dominant                  24.16%    passed     29.96%
4097  TALL-8-2-Ro|ref63|pass_mixed_possible_multicopy         14.08%    passed     65.56%
4098  TALL-85-1-Rh|ref63|pass_mixed_possible_multicopy        23.95%    passed     98.33%
4099  TALL-85-1-Ro|ref63|pass_single_dominant                 19.54%    passed     85.04%
4100  TALL-88-1-Ro|ref63|pass_single_dominant                  9.98%    passed     81.61%
4101  TALL-90-1-No|ref63|pass_single_dominant                 12.92%    passed     80.64%
4102  TEAK-1-2-Ro|ref63|pass_mixed_possible_multicopy         12.08%    passed     41.03%
4103  TEAK-3-1-Ro|ref63|pass_mixed_possible_multicopy          8.51%    passed     84.48%
4104  TOOL-1-No|ref63|pass_mixed_possible_multicopy           18.07%    passed     62.66%
4105  TOOL-10-No|ref63|pass_mixed_possible_multicopy           7.77%    passed     92.24%
4106  TOOL-10-Rh|ref63|pass_single_dominant                    6.30%    passed     94.50%
4107  TOOL-10-Ro|ref63|pass_single_dominant                    9.14%    passed     91.38%
4108  TOOL-11-No|ref63|pass_mixed_possible_multicopy           7.25%    passed     90.52%
4109  TOOL-11-Ro|ref63|pass_single_dominant                   11.97%    passed     98.82%
4110  TOOL-12-No|ref63|pass_mixed_possible_multicopy           7.46%    passed     92.34%
4111  TOOL-12-Rh|ref63|pass_single_dominant                   23.00%    passed     45.10%
4112  TOOL-12-Ro|ref63|pass_single_dominant                    9.45%    passed     90.91%
4113  TOOL-13-Rh|ref63|pass_single_dominant                   24.37%    passed     78.93%
4114  TOOL-14-No|ref63|pass_single_dominant                    6.30%    passed     91.01%
4115  TOOL-14-Rh|ref63|pass_single_dominant                    9.03%    passed     76.02%
4116  TOOL-15-No|ref63|pass_single_dominant                    6.51%    passed     96.51%
4117  TOOL-15-Ro|ref63|pass_single_dominant                   13.24%    passed     91.04%
4118  TOOL-16-No|ref63|pass_single_dominant                    7.88%    passed     95.23%
4119  TOOL-16-Rh|ref63|pass_mixed_possible_multicopy          19.33%    passed     94.53%
4120  TOOL-16-Ro|ref63|pass_single_dominant                   18.49%    passed     92.99%
4121  TOOL-17-Rh|ref63|pass_single_dominant                    7.04%    passed     96.96%
4122  TOOL-18-No|ref63|pass_single_dominant                   11.76%    passed     63.54%
4123  TOOL-18-Rh|ref63|pass_mixed_possible_multicopy           8.09%    passed     98.66%
4124  TOOL-18-Ro|ref63|pass_single_dominant                   12.71%    passed     93.46%
4125  TOOL-19-No|ref63|pass_mixed_possible_multicopy           9.98%    passed     98.55%
4126  TOOL-19-Rh|ref63|pass_single_dominant                   18.70%    passed     84.52%
4127  TOOL-2-No|ref63|pass_single_dominant                    12.39%    passed     99.88%
4128  TOOL-2-Rh|ref63|pass_mixed_possible_multicopy           12.39%    passed     98.56%
4129  TOOL-2-Ro|ref63|pass_mixed_possible_multicopy           13.24%    passed     51.40%
4130  TOOL-20-No|ref63|pass_single_dominant                   15.44%    passed     95.82%
4131  TOOL-20-Rh|ref63|pass_single_dominant                    7.04%    passed     98.59%
4132  TOOL-20-Ro|ref63|pass_single_dominant                   13.45%    passed     76.00%
4133  TOOL-21-No|ref63|pass_single_dominant                    7.04%    passed     97.71%
4134  TOOL-21-Rh|ref63|pass_single_dominant                    7.46%    passed     98.67%
4135  TOOL-22-No|ref63|pass_single_dominant                   11.97%    passed     85.69%
4136  TOOL-22-Rh|ref63|pass_single_dominant                   19.54%    passed     92.53%
4137  TOOL-23-No|ref63|pass_single_dominant                    6.41%    passed     97.99%
4138  TOOL-23-Rh|ref63|pass_single_dominant                    6.72%    passed     97.57%
4139  TOOL-23-Ro|ref63|pass_single_dominant                    6.09%    passed     95.86%
4140  TOOL-24-No|ref63|pass_single_dominant                    6.62%    passed     95.46%
4141  TOOL-24-Rh|ref63|pass_single_dominant                    6.51%    passed     97.99%
4142  TOOL-24-Ro|ref63|pass_single_dominant                   13.66%    passed     95.01%
4143  TOOL-25-No|ref63|pass_single_dominant                    6.41%    passed     95.24%
4144  TOOL-25-Rh|ref63|pass_single_dominant                    9.24%    passed     96.18%
4145  TOOL-25-Ro|ref63|pass_single_dominant                   12.08%    passed     89.22%
4146  TOOL-26-No|ref63|pass_single_dominant                    6.72%    passed     95.75%
4147  TOOL-26-Rh|ref63|pass_mixed_possible_multicopy          11.76%    passed     96.89%
4148  TOOL-26-Ro|ref63|pass_mixed_possible_multicopy          23.00%    passed     89.60%
4149  TOOL-27-2-No|ref63|pass_single_dominant                  6.41%    passed     97.23%
4150  TOOL-27-2-Rh|ref63|pass_mixed_possible_multicopy        15.65%    passed     98.16%
4151  TOOL-27-2-Ro|ref63|pass_single_dominant                  7.67%    passed     98.15%
4152  TOOL-29-Rh|ref63|pass_single_dominant                   16.60%    passed     67.88%
4153  TOOL-29-Ro|ref63|pass_single_dominant                   15.55%    passed     97.43%
4154  TOOL-3-No|ref63|pass_single_dominant                    21.22%    passed     78.56%
4155  TOOL-3-Rh|ref63|pass_mixed_possible_multicopy            9.03%    passed     84.42%
4156  TOOL-3-Ro|ref63|pass_mixed_possible_multicopy            8.61%    passed     93.69%
4157  TOOL-30-No|ref63|pass_single_dominant                    6.41%    passed     95.10%
4158  TOOL-30-Rh|ref63|pass_single_dominant                    6.72%    passed     93.31%
4159  TOOL-31-Rh|ref63|pass_single_dominant                    7.56%    passed     99.57%
4160  TOOL-32-Rh|ref63|pass_single_dominant                    8.19%    passed     93.41%
4161  TOOL-33-1-Rh|ref63|pass_mixed_possible_multicopy        13.03%    passed     57.23%
4162  TOOL-34-No|ref63|pass_single_dominant                    6.72%    passed     95.85%
4163  TOOL-35-1-No|ref63|pass_mixed_possible_multicopy         9.87%    passed     93.40%
4164  TOOL-35-1-Rh|ref63|pass_single_dominant                 19.01%    passed     95.96%
4165  TOOL-4-No|ref63|pass_single_dominant                     8.72%    passed     96.19%
4166  TOOL-4-Ro|ref63|pass_single_dominant                    14.92%    passed     86.58%
4167  TOOL-5-No|ref63|pass_single_dominant                    20.90%    passed     84.13%
4168  TOOL-6-No|ref63|pass_single_dominant                     9.77%    passed     95.28%
4169  TOOL-6-Ro|ref63|pass_single_dominant                     7.14%    passed     95.04%
4170  TOOL-7-No|ref63|pass_single_dominant                    12.82%    passed     97.23%
4171  TOOL-7-Rh|ref63|pass_single_dominant                    12.92%    passed     97.21%
4172  TOOL-7-Ro|ref63|pass_single_dominant                    17.33%    passed     75.74%
4173  TOOL-8-No|ref63|pass_mixed_possible_multicopy            8.40%    passed     92.40%
4174  TOOL-8-Ro|ref63|pass_single_dominant                     6.93%    passed     95.68%
4175  TOOL-9-No|ref63|pass_single_dominant                     7.14%    passed     92.60%
4176  TOOL-9-Rh|ref63|pass_single_dominant                    20.17%    passed     58.83%
4177  TOOL-9-Ro|ref63|pass_single_dominant                     7.35%    passed     93.42%
4178  UKFS-1-1-No|ref63|pass_single_dominant                  23.32%    passed     47.24%
4179  UKFS-1-1-Rh|ref63|pass_single_dominant                   8.19%    passed     90.52%
4180  UKFS-3-2-Rh|ref63|pass_single_dominant                  17.33%    passed     94.58%
4181  UKFS-4-1-No|ref63|pass_mixed_possible_multicopy         15.97%    passed     79.89%
4182  UKFS-4-1-Rh|ref63|pass_mixed_possible_multicopy         25.95%    passed     99.78%
4183  UKFS-4-1-Ro|ref63|pass_mixed_possible_multicopy         24.37%    passed     70.65%
4184  UKFS-52-1-Rh|ref63|pass_single_dominant                 12.50%    passed     81.67%
4185  UKFS-6-1-Ro|ref63|pass_mixed_possible_multicopy         17.12%    passed     78.28%
4186  UKFS-6-3-Ro|ref63|pass_mixed_possible_multicopy         12.61%    passed     89.95%
4187  UNDE-3-1-Rh|ref63|pass_mixed_possible_multicopy         25.42%    passed     23.96%
4188  UNDE-4-1-Rh|ref63|pass_mixed_possible_multicopy         16.18%    passed     86.41%
4189  UNDE-5-4-Ro|ref63|pass_single_dominant                  17.33%    passed     66.47%
4190  WOOD-1-1-No|ref63|pass_single_dominant                  10.19%    passed     99.67%
4191  WOOD-1-1-Ro|ref63|pass_mixed_possible_multicopy         10.92%    passed     28.16%
4192  WOOD-10-1-Rh|ref63|pass_mixed_possible_multicopy        12.39%    passed     78.06%
4193  WOOD-11-1-Rh|ref63|pass_mixed_possible_multicopy        16.49%    passed     89.47%
4194  WOOD-11-1-Ro|ref63|pass_single_dominant                 21.53%    passed     99.15%
4195  WOOD-12-No|ref63|pass_mixed_possible_multicopy          10.08%    passed     91.77%
4196  WOOD-12-Rh|ref63|pass_single_dominant                   22.37%    passed     97.75%
4197  WOOD-2-2-Rh|ref63|pass_single_dominant                  20.27%    passed     28.00%
4198  WOOD-4-1-No|ref63|pass_mixed_possible_multicopy         12.61%    passed     89.11%
4199  WOOD-4-1-Rh|ref63|pass_single_dominant                  21.01%    passed     65.21%
4200  WOOD-4-1-Ro|ref63|pass_mixed_possible_multicopy         13.13%    passed     97.00%
4201  WOOD-5-1-No|ref63|pass_single_dominant                   7.35%    passed     84.03%
4202  WOOD-5-1-Rh|ref63|pass_single_dominant                   9.35%    passed     97.55%
4203  WOOD-5-1-Ro|ref63|pass_single_dominant                   6.72%    passed     76.99%
4204  WOOD-7-1-Ro|ref63|pass_mixed_possible_multicopy         13.34%    passed     91.89%
4205  WOOD-8-Rh|ref63|pass_mixed_possible_multicopy            9.14%    passed     89.46%
4206  WOOD-9-Rh|ref63|pass_mixed_possible_multicopy           18.17%    passed     91.83%
4207  WOOD-9-Ro|ref63|pass_single_dominant                     6.93%    passed     97.03%
4208  YELL-11-No|ref63|pass_single_dominant                   18.07%    passed     43.28%
4209  YELL-4-4-Rh|ref63|pass_mixed_possible_multicopy         11.03%    passed     96.87%
4210  YELL-6-1-Rh|ref63|pass_mixed_possible_multicopy         12.29%    passed     95.03%
4211  YELL-6-1-Ro|ref63|pass_mixed_possible_multicopy         13.45%    passed     37.50%
4212  YELL-7-1-Ro|ref63|pass_mixed_possible_multicopy         11.34%    passed     95.85%
****  TOTAL                                                   14.46%  59 sequences failed composition chi2 test (p-value<5%; df=3)
NOTE: CLBJ-4-1-Ro|ref52|pass_single_dominant is identical to CLBJ-4-1-No|ref52|pass_single_dominant but kept for subsequent analysis
NOTE: KONA-1-1-Rh|ref52|pass_mixed_possible_multicopy is identical to JORN-4-1-Ro|ref52|pass_mixed_possible_multicopy but kept for subsequent analysis
NOTE: OAES-10-1-Ro|ref52|pass_mixed_possible_multicopy is identical to OAES-10-1-No|ref52|pass_mixed_possible_multicopy but kept for subsequent analysis
NOTE: SRER-18-1-Ro|ref52|pass_single_dominant is identical to SRER-18-1-Rh|ref52|pass_single_dominant but kept for subsequent analysis
NOTE: JERC-121-Rh|ref56|pass_mixed_possible_multicopy is identical to CLBJ-37-1-No|ref56|pass_mixed_possible_multicopy but kept for subsequent analysis
NOTE: JERC-DEFL-31-5-Ro|ref56|pass_mixed_possible_multicopy is identical to DEJU-37-Rh|ref56|pass_mixed_possible_multicopy but kept for subsequent analysis
NOTE: JERC-DEFL-75-2-Rh|ref56|pass_mixed_possible_multicopy is identical to GUAN-9-1-No|ref56|pass_mixed_possible_multicopy but kept for subsequent analysis
NOTE: HARV-1-3-Rh|ref60|pass_single_dominant is identical to BLAN-4-2-No|ref60|pass_single_dominant but kept for subsequent analysis
NOTE: OSBS-52-5-Rh|ref60|pass_single_dominant is identical to BLAN-4-2-Ro|ref60|pass_single_dominant but kept for subsequent analysis
NOTE: JERC-8-4-No|ref60|pass_single_dominant is identical to BONA-12-2-Rh|ref60|pass_single_dominant but kept for subsequent analysis
NOTE: JERC-100-1-Ro|ref60|pass_single_dominant is identical to BONA-14-Ro|ref60|pass_single_dominant but kept for subsequent analysis
NOTE: JERC-11-1-Ro|ref60|pass_single_dominant is identical to CLBJ-12-2-No|ref60|pass_single_dominant but kept for subsequent analysis
NOTE: JERC-12-1-Rh|ref60|pass_single_dominant is identical to CLBJ-5-2-No|ref60|pass_single_dominant but kept for subsequent analysis
NOTE: DSNY-CLFR-60-Rh|ref60|pass_single_dominant is identical to CLBJ-50-3-Ro|ref60|pass_single_dominant but kept for subsequent analysis
NOTE: JERC-100-1-Rh|ref60|pass_single_dominant is identical to DCFS-2-2-Ro|ref60|pass_single_dominant but kept for subsequent analysis
NOTE: JERC-13-3-No|ref60|pass_single_dominant is identical to DSNY-15-1-Ro|ref60|pass_single_dominant but kept for subsequent analysis
NOTE: JERC-1-2-No|ref60|pass_single_dominant is identical to DSNY-36-1-Ro|ref60|pass_single_dominant but kept for subsequent analysis
NOTE: OAES-2-1-No|ref60|pass_single_dominant is identical to DSNY-5-1-Rh|ref60|pass_single_dominant but kept for subsequent analysis
NOTE: DSNY-63-Rh|ref60|pass_single_dominant is identical to DSNY-58-Rh|ref60|pass_single_dominant but kept for subsequent analysis
NOTE: JERC-8-1-Rh|ref60|pass_single_dominant is identical to HARV-2-2-No|ref60|pass_single_dominant but kept for subsequent analysis
NOTE: JERC-8-2-Rh|ref60|pass_single_dominant is identical to JERC-10-3-Rh|ref60|pass_single_dominant but kept for subsequent analysis
NOTE: JERC-8-1-Ro|ref60|pass_single_dominant is identical to JERC-102-1-No|ref60|pass_single_dominant but kept for subsequent analysis
NOTE: ORNL-18-1-No|ref60|pass_single_dominant is identical to JERC-173-1-No|ref60|pass_single_dominant but kept for subsequent analysis
NOTE: JERC-53-3-No|ref60|pass_single_dominant is identical to JERC-36-1-Ro|ref60|pass_single_dominant but kept for subsequent analysis
NOTE: JERC-53-3-Ro|ref60|pass_single_dominant is identical to JERC-53-1-No|ref60|pass_single_dominant but kept for subsequent analysis
NOTE: JERC-90-1-Ro|ref60|pass_single_dominant is identical to JERC-53-2-Ro|ref60|pass_single_dominant but kept for subsequent analysis
NOTE: TALL-44-1-Ro|ref60|pass_single_dominant is identical to JERC-8-4-Rh|ref60|pass_single_dominant but kept for subsequent analysis
NOTE: JERC-89-1-Ro|ref60|pass_single_dominant is identical to JERC-89-1-No|ref60|pass_single_dominant but kept for subsequent analysis
NOTE: OAES-33-1-No|ref60|pass_single_dominant is identical to JERC-RHRE-55-1-Rh|ref60|pass_single_dominant but kept for subsequent analysis
NOTE: OAES-30-1-Rh|ref60|pass_single_dominant is identical to OAES-30-1-No|ref60|pass_single_dominant but kept for subsequent analysis
NOTE: BLAN-3-1-Ro|ref62|pass_single_dominant is identical to BLAN-3-1-No|ref62|pass_single_dominant but kept for subsequent analysis
NOTE: DSNY-91-1-Rh|ref62|pass_single_dominant is identical to BLAN-4-1-No|ref62|pass_single_dominant but kept for subsequent analysis
NOTE: CPER-3-1-No|ref62|pass_single_dominant is identical to BLAN-4-1-Ro|ref62|pass_single_dominant but kept for subsequent analysis
NOTE: DCFS-8-1-No|ref62|pass_single_dominant is identical to CLBJ-18-1-Ro|ref62|pass_single_dominant but kept for subsequent analysis
NOTE: OAES_19-2-No|ref62|pass_single_dominant is identical to CPER-2-No|ref62|pass_single_dominant but kept for subsequent analysis
NOTE: CPER-4-No|ref62|pass_single_dominant is identical to CPER-2-Ro|ref62|pass_single_dominant but kept for subsequent analysis
NOTE: JERC-2-1-Ro|ref62|pass_single_dominant is identical to CPER-5-1-Rh|ref62|pass_single_dominant but kept for subsequent analysis
NOTE: LENO-15-2-No|ref62|pass_single_dominant is identical to DCFS-2-2-No|ref62|pass_single_dominant but kept for subsequent analysis
NOTE: JERC-204-1-Ro|ref62|pass_single_dominant is identical to DCFS-2-2-Rh|ref62|pass_single_dominant but kept for subsequent analysis
NOTE: NOGP-5-2-No|ref62|pass_single_dominant is identical to DELA-26-3-Ro|ref62|pass_single_dominant but kept for subsequent analysis
NOTE: DSNY-15-1-Ro|ref62|pass_single_dominant is identical to DSNY-14-1-Rh|ref62|pass_single_dominant but kept for subsequent analysis
NOTE: OAES-5-Ro|ref62|pass_single_dominant is identical to JERC-11-1-No|ref62|pass_single_dominant but kept for subsequent analysis
NOTE: TOOL-16-No|ref62|pass_single_dominant is identical to JERC-149-Rh|ref62|pass_single_dominant but kept for subsequent analysis
NOTE: OAES-21-3-Ro|ref62|pass_single_dominant is identical to JERC-149-Ro|ref62|pass_single_dominant but kept for subsequent analysis
NOTE: NOGP-3-2-No|ref62|pass_single_dominant is identical to KONZ-1-Rh|ref62|pass_single_dominant but kept for subsequent analysis
NOTE: WOOD-6-1-Ro|ref62|pass_single_dominant is identical to WOOD-5-1-No|ref62|pass_single_dominant but kept for subsequent analysis
NOTE: OAES-11-1-No|ref63|pass_single_dominant is identical to CLBJ-5-2-No|ref63|pass_single_dominant but kept for subsequent analysis
NOTE: LENO-7-2-No|ref63|pass_single_dominant is identical to DSNY-2-1-Rh|ref63|pass_single_dominant but kept for subsequent analysis
NOTE: JERC-131-No|ref63|pass_single_dominant is identical to JERC-1-2-No|ref63|pass_single_dominant but kept for subsequent analysis
NOTE: KONA-1-1-Rh|ref63|pass_mixed_possible_multicopy is identical to JORN-4-1-Ro|ref63|pass_mixed_possible_multicopy but kept for subsequent analysis
NOTE: LENO-9-2-No|ref63|pass_single_dominant is identical to LENO-5-2-No|ref63|pass_single_dominant but kept for subsequent analysis
NOTE: OAES-34-1-No|ref63|pass_single_dominant is identical to OAES-12-2-No|ref63|pass_single_dominant but kept for subsequent analysis
NOTE: OAES-16-1-Rh|ref63|pass_single_dominant is identical to OAES-16-1-No|ref63|pass_single_dominant but kept for subsequent analysis
NOTE: OAES-7-1-Ro|ref63|pass_single_dominant is identical to OAES-7-1-No|ref63|pass_single_dominant but kept for subsequent analysis
NOTE: SRER-6-1-No|ref63|pass_single_dominant is identical to SRER-3-1-No|ref63|pass_single_dominant but kept for subsequent analysis
Checking for duplicate sequences: done in 0.0587801 secs using 848.1% CPU
Identifying sites to remove: done in 0.0315331 secs using 64.02% CPU
NOTE: 120 identical sequences (see below) will be ignored for subsequent analysis
NOTE: KONA-1-1-Ro|ref52|pass_mixed_possible_multicopy (identical to JORN-4-1-Ro|ref52|pass_mixed_possible_multicopy) is ignored but added at the end
NOTE: KONA-2-1-No|ref52|pass_mixed_possible_multicopy (identical to JORN-4-1-Ro|ref52|pass_mixed_possible_multicopy) is ignored but added at the end
NOTE: KONA-2-1-Rh|ref52|pass_mixed_possible_multicopy (identical to JORN-4-1-Ro|ref52|pass_mixed_possible_multicopy) is ignored but added at the end
NOTE: KONA-2-1-Ro|ref52|pass_mixed_possible_multicopy (identical to JORN-4-1-Ro|ref52|pass_mixed_possible_multicopy) is ignored but added at the end
NOTE: KONA-3-1-No|ref52|pass_mixed_possible_multicopy (identical to JORN-4-1-Ro|ref52|pass_mixed_possible_multicopy) is ignored but added at the end
NOTE: KONA-3-1-Rh|ref52|pass_mixed_possible_multicopy (identical to JORN-4-1-Ro|ref52|pass_mixed_possible_multicopy) is ignored but added at the end
NOTE: JERC-46-1-Ro|ref60|pass_single_dominant (identical to BLAN-4-2-No|ref60|pass_single_dominant) is ignored but added at the end
NOTE: JERC-87-1-Rh|ref60|pass_single_dominant (identical to BLAN-4-2-No|ref60|pass_single_dominant) is ignored but added at the end
NOTE: JERC-DEFL-31-5-No|ref60|pass_single_dominant (identical to BLAN-4-2-No|ref60|pass_single_dominant) is ignored but added at the end
NOTE: JERC-DEFL-61-3-No|ref60|pass_single_dominant (identical to BLAN-4-2-No|ref60|pass_single_dominant) is ignored but added at the end
NOTE: LENO-6-1-No|ref60|pass_single_dominant (identical to BLAN-4-2-No|ref60|pass_single_dominant) is ignored but added at the end
NOTE: OAES-35-1-Ro|ref60|pass_single_dominant (identical to BLAN-4-2-No|ref60|pass_single_dominant) is ignored but added at the end
NOTE: OSBS-52-5-Ro|ref60|pass_single_dominant (identical to BLAN-4-2-No|ref60|pass_single_dominant) is ignored but added at the end
NOTE: TALL-72-3-Ro|ref60|pass_single_dominant (identical to BLAN-4-2-No|ref60|pass_single_dominant) is ignored but added at the end
NOTE: JERC-36-1-No|ref60|pass_single_dominant (identical to BONA-14-Ro|ref60|pass_single_dominant) is ignored but added at the end
NOTE: JERC-DEST-68-4-No|ref60|pass_single_dominant (identical to BONA-14-Ro|ref60|pass_single_dominant) is ignored but added at the end
NOTE: TALL-73-3-Ro|ref60|pass_single_dominant (identical to BONA-14-Ro|ref60|pass_single_dominant) is ignored but added at the end
NOTE: OAES-23-1-Ro|ref60|pass_single_dominant (identical to CLBJ-5-2-No|ref60|pass_single_dominant) is ignored but added at the end
NOTE: JERC-123-Rh|ref60|pass_single_dominant (identical to CLBJ-50-3-Ro|ref60|pass_single_dominant) is ignored but added at the end
NOTE: KONA-3-1-Ro|ref60|pass_single_dominant (identical to CLBJ-50-3-Ro|ref60|pass_single_dominant) is ignored but added at the end
NOTE: KONZ-13-1-Rh|ref60|pass_single_dominant (identical to CLBJ-50-3-Ro|ref60|pass_single_dominant) is ignored but added at the end
NOTE: KONZ-14-1-Rh|ref60|pass_single_dominant (identical to CLBJ-50-3-Ro|ref60|pass_single_dominant) is ignored but added at the end
NOTE: KONZ-16-2-No|ref60|pass_single_dominant (identical to CLBJ-50-3-Ro|ref60|pass_single_dominant) is ignored but added at the end
NOTE: SRER-11-1-Ro|ref60|pass_single_dominant (identical to CLBJ-50-3-Ro|ref60|pass_single_dominant) is ignored but added at the end
NOTE: UKFS-1-1-Ro|ref60|pass_single_dominant (identical to CLBJ-50-3-Ro|ref60|pass_single_dominant) is ignored but added at the end
NOTE: UKFS-52-1-Rh|ref60|pass_single_dominant (identical to CLBJ-50-3-Ro|ref60|pass_single_dominant) is ignored but added at the end
NOTE: JERC-13-3-Rh|ref60|pass_single_dominant (identical to DSNY-15-1-Ro|ref60|pass_single_dominant) is ignored but added at the end
NOTE: JERC-6-3-Rh|ref60|pass_single_dominant (identical to DSNY-15-1-Ro|ref60|pass_single_dominant) is ignored but added at the end
NOTE: JERC-7-2-Rh|ref60|pass_single_dominant (identical to DSNY-15-1-Ro|ref60|pass_single_dominant) is ignored but added at the end
NOTE: JORN-1-Ro|ref60|pass_single_dominant (identical to DSNY-15-1-Ro|ref60|pass_single_dominant) is ignored but added at the end
NOTE: JERC-11-1-Rh|ref60|pass_single_dominant (identical to DSNY-36-1-Ro|ref60|pass_single_dominant) is ignored but added at the end
NOTE: JERC-23-1-Rh|ref60|pass_single_dominant (identical to DSNY-36-1-Ro|ref60|pass_single_dominant) is ignored but added at the end
NOTE: JERC-6-3-No|ref60|pass_single_dominant (identical to DSNY-36-1-Ro|ref60|pass_single_dominant) is ignored but added at the end
NOTE: JERC-7-2-Ro|ref60|pass_single_dominant (identical to DSNY-36-1-Ro|ref60|pass_single_dominant) is ignored but added at the end
NOTE: JERC-DEST-32-1-No|ref60|pass_single_dominant (identical to DSNY-36-1-Ro|ref60|pass_single_dominant) is ignored but added at the end
NOTE: KONZ-6-1-Ro|ref60|pass_single_dominant (identical to DSNY-36-1-Ro|ref60|pass_single_dominant) is ignored but added at the end
NOTE: OAES-10-1-Rh|ref60|pass_single_dominant (identical to DSNY-36-1-Ro|ref60|pass_single_dominant) is ignored but added at the end
NOTE: OAES-11-1-Rh|ref60|pass_single_dominant (identical to DSNY-36-1-Ro|ref60|pass_single_dominant) is ignored but added at the end
NOTE: OAES-12-2-Rh|ref60|pass_single_dominant (identical to DSNY-36-1-Ro|ref60|pass_single_dominant) is ignored but added at the end
NOTE: OAES-17-No|ref60|pass_single_dominant (identical to DSNY-36-1-Ro|ref60|pass_single_dominant) is ignored but added at the end
NOTE: OSBS-6-1-No|ref60|pass_single_dominant (identical to DSNY-36-1-Ro|ref60|pass_single_dominant) is ignored but added at the end
NOTE: SRER-18-1-No|ref60|pass_single_dominant (identical to DSNY-36-1-Ro|ref60|pass_single_dominant) is ignored but added at the end
NOTE: DSNY-71-1-Rh|ref60|pass_single_dominant (identical to DSNY-58-Rh|ref60|pass_single_dominant) is ignored but added at the end
NOTE: HARV-4-1-Ro|ref60|pass_single_dominant (identical to DSNY-58-Rh|ref60|pass_single_dominant) is ignored but added at the end
NOTE: JERC-161-No|ref60|pass_single_dominant (identical to DSNY-58-Rh|ref60|pass_single_dominant) is ignored but added at the end
NOTE: JERC-172-2-No|ref60|pass_single_dominant (identical to DSNY-58-Rh|ref60|pass_single_dominant) is ignored but added at the end
NOTE: JERC-177-Ro|ref60|pass_single_dominant (identical to DSNY-58-Rh|ref60|pass_single_dominant) is ignored but added at the end
NOTE: JERC-99-1-Rh|ref60|pass_single_dominant (identical to DSNY-58-Rh|ref60|pass_single_dominant) is ignored but added at the end
NOTE: KONZ-13-1-No|ref60|pass_single_dominant (identical to DSNY-58-Rh|ref60|pass_single_dominant) is ignored but added at the end
NOTE: KONZ-13-1-Ro|ref60|pass_single_dominant (identical to DSNY-58-Rh|ref60|pass_single_dominant) is ignored but added at the end
NOTE: KONZ-15-1-Ro|ref60|pass_single_dominant (identical to DSNY-58-Rh|ref60|pass_single_dominant) is ignored but added at the end
NOTE: KONZ-16-1-Rh|ref60|pass_single_dominant (identical to DSNY-58-Rh|ref60|pass_single_dominant) is ignored but added at the end
NOTE: KONZ-16-1-Ro|ref60|pass_single_dominant (identical to DSNY-58-Rh|ref60|pass_single_dominant) is ignored but added at the end
NOTE: ORNL-20-1-No|ref60|pass_single_dominant (identical to DSNY-58-Rh|ref60|pass_single_dominant) is ignored but added at the end
NOTE: OSBS-106-1-Rh|ref60|pass_single_dominant (identical to DSNY-58-Rh|ref60|pass_single_dominant) is ignored but added at the end
NOTE: OSBS-110-1-Rh|ref60|pass_single_dominant (identical to DSNY-58-Rh|ref60|pass_single_dominant) is ignored but added at the end
NOTE: OSBS-34-1-Ro|ref60|pass_single_dominant (identical to DSNY-58-Rh|ref60|pass_single_dominant) is ignored but added at the end
NOTE: OSBS-36-4-Ro|ref60|pass_single_dominant (identical to DSNY-58-Rh|ref60|pass_single_dominant) is ignored but added at the end
NOTE: SRER-16-1-Ro|ref60|pass_single_dominant (identical to DSNY-58-Rh|ref60|pass_single_dominant) is ignored but added at the end
NOTE: UKFS-1-1-Rh|ref60|pass_single_dominant (identical to DSNY-58-Rh|ref60|pass_single_dominant) is ignored but added at the end
NOTE: UKFS-52-1-Ro|ref60|pass_single_dominant (identical to DSNY-58-Rh|ref60|pass_single_dominant) is ignored but added at the end
NOTE: JERC-8-4-Ro|ref60|pass_single_dominant (identical to JERC-102-1-No|ref60|pass_single_dominant) is ignored but added at the end
NOTE: OSBS-MOCE-52-4-Rh|ref60|pass_single_dominant (identical to JERC-102-1-No|ref60|pass_single_dominant) is ignored but added at the end
NOTE: TALL-90-2-Rh|ref60|pass_single_dominant (identical to JERC-102-1-No|ref60|pass_single_dominant) is ignored but added at the end
NOTE: JERC-53-5-No|ref60|pass_single_dominant (identical to JERC-36-1-Ro|ref60|pass_single_dominant) is ignored but added at the end
NOTE: JERC-88-1-Ro|ref60|pass_single_dominant (identical to JERC-36-1-Ro|ref60|pass_single_dominant) is ignored but added at the end
NOTE: SERC-1-2-Rh|ref60|pass_single_dominant (identical to JERC-36-1-Ro|ref60|pass_single_dominant) is ignored but added at the end
NOTE: TALL-82-2-Ro|ref60|pass_single_dominant (identical to JERC-8-4-Rh|ref60|pass_single_dominant) is ignored but added at the end
NOTE: OAES-9-1-No|ref60|pass_single_dominant (identical to JERC-RHRE-55-1-Rh|ref60|pass_single_dominant) is ignored but added at the end
NOTE: ORNL-1-2-Rh|ref60|pass_single_dominant (identical to OAES-30-1-No|ref60|pass_single_dominant) is ignored but added at the end
NOTE: ORNL-3-2-Rh|ref60|pass_single_dominant (identical to OAES-30-1-No|ref60|pass_single_dominant) is ignored but added at the end
NOTE: ORNL-5-3-Rh|ref60|pass_single_dominant (identical to OAES-30-1-No|ref60|pass_single_dominant) is ignored but added at the end
NOTE: OSBS-52-1-No|ref60|pass_single_dominant (identical to OAES-30-1-No|ref60|pass_single_dominant) is ignored but added at the end
NOTE: TALL-84-2-Ro|ref60|pass_single_dominant (identical to OAES-30-1-No|ref60|pass_single_dominant) is ignored but added at the end
NOTE: CPER-5-1-No|ref62|pass_single_dominant (identical to BLAN-3-1-No|ref62|pass_single_dominant) is ignored but added at the end
NOTE: SCBI-1-1-Ro|ref62|pass_single_dominant (identical to BLAN-3-1-No|ref62|pass_single_dominant) is ignored but added at the end
NOTE: SCBI-3-1-Ro|ref62|pass_single_dominant (identical to BLAN-3-1-No|ref62|pass_single_dominant) is ignored but added at the end
NOTE: HEAL-7-1-Ro|ref62|pass_single_dominant (identical to BLAN-4-1-No|ref62|pass_single_dominant) is ignored but added at the end
NOTE: NOGP-2-1-No|ref62|pass_single_dominant (identical to BLAN-4-1-No|ref62|pass_single_dominant) is ignored but added at the end
NOTE: NOGP-2-1-Ro|ref62|pass_single_dominant (identical to BLAN-4-1-No|ref62|pass_single_dominant) is ignored but added at the end
NOTE: OAES-36-2-No|ref62|pass_single_dominant (identical to BLAN-4-1-No|ref62|pass_single_dominant) is ignored but added at the end
NOTE: OSBS-106-1-Ro|ref62|pass_single_dominant (identical to BLAN-4-1-No|ref62|pass_single_dominant) is ignored but added at the end
NOTE: OSBS-99-Ro|ref62|pass_single_dominant (identical to BLAN-4-1-No|ref62|pass_single_dominant) is ignored but added at the end
NOTE: SERC-3-1-Ro|ref62|pass_single_dominant (identical to BLAN-4-1-No|ref62|pass_single_dominant) is ignored but added at the end
NOTE: TALL-92-1-Ro|ref62|pass_single_dominant (identical to BLAN-4-1-No|ref62|pass_single_dominant) is ignored but added at the end
NOTE: DCFS-6-1-No|ref62|pass_single_dominant (identical to BLAN-4-1-Ro|ref62|pass_single_dominant) is ignored but added at the end
NOTE: DCFS-7-1-Ro|ref62|pass_single_dominant (identical to BLAN-4-1-Ro|ref62|pass_single_dominant) is ignored but added at the end
NOTE: SCBI-2-1-No|ref62|pass_single_dominant (identical to BLAN-4-1-Ro|ref62|pass_single_dominant) is ignored but added at the end
NOTE: SCBI-8-2-Ro|ref62|pass_single_dominant (identical to BLAN-4-1-Ro|ref62|pass_single_dominant) is ignored but added at the end
NOTE: DSNY-5-1-Rh|ref62|pass_single_dominant (identical to CLBJ-18-1-Ro|ref62|pass_single_dominant) is ignored but added at the end
NOTE: OAES-2-1-No|ref62|pass_single_dominant (identical to CLBJ-18-1-Ro|ref62|pass_single_dominant) is ignored but added at the end
NOTE: OAES-2-1-Ro|ref62|pass_single_dominant (identical to CLBJ-18-1-Ro|ref62|pass_single_dominant) is ignored but added at the end
NOTE: OAES-3-1-Ro|ref62|pass_single_dominant (identical to CLBJ-18-1-Ro|ref62|pass_single_dominant) is ignored but added at the end
NOTE: OAES_19-2-Ro|ref62|pass_single_dominant (identical to CLBJ-18-1-Ro|ref62|pass_single_dominant) is ignored but added at the end
NOTE: OAES-14-1-No|ref62|pass_single_dominant (identical to CPER-5-1-Rh|ref62|pass_single_dominant) is ignored but added at the end
NOTE: NIWO-2-Rh|ref62|pass_single_dominant (identical to DCFS-2-2-No|ref62|pass_single_dominant) is ignored but added at the end
NOTE: OAES-22-1-No|ref62|pass_single_dominant (identical to DCFS-2-2-No|ref62|pass_single_dominant) is ignored but added at the end
NOTE: WOOD-12-No|ref62|pass_single_dominant (identical to DCFS-2-2-No|ref62|pass_single_dominant) is ignored but added at the end
NOTE: WOOD-7-1-No|ref62|pass_single_dominant (identical to DCFS-2-2-No|ref62|pass_single_dominant) is ignored but added at the end
NOTE: OSBS-102-1-No|ref62|pass_single_dominant (identical to DELA-26-3-Ro|ref62|pass_single_dominant) is ignored but added at the end
NOTE: SERC-6-1-No|ref62|pass_single_dominant (identical to DELA-26-3-Ro|ref62|pass_single_dominant) is ignored but added at the end
NOTE: TEAK-1-2-Ro|ref62|pass_single_dominant (identical to DELA-26-3-Ro|ref62|pass_single_dominant) is ignored but added at the end
NOTE: TOOL-17-Ro|ref62|pass_single_dominant (identical to DELA-26-3-Ro|ref62|pass_single_dominant) is ignored but added at the end
NOTE: OAES-13-1-Rh|ref62|pass_single_dominant (identical to DSNY-14-1-Rh|ref62|pass_single_dominant) is ignored but added at the end
NOTE: OAES-27-2-Ro|ref62|pass_single_dominant (identical to DSNY-14-1-Rh|ref62|pass_single_dominant) is ignored but added at the end
NOTE: NOGP-3-2-Ro|ref62|pass_single_dominant (identical to KONZ-1-Rh|ref62|pass_single_dominant) is ignored but added at the end
NOTE: NOGP-6-3-Ro|ref62|pass_single_dominant (identical to KONZ-1-Rh|ref62|pass_single_dominant) is ignored but added at the end
NOTE: OAES-36-3-No|ref62|pass_single_dominant (identical to KONZ-1-Rh|ref62|pass_single_dominant) is ignored but added at the end
NOTE: OAES-36-3-Rh|ref62|pass_single_dominant (identical to KONZ-1-Rh|ref62|pass_single_dominant) is ignored but added at the end
NOTE: OAES_19-2-Rh|ref62|pass_single_dominant (identical to KONZ-1-Rh|ref62|pass_single_dominant) is ignored but added at the end
NOTE: OSBS-36-1-No|ref62|pass_single_dominant (identical to KONZ-1-Rh|ref62|pass_single_dominant) is ignored but added at the end
NOTE: OSBS-37-1-No|ref62|pass_single_dominant (identical to KONZ-1-Rh|ref62|pass_single_dominant) is ignored but added at the end
NOTE: WOOD-11-1-No|ref62|pass_single_dominant (identical to KONZ-1-Rh|ref62|pass_single_dominant) is ignored but added at the end
NOTE: WOOD-3-2-No|ref62|pass_single_dominant (identical to KONZ-1-Rh|ref62|pass_single_dominant) is ignored but added at the end
NOTE: KONA-1-1-Ro|ref63|pass_mixed_possible_multicopy (identical to JORN-4-1-Ro|ref63|pass_mixed_possible_multicopy) is ignored but added at the end
NOTE: KONA-2-1-No|ref63|pass_mixed_possible_multicopy (identical to JORN-4-1-Ro|ref63|pass_mixed_possible_multicopy) is ignored but added at the end
NOTE: KONA-2-1-Rh|ref63|pass_mixed_possible_multicopy (identical to JORN-4-1-Ro|ref63|pass_mixed_possible_multicopy) is ignored but added at the end
NOTE: KONA-2-1-Ro|ref63|pass_mixed_possible_multicopy (identical to JORN-4-1-Ro|ref63|pass_mixed_possible_multicopy) is ignored but added at the end
NOTE: KONA-3-1-No|ref63|pass_mixed_possible_multicopy (identical to JORN-4-1-Ro|ref63|pass_mixed_possible_multicopy) is ignored but added at the end
NOTE: KONA-3-1-Rh|ref63|pass_mixed_possible_multicopy (identical to JORN-4-1-Ro|ref63|pass_mixed_possible_multicopy) is ignored but added at the end
Alignment was printed to /mnt/dv/wid/projects6/SolisLemus-Intbio-raw/processed-data/symbiosis_sorted_v2/nifH_clean5_iqtree_v2/nifH_clean5_iupac_all_pass_fast_noboot.uniqueseq.phy

For your convenience alignment with unique sequences printed to /mnt/dv/wid/projects6/SolisLemus-Intbio-raw/processed-data/symbiosis_sorted_v2/nifH_clean5_iqtree_v2/nifH_clean5_iupac_all_pass_fast_noboot.uniqueseq.phy

Create initial parsimony tree by phylogenetic likelihood library (PLL)... 5.482 seconds

NOTE: 1079 MB RAM (1 GB) is required!
Measuring multi-threading efficiency up to 72 CPU cores
Increase to 10 rounds for branch lengths
2 trees examined
Threads: 1 / Time: 84.556 sec / Speedup: 1.000 / Efficiency: 100% / LogL: -974158
Threads: 2 / Time: 68.385 sec / Speedup: 1.236 / Efficiency: 62% / LogL: -974158
Threads: 3 / Time: 62.222 sec / Speedup: 1.359 / Efficiency: 45% / LogL: -974158
Determining AUTO threadcount: done in 215.19 secs using 188.3% CPU
BEST NUMBER OF THREADS: 2

Estimate model parameters (epsilon = 0.100)
1. Initial log-likelihood: -211440.444
2. Current log-likelihood: -202386.253
3. Current log-likelihood: -202227.460
4. Current log-likelihood: -202153.242
5. Current log-likelihood: -202085.010
6. Current log-likelihood: -202026.364
7. Current log-likelihood: -201978.871
8. Current log-likelihood: -201942.365
9. Current log-likelihood: -201906.660
10. Current log-likelihood: -201864.825
11. Current log-likelihood: -201831.732
12. Current log-likelihood: -201810.166
13. Current log-likelihood: -201790.311
14. Current log-likelihood: -201772.942
15. Current log-likelihood: -201757.443
16. Current log-likelihood: -201743.487
17. Current log-likelihood: -201730.882
18. Current log-likelihood: -201719.367
19. Current log-likelihood: -201708.818
20. Current log-likelihood: -201698.981
21. Current log-likelihood: -201689.744
22. Current log-likelihood: -201680.720
23. Current log-likelihood: -201671.232
24. Current log-likelihood: -201660.915
25. Current log-likelihood: -201653.420
26. Current log-likelihood: -201647.300
27. Current log-likelihood: -201641.921
28. Current log-likelihood: -201636.967
29. Current log-likelihood: -201632.406
30. Current log-likelihood: -201628.154
31. Current log-likelihood: -201624.177
32. Current log-likelihood: -201620.436
33. Current log-likelihood: -201616.936
34. Current log-likelihood: -201613.626
35. Current log-likelihood: -201610.490
36. Current log-likelihood: -201607.524
37. Current log-likelihood: -201604.707
38. Current log-likelihood: -201602.024
39. Current log-likelihood: -201599.477
40. Current log-likelihood: -201597.078
41. Current log-likelihood: -201594.794
42. Current log-likelihood: -201592.632
43. Current log-likelihood: -201590.601
44. Current log-likelihood: -201588.670
45. Current log-likelihood: -201586.879
46. Current log-likelihood: -201585.186
47. Current log-likelihood: -201583.580
48. Current log-likelihood: -201582.052
49. Current log-likelihood: -201580.594
50. Current log-likelihood: -201579.197
51. Current log-likelihood: -201577.859
52. Current log-likelihood: -201576.593
53. Current log-likelihood: -201575.375
54. Current log-likelihood: -201574.226
55. Current log-likelihood: -201573.125
56. Current log-likelihood: -201572.075
57. Current log-likelihood: -201571.107
58. Current log-likelihood: -201570.182
59. Current log-likelihood: -201569.292
60. Current log-likelihood: -201568.438
61. Current log-likelihood: -201567.613
62. Current log-likelihood: -201566.828
63. Current log-likelihood: -201566.072
64. Current log-likelihood: -201565.348
65. Current log-likelihood: -201564.651
66. Current log-likelihood: -201563.986
67. Current log-likelihood: -201563.342
68. Current log-likelihood: -201562.726
69. Current log-likelihood: -201562.278
70. Current log-likelihood: -201561.830
71. Current log-likelihood: -201561.397
72. Current log-likelihood: -201560.974
73. Current log-likelihood: -201560.588
74. Current log-likelihood: -201560.208
75. Current log-likelihood: -201559.831
76. Current log-likelihood: -201559.480
77. Current log-likelihood: -201559.146
78. Current log-likelihood: -201558.819
79. Current log-likelihood: -201558.500
80. Current log-likelihood: -201558.189
81. Current log-likelihood: -201557.888
82. Current log-likelihood: -201557.594
83. Current log-likelihood: -201557.305
84. Current log-likelihood: -201557.027
85. Current log-likelihood: -201556.753
86. Current log-likelihood: -201556.484
87. Current log-likelihood: -201556.222
88. Current log-likelihood: -201555.968
89. Current log-likelihood: -201555.718
90. Current log-likelihood: -201555.575
91. Current log-likelihood: -201555.436
92. Current log-likelihood: -201555.193
93. Current log-likelihood: -201555.072
94. Current log-likelihood: -201554.941
95. Current log-likelihood: -201554.807
96. Current log-likelihood: -201554.694
97. Current log-likelihood: -201554.580
98. Current log-likelihood: -201554.479
99. Current log-likelihood: -201554.368
Optimal log-likelihood: -201554.368
Rate parameters:  A-C: 0.91572  A-G: 2.81826  A-T: 0.76821  C-G: 1.80824  C-T: 4.38641  G-T: 1.00000
Base frequencies:  A: 0.214  C: 0.312  G: 0.310  T: 0.164
Site proportion and rates:  (0.429,0.015) (0.096,0.124) (0.083,0.368) (0.107,0.918) (0.066,1.570) (0.091,2.377) (0.073,3.370) (0.049,4.842) (0.006,8.147)
Parameters optimization took 99 rounds (2991.833 sec)
Wrote distance file to... 
Computing ML distances based on estimated model parameters...
Calculating distance matrix: done in 70.9295 secs using 199.5% CPU
Computing ML distances took 70.992633 sec (of wall-clock time) 141.516690 sec (of CPU time)
Setting up auxiliary I and S matrices: done in 0.181954 secs using 271.3% CPU
Constructing RapidNJ tree: done in 2.63028 secs using 236.1% CPU
Computing RapidNJ tree took 2.812394 sec (of wall-clock time) 6.704519 sec (of CPU time)
Log-likelihood of RapidNJ tree: -228695.511
--------------------------------------------------------------------
|             INITIALIZING CANDIDATE TREE SET                      |
--------------------------------------------------------------------
Generating 98 parsimony trees... 538.469 second
Computing log-likelihood of 98 initial trees ... 297.008 seconds
Current best score: -201115.337

Do NNI search on 20 best initial trees
Estimate model parameters (epsilon = 0.100)
BETTER TREE FOUND at iteration 1: -200040.319
Estimate model parameters (epsilon = 0.100)
BETTER TREE FOUND at iteration 2: -200004.260
Iteration 10 / LogL: -200524.773 / Time: 1h:40m:44s
Iteration 20 / LogL: -200560.869 / Time: 1h:54m:17s
Finish initializing candidate tree set (20)
Current best tree score: -200004.260 / CPU time: 3413.872
Number of iterations: 20
--------------------------------------------------------------------
|               OPTIMIZING CANDIDATE TREE SET                      |
--------------------------------------------------------------------
Estimate model parameters (epsilon = 0.100)
BETTER TREE FOUND at iteration 24: -199983.024
Estimate model parameters (epsilon = 0.100)
BETTER TREE FOUND at iteration 26: -199944.476
Estimate model parameters (epsilon = 0.100)
BETTER TREE FOUND at iteration 29: -199920.764
Iteration 30 / LogL: -200039.704 / Time: 2h:12m:38s (7h:32m:27s left)
Estimate model parameters (epsilon = 0.100)
BETTER TREE FOUND at iteration 34: -199902.990
Estimate model parameters (epsilon = 0.100)
BETTER TREE FOUND at iteration 39: -199779.680
Estimate model parameters (epsilon = 0.100)
BETTER TREE FOUND at iteration 40: -199702.846
Iteration 40 / LogL: -199702.846 / Time: 2h:27m:14s (6h:17m:16s left)
Estimate model parameters (epsilon = 0.100)
BETTER TREE FOUND at iteration 47: -199641.572
Estimate model parameters (epsilon = 0.100)
BETTER TREE FOUND at iteration 49: -199634.624
Iteration 50 / LogL: -199757.420 / Time: 2h:40m:2s (5h:23m:9s left)
Estimate model parameters (epsilon = 0.100)
BETTER TREE FOUND at iteration 52: -199608.762
Iteration 60 / LogL: -199795.896 / Time: 2h:51m:54s (4h:27m:55s left)
Estimate model parameters (epsilon = 0.100)
BETTER TREE FOUND at iteration 66: -199567.325
Iteration 70 / LogL: -199780.567 / Time: 3h:5m:32s (4h:18m:1s left)
Iteration 80 / LogL: -199730.417 / Time: 3h:16m:45s (3h:34m:4s left)
Estimate model parameters (epsilon = 0.100)
BETTER TREE FOUND at iteration 87: -199531.228
Iteration 90 / LogL: -199641.896 / Time: 3h:31m:43s (3h:50m:39s left)
Iteration 100 / LogL: -199636.199 / Time: 3h:42m:47s (3h:15m:42s left)
Iteration 110 / LogL: -199634.003 / Time: 3h:55m:17s (2h:46m:8s left)
Iteration 120 / LogL: -199663.206 / Time: 4h:6m:24s (2h:18m:40s left)
Iteration 130 / LogL: -199673.574 / Time: 4h:17m:28s (1h:53m:43s left)
Estimate model parameters (epsilon = 0.100)
BETTER TREE FOUND at iteration 132: -199522.086
Iteration 140 / LogL: -199686.587 / Time: 4h:30m:38s (2h:59m:3s left)
Iteration 150 / LogL: -199591.199 / Time: 4h:42m:25s (2h:35m:22s left)
Iteration 160 / LogL: -199774.671 / Time: 4h:53m:8s (2h:12m:42s left)
Iteration 170 / LogL: -199559.960 / Time: 5h:5m:31s (1h:52m:2s left)
Estimate model parameters (epsilon = 0.100)
BETTER TREE FOUND at iteration 173: -199519.079
Estimate model parameters (epsilon = 0.100)
BETTER TREE FOUND at iteration 177: -199517.388
Iteration 180 / LogL: -199623.773 / Time: 5h:18m:26s (2h:52m:30s left)
Estimate model parameters (epsilon = 0.100)
BETTER TREE FOUND at iteration 183: -199501.721
Estimate model parameters (epsilon = 0.100)
BETTER TREE FOUND at iteration 186: -199461.036
Iteration 190 / LogL: -199573.319 / Time: 5h:31m:21s (2h:48m:15s left)
Iteration 200 / LogL: -199537.419 / Time: 5h:43m:2s (2h:28m:12s left)
Estimate model parameters (epsilon = 0.100)
BETTER TREE FOUND at iteration 202: -199404.881
Estimate model parameters (epsilon = 0.100)
BETTER TREE FOUND at iteration 209: -199404.413
Iteration 210 / LogL: -199549.352 / Time: 5h:55m:59s (2h:48m:34s left)
Iteration 220 / LogL: -199469.191 / Time: 6h:9m:14s (2h:30m:1s left)
Estimate model parameters (epsilon = 0.100)
BETTER TREE FOUND at iteration 224: -199351.124
Iteration 230 / LogL: -199557.266 / Time: 6h:24m:14s (2h:37m:40s left)
Estimate model parameters (epsilon = 0.100)
BETTER TREE FOUND at iteration 236: -199344.942
Estimate model parameters (epsilon = 0.100)
BETTER TREE FOUND at iteration 240: -199305.997
Iteration 240 / LogL: -199305.997 / Time: 6h:35m:31s (2h:45m:27s left)
Iteration 250 / LogL: -199406.345 / Time: 6h:49m:23s (2h:27m:56s left)
Iteration 260 / LogL: -199383.247 / Time: 7h:1m:19s (2h:10m:6s left)
Estimate model parameters (epsilon = 0.100)
BETTER TREE FOUND at iteration 268: -199288.399
Iteration 270 / LogL: -199398.655 / Time: 7h:12m:39s (2h:37m:35s left)
Iteration 280 / LogL: -199381.759 / Time: 7h:23m:34s (2h:19m:52s left)
Iteration 290 / LogL: -199381.107 / Time: 7h:35m:11s (2h:2m:49s left)
Iteration 300 / LogL: -199419.363 / Time: 7h:46m:43s (1h:46m:7s left)
Estimate model parameters (epsilon = 0.100)
BETTER TREE FOUND at iteration 310: -199281.857
Iteration 310 / LogL: -199281.857 / Time: 8h:0m:39s (2h:35m:31s left)
Iteration 320 / LogL: -199461.907 / Time: 8h:13m:21s (2h:19m:9s left)
Iteration 330 / LogL: -199297.554 / Time: 8h:26m:28s (2h:3m:7s left)
Iteration 340 / LogL: -199393.677 / Time: 8h:39m:55s (1h:47m:20s left)
Estimate model parameters (epsilon = 0.100)
BETTER TREE FOUND at iteration 347: -199239.529
Iteration 350 / LogL: -199327.411 / Time: 8h:54m:10s (2h:28m:26s left)
Estimate model parameters (epsilon = 0.100)
BETTER TREE FOUND at iteration 353: -199232.744
Iteration 360 / LogL: -199365.708 / Time: 9h:8m:20s (2h:22m:1s left)
Estimate model parameters (epsilon = 0.100)
BETTER TREE FOUND at iteration 363: -199223.060
Iteration 370 / LogL: -199447.074 / Time: 9h:22m:11s (2h:21m:39s left)
Iteration 380 / LogL: -199434.766 / Time: 9h:33m:44s (2h:5m:37s left)
Estimate model parameters (epsilon = 0.100)
BETTER TREE FOUND at iteration 381: -199161.865
Iteration 390 / LogL: -199358.270 / Time: 9h:46m:24s (2h:17m:9s left)
Iteration 400 / LogL: -199304.599 / Time: 9h:58m:17s (2h:1m:26s left)
Iteration 410 / LogL: -199234.398 / Time: 10h:10m:5s (1h:45m:53s left)
Iteration 420 / LogL: -199293.653 / Time: 10h:23m:46s (1h:30m:47s left)
Iteration 430 / LogL: -199276.117 / Time: 10h:37m:8s (1h:15m:43s left)
Estimate model parameters (epsilon = 0.100)
BETTER TREE FOUND at iteration 435: -199107.856
Iteration 440 / LogL: -199255.047 / Time: 10h:50m:22s (2h:20m:43s left)
Iteration 450 / LogL: -199324.543 / Time: 11h:3m:47s (2h:5m:38s left)
Iteration 460 / LogL: -199220.057 / Time: 11h:14m:28s (1h:50m:11s left)
Estimate model parameters (epsilon = 0.100)
BETTER TREE FOUND at iteration 470: -199038.462
Iteration 470 / LogL: -199038.462 / Time: 11h:26m:37s (2h:26m:22s left)
Iteration 480 / LogL: -199310.491 / Time: 11h:37m:29s (2h:11m:2s left)
Iteration 490 / LogL: -199172.009 / Time: 11h:49m:48s (1h:56m:6s left)
Iteration 500 / LogL: -199176.147 / Time: 12h:2m:54s (1h:41m:23s left)
Iteration 510 / LogL: -199167.173 / Time: 12h:15m:30s (1h:26m:41s left)
Iteration 520 / LogL: -199483.290 / Time: 12h:29m:6s (1h:12m:9s left)
Iteration 530 / LogL: -199152.408 / Time: 12h:42m:59s (0h:57m:41s left)
Iteration 540 / LogL: -199183.950 / Time: 12h:56m:13s (0h:43m:11s left)
Iteration 550 / LogL: -199231.886 / Time: 13h:8m:51s (0h:28m:44s left)
Iteration 560 / LogL: -199155.251 / Time: 13h:21m:35s (0h:14m:20s left)
Iteration 570 / LogL: -199281.963 / Time: 13h:35m:1s (0h:0m:0s left)
TREE SEARCH COMPLETED AFTER 571 ITERATIONS / Time: 13h:36m:26s

--------------------------------------------------------------------
|                    FINALIZING TREE SEARCH                        |
--------------------------------------------------------------------
Performs final model parameters optimization
Estimate model parameters (epsilon = 0.010)
1. Initial log-likelihood: -199038.462
2. Current log-likelihood: -199038.423
3. Current log-likelihood: -199038.399
4. Current log-likelihood: -199038.375
5. Current log-likelihood: -199038.342
6. Current log-likelihood: -199038.319
7. Current log-likelihood: -199038.306
8. Current log-likelihood: -199038.284
9. Current log-likelihood: -199038.262
10. Current log-likelihood: -199038.231
11. Current log-likelihood: -199038.209
12. Current log-likelihood: -199038.198
13. Current log-likelihood: -199038.178
14. Current log-likelihood: -199038.158
15. Current log-likelihood: -199038.137
16. Current log-likelihood: -199038.118
17. Current log-likelihood: -199038.086
18. Current log-likelihood: -199038.065
19. Current log-likelihood: -199038.045
20. Current log-likelihood: -199038.013
21. Current log-likelihood: -199037.993
22. Current log-likelihood: -199037.975
23. Current log-likelihood: -199037.962
24. Current log-likelihood: -199037.944
25. Current log-likelihood: -199037.917
26. Current log-likelihood: -199037.898
27. Current log-likelihood: -199037.880
28. Current log-likelihood: -199037.861
29. Current log-likelihood: -199037.850
30. Current log-likelihood: -199037.832
31. Current log-likelihood: -199037.815
32. Current log-likelihood: -199037.799
33. Current log-likelihood: -199037.787
34. Current log-likelihood: -199037.772
35. Current log-likelihood: -199037.761
36. Current log-likelihood: -199037.746
37. Current log-likelihood: -199037.729
Optimal log-likelihood: -199037.715
Rate parameters:  A-C: 0.93090  A-G: 2.91767  A-T: 0.75497  C-G: 1.83897  C-T: 4.57341  G-T: 1.00000
Base frequencies:  A: 0.214  C: 0.312  G: 0.310  T: 0.164
Site proportion and rates:  (0.402,0.011) (0.110,0.092) (0.081,0.310) (0.087,0.756) (0.078,1.287) (0.103,2.181) (0.082,3.272) (0.050,4.861) (0.007,8.530)
Parameters optimization took 37 rounds (590.697 sec)
BEST SCORE FOUND : -199037.715
Total tree length: 52.525

Total number of iterations: 571
CPU time used for tree search: 87647.633 sec (24h:20m:47s)
Wall-clock time used for tree search: 45542.846 sec (12h:39m:2s)
Total CPU time used: 95496.783 sec (26h:31m:36s)
Total wall-clock time used: 49577.939 sec (13h:46m:17s)

Analysis results written to: 
  IQ-TREE report:                /mnt/dv/wid/projects6/SolisLemus-Intbio-raw/processed-data/symbiosis_sorted_v2/nifH_clean5_iqtree_v2/nifH_clean5_iupac_all_pass_fast_noboot.iqtree
  Maximum-likelihood tree:       /mnt/dv/wid/projects6/SolisLemus-Intbio-raw/processed-data/symbiosis_sorted_v2/nifH_clean5_iqtree_v2/nifH_clean5_iupac_all_pass_fast_noboot.treefile
  Likelihood distances:          /mnt/dv/wid/projects6/SolisLemus-Intbio-raw/processed-data/symbiosis_sorted_v2/nifH_clean5_iqtree_v2/nifH_clean5_iupac_all_pass_fast_noboot.mldist
  Screen log file:               /mnt/dv/wid/projects6/SolisLemus-Intbio-raw/processed-data/symbiosis_sorted_v2/nifH_clean5_iqtree_v2/nifH_clean5_iupac_all_pass_fast_noboot.log

Date and Time: Sun Jul  5 02:50:05 2026
