IQ-TREE version 3.1.1 for Linux x86 64-bit built Apr  8 2026
Developed by Bui Quang Minh, Thomas Wong, Nhan Ly-Trong, Huaiyan Ren
Contributed by Lam-Tung Nguyen, Dominik Schrempf, Chris Bielow,
Olga Chernomor, Michael Woodhams, Diep Thi Hoang, Heiko Schmidt

Host:    solislemus-001.discovery.wisc.edu (AVX512, FMA3, 1007 GB RAM)
Command: iqtree -s /mnt/dv/wid/projects6/SolisLemus-Intbio-raw/processed-data/symbiosis_sorted_v2/nifH_clean5_mafft_alignment_v2/nifH_clean5_strict_single_dominant.mafft.fasta -m MFP -B 1000 -alrt 1000 -T AUTO --prefix /mnt/dv/wid/projects6/SolisLemus-Intbio-raw/processed-data/symbiosis_sorted_v2/nifH_clean5_iqtree_v2/nifH_clean5_strict_single_dominant
Seed:    563494 (Using SPRNG - Scalable Parallel Random Number Generator)
Time:    Sat Jul  4 00:53:03 2026
Kernel:  AVX+FMA - auto-detect threads (72 CPU cores detected)

Reading alignment file /mnt/dv/wid/projects6/SolisLemus-Intbio-raw/processed-data/symbiosis_sorted_v2/nifH_clean5_mafft_alignment_v2/nifH_clean5_strict_single_dominant.mafft.fasta ... Fasta format detected
Reading fasta file: done in 0.0239974 secs using 83.33% CPU
Alignment most likely contains DNA/RNA sequences
Constructing alignment: done in 0.0200886 secs using 1460% CPU
WARNING: 158 sites contain only gaps or ambiguous characters.
Alignment has 1802 sequences with 1061 columns, 879 distinct patterns
544 parsimony-informative, 87 singleton sites, 430 constant sites
                                              Gap/Ambiguity  Composition  p-value
Analyzing sequences: done in 0.00836224 secs using 6202% CPU
   1  BONA-2-Ro|ref52|pass_single_dominant           26.86%    passed     94.41%
   2  BONA-4-Rh|ref52|pass_single_dominant           24.41%    passed     91.66%
   3  CLBJ-13-1-Rh|ref52|pass_single_dominant        28.84%    passed     64.65%
   4  CLBJ-14-1-No|ref52|pass_single_dominant        17.72%    passed     57.94%
   5  CLBJ-19-1-No|ref52|pass_single_dominant        21.21%    passed     71.90%
   6  CLBJ-2-No|ref52|pass_single_dominant           17.62%    passed     81.05%
   7  CLBJ-26-1-No|ref52|pass_single_dominant        17.62%    passed     77.73%
   8  CLBJ-27-1-No|ref52|pass_single_dominant        17.81%    passed     81.09%
   9  CLBJ-35-1-No|ref52|pass_single_dominant        25.73%    passed     89.94%
  10  CLBJ-4-1-No|ref52|pass_single_dominant         17.53%    passed     87.63%
  11  CLBJ-4-1-Ro|ref52|pass_single_dominant         17.53%    passed     87.63%
  12  CLBJ-43-2-Ro|ref52|pass_single_dominant        19.13%    passed     96.76%
  13  CLBJ-5-2-No|ref52|pass_single_dominant         17.72%    passed     88.23%
  14  CLBJ-5-2-Rh|ref52|pass_single_dominant         17.62%    passed     85.64%
  15  CLBJ-50-3-Rh|ref52|pass_single_dominant        29.59%    passed     77.01%
  16  CLBJ-9-1-No|ref52|pass_single_dominant         18.47%    passed     77.22%
  17  CPER-3-1-No|ref52|pass_single_dominant         31.95%    passed     82.92%
  18  CPER-4-Rh|ref52|pass_single_dominant           20.08%    passed     96.07%
  19  DEJU-11-1-No|ref52|pass_single_dominant        30.73%    passed     56.11%
  20  DEJU-11-1-Ro|ref52|pass_single_dominant        18.00%    passed     99.74%
  21  DEJU-52-1-No|ref52|pass_single_dominant        25.26%    passed     95.69%
  22  DEJU-57-No|ref52|pass_single_dominant          17.62%    passed     97.39%
  23  DELA-1-3-No|ref52|pass_single_dominant         17.81%    passed     41.62%
  24  DELA-1-3-Rh|ref52|pass_single_dominant         18.00%    passed     38.92%
  25  DELA-1-3-Ro|ref52|pass_single_dominant         29.59%    passed     63.15%
  26  DELA-27-3-No|ref52|pass_single_dominant        18.10%    passed     70.04%
  27  DELA-29-1-Rh|ref52|pass_single_dominant        17.81%    passed     43.20%
  28  DELA-31-1-Rh|ref52|pass_single_dominant        25.45%    passed     76.13%
  29  DELA-32-1-No|ref52|pass_single_dominant        17.53%    passed     93.29%
  30  DELA-9-1-No|ref52|pass_single_dominant         17.62%    passed     56.80%
  31  DELA-9-1-Ro|ref52|pass_single_dominant         23.94%    passed     69.78%
  32  DSNY-101-1-Rh|ref52|pass_single_dominant       21.21%    passed     81.15%
  33  DSNY-11-3-No|ref52|pass_single_dominant        17.72%    passed     73.57%
  34  DSNY-13-1-Rh|ref52|pass_single_dominant        26.01%    passed     92.03%
  35  DSNY-14-1-No|ref52|pass_single_dominant        19.51%    passed     88.52%
  36  DSNY-14-1-Rh|ref52|pass_single_dominant        18.66%    passed     90.52%
  37  DSNY-15-1-No|ref52|pass_single_dominant        17.72%    passed     84.83%
  38  DSNY-17-3-No|ref52|pass_single_dominant        23.85%    passed     36.00%
  39  DSNY-2-1-Rh|ref52|pass_single_dominant         17.72%    passed     96.02%
  40  DSNY-5-1-No|ref52|pass_single_dominant         30.16%    passed     65.25%
  41  DSNY-65-1-Ro|ref52|pass_single_dominant        29.59%    passed     98.89%
  42  DSNY-66-1-No|ref52|pass_single_dominant        19.98%    passed     35.72%
  43  DSNY-66-1-Ro|ref52|pass_single_dominant        28.65%    passed     85.46%
  44  DSNY-69-1-No|ref52|pass_single_dominant        26.96%    passed     39.25%
  45  DSNY-70-1-Ro|ref52|pass_single_dominant        22.71%    passed     43.10%
  46  DSNY-80-1-No|ref52|pass_single_dominant        28.37%    passed     80.56%
  47  DSNY-CLFR-60-Ro|ref52|pass_single_dominant     17.72%    passed     99.40%
  48  DSNY-GAEL-33-1-Rh|ref52|pass_single_dominant   22.24%    passed     76.32%
  49  DSNY-SEHE-60-No|ref52|pass_single_dominant     18.00%    passed     38.92%
  50  GUAN-2-Ro|ref52|pass_single_dominant           18.94%    passed     73.76%
  51  GUAN-5-No|ref52|pass_single_dominant           17.62%    passed     83.26%
  52  HEAL-7-1-Ro|ref52|pass_single_dominant         19.32%    passed     87.42%
  53  JERC-1-2-No|ref52|pass_single_dominant         17.72%    passed     92.68%
  54  JERC-1-2-Ro|ref52|pass_single_dominant         21.96%    passed     73.67%
  55  JERC-10-3-No|ref52|pass_single_dominant        31.39%    passed     83.05%
  56  JERC-10-3-Rh|ref52|pass_single_dominant        17.91%    passed     92.43%
  57  JERC-11-1-No|ref52|pass_single_dominant        17.72%    passed     86.76%
  58  JERC-11-1-Ro|ref52|pass_single_dominant        25.07%    passed     48.98%
  59  JERC-119-Ro|ref52|pass_single_dominant         17.72%    passed     97.45%
  60  JERC-121-No|ref52|pass_single_dominant         27.24%    passed     84.80%
  61  JERC-121-Ro|ref52|pass_single_dominant         18.57%    passed     77.68%
  62  JERC-128-2-Rh|ref52|pass_single_dominant       18.00%    passed     97.53%
  63  JERC-128-2-Ro|ref52|pass_single_dominant       26.39%    passed     94.39%
  64  JERC-13-3-Ro|ref52|pass_single_dominant        18.00%    passed     19.52%
  65  JERC-131-No|ref52|pass_single_dominant         17.72%    passed     87.96%
  66  JERC-134-3-Ro|ref52|pass_single_dominant       21.39%    passed     75.84%
  67  JERC-14-5-No|ref52|pass_single_dominant        23.66%    passed     80.65%
  68  JERC-140-Rh|ref52|pass_single_dominant         30.82%    passed     97.67%
  69  JERC-142-Rh|ref52|pass_single_dominant         22.05%    passed     97.14%
  70  JERC-145-1-No|ref52|pass_single_dominant       32.05%    passed     96.66%
  71  JERC-146-Ro|ref52|pass_single_dominant         27.33%    passed     90.01%
  72  JERC-150-Ro|ref52|pass_single_dominant         25.82%    passed     99.70%
  73  JERC-153-No|ref52|pass_single_dominant         19.42%    passed     25.49%
  74  JERC-154-Rh|ref52|pass_single_dominant         23.75%    passed     92.63%
  75  JERC-156-No|ref52|pass_single_dominant         32.52%    passed     51.90%
  76  JERC-157-2-Rh|ref52|pass_single_dominant       25.07%    passed     89.37%
  77  JERC-16-2-Rh|ref52|pass_single_dominant        18.76%    passed     95.65%
  78  JERC-161-Ro|ref52|pass_single_dominant         25.26%    passed     92.44%
  79  JERC-165-No|ref52|pass_single_dominant         21.58%    passed     87.01%
  80  JERC-167-No|ref52|pass_single_dominant         20.08%    passed     99.43%
  81  JERC-170-No|ref52|pass_single_dominant         25.82%    passed      9.41%
  82  JERC-171-No|ref52|pass_single_dominant         19.51%    passed     50.82%
  83  JERC-175-1-No|ref52|pass_single_dominant       31.86%    passed     81.70%
  84  JERC-177-No|ref52|pass_single_dominant         27.62%    passed     72.26%
  85  JERC-18-2-Rh|ref52|pass_single_dominant        23.85%    passed     61.49%
  86  JERC-189-1-Rh|ref52|pass_single_dominant       32.05%    passed     99.42%
  87  JERC-198-No|ref52|pass_single_dominant         20.36%    passed     63.59%
  88  JERC-20-1-No|ref52|pass_single_dominant        23.75%    passed     58.49%
  89  JERC-203-1-No|ref52|pass_single_dominant       22.90%    passed     60.67%
  90  JERC-26-5-No|ref52|pass_single_dominant        17.62%    passed     78.24%
  91  JERC-28-4-Ro|ref52|pass_single_dominant        20.08%    passed     79.35%
  92  JERC-30-3-Rh|ref52|pass_single_dominant        26.96%    passed     84.06%
  93  JERC-34-4-No|ref52|pass_single_dominant        17.72%    passed     85.29%
  94  JERC-5-3-Rh|ref52|pass_single_dominant         23.28%    passed     85.91%
  95  JERC-50-5-Rh|ref52|pass_single_dominant        29.59%    passed     82.44%
  96  JERC-6-3-No|ref52|pass_single_dominant         17.72%    passed      9.33%
  97  JERC-7-2-No|ref52|pass_single_dominant         31.01%    passed     80.69%
  98  JERC-8-2-Rh|ref52|pass_single_dominant         28.09%    passed     87.41%
  99  JERC-94-1-No|ref52|pass_single_dominant        17.62%    passed     98.45%
 100  JERC-94-1-Ro|ref52|pass_single_dominant        26.01%    passed     94.33%
 101  JERC-98-1-No|ref52|pass_single_dominant        20.36%    passed     99.29%
 102  JERC-98-4-No|ref52|pass_single_dominant        20.74%    passed     98.39%
 103  JERC-99-2-No|ref52|pass_single_dominant        29.59%    passed     19.68%
 104  JERC-AMFR-56-1-No|ref52|pass_single_dominant   17.72%    passed     94.12%
 105  JERC-AMFU-71-1-No|ref52|pass_single_dominant   17.81%    passed     86.55%
 106  JERC-AMFU-71-1-Ro|ref52|pass_single_dominant   17.53%    passed     89.95%
 107  JERC-CRJU-86-1-No|ref52|pass_single_dominant   25.16%    passed     84.86%
 108  JERC-DEST-32-1-No|ref52|pass_single_dominant   18.85%    passed     49.85%
 109  JERC-DEST-68-4-No|ref52|pass_single_dominant   32.33%    passed     11.23%
 110  JERC-RHRE-55-1-Rh|ref52|pass_single_dominant   25.73%    passed     94.45%
 111  JERC-RHTO-58-1-Ro|ref52|pass_single_dominant   29.59%    passed     99.42%
 112  JERC-TECW-66-3-No|ref52|pass_single_dominant   31.39%    passed     64.79%
 113  JORN-1-No|ref52|pass_single_dominant           17.72%    passed     83.22%
 114  JORN-2-1-Rh|ref52|pass_single_dominant         20.17%    passed     90.69%
 115  JORN-2-1-Ro|ref52|pass_single_dominant         24.60%    passed     75.49%
 116  JORN-3-1-Rh|ref52|pass_single_dominant         17.72%    passed     86.66%
 117  JORN-4-1-No|ref52|pass_single_dominant         19.79%    passed     90.81%
 118  KONZ-12-1-No|ref52|pass_single_dominant        17.53%    passed     83.57%
 119  KONZ-12-1-Rh|ref52|pass_single_dominant        31.20%    passed     69.77%
 120  KONZ-15-1-Rh|ref52|pass_single_dominant        31.76%    passed     90.42%
 121  KONZ-3-1-Rh|ref52|pass_single_dominant         28.56%    passed     97.32%
 122  KONZ-4-1-Rh|ref52|pass_single_dominant         20.64%    passed     88.88%
 123  KONZ-5-1-Rh|ref52|pass_single_dominant         17.81%    passed     97.73%
 124  LAJA-1-1-No|ref52|pass_single_dominant         20.55%    passed     99.01%
 125  LAJA-21-1-No|ref52|pass_single_dominant        24.69%    passed     89.48%
 126  LAJA-3-2-No|ref52|pass_single_dominant         27.80%    passed     91.30%
 127  LAJA-5-1-No|ref52|pass_single_dominant         20.36%    passed     82.99%
 128  LAJA-6-1-Rh|ref52|pass_single_dominant         17.81%    passed     95.03%
 129  LAJA-6-1-Ro|ref52|pass_single_dominant         18.76%    passed     81.19%
 130  LENO-12-3-No|ref52|pass_single_dominant        18.28%    passed     91.07%
 131  LENO-13-2-Ro|ref52|pass_single_dominant        17.72%    passed     89.43%
 132  LENO-3-2-No|ref52|pass_single_dominant         25.82%    passed     90.41%
 133  LENO-5-2-No|ref52|pass_single_dominant         17.53%    passed     91.68%
 134  LENO-6-1-No|ref52|pass_single_dominant         23.56%    passed     68.56%
 135  LENO-7-2-No|ref52|pass_single_dominant         17.81%    passed     95.44%
 136  LENO-7-2-Ro|ref52|pass_single_dominant         32.52%    passed     99.93%
 137  LENO-9-2-No|ref52|pass_single_dominant         17.53%    passed     92.44%
 138  LENO-9-2-Rh|ref52|pass_single_dominant         18.00%    passed     92.27%
 139  MLBS-2-1-No|ref52|pass_single_dominant         30.16%    passed     92.55%
 140  N35-4-D-Ro|ref52|pass_single_dominant          19.70%    passed     45.43%
 141  NIWO-1-Rh|ref52|pass_single_dominant           21.49%    passed     97.41%
 142  NOGP-2-1-No|ref52|pass_single_dominant         27.14%    passed     51.53%
 143  NOGP-2-1-Rh|ref52|pass_single_dominant         26.67%    passed     85.69%
 144  OAES-1-1-No|ref52|pass_single_dominant         17.44%    passed     42.28%
 145  OAES-11-1-No|ref52|pass_single_dominant        17.91%    passed     88.61%
 146  OAES-11-1-Rh|ref52|pass_single_dominant        17.91%    passed     93.38%
 147  OAES-12-2-No|ref52|pass_single_dominant        17.72%    passed     89.89%
 148  OAES-12-2-Ro|ref52|pass_single_dominant        17.62%    passed     90.03%
 149  OAES-15-No|ref52|pass_single_dominant          17.62%    passed     94.75%
 150  OAES-15-Ro|ref52|pass_single_dominant          17.72%    passed     96.36%
 151  OAES-16-1-No|ref52|pass_single_dominant        17.44%    passed     42.98%
 152  OAES-16-1-Rh|ref52|pass_single_dominant        17.53%    passed     61.23%
 153  OAES-16-1-Ro|ref52|pass_single_dominant        25.82%    passed     98.15%
 154  OAES-17-Rh|ref52|pass_single_dominant          17.72%    passed     94.00%
 155  OAES-17-Ro|ref52|pass_single_dominant          17.72%    passed     83.19%
 156  OAES-18-3-Ro|ref52|pass_single_dominant        19.89%    passed     93.77%
 157  OAES-20-No|ref52|pass_single_dominant          18.10%    passed     97.96%
 158  OAES-20-Rh|ref52|pass_single_dominant          29.22%    passed     91.25%
 159  OAES-21-3-No|ref52|pass_single_dominant        17.62%    passed     92.72%
 160  OAES-22-1-Rh|ref52|pass_single_dominant        17.62%    passed     94.88%
 161  OAES-23-1-No|ref52|pass_single_dominant        17.72%    passed     92.64%
 162  OAES-23-1-Ro|ref52|pass_single_dominant        17.72%    passed     93.26%
 163  OAES-25-1-No|ref52|pass_single_dominant        17.44%    passed     55.01%
 164  OAES-25-1-Rh|ref52|pass_single_dominant        21.11%    passed     83.59%
 165  OAES-26-1-No|ref52|pass_single_dominant        17.72%    passed     95.45%
 166  OAES-26-1-Rh|ref52|pass_single_dominant        24.41%    passed     90.77%
 167  OAES-26-1-Ro|ref52|pass_single_dominant        19.32%    passed     95.50%
 168  OAES-27-2-No|ref52|pass_single_dominant        17.81%    passed     81.78%
 169  OAES-28-1-No|ref52|pass_single_dominant        17.72%    passed     94.47%
 170  OAES-28-1-Rh|ref52|pass_single_dominant        17.62%    passed     85.52%
 171  OAES-29-1-No|ref52|pass_single_dominant        17.62%    passed     93.30%
 172  OAES-3-1-No|ref52|pass_single_dominant         17.72%    passed     89.31%
 173  OAES-3-1-Rh|ref52|pass_single_dominant         25.26%    passed     50.04%
 174  OAES-3-1-Ro|ref52|pass_single_dominant         23.94%    passed     89.28%
 175  OAES-31-1-No|ref52|pass_single_dominant        17.72%    passed     98.45%
 176  OAES-32-1-No|ref52|pass_single_dominant        17.72%    passed     92.64%
 177  OAES-33-1-No|ref52|pass_single_dominant        17.81%    passed     90.19%
 178  OAES-34-1-No|ref52|pass_single_dominant        17.72%    passed     87.97%
 179  OAES-34-1-Rh|ref52|pass_single_dominant        17.91%    passed     83.31%
 180  OAES-35-1-No|ref52|pass_single_dominant        26.01%    passed     99.93%
 181  OAES-35-3-No|ref52|pass_single_dominant        17.72%    passed     92.94%
 182  OAES-36-2-No|ref52|pass_single_dominant        28.56%    passed     84.89%
 183  OAES-36-3-Rh|ref52|pass_single_dominant        25.35%    passed     96.06%
 184  OAES-37-2-No|ref52|pass_single_dominant        30.73%    passed     98.94%
 185  OAES-4-1-No|ref52|pass_single_dominant         21.02%    passed     25.95%
 186  OAES-4-1-Ro|ref52|pass_single_dominant         18.38%    passed     55.07%
 187  OAES-5-Rh|ref52|pass_single_dominant           17.62%    passed     88.31%
 188  OAES-6-1-Ro|ref52|pass_single_dominant         19.51%    passed     68.54%
 189  OAES-7-1-No|ref52|pass_single_dominant         22.34%    passed     39.05%
 190  OAES-7-1-Ro|ref52|pass_single_dominant         17.44%    passed     69.21%
 191  OAES-8-2-No|ref52|pass_single_dominant         17.62%    passed     73.58%
 192  OAES-9-1-No|ref52|pass_single_dominant         17.62%    passed     91.33%
 193  OAES_24-3-No|ref52|pass_single_dominant        17.81%    passed     91.08%
 194  OAES_24-3-Rh|ref52|pass_single_dominant        20.64%    passed     96.71%
 195  ORNL-13-2-No|ref52|pass_single_dominant        23.28%    passed     76.51%
 196  ORNL-13-2-Ro|ref52|pass_single_dominant        26.11%    passed     86.99%
 197  ORNL-18-1-Ro|ref52|pass_single_dominant        24.03%    passed     82.36%
 198  ORNL-5-1-Rh|ref52|pass_single_dominant         25.82%    passed     76.78%
 199  ORNL-6-1-No|ref52|pass_single_dominant         27.14%    failed      0.62%
 200  OSBS-1-2-No|ref52|pass_single_dominant         29.78%    passed     49.62%
 201  OSBS-102-1-No|ref52|pass_single_dominant       28.56%    passed     87.99%
 202  OSBS-110-1-No|ref52|pass_single_dominant       30.73%    passed     19.11%
 203  OSBS-18-5-Rh|ref52|pass_single_dominant        24.98%    passed     97.20%
 204  OSBS-32-1-Ro|ref52|pass_single_dominant        21.39%    passed     88.79%
 205  OSBS-34-1-Rh|ref52|pass_single_dominant        21.68%    passed     99.29%
 206  OSBS-34-1-Ro|ref52|pass_single_dominant        26.86%    passed     97.99%
 207  OSBS-35-1-Rh|ref52|pass_single_dominant        29.22%    passed     95.47%
 208  OSBS-35-2-No|ref52|pass_single_dominant        17.53%    passed     94.07%
 209  OSBS-36-1-Rh|ref52|pass_single_dominant        27.43%    passed     76.80%
 210  OSBS-36-4-No|ref52|pass_single_dominant        25.16%    passed     93.48%
 211  OSBS-37-1-No|ref52|pass_single_dominant        20.74%    passed     91.99%
 212  OSBS-37-1-Rh|ref52|pass_single_dominant        24.22%    passed     94.31%
 213  OSBS-38-1-No|ref52|pass_single_dominant        17.62%    passed     85.05%
 214  OSBS-38-2-Ro|ref52|pass_single_dominant        27.52%    passed     96.38%
 215  OSBS-59-1-Rh|ref52|pass_single_dominant        17.72%    passed     96.02%
 216  OSBS-68-1-No|ref52|pass_single_dominant        31.67%    passed     71.94%
 217  OSBS-69-1-Ro|ref52|pass_single_dominant        18.38%    passed     97.74%
 218  OSBS-7-4-No|ref52|pass_single_dominant         22.90%    passed     93.51%
 219  OSBS-82-1-Rh|ref52|pass_single_dominant        21.30%    passed     80.48%
 220  RMNP-1-No|ref52|pass_single_dominant           17.72%    passed     84.70%
 221  RMNP-2-No|ref52|pass_single_dominant           17.62%    passed     91.67%
 222  RMNP-2-Rh|ref52|pass_single_dominant           18.66%    passed     91.73%
 223  RMNP-3-No|ref52|pass_single_dominant           21.58%    passed     96.26%
 224  SCBI-12-1-No|ref52|pass_single_dominant        18.00%    passed     91.04%
 225  SCBI-4-1-Rh|ref52|pass_single_dominant         31.57%    passed     85.75%
 226  SCBI-5-1-No|ref52|pass_single_dominant         17.72%    passed     94.52%
 227  SERC-3-1-Ro|ref52|pass_single_dominant         21.68%    passed     46.27%
 228  SRER-1-1-No|ref52|pass_single_dominant         17.34%    passed     84.08%
 229  SRER-1-1-Ro|ref52|pass_single_dominant         17.72%    passed     84.85%
 230  SRER-10-1-No|ref52|pass_single_dominant        17.72%    passed     97.73%
 231  SRER-11-1-Ro|ref52|pass_single_dominant        23.00%    passed     99.79%
 232  SRER-12-1-Ro|ref52|pass_single_dominant        17.72%    passed     87.42%
 233  SRER-13-1-No|ref52|pass_single_dominant        17.62%    passed     86.61%
 234  SRER-13-1-Rh|ref52|pass_single_dominant        17.72%    passed     85.11%
 235  SRER-13-1-Ro|ref52|pass_single_dominant        19.60%    passed     78.48%
 236  SRER-14-1-No|ref52|pass_single_dominant        17.72%    passed     93.07%
 237  SRER-14-1-Ro|ref52|pass_single_dominant        30.54%    passed     96.07%
 238  SRER-15-1-Rh|ref52|pass_single_dominant        17.72%    passed     82.80%
 239  SRER-15-1-Ro|ref52|pass_single_dominant        24.22%    passed     79.05%
 240  SRER-16-1-No|ref52|pass_single_dominant        17.72%    passed     88.48%
 241  SRER-17-1-No|ref52|pass_single_dominant        17.06%    passed     97.70%
 242  SRER-18-1-Rh|ref52|pass_single_dominant        17.62%    passed     97.37%
 243  SRER-18-1-Ro|ref52|pass_single_dominant        17.62%    passed     97.37%
 244  SRER-2-1-No|ref52|pass_single_dominant         17.62%    passed     88.59%
 245  SRER-3-1-No|ref52|pass_single_dominant         17.62%    passed     97.08%
 246  SRER-3-1-Rh|ref52|pass_single_dominant         20.83%    passed     90.04%
 247  SRER-3-1-Ro|ref52|pass_single_dominant         17.62%    passed     95.90%
 248  SRER-5-1-Rh|ref52|pass_single_dominant         17.62%    passed     93.88%
 249  SRER-6-1-No|ref52|pass_single_dominant         17.34%    passed     97.34%
 250  SRER-6-1-Ro|ref52|pass_single_dominant         17.72%    passed     94.77%
 251  SRER-7-1-No|ref52|pass_single_dominant         17.44%    passed     93.64%
 252  SRER-7-1-Rh|ref52|pass_single_dominant         17.62%    passed     93.88%
 253  SRER-8-1-No|ref52|pass_single_dominant         17.62%    passed     75.13%
 254  SRER-8-1-Ro|ref52|pass_single_dominant         17.62%    passed     92.47%
 255  SRER-9-1-No|ref52|pass_single_dominant         18.66%    passed     92.50%
 256  SRER-9-1-Ro|ref52|pass_single_dominant         20.08%    passed     82.87%
 257  TALL-10-4-Rh|ref52|pass_single_dominant        21.21%    passed     73.44%
 258  TALL-12-2-Rh|ref52|pass_single_dominant        26.39%    passed     85.17%
 259  TALL-12-2-Ro|ref52|pass_single_dominant        19.60%    passed     56.18%
 260  TALL-13-3-Rh|ref52|pass_single_dominant        31.57%    passed     84.32%
 261  TALL-15-2-No|ref52|pass_single_dominant        17.72%    passed     57.61%
 262  TALL-15-2-Ro|ref52|pass_single_dominant        22.05%    passed     75.97%
 263  TALL-16-Rh|ref52|pass_single_dominant          29.12%    passed     89.96%
 264  TALL-2-3-Ro|ref52|pass_single_dominant         24.69%    passed     99.86%
 265  TALL-24-2-No|ref52|pass_single_dominant        17.72%    passed     56.99%
 266  TALL-24-2-Ro|ref52|pass_single_dominant        18.00%    passed     55.08%
 267  TALL-25-2-Rh|ref52|pass_single_dominant        28.18%    passed     87.23%
 268  TALL-28-1-No|ref52|pass_single_dominant        21.11%    passed     44.76%
 269  TALL-32-1-No|ref52|pass_single_dominant        30.07%    passed     90.33%
 270  TALL-36-1-Ro|ref52|pass_single_dominant        26.11%    passed     88.19%
 271  TALL-44-1-No|ref52|pass_single_dominant        30.25%    passed     25.30%
 272  TALL-47-2-No|ref52|pass_single_dominant        31.95%    passed     13.51%
 273  TALL-52-1-No|ref52|pass_single_dominant        18.66%    passed     69.26%
 274  TALL-53-3-No|ref52|pass_single_dominant        22.53%    passed     43.07%
 275  TALL-55-1-No|ref52|pass_single_dominant        25.54%    passed     48.50%
 276  TALL-60-1-No|ref52|pass_single_dominant        24.51%    passed     98.62%
 277  TALL-64-1-No|ref52|pass_single_dominant        18.00%    passed     85.23%
 278  TALL-68-2-Ro|ref52|pass_single_dominant        25.45%    passed     67.32%
 279  TALL-69-1-No|ref52|pass_single_dominant        20.64%    passed     85.99%
 280  TALL-7-2-No|ref52|pass_single_dominant         23.66%    passed     98.28%
 281  TALL-71-2-No|ref52|pass_single_dominant        26.48%    passed     31.50%
 282  TALL-75-2-No|ref52|pass_single_dominant        20.26%    passed     34.33%
 283  TALL-78-2-No|ref52|pass_single_dominant        26.58%    passed     24.64%
 284  TALL-8-2-Ro|ref52|pass_single_dominant         23.28%    passed     87.56%
 285  TOOL-1-No|ref52|pass_single_dominant           25.73%    passed     89.38%
 286  TOOL-10-Rh|ref52|pass_single_dominant          23.94%    passed     90.65%
 287  TOOL-11-No|ref52|pass_single_dominant          17.53%    passed     96.11%
 288  TOOL-12-No|ref52|pass_single_dominant          17.62%    passed     96.58%
 289  TOOL-14-No|ref52|pass_single_dominant          19.70%    passed     89.08%
 290  TOOL-17-Rh|ref52|pass_single_dominant          23.28%    passed     98.93%
 291  TOOL-21-Rh|ref52|pass_single_dominant          30.25%    passed     78.33%
 292  TOOL-22-Rh|ref52|pass_single_dominant          32.52%    passed     97.66%
 293  TOOL-23-No|ref52|pass_single_dominant          17.62%    passed     97.06%
 294  TOOL-23-Ro|ref52|pass_single_dominant          17.62%    passed     96.36%
 295  TOOL-24-No|ref52|pass_single_dominant          17.53%    passed     98.43%
 296  TOOL-25-No|ref52|pass_single_dominant          17.53%    passed     97.62%
 297  TOOL-26-No|ref52|pass_single_dominant          17.53%    passed     95.76%
 298  TOOL-27-2-No|ref52|pass_single_dominant        17.53%    passed     95.60%
 299  TOOL-27-2-Ro|ref52|pass_single_dominant        31.29%    passed     92.50%
 300  TOOL-3-Ro|ref52|pass_single_dominant           24.22%    passed     90.13%
 301  TOOL-31-Rh|ref52|pass_single_dominant          23.66%    passed     93.70%
 302  TOOL-35-1-No|ref52|pass_single_dominant        18.00%    passed     96.40%
 303  WOOD-5-1-No|ref52|pass_single_dominant         25.64%    passed     30.72%
 304  YELL-6-1-Rh|ref52|pass_single_dominant         17.72%    passed     94.51%
 305  YELL-6-1-Ro|ref52|pass_single_dominant         29.22%    passed     59.41%
 306  BLAN-1-1-No|ref56|pass_single_dominant         30.73%    passed     98.43%
 307  BLAN-3-1-Rh|ref56|pass_single_dominant         25.16%    passed     11.66%
 308  BLAN-4-1-Rh|ref56|pass_single_dominant         28.37%    passed     41.87%
 309  BONA-13-1-Rh|ref56|pass_single_dominant        28.46%    passed     56.61%
 310  BONA-14-No|ref56|pass_single_dominant          30.35%    passed     25.98%
 311  BONA-4-Ro|ref56|pass_single_dominant           19.23%    passed     10.41%
 312  BONA-7-Rh|ref56|pass_single_dominant           23.75%    passed     26.83%
 313  BONA-8-Rh|ref56|pass_single_dominant           24.88%    passed     20.82%
 314  CLBJ-10-1-No|ref56|pass_single_dominant        25.73%    passed     51.29%
 315  CLBJ-15-1-No|ref56|pass_single_dominant        30.16%    passed     67.10%
 316  CLBJ-16-2-No|ref56|pass_single_dominant        24.41%    passed     61.58%
 317  CLBJ-19-1-No|ref56|pass_single_dominant        27.71%    passed     12.05%
 318  CLBJ-2-Ro|ref56|pass_single_dominant           29.59%    passed     46.01%
 319  CLBJ-23-1-No|ref56|pass_single_dominant        27.52%    passed     57.64%
 320  CLBJ-24-No|ref56|pass_single_dominant          17.72%    passed     94.06%
 321  CLBJ-28-3-Rh|ref56|pass_single_dominant        21.30%    passed     58.40%
 322  CLBJ-30-1-No|ref56|pass_single_dominant        21.30%    passed     85.52%
 323  CLBJ-36-1-Rh|ref56|pass_single_dominant        24.32%    passed     28.74%
 324  CLBJ-39-1-No|ref56|pass_single_dominant        21.30%    passed     73.57%
 325  CLBJ-39-1-Rh|ref56|pass_single_dominant        25.92%    passed     24.42%
 326  CLBJ-4-1-No|ref56|pass_single_dominant         32.70%    passed     74.24%
 327  CLBJ-40-1-No|ref56|pass_single_dominant        26.01%    passed     55.01%
 328  CLBJ-41-1-No|ref56|pass_single_dominant        23.28%    passed     17.17%
 329  CLBJ-49-1-Ro|ref56|pass_single_dominant        29.88%    passed     15.11%
 330  CLBJ-8-1-Rh|ref56|pass_single_dominant         25.07%    passed     31.12%
 331  CPER-1-Ro|ref56|pass_single_dominant           23.56%    passed     30.64%
 332  DCFS-2-2-Ro|ref56|pass_single_dominant         25.35%    passed     38.35%
 333  DCFS-8-1-No|ref56|pass_single_dominant         28.84%    passed     51.33%
 334  DEJU-1-1-No|ref56|pass_single_dominant         30.16%    passed     69.47%
 335  DEJU-1-1-Ro|ref56|pass_single_dominant         29.69%    passed     50.34%
 336  DEJU-10-1-No|ref56|pass_single_dominant        25.82%    passed     32.77%
 337  DEJU-10-1-Ro|ref56|pass_single_dominant        28.56%    passed     30.98%
 338  DEJU-12-1-No|ref56|pass_single_dominant        23.37%    passed     71.53%
 339  DEJU-13-1-No|ref56|pass_single_dominant        27.90%    passed     57.31%
 340  DEJU-16-1-Rh|ref56|pass_single_dominant        32.52%    passed     26.69%
 341  DEJU-2-No|ref56|pass_single_dominant           25.45%    passed     66.81%
 342  DEJU-2-Ro|ref56|pass_single_dominant           25.07%    passed     66.53%
 343  DEJU-21-1-No|ref56|pass_single_dominant        24.69%    passed     55.30%
 344  DEJU-26-No|ref56|pass_single_dominant          25.16%    passed     30.48%
 345  DEJU-3-1-No|ref56|pass_single_dominant         27.24%    passed     52.47%
 346  DEJU-34-Rh|ref56|pass_single_dominant          24.79%    passed     31.72%
 347  DEJU-36-No|ref56|pass_single_dominant          24.13%    passed     75.39%
 348  DEJU-37-No|ref56|pass_single_dominant          23.66%    passed     58.96%
 349  DEJU-38-No|ref56|pass_single_dominant          20.74%    passed     69.09%
 350  DEJU-39-No|ref56|pass_single_dominant          23.56%    passed     59.10%
 351  DEJU-39-Rh|ref56|pass_single_dominant          24.60%    passed     34.65%
 352  DEJU-40-No|ref56|pass_single_dominant          22.81%    passed     60.93%
 353  DEJU-42-No|ref56|pass_single_dominant          22.90%    passed     69.82%
 354  DEJU-43-No|ref56|pass_single_dominant          26.11%    passed     67.38%
 355  DEJU-44-No|ref56|pass_single_dominant          24.88%    passed     67.55%
 356  DEJU-45-1-No|ref56|pass_single_dominant        25.26%    passed     68.15%
 357  DEJU-45-1-Ro|ref56|pass_single_dominant        27.71%    passed     93.62%
 358  DEJU-46-Ro|ref56|pass_single_dominant          30.91%    passed     66.24%
 359  DEJU-47-No|ref56|pass_single_dominant          23.66%    passed     53.40%
 360  DEJU-5-1-No|ref56|pass_single_dominant         24.69%    passed     20.06%
 361  DEJU-52-1-Ro|ref56|pass_single_dominant        25.07%    passed     33.75%
 362  DEJU-6-1-Ro|ref56|pass_single_dominant         22.90%    passed     57.57%
 363  DEJU-60-Ro|ref56|pass_single_dominant          27.05%    passed     82.52%
 364  DEJU-62-1-No|ref56|pass_single_dominant        27.24%    passed     78.80%
 365  DEJU-63-No|ref56|pass_single_dominant          30.44%    passed     61.48%
 366  DEJU-9-1-No|ref56|pass_single_dominant         24.51%    passed     29.00%
 367  DELA-11-3-No|ref56|pass_single_dominant        28.28%    passed     67.10%
 368  DELA-14-2-No|ref56|pass_single_dominant        23.00%    passed     40.03%
 369  DELA-14-2-Rh|ref56|pass_single_dominant        25.16%    passed     58.42%
 370  DELA-16-No|ref56|pass_single_dominant          18.76%    passed     55.07%
 371  DELA-18-2-Ro|ref56|pass_single_dominant        30.54%    passed     77.62%
 372  DELA-2-2-Ro|ref56|pass_single_dominant         27.52%    passed     10.29%
 373  DELA-29-1-No|ref56|pass_single_dominant        29.22%    passed     85.66%
 374  DELA-3-3-No|ref56|pass_single_dominant         21.49%    passed     87.30%
 375  DELA-32-1-No|ref56|pass_single_dominant        32.42%    passed     93.28%
 376  DELA-32-1-Rh|ref56|pass_single_dominant        26.48%    passed     20.01%
 377  DELA-5-1-No|ref56|pass_single_dominant         18.94%    passed     78.75%
 378  DELA-6-3-No|ref56|pass_single_dominant         22.15%    passed     53.41%
 379  DELA-7-3-No|ref56|pass_single_dominant         30.63%    passed     37.55%
 380  DELA-8-2-No|ref56|pass_single_dominant         22.24%    passed     63.24%
 381  DELA-8-2-Rh|ref56|pass_single_dominant         17.62%    passed     26.57%
 382  DSNY-14-1-No|ref56|pass_single_dominant        19.23%    passed     91.57%
 383  DSNY-15-1-No|ref56|pass_single_dominant        22.71%    passed     45.74%
 384  DSNY-17-3-Rh|ref56|pass_single_dominant        29.78%    passed     61.86%
 385  DSNY-18-1-Rh|ref56|pass_single_dominant        24.69%    passed     24.95%
 386  DSNY-2-1-No|ref56|pass_single_dominant         23.28%    passed     24.89%
 387  DSNY-20-1-Rh|ref56|pass_single_dominant        21.11%    passed     40.30%
 388  DSNY-28-1-Ro|ref56|pass_single_dominant        22.05%    passed     43.03%
 389  DSNY-29-1-Rh|ref56|pass_single_dominant        23.28%    passed     57.71%
 390  DSNY-31-1-No|ref56|pass_single_dominant        21.02%    passed     38.73%
 391  DSNY-31-1-Rh|ref56|pass_single_dominant        25.07%    passed     24.36%
 392  DSNY-34-1-Ro|ref56|pass_single_dominant        25.07%    passed     32.05%
 393  DSNY-40-2-Rh|ref56|pass_single_dominant        21.68%    passed     45.04%
 394  DSNY-43-1-No|ref56|pass_single_dominant        22.53%    passed     34.50%
 395  DSNY-44-1-No|ref56|pass_single_dominant        17.15%    passed     34.17%
 396  DSNY-50-1-Ro|ref56|pass_single_dominant        27.33%    passed     51.11%
 397  DSNY-53-1-Rh|ref56|pass_single_dominant        23.94%    passed     57.45%
 398  DSNY-54-1-No|ref56|pass_single_dominant        23.09%    passed     67.56%
 399  DSNY-54-1-Rh|ref56|pass_single_dominant        21.96%    passed     40.29%
 400  DSNY-56-1-No|ref56|pass_single_dominant        21.30%    passed     42.82%
 401  DSNY-57-1-Rh|ref56|pass_single_dominant        22.71%    passed     32.69%
 402  DSNY-57-No|ref56|pass_single_dominant          17.25%    passed     20.77%
 403  DSNY-59-No|ref56|pass_single_dominant          17.25%    failed      2.59%
 404  DSNY-59-Ro|ref56|pass_single_dominant          17.25%    failed      2.59%
 405  DSNY-63-Rh|ref56|pass_single_dominant          25.07%    passed     29.62%
 406  DSNY-69-1-Rh|ref56|pass_single_dominant        24.88%    passed     28.73%
 407  DSNY-74-1-No|ref56|pass_single_dominant        16.02%    failed      0.71%
 408  DSNY-74-1-Rh|ref56|pass_single_dominant        21.49%    passed     59.64%
 409  DSNY-76-1-No|ref56|pass_single_dominant        17.25%    passed     31.43%
 410  DSNY-78-1-No|ref56|pass_single_dominant        16.02%    failed      0.71%
 411  DSNY-78-1-Rh|ref56|pass_single_dominant        28.18%    passed     56.82%
 412  DSNY-81-1-No|ref56|pass_single_dominant        17.25%    failed      1.76%
 413  DSNY-81-1-Rh|ref56|pass_single_dominant        18.38%    failed      1.57%
 414  DSNY-83-1-Rh|ref56|pass_single_dominant        22.53%    passed     41.09%
 415  DSNY-87-1-No|ref56|pass_single_dominant        25.07%    passed     62.38%
 416  DSNY-95-Rh|ref56|pass_single_dominant          20.36%    passed     64.29%
 417  DSNY-98-4-Ro|ref56|pass_single_dominant        28.65%    passed     60.70%
 418  DSNY-99-Rh|ref56|pass_single_dominant          28.09%    passed     48.43%
 419  DSNY-CLFR-60-No|ref56|pass_single_dominant     29.59%    passed     29.71%
 420  GRSM-1-No|ref56|pass_single_dominant           22.24%    passed     49.90%
 421  GRSM-3-No|ref56|pass_single_dominant           22.62%    passed     55.07%
 422  GRSM-3-Rh|ref56|pass_single_dominant           29.31%    passed     94.54%
 423  GUAN-10-Ro|ref56|pass_single_dominant          23.47%    passed     21.04%
 424  GUAN-4-No|ref56|pass_single_dominant           21.30%    passed     95.21%
 425  GUAN-6-3-Ro|ref56|pass_single_dominant         17.25%    passed      8.14%
 426  GUAN-8-No|ref56|pass_single_dominant           25.26%    passed     95.47%
 427  GUAN-8-Rh|ref56|pass_single_dominant           25.82%    passed     76.99%
 428  GUAN-9-1-Ro|ref56|pass_single_dominant         22.34%    passed     39.01%
 429  HARV-1-1-No|ref56|pass_single_dominant         23.94%    passed     37.38%
 430  HARV-2-1-Rh|ref56|pass_single_dominant         22.53%    passed     43.94%
 431  HARV-3-1-No|ref56|pass_single_dominant         21.02%    passed     51.11%
 432  HARV-4-1-No|ref56|pass_single_dominant         21.87%    passed     59.83%
 433  HEAL-13-1-No|ref56|pass_single_dominant        24.88%    passed     47.85%
 434  HEAL-7-1-No|ref56|pass_single_dominant         23.37%    passed     81.21%
 435  HEAL-7-1-Ro|ref56|pass_single_dominant         26.67%    passed     22.20%
 436  JERC-1-2-No|ref56|pass_single_dominant         26.67%    passed     44.44%
 437  JERC-1-2-Rh|ref56|pass_single_dominant         24.79%    passed     35.50%
 438  JERC-100-1-Ro|ref56|pass_single_dominant       28.56%    passed     73.65%
 439  JERC-102-1-Rh|ref56|pass_single_dominant       30.07%    passed     67.58%
 440  JERC-106-1-No|ref56|pass_single_dominant       20.92%    passed     27.84%
 441  JERC-106-1-Rh|ref56|pass_single_dominant       27.05%    passed     82.99%
 442  JERC-107-1-No|ref56|pass_single_dominant       24.60%    passed     20.46%
 443  JERC-109-1-No|ref56|pass_single_dominant       27.90%    passed     24.56%
 444  JERC-110-4-No|ref56|pass_single_dominant       22.05%    passed     17.41%
 445  JERC-122-Rh|ref56|pass_single_dominant         22.05%    passed      7.25%
 446  JERC-124-2-No|ref56|pass_single_dominant       20.92%    passed     64.55%
 447  JERC-126-4-Rh|ref56|pass_single_dominant       26.11%    passed     60.64%
 448  JERC-131-Ro|ref56|pass_single_dominant         21.96%    passed     51.91%
 449  JERC-132-3-Ro|ref56|pass_single_dominant       24.69%    passed     38.70%
 450  JERC-136-No|ref56|pass_single_dominant         28.84%    passed     32.90%
 451  JERC-139-5-Rh|ref56|pass_single_dominant       30.07%    passed     56.12%
 452  JERC-141-Rh|ref56|pass_single_dominant         24.03%    passed     70.48%
 453  JERC-142-Rh|ref56|pass_single_dominant         30.07%    passed     76.98%
 454  JERC-143-No|ref56|pass_single_dominant         25.54%    passed     22.06%
 455  JERC-148-Ro|ref56|pass_single_dominant         24.69%    passed     35.86%
 456  JERC-150-No|ref56|pass_single_dominant         24.22%    passed     27.54%
 457  JERC-150-Rh|ref56|pass_single_dominant         24.79%    passed     19.63%
 458  JERC-152-No|ref56|pass_single_dominant         30.82%    passed     83.13%
 459  JERC-153-No|ref56|pass_single_dominant         27.99%    failed      4.18%
 460  JERC-159-2-No|ref56|pass_single_dominant       29.59%    passed     61.89%
 461  JERC-16-2-Rh|ref56|pass_single_dominant        29.59%    passed     17.41%
 462  JERC-160-Ro|ref56|pass_single_dominant         29.50%    passed     70.75%
 463  JERC-163-No|ref56|pass_single_dominant         16.97%    passed     69.89%
 464  JERC-172-2-No|ref56|pass_single_dominant       24.22%    passed     49.20%
 465  JERC-180-5-No|ref56|pass_single_dominant       19.13%    passed     37.91%
 466  JERC-185-3-Rh|ref56|pass_single_dominant       23.94%    passed     33.13%
 467  JERC-185-3-Ro|ref56|pass_single_dominant       24.51%    passed     51.30%
 468  JERC-188-1-Rh|ref56|pass_single_dominant       25.64%    passed     24.19%
 469  JERC-197-1-Ro|ref56|pass_single_dominant       26.30%    passed     86.93%
 470  JERC-198-No|ref56|pass_single_dominant         28.18%    passed     41.40%
 471  JERC-199-Rh|ref56|pass_single_dominant         25.45%    passed     31.40%
 472  JERC-20-1-No|ref56|pass_single_dominant        18.47%    passed     72.67%
 473  JERC-201-1-No|ref56|pass_single_dominant       30.82%    passed     14.10%
 474  JERC-203-1-No|ref56|pass_single_dominant       24.32%    passed     57.15%
 475  JERC-23-1-No|ref56|pass_single_dominant        27.62%    passed     29.50%
 476  JERC-23-1-Rh|ref56|pass_single_dominant        25.54%    passed     51.77%
 477  JERC-25-1-No|ref56|pass_single_dominant        25.07%    passed     16.37%
 478  JERC-27-2-Rh|ref56|pass_single_dominant        24.41%    passed     37.33%
 479  JERC-28-4-No|ref56|pass_single_dominant        25.07%    passed     32.79%
 480  JERC-36-1-Ro|ref56|pass_single_dominant        21.68%    passed      6.91%
 481  JERC-37-2-No|ref56|pass_single_dominant        17.25%    passed     87.48%
 482  JERC-4-1-Rh|ref56|pass_single_dominant         19.70%    passed     22.97%
 483  JERC-43-1-No|ref56|pass_single_dominant        19.79%    passed     38.15%
 484  JERC-43-1-Rh|ref56|pass_single_dominant        31.10%    passed     46.57%
 485  JERC-45-5-No|ref56|pass_single_dominant        17.25%    passed     52.04%
 486  JERC-49-2-Ro|ref56|pass_single_dominant        22.90%    passed     71.75%
 487  JERC-6-3-No|ref56|pass_single_dominant         31.48%    passed     72.79%
 488  JERC-8-2-Rh|ref56|pass_single_dominant         32.23%    passed     64.62%
 489  JERC-88-1-Ro|ref56|pass_single_dominant        25.16%    passed     76.84%
 490  JERC-89-1-Rh|ref56|pass_single_dominant        25.45%    passed     85.76%
 491  JERC-92-4-No|ref56|pass_single_dominant        22.53%    passed     26.31%
 492  JERC-93-1-No|ref56|pass_single_dominant        24.79%    passed     10.78%
 493  JERC-95-5-No|ref56|pass_single_dominant        20.64%    passed     33.19%
 494  JERC-96-2-No|ref56|pass_single_dominant        21.77%    passed     23.05%
 495  JERC-96-2-Ro|ref56|pass_single_dominant        21.39%    passed     34.16%
 496  JERC-98-2-No|ref56|pass_single_dominant        22.53%    passed     33.61%
 497  JERC-98-2-Ro|ref56|pass_single_dominant        22.24%    passed     45.17%
 498  JERC-98-3-No|ref56|pass_single_dominant        26.77%    passed     87.19%
 499  JERC-99-1-Rh|ref56|pass_single_dominant        32.14%    passed     61.94%
 500  JERC-99-2-No|ref56|pass_single_dominant        17.25%    passed     61.87%
 501  JERC-99-2-Rh|ref56|pass_single_dominant        29.03%    passed     34.99%
 502  JERC-99-2-Ro|ref56|pass_single_dominant        17.25%    passed     12.84%
 503  JERC-99-3-No|ref56|pass_single_dominant        17.25%    passed     56.40%
 504  JERC-99-4-No|ref56|pass_single_dominant        25.45%    passed      7.97%
 505  JERC-CHNI-60-3-No|ref56|pass_single_dominant   21.30%    passed     16.84%
 506  JERC-CHNI-60-3-Rh|ref56|pass_single_dominant   23.37%    passed     43.30%
 507  JERC-CRJU-86-1-No|ref56|pass_single_dominant   22.24%    passed     32.27%
 508  JERC-DESM-74-1-Ro|ref56|pass_single_dominant   24.69%    passed     46.54%
 509  JERC-GAVO-33-1-No|ref56|pass_single_dominant   17.62%    passed     81.31%
 510  JERC-RHDI-59-3-No|ref56|pass_single_dominant   16.87%    passed     32.07%
 511  JERC-RHRE-55-1-No|ref56|pass_single_dominant   24.03%    passed     16.58%
 512  JERC-RHTO-58-1-No|ref56|pass_single_dominant   17.25%    passed     57.35%
 513  JORN-1-No|ref56|pass_single_dominant           31.67%    passed     28.19%
 514  JORN-1-Rh|ref56|pass_single_dominant           32.05%    passed     43.98%
 515  JORN-4-1-Rh|ref56|pass_single_dominant         25.07%    passed     49.59%
 516  KONA-1-1-No|ref56|pass_single_dominant         27.43%    passed     46.35%
 517  KONZ-1-No|ref56|pass_single_dominant           17.34%    passed     50.14%
 518  KONZ-14-1-No|ref56|pass_single_dominant        22.43%    passed     70.29%
 519  KONZ-15-1-No|ref56|pass_single_dominant        28.75%    passed     70.39%
 520  KONZ-16-1-No|ref56|pass_single_dominant        24.51%    passed     66.33%
 521  KONZ-16-1-Ro|ref56|pass_single_dominant        25.07%    passed     41.17%
 522  KONZ-2-1-No|ref56|pass_single_dominant         21.87%    passed     63.04%
 523  KONZ-5-1-Rh|ref56|pass_single_dominant         26.58%    passed     37.13%
 524  KONZ-7-1-No|ref56|pass_single_dominant         24.60%    passed     74.52%
 525  KONZ-9-2-No|ref56|pass_single_dominant         17.25%    passed     95.17%
 526  KONZ-9-2-Rh|ref56|pass_single_dominant         31.01%    passed     20.76%
 527  LAJA-1-1-No|ref56|pass_single_dominant         29.97%    passed     51.36%
 528  LAJA-12-1-No|ref56|pass_single_dominant        17.34%    passed     94.19%
 529  LAJA-2-3-No|ref56|pass_single_dominant         22.24%    passed     62.83%
 530  LAJA-25-1-No|ref56|pass_single_dominant        20.74%    passed     69.34%
 531  LAJA-3-1-No|ref56|pass_single_dominant         16.49%    passed     95.15%
 532  LAJA-3-2-No|ref56|pass_single_dominant         20.17%    passed     93.34%
 533  LAJA-3-2-Rh|ref56|pass_single_dominant         19.79%    passed     89.50%
 534  LAJA-3-3-No|ref56|pass_single_dominant         20.17%    passed     93.34%
 535  LENO-1-1-No|ref56|pass_single_dominant         17.53%    passed     82.75%
 536  LENO-10-2-No|ref56|pass_single_dominant        21.02%    passed     66.93%
 537  LENO-10-2-Rh|ref56|pass_single_dominant        32.42%    passed     40.07%
 538  LENO-13-2-No|ref56|pass_single_dominant        21.02%    passed     54.91%
 539  LENO-2-1-No|ref56|pass_single_dominant         22.90%    passed     31.10%
 540  LENO-4-3-No|ref56|pass_single_dominant         22.90%    passed     67.37%
 541  LENO-4-3-Rh|ref56|pass_single_dominant         21.96%    passed     67.44%
 542  LENO-6-1-No|ref56|pass_single_dominant         27.62%    passed     46.34%
 543  LENO-8-3-Ro|ref56|pass_single_dominant         27.33%    passed     64.95%
 544  LENO-9-2-Ro|ref56|pass_single_dominant         28.37%    passed     70.24%
 545  MLBS-1-3-Ro|ref56|pass_single_dominant         22.81%    passed     50.65%
 546  MLBS-2-1-Rh|ref56|pass_single_dominant         17.25%    failed      4.05%
 547  N13-2-D-Rh|ref56|pass_single_dominant          26.20%    passed     63.53%
 548  N34-2-D-No|ref56|pass_single_dominant          19.89%    passed     21.11%
 549  N34-2-D-Ro|ref56|pass_single_dominant          24.41%    passed     25.98%
 550  N36-4-D-No|ref56|pass_single_dominant          17.15%    failed      2.60%
 551  N36-4-D-Rh|ref56|pass_single_dominant          17.25%    failed      2.59%
 552  N36-4-D-Ro|ref56|pass_single_dominant          17.15%    failed      2.12%
 553  N38-2-D-Rh|ref56|pass_single_dominant          23.09%    passed     33.63%
 554  N38-2-D-Ro|ref56|pass_single_dominant          19.79%    passed     22.64%
 555  N39-2-D-No|ref56|pass_single_dominant          17.25%    passed     87.54%
 556  N49-3-D-No|ref56|pass_single_dominant          20.92%    passed     90.26%
 557  NOGP-2-1-No|ref56|pass_single_dominant         29.03%    passed     31.87%
 558  NOGP-3-2-No|ref56|pass_single_dominant         23.47%    passed     28.63%
 559  NOGP-3-2-Rh|ref56|pass_single_dominant         25.26%    passed     31.43%
 560  NOGP-4-1-Ro|ref56|pass_single_dominant         29.59%    passed     86.01%
 561  NOGP-5-2-No|ref56|pass_single_dominant         32.14%    passed     34.38%
 562  NOGP-6-3-No|ref56|pass_single_dominant         23.85%    passed     41.97%
 563  OAES-10-1-Ro|ref56|pass_single_dominant        28.65%    passed     68.87%
 564  OAES-14-1-Rh|ref56|pass_single_dominant        23.56%    passed      8.35%
 565  OAES-15-No|ref56|pass_single_dominant          24.13%    passed     44.90%
 566  OAES-18-3-No|ref56|pass_single_dominant        22.81%    passed     37.43%
 567  OAES-23-1-No|ref56|pass_single_dominant        30.63%    passed     95.79%
 568  OAES-23-1-Rh|ref56|pass_single_dominant        31.10%    passed     20.05%
 569  OAES-26-1-Ro|ref56|pass_single_dominant        27.24%    passed     24.41%
 570  OAES-27-2-Rh|ref56|pass_single_dominant        28.46%    passed     38.47%
 571  OAES-28-1-No|ref56|pass_single_dominant        23.56%    passed     29.37%
 572  OAES-34-1-No|ref56|pass_single_dominant        26.77%    passed     76.01%
 573  OAES-36-2-Rh|ref56|pass_single_dominant        23.75%    passed     36.05%
 574  OAES-9-1-No|ref56|pass_single_dominant         30.63%    passed     52.97%
 575  ORNL-1-1-Rh|ref56|pass_single_dominant         22.43%    passed     62.74%
 576  ORNL-1-3-No|ref56|pass_single_dominant         23.00%    passed     64.99%
 577  ORNL-10-1-Rh|ref56|pass_single_dominant        32.05%    passed     45.67%
 578  ORNL-12-1-Ro|ref56|pass_single_dominant        24.22%    passed     34.73%
 579  ORNL-13-2-No|ref56|pass_single_dominant        21.39%    passed     83.96%
 580  ORNL-14-1-No|ref56|pass_single_dominant        22.90%    passed     53.27%
 581  ORNL-17-1-Ro|ref56|pass_single_dominant        26.67%    passed     34.39%
 582  ORNL-19-Rh|ref56|pass_single_dominant          23.94%    passed     33.55%
 583  ORNL-21-Rh|ref56|pass_single_dominant          26.77%    passed     46.11%
 584  ORNL-4-1-Ro|ref56|pass_single_dominant         22.24%    passed     53.44%
 585  ORNL-5-1-Rh|ref56|pass_single_dominant         22.81%    passed     36.49%
 586  ORNL-8-2-No|ref56|pass_single_dominant         23.09%    passed     63.07%
 587  OSBS-100-3-Rh|ref56|pass_single_dominant       27.43%    passed     54.17%
 588  OSBS-104-1-No|ref56|pass_single_dominant       23.75%    passed     30.02%
 589  OSBS-109-4-No|ref56|pass_single_dominant       25.73%    failed      4.14%
 590  OSBS-109-4-Rh|ref56|pass_single_dominant       25.64%    passed      8.39%
 591  OSBS-110-1-No|ref56|pass_single_dominant       22.53%    passed     23.09%
 592  OSBS-12-1-No|ref56|pass_single_dominant        32.23%    passed     40.68%
 593  OSBS-14-3-No|ref56|pass_single_dominant        24.22%    passed     94.34%
 594  OSBS-2-3-No|ref56|pass_single_dominant         26.96%    passed     44.18%
 595  OSBS-20-1-Ro|ref56|pass_single_dominant        22.71%    passed     53.82%
 596  OSBS-21-2-No|ref56|pass_single_dominant        27.14%    passed     35.65%
 597  OSBS-28-1-Ro|ref56|pass_single_dominant        27.33%    passed     32.35%
 598  OSBS-34-1-Ro|ref56|pass_single_dominant        32.23%    passed     21.89%
 599  OSBS-38-1-Rh|ref56|pass_single_dominant        30.73%    passed     70.26%
 600  OSBS-41-3-Rh|ref56|pass_single_dominant        29.78%    passed     13.45%
 601  OSBS-45-1-Ro|ref56|pass_single_dominant        25.07%    passed     37.87%
 602  OSBS-5-5-No|ref56|pass_single_dominant         16.12%    passed      8.35%
 603  OSBS-58-1-Rh|ref56|pass_single_dominant        21.96%    passed     33.23%
 604  OSBS-68-1-Rh|ref56|pass_single_dominant        23.75%    passed     42.30%
 605  OSBS-7-4-Rh|ref56|pass_single_dominant         25.54%    passed     37.00%
 606  OSBS-7-4-Ro|ref56|pass_single_dominant         25.35%    passed     31.04%
 607  OSBS-70-3-Rh|ref56|pass_single_dominant        25.26%    passed     28.47%
 608  OSBS-71-1-No|ref56|pass_single_dominant        22.90%    passed     38.92%
 609  OSBS-71-1-Rh|ref56|pass_single_dominant        24.41%    passed     36.86%
 610  OSBS-72-1-Rh|ref56|pass_single_dominant        27.05%    passed     30.34%
 611  OSBS-75-2-Ro|ref56|pass_single_dominant        22.81%    passed     46.27%
 612  OSBS-8-5-No|ref56|pass_single_dominant         28.93%    passed     47.44%
 613  OSBS-8-5-Ro|ref56|pass_single_dominant         29.41%    passed     79.64%
 614  OSBS-80-2-Rh|ref56|pass_single_dominant        24.79%    passed     37.07%
 615  OSBS-81-1-Rh|ref56|pass_single_dominant        25.45%    passed     26.85%
 616  OSBS-81-1-Ro|ref56|pass_single_dominant        31.39%    passed     53.70%
 617  OSBS-TEVI-61-4-No|ref56|pass_single_dominant   23.28%    passed     71.84%
 618  RMNP-2-Ro|ref56|pass_single_dominant           24.03%    passed     70.66%
 619  RMNP-4-Rh|ref56|pass_single_dominant           23.66%    passed     25.09%
 620  SCBI-11-1-No|ref56|pass_single_dominant        21.21%    passed     56.28%
 621  SCBI-11-1-Rh|ref56|pass_single_dominant        28.75%    passed     92.49%
 622  SCBI-12-1-No|ref56|pass_single_dominant        21.30%    passed     56.97%
 623  SCBI-2-1-Ro|ref56|pass_single_dominant         29.50%    passed     44.02%
 624  SCBI-4-1-No|ref56|pass_single_dominant         23.94%    passed     66.16%
 625  SCBI-4-1-Ro|ref56|pass_single_dominant         24.22%    passed     93.36%
 626  SCBI-5-1-Rh|ref56|pass_single_dominant         31.39%    passed     74.10%
 627  SCBI-6-1-No|ref56|pass_single_dominant         21.30%    passed     43.51%
 628  SCBI-8-2-No|ref56|pass_single_dominant         32.61%    passed     79.76%
 629  SCBI-9-2-No|ref56|pass_single_dominant         21.21%    passed     67.77%
 630  SERC-1-2-Rh|ref56|pass_single_dominant         27.05%    passed     36.05%
 631  SERC-3-1-Ro|ref56|pass_single_dominant         30.63%    passed     82.94%
 632  SERC-4-1-No|ref56|pass_single_dominant         21.49%    passed     35.52%
 633  SERC-7-1-Ro|ref56|pass_single_dominant         26.58%    passed     24.07%
 634  SRER-1-1-Ro|ref56|pass_single_dominant         32.70%    passed     66.51%
 635  SRER-15-1-Rh|ref56|pass_single_dominant        22.15%    passed     64.55%
 636  SRER-18-1-Rh|ref56|pass_single_dominant        25.07%    passed      6.94%
 637  SRER-18-1-Ro|ref56|pass_single_dominant        17.15%    failed      2.69%
 638  TALL-11-1-No|ref56|pass_single_dominant        31.10%    passed     26.09%
 639  TALL-14-2-No|ref56|pass_single_dominant        27.99%    passed     10.33%
 640  TALL-14-2-Rh|ref56|pass_single_dominant        32.42%    passed     73.27%
 641  TALL-19-2-No|ref56|pass_single_dominant        29.31%    passed     13.86%
 642  TALL-2-3-Rh|ref56|pass_single_dominant         22.90%    passed     46.10%
 643  TALL-20-1-Rh|ref56|pass_single_dominant        31.76%    passed     52.97%
 644  TALL-25-2-No|ref56|pass_single_dominant        18.85%    passed     40.23%
 645  TALL-28-1-No|ref56|pass_single_dominant        25.35%    passed     23.26%
 646  TALL-31-1-Ro|ref56|pass_single_dominant        21.87%    passed     60.11%
 647  TALL-38-3-No|ref56|pass_single_dominant        22.62%    passed     18.38%
 648  TALL-42-1-Ro|ref56|pass_single_dominant        25.16%    passed     34.42%
 649  TALL-43-1-No|ref56|pass_single_dominant        24.69%    passed     81.33%
 650  TALL-43-1-Rh|ref56|pass_single_dominant        26.01%    passed     78.50%
 651  TALL-44-1-Ro|ref56|pass_single_dominant        25.35%    passed     22.07%
 652  TALL-47-2-No|ref56|pass_single_dominant        27.71%    passed     11.35%
 653  TALL-48-2-No|ref56|pass_single_dominant        31.86%    passed     54.16%
 654  TALL-49-1-No|ref56|pass_single_dominant        26.39%    passed     13.09%
 655  TALL-5-2-Ro|ref56|pass_single_dominant         22.24%    passed     50.89%
 656  TALL-51-3-No|ref56|pass_single_dominant        24.69%    passed     14.63%
 657  TALL-51-3-Rh|ref56|pass_single_dominant        31.39%    passed     76.11%
 658  TALL-52-1-No|ref56|pass_single_dominant        31.95%    passed     79.52%
 659  TALL-54-1-No|ref56|pass_single_dominant        27.71%    passed      8.45%
 660  TALL-54-1-Rh|ref56|pass_single_dominant        26.20%    passed     67.43%
 661  TALL-55-1-No|ref56|pass_single_dominant        18.66%    passed     92.34%
 662  TALL-56-1-No|ref56|pass_single_dominant        18.19%    passed     92.53%
 663  TALL-56-1-Rh|ref56|pass_single_dominant        18.57%    passed     17.01%
 664  TALL-56-1-Ro|ref56|pass_single_dominant        28.75%    passed     57.04%
 665  TALL-57-2-No|ref56|pass_single_dominant        29.69%    passed     14.12%
 666  TALL-57-2-Rh|ref56|pass_single_dominant        17.25%    passed     21.80%
 667  TALL-63-1-Ro|ref56|pass_single_dominant        26.77%    passed     32.72%
 668  TALL-64-1-Rh|ref56|pass_single_dominant        32.14%    passed     26.99%
 669  TALL-66-2-No|ref56|pass_single_dominant        24.69%    passed     40.88%
 670  TALL-66-2-Rh|ref56|pass_single_dominant        23.09%    passed     44.72%
 671  TALL-7-2-Ro|ref56|pass_single_dominant         25.64%    passed     50.84%
 672  TALL-76-3-No|ref56|pass_single_dominant        20.92%    passed     18.87%
 673  TALL-76-3-Rh|ref56|pass_single_dominant        26.11%    passed     67.63%
 674  TALL-78-2-No|ref56|pass_single_dominant        20.92%    passed      8.87%
 675  TALL-8-2-Rh|ref56|pass_single_dominant         24.51%    passed     22.87%
 676  TALL-80-1-Rh|ref56|pass_single_dominant        32.52%    passed     88.87%
 677  TALL-81-1-Ro|ref56|pass_single_dominant        31.57%    passed     38.71%
 678  TALL-89-1-No|ref56|pass_single_dominant        21.49%    passed     23.06%
 679  TALL-89-1-Ro|ref56|pass_single_dominant        25.26%    passed     42.24%
 680  TALL-9-2-No|ref56|pass_single_dominant         24.32%    passed     33.39%
 681  TEAK-3-1-No|ref56|pass_single_dominant         21.77%    passed     79.59%
 682  TOOL-1-Rh|ref56|pass_single_dominant           26.58%    passed     29.44%
 683  TOOL-18-No|ref56|pass_single_dominant          32.42%    passed     61.40%
 684  TOOL-19-Rh|ref56|pass_single_dominant          28.37%    passed     41.48%
 685  TOOL-22-Rh|ref56|pass_single_dominant          31.01%    passed     53.77%
 686  TOOL-26-Ro|ref56|pass_single_dominant          26.11%    passed     62.88%
 687  TOOL-27-2-Rh|ref56|pass_single_dominant        24.69%    passed     45.81%
 688  TOOL-28-Rh|ref56|pass_single_dominant          30.07%    passed     27.92%
 689  TOOL-29-Ro|ref56|pass_single_dominant          32.33%    passed     54.41%
 690  TOOL-3-No|ref56|pass_single_dominant           29.97%    passed     37.76%
 691  TOOL-34-No|ref56|pass_single_dominant          24.88%    passed     39.36%
 692  TOOL-5-Rh|ref56|pass_single_dominant           30.91%    passed     45.50%
 693  TOOL-6-Ro|ref56|pass_single_dominant           23.75%    passed     37.79%
 694  TOOL-8-No|ref56|pass_single_dominant           32.05%    passed     33.32%
 695  TOOL-9-Ro|ref56|pass_single_dominant           26.20%    passed     28.88%
 696  UKFS-5-1-No|ref56|pass_single_dominant         19.98%    passed     79.78%
 697  UKFS-52-1-Rh|ref56|pass_single_dominant        20.17%    passed     33.08%
 698  UKFS-6-3-Rh|ref56|pass_single_dominant         30.63%    passed     67.54%
 699  UNDE-1-2-No|ref56|pass_single_dominant         24.79%    passed     57.71%
 700  UNDE-1-2-Ro|ref56|pass_single_dominant         22.71%    passed     56.15%
 701  UNDE-5-4-Rh|ref56|pass_single_dominant         22.71%    passed     40.66%
 702  WOOD-1-1-Rh|ref56|pass_single_dominant         21.96%    passed     44.24%
 703  WOOD-1-1-Ro|ref56|pass_single_dominant         26.11%    passed     21.69%
 704  WOOD-10-1-No|ref56|pass_single_dominant        28.65%    passed     33.67%
 705  WOOD-12-Rh|ref56|pass_single_dominant          23.37%    passed     43.53%
 706  WOOD-3-2-Rh|ref56|pass_single_dominant         22.62%    passed     24.49%
 707  YELL-1-2-Ro|ref56|pass_single_dominant         25.92%    passed     59.18%
 708  BLAN-4-2-No|ref60|pass_single_dominant         18.10%    passed     55.24%
 709  BLAN-4-2-Rh|ref60|pass_single_dominant         17.72%    passed     44.19%
 710  BLAN-4-2-Ro|ref60|pass_single_dominant         17.72%    passed     54.15%
 711  BONA-10-2-Rh|ref60|pass_single_dominant        17.72%    passed     62.83%
 712  BONA-11-2-No|ref60|pass_single_dominant        18.28%    passed     56.98%
 713  BONA-11-2-Rh|ref60|pass_single_dominant        17.72%    passed     57.28%
 714  BONA-11-2-Ro|ref60|pass_single_dominant        18.00%    passed     56.75%
 715  BONA-12-2-Rh|ref60|pass_single_dominant        17.72%    passed     57.28%
 716  BONA-13-2-Rh|ref60|pass_single_dominant        18.10%    passed     58.89%
 717  BONA-14-Ro|ref60|pass_single_dominant          18.28%    passed     56.98%
 718  BONA-9-Ro|ref60|pass_single_dominant           17.81%    passed     51.24%
 719  CLBJ-12-2-No|ref60|pass_single_dominant        18.00%    passed     49.41%
 720  CLBJ-33-1-No|ref60|pass_single_dominant        18.10%    passed     55.24%
 721  CLBJ-5-2-No|ref60|pass_single_dominant         17.81%    passed     47.31%
 722  CLBJ-50-3-Ro|ref60|pass_single_dominant        18.00%    passed     56.75%
 723  DCFS-2-2-No|ref60|pass_single_dominant         18.28%    passed     52.19%
 724  DCFS-2-2-Ro|ref60|pass_single_dominant         18.28%    passed     53.28%
 725  DEJU-16-2-No|ref60|pass_single_dominant        17.81%    passed     54.26%
 726  DEJU-17-2-No|ref60|pass_single_dominant        18.28%    passed     57.35%
 727  DEJU-28-1-No|ref60|pass_single_dominant        18.10%    passed     55.24%
 728  DEJU-28-1-Ro|ref60|pass_single_dominant        28.37%    passed     75.58%
 729  DEJU-29-2-No|ref60|pass_single_dominant        18.10%    passed     49.08%
 730  DEJU-35-No|ref60|pass_single_dominant          18.28%    passed     45.97%
 731  DEJU-44-Ro|ref60|pass_single_dominant          18.28%    passed     58.23%
 732  DEJU-5-2-Ro|ref60|pass_single_dominant         18.28%    passed     60.39%
 733  DEJU-55-No|ref60|pass_single_dominant          18.28%    passed     58.23%
 734  DEJU-57-No|ref60|pass_single_dominant          18.10%    passed     56.15%
 735  DEJU-8-1-No|ref60|pass_single_dominant         18.28%    passed     55.44%
 736  DELA-1-3-Rh|ref60|pass_single_dominant         17.72%    passed     54.75%
 737  DELA-14-2-No|ref60|pass_single_dominant        18.10%    passed     51.95%
 738  DELA-16-No|ref60|pass_single_dominant          18.19%    passed     48.11%
 739  DSNY-15-1-Ro|ref60|pass_single_dominant        18.28%    passed     53.28%
 740  DSNY-36-1-Rh|ref60|pass_single_dominant        34.12%    passed     46.17%
 741  DSNY-36-1-Ro|ref60|pass_single_dominant        18.10%    passed     51.34%
 742  DSNY-5-1-Rh|ref60|pass_single_dominant         18.19%    passed     52.36%
 743  DSNY-58-Rh|ref60|pass_single_dominant          18.10%    passed     58.89%
 744  DSNY-63-Rh|ref60|pass_single_dominant          18.10%    passed     58.89%
 745  DSNY-64-2-Rh|ref60|pass_single_dominant        18.00%    passed     56.75%
 746  DSNY-70-1-Rh|ref60|pass_single_dominant        18.00%    passed     56.75%
 747  DSNY-71-1-Rh|ref60|pass_single_dominant        18.10%    passed     58.89%
 748  DSNY-CLFR-60-Rh|ref60|pass_single_dominant     18.00%    passed     56.75%
 749  HARV-1-2-No|ref60|pass_single_dominant         18.85%    passed     47.18%
 750  HARV-1-2-Rh|ref60|pass_single_dominant         17.81%    passed     51.24%
 751  HARV-1-3-Rh|ref60|pass_single_dominant         18.10%    passed     55.24%
 752  HARV-2-2-No|ref60|pass_single_dominant         18.10%    passed     55.24%
 753  HARV-2-2-Ro|ref60|pass_single_dominant         18.10%    passed     58.89%
 754  HARV-4-1-Ro|ref60|pass_single_dominant         18.10%    passed     58.89%
 755  HEAL-13-2-Rh|ref60|pass_single_dominant        30.91%    passed     51.87%
 756  HEAL-15-2-Ro|ref60|pass_single_dominant        19.70%    passed     70.12%
 757  HEAL-4-2-No|ref60|pass_single_dominant         18.10%    passed     59.07%
 758  HEAL-9-2-Ro|ref60|pass_single_dominant         18.28%    passed     43.49%
 759  JERC-1-2-No|ref60|pass_single_dominant         18.10%    passed     51.34%
 760  JERC-10-3-No|ref60|pass_single_dominant        17.91%    passed     58.99%
 761  JERC-10-3-Rh|ref60|pass_single_dominant        18.00%    passed     49.41%
 762  JERC-100-1-No|ref60|pass_single_dominant       18.19%    passed     59.08%
 763  JERC-100-1-Rh|ref60|pass_single_dominant       18.28%    passed     56.98%
 764  JERC-100-1-Ro|ref60|pass_single_dominant       18.28%    passed     56.98%
 765  JERC-102-1-No|ref60|pass_single_dominant       18.00%    passed     51.88%
 766  JERC-102-1-Rh|ref60|pass_single_dominant       18.10%    passed     55.24%
 767  JERC-102-1-Ro|ref60|pass_single_dominant       18.28%    passed     50.38%
 768  JERC-11-1-No|ref60|pass_single_dominant        17.72%    passed     49.36%
 769  JERC-11-1-Rh|ref60|pass_single_dominant        18.10%    passed     51.34%
 770  JERC-11-1-Ro|ref60|pass_single_dominant        18.00%    passed     49.41%
 771  JERC-12-1-No|ref60|pass_single_dominant        17.72%    passed     45.49%
 772  JERC-12-1-Rh|ref60|pass_single_dominant        17.81%    passed     47.31%
 773  JERC-12-1-Ro|ref60|pass_single_dominant        18.10%    passed     58.89%
 774  JERC-123-Rh|ref60|pass_single_dominant         18.00%    passed     56.75%
 775  JERC-13-3-No|ref60|pass_single_dominant        18.28%    passed     53.28%
 776  JERC-13-3-Rh|ref60|pass_single_dominant        18.28%    passed     53.28%
 777  JERC-138-Ro|ref60|pass_single_dominant         18.10%    passed     58.89%
 778  JERC-144-No|ref60|pass_single_dominant         18.10%    passed     58.89%
 779  JERC-147-Ro|ref60|pass_single_dominant         18.76%    passed     52.07%
 780  JERC-153-No|ref60|pass_single_dominant         18.66%    passed     49.46%
 781  JERC-161-No|ref60|pass_single_dominant         18.10%    passed     58.89%
 782  JERC-162-No|ref60|pass_single_dominant         18.10%    passed     55.61%
 783  JERC-172-2-No|ref60|pass_single_dominant       18.10%    passed     58.89%
 784  JERC-173-1-No|ref60|pass_single_dominant       18.28%    passed     60.39%
 785  JERC-177-Ro|ref60|pass_single_dominant         18.10%    passed     58.89%
 786  JERC-178-2-Ro|ref60|pass_single_dominant       18.00%    passed     61.14%
 787  JERC-20-1-Rh|ref60|pass_single_dominant        17.81%    passed     35.24%
 788  JERC-203-1-No|ref60|pass_single_dominant       18.28%    passed     56.98%
 789  JERC-23-1-Rh|ref60|pass_single_dominant        18.10%    passed     51.34%
 790  JERC-36-1-No|ref60|pass_single_dominant        18.28%    passed     56.98%
 791  JERC-36-1-Ro|ref60|pass_single_dominant        18.00%    passed     53.19%
 792  JERC-46-1-Ro|ref60|pass_single_dominant        18.10%    passed     55.24%
 793  JERC-53-1-No|ref60|pass_single_dominant        17.72%    passed     53.98%
 794  JERC-53-1-Rh|ref60|pass_single_dominant        17.72%    passed     57.28%
 795  JERC-53-1-Ro|ref60|pass_single_dominant        17.81%    passed     51.24%
 796  JERC-53-2-No|ref60|pass_single_dominant        17.72%    passed     57.59%
 797  JERC-53-2-Rh|ref60|pass_single_dominant        18.10%    passed     54.03%
 798  JERC-53-2-Ro|ref60|pass_single_dominant        17.81%    passed     50.25%
 799  JERC-53-3-No|ref60|pass_single_dominant        18.00%    passed     53.19%
 800  JERC-53-3-Rh|ref60|pass_single_dominant        17.72%    passed     57.28%
 801  JERC-53-3-Ro|ref60|pass_single_dominant        17.72%    passed     53.98%
 802  JERC-53-5-No|ref60|pass_single_dominant        18.00%    passed     53.19%
 803  JERC-6-3-No|ref60|pass_single_dominant         18.10%    passed     51.34%
 804  JERC-6-3-Rh|ref60|pass_single_dominant         18.28%    passed     53.28%
 805  JERC-7-2-No|ref60|pass_single_dominant         18.28%    passed     71.40%
 806  JERC-7-2-Rh|ref60|pass_single_dominant         18.28%    passed     53.28%
 807  JERC-7-2-Ro|ref60|pass_single_dominant         18.10%    passed     51.34%
 808  JERC-8-1-No|ref60|pass_single_dominant         17.91%    passed     54.56%
 809  JERC-8-1-Rh|ref60|pass_single_dominant         18.10%    passed     55.24%
 810  JERC-8-1-Ro|ref60|pass_single_dominant         18.00%    passed     51.88%
 811  JERC-8-2-No|ref60|pass_single_dominant         17.72%    passed     53.41%
 812  JERC-8-2-Rh|ref60|pass_single_dominant         18.00%    passed     49.41%
 813  JERC-8-4-No|ref60|pass_single_dominant         17.72%    passed     57.28%
 814  JERC-8-4-Rh|ref60|pass_single_dominant         18.10%    passed     55.24%
 815  JERC-8-4-Ro|ref60|pass_single_dominant         18.00%    passed     51.88%
 816  JERC-8-5-No|ref60|pass_single_dominant         18.00%    passed     53.19%
 817  JERC-8-5-Rh|ref60|pass_single_dominant         18.28%    passed     55.44%
 818  JERC-8-5-Ro|ref60|pass_single_dominant         17.72%    passed     48.20%
 819  JERC-87-1-No|ref60|pass_single_dominant        18.10%    passed     49.08%
 820  JERC-87-1-Rh|ref60|pass_single_dominant        18.10%    passed     55.24%
 821  JERC-88-1-No|ref60|pass_single_dominant        18.10%    passed     54.03%
 822  JERC-88-1-Ro|ref60|pass_single_dominant        18.00%    passed     53.19%
 823  JERC-89-1-No|ref60|pass_single_dominant        17.72%    passed     45.49%
 824  JERC-89-1-Rh|ref60|pass_single_dominant        18.10%    passed     55.24%
 825  JERC-89-1-Ro|ref60|pass_single_dominant        17.72%    passed     45.49%
 826  JERC-90-1-No|ref60|pass_single_dominant        17.72%    passed     53.41%
 827  JERC-90-1-Rh|ref60|pass_single_dominant        17.91%    passed     59.42%
 828  JERC-90-1-Ro|ref60|pass_single_dominant        17.81%    passed     50.25%
 829  JERC-91-1-No|ref60|pass_single_dominant        17.72%    passed     65.21%
 830  JERC-91-1-Ro|ref60|pass_single_dominant        18.10%    passed     55.24%
 831  JERC-99-1-Rh|ref60|pass_single_dominant        18.10%    passed     58.89%
 832  JERC-99-2-Rh|ref60|pass_single_dominant        21.58%    passed     55.89%
 833  JERC-CEAM-53-4-No|ref60|pass_single_dominant   17.72%    passed     49.30%
 834  JERC-CEAM-53-4-Ro|ref60|pass_single_dominant   18.00%    passed     53.19%
 835  JERC-CEMI-8-1-No|ref60|pass_single_dominant    17.72%    passed     52.95%
 836  JERC-CEMI-8-1-Rh|ref60|pass_single_dominant    17.72%    passed     52.39%
 837  JERC-CEMI-8-1-Ro|ref60|pass_single_dominant    17.72%    passed     57.28%
 838  JERC-CHNI-60-3-No|ref60|pass_single_dominant   18.10%    passed     55.24%
 839  JERC-DEFL-31-5-No|ref60|pass_single_dominant   18.10%    passed     55.24%
 840  JERC-DEFL-61-3-No|ref60|pass_single_dominant   18.10%    passed     55.24%
 841  JERC-DEST-32-1-No|ref60|pass_single_dominant   18.10%    passed     51.34%
 842  JERC-DEST-68-4-No|ref60|pass_single_dominant   18.28%    passed     56.98%
 843  JERC-GAVO-33-1-No|ref60|pass_single_dominant   19.23%    passed     52.53%
 844  JERC-RHRE-55-1-Rh|ref60|pass_single_dominant   18.10%    passed     51.34%
 845  JORN-1-Ro|ref60|pass_single_dominant           18.28%    passed     53.28%
 846  KONA-1-1-No|ref60|pass_single_dominant         17.72%    passed     57.28%
 847  KONA-3-1-Ro|ref60|pass_single_dominant         18.00%    passed     56.75%
 848  KONZ-13-1-No|ref60|pass_single_dominant        18.10%    passed     58.89%
 849  KONZ-13-1-Rh|ref60|pass_single_dominant        18.00%    passed     56.75%
 850  KONZ-13-1-Ro|ref60|pass_single_dominant        18.10%    passed     58.89%
 851  KONZ-14-1-No|ref60|pass_single_dominant        18.00%    passed     55.22%
 852  KONZ-14-1-Rh|ref60|pass_single_dominant        18.00%    passed     56.75%
 853  KONZ-14-1-Ro|ref60|pass_single_dominant        18.10%    passed     58.89%
 854  KONZ-15-1-No|ref60|pass_single_dominant        17.72%    passed     52.95%
 855  KONZ-15-1-Rh|ref60|pass_single_dominant        17.91%    passed     55.92%
 856  KONZ-15-1-Ro|ref60|pass_single_dominant        18.10%    passed     58.89%
 857  KONZ-16-1-No|ref60|pass_single_dominant        17.72%    passed     61.45%
 858  KONZ-16-1-Rh|ref60|pass_single_dominant        18.10%    passed     58.89%
 859  KONZ-16-1-Ro|ref60|pass_single_dominant        18.10%    passed     58.89%
 860  KONZ-16-2-No|ref60|pass_single_dominant        18.00%    passed     56.75%
 861  KONZ-16-2-Rh|ref60|pass_single_dominant        25.82%    passed     63.63%
 862  KONZ-6-1-Ro|ref60|pass_single_dominant         18.10%    passed     51.34%
 863  KONZ-7-1-No|ref60|pass_single_dominant         18.10%    passed     33.14%
 864  LAJA-3-1-No|ref60|pass_single_dominant         19.32%    passed     68.57%
 865  LAJA-3-3-No|ref60|pass_single_dominant         26.77%    passed     63.23%
 866  LENO-15-2-No|ref60|pass_single_dominant        17.72%    passed     44.96%
 867  LENO-6-1-No|ref60|pass_single_dominant         18.10%    passed     55.24%
 868  MLBS-1-2-Rh|ref60|pass_single_dominant         18.10%    passed     44.24%
 869  MLBS-1-2-Ro|ref60|pass_single_dominant         17.72%    passed     57.39%
 870  N36-4-D-No|ref60|pass_single_dominant          18.10%    passed     44.13%
 871  NOGP-6-3-Rh|ref60|pass_single_dominant         19.32%    passed     17.36%
 872  OAES-10-1-Rh|ref60|pass_single_dominant        18.10%    passed     51.34%
 873  OAES-10-1-Ro|ref60|pass_single_dominant        18.00%    passed     49.41%
 874  OAES-11-1-Rh|ref60|pass_single_dominant        18.10%    passed     51.34%
 875  OAES-12-2-No|ref60|pass_single_dominant        18.00%    passed     56.75%
 876  OAES-12-2-Rh|ref60|pass_single_dominant        18.10%    passed     51.34%
 877  OAES-13-2-No|ref60|pass_single_dominant        18.10%    passed     50.82%
 878  OAES-17-No|ref60|pass_single_dominant          18.10%    passed     51.34%
 879  OAES-2-1-No|ref60|pass_single_dominant         18.19%    passed     52.36%
 880  OAES-22-1-Rh|ref60|pass_single_dominant        17.72%    passed     42.06%
 881  OAES-23-1-Ro|ref60|pass_single_dominant        17.81%    passed     47.31%
 882  OAES-30-1-No|ref60|pass_single_dominant        18.10%    passed     54.03%
 883  OAES-30-1-Rh|ref60|pass_single_dominant        18.10%    passed     54.03%
 884  OAES-33-1-No|ref60|pass_single_dominant        18.10%    passed     51.34%
 885  OAES-34-1-No|ref60|pass_single_dominant        18.28%    passed     49.37%
 886  OAES-35-1-Ro|ref60|pass_single_dominant        18.10%    passed     55.24%
 887  OAES-9-1-No|ref60|pass_single_dominant         18.10%    passed     51.34%
 888  OAES-9-1-Rh|ref60|pass_single_dominant         17.72%    passed     54.60%
 889  ORNL-1-2-Rh|ref60|pass_single_dominant         18.10%    passed     54.03%
 890  ORNL-18-1-No|ref60|pass_single_dominant        18.28%    passed     60.39%
 891  ORNL-20-1-No|ref60|pass_single_dominant        18.10%    passed     58.89%
 892  ORNL-3-2-No|ref60|pass_single_dominant         17.72%    passed     48.06%
 893  ORNL-3-2-Rh|ref60|pass_single_dominant         18.10%    passed     54.03%
 894  ORNL-3-2-Ro|ref60|pass_single_dominant         18.10%    passed     55.29%
 895  ORNL-4-1-Rh|ref60|pass_single_dominant         18.10%    passed     54.07%
 896  ORNL-5-2-Rh|ref60|pass_single_dominant         18.28%    passed     53.99%
 897  ORNL-5-3-No|ref60|pass_single_dominant         18.10%    passed     34.38%
 898  ORNL-5-3-Rh|ref60|pass_single_dominant         18.10%    passed     54.03%
 899  OSBS-102-1-No|ref60|pass_single_dominant       17.72%    passed     54.15%
 900  OSBS-106-1-Rh|ref60|pass_single_dominant       18.10%    passed     58.89%
 901  OSBS-110-1-Rh|ref60|pass_single_dominant       18.10%    passed     58.89%
 902  OSBS-34-1-Ro|ref60|pass_single_dominant        18.10%    passed     58.89%
 903  OSBS-36-4-Ro|ref60|pass_single_dominant        18.10%    passed     58.89%
 904  OSBS-4-3-No|ref60|pass_single_dominant         18.10%    passed     57.48%
 905  OSBS-52-1-No|ref60|pass_single_dominant        18.10%    passed     54.03%
 906  OSBS-52-1-Rh|ref60|pass_single_dominant        18.10%    passed     55.24%
 907  OSBS-52-3-Rh|ref60|pass_single_dominant        18.10%    passed     56.15%
 908  OSBS-52-3-Ro|ref60|pass_single_dominant        18.28%    passed     56.98%
 909  OSBS-52-5-Rh|ref60|pass_single_dominant        17.72%    passed     54.15%
 910  OSBS-52-5-Ro|ref60|pass_single_dominant        18.10%    passed     55.24%
 911  OSBS-6-1-No|ref60|pass_single_dominant         18.10%    passed     51.34%
 912  OSBS-MOCE-52-4-No|ref60|pass_single_dominant   18.00%    passed     57.39%
 913  OSBS-MOCE-52-4-Rh|ref60|pass_single_dominant   18.00%    passed     51.88%
 914  OSBS-MOCE-52-4-Ro|ref60|pass_single_dominant   17.91%    passed     63.25%
 915  RMNP-2-No|ref60|pass_single_dominant           17.72%    passed     54.73%
 916  RMNP-5-1-No|ref60|pass_single_dominant         17.72%    passed     58.53%
 917  SCBI-10-1-No|ref60|pass_single_dominant        21.02%    passed     45.50%
 918  SCBI-5-1-No|ref60|pass_single_dominant         17.72%    passed     58.21%
 919  SERC-1-2-Rh|ref60|pass_single_dominant         18.00%    passed     53.19%
 920  SERC-1-2-Ro|ref60|pass_single_dominant         18.10%    passed     55.24%
 921  SERC-2-2-Rh|ref60|pass_single_dominant         17.72%    passed     52.15%
 922  SERC-2-2-Ro|ref60|pass_single_dominant         18.10%    passed     58.89%
 923  SRER-11-1-Ro|ref60|pass_single_dominant        18.00%    passed     56.75%
 924  SRER-16-1-Ro|ref60|pass_single_dominant        18.10%    passed     58.89%
 925  SRER-18-1-No|ref60|pass_single_dominant        18.10%    passed     51.34%
 926  TALL-1-2-Rh|ref60|pass_single_dominant         18.28%    passed     55.44%
 927  TALL-30-1-Ro|ref60|pass_single_dominant        17.91%    passed     48.40%
 928  TALL-44-1-Ro|ref60|pass_single_dominant        18.10%    passed     54.03%
 929  TALL-55-1-No|ref60|pass_single_dominant        18.10%    passed     61.91%
 930  TALL-72-2-No|ref60|pass_single_dominant        18.00%    passed     25.43%
 931  TALL-72-3-Ro|ref60|pass_single_dominant        18.10%    passed     55.24%
 932  TALL-73-1-No|ref60|pass_single_dominant        27.14%    passed     51.81%
 933  TALL-73-3-Ro|ref60|pass_single_dominant        18.28%    passed     56.98%
 934  TALL-8-1-No|ref60|pass_single_dominant         19.79%    passed     62.97%
 935  TALL-8-1-Rh|ref60|pass_single_dominant         22.90%    passed     40.99%
 936  TALL-8-1-Ro|ref60|pass_single_dominant         18.10%    passed     58.28%
 937  TALL-8-3-No|ref60|pass_single_dominant         18.28%    passed     55.44%
 938  TALL-8-3-Rh|ref60|pass_single_dominant         22.15%    passed     70.94%
 939  TALL-82-2-No|ref60|pass_single_dominant        17.91%    passed     55.34%
 940  TALL-82-2-Ro|ref60|pass_single_dominant        18.10%    passed     54.03%
 941  TALL-83-1-No|ref60|pass_single_dominant        26.48%    passed     63.14%
 942  TALL-84-2-Ro|ref60|pass_single_dominant        18.10%    passed     54.03%
 943  TALL-84-3-No|ref60|pass_single_dominant        18.00%    passed     54.64%
 944  TALL-84-3-Rh|ref60|pass_single_dominant        17.72%    passed     58.21%
 945  TALL-9-1-No|ref60|pass_single_dominant         18.28%    passed     58.63%
 946  TALL-9-1-Ro|ref60|pass_single_dominant         19.60%    passed     53.99%
 947  TALL-9-3-No|ref60|pass_single_dominant         18.10%    passed     52.56%
 948  TALL-9-3-Ro|ref60|pass_single_dominant         18.10%    passed     52.56%
 949  TALL-90-2-No|ref60|pass_single_dominant        18.00%    passed     46.95%
 950  TALL-90-2-Rh|ref60|pass_single_dominant        18.00%    passed     51.88%
 951  TALL-91-2-Rh|ref60|pass_single_dominant        18.10%    passed     58.89%
 952  TALL-92-2-No|ref60|pass_single_dominant        17.72%    passed     44.19%
 953  TALL-92-2-Ro|ref60|pass_single_dominant        18.28%    passed     55.44%
 954  TALL-93-2-No|ref60|pass_single_dominant        18.19%    passed     59.70%
 955  TOOL-11-No|ref60|pass_single_dominant          17.72%    passed     58.21%
 956  TOOL-17-Rh|ref60|pass_single_dominant          18.10%    passed     54.03%
 957  TOOL-18-Rh|ref60|pass_single_dominant          21.02%    passed     43.50%
 958  TOOL-24-No|ref60|pass_single_dominant          17.72%    passed     55.18%
 959  TOOL-25-No|ref60|pass_single_dominant          17.72%    passed     62.83%
 960  TOOL-26-No|ref60|pass_single_dominant          17.72%    passed     58.34%
 961  TOOL-27-2-No|ref60|pass_single_dominant        17.72%    passed     62.05%
 962  TOOL-34-Ro|ref60|pass_single_dominant          18.28%    passed     56.98%
 963  TOOL-35-1-No|ref60|pass_single_dominant        18.10%    passed     54.03%
 964  TOOL-9-No|ref60|pass_single_dominant           17.72%    passed     60.88%
 965  UKFS-1-1-No|ref60|pass_single_dominant         18.10%    passed     55.61%
 966  UKFS-1-1-Rh|ref60|pass_single_dominant         18.10%    passed     58.89%
 967  UKFS-1-1-Ro|ref60|pass_single_dominant         18.00%    passed     56.75%
 968  UKFS-52-1-No|ref60|pass_single_dominant        18.00%    passed     53.55%
 969  UKFS-52-1-Rh|ref60|pass_single_dominant        18.00%    passed     56.75%
 970  UKFS-52-1-Ro|ref60|pass_single_dominant        18.10%    passed     58.89%
 971  WOOD-9-Ro|ref60|pass_single_dominant           17.72%    passed     64.15%
 972  YELL-4-4-Rh|ref60|pass_single_dominant         27.33%    passed     50.95%
 973  BLAN-1-1-No|ref62|pass_single_dominant         15.74%    passed     32.58%
 974  BLAN-1-1-Rh|ref62|pass_single_dominant         15.74%    passed     32.58%
 975  BLAN-1-1-Ro|ref62|pass_single_dominant         15.74%    passed     20.40%
 976  BLAN-2-1-No|ref62|pass_single_dominant         15.74%    passed     28.96%
 977  BLAN-2-1-Rh|ref62|pass_single_dominant         15.74%    passed     26.40%
 978  BLAN-2-1-Ro|ref62|pass_single_dominant         15.74%    passed     29.02%
 979  BLAN-3-1-No|ref62|pass_single_dominant         15.74%    passed     29.02%
 980  BLAN-3-1-Rh|ref62|pass_single_dominant         15.74%    passed     28.77%
 981  BLAN-3-1-Ro|ref62|pass_single_dominant         15.74%    passed     29.02%
 982  BLAN-4-1-No|ref62|pass_single_dominant         15.74%    passed     29.02%
 983  BLAN-4-1-Rh|ref62|pass_single_dominant         15.74%    passed     29.00%
 984  BLAN-4-1-Ro|ref62|pass_single_dominant         15.74%    passed     29.02%
 985  CLBJ-18-1-Ro|ref62|pass_single_dominant        15.74%    passed     31.97%
 986  CLBJ-19-1-Rh|ref62|pass_single_dominant        19.98%    passed     57.53%
 987  CLBJ-19-1-Ro|ref62|pass_single_dominant        15.74%    passed     52.32%
 988  CLBJ-26-1-No|ref62|pass_single_dominant        26.96%    passed     86.52%
 989  CLBJ-26-1-Rh|ref62|pass_single_dominant        15.74%    passed     27.70%
 990  CLBJ-4-1-No|ref62|pass_single_dominant         16.97%    passed     60.99%
 991  CLBJ-40-1-Rh|ref62|pass_single_dominant        21.96%    passed     28.86%
 992  CLBJ-40-1-Ro|ref62|pass_single_dominant        15.74%    passed     29.02%
 993  CLBJ-46-1-Ro|ref62|pass_single_dominant        15.74%    passed     45.87%
 994  CLBJ-47-1-Rh|ref62|pass_single_dominant        15.74%    passed     28.39%
 995  CLBJ-5-2-No|ref62|pass_single_dominant         15.74%    passed     45.67%
 996  CPER-1-No|ref62|pass_single_dominant           19.42%    passed     44.68%
 997  CPER-2-No|ref62|pass_single_dominant           15.74%    passed     31.97%
 998  CPER-2-Rh|ref62|pass_single_dominant           15.74%    passed     29.36%
 999  CPER-2-Ro|ref62|pass_single_dominant           15.74%    passed     29.02%
1000  CPER-3-1-No|ref62|pass_single_dominant         15.74%    passed     29.02%
1001  CPER-3-1-Rh|ref62|pass_single_dominant         15.74%    passed     29.02%
1002  CPER-3-1-Ro|ref62|pass_single_dominant         15.74%    passed     29.02%
1003  CPER-4-No|ref62|pass_single_dominant           15.74%    passed     29.02%
1004  CPER-4-Ro|ref62|pass_single_dominant           15.74%    passed     28.73%
1005  CPER-5-1-No|ref62|pass_single_dominant         15.74%    passed     31.97%
1006  CPER-5-1-Rh|ref62|pass_single_dominant         15.74%    passed     29.36%
1007  CPER-5-1-Ro|ref62|pass_single_dominant         15.74%    passed     29.02%
1008  DCFS-1-2-Rh|ref62|pass_single_dominant         21.02%    passed      9.71%
1009  DCFS-2-2-No|ref62|pass_single_dominant         15.74%    passed     28.73%
1010  DCFS-2-2-Rh|ref62|pass_single_dominant         15.74%    passed     28.73%
1011  DCFS-3-2-No|ref62|pass_single_dominant         15.74%    passed     34.90%
1012  DCFS-3-2-Rh|ref62|pass_single_dominant         16.02%    passed     31.47%
1013  DCFS-3-2-Ro|ref62|pass_single_dominant         15.74%    passed     31.38%
1014  DCFS-5-1-No|ref62|pass_single_dominant         15.74%    passed     29.36%
1015  DCFS-5-1-Rh|ref62|pass_single_dominant         15.74%    passed     29.00%
1016  DCFS-6-1-No|ref62|pass_single_dominant         15.74%    passed     29.02%
1017  DCFS-6-1-Rh|ref62|pass_single_dominant         15.74%    passed     29.36%
1018  DCFS-6-1-Ro|ref62|pass_single_dominant         15.74%    passed     31.97%
1019  DCFS-7-1-No|ref62|pass_single_dominant         15.74%    passed     23.51%
1020  DCFS-7-1-Rh|ref62|pass_single_dominant         15.74%    passed     23.26%
1021  DCFS-7-1-Ro|ref62|pass_single_dominant         15.74%    passed     31.97%
1022  DCFS-8-1-No|ref62|pass_single_dominant         15.74%    passed     31.97%
1023  DCFS-8-1-Ro|ref62|pass_single_dominant         15.74%    passed     31.97%
1024  DEJU-28-2-No|ref62|pass_single_dominant        15.74%    passed     26.40%
1025  DEJU-29-1-No|ref62|pass_single_dominant        15.74%    passed     29.34%
1026  DEJU-59-No|ref62|pass_single_dominant          15.74%    passed     26.40%
1027  DEJU-59-Rh|ref62|pass_single_dominant          21.30%    passed     14.74%
1028  DEJU-63-No|ref62|pass_single_dominant          15.74%    passed     24.20%
1029  DEJU-63-Rh|ref62|pass_single_dominant          15.74%    passed     20.76%
1030  DELA-26-3-No|ref62|pass_single_dominant        15.74%    passed     21.75%
1031  DELA-26-3-Ro|ref62|pass_single_dominant        15.74%    passed     28.73%
1032  DELA-29-1-No|ref62|pass_single_dominant        23.85%    passed     26.97%
1033  DELA-29-1-Rh|ref62|pass_single_dominant        29.41%    passed     61.01%
1034  DSNY-13-1-No|ref62|pass_single_dominant        15.74%    passed     22.02%
1035  DSNY-14-1-Rh|ref62|pass_single_dominant        15.74%    passed     32.52%
1036  DSNY-14-1-Ro|ref62|pass_single_dominant        15.74%    passed     51.31%
1037  DSNY-15-1-Ro|ref62|pass_single_dominant        15.74%    passed     32.52%
1038  DSNY-17-3-No|ref62|pass_single_dominant        15.74%    passed     25.41%
1039  DSNY-3-1-No|ref62|pass_single_dominant         15.74%    passed     28.70%
1040  DSNY-3-1-Ro|ref62|pass_single_dominant         15.74%    passed     32.52%
1041  DSNY-36-1-Ro|ref62|pass_single_dominant        15.74%    passed     31.97%
1042  DSNY-5-1-Rh|ref62|pass_single_dominant         15.74%    passed     31.97%
1043  DSNY-67-3-No|ref62|pass_single_dominant        27.99%    passed     45.60%
1044  DSNY-85-1-No|ref62|pass_single_dominant        17.62%    passed     19.92%
1045  DSNY-91-1-Rh|ref62|pass_single_dominant        15.74%    passed     29.02%
1046  DSNY-92-1-Rh|ref62|pass_single_dominant        21.68%    passed     29.43%
1047  HEAL-6-1-Rh|ref62|pass_single_dominant         19.60%    passed     37.54%
1048  HEAL-7-1-Ro|ref62|pass_single_dominant         15.74%    passed     29.02%
1049  JERC-10-3-Rh|ref62|pass_single_dominant        15.74%    passed     23.33%
1050  JERC-100-1-Rh|ref62|pass_single_dominant       15.74%    passed     22.26%
1051  JERC-106-1-No|ref62|pass_single_dominant       19.13%    passed     14.23%
1052  JERC-11-1-No|ref62|pass_single_dominant        15.74%    passed     37.55%
1053  JERC-120-No|ref62|pass_single_dominant         25.26%    passed      6.07%
1054  JERC-135-3-No|ref62|pass_single_dominant       17.25%    passed     16.35%
1055  JERC-135-3-Rh|ref62|pass_single_dominant       16.12%    passed     24.19%
1056  JERC-143-No|ref62|pass_single_dominant         16.21%    passed     12.73%
1057  JERC-143-Ro|ref62|pass_single_dominant         17.91%    passed     24.22%
1058  JERC-147-Rh|ref62|pass_single_dominant         15.74%    passed     29.34%
1059  JERC-148-Rh|ref62|pass_single_dominant         17.25%    passed     24.32%
1060  JERC-149-Rh|ref62|pass_single_dominant         15.74%    passed     20.11%
1061  JERC-149-Ro|ref62|pass_single_dominant         15.74%    passed     26.24%
1062  JERC-150-Rh|ref62|pass_single_dominant         15.74%    passed     22.64%
1063  JERC-150-Ro|ref62|pass_single_dominant         15.74%    passed     20.11%
1064  JERC-151-Rh|ref62|pass_single_dominant         18.47%    passed     29.86%
1065  JERC-169-No|ref62|pass_single_dominant         21.58%    passed      8.23%
1066  JERC-176-5-No|ref62|pass_single_dominant       26.39%    passed     29.61%
1067  JERC-197-1-Rh|ref62|pass_single_dominant       21.77%    passed     37.90%
1068  JERC-2-1-Ro|ref62|pass_single_dominant         15.74%    passed     29.36%
1069  JERC-204-1-Ro|ref62|pass_single_dominant       15.74%    passed     26.24%
1070  JERC-54-2-Rh|ref62|pass_single_dominant        15.83%    passed     28.43%
1071  JERC-89-1-No|ref62|pass_single_dominant        15.74%    passed     26.24%
1072  JERC-93-1-No|ref62|pass_single_dominant        28.09%    passed     20.17%
1073  JERC-CRJU-86-1-Rh|ref62|pass_single_dominant   15.74%    passed     23.45%
1074  JERC-DEST-32-1-No|ref62|pass_single_dominant   15.74%    passed     31.96%
1075  JERC-RHRE-55-1-Rh|ref62|pass_single_dominant   15.74%    passed     31.97%
1076  JERC-RHTO-58-1-Ro|ref62|pass_single_dominant   15.74%    passed     32.52%
1077  JORN-3-1-Rh|ref62|pass_single_dominant         15.74%    passed     29.36%
1078  KONZ-1-Rh|ref62|pass_single_dominant           15.74%    passed     29.36%
1079  KONZ-1-Ro|ref62|pass_single_dominant           15.74%    passed     36.03%
1080  KONZ-6-1-Ro|ref62|pass_single_dominant         15.74%    passed     34.90%
1081  LAJA-25-1-No|ref62|pass_single_dominant        15.74%    passed     27.75%
1082  LAJA-26-1-No|ref62|pass_single_dominant        15.74%    passed     77.17%
1083  LAJA-6-1-No|ref62|pass_single_dominant         24.69%    passed     84.40%
1084  LENO-15-2-No|ref62|pass_single_dominant        15.74%    passed     28.73%
1085  MLBS-2-1-No|ref62|pass_single_dominant         15.74%    passed     26.33%
1086  NIWO-1-Rh|ref62|pass_single_dominant           16.12%    passed     29.49%
1087  NIWO-2-No|ref62|pass_single_dominant           19.04%    passed     32.91%
1088  NIWO-2-Rh|ref62|pass_single_dominant           15.74%    passed     28.73%
1089  NOGP-1-1-No|ref62|pass_single_dominant         15.74%    passed     22.34%
1090  NOGP-1-1-Rh|ref62|pass_single_dominant         16.31%    passed     29.47%
1091  NOGP-1-1-Ro|ref62|pass_single_dominant         15.74%    passed     31.96%
1092  NOGP-2-1-No|ref62|pass_single_dominant         15.74%    passed     29.02%
1093  NOGP-2-1-Rh|ref62|pass_single_dominant         15.74%    passed     23.26%
1094  NOGP-2-1-Ro|ref62|pass_single_dominant         15.74%    passed     29.02%
1095  NOGP-3-2-No|ref62|pass_single_dominant         15.74%    passed     29.36%
1096  NOGP-3-2-Ro|ref62|pass_single_dominant         15.74%    passed     29.36%
1097  NOGP-4-1-No|ref62|pass_single_dominant         15.74%    passed     29.44%
1098  NOGP-4-1-Rh|ref62|pass_single_dominant         15.74%    passed     32.51%
1099  NOGP-4-1-Ro|ref62|pass_single_dominant         15.74%    passed     29.36%
1100  NOGP-5-2-No|ref62|pass_single_dominant         15.74%    passed     29.36%
1101  NOGP-5-2-Rh|ref62|pass_single_dominant         15.74%    passed     29.02%
1102  NOGP-5-2-Ro|ref62|pass_single_dominant         15.74%    passed     28.73%
1103  NOGP-6-3-No|ref62|pass_single_dominant         15.74%    passed     29.36%
1104  NOGP-6-3-Ro|ref62|pass_single_dominant         15.74%    passed     29.36%
1105  NOGP-7-2-No|ref62|pass_single_dominant         15.93%    passed     23.90%
1106  NOGP-7-2-Rh|ref62|pass_single_dominant         15.74%    passed     26.26%
1107  OAES-13-1-Rh|ref62|pass_single_dominant        15.74%    passed     35.67%
1108  OAES-14-1-No|ref62|pass_single_dominant        15.74%    passed     32.52%
1109  OAES-14-1-Rh|ref62|pass_single_dominant        15.74%    passed     32.52%
1110  OAES-14-1-Ro|ref62|pass_single_dominant        15.74%    passed     32.52%
1111  OAES-15-No|ref62|pass_single_dominant          15.74%    passed     44.88%
1112  OAES-15-Rh|ref62|pass_single_dominant          16.68%    passed     25.85%
1113  OAES-15-Ro|ref62|pass_single_dominant          15.74%    passed     38.79%
1114  OAES-16-1-No|ref62|pass_single_dominant        22.53%    passed     47.92%
1115  OAES-17-No|ref62|pass_single_dominant          15.74%    passed     43.28%
1116  OAES-2-1-No|ref62|pass_single_dominant         15.74%    passed     31.97%
1117  OAES-2-1-Ro|ref62|pass_single_dominant         15.74%    passed     31.97%
1118  OAES-20-Rh|ref62|pass_single_dominant          21.39%    passed     28.44%
1119  OAES-20-Ro|ref62|pass_single_dominant          16.40%    passed     36.05%
1120  OAES-21-3-No|ref62|pass_single_dominant        31.57%    passed     31.22%
1121  OAES-21-3-Rh|ref62|pass_single_dominant        20.74%    passed     23.94%
1122  OAES-21-3-Ro|ref62|pass_single_dominant        15.74%    passed     26.24%
1123  OAES-22-1-No|ref62|pass_single_dominant        15.74%    passed     28.73%
1124  OAES-22-1-Rh|ref62|pass_single_dominant        15.74%    passed     30.09%
1125  OAES-23-1-Rh|ref62|pass_single_dominant        15.74%    passed     28.73%
1126  OAES-23-1-Ro|ref62|pass_single_dominant        15.74%    passed     37.74%
1127  OAES-25-1-No|ref62|pass_single_dominant        15.74%    passed     48.34%
1128  OAES-25-1-Rh|ref62|pass_single_dominant        17.81%    passed     41.47%
1129  OAES-25-1-Ro|ref62|pass_single_dominant        15.74%    passed     30.09%
1130  OAES-27-2-Ro|ref62|pass_single_dominant        15.74%    passed     32.52%
1131  OAES-29-1-No|ref62|pass_single_dominant        15.74%    passed     40.00%
1132  OAES-3-1-No|ref62|pass_single_dominant         15.74%    passed     35.67%
1133  OAES-3-1-Ro|ref62|pass_single_dominant         15.74%    passed     31.97%
1134  OAES-33-1-No|ref62|pass_single_dominant        15.74%    passed     47.70%
1135  OAES-36-2-No|ref62|pass_single_dominant        15.74%    passed     29.02%
1136  OAES-36-3-No|ref62|pass_single_dominant        15.74%    passed     29.36%
1137  OAES-36-3-Rh|ref62|pass_single_dominant        15.74%    passed     29.36%
1138  OAES-37-2-Ro|ref62|pass_single_dominant        15.74%    passed     26.07%
1139  OAES-4-1-No|ref62|pass_single_dominant         15.74%    passed     44.72%
1140  OAES-4-1-Ro|ref62|pass_single_dominant         15.74%    passed     22.30%
1141  OAES-5-Rh|ref62|pass_single_dominant           15.74%    passed     50.48%
1142  OAES-5-Ro|ref62|pass_single_dominant           15.74%    passed     31.97%
1143  OAES-6-1-No|ref62|pass_single_dominant         15.74%    passed     45.85%
1144  OAES-8-2-Ro|ref62|pass_single_dominant         16.21%    passed     25.38%
1145  OAES-9-1-Rh|ref62|pass_single_dominant         15.74%    passed     49.49%
1146  OAES_19-2-No|ref62|pass_single_dominant        15.74%    passed     29.36%
1147  OAES_19-2-Rh|ref62|pass_single_dominant        15.74%    passed     29.36%
1148  OAES_19-2-Ro|ref62|pass_single_dominant        15.74%    passed     31.97%
1149  OAES_24-3-No|ref62|pass_single_dominant        15.74%    passed     40.92%
1150  OAES_24-3-Rh|ref62|pass_single_dominant        15.74%    passed     46.12%
1151  ORNL-14-1-Ro|ref62|pass_single_dominant        21.30%    passed     17.97%
1152  ORNL-7-2-No|ref62|pass_single_dominant         25.92%    passed     32.32%
1153  OSBS-100-3-Rh|ref62|pass_single_dominant       26.20%    passed     20.66%
1154  OSBS-102-1-No|ref62|pass_single_dominant       15.74%    passed     29.36%
1155  OSBS-104-1-Ro|ref62|pass_single_dominant       23.37%    passed     11.92%
1156  OSBS-106-1-Ro|ref62|pass_single_dominant       15.74%    passed     29.02%
1157  OSBS-107-No|ref62|pass_single_dominant         21.21%    passed     14.39%
1158  OSBS-109-4-No|ref62|pass_single_dominant       15.74%    passed     13.57%
1159  OSBS-35-2-Ro|ref62|pass_single_dominant        29.41%    passed     53.01%
1160  OSBS-36-1-No|ref62|pass_single_dominant        15.74%    passed     29.36%
1161  OSBS-36-1-Ro|ref62|pass_single_dominant        25.92%    passed     43.80%
1162  OSBS-37-1-No|ref62|pass_single_dominant        15.74%    passed     29.36%
1163  OSBS-37-1-Rh|ref62|pass_single_dominant        24.79%    passed     25.76%
1164  OSBS-38-2-Ro|ref62|pass_single_dominant        30.73%    passed     37.32%
1165  OSBS-97-2-Rh|ref62|pass_single_dominant        15.74%    passed     17.79%
1166  OSBS-99-Ro|ref62|pass_single_dominant          15.74%    passed     29.02%
1167  OSBS-CEVI-50-3-Rh|ref62|pass_single_dominant   19.42%    passed     23.70%
1168  OSBS-LEHI-62-5-Rh|ref62|pass_single_dominant   23.19%    passed     20.02%
1169  RMNP-1-No|ref62|pass_single_dominant           24.41%    passed     20.54%
1170  RMNP-1-Rh|ref62|pass_single_dominant           15.74%    passed     20.76%
1171  RMNP-2-Rh|ref62|pass_single_dominant           15.74%    passed     31.34%
1172  RMNP-3-No|ref62|pass_single_dominant           19.13%    passed     41.76%
1173  SCBI-1-1-Rh|ref62|pass_single_dominant         15.74%    passed     23.26%
1174  SCBI-1-1-Ro|ref62|pass_single_dominant         15.74%    passed     29.36%
1175  SCBI-12-1-No|ref62|pass_single_dominant        15.74%    passed     29.02%
1176  SCBI-2-1-No|ref62|pass_single_dominant         15.74%    passed     29.02%
1177  SCBI-2-1-Rh|ref62|pass_single_dominant         15.74%    passed     31.97%
1178  SCBI-2-1-Ro|ref62|pass_single_dominant         15.74%    passed     31.79%
1179  SCBI-3-1-Ro|ref62|pass_single_dominant         15.74%    passed     29.02%
1180  SCBI-4-1-Rh|ref62|pass_single_dominant         16.87%    passed     38.51%
1181  SCBI-5-1-Rh|ref62|pass_single_dominant         15.74%    passed     15.77%
1182  SCBI-7-1-Ro|ref62|pass_single_dominant         15.74%    passed     33.40%
1183  SCBI-8-2-Ro|ref62|pass_single_dominant         15.74%    passed     29.02%
1184  SERC-3-1-Ro|ref62|pass_single_dominant         15.74%    passed     29.02%
1185  SERC-6-1-No|ref62|pass_single_dominant         15.74%    passed     29.10%
1186  SERC-6-1-Rh|ref62|pass_single_dominant         15.83%    passed     19.70%
1187  SJER-2-3-No|ref62|pass_single_dominant         15.74%    passed     17.87%
1188  SJER-5-1-Rh|ref62|pass_single_dominant         15.74%    passed     29.29%
1189  SRER-16-1-No|ref62|pass_single_dominant        16.02%    passed     41.48%
1190  SRER-18-1-No|ref62|pass_single_dominant        15.74%    passed     34.80%
1191  TALL-13-3-No|ref62|pass_single_dominant        16.49%    passed     27.44%
1192  TALL-18-1-Rh|ref62|pass_single_dominant        16.21%    passed     25.57%
1193  TALL-21-2-Ro|ref62|pass_single_dominant        15.74%    passed     26.33%
1194  TALL-23-2-Ro|ref62|pass_single_dominant        20.08%    passed     12.36%
1195  TALL-24-2-No|ref62|pass_single_dominant        15.74%    passed     29.02%
1196  TALL-25-2-No|ref62|pass_single_dominant        15.74%    passed     11.95%
1197  TALL-28-1-Rh|ref62|pass_single_dominant        15.74%    passed     17.99%
1198  TALL-28-1-Ro|ref62|pass_single_dominant        15.74%    passed     31.97%
1199  TALL-29-3-No|ref62|pass_single_dominant        15.74%    passed     29.44%
1200  TALL-29-3-Rh|ref62|pass_single_dominant        15.74%    passed     31.97%
1201  TALL-29-3-Ro|ref62|pass_single_dominant        15.74%    passed     35.58%
1202  TALL-60-1-No|ref62|pass_single_dominant        15.74%    passed     25.82%
1203  TALL-67-1-Rh|ref62|pass_single_dominant        17.15%    passed     28.50%
1204  TALL-70-1-No|ref62|pass_single_dominant        18.00%    passed     18.96%
1205  TALL-74-3-No|ref62|pass_single_dominant        15.74%    passed     23.26%
1206  TALL-74-3-Rh|ref62|pass_single_dominant        20.17%    passed     32.54%
1207  TALL-92-1-Ro|ref62|pass_single_dominant        15.74%    passed     29.02%
1208  TEAK-1-2-Ro|ref62|pass_single_dominant         15.74%    passed     29.36%
1209  TEAK-3-1-Ro|ref62|pass_single_dominant         15.74%    passed     29.02%
1210  TOOL-1-Rh|ref62|pass_single_dominant           15.74%    passed     32.51%
1211  TOOL-1-Ro|ref62|pass_single_dominant           15.74%    passed     29.00%
1212  TOOL-10-Ro|ref62|pass_single_dominant          15.74%    passed     26.24%
1213  TOOL-16-No|ref62|pass_single_dominant          15.74%    passed     20.11%
1214  TOOL-17-Ro|ref62|pass_single_dominant          15.74%    passed     29.36%
1215  TOOL-25-Ro|ref62|pass_single_dominant          15.74%    passed     29.34%
1216  TOOL-27-2-No|ref62|pass_single_dominant        15.74%    passed     17.98%
1217  TOOL-30-Rh|ref62|pass_single_dominant          19.60%    passed     34.18%
1218  TOOL-35-1-Rh|ref62|pass_single_dominant        15.74%    passed     28.39%
1219  TOOL-4-No|ref62|pass_single_dominant           15.74%    passed     29.34%
1220  TOOL-6-No|ref62|pass_single_dominant           22.05%    passed     34.58%
1221  WOOD-1-1-No|ref62|pass_single_dominant         18.28%    passed     36.12%
1222  WOOD-1-1-Ro|ref62|pass_single_dominant         15.74%    passed     29.36%
1223  WOOD-10-1-No|ref62|pass_single_dominant        15.74%    passed     29.02%
1224  WOOD-10-1-Rh|ref62|pass_single_dominant        15.74%    passed     23.45%
1225  WOOD-10-1-Ro|ref62|pass_single_dominant        15.74%    passed     31.96%
1226  WOOD-11-1-No|ref62|pass_single_dominant        15.74%    passed     29.36%
1227  WOOD-11-1-Rh|ref62|pass_single_dominant        15.74%    passed     34.79%
1228  WOOD-11-1-Ro|ref62|pass_single_dominant        15.74%    passed     29.10%
1229  WOOD-12-No|ref62|pass_single_dominant          15.74%    passed     28.73%
1230  WOOD-12-Rh|ref62|pass_single_dominant          15.74%    passed     31.97%
1231  WOOD-12-Ro|ref62|pass_single_dominant          15.74%    passed     20.76%
1232  WOOD-2-2-Rh|ref62|pass_single_dominant         17.25%    passed     21.52%
1233  WOOD-3-2-No|ref62|pass_single_dominant         15.74%    passed     29.36%
1234  WOOD-3-2-Ro|ref62|pass_single_dominant         16.59%    passed     26.01%
1235  WOOD-4-1-No|ref62|pass_single_dominant         16.49%    passed     25.31%
1236  WOOD-5-1-No|ref62|pass_single_dominant         15.74%    passed     29.00%
1237  WOOD-5-1-Rh|ref62|pass_single_dominant         15.74%    passed     29.10%
1238  WOOD-5-1-Ro|ref62|pass_single_dominant         15.74%    passed     25.65%
1239  WOOD-6-1-No|ref62|pass_single_dominant         15.74%    passed     28.73%
1240  WOOD-6-1-Rh|ref62|pass_single_dominant         15.74%    passed     29.44%
1241  WOOD-6-1-Ro|ref62|pass_single_dominant         15.74%    passed     28.73%
1242  WOOD-7-1-No|ref62|pass_single_dominant         15.74%    passed     28.73%
1243  WOOD-7-1-Rh|ref62|pass_single_dominant         15.74%    passed     28.73%
1244  WOOD-7-1-Ro|ref62|pass_single_dominant         15.74%    passed     28.73%
1245  WOOD-8-No|ref62|pass_single_dominant           15.74%    passed     31.97%
1246  WOOD-8-Rh|ref62|pass_single_dominant           15.74%    passed     30.82%
1247  WOOD-8-Ro|ref62|pass_single_dominant           15.74%    passed     31.97%
1248  WOOD-9-Rh|ref62|pass_single_dominant           15.74%    passed     34.90%
1249  BONA-2-Rh|ref63|pass_single_dominant           18.38%    passed     91.32%
1250  BONA-2-Ro|ref63|pass_single_dominant           28.09%    passed     99.97%
1251  BONA-8-Ro|ref63|pass_single_dominant           29.41%    passed     93.90%
1252  CLBJ-1-1-No|ref63|pass_single_dominant         15.74%    passed      7.79%
1253  CLBJ-10-1-Rh|ref63|pass_single_dominant        16.12%    passed     99.56%
1254  CLBJ-12-2-No|ref63|pass_single_dominant        16.59%    passed     74.43%
1255  CLBJ-14-1-No|ref63|pass_single_dominant        15.74%    passed     66.68%
1256  CLBJ-14-1-Rh|ref63|pass_single_dominant        20.64%    passed     88.14%
1257  CLBJ-15-1-Ro|ref63|pass_single_dominant        21.58%    passed     82.22%
1258  CLBJ-17-1-Rh|ref63|pass_single_dominant        26.01%    passed     92.56%
1259  CLBJ-19-1-No|ref63|pass_single_dominant        15.93%    passed     94.69%
1260  CLBJ-2-No|ref63|pass_single_dominant           16.12%    passed     85.46%
1261  CLBJ-21-1-Rh|ref63|pass_single_dominant        16.78%    passed     97.03%
1262  CLBJ-23-1-No|ref63|pass_single_dominant        17.62%    passed     28.12%
1263  CLBJ-24-No|ref63|pass_single_dominant          15.93%    passed     91.96%
1264  CLBJ-25-2-No|ref63|pass_single_dominant        17.72%    passed     89.50%
1265  CLBJ-25-2-Rh|ref63|pass_single_dominant        21.68%    passed     94.89%
1266  CLBJ-25-2-Ro|ref63|pass_single_dominant        17.06%    passed     95.98%
1267  CLBJ-26-1-No|ref63|pass_single_dominant        15.93%    passed     70.95%
1268  CLBJ-26-1-Ro|ref63|pass_single_dominant        20.74%    passed     89.33%
1269  CLBJ-27-1-No|ref63|pass_single_dominant        16.59%    passed     82.48%
1270  CLBJ-27-1-Ro|ref63|pass_single_dominant        17.72%    passed     98.96%
1271  CLBJ-3-1-No|ref63|pass_single_dominant         16.21%    passed      6.25%
1272  CLBJ-35-1-Ro|ref63|pass_single_dominant        16.78%    passed     98.77%
1273  CLBJ-39-1-No|ref63|pass_single_dominant        23.56%    passed     96.21%
1274  CLBJ-4-1-No|ref63|pass_single_dominant         15.74%    passed     94.92%
1275  CLBJ-4-1-Ro|ref63|pass_single_dominant         16.40%    passed     92.99%
1276  CLBJ-42-1-No|ref63|pass_single_dominant        20.55%    passed     86.23%
1277  CLBJ-43-2-No|ref63|pass_single_dominant        23.85%    passed     96.52%
1278  CLBJ-48-1-No|ref63|pass_single_dominant        17.62%    passed     15.36%
1279  CLBJ-49-1-Ro|ref63|pass_single_dominant        18.10%    passed     90.17%
1280  CLBJ-5-2-No|ref63|pass_single_dominant         15.74%    passed     89.01%
1281  CLBJ-50-3-Rh|ref63|pass_single_dominant        18.10%    passed     77.34%
1282  CPER-1-No|ref63|pass_single_dominant           15.74%    passed     88.82%
1283  CPER-1-Rh|ref63|pass_single_dominant           29.69%    passed     38.57%
1284  CPER-2-No|ref63|pass_single_dominant           26.58%    passed     83.63%
1285  CPER-2-Rh|ref63|pass_single_dominant           27.14%    passed     88.94%
1286  CPER-3-1-Rh|ref63|pass_single_dominant         21.02%    passed     95.82%
1287  DCFS-1-2-Ro|ref63|pass_single_dominant         31.29%    passed     99.47%
1288  DCFS-5-1-Rh|ref63|pass_single_dominant         16.49%    passed     97.76%
1289  DCFS-7-1-Rh|ref63|pass_single_dominant         22.71%    passed     98.09%
1290  DCFS-7-1-Ro|ref63|pass_single_dominant         19.70%    passed     79.54%
1291  DEJU-1-1-No|ref63|pass_single_dominant         27.24%    passed     94.62%
1292  DEJU-10-1-No|ref63|pass_single_dominant        18.94%    passed     90.93%
1293  DEJU-11-1-Ro|ref63|pass_single_dominant        21.96%    passed     97.78%
1294  DEJU-2-No|ref63|pass_single_dominant           32.23%    passed     92.48%
1295  DEJU-21-1-Rh|ref63|pass_single_dominant        31.48%    passed     99.82%
1296  DEJU-23-1-Ro|ref63|pass_single_dominant        19.04%    passed     98.57%
1297  DEJU-3-1-Rh|ref63|pass_single_dominant         21.87%    passed     97.42%
1298  DEJU-3-1-Ro|ref63|pass_single_dominant         16.12%    passed     87.07%
1299  DEJU-32-Ro|ref63|pass_single_dominant          27.99%    passed     90.35%
1300  DEJU-37-No|ref63|pass_single_dominant          18.38%    passed     95.79%
1301  DEJU-39-No|ref63|pass_single_dominant          26.30%    passed     98.89%
1302  DEJU-42-No|ref63|pass_single_dominant          18.19%    passed     95.42%
1303  DEJU-43-No|ref63|pass_single_dominant          24.60%    passed     98.84%
1304  DEJU-44-No|ref63|pass_single_dominant          21.96%    passed     96.23%
1305  DEJU-45-1-No|ref63|pass_single_dominant        27.52%    passed     90.79%
1306  DEJU-46-Ro|ref63|pass_single_dominant          18.38%    passed     98.44%
1307  DEJU-47-No|ref63|pass_single_dominant          18.38%    passed     99.99%
1308  DEJU-5-1-Ro|ref63|pass_single_dominant         27.33%    passed     86.60%
1309  DEJU-50-No|ref63|pass_single_dominant          27.05%    passed     99.29%
1310  DEJU-52-1-No|ref63|pass_single_dominant        19.98%    passed     86.53%
1311  DEJU-55-Rh|ref63|pass_single_dominant          19.98%    passed     97.56%
1312  DEJU-57-Ro|ref63|pass_single_dominant          18.10%    passed     80.56%
1313  DEJU-6-1-Ro|ref63|pass_single_dominant         31.39%    passed     95.76%
1314  DEJU-62-1-No|ref63|pass_single_dominant        18.85%    passed     78.72%
1315  DEJU-63-No|ref63|pass_single_dominant          31.20%    passed     81.28%
1316  DEJU-7-1-Rh|ref63|pass_single_dominant         30.54%    passed     85.71%
1317  DELA-1-3-No|ref63|pass_single_dominant         18.19%    passed     41.28%
1318  DELA-1-3-Rh|ref63|pass_single_dominant         17.53%    passed     38.00%
1319  DELA-16-No|ref63|pass_single_dominant          18.94%    passed     40.63%
1320  DELA-17-1-No|ref63|pass_single_dominant        22.43%    passed     92.82%
1321  DELA-19-1-No|ref63|pass_single_dominant        26.30%    passed     92.22%
1322  DELA-2-2-No|ref63|pass_single_dominant         31.95%    passed     73.88%
1323  DELA-2-2-Rh|ref63|pass_single_dominant         24.32%    passed     45.84%
1324  DELA-21-1-Ro|ref63|pass_single_dominant        26.77%    passed     53.40%
1325  DELA-23-2-Rh|ref63|pass_single_dominant        25.54%    passed     95.86%
1326  DELA-23-2-Ro|ref63|pass_single_dominant        24.60%    passed     25.43%
1327  DELA-26-3-Ro|ref63|pass_single_dominant        15.83%    passed     77.96%
1328  DELA-27-3-No|ref63|pass_single_dominant        18.00%    passed     68.54%
1329  DELA-29-1-No|ref63|pass_single_dominant        16.40%    passed     50.79%
1330  DELA-29-1-Rh|ref63|pass_single_dominant        16.59%    passed     47.92%
1331  DELA-30-2-No|ref63|pass_single_dominant        25.82%    passed     97.56%
1332  DELA-32-1-No|ref63|pass_single_dominant        17.72%    passed     94.24%
1333  DELA-4-1-No|ref63|pass_single_dominant         28.09%    passed     90.41%
1334  DELA-9-1-No|ref63|pass_single_dominant         18.00%    passed     58.69%
1335  DSNY-101-1-No|ref63|pass_single_dominant       25.26%    passed     84.73%
1336  DSNY-13-1-No|ref63|pass_single_dominant        28.18%    passed     99.71%
1337  DSNY-14-1-No|ref63|pass_single_dominant        15.74%    passed     99.68%
1338  DSNY-15-1-Rh|ref63|pass_single_dominant        25.07%    passed     94.89%
1339  DSNY-15-1-Ro|ref63|pass_single_dominant        18.10%    passed     91.10%
1340  DSNY-17-3-No|ref63|pass_single_dominant        18.19%    passed     97.58%
1341  DSNY-2-1-Rh|ref63|pass_single_dominant         17.44%    passed     95.86%
1342  DSNY-20-1-No|ref63|pass_single_dominant        20.17%    passed     94.02%
1343  DSNY-29-1-Rh|ref63|pass_single_dominant        20.74%    passed     88.32%
1344  DSNY-37-1-No|ref63|pass_single_dominant        16.68%    passed     92.09%
1345  DSNY-39-4-No|ref63|pass_single_dominant        21.68%    passed     88.78%
1346  DSNY-43-1-No|ref63|pass_single_dominant        22.15%    passed     93.03%
1347  DSNY-48-1-Ro|ref63|pass_single_dominant        23.19%    passed     95.29%
1348  DSNY-49-2-Rh|ref63|pass_single_dominant        26.30%    passed     96.93%
1349  DSNY-52-1-No|ref63|pass_single_dominant        26.48%    passed     88.38%
1350  DSNY-52-1-Rh|ref63|pass_single_dominant        21.21%    passed     67.14%
1351  DSNY-54-1-No|ref63|pass_single_dominant        26.96%    passed     96.24%
1352  DSNY-57-1-Rh|ref63|pass_single_dominant        18.38%    passed     65.66%
1353  DSNY-59-Ro|ref63|pass_single_dominant          27.05%    passed     95.94%
1354  DSNY-61-4-Rh|ref63|pass_single_dominant        20.26%    passed     96.01%
1355  DSNY-64-2-No|ref63|pass_single_dominant        23.94%    passed     70.05%
1356  DSNY-64-2-Rh|ref63|pass_single_dominant        20.08%    passed     84.99%
1357  DSNY-65-1-No|ref63|pass_single_dominant        19.70%    passed     81.29%
1358  DSNY-66-1-No|ref63|pass_single_dominant        18.10%    passed     85.59%
1359  DSNY-67-3-Rh|ref63|pass_single_dominant        19.51%    passed     63.71%
1360  DSNY-7-1-No|ref63|pass_single_dominant         21.58%    passed     71.23%
1361  DSNY-72-1-Rh|ref63|pass_single_dominant        29.31%    passed     69.52%
1362  DSNY-8-1-Ro|ref63|pass_single_dominant         22.71%    passed     71.38%
1363  DSNY-82-3-No|ref63|pass_single_dominant        32.52%    passed     61.89%
1364  DSNY-83-1-Rh|ref63|pass_single_dominant        18.85%    passed     94.83%
1365  DSNY-91-1-Rh|ref63|pass_single_dominant        30.54%    passed     92.93%
1366  DSNY-CRMA-33-1-Ro|ref63|pass_single_dominant   16.87%    passed     95.78%
1367  DSNY-CRMA-35-1-No|ref63|pass_single_dominant   17.81%    passed     48.09%
1368  DSNY-GARE-35-1-Rh|ref63|pass_single_dominant   17.72%    passed     92.40%
1369  DSNY-SEHE-60-No|ref63|pass_single_dominant     18.10%    passed     41.91%
1370  GUAN-2-No|ref63|pass_single_dominant           17.25%    passed     73.63%
1371  GUAN-3-No|ref63|pass_single_dominant           25.73%    passed     98.61%
1372  GUAN-4-No|ref63|pass_single_dominant           25.64%    passed     96.06%
1373  GUAN-5-No|ref63|pass_single_dominant           16.59%    passed     89.63%
1374  GUAN-8-No|ref63|pass_single_dominant           17.34%    passed     94.12%
1375  GUAN-8-Ro|ref63|pass_single_dominant           29.69%    passed     90.43%
1376  GUAN-9-1-Rh|ref63|pass_single_dominant         23.28%    passed     95.53%
1377  HARV-1-1-No|ref63|pass_single_dominant         23.66%    passed     63.25%
1378  HARV-1-1-Rh|ref63|pass_single_dominant         24.13%    passed     99.63%
1379  HARV-3-1-Ro|ref63|pass_single_dominant         17.72%    passed     89.75%
1380  HARV-4-1-No|ref63|pass_single_dominant         21.96%    passed     92.25%
1381  HARV-4-1-Ro|ref63|pass_single_dominant         18.19%    passed     98.98%
1382  HEAL-11-1-Rh|ref63|pass_single_dominant        21.96%    passed     98.79%
1383  JERC-1-2-No|ref63|pass_single_dominant         15.74%    passed     90.93%
1384  JERC-100-1-No|ref63|pass_single_dominant       25.54%    passed     91.98%
1385  JERC-102-1-Rh|ref63|pass_single_dominant       18.10%    passed     94.54%
1386  JERC-113-3-No|ref63|pass_single_dominant       25.54%    passed     60.88%
1387  JERC-120-Rh|ref63|pass_single_dominant         16.12%    passed     95.68%
1388  JERC-123-Rh|ref63|pass_single_dominant         21.77%    passed     61.07%
1389  JERC-123-Ro|ref63|pass_single_dominant         21.58%    passed     73.37%
1390  JERC-124-2-No|ref63|pass_single_dominant       18.47%    passed     67.81%
1391  JERC-127-2-No|ref63|pass_single_dominant       26.39%    passed     94.33%
1392  JERC-127-2-Ro|ref63|pass_single_dominant       21.58%    passed     91.46%
1393  JERC-128-2-Ro|ref63|pass_single_dominant       22.62%    passed     98.62%
1394  JERC-129-4-Rh|ref63|pass_single_dominant       26.39%    passed     79.24%
1395  JERC-13-3-Rh|ref63|pass_single_dominant        20.08%    passed     72.99%
1396  JERC-131-No|ref63|pass_single_dominant         15.74%    passed     90.93%
1397  JERC-131-Rh|ref63|pass_single_dominant         26.58%    passed     48.14%
1398  JERC-131-Ro|ref63|pass_single_dominant         22.71%    passed     89.23%
1399  JERC-135-3-Rh|ref63|pass_single_dominant       18.10%    passed     98.87%
1400  JERC-140-Rh|ref63|pass_single_dominant         24.32%    passed     98.12%
1401  JERC-141-No|ref63|pass_single_dominant         29.59%    passed     64.58%
1402  JERC-142-Rh|ref63|pass_single_dominant         21.21%    passed     99.46%
1403  JERC-145-1-Rh|ref63|pass_single_dominant       32.05%    passed     96.20%
1404  JERC-149-Ro|ref63|pass_single_dominant         27.90%    passed     84.62%
1405  JERC-151-No|ref63|pass_single_dominant         25.73%    passed     94.56%
1406  JERC-155-No|ref63|pass_single_dominant         18.28%    passed     89.96%
1407  JERC-155-Ro|ref63|pass_single_dominant         24.22%    passed     91.11%
1408  JERC-156-No|ref63|pass_single_dominant         26.30%    passed     97.08%
1409  JERC-156-Ro|ref63|pass_single_dominant         26.48%    passed     65.32%
1410  JERC-157-2-No|ref63|pass_single_dominant       24.32%    passed     74.43%
1411  JERC-16-2-No|ref63|pass_single_dominant        19.70%    passed     75.86%
1412  JERC-16-2-Ro|ref63|pass_single_dominant        19.98%    passed     73.96%
1413  JERC-161-Rh|ref63|pass_single_dominant         30.07%    passed     92.46%
1414  JERC-161-Ro|ref63|pass_single_dominant         21.87%    passed     83.53%
1415  JERC-164-Ro|ref63|pass_single_dominant         18.10%    passed     94.61%
1416  JERC-165-Ro|ref63|pass_single_dominant         18.28%    passed     99.18%
1417  JERC-167-No|ref63|pass_single_dominant         18.85%    passed     66.86%
1418  JERC-169-No|ref63|pass_single_dominant         17.34%    passed     98.73%
1419  JERC-170-No|ref63|pass_single_dominant         20.36%    passed     57.96%
1420  JERC-172-2-No|ref63|pass_single_dominant       27.05%    passed     89.30%
1421  JERC-172-2-Ro|ref63|pass_single_dominant       26.01%    passed     89.37%
1422  JERC-175-1-No|ref63|pass_single_dominant       16.21%    passed     93.10%
1423  JERC-175-1-Rh|ref63|pass_single_dominant       17.62%    passed     91.76%
1424  JERC-177-Ro|ref63|pass_single_dominant         30.16%    passed     60.23%
1425  JERC-178-2-No|ref63|pass_single_dominant       28.37%    passed     63.31%
1426  JERC-179-4-Ro|ref63|pass_single_dominant       18.38%    passed     98.87%
1427  JERC-18-2-No|ref63|pass_single_dominant        21.68%    passed     74.46%
1428  JERC-18-2-Ro|ref63|pass_single_dominant        19.70%    passed     67.10%
1429  JERC-181-1-Rh|ref63|pass_single_dominant       27.71%    passed     65.20%
1430  JERC-183-3-Ro|ref63|pass_single_dominant       29.97%    passed     70.56%
1431  JERC-186-1-Ro|ref63|pass_single_dominant       20.83%    passed     92.72%
1432  JERC-191-1-No|ref63|pass_single_dominant       20.92%    passed     91.40%
1433  JERC-192-1-No|ref63|pass_single_dominant       24.98%    passed     89.51%
1434  JERC-197-1-No|ref63|pass_single_dominant       25.54%    passed     87.52%
1435  JERC-197-1-Ro|ref63|pass_single_dominant       24.32%    passed     83.95%
1436  JERC-198-Ro|ref63|pass_single_dominant         21.02%    passed     88.11%
1437  JERC-201-1-No|ref63|pass_single_dominant       22.05%    passed     26.71%
1438  JERC-203-1-No|ref63|pass_single_dominant       17.81%    passed     96.50%
1439  JERC-204-1-Ro|ref63|pass_single_dominant       17.81%    passed     93.12%
1440  JERC-27-2-No|ref63|pass_single_dominant        22.62%    passed     98.05%
1441  JERC-28-4-No|ref63|pass_single_dominant        29.12%    passed     88.77%
1442  JERC-28-4-Rh|ref63|pass_single_dominant        23.00%    passed     79.71%
1443  JERC-28-4-Ro|ref63|pass_single_dominant        18.00%    passed     91.22%
1444  JERC-3-1-No|ref63|pass_single_dominant         17.44%    failed      2.93%
1445  JERC-30-3-No|ref63|pass_single_dominant        29.88%    passed     79.91%
1446  JERC-30-3-Rh|ref63|pass_single_dominant        16.12%    passed     84.53%
1447  JERC-34-4-No|ref63|pass_single_dominant        15.93%    passed     77.76%
1448  JERC-37-2-No|ref63|pass_single_dominant        18.94%    passed     40.79%
1449  JERC-42-1-No|ref63|pass_single_dominant        16.12%    passed     94.28%
1450  JERC-43-1-No|ref63|pass_single_dominant        22.53%    passed     15.81%
1451  JERC-5-3-Rh|ref63|pass_single_dominant         15.74%    passed     70.74%
1452  JERC-50-5-Rh|ref63|pass_single_dominant        18.10%    passed     89.21%
1453  JERC-54-2-Ro|ref63|pass_single_dominant        22.53%    passed     87.36%
1454  JERC-6-3-No|ref63|pass_single_dominant         15.74%    passed     17.33%
1455  JERC-6-3-Rh|ref63|pass_single_dominant         16.12%    passed     70.14%
1456  JERC-7-2-No|ref63|pass_single_dominant         19.79%    passed     76.30%
1457  JERC-7-2-Rh|ref63|pass_single_dominant         16.02%    passed     94.68%
1458  JERC-8-2-No|ref63|pass_single_dominant         18.28%    passed     87.96%
1459  JERC-8-2-Rh|ref63|pass_single_dominant         15.83%    passed     81.97%
1460  JERC-92-4-Rh|ref63|pass_single_dominant        30.82%    passed     89.67%
1461  JERC-93-1-Rh|ref63|pass_single_dominant        17.91%    passed     96.57%
1462  JERC-94-1-No|ref63|pass_single_dominant        16.40%    passed     99.18%
1463  JERC-94-1-Rh|ref63|pass_single_dominant        29.78%    passed     62.47%
1464  JERC-96-2-No|ref63|pass_single_dominant        30.91%    passed     71.88%
1465  JERC-98-1-No|ref63|pass_single_dominant        23.28%    passed     94.40%
1466  JERC-98-1-Rh|ref63|pass_single_dominant        21.21%    passed     74.55%
1467  JERC-98-1-Ro|ref63|pass_single_dominant        21.39%    passed     88.22%
1468  JERC-98-2-No|ref63|pass_single_dominant        24.98%    passed     93.95%
1469  JERC-98-3-No|ref63|pass_single_dominant        17.62%    passed     74.08%
1470  JERC-98-3-Ro|ref63|pass_single_dominant        18.66%    passed     90.21%
1471  JERC-99-1-Rh|ref63|pass_single_dominant        24.13%    passed     52.86%
1472  JERC-99-2-No|ref63|pass_single_dominant        18.38%    passed     82.66%
1473  JERC-99-2-Ro|ref63|pass_single_dominant        25.16%    passed     98.64%
1474  JERC-99-3-No|ref63|pass_single_dominant        31.29%    passed     59.23%
1475  JERC-99-4-No|ref63|pass_single_dominant        27.52%    passed     49.51%
1476  JERC-99-4-Rh|ref63|pass_single_dominant        19.79%    passed     83.20%
1477  JERC-AMFR-56-1-No|ref63|pass_single_dominant   15.74%    passed     96.50%
1478  JERC-AMFU-71-1-No|ref63|pass_single_dominant   15.74%    passed     80.58%
1479  JERC-AMFU-71-1-Rh|ref63|pass_single_dominant   21.96%    passed     78.21%
1480  JERC-AMFU-71-1-Ro|ref63|pass_single_dominant   17.44%    passed     85.53%
1481  JERC-CERE-67-1-No|ref63|pass_single_dominant   24.32%    passed     56.82%
1482  JERC-CEVI-57-2-No|ref63|pass_single_dominant   18.94%    passed     10.90%
1483  JERC-CHNI-60-3-No|ref63|pass_single_dominant   17.44%    passed     21.94%
1484  JERC-CHNI-86-4-Rh|ref63|pass_single_dominant   28.46%    passed     87.26%
1485  JERC-CRJU-86-1-Rh|ref63|pass_single_dominant   20.26%    passed     93.78%
1486  JERC-DEFL-31-5-No|ref63|pass_single_dominant   18.94%    passed     13.80%
1487  JERC-DEFL-75-2-No|ref63|pass_single_dominant   20.74%    passed     28.77%
1488  JERC-DEST-68-4-No|ref63|pass_single_dominant   18.94%    passed     14.75%
1489  JERC-RHDI-59-3-No|ref63|pass_single_dominant   18.94%    passed     13.33%
1490  JERC-RHDI-59-3-Ro|ref63|pass_single_dominant   27.43%    passed     58.34%
1491  JERC-RHRE-55-1-No|ref63|pass_single_dominant   18.94%    passed     32.21%
1492  JERC-RHTO-58-1-No|ref63|pass_single_dominant   16.12%    passed     45.60%
1493  JERC-RHTO-58-1-Rh|ref63|pass_single_dominant   19.60%    passed     48.89%
1494  JERC-STBI-63-1-Rh|ref63|pass_single_dominant   23.85%    passed     95.05%
1495  KONZ-1-No|ref63|pass_single_dominant           16.68%    passed     62.94%
1496  KONZ-1-Ro|ref63|pass_single_dominant           28.84%    passed     96.22%
1497  KONZ-10-1-Ro|ref63|pass_single_dominant        21.68%    passed     66.77%
1498  KONZ-11-1-Rh|ref63|pass_single_dominant        23.66%    passed     61.34%
1499  KONZ-12-1-No|ref63|pass_single_dominant        16.12%    passed     89.62%
1500  KONZ-12-1-Rh|ref63|pass_single_dominant        26.48%    passed     97.30%
1501  KONZ-12-1-Ro|ref63|pass_single_dominant        31.86%    passed     94.16%
1502  KONZ-13-1-No|ref63|pass_single_dominant        29.97%    passed     82.09%
1503  KONZ-15-1-Rh|ref63|pass_single_dominant        17.44%    passed     88.84%
1504  KONZ-16-1-Rh|ref63|pass_single_dominant        17.91%    passed     43.17%
1505  KONZ-2-1-No|ref63|pass_single_dominant         21.87%    passed     82.42%
1506  KONZ-5-1-No|ref63|pass_single_dominant         17.53%    passed     95.19%
1507  KONZ-5-1-Ro|ref63|pass_single_dominant         17.15%    passed     97.05%
1508  KONZ-6-1-No|ref63|pass_single_dominant         15.74%    passed     93.31%
1509  KONZ-6-1-Rh|ref63|pass_single_dominant         16.97%    passed     95.67%
1510  KONZ-7-1-No|ref63|pass_single_dominant         17.15%    passed     98.21%
1511  KONZ-8-1-No|ref63|pass_single_dominant         16.49%    passed     82.95%
1512  KONZ-8-1-Ro|ref63|pass_single_dominant         17.72%    passed     93.58%
1513  KONZ-9-2-No|ref63|pass_single_dominant         25.54%    passed     98.72%
1514  KONZ-9-2-Ro|ref63|pass_single_dominant         20.08%    passed     92.19%
1515  LAJA-1-1-No|ref63|pass_single_dominant         19.42%    passed     78.89%
1516  LAJA-13-3-Ro|ref63|pass_single_dominant        30.73%    passed     50.06%
1517  LAJA-16-2-Rh|ref63|pass_single_dominant        19.79%    passed     71.40%
1518  LAJA-17-1-No|ref63|pass_single_dominant        19.98%    passed     77.22%
1519  LAJA-2-1-No|ref63|pass_single_dominant         31.20%    passed     95.42%
1520  LAJA-2-1-Ro|ref63|pass_single_dominant         31.39%    passed     66.57%
1521  LAJA-3-1-No|ref63|pass_single_dominant         32.52%    passed     95.26%
1522  LAJA-3-2-Rh|ref63|pass_single_dominant         18.94%    passed     84.17%
1523  LAJA-3-2-Ro|ref63|pass_single_dominant         21.30%    passed     80.91%
1524  LAJA-4-1-No|ref63|pass_single_dominant         18.00%    passed     81.87%
1525  LAJA-5-1-No|ref63|pass_single_dominant         16.87%    passed     87.46%
1526  LAJA-5-1-Ro|ref63|pass_single_dominant         23.66%    passed     60.53%
1527  LAJA-6-1-Rh|ref63|pass_single_dominant         16.97%    passed     97.46%
1528  LENO-10-2-No|ref63|pass_single_dominant        18.38%    passed     93.33%
1529  LENO-10-2-Rh|ref63|pass_single_dominant        26.96%    passed     97.95%
1530  LENO-10-2-Ro|ref63|pass_single_dominant        20.45%    passed     88.53%
1531  LENO-12-3-No|ref63|pass_single_dominant        16.40%    passed     87.69%
1532  LENO-13-2-Rh|ref63|pass_single_dominant        20.17%    passed     95.53%
1533  LENO-2-1-Rh|ref63|pass_single_dominant         23.47%    passed     84.20%
1534  LENO-2-1-Ro|ref63|pass_single_dominant         31.20%    passed     88.55%
1535  LENO-4-3-No|ref63|pass_single_dominant         30.16%    passed     76.88%
1536  LENO-5-2-No|ref63|pass_single_dominant         17.44%    passed     91.36%
1537  LENO-6-1-No|ref63|pass_single_dominant         25.82%    passed     82.51%
1538  LENO-6-1-Ro|ref63|pass_single_dominant         21.96%    passed     98.61%
1539  LENO-7-2-No|ref63|pass_single_dominant         17.44%    passed     95.86%
1540  LENO-9-2-No|ref63|pass_single_dominant         17.44%    passed     91.36%
1541  LENO-9-2-Rh|ref63|pass_single_dominant         17.44%    passed     91.36%
1542  MLBS-2-1-No|ref63|pass_single_dominant         17.81%    passed     95.69%
1543  N35-4-D-No|ref63|pass_single_dominant          16.49%    passed     46.70%
1544  N35-4-D-Ro|ref63|pass_single_dominant          18.94%    passed     44.41%
1545  N39-2-D-Rh|ref63|pass_single_dominant          26.67%    passed     71.56%
1546  NOGP-1-1-Rh|ref63|pass_single_dominant         16.12%    passed     92.53%
1547  NOGP-7-2-No|ref63|pass_single_dominant         17.81%    passed     78.41%
1548  OAES-1-1-No|ref63|pass_single_dominant         17.44%    passed     39.49%
1549  OAES-1-1-Rh|ref63|pass_single_dominant         17.62%    passed     80.61%
1550  OAES-10-1-Rh|ref63|pass_single_dominant        19.70%    passed     58.22%
1551  OAES-11-1-No|ref63|pass_single_dominant        15.74%    passed     89.01%
1552  OAES-12-2-No|ref63|pass_single_dominant        15.74%    passed     85.55%
1553  OAES-12-2-Rh|ref63|pass_single_dominant        16.02%    passed     83.59%
1554  OAES-12-2-Ro|ref63|pass_single_dominant        15.74%    passed     85.55%
1555  OAES-14-1-No|ref63|pass_single_dominant        21.58%    passed     84.40%
1556  OAES-16-1-No|ref63|pass_single_dominant        15.74%    passed     54.13%
1557  OAES-16-1-Rh|ref63|pass_single_dominant        15.74%    passed     54.13%
1558  OAES-16-1-Ro|ref63|pass_single_dominant        15.74%    passed     84.50%
1559  OAES-17-Ro|ref63|pass_single_dominant          15.74%    passed     88.40%
1560  OAES-20-No|ref63|pass_single_dominant          18.94%    passed     91.69%
1561  OAES-20-Rh|ref63|pass_single_dominant          16.12%    passed     96.72%
1562  OAES-21-3-Rh|ref63|pass_single_dominant        16.97%    passed     83.79%
1563  OAES-22-1-Rh|ref63|pass_single_dominant        15.83%    passed     96.65%
1564  OAES-23-1-No|ref63|pass_single_dominant        15.74%    passed     92.44%
1565  OAES-23-1-Ro|ref63|pass_single_dominant        15.74%    passed     93.73%
1566  OAES-25-1-No|ref63|pass_single_dominant        15.74%    passed     53.83%
1567  OAES-26-1-No|ref63|pass_single_dominant        15.74%    passed     98.33%
1568  OAES-26-1-Ro|ref63|pass_single_dominant        15.74%    passed     99.71%
1569  OAES-27-2-No|ref63|pass_single_dominant        15.74%    passed     87.92%
1570  OAES-27-2-Ro|ref63|pass_single_dominant        15.74%    passed     56.87%
1571  OAES-28-1-No|ref63|pass_single_dominant        17.72%    passed     94.47%
1572  OAES-28-1-Rh|ref63|pass_single_dominant        21.68%    passed     73.65%
1573  OAES-29-1-No|ref63|pass_single_dominant        15.74%    passed     92.63%
1574  OAES-3-1-No|ref63|pass_single_dominant         15.74%    passed     87.30%
1575  OAES-30-2-No|ref63|pass_single_dominant        18.19%    passed     90.45%
1576  OAES-30-2-Ro|ref63|pass_single_dominant        16.12%    passed     98.08%
1577  OAES-32-1-No|ref63|pass_single_dominant        15.74%    passed     92.91%
1578  OAES-32-1-Rh|ref63|pass_single_dominant        24.60%    passed     89.53%
1579  OAES-33-1-No|ref63|pass_single_dominant        15.74%    passed     89.01%
1580  OAES-33-1-Rh|ref63|pass_single_dominant        16.12%    passed     99.04%
1581  OAES-33-1-Ro|ref63|pass_single_dominant        21.87%    passed     65.96%
1582  OAES-34-1-No|ref63|pass_single_dominant        15.74%    passed     85.55%
1583  OAES-35-1-Rh|ref63|pass_single_dominant        29.69%    passed     92.02%
1584  OAES-35-3-No|ref63|pass_single_dominant        15.74%    passed     93.49%
1585  OAES-35-3-Rh|ref63|pass_single_dominant        24.22%    passed     95.63%
1586  OAES-36-2-Rh|ref63|pass_single_dominant        20.92%    passed     95.14%
1587  OAES-36-3-Rh|ref63|pass_single_dominant        18.94%    passed     97.97%
1588  OAES-4-1-No|ref63|pass_single_dominant         17.44%    passed     39.24%
1589  OAES-4-1-Ro|ref63|pass_single_dominant         17.62%    passed     39.02%
1590  OAES-5-Rh|ref63|pass_single_dominant           16.78%    passed     92.50%
1591  OAES-6-1-Ro|ref63|pass_single_dominant         16.78%    passed     73.13%
1592  OAES-7-1-No|ref63|pass_single_dominant         17.44%    passed     43.89%
1593  OAES-7-1-Rh|ref63|pass_single_dominant         15.74%    passed     57.42%
1594  OAES-7-1-Ro|ref63|pass_single_dominant         17.44%    passed     43.89%
1595  OAES-8-2-No|ref63|pass_single_dominant         16.78%    passed     78.54%
1596  OAES-9-1-No|ref63|pass_single_dominant         15.74%    passed     85.55%
1597  OAES-9-1-Rh|ref63|pass_single_dominant         15.74%    passed     85.55%
1598  OAES-9-1-Ro|ref63|pass_single_dominant         15.83%    passed     83.07%
1599  OAES_24-3-No|ref63|pass_single_dominant        17.62%    passed     85.60%
1600  OAES_24-3-Rh|ref63|pass_single_dominant        17.44%    passed     89.73%
1601  ORNL-10-1-No|ref63|pass_single_dominant        26.11%    passed     74.93%
1602  ORNL-12-1-Ro|ref63|pass_single_dominant        16.40%    passed     99.12%
1603  ORNL-13-2-No|ref63|pass_single_dominant        25.45%    passed     96.51%
1604  ORNL-13-2-Rh|ref63|pass_single_dominant        20.64%    passed     97.32%
1605  ORNL-18-1-No|ref63|pass_single_dominant        18.94%    passed     96.51%
1606  ORNL-18-1-Ro|ref63|pass_single_dominant        16.12%    passed     95.50%
1607  ORNL-19-No|ref63|pass_single_dominant          31.10%    passed     93.36%
1608  ORNL-6-1-No|ref63|pass_single_dominant         24.98%    failed      0.32%
1609  ORNL-9-1-Rh|ref63|pass_single_dominant         28.56%    passed     82.64%
1610  ORNL-9-1-Ro|ref63|pass_single_dominant         18.57%    passed     79.34%
1611  OSBS-106-1-Rh|ref63|pass_single_dominant       17.34%    passed     65.46%
1612  OSBS-109-4-Rh|ref63|pass_single_dominant       29.31%    passed     47.82%
1613  OSBS-12-1-Ro|ref63|pass_single_dominant        16.31%    passed     68.92%
1614  OSBS-14-3-No|ref63|pass_single_dominant        15.74%    passed     96.88%
1615  OSBS-2-3-Rh|ref63|pass_single_dominant         24.60%    passed     71.49%
1616  OSBS-20-1-Ro|ref63|pass_single_dominant        25.92%    passed     73.94%
1617  OSBS-21-2-Rh|ref63|pass_single_dominant        24.51%    passed     40.64%
1618  OSBS-28-1-No|ref63|pass_single_dominant        22.43%    passed     89.40%
1619  OSBS-32-1-Rh|ref63|pass_single_dominant        18.66%    passed     94.10%
1620  OSBS-34-1-Ro|ref63|pass_single_dominant        16.02%    passed     79.23%
1621  OSBS-35-2-Rh|ref63|pass_single_dominant        21.87%    passed     94.02%
1622  OSBS-35-2-Ro|ref63|pass_single_dominant        16.68%    passed     91.82%
1623  OSBS-36-1-No|ref63|pass_single_dominant        19.70%    passed     67.82%
1624  OSBS-36-4-Rh|ref63|pass_single_dominant        16.59%    passed     88.12%
1625  OSBS-36-4-Ro|ref63|pass_single_dominant        18.19%    passed     83.70%
1626  OSBS-37-1-No|ref63|pass_single_dominant        15.74%    passed     93.12%
1627  OSBS-38-1-No|ref63|pass_single_dominant        15.74%    passed     87.63%
1628  OSBS-38-2-Ro|ref63|pass_single_dominant        17.44%    passed     72.59%
1629  OSBS-44-1-Ro|ref63|pass_single_dominant        26.96%    passed     86.90%
1630  OSBS-5-5-Rh|ref63|pass_single_dominant         15.74%    passed     93.49%
1631  OSBS-5-5-Ro|ref63|pass_single_dominant         24.41%    passed     81.74%
1632  OSBS-55-1-Ro|ref63|pass_single_dominant        21.87%    passed     91.60%
1633  OSBS-58-1-No|ref63|pass_single_dominant        27.24%    passed     93.18%
1634  OSBS-59-1-Rh|ref63|pass_single_dominant        22.81%    passed     98.76%
1635  OSBS-6-1-No|ref63|pass_single_dominant         16.12%    passed     80.18%
1636  OSBS-67-1-No|ref63|pass_single_dominant        28.09%    passed     77.38%
1637  OSBS-68-1-No|ref63|pass_single_dominant        17.72%    passed     91.96%
1638  OSBS-69-1-Rh|ref63|pass_single_dominant        18.28%    passed     96.33%
1639  OSBS-69-1-Ro|ref63|pass_single_dominant        16.59%    passed     98.92%
1640  OSBS-73-2-Ro|ref63|pass_single_dominant        30.44%    passed     83.88%
1641  OSBS-8-5-No|ref63|pass_single_dominant         19.79%    passed     81.73%
1642  OSBS-8-5-Ro|ref63|pass_single_dominant         16.12%    passed     82.59%
1643  OSBS-81-1-Rh|ref63|pass_single_dominant        21.58%    passed     88.03%
1644  OSBS-82-1-Ro|ref63|pass_single_dominant        28.84%    passed     79.96%
1645  OSBS-84-1-No|ref63|pass_single_dominant        25.26%    passed     98.23%
1646  OSBS-84-1-Ro|ref63|pass_single_dominant        20.17%    passed     88.34%
1647  OSBS-88-1-Ro|ref63|pass_single_dominant        18.00%    passed     78.50%
1648  OSBS-91-1-No|ref63|pass_single_dominant        19.51%    passed     88.08%
1649  OSBS-95-3-Ro|ref63|pass_single_dominant        17.53%    passed     50.59%
1650  OSBS-97-2-Rh|ref63|pass_single_dominant        23.19%    passed     99.26%
1651  RMNP-1-No|ref63|pass_single_dominant           15.74%    passed     89.83%
1652  RMNP-1-Rh|ref63|pass_single_dominant           20.74%    passed     76.11%
1653  RMNP-2-No|ref63|pass_single_dominant           17.44%    passed     90.94%
1654  RMNP-2-Rh|ref63|pass_single_dominant           17.72%    passed     91.52%
1655  RMNP-2-Ro|ref63|pass_single_dominant           18.38%    passed     95.20%
1656  RMNP-3-No|ref63|pass_single_dominant           19.04%    passed     93.86%
1657  RMNP-3-Ro|ref63|pass_single_dominant           26.86%    passed     90.24%
1658  SCBI-12-1-No|ref63|pass_single_dominant        16.49%    passed     90.61%
1659  SCBI-13-1-Rh|ref63|pass_single_dominant        24.41%    passed     76.44%
1660  SCBI-4-1-Rh|ref63|pass_single_dominant         22.71%    passed     86.06%
1661  SCBI-5-1-No|ref63|pass_single_dominant         15.74%    passed     97.71%
1662  SERC-5-1-No|ref63|pass_single_dominant         16.12%    passed     80.22%
1663  SRER-1-1-No|ref63|pass_single_dominant         16.12%    passed     75.96%
1664  SRER-1-1-Rh|ref63|pass_single_dominant         15.74%    passed     76.49%
1665  SRER-10-1-No|ref63|pass_single_dominant        15.74%    passed     97.62%
1666  SRER-10-1-Rh|ref63|pass_single_dominant        15.74%    passed     81.62%
1667  SRER-12-1-Ro|ref63|pass_single_dominant        15.74%    passed     73.03%
1668  SRER-13-1-No|ref63|pass_single_dominant        15.74%    passed     82.49%
1669  SRER-13-1-Rh|ref63|pass_single_dominant        16.02%    passed     84.68%
1670  SRER-13-1-Ro|ref63|pass_single_dominant        15.93%    passed     87.96%
1671  SRER-14-1-No|ref63|pass_single_dominant        15.74%    passed     95.14%
1672  SRER-15-1-No|ref63|pass_single_dominant        15.74%    passed     81.53%
1673  SRER-15-1-Ro|ref63|pass_single_dominant        15.93%    passed     79.61%
1674  SRER-16-1-No|ref63|pass_single_dominant        15.74%    passed     82.75%
1675  SRER-17-1-No|ref63|pass_single_dominant        15.74%    passed     96.85%
1676  SRER-18-1-Rh|ref63|pass_single_dominant        15.74%    passed     97.81%
1677  SRER-18-1-Ro|ref63|pass_single_dominant        15.74%    passed     97.68%
1678  SRER-2-1-No|ref63|pass_single_dominant         16.12%    passed     81.68%
1679  SRER-2-1-Rh|ref63|pass_single_dominant         26.20%    passed     74.59%
1680  SRER-3-1-No|ref63|pass_single_dominant         15.74%    passed     99.10%
1681  SRER-3-1-Ro|ref63|pass_single_dominant         15.74%    passed     99.70%
1682  SRER-4-1-No|ref63|pass_single_dominant         15.74%    passed     82.75%
1683  SRER-5-1-Rh|ref63|pass_single_dominant         15.74%    passed     99.10%
1684  SRER-6-1-No|ref63|pass_single_dominant         15.74%    passed     99.10%
1685  SRER-6-1-Rh|ref63|pass_single_dominant         20.64%    passed     85.86%
1686  SRER-6-1-Ro|ref63|pass_single_dominant         15.74%    passed     99.92%
1687  SRER-7-1-No|ref63|pass_single_dominant         15.74%    passed     97.60%
1688  SRER-7-1-Rh|ref63|pass_single_dominant         15.74%    passed     98.57%
1689  SRER-8-1-No|ref63|pass_single_dominant         15.74%    passed     77.11%
1690  SRER-8-1-Ro|ref63|pass_single_dominant         16.12%    passed     97.52%
1691  SRER-9-1-Ro|ref63|pass_single_dominant         15.74%    passed     91.53%
1692  TALL-12-2-No|ref63|pass_single_dominant        25.92%    passed     31.91%
1693  TALL-13-3-No|ref63|pass_single_dominant        16.40%    passed     99.47%
1694  TALL-13-3-Ro|ref63|pass_single_dominant        22.71%    passed     94.70%
1695  TALL-15-2-No|ref63|pass_single_dominant        17.72%    passed     52.57%
1696  TALL-15-2-Rh|ref63|pass_single_dominant        25.35%    passed     88.63%
1697  TALL-15-2-Ro|ref63|pass_single_dominant        18.38%    passed     59.63%
1698  TALL-16-Rh|ref63|pass_single_dominant          26.39%    passed     92.97%
1699  TALL-16-Ro|ref63|pass_single_dominant          30.73%    passed     37.99%
1700  TALL-19-2-No|ref63|pass_single_dominant        28.09%    passed     81.09%
1701  TALL-2-3-Rh|ref63|pass_single_dominant         29.69%    passed     85.30%
1702  TALL-24-2-No|ref63|pass_single_dominant        16.21%    passed     74.90%
1703  TALL-24-2-Ro|ref63|pass_single_dominant        18.57%    passed     61.44%
1704  TALL-25-2-Ro|ref63|pass_single_dominant        21.96%    passed     59.15%
1705  TALL-28-1-Ro|ref63|pass_single_dominant        19.70%    passed     73.12%
1706  TALL-29-3-Ro|ref63|pass_single_dominant        20.17%    passed     81.71%
1707  TALL-31-1-No|ref63|pass_single_dominant        27.14%    passed     51.26%
1708  TALL-40-1-Ro|ref63|pass_single_dominant        28.09%    passed     49.07%
1709  TALL-44-1-No|ref63|pass_single_dominant        18.47%    passed     81.09%
1710  TALL-46-2-No|ref63|pass_single_dominant        23.75%    passed     74.45%
1711  TALL-48-2-No|ref63|pass_single_dominant        24.41%    failed      0.59%
1712  TALL-52-1-No|ref63|pass_single_dominant        18.10%    passed     74.31%
1713  TALL-53-3-No|ref63|pass_single_dominant        25.07%    passed     71.12%
1714  TALL-53-3-Ro|ref63|pass_single_dominant        24.22%    passed     50.37%
1715  TALL-55-1-No|ref63|pass_single_dominant        24.32%    passed     68.25%
1716  TALL-59-1-No|ref63|pass_single_dominant        23.66%    passed     32.72%
1717  TALL-64-1-No|ref63|pass_single_dominant        15.83%    passed     93.84%
1718  TALL-64-1-Ro|ref63|pass_single_dominant        18.00%    passed     85.23%
1719  TALL-66-2-No|ref63|pass_single_dominant        23.94%    passed     60.90%
1720  TALL-7-2-No|ref63|pass_single_dominant         26.96%    passed     83.08%
1721  TALL-73-2-No|ref63|pass_single_dominant        18.19%    passed     89.19%
1722  TALL-74-3-No|ref63|pass_single_dominant        16.59%    passed     98.45%
1723  TALL-74-3-Ro|ref63|pass_single_dominant        18.10%    passed     83.00%
1724  TALL-75-2-No|ref63|pass_single_dominant        23.09%    passed     60.07%
1725  TALL-76-3-No|ref63|pass_single_dominant        21.11%    passed     63.91%
1726  TALL-78-2-No|ref63|pass_single_dominant        24.88%    passed     80.60%
1727  TALL-8-2-Rh|ref63|pass_single_dominant         31.48%    passed     63.80%
1728  TALL-85-1-Ro|ref63|pass_single_dominant        25.64%    passed     90.24%
1729  TALL-88-1-Ro|ref63|pass_single_dominant        18.47%    passed     96.28%
1730  TALL-90-1-No|ref63|pass_single_dominant        21.68%    passed     94.74%
1731  TOOL-10-Rh|ref63|pass_single_dominant          15.74%    passed     98.45%
1732  TOOL-10-Ro|ref63|pass_single_dominant          17.81%    passed     96.69%
1733  TOOL-11-Ro|ref63|pass_single_dominant          21.02%    passed     98.90%
1734  TOOL-12-Rh|ref63|pass_single_dominant          30.91%    passed     74.67%
1735  TOOL-12-Ro|ref63|pass_single_dominant          17.81%    passed     98.29%
1736  TOOL-13-Rh|ref63|pass_single_dominant          32.14%    passed     76.24%
1737  TOOL-14-No|ref63|pass_single_dominant          15.74%    passed     99.87%
1738  TOOL-14-Rh|ref63|pass_single_dominant          17.44%    passed     96.97%
1739  TOOL-15-No|ref63|pass_single_dominant          15.74%    passed     98.18%
1740  TOOL-15-Ro|ref63|pass_single_dominant          21.39%    passed     92.36%
1741  TOOL-16-No|ref63|pass_single_dominant          17.34%    passed     98.51%
1742  TOOL-16-Ro|ref63|pass_single_dominant          26.67%    passed     90.26%
1743  TOOL-17-Rh|ref63|pass_single_dominant          15.74%    passed     97.55%
1744  TOOL-18-No|ref63|pass_single_dominant          20.55%    passed     85.87%
1745  TOOL-18-Ro|ref63|pass_single_dominant          21.68%    passed     94.63%
1746  TOOL-19-Rh|ref63|pass_single_dominant          26.39%    passed     89.66%
1747  TOOL-2-No|ref63|pass_single_dominant           21.39%    passed     97.34%
1748  TOOL-20-No|ref63|pass_single_dominant          23.28%    passed     77.57%
1749  TOOL-20-Rh|ref63|pass_single_dominant          15.74%    passed     97.82%
1750  TOOL-20-Ro|ref63|pass_single_dominant          21.87%    passed     73.03%
1751  TOOL-21-No|ref63|pass_single_dominant          16.12%    passed     94.46%
1752  TOOL-21-Rh|ref63|pass_single_dominant          16.12%    passed     94.37%
1753  TOOL-22-No|ref63|pass_single_dominant          21.02%    passed     93.37%
1754  TOOL-22-Rh|ref63|pass_single_dominant          27.80%    passed     79.91%
1755  TOOL-23-No|ref63|pass_single_dominant          15.74%    passed     97.56%
1756  TOOL-23-Rh|ref63|pass_single_dominant          15.74%    passed     98.67%
1757  TOOL-23-Ro|ref63|pass_single_dominant          15.74%    passed     97.56%
1758  TOOL-24-No|ref63|pass_single_dominant          15.74%    passed     97.87%
1759  TOOL-24-Rh|ref63|pass_single_dominant          15.93%    passed     96.70%
1760  TOOL-24-Ro|ref63|pass_single_dominant          21.96%    passed     94.32%
1761  TOOL-25-No|ref63|pass_single_dominant          15.74%    passed     99.10%
1762  TOOL-25-Rh|ref63|pass_single_dominant          17.81%    passed     96.79%
1763  TOOL-25-Ro|ref63|pass_single_dominant          20.26%    passed     98.28%
1764  TOOL-26-No|ref63|pass_single_dominant          15.74%    passed     98.18%
1765  TOOL-27-2-No|ref63|pass_single_dominant        15.74%    passed     98.18%
1766  TOOL-27-2-Ro|ref63|pass_single_dominant        16.49%    passed     96.03%
1767  TOOL-29-Rh|ref63|pass_single_dominant          25.16%    passed     79.77%
1768  TOOL-29-Ro|ref63|pass_single_dominant          24.22%    passed     87.39%
1769  TOOL-3-No|ref63|pass_single_dominant           28.18%    passed     85.44%
1770  TOOL-30-No|ref63|pass_single_dominant          15.83%    passed     97.73%
1771  TOOL-30-Rh|ref63|pass_single_dominant          16.12%    passed     98.22%
1772  TOOL-31-Rh|ref63|pass_single_dominant          16.12%    passed     97.93%
1773  TOOL-32-Rh|ref63|pass_single_dominant          16.68%    passed     99.61%
1774  TOOL-34-No|ref63|pass_single_dominant          16.12%    passed     88.15%
1775  TOOL-35-1-Rh|ref63|pass_single_dominant        27.14%    passed     99.94%
1776  TOOL-4-No|ref63|pass_single_dominant           17.81%    passed     92.56%
1777  TOOL-4-Ro|ref63|pass_single_dominant           23.28%    passed     83.62%
1778  TOOL-5-No|ref63|pass_single_dominant           28.84%    passed     96.70%
1779  TOOL-6-No|ref63|pass_single_dominant           19.04%    passed     89.58%
1780  TOOL-6-Ro|ref63|pass_single_dominant           15.74%    passed     99.94%
1781  TOOL-7-No|ref63|pass_single_dominant           21.68%    passed     90.80%
1782  TOOL-7-Rh|ref63|pass_single_dominant           21.30%    passed     96.55%
1783  TOOL-7-Ro|ref63|pass_single_dominant           25.54%    passed     84.93%
1784  TOOL-8-Ro|ref63|pass_single_dominant           16.12%    passed     99.18%
1785  TOOL-9-No|ref63|pass_single_dominant           15.74%    passed     99.13%
1786  TOOL-9-Rh|ref63|pass_single_dominant           28.37%    passed     82.89%
1787  TOOL-9-Ro|ref63|pass_single_dominant           16.12%    passed     99.84%
1788  UKFS-1-1-No|ref63|pass_single_dominant         30.82%    passed     70.08%
1789  UKFS-1-1-Rh|ref63|pass_single_dominant         16.49%    passed     79.12%
1790  UKFS-3-2-Rh|ref63|pass_single_dominant         24.88%    passed     82.40%
1791  UKFS-52-1-Rh|ref63|pass_single_dominant        21.49%    passed     71.98%
1792  UNDE-5-4-Ro|ref63|pass_single_dominant         25.82%    passed     88.69%
1793  WOOD-1-1-No|ref63|pass_single_dominant         19.42%    passed     98.14%
1794  WOOD-11-1-Ro|ref63|pass_single_dominant        29.41%    passed     92.18%
1795  WOOD-12-Rh|ref63|pass_single_dominant          29.78%    passed     93.58%
1796  WOOD-2-2-Rh|ref63|pass_single_dominant         27.62%    passed     65.71%
1797  WOOD-4-1-Rh|ref63|pass_single_dominant         28.65%    passed     80.21%
1798  WOOD-5-1-No|ref63|pass_single_dominant         16.87%    passed     98.87%
1799  WOOD-5-1-Rh|ref63|pass_single_dominant         18.10%    passed     99.26%
1800  WOOD-5-1-Ro|ref63|pass_single_dominant         15.93%    passed     97.57%
1801  WOOD-9-Ro|ref63|pass_single_dominant           16.12%    passed     98.14%
1802  YELL-11-No|ref63|pass_single_dominant          26.01%    passed     61.73%
****  TOTAL                                          20.94%  17 sequences failed composition chi2 test (p-value<5%; df=3)
NOTE: CLBJ-4-1-Ro|ref52|pass_single_dominant is identical to CLBJ-4-1-No|ref52|pass_single_dominant but kept for subsequent analysis
NOTE: DSNY-SEHE-60-No|ref52|pass_single_dominant is identical to DELA-1-3-Rh|ref52|pass_single_dominant but kept for subsequent analysis
NOTE: OAES-28-1-No|ref63|pass_single_dominant is identical to OAES-28-1-No|ref52|pass_single_dominant but kept for subsequent analysis
NOTE: SRER-18-1-Ro|ref52|pass_single_dominant is identical to SRER-18-1-Rh|ref52|pass_single_dominant but kept for subsequent analysis
NOTE: TALL-64-1-Ro|ref63|pass_single_dominant is identical to TALL-64-1-No|ref52|pass_single_dominant but kept for subsequent analysis
NOTE: DSNY-59-Ro|ref56|pass_single_dominant is identical to DSNY-59-No|ref56|pass_single_dominant but kept for subsequent analysis
NOTE: DSNY-78-1-No|ref56|pass_single_dominant is identical to DSNY-74-1-No|ref56|pass_single_dominant but kept for subsequent analysis
NOTE: LAJA-3-3-No|ref56|pass_single_dominant is identical to LAJA-3-2-No|ref56|pass_single_dominant but kept for subsequent analysis
NOTE: CLBJ-33-1-No|ref60|pass_single_dominant is identical to BLAN-4-2-No|ref60|pass_single_dominant but kept for subsequent analysis
NOTE: OSBS-102-1-No|ref60|pass_single_dominant is identical to BLAN-4-2-Ro|ref60|pass_single_dominant but kept for subsequent analysis
NOTE: BONA-14-Ro|ref60|pass_single_dominant is identical to BONA-11-2-No|ref60|pass_single_dominant but kept for subsequent analysis
NOTE: BONA-12-2-Rh|ref60|pass_single_dominant is identical to BONA-11-2-Rh|ref60|pass_single_dominant but kept for subsequent analysis
NOTE: HARV-2-2-Ro|ref60|pass_single_dominant is identical to BONA-13-2-Rh|ref60|pass_single_dominant but kept for subsequent analysis
NOTE: HARV-1-2-Rh|ref60|pass_single_dominant is identical to BONA-9-Ro|ref60|pass_single_dominant but kept for subsequent analysis
NOTE: JERC-11-1-Ro|ref60|pass_single_dominant is identical to CLBJ-12-2-No|ref60|pass_single_dominant but kept for subsequent analysis
NOTE: JERC-12-1-Rh|ref60|pass_single_dominant is identical to CLBJ-5-2-No|ref60|pass_single_dominant but kept for subsequent analysis
NOTE: DSNY-70-1-Rh|ref60|pass_single_dominant is identical to CLBJ-50-3-Ro|ref60|pass_single_dominant but kept for subsequent analysis
NOTE: DSNY-15-1-Ro|ref60|pass_single_dominant is identical to DCFS-2-2-Ro|ref60|pass_single_dominant but kept for subsequent analysis
NOTE: TALL-92-2-Ro|ref60|pass_single_dominant is identical to DEJU-8-1-No|ref60|pass_single_dominant but kept for subsequent analysis
NOTE: JERC-1-2-No|ref60|pass_single_dominant is identical to DSNY-36-1-Ro|ref60|pass_single_dominant but kept for subsequent analysis
NOTE: OAES-2-1-No|ref60|pass_single_dominant is identical to DSNY-5-1-Rh|ref60|pass_single_dominant but kept for subsequent analysis
NOTE: DSNY-63-Rh|ref60|pass_single_dominant is identical to DSNY-58-Rh|ref60|pass_single_dominant but kept for subsequent analysis
NOTE: JERC-8-2-Rh|ref60|pass_single_dominant is identical to JERC-10-3-Rh|ref60|pass_single_dominant but kept for subsequent analysis
NOTE: JERC-8-1-Ro|ref60|pass_single_dominant is identical to JERC-102-1-No|ref60|pass_single_dominant but kept for subsequent analysis
NOTE: JERC-89-1-No|ref60|pass_single_dominant is identical to JERC-12-1-No|ref60|pass_single_dominant but kept for subsequent analysis
NOTE: ORNL-18-1-No|ref60|pass_single_dominant is identical to JERC-173-1-No|ref60|pass_single_dominant but kept for subsequent analysis
NOTE: JERC-53-3-No|ref60|pass_single_dominant is identical to JERC-36-1-Ro|ref60|pass_single_dominant but kept for subsequent analysis
NOTE: JERC-53-3-Ro|ref60|pass_single_dominant is identical to JERC-53-1-No|ref60|pass_single_dominant but kept for subsequent analysis
NOTE: JERC-53-3-Rh|ref60|pass_single_dominant is identical to JERC-53-1-Rh|ref60|pass_single_dominant but kept for subsequent analysis
NOTE: JERC-90-1-Ro|ref60|pass_single_dominant is identical to JERC-53-2-Ro|ref60|pass_single_dominant but kept for subsequent analysis
NOTE: TALL-8-3-No|ref60|pass_single_dominant is identical to JERC-8-5-Rh|ref60|pass_single_dominant but kept for subsequent analysis
NOTE: OAES-30-1-Rh|ref60|pass_single_dominant is identical to OAES-30-1-No|ref60|pass_single_dominant but kept for subsequent analysis
NOTE: TALL-84-3-Rh|ref60|pass_single_dominant is identical to SCBI-5-1-No|ref60|pass_single_dominant but kept for subsequent analysis
NOTE: TALL-9-3-Ro|ref60|pass_single_dominant is identical to TALL-9-3-No|ref60|pass_single_dominant but kept for subsequent analysis
NOTE: BLAN-1-1-Rh|ref62|pass_single_dominant is identical to BLAN-1-1-No|ref62|pass_single_dominant but kept for subsequent analysis
NOTE: BLAN-3-1-No|ref62|pass_single_dominant is identical to BLAN-2-1-Ro|ref62|pass_single_dominant but kept for subsequent analysis
NOTE: CPER-2-No|ref62|pass_single_dominant is identical to CLBJ-18-1-Ro|ref62|pass_single_dominant but kept for subsequent analysis
NOTE: CPER-5-1-Rh|ref62|pass_single_dominant is identical to CPER-2-Rh|ref62|pass_single_dominant but kept for subsequent analysis
NOTE: DCFS-2-2-No|ref62|pass_single_dominant is identical to CPER-4-Ro|ref62|pass_single_dominant but kept for subsequent analysis
NOTE: NOGP-2-1-Rh|ref62|pass_single_dominant is identical to DCFS-7-1-Rh|ref62|pass_single_dominant but kept for subsequent analysis
NOTE: DEJU-59-No|ref62|pass_single_dominant is identical to DEJU-28-2-No|ref62|pass_single_dominant but kept for subsequent analysis
NOTE: JERC-147-Rh|ref62|pass_single_dominant is identical to DEJU-29-1-No|ref62|pass_single_dominant but kept for subsequent analysis
NOTE: RMNP-1-Rh|ref62|pass_single_dominant is identical to DEJU-63-Rh|ref62|pass_single_dominant but kept for subsequent analysis
NOTE: DSNY-15-1-Ro|ref62|pass_single_dominant is identical to DSNY-14-1-Rh|ref62|pass_single_dominant but kept for subsequent analysis
NOTE: JERC-150-Ro|ref62|pass_single_dominant is identical to JERC-149-Rh|ref62|pass_single_dominant but kept for subsequent analysis
NOTE: JERC-204-1-Ro|ref62|pass_single_dominant is identical to JERC-149-Ro|ref62|pass_single_dominant but kept for subsequent analysis
NOTE: TALL-29-3-No|ref62|pass_single_dominant is identical to NOGP-4-1-No|ref62|pass_single_dominant but kept for subsequent analysis
NOTE: OAES-25-1-Ro|ref62|pass_single_dominant is identical to OAES-22-1-Rh|ref62|pass_single_dominant but kept for subsequent analysis
NOTE: WOOD-5-1-No|ref62|pass_single_dominant is identical to TOOL-1-Ro|ref62|pass_single_dominant but kept for subsequent analysis
NOTE: WOOD-5-1-Rh|ref62|pass_single_dominant is identical to WOOD-11-1-Ro|ref62|pass_single_dominant but kept for subsequent analysis
NOTE: OAES-11-1-No|ref63|pass_single_dominant is identical to CLBJ-5-2-No|ref63|pass_single_dominant but kept for subsequent analysis
NOTE: LENO-7-2-No|ref63|pass_single_dominant is identical to DSNY-2-1-Rh|ref63|pass_single_dominant but kept for subsequent analysis
NOTE: JERC-131-No|ref63|pass_single_dominant is identical to JERC-1-2-No|ref63|pass_single_dominant but kept for subsequent analysis
NOTE: LENO-9-2-No|ref63|pass_single_dominant is identical to LENO-5-2-No|ref63|pass_single_dominant but kept for subsequent analysis
NOTE: OAES-12-2-Ro|ref63|pass_single_dominant is identical to OAES-12-2-No|ref63|pass_single_dominant but kept for subsequent analysis
NOTE: OAES-16-1-Rh|ref63|pass_single_dominant is identical to OAES-16-1-No|ref63|pass_single_dominant but kept for subsequent analysis
NOTE: OAES-7-1-Ro|ref63|pass_single_dominant is identical to OAES-7-1-No|ref63|pass_single_dominant but kept for subsequent analysis
NOTE: SRER-5-1-Rh|ref63|pass_single_dominant is identical to SRER-3-1-No|ref63|pass_single_dominant but kept for subsequent analysis
NOTE: TOOL-23-Ro|ref63|pass_single_dominant is identical to TOOL-23-No|ref63|pass_single_dominant but kept for subsequent analysis
NOTE: TOOL-27-2-No|ref63|pass_single_dominant is identical to TOOL-26-No|ref63|pass_single_dominant but kept for subsequent analysis
Checking for duplicate sequences: done in 0.0206923 secs using 2713% CPU
Identifying sites to remove: done in 0.013116 secs using 48.52% CPU
NOTE: 204 identical sequences (see below) will be ignored for subsequent analysis
NOTE: N36-4-D-Rh|ref56|pass_single_dominant (identical to DSNY-59-No|ref56|pass_single_dominant) is ignored but added at the end
NOTE: DEJU-28-1-No|ref60|pass_single_dominant (identical to BLAN-4-2-No|ref60|pass_single_dominant) is ignored but added at the end
NOTE: HARV-1-3-Rh|ref60|pass_single_dominant (identical to BLAN-4-2-No|ref60|pass_single_dominant) is ignored but added at the end
NOTE: HARV-2-2-No|ref60|pass_single_dominant (identical to BLAN-4-2-No|ref60|pass_single_dominant) is ignored but added at the end
NOTE: JERC-46-1-Ro|ref60|pass_single_dominant (identical to BLAN-4-2-No|ref60|pass_single_dominant) is ignored but added at the end
NOTE: JERC-8-1-Rh|ref60|pass_single_dominant (identical to BLAN-4-2-No|ref60|pass_single_dominant) is ignored but added at the end
NOTE: JERC-8-4-Rh|ref60|pass_single_dominant (identical to BLAN-4-2-No|ref60|pass_single_dominant) is ignored but added at the end
NOTE: JERC-87-1-Rh|ref60|pass_single_dominant (identical to BLAN-4-2-No|ref60|pass_single_dominant) is ignored but added at the end
NOTE: JERC-89-1-Rh|ref60|pass_single_dominant (identical to BLAN-4-2-No|ref60|pass_single_dominant) is ignored but added at the end
NOTE: JERC-91-1-Ro|ref60|pass_single_dominant (identical to BLAN-4-2-No|ref60|pass_single_dominant) is ignored but added at the end
NOTE: JERC-CHNI-60-3-No|ref60|pass_single_dominant (identical to BLAN-4-2-No|ref60|pass_single_dominant) is ignored but added at the end
NOTE: JERC-DEFL-31-5-No|ref60|pass_single_dominant (identical to BLAN-4-2-No|ref60|pass_single_dominant) is ignored but added at the end
NOTE: JERC-DEFL-61-3-No|ref60|pass_single_dominant (identical to BLAN-4-2-No|ref60|pass_single_dominant) is ignored but added at the end
NOTE: LENO-6-1-No|ref60|pass_single_dominant (identical to BLAN-4-2-No|ref60|pass_single_dominant) is ignored but added at the end
NOTE: OAES-35-1-Ro|ref60|pass_single_dominant (identical to BLAN-4-2-No|ref60|pass_single_dominant) is ignored but added at the end
NOTE: OSBS-52-1-Rh|ref60|pass_single_dominant (identical to BLAN-4-2-No|ref60|pass_single_dominant) is ignored but added at the end
NOTE: OSBS-52-5-Ro|ref60|pass_single_dominant (identical to BLAN-4-2-No|ref60|pass_single_dominant) is ignored but added at the end
NOTE: SERC-1-2-Ro|ref60|pass_single_dominant (identical to BLAN-4-2-No|ref60|pass_single_dominant) is ignored but added at the end
NOTE: TALL-72-3-Ro|ref60|pass_single_dominant (identical to BLAN-4-2-No|ref60|pass_single_dominant) is ignored but added at the end
NOTE: OSBS-52-5-Rh|ref60|pass_single_dominant (identical to BLAN-4-2-Ro|ref60|pass_single_dominant) is ignored but added at the end
NOTE: JERC-100-1-Rh|ref60|pass_single_dominant (identical to BONA-11-2-No|ref60|pass_single_dominant) is ignored but added at the end
NOTE: JERC-100-1-Ro|ref60|pass_single_dominant (identical to BONA-11-2-No|ref60|pass_single_dominant) is ignored but added at the end
NOTE: JERC-203-1-No|ref60|pass_single_dominant (identical to BONA-11-2-No|ref60|pass_single_dominant) is ignored but added at the end
NOTE: JERC-36-1-No|ref60|pass_single_dominant (identical to BONA-11-2-No|ref60|pass_single_dominant) is ignored but added at the end
NOTE: JERC-DEST-68-4-No|ref60|pass_single_dominant (identical to BONA-11-2-No|ref60|pass_single_dominant) is ignored but added at the end
NOTE: OSBS-52-3-Ro|ref60|pass_single_dominant (identical to BONA-11-2-No|ref60|pass_single_dominant) is ignored but added at the end
NOTE: TALL-73-3-Ro|ref60|pass_single_dominant (identical to BONA-11-2-No|ref60|pass_single_dominant) is ignored but added at the end
NOTE: TOOL-34-Ro|ref60|pass_single_dominant (identical to BONA-11-2-No|ref60|pass_single_dominant) is ignored but added at the end
NOTE: JERC-8-4-No|ref60|pass_single_dominant (identical to BONA-11-2-Rh|ref60|pass_single_dominant) is ignored but added at the end
NOTE: SERC-2-2-Ro|ref60|pass_single_dominant (identical to BONA-13-2-Rh|ref60|pass_single_dominant) is ignored but added at the end
NOTE: OAES-10-1-Ro|ref60|pass_single_dominant (identical to CLBJ-12-2-No|ref60|pass_single_dominant) is ignored but added at the end
NOTE: OAES-23-1-Ro|ref60|pass_single_dominant (identical to CLBJ-5-2-No|ref60|pass_single_dominant) is ignored but added at the end
NOTE: DSNY-CLFR-60-Rh|ref60|pass_single_dominant (identical to CLBJ-50-3-Ro|ref60|pass_single_dominant) is ignored but added at the end
NOTE: JERC-123-Rh|ref60|pass_single_dominant (identical to CLBJ-50-3-Ro|ref60|pass_single_dominant) is ignored but added at the end
NOTE: KONA-3-1-Ro|ref60|pass_single_dominant (identical to CLBJ-50-3-Ro|ref60|pass_single_dominant) is ignored but added at the end
NOTE: KONZ-13-1-Rh|ref60|pass_single_dominant (identical to CLBJ-50-3-Ro|ref60|pass_single_dominant) is ignored but added at the end
NOTE: KONZ-14-1-Rh|ref60|pass_single_dominant (identical to CLBJ-50-3-Ro|ref60|pass_single_dominant) is ignored but added at the end
NOTE: KONZ-16-2-No|ref60|pass_single_dominant (identical to CLBJ-50-3-Ro|ref60|pass_single_dominant) is ignored but added at the end
NOTE: OAES-12-2-No|ref60|pass_single_dominant (identical to CLBJ-50-3-Ro|ref60|pass_single_dominant) is ignored but added at the end
NOTE: SRER-11-1-Ro|ref60|pass_single_dominant (identical to CLBJ-50-3-Ro|ref60|pass_single_dominant) is ignored but added at the end
NOTE: UKFS-1-1-Ro|ref60|pass_single_dominant (identical to CLBJ-50-3-Ro|ref60|pass_single_dominant) is ignored but added at the end
NOTE: UKFS-52-1-Rh|ref60|pass_single_dominant (identical to CLBJ-50-3-Ro|ref60|pass_single_dominant) is ignored but added at the end
NOTE: JERC-13-3-No|ref60|pass_single_dominant (identical to DCFS-2-2-Ro|ref60|pass_single_dominant) is ignored but added at the end
NOTE: JERC-13-3-Rh|ref60|pass_single_dominant (identical to DCFS-2-2-Ro|ref60|pass_single_dominant) is ignored but added at the end
NOTE: JERC-6-3-Rh|ref60|pass_single_dominant (identical to DCFS-2-2-Ro|ref60|pass_single_dominant) is ignored but added at the end
NOTE: JERC-7-2-Rh|ref60|pass_single_dominant (identical to DCFS-2-2-Ro|ref60|pass_single_dominant) is ignored but added at the end
NOTE: JORN-1-Ro|ref60|pass_single_dominant (identical to DCFS-2-2-Ro|ref60|pass_single_dominant) is ignored but added at the end
NOTE: JERC-11-1-Rh|ref60|pass_single_dominant (identical to DSNY-36-1-Ro|ref60|pass_single_dominant) is ignored but added at the end
NOTE: JERC-23-1-Rh|ref60|pass_single_dominant (identical to DSNY-36-1-Ro|ref60|pass_single_dominant) is ignored but added at the end
NOTE: JERC-6-3-No|ref60|pass_single_dominant (identical to DSNY-36-1-Ro|ref60|pass_single_dominant) is ignored but added at the end
NOTE: JERC-7-2-Ro|ref60|pass_single_dominant (identical to DSNY-36-1-Ro|ref60|pass_single_dominant) is ignored but added at the end
NOTE: JERC-DEST-32-1-No|ref60|pass_single_dominant (identical to DSNY-36-1-Ro|ref60|pass_single_dominant) is ignored but added at the end
NOTE: JERC-RHRE-55-1-Rh|ref60|pass_single_dominant (identical to DSNY-36-1-Ro|ref60|pass_single_dominant) is ignored but added at the end
NOTE: KONZ-6-1-Ro|ref60|pass_single_dominant (identical to DSNY-36-1-Ro|ref60|pass_single_dominant) is ignored but added at the end
NOTE: OAES-10-1-Rh|ref60|pass_single_dominant (identical to DSNY-36-1-Ro|ref60|pass_single_dominant) is ignored but added at the end
NOTE: OAES-11-1-Rh|ref60|pass_single_dominant (identical to DSNY-36-1-Ro|ref60|pass_single_dominant) is ignored but added at the end
NOTE: OAES-12-2-Rh|ref60|pass_single_dominant (identical to DSNY-36-1-Ro|ref60|pass_single_dominant) is ignored but added at the end
NOTE: OAES-17-No|ref60|pass_single_dominant (identical to DSNY-36-1-Ro|ref60|pass_single_dominant) is ignored but added at the end
NOTE: OAES-33-1-No|ref60|pass_single_dominant (identical to DSNY-36-1-Ro|ref60|pass_single_dominant) is ignored but added at the end
NOTE: OAES-9-1-No|ref60|pass_single_dominant (identical to DSNY-36-1-Ro|ref60|pass_single_dominant) is ignored but added at the end
NOTE: OSBS-6-1-No|ref60|pass_single_dominant (identical to DSNY-36-1-Ro|ref60|pass_single_dominant) is ignored but added at the end
NOTE: SRER-18-1-No|ref60|pass_single_dominant (identical to DSNY-36-1-Ro|ref60|pass_single_dominant) is ignored but added at the end
NOTE: DSNY-71-1-Rh|ref60|pass_single_dominant (identical to DSNY-58-Rh|ref60|pass_single_dominant) is ignored but added at the end
NOTE: HARV-4-1-Ro|ref60|pass_single_dominant (identical to DSNY-58-Rh|ref60|pass_single_dominant) is ignored but added at the end
NOTE: JERC-12-1-Ro|ref60|pass_single_dominant (identical to DSNY-58-Rh|ref60|pass_single_dominant) is ignored but added at the end
NOTE: JERC-138-Ro|ref60|pass_single_dominant (identical to DSNY-58-Rh|ref60|pass_single_dominant) is ignored but added at the end
NOTE: JERC-144-No|ref60|pass_single_dominant (identical to DSNY-58-Rh|ref60|pass_single_dominant) is ignored but added at the end
NOTE: JERC-161-No|ref60|pass_single_dominant (identical to DSNY-58-Rh|ref60|pass_single_dominant) is ignored but added at the end
NOTE: JERC-172-2-No|ref60|pass_single_dominant (identical to DSNY-58-Rh|ref60|pass_single_dominant) is ignored but added at the end
NOTE: JERC-177-Ro|ref60|pass_single_dominant (identical to DSNY-58-Rh|ref60|pass_single_dominant) is ignored but added at the end
NOTE: JERC-99-1-Rh|ref60|pass_single_dominant (identical to DSNY-58-Rh|ref60|pass_single_dominant) is ignored but added at the end
NOTE: KONZ-13-1-No|ref60|pass_single_dominant (identical to DSNY-58-Rh|ref60|pass_single_dominant) is ignored but added at the end
NOTE: KONZ-13-1-Ro|ref60|pass_single_dominant (identical to DSNY-58-Rh|ref60|pass_single_dominant) is ignored but added at the end
NOTE: KONZ-14-1-Ro|ref60|pass_single_dominant (identical to DSNY-58-Rh|ref60|pass_single_dominant) is ignored but added at the end
NOTE: KONZ-15-1-Ro|ref60|pass_single_dominant (identical to DSNY-58-Rh|ref60|pass_single_dominant) is ignored but added at the end
NOTE: KONZ-16-1-Rh|ref60|pass_single_dominant (identical to DSNY-58-Rh|ref60|pass_single_dominant) is ignored but added at the end
NOTE: KONZ-16-1-Ro|ref60|pass_single_dominant (identical to DSNY-58-Rh|ref60|pass_single_dominant) is ignored but added at the end
NOTE: ORNL-20-1-No|ref60|pass_single_dominant (identical to DSNY-58-Rh|ref60|pass_single_dominant) is ignored but added at the end
NOTE: OSBS-106-1-Rh|ref60|pass_single_dominant (identical to DSNY-58-Rh|ref60|pass_single_dominant) is ignored but added at the end
NOTE: OSBS-110-1-Rh|ref60|pass_single_dominant (identical to DSNY-58-Rh|ref60|pass_single_dominant) is ignored but added at the end
NOTE: OSBS-34-1-Ro|ref60|pass_single_dominant (identical to DSNY-58-Rh|ref60|pass_single_dominant) is ignored but added at the end
NOTE: OSBS-36-4-Ro|ref60|pass_single_dominant (identical to DSNY-58-Rh|ref60|pass_single_dominant) is ignored but added at the end
NOTE: SRER-16-1-Ro|ref60|pass_single_dominant (identical to DSNY-58-Rh|ref60|pass_single_dominant) is ignored but added at the end
NOTE: UKFS-1-1-Rh|ref60|pass_single_dominant (identical to DSNY-58-Rh|ref60|pass_single_dominant) is ignored but added at the end
NOTE: UKFS-52-1-Ro|ref60|pass_single_dominant (identical to DSNY-58-Rh|ref60|pass_single_dominant) is ignored but added at the end
NOTE: JERC-8-4-Ro|ref60|pass_single_dominant (identical to JERC-102-1-No|ref60|pass_single_dominant) is ignored but added at the end
NOTE: OSBS-MOCE-52-4-Rh|ref60|pass_single_dominant (identical to JERC-102-1-No|ref60|pass_single_dominant) is ignored but added at the end
NOTE: TALL-90-2-Rh|ref60|pass_single_dominant (identical to JERC-102-1-No|ref60|pass_single_dominant) is ignored but added at the end
NOTE: JERC-89-1-Ro|ref60|pass_single_dominant (identical to JERC-12-1-No|ref60|pass_single_dominant) is ignored but added at the end
NOTE: JERC-53-5-No|ref60|pass_single_dominant (identical to JERC-36-1-Ro|ref60|pass_single_dominant) is ignored but added at the end
NOTE: JERC-8-5-No|ref60|pass_single_dominant (identical to JERC-36-1-Ro|ref60|pass_single_dominant) is ignored but added at the end
NOTE: JERC-88-1-Ro|ref60|pass_single_dominant (identical to JERC-36-1-Ro|ref60|pass_single_dominant) is ignored but added at the end
NOTE: JERC-CEAM-53-4-Ro|ref60|pass_single_dominant (identical to JERC-36-1-Ro|ref60|pass_single_dominant) is ignored but added at the end
NOTE: SERC-1-2-Rh|ref60|pass_single_dominant (identical to JERC-36-1-Ro|ref60|pass_single_dominant) is ignored but added at the end
NOTE: ORNL-1-2-Rh|ref60|pass_single_dominant (identical to OAES-30-1-No|ref60|pass_single_dominant) is ignored but added at the end
NOTE: ORNL-3-2-Rh|ref60|pass_single_dominant (identical to OAES-30-1-No|ref60|pass_single_dominant) is ignored but added at the end
NOTE: ORNL-5-3-Rh|ref60|pass_single_dominant (identical to OAES-30-1-No|ref60|pass_single_dominant) is ignored but added at the end
NOTE: OSBS-52-1-No|ref60|pass_single_dominant (identical to OAES-30-1-No|ref60|pass_single_dominant) is ignored but added at the end
NOTE: TALL-44-1-Ro|ref60|pass_single_dominant (identical to OAES-30-1-No|ref60|pass_single_dominant) is ignored but added at the end
NOTE: TALL-82-2-Ro|ref60|pass_single_dominant (identical to OAES-30-1-No|ref60|pass_single_dominant) is ignored but added at the end
NOTE: TALL-84-2-Ro|ref60|pass_single_dominant (identical to OAES-30-1-No|ref60|pass_single_dominant) is ignored but added at the end
NOTE: TOOL-17-Rh|ref60|pass_single_dominant (identical to OAES-30-1-No|ref60|pass_single_dominant) is ignored but added at the end
NOTE: TOOL-11-No|ref60|pass_single_dominant (identical to SCBI-5-1-No|ref60|pass_single_dominant) is ignored but added at the end
NOTE: BLAN-3-1-Ro|ref62|pass_single_dominant (identical to BLAN-2-1-Ro|ref62|pass_single_dominant) is ignored but added at the end
NOTE: BLAN-4-1-No|ref62|pass_single_dominant (identical to BLAN-2-1-Ro|ref62|pass_single_dominant) is ignored but added at the end
NOTE: BLAN-4-1-Ro|ref62|pass_single_dominant (identical to BLAN-2-1-Ro|ref62|pass_single_dominant) is ignored but added at the end
NOTE: CLBJ-40-1-Ro|ref62|pass_single_dominant (identical to BLAN-2-1-Ro|ref62|pass_single_dominant) is ignored but added at the end
NOTE: CPER-2-Ro|ref62|pass_single_dominant (identical to BLAN-2-1-Ro|ref62|pass_single_dominant) is ignored but added at the end
NOTE: CPER-3-1-No|ref62|pass_single_dominant (identical to BLAN-2-1-Ro|ref62|pass_single_dominant) is ignored but added at the end
NOTE: CPER-3-1-Rh|ref62|pass_single_dominant (identical to BLAN-2-1-Ro|ref62|pass_single_dominant) is ignored but added at the end
NOTE: CPER-3-1-Ro|ref62|pass_single_dominant (identical to BLAN-2-1-Ro|ref62|pass_single_dominant) is ignored but added at the end
NOTE: CPER-4-No|ref62|pass_single_dominant (identical to BLAN-2-1-Ro|ref62|pass_single_dominant) is ignored but added at the end
NOTE: CPER-5-1-Ro|ref62|pass_single_dominant (identical to BLAN-2-1-Ro|ref62|pass_single_dominant) is ignored but added at the end
NOTE: DCFS-6-1-No|ref62|pass_single_dominant (identical to BLAN-2-1-Ro|ref62|pass_single_dominant) is ignored but added at the end
NOTE: DSNY-91-1-Rh|ref62|pass_single_dominant (identical to BLAN-2-1-Ro|ref62|pass_single_dominant) is ignored but added at the end
NOTE: HEAL-7-1-Ro|ref62|pass_single_dominant (identical to BLAN-2-1-Ro|ref62|pass_single_dominant) is ignored but added at the end
NOTE: NOGP-2-1-No|ref62|pass_single_dominant (identical to BLAN-2-1-Ro|ref62|pass_single_dominant) is ignored but added at the end
NOTE: NOGP-2-1-Ro|ref62|pass_single_dominant (identical to BLAN-2-1-Ro|ref62|pass_single_dominant) is ignored but added at the end
NOTE: OAES-36-2-No|ref62|pass_single_dominant (identical to BLAN-2-1-Ro|ref62|pass_single_dominant) is ignored but added at the end
NOTE: OSBS-106-1-Ro|ref62|pass_single_dominant (identical to BLAN-2-1-Ro|ref62|pass_single_dominant) is ignored but added at the end
NOTE: OSBS-99-Ro|ref62|pass_single_dominant (identical to BLAN-2-1-Ro|ref62|pass_single_dominant) is ignored but added at the end
NOTE: SCBI-12-1-No|ref62|pass_single_dominant (identical to BLAN-2-1-Ro|ref62|pass_single_dominant) is ignored but added at the end
NOTE: SCBI-2-1-No|ref62|pass_single_dominant (identical to BLAN-2-1-Ro|ref62|pass_single_dominant) is ignored but added at the end
NOTE: SCBI-3-1-Ro|ref62|pass_single_dominant (identical to BLAN-2-1-Ro|ref62|pass_single_dominant) is ignored but added at the end
NOTE: SCBI-8-2-Ro|ref62|pass_single_dominant (identical to BLAN-2-1-Ro|ref62|pass_single_dominant) is ignored but added at the end
NOTE: SERC-3-1-Ro|ref62|pass_single_dominant (identical to BLAN-2-1-Ro|ref62|pass_single_dominant) is ignored but added at the end
NOTE: TALL-24-2-No|ref62|pass_single_dominant (identical to BLAN-2-1-Ro|ref62|pass_single_dominant) is ignored but added at the end
NOTE: TALL-92-1-Ro|ref62|pass_single_dominant (identical to BLAN-2-1-Ro|ref62|pass_single_dominant) is ignored but added at the end
NOTE: TEAK-3-1-Ro|ref62|pass_single_dominant (identical to BLAN-2-1-Ro|ref62|pass_single_dominant) is ignored but added at the end
NOTE: WOOD-10-1-No|ref62|pass_single_dominant (identical to BLAN-2-1-Ro|ref62|pass_single_dominant) is ignored but added at the end
NOTE: CPER-5-1-No|ref62|pass_single_dominant (identical to CLBJ-18-1-Ro|ref62|pass_single_dominant) is ignored but added at the end
NOTE: DCFS-6-1-Ro|ref62|pass_single_dominant (identical to CLBJ-18-1-Ro|ref62|pass_single_dominant) is ignored but added at the end
NOTE: DCFS-7-1-Ro|ref62|pass_single_dominant (identical to CLBJ-18-1-Ro|ref62|pass_single_dominant) is ignored but added at the end
NOTE: DCFS-8-1-No|ref62|pass_single_dominant (identical to CLBJ-18-1-Ro|ref62|pass_single_dominant) is ignored but added at the end
NOTE: DCFS-8-1-Ro|ref62|pass_single_dominant (identical to CLBJ-18-1-Ro|ref62|pass_single_dominant) is ignored but added at the end
NOTE: DSNY-36-1-Ro|ref62|pass_single_dominant (identical to CLBJ-18-1-Ro|ref62|pass_single_dominant) is ignored but added at the end
NOTE: DSNY-5-1-Rh|ref62|pass_single_dominant (identical to CLBJ-18-1-Ro|ref62|pass_single_dominant) is ignored but added at the end
NOTE: JERC-RHRE-55-1-Rh|ref62|pass_single_dominant (identical to CLBJ-18-1-Ro|ref62|pass_single_dominant) is ignored but added at the end
NOTE: OAES-2-1-No|ref62|pass_single_dominant (identical to CLBJ-18-1-Ro|ref62|pass_single_dominant) is ignored but added at the end
NOTE: OAES-2-1-Ro|ref62|pass_single_dominant (identical to CLBJ-18-1-Ro|ref62|pass_single_dominant) is ignored but added at the end
NOTE: OAES-3-1-Ro|ref62|pass_single_dominant (identical to CLBJ-18-1-Ro|ref62|pass_single_dominant) is ignored but added at the end
NOTE: OAES-5-Ro|ref62|pass_single_dominant (identical to CLBJ-18-1-Ro|ref62|pass_single_dominant) is ignored but added at the end
NOTE: OAES_19-2-Ro|ref62|pass_single_dominant (identical to CLBJ-18-1-Ro|ref62|pass_single_dominant) is ignored but added at the end
NOTE: SCBI-2-1-Rh|ref62|pass_single_dominant (identical to CLBJ-18-1-Ro|ref62|pass_single_dominant) is ignored but added at the end
NOTE: TALL-28-1-Ro|ref62|pass_single_dominant (identical to CLBJ-18-1-Ro|ref62|pass_single_dominant) is ignored but added at the end
NOTE: TALL-29-3-Rh|ref62|pass_single_dominant (identical to CLBJ-18-1-Ro|ref62|pass_single_dominant) is ignored but added at the end
NOTE: WOOD-12-Rh|ref62|pass_single_dominant (identical to CLBJ-18-1-Ro|ref62|pass_single_dominant) is ignored but added at the end
NOTE: WOOD-8-No|ref62|pass_single_dominant (identical to CLBJ-18-1-Ro|ref62|pass_single_dominant) is ignored but added at the end
NOTE: WOOD-8-Ro|ref62|pass_single_dominant (identical to CLBJ-18-1-Ro|ref62|pass_single_dominant) is ignored but added at the end
NOTE: DCFS-5-1-No|ref62|pass_single_dominant (identical to CPER-2-Rh|ref62|pass_single_dominant) is ignored but added at the end
NOTE: JERC-2-1-Ro|ref62|pass_single_dominant (identical to CPER-2-Rh|ref62|pass_single_dominant) is ignored but added at the end
NOTE: JORN-3-1-Rh|ref62|pass_single_dominant (identical to CPER-2-Rh|ref62|pass_single_dominant) is ignored but added at the end
NOTE: KONZ-1-Rh|ref62|pass_single_dominant (identical to CPER-2-Rh|ref62|pass_single_dominant) is ignored but added at the end
NOTE: NOGP-3-2-No|ref62|pass_single_dominant (identical to CPER-2-Rh|ref62|pass_single_dominant) is ignored but added at the end
NOTE: NOGP-3-2-Ro|ref62|pass_single_dominant (identical to CPER-2-Rh|ref62|pass_single_dominant) is ignored but added at the end
NOTE: NOGP-4-1-Ro|ref62|pass_single_dominant (identical to CPER-2-Rh|ref62|pass_single_dominant) is ignored but added at the end
NOTE: NOGP-5-2-No|ref62|pass_single_dominant (identical to CPER-2-Rh|ref62|pass_single_dominant) is ignored but added at the end
NOTE: NOGP-6-3-No|ref62|pass_single_dominant (identical to CPER-2-Rh|ref62|pass_single_dominant) is ignored but added at the end
NOTE: NOGP-6-3-Ro|ref62|pass_single_dominant (identical to CPER-2-Rh|ref62|pass_single_dominant) is ignored but added at the end
NOTE: OAES-36-3-No|ref62|pass_single_dominant (identical to CPER-2-Rh|ref62|pass_single_dominant) is ignored but added at the end
NOTE: OAES-36-3-Rh|ref62|pass_single_dominant (identical to CPER-2-Rh|ref62|pass_single_dominant) is ignored but added at the end
NOTE: OAES_19-2-No|ref62|pass_single_dominant (identical to CPER-2-Rh|ref62|pass_single_dominant) is ignored but added at the end
NOTE: OAES_19-2-Rh|ref62|pass_single_dominant (identical to CPER-2-Rh|ref62|pass_single_dominant) is ignored but added at the end
NOTE: OSBS-102-1-No|ref62|pass_single_dominant (identical to CPER-2-Rh|ref62|pass_single_dominant) is ignored but added at the end
NOTE: OSBS-36-1-No|ref62|pass_single_dominant (identical to CPER-2-Rh|ref62|pass_single_dominant) is ignored but added at the end
NOTE: OSBS-37-1-No|ref62|pass_single_dominant (identical to CPER-2-Rh|ref62|pass_single_dominant) is ignored but added at the end
NOTE: SCBI-1-1-Ro|ref62|pass_single_dominant (identical to CPER-2-Rh|ref62|pass_single_dominant) is ignored but added at the end
NOTE: TEAK-1-2-Ro|ref62|pass_single_dominant (identical to CPER-2-Rh|ref62|pass_single_dominant) is ignored but added at the end
NOTE: TOOL-17-Ro|ref62|pass_single_dominant (identical to CPER-2-Rh|ref62|pass_single_dominant) is ignored but added at the end
NOTE: WOOD-1-1-Ro|ref62|pass_single_dominant (identical to CPER-2-Rh|ref62|pass_single_dominant) is ignored but added at the end
NOTE: WOOD-11-1-No|ref62|pass_single_dominant (identical to CPER-2-Rh|ref62|pass_single_dominant) is ignored but added at the end
NOTE: WOOD-3-2-No|ref62|pass_single_dominant (identical to CPER-2-Rh|ref62|pass_single_dominant) is ignored but added at the end
NOTE: DCFS-2-2-Rh|ref62|pass_single_dominant (identical to CPER-4-Ro|ref62|pass_single_dominant) is ignored but added at the end
NOTE: DELA-26-3-Ro|ref62|pass_single_dominant (identical to CPER-4-Ro|ref62|pass_single_dominant) is ignored but added at the end
NOTE: LENO-15-2-No|ref62|pass_single_dominant (identical to CPER-4-Ro|ref62|pass_single_dominant) is ignored but added at the end
NOTE: NIWO-2-Rh|ref62|pass_single_dominant (identical to CPER-4-Ro|ref62|pass_single_dominant) is ignored but added at the end
NOTE: NOGP-5-2-Ro|ref62|pass_single_dominant (identical to CPER-4-Ro|ref62|pass_single_dominant) is ignored but added at the end
NOTE: OAES-22-1-No|ref62|pass_single_dominant (identical to CPER-4-Ro|ref62|pass_single_dominant) is ignored but added at the end
NOTE: OAES-23-1-Rh|ref62|pass_single_dominant (identical to CPER-4-Ro|ref62|pass_single_dominant) is ignored but added at the end
NOTE: WOOD-12-No|ref62|pass_single_dominant (identical to CPER-4-Ro|ref62|pass_single_dominant) is ignored but added at the end
NOTE: WOOD-6-1-No|ref62|pass_single_dominant (identical to CPER-4-Ro|ref62|pass_single_dominant) is ignored but added at the end
NOTE: WOOD-6-1-Ro|ref62|pass_single_dominant (identical to CPER-4-Ro|ref62|pass_single_dominant) is ignored but added at the end
NOTE: WOOD-7-1-No|ref62|pass_single_dominant (identical to CPER-4-Ro|ref62|pass_single_dominant) is ignored but added at the end
NOTE: WOOD-7-1-Rh|ref62|pass_single_dominant (identical to CPER-4-Ro|ref62|pass_single_dominant) is ignored but added at the end
NOTE: WOOD-7-1-Ro|ref62|pass_single_dominant (identical to CPER-4-Ro|ref62|pass_single_dominant) is ignored but added at the end
NOTE: SCBI-1-1-Rh|ref62|pass_single_dominant (identical to DCFS-7-1-Rh|ref62|pass_single_dominant) is ignored but added at the end
NOTE: TOOL-25-Ro|ref62|pass_single_dominant (identical to DEJU-29-1-No|ref62|pass_single_dominant) is ignored but added at the end
NOTE: TOOL-4-No|ref62|pass_single_dominant (identical to DEJU-29-1-No|ref62|pass_single_dominant) is ignored but added at the end
NOTE: WOOD-12-Ro|ref62|pass_single_dominant (identical to DEJU-63-Rh|ref62|pass_single_dominant) is ignored but added at the end
NOTE: DSNY-3-1-Ro|ref62|pass_single_dominant (identical to DSNY-14-1-Rh|ref62|pass_single_dominant) is ignored but added at the end
NOTE: JERC-RHTO-58-1-Ro|ref62|pass_single_dominant (identical to DSNY-14-1-Rh|ref62|pass_single_dominant) is ignored but added at the end
NOTE: OAES-14-1-No|ref62|pass_single_dominant (identical to DSNY-14-1-Rh|ref62|pass_single_dominant) is ignored but added at the end
NOTE: OAES-14-1-Rh|ref62|pass_single_dominant (identical to DSNY-14-1-Rh|ref62|pass_single_dominant) is ignored but added at the end
NOTE: OAES-14-1-Ro|ref62|pass_single_dominant (identical to DSNY-14-1-Rh|ref62|pass_single_dominant) is ignored but added at the end
NOTE: OAES-27-2-Ro|ref62|pass_single_dominant (identical to DSNY-14-1-Rh|ref62|pass_single_dominant) is ignored but added at the end
NOTE: TOOL-16-No|ref62|pass_single_dominant (identical to JERC-149-Rh|ref62|pass_single_dominant) is ignored but added at the end
NOTE: JERC-89-1-No|ref62|pass_single_dominant (identical to JERC-149-Ro|ref62|pass_single_dominant) is ignored but added at the end
NOTE: OAES-21-3-Ro|ref62|pass_single_dominant (identical to JERC-149-Ro|ref62|pass_single_dominant) is ignored but added at the end
NOTE: TOOL-10-Ro|ref62|pass_single_dominant (identical to JERC-149-Ro|ref62|pass_single_dominant) is ignored but added at the end
NOTE: LENO-9-2-Rh|ref63|pass_single_dominant (identical to LENO-5-2-No|ref63|pass_single_dominant) is ignored but added at the end
NOTE: OAES-34-1-No|ref63|pass_single_dominant (identical to OAES-12-2-No|ref63|pass_single_dominant) is ignored but added at the end
NOTE: OAES-9-1-No|ref63|pass_single_dominant (identical to OAES-12-2-No|ref63|pass_single_dominant) is ignored but added at the end
NOTE: OAES-9-1-Rh|ref63|pass_single_dominant (identical to OAES-12-2-No|ref63|pass_single_dominant) is ignored but added at the end
NOTE: SRER-6-1-No|ref63|pass_single_dominant (identical to SRER-3-1-No|ref63|pass_single_dominant) is ignored but added at the end
Alignment was printed to /mnt/dv/wid/projects6/SolisLemus-Intbio-raw/processed-data/symbiosis_sorted_v2/nifH_clean5_iqtree_v2/nifH_clean5_strict_single_dominant.uniqueseq.phy

For your convenience alignment with unique sequences printed to /mnt/dv/wid/projects6/SolisLemus-Intbio-raw/processed-data/symbiosis_sorted_v2/nifH_clean5_iqtree_v2/nifH_clean5_strict_single_dominant.uniqueseq.phy


Create initial parsimony tree by phylogenetic likelihood library (PLL)... 0.750 seconds
Measuring multi-threading efficiency up to 72 CPU cores
Increase to 10 rounds for branch lengths
8 trees examined
Threads: 1 / Time: 78.970 sec / Speedup: 1.000 / Efficiency: 100% / LogL: -455954
Threads: 2 / Time: 64.159 sec / Speedup: 1.231 / Efficiency: 62% / LogL: -455954
Threads: 3 / Time: 53.896 sec / Speedup: 1.465 / Efficiency: 49% / LogL: -455954
Determining AUTO threadcount: done in 197.038 secs using 185.8% CPU
BEST NUMBER OF THREADS: 2

Perform fast likelihood tree search using GTR+I+G model...
Estimate model parameters (epsilon = 5.000)
Perform nearest neighbor interchange...
Estimate model parameters (epsilon = 1.000)
1. Initial log-likelihood: -110022.443
Optimal log-likelihood: -110022.012
Rate parameters:  A-C: 0.85017  A-G: 2.91020  A-T: 0.62374  C-G: 1.59483  C-T: 4.03287  G-T: 1.00000
Base frequencies:  A: 0.217  C: 0.307  G: 0.305  T: 0.171
Proportion of invariable sites: 0.291
Gamma shape alpha: 0.720
Parameters optimization took 1 rounds (3.326 sec)
Time for fast ML tree search: 20.137 seconds

NOTE: ModelFinder requires 461 MB RAM!
ModelFinder will test up to 968 DNA models (sample size: 1061 epsilon: 0.100) ...
 No. Model         -LnL         df  AIC          AICc         BIC
  1  JC            132010.355   3193 270406.710   20667290.710 286266.236
  2  JC+I          124545.408   3194 255478.816   20665138.816 271343.309
  3  JC+G4         114218.087   3194 234824.174   20644484.174 250688.667
  4  JC+I+G4       113906.891   3195 234203.781   20656643.781 250073.241
  5  JC+R2         116493.585   3195 239377.170   20661817.170 255246.630
  6  JC+R3         114478.601   3197 235351.203   20683363.203 251230.597
  7  JC+R4         113840.318   3199 234078.635   20707678.635 249967.963
  8  JC+R5         113549.518   3201 233501.037   20732705.037 249400.298
  9  JC+R6         113458.850   3203 233323.701   20758147.701 249232.896
 10  JC+R7         113392.896   3205 233195.791   20783655.791 249114.921
 11  JC+R8         113367.429   3207 233148.858   20809260.858 249077.922
 12  JC+R9         113356.507   3209 233131.014   20834911.014 249070.011
 13  JC+R10        113356.192   3211 233134.385   20860598.385 249083.316
 14  JC+I+R2       115639.829   3196 237671.658   20672895.658 253546.085
 15  JC+I+R3       114137.977   3198 234671.955   20695475.955 250556.316
 16  JC+I+R4       113705.148   3200 233810.296   20720210.296 249704.591
 17  JC+I+R5       113535.642   3202 233475.284   20745487.284 249379.513
 18  JC+I+R6       113447.905   3204 233303.811   20770943.811 249217.974
 19  JC+I+R7       113389.177   3206 233190.355   20796474.355 249114.452
 20  JC+I+R8       113367.050   3208 233150.099   20822094.099 249084.130
 21  JC+I+R9       113363.410   3210 233146.820   20847766.820 249090.785
 33  JC+R8         113367.429   3207 233148.858   20809260.858 249077.922
 34  JC+R9         113356.507   3209 233131.014   20834911.014 249070.012
 55  F81+R8        113367.356   3207 233148.712   20809260.712 249077.775
 56  F81+R9        113356.345   3209 233130.690   20834910.690 249069.687
 77  F81+F+R8      112696.519   3210 231813.038   20846433.038 247757.003
 78  F81+F+R9      112682.328   3212 231788.656   20872100.656 247742.554
 99  K2P+R8        111484.187   3208 229384.373   20818328.373 245318.404
100  K2P+R9        111471.391   3210 229362.782   20843982.782 245306.746
121  K2P+R8        111484.187   3208 229384.373   20818328.373 245318.404
122  K2P+R9        111471.391   3210 229362.782   20843982.782 245306.746
143  HKY+R8        111483.932   3208 229383.864   20818327.864 245317.894
144  HKY+R9        111471.103   3210 229362.205   20843982.205 245306.170
165  HKY+F+R8      109996.488   3211 226414.975   20853878.975 242363.907
166  HKY+F+R9      109981.538   3213 226389.075   20879553.075 242347.941
187  TNe+R8        111466.889   3209 229351.777   20831131.777 245290.775
188  TNe+R9        111455.024   3211 229332.049   20856796.049 245280.980
209  TNe+R8        111466.889   3209 229351.777   20831131.777 245290.775
210  TNe+R9        111455.024   3211 229332.049   20856796.049 245280.980
231  TN+R8         111466.741   3209 229351.481   20831131.481 245290.479
232  TN+R9         111455.005   3211 229332.010   20856796.010 245280.942
253  TN+F+R8       109856.172   3212 226136.345   20866448.345 242090.243
254  TN+F+R9       109842.019   3214 226112.037   20892132.037 242075.870
275  K3P+R8        110946.609   3209 228311.218   20830091.218 244250.215
276  K3P+R9        110932.191   3211 228286.382   20855750.382 244235.314
297  K3P+R8        110946.609   3209 228311.218   20830091.218 244250.216
298  K3P+R9        110932.191   3211 228286.382   20855750.382 244235.314
319  K3Pu+R8       110946.481   3209 228310.963   20830090.963 244249.960
320  K3Pu+R9       110932.026   3211 228286.051   20855750.051 244234.983
341  K3Pu+F+R8     109794.109   3212 226012.219   20866324.219 241966.117
342  K3Pu+F+R9     109778.225   3214 225984.450   20892004.450 241948.282
363  TPM2+R8       110886.036   3209 228190.072   20829970.072 244129.070
364  TPM2+R9       110872.673   3211 228167.347   20855631.347 244116.278
385  TPM2+R8       110886.036   3209 228190.072   20829970.072 244129.070
386  TPM2+R9       110872.673   3211 228167.347   20855631.347 244116.278
407  TPM2u+R8      110885.828   3209 228189.657   20829969.657 244128.654
408  TPM2u+R9      110872.644   3211 228167.287   20855631.287 244116.219
429  TPM2u+F+R8    109703.527   3212 225831.055   20866143.055 241784.953
430  TPM2u+F+R9    109691.925   3214 225811.850   20891831.850 241775.683
451  TPM3+R8       110987.665   3209 228393.331   20830173.331 244332.328
452  TPM3+R9       110976.093   3211 228374.185   20855838.185 244323.117
473  TPM3+R8       110987.665   3209 228393.331   20830173.331 244332.328
474  TPM3+R9       110976.093   3211 228374.185   20855838.185 244323.117
495  TPM3u+R8      110987.597   3209 228393.194   20830173.194 244332.192
496  TPM3u+R9      110976.075   3211 228374.149   20855838.149 244323.081
517  TPM3u+F+R8    109894.996   3212 226213.992   20866525.992 242167.890
518  TPM3u+F+R9    109877.506   3214 226183.011   20892203.011 242146.843
539  TIMe+R8       110929.505   3210 228279.009   20842899.009 244222.974
540  TIMe+R9       110916.459   3212 228256.918   20868568.918 244210.816
561  TIMe+R8       110929.505   3210 228279.009   20842899.009 244222.974
562  TIMe+R9       110916.459   3212 228256.918   20868568.918 244210.816
583  TIM+R8        110929.296   3210 228278.593   20842898.593 244222.557
584  TIM+R9        110916.310   3212 228256.619   20868568.619 244210.518
605  TIM+F+R8      109651.367   3213 225728.733   20878892.733 241687.598
606  TIM+F+R9      109637.069   3215 225704.138   20904584.138 241672.937
627  TIM2e+R8      110878.418   3210 228176.835   20842796.835 244120.800
628  TIM2e+R9      110865.129   3212 228154.258   20868466.258 244108.157
649  TIM2e+R8      110878.418   3210 228176.835   20842796.835 244120.800
650  TIM2e+R9      110865.129   3212 228154.258   20868466.258 244108.156
671  TIM2+R8       110878.217   3210 228176.434   20842796.434 244120.399
672  TIM2+R9       110865.101   3212 228154.201   20868466.201 244108.100
693  TIM2+F+R8     109572.285   3213 225570.570   20878734.570 241529.436
694  TIM2+F+R9     109558.993   3215 225547.987   20904427.987 241516.786
715  TIM3e+R8      110945.113   3210 228310.225   20842930.225 244254.190
716  TIM3e+R9      110935.493   3212 228294.987   20868606.987 244248.885
737  TIM3e+R8      110945.113   3210 228310.225   20842930.225 244254.190
738  TIM3e+R9      110935.493   3212 228294.987   20868606.987 244248.885
759  TIM3+R8       110945.044   3210 228310.087   20842930.087 244254.052
760  TIM3+R9       110935.484   3212 228294.969   20868606.969 244248.867
781  TIM3+F+R8     109738.376   3213 225902.752   20879066.752 241861.617
782  TIM3+F+R9     109725.681   3215 225881.362   20904761.362 241850.161
803  TVMe+R8       110308.398   3211 227038.795   20854502.795 242987.727
804  TVMe+R9       110296.857   3213 227019.713   20880183.713 242978.579
825  TVMe+R8       110308.398   3211 227038.795   20854502.795 242987.727
826  TVMe+R9       110296.857   3213 227019.713   20880183.713 242978.579
847  TVM+R8        110308.388   3211 227038.776   20854502.776 242987.707
848  TVM+R9        110296.843   3213 227019.686   20880183.686 242978.551
869  TVM+F+R8      109589.050   3214 225606.099   20891626.099 241569.932
870  TVM+F+R9      109576.832   3216 225585.665   20917329.665 241559.431
891  SYM+R8        110283.009   3212 226990.018   20867302.018 242943.917
892  SYM+R9        110271.235   3214 226970.470   20892990.470 242934.302
913  SYM+R8        110283.009   3212 226990.018   20867302.018 242943.917
914  SYM+R9        110271.235   3214 226970.470   20892990.470 242934.302
935  GTR+R8        110282.947   3212 226989.895   20867301.895 242943.793
936  GTR+R9        110271.190   3214 226970.380   20892990.380 242934.213
957  GTR+F+R8      109444.174   3215 225318.347   20904198.347 241287.146
958  GTR+F+R9      109431.939   3217 225297.879   20929909.879 241276.612
Akaike Information Criterion:           GTR+F+R9
Corrected Akaike Information Criterion: JC+G4
Bayesian Information Criterion:         GTR+F+R9
Best-fit model: GTR+F+R9 chosen according to BIC

All model information printed to /mnt/dv/wid/projects6/SolisLemus-Intbio-raw/processed-data/symbiosis_sorted_v2/nifH_clean5_iqtree_v2/nifH_clean5_strict_single_dominant.model.gz
CPU time for ModelFinder: 11209.946 seconds (3h:6m:49s)
Wall-clock time for ModelFinder: 5707.119 seconds (1h:35m:7s)
Generating 1000 samples for ultrafast bootstrap (seed: 563494)...

NOTE: 415 MB RAM (0 GB) is required!
Estimate model parameters (epsilon = 0.100)
1. Initial log-likelihood: -109431.939
Optimal log-likelihood: -109431.905
Rate parameters:  A-C: 0.86244  A-G: 2.82233  A-T: 0.62283  C-G: 1.62090  C-T: 4.22655  G-T: 1.00000
Base frequencies:  A: 0.217  C: 0.307  G: 0.305  T: 0.171
Site proportion and rates:  (0.447,0.017) (0.102,0.180) (0.067,0.424) (0.080,0.884) (0.085,1.475) (0.094,2.415) (0.070,3.462) (0.048,4.753) (0.007,7.576)
Parameters optimization took 1 rounds (4.797 sec)
Wrote distance file to... 
Computing ML distances based on estimated model parameters...
Calculating distance matrix: done in 9.39002 secs using 199.5% CPU
Computing ML distances took 9.398103 sec (of wall-clock time) 18.749422 sec (of CPU time)
Setting up auxiliary I and S matrices: done in 0.0261379 secs using 267.5% CPU
Constructing RapidNJ tree: done in 0.393381 secs using 181.3% CPU
Computing RapidNJ tree took 0.419630 sec (of wall-clock time) 0.783298 sec (of CPU time)
Log-likelihood of RapidNJ tree: -116209.771
--------------------------------------------------------------------
|             INITIALIZING CANDIDATE TREE SET                      |
--------------------------------------------------------------------
Generating 98 parsimony trees... 79.785 second
Computing log-likelihood of 98 initial trees ... 90.185 seconds
Current best score: -109431.905

Do NNI search on 20 best initial trees
Estimate model parameters (epsilon = 0.100)
BETTER TREE FOUND at iteration 1: -109348.453
Estimate model parameters (epsilon = 0.100)
BETTER TREE FOUND at iteration 2: -109153.891
Iteration 10 / LogL: -109324.525 / Time: 1h:47m:6s
Iteration 20 / LogL: -109491.799 / Time: 1h:56m:21s
Finish initializing candidate tree set (20)
Current best tree score: -109153.891 / CPU time: 1243.939
Number of iterations: 20
--------------------------------------------------------------------
|               OPTIMIZING CANDIDATE TREE SET                      |
--------------------------------------------------------------------
Estimate model parameters (epsilon = 0.100)
BETTER TREE FOUND at iteration 23: -109035.324
Iteration 30 / LogL: -109326.332 / Time: 2h:1m:18s (1h:24m:0s left)
Estimate model parameters (epsilon = 0.100)
BETTER TREE FOUND at iteration 37: -109020.270
Iteration 40 / LogL: -109118.961 / Time: 2h:6m:35s (1h:18m:16s left)
Estimate model parameters (epsilon = 0.100)
BETTER TREE FOUND at iteration 42: -109013.929
Estimate model parameters (epsilon = 0.100)
BETTER TREE FOUND at iteration 44: -108997.137
Iteration 50 / LogL: -109066.625 / Time: 2h:12m:11s (1h:11m:7s left)
Log-likelihood cutoff on original alignment: -109508.282
Estimate model parameters (epsilon = 0.100)
BETTER TREE FOUND at iteration 53: -108993.322
Iteration 60 / LogL: -109074.716 / Time: 2h:18m:10s (1h:7m:51s left)
Estimate model parameters (epsilon = 0.100)
BETTER TREE FOUND at iteration 62: -108945.092
Estimate model parameters (epsilon = 0.100)
BETTER TREE FOUND at iteration 67: -108907.770
Iteration 70 / LogL: -109036.993 / Time: 2h:24m:15s (1h:9m:4s left)
Estimate model parameters (epsilon = 0.100)
BETTER TREE FOUND at iteration 71: -108869.872
Estimate model parameters (epsilon = 0.100)
BETTER TREE FOUND at iteration 77: -108839.206
Iteration 80 / LogL: -108957.541 / Time: 2h:30m:25s (1h:7m:53s left)
Estimate model parameters (epsilon = 0.100)
BETTER TREE FOUND at iteration 81: -108811.560
Estimate model parameters (epsilon = 0.100)
BETTER TREE FOUND at iteration 87: -108791.207
Iteration 90 / LogL: -108927.238 / Time: 2h:36m:18s (1h:6m:41s left)
Iteration 100 / LogL: -108956.277 / Time: 2h:41m:58s (0h:58m:44s left)
Log-likelihood cutoff on original alignment: -109508.282
NOTE: Bootstrap correlation coefficient of split occurrence frequencies: 0.853
NOTE: UFBoot does not converge, continue at least 100 more iterations
Iteration 110 / LogL: -108893.835 / Time: 2h:48m:21s (1h:0m:28s left)
Estimate model parameters (epsilon = 0.100)
BETTER TREE FOUND at iteration 116: -108767.495
Iteration 120 / LogL: -108800.485 / Time: 2h:54m:0s (1h:3m:38s left)
Iteration 130 / LogL: -108850.829 / Time: 3h:0m:0s (0h:56m:35s left)
Estimate model parameters (epsilon = 0.100)
BETTER TREE FOUND at iteration 135: -108758.279
Iteration 140 / LogL: -108815.797 / Time: 3h:6m:3s (1h:2m:9s left)
Estimate model parameters (epsilon = 0.100)
BETTER TREE FOUND at iteration 146: -108752.188
Estimate model parameters (epsilon = 0.100)
BETTER TREE FOUND at iteration 147: -108751.241
Iteration 150 / LogL: -108826.718 / Time: 3h:12m:27s (1h:3m:22s left)
Log-likelihood cutoff on original alignment: -109508.282
Iteration 160 / LogL: -108908.418 / Time: 3h:18m:22s (0h:56m:29s left)
Estimate model parameters (epsilon = 0.100)
BETTER TREE FOUND at iteration 162: -108704.588
Iteration 170 / LogL: -108759.900 / Time: 3h:24m:21s (0h:59m:28s left)
Iteration 180 / LogL: -108714.378 / Time: 3h:30m:10s (0h:52m:42s left)
Iteration 190 / LogL: -108877.233 / Time: 3h:35m:50s (0h:45m:59s left)
Iteration 200 / LogL: -108725.333 / Time: 3h:42m:5s (0h:39m:33s left)
Log-likelihood cutoff on original alignment: -109508.282
NOTE: Bootstrap correlation coefficient of split occurrence frequencies: 0.916
NOTE: UFBoot does not converge, continue at least 100 more iterations
Estimate model parameters (epsilon = 0.100)
BETTER TREE FOUND at iteration 201: -108684.508
Iteration 210 / LogL: -108965.414 / Time: 3h:48m:47s (0h:58m:12s left)
Iteration 220 / LogL: -108828.440 / Time: 3h:54m:26s (0h:51m:31s left)
Iteration 230 / LogL: -108760.119 / Time: 4h:0m:26s (0h:45m:3s left)
Iteration 240 / LogL: -108784.809 / Time: 4h:6m:20s (0h:38m:35s left)
Iteration 250 / LogL: -108727.101 / Time: 4h:11m:50s (0h:32m:5s left)
Log-likelihood cutoff on original alignment: -109508.282
Iteration 260 / LogL: -108800.372 / Time: 4h:18m:10s (0h:25m:48s left)
Iteration 270 / LogL: -108818.671 / Time: 4h:24m:32s (0h:19m:31s left)
Iteration 280 / LogL: -108829.361 / Time: 4h:30m:54s (0h:13m:13s left)
Iteration 290 / LogL: -108756.859 / Time: 4h:37m:5s (0h:6m:55s left)
Iteration 300 / LogL: -108891.250 / Time: 4h:43m:45s (0h:0m:37s left)
Log-likelihood cutoff on original alignment: -109508.282
NOTE: Bootstrap correlation coefficient of split occurrence frequencies: 0.955
NOTE: UFBoot does not converge, continue at least 100 more iterations
Estimate model parameters (epsilon = 0.100)
BETTER TREE FOUND at iteration 306: -108682.082
Iteration 310 / LogL: -108742.521 / Time: 4h:50m:27s (1h:0m:41s left)
Iteration 320 / LogL: -108787.100 / Time: 4h:56m:44s (0h:54m:21s left)
Iteration 330 / LogL: -108765.805 / Time: 5h:3m:26s (0h:48m:7s left)
Iteration 340 / LogL: -108774.524 / Time: 5h:9m:40s (0h:41m:46s left)
Iteration 350 / LogL: -108767.876 / Time: 5h:16m:2s (0h:35m:26s left)
Log-likelihood cutoff on original alignment: -109508.282
Iteration 360 / LogL: -108711.992 / Time: 5h:22m:27s (0h:29m:7s left)
Iteration 370 / LogL: -108808.122 / Time: 5h:28m:51s (0h:22m:48s left)
Iteration 380 / LogL: -108844.018 / Time: 5h:34m:43s (0h:16m:26s left)
Iteration 390 / LogL: -108769.980 / Time: 5h:41m:35s (0h:10m:8s left)
Iteration 400 / LogL: -108824.657 / Time: 5h:47m:58s (0h:3m:48s left)
Log-likelihood cutoff on original alignment: -109508.282
NOTE: Bootstrap correlation coefficient of split occurrence frequencies: 0.982
NOTE: UFBoot does not converge, continue at least 100 more iterations
Iteration 410 / LogL: -108686.606 / Time: 5h:54m:28s (0h:57m:4s left)
Iteration 420 / LogL: -108859.653 / Time: 6h:0m:57s (0h:50m:45s left)
Iteration 430 / LogL: -108840.845 / Time: 6h:6m:35s (0h:44m:17s left)
Iteration 440 / LogL: -108769.472 / Time: 6h:12m:45s (0h:37m:56s left)
Iteration 450 / LogL: -108719.846 / Time: 6h:19m:2s (0h:31m:37s left)
Log-likelihood cutoff on original alignment: -109508.282
Iteration 460 / LogL: -108752.362 / Time: 6h:25m:48s (0h:25m:19s left)
Iteration 470 / LogL: -108785.345 / Time: 6h:32m:17s (0h:19m:0s left)
Iteration 480 / LogL: -108811.854 / Time: 6h:38m:45s (0h:12m:40s left)
Iteration 490 / LogL: -108995.848 / Time: 6h:45m:8s (0h:6m:20s left)
Estimate model parameters (epsilon = 0.100)
BETTER TREE FOUND at iteration 498: -108681.374
Iteration 500 / LogL: -108775.360 / Time: 6h:51m:42s (1h:2m:10s left)
Log-likelihood cutoff on original alignment: -109508.282
NOTE: Bootstrap correlation coefficient of split occurrence frequencies: 0.987
NOTE: UFBoot does not converge, continue at least 100 more iterations
Iteration 510 / LogL: -108771.805 / Time: 6h:57m:50s (0h:57m:3s left)
Estimate model parameters (epsilon = 0.100)
BETTER TREE FOUND at iteration 512: -108679.716
Iteration 520 / LogL: -108795.036 / Time: 7h:4m:49s (0h:58m:26s left)
Iteration 530 / LogL: -108796.841 / Time: 7h:11m:11s (0h:52m:5s left)
Iteration 540 / LogL: -108794.417 / Time: 7h:17m:35s (0h:45m:44s left)
Iteration 550 / LogL: -108746.026 / Time: 7h:23m:39s (0h:39m:21s left)
Log-likelihood cutoff on original alignment: -109508.282
Iteration 560 / LogL: -108764.934 / Time: 7h:30m:29s (0h:33m:3s left)
Iteration 570 / LogL: -108810.057 / Time: 7h:37m:8s (0h:26m:43s left)
Iteration 580 / LogL: -108709.929 / Time: 7h:43m:19s (0h:20m:21s left)
Iteration 590 / LogL: -108751.121 / Time: 7h:49m:11s (0h:13m:58s left)
Iteration 600 / LogL: -108903.683 / Time: 7h:55m:40s (0h:7m:37s left)
Log-likelihood cutoff on original alignment: -109508.282
NOTE: Bootstrap correlation coefficient of split occurrence frequencies: 0.986
NOTE: UFBoot does not converge, continue at least 100 more iterations
Iteration 610 / LogL: -108904.872 / Time: 8h:1m:35s (0h:57m:6s left)
Iteration 620 / LogL: -109108.673 / Time: 8h:6m:44s (0h:50m:36s left)
Iteration 630 / LogL: -108861.360 / Time: 8h:12m:27s (0h:44m:13s left)
Iteration 640 / LogL: -108825.288 / Time: 8h:18m:13s (0h:37m:51s left)
Iteration 650 / LogL: -108707.252 / Time: 8h:23m:49s (0h:31m:29s left)
Log-likelihood cutoff on original alignment: -109508.282
Iteration 660 / LogL: -108820.123 / Time: 8h:29m:8s (0h:25m:7s left)
Iteration 670 / LogL: -108734.308 / Time: 8h:34m:39s (0h:18m:48s left)
Iteration 680 / LogL: -108813.355 / Time: 8h:40m:0s (0h:12m:30s left)
Iteration 690 / LogL: -108730.298 / Time: 8h:45m:29s (0h:6m:14s left)
Iteration 700 / LogL: -108719.434 / Time: 8h:50m:58s (0h:0m:0s left)
Log-likelihood cutoff on original alignment: -109508.282
NOTE: Bootstrap correlation coefficient of split occurrence frequencies: 0.988
NOTE: UFBoot does not converge, continue at least 100 more iterations
Iteration 710 / LogL: -108889.615 / Time: 8h:56m:41s (0h:56m:3s left)
Iteration 720 / LogL: -108832.670 / Time: 9h:2m:13s (0h:49m:44s left)
Iteration 730 / LogL: -108805.594 / Time: 9h:8m:3s (0h:43m:29s left)
Iteration 740 / LogL: -108817.737 / Time: 9h:13m:14s (0h:37m:11s left)
Iteration 750 / LogL: -108874.393 / Time: 9h:18m:41s (0h:30m:56s left)
Log-likelihood cutoff on original alignment: -109508.282
Iteration 760 / LogL: -109227.840 / Time: 9h:24m:50s (0h:24m:45s left)
Iteration 770 / LogL: -108854.849 / Time: 9h:30m:15s (0h:18m:32s left)
Iteration 780 / LogL: -108698.917 / Time: 9h:35m:52s (0h:12m:20s left)
Iteration 790 / LogL: -108751.056 / Time: 9h:41m:27s (0h:6m:9s left)
Estimate model parameters (epsilon = 0.100)
BETTER TREE FOUND at iteration 791: -108658.002
Iteration 800 / LogL: -108743.938 / Time: 9h:47m:16s (0h:56m:3s left)
Log-likelihood cutoff on original alignment: -109508.282
NOTE: Bootstrap correlation coefficient of split occurrence frequencies: 0.988
NOTE: UFBoot does not converge, continue at least 100 more iterations
Iteration 810 / LogL: -108770.853 / Time: 9h:52m:36s (0h:55m:20s left)
Iteration 820 / LogL: -108772.325 / Time: 9h:58m:24s (0h:49m:9s left)
Estimate model parameters (epsilon = 0.100)
BETTER TREE FOUND at iteration 825: -108631.588
Iteration 830 / LogL: -108794.865 / Time: 10h:4m:28s (0h:58m:22s left)
Iteration 840 / LogL: -108879.343 / Time: 10h:9m:48s (0h:52m:8s left)
Iteration 850 / LogL: -108760.582 / Time: 10h:15m:50s (0h:45m:59s left)
Log-likelihood cutoff on original alignment: -109508.282
Iteration 860 / LogL: -108649.066 / Time: 10h:21m:48s (0h:39m:51s left)
Iteration 870 / LogL: -108741.221 / Time: 10h:27m:33s (0h:33m:41s left)
Iteration 880 / LogL: -108761.000 / Time: 10h:33m:27s (0h:27m:33s left)
Iteration 890 / LogL: -108736.214 / Time: 10h:38m:44s (0h:21m:24s left)
Iteration 900 / LogL: -108728.095 / Time: 10h:44m:45s (0h:15m:17s left)
Log-likelihood cutoff on original alignment: -109508.282
NOTE: Bootstrap correlation coefficient of split occurrence frequencies: 0.974
NOTE: UFBoot does not converge, continue at least 100 more iterations
Estimate model parameters (epsilon = 0.100)
BETTER TREE FOUND at iteration 904: -108604.880
Iteration 910 / LogL: -108714.940 / Time: 10h:51m:37s (0h:57m:32s left)
Iteration 920 / LogL: -108777.465 / Time: 10h:57m:14s (0h:51m:22s left)
Iteration 930 / LogL: -108806.754 / Time: 11h:2m:59s (0h:45m:14s left)
Iteration 940 / LogL: -108685.322 / Time: 11h:8m:58s (0h:39m:6s left)
Iteration 950 / LogL: -108750.178 / Time: 11h:14m:44s (0h:32m:58s left)
Log-likelihood cutoff on original alignment: -109508.282
Iteration 960 / LogL: -108725.805 / Time: 11h:20m:23s (0h:26m:51s left)
Iteration 970 / LogL: -108771.045 / Time: 11h:26m:31s (0h:20m:45s left)
Iteration 980 / LogL: -108718.307 / Time: 11h:32m:19s (0h:14m:38s left)
Iteration 990 / LogL: -108764.506 / Time: 11h:38m:15s (0h:8m:32s left)
Iteration 1000 / LogL: -108705.794 / Time: 11h:44m:29s (0h:2m:26s left)
Log-likelihood cutoff on original alignment: -109508.282
NOTE: Bootstrap correlation coefficient of split occurrence frequencies: 0.959
NOTE: UFBoot does not converge, continue at least 100 more iterations
WARNING: bootstrap analysis did not converge. You should rerun with higher number of iterations (-nm option)
TREE SEARCH COMPLETED AFTER 1001 ITERATIONS / Time: 11h:45m:25s

--------------------------------------------------------------------
|                    FINALIZING TREE SEARCH                        |
--------------------------------------------------------------------
Performs final model parameters optimization
Estimate model parameters (epsilon = 0.010)
1. Initial log-likelihood: -108604.880
Optimal log-likelihood: -108604.870
Rate parameters:  A-C: 0.88430  A-G: 2.89569  A-T: 0.63163  C-G: 1.67424  C-T: 4.46053  G-T: 1.00000
Base frequencies:  A: 0.217  C: 0.307  G: 0.305  T: 0.171
Site proportion and rates:  (0.442,0.016) (0.099,0.166) (0.075,0.403) (0.085,0.901) (0.086,1.495) (0.089,2.393) (0.064,3.381) (0.054,4.784) (0.007,8.062)
Parameters optimization took 1 rounds (6.075 sec)
BEST SCORE FOUND : -108604.870

Testing tree branches by SH-like aLRT with 1000 replicates...
Alternative NNI shows better log-likelihood -108604.807 > -108604.870
Alternative NNI shows better log-likelihood -108604.865 > -108604.870
Alternative NNI shows better log-likelihood -108604.858 > -108604.870
14.650 sec.
Creating bootstrap support values...
Split supports printed to NEXUS file /mnt/dv/wid/projects6/SolisLemus-Intbio-raw/processed-data/symbiosis_sorted_v2/nifH_clean5_iqtree_v2/nifH_clean5_strict_single_dominant.splits.nex
Total tree length: 29.296

Total number of iterations: 1001
CPU time used for tree search: 69990.422 sec (19h:26m:30s)
Wall-clock time used for tree search: 36587.704 sec (10h:9m:47s)
Total CPU time used: 81314.180 sec (22h:35m:14s)
Total wall-clock time used: 42359.108 sec (11h:45m:59s)

Computing bootstrap consensus tree...
Reading input file /mnt/dv/wid/projects6/SolisLemus-Intbio-raw/processed-data/symbiosis_sorted_v2/nifH_clean5_iqtree_v2/nifH_clean5_strict_single_dominant.splits.nex...
1598 taxa and 24440 splits.
Consensus tree written to /mnt/dv/wid/projects6/SolisLemus-Intbio-raw/processed-data/symbiosis_sorted_v2/nifH_clean5_iqtree_v2/nifH_clean5_strict_single_dominant.contree
Reading input trees file /mnt/dv/wid/projects6/SolisLemus-Intbio-raw/processed-data/symbiosis_sorted_v2/nifH_clean5_iqtree_v2/nifH_clean5_strict_single_dominant.contree
Log-likelihood of consensus tree: -108527.612

Analysis results written to: 
  IQ-TREE report:                /mnt/dv/wid/projects6/SolisLemus-Intbio-raw/processed-data/symbiosis_sorted_v2/nifH_clean5_iqtree_v2/nifH_clean5_strict_single_dominant.iqtree
  Maximum-likelihood tree:       /mnt/dv/wid/projects6/SolisLemus-Intbio-raw/processed-data/symbiosis_sorted_v2/nifH_clean5_iqtree_v2/nifH_clean5_strict_single_dominant.treefile
  Likelihood distances:          /mnt/dv/wid/projects6/SolisLemus-Intbio-raw/processed-data/symbiosis_sorted_v2/nifH_clean5_iqtree_v2/nifH_clean5_strict_single_dominant.mldist

Ultrafast bootstrap approximation results written to:
  Split support values:          /mnt/dv/wid/projects6/SolisLemus-Intbio-raw/processed-data/symbiosis_sorted_v2/nifH_clean5_iqtree_v2/nifH_clean5_strict_single_dominant.splits.nex
  Consensus tree:                /mnt/dv/wid/projects6/SolisLemus-Intbio-raw/processed-data/symbiosis_sorted_v2/nifH_clean5_iqtree_v2/nifH_clean5_strict_single_dominant.contree
  Screen log file:               /mnt/dv/wid/projects6/SolisLemus-Intbio-raw/processed-data/symbiosis_sorted_v2/nifH_clean5_iqtree_v2/nifH_clean5_strict_single_dominant.log

Date and Time: Sat Jul  4 12:40:03 2026
