Sample ID,Domain,Species,Date finalized,Qubit average,Total DNA,NebNext protocol,Isotope reference name,Sample preservation,Type,Family,Site,Genus,Tribe,Plot simple,County,State,native,Lat,Long,Date (field collection)
OAES_19-2-Rh,D11,Melilotus officinalis,6/4/24,0,0,Quarter,OAES-19,ethanol,rhizosphere,Fabaceae,OAES,Melilotus,Trifolieae,OAES_012_R,Washita,OK,no,35.402943,-99.064829,4/16/24
OAES_19-2-No,D11,Melilotus officinalis,6/4/24,0.1345,26.631,Quarter,OAES-19,ethanol,nodule,Fabaceae,OAES,Melilotus,Trifolieae,OAES_012_R,Washita,OK,no,35.402943,-99.064829,4/16/24
OAES_19-2-Ro,D11,Melilotus officinalis,6/4/24,0,0,Quarter,OAES-19,ethanol,root,Fabaceae,OAES,Melilotus,Trifolieae,OAES_012_R,Washita,OK,no,35.402943,-99.064829,4/16/24
OAES-20-Rh,D11,Dalea enneandra,6/4/24,0,0,Quarter,OAES-20,ethanol,rhizosphere,Fabaceae,OAES,Dalea,Amorpheae,OAES_012_R,Washita,OK,yes,35.402943,-99.064829,4/16/24
OAES-20-No,D11,Dalea enneandra,6/4/24,0,0,Quarter,OAES-20,ethanol,nodule,Fabaceae,OAES,Dalea,Amorpheae,OAES_012_R,Washita,OK,yes,35.402943,-99.064829,4/16/24
OAES-20-Ro,D11,Dalea enneandra,6/4/24,0,0,Quarter,OAES-20,ethanol,root,Fabaceae,OAES,Dalea,Amorpheae,OAES_012_R,Washita,OK,yes,35.402943,-99.064829,4/16/24
OAES-21-3-Rh,D11,Astragalus plattensis,6/4/24,0,0,Quarter,OAES-21,ethanol,rhizosphere,Fabaceae,OAES,Astragalus,Galegeae,OAES_012_R,Washita,OK,yes,35.402943,-99.064829,4/16/24
OAES-21-3-No,D11,Astragalus plattensis,6/4/24,0.7035,139.293,Quarter,OAES-21,ethanol,nodule,Fabaceae,OAES,Astragalus,Galegeae,OAES_012_R,Washita,OK,yes,35.402943,-99.064829,4/16/24
OAES-21-3-Ro,D11,Astragalus plattensis,6/4/24,0,0,Quarter,OAES-21,ethanol,root,Fabaceae,OAES,Astragalus,Galegeae,OAES_012_R,Washita,OK,yes,35.402943,-99.064829,4/16/24
OAES-22-1-Rh,D11,Medicago minima,6/4/24,0,0,Quarter,OAES-22,ethanol,rhizosphere,Fabaceae,OAES,Medicago,Trifolieae,OAES_012_R,Washita,OK,no,35.402943,-99.064829,4/16/24
OAES-22-1-No,D11,Medicago minima,6/4/24,0.1165,23.067,Quarter,OAES-22,ethanol,nodule,Fabaceae,OAES,Medicago,Trifolieae,OAES_012_R,Washita,OK,no,35.402943,-99.064829,4/16/24
OAES-22-1-Ro,D11,Medicago minima,6/4/24,0.1135,22.473,Quarter,OAES-22,ethanol,root,Fabaceae,OAES,Medicago,Trifolieae,OAES_012_R,Washita,OK,no,35.402943,-99.064829,4/16/24
OAES-23-1-Rh,D11,Astragalus lotiflorus,6/4/24,0,0,Quarter,OAES-23,ethanol,rhizosphere,Fabaceae,OAES,Astragalus,Galegeae,OAES_012_R,Washita,OK,yes,35.402943,-99.064829,4/16/24
OAES-23-1-No,D11,Astragalus lotiflorus,6/4/24,20.15,3989.7,Half,OAES-23,ethanol,nodule,Fabaceae,OAES,Astragalus,Galegeae,OAES_012_R,Washita,OK,yes,35.402943,-99.064829,4/16/24
OAES-23-1-Ro,D11,Astragalus lotiflorus,6/4/24,0,0,Quarter,OAES-23,ethanol,root,Fabaceae,OAES,Astragalus,Galegeae,OAES_012_R,Washita,OK,yes,35.402943,-99.064829,4/16/24
OAES_24-3-Rh,D11,Astragalus nuttallianus var. austrinus,6/4/24,0,0,Quarter,OAES-24,ethanol,rhizosphere,Fabaceae,OAES,Astragalus,Galegeae,OAES_012_R,Washita,OK,yes,35.402943,-99.064829,4/16/24
OAES_24-3-No,D11,Astragalus nuttallianus var. austrinus,6/4/24,0.5235,103.653,Quarter,OAES-24,ethanol,nodule,Fabaceae,OAES,Astragalus,Galegeae,OAES_012_R,Washita,OK,yes,35.402943,-99.064829,4/16/24
OAES_24-3-Ro,D11,Astragalus nuttallianus var. austrinus,6/4/24,0.105,20.79,Quarter,OAES-24,ethanol,root,Fabaceae,OAES,Astragalus,Galegeae,OAES_012_R,Washita,OK,yes,35.402943,-99.064829,4/16/24
OAES-25-1-Rh,D11,Astragalus nuttallianus var. nuttallianus,6/4/24,0,0,Quarter,OAES-25,ethanol,rhizosphere,Fabaceae,OAES,Astragalus,Galegeae,OAES_007_R,Washita,OK,yes,35.419991,-99.0567264,4/17/24
OAES-25-1-No,D11,Astragalus nuttallianus var. nuttallianus,6/4/24,0,0,Quarter,OAES-25,ethanol,nodule,Fabaceae,OAES,Astragalus,Galegeae,OAES_007_R,Washita,OK,yes,35.419991,-99.0567264,4/17/24
OAES-25-1-Ro,D11,Astragalus nuttallianus var. nuttallianus,6/4/24,0.1405,27.819,Quarter,OAES-25,ethanol,root,Fabaceae,OAES,Astragalus,Galegeae,OAES_007_R,Washita,OK,yes,35.419991,-99.0567264,4/17/24
OAES-26-1-Rh,D11,Astragalus lotiflorus,6/4/24,0,0,Quarter,OAES-26,ethanol,rhizosphere,Fabaceae,OAES,Astragalus,Galegeae,OAES_007_R,Washita,OK,yes,35.419991,-99.0567264,4/17/24
OAES-26-1-No,D11,Astragalus lotiflorus,6/4/24,1.915,379.17,Half,OAES-26,ethanol,nodule,Fabaceae,OAES,Astragalus,Galegeae,OAES_007_R,Washita,OK,yes,35.419991,-99.0567264,4/17/24
OAES-26-1-Ro,D11,Astragalus lotiflorus,6/4/24,0,0,Quarter,OAES-26,ethanol,root,Fabaceae,OAES,Astragalus,Galegeae,OAES_007_R,Washita,OK,yes,35.419991,-99.0567264,4/17/24
OAES-27-2-Rh,D11,Oxytropis lambertii,6/10/24,0,0,Quarter,OAES-27,ethanol,rhizosphere,Fabaceae,OAES,Oxytropis,Galegeae,OAES_006_R,Washita,OK,yes,35.420259,-99.048669,4/17/24
OAES-27-2-Ro,D11,Oxytropis lambertii,6/10/24,0,0,Quarter,OAES-27,ethanol,root,Fabaceae,OAES,Oxytropis,Galegeae,OAES_006_R,Washita,OK,yes,35.420259,-99.048669,4/17/24
OAES-27-2-No,D11,Oxytropis lambertii,6/10/24,0,0,Quarter,OAES-27,ethanol,nodule,Fabaceae,OAES,Oxytropis,Galegeae,OAES_006_R,Washita,OK,yes,35.420259,-99.048669,4/17/24
OAES-28-1-Rh,D11,Astragalus missouriensis,6/10/24,0,0,Quarter,OAES-28,ethanol,rhizosphere,Fabaceae,OAES,Astragalus,Galegeae,OAES_006_R,Washita,OK,yes,35.420259,-99.048669,4/17/24
OAES-28-1-Ro,D11,Astragalus missouriensis,6/10/24,0,0,Quarter,OAES-28,ethanol,root,Fabaceae,OAES,Astragalus,Galegeae,OAES_006_R,Washita,OK,yes,35.420259,-99.048669,4/17/24
OAES-28-1-No,D11,Astragalus missouriensis,6/10/24,6.21,1229.58,Half,OAES-28,ethanol,nodule,Fabaceae,OAES,Astragalus,Galegeae,OAES_006_R,Washita,OK,yes,35.420259,-99.048669,4/17/24
OAES-29-1-Rh,D11,Astragalus lotiflorus,6/10/24,0,0,Quarter,OAES-29,ethanol,rhizosphere,Fabaceae,OAES,Astragalus,Galegeae,OAES_006_R,Washita,OK,yes,35.420259,-99.048669,4/17/24
OAES-29-1-Ro,D11,Astragalus lotiflorus,6/10/24,0,0,Quarter,OAES-29,ethanol,root,Fabaceae,OAES,Astragalus,Galegeae,OAES_006_R,Washita,OK,yes,35.420259,-99.048669,4/17/24
OAES-29-1-No,D11,Astragalus lotiflorus,6/10/24,0,0,Quarter,OAES-29,ethanol,nodule,Fabaceae,OAES,Astragalus,Galegeae,OAES_006_R,Washita,OK,yes,35.420259,-99.048669,4/17/24
OAES-30-2-Rh,D11,Ceanothus herbaceus,6/10/24,0,0,Quarter,OAES-30,ethanol,rhizosphere,Rhamnaceae,OAES,Ceanothus,actinorhizal,OAES_006_R,Washita,OK,yes,35.25165,-99.2881,4/23/24
OAES-30-2-Ro,D11,Ceanothus herbaceus,6/10/24,0,0,Quarter,OAES-30,ethanol,root,Rhamnaceae,OAES,Ceanothus,actinorhizal,OAES_006_R,Washita,OK,yes,35.25165,-99.2881,4/23/24
OAES-30-2-No,D11,Ceanothus herbaceus,6/10/24,0,0,Quarter,OAES-30,ethanol,nodule,Rhamnaceae,OAES,Ceanothus,actinorhizal,OAES_006_R,Washita,OK,yes,35.25165,-99.2881,4/23/24
OAES-31-1-Rh,D11,Pediomelum tenuiflorum,6/10/24,0,0,Quarter,OAES-31,ethanol,rhizosphere,Fabaceae,OAES,Pediomelum,Psoraleeae,OAES_006_R,Washita,OK,yes,35.2517,-99.2882,4/23/24
OAES-31-1-Ro,D11,Pediomelum tenuiflorum,6/10/24,0,0,Quarter,OAES-31,ethanol,root,Fabaceae,OAES,Pediomelum,Psoraleeae,OAES_006_R,Washita,OK,yes,35.2517,-99.2882,4/23/24
OAES-31-1-No,D11,Pediomelum tenuiflorum,6/10/24,0,0,Quarter,OAES-31,ethanol,nodule,Fabaceae,OAES,Pediomelum,Psoraleeae,OAES_006_R,Washita,OK,yes,35.2517,-99.2882,4/23/24
OAES-32-1-Rh,D11,Astragalus nuttallianus var. austrinus,6/10/24,0,0,Quarter,OAES-32,ethanol,rhizosphere,Fabaceae,OAES,Astragalus,Galegeae,OAES_006_R,Washita,OK,yes,35.2455,-99.04049,4/24/24
OAES-32-1-Ro,D11,Astragalus nuttallianus var. austrinus,6/10/24,0,0,Quarter,OAES-32,ethanol,root,Fabaceae,OAES,Astragalus,Galegeae,OAES_006_R,Washita,OK,yes,35.2455,-99.04049,4/24/24
OAES-32-1-No,D11,Astragalus nuttallianus var. austrinus,6/10/24,1.985,393.03,Half,OAES-32,ethanol,nodule,Fabaceae,OAES,Astragalus,Galegeae,OAES_006_R,Washita,OK,yes,35.2455,-99.04049,4/24/24
OAES-33-1-Rh,D11,Astragalus missouriensis,6/13/24,0,0,Quarter,OAES-33,ethanol,rhizosphere,Fabaceae,OAES,Astragalus,Galegeae,OAES_004_R,Washita,OK,yes,35.41213,-99.085338,4/24/24
OAES-33-1-Ro,D11,Astragalus missouriensis,6/13/24,0,0,Quarter,OAES-33,ethanol,root,Fabaceae,OAES,Astragalus,Galegeae,OAES_004_R,Washita,OK,yes,35.41213,-99.085338,4/24/24
OAES-33-1-No,D11,Astragalus missouriensis,6/13/24,0.4725,93.555,Quarter,OAES-33,ethanol,nodule,Fabaceae,OAES,Astragalus,Galegeae,OAES_004_R,Washita,OK,yes,35.41213,-99.085338,4/24/24
OAES-34-1-Rh,D11,Astragalus lotiflorus,6/13/24,0,0,Quarter,OAES-34,ethanol,rhizosphere,Fabaceae,OAES,Astragalus,Galegeae,OAES_004_M,Washita,OK,yes,32.2479,-99.5007,4/24/24
OAES-34-1-Ro,D11,Astragalus lotiflorus,6/13/24,0,0,Quarter,OAES-34,ethanol,root,Fabaceae,OAES,Astragalus,Galegeae,OAES_004_M,Washita,OK,yes,32.2479,-99.5007,4/24/24
OAES-34-1-No,D11,Astragalus lotiflorus,6/13/24,1.22,241.56,Quarter,OAES-34,ethanol,nodule,Fabaceae,OAES,Astragalus,Galegeae,OAES_004_M,Washita,OK,yes,32.2479,-99.5007,4/24/24
CLBJ-6-3-Rh,D11,Indigofera miniata,6/13/24,0,0,Quarter,CLBJ-6,ethanol,rhizosphere,Fabaceae,CLBJ,Indigofera,Indigofereae,CLBJ_001_T,Wise,TX,yes,33.39787,-97.568339,4/30/24
CLBJ-6-3-Ro,D11,Indigofera miniata,6/13/24,0,0,Quarter,CLBJ-6,ethanol,root,Fabaceae,CLBJ,Indigofera,Indigofereae,CLBJ_001_T,Wise,TX,yes,33.39787,-97.568339,4/30/24
CLBJ-6-3-No,D11,Indigofera miniata,6/13/24,0,0,Quarter,CLBJ-6,ethanol,nodule,Fabaceae,CLBJ,Indigofera,Indigofereae,CLBJ_001_T,Wise,TX,yes,33.39787,-97.568339,4/30/24
CLBJ-7-1-Rh,D11,Neptunia lutea,6/13/24,0,0,Quarter,CLBJ-7,ethanol,rhizosphere,Fabaceae,CLBJ,Neptunia,Mimosoideae,CLBJ_001_T,Wise,TX,yes,33.39787,-97.568339,4/30/24
CLBJ-7-1-Ro,D11,Neptunia lutea,6/13/24,0,0,Quarter,CLBJ-7,ethanol,root,Fabaceae,CLBJ,Neptunia,Mimosoideae,CLBJ_001_T,Wise,TX,yes,33.39787,-97.568339,4/30/24
CLBJ-7-1-No,D11,Neptunia lutea,6/13/24,0,0,Quarter,CLBJ-7,ethanol,nodule,Fabaceae,CLBJ,Neptunia,Mimosoideae,CLBJ_001_T,Wise,TX,yes,33.39787,-97.568339,4/30/24
CLBJ-8-1-Rh,D11,Gleditsia triacanthus,6/13/24,0,0,Quarter,CLBJ-8,ethanol,rhizosphere,Fabaceae,CLBJ,Gleditsia,Gleditsieae,CLBJ_001_T,Wise,TX,yes,33.39787,-97.568339,4/30/24
CLBJ-8-1-Ro,D11,Gleditsia triacanthus,6/13/24,0,0,Quarter,CLBJ-8,ethanol,root,Fabaceae,CLBJ,Gleditsia,Gleditsieae,CLBJ_001_T,Wise,TX,yes,33.39787,-97.568339,4/30/24
CLBJ-8-1-No,D11,Gleditsia triacanthus,6/13/24,0,0,Quarter,CLBJ-8,ethanol,nodule,Fabaceae,CLBJ,Gleditsia,Gleditsieae,CLBJ_001_T,Wise,TX,yes,33.39787,-97.568339,4/30/24
CLBJ-9-1-Rh,D11,Lespedeza procumbens,6/13/24,0,0,Quarter,CLBJ-9,ethanol,rhizosphere,Fabaceae,CLBJ,Lespedeza,Desmodieae,CLBJ_001_T,Wise,TX,yes,33.39787,-97.568339,4/30/24
CLBJ-9-1-Ro,D11,Lespedeza procumbens,6/13/24,0,0,Quarter,CLBJ-9,ethanol,root,Fabaceae,CLBJ,Lespedeza,Desmodieae,CLBJ_001_T,Wise,TX,yes,33.39787,-97.568339,4/30/24
CLBJ-9-1-No,D11,Lespedeza procumbens,6/13/24,0,0,Quarter,CLBJ-9,ethanol,nodule,Fabaceae,CLBJ,Lespedeza,Desmodieae,CLBJ_001_T,Wise,TX,yes,33.39787,-97.568339,4/30/24
CLBJ-10-1-Rh,D11,Desmodium sessifolium,6/13/24,0,0,Quarter,CLBJ-10,dry,rhizosphere,Fabaceae,CLBJ,Desmodium,Desmodieae,CLBJ_002_T,Wise,TX,yes,33.40398,-97.57114,5/8/24
CLBJ-10-1-Ro,D11,Desmodium sessifolium,6/13/24,0,0,Quarter,CLBJ-10,dry,root,Fabaceae,CLBJ,Desmodium,Desmodieae,CLBJ_002_T,Wise,TX,yes,33.40398,-97.57114,5/8/24
CLBJ-10-1-No,D11,Desmodium sessifolium,6/13/24,0.488,96.624,Quarter,CLBJ-10,dry,nodule,Fabaceae,CLBJ,Desmodium,Desmodieae,CLBJ_002_T,Wise,TX,yes,33.40398,-97.57114,5/8/24
CLBJ-11-1-Rh,D11,Pediomelum rhombifolium,6/13/24,0,0,Quarter,CLBJ-11,dry,rhizosphere,Fabaceae,CLBJ,Pediomelum,Psoraleeae,CLBJ_002_T,Wise,TX,yes,33.40398,-97.57114,5/8/24
CLBJ-11-1-Ro,D11,Pediomelum rhombifolium,6/13/24,0,0,Quarter,CLBJ-11,dry,root,Fabaceae,CLBJ,Pediomelum,Psoraleeae,CLBJ_002_T,Wise,TX,yes,33.40398,-97.57114,5/8/24
CLBJ-11-1-No,D11,Pediomelum rhombifolium,6/13/24,0,0,Quarter,CLBJ-11,dry,nodule,Fabaceae,CLBJ,Pediomelum,Psoraleeae,CLBJ_002_T,Wise,TX,yes,33.40398,-97.57114,5/8/24
CLBJ-12-2-Rh,D11,Astragalus sp,6/19/24,0,0,Quarter,CLBJ-12,dry,rhizosphere,Fabaceae,CLBJ,Astragalus,Galegeae,CLBJ_002_T,Wise,TX,yes,33.40398,-97.57114,5/8/24
CLBJ-12-2-Ro,D11,Astragalus sp,6/19/24,0,0,Quarter,CLBJ-12,dry,root,Fabaceae,CLBJ,Astragalus,Galegeae,CLBJ_002_T,Wise,TX,yes,33.40398,-97.57114,5/8/24
CLBJ-12-2-No,D11,Astragalus sp,6/19/24,0,0,Quarter,CLBJ-12,dry,nodule,Fabaceae,CLBJ,Astragalus,Galegeae,CLBJ_002_T,Wise,TX,yes,33.40398,-97.57114,5/8/24
CLBJ-13-1-Rh,D11,Lespedeza stuevei,6/19/24,0,0,Quarter,CLBJ-13,dry,rhizosphere,Fabaceae,CLBJ,Lespedeza,Desmodieae,CLBJ_002_T,Wise,TX,yes,33.40398,-97.57114,5/8/24
CLBJ-13-1-Ro,D11,Lespedeza stuevei,6/19/24,0.0835,4.008,Quarter,CLBJ-13,dry,root,Fabaceae,CLBJ,Lespedeza,Desmodieae,CLBJ_002_T,Wise,TX,yes,33.40398,-97.57114,5/8/24
CLBJ-13-1-No,D11,Lespedeza stuevei,6/19/24,1.135,54.48,Quarter,CLBJ-13,dry,nodule,Fabaceae,CLBJ,Lespedeza,Desmodieae,CLBJ_002_T,Wise,TX,yes,33.40398,-97.57114,5/8/24
CLBJ-14-1-Rh,D11,Strophostyles leiosperma,6/19/24,0,0,Quarter,CLBJ-14,dry,rhizosphere,Fabaceae,CLBJ,Strophostyles,Phaseoleae,CLBJ_002_T,Wise,TX,yes,33.40398,-97.57114,5/8/24
CLBJ-14-1-Ro,D11,Strophostyles leiosperma,6/19/24,0,0,Quarter,CLBJ-14,dry,root,Fabaceae,CLBJ,Strophostyles,Phaseoleae,CLBJ_002_T,Wise,TX,yes,33.40398,-97.57114,5/8/24
CLBJ-14-1-No,D11,Strophostyles leiosperma,6/19/24,9.205,441.84,Half,CLBJ-14,dry,nodule,Fabaceae,CLBJ,Strophostyles,Phaseoleae,CLBJ_002_T,Wise,TX,yes,33.40398,-97.57114,5/8/24
CLBJ-15-1-Rh,D11,Lespedeza procumbens,6/19/24,0,0,Quarter,CLBJ-15,dry,rhizosphere,Fabaceae,CLBJ,Lespedeza,Desmodieae,CLBJ_002_T,Wise,TX,yes,33.40398,-97.57114,5/8/24
CLBJ-15-1-Ro,D11,Lespedeza procumbens,6/19/24,0,0,Quarter,CLBJ-15,dry,root,Fabaceae,CLBJ,Lespedeza,Desmodieae,CLBJ_002_T,Wise,TX,yes,33.40398,-97.57114,5/8/24
CLBJ-15-1-No,D11,Lespedeza procumbens,6/19/24,0.9465,45.432,Quarter,CLBJ-15,dry,nodule,Fabaceae,CLBJ,Lespedeza,Desmodieae,CLBJ_002_T,Wise,TX,yes,33.40398,-97.57114,5/8/24
CLBJ-16-2-Rh,D11,Lespedeza virginica,6/19/24,0,0,Quarter,CLBJ-16,dry,rhizosphere,Fabaceae,CLBJ,Lespedeza,Desmodieae,CLBJ_003_T,Wise,TX,yes,33.403989,-97.572744,5/8/24
CLBJ-16-2-Ro,D11,Lespedeza virginica,6/19/24,0.0775,3.72,Quarter,CLBJ-16,dry,root,Fabaceae,CLBJ,Lespedeza,Desmodieae,CLBJ_003_T,Wise,TX,yes,33.403989,-97.572744,5/8/24
CLBJ-16-2-No,D11,Lespedeza virginica,6/19/24,1.385,66.48,Quarter,CLBJ-16,dry,nodule,Fabaceae,CLBJ,Lespedeza,Desmodieae,CLBJ_003_T,Wise,TX,yes,33.403989,-97.572744,5/8/24
CLBJ-17-1-Rh,D11,Lespedeza stuevei,6/19/24,0,0,Quarter,CLBJ-17,dry,rhizosphere,Fabaceae,CLBJ,Lespedeza,Desmodieae,CLBJ_003_T,Wise,TX,yes,33.403989,-97.572744,5/8/24
CLBJ-17-1-Ro,D11,Lespedeza stuevei,6/19/24,0,0,Quarter,CLBJ-17,dry,root,Fabaceae,CLBJ,Lespedeza,Desmodieae,CLBJ_003_T,Wise,TX,yes,33.403989,-97.572744,5/8/24
CLBJ-17-1-No,D11,Lespedeza stuevei,6/19/24,4.41,211.68,Quarter,CLBJ-17,dry,nodule,Fabaceae,CLBJ,Lespedeza,Desmodieae,CLBJ_003_T,Wise,TX,yes,33.403989,-97.572744,5/8/24
CLBJ-18-1-Rh,D11,Tephrosia virginiana,6/20/24,0.6115,29.352,Quarter,CLBJ-18,dry,rhizosphere,Fabaceae,CLBJ,Tephrosia,Millettieae,CLBJ_003_T,Wise,TX,yes,33.403989,-97.572744,5/8/24
CLBJ-18-1-Ro,D11,Tephrosia virginiana,6/20/24,0,0,Quarter,CLBJ-18,dry,root,Fabaceae,CLBJ,Tephrosia,Millettieae,CLBJ_003_T,Wise,TX,yes,33.403989,-97.572744,5/8/24
CLBJ-18-1-No,D11,Tephrosia virginiana,6/20/24,19.25,924,Half,CLBJ-18,dry,nodule,Fabaceae,CLBJ,Tephrosia,Millettieae,CLBJ_003_T,Wise,TX,yes,33.403989,-97.572744,5/8/24
CLBJ-19-1-Rh,D11,Stylosanthes biflora,6/20/24,0.0985,4.728,Quarter,CLBJ-19,dry,rhizosphere,Fabaceae,CLBJ,Stylosanthes,Dalbergieae,CLBJ_003_T,Wise,TX,yes,33.403989,-97.572744,5/8/24
CLBJ-19-1-Ro,D11,Stylosanthes biflora,6/20/24,0,0,Quarter,CLBJ-19,dry,root,Fabaceae,CLBJ,Stylosanthes,Dalbergieae,CLBJ_003_T,Wise,TX,yes,33.403989,-97.572744,5/8/24
CLBJ-19-1-No,D11,Stylosanthes biflora,6/20/24,5.495,263.76,Half,CLBJ-19,dry,nodule,Fabaceae,CLBJ,Stylosanthes,Dalbergieae,CLBJ_003_T,Wise,TX,yes,33.403989,-97.572744,5/8/24
CLBJ-20-1-Rh,D11,Clitoria mariana,6/20/24,0.435,20.88,Quarter,CLBJ-20,dry,rhizosphere,Fabaceae,CLBJ,Clitoria,Phaseoleae,CLBJ_003_T,Wise,TX,yes,33.403989,-97.572744,5/8/24
CLBJ-20-1-Ro,D11,Clitoria mariana,6/20/24,0,0,Quarter,CLBJ-20,dry,root,Fabaceae,CLBJ,Clitoria,Phaseoleae,CLBJ_003_T,Wise,TX,yes,33.403989,-97.572744,5/8/24
CLBJ-20-1-No,D11,Clitoria mariana,6/20/24,46.25,2220,Half,CLBJ-20,dry,nodule,Fabaceae,CLBJ,Clitoria,Phaseoleae,CLBJ_003_T,Wise,TX,yes,33.403989,-97.572744,5/8/24
CLBJ-21-1-Rh,D11,Desmodium sessifolium,6/20/24,0,0,Quarter,CLBJ-21,dry,rhizosphere,Fabaceae,CLBJ,Desmodium,Desmodieae,CLBJ_003_T,Wise,TX,yes,33.403989,-97.572744,5/8/24
CLBJ-21-1-Ro,D11,Desmodium sessifolium,6/20/24,0.708,33.984,Quarter,CLBJ-21,dry,root,Fabaceae,CLBJ,Desmodium,Desmodieae,CLBJ_003_T,Wise,TX,yes,33.403989,-97.572744,5/8/24
CLBJ-21-1-No,D11,Desmodium sessifolium,6/20/24,24.35,1168.8,Half,CLBJ-21,dry,nodule,Fabaceae,CLBJ,Desmodium,Desmodieae,CLBJ_003_T,Wise,TX,yes,33.403989,-97.572744,5/8/24
CLBJ-22-1-Rh,D11,Lespedeza cuneata,6/20/24,4.135,198.48,Quarter,CLBJ-22,dry,rhizosphere,Fabaceae,CLBJ,Lespedeza,Desmodieae,CLBJ_003_T,Wise,TX,no,33.403989,-97.572744,5/8/24
CLBJ-22-1-Ro,D11,Lespedeza cuneata,6/20/24,0.068,3.264,Quarter,CLBJ-22,dry,root,Fabaceae,CLBJ,Lespedeza,Desmodieae,CLBJ_003_T,Wise,TX,no,33.403989,-97.572744,5/8/24
CLBJ-22-1-No,D11,Lespedeza cuneata,6/20/24,5.605,269.04,Half,CLBJ-22,dry,nodule,Fabaceae,CLBJ,Lespedeza,Desmodieae,CLBJ_003_T,Wise,TX,no,33.403989,-97.572744,5/8/24
CLBJ-23-1-Rh,D11,Acmispon americanus,6/20/24,0.069,3.312,Quarter,CLBJ-23,dry,rhizosphere,Fabaceae,CLBJ,Acmispon,Loteae,CLBJ_003_T,Wise,TX,yes,33.403989,-97.572744,5/8/24
CLBJ-23-1-Ro,D11,Acmispon americanus,6/20/24,0.177,8.496,Quarter,CLBJ-23,dry,root,Fabaceae,CLBJ,Acmispon,Loteae,CLBJ_003_T,Wise,TX,yes,33.403989,-97.572744,5/8/24
CLBJ-23-1-No,D11,Acmispon americanus,6/20/24,0.891,42.768,Quarter,CLBJ-23,dry,nodule,Fabaceae,CLBJ,Acmispon,Loteae,CLBJ_003_T,Wise,TX,yes,33.403989,-97.572744,5/8/24
OAES-1-1-Rh,D11,Astragalus distortus,6/25/24,0,0,Quarter,OAES-1,ethanol,rhizosphere,Fabaceae,OAES,Astragalus,Galegeae,OAES_055_T,Washita,OK,yes,35.41368,-99.05573,3/27/24
OAES-1-1-Ro,D11,Astragalus distortus,6/25/24,0,0,Quarter,OAES-1,ethanol,root,Fabaceae,OAES,Astragalus,Galegeae,OAES_055_T,Washita,OK,yes,35.41368,-99.05573,3/27/24
OAES-1-1-No,D11,Astragalus distortus,6/25/24,0.0895,4.296,Quarter,OAES-1,ethanol,nodule,Fabaceae,OAES,Astragalus,Galegeae,OAES_055_T,Washita,OK,yes,35.41368,-99.05573,3/27/24
OAES-2-1-Rh,D11,Medicago minima,6/25/24,0,0,Quarter,OAES-2,ethanol,rhizosphere,Fabaceae,OAES,Medicago,Trifolieae,OAES_055_T,Washita,OK,no,35.41368,-99.05573,3/27/24
OAES-2-1-Ro,D11,Medicago minima,6/25/24,0.1695,8.136,Quarter,OAES-2,ethanol,root,Fabaceae,OAES,Medicago,Trifolieae,OAES_055_T,Washita,OK,no,35.41368,-99.05573,3/27/24
OAES-2-1-No,D11,Medicago minima,6/25/24,2.38,114.24,Quarter,OAES-2,ethanol,nodule,Fabaceae,OAES,Medicago,Trifolieae,OAES_055_T,Washita,OK,no,35.41368,-99.05573,3/27/24
OAES-3-1-Rh,D11,Astragalus plattensis,6/25/24,0,0,Quarter,OAES-3,ethanol,rhizosphere,Fabaceae,OAES,Astragalus,Galegeae,OAES_065_T,Washita,OK,yes,35.41314,-99.05573,3/27/24
OAES-3-1-Ro,D11,Astragalus plattensis,6/25/24,0.183,8.784,Quarter,OAES-3,ethanol,root,Fabaceae,OAES,Astragalus,Galegeae,OAES_065_T,Washita,OK,yes,35.41314,-99.05573,3/27/24
OAES-3-1-No,D11,Astragalus plattensis,6/25/24,1.715,82.32,Quarter,OAES-3,ethanol,nodule,Fabaceae,OAES,Astragalus,Galegeae,OAES_065_T,Washita,OK,yes,35.41314,-99.05573,3/27/24
OAES-4-1-Rh,D11,Astragalus nuttallianus var. nuttallianus,6/25/24,0,0,Quarter,OAES-4,ethanol,rhizosphere,Fabaceae,OAES,Astragalus,Galegeae,OAES_042_T,Washita,OK,yes,35.40889,-99.05649,4/2/24
OAES-4-1-Ro,D11,Astragalus nuttallianus var. nuttallianus,6/25/24,0.4035,19.368,Quarter,OAES-4,ethanol,root,Fabaceae,OAES,Astragalus,Galegeae,OAES_042_T,Washita,OK,yes,35.40889,-99.05649,4/2/24
OAES-4-1-No,D11,Astragalus nuttallianus var. nuttallianus,6/25/24,0,0,Quarter,OAES-4,ethanol,nodule,Fabaceae,OAES,Astragalus,Galegeae,OAES_042_T,Washita,OK,yes,35.40889,-99.05649,4/2/24
OAES-5-Rh,D11,Dalea aurea,6/25/24,0.617,29.616,Quarter,OAES-5,ethanol,rhizosphere,Fabaceae,OAES,Dalea,Amorpheae,OAES_043_T,Washita,OK,yes,35.40511,-99.05857,4/2/24
OAES-5-Ro,D11,Dalea aurea,6/25/24,1.125,54,Quarter,OAES-5,ethanol,root,Fabaceae,OAES,Dalea,Amorpheae,OAES_043_T,Washita,OK,yes,35.40511,-99.05857,4/2/24
OAES-5-No,D11,Dalea aurea,6/25/24,0,0,Quarter,OAES-5,ethanol,nodule,Fabaceae,OAES,Dalea,Amorpheae,OAES_043_T,Washita,OK,yes,35.40511,-99.05857,4/2/24
OAES-6-1-Rh,D11,Astragalus nuttallianus var. austrinus,6/25/24,0.4705,22.584,Quarter,OAES-6,ethanol,rhizosphere,Fabaceae,OAES,Astragalus,Galegeae,OAES_043_T,Washita,OK,yes,35.40511,-99.05857,4/2/24
OAES-6-1-Ro,D11,Astragalus nuttallianus var. austrinus,6/25/24,0.655,31.44,Quarter,OAES-6,ethanol,root,Fabaceae,OAES,Astragalus,Galegeae,OAES_043_T,Washita,OK,yes,35.40511,-99.05857,4/2/24
OAES-6-1-No,D11,Astragalus nuttallianus var. austrinus,6/25/24,32.4,1555.2,Half,OAES-6,ethanol,nodule,Fabaceae,OAES,Astragalus,Galegeae,OAES_043_T,Washita,OK,yes,35.40511,-99.05857,4/2/24
OAES-7-1-Rh,D11,Astragalus nuttallianus var. nuttallianus,6/25/24,0,0,Quarter,OAES-7,ethanol,rhizosphere,Fabaceae,OAES,Astragalus,Galegeae,OAES_043_T,Washita,OK,yes,35.40511,-99.05857,4/2/24
OAES-7-1-Ro,D11,Astragalus nuttallianus var. nuttallianus,6/25/24,2.01,96.48,Quarter,OAES-7,ethanol,root,Fabaceae,OAES,Astragalus,Galegeae,OAES_043_T,Washita,OK,yes,35.40511,-99.05857,4/2/24
OAES-7-1-No,D11,Astragalus nuttallianus var. nuttallianus,6/25/24,3.24,155.52,Quarter,OAES-7,ethanol,nodule,Fabaceae,OAES,Astragalus,Galegeae,OAES_043_T,Washita,OK,yes,35.40511,-99.05857,4/2/24
OAES-8-2-Rh,D11,Astragalus plattensis,6/25/24,0,0,Quarter,OAES-8,ethanol,rhizosphere,Fabaceae,OAES,Astragalus,Galegeae,OAES_044_T,Washita,OK,yes,35.40431,-99.05922,4/2/24
OAES-8-2-Ro,D11,Astragalus plattensis,6/25/24,0.6885,33.048,Quarter,OAES-8,ethanol,root,Fabaceae,OAES,Astragalus,Galegeae,OAES_044_T,Washita,OK,yes,35.40431,-99.05922,4/2/24
OAES-8-2-No,D11,Astragalus plattensis,6/25/24,1.075,51.6,Quarter,OAES-8,ethanol,nodule,Fabaceae,OAES,Astragalus,Galegeae,OAES_044_T,Washita,OK,yes,35.40431,-99.05922,4/2/24
CLBJ-1-1-Rh,D11,Vicia sativa,7/9/24,1.255,60.24,Quarter,CLBJ-1,dry,rhizosphere,Fabaceae,CLBJ,Vicia,Fabeae,CLBJ_001_T,Wise,TX,no,33.23888,-97.34109,3/20/24
CLBJ-1-1-No,D11,Vicia sativa,7/9/24,48.65,2335.2,Half,CLBJ-1,dry,nodule,Fabaceae,CLBJ,Vicia,Fabeae,CLBJ_001_T,Wise,TX,no,33.23888,-97.34109,3/20/24
CLBJ-1-1-Ro,D11,Vicia sativa,7/9/24,1.305,62.64,Quarter,CLBJ-1,dry,root,Fabaceae,CLBJ,Vicia,Fabeae,CLBJ_001_T,Wise,TX,no,33.23888,-97.34109,3/20/24
CLBJ-2-Rh,D11,Dalea compacta,7/9/24,0,0,Quarter,CLBJ-2,dry,rhizosphere,Fabaceae,CLBJ,Dalea,Amorpheae,CLBJ_001_T,Wise,TX,yes,33.23888,-97.34109,3/20/24
CLBJ-2-No,D11,Dalea compacta,7/9/24,0,0,Quarter,CLBJ-2,dry,nodule,Fabaceae,CLBJ,Dalea,Amorpheae,CLBJ_001_T,Wise,TX,yes,33.23888,-97.34109,3/20/24
CLBJ-2-Ro,D11,Dalea compacta,7/9/24,0.1705,8.184,Quarter,CLBJ-2,dry,root,Fabaceae,CLBJ,Dalea,Amorpheae,CLBJ_001_T,Wise,TX,yes,33.23888,-97.34109,3/20/24
CLBJ-3-1-Rh,D11,Vicia sativa,7/9/24,1.025,49.2,Quarter,CLBJ-3,dry,rhizosphere,Fabaceae,CLBJ,Vicia,Fabeae,CLBJ_036_R,Wise,TX,no,33.23844,-97.34788,3/20/24
CLBJ-3-1-No,D11,Vicia sativa,7/9/24,2.35,112.8,Quarter,CLBJ-3,dry,nodule,Fabaceae,CLBJ,Vicia,Fabeae,CLBJ_036_R,Wise,TX,no,33.23844,-97.34788,3/20/24
CLBJ-3-1-Ro,D11,Vicia sativa,7/9/24,0,0,Quarter,CLBJ-3,dry,root,Fabaceae,CLBJ,Vicia,Fabeae,CLBJ_036_R,Wise,TX,no,33.23844,-97.34788,3/20/24
CLBJ-4-1-Rh,D11,Dalea aurea,7/9/24,0,0,Quarter,CLBJ-4,dry,rhizosphere,Fabaceae,CLBJ,Dalea,Amorpheae,CLBJ_036_R,Wise,TX,yes,33.32958,-97.58034,3/21/24
CLBJ-4-1-No,D11,Dalea aurea,7/9/24,1.845,88.56,Quarter,CLBJ-4,dry,nodule,Fabaceae,CLBJ,Dalea,Amorpheae,CLBJ_036_R,Wise,TX,yes,33.32958,-97.58034,3/21/24
CLBJ-4-1-Ro,D11,Dalea aurea,7/9/24,0.17,8.16,Quarter,CLBJ-4,dry,root,Fabaceae,CLBJ,Dalea,Amorpheae,CLBJ_036_R,Wise,TX,yes,33.32958,-97.58034,3/21/24
CLBJ-5-2-Rh,D11,Astragalus lotiflorus,7/9/24,1.28,61.44,Quarter,CLBJ-5,dry,rhizosphere,Fabaceae,CLBJ,Astragalus,Galegeae,CLBJ_036R,Wise,TX,yes,33.32951,-97.58059,3/21/24
CLBJ-5-2-No,D11,Astragalus lotiflorus,7/9/24,2.79,133.92,Quarter,CLBJ-5,dry,nodule,Fabaceae,CLBJ,Astragalus,Galegeae,CLBJ_036R,Wise,TX,yes,33.32951,-97.58059,3/21/24
CLBJ-5-2-Ro,D11,Astragalus lotiflorus,7/9/24,0.4915,23.592,Quarter,CLBJ-5,dry,root,Fabaceae,CLBJ,Astragalus,Galegeae,CLBJ_036R,Wise,TX,yes,33.32951,-97.58059,3/21/24
JERC-1-2-Rh,D03,Astragalus villosus,7/15/24,0.437,20.976,Quarter,JERC-ASVI-1,dry,rhizosphere,Fabaceae,JERC,Astragalus,Galegeae,JERC_030,Baker County,Georgia,yes,31.184164,-84.475005,20240319
JERC-1-2-No,D03,Astragalus villosus,7/15/24,0.084,4.032,Quarter,JERC-ASVI-1,dry,nodule,Fabaceae,JERC,Astragalus,Galegeae,JERC_030,Baker County,Georgia,yes,31.184164,-84.475005,20240319
JERC-1-2-Ro,D03,Astragalus villosus,7/15/24,0,0,Quarter,JERC-ASVI-1,dry,root,Fabaceae,JERC,Astragalus,Galegeae,JERC_030,Baker County,Georgia,yes,31.184164,-84.475005,20240319
JERC-2-1-Rh,D03,Vicia sativa,7/15/24,0.1035,4.968,Quarter,JERC-VISA-2,dry,rhizosphere,Fabaceae,JERC,Vicia,Fabeae,JERC_012,Baker County,Georgia,no,31.189973,-84.446402,20240320
JERC-2-1-No,D03,Vicia sativa,7/15/24,3.865,185.52,Quarter,JERC-VISA-2,dry,nodule,Fabaceae,JERC,Vicia,Fabeae,JERC_012,Baker County,Georgia,no,31.189973,-84.446402,20240320
JERC-2-1-Ro,D03,Vicia sativa,7/15/24,1.215,58.32,Quarter,JERC-VISA-2,dry,root,Fabaceae,JERC,Vicia,Fabeae,JERC_012,Baker County,Georgia,no,31.189973,-84.446402,20240320
JERC-3-1-Rh,D03,Vicia sativa,7/15/24,0,0,Quarter,JERC-VISA-3,dry,rhizosphere,Fabaceae,JERC,Vicia,Fabeae,JERC_012,Baker County,Georgia,no,31.189973,-84.446402,20240320
JERC-3-1-No,D03,Vicia sativa,7/15/24,14.6,700.8,Half,JERC-VISA-3,dry,nodule,Fabaceae,JERC,Vicia,Fabeae,JERC_012,Baker County,Georgia,no,31.189973,-84.446402,20240320
JERC-3-1-Ro,D03,Vicia sativa,7/15/24,0.4855,23.304,Quarter,JERC-VISA-3,dry,root,Fabaceae,JERC,Vicia,Fabeae,JERC_012,Baker County,Georgia,no,31.189973,-84.446402,20240320
JERC-4-1-Rh,D03,Vicia sativa,7/15/24,0,0,Quarter,JERC-VISA-4,dry,rhizosphere,Fabaceae,JERC,Vicia,Fabeae,JERC_012,Baker County,Georgia,no,31.189973,-84.446402,20240320
JERC-4-1-No,D03,Vicia sativa,7/15/24,0.5195,24.936,Quarter,JERC-VISA-4,dry,nodule,Fabaceae,JERC,Vicia,Fabeae,JERC_012,Baker County,Georgia,no,31.189973,-84.446402,20240320
JERC-4-1-Ro,D03,Vicia sativa,7/15/24,0,0,Quarter,JERC-VISA-4,dry,root,Fabaceae,JERC,Vicia,Fabeae,JERC_012,Baker County,Georgia,no,31.189973,-84.446402,20240320
JERC-5-3-Rh,D03,Vicia sativa,7/15/24,0,0,Quarter,JERC-VISA-5,dry,rhizosphere,Fabaceae,JERC,Vicia,Fabeae,JERC_012,Baker County,Georgia,no,31.189933,-84.4464909,20240320
JERC-5-3-No,D03,Vicia sativa,7/15/24,8.42,404.16,Half,JERC-VISA-5,dry,nodule,Fabaceae,JERC,Vicia,Fabeae,JERC_012,Baker County,Georgia,no,31.189933,-84.4464909,20240320
JERC-5-3-Ro,D03,Vicia sativa,7/15/24,0.051,2.448,Quarter,JERC-VISA-5,dry,root,Fabaceae,JERC,Vicia,Fabeae,JERC_012,Baker County,Georgia,no,31.189933,-84.4464909,20240320
JERC-6-3-Rh,D03,Vicia sativa,7/15/24,0,0,Quarter,JERC-VISA-6,dry,rhizosphere,Fabaceae,JERC,Vicia,Fabeae,JERC_012,Baker County,Georgia,no,31.189973,-84.446402,20240320
JERC-6-3-No,D03,Vicia sativa,7/15/24,0,0,Quarter,JERC-VISA-6,dry,nodule,Fabaceae,JERC,Vicia,Fabeae,JERC_012,Baker County,Georgia,no,31.189973,-84.446402,20240320
JERC-6-3-Ro,D03,Vicia sativa,7/15/24,0,0,Quarter,JERC-VISA-6,dry,root,Fabaceae,JERC,Vicia,Fabeae,JERC_012,Baker County,Georgia,no,31.189973,-84.446402,20240320
JERC-7-2-Rh,D03,Baptisia alba,7/15/24,0,0,Quarter,JERC-BAAL-7,dry,rhizosphere,Fabaceae,JERC,Baptisia,Sophoreae,JERC_008,Baker County,Georgia,yes,31.1859357,-84.4376644,20240327
JERC-7-2-No,D03,Baptisia alba,7/15/24,0.091,4.368,Quarter,JERC-BAAL-7,dry,nodule,Fabaceae,JERC,Baptisia,Sophoreae,JERC_008,Baker County,Georgia,yes,31.1859357,-84.4376644,20240327
JERC-7-2-Ro,D03,Baptisia alba,7/15/24,0,0,Quarter,JERC-BAAL-7,dry,root,Fabaceae,JERC,Baptisia,Sophoreae,JERC_008,Baker County,Georgia,yes,31.1859357,-84.4376644,20240327
JERC-8-2-Rh,D03,Ceanothus microphyllus,7/15/24,0,0,Quarter,JERC-CEMI-8,dry,rhizosphere,Rhamnaceae,JERC,Ceanothus,actinorhizal,JERC_004,Baker County,Georgia,yes,31.1932787,-84.4666015,20240327
JERC-8-2-No,D03,Ceanothus microphyllus,7/15/24,0.2285,10.968,Quarter,JERC-CEMI-8,dry,nodule,Rhamnaceae,JERC,Ceanothus,actinorhizal,JERC_004,Baker County,Georgia,yes,31.1932787,-84.4666015,20240327
JERC-8-2-Ro,D03,Ceanothus microphyllus,7/15/24,0,0,Quarter,JERC-CEMI-8,dry,root,Rhamnaceae,JERC,Ceanothus,actinorhizal,JERC_004,Baker County,Georgia,yes,31.1932787,-84.4666015,20240327
JERC-10-3-Rh,D03,Ceanothus microphyllus,7/15/24,0,0,Quarter,JERC-CEMI-10,dry,rhizosphere,Rhamnaceae,JERC,Ceanothus,actinorhizal,JERC_055,Baker County,Georgia,yes,,,20240327
JERC-10-3-No,D03,Ceanothus microphyllus,7/15/24,0.1875,9,Quarter,JERC-CEMI-10,dry,nodule,Rhamnaceae,JERC,Ceanothus,actinorhizal,JERC_055,Baker County,Georgia,yes,,,20240327
JERC-10-3-Ro,D03,Ceanothus microphyllus,7/15/24,0,0,Quarter,JERC-CEMI-10,dry,root,Rhamnaceae,JERC,Ceanothus,actinorhizal,JERC_055,Baker County,Georgia,yes,,,20240327
JERC-11-1-Rh,D03,Ceanothus microphyllus,7/15/24,0,0,Quarter,JERC-CEMI-11,dry,rhizosphere,Rhamnaceae,JERC,Ceanothus,actinorhizal,JERC_049,Baker County,Georgia,yes,,,20240327
JERC-11-1-No,D03,Ceanothus microphyllus,7/15/24,0.0995,4.776,Quarter,JERC-CEMI-11,dry,nodule,Rhamnaceae,JERC,Ceanothus,actinorhizal,JERC_049,Baker County,Georgia,yes,,,20240327
JERC-11-1-Ro,D03,Ceanothus microphyllus,7/15/24,0,0,Quarter,JERC-CEMI-11,dry,root,Rhamnaceae,JERC,Ceanothus,actinorhizal,JERC_049,Baker County,Georgia,yes,,,20240327
JERC-12-1-Rh,D03,Ceanothus microphyllus,7/15/24,0,0,Quarter,JERC-CEMI-12,dry,rhizosphere,Rhamnaceae,JERC,Ceanothus,actinorhizal,JERC_049,Baker County,Georgia,yes,,,20240327
JERC-12-1-No,D03,Ceanothus microphyllus,7/15/24,0.054,2.592,Quarter,JERC-CEMI-12,dry,nodule,Rhamnaceae,JERC,Ceanothus,actinorhizal,JERC_049,Baker County,Georgia,yes,,,20240327
JERC-12-1-Ro,D03,Ceanothus microphyllus,7/15/24,0,0,Quarter,JERC-CEMI-12,dry,root,Rhamnaceae,JERC,Ceanothus,actinorhizal,JERC_049,Baker County,Georgia,yes,,,20240327
JERC-13-3-Rh,D03,Vicia sativa,7/15/24,0,0,Quarter,JERC-VISA-13,dry,rhizosphere,Fabaceae,JERC,Vicia,Fabeae,JERC_066,Baker County,Georgia,no,,,20240327
JERC-13-3-No,D03,Vicia sativa,7/15/24,1.02,48.96,Quarter,JERC-VISA-13,dry,nodule,Fabaceae,JERC,Vicia,Fabeae,JERC_066,Baker County,Georgia,no,,,20240327
JERC-13-3-Ro,D03,Vicia sativa,7/15/24,5.625,270,Half,JERC-VISA-13,dry,root,Fabaceae,JERC,Vicia,Fabeae,JERC_066,Baker County,Georgia,no,,,20240327
OAES-9-1-Rh,D11,Astragalus missouriensis,7/9/24,0.505,24.24,Quarter,OAES-9,ethanol,rhizosphere,Fabaceae,OAES,Astragalus,Galegeae,OAES_044_T,Washita,OK,yes,35.24131,-99.33629,4/2/24
OAES-9-1-Ro,D11,Astragalus missouriensis,7/9/24,9.68,464.64,Half,OAES-9,ethanol,root,Fabaceae,OAES,Astragalus,Galegeae,OAES_044_T,Washita,OK,yes,35.24131,-99.33629,4/2/24
OAES-9-1-No,D11,Astragalus missouriensis,7/9/24,0,0,Quarter,OAES-9,ethanol,nodule,Fabaceae,OAES,Astragalus,Galegeae,OAES_044_T,Washita,OK,yes,35.24131,-99.33629,4/2/24
OAES-10-1-Rh,D11,Astragalus lotiflorus,7/9/24,0,0,Quarter,OAES-10,ethanol,rhizosphere,Fabaceae,OAES,Astragalus,Galegeae,OAES_044_T,Washita,OK,yes,35.24194,-99.33471,4/2/24
OAES-10-1-Ro,D11,Astragalus lotiflorus,7/9/24,0.065,3.12,Quarter,OAES-10,ethanol,root,Fabaceae,OAES,Astragalus,Galegeae,OAES_044_T,Washita,OK,yes,35.24194,-99.33471,4/2/24
OAES-10-1-No,D11,Astragalus lotiflorus,7/9/24,26.4,1267.2,Half,OAES-10,ethanol,nodule,Fabaceae,OAES,Astragalus,Galegeae,OAES_044_T,Washita,OK,yes,35.24194,-99.33471,4/2/24
OAES-11-1-Rh,D11,Astragalus latiflorus,7/9/24,0.2745,13.176,Quarter,OAES-11,ethanol,rhizosphere,Fabaceae,OAES,Astragalus,Galegeae,OAES_001_R,Washita ,OK,yes,35.41269,-99.05826,4/3/24
OAES-11-1-Ro,D11,Astragalus latiflorus,7/9/24,1.03,49.44,Quarter,OAES-11,ethanol,root,Fabaceae,OAES,Astragalus,Galegeae,OAES_001_R,Washita ,OK,yes,35.41269,-99.05826,4/3/24
OAES-11-1-No,D11,Astragalus latiflorus,7/9/24,16.75,804,Half,OAES-11,ethanol,nodule,Fabaceae,OAES,Astragalus,Galegeae,OAES_001_R,Washita ,OK,yes,35.41269,-99.05826,4/3/24
OAES-12-2-Rh,D11,Astragalus missouriensis,7/9/24,0,0,Quarter,OAES-12,ethanol,rhizosphere,Fabaceae,OAES,Astragalus,Galegeae,OAES_001_R,Washita,OK,yes,35.41269,-99.05826,4/3/24
OAES-12-2-Ro,D11,Astragalus missouriensis,7/9/24,1.025,49.2,Quarter,OAES-12,ethanol,root,Fabaceae,OAES,Astragalus,Galegeae,OAES_001_R,Washita,OK,yes,35.41269,-99.05826,4/3/24
OAES-12-2-No,D11,Astragalus missouriensis,7/9/24,19.9,955.2,Half,OAES-12,ethanol,nodule,Fabaceae,OAES,Astragalus,Galegeae,OAES_001_R,Washita,OK,yes,35.41269,-99.05826,4/3/24
JERC-RHRE-18-2-No,D03,Rhynchosia reniformis,,,,Quarter,JERC-RHRE-18,,nodule,Fabaceae,JERC,Rhynchosia,Phaseoleae,JERC_047,Baker County,Georgia,yes,,,20240528
OSBS-1-2-Rh,D03,Morella cerifera,8/14/24,1.0549,50.6352,Quarter,OSBS-MOCE-1,dry,rhizosphere,Myricaceae,OSBS,Morella,actinorhizal,OSBS_011,Putnam,FL,yes,,,20240424
OSBS-1-2-No,D03,Morella cerifera,8/14/24,0.695,33.36,Quarter,OSBS-MOCE-1,dry,nodule,Myricaceae,OSBS,Morella,actinorhizal,OSBS_011,Putnam,FL,yes,,,20240424
OSBS-1-2-Ro,D03,Morella cerifera,8/14/24,2.145,102.96,Quarter,OSBS-MOCE-1,dry,root,Myricaceae,OSBS,Morella,actinorhizal,OSBS_011,Putnam,FL,yes,,,20240424
OSBS-2-3-Rh,D03,Morella cerifera,8/14/24,3.3,158.4,Quarter,OSBS-MOCE-2,dry,rhizosphere,Myricaceae,OSBS,Morella,actinorhizal,OSBS_011,Putnam,FL,yes,,,20240424
OSBS-2-3-No,D03,Morella cerifera,8/14/24,7.39,354.72,Half,OSBS-MOCE-2,dry,nodule,Myricaceae,OSBS,Morella,actinorhizal,OSBS_011,Putnam,FL,yes,,,20240424
OSBS-2-3-Ro,D03,Morella cerifera,8/14/24,12.55,602.4,Half,OSBS-MOCE-2,dry,root,Myricaceae,OSBS,Morella,actinorhizal,OSBS_011,Putnam,FL,yes,,,20240424
OSBS-4-3-Rh,D03,Morella cerifera,8/14/24,0.291,13.968,Quarter,OSBS-MOCE-4,dry,rhizosphere,Myricaceae,OSBS,Morella,actinorhizal,OSBS_048,Putnam,FL,yes,,,20240424
OSBS-4-3-No,D03,Morella cerifera,8/14/24,9.745,467.76,Half,OSBS-MOCE-4,dry,nodule,Myricaceae,OSBS,Morella,actinorhizal,OSBS_048,Putnam,FL,yes,,,20240424
OSBS-4-3-Ro,D03,Morella cerifera,8/14/24,0,0,Quarter,OSBS-MOCE-4,dry,root,Myricaceae,OSBS,Morella,actinorhizal,OSBS_048,Putnam,FL,yes,,,20240424
OSBS-5-5-Rh,D03,Morella cerifera,8/14/24,3.29,157.92,Quarter,OSBS-MOCE-5,dry,rhizosphere,Myricaceae,OSBS,Morella,actinorhizal,OSBS_016,Putnam,FL,yes,,,20240424
OSBS-5-5-No,D03,Morella cerifera,8/14/24,11.3,542.4,Half,OSBS-MOCE-5,dry,nodule,Myricaceae,OSBS,Morella,actinorhizal,OSBS_016,Putnam,FL,yes,,,20240424
OSBS-5-5-Ro,D03,Morella cerifera,8/14/24,4.99,239.52,Quarter,OSBS-MOCE-5,dry,root,Myricaceae,OSBS,Morella,actinorhizal,OSBS_016,Putnam,FL,yes,,,20240424
OSBS-6-1-Rh,D03,Morella cerifera,8/14/24,0.264,12.672,Quarter,OSBS-MOCE-6,dry,rhizosphere,Myricaceae,OSBS,Morella,actinorhizal,OSBS_005,Putnam,FL,yes,,,20240424
OSBS-6-1-No,D03,Morella cerifera,8/14/24,0.1325,6.36,Quarter,OSBS-MOCE-6,dry,nodule,Myricaceae,OSBS,Morella,actinorhizal,OSBS_005,Putnam,FL,yes,,,20240424
OSBS-6-1-Ro,D03,Morella cerifera,8/14/24,0.6935,33.288,Quarter,OSBS-MOCE-6,dry,root,Myricaceae,OSBS,Morella,actinorhizal,OSBS_005,Putnam,FL,yes,,,20240424
OSBS-7-4-Rh,D03,Galactia elliottii,8/14/24,0.072,3.456,Quarter,OSBS-GAEL-7,dry,rhizosphere,Fabaceae,OSBS,Galactia,Diocleae,OSBS_016,Putnam,FL,yes,,,20240424
OSBS-7-4-No,D03,Galactia elliottii,8/14/24,2.22,106.56,Quarter,OSBS-GAEL-7,dry,nodule,Fabaceae,OSBS,Galactia,Diocleae,OSBS_016,Putnam,FL,yes,,,20240424
OSBS-7-4-Ro,D03,Galactia elliottii,8/14/24,0.0645,3.096,Quarter,OSBS-GAEL-7,dry,root,Fabaceae,OSBS,Galactia,Diocleae,OSBS_016,Putnam,FL,yes,,,20240424
OSBS-8-5-Rh,D03,Tephrosia virginiana,8/14/24,0.055,2.64,Quarter,OSBS-TEVI-8,dry,rhizosphere,Fabaceae,OSBS,Tephrosia,Millettieae,OSBS_029,Putnam,FL,yes,,,20240521
OSBS-8-5-No,D03,Tephrosia virginiana,8/14/24,0.0765,3.672,Quarter,OSBS-TEVI-8,dry,nodule,Fabaceae,OSBS,Tephrosia,Millettieae,OSBS_029,Putnam,FL,yes,,,20240521
OSBS-8-5-Ro,D03,Tephrosia virginiana,8/14/24,0.267,12.816,Quarter,OSBS-TEVI-8,dry,root,Fabaceae,OSBS,Tephrosia,Millettieae,OSBS_029,Putnam,FL,yes,,,20240521
OSBS-12-1-Rh,D03,Rhynchosia reniformis,8/14/24,0.1095,5.256,Quarter,OSBS-RHRE-12,dry,rhizosphere,Fabaceae,OSBS,Rhynchosia,Phaseoleae,OSBS_036,Putnam,FL,yes,,,20240521
OSBS-12-1-No,D03,Rhynchosia reniformis,8/14/24,0.059,2.832,Quarter,OSBS-RHRE-12,dry,nodule,Fabaceae,OSBS,Rhynchosia,Phaseoleae,OSBS_036,Putnam,FL,yes,,,20240521
OSBS-12-1-Ro,D03,Rhynchosia reniformis,8/14/24,5.595,268.56,Half,OSBS-RHRE-12,dry,root,Fabaceae,OSBS,Rhynchosia,Phaseoleae,OSBS_036,Putnam,FL,yes,,,20240521
OSBS-14-3-Rh,D03,Tephrosia virginiana,8/19/24,0.062,2.976,Quarter,OSBS-TEVI-14,dry,rhizosphere,Fabaceae,OSBS,Tephrosia,Millettieae,OSBS_026,Putnam,FL,yes,,,20240521
OSBS-14-3-No,D03,Tephrosia virginiana,8/19/24,0.4795,23.016,Quarter,OSBS-TEVI-14,dry,nodule,Fabaceae,OSBS,Tephrosia,Millettieae,OSBS_026,Putnam,FL,yes,,,20240521
OSBS-14-3-Ro,D03,Tephrosia virginiana,8/19/24,0.558,26.784,Quarter,OSBS-TEVI-14,dry,root,Fabaceae,OSBS,Tephrosia,Millettieae,OSBS_026,Putnam,FL,yes,,,20240521
OSBS-18-5-Rh,D03,Tephrosia virginiana,8/19/24,0.206,9.888,Quarter,OSBS-TEVI-18,dry,rhizosphere,Fabaceae,OSBS,Tephrosia,Millettieae,OSBS_063,Putnam,FL,yes,,,20240521
OSBS-18-5-No,D03,Tephrosia virginiana,8/19/24,2.595,124.56,Quarter,OSBS-TEVI-18,dry,nodule,Fabaceae,OSBS,Tephrosia,Millettieae,OSBS_063,Putnam,FL,yes,,,20240521
OSBS-18-5-Ro,D03,Tephrosia virginiana,8/19/24,0.1345,6.456,Quarter,OSBS-TEVI-18,dry,root,Fabaceae,OSBS,Tephrosia,Millettieae,OSBS_063,Putnam,FL,yes,,,20240521
OSBS-20-1-Rh,D03,Rhynchosia cinerea,8/19/24,0.185,8.88,Quarter,OSBS-RHCI-20,dry,rhizosphere,Fabaceae,OSBS,Rhynchosia,Phaseoleae,OSBS_063,Putnam,FL,yes,,,20240521
OSBS-20-1-No,D03,Rhynchosia cinerea,8/19/24,1.025,49.2,Quarter,OSBS-RHCI-20,dry,nodule,Fabaceae,OSBS,Rhynchosia,Phaseoleae,OSBS_063,Putnam,FL,yes,,,20240521
OSBS-20-1-Ro,D03,Rhynchosia cinerea,8/19/24,0.0725,3.48,Quarter,OSBS-RHCI-20,dry,root,Fabaceae,OSBS,Rhynchosia,Phaseoleae,OSBS_063,Putnam,FL,yes,,,20240521
OSBS-21-2-Rh,D03,Crotalaria maritima,8/19/24,0,0,Quarter,OSBS-CRMA-21,dry,rhizosphere,Fabaceae,OSBS,Crotalaria,Crotalarieae,OSBS_004,Putnam,FL,yes,,,20240521
OSBS-21-2-No,D03,Crotalaria maritima,8/19/24,0.082,3.936,Quarter,OSBS-CRMA-21,dry,nodule,Fabaceae,OSBS,Crotalaria,Crotalarieae,OSBS_004,Putnam,FL,yes,,,20240521
OSBS-21-2-Ro,D03,Crotalaria maritima,8/19/24,0.119,5.712,Quarter,OSBS-CRMA-21,dry,root,Fabaceae,OSBS,Crotalaria,Crotalarieae,OSBS_004,Putnam,FL,yes,,,20240521
DSNY-4-1-Rh,D03,Morella cerifera,8/14/24,3.695,177.36,Quarter,DSNY-MOCE-4,dry,rhizosphere,Myricaceae,DSNY,Morella,actinorhizal,DSNY_043,Osceola,Florida,yes,"28.1232 N, -81.434871 W. WGS84.",,20240312
DSNY-4-1-No,D03,Morella cerifera,8/14/24,29.25,1404,Half,DSNY-MOCE-4,dry,nodule,Myricaceae,DSNY,Morella,actinorhizal,DSNY_043,Osceola,Florida,yes,"28.1232 N, -81.434871 W. WGS84.",,20240312
DSNY-4-1-Ro,D03,Morella cerifera,8/14/24,1.81,86.88,Quarter,DSNY-MOCE-4,dry,root,Myricaceae,DSNY,Morella,actinorhizal,DSNY_043,Osceola,Florida,yes,"28.1232 N, -81.434871 W. WGS84.",,20240312
DSNY-5-1-Rh,D03,Crotalaria maritima,8/14/24,0.066,3.168,Quarter,DSNY-CRMA-5,dry,rhizosphere,Fabaceae,DSNY,Crotalaria,Crotalarieae,DSNY_006,Osceola,Florida,yes,"28.09298025 N, -81.39932663 W. WGS84.",,20240312
DSNY-5-1-No,D03,Crotalaria maritima,8/14/24,0.107,5.136,Quarter,DSNY-CRMA-5,dry,nodule,Fabaceae,DSNY,Crotalaria,Crotalarieae,DSNY_006,Osceola,Florida,yes,"28.09298025 N, -81.39932663 W. WGS84.",,20240312
DSNY-5-1-Ro,D03,Crotalaria maritima,8/14/24,4.655,223.44,Quarter,DSNY-CRMA-5,dry,root,Fabaceae,DSNY,Crotalaria,Crotalarieae,DSNY_006,Osceola,Florida,yes,"28.09298025 N, -81.39932663 W. WGS84.",,20240312
DSNY-6-2-Rh,D03,Morella pumila,8/14/24,0.852,40.896,Quarter,DSNY-MOPU-6,dry,rhizosphere,Myricaceae,DSNY,Morella,actinorhizal,DSNY_004,Osceola,Florida,yes,28.09974869,-81.39996247,20240319
DSNY-6-2-No,D03,Morella pumila,8/14/24,2.445,117.36,Quarter,DSNY-MOPU-6,dry,nodule,Myricaceae,DSNY,Morella,actinorhizal,DSNY_004,Osceola,Florida,yes,28.09974869,-81.39996247,20240319
DSNY-6-2-Ro,D03,Morella pumila,8/14/24,0.3435,16.488,Quarter,DSNY-MOPU-6,dry,root,Myricaceae,DSNY,Morella,actinorhizal,DSNY_004,Osceola,Florida,yes,28.09974869,-81.39996247,20240319
DSNY-7-1-Rh,D03,Morella pumila,8/14/24,2.32,111.36,Quarter,DSNY-MOPU-7,dry,rhizosphere,Myricaceae,DSNY,Morella,actinorhizal,DSNY_004,Osceola,Florida,yes,28.09974869,-81.39996247,20240319
DSNY-7-1-No,D03,Morella pumila,8/14/24,3.285,157.68,Quarter,DSNY-MOPU-7,dry,nodule,Myricaceae,DSNY,Morella,actinorhizal,DSNY_004,Osceola,Florida,yes,28.09974869,-81.39996247,20240319
DSNY-7-1-Ro,D03,Morella pumila,8/14/24,0.1825,8.76,Quarter,DSNY-MOPU-7,dry,root,Myricaceae,DSNY,Morella,actinorhizal,DSNY_004,Osceola,Florida,yes,28.09974869,-81.39996247,20240319
DSNY-8-1-Rh,D03,Morella pumila,8/14/24,0.4105,19.704,Quarter,DSNY-MOPU-8,dry,rhizosphere,Myricaceae,DSNY,Morella,actinorhizal,DSNY_004,Osceola,Florida,yes,28.09974869,-81.39996247,20240319
DSNY-8-1-No,D03,Morella pumila,8/14/24,36.15,1735.2,Half,DSNY-MOPU-8,dry,nodule,Myricaceae,DSNY,Morella,actinorhizal,DSNY_004,Osceola,Florida,yes,28.09974869,-81.39996247,20240319
DSNY-8-1-Ro,D03,Morella pumila,8/14/24,0.274,13.152,Quarter,DSNY-MOPU-8,dry,root,Myricaceae,DSNY,Morella,actinorhizal,DSNY_004,Osceola,Florida,yes,28.09974869,-81.39996247,20240319
DSNY-10-3-Rh,D03,Crotalaria spectabilis,8/14/24,0.101,4.848,Quarter,DSNY-CRSP-10,dry,rhizosphere,Fabaceae,DSNY,Crotalaria,Crotalarieae,DSNY_044,Osceola,Florida,no,28.1264253,-81.4359074,20240320
DSNY-10-3-No,D03,Crotalaria spectabilis,8/14/24,20.9,1003.2,Half,DSNY-CRSP-10,dry,nodule,Fabaceae,DSNY,Crotalaria,Crotalarieae,DSNY_044,Osceola,Florida,no,28.1264253,-81.4359074,20240320
DSNY-10-3-Ro,D03,Crotalaria spectabilis,8/14/24,0.07,3.36,Quarter,DSNY-CRSP-10,dry,root,Fabaceae,DSNY,Crotalaria,Crotalarieae,DSNY_044,Osceola,Florida,no,28.1264253,-81.4359074,20240320
DSNY-11-3-No,D03,Crotalaria pallida var. obovata,8/14/24,37.25,1788,Half,DSNY-CRPA-11,dry,nodule,Fabaceae,DSNY,Crotalaria,Crotalarieae,DSNY_044,Osceola,Florida,yes,28.12693243,-81.43561487,20240320
DSNY-11-3-Ro,D03,Crotalaria pallida var. obovata,8/14/24,3.08,147.84,Quarter,DSNY-CRPA-11,dry,root,Fabaceae,DSNY,Crotalaria,Crotalarieae,DSNY_044,Osceola,Florida,yes,28.12693243,-81.43561487,20240320
DSNY-12-2-No,D03,Crotalaria pallida var. obovata,8/14/24,8.99,431.52,Half,DSNY-CRPA-12,dry,nodule,Fabaceae,DSNY,Crotalaria,Crotalarieae,DSNY_044,Osceola,Florida,yes,28.12693243,-81.43561487,20240320
DSNY-12-2-Ro,D03,Crotalaria pallida var. obovata,8/14/24,0.3325,15.96,Quarter,DSNY-CRPA-12,dry,root,Fabaceae,DSNY,Crotalaria,Crotalarieae,DSNY_044,Osceola,Florida,yes,28.12693243,-81.43561487,20240320
JERC-14-5-Rh,D03,Baptisia alba,8/14/24,0.5745,27.576,Quarter,JERC-BAAL-14,dry,rhizosphere,Fabaceae,JERC,Baptisia,Sophoreae,JERC_035,Baker County,Georgia,yes,31.184556,-84.4424173,20240402
JERC-14-5-No,D03,Baptisia alba,8/14/24,1.59,76.32,Quarter,JERC-BAAL-14,dry,nodule,Fabaceae,JERC,Baptisia,Sophoreae,JERC_035,Baker County,Georgia,yes,31.184556,-84.4424173,20240402
JERC-14-5-Ro,D03,Baptisia alba,8/14/24,0.4475,21.48,Quarter,JERC-BAAL-14,dry,root,Fabaceae,JERC,Baptisia,Sophoreae,JERC_035,Baker County,Georgia,yes,31.184556,-84.4424173,20240402
JERC-16-2-Rh,D03,Crotalaria rotundifolia,8/14/24,0.232,11.136,Quarter,JERC-CRRO-16,dry,rhizosphere,Fabaceae,JERC,Crotalaria,Crotalarieae,JERC_001,Baker County,Georgia,yes,,,20240409
JERC-16-2-No,D03,Crotalaria rotundifolia,8/14/24,0.1065,5.112,Quarter,JERC-CRRO-16,dry,nodule,Fabaceae,JERC,Crotalaria,Crotalarieae,JERC_001,Baker County,Georgia,yes,,,20240409
JERC-16-2-Ro,D03,Crotalaria rotundifolia,8/14/24,0.0775,3.72,Quarter,JERC-CRRO-16,dry,root,Fabaceae,JERC,Crotalaria,Crotalarieae,JERC_001,Baker County,Georgia,yes,,,20240409
JERC-18-2-Rh,D03,Rhynchosia reniformis,8/14/24,0.0595,2.856,Quarter,JERC-RHRE-18,dry,rhizosphere,Fabaceae,JERC,Rhynchosia,Phaseoleae,JERC_047,Baker County,Georgia,yes,,,20240528
JERC-18-2-No,D03,Rhynchosia reniformis,8/14/24,3.26,156.48,Quarter,JERC-RHRE-18,dry,nodule,Fabaceae,JERC,Rhynchosia,Phaseoleae,JERC_047,Baker County,Georgia,yes,,,20240528
JERC-18-2-Ro,D03,Rhynchosia reniformis,8/14/24,0.992,47.616,Quarter,JERC-RHRE-18,dry,root,Fabaceae,JERC,Rhynchosia,Phaseoleae,JERC_047,Baker County,Georgia,yes,,,20240528
JERC-20-1-Rh,D03,Lespedeza hirta,8/14/24,0.085,4.08,Quarter,JERC-LEHI2-20,dry,rhizosphere,Fabaceae,JERC,Lespedeza,Desmodieae,JERC_006,Baker County,Georgia,yes,,,20240529
JERC-20-1-No,D03,Lespedeza hirta,8/14/24,1.78,85.44,Quarter,JERC-LEHI2-20,dry,nodule,Fabaceae,JERC,Lespedeza,Desmodieae,JERC_006,Baker County,Georgia,yes,,,20240529
JERC-20-1-Ro,D03,Lespedeza hirta,8/14/24,1.2,57.6,Quarter,JERC-LEHI2-20,dry,root,Fabaceae,JERC,Lespedeza,Desmodieae,JERC_006,Baker County,Georgia,yes,,,20240529
JERC-23-1-Rh,D03,Rhynchosia reniformis,8/14/24,0.0765,3.672,Quarter,JERC-RHRE-23,dry,rhizosphere,Fabaceae,JERC,Rhynchosia,Phaseoleae,JERC_006,Baker County,Georgia,yes,,,20240529
JERC-23-1-No,D03,Rhynchosia reniformis,8/14/24,2.015,96.72,Quarter,JERC-RHRE-23,dry,nodule,Fabaceae,JERC,Rhynchosia,Phaseoleae,JERC_006,Baker County,Georgia,yes,,,20240529
JERC-23-1-Ro,D03,Rhynchosia reniformis,8/14/24,0.126,6.048,Quarter,JERC-RHRE-23,dry,root,Fabaceae,JERC,Rhynchosia,Phaseoleae,JERC_006,Baker County,Georgia,yes,,,20240529
SRER-1-1-Rh,D14,Acmispon strigosus,8/14/24,4.715,226.32,Quarter,SRER-1,dry,rhizosphere,Fabaceae,SRER,Lotus,Loteae,SRER_002,Pima,Arizona,yes,31.81032,-110.85676,4/10/24
SRER-1-1-No,D14,Acmispon strigosus,8/14/24,4.12,197.76,Quarter,SRER-1,dry,nodule,Fabaceae,SRER,Lotus,Loteae,SRER_002,Pima,Arizona,yes,31.81032,-110.85676,4/10/24
SRER-1-1-Ro,D14,Acmispon strigosus,8/14/24,0.2935,14.088,Quarter,SRER-1,dry,root,Fabaceae,SRER,Lotus,Loteae,SRER_002,Pima,Arizona,yes,31.81032,-110.85676,4/10/24
SRER-2-1-Rh,D14,Acmispon brachycarpus,8/14/24,0.076,3.648,Quarter,SRER-2,dry,rhizosphere,Fabaceae,SRER,Lotus,Loteae,SRER_002,Pima,Arizona,yes,31.87051,-110.85657,4/10/24
SRER-2-1-No,D14,Acmispon brachycarpus,8/14/24,2.55,122.4,Quarter,SRER-2,dry,nodule,Fabaceae,SRER,Lotus,Loteae,SRER_002,Pima,Arizona,yes,31.87051,-110.85657,4/10/24
SRER-2-1-Ro,D14,Acmispon brachycarpus,8/14/24,1.935,92.88,Quarter,SRER-2,dry,root,Fabaceae,SRER,Lotus,Loteae,SRER_002,Pima,Arizona,yes,31.87051,-110.85657,4/10/24
SRER-3-1-Rh,D14,Lupinus concinnus,8/14/24,0.7955,38.184,Quarter,SRER-3,dry,rhizosphere,Fabaceae,SRER,Lupinus,Genisteae,SRER_002,Pima,Arizona,yes,31.87047,-110.85648,4/10/24
SRER-3-1-No,D14,Lupinus concinnus,8/14/24,33.5,1608,Half,SRER-3,dry,nodule,Fabaceae,SRER,Lupinus,Genisteae,SRER_002,Pima,Arizona,yes,31.87047,-110.85648,4/10/24
SRER-3-1-Ro,D14,Lupinus concinnus,8/14/24,14.15,679.2,Half,SRER-3,dry,root,Fabaceae,SRER,Lupinus,Genisteae,SRER_002,Pima,Arizona,yes,31.87047,-110.85648,4/10/24
SRER-4-1-Rh,D14,Astragalus nuttallianus,8/14/24,0.091,4.368,Quarter,SRER-4,dry,rhizosphere,Fabaceae,SRER,Astragalus,Galegeae,SRER_005,Pima,Arizona,yes,31.4972,-110.49448,4/10/24
SRER-4-1-No,D14,Astragalus nuttallianus,8/14/24,0.089,4.272,Quarter,SRER-4,dry,nodule,Fabaceae,SRER,Astragalus,Galegeae,SRER_005,Pima,Arizona,yes,31.4972,-110.49448,4/10/24
SRER-4-1-Ro,D14,Astragalus nuttallianus,8/14/24,16.65,799.2,Half,SRER-4,dry,root,Fabaceae,SRER,Astragalus,Galegeae,SRER_005,Pima,Arizona,yes,31.4972,-110.49448,4/10/24
SRER-5-1-Rh,D14,Acmispon brachycarpus,8/14/24,2.525,121.2,Quarter,SRER-5,dry,rhizosphere,Fabaceae,SRER,Lotus,Loteae,SRER_005,Pima,Arizona,yes,31.4972,-110.49448,4/10/24
SRER-5-1-No,D14,Acmispon brachycarpus,8/14/24,11.9,571.2,Half,SRER-5,dry,nodule,Fabaceae,SRER,Lotus,Loteae,SRER_005,Pima,Arizona,yes,31.4972,-110.49448,4/10/24
SRER-5-1-Ro,D14,Acmispon brachycarpus,8/14/24,1.315,63.12,Quarter,SRER-5,dry,root,Fabaceae,SRER,Lotus,Loteae,SRER_005,Pima,Arizona,yes,31.4972,-110.49448,4/10/24
SRER-6-1-Rh,D14,Lupinus sparsiflorus,8/14/24,1.145,54.96,Quarter,SRER-6,dry,rhizosphere,Fabaceae,SRER,Lupinus,Genisteae,SRER_005,Pima,Arizona,yes,31.49723,-110.49428,4/10/24
SRER-6-1-No,D14,Lupinus sparsiflorus,8/14/24,54.5,2616,Half,SRER-6,dry,nodule,Fabaceae,SRER,Lupinus,Genisteae,SRER_005,Pima,Arizona,yes,31.49723,-110.49428,4/10/24
SRER-6-1-Ro,D14,Lupinus sparsiflorus,8/14/24,11.6,556.8,Half,SRER-6,dry,root,Fabaceae,SRER,Lupinus,Genisteae,SRER_005,Pima,Arizona,yes,31.49723,-110.49428,4/10/24
SRER-7-1-Rh,D14,Lupinus concinnus,8/14/24,3.66,175.68,Quarter,SRER-7,dry,rhizosphere,Fabaceae,SRER,Lupinus,Genisteae,SRER_005,Pima,Arizona,yes,31.4969,-110.4945,4/10/24
SRER-7-1-No,D14,Lupinus concinnus,8/14/24,57,2736,Half,SRER-7,dry,nodule,Fabaceae,SRER,Lupinus,Genisteae,SRER_005,Pima,Arizona,yes,31.4969,-110.4945,4/10/24
SRER-7-1-Ro,D14,Lupinus concinnus,8/14/24,18.35,880.8,Half,SRER-7,dry,root,Fabaceae,SRER,Lupinus,Genisteae,SRER_005,Pima,Arizona,yes,31.4969,-110.4945,4/10/24
SRER-8-1-Rh,D14,Astragalus nuttallianus,8/14/24,0,0,Quarter,SRER-8,dry,rhizosphere,Fabaceae,SRER,Astragalus,Galegeae,SRER_005,Pima,Arizona,yes,31.4969,-110.4945,4/10/24
SRER-8-1-No,D14,Astragalus nuttallianus,8/14/24,44.25,2124,Half,SRER-8,dry,nodule,Fabaceae,SRER,Astragalus,Galegeae,SRER_005,Pima,Arizona,yes,31.4969,-110.4945,4/10/24
SRER-8-1-Ro,D14,Astragalus nuttallianus,8/14/24,3.06,146.88,Quarter,SRER-8,dry,root,Fabaceae,SRER,Astragalus,Galegeae,SRER_005,Pima,Arizona,yes,31.4969,-110.4945,4/10/24
OAES-16-1-Rh,D11,Astragalus distortus,8/14/24,0.082,3.936,Quarter,OAES-16,ethanol,rhizosphere,Fabaceae,OAES,Astragalus,Galegeae,OAES_003_R,Washita,OK,yes,35.41214,-99.06981,4/11/24
OAES-16-1-No,D11,Astragalus distortus,8/14/24,12.9,619.2,Half,OAES-16,ethanol,nodule,Fabaceae,OAES,Astragalus,Galegeae,OAES_003_R,Washita,OK,yes,35.41214,-99.06981,4/11/24
OAES-16-1-Ro,D11,Astragalus distortus,8/14/24,0.94,45.12,Quarter,OAES-16,ethanol,root,Fabaceae,OAES,Astragalus,Galegeae,OAES_003_R,Washita,OK,yes,35.41214,-99.06981,4/11/24
OAES-17-Rh,D11,Astragalus nuttallianus var. austrina,8/14/24,0.062,2.976,Quarter,OAES-17,ethanol,rhizosphere,Fabaceae,OAES,Astragalus,Galegeae,OAES_021_R,Washita ,OK,yes,35.41187,-99.07412,4/11/24
OAES-17-No,D11,Astragalus nuttallianus var. austrina,8/14/24,0.104,4.992,Quarter,OAES-17,ethanol,nodule,Fabaceae,OAES,Astragalus,Galegeae,OAES_021_R,Washita ,OK,yes,35.41187,-99.07412,4/11/24
OAES-17-Ro,D11,Astragalus nuttallianus var. austrina,8/14/24,0.367,17.616,Quarter,OAES-17,ethanol,root,Fabaceae,OAES,Astragalus,Galegeae,OAES_021_R,Washita ,OK,yes,35.41187,-99.07412,4/11/24
OAES-18-3-Rh,D11,Astragalus missouriensis,8/14/24,0,0,Quarter,OAES-18,ethanol,rhizosphere,Fabaceae,OAES,Astragalus,Galegeae,OAES_003_R,Washita,OK,yes,35.41214,-99.0698,4/11/24
OAES-18-3-No,D11,Astragalus missouriensis,8/14/24,0.05,2.4,Quarter,OAES-18,ethanol,nodule,Fabaceae,OAES,Astragalus,Galegeae,OAES_003_R,Washita,OK,yes,35.41214,-99.0698,4/11/24
OAES-18-3-Ro,D11,Astragalus missouriensis,8/14/24,0.096,4.608,Quarter,OAES-18,ethanol,root,Fabaceae,OAES,Astragalus,Galegeae,OAES_003_R,Washita,OK,yes,35.41214,-99.0698,4/11/24
SRER-9-1-Rh,D14,Lupinus concinnus,8/19/24,3.955,189.84,Quarter,SRER-9,dry,rhizosphere,Fabaceae,SRER,Lupinus,Genisteae,SRER_006,Pima,Arizona,yes,31.47733,-110.54604,4/10/24
SRER-9-1-No,D14,Lupinus concinnus,8/19/24,0,0,Quarter,SRER-9,dry,nodule,Fabaceae,SRER,Lupinus,Genisteae,SRER_006,Pima,Arizona,yes,31.47733,-110.54604,4/10/24
SRER-9-1-Ro,D14,Lupinus concinnus,8/19/24,10.6,508.8,Half,SRER-9,dry,root,Fabaceae,SRER,Lupinus,Genisteae,SRER_006,Pima,Arizona,yes,31.47733,-110.54604,4/10/24
SRER-10-1-Rh,D14,Lupinus sparsiflorus,8/19/24,12.25,588,Half,SRER-10,dry,rhizosphere,Fabaceae,SRER,Lupinus,Genisteae,SRER_006,Pima,Arizona,yes,31.47699,-110.54576,4/10/24
SRER-10-1-No,D14,Lupinus sparsiflorus,8/19/24,0,0,Quarter,SRER-10,dry,nodule,Fabaceae,SRER,Lupinus,Genisteae,SRER_006,Pima,Arizona,yes,31.47699,-110.54576,4/10/24
SRER-10-1-Ro,D14,Lupinus sparsiflorus,8/19/24,13.8,662.4,Half,SRER-10,dry,root,Fabaceae,SRER,Lupinus,Genisteae,SRER_006,Pima,Arizona,yes,31.47699,-110.54576,4/10/24
SRER-11-1-Rh,D14,Lotus strigosus,8/19/24,1.9,91.2,Quarter,SRER-11,dry,rhizosphere,Fabaceae,SRER,Lotus,Loteae,SRER_006,Pima,Arizona,yes,31.47699,-110.54576,4/10/24
SRER-11-1-No,D14,Lotus strigosus,8/19/24,0,0,Quarter,SRER-11,dry,nodule,Fabaceae,SRER,Lotus,Loteae,SRER_006,Pima,Arizona,yes,31.47699,-110.54576,4/10/24
SRER-11-1-Ro,D14,Lotus strigosus,8/19/24,16.15,775.2,Half,SRER-11,dry,root,Fabaceae,SRER,Lotus,Loteae,SRER_006,Pima,Arizona,yes,31.47699,-110.54576,4/10/24
SRER-12-1-Rh,D14,Acmispon brachycarpus,8/19/24,0.445,21.36,Quarter,SRER-12,dry,rhizosphere,Fabaceae,SRER,Lotus,Loteae,SRER_006,Pima,Arizona,yes,31.47697,-110.54576,4/10/24
SRER-12-1-No,D14,Acmispon brachycarpus,8/19/24,34.45,1653.6,Half,SRER-12,dry,nodule,Fabaceae,SRER,Lotus,Loteae,SRER_006,Pima,Arizona,yes,31.47697,-110.54576,4/10/24
SRER-12-1-Ro,D14,Acmispon brachycarpus,8/19/24,0.083,3.984,Quarter,SRER-12,dry,root,Fabaceae,SRER,Lotus,Loteae,SRER_006,Pima,Arizona,yes,31.47697,-110.54576,4/10/24
SRER-13-1-Rh,D14,Lotus strigosus,8/19/24,0.124,5.952,Quarter,SRER-13,dry,rhizosphere,Fabaceae,SRER,Lotus,Loteae,SRER_001,Pima,Arizona,yes,31.86197,-110.81906,4/10/24
SRER-13-1-No,D14,Lotus strigosus,8/19/24,0.085,4.08,Quarter,SRER-13,dry,nodule,Fabaceae,SRER,Lotus,Loteae,SRER_001,Pima,Arizona,yes,31.86197,-110.81906,4/10/24
SRER-13-1-Ro,D14,Lotus strigosus,8/19/24,0.1885,9.048,Quarter,SRER-13,dry,root,Fabaceae,SRER,Lotus,Loteae,SRER_001,Pima,Arizona,yes,31.86197,-110.81906,4/10/24
SRER-14-1-Rh,D14,Acmispon brachycarpus,8/19/24,0,0,Quarter,SRER-14,dry,rhizosphere,Fabaceae,SRER,Lotus,Loteae,SRER_001,Pima,Arizona,yes,31.8619,-110.81906,4/10/24
SRER-14-1-No,D14,Acmispon brachycarpus,8/19/24,0.1585,7.608,Quarter,SRER-14,dry,nodule,Fabaceae,SRER,Lotus,Loteae,SRER_001,Pima,Arizona,yes,31.8619,-110.81906,4/10/24
SRER-14-1-Ro,D14,Acmispon brachycarpus,8/19/24,13.3,638.4,Half,SRER-14,dry,root,Fabaceae,SRER,Lotus,Loteae,SRER_001,Pima,Arizona,yes,31.8619,-110.81906,4/10/24
SRER-15-1-Rh,D14,Astragalus nuttallianus,8/19/24,0,0,Quarter,SRER-15,dry,rhizosphere,Fabaceae,SRER,Astragalus,Galegeae,SRER_001,Pima,Arizona,yes,31.86189,-110.81892,4/10/24
SRER-15-1-No,D14,Astragalus nuttallianus,8/19/24,2.16,103.68,Quarter,SRER-15,dry,nodule,Fabaceae,SRER,Astragalus,Galegeae,SRER_001,Pima,Arizona,yes,31.86189,-110.81892,4/10/24
SRER-15-1-Ro,D14,Astragalus nuttallianus,8/19/24,0.0535,2.568,Quarter,SRER-15,dry,root,Fabaceae,SRER,Astragalus,Galegeae,SRER_001,Pima,Arizona,yes,31.86189,-110.81892,4/10/24
SRER-16-1-Rh,D14,Astragalus nuttallianus,8/19/24,0.1265,6.072,Quarter,SRER-16,dry,rhizosphere,Fabaceae,SRER,Astragalus,Galegeae,SRER_053,Pima,Arizona,yes,31.9096,-110.83605,4/10/24
SRER-16-1-No,D14,Astragalus nuttallianus,8/19/24,0,0,Quarter,SRER-16,dry,nodule,Fabaceae,SRER,Astragalus,Galegeae,SRER_053,Pima,Arizona,yes,31.9096,-110.83605,4/10/24
SRER-16-1-Ro,D14,Astragalus nuttallianus,8/19/24,7.275,349.2,Half,SRER-16,dry,root,Fabaceae,SRER,Astragalus,Galegeae,SRER_053,Pima,Arizona,yes,31.9096,-110.83605,4/10/24
SRER-17-1-Rh,D14,Lotus strigosus,8/19/24,0.258,12.384,Quarter,SRER-17,dry,rhizosphere,Fabaceae,SRER,Lotus,Loteae,SRER_003,Pima,Arizona,yes,31.84081,-110.91742,4/11/24
SRER-17-1-No,D14,Lotus strigosus,8/19/24,31.8,1526.4,Half,SRER-17,dry,nodule,Fabaceae,SRER,Lotus,Loteae,SRER_003,Pima,Arizona,yes,31.84081,-110.91742,4/11/24
SRER-17-1-Ro,D14,Lotus strigosus,8/19/24,57,2736,Half,SRER-17,dry,root,Fabaceae,SRER,Lotus,Loteae,SRER_003,Pima,Arizona,yes,31.84081,-110.91742,4/11/24
SRER-18-1-Rh,D14,Lupinus concinnus,8/19/24,0.673,32.304,Quarter,SRER-18,dry,rhizosphere,Fabaceae,SRER,Lupinus,Genisteae,SRER_003,Pima,Arizona,yes,31.84075,-110.91726,4/11/24
SRER-18-1-No,D14,Lupinus concinnus,8/19/24,0,0,Quarter,SRER-18,dry,nodule,Fabaceae,SRER,Lupinus,Genisteae,SRER_003,Pima,Arizona,yes,31.84075,-110.91726,4/11/24
SRER-18-1-Ro,D14,Lupinus concinnus,8/19/24,23.2,1113.6,Half,SRER-18,dry,root,Fabaceae,SRER,Lupinus,Genisteae,SRER_003,Pima,Arizona,yes,31.84075,-110.91726,4/11/24
JORN-1-Rh,D14,Astragalus allochrus,8/19/24,0.06,2.88,Quarter,JORN-1,dry,rhizosphere,Fabaceae,JORN,Astragalus,Galegeae,JORN_002,Dona Ana,New Mexico,yes,32.607279,-106.82671,4/18/24
JORN-1-No,D14,Astragalus allochrus,8/19/24,0.594,28.512,Quarter,JORN-1,dry,nodule,Fabaceae,JORN,Astragalus,Galegeae,JORN_002,Dona Ana,New Mexico,yes,32.607279,-106.82671,4/18/24
JORN-1-Ro,D14,Astragalus allochrus,8/19/24,4.76,228.48,Quarter,JORN-1,dry,root,Fabaceae,JORN,Astragalus,Galegeae,JORN_002,Dona Ana,New Mexico,yes,32.607279,-106.82671,4/18/24
JORN-2-1-Rh,D14,Dalea nana,8/19/24,0,0,Quarter,JORN-2,dry,rhizosphere,Fabaceae,JORN,Dalea,Amorpheae,JORN_044,Dona Ana,New Mexico,yes,32.35365,-106.50499,4/20/24
JORN-2-1-No,D14,Dalea nana,8/19/24,0.05,2.4,Quarter,JORN-2,dry,nodule,Fabaceae,JORN,Dalea,Amorpheae,JORN_044,Dona Ana,New Mexico,yes,32.35365,-106.50499,4/20/24
JORN-2-1-Ro,D14,Dalea nana,8/19/24,0.2515,12.072,Quarter,JORN-2,dry,root,Fabaceae,JORN,Dalea,Amorpheae,JORN_044,Dona Ana,New Mexico,yes,32.35365,-106.50499,4/20/24
JORN-3-1-Rh,D14,Dalea nana,8/19/24,0.173,8.304,Quarter,JORN-3,dry,rhizosphere,Fabaceae,JORN,Dalea,Amorpheae,JORN_044,Dona Ana,New Mexico,yes,32.35367,-106.50498,4/20/24
JORN-3-1-No,D14,Dalea nana,8/19/24,0.173,8.304,Quarter,JORN-3,dry,nodule,Fabaceae,JORN,Dalea,Amorpheae,JORN_044,Dona Ana,New Mexico,yes,32.35367,-106.50498,4/20/24
JORN-3-1-Ro,D14,Dalea nana,8/19/24,0.4755,22.824,Quarter,JORN-3,dry,root,Fabaceae,JORN,Dalea,Amorpheae,JORN_044,Dona Ana,New Mexico,yes,32.35367,-106.50498,4/20/24
JORN-4-1-Rh,D14,Desmanthus coolyii,8/19/24,0,0,Quarter,JORN-4,dry,rhizosphere,Fabaceae,JORN,Desmanthus,Mimosoideae,JORN_042,Dona Ana,New Mexico,yes,32.35411,-106.50443,4/20/24
JORN-4-1-No,D14,Desmanthus coolyii,8/19/24,3.235,155.28,Quarter,JORN-4,dry,nodule,Fabaceae,JORN,Desmanthus,Mimosoideae,JORN_042,Dona Ana,New Mexico,yes,32.35411,-106.50443,4/20/24
JORN-4-1-Ro,D14,Desmanthus coolyii,8/19/24,7.5,360,Half,JORN-4,dry,root,Fabaceae,JORN,Desmanthus,Mimosoideae,JORN_042,Dona Ana,New Mexico,yes,32.35411,-106.50443,4/20/24
DSNY-2-1-Rh,D03,Lupinus floridanus,8/19/24,0,0,Quarter,DSNY-LUFL-2,dry,rhizosphere,Fabaceae,DSNY,Lupinus,Genisteae,DSNY_017,Polk,Florida,yes,28.056984,-81.403242,20240312
DSNY-2-1-No,D03,Lupinus floridanus,8/19/24,0,0,Quarter,DSNY-LUFL-2,dry,nodule,Fabaceae,DSNY,Lupinus,Genisteae,DSNY_017,Polk,Florida,yes,28.056984,-81.403242,20240312
DSNY-2-1-Ro,D03,Lupinus floridanus,8/19/24,1.38,66.24,Quarter,DSNY-LUFL-2,dry,root,Fabaceae,DSNY,Lupinus,Genisteae,DSNY_017,Polk,Florida,yes,28.056984,-81.403242,20240312
DSNY-3-1-Rh,D03,Lupinus floridanus,8/19/24,0.054,2.592,Quarter,DSNY-3,dry,rhizosphere,Fabaceae,DSNY,Lupinus,Genisteae,DSNY_006,Osceola,Florida,yes,28.09298025,-81.39932663,20240312
DSNY-3-1-No,D03,Lupinus floridanus,8/19/24,1.12,53.76,Quarter,DSNY-3,dry,nodule,Fabaceae,DSNY,Lupinus,Genisteae,DSNY_006,Osceola,Florida,yes,28.09298025,-81.39932663,20240312
DSNY-3-1-Ro,D03,Lupinus floridanus,8/19/24,0.661,31.728,Quarter,DSNY-3,dry,root,Fabaceae,DSNY,Lupinus,Genisteae,DSNY_006,Osceola,Florida,yes,28.09298025,-81.39932663,20240312
DSNY-13-1-Rh,D03,Crotalaria pallida var. obovata,8/19/24,0.228,10.944,Quarter,DSNY-CRPA-13,dry,rhizosphere,Fabaceae,DSNY,Crotalaria,Crotalarieae,DSNY_044,Osceola,Florida,yes,28.12693243,-81.43561487,20240320
DSNY-13-1-No,D03,Crotalaria pallida var. obovata,8/19/24,2.755,132.24,Quarter,DSNY-CRPA-13,dry,nodule,Fabaceae,DSNY,Crotalaria,Crotalarieae,DSNY_044,Osceola,Florida,yes,28.12693243,-81.43561487,20240320
DSNY-13-1-Ro,D03,Crotalaria pallida var. obovata,8/19/24,0.599,28.752,Quarter,DSNY-CRPA-13,dry,root,Fabaceae,DSNY,Crotalaria,Crotalarieae,DSNY_044,Osceola,Florida,yes,28.12693243,-81.43561487,20240320
DSNY-14-1-Rh,D03,Crotalaria pallida var. obovata,8/19/24,0,0,Quarter,DSNY-CRPA-14,dry,rhizosphere,Fabaceae,DSNY,Crotalaria,Crotalarieae,DSNY_044,Osceola,Florida,yes,28.12693243,-81.43561487,20240320
DSNY-14-1-No,D03,Crotalaria pallida var. obovata,8/19/24,15.8,758.4,Half,DSNY-CRPA-14,dry,nodule,Fabaceae,DSNY,Crotalaria,Crotalarieae,DSNY_044,Osceola,Florida,yes,28.12693243,-81.43561487,20240320
DSNY-14-1-Ro,D03,Crotalaria pallida var. obovata,8/19/24,0.5255,25.224,Quarter,DSNY-CRPA-14,dry,root,Fabaceae,DSNY,Crotalaria,Crotalarieae,DSNY_044,Osceola,Florida,yes,28.12693243,-81.43561487,20240320
DSNY-15-1-Rh,D03,Morella cerifera,8/19/24,1.175,56.4,Quarter,DSNY-MOCE-15,dry,rhizosphere,Myricaceae,DSNY,Morella,actinorhizal,DSNY _042,Osceola,Florida,yes,,,20240401
DSNY-15-1-No,D03,Morella cerifera,8/19/24,13.3,638.4,Half,DSNY-MOCE-15,dry,nodule,Myricaceae,DSNY,Morella,actinorhizal,DSNY _042,Osceola,Florida,yes,,,20240401
DSNY-15-1-Ro,D03,Morella cerifera,8/19/24,1.0595,50.856,Quarter,DSNY-MOCE-15,dry,root,Myricaceae,DSNY,Morella,actinorhizal,DSNY _042,Osceola,Florida,yes,,,20240401
DSNY-17-3-Rh,D03,Crotalaria maritima,8/19/24,0.136,6.528,Quarter,DSNY-CRMA-17,dry,rhizosphere,Fabaceae,DSNY,Crotalaria,Crotalarieae,DSNY_041,Osceola,Florida,yes,,,20240401
DSNY-17-3-No,D03,Crotalaria maritima,8/19/24,0.059,2.832,Quarter,DSNY-CRMA-17,dry,nodule,Fabaceae,DSNY,Crotalaria,Crotalarieae,DSNY_041,Osceola,Florida,yes,,,20240401
OAES-13-1-Rh,D11,Ceanothus herbaceus,8/19/24,0.1,4.8,Quarter,OAES-13,ethanol,rhizosphere,Rhamnaceae,OAES,Ceanothus,actinorhizal,OAES_005,Washita ,OK,yes,35.39246,-99.10002,4/10/24
OAES-13-1-No,D11,Ceanothus herbaceus,8/19/24,0.2615,12.552,Quarter,OAES-13,ethanol,nodule,Rhamnaceae,OAES,Ceanothus,actinorhizal,OAES_005,Washita ,OK,yes,35.39246,-99.10002,4/10/24
OAES-13-1-Ro,D11,Ceanothus herbaceus,8/19/24,0.1425,6.84,Quarter,OAES-13,ethanol,root,Rhamnaceae,OAES,Ceanothus,actinorhizal,OAES_005,Washita ,OK,yes,35.39246,-99.10002,4/10/24
OAES-14-1-Rh,D11,Melilotus officinalis,8/19/24,0.192,9.216,Quarter,OAES-14,ethanol,rhizosphere,Fabaceae,OAES,Melilotus,Trifolieae,OAES_005,Washita,OK,no,35.39246,-99.10002,4/10/24
OAES-14-1-No,D11,Melilotus officinalis,8/19/24,2.005,96.24,Quarter,OAES-14,ethanol,nodule,Fabaceae,OAES,Melilotus,Trifolieae,OAES_005,Washita,OK,no,35.39246,-99.10002,4/10/24
OAES-14-1-Ro,D11,Melilotus officinalis,8/19/24,0.5675,27.24,Quarter,OAES-14,ethanol,root,Fabaceae,OAES,Melilotus,Trifolieae,OAES_005,Washita,OK,no,35.39246,-99.10002,4/10/24
OAES-15-Rh,D11,Astragalus crassicarpus var. crassicarpus,8/19/24,0.133,6.384,Quarter,OAES-15,ethanol,rhizosphere,Fabaceae,OAES,Astragalus,Galegeae,OAES_021_R,Washita,OK,yes,35.41182,-99.07327,4/11/24
OAES-15-No,D11,Astragalus crassicarpus var. crassicarpus,8/19/24,0.0855,4.104,Quarter,OAES-15,ethanol,nodule,Fabaceae,OAES,Astragalus,Galegeae,OAES_021_R,Washita,OK,yes,35.41182,-99.07327,4/11/24
OAES-15-Ro,D11,Astragalus crassicarpus var. crassicarpus,8/19/24,1.08,51.84,Quarter,OAES-15,ethanol,root,Fabaceae,OAES,Astragalus,Galegeae,OAES_021_R,Washita,OK,yes,35.41182,-99.07327,4/11/24
KONZ-1-Rh,D06,Lespedeza capitata,8/29/24,1.52,72.96,Quarter,KONZ-1,dry,rhizosphere,Fabaceae,KONZ,Lespedeza,Desmodieae,KONZ_046,Riley,KS,yes,39.103,-96.56374,20240703
KONZ-1-Ro,D06,Lespedeza capitata,8/29/24,0.873,41.904,Quarter,KONZ-1,dry,root,Fabaceae,KONZ,Lespedeza,Desmodieae,KONZ_046,Riley,KS,yes,39.103,-96.56374,20240703
KONZ-1-No,D06,Lespedeza capitata,8/29/24,7.72,370.56,Half,KONZ-1,dry,nodule,Fabaceae,KONZ,Lespedeza,Desmodieae,KONZ_046,Riley,KS,yes,39.103,-96.56374,20240703
KONZ-2-1-Rh,D06,Hylodesmum glutinosum,8/29/24,7.275,349.2,Half,KONZ-2,dry,rhizosphere,Fabaceae,KONZ,Desmodium,Desmodieae,KONZ_046,Riley,KS,yes,39.103,-96.56378,20240703
KONZ-2-1-Ro,D06,Hylodesmum glutinosum,8/29/24,0.793,38.064,Quarter,KONZ-2,dry,root,Fabaceae,KONZ,Desmodium,Desmodieae,KONZ_046,Riley,KS,yes,39.103,-96.56378,20240703
KONZ-2-1-No,D06,Hylodesmum glutinosum,8/29/24,19.25,924,Half,KONZ-2,dry,nodule,Fabaceae,KONZ,Desmodium,Desmodieae,KONZ_046,Riley,KS,yes,39.103,-96.56378,20240703
KONZ-3-1-Rh,D06,Lespedeza capitata,8/29/24,0,0,Quarter,KONZ-3,dry,rhizosphere,Fabaceae,KONZ,Lespedeza,Desmodieae,KONZ_005,Riley,KS,yes,39.10294,-96.5637,20240703
KONZ-3-1-Ro,D06,Lespedeza capitata,8/29/24,0,0,Quarter,KONZ-3,dry,root,Fabaceae,KONZ,Lespedeza,Desmodieae,KONZ_005,Riley,KS,yes,39.10294,-96.5637,20240703
KONZ-3-1-No,D06,Lespedeza capitata,8/29/24,0.292,14.016,Quarter,KONZ-3,dry,nodule,Fabaceae,KONZ,Lespedeza,Desmodieae,KONZ_005,Riley,KS,yes,39.10294,-96.5637,20240703
KONZ-4-1-Rh,D06,Lespedeza capitata,8/29/24,0,0,Quarter,KONZ-4,dry,rhizosphere,Fabaceae,KONZ,Lespedeza,Desmodieae,KONZ_042,Riley,KS,yes,39.09968,-96.56345,20240710
KONZ-4-1-Ro,D06,Lespedeza capitata,8/29/24,0.2695,12.936,Quarter,KONZ-4,dry,root,Fabaceae,KONZ,Lespedeza,Desmodieae,KONZ_042,Riley,KS,yes,39.09968,-96.56345,20240710
KONZ-4-1-No,D06,Lespedeza capitata,8/29/24,1.385,66.48,Quarter,KONZ-4,dry,nodule,Fabaceae,KONZ,Lespedeza,Desmodieae,KONZ_042,Riley,KS,yes,39.09968,-96.56345,20240710
KONZ-5-1-Rh,D06,Desmodium perplexum,9/5/24,0,0,Quarter,KONZ-5,dry,rhizosphere,Fabaceae,KONZ,Desmodium,Desmodieae,KONZ_024,Riley,KS,yes,39.11098,-96.55236,20240710
KONZ-5-1-Ro,D06,Desmodium perplexum,9/18/24,0.2255,10.824,Quarter,KONZ-5,dry,root,Fabaceae,KONZ,Desmodium,Desmodieae,KONZ_024,Riley,KS,yes,39.11098,-96.55236,20240710
KONZ-5-1-No,D06,Desmodium perplexum,9/18/24,4.385,210.48,Half,KONZ-5,dry,nodule,Fabaceae,KONZ,Desmodium,Desmodieae,KONZ_024,Riley,KS,yes,39.11098,-96.55236,20240710
KONZ-6-1-Rh,D06,Dalea purpurea,9/18/24,0,0,Quarter,KONZ-6,dry,rhizosphere,Fabaceae,KONZ,Dalea,Amorpheae,KONZ_042,Riley,KS,yes,39.09968,-96.56423,20240710
KONZ-6-1-Ro,D06,Dalea purpurea,9/18/24,0,0,Quarter,KONZ-6,dry,root,Fabaceae,KONZ,Dalea,Amorpheae,KONZ_042,Riley,KS,yes,39.09968,-96.56423,20240710
KONZ-6-1-No,D06,Dalea purpurea,9/18/24,0.4235,20.328,Quarter,KONZ-6,dry,nodule,Fabaceae,KONZ,Dalea,Amorpheae,KONZ_042,Riley,KS,yes,39.09968,-96.56423,20240710
KONZ-7-1-Rh,D06,Lespedeza capitata,9/18/24,0,0,Quarter,KONZ-7,dry,rhizosphere,Fabaceae,KONZ,Lespedeza,Desmodieae,KONZ_002,Riley,KS,yes,39.11965,-96.54588,20240711
KONZ-7-1-Ro,D06,Lespedeza capitata,9/18/24,6.125,294,Half,KONZ-7,dry,root,Fabaceae,KONZ,Lespedeza,Desmodieae,KONZ_002,Riley,KS,yes,39.11965,-96.54588,20240711
KONZ-7-1-No,D06,Lespedeza capitata,9/18/24,7.945,381.36,Half,KONZ-7,dry,nodule,Fabaceae,KONZ,Lespedeza,Desmodieae,KONZ_002,Riley,KS,yes,39.11965,-96.54588,20240711
KONZ-8-1-Rh,D06,Hylodesmum glutinosum,9/18/24,0,0,Quarter,KONZ-8,dry,rhizosphere,Fabaceae,KONZ,Desmodium,Desmodieae,KONZ_024,Riley,KS,yes,39.11091,-96.55233,20240710
KONZ-8-1-Ro,D06,Hylodesmum glutinosum,9/18/24,7.19,345.12,Half,KONZ-8,dry,root,Fabaceae,KONZ,Desmodium,Desmodieae,KONZ_024,Riley,KS,yes,39.11091,-96.55233,20240710
KONZ-8-1-No,D06,Hylodesmum glutinosum,9/18/24,0,0,Quarter,KONZ-8,dry,nodule,Fabaceae,KONZ,Desmodium,Desmodieae,KONZ_024,Riley,KS,yes,39.11091,-96.55233,20240710
DSNY-31-1-Rh,D03,Macroptilium lathyroides,9/18/24,0,0,Quarter,DSNY-MALY-31,dry,rhizosphere,Fabaceae,DSNY,Macroptilium,Phaseoleae,DSNY_044,Osceola,Florida,yes,28.126633,-81.435883,2024002
DSNY-31-1-No,D03,Macroptilium lathyroides,9/18/24,35.15,1687.2,Half,DSNY-MALY-31,dry,nodule,Fabaceae,DSNY,Macroptilium,Phaseoleae,DSNY_044,Osceola,Florida,yes,28.126633,-81.435883,2024002
DSNY-31-1-Ro,D03,Macroptilium lathyroides,9/18/24,2.18,104.64,Quarter,DSNY-MALY-31,dry,root,Fabaceae,DSNY,Macroptilium,Phaseoleae,DSNY_044,Osceola,Florida,yes,28.126633,-81.435883,2024002
DSNY-CRMA-33-1-Rh,D03,Crotalaria maritima,9/18/24,0,0,Quarter,DSNY-CRMA-33,dry,rhizosphere,Fabaceae,DSNY,Crotalaria,Crotalarieae,DSNY_001,Osceola,Florida,yes,,,20240402
DSNY-CRMA-33-1-No,D03,Crotalaria maritima,9/18/24,0,0,Quarter,DSNY-CRMA-33,dry,nodule,Fabaceae,DSNY,Crotalaria,Crotalarieae,DSNY_001,Osceola,Florida,yes,,,20240402
DSNY-CRMA-33-1-Ro,D03,Crotalaria maritima,9/18/24,0,0,Quarter,DSNY-CRMA-33,dry,root,Fabaceae,DSNY,Crotalaria,Crotalarieae,DSNY_001,Osceola,Florida,yes,,,20240402
DSNY-GAEL-33-1-Rh,D03,Galactia elliottii,9/18/24,0,0,Quarter,DSNY-GAEL-33,dry,rhizosphere,Fabaceae,DSNY,Galactia,Diocleae,DSNY_003,Polk,Florida,yes,,,20240430
DSNY-GAEL-33-1-No,D03,Galactia elliottii,9/18/24,0,0,Quarter,DSNY-GAEL-33,dry,nodule,Fabaceae,DSNY,Galactia,Diocleae,DSNY_003,Polk,Florida,yes,,,20240430
DSNY-GAEL-33-1-Ro,D03,Galactia elliottii,9/18/24,0.625,30,Quarter,DSNY-GAEL-33,dry,root,Fabaceae,DSNY,Galactia,Diocleae,DSNY_003,Polk,Florida,yes,,,20240430
DSNY-34-1-Rh,D03,Crotalaria maritima,9/18/24,0,0,Quarter,DSNY-CRMA-34,dry,rhizosphere,Fabaceae,DSNY,Crotalaria,Crotalarieae,DSNY_001,Osceola,Florida,yes,,,20240402
DSNY-34-1-No,D03,Crotalaria maritima,9/18/24,0.1205,5.784,Quarter,DSNY-CRMA-34,dry,nodule,Fabaceae,DSNY,Crotalaria,Crotalarieae,DSNY_001,Osceola,Florida,yes,,,20240402
DSNY-34-1-Ro,D03,Crotalaria maritima,9/18/24,0,0,Quarter,DSNY-CRMA-34,dry,root,Fabaceae,DSNY,Crotalaria,Crotalarieae,DSNY_001,Osceola,Florida,yes,,,20240402
DSNY-CRMA-35-1-Rh,D03,Crotalaria maritima,9/18/24,0,0,Quarter,DSNY-CRMA-35,dry,rhizosphere,Fabaceae,DSNY,Crotalaria,Crotalarieae,DSNY_001,Osceola,Florida,yes,,,20240402
DSNY-CRMA-35-1-No,D03,Crotalaria maritima,9/18/24,0,0,Quarter,DSNY-CRMA-35,dry,nodule,Fabaceae,DSNY,Crotalaria,Crotalarieae,DSNY_001,Osceola,Florida,yes,,,20240402
DSNY-CRMA-35-1-Ro,D03,Crotalaria maritima,9/18/24,0.1285,6.168,Quarter,DSNY-CRMA-35,dry,root,Fabaceae,DSNY,Crotalaria,Crotalarieae,DSNY_001,Osceola,Florida,yes,,,20240402
DSNY-GARE-35-1-Rh,D03,Galactia regularis cf sp.,9/18/24,0,0,Quarter,DSNY-GARE-35,dry,rhizosphere,Fabaceae,DSNY,Galactia,Diocleae,DSNY_006,Osceola,Florida,yes,,,20240430
DSNY-GARE-35-1-No,D03,Galactia regularis cf sp.,9/18/24,0,0,Quarter,DSNY-GARE-35,dry,nodule,Fabaceae,DSNY,Galactia,Diocleae,DSNY_006,Osceola,Florida,yes,,,20240430
DSNY-GARE-35-1-Ro,D03,Galactia regularis cf sp.,9/18/24,0,0,Quarter,DSNY-GARE-35,dry,root,Fabaceae,DSNY,Galactia,Diocleae,DSNY_006,Osceola,Florida,yes,,,20240430
DSNY-36-1-Rh,D03,Tephrosia sp.,9/18/24,0,0,Quarter,DSNY-Tephrosia-36,dry,rhizosphere,Fabaceae,DSNY,Tephrosia,Millettieae,DSNY_006,Osceola,Florida,yes,,,20240430
DSNY-36-1-No,D03,Tephrosia sp.,9/18/24,0.525,25.2,Quarter,DSNY-Tephrosia-36,dry,nodule,Fabaceae,DSNY,Tephrosia,Millettieae,DSNY_006,Osceola,Florida,yes,,,20240430
DSNY-36-1-Ro,D03,Tephrosia sp.,9/18/24,5.165,247.92,Quarter,DSNY-Tephrosia-36,dry,root,Fabaceae,DSNY,Tephrosia,Millettieae,DSNY_006,Osceola,Florida,yes,,,20240430
DSNY-37-1-Rh,D03,Crotalaria pallida cf sp.,9/18/24,0,0,Quarter,DSNY-CRPA-37,dry,rhizosphere,Fabaceae,DSNY,Crotalaria,Crotalarieae,DSNY_011,Osceola,Florida,yes,28.06297,-81.25475,20240430
DSNY-37-1-No,D03,Crotalaria pallida cf sp.,9/18/24,25.35,1216.8,Half,DSNY-CRPA-37,dry,nodule,Fabaceae,DSNY,Crotalaria,Crotalarieae,DSNY_011,Osceola,Florida,yes,28.06297,-81.25475,20240430
DSNY-37-1-Ro,D03,Crotalaria pallida cf sp.,9/18/24,0.782,37.536,Quarter,DSNY-CRPA-37,dry,root,Fabaceae,DSNY,Crotalaria,Crotalarieae,DSNY_011,Osceola,Florida,yes,28.06297,-81.25475,20240430
CLBJ-24-Rh,D11,Chamaecrista fasciculata,9/18/24,0.126,6.048,Quarter,CLBJ-24,ethanol,rhizosphere,Fabaceae,CLBJ,Chamaecrista,Cassieae,CLBJ_035_R,Wise,TX,yes,33.32974,-97.5792,6/4/24
CLBJ-24-No,D11,Chamaecrista fasciculata,9/18/24,35.4,1699.2,Half,CLBJ-24,ethanol,nodule,Fabaceae,CLBJ,Chamaecrista,Cassieae,CLBJ_035_R,Wise,TX,yes,33.32974,-97.5792,6/4/24
CLBJ-24-Ro,D11,Chamaecrista fasciculata,9/18/24,0,0,Quarter,CLBJ-24,ethanol,root,Fabaceae,CLBJ,Chamaecrista,Cassieae,CLBJ_035_R,Wise,TX,yes,33.32974,-97.5792,6/4/24
CLBJ-25-2-Rh,D11,Dalea tenuis,9/18/24,0,0,Quarter,CLBJ-25,ethanol,rhizosphere,Fabaceae,CLBJ,Dalea,Amorpheae,CLBJ_035_R,Wise,TX,yes,33.32974,-97.5792,6/4/24
CLBJ-25-2-No,D11,Dalea tenuis,9/18/24,0,0,Quarter,CLBJ-25,ethanol,nodule,Fabaceae,CLBJ,Dalea,Amorpheae,CLBJ_035_R,Wise,TX,yes,33.32974,-97.5792,6/4/24
CLBJ-25-2-Ro,D11,Dalea tenuis,9/18/24,0,0,Quarter,CLBJ-25,ethanol,root,Fabaceae,CLBJ,Dalea,Amorpheae,CLBJ_035_R,Wise,TX,yes,33.32974,-97.5792,6/4/24
CLBJ-26-1-Rh,D11,Strophostyles leiosperma,9/18/24,0,0,Quarter,CLBJ-26,ethanol,rhizosphere,Fabaceae,CLBJ,Strophostyles,Phaseoleae,CLBJ_035_R,Wise,TX,yes,33.32974,-97.5792,6/4/24
CLBJ-26-1-No,D11,Strophostyles leiosperma,9/18/24,0,0,Quarter,CLBJ-26,ethanol,nodule,Fabaceae,CLBJ,Strophostyles,Phaseoleae,CLBJ_035_R,Wise,TX,yes,33.32974,-97.5792,6/4/24
CLBJ-26-1-Ro,D11,Strophostyles leiosperma,9/18/24,0,0,Quarter,CLBJ-26,ethanol,root,Fabaceae,CLBJ,Strophostyles,Phaseoleae,CLBJ_035_R,Wise,TX,yes,33.32974,-97.5792,6/4/24
CLBJ-27-1-Rh,D11,Desmanthus illinoiensis,9/18/24,0,0,Quarter,CLBJ-27,ethanol,rhizosphere,Fabaceae,CLBJ,Desmanthus,Mimosoideae,CLBJ_035_R,Wise,TX,yes,33.32974,-97.5792,6/4/24
CLBJ-27-1-No,D11,Desmanthus illinoiensis,9/18/24,0,0,Quarter,CLBJ-27,ethanol,nodule,Fabaceae,CLBJ,Desmanthus,Mimosoideae,CLBJ_035_R,Wise,TX,yes,33.32974,-97.5792,6/4/24
CLBJ-27-1-Ro,D11,Desmanthus illinoiensis,9/18/24,0.14,6.72,Quarter,CLBJ-27,ethanol,root,Fabaceae,CLBJ,Desmanthus,Mimosoideae,CLBJ_035_R,Wise,TX,yes,33.32974,-97.5792,6/4/24
CLBJ-28-3-Rh,D11,Dalea tenuis,9/18/24,0,0,Quarter,CLBJ-28,ethanol,rhizosphere,Fabaceae,CLBJ,Dalea,Amorpheae,CLBJ_037_R,Wise,TX,yes,33.322109,-97.58278,6/5/24
CLBJ-28-3-No,D11,Dalea tenuis,9/18/24,0,0,Quarter,CLBJ-28,ethanol,nodule,Fabaceae,CLBJ,Dalea,Amorpheae,CLBJ_037_R,Wise,TX,yes,33.322109,-97.58278,6/5/24
CLBJ-28-3-Ro,D11,Dalea tenuis,9/18/24,0.5015,24.072,Quarter,CLBJ-28,ethanol,root,Fabaceae,CLBJ,Dalea,Amorpheae,CLBJ_037_R,Wise,TX,yes,33.322109,-97.58278,6/5/24
CLBJ-29-2-Rh,D11,Dalea aurea,9/18/24,0,0,Quarter,CLBJ-29,ethanol,rhizosphere,Fabaceae,CLBJ,Dalea,Amorpheae,CLBJ_037_R,Wise,TX,yes,33.322109,-97.58278,6/5/24
CLBJ-29-2-No,D11,Dalea aurea,9/18/24,0,0,Quarter,CLBJ-29,ethanol,nodule,Fabaceae,CLBJ,Dalea,Amorpheae,CLBJ_037_R,Wise,TX,yes,33.322109,-97.58278,6/5/24
CLBJ-29-2-Ro,D11,Dalea aurea,9/18/24,0.088,4.224,Quarter,CLBJ-29,ethanol,root,Fabaceae,CLBJ,Dalea,Amorpheae,CLBJ_037_R,Wise,TX,yes,33.322109,-97.58278,6/5/24
CLBJ-30-1-Rh,D11,Chamaecrista fasciculata,9/18/24,0,0,Quarter,CLBJ-30,ethanol,rhizosphere,Fabaceae,CLBJ,Chamaecrista,Cassieae,CLBJ_036_R,Wise,TX,yes,33.397578,-97.57995,6/11/24
CLBJ-30-1-No,D11,Chamaecrista fasciculata,9/18/24,2.975,142.8,Quarter,CLBJ-30,ethanol,nodule,Fabaceae,CLBJ,Chamaecrista,Cassieae,CLBJ_036_R,Wise,TX,yes,33.397578,-97.57995,6/11/24
CLBJ-30-1-Ro,D11,Chamaecrista fasciculata,9/18/24,0,0,Quarter,CLBJ-30,ethanol,root,Fabaceae,CLBJ,Chamaecrista,Cassieae,CLBJ_036_R,Wise,TX,yes,33.397578,-97.57995,6/11/24
CLBJ-31-2-Rh,D11,Acmispon americanus,9/18/24,0,0,Quarter,CLBJ-31,ethanol,rhizosphere,Fabaceae,CLBJ,Acmispon,Loteae,CLBJ_036_R,Wise,TX,yes,33.397578,-97.57995,6/11/24
CLBJ-31-2-No,D11,Acmispon americanus,9/18/24,1.905,91.44,Quarter,CLBJ-31,ethanol,nodule,Fabaceae,CLBJ,Acmispon,Loteae,CLBJ_036_R,Wise,TX,yes,33.397578,-97.57995,6/11/24
CLBJ-31-2-Ro,D11,Acmispon americanus,9/18/24,0,0,Quarter,CLBJ-31,ethanol,root,Fabaceae,CLBJ,Acmispon,Loteae,CLBJ_036_R,Wise,TX,yes,33.397578,-97.57995,6/11/24
DSNY-38-3-Rh,D03,Indigofera hirsuta,9/18/24,0,0,Quarter,DSNY-INHI-38,dry,rhizosphere,Fabaceae,DSNY,Indigofera,Indigofereae,DSNY_011,Osceola,Florida,no,28.06297,-81.25475,20240430
DSNY-38-3-No,D03,Indigofera hirsuta,9/18/24,0.1785,8.568,Quarter,DSNY-INHI-38,dry,nodule,Fabaceae,DSNY,Indigofera,Indigofereae,DSNY_011,Osceola,Florida,no,28.06297,-81.25475,20240430
DSNY-38-3-Ro,D03,Indigofera hirsuta,9/18/24,0.8075,38.76,Quarter,DSNY-INHI-38,dry,root,Fabaceae,DSNY,Indigofera,Indigofereae,DSNY_011,Osceola,Florida,no,28.06297,-81.25475,20240430
DSNY-39-4-Rh,D03,Macroptilium lathyroides,9/18/24,0,0,Quarter,DSNY-MALA-39,dry,rhizosphere,Fabaceae,DSNY,Macroptilium,Phaseoleae,DSNY_011,Osceola,Florida,yes,28.06297,-81.25475,20240430
DSNY-39-4-No,D03,Macroptilium lathyroides,9/18/24,1.445,69.36,Quarter,DSNY-MALA-39,dry,nodule,Fabaceae,DSNY,Macroptilium,Phaseoleae,DSNY_011,Osceola,Florida,yes,28.06297,-81.25475,20240430
DSNY-39-4-Ro,D03,Macroptilium lathyroides,9/18/24,0.372,17.856,Quarter,DSNY-MALA-39,dry,root,Fabaceae,DSNY,Macroptilium,Phaseoleae,DSNY_011,Osceola,Florida,yes,28.06297,-81.25475,20240430
DSNY-40-2-Rh,D03,Galactia elliottii,9/18/24,0,0,Quarter,DSNY-GAEL-40,dry,rhizosphere,Fabaceae,DSNY,Galactia,Diocleae,DSNY_005,Polk,Florida,yes,,,20240430
DSNY-40-2-No,D03,Galactia elliottii,9/18/24,0,0,Quarter,DSNY-GAEL-40,dry,nodule,Fabaceae,DSNY,Galactia,Diocleae,DSNY_005,Polk,Florida,yes,,,20240430
DSNY-40-2-Ro,D03,Galactia elliottii,9/18/24,0.054,2.592,Quarter,DSNY-GAEL-40,dry,root,Fabaceae,DSNY,Galactia,Diocleae,DSNY_005,Polk,Florida,yes,,,20240430
DSNY-43-1-Rh,D03,Tephrosia spicata,9/18/24,0,0,Quarter,DSNY-TESP-43,dry,rhizosphere,Fabaceae,DSNY,Tephrosia,Millettieae,DSNY_003,Polk,Florida,yes,,,20240528
DSNY-43-1-No,D03,Tephrosia spicata,9/18/24,31.2,1497.6,Half,DSNY-TESP-43,dry,nodule,Fabaceae,DSNY,Tephrosia,Millettieae,DSNY_003,Polk,Florida,yes,,,20240528
DSNY-43-1-Ro,D03,Tephrosia spicata,9/18/24,0,0,Quarter,DSNY-TESP-43,dry,root,Fabaceae,DSNY,Tephrosia,Millettieae,DSNY_003,Polk,Florida,yes,,,20240528
DSNY-44-1-Rh,D03,Sesbania vesicaria,9/18/24,0,0,Quarter,DSNY-Sesbania-44,dry,rhizosphere,Fabaceae,DSNY,Sesbania,Sesbanieae,DSNY_002,Polk,Florida,yes,28.0567104,-81.4075136,20240528
DSNY-44-1-No,D03,Sesbania vesicaria,9/18/24,0.0835,4.008,Quarter,DSNY-Sesbania-44,dry,nodule,Fabaceae,DSNY,Sesbania,Sesbanieae,DSNY_002,Polk,Florida,yes,28.0567104,-81.4075136,20240528
DSNY-44-1-Ro,D03,Sesbania vesicaria,9/18/24,0.6585,31.608,Quarter,DSNY-Sesbania-44,dry,root,Fabaceae,DSNY,Sesbania,Sesbanieae,DSNY_002,Polk,Florida,yes,28.0567104,-81.4075136,20240528
DSNY-48-1-Rh,D03,Chamaecrista nictitans,9/18/24,0,0,Quarter,DSNY-CHNI2-48,dry,rhizosphere,Fabaceae,DSNY,Chamaecrista,Cassieae,DSNY_041,Osceola,Florida,yes,,,20240529
DSNY-48-1-No,D03,Chamaecrista nictitans,9/18/24,4.14,198.72,Quarter,DSNY-CHNI2-48,dry,nodule,Fabaceae,DSNY,Chamaecrista,Cassieae,DSNY_041,Osceola,Florida,yes,,,20240529
DSNY-48-1-Ro,D03,Chamaecrista nictitans,9/18/24,0,0,Quarter,DSNY-CHNI2-48,dry,root,Fabaceae,DSNY,Chamaecrista,Cassieae,DSNY_041,Osceola,Florida,yes,,,20240529
DSNY-49-2-Rh,D03,Chamaecrista nictitans,9/18/24,0,0,Quarter,DSNY-CHNI2-49,dry,rhizosphere,Fabaceae,DSNY,Chamaecrista,Cassieae,DSNY_043,Osceola,Florida,yes,,,20240529
DSNY-49-2-No,D03,Chamaecrista nictitans,9/18/24,0.147,7.056,Quarter,DSNY-CHNI2-49,dry,nodule,Fabaceae,DSNY,Chamaecrista,Cassieae,DSNY_043,Osceola,Florida,yes,,,20240529
DSNY-49-2-Ro,D03,Chamaecrista nictitans,9/18/24,0.064,3.072,Quarter,DSNY-CHNI2-49,dry,root,Fabaceae,DSNY,Chamaecrista,Cassieae,DSNY_043,Osceola,Florida,yes,,,20240529
DSNY-50-1-Rh,D03,Macroptilium lathyroides,9/18/24,0,0,Quarter,DSNY-MALA9-50,dry,rhizosphere,Fabaceae,DSNY,Macroptilium,Phaseoleae,DSNY_043,Osceola,Florida,yes,28.1236981,-81.437431,20240529
DSNY-50-1-No,D03,Macroptilium lathyroides,9/18/24,0.1765,8.472,Quarter,DSNY-MALA9-50,dry,nodule,Fabaceae,DSNY,Macroptilium,Phaseoleae,DSNY_043,Osceola,Florida,yes,28.1236981,-81.437431,20240529
DSNY-50-1-Ro,D03,Macroptilium lathyroides,9/18/24,0,0,Quarter,DSNY-MALA9-50,dry,root,Fabaceae,DSNY,Macroptilium,Phaseoleae,DSNY_043,Osceola,Florida,yes,28.1236981,-81.437431,20240529
DSNY-22-3-Rh,D03,Macroptilium lathyroides,9/18/24,0,0,Quarter,DSNY-MALY-22,dry,rhizosphere,Fabaceae,DSNY,Macroptilium,Phaseoleae,,Polk,Florida,yes,,,20240402
DSNY-22-3-No,D03,Macroptilium lathyroides,9/18/24,2.565,123.12,Quarter,DSNY-MALY-22,dry,nodule,Fabaceae,DSNY,Macroptilium,Phaseoleae,,Polk,Florida,yes,,,20240402
DSNY-22-3-Ro,D03,Macroptilium lathyroides,9/18/24,0,0,Quarter,DSNY-MALY-22,dry,root,Fabaceae,DSNY,Macroptilium,Phaseoleae,,Polk,Florida,yes,,,20240402
DSNY-24-1-Rh,D03,Lupinus floridanus,9/18/24,0,0,Quarter,DSNY-LUFL-24,dry,rhizosphere,Fabaceae,DSNY,Lupinus,Genisteae,DSNY_025,Polk,Florida,yes,28.065217,-81.41175,20240402
DSNY-24-1-No,D03,Lupinus floridanus,9/18/24,2.695,129.36,Quarter,DSNY-LUFL-24,dry,nodule,Fabaceae,DSNY,Lupinus,Genisteae,DSNY_025,Polk,Florida,yes,28.065217,-81.41175,20240402
DSNY-24-1-Ro,D03,Lupinus floridanus,9/18/24,0.4245,20.376,Quarter,DSNY-LUFL-24,dry,root,Fabaceae,DSNY,Lupinus,Genisteae,DSNY_025,Polk,Florida,yes,28.065217,-81.41175,20240402
DSNY-25-1-Rh,D03,Lupinus floridanus,9/18/24,1.285,61.68,Quarter,DSNY-LUFL-25,dry,rhizosphere,Fabaceae,DSNY,Lupinus,Genisteae,DSNY_025,Polk,Florida,yes,28.06355,-81.4112,20240402
DSNY-25-1-No,D03,Lupinus floridanus,9/18/24,4.325,207.6,Quarter,DSNY-LUFL-25,dry,nodule,Fabaceae,DSNY,Lupinus,Genisteae,DSNY_025,Polk,Florida,yes,28.06355,-81.4112,20240402
DSNY-25-1-Ro,D03,Lupinus floridanus,9/18/24,0,0,Quarter,DSNY-LUFL-25,dry,root,Fabaceae,DSNY,Lupinus,Genisteae,DSNY_025,Polk,Florida,yes,28.06355,-81.4112,20240402
DSNY-26-1-Rh,D03,Lupinus floridanus,9/18/24,0,0,Quarter,DSNY-LUFL-26,dry,rhizosphere,Fabaceae,DSNY,Lupinus,Genisteae,DSNY_006,Osceola,Florida,yes,28.089717,-81.3967,20240402
DSNY-26-1-No,D03,Lupinus floridanus,9/18/24,1.02,48.96,Quarter,DSNY-LUFL-26,dry,nodule,Fabaceae,DSNY,Lupinus,Genisteae,DSNY_006,Osceola,Florida,yes,28.089717,-81.3967,20240402
DSNY-26-1-Ro,D03,Lupinus floridanus,9/18/24,0,0,Quarter,DSNY-LUFL-26,dry,root,Fabaceae,DSNY,Lupinus,Genisteae,DSNY_006,Osceola,Florida,yes,28.089717,-81.3967,20240402
DSNY-27-1-Rh,D03,Morella pumila cf sp.,9/18/24,0.2085,10.008,Quarter,DSNY-MOPU-27,dry,rhizosphere,Myricaceae,DSNY,Morella,actinorhizal,DSNY_012,Osceola,Florida,yes,,,20240402
DSNY-27-1-No,D03,Morella pumila cf sp.,9/18/24,2.41,115.68,Quarter,DSNY-MOPU-27,dry,nodule,Myricaceae,DSNY,Morella,actinorhizal,DSNY_012,Osceola,Florida,yes,,,20240402
DSNY-27-1-Ro,D03,Morella pumila cf sp.,9/18/24,0,0,Quarter,DSNY-MOPU-27,dry,root,Myricaceae,DSNY,Morella,actinorhizal,DSNY_012,Osceola,Florida,yes,,,20240402
DSNY-28-1-Rh,D03,Morella cerifera cf sp.,9/18/24,0.226,10.848,Quarter,DSNY-MOCE-28,dry,rhizosphere,Myricaceae,DSNY,Morella,actinorhizal,DSNY_001,Osceola,Florida,yes,,,20240402
DSNY-28-1-No,D03,Morella cerifera cf sp.,9/18/24,0.4825,23.16,Quarter,DSNY-MOCE-28,dry,nodule,Myricaceae,DSNY,Morella,actinorhizal,DSNY_001,Osceola,Florida,yes,,,20240402
DSNY-28-1-Ro,D03,Morella cerifera cf sp.,9/18/24,0.1225,5.88,Quarter,DSNY-MOCE-28,dry,root,Myricaceae,DSNY,Morella,actinorhizal,DSNY_001,Osceola,Florida,yes,,,20240402
DSNY-29-1-Rh,D03,Morella cerifera cf sp.,9/18/24,0,0,Quarter,DSNY-MOCE-29,dry,rhizosphere,Myricaceae,DSNY,Morella,actinorhizal,DSNY_001,Osceola,Florida,yes,,,20240402
DSNY-29-1-No,D03,Morella cerifera cf sp.,9/18/24,12.05,578.4,Half,DSNY-MOCE-29,dry,nodule,Myricaceae,DSNY,Morella,actinorhizal,DSNY_001,Osceola,Florida,yes,,,20240402
DSNY-29-1-Ro,D03,Morella cerifera cf sp.,9/18/24,0.4745,22.776,Quarter,DSNY-MOCE-29,dry,root,Myricaceae,DSNY,Morella,actinorhizal,DSNY_001,Osceola,Florida,yes,,,20240402
DSNY-30-1-Rh,D03,Crotalaria maritima,9/18/24,0,0,Quarter,DSNY-CRMA-30,dry,rhizosphere,Fabaceae,DSNY,Crotalaria,Crotalarieae,DSNY_001,Osceola,Florida,yes,,,20240402
DSNY-30-1-No,D03,Crotalaria maritima,9/18/24,0,0,Quarter,DSNY-CRMA-30,dry,nodule,Fabaceae,DSNY,Crotalaria,Crotalarieae,DSNY_001,Osceola,Florida,yes,,,20240402
DSNY-30-1-Ro,D03,Crotalaria maritima,9/18/24,0,0,Quarter,DSNY-CRMA-30,dry,root,Fabaceae,DSNY,Crotalaria,Crotalarieae,DSNY_001,Osceola,Florida,yes,,,20240402
KONZ-9-2-Rh,D06,Lespedeza violacea,9/25/24,2.435,116.88,Quarter,KONZ-9,dry,rhizosphere,Fabaceae,KONZ,Lespedeza,Desmodieae,KONZ_024,Riley,KS,yes,39.11091,-96.55235,20240710
KONZ-9-2-No,D06,Lespedeza violacea,9/25/24,11.1,532.8,Half,KONZ-9,dry,nodule,Fabaceae,KONZ,Lespedeza,Desmodieae,KONZ_024,Riley,KS,yes,39.11091,-96.55235,20240710
KONZ-9-2-Ro,D06,Lespedeza violacea,9/25/24,6.51,312.48,Half,KONZ-9,dry,root,Fabaceae,KONZ,Lespedeza,Desmodieae,KONZ_024,Riley,KS,yes,39.11091,-96.55235,20240710
KONZ-10-1-Rh,D06,Desmodium illinoense,9/25/24,0.103,4.944,Quarter,KONZ-10,dry,rhizosphere,Fabaceae,KONZ,Desmodium,Desmodieae,KONZ_001,Riley,KS,yes,39.0752,-96.55571,20240711
KONZ-10-1-No,D06,Desmodium illinoense,9/25/24,8.63,414.24,Half,KONZ-10,dry,nodule,Fabaceae,KONZ,Desmodium,Desmodieae,KONZ_001,Riley,KS,yes,39.0752,-96.55571,20240711
KONZ-10-1-Ro,D06,Desmodium illinoense,9/25/24,1.61,77.28,Quarter,KONZ-10,dry,root,Fabaceae,KONZ,Desmodium,Desmodieae,KONZ_001,Riley,KS,yes,39.0752,-96.55571,20240711
KONZ-11-1-Rh,D06,Amorpha canescens,9/25/24,0.087,4.176,Quarter,KONZ-11,dry,rhizosphere,Fabaceae,KONZ,Amorpha,Amorpheae,KONZ_001,Riley,KS,yes,39.0752,-96.55571,20240711
KONZ-11-1-No,D06,Amorpha canescens,9/25/24,4.015,192.72,Quarter,KONZ-11,dry,nodule,Fabaceae,KONZ,Amorpha,Amorpheae,KONZ_001,Riley,KS,yes,39.0752,-96.55571,20240711
KONZ-11-1-Ro,D06,Amorpha canescens,9/25/24,2.685,128.88,Quarter,KONZ-11,dry,root,Fabaceae,KONZ,Amorpha,Amorpheae,KONZ_001,Riley,KS,yes,39.0752,-96.55571,20240711
KONZ-12-1-Rh,D06,Dalea candida,9/25/24,0,0,Quarter,KONZ-12,dry,rhizosphere,Fabaceae,KONZ,Dalea,Amorpheae,KONZ_001,Riley,KS,yes,39.07516,-96.55599,20240711
KONZ-12-1-No,D06,Dalea candida,9/25/24,5.4,259.2,Half,KONZ-12,dry,nodule,Fabaceae,KONZ,Dalea,Amorpheae,KONZ_001,Riley,KS,yes,39.07516,-96.55599,20240711
KONZ-12-1-Ro,D06,Dalea candida,9/25/24,0.441,21.168,Quarter,KONZ-12,dry,root,Fabaceae,KONZ,Dalea,Amorpheae,KONZ_001,Riley,KS,yes,39.07516,-96.55599,20240711
UKFS-3-2-Rh,D06,Hylodesmum glutinosum,9/25/24,0,0,Quarter,UKFS-3,dry,rhizosphere,Fabaceae,UKFS,Desmodium,Desmodieae,UKFS_001,Douglas,KS,yes,39.03776,-95.1971,6/27/24
UKFS-3-2-No,D06,Hylodesmum glutinosum,9/25/24,0,0,Quarter,UKFS-3,dry,nodule,Fabaceae,UKFS,Desmodium,Desmodieae,UKFS_001,Douglas,KS,yes,39.03776,-95.1971,6/27/24
UKFS-3-2-Ro,D06,Hylodesmum glutinosum,9/25/24,0,0,Quarter,UKFS-3,dry,root,Fabaceae,UKFS,Desmodium,Desmodieae,UKFS_001,Douglas,KS,yes,39.03776,-95.1971,6/27/24
UKFS-4-1-Rh,D06,Lespedeza cuneata,9/25/24,0.0635,3.048,Quarter,UKFS-4,dry,rhizosphere,Fabaceae,UKFS,Lespedeza,Desmodieae,UKFS_009,Douglas,KS,no,39.04552,-95.2015,6/27/24
UKFS-4-1-No,D06,Lespedeza cuneata,9/25/24,16.95,813.6,Half,UKFS-4,dry,nodule,Fabaceae,UKFS,Lespedeza,Desmodieae,UKFS_009,Douglas,KS,no,39.04552,-95.2015,6/27/24
UKFS-4-1-Ro,D06,Lespedeza cuneata,9/25/24,1.13,54.24,Quarter,UKFS-4,dry,root,Fabaceae,UKFS,Lespedeza,Desmodieae,UKFS_009,Douglas,KS,no,39.04552,-95.2015,6/27/24
UKFS-5-1-Rh,D06,Hylodesmum glutinosum,9/25/24,2.77,132.96,Quarter,UKFS-5,dry,rhizosphere,Fabaceae,UKFS,Desmodium,Desmodieae,UKFS_044,Douglas,KS,yes,39.0382,-95.1881,7/3/24
UKFS-5-1-No,D06,Hylodesmum glutinosum,9/25/24,1.615,77.52,Quarter,UKFS-5,dry,nodule,Fabaceae,UKFS,Desmodium,Desmodieae,UKFS_044,Douglas,KS,yes,39.0382,-95.1881,7/3/24
UKFS-5-1-Ro,D06,Hylodesmum glutinosum,9/25/24,0.352,16.896,Quarter,UKFS-5,dry,root,Fabaceae,UKFS,Desmodium,Desmodieae,UKFS_044,Douglas,KS,yes,39.0382,-95.1881,7/3/24
UKFS-6-1-Rh,D06,Hylodesmum glutinosum,9/25/24,1.17,56.16,Quarter,UKFS-6,dry,rhizosphere,Fabaceae,UKFS,Desmodium,Desmodieae,UKFS_002,Douglas,KS,yes,39.04622,-95.2087,7/3/24
UKFS-6-1-No,D06,Hylodesmum glutinosum,9/25/24,1.32,63.36,Quarter,UKFS-6,dry,nodule,Fabaceae,UKFS,Desmodium,Desmodieae,UKFS_002,Douglas,KS,yes,39.04622,-95.2087,7/3/24
UKFS-6-1-Ro,D06,Hylodesmum glutinosum,9/25/24,5.99,287.52,Half,UKFS-6,dry,root,Fabaceae,UKFS,Desmodium,Desmodieae,UKFS_002,Douglas,KS,yes,39.04622,-95.2087,7/3/24
DSNY-18-1-Rh,D03,Morella cerifera,9/25/24,3.2,153.6,Quarter,DSNY-MOCE-18,dry,rhizosphere,Myricaceae,DSNY,Morella,actinorhizal,DSNY_044,Osceola,Florida,yes,,,20240401
DSNY-18-1-No,D03,Morella cerifera,9/25/24,5.585,268.08,Half,DSNY-MOCE-18,dry,nodule,Myricaceae,DSNY,Morella,actinorhizal,DSNY_044,Osceola,Florida,yes,,,20240401
DSNY-18-1-Ro,D03,Morella cerifera,9/25/24,0.1185,5.688,Quarter,DSNY-MOCE-18,dry,root,Myricaceae,DSNY,Morella,actinorhizal,DSNY_044,Osceola,Florida,yes,,,20240401
DSNY-19-1-Rh,D03,Crotalaria maritima,9/25/24,0,0,Quarter,DSNY-CRMA-19,dry,rhizosphere,Fabaceae,DSNY,Crotalaria,Crotalarieae,DSNY_034,Polk,Florida,yes,,,20240401
DSNY-19-1-No,D03,Crotalaria maritima,9/25/24,1.05,50.4,Quarter,DSNY-CRMA-19,dry,nodule,Fabaceae,DSNY,Crotalaria,Crotalarieae,DSNY_034,Polk,Florida,yes,,,20240401
DSNY-20-1-Rh,D03,Morella cerifera,9/25/24,1.63,78.24,Quarter,DSNY-MOCE-20,dry,rhizosphere,Myricaceae,DSNY,Morella,actinorhizal,DSNY_009,Polk,Florida,yes,,,20240401
DSNY-20-1-No,D03,Morella cerifera,9/25/24,8.035,385.68,Half,DSNY-MOCE-20,dry,nodule,Myricaceae,DSNY,Morella,actinorhizal,DSNY_009,Polk,Florida,yes,,,20240401
DSNY-20-1-Ro,D03,Morella cerifera,9/25/24,1.645,78.96,Quarter,DSNY-MOCE-20,dry,root,Myricaceae,DSNY,Morella,actinorhizal,DSNY_009,Polk,Florida,yes,,,20240401
DSNY-21-1-Rh,D03,Morella pumila,9/25/24,0.1525,7.32,Quarter,DSNY-MOPU-21,dry,rhizosphere,Myricaceae,DSNY,Morella,actinorhizal,DSNY_003,Polk,Florida,yes,,,20240402
DSNY-21-1-No,D03,Morella pumila,9/25/24,1.825,87.6,Quarter,DSNY-MOPU-21,dry,nodule,Myricaceae,DSNY,Morella,actinorhizal,DSNY_003,Polk,Florida,yes,,,20240402
DSNY-21-1-Ro,D03,Morella pumila,9/25/24,0.7865,37.752,Quarter,DSNY-MOPU-21,dry,root,Myricaceae,DSNY,Morella,actinorhizal,DSNY_003,Polk,Florida,yes,,,20240402
DSNY-51-2-Rh,D03,Crotalaria spectabilis,9/25/24,0,0,Quarter,DSNY-CRSP2-51,dry,rhizosphere,Fabaceae,DSNY,Crotalaria,Crotalarieae,DSNY_061,Osceola,Florida,no,28.1283487,-81.4335327,20240529
DSNY-51-2-No,D03,Crotalaria spectabilis,9/25/24,1.095,52.56,Quarter,DSNY-CRSP2-51,dry,nodule,Fabaceae,DSNY,Crotalaria,Crotalarieae,DSNY_061,Osceola,Florida,no,28.1283487,-81.4335327,20240529
DSNY-51-2-Ro,D03,Crotalaria spectabilis,9/25/24,0.845,40.56,Quarter,DSNY-CRSP2-51,dry,root,Fabaceae,DSNY,Crotalaria,Crotalarieae,DSNY_061,Osceola,Florida,no,28.1283487,-81.4335327,20240529
DSNY-52-1-Rh,D03,Chamaecrista nictitans,9/25/24,0,0,Quarter,DSNY-CHNI2-52,dry,rhizosphere,Fabaceae,DSNY,Chamaecrista,Cassieae,DSNY_041,Osceola,Florida,yes,,,20240529
DSNY-52-1-No,D03,Chamaecrista nictitans,9/25/24,0.724,34.752,Quarter,DSNY-CHNI2-52,dry,nodule,Fabaceae,DSNY,Chamaecrista,Cassieae,DSNY_041,Osceola,Florida,yes,,,20240529
DSNY-52-1-Ro,D03,Chamaecrista nictitans,9/25/24,0.1055,5.064,Quarter,DSNY-CHNI2-52,dry,root,Fabaceae,DSNY,Chamaecrista,Cassieae,DSNY_041,Osceola,Florida,yes,,,20240529
HARV-1-1-Rh,D01,Comptonia peregrina,9/25/24,10.2,489.6,Half,HARV-1,dry,rhizosphere,Myricaceae,HARV,Comptonia,actinorhizal,HARV_004,Worcester,MA,yes,42.42709,-72.22974,5/2/24
HARV-1-1-No,D01,Comptonia peregrina,9/25/24,5.565,267.12,Half,HARV-1,dry,nodule,Myricaceae,HARV,Comptonia,actinorhizal,HARV_004,Worcester,MA,yes,42.42709,-72.22974,5/2/24
HARV-1-1-Ro,D01,Comptonia peregrina,9/25/24,0.223,10.704,Quarter,HARV-1,dry,root,Myricaceae,HARV,Comptonia,actinorhizal,HARV_004,Worcester,MA,yes,42.42709,-72.22974,5/2/24
HARV-2-1-Rh,D01,Alnus serrulata,9/25/24,0,0,Quarter,HARV-2,dry,rhizosphere,Betulaceae,HARV,Alnus,actinorhizal,HARV_016,Worcester,MA,yes,42.45847,-72.23199,5/2/24
HARV-2-1-No,D01,Alnus serrulata,9/25/24,10.55,506.4,Half,HARV-2,dry,nodule,Betulaceae,HARV,Alnus,actinorhizal,HARV_016,Worcester,MA,yes,42.45847,-72.23199,5/2/24
HARV-2-1-Ro,D01,Alnus serrulata,9/25/24,2.505,120.24,Quarter,HARV-2,dry,root,Betulaceae,HARV,Alnus,actinorhizal,HARV_016,Worcester,MA,yes,42.45847,-72.23199,5/2/24
JERC-26-5-Rh,D03,Centrosema virginiana,10/2/24,0,0,Quarter,JERC-26,dry,rhizosphere,Fabaceae,JERC,Centrosema,Phaseoleae,JERC_007,Baker County,Georgia,yes,,,20240603
JERC-26-5-Ro,D03,Centrosema virginiana,10/2/24,1.82,87.36,Quarter,JERC-26,dry,root,Fabaceae,JERC,Centrosema,Phaseoleae,JERC_007,Baker County,Georgia,yes,,,20240603
JERC-26-5-No,D03,Centrosema virginiana,10/2/24,5.77,276.96,Half,JERC-26,dry,nodule,Fabaceae,JERC,Centrosema,Phaseoleae,JERC_007,Baker County,Georgia,yes,,,20240603
JERC-27-2-Rh,D03,Chamaecrista nictitans,10/2/24,0,0,Quarter,JERC-27,dry,rhizosphere,Fabaceae,JERC,Chamaecrista,Cassieae,JERC_007,Baker County,Georgia,yes,,,20240603
JERC-27-2-Ro,D03,Chamaecrista nictitans,10/2/24,0,0,Quarter,JERC-27,dry,root,Fabaceae,JERC,Chamaecrista,Cassieae,JERC_007,Baker County,Georgia,yes,,,20240603
JERC-27-2-No,D03,Chamaecrista nictitans,10/2/24,0,0,Quarter,JERC-27,dry,nodule,Fabaceae,JERC,Chamaecrista,Cassieae,JERC_007,Baker County,Georgia,yes,,,20240603
JERC-28-4-Rh,D03,Lespedeza cf. stuevei,10/2/24,0,0,Quarter,JERC-28,dry,rhizosphere,Fabaceae,JERC,Lespedeza,Desmodieae,JERC_007,Baker County,Georgia,yes,,,20240603
JERC-28-4-Ro,D03,Lespedeza cf. stuevei,10/2/24,0.1965,9.432,Quarter,JERC-28,dry,root,Fabaceae,JERC,Lespedeza,Desmodieae,JERC_007,Baker County,Georgia,yes,,,20240603
JERC-28-4-No,D03,Lespedeza cf. stuevei,10/2/24,0,0,Quarter,JERC-28,dry,nodule,Fabaceae,JERC,Lespedeza,Desmodieae,JERC_007,Baker County,Georgia,yes,,,20240603
JERC-30-3-Rh,D03,Chamaecrista nictitans,10/2/24,0,0,Quarter,JERC-30,dry,rhizosphere,Fabaceae,JERC,Chamaecrista,Cassieae,JERC_007,Baker County,Georgia,yes,,,20240603
JERC-30-3-Ro,D03,Chamaecrista nictitans,10/2/24,0,0,Quarter,JERC-30,dry,root,Fabaceae,JERC,Chamaecrista,Cassieae,JERC_007,Baker County,Georgia,yes,,,20240603
JERC-30-3-No,D03,Chamaecrista nictitans,10/2/24,0.1805,8.664,Quarter,JERC-30,dry,nodule,Fabaceae,JERC,Chamaecrista,Cassieae,JERC_007,Baker County,Georgia,yes,,,20240603
JERC-DEFL-31-5-Rh,D03,Desmodium cf. floridanum,12/4/24,0,0,Quarter,JERC-31,dry,rhizosphere,Fabaceae,JERC,Desmodium,Desmodieae,JERC_007,Baker County,Georgia,yes,,,20240603
JERC-DEFL-31-5-No,D03,Desmodium cf. floridanum,12/4/24,18.05,866.4,Half,JERC-31,dry,nodule,Fabaceae,JERC,Desmodium,Desmodieae,JERC_007,Baker County,Georgia,yes,,,20240603
JERC-DEFL-31-5-Ro,D03,Desmodium cf. floridanum,12/4/24,0,0,Quarter,JERC-31,dry,root,Fabaceae,JERC,Desmodium,Desmodieae,JERC_007,Baker County,Georgia,yes,,,20240603
JERC-DEST-32-1-Rh,D03,Desmodium cf. strictum,12/4/24,0,0,Quarter,JERC-32,dry,rhizosphere,Fabaceae,JERC,Desmodium,Desmodieae,JERC_007,Baker County,Georgia,yes,,,20240603
JERC-DEST-32-1-No,D03,Desmodium cf. strictum,12/4/24,4.455,213.84,Quarter,JERC-32,dry,nodule,Fabaceae,JERC,Desmodium,Desmodieae,JERC_007,Baker County,Georgia,yes,,,20240603
JERC-DEST-32-1-Ro,D03,Desmodium cf. strictum,12/4/24,0,0,Quarter,JERC-32,dry,root,Fabaceae,JERC,Desmodium,Desmodieae,JERC_007,Baker County,Georgia,yes,,,20240603
JERC-GAVO-33-1-Rh,D03,Galactia volubilis,12/4/24,0,0,Quarter,JERC-33,dry,rhizosphere,Fabaceae,JERC,Galactia,Diocleae,JERC_007,Baker County,Georgia,yes,,,20240603
JERC-GAVO-33-1-No,D03,Galactia volubilis,12/4/24,0.3555,17.064,Quarter,JERC-33,dry,nodule,Fabaceae,JERC,Galactia,Diocleae,JERC_007,Baker County,Georgia,yes,,,20240603
JERC-GAVO-33-1-Ro,D03,Galactia volubilis,12/4/24,0,0,Quarter,JERC-33,dry,root,Fabaceae,JERC,Galactia,Diocleae,JERC_007,Baker County,Georgia,yes,,,20240603
JERC-45-5-Rh,D03,Stylosanthes biflora,12/4/24,0,0,Quarter,JERC-45,dry,rhizosphere,Fabaceae,JERC,Stylosanthes,Dalbergieae,JERC_005,Baker County,Georgia,yes,,,20240604
JERC-45-5-No,D03,Stylosanthes biflora,12/4/24,10.4,499.2,Half,JERC-45,dry,nodule,Fabaceae,JERC,Stylosanthes,Dalbergieae,JERC_005,Baker County,Georgia,yes,,,20240604
JERC-45-5-Ro,D03,Stylosanthes biflora,12/4/24,0.3935,18.888,Quarter,JERC-45,dry,root,Fabaceae,JERC,Stylosanthes,Dalbergieae,JERC_005,Baker County,Georgia,yes,,,20240604
JERC-46-1-Rh,D03,Dalea carnea,12/4/24,0.111,5.328,Quarter,JERC-46,dry,rhizosphere,Fabaceae,JERC,Dalea,Amorpheae,JERC_005,Baker County,Georgia,yes,,,20240604
JERC-46-1-Ro,D03,Dalea carnea,12/4/24,9.38,450.24,Half,JERC-46,dry,root,Fabaceae,JERC,Dalea,Amorpheae,JERC_005,Baker County,Georgia,yes,,,20240604
JERC-47-2-Rh,D03,Indigofera hirsuta,12/4/24,0,0,Quarter,JERC-47,dry,rhizosphere,Fabaceae,JERC,Indigofera,Indigofereae,JERC_005,Baker County,Georgia,no,,,20240604
JERC-47-2-No,D03,Indigofera hirsuta,12/4/24,0.1035,4.968,Quarter,JERC-47,dry,nodule,Fabaceae,JERC,Indigofera,Indigofereae,JERC_005,Baker County,Georgia,no,,,20240604
JERC-47-2-Ro,D03,Indigofera hirsuta,12/4/24,0.1445,6.936,Quarter,JERC-47,dry,root,Fabaceae,JERC,Indigofera,Indigofereae,JERC_005,Baker County,Georgia,no,,,20240604
JERC-48-3-Rh,D03,Crotalaria rotundifolia,12/4/24,0,0,Quarter,JERC-48,dry,rhizosphere,Fabaceae,JERC,Crotalaria,Crotalarieae,JERC_002,Baker County,Georgia,yes,,,20240604
JERC-48-3-No,D03,Crotalaria rotundifolia,12/4/24,0.6865,32.952,Quarter,JERC-48,dry,nodule,Fabaceae,JERC,Crotalaria,Crotalarieae,JERC_002,Baker County,Georgia,yes,,,20240604
JERC-48-3-Ro,D03,Crotalaria rotundifolia,12/4/24,0.435,20.88,Quarter,JERC-48,dry,root,Fabaceae,JERC,Crotalaria,Crotalarieae,JERC_002,Baker County,Georgia,yes,,,20240604
JERC-49-2-Rh,D03,Stylosanthes biflora,12/4/24,0,0,Quarter,JERC-49,dry,rhizosphere,Fabaceae,JERC,Stylosanthes,Dalbergieae,JERC_002,Baker County,Georgia,yes,,,20240604
JERC-49-2-Ro,D03,Stylosanthes biflora,12/4/24,3.89,186.72,Quarter,JERC-49,dry,root,Fabaceae,JERC,Stylosanthes,Dalbergieae,JERC_002,Baker County,Georgia,yes,,,20240604
JERC-50-5-Rh,D03,Chamaecrista nictitans,12/4/24,0,0,Quarter,JERC-50,dry,rhizosphere,Fabaceae,JERC,Chamaecrista,Cassieae,JERC_002,Baker County,Georgia,yes,,,20240604
JERC-50-5-No,D03,Chamaecrista nictitans,12/4/24,1.18,56.64,Quarter,JERC-50,dry,nodule,Fabaceae,JERC,Chamaecrista,Cassieae,JERC_002,Baker County,Georgia,yes,,,20240604
JERC-50-5-Ro,D03,Chamaecrista nictitans,12/4/24,0.0605,2.904,Quarter,JERC-50,dry,root,Fabaceae,JERC,Chamaecrista,Cassieae,JERC_002,Baker County,Georgia,yes,,,20240604
JERC-51-1-Rh,D03,Galactia erecta,12/4/24,0.2805,13.464,Quarter,JERC-51,dry,rhizosphere,Fabaceae,JERC,Galactia,Diocleae,JERC_002,Baker County,Georgia,yes,,,20240604
JERC-51-1-No,D03,Galactia erecta,12/4/24,19.8,950.4,Half,JERC-51,dry,nodule,Fabaceae,JERC,Galactia,Diocleae,JERC_002,Baker County,Georgia,yes,,,20240604
JERC-51-1-Ro,D03,Galactia erecta,12/4/24,14.35,688.8,Half,JERC-51,dry,root,Fabaceae,JERC,Galactia,Diocleae,JERC_002,Baker County,Georgia,yes,,,20240604
JERC-53-5-Rh,D03,Ceanothus americanus,12/4/24,0.9205,44.184,Quarter,JERC-53,dry,rhizosphere,Rhamnaceae,JERC,Ceanothus,actinorhizal,JERC_050,Baker County,Georgia,yes,31.195964,-84.469057,20240604
JERC-53-5-No,D03,Ceanothus americanus,12/4/24,21.9,1051.2,Half,JERC-53,dry,nodule,Rhamnaceae,JERC,Ceanothus,actinorhizal,JERC_050,Baker County,Georgia,yes,31.195964,-84.469057,20240604
JERC-54-2-Rh,D03,Orbexilum lupinellum,12/4/24,0,0,Quarter,JERC-54,dry,rhizosphere,Fabaceae,JERC,Orbexilum,Psoraleeae,JERC_057,Baker County ,Georgia,yes,31.12.137,-84.28.195,20240611
JERC-54-2-No,D03,Orbexilum lupinellum,12/4/24,0.059,2.832,Quarter,JERC-54,dry,nodule,Fabaceae,JERC,Orbexilum,Psoraleeae,JERC_057,Baker County ,Georgia,yes,31.12.137,-84.28.195,20240611
JERC-54-2-Ro,D03,Orbexilum lupinellum,12/4/24,0.076,3.648,Quarter,JERC-54,dry,root,Fabaceae,JERC,Orbexilum,Psoraleeae,JERC_057,Baker County ,Georgia,yes,31.12.137,-84.28.195,20240611
JERC-RHRE-55-1-Rh,D03,Rhynchosia reniformis,12/4/24,0,0,Quarter,JERC-55,dry,rhizosphere,Fabaceae,JERC,Rhynchosia,Phaseoleae,JERC_050,Baker County,Georgia,yes,,,20240618
JERC-RHRE-55-1-No,D03,Rhynchosia reniformis,12/4/24,18.85,904.8,Half,JERC-55,dry,nodule,Fabaceae,JERC,Rhynchosia,Phaseoleae,JERC_050,Baker County,Georgia,yes,,,20240618
JERC-RHRE-55-1-Ro,D03,Rhynchosia reniformis,12/4/24,6.375,306,Half,JERC-55,dry,root,Fabaceae,JERC,Rhynchosia,Phaseoleae,JERC_050,Baker County,Georgia,yes,,,20240618
JERC-AMFR-56-1-Rh,D03,Amorpha fruticosa,12/4/24,0,0,Quarter,JERC-56,dry,rhizosphere,Fabaceae,JERC,Amorpha,Amorpheae,JERC_050,Baker County,Georgia,yes,,,20240618
JERC-AMFR-56-1-No,D03,Amorpha fruticosa,12/4/24,0.18,8.64,Quarter,JERC-56,dry,nodule,Fabaceae,JERC,Amorpha,Amorpheae,JERC_050,Baker County,Georgia,yes,,,20240618
JERC-AMFR-56-1-Ro,D03,Amorpha fruticosa,12/4/24,0,0,Quarter,JERC-56,dry,root,Fabaceae,JERC,Amorpha,Amorpheae,JERC_050,Baker County,Georgia,yes,,,20240618
JERC-CEVI-57-2-Rh,D03,Centrosema virginiana,12/4/24,0,0,Quarter,JERC-57,dry,rhizosphere,Fabaceae,JERC,Centrosema,Phaseoleae,JERC_050,Baker County,Georgia,yes,,,20240618
JERC-CEVI-57-2-No,D03,Centrosema virginiana,12/4/24,8.3,398.4,Half,JERC-57,dry,nodule,Fabaceae,JERC,Centrosema,Phaseoleae,JERC_050,Baker County,Georgia,yes,,,20240618
JERC-CEVI-57-2-Ro,D03,Centrosema virginiana,12/4/24,0.098,4.704,Quarter,JERC-57,dry,root,Fabaceae,JERC,Centrosema,Phaseoleae,JERC_050,Baker County,Georgia,yes,,,20240618
JERC-RHTO-58-1-Rh,D03,Rhynchosia tomentosa,12/4/24,0,0,Quarter,JERC-58,dry,rhizosphere,Fabaceae,JERC,Rhynchosia,Phaseoleae,JERC_050,Baker County ,Georgia,yes,,,20240618
JERC-RHTO-58-1-No,D03,Rhynchosia tomentosa,12/4/24,6.185,296.88,Half,JERC-58,dry,nodule,Fabaceae,JERC,Rhynchosia,Phaseoleae,JERC_050,Baker County ,Georgia,yes,,,20240618
JERC-RHTO-58-1-Ro,D03,Rhynchosia tomentosa,12/4/24,0,0,Quarter,JERC-58,dry,root,Fabaceae,JERC,Rhynchosia,Phaseoleae,JERC_050,Baker County ,Georgia,yes,,,20240618
JERC-RHDI-59-3-Rh,D03,Rhynchosia difformis,12/4/24,0.054,2.592,Quarter,JERC-59,dry,rhizosphere,Fabaceae,JERC,Rhynchosia,Phaseoleae,JERC_050,Baker County ,Georgia ,yes,,,20240618
JERC-RHDI-59-3-No,D03,Rhynchosia difformis,12/4/24,39.3,1886.4,Half,JERC-59,dry,nodule,Fabaceae,JERC,Rhynchosia,Phaseoleae,JERC_050,Baker County ,Georgia ,yes,,,20240618
JERC-RHDI-59-3-Ro,D03,Rhynchosia difformis,12/4/24,0.071,3.408,Quarter,JERC-59,dry,root,Fabaceae,JERC,Rhynchosia,Phaseoleae,JERC_050,Baker County ,Georgia ,yes,,,20240618
JERC-CHNI-60-3-Rh,D03,Chamaecrista nictitans,12/4/24,0,0,Quarter,JERC-60,dry,rhizosphere,Fabaceae,JERC,Chamaecrista,Cassieae,JERC_050,Baker County,Georgia,yes,,,20240618
JERC-CHNI-60-3-No,D03,Chamaecrista nictitans,12/4/24,7.705,369.84,Half,JERC-60,dry,nodule,Fabaceae,JERC,Chamaecrista,Cassieae,JERC_050,Baker County,Georgia,yes,,,20240618
JERC-DEFL-61-3-Rh,D03,Desmodium floridanum,12/4/24,0,0,Quarter,JERC-61,dry,rhizosphere,Fabaceae,JERC,Desmodium,Desmodieae,JERC_050,Baker County,Georgia,yes,,,20240618
JERC-DEFL-61-3-No,D03,Desmodium floridanum,12/4/24,17.3,830.4,Half,JERC-61,dry,nodule,Fabaceae,JERC,Desmodium,Desmodieae,JERC_050,Baker County,Georgia,yes,,,20240618
JERC-DEFL-61-3-Ro,D03,Desmodium floridanum,12/4/24,0.128,6.144,Quarter,JERC-61,dry,root,Fabaceae,JERC,Desmodium,Desmodieae,JERC_050,Baker County,Georgia,yes,,,20240618
JERC-CLMA-62-5-Rh,D03,Clitoria mariana,12/4/24,0,0,Quarter,JERC-62,dry,rhizosphere,Fabaceae,JERC,Clitoria,Phaseoleae,JERC_050,Baker County,Georgia ,yes,,,20240618
JERC-CLMA-62-5-No,D03,Clitoria mariana,12/4/24,0,0,Quarter,JERC-62,dry,nodule,Fabaceae,JERC,Clitoria,Phaseoleae,JERC_050,Baker County,Georgia ,yes,,,20240618
JERC-CLMA-62-5-Ro,D03,Clitoria mariana,12/4/24,0.5535,26.568,Quarter,JERC-62,dry,root,Fabaceae,JERC,Clitoria,Phaseoleae,JERC_050,Baker County,Georgia ,yes,,,20240618
JERC-STBI-63-1-Rh,D03,Stylosanthes biflora,12/4/24,0,0,Quarter,JERC-63,dry,rhizosphere,Fabaceae,JERC,Stylosanthes,Dalbergieae,JERC_050,Baker County,Georgia,yes,,,20240618
JERC-STBI-63-1-No,D03,Stylosanthes biflora,12/4/24,3.315,159.12,Quarter,JERC-63,dry,nodule,Fabaceae,JERC,Stylosanthes,Dalbergieae,JERC_050,Baker County,Georgia,yes,,,20240618
JERC-STBI-63-1-Ro,D03,Stylosanthes biflora,12/4/24,0.3025,14.52,Quarter,JERC-63,dry,root,Fabaceae,JERC,Stylosanthes,Dalbergieae,JERC_050,Baker County,Georgia,yes,,,20240618
JERC-CRRO-64-1-Rh,D03,Crotalaria rotundifolia,12/4/24,0,0,Quarter,JERC-64,dry,rhizosphere,Fabaceae,JERC,Crotalaria,Crotalarieae,JERC_050,Baker County,Georgia,yes,,,20240618
JERC-CRRO-64-1-No,D03,Crotalaria rotundifolia,12/4/24,0,0,Quarter,JERC-64,dry,nodule,Fabaceae,JERC,Crotalaria,Crotalarieae,JERC_050,Baker County,Georgia,yes,,,20240618
JERC-CRRO-64-1-Ro,D03,Crotalaria rotundifolia,12/4/24,0,0,Quarter,JERC-64,dry,root,Fabaceae,JERC,Crotalaria,Crotalarieae,JERC_050,Baker County,Georgia,yes,,,20240618
JERC-DEST-65-5-Rh,D03,Desmodium strictum,12/4/24,0,0,Quarter,JERC-65,dry,rhizosphere,Fabaceae,JERC,Desmodium,Desmodieae,JERC_050,Baker County,Georgia,yes,,,20240618
JERC-DEST-65-5-No,D03,Desmodium strictum,12/4/24,0,0,Quarter,JERC-65,dry,nodule,Fabaceae,JERC,Desmodium,Desmodieae,JERC_050,Baker County,Georgia,yes,,,20240618
JERC-DEST-65-5-Ro,D03,Desmodium strictum,12/4/24,0.744,35.712,Quarter,JERC-65,dry,root,Fabaceae,JERC,Desmodium,Desmodieae,JERC_050,Baker County,Georgia,yes,,,20240618
JERC-TECW-66-3-Rh,D03,Tephrosia chrysophylla,12/4/24,0.397,19.056,Quarter,JERC-66,dry,rhizosphere,Fabaceae,JERC,Tephrosia,Millettieae,JERC_050,Baker County,Georgia,yes,,,20240618
JERC-TECW-66-3-No,D03,Tephrosia chrysophylla,12/4/24,0,0,Quarter,JERC-66,dry,nodule,Fabaceae,JERC,Tephrosia,Millettieae,JERC_050,Baker County,Georgia,yes,,,20240618
JERC-TECW-66-3-Ro,D03,Tephrosia chrysophylla,12/4/24,0,0,Quarter,JERC-66,dry,root,Fabaceae,JERC,Tephrosia,Millettieae,JERC_050,Baker County,Georgia,yes,,,20240618
JERC-CERE-67-1-Rh,D03,Lespedeza repens,12/4/24,0,0,Quarter,JERC-67,dry,rhizosphere,Fabaceae,JERC,Lespedeza,Desmodieae,JERC_050,Baker County,Georgia,yes,,,20240618
JERC-CERE-67-1-No,D03,Lespedeza repens,12/4/24,0.666,31.968,Quarter,JERC-67,dry,nodule,Fabaceae,JERC,Lespedeza,Desmodieae,JERC_050,Baker County,Georgia,yes,,,20240618
JERC-CERE-67-1-Ro,D03,Lespedeza repens,12/4/24,0,0,Quarter,JERC-67,dry,root,Fabaceae,JERC,Lespedeza,Desmodieae,JERC_050,Baker County,Georgia,yes,,,20240618
JERC-DEST-68-4-Rh,D03,Desmodium strictum,12/4/24,0.068,3.264,Quarter,JERC-68,dry,rhizosphere,Fabaceae,JERC,Desmodium,Desmodieae,JERC_050,Baker County,Georgia,yes,,,20240618
JERC-DEST-68-4-No,D03,Desmodium strictum,12/4/24,13.8,662.4,Half,JERC-68,dry,nodule,Fabaceae,JERC,Desmodium,Desmodieae,JERC_050,Baker County,Georgia,yes,,,20240618
JERC-DEST-68-4-Ro,D03,Desmodium strictum,12/4/24,0,0,Quarter,JERC-68,dry,root,Fabaceae,JERC,Desmodium,Desmodieae,JERC_050,Baker County,Georgia,yes,,,20240618
JERC-CHNI-69-4-Rh,D03,Chamaecrista nictitans,12/4/24,0,0,Quarter,JERC-69,dry,rhizosphere,Fabaceae,JERC,Chamaecrista,Cassieae,JERC_050,Baker County,Georgia,yes,,,20240618
JERC-CHNI-69-4-No,D03,Chamaecrista nictitans,12/4/24,0.0815,3.912,Quarter,JERC-69,dry,nodule,Fabaceae,JERC,Chamaecrista,Cassieae,JERC_050,Baker County,Georgia,yes,,,20240618
JERC-CHNI-69-4-Ro,D03,Chamaecrista nictitans,12/4/24,0,0,Quarter,JERC-69,dry,root,Fabaceae,JERC,Chamaecrista,Cassieae,JERC_050,Baker County,Georgia,yes,,,20240618
JERC-CRRO-70-1-Rh,D03,Crotalaria rotundifolia,12/4/24,0,0,Quarter,JERC-70,dry,rhizosphere,Fabaceae,JERC,Crotalaria,Crotalarieae,JERC_050,Baker County,Georgia,yes,,,20240618
JERC-CRRO-70-1-No,D03,Crotalaria rotundifolia,12/4/24,0,0,Quarter,JERC-70,dry,nodule,Fabaceae,JERC,Crotalaria,Crotalarieae,JERC_050,Baker County,Georgia,yes,,,20240618
JERC-CRRO-70-1-Ro,D03,Crotalaria rotundifolia,12/4/24,0,0,Quarter,JERC-70,dry,root,Fabaceae,JERC,Crotalaria,Crotalarieae,JERC_050,Baker County,Georgia,yes,,,20240618
JERC-AMFU-71-1-Rh,D03,Amorpha fruticosa,12/4/24,0,0,Quarter,JERC-71,dry,rhizosphere,Fabaceae,JERC,Amorpha,Amorpheae,JERC_050,Baker County,Georgia,yes,,,20240618
JERC-AMFU-71-1-No,D03,Amorpha fruticosa,12/4/24,0.3105,14.904,Quarter,JERC-71,dry,nodule,Fabaceae,JERC,Amorpha,Amorpheae,JERC_050,Baker County,Georgia,yes,,,20240618
JERC-AMFU-71-1-Ro,D03,Amorpha fruticosa,12/4/24,0.315,15.12,Quarter,JERC-71,dry,root,Fabaceae,JERC,Amorpha,Amorpheae,JERC_050,Baker County,Georgia,yes,,,20240618
JERC-STBI-72-3-Rh,D03,Stylosanthes biflora,12/4/24,1.09,52.32,Quarter,JERC-72,dry,rhizosphere,Fabaceae,JERC,Stylosanthes,Dalbergieae,JERC_047,Baker County,Georgia,yes,,,20240618
JERC-STBI-72-3-No,D03,Stylosanthes biflora,12/4/24,0.0595,2.856,Quarter,JERC-72,dry,nodule,Fabaceae,JERC,Stylosanthes,Dalbergieae,JERC_047,Baker County,Georgia,yes,,,20240618
JERC-STBI-72-3-Ro,D03,Stylosanthes biflora,12/4/24,0.3455,16.584,Quarter,JERC-72,dry,root,Fabaceae,JERC,Stylosanthes,Dalbergieae,JERC_047,Baker County,Georgia,yes,,,20240618
JERC-CLMA-73-2-Rh,D03,Clitoria mariana,12/4/24,0,0,Quarter,JERC-73,dry,rhizosphere,Fabaceae,JERC,Clitoria,Phaseoleae,JERC_047,Baker County,Georgia,yes,,,20240618
JERC-CLMA-73-2-No,D03,Clitoria mariana,12/4/24,0.591,28.368,Quarter,JERC-73,dry,nodule,Fabaceae,JERC,Clitoria,Phaseoleae,JERC_047,Baker County,Georgia,yes,,,20240618
JERC-CLMA-73-2-Ro,D03,Clitoria mariana,12/4/24,0,0,Quarter,JERC-73,dry,root,Fabaceae,JERC,Clitoria,Phaseoleae,JERC_047,Baker County,Georgia,yes,,,20240618
JERC-DESM-74-1-Rh,D03,Desmodium sp,12/4/24,0,0,Quarter,JERC-74,dry,rhizosphere,Fabaceae,JERC,Desmodium,Desmodieae,JERC_047,Baker County,Georgia,yes,,,20240618
JERC-DESM-74-1-No,D03,Desmodium sp,12/4/24,0,0,Quarter,JERC-74,dry,nodule,Fabaceae,JERC,Desmodium,Desmodieae,JERC_047,Baker County,Georgia,yes,,,20240618
JERC-DESM-74-1-Ro,D03,Desmodium sp,12/4/24,0.5485,26.328,Quarter,JERC-74,dry,root,Fabaceae,JERC,Desmodium,Desmodieae,JERC_047,Baker County,Georgia,yes,,,20240618
JERC-DEFL-75-2-Rh,D03,Desmodium floridanum,12/4/24,0,0,Quarter,JERC-75,dry,rhizosphere,Fabaceae,JERC,Desmodium,Desmodieae,JERC_047,Baker County,Georgia,yes,,,20240618
JERC-DEFL-75-2-No,D03,Desmodium floridanum,12/4/24,10.75,516,Half,JERC-75,dry,nodule,Fabaceae,JERC,Desmodium,Desmodieae,JERC_047,Baker County,Georgia,yes,,,20240618
JERC-DEFL-75-2-Ro,D03,Desmodium floridanum,12/4/24,0.091,4.368,Quarter,JERC-75,dry,root,Fabaceae,JERC,Desmodium,Desmodieae,JERC_047,Baker County,Georgia,yes,,,20240618
JERC-DEFL-75-3-Rh,D03,Desmodium floridanum,12/4/24,0,0,Quarter,JERC-75,dry,rhizosphere,Fabaceae,JERC,Desmodium,Desmodieae,JERC_047,Baker County,Georgia,yes,,,20240618
JERC-DEFL-75-3-No,D03,Desmodium floridanum,12/4/24,1.505,72.24,Quarter,JERC-75,dry,nodule,Fabaceae,JERC,Desmodium,Desmodieae,JERC_047,Baker County,Georgia,yes,,,20240618
JERC-DEFL-75-3-Ro,D03,Desmodium floridanum,12/4/24,0,0,Quarter,JERC-75,dry,root,Fabaceae,JERC,Desmodium,Desmodieae,JERC_047,Baker County,Georgia,yes,,,20240618
JERC-CLMA-76-2-Rh,D03,Clitoria mariana,12/4/24,0,0,Quarter,JERC-76,dry,rhizosphere,Fabaceae,JERC,Clitoria,Phaseoleae,JERC_047,Baker County,Georgia,yes,,,20240618
JERC-CLMA-76-2-No,D03,Clitoria mariana,12/4/24,0,0,Quarter,JERC-76,dry,nodule,Fabaceae,JERC,Clitoria,Phaseoleae,JERC_047,Baker County,Georgia,yes,,,20240618
JERC-CLMA-76-2-Ro,D03,Clitoria mariana,12/4/24,0,0,Quarter,JERC-76,dry,root,Fabaceae,JERC,Clitoria,Phaseoleae,JERC_047,Baker County,Georgia,yes,,,20240618
JERC-DELI-77-2-Rh,D03,Desmodium lineatum,12/4/24,0,0,Quarter,JERC-77,dry,rhizosphere,Fabaceae,JERC,Desmodium,Desmodieae,JERC_047,Baker County,Georgia,yes,,,20240618
JERC-DELI-77-2-No,D03,Desmodium lineatum,12/4/24,0.066,3.168,Quarter,JERC-77,dry,nodule,Fabaceae,JERC,Desmodium,Desmodieae,JERC_047,Baker County,Georgia,yes,,,20240618
JERC-DELI-77-2-Ro,D03,Desmodium lineatum,12/4/24,0.12,5.76,Quarter,JERC-77,dry,root,Fabaceae,JERC,Desmodium,Desmodieae,JERC_047,Baker County,Georgia,yes,,,20240618
JERC-LEST-78-5-Rh,D03,Lespedeza stuevei,12/4/24,0,0,Quarter,JERC-78,dry,rhizosphere,Fabaceae,JERC,Lespedeza,Desmodieae,JERC_047,Baker County,Georgia,yes,,,20240618
JERC-LEST-78-5-No,D03,Lespedeza stuevei,12/4/24,0,0,Quarter,JERC-78,dry,nodule,Fabaceae,JERC,Lespedeza,Desmodieae,JERC_047,Baker County,Georgia,yes,,,20240618
JERC-LEST-78-5-Ro,D03,Lespedeza stuevei,12/4/24,0,0,Quarter,JERC-78,dry,root,Fabaceae,JERC,Lespedeza,Desmodieae,JERC_047,Baker County,Georgia,yes,,,20240618
JERC-LEVI-79-2-Rh,D03,Lespedeza virginica,12/4/24,0,0,Quarter,JERC-79,dry,rhizosphere,Fabaceae,JERC,Lespedeza,Desmodieae,JERC_047,Baker County,Georgia,yes,,,20240618
JERC-LEVI-79-2-No,D03,Lespedeza virginica,12/4/24,0.18,8.64,Quarter,JERC-79,dry,nodule,Fabaceae,JERC,Lespedeza,Desmodieae,JERC_047,Baker County,Georgia,yes,,,20240618
JERC-LEVI-79-2-Ro,D03,Lespedeza virginica,12/4/24,0.077,3.696,Quarter,JERC-79,dry,root,Fabaceae,JERC,Lespedeza,Desmodieae,JERC_047,Baker County,Georgia,yes,,,20240618
JERC-CEVI-80-2-Rh,D03,Centrosema virginiana,12/4/24,0.067,3.216,Quarter,JERC-80,dry,rhizosphere,Fabaceae,JERC,Centrosema,Phaseoleae,JERC_005,Baker County,Georgia,yes,,,20240618
JERC-CEVI-80-2-No,D03,Centrosema virginiana,12/4/24,0.3735,17.928,Quarter,JERC-80,dry,nodule,Fabaceae,JERC,Centrosema,Phaseoleae,JERC_005,Baker County,Georgia,yes,,,20240618
JERC-CEVI-80-2-Ro,D03,Centrosema virginiana,12/4/24,0,0,Quarter,JERC-80,dry,root,Fabaceae,JERC,Centrosema,Phaseoleae,JERC_005,Baker County,Georgia,yes,,,20240618
JERC-LEHI-82-3-Rh,D03,Lespedeza hirta,12/4/24,0,0,Quarter,JERC-82,dry,rhizosphere,Fabaceae,JERC,Lespedeza,Desmodieae,JERC_008,Baker County,Georgia,yes,,,20240618
JERC-LEHI-82-3-No,D03,Lespedeza hirta,12/4/24,0,0,Quarter,JERC-82,dry,nodule,Fabaceae,JERC,Lespedeza,Desmodieae,JERC_008,Baker County,Georgia,yes,,,20240618
JERC-LEHI-82-3-Ro,D03,Lespedeza hirta,12/4/24,0.1935,9.288,Quarter,JERC-82,dry,root,Fabaceae,JERC,Lespedeza,Desmodieae,JERC_008,Baker County,Georgia,yes,,,20240618
JERC-CLMA-83-1-Rh,D03,Clitoria mariana,12/4/24,0.083,3.984,Quarter,JERC-83,dry,rhizosphere,Fabaceae,JERC,Clitoria,Phaseoleae,JERC_008,Baker County,Georgia,yes,,,20240618
JERC-CLMA-83-1-No,D03,Clitoria mariana,12/4/24,2.74,131.52,Quarter,JERC-83,dry,nodule,Fabaceae,JERC,Clitoria,Phaseoleae,JERC_008,Baker County,Georgia,yes,,,20240618
JERC-CLMA-83-1-Ro,D03,Clitoria mariana,12/4/24,1.99,95.52,Quarter,JERC-83,dry,root,Fabaceae,JERC,Clitoria,Phaseoleae,JERC_008,Baker County,Georgia,yes,,,20240618
GUAN-6-3-Rh,D04,Desmodium tortuosum,1/23/25,0,0,Quarter,GUAN-6,dry,rhizosphere,Fabaceae,GUAN,Desmodium,Desmodieae,GUAN_006,Guanica,P.R,yes,17.9616329,-66.872119,10/14/24
GUAN-7-1-Rh,D04,Pictetia aculeata,1/23/25,0,0,Quarter,GUAN-7,dry,rhizosphere,Fabaceae,GUAN,Pictetia,Dalbergieae,GUAN_003,Yauco,P.R,yes,17.9732201,-66.861763,10/21/24
GUAN-9-1-Rh,D04,Leucaena leucocephala,1/23/25,1.015,48.72,Quarter,GUAN-9,dry,rhizosphere,Fabaceae,GUAN,Leucaena,Mimosoideae,GUAN_049,Guanica,P.R,no,17.968,-66.864449,10/31/24
GUAN-6-3-Ro,D04,Desmodium tortuosum,1/23/25,2.74,131.52,Quarter,GUAN-6,dry,root,Fabaceae,GUAN,Desmodium,Desmodieae,GUAN_006,Guanica,P.R,yes,17.9616329,-66.872119,10/14/24
GUAN-7-1-Ro,D04,Pictetia aculeata,1/23/25,1.99,95.52,Quarter,GUAN-7,dry,root,Fabaceae,GUAN,Pictetia,Dalbergieae,GUAN_003,Yauco,P.R,yes,17.9732201,-66.861763,10/21/24
GUAN-9-1-Ro,D04,Leucaena leucocephala,1/23/25,0.568,27.264,Quarter,GUAN-9,dry,root,Fabaceae,GUAN,Leucaena,Mimosoideae,GUAN_049,Guanica,P.R,no,17.968,-66.864449,10/31/24
GUAN-6-3-No,D04,Desmodium tortuosum,1/23/25,0,0,Quarter,GUAN-6,dry,nodule,Fabaceae,GUAN,Desmodium,Desmodieae,GUAN_006,Guanica,P.R,yes,17.9616329,-66.872119,10/14/24
GUAN-7-1-No,D04,Pictetia aculeata,1/23/25,0,0,Quarter,GUAN-7,dry,nodule,Fabaceae,GUAN,Pictetia,Dalbergieae,GUAN_003,Yauco,P.R,yes,17.9732201,-66.861763,10/21/24
GUAN-9-1-No,D04,Leucaena leucocephala,1/23/25,0,0,Quarter,GUAN-9,dry,nodule,Fabaceae,GUAN,Leucaena,Mimosoideae,GUAN_049,Guanica,P.R,no,17.968,-66.864449,10/31/24
JERC-34-4-Rh,D03,Amorpha fruticosa,1/23/25,0,0,Quarter,JERC-34,dry,rhizosphere,Fabaceae,JERC,Amorpha,Amorpheae,JERC_062,Baker County,Georgia,yes,,,20240604
JERC-34-4-Ro,D03,Amorpha fruticosa,1/23/25,0,0,Quarter,JERC-34,dry,root,Fabaceae,JERC,Amorpha,Amorpheae,JERC_062,Baker County,Georgia,yes,,,20240604
JERC-34-4-No,D03,Amorpha fruticosa,1/23/25,0,0,Quarter,JERC-34,dry,nodule,Fabaceae,JERC,Amorpha,Amorpheae,JERC_062,Baker County,Georgia,yes,,,20240604
JERC-35-1-Rh,D03,Baptisia sp.,1/23/25,0,0,Quarter,JERC-35,dry,rhizosphere,Fabaceae,JERC,Baptisia,Sophoreae,JERC_062,Baker County,Georgia,yes,,,20240604
JERC-35-1-Ro,D03,Baptisia sp.,1/23/25,11.35,544.8,Half,JERC-35,dry,root,Fabaceae,JERC,Baptisia,Sophoreae,JERC_062,Baker County,Georgia,yes,,,20240604
JERC-35-1-No,D03,Baptisia sp.,1/23/25,0.6185,29.688,Quarter,JERC-35,dry,nodule,Fabaceae,JERC,Baptisia,Sophoreae,JERC_062,Baker County,Georgia,yes,,,20240604
JERC-36-1-Rh,D03,Galactia sp.,1/23/25,1.975,94.8,Quarter,JERC-36,dry,rhizosphere,Fabaceae,JERC,Galactia,Diocleae,JERC_062,Baker County,Georgia,yes,,,20240604
JERC-36-1-Ro,D03,Galactia sp.,1/23/25,16.5,792,Half,JERC-36,dry,root,Fabaceae,JERC,Galactia,Diocleae,JERC_062,Baker County,Georgia,yes,,,20240604
JERC-36-1-No,D03,Galactia sp.,1/23/25,8.76,420.48,Half,JERC-36,dry,nodule,Fabaceae,JERC,Galactia,Diocleae,JERC_062,Baker County,Georgia,yes,,,20240604
JERC-37-2-Rh,D03,Centrosema virginiana,1/23/25,0,0,Quarter,JERC-37,dry,rhizosphere,Fabaceae,JERC,Centrosema,Phaseoleae,JERC_001,Baker County,Georgia,yes,,,20240604
JERC-37-2-Ro,D03,Centrosema virginiana,1/23/25,7.655,367.44,Half,JERC-37,dry,root,Fabaceae,JERC,Centrosema,Phaseoleae,JERC_001,Baker County,Georgia,yes,,,20240604
JERC-37-2-No,D03,Centrosema virginiana,1/23/25,16.4,787.2,Half,JERC-37,dry,nodule,Fabaceae,JERC,Centrosema,Phaseoleae,JERC_001,Baker County,Georgia,yes,,,20240604
JERC-42-1-Rh,D03,Rhynchosia reniformis,1/23/25,0,0,Quarter,JERC-42,dry,rhizosphere,Fabaceae,JERC,Rhynchosia,Phaseoleae,JERC_005,Baker County,Georgia,yes,,,20240604
JERC-42-1-Ro,D03,Rhynchosia reniformis,1/23/25,2.62,125.76,Quarter,JERC-42,dry,root,Fabaceae,JERC,Rhynchosia,Phaseoleae,JERC_005,Baker County,Georgia,yes,,,20240604
JERC-42-1-No,D03,Rhynchosia reniformis,1/23/25,0,0,Quarter,JERC-42,dry,nodule,Fabaceae,JERC,Rhynchosia,Phaseoleae,JERC_005,Baker County,Georgia,yes,,,20240604
JERC-43-1-Rh,D03,Lespedeza cf. repens,1/23/25,0,0,Quarter,JERC-43,dry,rhizosphere,Fabaceae,JERC,Lespedeza,Desmodieae,JERC_005,Baker County,Georgia,yes,,,20240604
JERC-43-1-Ro,D03,Lespedeza cf. repens,1/23/25,0.0865,4.152,Quarter,JERC-43,dry,root,Fabaceae,JERC,Lespedeza,Desmodieae,JERC_005,Baker County,Georgia,yes,,,20240604
JERC-43-1-No,D03,Lespedeza cf. repens,1/23/25,7.53,361.44,Half,JERC-43,dry,nodule,Fabaceae,JERC,Lespedeza,Desmodieae,JERC_005,Baker County,Georgia,yes,,,20240604
JERC-44-2-Rh,D03,Desmodium floridanum,1/23/25,0,0,Quarter,JERC-44,dry,rhizosphere,Fabaceae,JERC,Desmodium,Desmodieae,JERC_005,Baker County,Georgia,yes,,,20240604
JERC-44-2-Ro,D03,Desmodium floridanum,1/23/25,0.1715,8.232,Quarter,JERC-44,dry,root,Fabaceae,JERC,Desmodium,Desmodieae,JERC_005,Baker County,Georgia,yes,,,20240604
JERC-44-2-No,D03,Desmodium floridanum,1/23/25,24.6,1180.8,Half,JERC-44,dry,nodule,Fabaceae,JERC,Desmodium,Desmodieae,JERC_005,Baker County,Georgia,yes,,,20240604
OSBS-70-3-Rh,D03,Desmodium strictum,1/28/25,0,0,Quarter,OSBS-70,dry,rhizosphere,Fabaceae,OSBS,Desmodium,Desmodieae,OSBS_006,Putnam,FL,yes,,,20240822
OSBS-70-3-Ro,D03,Desmodium strictum,1/28/25,0,0,Quarter,OSBS-70,dry,root,Fabaceae,OSBS,Desmodium,Desmodieae,OSBS_006,Putnam,FL,yes,,,20240822
OSBS-70-3-No,D03,Desmodium strictum,1/28/25,0,0,Quarter,OSBS-70,dry,nodule,Fabaceae,OSBS,Desmodium,Desmodieae,OSBS_006,Putnam,FL,yes,,,20240822
OSBS-71-1-Rh,D03,Rhynchosia reniformis,1/28/25,0,0,Quarter,OSBS-71,dry,rhizosphere,Fabaceae,OSBS,Rhynchosia,Phaseoleae,OSBS_006,Putnam,FL,yes,,,20240822
OSBS-71-1-Ro,D03,Rhynchosia reniformis,1/28/25,16,768,Half,OSBS-71,dry,root,Fabaceae,OSBS,Rhynchosia,Phaseoleae,OSBS_006,Putnam,FL,yes,,,20240822
OSBS-71-1-No,D03,Rhynchosia reniformis,1/28/25,3.18,152.64,Quarter,OSBS-71,dry,nodule,Fabaceae,OSBS,Rhynchosia,Phaseoleae,OSBS_006,Putnam,FL,yes,,,20240822
OSBS-72-1-Rh,D03,Rhynchosia reniformis,1/28/25,0,0,Quarter,OSBS-72,dry,rhizosphere,Fabaceae,OSBS,Rhynchosia,Phaseoleae,OSBS_063,Putnam,FL,yes,,,20240822
OSBS-72-1-Ro,D03,Rhynchosia reniformis,1/28/25,7.53,361.44,Half,OSBS-72,dry,root,Fabaceae,OSBS,Rhynchosia,Phaseoleae,OSBS_063,Putnam,FL,yes,,,20240822
OSBS-72-1-No,D03,Rhynchosia reniformis,1/28/25,12.05,578.4,Half,OSBS-72,dry,nodule,Fabaceae,OSBS,Rhynchosia,Phaseoleae,OSBS_063,Putnam,FL,yes,,,20240822
OSBS-81-1-Rh,D03,Chamaecrista nictitans,1/28/25,0,0,Quarter,OSBS-81,dry,rhizosphere,Fabaceae,OSBS,Chamaecrista,Cassieae,OSBS_004,Putnam,FL,yes,,,20240822
OSBS-81-1-Ro,D03,Chamaecrista nictitans,1/28/25,0,0,Quarter,OSBS-81,dry,root,Fabaceae,OSBS,Chamaecrista,Cassieae,OSBS_004,Putnam,FL,yes,,,20240822
OSBS-81-1-No,D03,Chamaecrista nictitans,1/28/25,0.111,5.328,Quarter,OSBS-81,dry,nodule,Fabaceae,OSBS,Chamaecrista,Cassieae,OSBS_004,Putnam,FL,yes,,,20240822
DSNY-53-1-Rh,D03,Galactia elliottii,1/28/25,0,0,Quarter,DSNY-53,dry,rhizosphere,Fabaceae,DSNY,Galactia,Diocleae,DSNY_001,Osceola,Florida,yes,,,20240702
DSNY-53-1-Ro,D03,Galactia elliottii,1/28/25,0,0,Quarter,DSNY-53,dry,root,Fabaceae,DSNY,Galactia,Diocleae,DSNY_001,Osceola,Florida,yes,,,20240702
DSNY-53-1-No,D03,Galactia elliottii,1/28/25,0.0855,4.104,Quarter,DSNY-53,dry,nodule,Fabaceae,DSNY,Galactia,Diocleae,DSNY_001,Osceola,Florida,yes,,,20240702
DSNY-54-1-Rh,D03,Tephrosia virginiana,1/28/25,0,0,Quarter,DSNY-54,dry,rhizosphere,Fabaceae,DSNY,Tephrosia,Millettieae,DSNY_001,Osceola,Florida,yes,,,20240702
DSNY-54-1-Ro,D03,Tephrosia virginiana,1/28/25,0.3115,14.952,Quarter,DSNY-54,dry,root,Fabaceae,DSNY,Tephrosia,Millettieae,DSNY_001,Osceola,Florida,yes,,,20240702
DSNY-54-1-No,D03,Tephrosia virginiana,1/28/25,27.35,1312.8,Half,DSNY-54,dry,nodule,Fabaceae,DSNY,Tephrosia,Millettieae,DSNY_001,Osceola,Florida,yes,,,20240702
DSNY-56-1-Rh,D03,Sesbania vesicaria,1/28/25,0,0,Quarter,DSNY-56,dry,rhizosphere,Fabaceae,DSNY,Sesbania,Sesbanieae,DSNY_002,Polk,Florida,yes,28.044963,-81.420067,20240723
DSNY-56-1-Ro,D03,Sesbania vesicaria,1/28/25,0,0,Quarter,DSNY-56,dry,root,Fabaceae,DSNY,Sesbania,Sesbanieae,DSNY_002,Polk,Florida,yes,28.044963,-81.420067,20240723
DSNY-56-1-No,D03,Sesbania vesicaria,1/28/25,0.0715,3.432,Quarter,DSNY-56,dry,nodule,Fabaceae,DSNY,Sesbania,Sesbanieae,DSNY_002,Polk,Florida,yes,28.044963,-81.420067,20240723
DSNY-57-1-Rh,D03,Sesbania vesicaria,1/28/25,0,0,Quarter,DSNY-57,dry,rhizosphere,Fabaceae,DSNY,Sesbania,Sesbanieae,DSNY_002,Polk,Florida,yes,28.041792,-81.41152,20240723
DSNY-57-1-Ro,D03,Sesbania vesicaria,1/28/25,0.153,7.344,Quarter,DSNY-57,dry,root,Fabaceae,DSNY,Sesbania,Sesbanieae,DSNY_002,Polk,Florida,yes,28.041792,-81.41152,20240723
DSNY-57-No,D03,Sesbania vesicaria,1/28/25,3.61,173.28,Quarter,DSNY-57,dry,nodule,Fabaceae,DSNY,Sesbania,Sesbanieae,DSNY_002,Polk,Florida,yes,28.041792,-81.41152,20240723
LENO-1-1-Rh,D08,Hylodesmum pauciflorum,1/28/25,0,0,Quarter,LENO-1,ethanol,rhizosphere,Fabaceae,LENO,Desmodium,Desmodieae,LENO_064,Choctaw County,AL,yes,31.853996,-88.159961,6/17/24
LENO-1-1-Ro,D08,Hylodesmum pauciflorum,1/28/25,0,0,Quarter,LENO-1,ethanol,root,Fabaceae,LENO,Desmodium,Desmodieae,LENO_064,Choctaw County,AL,yes,31.853996,-88.159961,6/17/24
LENO-1-1-No,D08,Hylodesmum pauciflorum,1/28/25,0.6315,30.312,Quarter,LENO-1,ethanol,nodule,Fabaceae,LENO,Desmodium,Desmodieae,LENO_064,Choctaw County,AL,yes,31.853996,-88.159961,6/17/24
LENO-2-1-Rh,D08,Hylodesmum pauciflorum,1/28/25,0,0,Quarter,LENO-2,ethanol,rhizosphere,Fabaceae,LENO,Desmodium,Desmodieae,LENO_005,Choctaw County,AL,yes,31.828025,-88.181692,6/19/24
LENO-2-1-Ro,D08,Hylodesmum pauciflorum,1/28/25,0,0,Quarter,LENO-2,ethanol,root,Fabaceae,LENO,Desmodium,Desmodieae,LENO_005,Choctaw County,AL,yes,31.828025,-88.181692,6/19/24
LENO-2-1-No,D08,Hylodesmum pauciflorum,1/28/25,8.11,389.28,Half,LENO-2,ethanol,nodule,Fabaceae,LENO,Desmodium,Desmodieae,LENO_005,Choctaw County,AL,yes,31.828025,-88.181692,6/19/24
LENO-6-1-Rh,D08,Hylodesmum pauciflorum,2/5/25,0,0,Quarter,LENO-6,ethanol,rhizosphere,Fabaceae,LENO,Desmodium,Desmodieae,LENO_012,Choctaw County,AL,yes,31.80805,-88.179966,6/25/24
LENO-6-1-Ro,D08,Hylodesmum pauciflorum,2/5/25,0,0,Quarter,LENO-6,ethanol,root,Fabaceae,LENO,Desmodium,Desmodieae,LENO_012,Choctaw County,AL,yes,31.80805,-88.179966,6/25/24
LENO-6-1-No,D08,Hylodesmum pauciflorum,2/5/25,12.4,595.2,Half,LENO-6,ethanol,nodule,Fabaceae,LENO,Desmodium,Desmodieae,LENO_012,Choctaw County,AL,yes,31.80805,-88.179966,6/25/24
LENO-7-2-Rh,D08,Amorpha fruticosa,2/5/25,0,0,Quarter,LENO-7,ethanol,rhizosphere,Fabaceae,LENO,Amorpha,Amorpheae,LENO_012,Choctaw County,AL,yes,31.80805,-88.179966,6/25/24
LENO-7-2-Ro,D08,Amorpha fruticosa,2/5/25,0.4785,22.968,Quarter,LENO-7,ethanol,root,Fabaceae,LENO,Amorpha,Amorpheae,LENO_012,Choctaw County,AL,yes,31.80805,-88.179966,6/25/24
LENO-7-2-No,D08,Amorpha fruticosa,2/5/25,1.055,50.64,Quarter,LENO-7,ethanol,nodule,Fabaceae,LENO,Amorpha,Amorpheae,LENO_012,Choctaw County,AL,yes,31.80805,-88.179966,6/25/24
LENO-9-2-Rh,D08,Amorpha fruticosa,2/5/25,0.249,11.952,Quarter,LENO-9,ethanol,rhizosphere,Fabaceae,LENO,Amorpha,Amorpheae,LENO_002,Choctaw County,AL,yes,31.806911,-88.193998,7/2/24
LENO-9-2-Ro,D08,Amorpha fruticosa,2/5/25,0.3755,18.024,Quarter,LENO-9,ethanol,root,Fabaceae,LENO,Amorpha,Amorpheae,LENO_002,Choctaw County,AL,yes,31.806911,-88.193998,7/2/24
LENO-9-2-No,D08,Amorpha fruticosa,2/5/25,16.6,796.8,Half,LENO-9,ethanol,nodule,Fabaceae,LENO,Amorpha,Amorpheae,LENO_002,Choctaw County,AL,yes,31.806911,-88.193998,7/2/24
LENO-10-2-Rh,D08,Hylodesmum pauciflorum,2/5/25,2.895,138.96,Quarter,LENO-10,ethanol,rhizosphere,Fabaceae,LENO,Desmodium,Desmodieae,LENO_004,Choctaw County,AL,yes,31.821307,-88.182322,7/2/24
LENO-10-2-Ro,D08,Hylodesmum pauciflorum,2/5/25,7.105,341.04,Half,LENO-10,ethanol,root,Fabaceae,LENO,Desmodium,Desmodieae,LENO_004,Choctaw County,AL,yes,31.821307,-88.182322,7/2/24
LENO-10-2-No,D08,Hylodesmum pauciflorum,2/5/25,6.055,290.64,Half,LENO-10,ethanol,nodule,Fabaceae,LENO,Desmodium,Desmodieae,LENO_004,Choctaw County,AL,yes,31.821307,-88.182322,7/2/24
UNDE-1-2-Rh,D05,Alnus incana,2/12/25,3.27,156.96,Quarter,UNDE-1,ethanol,rhizosphere,Betulaceae,UNDE,Alnus,actinorhizal,UNDE_003,Gogebic,MI,yes,46.256438°N,-89.536159°W,8/15/24
UNDE-1-2-Ro,D05,Alnus incana,2/12/25,1.305,62.64,Quarter,UNDE-1,ethanol,root,Betulaceae,UNDE,Alnus,actinorhizal,UNDE_003,Gogebic,MI,yes,46.256438°N,-89.536159°W,8/15/24
UNDE-1-2-No,D05,Alnus incana,2/12/25,8.545,410.16,Half,UNDE-1,ethanol,nodule,Betulaceae,UNDE,Alnus,actinorhizal,UNDE_003,Gogebic,MI,yes,46.256438°N,-89.536159°W,8/15/24
UNDE-2-1-Rh,D05,Alnus incana,2/12/25,10.5,504,Half,UNDE-2,ethanol,rhizosphere,Betulaceae,UNDE,Alnus,actinorhizal,UNDE_010,Gogebic,MI,yes,46.238173°N,-89.543143°W,8/29/24
UNDE-2-1-Ro,D05,Alnus incana,2/12/25,4.09,196.32,Quarter,UNDE-2,ethanol,root,Betulaceae,UNDE,Alnus,actinorhizal,UNDE_010,Gogebic,MI,yes,46.238173°N,-89.543143°W,8/29/24
UNDE-2-1-No,D05,Alnus incana,2/12/25,13.2,633.6,Half,UNDE-2,ethanol,nodule,Betulaceae,UNDE,Alnus,actinorhizal,UNDE_010,Gogebic,MI,yes,46.238173°N,-89.543143°W,8/29/24
UNDE-3-1-Rh,D05,Alnus incana,2/12/25,0.1685,8.088,Quarter,UNDE-3,ethanol,rhizosphere,Betulaceae,UNDE,Alnus,actinorhizal,UNDE_002,Gogebic,MI,yes,46.243291°N,-89.544838°W,8/29/24
UNDE-3-1-Ro,D05,Alnus incana,2/12/25,0.88,42.24,Quarter,UNDE-3,ethanol,root,Betulaceae,UNDE,Alnus,actinorhizal,UNDE_002,Gogebic,MI,yes,46.243291°N,-89.544838°W,8/29/24
UNDE-3-1-No,D05,Alnus incana,2/12/25,13.35,640.8,Half,UNDE-3,ethanol,nodule,Betulaceae,UNDE,Alnus,actinorhizal,UNDE_002,Gogebic,MI,yes,46.243291°N,-89.544838°W,8/29/24
UNDE-4-1-Rh,D05,Alnus incana,2/12/25,0.078,3.744,Quarter,UNDE-4,ethanol,rhizosphere,Betulaceae,UNDE,Alnus,actinorhizal,UNDE_055,Gogebic,MI,yes,46.229334°N,-89.535755°W,9/9/24
UNDE-4-1-Ro,D05,Alnus incana,2/12/25,0.9875,47.4,Quarter,UNDE-4,ethanol,root,Betulaceae,UNDE,Alnus,actinorhizal,UNDE_055,Gogebic,MI,yes,46.229334°N,-89.535755°W,9/9/24
UNDE-4-1-No,D05,Alnus incana,2/12/25,2.845,136.56,Quarter,UNDE-4,ethanol,nodule,Betulaceae,UNDE,Alnus,actinorhizal,UNDE_055,Gogebic,MI,yes,46.229334°N,-89.535755°W,9/9/24
UNDE-5-4-Rh,D05,Alnus incana,2/13/25,3.845,184.56,Quarter,UNDE-5,ethanol,rhizosphere,Betulaceae,UNDE,Alnus,actinorhizal,UNDE_049,Gogebic,MI,yes,46.230777°N,-89.536568°W,9/9/24
UNDE-5-4-Ro,D05,Alnus incana,2/13/25,1.0095,48.456,Quarter,UNDE-5,ethanol,root,Betulaceae,UNDE,Alnus,actinorhizal,UNDE_049,Gogebic,MI,yes,46.230777°N,-89.536568°W,9/9/24
UNDE-5-4-No,D05,Alnus incana,2/13/25,25.75,1236,Half,UNDE-5,ethanol,nodule,Betulaceae,UNDE,Alnus,actinorhizal,UNDE_049,Gogebic,MI,yes,46.230777°N,-89.536568°W,9/9/24
DEJU-5-1-Rh,D19,Alnus viridis,2/13/25,,0,Quarter,DEJU-5,ethanol,rhizosphere,Betulaceae,DEJU,Alnus,actinorhizal,DEJU_047,,Alaska,yes,,,
DEJU-5-1-Ro,D19,Alnus viridis,2/13/25,3.005,144.24,Quarter,DEJU-5,ethanol,root,Betulaceae,DEJU,Alnus,actinorhizal,DEJU_047,,Alaska,yes,,,
DEJU-5-1-No,D19,Alnus viridis,2/13/25,,0,Quarter,DEJU-5,ethanol,nodule,Betulaceae,DEJU,Alnus,actinorhizal,DEJU_047,,Alaska,yes,,,
DEJU-6-1-Rh,D19,Alnus viridis,2/13/25,,0,Quarter,DEJU-6,ethanol,rhizosphere,Betulaceae,DEJU,Alnus,actinorhizal,DEJU_047,,Alaska,yes,,,
DEJU-6-1-Ro,D19,Alnus viridis,2/13/25,1.45,69.6,Quarter,DEJU-6,ethanol,root,Betulaceae,DEJU,Alnus,actinorhizal,DEJU_047,,Alaska,yes,,,
DEJU-6-1-No,D19,Alnus viridis,2/13/25,40.45,1941.6,Half,DEJU-6,ethanol,nodule,Betulaceae,DEJU,Alnus,actinorhizal,DEJU_047,,Alaska,yes,,,
DEJU-7-1-Rh,D19,Alnus viridis,2/13/25,0.183,8.784,Quarter,DEJU-7,ethanol,rhizosphere,Betulaceae,DEJU,Alnus,actinorhizal,DEJU_047,,Alaska,yes,,,
DEJU-7-1-Ro,D19,Alnus viridis,2/13/25,0.2,9.6,Quarter,DEJU-7,ethanol,root,Betulaceae,DEJU,Alnus,actinorhizal,DEJU_047,,Alaska,yes,,,
DEJU-7-1-No,D19,Alnus viridis,2/13/25,36.25,1740,Half,DEJU-7,ethanol,nodule,Betulaceae,DEJU,Alnus,actinorhizal,DEJU_047,,Alaska,yes,,,
OSBS-82-1-Rh,D03,Stylosanthes biflora,2/13/25,,0,Quarter,OSBS-82,dry,rhizosphere,Fabaceae,OSBS,Stylosanthes,Dalbergieae,OSBS_004,Putnam,FL,yes,,,20240822
OSBS-82-1-Ro,D03,Stylosanthes biflora,2/13/25,,0,Quarter,OSBS-82,dry,root,Fabaceae,OSBS,Stylosanthes,Dalbergieae,OSBS_004,Putnam,FL,yes,,,20240822
OSBS-82-1-No,D03,Stylosanthes biflora,2/13/25,,0,Quarter,OSBS-82,dry,nodule,Fabaceae,OSBS,Stylosanthes,Dalbergieae,OSBS_004,Putnam,FL,yes,,,20240822
OSBS-83-1-Rh,D03,Galactia elliottii,2/13/25,0.0865,4.152,Quarter,OSBS-83,dry,rhizosphere,Fabaceae,OSBS,Galactia,Diocleae,OSBS_004,Putnam,FL,yes,29.684337,-81.957673,20240822
OSBS-83-1-Ro,D03,Galactia elliottii,2/13/25,0.189,9.072,Quarter,OSBS-83,dry,root,Fabaceae,OSBS,Galactia,Diocleae,OSBS_004,Putnam,FL,yes,29.684337,-81.957673,20240822
OSBS-83-1-No,D03,Galactia elliottii,2/13/25,17.95,861.6,Half,OSBS-83,dry,nodule,Fabaceae,OSBS,Galactia,Diocleae,OSBS_004,Putnam,FL,yes,29.684337,-81.957673,20240822
OSBS-84-1-Rh,D03,Aeschynomene viscidula,2/13/25,,0,Quarter,OSBS-84,dry,rhizosphere,Fabaceae,OSBS,Aeschynomene,Dalbergieae,OSBS_002,Putnam,FL,yes,,,20240822
OSBS-84-1-Ro,D03,Aeschynomene viscidula,2/13/25,0.0955,4.584,Quarter,OSBS-84,dry,root,Fabaceae,OSBS,Aeschynomene,Dalbergieae,OSBS_002,Putnam,FL,yes,,,20240822
OSBS-84-1-No,D03,Aeschynomene viscidula,2/13/25,,0,Quarter,OSBS-84,dry,nodule,Fabaceae,OSBS,Aeschynomene,Dalbergieae,OSBS_002,Putnam,FL,yes,,,20240822
OSBS-85-1-Rh,D03,Stylosanthes biflora,2/13/25,,0,Quarter,OSBS-85,dry,rhizosphere,Fabaceae,OSBS,Stylosanthes,Dalbergieae,OSBS_002,Putnam,FL,yes,,,20240822
OSBS-85-1-Ro,D03,Stylosanthes biflora,2/13/25,0.06,2.88,Quarter,OSBS-85,dry,root,Fabaceae,OSBS,Stylosanthes,Dalbergieae,OSBS_002,Putnam,FL,yes,,,20240822
OSBS-85-1-No,D03,Stylosanthes biflora,2/13/25,,0,Quarter,OSBS-85,dry,nodule,Fabaceae,OSBS,Stylosanthes,Dalbergieae,OSBS_002,Putnam,FL,yes,,,20240822
OSBS-86-1-Rh,D03,Desmodium strictum,2/13/25,,0,Quarter,OSBS-86,dry,rhizosphere,Fabaceae,OSBS,Desmodium,Desmodieae,OSBS_002,Putnam,FL,yes,,,20240822
OSBS-86-1-Ro,D03,Desmodium strictum,2/13/25,5.285,253.68,Half,OSBS-86,dry,root,Fabaceae,OSBS,Desmodium,Desmodieae,OSBS_002,Putnam,FL,yes,,,20240822
OSBS-86-1-No,D03,Desmodium strictum,2/13/25,,0,Quarter,OSBS-86,dry,nodule,Fabaceae,OSBS,Desmodium,Desmodieae,OSBS_002,Putnam,FL,yes,,,20240822
OSBS-88-1-Rh,D03,Desmodium triflorum,2/13/25,,0,Quarter,OSBS-88,dry,rhizosphere,Fabaceae,OSBS,Desmodium,Desmodieae,OSBS_072,Putnam,FL,yes,29.690915,-82.00887,20240827
OSBS-88-1-Ro,D03,Desmodium triflorum,2/13/25,5.505,264.24,Half,OSBS-88,dry,root,Fabaceae,OSBS,Desmodium,Desmodieae,OSBS_072,Putnam,FL,yes,29.690915,-82.00887,20240827
OSBS-88-1-No,D03,Desmodium triflorum,2/13/25,0.5625,27,Quarter,OSBS-88,dry,nodule,Fabaceae,OSBS,Desmodium,Desmodieae,OSBS_072,Putnam,FL,yes,29.690915,-82.00887,20240827
OSBS-89-1-Rh,D03,Pediomelum canescens,2/13/25,0,0,Quarter,OSBS-89,dry,rhizosphere,Fabaceae,OSBS,Pediomelum,Psoraleeae,OSBS_072,Putnam,FL,yes,,,20240827
OSBS-89-1-Ro,D03,Pediomelum canescens,2/13/25,0,0,Quarter,OSBS-89,dry,root,Fabaceae,OSBS,Pediomelum,Psoraleeae,OSBS_072,Putnam,FL,yes,,,20240827
OSBS-89-1-No,D03,Pediomelum canescens,2/13/25,0,0,Quarter,OSBS-89,dry,nodule,Fabaceae,OSBS,Pediomelum,Psoraleeae,OSBS_072,Putnam,FL,yes,,,20240827
OSBS-90-1-Rh,D03,Tephrosia chrysophylla,2/13/25,0,0,Quarter,OSBS-90,dry,rhizosphere,Fabaceae,OSBS,Tephrosia,Millettieae,OSBS_031,Putnam,FL,yes,,,20240827
OSBS-90-1-Ro,D03,Tephrosia chrysophylla,2/13/25,0,0,Quarter,OSBS-90,dry,root,Fabaceae,OSBS,Tephrosia,Millettieae,OSBS_031,Putnam,FL,yes,,,20240827
DEJU-1-1-Rh,D19,Lupinus arcticus,2/17/25,0,0,Quarter,DEJU-1,ethanol,rhizosphere,Fabaceae,DEJU,Lupinus,Genisteae,DEJU_014,,Alaska,yes,,,2024...
DEJU-1-1-Ro,D19,Lupinus arcticus,2/17/25,0.575,27.6,Quarter,DEJU-1,ethanol,root,Fabaceae,DEJU,Lupinus,Genisteae,DEJU_014,,Alaska,yes,,,2024...
DEJU-1-1-No,D19,Lupinus arcticus,2/17/25,26.4,1267.2,Half,DEJU-1,ethanol,nodule,Fabaceae,DEJU,Lupinus,Genisteae,DEJU_014,,Alaska,yes,,,2024...
DEJU-2-Rh,D19,Lupinus arcticus,2/17/25,0.174,8.352,Quarter,DEJU-2,ethanol,rhizosphere,Fabaceae,DEJU,Lupinus,Genisteae,DEJU_014,,Alaska,yes,,,
DEJU-2-Ro,D19,Lupinus arcticus,2/17/25,0.5575,26.76,Quarter,DEJU-2,ethanol,root,Fabaceae,DEJU,Lupinus,Genisteae,DEJU_014,,Alaska,yes,,,
DEJU-2-No,D19,Lupinus arcticus,2/17/25,13.45,645.6,Half,DEJU-2,ethanol,nodule,Fabaceae,DEJU,Lupinus,Genisteae,DEJU_014,,Alaska,yes,,,
DEJU-41-1-Rh,D19,Lupinus arcticus,2/17/25,3.3,158.4,Quarter,DEJU-41,ethanol,rhizosphere,Fabaceae,DEJU,Lupinus,Genisteae,DEJU_002,,Alaska,yes,,,
DEJU-41-1-Ro,D19,Lupinus arcticus,2/17/25,4.385,210.48,Quarter,DEJU-41,ethanol,root,Fabaceae,DEJU,Lupinus,Genisteae,DEJU_002,,Alaska,yes,,,
DEJU-41-1-No,D19,Lupinus arcticus,2/17/25,0,0,Quarter,DEJU-41,ethanol,nodule,Fabaceae,DEJU,Lupinus,Genisteae,DEJU_002,,Alaska,yes,,,
DEJU-45-1-Rh,D19,Lupinus arcticus,2/17/25,3.72,178.56,Quarter,DEJU-45,ethanol,rhizosphere,Fabaceae,DEJU,Lupinus,Genisteae,DEJU_002,,Alaska,yes,,,
DEJU-45-1-Ro,D19,Lupinus arcticus,2/17/25,10.5,504,Half,DEJU-45,ethanol,root,Fabaceae,DEJU,Lupinus,Genisteae,DEJU_002,,Alaska,yes,,,
DEJU-45-1-No,D19,Lupinus arcticus,2/17/25,11.7,561.6,Half,DEJU-45,ethanol,nodule,Fabaceae,DEJU,Lupinus,Genisteae,DEJU_002,,Alaska,yes,,,
DEJU-51-1-Rh,D19,Alnus viridis,2/17/25,0,0,Quarter,DEJU-51,ethanol,rhizosphere,Betulaceae,DEJU,Alnus,actinorhizal,DEJU_002,,Alaska,yes,,,
DEJU-51-1-Ro,D19,Alnus viridis,2/17/25,2.05,98.4,Quarter,DEJU-51,ethanol,root,Betulaceae,DEJU,Alnus,actinorhizal,DEJU_002,,Alaska,yes,,,
DEJU-51-1-No,D19,Alnus viridis,2/17/25,2.82,135.36,Quarter,DEJU-51,ethanol,nodule,Betulaceae,DEJU,Alnus,actinorhizal,DEJU_002,,Alaska,yes,,,
DEJU-52-1-Rh,D19,Alnus viridis,2/17/25,2.555,122.64,Quarter,DEJU-52,ethanol,rhizosphere,Betulaceae,DEJU,Alnus,actinorhizal,DEJU_002,,Alaska,yes,,,
DEJU-52-1-Ro,D19,Alnus viridis,2/17/25,1.49,71.52,Quarter,DEJU-52,ethanol,root,Betulaceae,DEJU,Alnus,actinorhizal,DEJU_002,,Alaska,yes,,,
DEJU-52-1-No,D19,Alnus viridis,2/17/25,13.4,643.2,Half,DEJU-52,ethanol,nodule,Betulaceae,DEJU,Alnus,actinorhizal,DEJU_002,,Alaska,yes,,,
DEJU-53-Rh,D19,Alnus viridis,2/17/25,6.09,292.32,Half,DEJU-53,ethanol,rhizosphere,Betulaceae,DEJU,Alnus,actinorhizal,DEJU_045,,,yes,,,
DEJU-53-Ro,D19,Alnus viridis,2/17/25,2.345,112.56,Quarter,DEJU-53,ethanol,root,Betulaceae,DEJU,Alnus,actinorhizal,DEJU_045,,,yes,,,
DEJU-53-No,D19,Alnus viridis,2/17/25,2.295,110.16,Quarter,DEJU-53,ethanol,nodule,Betulaceae,DEJU,Alnus,actinorhizal,DEJU_045,,,yes,,,
DEJU-62-1-Rh,D19,Lupinus arcticus,2/17/25,0.145,6.96,Quarter,DEJU-62,ethanol,rhizosphere,Fabaceae,DEJU,Lupinus,Genisteae,DEJU_045,,,yes,,,
DEJU-62-1-Ro,D19,Lupinus arcticus,2/17/25,0.2845,13.656,Quarter,DEJU-62,ethanol,root,Fabaceae,DEJU,Lupinus,Genisteae,DEJU_045,,,yes,,,
DEJU-62-1-No,D19,Lupinus arcticus,2/17/25,1.77,84.96,Quarter,DEJU-62,ethanol,nodule,Fabaceae,DEJU,Lupinus,Genisteae,DEJU_045,,,yes,,,
JERC-25-1-Rh,D03,Desmodium lineatum,2/17/25,0,0,Quarter,JERC-25,dry,rhizosphere,Fabaceae,JERC,Desmodium,Desmodieae,JERC_007,Baker County,Georgia,yes,,,20240603
JERC-25-1-Ro,D03,Desmodium lineatum,2/17/25,0.5825,27.96,Quarter,JERC-25,dry,root,Fabaceae,JERC,Desmodium,Desmodieae,JERC_007,Baker County,Georgia,yes,,,20240603
JERC-25-1-No,D03,Desmodium lineatum,2/17/25,2.72,130.56,Quarter,JERC-25,dry,nodule,Fabaceae,JERC,Desmodium,Desmodieae,JERC_007,Baker County,Georgia,yes,,,20240603
MLBS-1-1-Rh,D07,Elaeagnus umbellata,2/17/25,37.15,1783.2,Half,MLBS-1,dry,rhizosphere,Elaeagnaceae,MLBS,Elaeagnus,actinorhizal,MLBS_030,Giles,VA,no,37.43,-80.508333,5/15/24
MLBS-1-1-Ro,D07,Elaeagnus umbellata,2/17/25,0.9175,44.04,Quarter,MLBS-1,dry,root,Elaeagnaceae,MLBS,Elaeagnus,actinorhizal,MLBS_030,Giles,VA,no,37.43,-80.508333,5/15/24
MLBS-1-1-No,D07,Elaeagnus umbellata,2/17/25,0,0,Quarter,MLBS-1,dry,nodule,Elaeagnaceae,MLBS,Elaeagnus,actinorhizal,MLBS_030,Giles,VA,no,37.43,-80.508333,5/15/24
ORNL-6-1-Rh,D07,Vicia sativa,2/17/25,0.1685,8.088,Quarter,ORNL-6,dry,rhizosphere,Fabaceae,ORNL,Vicia,Fabeae,ORNL_021,Anderson,TN,no,35.955556,-84.221111,5/15/24
ORNL-6-1-Ro,D07,Vicia sativa,2/17/25,13.85,664.8,Half,ORNL-6,dry,root,Fabaceae,ORNL,Vicia,Fabeae,ORNL_021,Anderson,TN,no,35.955556,-84.221111,5/15/24
ORNL-6-1-No,D07,Vicia sativa,2/17/25,11.6,556.8,Half,ORNL-6,dry,nodule,Fabaceae,ORNL,Vicia,Fabeae,ORNL_021,Anderson,TN,no,35.955556,-84.221111,5/15/24
ORNL-5-1-Rh,D07,Elaeagnus umbellata,2/17/25,5.125,246,Quarter,ORNL-5,dry,rhizosphere,Elaeagnaceae,ORNL,Elaeagnus,actinorhizal,ORNL_021,Anderson,TN,no,35.955556,-84.221111,5/15/24
ORNL-5-1-Ro,D07,Elaeagnus umbellata,2/17/25,1.235,59.28,Quarter,ORNL-5,dry,root,Elaeagnaceae,ORNL,Elaeagnus,actinorhizal,ORNL_021,Anderson,TN,no,35.955556,-84.221111,5/15/24
ORNL-5-1-No,D07,Elaeagnus umbellata,2/17/25,17,816,Half,ORNL-5,dry,nodule,Elaeagnaceae,ORNL,Elaeagnus,actinorhizal,ORNL_021,Anderson,TN,no,35.955556,-84.221111,5/15/24
ORNL-4-1-Rh,D07,Trifolium pratense,2/17/25,30.45,1461.6,Half,ORNL-4,dry,rhizosphere,Fabaceae,ORNL,Trifolium,Trifolieae,ORNL_021,Anderson,TN,no,35.955556,-84.221111,5/15/24
ORNL-4-1-Ro,D07,Trifolium pratense,2/17/25,0.7395,35.496,Quarter,ORNL-4,dry,root,Fabaceae,ORNL,Trifolium,Trifolieae,ORNL_021,Anderson,TN,no,35.955556,-84.221111,5/15/24
ORNL-4-1-No,D07,Trifolium pratense,2/17/25,17.6,844.8,Half,ORNL-4,dry,nodule,Fabaceae,ORNL,Trifolium,Trifolieae,ORNL_021,Anderson,TN,no,35.955556,-84.221111,5/15/24
ORNL-3-1-Rh,D07,Elaeagnus umbellata,2/17/25,13.2,633.6,Half,ORNL-3,dry,rhizosphere,Elaeagnaceae,ORNL,Elaeagnus,actinorhizal,ORNL_029,Anderson,TN,no,35.96,-84.26,5/15/24
ORNL-3-1-Ro,D07,Elaeagnus umbellata,2/17/25,0.483,23.184,Quarter,ORNL-3,dry,root,Elaeagnaceae,ORNL,Elaeagnus,actinorhizal,ORNL_029,Anderson,TN,no,35.96,-84.26,5/15/24
ORNL-3-1-No,D07,Elaeagnus umbellata,2/17/25,10.9,523.2,Half,ORNL-3,dry,nodule,Elaeagnaceae,ORNL,Elaeagnus,actinorhizal,ORNL_029,Anderson,TN,no,35.96,-84.26,5/15/24
ORNL-2-1-Rh,D07,Elaeagnus umbellata,2/17/25,38.2,1833.6,Half,ORNL-2,dry,rhizosphere,Elaeagnaceae,ORNL,Elaeagnus,actinorhizal,ORNL_003,Anderson,TN,no,35.966389,-84.231111,5/15/24
ORNL-2-1-Ro,D07,Elaeagnus umbellata,2/17/25,5.405,259.44,Half,ORNL-2,dry,root,Elaeagnaceae,ORNL,Elaeagnus,actinorhizal,ORNL_003,Anderson,TN,no,35.966389,-84.231111,5/15/24
ORNL-2-1-No,D07,Elaeagnus umbellata,2/17/25,4.85,232.8,Quarter,ORNL-2,dry,nodule,Elaeagnaceae,ORNL,Elaeagnus,actinorhizal,ORNL_003,Anderson,TN,no,35.966389,-84.231111,5/15/24
ORNL-1-1-Rh,D07,Elaeagnus umbellata,2/17/25,7.885,378.48,Half,ORNL-1,dry,rhizosphere,Elaeagnaceae,ORNL,Elaeagnus,actinorhizal,ORNL_009,Anderson,TN,no,35.974444,-84.228056,5/15/24
ORNL-1-1-Ro,D07,Elaeagnus umbellata,2/17/25,0.458,21.984,Quarter,ORNL-1,dry,root,Elaeagnaceae,ORNL,Elaeagnus,actinorhizal,ORNL_009,Anderson,TN,no,35.974444,-84.228056,5/15/24
ORNL-1-1-No,D07,Elaeagnus umbellata,2/17/25,10.85,520.8,Half,ORNL-1,dry,nodule,Elaeagnaceae,ORNL,Elaeagnus,actinorhizal,ORNL_009,Anderson,TN,no,35.974444,-84.228056,5/15/24
JERC-138-Rh,D03,Crotalaria purshii,2/17/25,0,0,Quarter,JERC-138,dry,rhizosphere,Fabaceae,JERC,Crotalaria,Crotalarieae,JERC_031,Baker County,Georgia,yes,,,20240821
JERC-138-Ro,D03,Crotalaria purshii,2/17/25,0,0,Quarter,JERC-138,dry,root,Fabaceae,JERC,Crotalaria,Crotalarieae,JERC_031,Baker County,Georgia,yes,,,20240821
JERC-144-Rh,D03,Desmodium tenifolium,2/17/25,0.2895,13.896,Quarter,JERC-144,dry,rhizosphere,Fabaceae,JERC,Desmodium,Desmodieae,JERC_010,Baker County,Georgia,yes,,,20240821
JERC-144-Ro,D03,Desmodium tenifolium,2/17/25,2.36,113.28,Quarter,JERC-144,dry,root,Fabaceae,JERC,Desmodium,Desmodieae,JERC_010,Baker County,Georgia,yes,,,20240821
JERC-144-No,D03,Desmodium tenifolium,2/17/25,0,0,Quarter,JERC-144,dry,nodule,Fabaceae,JERC,Desmodium,Desmodieae,JERC_010,Baker County,Georgia,yes,,,20240821
JERC-145-1-Rh,D03,Desmodium cileari,2/17/25,0,0,Quarter,JERC-145,dry,rhizosphere,Fabaceae,JERC,Desmodium,Desmodieae,JERC_010,Baker County,Georgia,yes,,,20240821
JERC-145-1-Ro,D03,Desmodium cileari,2/17/25,0.079,3.792,Quarter,JERC-145,dry,root,Fabaceae,JERC,Desmodium,Desmodieae,JERC_010,Baker County,Georgia,yes,,,20240821
JERC-145-1-No,D03,Desmodium cileari,2/17/25,0,0,Quarter,JERC-145,dry,nodule,Fabaceae,JERC,Desmodium,Desmodieae,JERC_010,Baker County,Georgia,yes,,,20240821
JERC-146-Rh,D03,Dalea carnea alba,2/17/25,0,0,Quarter,JERC-146,dry,rhizosphere,Fabaceae,JERC,Dalea,Amorpheae,JERC_010,Baker County,Georgia,yes,,,20240821
JERC-146-Ro,D03,Dalea carnea alba,2/17/25,0.1,4.8,Quarter,JERC-146,dry,root,Fabaceae,JERC,Dalea,Amorpheae,JERC_010,Baker County,Georgia,yes,,,20240821
UKFS-6-3-Rh,D06,Hylodesmum glutinosum,2/17/25,0,0,Quarter,UKFS-6,dry,rhizosphere,Fabaceae,UKFS,Desmodium,Desmodieae,UKFS_002,Douglas,KS,yes,39.04622,-95.2087,7/3/24
UKFS-6-3-Ro,D06,Hylodesmum glutinosum,2/17/25,0,0,Quarter,UKFS-6,dry,root,Fabaceae,UKFS,Desmodium,Desmodieae,UKFS_002,Douglas,KS,yes,39.04622,-95.2087,7/3/24
CLBJ-39-1-Rh,D11,Chamaecrista fasciculata,2/19/25,0,0,Quarter,CLBJ-39,ethanol,rhizosphere,Fabaceae,CLBJ,Chamaecrista,Cassieae,CLBJ_034,Wise,TX,yes,33.23681,-97.34107,9/2/24
CLBJ-39-1-No,D11,Chamaecrista fasciculata,2/19/25,2.23,107.04,Quarter,CLBJ-39,ethanol,nodule,Fabaceae,CLBJ,Chamaecrista,Cassieae,CLBJ_034,Wise,TX,yes,33.23681,-97.34107,9/2/24
CLBJ-43-2-Rh,D11,Indigofera miniata,2/19/25,0.13,6.24,Quarter,CLBJ-43,dry,rhizosphere,Fabaceae,CLBJ,Indigofera,Indigofereae,CLBJ_019_T,Wise,TX,yes,33.23721,-97.34166,9/4/24
CLBJ-43-2-Ro,D11,Indigofera miniata,2/19/25,0.152,7.296,Quarter,CLBJ-43,dry,root,Fabaceae,CLBJ,Indigofera,Indigofereae,CLBJ_019_T,Wise,TX,yes,33.23721,-97.34166,9/4/24
CLBJ-43-2-No,D11,Indigofera miniata,2/19/25,1.55,74.4,Quarter,CLBJ-43,dry,nodule,Fabaceae,CLBJ,Indigofera,Indigofereae,CLBJ_019_T,Wise,TX,yes,33.23721,-97.34166,9/4/24
CLBJ-45-2-Rh,D11,Lespedeza virginica,2/19/25,0,0,Quarter,CLBJ-45,dry,rhizosphere,Fabaceae,CLBJ,Lespedeza,Desmodieae,CLBJ_034,Wise,TX,yes,33.23658,-97.34089,9/4/24
CLBJ-45-2-Ro,D11,Lespedeza virginica,2/19/25,1.89,90.72,Quarter,CLBJ-45,dry,root,Fabaceae,CLBJ,Lespedeza,Desmodieae,CLBJ_034,Wise,TX,yes,33.23658,-97.34089,9/4/24
CLBJ-48-1-Rh,D11,Indigofera miniata,2/19/25,0.064,3.072,Quarter,CLBJ-48,dry,rhizosphere,Fabaceae,CLBJ,Indigofera,Indigofereae,CLBJ_034,Wise,TX,yes,33.23641,-97.3407,9/4/24
CLBJ-48-1-Ro,D11,Indigofera miniata,2/19/25,1.115,53.52,Quarter,CLBJ-48,dry,root,Fabaceae,CLBJ,Indigofera,Indigofereae,CLBJ_034,Wise,TX,yes,33.23641,-97.3407,9/4/24
CLBJ-48-1-No,D11,Indigofera miniata,2/19/25,0.057,2.736,Quarter,CLBJ-48,dry,nodule,Fabaceae,CLBJ,Indigofera,Indigofereae,CLBJ_034,Wise,TX,yes,33.23641,-97.3407,9/4/24
CLBJ-49-1-Rh,D11,Senna roemeriana,2/19/25,0,0,Quarter,CLBJ-49,ethanol,rhizosphere,Fabaceae,CLBJ,Senna,Cassieae,CLBJ_034_R,Wise,TX,yes,33.19277,-97.34642,9/5/24
CLBJ-49-1-Ro,D11,Senna roemeriana,2/19/25,2.73,131.04,Quarter,CLBJ-49,ethanol,root,Fabaceae,CLBJ,Senna,Cassieae,CLBJ_034_R,Wise,TX,yes,33.19277,-97.34642,9/5/24
CLBJ-50-3-Rh,D11,Dalea multiflora,2/19/25,0,0,Quarter,CLBJ-50,ethanol,rhizosphere,Fabaceae,CLBJ,Dalea,Amorpheae,CLBJ_034_R,Wise,TX,yes,33.19259,-97.34659,9/5/24
CLBJ-50-3-Ro,D11,Dalea multiflora,2/19/25,0.843,40.464,Quarter,CLBJ-50,ethanol,root,Fabaceae,CLBJ,Dalea,Amorpheae,CLBJ_034_R,Wise,TX,yes,33.19259,-97.34659,9/5/24
CLBJ-50-3-No,D11,Dalea multiflora,2/19/25,0.0655,3.144,Quarter,CLBJ-50,ethanol,nodule,Fabaceae,CLBJ,Dalea,Amorpheae,CLBJ_034_R,Wise,TX,yes,33.19259,-97.34659,9/5/24
DEJU-35-Rh,D19,Alnus viridis,2/19/25,0.0825,3.96,Quarter,DEJU-35,ethanol,rhizosphere,Betulaceae,DEJU,Alnus,actinorhizal,DEJU_015,,Alaska,yes,,,
DEJU-35-Ro,D19,Alnus viridis,2/19/25,5.345,256.56,Half,DEJU-35,ethanol,root,Betulaceae,DEJU,Alnus,actinorhizal,DEJU_015,,Alaska,yes,,,
DEJU-35-No,D19,Alnus viridis,2/19/25,5.04,241.92,Quarter,DEJU-35,ethanol,nodule,Betulaceae,DEJU,Alnus,actinorhizal,DEJU_015,,Alaska,yes,,,
DEJU-38-Rh,D19,Lupinus arcticus,2/19/25,0,0,Quarter,DEJU-38,ethanol,rhizosphere,Fabaceae,DEJU,Lupinus,Genisteae,DEJU_015,,Alaska,yes,,,
DEJU-38-Ro,D19,Lupinus arcticus,2/19/25,3.77,180.96,Quarter,DEJU-38,ethanol,root,Fabaceae,DEJU,Lupinus,Genisteae,DEJU_015,,Alaska,yes,,,
DEJU-38-No,D19,Lupinus arcticus,2/19/25,5.37,257.76,Half,DEJU-38,ethanol,nodule,Fabaceae,DEJU,Lupinus,Genisteae,DEJU_015,,Alaska,yes,,,
DELA-8-2-Rh,D08,Hylodesmum pauciflorum,2/19/25,0,0,Quarter,DELA-8,dry,rhizosphere,Fabaceae,DELA,Desmodium,Desmodieae,DELA_016,Green County,AL,yes,32.535793,-87.808361,8/13/24
DELA-8-2-Ro,D08,Hylodesmum pauciflorum,2/19/25,1.32,63.36,Quarter,DELA-8,dry,root,Fabaceae,DELA,Desmodium,Desmodieae,DELA_016,Green County,AL,yes,32.535793,-87.808361,8/13/24
DELA-8-2-No,D08,Hylodesmum pauciflorum,2/19/25,0.157,7.536,Quarter,DELA-8,dry,nodule,Fabaceae,DELA,Desmodium,Desmodieae,DELA_016,Green County,AL,yes,32.535793,-87.808361,8/13/24
GUAN-1-Rh,D04,Pictetia aculeata,2/19/25,0.6585,31.608,Quarter,GUAN-1,dry,rhizosphere,Fabaceae,GUAN,Pictetia,Dalbergieae,GUAN_002,Guayanilla,P.R,yes,17.970761,-66.824856,10/8/24
GUAN-1-Ro,D04,Pictetia aculeata,2/19/25,0.627,30.096,Quarter,GUAN-1,dry,root,Fabaceae,GUAN,Pictetia,Dalbergieae,GUAN_002,Guayanilla,P.R,yes,17.970761,-66.824856,10/8/24
GUAN-1-No,D04,Pictetia aculeata,2/19/25,2.515,120.72,Quarter,GUAN-1,dry,nodule,Fabaceae,GUAN,Pictetia,Dalbergieae,GUAN_002,Guayanilla,P.R,yes,17.970761,-66.824856,10/8/24
GUAN-2-Rh,D04,Leucaena leucocephala,2/19/25,0,0,Quarter,GUAN-2,dry,rhizosphere,Fabaceae,GUAN,Leucaena,Mimosoideae,GUAN_004,Yauco,P.R,no,17.964444,-66.8513611,10/10/24
GUAN-2-Ro,D04,Leucaena leucocephala,2/19/25,5.275,253.2,Half,GUAN-2,dry,root,Fabaceae,GUAN,Leucaena,Mimosoideae,GUAN_004,Yauco,P.R,no,17.964444,-66.8513611,10/10/24
GUAN-2-No,D04,Leucaena leucocephala,2/19/25,0,0,Quarter,GUAN-2,dry,nodule,Fabaceae,GUAN,Leucaena,Mimosoideae,GUAN_004,Yauco,P.R,no,17.964444,-66.8513611,10/10/24
GUAN-3-Rh,D04,Pictetia aculeata,2/19/25,0,0,Quarter,GUAN-3,dry,rhizosphere,Fabaceae,GUAN,Pictetia,Dalbergieae,GUAN_004,Yauco,P.R,yes,17.969445,-66.851404,10/10/24
GUAN-3-Ro,D04,Pictetia aculeata,2/19/25,0,0,Quarter,GUAN-3,dry,root,Fabaceae,GUAN,Pictetia,Dalbergieae,GUAN_004,Yauco,P.R,yes,17.969445,-66.851404,10/10/24
GUAN-3-No,D04,Pictetia aculeata,2/19/25,0,0,Quarter,GUAN-3,dry,nodule,Fabaceae,GUAN,Pictetia,Dalbergieae,GUAN_004,Yauco,P.R,yes,17.969445,-66.851404,10/10/24
GUAN-4-Rh,D04,Centrosema virginiana,2/19/25,0,0,Quarter,GUAN-4,dry,rhizosphere,Fabaceae,GUAN,Centrosema,Phaseoleae,GUAN_004,Yauco,P.R,yes,17.970412,-66.852691,10/10/24
GUAN-4-Ro,D04,Centrosema virginiana,2/19/25,1.49,71.52,Quarter,GUAN-4,dry,root,Fabaceae,GUAN,Centrosema,Phaseoleae,GUAN_004,Yauco,P.R,yes,17.970412,-66.852691,10/10/24
GUAN-4-No,D04,Centrosema virginiana,2/19/25,0.99,47.52,Quarter,GUAN-4,dry,nodule,Fabaceae,GUAN,Centrosema,Phaseoleae,GUAN_004,Yauco,P.R,yes,17.970412,-66.852691,10/10/24
GUAN-5-Rh,D04,Coursetia caribaea,2/19/25,0,0,Quarter,GUAN-5,dry,rhizosphere,Fabaceae,GUAN,Coursetia,Robinieae,GUAN_006,Guanica,P.R,yes,17.9641111,-66.8757016,10/14/24
GUAN-5-Ro,D04,Coursetia caribaea,2/19/25,0.0565,2.712,Quarter,GUAN-5,dry,root,Fabaceae,GUAN,Coursetia,Robinieae,GUAN_006,Guanica,P.R,yes,17.9641111,-66.8757016,10/14/24
GUAN-5-No,D04,Coursetia caribaea,2/19/25,0,0,Quarter,GUAN-5,dry,nodule,Fabaceae,GUAN,Coursetia,Robinieae,GUAN_006,Guanica,P.R,yes,17.9641111,-66.8757016,10/14/24
GUAN-8-Rh,D04,Centrosema virginiana,2/19/25,0.396,19.008,Quarter,GUAN-8,dry,rhizosphere,Fabaceae,GUAN,Centrosema,Phaseoleae,GUAN_049,Guanica,P.R,yes,17.968,-66.864449,10/31/24
GUAN-8-Ro,D04,Centrosema virginiana,2/19/25,0.1855,8.904,Quarter,GUAN-8,dry,root,Fabaceae,GUAN,Centrosema,Phaseoleae,GUAN_049,Guanica,P.R,yes,17.968,-66.864449,10/31/24
GUAN-8-No,D04,Centrosema virginiana,2/19/25,1.15,55.2,Quarter,GUAN-8,dry,nodule,Fabaceae,GUAN,Centrosema,Phaseoleae,GUAN_049,Guanica,P.R,yes,17.968,-66.864449,10/31/24
GUAN-10-Rh,D04,Desmodium tortuosum,2/19/25,0.64,30.72,Quarter,GUAN-10,dry,rhizosphere,Fabaceae,GUAN,Desmodium,Desmodieae,GUAN_049,Guanica,P.R,yes,17.968,-66.864449,10/31/24
GUAN-10-Ro,D04,Desmodium tortuosum,2/19/25,0.0975,4.68,Quarter,GUAN-10,dry,root,Fabaceae,GUAN,Desmodium,Desmodieae,GUAN_049,Guanica,P.R,yes,17.968,-66.864449,10/31/24
GUAN-10-No,D04,Desmodium tortuosum,2/19/25,1.49,71.52,Quarter,GUAN-10,dry,nodule,Fabaceae,GUAN,Desmodium,Desmodieae,GUAN_049,Guanica,P.R,yes,17.968,-66.864449,10/31/24
DSNY-89-Rh,D03,Indigofera hirsuta,2/19/25,0,0,Quarter,DSNY-89,dry,rhizosphere,Fabaceae,DSNY,Indigofera,Indigofereae,DSNY_001,Polk,Florida,no,28.1019698,-81.4240004,20240904
DSNY-89-Ro,D03,Indigofera hirsuta,2/19/25,0.0865,4.152,Quarter,DSNY-89,dry,root,Fabaceae,DSNY,Indigofera,Indigofereae,DSNY_001,Polk,Florida,no,28.1019698,-81.4240004,20240904
DSNY-89-No,D03,Indigofera hirsuta,2/19/25,0.322,15.456,Quarter,DSNY-89,dry,nodule,Fabaceae,DSNY,Indigofera,Indigofereae,DSNY_001,Polk,Florida,no,28.1019698,-81.4240004,20240904
DSNY-90-Rh,D03,Sesbania herbacea,2/19/25,0,0,Quarter,DSNY-90,dry,rhizosphere,Fabaceae,DSNY,Sesbania,Sesbanieae,DSNY_001,Polk,Florida,yes,28.1019698,-81.4240004,20240904
DSNY-90-Ro,D03,Sesbania herbacea,2/19/25,0.211,10.128,Quarter,DSNY-90,dry,root,Fabaceae,DSNY,Sesbania,Sesbanieae,DSNY_001,Polk,Florida,yes,28.1019698,-81.4240004,20240904
DSNY-90-No,D03,Sesbania herbacea,2/19/25,9.645,462.96,Half,DSNY-90,dry,nodule,Fabaceae,DSNY,Sesbania,Sesbanieae,DSNY_001,Polk,Florida,yes,28.1019698,-81.4240004,20240904
DSNY-95-Rh,D03,Galactia elliottii,2/19/25,0,0,Quarter,DSNY-95,dry,rhizosphere,Fabaceae,DSNY,Galactia,Diocleae,DSNY_010,Osceola,Florida,yes,,,20241023
DSNY-95-Ro,D03,Galactia elliottii,2/19/25,0,0,Quarter,DSNY-95,dry,root,Fabaceae,DSNY,Galactia,Diocleae,DSNY_010,Osceola,Florida,yes,,,20241023
DSNY-95-No,D03,Galactia elliottii,2/19/25,0.1165,5.592,Quarter,DSNY-95,dry,nodule,Fabaceae,DSNY,Galactia,Diocleae,DSNY_010,Osceola,Florida,yes,,,20241023
DSNY-99-Rh,D03,Indigofera hirsuta,2/19/25,0,0,Quarter,DSNY-99,dry,rhizosphere,Fabaceae,DSNY,Indigofera,Indigofereae,DSNY_044,Osceola,FLorida,no,28.23888889,-81.43333333,20241024
DSNY-99-Ro,D03,Indigofera hirsuta,2/19/25,0,0,Quarter,DSNY-99,dry,root,Fabaceae,DSNY,Indigofera,Indigofereae,DSNY_044,Osceola,FLorida,no,28.23888889,-81.43333333,20241024
DSNY-99-No,D03,Indigofera hirsuta,2/19/25,0,0,Quarter,DSNY-99,dry,nodule,Fabaceae,DSNY,Indigofera,Indigofereae,DSNY_044,Osceola,FLorida,no,28.23888889,-81.43333333,20241024
ORNL-15-Rh,D07,Hylodesmum nudiflorum,2/19/25,0.0795,3.816,Quarter,ORNL-15,dry,rhizosphere,Fabaceae,ORNL,Desmodium,Desmodieae,ORNL_003,Anderson,TN,yes,35.965556,-84.230833,7/11/24
ORNL-15-Ro,D07,Hylodesmum nudiflorum,2/19/25,0.0635,3.048,Quarter,ORNL-15,dry,root,Fabaceae,ORNL,Desmodium,Desmodieae,ORNL_003,Anderson,TN,yes,35.965556,-84.230833,7/11/24
ORNL-15-No,D07,Hylodesmum nudiflorum,2/19/25,0.05,2.4,Quarter,ORNL-15,dry,nodule,Fabaceae,ORNL,Desmodium,Desmodieae,ORNL_003,Anderson,TN,yes,35.965556,-84.230833,7/11/24
ORNL-16-Rh,D07,Amphicarpaea bracteata,2/19/25,0.22,10.56,Quarter,ORNL-16,dry,rhizosphere,Fabaceae,ORNL,Amphicarpaea,Phaseoleae,ORNL_032,Anderson,TN,yes,35.944444,-84.325833,7/11/24
ORNL-16-Ro,D07,Amphicarpaea bracteata,2/19/25,0,0,Quarter,ORNL-16,dry,root,Fabaceae,ORNL,Amphicarpaea,Phaseoleae,ORNL_032,Anderson,TN,yes,35.944444,-84.325833,7/11/24
ORNL-16-No,D07,Amphicarpaea bracteata,2/19/25,0,0,Quarter,ORNL-16,dry,nodule,Fabaceae,ORNL,Amphicarpaea,Phaseoleae,ORNL_032,Anderson,TN,yes,35.944444,-84.325833,7/11/24
ORNL-19-Rh,D07,Hylodesmum nudiflorum,2/19/25,3.075,147.6,Quarter,ORNL-19,dry,rhizosphere,Fabaceae,ORNL,Desmodium,Desmodieae,ORNL_010,Anderson,TN,yes,35.952778,-84.331667,7/11/24
ORNL-19-Ro,D07,Hylodesmum nudiflorum,2/19/25,0,0,Quarter,ORNL-19,dry,root,Fabaceae,ORNL,Desmodium,Desmodieae,ORNL_010,Anderson,TN,yes,35.952778,-84.331667,7/11/24
ORNL-19-No,D07,Hylodesmum nudiflorum,2/19/25,0,0,Quarter,ORNL-19,dry,nodule,Fabaceae,ORNL,Desmodium,Desmodieae,ORNL_010,Anderson,TN,yes,35.952778,-84.331667,7/11/24
ORNL-21-Rh,D07,Clitoria mariana,2/19/25,0.3425,16.44,Quarter,ORNL-21,dry,rhizosphere,Fabaceae,ORNL,Clitoria,Phaseoleae,ORNL_010,Anderson,TN,yes,35.953333,-84.331944,7/11/24
ORNL-21-Ro,D07,Clitoria mariana,2/19/25,0,0,Quarter,ORNL-21,dry,root,Fabaceae,ORNL,Clitoria,Phaseoleae,ORNL_010,Anderson,TN,yes,35.953333,-84.331944,7/11/24
ORNL-21-No,D07,Clitoria mariana,2/19/25,0,0,Quarter,ORNL-21,dry,nodule,Fabaceae,ORNL,Clitoria,Phaseoleae,ORNL_010,Anderson,TN,yes,35.953333,-84.331944,7/11/24
ORNL-24-Rh,D07,Hylodesmum nudiflorum,2/19/25,2.825,135.6,Quarter,ORNL-24,dry,rhizosphere,Fabaceae,ORNL,Desmodium,Desmodieae,ORNL_008,Anderson,TN,yes,35.933056,-84.332222,8/20/24
ORNL-24-Ro,D07,Hylodesmum nudiflorum,2/19/25,0,0,Quarter,ORNL-24,dry,root,Fabaceae,ORNL,Desmodium,Desmodieae,ORNL_008,Anderson,TN,yes,35.933056,-84.332222,8/20/24
ORNL-24-No,D07,Hylodesmum nudiflorum,2/19/25,0,0,Quarter,ORNL-24,dry,nodule,Fabaceae,ORNL,Desmodium,Desmodieae,ORNL_008,Anderson,TN,yes,35.933056,-84.332222,8/20/24
DEJU-30-Rh,D19,Alnus viridis,2/20/25,0.8285,39.768,Quarter,DEJU-30,ethanol,rhizosphere,Betulaceae,DEJU,Alnus,actinorhizal,DEJU_015,,Alaska,yes,,,
DEJU-30-Ro,D19,Alnus viridis,2/20/25,1.37,65.76,Quarter,DEJU-30,ethanol,root,Betulaceae,DEJU,Alnus,actinorhizal,DEJU_015,,Alaska,yes,,,
DEJU-30-No,D19,Alnus viridis,2/20/25,15.3,734.4,Half,DEJU-30,ethanol,nodule,Betulaceae,DEJU,Alnus,actinorhizal,DEJU_015,,Alaska,yes,,,
DEJU-31-Rh,D19,Alnus viridis,2/20/25,1.68,80.64,Quarter,DEJU-31,ethanol,rhizosphere,Betulaceae,DEJU,Alnus,actinorhizal,DEJU_015,,Alaska,yes,,,
DEJU-31-Ro,D19,Alnus viridis,2/20/25,0.396,19.008,Quarter,DEJU-31,ethanol,root,Betulaceae,DEJU,Alnus,actinorhizal,DEJU_015,,Alaska,yes,,,
DEJU-31-No,D19,Alnus viridis,2/20/25,31.35,1504.8,Half,DEJU-31,ethanol,nodule,Betulaceae,DEJU,Alnus,actinorhizal,DEJU_015,,Alaska,yes,,,
DEJU-32-Rh,D19,Alnus viridis,2/20/25,0.709,34.032,Quarter,DEJU-32,ethanol,rhizosphere,Betulaceae,DEJU,Alnus,actinorhizal,DEJU_015,,Alaska,yes,,,
DEJU-32-Ro,D19,Alnus viridis,2/20/25,0.055,2.64,Quarter,DEJU-32,ethanol,root,Betulaceae,DEJU,Alnus,actinorhizal,DEJU_015,,Alaska,yes,,,
DEJU-32-No,D19,Alnus viridis,2/20/25,2.295,110.16,Quarter,DEJU-32,ethanol,nodule,Betulaceae,DEJU,Alnus,actinorhizal,DEJU_015,,Alaska,yes,,,
DEJU-33-Rh,D19,Alnus viridis,2/20/25,27.55,1322.4,Half,DEJU-33,ethanol,rhizosphere,Betulaceae,DEJU,Alnus,actinorhizal,DEJU_015,,Alaska,yes,,,
DEJU-33-Ro,D19,Alnus viridis,2/20/25,0.4335,20.808,Quarter,DEJU-33,ethanol,root,Betulaceae,DEJU,Alnus,actinorhizal,DEJU_015,,Alaska,yes,,,
DEJU-33-No,D19,Alnus viridis,2/20/25,12.2,585.6,Half,DEJU-33,ethanol,nodule,Betulaceae,DEJU,Alnus,actinorhizal,DEJU_015,,Alaska,yes,,,
DEJU-34-Rh,D19,Alnus viridis,2/20/25,1.45,69.6,Quarter,DEJU-34,ethanol,rhizosphere,Betulaceae,DEJU,Alnus,actinorhizal,DEJU_015,,Alaska,yes,,,
DEJU-34-Ro,D19,Alnus viridis,2/20/25,0.649,31.152,Quarter,DEJU-34,ethanol,root,Betulaceae,DEJU,Alnus,actinorhizal,DEJU_015,,Alaska,yes,,,
DEJU-34-No,D19,Alnus viridis,2/20/25,9.035,433.68,Half,DEJU-34,ethanol,nodule,Betulaceae,DEJU,Alnus,actinorhizal,DEJU_015,,Alaska,yes,,,
DEJU-36-Rh,D19,Lupinus arcticus,2/20/25,0,0,Quarter,DEJU-36,ethanol,rhizosphere,Fabaceae,DEJU,Lupinus,Genisteae,DEJU_015,,Alaska,yes,,,
DEJU-36-Ro,D19,Lupinus arcticus,2/20/25,0,0,Quarter,DEJU-36,ethanol,root,Fabaceae,DEJU,Lupinus,Genisteae,DEJU_015,,Alaska,yes,,,
DEJU-36-No,D19,Lupinus arcticus,2/20/25,13,624,Half,DEJU-36,ethanol,nodule,Fabaceae,DEJU,Lupinus,Genisteae,DEJU_015,,Alaska,yes,,,
DEJU-37-Rh,D19,Lupinus arcticus,2/20/25,0.0705,3.384,Quarter,DEJU-37,ethanol,rhizosphere,Fabaceae,DEJU,Lupinus,Genisteae,DEJU_015,,Alaska,yes,,,
DEJU-37-Ro,D19,Lupinus arcticus,2/20/25,0.166,7.968,Quarter,DEJU-37,ethanol,root,Fabaceae,DEJU,Lupinus,Genisteae,DEJU_015,,Alaska,yes,,,
DEJU-37-No,D19,Lupinus arcticus,2/20/25,34.55,1658.4,Half,DEJU-37,ethanol,nodule,Fabaceae,DEJU,Lupinus,Genisteae,DEJU_015,,Alaska,yes,,,
DEJU-39-Rh,D19,Lupinus arcticus,2/20/25,0.455,21.84,Quarter,DEJU-39,ethanol,rhizosphere,Fabaceae,DEJU,Lupinus,Genisteae,DEJU_015,,Alaska,yes,,,
DEJU-39-Ro,D19,Lupinus arcticus,2/20/25,0.6695,32.136,Quarter,DEJU-39,ethanol,root,Fabaceae,DEJU,Lupinus,Genisteae,DEJU_015,,Alaska,yes,,,
DEJU-39-No,D19,Lupinus arcticus,2/20/25,31.75,1524,Half,DEJU-39,ethanol,nodule,Fabaceae,DEJU,Lupinus,Genisteae,DEJU_015,,Alaska,yes,,,
DEJU-40-Rh,D19,Lupinus arcticus,2/20/25,0.383,18.384,Quarter,DEJU-40,ethanol,rhizosphere,Fabaceae,DEJU,Lupinus,Genisteae,DEJU_015,,Alaska,yes,,,
DEJU-40-Ro,D19,Lupinus arcticus,2/20/25,3.36,161.28,Quarter,DEJU-40,ethanol,root,Fabaceae,DEJU,Lupinus,Genisteae,DEJU_015,,Alaska,yes,,,
DEJU-40-No,D19,Lupinus arcticus,2/20/25,11,528,Half,DEJU-40,ethanol,nodule,Fabaceae,DEJU,Lupinus,Genisteae,DEJU_015,,Alaska,yes,,,
DEJU-42-Rh,D19,Lupinus arcticus,2/20/25,1.605,77.04,Quarter,DEJU-42,ethanol,rhizosphere,Fabaceae,DEJU,Lupinus,Genisteae,DEJU_002,,Alaska,yes,,,
DEJU-42-Ro,D19,Lupinus arcticus,2/20/25,7.725,370.8,Half,DEJU-42,ethanol,root,Fabaceae,DEJU,Lupinus,Genisteae,DEJU_002,,Alaska,yes,,,
DEJU-42-No,D19,Lupinus arcticus,2/20/25,43.05,2066.4,Half,DEJU-42,ethanol,nodule,Fabaceae,DEJU,Lupinus,Genisteae,DEJU_002,,Alaska,yes,,,
DEJU-43-Rh,D19,Lupinus arcticus,2/20/25,0.173,8.304,Quarter,DEJU-43,ethanol,rhizosphere,Fabaceae,DEJU,Lupinus,Genisteae,DEJU_002,,Alaska,yes,,,
DEJU-43-Ro,D19,Lupinus arcticus,2/20/25,1.4,67.2,Quarter,DEJU-43,ethanol,root,Fabaceae,DEJU,Lupinus,Genisteae,DEJU_002,,Alaska,yes,,,
DEJU-43-No,D19,Lupinus arcticus,2/20/25,49.15,2359.2,Half,DEJU-43,ethanol,nodule,Fabaceae,DEJU,Lupinus,Genisteae,DEJU_002,,Alaska,yes,,,
DEJU-44-Rh,D19,Lupinus arcticus,2/20/25,1.255,60.24,Quarter,DEJU-44,ethanol,rhizosphere,Fabaceae,DEJU,Lupinus,Genisteae,DEJU_002,,Alaska,yes,,,
DEJU-44-Ro,D19,Lupinus arcticus,2/20/25,9.355,449.04,Half,DEJU-44,ethanol,root,Fabaceae,DEJU,Lupinus,Genisteae,DEJU_002,,Alaska,yes,,,
DEJU-44-No,D19,Lupinus arcticus,2/20/25,54.5,2616,Half,DEJU-44,ethanol,nodule,Fabaceae,DEJU,Lupinus,Genisteae,DEJU_002,,Alaska,yes,,,
DEJU-46-Rh,D19,Lupinus arcticus,2/20/25,1.665,79.92,Quarter,DEJU-46,ethanol,rhizosphere,Fabaceae,DEJU,Lupinus,Genisteae,DEJU_002,,Alaska,yes,,,
DEJU-46-Ro,D19,Lupinus arcticus,2/20/25,19.25,924,Half,DEJU-46,ethanol,root,Fabaceae,DEJU,Lupinus,Genisteae,DEJU_002,,Alaska,yes,,,
DEJU-46-No,D19,Lupinus arcticus,2/20/25,0,0,Quarter,DEJU-46,ethanol,nodule,Fabaceae,DEJU,Lupinus,Genisteae,DEJU_002,,Alaska,yes,,,
DEJU-47-Rh,D19,Lupinus arcticus,2/20/25,1.07,51.36,Quarter,DEJU-47,ethanol,rhizosphere,Fabaceae,DEJU,Lupinus,Genisteae,DEJU_002,,Alaska,yes,,,
DEJU-47-Ro,D19,Lupinus arcticus,2/20/25,0.9715,46.632,Quarter,DEJU-47,ethanol,root,Fabaceae,DEJU,Lupinus,Genisteae,DEJU_002,,Alaska,yes,,,
DEJU-47-No,D19,Lupinus arcticus,2/20/25,17.6,844.8,Half,DEJU-47,ethanol,nodule,Fabaceae,DEJU,Lupinus,Genisteae,DEJU_002,,Alaska,yes,,,
DEJU-48-Rh,D19,Alnus viridis,2/20/25,0,0,Quarter,DEJU-48,ethanol,rhizosphere,Betulaceae,DEJU,Alnus,actinorhizal,DEJU_002,,Alaska,yes,,,
DEJU-48-Ro,D19,Alnus viridis,2/20/25,1.33,63.84,Quarter,DEJU-48,ethanol,root,Betulaceae,DEJU,Alnus,actinorhizal,DEJU_002,,Alaska,yes,,,
DEJU-48-No,D19,Alnus viridis,2/20/25,16.2,777.6,Half,DEJU-48,ethanol,nodule,Betulaceae,DEJU,Alnus,actinorhizal,DEJU_002,,Alaska,yes,,,
DEJU-50-Rh,D19,Alnus viridis,2/20/25,5.795,278.16,Half,DEJU-50,ethanol,rhizosphere,Betulaceae,DEJU,Alnus,actinorhizal,DEJU_002,,Alaska,yes,,,
DEJU-50-Ro,D19,Alnus viridis,2/20/25,2.305,110.64,Quarter,DEJU-50,ethanol,root,Betulaceae,DEJU,Alnus,actinorhizal,DEJU_002,,Alaska,yes,,,
DEJU-50-No,D19,Alnus viridis,2/20/25,0.9355,44.904,Quarter,DEJU-50,ethanol,nodule,Betulaceae,DEJU,Alnus,actinorhizal,DEJU_002,,Alaska,yes,,,
JERC-92-4-Rh,D03,Desmodium cf. tortuosum,2/21/25,0.05,2.4,Quarter,JERC-92,dry,rhizosphere,Fabaceae,JERC,Desmodium,Desmodieae,JERC_050,Baker County,Georgia,yes,31.1963,-84.4678,20240625
JERC-92-4-Ro,D03,Desmodium cf. tortuosum,2/21/25,0.086,4.128,Quarter,JERC-92,dry,root,Fabaceae,JERC,Desmodium,Desmodieae,JERC_050,Baker County,Georgia,yes,31.1963,-84.4678,20240625
JERC-92-4-No,D03,Desmodium cf. tortuosum,2/21/25,1.72,82.56,Quarter,JERC-92,dry,nodule,Fabaceae,JERC,Desmodium,Desmodieae,JERC_050,Baker County,Georgia,yes,31.1963,-84.4678,20240625
JERC-96-2-Rh,D03,Crotalaria juncea,2/21/25,0.076,3.648,Quarter,JERC-96,dry,rhizosphere,Fabaceae,JERC,Crotalaria,Crotalarieae,JERC_022,Baker County,Georgia,no,31.31638889,-84.53944444,20240625
JERC-96-2-Ro,D03,Crotalaria juncea,2/21/25,0,0,Quarter,JERC-96,dry,root,Fabaceae,JERC,Crotalaria,Crotalarieae,JERC_022,Baker County,Georgia,no,31.31638889,-84.53944444,20240625
JERC-96-2-No,D03,Crotalaria juncea,2/21/25,5.32,255.36,Half,JERC-96,dry,nodule,Fabaceae,JERC,Crotalaria,Crotalarieae,JERC_022,Baker County,Georgia,no,31.31638889,-84.53944444,20240625
JERC-95-5-Rh,D03,Crotalaria juncea,2/21/25,0,0,Quarter,JERC-95,dry,rhizosphere,Fabaceae,JERC,Crotalaria,Crotalarieae,JERC_034,Baker County,Georgia,no,31.25138889,-84.54055556,20240625
JERC-95-5-Ro,D03,Crotalaria juncea,2/21/25,0.09,4.32,Quarter,JERC-95,dry,root,Fabaceae,JERC,Crotalaria,Crotalarieae,JERC_034,Baker County,Georgia,no,31.25138889,-84.54055556,20240625
JERC-95-5-No,D03,Crotalaria juncea,2/21/25,0.519,24.912,Quarter,JERC-95,dry,nodule,Fabaceae,JERC,Crotalaria,Crotalarieae,JERC_034,Baker County,Georgia,no,31.25138889,-84.54055556,20240625
JERC-110-4-Rh,D03,Lespedeza repens,2/21/25,0,0,Quarter,JERC-110,dry,rhizosphere,Fabaceae,JERC,Lespedeza,Desmodieae,JERC_048,Baker County,Georgia,yes,31.19645727,-84.46191333,20240709
JERC-110-4-Ro,D03,Lespedeza repens,2/21/25,0,0,Quarter,JERC-110,dry,root,Fabaceae,JERC,Lespedeza,Desmodieae,JERC_048,Baker County,Georgia,yes,31.19645727,-84.46191333,20240709
JERC-110-4-No,D03,Lespedeza repens,2/21/25,0.401,19.248,Quarter,JERC-110,dry,nodule,Fabaceae,JERC,Lespedeza,Desmodieae,JERC_048,Baker County,Georgia,yes,31.19645727,-84.46191333,20240709
OSBS-73-2-Rh,D03,Centrosema virginiana,2/21/25,0,0,Quarter,OSBS-73,dry,rhizosphere,Fabaceae,OSBS,Centrosema,Phaseoleae,OSBS_063,Putnam,FL,yes,,,20240822
OSBS-73-2-Ro,D03,Centrosema virginiana,2/21/25,0,0,Quarter,OSBS-73,dry,root,Fabaceae,OSBS,Centrosema,Phaseoleae,OSBS_063,Putnam,FL,yes,,,20240822
OSBS-73-2-No,D03,Centrosema virginiana,2/21/25,0,0,Quarter,OSBS-73,dry,nodule,Fabaceae,OSBS,Centrosema,Phaseoleae,OSBS_063,Putnam,FL,yes,,,20240822
OSBS-74-3-Rh,D03,Desmodium strictum,2/21/25,0,0,Quarter,OSBS-74,dry,rhizosphere,Fabaceae,OSBS,Desmodium,Desmodieae,OSBS_063,Putnam,FL,yes,,,20240822
OSBS-74-3-Ro,D03,Desmodium strictum,2/21/25,0.0685,3.288,Quarter,OSBS-74,dry,root,Fabaceae,OSBS,Desmodium,Desmodieae,OSBS_063,Putnam,FL,yes,,,20240822
OSBS-74-3-No,D03,Desmodium strictum,2/21/25,0.078,3.744,Quarter,OSBS-74,dry,nodule,Fabaceae,OSBS,Desmodium,Desmodieae,OSBS_063,Putnam,FL,yes,,,20240822
OSBS-75-2-Rh,D03,Aeschynomene viscidula,2/21/25,0,0,Quarter,OSBS-75,dry,rhizosphere,Fabaceae,OSBS,Aeschynomene,Dalbergieae,OSBS_063,Putnam,FL,yes,29.6875,-81.966876,20240822
OSBS-75-2-Ro,D03,Aeschynomene viscidula,2/21/25,0,0,Quarter,OSBS-75,dry,root,Fabaceae,OSBS,Aeschynomene,Dalbergieae,OSBS_063,Putnam,FL,yes,29.6875,-81.966876,20240822
OSBS-75-2-No,D03,Aeschynomene viscidula,2/21/25,0.313,15.024,Quarter,OSBS-75,dry,nodule,Fabaceae,OSBS,Aeschynomene,Dalbergieae,OSBS_063,Putnam,FL,yes,29.6875,-81.966876,20240822
OSBS-80-2-Rh,D03,Desmodium strictum,2/21/25,0,0,Quarter,OSBS-80,dry,rhizosphere,Fabaceae,OSBS,Desmodium,Desmodieae,OSBS_004,Putnam,FL,yes,,,20240822
OSBS-80-2-Ro,D03,Desmodium strictum,2/21/25,0,0,Quarter,OSBS-80,dry,root,Fabaceae,OSBS,Desmodium,Desmodieae,OSBS_004,Putnam,FL,yes,,,20240822
OSBS-80-2-No,D03,Desmodium strictum,2/21/25,0,0,Quarter,OSBS-80,dry,nodule,Fabaceae,OSBS,Desmodium,Desmodieae,OSBS_004,Putnam,FL,yes,,,20240822
JERC-98-1-Rh,D03,Lespedeza cuneata,2/24/25,0,0,Quarter,JERC-98,dry,rhizosphere,Fabaceae,JERC,Lespedeza,Desmodieae,JERC_034,Baker County,Georgia,no,31.26611111,-84.59333333,20240625
JERC-98-1-Ro,D03,Lespedeza cuneata,2/24/25,0,0,Quarter,JERC-98,dry,root,Fabaceae,JERC,Lespedeza,Desmodieae,JERC_034,Baker County,Georgia,no,31.26611111,-84.59333333,20240625
JERC-98-1-No,D03,Lespedeza cuneata,2/24/25,0,0,Quarter,JERC-98,dry,nodule,Fabaceae,JERC,Lespedeza,Desmodieae,JERC_034,Baker County,Georgia,no,31.26611111,-84.59333333,20240625
JERC-98-2-Rh,D03,Lespedeza cuneata,2/24/25,0,0,Quarter,JERC-98,dry,rhizosphere,Fabaceae,JERC,Lespedeza,Desmodieae,JERC_034,Baker County,Georgia,no,31.26611111,-84.59333333,20240625
JERC-98-2-Ro,D03,Lespedeza cuneata,2/24/25,0.1985,9.528,Quarter,JERC-98,dry,root,Fabaceae,JERC,Lespedeza,Desmodieae,JERC_034,Baker County,Georgia,no,31.26611111,-84.59333333,20240625
JERC-98-2-No,D03,Lespedeza cuneata,2/24/25,4.21,202.08,Quarter,JERC-98,dry,nodule,Fabaceae,JERC,Lespedeza,Desmodieae,JERC_034,Baker County,Georgia,no,31.26611111,-84.59333333,20240625
JERC-98-3-Rh,D03,Lespedeza cuneata,2/24/25,0,0,Quarter,JERC-98,dry,rhizosphere,Fabaceae,JERC,Lespedeza,Desmodieae,JERC_034,Baker County,Georgia,no,31.26611111,-84.59333333,20240625
JERC-98-3-Ro,D03,Lespedeza cuneata,2/24/25,0.113,5.424,Quarter,JERC-98,dry,root,Fabaceae,JERC,Lespedeza,Desmodieae,JERC_034,Baker County,Georgia,no,31.26611111,-84.59333333,20240625
JERC-98-3-No,D03,Lespedeza cuneata,2/24/25,0.6205,29.784,Quarter,JERC-98,dry,nodule,Fabaceae,JERC,Lespedeza,Desmodieae,JERC_034,Baker County,Georgia,no,31.26611111,-84.59333333,20240625
JERC-98-4-Rh,D03,Lespedeza cuneata,2/24/25,0,0,Quarter,JERC-98,dry,rhizosphere,Fabaceae,JERC,Lespedeza,Desmodieae,JERC_034,Baker County,Georgia,no,31.26611111,-84.59333333,20240625
JERC-98-4-Ro,D03,Lespedeza cuneata,2/24/25,0.8245,39.576,Quarter,JERC-98,dry,root,Fabaceae,JERC,Lespedeza,Desmodieae,JERC_034,Baker County,Georgia,no,31.26611111,-84.59333333,20240625
JERC-98-4-No,D03,Lespedeza cuneata,2/24/25,0.0685,3.288,Quarter,JERC-98,dry,nodule,Fabaceae,JERC,Lespedeza,Desmodieae,JERC_034,Baker County,Georgia,no,31.26611111,-84.59333333,20240625
JERC-99-1-Rh,D03,Lespedeza bicolor,2/24/25,0,0,Quarter,JERC-99,dry,rhizosphere,Fabaceae,JERC,Lespedeza,Desmodieae,JERC_034,Baker County,Georgia,no,31.2725,-84.58055556,20240625
JERC-99-1-Ro,D03,Lespedeza bicolor,2/24/25,1.83,87.84,Quarter,JERC-99,dry,root,Fabaceae,JERC,Lespedeza,Desmodieae,JERC_034,Baker County,Georgia,no,31.2725,-84.58055556,20240625
JERC-99-1-No,D03,Lespedeza bicolor,2/24/25,0.054,2.592,Quarter,JERC-99,dry,nodule,Fabaceae,JERC,Lespedeza,Desmodieae,JERC_034,Baker County,Georgia,no,31.2725,-84.58055556,20240625
JERC-99-2-Rh,D03,Lespedeza bicolor,2/24/25,0,0,Quarter,JERC-99,dry,rhizosphere,Fabaceae,JERC,Lespedeza,Desmodieae,JERC_034,Baker County,Georgia,no,31.2725,-84.58055556,20240625
JERC-99-2-Ro,D03,Lespedeza bicolor,2/24/25,0,0,Quarter,JERC-99,dry,root,Fabaceae,JERC,Lespedeza,Desmodieae,JERC_034,Baker County,Georgia,no,31.2725,-84.58055556,20240625
JERC-99-2-No,D03,Lespedeza bicolor,2/24/25,19.75,948,Half,JERC-99,dry,nodule,Fabaceae,JERC,Lespedeza,Desmodieae,JERC_034,Baker County,Georgia,no,31.2725,-84.58055556,20240625
JERC-99-3-Rh,D03,Lespedeza bicolor,2/24/25,0,0,Quarter,JERC-99,dry,rhizosphere,Fabaceae,JERC,Lespedeza,Desmodieae,JERC_034,Baker County,Georgia,no,31.2725,-84.58055556,20240625
JERC-99-3-Ro,D03,Lespedeza bicolor,2/24/25,0.9045,43.416,Quarter,JERC-99,dry,root,Fabaceae,JERC,Lespedeza,Desmodieae,JERC_034,Baker County,Georgia,no,31.2725,-84.58055556,20240625
JERC-99-3-No,D03,Lespedeza bicolor,2/24/25,29.15,1399.2,Half,JERC-99,dry,nodule,Fabaceae,JERC,Lespedeza,Desmodieae,JERC_034,Baker County,Georgia,no,31.2725,-84.58055556,20240625
JERC-99-4-Rh,D03,Lespedeza bicolor,2/24/25,0,0,Quarter,JERC-99,dry,rhizosphere,Fabaceae,JERC,Lespedeza,Desmodieae,JERC_034,Baker County,Georgia,no,31.2725,-84.58055556,20240625
JERC-99-4-Ro,D03,Lespedeza bicolor,2/24/25,0.282,13.536,Quarter,JERC-99,dry,root,Fabaceae,JERC,Lespedeza,Desmodieae,JERC_034,Baker County,Georgia,no,31.2725,-84.58055556,20240625
JERC-99-4-No,D03,Lespedeza bicolor,2/24/25,5.75,276,Half,JERC-99,dry,nodule,Fabaceae,JERC,Lespedeza,Desmodieae,JERC_034,Baker County,Georgia,no,31.2725,-84.58055556,20240625
DSNY-65-1-Rh,D03,Desmodium triflorum,2/24/25,0,0,Quarter,DSNY-65,dry,rhizosphere,Fabaceae,DSNY,Desmodium,Desmodieae,DSNY_034,Polk,Florida,yes,,,20240820
DSNY-65-1-Ro,D03,Desmodium triflorum,2/24/25,0.424,20.352,Quarter,DSNY-65,dry,root,Fabaceae,DSNY,Desmodium,Desmodieae,DSNY_034,Polk,Florida,yes,,,20240820
DSNY-65-1-No,D03,Desmodium triflorum,2/24/25,0,0,Quarter,DSNY-65,dry,nodule,Fabaceae,DSNY,Desmodium,Desmodieae,DSNY_034,Polk,Florida,yes,,,20240820
DSNY-66-1-Rh,D03,Chamaecrista fasciculata,2/24/25,0,0,Quarter,DSNY-66,dry,rhizosphere,Fabaceae,DSNY,Chamaecrista,Cassieae,DSNY_003,Polk,Florida,yes,,,20240820
DSNY-66-1-Ro,D03,Chamaecrista fasciculata,2/24/25,1.275,61.2,Quarter,DSNY-66,dry,root,Fabaceae,DSNY,Chamaecrista,Cassieae,DSNY_003,Polk,Florida,yes,,,20240820
DSNY-66-1-No,D03,Chamaecrista fasciculata,2/24/25,1.135,54.48,Quarter,DSNY-66,dry,nodule,Fabaceae,DSNY,Chamaecrista,Cassieae,DSNY_003,Polk,Florida,yes,,,20240820
DSNY-67-3-Rh,D03,Desmodium triflorum,2/24/25,0,0,Quarter,DSNY-67,dry,rhizosphere,Fabaceae,DSNY,Desmodium,Desmodieae,DSNY_021,Polk,Florida,yes,28.0490055,-81.4001861,20240821
DSNY-67-3-Ro,D03,Desmodium triflorum,2/24/25,0.448,21.504,Quarter,DSNY-67,dry,root,Fabaceae,DSNY,Desmodium,Desmodieae,DSNY_021,Polk,Florida,yes,28.0490055,-81.4001861,20240821
DSNY-67-3-No,D03,Desmodium triflorum,2/24/25,0,0,Quarter,DSNY-67,dry,nodule,Fabaceae,DSNY,Desmodium,Desmodieae,DSNY_021,Polk,Florida,yes,28.0490055,-81.4001861,20240821
DSNY-68-1-Rh,D03,Desmodium triflorum,2/24/25,0,0,Quarter,DSNY-68,dry,rhizosphere,Fabaceae,DSNY,Desmodium,Desmodieae,DSNY_043,Polk,Florida,yes,28.1252617,-81.4363446,20240904
DSNY-68-1-Ro,D03,Desmodium triflorum,2/24/25,0.08,3.84,Quarter,DSNY-68,dry,root,Fabaceae,DSNY,Desmodium,Desmodieae,DSNY_043,Polk,Florida,yes,28.1252617,-81.4363446,20240904
DSNY-68-1-No,D03,Desmodium triflorum,2/24/25,0,0,Quarter,DSNY-68,dry,nodule,Fabaceae,DSNY,Desmodium,Desmodieae,DSNY_043,Polk,Florida,yes,28.1252617,-81.4363446,20240904
DSNY-69-1-Rh,D03,Chamaecrista nictitans,2/24/25,0,0,Quarter,DSNY-69,dry,rhizosphere,Fabaceae,DSNY,Chamaecrista,Cassieae,DSNY_043,Polk,Florida,yes,28.1252617,-81.4363446,20240904
DSNY-69-1-Ro,D03,Chamaecrista nictitans,2/24/25,0.8315,39.912,Quarter,DSNY-69,dry,root,Fabaceae,DSNY,Chamaecrista,Cassieae,DSNY_043,Polk,Florida,yes,28.1252617,-81.4363446,20240904
DSNY-69-1-No,D03,Chamaecrista nictitans,2/24/25,2.985,143.28,Quarter,DSNY-69,dry,nodule,Fabaceae,DSNY,Chamaecrista,Cassieae,DSNY_043,Polk,Florida,yes,28.1252617,-81.4363446,20240904
DSNY-70-1-Rh,D03,Indigofera hirsuta,2/24/25,0,0,Quarter,DSNY-70,dry,rhizosphere,Fabaceae,DSNY,Indigofera,Indigofereae,DSNY_043,Polk,Florida,no,28.1252617,-81.4363446,20240904
DSNY-70-1-Ro,D03,Indigofera hirsuta,2/24/25,1.745,83.76,Quarter,DSNY-70,dry,root,Fabaceae,DSNY,Indigofera,Indigofereae,DSNY_043,Polk,Florida,no,28.1252617,-81.4363446,20240904
DSNY-70-1-No,D03,Indigofera hirsuta,2/24/25,5.05,242.4,Quarter,DSNY-70,dry,nodule,Fabaceae,DSNY,Indigofera,Indigofereae,DSNY_043,Polk,Florida,no,28.1252617,-81.4363446,20240904
DSNY-71-1-Rh,D03,Macroptilium lathyroides,2/24/25,0,0,Quarter,DSNY-71,dry,rhizosphere,Fabaceae,DSNY,Macroptilium,Phaseoleae,DSNY_043,Polk,Florida,yes,28.1252617,-81.4363446,20240904
DSNY-71-1-Ro,D03,Macroptilium lathyroides,2/24/25,1.76,84.48,Quarter,DSNY-71,dry,root,Fabaceae,DSNY,Macroptilium,Phaseoleae,DSNY_043,Polk,Florida,yes,28.1252617,-81.4363446,20240904
DSNY-71-1-No,D03,Macroptilium lathyroides,2/24/25,0,0,Quarter,DSNY-71,dry,nodule,Fabaceae,DSNY,Macroptilium,Phaseoleae,DSNY_043,Polk,Florida,yes,28.1252617,-81.4363446,20240904
DSNY-72-1-Rh,D03,Galactia elliottii,2/24/25,0,0,Quarter,DSNY-72,dry,rhizosphere,Fabaceae,DSNY,Galactia,Diocleae,DSNY_043,Polk,Florida,yes,28.1252617,-81.4363446,20240904
DSNY-72-1-Ro,D03,Galactia elliottii,2/24/25,0,0,Quarter,DSNY-72,dry,root,Fabaceae,DSNY,Galactia,Diocleae,DSNY_043,Polk,Florida,yes,28.1252617,-81.4363446,20240904
DSNY-72-1-No,D03,Galactia elliottii,2/24/25,0,0,Quarter,DSNY-72,dry,nodule,Fabaceae,DSNY,Galactia,Diocleae,DSNY_043,Polk,Florida,yes,28.1252617,-81.4363446,20240904
ORNL-11-1-Rh,D07,Chamaecrista fasciculata,2/25/24,23.4,1123.2,Half,ORNL-11,dry,rhizosphere,Fabaceae,ORNL,Chamaecrista,Cassieae,ORNL_047,Anderson,TN,yes,35.9525,-84.22,7/11/24
ORNL-11-1-Ro,D07,Chamaecrista fasciculata,2/25/24,0,0,Quarter,ORNL-11,dry,root,Fabaceae,ORNL,Chamaecrista,Cassieae,ORNL_047,Anderson,TN,yes,35.9525,-84.22,7/11/24
ORNL-11-1-No,D07,Chamaecrista fasciculata,2/25/24,0.097,4.656,Quarter,ORNL-11,dry,nodule,Fabaceae,ORNL,Chamaecrista,Cassieae,ORNL_047,Anderson,TN,yes,35.9525,-84.22,7/11/24
ORNL-12-1-Rh,D07,Lespedeza cuneata,2/25/24,11.65,559.2,Half,ORNL-12,dry,rhizosphere,Fabaceae,ORNL,Lespedeza,Desmodieae,ORNL_047,Anderson,TN,no,35.9525,-84.219722,7/11/24
ORNL-12-1-Ro,D07,Lespedeza cuneata,2/25/24,0,0,Quarter,ORNL-12,dry,root,Fabaceae,ORNL,Lespedeza,Desmodieae,ORNL_047,Anderson,TN,no,35.9525,-84.219722,7/11/24
ORNL-12-1-No,D07,Lespedeza cuneata,2/25/24,0.067,3.216,Quarter,ORNL-12,dry,nodule,Fabaceae,ORNL,Lespedeza,Desmodieae,ORNL_047,Anderson,TN,no,35.9525,-84.219722,7/11/24
ORNL-13-2-Rh,D07,Kummerowia striata,2/25/24,3.2,153.6,Quarter,ORNL-13,dry,rhizosphere,Fabaceae,ORNL,Kummerowia,Desmodieae,ORNL_047,Anderson,TN,no,35.9525,-84.219722,7/11/24
ORNL-13-2-Ro,D07,Kummerowia striata,2/25/24,1.72,82.56,Quarter,ORNL-13,dry,root,Fabaceae,ORNL,Kummerowia,Desmodieae,ORNL_047,Anderson,TN,no,35.9525,-84.219722,7/11/24
ORNL-13-2-No,D07,Kummerowia striata,2/25/24,1.495,71.76,Quarter,ORNL-13,dry,nodule,Fabaceae,ORNL,Kummerowia,Desmodieae,ORNL_047,Anderson,TN,no,35.9525,-84.219722,7/11/24
ORNL-14-1-Rh,D07,Medicago lupulina,2/25/24,4.195,201.36,Quarter,ORNL-14,dry,rhizosphere,Fabaceae,ORNL,Medicago,Trifolieae,ORNL_047,Anderson,TN,no,35.952222,-84.219444,7/11/24
ORNL-14-1-Ro,D07,Medicago lupulina,2/25/24,0,0,Quarter,ORNL-14,dry,root,Fabaceae,ORNL,Medicago,Trifolieae,ORNL_047,Anderson,TN,no,35.952222,-84.219444,7/11/24
ORNL-14-1-No,D07,Medicago lupulina,2/25/24,0,0,Quarter,ORNL-14,dry,nodule,Fabaceae,ORNL,Medicago,Trifolieae,ORNL_047,Anderson,TN,no,35.952222,-84.219444,7/11/24
ORNL-17-1-Rh,D07,Albizia julibrissin,2/25/24,0.1945,9.336,Quarter,ORNL-17,dry,rhizosphere,Fabaceae,ORNL,Albizia,Mimosoideae,ORNL_032,Anderson,TN,no,35.944444,-84.326389,7/11/24
ORNL-17-1-Ro,D07,Albizia julibrissin,2/25/24,0.379,18.192,Quarter,ORNL-17,dry,root,Fabaceae,ORNL,Albizia,Mimosoideae,ORNL_032,Anderson,TN,no,35.944444,-84.326389,7/11/24
ORNL-17-1-No,D07,Albizia julibrissin,2/25/24,0.0755,3.624,Quarter,ORNL-17,dry,nodule,Fabaceae,ORNL,Albizia,Mimosoideae,ORNL_032,Anderson,TN,no,35.944444,-84.326389,7/11/24
ORNL-18-1-Rh,D07,Lespedeza repens,2/25/24,4.26,204.48,Quarter,ORNL-18,dry,rhizosphere,Fabaceae,ORNL,Lespedeza,Desmodieae,ORNL_010,Anderson,TN,yes,35.953333,-84.3325,7/11/24
ORNL-18-1-Ro,D07,Lespedeza repens,2/25/24,0,0,Quarter,ORNL-18,dry,root,Fabaceae,ORNL,Lespedeza,Desmodieae,ORNL_010,Anderson,TN,yes,35.953333,-84.3325,7/11/24
ORNL-18-1-No,D07,Lespedeza repens,2/25/24,0,0,Quarter,ORNL-18,dry,nodule,Fabaceae,ORNL,Lespedeza,Desmodieae,ORNL_010,Anderson,TN,yes,35.953333,-84.3325,7/11/24
ORNL-20-1-Rh,D07,Desmodium canescens,2/25/24,3.735,179.28,Quarter,ORNL-20,dry,rhizosphere,Fabaceae,ORNL,Desmodium,Desmodieae,ORNL_032,Anderson,TN,yes,35.944444,-84.326389,7/11/24
ORNL-20-1-Ro,D07,Desmodium canescens,2/25/24,1.235,59.28,Quarter,ORNL-20,dry,root,Fabaceae,ORNL,Desmodium,Desmodieae,ORNL_032,Anderson,TN,yes,35.944444,-84.326389,7/11/24
ORNL-20-1-No,D07,Desmodium canescens,2/25/24,0.4115,19.752,Quarter,ORNL-20,dry,nodule,Fabaceae,ORNL,Desmodium,Desmodieae,ORNL_032,Anderson,TN,yes,35.944444,-84.326389,7/11/24
ORNL-23-1-Rh,D07,Desmodium rotundifolium,2/25/24,10.65,511.2,Half,ORNL-23,dry,rhizosphere,Fabaceae,ORNL,Desmodium,Desmodieae,ORNL_008,Anderson,TN,yes,35.933056,-84.332222,8/20/24
ORNL-23-1-Ro,D07,Desmodium rotundifolium,2/25/24,0,0,Quarter,ORNL-23,dry,root,Fabaceae,ORNL,Desmodium,Desmodieae,ORNL_008,Anderson,TN,yes,35.933056,-84.332222,8/20/24
ORNL-23-1-No,D07,Desmodium rotundifolium,2/25/24,0,0,Quarter,ORNL-23,dry,nodule,Fabaceae,ORNL,Desmodium,Desmodieae,ORNL_008,Anderson,TN,yes,35.933056,-84.332222,8/20/24
HARV-3-1-Rh,D01,Amphicarpaea bracteata,2/25/25,0.551,26.448,Quarter,HARV-3,dry,rhizosphere,Fabaceae,HARV,Amphicarpaea,Phaseoleae,HARV_027,Worcester,MA,yes,42.43131,-72.2523,8/22/24
HARV-3-1-Ro,D01,Amphicarpaea bracteata,2/25/25,0.0865,4.152,Quarter,HARV-3,dry,root,Fabaceae,HARV,Amphicarpaea,Phaseoleae,HARV_027,Worcester,MA,yes,42.43131,-72.2523,8/22/24
HARV-3-1-No,D01,Amphicarpaea bracteata,2/25/25,0.2035,9.768,Quarter,HARV-3,dry,nodule,Fabaceae,HARV,Amphicarpaea,Phaseoleae,HARV_027,Worcester,MA,yes,42.43131,-72.2523,8/22/24
HARV-4-1-Rh,D01,Apios americana,2/25/25,1.245,59.76,Quarter,HARV-4,dry,rhizosphere,Fabaceae,HARV,Apios,Phaseoleae,HARV_027,Worcester,MA,yes,42.42934,-72.24935,8/22/24
HARV-4-1-Ro,D01,Apios americana,2/25/25,1.64,78.72,Quarter,HARV-4,dry,root,Fabaceae,HARV,Apios,Phaseoleae,HARV_027,Worcester,MA,yes,42.42934,-72.24935,8/22/24
HARV-4-1-No,D01,Apios americana,2/25/25,58,2784,Half,HARV-4,dry,nodule,Fabaceae,HARV,Apios,Phaseoleae,HARV_027,Worcester,MA,yes,42.42934,-72.24935,8/22/24
KONA-1-1-Rh,D06,Glycine max,2/25/25,0.0665,3.192,Quarter,KONA-1,dry,rhizosphere,Fabaceae,KONA,Glycine,Glycininae,KONA_002,Riley,KS,no,39.11537,-96.63876,20240807
KONA-1-1-Ro,D06,Glycine max,2/25/25,2.31,110.88,Quarter,KONA-1,dry,root,Fabaceae,KONA,Glycine,Glycininae,KONA_002,Riley,KS,no,39.11537,-96.63876,20240807
KONA-2-1-Rh,D06,Glycine max,2/25/25,0,0,Quarter,KONA-2,dry,rhizosphere,Fabaceae,KONA,Glycine,Glycininae,KONA_001,Riley,KS,no,39.21604,-96.59402,20240807
KONA-2-1-Ro,D06,Glycine max,2/25/25,33.85,1624.8,Half,KONA-2,dry,root,Fabaceae,KONA,Glycine,Glycininae,KONA_001,Riley,KS,no,39.21604,-96.59402,20240807
KONA-2-1-No,D06,Glycine max,2/25/25,0,0,Half,KONA-2,dry,nodule,Fabaceae,KONA,Glycine,Glycininae,KONA_001,Riley,KS,no,39.21604,-96.59402,20240807
KONA-3-1-Rh,D06,Glycine max,2/25/25,0,0,Quarter,KONA-3,dry,rhizosphere,Fabaceae,KONA,Glycine,Glycininae,KONA_009,Riley,KS,no,39.12597,-96.64537,20240820
KONA-3-1-Ro,D06,Glycine max,2/25/25,3.135,150.48,Quarter,KONA-3,dry,root,Fabaceae,KONA,Glycine,Glycininae,KONA_009,Riley,KS,no,39.12597,-96.64537,20240820
KONA-3-1-No,D06,Glycine max,2/25/25,0,0,Half,KONA-3,dry,nodule,Fabaceae,KONA,Glycine,Glycininae,KONA_009,Riley,KS,no,39.12597,-96.64537,20240820
KONZ-13-1-Rh,D06,Dalea purpurea,2/25/25,0,0,Quarter,KONZ-13,dry,rhizosphere,Fabaceae,KONZ,Dalea,Amorpheae,KONZ_002,Riley,KS,yes,39.11968,-96.59588,20240711
KONZ-13-1-Ro,D06,Dalea purpurea,2/25/25,0.206,9.888,Quarter,KONZ-13,dry,root,Fabaceae,KONZ,Dalea,Amorpheae,KONZ_002,Riley,KS,yes,39.11968,-96.59588,20240711
KONZ-13-1-No,D06,Dalea purpurea,2/25/25,0,0,Quarter,KONZ-13,dry,nodule,Fabaceae,KONZ,Dalea,Amorpheae,KONZ_002,Riley,KS,yes,39.11968,-96.59588,20240711
KONZ-14-1-Rh,D06,Lespedeza violacea,2/25/25,0,0,Quarter,KONZ-14,dry,rhizosphere,Fabaceae,KONZ,Lespedeza,Desmodieae,KONZ_002,Riley,KS,yes,39.1199,-96.54578,20240711
KONZ-14-1-Ro,D06,Lespedeza violacea,2/25/25,1.895,90.96,Quarter,KONZ-14,dry,root,Fabaceae,KONZ,Lespedeza,Desmodieae,KONZ_002,Riley,KS,yes,39.1199,-96.54578,20240711
KONZ-14-1-No,D06,Lespedeza violacea,2/25/25,1.145,54.96,Quarter,KONZ-14,dry,nodule,Fabaceae,KONZ,Lespedeza,Desmodieae,KONZ_002,Riley,KS,yes,39.1199,-96.54578,20240711
KONZ-15-1-Rh,D06,Ceanothus herbaceus,2/25/25,0,0,Quarter,KONZ-15,dry,rhizosphere,Rhamnaceae,KONZ,Ceanothus,actinorhizal,KONZ_001,Riley,KS,yes,39.07479,-96.55559,20241002
KONZ-15-1-Ro,D06,Ceanothus herbaceus,2/25/25,1.39,66.72,Quarter,KONZ-15,dry,root,Rhamnaceae,KONZ,Ceanothus,actinorhizal,KONZ_001,Riley,KS,yes,39.07479,-96.55559,20241002
KONZ-15-1-No,D06,Ceanothus herbaceus,2/25/25,0.222,10.656,Quarter,KONZ-15,dry,nodule,Rhamnaceae,KONZ,Ceanothus,actinorhizal,KONZ_001,Riley,KS,yes,39.07479,-96.55559,20241002
KONZ-16-1-Rh,D06,Ceanothus herbaceus,2/25/25,0,0,Quarter,KONZ-16,dry,rhizosphere,Rhamnaceae,KONZ,Ceanothus,actinorhizal,#N/A,#N/A,#N/A,yes,#N/A,#N/A,#N/A
KONZ-16-1-Ro,D06,Ceanothus herbaceus,2/25/25,0.553,26.544,Quarter,KONZ-16,dry,root,Rhamnaceae,KONZ,Ceanothus,actinorhizal,#N/A,#N/A,#N/A,yes,#N/A,#N/A,#N/A
KONZ-16-1-No,D06,Ceanothus herbaceus,2/25/25,0.7005,33.624,Quarter,KONZ-16,dry,nodule,Rhamnaceae,KONZ,Ceanothus,actinorhizal,#N/A,#N/A,#N/A,yes,#N/A,#N/A,#N/A
UKFS-1-1-Rh,D06,Hylodesmum glutinosum,2/25/25,0,0,Quarter,UKFS-1,dry,rhizosphere,Fabaceae,UKFS,Desmodium,Desmodieae,UKFS_004,Douglas,KS,yes,39.04332,-95.2011,6/25/24
UKFS-1-1-Ro,D06,Hylodesmum glutinosum,2/25/25,0.279,13.392,Quarter,UKFS-1,dry,root,Fabaceae,UKFS,Desmodium,Desmodieae,UKFS_004,Douglas,KS,yes,39.04332,-95.2011,6/25/24
UKFS-1-1-No,D06,Hylodesmum glutinosum,2/25/25,0,0,Quarter,UKFS-1,dry,nodule,Fabaceae,UKFS,Desmodium,Desmodieae,UKFS_004,Douglas,KS,yes,39.04332,-95.2011,6/25/24
UKFS-2-1-Rh,D06,Hylodesmum glutinosum,2/25/25,0,0,Quarter,UKFS-2,,rhizosphere,Fabaceae,UKFS,Desmodium,Desmodieae,UKFS_031,Douglas,KS,yes,39.03674,-951919,6/27/24
UKFS-2-1-Ro,D06,Hylodesmum glutinosum,2/25/25,0.2505,12.024,Quarter,UKFS-2,,root,Fabaceae,UKFS,Desmodium,Desmodieae,UKFS_031,Douglas,KS,yes,39.03674,-951919,6/27/24
UKFS-2-1-No,D06,Hylodesmum glutinosum,2/25/25,0.106,5.088,Quarter,UKFS-2,,nodule,Fabaceae,UKFS,Desmodium,Desmodieae,UKFS_031,Douglas,KS,yes,39.03674,-951919,6/27/24
DEJU-3-1-Rh,D19,Lupinus arcticus,2/25/25,0.9185,44.088,Quarter,DEJU-3,ethanol,rhizosphere,Fabaceae,DEJU,Lupinus,Genisteae,DEJU_014,,Alaska,yes,,,
DEJU-3-1-Ro,D19,Lupinus arcticus,2/25/25,2.855,137.04,Quarter,DEJU-3,ethanol,root,Fabaceae,DEJU,Lupinus,Genisteae,DEJU_014,,Alaska,yes,,,
DEJU-3-1-No,D19,Lupinus arcticus,2/25/25,22.2,1065.6,Half,DEJU-3,ethanol,nodule,Fabaceae,DEJU,Lupinus,Genisteae,DEJU_014,,Alaska,yes,,,
JERC-119-Rh,D03,Desmodium marilandicum,2/25/25,0,0,Quarter,JERC-119,dry,rhizosphere,Fabaceae,JERC,Desmodium,Desmodieae,JERC_003,Baker County,Georgia,yes,31.196291,-84.47345,20240730
JERC-119-Ro,D03,Desmodium marilandicum,2/25/25,0,0,Quarter,JERC-119,dry,root,Fabaceae,JERC,Desmodium,Desmodieae,JERC_003,Baker County,Georgia,yes,31.196291,-84.47345,20240730
JERC-119-No,D03,Desmodium marilandicum,2/25/25,0,0,Quarter,JERC-119,dry,nodule,Fabaceae,JERC,Desmodium,Desmodieae,JERC_003,Baker County,Georgia,yes,31.196291,-84.47345,20240730
JERC-120-Rh,D03,Desmodium strictum,2/25/25,0,0,Quarter,JERC-120,dry,rhizosphere,Fabaceae,JERC,Desmodium,Desmodieae,JERC_003,Baker County,Georgia,yes,31.196419,-84.473672,20240730
JERC-120-Ro,D03,Desmodium strictum,2/25/25,0,0,Quarter,JERC-120,dry,root,Fabaceae,JERC,Desmodium,Desmodieae,JERC_003,Baker County,Georgia,yes,31.196419,-84.473672,20240730
JERC-120-No,D03,Desmodium strictum,2/25/25,0.078,3.744,Quarter,JERC-120,dry,nodule,Fabaceae,JERC,Desmodium,Desmodieae,JERC_003,Baker County,Georgia,yes,31.196419,-84.473672,20240730
JERC-121-Rh,D03,Desmodium paniculatum,2/25/25,0,0,Quarter,JERC-121,dry,rhizosphere,Fabaceae,JERC,Desmodium,Desmodieae,JERC_003,Baker County,Georgia,yes,31.19626,-84.473484,20240730
JERC-121-Ro,D03,Desmodium paniculatum,2/25/25,0.056,2.688,Quarter,JERC-121,dry,root,Fabaceae,JERC,Desmodium,Desmodieae,JERC_003,Baker County,Georgia,yes,31.19626,-84.473484,20240730
JERC-121-No,D03,Desmodium paniculatum,2/25/25,0,0,Quarter,JERC-121,dry,nodule,Fabaceae,JERC,Desmodium,Desmodieae,JERC_003,Baker County,Georgia,yes,31.19626,-84.473484,20240730
JERC-122-Rh,D03,Lespedeza stuevei,2/25/25,0,0,Quarter,JERC-122,dry,rhizosphere,Fabaceae,JERC,Lespedeza,Desmodieae,JERC_003,Baker County,Georgia,yes,31.196299,-84.473555,20240730
JERC-122-Ro,D03,Lespedeza stuevei,2/25/25,0,0,Quarter,JERC-122,dry,root,Fabaceae,JERC,Lespedeza,Desmodieae,JERC_003,Baker County,Georgia,yes,31.196299,-84.473555,20240730
JERC-122-No,D03,Lespedeza stuevei,2/25/25,0.2465,11.832,Quarter,JERC-122,dry,nodule,Fabaceae,JERC,Lespedeza,Desmodieae,JERC_003,Baker County,Georgia,yes,31.196299,-84.473555,20240730
JERC-123-Rh,D03,Desmodium lineatum,2/25/25,0,0,Quarter,JERC-123,dry,rhizosphere,Fabaceae,JERC,Desmodium,Desmodieae,JERC_003,Baker County,Georgia,yes,31.196121,-84.473601,20240730
JERC-123-Ro,D03,Desmodium lineatum,2/25/25,0.14,6.72,Quarter,JERC-123,dry,root,Fabaceae,JERC,Desmodium,Desmodieae,JERC_003,Baker County,Georgia,yes,31.196121,-84.473601,20240730
JERC-123-No,D03,Desmodium lineatum,2/25/25,0,0,Quarter,JERC-123,dry,nodule,Fabaceae,JERC,Desmodium,Desmodieae,JERC_003,Baker County,Georgia,yes,31.196121,-84.473601,20240730
DSNY-58-Rh,D03,Sesbania vesicaria,2/25/25,0,0,Quarter,DSNY-58,dry,rhizosphere,Fabaceae,DSNY,Sesbania,Sesbanieae,DSNY_005,Polk,Florida,yes,28.040514,-81.400406,20240723
DSNY-58-No,D03,Sesbania vesicaria,2/25/25,0,0,Quarter,DSNY-58,dry,nodule,Fabaceae,DSNY,Sesbania,Sesbanieae,DSNY_005,Polk,Florida,yes,28.040514,-81.400406,20240723
DSNY-59-Rh,D03,Sesbania vesicaria,2/25/25,0,0,Quarter,DSNY-59,dry,rhizosphere,Fabaceae,DSNY,Sesbania,Sesbanieae,DSNY_081Q,Polk,Florida,yes,28.074618,-81.411575,20240724
DSNY-59-Ro,D03,Sesbania vesicaria,2/25/25,3.615,173.52,Quarter,DSNY-59,dry,root,Fabaceae,DSNY,Sesbania,Sesbanieae,DSNY_081Q,Polk,Florida,yes,28.074618,-81.411575,20240724
DSNY-59-No,D03,Sesbania vesicaria,2/25/25,2.63,126.24,Quarter,DSNY-59,dry,nodule,Fabaceae,DSNY,Sesbania,Sesbanieae,DSNY_081Q,Polk,Florida,yes,28.074618,-81.411575,20240724
DSNY-SEHE-60-Rh,D03,Sesbania herbacea,2/25/25,0,0,Quarter,DSNY-SEHE-60,dry,rhizosphere,Fabaceae,DSNY,Sesbania,Sesbanieae,DSNY_081Q,Polk,Florida,yes,28.074618,-81.411575,20240724
DSNY-SEHE-60-Ro,D03,Sesbania herbacea,2/25/25,0,0,Quarter,DSNY-SEHE-60,dry,root,Fabaceae,DSNY,Sesbania,Sesbanieae,DSNY_081Q,Polk,Florida,yes,28.074618,-81.411575,20240724
DSNY-SEHE-60-No,D03,Sesbania herbacea,2/25/25,4.585,220.08,Quarter,DSNY-SEHE-60,dry,nodule,Fabaceae,DSNY,Sesbania,Sesbanieae,DSNY_081Q,Polk,Florida,yes,28.074618,-81.411575,20240724
LENO-3-2-Rh,D08,Desmodium paniculatum,2/25/25,4.455,213.84,Quarter,LENO-3,dry,rhizosphere,Fabaceae,LENO,Desmodium,Desmodieae,LENO_005,Choctaw County,AL,yes,31.828025,-88.181692,6/19/24
LENO-3-2-Ro,D08,Desmodium paniculatum,2/25/25,0.1485,7.128,Quarter,LENO-3,dry,root,Fabaceae,LENO,Desmodium,Desmodieae,LENO_005,Choctaw County,AL,yes,31.828025,-88.181692,6/19/24
LENO-3-2-No,D08,Desmodium paniculatum,2/25/25,1.335,64.08,Quarter,LENO-3,dry,nodule,Fabaceae,LENO,Desmodium,Desmodieae,LENO_005,Choctaw County,AL,yes,31.828025,-88.181692,6/19/24
LENO-5-2-Rh,D08,Amorpha fruticosa,2/25/25,0.632,30.336,Quarter,LENO-5,dry,rhizosphere,Fabaceae,LENO,Amorpha,Amorpheae,LENO_011,Choctaw County,AL,yes,31.825876,-88.182931,6/19/24
LENO-5-2-Ro,D08,Amorpha fruticosa,2/25/25,1.095,52.56,Quarter,LENO-5,dry,root,Fabaceae,LENO,Amorpha,Amorpheae,LENO_011,Choctaw County,AL,yes,31.825876,-88.182931,6/19/24
LENO-5-2-No,D08,Amorpha fruticosa,2/25/25,42.7,2049.6,Half,LENO-5,dry,nodule,Fabaceae,LENO,Amorpha,Amorpheae,LENO_011,Choctaw County,AL,yes,31.825876,-88.182931,6/19/24
LENO-13-2-Rh,D08,Amphicarpaea bracteata,2/25/25,0.67,32.16,Quarter,LENO-13,dry,rhizosphere,Fabaceae,LENO,Amphicarpaea,Phaseoleae,LENO_021,Choctaw County,AL,yes,31.834449,-88.170754,7/3/24
LENO-13-2-Ro,D08,Amphicarpaea bracteata,2/25/25,0.984,47.232,Quarter,LENO-13,dry,root,Fabaceae,LENO,Amphicarpaea,Phaseoleae,LENO_021,Choctaw County,AL,yes,31.834449,-88.170754,7/3/24
LENO-13-2-No,D08,Amphicarpaea bracteata,2/25/25,2.485,119.28,Quarter,LENO-13,dry,nodule,Fabaceae,LENO,Amphicarpaea,Phaseoleae,LENO_021,Choctaw County,AL,yes,31.834449,-88.170754,7/3/24
LENO-14-3-Rh,D08,Hylodesmum pauciflorum,2/25/25,6.84,328.32,Half,LENO-14,dry,rhizosphere,Fabaceae,LENO,Desmodium,Desmodieae,LENO_021,Choctaw County,AL,yes,31.834449,-88.170754,7/3/24
LENO-14-3-Ro,D08,Hylodesmum pauciflorum,2/25/25,0.1345,6.456,Quarter,LENO-14,dry,root,Fabaceae,LENO,Desmodium,Desmodieae,LENO_021,Choctaw County,AL,yes,31.834449,-88.170754,7/3/24
LENO-14-3-No,D08,Hylodesmum pauciflorum,2/25/25,1.815,87.12,Quarter,LENO-14,dry,nodule,Fabaceae,LENO,Desmodium,Desmodieae,LENO_021,Choctaw County,AL,yes,31.834449,-88.170754,7/3/24
OSBS-32-1-Rh,D03,Tephrosia virginiana,2/26/25,0,0,Quarter,OSBS-32,dry,rhizosphere,Fabaceae,OSBS,Tephrosia,Millettieae,OSBS_006,Putnam,FL,yes,,,20240611
OSBS-32-1-Ro,D03,Tephrosia virginiana,2/26/25,0,0,Quarter,OSBS-32,dry,root,Fabaceae,OSBS,Tephrosia,Millettieae,OSBS_006,Putnam,FL,yes,,,20240611
OSBS-34-1-Rh,D03,Galactia sp.,2/26/25,0,0,Quarter,OSBS-34,dry,rhizosphere,Fabaceae,OSBS,Galactia,Diocleae,OSBS_006,Putnam,FL,yes,,,20240611
OSBS-34-1-Ro,D03,Galactia sp.,2/26/25,0,0,Quarter,OSBS-34,dry,root,Fabaceae,OSBS,Galactia,Diocleae,OSBS_006,Putnam,FL,yes,,,20240611
OSBS-34-1-No,D03,Galactia sp.,2/26/25,0,0,Quarter,OSBS-34,dry,nodule,Fabaceae,OSBS,Galactia,Diocleae,OSBS_006,Putnam,FL,yes,,,20240611
OSBS-36-4-Rh,D03,Tephrosia virginiana,2/26/25,0,0,Quarter,OSBS-36,,rhizosphere,Fabaceae,OSBS,Tephrosia,Millettieae,OSBS_006,Putnam,FL,yes,,,20240611
OSBS-36-4-Ro,D03,Tephrosia virginiana,2/26/25,1.16,55.68,Quarter,OSBS-36,,root,Fabaceae,OSBS,Tephrosia,Millettieae,OSBS_006,Putnam,FL,yes,,,20240611
OSBS-36-4-No,D03,Tephrosia virginiana,2/26/25,0,0,Quarter,OSBS-36,,nodule,Fabaceae,OSBS,Tephrosia,Millettieae,OSBS_006,Putnam,FL,yes,,,20240611
OSBS-38-1-Rh,D03,Pediomelum canescens,2/26/25,0,0,Quarter,OSBS-38,,rhizosphere,Fabaceae,OSBS,Pediomelum,Psoraleeae,OSBS_029,Putnam,FL,yes,,,20240617
OSBS-38-1-Ro,D03,Pediomelum canescens,2/26/25,0,0,Quarter,OSBS-38,,root,Fabaceae,OSBS,Pediomelum,Psoraleeae,OSBS_029,Putnam,FL,yes,,,20240617
OSBS-38-1-No,D03,Pediomelum canescens,2/26/25,0.953,45.744,Quarter,OSBS-38,,nodule,Fabaceae,OSBS,Pediomelum,Psoraleeae,OSBS_029,Putnam,FL,yes,,,20240617
OSBS-41-3-Rh,D03,Stylosanthes biflora,2/26/25,0,0,Quarter,OSBS-41,dry,rhizosphere,Fabaceae,OSBS,Stylosanthes,Dalbergieae,OSBS_026,Putnam,FL,yes,,,20240617
OSBS-41-3-Ro,D03,Stylosanthes biflora,2/26/25,0,0,Quarter,OSBS-41,dry,root,Fabaceae,OSBS,Stylosanthes,Dalbergieae,OSBS_026,Putnam,FL,yes,,,20240617
OSBS-41-3-No,D03,Stylosanthes biflora,2/26/25,0,0,Quarter,OSBS-41,dry,nodule,Fabaceae,OSBS,Stylosanthes,Dalbergieae,OSBS_026,Putnam,FL,yes,,,20240617
OSBS-58-1-Rh,D03,Stylosanthes biflora,2/26/25,0,0,Quarter,OSBS-58,dry,rhizosphere,Fabaceae,OSBS,Stylosanthes,Dalbergieae,OSBS_063,Putnam,FL,yes,,,20240618
OSBS-58-1-Ro,D03,Stylosanthes biflora,2/26/25,0,0,Quarter,OSBS-58,dry,root,Fabaceae,OSBS,Stylosanthes,Dalbergieae,OSBS_063,Putnam,FL,yes,,,20240618
OSBS-58-1-No,D03,Stylosanthes biflora,2/26/25,3.445,165.36,Quarter,OSBS-58,dry,nodule,Fabaceae,OSBS,Stylosanthes,Dalbergieae,OSBS_063,Putnam,FL,yes,,,20240618
OSBS-59-1-Rh,D03,Galactia regularis ,2/26/25,0,0,Quarter,OSBS-59,dry,rhizosphere,Fabaceae,OSBS,Galactia,Diocleae,OSBS_004,Putnam,FL,#N/A,,,20240618
OSBS-59-1-Ro,D03,Galactia regularis ,2/26/25,1.9,91.2,Quarter,OSBS-59,dry,root,Fabaceae,OSBS,Galactia,Diocleae,OSBS_004,Putnam,FL,#N/A,,,20240618
OSBS-59-1-No,D03,Galactia regularis ,2/26/25,0.219,10.512,Quarter,OSBS-59,dry,nodule,Fabaceae,OSBS,Galactia,Diocleae,OSBS_004,Putnam,FL,#N/A,,,20240618
OSBS-67-1-Rh,D03,Rhynchosia reniformis,2/26/25,0,0,Quarter,OSBS-67,dry,rhizosphere,Fabaceae,OSBS,Rhynchosia,Phaseoleae,OSBS_008,Putnam,FL,yes,,,20240723
OSBS-67-1-Ro,D03,Rhynchosia reniformis,2/26/25,0.164,7.872,Quarter,OSBS-67,dry,root,Fabaceae,OSBS,Rhynchosia,Phaseoleae,OSBS_008,Putnam,FL,yes,,,20240723
OSBS-67-1-No,D03,Rhynchosia reniformis,2/26/25,0,0,Quarter,OSBS-67,dry,nodule,Fabaceae,OSBS,Rhynchosia,Phaseoleae,OSBS_008,Putnam,FL,yes,,,20240723
OSBS-68-1-Rh,D03,Crotalaria rotundifolia,2/26/25,0,0,Quarter,OSBS-68,dry,rhizosphere,Fabaceae,OSBS,Crotalaria,Crotalarieae,OSBS_008,Putnam,FL,yes,,,20240723
OSBS-68-1-Ro,D03,Crotalaria rotundifolia,2/26/25,0,0,Quarter,OSBS-68,dry,root,Fabaceae,OSBS,Crotalaria,Crotalarieae,OSBS_008,Putnam,FL,yes,,,20240723
OSBS-68-1-No,D03,Crotalaria rotundifolia,2/26/25,0,0,Quarter,OSBS-68,dry,nodule,Fabaceae,OSBS,Crotalaria,Crotalarieae,OSBS_008,Putnam,FL,yes,,,20240723
DSNY-61-4-Rh,D03,Desmodium incanum,2/26/25,0,0,Quarter,DSNY-61,dry,rhizosphere,Fabaceae,DSNY,Desmodium,Desmodieae,DSNY_005,Polk,Florida,yes,28.0332798,-81.4026343,20240820
DSNY-61-4-Ro,D03,Desmodium incanum,2/26/25,12.8,614.4,Half,DSNY-61,dry,root,Fabaceae,DSNY,Desmodium,Desmodieae,DSNY_005,Polk,Florida,yes,28.0332798,-81.4026343,20240820
DSNY-64-2-Rh,D03,Desmodium triflorum,2/26/25,0.19,9.12,Quarter,DSNY-64,dry,rhizosphere,Fabaceae,DSNY,Desmodium,Desmodieae,DSNY_009,Polk,Florida,yes,,,20240820
DSNY-64-2-Ro,D03,Desmodium triflorum,2/26/25,19.75,948,Half,DSNY-64,dry,root,Fabaceae,DSNY,Desmodium,Desmodieae,DSNY_009,Polk,Florida,yes,,,20240820
DSNY-64-2-No,D03,Desmodium triflorum,2/26/25,0.291,13.968,Quarter,DSNY-64,dry,nodule,Fabaceae,DSNY,Desmodium,Desmodieae,DSNY_009,Polk,Florida,yes,,,20240820
DSNY-82-3-Rh,D03,Crotalaria pallida v. obovata,2/26/25,0,0,Quarter,DSNY-82,dry,rhizosphere,Fabaceae,DSNY,Crotalaria,Crotalarieae,DSNY_015,Polk,Florida,yes,28.1094603,-81.4310661,20240904
DSNY-82-3-Ro,D03,Crotalaria pallida v. obovata,2/26/25,0.168,8.064,Quarter,DSNY-82,dry,root,Fabaceae,DSNY,Crotalaria,Crotalarieae,DSNY_015,Polk,Florida,yes,28.1094603,-81.4310661,20240904
DSNY-82-3-No,D03,Crotalaria pallida v. obovata,2/26/25,0,0,Quarter,DSNY-82,dry,nodule,Fabaceae,DSNY,Crotalaria,Crotalarieae,DSNY_015,Polk,Florida,yes,28.1094603,-81.4310661,20240904
JERC-124-2-Rh,D03,Zornia bracteata,2/26/25,0,0,Quarter,JERC-124,dry,rhizosphere,Fabaceae,JERC,Zornia,Dalbergieae,JERC_003,Baker County,Georgia,yes,31.195994,-84.473468,20240730
JERC-124-2-Ro,D03,Zornia bracteata,2/26/25,0,0,Quarter,JERC-124,dry,root,Fabaceae,JERC,Zornia,Dalbergieae,JERC_003,Baker County,Georgia,yes,31.195994,-84.473468,20240730
JERC-124-2-No,D03,Zornia bracteata,2/26/25,0,0,Quarter,JERC-124,dry,nodule,Fabaceae,JERC,Zornia,Dalbergieae,JERC_003,Baker County,Georgia,yes,31.195994,-84.473468,20240730
JERC-126-4-Rh,D03,Lespedeza virginica,2/26/25,0,0,Quarter,JERC-126,dry,rhizosphere,Fabaceae,JERC,Lespedeza,Desmodieae,JERC_002,Baker County,Georgia,yes,31.194341,-84.460314,20240730
JERC-126-4-Ro,D03,Lespedeza virginica,2/26/25,0,0,Quarter,JERC-126,dry,root,Fabaceae,JERC,Lespedeza,Desmodieae,JERC_002,Baker County,Georgia,yes,31.194341,-84.460314,20240730
JERC-126-4-No,D03,Lespedeza virginica,2/26/25,0.107,5.136,Quarter,JERC-126,dry,nodule,Fabaceae,JERC,Lespedeza,Desmodieae,JERC_002,Baker County,Georgia,yes,31.194341,-84.460314,20240730
JERC-127-2-Rh,D03,Desmodium obtusum,2/26/25,0,0,Quarter,JERC-127,dry,rhizosphere,Fabaceae,JERC,Desmodium,Desmodieae,JERC_002,Baker County,Georgia,yes,31.1940087,-84.4604029,20240730
JERC-127-2-Ro,D03,Desmodium obtusum,2/26/25,0,0,Quarter,JERC-127,dry,root,Fabaceae,JERC,Desmodium,Desmodieae,JERC_002,Baker County,Georgia,yes,31.1940087,-84.4604029,20240730
JERC-127-2-No,D03,Desmodium obtusum,2/26/25,0,0,Quarter,JERC-127,dry,nodule,Fabaceae,JERC,Desmodium,Desmodieae,JERC_002,Baker County,Georgia,yes,31.1940087,-84.4604029,20240730
JERC-128-2-Rh,D03,Desmodium marilandicum,2/26/25,0,0,Quarter,JERC-128,dry,rhizosphere,Fabaceae,JERC,Desmodium,Desmodieae,JERC_002,Baker County,Georgia,yes,31.1940087,-84.4604029,20240730
JERC-128-2-Ro,D03,Desmodium marilandicum,2/26/25,0.1105,5.304,Quarter,JERC-128,dry,root,Fabaceae,JERC,Desmodium,Desmodieae,JERC_002,Baker County,Georgia,yes,31.1940087,-84.4604029,20240730
JERC-128-2-No,D03,Desmodium marilandicum,2/26/25,2.01,96.48,Quarter,JERC-128,dry,nodule,Fabaceae,JERC,Desmodium,Desmodieae,JERC_002,Baker County,Georgia,yes,31.1940087,-84.4604029,20240730
JERC-157-2-Rh,D03,Chamaecrista fasciculata,2/26/25,0,0,Quarter,JERC-157,dry,rhizosphere,Fabaceae,JERC,Chamaecrista,Cassieae,JERC_015,Baker County,Georgia,yes,,,20241002
JERC-157-2-Ro,D03,Chamaecrista fasciculata,2/26/25,0.3515,16.872,Quarter,JERC-157,dry,root,Fabaceae,JERC,Chamaecrista,Cassieae,JERC_015,Baker County,Georgia,yes,,,20241002
JERC-157-2-No,D03,Chamaecrista fasciculata,2/26/25,0,0,Quarter,JERC-157,dry,nodule,Fabaceae,JERC,Chamaecrista,Cassieae,JERC_015,Baker County,Georgia,yes,,,20241002
JERC-175-1-Rh,D03,Desmodium ciliare,2/26/25,0,0,Quarter,JERC-175,dry,rhizosphere,Fabaceae,JERC,Desmodium,Desmodieae,JERC_050,Baker County,Georgia,yes,,,20241018
JERC-175-1-Ro,D03,Desmodium ciliare,2/26/25,0.586,28.128,Quarter,JERC-175,dry,root,Fabaceae,JERC,Desmodium,Desmodieae,JERC_050,Baker County,Georgia,yes,,,20241018
JERC-175-1-No,D03,Desmodium ciliare,2/26/25,0,0,Quarter,JERC-175,dry,nodule,Fabaceae,JERC,Desmodium,Desmodieae,JERC_050,Baker County,Georgia,yes,,,20241018
JERC-177-Rh,D03,Desmodium floridanum,2/26/25,0,0,Quarter,JERC-177,dry,rhizosphere,Fabaceae,JERC,Desmodium,Desmodieae,JERC_050,Baker County,Georgia,yes,,,20241028
JERC-177-Ro,D03,Desmodium floridanum,2/26/25,0,0,Quarter,JERC-177,dry,root,Fabaceae,JERC,Desmodium,Desmodieae,JERC_050,Baker County,Georgia,yes,,,20241028
JERC-177-No,D03,Desmodium floridanum,2/26/25,0,0,Quarter,JERC-177,dry,nodule,Fabaceae,JERC,Desmodium,Desmodieae,JERC_050,Baker County,Georgia,yes,,,20241028
JERC-178-2-Rh,D03,Centrosema virginiana,2/26/25,0,0,Quarter,JERC-178,dry,rhizosphere,Fabaceae,JERC,Centrosema,Phaseoleae,JERC_050,Baker County,Georgia,yes,,,20241028
JERC-178-2-Ro,D03,Centrosema virginiana,2/26/25,0,0,Quarter,JERC-178,dry,root,Fabaceae,JERC,Centrosema,Phaseoleae,JERC_050,Baker County,Georgia,yes,,,20241028
JERC-178-2-No,D03,Centrosema virginiana,2/26/25,0,0,Quarter,JERC-178,dry,nodule,Fabaceae,JERC,Centrosema,Phaseoleae,JERC_050,Baker County,Georgia,yes,,,20241028
JERC-191-1-Rh,D03,Centrosema virginiana,2/26/25,0,0,Quarter,JERC-191,dry,rhizosphere,Fabaceae,JERC,Centrosema,Phaseoleae,JERC_048,Baker County,Georgia,yes,31.1969337,-84.4626737,20241028
JERC-191-1-Ro,D03,Centrosema virginiana,2/26/25,0.257,12.336,Quarter,JERC-191,dry,root,Fabaceae,JERC,Centrosema,Phaseoleae,JERC_048,Baker County,Georgia,yes,31.1969337,-84.4626737,20241028
JERC-191-1-No,D03,Centrosema virginiana,2/26/25,0,0,Quarter,JERC-191,dry,nodule,Fabaceae,JERC,Centrosema,Phaseoleae,JERC_048,Baker County,Georgia,yes,31.1969337,-84.4626737,20241028
DEJU-4-1-Rh,D19,Alnus viridis,2/26/25,0,0,Quarter,DEJU-4,ethanol,rhizosphere,Betulaceae,DEJU,Alnus,actinorhizal,DEJU_047,,Alaska,yes,,,
DEJU-4-1-Ro,D19,Alnus viridis,2/26/25,2.05,98.4,Quarter,DEJU-4,ethanol,root,Betulaceae,DEJU,Alnus,actinorhizal,DEJU_047,,Alaska,yes,,,
DEJU-4-1-No,D19,Alnus viridis,2/26/25,3,144,Quarter,DEJU-4,ethanol,nodule,Betulaceae,DEJU,Alnus,actinorhizal,DEJU_047,,Alaska,yes,,,
DELA-2-2-Rh,D08,Lespedeza cuneata,2/26/25,0.2215,10.632,Quarter,DELA-2,dry,rhizosphere,Fabaceae,DELA,Lespedeza,Desmodieae,DELA_008,Green County,AL,no,32.539186,-87.81292,7/24/24
DELA-2-2-Ro,D08,Lespedeza cuneata,2/26/25,4.75,228,Quarter,DELA-2,dry,root,Fabaceae,DELA,Lespedeza,Desmodieae,DELA_008,Green County,AL,no,32.539186,-87.81292,7/24/24
DELA-2-2-No,D08,Lespedeza cuneata,2/26/25,0,0,Quarter,DELA-2,dry,nodule,Fabaceae,DELA,Lespedeza,Desmodieae,DELA_008,Green County,AL,no,32.539186,-87.81292,7/24/24
DSNY-101-1-Rh,D03,Crotalaria spectabilis,2/26/25,0,0,Quarter,DSNY-101,dry,rhizosphere,Fabaceae,DSNY,Crotalaria,Crotalarieae,,Osceola,FLorida,no,,,20241211
DSNY-101-1-No,D03,Crotalaria spectabilis,2/26/25,1.495,71.76,Quarter,DSNY-101,dry,nodule,Fabaceae,DSNY,Crotalaria,Crotalarieae,,Osceola,FLorida,no,,,20241211
JERC-159-2-Rh,D03,Dalea carnea alba,2/26/25,0,0,Quarter,JERC-159,dry,rhizosphere,Fabaceae,JERC,Dalea,Amorpheae,JERC_015,Baker County,Georgia,yes,,,20241002
JERC-159-2-Ro,D03,Dalea carnea alba,2/26/25,1.115,53.52,Quarter,JERC-159,dry,root,Fabaceae,JERC,Dalea,Amorpheae,JERC_015,Baker County,Georgia,yes,,,20241002
JERC-159-2-No,D03,Dalea carnea alba,2/26/25,0.058,2.784,Quarter,JERC-159,dry,nodule,Fabaceae,JERC,Dalea,Amorpheae,JERC_015,Baker County,Georgia,yes,,,20241002
JERC-168-Rh,D03,Tephrosia spicata,2/26/25,0,0,Quarter,JERC-168,dry,rhizosphere,Fabaceae,JERC,Tephrosia,Millettieae,JERC_019,Baker County,Georgia,yes,,,20241003
JERC-168-Ro,D03,Tephrosia spicata,2/26/25,0.0655,3.144,Quarter,JERC-168,dry,root,Fabaceae,JERC,Tephrosia,Millettieae,JERC_019,Baker County,Georgia,yes,,,20241003
JERC-168-No,D03,Tephrosia spicata,2/26/25,0,0,Quarter,JERC-168,dry,nodule,Fabaceae,JERC,Tephrosia,Millettieae,JERC_019,Baker County,Georgia,yes,,,20241003
JERC-172-2-Rh,D03,Desmodium paniculatum,2/26/25,0,0,Quarter,JERC-172,dry,rhizosphere,Fabaceae,JERC,Desmodium,Desmodieae,JERC_019,Baker County,Georgia,yes,,,20241003
JERC-172-2-Ro,D03,Desmodium paniculatum,2/26/25,0.1965,9.432,Quarter,JERC-172,dry,root,Fabaceae,JERC,Desmodium,Desmodieae,JERC_019,Baker County,Georgia,yes,,,20241003
JERC-172-2-No,D03,Desmodium paniculatum,2/26/25,0,0,Quarter,JERC-172,dry,nodule,Fabaceae,JERC,Desmodium,Desmodieae,JERC_019,Baker County,Georgia,yes,,,20241003
JERC-173-1-Rh,D03,Desmodium ciliare,2/26/25,0,0,Quarter,JERC-173,dry,rhizosphere,Fabaceae,JERC,Desmodium,Desmodieae,JERC_054,Baker County,Georgia,yes,,,20241003
JERC-173-1-Ro,D03,Desmodium ciliare,2/26/25,1.355,65.04,Quarter,JERC-173,dry,root,Fabaceae,JERC,Desmodium,Desmodieae,JERC_054,Baker County,Georgia,yes,,,20241003
JERC-173-1-No,D03,Desmodium ciliare,2/26/25,1.745,83.76,Quarter,JERC-173,dry,nodule,Fabaceae,JERC,Desmodium,Desmodieae,JERC_054,Baker County,Georgia,yes,,,20241003
CLBJ-32-1-Rh,D11,Crotalaria sagittalis,2/26/25,0,0,Quarter,CLBJ-32,ethanol,rhizosphere,Fabaceae,CLBJ,Crotalaria,Crotalarieae,CLBJ_036_R,Wise,TX,yes,33.397578,-97.57995,6/11/24
CLBJ-32-1-Ro,D11,Crotalaria sagittalis,2/26/25,20.85,1000.8,Half,CLBJ-32,ethanol,root,Fabaceae,CLBJ,Crotalaria,Crotalarieae,CLBJ_036_R,Wise,TX,yes,33.397578,-97.57995,6/11/24
CLBJ-32-1-No,D11,Crotalaria sagittalis,2/26/25,1.39,66.72,Quarter,CLBJ-32,ethanol,nodule,Fabaceae,CLBJ,Crotalaria,Crotalarieae,CLBJ_036_R,Wise,TX,yes,33.397578,-97.57995,6/11/24
CLBJ-33-1-Rh,D11,Stylosanthes biflora,2/26/25,0,0,Quarter,CLBJ-33,ethanol,rhizosphere,Fabaceae,CLBJ,Stylosanthes,Dalbergieae,CLBJ_036_R,Wise,TX,yes,33.397578,-97.57995,6/11/24
CLBJ-33-1-Ro,D11,Stylosanthes biflora,2/26/25,11.6,556.8,Half,CLBJ-33,ethanol,root,Fabaceae,CLBJ,Stylosanthes,Dalbergieae,CLBJ_036_R,Wise,TX,yes,33.397578,-97.57995,6/11/24
CLBJ-33-1-No,D11,Stylosanthes biflora,2/26/25,11.35,544.8,Half,CLBJ-33,ethanol,nodule,Fabaceae,CLBJ,Stylosanthes,Dalbergieae,CLBJ_036_R,Wise,TX,yes,33.397578,-97.57995,6/11/24
CLBJ-34-1-Rh,D11,Lespedeza virginica,2/26/25,0.0925,4.44,Quarter,CLBJ-34,ethanol,rhizosphere,Fabaceae,CLBJ,Lespedeza,Desmodieae,CLBJ_036_R,Wise,TX,yes,33.397578,-97.57995,6/11/24
CLBJ-34-1-Ro,D11,Lespedeza virginica,2/26/25,0.981,47.088,Quarter,CLBJ-34,ethanol,root,Fabaceae,CLBJ,Lespedeza,Desmodieae,CLBJ_036_R,Wise,TX,yes,33.397578,-97.57995,6/11/24
CLBJ-34-1-No,D11,Lespedeza virginica,2/26/25,5.91,283.68,Half,CLBJ-34,ethanol,nodule,Fabaceae,CLBJ,Lespedeza,Desmodieae,CLBJ_036_R,Wise,TX,yes,33.397578,-97.57995,6/11/24
CLBJ-35-1-Rh,D11,Rhynchosia latifolia,2/26/25,0.0825,3.96,Quarter,CLBJ-35,ethanol,rhizosphere,Fabaceae,CLBJ,Rhynchosia,Phaseoleae,CLBJ_036_R,Wise,TX,yes,33.397578,-97.57995,6/11/24
CLBJ-35-1-Ro,D11,Rhynchosia latifolia,2/26/25,0.0845,4.056,Quarter,CLBJ-35,ethanol,root,Fabaceae,CLBJ,Rhynchosia,Phaseoleae,CLBJ_036_R,Wise,TX,yes,33.397578,-97.57995,6/11/24
CLBJ-35-1-No,D11,Rhynchosia latifolia,2/26/25,0,0,Quarter,CLBJ-35,ethanol,nodule,Fabaceae,CLBJ,Rhynchosia,Phaseoleae,CLBJ_036_R,Wise,TX,yes,33.397578,-97.57995,6/11/24
OSBS-35-2-Rh,D03,Chapmannia floridana,2/26/25,0.054,2.592,Quarter,OSBS-35,dry,rhizosphere,Fabaceae,OSBS,Chapmannia,Dalbergieae,OSBS_006,Putnam,FL,yes,,,20240611
OSBS-35-2-Ro,D03,Chapmannia floridana,2/26/25,0.058,2.784,Quarter,OSBS-35,dry,root,Fabaceae,OSBS,Chapmannia,Dalbergieae,OSBS_006,Putnam,FL,yes,,,20240611
OSBS-35-2-No,D03,Chapmannia floridana,2/26/25,1.555,74.64,Quarter,OSBS-35,dry,nodule,Fabaceae,OSBS,Chapmannia,Dalbergieae,OSBS_006,Putnam,FL,yes,,,20240611
OSBS-36-1-Rh,D03,Tephrosia virginiana,2/26/25,0,0,Quarter,OSBS-36,dry,rhizosphere,Fabaceae,OSBS,Tephrosia,Millettieae,OSBS_006,Putnam,FL,yes,,,20240611
OSBS-36-1-Ro,D03,Tephrosia virginiana,2/26/25,0.151,7.248,Quarter,OSBS-36,dry,root,Fabaceae,OSBS,Tephrosia,Millettieae,OSBS_006,Putnam,FL,yes,,,20240611
OSBS-36-1-No,D03,Tephrosia virginiana,2/26/25,0,0,Quarter,OSBS-36,dry,nodule,Fabaceae,OSBS,Tephrosia,Millettieae,OSBS_006,Putnam,FL,yes,,,20240611
OSBS-37-1-Rh,D03,Chapmannia floridana,2/26/25,0,0,Quarter,OSBS-37,,rhizosphere,Fabaceae,OSBS,Chapmannia,Dalbergieae,OSBS_029,Putnam,FL,yes,,,20240617
OSBS-37-1-Ro,D03,Chapmannia floridana,2/26/25,0.091,4.368,Quarter,OSBS-37,,root,Fabaceae,OSBS,Chapmannia,Dalbergieae,OSBS_029,Putnam,FL,yes,,,20240617
OSBS-37-1-No,D03,Chapmannia floridana,2/26/25,0,0,Quarter,OSBS-37,,nodule,Fabaceae,OSBS,Chapmannia,Dalbergieae,OSBS_029,Putnam,FL,yes,,,20240617
OSBS-38-2-Rh,D03,Pediomelum canescens,2/26/25,0,0,Quarter,OSBS-38,dry,rhizosphere,Fabaceae,OSBS,Pediomelum,Psoraleeae,OSBS_029,Putnam,FL,yes,,,20240617
OSBS-38-2-Ro,D03,Pediomelum canescens,2/26/25,0,0,Quarter,OSBS-38,dry,root,Fabaceae,OSBS,Pediomelum,Psoraleeae,OSBS_029,Putnam,FL,yes,,,20240617
JERC-189-1-Rh,D03,Lespedeza hirta,2/26/25,0,0,Quarter,JERC-189,dry,rhizosphere,Fabaceae,JERC,Lespedeza,Desmodieae,JERC_048,Baker County,Georgia,yes,,,20241028
OSBS-106-1-Rh,D03,Lespedeza hirta,2/26/25,0.0595,2.856,Quarter,OSBS-106,,rhizosphere,Fabaceae,OSBS,Lespedeza,Desmodieae,OSBS_070,Putnam,Fl,yes,,,20241008
OSBS-109-4-Rh,D03,Crotalaria spectabilis,2/26/25,0,0,Quarter,OSBS-109,dry,rhizosphere,Fabaceae,OSBS,Crotalaria,Crotalarieae,OSBS_017,Putnam,Fl,no,29.704875,-81.990736,20241028
OSBS-104-1-Rh,D03,Crotalaria maritima,2/26/25,0.1045,5.016,Quarter,OSBS-104,dry,rhizosphere,Fabaceae,OSBS,Crotalaria,Crotalarieae,OSBS_070,Putnam,Fl,yes,,,20241008
OSBS-110-1-Rh,D03,Crotalaria incana,2/26/25,0.054,2.592,Quarter,OSBS-110,dry,rhizosphere,Fabaceae,OSBS,Crotalaria,Crotalarieae,OSBS_062,Putnam,FL,yes,,,20241202
JERC-198-Rh,D03,Chamaecrista fasciculata,2/26/25,0.058,2.784,Quarter,JERC-198,,rhizosphere,Fabaceae,JERC,Chamaecrista,Cassieae,JERC_004,Baker County,Georgia,yes,31.1903745,-84.4660419,20241029
JERC-197-1-Rh,D03,Tephrosia floridanum,2/26/25,0.0615,2.952,Quarter,JERC-197,,rhizosphere,Fabaceae,JERC,Tephrosia,Millettieae,JERC_004,Baker County,Georgia,yes,31.1903745,-84.4660419,20241029
MLBS-2-1-Rh,D07,Amphicarpaea bracteata,2/26/25,22.15,1063.2,Half,MLBS-2,dry,rhizosphere,Fabaceae,MLBS,Amphicarpaea,Phaseoleae,MLBS_075,Giles,VA,yes,37.373889,-80.523611,8/28/24
MLBS-2-1-Ro,D07,Amphicarpaea bracteata,2/26/25,1.475,70.8,Quarter,MLBS-2,dry,root,Fabaceae,MLBS,Amphicarpaea,Phaseoleae,MLBS_075,Giles,VA,yes,37.373889,-80.523611,8/28/24
JERC-154-Rh,D03,Clitoria mariana,2/27/25,0,0,Quarter,JERC-154,dry,rhizosphere,Fabaceae,JERC,Clitoria,Phaseoleae,JERC_015,Baker County,Georgia,yes,,,20241002
JERC-154-Ro,D03,Clitoria mariana,2/27/25,0,0,Quarter,JERC-154,dry,root,Fabaceae,JERC,Clitoria,Phaseoleae,JERC_015,Baker County,Georgia,yes,,,20241002
JERC-154-No,D03,Clitoria mariana,2/27/25,0,0,Quarter,JERC-154,dry,nodule,Fabaceae,JERC,Clitoria,Phaseoleae,JERC_015,Baker County,Georgia,yes,,,20241002
JERC-155-Rh,D03,Rhynchosia to?,2/27/25,0,0,Quarter,JERC-155,dry,rhizosphere,Fabaceae,JERC,Rhynchosia,Phaseoleae,JERC_015,Baker County,Georgia,yes,,,20241002
JERC-155-Ro,D03,Rhynchosia to?,2/27/25,0,0,Quarter,JERC-155,dry,root,Fabaceae,JERC,Rhynchosia,Phaseoleae,JERC_015,Baker County,Georgia,yes,,,20241002
JERC-155-No,D03,Rhynchosia to?,2/27/25,0,0,Quarter,JERC-155,dry,nodule,Fabaceae,JERC,Rhynchosia,Phaseoleae,JERC_015,Baker County,Georgia,yes,,,20241002
JERC-156-Rh,D03,Lespedeza hirta,2/27/25,0,0,Quarter,JERC-156,dry,rhizosphere,Fabaceae,JERC,Lespedeza,Desmodieae,JERC_015,Baker County,Georgia,yes,,,20241002
JERC-156-Ro,D03,Lespedeza hirta,2/27/25,0.071,3.408,Quarter,JERC-156,dry,root,Fabaceae,JERC,Lespedeza,Desmodieae,JERC_015,Baker County,Georgia,yes,,,20241002
JERC-156-No,D03,Lespedeza hirta,2/27/25,0.3165,15.192,Quarter,JERC-156,dry,nodule,Fabaceae,JERC,Lespedeza,Desmodieae,JERC_015,Baker County,Georgia,yes,,,20241002
JERC-158-Rh,D03,Chamaecrista fasciculata,2/27/25,0,0,Quarter,JERC-158,dry,rhizosphere,Fabaceae,JERC,Chamaecrista,Cassieae,JERC_015,Baker County,Georgia,yes,,,20241002
JERC-158-Ro,D03,Chamaecrista fasciculata,2/27/25,0.109,5.232,Quarter,JERC-158,dry,root,Fabaceae,JERC,Chamaecrista,Cassieae,JERC_015,Baker County,Georgia,yes,,,20241002
JERC-158-No,D03,Chamaecrista fasciculata,2/27/25,0,0,Quarter,JERC-158,dry,nodule,Fabaceae,JERC,Chamaecrista,Cassieae,JERC_015,Baker County,Georgia,yes,,,20241002
JERC-160-Rh,D03,Desmodium cuspidatum,2/27/25,0,0,Quarter,JERC-160,dry,rhizosphere,Fabaceae,JERC,Desmodium,Desmodieae,JERC_019,Baker County,Georgia,yes,,,20241003
JERC-160-Ro,D03,Desmodium cuspidatum,2/27/25,0,0,Quarter,JERC-160,dry,root,Fabaceae,JERC,Desmodium,Desmodieae,JERC_019,Baker County,Georgia,yes,,,20241003
JERC-160-No,D03,Desmodium cuspidatum,2/27/25,0,0,Quarter,JERC-160,dry,nodule,Fabaceae,JERC,Desmodium,Desmodieae,JERC_019,Baker County,Georgia,yes,,,20241003
JERC-161-Rh,D03,Rhynchosia tomentosa,2/27/25,0,0,Quarter,JERC-161,dry,rhizosphere,Fabaceae,JERC,Rhynchosia,Phaseoleae,JERC_019,Baker County,Georgia,yes,,,20241003
JERC-161-Ro,D03,Rhynchosia tomentosa,2/27/25,0,0,Quarter,JERC-161,dry,root,Fabaceae,JERC,Rhynchosia,Phaseoleae,JERC_019,Baker County,Georgia,yes,,,20241003
JERC-161-No,D03,Rhynchosia tomentosa,2/27/25,0,0,Quarter,JERC-161,dry,nodule,Fabaceae,JERC,Rhynchosia,Phaseoleae,JERC_019,Baker County,Georgia,yes,,,20241003
JERC-162-Rh,D03,Desmodium fernaldii,2/27/25,0,0,Quarter,JERC-162,dry,rhizosphere,Fabaceae,JERC,Desmodium,Desmodieae,JERC_019,Baker County,Georgia,yes,,,20241003
JERC-162-Ro,D03,Desmodium fernaldii,2/27/25,0.5145,24.696,Quarter,JERC-162,dry,root,Fabaceae,JERC,Desmodium,Desmodieae,JERC_019,Baker County,Georgia,yes,,,20241003
JERC-162-No,D03,Desmodium fernaldii,2/27/25,0,0,Quarter,JERC-162,dry,nodule,Fabaceae,JERC,Desmodium,Desmodieae,JERC_019,Baker County,Georgia,yes,,,20241003
JERC-163-Rh,D03,Desmodium fernaldii,2/27/25,0.39,18.72,Quarter,JERC-163,dry,rhizosphere,Fabaceae,JERC,Desmodium,Desmodieae,JERC_019,Baker County,Georgia,yes,,,20241003
JERC-163-Ro,D03,Desmodium fernaldii,2/27/25,0,0,Quarter,JERC-163,dry,root,Fabaceae,JERC,Desmodium,Desmodieae,JERC_019,Baker County,Georgia,yes,,,20241003
JERC-163-No,D03,Desmodium fernaldii,2/27/25,34.4,1651.2,Half,JERC-163,dry,nodule,Fabaceae,JERC,Desmodium,Desmodieae,JERC_019,Baker County,Georgia,yes,,,20241003
JERC-164-Rh,D03,Lespedeza stuvei,2/27/25,0.058,2.784,Quarter,JERC-164,dry,rhizosphere,Fabaceae,JERC,Lespedeza,Desmodieae,JERC_019,Baker County,Georgia,yes,,,20241003
JERC-164-Ro,D03,Lespedeza stuvei,2/27/25,0,0,Quarter,JERC-164,dry,root,Fabaceae,JERC,Lespedeza,Desmodieae,JERC_019,Baker County,Georgia,yes,,,20241003
JERC-164-No,D03,Lespedeza stuvei,2/27/25,0.1425,6.84,Quarter,JERC-164,dry,nodule,Fabaceae,JERC,Lespedeza,Desmodieae,JERC_019,Baker County,Georgia,yes,,,20241003
JERC-165-Rh,D03,Lespedeza hirta,2/27/25,0,0,Quarter,JERC-165,dry,rhizosphere,Fabaceae,JERC,Lespedeza,Desmodieae,JERC_019,Baker County,Georgia,yes,,,20241003
JERC-165-Ro,D03,Lespedeza hirta,2/27/25,2.53,121.44,Quarter,JERC-165,dry,root,Fabaceae,JERC,Lespedeza,Desmodieae,JERC_019,Baker County,Georgia,yes,,,20241003
JERC-165-No,D03,Lespedeza hirta,2/27/25,0,0,Quarter,JERC-165,dry,nodule,Fabaceae,JERC,Lespedeza,Desmodieae,JERC_019,Baker County,Georgia,yes,,,20241003
JERC-167-Rh,D03,Galactia volubilis,2/27/25,0,0,Quarter,JERC-167,dry,rhizosphere,Fabaceae,JERC,Galactia,Diocleae,JERC_019,Baker County,Georgia,yes,,,20241003
JERC-167-Ro,D03,Galactia volubilis,2/27/25,3.55,170.4,Quarter,JERC-167,dry,root,Fabaceae,JERC,Galactia,Diocleae,JERC_019,Baker County,Georgia,yes,,,20241003
JERC-167-No,D03,Galactia volubilis,2/27/25,0,0,Quarter,JERC-167,dry,nodule,Fabaceae,JERC,Galactia,Diocleae,JERC_019,Baker County,Georgia,yes,,,20241003
JERC-169-Rh,D03,Clitoria mariana,2/27/25,0,0,Quarter,JERC-169,dry,rhizosphere,Fabaceae,JERC,Clitoria,Phaseoleae,JERC_019,Baker County,Georgia,yes,,,20241003
JERC-169-Ro,D03,Clitoria mariana,2/27/25,0.33,15.84,Quarter,JERC-169,dry,root,Fabaceae,JERC,Clitoria,Phaseoleae,JERC_019,Baker County,Georgia,yes,,,20241003
JERC-169-No,D03,Clitoria mariana,2/27/25,0,0,Quarter,JERC-169,dry,nodule,Fabaceae,JERC,Clitoria,Phaseoleae,JERC_019,Baker County,Georgia,yes,,,20241003
JERC-170-Rh,D03,Desmodium obtusum,2/27/25,0,0,Quarter,JERC-170,dry,rhizosphere,Fabaceae,JERC,Desmodium,Desmodieae,JERC_019,Baker County,Georgia,yes,,,20241003
JERC-170-Ro,D03,Desmodium obtusum,2/27/25,2.45,117.6,Quarter,JERC-170,dry,root,Fabaceae,JERC,Desmodium,Desmodieae,JERC_019,Baker County,Georgia,yes,,,20241003
JERC-170-No,D03,Desmodium obtusum,2/27/25,0.299,14.352,Quarter,JERC-170,dry,nodule,Fabaceae,JERC,Desmodium,Desmodieae,JERC_019,Baker County,Georgia,yes,,,20241003
JERC-171-Rh,D03,Desmodium viridiflorum,2/27/25,0,0,Quarter,JERC-171,dry,rhizosphere,Fabaceae,JERC,Desmodium,Desmodieae,JERC_019,Baker County,Georgia,yes,,,20241003
JERC-171-Ro,D03,Desmodium viridiflorum,2/27/25,0.169,8.112,Quarter,JERC-171,dry,root,Fabaceae,JERC,Desmodium,Desmodieae,JERC_019,Baker County,Georgia,yes,,,20241003
JERC-171-No,D03,Desmodium viridiflorum,2/27/25,0,0,Quarter,JERC-171,dry,nodule,Fabaceae,JERC,Desmodium,Desmodieae,JERC_019,Baker County,Georgia,yes,,,20241003
DSNY-CLFR-60-Rh,D03,Macroptilium lathyroides,2/27/25,0,0,Quarter,DSNY-CLFR-60,dry,rhizosphere,Fabaceae,DSNY,Sesbania,Sesbanieae,DSNY_021,Polk,Florida,yes,28.0490055,-81.4001861,20240821
DSNY-CLFR-60-Ro,D03,Macroptilium lathyroides,2/27/25,0,0,Quarter,DSNY-CLFR-60,dry,root,Fabaceae,DSNY,Sesbania,Sesbanieae,DSNY_021,Polk,Florida,yes,28.0490055,-81.4001861,20240821
DSNY-CLFR-60-No,D03,Macroptilium lathyroides,2/27/25,0,0,Quarter,DSNY-CLFR-60,dry,nodule,Fabaceae,DSNY,Sesbania,Sesbanieae,DSNY_021,Polk,Florida,yes,28.0490055,-81.4001861,20240821
DSNY-63-Rh,D03,Tephrosia hispidula,2/27/25,0,0,Quarter,DSNY-63,dry,rhizosphere,Fabaceae,DSNY,Tephrosia,Millettieae,DSNY_006,Polk,Florida,yes,,,20240820
DSNY-63-Ro,D03,Tephrosia hispidula,2/27/25,2.525,121.2,Quarter,DSNY-63,dry,root,Fabaceae,DSNY,Tephrosia,Millettieae,DSNY_006,Polk,Florida,yes,,,20240820
DSNY-63-No,D03,Tephrosia hispidula,2/27/25,0.191,9.168,Quarter,DSNY-63,dry,nodule,Fabaceae,DSNY,Tephrosia,Millettieae,DSNY_006,Polk,Florida,yes,,,20240820
DELA-9-1-Rh,D08,Amphicarpaea bracteata,3/3/25,0,0,Quarter,DELA-9,dry,rhizosphere,Fabaceae,DELA,Amphicarpaea,Phaseoleae,DELA_016,Green County,AL,yes,32.535793,-87.808361,8/13/24
DELA-9-1-Ro,D08,Amphicarpaea bracteata,3/3/25,0.4305,20.664,Quarter,DELA-9,dry,root,Fabaceae,DELA,Amphicarpaea,Phaseoleae,DELA_016,Green County,AL,yes,32.535793,-87.808361,8/13/24
DELA-9-1-No,D08,Amphicarpaea bracteata,3/3/25,0.171,8.208,Quarter,DELA-9,dry,nodule,Fabaceae,DELA,Amphicarpaea,Phaseoleae,DELA_016,Green County,AL,yes,32.535793,-87.808361,8/13/24
DELA-10-2-Rh,D08,Desmodium perplexum,3/3/25,7.795,374.16,Half,DELA-10,dry,rhizosphere,Fabaceae,DELA,Desmodium,Desmodieae,DELA_027,Green County,AL,yes,32.538485,-87.809529,8/13/24
DELA-10-2-Ro,D08,Desmodium perplexum,3/3/25,1.81,86.88,Quarter,DELA-10,dry,root,Fabaceae,DELA,Desmodium,Desmodieae,DELA_027,Green County,AL,yes,32.538485,-87.809529,8/13/24
DELA-10-2-No,D08,Desmodium perplexum,3/3/25,0.179,8.592,Quarter,DELA-10,dry,nodule,Fabaceae,DELA,Desmodium,Desmodieae,DELA_027,Green County,AL,yes,32.538485,-87.809529,8/13/24
DELA-13-1-Rh,D08,Hylodesmum pauciflorum,3/3/25,0,0,Quarter,DELA-13,,rhizosphere,Fabaceae,DELA,Desmodium,Desmodieae,DELA_046,Green County,AL,yes,32.54141,-87.80523,8/14/24
DELA-13-1-Ro,D08,Hylodesmum pauciflorum,3/3/25,6.97,334.56,Half,DELA-13,,root,Fabaceae,DELA,Desmodium,Desmodieae,DELA_046,Green County,AL,yes,32.54141,-87.80523,8/14/24
DELA-13-1-No,D08,Hylodesmum pauciflorum,3/3/25,0,0,Quarter,DELA-13,,nodule,Fabaceae,DELA,Desmodium,Desmodieae,DELA_046,Green County,AL,yes,32.54141,-87.80523,8/14/24
DELA-14-2-Rh,D08,Desmodium perplexum,3/3/25,0,0,Quarter,DELA-14,dry,rhizosphere,Fabaceae,DELA,Desmodium,Desmodieae,DELA_008,Green County,AL,yes,32.53861,-87.81298,8/14/24
DELA-14-2-Ro,D08,Desmodium perplexum,3/3/25,0,0,Quarter,DELA-14,dry,root,Fabaceae,DELA,Desmodium,Desmodieae,DELA_008,Green County,AL,yes,32.53861,-87.81298,8/14/24
DELA-14-2-No,D08,Desmodium perplexum,3/3/25,2.065,99.12,Quarter,DELA-14,dry,nodule,Fabaceae,DELA,Desmodium,Desmodieae,DELA_008,Green County,AL,yes,32.53861,-87.81298,8/14/24
DELA-15-1-Rh,D08,Lespedeza cuneata,3/3/25,0,0,Quarter,DELA-15,dry,rhizosphere,Fabaceae,DELA,Lespedeza,Desmodieae,DELA_008,Green County,AL,no,32.53861,-87.81298,8/14/24
DELA-15-1-Ro,D08,Lespedeza cuneata,3/3/25,0,0,Quarter,DELA-15,dry,root,Fabaceae,DELA,Lespedeza,Desmodieae,DELA_008,Green County,AL,no,32.53861,-87.81298,8/14/24
DELA-15-1-No,D08,Lespedeza cuneata,3/3/25,0,0,Quarter,DELA-15,dry,nodule,Fabaceae,DELA,Lespedeza,Desmodieae,DELA_008,Green County,AL,no,32.53861,-87.81298,8/14/24
DELA-18-2-Rh,D08,Galactia volubilis,3/3/25,0,0,Quarter,DELA-18,dry,rhizosphere,Fabaceae,DELA,Galactia,Diocleae,DELA_008,Green County,AL,yes,32.53861,-87.81298,8/14/24
DELA-18-2-Ro,D08,Galactia volubilis,3/3/25,0.4565,21.912,Quarter,DELA-18,dry,root,Fabaceae,DELA,Galactia,Diocleae,DELA_008,Green County,AL,yes,32.53861,-87.81298,8/14/24
DELA-18-2-No,D08,Galactia volubilis,3/3/25,0.11,5.28,Quarter,DELA-18,dry,nodule,Fabaceae,DELA,Galactia,Diocleae,DELA_008,Green County,AL,yes,32.53861,-87.81298,8/14/24
DELA-20-1-Rh,D08,Galactia volubilis,3/3/25,0,0,Quarter,DELA-20,,rhizosphere,Fabaceae,DELA,Galactia,Diocleae,DELA_008,Green County,AL,yes,32.53861,-87.81298,8/14/24
DELA-20-1-Ro,D08,Galactia volubilis,3/3/25,0,0,Quarter,DELA-20,,root,Fabaceae,DELA,Galactia,Diocleae,DELA_008,Green County,AL,yes,32.53861,-87.81298,8/14/24
DELA-20-1-No,D08,Galactia volubilis,3/3/25,0,0,Quarter,DELA-20,,nodule,Fabaceae,DELA,Galactia,Diocleae,DELA_008,Green County,AL,yes,32.53861,-87.81298,8/14/24
DELA-24-1-Rh,D08,Desmodium perplexum,3/3/25,0,0,Quarter,DELA-24,dry,rhizosphere,Fabaceae,DELA,Desmodium,Desmodieae,DELA_041,Green County,AL,yes,32.53927,-87.80968,8/14/24
DELA-24-1-Ro,D08,Desmodium perplexum,3/3/25,7.405,355.44,Half,DELA-24,dry,root,Fabaceae,DELA,Desmodium,Desmodieae,DELA_041,Green County,AL,yes,32.53927,-87.80968,8/14/24
DELA-24-1-No,D08,Desmodium perplexum,3/3/25,4.095,196.56,Quarter,DELA-24,dry,nodule,Fabaceae,DELA,Desmodium,Desmodieae,DELA_041,Green County,AL,yes,32.53927,-87.80968,8/14/24
DSNY-74-1-Rh,D03,Sesbania herbacea,3/3/25,0,0,Quarter,DSNY-74,dry,rhizosphere,Fabaceae,DSNY,Sesbania,Sesbanieae,DSNY_010,Polk,Florida,yes,28.1204576,-81.4390507,20240904
DSNY-74-1-Ro,D03,Sesbania herbacea,3/3/25,0,0,Quarter,DSNY-74,dry,root,Fabaceae,DSNY,Sesbania,Sesbanieae,DSNY_010,Polk,Florida,yes,28.1204576,-81.4390507,20240904
DSNY-74-1-No,D03,Sesbania herbacea,3/3/25,9.545,458.16,Half,DSNY-74,dry,nodule,Fabaceae,DSNY,Sesbania,Sesbanieae,DSNY_010,Polk,Florida,yes,28.1204576,-81.4390507,20240904
DSNY-75-1-Rh,D03,Chamaecrista nictitans,3/3/25,0,0,Quarter,DSNY-75,dry,rhizosphere,Fabaceae,DSNY,Chamaecrista,Cassieae,DSNY_010,Polk,Florida,yes,28.1137669,-81.4352667,20240904
DSNY-75-1-Ro,D03,Chamaecrista nictitans,3/3/25,0,0,Quarter,DSNY-75,dry,root,Fabaceae,DSNY,Chamaecrista,Cassieae,DSNY_010,Polk,Florida,yes,28.1137669,-81.4352667,20240904
DSNY-75-1-No,D03,Chamaecrista nictitans,3/3/25,0.0765,3.672,Quarter,DSNY-75,dry,nodule,Fabaceae,DSNY,Chamaecrista,Cassieae,DSNY_010,Polk,Florida,yes,28.1137669,-81.4352667,20240904
DSNY-76-1-Rh,D03,Chamaecrista fasciculata,3/3/25,0.9885,47.448,Quarter,DSNY-76,dry,rhizosphere,Fabaceae,DSNY,Chamaecrista,Cassieae,DSNY_010,Polk,Florida,yes,28.1137669,-81.4352667,20240904
DSNY-76-1-Ro,D03,Chamaecrista fasciculata,3/3/25,2.585,124.08,Quarter,DSNY-76,dry,root,Fabaceae,DSNY,Chamaecrista,Cassieae,DSNY_010,Polk,Florida,yes,28.1137669,-81.4352667,20240904
DSNY-76-1-No,D03,Chamaecrista fasciculata,3/3/25,0,0,Quarter,DSNY-76,dry,nodule,Fabaceae,DSNY,Chamaecrista,Cassieae,DSNY_010,Polk,Florida,yes,28.1137669,-81.4352667,20240904
DSNY-77-3-Rh,D03,Desmodium incanum,3/3/25,0,0,Quarter,DSNY-77,dry,rhizosphere,Fabaceae,DSNY,Desmodium,Desmodieae,DSNY_010,Polk,Florida,yes,28.1137669,-81.4352667,20240904
DSNY-77-3-Ro,D03,Desmodium incanum,3/3/25,0,0,Quarter,DSNY-77,dry,root,Fabaceae,DSNY,Desmodium,Desmodieae,DSNY_010,Polk,Florida,yes,28.1137669,-81.4352667,20240904
DSNY-77-3-No,D03,Desmodium incanum,3/3/25,0,0,Quarter,DSNY-77,dry,nodule,Fabaceae,DSNY,Desmodium,Desmodieae,DSNY_010,Polk,Florida,yes,28.1137669,-81.4352667,20240904
DSNY-78-1-Rh,D03,Sesbania herbacea,3/3/25,0,0,Quarter,DSNY-78,dry,rhizosphere,Fabaceae,DSNY,Sesbania,Sesbanieae,DSNY_010,Polk,Florida,yes,28.1137669,-81.4352667,20240904
DSNY-78-1-Ro,D03,Sesbania herbacea,3/3/25,3.83,183.84,Quarter,DSNY-78,dry,root,Fabaceae,DSNY,Sesbania,Sesbanieae,DSNY_010,Polk,Florida,yes,28.1137669,-81.4352667,20240904
DSNY-78-1-No,D03,Sesbania herbacea,3/3/25,9.14,438.72,Half,DSNY-78,dry,nodule,Fabaceae,DSNY,Sesbania,Sesbanieae,DSNY_010,Polk,Florida,yes,28.1137669,-81.4352667,20240904
DSNY-79-1-Rh,D03,Desmodium incanum,3/3/25,0,0,Quarter,DSNY-79,dry,rhizosphere,Fabaceae,DSNY,Desmodium,Desmodieae,DSNY_015,Polk,Florida,yes,28.1094603,-81.4310661,20240904
DSNY-79-1-Ro,D03,Desmodium incanum,3/3/25,0.8365,40.152,Quarter,DSNY-79,dry,root,Fabaceae,DSNY,Desmodium,Desmodieae,DSNY_015,Polk,Florida,yes,28.1094603,-81.4310661,20240904
DSNY-79-1-No,D03,Desmodium incanum,3/3/25,9.235,443.28,Half,DSNY-79,dry,nodule,Fabaceae,DSNY,Desmodium,Desmodieae,DSNY_015,Polk,Florida,yes,28.1094603,-81.4310661,20240904
DSNY-80-1-Rh,D03,Galactia volubilis,3/3/25,0.2805,13.464,Quarter,DSNY-80,dry,rhizosphere,Fabaceae,DSNY,Galactia,Diocleae,DSNY_015,Polk,Florida,yes,28.1094603,-81.4310661,20240904
DSNY-80-1-Ro,D03,Galactia volubilis,3/3/25,2.015,96.72,Quarter,DSNY-80,dry,root,Fabaceae,DSNY,Galactia,Diocleae,DSNY_015,Polk,Florida,yes,28.1094603,-81.4310661,20240904
DSNY-80-1-No,D03,Galactia volubilis,3/3/25,33.65,1615.2,Half,DSNY-80,dry,nodule,Fabaceae,DSNY,Galactia,Diocleae,DSNY_015,Polk,Florida,yes,28.1094603,-81.4310661,20240904
DSNY-81-1-Rh,D03,Sesbania herbacea,3/3/25,0,0,Quarter,DSNY-81,dry,rhizosphere,Fabaceae,DSNY,Sesbania,Sesbanieae,DSNY_015,Polk,Florida,yes,28.1094603,-81.4310661,20240904
DSNY-81-1-Ro,D03,Sesbania herbacea,3/3/25,1.78,85.44,Quarter,DSNY-81,dry,root,Fabaceae,DSNY,Sesbania,Sesbanieae,DSNY_015,Polk,Florida,yes,28.1094603,-81.4310661,20240904
DSNY-81-1-No,D03,Sesbania herbacea,3/3/25,0.073,3.504,Quarter,DSNY-81,dry,nodule,Fabaceae,DSNY,Sesbania,Sesbanieae,DSNY_015,Polk,Florida,yes,28.1094603,-81.4310661,20240904
JERC-38-2-Rh,D03,Desmodium cf. floridanum,3/3/25,0,0,Quarter,JERC-38,,rhizosphere,Fabaceae,JERC,Desmodium,Desmodieae,JERC_001,Baker County,Georgia,yes,,,20240604
JERC-38-2-Ro,D03,Desmodium cf. floridanum,3/3/25,2.355,113.04,Quarter,JERC-38,,root,Fabaceae,JERC,Desmodium,Desmodieae,JERC_001,Baker County,Georgia,yes,,,20240604
JERC-38-2-No,D03,Desmodium cf. floridanum,3/3/25,0.1025,4.92,Quarter,JERC-38,,nodule,Fabaceae,JERC,Desmodium,Desmodieae,JERC_001,Baker County,Georgia,yes,,,20240604
JERC-39-5-Rh,D03,Stylosanthes biflora,3/3/25,0,0,Quarter,JERC-39,,rhizosphere,Fabaceae,JERC,Stylosanthes,Dalbergieae,JERC_003,Baker County,Georgia,yes,,,20240604
JERC-39-5-Ro,D03,Stylosanthes biflora,3/3/25,0.7385,35.448,Quarter,JERC-39,,root,Fabaceae,JERC,Stylosanthes,Dalbergieae,JERC_003,Baker County,Georgia,yes,,,20240604
JERC-39-5-No,D03,Stylosanthes biflora,3/3/25,4.145,198.96,Quarter,JERC-39,,nodule,Fabaceae,JERC,Stylosanthes,Dalbergieae,JERC_003,Baker County,Georgia,yes,,,20240604
JERC-40-2-Rh,D03,Centrosema virginiana,3/3/25,0,0,Quarter,JERC-40,,rhizosphere,Fabaceae,JERC,Centrosema,Phaseoleae,JERC_003,Baker County,Georgia,yes,,,20240604
JERC-40-2-Ro,D03,Centrosema virginiana,3/3/25,2.685,128.88,Quarter,JERC-40,,root,Fabaceae,JERC,Centrosema,Phaseoleae,JERC_003,Baker County,Georgia,yes,,,20240604
JERC-40-2-No,D03,Centrosema virginiana,3/3/25,26.8,1286.4,Half,JERC-40,,nodule,Fabaceae,JERC,Centrosema,Phaseoleae,JERC_003,Baker County,Georgia,yes,,,20240604
JERC-41-2-Rh,D03,Indigofera hirsuta,3/3/25,0,0,Quarter,JERC-41,,rhizosphere,Fabaceae,JERC,Indigofera,Indigofereae,JERC_003,Baker County,Georgia,no,31.19648,-84.474471,20240604
JERC-41-2-Ro,D03,Indigofera hirsuta,3/3/25,4.26,204.48,Quarter,JERC-41,,root,Fabaceae,JERC,Indigofera,Indigofereae,JERC_003,Baker County,Georgia,no,31.19648,-84.474471,20240604
JERC-41-2-No,D03,Indigofera hirsuta,3/3/25,9.495,455.76,Half,JERC-41,,nodule,Fabaceae,JERC,Indigofera,Indigofereae,JERC_003,Baker County,Georgia,no,31.19648,-84.474471,20240604
HEAL-11-1-Rh,D19,Alnus viridis,3/3/25,0,0,Quarter,HEAL-11,ethanol,rhizosphere,Betulaceae,HEAL,Alnus,actinorhizal,HEAL_001,Denali Borough ,Alaska ,yes,63.88839 N,149.20410 W,20240725
HEAL-11-1-Ro,D19,Alnus viridis,3/3/25,2.345,112.56,Quarter,HEAL-11,ethanol,root,Betulaceae,HEAL,Alnus,actinorhizal,HEAL_001,Denali Borough ,Alaska ,yes,63.88839 N,149.20410 W,20240725
HEAL-11-1-No,D19,Alnus viridis,3/3/25,7.265,348.72,Half,HEAL-11,ethanol,nodule,Betulaceae,HEAL,Alnus,actinorhizal,HEAL_001,Denali Borough ,Alaska ,yes,63.88839 N,149.20410 W,20240725
HEAL-12-1-Rh,D19,Alnus viridis,3/3/25,0,0,Quarter,HEAL-12,ethanol,rhizosphere,Betulaceae,HEAL,Alnus,actinorhizal,HEAL_001,Denali Borough ,Alaska ,yes,63.88839 N,149.20410 W,20240725
HEAL-12-1-Ro,D19,Alnus viridis,3/3/25,1.475,70.8,Quarter,HEAL-12,ethanol,root,Betulaceae,HEAL,Alnus,actinorhizal,HEAL_001,Denali Borough ,Alaska ,yes,63.88839 N,149.20410 W,20240725
HEAL-12-1-No,D19,Alnus viridis,3/3/25,6.625,318,Half,HEAL-12,ethanol,nodule,Betulaceae,HEAL,Alnus,actinorhizal,HEAL_001,Denali Borough ,Alaska ,yes,63.88839 N,149.20410 W,20240725
HEAL-13-1-Rh,D19,Alnus viridis,3/3/25,0,0,Quarter,HEAL-13,ethanol,rhizosphere,Betulaceae,HEAL,Alnus,actinorhizal,HEAL_001,Denali Borough ,Alaska ,yes,63.88839 N,149.20410 W,20240725
HEAL-13-1-Ro,D19,Alnus viridis,3/3/25,5.135,246.48,Quarter,HEAL-13,ethanol,root,Betulaceae,HEAL,Alnus,actinorhizal,HEAL_001,Denali Borough ,Alaska ,yes,63.88839 N,149.20410 W,20240725
HEAL-13-1-No,D19,Alnus viridis,3/3/25,3.455,165.84,Quarter,HEAL-13,ethanol,nodule,Betulaceae,HEAL,Alnus,actinorhizal,HEAL_001,Denali Borough ,Alaska ,yes,63.88839 N,149.20410 W,20240725
HEAL-14-1-Rh,D19,Alnus viridis,3/3/25,0,0,Quarter,HEAL-14,ethanol,rhizosphere,Betulaceae,HEAL,Alnus,actinorhizal,HEAL_001,Denali Borough ,Alaska ,yes,63.88836 N,149.20340 W,20240725
HEAL-14-1-Ro,D19,Alnus viridis,3/3/25,4.26,204.48,Quarter,HEAL-14,ethanol,root,Betulaceae,HEAL,Alnus,actinorhizal,HEAL_001,Denali Borough ,Alaska ,yes,63.88836 N,149.20340 W,20240725
HEAL-14-1-No,D19,Alnus viridis,3/3/25,1.055,50.64,Quarter,HEAL-14,ethanol,nodule,Betulaceae,HEAL,Alnus,actinorhizal,HEAL_001,Denali Borough ,Alaska ,yes,63.88836 N,149.20340 W,20240725
HEAL-15-1-Rh,D19,Alnus viridis,3/3/25,0,0,Quarter,HEAL-15,ethanol,rhizosphere,Betulaceae,HEAL,Alnus,actinorhizal,HEAL_001,Denali Borough ,Alaska ,yes,63.88836 N,149.20340 W,20240725
HEAL-15-1-Ro,D19,Alnus viridis,3/3/25,7.395,354.96,Half,HEAL-15,ethanol,root,Betulaceae,HEAL,Alnus,actinorhizal,HEAL_001,Denali Borough ,Alaska ,yes,63.88836 N,149.20340 W,20240725
HEAL-15-1-No,D19,Alnus viridis,3/3/25,18.2,873.6,Half,HEAL-15,ethanol,nodule,Betulaceae,HEAL,Alnus,actinorhizal,HEAL_001,Denali Borough ,Alaska ,yes,63.88836 N,149.20340 W,20240725
BONA-1-1-Rh,D19,Alnus viridis,3/3/25,0,0,Quarter,BONA-1,ethanol,rhizosphere,Betulaceae,BONA,Alnus,actinorhizal,BONA_072,,Alaska ,yes,,,20240829
BONA-1-1-Ro,D19,Alnus viridis,3/3/25,0.07,3.36,Quarter,BONA-1,ethanol,root,Betulaceae,BONA,Alnus,actinorhizal,BONA_072,,Alaska ,yes,,,20240829
BONA-1-1-No,D19,Alnus viridis,3/3/25,9.05,434.4,Half,BONA-1,ethanol,nodule,Betulaceae,BONA,Alnus,actinorhizal,BONA_072,,Alaska ,yes,,,20240829
BONA-3-1-Rh,D19,Alnus viridis,3/3/25,0,0,Quarter,BONA-3,ethanol,rhizosphere,Betulaceae,BONA,Alnus,actinorhizal,BONA_072,,Alaska ,yes,65.15685,-147.50303,20240829
BONA-3-1-Ro,D19,Alnus viridis,3/3/25,1.26,60.48,Quarter,BONA-3,ethanol,root,Betulaceae,BONA,Alnus,actinorhizal,BONA_072,,Alaska ,yes,65.15685,-147.50303,20240829
BONA-3-1-No,D19,Alnus viridis,3/3/25,3.06,146.88,Quarter,BONA-3,ethanol,nodule,Betulaceae,BONA,Alnus,actinorhizal,BONA_072,,Alaska ,yes,65.15685,-147.50303,20240829
BONA-4-Rh,D19,Alnus viridis,3/3/25,0,0,Quarter,BONA-4,ethanol,rhizosphere,Betulaceae,BONA,Alnus,actinorhizal,BONA_072,,Alaska ,yes,,,20240829
BONA-4-Ro,D19,Alnus viridis,3/3/25,2.435,116.88,Quarter,BONA-4,ethanol,root,Betulaceae,BONA,Alnus,actinorhizal,BONA_072,,Alaska ,yes,,,20240829
BONA-4-No,D19,Alnus viridis,3/3/25,6.52,312.96,Half,BONA-4,ethanol,nodule,Betulaceae,BONA,Alnus,actinorhizal,BONA_072,,Alaska ,yes,,,20240829
BONA-5-Rh,D19,Alnus viridis,3/6/25,0,0,Quarter,BONA-5,ethanol,rhizosphere,Betulaceae,BONA,Alnus,actinorhizal,BONA_072,,Alaska ,yes,,,20240829
BONA-5-Ro,D19,Alnus viridis,3/6/25,4.595,220.56,Quarter,BONA-5,ethanol,root,Betulaceae,BONA,Alnus,actinorhizal,BONA_072,,Alaska ,yes,,,20240829
BONA-5-No,D19,Alnus viridis,3/6/25,2.8,134.4,Quarter,BONA-5,ethanol,nodule,Betulaceae,BONA,Alnus,actinorhizal,BONA_072,,Alaska ,yes,,,20240829
BONA-10-Rh,D19,Alnus viridis,3/6/25,0,0,Quarter,BONA-10,ethanol,rhizosphere,Betulaceae,BONA,Alnus,actinorhizal,BONA_003,,Alaska ,yes,,,20240909
BONA-10-Ro,D19,Alnus viridis,3/6/25,2.915,139.92,Quarter,BONA-10,ethanol,root,Betulaceae,BONA,Alnus,actinorhizal,BONA_003,,Alaska ,yes,,,20240909
BONA-10-No,D19,Alnus viridis,3/6/25,18.25,876,Half,BONA-10,ethanol,nodule,Betulaceae,BONA,Alnus,actinorhizal,BONA_003,,Alaska ,yes,,,20240909
BONA-11-1-Rh,D19,Alnus viridis,3/6/25,0,0,Quarter,BONA-11,ethanol,rhizosphere,Betulaceae,BONA,Alnus,actinorhizal,BONA_003,,Alaska ,yes,,,20240909
BONA-11-1-Ro,D19,Alnus viridis,3/6/25,2.035,97.68,Quarter,BONA-11,ethanol,root,Betulaceae,BONA,Alnus,actinorhizal,BONA_003,,Alaska ,yes,,,20240909
BONA-11-1-No,D19,Alnus viridis,3/6/25,13.4,643.2,Half,BONA-11,ethanol,nodule,Betulaceae,BONA,Alnus,actinorhizal,BONA_003,,Alaska ,yes,,,20240909
BONA-12-1-Rh,D19,Alnus viridis,3/6/25,0,0,Quarter,BONA-12,ethanol,rhizosphere,Betulaceae,BONA,Alnus,actinorhizal,BONA_003,,Alaska ,yes,,,20240909
BONA-12-1-Ro,D19,Alnus viridis,3/6/25,4.565,219.12,Quarter,BONA-12,ethanol,root,Betulaceae,BONA,Alnus,actinorhizal,BONA_003,,Alaska ,yes,,,20240909
BONA-12-1-No,D19,Alnus viridis,3/6/25,25.65,1231.2,Half,BONA-12,ethanol,nodule,Betulaceae,BONA,Alnus,actinorhizal,BONA_003,,Alaska ,yes,,,20240909
BONA-13-1-Rh,D19,Alnus viridis,3/6/25,0,0,Quarter,BONA-13,ethanol,rhizosphere,Betulaceae,BONA,Alnus,actinorhizal,BONA_003,,Alaska ,yes,,,20240909
BONA-13-1-Ro,D19,Alnus viridis,3/6/25,1.015,48.72,Quarter,BONA-13,ethanol,root,Betulaceae,BONA,Alnus,actinorhizal,BONA_003,,Alaska ,yes,,,20240909
BONA-13-1-No,D19,Alnus viridis,3/6/25,24.75,1188,Half,BONA-13,ethanol,nodule,Betulaceae,BONA,Alnus,actinorhizal,BONA_003,,Alaska ,yes,,,20240909
BONA-14-Rh,D19,Alnus viridis,3/6/25,0,0,Quarter,BONA-14,ethanol,rhizosphere,Betulaceae,BONA,Alnus,actinorhizal,BONA_003,,Alaska ,yes,,,20240909
BONA-14-Ro,D19,Alnus viridis,3/6/25,3.14,150.72,Quarter,BONA-14,ethanol,root,Betulaceae,BONA,Alnus,actinorhizal,BONA_003,,Alaska ,yes,,,20240909
BONA-14-No,D19,Alnus viridis,3/6/25,4.2,201.6,Quarter,BONA-14,ethanol,nodule,Betulaceae,BONA,Alnus,actinorhizal,BONA_003,,Alaska ,yes,,,20240909
YELL-1-2-Rh,D12,Lupinus sericieus,3/6/25,0,0,Quarter,YELL-1,ethanol,rhizosphere,Fabaceae,YELL,Lupinus,Genisteae,YELL_004,Park County,WY,yes,44.962834,-110.593234,6/17/24
YELL-1-2-Ro,D12,Lupinus sericieus,3/6/25,2.735,131.28,Quarter,YELL-1,ethanol,root,Fabaceae,YELL,Lupinus,Genisteae,YELL_004,Park County,WY,yes,44.962834,-110.593234,6/17/24
YELL-1-2-No,D12,Lupinus sericieus,3/6/25,0.077,3.696,Quarter,YELL-1,ethanol,nodule,Fabaceae,YELL,Lupinus,Genisteae,YELL_004,Park County,WY,yes,44.962834,-110.593234,6/17/24
YELL-2-2-Rh,D12,Lupinus sericieus,3/6/25,0,0,Quarter,YELL-2,ethanol,rhizosphere,Fabaceae,YELL,Lupinus,Genisteae,YELL_019,Park County,WY,yes,,,7/11/24
YELL-2-2-Ro,D12,Lupinus sericieus,3/6/25,0.6075,29.16,Quarter,YELL-2,ethanol,root,Fabaceae,YELL,Lupinus,Genisteae,YELL_019,Park County,WY,yes,,,7/11/24
YELL-2-2-No,D12,Lupinus sericieus,3/6/25,1.28,61.44,Quarter,YELL-2,ethanol,nodule,Fabaceae,YELL,Lupinus,Genisteae,YELL_019,Park County,WY,yes,,,7/11/24
JERC-84-3-Rh,D03,Desmodium floridanum,3/6/25,0,0,Quarter,JERC-84,dry,rhizosphere,Fabaceae,JERC,Desmodium,Desmodieae,JERC_001,Baker County,Georgia,yes,,,20240618
JERC-84-3-Ro,D03,Desmodium floridanum,3/6/25,0.0525,2.52,Quarter,JERC-84,dry,root,Fabaceae,JERC,Desmodium,Desmodieae,JERC_001,Baker County,Georgia,yes,,,20240618
JERC-84-3-No,D03,Desmodium floridanum,3/6/25,3.22,154.56,Quarter,JERC-84,dry,nodule,Fabaceae,JERC,Desmodium,Desmodieae,JERC_001,Baker County,Georgia,yes,,,20240618
JERC-85-2-Rh,D03,Centrosema virginiana,3/6/25,0,0,Quarter,JERC-85,dry,rhizosphere,Fabaceae,JERC,Centrosema,Phaseoleae,JERC_001,Baker County,Georgia,yes,,,20240618
JERC-85-2-Ro,D03,Centrosema virginiana,3/6/25,1.435,68.88,Quarter,JERC-85,dry,root,Fabaceae,JERC,Centrosema,Phaseoleae,JERC_001,Baker County,Georgia,yes,,,20240618
JERC-85-2-No,D03,Centrosema virginiana,3/6/25,41.25,1980,Half,JERC-85,dry,nodule,Fabaceae,JERC,Centrosema,Phaseoleae,JERC_001,Baker County,Georgia,yes,,,20240618
JERC-107-1-Rh,D03,Crotalaria purshii,3/6/25,0,0,Quarter,JERC-107,,rhizosphere,Fabaceae,JERC,Crotalaria,Crotalarieae,JERC_048,Baker County,Georgia,yes,31.19645727,-84.46191333,20240709
JERC-107-1-Ro,D03,Crotalaria purshii,3/6/25,0,0,Quarter,JERC-107,,root,Fabaceae,JERC,Crotalaria,Crotalarieae,JERC_048,Baker County,Georgia,yes,31.19645727,-84.46191333,20240709
JERC-107-1-No,D03,Crotalaria purshii,3/6/25,0.114,5.472,Quarter,JERC-107,,nodule,Fabaceae,JERC,Crotalaria,Crotalarieae,JERC_048,Baker County,Georgia,yes,31.19645727,-84.46191333,20240709
DEJU-8-1-Rh,D19,Alnus viridis,3/6/25,0,0,Quarter,DEJU-8,ethanol,rhizosphere,Betulaceae,DEJU,Alnus,actinorhizal,DEJU_047,,Alaska,yes,,,
DEJU-8-1-Ro,D19,Alnus viridis,3/6/25,4.21,202.08,Quarter,DEJU-8,ethanol,root,Betulaceae,DEJU,Alnus,actinorhizal,DEJU_047,,Alaska,yes,,,
DEJU-8-1-No,D19,Alnus viridis,3/6/25,6.185,296.88,Half,DEJU-8,ethanol,nodule,Betulaceae,DEJU,Alnus,actinorhizal,DEJU_047,,Alaska,yes,,,
BONA-2-Rh,D19,Alnus viridis,3/6/25,0.114,5.472,Quarter,BONA-2,ethanol,rhizosphere,Betulaceae,BONA,Alnus,actinorhizal,BONA_072,,Alaska ,yes,,,20240829
BONA-2-Ro,D19,Alnus viridis,3/6/25,14.75,708,Half,BONA-2,ethanol,root,Betulaceae,BONA,Alnus,actinorhizal,BONA_072,,Alaska ,yes,,,20240829
BONA-2-No,D19,Alnus viridis,3/6/25,3.08,147.84,Quarter,BONA-2,ethanol,nodule,Betulaceae,BONA,Alnus,actinorhizal,BONA_072,,Alaska ,yes,,,20240829
BONA-7-Rh,D19,Alnus incana,3/6/25,0.2595,12.456,Quarter,BONA-7,ethanol,rhizosphere,Betulaceae,BONA,Alnus,actinorhizal,BONA_088,,Alaska ,yes,65.15708,-147.50507,20240829
BONA-7-Ro,D19,Alnus incana,3/6/25,2.725,130.8,Quarter,BONA-7,ethanol,root,Betulaceae,BONA,Alnus,actinorhizal,BONA_088,,Alaska ,yes,65.15708,-147.50507,20240829
BONA-7-No,D19,Alnus incana,3/6/25,27.45,1317.6,Half,BONA-7,ethanol,nodule,Betulaceae,BONA,Alnus,actinorhizal,BONA_088,,Alaska ,yes,65.15708,-147.50507,20240829
BONA-8-Rh,D19,Alnus viridis,3/6/25,0.707,33.936,Quarter,BONA-8,ethanol,rhizosphere,Betulaceae,BONA,Alnus,actinorhizal,BONA_088,,Alaska ,yes,65.15709,-147.50527,20240829
BONA-8-Ro,D19,Alnus viridis,3/6/25,25.5,1224,Half,BONA-8,ethanol,root,Betulaceae,BONA,Alnus,actinorhizal,BONA_088,,Alaska ,yes,65.15709,-147.50527,20240829
BONA-8-No,D19,Alnus viridis,3/6/25,11.35,544.8,Half,BONA-8,ethanol,nodule,Betulaceae,BONA,Alnus,actinorhizal,BONA_088,,Alaska ,yes,65.15709,-147.50527,20240829
BONA-9-Rh,D19,Alnus viridis,3/6/25,0,0,Quarter,BONA-9,ethanol,rhizosphere,Betulaceae,BONA,Alnus,actinorhizal,BONA_088,,Alaska ,yes,65.15709,-147.50527,20240829
BONA-9-Ro,D19,Alnus viridis,3/6/25,3.17,152.16,Quarter,BONA-9,ethanol,root,Betulaceae,BONA,Alnus,actinorhizal,BONA_088,,Alaska ,yes,65.15709,-147.50527,20240829
BONA-9-No,D19,Alnus viridis,3/6/25,15.25,732,Half,BONA-9,ethanol,nodule,Betulaceae,BONA,Alnus,actinorhizal,BONA_088,,Alaska ,yes,65.15709,-147.50527,20240829
DSNY-83-1-Rh,D03,Alysicarpus vaginalis,3/6/25,0,0,Quarter,DSNY-83,dry,rhizosphere,Fabaceae,DSNY,Alysicarpus,Desmodieae,DSNY_015,Polk,Florida,yes,28.1094133,-81.4308468,20240904
DSNY-83-1-Ro,D03,Alysicarpus vaginalis,3/6/25,0,0,Quarter,DSNY-83,dry,root,Fabaceae,DSNY,Alysicarpus,Desmodieae,DSNY_015,Polk,Florida,yes,28.1094133,-81.4308468,20240904
DSNY-83-1-No,D03,Alysicarpus vaginalis,3/6/25,15.75,756,Half,DSNY-83,dry,nodule,Fabaceae,DSNY,Alysicarpus,Desmodieae,DSNY_015,Polk,Florida,yes,28.1094133,-81.4308468,20240904
DSNY-83-2-Rh,D03,Alysicarpus vaginalis,3/6/25,0,0,Quarter,DSNY-83,dry,rhizosphere,Fabaceae,DSNY,Alysicarpus,Desmodieae,DSNY_015,Polk,Florida,yes,28.1094133,-81.4308468,20240904
DSNY-83-2-Ro,D03,Alysicarpus vaginalis,3/6/25,0,0,Quarter,DSNY-83,dry,root,Fabaceae,DSNY,Alysicarpus,Desmodieae,DSNY_015,Polk,Florida,yes,28.1094133,-81.4308468,20240904
DSNY-83-2-No,D03,Alysicarpus vaginalis,3/6/25,0,0,Quarter,DSNY-83,dry,nodule,Fabaceae,DSNY,Alysicarpus,Desmodieae,DSNY_015,Polk,Florida,yes,28.1094133,-81.4308468,20240904
DSNY-83-3-Rh,D03,Alysicarpus vaginalis,3/6/25,0,0,Quarter,DSNY-83,dry,rhizosphere,Fabaceae,DSNY,Alysicarpus,Desmodieae,DSNY_015,Polk,Florida,yes,28.1094133,-81.4308468,20240904
DSNY-83-3-Ro,D03,Alysicarpus vaginalis,3/6/25,0,0,Quarter,DSNY-83,dry,root,Fabaceae,DSNY,Alysicarpus,Desmodieae,DSNY_015,Polk,Florida,yes,28.1094133,-81.4308468,20240904
DSNY-83-3-No,D03,Alysicarpus vaginalis,3/6/25,0.3365,16.152,Quarter,DSNY-83,dry,nodule,Fabaceae,DSNY,Alysicarpus,Desmodieae,DSNY_015,Polk,Florida,yes,28.1094133,-81.4308468,20240904
DSNY-83-4-Rh,D03,Alysicarpus vaginalis,3/6/25,0,0,Quarter,DSNY-83,dry,rhizosphere,Fabaceae,DSNY,Alysicarpus,Desmodieae,DSNY_015,Polk,Florida,yes,28.1094133,-81.4308468,20240904
DSNY-83-4-Ro,D03,Alysicarpus vaginalis,3/6/25,0,0,Quarter,DSNY-83,dry,root,Fabaceae,DSNY,Alysicarpus,Desmodieae,DSNY_015,Polk,Florida,yes,28.1094133,-81.4308468,20240904
DSNY-83-5-Rh,D03,Alysicarpus vaginalis,3/6/25,0,0,Quarter,DSNY-83,dry,rhizosphere,Fabaceae,DSNY,Alysicarpus,Desmodieae,DSNY_015,Polk,Florida,yes,28.1094133,-81.4308468,20240904
DSNY-83-5-Ro,D03,Alysicarpus vaginalis,3/6/25,0,0,Quarter,DSNY-83,dry,root,Fabaceae,DSNY,Alysicarpus,Desmodieae,DSNY_015,Polk,Florida,yes,28.1094133,-81.4308468,20240904
DSNY-83-5-No,D03,Alysicarpus vaginalis,3/6/25,0,0,Quarter,DSNY-83,dry,nodule,Fabaceae,DSNY,Alysicarpus,Desmodieae,DSNY_015,Polk,Florida,yes,28.1094133,-81.4308468,20240904
OSBS-65-1-Rh,D03,Crotalaria rotundifolia,3/6/25,0,0,Quarter,OSBS-65,dry,rhizosphere,Fabaceae,OSBS,Crotalaria,Crotalarieae,OSBS_008,Putnam,FL,yes,,,20240723
OSBS-65-1-No,D03,Crotalaria rotundifolia,3/6/25,0,0,Quarter,OSBS-65,dry,nodule,Fabaceae,OSBS,Crotalaria,Crotalarieae,OSBS_008,Putnam,FL,yes,,,20240723
OSBS-66-1-Rh,D03,Chamaecrista nictitans,3/6/25,0,0,Quarter,OSBS-66,dry,rhizosphere,Fabaceae,OSBS,Chamaecrista,Cassieae,OSBS_008,Putnam,FL,yes,, ,20240723
OSBS-66-1-No,D03,Chamaecrista nictitans,3/6/25,0,0,Quarter,OSBS-66,dry,nodule,Fabaceae,OSBS,Chamaecrista,Cassieae,OSBS_008,Putnam,FL,yes,, ,20240723
ORNL-9-1-Rh,D07,Lespedeza cuneata,3/6/25,30.55,1466.4,Half,ORNL-9,dry,rhizosphere,Fabaceae,ORNL,Lespedeza,Desmodieae,ORNL_046,Anderson,TN,no,35.964444,-84.285833,7/9/24
ORNL-9-1-Ro,D07,Lespedeza cuneata,3/6/25,0,0,Quarter,ORNL-9,dry,root,Fabaceae,ORNL,Lespedeza,Desmodieae,ORNL_046,Anderson,TN,no,35.964444,-84.285833,7/9/24
ORNL-9-1-No,D07,Lespedeza cuneata,3/6/25,0,0,Quarter,ORNL-9,dry,nodule,Fabaceae,ORNL,Lespedeza,Desmodieae,ORNL_046,Anderson,TN,no,35.964444,-84.285833,7/9/24
ORNL-10-1-Rh,D07,Desmodium viridiflorum,3/6/25,4.455,213.84,Quarter,ORNL-10,dry,rhizosphere,Fabaceae,ORNL,Desmodium,Desmodieae,ORNL_047,Anderson,TN,yes,35.9525,-84.22,7/11/24
ORNL-10-1-Ro,D07,Desmodium viridiflorum,3/6/25,0.244,11.712,Quarter,ORNL-10,dry,root,Fabaceae,ORNL,Desmodium,Desmodieae,ORNL_047,Anderson,TN,yes,35.9525,-84.22,7/11/24
ORNL-10-1-No,D07,Desmodium viridiflorum,3/6/25,0,0,Quarter,ORNL-10,dry,nodule,Fabaceae,ORNL,Desmodium,Desmodieae,ORNL_047,Anderson,TN,yes,35.9525,-84.22,7/11/24
OAES-35-1-Rh,D11,Amorpha fruticosa,3/6/25,0,0,Quarter,OAES-35,ethanol,rhizosphere,Fabaceae,OAES,Amorpha,Amorpheae,OAES_011_R,Washita,OK,yes,35.40049,-99.06592,8/21/24
OAES-35-1-Ro,D11,Amorpha fruticosa,3/6/25,0,0,Quarter,OAES-35,ethanol,root,Fabaceae,OAES,Amorpha,Amorpheae,OAES_011_R,Washita,OK,yes,35.40049,-99.06592,8/21/24
OAES-35-1-No,D11,Amorpha fruticosa,3/6/25,0,0,Quarter,OAES-35,ethanol,nodule,Fabaceae,OAES,Amorpha,Amorpheae,OAES_011_R,Washita,OK,yes,35.40049,-99.06592,8/21/24
CLBJ-36-1-Rh,D11,Trifolium arvense,3/6/25,0,0,Quarter,CLBJ-36,ethanol,rhizosphere,Fabaceae,CLBJ,Trifolium,Trifolieae,CLBJ_032_R,Wise,TX,no,33.406134,-97.593996,6/13/24
CLBJ-36-1-Ro,D11,Trifolium arvense,3/6/25,0.217,10.416,Quarter,CLBJ-36,ethanol,root,Fabaceae,CLBJ,Trifolium,Trifolieae,CLBJ_032_R,Wise,TX,no,33.406134,-97.593996,6/13/24
CLBJ-36-1-No,D11,Trifolium arvense,3/6/25,0,0,Quarter,CLBJ-36,ethanol,nodule,Fabaceae,CLBJ,Trifolium,Trifolieae,CLBJ_032_R,Wise,TX,no,33.406134,-97.593996,6/13/24
CLBJ-37-1-Rh,D11,Trifolium vessiculosum,3/6/25,0,0,Quarter,CLBJ-37,ethanol,rhizosphere,Fabaceae,CLBJ,Trifolium,Trifolieae,CLBJ_032_R,Wise,TX,no,33.406134,-97.593996,6/13/24
CLBJ-37-1-Ro,D11,Trifolium vessiculosum,3/6/25,0.092,4.416,Quarter,CLBJ-37,ethanol,root,Fabaceae,CLBJ,Trifolium,Trifolieae,CLBJ_032_R,Wise,TX,no,33.406134,-97.593996,6/13/24
CLBJ-37-1-No,D11,Trifolium vessiculosum,3/6/25,0,0,Quarter,CLBJ-37,ethanol,nodule,Fabaceae,CLBJ,Trifolium,Trifolieae,CLBJ_032_R,Wise,TX,no,33.406134,-97.593996,6/13/24
CLBJ-38-1-Rh,D11,Desmodium sessifolium,3/6/25,0,0,Quarter,CLBJ-38,ethanol,rhizosphere,Fabaceae,CLBJ,Desmodium,Desmodieae,CLBJ_032_R,Wise,TX,yes,33.406134,-97.593996,6/18/24
CLBJ-38-1-No,D11,Desmodium sessifolium,3/6/25,0,0,Quarter,CLBJ-38,ethanol,nodule,Fabaceae,CLBJ,Desmodium,Desmodieae,CLBJ_032_R,Wise,TX,yes,33.406134,-97.593996,6/18/24
OSBS-35-1-Rh,D03,Chapmannia floridana,3/6/25,0,0,Quarter,OSBS-35,,rhizosphere,Fabaceae,OSBS,Chapmannia,Dalbergieae,OSBS_006,Putnam,FL,yes,,,20240611
OSBS-35-1-Ro,D03,Chapmannia floridana,3/6/25,1.695,81.36,Quarter,OSBS-35,,root,Fabaceae,OSBS,Chapmannia,Dalbergieae,OSBS_006,Putnam,FL,yes,,,20240611
OSBS-44-1-Rh,D03,Pediomelum canescens,3/6/25,0,0,Quarter,OSBS-44,dry,rhizosphere,Fabaceae,OSBS,Pediomelum,Psoraleeae,OSBS_026,Putnam,FL,yes,,,20240617
OSBS-44-1-Ro,D03,Pediomelum canescens,3/6/25,0.0525,2.52,Quarter,OSBS-44,dry,root,Fabaceae,OSBS,Pediomelum,Psoraleeae,OSBS_026,Putnam,FL,yes,,,20240617
OSBS-44-1-No,D03,Pediomelum canescens,3/6/25,0,0,Quarter,OSBS-44,dry,nodule,Fabaceae,OSBS,Pediomelum,Psoraleeae,OSBS_026,Putnam,FL,yes,,,20240617
OSBS-45-1-Rh,D03,Crotalaria maritima,3/6/25,0,0,Quarter,OSBS-45,dry,rhizosphere,Fabaceae,OSBS,Crotalaria,Crotalarieae,OSBS_026,Putnam,FL,yes,,,20240617
OSBS-45-1-Ro,D03,Crotalaria maritima,3/6/25,0.7695,36.936,Quarter,OSBS-45,dry,root,Fabaceae,OSBS,Crotalaria,Crotalarieae,OSBS_026,Putnam,FL,yes,,,20240617
OSBS-45-1-No,D03,Crotalaria maritima,3/6/25,0,0,Quarter,OSBS-45,dry,nodule,Fabaceae,OSBS,Crotalaria,Crotalarieae,OSBS_026,Putnam,FL,yes,,,20240617
OSBS-46-1-Rh,D03,Crotalaria maritima,3/6/25,0,0,Quarter,OSBS-46,dry,rhizosphere,Fabaceae,OSBS,Crotalaria,Crotalarieae,OSBS_002,Putnam,FL,yes,,,20240617
OSBS-46-1-Ro,D03,Crotalaria maritima,3/6/25,0.057,2.736,Quarter,OSBS-46,dry,root,Fabaceae,OSBS,Crotalaria,Crotalarieae,OSBS_002,Putnam,FL,yes,,,20240617
OSBS-46-1-No,D03,Crotalaria maritima,3/6/25,0,0,Quarter,OSBS-46,dry,nodule,Fabaceae,OSBS,Crotalaria,Crotalarieae,OSBS_002,Putnam,FL,yes,,,20240617
OSBS-49-1-Rh,D03,Lespedeza hirta,3/6/25,0,0,Quarter,OSBS-49,dry,rhizosphere,Fabaceae,OSBS,Lespedeza,Desmodieae,OSBS_002,Putnam,FL,yes,,,20240618
OSBS-49-1-Ro,D03,Lespedeza hirta,3/6/25,0.8215,39.432,Quarter,OSBS-49,dry,root,Fabaceae,OSBS,Lespedeza,Desmodieae,OSBS_002,Putnam,FL,yes,,,20240618
OSBS-49-1-No,D03,Lespedeza hirta,3/6/25,0,0,Quarter,OSBS-49,dry,nodule,Fabaceae,OSBS,Lespedeza,Desmodieae,OSBS_002,Putnam,FL,yes,,,20240618
OSBS-51-1-Rh,D03,Mimosa quadrivalvus,3/6/25,0,0,Quarter,OSBS-51,dry,rhizosphere,Fabaceae,OSBS,Mimosa,Mimosoideae,OSBS_002,Putnam,FL,yes,,,20240618
OSBS-51-1-Ro,D03,Mimosa quadrivalvus,3/6/25,2.72,130.56,Quarter,OSBS-51,dry,root,Fabaceae,OSBS,Mimosa,Mimosoideae,OSBS_002,Putnam,FL,yes,,,20240618
OSBS-51-1-No,D03,Mimosa quadrivalvus,3/6/25,0.148,7.104,Quarter,OSBS-51,dry,nodule,Fabaceae,OSBS,Mimosa,Mimosoideae,OSBS_002,Putnam,FL,yes,,,20240618
OSBS-52-2-Rh,D03,Morella cerifera,3/6/25,0.1245,5.976,Quarter,OSBS-52,dry,rhizosphere,Myricaceae,OSBS,Morella,actinorhizal,OSBS_004,Putnam,FL,yes,,,20240618
OSBS-52-2-Ro,D03,Morella cerifera,3/6/25,0.7295,35.016,Quarter,OSBS-52,dry,root,Myricaceae,OSBS,Morella,actinorhizal,OSBS_004,Putnam,FL,yes,,,20240618
OSBS-52-2-No,D03,Morella cerifera,3/6/25,4.69,225.12,Quarter,OSBS-52,dry,nodule,Myricaceae,OSBS,Morella,actinorhizal,OSBS_004,Putnam,FL,yes,,,20240618
OSBS-55-1-Rh,D03,Lespedeza hirta,3/6/25,0,0,Quarter,OSBS-55,dry,rhizosphere,Fabaceae,OSBS,Lespedeza,Desmodieae,OSBS_063,Putnam,FL,yes,,,20240618
OSBS-55-1-Ro,D03,Lespedeza hirta,3/6/25,0.478,22.944,Quarter,OSBS-55,dry,root,Fabaceae,OSBS,Lespedeza,Desmodieae,OSBS_063,Putnam,FL,yes,,,20240618
OSBS-55-1-No,D03,Lespedeza hirta,3/6/25,0,0,Quarter,OSBS-55,dry,nodule,Fabaceae,OSBS,Lespedeza,Desmodieae,OSBS_063,Putnam,FL,yes,,,20240618
MC-1,,ZymoBIOMICS mock community,3/19/25,100,2000,Half,Mock community,,Mock community,,,,,,,,0,,,
MC-2,,ZymoBIOMICS mock community,3/19/25,100,2000,Half,Mock community,,Mock community,,,,,,,,0,,,
LAJA-8-2-Rh,D04,Desmodium incanum,3/19/25,0.0595,2.856,Quarter,LAJA-8,dry,rhizosphere,Fabaceae,LAJA,Desmodium,Desmodieae,LAJA_015,LAJA,P.R,yes,18.034464,-67.066822,9/27/24
LAJA-8-2-Ro,D04,Desmodium incanum,3/19/25,1.14,54.72,Quarter,LAJA-8,dry,root,Fabaceae,LAJA,Desmodium,Desmodieae,LAJA_015,LAJA,P.R,yes,18.034464,-67.066822,9/27/24
LAJA-8-2-No,D04,Desmodium incanum,3/19/25,0.063,3.024,Quarter,LAJA-8,dry,nodule,Fabaceae,LAJA,Desmodium,Desmodieae,LAJA_015,LAJA,P.R,yes,18.034464,-67.066822,9/27/24
LAJA-9-1-Rh,D04,Aeschynomene americana,3/19/25,0.619,29.712,Quarter,LAJA-9,dry,rhizosphere,Fabaceae,LAJA,Aeschynomene,Dalbergieae,LAJA_002,LAJA,P.R,yes,18.03622,-67.07407,9/27/24
LAJA-9-1-Ro,D04,Aeschynomene americana,3/19/25,0,0,Quarter,LAJA-9,dry,root,Fabaceae,LAJA,Aeschynomene,Dalbergieae,LAJA_002,LAJA,P.R,yes,18.03622,-67.07407,9/27/24
LAJA-9-1-No,D04,Aeschynomene americana,3/19/25,2.965,142.32,Quarter,LAJA-9,dry,nodule,Fabaceae,LAJA,Aeschynomene,Dalbergieae,LAJA_002,LAJA,P.R,yes,18.03622,-67.07407,9/27/24
LAJA-10-1-Rh,D04,Alysicarpus vaginalis,3/19/25,0,0,Quarter,LAJA-10,dry,rhizosphere,Fabaceae,LAJA,Alysicarpus,Desmodieae,LAJA_002,LAJA,P.R,yes,18.03622,-67.07407,9/27/24
LAJA-10-1-Ro,D04,Alysicarpus vaginalis,3/19/25,0.452,21.696,Quarter,LAJA-10,dry,root,Fabaceae,LAJA,Alysicarpus,Desmodieae,LAJA_002,LAJA,P.R,yes,18.03622,-67.07407,9/27/24
LAJA-10-1-No,D04,Alysicarpus vaginalis,3/19/25,0,0,Quarter,LAJA-10,dry,nodule,Fabaceae,LAJA,Alysicarpus,Desmodieae,LAJA_002,LAJA,P.R,yes,18.03622,-67.07407,9/27/24
LAJA-11-3-Rh,D04,Calopogonium sp.,3/19/25,0.1025,4.92,Quarter,LAJA-11,dry,rhizosphere,Fabaceae,LAJA,Calopogonium,Phaseoleae,LAJA_009,LAJA,P.R,yes,18.03228,-67.06922,10/2/24
LAJA-11-3-Ro,D04,Calopogonium sp.,3/19/25,0.0525,2.52,Quarter,LAJA-11,dry,root,Fabaceae,LAJA,Calopogonium,Phaseoleae,LAJA_009,LAJA,P.R,yes,18.03228,-67.06922,10/2/24
LAJA-11-3-No,D04,Calopogonium sp.,3/19/25,10.4,499.2,Half,LAJA-11,dry,nodule,Fabaceae,LAJA,Calopogonium,Phaseoleae,LAJA_009,LAJA,P.R,yes,18.03228,-67.06922,10/2/24
LAJA-12-1-Rh,D04,Desmodium incanum,3/19/25,0.451,21.648,Quarter,LAJA-12,dry,rhizosphere,Fabaceae,LAJA,Desmodium,Desmodieae,LAJA_074,LAJA,P.R,yes,18.02179,-67.09295,10/2/24
LAJA-12-1-Ro,D04,Desmodium incanum,3/19/25,0.3175,15.24,Quarter,LAJA-12,dry,root,Fabaceae,LAJA,Desmodium,Desmodieae,LAJA_074,LAJA,P.R,yes,18.02179,-67.09295,10/2/24
LAJA-12-1-No,D04,Desmodium incanum,3/19/25,0.1105,5.304,Quarter,LAJA-12,dry,nodule,Fabaceae,LAJA,Desmodium,Desmodieae,LAJA_074,LAJA,P.R,yes,18.02179,-67.09295,10/2/24
LAJA-13-3-Rh,D04,Mimosa pudica,3/19/25,0.078,3.744,Quarter,LAJA-13,dry,rhizosphere,Fabaceae,LAJA,Mimosa,Mimosoideae,LAJA_009,LAJA,P.R,yes,18.03202,-67.0691,10/2/24
LAJA-13-3-Ro,D04,Mimosa pudica,3/19/25,0.126,6.048,Quarter,LAJA-13,dry,root,Fabaceae,LAJA,Mimosa,Mimosoideae,LAJA_009,LAJA,P.R,yes,18.03202,-67.0691,10/2/24
LAJA-13-3-No,D04,Mimosa pudica,3/19/25,0.084,4.032,Quarter,LAJA-13,dry,nodule,Fabaceae,LAJA,Mimosa,Mimosoideae,LAJA_009,LAJA,P.R,yes,18.03202,-67.0691,10/2/24
LAJA-14-1-Rh,D04,Macroptilium lathyroides,3/19/25,0.6485,31.128,Quarter,LAJA-14,dry,rhizosphere,Fabaceae,LAJA,Macroptilium,Phaseoleae,LAJA_019,LAJA,P.R,yes,18.03182,-67.07067,10/2/24
LAJA-14-1-Ro,D04,Macroptilium lathyroides,3/19/25,0.5825,27.96,Quarter,LAJA-14,dry,root,Fabaceae,LAJA,Macroptilium,Phaseoleae,LAJA_019,LAJA,P.R,yes,18.03182,-67.07067,10/2/24
LAJA-14-1-No,D04,Macroptilium lathyroides,3/19/25,1.375,66,Quarter,LAJA-14,dry,nodule,Fabaceae,LAJA,Macroptilium,Phaseoleae,LAJA_019,LAJA,P.R,yes,18.03182,-67.07067,10/2/24
LAJA-15-1-Rh,D04,Cajanus cajan,3/19/25,1.84,88.32,Quarter,LAJA-15,dry,rhizosphere,Fabaceae,LAJA,Cajanus,Phaseoleae,LAJA_019,LAJA,P.R,no,18.03203,-67.07109,10/2/24
LAJA-15-1-Ro,D04,Cajanus cajan,3/19/25,2.055,98.64,Quarter,LAJA-15,dry,root,Fabaceae,LAJA,Cajanus,Phaseoleae,LAJA_019,LAJA,P.R,no,18.03203,-67.07109,10/2/24
LAJA-15-1-No,D04,Cajanus cajan,3/19/25,43.1,2068.8,Half,LAJA-15,dry,nodule,Fabaceae,LAJA,Cajanus,Phaseoleae,LAJA_019,LAJA,P.R,no,18.03203,-67.07109,10/2/24
LAJA-16-2-Rh,D04,Desmodium triflorum,3/19/25,0.8295,39.816,Quarter,LAJA-16,dry,rhizosphere,Fabaceae,LAJA,Desmodium,Desmodieae,LAJA_019,LAJA,P.R,yes,18.03184,-67.07065,10/2/24
LAJA-16-2-Ro,D04,Desmodium triflorum,3/19/25,2.06,98.88,Quarter,LAJA-16,dry,root,Fabaceae,LAJA,Desmodium,Desmodieae,LAJA_019,LAJA,P.R,yes,18.03184,-67.07065,10/2/24
LAJA-16-2-No,D04,Desmodium triflorum,3/19/25,0.117,5.616,Quarter,LAJA-16,dry,nodule,Fabaceae,LAJA,Desmodium,Desmodieae,LAJA_019,LAJA,P.R,yes,18.03184,-67.07065,10/2/24
LAJA-17-1-Rh,D04,Macroptilium lathyroides,3/19/25,0.077,3.696,Quarter,LAJA-17,dry,rhizosphere,Fabaceae,LAJA,Macroptilium,Phaseoleae,LAJA_074,LAJA,P.R,yes,18.022048,-67.093327,10/2/24
LAJA-17-1-Ro,D04,Macroptilium lathyroides,3/19/25,0.06,2.88,Quarter,LAJA-17,dry,root,Fabaceae,LAJA,Macroptilium,Phaseoleae,LAJA_074,LAJA,P.R,yes,18.022048,-67.093327,10/2/24
LAJA-17-1-No,D04,Macroptilium lathyroides,3/19/25,0,0,Quarter,LAJA-17,dry,nodule,Fabaceae,LAJA,Macroptilium,Phaseoleae,LAJA_074,LAJA,P.R,yes,18.022048,-67.093327,10/2/24
LAJA-18-1-Rh,D04,Alysicarpus vaginalis,3/19/25,4.765,228.72,Quarter,LAJA-18,dry,rhizosphere,Fabaceae,LAJA,Alysicarpus,Desmodieae,LAJA_009,LAJA,P.R,yes,18.03228,-67.06915,10/2/24
LAJA-18-1-Ro,D04,Alysicarpus vaginalis,3/19/25,3.77,180.96,Quarter,LAJA-18,dry,root,Fabaceae,LAJA,Alysicarpus,Desmodieae,LAJA_009,LAJA,P.R,yes,18.03228,-67.06915,10/2/24
LAJA-18-1-No,D04,Alysicarpus vaginalis,3/19/25,13.85,664.8,Half,LAJA-18,dry,nodule,Fabaceae,LAJA,Alysicarpus,Desmodieae,LAJA_009,LAJA,P.R,yes,18.03228,-67.06915,10/2/24
LAJA-19-2-Rh,D04,Desmodium triflorum,3/19/25,1.265,60.72,Quarter,LAJA-19,dry,rhizosphere,Fabaceae,LAJA,Desmodium,Desmodieae,LAJA_009,LAJA,P.R,yes,18.03202,-67.0691,10/2/24
LAJA-19-2-Ro,D04,Desmodium triflorum,3/19/25,2.385,114.48,Quarter,LAJA-19,dry,root,Fabaceae,LAJA,Desmodium,Desmodieae,LAJA_009,LAJA,P.R,yes,18.03202,-67.0691,10/2/24
LAJA-19-2-No,D04,Desmodium triflorum,3/19/25,4.495,215.76,Quarter,LAJA-19,dry,nodule,Fabaceae,LAJA,Desmodium,Desmodieae,LAJA_009,LAJA,P.R,yes,18.03202,-67.0691,10/2/24
LAJA-20-1-Rh,D04,Alysicarpus vaginalis,3/19/25,0.053,2.544,Quarter,LAJA-20,dry,rhizosphere,Fabaceae,LAJA,Alysicarpus,Desmodieae,LAJA_019,LAJA,P.R,yes,18.03193,-67.07056,10/2/24
LAJA-20-1-Ro,D04,Alysicarpus vaginalis,3/19/25,4.18,200.64,Quarter,LAJA-20,dry,root,Fabaceae,LAJA,Alysicarpus,Desmodieae,LAJA_019,LAJA,P.R,yes,18.03193,-67.07056,10/2/24
LAJA-20-1-No,D04,Alysicarpus vaginalis,3/19/25,0.8625,41.4,Quarter,LAJA-20,dry,nodule,Fabaceae,LAJA,Alysicarpus,Desmodieae,LAJA_019,LAJA,P.R,yes,18.03193,-67.07056,10/2/24
LAJA-21-1-Rh,D04,Aeschynomene americana,3/19/25,0.429,20.592,Quarter,LAJA-21,dry,rhizosphere,Fabaceae,LAJA,Aeschynomene,Dalbergieae,LAJA_023,LAJA,P.R,yes,18.03581,-67.0696,10/7/24
LAJA-21-1-Ro,D04,Aeschynomene americana,3/19/25,0,0,Quarter,LAJA-21,dry,root,Fabaceae,LAJA,Aeschynomene,Dalbergieae,LAJA_023,LAJA,P.R,yes,18.03581,-67.0696,10/7/24
LAJA-21-1-No,D04,Aeschynomene americana,3/19/25,6.97,334.56,Half,LAJA-21,dry,nodule,Fabaceae,LAJA,Aeschynomene,Dalbergieae,LAJA_023,LAJA,P.R,yes,18.03581,-67.0696,10/7/24
LAJA-22-2-Rh,D04,Desmanthus pernambucanus,3/19/25,0.375,18,Quarter,LAJA-22,dry,rhizosphere,Fabaceae,LAJA,Desmanthus,Mimosoideae,LAJA_023,LAJA,P.R,yes,18.03577,-67.06951,10/7/24
LAJA-22-2-Ro,D04,Desmanthus pernambucanus,3/19/25,1.175,56.4,Quarter,LAJA-22,dry,root,Fabaceae,LAJA,Desmanthus,Mimosoideae,LAJA_023,LAJA,P.R,yes,18.03577,-67.06951,10/7/24
LAJA-22-2-No,D04,Desmanthus pernambucanus,3/19/25,0.2135,10.248,Quarter,LAJA-22,dry,nodule,Fabaceae,LAJA,Desmanthus,Mimosoideae,LAJA_023,LAJA,P.R,yes,18.03577,-67.06951,10/7/24
LAJA-23-1-Rh,D04,Rhynchosia minima,3/19/25,1.465,70.32,Quarter,LAJA-23,dry,rhizosphere,Fabaceae,LAJA,Rhynchosia,Phaseoleae,LAJA_023,LAJA,P.R,yes,18.03583,-67.06962,10/7/24
LAJA-23-1-Ro,D04,Rhynchosia minima,3/19/25,1.29,61.92,Quarter,LAJA-23,dry,root,Fabaceae,LAJA,Rhynchosia,Phaseoleae,LAJA_023,LAJA,P.R,yes,18.03583,-67.06962,10/7/24
LAJA-23-1-No,D04,Rhynchosia minima,3/19/25,1.18,56.64,Quarter,LAJA-23,dry,nodule,Fabaceae,LAJA,Rhynchosia,Phaseoleae,LAJA_023,LAJA,P.R,yes,18.03583,-67.06962,10/7/24
TALL-43-1-Rh,D08,Lespedeza bicolor,3/20/25,0,0,Quarter,TALL-43,,rhizosphere,Fabaceae,TALL,Lespedeza,Desmodieae,TALL_001,Hale County,AL,no,32.97767,-87.432895,8/27/24
TALL-43-1-Ro,D08,Lespedeza bicolor,3/20/25,0.1155,5.544,Quarter,TALL-43,,root,Fabaceae,TALL,Lespedeza,Desmodieae,TALL_001,Hale County,AL,no,32.97767,-87.432895,8/27/24
TALL-43-1-No,D08,Lespedeza bicolor,3/20/25,0.087,4.176,Quarter,TALL-43,,nodule,Fabaceae,TALL,Lespedeza,Desmodieae,TALL_001,Hale County,AL,no,32.97767,-87.432895,8/27/24
TALL-44-1-Rh,D08,Lespedeza hirta,3/20/25,0,0,Quarter,TALL-44,dry,rhizosphere,Fabaceae,TALL,Lespedeza,Desmodieae,TALL_003,Bibb County,AL,yes,32.893117,-87.415111,8/27/24
TALL-44-1-Ro,D08,Lespedeza hirta,3/20/25,3.725,178.8,Quarter,TALL-44,dry,root,Fabaceae,TALL,Lespedeza,Desmodieae,TALL_003,Bibb County,AL,yes,32.893117,-87.415111,8/27/24
TALL-44-1-No,D08,Lespedeza hirta,3/20/25,0.801,38.448,Quarter,TALL-44,dry,nodule,Fabaceae,TALL,Lespedeza,Desmodieae,TALL_003,Bibb County,AL,yes,32.893117,-87.415111,8/27/24
TALL-45-1-Rh,D08,Desmodium paniculatum,3/20/25,0,0,Quarter,TALL-45,dry,rhizosphere,Fabaceae,TALL,Desmodium,Desmodieae,TALL_007,Hale County,AL,yes,32.974713,-87.47111,8/27/24
TALL-45-1-Ro,D08,Desmodium paniculatum,3/20/25,2.175,104.4,Quarter,TALL-45,dry,root,Fabaceae,TALL,Desmodium,Desmodieae,TALL_007,Hale County,AL,yes,32.974713,-87.47111,8/27/24
TALL-45-1-No,D08,Desmodium paniculatum,3/20/25,1.385,66.48,Quarter,TALL-45,dry,nodule,Fabaceae,TALL,Desmodium,Desmodieae,TALL_007,Hale County,AL,yes,32.974713,-87.47111,8/27/24
TALL-46-2-Rh,D08,Lespedeza repens,3/20/25,0,0,Quarter,TALL-46,dry,rhizosphere,Fabaceae,TALL,Lespedeza,Desmodieae,TALL_003,Bibb County,AL,yes,32.893117,-87.415111,8/27/24
TALL-46-2-Ro,D08,Lespedeza repens,3/20/25,0.7825,37.56,Quarter,TALL-46,dry,root,Fabaceae,TALL,Lespedeza,Desmodieae,TALL_003,Bibb County,AL,yes,32.893117,-87.415111,8/27/24
TALL-46-2-No,D08,Lespedeza repens,3/20/25,0.506,24.288,Quarter,TALL-46,dry,nodule,Fabaceae,TALL,Lespedeza,Desmodieae,TALL_003,Bibb County,AL,yes,32.893117,-87.415111,8/27/24
TALL-47-2-Rh,D08,Chamaecrista nictitans,3/20/25,0,0,Quarter,TALL-47,dry,rhizosphere,Fabaceae,TALL,Chamaecrista,Cassieae,TALL_007,Hale County,AL,yes,32.974713,-87.47111,8/27/24
TALL-47-2-Ro,D08,Chamaecrista nictitans,3/20/25,0,0,Quarter,TALL-47,dry,root,Fabaceae,TALL,Chamaecrista,Cassieae,TALL_007,Hale County,AL,yes,32.974713,-87.47111,8/27/24
TALL-47-2-No,D08,Chamaecrista nictitans,3/20/25,0.87,41.76,Quarter,TALL-47,dry,nodule,Fabaceae,TALL,Chamaecrista,Cassieae,TALL_007,Hale County,AL,yes,32.974713,-87.47111,8/27/24
TALL-48-2-Rh,D08,Vicia sp.,3/20/25,0,0,Quarter,TALL-48,dry,rhizosphere,Fabaceae,TALL,Vicia,Fabeae,TALL_007,Hale County,AL,0,32.974713,-87.47111,8/27/24
TALL-48-2-Ro,D08,Vicia sp.,3/20/25,0,0,Quarter,TALL-48,dry,root,Fabaceae,TALL,Vicia,Fabeae,TALL_007,Hale County,AL,0,32.974713,-87.47111,8/27/24
TALL-48-2-No,D08,Vicia sp.,3/20/25,4.555,218.64,Quarter,TALL-48,dry,nodule,Fabaceae,TALL,Vicia,Fabeae,TALL_007,Hale County,AL,0,32.974713,-87.47111,8/27/24
TALL-49-1-Rh,D08,Desmodium laevigatum,3/20/25,0,0,Quarter,TALL-49,dry,rhizosphere,Fabaceae,TALL,Desmodium,Desmodieae,TALL_007,Bibb County,AL,yes,32.974713,-87.47111,8/27/24
TALL-49-1-Ro,D08,Desmodium laevigatum,3/20/25,1.26,60.48,Quarter,TALL-49,dry,root,Fabaceae,TALL,Desmodium,Desmodieae,TALL_007,Bibb County,AL,yes,32.974713,-87.47111,8/27/24
TALL-49-1-No,D08,Desmodium laevigatum,3/20/25,4.03,193.44,Quarter,TALL-49,dry,nodule,Fabaceae,TALL,Desmodium,Desmodieae,TALL_007,Bibb County,AL,yes,32.974713,-87.47111,8/27/24
TALL-50-1-Rh,D08,Galactia volubilis,3/20/25,0,0,Quarter,TALL-50,dry,rhizosphere,Fabaceae,TALL,Galactia,Diocleae,TALL_006,Hale County,AL,yes,32.898847,-87.44631,8/27/24
TALL-50-1-Ro,D08,Galactia volubilis,3/20/25,0.963,46.224,Quarter,TALL-50,dry,root,Fabaceae,TALL,Galactia,Diocleae,TALL_006,Hale County,AL,yes,32.898847,-87.44631,8/27/24
TALL-50-1-No,D08,Galactia volubilis,3/20/25,0.051,2.448,Quarter,TALL-50,dry,nodule,Fabaceae,TALL,Galactia,Diocleae,TALL_006,Hale County,AL,yes,32.898847,-87.44631,8/27/24
TALL-51-3-Rh,D08,Desmodium sp.,3/20/25,0.0625,3,Quarter,TALL-51,dry,rhizosphere,Fabaceae,TALL,Desmodium,Desmodieae,TALL_006,Hale County,AL,yes,32.898847,-87.44631,8/27/24
TALL-51-3-Ro,D08,Desmodium sp.,3/20/25,2.76,132.48,Quarter,TALL-51,dry,root,Fabaceae,TALL,Desmodium,Desmodieae,TALL_006,Hale County,AL,yes,32.898847,-87.44631,8/27/24
TALL-51-3-No,D08,Desmodium sp.,3/20/25,0.5845,28.056,Quarter,TALL-51,dry,nodule,Fabaceae,TALL,Desmodium,Desmodieae,TALL_006,Hale County,AL,yes,32.898847,-87.44631,8/27/24
TALL-52-1-Rh,D08,Strophostyles umbellata,3/20/25,0,0,Quarter,TALL-52,,rhizosphere,Fabaceae,TALL,Strophostyles,Phaseoleae,TALL_006,Hale County,AL,yes,32.898847,-87.44631,8/27/24
TALL-52-1-Ro,D08,Strophostyles umbellata,3/20/25,1.235,59.28,Quarter,TALL-52,,root,Fabaceae,TALL,Strophostyles,Phaseoleae,TALL_006,Hale County,AL,yes,32.898847,-87.44631,8/27/24
TALL-52-1-No,D08,Strophostyles umbellata,3/20/25,0.2145,10.296,Quarter,TALL-52,,nodule,Fabaceae,TALL,Strophostyles,Phaseoleae,TALL_006,Hale County,AL,yes,32.898847,-87.44631,8/27/24
TALL-53-3-Rh,D08,Desmodium viridiflorum,3/20/25,0,0,Quarter,TALL-53,dry,rhizosphere,Fabaceae,TALL,Desmodium,Desmodieae,TALL_006,Hale County,AL,yes,32.898847,-87.44631,8/27/24
TALL-53-3-Ro,D08,Desmodium viridiflorum,3/20/25,13.35,640.8,Half,TALL-53,dry,root,Fabaceae,TALL,Desmodium,Desmodieae,TALL_006,Hale County,AL,yes,32.898847,-87.44631,8/27/24
TALL-53-3-No,D08,Desmodium viridiflorum,3/20/25,11.65,559.2,Half,TALL-53,dry,nodule,Fabaceae,TALL,Desmodium,Desmodieae,TALL_006,Hale County,AL,yes,32.898847,-87.44631,8/27/24
TALL-54-1-Rh,D08,Chamaecrista nictitans,3/20/25,0,0,Quarter,TALL-54,,rhizosphere,Fabaceae,TALL,Chamaecrista,Cassieae,TALL_q033,Bibb County,AL,yes,32.973539,-87.409071,8/27/24
TALL-54-1-Ro,D08,Chamaecrista nictitans,3/20/25,0.0675,3.24,Quarter,TALL-54,,root,Fabaceae,TALL,Chamaecrista,Cassieae,TALL_q033,Bibb County,AL,yes,32.973539,-87.409071,8/27/24
TALL-54-1-No,D08,Chamaecrista nictitans,3/20/25,0.5645,27.096,Quarter,TALL-54,,nodule,Fabaceae,TALL,Chamaecrista,Cassieae,TALL_q033,Bibb County,AL,yes,32.973539,-87.409071,8/27/24
TALL-55-1-Rh,D08,Desmodium paniculatum,3/20/25,0,0,Quarter,TALL-55,dry,rhizosphere,Fabaceae,TALL,Desmodium,Desmodieae,TALL_q033,Bibb County,AL,yes,32.973539,-87.409071,8/27/24
TALL-55-1-Ro,D08,Desmodium paniculatum,3/20/25,1.305,62.64,Quarter,TALL-55,dry,root,Fabaceae,TALL,Desmodium,Desmodieae,TALL_q033,Bibb County,AL,yes,32.973539,-87.409071,8/27/24
TALL-55-1-No,D08,Desmodium paniculatum,3/20/25,10.2,489.6,Half,TALL-55,dry,nodule,Fabaceae,TALL,Desmodium,Desmodieae,TALL_q033,Bibb County,AL,yes,32.973539,-87.409071,8/27/24
TALL-56-1-Rh,D08,Desmodium sp.,3/20/25,0,0,Quarter,TALL-56,dry,rhizosphere,Fabaceae,TALL,Desmodium,Desmodieae,TALL_q033,Bibb County,AL,yes,32.973539,-87.409071,8/27/24
TALL-56-1-Ro,D08,Desmodium sp.,3/20/25,1.845,88.56,Quarter,TALL-56,dry,root,Fabaceae,TALL,Desmodium,Desmodieae,TALL_q033,Bibb County,AL,yes,32.973539,-87.409071,8/27/24
TALL-56-1-No,D08,Desmodium sp.,3/20/25,4.22,202.56,Quarter,TALL-56,dry,nodule,Fabaceae,TALL,Desmodium,Desmodieae,TALL_q033,Bibb County,AL,yes,32.973539,-87.409071,8/27/24
TALL-57-2-Rh,D08,Lespedeza hirta,3/20/25,0,0,Quarter,TALL-57,dry,rhizosphere,Fabaceae,TALL,Lespedeza,Desmodieae,TALL_003,Bibb County,AL,yes,32.893117,-87.415111,8/27/24
TALL-57-2-Ro,D08,Lespedeza hirta,3/20/25,4.265,204.72,Quarter,TALL-57,dry,root,Fabaceae,TALL,Lespedeza,Desmodieae,TALL_003,Bibb County,AL,yes,32.893117,-87.415111,8/27/24
TALL-57-2-No,D08,Lespedeza hirta,3/20/25,3.255,156.24,Quarter,TALL-57,dry,nodule,Fabaceae,TALL,Lespedeza,Desmodieae,TALL_003,Bibb County,AL,yes,32.893117,-87.415111,8/27/24
TALL-58-1-Rh,D08,Lespedeza repens,3/20/25,0,0,Quarter,TALL-58,dry,rhizosphere,Fabaceae,TALL,Lespedeza,Desmodieae,TALL_007,Hale County,AL,yes,32.974713,-87.47111,8/27/24
TALL-58-1-Ro,D08,Lespedeza repens,3/20/25,1.445,69.36,Quarter,TALL-58,dry,root,Fabaceae,TALL,Lespedeza,Desmodieae,TALL_007,Hale County,AL,yes,32.974713,-87.47111,8/27/24
TALL-58-1-No,D08,Lespedeza repens,3/20/25,0.864,41.472,Quarter,TALL-58,dry,nodule,Fabaceae,TALL,Lespedeza,Desmodieae,TALL_007,Hale County,AL,yes,32.974713,-87.47111,8/27/24
DELA-25-2-Rh,D08,Chamaecrista fasciculata,3/20/25,0,0,Quarter,DELA-25,dry,rhizosphere,Fabaceae,DELA,Chamaecrista,Cassieae,DELA_038,Green County,AL,yes,32.55372,-87.81008,8/15/24
DELA-25-2-Ro,D08,Chamaecrista fasciculata,3/20/25,0.151,7.248,Quarter,DELA-25,dry,root,Fabaceae,DELA,Chamaecrista,Cassieae,DELA_038,Green County,AL,yes,32.55372,-87.81008,8/15/24
DELA-25-2-No,D08,Chamaecrista fasciculata,3/20/25,0.2965,14.232,Quarter,DELA-25,dry,nodule,Fabaceae,DELA,Chamaecrista,Cassieae,DELA_038,Green County,AL,yes,32.55372,-87.81008,8/15/24
LENO-4-3-Rh,D08,Hylodesmum pauciflorum,3/20/25,0,0,Quarter,LENO-4,dry,rhizosphere,Fabaceae,LENO,Desmodium,Desmodieae,LENO_011,Choctaw County,AL,yes,31.825876,-88.182931,6/19/24
LENO-4-3-Ro,D08,Hylodesmum pauciflorum,3/20/25,2.2,105.6,Quarter,LENO-4,dry,root,Fabaceae,LENO,Desmodium,Desmodieae,LENO_011,Choctaw County,AL,yes,31.825876,-88.182931,6/19/24
LENO-4-3-No,D08,Hylodesmum pauciflorum,3/20/25,0,0,Quarter,LENO-4,dry,nodule,Fabaceae,LENO,Desmodium,Desmodieae,LENO_011,Choctaw County,AL,yes,31.825876,-88.182931,6/19/24
LENO-8-3-Rh,D08,Desmodium perplexum,3/20/25,0.075,3.6,Quarter,LENO-8,ethanol,rhizosphere,Fabaceae,LENO,Desmodium,Desmodieae,LENO_002,Choctaw County,AL,yes,31.806911,-88.193998,7/2/24
LENO-8-3-Ro,D08,Desmodium perplexum,3/20/25,0,0,Quarter,LENO-8,ethanol,root,Fabaceae,LENO,Desmodium,Desmodieae,LENO_002,Choctaw County,AL,yes,31.806911,-88.193998,7/2/24
LENO-8-3-No,D08,Desmodium perplexum,3/20/25,0.077,3.696,Quarter,LENO-8,ethanol,nodule,Fabaceae,LENO,Desmodium,Desmodieae,LENO_002,Choctaw County,AL,yes,31.806911,-88.193998,7/2/24
LENO-12-3-Rh,D08,Amorpha fruticosa,3/20/25,0.1695,8.136,Quarter,LENO-12,ethanol,rhizosphere,Fabaceae,LENO,Amorpha,Amorpheae,LENO_027,Choctaw County,AL,yes,31.817744,-88.202245,7/2/24
LENO-12-3-Ro,D08,Amorpha fruticosa,3/20/25,0,0,Quarter,LENO-12,ethanol,root,Fabaceae,LENO,Amorpha,Amorpheae,LENO_027,Choctaw County,AL,yes,31.817744,-88.202245,7/2/24
LENO-12-3-No,D08,Amorpha fruticosa,3/20/25,0,0,Quarter,LENO-12,ethanol,nodule,Fabaceae,LENO,Amorpha,Amorpheae,LENO_027,Choctaw County,AL,yes,31.817744,-88.202245,7/2/24
LENO-15-2-Rh,D08,Elaeagnus umbellata,3/20/25,27.8,1334.4,Half,LENO-15,dry,rhizosphere,Elaeagnaceae,LENO,Elaeagnus,actinorhizal,LENO_029,Choctaw County,AL,no,31.831293,-88.171122,7/3/24
LENO-15-2-Ro,D08,Elaeagnus umbellata,3/20/25,0.302,14.496,Quarter,LENO-15,dry,root,Elaeagnaceae,LENO,Elaeagnus,actinorhizal,LENO_029,Choctaw County,AL,no,31.831293,-88.171122,7/3/24
LENO-15-2-No,D08,Elaeagnus umbellata,3/20/25,43.9,2107.2,Half,LENO-15,dry,nodule,Elaeagnaceae,LENO,Elaeagnus,actinorhizal,LENO_029,Choctaw County,AL,no,31.831293,-88.171122,7/3/24
LENO-16-2-Rh,D08,Elaeagnus umbellata,3/20/25,8.36,401.28,Half,LENO-16,dry,rhizosphere,Elaeagnaceae,LENO,Elaeagnus,actinorhizal,LENO_029,Choctaw County,AL,no,31.831293,-88.171122,7/3/24
LENO-16-2-Ro,D08,Elaeagnus umbellata,3/20/25,0.2785,13.368,Quarter,LENO-16,dry,root,Elaeagnaceae,LENO,Elaeagnus,actinorhizal,LENO_029,Choctaw County,AL,no,31.831293,-88.171122,7/3/24
LENO-16-2-No,D08,Elaeagnus umbellata,3/20/25,26.65,1279.2,Half,LENO-16,dry,nodule,Elaeagnaceae,LENO,Elaeagnus,actinorhizal,LENO_029,Choctaw County,AL,no,31.831293,-88.171122,7/3/24
HEAL-9-1-Rh,D19,Alnus viridis,3/20/25,0,0,Quarter,HEAL-9,ethanol,rhizosphere,Betulaceae,HEAL,Alnus,actinorhizal,HEAL_004,Denali Borough ,Alaska ,yes,63.86378 N,149.27284 W,20240723
HEAL-9-1-Ro,D19,Alnus viridis,3/20/25,0.156,7.488,Quarter,HEAL-9,ethanol,root,Betulaceae,HEAL,Alnus,actinorhizal,HEAL_004,Denali Borough ,Alaska ,yes,63.86378 N,149.27284 W,20240723
HEAL-9-1-No,D19,Alnus viridis,3/20/25,13.75,660,Half,HEAL-9,ethanol,nodule,Betulaceae,HEAL,Alnus,actinorhizal,HEAL_004,Denali Borough ,Alaska ,yes,63.86378 N,149.27284 W,20240723
HEAL-10-2-Rh,D19,Alnus viridis,3/20/25,0,0,Quarter,HEAL-10,ethanol,rhizosphere,Betulaceae,HEAL,Alnus,actinorhizal,HEAL_004,Denali Borough ,Alaska ,yes,63.86378 N,149.27284 W,20240723
HEAL-10-2-Ro,D19,Alnus viridis,3/20/25,3.87,185.76,Quarter,HEAL-10,ethanol,root,Betulaceae,HEAL,Alnus,actinorhizal,HEAL_004,Denali Borough ,Alaska ,yes,63.86378 N,149.27284 W,20240723
HEAL-10-2-No,D19,Alnus viridis,3/20/25,5.975,286.8,Half,HEAL-10,ethanol,nodule,Betulaceae,HEAL,Alnus,actinorhizal,HEAL_004,Denali Borough ,Alaska ,yes,63.86378 N,149.27284 W,20240723
TALL-1-1-Rh,D08,Morella cerifera,3/21/25,0.054,2.592,Quarter,TALL-1,dry,rhizosphere,Myricaceae,TALL,Morella,actinorhizal,TALL_016,Bibb County,AL,yes,32.970408,-87.415018,2024-Apr-11
TALL-1-1-Ro,D08,Morella cerifera,3/21/25,0.165,7.92,Quarter,TALL-1,dry,root,Myricaceae,TALL,Morella,actinorhizal,TALL_016,Bibb County,AL,yes,32.970408,-87.415018,2024-Apr-11
TALL-1-1-No,D08,Morella cerifera,3/21/25,1.625,78,Quarter,TALL-1,dry,nodule,Myricaceae,TALL,Morella,actinorhizal,TALL_016,Bibb County,AL,yes,32.970408,-87.415018,2024-Apr-11
TALL-3-1-Rh,D08,Lespedeza sp.,3/21/25,0,0,Quarter,TALL-3,dry,rhizosphere,Fabaceae,TALL,Lespedeza,Desmodieae,TALL_016,Bibb County,AL,0,32.970408,-87.415018,2024-Apr-11
TALL-3-1-Ro,D08,Lespedeza sp.,3/21/25,1.255,60.24,Quarter,TALL-3,dry,root,Fabaceae,TALL,Lespedeza,Desmodieae,TALL_016,Bibb County,AL,0,32.970408,-87.415018,2024-Apr-11
TALL-3-1-No,D08,Lespedeza sp.,3/21/25,0.1095,5.256,Quarter,TALL-3,dry,nodule,Fabaceae,TALL,Lespedeza,Desmodieae,TALL_016,Bibb County,AL,0,32.970408,-87.415018,2024-Apr-11
TALL-4-1-Rh,D08,Stylosanthes biflora,3/21/25,0.0595,2.856,Quarter,TALL-4,dry,rhizosphere,Fabaceae,TALL,Stylosanthes,Dalbergieae,TALL_016,Bibb County,AL,yes,32.970408,-87.415018,2024-Apr-11
TALL-4-1-Ro,D08,Stylosanthes biflora,3/21/25,0.956,45.888,Quarter,TALL-4,dry,root,Fabaceae,TALL,Stylosanthes,Dalbergieae,TALL_016,Bibb County,AL,yes,32.970408,-87.415018,2024-Apr-11
TALL-4-1-No,D08,Stylosanthes biflora,3/21/25,1.55,74.4,Quarter,TALL-4,dry,nodule,Fabaceae,TALL,Stylosanthes,Dalbergieae,TALL_016,Bibb County,AL,yes,32.970408,-87.415018,2024-Apr-11
TALL-6-2-Rh,D08,Hylodesmum nudiflorum,3/21/25,0,0,Quarter,TALL-6,dry,rhizosphere,Fabaceae,TALL,Desmodium,Desmodieae,TALL_001,Hale,AL,yes,32.977669,-87.432853,2024-Apr-16
TALL-6-2-Ro,D08,Hylodesmum nudiflorum,3/21/25,0.1045,5.016,Quarter,TALL-6,dry,root,Fabaceae,TALL,Desmodium,Desmodieae,TALL_001,Hale,AL,yes,32.977669,-87.432853,2024-Apr-16
TALL-6-2-No,D08,Hylodesmum nudiflorum,3/21/25,0.058,2.784,Quarter,TALL-6,dry,nodule,Fabaceae,TALL,Desmodium,Desmodieae,TALL_001,Hale,AL,yes,32.977669,-87.432853,2024-Apr-16
TALL-11-1-Rh,D08,Tephrosia virginiana,3/21/25,0.053,2.544,Quarter,TALL-11,dry,rhizosphere,Fabaceae,TALL,Tephrosia,Millettieae,TALL_054,Bibb County,AL,yes,32.94865,-87.39759,6/17/24
TALL-11-1-Ro,D08,Tephrosia virginiana,3/21/25,0,0,Quarter,TALL-11,dry,root,Fabaceae,TALL,Tephrosia,Millettieae,TALL_054,Bibb County,AL,yes,32.94865,-87.39759,6/17/24
TALL-11-1-No,D08,Tephrosia virginiana,3/21/25,0.061,2.928,Quarter,TALL-11,dry,nodule,Fabaceae,TALL,Tephrosia,Millettieae,TALL_054,Bibb County,AL,yes,32.94865,-87.39759,6/17/24
TALL-14-2-Rh,D08,Desmodium sp.,3/21/25,0,0,Quarter,TALL-14,ethanol,rhizosphere,Fabaceae,TALL,Desmodium,Desmodieae,TALL_002,Hale County,AL,yes,32.922222,-87.429133,8/22/24
TALL-14-2-Ro,D08,Desmodium sp.,3/21/25,0,0,Quarter,TALL-14,ethanol,root,Fabaceae,TALL,Desmodium,Desmodieae,TALL_002,Hale County,AL,yes,32.922222,-87.429133,8/22/24
TALL-14-2-No,D08,Desmodium sp.,3/21/25,0.516,24.768,Quarter,TALL-14,ethanol,nodule,Fabaceae,TALL,Desmodium,Desmodieae,TALL_002,Hale County,AL,yes,32.922222,-87.429133,8/22/24
TALL-19-2-Rh,D08,Desmodium sp.,3/21/25,0,0,Quarter,TALL-19,ethanol,rhizosphere,Fabaceae,TALL,Desmodium,Desmodieae,TALL_002,Hale County,AL,yes,32.922222,-87.429133,8/22/24
TALL-19-2-Ro,D08,Desmodium sp.,3/21/25,0.0555,2.664,Quarter,TALL-19,ethanol,root,Fabaceae,TALL,Desmodium,Desmodieae,TALL_002,Hale County,AL,yes,32.922222,-87.429133,8/22/24
TALL-19-2-No,D08,Desmodium sp.,3/21/25,8.75,420,Half,TALL-19,ethanol,nodule,Fabaceae,TALL,Desmodium,Desmodieae,TALL_002,Hale County,AL,yes,32.922222,-87.429133,8/22/24
TALL-26-3-Rh,D08,Clitoria sp.,3/21/25,0,0,Quarter,TALL-26,dry,rhizosphere,Fabaceae,TALL,Clitoria,Phaseoleae,TALL_001,Hale County,AL,yes,32.97619,-87.43236,8/26/24
TALL-26-3-Ro,D08,Clitoria sp.,3/21/25,0,0,Quarter,TALL-26,dry,root,Fabaceae,TALL,Clitoria,Phaseoleae,TALL_001,Hale County,AL,yes,32.97619,-87.43236,8/26/24
TALL-26-3-No,D08,Clitoria sp.,3/21/25,0,0,Quarter,TALL-26,dry,nodule,Fabaceae,TALL,Clitoria,Phaseoleae,TALL_001,Hale County,AL,yes,32.97619,-87.43236,8/26/24
TALL-59-1-Rh,D08,Desmodium laevigatum,3/21/25,0,0,Quarter,TALL-59,dry,rhizosphere,Fabaceae,TALL,Desmodium,Desmodieae,TALL_004,Hale County,AL,yes,32.957893,-87.433293,8/27/24
TALL-59-1-Ro,D08,Desmodium laevigatum,3/21/25,0.1815,8.712,Quarter,TALL-59,dry,root,Fabaceae,TALL,Desmodium,Desmodieae,TALL_004,Hale County,AL,yes,32.957893,-87.433293,8/27/24
TALL-59-1-No,D08,Desmodium laevigatum,3/21/25,0,0,Quarter,TALL-59,dry,nodule,Fabaceae,TALL,Desmodium,Desmodieae,TALL_004,Hale County,AL,yes,32.957893,-87.433293,8/27/24
TALL-60-1-Rh,D08,Alnus serrulata,3/21/25,0.0575,2.76,Quarter,TALL-60,,rhizosphere,Betulaceae,TALL,Alnus,actinorhizal,TALL_R_015,Hale County,AL,yes,32.915962,-87.439483,8/28/24
TALL-60-1-Ro,D08,Alnus serrulata,3/21/25,3.335,160.08,Quarter,TALL-60,,root,Betulaceae,TALL,Alnus,actinorhizal,TALL_R_015,Hale County,AL,yes,32.915962,-87.439483,8/28/24
TALL-60-1-No,D08,Alnus serrulata,3/21/25,11.55,554.4,Half,TALL-60,,nodule,Betulaceae,TALL,Alnus,actinorhizal,TALL_R_015,Hale County,AL,yes,32.915962,-87.439483,8/28/24
TALL-61-2-Rh,D08,Morella cerifera,3/21/25,0.593,28.464,Quarter,TALL-61,ethanol,rhizosphere,Myricaceae,TALL,Morella,actinorhizal,TALL_R_015,Hale County,AL,yes,32.916557,-87.438945,8/28/24
TALL-61-2-Ro,D08,Morella cerifera,3/21/25,1.26,60.48,Quarter,TALL-61,ethanol,root,Myricaceae,TALL,Morella,actinorhizal,TALL_R_015,Hale County,AL,yes,32.916557,-87.438945,8/28/24
TALL-61-2-No,D08,Morella cerifera,3/21/25,4.855,233.04,Quarter,TALL-61,ethanol,nodule,Myricaceae,TALL,Morella,actinorhizal,TALL_R_015,Hale County,AL,yes,32.916557,-87.438945,8/28/24
TALL-62-1-Rh,D08,Desmodium viridiflorum,3/21/25,0,0,Quarter,TALL-62,,rhizosphere,Fabaceae,TALL,Desmodium,Desmodieae,TALL_015,Hale County,AL,yes,32.916764,-87.437845,8/28/24
TALL-62-1-Ro,D08,Desmodium viridiflorum,3/21/25,0,0,Quarter,TALL-62,,root,Fabaceae,TALL,Desmodium,Desmodieae,TALL_015,Hale County,AL,yes,32.916764,-87.437845,8/28/24
TALL-62-1-No,D08,Desmodium viridiflorum,3/21/25,0.167,8.016,Quarter,TALL-62,,nodule,Fabaceae,TALL,Desmodium,Desmodieae,TALL_015,Hale County,AL,yes,32.916764,-87.437845,8/28/24
TALL-63-1-Rh,D08,Chamaecrista nictitans,3/21/25,0,0,Quarter,TALL-63,dry,rhizosphere,Fabaceae,TALL,Chamaecrista,Cassieae,TALL_047,Bibb County,AL,yes,32.951299,-87.398914,9/3/24
TALL-63-1-Ro,D08,Chamaecrista nictitans,3/21/25,0.5785,27.768,Quarter,TALL-63,dry,root,Fabaceae,TALL,Chamaecrista,Cassieae,TALL_047,Bibb County,AL,yes,32.951299,-87.398914,9/3/24
TALL-63-1-No,D08,Chamaecrista nictitans,3/21/25,0.0545,2.616,Quarter,TALL-63,dry,nodule,Fabaceae,TALL,Chamaecrista,Cassieae,TALL_047,Bibb County,AL,yes,32.951299,-87.398914,9/3/24
TALL-64-1-Rh,D08,Robinia pseudoacacia,3/21/25,0,0,Quarter,TALL-64,dry,rhizosphere,Fabaceae,TALL,Robinia,Robinieae,TALL_047,Bibb County,AL,yes,32.951299,-87.398914,9/3/24
TALL-64-1-Ro,D08,Robinia pseudoacacia,3/21/25,0.162,7.776,Quarter,TALL-64,dry,root,Fabaceae,TALL,Robinia,Robinieae,TALL_047,Bibb County,AL,yes,32.951299,-87.398914,9/3/24
TALL-64-1-No,D08,Robinia pseudoacacia,3/21/25,0.5465,26.232,Quarter,TALL-64,dry,nodule,Fabaceae,TALL,Robinia,Robinieae,TALL_047,Bibb County,AL,yes,32.951299,-87.398914,9/3/24
TALL-65-1-Rh,D08,Lespedeza procumbens,3/21/25,0.058,2.784,Quarter,TALL-65,dry,rhizosphere,Fabaceae,TALL,Lespedeza,Desmodieae,TALL_047,Bibb County,AL,yes,32.951716,-87.399182,9/3/24
TALL-65-1-Ro,D08,Lespedeza procumbens,3/21/25,7.175,344.4,Half,TALL-65,dry,root,Fabaceae,TALL,Lespedeza,Desmodieae,TALL_047,Bibb County,AL,yes,32.951716,-87.399182,9/3/24
TALL-65-1-No,D08,Lespedeza procumbens,3/21/25,1.008,48.384,Quarter,TALL-65,dry,nodule,Fabaceae,TALL,Lespedeza,Desmodieae,TALL_047,Bibb County,AL,yes,32.951716,-87.399182,9/3/24
TALL-66-2-Rh,D08,Lespedeza hirta,3/21/25,0,0,Quarter,TALL-66,dry,rhizosphere,Fabaceae,TALL,Lespedeza,Desmodieae,TALL_047,Bibb County,AL,yes,32.951716,-87.399182,9/3/24
TALL-66-2-Ro,D08,Lespedeza hirta,3/21/25,0.531,25.488,Quarter,TALL-66,dry,root,Fabaceae,TALL,Lespedeza,Desmodieae,TALL_047,Bibb County,AL,yes,32.951716,-87.399182,9/3/24
TALL-66-2-No,D08,Lespedeza hirta,3/21/25,1.04,49.92,Quarter,TALL-66,dry,nodule,Fabaceae,TALL,Lespedeza,Desmodieae,TALL_047,Bibb County,AL,yes,32.951716,-87.399182,9/3/24
DSNY-98-4-Rh,D03,Crotalaria spectabilis,3/26/25,0,0,Quarter,DSNY-98,dry,rhizosphere,Fabaceae,DSNY,Crotalaria,Crotalarieae,DSNY_044,Osceola,florida,no,28.23888889,-81.43333333,20241024
DSNY-98-4-Ro,D03,Crotalaria spectabilis,3/26/25,0,0,Quarter,DSNY-98,dry,root,Fabaceae,DSNY,Crotalaria,Crotalarieae,DSNY_044,Osceola,florida,no,28.23888889,-81.43333333,20241024
DSNY-98-4-No,D03,Crotalaria spectabilis,3/26/25,0,0,Quarter,DSNY-98,dry,nodule,Fabaceae,DSNY,Crotalaria,Crotalarieae,DSNY_044,Osceola,florida,no,28.23888889,-81.43333333,20241024
LAJA-1-1-Rh,D04,Mimosa pudica,3/26/25,18.6,892.8,Half,LAJA-1,dry,rhizosphere,Fabaceae,LAJA,Mimosa,Mimosoideae,LAJA_015,LAJA,P.R,yes,18.034464,-67.066822,8/21/24
LAJA-1-1-Ro,D04,Mimosa pudica,3/26/25,0.7825,37.56,Quarter,LAJA-1,dry,root,Fabaceae,LAJA,Mimosa,Mimosoideae,LAJA_015,LAJA,P.R,yes,18.034464,-67.066822,8/21/24
LAJA-1-1-No,D04,Mimosa pudica,3/26/25,9.265,444.72,Half,LAJA-1,dry,nodule,Fabaceae,LAJA,Mimosa,Mimosoideae,LAJA_015,LAJA,P.R,yes,18.034464,-67.066822,8/21/24
LAJA-2-1-Rh,D04,Mimosa pudica,3/26/25,0,0,Quarter,LAJA-2,dry,rhizosphere,Fabaceae,LAJA,Mimosa,Mimosoideae,LAJA_002,LAJA,P.R,yes,18.035349,-67.073331,8/21/24
LAJA-2-1-Ro,D04,Mimosa pudica,3/26/25,1.13,54.24,Quarter,LAJA-2,dry,root,Fabaceae,LAJA,Mimosa,Mimosoideae,LAJA_002,LAJA,P.R,yes,18.035349,-67.073331,8/21/24
LAJA-2-1-No,D04,Mimosa pudica,3/26/25,4.675,224.4,Quarter,LAJA-2,dry,nodule,Fabaceae,LAJA,Mimosa,Mimosoideae,LAJA_002,LAJA,P.R,yes,18.035349,-67.073331,8/21/24
LAJA-3-1-Rh,D04,Albizia sp.,3/26/25,0.1085,5.208,Quarter,LAJA-3,dry,rhizosphere,Fabaceae,LAJA,Albizia,Mimosoideae,LAJA_015,LAJA,P.R,no,18.034464,-67.066822,8/21/24
LAJA-3-1-Ro,D04,Albizia sp.,3/26/25,29.6,1420.8,Half,LAJA-3,dry,root,Fabaceae,LAJA,Albizia,Mimosoideae,LAJA_015,LAJA,P.R,no,18.034464,-67.066822,8/21/24
LAJA-3-1-No,D04,Albizia sp.,3/26/25,56,2688,Half,LAJA-3,dry,nodule,Fabaceae,LAJA,Albizia,Mimosoideae,LAJA_015,LAJA,P.R,no,18.034464,-67.066822,8/21/24
LAJA-4-1-Rh,D04,Desmanthus virgatus,3/26/25,0,0,Quarter,LAJA-4,dry,rhizosphere,Fabaceae,LAJA,Desmanthus,Mimosoideae,LAJA_015,LAJA,P.R,yes,18.034464,-67.066822,9/27/24
LAJA-4-1-Ro,D04,Desmanthus virgatus,3/26/25,0.0625,3,Quarter,LAJA-4,dry,root,Fabaceae,LAJA,Desmanthus,Mimosoideae,LAJA_015,LAJA,P.R,yes,18.034464,-67.066822,9/27/24
LAJA-4-1-No,D04,Desmanthus virgatus,3/26/25,0,0,Quarter,LAJA-4,dry,nodule,Fabaceae,LAJA,Desmanthus,Mimosoideae,LAJA_015,LAJA,P.R,yes,18.034464,-67.066822,9/27/24
LAJA-5-1-Rh,D04,Acacia sp.,3/26/25,0.5485,26.328,Quarter,LAJA-5,dry,rhizosphere,Fabaceae,LAJA,Acacia,Mimosoideae,LAJA_015,LAJA,P.R,0,18.034464,-67.066822,9/27/24
LAJA-5-1-Ro,D04,Acacia sp.,3/26/25,2.575,123.6,Quarter,LAJA-5,dry,root,Fabaceae,LAJA,Acacia,Mimosoideae,LAJA_015,LAJA,P.R,0,18.034464,-67.066822,9/27/24
LAJA-5-1-No,D04,Acacia sp.,3/26/25,0,0,Quarter,LAJA-5,dry,nodule,Fabaceae,LAJA,Acacia,Mimosoideae,LAJA_015,LAJA,P.R,0,18.034464,-67.066822,9/27/24
LAJA-6-1-Rh,D04,Pithecellobium dulce,3/26/25,4.72,226.56,Quarter,LAJA-6,dry,rhizosphere,Fabaceae,LAJA,Pithecellobium,Mimosoideae,LAJA_015,LAJA,P.R,no,18.034464,-67.066822,9/27/24
LAJA-6-1-Ro,D04,Pithecellobium dulce,3/26/25,0.6515,31.272,Quarter,LAJA-6,dry,root,Fabaceae,LAJA,Pithecellobium,Mimosoideae,LAJA_015,LAJA,P.R,no,18.034464,-67.066822,9/27/24
LAJA-6-1-No,D04,Pithecellobium dulce,3/26/25,3.74,179.52,Quarter,LAJA-6,dry,nodule,Fabaceae,LAJA,Pithecellobium,Mimosoideae,LAJA_015,LAJA,P.R,no,18.034464,-67.066822,9/27/24
LAJA-7-1-Rh,D04,Macroptilium atropurpureum,3/26/25,1.915,91.92,Quarter,LAJA-7,dry,rhizosphere,Fabaceae,LAJA,Macroptilium,Phaseoleae,LAJA_002,LAJA,P.R,no,18.03622,-67.07407,9/27/24
LAJA-7-1-Ro,D04,Macroptilium atropurpureum,3/26/25,0.4545,21.816,Quarter,LAJA-7,dry,root,Fabaceae,LAJA,Macroptilium,Phaseoleae,LAJA_002,LAJA,P.R,no,18.03622,-67.07407,9/27/24
LAJA-7-1-No,D04,Macroptilium atropurpureum,3/26/25,1.04,49.92,Quarter,LAJA-7,dry,nodule,Fabaceae,LAJA,Macroptilium,Phaseoleae,LAJA_002,LAJA,P.R,no,18.03622,-67.07407,9/27/24
JERC-93-1-Rh,D03,Desmodium viridiflorum,3/26/25,0,0,Quarter,JERC-93,dry,rhizosphere,Fabaceae,JERC,Desmodium,Desmodieae,JERC_047,Baker County,Georgia,yes,,,20240625
JERC-93-1-Ro,D03,Desmodium viridiflorum,3/26/25,0.054,2.592,Quarter,JERC-93,dry,root,Fabaceae,JERC,Desmodium,Desmodieae,JERC_047,Baker County,Georgia,yes,,,20240625
JERC-93-1-No,D03,Desmodium viridiflorum,3/26/25,7.845,376.56,Half,JERC-93,dry,nodule,Fabaceae,JERC,Desmodium,Desmodieae,JERC_047,Baker County,Georgia,yes,,,20240625
JERC-94-1-Rh,D03,Robinia pseudoacacia,3/26/25,0,0,Quarter,JERC-94,dry,rhizosphere,Fabaceae,JERC,Robinia,Robinieae,JERC_034,Baker County,Georgia,yes,31.26805556,-84.58777778,20240625
JERC-94-1-Ro,D03,Robinia pseudoacacia,3/26/25,1.465,70.32,Quarter,JERC-94,dry,root,Fabaceae,JERC,Robinia,Robinieae,JERC_034,Baker County,Georgia,yes,31.26805556,-84.58777778,20240625
JERC-94-1-No,D03,Robinia pseudoacacia,3/26/25,14.9,715.2,Half,JERC-94,dry,nodule,Fabaceae,JERC,Robinia,Robinieae,JERC_034,Baker County,Georgia,yes,31.26805556,-84.58777778,20240625
OSBS-69-1-Rh,D03,Lespedeza sp.,3/26/25,0,0,Quarter,OSBS-69,dry,rhizosphere,Fabaceae,OSBS,Lespedeza,Desmodieae,OSBS_008,Putnam,FL,0,,,20240723
OSBS-69-1-Ro,D03,Lespedeza sp.,3/26/25,1.55,74.4,Quarter,OSBS-69,dry,root,Fabaceae,OSBS,Lespedeza,Desmodieae,OSBS_008,Putnam,FL,0,,,20240723
OSBS-69-1-No,D03,Lespedeza sp.,3/26/25,0,0,Quarter,OSBS-69,dry,nodule,Fabaceae,OSBS,Lespedeza,Desmodieae,OSBS_008,Putnam,FL,0,,,20240723
OSBS-25-1-Rh,D03,Tephrosia virginiana,3/26/25,0,0,Quarter,OSBS-25,dry,rhizosphere,Fabaceae,OSBS,Tephrosia,Millettieae,OSBS_031,Putnam,FL,yes,,,20240611
OSBS-25-1-Ro,D03,Tephrosia virginiana,3/26/25,5.675,272.4,Half,OSBS-25,dry,root,Fabaceae,OSBS,Tephrosia,Millettieae,OSBS_031,Putnam,FL,yes,,,20240611
OSBS-28-1-Rh,D03,Galactia sp.,3/26/25,0,0,Quarter,OSBS-28,dry,root,Fabaceae,OSBS,Galactia,Diocleae,OSBS_031,Putnam,FL,yes,,,20240611
OSBS-28-1-Ro,D03,Galactia sp.,3/26/25,0,0,Quarter,OSBS-28,dry,root,Fabaceae,OSBS,Galactia,Diocleae,OSBS_031,Putnam,FL,yes,,,20240611
OSBS-28-1-No,D03,Galactia sp.,3/26/25,0.073,3.504,Quarter,OSBS-28,dry,nodule,Fabaceae,OSBS,Galactia,Diocleae,OSBS_031,Putnam,FL,yes,,,20240611
OSBS-29-1-Rh,D03,Lespedeza sp.,3/26/25,0,0,Quarter,OSBS-29,dry,rhizosphere,Fabaceae,OSBS,Lespedeza,Desmodieae,OSBS_031,Putnam,FL,0,,,20240611
OSBS-29-1-Ro,D03,Lespedeza sp.,3/26/25,0.1435,6.888,Quarter,OSBS-29,dry,root,Fabaceae,OSBS,Lespedeza,Desmodieae,OSBS_031,Putnam,FL,0,,,20240611
OSBS-30-1-Rh,D03,Rhynchosia sp.,3/26/25,0.122,5.856,Quarter,OSBS-30,dry,rhizosphere,Fabaceae,OSBS,Rhynchosia,Phaseoleae,OSBS_031,Putnam,FL,yes,,,20240611
OSBS-30-1-Ro,D03,Rhynchosia sp.,3/26/25,3.63,174.24,Quarter,OSBS-30,dry,root,Fabaceae,OSBS,Rhynchosia,Phaseoleae,OSBS_031,Putnam,FL,yes,,,20240611
OSBS-31-1-Rh,D03,Rhynchosia reniformis,3/26/25,0,0,Quarter,OSBS-31,dry,rhizosphere,Fabaceae,OSBS,Rhynchosia,Phaseoleae,OSBS_006,Putnam,FL,yes,,,20240611
OSBS-31-1-Ro,D03,Rhynchosia reniformis,3/26/25,0.1,4.8,Quarter,OSBS-31,dry,root,Fabaceae,OSBS,Rhynchosia,Phaseoleae,OSBS_006,Putnam,FL,yes,,,20240611
DEJU-9-1-Rh,D19,Lupinus arcticus,3/29/25,0.1535,7.368,Quarter,DEJU-9,ethanol,rhizosphere,Fabaceae,DEJU,Lupinus,Genisteae,DEJU_006,,Alaska,yes,,,
DEJU-9-1-Ro,D19,Lupinus arcticus,3/29/25,9.35,448.8,Half,DEJU-9,ethanol,root,Fabaceae,DEJU,Lupinus,Genisteae,DEJU_006,,Alaska,yes,,,
DEJU-9-1-No,D19,Lupinus arcticus,3/26/25,0.2965,14.232,Quarter,DEJU-9,ethanol,nodule,Fabaceae,DEJU,Lupinus,Genisteae,DEJU_006,,Alaska,yes,,,
DEJU-10-1-Rh,D19,Lupinus arcticus,3/26/25,0,0,Quarter,DEJU-10,ethanol,rhizosphere,Fabaceae,DEJU,Lupinus,Genisteae,DEJU_006,,Alaska,yes,,,
DEJU-10-1-Ro,D19,Lupinus arcticus,3/26/25,2.22,106.56,Quarter,DEJU-10,ethanol,root,Fabaceae,DEJU,Lupinus,Genisteae,DEJU_006,,Alaska,yes,,,
DEJU-10-1-No,D19,Lupinus arcticus,3/26/25,5.295,254.16,Half,DEJU-10,ethanol,nodule,Fabaceae,DEJU,Lupinus,Genisteae,DEJU_006,,Alaska,yes,,,
DEJU-11-1-Rh,D19,Lupinus arcticus,3/26/25,0.23,11.04,Quarter,DEJU-11,ethanol,rhizosphere,Fabaceae,DEJU,Lupinus,Genisteae,DEJU_006,,Alaska,yes,,,
DEJU-11-1-Ro,D19,Lupinus arcticus,3/26/25,11.75,564,Half,DEJU-11,ethanol,root,Fabaceae,DEJU,Lupinus,Genisteae,DEJU_006,,Alaska,yes,,,
DEJU-11-1-No,D19,Lupinus arcticus,3/26/25,8.73,419.04,Half,DEJU-11,ethanol,nodule,Fabaceae,DEJU,Lupinus,Genisteae,DEJU_006,,Alaska,yes,,,
DEJU-12-1-Rh,D19,Lupinus arcticus,3/26/25,0,0,Quarter,DEJU-12,ethanol,rhizosphere,Fabaceae,DEJU,Lupinus,Genisteae,DEJU_006,,Alaska,yes,,,
DEJU-12-1-Ro,D19,Lupinus arcticus,3/26/25,0.8785,42.168,Quarter,DEJU-12,ethanol,root,Fabaceae,DEJU,Lupinus,Genisteae,DEJU_006,,Alaska,yes,,,
DEJU-12-1-No,D19,Lupinus arcticus,3/26/25,0.254,12.192,Quarter,DEJU-12,ethanol,nodule,Fabaceae,DEJU,Lupinus,Genisteae,DEJU_006,,Alaska,yes,,,
TALL-35-1-Rh,D08,Lespedeza sp.,3/28/25,0,0,Quarter,TALL-35,,rhizosphere,Fabaceae,TALL,Lespedeza,Desmodieae,TALL_001,Hale County,AL,0,32.97623,-87.43235,8/26/24
TALL-36-1-Rh,D08,Chamaecrista nictitans,3/28/25,0,0,Quarter,TALL-36,,rhizosphere,Fabaceae,TALL,Chamaecrista,Cassieae,TALL_016,Bibb County,AL,yes,32.97187,-87.4159,8/26/24
TALL-37-1-Rh,D08,Desmodium sp.,3/28/25,0,0,Quarter,TALL-37,,rhizosphere,Fabaceae,TALL,Desmodium,Desmodieae,TALL_016,Bibb County,AL,yes,32.97188,-87.41591,8/26/24
TALL-38-3-Rh,D08,Lespedeza sp.,3/28/25,0,0,Quarter,TALL-38,,rhizosphere,Fabaceae,TALL,Lespedeza,Desmodieae,TALL_006,Hale County,AL,0,32.89992,-87.44541,8/26/24
TALL-39-2-Rh,D08,Lespedeza cuneata,3/28/25,0.58,27.84,Quarter,TALL-39,,rhizosphere,Fabaceae,TALL,Lespedeza,Desmodieae,TALL_006,Hale County,AL,no,32.89972,-87.4449,8/26/24
TALL-39-2-Ro,D08,Lespedeza cuneata,3/28/25,0.649,31.152,Quarter,TALL-39,,root,Fabaceae,TALL,Lespedeza,Desmodieae,TALL_006,Hale County,AL,no,32.89972,-87.4449,8/26/24
TALL-40-1-Rh,D08,Desmodium sp.,3/28/25,0,0,Quarter,TALL-40,,rhizosphere,Fabaceae,TALL,Desmodium,Desmodieae,TALL_006,Hale County,AL,yes,32.89992,-87.44541,8/26/24
TALL-40-1-Ro,D08,Desmodium sp.,3/28/25,0.1465,7.032,Quarter,TALL-40,,root,Fabaceae,TALL,Desmodium,Desmodieae,TALL_006,Hale County,AL,yes,32.89992,-87.44541,8/26/24
TALL-41-3-Rh,D08,Lespedeza sp.,3/28/25,0,0,Quarter,TALL-41,,rhizosphere,Fabaceae,TALL,Lespedeza,Desmodieae,TALL_016,Bibb County,AL,0,32.97187,-87.4189,8/26/24
TALL-41-3-Ro,D08,Lespedeza sp.,3/28/25,1.235,59.28,Quarter,TALL-41,,root,Fabaceae,TALL,Lespedeza,Desmodieae,TALL_016,Bibb County,AL,0,32.97187,-87.4189,8/26/24
TALL-42-1-Rh,D08,Desmodium paniculatum,3/28/25,0,0,Quarter,TALL-42,,rhizosphere,Fabaceae,TALL,Desmodium,Desmodieae,TALL_016,Bibb County,AL,yes,32.97187,-87.4159,8/26/24
TALL-42-1-Ro,D08,Desmodium paniculatum,3/28/25,0.151,7.248,Quarter,TALL-42,,root,Fabaceae,TALL,Desmodium,Desmodieae,TALL_016,Bibb County,AL,yes,32.97187,-87.4159,8/26/24
TALL-7-2-Rh,D08,Desmodium sp.,3/28/25,0,0,Quarter,TALL-7,ethanol,rhizosphere,Fabaceae,TALL,Desmodium,Desmodieae,TALL_001,Hale,AL,yes,32.977669,-87.432853,2024-Apr-16
TALL-7-2-Ro,D08,Desmodium sp.,3/28/25,0.2865,13.752,Quarter,TALL-7,ethanol,root,Fabaceae,TALL,Desmodium,Desmodieae,TALL_001,Hale,AL,yes,32.977669,-87.432853,2024-Apr-16
TALL-7-2-No,D08,Desmodium sp.,3/28/25,0.064,3.072,Quarter,TALL-7,ethanol,nodule,Fabaceae,TALL,Desmodium,Desmodieae,TALL_001,Hale,AL,yes,32.977669,-87.432853,2024-Apr-16
TALL-8-2-Rh,D08,Alnus serrulata,3/28/25,0,0,Quarter,TALL-8,dry,rhizosphere,Betulaceae,TALL,Alnus,actinorhizal,TALL_051,Bibb County,AL,yes,32.950269,-87.397402,2024-Apr-16
TALL-8-2-Ro,D08,Alnus serrulata,3/28/25,0,0,Quarter,TALL-8,dry,root,Betulaceae,TALL,Alnus,actinorhizal,TALL_051,Bibb County,AL,yes,32.950269,-87.397402,2024-Apr-16
TALL-8-2-No,D08,Alnus serrulata,3/28/25,0,0,Quarter,TALL-8,dry,nodule,Betulaceae,TALL,Alnus,actinorhizal,TALL_051,Bibb County,AL,yes,32.950269,-87.397402,2024-Apr-16
TALL-9-2-Rh,D08,Morella cerifera,3/28/25,0,0,Quarter,TALL-9,dry,rhizosphere,Myricaceae,TALL,Morella,actinorhizal,TALL_058,Bibb County,AL,yes,32.946864,-87.396457,2024-Apr-29
TALL-9-2-Ro,D08,Morella cerifera,3/28/25,0.2055,9.864,Quarter,TALL-9,dry,root,Myricaceae,TALL,Morella,actinorhizal,TALL_058,Bibb County,AL,yes,32.946864,-87.396457,2024-Apr-29
TALL-9-2-No,D08,Morella cerifera,3/28/25,4.99,239.52,Quarter,TALL-9,dry,nodule,Myricaceae,TALL,Morella,actinorhizal,TALL_058,Bibb County,AL,yes,32.946864,-87.396457,2024-Apr-29
TALL-10-4-Rh,D08,Stylosanthes biflora,3/28/25,0,0,Quarter,TALL-10,dry,rhizosphere,Fabaceae,TALL,Stylosanthes,Dalbergieae,TALL_054,Bibb County,AL,yes,32.94865,-87.39759,6/17/24
TALL-10-4-Ro,D08,Stylosanthes biflora,3/28/25,0.2825,13.56,Quarter,TALL-10,dry,root,Fabaceae,TALL,Stylosanthes,Dalbergieae,TALL_054,Bibb County,AL,yes,32.94865,-87.39759,6/17/24
TALL-10-4-No,D08,Stylosanthes biflora,3/28/25,0,0,Quarter,TALL-10,dry,nodule,Fabaceae,TALL,Stylosanthes,Dalbergieae,TALL_054,Bibb County,AL,yes,32.94865,-87.39759,6/17/24
TALL-12-2-Rh,D08,Desmodium ciliare,3/28/25,0,0,Quarter,TALL-12,dry,rhizosphere,Fabaceae,TALL,Desmodium,Desmodieae,TALL_054,Bibb County,AL,yes,32.94865,-87.39759,6/17/24
TALL-12-2-Ro,D08,Desmodium ciliare,3/28/25,0,0,Quarter,TALL-12,dry,root,Fabaceae,TALL,Desmodium,Desmodieae,TALL_054,Bibb County,AL,yes,32.94865,-87.39759,6/17/24
TALL-12-2-No,D08,Desmodium ciliare,3/28/25,0,0,Quarter,TALL-12,dry,nodule,Fabaceae,TALL,Desmodium,Desmodieae,TALL_054,Bibb County,AL,yes,32.94865,-87.39759,6/17/24
TALL-13-3-Rh,D08,Robinia pseudoacacia,3/28/25,0,0,Quarter,TALL-13,dry,rhizosphere,Fabaceae,TALL,Robinia,Robinieae,TALL_001,Hale County,AL,yes,32.975212,-87.436315,8/22/24
TALL-13-3-Ro,D08,Robinia pseudoacacia,3/28/25,0.056,2.688,Quarter,TALL-13,dry,root,Fabaceae,TALL,Robinia,Robinieae,TALL_001,Hale County,AL,yes,32.975212,-87.436315,8/22/24
TALL-13-3-No,D08,Robinia pseudoacacia,3/28/25,13.35,640.8,Half,TALL-13,dry,nodule,Fabaceae,TALL,Robinia,Robinieae,TALL_001,Hale County,AL,yes,32.975212,-87.436315,8/22/24
TALL-15-2-Rh,D08,Strophostyles umbellata,3/28/25,0,0,Quarter,TALL-15,ethanol,rhizosphere,Fabaceae,TALL,Strophostyles,Phaseoleae,TALL_002,Hale County,AL,yes,32.922291,-87.428794,8/22/24
TALL-15-2-Ro,D08,Strophostyles umbellata,3/28/25,0.2655,12.744,Quarter,TALL-15,ethanol,root,Fabaceae,TALL,Strophostyles,Phaseoleae,TALL_002,Hale County,AL,yes,32.922291,-87.428794,8/22/24
TALL-15-2-No,D08,Strophostyles umbellata,3/28/25,2.945,141.36,Quarter,TALL-15,ethanol,nodule,Fabaceae,TALL,Strophostyles,Phaseoleae,TALL_002,Hale County,AL,yes,32.922291,-87.428794,8/22/24
TALL-16-Rh,D08,Lespedeza sp.,3/28/25,0,0,Quarter,TALL-16,,rhizosphere,Fabaceae,TALL,Lespedeza,Desmodieae,TALL_002,Hale County,AL,0,32.922222,-87.429133,8/22/24
TALL-16-Ro,D08,Lespedeza sp.,3/28/25,0.736,35.328,Quarter,TALL-16,,root,Fabaceae,TALL,Lespedeza,Desmodieae,TALL_002,Hale County,AL,0,32.922222,-87.429133,8/22/24
TALL-16-No,D08,Lespedeza sp.,3/28/25,0.29,13.92,Quarter,TALL-16,,nodule,Fabaceae,TALL,Lespedeza,Desmodieae,TALL_002,Hale County,AL,0,32.922222,-87.429133,8/22/24
TALL-75-2-Rh,D08,Lespedeza hirta,3/28/25,0,0,Quarter,TALL-75,dry,rhizosphere,Fabaceae,TALL,Lespedeza,Desmodieae,TALL_005,Hale County,AL,yes,32.896946,-87.397281,9/4/24
TALL-75-2-Ro,D08,Lespedeza hirta,3/28/25,1.7,81.6,Quarter,TALL-75,dry,root,Fabaceae,TALL,Lespedeza,Desmodieae,TALL_005,Hale County,AL,yes,32.896946,-87.397281,9/4/24
TALL-75-2-No,D08,Lespedeza hirta,3/28/25,0.233,11.184,Quarter,TALL-75,dry,nodule,Fabaceae,TALL,Lespedeza,Desmodieae,TALL_005,Hale County,AL,yes,32.896946,-87.397281,9/4/24
TALL-76-3-Rh,D08,Desmodium laevigatum,3/28/25,0,0,Quarter,TALL-76,dry,rhizosphere,Fabaceae,TALL,Desmodium,Desmodieae,TALL_005,Hale County,AL,yes,32.896946,-87.397281,9/4/24
TALL-76-3-Ro,D08,Desmodium laevigatum,3/28/25,0.85,40.8,Quarter,TALL-76,dry,root,Fabaceae,TALL,Desmodium,Desmodieae,TALL_005,Hale County,AL,yes,32.896946,-87.397281,9/4/24
TALL-76-3-No,D08,Desmodium laevigatum,3/28/25,0.1535,7.368,Quarter,TALL-76,dry,nodule,Fabaceae,TALL,Desmodium,Desmodieae,TALL_005,Hale County,AL,yes,32.896946,-87.397281,9/4/24
TALL-78-2-Rh,D08,Chamaecrista nictitans,3/28/25,0,0,Quarter,TALL-78,dry,rhizosphere,Fabaceae,TALL,Chamaecrista,Cassieae,TALL_005,Hale County,AL,yes,32.896946,-87.397281,9/4/24
TALL-78-2-Ro,D08,Chamaecrista nictitans,3/28/25,0.791,37.968,Quarter,TALL-78,dry,rhizosphere,Fabaceae,TALL,Chamaecrista,Cassieae,TALL_005,Hale County,AL,yes,32.896946,-87.397281,9/4/24
TALL-78-2-No,D08,Chamaecrista nictitans,3/28/25,0.278,13.344,Quarter,TALL-78,dry,rhizosphere,Fabaceae,TALL,Chamaecrista,Cassieae,TALL_005,Hale County,AL,yes,32.896946,-87.397281,9/4/24
TALL-79-1-Rh,D08,Stylosanthes biflora,3/28/25,0,0,Quarter,TALL-79,dry,rhizosphere,Fabaceae,TALL,Stylosanthes,Dalbergieae,TALL_005,Hale County,AL,yes,32.896946,-87.397281,9/4/24
TALL-79-1-Ro,D08,Stylosanthes biflora,3/28/25,0,0,Quarter,TALL-79,dry,root,Fabaceae,TALL,Stylosanthes,Dalbergieae,TALL_005,Hale County,AL,yes,32.896946,-87.397281,9/4/24
TALL-79-1-No,D08,Stylosanthes biflora,3/28/25,0,0,Quarter,TALL-79,dry,nodule,Fabaceae,TALL,Stylosanthes,Dalbergieae,TALL_005,Hale County,AL,yes,32.896946,-87.397281,9/4/24
TALL-80-1-Rh,D08,Chamaecrista nictitans,3/28/25,0,0,Quarter,TALL-86,,rhizosphere,Fabaceae,TALL,Chamaecrista,Cassieae,TALL_003,Bibb Country,AL,yes,32.893415,.-87.415270,9/16/24
TALL-80-1-Ro,D08,Chamaecrista nictitans,3/28/25,0,0,Quarter,TALL-86,,root,Fabaceae,TALL,Chamaecrista,Cassieae,TALL_003,Bibb Country,AL,yes,32.893415,.-87.415270,9/16/24
TALL-80-1-No,D08,Chamaecrista nictitans,3/28/25,0,0,Quarter,TALL-86,,nodule,Fabaceae,TALL,Chamaecrista,Cassieae,TALL_003,Bibb Country,AL,yes,32.893415,.-87.415270,9/16/24
TALL-2-1-Rh,D08,Desmodium ciliare,3/28/25,0,0,Quarter,TALL-2,dry,rhizosphere,Fabaceae,TALL,Desmodium,Desmodieae,TALL_016,Bibb County,AL,yes,32.970408,-87.415018,2024-Apr-11
TALL-2-1-Ro,D08,Desmodium ciliare,3/28/25,0,4.32,Quarter,TALL-2,dry,root,Fabaceae,TALL,Desmodium,Desmodieae,TALL_016,Bibb County,AL,yes,32.970408,-87.415018,2024-Apr-11
TALL-2-1-No,D08,Desmodium ciliare,3/28/25,4.02,192.96,Quarter,TALL-2,dry,nodule,Fabaceae,TALL,Desmodium,Desmodieae,TALL_016,Bibb County,AL,yes,32.970408,-87.415018,2024-Apr-11
YELL-3-5-Rh,D12,Lupinus sericieus,4/1/25,1.485,71.28,Quarter,YELL-3,ethanol,rhizosphere,Fabaceae,YELL,Lupinus,Genisteae,YELL_018,Park County,WY,yes,,,7/11/24
YELL-3-5-Ro,D12,Lupinus sericieus,4/1/25,0.8235,39.528,Quarter,YELL-3,ethanol,root,Fabaceae,YELL,Lupinus,Genisteae,YELL_018,Park County,WY,yes,,,7/11/24
YELL-3-5-No,D12,Lupinus sericieus,4/1/25,8.39,402.72,Half,YELL-3,ethanol,nodule,Fabaceae,YELL,Lupinus,Genisteae,YELL_018,Park County,WY,yes,,,7/11/24
YELL-4-4-Rh,D12,Astragalus sp.,4/1/25,2.965,142.32,Quarter,YELL-4,ethanol,rhizosphere,Fabaceae,YELL,Astragalus,Galegeae,YELL_019,Park County,WY,yes,,,7/11/24
YELL-4-4-Ro,D12,Astragalus sp.,4/1/25,18,864,Half,YELL-4,ethanol,root,Fabaceae,YELL,Astragalus,Galegeae,YELL_019,Park County,WY,yes,,,7/11/24
YELL-4-4-No,D12,Astragalus sp.,4/1/25,13.95,669.6,Half,YELL-4,ethanol,nodule,Fabaceae,YELL,Astragalus,Galegeae,YELL_019,Park County,WY,yes,,,7/11/24
YELL-10-1-Rh,D12,Astragalus sp.,4/1/25,0,0,Quarter,YELL-10,ethanol,rhizosphere,Fabaceae,YELL,Astragalus,Galegeae,YELL_050,Park County,WY,yes,,,9/24/24
YELL-10-1-Ro,D12,Astragalus sp.,4/1/25,23.7,1137.6,Half,YELL-10,ethanol,root,Fabaceae,YELL,Astragalus,Galegeae,YELL_050,Park County,WY,yes,,,9/24/24
YELL-10-1-No,D12,Astragalus sp.,4/1/25,6.92,332.16,Half,YELL-10,ethanol,nodule,Fabaceae,YELL,Astragalus,Galegeae,YELL_050,Park County,WY,yes,,,9/24/24
YELL-11-Rh,D12,Astragalus sp.,4/1/25,1.94,93.12,Quarter,YELL-11,ethanol,rhizosphere,Fabaceae,YELL,Astragalus,Galegeae,YELL_050,Park County,WY,yes,,,9/24/24
YELL-11-Ro,D12,Astragalus sp.,4/1/25,9.755,468.24,Half,YELL-11,ethanol,root,Fabaceae,YELL,Astragalus,Galegeae,YELL_050,Park County,WY,yes,,,9/24/24
YELL-11-No,D12,Astragalus sp.,4/1/25,0.9745,46.776,Quarter,YELL-11,ethanol,nodule,Fabaceae,YELL,Astragalus,Galegeae,YELL_050,Park County,WY,yes,,,9/24/24
TALL-30-1-Rh,D08,Clitoria sp.,4/1/25,0,0,Quarter,TALL-30,dry,rhizosphere,Fabaceae,TALL,Clitoria,Phaseoleae,TALL_001,Hale County,AL,yes,32.97635,-87.43249,8/26/24
TALL-30-1-Ro,D08,Clitoria sp.,4/1/25,0.1715,8.232,Quarter,TALL-30,dry,root,Fabaceae,TALL,Clitoria,Phaseoleae,TALL_001,Hale County,AL,yes,32.97635,-87.43249,8/26/24
TALL-30-1-No,D08,Clitoria sp.,4/1/25,0,0,Quarter,TALL-30,dry,nodule,Fabaceae,TALL,Clitoria,Phaseoleae,TALL_001,Hale County,AL,yes,32.97635,-87.43249,8/26/24
TALL-31-1-Rh,D08,Desmodium sp.,4/1/25,0,0,Quarter,TALL-31,dry,rhizosphere,Fabaceae,TALL,Desmodium,Desmodieae,TALL_016,Bibb County,AL,yes,32.97189,-87.4582,8/26/24
TALL-31-1-Ro,D08,Desmodium sp.,4/1/25,0.1245,5.976,Quarter,TALL-31,dry,root,Fabaceae,TALL,Desmodium,Desmodieae,TALL_016,Bibb County,AL,yes,32.97189,-87.4582,8/26/24
TALL-31-1-No,D08,Desmodium sp.,4/1/25,0,0,Quarter,TALL-31,dry,nodule,Fabaceae,TALL,Desmodium,Desmodieae,TALL_016,Bibb County,AL,yes,32.97189,-87.4582,8/26/24
TALL-32-1-Rh,D08,Lespedeza sp.,4/1/25,0,0,Quarter,TALL-32,,rhizosphere,Fabaceae,TALL,Lespedeza,Desmodieae,TALL_003,Bibb County,AL,0,32.89429,-87.4163,8/26/24
TALL-32-1-Ro,D08,Lespedeza sp.,4/1/25,0,0,Quarter,TALL-32,,root,Fabaceae,TALL,Lespedeza,Desmodieae,TALL_003,Bibb County,AL,0,32.89429,-87.4163,8/26/24
TALL-32-1-No,D08,Lespedeza sp.,4/1/25,0,0,Quarter,TALL-32,,nodule,Fabaceae,TALL,Lespedeza,Desmodieae,TALL_003,Bibb County,AL,0,32.89429,-87.4163,8/26/24
TALL-33-1-Rh,D08,Lespedeza sp.,4/1/25,0,0,Quarter,TALL-33,dry,rhizosphere,Fabaceae,TALL,Lespedeza,Desmodieae,TALL_001,Hale County,AL,0,32.97501,-87.4339,8/26/24
TALL-33-1-Ro,D08,Lespedeza sp.,4/1/25,0.6165,29.592,Quarter,TALL-33,dry,root,Fabaceae,TALL,Lespedeza,Desmodieae,TALL_001,Hale County,AL,0,32.97501,-87.4339,8/26/24
TALL-33-1-No,D08,Lespedeza sp.,4/1/25,0.062,2.976,Quarter,TALL-33,dry,nodule,Fabaceae,TALL,Lespedeza,Desmodieae,TALL_001,Hale County,AL,0,32.97501,-87.4339,8/26/24
TALL-34-1-Rh,D08,Desmodium sp.,4/1/25,0,0,Quarter,TALL-34,dry,rhizosphere,Fabaceae,TALL,Desmodium,Desmodieae,TALL_016,Bibb County,AL,yes,32.97187,-87.4159,8/26/24
TALL-34-1-Ro,D08,Desmodium sp.,4/1/25,0.499,23.952,Quarter,TALL-34,dry,root,Fabaceae,TALL,Desmodium,Desmodieae,TALL_016,Bibb County,AL,yes,32.97187,-87.4159,8/26/24
TALL-34-1-No,D08,Desmodium sp.,4/1/25,0,0,Quarter,TALL-34,dry,nodule,Fabaceae,TALL,Desmodium,Desmodieae,TALL_016,Bibb County,AL,yes,32.97187,-87.4159,8/26/24
TALL-81-1-Rh,D08,Morella cerifera,4/2/25,0,0,Quarter,TALL-81,,rhizosphere,Myricaceae,TALL,Morella,actinorhizal,TALL_020,Hale County,AL,yes,32.95591,-87.42683,9/11/24
TALL-81-1-Ro,D08,Morella cerifera,4/2/25,0.4915,23.592,Quarter,TALL-81,,root,Myricaceae,TALL,Morella,actinorhizal,TALL_020,Hale County,AL,yes,32.95591,-87.42683,9/11/24
TALL-83-2-Rh,D08,Alnus serrulata,4/2/25,0,0,Quarter,TALL-83,dry,rhizosphere,Betulaceae,TALL,Alnus,actinorhizal,TALL_016,Bibb County,AL,yes,32.966479,-87.407572,9/16/24
TALL-83-2-Ro,D08,Alnus serrulata,4/2/25,0.8445,40.536,Quarter,TALL-83,dry,root,Betulaceae,TALL,Alnus,actinorhizal,TALL_016,Bibb County,AL,yes,32.966479,-87.407572,9/16/24
TALL-83-2-No,D08,Alnus serrulata,4/2/25,2.2,105.6,Quarter,TALL-83,dry,nodule,Betulaceae,TALL,Alnus,actinorhizal,TALL_016,Bibb County,AL,yes,32.966479,-87.407572,9/16/24
TALL-84-1-Rh,D08,Morella cerifera,4/2/25,0,0,Quarter,TALL-84,dry,rhizosphere,Myricaceae,TALL,Morella,actinorhizal,TALL_029,Hale County,AL,yes,32.899181,-87.434869,9/17/24
TALL-84-1-Ro,D08,Morella cerifera,4/2/25,0.686,32.928,Quarter,TALL-84,dry,root,Myricaceae,TALL,Morella,actinorhizal,TALL_029,Hale County,AL,yes,32.899181,-87.434869,9/17/24
TALL-84-1-No,D08,Morella cerifera,4/2/25,8.565,411.12,Half,TALL-84,dry,nodule,Myricaceae,TALL,Morella,actinorhizal,TALL_029,Hale County,AL,yes,32.899181,-87.434869,9/17/24
TALL-85-1-Rh,D08,Rhynchosia reniformis,4/2/25,0,0,Quarter,TALL-85,,rhizosphere,Fabaceae,TALL,Rhynchosia,Phaseoleae,TALL_003,Bibb County,AL,yes,32.893415,-87.41527,9/16/24
TALL-85-1-Ro,D08,Rhynchosia reniformis,4/2/25,6.83,327.84,Half,TALL-85,,root,Fabaceae,TALL,Rhynchosia,Phaseoleae,TALL_003,Bibb County,AL,yes,32.893415,-87.41527,9/16/24
TALL-85-1-No,D08,Rhynchosia reniformis,4/2/25,9.69,465.12,Half,TALL-85,,nodule,Fabaceae,TALL,Rhynchosia,Phaseoleae,TALL_003,Bibb County,AL,yes,32.893415,-87.41527,9/16/24
TALL-86-1-Rh,D08,Chamaecrista nictitans,4/2/25,0,0,Quarter,TALL-86,,rhizosphere,Fabaceae,TALL,Chamaecrista,Cassieae,TALL_003,Bibb Country,AL,yes,32.893415,.-87.415270,9/16/24
TALL-86-1-Ro,D08,Chamaecrista nictitans,4/2/25,1.28,61.44,Quarter,TALL-86,,root,Fabaceae,TALL,Chamaecrista,Cassieae,TALL_003,Bibb Country,AL,yes,32.893415,.-87.415270,9/16/24
TALL-86-1-No,D08,Chamaecrista nictitans,4/2/25,3.38,162.24,Quarter,TALL-86,,nodule,Fabaceae,TALL,Chamaecrista,Cassieae,TALL_003,Bibb Country,AL,yes,32.893415,.-87.415270,9/16/24
TALL-87-3-Rh,D08,Centrosema virginiana,4/2/25,0,0,Quarter,TALL-87,dry,rhizosphere,Fabaceae,TALL,Centrosema,Phaseoleae,TALL_003,Bibb County,AL,yes,32.893415,-87.41527,9/16/24
TALL-87-3-Ro,D08,Centrosema virginiana,4/2/25,0.2935,14.088,Quarter,TALL-87,dry,root,Fabaceae,TALL,Centrosema,Phaseoleae,TALL_003,Bibb County,AL,yes,32.893415,-87.41527,9/16/24
TALL-87-3-No,D08,Centrosema virginiana,4/2/25,0,0,Quarter,TALL-87,dry,nodule,Fabaceae,TALL,Centrosema,Phaseoleae,TALL_003,Bibb County,AL,yes,32.893415,-87.41527,9/16/24
TALL-88-1-Rh,D08,Chamaecrista nictitans,4/2/25,0,0,Quarter,TALL-88,,rhizosphere,Fabaceae,TALL,Chamaecrista,Cassieae,TALL_009,Bibb County,AL,yes,32.89959,-87.40638,9/17/24
TALL-88-1-Ro,D08,Chamaecrista nictitans,4/2/25,0,0,Quarter,TALL-88,,root,Fabaceae,TALL,Chamaecrista,Cassieae,TALL_009,Bibb County,AL,yes,32.89959,-87.40638,9/17/24
TALL-88-1-No,D08,Chamaecrista nictitans,4/2/25,0,0,Quarter,TALL-88,,nodule,Fabaceae,TALL,Chamaecrista,Cassieae,TALL_009,Bibb County,AL,yes,32.89959,-87.40638,9/17/24
TALL-89-1-Rh,D08,Desmodium paniculatum,4/2/25,0,0,Quarter,TALL-89,dry,rhizosphere,Fabaceae,TALL,Desmodium,Desmodieae,TALL_009,Bibb County,AL,yes,32.89959,-87.40638,9/17/24
TALL-89-1-Ro,D08,Desmodium paniculatum,4/2/25,0.7885,37.848,Quarter,TALL-89,dry,root,Fabaceae,TALL,Desmodium,Desmodieae,TALL_009,Bibb County,AL,yes,32.89959,-87.40638,9/17/24
TALL-89-1-No,D08,Desmodium paniculatum,4/2/25,0.955,45.84,Quarter,TALL-89,dry,nodule,Fabaceae,TALL,Desmodium,Desmodieae,TALL_009,Bibb County,AL,yes,32.89959,-87.40638,9/17/24
TALL-90-1-Rh,D08,Morella caroliniensis,4/2/25,0.921,44.208,Quarter,TALL-90,ethanol,rhizosphere,Myricaceae,TALL,Morella,actinorhizal,TALL_032,Hale County,AL,yes,32.910379,-87.420687,9/19/24
TALL-90-1-Ro,D08,Morella caroliniensis,4/2/25,0,0,Quarter,TALL-90,ethanol,root,Myricaceae,TALL,Morella,actinorhizal,TALL_032,Hale County,AL,yes,32.910379,-87.420687,9/19/24
TALL-90-1-No,D08,Morella caroliniensis,4/2/25,7.155,343.44,Half,TALL-90,ethanol,nodule,Myricaceae,TALL,Morella,actinorhizal,TALL_032,Hale County,AL,yes,32.910379,-87.420687,9/19/24
TALL-91-1-Rh,D08,Alnus serrulata,4/2/25,0.3895,18.696,Quarter,TALL-91,ethanol,rhizosphere,Betulaceae,TALL,Alnus,actinorhizal,TALL_016,Bibb County,AL,yes,32.96499,-87.4136,9/19/24
TALL-91-1-Ro,D08,Alnus serrulata,4/2/25,0.1845,8.856,Quarter,TALL-91,ethanol,root,Betulaceae,TALL,Alnus,actinorhizal,TALL_016,Bibb County,AL,yes,32.96499,-87.4136,9/19/24
TALL-91-1-No,D08,Alnus serrulata,4/2/25,1.69,81.12,Quarter,TALL-91,ethanol,nodule,Betulaceae,TALL,Alnus,actinorhizal,TALL_016,Bibb County,AL,yes,32.96499,-87.4136,9/19/24
DEJU-13-1-Rh,D19,Lupinus arcticus,4/2/25,2.35,112.8,Quarter,DEJU-13,ethanol,rhizosphere,Fabaceae,DEJU,Lupinus,Genisteae,DEJU_006,,Alaska,yes,,,
DEJU-13-1-Ro,D19,Lupinus arcticus,4/2/25,0.423,20.304,Quarter,DEJU-13,ethanol,root,Fabaceae,DEJU,Lupinus,Genisteae,DEJU_006,,Alaska,yes,,,
DEJU-13-1-No,D19,Lupinus arcticus,4/2/25,98.8,4742.4,Half,DEJU-13,ethanol,nodule,Fabaceae,DEJU,Lupinus,Genisteae,DEJU_006,,Alaska,yes,,,
DEJU-16-1-Rh,D19,Alnus viridis,4/2/25,0,0,Quarter,DEJU-16,ethanol,rhizosphere,Betulaceae,DEJU,Alnus,actinorhizal,DEJU_046,,Alaska,yes,,,
DEJU-16-1-Ro,D19,Alnus viridis,4/2/25,1.85,88.8,Quarter,DEJU-16,ethanol,root,Betulaceae,DEJU,Alnus,actinorhizal,DEJU_046,,Alaska,yes,,,
DEJU-16-1-No,D19,Alnus viridis,4/2/25,38.25,1836,Half,DEJU-16,ethanol,nodule,Betulaceae,DEJU,Alnus,actinorhizal,DEJU_046,,Alaska,yes,,,
DEJU-17-1-Rh,D19,Alnus viridis,4/2/25,0,0,Quarter,DEJU-17,ethanol,rhizosphere,Betulaceae,DEJU,Alnus,actinorhizal,DEJU_046,,Alaska,yes,,,
DEJU-17-1-Ro,D19,Alnus viridis,4/2/25,2.86,137.28,Quarter,DEJU-17,ethanol,root,Betulaceae,DEJU,Alnus,actinorhizal,DEJU_046,,Alaska,yes,,,
DEJU-17-1-No,D19,Alnus viridis,4/2/25,3.27,156.96,Quarter,DEJU-17,ethanol,nodule,Betulaceae,DEJU,Alnus,actinorhizal,DEJU_046,,Alaska,yes,,,
DEJU-18-1-Rh,D19,Alnus viridis,4/2/25,0.096,4.608,Quarter,DEJU-18,ethanol,rhizosphere,Betulaceae,DEJU,Alnus,actinorhizal,DEJU_046,,Alaska,yes,,,
DEJU-18-1-Ro,D19,Alnus viridis,4/2/25,2.145,102.96,Quarter,DEJU-18,ethanol,root,Betulaceae,DEJU,Alnus,actinorhizal,DEJU_046,,Alaska,yes,,,
DEJU-18-1-No,D19,Alnus viridis,4/2/25,11.7,561.6,Half,DEJU-18,ethanol,nodule,Betulaceae,DEJU,Alnus,actinorhizal,DEJU_046,,Alaska,yes,,,
DEJU-19-1-Rh,D19,Alnus viridis,4/2/25,0.1715,8.232,Quarter,DEJU-19,ethanol,rhizosphere,Betulaceae,DEJU,Alnus,actinorhizal,DEJU_046,,Alaska,yes,,,
DEJU-19-1-Ro,D19,Alnus viridis,4/2/25,5.085,244.08,Quarter,DEJU-19,ethanol,root,Betulaceae,DEJU,Alnus,actinorhizal,DEJU_046,,Alaska,yes,,,
DEJU-19-1-No,D19,Alnus viridis,4/2/25,1.0235,49.128,Quarter,DEJU-19,ethanol,nodule,Betulaceae,DEJU,Alnus,actinorhizal,DEJU_046,,Alaska,yes,,,
DEJU-20-1-Rh,D19,Alnus viridis,4/2/25,0,0,Quarter,DEJU-20,ethanol,rhizosphere,Betulaceae,DEJU,Alnus,actinorhizal,DEJU_046,,Alaska,yes,,,
DEJU-20-1-Ro,D19,Alnus viridis,4/2/25,1.13,54.24,Quarter,DEJU-20,ethanol,root,Betulaceae,DEJU,Alnus,actinorhizal,DEJU_046,,Alaska,yes,,,
DEJU-20-1-No,D19,Alnus viridis,4/2/25,8.54,409.92,Half,DEJU-20,ethanol,nodule,Betulaceae,DEJU,Alnus,actinorhizal,DEJU_046,,Alaska,yes,,,
DEJU-21-1-Rh,D19,Alnus viridis,4/2/25,0.1675,8.04,Quarter,DEJU-21,ethanol,rhizosphere,Betulaceae,DEJU,Alnus,actinorhizal,DEJU_046,,Alaska,yes,,,
DEJU-21-1-Ro,D19,Alnus viridis,4/2/25,1.29,61.92,Quarter,DEJU-21,ethanol,root,Betulaceae,DEJU,Alnus,actinorhizal,DEJU_046,,Alaska,yes,,,
DEJU-21-1-No,D19,Alnus viridis,4/2/25,1.41,67.68,Quarter,DEJU-21,ethanol,nodule,Betulaceae,DEJU,Alnus,actinorhizal,DEJU_046,,Alaska,yes,,,
DEJU-22-1-Rh,D19,Alnus viridis,4/2/25,0.11,5.28,Quarter,DEJU-22,ethanol,rhizosphere,Betulaceae,DEJU,Alnus,actinorhizal,DEJU_046,,Alaska,yes,,,
DEJU-22-1-Ro,D19,Alnus viridis,4/2/25,1.785,85.68,Quarter,DEJU-22,ethanol,root,Betulaceae,DEJU,Alnus,actinorhizal,DEJU_046,,Alaska,yes,,,
DEJU-22-1-No,D19,Alnus viridis,4/2/25,6.96,334.08,Half,DEJU-22,ethanol,nodule,Betulaceae,DEJU,Alnus,actinorhizal,DEJU_046,,Alaska,yes,,,
JERC-176-5-Rh,D03,Lespedeza stuevei,4/3/25,0,0,Quarter,JERC-176,dry,rhizosphere,Fabaceae,JERC,Lespedeza,Desmodieae,JERC_050,Baker County,Georgia,yes,,,20241028
JERC-176-5-Ro,D03,Lespedeza stuevei,4/3/25,0.348,16.704,Quarter,JERC-176,dry,root,Fabaceae,JERC,Lespedeza,Desmodieae,JERC_050,Baker County,Georgia,yes,,,20241028
JERC-176-5-No,D03,Lespedeza stuevei,4/3/25,12,576,Half,JERC-176,dry,nodule,Fabaceae,JERC,Lespedeza,Desmodieae,JERC_050,Baker County,Georgia,yes,,,20241028
JERC-179-4-Rh,D03,Lespedeza virginica,4/3/25,0,0,Quarter,JERC-179,dry,rhizosphere,Fabaceae,JERC,Lespedeza,Desmodieae,JERC_050,Baker County,Georgia,yes,,,20241028
JERC-179-4-Ro,D03,Lespedeza virginica,4/3/25,11.9,571.2,Half,JERC-179,dry,root,Fabaceae,JERC,Lespedeza,Desmodieae,JERC_050,Baker County,Georgia,yes,,,20241028
JERC-179-4-No,D03,Lespedeza virginica,4/3/25,8.75,420,Half,JERC-179,dry,nodule,Fabaceae,JERC,Lespedeza,Desmodieae,JERC_050,Baker County,Georgia,yes,,,20241028
JERC-180-5-Rh,D03,Zornia bracteata,4/3/25,0,0,Quarter,JERC-180,dry,rhizosphere,Fabaceae,JERC,Zornia,Dalbergieae,JERC_050,Baker County,Georgia,yes,,,20241028
JERC-180-5-Ro,D03,Zornia bracteata,4/3/25,2.015,96.72,Quarter,JERC-180,dry,root,Fabaceae,JERC,Zornia,Dalbergieae,JERC_050,Baker County,Georgia,yes,,,20241028
JERC-180-5-No,D03,Zornia bracteata,4/3/25,4.02,192.96,Quarter,JERC-180,dry,nodule,Fabaceae,JERC,Zornia,Dalbergieae,JERC_050,Baker County,Georgia,yes,,,20241028
JERC-181-1-Rh,D03,Desmodium strictum,4/3/25,0,0,Quarter,JERC-181,dry,rhizosphere,Fabaceae,JERC,Desmodium,Desmodieae,JERC_050,Baker County,Georgia,yes,,,20241028
JERC-181-1-Ro,D03,Desmodium strictum,4/3/25,0.142,6.816,Quarter,JERC-181,dry,root,Fabaceae,JERC,Desmodium,Desmodieae,JERC_050,Baker County,Georgia,yes,,,20241028
JERC-181-1-No,D03,Desmodium strictum,4/3/25,0.126,6.048,Quarter,JERC-181,dry,nodule,Fabaceae,JERC,Desmodium,Desmodieae,JERC_050,Baker County,Georgia,yes,,,20241028
JERC-183-3-Rh,D03,Chamaecrista fasciculata,4/3/25,0,0,Quarter,JERC-183,dry,rhizosphere,Fabaceae,JERC,Chamaecrista,Cassieae,JERC_051,Baker County,Georgia,yes,31.1986493,-84.4642569,20241028
JERC-183-3-Ro,D03,Chamaecrista fasciculata,4/3/25,0,0,Quarter,JERC-183,dry,root,Fabaceae,JERC,Chamaecrista,Cassieae,JERC_051,Baker County,Georgia,yes,31.1986493,-84.4642569,20241028
JERC-183-3-No,D03,Chamaecrista fasciculata,4/3/25,0,0,Quarter,JERC-183,dry,nodule,Fabaceae,JERC,Chamaecrista,Cassieae,JERC_051,Baker County,Georgia,yes,31.1986493,-84.4642569,20241028
JERC-184-3-Rh,D03,Lespedeza stuevei,4/3/25,0,0,Quarter,JERC-184,dry,rhizosphere,Fabaceae,JERC,Lespedeza,Desmodieae,JERC_051,Baker County,Georgia,yes,,,20241028
JERC-184-3-Ro,D03,Lespedeza stuevei,4/3/25,0.683,32.784,Quarter,JERC-184,dry,root,Fabaceae,JERC,Lespedeza,Desmodieae,JERC_051,Baker County,Georgia,yes,,,20241028
JERC-184-3-No,D03,Lespedeza stuevei,4/3/25,0,0,Quarter,JERC-184,dry,nodule,Fabaceae,JERC,Lespedeza,Desmodieae,JERC_051,Baker County,Georgia,yes,,,20241028
JERC-185-3-Rh,D03,Desmodium paniculatum cf. sp.,4/3/25,0,0,Quarter,JERC-185,dry,rhizosphere,Fabaceae,JERC,Desmodium,Desmodieae,JERC_051,Baker County,Georgia,yes,,,20241028
JERC-185-3-Ro,D03,Desmodium paniculatum cf. sp.,4/3/25,0.054,2.592,Quarter,JERC-185,dry,root,Fabaceae,JERC,Desmodium,Desmodieae,JERC_051,Baker County,Georgia,yes,,,20241028
JERC-185-3-No,D03,Desmodium paniculatum cf. sp.,4/3/25,0,0,Quarter,JERC-185,dry,nodule,Fabaceae,JERC,Desmodium,Desmodieae,JERC_051,Baker County,Georgia,yes,,,20241028
JERC-186-1-Rh,D03,Desmodium ciliare,4/3/25,0,0,Quarter,JERC-186,dry,rhizosphere,Fabaceae,JERC,Desmodium,Desmodieae,JERC_051,Baker County,Georgia,yes,,,20241028
JERC-186-1-Ro,D03,Desmodium ciliare,4/3/25,0,0,Quarter,JERC-186,dry,root,Fabaceae,JERC,Desmodium,Desmodieae,JERC_051,Baker County,Georgia,yes,,,20241028
JERC-186-1-No,D03,Desmodium ciliare,4/3/25,0,0,Quarter,JERC-186,dry,nodule,Fabaceae,JERC,Desmodium,Desmodieae,JERC_051,Baker County,Georgia,yes,,,20241028
JERC-187-1-Rh,D03,Desmodium lineatum,4/3/25,0,0,Quarter,JERC-187,dry,rhizosphere,Fabaceae,JERC,Desmodium,Desmodieae,JERC_051,Baker County,Georgia,yes,,,20241028
JERC-187-1-Ro,D03,Desmodium lineatum,4/3/25,0.5975,28.68,Quarter,JERC-187,dry,root,Fabaceae,JERC,Desmodium,Desmodieae,JERC_051,Baker County,Georgia,yes,,,20241028
JERC-187-1-No,D03,Desmodium lineatum,4/3/25,0.2485,11.928,Quarter,JERC-187,dry,nodule,Fabaceae,JERC,Desmodium,Desmodieae,JERC_051,Baker County,Georgia,yes,,,20241028
JERC-188-1-Rh,D03,Desmodium obtusum,4/3/25,0,0,Quarter,JERC-188,dry,rhizosphere,Fabaceae,JERC,Desmodium,Desmodieae,JERC_048,Baker County,Georgia,yes,,,20241028
JERC-188-1-Ro,D03,Desmodium obtusum,4/3/25,0.098,4.704,Quarter,JERC-188,dry,root,Fabaceae,JERC,Desmodium,Desmodieae,JERC_048,Baker County,Georgia,yes,,,20241028
JERC-188-1-No,D03,Desmodium obtusum,4/3/25,0.077,3.696,Quarter,JERC-188,dry,nodule,Fabaceae,JERC,Desmodium,Desmodieae,JERC_048,Baker County,Georgia,yes,,,20241028
JERC-192-1-Rh,D03,Amphicarpaea bracteata,4/3/25,0,0,Quarter,JERC-192,dry,rhizosphere,Fabaceae,JERC,Amphicarpaea,Phaseoleae,JERC_048,Baker County,Georgia,yes,31.1970372,-84.4629721,20241028
JERC-192-1-Ro,D03,Amphicarpaea bracteata,4/3/25,0.068,3.264,Quarter,JERC-192,dry,root,Fabaceae,JERC,Amphicarpaea,Phaseoleae,JERC_048,Baker County,Georgia,yes,31.1970372,-84.4629721,20241028
JERC-192-1-No,D03,Amphicarpaea bracteata,4/3/25,0,0,Quarter,JERC-192,dry,nodule,Fabaceae,JERC,Amphicarpaea,Phaseoleae,JERC_048,Baker County,Georgia,yes,31.1970372,-84.4629721,20241028
JERC-194-2-Rh,D03,Desmodium ciliare,4/3/25,0,0,Quarter,JERC-194,dry,rhizosphere,Fabaceae,JERC,Desmodium,Desmodieae,JERC_049,Baker County,Georgia,yes,,,20241028
JERC-194-2-Ro,D03,Desmodium ciliare,4/3/25,1.315,63.12,Quarter,JERC-194,dry,root,Fabaceae,JERC,Desmodium,Desmodieae,JERC_049,Baker County,Georgia,yes,,,20241028
JERC-194-2-No,D03,Desmodium ciliare,4/3/25,0.0905,4.344,Quarter,JERC-194,dry,nodule,Fabaceae,JERC,Desmodium,Desmodieae,JERC_049,Baker County,Georgia,yes,,,20241028
JERC-195-2-Rh,D03,Desmodium laevigatum,4/3/25,0,0,Quarter,JERC-195,dry,rhizosphere,Fabaceae,JERC,Desmodium,Desmodieae,JERC_053,Baker County,Georgia,yes,,,20241028
JERC-195-2-Ro,D03,Desmodium laevigatum,4/3/25,1.82,87.36,Quarter,JERC-195,dry,root,Fabaceae,JERC,Desmodium,Desmodieae,JERC_053,Baker County,Georgia,yes,,,20241028
JERC-195-2-No,D03,Desmodium laevigatum,4/3/25,0.9365,44.952,Quarter,JERC-195,dry,nodule,Fabaceae,JERC,Desmodium,Desmodieae,JERC_053,Baker County,Georgia,yes,,,20241028
JERC-196-3-Rh,D03,Desmodium nuttallii,4/3/25,0,0,Quarter,JERC-196,dry,rhizosphere,Fabaceae,JERC,Desmodium,Desmodieae,JERC_067,Baker County,Georgia,yes,,,20241028
JERC-196-3-Ro,D03,Desmodium nuttallii,4/3/25,0.182,8.736,Quarter,JERC-196,dry,root,Fabaceae,JERC,Desmodium,Desmodieae,JERC_067,Baker County,Georgia,yes,,,20241028
JERC-196-3-No,D03,Desmodium nuttallii,4/3/25,0.052,2.496,Quarter,JERC-196,dry,nodule,Fabaceae,JERC,Desmodium,Desmodieae,JERC_067,Baker County,Georgia,yes,,,20241028
JERC-201-1-Rh,D03,Desmodium laevigatum,4/3/25,0,0,Quarter,JERC-201,dry,rhizosphere,Fabaceae,JERC,Desmodium,Desmodieae,JERC_004,Baker County,Georgia,yes,,,20241029
JERC-201-1-Ro,D03,Desmodium laevigatum,4/3/25,0.3215,15.432,Quarter,JERC-201,dry,root,Fabaceae,JERC,Desmodium,Desmodieae,JERC_004,Baker County,Georgia,yes,,,20241029
JERC-201-1-No,D03,Desmodium laevigatum,4/3/25,25.4,1219.2,Half,JERC-201,dry,nodule,Fabaceae,JERC,Desmodium,Desmodieae,JERC_004,Baker County,Georgia,yes,,,20241029
JERC-202-1-Rh,D03,Lespedeza hirta,4/3/25,0,0,Quarter,JERC-202,dry,rhizosphere,Fabaceae,JERC,Lespedeza,Desmodieae,JERC_004,Baker County,Georgia,yes,,,20241029
JERC-202-1-Ro,D03,Lespedeza hirta,4/3/25,1.015,48.72,Quarter,JERC-202,dry,root,Fabaceae,JERC,Lespedeza,Desmodieae,JERC_004,Baker County,Georgia,yes,,,20241029
JERC-202-1-No,D03,Lespedeza hirta,4/3/25,0.106,5.088,Quarter,JERC-202,dry,nodule,Fabaceae,JERC,Lespedeza,Desmodieae,JERC_004,Baker County,Georgia,yes,,,20241029
JERC-203-1-Rh,D03,Desmodium viridiflorum,4/3/25,0,0,Quarter,JERC-203,dry,rhizosphere,Fabaceae,JERC,Desmodium,Desmodieae,JERC_004,Baker County,Georgia,yes,,,20241029
JERC-203-1-Ro,D03,Desmodium viridiflorum,4/3/25,0.9205,44.184,Quarter,JERC-203,dry,root,Fabaceae,JERC,Desmodium,Desmodieae,JERC_004,Baker County,Georgia,yes,,,20241029
JERC-203-1-No,D03,Desmodium viridiflorum,4/3/25,7.53,361.44,Half,JERC-203,dry,nodule,Fabaceae,JERC,Desmodium,Desmodieae,JERC_004,Baker County,Georgia,yes,,,20241029
JERC-CHNI-86-4-Rh,D03,Chamaecrista nictitans,4/3/25,0,0,Quarter,JERC-CHNI-86,,rhizosphere,Fabaceae,JERC,Chamaecrista,Cassieae,JERC_001,Baker County,Georgia,yes,,,20240618
JERC-CHNI-86-4-No,D03,Chamaecrista nictitans,4/3/25,0.156,7.488,Quarter,JERC-CHNI-86,,nodule,Fabaceae,JERC,Chamaecrista,Cassieae,JERC_001,Baker County,Georgia,yes,,,20240618
JERC-111-3-Rh,D03,Crotalaria rotundifolia,4/3/25,0,0,Quarter,JERC-111,dry,rhizosphere,Fabaceae,JERC,Crotalaria,Crotalarieae,JERC_048,Baker County,Georgia,yes,31.19645727,-84.46191333,20240709
JERC-111-3-No,D03,Crotalaria rotundifolia,4/3/25,0,0,Quarter,JERC-111,dry,nodule,Fabaceae,JERC,Crotalaria,Crotalarieae,JERC_048,Baker County,Georgia,yes,31.19645727,-84.46191333,20240709
JERC-112-1-Rh,D03,Pediomelum canescens,4/3/25,0,0,Quarter,JERC-112,dry,rhizosphere,Fabaceae,JERC,Pediomelum,Psoraleeae,JERC_048,Baker County,Georgia,yes,31.19645727,-84.46191333,20240709
JERC-112-1-No,D03,Pediomelum canescens,4/3/25,0.0515,2.472,Quarter,JERC-112,dry,nodule,Fabaceae,JERC,Pediomelum,Psoraleeae,JERC_048,Baker County,Georgia,yes,31.19645727,-84.46191333,20240709
JERC-113-3-Rh,D03,Chamaecrista nictitans,4/3/25,0,0,Quarter,JERC-113,dry,rhizosphere,Fabaceae,JERC,Chamaecrista,Cassieae,JERC_048,Baker County,Georgia,yes,31.19645727,-84.46191333,20240709
JERC-113-3-No,D03,Chamaecrista nictitans,4/3/25,0,0,Quarter,JERC-113,dry,nodule,Fabaceae,JERC,Chamaecrista,Cassieae,JERC_048,Baker County,Georgia,yes,31.19645727,-84.46191333,20240709
JERC-114-3-Rh,D03,Galactia sp.,4/3/25,0,0,Quarter,JERC-114,dry,rhizosphere,Fabaceae,JERC,Galactia,Diocleae,JERC_050,Baker County,Georgia,yes,31.1947219,-84.4686711,20240717
JERC-114-3-No,D03,Galactia sp.,4/3/25,4.82,231.36,Quarter,JERC-114,dry,nodule,Fabaceae,JERC,Galactia,Diocleae,JERC_050,Baker County,Georgia,yes,31.1947219,-84.4686711,20240717
TALL-35-1-Ro,D08,Lespedeza sp.,4/3/25,0.6655,31.944,Quarter,TALL-35,dry,root,Fabaceae,TALL,Lespedeza,Desmodieae,TALL_001,Hale County,AL,0,32.97623,-87.43235,8/26/24
TALL-35-1-No,D08,Lespedeza sp.,4/3/25,0,0,Quarter,TALL-35,dry,nodule,Fabaceae,TALL,Lespedeza,Desmodieae,TALL_001,Hale County,AL,0,32.97623,-87.43235,8/26/24
TALL-36-1-Ro,D08,Chamaecrista nictitans,4/3/25,0,0,Quarter,TALL-36,dry,root,Fabaceae,TALL,Chamaecrista,Cassieae,TALL_016,Bibb County,AL,yes,32.97187,-87.4159,8/26/24
TALL-36-1-No,D08,Chamaecrista nictitans,4/3/25,0,0,Quarter,TALL-36,dry,nodule,Fabaceae,TALL,Chamaecrista,Cassieae,TALL_016,Bibb County,AL,yes,32.97187,-87.4159,8/26/24
TALL-37-1-Ro,D08,Desmodium sp.,4/3/25,0.0935,4.488,Quarter,TALL-37,dry,root,Fabaceae,TALL,Desmodium,Desmodieae,TALL_016,Bibb County,AL,yes,32.97188,-87.41591,8/26/24
TALL-37-1-No,D08,Desmodium sp.,4/3/25,1.26,60.48,Quarter,TALL-37,dry,nodule,Fabaceae,TALL,Desmodium,Desmodieae,TALL_016,Bibb County,AL,yes,32.97188,-87.41591,8/26/24
TALL-38-3-Ro,D08,Lespedeza sp.,4/3/25,0.4325,20.76,Quarter,TALL-38,dry,root,Fabaceae,TALL,Lespedeza,Desmodieae,TALL_006,Hale County,AL,0,32.89992,-87.44541,8/26/24
TALL-38-3-No,D08,Lespedeza sp.,4/3/25,1.975,94.8,Quarter,TALL-38,dry,nodule,Fabaceae,TALL,Lespedeza,Desmodieae,TALL_006,Hale County,AL,0,32.89992,-87.44541,8/26/24
TALL-39-2-No,D08,Lespedeza cuneata,4/3/25,0.1745,8.376,Quarter,TALL-39,dry,nodule,Fabaceae,TALL,Lespedeza,Desmodieae,TALL_006,Hale County,AL,no,32.89972,-87.4449,8/26/24
TALL-40-1-No,D08,Desmodium sp.,4/3/25,4.31,206.88,Quarter,TALL-40,dry,nodule,Fabaceae,TALL,Desmodium,Desmodieae,TALL_006,Hale County,AL,yes,32.89992,-87.44541,8/26/24
TALL-41-3-No,D08,Lespedeza sp.,4/3/25,0.1525,7.32,Quarter,TALL-41,dry,nodule,Fabaceae,TALL,Lespedeza,Desmodieae,TALL_016,Bibb County,AL,0,32.97187,-87.4189,8/26/24
TALL-42-1-No,D08,Desmodium paniculatum,4/3/25,0.1555,7.464,Quarter,TALL-42,dry,nodule,Fabaceae,TALL,Desmodium,Desmodieae,TALL_016,Bibb County,AL,yes,32.97187,-87.4159,8/26/24
DELA-1-3-Rh,D08,Sesbania herbacea,4/4/25,14.9,715.2,Half,DELA-1,dry,rhizosphere,Fabaceae,DELA,Sesbania,Sesbanieae,DELA_008,Green County,AL,yes,32.539186,-87.81292,7/24/24
DELA-1-3-Ro,D08,Sesbania herbacea,4/4/25,0.059,2.832,Quarter,DELA-1,dry,root,Fabaceae,DELA,Sesbania,Sesbanieae,DELA_008,Green County,AL,yes,32.539186,-87.81292,7/24/24
DELA-1-3-No,D08,Sesbania herbacea,4/4/25,53,2544,Half,DELA-1,dry,nodule,Fabaceae,DELA,Sesbania,Sesbanieae,DELA_008,Green County,AL,yes,32.539186,-87.81292,7/24/24
DELA-3-3-Rh,D08,Desmodium perplexum,4/4/25,9.36,449.28,Half,DELA-3,dry,rhizosphere,Fabaceae,DELA,Desmodium,Desmodieae,DELA_008,Green County,AL,yes,32.539186,-87.81292,7/24/24
DELA-3-3-Ro,D08,Desmodium perplexum,4/4/25,0.67,32.16,Quarter,DELA-3,dry,root,Fabaceae,DELA,Desmodium,Desmodieae,DELA_008,Green County,AL,yes,32.539186,-87.81292,7/24/24
DELA-3-3-No,D08,Desmodium perplexum,4/4/25,52,2496,Half,DELA-3,dry,nodule,Fabaceae,DELA,Desmodium,Desmodieae,DELA_008,Green County,AL,yes,32.539186,-87.81292,7/24/24
DELA-4-1-Rh,D08,Desmodium perplexum,4/4/25,0,0,Quarter,DELA-4,dry,rhizosphere,Fabaceae,DELA,Desmodium,Desmodieae,DELA_016,Green County,AL,yes,32.535793,-87.808361,8/13/24
DELA-4-1-Ro,D08,Desmodium perplexum,4/4/25,0.5655,27.144,Quarter,DELA-4,dry,root,Fabaceae,DELA,Desmodium,Desmodieae,DELA_016,Green County,AL,yes,32.535793,-87.808361,8/13/24
DELA-4-1-No,D08,Desmodium perplexum,4/4/25,0.0915,4.392,Quarter,DELA-4,dry,nodule,Fabaceae,DELA,Desmodium,Desmodieae,DELA_016,Green County,AL,yes,32.535793,-87.808361,8/13/24
DELA-5-1-Rh,D08,Galactia volubilis,4/4/25,0.0545,2.616,Quarter,DELA-5,,rhizosphere,Fabaceae,DELA,Galactia,Diocleae,DELA_027,Green County,AL,yes,32.538206,-87.80996,8/1/24
DELA-5-1-Ro,D08,Galactia volubilis,4/4/25,0.5545,26.616,Quarter,DELA-5,,root,Fabaceae,DELA,Galactia,Diocleae,DELA_027,Green County,AL,yes,32.538206,-87.80996,8/1/24
DELA-5-1-No,D08,Galactia volubilis,4/4/25,0.4665,22.392,Quarter,DELA-5,,nodule,Fabaceae,DELA,Galactia,Diocleae,DELA_027,Green County,AL,yes,32.538206,-87.80996,8/1/24
DELA-6-3-Rh,D08,Galactia volubilis,4/4/25,0,0,Quarter,DELA-6,ethanol,rhizosphere,Fabaceae,DELA,Galactia,Diocleae,DELA_027,Green County,AL,yes,32.538206,-87.80996,8/1/24
DELA-6-3-Ro,D08,Galactia volubilis,4/4/25,0,0,Quarter,DELA-6,ethanol,root,Fabaceae,DELA,Galactia,Diocleae,DELA_027,Green County,AL,yes,32.538206,-87.80996,8/1/24
DELA-6-3-No,D08,Galactia volubilis,4/4/25,1.155,55.44,Quarter,DELA-6,ethanol,nodule,Fabaceae,DELA,Galactia,Diocleae,DELA_027,Green County,AL,yes,32.538206,-87.80996,8/1/24
DELA-7-3-Rh,D08,Albizia julibrissin,4/4/25,0,0,Quarter,DELA-7,ethanol,rhizosphere,Fabaceae,DELA,Albizia,Mimosoideae,DELA_012,Green County,AL,no,32.531137,-87.817223,8/8/24
DELA-7-3-Ro,D08,Albizia julibrissin,4/4/25,0,0,Quarter,DELA-7,ethanol,root,Fabaceae,DELA,Albizia,Mimosoideae,DELA_012,Green County,AL,no,32.531137,-87.817223,8/8/24
DELA-7-3-No,D08,Albizia julibrissin,4/4/25,47.8,2294.4,Half,DELA-7,ethanol,nodule,Fabaceae,DELA,Albizia,Mimosoideae,DELA_012,Green County,AL,no,32.531137,-87.817223,8/8/24
DELA-11-3-Rh,D08,Sesbania herbacea,4/4/25,0,0,Quarter,DELA-11,dry,rhizosphere,Fabaceae,DELA,Sesbania,Sesbanieae,DELA_027,Green County,AL,yes,32.539094,-87.810015,8/13/24
DELA-11-3-Ro,D08,Sesbania herbacea,4/4/25,0,0,Quarter,DELA-11,dry,root,Fabaceae,DELA,Sesbania,Sesbanieae,DELA_027,Green County,AL,yes,32.539094,-87.810015,8/13/24
DELA-11-3-No,D08,Sesbania herbacea,4/4/25,41.15,1975.2,Half,DELA-11,dry,nodule,Fabaceae,DELA,Sesbania,Sesbanieae,DELA_027,Green County,AL,yes,32.539094,-87.810015,8/13/24
DELA-12-2-Rh,D08,Centrosema virginiana,4/4/25,0,0,Quarter,DELA-12,dry,rhizosphere,Fabaceae,DELA,Centrosema,Phaseoleae,DELA_008,Green County,AL,yes,32.53861,-87.81298,8/14/24
DELA-12-2-Ro,D08,Centrosema virginiana,4/4/25,0.1785,8.568,Quarter,DELA-12,dry,root,Fabaceae,DELA,Centrosema,Phaseoleae,DELA_008,Green County,AL,yes,32.53861,-87.81298,8/14/24
DELA-12-2-No,D08,Centrosema virginiana,4/4/25,41.65,1999.2,Half,DELA-12,dry,nodule,Fabaceae,DELA,Centrosema,Phaseoleae,DELA_008,Green County,AL,yes,32.53861,-87.81298,8/14/24
DELA-16-Rh,D08,Galactia volubilis,4/4/25,0.1015,4.872,Quarter,DELA-16,,rhizosphere,Fabaceae,DELA,Galactia,Diocleae,DELA_008,Green County,AL,yes,32.53861,-87.81298,8/14/24
DELA-16-Ro,D08,Galactia volubilis,4/4/25,0,0,Quarter,DELA-16,,root,Fabaceae,DELA,Galactia,Diocleae,DELA_008,Green County,AL,yes,32.53861,-87.81298,8/14/24
DELA-16-No,D08,Galactia volubilis,4/4/25,59,2832,Half,DELA-16,,nodule,Fabaceae,DELA,Galactia,Diocleae,DELA_008,Green County,AL,yes,32.53861,-87.81298,8/14/24
DELA-17-1-Rh,D08,Desmodium paniculatum,4/4/25,0.1815,8.712,Quarter,DELA-17,dry,rhizosphere,Fabaceae,DELA,Desmodium,Desmodieae,DELA_008,Green County,AL,yes,32.53861,-87.81298,8/14/24
DELA-17-1-Ro,D08,Desmodium paniculatum,4/4/25,0.568,27.264,Quarter,DELA-17,dry,root,Fabaceae,DELA,Desmodium,Desmodieae,DELA_008,Green County,AL,yes,32.53861,-87.81298,8/14/24
DELA-17-1-No,D08,Desmodium paniculatum,4/4/25,0,0,Quarter,DELA-17,dry,nodule,Fabaceae,DELA,Desmodium,Desmodieae,DELA_008,Green County,AL,yes,32.53861,-87.81298,8/14/24
DELA-19-1-Rh,D08,Amorpha fruticosa,4/4/25,0.05,2.4,Quarter,DELA-19,dry,rhizosphere,Fabaceae,DELA,Amorpha,Amorpheae,DELA_008,Green County,AL,yes,32.53861,-87.81298,8/14/24
DELA-19-1-Ro,D08,Amorpha fruticosa,4/4/25,0,0,Quarter,DELA-19,dry,root,Fabaceae,DELA,Amorpha,Amorpheae,DELA_008,Green County,AL,yes,32.53861,-87.81298,8/14/24
DELA-19-1-No,D08,Amorpha fruticosa,4/4/25,0,0,Quarter,DELA-19,dry,nodule,Fabaceae,DELA,Amorpha,Amorpheae,DELA_008,Green County,AL,yes,32.53861,-87.81298,8/14/24
DELA-21-1-Rh,D08,Lespedeza cuneata,4/4/25,0,0,Quarter,DELA-21,dry,rhizosphere,Fabaceae,DELA,Lespedeza,Desmodieae,DELA_041,Green County,AL,no,32.53927,-87.80968,8/14/24
DELA-21-1-Ro,D08,Lespedeza cuneata,4/4/25,0,0,Quarter,DELA-21,dry,root,Fabaceae,DELA,Lespedeza,Desmodieae,DELA_041,Green County,AL,no,32.53927,-87.80968,8/14/24
DELA-21-1-No,D08,Lespedeza cuneata,4/4/25,1.77,84.96,Quarter,DELA-21,dry,nodule,Fabaceae,DELA,Lespedeza,Desmodieae,DELA_041,Green County,AL,no,32.53927,-87.80968,8/14/24
DELA-22-1-Rh,D08,Albizia julibrissin,4/4/25,0,0,Quarter,DELA-22,dry,rhizosphere,Fabaceae,DELA,Albizia,Mimosoideae,DELA_041,Green County,AL,no,32.53927,-87.80968,8/14/24
DELA-22-1-Ro,D08,Albizia julibrissin,4/4/25,4.25,204,Quarter,DELA-22,dry,root,Fabaceae,DELA,Albizia,Mimosoideae,DELA_041,Green County,AL,no,32.53927,-87.80968,8/14/24
DELA-22-1-No,D08,Albizia julibrissin,4/4/25,0,0,Quarter,DELA-22,dry,nodule,Fabaceae,DELA,Albizia,Mimosoideae,DELA_041,Green County,AL,no,32.53927,-87.80968,8/14/24
DELA-23-2-Rh,D08,Desmodium perplexum,4/4/25,0,0,Quarter,DELA-23,dry,rhizosphere,Fabaceae,DELA,Desmodium,Desmodieae,DELA_041,Green County,AL,yes,32.53927,-87.80968,8/14/24
DELA-23-2-Ro,D08,Desmodium perplexum,4/4/25,0.1045,5.016,Quarter,DELA-23,dry,root,Fabaceae,DELA,Desmodium,Desmodieae,DELA_041,Green County,AL,yes,32.53927,-87.80968,8/14/24
DELA-23-2-No,D08,Desmodium perplexum,4/4/25,6.955,333.84,Half,DELA-23,dry,nodule,Fabaceae,DELA,Desmodium,Desmodieae,DELA_041,Green County,AL,yes,32.53927,-87.80968,8/14/24
DELA-26-3-Rh,D08,Sesbania herbacea,4/4/25,0.251,12.048,Quarter,DELA-26,dry,rhizosphere,Fabaceae,DELA,Sesbania,Sesbanieae,DELA_025,Green County,AL,yes,32.5371,-87.80995,8/15/24
DELA-26-3-Ro,D08,Sesbania herbacea,4/4/25,35,1680,Half,DELA-26,dry,root,Fabaceae,DELA,Sesbania,Sesbanieae,DELA_025,Green County,AL,yes,32.5371,-87.80995,8/15/24
DELA-26-3-No,D08,Sesbania herbacea,4/4/25,54,2592,Half,DELA-26,dry,nodule,Fabaceae,DELA,Sesbania,Sesbanieae,DELA_025,Green County,AL,yes,32.5371,-87.80995,8/15/24
DELA-27-3-Rh,D08,Sesbania herbacea,4/4/25,0,0,Quarter,DELA-27,dry,rhizosphere,Fabaceae,DELA,Sesbania,Sesbanieae,DELA_003,Green County,AL,yes,32.53425,-87.81316,8/15/24
DELA-27-3-Ro,D08,Sesbania herbacea,4/4/25,0.1105,5.304,Quarter,DELA-27,dry,root,Fabaceae,DELA,Sesbania,Sesbanieae,DELA_003,Green County,AL,yes,32.53425,-87.81316,8/15/24
DELA-27-3-No,D08,Sesbania herbacea,4/4/25,53,2544,Half,DELA-27,dry,nodule,Fabaceae,DELA,Sesbania,Sesbanieae,DELA_003,Green County,AL,yes,32.53425,-87.81316,8/15/24
DELA-28-Rh,D08,Albizia julibrissin,4/4/25,0.097,4.656,Quarter,DELA-28,,rhizosphere,Fabaceae,DELA,Albizia,Mimosoideae,DELA_038,Green County,AL,no,32.55372,-87.81008,8/15/24
DELA-28-Ro,D08,Albizia julibrissin,4/4/25,0.5045,24.216,Quarter,DELA-28,,root,Fabaceae,DELA,Albizia,Mimosoideae,DELA_038,Green County,AL,no,32.55372,-87.81008,8/15/24
DELA-28-No,D08,Albizia julibrissin,4/4/25,57.5,2760,Half,DELA-28,,nodule,Fabaceae,DELA,Albizia,Mimosoideae,DELA_038,Green County,AL,no,32.55372,-87.81008,8/15/24
DELA-29-1-Rh,D08,Sesbania herbacea,4/4/25,9.7,465.6,Half,DELA-29,dry,rhizosphere,Fabaceae,DELA,Sesbania,Sesbanieae,DELA_040,Green County,AL,yes,32.53925,-87.80497,8/15/24
DELA-29-1-Ro,D08,Sesbania herbacea,4/4/25,8.895,426.96,Half,DELA-29,dry,root,Fabaceae,DELA,Sesbania,Sesbanieae,DELA_040,Green County,AL,yes,32.53925,-87.80497,8/15/24
DELA-29-1-No,D08,Sesbania herbacea,4/4/25,58.5,2808,Half,DELA-29,dry,nodule,Fabaceae,DELA,Sesbania,Sesbanieae,DELA_040,Green County,AL,yes,32.53925,-87.80497,8/15/24
DELA-30-2-Rh,D08,Desmodium viridiflorum,4/4/25,0,0,Quarter,DELA-30,dry,rhizosphere,Fabaceae,DELA,Desmodium,Desmodieae,DELA_040,Green County,AL,yes,32.53925,-87.80497,8/15/24
DELA-30-2-Ro,D08,Desmodium viridiflorum,4/4/25,0,0,Quarter,DELA-30,dry,root,Fabaceae,DELA,Desmodium,Desmodieae,DELA_040,Green County,AL,yes,32.53925,-87.80497,8/15/24
DELA-30-2-No,D08,Desmodium viridiflorum,4/4/25,4.05,194.4,Quarter,DELA-30,dry,nodule,Fabaceae,DELA,Desmodium,Desmodieae,DELA_040,Green County,AL,yes,32.53925,-87.80497,8/15/24
DELA-31-1-Rh,D08,Lespedeza cuneata,4/4/25,6.375,306,Half,DELA-31,dry,rhizosphere,Fabaceae,DELA,Lespedeza,Desmodieae,DELA_003,Green County,AL,no,32.53425,-87.81316,8/15/24
DELA-31-1-Ro,D08,Lespedeza cuneata,4/4/25,8.015,384.72,Half,DELA-31,dry,root,Fabaceae,DELA,Lespedeza,Desmodieae,DELA_003,Green County,AL,no,32.53425,-87.81316,8/15/24
DELA-31-1-No,D08,Lespedeza cuneata,4/4/25,32,1536,Half,DELA-31,dry,nodule,Fabaceae,DELA,Lespedeza,Desmodieae,DELA_003,Green County,AL,no,32.53425,-87.81316,8/15/24
DELA-32-1-Rh,D08,Amorpha fruticosa,4/4/25,0,0,Quarter,DELA-32,dry,rhizosphere,Fabaceae,DELA,Amorpha,Amorpheae,DELA_012,Green County,AL,yes,32.531129,-87.816662,8/15/24
DELA-32-1-Ro,D08,Amorpha fruticosa,4/4/25,0.3565,17.112,Quarter,DELA-32,dry,root,Fabaceae,DELA,Amorpha,Amorpheae,DELA_012,Green County,AL,yes,32.531129,-87.816662,8/15/24
DELA-32-1-No,D08,Amorpha fruticosa,4/4/25,58,2784,Half,DELA-32,dry,nodule,Fabaceae,DELA,Amorpha,Amorpheae,DELA_012,Green County,AL,yes,32.531129,-87.816662,8/15/24
DELA-33-1-Rh,D08,Hylodesmum pauciflorum,4/4/25,0,0,Quarter,DELA-33,,rhizosphere,Fabaceae,DELA,Desmodium,Desmodieae,DELA_012,Green County,AL,yes,32.531129,-87.816662,8/15/24
DELA-33-1-Ro,D08,Hylodesmum pauciflorum,4/4/25,0,0,Quarter,DELA-33,,root,Fabaceae,DELA,Desmodium,Desmodieae,DELA_012,Green County,AL,yes,32.531129,-87.816662,8/15/24
DELA-33-1-No,D08,Hylodesmum pauciflorum,4/4/25,0.4875,23.4,Quarter,DELA-33,,nodule,Fabaceae,DELA,Desmodium,Desmodieae,DELA_012,Green County,AL,yes,32.531129,-87.816662,8/15/24
TALL-2-3-Rh,D08,Desmodium ciliare,4/4/25,0,0,Quarter,TALL-2,,rhizosphere,Fabaceae,TALL,Desmodium,Desmodieae,TALL_016,Bibb County,AL,yes,32.970408,-87.415018,2024-Apr-11
TALL-2-3-Ro,D08,Desmodium ciliare,4/4/25,0.051,2.448,Quarter,TALL-2,,root,Fabaceae,TALL,Desmodium,Desmodieae,TALL_016,Bibb County,AL,yes,32.970408,-87.415018,2024-Apr-11
TALL-2-3-No,D08,Desmodium ciliare,4/4/25,4.1,196.8,Quarter,TALL-2,,nodule,Fabaceae,TALL,Desmodium,Desmodieae,TALL_016,Bibb County,AL,yes,32.970408,-87.415018,2024-Apr-11
TALL-5-2-Rh,D08,Desmodium paniculatum,4/4/25,0.3215,15.432,Quarter,TALL-5,dry,rhizosphere,Fabaceae,TALL,Desmodium,Desmodieae,TALL_016,Bibb County,AL,yes,32.970408,-87.415018,2024-Apr-11
TALL-5-2-Ro,D08,Desmodium paniculatum,4/4/25,5.43,260.64,Half,TALL-5,dry,root,Fabaceae,TALL,Desmodium,Desmodieae,TALL_016,Bibb County,AL,yes,32.970408,-87.415018,2024-Apr-11
TALL-5-2-No,D08,Desmodium paniculatum,4/4/25,0,0,Quarter,TALL-5,dry,nodule,Fabaceae,TALL,Desmodium,Desmodieae,TALL_016,Bibb County,AL,yes,32.970408,-87.415018,2024-Apr-11
LAJA-1-2-Rh,D04,Mimosa pudica,4/4/25,0.635,30.48,Quarter,LAJA-1,,rhizosphere,Fabaceae,LAJA,Mimosa,Mimosoideae,LAJA_015,LAJA,P.R,yes,18.034464,-67.066822,8/21/24
LAJA-1-2-Ro,D04,Mimosa pudica,4/4/25,0.1665,7.992,Quarter,LAJA-1,,root,Fabaceae,LAJA,Mimosa,Mimosoideae,LAJA_015,LAJA,P.R,yes,18.034464,-67.066822,8/21/24
LAJA-1-2-No,D04,Mimosa pudica,4/4/25,0.1465,7.032,Quarter,LAJA-1,,nodule,Fabaceae,LAJA,Mimosa,Mimosoideae,LAJA_015,LAJA,P.R,yes,18.034464,-67.066822,8/21/24
LAJA-1-3-Rh,D04,Mimosa pudica,4/4/25,0,0,Quarter,LAJA-1,,rhizosphere,Fabaceae,LAJA,Mimosa,Mimosoideae,LAJA_015,LAJA,P.R,yes,18.034464,-67.066822,8/21/24
LAJA-1-3-Ro,D04,Mimosa pudica,4/4/25,0.198,9.504,Quarter,LAJA-1,,root,Fabaceae,LAJA,Mimosa,Mimosoideae,LAJA_015,LAJA,P.R,yes,18.034464,-67.066822,8/21/24
LAJA-1-3-No,D04,Mimosa pudica,4/4/25,0.57,27.36,Quarter,LAJA-1,,nodule,Fabaceae,LAJA,Mimosa,Mimosoideae,LAJA_015,LAJA,P.R,yes,18.034464,-67.066822,8/21/24
LAJA-2-2-Rh,D04,Mimosa pudica,4/4/25,0.085,4.08,Quarter,LAJA-2,,rhizosphere,Fabaceae,LAJA,Mimosa,Mimosoideae,LAJA_002,LAJA,P.R,yes,18.035349,-67.073331,8/21/24
LAJA-2-2-Ro,D04,Mimosa pudica,4/4/25,2.665,127.92,Quarter,LAJA-2,,root,Fabaceae,LAJA,Mimosa,Mimosoideae,LAJA_002,LAJA,P.R,yes,18.035349,-67.073331,8/21/24
LAJA-2-2-No,D04,Mimosa pudica,4/4/25,0.6695,32.136,Quarter,LAJA-2,,nodule,Fabaceae,LAJA,Mimosa,Mimosoideae,LAJA_002,LAJA,P.R,yes,18.035349,-67.073331,8/21/24
LAJA-2-3-Rh,D04,Mimosa pudica,4/4/25,0.4265,20.472,Quarter,LAJA-2,,rhizosphere,Fabaceae,LAJA,Mimosa,Mimosoideae,LAJA_002,LAJA,P.R,yes,18.035349,-67.073331,8/21/24
LAJA-2-3-Ro,D04,Mimosa pudica,4/4/25,1.085,52.08,Quarter,LAJA-2,,root,Fabaceae,LAJA,Mimosa,Mimosoideae,LAJA_002,LAJA,P.R,yes,18.035349,-67.073331,8/21/24
LAJA-2-3-No,D04,Mimosa pudica,4/4/25,18.55,890.4,Half,LAJA-2,,nodule,Fabaceae,LAJA,Mimosa,Mimosoideae,LAJA_002,LAJA,P.R,yes,18.035349,-67.073331,8/21/24
LAJA-3-2-Rh,D04,Albizia sp.,4/4/25,36.7,1761.6,Half,LAJA-3,,rhizosphere,Fabaceae,LAJA,Albizia,Mimosoideae,LAJA_015,LAJA,P.R,no,18.034464,-67.066822,8/21/24
LAJA-3-2-Ro,D04,Albizia sp.,4/4/25,1.405,67.44,Quarter,LAJA-3,,root,Fabaceae,LAJA,Albizia,Mimosoideae,LAJA_015,LAJA,P.R,no,18.034464,-67.066822,8/21/24
LAJA-3-2-No,D04,Albizia sp.,4/4/25,36.15,1735.2,Half,LAJA-3,,nodule,Fabaceae,LAJA,Albizia,Mimosoideae,LAJA_015,LAJA,P.R,no,18.034464,-67.066822,8/21/24
LAJA-3-3-Rh,D04,Albizia sp.,4/4/25,5.14,246.72,Quarter,LAJA-3,,rhizosphere,Fabaceae,LAJA,Albizia,Mimosoideae,LAJA_015,LAJA,P.R,no,18.034464,-67.066822,8/21/24
LAJA-3-3-Ro,D04,Albizia sp.,4/4/25,1.615,77.52,Quarter,LAJA-3,,root,Fabaceae,LAJA,Albizia,Mimosoideae,LAJA_015,LAJA,P.R,no,18.034464,-67.066822,8/21/24
LAJA-3-3-No,D04,Albizia sp.,4/4/25,9.49,455.52,Half,LAJA-3,,nodule,Fabaceae,LAJA,Albizia,Mimosoideae,LAJA_015,LAJA,P.R,no,18.034464,-67.066822,8/21/24
LAJA-24-2-Rh,D04,Abrus precatorius,4/4/25,1.19,57.12,Quarter,LAJA-24,dry,rhizosphere,Fabaceae,LAJA,Abrus,Abreae,LAJA_026,LAJA,P.R,no,18.03565,-67.6773,11/13/24
LAJA-24-2-Ro,D04,Abrus precatorius,4/4/25,3.645,174.96,Quarter,LAJA-24,dry,root,Fabaceae,LAJA,Abrus,Abreae,LAJA_026,LAJA,P.R,no,18.03565,-67.6773,11/13/24
LAJA-24-2-No,D04,Abrus precatorius,4/4/25,0,0,Quarter,LAJA-24,dry,nodule,Fabaceae,LAJA,Abrus,Abreae,LAJA_026,LAJA,P.R,no,18.03565,-67.6773,11/13/24
LAJA-25-1-Rh,D04,Desmodium incanum,4/4/25,1.215,58.32,Quarter,LAJA-25,dry,rhizosphere,Fabaceae,LAJA,Desmodium,Desmodieae,LAJA_026,LAJA,P.R,yes,18.03547,-67.06755,11/13/24
LAJA-25-1-Ro,D04,Desmodium incanum,4/4/25,0.207,9.936,Quarter,LAJA-25,dry,root,Fabaceae,LAJA,Desmodium,Desmodieae,LAJA_026,LAJA,P.R,yes,18.03547,-67.06755,11/13/24
LAJA-25-1-No,D04,Desmodium incanum,4/4/25,2.14,102.72,Quarter,LAJA-25,dry,nodule,Fabaceae,LAJA,Desmodium,Desmodieae,LAJA_026,LAJA,P.R,yes,18.03547,-67.06755,11/13/24
LAJA-26-1-Rh,D04,Desmodium sp.,4/4/25,0.0565,2.712,Quarter,LAJA-26,dry,rhizosphere,Fabaceae,LAJA,Desmodium,Desmodieae,,LAJA,P.R,yes,,,
LAJA-26-1-Ro,D04,Desmodium sp.,4/4/25,0.6455,30.984,Quarter,LAJA-26,dry,root,Fabaceae,LAJA,Desmodium,Desmodieae,,LAJA,P.R,yes,,,
LAJA-26-1-No,D04,Desmodium sp.,4/4/25,0.8045,38.616,Quarter,LAJA-26,dry,nodule,Fabaceae,LAJA,Desmodium,Desmodieae,,LAJA,P.R,yes,,,
YELL-5-3-Rh,D12,Astragalus miser,4/4/25,0,0,Quarter,YELL-5,ethanol,rhizosphere,Fabaceae,YELL,Astragalus,Galegeae,YELL_016,Park County,WY,yes,,,7/11/24
YELL-5-3-Ro,D12,Astragalus miser,4/4/25,2.175,104.4,Quarter,YELL-5,ethanol,root,Fabaceae,YELL,Astragalus,Galegeae,YELL_016,Park County,WY,yes,,,7/11/24
YELL-6-1-Rh,D12,Astragalus sp.,4/4/25,0,0,Quarter,YELL-6,ethanol,rhizosphere,Fabaceae,YELL,Astragalus,Galegeae,YELL_026,Park County,WY,yes,,,7/11/24
YELL-6-1-Ro,D12,Astragalus sp.,4/4/25,14.25,684,Half,YELL-6,ethanol,root,Fabaceae,YELL,Astragalus,Galegeae,YELL_026,Park County,WY,yes,,,7/11/24
YELL-7-1-Rh,D12,Astragalus sp.,4/4/25,0.679,32.592,Quarter,YELL-7,ethanol,rhizosphere,Fabaceae,YELL,Astragalus,Galegeae,YELL_016,Park County,WY,yes,,,7/11/24
YELL-7-1-Ro,D12,Astragalus sp.,4/4/25,0.6705,32.184,Quarter,YELL-7,ethanol,root,Fabaceae,YELL,Astragalus,Galegeae,YELL_016,Park County,WY,yes,,,7/11/24
DSNY-84-2-Rh,D03,Chapmannia floridana,4/4/25,0,0,Quarter,DSNY-84,dry,rhizosphere,Fabaceae,DSNY,Chapmannia,Dalbergieae,DSNY_015,Polk,Florida,yes,28.1094133,-81.4308468,20240904
DSNY-84-2-Ro,D03,Chapmannia floridana,4/4/25,0,0,Quarter,DSNY-84,dry,root,Fabaceae,DSNY,Chapmannia,Dalbergieae,DSNY_015,Polk,Florida,yes,28.1094133,-81.4308468,20240904
DSNY-84-2-No,D03,Chapmannia floridana,4/4/25,0,0,Quarter,DSNY-84,dry,nodule,Fabaceae,DSNY,Chapmannia,Dalbergieae,DSNY_015,Polk,Florida,yes,28.1094133,-81.4308468,20240904
DSNY-85-1-Rh,D03,Desmodium triflorum,4/4/25,0,0,Quarter,DSNY-85,dry,rhizosphere,Fabaceae,DSNY,Desmodium,Desmodieae,DSNY_015,Polk,Florida,yes,28.1094133,-81.4308468,20240904
DSNY-85-1-Ro,D03,Desmodium triflorum,4/4/25,0.8535,40.968,Quarter,DSNY-85,dry,root,Fabaceae,DSNY,Desmodium,Desmodieae,DSNY_015,Polk,Florida,yes,28.1094133,-81.4308468,20240904
DSNY-85-1-No,D03,Desmodium triflorum,4/4/25,0.054,2.592,Quarter,DSNY-85,dry,nodule,Fabaceae,DSNY,Desmodium,Desmodieae,DSNY_015,Polk,Florida,yes,28.1094133,-81.4308468,20240904
DSNY-86-1-Rh,D03,Indigofera hirsuta,4/4/25,0,0,Quarter,DSNY-86,dry,rhizosphere,Fabaceae,DSNY,Indigofera,Indigofereae,DSNY_015,Polk,Florida,no,28.1094133,-81.4308468,20240904
DSNY-86-1-Ro,D03,Indigofera hirsuta,4/4/25,0.5735,27.528,Quarter,DSNY-86,dry,root,Fabaceae,DSNY,Indigofera,Indigofereae,DSNY_015,Polk,Florida,no,28.1094133,-81.4308468,20240904
DSNY-86-1-No,D03,Indigofera hirsuta,4/4/25,0.406,19.488,Quarter,DSNY-86,dry,nodule,Fabaceae,DSNY,Indigofera,Indigofereae,DSNY_015,Polk,Florida,no,28.1094133,-81.4308468,20240904
DSNY-87-1-Rh,D03,Tephrosia mysteriosa,4/4/25,0,0,Quarter,DSNY-87,dry,rhizosphere,Fabaceae,DSNY,Tephrosia,Millettieae,DSNY_015,Polk,Florida,yes,28.1094133,-81.4308468,20240904
DSNY-87-1-Ro,D03,Tephrosia mysteriosa,4/4/25,0,0,Quarter,DSNY-87,dry,root,Fabaceae,DSNY,Tephrosia,Millettieae,DSNY_015,Polk,Florida,yes,28.1094133,-81.4308468,20240904
DSNY-87-1-No,D03,Tephrosia mysteriosa,4/4/25,0,0,Quarter,DSNY-87,dry,nodule,Fabaceae,DSNY,Tephrosia,Millettieae,DSNY_015,Polk,Florida,yes,28.1094133,-81.4308468,20240904
DSNY-88-1-Rh,D03,Desmodium triflorum,4/4/25,0,0,Quarter,DSNY-88,dry,rhizosphere,Fabaceae,DSNY,Desmodium,Desmodieae,DSNY_001,Polk,Florida,yes,28.1019698,-81.4240004,20240904
DSNY-88-1-Ro,D03,Desmodium triflorum,4/4/25,0,0,Quarter,DSNY-88,dry,root,Fabaceae,DSNY,Desmodium,Desmodieae,DSNY_001,Polk,Florida,yes,28.1019698,-81.4240004,20240904
DSNY-88-1-No,D03,Desmodium triflorum,4/4/25,0,0,Quarter,DSNY-88,dry,nodule,Fabaceae,DSNY,Desmodium,Desmodieae,DSNY_001,Polk,Florida,yes,28.1019698,-81.4240004,20240904
DSNY-91-1-Rh,D03,Chamaecrista fasciculata,4/4/25,0,0,Quarter,DSNY-91,dry,rhizosphere,Fabaceae,DSNY,Chamaecrista,Cassieae,DSNY_001,Polk,Florida,yes,28.1019698,-81.4240004,20240904
DSNY-91-1-Ro,D03,Chamaecrista fasciculata,4/4/25,2.6,124.8,Quarter,DSNY-91,dry,root,Fabaceae,DSNY,Chamaecrista,Cassieae,DSNY_001,Polk,Florida,yes,28.1019698,-81.4240004,20240904
DSNY-91-1-No,D03,Chamaecrista fasciculata,4/4/25,1.77,84.96,Quarter,DSNY-91,dry,nodule,Fabaceae,DSNY,Chamaecrista,Cassieae,DSNY_001,Polk,Florida,yes,28.1019698,-81.4240004,20240904
DSNY-92-1-Rh,D03,Crotalaria spectabilis,4/4/25,0.0625,3,Quarter,DSNY-92,dry,rhizosphere,Fabaceae,DSNY,Crotalaria,Crotalarieae,OSBS_031,Putnam,Florida,no,,,20240827
DSNY-92-1-Ro,D03,Crotalaria spectabilis,4/4/25,0,0,Quarter,DSNY-92,dry,root,Fabaceae,DSNY,Crotalaria,Crotalarieae,OSBS_031,Putnam,Florida,no,,,20240827
DSNY-92-1-No,D03,Crotalaria spectabilis,4/4/25,0,0,Quarter,DSNY-92,dry,nodule,Fabaceae,DSNY,Crotalaria,Crotalarieae,OSBS_031,Putnam,Florida,no,,,20240827
DSNY-96-2-Rh,D03,Galactia,4/4/25,0,0,Quarter,DSNY-96,dry,rhizosphere,Fabaceae,DSNY,Galactia,Diocleae,DSNY_010,Osceola,Florida,yes,,,20241023
DSNY-96-2-Ro,D03,Galactia,4/4/25,0.17,8.16,Quarter,DSNY-96,dry,root,Fabaceae,DSNY,Galactia,Diocleae,DSNY_010,Osceola,Florida,yes,,,20241023
DSNY-96-2-No,D03,Galactia,4/4/25,1.585,76.08,Quarter,DSNY-96,dry,nodule,Fabaceae,DSNY,Galactia,Diocleae,DSNY_010,Osceola,Florida,yes,,,20241023
HEAL-1-2-Rh,D19,Alnus viridis,4/4/25,0,0,Quarter,HEAL-1,ethanol,rhizosphere,Betulaceae,HEAL,Alnus,actinorhizal,HEAL_010,Denali Borough ,Alaska ,yes,63.87736 N,149.26331 W,20240723
HEAL-1-2-Ro,D19,Alnus viridis,4/4/25,1.905,91.44,Quarter,HEAL-1,ethanol,root,Betulaceae,HEAL,Alnus,actinorhizal,HEAL_010,Denali Borough ,Alaska ,yes,63.87736 N,149.26331 W,20240723
HEAL-1-2-No,D19,Alnus viridis,4/4/25,1.12,53.76,Quarter,HEAL-1,ethanol,nodule,Betulaceae,HEAL,Alnus,actinorhizal,HEAL_010,Denali Borough ,Alaska ,yes,63.87736 N,149.26331 W,20240723
HEAL-2-1-Rh,D19,Alnus viridis,4/4/25,0,0,Quarter,HEAL-2,ethanol,rhizosphere,Betulaceae,HEAL,Alnus,actinorhizal,HEAL_010,Denali Borough ,Alaska ,yes,63.87736 N,149.26331 W,20240723
HEAL-2-1-Ro,D19,Alnus viridis,4/4/25,0.9655,46.344,Quarter,HEAL-2,ethanol,root,Betulaceae,HEAL,Alnus,actinorhizal,HEAL_010,Denali Borough ,Alaska ,yes,63.87736 N,149.26331 W,20240723
HEAL-2-1-No,D19,Alnus viridis,4/4/25,13.45,645.6,Half,HEAL-2,ethanol,nodule,Betulaceae,HEAL,Alnus,actinorhizal,HEAL_010,Denali Borough ,Alaska ,yes,63.87736 N,149.26331 W,20240723
HEAL-3-1-Rh,D19,Alnus viridis,4/4/25,0,0,Quarter,HEAL-3,ethanol,rhizosphere,Betulaceae,HEAL,Alnus,actinorhizal,HEAL_010,Denali Borough ,Alaska ,yes,63.87738 N,149.26297 W,20240723
HEAL-3-1-Ro,D19,Alnus viridis,4/4/25,3.73,179.04,Quarter,HEAL-3,ethanol,root,Betulaceae,HEAL,Alnus,actinorhizal,HEAL_010,Denali Borough ,Alaska ,yes,63.87738 N,149.26297 W,20240723
HEAL-3-1-No,D19,Alnus viridis,4/4/25,23.65,1135.2,Half,HEAL-3,ethanol,nodule,Betulaceae,HEAL,Alnus,actinorhizal,HEAL_010,Denali Borough ,Alaska ,yes,63.87738 N,149.26297 W,20240723
HEAL-4-1-Rh,D19,Alnus viridis,4/4/25,0,0,Quarter,HEAL-4,ethanol,rhizosphere,Betulaceae,HEAL,Alnus,actinorhizal,HEAL_010,Denali Borough ,Alaska ,yes,63.87738 N,149.26297 W,20240723
HEAL-4-1-Ro,D19,Alnus viridis,4/4/25,2.58,123.84,Quarter,HEAL-4,ethanol,root,Betulaceae,HEAL,Alnus,actinorhizal,HEAL_010,Denali Borough ,Alaska ,yes,63.87738 N,149.26297 W,20240723
HEAL-4-1-No,D19,Alnus viridis,4/4/25,14.15,679.2,Half,HEAL-4,ethanol,nodule,Betulaceae,HEAL,Alnus,actinorhizal,HEAL_010,Denali Borough ,Alaska ,yes,63.87738 N,149.26297 W,20240723
HEAL-5-2-Rh,D19,Alnus viridis,4/4/25,0,0,Quarter,HEAL-5,ethanol,rhizosphere,Betulaceae,HEAL,Alnus,actinorhizal,HEAL_010,Denali Borough ,Alaska ,yes,63.87738 N,149.26297 W,20240723
HEAL-5-2-Ro,D19,Alnus viridis,4/4/25,0.6525,31.32,Quarter,HEAL-5,ethanol,root,Betulaceae,HEAL,Alnus,actinorhizal,HEAL_010,Denali Borough ,Alaska ,yes,63.87738 N,149.26297 W,20240723
HEAL-5-2-No,D19,Alnus viridis,4/4/25,20.35,976.8,Half,HEAL-5,ethanol,nodule,Betulaceae,HEAL,Alnus,actinorhizal,HEAL_010,Denali Borough ,Alaska ,yes,63.87738 N,149.26297 W,20240723
HEAL-6-1-Rh,D19,Alnus viridis,4/4/25,0,0,Quarter,HEAL-6,ethanol,rhizosphere,Betulaceae,HEAL,Alnus,actinorhizal,HEAL_004,Denali Borough ,Alaska ,yes,63.86378 N,149.27284 W,20240723
HEAL-6-1-Ro,D19,Alnus viridis,4/4/25,2.45,117.6,Quarter,HEAL-6,ethanol,root,Betulaceae,HEAL,Alnus,actinorhizal,HEAL_004,Denali Borough ,Alaska ,yes,63.86378 N,149.27284 W,20240723
HEAL-6-1-No,D19,Alnus viridis,4/4/25,3.54,169.92,Quarter,HEAL-6,ethanol,nodule,Betulaceae,HEAL,Alnus,actinorhizal,HEAL_004,Denali Borough ,Alaska ,yes,63.86378 N,149.27284 W,20240723
HEAL-7-1-Rh,D19,Alnus viridis,4/4/25,0,0,Quarter,HEAL-7,ethanol,rhizosphere,Betulaceae,HEAL,Alnus,actinorhizal,HEAL_004,Denali Borough ,Alaska ,yes,63.86378 N,149.27284 W,20240723
HEAL-7-1-Ro,D19,Alnus viridis,4/4/25,0,0,Quarter,HEAL-7,ethanol,root,Betulaceae,HEAL,Alnus,actinorhizal,HEAL_004,Denali Borough ,Alaska ,yes,63.86378 N,149.27284 W,20240723
HEAL-7-1-No,D19,Alnus viridis,4/4/25,3.195,153.36,Quarter,HEAL-7,ethanol,nodule,Betulaceae,HEAL,Alnus,actinorhizal,HEAL_004,Denali Borough ,Alaska ,yes,63.86378 N,149.27284 W,20240723
HEAL-8-1-Rh,D19,Alnus viridis,4/4/25,0,0,Quarter,HEAL-8,ethanol,rhizosphere,Betulaceae,HEAL,Alnus,actinorhizal,HEAL_004,Denali Borough ,Alaska ,yes,63.86378 N,149.27284 W,20240723
HEAL-8-1-Ro,D19,Alnus viridis,4/4/25,0.1745,8.376,Quarter,HEAL-8,ethanol,root,Betulaceae,HEAL,Alnus,actinorhizal,HEAL_004,Denali Borough ,Alaska ,yes,63.86378 N,149.27284 W,20240723
HEAL-8-1-No,D19,Alnus viridis,4/4/25,26.4,1267.2,Half,HEAL-8,ethanol,nodule,Betulaceae,HEAL,Alnus,actinorhizal,HEAL_004,Denali Borough ,Alaska ,yes,63.86378 N,149.27284 W,20240723
TALL-17-2-Rh,D08,Desmodium rotundifolium,4/8/25,0,0,Quarter,TALL-17,ethanol,rhizosphere,Fabaceae,TALL,Desmodium,Desmodieae,TALL_002,Hale County,AL,yes,32.922291,-87.428794,8/22/24
TALL-17-2-Ro,D08,Desmodium rotundifolium,4/8/25,2.075,99.6,Quarter,TALL-17,ethanol,root,Fabaceae,TALL,Desmodium,Desmodieae,TALL_002,Hale County,AL,yes,32.922291,-87.428794,8/22/24
TALL-17-2-No,D08,Desmodium rotundifolium,4/8/25,0,0,Quarter,TALL-17,ethanol,nodule,Fabaceae,TALL,Desmodium,Desmodieae,TALL_002,Hale County,AL,yes,32.922291,-87.428794,8/22/24
TALL-18-1-Rh,D08,Desmodium viridiflorum,4/8/25,0,0,Quarter,TALL-18,ethanol,rhizosphere,Fabaceae,TALL,Desmodium,Desmodieae,TALL_047,Bibb County,AL,yes,32.951506,-87.398919,8/21/24
TALL-18-1-Ro,D08,Desmodium viridiflorum,4/8/25,0.5665,27.192,Quarter,TALL-18,ethanol,root,Fabaceae,TALL,Desmodium,Desmodieae,TALL_047,Bibb County,AL,yes,32.951506,-87.398919,8/21/24
TALL-18-1-No,D08,Desmodium viridiflorum,4/8/25,0.472,22.656,Quarter,TALL-18,ethanol,nodule,Fabaceae,TALL,Desmodium,Desmodieae,TALL_047,Bibb County,AL,yes,32.951506,-87.398919,8/21/24
TALL-20-1-Rh,D08,Desmodium paniculatum,4/8/25,0,0,Quarter,TALL-20,dry,rhizosphere,Fabaceae,TALL,Desmodium,Desmodieae,TALL_002,Hale County,AL,yes,32.922291,-87.428794,8/22/24
TALL-20-1-Ro,D08,Desmodium paniculatum,4/8/25,0,0,Quarter,TALL-20,dry,root,Fabaceae,TALL,Desmodium,Desmodieae,TALL_002,Hale County,AL,yes,32.922291,-87.428794,8/22/24
TALL-20-1-No,D08,Desmodium paniculatum,4/8/25,0.32,15.36,Quarter,TALL-20,dry,nodule,Fabaceae,TALL,Desmodium,Desmodieae,TALL_002,Hale County,AL,yes,32.922291,-87.428794,8/22/24
TALL-21-2-Rh,D08,Desmodium paniculatum,4/8/25,0,0,Quarter,TALL-21,ethanol,rhizosphere,Fabaceae,TALL,Desmodium,Desmodieae,TALL_002,Hale County,AL,yes,32.922222,-87.429133,8/22/24
TALL-21-2-Ro,D08,Desmodium paniculatum,4/8/25,0,0,Quarter,TALL-21,ethanol,root,Fabaceae,TALL,Desmodium,Desmodieae,TALL_002,Hale County,AL,yes,32.922222,-87.429133,8/22/24
TALL-21-2-No,D08,Desmodium paniculatum,4/8/25,0,0,Quarter,TALL-21,ethanol,nodule,Fabaceae,TALL,Desmodium,Desmodieae,TALL_002,Hale County,AL,yes,32.922222,-87.429133,8/22/24
TALL-22-Rh,D08,Galactia volubilis,4/8/25,0,0,Quarter,TALL-22,,rhizosphere,Fabaceae,TALL,Galactia,Diocleae,TALL_002,Hale County,AL,yes,32.922291,-87.428794,8/22/24
TALL-22-Ro,D08,Galactia volubilis,4/8/25,0.8085,38.808,Quarter,TALL-22,,root,Fabaceae,TALL,Galactia,Diocleae,TALL_002,Hale County,AL,yes,32.922291,-87.428794,8/22/24
TALL-22-No,D08,Galactia volubilis,4/8/25,0,0,Quarter,TALL-22,,nodule,Fabaceae,TALL,Galactia,Diocleae,TALL_002,Hale County,AL,yes,32.922291,-87.428794,8/22/24
TALL-23-2-Rh,D08,Clitoria sp.,4/8/25,0,0,Quarter,TALL-23,,rhizosphere,Fabaceae,TALL,Clitoria,Phaseoleae,TALL_002,Hale County,AL,yes,32.92093,-87.42918,8/26/24
TALL-23-2-Ro,D08,Clitoria sp.,4/8/25,0,0,Quarter,TALL-23,dry,root,Fabaceae,TALL,Clitoria,Phaseoleae,TALL_002,Hale County,AL,yes,32.92093,-87.42918,8/26/24
TALL-23-2-No,D08,Clitoria sp.,4/8/25,0,0,Quarter,TALL-23,dry,nodule,Fabaceae,TALL,Clitoria,Phaseoleae,TALL_002,Hale County,AL,yes,32.92093,-87.42918,8/26/24
TALL-24-2-Rh,D08,Strophostyles umbellata,4/8/25,0,0,Quarter,TALL-24,dry,rhizosphere,Fabaceae,TALL,Strophostyles,Phaseoleae,TALL_006,Hale County,AL,yes,32.90006,-87.44547,8/26/24
TALL-24-2-Ro,D08,Strophostyles umbellata,4/8/25,0.5915,28.392,Quarter,TALL-24,dry,root,Fabaceae,TALL,Strophostyles,Phaseoleae,TALL_006,Hale County,AL,yes,32.90006,-87.44547,8/26/24
TALL-24-2-No,D08,Strophostyles umbellata,4/8/25,0.0925,4.44,Quarter,TALL-24,dry,nodule,Fabaceae,TALL,Strophostyles,Phaseoleae,TALL_006,Hale County,AL,yes,32.90006,-87.44547,8/26/24
TALL-25-2-Rh,D08,Chamaecrista nictitans,4/8/25,0,0,Quarter,TALL-25,dry,rhizosphere,Fabaceae,TALL,Chamaecrista,Cassieae,TALL_003,Bibb County,AL,yes,32.89341,-87.415,8/26/24
TALL-25-2-Ro,D08,Chamaecrista nictitans,4/8/25,0,0,Quarter,TALL-25,dry,root,Fabaceae,TALL,Chamaecrista,Cassieae,TALL_003,Bibb County,AL,yes,32.89341,-87.415,8/26/24
TALL-25-2-No,D08,Chamaecrista nictitans,4/8/25,0.3135,15.048,Quarter,TALL-25,dry,nodule,Fabaceae,TALL,Chamaecrista,Cassieae,TALL_003,Bibb County,AL,yes,32.89341,-87.415,8/26/24
TALL-67-1-Rh,D08,Lespedeza repens,4/8/25,0,0,Quarter,TALL-67,dry,rhizosphere,Fabaceae,TALL,Lespedeza,Desmodieae,TALL_055,Bibb County,AL,yes,32.948748,-87.398587,9/3/24
TALL-67-1-Ro,D08,Lespedeza repens,4/8/25,6.095,292.56,Half,TALL-67,dry,root,Fabaceae,TALL,Lespedeza,Desmodieae,TALL_055,Bibb County,AL,yes,32.948748,-87.398587,9/3/24
TALL-67-1-No,D08,Lespedeza repens,4/8/25,0,0,Quarter,TALL-67,dry,nodule,Fabaceae,TALL,Lespedeza,Desmodieae,TALL_055,Bibb County,AL,yes,32.948748,-87.398587,9/3/24
TALL-68-2-Rh,D08,Desmodium laevigatum,4/8/25,0,0,Quarter,TALL-68,dry,rhizosphere,Fabaceae,TALL,Desmodium,Desmodieae,TALL_055,Bibb County,AL,yes,32.948543,-87.398325,9/3/24
TALL-68-2-Ro,D08,Desmodium laevigatum,4/8/25,2.23,107.04,Quarter,TALL-68,dry,root,Fabaceae,TALL,Desmodium,Desmodieae,TALL_055,Bibb County,AL,yes,32.948543,-87.398325,9/3/24
TALL-68-2-No,D08,Desmodium laevigatum,4/8/25,0,0,Quarter,TALL-68,dry,nodule,Fabaceae,TALL,Desmodium,Desmodieae,TALL_055,Bibb County,AL,yes,32.948543,-87.398325,9/3/24
TALL-69-1-Rh,D08,Galactia volubilis,4/8/25,0,0,Quarter,TALL-69,dry,rhizosphere,Fabaceae,TALL,Galactia,Diocleae,TALL_055,Bibb County,AL,yes,32.948748,-87.398587,9/3/24
TALL-69-1-Ro,D08,Galactia volubilis,4/8/25,0.976,46.848,Quarter,TALL-69,dry,root,Fabaceae,TALL,Galactia,Diocleae,TALL_055,Bibb County,AL,yes,32.948748,-87.398587,9/3/24
TALL-69-1-No,D08,Galactia volubilis,4/8/25,0,0,Quarter,TALL-69,dry,nodule,Fabaceae,TALL,Galactia,Diocleae,TALL_055,Bibb County,AL,yes,32.948748,-87.398587,9/3/24
TALL-70-1-Rh,D08,Lespedeza sp.,4/8/25,0.4445,21.336,Quarter,TALL-70,,rhizosphere,Fabaceae,TALL,Lespedeza,Desmodieae,TALL_055,Bibb County,AL,0,32.948535,-87.39881,9/3/24
TALL-70-1-Ro,D08,Lespedeza sp.,4/8/25,2.465,118.32,Quarter,TALL-70,,root,Fabaceae,TALL,Lespedeza,Desmodieae,TALL_055,Bibb County,AL,0,32.948535,-87.39881,9/3/24
TALL-70-1-No,D08,Lespedeza sp.,4/8/25,0.2995,14.376,Quarter,TALL-70,,nodule,Fabaceae,TALL,Lespedeza,Desmodieae,TALL_055,Bibb County,AL,0,32.948535,-87.39881,9/3/24
TALL-71-2-Rh,D08,Desmodium paniculatum,4/8/25,0,0,Quarter,TALL-71,dry,rhizosphere,Fabaceae,TALL,Desmodium,Desmodieae,TALL_055,Bibb County,AL,yes,32.948535,-87.39881,9/3/24
TALL-71-2-Ro,D08,Desmodium paniculatum,4/8/25,3,144,Quarter,TALL-71,dry,root,Fabaceae,TALL,Desmodium,Desmodieae,TALL_055,Bibb County,AL,yes,32.948535,-87.39881,9/3/24
TALL-71-2-No,D08,Desmodium paniculatum,4/8/25,0.1115,5.352,Quarter,TALL-71,dry,nodule,Fabaceae,TALL,Desmodium,Desmodieae,TALL_055,Bibb County,AL,yes,32.948535,-87.39881,9/3/24
TALL-72-1-Rh,D08,Alnus serrulata,4/8/25,1.99,95.52,Quarter,TALL-72,dry,rhizosphere,Betulaceae,TALL,Alnus,actinorhizal,TALL_032,Hale county,AL,yes,32.911661,-87.430302,9/4/24
TALL-72-1-Ro,D08,Alnus serrulata,4/8/25,1.065,51.12,Quarter,TALL-72,dry,root,Betulaceae,TALL,Alnus,actinorhizal,TALL_032,Hale county,AL,yes,32.911661,-87.430302,9/4/24
TALL-72-1-No,D08,Alnus serrulata,4/8/25,11.25,540,Half,TALL-72,dry,nodule,Betulaceae,TALL,Alnus,actinorhizal,TALL_032,Hale county,AL,yes,32.911661,-87.430302,9/4/24
TALL-73-2-Rh,D08,Morella cerifera,4/8/25,0,0,Quarter,TALL-73,dry,rhizosphere,Myricaceae,TALL,Morella,actinorhizal,TALL_R_022,Bibb County,AL,yes,32.906455,-87.390317,9/4/24
TALL-73-2-Ro,D08,Morella cerifera,4/8/25,4.31,206.88,Quarter,TALL-73,dry,root,Myricaceae,TALL,Morella,actinorhizal,TALL_R_022,Bibb County,AL,yes,32.906455,-87.390317,9/4/24
TALL-73-2-No,D08,Morella cerifera,4/8/25,36.55,1754.4,Half,TALL-73,dry,nodule,Myricaceae,TALL,Morella,actinorhizal,TALL_R_022,Bibb County,AL,yes,32.906455,-87.390317,9/4/24
TALL-74-3-Rh,D08,Desmodium viridiflorum,4/8/25,0,0,Quarter,TALL-74,dry,rhizosphere,Fabaceae,TALL,Desmodium,Desmodieae,TALL_005,Hale County,AL,yes,32.896946,-87.397281,9/4/24
TALL-74-3-Ro,D08,Desmodium viridiflorum,4/8/25,0.576,27.648,Quarter,TALL-74,dry,root,Fabaceae,TALL,Desmodium,Desmodieae,TALL_005,Hale County,AL,yes,32.896946,-87.397281,9/4/24
TALL-74-3-No,D08,Desmodium viridiflorum,4/8/25,0.2585,12.408,Quarter,TALL-74,dry,nodule,Fabaceae,TALL,Desmodium,Desmodieae,TALL_005,Hale County,AL,yes,32.896946,-87.397281,9/4/24
JERC-129-4-Rh,D03,Desmodium strictum,4/8/25,0,0,Quarter,JERC-129,dry,rhizosphere,Fabaceae,JERC,Desmodium,Desmodieae,JERC_048,Baker County,Georgia,yes,,,20240807
JERC-129-4-Ro,D03,Desmodium strictum,4/8/25,0.731,35.088,Quarter,JERC-129,dry,root,Fabaceae,JERC,Desmodium,Desmodieae,JERC_048,Baker County,Georgia,yes,,,20240807
JERC-129-4-No,D03,Desmodium strictum,4/8/25,0,0,Quarter,JERC-129,dry,nodule,Fabaceae,JERC,Desmodium,Desmodieae,JERC_048,Baker County,Georgia,yes,,,20240807
JERC-131-Rh,D03,Dalea carnea,4/8/25,0,0,Quarter,JERC-131,dry,rhizosphere,Fabaceae,JERC,Dalea,Amorpheae,JERC_048,Baker County,Georgia,yes,,,20240807
JERC-131-Ro,D03,Dalea carnea,4/8/25,0,0,Quarter,JERC-131,dry,root,Fabaceae,JERC,Dalea,Amorpheae,JERC_048,Baker County,Georgia,yes,,,20240807
JERC-131-No,D03,Dalea carnea,4/8/25,0,0,Quarter,JERC-131,dry,nodule,Fabaceae,JERC,Dalea,Amorpheae,JERC_048,Baker County,Georgia,yes,,,20240807
JERC-132-3-Rh,D03,Desmodium marilandicum,4/8/25,0,0,Quarter,JERC-132,dry,rhizosphere,Fabaceae,JERC,Desmodium,Desmodieae,JERC_048,Baker County,Georgia,yes,,,20240807
JERC-132-3-Ro,D03,Desmodium marilandicum,4/8/25,0,0,Quarter,JERC-132,dry,root,Fabaceae,JERC,Desmodium,Desmodieae,JERC_048,Baker County,Georgia,yes,,,20240807
JERC-132-3-No,D03,Desmodium marilandicum,4/8/25,0,0,Quarter,JERC-132,dry,nodule,Fabaceae,JERC,Desmodium,Desmodieae,JERC_048,Baker County,Georgia,yes,,,20240807
JERC-134-3-Rh,D03,Rhynchosia reniformis,4/8/25,0,0,Quarter,JERC-134,dry,rhizosphere,Fabaceae,JERC,Rhynchosia,Phaseoleae,JERC_048,Baker County,Georgia,yes,,,20240807
JERC-134-3-Ro,D03,Rhynchosia reniformis,4/8/25,5.37,257.76,Half,JERC-134,dry,root,Fabaceae,JERC,Rhynchosia,Phaseoleae,JERC_048,Baker County,Georgia,yes,,,20240807
JERC-134-3-No,D03,Rhynchosia reniformis,4/8/25,1.435,68.88,Quarter,JERC-134,dry,nodule,Fabaceae,JERC,Rhynchosia,Phaseoleae,JERC_048,Baker County,Georgia,yes,,,20240807
JERC-135-3-Rh,D03,Stylosanthes biflora,4/8/25,0,0,Quarter,JERC-135,dry,rhizosphere,Fabaceae,JERC,Stylosanthes,Dalbergieae,JERC_048,Baker County,Georgia,yes,,,20240807
JERC-135-3-Ro,D03,Stylosanthes biflora,4/8/25,0.2255,10.824,Quarter,JERC-135,dry,root,Fabaceae,JERC,Stylosanthes,Dalbergieae,JERC_048,Baker County,Georgia,yes,,,20240807
JERC-135-3-No,D03,Stylosanthes biflora,4/8/25,0.118,5.664,Quarter,JERC-135,dry,nodule,Fabaceae,JERC,Stylosanthes,Dalbergieae,JERC_048,Baker County,Georgia,yes,,,20240807
JERC-136-Rh,D03,Stylosanthes biflora,4/8/25,0,0,Quarter,JERC-136,dry,rhizosphere,Fabaceae,JERC,Stylosanthes,Dalbergieae,JERC_048,Baker County,Georgia,yes,,,20240807
JERC-136-Ro,D03,Stylosanthes biflora,4/8/25,0.186,8.928,Quarter,JERC-136,dry,root,Fabaceae,JERC,Stylosanthes,Dalbergieae,JERC_048,Baker County,Georgia,yes,,,20240807
JERC-136-No,D03,Stylosanthes biflora,4/8/25,0,0,Quarter,JERC-136,dry,nodule,Fabaceae,JERC,Stylosanthes,Dalbergieae,JERC_048,Baker County,Georgia,yes,,,20240807
JERC-139-5-Rh,D03,Mimosa quadrivalvus,4/8/25,0,0,Quarter,JERC-139,dry,rhizosphere,Fabaceae,JERC,Mimosa,Mimosoideae,JERC_031,Baker County,Georgia,yes,,,20240821
JERC-139-5-Ro,D03,Mimosa quadrivalvus,4/8/25,0.198,9.504,Quarter,JERC-139,dry,root,Fabaceae,JERC,Mimosa,Mimosoideae,JERC_031,Baker County,Georgia,yes,,,20240821
JERC-139-5-No,D03,Mimosa quadrivalvus,4/8/25,0.2545,12.216,Quarter,JERC-139,dry,nodule,Fabaceae,JERC,Mimosa,Mimosoideae,JERC_031,Baker County,Georgia,yes,,,20240821
JERC-204-1-Rh,D03,Lespedeza stuevei,4/8/25,0,0,Quarter,JERC-204,dry,rhizosphere,Fabaceae,JERC,Lespedeza,Desmodieae,JERC_005,Baker County,Georgia,yes,,,20241029
JERC-204-1-Ro,D03,Lespedeza stuevei,4/8/25,9.58,459.84,Half,JERC-204,dry,root,Fabaceae,JERC,Lespedeza,Desmodieae,JERC_005,Baker County,Georgia,yes,,,20241029
JERC-204-1-No,D03,Lespedeza stuevei,4/8/25,0,0,Quarter,JERC-204,dry,nodule,Fabaceae,JERC,Lespedeza,Desmodieae,JERC_005,Baker County,Georgia,yes,,,20241029
CLBJ-40-1-Rh,D11,Lespedeza cuneata,4/10/25,0,0,Quarter,CLBJ-40,ethanol,rhizosphere,Fabaceae,CLBJ,Lespedeza,Desmodieae,CLBJ_034,Wise,TX,no,33.23685,-97.34119,9/2/24
CLBJ-40-1-Ro,D11,Lespedeza cuneata,4/10/25,0,0,Quarter,CLBJ-40,ethanol,root,Fabaceae,CLBJ,Lespedeza,Desmodieae,CLBJ_034,Wise,TX,no,33.23685,-97.34119,9/2/24
CLBJ-40-1-No,D11,Lespedeza cuneata,4/10/25,0.3795,18.216,Quarter,CLBJ-40,ethanol,nodule,Fabaceae,CLBJ,Lespedeza,Desmodieae,CLBJ_034,Wise,TX,no,33.23685,-97.34119,9/2/24
CLBJ-41-1-Rh,D11,Lespedeza cuneata,4/10/25,0,0,Quarter,CLBJ-41,ethanol,rhizosphere,Fabaceae,CLBJ,Lespedeza,Desmodieae,CLBJ_034,Wise,TX,no,33.23685,-97.34119,9/2/24
CLBJ-41-1-Ro,D11,Lespedeza cuneata,4/10/25,0,0,Quarter,CLBJ-41,ethanol,root,Fabaceae,CLBJ,Lespedeza,Desmodieae,CLBJ_034,Wise,TX,no,33.23685,-97.34119,9/2/24
CLBJ-41-1-No,D11,Lespedeza cuneata,4/10/25,1.62,77.76,Quarter,CLBJ-41,ethanol,nodule,Fabaceae,CLBJ,Lespedeza,Desmodieae,CLBJ_034,Wise,TX,no,33.23685,-97.34119,9/2/24
CLBJ-42-1-Rh,D11,Chamaecrista fasciculata,4/10/25,0,0,Quarter,CLBJ-42,ethanol,rhizosphere,Fabaceae,CLBJ,Chamaecrista,Cassieae,CLBJ_034,Wise,TX,yes,33.2369,-97.34128,9/2/24
CLBJ-42-1-Ro,D11,Chamaecrista fasciculata,4/10/25,0.645,30.96,Quarter,CLBJ-42,ethanol,root,Fabaceae,CLBJ,Chamaecrista,Cassieae,CLBJ_034,Wise,TX,yes,33.2369,-97.34128,9/2/24
CLBJ-42-1-No,D11,Chamaecrista fasciculata,4/10/25,0,0,Quarter,CLBJ-42,ethanol,nodule,Fabaceae,CLBJ,Chamaecrista,Cassieae,CLBJ_034,Wise,TX,yes,33.2369,-97.34128,9/2/24
CLBJ-44-1-Rh,D11,Lespedeza stuevei,4/10/25,0.596,28.608,Quarter,CLBJ-44,ethanol,rhizosphere,Fabaceae,CLBJ,Lespedeza,Desmodieae,CLBJ_019_T,Wise,TX,yes,33.23718,-97.34163,9/4/24
CLBJ-44-1-Ro,D11,Lespedeza stuevei,4/10/25,0.2585,12.408,Quarter,CLBJ-44,ethanol,root,Fabaceae,CLBJ,Lespedeza,Desmodieae,CLBJ_019_T,Wise,TX,yes,33.23718,-97.34163,9/4/24
CLBJ-44-1-No,D11,Lespedeza stuevei,4/10/25,0,0,Quarter,CLBJ-44,ethanol,nodule,Fabaceae,CLBJ,Lespedeza,Desmodieae,CLBJ_019_T,Wise,TX,yes,33.23718,-97.34163,9/4/24
CLBJ-46-1-Rh,D11,Galactia volubilis,4/10/25,0,0,Quarter,CLBJ-46,ethanol,rhizosphere,Fabaceae,CLBJ,Galactia,Diocleae,CLBJ_034,Wise,TX,yes,33.23658,-97.34089,9/4/24
CLBJ-46-1-Ro,D11,Galactia volubilis,4/10/25,0,0,Quarter,CLBJ-46,ethanol,root,Fabaceae,CLBJ,Galactia,Diocleae,CLBJ_034,Wise,TX,yes,33.23658,-97.34089,9/4/24
CLBJ-46-1-No,D11,Galactia volubilis,4/10/25,0,0,Quarter,CLBJ-46,ethanol,nodule,Fabaceae,CLBJ,Galactia,Diocleae,CLBJ_034,Wise,TX,yes,33.23658,-97.34089,9/4/24
CLBJ-47-1-Rh,D11,Lespedeza stuevei,4/10/25,0.9695,46.536,Quarter,CLBJ-47,ethanol,rhizosphere,Fabaceae,CLBJ,Lespedeza,Desmodieae,CLBJ_034,Wise,TX,yes,33.23629,-97.3407,9/4/24
CLBJ-47-1-Ro,D11,Lespedeza stuevei,4/10/25,0.699,33.552,Quarter,CLBJ-47,ethanol,root,Fabaceae,CLBJ,Lespedeza,Desmodieae,CLBJ_034,Wise,TX,yes,33.23629,-97.3407,9/4/24
CLBJ-47-1-No,D11,Lespedeza stuevei,4/10/25,0,0,Quarter,CLBJ-47,ethanol,nodule,Fabaceae,CLBJ,Lespedeza,Desmodieae,CLBJ_034,Wise,TX,yes,33.23629,-97.3407,9/4/24
OSBS-CEVI-50-3-Rh,D03,Centrosema virginiana,4/10/25,0,0,Quarter,OSBS-50,dry,rhizosphere,Fabaceae,OSBS,Centrosema,Phaseoleae,OSBS_002,Putnam,FL,yes,,,20240618
OSBS-CEVI-50-3-Ro,D03,Centrosema virginiana,4/10/25,0,0,Quarter,OSBS-50,dry,root,Fabaceae,OSBS,Centrosema,Phaseoleae,OSBS_002,Putnam,FL,yes,,,20240618
OSBS-CEVI-50-3-No,D03,Centrosema virginiana,4/10/25,0.066,3.168,Quarter,OSBS-50,dry,nodule,Fabaceae,OSBS,Centrosema,Phaseoleae,OSBS_002,Putnam,FL,yes,,,20240618
OSBS-TEVI-61-4-Rh,D03,Tephrosia virginiana,4/10/25,0,0,Quarter,OSBS-61,dry,rhizosphere,Fabaceae,OSBS,Tephrosia,Millettieae,OSBS_004,Putnam,FL,yes,,,20240618
OSBS-TEVI-61-4-Ro,D03,Tephrosia virginiana,4/10/25,0.116,5.568,Quarter,OSBS-61,dry,root,Fabaceae,OSBS,Tephrosia,Millettieae,OSBS_004,Putnam,FL,yes,,,20240618
OSBS-TEVI-61-4-No,D03,Tephrosia virginiana,4/10/25,0,0,Quarter,OSBS-61,dry,nodule,Fabaceae,OSBS,Tephrosia,Millettieae,OSBS_004,Putnam,FL,yes,,,20240618
TALL-92-1-Rh,D08,Morella caroliniensis,4/10/25,0,0,Quarter,TALL-92,ethanol,rhizosphere,Myricaceae,TALL,Morella,actinorhizal,TALL_030,Bibb County,AL,yes,32.954599,-87.403549,9/19/24
TALL-92-1-Ro,D08,Morella caroliniensis,4/10/25,0.333,15.984,Quarter,TALL-92,ethanol,root,Myricaceae,TALL,Morella,actinorhizal,TALL_030,Bibb County,AL,yes,32.954599,-87.403549,9/19/24
TALL-92-1-No,D08,Morella caroliniensis,4/10/25,0.8295,39.816,Quarter,TALL-92,ethanol,nodule,Myricaceae,TALL,Morella,actinorhizal,TALL_030,Bibb County,AL,yes,32.954599,-87.403549,9/19/24
TALL-93-3-Rh,D08,Alnus serrulata,4/10/25,0.148,7.104,Quarter,TALL-93,,rhizosphere,Betulaceae,TALL,Alnus,actinorhizal,TALL_032,Hale County,AL,yes,32.910379,-87.420687,9/19/24
TALL-93-3-Ro,D08,Alnus serrulata,4/10/25,0.7135,34.248,Quarter,TALL-93,,root,Betulaceae,TALL,Alnus,actinorhizal,TALL_032,Hale County,AL,yes,32.910379,-87.420687,9/19/24
TALL-93-3-No,D08,Alnus serrulata,4/10/25,3.335,160.08,Quarter,TALL-93,,nodule,Betulaceae,TALL,Alnus,actinorhizal,TALL_032,Hale County,AL,yes,32.910379,-87.420687,9/19/24
DEJU-23-1-Rh,D19,Alnus viridis,4/10/25,0,0,Quarter,DEJU-23,ethanol,rhizosphere,Betulaceae,DEJU,Alnus,actinorhizal,DEJU_046,,Alaska,yes,,,
DEJU-23-1-Ro,D19,Alnus viridis,4/10/25,2.085,100.08,Quarter,DEJU-23,ethanol,root,Betulaceae,DEJU,Alnus,actinorhizal,DEJU_046,,Alaska,yes,,,
DEJU-23-1-No,D19,Alnus viridis,4/10/25,2.41,115.68,Quarter,DEJU-23,ethanol,nodule,Betulaceae,DEJU,Alnus,actinorhizal,DEJU_046,,Alaska,yes,,,
DEJU-24-1-Rh,D19,Alnus viridis,4/10/25,0,0,Quarter,DEJU-24,ethanol,rhizosphere,Betulaceae,DEJU,Alnus,actinorhizal,DEJU_046,,Alaska,yes,,,
DEJU-24-1-Ro,D19,Alnus viridis,4/10/25,1.625,78,Quarter,DEJU-24,ethanol,root,Betulaceae,DEJU,Alnus,actinorhizal,DEJU_046,,Alaska,yes,,,
DEJU-24-1-No,D19,Alnus viridis,4/10/25,2.915,139.92,Quarter,DEJU-24,ethanol,nodule,Betulaceae,DEJU,Alnus,actinorhizal,DEJU_046,,Alaska,yes,,,
DEJU-25-Rh,D19,Dryas octopetala,4/10/25,0.4575,21.96,Quarter,DEJU-25,ethanol,rhizosphere,Rosaceae,DEJU,Dryas,actinorhizal,DEJU_006,,Alaska,yes,,,
DEJU-25-Ro,D19,Dryas octopetala,4/10/25,0.65,31.2,Quarter,DEJU-25,ethanol,root,Rosaceae,DEJU,Dryas,actinorhizal,DEJU_006,,Alaska,yes,,,
DEJU-25-No,D19,Dryas octopetala,4/10/25,0.9295,44.616,Quarter,DEJU-25,ethanol,nodule,Rosaceae,DEJU,Dryas,actinorhizal,DEJU_006,,Alaska,yes,,,
DEJU-26-Rh,D19,Dryas octopetala,4/10/25,0,0,Quarter,DEJU-26,ethanol,rhizosphere,Rosaceae,DEJU,Dryas,actinorhizal,DEJU_006,,Alaska,yes,,,
DEJU-26-No,D19,Dryas octopetala,4/10/25,0.057,2.736,Quarter,DEJU-26,ethanol,nodule,Rosaceae,DEJU,Dryas,actinorhizal,DEJU_006,,Alaska,yes,,,
DEJU-27-Rh,D19,Dryas octopetala,4/10/25,0,0,Quarter,DEJU-27,ethanol,rhizosphere,Rosaceae,DEJU,Dryas,actinorhizal,DEJU_006,,Alaska,yes,,,
DEJU-27-Ro,D19,Dryas octopetala,4/10/25,0.4575,21.96,Quarter,DEJU-27,ethanol,root,Rosaceae,DEJU,Dryas,actinorhizal,DEJU_006,,Alaska,yes,,,
DEJU-27-No,D19,Dryas octopetala,4/10/25,0,0,Quarter,DEJU-27,ethanol,nodule,Rosaceae,DEJU,Dryas,actinorhizal,DEJU_006,,Alaska,yes,,,
DEJU-28-2-Rh,D19,Alnus viridis,4/10/25,0,0,Quarter,DEJU-28,ethanol,rhizosphere,Betulaceae,DEJU,Alnus,actinorhizal,DEJU_015,,Alaska,yes,,,
DEJU-28-2-Ro,D19,Alnus viridis,4/10/25,2.815,135.12,Quarter,DEJU-28,ethanol,root,Betulaceae,DEJU,Alnus,actinorhizal,DEJU_015,,Alaska,yes,,,
DEJU-28-2-No,D19,Alnus viridis,4/10/25,16.15,775.2,Half,DEJU-28,ethanol,nodule,Betulaceae,DEJU,Alnus,actinorhizal,DEJU_015,,Alaska,yes,,,
TEAK-1-2-Rh,D17,Astragalus bolanderi,4/15/25,3.135,150.48,Quarter,TEAK-1,dry,rhizosphere,Fabaceae,TEAK,Astragalus,Galegeae,,Fresno,CA,yes,37.00469,-119.004015,#N/A
TEAK-1-2-Ro,D17,Astragalus bolanderi,4/15/25,5.245,251.76,Half,TEAK-1,dry,root,Fabaceae,TEAK,Astragalus,Galegeae,,Fresno,CA,yes,37.00469,-119.004015,#N/A
TEAK-2-1-Rh,D17,Trifolium sp.,4/15/25,23,1104,Half,TEAK-2,dry,rhizosphere,Fabaceae,TEAK,Trifolium,Trifolieae,,Fresno,CA,0,37.006573,-119.006907,#N/A
TEAK-2-1-Ro,D17,Trifolium sp.,4/15/25,1.07,51.36,Quarter,TEAK-2,dry,root,Fabaceae,TEAK,Trifolium,Trifolieae,,Fresno,CA,0,37.006573,-119.006907,#N/A
TEAK-2-1-No,D17,Trifolium sp.,4/15/25,0.5205,24.984,Quarter,TEAK-2,dry,nodule,Fabaceae,TEAK,Trifolium,Trifolieae,,Fresno,CA,0,37.006573,-119.006907,#N/A
TEAK-3-1-Rh,D17,Acmispon americanus,4/15/25,14.85,712.8,Half,TEAK-3,dry,rhizosphere,Fabaceae,TEAK,Acmispon,Loteae,,Fresno,CA,yes,37.009052,-119.008213,#N/A
TEAK-3-1-Ro,D17,Acmispon americanus,4/15/25,0.6645,31.896,Quarter,TEAK-3,dry,root,Fabaceae,TEAK,Acmispon,Loteae,,Fresno,CA,yes,37.009052,-119.008213,#N/A
TEAK-3-1-No,D17,Acmispon americanus,4/15/25,1.455,69.84,Quarter,TEAK-3,dry,nodule,Fabaceae,TEAK,Acmispon,Loteae,,Fresno,CA,yes,37.009052,-119.008213,#N/A
SJER-1-1-Rh,D17,Lupinus bicolor,4/15/25,0,0,Quarter,SJER-1,dry,rhizosphere,Fabaceae,SJER,Lupinus,Genisteae,SJER_048,Fresno,CA,yes,37.110193,-119.734551,20240404
SJER-1-1-Ro,D17,Lupinus bicolor,4/15/25,0.0675,3.24,Quarter,SJER-1,dry,root,Fabaceae,SJER,Lupinus,Genisteae,SJER_048,Fresno,CA,yes,37.110193,-119.734551,20240404
SJER-1-1-No,D17,Lupinus bicolor,4/15/25,0.122,5.856,Quarter,SJER-1,dry,nodule,Fabaceae,SJER,Lupinus,Genisteae,SJER_048,Fresno,CA,yes,37.110193,-119.734551,20240404
SJER-2-3-Rh,D17,Trifolium variegatum,4/15/25,2.75,132,Quarter,SJER-2,dry,rhizosphere,Fabaceae,SJER,Trifolium,Trifolieae,SJER_048,Fresno,CA,yes,37.109975,-119.734735,20240404
SJER-2-3-Ro,D17,Trifolium variegatum,4/15/25,0.0825,3.96,Quarter,SJER-2,dry,root,Fabaceae,SJER,Trifolium,Trifolieae,SJER_048,Fresno,CA,yes,37.109975,-119.734735,20240404
SJER-2-3-No,D17,Trifolium variegatum,4/15/25,1.91,91.68,Quarter,SJER-2,dry,nodule,Fabaceae,SJER,Trifolium,Trifolieae,SJER_048,Fresno,CA,yes,37.109975,-119.734735,20240404
SJER-3-5-Rh,D17,Lupinus benthamii/Acmispon sp.,4/15/25,0.939,45.072,Quarter,SJER-3,dry,rhizosphere,Fabaceae,SJER,Lupinus,Genisteae,SJER_045,Fresno,CA,yes,37.11264,-119.729711,20240404
SJER-3-5-Ro,D17,Lupinus benthamii/Acmispon sp.,4/15/25,0.6255,30.024,Quarter,SJER-3,dry,root,Fabaceae,SJER,Lupinus,Genisteae,SJER_045,Fresno,CA,yes,37.11264,-119.729711,20240404
SJER-3-5-No,D17,Lupinus benthamii/Acmispon sp.,4/15/25,0,0,Quarter,SJER-3,dry,nodule,Fabaceae,SJER,Lupinus,Genisteae,SJER_045,Fresno,CA,yes,37.11264,-119.729711,20240404
SJER-4-1-Rh,D17,Lupinus bicolor,4/15/25,0,0,Quarter,SJER-4,dry,rhizosphere,Fabaceae,SJER,Lupinus,Genisteae,,Fresno,CA,yes,37.110189,-119.73464,20240404
SJER-4-1-Ro,D17,Lupinus bicolor,4/15/25,0.0575,2.76,Quarter,SJER-4,dry,root,Fabaceae,SJER,Lupinus,Genisteae,,Fresno,CA,yes,37.110189,-119.73464,20240404
SJER-4-1-No,D17,Lupinus bicolor,4/15/25,0,0,Quarter,SJER-4,dry,nodule,Fabaceae,SJER,Lupinus,Genisteae,,Fresno,CA,yes,37.110189,-119.73464,20240404
SJER-5-1-Rh,D17,Lupinus bicolor,4/15/25,0,0,Quarter,SJER-5,dry,rhizosphere,Fabaceae,SJER,Lupinus,Genisteae,SJER_048,Fresno,CA,yes,37.110192,-119.734554,20240404
SJER-5-1-Ro,D17,Lupinus bicolor,4/15/25,0,0,Quarter,SJER-5,dry,root,Fabaceae,SJER,Lupinus,Genisteae,SJER_048,Fresno,CA,yes,37.110192,-119.734554,20240404
SJER-5-1-No,D17,Lupinus bicolor,4/15/25,0,0,Quarter,SJER-5,dry,nodule,Fabaceae,SJER,Lupinus,Genisteae,SJER_048,Fresno,CA,yes,37.110192,-119.734554,20240404
SERC-1-1-Rh,D02,Elaeagnus umbellata,4/15/25,0.765,36.72,Quarter,SERC-1,ethanol,rhizosphere,Elaeagnaceae,SERC,Elaeagnus,actinorhizal,SERC_016,Anne Arundel,MD,no,38.899477,-76.547521,8/14/24
SERC-1-1-Ro,D02,Elaeagnus umbellata,4/15/25,0,0,Quarter,SERC-1,ethanol,root,Elaeagnaceae,SERC,Elaeagnus,actinorhizal,SERC_016,Anne Arundel,MD,no,38.899477,-76.547521,8/14/24
SERC-1-1-No,D02,Elaeagnus umbellata,4/15/25,2.71,130.08,Quarter,SERC-1,ethanol,nodule,Elaeagnaceae,SERC,Elaeagnus,actinorhizal,SERC_016,Anne Arundel,MD,no,38.899477,-76.547521,8/14/24
SERC-2-1-Rh,D02,Elaeagnus umbellata,4/15/25,0,0,Quarter,SERC-2,ethanol,rhizosphere,Elaeagnaceae,SERC,Elaeagnus,actinorhizal,SERC_016,Anne Arundel,MD,no,38.899477,-76.547521,8/14/24
SERC-2-1-Ro,D02,Elaeagnus umbellata,4/15/25,0.0855,4.104,Quarter,SERC-2,ethanol,root,Elaeagnaceae,SERC,Elaeagnus,actinorhizal,SERC_016,Anne Arundel,MD,no,38.899477,-76.547521,8/14/24
SERC-2-1-No,D02,Elaeagnus umbellata,4/15/25,2.385,114.48,Quarter,SERC-2,ethanol,nodule,Elaeagnaceae,SERC,Elaeagnus,actinorhizal,SERC_016,Anne Arundel,MD,no,38.899477,-76.547521,8/14/24
SERC-3-1-Rh,D02,Amphicarpaea bracteata,4/15/25,0,0,Quarter,SERC-3,ethanol,rhizosphere,Fabaceae,SERC,Amphicarpaea,Phaseoleae,SERC_016,Anne Arundel,MD,yes,38.899477,-76.547521,8/14/24
SERC-3-1-Ro,D02,Amphicarpaea bracteata,4/15/25,0.6055,29.064,Quarter,SERC-3,ethanol,root,Fabaceae,SERC,Amphicarpaea,Phaseoleae,SERC_016,Anne Arundel,MD,yes,38.899477,-76.547521,8/14/24
SERC-4-1-Rh,D02,Glycine max,4/15/25,0,0,Quarter,SERC-4,ethanol,rhizosphere,Fabaceae,SERC,Glycine,Glycininae,SERC_007,Anne Arundel,MD,no,38.873817,-76.539865,9/25/24
SERC-4-1-Ro,D02,Glycine max,4/15/25,1.675,80.4,Quarter,SERC-4,ethanol,root,Fabaceae,SERC,Glycine,Glycininae,SERC_007,Anne Arundel,MD,no,38.873817,-76.539865,9/25/24
SERC-4-1-No,D02,Glycine max,4/15/25,1.79,85.92,Quarter,SERC-4,ethanol,nodule,Fabaceae,SERC,Glycine,Glycininae,SERC_007,Anne Arundel,MD,no,38.873817,-76.539865,9/25/24
SERC-5-1-Rh,D02,Glycine max,4/15/25,0,0,Quarter,SERC-5,ethanol,rhizosphere,Fabaceae,SERC,Glycine,Glycininae,SERC_023,Anne Arundel,MD,no,38.875198,-76.535306,9/25/24
SERC-5-1-Ro,D02,Glycine max,4/15/25,1.0125,48.6,Quarter,SERC-5,ethanol,root,Fabaceae,SERC,Glycine,Glycininae,SERC_023,Anne Arundel,MD,no,38.875198,-76.535306,9/25/24
SERC-5-1-No,D02,Glycine max,4/15/25,0.0585,2.808,Quarter,SERC-5,ethanol,nodule,Fabaceae,SERC,Glycine,Glycininae,SERC_023,Anne Arundel,MD,no,38.875198,-76.535306,9/25/24
SERC-6-1-Rh,D02,Glycine max,4/15/25,0,0,Quarter,SERC-6,ethanol,rhizosphere,Fabaceae,SERC,Glycine,Glycininae,SERC_018,Anne Arundel,MD,no,38.872901,-76.531642,9/25/24
SERC-6-1-Ro,D02,Glycine max,4/15/25,0.68,32.64,Quarter,SERC-6,ethanol,root,Fabaceae,SERC,Glycine,Glycininae,SERC_018,Anne Arundel,MD,no,38.872901,-76.531642,9/25/24
SERC-6-1-No,D02,Glycine max,4/15/25,13.55,650.4,Half,SERC-6,ethanol,nodule,Fabaceae,SERC,Glycine,Glycininae,SERC_018,Anne Arundel,MD,no,38.872901,-76.531642,9/25/24
SERC-7-1-Rh,D02,Glycine max,4/15/25,0,0,Quarter,SERC-7,ethanol,rhizosphere,Fabaceae,SERC,Glycine,Glycininae,SERC_008,Anne Arundel,MD,no,38.871837,-76.524149,9/25/24
SERC-7-1-Ro,D02,Glycine max,4/15/25,0,0,Quarter,SERC-7,ethanol,root,Fabaceae,SERC,Glycine,Glycininae,SERC_008,Anne Arundel,MD,no,38.871837,-76.524149,9/25/24
SERC-7-1-No,D02,Glycine max,4/15/25,2.735,131.28,Quarter,SERC-7,ethanol,nodule,Fabaceae,SERC,Glycine,Glycininae,SERC_008,Anne Arundel,MD,no,38.871837,-76.524149,9/25/24
DEJU-29-1-Rh,D19,Alnus viridis,4/15/25,0.3895,18.696,Quarter,DEJU-29,ethanol,rhizosphere,Betulaceae,DEJU,Alnus,actinorhizal,DEJU_015,,Alaska,yes,,,
DEJU-29-1-Ro,D19,Alnus viridis,4/15/25,0.1745,8.376,Quarter,DEJU-29,ethanol,root,Betulaceae,DEJU,Alnus,actinorhizal,DEJU_015,,Alaska,yes,,,
DEJU-29-1-No,D19,Alnus viridis,4/15/25,29.2,1401.6,Half,DEJU-29,ethanol,nodule,Betulaceae,DEJU,Alnus,actinorhizal,DEJU_015,,Alaska,yes,,,
DEJU-58-Rh,D19,Alnus viridis,4/15/25,0,0,Quarter,DEJU-58,ethanol,rhizosphere,Betulaceae,DEJU,Alnus,actinorhizal,DEJU_045,,,yes,,,
DEJU-58-Ro,D19,Alnus viridis,4/15/25,1.08,51.84,Quarter,DEJU-58,ethanol,root,Betulaceae,DEJU,Alnus,actinorhizal,DEJU_045,,,yes,,,
DEJU-58-No,D19,Alnus viridis,4/15/25,0,0,Quarter,DEJU-58,ethanol,nodule,Betulaceae,DEJU,Alnus,actinorhizal,DEJU_045,,,yes,,,
DEJU-59-Rh,D19,Alnus viridis,4/15/25,0,0,Quarter,DEJU-59,ethanol,rhizosphere,Betulaceae,DEJU,Alnus,actinorhizal,DEJU_045,,,yes,,,
DEJU-59-Ro,D19,Alnus viridis,4/15/25,10.95,525.6,Half,DEJU-59,ethanol,root,Betulaceae,DEJU,Alnus,actinorhizal,DEJU_045,,,yes,,,
DEJU-59-No,D19,Alnus viridis,4/15/25,21.3,1022.4,Half,DEJU-59,ethanol,nodule,Betulaceae,DEJU,Alnus,actinorhizal,DEJU_045,,,yes,,,
DEJU-60-Rh,D19,Lupinus arcticus,4/15/25,0,0,Quarter,DEJU-60,ethanol,rhizosphere,Fabaceae,DEJU,Lupinus,Genisteae,DEJU_045,,,yes,,,
DEJU-60-Ro,D19,Lupinus arcticus,4/15/25,5.97,286.56,Half,DEJU-60,ethanol,root,Fabaceae,DEJU,Lupinus,Genisteae,DEJU_045,,,yes,,,
DEJU-60-No,D19,Lupinus arcticus,4/15/25,1.275,61.2,Quarter,DEJU-60,ethanol,nodule,Fabaceae,DEJU,Lupinus,Genisteae,DEJU_045,,,yes,,,
DEJU-63-Rh,D19,Lupinus arcticus,4/15/25,0,0,Quarter,DEJU-63,ethanol,rhizosphere,Fabaceae,DEJU,Lupinus,Genisteae,DEJU_045,,,yes,,,
DEJU-63-Ro,D19,Lupinus arcticus,4/15/25,0.465,22.32,Quarter,DEJU-63,ethanol,root,Fabaceae,DEJU,Lupinus,Genisteae,DEJU_045,,,yes,,,
DEJU-63-No,D19,Lupinus arcticus,4/15/25,11.1,532.8,Half,DEJU-63,ethanol,nodule,Fabaceae,DEJU,Lupinus,Genisteae,DEJU_045,,,yes,,,
OSBS-104-1-Ro,D03,Crotalaria maritima,4/15/25,0,0,Quarter,OSBS-104,dry,root,Fabaceae,OSBS,Crotalaria,Crotalarieae,OSBS_070,Putnam,Fl,yes,,,20241008
OSBS-104-1-No,D03,Crotalaria maritima,4/15/25,1.985,95.28,Quarter,OSBS-104,dry,nodule,Fabaceae,OSBS,Crotalaria,Crotalarieae,OSBS_070,Putnam,Fl,yes,,,20241008
OSBS-106-1-Ro,D03,Lespedeza hirta,4/15/25,0.1815,8.712,Quarter,OSBS-106,dry,root,Fabaceae,OSBS,Lespedeza,Desmodieae,OSBS_070,Putnam,Fl,yes,,,20241008
OSBS-106-1-No,D03,Lespedeza hirta,4/15/25,0,0,Quarter,OSBS-106,dry,nodule,Fabaceae,OSBS,Lespedeza,Desmodieae,OSBS_070,Putnam,Fl,yes,,,20241008
OSBS-107-Rh,D03,Desmodium obtusum,4/15/25,0,0,Quarter,OSBS-107,dry,rhizosphere,Fabaceae,OSBS,Desmodium,Desmodieae,OSBS_070,Putnam,Fl,yes,,,20241008
OSBS-107-Ro,D03,Desmodium obtusum,4/15/25,0.9225,44.28,Quarter,OSBS-107,dry,root,Fabaceae,OSBS,Desmodium,Desmodieae,OSBS_070,Putnam,Fl,yes,,,20241008
OSBS-107-No,D03,Desmodium obtusum,4/15/25,0.168,8.064,Quarter,OSBS-107,dry,nodule,Fabaceae,OSBS,Desmodium,Desmodieae,OSBS_070,Putnam,Fl,yes,,,20241008
OSBS-109-4-Ro,D03,Crotalaria spectabilis,4/15/25,0,0,Quarter,OSBS-109,dry,root,Fabaceae,OSBS,Crotalaria,Crotalarieae,OSBS_017,Putnam,Fl,no,29.704875,-81.990736,20241028
OSBS-109-4-No,D03,Crotalaria spectabilis,4/15/25,7.87,377.76,Half,OSBS-109,dry,nodule,Fabaceae,OSBS,Crotalaria,Crotalarieae,OSBS_017,Putnam,Fl,no,29.704875,-81.990736,20241028
OSBS-DETR-64-3-Rh,D03,Desmodium triflorum,4/17/25,0,0,Quarter,OSBS-64,dry,rhizosphere,Fabaceae,OSBS,Desmodium,Desmodieae,OSBS_031,Putnam,FL,yes,29.689142,-81.993367,20240710
OSBS-DETR-64-3-Ro,D03,Desmodium triflorum,4/17/25,0,0,Quarter,OSBS-64,dry,root,Fabaceae,OSBS,Desmodium,Desmodieae,OSBS_031,Putnam,FL,yes,29.689142,-81.993367,20240710
OSBS-DETR-64-3-No,D03,Desmodium triflorum,4/17/25,0,0,Quarter,OSBS-64,dry,nodule,Fabaceae,OSBS,Desmodium,Desmodieae,OSBS_031,Putnam,FL,yes,29.689142,-81.993367,20240710
OSBS-LEHI-62-5-Rh,D03,Rhynchosia reniformis,4/17/25,0,0,Quarter,OSBS-62,dry,rhizosphere,Fabaceae,OSBS,Rhynchosia,Phaseoleae,OSBS_004,Putnam,FL,yes,,,20240618
OSBS-LEHI-62-5-Ro,D03,Rhynchosia reniformis,4/17/25,0.268,12.864,Quarter,OSBS-62,dry,root,Fabaceae,OSBS,Rhynchosia,Phaseoleae,OSBS_004,Putnam,FL,yes,,,20240618
OSBS-LEHI-62-5-No,D03,Rhynchosia reniformis,4/17/25,0.3285,15.768,Quarter,OSBS-62,dry,nodule,Fabaceae,OSBS,Rhynchosia,Phaseoleae,OSBS_004,Putnam,FL,yes,,,20240618
OSBS-103-2-Rh,D03,Galactia,4/17/25,0,0,Quarter,OSBS-103,dry,rhizosphere,Fabaceae,OSBS,Galactia,Diocleae,OSBS_008,Putnam,Fl,yes,,,20240919
OSBS-103-2-Ro,D03,Galactia,4/17/25,0,0,Quarter,OSBS-103,dry,root,Fabaceae,OSBS,Galactia,Diocleae,OSBS_008,Putnam,Fl,yes,,,20240919
OSBS-103-2-No,D03,Galactia,4/17/25,0,0,Quarter,OSBS-103,dry,nodule,Fabaceae,OSBS,Galactia,Diocleae,OSBS_008,Putnam,Fl,yes,,,20240919
OSBS-102-1-Rh,D03,Desmodium strictum,4/17/25,0,0,Quarter,OSBS-102,dry,rhizosphere,Fabaceae,OSBS,Desmodium,Desmodieae,OSBS_005,Putnam,Fl,yes,29.6958648,-82.0266737,20240919
OSBS-102-1-Ro,D03,Desmodium strictum,4/17/25,0,0,Quarter,OSBS-102,dry,root,Fabaceae,OSBS,Desmodium,Desmodieae,OSBS_005,Putnam,Fl,yes,29.6958648,-82.0266737,20240919
OSBS-102-1-No,D03,Desmodium strictum,4/17/25,5.73,275.04,Half,OSBS-102,dry,nodule,Fabaceae,OSBS,Desmodium,Desmodieae,OSBS_005,Putnam,Fl,yes,29.6958648,-82.0266737,20240919
OSBS-101-1-Rh,D03,Galactia,4/17/25,0,0,Quarter,OSBS-101,dry,rhizosphere,Fabaceae,OSBS,Galactia,Diocleae,OSBS_005,Putnam,Fl,yes,29.6958648,-82.0266737,20240919
OSBS-101-1-Ro,D03,Galactia,4/17/25,0,0,Quarter,OSBS-101,dry,root,Fabaceae,OSBS,Galactia,Diocleae,OSBS_005,Putnam,Fl,yes,29.6958648,-82.0266737,20240919
OSBS-101-1-No,D03,Galactia,4/17/25,0,0,Quarter,OSBS-101,dry,nodule,Fabaceae,OSBS,Galactia,Diocleae,OSBS_005,Putnam,Fl,yes,29.6958648,-82.0266737,20240919
OSBS-100-3-Rh,D03,Chamaecrista nictitans,4/17/25,0,0,Quarter,OSBS-100,dry,rhizosphere,Fabaceae,OSBS,Chamaecrista,Cassieae,OSBS_005,Putnam,Fl,yes,29.6958648,-82.0266737,20240919
OSBS-100-3-Ro,D03,Chamaecrista nictitans,4/17/25,0,0,Quarter,OSBS-100,dry,root,Fabaceae,OSBS,Chamaecrista,Cassieae,OSBS_005,Putnam,Fl,yes,29.6958648,-82.0266737,20240919
OSBS-100-3-No,D03,Chamaecrista nictitans,4/17/25,0,0,Quarter,OSBS-100,dry,nodule,Fabaceae,OSBS,Chamaecrista,Cassieae,OSBS_005,Putnam,Fl,yes,29.6958648,-82.0266737,20240919
OSBS-99-Rh,D03,Tephrosia chrysophylla,4/17/25,0,0,Quarter,OSBS-99,dry,rhizosphere,Fabaceae,OSBS,Tephrosia,Millettieae,OSBS_007,Putnam,Fl,yes,,,20240919
OSBS-99-Ro,D03,Tephrosia chrysophylla,4/17/25,1.12,53.76,Quarter,OSBS-99,dry,root,Fabaceae,OSBS,Tephrosia,Millettieae,OSBS_007,Putnam,Fl,yes,,,20240919
OSBS-99-No,D03,Tephrosia chrysophylla,4/17/25,5.335,256.08,Half,OSBS-99,dry,nodule,Fabaceae,OSBS,Tephrosia,Millettieae,OSBS_007,Putnam,Fl,yes,,,20240919
ORNL-7-2-Rh,D07,Hylodesmum nudiflorum,4/17/25,0.397,19.056,Quarter,ORNL-7,dry,rhizosphere,Fabaceae,ORNL,Desmodium,Desmodieae,ORNL_053,Anderson,TN,yes,35.965,-84.286389,7/9/24
ORNL-7-2-Ro,D07,Hylodesmum nudiflorum,4/17/25,0,0,Quarter,ORNL-7,dry,root,Fabaceae,ORNL,Desmodium,Desmodieae,ORNL_053,Anderson,TN,yes,35.965,-84.286389,7/9/24
ORNL-7-2-No,D07,Hylodesmum nudiflorum,4/17/25,0,0,Quarter,ORNL-7,dry,nodule,Fabaceae,ORNL,Desmodium,Desmodieae,ORNL_053,Anderson,TN,yes,35.965,-84.286389,7/9/24
ORNL-8-2-Rh,D07,Hylodesmum nudiflorum,4/17/25,1.39,66.72,Quarter,ORNL-8,dry,rhizosphere,Fabaceae,ORNL,Desmodium,Desmodieae,ORNL_046,Anderson,TN,yes,35.964722,-84.285833,7/9/24
ORNL-8-2-Ro,D07,Hylodesmum nudiflorum,4/17/25,4.04,193.92,Quarter,ORNL-8,dry,root,Fabaceae,ORNL,Desmodium,Desmodieae,ORNL_046,Anderson,TN,yes,35.964722,-84.285833,7/9/24
ORNL-8-2-No,D07,Hylodesmum nudiflorum,4/17/25,0.1665,7.992,Quarter,ORNL-8,dry,nodule,Fabaceae,ORNL,Desmodium,Desmodieae,ORNL_046,Anderson,TN,yes,35.964722,-84.285833,7/9/24
ORNL-25-1-Rh,D07,Albizia julibrissin,4/17/25,0.21,10.08,Quarter,ORNL-25,dry,rhizosphere,Fabaceae,ORNL,Albizia,Mimosoideae,ORNL_002,Anderson,TN,no,35.98,-84.211667,8/20/24
ORNL-25-1-Ro,D07,Albizia julibrissin,4/17/25,0,0,Quarter,ORNL-25,dry,root,Fabaceae,ORNL,Albizia,Mimosoideae,ORNL_002,Anderson,TN,no,35.98,-84.211667,8/20/24
ORNL-25-1-No,D07,Albizia julibrissin,4/17/25,0.6925,33.24,Quarter,ORNL-25,dry,nodule,Fabaceae,ORNL,Albizia,Mimosoideae,ORNL_002,Anderson,TN,no,35.98,-84.211667,8/20/24
GRSM-1-Rh,D07,Amphicarpaea bracteata,4/17/25,0,0,Quarter,GRSM-1,dry,rhizosphere,Fabaceae,GRSM,Amphicarpaea,Phaseoleae,GRSM_055,Sevier,TN,yes,35.685523,-83.502232,6/3/24
GRSM-1-Ro,D07,Amphicarpaea bracteata,4/17/25,0.505,24.24,Quarter,GRSM-1,dry,root,Fabaceae,GRSM,Amphicarpaea,Phaseoleae,GRSM_055,Sevier,TN,yes,35.685523,-83.502232,6/3/24
GRSM-1-No,D07,Amphicarpaea bracteata,4/17/25,0.324,15.552,Quarter,GRSM-1,dry,nodule,Fabaceae,GRSM,Amphicarpaea,Phaseoleae,GRSM_055,Sevier,TN,yes,35.685523,-83.502232,6/3/24
GRSM-3-Rh,D07,Amphicarpaea bracteata,4/17/25,0,0,Quarter,GRSM-3,dry,rhizosphere,Fabaceae,GRSM,Amphicarpaea,Phaseoleae,GRSM_008,Sevier,TN,yes,35.679121,-83.482275,6/3/24
GRSM-3-Ro,D07,Amphicarpaea bracteata,4/17/25,0.2325,11.16,Quarter,GRSM-3,dry,root,Fabaceae,GRSM,Amphicarpaea,Phaseoleae,GRSM_008,Sevier,TN,yes,35.679121,-83.482275,6/3/24
GRSM-3-No,D07,Amphicarpaea bracteata,4/17/25,0,0,Quarter,GRSM-3,dry,nodule,Fabaceae,GRSM,Amphicarpaea,Phaseoleae,GRSM_008,Sevier,TN,yes,35.679121,-83.482275,6/3/24
GRSM-4-2-Rh,D07,Desmodium paniculatum,4/17/25,0.2195,10.536,Quarter,GRSM-4,dry,rhizosphere,Fabaceae,GRSM,Desmodium,Desmodieae,GRSM_006,Sevier,TN,yes,35.679166,-83.646111,8/1/24
GRSM-4-2-Ro,D07,Desmodium paniculatum,4/17/25,0.071,3.408,Quarter,GRSM-4,dry,root,Fabaceae,GRSM,Desmodium,Desmodieae,GRSM_006,Sevier,TN,yes,35.679166,-83.646111,8/1/24
GRSM-4-2-No,D07,Desmodium paniculatum,4/17/25,0,0,Quarter,GRSM-4,dry,nodule,Fabaceae,GRSM,Desmodium,Desmodieae,GRSM_006,Sevier,TN,yes,35.679166,-83.646111,8/1/24
TALL-27-1-Rh,D08,Lespedeza sp.,4/17/25,0,0,Quarter,TALL-27,dry,rhizosphere,Fabaceae,TALL,Lespedeza,Desmodieae,TALL_002,Hale County,AL,0,32.92072,-87.42923,8/26/24
TALL-27-1-Ro,D08,Lespedeza sp.,4/17/25,0,0,Quarter,TALL-27,dry,root,Fabaceae,TALL,Lespedeza,Desmodieae,TALL_002,Hale County,AL,0,32.92072,-87.42923,8/26/24
TALL-27-1-No,D08,Lespedeza sp.,4/17/25,0,0,Quarter,TALL-27,dry,nodule,Fabaceae,TALL,Lespedeza,Desmodieae,TALL_002,Hale County,AL,0,32.92072,-87.42923,8/26/24
TALL-28-1-Rh,D08,Desmodium sp.,4/17/25,0,0,Quarter,TALL-28,dry,rhizosphere,Fabaceae,TALL,Desmodium,Desmodieae,TALL_008,Hale County,AL,yes,32.92293,-87.43434,8/26/24
TALL-28-1-Ro,D08,Desmodium sp.,4/17/25,0.5085,24.408,Quarter,TALL-28,dry,root,Fabaceae,TALL,Desmodium,Desmodieae,TALL_008,Hale County,AL,yes,32.92293,-87.43434,8/26/24
TALL-28-1-No,D08,Desmodium sp.,4/17/25,1.515,72.72,Quarter,TALL-28,dry,nodule,Fabaceae,TALL,Desmodium,Desmodieae,TALL_008,Hale County,AL,yes,32.92293,-87.43434,8/26/24
TALL-29-3-Rh,D08,Lespedeza cuneata,4/17/25,0,0,Quarter,TALL-29,dry,rhizosphere,Fabaceae,TALL,Lespedeza,Desmodieae,TALL_003,Bibb County,AL,no,32.8941,-87.41688,8/26/24
TALL-29-3-Ro,D08,Lespedeza cuneata,4/17/25,0.1115,5.352,Quarter,TALL-29,dry,root,Fabaceae,TALL,Lespedeza,Desmodieae,TALL_003,Bibb County,AL,no,32.8941,-87.41688,8/26/24
TALL-29-3-No,D08,Lespedeza cuneata,4/17/25,2.2,105.6,Quarter,TALL-29,dry,nodule,Fabaceae,TALL,Lespedeza,Desmodieae,TALL_003,Bibb County,AL,no,32.8941,-87.41688,8/26/24
DCFS-4-Rh,D09,Oxytropis lambertii,4/23/25,0,0,Quarter,DCFS-4,dry,rhizosphere,Fabaceae,DCFS,Oxytropis,Galegeae,DCFS_004,Stutsman,ND,yes,47.171157,99.05145,6/10/24
DCFS-4-Ro,D09,Oxytropis lambertii,4/23/25,0,0,Quarter,DCFS-4,dry,root,Fabaceae,DCFS,Oxytropis,Galegeae,DCFS_004,Stutsman,ND,yes,47.171157,99.05145,6/10/24
DCFS-4-No,D09,Oxytropis lambertii,4/23/25,1.045,50.16,Quarter,DCFS-4,dry,nodule,Fabaceae,DCFS,Oxytropis,Galegeae,DCFS_004,Stutsman,ND,yes,47.171157,99.05145,6/10/24
DCFS-5-1-Rh,D09,Medicago lupulina,4/23/25,0,0,Quarter,DCFS-5,dry,rhizosphere,Fabaceae,DCFS,Medicago,Trifolieae,DCFS_065,Stutsman,ND,no,47.16085,99.11081,6/20/24
DCFS-5-1-Ro,D09,Medicago lupulina,4/23/25,0,0,Quarter,DCFS-5,dry,root,Fabaceae,DCFS,Medicago,Trifolieae,DCFS_065,Stutsman,ND,no,47.16085,99.11081,6/20/24
DCFS-5-1-No,D09,Medicago lupulina,4/23/25,0,0,Quarter,DCFS-5,dry,nodule,Fabaceae,DCFS,Medicago,Trifolieae,DCFS_065,Stutsman,ND,no,47.16085,99.11081,6/20/24
DCFS-6-1-Rh,D09,Medicago lupulina,4/23/25,0,0,Quarter,DCFS-6,dry,rhizosphere,Fabaceae,DCFS,Medicago,Trifolieae,DCFS_065,Stutsman,ND,no,47.16085,99.11081,6/20/24
DCFS-6-1-Ro,D09,Medicago lupulina,4/23/25,0.1635,7.848,Quarter,DCFS-6,dry,root,Fabaceae,DCFS,Medicago,Trifolieae,DCFS_065,Stutsman,ND,no,47.16085,99.11081,6/20/24
DCFS-6-1-No,D09,Medicago lupulina,4/23/25,0,0,Quarter,DCFS-6,dry,nodule,Fabaceae,DCFS,Medicago,Trifolieae,DCFS_065,Stutsman,ND,no,47.16085,99.11081,6/20/24
DCFS-7-1-Rh,D09,Amorpha canescens,4/23/25,0,0,Quarter,DCFS-7,dry,rhizosphere,Fabaceae,DCFS,Amorpha,Amorpheae,DCFS_067,Stutsman,ND,yes,47.16096,99.11051,6/20/24
DCFS-7-1-Ro,D09,Amorpha canescens,4/23/25,4.33,207.84,Quarter,DCFS-7,dry,root,Fabaceae,DCFS,Amorpha,Amorpheae,DCFS_067,Stutsman,ND,yes,47.16096,99.11051,6/20/24
DCFS-7-1-No,D09,Amorpha canescens,4/23/25,0,0,Quarter,DCFS-7,dry,nodule,Fabaceae,DCFS,Amorpha,Amorpheae,DCFS_067,Stutsman,ND,yes,47.16096,99.11051,6/20/24
DCFS-8-1-Rh,D09,Melilotus officinalis,4/23/25,0,0,Quarter,DCFS-8,dry,rhizosphere,Fabaceae,DCFS,Melilotus,Trifolieae,DCFS_067,Stutsman,ND,no,47.16087,99.11052,6/20/24
DCFS-8-1-Ro,D09,Melilotus officinalis,4/23/25,0.165,7.92,Quarter,DCFS-8,dry,root,Fabaceae,DCFS,Melilotus,Trifolieae,DCFS_067,Stutsman,ND,no,47.16087,99.11052,6/20/24
DCFS-8-1-No,D09,Melilotus officinalis,4/23/25,0,0,Quarter,DCFS-8,dry,nodule,Fabaceae,DCFS,Melilotus,Trifolieae,DCFS_067,Stutsman,ND,no,47.16087,99.11052,6/20/24
NOGP-1-1-Rh,D09,Medicago lupulina,4/23/25,0,0,Quarter,NOGP-1,dry,rhizosphere,Fabaceae,NOGP,Medicago,Trifolieae,NOGP_064,,ND,no,46.77084,-100.9136386,6/25/24
NOGP-1-1-Ro,D09,Medicago lupulina,4/23/25,0.098,4.704,Quarter,NOGP-1,dry,root,Fabaceae,NOGP,Medicago,Trifolieae,NOGP_064,,ND,no,46.77084,-100.9136386,6/25/24
NOGP-1-1-No,D09,Medicago lupulina,4/23/25,0,0,Quarter,NOGP-1,dry,nodule,Fabaceae,NOGP,Medicago,Trifolieae,NOGP_064,,ND,no,46.77084,-100.9136386,6/25/24
NOGP-2-1-Rh,D09,Medicago sativa,4/23/25,0.414,19.872,Quarter,NOGP-2,dry,rhizosphere,Fabaceae,NOGP,Medicago,Trifolieae,NOGP_001,,ND,no,46.80621,-100.9157,6/27/24
NOGP-2-1-Ro,D09,Medicago sativa,4/23/25,1.14,54.72,Quarter,NOGP-2,dry,root,Fabaceae,NOGP,Medicago,Trifolieae,NOGP_001,,ND,no,46.80621,-100.9157,6/27/24
NOGP-2-1-No,D09,Medicago sativa,4/23/25,0,0,Quarter,NOGP-2,dry,nodule,Fabaceae,NOGP,Medicago,Trifolieae,NOGP_001,,ND,no,46.80621,-100.9157,6/27/24
NOGP-3-2-Rh,D09,Medicago lupulina,4/23/25,0,0,Quarter,NOGP-3,dry,rhizosphere,Fabaceae,NOGP,Medicago,Trifolieae,NOGP_064,,ND,no,46.77084,-100.9136386,6/25/24
NOGP-3-2-Ro,D09,Medicago lupulina,4/23/25,0.473,22.704,Quarter,NOGP-3,dry,root,Fabaceae,NOGP,Medicago,Trifolieae,NOGP_064,,ND,no,46.77084,-100.9136386,6/25/24
NOGP-3-2-No,D09,Medicago lupulina,4/23/25,0,0,Quarter,NOGP-3,dry,nodule,Fabaceae,NOGP,Medicago,Trifolieae,NOGP_064,,ND,no,46.77084,-100.9136386,6/25/24
BLAN-1-1-Rh,D02,Trifolium repens,4/23/25,0.0565,2.712,Quarter,BLAN-1,ethanol,rhizosphere,Fabaceae,BLAN,Trifolium,Trifolieae,BLAN_020,Clarke,VA,no,39.101131,-77.980227,8/13/24
BLAN-1-1-Ro,D02,Trifolium repens,4/23/25,0.053,2.544,Quarter,BLAN-1,ethanol,root,Fabaceae,BLAN,Trifolium,Trifolieae,BLAN_020,Clarke,VA,no,39.101131,-77.980227,8/13/24
BLAN-1-1-No,D02,Trifolium repens,4/23/25,2.17,104.16,Quarter,BLAN-1,ethanol,nodule,Fabaceae,BLAN,Trifolium,Trifolieae,BLAN_020,Clarke,VA,no,39.101131,-77.980227,8/13/24
BLAN-2-1-Rh,D02,Desmodium sp.,4/23/25,0,0,Quarter,BLAN-2,ethanol,rhizosphere,Fabaceae,BLAN,Desmodium,Desmodieae,BLAN_020,Clarke,VA,yes,39.101002,-77.980641,8/13/24
BLAN-2-1-Ro,D02,Desmodium sp.,4/23/25,0.1405,6.744,Quarter,BLAN-2,ethanol,root,Fabaceae,BLAN,Desmodium,Desmodieae,BLAN_020,Clarke,VA,yes,39.101002,-77.980641,8/13/24
BLAN-2-1-No,D02,Desmodium sp.,4/23/25,3.94,189.12,Quarter,BLAN-2,ethanol,nodule,Fabaceae,BLAN,Desmodium,Desmodieae,BLAN_020,Clarke,VA,yes,39.101002,-77.980641,8/13/24
BLAN-3-1-Rh,D02,Kummerowia striata,4/23/25,0,0,Quarter,BLAN-3,ethanol,rhizosphere,Fabaceae,BLAN,Kummerowia,Desmodieae,BLAN_020,Clarke,VA,no,39.100957,-77.980777,8/13/24
BLAN-3-1-Ro,D02,Kummerowia striata,4/23/25,0.0685,3.288,Quarter,BLAN-3,ethanol,root,Fabaceae,BLAN,Kummerowia,Desmodieae,BLAN_020,Clarke,VA,no,39.100957,-77.980777,8/13/24
BLAN-3-1-No,D02,Kummerowia striata,4/23/25,0.09,4.32,Quarter,BLAN-3,ethanol,nodule,Fabaceae,BLAN,Kummerowia,Desmodieae,BLAN_020,Clarke,VA,no,39.100957,-77.980777,8/13/24
BLAN-4-1-Rh,D02,Elaeagnus umbellata,4/23/25,0,0,Quarter,BLAN-4,ethanol,rhizosphere,Elaeagnaceae,BLAN,Elaeagnus,actinorhizal,BLAN_020,Clarke,VA,no,39.100987,-77.980772,8/13/24
BLAN-4-1-Ro,D02,Elaeagnus umbellata,4/23/25,0,0,Quarter,BLAN-4,ethanol,root,Elaeagnaceae,BLAN,Elaeagnus,actinorhizal,BLAN_020,Clarke,VA,no,39.100987,-77.980772,8/13/24
BLAN-4-1-No,D02,Elaeagnus umbellata,4/23/25,0,0,Quarter,BLAN-4,ethanol,nodule,Elaeagnaceae,BLAN,Elaeagnus,actinorhizal,BLAN_020,Clarke,VA,no,39.100987,-77.980772,8/13/24
SCBI-1-1-Rh,D02,Lespedeza cuneata,4/23/25,0,0,Quarter,SCBI-1,ethanol,rhizosphere,Fabaceae,SCBI,Lespedeza,Desmodieae,SCBI-006,Warren,VA,no,38.897638,-78.152008,6/26/24
SCBI-1-1-Ro,D02,Lespedeza cuneata,4/23/25,0.748,35.904,Quarter,SCBI-1,ethanol,root,Fabaceae,SCBI,Lespedeza,Desmodieae,SCBI-006,Warren,VA,no,38.897638,-78.152008,6/26/24
SCBI-2-1-Rh,D02,Lespedeza cuneata,4/23/25,0,0,Quarter,SCBI-2,ethanol,rhizosphere,Fabaceae,SCBI,Lespedeza,Desmodieae,SCBI-006,Warren,VA,no,38.897638,-78.152008,
SCBI-2-1-Ro,D02,Lespedeza cuneata,4/23/25,0,0,Quarter,SCBI-2,ethanol,root,Fabaceae,SCBI,Lespedeza,Desmodieae,SCBI-006,Warren,VA,no,38.897638,-78.152008,
SCBI-2-1-No,D02,Lespedeza cuneata,4/23/25,0,0,Quarter,SCBI-2,ethanol,nodule,Fabaceae,SCBI,Lespedeza,Desmodieae,SCBI-006,Warren,VA,no,38.897638,-78.152008,
SCBI-3-1-Rh,D02,Elaeagnus umbellata,4/23/25,0,0,Quarter,SCBI-3,ethanol,rhizosphere,Elaeagnaceae,SCBI,Elaeagnus,actinorhizal,SCBI-006,Warren,VA,no,38.897638,-78.152008,6/26/24
SCBI-3-1-Ro,D02,Elaeagnus umbellata,4/23/25,0.224,10.752,Quarter,SCBI-3,ethanol,root,Elaeagnaceae,SCBI,Elaeagnus,actinorhizal,SCBI-006,Warren,VA,no,38.897638,-78.152008,6/26/24
SCBI-3-1-No,D02,Elaeagnus umbellata,4/23/25,3.645,174.96,Quarter,SCBI-3,ethanol,nodule,Elaeagnaceae,SCBI,Elaeagnus,actinorhizal,SCBI-006,Warren,VA,no,38.897638,-78.152008,6/26/24
SCBI-4-1-Rh,D02,Amphicarpaea bracteata,4/23/25,0,0,Quarter,SCBI-4,ethanol,rhizosphere,Fabaceae,SCBI,Amphicarpaea,Phaseoleae,SCBI-047,Warren,VA,yes,38.894252,-78.137193,6/26/24
SCBI-4-1-Ro,D02,Amphicarpaea bracteata,4/23/25,0.369,17.712,Quarter,SCBI-4,ethanol,root,Fabaceae,SCBI,Amphicarpaea,Phaseoleae,SCBI-047,Warren,VA,yes,38.894252,-78.137193,6/26/24
SCBI-4-1-No,D02,Amphicarpaea bracteata,4/23/25,0.7135,34.248,Quarter,SCBI-4,ethanol,nodule,Fabaceae,SCBI,Amphicarpaea,Phaseoleae,SCBI-047,Warren,VA,yes,38.894252,-78.137193,6/26/24
SCBI-5-1-Rh,D02,Robinia pseudoacacia,4/24/25,0.1375,6.6,Quarter,SCBI-5,ethanol,rhizosphere,Fabaceae,SCBI,Robinia,Robinieae,SCBI-047,Warren,VA,yes,38.894252,-78.137193,
SCBI-5-1-Ro,D02,Robinia pseudoacacia,4/24/25,4.565,219.12,Quarter,SCBI-5,ethanol,root,Fabaceae,SCBI,Robinia,Robinieae,SCBI-047,Warren,VA,yes,38.894252,-78.137193,
SCBI-5-1-No,D02,Robinia pseudoacacia,4/24/25,20.3,974.4,Half,SCBI-5,ethanol,nodule,Fabaceae,SCBI,Robinia,Robinieae,SCBI-047,Warren,VA,yes,38.894252,-78.137193,
SCBI-6-1-Rh,D02,Amphicarpaea bracteata,4/24/25,0,0,Quarter,SCBI-6,ethanol,rhizosphere,Fabaceae,SCBI,Amphicarpaea,Phaseoleae,SCBI-067,Warren,VA,yes,38.895275,-78.135778,6/26/24
SCBI-6-1-Ro,D02,Amphicarpaea bracteata,4/24/25,0.051,2.448,Quarter,SCBI-6,ethanol,root,Fabaceae,SCBI,Amphicarpaea,Phaseoleae,SCBI-067,Warren,VA,yes,38.895275,-78.135778,6/26/24
SCBI-6-1-No,D02,Amphicarpaea bracteata,4/24/25,0.543,26.064,Quarter,SCBI-6,ethanol,nodule,Fabaceae,SCBI,Amphicarpaea,Phaseoleae,SCBI-067,Warren,VA,yes,38.895275,-78.135778,6/26/24
SCBI-7-1-Rh,D02,Trifolium repens,4/24/25,0.2655,12.744,Quarter,SCBI-7,ethanol,rhizosphere,Fabaceae,SCBI,Trifolium,Trifolieae,SCBI-062,Warren,VA,no,38.895336,-78.138062,6/26/24
SCBI-7-1-Ro,D02,Trifolium repens,4/24/25,0.076,3.648,Quarter,SCBI-7,ethanol,root,Fabaceae,SCBI,Trifolium,Trifolieae,SCBI-062,Warren,VA,no,38.895336,-78.138062,6/26/24
SCBI-7-1-No,D02,Trifolium repens,4/24/25,0,0,Quarter,SCBI-7,ethanol,nodule,Fabaceae,SCBI,Trifolium,Trifolieae,SCBI-062,Warren,VA,no,38.895336,-78.138062,6/26/24
SCBI-8-2-Rh,D02,Elaeagnus umbellata,4/24/25,0,0,Quarter,SCBI-8,ethanol,rhizosphere,Elaeagnaceae,SCBI,Elaeagnus,actinorhizal,SCBI-021,Warren,VA,no,38.900867,-78.152966,6/26/24
SCBI-8-2-Ro,D02,Elaeagnus umbellata,4/24/25,0.569,27.312,Quarter,SCBI-8,ethanol,root,Elaeagnaceae,SCBI,Elaeagnus,actinorhizal,SCBI-021,Warren,VA,no,38.900867,-78.152966,6/26/24
SCBI-8-2-No,D02,Elaeagnus umbellata,4/24/25,0.4795,23.016,Quarter,SCBI-8,ethanol,nodule,Elaeagnaceae,SCBI,Elaeagnus,actinorhizal,SCBI-021,Warren,VA,no,38.900867,-78.152966,6/26/24
SCBI-9-2-Rh,D02,Amphicarpaea bracteata,4/24/25,0,0,Quarter,SCBI-9,ethanol,rhizosphere,Fabaceae,SCBI,Amphicarpaea,Phaseoleae,SCBI-007,Warren,VA,yes,38.884905,-78.130374,6/27/24
SCBI-9-2-Ro,D02,Amphicarpaea bracteata,4/24/25,0.9155,43.944,Quarter,SCBI-9,ethanol,root,Fabaceae,SCBI,Amphicarpaea,Phaseoleae,SCBI-007,Warren,VA,yes,38.884905,-78.130374,6/27/24
SCBI-9-2-No,D02,Amphicarpaea bracteata,4/24/25,0.1185,5.688,Quarter,SCBI-9,ethanol,nodule,Fabaceae,SCBI,Amphicarpaea,Phaseoleae,SCBI-007,Warren,VA,yes,38.884905,-78.130374,6/27/24
SCBI-10-1-Rh,D02,Lespedeza cuneata,4/24/25,0.29,13.92,Quarter,SCBI-1,ethanol,rhizosphere,Fabaceae,SCBI,Lespedeza,Desmodieae,SCBI-006,Warren,VA,no,38.897638,-78.152008,6/26/24
SCBI-10-1-Ro,D02,Elaeagnus umbellata,4/24/25,0.427,20.496,Quarter,SCBI-10,ethanol,root,Elaeagnaceae,SCBI,Elaeagnus,actinorhizal,SCBI-010,Warren,VA,no,38.884814,-78.125158,7/2/24
SCBI-10-1-No,D02,Elaeagnus umbellata,4/24/25,11.45,549.6,Half,SCBI-10,ethanol,nodule,Elaeagnaceae,SCBI,Elaeagnus,actinorhizal,SCBI-010,Warren,VA,no,38.884814,-78.125158,7/2/24
SCBI-11-1-Rh,D02,Amphicarpaea bracteata,4/24/25,0.1095,5.256,Quarter,SCBI-11,ethanol,rhizosphere,Fabaceae,SCBI,Amphicarpaea,Phaseoleae,SCBI-010,Warren,VA,yes,38.884814,-78.125158,7/2/24
SCBI-11-1-Ro,D02,Amphicarpaea bracteata,4/24/25,0.068,3.264,Quarter,SCBI-11,ethanol,root,Fabaceae,SCBI,Amphicarpaea,Phaseoleae,SCBI-010,Warren,VA,yes,38.884814,-78.125158,7/2/24
SCBI-11-1-No,D02,Amphicarpaea bracteata,4/24/25,2.8,134.4,Quarter,SCBI-11,ethanol,nodule,Fabaceae,SCBI,Amphicarpaea,Phaseoleae,SCBI-010,Warren,VA,yes,38.884814,-78.125158,7/2/24
SCBI-12-1-Rh,D02,Amphicarpaea bracteata,4/24/25,0,0,Quarter,SCBI-12,ethanol,rhizosphere,Fabaceae,SCBI,Amphicarpaea,Phaseoleae,SCBI-011,Warren,VA,yes,38.878901,-78.139749,7/10/24
SCBI-12-1-Ro,D02,Amphicarpaea bracteata,4/24/25,0.061,2.928,Quarter,SCBI-12,ethanol,root,Fabaceae,SCBI,Amphicarpaea,Phaseoleae,SCBI-011,Warren,VA,yes,38.878901,-78.139749,7/10/24
SCBI-12-1-No,D02,Amphicarpaea bracteata,4/24/25,0.4335,20.808,Quarter,SCBI-12,ethanol,nodule,Fabaceae,SCBI,Amphicarpaea,Phaseoleae,SCBI-011,Warren,VA,yes,38.878901,-78.139749,7/10/24
SCBI-13-1-Rh,D02,Elaeagnus umbellata,4/24/25,0,0,Quarter,SCBI-13,ethanol,rhizosphere,Elaeagnaceae,SCBI,Elaeagnus,actinorhizal,SCBI-011,Warren,VA,no,38.878901,-78.139749,7/10/24
SCBI-13-1-Ro,D02,Elaeagnus umbellata,4/24/25,0.2505,12.024,Quarter,SCBI-13,ethanol,root,Elaeagnaceae,SCBI,Elaeagnus,actinorhizal,SCBI-011,Warren,VA,no,38.878901,-78.139749,7/10/24
SCBI-13-1-No,D02,Elaeagnus umbellata,4/24/25,2.45,117.6,Quarter,SCBI-13,ethanol,nodule,Elaeagnaceae,SCBI,Elaeagnus,actinorhizal,SCBI-011,Warren,VA,no,38.878901,-78.139749,7/10/24
RMNP-1-Rh,D10,Thermopsis divaricarpa,4/24/25,0,0,Quarter,RMNP-1,dry,rhizosphere,Fabaceae,RMNP,Thermopsis,Sophoreae,RMNP_019,Boulder,CO,yes,,,7/10/24
RMNP-1-Ro,D10,Thermopsis divaricarpa,4/24/25,3.88,186.24,Quarter,RMNP-1,dry,root,Fabaceae,RMNP,Thermopsis,Sophoreae,RMNP_019,Boulder,CO,yes,,,7/10/24
RMNP-1-No,D10,Thermopsis divaricarpa,4/24/25,2.99,143.52,Quarter,RMNP-1,dry,nodule,Fabaceae,RMNP,Thermopsis,Sophoreae,RMNP_019,Boulder,CO,yes,,,7/10/24
RMNP-2-Rh,D10,Thermopsis divaricarpa,4/24/25,0,0,Quarter,RMNP-2,dry,rhizosphere,Fabaceae,RMNP,Thermopsis,Sophoreae,RMNP_016,Boulder,CO,yes,,,6/11/24
RMNP-2-Ro,D10,Thermopsis divaricarpa,4/24/25,0.462,22.176,Quarter,RMNP-2,dry,root,Fabaceae,RMNP,Thermopsis,Sophoreae,RMNP_016,Boulder,CO,yes,,,6/11/24
RMNP-2-No,D10,Thermopsis divaricarpa,4/24/25,9.745,467.76,Half,RMNP-2,dry,nodule,Fabaceae,RMNP,Thermopsis,Sophoreae,RMNP_016,Boulder,CO,yes,,,6/11/24
RMNP-3-Rh,D10,Oxytropis multiceps,4/24/25,0,0,Quarter,RMNP-3,dry,rhizosphere,Fabaceae,RMNP,Oxytropis,Galegeae,RMNP_016,Boulder,CO,yes,,,6/11/24
RMNP-3-Ro,D10,Oxytropis multiceps,4/24/25,0,0,Quarter,RMNP-3,dry,root,Fabaceae,RMNP,Oxytropis,Galegeae,RMNP_016,Boulder,CO,yes,,,6/11/24
RMNP-3-No,D10,Oxytropis multiceps,4/24/25,0,0,Quarter,RMNP-3,dry,nodule,Fabaceae,RMNP,Oxytropis,Galegeae,RMNP_016,Boulder,CO,yes,,,6/11/24
RMNP-4-Rh,D10,Oxytropis multiceps,4/24/25,0,0,Quarter,RMNP-4,dry,rhizosphere,Fabaceae,RMNP,Oxytropis,Galegeae,RMNP_016,Boulder,CO,yes,,,6/2/24
RMNP-4-Ro,D10,Oxytropis multiceps,4/24/25,2.64,126.72,Quarter,RMNP-4,dry,root,Fabaceae,RMNP,Oxytropis,Galegeae,RMNP_016,Boulder,CO,yes,,,6/2/24
RMNP-4-No,D10,Oxytropis multiceps,4/24/25,0,0,Quarter,RMNP-4,dry,nodule,Fabaceae,RMNP,Oxytropis,Galegeae,RMNP_016,Boulder,CO,yes,,,6/2/24
RMNP-5-1-Rh,D10,Ceanothus velutinus,4/24/25,2.215,106.32,Quarter,RMNP-5,dry,rhizosphere,Rhamnaceae,RMNP,Ceanothus,actinorhizal,RMNP_016,Boulder,CO,yes,,,6/12/24
RMNP-5-1-Ro,D10,Ceanothus velutinus,4/24/25,0,0,Quarter,RMNP-5,dry,root,Rhamnaceae,RMNP,Ceanothus,actinorhizal,RMNP_016,Boulder,CO,yes,,,6/12/24
RMNP-5-1-No,D10,Ceanothus velutinus,4/24/25,22.65,1087.2,Half,RMNP-5,dry,nodule,Rhamnaceae,RMNP,Ceanothus,actinorhizal,RMNP_016,Boulder,CO,yes,,,6/12/24
CPER-1-Rh,D10,Astragalus bisulcatus,4/24/25,0,0,Quarter,CPER-1,dry,rhizosphere,Fabaceae,CPER,Astragalus,Galegeae,CPER_012,Weld,CO,yes,,,6/13/24
CPER-1-Ro,D10,Astragalus bisulcatus,4/24/25,0.684,32.832,Quarter,CPER-1,dry,root,Fabaceae,CPER,Astragalus,Galegeae,CPER_012,Weld,CO,yes,,,6/13/24
CPER-1-No,D10,Astragalus bisulcatus,4/24/25,0,0,Quarter,CPER-1,dry,nodule,Fabaceae,CPER,Astragalus,Galegeae,CPER_012,Weld,CO,yes,,,6/13/24
CPER-2-Rh,D10,Melilotus officinalis,4/24/25,0,0,Quarter,CPER-2,dry,rhizosphere,Fabaceae,CPER,Melilotus,Trifolieae,CPER_002,Weld,CO,no,,,6/14/24
CPER-2-Ro,D10,Melilotus officinalis,4/24/25,0.0745,3.576,Quarter,CPER-2,dry,root,Fabaceae,CPER,Melilotus,Trifolieae,CPER_002,Weld,CO,no,,,6/14/24
CPER-2-No,D10,Melilotus officinalis,4/24/25,0,0,Quarter,CPER-2,dry,nodule,Fabaceae,CPER,Melilotus,Trifolieae,CPER_002,Weld,CO,no,,,6/14/24
WOOD-5-1-Rh,D09,Dalea candida,4/24/25,0,0,Quarter,WOOD-5,ethanol,rhizosphere,Fabaceae,WOOD,Dalea,Amorpheae,BARR_027,Stutsman,ND,yes,47.13,99.24,9/23/24
WOOD-5-1-Ro,D09,Dalea candida,4/24/25,0,0,Quarter,WOOD-5,ethanol,root,Fabaceae,WOOD,Dalea,Amorpheae,BARR_027,Stutsman,ND,yes,47.13,99.24,9/23/24
WOOD-5-1-No,D09,Dalea candida,4/24/25,0.195,9.36,Quarter,WOOD-5,ethanol,nodule,Fabaceae,WOOD,Dalea,Amorpheae,BARR_027,Stutsman,ND,yes,47.13,99.24,9/23/24
WOOD-6-1-Rh,D09,Medicago lupulina,4/24/25,0,0,Quarter,WOOD-6,ethanol,rhizosphere,Fabaceae,WOOD,Medicago,Trifolieae,BARR_027,Stutsman,ND,no,47.12819,99.23817,9/23/24
WOOD-6-1-Ro,D09,Medicago lupulina,4/24/25,0.0745,3.576,Quarter,WOOD-6,ethanol,root,Fabaceae,WOOD,Medicago,Trifolieae,BARR_027,Stutsman,ND,no,47.12819,99.23817,9/23/24
WOOD-6-1-No,D09,Medicago lupulina,4/24/25,0.7205,34.584,Quarter,WOOD-6,ethanol,nodule,Fabaceae,WOOD,Medicago,Trifolieae,BARR_027,Stutsman,ND,no,47.12819,99.23817,9/23/24
WOOD-7-1-Rh,D09,Medicago lupulina,4/24/25,0,0,Quarter,WOOD-7,ethanol,rhizosphere,Fabaceae,WOOD,Medicago,Trifolieae,BARR_027,Stutsman,ND,no,47.12819,99.23817,9/23/24
WOOD-7-1-Ro,D09,Medicago lupulina,4/24/25,0.6435,30.888,Quarter,WOOD-7,ethanol,root,Fabaceae,WOOD,Medicago,Trifolieae,BARR_027,Stutsman,ND,no,47.12819,99.23817,9/23/24
WOOD-7-1-No,D09,Medicago lupulina,4/24/25,0.0555,2.664,Quarter,WOOD-7,ethanol,nodule,Fabaceae,WOOD,Medicago,Trifolieae,BARR_027,Stutsman,ND,no,47.12819,99.23817,9/23/24
WOOD-8-Rh,D09,Medicago lupulina,4/24/25,0,0,Quarter,WOOD-8,ethanol,rhizosphere,Fabaceae,WOOD,Medicago,Trifolieae,BARR_027,Stutsman,ND,no,47.12819,99.23817,9/23/24
WOOD-8-Ro,D09,Medicago lupulina,4/24/25,1.675,80.4,Quarter,WOOD-8,ethanol,root,Fabaceae,WOOD,Medicago,Trifolieae,BARR_027,Stutsman,ND,no,47.12819,99.23817,9/23/24
WOOD-8-No,D09,Medicago lupulina,4/24/25,0,0,Quarter,WOOD-8,ethanol,nodule,Fabaceae,WOOD,Medicago,Trifolieae,BARR_027,Stutsman,ND,no,47.12819,99.23817,9/23/24
WOOD-9-Rh,D09,Medicago sativa,4/24/25,0,0,Quarter,WOOD-9,ethanol,rhizosphere,Fabaceae,WOOD,Medicago,Trifolieae,BARR_027,Stutsman,ND,no,47.12498,99.23862,9/23/24
WOOD-9-Ro,D09,Medicago sativa,4/24/25,5.63,270.24,Half,WOOD-9,ethanol,root,Fabaceae,WOOD,Medicago,Trifolieae,BARR_027,Stutsman,ND,no,47.12498,99.23862,9/23/24
WOOD-10-1-Rh,D09,Medicago lupulina,4/24/25,0,0,Quarter,WOOD-10,ethanol,rhizosphere,Fabaceae,WOOD,Medicago,Trifolieae,WOOD_030,Stutsman,ND,no,47.13885,-99.2415,9/26/24
WOOD-10-1-Ro,D09,Medicago lupulina,4/24/25,0,0,Quarter,WOOD-10,ethanol,root,Fabaceae,WOOD,Medicago,Trifolieae,WOOD_030,Stutsman,ND,no,47.13885,-99.2415,9/26/24
WOOD-10-1-No,D09,Medicago lupulina,4/24/25,0,0,Quarter,WOOD-10,ethanol,nodule,Fabaceae,WOOD,Medicago,Trifolieae,WOOD_030,Stutsman,ND,no,47.13885,-99.2415,9/26/24
WOOD-11-1-Rh,D09,Medicago sativa,4/24/25,0,0,Quarter,WOOD-11,ethanol,rhizosphere,Fabaceae,WOOD,Medicago,Trifolieae,WOOD_043,Stutsman,ND,no,47.13177,-99.2395,9/26/24
WOOD-11-1-Ro,D09,Medicago sativa,4/24/25,0,0,Quarter,WOOD-11,ethanol,root,Fabaceae,WOOD,Medicago,Trifolieae,WOOD_043,Stutsman,ND,no,47.13177,-99.2395,9/26/24
WOOD-11-1-No,D09,Medicago sativa,4/24/25,0,0,Quarter,WOOD-11,ethanol,nodule,Fabaceae,WOOD,Medicago,Trifolieae,WOOD_043,Stutsman,ND,no,47.13177,-99.2395,9/26/24
WOOD-12-Rh,D09,Medicago sativa,4/24/25,0,0,Quarter,WOOD-12,ethanol,rhizosphere,Fabaceae,WOOD,Medicago,Trifolieae,WOOD_030,Stutsman,ND,no,47.13885,-99.2415,9/26/24
WOOD-12-Ro,D09,Medicago sativa,4/24/25,0,0,Quarter,WOOD-12,ethanol,root,Fabaceae,WOOD,Medicago,Trifolieae,WOOD_030,Stutsman,ND,no,47.13885,-99.2415,9/26/24
WOOD-12-No,D09,Medicago sativa,4/24/25,0,0,Quarter,WOOD-12,ethanol,nodule,Fabaceae,WOOD,Medicago,Trifolieae,WOOD_030,Stutsman,ND,no,47.13885,-99.2415,9/26/24
TOOL-1-Rh,D18,Dryas integrifolia,4/24/25,0,0,Quarter,TOOL-1,ethanol,rhizosphere,Rosaceae,TOOL,Dryas,actinorhizal,TOOL_041,North Slope Borough ,Alaska,yes,,,20240704
TOOL-1-Ro,D18,Dryas integrifolia,4/24/25,0.6625,31.8,Quarter,TOOL-1,ethanol,root,Rosaceae,TOOL,Dryas,actinorhizal,TOOL_041,North Slope Borough ,Alaska,yes,,,20240704
TOOL-1-No,D18,Dryas integrifolia,4/24/25,0,0,Quarter,TOOL-1,ethanol,nodule,Rosaceae,TOOL,Dryas,actinorhizal,TOOL_041,North Slope Borough ,Alaska,yes,,,20240704
TOOL-2-Rh,D18,Dryas integrifolia,4/24/25,0,0,Quarter,TOOL-2,ethanol,rhizosphere,Rosaceae,TOOL,Dryas,actinorhizal,TOOL_041,North Slope Borough ,Alaska ,yes,,,20240704
TOOL-2-Ro,D18,Dryas integrifolia,4/24/25,0.914,43.872,Quarter,TOOL-2,ethanol,root,Rosaceae,TOOL,Dryas,actinorhizal,TOOL_041,North Slope Borough ,Alaska ,yes,,,20240704
TOOL-2-No,D18,Dryas integrifolia,4/24/25,0,0,Quarter,TOOL-2,ethanol,nodule,Rosaceae,TOOL,Dryas,actinorhizal,TOOL_041,North Slope Borough ,Alaska ,yes,,,20240704
TOOL-3-Rh,D18,Dryas octopetala,4/24/25,0,0,Quarter,TOOL-3,ethanol,rhizosphere,Rosaceae,TOOL,Dryas,actinorhizal,TOOL_032,North Slope Borough ,Alaska ,yes,,,20240706
TOOL-3-Ro,D18,Dryas octopetala,4/24/25,8.865,425.52,Half,TOOL-3,ethanol,root,Rosaceae,TOOL,Dryas,actinorhizal,TOOL_032,North Slope Borough ,Alaska ,yes,,,20240706
TOOL-3-No,D18,Dryas octopetala,4/24/25,0.363,17.424,Quarter,TOOL-3,ethanol,nodule,Rosaceae,TOOL,Dryas,actinorhizal,TOOL_032,North Slope Borough ,Alaska ,yes,,,20240706
TOOL-4-Rh,D18,Dryas octopetala,4/24/25,4.81,230.88,Quarter,TOOL-4,ethanol,rhizosphere,Rosaceae,TOOL,Dryas,actinorhizal,TOOL_032,North Slope Borough ,Alaska ,yes,,,20240706
TOOL-4-Ro,D18,Dryas octopetala,4/24/25,2.085,100.08,Quarter,TOOL-4,ethanol,root,Rosaceae,TOOL,Dryas,actinorhizal,TOOL_032,North Slope Borough ,Alaska ,yes,,,20240706
TOOL-4-No,D18,Dryas octopetala,4/24/25,0,0,Quarter,TOOL-4,ethanol,nodule,Rosaceae,TOOL,Dryas,actinorhizal,TOOL_032,North Slope Borough ,Alaska ,yes,,,20240706
TOOL-5-Rh,D18,Dryas octopetala,4/24/25,0,0,Quarter,TOOL-5,ethanol,rhizosphere,Rosaceae,TOOL,Dryas,actinorhizal,TOOL_032,North Slope Borough ,Alaska ,yes,,,20240706
TOOL-5-Ro,D18,Dryas octopetala,4/24/25,0.1775,8.52,Quarter,TOOL-5,ethanol,root,Rosaceae,TOOL,Dryas,actinorhizal,TOOL_032,North Slope Borough ,Alaska ,yes,,,20240706
TOOL-5-No,D18,Dryas octopetala,4/24/25,0,0,Quarter,TOOL-5,ethanol,nodule,Rosaceae,TOOL,Dryas,actinorhizal,TOOL_032,North Slope Borough ,Alaska ,yes,,,20240706
TOOL-6-Rh,D18,Dryas octopetala,4/24/25,0,0,Quarter,TOOL-6,ethanol,rhizosphere,Rosaceae,TOOL,Dryas,actinorhizal,TOOL_032,North Slope Borough ,Alaska ,yes,,,20240706
TOOL-6-Ro,D18,Dryas octopetala,4/24/25,0,0,Quarter,TOOL-6,ethanol,root,Rosaceae,TOOL,Dryas,actinorhizal,TOOL_032,North Slope Borough ,Alaska ,yes,,,20240706
TOOL-6-No,D18,Dryas octopetala,4/24/25,0,0,Quarter,TOOL-6,ethanol,nodule,Rosaceae,TOOL,Dryas,actinorhizal,TOOL_032,North Slope Borough ,Alaska ,yes,,,20240706
TOOL-7-Rh,D18,Dryas octopetala,4/24/25,0,0,Quarter,TOOL-7,ethanol,rhizosphere,Rosaceae,TOOL,Dryas,actinorhizal,TOOL_032,North Slope Borough ,Alaska ,yes,,,20240706
TOOL-7-Ro,D18,Dryas octopetala,4/24/25,0.057,2.736,Quarter,TOOL-7,ethanol,root,Rosaceae,TOOL,Dryas,actinorhizal,TOOL_032,North Slope Borough ,Alaska ,yes,,,20240706
TOOL-7-No,D18,Dryas octopetala,4/24/25,0,0,Quarter,TOOL-7,ethanol,nodule,Rosaceae,TOOL,Dryas,actinorhizal,TOOL_032,North Slope Borough ,Alaska ,yes,,,20240706
TOOL-8-Rh,D18,Astragalus umbellatus,4/24/25,0,0,Quarter,TOOL-8,ethanol,rhizosphere,Fabaceae,TOOL,Astragalus,Galegeae,TOOL_032,North Slope Borough ,Alaska ,yes,,,20240706
TOOL-8-Ro,D18,Astragalus umbellatus,4/24/25,0.4995,23.976,Quarter,TOOL-8,ethanol,root,Fabaceae,TOOL,Astragalus,Galegeae,TOOL_032,North Slope Borough ,Alaska ,yes,,,20240706
TOOL-8-No,D18,Astragalus umbellatus,4/24/25,0.2145,10.296,Quarter,TOOL-8,ethanol,nodule,Fabaceae,TOOL,Astragalus,Galegeae,TOOL_032,North Slope Borough ,Alaska ,yes,,,20240706
JERC-197-1-Ro,D03,Tephrosia floridanum,4/24/25,0.8325,39.96,Quarter,JERC-197,dry,root,Fabaceae,JERC,Tephrosia,Millettieae,JERC_004,Baker County,Georgia,yes,31.1903745,-84.4660419,20241029
JERC-197-1-No,D03,Tephrosia floridanum,4/24/25,0,0,Quarter,JERC-197,dry,nodule,Fabaceae,JERC,Tephrosia,Millettieae,JERC_004,Baker County,Georgia,yes,31.1903745,-84.4660419,20241029
JERC-198-Ro,D03,Chamaecrista fasciculata,4/24/25,0,0,Quarter,JERC-198,dry,root,Fabaceae,JERC,Chamaecrista,Cassieae,JERC_004,Baker County,Georgia,yes,31.1903745,-84.4660419,20241029
JERC-198-No,D03,Chamaecrista fasciculata,4/24/25,2.735,131.28,Quarter,JERC-198,dry,nodule,Fabaceae,JERC,Chamaecrista,Cassieae,JERC_004,Baker County,Georgia,yes,31.1903745,-84.4660419,20241029
JERC-199-Rh,D03,Indigofera hirsuta,4/24/25,0,0,Quarter,JERC-199,dry,rhizosphere,Fabaceae,JERC,Indigofera,Indigofereae,JERC_004,Baker County,Georgia,no,,,20241029
JERC-199-Ro,D03,Indigofera hirsuta,4/24/25,0.205,9.84,Quarter,JERC-199,dry,root,Fabaceae,JERC,Indigofera,Indigofereae,JERC_004,Baker County,Georgia,no,,,20241029
JERC-199-No,D03,Indigofera hirsuta,4/24/25,0,0,Quarter,JERC-199,dry,nodule,Fabaceae,JERC,Indigofera,Indigofereae,JERC_004,Baker County,Georgia,no,,,20241029
OSBS-110-1-No,D03,Crotalaria incana,4/24/25,0.0865,4.152,Quarter,OSBS-110,dry,nodule,Fabaceae,OSBS,Crotalaria,Crotalarieae,OSBS_062,Putnam,FL,yes,,,20241202
TOOL-9-Rh,D18,Astragalus umbellatus,5/2/25,1.705,81.84,Quarter,TOOL-9,ethanol,rhizosphere,Fabaceae,TOOL,Astragalus,Galegeae,TOOL_032,North Slope Borough ,Alaska ,yes,,,20240706
TOOL-9-Ro,D18,Astragalus umbellatus,5/2/25,0.254,12.192,Quarter,TOOL-9,ethanol,root,Fabaceae,TOOL,Astragalus,Galegeae,TOOL_032,North Slope Borough ,Alaska ,yes,,,20240706
TOOL-9-No,D18,Astragalus umbellatus,5/2/25,25.35,1216.8,Half,TOOL-9,ethanol,nodule,Fabaceae,TOOL,Astragalus,Galegeae,TOOL_032,North Slope Borough ,Alaska ,yes,,,20240706
TOOL-10-Rh,D18,Astragalus umbellatus,5/2/25,0,0,Quarter,TOOL-10,ethanol,rhizosphere,Fabaceae,TOOL,Astragalus,Galegeae,TOOL_032,North Slope Borough ,Alaska ,yes,,,20240706
TOOL-10-Ro,D18,Astragalus umbellatus,5/2/25,4.65,223.2,Quarter,TOOL-10,ethanol,root,Fabaceae,TOOL,Astragalus,Galegeae,TOOL_032,North Slope Borough ,Alaska ,yes,,,20240706
TOOL-10-No,D18,Astragalus umbellatus,5/2/25,27.2,1305.6,Half,TOOL-10,ethanol,nodule,Fabaceae,TOOL,Astragalus,Galegeae,TOOL_032,North Slope Borough ,Alaska ,yes,,,20240706
TOOL-11-Rh,D18,Astragalus umbellatus,5/2/25,0.155,7.44,Quarter,TOOL-11,ethanol,rhizosphere,Fabaceae,TOOL,Astragalus,Galegeae,TOOL_032,North Slope Borough ,Alaska ,yes,,,20240706
TOOL-11-Ro,D18,Astragalus umbellatus,5/2/25,0,0,Quarter,TOOL-11,ethanol,root,Fabaceae,TOOL,Astragalus,Galegeae,TOOL_032,North Slope Borough ,Alaska ,yes,,,20240706
TOOL-11-No,D18,Astragalus umbellatus,5/2/25,17.2,825.6,Half,TOOL-11,ethanol,nodule,Fabaceae,TOOL,Astragalus,Galegeae,TOOL_032,North Slope Borough ,Alaska ,yes,,,20240706
TOOL-12-Rh,D18,Astragalus umbellatus,5/2/25,3.175,152.4,Quarter,TOOL-12,ethanol,rhizosphere,Fabaceae,TOOL,Astragalus,Galegeae,TOOL_032,North Slope Borough ,Alaska ,yes,,,20240706
TOOL-12-Ro,D18,Astragalus umbellatus,5/2/25,0.116,5.568,Quarter,TOOL-12,ethanol,root,Fabaceae,TOOL,Astragalus,Galegeae,TOOL_032,North Slope Borough ,Alaska ,yes,,,20240706
TOOL-12-No,D18,Astragalus umbellatus,5/2/25,0.147,7.056,Quarter,TOOL-12,ethanol,nodule,Fabaceae,TOOL,Astragalus,Galegeae,TOOL_032,North Slope Borough ,Alaska ,yes,,,20240706
TOOL-13-Rh,D18,Dryas integrifolia,5/2/25,0,0,Quarter,TOOL-13,ethanol,rhizosphere,Rosaceae,TOOL,Dryas,actinorhizal,TOOL_002,North Slope Borough ,Alaska ,yes,68.63136,-149.34375,20240709
TOOL-13-Ro,D18,Dryas integrifolia,5/2/25,0,0,Quarter,TOOL-13,ethanol,root,Rosaceae,TOOL,Dryas,actinorhizal,TOOL_002,North Slope Borough ,Alaska ,yes,68.63136,-149.34375,20240709
TOOL-14-Rh,D18,Dryas integrifolia,5/2/25,0,0,Quarter,TOOL-14,ethanol,rhizosphere,Rosaceae,TOOL,Dryas,actinorhizal,TOOL_002,North Slope Borough ,Alaska ,yes,68.63136,-149.34375,20240709
TOOL-14-Ro,D18,Dryas integrifolia,5/2/25,0.1355,6.504,Quarter,TOOL-14,ethanol,root,Rosaceae,TOOL,Dryas,actinorhizal,TOOL_002,North Slope Borough ,Alaska ,yes,68.63136,-149.34375,20240709
TOOL-14-No,D18,Dryas integrifolia,5/2/25,0,0,Quarter,TOOL-14,ethanol,nodule,Rosaceae,TOOL,Dryas,actinorhizal,TOOL_002,North Slope Borough ,Alaska ,yes,68.63136,-149.34375,20240709
TOOL-15-Rh,D18,Dryas integrifolia,5/2/25,0,0,Quarter,TOOL-15,ethanol,rhizosphere,Rosaceae,TOOL,Dryas,actinorhizal,TOOL_002,North Slope Borough ,Alaska ,yes,68.63136,-149.34375,20240709
TOOL-15-Ro,D18,Dryas integrifolia,5/2/25,2.255,108.24,Quarter,TOOL-15,ethanol,root,Rosaceae,TOOL,Dryas,actinorhizal,TOOL_002,North Slope Borough ,Alaska ,yes,68.63136,-149.34375,20240709
TOOL-15-No,D18,Dryas integrifolia,5/2/25,0,0,Quarter,TOOL-15,ethanol,nodule,Rosaceae,TOOL,Dryas,actinorhizal,TOOL_002,North Slope Borough ,Alaska ,yes,68.63136,-149.34375,20240709
TOOL-16-Rh,D18,Dryas integrifolia,5/2/25,0,0,Quarter,TOOL-16,ethanol,rhizosphere,Rosaceae,TOOL,Dryas,actinorhizal,TOOL_002,North Slope Borough ,Alaska ,yes,68.63136,-149.34375,20240709
TOOL-16-Ro,D18,Dryas integrifolia,5/2/25,0,0,Quarter,TOOL-16,ethanol,root,Rosaceae,TOOL,Dryas,actinorhizal,TOOL_002,North Slope Borough ,Alaska ,yes,68.63136,-149.34375,20240709
TOOL-16-No,D18,Dryas integrifolia,5/2/25,0,0,Quarter,TOOL-16,ethanol,nodule,Rosaceae,TOOL,Dryas,actinorhizal,TOOL_002,North Slope Borough ,Alaska ,yes,68.63136,-149.34375,20240709
NOGP-4-1-Rh,D09,Medicago lupulina,5/2/25,0,0,Quarter,NOGP-4,dry,rhizosphere,Fabaceae,NOGP,Medicago,Trifolieae,NOGP_064,,ND,no,46.77084,-100.9136386,6/25/24
NOGP-4-1-Ro,D09,Medicago lupulina,5/2/25,0.069,3.312,Quarter,NOGP-4,dry,root,Fabaceae,NOGP,Medicago,Trifolieae,NOGP_064,,ND,no,46.77084,-100.9136386,6/25/24
NOGP-4-1-No,D09,Medicago lupulina,5/2/25,1.505,72.24,Quarter,NOGP-4,dry,nodule,Fabaceae,NOGP,Medicago,Trifolieae,NOGP_064,,ND,no,46.77084,-100.9136386,6/25/24
NOGP-5-2-Rh,D09,Medicago lupulina,5/2/25,0.159,7.632,Quarter,NOGP-5,dry,rhizosphere,Fabaceae,NOGP,Medicago,Trifolieae,NOGP_064,,ND,no,46.77084,-100.9136386,6/25/24
NOGP-5-2-Ro,D09,Medicago lupulina,5/2/25,3.01,144.48,Quarter,NOGP-5,dry,root,Fabaceae,NOGP,Medicago,Trifolieae,NOGP_064,,ND,no,46.77084,-100.9136386,6/25/24
NOGP-5-2-No,D09,Medicago lupulina,5/2/25,0.057,2.736,Quarter,NOGP-5,dry,nodule,Fabaceae,NOGP,Medicago,Trifolieae,NOGP_064,,ND,no,46.77084,-100.9136386,6/25/24
NOGP-6-3-Rh,D09,Medicago sativa,5/2/25,0,0,Quarter,NOGP-6,dry,rhizosphere,Fabaceae,NOGP,Medicago,Trifolieae,NOGP_001,,ND,no,46.80621,-100.91555,6/27/24
NOGP-6-3-Ro,D09,Medicago sativa,5/2/25,1.105,53.04,Quarter,NOGP-6,dry,root,Fabaceae,NOGP,Medicago,Trifolieae,NOGP_001,,ND,no,46.80621,-100.91555,6/27/24
NOGP-6-3-No,D09,Medicago sativa,5/2/25,0,0,Quarter,NOGP-6,dry,nodule,Fabaceae,NOGP,Medicago,Trifolieae,NOGP_001,,ND,no,46.80621,-100.91555,6/27/24
NOGP-7-2-Rh,D09,Amorpha canescens,5/2/25,0,0,Quarter,NOGP-7,dry,rhizosphere,Fabaceae,NOGP,Amorpha,Amorpheae,NOGP_064,,ND,yes,46.77063,-100.9138092,6/25/24
NOGP-7-2-Ro,D09,Amorpha canescens,5/2/25,2.395,114.96,Quarter,NOGP-7,dry,root,Fabaceae,NOGP,Amorpha,Amorpheae,NOGP_064,,ND,yes,46.77063,-100.9138092,6/25/24
NOGP-7-2-No,D09,Amorpha canescens,5/2/25,0,0,Quarter,NOGP-7,dry,nodule,Fabaceae,NOGP,Amorpha,Amorpheae,NOGP_064,,ND,yes,46.77063,-100.9138092,6/25/24
WOOD-1-1-Rh,D09,Melilotus officinalis,5/2/25,0,0,Quarter,WOOD-1,ethanol,rhizosphere,Fabaceae,WOOD,Melilotus,Trifolieae,DCFS_014,Stutsman,ND,no,46.89494,-98.6864,9/16/24
WOOD-1-1-Ro,D09,Melilotus officinalis,5/2/25,0.286,13.728,Quarter,WOOD-1,ethanol,root,Fabaceae,WOOD,Melilotus,Trifolieae,DCFS_014,Stutsman,ND,no,46.89494,-98.6864,9/16/24
WOOD-1-1-No,D09,Melilotus officinalis,5/2/25,0,0,Quarter,WOOD-1,ethanol,nodule,Fabaceae,WOOD,Melilotus,Trifolieae,DCFS_014,Stutsman,ND,no,46.89494,-98.6864,9/16/24
WOOD-2-2-Rh,D09,Melilotus officinalis,5/2/25,0,0,Quarter,WOOD-2,ethanol,rhizosphere,Fabaceae,WOOD,Melilotus,Trifolieae,DCFS_014,Stutsman,ND,no,46.89494,-98.6864,9/16/24
WOOD-2-2-Ro,D09,Melilotus officinalis,5/2/25,1.885,90.48,Quarter,WOOD-2,ethanol,root,Fabaceae,WOOD,Melilotus,Trifolieae,DCFS_014,Stutsman,ND,no,46.89494,-98.6864,9/16/24
WOOD-3-2-Rh,D09,Melilotus officinalis,5/2/25,0,0,Quarter,WOOD-3,ethanol,rhizosphere,Fabaceae,WOOD,Melilotus,Trifolieae,WOOD_044,Stutsman,ND,no,47.12517,-99.2388,9/23/24
WOOD-3-2-Ro,D09,Melilotus officinalis,5/2/25,0,0,Quarter,WOOD-3,ethanol,root,Fabaceae,WOOD,Melilotus,Trifolieae,WOOD_044,Stutsman,ND,no,47.12517,-99.2388,9/23/24
WOOD-3-2-No,D09,Melilotus officinalis,5/2/25,0.221,10.608,Quarter,WOOD-3,ethanol,nodule,Fabaceae,WOOD,Melilotus,Trifolieae,WOOD_044,Stutsman,ND,no,47.12517,-99.2388,9/23/24
WOOD-4-1-Rh,D09,Elaeagnus commutata,5/2/25,0,0,Quarter,WOOD-4,ethanol,rhizosphere,Elaeagnaceae,WOOD,Elaeagnus,actinorhizal,BARR_027,Stutsman,ND,no,47.14,99.24,9/23/24
WOOD-4-1-Ro,D09,Elaeagnus commutata,5/2/25,10.2,489.6,Half,WOOD-4,ethanol,root,Elaeagnaceae,WOOD,Elaeagnus,actinorhizal,BARR_027,Stutsman,ND,no,47.14,99.24,9/23/24
WOOD-4-1-No,D09,Elaeagnus commutata,5/2/25,0.082,3.936,Quarter,WOOD-4,ethanol,nodule,Elaeagnaceae,WOOD,Elaeagnus,actinorhizal,BARR_027,Stutsman,ND,no,47.14,99.24,9/23/24
JERC-143-Rh,D03,Desmodium viridiflorum,5/14/25,0,0,Quarter,JERC-143,dry,rhizosphere,Fabaceae,JERC,Desmodium,Desmodieae,JERC_010,Baker County,Georgia,yes,,,20240821
JERC-143-Ro,D03,Desmodium viridiflorum,5/14/25,0.1515,7.272,Quarter,JERC-143,dry,root,Fabaceae,JERC,Desmodium,Desmodieae,JERC_010,Baker County,Georgia,yes,,,20240821
JERC-143-No,D03,Desmodium viridiflorum,5/14/25,0.6625,31.8,Quarter,JERC-143,dry,nodule,Fabaceae,JERC,Desmodium,Desmodieae,JERC_010,Baker County,Georgia,yes,,,20240821
JERC-148-Rh,D03,Lespedeza virginica,5/14/25,0,0,Quarter,JERC-148,dry,rhizosphere,Fabaceae,JERC,Lespedeza,Desmodieae,JERC_062,,,yes,,,20240924
JERC-148-Ro,D03,Lespedeza virginica,5/14/25,0.7835,37.608,Quarter,JERC-148,dry,root,Fabaceae,JERC,Lespedeza,Desmodieae,JERC_062,,,yes,,,20240924
JERC-148-No,D03,Lespedeza virginica,5/14/25,0,0,Quarter,JERC-148,dry,nodule,Fabaceae,JERC,Lespedeza,Desmodieae,JERC_062,,,yes,,,20240924
JERC-149-Rh,D03,Desmodium ciliare,5/14/25,0,0,Quarter,JERC-149,dry,rhizosphere,Fabaceae,JERC,Desmodium,Desmodieae,JERC_062,,,yes,,,20240924
JERC-149-Ro,D03,Desmodium ciliare,5/14/25,0.148,7.104,Quarter,JERC-149,dry,root,Fabaceae,JERC,Desmodium,Desmodieae,JERC_062,,,yes,,,20240924
JERC-149-No,D03,Desmodium ciliare,5/14/25,0,0,Quarter,JERC-149,dry,nodule,Fabaceae,JERC,Desmodium,Desmodieae,JERC_062,,,yes,,,20240924
JERC-150-Rh,D03,Desmodium obtusum?,5/14/25,0,0,Quarter,JERC-150,dry,rhizosphere,Fabaceae,JERC,Desmodium,Desmodieae,JERC_062,,,yes,,,20240924
JERC-150-Ro,D03,Desmodium obtusum?,5/14/25,0,0,Quarter,JERC-150,dry,root,Fabaceae,JERC,Desmodium,Desmodieae,JERC_062,,,yes,,,20240924
JERC-150-No,D03,Desmodium obtusum?,5/14/25,0.198,9.504,Quarter,JERC-150,dry,nodule,Fabaceae,JERC,Desmodium,Desmodieae,JERC_062,,,yes,,,20240924
JERC-151-Rh,D03,Tephrosia virginiana,5/14/25,0,0,Quarter,JERC-151,dry,rhizosphere,Fabaceae,JERC,Tephrosia,Millettieae,JERC_015,Baker County,Georgia,yes,,,20241002
JERC-151-Ro,D03,Tephrosia virginiana,5/14/25,0.452,21.696,Quarter,JERC-151,dry,root,Fabaceae,JERC,Tephrosia,Millettieae,JERC_015,Baker County,Georgia,yes,,,20241002
JERC-151-No,D03,Tephrosia virginiana,5/14/25,0.16,7.68,Quarter,JERC-151,dry,nodule,Fabaceae,JERC,Tephrosia,Millettieae,JERC_015,Baker County,Georgia,yes,,,20241002
JERC-152-Rh,D03,Tephrosia virginiana,5/14/25,0,0,Quarter,JERC-152,dry,rhizosphere,Fabaceae,JERC,Tephrosia,Millettieae,JERC_015,Baker County,Georgia,yes,,,20241002
JERC-152-Ro,D03,Tephrosia virginiana,5/14/25,0,0,Quarter,JERC-152,dry,root,Fabaceae,JERC,Tephrosia,Millettieae,JERC_015,Baker County,Georgia,yes,,,20241002
JERC-152-No,D03,Tephrosia virginiana,5/14/25,0.1185,5.688,Quarter,JERC-152,dry,nodule,Fabaceae,JERC,Tephrosia,Millettieae,JERC_015,Baker County,Georgia,yes,,,20241002
JERC-153-Rh,D03,Desmodium obtusum,5/14/25,0,0,Quarter,JERC-153,dry,rhizosphere,Fabaceae,JERC,Desmodium,Desmodieae,JERC_015,Baker County,Georgia,yes,,,20241002
JERC-153-No,D03,Desmodium obtusum,5/14/25,15.3,734.4,Half,JERC-153,dry,nodule,Fabaceae,JERC,Desmodium,Desmodieae,JERC_015,Baker County,Georgia,yes,,,20241002
OSBS-95-3-Rh,D03,Dalea feayi,5/14/25,0,0,Quarter,OSBS-95,dry,rhizosphere,Fabaceae,OSBS,Dalea,Amorpheae,OSBS_007,Putnam,Fl,yes,,,20240918
OSBS-95-3-Ro,D03,Dalea feayi,5/14/25,0,0,Quarter,OSBS-95,dry,root,Fabaceae,OSBS,Dalea,Amorpheae,OSBS_007,Putnam,Fl,yes,,,20240918
OSBS-97-2-Rh,D03,Mimosa quadrivalvus,5/14/25,0,0,Quarter,OSBS-97,dry,rhizosphere,Fabaceae,OSBS,Mimosa,Mimosoideae,OSBS_007,Putman,Fl,yes,,,20240918
OSBS-97-2-Ro,D03,Mimosa quadrivalvus,5/14/25,0,0,Quarter,OSBS-97,dry,root,Fabaceae,OSBS,Mimosa,Mimosoideae,OSBS_007,Putman,Fl,yes,,,20240918
OAES-35-3-Rh,D11,Amorpha fruticosa,5/14/25,0,0,Quarter,OAES-35,ethanol,rhizosphere,Fabaceae,OAES,Amorpha,Amorpheae,OAES_011_R,Washita,OK,yes,35.40049,-99.06592,8/21/24
OAES-35-3-Ro,D11,Amorpha fruticosa,5/14/25,0,0,Quarter,OAES-35,ethanol,root,Fabaceae,OAES,Amorpha,Amorpheae,OAES_011_R,Washita,OK,yes,35.40049,-99.06592,8/21/24
OAES-35-3-No,D11,Amorpha fruticosa,5/14/25,0,0,Quarter,OAES-35,ethanol,nodule,Fabaceae,OAES,Amorpha,Amorpheae,OAES_011_R,Washita,OK,yes,35.40049,-99.06592,8/21/24
OAES-36-2-Rh,D11,Melilotus officinalis,5/14/25,0,0,Quarter,OAES-36,ethanol,rhizosphere,Fabaceae,OAES,Melilotus,Trifolieae,OAES_011_R,Washita,OK,no,35.40049,-99.06592,8/21/24
OAES-36-2-Ro,D11,Melilotus officinalis,5/14/25,0,0,Quarter,OAES-36,ethanol,root,Fabaceae,OAES,Melilotus,Trifolieae,OAES_011_R,Washita,OK,no,35.40049,-99.06592,8/21/24
OAES-36-2-No,D11,Melilotus officinalis,5/14/25,0,0,Quarter,OAES-36,ethanol,nodule,Fabaceae,OAES,Melilotus,Trifolieae,OAES_011_R,Washita,OK,no,35.40049,-99.06592,8/21/24
OAES-36-3-Rh,D11,Melilotus officinalis,5/14/25,0,0,Quarter,OAES-36,ethanol,rhizosphere,Fabaceae,OAES,Melilotus,Trifolieae,OAES_011_R,Washita,OK,no,35.40049,-99.06592,8/21/24
OAES-36-3-Ro,D11,Melilotus officinalis,5/14/25,0,0,Quarter,OAES-36,ethanol,root,Fabaceae,OAES,Melilotus,Trifolieae,OAES_011_R,Washita,OK,no,35.40049,-99.06592,8/21/24
OAES-36-3-No,D11,Melilotus officinalis,5/14/25,0,0,Quarter,OAES-36,ethanol,nodule,Fabaceae,OAES,Melilotus,Trifolieae,OAES_011_R,Washita,OK,no,35.40049,-99.06592,8/21/24
OAES-37-2-Rh,D11,Dalea purpurea,5/14/25,0,0,Quarter,OAES-37,ethanol,rhizosphere,Fabaceae,OAES,Dalea,Amorpheae,OAES_003_R,Washita,OK,yes,35.41178,-99.06994,8/23/24
OAES-37-2-Ro,D11,Dalea purpurea,5/14/25,0.3255,15.624,Quarter,OAES-37,ethanol,root,Fabaceae,OAES,Dalea,Amorpheae,OAES_003_R,Washita,OK,yes,35.41178,-99.06994,8/23/24
OAES-37-2-No,D11,Dalea purpurea,5/14/25,0,0,Quarter,OAES-37,ethanol,nodule,Fabaceae,OAES,Dalea,Amorpheae,OAES_003_R,Washita,OK,yes,35.41178,-99.06994,8/23/24
JERC-140-Rh,D03,Lespedeza bicolor,5/14/25,0,0,Quarter,JERC-140,dry,rhizosphere,Fabaceae,JERC,Lespedeza,Desmodieae,JERC_031,Baker County,Georgia,no,,,20240821
JERC-140-Ro,D03,Lespedeza bicolor,5/14/25,0,0,Quarter,JERC-140,dry,root,Fabaceae,JERC,Lespedeza,Desmodieae,JERC_031,Baker County,Georgia,no,,,20240821
JERC-140-No,D03,Lespedeza bicolor,5/14/25,0.4765,22.872,Quarter,JERC-140,dry,nodule,Fabaceae,JERC,Lespedeza,Desmodieae,JERC_031,Baker County,Georgia,no,,,20240821
JERC-141-Rh,D03,Clitoria mariana,5/14/25,0,0,Quarter,JERC-141,dry,rhizosphere,Fabaceae,JERC,Clitoria,Phaseoleae,JERC_010,Baker County,Georgia,yes,,,20240821
JERC-141-Ro,D03,Clitoria mariana,5/14/25,0.4545,21.816,Quarter,JERC-141,dry,root,Fabaceae,JERC,Clitoria,Phaseoleae,JERC_010,Baker County,Georgia,yes,,,20240821
JERC-141-No,D03,Clitoria mariana,5/14/25,0.8575,41.16,Quarter,JERC-141,dry,nodule,Fabaceae,JERC,Clitoria,Phaseoleae,JERC_010,Baker County,Georgia,yes,,,20240821
JERC-142-Rh,D03,Centrosema virginiana,5/14/25,0,0,Quarter,JERC-142,dry,rhizosphere,Fabaceae,JERC,Centrosema,Phaseoleae,JERC_010,Baker County,Georgia,yes,,,20240821
JERC-142-No,D03,Centrosema virginiana,5/14/25,0.1655,7.944,Quarter,JERC-142,dry,nodule,Fabaceae,JERC,Centrosema,Phaseoleae,JERC_010,Baker County,Georgia,yes,,,20240821
JERC-147-Rh,D03,Tephrosia spicata,5/14/25,0.1525,7.32,Quarter,JERC-147,dry,rhizosphere,Fabaceae,JERC,Tephrosia,Millettieae,JERC_062,,,yes,,,20240924
JERC-147-Ro,D03,Tephrosia spicata,5/14/25,0,0,Quarter,JERC-147,dry,root,Fabaceae,JERC,Tephrosia,Millettieae,JERC_062,,,yes,,,20240924
KONA-1-1-No,D06,Glycine max,5/14/25,10.3,494.4,Half,KONA-1,dry,nodule,Fabaceae,KONA,Glycine,Glycininae,KONA_002,Riley,KS,no,39.11537,-96.63876,20240807
MLBS-2-1-No,D07,Amphicarpaea bracteata,5/14/25,0,0,Quarter,MLBS-2,dry,nodule,Fabaceae,MLBS,Amphicarpaea,Phaseoleae,MLBS_075,Giles,VA,yes,37.373889,-80.523611,8/28/24
JERC-CRJU-86-1-Rh,D03,Crotalaria juncea,5/14/25,0,0,Quarter,JERC-CRJU-86,dry,rhizosphere,Fabaceae,JERC,Crotalaria,Crotalarieae,JERC_030R,Baker County,Georgia,no,31.18563333,-84.4785,20240624
JERC-CRJU-86-1-Ro,D03,Crotalaria juncea,5/14/25,0,0,Quarter,JERC-CRJU-86,dry,root,Fabaceae,JERC,Crotalaria,Crotalarieae,JERC_030R,Baker County,Georgia,no,31.18563333,-84.4785,20240624
JERC-CRJU-86-1-No,D03,Crotalaria juncea,5/14/25,1.295,62.16,Quarter,JERC-CRJU-86,dry,nodule,Fabaceae,JERC,Crotalaria,Crotalarieae,JERC_030R,Baker County,Georgia,no,31.18563333,-84.4785,20240624
JERC-87-1-Rh,D03,Crotalaria juncea,5/14/25,0,0,Quarter,JERC-87,dry,rhizosphere,Fabaceae,JERC,Crotalaria,Crotalarieae,JERC_034,Baker County ,Georgia,no,31.19805,-84.48836667,20240625
JERC-87-1-Ro,D03,Crotalaria juncea,5/14/25,0,0,Quarter,JERC-87,dry,root,Fabaceae,JERC,Crotalaria,Crotalarieae,JERC_034,Baker County ,Georgia,no,31.19805,-84.48836667,20240625
JERC-87-1-No,D03,Crotalaria juncea,5/14/25,0,0,Quarter,JERC-87,dry,nodule,Fabaceae,JERC,Crotalaria,Crotalarieae,JERC_034,Baker County ,Georgia,no,31.19805,-84.48836667,20240625
JERC-88-1-Rh,D03,Crotalaria juncea,5/14/25,0,0,Quarter,JERC-88,dry,rhizosphere,Fabaceae,JERC,Crotalaria,Crotalarieae,JERC_30R,Baker County,Georgia,no,31.18591667,-84.47521667,20240625
JERC-88-1-Ro,D03,Crotalaria juncea,5/14/25,0,0,Quarter,JERC-88,dry,root,Fabaceae,JERC,Crotalaria,Crotalarieae,JERC_30R,Baker County,Georgia,no,31.18591667,-84.47521667,20240625
JERC-88-1-No,D03,Crotalaria juncea,5/14/25,0.2495,11.976,Quarter,JERC-88,dry,nodule,Fabaceae,JERC,Crotalaria,Crotalarieae,JERC_30R,Baker County,Georgia,no,31.18591667,-84.47521667,20240625
JERC-89-1-Rh,D03,Ceanothus americanus,5/14/25,0,0,Quarter,JERC-89,dry,rhizosphere,Rhamnaceae,JERC,Ceanothus,actinorhizal,JERC_050,Baker County,Georgia,yes,,,20240625
JERC-89-1-Ro,D03,Ceanothus americanus,5/14/25,0.5545,26.616,Quarter,JERC-89,dry,root,Rhamnaceae,JERC,Ceanothus,actinorhizal,JERC_050,Baker County,Georgia,yes,,,20240625
JERC-89-1-No,D03,Ceanothus americanus,5/14/25,3.21,154.08,Quarter,JERC-89,dry,nodule,Rhamnaceae,JERC,Ceanothus,actinorhizal,JERC_050,Baker County,Georgia,yes,,,20240625
JERC-90-1-Rh,D03,Ceanothus americanus,5/14/25,0.1575,7.56,Quarter,JERC-90,dry,rhizosphere,Rhamnaceae,JERC,Ceanothus,actinorhizal,JERC_050,Baker County,Georgia,yes,31.1963,-84.4678,20240625
JERC-90-1-Ro,D03,Ceanothus americanus,5/14/25,1.795,86.16,Quarter,JERC-90,dry,root,Rhamnaceae,JERC,Ceanothus,actinorhizal,JERC_050,Baker County,Georgia,yes,31.1963,-84.4678,20240625
JERC-90-1-No,D03,Ceanothus americanus,5/14/25,32.7,1569.6,Half,JERC-90,dry,nodule,Rhamnaceae,JERC,Ceanothus,actinorhizal,JERC_050,Baker County,Georgia,yes,31.1963,-84.4678,20240625
JERC-91-1-Rh,D03,Erythrina herbacea,5/14/25,0,0,Quarter,JERC-91,dry,rhizosphere,Fabaceae,JERC,Erythrina,Phaseoleae,JERC_050,Baker County,Georgia,yes,31.1963,-84.4678,20240625
JERC-91-1-Ro,D03,Erythrina herbacea,5/14/25,0.4325,20.76,Quarter,JERC-91,dry,root,Fabaceae,JERC,Erythrina,Phaseoleae,JERC_050,Baker County,Georgia,yes,31.1963,-84.4678,20240625
JERC-91-1-No,D03,Erythrina herbacea,5/14/25,0,0,Quarter,JERC-91,dry,nodule,Fabaceae,JERC,Erythrina,Phaseoleae,JERC_050,Baker County,Georgia,yes,31.1963,-84.4678,20240625
JERC-100-1-Rh,D03,Orbexilum lupinellum,5/14/25,0,0,Quarter,JERC-100,dry,rhizosphere,Fabaceae,JERC,Orbexilum,Psoraleeae,JERC_072Q,Baker County,Georgia,yes,,,20240625
JERC-100-1-Ro,D03,Orbexilum lupinellum,5/14/25,0.117,5.616,Quarter,JERC-100,dry,root,Fabaceae,JERC,Orbexilum,Psoraleeae,JERC_072Q,Baker County,Georgia,yes,,,20240625
JERC-100-1-No,D03,Orbexilum lupinellum,5/14/25,0,0,Quarter,JERC-100,dry,nodule,Fabaceae,JERC,Orbexilum,Psoraleeae,JERC_072Q,Baker County,Georgia,yes,,,20240625
JERC-102-1-Rh,D03,Ceanothus americanus,5/14/25,0.15,7.2,Quarter,JERC-102,dry,rhizosphere,Rhamnaceae,JERC,Ceanothus,actinorhizal,JERC_019,Baker County,Georgia,yes,,,20240626
JERC-102-1-Ro,D03,Ceanothus americanus,5/14/25,0.335,16.08,Quarter,JERC-102,dry,root,Rhamnaceae,JERC,Ceanothus,actinorhizal,JERC_019,Baker County,Georgia,yes,,,20240626
JERC-102-1-No,D03,Ceanothus americanus,5/14/25,3.27,156.96,Quarter,JERC-102,dry,nodule,Rhamnaceae,JERC,Ceanothus,actinorhizal,JERC_019,Baker County,Georgia,yes,,,20240626
TOOL-17-Rh,D18,Dryas integrifolia,5/14/25,0,0,Quarter,TOOL-17,ethanol,rhizosphere,Rosaceae,TOOL,Dryas,actinorhizal,TOOL_002,North Slope Borough ,Alaska ,yes,68.63136,-149.34375,20240709
TOOL-17-Ro,D18,Dryas integrifolia,5/14/25,0.303,14.544,Quarter,TOOL-17,ethanol,root,Rosaceae,TOOL,Dryas,actinorhizal,TOOL_002,North Slope Borough ,Alaska ,yes,68.63136,-149.34375,20240709
TOOL-17-No,D18,Dryas integrifolia,5/14/25,0,0,Quarter,TOOL-17,ethanol,nodule,Rosaceae,TOOL,Dryas,actinorhizal,TOOL_002,North Slope Borough ,Alaska ,yes,68.63136,-149.34375,20240709
TOOL-18-Rh,D18,Dryas integrifolia,5/14/25,0,0,Quarter,TOOL-18,ethanol,rhizosphere,Rosaceae,TOOL,Dryas,actinorhizal,TOOL_003,North Slope Borough ,Alaska ,yes,,,20240710
TOOL-18-Ro,D18,Dryas integrifolia,5/14/25,0.086,4.128,Quarter,TOOL-18,ethanol,root,Rosaceae,TOOL,Dryas,actinorhizal,TOOL_003,North Slope Borough ,Alaska ,yes,,,20240710
TOOL-18-No,D18,Dryas integrifolia,5/14/25,0,0,Quarter,TOOL-18,ethanol,nodule,Rosaceae,TOOL,Dryas,actinorhizal,TOOL_003,North Slope Borough ,Alaska ,yes,,,20240710
TOOL-19-Rh,D18,Dryas integrifolia,5/14/25,0,0,Quarter,TOOL-19,ethanol,rhizosphere,Rosaceae,TOOL,Dryas,actinorhizal,TOOL_003,North Slope Borough ,Alaska ,yes,,,20240710
TOOL-19-Ro,D18,Dryas integrifolia,5/14/25,0.055,2.64,Quarter,TOOL-19,ethanol,root,Rosaceae,TOOL,Dryas,actinorhizal,TOOL_003,North Slope Borough ,Alaska ,yes,,,20240710
TOOL-19-No,D18,Dryas integrifolia,5/14/25,0,0,Quarter,TOOL-19,ethanol,nodule,Rosaceae,TOOL,Dryas,actinorhizal,TOOL_003,North Slope Borough ,Alaska ,yes,,,20240710
TOOL-20-Rh,D18,Dryas integrifolia,5/14/25,0,0,Quarter,TOOL-20,ethanol,rhizosphere,Rosaceae,TOOL,Dryas,actinorhizal,TOOL_003,North Slope Borough ,Alaska ,yes,,,20240710
TOOL-20-Ro,D18,Dryas integrifolia,5/14/25,0,0,Quarter,TOOL-20,ethanol,root,Rosaceae,TOOL,Dryas,actinorhizal,TOOL_003,North Slope Borough ,Alaska ,yes,,,20240710
TOOL-20-No,D18,Dryas integrifolia,5/14/25,0.3765,18.072,Quarter,TOOL-20,ethanol,nodule,Rosaceae,TOOL,Dryas,actinorhizal,TOOL_003,North Slope Borough ,Alaska ,yes,,,20240710
TOOL-21-Rh,D18,Dryas integrifolia,5/14/25,0,0,Quarter,TOOL-21,ethanol,rhizosphere,Rosaceae,TOOL,Dryas,actinorhizal,TOOL_003,North Slope Borough ,Alaska ,yes,,,20240710
TOOL-21-Ro,D18,Dryas integrifolia,5/14/25,1.295,62.16,Quarter,TOOL-21,ethanol,root,Rosaceae,TOOL,Dryas,actinorhizal,TOOL_003,North Slope Borough ,Alaska ,yes,,,20240710
TOOL-21-No,D18,Dryas integrifolia,5/14/25,0,0,Quarter,TOOL-21,ethanol,nodule,Rosaceae,TOOL,Dryas,actinorhizal,TOOL_003,North Slope Borough ,Alaska ,yes,,,20240710
TOOL-22-Rh,D18,Dryas integrifolia,5/14/25,0,0,Quarter,TOOL-22,ethanol,rhizosphere,Rosaceae,TOOL,Dryas,actinorhizal,TOOL_003,North Slope Borough ,Alaska ,yes,,,20240710
TOOL-22-Ro,D18,Dryas integrifolia,5/14/25,0.3185,15.288,Quarter,TOOL-22,ethanol,root,Rosaceae,TOOL,Dryas,actinorhizal,TOOL_003,North Slope Borough ,Alaska ,yes,,,20240710
TOOL-22-No,D18,Dryas integrifolia,5/14/25,0,0,Quarter,TOOL-22,ethanol,nodule,Rosaceae,TOOL,Dryas,actinorhizal,TOOL_003,North Slope Borough ,Alaska ,yes,,,20240710
TOOL-23-Rh,D18,Oxytropis campestris,5/14/25,0.0585,2.808,Quarter,TOOL-23,ethanol,rhizosphere,Fabaceae,TOOL,Oxytropis,Galegeae,TOOL_020,North Slope Borough ,Alaska ,yes,68.63757,-149.64717,20240710
TOOL-23-Ro,D18,Oxytropis campestris,5/14/25,1.275,61.2,Quarter,TOOL-23,ethanol,root,Fabaceae,TOOL,Oxytropis,Galegeae,TOOL_020,North Slope Borough ,Alaska ,yes,68.63757,-149.64717,20240710
TOOL-23-No,D18,Oxytropis campestris,5/14/25,0,0,Quarter,TOOL-23,ethanol,nodule,Fabaceae,TOOL,Oxytropis,Galegeae,TOOL_020,North Slope Borough ,Alaska ,yes,68.63757,-149.64717,20240710
TOOL-24-Rh,D18,Oxytropis campestris,5/14/25,0.1815,8.712,Quarter,TOOL-24,ethanol,rhizosphere,Fabaceae,TOOL,Oxytropis,Galegeae,TOOL_020,North Slope Borough ,Alaska ,yes,68.63757,-149.64717,20240710
TOOL-24-Ro,D18,Oxytropis campestris,5/14/25,0.1415,6.792,Quarter,TOOL-24,ethanol,root,Fabaceae,TOOL,Oxytropis,Galegeae,TOOL_020,North Slope Borough ,Alaska ,yes,68.63757,-149.64717,20240710
TOOL-24-No,D18,Oxytropis campestris,5/14/25,32.05,1538.4,Half,TOOL-24,ethanol,nodule,Fabaceae,TOOL,Oxytropis,Galegeae,TOOL_020,North Slope Borough ,Alaska ,yes,68.63757,-149.64717,20240710
TOOL-25-Rh,D18,Oxytropis campestris,5/23/25,1.95,93.6,Quarter,TOOL-25,ethanol,rhizosphere,Fabaceae,TOOL,Oxytropis,Galegeae,TOOL_020,North Slope Borough ,Alaska ,yes,68.63757,-149.64717,20240710
TOOL-25-Ro,D18,Oxytropis campestris,5/23/25,0,0,Quarter,TOOL-25,ethanol,root,Fabaceae,TOOL,Oxytropis,Galegeae,TOOL_020,North Slope Borough ,Alaska ,yes,68.63757,-149.64717,20240710
TOOL-25-No,D18,Oxytropis campestris,5/23/25,30.1,1444.8,Half,TOOL-25,ethanol,nodule,Fabaceae,TOOL,Oxytropis,Galegeae,TOOL_020,North Slope Borough ,Alaska ,yes,68.63757,-149.64717,20240710
TOOL-26-Rh,D18,Oxytropis campestris,5/23/25,1.085,52.08,Quarter,TOOL-26,ethanol,rhizosphere,Fabaceae,TOOL,Oxytropis,Galegeae,TOOL_020,North Slope Borough ,Alaska ,yes,68.63757,-149.64717,20240710
TOOL-26-Ro,D18,Oxytropis campestris,5/23/25,0.552,26.496,Quarter,TOOL-26,ethanol,root,Fabaceae,TOOL,Oxytropis,Galegeae,TOOL_020,North Slope Borough ,Alaska ,yes,68.63757,-149.64717,20240710
TOOL-26-No,D18,Oxytropis campestris,5/23/25,13.3,638.4,Half,TOOL-26,ethanol,nodule,Fabaceae,TOOL,Oxytropis,Galegeae,TOOL_020,North Slope Borough ,Alaska ,yes,68.63757,-149.64717,20240710
TOOL-27-2-Rh,D18,Oxytropis campestris,5/23/25,0,0,Quarter,TOOL-27,ethanol,rhizosphere,Fabaceae,TOOL,Oxytropis,Galegeae,TOOL_020,North Slope Borough ,Alaska ,yes,68.63757,-149.64717,20240710
TOOL-27-2-Ro,D18,Oxytropis campestris,5/23/25,3.205,153.84,Quarter,TOOL-27,ethanol,root,Fabaceae,TOOL,Oxytropis,Galegeae,TOOL_020,North Slope Borough ,Alaska ,yes,68.63757,-149.64717,20240710
TOOL-27-2-No,D18,Oxytropis campestris,5/23/25,6.19,297.12,Half,TOOL-27,ethanol,nodule,Fabaceae,TOOL,Oxytropis,Galegeae,TOOL_020,North Slope Borough ,Alaska ,yes,68.63757,-149.64717,20240710
TOOL-28-Rh,D18,Dryas integrifolia,5/23/25,0,0,Quarter,TOOL-28,ethanol,rhizosphere,Rosaceae,TOOL,Dryas,actinorhizal,Tool_041,North Slope Borough ,Alaska ,yes,,,20240710
TOOL-28-Ro,D18,Dryas integrifolia,5/23/25,0.1405,6.744,Quarter,TOOL-28,ethanol,root,Rosaceae,TOOL,Dryas,actinorhizal,Tool_041,North Slope Borough ,Alaska ,yes,,,20240710
TOOL-28-No,D18,Dryas integrifolia,5/23/25,0,0,Quarter,TOOL-28,ethanol,nodule,Rosaceae,TOOL,Dryas,actinorhizal,Tool_041,North Slope Borough ,Alaska ,yes,,,20240710
TOOL-29-Rh,D18,Dryas integrifolia,5/23/25,0,0,Quarter,TOOL-29,ethanol,rhizosphere,Rosaceae,TOOL,Dryas,actinorhizal,Tool_041,North Slope Borough ,Alaska ,yes,,,20240710
TOOL-29-Ro,D18,Dryas integrifolia,5/23/25,0,0,Quarter,TOOL-29,ethanol,root,Rosaceae,TOOL,Dryas,actinorhizal,Tool_041,North Slope Borough ,Alaska ,yes,,,20240710
TOOL-30-Rh,D18,Dryas integrifolia,5/23/25,0,0,Quarter,TOOL-30,ethanol,rhizosphere,Rosaceae,TOOL,Dryas,actinorhizal,Tool_041,North Slope Borough ,Alaska ,yes,,,20240710
TOOL-30-Ro,D18,Dryas integrifolia,5/23/25,0.967,46.416,Quarter,TOOL-30,ethanol,root,Rosaceae,TOOL,Dryas,actinorhizal,Tool_041,North Slope Borough ,Alaska ,yes,,,20240710
TOOL-30-No,D18,Dryas integrifolia,5/23/25,0,0,Quarter,TOOL-30,ethanol,nodule,Rosaceae,TOOL,Dryas,actinorhizal,Tool_041,North Slope Borough ,Alaska ,yes,,,20240710
TOOL-31-Rh,D18,Dryas octopetala,5/23/25,0,0,Quarter,TOOL-31,ethanol,rhizosphere,Rosaceae,TOOL,Dryas,actinorhizal,TOOL_011,North Slope Borough ,Alaska ,yes,68.62774,-149.58777,20240711
TOOL-31-Ro,D18,Dryas octopetala,5/23/25,1.345,64.56,Quarter,TOOL-31,ethanol,root,Rosaceae,TOOL,Dryas,actinorhizal,TOOL_011,North Slope Borough ,Alaska ,yes,68.62774,-149.58777,20240711
TOOL-31-No,D18,Dryas octopetala,5/23/25,4.72,226.56,Quarter,TOOL-31,ethanol,nodule,Rosaceae,TOOL,Dryas,actinorhizal,TOOL_011,North Slope Borough ,Alaska ,yes,68.62774,-149.58777,20240711
TOOL-32-Rh,D18,Dryas octopetala,5/23/25,0,0,Quarter,TOOL-32,ethanol,rhizosphere,Rosaceae,TOOL,Dryas,actinorhizal,TOOL_011,North Slope Borough ,Alaska ,yes,68.62774,-149.58777,20240711
TOOL-32-Ro,D18,Dryas octopetala,5/23/25,1.055,50.64,Quarter,TOOL-32,ethanol,root,Rosaceae,TOOL,Dryas,actinorhizal,TOOL_011,North Slope Borough ,Alaska ,yes,68.62774,-149.58777,20240711
TOOL-33-1-Rh,D18,Dryas octopetala,5/23/25,4.145,198.96,Quarter,TOOL-33,ethanol,rhizosphere,Rosaceae,TOOL,Dryas,actinorhizal,TOOL_011,North Slope Borough ,Alaska ,yes,68.62774,-149.58777,20240711
TOOL-33-1-Ro,D18,Dryas octopetala,5/23/25,1.735,83.28,Quarter,TOOL-33,ethanol,root,Rosaceae,TOOL,Dryas,actinorhizal,TOOL_011,North Slope Borough ,Alaska ,yes,68.62774,-149.58777,20240711
TOOL-33-1-No,D18,Dryas octopetala,5/23/25,0.1715,8.232,Quarter,TOOL-33,ethanol,nodule,Rosaceae,TOOL,Dryas,actinorhizal,TOOL_011,North Slope Borough ,Alaska ,yes,68.62774,-149.58777,20240711
TOOL-34-Rh,D18,Dryas octopetala,5/23/25,0.084,4.032,Quarter,TOOL-34,ethanol,rhizosphere,Rosaceae,TOOL,Dryas,actinorhizal,TOOL_011,North Slope Borough ,Alaska ,yes,68.62774,-149.58777,20240711
TOOL-34-Ro,D18,Dryas octopetala,5/23/25,0.711,34.128,Quarter,TOOL-34,ethanol,root,Rosaceae,TOOL,Dryas,actinorhizal,TOOL_011,North Slope Borough ,Alaska ,yes,68.62774,-149.58777,20240711
TOOL-34-No,D18,Dryas octopetala,5/23/25,0,0,Quarter,TOOL-34,ethanol,nodule,Rosaceae,TOOL,Dryas,actinorhizal,TOOL_011,North Slope Borough ,Alaska ,yes,68.62774,-149.58777,20240711
TOOL-35-1-Rh,D18,Dryas octopetala,5/23/25,0,0,Quarter,TOOL-35,ethanol,rhizosphere,Rosaceae,TOOL,Dryas,actinorhizal,TOOL_011,North Slope Borough ,Alaska ,yes,68.62774,-149.58777,20240711
TOOL-35-1-Ro,D18,Dryas octopetala,5/23/25,0.823,39.504,Quarter,TOOL-35,ethanol,root,Rosaceae,TOOL,Dryas,actinorhizal,TOOL_011,North Slope Borough ,Alaska ,yes,68.62774,-149.58777,20240711
TOOL-35-1-No,D18,Dryas octopetala,5/23/25,6.805,326.64,Half,TOOL-35,ethanol,nodule,Rosaceae,TOOL,Dryas,actinorhizal,TOOL_011,North Slope Borough ,Alaska ,yes,68.62774,-149.58777,20240711
OSBS-91-1-Rh,D03,Stylosanthes biflora,5/23/25,0,0,Quarter,OSBS-91,dry,rhizosphere,Fabaceae,OSBS,Stylosanthes,Dalbergieae,OSBS_031,Putnam,FL,yes,,,20240827
OSBS-91-1-Ro,D03,Stylosanthes biflora,5/23/25,0,0,Quarter,OSBS-91,dry,root,Fabaceae,OSBS,Stylosanthes,Dalbergieae,OSBS_031,Putnam,FL,yes,,,20240827
OSBS-91-1-No,D03,Stylosanthes biflora,5/23/25,0,0,Quarter,OSBS-91,dry,nodule,Fabaceae,OSBS,Stylosanthes,Dalbergieae,OSBS_031,Putnam,FL,yes,,,20240827
JERC-106-1-Rh,D03,Chamaecrista nictitans,5/23/25,0,0,Quarter,JERC-106,dry,rhizosphere,Fabaceae,JERC,Chamaecrista,Cassieae,JERC_048,Baker County,Georgia,yes,31.19645727,-84.46191333,20240709
JERC-106-1-No,D03,Chamaecrista nictitans,5/23/25,0.269,12.912,Quarter,JERC-106,dry,nodule,Fabaceae,JERC,Chamaecrista,Cassieae,JERC_048,Baker County,Georgia,yes,31.19645727,-84.46191333,20240709
JERC-109-1-Rh,D03,Chamaecrista nictitans,5/23/25,0,0,Quarter,JERC-109,dry,rhizosphere,Fabaceae,JERC,Chamaecrista,Cassieae,JERC_048,Baker County,Georgia,yes,31.19645727,-84.46191333,20240709
JERC-109-1-No,D03,Chamaecrista nictitans,5/23/25,1.125,54,Quarter,JERC-109,dry,nodule,Fabaceae,JERC,Chamaecrista,Cassieae,JERC_048,Baker County,Georgia,yes,31.19645727,-84.46191333,20240709
DEJU-54-Rh,D19,Alnus viridis,5/23/25,0,0,Quarter,DEJU-54,ethanol,rhizosphere,Betulaceae,DEJU,Alnus,actinorhizal,DEJU_045,,,yes,,,
DEJU-54-Ro,D19,Alnus viridis,5/23/25,3.785,181.68,Quarter,DEJU-54,ethanol,root,Betulaceae,DEJU,Alnus,actinorhizal,DEJU_045,,,yes,,,
DEJU-54-No,D19,Alnus viridis,5/23/25,2.34,112.32,Quarter,DEJU-54,ethanol,nodule,Betulaceae,DEJU,Alnus,actinorhizal,DEJU_045,,,yes,,,
DEJU-55-Rh,D19,Alnus viridis,5/23/25,0,0,Quarter,DEJU-55,ethanol,rhizosphere,Betulaceae,DEJU,Alnus,actinorhizal,DEJU_045,,,yes,,,
DEJU-55-Ro,D19,Alnus viridis,5/23/25,4.515,216.72,Quarter,DEJU-55,ethanol,root,Betulaceae,DEJU,Alnus,actinorhizal,DEJU_045,,,yes,,,
DEJU-55-No,D19,Alnus viridis,5/23/25,7.73,371.04,Half,DEJU-55,ethanol,nodule,Betulaceae,DEJU,Alnus,actinorhizal,DEJU_045,,,yes,,,
DEJU-56-Rh,D19,Alnus viridis,5/23/25,0,0,Quarter,DEJU-56,ethanol,rhizosphere,Betulaceae,DEJU,Alnus,actinorhizal,DEJU_045,,,yes,,,
DEJU-56-Ro,D19,Alnus viridis,5/23/25,3.36,161.28,Quarter,DEJU-56,ethanol,root,Betulaceae,DEJU,Alnus,actinorhizal,DEJU_045,,,yes,,,
DEJU-57-Rh,D19,Alnus viridis,5/23/25,0,0,Quarter,DEJU-57,ethanol,rhizosphere,Betulaceae,DEJU,Alnus,actinorhizal,DEJU_045,,,yes,,,
DEJU-57-Ro,D19,Alnus viridis,5/23/25,1.52,72.96,Quarter,DEJU-57,ethanol,root,Betulaceae,DEJU,Alnus,actinorhizal,DEJU_045,,,yes,,,
DEJU-57-No,D19,Alnus viridis,5/23/25,13.8,662.4,Half,DEJU-57,ethanol,nodule,Betulaceae,DEJU,Alnus,actinorhizal,DEJU_045,,,yes,,,
CPER-3-1-Rh,D10,Melilotus officinalis,5/23/25,0.093,4.464,Quarter,CPER-3,dry,rhizosphere,Fabaceae,CPER,Melilotus,Trifolieae,CPER_005,Weld,CO,no,,,6/17/24
CPER-3-1-Ro,D10,Melilotus officinalis,5/23/25,1.215,58.32,Quarter,CPER-3,dry,root,Fabaceae,CPER,Melilotus,Trifolieae,CPER_005,Weld,CO,no,,,6/17/24
CPER-3-1-No,D10,Melilotus officinalis,5/23/25,0,0,Quarter,CPER-3,dry,nodule,Fabaceae,CPER,Melilotus,Trifolieae,CPER_005,Weld,CO,no,,,6/17/24
CPER-4-Rh,D10,Melilotus officinalis,5/23/25,0.165,7.92,Quarter,CPER-4,dry,rhizosphere,Fabaceae,CPER,Melilotus,Trifolieae,CPER_027,Weld,CO,no,,,6/24/24
CPER-4-Ro,D10,Melilotus officinalis,5/23/25,0.571,27.408,Quarter,CPER-4,dry,root,Fabaceae,CPER,Melilotus,Trifolieae,CPER_027,Weld,CO,no,,,6/24/24
CPER-4-No,D10,Melilotus officinalis,5/23/25,0,0,Quarter,CPER-4,dry,nodule,Fabaceae,CPER,Melilotus,Trifolieae,CPER_027,Weld,CO,no,,,6/24/24
CPER-5-1-Rh,D10,Melilotus officinalis,5/23/25,2.535,121.68,Quarter,CPER-5,dry,rhizosphere,Fabaceae,CPER,Melilotus,Trifolieae,CPER_022,Weld,CO,no,,,6/24/24
CPER-5-1-Ro,D10,Melilotus officinalis,5/23/25,0.098,4.704,Quarter,CPER-5,dry,root,Fabaceae,CPER,Melilotus,Trifolieae,CPER_022,Weld,CO,no,,,6/24/24
CPER-5-1-No,D10,Melilotus officinalis,5/23/25,0.4335,20.808,Quarter,CPER-5,dry,nodule,Fabaceae,CPER,Melilotus,Trifolieae,CPER_022,Weld,CO,no,,,6/24/24
NIWO-1-Rh,D13,Lupinus argenteus,5/23/25,0,0,Quarter,NIWO-1,,rhizosphere,Fabaceae,NIWO,Lupinus,Genisteae,NIWO_017,Boulder,CO,yes,,,7/31/24
NIWO-1-Ro,D13,Lupinus argenteus,5/23/25,0,0,Quarter,NIWO-1,,root,Fabaceae,NIWO,Lupinus,Genisteae,NIWO_017,Boulder,CO,yes,,,7/31/24
NIWO-1-No,D13,Lupinus argenteus,5/23/25,0,0,Quarter,NIWO-1,,nodule,Fabaceae,NIWO,Lupinus,Genisteae,NIWO_017,Boulder,CO,yes,,,7/31/24
NIWO-2-Rh,D13,Dryas octopetala,5/23/25,0.266,12.768,Quarter,NIWO-2,,rhizosphere,Rosaceae,NIWO,Dryas,actinorhizal,NIWO_047,Boulder,CO,yes,,,8/12/24
NIWO-2-Ro,D13,Dryas octopetala,5/23/25,0.0695,3.336,Quarter,NIWO-2,,root,Rosaceae,NIWO,Dryas,actinorhizal,NIWO_047,Boulder,CO,yes,,,8/12/24
NIWO-2-No,D13,Dryas octopetala,5/23/25,0,0,Quarter,NIWO-2,,nodule,Rosaceae,NIWO,Dryas,actinorhizal,NIWO_047,Boulder,CO,yes,,,8/12/24
DCFS-1-2-Rh,D09,Astragalus flexuosus,5/23/25,0,0,Quarter,DCFS-1,dry,rhizosphere,Fabaceae,DCFS,Astragalus,Galegeae,DCFS_006,Stutsman,ND,yes,47.17336,99.05106,6/6/24
DCFS-1-2-Ro,D09,Astragalus flexuosus,5/23/25,0,0,Quarter,DCFS-1,dry,root,Fabaceae,DCFS,Astragalus,Galegeae,DCFS_006,Stutsman,ND,yes,47.17336,99.05106,6/6/24
DCFS-1-2-No,D09,Astragalus flexuosus,5/23/25,0,0,Quarter,DCFS-1,dry,nodule,Fabaceae,DCFS,Astragalus,Galegeae,DCFS_006,Stutsman,ND,yes,47.17336,99.05106,6/6/24
DCFS-2-2-Rh,D09,Medicago lupulina,5/23/25,0,0,Quarter,DCFS-2,dry,rhizosphere,Fabaceae,DCFS,Medicago,Trifolieae,DCFS_006,Stutsman,ND,no,47.17333,99.05103,6/6/24
DCFS-2-2-Ro,D09,Medicago lupulina,5/23/25,0,0,Quarter,DCFS-2,dry,root,Fabaceae,DCFS,Medicago,Trifolieae,DCFS_006,Stutsman,ND,no,47.17333,99.05103,6/6/24
DCFS-2-2-No,D09,Medicago lupulina,5/23/25,0.061,2.928,Quarter,DCFS-2,dry,nodule,Fabaceae,DCFS,Medicago,Trifolieae,DCFS_006,Stutsman,ND,no,47.17333,99.05103,6/6/24
DCFS-3-2-Rh,D09,Medicago lupulina,5/23/25,0,0,Quarter,DCFS-3,dry,rhizosphere,Fabaceae,DCFS,Medicago,Trifolieae,DCFS_004,Stutsman,ND,no,47.17138,99.05135,6/10/24
DCFS-3-2-Ro,D09,Medicago lupulina,5/23/25,1.135,54.48,Quarter,DCFS-3,dry,root,Fabaceae,DCFS,Medicago,Trifolieae,DCFS_004,Stutsman,ND,no,47.17138,99.05135,6/10/24
DCFS-3-2-No,D09,Medicago lupulina,5/23/25,0,0,Quarter,DCFS-3,dry,nodule,Fabaceae,DCFS,Medicago,Trifolieae,DCFS_004,Stutsman,ND,no,47.17138,99.05135,6/10/24
BONA-10-2-Rh,D19,Alnus viridis,7/8/25,1.3,62.4,Quarter,BONA-10,ethanol,rhizosphere,Betulaceae,BONA,Alnus,actinorhizal,BONA_003,,Alaska ,yes,,,20240909
BONA-10-2-Ro,D19,Alnus viridis,7/8/25,1.9,91.2,Quarter,BONA-10,ethanol,root,Betulaceae,BONA,Alnus,actinorhizal,BONA_003,,Alaska ,yes,,,20240909
BONA-10-2-No,D19,Alnus viridis,7/8/25,4.39,210.72,Quarter,BONA-10,ethanol,nodule,Betulaceae,BONA,Alnus,actinorhizal,BONA_003,,Alaska ,yes,,,20240909
BONA-11-2-Rh,D19,Alnus viridis,7/8/25,1.855,89.04,Quarter,BONA-11,ethanol,rhizosphere,Betulaceae,BONA,Alnus,actinorhizal,BONA_003,,Alaska ,yes,,,20240909
BONA-11-2-Ro,D19,Alnus viridis,7/8/25,6.515,312.72,Half,BONA-11,ethanol,root,Betulaceae,BONA,Alnus,actinorhizal,BONA_003,,Alaska ,yes,,,20240909
BONA-11-2-No,D19,Alnus viridis,7/8/25,3.235,155.28,Quarter,BONA-11,ethanol,nodule,Betulaceae,BONA,Alnus,actinorhizal,BONA_003,,Alaska ,yes,,,20240909
BONA-12-2-Rh,D19,Alnus viridis,7/8/25,0.9925,47.64,Quarter,BONA-12,ethanol,rhizosphere,Betulaceae,BONA,Alnus,actinorhizal,BONA_003,,Alaska ,yes,,,20240909
BONA-12-2-Ro,D19,Alnus viridis,7/8/25,10.45,501.6,Half,BONA-12,ethanol,root,Betulaceae,BONA,Alnus,actinorhizal,BONA_003,,Alaska ,yes,,,20240909
BONA-12-2-No,D19,Alnus viridis,7/8/25,1.575,75.6,Quarter,BONA-12,ethanol,nodule,Betulaceae,BONA,Alnus,actinorhizal,BONA_003,,Alaska ,yes,,,20240909
BLAN-4-2-Rh,D02,Elaeagnus umbellata,7/8/25,0.102,4.896,Quarter,BLAN-4,ethanol,rhizosphere,Elaeagnaceae,BLAN,Elaeagnus,actinorhizal,BLAN_020,Clarke,VA,no,39.100987,-77.980772,8/13/24
BLAN-4-2-Ro,D02,Elaeagnus umbellata,7/8/25,0,0,Quarter,BLAN-4,ethanol,root,Elaeagnaceae,BLAN,Elaeagnus,actinorhizal,BLAN_020,Clarke,VA,no,39.100987,-77.980772,8/13/24
BLAN-4-2-No,D02,Elaeagnus umbellata,7/8/25,2.225,106.8,Quarter,BLAN-4,ethanol,nodule,Elaeagnaceae,BLAN,Elaeagnus,actinorhizal,BLAN_020,Clarke,VA,no,39.100987,-77.980772,8/13/24
ORNL-1-3-Rh,D07,Elaeagnus umbellata,7/8/25,24.6,1180.8,Half,ORNL-1,dry,rhizosphere,Elaeagnaceae,ORNL,Elaeagnus,actinorhizal,ORNL_009,Anderson,TN,no,35.974444,-84.228056,5/15/24
ORNL-1-3-Ro,D07,Elaeagnus umbellata,7/8/25,6.4,307.2,Half,ORNL-1,dry,root,Elaeagnaceae,ORNL,Elaeagnus,actinorhizal,ORNL_009,Anderson,TN,no,35.974444,-84.228056,5/15/24
ORNL-1-3-No,D07,Elaeagnus umbellata,7/8/25,32.45,1557.6,Half,ORNL-1,dry,nodule,Elaeagnaceae,ORNL,Elaeagnus,actinorhizal,ORNL_009,Anderson,TN,no,35.974444,-84.228056,5/15/24
ORNL-3-2-Rh,D07,Elaeagnus umbellata,7/8/25,8.915,427.92,Half,ORNL-3,dry,rhizosphere,Elaeagnaceae,ORNL,Elaeagnus,actinorhizal,ORNL_029,Anderson,TN,no,35.96,-84.26,5/15/24
ORNL-3-2-Ro,D07,Elaeagnus umbellata,7/8/25,3.55,170.4,Quarter,ORNL-3,dry,root,Elaeagnaceae,ORNL,Elaeagnus,actinorhizal,ORNL_029,Anderson,TN,no,35.96,-84.26,5/15/24
ORNL-3-2-No,D07,Elaeagnus umbellata,7/8/25,21.25,1020,Half,ORNL-3,dry,nodule,Elaeagnaceae,ORNL,Elaeagnus,actinorhizal,ORNL_029,Anderson,TN,no,35.96,-84.26,5/15/24
ORNL-5-2-Rh,D07,Elaeagnus umbellata,7/8/25,7.715,370.32,Half,ORNL-5,dry,rhizosphere,Elaeagnaceae,ORNL,Elaeagnus,actinorhizal,ORNL_021,Anderson,TN,no,35.955556,-84.221111,5/15/24
ORNL-5-2-Ro,D07,Elaeagnus umbellata,7/8/25,25.25,1212,Half,ORNL-5,dry,root,Elaeagnaceae,ORNL,Elaeagnus,actinorhizal,ORNL_021,Anderson,TN,no,35.955556,-84.221111,5/15/24
ORNL-5-2-No,D07,Elaeagnus umbellata,7/8/25,0,0,Quarter,ORNL-5,dry,nodule,Elaeagnaceae,ORNL,Elaeagnus,actinorhizal,ORNL_021,Anderson,TN,no,35.955556,-84.221111,5/15/24
MLBS-1-2-Rh,D07,Elaeagnus umbellata,7/8/25,40.75,1956,Half,MLBS-1,dry,rhizosphere,Elaeagnaceae,MLBS,Elaeagnus,actinorhizal,MLBS_030,Giles,VA,no,37.43,-80.508333,5/15/24
MLBS-1-2-Ro,D07,Elaeagnus umbellata,7/8/25,11,528,Half,MLBS-1,dry,root,Elaeagnaceae,MLBS,Elaeagnus,actinorhizal,MLBS_030,Giles,VA,no,37.43,-80.508333,5/15/24
MLBS-1-2-No,D07,Elaeagnus umbellata,7/8/25,0,0,Quarter,MLBS-1,dry,nodule,Elaeagnaceae,MLBS,Elaeagnus,actinorhizal,MLBS_030,Giles,VA,no,37.43,-80.508333,5/15/24
HEAL-4-2-Rh,D19,Alnus viridis,7/8/25,0.0545,2.616,Quarter,HEAL-4,ethanol,rhizosphere,Betulaceae,HEAL,Alnus,actinorhizal,HEAL_010,Denali Borough ,Alaska ,yes,63.87738 N,149.26297 W,20240723
HEAL-4-2-Ro,D19,Alnus viridis,7/8/25,3.665,175.92,Quarter,HEAL-4,ethanol,root,Betulaceae,HEAL,Alnus,actinorhizal,HEAL_010,Denali Borough ,Alaska ,yes,63.87738 N,149.26297 W,20240723
HEAL-4-2-No,D19,Alnus viridis,7/8/25,7.355,353.04,Half,HEAL-4,ethanol,nodule,Betulaceae,HEAL,Alnus,actinorhizal,HEAL_010,Denali Borough ,Alaska ,yes,63.87738 N,149.26297 W,20240723
HEAL-9-2-Rh,D19,Alnus viridis,7/8/25,0,0,Quarter,HEAL-9,ethanol,rhizosphere,Betulaceae,HEAL,Alnus,actinorhizal,HEAL_004,Denali Borough ,Alaska ,yes,63.86378 N,149.27284 W,20240723
HEAL-9-2-Ro,D19,Alnus viridis,7/8/25,7.435,356.88,Half,HEAL-9,ethanol,root,Betulaceae,HEAL,Alnus,actinorhizal,HEAL_004,Denali Borough ,Alaska ,yes,63.86378 N,149.27284 W,20240723
HEAL-9-2-No,D19,Alnus viridis,7/8/25,17.95,861.6,Half,HEAL-9,ethanol,nodule,Betulaceae,HEAL,Alnus,actinorhizal,HEAL_004,Denali Borough ,Alaska ,yes,63.86378 N,149.27284 W,20240723
HEAL-12-2-Rh,D19,Alnus viridis,7/8/25,0,0,Quarter,HEAL-12,ethanol,rhizosphere,Betulaceae,HEAL,Alnus,actinorhizal,HEAL_001,Denali Borough ,Alaska ,yes,63.88839 N,149.20410 W,20240725
HEAL-12-2-Ro,D19,Alnus viridis,7/8/25,0,0,Quarter,HEAL-12,ethanol,root,Betulaceae,HEAL,Alnus,actinorhizal,HEAL_001,Denali Borough ,Alaska ,yes,63.88839 N,149.20410 W,20240725
HEAL-12-2-No,D19,Alnus viridis,7/8/25,0.0975,4.68,Quarter,HEAL-12,ethanol,nodule,Betulaceae,HEAL,Alnus,actinorhizal,HEAL_001,Denali Borough ,Alaska ,yes,63.88839 N,149.20410 W,20240725
HEAL-15-2-Rh,D19,Alnus viridis,7/8/25,0,0,Quarter,HEAL-15,ethanol,rhizosphere,Betulaceae,HEAL,Alnus,actinorhizal,HEAL_001,Denali Borough ,Alaska ,yes,63.88836 N,149.20340 W,20240725
HEAL-15-2-Ro,D19,Alnus viridis,7/8/25,6.175,296.4,Half,HEAL-15,ethanol,root,Betulaceae,HEAL,Alnus,actinorhizal,HEAL_001,Denali Borough ,Alaska ,yes,63.88836 N,149.20340 W,20240725
HEAL-15-2-No,D19,Alnus viridis,7/8/25,4.75,228,Quarter,HEAL-15,ethanol,nodule,Betulaceae,HEAL,Alnus,actinorhizal,HEAL_001,Denali Borough ,Alaska ,yes,63.88836 N,149.20340 W,20240725
HEAL-5-1-Rh,D19,Alnus viridis,7/8/25,0,0,Quarter,HEAL-5,ethanol,rhizosphere,Betulaceae,HEAL,Alnus,actinorhizal,HEAL_010,Denali Borough ,Alaska ,yes,63.87738 N,149.26297 W,20240723
HEAL-5-1-Ro,D19,Alnus viridis,7/8/25,11,528,Half,HEAL-5,ethanol,root,Betulaceae,HEAL,Alnus,actinorhizal,HEAL_010,Denali Borough ,Alaska ,yes,63.87738 N,149.26297 W,20240723
HEAL-5-1-No,D19,Alnus viridis,7/8/25,15.1,724.8,Half,HEAL-5,ethanol,nodule,Betulaceae,HEAL,Alnus,actinorhizal,HEAL_010,Denali Borough ,Alaska ,yes,63.87738 N,149.26297 W,20240723
HEAL-10-1-Rh,D19,Alnus viridis,7/8/25,3.645,174.96,Quarter,HEAL-10,ethanol,rhizosphere,Betulaceae,HEAL,Alnus,actinorhizal,HEAL_004,Denali Borough ,Alaska ,yes,63.86378 N,149.27284 W,20240723
HEAL-10-1-Ro,D19,Alnus viridis,7/8/25,9.21,442.08,Half,HEAL-10,ethanol,root,Betulaceae,HEAL,Alnus,actinorhizal,HEAL_004,Denali Borough ,Alaska ,yes,63.86378 N,149.27284 W,20240723
HEAL-10-1-No,D19,Alnus viridis,7/8/25,12.05,578.4,Half,HEAL-10,ethanol,nodule,Betulaceae,HEAL,Alnus,actinorhizal,HEAL_004,Denali Borough ,Alaska ,yes,63.86378 N,149.27284 W,20240723
HEAL-13-2-Rh,D19,Alnus viridis,7/8/25,0.1195,5.736,Quarter,HEAL-13,ethanol,rhizosphere,Betulaceae,HEAL,Alnus,actinorhizal,HEAL_001,Denali Borough ,Alaska ,yes,63.88839 N,149.20410 W,20240725
HEAL-13-2-Ro,D19,Alnus viridis,7/8/25,5.885,282.48,Half,HEAL-13,ethanol,root,Betulaceae,HEAL,Alnus,actinorhizal,HEAL_001,Denali Borough ,Alaska ,yes,63.88839 N,149.20410 W,20240725
HEAL-13-2-No,D19,Alnus viridis,7/8/25,32.15,1543.2,Half,HEAL-13,ethanol,nodule,Betulaceae,HEAL,Alnus,actinorhizal,HEAL_001,Denali Borough ,Alaska ,yes,63.88839 N,149.20410 W,20240725
BONA-13-2-Rh,D19,Alnus viridis,7/8/25,0.4725,22.68,Quarter,BONA-13,ethanol,rhizosphere,Betulaceae,BONA,Alnus,actinorhizal,BONA_003,,Alaska ,yes,,,20240909
BONA-13-2-Ro,D19,Alnus viridis,7/8/25,3.355,161.04,Quarter,BONA-13,ethanol,root,Betulaceae,BONA,Alnus,actinorhizal,BONA_003,,Alaska ,yes,,,20240909
BONA-13-2-No,D19,Alnus viridis,7/8/25,6.805,326.64,Half,BONA-13,ethanol,nodule,Betulaceae,BONA,Alnus,actinorhizal,BONA_003,,Alaska ,yes,,,20240909
JERC-CEAM-53-4-Rh,D03,Ceanothus americanus,7/14/25,0,0,Quarter,JERC-53,dry,rhizosphere,Rhamnaceae,JERC,Ceanothus,actinorhizal,JERC_050,Baker County,Georgia,yes,31.195964,-84.469057,20240604
JERC-CEAM-53-4-Ro,D03,Ceanothus americanus,7/14/25,1.675,80.4,Quarter,JERC-53,dry,root,Rhamnaceae,JERC,Ceanothus,actinorhizal,JERC_050,Baker County,Georgia,yes,31.195964,-84.469057,20240604
JERC-CEAM-53-4-No,D03,Ceanothus americanus,7/14/25,31.25,1500,Half,JERC-53,dry,nodule,Rhamnaceae,JERC,Ceanothus,actinorhizal,JERC_050,Baker County,Georgia,yes,31.195964,-84.469057,20240604
JERC-CEMI-8-1-Rh,D03,Ceanothus microphyllus,7/14/25,0.2805,13.464,Quarter,JERC-CEMI-8,dry,rhizosphere,Rhamnaceae,JERC,Ceanothus,actinorhizal,JERC_004,Baker County,Georgia,yes,31.1932787,-84.4666015,20240327
JERC-CEMI-8-1-Ro,D03,Ceanothus microphyllus,7/14/25,23.8,1142.4,Half,JERC-CEMI-8,dry,root,Rhamnaceae,JERC,Ceanothus,actinorhizal,JERC_004,Baker County,Georgia,yes,31.1932787,-84.4666015,20240327
JERC-CEMI-8-1-No,D03,Ceanothus microphyllus,7/14/25,54,2592,Half,JERC-CEMI-8,dry,nodule,Rhamnaceae,JERC,Ceanothus,actinorhizal,JERC_004,Baker County,Georgia,yes,31.1932787,-84.4666015,20240327
TALL-90-2-Rh,D08,Morella caroliniensis,7/14/25,2.61,125.28,Quarter,TALL-90,dry,rhizosphere,Myricaceae,TALL,Morella,actinorhizal,TALL_032,Hale County,AL,yes,32.910379,-87.420687,9/19/24
TALL-90-2-Ro,D08,Morella caroliniensis,7/14/25,3.42,164.16,Quarter,TALL-90,dry,root,Myricaceae,TALL,Morella,actinorhizal,TALL_032,Hale County,AL,yes,32.910379,-87.420687,9/19/24
TALL-90-2-No,D08,Morella caroliniensis,7/14/25,2.005,96.24,Quarter,TALL-90,dry,nodule,Myricaceae,TALL,Morella,actinorhizal,TALL_032,Hale County,AL,yes,32.910379,-87.420687,9/19/24
TALL-91-2-Rh,D08,Alnus serrulata,7/14/25,0.2645,12.696,Quarter,TALL-91,dry,rhizosphere,Betulaceae,TALL,Alnus,actinorhizal,TALL_016,Bibb County,AL,yes,32.96499,-87.4136,9/19/24
TALL-91-2-Ro,D08,Alnus serrulata,7/14/25,9.375,450,Half,TALL-91,dry,root,Betulaceae,TALL,Alnus,actinorhizal,TALL_016,Bibb County,AL,yes,32.96499,-87.4136,9/19/24
TALL-91-2-No,D08,Alnus serrulata,7/14/25,2.645,126.96,Quarter,TALL-91,dry,nodule,Betulaceae,TALL,Alnus,actinorhizal,TALL_016,Bibb County,AL,yes,32.96499,-87.4136,9/19/24
TALL-92-2-Rh,D08,Morella caroliniensis,7/14/25,0.1725,8.28,Quarter,TALL-92,dry,rhizosphere,Myricaceae,TALL,Morella,actinorhizal,TALL_030,Bibb County,AL,yes,32.954599,-87.403549,9/19/24
TALL-92-2-Ro,D08,Morella caroliniensis,7/14/25,2.42,116.16,Quarter,TALL-92,dry,root,Myricaceae,TALL,Morella,actinorhizal,TALL_030,Bibb County,AL,yes,32.954599,-87.403549,9/19/24
TALL-92-2-No,D08,Morella caroliniensis,7/14/25,15.8,758.4,Half,TALL-92,dry,nodule,Myricaceae,TALL,Morella,actinorhizal,TALL_030,Bibb County,AL,yes,32.954599,-87.403549,9/19/24
TALL-8-1-Rh,D08,Alnus serrulata,7/14/25,0,0,Quarter,TALL-8,dry,rhizosphere,Betulaceae,TALL,Alnus,actinorhizal,TALL_051,Bibb County,AL,yes,32.950269,-87.397402,2024-Apr-16
TALL-8-1-Ro,D08,Alnus serrulata,7/14/25,11.25,540,Half,TALL-8,dry,root,Betulaceae,TALL,Alnus,actinorhizal,TALL_051,Bibb County,AL,yes,32.950269,-87.397402,2024-Apr-16
TALL-8-1-No,D08,Alnus serrulata,7/14/25,0.5345,25.656,Quarter,TALL-8,dry,nodule,Betulaceae,TALL,Alnus,actinorhizal,TALL_051,Bibb County,AL,yes,32.950269,-87.397402,2024-Apr-16
TALL-9-3-Rh,D08,Morella cerifera,7/14/25,0.806,38.688,Quarter,TALL-9,dry,rhizosphere,Myricaceae,TALL,Morella,actinorhizal,TALL_058,Bibb County,AL,yes,32.946864,-87.396457,2024-Apr-29
TALL-9-3-Ro,D08,Morella cerifera,7/14/25,8.905,427.44,Half,TALL-9,dry,root,Myricaceae,TALL,Morella,actinorhizal,TALL_058,Bibb County,AL,yes,32.946864,-87.396457,2024-Apr-29
TALL-9-3-No,D08,Morella cerifera,7/14/25,30.1,1444.8,Half,TALL-9,dry,nodule,Myricaceae,TALL,Morella,actinorhizal,TALL_058,Bibb County,AL,yes,32.946864,-87.396457,2024-Apr-29
HARV-1-2-Rh,D01,Comptonia peregrina,7/14/25,27.15,1303.2,Half,HARV-1,dry,rhizosphere,Myricaceae,HARV,Comptonia,actinorhizal,HARV_004,Worcester,MA,yes,42.42709,-72.22974,5/2/24
HARV-1-2-Ro,D01,Comptonia peregrina,7/14/25,2.145,102.96,Quarter,HARV-1,dry,root,Myricaceae,HARV,Comptonia,actinorhizal,HARV_004,Worcester,MA,yes,42.42709,-72.22974,5/2/24
HARV-1-2-No,D01,Comptonia peregrina,7/14/25,1.045,50.16,Quarter,HARV-1,dry,nodule,Myricaceae,HARV,Comptonia,actinorhizal,HARV_004,Worcester,MA,yes,42.42709,-72.22974,5/2/24
TALL-93-1-Rh,D08,Alnus serrulata,7/15/25,0.4575,21.96,Quarter,TALL-93,dry,rhizosphere,Betulaceae,TALL,Alnus,actinorhizal,TALL_032,Hale County,AL,yes,32.910379,-87.420687,9/19/24
TALL-93-1-Ro,D08,Alnus serrulata,7/15/25,4.33,207.84,Quarter,TALL-93,dry,root,Betulaceae,TALL,Alnus,actinorhizal,TALL_032,Hale County,AL,yes,32.910379,-87.420687,9/19/24
TALL-93-1-No,D08,Alnus serrulata,7/15/25,0.1545,7.416,Quarter,TALL-93,dry,nodule,Betulaceae,TALL,Alnus,actinorhizal,TALL_032,Hale County,AL,yes,32.910379,-87.420687,9/19/24
KONZ-16-2-Rh,D06,Ceanothus herbaceus,7/15/25,0,0,Quarter,KONZ-16,dry,rhizosphere,Rhamnaceae,KONZ,Ceanothus,actinorhizal,#N/A,#N/A,#N/A,yes,#N/A,#N/A,#N/A
KONZ-16-2-Ro,D06,Ceanothus herbaceus,7/15/25,0,0,Quarter,KONZ-16,dry,root,Rhamnaceae,KONZ,Ceanothus,actinorhizal,#N/A,#N/A,#N/A,yes,#N/A,#N/A,#N/A
KONZ-16-2-No,D06,Ceanothus herbaceus,7/15/25,0.082,3.936,Quarter,KONZ-16,dry,nodule,Rhamnaceae,KONZ,Ceanothus,actinorhizal,#N/A,#N/A,#N/A,yes,#N/A,#N/A,#N/A
HARV-2-2-Rh,D01,Alnus serrulata,7/15/25,4.005,192.24,Quarter,HARV-2,dry,rhizosphere,Betulaceae,HARV,Alnus,actinorhizal,HARV_016,Worcester,MA,yes,42.45847,-72.23199,5/2/24
HARV-2-2-Ro,D01,Alnus serrulata,7/15/25,8.93,428.64,Half,HARV-2,dry,root,Betulaceae,HARV,Alnus,actinorhizal,HARV_016,Worcester,MA,yes,42.45847,-72.23199,5/2/24
HARV-2-2-No,D01,Alnus serrulata,7/15/25,49.2,2361.6,Half,HARV-2,dry,nodule,Betulaceae,HARV,Alnus,actinorhizal,HARV_016,Worcester,MA,yes,42.45847,-72.23199,5/2/24
OAES-13-2-Rh,D11,Ceanothus herbaceus,7/15/25,0,0,Quarter,OAES-13,ethanol,rhizosphere,Rhamnaceae,OAES,Ceanothus,actinorhizal,OAES_005,Washita ,OK,yes,35.39246,-99.10002,4/10/24
OAES-13-2-Ro,D11,Ceanothus herbaceus,7/15/25,0.7975,38.28,Quarter,OAES-13,ethanol,root,Rhamnaceae,OAES,Ceanothus,actinorhizal,OAES_005,Washita ,OK,yes,35.39246,-99.10002,4/10/24
OAES-13-2-No,D11,Ceanothus herbaceus,7/15/25,4.17,200.16,Quarter,OAES-13,ethanol,nodule,Rhamnaceae,OAES,Ceanothus,actinorhizal,OAES_005,Washita ,OK,yes,35.39246,-99.10002,4/10/24
OSBS-MOCE-52-4-Rh,D03,Morella cerifera,7/15/25,0,0,Quarter,OSBS-52,dry,rhizosphere,Myricaceae,OSBS,Morella,actinorhizal,OSBS_004,Putnam,FL,yes,,,20240618
OSBS-MOCE-52-4-Ro,D03,Morella cerifera,7/15/25,9.77,468.96,Half,OSBS-52,dry,root,Myricaceae,OSBS,Morella,actinorhizal,OSBS_004,Putnam,FL,yes,,,20240618
OSBS-MOCE-52-4-No,D03,Morella cerifera,7/15/25,6.42,308.16,Half,OSBS-52,dry,nodule,Myricaceae,OSBS,Morella,actinorhizal,OSBS_004,Putnam,FL,yes,,,20240618
OAES-30-3-Rh,D11,Ceanothus herbaceus,7/15/25,0,0,Quarter,OAES-30,ethanol,rhizosphere,Rhamnaceae,OAES,Ceanothus,actinorhizal,OAES_006_R,Washita,OK,yes,35.25165,-99.2881,4/23/24
OAES-30-3-Ro,D11,Ceanothus herbaceus,7/15/25,0.307,14.736,Quarter,OAES-30,ethanol,root,Rhamnaceae,OAES,Ceanothus,actinorhizal,OAES_006_R,Washita,OK,yes,35.25165,-99.2881,4/23/24
SERC-1-3-Rh,D02,Elaeagnus umbellata,7/15/25,0.0625,3,Quarter,SERC-1,ethanol,rhizosphere,Elaeagnaceae,SERC,Elaeagnus,actinorhizal,SERC_016,Anne Arundel,MD,no,38.899477,-76.547521,8/14/24
SERC-1-3-Ro,D02,Elaeagnus umbellata,7/15/25,20,960,Half,SERC-1,ethanol,root,Elaeagnaceae,SERC,Elaeagnus,actinorhizal,SERC_016,Anne Arundel,MD,no,38.899477,-76.547521,8/14/24
SERC-2-2-Rh,D02,Elaeagnus umbellata,7/15/25,0.1125,5.4,Quarter,SERC-2,ethanol,rhizosphere,Elaeagnaceae,SERC,Elaeagnus,actinorhizal,SERC_016,Anne Arundel,MD,no,38.899477,-76.547521,8/14/24
SERC-2-2-Ro,D02,Elaeagnus umbellata,7/15/25,9.5,456,Half,SERC-2,ethanol,root,Elaeagnaceae,SERC,Elaeagnus,actinorhizal,SERC_016,Anne Arundel,MD,no,38.899477,-76.547521,8/14/24
SERC-2-2-No,D02,Elaeagnus umbellata,7/15/25,0.1965,9.432,Quarter,SERC-2,ethanol,nodule,Elaeagnaceae,SERC,Elaeagnus,actinorhizal,SERC_016,Anne Arundel,MD,no,38.899477,-76.547521,8/14/24
DEJU-4-2-Rh,D19,Alnus viridis,7/15/25,1.6,76.8,Quarter,DEJU-4,ethanol,rhizosphere,Betulaceae,DEJU,Alnus,actinorhizal,DEJU_047,,Alaska,yes,,,
DEJU-4-2-Ro,D19,Alnus viridis,7/15/25,11.1,532.8,Half,DEJU-4,ethanol,root,Betulaceae,DEJU,Alnus,actinorhizal,DEJU_047,,Alaska,yes,,,
DEJU-4-2-No,D19,Alnus viridis,7/15/25,27.6,1324.8,Half,DEJU-4,ethanol,nodule,Betulaceae,DEJU,Alnus,actinorhizal,DEJU_047,,Alaska,yes,,,
DEJU-5-2-Rh,D19,Alnus viridis,7/15/25,0.1585,7.608,Quarter,DEJU-5,ethanol,rhizosphere,Betulaceae,DEJU,Alnus,actinorhizal,DEJU_047,,Alaska,yes,,,
DEJU-5-2-Ro,D19,Alnus viridis,7/15/25,5.295,254.16,Half,DEJU-5,ethanol,root,Betulaceae,DEJU,Alnus,actinorhizal,DEJU_047,,Alaska,yes,,,
DEJU-5-2-No,D19,Alnus viridis,7/15/25,12.55,602.4,Half,DEJU-5,ethanol,nodule,Betulaceae,DEJU,Alnus,actinorhizal,DEJU_047,,Alaska,yes,,,
DEJU-7-2-Rh,D19,Alnus viridis,7/15/25,2.455,117.84,Quarter,DEJU-7,ethanol,rhizosphere,Betulaceae,DEJU,Alnus,actinorhizal,DEJU_047,,Alaska,yes,,,
DEJU-7-2-Ro,D19,Alnus viridis,7/15/25,1.33,63.84,Quarter,DEJU-7,ethanol,root,Betulaceae,DEJU,Alnus,actinorhizal,DEJU_047,,Alaska,yes,,,
DEJU-7-2-No,D19,Alnus viridis,7/15/25,3.74,179.52,Quarter,DEJU-7,ethanol,nodule,Betulaceae,DEJU,Alnus,actinorhizal,DEJU_047,,Alaska,yes,,,
DEJU-8-2-Rh,D19,Alnus viridis,7/15/25,0.123,5.904,Quarter,DEJU-8,ethanol,rhizosphere,Betulaceae,DEJU,Alnus,actinorhizal,DEJU_047,,Alaska,yes,,,
DEJU-8-2-Ro,D19,Alnus viridis,7/15/25,11.3,542.4,Half,DEJU-8,ethanol,root,Betulaceae,DEJU,Alnus,actinorhizal,DEJU_047,,Alaska,yes,,,
DEJU-8-2-No,D19,Alnus viridis,7/15/25,19.9,955.2,Half,DEJU-8,ethanol,nodule,Betulaceae,DEJU,Alnus,actinorhizal,DEJU_047,,Alaska,yes,,,
DEJU-17-2-Rh,D19,Alnus viridis,7/15/25,0.0885,4.248,Quarter,DEJU-17,ethanol,rhizosphere,Betulaceae,DEJU,Alnus,actinorhizal,DEJU_046,,Alaska,yes,,,
DEJU-17-2-Ro,D19,Alnus viridis,7/15/25,5.71,274.08,Half,DEJU-17,ethanol,root,Betulaceae,DEJU,Alnus,actinorhizal,DEJU_046,,Alaska,yes,,,
DEJU-17-2-No,D19,Alnus viridis,7/15/25,11.6,556.8,Half,DEJU-17,ethanol,nodule,Betulaceae,DEJU,Alnus,actinorhizal,DEJU_046,,Alaska,yes,,,
DEJU-28-1-Rh,D19,Alnus viridis,7/15/25,0.847,40.656,Quarter,DEJU-28,ethanol,rhizosphere,Betulaceae,DEJU,Alnus,actinorhizal,DEJU_015,,Alaska,yes,,,
DEJU-28-1-Ro,D19,Alnus viridis,7/15/25,16.55,794.4,Half,DEJU-28,ethanol,root,Betulaceae,DEJU,Alnus,actinorhizal,DEJU_015,,Alaska,yes,,,
DEJU-28-1-No,D19,Alnus viridis,7/15/25,14.85,712.8,Half,DEJU-28,ethanol,nodule,Betulaceae,DEJU,Alnus,actinorhizal,DEJU_015,,Alaska,yes,,,
DEJU-6-2-Rh,D19,Alnus viridis,7/15/25,0.0815,3.912,Quarter,DEJU-6,ethanol,rhizosphere,Betulaceae,DEJU,Alnus,actinorhizal,DEJU_047,,Alaska,yes,,,
DEJU-6-2-Ro,D19,Alnus viridis,7/15/25,8.645,414.96,Half,DEJU-6,ethanol,root,Betulaceae,DEJU,Alnus,actinorhizal,DEJU_047,,Alaska,yes,,,
DEJU-6-2-No,D19,Alnus viridis,7/15/25,1.715,82.32,Quarter,DEJU-6,ethanol,nodule,Betulaceae,DEJU,Alnus,actinorhizal,DEJU_047,,Alaska,yes,,,
DEJU-16-2-Rh,D19,Alnus viridis,7/15/25,0.0765,3.672,Quarter,DEJU-16,ethanol,rhizosphere,Betulaceae,DEJU,Alnus,actinorhizal,DEJU_046,,Alaska,yes,,,
DEJU-16-2-Ro,D19,Alnus viridis,7/15/25,9.5,456,Half,DEJU-16,ethanol,root,Betulaceae,DEJU,Alnus,actinorhizal,DEJU_046,,Alaska,yes,,,
DEJU-16-2-No,D19,Alnus viridis,7/15/25,9.87,473.76,Half,DEJU-16,ethanol,nodule,Betulaceae,DEJU,Alnus,actinorhizal,DEJU_046,,Alaska,yes,,,
TALL-1-2-Rh,D08,Morella cerifera,10/30/25,0.307,14.736,Quarter,TALL-1,dry,rhizosphere,Myricaceae,TALL,Morella,actinorhizal,TALL_016,Bibb County,AL,yes,32.970408,-87.415018,2024-Apr-11
TALL-1-2-Ro,D08,Morella cerifera,10/30/25,2.785,133.68,Quarter,TALL-1,dry,root,Myricaceae,TALL,Morella,actinorhizal,TALL_016,Bibb County,AL,yes,32.970408,-87.415018,2024-Apr-11
TALL-1-2-No,D08,Morella cerifera,10/30/25,1.21,58.08,Quarter,TALL-1,dry,nodule,Myricaceae,TALL,Morella,actinorhizal,TALL_016,Bibb County,AL,yes,32.970408,-87.415018,2024-Apr-11
TALL-8-3-Rh,D08,Alnus serrulata,10/30/25,0.0925,4.44,Quarter,TALL-8,dry,rhizosphere,Betulaceae,TALL,Alnus,actinorhizal,TALL_051,Bibb County,AL,yes,32.950269,-87.397402,2024-Apr-16
TALL-8-3-Ro,D08,Alnus serrulata,10/30/25,1.2,57.6,Quarter,TALL-8,dry,root,Betulaceae,TALL,Alnus,actinorhizal,TALL_051,Bibb County,AL,yes,32.950269,-87.397402,2024-Apr-16
TALL-8-3-No,D08,Alnus serrulata,10/30/25,1.03,49.44,Quarter,TALL-8,dry,nodule,Betulaceae,TALL,Alnus,actinorhizal,TALL_051,Bibb County,AL,yes,32.950269,-87.397402,2024-Apr-16
TALL-9-1-Rh,D08,Morella cerifera,10/30/25,0,0,Quarter,TALL-9,dry,rhizosphere,Myricaceae,TALL,Morella,actinorhizal,TALL_058,Bibb County,AL,yes,32.946864,-87.396457,2024-Apr-29
TALL-9-1-Ro,D08,Morella cerifera,10/30/25,0,0,Quarter,TALL-9,dry,root,Myricaceae,TALL,Morella,actinorhizal,TALL_058,Bibb County,AL,yes,32.946864,-87.396457,2024-Apr-29
TALL-9-1-No,D08,Morella cerifera,10/30/25,20.1,964.8,Half,TALL-9,dry,nodule,Myricaceae,TALL,Morella,actinorhizal,TALL_058,Bibb County,AL,yes,32.946864,-87.396457,2024-Apr-29
HARV-1-3-Rh,D01,Comptonia peregrina,10/30/25,4.82,231.36,Quarter,HARV-1,dry,rhizosphere,Myricaceae,HARV,Comptonia,actinorhizal,HARV_004,Worcester,MA,yes,42.42709,-72.22974,5/2/24
HARV-1-3-Ro,D01,Comptonia peregrina,10/30/25,0,0,Quarter,HARV-1,dry,root,Myricaceae,HARV,Comptonia,actinorhizal,HARV_004,Worcester,MA,yes,42.42709,-72.22974,5/2/24
HARV-1-3-No,D01,Comptonia peregrina,10/30/25,7.465,358.32,Half,HARV-1,dry,nodule,Myricaceae,HARV,Comptonia,actinorhizal,HARV_004,Worcester,MA,yes,42.42709,-72.22974,5/2/24
HARV-2-3-Rh,D01,Alnus serrulata,10/30/25,0,0,Quarter,HARV-2,dry,rhizosphere,Betulaceae,HARV,Alnus,actinorhizal,HARV_016,Worcester,MA,yes,42.45847,-72.23199,5/2/24
HARV-2-3-Ro,D01,Alnus serrulata,10/30/25,0.5535,26.568,Quarter,HARV-2,dry,root,Betulaceae,HARV,Alnus,actinorhizal,HARV_016,Worcester,MA,yes,42.45847,-72.23199,5/2/24
HARV-2-3-No,D01,Alnus serrulata,10/30/25,37.8,1814.4,Half,HARV-2,dry,nodule,Betulaceae,HARV,Alnus,actinorhizal,HARV_016,Worcester,MA,yes,42.45847,-72.23199,5/2/24
ORNL-1-2-Rh,D07,Elaeagnus umbellata,10/30/25,17.6,844.8,Half,ORNL-1,dry,rhizosphere,Elaeagnaceae,ORNL,Elaeagnus,actinorhizal,ORNL_009,Anderson,TN,no,35.974444,-84.228056,5/15/24
ORNL-1-2-Ro,D07,Elaeagnus umbellata,10/30/25,1.405,67.44,Quarter,ORNL-1,dry,root,Elaeagnaceae,ORNL,Elaeagnus,actinorhizal,ORNL_009,Anderson,TN,no,35.974444,-84.228056,5/15/24
ORNL-1-2-No,D07,Elaeagnus umbellata,10/30/25,14.75,708,Half,ORNL-1,dry,nodule,Elaeagnaceae,ORNL,Elaeagnus,actinorhizal,ORNL_009,Anderson,TN,no,35.974444,-84.228056,5/15/24
ORNL-5-3-Rh,D07,Elaeagnus umbellata,10/30/25,19.6,940.8,Half,ORNL-5,dry,rhizosphere,Elaeagnaceae,ORNL,Elaeagnus,actinorhizal,ORNL_021,Anderson,TN,no,35.955556,-84.221111,5/15/24
ORNL-5-3-Ro,D07,Elaeagnus umbellata,10/30/25,3.23,155.04,Quarter,ORNL-5,dry,root,Elaeagnaceae,ORNL,Elaeagnus,actinorhizal,ORNL_021,Anderson,TN,no,35.955556,-84.221111,5/15/24
ORNL-5-3-No,D07,Elaeagnus umbellata,10/30/25,33.9,1627.2,Half,ORNL-5,dry,nodule,Elaeagnaceae,ORNL,Elaeagnus,actinorhizal,ORNL_021,Anderson,TN,no,35.955556,-84.221111,5/15/24
MLBS-1-3-Rh,D07,Elaeagnus umbellata,10/30/25,24.2,1161.6,Half,MLBS-1,dry,rhizosphere,Elaeagnaceae,MLBS,Elaeagnus,actinorhizal,MLBS_030,Giles,VA,no,37.43,-80.508333,5/15/24
MLBS-1-3-Ro,D07,Elaeagnus umbellata,10/30/25,1.745,83.76,Quarter,MLBS-1,dry,root,Elaeagnaceae,MLBS,Elaeagnus,actinorhizal,MLBS_030,Giles,VA,no,37.43,-80.508333,5/15/24
MLBS-1-3-No,D07,Elaeagnus umbellata,10/30/25,25.45,1221.6,Half,MLBS-1,dry,nodule,Elaeagnaceae,MLBS,Elaeagnus,actinorhizal,MLBS_030,Giles,VA,no,37.43,-80.508333,5/15/24
DEJU-29-2-Rh,D19,Alnus viridis,10/30/25,0,0,Quarter,DEJU-29,ethanol,rhizosphere,Betulaceae,DEJU,Alnus,actinorhizal,DEJU_015,,Alaska,yes,,,
DEJU-29-2-Ro,D19,Alnus viridis,10/30/25,4.665,223.92,Quarter,DEJU-29,ethanol,root,Betulaceae,DEJU,Alnus,actinorhizal,DEJU_015,,Alaska,yes,,,
DEJU-29-2-No,D19,Alnus viridis,10/30/25,26.15,1255.2,Half,DEJU-29,ethanol,nodule,Betulaceae,DEJU,Alnus,actinorhizal,DEJU_015,,Alaska,yes,,,
TALL-61-3-Rh,D08,Morella cerifera,10/30/25,0.171,8.208,Quarter,TALL-61,dry,rhizosphere,Myricaceae,TALL,Morella,actinorhizal,TALL_R_015,Hale County,AL,yes,32.916557,-87.438945,8/28/24
TALL-61-3-Ro,D08,Morella cerifera,10/30/25,2.48,119.04,Quarter,TALL-61,dry,root,Myricaceae,TALL,Morella,actinorhizal,TALL_R_015,Hale County,AL,yes,32.916557,-87.438945,8/28/24
TALL-61-3-No,D08,Morella cerifera,10/30/25,2.85,136.8,Quarter,TALL-61,dry,nodule,Myricaceae,TALL,Morella,actinorhizal,TALL_R_015,Hale County,AL,yes,32.916557,-87.438945,8/28/24
TALL-72-3-Rh,D08,Alnus serrulata,10/30/25,2.96,142.08,Quarter,TALL-72,dry,rhizosphere,Betulaceae,TALL,Alnus,actinorhizal,TALL_032,Hale county,AL,yes,32.911661,-87.430302,9/4/24
TALL-72-3-Ro,D08,Alnus serrulata,10/30/25,9.205,441.84,Half,TALL-72,dry,root,Betulaceae,TALL,Alnus,actinorhizal,TALL_032,Hale county,AL,yes,32.911661,-87.430302,9/4/24
TALL-72-3-No,D08,Alnus serrulata,10/30/25,6.36,305.28,Half,TALL-72,dry,nodule,Betulaceae,TALL,Alnus,actinorhizal,TALL_032,Hale county,AL,yes,32.911661,-87.430302,9/4/24
TALL-73-3-Rh,D08,Morella cerifera,10/30/25,0.884,42.432,Quarter,TALL-73,dry,rhizosphere,Myricaceae,TALL,Morella,actinorhizal,TALL_R_022,Bibb County,AL,yes,32.906455,-87.390317,9/4/24
TALL-73-3-Ro,D08,Morella cerifera,10/30/25,3.21,154.08,Quarter,TALL-73,dry,root,Myricaceae,TALL,Morella,actinorhizal,TALL_R_022,Bibb County,AL,yes,32.906455,-87.390317,9/4/24
TALL-73-3-No,D08,Morella cerifera,10/30/25,26.4,1267.2,Half,TALL-73,dry,nodule,Myricaceae,TALL,Morella,actinorhizal,TALL_R_022,Bibb County,AL,yes,32.906455,-87.390317,9/4/24
TALL-82-1-Rh,D08,Morella cerifera,10/30/25,0.837,40.176,Quarter,TALL-82,dry,rhizosphere,Myricaceae,TALL,Morella,actinorhizal,TALL_020,Hale County,AL,yes,32.95591,-87.42683,9/11/24
TALL-82-1-Ro,D08,Morella cerifera,10/30/25,6.385,306.48,Half,TALL-82,dry,root,Myricaceae,TALL,Morella,actinorhizal,TALL_020,Hale County,AL,yes,32.95591,-87.42683,9/11/24
TALL-82-1-No,D08,Morella cerifera,10/30/25,3.065,147.12,Quarter,TALL-82,dry,nodule,Myricaceae,TALL,Morella,actinorhizal,TALL_020,Hale County,AL,yes,32.95591,-87.42683,9/11/24
TALL-83-1-Rh,D08,Alnus serrulata,10/30/25,0.6295,30.216,Quarter,TALL-83,dry,rhizosphere,Betulaceae,TALL,Alnus,actinorhizal,TALL_016,Bibb County,AL,yes,32.966479,-87.407572,9/16/24
TALL-83-1-Ro,D08,Alnus serrulata,10/30/25,4.785,229.68,Quarter,TALL-83,dry,root,Betulaceae,TALL,Alnus,actinorhizal,TALL_016,Bibb County,AL,yes,32.966479,-87.407572,9/16/24
TALL-83-1-No,D08,Alnus serrulata,10/30/25,0.3855,18.504,Quarter,TALL-83,dry,nodule,Betulaceae,TALL,Alnus,actinorhizal,TALL_016,Bibb County,AL,yes,32.966479,-87.407572,9/16/24
TALL-84-2-Rh,D08,Morella cerifera,10/30/25,0,0,Quarter,TALL-84,dry,rhizosphere,Myricaceae,TALL,Morella,actinorhizal,TALL_029,Hale County,AL,yes,32.899181,-87.434869,9/17/24
TALL-84-2-Ro,D08,Morella cerifera,10/30/25,0.1085,5.208,Quarter,TALL-84,dry,root,Myricaceae,TALL,Morella,actinorhizal,TALL_029,Hale County,AL,yes,32.899181,-87.434869,9/17/24
TALL-84-2-No,D08,Morella cerifera,10/30/25,6.365,305.52,Half,TALL-84,dry,nodule,Myricaceae,TALL,Morella,actinorhizal,TALL_029,Hale County,AL,yes,32.899181,-87.434869,9/17/24
HEAL-4-3-Rh,D19,Alnus viridis,10/30/25,0,0,Quarter,HEAL-4,ethanol,rhizosphere,Betulaceae,HEAL,Alnus,actinorhizal,HEAL_010,Denali Borough ,Alaska ,yes,63.87738 N,149.26297 W,20240723
HEAL-4-3-Ro,D19,Alnus viridis,10/30/25,2.215,106.32,Quarter,HEAL-4,ethanol,root,Betulaceae,HEAL,Alnus,actinorhizal,HEAL_010,Denali Borough ,Alaska ,yes,63.87738 N,149.26297 W,20240723
HEAL-4-3-No,D19,Alnus viridis,10/30/25,2.61,125.28,Quarter,HEAL-4,ethanol,nodule,Betulaceae,HEAL,Alnus,actinorhizal,HEAL_010,Denali Borough ,Alaska ,yes,63.87738 N,149.26297 W,20240723
BONA-11-3-Rh,D19,Alnus viridis,10/30/25,2.7,129.6,Quarter,BONA-11,ethanol,rhizosphere,Betulaceae,BONA,Alnus,actinorhizal,BONA_003,,Alaska ,yes,,,20240909
BONA-11-3-Ro,D19,Alnus viridis,10/30/25,0,0,Quarter,BONA-11,ethanol,root,Betulaceae,BONA,Alnus,actinorhizal,BONA_003,,Alaska ,yes,,,20240909
BONA-11-3-No,D19,Alnus viridis,10/30/25,3.08,147.84,Quarter,BONA-11,ethanol,nodule,Betulaceae,BONA,Alnus,actinorhizal,BONA_003,,Alaska ,yes,,,20240909
BONA-13-3-Rh,D19,Alnus viridis,10/30/25,0,0,Quarter,BONA-13,ethanol,rhizosphere,Betulaceae,BONA,Alnus,actinorhizal,BONA_003,,Alaska ,yes,,,20240909
BONA-13-3-Ro,D19,Alnus viridis,10/30/25,5.435,260.88,Half,BONA-13,ethanol,root,Betulaceae,BONA,Alnus,actinorhizal,BONA_003,,Alaska ,yes,,,20240909
BONA-13-3-No,D19,Alnus viridis,10/30/25,3.445,165.36,Quarter,BONA-13,ethanol,nodule,Betulaceae,BONA,Alnus,actinorhizal,BONA_003,,Alaska ,yes,,,20240909
TALL-90-3-Rh,D08,Morella caroliniensis,10/30/25,1.51,72.48,Quarter,TALL-90,dry,rhizosphere,Myricaceae,TALL,Morella,actinorhizal,TALL_032,Hale County,AL,yes,32.910379,-87.420687,9/19/24
TALL-90-3-Ro,D08,Morella caroliniensis,10/30/25,0,0,Quarter,TALL-90,dry,root,Myricaceae,TALL,Morella,actinorhizal,TALL_032,Hale County,AL,yes,32.910379,-87.420687,9/19/24
TALL-90-3-No,D08,Morella caroliniensis,10/30/25,8.92,428.16,Half,TALL-90,dry,nodule,Myricaceae,TALL,Morella,actinorhizal,TALL_032,Hale County,AL,yes,32.910379,-87.420687,9/19/24
TALL-91-3-Rh,D08,Alnus serrulata,10/30/25,0.6915,33.192,Quarter,TALL-91,dry,rhizosphere,Betulaceae,TALL,Alnus,actinorhizal,TALL_016,Bibb County,AL,yes,32.96499,-87.4136,9/19/24
TALL-91-3-Ro,D08,Alnus serrulata,10/30/25,0.6425,30.84,Quarter,TALL-91,dry,root,Betulaceae,TALL,Alnus,actinorhizal,TALL_016,Bibb County,AL,yes,32.96499,-87.4136,9/19/24
TALL-91-3-No,D08,Alnus serrulata,10/30/25,1.555,74.64,Quarter,TALL-91,dry,nodule,Betulaceae,TALL,Alnus,actinorhizal,TALL_016,Bibb County,AL,yes,32.96499,-87.4136,9/19/24
TALL-92-3-Rh,D08,Morella caroliniensis,10/30/25,0.0835,4.008,Quarter,TALL-92,dry,rhizosphere,Myricaceae,TALL,Morella,actinorhizal,TALL_030,Bibb County,AL,yes,32.954599,-87.403549,9/19/24
TALL-92-3-Ro,D08,Morella caroliniensis,10/30/25,0,0,Quarter,TALL-92,dry,root,Myricaceae,TALL,Morella,actinorhizal,TALL_030,Bibb County,AL,yes,32.954599,-87.403549,9/19/24
TALL-92-3-No,D08,Morella caroliniensis,10/30/25,0.355,17.04,Quarter,TALL-92,dry,nodule,Myricaceae,TALL,Morella,actinorhizal,TALL_030,Bibb County,AL,yes,32.954599,-87.403549,9/19/24
TALL-93-2-Rh,D08,Alnus serrulata,10/30/25,2.76,132.48,Quarter,TALL-93,dry,rhizosphere,Betulaceae,TALL,Alnus,actinorhizal,TALL_032,Hale County,AL,yes,32.910379,-87.420687,9/19/24
TALL-93-2-Ro,D08,Alnus serrulata,10/30/25,0.074,3.552,Quarter,TALL-93,dry,root,Betulaceae,TALL,Alnus,actinorhizal,TALL_032,Hale County,AL,yes,32.910379,-87.420687,9/19/24
TALL-93-2-No,D08,Alnus serrulata,10/30/25,0.5625,27,Quarter,TALL-93,dry,nodule,Betulaceae,TALL,Alnus,actinorhizal,TALL_032,Hale County,AL,yes,32.910379,-87.420687,9/19/24
OAES-30-1-Rh,D11,Ceanothus herbaceus,10/30/25,0,0,Quarter,OAES-30,ethanol,rhizosphere,Rhamnaceae,OAES,Ceanothus,actinorhizal,OAES_006_R,Washita,OK,yes,35.25165,-99.2881,4/23/24
OAES-30-1-Ro,D11,Ceanothus herbaceus,10/30/25,0,0,Quarter,OAES-30,ethanol,root,Rhamnaceae,OAES,Ceanothus,actinorhizal,OAES_006_R,Washita,OK,yes,35.25165,-99.2881,4/23/24
OAES-30-1-No,D11,Ceanothus herbaceus,10/30/25,0,0,Quarter,OAES-30,ethanol,nodule,Rhamnaceae,OAES,Ceanothus,actinorhizal,OAES_006_R,Washita,OK,yes,35.25165,-99.2881,4/23/24
OSBS-52-1-Rh,D03,Morella cerifera,10/31/25,0,0,Quarter,OSBS-52,dry,rhizosphere,Myricaceae,OSBS,Morella,actinorhizal,OSBS_004,Putnam,FL,yes,,,20240618
OSBS-52-1-Ro,D03,Morella cerifera,10/31/25,22.7,1089.6,Half,OSBS-52,dry,root,Myricaceae,OSBS,Morella,actinorhizal,OSBS_004,Putnam,FL,yes,,,20240618
OSBS-52-1-No,D03,Morella cerifera,10/31/25,0,0,Quarter,OSBS-52,dry,nodule,Myricaceae,OSBS,Morella,actinorhizal,OSBS_004,Putnam,FL,yes,,,20240618
OSBS-52-3-Rh,D03,Morella cerifera,10/31/25,0,0,Quarter,OSBS-52,dry,rhizosphere,Myricaceae,OSBS,Morella,actinorhizal,OSBS_004,Putnam,FL,yes,,,20240618
OSBS-52-3-Ro,D03,Morella cerifera,10/31/25,4.405,211.44,Quarter,OSBS-52,dry,root,Myricaceae,OSBS,Morella,actinorhizal,OSBS_004,Putnam,FL,yes,,,20240618
OSBS-52-3-No,D03,Morella cerifera,10/31/25,6.66,319.68,Half,OSBS-52,dry,nodule,Myricaceae,OSBS,Morella,actinorhizal,OSBS_004,Putnam,FL,yes,,,20240618
OSBS-52-5-Rh,D03,Morella cerifera,10/31/25,0,0,Quarter,OSBS-52,dry,rhizosphere,Myricaceae,OSBS,Morella,actinorhizal,OSBS_004,Putnam,FL,yes,,,20240618
OSBS-52-5-Ro,D03,Morella cerifera,10/31/25,3.13,150.24,Quarter,OSBS-52,dry,root,Myricaceae,OSBS,Morella,actinorhizal,OSBS_004,Putnam,FL,yes,,,20240618
OSBS-52-5-No,D03,Morella cerifera,10/31/25,10.6,508.8,Half,OSBS-52,dry,nodule,Myricaceae,OSBS,Morella,actinorhizal,OSBS_004,Putnam,FL,yes,,,20240618
SERC-1-2-Rh,D02,Elaeagnus umbellata,10/31/25,0,0,Quarter,SERC-1,ethanol,rhizosphere,Elaeagnaceae,SERC,Elaeagnus,actinorhizal,SERC_016,Anne Arundel,MD,no,38.899477,-76.547521,8/14/24
SERC-1-2-Ro,D02,Elaeagnus umbellata,10/31/25,0.076,3.648,Quarter,SERC-1,ethanol,root,Elaeagnaceae,SERC,Elaeagnus,actinorhizal,SERC_016,Anne Arundel,MD,no,38.899477,-76.547521,8/14/24
SERC-1-2-No,D02,Elaeagnus umbellata,10/31/25,0,0,Quarter,SERC-1,ethanol,nodule,Elaeagnaceae,SERC,Elaeagnus,actinorhizal,SERC_016,Anne Arundel,MD,no,38.899477,-76.547521,8/14/24
TALL-61-1-Rh,D08,Morella cerifera,10/31/25,0,0,Quarter,TALL-61,dry,rhizosphere,Myricaceae,TALL,Morella,actinorhizal,TALL_R_015,Hale County,AL,yes,32.916557,-87.438945,8/28/24
TALL-61-1-Ro,D08,Morella cerifera,10/31/25,7.715,370.32,Half,TALL-61,dry,root,Myricaceae,TALL,Morella,actinorhizal,TALL_R_015,Hale County,AL,yes,32.916557,-87.438945,8/28/24
TALL-61-1-No,D08,Morella cerifera,10/31/25,0.061,2.928,Quarter,TALL-61,dry,nodule,Myricaceae,TALL,Morella,actinorhizal,TALL_R_015,Hale County,AL,yes,32.916557,-87.438945,8/28/24
TALL-72-2-Rh,D08,Alnus serrulata,10/31/25,0.285,13.68,Quarter,TALL-72,dry,rhizosphere,Betulaceae,TALL,Alnus,actinorhizal,TALL_032,Hale county,AL,yes,32.911661,-87.430302,9/4/24
TALL-72-2-Ro,D08,Alnus serrulata,10/31/25,14.6,700.8,Half,TALL-72,dry,root,Betulaceae,TALL,Alnus,actinorhizal,TALL_032,Hale county,AL,yes,32.911661,-87.430302,9/4/24
TALL-72-2-No,D08,Alnus serrulata,10/31/25,31.15,1495.2,Half,TALL-72,dry,nodule,Betulaceae,TALL,Alnus,actinorhizal,TALL_032,Hale county,AL,yes,32.911661,-87.430302,9/4/24
TALL-73-1-Rh,D08,Morella cerifera,10/31/25,0.0925,4.44,Quarter,TALL-73,dry,rhizosphere,Myricaceae,TALL,Morella,actinorhizal,TALL_R_022,Bibb County,AL,yes,32.906455,-87.390317,9/4/24
TALL-73-1-Ro,D08,Morella cerifera,10/31/25,0.8145,39.096,Quarter,TALL-73,dry,root,Myricaceae,TALL,Morella,actinorhizal,TALL_R_022,Bibb County,AL,yes,32.906455,-87.390317,9/4/24
TALL-73-1-No,D08,Morella cerifera,10/31/25,31.75,1524,Half,TALL-73,dry,nodule,Myricaceae,TALL,Morella,actinorhizal,TALL_R_022,Bibb County,AL,yes,32.906455,-87.390317,9/4/24
TALL-82-2-Rh,D08,Morella cerifera,10/31/25,0,0,Quarter,TALL-82,dry,rhizosphere,Myricaceae,TALL,Morella,actinorhizal,TALL_020,Hale County,AL,yes,32.95591,-87.42683,9/11/24
TALL-82-2-Ro,D08,Morella cerifera,10/31/25,6.4,307.2,Half,TALL-82,dry,root,Myricaceae,TALL,Morella,actinorhizal,TALL_020,Hale County,AL,yes,32.95591,-87.42683,9/11/24
TALL-82-2-No,D08,Morella cerifera,10/31/25,14.7,705.6,Half,TALL-82,dry,nodule,Myricaceae,TALL,Morella,actinorhizal,TALL_020,Hale County,AL,yes,32.95591,-87.42683,9/11/24
TALL-83-3-Rh,D08,Alnus serrulata,10/31/25,0,0,Quarter,TALL-83,dry,rhizosphere,Betulaceae,TALL,Alnus,actinorhizal,TALL_016,Bibb County,AL,yes,32.966479,-87.407572,9/16/24
TALL-83-3-Ro,D08,Alnus serrulata,10/31/25,4.94,237.12,Quarter,TALL-83,dry,root,Betulaceae,TALL,Alnus,actinorhizal,TALL_016,Bibb County,AL,yes,32.966479,-87.407572,9/16/24
TALL-83-3-No,D08,Alnus serrulata,10/31/25,3.16,151.68,Quarter,TALL-83,dry,nodule,Betulaceae,TALL,Alnus,actinorhizal,TALL_016,Bibb County,AL,yes,32.966479,-87.407572,9/16/24
TALL-84-3-Rh,D08,Morella cerifera,10/31/25,0,0,Quarter,TALL-84,dry,rhizosphere,Myricaceae,TALL,Morella,actinorhizal,TALL_029,Hale County,AL,yes,32.899181,-87.434869,9/17/24
TALL-84-3-Ro,D08,Morella cerifera,10/31/25,4.725,226.8,Quarter,TALL-84,dry,root,Myricaceae,TALL,Morella,actinorhizal,TALL_029,Hale County,AL,yes,32.899181,-87.434869,9/17/24
TALL-84-3-No,D08,Morella cerifera,10/31/25,15.45,741.6,Half,TALL-84,dry,nodule,Myricaceae,TALL,Morella,actinorhizal,TALL_029,Hale County,AL,yes,32.899181,-87.434869,9/17/24
JERC-8-1-Rh,D03,Ceanothus microphyllus,10/31/25,0.0585,2.808,Quarter,JERC-CEMI-8,dry,rhizosphere,Rhamnaceae,JERC,Ceanothus,actinorhizal,JERC_004,Baker County,Georgia,yes,31.1932787,-84.4666015,20240327
JERC-8-1-Ro,D03,Ceanothus microphyllus,10/31/25,22.2,1065.6,Half,JERC-CEMI-8,dry,root,Rhamnaceae,JERC,Ceanothus,actinorhizal,JERC_004,Baker County,Georgia,yes,31.1932787,-84.4666015,20240327
JERC-8-1-No,D03,Ceanothus microphyllus,10/31/25,2.11,101.28,Quarter,JERC-CEMI-8,dry,nodule,Rhamnaceae,JERC,Ceanothus,actinorhizal,JERC_004,Baker County,Georgia,yes,31.1932787,-84.4666015,20240327
JERC-8-4-Rh,D03,Ceanothus microphyllus,10/31/25,0,0,Quarter,JERC-CEMI-8,dry,rhizosphere,Rhamnaceae,JERC,Ceanothus,actinorhizal,JERC_004,Baker County,Georgia,yes,31.1932787,-84.4666015,20240327
JERC-8-4-Ro,D03,Ceanothus microphyllus,10/31/25,18.7,897.6,Half,JERC-CEMI-8,dry,root,Rhamnaceae,JERC,Ceanothus,actinorhizal,JERC_004,Baker County,Georgia,yes,31.1932787,-84.4666015,20240327
JERC-8-4-No,D03,Ceanothus microphyllus,10/31/25,15.2,729.6,Half,JERC-CEMI-8,dry,nodule,Rhamnaceae,JERC,Ceanothus,actinorhizal,JERC_004,Baker County,Georgia,yes,31.1932787,-84.4666015,20240327
JERC-8-5-Rh,D03,Ceanothus microphyllus,10/31/25,0.146,7.008,Quarter,JERC-CEMI-8,dry,rhizosphere,Rhamnaceae,JERC,Ceanothus,actinorhizal,JERC_004,Baker County,Georgia,yes,31.1932787,-84.4666015,20240327
JERC-8-5-Ro,D03,Ceanothus microphyllus,10/31/25,21.7,1041.6,Half,JERC-CEMI-8,dry,root,Rhamnaceae,JERC,Ceanothus,actinorhizal,JERC_004,Baker County,Georgia,yes,31.1932787,-84.4666015,20240327
JERC-8-5-No,D03,Ceanothus microphyllus,10/31/25,4.175,200.4,Quarter,JERC-CEMI-8,dry,nodule,Rhamnaceae,JERC,Ceanothus,actinorhizal,JERC_004,Baker County,Georgia,yes,31.1932787,-84.4666015,20240327
JERC-53-1-Rh,D03,Ceanothus americanus,10/31/25,0.237,11.376,Quarter,JERC-53,dry,rhizosphere,Rhamnaceae,JERC,Ceanothus,actinorhizal,JERC_050,Baker County,Georgia,yes,31.195964,-84.469057,20240604
JERC-53-1-Ro,D03,Ceanothus americanus,10/31/25,7.47,358.56,Half,JERC-53,dry,root,Rhamnaceae,JERC,Ceanothus,actinorhizal,JERC_050,Baker County,Georgia,yes,31.195964,-84.469057,20240604
JERC-53-1-No,D03,Ceanothus americanus,10/31/25,8.885,426.48,Half,JERC-53,dry,nodule,Rhamnaceae,JERC,Ceanothus,actinorhizal,JERC_050,Baker County,Georgia,yes,31.195964,-84.469057,20240604
JERC-53-2-Rh,D03,Ceanothus americanus,10/31/25,0.2245,10.776,Quarter,JERC-53,dry,rhizosphere,Rhamnaceae,JERC,Ceanothus,actinorhizal,JERC_050,Baker County,Georgia,yes,31.195964,-84.469057,20240604
JERC-53-2-Ro,D03,Ceanothus americanus,10/31/25,18.85,904.8,Half,JERC-53,dry,root,Rhamnaceae,JERC,Ceanothus,actinorhizal,JERC_050,Baker County,Georgia,yes,31.195964,-84.469057,20240604
JERC-53-2-No,D03,Ceanothus americanus,10/31/25,5.89,282.72,Half,JERC-53,dry,nodule,Rhamnaceae,JERC,Ceanothus,actinorhizal,JERC_050,Baker County,Georgia,yes,31.195964,-84.469057,20240604
JERC-53-3-Rh,D03,Ceanothus americanus,10/31/25,0.4485,21.528,Quarter,JERC-53,dry,rhizosphere,Rhamnaceae,JERC,Ceanothus,actinorhizal,JERC_050,Baker County,Georgia,yes,31.195964,-84.469057,20240604
JERC-53-3-Ro,D03,Ceanothus americanus,10/31/25,21.95,1053.6,Half,JERC-53,dry,root,Rhamnaceae,JERC,Ceanothus,actinorhizal,JERC_050,Baker County,Georgia,yes,31.195964,-84.469057,20240604
JERC-53-3-No,D03,Ceanothus americanus,10/31/25,2.18,104.64,Quarter,JERC-53,dry,nodule,Rhamnaceae,JERC,Ceanothus,actinorhizal,JERC_050,Baker County,Georgia,yes,31.195964,-84.469057,20240604