sample_id	best_reference_id	best_reference_taxon	percent_identity	alignment_length	query_coverage_percent	reference_coverage_percent	evalue	bitscore
BLAN-1-1-No|nifH|consensus50|pass_mixed_possible_multitemplate	nifH|Bradyrhizobium_ottawaense|XZF72199.1	Bradyrhizobium_ottawaense	85.127	827	82.9488	93.4463	0.0	994
BLAN-1-1-Rh|nifH|consensus50|pass_mixed_possible_multitemplate	nifH|Bradyrhizobium_ottawaense|XZF72199.1	Bradyrhizobium_ottawaense	85.852	827	82.9488	93.4463	0.0	999
BLAN-2-1-No|nifH|consensus50|pass_mixed_possible_multitemplate	nifH|Bradyrhizobium_ottawaense|XZF72199.1	Bradyrhizobium_ottawaense	86.642	816	81.8455	92.2034	0.0	1008
BLAN-2-1-Rh|nifH|consensus50|pass_mixed_possible_multitemplate	nifH|Sinorhizobium_meliloti_(Rhizobium_meliloti)|XEM22073.1	Sinorhizobium_meliloti_(Rhizobium_meliloti)	88.847	789	79.1374	88.2550	0.0	1072
BLAN-2-1-Ro|nifH|consensus50|pass_mixed_possible_multitemplate	nifH|Sinorhizobium_meliloti_(Rhizobium_meliloti)|XEM22073.1	Sinorhizobium_meliloti_(Rhizobium_meliloti)	88.848	816	81.8455	91.2752	0.0	1138
BLAN-3-1-No|nifH|consensus50|pass_mixed_possible_multitemplate	nifH|Rhizobium_leguminosarum|BEJ25671.1	Rhizobium_leguminosarum	89.146	820	82.2467	92.3423	0.0	1134
BLAN-3-1-Rh|nifH|consensus50|pass_mixed_possible_multitemplate	nifH|Microvirga_sp._KLBC_81|PVE21514.1	Microvirga_sp._KLBC_81	80.220	819	82.1464	91.6107	0.0	856
BLAN-3-1-Ro|nifH|consensus50|pass_mixed_possible_multitemplate	nifH|Rhizobium_leguminosarum|XYR18004.1	Rhizobium_leguminosarum	92.488	812	81.4443	90.8277	0.0	1237
BLAN-4-1-Rh|nifH|consensus50|pass_mixed_possible_multitemplate	nifH|Sinorhizobium_meliloti_(Rhizobium_meliloti)|XEM22073.1	Sinorhizobium_meliloti_(Rhizobium_meliloti)	85.766	822	82.4473	91.9463	0.0	1014
BLAN-4-1-Ro|nifH|consensus50|pass_mixed_possible_multitemplate	nifH|Sinorhizobium_meliloti_(Rhizobium_meliloti)|XEM22073.1	Sinorhizobium_meliloti_(Rhizobium_meliloti)	82.173	819	82.1464	91.6107	0.0	931
BONA-1-1-No|nifH|consensus50|pass_mixed_possible_multitemplate	nifH|Mesorhizobium_sp._WSM4083|XXN81638.1	Mesorhizobium_sp._WSM4083	83.946	816	81.8455	91.2752	0.0	921
BONA-14-No|nifH|consensus50|pass_mixed_possible_multitemplate	nifH|Mesorhizobium_sp._AaZ16|XIK06011.1	Mesorhizobium_sp._AaZ16	84.466	824	82.6479	92.1700	0.0	1014
BONA-2-Rh|nifH|consensus50|pass_mixed_possible_multitemplate	nifH|Mesorhizobium_sp._AaZ16|XIK06011.1	Mesorhizobium_sp._AaZ16	88.835	824	82.6479	92.1700	0.0	1115
BONA-2-Ro|nifH|consensus50|pass_mixed_possible_multitemplate	nifH|Microvirga_sp._RSM25|XKE00370.1	Microvirga_sp._RSM25	87.673	795	79.7392	88.9262	0.0	1058
BONA-4-No|nifH|consensus50|pass_mixed_possible_multitemplate	nifH|Mesorhizobium_sp._WSM4083|XXN81638.1	Mesorhizobium_sp._WSM4083	84.436	816	81.8455	91.2752	0.0	1015
BONA-4-Rh|nifH|consensus50|pass_mixed_possible_multitemplate	nifH|Rhizobium_azibense|CAO4004957.1	Rhizobium_azibense	84.737	819	82.1464	91.6107	0.0	994
BONA-8-No|nifH|consensus50|pass_mixed_possible_multitemplate	nifH|Microvirga_sp._KLBC_81|PVE21514.1	Microvirga_sp._KLBC_81	84.420	828	83.0491	92.6174	0.0	982
BONA-8-Ro|nifH|consensus50|pass_mixed_possible_multitemplate	nifH|Mesorhizobium_sp._AaZ16|XIK06011.1	Mesorhizobium_sp._AaZ16	84.764	827	82.9488	92.5056	0.0	998
CLBJ-10-1-No|nifH|consensus50|pass_mixed_possible_multitemplate	nifH|Bradyrhizobium_sp._SPXBL-04|XYL77982.1	Bradyrhizobium_sp._SPXBL-04	86.473	828	83.0491	93.5593	0.0	1007
CLBJ-10-1-Rh|nifH|consensus50|pass_mixed_possible_multitemplate	nifH|Microvirga_sp._KLBC_81|PVE21514.1	Microvirga_sp._KLBC_81	85.852	827	82.9488	92.5056	0.0	1006
CLBJ-11-1-No|nifH|consensus50|pass_mixed_possible_multitemplate	nifH|Microvirga_sp._KLBC_81|PVE21514.1	Microvirga_sp._KLBC_81	89.176	813	81.5446	90.9396	0.0	1162
CLBJ-1-1-No|nifH|consensus50|pass_mixed_possible_multitemplate	nifH|Rhizobium_ruizarguesonis|XIE09844.1	Rhizobium_ruizarguesonis	91.990	799	80.1404	89.3736	0.0	1166
CLBJ-1-1-Ro|nifH|consensus50|pass_mixed_possible_multitemplate	nifH|Mesorhizobium_sp._AaZ16|XIK06011.1	Mesorhizobium_sp._AaZ16	86.918	795	79.7392	88.9262	0.0	1086
CLBJ-12-2-No|nifH|consensus50|pass_mixed_possible_multitemplate	nifH|Mesorhizobium_sp._AaZ16|XIK06011.1	Mesorhizobium_sp._AaZ16	87.255	816	81.8455	91.2752	0.0	1113
CLBJ-12-2-Ro|nifH|consensus50|pass_mixed_possible_multitemplate	nifH|Mesorhizobium_sp._WSM4083|XXN81638.1	Mesorhizobium_sp._WSM4083	86.272	794	79.6389	88.8143	0.0	965
CLBJ-13-1-No|nifH|consensus50|pass_mixed_possible_multitemplate	nifH|Mesorhizobium_sp._AaZ16|XIK06011.1	Mesorhizobium_sp._AaZ16	85.386	828	83.0491	92.6174	0.0	988
CLBJ-13-1-Rh|nifH|consensus50|pass_mixed_possible_multitemplate	nifH|Mesorhizobium_sp._AaZ16|XIK06011.1	Mesorhizobium_sp._AaZ16	90.436	826	82.8485	92.3937	0.0	1237
CLBJ-13-1-Ro|nifH|consensus50|pass_mixed_possible_multitemplate	nifH|Mesorhizobium_sp._AaZ16|XIK06011.1	Mesorhizobium_sp._AaZ16	89.964	827	82.9488	92.5056	0.0	1203
CLBJ-14-1-No|nifH|consensus50|pass_single_dominant	nifH|Mesorhizobium_sp._AaZ16|XIK06011.1	Mesorhizobium_sp._AaZ16	90.000	830	83.2497	92.8412	0.0	1123
CLBJ-14-1-Rh|nifH|consensus50|pass_mixed_possible_multitemplate	nifH|Mesorhizobium_sp._AaZ16|XIK06011.1	Mesorhizobium_sp._AaZ16	85.714	819	82.1464	91.6107	0.0	1033
CLBJ-15-1-No|nifH|consensus50|pass_mixed_possible_multitemplate	nifH|Mesorhizobium_sp._AaZ16|XIK06011.1	Mesorhizobium_sp._AaZ16	86.520	816	81.8455	91.2752	0.0	1011
CLBJ-15-1-Rh|nifH|consensus50|pass_mixed_possible_multitemplate	nifH|Microvirga_sp._RSM25|XKE00370.1	Microvirga_sp._RSM25	82.784	819	82.1464	91.6107	0.0	961
CLBJ-15-1-Ro|nifH|consensus50|pass_mixed_possible_multitemplate	nifH|Bradyrhizobium_sp._PUT101|XYX37671.1	Bradyrhizobium_sp._PUT101	86.441	826	82.8485	93.3333	0.0	1032
CLBJ-16-2-No|nifH|consensus50|pass_single_dominant	nifH|Bradyrhizobium_ottawaense|XZF72199.1	Bradyrhizobium_ottawaense	84.940	830	83.2497	93.7853	0.0	941
CLBJ-16-2-Rh|nifH|consensus50|pass_mixed_possible_multitemplate	nifH|Burkholderia_vietnamiensis|KVE32026.1	Burkholderia_vietnamiensis	81.325	830	83.2497	94.1043	0.0	930
CLBJ-16-2-Ro|nifH|consensus50|pass_mixed_possible_multitemplate	nifH|Mesorhizobium_sp._AaZ16|XIK06011.1	Mesorhizobium_sp._AaZ16	84.951	824	82.6479	92.1700	0.0	1007
CLBJ-17-1-No|nifH|consensus50|pass_mixed_possible_multitemplate	nifH|Bradyrhizobium_ottawaense|XZF72199.1	Bradyrhizobium_ottawaense	83.494	830	83.2497	93.7853	0.0	923
CLBJ-17-1-Rh|nifH|consensus50|pass_single_dominant	nifH|Microvirga_sp._RSM25|XKE00370.1	Microvirga_sp._RSM25	88.636	792	79.4383	88.5906	0.0	1040
CLBJ-18-1-No|nifH|consensus50|pass_mixed_possible_multitemplate	nifH|Mesorhizobium_sp._AaZ16|XIK06011.1	Mesorhizobium_sp._AaZ16	85.490	827	82.9488	92.5056	0.0	984
CLBJ-18-1-Rh|nifH|consensus50|pass_mixed_possible_multitemplate	nifH|Microvirga_lotononidis|WQO30062.1	Microvirga_lotononidis	89.255	819	82.1464	91.6107	0.0	1166
CLBJ-18-1-Ro|nifH|consensus50|pass_mixed_possible_multitemplate	nifH|Microvirga_sp._RSM25|XKE00370.1	Microvirga_sp._RSM25	88.767	819	82.1464	91.6107	0.0	1169
CLBJ-19-1-No|nifH|consensus50|pass_mixed_possible_multitemplate	nifH|Mesorhizobium_sp._AaZ16|XIK06011.1	Mesorhizobium_sp._AaZ16	85.369	827	82.9488	92.5056	0.0	988
CLBJ-19-1-Rh|nifH|consensus50|pass_single_dominant	nifH|Microvirga_sp._RSM25|XKE00370.1	Microvirga_sp._RSM25	87.218	798	80.0401	89.2617	0.0	993
CLBJ-19-1-Ro|nifH|consensus50|pass_mixed_possible_multitemplate	nifH|Microvirga_lotononidis|WQO30062.1	Microvirga_lotononidis	87.179	819	82.1464	91.6107	0.0	1111
CLBJ-20-1-No|nifH|consensus50|pass_single_dominant	nifH|Neorhizobium_alkalisoli|ACF98259.1	Neorhizobium_alkalisoli	88.920	722	72.4173	99.5862	0.0	949
CLBJ-21-1-Rh|nifH|consensus50|pass_mixed_possible_multitemplate	nifH|Mesorhizobium_sp._AaZ16|XIK06011.1	Mesorhizobium_sp._AaZ16	87.743	824	82.6479	92.1700	0.0	1095
CLBJ-23-1-No|nifH|consensus50|pass_single_dominant	nifH|Microvirga_sp._KLBC_81|PVE21514.1	Microvirga_sp._KLBC_81	86.286	824	82.6479	92.1700	0.0	990
CLBJ-23-1-Rh|nifH|consensus50|pass_mixed_possible_multitemplate	nifH|Mesorhizobium_sp._AaZ16|XIK06011.1	Mesorhizobium_sp._AaZ16	89.442	824	82.6479	92.1700	0.0	1206
CLBJ-23-1-Ro|nifH|consensus50|pass_mixed_possible_multitemplate	nifH|Sinorhizobium_fredii_(Rhizobium_fredii)|XRN48363.1	Sinorhizobium_fredii_(Rhizobium_fredii)	85.507	828	83.0491	92.9293	0.0	1023
CLBJ-24-No|nifH|consensus50|pass_mixed_possible_multitemplate	nifH|Rhizobium_azibense|CAO4004957.1	Rhizobium_azibense	87.377	816	81.8455	91.2752	0.0	1033
CLBJ-24-Rh|nifH|consensus50|pass_mixed_possible_multitemplate	nifH|Bradyrhizobium_sp._PUT101|XYX37671.1	Bradyrhizobium_sp._PUT101	84.318	829	83.1494	93.6723	0.0	1009
CLBJ-25-2-No|nifH|consensus50|pass_mixed_possible_multitemplate	nifH|Bradyrhizobium_sp._PUT101|XYX37671.1	Bradyrhizobium_sp._PUT101	88.299	829	83.1494	93.6723	0.0	1082
CLBJ-25-2-Rh|nifH|consensus50|pass_mixed_possible_multitemplate	nifH|Bradyrhizobium_sp._PUT101|XYX37671.1	Bradyrhizobium_sp._PUT101	87.696	829	83.1494	93.6723	0.0	1076
CLBJ-25-2-Ro|nifH|consensus50|pass_mixed_possible_multitemplate	nifH|Bradyrhizobium_sp._PUT101|XYX37671.1	Bradyrhizobium_sp._PUT101	87.937	829	83.1494	93.6723	0.0	1067
CLBJ-26-1-No|nifH|consensus50|pass_single_dominant	nifH|Sinorhizobium_prairiense|WEJ08560.1	Sinorhizobium_prairiense	91.819	819	82.1464	91.6107	0.0	1181
CLBJ-26-1-Rh|nifH|consensus50|pass_mixed_possible_multitemplate	nifH|Mesorhizobium_sp._WSM4083|XXN81638.1	Mesorhizobium_sp._WSM4083	82.784	819	82.1464	91.6107	0.0	977
CLBJ-26-1-Ro|nifH|consensus50|pass_mixed_possible_multitemplate	nifH|Bradyrhizobium_sp._PUT101|XYX37671.1	Bradyrhizobium_sp._PUT101	86.248	829	83.1494	93.6723	0.0	1020
CLBJ-27-1-No|nifH|consensus50|pass_single_dominant	nifH|Sinorhizobium_prairiense|WEJ08560.1	Sinorhizobium_prairiense	91.697	819	82.1464	91.6107	0.0	1171
CLBJ-27-1-Rh|nifH|consensus50|pass_mixed_possible_multitemplate	nifH|Bradyrhizobium_sp._PUT101|XYX37671.1	Bradyrhizobium_sp._PUT101	86.972	829	83.1494	93.6723	0.0	1043
CLBJ-27-1-Ro|nifH|consensus50|pass_mixed_possible_multitemplate	nifH|Bradyrhizobium_sp._PUT101|XYX37671.1	Bradyrhizobium_sp._PUT101	87.696	829	83.1494	93.6723	0.0	1067
CLBJ-28-3-Rh|nifH|consensus50|pass_single_dominant	nifH|Microvirga_sp._RSM25|XKE00370.1	Microvirga_sp._RSM25	86.983	822	82.4473	91.9463	0.0	1017
CLBJ-29-2-Rh|nifH|consensus50|pass_mixed_possible_multitemplate	nifH|Bradyrhizobium_sp._PUT101|XYX37671.1	Bradyrhizobium_sp._PUT101	86.972	829	83.1494	93.6723	0.0	1050
CLBJ-2-Rh|nifH|consensus50|pass_mixed_possible_multitemplate	nifH|Mesorhizobium_sp._AaZ16|XIK06011.1	Mesorhizobium_sp._AaZ16	95.152	825	82.7482	92.2819	0.0	1328
CLBJ-2-Ro|nifH|consensus50|pass_mixed_possible_multitemplate	nifH|Mesorhizobium_sp._AaZ16|XIK06011.1	Mesorhizobium_sp._AaZ16	87.132	816	81.8455	91.2752	0.0	1136
CLBJ-30-1-No|nifH|consensus50|pass_single_dominant	nifH|Bradyrhizobium_ottawaense|XZF72199.1	Bradyrhizobium_ottawaense	86.731	829	83.1494	93.6723	0.0	1032
CLBJ-3-1-No|nifH|consensus50|pass_mixed_possible_multitemplate	nifH|Rhizobium_ruizarguesonis|XIE09844.1	Rhizobium_ruizarguesonis	91.990	799	80.1404	89.3736	0.0	1164
CLBJ-3-1-Rh|nifH|consensus50|pass_single_dominant	nifH|Mesorhizobium_sp._AaZ16|XIK06011.1	Mesorhizobium_sp._AaZ16	91.383	824	82.6479	92.1700	0.0	1226
CLBJ-3-1-Ro|nifH|consensus50|pass_mixed_possible_multitemplate	nifH|Mesorhizobium_sp._AaZ16|XIK06011.1	Mesorhizobium_sp._AaZ16	91.824	795	79.7392	88.9262	0.0	1197
CLBJ-32-1-Rh|nifH|consensus50|pass_single_dominant	nifH|Bradyrhizobium_ottawaense|XZF72199.1	Bradyrhizobium_ottawaense	88.058	829	83.1494	93.6723	0.0	1057
CLBJ-32-1-Ro|nifH|consensus50|pass_mixed_possible_multitemplate	nifH|Bradyrhizobium_sp._PUT101|XYX37671.1	Bradyrhizobium_sp._PUT101	81.741	827	82.9488	93.4463	0.0	910
CLBJ-34-1-No|nifH|consensus50|pass_single_dominant	nifH|Bradyrhizobium_sp._SPXBL-04|XYL77982.1	Bradyrhizobium_sp._SPXBL-04	86.731	829	83.1494	93.6723	0.0	1027
CLBJ-34-1-Rh|nifH|consensus50|pass_mixed_possible_multitemplate	nifH|Bradyrhizobium_ottawaense|XZF72199.1	Bradyrhizobium_ottawaense	82.992	829	83.1494	93.6723	0.0	970
CLBJ-35-1-No|nifH|consensus50|pass_mixed_possible_multitemplate	nifH|Bradyrhizobium_sp._PUT101|XYX37671.1	Bradyrhizobium_sp._PUT101	86.610	829	83.1494	93.6723	0.0	1022
CLBJ-35-1-Ro|nifH|consensus50|pass_mixed_possible_multitemplate	nifH|Microvirga_sp._KLBC_81|PVE21514.1	Microvirga_sp._KLBC_81	82.843	816	81.8455	91.2752	0.0	969
CLBJ-36-1-No|nifH|consensus50|pass_single_dominant	nifH|Bradyrhizobium_sp._PUT101|XYX37671.1	Bradyrhizobium_sp._PUT101	85.645	829	83.1494	93.6723	0.0	1005
CLBJ-39-1-No|nifH|consensus50|pass_single_dominant	nifH|Bradyrhizobium_sp._SPXBL-04|XYL77982.1	Bradyrhizobium_sp._SPXBL-04	87.846	831	83.3501	93.8983	0.0	1039
CLBJ-39-1-Rh|nifH|consensus50|pass_mixed_possible_multitemplate	nifH|Mesorhizobium_sp._AaZ16|XIK06011.1	Mesorhizobium_sp._AaZ16	87.745	816	81.8455	91.2752	0.0	1049
CLBJ-40-1-Ro|nifH|consensus50|pass_mixed_possible_multitemplate	nifH|Microvirga_lotononidis|WQO30062.1	Microvirga_lotononidis	82.906	819	82.1464	91.6107	0.0	957
CLBJ-4-1-No|nifH|consensus50|pass_single_dominant	nifH|Mesorhizobium_sp._RIZ17|XXB69634.1	Mesorhizobium_sp._RIZ17	91.859	823	82.5476	92.0582	0.0	1188
CLBJ-4-1-Rh|nifH|consensus50|pass_mixed_possible_multitemplate	nifH|Microvirga_sp._RSM25|XKE00370.1	Microvirga_sp._RSM25	90.625	800	80.2407	89.4855	0.0	1161
CLBJ-4-1-Ro|nifH|consensus50|pass_single_dominant	nifH|Mesorhizobium_sp._RIZ17|XXB69634.1	Mesorhizobium_sp._RIZ17	91.980	798	80.0401	89.2617	0.0	1164
CLBJ-42-1-No|nifH|consensus50|pass_single_dominant	nifH|Bradyrhizobium_ottawaense|XZF72199.1	Bradyrhizobium_ottawaense	85.060	830	83.2497	93.7853	0.0	940
CLBJ-42-1-Ro|nifH|consensus50|pass_mixed_possible_multitemplate	nifH|Mesorhizobium_caraganae|CAN7239890.1	Mesorhizobium_caraganae	84.223	824	82.6479	92.1700	0.0	976
CLBJ-43-2-No|nifH|consensus50|pass_single_dominant	nifH|Bradyrhizobium_sp._SPXBL-04|XYL77982.1	Bradyrhizobium_sp._SPXBL-04	84.754	833	83.5507	94.1243	0.0	941
CLBJ-43-2-Rh|nifH|consensus50|pass_mixed_possible_multitemplate	nifH|Bradyrhizobium_sp._PUT101|XYX37671.1	Bradyrhizobium_sp._PUT101	83.313	827	82.9488	93.4463	0.0	958
CLBJ-43-2-Ro|nifH|consensus50|pass_mixed_possible_multitemplate	nifH|Mesorhizobium_sp._WSM4083|XXN81638.1	Mesorhizobium_sp._WSM4083	86.203	819	82.1464	91.6107	0.0	1026
CLBJ-44-1-Ro|nifH|consensus50|pass_mixed_possible_multitemplate	nifH|Sinorhizobium_meliloti_(Rhizobium_meliloti)|XEM22073.1	Sinorhizobium_meliloti_(Rhizobium_meliloti)	80.270	816	81.8455	91.2752	0.0	838
CLBJ-45-2-Ro|nifH|consensus50|pass_mixed_possible_multitemplate	nifH|Mesorhizobium_sp._AaZ16|XIK06011.1	Mesorhizobium_sp._AaZ16	87.625	800	80.2407	89.4855	0.0	1055
CLBJ-46-1-Ro|nifH|consensus50|pass_mixed_possible_multitemplate	nifH|Mesorhizobium_sp._WSM4083|XXN81638.1	Mesorhizobium_sp._WSM4083	78.799	816	81.8455	91.2752	0.0	847
CLBJ-47-1-Rh|nifH|consensus50|pass_mixed_possible_multitemplate	nifH|Sinorhizobium_meliloti_(Rhizobium_meliloti)|XEM22073.1	Sinorhizobium_meliloti_(Rhizobium_meliloti)	80.392	816	81.8455	91.2752	0.0	827
CLBJ-48-1-No|nifH|consensus50|pass_mixed_possible_multitemplate	nifH|Bradyrhizobium_sp._PUT101|XYX37671.1	Bradyrhizobium_sp._PUT101	84.096	830	83.2497	93.7853	0.0	976
CLBJ-49-1-Rh|nifH|consensus50|pass_mixed_possible_multitemplate	nifH|Bradyrhizobium_sp._PUT101|XYX37671.1	Bradyrhizobium_sp._PUT101	82.147	829	83.1494	93.6723	0.0	948
CLBJ-49-1-Ro|nifH|consensus50|pass_mixed_possible_multitemplate	nifH|Mesorhizobium_sp._AaZ16|XIK06011.1	Mesorhizobium_sp._AaZ16	87.952	830	83.2497	92.8412	0.0	1115
CLBJ-50-3-No|nifH|consensus50|pass_mixed_possible_multitemplate	nifH|Microvirga_sp._RSM25|XKE00370.1	Microvirga_sp._RSM25	89.520	792	79.4383	88.5906	0.0	1111
CLBJ-50-3-Rh|nifH|consensus50|pass_mixed_possible_multitemplate	nifH|Mesorhizobium_sp._AaZ16|XIK06011.1	Mesorhizobium_sp._AaZ16	87.546	819	82.1464	91.6107	0.0	1058
CLBJ-5-2-No|nifH|consensus50|pass_single_dominant	nifH|Mesorhizobium_sp._AaZ16|XIK06011.1	Mesorhizobium_sp._AaZ16	95.981	821	82.3470	91.8345	0.0	1349
CLBJ-5-2-Rh|nifH|consensus50|pass_mixed_possible_multitemplate	nifH|Mesorhizobium_sp._AaZ16|XIK06011.1	Mesorhizobium_sp._AaZ16	94.254	818	82.0461	91.4989	0.0	1309
CLBJ-5-2-Ro|nifH|consensus50|pass_mixed_possible_multitemplate	nifH|Mesorhizobium_sp._AaZ16|XIK06011.1	Mesorhizobium_sp._AaZ16	91.453	819	82.1464	91.6107	0.0	1258
CLBJ-6-3-No|nifH|consensus50|pass_mixed_possible_multitemplate	nifH|Mesorhizobium_sp._AaZ16|XIK06011.1	Mesorhizobium_sp._AaZ16	89.255	819	82.1464	91.6107	0.0	1121
CLBJ-7-1-No|nifH|consensus50|pass_single_dominant	nifH|Mesorhizobium_sp._AaZ16|XIK06011.1	Mesorhizobium_sp._AaZ16	90.476	819	82.1464	91.6107	0.0	1139
CLBJ-7-1-Rh|nifH|consensus50|pass_mixed_possible_multitemplate	nifH|Mesorhizobium_sp._AaZ16|XIK06011.1	Mesorhizobium_sp._AaZ16	85.912	795	79.7392	88.9262	0.0	1056
CLBJ-8-1-Rh|nifH|consensus50|pass_mixed_possible_multitemplate	nifH|Mesorhizobium_sp._AaZ16|XIK06011.1	Mesorhizobium_sp._AaZ16	89.744	819	82.1464	91.6107	0.0	1192
CLBJ-8-1-Ro|nifH|consensus50|pass_mixed_possible_multitemplate	nifH|Mesorhizobium_sp._AaZ16|XIK06011.1	Mesorhizobium_sp._AaZ16	88.684	813	81.5446	90.9396	0.0	1133
CLBJ-9-1-No|nifH|consensus50|pass_mixed_possible_multitemplate	nifH|Mesorhizobium_sp._WSM4083|XXN81638.1	Mesorhizobium_sp._WSM4083	85.732	813	81.5446	90.9396	0.0	975
CPER-1-No|nifH|consensus50|pass_single_dominant	nifH|Mesorhizobium_sp._AaZ16|XIK06011.1	Mesorhizobium_sp._AaZ16	96.337	819	82.1464	91.6107	0.0	1346
CPER-1-Rh|nifH|consensus50|pass_mixed_possible_multitemplate	nifH|Microvirga_sp._KLBC_81|PVE21514.1	Microvirga_sp._KLBC_81	87.377	816	81.8455	91.2752	0.0	1082
CPER-1-Ro|nifH|consensus50|pass_mixed_possible_multitemplate	nifH|Mesorhizobium_sp._AaZ16|XIK06011.1	Mesorhizobium_sp._AaZ16	88.645	819	82.1464	91.6107	0.0	1111
CPER-2-No|nifH|consensus50|pass_mixed_possible_multitemplate	nifH|Sinorhizobium_meliloti_(Rhizobium_meliloti)|XEM22073.1	Sinorhizobium_meliloti_(Rhizobium_meliloti)	95.238	819	82.1464	91.6107	0.0	1322
CPER-2-Rh|nifH|consensus50|pass_mixed_possible_multitemplate	nifH|Sinorhizobium_meliloti_(Rhizobium_meliloti)|XEM22073.1	Sinorhizobium_meliloti_(Rhizobium_meliloti)	87.546	819	82.1464	91.6107	0.0	1095
CPER-2-Ro|nifH|consensus50|pass_mixed_possible_multitemplate	nifH|Sinorhizobium_meliloti_(Rhizobium_meliloti)|XHY72514.1	Sinorhizobium_meliloti_(Rhizobium_meliloti)	90.720	819	82.1464	91.6107	0.0	1240
CPER-3-1-No|nifH|consensus50|pass_single_dominant	nifH|Sinorhizobium_meliloti_(Rhizobium_meliloti)|XHY72514.1	Sinorhizobium_meliloti_(Rhizobium_meliloti)	95.985	822	82.4473	91.9463	0.0	1349
CPER-3-1-Rh|nifH|consensus50|pass_single_dominant	nifH|Sinorhizobium_meliloti_(Rhizobium_meliloti)|XHY72514.1	Sinorhizobium_meliloti_(Rhizobium_meliloti)	96.324	816	81.8455	91.2752	0.0	1348
CPER-3-1-Ro|nifH|consensus50|pass_mixed_possible_multitemplate	nifH|Sinorhizobium_meliloti_(Rhizobium_meliloti)|XHY72514.1	Sinorhizobium_meliloti_(Rhizobium_meliloti)	92.770	816	81.8455	91.2752	0.0	1275
CPER-4-No|nifH|consensus50|pass_single_dominant	nifH|Sinorhizobium_meliloti_(Rhizobium_meliloti)|XHY72514.1	Sinorhizobium_meliloti_(Rhizobium_meliloti)	96.472	822	82.4473	91.9463	0.0	1356
CPER-4-Rh|nifH|consensus50|pass_mixed_possible_multitemplate	nifH|Sinorhizobium_meliloti_(Rhizobium_meliloti)|XHY72514.1	Sinorhizobium_meliloti_(Rhizobium_meliloti)	93.309	822	82.4473	91.9463	0.0	1304
CPER-4-Ro|nifH|consensus50|pass_mixed_possible_multitemplate	nifH|Sinorhizobium_meliloti_(Rhizobium_meliloti)|XHY72514.1	Sinorhizobium_meliloti_(Rhizobium_meliloti)	93.734	798	80.0401	89.2617	0.0	1267
CPER-5-1-No|nifH|consensus50|pass_single_dominant	nifH|Sinorhizobium_meliloti_(Rhizobium_meliloti)|XHY72514.1	Sinorhizobium_meliloti_(Rhizobium_meliloti)	96.594	822	82.4473	91.9463	0.0	1373
CPER-5-1-Rh|nifH|consensus50|pass_single_dominant	nifH|Sinorhizobium_meliloti_(Rhizobium_meliloti)|XHY72514.1	Sinorhizobium_meliloti_(Rhizobium_meliloti)	96.472	822	82.4473	91.9463	0.0	1367
CPER-5-1-Ro|nifH|consensus50|pass_mixed_possible_multitemplate	nifH|Sinorhizobium_meliloti_(Rhizobium_meliloti)|XHY72514.1	Sinorhizobium_meliloti_(Rhizobium_meliloti)	90.754	822	82.4473	91.9463	0.0	1223
DCFS-1-2-Rh|nifH|consensus50|pass_mixed_possible_multitemplate	nifH|Sinorhizobium_meliloti_(Rhizobium_meliloti)|XHY72514.1	Sinorhizobium_meliloti_(Rhizobium_meliloti)	85.312	817	81.9458	91.3870	0.0	977
DCFS-2-2-No|nifH|consensus50|pass_single_dominant	nifH|Sinorhizobium_meliloti_(Rhizobium_meliloti)|XEM22073.1	Sinorhizobium_meliloti_(Rhizobium_meliloti)	96.936	816	81.8455	91.2752	0.0	1378
DCFS-2-2-Rh|nifH|consensus50|pass_single_dominant	nifH|Rhizobium_sp._ZK1|XON24431.1	Rhizobium_sp._ZK1	90.582	807	80.9428	90.2685	0.0	1119
DCFS-2-2-Ro|nifH|consensus50|pass_single_dominant	nifH|Microvirga_lotononidis|WQO30062.1	Microvirga_lotononidis	88.753	818	82.0461	91.4989	0.0	1074
DCFS-3-2-No|nifH|consensus50|pass_mixed_possible_multitemplate	nifH|Sinorhizobium_meliloti_(Rhizobium_meliloti)|XHY72514.1	Sinorhizobium_meliloti_(Rhizobium_meliloti)	91.697	819	82.1464	91.6107	0.0	1237
DCFS-4-No|nifH|consensus50|pass_mixed_possible_multitemplate	nifH|Mesorhizobium_maamorense|XKI86421.1	Mesorhizobium_maamorense	89.242	818	82.0461	91.4989	0.0	1166
DCFS-4-Rh|nifH|consensus50|pass_mixed_possible_multitemplate	nifH|Mesorhizobium_sp._AaZ16|XIK06011.1	Mesorhizobium_sp._AaZ16	83.761	819	82.1464	91.6107	0.0	1010
DCFS-4-Ro|nifH|consensus50|pass_mixed_possible_multitemplate	nifH|Microvirga_sp._KLBC_81|PVE21514.1	Microvirga_sp._KLBC_81	84.249	819	82.1464	91.6107	0.0	1015
DCFS-5-1-No|nifH|consensus50|pass_mixed_possible_multitemplate	nifH|Sinorhizobium_meliloti_(Rhizobium_meliloti)|XHY72514.1	Sinorhizobium_meliloti_(Rhizobium_meliloti)	95.360	819	82.1464	91.6107	0.0	1326
DCFS-5-1-Rh|nifH|consensus50|pass_mixed_possible_multitemplate	nifH|Microvirga_lotononidis|WQO30062.1	Microvirga_lotononidis	86.131	822	82.4473	91.9463	0.0	1020
DCFS-5-1-Ro|nifH|consensus50|pass_mixed_possible_multitemplate	nifH|Ensifer_canadensis|UBI79453.1	Ensifer_canadensis	83.761	819	82.1464	91.6107	0.0	988
DCFS-6-1-No|nifH|consensus50|pass_mixed_possible_multitemplate	nifH|Sinorhizobium_meliloti_(Rhizobium_meliloti)|XHY72514.1	Sinorhizobium_meliloti_(Rhizobium_meliloti)	95.971	819	82.1464	91.6107	0.0	1356
DCFS-6-1-Rh|nifH|consensus50|pass_mixed_possible_multitemplate	nifH|Microvirga_sp._KLBC_81|PVE21514.1	Microvirga_sp._KLBC_81	85.104	819	82.1464	91.6107	0.0	1018
DCFS-6-1-Ro|nifH|consensus50|pass_mixed_possible_multitemplate	nifH|Mesorhizobium_sp._AaZ16|XIK06011.1	Mesorhizobium_sp._AaZ16	82.950	827	82.9488	92.5056	0.0	1042
DCFS-7-1-No|nifH|consensus50|pass_mixed_possible_multitemplate	nifH|Microvirga_sp._KLBC_81|PVE21514.1	Microvirga_sp._KLBC_81	84.615	819	82.1464	91.6107	0.0	994
DCFS-7-1-Rh|nifH|consensus50|pass_mixed_possible_multitemplate	nifH|Microvirga_sp._KLBC_81|PVE21514.1	Microvirga_sp._KLBC_81	86.642	816	81.8455	91.2752	0.0	1008
DCFS-7-1-Ro|nifH|consensus50|pass_mixed_possible_multitemplate	nifH|Mesorhizobium_sp._AaZ16|XIK06011.1	Mesorhizobium_sp._AaZ16	83.761	819	82.1464	91.6107	0.0	1048
DCFS-8-1-No|nifH|consensus50|pass_single_dominant	nifH|Sinorhizobium_meliloti_(Rhizobium_meliloti)|XHY72514.1	Sinorhizobium_meliloti_(Rhizobium_meliloti)	96.459	819	82.1464	91.6107	0.0	1365
DCFS-8-1-Rh|nifH|consensus50|pass_mixed_possible_multitemplate	nifH|Microvirga_lotononidis|WQO30062.1	Microvirga_lotononidis	84.249	819	82.1464	91.6107	0.0	990
DCFS-8-1-Ro|nifH|consensus50|pass_mixed_possible_multitemplate	nifH|Microvirga_sp._KLBC_81|PVE21514.1	Microvirga_sp._KLBC_81	82.906	819	82.1464	91.6107	0.0	1023
DEJU-10-1-No|nifH|consensus50|pass_mixed_possible_multitemplate	nifH|Microvirga_vignae|KLK90290.1	Microvirga_vignae	86.094	827	82.9488	92.5056	0.0	1100
DEJU-11-1-No|nifH|consensus50|pass_mixed_possible_multitemplate	nifH|Rhizobium_sp._YTUHZ044|XXA98993.1	Rhizobium_sp._YTUHZ044	89.320	824	82.6479	92.1700	0.0	1182
DEJU-11-1-Ro|nifH|consensus50|pass_mixed_possible_multitemplate	nifH|Neorhizobium_galegae|AIY31028.1	Neorhizobium_galegae	96.123	748	75.0251	98.4211	0.0	1262
DEJU-1-1-No|nifH|consensus50|pass_single_dominant	nifH|Mesorhizobium_sp._AaZ16|XIK06011.1	Mesorhizobium_sp._AaZ16	88.043	828	83.0491	92.6174	0.0	1055
DEJU-18-1-No|nifH|consensus50|pass_mixed_possible_multitemplate	nifH|Mesorhizobium_sp._AaZ16|XIK06011.1	Mesorhizobium_sp._AaZ16	85.422	830	83.2497	92.8412	0.0	1064
DEJU-20-1-No|nifH|consensus50|pass_mixed_possible_multitemplate	nifH|Microvirga_sp._RSM25|XKE00370.1	Microvirga_sp._RSM25	83.738	824	82.6479	92.1700	0.0	1010
DEJU-22-1-Rh|nifH|consensus50|pass_mixed_possible_multitemplate	nifH|Microvirga_lotononidis|WQO30062.1	Microvirga_lotononidis	82.709	827	82.9488	92.5056	0.0	945
DEJU-28-2-No|nifH|consensus50|pass_mixed_possible_multitemplate	nifH|Sinorhizobium_meliloti_(Rhizobium_meliloti)|XEM22073.1	Sinorhizobium_meliloti_(Rhizobium_meliloti)	87.745	816	81.8455	91.2752	0.0	1113
DEJU-3-1-No|nifH|consensus50|pass_single_dominant	nifH|Mesorhizobium_sp._AaZ16|XIK06011.1	Mesorhizobium_sp._AaZ16	84.116	831	83.3501	92.9530	0.0	927
DEJU-3-1-Rh|nifH|consensus50|pass_mixed_possible_multitemplate	nifH|Mesorhizobium_sp._AaZ16|XIK06011.1	Mesorhizobium_sp._AaZ16	87.713	822	82.4473	91.9463	0.0	1131
DEJU-3-1-Ro|nifH|consensus50|pass_mixed_possible_multitemplate	nifH|Mesorhizobium_sp._AaZ16|XIK06011.1	Mesorhizobium_sp._AaZ16	91.087	819	82.1464	91.6107	0.0	1215
DEJU-32-Ro|nifH|consensus50|pass_mixed_possible_multitemplate	nifH|Bradyrhizobium_sp._PUT101|XYX37671.1	Bradyrhizobium_sp._PUT101	85.404	829	83.1494	93.6723	0.0	989
DEJU-37-No|nifH|consensus50|pass_single_dominant	nifH|Mesorhizobium_sp._AaZ16|XIK06011.1	Mesorhizobium_sp._AaZ16	85.556	810	81.2437	90.6040	0.0	974
DEJU-38-Rh|nifH|consensus50|pass_mixed_possible_multitemplate	nifH|Bradyrhizobium_sp._PUT101|XYX37671.1	Bradyrhizobium_sp._PUT101	85.766	829	83.1494	93.6723	0.0	1019
DEJU-39-No|nifH|consensus50|pass_single_dominant	nifH|Microvirga_lotononidis|WQO30062.1	Microvirga_lotononidis	84.662	828	83.0491	92.6174	0.0	933
DEJU-39-Ro|nifH|consensus50|pass_mixed_possible_multitemplate	nifH|Microvirga_lotononidis|WQO30062.1	Microvirga_lotononidis	87.770	834	83.6510	93.2886	0.0	1063
DEJU-40-No|nifH|consensus50|pass_single_dominant	nifH|Mesorhizobium_sp._AaZ16|XIK06011.1	Mesorhizobium_sp._AaZ16	84.412	834	83.6510	93.2886	0.0	933
DEJU-40-Ro|nifH|consensus50|pass_mixed_possible_multitemplate	nifH|Burkholderia_vietnamiensis|KVE58540.1	Burkholderia_vietnamiensis	84.867	826	82.8485	93.6508	0.0	981
DEJU-41-1-Ro|nifH|consensus50|pass_mixed_possible_multitemplate	nifH|Microvirga_lotononidis|WQO30062.1	Microvirga_lotononidis	87.790	819	82.1464	91.6107	0.0	1056
DEJU-4-1-No|nifH|consensus50|pass_mixed_possible_multitemplate	nifH|Mesorhizobium_sp._AaZ16|XIK06011.1	Mesorhizobium_sp._AaZ16	87.302	819	82.1464	91.6107	0.0	1070
DEJU-42-No|nifH|consensus50|pass_single_dominant	nifH|Mesorhizobium_sp._AaZ16|XIK06011.1	Mesorhizobium_sp._AaZ16	87.077	828	83.0491	92.6174	0.0	1040
DEJU-42-Rh|nifH|consensus50|pass_mixed_possible_multitemplate	nifH|Microvirga_lotononidis|WQO30062.1	Microvirga_lotononidis	82.671	831	83.3501	92.9530	0.0	959
DEJU-42-Ro|nifH|consensus50|pass_mixed_possible_multitemplate	nifH|Mesorhizobium_sp._AaZ16|XIK06011.1	Mesorhizobium_sp._AaZ16	86.715	828	83.0491	92.6174	0.0	1047
DEJU-43-No|nifH|consensus50|pass_single_dominant	nifH|Mesorhizobium_sp._AaZ16|XIK06011.1	Mesorhizobium_sp._AaZ16	83.153	831	83.3501	92.9530	0.0	916
DEJU-44-No|nifH|consensus50|pass_mixed_possible_multitemplate	nifH|Mesorhizobium_sp._AaZ16|XIK06011.1	Mesorhizobium_sp._AaZ16	85.507	828	83.0491	92.6174	0.0	1012
DEJU-44-Ro|nifH|consensus50|pass_mixed_possible_multitemplate	nifH|Mesorhizobium_sp._AaZ16|XIK06011.1	Mesorhizobium_sp._AaZ16	85.680	824	82.6479	92.1700	0.0	1052
DEJU-45-1-Ro|nifH|consensus50|pass_mixed_possible_multitemplate	nifH|Mesorhizobium_sp._AaZ16|XIK06011.1	Mesorhizobium_sp._AaZ16	85.145	828	83.0491	92.6174	0.0	1021
DEJU-46-Ro|nifH|consensus50|pass_single_dominant	nifH|Mesorhizobium_sp._AaZ16|XIK06011.1	Mesorhizobium_sp._AaZ16	87.802	828	83.0491	92.6174	0.0	1039
DEJU-47-No|nifH|consensus50|pass_mixed_possible_multitemplate	nifH|Mesorhizobium_sp._AaZ16|XIK06011.1	Mesorhizobium_sp._AaZ16	83.514	831	83.3501	92.9530	0.0	957
DEJU-48-No|nifH|consensus50|pass_mixed_possible_multitemplate	nifH|Mesorhizobium_sp._AaZ16|XIK06011.1	Mesorhizobium_sp._AaZ16	85.714	819	82.1464	91.6107	0.0	1030
DEJU-50-No|nifH|consensus50|pass_mixed_possible_multitemplate	nifH|Mesorhizobium_sp._WSM4083|XXN81638.1	Mesorhizobium_sp._WSM4083	83.761	819	82.1464	91.6107	0.0	969
DEJU-51-1-Rh|nifH|consensus50|pass_mixed_possible_multitemplate	nifH|Bradyrhizobium_sp._PUT101|XYX37671.1	Bradyrhizobium_sp._PUT101	82.509	829	83.1494	93.6723	0.0	944
DEJU-5-1-Ro|nifH|consensus50|pass_mixed_possible_multitemplate	nifH|Mesorhizobium_sp._WSM4083|XXN81638.1	Mesorhizobium_sp._WSM4083	83.212	822	82.4473	91.9463	0.0	943
DEJU-52-1-No|nifH|consensus50|pass_mixed_possible_multitemplate	nifH|Mesorhizobium_sp._AaZ16|XIK06011.1	Mesorhizobium_sp._AaZ16	89.130	828	83.0491	92.6174	0.0	1148
DEJU-54-No|nifH|consensus50|pass_single_dominant	nifH|Mesorhizobium_sp._AaZ16|XIK06011.1	Mesorhizobium_sp._AaZ16	84.160	827	82.9488	92.5056	0.0	925
DEJU-54-Rh|nifH|consensus50|pass_mixed_possible_multitemplate	nifH|Mesorhizobium_sp._WSM4083|XXN81638.1	Mesorhizobium_sp._WSM4083	84.915	822	82.4473	91.9463	0.0	976
DEJU-55-No|nifH|consensus50|pass_mixed_possible_multitemplate	nifH|Mesorhizobium_sp._AaZ16|XIK06011.1	Mesorhizobium_sp._AaZ16	86.699	827	82.9488	92.5056	0.0	1108
DEJU-55-Rh|nifH|consensus50|pass_mixed_possible_multitemplate	nifH|Mesorhizobium_sp._AaZ16|XIK06011.1	Mesorhizobium_sp._AaZ16	83.875	831	83.3501	92.9530	0.0	967
DEJU-55-Ro|nifH|consensus50|pass_mixed_possible_multitemplate	nifH|Sinorhizobium_meliloti_(Rhizobium_meliloti)|XEM22073.1	Sinorhizobium_meliloti_(Rhizobium_meliloti)	87.199	789	79.1374	88.2550	0.0	1046
DEJU-57-No|nifH|consensus50|pass_mixed_possible_multitemplate	nifH|Mesorhizobium_sp._AaZ16|XIK06011.1	Mesorhizobium_sp._AaZ16	86.094	827	82.9488	92.5056	0.0	1109
DEJU-57-Rh|nifH|consensus50|pass_mixed_possible_multitemplate	nifH|Bradyrhizobium_sp._PUT101|XYX37671.1	Bradyrhizobium_sp._PUT101	83.192	827	82.9488	93.4463	0.0	943
DEJU-57-Ro|nifH|consensus50|pass_mixed_possible_multitemplate	nifH|Microvirga_sp._RSM25|XKE00370.1	Microvirga_sp._RSM25	83.494	830	83.2497	92.8412	0.0	1049
DEJU-58-Rh|nifH|consensus50|pass_single_dominant	nifH|Bradyrhizobium_sp._PUT101|XYX37671.1	Bradyrhizobium_sp._PUT101	85.042	829	83.1494	93.6723	0.0	979
DEJU-59-No|nifH|consensus50|pass_mixed_possible_multitemplate	nifH|Ensifer_canadensis|UBI79453.1	Ensifer_canadensis	83.578	816	81.8455	91.2752	0.0	985
DEJU-59-Ro|nifH|consensus50|pass_mixed_possible_multitemplate	nifH|Microvirga_sp._RSM25|XKE00370.1	Microvirga_sp._RSM25	85.316	824	82.6479	92.1700	0.0	1062
DEJU-60-Rh|nifH|consensus50|pass_single_dominant	nifH|Bradyrhizobium_sp._PUT101|XYX37671.1	Bradyrhizobium_sp._PUT101	84.801	829	83.1494	93.6723	0.0	968
DEJU-60-Ro|nifH|consensus50|pass_mixed_possible_multitemplate	nifH|Sinorhizobium_meliloti_(Rhizobium_meliloti)|XEM22073.1	Sinorhizobium_meliloti_(Rhizobium_meliloti)	85.539	816	81.8455	91.2752	0.0	1021
DEJU-6-1-No|nifH|consensus50|pass_mixed_possible_multitemplate	nifH|Mesorhizobium_sp._WSM4083|XXN81638.1	Mesorhizobium_sp._WSM4083	86.569	819	82.1464	91.6107	0.0	1045
DEJU-62-1-No|nifH|consensus50|pass_single_dominant	nifH|Mesorhizobium_sp._AaZ16|XIK06011.1	Mesorhizobium_sp._AaZ16	88.568	831	83.3501	92.9530	0.0	1086
DEJU-63-No|nifH|consensus50|pass_mixed_possible_multitemplate	nifH|Microvirga_sp._KLBC_81|PVE21514.1	Microvirga_sp._KLBC_81	85.012	834	83.6510	93.2886	0.0	979
DEJU-63-Rh|nifH|consensus50|pass_mixed_possible_multitemplate	nifH|Bradyrhizobium_sp._PUT101|XYX37671.1	Bradyrhizobium_sp._PUT101	84.680	829	83.1494	93.6723	0.0	975
DEJU-7-1-No|nifH|consensus50|pass_mixed_possible_multitemplate	nifH|Rhizobium_azibense|CAO4004957.1	Rhizobium_azibense	81.983	827	82.9488	92.5056	0.0	1060
DEJU-7-1-Rh|nifH|consensus50|pass_mixed_possible_multitemplate	nifH|Bradyrhizobium_sp._PUT101|XYX37671.1	Bradyrhizobium_sp._PUT101	85.283	829	83.1494	93.6723	0.0	1020
DEJU-8-1-Rh|nifH|consensus50|pass_single_dominant	nifH|Mesorhizobium_sp._RIZ17|XXB69634.1	Mesorhizobium_sp._RIZ17	84.211	817	81.9458	91.3870	0.0	935
DEJU-9-1-Ro|nifH|consensus50|pass_mixed_possible_multitemplate	nifH|Microvirga_sp._KLBC_81|PVE21514.1	Microvirga_sp._KLBC_81	82.530	830	83.2497	92.8412	0.0	962
DELA-10-2-No|nifH|consensus50|pass_mixed_possible_multitemplate	nifH|Bradyrhizobium_ottawaense|XZF72199.1	Bradyrhizobium_ottawaense	83.192	827	82.9488	93.4463	0.0	977
DELA-10-2-Ro|nifH|consensus50|pass_mixed_possible_multitemplate	nifH|Mesorhizobium_sp._WSM4083|XXN81638.1	Mesorhizobium_sp._WSM4083	81.685	819	82.1464	91.6107	0.0	922
DELA-11-3-No|nifH|consensus50|pass_mixed_possible_multitemplate	nifH|Burkholderia_vietnamiensis|KVE08790.1	Burkholderia_vietnamiensis	85.917	845	84.7543	95.8050	0.0	1028
DELA-11-3-Ro|nifH|consensus50|pass_mixed_possible_multitemplate	nifH|Bradyrhizobium_sp._PUT101|XYX37671.1	Bradyrhizobium_sp._PUT101	85.018	841	84.3531	95.0282	0.0	1021
DELA-12-2-No|nifH|consensus50|pass_mixed_possible_multitemplate	nifH|Bradyrhizobium_ottawaense|XZF72199.1	Bradyrhizobium_ottawaense	85.956	826	82.8485	93.3333	0.0	1000
DELA-12-2-Rh|nifH|consensus50|pass_single_dominant	nifH|Mesorhizobium_sp._AaZ16|XIK06011.1	Mesorhizobium_sp._AaZ16	89.117	827	82.9488	92.5056	0.0	1117
DELA-13-1-No|nifH|consensus50|pass_mixed_possible_multitemplate	nifH|Mesorhizobium_sp._AaZ16|XIK06011.1	Mesorhizobium_sp._AaZ16	89.461	816	81.8455	91.2752	0.0	1189
DELA-13-1-Rh|nifH|consensus50|pass_mixed_possible_multitemplate	nifH|Mesorhizobium_sp._AaZ16|XIK06011.1	Mesorhizobium_sp._AaZ16	88.875	800	80.2407	89.4855	0.0	1158
DELA-1-3-No|nifH|consensus50|pass_single_dominant	nifH|Rhizobium_sp._ZK1|XON24431.1	Rhizobium_sp._ZK1	93.373	830	83.2497	92.8412	0.0	1250
DELA-1-3-Rh|nifH|consensus50|pass_single_dominant	nifH|Rhizobium_sp._ZK1|XON24431.1	Rhizobium_sp._ZK1	93.046	834	83.6510	93.2886	0.0	1249
DELA-1-3-Ro|nifH|consensus50|pass_mixed_possible_multitemplate	nifH|Rhizobium_sp._YTUHZ044|XXA98993.1	Rhizobium_sp._YTUHZ044	86.148	823	82.5476	92.0582	0.0	1043
DELA-14-2-No|nifH|consensus50|pass_mixed_possible_multitemplate	nifH|Mesorhizobium_sp._AaZ16|XIK06011.1	Mesorhizobium_sp._AaZ16	86.457	827	82.9488	92.5056	0.0	1011
DELA-14-2-Rh|nifH|consensus50|pass_mixed_possible_multitemplate	nifH|Mesorhizobium_sp._AaZ16|XIK06011.1	Mesorhizobium_sp._AaZ16	94.417	824	82.6479	92.1700	0.0	1323
DELA-14-2-Ro|nifH|consensus50|pass_mixed_possible_multitemplate	nifH|Mesorhizobium_sp._AaZ16|XIK06011.1	Mesorhizobium_sp._AaZ16	93.162	819	82.1464	91.6107	0.0	1279
DELA-15-1-No|nifH|consensus50|pass_mixed_possible_multitemplate	nifH|Mesorhizobium_sp._AaZ16|XIK06011.1	Mesorhizobium_sp._AaZ16	86.935	819	82.1464	91.6107	0.0	1141
DELA-15-1-Rh|nifH|consensus50|pass_mixed_possible_multitemplate	nifH|Mesorhizobium_sp._AaZ16|XIK06011.1	Mesorhizobium_sp._AaZ16	87.304	827	82.9488	92.5056	0.0	1159
DELA-15-1-Ro|nifH|consensus50|pass_mixed_possible_multitemplate	nifH|Mesorhizobium_sp._AaZ16|XIK06011.1	Mesorhizobium_sp._AaZ16	88.755	827	82.9488	92.5056	0.0	1192
DELA-16-No|nifH|consensus50|pass_mixed_possible_multitemplate	nifH|Microvirga_sp._KLBC_81|PVE21514.1	Microvirga_sp._KLBC_81	81.608	821	82.3470	91.8345	0.0	916
DELA-16-Ro|nifH|consensus50|pass_mixed_possible_multitemplate	nifH|Bradyrhizobium_sp._PUT101|XYX37671.1	Bradyrhizobium_sp._PUT101	84.680	829	83.1494	93.6723	0.0	986
DELA-17-1-No|nifH|consensus50|pass_mixed_possible_multitemplate	nifH|Bradyrhizobium_sp._SPXBL-04|XYL77982.1	Bradyrhizobium_sp._SPXBL-04	84.217	830	83.2497	93.7853	0.0	992
DELA-17-1-Ro|nifH|consensus50|pass_mixed_possible_multitemplate	nifH|Bradyrhizobium_sp._PUT101|XYX37671.1	Bradyrhizobium_sp._PUT101	86.369	829	83.1494	93.6723	0.0	1048
DELA-18-2-No|nifH|consensus50|pass_mixed_possible_multitemplate	nifH|Mesorhizobium_sp._AaZ16|XIK06011.1	Mesorhizobium_sp._AaZ16	85.145	828	83.0491	92.6174	0.0	1042
DELA-18-2-Rh|nifH|consensus50|pass_mixed_possible_multitemplate	nifH|Mesorhizobium_sp._AaZ16|XIK06011.1	Mesorhizobium_sp._AaZ16	86.520	816	81.8455	91.2752	0.0	1137
DELA-18-2-Ro|nifH|consensus50|pass_mixed_possible_multitemplate	nifH|Mesorhizobium_sp._AaZ16|XIK06011.1	Mesorhizobium_sp._AaZ16	90.898	824	82.6479	92.1700	0.0	1239
DELA-19-1-No|nifH|consensus50|pass_mixed_possible_multitemplate	nifH|Bradyrhizobium_sp._PUT101|XYX37671.1	Bradyrhizobium_sp._PUT101	86.248	829	83.1494	93.6723	0.0	1047
DELA-19-1-Rh|nifH|consensus50|pass_mixed_possible_multitemplate	nifH|Bradyrhizobium_sp._PUT101|XYX37671.1	Bradyrhizobium_sp._PUT101	86.731	829	83.1494	93.6723	0.0	1048
DELA-19-1-Ro|nifH|consensus50|pass_mixed_possible_multitemplate	nifH|Bradyrhizobium_sp._PUT101|XYX37671.1	Bradyrhizobium_sp._PUT101	87.214	829	83.1494	93.6723	0.0	1058
DELA-20-1-No|nifH|consensus50|pass_mixed_possible_multitemplate	nifH|Mesorhizobium_sp._AaZ16|XIK06011.1	Mesorhizobium_sp._AaZ16	85.490	827	82.9488	92.5056	0.0	1045
DELA-20-1-Rh|nifH|consensus50|pass_mixed_possible_multitemplate	nifH|Mesorhizobium_sp._AaZ16|XIK06011.1	Mesorhizobium_sp._AaZ16	89.583	816	81.8455	91.2752	0.0	1199
DELA-20-1-Ro|nifH|consensus50|pass_mixed_possible_multitemplate	nifH|Mesorhizobium_sp._AaZ16|XIK06011.1	Mesorhizobium_sp._AaZ16	86.325	819	82.1464	91.6107	0.0	1110
DELA-21-1-No|nifH|consensus50|pass_single_dominant	nifH|Bradyrhizobium_ottawaense|XZF72199.1	Bradyrhizobium_ottawaense	86.036	845	84.7543	95.4802	0.0	1030
DELA-21-1-Ro|nifH|consensus50|pass_mixed_possible_multitemplate	nifH|Bradyrhizobium_sp._PUT101|XYX37671.1	Bradyrhizobium_sp._PUT101	86.490	829	83.1494	93.6723	0.0	1038
DELA-22-1-No|nifH|consensus50|pass_mixed_possible_multitemplate	nifH|Bradyrhizobium_sp._PUT101|XYX37671.1	Bradyrhizobium_sp._PUT101	86.731	829	83.1494	93.6723	0.0	1036
DELA-22-1-Rh|nifH|consensus50|pass_mixed_possible_multitemplate	nifH|Mesorhizobium_sp._AaZ16|XIK06011.1	Mesorhizobium_sp._AaZ16	85.766	822	82.4473	91.9463	0.0	997
DELA-22-1-Ro|nifH|consensus50|pass_mixed_possible_multitemplate	nifH|Mesorhizobium_sp._RIZ17|XXB69634.1	Mesorhizobium_sp._RIZ17	81.084	830	83.2497	92.8412	0.0	909
DELA-2-2-No|nifH|consensus50|pass_single_dominant	nifH|Bradyrhizobium_sp._PUT101|XYX37671.1	Bradyrhizobium_sp._PUT101	84.922	829	83.1494	93.6723	0.0	976
DELA-2-2-Rh|nifH|consensus50|pass_mixed_possible_multitemplate	nifH|Burkholderia_vietnamiensis|KVE92620.1	Burkholderia_vietnamiensis	84.217	830	83.2497	94.1043	0.0	979
DELA-2-2-Ro|nifH|consensus50|pass_mixed_possible_multitemplate	nifH|Mesorhizobium_sp._AaZ16|XIK06011.1	Mesorhizobium_sp._AaZ16	86.569	819	82.1464	91.6107	0.0	1048
DELA-23-2-No|nifH|consensus50|pass_mixed_possible_multitemplate	nifH|Bradyrhizobium_sp._SPXBL-04|XYL77982.1	Bradyrhizobium_sp._SPXBL-04	85.199	831	83.3501	93.8983	0.0	985
DELA-23-2-Rh|nifH|consensus50|pass_mixed_possible_multitemplate	nifH|Bradyrhizobium_sp._PUT101|XYX37671.1	Bradyrhizobium_sp._PUT101	85.283	829	83.1494	93.6723	0.0	998
DELA-23-2-Ro|nifH|consensus50|pass_mixed_possible_multitemplate	nifH|Bradyrhizobium_ottawaense|XZF72199.1	Bradyrhizobium_ottawaense	83.173	832	83.4504	94.0113	0.0	964
DELA-24-1-No|nifH|consensus50|pass_mixed_possible_multitemplate	nifH|Bradyrhizobium_ottawaense|XZF72199.1	Bradyrhizobium_ottawaense	85.301	830	83.2497	93.7853	0.0	1009
DELA-24-1-Rh|nifH|consensus50|pass_mixed_possible_multitemplate	nifH|Mesorhizobium_sp._AaZ16|XIK06011.1	Mesorhizobium_sp._AaZ16	87.790	819	82.1464	91.6107	0.0	1166
DELA-25-2-Ro|nifH|consensus50|pass_mixed_possible_multitemplate	nifH|Mesorhizobium_sp._AaZ16|XIK06011.1	Mesorhizobium_sp._AaZ16	89.281	821	82.3470	91.8345	0.0	1148
DELA-26-3-No|nifH|consensus50|pass_mixed_possible_multitemplate	nifH|Mesorhizobium_sp._AaZ16|XIK06011.1	Mesorhizobium_sp._AaZ16	90.206	827	82.9488	92.5056	0.0	1159
DELA-26-3-Rh|nifH|consensus50|pass_mixed_possible_multitemplate	nifH|Mesorhizobium_sp._AaZ16|XIK06011.1	Mesorhizobium_sp._AaZ16	90.288	834	83.6510	93.2886	0.0	1161
DELA-26-3-Ro|nifH|consensus50|pass_single_dominant	nifH|Mesorhizobium_sp._AaZ16|XIK06011.1	Mesorhizobium_sp._AaZ16	90.810	827	82.9488	92.5056	0.0	1157
DELA-27-3-No|nifH|consensus50|pass_single_dominant	nifH|Mesorhizobium_sp._AaZ16|XIK06011.1	Mesorhizobium_sp._AaZ16	90.723	830	83.2497	92.8412	0.0	1150
DELA-27-3-Rh|nifH|consensus50|pass_mixed_possible_multitemplate	nifH|Mesorhizobium_sp._AaZ16|XIK06011.1	Mesorhizobium_sp._AaZ16	84.307	822	82.4473	91.9463	0.0	1006
DELA-27-3-Ro|nifH|consensus50|pass_mixed_possible_multitemplate	nifH|Bradyrhizobium_sp._PUT101|XYX37671.1	Bradyrhizobium_sp._PUT101	84.560	829	83.1494	93.6723	0.0	987
DELA-28-No|nifH|consensus50|pass_single_dominant	nifH|Rhizobium_sp._ZK1|XON24431.1	Rhizobium_sp._ZK1	86.024	830	83.2497	92.8412	0.0	987
DELA-28-Rh|nifH|consensus50|pass_mixed_possible_multitemplate	nifH|Burkholderia_vietnamiensis|KVE92620.1	Burkholderia_vietnamiensis	81.535	834	83.6510	94.5578	0.0	940
DELA-28-Ro|nifH|consensus50|pass_mixed_possible_multitemplate	nifH|Burkholderia_vietnamiensis|KVE77649.1	Burkholderia_vietnamiensis	82.339	838	84.0522	95.0113	0.0	969
DELA-29-1-No|nifH|consensus50|pass_mixed_possible_multitemplate	nifH|Rhizobium_sp._YTUHZ044|XXA98993.1	Rhizobium_sp._YTUHZ044	90.964	830	83.2497	92.8412	0.0	1223
DELA-29-1-Rh|nifH|consensus50|pass_mixed_possible_multitemplate	nifH|Rhizobium_sp._YTUHZ044|XXA98993.1	Rhizobium_sp._YTUHZ044	92.289	830	83.2497	92.8412	0.0	1242
DELA-29-1-Ro|nifH|consensus50|pass_mixed_possible_multitemplate	nifH|Rhizobium_sp._YTUHZ044|XXA98993.1	Rhizobium_sp._YTUHZ044	87.591	822	82.4473	91.9463	0.0	1117
DELA-30-2-Rh|nifH|consensus50|pass_mixed_possible_multitemplate	nifH|Bradyrhizobium_sp._PUT101|XYX37671.1	Bradyrhizobium_sp._PUT101	83.353	829	83.1494	93.6723	0.0	967
DELA-30-2-Ro|nifH|consensus50|pass_mixed_possible_multitemplate	nifH|Mesorhizobium_sp._AaZ16|XIK06011.1	Mesorhizobium_sp._AaZ16	85.783	830	83.2497	92.8412	0.0	1000
DELA-31-1-No|nifH|consensus50|pass_mixed_possible_multitemplate	nifH|Bradyrhizobium_ottawaense|XZF72199.1	Bradyrhizobium_ottawaense	84.420	828	83.0491	93.5593	0.0	966
DELA-31-1-Rh|nifH|consensus50|pass_mixed_possible_multitemplate	nifH|Rhizobium_sp._YTUHZ044|XXA98993.1	Rhizobium_sp._YTUHZ044	84.819	830	83.2497	92.8412	0.0	1086
DELA-31-1-Ro|nifH|consensus50|pass_mixed_possible_multitemplate	nifH|Rhizobium_sp._YTUHZ044|XXA98993.1	Rhizobium_sp._YTUHZ044	83.735	830	83.2497	92.8412	0.0	1053
DELA-32-1-No|nifH|consensus50|pass_single_dominant	nifH|Mesorhizobium_sp._AaZ16|XIK06011.1	Mesorhizobium_sp._AaZ16	92.382	827	82.9488	92.5056	0.0	1219
DELA-32-1-Ro|nifH|consensus50|pass_mixed_possible_multitemplate	nifH|Microvirga_sp._KLBC_81|PVE21514.1	Microvirga_sp._KLBC_81	81.441	819	82.1464	91.6107	0.0	948
DELA-33-1-Rh|nifH|consensus50|pass_mixed_possible_multitemplate	nifH|Mesorhizobium_sp._WSM4083|XXN81638.1	Mesorhizobium_sp._WSM4083	85.470	819	82.1464	91.6107	0.0	1006
DELA-33-1-Ro|nifH|consensus50|pass_mixed_possible_multitemplate	nifH|Bradyrhizobium_sp._PUT101|XYX37671.1	Bradyrhizobium_sp._PUT101	86.852	829	83.1494	93.6723	0.0	1042
DELA-3-3-No|nifH|consensus50|pass_mixed_possible_multitemplate	nifH|Bradyrhizobium_sp._SPXBL-04|XYL77982.1	Bradyrhizobium_sp._SPXBL-04	86.336	827	82.9488	93.4463	0.0	1010
DELA-3-3-Rh|nifH|consensus50|pass_mixed_possible_multitemplate	nifH|Bradyrhizobium_sp._SPXBL-04|XYL77982.1	Bradyrhizobium_sp._SPXBL-04	84.976	832	83.4504	94.0113	0.0	1001
DELA-3-3-Ro|nifH|consensus50|pass_mixed_possible_multitemplate	nifH|Bradyrhizobium_sp._PUT101|XYX37671.1	Bradyrhizobium_sp._PUT101	83.836	829	83.1494	93.6723	0.0	1009
DELA-4-1-No|nifH|consensus50|pass_single_dominant	nifH|Bradyrhizobium_ottawaense|XZF72199.1	Bradyrhizobium_ottawaense	83.855	830	83.2497	93.7853	0.0	923
DELA-4-1-Ro|nifH|consensus50|pass_mixed_possible_multitemplate	nifH|Bradyrhizobium_sp._PUT101|XYX37671.1	Bradyrhizobium_sp._PUT101	83.017	842	84.4534	95.1412	0.0	950
DELA-5-1-No|nifH|consensus50|pass_mixed_possible_multitemplate	nifH|Bradyrhizobium_sp._Pa8|YAD91743.1	Bradyrhizobium_sp._Pa8	85.525	829	83.1494	93.0415	0.0	993
DELA-6-3-No|nifH|consensus50|pass_single_dominant	nifH|Bradyrhizobium_sp._Pa8|YAD91743.1	Bradyrhizobium_sp._Pa8	83.676	827	82.9488	92.8171	0.0	915
DELA-6-3-Ro|nifH|consensus50|pass_mixed_possible_multitemplate	nifH|Bradyrhizobium_sp._PUT101|XYX37671.1	Bradyrhizobium_sp._PUT101	87.937	829	83.1494	93.6723	0.0	1079
DELA-7-3-No|nifH|consensus50|pass_single_dominant	nifH|Mesorhizobium_caraganae|CAN7239890.1	Mesorhizobium_caraganae	85.301	830	83.2497	92.8412	0.0	964
DELA-8-2-Rh|nifH|consensus50|pass_single_dominant	nifH|Bradyrhizobium_sp._PUT101|XYX37671.1	Bradyrhizobium_sp._PUT101	84.597	831	83.3501	93.8983	0.0	959
DELA-8-2-Ro|nifH|consensus50|pass_mixed_possible_multitemplate	nifH|Mesorhizobium_sp._AaZ16|XIK06011.1	Mesorhizobium_sp._AaZ16	86.763	831	83.3501	92.9530	0.0	1043
DELA-9-1-No|nifH|consensus50|pass_single_dominant	nifH|Mesorhizobium_sp._AaZ16|XIK06011.1	Mesorhizobium_sp._AaZ16	88.996	827	82.9488	92.5056	0.0	1094
DELA-9-1-Ro|nifH|consensus50|pass_mixed_possible_multitemplate	nifH|Microvirga_lotononidis|WQO30062.1	Microvirga_lotononidis	85.731	834	83.6510	93.2886	0.0	1084
DSNY-101-1-No|nifH|consensus50|pass_single_dominant	nifH|Bradyrhizobium_sp._PMVTL-01|XYL30502.1	Bradyrhizobium_sp._PMVTL-01	85.216	832	83.4504	94.0113	0.0	965
DSNY-101-1-Rh|nifH|consensus50|pass_mixed_possible_multitemplate	nifH|Bradyrhizobium_sp._PUT101|XYX37671.1	Bradyrhizobium_sp._PUT101	85.163	829	83.1494	93.6723	0.0	1008
DSNY-10-3-No|nifH|consensus50|pass_single_dominant	nifH|Mesorhizobium_sp._AaZ16|XIK06011.1	Mesorhizobium_sp._AaZ16	88.480	816	81.8455	91.2752	0.0	1059
DSNY-10-3-Rh|nifH|consensus50|pass_single_dominant	nifH|Microvirga_sp._KLBC_81|PVE21514.1	Microvirga_sp._KLBC_81	89.375	800	80.2407	89.4855	0.0	1067
DSNY-11-3-No|nifH|consensus50|pass_mixed_possible_multitemplate	nifH|Bradyrhizobium_sp._PMVTL-01|XYL30502.1	Bradyrhizobium_sp._PMVTL-01	85.819	818	82.0461	92.4294	0.0	1005
DSNY-12-2-No|nifH|consensus50|pass_mixed_possible_multitemplate	nifH|Mesorhizobium_sp._AaZ16|XIK06011.1	Mesorhizobium_sp._AaZ16	82.310	831	83.3501	92.9530	0.0	963
DSNY-12-2-Ro|nifH|consensus50|pass_mixed_possible_multitemplate	nifH|Mesorhizobium_sp._WSM4083|XXN81638.1	Mesorhizobium_sp._WSM4083	81.873	822	82.4473	91.9463	0.0	1001
DSNY-13-1-No|nifH|consensus50|pass_mixed_possible_multitemplate	nifH|Mesorhizobium_sp._RIZ17|XXB69634.1	Mesorhizobium_sp._RIZ17	83.656	826	82.8485	92.3937	0.0	930
DSNY-13-1-Rh|nifH|consensus50|pass_mixed_possible_multitemplate	nifH|Microvirga_sp._KLBC_81|PVE21514.1	Microvirga_sp._KLBC_81	85.888	822	82.4473	91.9463	0.0	1049
DSNY-13-1-Ro|nifH|consensus50|pass_mixed_possible_multitemplate	nifH|Sinorhizobium_meliloti_(Rhizobium_meliloti)|XEM22073.1	Sinorhizobium_meliloti_(Rhizobium_meliloti)	84.654	795	79.7392	88.9262	0.0	950
DSNY-14-1-No|nifH|consensus50|pass_mixed_possible_multitemplate	nifH|Mesorhizobium_sp._WSM4083|XXN81638.1	Mesorhizobium_sp._WSM4083	85.662	816	81.8455	91.2752	0.0	988
DSNY-14-1-Rh|nifH|consensus50|pass_mixed_possible_multitemplate	nifH|Microvirga_lotononidis|WQO30062.1	Microvirga_lotononidis	84.559	816	81.8455	91.2752	0.0	1025
DSNY-15-1-No|nifH|consensus50|pass_mixed_possible_multitemplate	nifH|Microvirga_sp._KLBC_81|PVE21514.1	Microvirga_sp._KLBC_81	86.447	819	82.1464	91.6107	0.0	1113
DSNY-15-1-Rh|nifH|consensus50|pass_single_dominant	nifH|Microvirga_sp._KLBC_81|PVE21514.1	Microvirga_sp._KLBC_81	89.416	822	82.4473	91.9463	0.0	1122
DSNY-15-1-Ro|nifH|consensus50|pass_mixed_possible_multitemplate	nifH|Mesorhizobium_sp._AaZ16|XIK06011.1	Mesorhizobium_sp._AaZ16	83.780	820	82.2467	91.7226	0.0	1057
DSNY-17-3-No|nifH|consensus50|pass_mixed_possible_multitemplate	nifH|Bradyrhizobium_sp._PUT101|XYX37671.1	Bradyrhizobium_sp._PUT101	83.233	829	83.1494	93.6723	0.0	921
DSNY-17-3-Rh|nifH|consensus50|pass_mixed_possible_multitemplate	nifH|Rhizobium_azibense|CAO4004957.1	Rhizobium_azibense	87.897	818	82.0461	91.4989	0.0	1170
DSNY-18-1-No|nifH|consensus50|pass_mixed_possible_multitemplate	nifH|Rhizobium_azibense|CAO4004957.1	Rhizobium_azibense	85.907	816	81.8455	91.2752	0.0	1051
DSNY-18-1-Ro|nifH|consensus50|pass_mixed_possible_multitemplate	nifH|Bradyrhizobium_sp._PUT101|XYX37671.1	Bradyrhizobium_sp._PUT101	87.831	830	83.2497	93.7853	0.0	1091
DSNY-20-1-No|nifH|consensus50|pass_mixed_possible_multitemplate	nifH|Rhizobium_azibense|CAO4004957.1	Rhizobium_azibense	84.249	819	82.1464	91.6107	0.0	1042
DSNY-2-1-No|nifH|consensus50|pass_mixed_possible_multitemplate	nifH|Mesorhizobium_sp._AaZ16|XIK06011.1	Mesorhizobium_sp._AaZ16	87.349	830	83.2497	92.8412	0.0	1076
DSNY-2-1-Rh|nifH|consensus50|pass_single_dominant	nifH|Mesorhizobium_sp._AaZ16|XIK06011.1	Mesorhizobium_sp._AaZ16	92.512	828	83.0491	92.6174	0.0	1213
DSNY-2-1-Ro|nifH|consensus50|pass_mixed_possible_multitemplate	nifH|Microvirga_sp._KLBC_81|PVE21514.1	Microvirga_sp._KLBC_81	82.588	827	82.9488	92.5056	0.0	975
DSNY-24-1-Rh|nifH|consensus50|pass_mixed_possible_multitemplate	nifH|Bradyrhizobium_sp._PUT101|XYX37671.1	Bradyrhizobium_sp._PUT101	85.525	829	83.1494	93.6723	0.0	1056
DSNY-24-1-Ro|nifH|consensus50|pass_mixed_possible_multitemplate	nifH|Bradyrhizobium_sp._PUT101|XYX37671.1	Bradyrhizobium_sp._PUT101	84.281	827	82.9488	93.4463	0.0	1012
DSNY-25-1-Rh|nifH|consensus50|pass_mixed_possible_multitemplate	nifH|Microvirga_sp._KLBC_81|PVE21514.1	Microvirga_sp._KLBC_81	84.466	824	82.6479	92.1700	0.0	1018
DSNY-28-1-No|nifH|consensus50|pass_mixed_possible_multitemplate	nifH|Bradyrhizobium_sp._PUT101|XYX37671.1	Bradyrhizobium_sp._PUT101	86.248	829	83.1494	93.6723	0.0	1082
DSNY-28-1-Ro|nifH|consensus50|pass_single_dominant	nifH|Microvirga_lotononidis|WQO30062.1	Microvirga_lotononidis	87.348	822	82.4473	91.9463	0.0	1045
DSNY-29-1-No|nifH|consensus50|pass_mixed_possible_multitemplate	nifH|Rhizobium_azibense|CAO4004957.1	Rhizobium_azibense	86.836	828	83.0491	92.6174	0.0	1066
DSNY-29-1-Rh|nifH|consensus50|pass_mixed_possible_multitemplate	nifH|Bradyrhizobium_sp._PUT101|XYX37671.1	Bradyrhizobium_sp._PUT101	86.748	815	81.7452	92.0904	0.0	1016
DSNY-30-1-No|nifH|consensus50|pass_single_dominant	nifH|Bradyrhizobium_sp._PUT101|XYX37671.1	Bradyrhizobium_sp._PUT101	87.575	829	83.1494	93.6723	0.0	1039
DSNY-30-1-Ro|nifH|consensus50|pass_mixed_possible_multitemplate	nifH|Bradyrhizobium_sp._PUT101|XYX37671.1	Bradyrhizobium_sp._PUT101	86.852	829	83.1494	93.6723	0.0	1046
DSNY-31-1-No|nifH|consensus50|pass_single_dominant	nifH|Rhizobium_azibense|CAO4004957.1	Rhizobium_azibense	86.820	827	82.9488	92.5056	0.0	1012
DSNY-31-1-Rh|nifH|consensus50|pass_mixed_possible_multitemplate	nifH|Rhizobium_azibense|CAO4004957.1	Rhizobium_azibense	90.110	819	82.1464	91.6107	0.0	1152
DSNY-31-1-Ro|nifH|consensus50|pass_mixed_possible_multitemplate	nifH|Bradyrhizobium_sp._PUT101|XYX37671.1	Bradyrhizobium_sp._PUT101	84.318	829	83.1494	93.6723	0.0	1034
DSNY-3-1-No|nifH|consensus50|pass_mixed_possible_multitemplate	nifH|Mesorhizobium_sp._AaZ16|XIK06011.1	Mesorhizobium_sp._AaZ16	83.252	824	82.6479	92.1700	0.0	957
DSNY-3-1-Ro|nifH|consensus50|pass_mixed_possible_multitemplate	nifH|Microvirga_sp._KLBC_81|PVE21514.1	Microvirga_sp._KLBC_81	84.699	830	83.2497	92.8412	0.0	988
DSNY-34-1-No|nifH|consensus50|pass_mixed_possible_multitemplate	nifH|Mesorhizobium_caraganae|CAN7239890.1	Mesorhizobium_caraganae	83.313	827	82.9488	92.5056	0.0	906
DSNY-34-1-Rh|nifH|consensus50|pass_mixed_possible_multitemplate	nifH|Bradyrhizobium_sp._PUT101|XYX37671.1	Bradyrhizobium_sp._PUT101	83.353	829	83.1494	93.6723	0.0	996
DSNY-36-1-No|nifH|consensus50|pass_mixed_possible_multitemplate	nifH|Bradyrhizobium_sp._PUT101|XYX37671.1	Bradyrhizobium_sp._PUT101	83.555	827	82.9488	93.4463	0.0	1003
DSNY-36-1-Rh|nifH|consensus50|pass_mixed_possible_multitemplate	nifH|Bradyrhizobium_sp._PUT101|XYX37671.1	Bradyrhizobium_sp._PUT101	85.283	829	83.1494	93.6723	0.0	1036
DSNY-36-1-Ro|nifH|consensus50|pass_mixed_possible_multitemplate	nifH|Microvirga_sp._RSM25|XKE00370.1	Microvirga_sp._RSM25	82.912	831	83.3501	92.9530	0.0	1021
DSNY-37-1-No|nifH|consensus50|pass_mixed_possible_multitemplate	nifH|Rhizobium_azibense|CAO4004957.1	Rhizobium_azibense	86.044	824	82.6479	92.1700	0.0	1008
DSNY-37-1-Rh|nifH|consensus50|pass_mixed_possible_multitemplate	nifH|Microvirga_sp._RSM25|XKE00370.1	Microvirga_sp._RSM25	81.775	834	83.6510	93.2886	0.0	994
DSNY-37-1-Ro|nifH|consensus50|pass_mixed_possible_multitemplate	nifH|Microvirga_sp._RSM25|XKE00370.1	Microvirga_sp._RSM25	83.252	824	82.6479	92.1700	0.0	989
DSNY-38-3-Ro|nifH|consensus50|pass_mixed_possible_multitemplate	nifH|Bradyrhizobium_sp._PUT101|XYX37671.1	Bradyrhizobium_sp._PUT101	85.163	829	83.1494	93.6723	0.0	1044
DSNY-39-4-No|nifH|consensus50|pass_mixed_possible_multitemplate	nifH|Bradyrhizobium_ottawaense|XZF72199.1	Bradyrhizobium_ottawaense	86.899	832	83.4504	94.0113	0.0	1050
DSNY-39-4-Ro|nifH|consensus50|pass_mixed_possible_multitemplate	nifH|Burkholderia_vietnamiensis|KVE77649.1	Burkholderia_vietnamiensis	82.895	836	83.8516	94.7846	0.0	995
DSNY-4-1-No|nifH|consensus50|pass_mixed_possible_multitemplate	nifH|Mesorhizobium_sp._AaZ16|XIK06011.1	Mesorhizobium_sp._AaZ16	86.447	819	82.1464	91.6107	0.0	1064
DSNY-43-1-No|nifH|consensus50|pass_mixed_possible_multitemplate	nifH|Rhizobium_azibense|CAO4004957.1	Rhizobium_azibense	84.401	827	82.9488	92.5056	0.0	952
DSNY-43-1-Rh|nifH|consensus50|pass_mixed_possible_multitemplate	nifH|Bradyrhizobium_sp._PUT101|XYX37671.1	Bradyrhizobium_sp._PUT101	86.972	829	83.1494	93.6723	0.0	1076
DSNY-44-1-No|nifH|consensus50|pass_single_dominant	nifH|Bradyrhizobium_sp._PUT101|XYX37671.1	Bradyrhizobium_sp._PUT101	85.934	846	84.8546	95.5932	0.0	1015
DSNY-48-1-Ro|nifH|consensus50|pass_mixed_possible_multitemplate	nifH|Bradyrhizobium_sp._PUT101|XYX37671.1	Bradyrhizobium_sp._PUT101	86.972	829	83.1494	93.6723	0.0	1041
DSNY-49-2-Rh|nifH|consensus50|pass_mixed_possible_multitemplate	nifH|Bradyrhizobium_sp._PUT101|XYX37671.1	Bradyrhizobium_sp._PUT101	86.369	829	83.1494	93.6723	0.0	1031
DSNY-51-2-No|nifH|consensus50|pass_mixed_possible_multitemplate	nifH|Microvirga_sp._RSM25|XKE00370.1	Microvirga_sp._RSM25	84.652	834	83.6510	93.2886	0.0	1027
DSNY-51-2-Rh|nifH|consensus50|pass_mixed_possible_multitemplate	nifH|Bradyrhizobium_sp._PUT101|XYX37671.1	Bradyrhizobium_sp._PUT101	85.645	829	83.1494	93.6723	0.0	1008
DSNY-5-1-No|nifH|consensus50|pass_mixed_possible_multitemplate	nifH|Mesorhizobium_sp._AaZ16|XIK06011.1	Mesorhizobium_sp._AaZ16	85.800	831	83.3501	92.9530	0.0	1052
DSNY-5-1-Rh|nifH|consensus50|pass_mixed_possible_multitemplate	nifH|Mesorhizobium_sp._AaZ16|XIK06011.1	Mesorhizobium_sp._AaZ16	84.211	798	80.0401	89.2617	0.0	1012
DSNY-5-1-Ro|nifH|consensus50|pass_mixed_possible_multitemplate	nifH|Mesorhizobium_sp._AaZ16|XIK06011.1	Mesorhizobium_sp._AaZ16	85.078	831	83.3501	92.9530	0.0	1036
DSNY-52-1-No|nifH|consensus50|pass_mixed_possible_multitemplate	nifH|Bradyrhizobium_sp._PUT101|XYX37671.1	Bradyrhizobium_sp._PUT101	82.126	828	83.0491	93.5593	0.0	877
DSNY-56-1-Ro|nifH|consensus50|pass_mixed_possible_multitemplate	nifH|Bradyrhizobium_sp._PUT101|XYX37671.1	Bradyrhizobium_sp._PUT101	84.680	829	83.1494	93.6723	0.0	990
DSNY-57-1-Rh|nifH|consensus50|pass_single_dominant	nifH|Mesorhizobium_sp._WSM4083|XXN81638.1	Mesorhizobium_sp._WSM4083	88.078	822	82.4473	91.9463	0.0	1050
DSNY-57-1-Ro|nifH|consensus50|pass_mixed_possible_multitemplate	nifH|Mesorhizobium_sp._WSM4083|XXN81638.1	Mesorhizobium_sp._WSM4083	86.203	819	82.1464	91.6107	0.0	999
DSNY-57-No|nifH|consensus50|pass_single_dominant	nifH|Bradyrhizobium_sp._PUT101|XYX37671.1	Bradyrhizobium_sp._PUT101	86.121	843	84.5537	95.2542	0.0	1025
DSNY-58-No|nifH|consensus50|pass_mixed_possible_multitemplate	nifH|Azorhizobium_oxalatiphilum|GGF67226.1	Azorhizobium_oxalatiphilum	85.579	846	84.8546	95.5932	0.0	1011
DSNY-58-Rh|nifH|consensus50|pass_mixed_possible_multitemplate	nifH|Bradyrhizobium_sp._PUT101|XYX37671.1	Bradyrhizobium_sp._PUT101	85.525	829	83.1494	93.6723	0.0	1001
DSNY-59-No|nifH|consensus50|pass_mixed_possible_multitemplate	nifH|Azorhizobium_oxalatiphilum|GGF67226.1	Azorhizobium_oxalatiphilum	86.879	846	84.8546	95.5932	0.0	1055
DSNY-61-4-Rh|nifH|consensus50|pass_single_dominant	nifH|Mesorhizobium_sp._AaZ16|XIK06011.1	Mesorhizobium_sp._AaZ16	88.156	819	82.1464	91.6107	0.0	1053
DSNY-6-2-Rh|nifH|consensus50|pass_mixed_possible_multitemplate	nifH|Microvirga_sp._RSM25|XKE00370.1	Microvirga_sp._RSM25	89.744	819	82.1464	91.6107	0.0	1173
DSNY-63-No|nifH|consensus50|pass_mixed_possible_multitemplate	nifH|Bradyrhizobium_sp._PUT101|XYX37671.1	Bradyrhizobium_sp._PUT101	83.373	830	83.2497	93.7853	0.0	955
DSNY-63-Ro|nifH|consensus50|pass_mixed_possible_multitemplate	nifH|Mesorhizobium_sp._AaZ16|XIK06011.1	Mesorhizobium_sp._AaZ16	86.353	828	83.0491	92.6174	0.0	1039
DSNY-64-2-No|nifH|consensus50|pass_mixed_possible_multitemplate	nifH|Mesorhizobium_sp._WSM4083|XXN81638.1	Mesorhizobium_sp._WSM4083	84.982	819	82.1464	91.6107	0.0	959
DSNY-65-1-No|nifH|consensus50|pass_mixed_possible_multitemplate	nifH|Bradyrhizobium_sp._PUT101|XYX37671.1	Bradyrhizobium_sp._PUT101	87.214	829	83.1494	93.6723	0.0	1043
DSNY-65-1-Ro|nifH|consensus50|pass_mixed_possible_multitemplate	nifH|Mesorhizobium_sp._AaZ16|XIK06011.1	Mesorhizobium_sp._AaZ16	86.578	827	82.9488	92.5056	0.0	1100
DSNY-66-1-No|nifH|consensus50|pass_single_dominant	nifH|Mesorhizobium_sp._AaZ16|XIK06011.1	Mesorhizobium_sp._AaZ16	86.820	827	82.9488	92.5056	0.0	1012
DSNY-66-1-Rh|nifH|consensus50|pass_mixed_possible_multitemplate	nifH|Bradyrhizobium_sp._PUT101|XYX37671.1	Bradyrhizobium_sp._PUT101	86.972	829	83.1494	93.6723	0.0	1044
DSNY-66-1-Ro|nifH|consensus50|pass_mixed_possible_multitemplate	nifH|Mesorhizobium_sp._AaZ16|XIK06011.1	Mesorhizobium_sp._AaZ16	89.133	819	82.1464	91.6107	0.0	1149
DSNY-67-3-No|nifH|consensus50|pass_mixed_possible_multitemplate	nifH|Bradyrhizobium_sp._PUT101|XYX37671.1	Bradyrhizobium_sp._PUT101	83.957	829	83.1494	93.6723	0.0	976
DSNY-67-3-Rh|nifH|consensus50|pass_mixed_possible_multitemplate	nifH|Bradyrhizobium_sp._PUT101|XYX37671.1	Bradyrhizobium_sp._PUT101	87.455	829	83.1494	93.6723	0.0	1050
DSNY-68-1-No|nifH|consensus50|pass_mixed_possible_multitemplate	nifH|Bradyrhizobium_sp._PUT101|XYX37671.1	Bradyrhizobium_sp._PUT101	87.575	829	83.1494	93.6723	0.0	1076
DSNY-68-1-Ro|nifH|consensus50|pass_mixed_possible_multitemplate	nifH|Bradyrhizobium_sp._PUT101|XYX37671.1	Bradyrhizobium_sp._PUT101	85.163	829	83.1494	93.6723	0.0	1022
DSNY-69-1-No|nifH|consensus50|pass_mixed_possible_multitemplate	nifH|Mesorhizobium_sp._AaZ16|XIK06011.1	Mesorhizobium_sp._AaZ16	84.401	827	82.9488	92.5056	0.0	979
DSNY-69-1-Ro|nifH|consensus50|pass_mixed_possible_multitemplate	nifH|Bradyrhizobium_sp._PUT101|XYX37671.1	Bradyrhizobium_sp._PUT101	82.630	829	83.1494	93.6723	0.0	998
DSNY-70-1-No|nifH|consensus50|pass_mixed_possible_multitemplate	nifH|Bradyrhizobium_ottawaense|XZF72199.1	Bradyrhizobium_ottawaense	81.928	830	83.2497	93.7853	0.0	890
DSNY-70-1-Rh|nifH|consensus50|pass_mixed_possible_multitemplate	nifH|Bradyrhizobium_sp._PUT101|XYX37671.1	Bradyrhizobium_sp._PUT101	87.334	829	83.1494	93.6723	0.0	1044
DSNY-70-1-Ro|nifH|consensus50|pass_mixed_possible_multitemplate	nifH|Mesorhizobium_sp._WSM4083|XXN81638.1	Mesorhizobium_sp._WSM4083	84.249	819	82.1464	91.6107	0.0	1015
DSNY-71-1-Ro|nifH|consensus50|pass_mixed_possible_multitemplate	nifH|Microvirga_sp._RSM25|XKE00370.1	Microvirga_sp._RSM25	83.394	819	82.1464	91.6107	0.0	980
DSNY-7-1-Ro|nifH|consensus50|pass_mixed_possible_multitemplate	nifH|Mesorhizobium_sp._AaZ16|XIK06011.1	Mesorhizobium_sp._AaZ16	83.855	830	83.2497	92.8412	0.0	1040
DSNY-72-1-Rh|nifH|consensus50|pass_mixed_possible_multitemplate	nifH|Microvirga_sp._KLBC_81|PVE21514.1	Microvirga_sp._KLBC_81	84.550	822	82.4473	91.9463	0.0	946
DSNY-72-1-Ro|nifH|consensus50|pass_mixed_possible_multitemplate	nifH|Bradyrhizobium_sp._PUT101|XYX37671.1	Bradyrhizobium_sp._PUT101	87.455	829	83.1494	93.6723	0.0	1050
DSNY-74-1-Rh|nifH|consensus50|pass_mixed_possible_multitemplate	nifH|Mesorhizobium_sp._AaZ16|XIK06011.1	Mesorhizobium_sp._AaZ16	91.052	827	82.9488	92.5056	0.0	1249
DSNY-74-1-Ro|nifH|consensus50|pass_mixed_possible_multitemplate	nifH|Mesorhizobium_sp._AaZ16|XIK06011.1	Mesorhizobium_sp._AaZ16	86.286	824	82.6479	92.1700	0.0	1136
DSNY-75-1-No|nifH|consensus50|pass_mixed_possible_multitemplate	nifH|Mesorhizobium_sp._AaZ16|XIK06011.1	Mesorhizobium_sp._AaZ16	86.887	816	81.8455	91.2752	0.0	1030
DSNY-75-1-Rh|nifH|consensus50|pass_mixed_possible_multitemplate	nifH|Mesorhizobium_sp._AaZ16|XIK06011.1	Mesorhizobium_sp._AaZ16	88.714	824	82.6479	92.1700	0.0	1183
DSNY-75-1-Ro|nifH|consensus50|pass_mixed_possible_multitemplate	nifH|Mesorhizobium_sp._AaZ16|XIK06011.1	Mesorhizobium_sp._AaZ16	86.161	831	83.3501	92.9530	0.0	1132
DSNY-76-1-Rh|nifH|consensus50|pass_mixed_possible_multitemplate	nifH|Mesorhizobium_sp._AaZ16|XIK06011.1	Mesorhizobium_sp._AaZ16	88.341	832	83.4504	93.0649	0.0	1179
DSNY-76-1-Ro|nifH|consensus50|pass_mixed_possible_multitemplate	nifH|Bradyrhizobium_sp._PMVTL-01|XYL30502.1	Bradyrhizobium_sp._PMVTL-01	83.855	830	83.2497	93.7853	0.0	978
DSNY-79-1-Rh|nifH|consensus50|pass_mixed_possible_multitemplate	nifH|Mesorhizobium_sp._AaZ16|XIK06011.1	Mesorhizobium_sp._AaZ16	87.485	831	83.3501	92.9530	0.0	1059
DSNY-80-1-No|nifH|consensus50|pass_mixed_possible_multitemplate	nifH|Rhizobium_azibense|CAO4004957.1	Rhizobium_azibense	83.454	828	83.0491	92.6174	0.0	961
DSNY-8-1-No|nifH|consensus50|pass_mixed_possible_multitemplate	nifH|Mesorhizobium_sp._AaZ16|XIK06011.1	Mesorhizobium_sp._AaZ16	84.596	805	80.7422	90.0447	0.0	1007
DSNY-8-1-Ro|nifH|consensus50|pass_mixed_possible_multitemplate	nifH|Mesorhizobium_sp._AaZ16|XIK06011.1	Mesorhizobium_sp._AaZ16	90.232	819	82.1464	91.6107	0.0	1151
DSNY-82-3-No|nifH|consensus50|pass_mixed_possible_multitemplate	nifH|Mesorhizobium_sp._WSM4083|XXN81638.1	Mesorhizobium_sp._WSM4083	85.049	816	81.8455	91.2752	0.0	984
DSNY-83-1-Rh|nifH|consensus50|pass_single_dominant	nifH|Bradyrhizobium_sp._PUT101|XYX37671.1	Bradyrhizobium_sp._PUT101	86.972	829	83.1494	93.6723	0.0	1023
DSNY-83-2-Rh|nifH|consensus50|pass_single_dominant	nifH|Bradyrhizobium_sp._PUT101|XYX37671.1	Bradyrhizobium_sp._PUT101	86.248	829	83.1494	93.6723	0.0	1015
DSNY-83-4-Ro|nifH|consensus50|pass_mixed_possible_multitemplate	nifH|Bradyrhizobium_sp._PUT101|XYX37671.1	Bradyrhizobium_sp._PUT101	85.283	829	83.1494	93.6723	0.0	1021
DSNY-83-5-No|nifH|consensus50|pass_mixed_possible_multitemplate	nifH|Bradyrhizobium_sp._PUT101|XYX37671.1	Bradyrhizobium_sp._PUT101	87.093	829	83.1494	93.6723	0.0	1042
DSNY-83-5-Rh|nifH|consensus50|pass_mixed_possible_multitemplate	nifH|Mesorhizobium_sp._AaZ16|XIK06011.1	Mesorhizobium_sp._AaZ16	87.846	831	83.3501	92.9530	0.0	1109
DSNY-85-1-No|nifH|consensus50|pass_mixed_possible_multitemplate	nifH|Microvirga_sp._RSM25|XKE00370.1	Microvirga_sp._RSM25	84.681	816	81.8455	91.2752	0.0	985
DSNY-85-1-Rh|nifH|consensus50|pass_mixed_possible_multitemplate	nifH|Microvirga_sp._RSM25|XKE00370.1	Microvirga_sp._RSM25	87.170	795	79.7392	88.9262	0.0	1016
DSNY-86-1-Ro|nifH|consensus50|pass_mixed_possible_multitemplate	nifH|Bradyrhizobium_sp._PUT101|XYX37671.1	Bradyrhizobium_sp._PUT101	81.807	830	83.2497	93.7853	0.0	942
DSNY-88-1-Rh|nifH|consensus50|pass_single_dominant	nifH|Microvirga_sp._RSM25|XKE00370.1	Microvirga_sp._RSM25	88.346	798	80.0401	89.2617	0.0	1022
DSNY-89-Rh|nifH|consensus50|pass_mixed_possible_multitemplate	nifH|Bradyrhizobium_sp._PUT101|XYX37671.1	Bradyrhizobium_sp._PUT101	85.887	829	83.1494	93.6723	0.0	1021
DSNY-90-No|nifH|consensus50|pass_single_dominant	nifH|Bradyrhizobium_sp._PUT101|XYX37671.1	Bradyrhizobium_sp._PUT101	85.042	829	83.1494	93.6723	0.0	970
DSNY-90-Rh|nifH|consensus50|pass_single_dominant	nifH|Bradyrhizobium_sp._PUT101|XYX37671.1	Bradyrhizobium_sp._PUT101	85.369	827	82.9488	93.4463	0.0	992
DSNY-90-Ro|nifH|consensus50|pass_mixed_possible_multitemplate	nifH|Microvirga_lotononidis|WQO30062.1	Microvirga_lotononidis	83.150	819	82.1464	91.6107	0.0	985
DSNY-91-1-No|nifH|consensus50|pass_mixed_possible_multitemplate	nifH|Bradyrhizobium_ottawaense|XZF72199.1	Bradyrhizobium_ottawaense	80.338	829	83.1494	93.6723	0.0	887
DSNY-91-1-Rh|nifH|consensus50|pass_mixed_possible_multitemplate	nifH|Bradyrhizobium_ottawaense|XZF72199.1	Bradyrhizobium_ottawaense	85.472	826	82.8485	93.3333	0.0	978
DSNY-92-1-Ro|nifH|consensus50|pass_single_dominant	nifH|Bradyrhizobium_sp._PUT101|XYX37671.1	Bradyrhizobium_sp._PUT101	83.957	829	83.1494	93.6723	0.0	959
DSNY-95-Ro|nifH|consensus50|pass_mixed_possible_multitemplate	nifH|Bradyrhizobium_sp._PUT101|XYX37671.1	Bradyrhizobium_sp._PUT101	82.630	829	83.1494	93.6723	0.0	985
DSNY-96-2-Rh|nifH|consensus50|pass_mixed_possible_multitemplate	nifH|Mesorhizobium_sp._AaZ16|XIK06011.1	Mesorhizobium_sp._AaZ16	86.978	814	81.6449	91.0515	0.0	1067
DSNY-98-4-No|nifH|consensus50|pass_mixed_possible_multitemplate	nifH|Bradyrhizobium_sp._PUT101|XYX37671.1	Bradyrhizobium_sp._PUT101	86.071	840	84.2528	94.9153	0.0	1029
DSNY-CLFR-60-Rh|nifH|consensus50|pass_single_dominant	nifH|Mesorhizobium_sp._AaZ16|XIK06011.1	Mesorhizobium_sp._AaZ16	87.377	816	81.8455	91.2752	0.0	1036
DSNY-CLFR-60-Ro|nifH|consensus50|pass_mixed_possible_multitemplate	nifH|Bradyrhizobium_sp._PUT101|XYX37671.1	Bradyrhizobium_sp._PUT101	87.093	829	83.1494	93.6723	0.0	1053
DSNY-CRMA-33-1-No|nifH|consensus50|pass_mixed_possible_multitemplate	nifH|Bradyrhizobium_sp._PUT101|XYX37671.1	Bradyrhizobium_sp._PUT101	85.766	829	83.1494	93.6723	0.0	1016
DSNY-CRMA-33-1-Rh|nifH|consensus50|pass_mixed_possible_multitemplate	nifH|Bradyrhizobium_sp._PUT101|XYX37671.1	Bradyrhizobium_sp._PUT101	85.645	829	83.1494	93.6723	0.0	1017
DSNY-CRMA-33-1-Ro|nifH|consensus50|pass_mixed_possible_multitemplate	nifH|Rhizobium_azibense|CAO4004957.1	Rhizobium_azibense	86.813	819	82.1464	91.6107	0.0	1029
DSNY-CRMA-35-1-No|nifH|consensus50|pass_single_dominant	nifH|Mesorhizobium_sp._AaZ16|XIK06011.1	Mesorhizobium_sp._AaZ16	84.039	827	82.9488	92.5056	0.0	921
DSNY-CRMA-35-1-Rh|nifH|consensus50|pass_mixed_possible_multitemplate	nifH|Bradyrhizobium_sp._PUT101|XYX37671.1	Bradyrhizobium_sp._PUT101	86.731	829	83.1494	93.6723	0.0	1032
DSNY-CRMA-35-1-Ro|nifH|consensus50|pass_mixed_possible_multitemplate	nifH|Mesorhizobium_sp._AaZ16|XIK06011.1	Mesorhizobium_sp._AaZ16	85.611	827	82.9488	92.5056	0.0	1100
DSNY-GAEL-33-1-No|nifH|consensus50|pass_mixed_possible_multitemplate	nifH|Rhizobium_azibense|CAO4004957.1	Rhizobium_azibense	84.737	819	82.1464	91.6107	0.0	1026
DSNY-GAEL-33-1-Rh|nifH|consensus50|pass_mixed_possible_multitemplate	nifH|Rhizobium_azibense|CAO4004957.1	Rhizobium_azibense	86.935	819	82.1464	91.6107	0.0	1031
DSNY-GAEL-33-1-Ro|nifH|consensus50|pass_mixed_possible_multitemplate	nifH|Rhizobium_azibense|CAO4004957.1	Rhizobium_azibense	83.676	827	82.9488	92.5056	0.0	983
DSNY-GARE-35-1-No|nifH|consensus50|pass_mixed_possible_multitemplate	nifH|Bradyrhizobium_sp._PUT101|XYX37671.1	Bradyrhizobium_sp._PUT101	85.783	830	83.2497	93.7853	0.0	1020
DSNY-GARE-35-1-Rh|nifH|consensus50|pass_single_dominant	nifH|Bradyrhizobium_sp._PUT101|XYX37671.1	Bradyrhizobium_sp._PUT101	87.575	829	83.1494	93.6723	0.0	1051
DSNY-GARE-35-1-Ro|nifH|consensus50|pass_mixed_possible_multitemplate	nifH|Microvirga_sp._KLBC_81|PVE21514.1	Microvirga_sp._KLBC_81	85.348	819	82.1464	91.6107	0.0	1036
DSNY-SEHE-60-No|nifH|consensus50|pass_single_dominant	nifH|Rhizobium_sp._ZK1|XON24431.1	Rhizobium_sp._ZK1	93.674	822	82.4473	91.9463	0.0	1252
GRSM-4-2-Ro|nifH|consensus50|pass_single_dominant	nifH|Sinorhizobium_meliloti_(Rhizobium_meliloti)|XEM22073.1	Sinorhizobium_meliloti_(Rhizobium_meliloti)	82.662	819	82.1464	91.6107	0.0	866
GUAN-1-Rh|nifH|consensus50|pass_mixed_possible_multitemplate	nifH|Mesorhizobium_sp._RIZ17|XXB69634.1	Mesorhizobium_sp._RIZ17	82.524	824	82.6479	92.1700	0.0	898
GUAN-2-No|nifH|consensus50|pass_mixed_possible_multitemplate	nifH|Sinorhizobium_prairiense|WEJ08560.1	Sinorhizobium_prairiense	91.456	831	83.3501	92.9530	0.0	1203
GUAN-2-Rh|nifH|consensus50|pass_single_dominant	nifH|Microvirga_lotononidis|WQO30062.1	Microvirga_lotononidis	87.183	827	82.9488	92.5056	0.0	1032
GUAN-2-Ro|nifH|consensus50|pass_mixed_possible_multitemplate	nifH|Rhizobium_azibense|CAO4004957.1	Rhizobium_azibense	88.592	824	82.6479	92.1700	0.0	1180
GUAN-3-No|nifH|consensus50|pass_single_dominant	nifH|Bradyrhizobium_sp._PUT101|XYX37671.1	Bradyrhizobium_sp._PUT101	84.922	829	83.1494	93.6723	0.0	966
GUAN-4-No|nifH|consensus50|pass_single_dominant	nifH|Microvirga_sp._KLBC_81|PVE21514.1	Microvirga_sp._KLBC_81	85.680	831	83.3501	92.9530	0.0	970
GUAN-5-No|nifH|consensus50|pass_single_dominant	nifH|Sinorhizobium_prairiense|WEJ08560.1	Sinorhizobium_prairiense	91.819	819	82.1464	91.6107	0.0	1187
GUAN-5-Rh|nifH|consensus50|pass_single_dominant	nifH|Bradyrhizobium_sp._PUT101|XYX37671.1	Bradyrhizobium_sp._PUT101	87.817	829	83.1494	93.6723	0.0	1046
GUAN-5-Ro|nifH|consensus50|pass_mixed_possible_multitemplate	nifH|Rhizobium_azibense|CAO4004957.1	Rhizobium_azibense	85.226	819	82.1464	91.6107	0.0	1001
GUAN-7-1-Rh|nifH|consensus50|pass_mixed_possible_multitemplate	nifH|Bradyrhizobium_sp._PUT101|XYX37671.1	Bradyrhizobium_sp._PUT101	86.610	829	83.1494	93.6723	0.0	1040
GUAN-7-1-Ro|nifH|consensus50|pass_single_dominant	nifH|Mesorhizobium_sp._AaZ16|XIK06011.1	Mesorhizobium_sp._AaZ16	83.755	831	83.3501	92.9530	0.0	950
GUAN-8-No|nifH|consensus50|pass_single_dominant	nifH|Microvirga_sp._KLBC_81|PVE21514.1	Microvirga_sp._KLBC_81	85.731	834	83.6510	93.2886	0.0	976
GUAN-8-Ro|nifH|consensus50|pass_mixed_possible_multitemplate	nifH|Bradyrhizobium_sp._PUT101|XYX37671.1	Bradyrhizobium_sp._PUT101	85.645	822	82.4473	92.8814	0.0	1009
GUAN-9-1-Rh|nifH|consensus50|pass_mixed_possible_multitemplate	nifH|Bradyrhizobium_sp._PUT101|XYX37671.1	Bradyrhizobium_sp._PUT101	87.455	829	83.1494	93.6723	0.0	1052
GUAN-9-1-Ro|nifH|consensus50|pass_mixed_possible_multitemplate	nifH|Microvirga_lotononidis|WQO30062.1	Microvirga_lotononidis	85.439	831	83.3501	92.9530	0.0	1015
HARV-1-1-No|nifH|consensus50|pass_single_dominant	nifH|Bradyrhizobium_ottawaense|XZF72199.1	Bradyrhizobium_ottawaense	86.820	827	82.9488	93.4463	0.0	1008
HARV-1-1-Rh|nifH|consensus50|pass_mixed_possible_multitemplate	nifH|Rhizobium_azibense|CAO4004957.1	Rhizobium_azibense	88.956	824	82.6479	92.1700	0.0	1203
HARV-2-1-No|nifH|consensus50|pass_mixed_possible_multitemplate	nifH|Mesorhizobium_sp._WSM4083|XXN81638.1	Mesorhizobium_sp._WSM4083	84.314	816	81.8455	91.2752	0.0	942
HARV-3-1-Ro|nifH|consensus50|pass_mixed_possible_multitemplate	nifH|Mesorhizobium_sp._AaZ16|XIK06011.1	Mesorhizobium_sp._AaZ16	85.662	816	81.8455	91.2752	0.0	1051
HARV-4-1-No|nifH|consensus50|pass_single_dominant	nifH|Mesorhizobium_sp._AaZ16|XIK06011.1	Mesorhizobium_sp._AaZ16	85.922	824	82.6479	92.1700	0.0	985
HARV-4-1-Ro|nifH|consensus50|pass_mixed_possible_multitemplate	nifH|Mesorhizobium_sp._AaZ16|XIK06011.1	Mesorhizobium_sp._AaZ16	89.962	797	79.9398	89.1499	0.0	1151
HEAL-10-2-No|nifH|consensus50|pass_mixed_possible_multitemplate	nifH|Mesorhizobium_caraganae|CAN7239890.1	Mesorhizobium_caraganae	83.253	830	83.2497	92.8412	0.0	1010
HEAL-10-2-Ro|nifH|consensus50|pass_mixed_possible_multitemplate	nifH|Rhizobium_azibense|CAO4004957.1	Rhizobium_azibense	87.379	824	82.6479	92.1700	0.0	1112
HEAL-11-1-Rh|nifH|consensus50|pass_mixed_possible_multitemplate	nifH|Bradyrhizobium_sp._PUT101|XYX37671.1	Bradyrhizobium_sp._PUT101	86.369	829	83.1494	93.6723	0.0	1024
HEAL-1-2-No|nifH|consensus50|pass_mixed_possible_multitemplate	nifH|Microvirga_lotononidis|WQO30062.1	Microvirga_lotononidis	80.098	819	82.1464	91.6107	0.0	812
HEAL-1-2-Rh|nifH|consensus50|pass_mixed_possible_multitemplate	nifH|Bradyrhizobium_sp._PUT101|XYX37671.1	Bradyrhizobium_sp._PUT101	85.645	829	83.1494	93.6723	0.0	999
HEAL-14-1-Rh|nifH|consensus50|pass_mixed_possible_multitemplate	nifH|Bradyrhizobium_sp._PUT101|XYX37671.1	Bradyrhizobium_sp._PUT101	87.093	829	83.1494	93.6723	0.0	1052
HEAL-2-1-No|nifH|consensus50|pass_mixed_possible_multitemplate	nifH|Rhizobium_sp._ZK1|XON24431.1	Rhizobium_sp._ZK1	85.490	827	82.9488	92.5056	0.0	1079
HEAL-2-1-Rh|nifH|consensus50|pass_single_dominant	nifH|Bradyrhizobium_sp._PUT101|XYX37671.1	Bradyrhizobium_sp._PUT101	85.283	829	83.1494	93.6723	0.0	990
HEAL-3-1-No|nifH|consensus50|pass_mixed_possible_multitemplate	nifH|Ensifer_aridi|XFE90110.1	Ensifer_aridi	84.270	801	80.3410	89.5973	0.0	969
HEAL-3-1-Rh|nifH|consensus50|pass_mixed_possible_multitemplate	nifH|Bradyrhizobium_sp._PUT101|XYX37671.1	Bradyrhizobium_sp._PUT101	83.353	829	83.1494	93.6723	0.0	957
HEAL-4-1-No|nifH|consensus50|pass_mixed_possible_multitemplate	nifH|Microvirga_lotononidis|WQO30062.1	Microvirga_lotononidis	82.603	822	82.4473	91.9463	0.0	1019
HEAL-4-1-Ro|nifH|consensus50|pass_mixed_possible_multitemplate	nifH|Sinorhizobium_meliloti_(Rhizobium_meliloti)|XEM22073.1	Sinorhizobium_meliloti_(Rhizobium_meliloti)	81.807	819	82.1464	91.6107	0.0	869
HEAL-5-2-No|nifH|consensus50|pass_mixed_possible_multitemplate	nifH|Mesorhizobium_sp._WSM4083|XXN81638.1	Mesorhizobium_sp._WSM4083	82.360	822	82.4473	91.9463	0.0	950
HEAL-5-2-Rh|nifH|consensus50|pass_mixed_possible_multitemplate	nifH|Mesorhizobium_sp._WSM4083|XXN81638.1	Mesorhizobium_sp._WSM4083	81.074	819	82.1464	91.6107	0.0	864
HEAL-6-1-Rh|nifH|consensus50|pass_mixed_possible_multitemplate	nifH|Bradyrhizobium_sp._PUT101|XYX37671.1	Bradyrhizobium_sp._PUT101	82.630	829	83.1494	93.6723	0.0	928
HEAL-7-1-Ro|nifH|consensus50|pass_mixed_possible_multitemplate	nifH|Microvirga_sp._KLBC_81|PVE21514.1	Microvirga_sp._KLBC_81	85.006	827	82.9488	92.5056	0.0	1036
HEAL-8-1-No|nifH|consensus50|pass_mixed_possible_multitemplate	nifH|Ensifer_aridi|XFE90110.1	Ensifer_aridi	86.650	794	79.6389	88.8143	0.0	1034
HEAL-8-1-Ro|nifH|consensus50|pass_mixed_possible_multitemplate	nifH|Bradyrhizobium_sp._PUT101|XYX37671.1	Bradyrhizobium_sp._PUT101	84.281	827	82.9488	93.4463	0.0	999
HEAL-9-1-No|nifH|consensus50|pass_mixed_possible_multitemplate	nifH|Mesorhizobium_sp._WSM4083|XXN81638.1	Mesorhizobium_sp._WSM4083	86.010	822	82.4473	91.9463	0.0	1004
JERC-100-1-Rh|nifH|consensus50|pass_mixed_possible_multitemplate	nifH|Bradyrhizobium_sp._PUT101|XYX37671.1	Bradyrhizobium_sp._PUT101	84.077	829	83.1494	93.6723	0.0	966
JERC-102-1-Rh|nifH|consensus50|pass_mixed_possible_multitemplate	nifH|Mesorhizobium_sp._WSM4083|XXN81638.1	Mesorhizobium_sp._WSM4083	87.105	822	82.4473	91.9463	0.0	1032
JERC-102-1-Ro|nifH|consensus50|pass_mixed_possible_multitemplate	nifH|Mesorhizobium_sp._AaZ16|XIK06011.1	Mesorhizobium_sp._AaZ16	84.211	798	80.0401	89.2617	0.0	991
JERC-10-3-No|nifH|consensus50|pass_single_dominant	nifH|Mesorhizobium_sp._AaZ16|XIK06011.1	Mesorhizobium_sp._AaZ16	91.266	790	79.2377	88.3669	0.0	1116
JERC-106-1-Rh|nifH|consensus50|pass_mixed_possible_multitemplate	nifH|Microvirga_lotononidis|WQO30062.1	Microvirga_lotononidis	84.371	819	82.1464	91.6107	0.0	935
JERC-110-4-Ro|nifH|consensus50|pass_mixed_possible_multitemplate	nifH|Bradyrhizobium_sp._PUT101|XYX37671.1	Bradyrhizobium_sp._PUT101	85.163	829	83.1494	93.6723	0.0	1001
JERC-11-1-Rh|nifH|consensus50|pass_single_dominant	nifH|Mesorhizobium_sp._AaZ16|XIK06011.1	Mesorhizobium_sp._AaZ16	90.476	819	82.1464	91.6107	0.0	1144
JERC-11-1-Ro|nifH|consensus50|pass_mixed_possible_multitemplate	nifH|Rhizobium_azibense|CAO4004957.1	Rhizobium_azibense	89.976	818	82.0461	91.4989	0.0	1218
JERC-113-3-No|nifH|consensus50|pass_mixed_possible_multitemplate	nifH|Mesorhizobium_sp._AaZ16|XIK06011.1	Mesorhizobium_sp._AaZ16	82.950	827	82.9488	92.5056	0.0	890
JERC-119-No|nifH|consensus50|pass_mixed_possible_multitemplate	nifH|Mesorhizobium_sp._AaZ16|XIK06011.1	Mesorhizobium_sp._AaZ16	84.982	819	82.1464	91.6107	0.0	1030
JERC-119-Rh|nifH|consensus50|pass_mixed_possible_multitemplate	nifH|Mesorhizobium_sp._AaZ16|XIK06011.1	Mesorhizobium_sp._AaZ16	88.078	822	82.4473	91.9463	0.0	1065
JERC-119-Ro|nifH|consensus50|pass_mixed_possible_multitemplate	nifH|Bradyrhizobium_sp._PUT101|XYX37671.1	Bradyrhizobium_sp._PUT101	86.128	829	83.1494	93.6723	0.0	1012
JERC-120-No|nifH|consensus50|pass_mixed_possible_multitemplate	nifH|Rhizobium_sp._YTUHZ044|XXA98993.1	Rhizobium_sp._YTUHZ044	85.181	830	83.2497	92.8412	0.0	979
JERC-120-Rh|nifH|consensus50|pass_mixed_possible_multitemplate	nifH|Mesorhizobium_sp._AaZ16|XIK06011.1	Mesorhizobium_sp._AaZ16	86.081	819	82.1464	91.6107	0.0	1061
JERC-12-1-No|nifH|consensus50|pass_mixed_possible_multitemplate	nifH|Mesorhizobium_sp._AaZ16|XIK06011.1	Mesorhizobium_sp._AaZ16	87.681	828	83.0491	92.6174	0.0	1112
JERC-121-No|nifH|consensus50|pass_mixed_possible_multitemplate	nifH|Mesorhizobium_sp._AaZ16|XIK06011.1	Mesorhizobium_sp._AaZ16	85.348	819	82.1464	91.6107	0.0	1059
JERC-12-1-Rh|nifH|consensus50|pass_mixed_possible_multitemplate	nifH|Mesorhizobium_sp._AaZ16|XIK06011.1	Mesorhizobium_sp._AaZ16	91.352	821	82.3470	91.8345	0.0	1246
JERC-121-Ro|nifH|consensus50|pass_mixed_possible_multitemplate	nifH|Mesorhizobium_sp._AaZ16|XIK06011.1	Mesorhizobium_sp._AaZ16	93.773	819	82.1464	91.6107	0.0	1289
JERC-122-No|nifH|consensus50|pass_mixed_possible_multitemplate	nifH|Mesorhizobium_sp._AaZ16|XIK06011.1	Mesorhizobium_sp._AaZ16	85.611	827	82.9488	92.5056	0.0	1017
JERC-122-Rh|nifH|consensus50|pass_single_dominant	nifH|Mesorhizobium_sp._AaZ16|XIK06011.1	Mesorhizobium_sp._AaZ16	90.110	819	82.1464	91.6107	0.0	1149
JERC-122-Ro|nifH|consensus50|pass_mixed_possible_multitemplate	nifH|Mesorhizobium_sp._AaZ16|XIK06011.1	Mesorhizobium_sp._AaZ16	87.124	831	83.3501	92.9530	0.0	1093
JERC-123-No|nifH|consensus50|pass_mixed_possible_multitemplate	nifH|Mesorhizobium_sp._AaZ16|XIK06011.1	Mesorhizobium_sp._AaZ16	84.758	807	80.9428	90.2685	0.0	966
JERC-123-Rh|nifH|consensus50|pass_mixed_possible_multitemplate	nifH|Mesorhizobium_sp._AaZ16|XIK06011.1	Mesorhizobium_sp._AaZ16	86.569	819	82.1464	91.6107	0.0	1045
JERC-123-Ro|nifH|consensus50|pass_mixed_possible_multitemplate	nifH|Mesorhizobium_sp._AaZ16|XIK06011.1	Mesorhizobium_sp._AaZ16	83.273	831	83.3501	92.9530	0.0	941
JERC-124-2-No|nifH|consensus50|pass_mixed_possible_multitemplate	nifH|Bradyrhizobium_sp._PUT101|XYX37671.1	Bradyrhizobium_sp._PUT101	85.887	829	83.1494	93.6723	0.0	1003
JERC-126-4-No|nifH|consensus50|pass_single_dominant	nifH|Mesorhizobium_sp._AaZ16|XIK06011.1	Mesorhizobium_sp._AaZ16	87.365	831	83.3501	92.9530	0.0	1046
JERC-127-2-No|nifH|consensus50|pass_single_dominant	nifH|Mesorhizobium_sp._AaZ16|XIK06011.1	Mesorhizobium_sp._AaZ16	87.183	827	82.9488	92.5056	0.0	1021
JERC-127-2-Rh|nifH|consensus50|pass_mixed_possible_multitemplate	nifH|Mesorhizobium_sp._AaZ16|XIK06011.1	Mesorhizobium_sp._AaZ16	84.643	827	82.9488	92.5056	0.0	981
JERC-127-2-Ro|nifH|consensus50|pass_single_dominant	nifH|Mesorhizobium_sp._AaZ16|XIK06011.1	Mesorhizobium_sp._AaZ16	88.929	831	83.3501	92.9530	0.0	1094
JERC-128-2-Rh|nifH|consensus50|pass_mixed_possible_multitemplate	nifH|Mesorhizobium_sp._AaZ16|XIK06011.1	Mesorhizobium_sp._AaZ16	86.094	827	82.9488	92.5056	0.0	1030
JERC-128-2-Ro|nifH|consensus50|pass_mixed_possible_multitemplate	nifH|Mesorhizobium_sp._AaZ16|XIK06011.1	Mesorhizobium_sp._AaZ16	83.333	828	83.0491	92.6174	0.0	953
JERC-129-4-No|nifH|consensus50|pass_mixed_possible_multitemplate	nifH|Bradyrhizobium_sp._PUT101|XYX37671.1	Bradyrhizobium_sp._PUT101	85.645	829	83.1494	93.6723	0.0	999
JERC-129-4-Ro|nifH|consensus50|pass_mixed_possible_multitemplate	nifH|Microvirga_sp._RSM25|XKE00370.1	Microvirga_sp._RSM25	83.374	824	82.6479	92.1700	0.0	977
JERC-1-2-No|nifH|consensus50|pass_single_dominant	nifH|Microvirga_lotononidis|WQO30062.1	Microvirga_lotononidis	91.576	831	83.3501	92.9530	0.0	1182
JERC-1-2-Rh|nifH|consensus50|pass_mixed_possible_multitemplate	nifH|Rhizobium_azibense|CAO4004957.1	Rhizobium_azibense	91.937	831	83.3501	92.9530	0.0	1241
JERC-131-No|nifH|consensus50|pass_single_dominant	nifH|Microvirga_lotononidis|WQO30062.1	Microvirga_lotononidis	91.697	819	82.1464	91.6107	0.0	1177
JERC-131-Rh|nifH|consensus50|pass_mixed_possible_multitemplate	nifH|Bradyrhizobium_sp._PUT101|XYX37671.1	Bradyrhizobium_sp._PUT101	83.112	829	83.1494	93.6723	0.0	940
JERC-131-Ro|nifH|consensus50|pass_mixed_possible_multitemplate	nifH|Bradyrhizobium_sp._PUT101|XYX37671.1	Bradyrhizobium_sp._PUT101	87.455	829	83.1494	93.6723	0.0	1047
JERC-132-3-No|nifH|consensus50|pass_mixed_possible_multitemplate	nifH|Ensifer_canadensis|UBI79453.1	Ensifer_canadensis	86.765	816	81.8455	91.2752	0.0	1045
JERC-132-3-Rh|nifH|consensus50|pass_single_dominant	nifH|Bradyrhizobium_sp._PUT101|XYX37671.1	Bradyrhizobium_sp._PUT101	86.820	827	82.9488	93.4463	0.0	1033
JERC-132-3-Ro|nifH|consensus50|pass_mixed_possible_multitemplate	nifH|Bradyrhizobium_sp._PUT101|XYX37671.1	Bradyrhizobium_sp._PUT101	85.283	829	83.1494	93.6723	0.0	998
JERC-13-3-No|nifH|consensus50|pass_mixed_possible_multitemplate	nifH|Microvirga_vignae|KLK90290.1	Microvirga_vignae	87.424	819	82.1464	91.6107	0.0	1132
JERC-13-3-Rh|nifH|consensus50|pass_mixed_possible_multitemplate	nifH|Mesorhizobium_sp._AaZ16|XIK06011.1	Mesorhizobium_sp._AaZ16	91.575	819	82.1464	91.6107	0.0	1215
JERC-13-3-Ro|nifH|consensus50|pass_mixed_possible_multitemplate	nifH|Rhizobium_ruizarguesonis|XIE09844.1	Rhizobium_ruizarguesonis	91.331	819	82.1464	91.6107	0.0	1185
JERC-134-3-Rh|nifH|consensus50|pass_mixed_possible_multitemplate	nifH|Bradyrhizobium_sp._PUT101|XYX37671.1	Bradyrhizobium_sp._PUT101	83.836	829	83.1494	93.6723	0.0	963
JERC-134-3-Ro|nifH|consensus50|pass_mixed_possible_multitemplate	nifH|Rhizobium_sp._ZK1|XON24431.1	Rhizobium_sp._ZK1	84.915	822	82.4473	91.9463	0.0	1016
JERC-135-3-No|nifH|consensus50|pass_single_dominant	nifH|Bradyrhizobium_sp._PUT101|XYX37671.1	Bradyrhizobium_sp._PUT101	82.467	827	82.9488	93.4463	0.0	875
JERC-135-3-Rh|nifH|consensus50|pass_single_dominant	nifH|Microvirga_sp._KLBC_81|PVE21514.1	Microvirga_sp._KLBC_81	86.569	819	82.1464	91.6107	0.0	1007
JERC-138-Rh|nifH|consensus50|pass_mixed_possible_multitemplate	nifH|Mesorhizobium_sp._WSM4083|XXN81638.1	Mesorhizobium_sp._WSM4083	86.813	819	82.1464	91.6107	0.0	1023
JERC-138-Ro|nifH|consensus50|pass_mixed_possible_multitemplate	nifH|Mesorhizobium_sp._AaZ16|XIK06011.1	Mesorhizobium_sp._AaZ16	87.846	831	83.3501	92.9530	0.0	1113
JERC-139-5-No|nifH|consensus50|pass_mixed_possible_multitemplate	nifH|Bradyrhizobium_sp._PUT101|XYX37671.1	Bradyrhizobium_sp._PUT101	87.696	829	83.1494	93.6723	0.0	1063
JERC-139-5-Ro|nifH|consensus50|pass_mixed_possible_multitemplate	nifH|Bradyrhizobium_sp._PUT101|XYX37671.1	Bradyrhizobium_sp._PUT101	86.490	829	83.1494	93.6723	0.0	1040
JERC-140-Rh|nifH|consensus50|pass_mixed_possible_multitemplate	nifH|Mesorhizobium_sp._AaZ16|XIK06011.1	Mesorhizobium_sp._AaZ16	86.983	822	82.4473	91.9463	0.0	1037
JERC-140-Ro|nifH|consensus50|pass_mixed_possible_multitemplate	nifH|Mesorhizobium_sp._WSM4083|XXN81638.1	Mesorhizobium_sp._WSM4083	83.272	819	82.1464	91.6107	0.0	925
JERC-141-Rh|nifH|consensus50|pass_mixed_possible_multitemplate	nifH|Mesorhizobium_sp._AaZ16|XIK06011.1	Mesorhizobium_sp._AaZ16	86.650	824	82.6479	92.1700	0.0	1043
JERC-141-Ro|nifH|consensus50|pass_mixed_possible_multitemplate	nifH|Sinorhizobium_meliloti_(Rhizobium_meliloti)|XEM22073.1	Sinorhizobium_meliloti_(Rhizobium_meliloti)	88.384	792	79.4383	88.5906	0.0	1097
JERC-142-No|nifH|consensus50|pass_mixed_possible_multitemplate	nifH|Microvirga_sp._KLBC_81|PVE21514.1	Microvirga_sp._KLBC_81	85.401	822	82.4473	91.9463	0.0	1054
JERC-142-Rh|nifH|consensus50|pass_mixed_possible_multitemplate	nifH|Rhizobium_azibense|CAO4004957.1	Rhizobium_azibense	87.257	824	82.6479	92.1700	0.0	1035
JERC-143-Ro|nifH|consensus50|pass_mixed_possible_multitemplate	nifH|Sinorhizobium_meliloti_(Rhizobium_meliloti)|XEM22073.1	Sinorhizobium_meliloti_(Rhizobium_meliloti)	83.028	819	82.1464	91.6107	0.0	918
JERC-144-Rh|nifH|consensus50|pass_mixed_possible_multitemplate	nifH|Microvirga_sp._KLBC_81|PVE21514.1	Microvirga_sp._KLBC_81	81.829	831	83.3501	92.9530	0.0	965
JERC-145-1-Rh|nifH|consensus50|pass_single_dominant	nifH|Microvirga_sp._KLBC_81|PVE21514.1	Microvirga_sp._KLBC_81	88.443	822	82.4473	91.9463	0.0	1069
JERC-14-5-No|nifH|consensus50|pass_mixed_possible_multitemplate	nifH|Mesorhizobium_sp._AaZ16|XIK06011.1	Mesorhizobium_sp._AaZ16	87.136	824	82.6479	92.1700	0.0	1115
JERC-14-5-Rh|nifH|consensus50|pass_mixed_possible_multitemplate	nifH|Microvirga_sp._RSM25|XKE00370.1	Microvirga_sp._RSM25	84.281	827	82.9488	92.5056	0.0	1003
JERC-14-5-Ro|nifH|consensus50|pass_single_dominant	nifH|Mesorhizobium_sp._AaZ16|XIK06011.1	Mesorhizobium_sp._AaZ16	89.913	803	80.5416	89.8210	0.0	1140
JERC-146-Rh|nifH|consensus50|pass_mixed_possible_multitemplate	nifH|Mesorhizobium_sp._WSM4083|XXN81638.1	Mesorhizobium_sp._WSM4083	86.131	822	82.4473	91.9463	0.0	1012
JERC-146-Ro|nifH|consensus50|pass_mixed_possible_multitemplate	nifH|Bradyrhizobium_sp._PUT101|XYX37671.1	Bradyrhizobium_sp._PUT101	84.077	829	83.1494	93.6723	0.0	978
JERC-147-Rh|nifH|consensus50|pass_mixed_possible_multitemplate	nifH|Ensifer_canadensis|UBI79453.1	Ensifer_canadensis	87.326	789	79.1374	88.2550	0.0	1059
JERC-148-No|nifH|consensus50|pass_mixed_possible_multitemplate	nifH|Mesorhizobium_sp._AaZ16|XIK06011.1	Mesorhizobium_sp._AaZ16	85.088	798	80.0401	89.2617	0.0	965
JERC-148-Ro|nifH|consensus50|pass_single_dominant	nifH|Sinorhizobium_meliloti_(Rhizobium_meliloti)|XEM22073.1	Sinorhizobium_meliloti_(Rhizobium_meliloti)	86.325	819	82.1464	91.6107	0.0	976
JERC-149-Rh|nifH|consensus50|pass_mixed_possible_multitemplate	nifH|Microvirga_sp._KLBC_81|PVE21514.1	Microvirga_sp._KLBC_81	86.131	822	82.4473	91.9463	0.0	1025
JERC-149-Ro|nifH|consensus50|pass_mixed_possible_multitemplate	nifH|Microvirga_sp._KLBC_81|PVE21514.1	Microvirga_sp._KLBC_81	81.862	827	82.9488	92.5056	0.0	921
JERC-150-Rh|nifH|consensus50|pass_mixed_possible_multitemplate	nifH|Microvirga_sp._KLBC_81|PVE21514.1	Microvirga_sp._KLBC_81	84.127	819	82.1464	91.6107	0.0	993
JERC-150-Ro|nifH|consensus50|pass_mixed_possible_multitemplate	nifH|Microvirga_lotononidis|WQO30062.1	Microvirga_lotononidis	85.958	819	82.1464	91.6107	0.0	1021
JERC-151-No|nifH|consensus50|pass_mixed_possible_multitemplate	nifH|Mesorhizobium_sp._WSM4083|XXN81638.1	Mesorhizobium_sp._WSM4083	84.249	819	82.1464	91.6107	0.0	947
JERC-151-Ro|nifH|consensus50|pass_mixed_possible_multitemplate	nifH|Rhizobium_sp._YTUHZ044|XXA98993.1	Rhizobium_sp._YTUHZ044	83.676	827	82.9488	92.5056	0.0	1035
JERC-152-No|nifH|consensus50|pass_mixed_possible_multitemplate	nifH|Rhizobium_sp._ZK1|XON24431.1	Rhizobium_sp._ZK1	87.743	824	82.6479	92.1700	0.0	1064
JERC-152-Rh|nifH|consensus50|pass_mixed_possible_multitemplate	nifH|Rhizobium_sp._YTUHZ044|XXA98993.1	Rhizobium_sp._YTUHZ044	87.120	823	82.5476	92.0582	0.0	1059
JERC-153-No|nifH|consensus50|pass_mixed_possible_multitemplate	nifH|Mesorhizobium_sp._AaZ16|XIK06011.1	Mesorhizobium_sp._AaZ16	85.181	830	83.2497	92.8412	0.0	985
JERC-154-No|nifH|consensus50|pass_mixed_possible_multitemplate	nifH|Mesorhizobium_sp._WSM4083|XXN81638.1	Mesorhizobium_sp._WSM4083	83.761	819	82.1464	91.6107	0.0	947
JERC-154-Rh|nifH|consensus50|pass_mixed_possible_multitemplate	nifH|Microvirga_lotononidis|WQO30062.1	Microvirga_lotononidis	86.325	819	82.1464	91.6107	0.0	1012
JERC-155-No|nifH|consensus50|pass_single_dominant	nifH|Mesorhizobium_sp._AaZ16|XIK06011.1	Mesorhizobium_sp._AaZ16	87.956	822	82.4473	91.9463	0.0	1057
JERC-155-Rh|nifH|consensus50|pass_single_dominant	nifH|Bradyrhizobium_sp._PUT101|XYX37671.1	Bradyrhizobium_sp._PUT101	86.972	829	83.1494	93.6723	0.0	1027
JERC-155-Ro|nifH|consensus50|pass_mixed_possible_multitemplate	nifH|Bradyrhizobium_sp._PUT101|XYX37671.1	Bradyrhizobium_sp._PUT101	86.128	829	83.1494	93.6723	0.0	1030
JERC-156-No|nifH|consensus50|pass_mixed_possible_multitemplate	nifH|Mesorhizobium_sp._AaZ16|XIK06011.1	Mesorhizobium_sp._AaZ16	85.369	827	82.9488	92.5056	0.0	963
JERC-156-Rh|nifH|consensus50|pass_mixed_possible_multitemplate	nifH|Mesorhizobium_sp._AaZ16|XIK06011.1	Mesorhizobium_sp._AaZ16	88.113	816	81.8455	91.2752	0.0	1067
JERC-156-Ro|nifH|consensus50|pass_mixed_possible_multitemplate	nifH|Bradyrhizobium_sp._PUT101|XYX37671.1	Bradyrhizobium_sp._PUT101	86.610	829	83.1494	93.6723	0.0	1033
JERC-157-2-No|nifH|consensus50|pass_single_dominant	nifH|Bradyrhizobium_sp._SPXBL-04|XYL77982.1	Bradyrhizobium_sp._SPXBL-04	86.128	829	83.1494	93.6723	0.0	997
JERC-157-2-Rh|nifH|consensus50|pass_mixed_possible_multitemplate	nifH|Bradyrhizobium_sp._PUT101|XYX37671.1	Bradyrhizobium_sp._PUT101	85.404	829	83.1494	93.6723	0.0	986
JERC-158-Ro|nifH|consensus50|pass_mixed_possible_multitemplate	nifH|Bradyrhizobium_sp._PUT101|XYX37671.1	Bradyrhizobium_sp._PUT101	85.163	829	83.1494	93.6723	0.0	994
JERC-159-2-Ro|nifH|consensus50|pass_mixed_possible_multitemplate	nifH|Microvirga_sp._KLBC_81|PVE21514.1	Microvirga_sp._KLBC_81	85.073	824	82.6479	92.1700	0.0	1055
JERC-160-Rh|nifH|consensus50|pass_single_dominant	nifH|Microvirga_sp._KLBC_81|PVE21514.1	Microvirga_sp._KLBC_81	85.417	816	81.8455	91.2752	0.0	980
JERC-160-Ro|nifH|consensus50|pass_single_dominant	nifH|Rhizobium_azibense|CAO4004957.1	Rhizobium_azibense	87.302	819	82.1464	91.6107	0.0	1023
JERC-161-No|nifH|consensus50|pass_mixed_possible_multitemplate	nifH|Mesorhizobium_sp._AaZ16|XIK06011.1	Mesorhizobium_sp._AaZ16	88.767	819	82.1464	91.6107	0.0	1086
JERC-161-Rh|nifH|consensus50|pass_single_dominant	nifH|Mesorhizobium_sp._AaZ16|XIK06011.1	Mesorhizobium_sp._AaZ16	85.645	822	82.4473	91.9463	0.0	985
JERC-161-Ro|nifH|consensus50|pass_mixed_possible_multitemplate	nifH|Mesorhizobium_sp._AaZ16|XIK06011.1	Mesorhizobium_sp._AaZ16	88.156	819	82.1464	91.6107	0.0	1075
JERC-16-2-Rh|nifH|consensus50|pass_mixed_possible_multitemplate	nifH|Mesorhizobium_sp._AaZ16|XIK06011.1	Mesorhizobium_sp._AaZ16	91.544	816	81.8455	91.2752	0.0	1203
JERC-16-2-Ro|nifH|consensus50|pass_single_dominant	nifH|Mesorhizobium_sp._AaZ16|XIK06011.1	Mesorhizobium_sp._AaZ16	92.354	824	82.6479	92.1700	0.0	1210
JERC-163-Rh|nifH|consensus50|pass_mixed_possible_multitemplate	nifH|Bradyrhizobium_sp._PUT101|XYX37671.1	Bradyrhizobium_sp._PUT101	82.467	827	82.9488	93.4463	0.0	929
JERC-164-Ro|nifH|consensus50|pass_mixed_possible_multitemplate	nifH|Bradyrhizobium_sp._PUT101|XYX37671.1	Bradyrhizobium_sp._PUT101	86.731	829	83.1494	93.6723	0.0	1029
JERC-165-No|nifH|consensus50|pass_mixed_possible_multitemplate	nifH|Bradyrhizobium_ottawaense|XZF72199.1	Bradyrhizobium_ottawaense	87.711	830	83.2497	93.7853	0.0	1050
JERC-165-Ro|nifH|consensus50|pass_mixed_possible_multitemplate	nifH|Mesorhizobium_sp._AaZ16|XIK06011.1	Mesorhizobium_sp._AaZ16	87.593	806	80.8425	90.1566	0.0	1081
JERC-167-No|nifH|consensus50|pass_mixed_possible_multitemplate	nifH|Mesorhizobium_sp._AaZ16|XIK06011.1	Mesorhizobium_sp._AaZ16	84.892	834	83.6510	93.2886	0.0	980
JERC-167-Rh|nifH|consensus50|pass_mixed_possible_multitemplate	nifH|Mesorhizobium_sp._AaZ16|XIK06011.1	Mesorhizobium_sp._AaZ16	89.601	827	82.9488	92.5056	0.0	1159
JERC-167-Ro|nifH|consensus50|pass_mixed_possible_multitemplate	nifH|Mesorhizobium_sp._AaZ16|XIK06011.1	Mesorhizobium_sp._AaZ16	89.199	824	82.6479	92.1700	0.0	1138
JERC-168-Rh|nifH|consensus50|pass_mixed_possible_multitemplate	nifH|Microvirga_sp._KLBC_81|PVE21514.1	Microvirga_sp._KLBC_81	83.824	816	81.8455	91.2752	0.0	950
JERC-168-Ro|nifH|consensus50|pass_mixed_possible_multitemplate	nifH|Bradyrhizobium_sp._PUT101|XYX37671.1	Bradyrhizobium_sp._PUT101	84.560	829	83.1494	93.6723	0.0	995
JERC-169-No|nifH|consensus50|pass_mixed_possible_multitemplate	nifH|Mesorhizobium_sp._AaZ16|XIK06011.1	Mesorhizobium_sp._AaZ16	84.885	827	82.9488	92.5056	0.0	970
JERC-169-Rh|nifH|consensus50|pass_single_dominant	nifH|Bradyrhizobium_sp._PUT101|XYX37671.1	Bradyrhizobium_sp._PUT101	87.214	829	83.1494	93.6723	0.0	1031
JERC-169-Ro|nifH|consensus50|pass_mixed_possible_multitemplate	nifH|Bradyrhizobium_sp._PUT101|XYX37671.1	Bradyrhizobium_sp._PUT101	82.268	829	83.1494	93.6723	0.0	938
JERC-170-No|nifH|consensus50|pass_single_dominant	nifH|Bradyrhizobium_sp._PUT101|XYX37671.1	Bradyrhizobium_sp._PUT101	83.454	828	83.0491	93.5593	0.0	923
JERC-170-Rh|nifH|consensus50|pass_single_dominant	nifH|Mesorhizobium_sp._WSM4083|XXN81638.1	Mesorhizobium_sp._WSM4083	85.470	819	82.1464	91.6107	0.0	972
JERC-170-Ro|nifH|consensus50|pass_mixed_possible_multitemplate	nifH|Mesorhizobium_sp._AaZ16|XIK06011.1	Mesorhizobium_sp._AaZ16	85.181	830	83.2497	92.8412	0.0	979
JERC-171-No|nifH|consensus50|pass_mixed_possible_multitemplate	nifH|Bradyrhizobium_sp._PUT101|XYX37671.1	Bradyrhizobium_sp._PUT101	86.369	829	83.1494	93.6723	0.0	1049
JERC-171-Ro|nifH|consensus50|pass_mixed_possible_multitemplate	nifH|Mesorhizobium_sp._AaZ16|XIK06011.1	Mesorhizobium_sp._AaZ16	87.057	819	82.1464	91.6107	0.0	1059
JERC-172-2-No|nifH|consensus50|pass_mixed_possible_multitemplate	nifH|Mesorhizobium_sp._AaZ16|XIK06011.1	Mesorhizobium_sp._AaZ16	87.831	830	83.2497	92.8412	0.0	1064
JERC-172-2-Rh|nifH|consensus50|pass_single_dominant	nifH|Bradyrhizobium_sp._PUT101|XYX37671.1	Bradyrhizobium_sp._PUT101	87.817	829	83.1494	93.6723	0.0	1049
JERC-172-2-Ro|nifH|consensus50|pass_single_dominant	nifH|Mesorhizobium_sp._AaZ16|XIK06011.1	Mesorhizobium_sp._AaZ16	83.859	824	82.6479	92.1700	0.0	920
JERC-173-1-Rh|nifH|consensus50|pass_mixed_possible_multitemplate	nifH|Bradyrhizobium_sp._PUT101|XYX37671.1	Bradyrhizobium_sp._PUT101	86.731	829	83.1494	93.6723	0.0	1031
JERC-175-1-No|nifH|consensus50|pass_mixed_possible_multitemplate	nifH|Bradyrhizobium_sp._PUT101|XYX37671.1	Bradyrhizobium_sp._PUT101	86.248	829	83.1494	93.6723	0.0	1021
JERC-175-1-Rh|nifH|consensus50|pass_mixed_possible_multitemplate	nifH|Bradyrhizobium_sp._PUT101|XYX37671.1	Bradyrhizobium_sp._PUT101	88.540	829	83.1494	93.6723	0.0	1087
JERC-176-5-No|nifH|consensus50|pass_mixed_possible_multitemplate	nifH|Bradyrhizobium_sp._SPXBL-04|XYL77982.1	Bradyrhizobium_sp._SPXBL-04	84.337	830	83.2497	93.7853	0.0	969
JERC-177-No|nifH|consensus50|pass_mixed_possible_multitemplate	nifH|Bradyrhizobium_ottawaense|XZF72199.1	Bradyrhizobium_ottawaense	85.060	830	83.2497	93.7853	0.0	989
JERC-177-Rh|nifH|consensus50|pass_mixed_possible_multitemplate	nifH|Bradyrhizobium_sp._PUT101|XYX37671.1	Bradyrhizobium_sp._PUT101	86.972	829	83.1494	93.6723	0.0	1034
JERC-177-Ro|nifH|consensus50|pass_single_dominant	nifH|Bradyrhizobium_sp._PUT101|XYX37671.1	Bradyrhizobium_sp._PUT101	87.817	829	83.1494	93.6723	0.0	1057
JERC-179-4-Ro|nifH|consensus50|pass_mixed_possible_multitemplate	nifH|Neorhizobium_galegae|AIY31028.1	Neorhizobium_galegae	91.287	746	74.8245	98.1579	0.0	1145
JERC-180-5-No|nifH|consensus50|pass_single_dominant	nifH|Bradyrhizobium_ottawaense|XZF72199.1	Bradyrhizobium_ottawaense	81.687	830	83.2497	93.7853	0.0	853
JERC-18-2-Rh|nifH|consensus50|pass_mixed_possible_multitemplate	nifH|Mesorhizobium_sp._AaZ16|XIK06011.1	Mesorhizobium_sp._AaZ16	85.592	819	82.1464	91.6107	0.0	1059
JERC-18-2-Ro|nifH|consensus50|pass_mixed_possible_multitemplate	nifH|Mesorhizobium_sp._AaZ16|XIK06011.1	Mesorhizobium_sp._AaZ16	90.500	800	80.2407	89.4855	0.0	1151
JERC-183-3-No|nifH|consensus50|pass_mixed_possible_multitemplate	nifH|Bradyrhizobium_sp._PUT101|XYX37671.1	Bradyrhizobium_sp._PUT101	84.337	830	83.2497	93.7853	0.0	1018
JERC-183-3-Ro|nifH|consensus50|pass_mixed_possible_multitemplate	nifH|Bradyrhizobium_sp._PUT101|XYX37671.1	Bradyrhizobium_sp._PUT101	84.680	829	83.1494	93.6723	0.0	991
JERC-186-1-No|nifH|consensus50|pass_mixed_possible_multitemplate	nifH|Bradyrhizobium_sp._PUT101|XYX37671.1	Bradyrhizobium_sp._PUT101	84.560	829	83.1494	93.6723	0.0	1008
JERC-187-1-Ro|nifH|consensus50|pass_mixed_possible_multitemplate	nifH|Bradyrhizobium_sp._PUT101|XYX37671.1	Bradyrhizobium_sp._PUT101	83.313	827	82.9488	93.4463	0.0	984
JERC-189-1-Rh|nifH|consensus50|pass_mixed_possible_multitemplate	nifH|Bradyrhizobium_sp._PUT101|XYX37671.1	Bradyrhizobium_sp._PUT101	86.248	829	83.1494	93.6723	0.0	1027
JERC-191-1-No|nifH|consensus50|pass_mixed_possible_multitemplate	nifH|Bradyrhizobium_sp._PUT101|XYX37671.1	Bradyrhizobium_sp._PUT101	82.509	829	83.1494	93.6723	0.0	919
JERC-192-1-No|nifH|consensus50|pass_mixed_possible_multitemplate	nifH|Bradyrhizobium_sp._PUT101|XYX37671.1	Bradyrhizobium_sp._PUT101	88.179	829	83.1494	93.6723	0.0	1074
JERC-195-2-Ro|nifH|consensus50|pass_mixed_possible_multitemplate	nifH|Bradyrhizobium_sp._PUT101|XYX37671.1	Bradyrhizobium_sp._PUT101	81.785	829	83.1494	93.6723	0.0	934
JERC-197-1-No|nifH|consensus50|pass_single_dominant	nifH|Mesorhizobium_sp._AaZ16|XIK06011.1	Mesorhizobium_sp._AaZ16	87.713	822	82.4473	91.9463	0.0	1035
JERC-197-1-Ro|nifH|consensus50|pass_mixed_possible_multitemplate	nifH|Microvirga_lotononidis|WQO30062.1	Microvirga_lotononidis	86.800	803	80.5416	89.8210	0.0	1034
JERC-198-No|nifH|consensus50|pass_single_dominant	nifH|Bradyrhizobium_sp._SPXBL-04|XYL77982.1	Bradyrhizobium_sp._SPXBL-04	85.404	829	83.1494	93.6723	0.0	983
JERC-198-Rh|nifH|consensus50|pass_mixed_possible_multitemplate	nifH|Microvirga_sp._RSM25|XKE00370.1	Microvirga_sp._RSM25	86.161	831	83.3501	92.9530	0.0	1082
JERC-198-Ro|nifH|consensus50|pass_mixed_possible_multitemplate	nifH|Bradyrhizobium_sp._PUT101|XYX37671.1	Bradyrhizobium_sp._PUT101	86.490	829	83.1494	93.6723	0.0	1031
JERC-199-No|nifH|consensus50|pass_mixed_possible_multitemplate	nifH|Bradyrhizobium_sp._PUT101|XYX37671.1	Bradyrhizobium_sp._PUT101	85.525	829	83.1494	93.6723	0.0	1005
JERC-199-Rh|nifH|consensus50|pass_mixed_possible_multitemplate	nifH|Mesorhizobium_sp._WSM4083|XXN81638.1	Mesorhizobium_sp._WSM4083	85.417	816	81.8455	91.2752	0.0	992
JERC-199-Ro|nifH|consensus50|pass_mixed_possible_multitemplate	nifH|Microvirga_sp._RSM25|XKE00370.1	Microvirga_sp._RSM25	84.737	819	82.1464	91.6107	0.0	1035
JERC-201-1-No|nifH|consensus50|pass_single_dominant	nifH|Bradyrhizobium_sp._SPXBL-04|XYL77982.1	Bradyrhizobium_sp._SPXBL-04	82.530	830	83.2497	93.7853	0.0	877
JERC-20-1-No|nifH|consensus50|pass_mixed_possible_multitemplate	nifH|Bradyrhizobium_sp._SPXBL-04|XYL77982.1	Bradyrhizobium_sp._SPXBL-04	85.973	827	82.9488	93.4463	0.0	1002
JERC-20-1-Rh|nifH|consensus50|pass_mixed_possible_multitemplate	nifH|Mesorhizobium_sp._AaZ16|XIK06011.1	Mesorhizobium_sp._AaZ16	87.610	799	80.1404	89.3736	0.0	1039
JERC-20-1-Ro|nifH|consensus50|pass_mixed_possible_multitemplate	nifH|Mesorhizobium_sp._AaZ16|XIK06011.1	Mesorhizobium_sp._AaZ16	89.744	819	82.1464	91.6107	0.0	1211
JERC-202-1-No|nifH|consensus50|pass_mixed_possible_multitemplate	nifH|Bradyrhizobium_sp._PUT101|XYX37671.1	Bradyrhizobium_sp._PUT101	83.957	829	83.1494	93.6723	0.0	986
JERC-202-1-Ro|nifH|consensus50|pass_mixed_possible_multitemplate	nifH|Burkholderia_vietnamiensis|KVR85109.1	Burkholderia_vietnamiensis	84.034	833	83.5507	94.4444	0.0	951
JERC-203-1-No|nifH|consensus50|pass_single_dominant	nifH|Mesorhizobium_sp._AaZ16|XIK06011.1	Mesorhizobium_sp._AaZ16	85.437	824	82.6479	92.1700	0.0	962
JERC-203-1-Rh|nifH|consensus50|pass_single_dominant	nifH|Bradyrhizobium_sp._PUT101|XYX37671.1	Bradyrhizobium_sp._PUT101	86.731	829	83.1494	93.6723	0.0	1027
JERC-204-1-No|nifH|consensus50|pass_single_dominant	nifH|Bradyrhizobium_sp._PUT101|XYX37671.1	Bradyrhizobium_sp._PUT101	88.299	829	83.1494	93.6723	0.0	1069
JERC-204-1-Rh|nifH|consensus50|pass_mixed_possible_multitemplate	nifH|Bradyrhizobium_sp._PUT101|XYX37671.1	Bradyrhizobium_sp._PUT101	86.248	829	83.1494	93.6723	0.0	1040
JERC-204-1-Ro|nifH|consensus50|pass_mixed_possible_multitemplate	nifH|Rhizobium_sp._YTUHZ044|XXA98993.1	Rhizobium_sp._YTUHZ044	82.651	830	83.2497	92.8412	0.0	1036
JERC-2-1-No|nifH|consensus50|pass_single_dominant	nifH|Rhizobium_ruizarguesonis|XIE09844.1	Rhizobium_ruizarguesonis	91.596	821	82.3470	91.8345	0.0	1174
JERC-2-1-Rh|nifH|consensus50|pass_mixed_possible_multitemplate	nifH|Rhizobium_azibense|CAO4004957.1	Rhizobium_azibense	83.394	819	82.1464	91.6107	0.0	1037
JERC-23-1-Rh|nifH|consensus50|pass_mixed_possible_multitemplate	nifH|Mesorhizobium_sp._AaZ16|XIK06011.1	Mesorhizobium_sp._AaZ16	89.377	819	82.1464	91.6107	0.0	1122
JERC-23-1-Ro|nifH|consensus50|pass_single_dominant	nifH|Mesorhizobium_sp._AaZ16|XIK06011.1	Mesorhizobium_sp._AaZ16	89.377	819	82.1464	91.6107	0.0	1131
JERC-25-1-No|nifH|consensus50|pass_mixed_possible_multitemplate	nifH|Mesorhizobium_sp._AaZ16|XIK06011.1	Mesorhizobium_sp._AaZ16	85.248	827	82.9488	92.5056	0.0	980
JERC-25-1-Rh|nifH|consensus50|pass_mixed_possible_multitemplate	nifH|Bradyrhizobium_sp._PUT101|XYX37671.1	Bradyrhizobium_sp._PUT101	86.972	829	83.1494	93.6723	0.0	1047
JERC-25-1-Ro|nifH|consensus50|pass_mixed_possible_multitemplate	nifH|Mesorhizobium_sp._AaZ16|XIK06011.1	Mesorhizobium_sp._AaZ16	84.860	819	82.1464	91.6107	0.0	1014
JERC-26-5-No|nifH|consensus50|pass_mixed_possible_multitemplate	nifH|Rhizobium_azibense|CAO4004957.1	Rhizobium_azibense	88.034	819	82.1464	91.6107	0.0	1166
JERC-27-2-No|nifH|consensus50|pass_mixed_possible_multitemplate	nifH|Mesorhizobium_sp._AaZ16|XIK06011.1	Mesorhizobium_sp._AaZ16	87.846	831	83.3501	92.9530	0.0	1076
JERC-28-4-Rh|nifH|consensus50|pass_mixed_possible_multitemplate	nifH|Bradyrhizobium_sp._PUT101|XYX37671.1	Bradyrhizobium_sp._PUT101	86.715	828	83.0491	93.5593	0.0	1045
JERC-28-4-Ro|nifH|consensus50|pass_mixed_possible_multitemplate	nifH|Microvirga_sp._KLBC_81|PVE21514.1	Microvirga_sp._KLBC_81	85.836	819	82.1464	91.6107	0.0	1090
JERC-30-3-No|nifH|consensus50|pass_mixed_possible_multitemplate	nifH|Bradyrhizobium_sp._PUT101|XYX37671.1	Bradyrhizobium_sp._PUT101	83.012	830	83.2497	93.7853	0.0	913
JERC-30-3-Rh|nifH|consensus50|pass_mixed_possible_multitemplate	nifH|Mesorhizobium_sp._AaZ16|XIK06011.1	Mesorhizobium_sp._AaZ16	86.747	830	83.2497	92.8412	0.0	1072
JERC-3-1-No|nifH|consensus50|pass_mixed_possible_multitemplate	nifH|Rhizobium_ruizarguesonis|XIE09844.1	Rhizobium_ruizarguesonis	91.604	798	80.0401	89.2617	0.0	1159
JERC-3-1-Rh|nifH|consensus50|pass_mixed_possible_multitemplate	nifH|Mesorhizobium_sp._AaZ16|XIK06011.1	Mesorhizobium_sp._AaZ16	90.440	795	79.7392	88.9262	0.0	1178
JERC-3-1-Ro|nifH|consensus50|pass_mixed_possible_multitemplate	nifH|Mesorhizobium_sp._AaZ16|XIK06011.1	Mesorhizobium_sp._AaZ16	87.424	827	82.9488	92.5056	0.0	1122
JERC-34-4-No|nifH|consensus50|pass_single_dominant	nifH|Mesorhizobium_sp._AaZ16|XIK06011.1	Mesorhizobium_sp._AaZ16	93.382	816	81.8455	91.2752	0.0	1229
JERC-35-1-Ro|nifH|consensus50|pass_mixed_possible_multitemplate	nifH|Rhizobium_sp._YTUHZ044|XXA98993.1	Rhizobium_sp._YTUHZ044	84.709	824	82.6479	92.1700	0.0	1012
JERC-36-1-No|nifH|consensus50|pass_mixed_possible_multitemplate	nifH|Rhizobium_sp._YTUHZ044|XXA98993.1	Rhizobium_sp._YTUHZ044	84.223	824	82.6479	92.1700	0.0	1003
JERC-36-1-Ro|nifH|consensus50|pass_mixed_possible_multitemplate	nifH|Rhizobium_sp._ZK1|XON24431.1	Rhizobium_sp._ZK1	83.824	816	81.8455	91.2752	0.0	1041
JERC-37-2-No|nifH|consensus50|pass_single_dominant	nifH|Bradyrhizobium_ottawaense|XZF72199.1	Bradyrhizobium_ottawaense	87.666	827	82.9488	93.4463	0.0	1032
JERC-37-2-Ro|nifH|consensus50|pass_single_dominant	nifH|Rhizobium_sp._ZK1|XON24431.1	Rhizobium_sp._ZK1	85.800	831	83.3501	92.9530	0.0	996
JERC-38-2-No|nifH|consensus50|pass_mixed_possible_multitemplate	nifH|Bradyrhizobium_ottawaense|XZF72199.1	Bradyrhizobium_ottawaense	86.457	827	82.9488	93.4463	0.0	1027
JERC-39-5-No|nifH|consensus50|pass_single_dominant	nifH|Bradyrhizobium_sp._PUT101|XYX37671.1	Bradyrhizobium_sp._PUT101	81.645	839	84.1525	94.8023	0.0	866
JERC-41-2-Rh|nifH|consensus50|pass_mixed_possible_multitemplate	nifH|Bradyrhizobium_sp._PUT101|XYX37671.1	Bradyrhizobium_sp._PUT101	85.283	829	83.1494	93.6723	0.0	1023
JERC-4-1-No|nifH|consensus50|pass_single_dominant	nifH|Rhizobium_ruizarguesonis|XIE09844.1	Rhizobium_ruizarguesonis	91.241	822	82.4473	91.9463	0.0	1175
JERC-4-1-Rh|nifH|consensus50|pass_mixed_possible_multitemplate	nifH|Microvirga_sp._RSM25|XKE00370.1	Microvirga_sp._RSM25	87.908	827	82.9488	92.5056	0.0	1122
JERC-42-1-No|nifH|consensus50|pass_mixed_possible_multitemplate	nifH|Mesorhizobium_sp._AaZ16|XIK06011.1	Mesorhizobium_sp._AaZ16	85.127	827	82.9488	92.5056	0.0	1003
JERC-42-1-Rh|nifH|consensus50|pass_mixed_possible_multitemplate	nifH|Bradyrhizobium_sp._PUT101|XYX37671.1	Bradyrhizobium_sp._PUT101	85.006	827	82.9488	93.4463	0.0	977
JERC-43-1-No|nifH|consensus50|pass_single_dominant	nifH|Rhizobium_sp._YTUHZ044|XXA98993.1	Rhizobium_sp._YTUHZ044	84.281	827	82.9488	92.5056	0.0	933
JERC-44-2-No|nifH|consensus50|pass_mixed_possible_multitemplate	nifH|Sinorhizobium_fredii_(Rhizobium_fredii)|XRN48363.1	Sinorhizobium_fredii_(Rhizobium_fredii)	82.971	828	83.0491	92.9293	0.0	1031
JERC-45-5-No|nifH|consensus50|pass_single_dominant	nifH|Bradyrhizobium_ottawaense|XZF72199.1	Bradyrhizobium_ottawaense	81.084	830	83.2497	93.7853	0.0	842
JERC-45-5-Ro|nifH|consensus50|pass_mixed_possible_multitemplate	nifH|Bradyrhizobium_sp._PUT101|XYX37671.1	Bradyrhizobium_sp._PUT101	85.283	829	83.1494	93.6723	0.0	1026
JERC-46-1-Rh|nifH|consensus50|pass_mixed_possible_multitemplate	nifH|Bradyrhizobium_sp._PUT101|XYX37671.1	Bradyrhizobium_sp._PUT101	86.248	829	83.1494	93.6723	0.0	1049
JERC-46-1-Ro|nifH|consensus50|pass_mixed_possible_multitemplate	nifH|Sinorhizobium_fredii_(Rhizobium_fredii)|XRN48363.1	Sinorhizobium_fredii_(Rhizobium_fredii)	84.541	828	83.0491	92.9293	0.0	1009
JERC-47-2-Rh|nifH|consensus50|pass_mixed_possible_multitemplate	nifH|Bradyrhizobium_sp._PUT101|XYX37671.1	Bradyrhizobium_sp._PUT101	85.887	829	83.1494	93.6723	0.0	1033
JERC-47-2-Ro|nifH|consensus50|pass_mixed_possible_multitemplate	nifH|Bradyrhizobium_sp._PUT101|XYX37671.1	Bradyrhizobium_sp._PUT101	86.852	829	83.1494	93.6723	0.0	1049
JERC-48-3-No|nifH|consensus50|pass_single_dominant	nifH|Bradyrhizobium_sp._PUT101|XYX37671.1	Bradyrhizobium_sp._PUT101	84.699	830	83.2497	93.7853	0.0	940
JERC-48-3-Rh|nifH|consensus50|pass_mixed_possible_multitemplate	nifH|Bradyrhizobium_sp._PUT101|XYX37671.1	Bradyrhizobium_sp._PUT101	87.937	829	83.1494	93.6723	0.0	1088
JERC-48-3-Ro|nifH|consensus50|pass_mixed_possible_multitemplate	nifH|Bradyrhizobium_sp._PUT101|XYX37671.1	Bradyrhizobium_sp._PUT101	87.093	829	83.1494	93.6723	0.0	1051
JERC-49-2-Rh|nifH|consensus50|pass_mixed_possible_multitemplate	nifH|Bradyrhizobium_sp._PUT101|XYX37671.1	Bradyrhizobium_sp._PUT101	86.972	829	83.1494	93.6723	0.0	1047
JERC-49-2-Ro|nifH|consensus50|pass_single_dominant	nifH|Mesorhizobium_sp._AaZ16|XIK06011.1	Mesorhizobium_sp._AaZ16	84.401	827	82.9488	92.5056	0.0	937
JERC-50-5-No|nifH|consensus50|pass_single_dominant	nifH|Bradyrhizobium_sp._PUT101|XYX37671.1	Bradyrhizobium_sp._PUT101	84.458	830	83.2497	93.7853	0.0	923
JERC-50-5-Rh|nifH|consensus50|pass_mixed_possible_multitemplate	nifH|Bradyrhizobium_sp._PUT101|XYX37671.1	Bradyrhizobium_sp._PUT101	87.455	829	83.1494	93.6723	0.0	1056
JERC-50-5-Ro|nifH|consensus50|pass_mixed_possible_multitemplate	nifH|Bradyrhizobium_sp._PUT101|XYX37671.1	Bradyrhizobium_sp._PUT101	85.525	829	83.1494	93.6723	0.0	1020
JERC-51-1-No|nifH|consensus50|pass_mixed_possible_multitemplate	nifH|Sinorhizobium_fredii_(Rhizobium_fredii)|XRN48363.1	Sinorhizobium_fredii_(Rhizobium_fredii)	80.024	831	83.3501	93.2660	0.0	875
JERC-51-1-Rh|nifH|consensus50|pass_mixed_possible_multitemplate	nifH|Bradyrhizobium_sp._PUT101|XYX37671.1	Bradyrhizobium_sp._PUT101	86.369	829	83.1494	93.6723	0.0	1046
JERC-51-1-Ro|nifH|consensus50|pass_mixed_possible_multitemplate	nifH|Rhizobium_sp._YTUHZ044|XXA98993.1	Rhizobium_sp._YTUHZ044	84.799	796	79.8395	89.0380	0.0	972
JERC-53-5-No|nifH|consensus50|pass_mixed_possible_multitemplate	nifH|Sinorhizobium_fredii_(Rhizobium_fredii)|XRN48363.1	Sinorhizobium_fredii_(Rhizobium_fredii)	84.559	816	81.8455	91.5825	0.0	941
JERC-53-5-Rh|nifH|consensus50|pass_mixed_possible_multitemplate	nifH|Mesorhizobium_sp._AaZ16|XIK06011.1	Mesorhizobium_sp._AaZ16	85.490	827	82.9488	92.5056	0.0	1002
JERC-5-3-No|nifH|consensus50|pass_mixed_possible_multitemplate	nifH|Rhizobium_ruizarguesonis|XIE09844.1	Rhizobium_ruizarguesonis	90.989	799	80.1404	89.3736	0.0	1144
JERC-5-3-Rh|nifH|consensus50|pass_mixed_possible_multitemplate	nifH|Mesorhizobium_sp._AaZ16|XIK06011.1	Mesorhizobium_sp._AaZ16	88.307	821	82.3470	91.8345	0.0	1104
JERC-5-3-Ro|nifH|consensus50|pass_mixed_possible_multitemplate	nifH|Mesorhizobium_sp._AaZ16|XIK06011.1	Mesorhizobium_sp._AaZ16	88.670	812	81.4443	90.8277	0.0	1159
JERC-54-2-Rh|nifH|consensus50|pass_mixed_possible_multitemplate	nifH|Bradyrhizobium_sp._PUT101|XYX37671.1	Bradyrhizobium_sp._PUT101	86.852	829	83.1494	93.6723	0.0	1055
JERC-54-2-Ro|nifH|consensus50|pass_mixed_possible_multitemplate	nifH|Bradyrhizobium_sp._PUT101|XYX37671.1	Bradyrhizobium_sp._PUT101	86.852	829	83.1494	93.6723	0.0	1046
JERC-6-3-No|nifH|consensus50|pass_single_dominant	nifH|Rhizobium_ruizarguesonis|XIE09844.1	Rhizobium_ruizarguesonis	89.461	816	81.8455	91.2752	0.0	1108
JERC-6-3-Rh|nifH|consensus50|pass_mixed_possible_multitemplate	nifH|Mesorhizobium_sp._AaZ16|XIK06011.1	Mesorhizobium_sp._AaZ16	92.857	798	80.0401	89.2617	0.0	1244
JERC-7-2-Rh|nifH|consensus50|pass_mixed_possible_multitemplate	nifH|Microvirga_sp._KLBC_81|PVE21514.1	Microvirga_sp._KLBC_81	91.262	824	82.6479	92.1700	0.0	1187
JERC-7-2-Ro|nifH|consensus50|pass_mixed_possible_multitemplate	nifH|Mesorhizobium_sp._AaZ16|XIK06011.1	Mesorhizobium_sp._AaZ16	90.720	819	82.1464	91.6107	0.0	1191
JERC-8-2-No|nifH|consensus50|pass_single_dominant	nifH|Mesorhizobium_sp._AaZ16|XIK06011.1	Mesorhizobium_sp._AaZ16	90.943	806	80.8425	90.1566	0.0	1141
JERC-8-2-Rh|nifH|consensus50|pass_mixed_possible_multitemplate	nifH|Mesorhizobium_sp._AaZ16|XIK06011.1	Mesorhizobium_sp._AaZ16	93.985	798	80.0401	89.2617	0.0	1245
JERC-84-3-No|nifH|consensus50|pass_mixed_possible_multitemplate	nifH|Rhizobium_azibense|CAO4004957.1	Rhizobium_azibense	85.732	827	82.9488	92.5056	0.0	1025
JERC-87-1-No|nifH|consensus50|pass_mixed_possible_multitemplate	nifH|Rhizobium_sp._YTUHZ044|XXA98993.1	Rhizobium_sp._YTUHZ044	87.073	820	82.2467	91.7226	0.0	1025
JERC-87-1-Rh|nifH|consensus50|pass_mixed_possible_multitemplate	nifH|Microvirga_lotononidis|WQO30062.1	Microvirga_lotononidis	87.868	816	81.8455	91.2752	0.0	1100
JERC-87-1-Ro|nifH|consensus50|pass_mixed_possible_multitemplate	nifH|Mesorhizobium_sp._WSM4083|XXN81638.1	Mesorhizobium_sp._WSM4083	87.255	816	81.8455	91.2752	0.0	1072
JERC-88-1-Rh|nifH|consensus50|pass_single_dominant	nifH|Mesorhizobium_sp._AaZ16|XIK06011.1	Mesorhizobium_sp._AaZ16	89.238	827	82.9488	92.5056	0.0	1113
JERC-88-1-Ro|nifH|consensus50|pass_mixed_possible_multitemplate	nifH|Rhizobium_sp._YTUHZ044|XXA98993.1	Rhizobium_sp._YTUHZ044	86.772	824	82.6479	92.1700	0.0	1107
JERC-89-1-No|nifH|consensus50|pass_mixed_possible_multitemplate	nifH|Microvirga_sp._RSM25|XKE00370.1	Microvirga_sp._RSM25	84.709	824	82.6479	92.1700	0.0	989
JERC-89-1-Ro|nifH|consensus50|pass_single_dominant	nifH|Mesorhizobium_sp._WSM4083|XXN81638.1	Mesorhizobium_sp._WSM4083	87.626	792	79.4383	88.5906	0.0	1012
JERC-90-1-No|nifH|consensus50|pass_mixed_possible_multitemplate	nifH|Mesorhizobium_sp._AaZ16|XIK06011.1	Mesorhizobium_sp._AaZ16	86.336	827	82.9488	92.5056	0.0	1044
JERC-90-1-Rh|nifH|consensus50|pass_mixed_possible_multitemplate	nifH|Mesorhizobium_sp._AaZ16|XIK06011.1	Mesorhizobium_sp._AaZ16	83.578	816	81.8455	91.2752	0.0	964
JERC-90-1-Ro|nifH|consensus50|pass_mixed_possible_multitemplate	nifH|Mesorhizobium_sp._AaZ16|XIK06011.1	Mesorhizobium_sp._AaZ16	82.614	834	83.6510	93.2886	0.0	986
JERC-91-1-Rh|nifH|consensus50|pass_single_dominant	nifH|Bradyrhizobium_sp._PUT101|XYX37671.1	Bradyrhizobium_sp._PUT101	83.195	845	84.7543	95.4802	0.0	935
JERC-92-4-Rh|nifH|consensus50|pass_mixed_possible_multitemplate	nifH|Bradyrhizobium_sp._PUT101|XYX37671.1	Bradyrhizobium_sp._PUT101	85.525	829	83.1494	93.6723	0.0	1027
JERC-93-1-No|nifH|consensus50|pass_mixed_possible_multitemplate	nifH|Mesorhizobium_sp._AaZ16|XIK06011.1	Mesorhizobium_sp._AaZ16	83.494	830	83.2497	92.8412	0.0	950
JERC-93-1-Rh|nifH|consensus50|pass_mixed_possible_multitemplate	nifH|Microvirga_sp._RSM25|XKE00370.1	Microvirga_sp._RSM25	85.523	822	82.4473	91.9463	0.0	1013
JERC-93-1-Ro|nifH|consensus50|pass_mixed_possible_multitemplate	nifH|Bradyrhizobium_sp._PUT101|XYX37671.1	Bradyrhizobium_sp._PUT101	85.525	829	83.1494	93.6723	0.0	997
JERC-94-1-No|nifH|consensus50|pass_single_dominant	nifH|Neorhizobium_galegae|AIY31028.1	Neorhizobium_galegae	97.326	748	75.0251	98.4211	0.0	1260
JERC-94-1-Rh|nifH|consensus50|pass_mixed_possible_multitemplate	nifH|Mesorhizobium_sp._WSM4083|XXN81638.1	Mesorhizobium_sp._WSM4083	86.253	822	82.4473	91.9463	0.0	1078
JERC-94-1-Ro|nifH|consensus50|pass_mixed_possible_multitemplate	nifH|Mesorhizobium_sp._AaZ16|XIK06011.1	Mesorhizobium_sp._AaZ16	82.588	827	82.9488	92.5056	0.0	1031
JERC-96-2-No|nifH|consensus50|pass_single_dominant	nifH|Mesorhizobium_sp._AaZ16|XIK06011.1	Mesorhizobium_sp._AaZ16	85.073	824	82.6479	92.1700	0.0	952
JERC-98-1-No|nifH|consensus50|pass_mixed_possible_multitemplate	nifH|Bradyrhizobium_sp._PUT101|XYX37671.1	Bradyrhizobium_sp._PUT101	81.785	829	83.1494	93.6723	0.0	911
JERC-98-1-Rh|nifH|consensus50|pass_single_dominant	nifH|Mesorhizobium_sp._AaZ16|XIK06011.1	Mesorhizobium_sp._AaZ16	87.424	819	82.1464	91.6107	0.0	1050
JERC-98-1-Ro|nifH|consensus50|pass_mixed_possible_multitemplate	nifH|Mesorhizobium_sp._AaZ16|XIK06011.1	Mesorhizobium_sp._AaZ16	88.564	822	82.4473	91.9463	0.0	1108
JERC-98-2-No|nifH|consensus50|pass_mixed_possible_multitemplate	nifH|Bradyrhizobium_ottawaense|XZF72199.1	Bradyrhizobium_ottawaense	83.676	827	82.9488	93.4463	0.0	941
JERC-98-2-Rh|nifH|consensus50|pass_mixed_possible_multitemplate	nifH|Microvirga_sp._KLBC_81|PVE21514.1	Microvirga_sp._KLBC_81	88.235	816	81.8455	91.2752	0.0	1067
JERC-98-3-No|nifH|consensus50|pass_single_dominant	nifH|Bradyrhizobium_ottawaense|XZF72199.1	Bradyrhizobium_ottawaense	86.610	829	83.1494	93.6723	0.0	1001
JERC-98-3-Ro|nifH|consensus50|pass_mixed_possible_multitemplate	nifH|Mesorhizobium_sp._AaZ16|XIK06011.1	Mesorhizobium_sp._AaZ16	85.958	819	82.1464	91.6107	0.0	1055
JERC-98-4-No|nifH|consensus50|pass_mixed_possible_multitemplate	nifH|Bradyrhizobium_ottawaense|XZF72199.1	Bradyrhizobium_ottawaense	86.024	830	83.2497	93.7853	0.0	1016
JERC-98-4-Ro|nifH|consensus50|pass_mixed_possible_multitemplate	nifH|Mesorhizobium_sp._RIZ17|XXB69634.1	Mesorhizobium_sp._RIZ17	84.634	820	82.2467	91.7226	0.0	977
JERC-99-1-Rh|nifH|consensus50|pass_single_dominant	nifH|Mesorhizobium_sp._AaZ16|XIK06011.1	Mesorhizobium_sp._AaZ16	86.325	819	82.1464	91.6107	0.0	997
JERC-99-1-Ro|nifH|consensus50|pass_single_dominant	nifH|Microvirga_sp._KLBC_81|PVE21514.1	Microvirga_sp._KLBC_81	89.843	827	82.9488	92.5056	0.0	1162
JERC-99-2-No|nifH|consensus50|pass_mixed_possible_multitemplate	nifH|Mesorhizobium_sp._AaZ16|XIK06011.1	Mesorhizobium_sp._AaZ16	85.558	824	82.6479	92.1700	0.0	981
JERC-99-2-Ro|nifH|consensus50|pass_mixed_possible_multitemplate	nifH|Microvirga_sp._KLBC_81|PVE21514.1	Microvirga_sp._KLBC_81	84.493	819	82.1464	91.6107	0.0	964
JERC-99-3-No|nifH|consensus50|pass_single_dominant	nifH|Mesorhizobium_sp._AaZ16|XIK06011.1	Mesorhizobium_sp._AaZ16	85.073	824	82.6479	92.1700	0.0	951
JERC-99-4-No|nifH|consensus50|pass_mixed_possible_multitemplate	nifH|Bradyrhizobium_ottawaense|XZF72199.1	Bradyrhizobium_ottawaense	84.578	830	83.2497	93.7853	0.0	939
JERC-99-4-Rh|nifH|consensus50|pass_mixed_possible_multitemplate	nifH|Bradyrhizobium_sp._PUT101|XYX37671.1	Bradyrhizobium_sp._PUT101	86.336	827	82.9488	93.4463	0.0	1019
JERC-AMFR-56-1-No|nifH|consensus50|pass_single_dominant	nifH|Mesorhizobium_sp._AaZ16|XIK06011.1	Mesorhizobium_sp._AaZ16	92.566	834	83.6510	93.2886	0.0	1223
JERC-AMFR-56-1-Rh|nifH|consensus50|pass_mixed_possible_multitemplate	nifH|Mesorhizobium_sp._AaZ16|XIK06011.1	Mesorhizobium_sp._AaZ16	85.680	831	83.3501	92.9530	0.0	1057
JERC-AMFR-56-1-Ro|nifH|consensus50|pass_mixed_possible_multitemplate	nifH|Bradyrhizobium_sp._PUT101|XYX37671.1	Bradyrhizobium_sp._PUT101	82.871	829	83.1494	93.6723	0.0	971
JERC-AMFU-71-1-No|nifH|consensus50|pass_single_dominant	nifH|Mesorhizobium_sp._AaZ16|XIK06011.1	Mesorhizobium_sp._AaZ16	92.457	822	82.4473	91.9463	0.0	1218
JERC-AMFU-71-1-Rh|nifH|consensus50|pass_mixed_possible_multitemplate	nifH|Bradyrhizobium_sp._PUT101|XYX37671.1	Bradyrhizobium_sp._PUT101	87.937	829	83.1494	93.6723	0.0	1067
JERC-AMFU-71-1-Ro|nifH|consensus50|pass_mixed_possible_multitemplate	nifH|Mesorhizobium_sp._AaZ16|XIK06011.1	Mesorhizobium_sp._AaZ16	90.110	819	82.1464	91.6107	0.0	1172
JERC-CERE-67-1-No|nifH|consensus50|pass_mixed_possible_multitemplate	nifH|Bradyrhizobium_ottawaense|XZF72199.1	Bradyrhizobium_ottawaense	85.006	827	82.9488	93.4463	0.0	958
JERC-CEVI-57-2-No|nifH|consensus50|pass_single_dominant	nifH|Bradyrhizobium_ottawaense|XZF72199.1	Bradyrhizobium_ottawaense	86.369	829	83.1494	93.6723	0.0	1010
JERC-CEVI-57-2-Rh|nifH|consensus50|pass_mixed_possible_multitemplate	nifH|Bradyrhizobium_sp._PUT101|XYX37671.1	Bradyrhizobium_sp._PUT101	82.027	829	83.1494	93.6723	0.0	932
JERC-CEVI-57-2-Ro|nifH|consensus50|pass_mixed_possible_multitemplate	nifH|Bradyrhizobium_sp._PUT101|XYX37671.1	Bradyrhizobium_sp._PUT101	84.560	829	83.1494	93.6723	0.0	989
JERC-CHNI-60-3-No|nifH|consensus50|pass_single_dominant	nifH|Rhizobium_sp._ZK1|XON24431.1	Rhizobium_sp._ZK1	84.838	831	83.3501	92.9530	0.0	967
JERC-CHNI-60-3-Rh|nifH|consensus50|pass_mixed_possible_multitemplate	nifH|Mesorhizobium_sp._AaZ16|XIK06011.1	Mesorhizobium_sp._AaZ16	89.651	831	83.3501	92.9530	0.0	1150
JERC-CHNI-86-4-Rh|nifH|consensus50|pass_mixed_possible_multitemplate	nifH|Bradyrhizobium_sp._PUT101|XYX37671.1	Bradyrhizobium_sp._PUT101	87.696	829	83.1494	93.6723	0.0	1062
JERC-CLMA-62-5-Rh|nifH|consensus50|pass_mixed_possible_multitemplate	nifH|Mesorhizobium_sp._AaZ16|XIK06011.1	Mesorhizobium_sp._AaZ16	86.983	822	82.4473	91.9463	0.0	1071
JERC-CLMA-73-2-No|nifH|consensus50|pass_mixed_possible_multitemplate	nifH|Bradyrhizobium_sp._PUT101|XYX37671.1	Bradyrhizobium_sp._PUT101	82.246	828	83.0491	93.5593	0.0	880
JERC-CLMA-73-2-Rh|nifH|consensus50|pass_single_dominant	nifH|Bradyrhizobium_sp._PUT101|XYX37671.1	Bradyrhizobium_sp._PUT101	86.128	829	83.1494	93.6723	0.0	1022
JERC-CLMA-73-2-Ro|nifH|consensus50|pass_single_dominant	nifH|Bradyrhizobium_sp._PUT101|XYX37671.1	Bradyrhizobium_sp._PUT101	87.937	829	83.1494	93.6723	0.0	1066
JERC-CLMA-83-1-Rh|nifH|consensus50|pass_mixed_possible_multitemplate	nifH|Bradyrhizobium_sp._PUT101|XYX37671.1	Bradyrhizobium_sp._PUT101	85.645	829	83.1494	93.6723	0.0	1018
JERC-CRJU-86-1-No|nifH|consensus50|pass_single_dominant	nifH|Microvirga_sp._RSM25|XKE00370.1	Microvirga_sp._RSM25	86.408	824	82.6479	92.1700	0.0	993
JERC-CRJU-86-1-Ro|nifH|consensus50|pass_single_dominant	nifH|Mesorhizobium_sp._AaZ16|XIK06011.1	Mesorhizobium_sp._AaZ16	89.826	806	80.8425	90.1566	0.0	1101
JERC-CRRO-64-1-No|nifH|consensus50|pass_mixed_possible_multitemplate	nifH|Bradyrhizobium_sp._PUT101|XYX37671.1	Bradyrhizobium_sp._PUT101	84.801	829	83.1494	93.6723	0.0	998
JERC-CRRO-70-1-No|nifH|consensus50|pass_mixed_possible_multitemplate	nifH|Bradyrhizobium_sp._PUT101|XYX37671.1	Bradyrhizobium_sp._PUT101	85.525	829	83.1494	93.6723	0.0	1004
JERC-CRRO-70-1-Ro|nifH|consensus50|pass_mixed_possible_multitemplate	nifH|Bradyrhizobium_sp._PUT101|XYX37671.1	Bradyrhizobium_sp._PUT101	85.766	829	83.1494	93.6723	0.0	1013
JERC-DEFL-31-5-No|nifH|consensus50|pass_single_dominant	nifH|Rhizobium_sp._ZK1|XON24431.1	Rhizobium_sp._ZK1	84.951	824	82.6479	92.1700	0.0	966
JERC-DEFL-31-5-Rh|nifH|consensus50|pass_mixed_possible_multitemplate	nifH|Bradyrhizobium_sp._PUT101|XYX37671.1	Bradyrhizobium_sp._PUT101	87.334	829	83.1494	93.6723	0.0	1067
JERC-DEFL-31-5-Ro|nifH|consensus50|pass_mixed_possible_multitemplate	nifH|Bradyrhizobium_sp._PUT101|XYX37671.1	Bradyrhizobium_sp._PUT101	86.007	829	83.1494	93.6723	0.0	1031
JERC-DEFL-61-3-No|nifH|consensus50|pass_mixed_possible_multitemplate	nifH|Bradyrhizobium_ottawaense|XZF72199.1	Bradyrhizobium_ottawaense	85.783	830	83.2497	93.7853	0.0	1002
JERC-DEFL-61-3-Rh|nifH|consensus50|pass_mixed_possible_multitemplate	nifH|Microvirga_sp._RSM25|XKE00370.1	Microvirga_sp._RSM25	82.906	819	82.1464	91.6107	0.0	969
JERC-DEFL-75-2-No|nifH|consensus50|pass_mixed_possible_multitemplate	nifH|Rhizobium_sp._ZK1|XON24431.1	Rhizobium_sp._ZK1	82.729	828	83.0491	92.6174	0.0	893
JERC-DEFL-75-2-Ro|nifH|consensus50|pass_mixed_possible_multitemplate	nifH|Bradyrhizobium_sp._PUT101|XYX37671.1	Bradyrhizobium_sp._PUT101	88.179	829	83.1494	93.6723	0.0	1076
JERC-DEFL-75-3-No|nifH|consensus50|pass_single_dominant	nifH|Bradyrhizobium_sp._PUT101|XYX37671.1	Bradyrhizobium_sp._PUT101	83.353	829	83.1494	93.6723	0.0	910
JERC-DEFL-75-3-Rh|nifH|consensus50|pass_mixed_possible_multitemplate	nifH|Bradyrhizobium_sp._PUT101|XYX37671.1	Bradyrhizobium_sp._PUT101	86.248	829	83.1494	93.6723	0.0	1039
JERC-DEFL-75-3-Ro|nifH|consensus50|pass_mixed_possible_multitemplate	nifH|Bradyrhizobium_sp._PUT101|XYX37671.1	Bradyrhizobium_sp._PUT101	85.042	829	83.1494	93.6723	0.0	992
JERC-DESM-74-1-Ro|nifH|consensus50|pass_mixed_possible_multitemplate	nifH|Microvirga_lotononidis|WQO30062.1	Microvirga_lotononidis	87.183	827	82.9488	92.5056	0.0	1059
JERC-DEST-32-1-No|nifH|consensus50|pass_mixed_possible_multitemplate	nifH|Mesorhizobium_caraganae|CAN7239890.1	Mesorhizobium_caraganae	82.530	830	83.2497	92.8412	0.0	905
JERC-DEST-32-1-Rh|nifH|consensus50|pass_mixed_possible_multitemplate	nifH|Bradyrhizobium_sp._PUT101|XYX37671.1	Bradyrhizobium_sp._PUT101	87.605	831	83.3501	93.8983	0.0	1053
JERC-DEST-32-1-Ro|nifH|consensus50|pass_mixed_possible_multitemplate	nifH|Bradyrhizobium_sp._PUT101|XYX37671.1	Bradyrhizobium_sp._PUT101	86.490	829	83.1494	93.6723	0.0	1040
JERC-DEST-65-5-No|nifH|consensus50|pass_mixed_possible_multitemplate	nifH|Bradyrhizobium_sp._PUT101|XYX37671.1	Bradyrhizobium_sp._PUT101	81.906	829	83.1494	93.6723	0.0	927
JERC-DEST-68-4-No|nifH|consensus50|pass_mixed_possible_multitemplate	nifH|Rhizobium_sp._ZK1|XON24431.1	Rhizobium_sp._ZK1	84.401	827	82.9488	92.5056	0.0	945
JERC-DEST-68-4-Ro|nifH|consensus50|pass_mixed_possible_multitemplate	nifH|Bradyrhizobium_sp._PUT101|XYX37671.1	Bradyrhizobium_sp._PUT101	85.887	829	83.1494	93.6723	0.0	1015
JERC-GAVO-33-1-No|nifH|consensus50|pass_mixed_possible_multitemplate	nifH|Bradyrhizobium_sp._Pa8|YAD91743.1	Bradyrhizobium_sp._Pa8	84.077	829	83.1494	93.0415	0.0	942
JERC-GAVO-33-1-Rh|nifH|consensus50|pass_mixed_possible_multitemplate	nifH|Bradyrhizobium_sp._PUT101|XYX37671.1	Bradyrhizobium_sp._PUT101	87.575	829	83.1494	93.6723	0.0	1062
JERC-LEHI-82-3-Ro|nifH|consensus50|pass_mixed_possible_multitemplate	nifH|Bradyrhizobium_sp._PUT101|XYX37671.1	Bradyrhizobium_sp._PUT101	82.367	828	83.0491	93.5593	0.0	886
JERC-LEST-78-5-Ro|nifH|consensus50|pass_mixed_possible_multitemplate	nifH|Bradyrhizobium_sp._PUT101|XYX37671.1	Bradyrhizobium_sp._PUT101	86.610	829	83.1494	93.6723	0.0	1034
JERC-RHDI-59-3-No|nifH|consensus50|pass_single_dominant	nifH|Rhizobium_sp._YTUHZ044|XXA98993.1	Rhizobium_sp._YTUHZ044	82.830	827	82.9488	92.5056	0.0	879
JERC-RHDI-59-3-Rh|nifH|consensus50|pass_mixed_possible_multitemplate	nifH|Mesorhizobium_sp._AaZ16|XIK06011.1	Mesorhizobium_sp._AaZ16	82.467	827	82.9488	92.5056	0.0	1015
JERC-RHDI-59-3-Ro|nifH|consensus50|pass_mixed_possible_multitemplate	nifH|Mesorhizobium_sp._AaZ16|XIK06011.1	Mesorhizobium_sp._AaZ16	89.601	827	82.9488	92.5056	0.0	1171
JERC-RHRE-55-1-No|nifH|consensus50|pass_mixed_possible_multitemplate	nifH|Rhizobium_sp._YTUHZ044|XXA98993.1	Rhizobium_sp._YTUHZ044	84.102	824	82.6479	92.1700	0.0	948
JERC-RHRE-55-1-Rh|nifH|consensus50|pass_mixed_possible_multitemplate	nifH|Mesorhizobium_sp._AaZ16|XIK06011.1	Mesorhizobium_sp._AaZ16	81.107	831	83.3501	92.9530	0.0	947
JERC-RHRE-55-1-Ro|nifH|consensus50|pass_mixed_possible_multitemplate	nifH|Rhizobium_sp._YTUHZ044|XXA98993.1	Rhizobium_sp._YTUHZ044	83.010	824	82.6479	92.1700	0.0	951
JERC-RHTO-58-1-No|nifH|consensus50|pass_mixed_possible_multitemplate	nifH|Rhizobium_sp._ZK1|XON24431.1	Rhizobium_sp._ZK1	84.709	824	82.6479	92.1700	0.0	957
JERC-RHTO-58-1-Rh|nifH|consensus50|pass_mixed_possible_multitemplate	nifH|Bradyrhizobium_sp._PUT101|XYX37671.1	Bradyrhizobium_sp._PUT101	86.007	829	83.1494	93.6723	0.0	1034
JERC-RHTO-58-1-Ro|nifH|consensus50|pass_mixed_possible_multitemplate	nifH|Microvirga_sp._RSM25|XKE00370.1	Microvirga_sp._RSM25	85.492	834	83.6510	93.2886	0.0	1075
JERC-STBI-63-1-Rh|nifH|consensus50|pass_mixed_possible_multitemplate	nifH|Bradyrhizobium_sp._PUT101|XYX37671.1	Bradyrhizobium_sp._PUT101	87.334	829	83.1494	93.6723	0.0	1042
JERC-STBI-72-3-Ro|nifH|consensus50|pass_mixed_possible_multitemplate	nifH|Bradyrhizobium_sp._PUT101|XYX37671.1	Bradyrhizobium_sp._PUT101	85.283	829	83.1494	93.6723	0.0	1006
JERC-TECW-66-3-No|nifH|consensus50|pass_mixed_possible_multitemplate	nifH|Bradyrhizobium_sp._PUT101|XYX37671.1	Bradyrhizobium_sp._PUT101	88.420	829	83.1494	93.6723	0.0	1088
JORN-1-No|nifH|consensus50|pass_single_dominant	nifH|Mesorhizobium_sp._AaZ16|XIK06011.1	Mesorhizobium_sp._AaZ16	97.314	819	82.1464	91.6107	0.0	1379
JORN-1-Rh|nifH|consensus50|pass_mixed_possible_multitemplate	nifH|Mesorhizobium_sp._AaZ16|XIK06011.1	Mesorhizobium_sp._AaZ16	91.052	827	82.9488	92.5056	0.0	1225
JORN-1-Ro|nifH|consensus50|pass_mixed_possible_multitemplate	nifH|Mesorhizobium_sp._AaZ16|XIK06011.1	Mesorhizobium_sp._AaZ16	92.354	824	82.6479	92.1700	0.0	1277
JORN-2-1-No|nifH|consensus50|pass_mixed_possible_multitemplate	nifH|Mesorhizobium_sp._AaZ16|XIK06011.1	Mesorhizobium_sp._AaZ16	86.667	795	79.7392	88.9262	0.0	1068
JORN-2-1-Rh|nifH|consensus50|pass_mixed_possible_multitemplate	nifH|Mesorhizobium_sp._AaZ16|XIK06011.1	Mesorhizobium_sp._AaZ16	92.063	819	82.1464	91.6107	0.0	1262
JORN-2-1-Ro|nifH|consensus50|pass_mixed_possible_multitemplate	nifH|Mesorhizobium_sp._AaZ16|XIK06011.1	Mesorhizobium_sp._AaZ16	90.232	819	82.1464	91.6107	0.0	1189
JORN-3-1-No|nifH|consensus50|pass_mixed_possible_multitemplate	nifH|Mesorhizobium_sp._AaZ16|XIK06011.1	Mesorhizobium_sp._AaZ16	94.214	795	79.7392	88.9262	0.0	1288
JORN-3-1-Rh|nifH|consensus50|pass_mixed_possible_multitemplate	nifH|Microvirga_sp._RSM25|XKE00370.1	Microvirga_sp._RSM25	86.415	795	79.7392	88.9262	0.0	1040
JORN-3-1-Ro|nifH|consensus50|pass_mixed_possible_multitemplate	nifH|Mesorhizobium_sp._AaZ16|XIK06011.1	Mesorhizobium_sp._AaZ16	90.440	795	79.7392	88.9262	0.0	1166
JORN-4-1-No|nifH|consensus50|pass_mixed_possible_multitemplate	nifH|Mesorhizobium_sp._AaZ16|XIK06011.1	Mesorhizobium_sp._AaZ16	91.544	816	81.8455	91.2752	0.0	1206
JORN-4-1-Rh|nifH|consensus50|pass_mixed_possible_multitemplate	nifH|Mesorhizobium_sp._AaZ16|XIK06011.1	Mesorhizobium_sp._AaZ16	89.480	827	82.9488	92.5056	0.0	1172
JORN-4-1-Ro|nifH|consensus50|pass_mixed_possible_multitemplate	nifH|Mesorhizobium_sp._AaZ16|XIK06011.1	Mesorhizobium_sp._AaZ16	86.887	816	81.8455	91.2752	0.0	1131
KONA-1-1-No|nifH|consensus50|pass_single_dominant	nifH|Mesorhizobium_sp._AaZ16|XIK06011.1	Mesorhizobium_sp._AaZ16	85.922	824	82.6479	92.1700	0.0	969
KONA-1-1-Rh|nifH|consensus50|pass_mixed_possible_multitemplate	nifH|Mesorhizobium_sp._AaZ16|XIK06011.1	Mesorhizobium_sp._AaZ16	86.887	816	81.8455	91.2752	0.0	1131
KONA-1-1-Ro|nifH|consensus50|pass_mixed_possible_multitemplate	nifH|Mesorhizobium_sp._AaZ16|XIK06011.1	Mesorhizobium_sp._AaZ16	86.887	816	81.8455	91.2752	0.0	1131
KONA-2-1-No|nifH|consensus50|pass_mixed_possible_multitemplate	nifH|Mesorhizobium_sp._AaZ16|XIK06011.1	Mesorhizobium_sp._AaZ16	86.887	816	81.8455	91.2752	0.0	1131
KONA-2-1-Rh|nifH|consensus50|pass_mixed_possible_multitemplate	nifH|Mesorhizobium_sp._AaZ16|XIK06011.1	Mesorhizobium_sp._AaZ16	86.887	816	81.8455	91.2752	0.0	1131
KONA-2-1-Ro|nifH|consensus50|pass_mixed_possible_multitemplate	nifH|Mesorhizobium_sp._AaZ16|XIK06011.1	Mesorhizobium_sp._AaZ16	86.887	816	81.8455	91.2752	0.0	1131
KONA-3-1-No|nifH|consensus50|pass_mixed_possible_multitemplate	nifH|Mesorhizobium_sp._AaZ16|XIK06011.1	Mesorhizobium_sp._AaZ16	86.887	816	81.8455	91.2752	0.0	1131
KONA-3-1-Rh|nifH|consensus50|pass_mixed_possible_multitemplate	nifH|Mesorhizobium_sp._AaZ16|XIK06011.1	Mesorhizobium_sp._AaZ16	86.887	816	81.8455	91.2752	0.0	1131
KONA-3-1-Ro|nifH|consensus50|pass_mixed_possible_multitemplate	nifH|Mesorhizobium_sp._WSM4083|XXN81638.1	Mesorhizobium_sp._WSM4083	84.428	822	82.4473	91.9463	0.0	1002
KONZ-10-1-No|nifH|consensus50|pass_mixed_possible_multitemplate	nifH|Bradyrhizobium_ottawaense|XZF72199.1	Bradyrhizobium_ottawaense	86.627	830	83.2497	93.7853	0.0	1039
KONZ-10-1-Rh|nifH|consensus50|pass_mixed_possible_multitemplate	nifH|Mesorhizobium_sp._WSM4083|XXN81638.1	Mesorhizobium_sp._WSM4083	82.847	822	82.4473	91.9463	0.0	985
KONZ-11-1-No|nifH|consensus50|pass_mixed_possible_multitemplate	nifH|Mesorhizobium_sp._AaZ16|XIK06011.1	Mesorhizobium_sp._AaZ16	92.063	819	82.1464	91.6107	0.0	1210
KONZ-11-1-Rh|nifH|consensus50|pass_single_dominant	nifH|Bradyrhizobium_sp._PUT101|XYX37671.1	Bradyrhizobium_sp._PUT101	88.540	829	83.1494	93.6723	0.0	1083
KONZ-11-1-Ro|nifH|consensus50|pass_mixed_possible_multitemplate	nifH|Bradyrhizobium_sp._PUT101|XYX37671.1	Bradyrhizobium_sp._PUT101	85.163	829	83.1494	93.6723	0.0	1008
KONZ-12-1-No|nifH|consensus50|pass_single_dominant	nifH|Rhizobium_azibense|CAO4004957.1	Rhizobium_azibense	96.514	832	83.4504	93.0649	0.0	1372
KONZ-12-1-Rh|nifH|consensus50|pass_mixed_possible_multitemplate	nifH|Bradyrhizobium_sp._PUT101|XYX37671.1	Bradyrhizobium_sp._PUT101	87.093	829	83.1494	93.6723	0.0	1035
KONZ-12-1-Ro|nifH|consensus50|pass_mixed_possible_multitemplate	nifH|Rhizobium_azibense|CAO4004957.1	Rhizobium_azibense	86.203	819	82.1464	91.6107	0.0	1046
KONZ-13-1-Ro|nifH|consensus50|pass_mixed_possible_multitemplate	nifH|Rhizobium_azibense|CAO4004957.1	Rhizobium_azibense	85.470	819	82.1464	91.6107	0.0	1098
KONZ-14-1-Rh|nifH|consensus50|pass_mixed_possible_multitemplate	nifH|Mesorhizobium_sp._AaZ16|XIK06011.1	Mesorhizobium_sp._AaZ16	85.078	831	83.3501	92.9530	0.0	984
KONZ-14-1-Ro|nifH|consensus50|pass_mixed_possible_multitemplate	nifH|Bradyrhizobium_sp._PUT101|XYX37671.1	Bradyrhizobium_sp._PUT101	81.785	829	83.1494	93.6723	0.0	927
KONZ-15-1-Rh|nifH|consensus50|pass_mixed_possible_multitemplate	nifH|Bradyrhizobium_sp._PUT101|XYX37671.1	Bradyrhizobium_sp._PUT101	87.470	830	83.2497	93.7853	0.0	1047
KONZ-15-1-Ro|nifH|consensus50|pass_mixed_possible_multitemplate	nifH|Mesorhizobium_sp._AaZ16|XIK06011.1	Mesorhizobium_sp._AaZ16	87.304	827	82.9488	92.5056	0.0	1113
KONZ-16-1-Rh|nifH|consensus50|pass_mixed_possible_multitemplate	nifH|Bradyrhizobium_sp._PUT101|XYX37671.1	Bradyrhizobium_sp._PUT101	87.093	829	83.1494	93.6723	0.0	1033
KONZ-1-No|nifH|consensus50|pass_mixed_possible_multitemplate	nifH|Rhizobium_azibense|CAO4004957.1	Rhizobium_azibense	85.490	827	82.9488	92.5056	0.0	1007
KONZ-1-Ro|nifH|consensus50|pass_mixed_possible_multitemplate	nifH|Sinorhizobium_meliloti_(Rhizobium_meliloti)|XEM22073.1	Sinorhizobium_meliloti_(Rhizobium_meliloti)	90.355	788	79.0371	88.1432	0.0	1151
KONZ-2-1-No|nifH|consensus50|pass_single_dominant	nifH|Rhizobium_azibense|CAO4004957.1	Rhizobium_azibense	86.893	824	82.6479	92.1700	0.0	1000
KONZ-2-1-Rh|nifH|consensus50|pass_mixed_possible_multitemplate	nifH|Microvirga_sp._RSM25|XKE00370.1	Microvirga_sp._RSM25	84.550	822	82.4473	91.9463	0.0	970
KONZ-2-1-Ro|nifH|consensus50|pass_mixed_possible_multitemplate	nifH|Rhizobium_azibense|CAO4004957.1	Rhizobium_azibense	85.104	819	82.1464	91.6107	0.0	1020
KONZ-3-1-No|nifH|consensus50|pass_mixed_possible_multitemplate	nifH|Rhizobium_azibense|CAO4004957.1	Rhizobium_azibense	84.764	827	82.9488	92.5056	0.0	964
KONZ-3-1-Rh|nifH|consensus50|pass_mixed_possible_multitemplate	nifH|Bradyrhizobium_sp._PUT101|XYX37671.1	Bradyrhizobium_sp._PUT101	86.852	829	83.1494	93.6723	0.0	1046
KONZ-3-1-Ro|nifH|consensus50|pass_mixed_possible_multitemplate	nifH|Bradyrhizobium_sp._PUT101|XYX37671.1	Bradyrhizobium_sp._PUT101	85.525	829	83.1494	93.6723	0.0	1021
KONZ-4-1-No|nifH|consensus50|pass_mixed_possible_multitemplate	nifH|Bradyrhizobium_ottawaense|XZF72199.1	Bradyrhizobium_ottawaense	85.404	829	83.1494	93.6723	0.0	1017
KONZ-4-1-Rh|nifH|consensus50|pass_mixed_possible_multitemplate	nifH|Bradyrhizobium_sp._PUT101|XYX37671.1	Bradyrhizobium_sp._PUT101	83.353	829	83.1494	93.6723	0.0	991
KONZ-4-1-Ro|nifH|consensus50|pass_mixed_possible_multitemplate	nifH|Rhizobium_azibense|CAO4004957.1	Rhizobium_azibense	88.034	819	82.1464	91.6107	0.0	1059
KONZ-5-1-No|nifH|consensus50|pass_mixed_possible_multitemplate	nifH|Rhizobium_azibense|CAO4004957.1	Rhizobium_azibense	86.522	831	83.3501	92.9530	0.0	1029
KONZ-5-1-Rh|nifH|consensus50|pass_mixed_possible_multitemplate	nifH|Rhizobium_azibense|CAO4004957.1	Rhizobium_azibense	88.034	819	82.1464	91.6107	0.0	1119
KONZ-5-1-Ro|nifH|consensus50|pass_mixed_possible_multitemplate	nifH|Rhizobium_azibense|CAO4004957.1	Rhizobium_azibense	88.156	819	82.1464	91.6107	0.0	1080
KONZ-6-1-No|nifH|consensus50|pass_single_dominant	nifH|Rhizobium_azibense|CAO4004957.1	Rhizobium_azibense	97.924	819	82.1464	91.6107	0.0	1401
KONZ-6-1-Rh|nifH|consensus50|pass_single_dominant	nifH|Bradyrhizobium_sp._PUT101|XYX37671.1	Bradyrhizobium_sp._PUT101	87.696	829	83.1494	93.6723	0.0	1052
KONZ-6-1-Ro|nifH|consensus50|pass_mixed_possible_multitemplate	nifH|Rhizobium_azibense|CAO4004957.1	Rhizobium_azibense	85.958	819	82.1464	91.6107	0.0	1019
KONZ-7-1-No|nifH|consensus50|pass_mixed_possible_multitemplate	nifH|Rhizobium_azibense|CAO4004957.1	Rhizobium_azibense	85.870	828	83.0491	92.6174	0.0	988
KONZ-7-1-Rh|nifH|consensus50|pass_mixed_possible_multitemplate	nifH|Mesorhizobium_sp._AaZ16|XIK06011.1	Mesorhizobium_sp._AaZ16	86.010	822	82.4473	91.9463	0.0	1019
KONZ-7-1-Ro|nifH|consensus50|pass_mixed_possible_multitemplate	nifH|Rhizobium_azibense|CAO4004957.1	Rhizobium_azibense	82.467	827	82.9488	92.5056	0.0	977
KONZ-8-1-No|nifH|consensus50|pass_mixed_possible_multitemplate	nifH|Mesorhizobium_sp._RIZ17|XXB69634.1	Mesorhizobium_sp._RIZ17	85.662	823	82.5476	92.0582	0.0	975
KONZ-8-1-Rh|nifH|consensus50|pass_mixed_possible_multitemplate	nifH|Microvirga_lotononidis|WQO30062.1	Microvirga_lotononidis	86.618	822	82.4473	91.9463	0.0	1021
KONZ-8-1-Ro|nifH|consensus50|pass_mixed_possible_multitemplate	nifH|Rhizobium_azibense|CAO4004957.1	Rhizobium_azibense	86.893	824	82.6479	92.1700	0.0	1142
KONZ-9-2-No|nifH|consensus50|pass_single_dominant	nifH|Rhizobium_azibense|CAO4004957.1	Rhizobium_azibense	87.124	831	83.3501	92.9530	0.0	1026
KONZ-9-2-Ro|nifH|consensus50|pass_mixed_possible_multitemplate	nifH|Rhizobium_azibense|CAO4004957.1	Rhizobium_azibense	85.714	819	82.1464	91.6107	0.0	1109
LAJA-11-3-No|nifH|consensus50|pass_mixed_possible_multitemplate	nifH|Bradyrhizobium_ottawaense|XZF72199.1	Bradyrhizobium_ottawaense	83.353	829	83.1494	93.6723	0.0	973
LAJA-11-3-Rh|nifH|consensus50|pass_mixed_possible_multitemplate	nifH|Burkholderia_vietnamiensis|KVE92620.1	Burkholderia_vietnamiensis	81.526	839	84.1525	95.1247	0.0	963
LAJA-1-1-No|nifH|consensus50|pass_single_dominant	nifH|Mesorhizobium_sp._WSM4083|XXN81638.1	Mesorhizobium_sp._WSM4083	86.983	822	82.4473	91.9463	0.0	1012
LAJA-1-1-Rh|nifH|consensus50|pass_mixed_possible_multitemplate	nifH|Mesorhizobium_sp._WSM4083|XXN81638.1	Mesorhizobium_sp._WSM4083	86.253	822	82.4473	91.9463	0.0	1055
LAJA-12-1-Ro|nifH|consensus50|pass_mixed_possible_multitemplate	nifH|Burkholderia_vietnamiensis|KVE77649.1	Burkholderia_vietnamiensis	82.367	845	84.7543	95.8050	0.0	1004
LAJA-1-2-Rh|nifH|consensus50|pass_mixed_possible_multitemplate	nifH|Microvirga_sp._KLBC_81|PVE21514.1	Microvirga_sp._KLBC_81	81.566	830	83.2497	92.8412	0.0	924
LAJA-13-3-Rh|nifH|consensus50|pass_mixed_possible_multitemplate	nifH|Burkholderia_vietnamiensis|KVE58540.1	Burkholderia_vietnamiensis	79.929	842	84.4534	95.4649	0.0	910
LAJA-13-3-Ro|nifH|consensus50|pass_mixed_possible_multitemplate	nifH|Sinorhizobium_fredii_(Rhizobium_fredii)|XRN48363.1	Sinorhizobium_fredii_(Rhizobium_fredii)	84.337	830	83.2497	93.1538	0.0	996
LAJA-1-3-Rh|nifH|consensus50|pass_mixed_possible_multitemplate	nifH|Burkholderia_vietnamiensis|KVE32026.1	Burkholderia_vietnamiensis	84.169	878	88.0642	99.5465	0.0	1025
LAJA-1-3-Ro|nifH|consensus50|pass_mixed_possible_multitemplate	nifH|Burkholderia_vietnamiensis|KVE32026.1	Burkholderia_vietnamiensis	83.274	843	84.5537	95.5782	0.0	947
LAJA-14-1-No|nifH|consensus50|pass_mixed_possible_multitemplate	nifH|Burkholderia_vietnamiensis|KVE58540.1	Burkholderia_vietnamiensis	81.420	845	84.7543	95.8050	0.0	930
LAJA-14-1-Rh|nifH|consensus50|pass_mixed_possible_multitemplate	nifH|Mesorhizobium_caraganae|CAN7239890.1	Mesorhizobium_caraganae	78.193	830	83.2497	92.8412	0.0	826
LAJA-14-1-Ro|nifH|consensus50|pass_mixed_possible_multitemplate	nifH|Burkholderia_multivorans|CAN0620951.1	Burkholderia_multivorans	81.235	842	84.4534	95.4649	0.0	930
LAJA-15-1-No|nifH|consensus50|pass_single_dominant	nifH|Bradyrhizobium_sp._SPXBL-02|XYL93550.1	Bradyrhizobium_sp._SPXBL-02	86.852	829	83.1494	93.6723	0.0	1021
LAJA-15-1-Ro|nifH|consensus50|pass_mixed_possible_multitemplate	nifH|Burkholderia_vietnamiensis|KVF17531.1	Burkholderia_vietnamiensis	78.588	864	86.6600	97.9592	0.0	869
LAJA-16-2-No|nifH|consensus50|pass_mixed_possible_multitemplate	nifH|Bradyrhizobium_ottawaense|XZF72199.1	Bradyrhizobium_ottawaense	83.735	830	83.2497	93.7853	0.0	981
LAJA-16-2-Rh|nifH|consensus50|pass_single_dominant	nifH|Microvirga_sp._KLBC_81|PVE21514.1	Microvirga_sp._KLBC_81	85.158	822	82.4473	91.9463	0.0	974
LAJA-16-2-Ro|nifH|consensus50|pass_mixed_possible_multitemplate	nifH|Bradyrhizobium_sp._PUT101|XYX37671.1	Bradyrhizobium_sp._PUT101	79.469	828	83.0491	93.5593	0.0	868
LAJA-17-1-No|nifH|consensus50|pass_mixed_possible_multitemplate	nifH|Bradyrhizobium_ottawaense|XZF72199.1	Bradyrhizobium_ottawaense	84.541	828	83.0491	93.5593	0.0	958
LAJA-17-1-Rh|nifH|consensus50|pass_mixed_possible_multitemplate	nifH|Burkholderia_vietnamiensis|KVE92620.1	Burkholderia_vietnamiensis	81.775	845	84.7543	95.8050	0.0	979
LAJA-17-1-Ro|nifH|consensus50|pass_mixed_possible_multitemplate	nifH|Burkholderia_vietnamiensis|KVE92620.1	Burkholderia_vietnamiensis	81.125	853	85.5567	96.7120	0.0	1003
LAJA-18-1-No|nifH|consensus50|pass_mixed_possible_multitemplate	nifH|Bradyrhizobium_ottawaense|XZF72199.1	Bradyrhizobium_ottawaense	84.578	830	83.2497	93.7853	0.0	991
LAJA-19-2-Rh|nifH|consensus50|pass_mixed_possible_multitemplate	nifH|Burkholderia_vietnamiensis|KVE77649.1	Burkholderia_vietnamiensis	79.310	870	87.2618	98.6395	0.0	949
LAJA-20-1-No|nifH|consensus50|pass_mixed_possible_multitemplate	nifH|Bradyrhizobium_sp._BLXBL-01|XYL70219.1	Bradyrhizobium_sp._BLXBL-01	81.228	847	84.9549	95.7062	0.0	911
LAJA-20-1-Rh|nifH|consensus50|pass_mixed_possible_multitemplate	nifH|Bradyrhizobium_sp._PUT101|XYX37671.1	Bradyrhizobium_sp._PUT101	78.121	841	84.3531	95.0282	0.0	864
LAJA-20-1-Ro|nifH|consensus50|pass_mixed_possible_multitemplate	nifH|Rhizobium_azibense|CAO4004957.1	Rhizobium_azibense	81.068	824	82.6479	92.1700	0.0	1012
LAJA-21-1-No|nifH|consensus50|pass_mixed_possible_multitemplate	nifH|Bradyrhizobium_sp._SPXBL-02|XYL93550.1	Bradyrhizobium_sp._SPXBL-02	82.857	840	84.2528	94.9153	0.0	962
LAJA-21-1-Ro|nifH|consensus50|pass_mixed_possible_multitemplate	nifH|Microvirga_sp._RSM25|XKE00370.1	Microvirga_sp._RSM25	85.973	827	82.9488	92.5056	0.0	1015
LAJA-2-1-No|nifH|consensus50|pass_mixed_possible_multitemplate	nifH|Burkholderia_vietnamiensis|KVE32026.1	Burkholderia_vietnamiensis	82.367	845	84.7543	95.8050	0.0	917
LAJA-2-1-Rh|nifH|consensus50|pass_mixed_possible_multitemplate	nifH|Bradyrhizobium_sp._PUT101|XYX37671.1	Bradyrhizobium_sp._PUT101	83.192	827	82.9488	93.4463	0.0	948
LAJA-2-1-Ro|nifH|consensus50|pass_single_dominant	nifH|Burkholderia_vietnamiensis|KVE32026.1	Burkholderia_vietnamiensis	83.729	842	84.4534	95.4649	0.0	939
LAJA-22-2-No|nifH|consensus50|pass_single_dominant	nifH|Rhizobium_azibense|CAO4004957.1	Rhizobium_azibense	92.140	827	82.9488	92.5056	0.0	1212
LAJA-22-2-Rh|nifH|consensus50|pass_mixed_possible_multitemplate	nifH|Microvirga_sp._KLBC_81|PVE21514.1	Microvirga_sp._KLBC_81	84.096	830	83.2497	92.8412	0.0	1029
LAJA-2-2-No|nifH|consensus50|pass_mixed_possible_multitemplate	nifH|Burkholderia_vietnamiensis|AOJ17135.1	Burkholderia_vietnamiensis	81.207	878	88.0642	99.5465	0.0	918
LAJA-2-2-Rh|nifH|consensus50|pass_mixed_possible_multitemplate	nifH|Burkholderia_vietnamiensis|KVE08790.1	Burkholderia_vietnamiensis	82.959	845	84.7543	95.8050	0.0	1025
LAJA-2-2-Ro|nifH|consensus50|pass_mixed_possible_multitemplate	nifH|Burkholderia_vietnamiensis|KVF26500.1	Burkholderia_vietnamiensis	83.636	880	88.2648	99.7732	0.0	999
LAJA-23-1-No|nifH|consensus50|pass_mixed_possible_multitemplate	nifH|Bradyrhizobium_sp._SPXBL-04|XYL77982.1	Bradyrhizobium_sp._SPXBL-04	83.413	832	83.4504	94.0113	0.0	957
LAJA-23-1-Rh|nifH|consensus50|pass_mixed_possible_multitemplate	nifH|Bradyrhizobium_ottawaense|XZF72199.1	Bradyrhizobium_ottawaense	83.836	829	83.1494	93.6723	0.0	954
LAJA-23-1-Ro|nifH|consensus50|pass_mixed_possible_multitemplate	nifH|Mesorhizobium_sp._WSM4083|XXN81638.1	Mesorhizobium_sp._WSM4083	83.272	819	82.1464	91.6107	0.0	981
LAJA-2-3-No|nifH|consensus50|pass_mixed_possible_multitemplate	nifH|Burkholderia_vietnamiensis|KVE32026.1	Burkholderia_vietnamiensis	82.821	879	88.1645	99.6599	0.0	970
LAJA-2-3-Rh|nifH|consensus50|pass_mixed_possible_multitemplate	nifH|Burkholderia_vietnamiensis|KVF65460.1	Burkholderia_vietnamiensis	86.982	845	84.7543	95.8050	0.0	1095
LAJA-25-1-No|nifH|consensus50|pass_mixed_possible_multitemplate	nifH|Microvirga_sp._KLBC_81|PVE21514.1	Microvirga_sp._KLBC_81	83.192	827	82.9488	92.5056	0.0	972
LAJA-25-1-Rh|nifH|consensus50|pass_mixed_possible_multitemplate	nifH|Mesorhizobium_sp._WSM4083|XXN81638.1	Mesorhizobium_sp._WSM4083	82.360	822	82.4473	91.9463	0.0	914
LAJA-26-1-No|nifH|consensus50|pass_mixed_possible_multitemplate	nifH|Bradyrhizobium_sp._Pa8|YAD91743.1	Bradyrhizobium_sp._Pa8	85.145	828	83.0491	92.9293	0.0	976
LAJA-26-1-Ro|nifH|consensus50|pass_mixed_possible_multitemplate	nifH|Mesorhizobium_sp._WSM4083|XXN81638.1	Mesorhizobium_sp._WSM4083	84.185	822	82.4473	91.9463	0.0	1011
LAJA-3-1-No|nifH|consensus50|pass_single_dominant	nifH|Bradyrhizobium_sp._Pa8|YAD91743.1	Bradyrhizobium_sp._Pa8	86.715	828	83.0491	92.9293	0.0	998
LAJA-3-1-Rh|nifH|consensus50|pass_mixed_possible_multitemplate	nifH|Microvirga_sp._RSM25|XKE00370.1	Microvirga_sp._RSM25	82.014	834	83.6510	93.2886	0.0	973
LAJA-3-1-Ro|nifH|consensus50|pass_mixed_possible_multitemplate	nifH|Microvirga_sp._KLBC_81|PVE21514.1	Microvirga_sp._KLBC_81	83.453	834	83.6510	93.2886	0.0	1038
LAJA-3-2-No|nifH|consensus50|pass_mixed_possible_multitemplate	nifH|Sinorhizobium_fredii_(Rhizobium_fredii)|XRN48363.1	Sinorhizobium_fredii_(Rhizobium_fredii)	83.676	827	82.9488	92.8171	0.0	948
LAJA-3-2-Rh|nifH|consensus50|pass_mixed_possible_multitemplate	nifH|Bradyrhizobium_sp._Pa8|YAD91743.1	Bradyrhizobium_sp._Pa8	86.094	827	82.9488	92.8171	0.0	1006
LAJA-3-2-Ro|nifH|consensus50|pass_mixed_possible_multitemplate	nifH|Microvirga_sp._KLBC_81|PVE21514.1	Microvirga_sp._KLBC_81	83.094	834	83.6510	93.2886	0.0	1013
LAJA-3-3-No|nifH|consensus50|pass_mixed_possible_multitemplate	nifH|Bradyrhizobium_sp._Pa8|YAD91743.1	Bradyrhizobium_sp._Pa8	85.127	827	82.9488	92.8171	0.0	972
LAJA-3-3-Rh|nifH|consensus50|pass_mixed_possible_multitemplate	nifH|Bradyrhizobium_sp._Pa8|YAD91743.1	Bradyrhizobium_sp._Pa8	84.764	827	82.9488	92.8171	0.0	987
LAJA-4-1-No|nifH|consensus50|pass_mixed_possible_multitemplate	nifH|Mesorhizobium_sp._AaZ16|XIK06011.1	Mesorhizobium_sp._AaZ16	86.253	822	82.4473	91.9463	0.0	1061
LAJA-4-1-Rh|nifH|consensus50|pass_single_dominant	nifH|Bradyrhizobium_sp._PUT101|XYX37671.1	Bradyrhizobium_sp._PUT101	86.610	829	83.1494	93.6723	0.0	1032
LAJA-5-1-No|nifH|consensus50|pass_mixed_possible_multitemplate	nifH|Microvirga_sp._KLBC_81|PVE21514.1	Microvirga_sp._KLBC_81	88.686	822	82.4473	91.9463	0.0	1116
LAJA-5-1-Rh|nifH|consensus50|pass_mixed_possible_multitemplate	nifH|Microvirga_sp._KLBC_81|PVE21514.1	Microvirga_sp._KLBC_81	82.847	822	82.4473	91.9463	0.0	990
LAJA-5-1-Ro|nifH|consensus50|pass_mixed_possible_multitemplate	nifH|Microvirga_sp._KLBC_81|PVE21514.1	Microvirga_sp._KLBC_81	81.499	827	82.9488	92.5056	0.0	927
LAJA-6-1-No|nifH|consensus50|pass_mixed_possible_multitemplate	nifH|Microvirga_sp._RSM25|XKE00370.1	Microvirga_sp._RSM25	90.168	834	83.6510	93.2886	0.0	1184
LAJA-6-1-Rh|nifH|consensus50|pass_single_dominant	nifH|Microvirga_sp._RSM25|XKE00370.1	Microvirga_sp._RSM25	91.487	834	83.6510	93.2886	0.0	1196
LAJA-6-1-Ro|nifH|consensus50|pass_mixed_possible_multitemplate	nifH|Sinorhizobium_prairiense|WEJ08560.1	Sinorhizobium_prairiense	90.354	819	82.1464	91.6107	0.0	1176
LAJA-7-1-No|nifH|consensus50|pass_mixed_possible_multitemplate	nifH|Burkholderia_vietnamiensis|KVF65460.1	Burkholderia_vietnamiensis	83.952	835	83.7513	94.6712	0.0	987
LAJA-7-1-Rh|nifH|consensus50|pass_mixed_possible_multitemplate	nifH|Burkholderia_vietnamiensis|KVE58540.1	Burkholderia_vietnamiensis	82.415	853	85.5567	96.7120	0.0	1011
LAJA-7-1-Ro|nifH|consensus50|pass_mixed_possible_multitemplate	nifH|Mesorhizobium_sp._WSM4083|XXN81638.1	Mesorhizobium_sp._WSM4083	84.672	822	82.4473	91.9463	0.0	1023
LAJA-9-1-Rh|nifH|consensus50|pass_mixed_possible_multitemplate	nifH|Bradyrhizobium_sp._SPXBL-04|XYL77982.1	Bradyrhizobium_sp._SPXBL-04	84.039	827	82.9488	93.4463	0.0	993
LAJA-9-1-Ro|nifH|consensus50|pass_mixed_possible_multitemplate	nifH|Bradyrhizobium_ottawaense|XZF72199.1	Bradyrhizobium_ottawaense	82.971	828	83.0491	93.5593	0.0	946
LENO-10-2-No|nifH|consensus50|pass_single_dominant	nifH|Bradyrhizobium_ottawaense|XZF72199.1	Bradyrhizobium_ottawaense	85.973	827	82.9488	93.4463	0.0	975
LENO-10-2-Ro|nifH|consensus50|pass_single_dominant	nifH|Mesorhizobium_sp._AaZ16|XIK06011.1	Mesorhizobium_sp._AaZ16	93.040	819	82.1464	91.6107	0.0	1221
LENO-1-1-No|nifH|consensus50|pass_single_dominant	nifH|Mesorhizobium_sp._WSM4083|XXN81638.1	Mesorhizobium_sp._WSM4083	83.211	816	81.8455	91.2752	0.0	888
LENO-1-1-Rh|nifH|consensus50|pass_single_dominant	nifH|Bradyrhizobium_sp._PUT101|XYX37671.1	Bradyrhizobium_sp._PUT101	86.369	829	83.1494	93.6723	0.0	1018
LENO-12-3-No|nifH|consensus50|pass_mixed_possible_multitemplate	nifH|Mesorhizobium_sp._AaZ16|XIK06011.1	Mesorhizobium_sp._AaZ16	92.402	816	81.8455	91.2752	0.0	1207
LENO-13-2-No|nifH|consensus50|pass_single_dominant	nifH|Mesorhizobium_sp._AaZ16|XIK06011.1	Mesorhizobium_sp._AaZ16	85.592	819	82.1464	91.6107	0.0	966
LENO-13-2-Rh|nifH|consensus50|pass_mixed_possible_multitemplate	nifH|Mesorhizobium_sp._AaZ16|XIK06011.1	Mesorhizobium_sp._AaZ16	86.820	827	82.9488	92.5056	0.0	1058
LENO-13-2-Ro|nifH|consensus50|pass_mixed_possible_multitemplate	nifH|Mesorhizobium_sp._AaZ16|XIK06011.1	Mesorhizobium_sp._AaZ16	84.982	819	82.1464	91.6107	0.0	1062
LENO-14-3-No|nifH|consensus50|pass_mixed_possible_multitemplate	nifH|Bradyrhizobium_ottawaense|XZF72199.1	Bradyrhizobium_ottawaense	85.216	832	83.4504	94.0113	0.0	979
LENO-14-3-Ro|nifH|consensus50|pass_mixed_possible_multitemplate	nifH|Bradyrhizobium_sp._PUT101|XYX37671.1	Bradyrhizobium_sp._PUT101	83.715	829	83.1494	93.6723	0.0	990
LENO-15-2-No|nifH|consensus50|pass_mixed_possible_multitemplate	nifH|Microvirga_sp._KLBC_81|PVE21514.1	Microvirga_sp._KLBC_81	82.238	822	82.4473	91.9463	0.0	946
LENO-15-2-Rh|nifH|consensus50|pass_mixed_possible_multitemplate	nifH|Mesorhizobium_sp._WSM4083|XXN81638.1	Mesorhizobium_sp._WSM4083	84.063	822	82.4473	91.9463	0.0	1035
LENO-16-2-No|nifH|consensus50|pass_mixed_possible_multitemplate	nifH|Mesorhizobium_sp._WSM4083|XXN81638.1	Mesorhizobium_sp._WSM4083	83.212	822	82.4473	91.9463	0.0	955
LENO-16-2-Rh|nifH|consensus50|pass_mixed_possible_multitemplate	nifH|Mesorhizobium_sp._WSM4083|XXN81638.1	Mesorhizobium_sp._WSM4083	85.766	822	82.4473	91.9463	0.0	1026
LENO-2-1-Ro|nifH|consensus50|pass_single_dominant	nifH|Bradyrhizobium_sp._PUT101|XYX37671.1	Bradyrhizobium_sp._PUT101	87.639	809	81.1434	91.4124	0.0	1018
LENO-3-2-No|nifH|consensus50|pass_mixed_possible_multitemplate	nifH|Bradyrhizobium_ottawaense|XZF72199.1	Bradyrhizobium_ottawaense	87.696	829	83.1494	93.6723	0.0	1052
LENO-3-2-Rh|nifH|consensus50|pass_mixed_possible_multitemplate	nifH|Mesorhizobium_sp._AaZ16|XIK06011.1	Mesorhizobium_sp._AaZ16	87.179	819	82.1464	91.6107	0.0	1140
LENO-3-2-Ro|nifH|consensus50|pass_mixed_possible_multitemplate	nifH|Bradyrhizobium_sp._PUT101|XYX37671.1	Bradyrhizobium_sp._PUT101	85.163	829	83.1494	93.6723	0.0	1010
LENO-4-3-No|nifH|consensus50|pass_single_dominant	nifH|Mesorhizobium_sp._AaZ16|XIK06011.1	Mesorhizobium_sp._AaZ16	83.946	816	81.8455	91.2752	0.0	910
LENO-5-2-No|nifH|consensus50|pass_single_dominant	nifH|Mesorhizobium_sp._AaZ16|XIK06011.1	Mesorhizobium_sp._AaZ16	92.261	827	82.9488	92.5056	0.0	1218
LENO-5-2-Rh|nifH|consensus50|pass_mixed_possible_multitemplate	nifH|Microvirga_lotononidis|WQO30062.1	Microvirga_lotononidis	83.875	831	83.3501	92.9530	0.0	1031
LENO-5-2-Ro|nifH|consensus50|pass_mixed_possible_multitemplate	nifH|Mesorhizobium_sp._AaZ16|XIK06011.1	Mesorhizobium_sp._AaZ16	85.401	822	82.4473	91.9463	0.0	1056
LENO-6-1-No|nifH|consensus50|pass_single_dominant	nifH|Bradyrhizobium_sp._SPXBL-04|XYL77982.1	Bradyrhizobium_sp._SPXBL-04	88.513	827	82.9488	93.4463	0.0	1064
LENO-6-1-Rh|nifH|consensus50|pass_mixed_possible_multitemplate	nifH|Bradyrhizobium_sp._PUT101|XYX37671.1	Bradyrhizobium_sp._PUT101	83.715	829	83.1494	93.6723	0.0	992
LENO-6-1-Ro|nifH|consensus50|pass_mixed_possible_multitemplate	nifH|Mesorhizobium_sp._AaZ16|XIK06011.1	Mesorhizobium_sp._AaZ16	85.836	819	82.1464	91.6107	0.0	1038
LENO-7-2-No|nifH|consensus50|pass_single_dominant	nifH|Mesorhizobium_sp._AaZ16|XIK06011.1	Mesorhizobium_sp._AaZ16	92.701	822	82.4473	91.9463	0.0	1213
LENO-7-2-Rh|nifH|consensus50|pass_mixed_possible_multitemplate	nifH|Microvirga_lotononidis|WQO30062.1	Microvirga_lotononidis	84.160	827	82.9488	92.5056	0.0	995
LENO-7-2-Ro|nifH|consensus50|pass_mixed_possible_multitemplate	nifH|Mesorhizobium_sp._AaZ16|XIK06011.1	Mesorhizobium_sp._AaZ16	88.156	819	82.1464	91.6107	0.0	1131
LENO-8-3-No|nifH|consensus50|pass_single_dominant	nifH|Bradyrhizobium_ottawaense|XZF72199.1	Bradyrhizobium_ottawaense	86.007	829	83.1494	93.6723	0.0	1006
LENO-9-2-No|nifH|consensus50|pass_single_dominant	nifH|Mesorhizobium_sp._AaZ16|XIK06011.1	Mesorhizobium_sp._AaZ16	92.624	827	82.9488	92.5056	0.0	1217
LENO-9-2-Rh|nifH|consensus50|pass_single_dominant	nifH|Mesorhizobium_sp._AaZ16|XIK06011.1	Mesorhizobium_sp._AaZ16	92.512	828	83.0491	92.6174	0.0	1214
LENO-9-2-Ro|nifH|consensus50|pass_mixed_possible_multitemplate	nifH|Bradyrhizobium_sp._PUT101|XYX37671.1	Bradyrhizobium_sp._PUT101	86.683	826	82.8485	93.3333	0.0	1023
MLBS-1-1-No|nifH|consensus50|pass_single_dominant	nifH|Mesorhizobium_sp._WSM4083|XXN81638.1	Mesorhizobium_sp._WSM4083	87.010	816	81.8455	91.2752	0.0	1012
MLBS-1-1-Ro|nifH|consensus50|pass_mixed_possible_multitemplate	nifH|Microvirga_sp._KLBC_81|PVE21514.1	Microvirga_sp._KLBC_81	85.589	798	80.0401	89.2617	0.0	1042
MLBS-2-1-No|nifH|consensus50|pass_mixed_possible_multitemplate	nifH|Mesorhizobium_sp._AaZ16|XIK06011.1	Mesorhizobium_sp._AaZ16	87.062	827	82.9488	92.5056	0.0	1084
MLBS-2-1-Ro|nifH|consensus50|pass_mixed_possible_multitemplate	nifH|Microvirga_sp._RSM25|XKE00370.1	Microvirga_sp._RSM25	86.081	819	82.1464	91.6107	0.0	1034
N13-2-D-No|nifH|consensus50|pass_mixed_possible_multitemplate	nifH|Rhizobium_leguminosarum|XYR18004.1	Rhizobium_leguminosarum	89.806	824	82.6479	92.1700	0.0	1159
N35-4-D-No|nifH|consensus50|pass_single_dominant	nifH|Rhizobium_sp._ZK1|XON24431.1	Rhizobium_sp._ZK1	93.651	819	82.1464	91.6107	0.0	1247
N35-4-D-Ro|nifH|consensus50|pass_single_dominant	nifH|Rhizobium_sp._ZK1|XON24431.1	Rhizobium_sp._ZK1	93.860	798	80.0401	89.2617	0.0	1224
N36-4-D-No|nifH|consensus50|pass_mixed_possible_multitemplate	nifH|Azorhizobium_oxalatiphilum|GGF67226.1	Azorhizobium_oxalatiphilum	86.967	844	84.6540	95.3672	0.0	1049
N36-4-D-Rh|nifH|consensus50|pass_mixed_possible_multitemplate	nifH|Azorhizobium_oxalatiphilum|GGF67226.1	Azorhizobium_oxalatiphilum	86.019	844	84.6540	95.3672	0.0	1046
N36-4-D-Ro|nifH|consensus50|pass_mixed_possible_multitemplate	nifH|Sinorhizobium_fredii_(Rhizobium_fredii)|XRN48363.1	Sinorhizobium_fredii_(Rhizobium_fredii)	84.428	822	82.4473	92.2559	0.0	993
N38-2-D-No|nifH|consensus50|pass_single_dominant	nifH|Bradyrhizobium_sp._PUT101|XYX37671.1	Bradyrhizobium_sp._PUT101	86.007	829	83.1494	93.6723	0.0	1029
N38-2-D-Rh|nifH|consensus50|pass_single_dominant	nifH|Microvirga_lotononidis|WQO30062.1	Microvirga_lotononidis	87.136	824	82.6479	92.1700	0.0	1028
N38-2-D-Ro|nifH|consensus50|pass_single_dominant	nifH|Bradyrhizobium_sp._PUT101|XYX37671.1	Bradyrhizobium_sp._PUT101	87.093	829	83.1494	93.6723	0.0	1040
N39-2-D-No|nifH|consensus50|pass_single_dominant	nifH|Mesorhizobium_sp._AaZ16|XIK06011.1	Mesorhizobium_sp._AaZ16	83.192	827	82.9488	92.5056	0.0	911
N39-2-D-Rh|nifH|consensus50|pass_mixed_possible_multitemplate	nifH|Rhizobium_sp._ZK1|XON24431.1	Rhizobium_sp._ZK1	86.275	816	81.8455	91.2752	0.0	1054
N39-2-D-Ro|nifH|consensus50|pass_mixed_possible_multitemplate	nifH|Bradyrhizobium_sp._PUT101|XYX37671.1	Bradyrhizobium_sp._PUT101	83.816	828	83.0491	93.5593	0.0	975
N49-3-D-Ro|nifH|consensus50|pass_mixed_possible_multitemplate	nifH|Mesorhizobium_sp._WSM4083|XXN81638.1	Mesorhizobium_sp._WSM4083	83.394	819	82.1464	91.6107	0.0	945
NIWO-1-No|nifH|consensus50|pass_single_dominant	nifH|Rhizobium_leguminosarum|BEJ25671.1	Rhizobium_leguminosarum	89.078	824	82.6479	92.7928	0.0	1104
NIWO-1-Rh|nifH|consensus50|pass_mixed_possible_multitemplate	nifH|Ensifer_canadensis|UBI79453.1	Ensifer_canadensis	85.662	816	81.8455	91.2752	0.0	1064
NIWO-1-Ro|nifH|consensus50|pass_mixed_possible_multitemplate	nifH|Microvirga_vignae|KLK90290.1	Microvirga_vignae	86.506	830	83.2497	92.8412	0.0	1058
NIWO-2-No|nifH|consensus50|pass_mixed_possible_multitemplate	nifH|Rhizobium_sp._YTUHZ044|XXA98993.1	Rhizobium_sp._YTUHZ044	86.507	793	79.5386	88.7025	0.0	1044
NOGP-1-1-No|nifH|consensus50|pass_single_dominant	nifH|Ensifer_canadensis|UBI79453.1	Ensifer_canadensis	96.814	816	81.8455	91.2752	0.0	1368
NOGP-1-1-Rh|nifH|consensus50|pass_mixed_possible_multitemplate	nifH|Microvirga_sp._KLBC_81|PVE21514.1	Microvirga_sp._KLBC_81	87.470	830	83.2497	92.8412	0.0	1085
NOGP-1-1-Ro|nifH|consensus50|pass_mixed_possible_multitemplate	nifH|Microvirga_sp._KLBC_81|PVE21514.1	Microvirga_sp._KLBC_81	84.151	795	79.7392	88.9262	0.0	1047
NOGP-2-1-No|nifH|consensus50|pass_single_dominant	nifH|Sinorhizobium_meliloti_(Rhizobium_meliloti)|XHY72514.1	Sinorhizobium_meliloti_(Rhizobium_meliloti)	95.604	819	82.1464	91.6107	0.0	1324
NOGP-2-1-Rh|nifH|consensus50|pass_mixed_possible_multitemplate	nifH|Bradyrhizobium_sp._PUT101|XYX37671.1	Bradyrhizobium_sp._PUT101	82.871	829	83.1494	93.6723	0.0	951
NOGP-2-1-Ro|nifH|consensus50|pass_single_dominant	nifH|Sinorhizobium_meliloti_(Rhizobium_meliloti)|XHY72514.1	Sinorhizobium_meliloti_(Rhizobium_meliloti)	95.971	819	82.1464	91.6107	0.0	1347
NOGP-3-2-No|nifH|consensus50|pass_single_dominant	nifH|Sinorhizobium_meliloti_(Rhizobium_meliloti)|XHY72514.1	Sinorhizobium_meliloti_(Rhizobium_meliloti)	96.337	819	82.1464	91.6107	0.0	1359
NOGP-3-2-Rh|nifH|consensus50|pass_mixed_possible_multitemplate	nifH|Sinorhizobium_meliloti_(Rhizobium_meliloti)|XEM22073.1	Sinorhizobium_meliloti_(Rhizobium_meliloti)	82.353	816	81.8455	91.2752	0.0	897
NOGP-3-2-Ro|nifH|consensus50|pass_single_dominant	nifH|Sinorhizobium_meliloti_(Rhizobium_meliloti)|XHY72514.1	Sinorhizobium_meliloti_(Rhizobium_meliloti)	96.337	819	82.1464	91.6107	0.0	1342
NOGP-4-1-No|nifH|consensus50|pass_mixed_possible_multitemplate	nifH|Sinorhizobium_meliloti_(Rhizobium_meliloti)|XEM22073.1	Sinorhizobium_meliloti_(Rhizobium_meliloti)	84.069	816	81.8455	91.2752	0.0	1021
NOGP-4-1-Rh|nifH|consensus50|pass_mixed_possible_multitemplate	nifH|Bradyrhizobium_sp._PUT101|XYX37671.1	Bradyrhizobium_sp._PUT101	85.404	829	83.1494	93.6723	0.0	1007
NOGP-4-1-Ro|nifH|consensus50|pass_single_dominant	nifH|Sinorhizobium_meliloti_(Rhizobium_meliloti)|XHY72514.1	Sinorhizobium_meliloti_(Rhizobium_meliloti)	95.377	822	82.4473	91.9463	0.0	1346
NOGP-5-2-No|nifH|consensus50|pass_mixed_possible_multitemplate	nifH|Sinorhizobium_meliloti_(Rhizobium_meliloti)|XEM22073.1	Sinorhizobium_meliloti_(Rhizobium_meliloti)	96.446	816	81.8455	91.2752	0.0	1365
NOGP-5-2-Rh|nifH|consensus50|pass_mixed_possible_multitemplate	nifH|Sinorhizobium_meliloti_(Rhizobium_meliloti)|XHY72514.1	Sinorhizobium_meliloti_(Rhizobium_meliloti)	82.418	819	82.1464	91.6107	0.0	959
NOGP-5-2-Ro|nifH|consensus50|pass_single_dominant	nifH|Sinorhizobium_meliloti_(Rhizobium_meliloti)|XEM22073.1	Sinorhizobium_meliloti_(Rhizobium_meliloti)	97.080	822	82.4473	91.9463	0.0	1384
NOGP-6-3-No|nifH|consensus50|pass_mixed_possible_multitemplate	nifH|Sinorhizobium_meliloti_(Rhizobium_meliloti)|XHY72514.1	Sinorhizobium_meliloti_(Rhizobium_meliloti)	92.430	819	82.1464	91.6107	0.0	1245
NOGP-6-3-Rh|nifH|consensus50|pass_mixed_possible_multitemplate	nifH|Sinorhizobium_meliloti_(Rhizobium_meliloti)|XEM22073.1	Sinorhizobium_meliloti_(Rhizobium_meliloti)	86.081	819	82.1464	91.6107	0.0	992
NOGP-6-3-Ro|nifH|consensus50|pass_single_dominant	nifH|Sinorhizobium_meliloti_(Rhizobium_meliloti)|XHY72514.1	Sinorhizobium_meliloti_(Rhizobium_meliloti)	95.956	816	81.8455	91.2752	0.0	1345
NOGP-7-2-No|nifH|consensus50|pass_mixed_possible_multitemplate	nifH|Bradyrhizobium_sp._PUT101|XYX37671.1	Bradyrhizobium_sp._PUT101	85.163	829	83.1494	93.6723	0.0	1003
NOGP-7-2-Ro|nifH|consensus50|pass_mixed_possible_multitemplate	nifH|Ensifer_canadensis|UBI79453.1	Ensifer_canadensis	89.987	789	79.1374	88.2550	0.0	1122
OAES-10-1-No|nifH|consensus50|pass_single_dominant	nifH|Mesorhizobium_sp._AaZ16|XIK06011.1	Mesorhizobium_sp._AaZ16	94.505	819	82.1464	91.6107	0.0	1289
OAES-10-1-Ro|nifH|consensus50|pass_single_dominant	nifH|Mesorhizobium_sp._AaZ16|XIK06011.1	Mesorhizobium_sp._AaZ16	94.499	818	82.0461	91.4989	0.0	1278
OAES-11-1-No|nifH|consensus50|pass_single_dominant	nifH|Mesorhizobium_sp._AaZ16|XIK06011.1	Mesorhizobium_sp._AaZ16	96.602	824	82.6479	92.1700	0.0	1361
OAES-1-1-No|nifH|consensus50|pass_single_dominant	nifH|Neorhizobium_alkalisoli|ACF98259.1	Neorhizobium_alkalisoli	96.676	722	72.4173	99.5862	0.0	1195
OAES-1-1-Rh|nifH|consensus50|pass_mixed_possible_multitemplate	nifH|Microvirga_sp._KLBC_81|PVE21514.1	Microvirga_sp._KLBC_81	89.286	812	81.4443	90.8277	0.0	1125
OAES-1-1-Ro|nifH|consensus50|pass_mixed_possible_multitemplate	nifH|Microvirga_sp._RSM25|XKE00370.1	Microvirga_sp._RSM25	88.213	806	80.8425	90.1566	0.0	1123
OAES-12-2-No|nifH|consensus50|pass_single_dominant	nifH|Mesorhizobium_sp._AaZ16|XIK06011.1	Mesorhizobium_sp._AaZ16	96.252	827	82.9488	92.5056	0.0	1353
OAES-12-2-Rh|nifH|consensus50|pass_mixed_possible_multitemplate	nifH|Mesorhizobium_sp._AaZ16|XIK06011.1	Mesorhizobium_sp._AaZ16	95.890	803	80.5416	89.8210	0.0	1320
OAES-12-2-Ro|nifH|consensus50|pass_single_dominant	nifH|Mesorhizobium_sp._AaZ16|XIK06011.1	Mesorhizobium_sp._AaZ16	96.481	824	82.6479	92.1700	0.0	1356
OAES-13-1-Rh|nifH|consensus50|pass_mixed_possible_multitemplate	nifH|Microvirga_lotononidis|WQO30062.1	Microvirga_lotononidis	85.800	831	83.3501	92.9530	0.0	1115
OAES-14-1-No|nifH|consensus50|pass_single_dominant	nifH|Sinorhizobium_meliloti_(Rhizobium_meliloti)|XHY72514.1	Sinorhizobium_meliloti_(Rhizobium_meliloti)	98.148	810	81.2437	90.6040	0.0	1401
OAES-14-1-Rh|nifH|consensus50|pass_mixed_possible_multitemplate	nifH|Sinorhizobium_meliloti_(Rhizobium_meliloti)|XEM22073.1	Sinorhizobium_meliloti_(Rhizobium_meliloti)	92.674	819	82.1464	91.6107	0.0	1270
OAES-14-1-Ro|nifH|consensus50|pass_mixed_possible_multitemplate	nifH|Sinorhizobium_meliloti_(Rhizobium_meliloti)|XHY72514.1	Sinorhizobium_meliloti_(Rhizobium_meliloti)	95.489	798	80.0401	89.2617	0.0	1312
OAES-15-No|nifH|consensus50|pass_single_dominant	nifH|Mesorhizobium_sp._AaZ16|XIK06011.1	Mesorhizobium_sp._AaZ16	94.872	819	82.1464	91.6107	0.0	1294
OAES-15-Rh|nifH|consensus50|pass_single_dominant	nifH|Sinorhizobium_meliloti_(Rhizobium_meliloti)|XEM22073.1	Sinorhizobium_meliloti_(Rhizobium_meliloti)	90.875	789	79.1374	88.2550	0.0	1106
OAES-15-Ro|nifH|consensus50|pass_single_dominant	nifH|Mesorhizobium_sp._AaZ16|XIK06011.1	Mesorhizobium_sp._AaZ16	94.465	831	83.3501	92.9530	0.0	1296
OAES-16-1-No|nifH|consensus50|pass_single_dominant	nifH|Neorhizobium_alkalisoli|ACF98259.1	Neorhizobium_alkalisoli	96.953	722	72.4173	99.5862	0.0	1204
OAES-16-1-Rh|nifH|consensus50|pass_single_dominant	nifH|Neorhizobium_alkalisoli|ACF98259.1	Neorhizobium_alkalisoli	95.706	722	72.4173	99.5862	0.0	1174
OAES-16-1-Ro|nifH|consensus50|pass_single_dominant	nifH|Mesorhizobium_sp._AaZ16|XIK06011.1	Mesorhizobium_sp._AaZ16	95.941	813	81.5446	90.9396	0.0	1320
OAES-17-No|nifH|consensus50|pass_single_dominant	nifH|Mesorhizobium_sp._AaZ16|XIK06011.1	Mesorhizobium_sp._AaZ16	97.059	816	81.8455	91.2752	0.0	1370
OAES-17-Rh|nifH|consensus50|pass_mixed_possible_multitemplate	nifH|Mesorhizobium_sp._AaZ16|XIK06011.1	Mesorhizobium_sp._AaZ16	90.652	813	81.5446	90.9396	0.0	1189
OAES-17-Ro|nifH|consensus50|pass_single_dominant	nifH|Mesorhizobium_sp._AaZ16|XIK06011.1	Mesorhizobium_sp._AaZ16	97.742	797	79.9398	89.1499	0.0	1364
OAES-18-3-No|nifH|consensus50|pass_mixed_possible_multitemplate	nifH|Mesorhizobium_sp._AaZ16|XIK06011.1	Mesorhizobium_sp._AaZ16	91.273	825	82.7482	92.2819	0.0	1240
OAES-18-3-Rh|nifH|consensus50|pass_mixed_possible_multitemplate	nifH|Mesorhizobium_sp._AaZ16|XIK06011.1	Mesorhizobium_sp._AaZ16	90.378	821	82.3470	91.8345	0.0	1176
OAES-18-3-Ro|nifH|consensus50|pass_mixed_possible_multitemplate	nifH|Mesorhizobium_sp._AaZ16|XIK06011.1	Mesorhizobium_sp._AaZ16	91.513	813	81.5446	90.9396	0.0	1222
OAES_19-2-Rh|nifH|consensus50|pass_mixed_possible_multitemplate	nifH|Sinorhizobium_meliloti_(Rhizobium_meliloti)|XHY72514.1	Sinorhizobium_meliloti_(Rhizobium_meliloti)	95.604	819	82.1464	91.6107	0.0	1344
OAES-20-Rh|nifH|consensus50|pass_single_dominant	nifH|Mesorhizobium_sp._AaZ16|XIK06011.1	Mesorhizobium_sp._AaZ16	91.625	800	80.2407	89.4855	0.0	1183
OAES-20-Ro|nifH|consensus50|pass_mixed_possible_multitemplate	nifH|Mesorhizobium_sp._AaZ16|XIK06011.1	Mesorhizobium_sp._AaZ16	89.053	813	81.5446	90.9396	0.0	1150
OAES-21-3-No|nifH|consensus50|pass_single_dominant	nifH|Mesorhizobium_sp._AaZ16|XIK06011.1	Mesorhizobium_sp._AaZ16	93.431	822	82.4473	91.9463	0.0	1240
OAES-21-3-Rh|nifH|consensus50|pass_single_dominant	nifH|Mesorhizobium_sp._AaZ16|XIK06011.1	Mesorhizobium_sp._AaZ16	89.850	798	80.0401	89.2617	0.0	1093
OAES-2-1-No|nifH|consensus50|pass_single_dominant	nifH|Sinorhizobium_meliloti_(Rhizobium_meliloti)|XHY72514.1	Sinorhizobium_meliloti_(Rhizobium_meliloti)	96.814	816	81.8455	91.2752	0.0	1376
OAES-2-1-Rh|nifH|consensus50|pass_mixed_possible_multitemplate	nifH|Microvirga_sp._KLBC_81|PVE21514.1	Microvirga_sp._KLBC_81	87.778	810	81.2437	90.6040	0.0	1113
OAES-2-1-Ro|nifH|consensus50|pass_single_dominant	nifH|Sinorhizobium_meliloti_(Rhizobium_meliloti)|XHY72514.1	Sinorhizobium_meliloti_(Rhizobium_meliloti)	96.944	818	82.0461	91.4989	0.0	1365
OAES-22-1-No|nifH|consensus50|pass_single_dominant	nifH|Sinorhizobium_meliloti_(Rhizobium_meliloti)|XEM22073.1	Sinorhizobium_meliloti_(Rhizobium_meliloti)	97.171	813	81.5446	90.9396	0.0	1383
OAES-22-1-Rh|nifH|consensus50|pass_mixed_possible_multitemplate	nifH|Microvirga_sp._RSM25|XKE00370.1	Microvirga_sp._RSM25	90.256	821	82.3470	91.8345	0.0	1162
OAES-23-1-No|nifH|consensus50|pass_single_dominant	nifH|Mesorhizobium_sp._AaZ16|XIK06011.1	Mesorhizobium_sp._AaZ16	96.602	824	82.6479	92.1700	0.0	1361
OAES-23-1-Rh|nifH|consensus50|pass_mixed_possible_multitemplate	nifH|Mesorhizobium_sp._AaZ16|XIK06011.1	Mesorhizobium_sp._AaZ16	90.012	801	80.3410	89.5973	0.0	1184
OAES-23-1-Ro|nifH|consensus50|pass_single_dominant	nifH|Mesorhizobium_sp._AaZ16|XIK06011.1	Mesorhizobium_sp._AaZ16	94.762	821	82.3470	91.8345	0.0	1293
OAES-25-1-No|nifH|consensus50|pass_single_dominant	nifH|Neorhizobium_alkalisoli|ACF98259.1	Neorhizobium_alkalisoli	96.814	722	72.4173	99.5862	0.0	1199
OAES-25-1-Rh|nifH|consensus50|pass_mixed_possible_multitemplate	nifH|Sinorhizobium_meliloti_(Rhizobium_meliloti)|XEM22073.1	Sinorhizobium_meliloti_(Rhizobium_meliloti)	87.286	818	82.0461	91.4989	0.0	1103
OAES-25-1-Ro|nifH|consensus50|pass_mixed_possible_multitemplate	nifH|Mesorhizobium_sp._AaZ16|XIK06011.1	Mesorhizobium_sp._AaZ16	88.113	816	81.8455	91.2752	0.0	1174
OAES-26-1-No|nifH|consensus50|pass_single_dominant	nifH|Mesorhizobium_sp._AaZ16|XIK06011.1	Mesorhizobium_sp._AaZ16	94.660	824	82.6479	92.1700	0.0	1297
OAES-26-1-Rh|nifH|consensus50|pass_mixed_possible_multitemplate	nifH|Mesorhizobium_sp._AaZ16|XIK06011.1	Mesorhizobium_sp._AaZ16	93.516	802	80.4413	89.7092	0.0	1265
OAES-26-1-Ro|nifH|consensus50|pass_single_dominant	nifH|Mesorhizobium_sp._AaZ16|XIK06011.1	Mesorhizobium_sp._AaZ16	95.702	791	79.3380	88.4787	0.0	1276
OAES-27-2-No|nifH|consensus50|pass_single_dominant	nifH|Mesorhizobium_sp._AaZ16|XIK06011.1	Mesorhizobium_sp._AaZ16	95.360	819	82.1464	91.6107	0.0	1306
OAES-27-2-Rh|nifH|consensus50|pass_mixed_possible_multitemplate	nifH|Mesorhizobium_sp._AaZ16|XIK06011.1	Mesorhizobium_sp._AaZ16	87.790	819	82.1464	91.6107	0.0	1119
OAES-27-2-Ro|nifH|consensus50|pass_mixed_possible_multitemplate	nifH|Mesorhizobium_sp._AaZ16|XIK06011.1	Mesorhizobium_sp._AaZ16	91.980	798	80.0401	89.2617	0.0	1200
OAES-28-1-No|nifH|consensus50|pass_single_dominant	nifH|Mesorhizobium_sp._AaZ16|XIK06011.1	Mesorhizobium_sp._AaZ16	96.493	827	82.9488	92.5056	0.0	1361
OAES-28-1-Rh|nifH|consensus50|pass_mixed_possible_multitemplate	nifH|Mesorhizobium_sp._AaZ16|XIK06011.1	Mesorhizobium_sp._AaZ16	93.078	809	81.1434	90.4922	0.0	1236
OAES-28-1-Ro|nifH|consensus50|pass_mixed_possible_multitemplate	nifH|Mesorhizobium_sp._AaZ16|XIK06011.1	Mesorhizobium_sp._AaZ16	90.476	819	82.1464	91.6107	0.0	1184
OAES-29-1-No|nifH|consensus50|pass_single_dominant	nifH|Mesorhizobium_sp._AaZ16|XIK06011.1	Mesorhizobium_sp._AaZ16	97.348	792	79.4383	88.5906	0.0	1334
OAES-29-1-Rh|nifH|consensus50|pass_mixed_possible_multitemplate	nifH|Microvirga_sp._KLBC_81|PVE21514.1	Microvirga_sp._KLBC_81	86.470	813	81.5446	90.9396	0.0	1059
OAES-29-1-Ro|nifH|consensus50|pass_single_dominant	nifH|Microvirga_vignae|KLK90290.1	Microvirga_vignae	90.830	807	80.9428	90.2685	0.0	1151
OAES-30-2-No|nifH|consensus50|pass_single_dominant	nifH|Mesorhizobium_sp._AaZ16|XIK06011.1	Mesorhizobium_sp._AaZ16	94.451	811	81.3440	90.7159	0.0	1278
OAES-31-1-No|nifH|consensus50|pass_mixed_possible_multitemplate	nifH|Microvirga_sp._KLBC_81|PVE21514.1	Microvirga_sp._KLBC_81	91.544	816	81.8455	91.2752	0.0	1201
OAES-31-1-Rh|nifH|consensus50|pass_mixed_possible_multitemplate	nifH|Mesorhizobium_sp._AaZ16|XIK06011.1	Mesorhizobium_sp._AaZ16	89.117	827	82.9488	92.5056	0.0	1137
OAES-31-1-Ro|nifH|consensus50|pass_mixed_possible_multitemplate	nifH|Mesorhizobium_sp._AaZ16|XIK06011.1	Mesorhizobium_sp._AaZ16	90.314	795	79.7392	88.9262	0.0	1165
OAES-3-1-No|nifH|consensus50|pass_single_dominant	nifH|Microvirga_sp._KLBC_81|PVE21514.1	Microvirga_sp._KLBC_81	92.866	827	82.9488	92.5056	0.0	1226
OAES-3-1-Rh|nifH|consensus50|pass_mixed_possible_multitemplate	nifH|Rhizobium_azibense|CAO4004957.1	Rhizobium_azibense	88.752	809	81.1434	90.4922	0.0	1163
OAES-3-1-Ro|nifH|consensus50|pass_mixed_possible_multitemplate	nifH|Microvirga_sp._KLBC_81|PVE21514.1	Microvirga_sp._KLBC_81	87.485	831	83.3501	92.9530	0.0	1153
OAES-32-1-No|nifH|consensus50|pass_single_dominant	nifH|Mesorhizobium_sp._AaZ16|XIK06011.1	Mesorhizobium_sp._AaZ16	96.493	827	82.9488	92.5056	0.0	1367
OAES-33-1-No|nifH|consensus50|pass_single_dominant	nifH|Mesorhizobium_sp._AaZ16|XIK06011.1	Mesorhizobium_sp._AaZ16	97.118	798	80.0401	89.2617	0.0	1336
OAES-34-1-No|nifH|consensus50|pass_single_dominant	nifH|Mesorhizobium_sp._AaZ16|XIK06011.1	Mesorhizobium_sp._AaZ16	96.498	828	83.0491	92.6174	0.0	1361
OAES-34-1-Rh|nifH|consensus50|pass_mixed_possible_multitemplate	nifH|Mesorhizobium_sp._AaZ16|XIK06011.1	Mesorhizobium_sp._AaZ16	92.633	828	83.0491	92.6174	0.0	1257
OAES-34-1-Ro|nifH|consensus50|pass_mixed_possible_multitemplate	nifH|Mesorhizobium_sp._AaZ16|XIK06011.1	Mesorhizobium_sp._AaZ16	93.308	792	79.4383	88.5906	0.0	1233
OAES-35-1-No|nifH|consensus50|pass_mixed_possible_multitemplate	nifH|Mesorhizobium_sp._AaZ16|XIK06011.1	Mesorhizobium_sp._AaZ16	86.935	819	82.1464	91.6107	0.0	1109
OAES-35-1-Rh|nifH|consensus50|pass_single_dominant	nifH|Bradyrhizobium_sp._PUT101|XYX37671.1	Bradyrhizobium_sp._PUT101	86.369	829	83.1494	93.6723	0.0	1019
OAES-35-3-No|nifH|consensus50|pass_single_dominant	nifH|Mesorhizobium_sp._AaZ16|XIK06011.1	Mesorhizobium_sp._AaZ16	92.918	819	82.1464	91.6107	0.0	1223
OAES-35-3-Rh|nifH|consensus50|pass_single_dominant	nifH|Mesorhizobium_sp._WSM4083|XXN81638.1	Mesorhizobium_sp._WSM4083	88.889	801	80.3410	89.5973	0.0	1053
OAES-35-3-Ro|nifH|consensus50|pass_mixed_possible_multitemplate	nifH|Microvirga_lotononidis|WQO30062.1	Microvirga_lotononidis	89.160	821	82.3470	91.8345	0.0	1170
OAES-36-2-No|nifH|consensus50|pass_single_dominant	nifH|Sinorhizobium_meliloti_(Rhizobium_meliloti)|XHY72514.1	Sinorhizobium_meliloti_(Rhizobium_meliloti)	96.093	819	82.1464	91.6107	0.0	1335
OAES-36-2-Rh|nifH|consensus50|pass_mixed_possible_multitemplate	nifH|Microvirga_vignae|KLK90290.1	Microvirga_vignae	86.642	816	81.8455	91.2752	0.0	1057
OAES-36-2-Ro|nifH|consensus50|pass_mixed_possible_multitemplate	nifH|Rhizobium_sp._YTUHZ044|XXA98993.1	Rhizobium_sp._YTUHZ044	87.439	820	82.2467	91.7226	0.0	1064
OAES-36-3-No|nifH|consensus50|pass_single_dominant	nifH|Sinorhizobium_meliloti_(Rhizobium_meliloti)|XHY72514.1	Sinorhizobium_meliloti_(Rhizobium_meliloti)	95.238	819	82.1464	91.6107	0.0	1313
OAES-36-3-Rh|nifH|consensus50|pass_mixed_possible_multitemplate	nifH|Sinorhizobium_meliloti_(Rhizobium_meliloti)|XEM22073.1	Sinorhizobium_meliloti_(Rhizobium_meliloti)	91.119	822	82.4473	91.9463	0.0	1192
OAES-37-2-Rh|nifH|consensus50|pass_single_dominant	nifH|Microvirga_sp._KLBC_81|PVE21514.1	Microvirga_sp._KLBC_81	86.325	819	82.1464	91.6107	0.0	1040
OAES-4-1-No|nifH|consensus50|pass_single_dominant	nifH|Neorhizobium_alkalisoli|ACF98259.1	Neorhizobium_alkalisoli	96.814	722	72.4173	99.5862	0.0	1201
OAES-4-1-Ro|nifH|consensus50|pass_single_dominant	nifH|Neorhizobium_alkalisoli|ACF98259.1	Neorhizobium_alkalisoli	96.814	722	72.4173	99.5862	0.0	1199
OAES-5-Rh|nifH|consensus50|pass_single_dominant	nifH|Ensifer_sp|QHB50514.1	Ensifer_sp	96.234	717	71.9157	100.0000	0.0	1172
OAES-5-Ro|nifH|consensus50|pass_mixed_possible_multitemplate	nifH|Mesorhizobium_sp._AaZ16|XIK06011.1	Mesorhizobium_sp._AaZ16	86.165	824	82.6479	92.1700	0.0	1131
OAES-6-1-Ro|nifH|consensus50|pass_single_dominant	nifH|Sinorhizobium_prairiense|WEJ08560.1	Sinorhizobium_prairiense	98.120	798	80.0401	89.2617	0.0	1372
OAES-7-1-No|nifH|consensus50|pass_single_dominant	nifH|Neorhizobium_alkalisoli|ACF98259.1	Neorhizobium_alkalisoli	96.537	722	72.4173	99.5862	0.0	1190
OAES-7-1-Rh|nifH|consensus50|pass_single_dominant	nifH|Neorhizobium_alkalisoli|ACF98259.1	Neorhizobium_alkalisoli	96.537	722	72.4173	99.5862	0.0	1192
OAES-7-1-Ro|nifH|consensus50|pass_single_dominant	nifH|Neorhizobium_alkalisoli|ACF98259.1	Neorhizobium_alkalisoli	96.537	722	72.4173	99.5862	0.0	1190
OAES-8-2-No|nifH|consensus50|pass_single_dominant	nifH|Mesorhizobium_maamorense|XKI86421.1	Mesorhizobium_maamorense	91.932	818	82.0461	91.4989	0.0	1181
OAES-8-2-Rh|nifH|consensus50|pass_mixed_possible_multitemplate	nifH|Mesorhizobium_sp._AaZ16|XIK06011.1	Mesorhizobium_sp._AaZ16	90.875	811	81.3440	90.7159	0.0	1193
OAES-8-2-Ro|nifH|consensus50|pass_mixed_possible_multitemplate	nifH|Microvirga_lotononidis|WQO30062.1	Microvirga_lotononidis	85.907	816	81.8455	91.2752	0.0	1102
OAES-9-1-Rh|nifH|consensus50|pass_single_dominant	nifH|Mesorhizobium_sp._AaZ16|XIK06011.1	Mesorhizobium_sp._AaZ16	96.814	816	81.8455	91.2752	0.0	1357
OAES-9-1-Ro|nifH|consensus50|pass_mixed_possible_multitemplate	nifH|Mesorhizobium_sp._AaZ16|XIK06011.1	Mesorhizobium_sp._AaZ16	92.937	807	80.9428	90.2685	0.0	1264
ORNL-10-1-No|nifH|consensus50|pass_mixed_possible_multitemplate	nifH|Bradyrhizobium_sp._PUT101|XYX37671.1	Bradyrhizobium_sp._PUT101	83.735	830	83.2497	93.7853	0.0	966
ORNL-11-1-No|nifH|consensus50|pass_mixed_possible_multitemplate	nifH|Bradyrhizobium_ottawaense|XZF72199.1	Bradyrhizobium_ottawaense	85.507	828	83.0491	93.5593	0.0	1002
ORNL-11-1-Rh|nifH|consensus50|pass_mixed_possible_multitemplate	nifH|Rhizobium_azibense|CAO4004957.1	Rhizobium_azibense	86.763	831	83.3501	92.9530	0.0	1153
ORNL-1-1-Ro|nifH|consensus50|pass_mixed_possible_multitemplate	nifH|Mesorhizobium_sp._AaZ16|XIK06011.1	Mesorhizobium_sp._AaZ16	86.081	819	82.1464	91.6107	0.0	1018
ORNL-12-1-No|nifH|consensus50|pass_mixed_possible_multitemplate	nifH|Mesorhizobium_sp._AaZ16|XIK06011.1	Mesorhizobium_sp._AaZ16	86.084	812	81.4443	90.8277	0.0	1017
ORNL-12-1-Rh|nifH|consensus50|pass_mixed_possible_multitemplate	nifH|Mesorhizobium_sp._AaZ16|XIK06011.1	Mesorhizobium_sp._AaZ16	83.394	819	82.1464	91.6107	0.0	956
ORNL-12-1-Ro|nifH|consensus50|pass_single_dominant	nifH|Mesorhizobium_sp._AaZ16|XIK06011.1	Mesorhizobium_sp._AaZ16	88.278	819	82.1464	91.6107	0.0	1056
ORNL-13-2-No|nifH|consensus50|pass_single_dominant	nifH|Bradyrhizobium_ottawaense|XZF72199.1	Bradyrhizobium_ottawaense	86.024	830	83.2497	93.7853	0.0	978
ORNL-13-2-Rh|nifH|consensus50|pass_mixed_possible_multitemplate	nifH|Mesorhizobium_sp._AaZ16|XIK06011.1	Mesorhizobium_sp._AaZ16	89.684	824	82.6479	92.1700	0.0	1182
ORNL-13-2-Ro|nifH|consensus50|pass_mixed_possible_multitemplate	nifH|Mesorhizobium_sp._AaZ16|XIK06011.1	Mesorhizobium_sp._AaZ16	85.127	827	82.9488	92.5056	0.0	1075
ORNL-14-1-Ro|nifH|consensus50|pass_mixed_possible_multitemplate	nifH|Mesorhizobium_sp._WSM4083|XXN81638.1	Mesorhizobium_sp._WSM4083	86.935	819	82.1464	91.6107	0.0	1053
ORNL-16-No|nifH|consensus50|pass_single_dominant	nifH|Bradyrhizobium_ottawaense|XZF72199.1	Bradyrhizobium_ottawaense	84.198	829	83.1494	93.6723	0.0	949
ORNL-17-1-Rh|nifH|consensus50|pass_mixed_possible_multitemplate	nifH|Microvirga_sp._RSM25|XKE00370.1	Microvirga_sp._RSM25	86.265	830	83.2497	92.8412	0.0	1070
ORNL-17-1-Ro|nifH|consensus50|pass_mixed_possible_multitemplate	nifH|Microvirga_sp._KLBC_81|PVE21514.1	Microvirga_sp._KLBC_81	84.522	827	82.9488	92.5056	0.0	994
ORNL-18-1-Rh|nifH|consensus50|pass_mixed_possible_multitemplate	nifH|Mesorhizobium_sp._AaZ16|XIK06011.1	Mesorhizobium_sp._AaZ16	88.996	827	82.9488	92.5056	0.0	1161
ORNL-18-1-Ro|nifH|consensus50|pass_mixed_possible_multitemplate	nifH|Bradyrhizobium_sp._PUT101|XYX37671.1	Bradyrhizobium_sp._PUT101	87.214	829	83.1494	93.6723	0.0	1038
ORNL-19-Rh|nifH|consensus50|pass_mixed_possible_multitemplate	nifH|Microvirga_sp._RSM25|XKE00370.1	Microvirga_sp._RSM25	89.117	827	82.9488	92.5056	0.0	1150
ORNL-20-1-Rh|nifH|consensus50|pass_mixed_possible_multitemplate	nifH|Mesorhizobium_sp._AaZ16|XIK06011.1	Mesorhizobium_sp._AaZ16	87.015	824	82.6479	92.1700	0.0	1104
ORNL-23-1-Ro|nifH|consensus50|pass_mixed_possible_multitemplate	nifH|Mesorhizobium_sp._AaZ16|XIK06011.1	Mesorhizobium_sp._AaZ16	87.365	831	83.3501	92.9530	0.0	1071
ORNL-24-Ro|nifH|consensus50|pass_mixed_possible_multitemplate	nifH|Bradyrhizobium_sp._PUT101|XYX37671.1	Bradyrhizobium_sp._PUT101	86.852	829	83.1494	93.6723	0.0	1059
ORNL-3-1-Ro|nifH|consensus50|pass_mixed_possible_multitemplate	nifH|Bradyrhizobium_sp._PUT101|XYX37671.1	Bradyrhizobium_sp._PUT101	85.766	829	83.1494	93.6723	0.0	1049
ORNL-4-1-No|nifH|consensus50|pass_single_dominant	nifH|Microvirga_sp._KLBC_81|PVE21514.1	Microvirga_sp._KLBC_81	85.907	816	81.8455	91.2752	0.0	998
ORNL-4-1-Ro|nifH|consensus50|pass_mixed_possible_multitemplate	nifH|Rhizobium_leguminosarum|XYR18004.1	Rhizobium_leguminosarum	91.130	823	82.5476	92.0582	0.0	1190
ORNL-5-1-Rh|nifH|consensus50|pass_mixed_possible_multitemplate	nifH|Microvirga_sp._KLBC_81|PVE21514.1	Microvirga_sp._KLBC_81	87.304	827	82.9488	92.5056	0.0	1084
ORNL-8-2-No|nifH|consensus50|pass_mixed_possible_multitemplate	nifH|Mesorhizobium_sp._AaZ16|XIK06011.1	Mesorhizobium_sp._AaZ16	84.522	827	82.9488	92.5056	0.0	949
ORNL-9-1-Rh|nifH|consensus50|pass_mixed_possible_multitemplate	nifH|Bradyrhizobium_sp._PUT101|XYX37671.1	Bradyrhizobium_sp._PUT101	81.302	845	84.7543	95.4802	0.0	949
ORNL-9-1-Ro|nifH|consensus50|pass_mixed_possible_multitemplate	nifH|Mesorhizobium_sp._AaZ16|XIK06011.1	Mesorhizobium_sp._AaZ16	86.813	819	82.1464	91.6107	0.0	1032
OSBS-100-3-Rh|nifH|consensus50|pass_single_dominant	nifH|Sinorhizobium_meliloti_(Rhizobium_meliloti)|XEM22073.1	Sinorhizobium_meliloti_(Rhizobium_meliloti)	87.424	819	82.1464	91.6107	0.0	1030
OSBS-101-1-Ro|nifH|consensus50|pass_single_dominant	nifH|Sinorhizobium_meliloti_(Rhizobium_meliloti)|XEM22073.1	Sinorhizobium_meliloti_(Rhizobium_meliloti)	92.587	715	71.7151	79.9776	0.0	1051
OSBS-102-1-No|nifH|consensus50|pass_mixed_possible_multitemplate	nifH|Mesorhizobium_sp._AaZ16|XIK06011.1	Mesorhizobium_sp._AaZ16	84.709	824	82.6479	92.1700	0.0	1070
OSBS-103-2-Rh|nifH|consensus50|pass_mixed_possible_multitemplate	nifH|Sinorhizobium_meliloti_(Rhizobium_meliloti)|XEM22073.1	Sinorhizobium_meliloti_(Rhizobium_meliloti)	81.127	816	81.8455	91.2752	0.0	867
OSBS-104-1-Rh|nifH|consensus50|pass_single_dominant	nifH|Microvirga_sp._KLBC_81|PVE21514.1	Microvirga_sp._KLBC_81	88.582	797	79.9398	89.1499	0.0	1033
OSBS-104-1-Ro|nifH|consensus50|pass_mixed_possible_multitemplate	nifH|Bradyrhizobium_sp._PUT101|XYX37671.1	Bradyrhizobium_sp._PUT101	83.474	829	83.1494	93.6723	0.0	948
OSBS-106-1-Rh|nifH|consensus50|pass_mixed_possible_multitemplate	nifH|Bradyrhizobium_sp._PUT101|XYX37671.1	Bradyrhizobium_sp._PUT101	84.801	829	83.1494	93.6723	0.0	998
OSBS-106-1-Ro|nifH|consensus50|pass_mixed_possible_multitemplate	nifH|Microvirga_sp._KLBC_81|PVE21514.1	Microvirga_sp._KLBC_81	83.859	824	82.6479	92.1700	0.0	1012
OSBS-107-No|nifH|consensus50|pass_mixed_possible_multitemplate	nifH|Bradyrhizobium_sp._PUT101|XYX37671.1	Bradyrhizobium_sp._PUT101	81.884	828	83.0491	93.5593	0.0	866
OSBS-107-Ro|nifH|consensus50|pass_mixed_possible_multitemplate	nifH|Bradyrhizobium_sp._PUT101|XYX37671.1	Bradyrhizobium_sp._PUT101	82.892	830	83.2497	93.7853	0.0	934
OSBS-109-4-Rh|nifH|consensus50|pass_mixed_possible_multitemplate	nifH|Microvirga_sp._KLBC_81|PVE21514.1	Microvirga_sp._KLBC_81	87.170	834	83.6510	93.2886	0.0	1058
OSBS-110-1-No|nifH|consensus50|pass_mixed_possible_multitemplate	nifH|Mesorhizobium_sp._AaZ16|XIK06011.1	Mesorhizobium_sp._AaZ16	83.981	824	82.6479	92.1700	0.0	931
OSBS-110-1-Rh|nifH|consensus50|pass_mixed_possible_multitemplate	nifH|Bradyrhizobium_sp._PUT101|XYX37671.1	Bradyrhizobium_sp._PUT101	85.766	829	83.1494	93.6723	0.0	1000
OSBS-12-1-Ro|nifH|consensus50|pass_mixed_possible_multitemplate	nifH|Mesorhizobium_sp._AaZ16|XIK06011.1	Mesorhizobium_sp._AaZ16	91.262	824	82.6479	92.1700	0.0	1243
OSBS-1-2-No|nifH|consensus50|pass_mixed_possible_multitemplate	nifH|Mesorhizobium_sp._AaZ16|XIK06011.1	Mesorhizobium_sp._AaZ16	94.052	807	80.9428	90.2685	0.0	1267
OSBS-1-2-Ro|nifH|consensus50|pass_mixed_possible_multitemplate	nifH|Mesorhizobium_sp._AaZ16|XIK06011.1	Mesorhizobium_sp._AaZ16	90.734	831	83.3501	92.9530	0.0	1185
OSBS-14-3-No|nifH|consensus50|pass_single_dominant	nifH|Bradyrhizobium_ottawaense|XZF72199.1	Bradyrhizobium_ottawaense	85.181	830	83.2497	93.7853	0.0	950
OSBS-14-3-Rh|nifH|consensus50|pass_mixed_possible_multitemplate	nifH|Mesorhizobium_sp._AaZ16|XIK06011.1	Mesorhizobium_sp._AaZ16	85.372	834	83.6510	93.2886	0.0	1011
OSBS-14-3-Ro|nifH|consensus50|pass_mixed_possible_multitemplate	nifH|Sinorhizobium_meliloti_(Rhizobium_meliloti)|XEM22073.1	Sinorhizobium_meliloti_(Rhizobium_meliloti)	88.971	816	81.8455	91.2752	0.0	1117
OSBS-18-5-Rh|nifH|consensus50|pass_mixed_possible_multitemplate	nifH|Mesorhizobium_sp._AaZ16|XIK06011.1	Mesorhizobium_sp._AaZ16	82.254	834	83.6510	93.2886	0.0	960
OSBS-18-5-Ro|nifH|consensus50|pass_single_dominant	nifH|Microvirga_sp._KLBC_81|PVE21514.1	Microvirga_sp._KLBC_81	91.158	803	80.5416	89.8210	0.0	1132
OSBS-20-1-Rh|nifH|consensus50|pass_mixed_possible_multitemplate	nifH|Microvirga_sp._RSM25|XKE00370.1	Microvirga_sp._RSM25	83.153	831	83.3501	92.9530	0.0	1002
OSBS-20-1-Ro|nifH|consensus50|pass_single_dominant	nifH|Mesorhizobium_sp._AaZ16|XIK06011.1	Mesorhizobium_sp._AaZ16	89.499	819	82.1464	91.6107	0.0	1112
OSBS-21-2-No|nifH|consensus50|pass_single_dominant	nifH|Mesorhizobium_sp._AaZ16|XIK06011.1	Mesorhizobium_sp._AaZ16	87.835	822	82.4473	91.9463	0.0	1039
OSBS-21-2-Rh|nifH|consensus50|pass_mixed_possible_multitemplate	nifH|Mesorhizobium_sp._WSM4083|XXN81638.1	Mesorhizobium_sp._WSM4083	86.989	807	80.9428	90.2685	0.0	1013
OSBS-21-2-Ro|nifH|consensus50|pass_mixed_possible_multitemplate	nifH|Bradyrhizobium_sp._PUT101|XYX37671.1	Bradyrhizobium_sp._PUT101	86.490	829	83.1494	93.6723	0.0	1031
OSBS-2-3-No|nifH|consensus50|pass_mixed_possible_multitemplate	nifH|Mesorhizobium_sp._AaZ16|XIK06011.1	Mesorhizobium_sp._AaZ16	84.371	819	82.1464	91.6107	0.0	1002
OSBS-2-3-Rh|nifH|consensus50|pass_mixed_possible_multitemplate	nifH|Mesorhizobium_sp._AaZ16|XIK06011.1	Mesorhizobium_sp._AaZ16	91.336	831	83.3501	92.9530	0.0	1216
OSBS-2-3-Ro|nifH|consensus50|pass_mixed_possible_multitemplate	nifH|Mesorhizobium_sp._AaZ16|XIK06011.1	Mesorhizobium_sp._AaZ16	86.772	824	82.6479	92.1700	0.0	1051
OSBS-25-1-Rh|nifH|consensus50|pass_mixed_possible_multitemplate	nifH|Microvirga_lotononidis|WQO30062.1	Microvirga_lotononidis	86.618	822	82.4473	91.9463	0.0	1027
OSBS-25-1-Ro|nifH|consensus50|pass_mixed_possible_multitemplate	nifH|Mesorhizobium_sp._AaZ16|XIK06011.1	Mesorhizobium_sp._AaZ16	85.422	830	83.2497	92.8412	0.0	1039
OSBS-28-1-No|nifH|consensus50|pass_single_dominant	nifH|Microvirga_sp._KLBC_81|PVE21514.1	Microvirga_sp._KLBC_81	87.650	834	83.6510	93.2886	0.0	1055
OSBS-28-1-Rh|nifH|consensus50|pass_mixed_possible_multitemplate	nifH|Microvirga_sp._RSM25|XKE00370.1	Microvirga_sp._RSM25	86.131	822	82.4473	91.9463	0.0	1025
OSBS-28-1-Ro|nifH|consensus50|pass_mixed_possible_multitemplate	nifH|Microvirga_sp._KLBC_81|PVE21514.1	Microvirga_sp._KLBC_81	87.183	827	82.9488	92.5056	0.0	1041
OSBS-29-1-Ro|nifH|consensus50|pass_mixed_possible_multitemplate	nifH|Microvirga_lotononidis|WQO30062.1	Microvirga_lotononidis	84.737	819	82.1464	91.6107	0.0	964
OSBS-30-1-Rh|nifH|consensus50|pass_mixed_possible_multitemplate	nifH|Bradyrhizobium_sp._PUT101|XYX37671.1	Bradyrhizobium_sp._PUT101	84.401	827	82.9488	93.4463	0.0	1019
OSBS-32-1-Rh|nifH|consensus50|pass_mixed_possible_multitemplate	nifH|Mesorhizobium_sp._WSM4083|XXN81638.1	Mesorhizobium_sp._WSM4083	87.790	819	82.1464	91.6107	0.0	1068
OSBS-32-1-Ro|nifH|consensus50|pass_mixed_possible_multitemplate	nifH|Mesorhizobium_sp._AaZ16|XIK06011.1	Mesorhizobium_sp._AaZ16	88.767	819	82.1464	91.6107	0.0	1113
OSBS-34-1-No|nifH|consensus50|pass_mixed_possible_multitemplate	nifH|Mesorhizobium_sp._AaZ16|XIK06011.1	Mesorhizobium_sp._AaZ16	89.686	795	79.7392	88.9262	0.0	1101
OSBS-34-1-Rh|nifH|consensus50|pass_mixed_possible_multitemplate	nifH|Mesorhizobium_sp._AaZ16|XIK06011.1	Mesorhizobium_sp._AaZ16	84.493	819	82.1464	91.6107	0.0	1021
OSBS-34-1-Ro|nifH|consensus50|pass_mixed_possible_multitemplate	nifH|Mesorhizobium_sp._AaZ16|XIK06011.1	Mesorhizobium_sp._AaZ16	89.338	816	81.8455	91.2752	0.0	1153
OSBS-35-1-Rh|nifH|consensus50|pass_mixed_possible_multitemplate	nifH|Bradyrhizobium_sp._PUT101|XYX37671.1	Bradyrhizobium_sp._PUT101	85.766	829	83.1494	93.6723	0.0	1027
OSBS-35-2-No|nifH|consensus50|pass_mixed_possible_multitemplate	nifH|Microvirga_sp._RSM25|XKE00370.1	Microvirga_sp._RSM25	90.810	827	82.9488	92.5056	0.0	1193
OSBS-35-2-Rh|nifH|consensus50|pass_mixed_possible_multitemplate	nifH|Mesorhizobium_sp._AaZ16|XIK06011.1	Mesorhizobium_sp._AaZ16	88.889	819	82.1464	91.6107	0.0	1102
OSBS-35-2-Ro|nifH|consensus50|pass_mixed_possible_multitemplate	nifH|Rhizobium_azibense|CAO4004957.1	Rhizobium_azibense	90.720	819	82.1464	91.6107	0.0	1198
OSBS-36-1-No|nifH|consensus50|pass_mixed_possible_multitemplate	nifH|Sinorhizobium_meliloti_(Rhizobium_meliloti)|XHY72514.1	Sinorhizobium_meliloti_(Rhizobium_meliloti)	88.078	822	82.4473	91.9463	0.0	1151
OSBS-36-1-Rh|nifH|consensus50|pass_mixed_possible_multitemplate	nifH|Mesorhizobium_sp._AaZ16|XIK06011.1	Mesorhizobium_sp._AaZ16	86.282	831	83.3501	92.9530	0.0	1043
OSBS-36-1-Ro|nifH|consensus50|pass_mixed_possible_multitemplate	nifH|Microvirga_sp._RSM25|XKE00370.1	Microvirga_sp._RSM25	81.630	822	82.4473	91.9463	0.0	1013
OSBS-36-4-No|nifH|consensus50|pass_mixed_possible_multitemplate	nifH|Mesorhizobium_sp._AaZ16|XIK06011.1	Mesorhizobium_sp._AaZ16	85.523	822	82.4473	91.9463	0.0	1019
OSBS-36-4-Rh|nifH|consensus50|pass_single_dominant	nifH|Mesorhizobium_sp._AaZ16|XIK06011.1	Mesorhizobium_sp._AaZ16	89.513	801	80.3410	89.5973	0.0	1097
OSBS-36-4-Ro|nifH|consensus50|pass_mixed_possible_multitemplate	nifH|Microvirga_sp._RSM25|XKE00370.1	Microvirga_sp._RSM25	88.029	827	82.9488	92.5056	0.0	1098
OSBS-37-1-No|nifH|consensus50|pass_mixed_possible_multitemplate	nifH|Microvirga_lotononidis|WQO30062.1	Microvirga_lotononidis	84.615	819	82.1464	91.6107	0.0	1036
OSBS-37-1-Rh|nifH|consensus50|pass_single_dominant	nifH|Mesorhizobium_sp._WSM4083|XXN81638.1	Mesorhizobium_sp._WSM4083	87.226	822	82.4473	91.9463	0.0	1030
OSBS-37-1-Ro|nifH|consensus50|pass_mixed_possible_multitemplate	nifH|Microvirga_sp._KLBC_81|PVE21514.1	Microvirga_sp._KLBC_81	90.278	792	79.4383	88.5906	0.0	1105
OSBS-38-1-No|nifH|consensus50|pass_single_dominant	nifH|Mesorhizobium_sp._AaZ16|XIK06011.1	Mesorhizobium_sp._AaZ16	91.336	831	83.3501	92.9530	0.0	1173
OSBS-38-1-Rh|nifH|consensus50|pass_mixed_possible_multitemplate	nifH|Microvirga_lotononidis|WQO30062.1	Microvirga_lotononidis	89.166	803	80.5416	89.8210	0.0	1087
OSBS-38-1-Ro|nifH|consensus50|pass_mixed_possible_multitemplate	nifH|Microvirga_lotononidis|WQO30062.1	Microvirga_lotononidis	84.597	831	83.3501	92.9530	0.0	1027
OSBS-38-2-Rh|nifH|consensus50|pass_mixed_possible_multitemplate	nifH|Sinorhizobium_meliloti_(Rhizobium_meliloti)|XEM22073.1	Sinorhizobium_meliloti_(Rhizobium_meliloti)	85.158	822	82.4473	91.9463	0.0	976
OSBS-38-2-Ro|nifH|consensus50|pass_mixed_possible_multitemplate	nifH|Mesorhizobium_sp._AaZ16|XIK06011.1	Mesorhizobium_sp._AaZ16	88.523	819	82.1464	91.6107	0.0	1110
OSBS-41-3-No|nifH|consensus50|pass_mixed_possible_multitemplate	nifH|Mesorhizobium_sp._AaZ16|XIK06011.1	Mesorhizobium_sp._AaZ16	92.269	789	79.1374	88.2550	0.0	1174
OSBS-41-3-Rh|nifH|consensus50|pass_mixed_possible_multitemplate	nifH|Mesorhizobium_sp._WSM4083|XXN81638.1	Mesorhizobium_sp._WSM4083	87.179	819	82.1464	91.6107	0.0	1044
OSBS-41-3-Ro|nifH|consensus50|pass_mixed_possible_multitemplate	nifH|Microvirga_lotononidis|WQO30062.1	Microvirga_lotononidis	89.223	798	80.0401	89.2617	0.0	1112
OSBS-4-3-No|nifH|consensus50|pass_mixed_possible_multitemplate	nifH|Mesorhizobium_sp._AaZ16|XIK06011.1	Mesorhizobium_sp._AaZ16	86.152	816	81.8455	91.2752	0.0	1024
OSBS-4-3-Rh|nifH|consensus50|pass_mixed_possible_multitemplate	nifH|Mesorhizobium_sp._AaZ16|XIK06011.1	Mesorhizobium_sp._AaZ16	84.477	831	83.3501	92.9530	0.0	987
OSBS-4-3-Ro|nifH|consensus50|pass_single_dominant	nifH|Mesorhizobium_sp._AaZ16|XIK06011.1	Mesorhizobium_sp._AaZ16	88.647	828	83.0491	92.6174	0.0	1092
OSBS-44-1-No|nifH|consensus50|pass_mixed_possible_multitemplate	nifH|Bradyrhizobium_sp._PUT101|XYX37671.1	Bradyrhizobium_sp._PUT101	85.042	829	83.1494	93.6723	0.0	1002
OSBS-44-1-Ro|nifH|consensus50|pass_mixed_possible_multitemplate	nifH|Bradyrhizobium_sp._PUT101|XYX37671.1	Bradyrhizobium_sp._PUT101	87.575	829	83.1494	93.6723	0.0	1069
OSBS-46-1-Rh|nifH|consensus50|pass_mixed_possible_multitemplate	nifH|Bradyrhizobium_sp._PUT101|XYX37671.1	Bradyrhizobium_sp._PUT101	86.731	829	83.1494	93.6723	0.0	1023
OSBS-55-1-Ro|nifH|consensus50|pass_mixed_possible_multitemplate	nifH|Bradyrhizobium_sp._PUT101|XYX37671.1	Bradyrhizobium_sp._PUT101	87.575	829	83.1494	93.6723	0.0	1060
OSBS-5-5-No|nifH|consensus50|pass_mixed_possible_multitemplate	nifH|Mesorhizobium_sp._AaZ16|XIK06011.1	Mesorhizobium_sp._AaZ16	85.958	819	82.1464	91.6107	0.0	1026
OSBS-5-5-Rh|nifH|consensus50|pass_mixed_possible_multitemplate	nifH|Microvirga_sp._RSM25|XKE00370.1	Microvirga_sp._RSM25	88.647	828	83.0491	92.6174	0.0	1162
OSBS-5-5-Ro|nifH|consensus50|pass_single_dominant	nifH|Mesorhizobium_sp._AaZ16|XIK06011.1	Mesorhizobium_sp._AaZ16	92.754	828	83.0491	92.6174	0.0	1244
OSBS-58-1-No|nifH|consensus50|pass_single_dominant	nifH|Mesorhizobium_sp._AaZ16|XIK06011.1	Mesorhizobium_sp._AaZ16	86.820	827	82.9488	92.5056	0.0	1019
OSBS-58-1-Rh|nifH|consensus50|pass_single_dominant	nifH|Bradyrhizobium_sp._PUT101|XYX37671.1	Bradyrhizobium_sp._PUT101	86.248	829	83.1494	93.6723	0.0	1012
OSBS-58-1-Ro|nifH|consensus50|pass_mixed_possible_multitemplate	nifH|Bradyrhizobium_sp._PUT101|XYX37671.1	Bradyrhizobium_sp._PUT101	87.455	829	83.1494	93.6723	0.0	1050
OSBS-59-1-Rh|nifH|consensus50|pass_mixed_possible_multitemplate	nifH|Microvirga_sp._KLBC_81|PVE21514.1	Microvirga_sp._KLBC_81	86.861	822	82.4473	91.9463	0.0	1025
OSBS-59-1-Ro|nifH|consensus50|pass_mixed_possible_multitemplate	nifH|Bradyrhizobium_sp._PUT101|XYX37671.1	Bradyrhizobium_sp._PUT101	86.248	829	83.1494	93.6723	0.0	1029
OSBS-6-1-No|nifH|consensus50|pass_mixed_possible_multitemplate	nifH|Mesorhizobium_sp._AaZ16|XIK06011.1	Mesorhizobium_sp._AaZ16	87.319	828	83.0491	92.6174	0.0	1140
OSBS-6-1-Rh|nifH|consensus50|pass_mixed_possible_multitemplate	nifH|Mesorhizobium_sp._AaZ16|XIK06011.1	Mesorhizobium_sp._AaZ16	86.935	819	82.1464	91.6107	0.0	1075
OSBS-6-1-Ro|nifH|consensus50|pass_mixed_possible_multitemplate	nifH|Rhizobium_azibense|CAO4004957.1	Rhizobium_azibense	89.410	831	83.3501	92.9530	0.0	1126
OSBS-66-1-Rh|nifH|consensus50|pass_single_dominant	nifH|Bradyrhizobium_sp._PUT101|XYX37671.1	Bradyrhizobium_sp._PUT101	88.420	829	83.1494	93.6723	0.0	1077
OSBS-67-1-No|nifH|consensus50|pass_mixed_possible_multitemplate	nifH|Bradyrhizobium_sp._PUT101|XYX37671.1	Bradyrhizobium_sp._PUT101	83.735	830	83.2497	93.7853	0.0	983
OSBS-68-1-No|nifH|consensus50|pass_mixed_possible_multitemplate	nifH|Bradyrhizobium_sp._PUT101|XYX37671.1	Bradyrhizobium_sp._PUT101	86.369	829	83.1494	93.6723	0.0	1019
OSBS-68-1-Rh|nifH|consensus50|pass_single_dominant	nifH|Bradyrhizobium_sp._PUT101|XYX37671.1	Bradyrhizobium_sp._PUT101	86.610	829	83.1494	93.6723	0.0	1023
OSBS-69-1-No|nifH|consensus50|pass_mixed_possible_multitemplate	nifH|Mesorhizobium_sp._AaZ16|XIK06011.1	Mesorhizobium_sp._AaZ16	85.852	827	82.9488	92.5056	0.0	1022
OSBS-69-1-Rh|nifH|consensus50|pass_single_dominant	nifH|Mesorhizobium_sp._WSM4083|XXN81638.1	Mesorhizobium_sp._WSM4083	89.294	822	82.4473	91.9463	0.0	1088
OSBS-69-1-Ro|nifH|consensus50|pass_mixed_possible_multitemplate	nifH|Neorhizobium_galegae|AIY31028.1	Neorhizobium_galegae	93.048	748	75.0251	98.4211	0.0	1177
OSBS-70-3-No|nifH|consensus50|pass_single_dominant	nifH|Bradyrhizobium_ottawaense|XZF72199.1	Bradyrhizobium_ottawaense	84.597	831	83.3501	93.8983	0.0	931
OSBS-71-1-Rh|nifH|consensus50|pass_single_dominant	nifH|Bradyrhizobium_sp._PUT101|XYX37671.1	Bradyrhizobium_sp._PUT101	86.490	829	83.1494	93.6723	0.0	1015
OSBS-71-1-Ro|nifH|consensus50|pass_mixed_possible_multitemplate	nifH|Microvirga_sp._RSM25|XKE00370.1	Microvirga_sp._RSM25	84.783	828	83.0491	92.6174	0.0	1020
OSBS-72-1-Ro|nifH|consensus50|pass_mixed_possible_multitemplate	nifH|Mesorhizobium_sp._AaZ16|XIK06011.1	Mesorhizobium_sp._AaZ16	87.500	800	80.2407	89.4855	0.0	1076
OSBS-73-2-Ro|nifH|consensus50|pass_mixed_possible_multitemplate	nifH|Mesorhizobium_sp._WSM4083|XXN81638.1	Mesorhizobium_sp._WSM4083	86.569	819	82.1464	91.6107	0.0	1045
OSBS-7-4-No|nifH|consensus50|pass_mixed_possible_multitemplate	nifH|Mesorhizobium_sp._AaZ16|XIK06011.1	Mesorhizobium_sp._AaZ16	86.836	828	83.0491	92.6174	0.0	1037
OSBS-7-4-Rh|nifH|consensus50|pass_mixed_possible_multitemplate	nifH|Mesorhizobium_sp._AaZ16|XIK06011.1	Mesorhizobium_sp._AaZ16	90.476	819	82.1464	91.6107	0.0	1164
OSBS-7-4-Ro|nifH|consensus50|pass_single_dominant	nifH|Mesorhizobium_sp._AaZ16|XIK06011.1	Mesorhizobium_sp._AaZ16	92.552	819	82.1464	91.6107	0.0	1210
OSBS-80-2-No|nifH|consensus50|pass_mixed_possible_multitemplate	nifH|Bradyrhizobium_sp._PUT101|XYX37671.1	Bradyrhizobium_sp._PUT101	85.628	828	83.0491	93.5593	0.0	1010
OSBS-80-2-Ro|nifH|consensus50|pass_mixed_possible_multitemplate	nifH|Sinorhizobium_fredii_(Rhizobium_fredii)|XRN48363.1	Sinorhizobium_fredii_(Rhizobium_fredii)	83.761	819	82.1464	91.9192	0.0	977
OSBS-81-1-No|nifH|consensus50|pass_mixed_possible_multitemplate	nifH|Bradyrhizobium_sp._PUT101|XYX37671.1	Bradyrhizobium_sp._PUT101	85.042	829	83.1494	93.6723	0.0	989
OSBS-81-1-Rh|nifH|consensus50|pass_single_dominant	nifH|Bradyrhizobium_sp._PUT101|XYX37671.1	Bradyrhizobium_sp._PUT101	86.972	829	83.1494	93.6723	0.0	1025
OSBS-82-1-No|nifH|consensus50|pass_mixed_possible_multitemplate	nifH|Bradyrhizobium_sp._PUT101|XYX37671.1	Bradyrhizobium_sp._PUT101	84.198	829	83.1494	93.6723	0.0	989
OSBS-82-1-Rh|nifH|consensus50|pass_mixed_possible_multitemplate	nifH|Mesorhizobium_sp._AaZ16|XIK06011.1	Mesorhizobium_sp._AaZ16	84.737	819	82.1464	91.6107	0.0	1037
OSBS-82-1-Ro|nifH|consensus50|pass_single_dominant	nifH|Bradyrhizobium_sp._PUT101|XYX37671.1	Bradyrhizobium_sp._PUT101	88.179	829	83.1494	93.6723	0.0	1070
OSBS-83-1-No|nifH|consensus50|pass_mixed_possible_multitemplate	nifH|Bradyrhizobium_ottawaense|XZF72199.1	Bradyrhizobium_ottawaense	80.964	830	83.2497	93.7853	0.0	863
OSBS-83-1-Rh|nifH|consensus50|pass_mixed_possible_multitemplate	nifH|Bradyrhizobium_sp._PUT101|XYX37671.1	Bradyrhizobium_sp._PUT101	84.560	829	83.1494	93.6723	0.0	994
OSBS-83-1-Ro|nifH|consensus50|pass_mixed_possible_multitemplate	nifH|Bradyrhizobium_sp._PUT101|XYX37671.1	Bradyrhizobium_sp._PUT101	87.817	829	83.1494	93.6723	0.0	1082
OSBS-84-1-No|nifH|consensus50|pass_mixed_possible_multitemplate	nifH|Bradyrhizobium_sp._PUT101|XYX37671.1	Bradyrhizobium_sp._PUT101	84.801	829	83.1494	93.6723	0.0	1009
OSBS-84-1-Rh|nifH|consensus50|pass_mixed_possible_multitemplate	nifH|Bradyrhizobium_sp._PUT101|XYX37671.1	Bradyrhizobium_sp._PUT101	84.096	830	83.2497	93.7853	0.0	986
OSBS-84-1-Ro|nifH|consensus50|pass_mixed_possible_multitemplate	nifH|Bradyrhizobium_sp._PUT101|XYX37671.1	Bradyrhizobium_sp._PUT101	86.490	829	83.1494	93.6723	0.0	1041
OSBS-85-1-No|nifH|consensus50|pass_mixed_possible_multitemplate	nifH|Bradyrhizobium_sp._PUT101|XYX37671.1	Bradyrhizobium_sp._PUT101	82.027	829	83.1494	93.6723	0.0	940
OSBS-85-1-Rh|nifH|consensus50|pass_mixed_possible_multitemplate	nifH|Bradyrhizobium_sp._PUT101|XYX37671.1	Bradyrhizobium_sp._PUT101	85.283	829	83.1494	93.6723	0.0	1014
OSBS-8-5-No|nifH|consensus50|pass_mixed_possible_multitemplate	nifH|Mesorhizobium_sp._AaZ16|XIK06011.1	Mesorhizobium_sp._AaZ16	84.477	831	83.3501	92.9530	0.0	993
OSBS-8-5-Ro|nifH|consensus50|pass_mixed_possible_multitemplate	nifH|Microvirga_sp._KLBC_81|PVE21514.1	Microvirga_sp._KLBC_81	85.024	828	83.0491	92.6174	0.0	1052
OSBS-86-1-No|nifH|consensus50|pass_mixed_possible_multitemplate	nifH|Mesorhizobium_sp._AaZ16|XIK06011.1	Mesorhizobium_sp._AaZ16	84.493	819	82.1464	91.6107	0.0	1040
OSBS-86-1-Rh|nifH|consensus50|pass_mixed_possible_multitemplate	nifH|Microvirga_lotononidis|WQO30062.1	Microvirga_lotononidis	86.496	822	82.4473	91.9463	0.0	1028
OSBS-86-1-Ro|nifH|consensus50|pass_mixed_possible_multitemplate	nifH|Bradyrhizobium_sp._PUT101|XYX37671.1	Bradyrhizobium_sp._PUT101	86.731	829	83.1494	93.6723	0.0	1032
OSBS-88-1-Ro|nifH|consensus50|pass_mixed_possible_multitemplate	nifH|Mesorhizobium_sp._AaZ16|XIK06011.1	Mesorhizobium_sp._AaZ16	82.792	831	83.3501	92.9530	0.0	956
OSBS-89-1-No|nifH|consensus50|pass_mixed_possible_multitemplate	nifH|Mesorhizobium_sp._WSM4083|XXN81638.1	Mesorhizobium_sp._WSM4083	84.550	822	82.4473	91.9463	0.0	962
OSBS-89-1-Rh|nifH|consensus50|pass_mixed_possible_multitemplate	nifH|Bradyrhizobium_sp._PUT101|XYX37671.1	Bradyrhizobium_sp._PUT101	84.801	829	83.1494	93.6723	0.0	978
OSBS-95-3-Rh|nifH|consensus50|pass_mixed_possible_multitemplate	nifH|Microvirga_vignae|KLK90290.1	Microvirga_vignae	85.006	827	82.9488	92.5056	0.0	986
OSBS-95-3-Ro|nifH|consensus50|pass_mixed_possible_multitemplate	nifH|Mesorhizobium_sp._WSM4083|XXN81638.1	Mesorhizobium_sp._WSM4083	86.325	819	82.1464	91.6107	0.0	1018
OSBS-97-2-Rh|nifH|consensus50|pass_mixed_possible_multitemplate	nifH|Microvirga_sp._RSM25|XKE00370.1	Microvirga_sp._RSM25	82.906	819	82.1464	91.6107	0.0	908
OSBS-99-No|nifH|consensus50|pass_mixed_possible_multitemplate	nifH|Mesorhizobium_sp._AaZ16|XIK06011.1	Mesorhizobium_sp._AaZ16	91.667	816	81.8455	91.2752	0.0	1207
OSBS-99-Ro|nifH|consensus50|pass_mixed_possible_multitemplate	nifH|Sinorhizobium_meliloti_(Rhizobium_meliloti)|XEM22073.1	Sinorhizobium_meliloti_(Rhizobium_meliloti)	87.010	816	81.8455	91.2752	0.0	1081
OSBS-DETR-64-3-Rh|nifH|consensus50|pass_single_dominant	nifH|Mesorhizobium_sp._AaZ16|XIK06011.1	Mesorhizobium_sp._AaZ16	88.527	828	83.0491	92.6174	0.0	1096
OSBS-DETR-64-3-Ro|nifH|consensus50|pass_mixed_possible_multitemplate	nifH|Microvirga_sp._RSM25|XKE00370.1	Microvirga_sp._RSM25	82.662	819	82.1464	91.6107	0.0	934
OSBS-LEHI-62-5-Ro|nifH|consensus50|pass_single_dominant	nifH|Ensifer_canadensis|UBI79453.1	Ensifer_canadensis	87.072	789	79.1374	88.2550	0.0	967
OSBS-TEVI-61-4-No|nifH|consensus50|pass_single_dominant	nifH|Ensifer_canadensis|UBI79453.1	Ensifer_canadensis	81.127	816	81.8455	91.2752	0.0	803
RMNP-1-No|nifH|consensus50|pass_single_dominant	nifH|Mesorhizobium_sp._AaZ16|XIK06011.1	Mesorhizobium_sp._AaZ16	93.284	819	82.1464	91.6107	0.0	1237
RMNP-1-Rh|nifH|consensus50|pass_mixed_possible_multitemplate	nifH|Microvirga_lotononidis|WQO30062.1	Microvirga_lotononidis	84.493	819	82.1464	91.6107	0.0	988
RMNP-1-Ro|nifH|consensus50|pass_single_dominant	nifH|Microvirga_sp._RSM25|XKE00370.1	Microvirga_sp._RSM25	89.000	800	80.2407	89.4855	0.0	1085
RMNP-2-No|nifH|consensus50|pass_single_dominant	nifH|Mesorhizobium_sp._AaZ16|XIK06011.1	Mesorhizobium_sp._AaZ16	93.939	792	79.4383	88.5906	0.0	1213
RMNP-2-Rh|nifH|consensus50|pass_single_dominant	nifH|Mesorhizobium_sp._AaZ16|XIK06011.1	Mesorhizobium_sp._AaZ16	93.481	813	81.5446	90.9396	0.0	1228
RMNP-2-Ro|nifH|consensus50|pass_mixed_possible_multitemplate	nifH|Microvirga_sp._KLBC_81|PVE21514.1	Microvirga_sp._KLBC_81	88.999	809	81.1434	90.4922	0.0	1104
RMNP-3-No|nifH|consensus50|pass_mixed_possible_multitemplate	nifH|Mesorhizobium_sp._AaZ16|XIK06011.1	Mesorhizobium_sp._AaZ16	88.321	822	82.4473	91.9463	0.0	1144
RMNP-3-Rh|nifH|consensus50|pass_mixed_possible_multitemplate	nifH|Microvirga_lotononidis|WQO30062.1	Microvirga_lotononidis	86.275	816	81.8455	91.2752	0.0	1009
RMNP-3-Ro|nifH|consensus50|pass_mixed_possible_multitemplate	nifH|Mesorhizobium_sp._AaZ16|XIK06011.1	Mesorhizobium_sp._AaZ16	86.447	819	82.1464	91.6107	0.0	1062
RMNP-4-No|nifH|consensus50|pass_mixed_possible_multitemplate	nifH|Sinorhizobium_meliloti_(Rhizobium_meliloti)|XEM22073.1	Sinorhizobium_meliloti_(Rhizobium_meliloti)	84.191	816	81.8455	91.2752	0.0	953
RMNP-4-Rh|nifH|consensus50|pass_single_dominant	nifH|Bradyrhizobium_sp._PUT101|XYX37671.1	Bradyrhizobium_sp._PUT101	87.093	829	83.1494	93.6723	0.0	1022
RMNP-5-1-No|nifH|consensus50|pass_mixed_possible_multitemplate	nifH|Mesorhizobium_sp._WSM4083|XXN81638.1	Mesorhizobium_sp._WSM4083	87.500	816	81.8455	91.2752	0.0	1065
SCBI-10-1-No|nifH|consensus50|pass_mixed_possible_multitemplate	nifH|Mesorhizobium_sp._WSM4083|XXN81638.1	Mesorhizobium_sp._WSM4083	88.005	792	79.4383	88.5906	0.0	1022
SCBI-10-1-Rh|nifH|consensus50|pass_mixed_possible_multitemplate	nifH|Microvirga_sp._KLBC_81|PVE21514.1	Microvirga_sp._KLBC_81	85.943	811	81.3440	90.7159	0.0	986
SCBI-1-1-Rh|nifH|consensus50|pass_mixed_possible_multitemplate	nifH|Sinorhizobium_meliloti_(Rhizobium_meliloti)|XHY72514.1	Sinorhizobium_meliloti_(Rhizobium_meliloti)	83.456	816	81.8455	91.2752	0.0	956
SCBI-12-1-No|nifH|consensus50|pass_mixed_possible_multitemplate	nifH|Bradyrhizobium_ottawaense|XZF72199.1	Bradyrhizobium_ottawaense	84.615	832	83.4504	94.0113	0.0	962
SCBI-12-1-Rh|nifH|consensus50|pass_mixed_possible_multitemplate	nifH|Bradyrhizobium_sp._PUT101|XYX37671.1	Bradyrhizobium_sp._PUT101	83.836	829	83.1494	93.6723	0.0	971
SCBI-12-1-Ro|nifH|consensus50|pass_mixed_possible_multitemplate	nifH|Bradyrhizobium_ottawaense|XZF72199.1	Bradyrhizobium_ottawaense	85.132	834	83.6510	94.2373	0.0	972
SCBI-13-1-No|nifH|consensus50|pass_mixed_possible_multitemplate	nifH|Mesorhizobium_sp._WSM4083|XXN81638.1	Mesorhizobium_sp._WSM4083	84.926	816	81.8455	91.2752	0.0	950
SCBI-13-1-Rh|nifH|consensus50|pass_mixed_possible_multitemplate	nifH|Bradyrhizobium_sp._PUT101|XYX37671.1	Bradyrhizobium_sp._PUT101	87.214	829	83.1494	93.6723	0.0	1036
SCBI-13-1-Ro|nifH|consensus50|pass_mixed_possible_multitemplate	nifH|Mesorhizobium_sp._AaZ16|XIK06011.1	Mesorhizobium_sp._AaZ16	83.333	822	82.4473	91.9463	0.0	972
SCBI-2-1-Rh|nifH|consensus50|pass_mixed_possible_multitemplate	nifH|Sinorhizobium_meliloti_(Rhizobium_meliloti)|XEM22073.1	Sinorhizobium_meliloti_(Rhizobium_meliloti)	89.636	714	71.6148	79.8658	0.0	1000
SCBI-3-1-Ro|nifH|consensus50|pass_mixed_possible_multitemplate	nifH|Bradyrhizobium_sp._PUT101|XYX37671.1	Bradyrhizobium_sp._PUT101	83.434	827	82.9488	93.4463	0.0	983
SCBI-4-1-Rh|nifH|consensus50|pass_single_dominant	nifH|Bradyrhizobium_ottawaense|XZF72199.1	Bradyrhizobium_ottawaense	84.680	829	83.1494	93.6723	0.0	948
SCBI-5-1-No|nifH|consensus50|pass_single_dominant	nifH|Neorhizobium_galegae|AIY31028.1	Neorhizobium_galegae	98.930	748	75.0251	98.4211	0.0	1314
SCBI-6-1-Rh|nifH|consensus50|pass_mixed_possible_multitemplate	nifH|Mesorhizobium_sp._WSM4083|XXN81638.1	Mesorhizobium_sp._WSM4083	81.685	819	82.1464	91.6107	0.0	906
SCBI-6-1-Ro|nifH|consensus50|pass_mixed_possible_multitemplate	nifH|Mesorhizobium_sp._AaZ16|XIK06011.1	Mesorhizobium_sp._AaZ16	83.883	819	82.1464	91.6107	0.0	985
SCBI-7-1-No|nifH|consensus50|pass_mixed_possible_multitemplate	nifH|Rhizobium_leguminosarum|XYR18004.1	Rhizobium_leguminosarum	89.480	827	82.9488	92.5056	0.0	1116
SCBI-7-1-Rh|nifH|consensus50|pass_mixed_possible_multitemplate	nifH|Burkholderia_vietnamiensis|KVE92620.1	Burkholderia_vietnamiensis	80.552	833	83.5507	94.4444	0.0	925
SCBI-7-1-Ro|nifH|consensus50|pass_mixed_possible_multitemplate	nifH|Microvirga_lotononidis|WQO30062.1	Microvirga_lotononidis	81.894	834	83.6510	93.2886	0.0	972
SCBI-8-2-Ro|nifH|consensus50|pass_mixed_possible_multitemplate	nifH|Sinorhizobium_meliloti_(Rhizobium_meliloti)|XEM22073.1	Sinorhizobium_meliloti_(Rhizobium_meliloti)	84.005	819	82.1464	91.6107	0.0	968
SCBI-9-2-Rh|nifH|consensus50|pass_mixed_possible_multitemplate	nifH|Bradyrhizobium_sp._PUT101|XYX37671.1	Bradyrhizobium_sp._PUT101	83.233	829	83.1494	93.6723	0.0	965
SERC-3-1-Ro|nifH|consensus50|pass_single_dominant	nifH|Rhizobium_azibense|CAO4004957.1	Rhizobium_azibense	87.719	798	80.0401	89.2617	0.0	1045
SERC-5-1-No|nifH|consensus50|pass_mixed_possible_multitemplate	nifH|Microvirga_sp._KLBC_81|PVE21514.1	Microvirga_sp._KLBC_81	84.885	827	82.9488	92.5056	0.0	970
SERC-5-1-Rh|nifH|consensus50|pass_mixed_possible_multitemplate	nifH|Microvirga_lotononidis|WQO30062.1	Microvirga_lotononidis	80.340	824	82.6479	92.1700	0.0	889
SJER-1-1-No|nifH|consensus50|pass_single_dominant	nifH|Bradyrhizobium_sp._PUT101|XYX37671.1	Bradyrhizobium_sp._PUT101	82.750	829	83.1494	93.6723	0.0	890
SJER-1-1-Ro|nifH|consensus50|pass_mixed_possible_multitemplate	nifH|Sinorhizobium_meliloti_(Rhizobium_meliloti)|XEM22073.1	Sinorhizobium_meliloti_(Rhizobium_meliloti)	82.418	819	82.1464	91.6107	0.0	898
SJER-2-3-No|nifH|consensus50|pass_single_dominant	nifH|Rhizobium_leguminosarum|XYR18004.1	Rhizobium_leguminosarum	87.500	816	81.8455	91.2752	0.0	1025
SJER-2-3-Ro|nifH|consensus50|pass_mixed_possible_multitemplate	nifH|Mesorhizobium_sp._WSM4083|XXN81638.1	Mesorhizobium_sp._WSM4083	84.550	822	82.4473	91.9463	0.0	981
SJER-4-1-Ro|nifH|consensus50|pass_mixed_possible_multitemplate	nifH|Bradyrhizobium_sp._PUT101|XYX37671.1	Bradyrhizobium_sp._PUT101	83.192	827	82.9488	93.4463	0.0	939
SJER-5-1-Rh|nifH|consensus50|pass_mixed_possible_multitemplate	nifH|Microvirga_sp._KLBC_81|PVE21514.1	Microvirga_sp._KLBC_81	83.456	816	81.8455	91.2752	0.0	916
SRER-10-1-No|nifH|consensus50|pass_single_dominant	nifH|Mesorhizobium_sp._AaZ16|XIK06011.1	Mesorhizobium_sp._AaZ16	93.162	819	82.1464	91.6107	0.0	1227
SRER-10-1-Rh|nifH|consensus50|pass_single_dominant	nifH|Mesorhizobium_sp._AaZ16|XIK06011.1	Mesorhizobium_sp._AaZ16	92.935	821	82.3470	91.8345	0.0	1231
SRER-10-1-Ro|nifH|consensus50|pass_mixed_possible_multitemplate	nifH|Mesorhizobium_sp._AaZ16|XIK06011.1	Mesorhizobium_sp._AaZ16	91.019	824	82.6479	92.1700	0.0	1205
SRER-11-1-No|nifH|consensus50|pass_mixed_possible_multitemplate	nifH|Mesorhizobium_sp._AaZ16|XIK06011.1	Mesorhizobium_sp._AaZ16	92.105	798	80.0401	89.2617	0.0	1199
SRER-11-1-Rh|nifH|consensus50|pass_mixed_possible_multitemplate	nifH|Mesorhizobium_sp._AaZ16|XIK06011.1	Mesorhizobium_sp._AaZ16	93.407	819	82.1464	91.6107	0.0	1296
SRER-11-1-Ro|nifH|consensus50|pass_mixed_possible_multitemplate	nifH|Mesorhizobium_sp._AaZ16|XIK06011.1	Mesorhizobium_sp._AaZ16	90.268	822	82.4473	91.9463	0.0	1205
SRER-1-1-No|nifH|consensus50|pass_single_dominant	nifH|Mesorhizobium_sp._AaZ16|XIK06011.1	Mesorhizobium_sp._AaZ16	93.040	819	82.1464	91.6107	0.0	1221
SRER-1-1-Rh|nifH|consensus50|pass_mixed_possible_multitemplate	nifH|Mesorhizobium_sp._AaZ16|XIK06011.1	Mesorhizobium_sp._AaZ16	89.659	822	82.4473	91.9463	0.0	1177
SRER-1-1-Ro|nifH|consensus50|pass_mixed_possible_multitemplate	nifH|Mesorhizobium_sp._AaZ16|XIK06011.1	Mesorhizobium_sp._AaZ16	92.918	819	82.1464	91.6107	0.0	1236
SRER-12-1-No|nifH|consensus50|pass_mixed_possible_multitemplate	nifH|Mesorhizobium_sp._AaZ16|XIK06011.1	Mesorhizobium_sp._AaZ16	91.729	798	80.0401	89.2617	0.0	1186
SRER-12-1-Rh|nifH|consensus50|pass_mixed_possible_multitemplate	nifH|Mesorhizobium_sp._AaZ16|XIK06011.1	Mesorhizobium_sp._AaZ16	91.141	824	82.6479	92.1700	0.0	1215
SRER-12-1-Ro|nifH|consensus50|pass_mixed_possible_multitemplate	nifH|Mesorhizobium_sp._AaZ16|XIK06011.1	Mesorhizobium_sp._AaZ16	91.095	831	83.3501	92.9530	0.0	1195
SRER-13-1-No|nifH|consensus50|pass_single_dominant	nifH|Mesorhizobium_sp._AaZ16|XIK06011.1	Mesorhizobium_sp._AaZ16	93.187	822	82.4473	91.9463	0.0	1231
SRER-13-1-Rh|nifH|consensus50|pass_single_dominant	nifH|Mesorhizobium_sp._AaZ16|XIK06011.1	Mesorhizobium_sp._AaZ16	92.647	816	81.8455	91.2752	0.0	1213
SRER-13-1-Ro|nifH|consensus50|pass_single_dominant	nifH|Mesorhizobium_sp._AaZ16|XIK06011.1	Mesorhizobium_sp._AaZ16	92.840	824	82.6479	92.1700	0.0	1221
SRER-14-1-No|nifH|consensus50|pass_single_dominant	nifH|Mesorhizobium_sp._AaZ16|XIK06011.1	Mesorhizobium_sp._AaZ16	92.944	822	82.4473	91.9463	0.0	1222
SRER-14-1-Rh|nifH|consensus50|pass_mixed_possible_multitemplate	nifH|Mesorhizobium_sp._AaZ16|XIK06011.1	Mesorhizobium_sp._AaZ16	91.209	819	82.1464	91.6107	0.0	1202
SRER-14-1-Ro|nifH|consensus50|pass_mixed_possible_multitemplate	nifH|Mesorhizobium_sp._AaZ16|XIK06011.1	Mesorhizobium_sp._AaZ16	92.354	824	82.6479	92.1700	0.0	1230
SRER-15-1-No|nifH|consensus50|pass_single_dominant	nifH|Mesorhizobium_sp._AaZ16|XIK06011.1	Mesorhizobium_sp._AaZ16	92.525	816	81.8455	91.2752	0.0	1212
SRER-15-1-Rh|nifH|consensus50|pass_mixed_possible_multitemplate	nifH|Mesorhizobium_sp._AaZ16|XIK06011.1	Mesorhizobium_sp._AaZ16	90.842	819	82.1464	91.6107	0.0	1201
SRER-15-1-Ro|nifH|consensus50|pass_single_dominant	nifH|Mesorhizobium_sp._AaZ16|XIK06011.1	Mesorhizobium_sp._AaZ16	92.796	819	82.1464	91.6107	0.0	1219
SRER-16-1-No|nifH|consensus50|pass_single_dominant	nifH|Mesorhizobium_sp._AaZ16|XIK06011.1	Mesorhizobium_sp._AaZ16	97.070	819	82.1464	91.6107	0.0	1370
SRER-16-1-Rh|nifH|consensus50|pass_mixed_possible_multitemplate	nifH|Mesorhizobium_sp._AaZ16|XIK06011.1	Mesorhizobium_sp._AaZ16	91.961	821	82.3470	91.8345	0.0	1245
SRER-16-1-Ro|nifH|consensus50|pass_mixed_possible_multitemplate	nifH|Mesorhizobium_sp._AaZ16|XIK06011.1	Mesorhizobium_sp._AaZ16	92.745	827	82.9488	92.5056	0.0	1285
SRER-17-1-No|nifH|consensus50|pass_single_dominant	nifH|Mesorhizobium_sp._AaZ16|XIK06011.1	Mesorhizobium_sp._AaZ16	92.796	819	82.1464	91.6107	0.0	1212
SRER-17-1-Rh|nifH|consensus50|pass_mixed_possible_multitemplate	nifH|Mesorhizobium_sp._AaZ16|XIK06011.1	Mesorhizobium_sp._AaZ16	90.831	818	82.0461	91.4989	0.0	1223
SRER-17-1-Ro|nifH|consensus50|pass_mixed_possible_multitemplate	nifH|Microvirga_sp._KLBC_81|PVE21514.1	Microvirga_sp._KLBC_81	90.012	821	82.3470	91.8345	0.0	1180
SRER-18-1-No|nifH|consensus50|pass_mixed_possible_multitemplate	nifH|Mesorhizobium_sp._AaZ16|XIK06011.1	Mesorhizobium_sp._AaZ16	90.382	811	81.3440	90.7159	0.0	1220
SRER-18-1-Rh|nifH|consensus50|pass_single_dominant	nifH|Mesorhizobium_sp._AaZ16|XIK06011.1	Mesorhizobium_sp._AaZ16	92.796	819	82.1464	91.6107	0.0	1212
SRER-18-1-Ro|nifH|consensus50|pass_single_dominant	nifH|Mesorhizobium_sp._AaZ16|XIK06011.1	Mesorhizobium_sp._AaZ16	92.892	816	81.8455	91.2752	0.0	1211
SRER-2-1-No|nifH|consensus50|pass_single_dominant	nifH|Mesorhizobium_sp._AaZ16|XIK06011.1	Mesorhizobium_sp._AaZ16	93.333	795	79.7392	88.9262	0.0	1196
SRER-2-1-Rh|nifH|consensus50|pass_mixed_possible_multitemplate	nifH|Microvirga_lotononidis|WQO30062.1	Microvirga_lotononidis	85.338	798	80.0401	89.2617	0.0	1048
SRER-2-1-Ro|nifH|consensus50|pass_mixed_possible_multitemplate	nifH|Mesorhizobium_sp._AaZ16|XIK06011.1	Mesorhizobium_sp._AaZ16	90.354	819	82.1464	91.6107	0.0	1187
SRER-3-1-No|nifH|consensus50|pass_single_dominant	nifH|Mesorhizobium_sp._AaZ16|XIK06011.1	Mesorhizobium_sp._AaZ16	92.918	819	82.1464	91.6107	0.0	1216
SRER-3-1-Rh|nifH|consensus50|pass_mixed_possible_multitemplate	nifH|Mesorhizobium_sp._AaZ16|XIK06011.1	Mesorhizobium_sp._AaZ16	91.415	827	82.9488	92.5056	0.0	1203
SRER-3-1-Ro|nifH|consensus50|pass_single_dominant	nifH|Mesorhizobium_sp._AaZ16|XIK06011.1	Mesorhizobium_sp._AaZ16	92.918	819	82.1464	91.6107	0.0	1216
SRER-4-1-No|nifH|consensus50|pass_single_dominant	nifH|Mesorhizobium_sp._AaZ16|XIK06011.1	Mesorhizobium_sp._AaZ16	97.484	795	79.7392	88.9262	0.0	1348
SRER-4-1-Ro|nifH|consensus50|pass_mixed_possible_multitemplate	nifH|Mesorhizobium_sp._AaZ16|XIK06011.1	Mesorhizobium_sp._AaZ16	89.487	818	82.0461	91.4989	0.0	1178
SRER-5-1-No|nifH|consensus50|pass_mixed_possible_multitemplate	nifH|Mesorhizobium_sp._AaZ16|XIK06011.1	Mesorhizobium_sp._AaZ16	90.447	827	82.9488	92.5056	0.0	1190
SRER-5-1-Ro|nifH|consensus50|pass_mixed_possible_multitemplate	nifH|Mesorhizobium_sp._AaZ16|XIK06011.1	Mesorhizobium_sp._AaZ16	90.887	812	81.4443	90.8277	0.0	1186
SRER-6-1-No|nifH|consensus50|pass_single_dominant	nifH|Mesorhizobium_sp._AaZ16|XIK06011.1	Mesorhizobium_sp._AaZ16	92.745	827	82.9488	92.5056	0.0	1222
SRER-6-1-Rh|nifH|consensus50|pass_single_dominant	nifH|Mesorhizobium_sp._AaZ16|XIK06011.1	Mesorhizobium_sp._AaZ16	93.649	803	80.5416	89.8210	0.0	1242
SRER-6-1-Ro|nifH|consensus50|pass_single_dominant	nifH|Mesorhizobium_sp._AaZ16|XIK06011.1	Mesorhizobium_sp._AaZ16	92.701	822	82.4473	91.9463	0.0	1214
SRER-7-1-No|nifH|consensus50|pass_single_dominant	nifH|Mesorhizobium_sp._AaZ16|XIK06011.1	Mesorhizobium_sp._AaZ16	92.543	818	82.0461	91.4989	0.0	1201
SRER-7-1-Rh|nifH|consensus50|pass_single_dominant	nifH|Mesorhizobium_sp._AaZ16|XIK06011.1	Mesorhizobium_sp._AaZ16	92.674	819	82.1464	91.6107	0.0	1213
SRER-7-1-Ro|nifH|consensus50|pass_single_dominant	nifH|Mesorhizobium_sp._AaZ16|XIK06011.1	Mesorhizobium_sp._AaZ16	92.579	822	82.4473	91.9463	0.0	1214
SRER-8-1-No|nifH|consensus50|pass_single_dominant	nifH|Mesorhizobium_sp._AaZ16|XIK06011.1	Mesorhizobium_sp._AaZ16	93.333	795	79.7392	88.9262	0.0	1196
SRER-8-1-Rh|nifH|consensus50|pass_mixed_possible_multitemplate	nifH|Mesorhizobium_sp._AaZ16|XIK06011.1	Mesorhizobium_sp._AaZ16	91.209	819	82.1464	91.6107	0.0	1195
SRER-8-1-Ro|nifH|consensus50|pass_single_dominant	nifH|Mesorhizobium_sp._AaZ16|XIK06011.1	Mesorhizobium_sp._AaZ16	92.336	809	81.1434	90.4922	0.0	1182
SRER-9-1-No|nifH|consensus50|pass_mixed_possible_multitemplate	nifH|Mesorhizobium_sp._AaZ16|XIK06011.1	Mesorhizobium_sp._AaZ16	91.698	795	79.7392	88.9262	0.0	1191
SRER-9-1-Rh|nifH|consensus50|pass_mixed_possible_multitemplate	nifH|Mesorhizobium_sp._AaZ16|XIK06011.1	Mesorhizobium_sp._AaZ16	92.063	819	82.1464	91.6107	0.0	1235
SRER-9-1-Ro|nifH|consensus50|pass_single_dominant	nifH|Mesorhizobium_sp._AaZ16|XIK06011.1	Mesorhizobium_sp._AaZ16	93.137	816	81.8455	91.2752	0.0	1220
TALL-10-4-No|nifH|consensus50|pass_mixed_possible_multitemplate	nifH|Bradyrhizobium_sp._PUT101|XYX37671.1	Bradyrhizobium_sp._PUT101	86.007	829	83.1494	93.6723	0.0	1022
TALL-12-2-No|nifH|consensus50|pass_single_dominant	nifH|Mesorhizobium_sp._AaZ16|XIK06011.1	Mesorhizobium_sp._AaZ16	85.973	827	82.9488	92.5056	0.0	975
TALL-12-2-Ro|nifH|consensus50|pass_mixed_possible_multitemplate	nifH|Mesorhizobium_sp._AaZ16|XIK06011.1	Mesorhizobium_sp._AaZ16	84.892	834	83.6510	93.2886	0.0	980
TALL-13-3-No|nifH|consensus50|pass_single_dominant	nifH|Neorhizobium_galegae|AIY31028.1	Neorhizobium_galegae	99.332	748	75.0251	98.4211	0.0	1327
TALL-13-3-Ro|nifH|consensus50|pass_single_dominant	nifH|Mesorhizobium_sp._AaZ16|XIK06011.1	Mesorhizobium_sp._AaZ16	87.713	822	82.4473	91.9463	0.0	1040
TALL-15-2-No|nifH|consensus50|pass_single_dominant	nifH|Mesorhizobium_sp._AaZ16|XIK06011.1	Mesorhizobium_sp._AaZ16	90.373	831	83.3501	92.9530	0.0	1137
TALL-15-2-Ro|nifH|consensus50|pass_mixed_possible_multitemplate	nifH|Mesorhizobium_sp._AaZ16|XIK06011.1	Mesorhizobium_sp._AaZ16	83.394	819	82.1464	91.6107	0.0	983
TALL-16-Rh|nifH|consensus50|pass_mixed_possible_multitemplate	nifH|Bradyrhizobium_sp._PUT101|XYX37671.1	Bradyrhizobium_sp._PUT101	81.423	829	83.1494	93.6723	0.0	919
TALL-16-Ro|nifH|consensus50|pass_mixed_possible_multitemplate	nifH|Microvirga_lotononidis|WQO30062.1	Microvirga_lotononidis	84.337	830	83.2497	92.8412	0.0	977
TALL-17-2-No|nifH|consensus50|pass_mixed_possible_multitemplate	nifH|Bradyrhizobium_sp._PUT101|XYX37671.1	Bradyrhizobium_sp._PUT101	84.077	829	83.1494	93.6723	0.0	967
TALL-17-2-Rh|nifH|consensus50|pass_mixed_possible_multitemplate	nifH|Bradyrhizobium_sp._PUT101|XYX37671.1	Bradyrhizobium_sp._PUT101	86.852	829	83.1494	93.6723	0.0	1057
TALL-18-1-No|nifH|consensus50|pass_single_dominant	nifH|Ensifer_canadensis|UBI79453.1	Ensifer_canadensis	84.615	819	82.1464	91.6107	0.0	930
TALL-18-1-Rh|nifH|consensus50|pass_mixed_possible_multitemplate	nifH|Bradyrhizobium_sp._PUT101|XYX37671.1	Bradyrhizobium_sp._PUT101	86.007	829	83.1494	93.6723	0.0	1005
TALL-19-2-No|nifH|consensus50|pass_mixed_possible_multitemplate	nifH|Mesorhizobium_sp._AaZ16|XIK06011.1	Mesorhizobium_sp._AaZ16	85.181	830	83.2497	92.8412	0.0	972
TALL-20-1-No|nifH|consensus50|pass_single_dominant	nifH|Bradyrhizobium_sp._PUT101|XYX37671.1	Bradyrhizobium_sp._PUT101	83.333	828	83.0491	93.5593	0.0	910
TALL-21-2-Ro|nifH|consensus50|pass_mixed_possible_multitemplate	nifH|Sinorhizobium_meliloti_(Rhizobium_meliloti)|XEM22073.1	Sinorhizobium_meliloti_(Rhizobium_meliloti)	81.387	822	82.4473	91.9463	0.0	873
TALL-22-Ro|nifH|consensus50|pass_single_dominant	nifH|Sinorhizobium_meliloti_(Rhizobium_meliloti)|XEM22073.1	Sinorhizobium_meliloti_(Rhizobium_meliloti)	83.516	819	82.1464	91.6107	0.0	920
TALL-23-2-No|nifH|consensus50|pass_mixed_possible_multitemplate	nifH|Bradyrhizobium_sp._PUT101|XYX37671.1	Bradyrhizobium_sp._PUT101	82.027	829	83.1494	93.6723	0.0	919
TALL-23-2-Ro|nifH|consensus50|pass_mixed_possible_multitemplate	nifH|Bradyrhizobium_sp._PUT101|XYX37671.1	Bradyrhizobium_sp._PUT101	84.922	829	83.1494	93.6723	0.0	1000
TALL-2-3-No|nifH|consensus50|pass_mixed_possible_multitemplate	nifH|Mesorhizobium_caraganae|CAN7239890.1	Mesorhizobium_caraganae	81.205	830	83.2497	92.8412	0.0	850
TALL-2-3-Rh|nifH|consensus50|pass_mixed_possible_multitemplate	nifH|Rhizobium_sp._YTUHZ044|XXA98993.1	Rhizobium_sp._YTUHZ044	81.598	826	82.8485	92.3937	0.0	894
TALL-2-3-Ro|nifH|consensus50|pass_mixed_possible_multitemplate	nifH|Mesorhizobium_sp._AaZ16|XIK06011.1	Mesorhizobium_sp._AaZ16	85.280	822	82.4473	91.9463	0.0	1015
TALL-24-2-No|nifH|consensus50|pass_single_dominant	nifH|Mesorhizobium_sp._AaZ16|XIK06011.1	Mesorhizobium_sp._AaZ16	90.110	819	82.1464	91.6107	0.0	1116
TALL-24-2-Rh|nifH|consensus50|pass_mixed_possible_multitemplate	nifH|Bradyrhizobium_sp._PUT101|XYX37671.1	Bradyrhizobium_sp._PUT101	82.992	829	83.1494	93.6723	0.0	939
TALL-24-2-Ro|nifH|consensus50|pass_mixed_possible_multitemplate	nifH|Mesorhizobium_sp._AaZ16|XIK06011.1	Mesorhizobium_sp._AaZ16	84.672	822	82.4473	91.9463	0.0	1038
TALL-25-2-No|nifH|consensus50|pass_single_dominant	nifH|Mesorhizobium_sp._AaZ16|XIK06011.1	Mesorhizobium_sp._AaZ16	85.852	827	82.9488	92.5056	0.0	976
TALL-25-2-Rh|nifH|consensus50|pass_mixed_possible_multitemplate	nifH|Bradyrhizobium_sp._PUT101|XYX37671.1	Bradyrhizobium_sp._PUT101	85.042	829	83.1494	93.6723	0.0	976
TALL-25-2-Ro|nifH|consensus50|pass_mixed_possible_multitemplate	nifH|Mesorhizobium_sp._WSM4083|XXN81638.1	Mesorhizobium_sp._WSM4083	84.860	819	82.1464	91.6107	0.0	1024
TALL-26-3-Rh|nifH|consensus50|pass_single_dominant	nifH|Mesorhizobium_sp._AaZ16|XIK06011.1	Mesorhizobium_sp._AaZ16	87.062	827	82.9488	92.5056	0.0	1017
TALL-28-1-No|nifH|consensus50|pass_mixed_possible_multitemplate	nifH|Mesorhizobium_sp._AaZ16|XIK06011.1	Mesorhizobium_sp._AaZ16	84.039	827	82.9488	92.5056	0.0	955
TALL-28-1-Ro|nifH|consensus50|pass_mixed_possible_multitemplate	nifH|Ensifer_canadensis|UBI79453.1	Ensifer_canadensis	83.946	816	81.8455	91.2752	0.0	945
TALL-29-3-No|nifH|consensus50|pass_mixed_possible_multitemplate	nifH|Mesorhizobium_caraganae|CAN7239890.1	Mesorhizobium_caraganae	82.950	827	82.9488	92.5056	0.0	921
TALL-29-3-Rh|nifH|consensus50|pass_mixed_possible_multitemplate	nifH|Microvirga_sp._KLBC_81|PVE21514.1	Microvirga_sp._KLBC_81	84.160	827	82.9488	92.5056	0.0	1006
TALL-29-3-Ro|nifH|consensus50|pass_mixed_possible_multitemplate	nifH|Microvirga_sp._KLBC_81|PVE21514.1	Microvirga_sp._KLBC_81	82.367	828	83.0491	92.6174	0.0	989
TALL-30-1-No|nifH|consensus50|pass_mixed_possible_multitemplate	nifH|Microvirga_sp._RSM25|XKE00370.1	Microvirga_sp._RSM25	83.942	822	82.4473	91.9463	0.0	932
TALL-30-1-Rh|nifH|consensus50|pass_mixed_possible_multitemplate	nifH|Mesorhizobium_sp._AaZ16|XIK06011.1	Mesorhizobium_sp._AaZ16	84.838	831	83.3501	92.9530	0.0	1070
TALL-30-1-Ro|nifH|consensus50|pass_mixed_possible_multitemplate	nifH|Microvirga_lotononidis|WQO30062.1	Microvirga_lotononidis	82.238	822	82.4473	91.9463	0.0	985
TALL-31-1-No|nifH|consensus50|pass_mixed_possible_multitemplate	nifH|Bradyrhizobium_sp._PUT101|XYX37671.1	Bradyrhizobium_sp._PUT101	84.922	829	83.1494	93.6723	0.0	994
TALL-31-1-Rh|nifH|consensus50|pass_mixed_possible_multitemplate	nifH|Microvirga_lotononidis|WQO30062.1	Microvirga_lotononidis	84.337	830	83.2497	92.8412	0.0	1016
TALL-32-1-No|nifH|consensus50|pass_mixed_possible_multitemplate	nifH|Bradyrhizobium_sp._PUT101|XYX37671.1	Bradyrhizobium_sp._PUT101	86.128	829	83.1494	93.6723	0.0	1035
TALL-32-1-Rh|nifH|consensus50|pass_mixed_possible_multitemplate	nifH|Rhizobium_azibense|CAO4004957.1	Rhizobium_azibense	86.813	819	82.1464	91.6107	0.0	1074
TALL-33-1-No|nifH|consensus50|pass_mixed_possible_multitemplate	nifH|Mesorhizobium_sp._AaZ16|XIK06011.1	Mesorhizobium_sp._AaZ16	81.655	834	83.6510	93.2886	0.0	889
TALL-33-1-Rh|nifH|consensus50|pass_mixed_possible_multitemplate	nifH|Microvirga_lotononidis|WQO30062.1	Microvirga_lotononidis	85.766	822	82.4473	91.9463	0.0	1017
TALL-36-1-Ro|nifH|consensus50|pass_mixed_possible_multitemplate	nifH|Bradyrhizobium_sp._PUT101|XYX37671.1	Bradyrhizobium_sp._PUT101	84.922	829	83.1494	93.6723	0.0	992
TALL-37-1-Rh|nifH|consensus50|pass_mixed_possible_multitemplate	nifH|Bradyrhizobium_sp._PUT101|XYX37671.1	Bradyrhizobium_sp._PUT101	84.801	829	83.1494	93.6723	0.0	995
TALL-39-2-Rh|nifH|consensus50|pass_single_dominant	nifH|Burkholderia_vietnamiensis|KVE58540.1	Burkholderia_vietnamiensis	82.974	834	83.6510	94.5578	0.0	900
TALL-40-1-Ro|nifH|consensus50|pass_mixed_possible_multitemplate	nifH|Bradyrhizobium_sp._PUT101|XYX37671.1	Bradyrhizobium_sp._PUT101	82.388	829	83.1494	93.6723	0.0	953
TALL-43-1-Ro|nifH|consensus50|pass_mixed_possible_multitemplate	nifH|Bradyrhizobium_sp._PUT101|XYX37671.1	Bradyrhizobium_sp._PUT101	86.007	829	83.1494	93.6723	0.0	1025
TALL-44-1-No|nifH|consensus50|pass_single_dominant	nifH|Mesorhizobium_sp._AaZ16|XIK06011.1	Mesorhizobium_sp._AaZ16	87.379	824	82.6479	92.1700	0.0	1021
TALL-44-1-Rh|nifH|consensus50|pass_mixed_possible_multitemplate	nifH|Bradyrhizobium_sp._PUT101|XYX37671.1	Bradyrhizobium_sp._PUT101	87.817	829	83.1494	93.6723	0.0	1066
TALL-46-2-No|nifH|consensus50|pass_mixed_possible_multitemplate	nifH|Mesorhizobium_sp._AaZ16|XIK06011.1	Mesorhizobium_sp._AaZ16	84.699	830	83.2497	92.8412	0.0	959
TALL-47-2-No|nifH|consensus50|pass_mixed_possible_multitemplate	nifH|Rhizobium_azibense|CAO4004957.1	Rhizobium_azibense	84.522	827	82.9488	92.5056	0.0	991
TALL-47-2-Rh|nifH|consensus50|pass_mixed_possible_multitemplate	nifH|Mesorhizobium_sp._AaZ16|XIK06011.1	Mesorhizobium_sp._AaZ16	87.302	819	82.1464	91.6107	0.0	1113
TALL-48-2-Rh|nifH|consensus50|pass_mixed_possible_multitemplate	nifH|Bradyrhizobium_sp._PUT101|XYX37671.1	Bradyrhizobium_sp._PUT101	84.680	829	83.1494	93.6723	0.0	999
TALL-49-1-Rh|nifH|consensus50|pass_single_dominant	nifH|Bradyrhizobium_sp._PUT101|XYX37671.1	Bradyrhizobium_sp._PUT101	84.560	829	83.1494	93.6723	0.0	963
TALL-50-1-No|nifH|consensus50|pass_single_dominant	nifH|Bradyrhizobium_sp._PUT101|XYX37671.1	Bradyrhizobium_sp._PUT101	83.012	830	83.2497	93.7853	0.0	892
TALL-50-1-Rh|nifH|consensus50|pass_mixed_possible_multitemplate	nifH|Bradyrhizobium_sp._PUT101|XYX37671.1	Bradyrhizobium_sp._PUT101	85.404	829	83.1494	93.6723	0.0	1000
TALL-50-1-Ro|nifH|consensus50|pass_mixed_possible_multitemplate	nifH|Mesorhizobium_sp._AaZ16|XIK06011.1	Mesorhizobium_sp._AaZ16	85.958	819	82.1464	91.6107	0.0	1026
TALL-52-1-No|nifH|consensus50|pass_single_dominant	nifH|Mesorhizobium_sp._AaZ16|XIK06011.1	Mesorhizobium_sp._AaZ16	90.170	824	82.6479	92.1700	0.0	1123
TALL-52-1-Ro|nifH|consensus50|pass_mixed_possible_multitemplate	nifH|Mesorhizobium_sp._AaZ16|XIK06011.1	Mesorhizobium_sp._AaZ16	81.763	828	83.0491	92.6174	0.0	972
TALL-5-2-No|nifH|consensus50|pass_mixed_possible_multitemplate	nifH|Microvirga_sp._KLBC_81|PVE21514.1	Microvirga_sp._KLBC_81	86.618	822	82.4473	91.9463	0.0	1020
TALL-5-2-Ro|nifH|consensus50|pass_mixed_possible_multitemplate	nifH|Ensifer_aridi|XFE90110.1	Ensifer_aridi	83.313	827	82.9488	92.5056	0.0	969
TALL-53-3-No|nifH|consensus50|pass_mixed_possible_multitemplate	nifH|Mesorhizobium_sp._AaZ16|XIK06011.1	Mesorhizobium_sp._AaZ16	83.373	830	83.2497	92.8412	0.0	924
TALL-53-3-Ro|nifH|consensus50|pass_mixed_possible_multitemplate	nifH|Rhizobium_sp._YTUHZ044|XXA98993.1	Rhizobium_sp._YTUHZ044	84.819	830	83.2497	92.8412	0.0	993
TALL-55-1-No|nifH|consensus50|pass_mixed_possible_multitemplate	nifH|Mesorhizobium_sp._AaZ16|XIK06011.1	Mesorhizobium_sp._AaZ16	83.976	830	83.2497	92.8412	0.0	961
TALL-56-1-No|nifH|consensus50|pass_mixed_possible_multitemplate	nifH|Mesorhizobium_caraganae|CAN7239890.1	Mesorhizobium_caraganae	85.073	824	82.6479	92.1700	0.0	979
TALL-59-1-No|nifH|consensus50|pass_mixed_possible_multitemplate	nifH|Mesorhizobium_sp._AaZ16|XIK06011.1	Mesorhizobium_sp._AaZ16	81.675	824	82.6479	92.1700	0.0	860
TALL-60-1-No|nifH|consensus50|pass_mixed_possible_multitemplate	nifH|Mesorhizobium_sp._WSM4083|XXN81638.1	Mesorhizobium_sp._WSM4083	82.847	822	82.4473	91.9463	0.0	952
TALL-63-1-Ro|nifH|consensus50|pass_mixed_possible_multitemplate	nifH|Microvirga_sp._KLBC_81|PVE21514.1	Microvirga_sp._KLBC_81	87.713	822	82.4473	91.9463	0.0	1075
TALL-64-1-No|nifH|consensus50|pass_single_dominant	nifH|Neorhizobium_galegae|AIY31028.1	Neorhizobium_galegae	96.257	748	75.0251	98.4211	0.0	1223
TALL-64-1-Ro|nifH|consensus50|pass_mixed_possible_multitemplate	nifH|Neorhizobium_galegae|AIY31028.1	Neorhizobium_galegae	93.583	748	75.0251	98.4211	0.0	1171
TALL-65-1-Ro|nifH|consensus50|pass_mixed_possible_multitemplate	nifH|Mesorhizobium_sp._AaZ16|XIK06011.1	Mesorhizobium_sp._AaZ16	83.976	830	83.2497	92.8412	0.0	1022
TALL-66-2-No|nifH|consensus50|pass_single_dominant	nifH|Mesorhizobium_sp._AaZ16|XIK06011.1	Mesorhizobium_sp._AaZ16	85.904	830	83.2497	92.8412	0.0	981
TALL-67-1-Rh|nifH|consensus50|pass_mixed_possible_multitemplate	nifH|Bradyrhizobium_sp._PUT101|XYX37671.1	Bradyrhizobium_sp._PUT101	84.439	829	83.1494	93.6723	0.0	968
TALL-67-1-Ro|nifH|consensus50|pass_mixed_possible_multitemplate	nifH|Rhizobium_sp._YTUHZ044|XXA98993.1	Rhizobium_sp._YTUHZ044	84.364	825	82.7482	92.2819	0.0	1078
TALL-68-2-No|nifH|consensus50|pass_mixed_possible_multitemplate	nifH|Bradyrhizobium_sp._PUT101|XYX37671.1	Bradyrhizobium_sp._PUT101	82.388	829	83.1494	93.6723	0.0	935
TALL-68-2-Rh|nifH|consensus50|pass_mixed_possible_multitemplate	nifH|Bradyrhizobium_sp._PUT101|XYX37671.1	Bradyrhizobium_sp._PUT101	86.369	829	83.1494	93.6723	0.0	1037
TALL-68-2-Ro|nifH|consensus50|pass_mixed_possible_multitemplate	nifH|Microvirga_lotononidis|WQO30062.1	Microvirga_lotononidis	83.494	830	83.2497	92.8412	0.0	985
TALL-69-1-No|nifH|consensus50|pass_mixed_possible_multitemplate	nifH|Bradyrhizobium_sp._PUT101|XYX37671.1	Bradyrhizobium_sp._PUT101	85.852	827	82.9488	93.4463	0.0	1026
TALL-69-1-Rh|nifH|consensus50|pass_mixed_possible_multitemplate	nifH|Bradyrhizobium_sp._PUT101|XYX37671.1	Bradyrhizobium_sp._PUT101	87.696	829	83.1494	93.6723	0.0	1057
TALL-69-1-Ro|nifH|consensus50|pass_mixed_possible_multitemplate	nifH|Microvirga_sp._KLBC_81|PVE21514.1	Microvirga_sp._KLBC_81	82.830	827	82.9488	92.5056	0.0	929
TALL-70-1-Rh|nifH|consensus50|pass_mixed_possible_multitemplate	nifH|Microvirga_lotononidis|WQO30062.1	Microvirga_lotononidis	85.226	819	82.1464	91.6107	0.0	1008
TALL-71-2-No|nifH|consensus50|pass_mixed_possible_multitemplate	nifH|Bradyrhizobium_sp._PUT101|XYX37671.1	Bradyrhizobium_sp._PUT101	84.337	830	83.2497	93.7853	0.0	933
TALL-71-2-Rh|nifH|consensus50|pass_mixed_possible_multitemplate	nifH|Bradyrhizobium_sp._PUT101|XYX37671.1	Bradyrhizobium_sp._PUT101	82.410	830	83.2497	93.7853	0.0	947
TALL-72-1-No|nifH|consensus50|pass_mixed_possible_multitemplate	nifH|Mesorhizobium_sp._WSM4083|XXN81638.1	Mesorhizobium_sp._WSM4083	83.090	822	82.4473	91.9463	0.0	974
TALL-72-1-Ro|nifH|consensus50|pass_mixed_possible_multitemplate	nifH|Bradyrhizobium_sp._PUT101|XYX37671.1	Bradyrhizobium_sp._PUT101	84.198	829	83.1494	93.6723	0.0	1031
TALL-72-2-No|nifH|consensus50|pass_mixed_possible_multitemplate	nifH|Burkholderia_vietnamiensis|KVE92620.1	Burkholderia_vietnamiensis	84.689	836	83.8516	94.7846	0.0	991
TALL-72-3-No|nifH|consensus50|pass_mixed_possible_multitemplate	nifH|Bradyrhizobium_sp._PUT101|XYX37671.1	Bradyrhizobium_sp._PUT101	82.750	829	83.1494	93.6723	0.0	997
TALL-7-2-No|nifH|consensus50|pass_mixed_possible_multitemplate	nifH|Bradyrhizobium_sp._PUT101|XYX37671.1	Bradyrhizobium_sp._PUT101	81.423	829	83.1494	93.6723	0.0	917
TALL-73-2-No|nifH|consensus50|pass_mixed_possible_multitemplate	nifH|Rhizobium_sp._ZK1|XON24431.1	Rhizobium_sp._ZK1	86.215	827	82.9488	92.5056	0.0	1077
TALL-73-2-Rh|nifH|consensus50|pass_mixed_possible_multitemplate	nifH|Bradyrhizobium_sp._PUT101|XYX37671.1	Bradyrhizobium_sp._PUT101	80.723	830	83.2497	93.7853	0.0	921
TALL-73-2-Ro|nifH|consensus50|pass_single_dominant	nifH|Microvirga_lotononidis|WQO30062.1	Microvirga_lotononidis	87.304	827	82.9488	92.5056	0.0	1022
TALL-74-3-No|nifH|consensus50|pass_mixed_possible_multitemplate	nifH|Rhizobium_azibense|CAO4004957.1	Rhizobium_azibense	82.310	831	83.3501	92.9530	0.0	925
TALL-74-3-Rh|nifH|consensus50|pass_mixed_possible_multitemplate	nifH|Bradyrhizobium_sp._PUT101|XYX37671.1	Bradyrhizobium_sp._PUT101	85.042	829	83.1494	93.6723	0.0	1003
TALL-74-3-Ro|nifH|consensus50|pass_mixed_possible_multitemplate	nifH|Bradyrhizobium_sp._PUT101|XYX37671.1	Bradyrhizobium_sp._PUT101	84.439	829	83.1494	93.6723	0.0	999
TALL-75-2-No|nifH|consensus50|pass_single_dominant	nifH|Mesorhizobium_sp._AaZ16|XIK06011.1	Mesorhizobium_sp._AaZ16	87.273	825	82.7482	92.2819	0.0	1022
TALL-76-3-No|nifH|consensus50|pass_single_dominant	nifH|Mesorhizobium_sp._AaZ16|XIK06011.1	Mesorhizobium_sp._AaZ16	85.360	806	80.8425	90.1566	0.0	945
TALL-78-2-No|nifH|consensus50|pass_single_dominant	nifH|Rhizobium_azibense|CAO4004957.1	Rhizobium_azibense	87.424	827	82.9488	92.5056	0.0	1036
TALL-78-2-Rh|nifH|consensus50|pass_mixed_possible_multitemplate	nifH|Microvirga_sp._RSM25|XKE00370.1	Microvirga_sp._RSM25	89.625	800	80.2407	89.4855	0.0	1120
TALL-80-1-Rh|nifH|consensus50|pass_mixed_possible_multitemplate	nifH|Mesorhizobium_sp._WSM4083|XXN81638.1	Mesorhizobium_sp._WSM4083	82.968	822	82.4473	91.9463	0.0	928
TALL-8-2-No|nifH|consensus50|pass_mixed_possible_multitemplate	nifH|Mesorhizobium_sp._WSM4083|XXN81638.1	Mesorhizobium_sp._WSM4083	84.127	819	82.1464	91.6107	0.0	939
TALL-8-2-Ro|nifH|consensus50|pass_mixed_possible_multitemplate	nifH|Bradyrhizobium_sp._PUT101|XYX37671.1	Bradyrhizobium_sp._PUT101	83.474	829	83.1494	93.6723	0.0	970
TALL-84-1-Ro|nifH|consensus50|pass_mixed_possible_multitemplate	nifH|Mesorhizobium_sp._AaZ16|XIK06011.1	Mesorhizobium_sp._AaZ16	87.952	830	83.2497	92.8412	0.0	1104
TALL-85-1-No|nifH|consensus50|pass_mixed_possible_multitemplate	nifH|Mesorhizobium_sp._AaZ16|XIK06011.1	Mesorhizobium_sp._AaZ16	86.165	824	82.6479	92.1700	0.0	1049
TALL-85-1-Rh|nifH|consensus50|pass_mixed_possible_multitemplate	nifH|Bradyrhizobium_sp._PUT101|XYX37671.1	Bradyrhizobium_sp._PUT101	86.972	829	83.1494	93.6723	0.0	1051
TALL-85-1-Ro|nifH|consensus50|pass_mixed_possible_multitemplate	nifH|Mesorhizobium_sp._AaZ16|XIK06011.1	Mesorhizobium_sp._AaZ16	86.449	797	79.9398	89.1499	0.0	1009
TALL-88-1-Ro|nifH|consensus50|pass_mixed_possible_multitemplate	nifH|Mesorhizobium_sp._WSM4083|XXN81638.1	Mesorhizobium_sp._WSM4083	84.915	822	82.4473	91.9463	0.0	987
TALL-90-1-No|nifH|consensus50|pass_single_dominant	nifH|Neorhizobium_galegae|AIY31028.1	Neorhizobium_galegae	90.186	754	75.6269	99.2105	0.0	1043
TALL-9-2-No|nifH|consensus50|pass_mixed_possible_multitemplate	nifH|Mesorhizobium_sp._WSM4083|XXN81638.1	Mesorhizobium_sp._WSM4083	81.630	822	82.4473	91.9463	0.0	894
TALL-9-2-Ro|nifH|consensus50|pass_single_dominant	nifH|Microvirga_sp._KLBC_81|PVE21514.1	Microvirga_sp._KLBC_81	88.675	830	83.2497	92.8412	0.0	1084
TEAK-1-2-Ro|nifH|consensus50|pass_mixed_possible_multitemplate	nifH|Rhizobium_sp._YTUHZ044|XXA98993.1	Rhizobium_sp._YTUHZ044	83.252	824	82.6479	92.1700	0.0	1050
TEAK-2-1-Rh|nifH|consensus50|pass_single_dominant	nifH|Rhizobium_sp._ZK1|XON24431.1	Rhizobium_sp._ZK1	90.063	795	79.7392	88.9262	0.0	1105
TEAK-3-1-Rh|nifH|consensus50|pass_mixed_possible_multitemplate	nifH|Sinorhizobium_meliloti_(Rhizobium_meliloti)|XEM22073.1	Sinorhizobium_meliloti_(Rhizobium_meliloti)	88.200	822	82.4473	91.9463	0.0	1064
TEAK-3-1-Ro|nifH|consensus50|pass_mixed_possible_multitemplate	nifH|Bradyrhizobium_sp._PUT101|XYX37671.1	Bradyrhizobium_sp._PUT101	85.766	829	83.1494	93.6723	0.0	1054
TOOL-10-No|nifH|consensus50|pass_single_dominant	nifH|Mesorhizobium_sp._AaZ16|XIK06011.1	Mesorhizobium_sp._AaZ16	92.597	824	82.6479	92.1700	0.0	1212
TOOL-10-Rh|nifH|consensus50|pass_mixed_possible_multitemplate	nifH|Mesorhizobium_sp._AaZ16|XIK06011.1	Mesorhizobium_sp._AaZ16	90.307	815	81.7452	91.1633	0.0	1156
TOOL-10-Ro|nifH|consensus50|pass_mixed_possible_multitemplate	nifH|Microvirga_sp._KLBC_81|PVE21514.1	Microvirga_sp._KLBC_81	85.486	813	81.5446	90.9396	0.0	1074
TOOL-11-No|nifH|consensus50|pass_single_dominant	nifH|Mesorhizobium_sp._AaZ16|XIK06011.1	Mesorhizobium_sp._AaZ16	92.382	827	82.9488	92.5056	0.0	1214
TOOL-11-Ro|nifH|consensus50|pass_mixed_possible_multitemplate	nifH|Mesorhizobium_sp._AaZ16|XIK06011.1	Mesorhizobium_sp._AaZ16	85.612	834	83.6510	93.2886	0.0	1045
TOOL-12-No|nifH|consensus50|pass_single_dominant	nifH|Mesorhizobium_sp._AaZ16|XIK06011.1	Mesorhizobium_sp._AaZ16	92.233	824	82.6479	92.1700	0.0	1207
TOOL-12-Ro|nifH|consensus50|pass_single_dominant	nifH|Mesorhizobium_sp._AaZ16|XIK06011.1	Mesorhizobium_sp._AaZ16	90.256	821	82.3470	91.8345	0.0	1139
TOOL-13-Rh|nifH|consensus50|pass_mixed_possible_multitemplate	nifH|Ensifer_canadensis|UBI79453.1	Ensifer_canadensis	87.833	789	79.1374	88.2550	0.0	1038
TOOL-13-Ro|nifH|consensus50|pass_single_dominant	nifH|Mesorhizobium_sp._AaZ16|XIK06011.1	Mesorhizobium_sp._AaZ16	87.831	830	83.2497	92.8412	0.0	1066
TOOL-14-No|nifH|consensus50|pass_single_dominant	nifH|Mesorhizobium_sp._AaZ16|XIK06011.1	Mesorhizobium_sp._AaZ16	92.743	813	81.5446	90.9396	0.0	1206
TOOL-14-Rh|nifH|consensus50|pass_mixed_possible_multitemplate	nifH|Mesorhizobium_sp._WSM4083|XXN81638.1	Mesorhizobium_sp._WSM4083	88.956	824	82.6479	92.1700	0.0	1114
TOOL-14-Ro|nifH|consensus50|pass_single_dominant	nifH|Microvirga_sp._KLBC_81|PVE21514.1	Microvirga_sp._KLBC_81	88.639	801	80.3410	89.5973	0.0	1037
TOOL-15-No|nifH|consensus50|pass_single_dominant	nifH|Mesorhizobium_sp._AaZ16|XIK06011.1	Mesorhizobium_sp._AaZ16	92.692	821	82.3470	91.8345	0.0	1216
TOOL-15-Ro|nifH|consensus50|pass_mixed_possible_multitemplate	nifH|Mesorhizobium_sp._AaZ16|XIK06011.1	Mesorhizobium_sp._AaZ16	85.437	824	82.6479	92.1700	0.0	1050
TOOL-16-No|nifH|consensus50|pass_single_dominant	nifH|Mesorhizobium_sp._AaZ16|XIK06011.1	Mesorhizobium_sp._AaZ16	92.803	792	79.4383	88.5906	0.0	1185
TOOL-17-Rh|nifH|consensus50|pass_single_dominant	nifH|Mesorhizobium_sp._AaZ16|XIK06011.1	Mesorhizobium_sp._AaZ16	92.271	828	83.0491	92.6174	0.0	1209
TOOL-17-Ro|nifH|consensus50|pass_mixed_possible_multitemplate	nifH|Microvirga_sp._KLBC_81|PVE21514.1	Microvirga_sp._KLBC_81	83.970	811	81.3440	90.7159	0.0	1032
TOOL-18-Rh|nifH|consensus50|pass_mixed_possible_multitemplate	nifH|Mesorhizobium_sp._AaZ16|XIK06011.1	Mesorhizobium_sp._AaZ16	89.133	819	82.1464	91.6107	0.0	1156
TOOL-19-No|nifH|consensus50|pass_mixed_possible_multitemplate	nifH|Mesorhizobium_sp._AaZ16|XIK06011.1	Mesorhizobium_sp._AaZ16	88.714	824	82.6479	92.1700	0.0	1138
TOOL-1-No|nifH|consensus50|pass_mixed_possible_multitemplate	nifH|Bradyrhizobium_sp._PUT101|XYX37671.1	Bradyrhizobium_sp._PUT101	86.610	829	83.1494	93.6723	0.0	1022
TOOL-1-Rh|nifH|consensus50|pass_single_dominant	nifH|Microvirga_lotononidis|WQO30062.1	Microvirga_lotononidis	88.480	816	81.8455	91.2752	0.0	1076
TOOL-1-Ro|nifH|consensus50|pass_mixed_possible_multitemplate	nifH|Sinorhizobium_meliloti_(Rhizobium_meliloti)|XEM22073.1	Sinorhizobium_meliloti_(Rhizobium_meliloti)	91.862	811	81.3440	90.7159	0.0	1233
TOOL-20-No|nifH|consensus50|pass_mixed_possible_multitemplate	nifH|Mesorhizobium_sp._WSM4083|XXN81638.1	Mesorhizobium_sp._WSM4083	84.127	819	82.1464	91.6107	0.0	1029
TOOL-20-Rh|nifH|consensus50|pass_mixed_possible_multitemplate	nifH|Mesorhizobium_sp._AaZ16|XIK06011.1	Mesorhizobium_sp._AaZ16	89.538	822	82.4473	91.9463	0.0	1141
TOOL-20-Ro|nifH|consensus50|pass_mixed_possible_multitemplate	nifH|Mesorhizobium_sp._AaZ16|XIK06011.1	Mesorhizobium_sp._AaZ16	88.156	819	82.1464	91.6107	0.0	1079
TOOL-21-No|nifH|consensus50|pass_mixed_possible_multitemplate	nifH|Mesorhizobium_sp._AaZ16|XIK06011.1	Mesorhizobium_sp._AaZ16	91.176	816	81.8455	91.2752	0.0	1178
TOOL-22-No|nifH|consensus50|pass_mixed_possible_multitemplate	nifH|Mesorhizobium_sp._AaZ16|XIK06011.1	Mesorhizobium_sp._AaZ16	86.029	816	81.8455	91.2752	0.0	1019
TOOL-22-Rh|nifH|consensus50|pass_mixed_possible_multitemplate	nifH|Mesorhizobium_sp._AaZ16|XIK06011.1	Mesorhizobium_sp._AaZ16	91.667	816	81.8455	91.2752	0.0	1196
TOOL-22-Ro|nifH|consensus50|pass_mixed_possible_multitemplate	nifH|Rhizobium_sp._YTUHZ044|XXA98993.1	Rhizobium_sp._YTUHZ044	89.533	793	79.5386	88.7025	0.0	1113
TOOL-23-No|nifH|consensus50|pass_single_dominant	nifH|Mesorhizobium_sp._AaZ16|XIK06011.1	Mesorhizobium_sp._AaZ16	92.651	830	83.2497	92.8412	0.0	1226
TOOL-23-Rh|nifH|consensus50|pass_mixed_possible_multitemplate	nifH|Mesorhizobium_sp._WSM4083|XXN81638.1	Mesorhizobium_sp._WSM4083	91.119	822	82.4473	91.9463	0.0	1190
TOOL-23-Ro|nifH|consensus50|pass_single_dominant	nifH|Mesorhizobium_sp._AaZ16|XIK06011.1	Mesorhizobium_sp._AaZ16	93.734	798	80.0401	89.2617	0.0	1214
TOOL-24-No|nifH|consensus50|pass_single_dominant	nifH|Mesorhizobium_sp._AaZ16|XIK06011.1	Mesorhizobium_sp._AaZ16	93.162	819	82.1464	91.6107	0.0	1231
TOOL-24-Rh|nifH|consensus50|pass_single_dominant	nifH|Mesorhizobium_sp._AaZ16|XIK06011.1	Mesorhizobium_sp._AaZ16	92.354	824	82.6479	92.1700	0.0	1206
TOOL-24-Ro|nifH|consensus50|pass_mixed_possible_multitemplate	nifH|Mesorhizobium_sp._AaZ16|XIK06011.1	Mesorhizobium_sp._AaZ16	89.255	819	82.1464	91.6107	0.0	1146
TOOL-25-No|nifH|consensus50|pass_single_dominant	nifH|Mesorhizobium_sp._AaZ16|XIK06011.1	Mesorhizobium_sp._AaZ16	92.503	827	82.9488	92.5056	0.0	1216
TOOL-25-Ro|nifH|consensus50|pass_mixed_possible_multitemplate	nifH|Microvirga_sp._KLBC_81|PVE21514.1	Microvirga_sp._KLBC_81	85.104	819	82.1464	91.6107	0.0	1059
TOOL-26-No|nifH|consensus50|pass_single_dominant	nifH|Mesorhizobium_sp._AaZ16|XIK06011.1	Mesorhizobium_sp._AaZ16	93.383	801	80.3410	89.5973	0.0	1212
TOOL-26-Rh|nifH|consensus50|pass_mixed_possible_multitemplate	nifH|Mesorhizobium_sp._AaZ16|XIK06011.1	Mesorhizobium_sp._AaZ16	89.866	819	82.1464	91.6107	0.0	1161
TOOL-26-Ro|nifH|consensus50|pass_mixed_possible_multitemplate	nifH|Mesorhizobium_sp._AaZ16|XIK06011.1	Mesorhizobium_sp._AaZ16	87.965	806	80.8425	90.1566	0.0	1066
TOOL-27-2-No|nifH|consensus50|pass_single_dominant	nifH|Mesorhizobium_sp._AaZ16|XIK06011.1	Mesorhizobium_sp._AaZ16	92.745	827	82.9488	92.5056	0.0	1225
TOOL-27-2-Rh|nifH|consensus50|pass_mixed_possible_multitemplate	nifH|Mesorhizobium_sp._AaZ16|XIK06011.1	Mesorhizobium_sp._AaZ16	91.505	824	82.6479	92.1700	0.0	1195
TOOL-2-No|nifH|consensus50|pass_mixed_possible_multitemplate	nifH|Mesorhizobium_sp._AaZ16|XIK06011.1	Mesorhizobium_sp._AaZ16	84.550	822	82.4473	91.9463	0.0	994
TOOL-2-Rh|nifH|consensus50|pass_mixed_possible_multitemplate	nifH|Mesorhizobium_sp._WSM4083|XXN81638.1	Mesorhizobium_sp._WSM4083	83.090	822	82.4473	91.9463	0.0	988
TOOL-2-Ro|nifH|consensus50|pass_mixed_possible_multitemplate	nifH|Rhizobium_sp._YTUHZ044|XXA98993.1	Rhizobium_sp._YTUHZ044	88.213	806	80.8425	90.1566	0.0	1120
TOOL-30-No|nifH|consensus50|pass_single_dominant	nifH|Mesorhizobium_sp._AaZ16|XIK06011.1	Mesorhizobium_sp._AaZ16	92.597	824	82.6479	92.1700	0.0	1221
TOOL-30-Rh|nifH|consensus50|pass_mixed_possible_multitemplate	nifH|Mesorhizobium_sp._AaZ16|XIK06011.1	Mesorhizobium_sp._AaZ16	88.725	816	81.8455	91.2752	0.0	1121
TOOL-32-Rh|nifH|consensus50|pass_mixed_possible_multitemplate	nifH|Mesorhizobium_sp._AaZ16|XIK06011.1	Mesorhizobium_sp._AaZ16	87.743	824	82.6479	92.1700	0.0	1113
TOOL-32-Ro|nifH|consensus50|pass_single_dominant	nifH|Mesorhizobium_sp._WSM4083|XXN81638.1	Mesorhizobium_sp._WSM4083	89.308	795	79.7392	88.9262	0.0	1069
TOOL-33-1-No|nifH|consensus50|pass_mixed_possible_multitemplate	nifH|Burkholderia_vietnamiensis|KVR85109.1	Burkholderia_vietnamiensis	83.894	832	83.4504	94.3311	0.0	970
TOOL-33-1-Rh|nifH|consensus50|pass_mixed_possible_multitemplate	nifH|Rhizobium_sp._ZK1|XON24431.1	Rhizobium_sp._ZK1	86.747	830	83.2497	92.8412	0.0	1101
TOOL-34-No|nifH|consensus50|pass_mixed_possible_multitemplate	nifH|Mesorhizobium_sp._WSM4083|XXN81638.1	Mesorhizobium_sp._WSM4083	86.081	819	82.1464	91.6107	0.0	1012
TOOL-35-1-No|nifH|consensus50|pass_mixed_possible_multitemplate	nifH|Mesorhizobium_sp._AaZ16|XIK06011.1	Mesorhizobium_sp._AaZ16	90.898	824	82.6479	92.1700	0.0	1216
TOOL-35-1-Rh|nifH|consensus50|pass_mixed_possible_multitemplate	nifH|Microvirga_sp._KLBC_81|PVE21514.1	Microvirga_sp._KLBC_81	85.973	827	82.9488	92.5056	0.0	1021
TOOL-3-No|nifH|consensus50|pass_single_dominant	nifH|Microvirga_sp._RSM25|XKE00370.1	Microvirga_sp._RSM25	89.011	819	82.1464	91.6107	0.0	1092
TOOL-3-Rh|nifH|consensus50|pass_mixed_possible_multitemplate	nifH|Rhizobium_sp._YTUHZ044|XXA98993.1	Rhizobium_sp._YTUHZ044	85.835	826	82.8485	92.3937	0.0	1012
TOOL-3-Ro|nifH|consensus50|pass_mixed_possible_multitemplate	nifH|Neorhizobium_galegae|AIY31028.1	Neorhizobium_galegae	95.321	748	75.0251	98.4211	0.0	1224
TOOL-4-No|nifH|consensus50|pass_mixed_possible_multitemplate	nifH|Microvirga_lotononidis|WQO30062.1	Microvirga_lotononidis	85.662	816	81.8455	91.2752	0.0	1001
TOOL-4-Ro|nifH|consensus50|pass_mixed_possible_multitemplate	nifH|Mesorhizobium_sp._WSM4083|XXN81638.1	Mesorhizobium_sp._WSM4083	89.308	795	79.7392	88.9262	0.0	1109
TOOL-5-No|nifH|consensus50|pass_single_dominant	nifH|Bradyrhizobium_sp._PUT101|XYX37671.1	Bradyrhizobium_sp._PUT101	86.877	823	82.5476	92.9944	0.0	1018
TOOL-5-Rh|nifH|consensus50|pass_single_dominant	nifH|Mesorhizobium_sp._WSM4083|XXN81638.1	Mesorhizobium_sp._WSM4083	88.698	814	81.6449	91.0515	0.0	1068
TOOL-5-Ro|nifH|consensus50|pass_single_dominant	nifH|Mesorhizobium_sp._WSM4083|XXN81638.1	Mesorhizobium_sp._WSM4083	87.956	822	82.4473	91.9463	0.0	1061
TOOL-6-No|nifH|consensus50|pass_mixed_possible_multitemplate	nifH|Bradyrhizobium_sp._PUT101|XYX37671.1	Bradyrhizobium_sp._PUT101	87.093	829	83.1494	93.6723	0.0	1051
TOOL-6-Rh|nifH|consensus50|pass_mixed_possible_multitemplate	nifH|Mesorhizobium_sp._AaZ16|XIK06011.1	Mesorhizobium_sp._AaZ16	90.314	795	79.7392	88.9262	0.0	1127
TOOL-6-Ro|nifH|consensus50|pass_mixed_possible_multitemplate	nifH|Mesorhizobium_sp._AaZ16|XIK06011.1	Mesorhizobium_sp._AaZ16	86.325	819	82.1464	91.6107	0.0	1023
TOOL-7-No|nifH|consensus50|pass_mixed_possible_multitemplate	nifH|Microvirga_sp._KLBC_81|PVE21514.1	Microvirga_sp._KLBC_81	86.375	822	82.4473	91.9463	0.0	1011
TOOL-7-Rh|nifH|consensus50|pass_mixed_possible_multitemplate	nifH|Mesorhizobium_sp._AaZ16|XIK06011.1	Mesorhizobium_sp._AaZ16	86.765	816	81.8455	91.2752	0.0	1016
TOOL-8-No|nifH|consensus50|pass_single_dominant	nifH|Mesorhizobium_sp._AaZ16|XIK06011.1	Mesorhizobium_sp._AaZ16	92.476	824	82.6479	92.1700	0.0	1211
TOOL-8-Rh|nifH|consensus50|pass_single_dominant	nifH|Microvirga_sp._KLBC_81|PVE21514.1	Microvirga_sp._KLBC_81	87.470	822	82.4473	91.9463	0.0	1044
TOOL-8-Ro|nifH|consensus50|pass_mixed_possible_multitemplate	nifH|Mesorhizobium_sp._AaZ16|XIK06011.1	Mesorhizobium_sp._AaZ16	88.889	792	79.4383	88.5906	0.0	1090
TOOL-9-No|nifH|consensus50|pass_single_dominant	nifH|Mesorhizobium_sp._AaZ16|XIK06011.1	Mesorhizobium_sp._AaZ16	92.624	827	82.9488	92.5056	0.0	1217
TOOL-9-Rh|nifH|consensus50|pass_single_dominant	nifH|Mesorhizobium_sp._AaZ16|XIK06011.1	Mesorhizobium_sp._AaZ16	86.044	824	82.6479	92.1700	0.0	1010
TOOL-9-Ro|nifH|consensus50|pass_mixed_possible_multitemplate	nifH|Mesorhizobium_sp._AaZ16|XIK06011.1	Mesorhizobium_sp._AaZ16	88.755	827	82.9488	92.5056	0.0	1143
UKFS-1-1-No|nifH|consensus50|pass_mixed_possible_multitemplate	nifH|Microvirga_lotononidis|WQO30062.1	Microvirga_lotononidis	82.784	819	82.1464	91.6107	0.0	902
UKFS-1-1-Rh|nifH|consensus50|pass_mixed_possible_multitemplate	nifH|Bradyrhizobium_sp._PUT101|XYX37671.1	Bradyrhizobium_sp._PUT101	86.490	829	83.1494	93.6723	0.0	1016
UKFS-3-2-Rh|nifH|consensus50|pass_mixed_possible_multitemplate	nifH|Bradyrhizobium_sp._PUT101|XYX37671.1	Bradyrhizobium_sp._PUT101	88.058	829	83.1494	93.6723	0.0	1067
UKFS-4-1-No|nifH|consensus50|pass_single_dominant	nifH|Bradyrhizobium_ottawaense|XZF72199.1	Bradyrhizobium_ottawaense	87.304	827	82.9488	93.4463	0.0	1049
UKFS-4-1-Rh|nifH|consensus50|pass_mixed_possible_multitemplate	nifH|Bradyrhizobium_sp._PUT101|XYX37671.1	Bradyrhizobium_sp._PUT101	85.283	829	83.1494	93.6723	0.0	1021
UKFS-5-1-Ro|nifH|consensus50|pass_mixed_possible_multitemplate	nifH|Bradyrhizobium_sp._PUT101|XYX37671.1	Bradyrhizobium_sp._PUT101	87.214	829	83.1494	93.6723	0.0	1052
UKFS-52-1-Rh|nifH|consensus50|pass_single_dominant	nifH|Microvirga_lotononidis|WQO30062.1	Microvirga_lotononidis	89.499	819	82.1464	91.6107	0.0	1110
UKFS-6-1-Ro|nifH|consensus50|pass_mixed_possible_multitemplate	nifH|Rhizobium_azibense|CAO4004957.1	Rhizobium_azibense	89.621	819	82.1464	91.6107	0.0	1214
UNDE-2-1-No|nifH|consensus50|pass_mixed_possible_multitemplate	nifH|Mesorhizobium_sp._AaZ16|XIK06011.1	Mesorhizobium_sp._AaZ16	87.361	807	80.9428	90.2685	0.0	1074
UNDE-3-1-No|nifH|consensus50|pass_mixed_possible_multitemplate	nifH|Microvirga_sp._KLBC_81|PVE21514.1	Microvirga_sp._KLBC_81	85.130	807	80.9428	90.2685	0.0	1012
UNDE-3-1-Rh|nifH|consensus50|pass_mixed_possible_multitemplate	nifH|Microvirga_lotononidis|WQO30062.1	Microvirga_lotononidis	86.203	819	82.1464	91.6107	0.0	1045
UNDE-4-1-Rh|nifH|consensus50|pass_mixed_possible_multitemplate	nifH|Bradyrhizobium_sp._PUT101|XYX37671.1	Bradyrhizobium_sp._PUT101	82.388	829	83.1494	93.6723	0.0	955
UNDE-5-4-No|nifH|consensus50|pass_mixed_possible_multitemplate	nifH|Mesorhizobium_sp._AaZ16|XIK06011.1	Mesorhizobium_sp._AaZ16	84.958	831	83.3501	92.9530	0.0	1033
UNDE-5-4-Rh|nifH|consensus50|pass_mixed_possible_multitemplate	nifH|Mesorhizobium_sp._AaZ16|XIK06011.1	Mesorhizobium_sp._AaZ16	86.820	827	82.9488	92.5056	0.0	1057
UNDE-5-4-Ro|nifH|consensus50|pass_mixed_possible_multitemplate	nifH|Microvirga_lotononidis|WQO30062.1	Microvirga_lotononidis	81.566	830	83.2497	92.8412	0.0	895
WOOD-10-1-No|nifH|consensus50|pass_mixed_possible_multitemplate	nifH|Sinorhizobium_meliloti_(Rhizobium_meliloti)|XHY72514.1	Sinorhizobium_meliloti_(Rhizobium_meliloti)	92.186	819	82.1464	91.6107	0.0	1231
WOOD-10-1-Rh|nifH|consensus50|pass_mixed_possible_multitemplate	nifH|Sinorhizobium_meliloti_(Rhizobium_meliloti)|XEM22073.1	Sinorhizobium_meliloti_(Rhizobium_meliloti)	88.156	819	82.1464	91.6107	0.0	1069
WOOD-10-1-Ro|nifH|consensus50|pass_single_dominant	nifH|Bradyrhizobium_sp._PUT101|XYX37671.1	Bradyrhizobium_sp._PUT101	85.042	829	83.1494	93.6723	0.0	975
WOOD-11-1-No|nifH|consensus50|pass_single_dominant	nifH|Sinorhizobium_meliloti_(Rhizobium_meliloti)|XHY72514.1	Sinorhizobium_meliloti_(Rhizobium_meliloti)	95.466	816	81.8455	91.2752	0.0	1324
WOOD-11-1-Rh|nifH|consensus50|pass_mixed_possible_multitemplate	nifH|Microvirga_lotononidis|WQO30062.1	Microvirga_lotononidis	88.725	816	81.8455	91.2752	0.0	1112
WOOD-11-1-Ro|nifH|consensus50|pass_mixed_possible_multitemplate	nifH|Sinorhizobium_meliloti_(Rhizobium_meliloti)|XEM22073.1	Sinorhizobium_meliloti_(Rhizobium_meliloti)	85.450	811	81.3440	90.7159	0.0	985
WOOD-1-1-No|nifH|consensus50|pass_mixed_possible_multitemplate	nifH|Sinorhizobium_meliloti_(Rhizobium_meliloti)|XHY72514.1	Sinorhizobium_meliloti_(Rhizobium_meliloti)	83.820	822	82.4473	91.9463	0.0	997
WOOD-1-1-Rh|nifH|consensus50|pass_single_dominant	nifH|Bradyrhizobium_sp._PUT101|XYX37671.1	Bradyrhizobium_sp._PUT101	86.610	829	83.1494	93.6723	0.0	1026
WOOD-1-1-Ro|nifH|consensus50|pass_mixed_possible_multitemplate	nifH|Rhizobium_sp._YTUHZ044|XXA98993.1	Rhizobium_sp._YTUHZ044	83.738	824	82.6479	92.1700	0.0	1065
WOOD-12-No|nifH|consensus50|pass_single_dominant	nifH|Sinorhizobium_meliloti_(Rhizobium_meliloti)|XEM22073.1	Sinorhizobium_meliloti_(Rhizobium_meliloti)	96.093	819	82.1464	91.6107	0.0	1337
WOOD-12-Rh|nifH|consensus50|pass_mixed_possible_multitemplate	nifH|Bradyrhizobium_sp._PUT101|XYX37671.1	Bradyrhizobium_sp._PUT101	86.128	829	83.1494	93.6723	0.0	1003
WOOD-12-Ro|nifH|consensus50|pass_mixed_possible_multitemplate	nifH|Sinorhizobium_meliloti_(Rhizobium_meliloti)|XEM22073.1	Sinorhizobium_meliloti_(Rhizobium_meliloti)	89.223	798	80.0401	89.2617	0.0	1068
WOOD-2-2-Rh|nifH|consensus50|pass_single_dominant	nifH|Microvirga_lotononidis|WQO30062.1	Microvirga_lotononidis	85.783	830	83.2497	92.8412	0.0	1005
WOOD-3-2-No|nifH|consensus50|pass_single_dominant	nifH|Sinorhizobium_meliloti_(Rhizobium_meliloti)|XHY72514.1	Sinorhizobium_meliloti_(Rhizobium_meliloti)	96.679	813	81.5446	90.9396	0.0	1354
WOOD-3-2-Rh|nifH|consensus50|pass_single_dominant	nifH|Bradyrhizobium_sp._PUT101|XYX37671.1	Bradyrhizobium_sp._PUT101	87.696	829	83.1494	93.6723	0.0	1040
WOOD-3-2-Ro|nifH|consensus50|pass_mixed_possible_multitemplate	nifH|Sinorhizobium_meliloti_(Rhizobium_meliloti)|XEM22073.1	Sinorhizobium_meliloti_(Rhizobium_meliloti)	86.691	819	82.1464	91.6107	0.0	1044
WOOD-4-1-No|nifH|consensus50|pass_mixed_possible_multitemplate	nifH|Mesorhizobium_sp._WSM4083|XXN81638.1	Mesorhizobium_sp._WSM4083	82.117	822	82.4473	91.9463	0.0	909
WOOD-4-1-Rh|nifH|consensus50|pass_mixed_possible_multitemplate	nifH|Bradyrhizobium_sp._PUT101|XYX37671.1	Bradyrhizobium_sp._PUT101	86.490	829	83.1494	93.6723	0.0	1014
WOOD-4-1-Ro|nifH|consensus50|pass_mixed_possible_multitemplate	nifH|Mesorhizobium_sp._WSM4083|XXN81638.1	Mesorhizobium_sp._WSM4083	85.280	822	82.4473	91.9463	0.0	1030
WOOD-5-1-No|nifH|consensus50|pass_mixed_possible_multitemplate	nifH|Rhizobium_azibense|CAO4004957.1	Rhizobium_azibense	85.104	819	82.1464	91.6107	0.0	1130
WOOD-5-1-Rh|nifH|consensus50|pass_mixed_possible_multitemplate	nifH|Bradyrhizobium_sp._PUT101|XYX37671.1	Bradyrhizobium_sp._PUT101	85.645	829	83.1494	93.6723	0.0	1019
WOOD-5-1-Ro|nifH|consensus50|pass_single_dominant	nifH|Rhizobium_azibense|CAO4004957.1	Rhizobium_azibense	97.829	829	83.1494	92.7293	0.0	1418
WOOD-6-1-No|nifH|consensus50|pass_single_dominant	nifH|Sinorhizobium_meliloti_(Rhizobium_meliloti)|XEM22073.1	Sinorhizobium_meliloti_(Rhizobium_meliloti)	96.825	819	82.1464	91.6107	0.0	1375
WOOD-6-1-Rh|nifH|consensus50|pass_single_dominant	nifH|Bradyrhizobium_sp._PUT101|XYX37671.1	Bradyrhizobium_sp._PUT101	86.369	829	83.1494	93.6723	0.0	1003
WOOD-6-1-Ro|nifH|consensus50|pass_mixed_possible_multitemplate	nifH|Sinorhizobium_meliloti_(Rhizobium_meliloti)|XEM22073.1	Sinorhizobium_meliloti_(Rhizobium_meliloti)	92.796	819	82.1464	91.6107	0.0	1269
WOOD-7-1-No|nifH|consensus50|pass_single_dominant	nifH|Sinorhizobium_meliloti_(Rhizobium_meliloti)|XEM22073.1	Sinorhizobium_meliloti_(Rhizobium_meliloti)	96.947	819	82.1464	91.6107	0.0	1367
WOOD-7-1-Rh|nifH|consensus50|pass_mixed_possible_multitemplate	nifH|Microvirga_lotononidis|WQO30062.1	Microvirga_lotononidis	86.029	816	81.8455	91.2752	0.0	987
WOOD-7-1-Ro|nifH|consensus50|pass_mixed_possible_multitemplate	nifH|Microvirga_sp._KLBC_81|PVE21514.1	Microvirga_sp._KLBC_81	79.686	827	82.9488	92.5056	0.0	985
WOOD-8-No|nifH|consensus50|pass_mixed_possible_multitemplate	nifH|Sinorhizobium_meliloti_(Rhizobium_meliloti)|XHY72514.1	Sinorhizobium_meliloti_(Rhizobium_meliloti)	90.241	789	79.1374	88.2550	0.0	1127
WOOD-8-Rh|nifH|consensus50|pass_mixed_possible_multitemplate	nifH|Rhizobium_azibense|CAO4004957.1	Rhizobium_azibense	88.523	819	82.1464	91.6107	0.0	1121
WOOD-8-Ro|nifH|consensus50|pass_mixed_possible_multitemplate	nifH|Sinorhizobium_meliloti_(Rhizobium_meliloti)|XHY72514.1	Sinorhizobium_meliloti_(Rhizobium_meliloti)	89.951	816	81.8455	91.2752	0.0	1186
WOOD-9-Rh|nifH|consensus50|pass_mixed_possible_multitemplate	nifH|Microvirga_sp._KLBC_81|PVE21514.1	Microvirga_sp._KLBC_81	84.493	819	82.1464	91.6107	0.0	999
WOOD-9-Ro|nifH|consensus50|pass_mixed_possible_multitemplate	nifH|Mesorhizobium_sp._AaZ16|XIK06011.1	Mesorhizobium_sp._AaZ16	87.346	814	81.6449	91.0515	0.0	1114
YELL-10-1-No|nifH|consensus50|pass_mixed_possible_multitemplate	nifH|Microvirga_sp._RSM25|XKE00370.1	Microvirga_sp._RSM25	85.680	824	82.6479	92.1700	0.0	1077
YELL-11-No|nifH|consensus50|pass_mixed_possible_multitemplate	nifH|Mesorhizobium_sp._AaZ16|XIK06011.1	Mesorhizobium_sp._AaZ16	88.313	830	83.2497	92.8412	0.0	1113
YELL-1-2-No|nifH|consensus50|pass_mixed_possible_multitemplate	nifH|Mesorhizobium_sp._AaZ16|XIK06011.1	Mesorhizobium_sp._AaZ16	85.662	816	81.8455	91.2752	0.0	992
YELL-3-5-No|nifH|consensus50|pass_mixed_possible_multitemplate	nifH|Rhizobium_sp._YTUHZ044|XXA98993.1	Rhizobium_sp._YTUHZ044	87.625	800	80.2407	89.4855	0.0	1095
YELL-4-4-Rh|nifH|consensus50|pass_mixed_possible_multitemplate	nifH|Mesorhizobium_sp._AaZ16|XIK06011.1	Mesorhizobium_sp._AaZ16	84.915	822	82.4473	91.9463	0.0	1063
YELL-4-4-Ro|nifH|consensus50|pass_mixed_possible_multitemplate	nifH|Neorhizobium_galegae|AIY31028.1	Neorhizobium_galegae	90.053	754	75.6269	99.2105	0.0	1122
YELL-5-3-Rh|nifH|consensus50|pass_mixed_possible_multitemplate	nifH|Bradyrhizobium_sp._PUT101|XYX37671.1	Bradyrhizobium_sp._PUT101	84.439	829	83.1494	93.6723	0.0	973
YELL-6-1-Rh|nifH|consensus50|pass_mixed_possible_multitemplate	nifH|Bradyrhizobium_sp._PUT101|XYX37671.1	Bradyrhizobium_sp._PUT101	84.922	829	83.1494	93.6723	0.0	1003
YELL-6-1-Ro|nifH|consensus50|pass_mixed_possible_multitemplate	nifH|Rhizobium_sp._YTUHZ044|XXA98993.1	Rhizobium_sp._YTUHZ044	86.250	800	80.2407	89.4855	0.0	1085
YELL-7-1-Rh|nifH|consensus50|pass_mixed_possible_multitemplate	nifH|Microvirga_lotononidis|WQO30062.1	Microvirga_lotononidis	85.104	819	82.1464	91.6107	0.0	985
YELL-7-1-Ro|nifH|consensus50|pass_mixed_possible_multitemplate	nifH|Mesorhizobium_sp._AaZ16|XIK06011.1	Mesorhizobium_sp._AaZ16	89.601	827	82.9488	92.5056	0.0	1196
