sample	site	sample_type	in_metadata_exact	match_status	metadata_sample_norm_match	n_norm_matches
BLAN-1-1-Rh	BLAN	Rh	yes	exact_match	BLAN-1-1-Rh	1
BLAN-1-1-Ro	BLAN	Ro	yes	exact_match	BLAN-1-1-Ro	1
BLAN-1-1-No	BLAN	No	yes	exact_match	BLAN-1-1-No	1
BLAN-2-1-Rh	BLAN	Rh	yes	exact_match	BLAN-2-1-Rh	1
BLAN-2-1-Ro	BLAN	Ro	yes	exact_match	BLAN-2-1-Ro	1
BLAN-2-1-No	BLAN	No	yes	exact_match	BLAN-2-1-No	1
BLAN-3-1-Rh	BLAN	Rh	yes	exact_match	BLAN-3-1-Rh	1
BLAN-3-1-Ro	BLAN	Ro	yes	exact_match	BLAN-3-1-Ro	1
BLAN-4-1-No	BLAN	No	yes	exact_match	BLAN-4-1-No	1
BLAN-4-1-Rh	BLAN	Rh	yes	exact_match	BLAN-4-1-Rh	1
BLAN-4-1-Ro	BLAN	Ro	yes	exact_match	BLAN-4-1-Ro	1
BLAN-4-2-No	BLAN	No	yes	exact_match	BLAN-4-2-No	1
BLAN-4-2-Rh	BLAN	Rh	yes	exact_match	BLAN-4-2-Rh	1
BLAN-4-2-Ro	BLAN	Ro	yes	exact_match	BLAN-4-2-Ro	1
BLAN-3-1-No	BLAN	No	yes	exact_match	BLAN-3-1-No	1
BONA-10-2-Rh	BONA	Rh	yes	exact_match	BONA-10-2-Rh	1
BONA-10-2-Ro	BONA	Ro	yes	exact_match	BONA-10-2-Ro	1
BONA-10-2-No	BONA	No	yes	exact_match	BONA-10-2-No	1
BONA-10-Rh	BONA	Rh	yes	exact_match	BONA-10-Rh	1
BONA-10-Ro	BONA	Ro	yes	exact_match	BONA-10-Ro	1
BONA-10-No	BONA	No	yes	exact_match	BONA-10-No	1
BONA-11-1-Rh	BONA	Rh	yes	exact_match	BONA-11-1-Rh	1
BONA-11-1-Ro	BONA	Ro	yes	exact_match	BONA-11-1-Ro	1
BONA-11-2-No	BONA	No	yes	exact_match	BONA-11-2-No	1
BONA-11-2-Rh	BONA	Rh	yes	exact_match	BONA-11-2-Rh	1
BONA-11-2-Ro	BONA	Ro	yes	exact_match	BONA-11-2-Ro	1
BONA-11-3-No	BONA	No	yes	exact_match	BONA-11-3-No	1
BONA-11-3-Rh	BONA	Rh	yes	exact_match	BONA-11-3-Rh	1
BONA-11-3-Ro	BONA	Ro	yes	exact_match	BONA-11-3-Ro	1
BONA-11-1-No	BONA	No	yes	exact_match	BONA-11-1-No	1
BONA-1-1-Rh	BONA	Rh	yes	exact_match	BONA-1-1-Rh	1
BONA-1-1-Ro	BONA	Ro	yes	exact_match	BONA-1-1-Ro	1
BONA-1-1-No	BONA	No	yes	exact_match	BONA-1-1-No	1
BONA-12-1-Rh	BONA	Rh	yes	exact_match	BONA-12-1-Rh	1
BONA-12-1-Ro	BONA	Ro	yes	exact_match	BONA-12-1-Ro	1
BONA-12-1-No	BONA	No	yes	exact_match	BONA-12-1-No	1
BONA-12-2-Rh	BONA	Rh	yes	exact_match	BONA-12-2-Rh	1
BONA-12-2-Ro	BONA	Ro	yes	exact_match	BONA-12-2-Ro	1
BONA-13-1-No	BONA	No	yes	exact_match	BONA-13-1-No	1
BONA-13-1-Rh	BONA	Rh	yes	exact_match	BONA-13-1-Rh	1
BONA-13-1-Ro	BONA	Ro	yes	exact_match	BONA-13-1-Ro	1
BONA-12-2-No	BONA	No	yes	exact_match	BONA-12-2-No	1
BONA-13-2-Rh	BONA	Rh	yes	exact_match	BONA-13-2-Rh	1
BONA-13-2-Ro	BONA	Ro	yes	exact_match	BONA-13-2-Ro	1
BONA-13-2-No	BONA	No	yes	exact_match	BONA-13-2-No	1
BONA-13-3-Rh	BONA	Rh	yes	exact_match	BONA-13-3-Rh	1
BONA-13-3-Ro	BONA	Ro	yes	exact_match	BONA-13-3-Ro	1
BONA-13-3-No	BONA	No	yes	exact_match	BONA-13-3-No	1
BONA-14-Rh	BONA	Rh	yes	exact_match	BONA-14-Rh	1
BONA-14-Ro	BONA	Ro	yes	exact_match	BONA-14-Ro	1
BONA-2-No	BONA	No	yes	exact_match	BONA-2-No	1
BONA-2-Rh	BONA	Rh	yes	exact_match	BONA-2-Rh	1
BONA-14-No	BONA	No	yes	exact_match	BONA-14-No	1
BONA-2-Ro	BONA	Ro	yes	exact_match	BONA-2-Ro	1
BONA-3-1-No	BONA	No	yes	exact_match	BONA-3-1-No	1
BONA-3-1-Ro	BONA	Ro	yes	exact_match	BONA-3-1-Ro	1
BONA-3-1-Rh	BONA	Rh	yes	exact_match	BONA-3-1-Rh	1
BONA-4-Rh	BONA	Rh	yes	exact_match	BONA-4-Rh	1
BONA-4-Ro	BONA	Ro	yes	exact_match	BONA-4-Ro	1
BONA-5-No	BONA	No	yes	exact_match	BONA-5-No	1
BONA-5-Rh	BONA	Rh	yes	exact_match	BONA-5-Rh	1
BONA-5-Ro	BONA	Ro	yes	exact_match	BONA-5-Ro	1
BONA-4-No	BONA	No	yes	exact_match	BONA-4-No	1
BONA-7-Rh	BONA	Rh	yes	exact_match	BONA-7-Rh	1
BONA-7-Ro	BONA	Ro	yes	exact_match	BONA-7-Ro	1
BONA-8-No	BONA	No	yes	exact_match	BONA-8-No	1
BONA-8-Rh	BONA	Rh	yes	exact_match	BONA-8-Rh	1
BONA-8-Ro	BONA	Ro	yes	exact_match	BONA-8-Ro	1
BONA-9-No	BONA	No	yes	exact_match	BONA-9-No	1
BONA-9-Rh	BONA	Rh	yes	exact_match	BONA-9-Rh	1
BONA-9-Ro	BONA	Ro	yes	exact_match	BONA-9-Ro	1
CLBJ-10-1-No	CLBJ	No	yes	exact_match	CLBJ-10-1-No	1
CLBJ-10-1-Rh	CLBJ	Rh	yes	exact_match	CLBJ-10-1-Rh	1
BONA-7-No	BONA	No	yes	exact_match	BONA-7-No	1
CLBJ-10-1-Ro	CLBJ	Ro	yes	exact_match	CLBJ-10-1-Ro	1
CLBJ-11-1-Rh	CLBJ	Rh	yes	exact_match	CLBJ-11-1-Rh	1
CLBJ-11-1-No	CLBJ	No	yes	exact_match	CLBJ-11-1-No	1
CLBJ-11-1-Ro	CLBJ	Ro	yes	exact_match	CLBJ-11-1-Ro	1
CLBJ-1-1-Rh	CLBJ	Rh	yes	exact_match	CLBJ-1-1-Rh	1
CLBJ-1-1-Ro	CLBJ	Ro	yes	exact_match	CLBJ-1-1-Ro	1
CLBJ-12-2-No	CLBJ	No	yes	exact_match	CLBJ-12-2-No	1
CLBJ-12-2-Rh	CLBJ	Rh	yes	exact_match	CLBJ-12-2-Rh	1
CLBJ-12-2-Ro	CLBJ	Ro	yes	exact_match	CLBJ-12-2-Ro	1
CLBJ-1-1-No	CLBJ	No	yes	exact_match	CLBJ-1-1-No	1
CLBJ-13-1-Rh	CLBJ	Rh	yes	exact_match	CLBJ-13-1-Rh	1
CLBJ-13-1-Ro	CLBJ	Ro	yes	exact_match	CLBJ-13-1-Ro	1
CLBJ-13-1-No	CLBJ	No	yes	exact_match	CLBJ-13-1-No	1
CLBJ-14-1-Rh	CLBJ	Rh	yes	exact_match	CLBJ-14-1-Rh	1
CLBJ-14-1-Ro	CLBJ	Ro	yes	exact_match	CLBJ-14-1-Ro	1
CLBJ-14-1-No	CLBJ	No	yes	exact_match	CLBJ-14-1-No	1
CLBJ-15-1-Rh	CLBJ	Rh	yes	exact_match	CLBJ-15-1-Rh	1
CLBJ-15-1-Ro	CLBJ	Ro	yes	exact_match	CLBJ-15-1-Ro	1
CLBJ-15-1-No	CLBJ	No	yes	exact_match	CLBJ-15-1-No	1
CLBJ-16-2-Rh	CLBJ	Rh	yes	exact_match	CLBJ-16-2-Rh	1
CLBJ-16-2-Ro	CLBJ	Ro	yes	exact_match	CLBJ-16-2-Ro	1
CLBJ-16-2-No	CLBJ	No	yes	exact_match	CLBJ-16-2-No	1
CLBJ-17-1-No	CLBJ	No	yes	exact_match	CLBJ-17-1-No	1
CLBJ-17-1-Rh	CLBJ	Rh	yes	exact_match	CLBJ-17-1-Rh	1
CLBJ-17-1-Ro	CLBJ	Ro	yes	exact_match	CLBJ-17-1-Ro	1
CLBJ-18-1-Rh	CLBJ	Rh	yes	exact_match	CLBJ-18-1-Rh	1
CLBJ-18-1-Ro	CLBJ	Ro	yes	exact_match	CLBJ-18-1-Ro	1
CLBJ-18-1-No	CLBJ	No	yes	exact_match	CLBJ-18-1-No	1
CLBJ-19-1-Rh	CLBJ	Rh	yes	exact_match	CLBJ-19-1-Rh	1
CLBJ-19-1-Ro	CLBJ	Ro	yes	exact_match	CLBJ-19-1-Ro	1
CLBJ-20-1-No	CLBJ	No	yes	exact_match	CLBJ-20-1-No	1
CLBJ-20-1-Rh	CLBJ	Rh	yes	exact_match	CLBJ-20-1-Rh	1
CLBJ-20-1-Ro	CLBJ	Ro	yes	exact_match	CLBJ-20-1-Ro	1
CLBJ-19-1-No	CLBJ	No	yes	exact_match	CLBJ-19-1-No	1
CLBJ-21-1-Rh	CLBJ	Rh	yes	exact_match	CLBJ-21-1-Rh	1
CLBJ-21-1-Ro	CLBJ	Ro	yes	exact_match	CLBJ-21-1-Ro	1
CLBJ-22-1-No	CLBJ	No	yes	exact_match	CLBJ-22-1-No	1
CLBJ-21-1-No	CLBJ	No	yes	exact_match	CLBJ-21-1-No	1
CLBJ-22-1-Rh	CLBJ	Rh	yes	exact_match	CLBJ-22-1-Rh	1
CLBJ-22-1-Ro	CLBJ	Ro	yes	exact_match	CLBJ-22-1-Ro	1
CLBJ-23-1-Rh	CLBJ	Rh	yes	exact_match	CLBJ-23-1-Rh	1
CLBJ-23-1-Ro	CLBJ	Ro	yes	exact_match	CLBJ-23-1-Ro	1
CLBJ-23-1-No	CLBJ	No	yes	exact_match	CLBJ-23-1-No	1
CLBJ-24-Rh	CLBJ	Rh	yes	exact_match	CLBJ-24-Rh	1
CLBJ-25-2-No	CLBJ	No	yes	exact_match	CLBJ-25-2-No	1
CLBJ-25-2-Rh	CLBJ	Rh	yes	exact_match	CLBJ-25-2-Rh	1
CLBJ-25-2-Ro	CLBJ	Ro	yes	exact_match	CLBJ-25-2-Ro	1
CLBJ-24-No	CLBJ	No	yes	exact_match	CLBJ-24-No	1
CLBJ-26-1-Rh	CLBJ	Rh	yes	exact_match	CLBJ-26-1-Rh	1
CLBJ-26-1-Ro	CLBJ	Ro	yes	exact_match	CLBJ-26-1-Ro	1
CLBJ-26-1-No	CLBJ	No	yes	exact_match	CLBJ-26-1-No	1
CLBJ-27-1-Rh	CLBJ	Rh	yes	exact_match	CLBJ-27-1-Rh	1
CLBJ-27-1-No	CLBJ	No	yes	exact_match	CLBJ-27-1-No	1
CLBJ-27-1-Ro	CLBJ	Ro	yes	exact_match	CLBJ-27-1-Ro	1
CLBJ-28-3-No	CLBJ	No	yes	exact_match	CLBJ-28-3-No	1
CLBJ-28-3-Ro	CLBJ	Ro	yes	exact_match	CLBJ-28-3-Ro	1
CLBJ-28-3-Rh	CLBJ	Rh	yes	exact_match	CLBJ-28-3-Rh	1
CLBJ-29-2-Ro	CLBJ	Ro	yes	exact_match	CLBJ-29-2-Ro	1
CLBJ-29-2-Rh	CLBJ	Rh	yes	exact_match	CLBJ-29-2-Rh	1
CLBJ-2-Rh	CLBJ	Rh	yes	exact_match	CLBJ-2-Rh	1
CLBJ-2-Ro	CLBJ	Ro	yes	exact_match	CLBJ-2-Ro	1
CLBJ-2-No	CLBJ	No	yes	exact_match	CLBJ-2-No	1
CLBJ-30-1-Rh	CLBJ	Rh	yes	exact_match	CLBJ-30-1-Rh	1
CLBJ-30-1-Ro	CLBJ	Ro	yes	exact_match	CLBJ-30-1-Ro	1
CLBJ-31-2-No	CLBJ	No	yes	exact_match	CLBJ-31-2-No	1
CLBJ-31-2-Rh	CLBJ	Rh	yes	exact_match	CLBJ-31-2-Rh	1
CLBJ-31-2-Ro	CLBJ	Ro	yes	exact_match	CLBJ-31-2-Ro	1
CLBJ-3-1-No	CLBJ	No	yes	exact_match	CLBJ-3-1-No	1
CLBJ-3-1-Rh	CLBJ	Rh	yes	exact_match	CLBJ-3-1-Rh	1
CLBJ-3-1-Ro	CLBJ	Ro	yes	exact_match	CLBJ-3-1-Ro	1
CLBJ-30-1-No	CLBJ	No	yes	exact_match	CLBJ-30-1-No	1
CLBJ-32-1-No	CLBJ	No	yes	exact_match	CLBJ-32-1-No	1
CLBJ-32-1-Ro	CLBJ	Ro	yes	exact_match	CLBJ-32-1-Ro	1
CLBJ-32-1-Rh	CLBJ	Rh	yes	exact_match	CLBJ-32-1-Rh	1
CLBJ-33-1-Rh	CLBJ	Rh	yes	exact_match	CLBJ-33-1-Rh	1
CLBJ-33-1-Ro	CLBJ	Ro	yes	exact_match	CLBJ-33-1-Ro	1
CLBJ-33-1-No	CLBJ	No	yes	exact_match	CLBJ-33-1-No	1
CLBJ-34-1-Rh	CLBJ	Rh	yes	exact_match	CLBJ-34-1-Rh	1
CLBJ-34-1-Ro	CLBJ	Ro	yes	exact_match	CLBJ-34-1-Ro	1
CLBJ-34-1-No	CLBJ	No	yes	exact_match	CLBJ-34-1-No	1
CLBJ-35-1-Rh	CLBJ	Rh	yes	exact_match	CLBJ-35-1-Rh	1
CLBJ-35-1-No	CLBJ	No	yes	exact_match	CLBJ-35-1-No	1
CLBJ-35-1-Ro	CLBJ	Ro	yes	exact_match	CLBJ-35-1-Ro	1
CLBJ-36-1-Rh	CLBJ	Rh	yes	exact_match	CLBJ-36-1-Rh	1
CLBJ-36-1-No	CLBJ	No	yes	exact_match	CLBJ-36-1-No	1
CLBJ-36-1-Ro	CLBJ	Ro	yes	exact_match	CLBJ-36-1-Ro	1
CLBJ-37-1-Rh	CLBJ	Rh	yes	exact_match	CLBJ-37-1-Rh	1
CLBJ-37-1-Ro	CLBJ	Ro	yes	exact_match	CLBJ-37-1-Ro	1
CLBJ-38-1-No	CLBJ	No	yes	exact_match	CLBJ-38-1-No	1
CLBJ-38-1-Rh	CLBJ	Rh	yes	exact_match	CLBJ-38-1-Rh	1
CLBJ-39-1-No	CLBJ	No	yes	exact_match	CLBJ-39-1-No	1
CLBJ-39-1-Rh	CLBJ	Rh	yes	exact_match	CLBJ-39-1-Rh	1
CLBJ-40-1-No	CLBJ	No	yes	exact_match	CLBJ-40-1-No	1
CLBJ-40-1-Rh	CLBJ	Rh	yes	exact_match	CLBJ-40-1-Rh	1
CLBJ-40-1-Ro	CLBJ	Ro	yes	exact_match	CLBJ-40-1-Ro	1
CLBJ-41-1-No	CLBJ	No	yes	exact_match	CLBJ-41-1-No	1
CLBJ-41-1-Rh	CLBJ	Rh	yes	exact_match	CLBJ-41-1-Rh	1
CLBJ-41-1-Ro	CLBJ	Ro	yes	exact_match	CLBJ-41-1-Ro	1
CLBJ-4-1-No	CLBJ	No	yes	exact_match	CLBJ-4-1-No	1
CLBJ-4-1-Rh	CLBJ	Rh	yes	exact_match	CLBJ-4-1-Rh	1
CLBJ-37-1-No	CLBJ	No	yes	exact_match	CLBJ-37-1-No	1
CLBJ-4-1-Ro	CLBJ	Ro	yes	exact_match	CLBJ-4-1-Ro	1
CLBJ-42-1-Rh	CLBJ	Rh	yes	exact_match	CLBJ-42-1-Rh	1
CLBJ-42-1-Ro	CLBJ	Ro	yes	exact_match	CLBJ-42-1-Ro	1
CLBJ-43-2-No	CLBJ	No	yes	exact_match	CLBJ-43-2-No	1
CLBJ-42-1-No	CLBJ	No	yes	exact_match	CLBJ-42-1-No	1
CLBJ-43-2-Rh	CLBJ	Rh	yes	exact_match	CLBJ-43-2-Rh	1
CLBJ-43-2-Ro	CLBJ	Ro	yes	exact_match	CLBJ-43-2-Ro	1
CLBJ-44-1-Rh	CLBJ	Rh	yes	exact_match	CLBJ-44-1-Rh	1
CLBJ-44-1-Ro	CLBJ	Ro	yes	exact_match	CLBJ-44-1-Ro	1
CLBJ-45-2-Rh	CLBJ	Rh	yes	exact_match	CLBJ-45-2-Rh	1
CLBJ-44-1-No	CLBJ	No	yes	exact_match	CLBJ-44-1-No	1
CLBJ-45-2-Ro	CLBJ	Ro	yes	exact_match	CLBJ-45-2-Ro	1
CLBJ-46-1-Rh	CLBJ	Rh	yes	exact_match	CLBJ-46-1-Rh	1
CLBJ-46-1-Ro	CLBJ	Ro	yes	exact_match	CLBJ-46-1-Ro	1
CLBJ-46-1-No	CLBJ	No	yes	exact_match	CLBJ-46-1-No	1
CLBJ-47-1-No	CLBJ	No	yes	exact_match	CLBJ-47-1-No	1
CLBJ-47-1-Ro	CLBJ	Ro	yes	exact_match	CLBJ-47-1-Ro	1
CLBJ-47-1-Rh	CLBJ	Rh	yes	exact_match	CLBJ-47-1-Rh	1
CLBJ-48-1-Rh	CLBJ	Rh	yes	exact_match	CLBJ-48-1-Rh	1
CLBJ-48-1-Ro	CLBJ	Ro	yes	exact_match	CLBJ-48-1-Ro	1
CLBJ-49-1-Rh	CLBJ	Rh	yes	exact_match	CLBJ-49-1-Rh	1
CLBJ-49-1-Ro	CLBJ	Ro	yes	exact_match	CLBJ-49-1-Ro	1
CLBJ-48-1-No	CLBJ	No	yes	exact_match	CLBJ-48-1-No	1
CLBJ-50-3-No	CLBJ	No	yes	exact_match	CLBJ-50-3-No	1
CLBJ-50-3-Ro	CLBJ	Ro	yes	exact_match	CLBJ-50-3-Ro	1
CLBJ-50-3-Rh	CLBJ	Rh	yes	exact_match	CLBJ-50-3-Rh	1
CLBJ-5-2-Rh	CLBJ	Rh	yes	exact_match	CLBJ-5-2-Rh	1
CLBJ-5-2-Ro	CLBJ	Ro	yes	exact_match	CLBJ-5-2-Ro	1
CLBJ-6-3-No	CLBJ	No	yes	exact_match	CLBJ-6-3-No	1
CLBJ-6-3-Rh	CLBJ	Rh	yes	exact_match	CLBJ-6-3-Rh	1
CLBJ-6-3-Ro	CLBJ	Ro	yes	exact_match	CLBJ-6-3-Ro	1
CLBJ-7-1-No	CLBJ	No	yes	exact_match	CLBJ-7-1-No	1
CLBJ-7-1-Rh	CLBJ	Rh	yes	exact_match	CLBJ-7-1-Rh	1
CLBJ-7-1-Ro	CLBJ	Ro	yes	exact_match	CLBJ-7-1-Ro	1
CLBJ-8-1-No	CLBJ	No	yes	exact_match	CLBJ-8-1-No	1
CLBJ-8-1-Rh	CLBJ	Rh	yes	exact_match	CLBJ-8-1-Rh	1
CLBJ-8-1-Ro	CLBJ	Ro	yes	exact_match	CLBJ-8-1-Ro	1
CLBJ-9-1-No	CLBJ	No	yes	exact_match	CLBJ-9-1-No	1
CLBJ-9-1-Rh	CLBJ	Rh	yes	exact_match	CLBJ-9-1-Rh	1
CLBJ-9-1-Ro	CLBJ	Ro	yes	exact_match	CLBJ-9-1-Ro	1
CPER-1-No	CPER	No	yes	exact_match	CPER-1-No	1
CPER-1-Rh	CPER	Rh	yes	exact_match	CPER-1-Rh	1
CPER-1-Ro	CPER	Ro	yes	exact_match	CPER-1-Ro	1
CLBJ-5-2-No	CLBJ	No	yes	exact_match	CLBJ-5-2-No	1
CPER-2-Rh	CPER	Rh	yes	exact_match	CPER-2-Rh	1
CPER-2-Ro	CPER	Ro	yes	exact_match	CPER-2-Ro	1
CPER-2-No	CPER	No	yes	exact_match	CPER-2-No	1
CPER-3-1-Rh	CPER	Rh	yes	exact_match	CPER-3-1-Rh	1
CPER-3-1-Ro	CPER	Ro	yes	exact_match	CPER-3-1-Ro	1
CPER-3-1-No	CPER	No	yes	exact_match	CPER-3-1-No	1
CPER-4-Rh	CPER	Rh	yes	exact_match	CPER-4-Rh	1
CPER-4-Ro	CPER	Ro	yes	exact_match	CPER-4-Ro	1
CPER-4-No	CPER	No	yes	exact_match	CPER-4-No	1
CPER-5-1-Rh	CPER	Rh	yes	exact_match	CPER-5-1-Rh	1
CPER-5-1-Ro	CPER	Ro	yes	exact_match	CPER-5-1-Ro	1
DCFS-1-2-No	DCFS	No	yes	exact_match	DCFS-1-2-No	1
DCFS-1-2-Rh	DCFS	Rh	yes	exact_match	DCFS-1-2-Rh	1
DCFS-1-2-Ro	DCFS	Ro	yes	exact_match	DCFS-1-2-Ro	1
CPER-5-1-No	CPER	No	yes	exact_match	CPER-5-1-No	1
DCFS-2-2-Rh	DCFS	Rh	yes	exact_match	DCFS-2-2-Rh	1
DCFS-2-2-Ro	DCFS	Ro	yes	exact_match	DCFS-2-2-Ro	1
DCFS-3-2-No	DCFS	No	yes	exact_match	DCFS-3-2-No	1
DCFS-3-2-Rh	DCFS	Rh	yes	exact_match	DCFS-3-2-Rh	1
DCFS-3-2-Ro	DCFS	Ro	yes	exact_match	DCFS-3-2-Ro	1
DCFS-2-2-No	DCFS	No	yes	exact_match	DCFS-2-2-No	1
DCFS-4-Rh	DCFS	Rh	yes	exact_match	DCFS-4-Rh	1
DCFS-4-Ro	DCFS	Ro	yes	exact_match	DCFS-4-Ro	1
DCFS-4-No	DCFS	No	yes	exact_match	DCFS-4-No	1
DCFS-5-1-Rh	DCFS	Rh	yes	exact_match	DCFS-5-1-Rh	1
DCFS-5-1-Ro	DCFS	Ro	yes	exact_match	DCFS-5-1-Ro	1
DCFS-5-1-No	DCFS	No	yes	exact_match	DCFS-5-1-No	1
DCFS-6-1-Rh	DCFS	Rh	yes	exact_match	DCFS-6-1-Rh	1
DCFS-6-1-Ro	DCFS	Ro	yes	exact_match	DCFS-6-1-Ro	1
DCFS-7-1-No	DCFS	No	yes	exact_match	DCFS-7-1-No	1
DCFS-7-1-Rh	DCFS	Rh	yes	exact_match	DCFS-7-1-Rh	1
DCFS-7-1-Ro	DCFS	Ro	yes	exact_match	DCFS-7-1-Ro	1
DCFS-6-1-No	DCFS	No	yes	exact_match	DCFS-6-1-No	1
DCFS-8-1-Rh	DCFS	Rh	yes	exact_match	DCFS-8-1-Rh	1
DCFS-8-1-Ro	DCFS	Ro	yes	exact_match	DCFS-8-1-Ro	1
DEJU-10-1-No	DEJU	No	yes	exact_match	DEJU-10-1-No	1
DEJU-10-1-Rh	DEJU	Rh	yes	exact_match	DEJU-10-1-Rh	1
DEJU-10-1-Ro	DEJU	Ro	yes	exact_match	DEJU-10-1-Ro	1
DEJU-11-1-No	DEJU	No	yes	exact_match	DEJU-11-1-No	1
DEJU-11-1-Rh	DEJU	Rh	yes	exact_match	DEJU-11-1-Rh	1
DEJU-11-1-Ro	DEJU	Ro	yes	exact_match	DEJU-11-1-Ro	1
DEJU-1-1-No	DEJU	No	yes	exact_match	DEJU-1-1-No	1
DCFS-8-1-No	DCFS	No	yes	exact_match	DCFS-8-1-No	1
DEJU-1-1-Rh	DEJU	Rh	yes	exact_match	DEJU-1-1-Rh	1
DEJU-1-1-Ro	DEJU	Ro	yes	exact_match	DEJU-1-1-Ro	1
DEJU-12-1-No	DEJU	No	yes	exact_match	DEJU-12-1-No	1
DEJU-12-1-Rh	DEJU	Rh	yes	exact_match	DEJU-12-1-Rh	1
DEJU-12-1-Ro	DEJU	Ro	yes	exact_match	DEJU-12-1-Ro	1
DEJU-13-1-Rh	DEJU	Rh	yes	exact_match	DEJU-13-1-Rh	1
DEJU-13-1-Ro	DEJU	Ro	yes	exact_match	DEJU-13-1-Ro	1
DEJU-13-1-No	DEJU	No	yes	exact_match	DEJU-13-1-No	1
DEJU-16-1-Rh	DEJU	Rh	yes	exact_match	DEJU-16-1-Rh	1
DEJU-16-1-Ro	DEJU	Ro	yes	exact_match	DEJU-16-1-Ro	1
DEJU-16-1-No	DEJU	No	yes	exact_match	DEJU-16-1-No	1
DEJU-16-2-Rh	DEJU	Rh	yes	exact_match	DEJU-16-2-Rh	1
DEJU-16-2-Ro	DEJU	Ro	yes	exact_match	DEJU-16-2-Ro	1
DEJU-17-1-No	DEJU	No	yes	exact_match	DEJU-17-1-No	1
DEJU-17-1-Rh	DEJU	Rh	yes	exact_match	DEJU-17-1-Rh	1
DEJU-17-1-Ro	DEJU	Ro	yes	exact_match	DEJU-17-1-Ro	1
DEJU-17-2-No	DEJU	No	yes	exact_match	DEJU-17-2-No	1
DEJU-17-2-Rh	DEJU	Rh	yes	exact_match	DEJU-17-2-Rh	1
DEJU-17-2-Ro	DEJU	Ro	yes	exact_match	DEJU-17-2-Ro	1
DEJU-16-2-No	DEJU	No	yes	exact_match	DEJU-16-2-No	1
DEJU-18-1-No	DEJU	No	yes	exact_match	DEJU-18-1-No	1
DEJU-18-1-Rh	DEJU	Rh	yes	exact_match	DEJU-18-1-Rh	1
DEJU-19-1-No	DEJU	No	yes	exact_match	DEJU-19-1-No	1
DEJU-19-1-Rh	DEJU	Rh	yes	exact_match	DEJU-19-1-Rh	1
DEJU-19-1-Ro	DEJU	Ro	yes	exact_match	DEJU-19-1-Ro	1
DEJU-20-1-No	DEJU	No	yes	exact_match	DEJU-20-1-No	1
DEJU-18-1-Ro	DEJU	Ro	yes	exact_match	DEJU-18-1-Ro	1
DEJU-20-1-Rh	DEJU	Rh	yes	exact_match	DEJU-20-1-Rh	1
DEJU-20-1-Ro	DEJU	Ro	yes	exact_match	DEJU-20-1-Ro	1
DEJU-21-1-Rh	DEJU	Rh	yes	exact_match	DEJU-21-1-Rh	1
DEJU-21-1-Ro	DEJU	Ro	yes	exact_match	DEJU-21-1-Ro	1
DEJU-22-1-No	DEJU	No	yes	exact_match	DEJU-22-1-No	1
DEJU-22-1-Rh	DEJU	Rh	yes	exact_match	DEJU-22-1-Rh	1
DEJU-22-1-Ro	DEJU	Ro	yes	exact_match	DEJU-22-1-Ro	1
DEJU-21-1-No	DEJU	No	yes	exact_match	DEJU-21-1-No	1
DEJU-23-1-Rh	DEJU	Rh	yes	exact_match	DEJU-23-1-Rh	1
DEJU-23-1-Ro	DEJU	Ro	yes	exact_match	DEJU-23-1-Ro	1
DEJU-23-1-No	DEJU	No	yes	exact_match	DEJU-23-1-No	1
DEJU-24-1-No	DEJU	No	yes	exact_match	DEJU-24-1-No	1
DEJU-24-1-Rh	DEJU	Rh	yes	exact_match	DEJU-24-1-Rh	1
DEJU-24-1-Ro	DEJU	Ro	yes	exact_match	DEJU-24-1-Ro	1
DEJU-25-No	DEJU	No	yes	exact_match	DEJU-25-No	1
DEJU-25-Rh	DEJU	Rh	yes	exact_match	DEJU-25-Rh	1
DEJU-25-Ro	DEJU	Ro	yes	exact_match	DEJU-25-Ro	1
DEJU-26-No	DEJU	No	yes	exact_match	DEJU-26-No	1
DEJU-27-No	DEJU	No	yes	exact_match	DEJU-27-No	1
DEJU-27-Rh	DEJU	Rh	yes	exact_match	DEJU-27-Rh	1
DEJU-27-Ro	DEJU	Ro	yes	exact_match	DEJU-27-Ro	1
DEJU-26-Rh	DEJU	Rh	yes	exact_match	DEJU-26-Rh	1
DEJU-28-1-No	DEJU	No	yes	exact_match	DEJU-28-1-No	1
DEJU-28-1-Ro	DEJU	Ro	yes	exact_match	DEJU-28-1-Ro	1
DEJU-28-1-Rh	DEJU	Rh	yes	exact_match	DEJU-28-1-Rh	1
DEJU-28-2-Rh	DEJU	Rh	yes	exact_match	DEJU-28-2-Rh	1
DEJU-28-2-Ro	DEJU	Ro	yes	exact_match	DEJU-28-2-Ro	1
DEJU-28-2-No	DEJU	No	yes	exact_match	DEJU-28-2-No	1
DEJU-29-1-Rh	DEJU	Rh	yes	exact_match	DEJU-29-1-Rh	1
DEJU-29-1-Ro	DEJU	Ro	yes	exact_match	DEJU-29-1-Ro	1
DEJU-29-1-No	DEJU	No	yes	exact_match	DEJU-29-1-No	1
DEJU-29-2-Rh	DEJU	Rh	yes	exact_match	DEJU-29-2-Rh	1
DEJU-29-2-Ro	DEJU	Ro	yes	exact_match	DEJU-29-2-Ro	1
DEJU-2-No	DEJU	No	yes	exact_match	DEJU-2-No	1
DEJU-2-Rh	DEJU	Rh	yes	exact_match	DEJU-2-Rh	1
DEJU-2-Ro	DEJU	Ro	yes	exact_match	DEJU-2-Ro	1
DEJU-29-2-No	DEJU	No	yes	exact_match	DEJU-29-2-No	1
DEJU-30-Rh	DEJU	Rh	yes	exact_match	DEJU-30-Rh	1
DEJU-30-No	DEJU	No	yes	exact_match	DEJU-30-No	1
DEJU-30-Ro	DEJU	Ro	yes	exact_match	DEJU-30-Ro	1
DEJU-3-1-No	DEJU	No	yes	exact_match	DEJU-31-No;DEJU-3-1-No	2
DEJU-3-1-Rh	DEJU	Rh	yes	exact_match	DEJU-31-Rh;DEJU-3-1-Rh	2
DEJU-31-Rh	DEJU	Rh	yes	exact_match	DEJU-31-Rh;DEJU-3-1-Rh	2
DEJU-3-1-Ro	DEJU	Ro	yes	exact_match	DEJU-31-Ro;DEJU-3-1-Ro	2
DEJU-31-Ro	DEJU	Ro	yes	exact_match	DEJU-31-Ro;DEJU-3-1-Ro	2
DEJU-31-No	DEJU	No	yes	exact_match	DEJU-31-No;DEJU-3-1-No	2
DEJU-32-Rh	DEJU	Rh	yes	exact_match	DEJU-32-Rh	1
DEJU-32-Ro	DEJU	Ro	yes	exact_match	DEJU-32-Ro	1
DEJU-32-No	DEJU	No	yes	exact_match	DEJU-32-No	1
DEJU-33-Rh	DEJU	Rh	yes	exact_match	DEJU-33-Rh	1
DEJU-33-No	DEJU	No	yes	exact_match	DEJU-33-No	1
DEJU-33-Ro	DEJU	Ro	yes	exact_match	DEJU-33-Ro	1
DEJU-34-Rh	DEJU	Rh	yes	exact_match	DEJU-34-Rh	1
DEJU-34-Ro	DEJU	Ro	yes	exact_match	DEJU-34-Ro	1
DEJU-34-No	DEJU	No	yes	exact_match	DEJU-34-No	1
DEJU-35-Rh	DEJU	Rh	yes	exact_match	DEJU-35-Rh	1
DEJU-35-Ro	DEJU	Ro	yes	exact_match	DEJU-35-Ro	1
DEJU-35-No	DEJU	No	yes	exact_match	DEJU-35-No	1
DEJU-36-Rh	DEJU	Rh	yes	exact_match	DEJU-36-Rh	1
DEJU-36-Ro	DEJU	Ro	yes	exact_match	DEJU-36-Ro	1
DEJU-36-No	DEJU	No	yes	exact_match	DEJU-36-No	1
DEJU-37-Rh	DEJU	Rh	yes	exact_match	DEJU-37-Rh	1
DEJU-37-No	DEJU	No	yes	exact_match	DEJU-37-No	1
DEJU-37-Ro	DEJU	Ro	yes	exact_match	DEJU-37-Ro	1
DEJU-38-Rh	DEJU	Rh	yes	exact_match	DEJU-38-Rh	1
DEJU-38-Ro	DEJU	Ro	yes	exact_match	DEJU-38-Ro	1
DEJU-38-No	DEJU	No	yes	exact_match	DEJU-38-No	1
DEJU-39-Rh	DEJU	Rh	yes	exact_match	DEJU-39-Rh	1
DEJU-39-Ro	DEJU	Ro	yes	exact_match	DEJU-39-Ro	1
DEJU-40-No	DEJU	No	yes	exact_match	DEJU-40-No	1
DEJU-40-Rh	DEJU	Rh	yes	exact_match	DEJU-40-Rh	1
DEJU-40-Ro	DEJU	Ro	yes	exact_match	DEJU-40-Ro	1
DEJU-41-1-No	DEJU	No	yes	exact_match	DEJU-41-1-No	1
DEJU-41-1-Rh	DEJU	Rh	yes	exact_match	DEJU-41-1-Rh	1
DEJU-41-1-Ro	DEJU	Ro	yes	exact_match	DEJU-41-1-Ro	1
DEJU-39-No	DEJU	No	yes	exact_match	DEJU-39-No	1
DEJU-4-1-Rh	DEJU	Rh	yes	exact_match	DEJU-4-1-Rh	1
DEJU-4-1-Ro	DEJU	Ro	yes	exact_match	DEJU-4-1-Ro	1
DEJU-4-1-No	DEJU	No	yes	exact_match	DEJU-4-1-No	1
DEJU-4-2-No	DEJU	No	yes	exact_match	DEJU-42-No;DEJU-4-2-No	2
DEJU-4-2-Rh	DEJU	Rh	yes	exact_match	DEJU-42-Rh;DEJU-4-2-Rh	2
DEJU-42-Rh	DEJU	Rh	yes	exact_match	DEJU-42-Rh;DEJU-4-2-Rh	2
DEJU-4-2-Ro	DEJU	Ro	yes	exact_match	DEJU-42-Ro;DEJU-4-2-Ro	2
DEJU-42-Ro	DEJU	Ro	yes	exact_match	DEJU-42-Ro;DEJU-4-2-Ro	2
DEJU-42-No	DEJU	No	yes	exact_match	DEJU-42-No;DEJU-4-2-No	2
DEJU-43-Rh	DEJU	Rh	yes	exact_match	DEJU-43-Rh	1
DEJU-43-Ro	DEJU	Ro	yes	exact_match	DEJU-43-Ro	1
DEJU-43-No	DEJU	No	yes	exact_match	DEJU-43-No	1
DEJU-44-Rh	DEJU	Rh	yes	exact_match	DEJU-44-Rh	1
DEJU-44-Ro	DEJU	Ro	yes	exact_match	DEJU-44-Ro	1
DEJU-44-No	DEJU	No	yes	exact_match	DEJU-44-No	1
DEJU-45-1-Rh	DEJU	Rh	yes	exact_match	DEJU-45-1-Rh	1
DEJU-45-1-Ro	DEJU	Ro	yes	exact_match	DEJU-45-1-Ro	1
DEJU-46-No	DEJU	No	yes	exact_match	DEJU-46-No	1
DEJU-46-Rh	DEJU	Rh	yes	exact_match	DEJU-46-Rh	1
DEJU-46-Ro	DEJU	Ro	yes	exact_match	DEJU-46-Ro	1
DEJU-45-1-No	DEJU	No	yes	exact_match	DEJU-45-1-No	1
DEJU-47-Rh	DEJU	Rh	yes	exact_match	DEJU-47-Rh	1
DEJU-47-Ro	DEJU	Ro	yes	exact_match	DEJU-47-Ro	1
DEJU-48-No	DEJU	No	yes	exact_match	DEJU-48-No	1
DEJU-47-No	DEJU	No	yes	exact_match	DEJU-47-No	1
DEJU-48-Ro	DEJU	Ro	yes	exact_match	DEJU-48-Ro	1
DEJU-48-Rh	DEJU	Rh	yes	exact_match	DEJU-48-Rh	1
DEJU-50-Rh	DEJU	Rh	yes	exact_match	DEJU-50-Rh	1
DEJU-50-Ro	DEJU	Ro	yes	exact_match	DEJU-50-Ro	1
DEJU-50-No	DEJU	No	yes	exact_match	DEJU-50-No	1
DEJU-51-1-Rh	DEJU	Rh	yes	exact_match	DEJU-51-1-Rh	1
DEJU-51-1-Ro	DEJU	Ro	yes	exact_match	DEJU-51-1-Ro	1
DEJU-51-1-No	DEJU	No	yes	exact_match	DEJU-51-1-No	1
DEJU-5-1-Rh	DEJU	Rh	yes	exact_match	DEJU-5-1-Rh	1
DEJU-5-1-Ro	DEJU	Ro	yes	exact_match	DEJU-5-1-Ro	1
DEJU-52-1-No	DEJU	No	yes	exact_match	DEJU-52-1-No	1
DEJU-52-1-Rh	DEJU	Rh	yes	exact_match	DEJU-52-1-Rh	1
DEJU-52-1-Ro	DEJU	Ro	yes	exact_match	DEJU-52-1-Ro	1
DEJU-5-1-No	DEJU	No	yes	exact_match	DEJU-5-1-No	1
DEJU-5-2-Rh	DEJU	Rh	yes	exact_match	DEJU-5-2-Rh	1
DEJU-5-2-Ro	DEJU	Ro	yes	exact_match	DEJU-5-2-Ro	1
DEJU-5-2-No	DEJU	No	yes	exact_match	DEJU-5-2-No	1
DEJU-53-Rh	DEJU	Rh	yes	exact_match	DEJU-53-Rh	1
DEJU-53-Ro	DEJU	Ro	yes	exact_match	DEJU-53-Ro	1
DEJU-54-No	DEJU	No	yes	exact_match	DEJU-54-No	1
DEJU-54-Rh	DEJU	Rh	yes	exact_match	DEJU-54-Rh	1
DEJU-54-Ro	DEJU	Ro	yes	exact_match	DEJU-54-Ro	1
DEJU-53-No	DEJU	No	yes	exact_match	DEJU-53-No	1
DEJU-55-Rh	DEJU	Rh	yes	exact_match	DEJU-55-Rh	1
DEJU-55-Ro	DEJU	Ro	yes	exact_match	DEJU-55-Ro	1
DEJU-56-Rh	DEJU	Rh	yes	exact_match	DEJU-56-Rh	1
DEJU-56-Ro	DEJU	Ro	yes	exact_match	DEJU-56-Ro	1
DEJU-55-No	DEJU	No	yes	exact_match	DEJU-55-No	1
DEJU-57-Rh	DEJU	Rh	yes	exact_match	DEJU-57-Rh	1
DEJU-57-Ro	DEJU	Ro	yes	exact_match	DEJU-57-Ro	1
DEJU-58-No	DEJU	No	yes	exact_match	DEJU-58-No	1
DEJU-58-Rh	DEJU	Rh	yes	exact_match	DEJU-58-Rh	1
DEJU-58-Ro	DEJU	Ro	yes	exact_match	DEJU-58-Ro	1
DEJU-57-No	DEJU	No	yes	exact_match	DEJU-57-No	1
DEJU-59-Rh	DEJU	Rh	yes	exact_match	DEJU-59-Rh	1
DEJU-59-No	DEJU	No	yes	exact_match	DEJU-59-No	1
DEJU-59-Ro	DEJU	Ro	yes	exact_match	DEJU-59-Ro	1
DEJU-60-Rh	DEJU	Rh	yes	exact_match	DEJU-60-Rh	1
DEJU-60-Ro	DEJU	Ro	yes	exact_match	DEJU-60-Ro	1
DEJU-60-No	DEJU	No	yes	exact_match	DEJU-60-No	1
DEJU-6-1-Rh	DEJU	Rh	yes	exact_match	DEJU-6-1-Rh	1
DEJU-6-1-Ro	DEJU	Ro	yes	exact_match	DEJU-6-1-Ro	1
DEJU-62-1-No	DEJU	No	yes	exact_match	DEJU-62-1-No	1
DEJU-62-1-Rh	DEJU	Rh	yes	exact_match	DEJU-62-1-Rh	1
DEJU-62-1-Ro	DEJU	Ro	yes	exact_match	DEJU-62-1-Ro	1
DEJU-6-1-No	DEJU	No	yes	exact_match	DEJU-6-1-No	1
DEJU-6-2-Rh	DEJU	Rh	yes	exact_match	DEJU-6-2-Rh	1
DEJU-6-2-Ro	DEJU	Ro	yes	exact_match	DEJU-6-2-Ro	1
DEJU-63-No	DEJU	No	yes	exact_match	DEJU-63-No	1
DEJU-63-Rh	DEJU	Rh	yes	exact_match	DEJU-63-Rh	1
DEJU-63-Ro	DEJU	Ro	yes	exact_match	DEJU-63-Ro	1
DEJU-6-2-No	DEJU	No	yes	exact_match	DEJU-6-2-No	1
DEJU-7-1-Rh	DEJU	Rh	yes	exact_match	DEJU-7-1-Rh	1
DEJU-7-1-No	DEJU	No	yes	exact_match	DEJU-7-1-No	1
DEJU-7-1-Ro	DEJU	Ro	yes	exact_match	DEJU-7-1-Ro	1
DEJU-7-2-Rh	DEJU	Rh	yes	exact_match	DEJU-7-2-Rh	1
DEJU-7-2-Ro	DEJU	Ro	yes	exact_match	DEJU-7-2-Ro	1
DEJU-8-1-No	DEJU	No	yes	exact_match	DEJU-8-1-No	1
DEJU-7-2-No	DEJU	No	yes	exact_match	DEJU-7-2-No	1
DEJU-8-1-Ro	DEJU	Ro	yes	exact_match	DEJU-8-1-Ro	1
DEJU-8-1-Rh	DEJU	Rh	yes	exact_match	DEJU-8-1-Rh	1
DEJU-8-2-Rh	DEJU	Rh	yes	exact_match	DEJU-8-2-Rh	1
DEJU-8-2-Ro	DEJU	Ro	yes	exact_match	DEJU-8-2-Ro	1
DEJU-9-1-No	DEJU	No	yes	exact_match	DEJU-9-1-No	1
DEJU-9-1-Rh	DEJU	Rh	yes	exact_match	DEJU-9-1-Rh	1
DEJU-9-1-Ro	DEJU	Ro	yes	exact_match	DEJU-9-1-Ro	1
DEJU-8-2-No	DEJU	No	yes	exact_match	DEJU-8-2-No	1
DELA-10-2-No	DELA	No	yes	exact_match	DELA-10-2-No	1
DELA-10-2-Rh	DELA	Rh	yes	exact_match	DELA-10-2-Rh	1
DELA-10-2-Ro	DELA	Ro	yes	exact_match	DELA-10-2-Ro	1
DELA-11-3-Rh	DELA	Rh	yes	exact_match	DELA-11-3-Rh	1
DELA-11-3-Ro	DELA	Ro	yes	exact_match	DELA-11-3-Ro	1
DELA-11-3-No	DELA	No	yes	exact_match	DELA-11-3-No	1
DELA-12-2-Rh	DELA	Rh	yes	exact_match	DELA-12-2-Rh	1
DELA-12-2-Ro	DELA	Ro	yes	exact_match	DELA-12-2-Ro	1
DELA-13-1-No	DELA	No	yes	exact_match	DELA-13-1-No	1
DELA-12-2-No	DELA	No	yes	exact_match	DELA-12-2-No	1
DELA-13-1-Rh	DELA	Rh	yes	exact_match	DELA-13-1-Rh	1
DELA-13-1-Ro	DELA	Ro	yes	exact_match	DELA-13-1-Ro	1
DELA-1-3-Rh	DELA	Rh	yes	exact_match	DELA-1-3-Rh	1
DELA-1-3-Ro	DELA	Ro	yes	exact_match	DELA-1-3-Ro	1
DELA-14-2-No	DELA	No	yes	exact_match	DELA-14-2-No	1
DELA-1-3-No	DELA	No	yes	exact_match	DELA-1-3-No	1
DELA-14-2-Rh	DELA	Rh	yes	exact_match	DELA-14-2-Rh	1
DELA-14-2-Ro	DELA	Ro	yes	exact_match	DELA-14-2-Ro	1
DELA-15-1-Rh	DELA	Rh	yes	exact_match	DELA-15-1-Rh	1
DELA-15-1-Ro	DELA	Ro	yes	exact_match	DELA-15-1-Ro	1
DELA-15-1-No	DELA	No	yes	exact_match	DELA-15-1-No	1
DELA-16-Rh	DELA	Rh	yes	exact_match	DELA-16-Rh	1
DELA-16-Ro	DELA	Ro	yes	exact_match	DELA-16-Ro	1
DELA-16-No	DELA	No	yes	exact_match	DELA-16-No	1
DELA-17-1-Rh	DELA	Rh	yes	exact_match	DELA-17-1-Rh	1
DELA-17-1-Ro	DELA	Ro	yes	exact_match	DELA-17-1-Ro	1
DELA-17-1-No	DELA	No	yes	exact_match	DELA-17-1-No	1
DELA-18-2-Rh	DELA	Rh	yes	exact_match	DELA-18-2-Rh	1
DELA-18-2-Ro	DELA	Ro	yes	exact_match	DELA-18-2-Ro	1
DELA-19-1-No	DELA	No	yes	exact_match	DELA-19-1-No	1
DELA-19-1-Rh	DELA	Rh	yes	exact_match	DELA-19-1-Rh	1
DELA-19-1-Ro	DELA	Ro	yes	exact_match	DELA-19-1-Ro	1
DELA-20-1-No	DELA	No	yes	exact_match	DELA-20-1-No	1
DELA-20-1-Rh	DELA	Rh	yes	exact_match	DELA-20-1-Rh	1
DELA-18-2-No	DELA	No	yes	exact_match	DELA-18-2-No	1
DELA-20-1-Ro	DELA	Ro	yes	exact_match	DELA-20-1-Ro	1
DELA-21-1-Rh	DELA	Rh	yes	exact_match	DELA-21-1-Rh	1
DELA-21-1-Ro	DELA	Ro	yes	exact_match	DELA-21-1-Ro	1
DELA-22-1-No	DELA	No	yes	exact_match	DELA-22-1-No	1
DELA-22-1-Rh	DELA	Rh	yes	exact_match	DELA-22-1-Rh	1
DELA-22-1-Ro	DELA	Ro	yes	exact_match	DELA-22-1-Ro	1
DELA-2-2-No	DELA	No	yes	exact_match	DELA-2-2-No	1
DELA-2-2-Rh	DELA	Rh	yes	exact_match	DELA-2-2-Rh	1
DELA-2-2-Ro	DELA	Ro	yes	exact_match	DELA-2-2-Ro	1
DELA-21-1-No	DELA	No	yes	exact_match	DELA-21-1-No	1
DELA-23-2-Rh	DELA	Rh	yes	exact_match	DELA-23-2-Rh	1
DELA-23-2-No	DELA	No	yes	exact_match	DELA-23-2-No	1
DELA-23-2-Ro	DELA	Ro	yes	exact_match	DELA-23-2-Ro	1
DELA-24-1-Rh	DELA	Rh	yes	exact_match	DELA-24-1-Rh	1
DELA-24-1-Ro	DELA	Ro	yes	exact_match	DELA-24-1-Ro	1
DELA-24-1-No	DELA	No	yes	exact_match	DELA-24-1-No	1
DELA-25-2-Rh	DELA	Rh	yes	exact_match	DELA-25-2-Rh	1
DELA-25-2-Ro	DELA	Ro	yes	exact_match	DELA-25-2-Ro	1
DELA-26-3-No	DELA	No	yes	exact_match	DELA-26-3-No	1
DELA-25-2-No	DELA	No	yes	exact_match	DELA-25-2-No	1
DELA-26-3-Ro	DELA	Ro	yes	exact_match	DELA-26-3-Ro	1
DELA-26-3-Rh	DELA	Rh	yes	exact_match	DELA-26-3-Rh	1
DELA-27-3-Rh	DELA	Rh	yes	exact_match	DELA-27-3-Rh	1
DELA-27-3-Ro	DELA	Ro	yes	exact_match	DELA-27-3-Ro	1
DELA-27-3-No	DELA	No	yes	exact_match	DELA-27-3-No	1
DELA-28-Rh	DELA	Rh	yes	exact_match	DELA-28-Rh	1
DELA-28-No	DELA	No	yes	exact_match	DELA-28-No	1
DELA-28-Ro	DELA	Ro	yes	exact_match	DELA-28-Ro	1
DELA-29-1-No	DELA	No	yes	exact_match	DELA-29-1-No	1
DELA-29-1-Ro	DELA	Ro	yes	exact_match	DELA-29-1-Ro	1
DELA-30-2-No	DELA	No	yes	exact_match	DELA-30-2-No	1
DELA-30-2-Rh	DELA	Rh	yes	exact_match	DELA-30-2-Rh	1
DELA-30-2-Ro	DELA	Ro	yes	exact_match	DELA-30-2-Ro	1
DELA-29-1-Rh	DELA	Rh	yes	exact_match	DELA-29-1-Rh	1
DELA-31-1-Rh	DELA	Rh	yes	exact_match	DELA-31-1-Rh	1
DELA-31-1-Ro	DELA	Ro	yes	exact_match	DELA-31-1-Ro	1
DELA-31-1-No	DELA	No	yes	exact_match	DELA-31-1-No	1
DELA-32-1-Rh	DELA	Rh	yes	exact_match	DELA-32-1-Rh	1
DELA-32-1-Ro	DELA	Ro	yes	exact_match	DELA-32-1-Ro	1
DELA-32-1-No	DELA	No	yes	exact_match	DELA-32-1-No	1
DELA-33-1-Rh	DELA	Rh	yes	exact_match	DELA-33-1-Rh	1
DELA-33-1-Ro	DELA	Ro	yes	exact_match	DELA-33-1-Ro	1
DELA-33-1-No	DELA	No	yes	exact_match	DELA-33-1-No	1
DELA-3-3-No	DELA	No	yes	exact_match	DELA-3-3-No	1
DELA-3-3-Ro	DELA	Ro	yes	exact_match	DELA-3-3-Ro	1
DELA-3-3-Rh	DELA	Rh	yes	exact_match	DELA-3-3-Rh	1
DELA-4-1-Rh	DELA	Rh	yes	exact_match	DELA-4-1-Rh	1
DELA-4-1-Ro	DELA	Ro	yes	exact_match	DELA-4-1-Ro	1
DELA-5-1-No	DELA	No	yes	exact_match	DELA-5-1-No	1
DELA-5-1-Rh	DELA	Rh	yes	exact_match	DELA-5-1-Rh	1
DELA-4-1-No	DELA	No	yes	exact_match	DELA-4-1-No	1
DELA-5-1-Ro	DELA	Ro	yes	exact_match	DELA-5-1-Ro	1
DELA-6-3-No	DELA	No	yes	exact_match	DELA-6-3-No	1
DELA-6-3-Rh	DELA	Rh	yes	exact_match	DELA-6-3-Rh	1
DELA-6-3-Ro	DELA	Ro	yes	exact_match	DELA-6-3-Ro	1
DELA-7-3-Rh	DELA	Rh	yes	exact_match	DELA-7-3-Rh	1
DELA-7-3-Ro	DELA	Ro	yes	exact_match	DELA-7-3-Ro	1
DELA-7-3-No	DELA	No	yes	exact_match	DELA-7-3-No	1
DELA-8-2-Rh	DELA	Rh	yes	exact_match	DELA-8-2-Rh	1
DELA-8-2-Ro	DELA	Ro	yes	exact_match	DELA-8-2-Ro	1
DELA-8-2-No	DELA	No	yes	exact_match	DELA-8-2-No	1
DELA-9-1-Rh	DELA	Rh	yes	exact_match	DELA-9-1-Rh	1
DELA-9-1-Ro	DELA	Ro	yes	exact_match	DELA-9-1-Ro	1
DELA-9-1-No	DELA	No	yes	exact_match	DELA-9-1-No	1
DSNY-101-1-Rh	DSNY	Rh	yes	exact_match	DSNY-101-1-Rh	1
DSNY-10-3-No	DSNY	No	yes	exact_match	DSNY-10-3-No	1
DSNY-10-3-Rh	DSNY	Rh	yes	exact_match	DSNY-10-3-Rh	1
DSNY-10-3-Ro	DSNY	Ro	yes	exact_match	DSNY-10-3-Ro	1
DSNY-101-1-No	DSNY	No	yes	exact_match	DSNY-101-1-No	1
DSNY-11-3-Ro	DSNY	Ro	yes	exact_match	DSNY-11-3-Ro	1
DSNY-12-2-No	DSNY	No	yes	exact_match	DSNY-12-2-No	1
DSNY-12-2-Ro	DSNY	Ro	yes	exact_match	DSNY-12-2-Ro	1
DSNY-11-3-No	DSNY	No	yes	exact_match	DSNY-11-3-No	1
DSNY-13-1-No	DSNY	No	yes	exact_match	DSNY-13-1-No	1
DSNY-13-1-Rh	DSNY	Rh	yes	exact_match	DSNY-13-1-Rh	1
DSNY-13-1-Ro	DSNY	Ro	yes	exact_match	DSNY-13-1-Ro	1
DSNY-14-1-Rh	DSNY	Rh	yes	exact_match	DSNY-14-1-Rh	1
DSNY-14-1-Ro	DSNY	Ro	yes	exact_match	DSNY-14-1-Ro	1
DSNY-14-1-No	DSNY	No	yes	exact_match	DSNY-14-1-No	1
DSNY-15-1-Rh	DSNY	Rh	yes	exact_match	DSNY-15-1-Rh	1
DSNY-15-1-Ro	DSNY	Ro	yes	exact_match	DSNY-15-1-Ro	1
DSNY-15-1-No	DSNY	No	yes	exact_match	DSNY-15-1-No	1
DSNY-17-3-Rh	DSNY	Rh	yes	exact_match	DSNY-17-3-Rh	1
DSNY-17-3-No	DSNY	No	yes	exact_match	DSNY-17-3-No	1
DSNY-18-1-Rh	DSNY	Rh	yes	exact_match	DSNY-18-1-Rh	1
DSNY-18-1-Ro	DSNY	Ro	yes	exact_match	DSNY-18-1-Ro	1
DSNY-18-1-No	DSNY	No	yes	exact_match	DSNY-18-1-No	1
DSNY-19-1-Rh	DSNY	Rh	yes	exact_match	DSNY-19-1-Rh	1
DSNY-19-1-No	DSNY	No	yes	exact_match	DSNY-19-1-No	1
DSNY-20-1-Rh	DSNY	Rh	yes	exact_match	DSNY-20-1-Rh	1
DSNY-20-1-Ro	DSNY	Ro	yes	exact_match	DSNY-20-1-Ro	1
DSNY-21-1-No	DSNY	No	yes	exact_match	DSNY-21-1-No	1
DSNY-21-1-Rh	DSNY	Rh	yes	exact_match	DSNY-21-1-Rh	1
DSNY-21-1-Ro	DSNY	Ro	yes	exact_match	DSNY-21-1-Ro	1
DSNY-20-1-No	DSNY	No	yes	exact_match	DSNY-20-1-No	1
DSNY-2-1-No	DSNY	No	yes	exact_match	DSNY-2-1-No	1
DSNY-2-1-Ro	DSNY	Ro	yes	exact_match	DSNY-2-1-Ro	1
DSNY-2-1-Rh	DSNY	Rh	yes	exact_match	DSNY-2-1-Rh	1
DSNY-22-3-Rh	DSNY	Rh	yes	exact_match	DSNY-22-3-Rh	1
DSNY-22-3-Ro	DSNY	Ro	yes	exact_match	DSNY-22-3-Ro	1
DSNY-22-3-No	DSNY	No	yes	exact_match	DSNY-22-3-No	1
DSNY-24-1-Rh	DSNY	Rh	yes	exact_match	DSNY-24-1-Rh	1
DSNY-24-1-Ro	DSNY	Ro	yes	exact_match	DSNY-24-1-Ro	1
DSNY-25-1-No	DSNY	No	yes	exact_match	DSNY-25-1-No	1
DSNY-25-1-Rh	DSNY	Rh	yes	exact_match	DSNY-25-1-Rh	1
DSNY-25-1-Ro	DSNY	Ro	yes	exact_match	DSNY-25-1-Ro	1
DSNY-26-1-No	DSNY	No	yes	exact_match	DSNY-26-1-No	1
DSNY-26-1-Rh	DSNY	Rh	yes	exact_match	DSNY-26-1-Rh	1
DSNY-26-1-Ro	DSNY	Ro	yes	exact_match	DSNY-26-1-Ro	1
DSNY-24-1-No	DSNY	No	yes	exact_match	DSNY-24-1-No	1
DSNY-27-1-Rh	DSNY	Rh	yes	exact_match	DSNY-27-1-Rh	1
DSNY-27-1-Ro	DSNY	Ro	yes	exact_match	DSNY-27-1-Ro	1
DSNY-28-1-No	DSNY	No	yes	exact_match	DSNY-28-1-No	1
DSNY-28-1-Rh	DSNY	Rh	yes	exact_match	DSNY-28-1-Rh	1
DSNY-28-1-Ro	DSNY	Ro	yes	exact_match	DSNY-28-1-Ro	1
DSNY-27-1-No	DSNY	No	yes	exact_match	DSNY-27-1-No	1
DSNY-29-1-Rh	DSNY	Rh	yes	exact_match	DSNY-29-1-Rh	1
DSNY-29-1-Ro	DSNY	Ro	yes	exact_match	DSNY-29-1-Ro	1
DSNY-29-1-No	DSNY	No	yes	exact_match	DSNY-29-1-No	1
DSNY-30-1-No	DSNY	No	yes	exact_match	DSNY-30-1-No	1
DSNY-30-1-Ro	DSNY	Ro	yes	exact_match	DSNY-30-1-Ro	1
DSNY-30-1-Rh	DSNY	Rh	yes	exact_match	DSNY-30-1-Rh	1
DSNY-31-1-Rh	DSNY	Rh	yes	exact_match	DSNY-31-1-Rh	1
DSNY-31-1-Ro	DSNY	Ro	yes	exact_match	DSNY-31-1-Ro	1
DSNY-3-1-No	DSNY	No	yes	exact_match	DSNY-3-1-No	1
DSNY-3-1-Rh	DSNY	Rh	yes	exact_match	DSNY-3-1-Rh	1
DSNY-3-1-Ro	DSNY	Ro	yes	exact_match	DSNY-3-1-Ro	1
DSNY-31-1-No	DSNY	No	yes	exact_match	DSNY-31-1-No	1
DSNY-34-1-Rh	DSNY	Rh	yes	exact_match	DSNY-34-1-Rh	1
DSNY-34-1-Ro	DSNY	Ro	yes	exact_match	DSNY-34-1-Ro	1
DSNY-34-1-No	DSNY	No	yes	exact_match	DSNY-34-1-No	1
DSNY-36-1-No	DSNY	No	yes	exact_match	DSNY-36-1-No	1
DSNY-36-1-Ro	DSNY	Ro	yes	exact_match	DSNY-36-1-Ro	1
DSNY-36-1-Rh	DSNY	Rh	yes	exact_match	DSNY-36-1-Rh	1
DSNY-37-1-Rh	DSNY	Rh	yes	exact_match	DSNY-37-1-Rh	1
DSNY-37-1-Ro	DSNY	Ro	yes	exact_match	DSNY-37-1-Ro	1
DSNY-38-3-No	DSNY	No	yes	exact_match	DSNY-38-3-No	1
DSNY-38-3-Rh	DSNY	Rh	yes	exact_match	DSNY-38-3-Rh	1
DSNY-38-3-Ro	DSNY	Ro	yes	exact_match	DSNY-38-3-Ro	1
DSNY-39-4-No	DSNY	No	yes	exact_match	DSNY-39-4-No	1
DSNY-37-1-No	DSNY	No	yes	exact_match	DSNY-37-1-No	1
DSNY-39-4-Ro	DSNY	Ro	yes	exact_match	DSNY-39-4-Ro	1
DSNY-39-4-Rh	DSNY	Rh	yes	exact_match	DSNY-39-4-Rh	1
DSNY-40-2-No	DSNY	No	yes	exact_match	DSNY-40-2-No	1
DSNY-40-2-Ro	DSNY	Ro	yes	exact_match	DSNY-40-2-Ro	1
DSNY-40-2-Rh	DSNY	Rh	yes	exact_match	DSNY-40-2-Rh	1
DSNY-4-1-Rh	DSNY	Rh	yes	exact_match	DSNY-4-1-Rh	1
DSNY-4-1-Ro	DSNY	Ro	yes	exact_match	DSNY-4-1-Ro	1
DSNY-43-1-No	DSNY	No	yes	exact_match	DSNY-43-1-No	1
DSNY-43-1-Rh	DSNY	Rh	yes	exact_match	DSNY-43-1-Rh	1
DSNY-4-1-No	DSNY	No	yes	exact_match	DSNY-4-1-No	1
DSNY-43-1-Ro	DSNY	Ro	yes	exact_match	DSNY-43-1-Ro	1
DSNY-44-1-Rh	DSNY	Rh	yes	exact_match	DSNY-44-1-Rh	1
DSNY-44-1-Ro	DSNY	Ro	yes	exact_match	DSNY-44-1-Ro	1
DSNY-44-1-No	DSNY	No	yes	exact_match	DSNY-44-1-No	1
DSNY-48-1-Rh	DSNY	Rh	yes	exact_match	DSNY-48-1-Rh	1
DSNY-48-1-Ro	DSNY	Ro	yes	exact_match	DSNY-48-1-Ro	1
DSNY-48-1-No	DSNY	No	yes	exact_match	DSNY-48-1-No	1
DSNY-49-2-Rh	DSNY	Rh	yes	exact_match	DSNY-49-2-Rh	1
DSNY-49-2-Ro	DSNY	Ro	yes	exact_match	DSNY-49-2-Ro	1
DSNY-49-2-No	DSNY	No	yes	exact_match	DSNY-49-2-No	1
DSNY-50-1-Rh	DSNY	Rh	yes	exact_match	DSNY-50-1-Rh	1
DSNY-50-1-Ro	DSNY	Ro	yes	exact_match	DSNY-50-1-Ro	1
DSNY-50-1-No	DSNY	No	yes	exact_match	DSNY-50-1-No	1
DSNY-51-2-Rh	DSNY	Rh	yes	exact_match	DSNY-51-2-Rh	1
DSNY-51-2-Ro	DSNY	Ro	yes	exact_match	DSNY-51-2-Ro	1
DSNY-51-2-No	DSNY	No	yes	exact_match	DSNY-51-2-No	1
DSNY-5-1-No	DSNY	No	yes	exact_match	DSNY-5-1-No	1
DSNY-5-1-Rh	DSNY	Rh	yes	exact_match	DSNY-5-1-Rh	1
DSNY-5-1-Ro	DSNY	Ro	yes	exact_match	DSNY-5-1-Ro	1
DSNY-52-1-Rh	DSNY	Rh	yes	exact_match	DSNY-52-1-Rh	1
DSNY-52-1-Ro	DSNY	Ro	yes	exact_match	DSNY-52-1-Ro	1
DSNY-52-1-No	DSNY	No	yes	exact_match	DSNY-52-1-No	1
DSNY-53-1-Rh	DSNY	Rh	yes	exact_match	DSNY-53-1-Rh	1
DSNY-53-1-Ro	DSNY	Ro	yes	exact_match	DSNY-53-1-Ro	1
DSNY-53-1-No	DSNY	No	yes	exact_match	DSNY-53-1-No	1
DSNY-54-1-Rh	DSNY	Rh	yes	exact_match	DSNY-54-1-Rh	1
DSNY-54-1-Ro	DSNY	Ro	yes	exact_match	DSNY-54-1-Ro	1
DSNY-54-1-No	DSNY	No	yes	exact_match	DSNY-54-1-No	1
DSNY-56-1-Rh	DSNY	Rh	yes	exact_match	DSNY-56-1-Rh	1
DSNY-56-1-No	DSNY	No	yes	exact_match	DSNY-56-1-No	1
DSNY-56-1-Ro	DSNY	Ro	yes	exact_match	DSNY-56-1-Ro	1
DSNY-57-1-Ro	DSNY	Ro	yes	exact_match	DSNY-57-1-Ro	1
DSNY-57-1-Rh	DSNY	Rh	yes	exact_match	DSNY-57-1-Rh	1
DSNY-57-No	DSNY	No	yes	exact_match	DSNY-57-No	1
DSNY-58-Rh	DSNY	Rh	yes	exact_match	DSNY-58-Rh	1
DSNY-58-No	DSNY	No	yes	exact_match	DSNY-58-No	1
DSNY-59-Rh	DSNY	Rh	yes	exact_match	DSNY-59-Rh	1
DSNY-59-No	DSNY	No	yes	exact_match	DSNY-59-No	1
DSNY-61-4-Rh	DSNY	Rh	yes	exact_match	DSNY-61-4-Rh	1
DSNY-61-4-Ro	DSNY	Ro	yes	exact_match	DSNY-61-4-Ro	1
DSNY-59-Ro	DSNY	Ro	yes	exact_match	DSNY-59-Ro	1
DSNY-6-2-Rh	DSNY	Rh	yes	exact_match	DSNY-6-2-Rh	1
DSNY-6-2-Ro	DSNY	Ro	yes	exact_match	DSNY-6-2-Ro	1
DSNY-6-2-No	DSNY	No	yes	exact_match	DSNY-6-2-No	1
DSNY-63-Rh	DSNY	Rh	yes	exact_match	DSNY-63-Rh	1
DSNY-63-Ro	DSNY	Ro	yes	exact_match	DSNY-63-Ro	1
DSNY-63-No	DSNY	No	yes	exact_match	DSNY-63-No	1
DSNY-64-2-Rh	DSNY	Rh	yes	exact_match	DSNY-64-2-Rh	1
DSNY-64-2-Ro	DSNY	Ro	yes	exact_match	DSNY-64-2-Ro	1
DSNY-65-1-No	DSNY	No	yes	exact_match	DSNY-65-1-No	1
DSNY-64-2-No	DSNY	No	yes	exact_match	DSNY-64-2-No	1
DSNY-65-1-Ro	DSNY	Ro	yes	exact_match	DSNY-65-1-Ro	1
DSNY-65-1-Rh	DSNY	Rh	yes	exact_match	DSNY-65-1-Rh	1
DSNY-66-1-Rh	DSNY	Rh	yes	exact_match	DSNY-66-1-Rh	1
DSNY-66-1-Ro	DSNY	Ro	yes	exact_match	DSNY-66-1-Ro	1
DSNY-66-1-No	DSNY	No	yes	exact_match	DSNY-66-1-No	1
DSNY-67-3-Rh	DSNY	Rh	yes	exact_match	DSNY-67-3-Rh	1
DSNY-67-3-Ro	DSNY	Ro	yes	exact_match	DSNY-67-3-Ro	1
DSNY-67-3-No	DSNY	No	yes	exact_match	DSNY-67-3-No	1
DSNY-68-1-Rh	DSNY	Rh	yes	exact_match	DSNY-68-1-Rh	1
DSNY-68-1-No	DSNY	No	yes	exact_match	DSNY-68-1-No	1
DSNY-68-1-Ro	DSNY	Ro	yes	exact_match	DSNY-68-1-Ro	1
DSNY-69-1-Rh	DSNY	Rh	yes	exact_match	DSNY-69-1-Rh	1
DSNY-69-1-Ro	DSNY	Ro	yes	exact_match	DSNY-69-1-Ro	1
DSNY-70-1-No	DSNY	No	yes	exact_match	DSNY-70-1-No	1
DSNY-70-1-Rh	DSNY	Rh	yes	exact_match	DSNY-70-1-Rh	1
DSNY-70-1-Ro	DSNY	Ro	yes	exact_match	DSNY-70-1-Ro	1
DSNY-69-1-No	DSNY	No	yes	exact_match	DSNY-69-1-No	1
DSNY-71-1-No	DSNY	No	yes	exact_match	DSNY-71-1-No	1
DSNY-71-1-Ro	DSNY	Ro	yes	exact_match	DSNY-71-1-Ro	1
DSNY-71-1-Rh	DSNY	Rh	yes	exact_match	DSNY-71-1-Rh	1
DSNY-7-1-Rh	DSNY	Rh	yes	exact_match	DSNY-7-1-Rh	1
DSNY-7-1-Ro	DSNY	Ro	yes	exact_match	DSNY-7-1-Ro	1
DSNY-7-1-No	DSNY	No	yes	exact_match	DSNY-7-1-No	1
DSNY-72-1-No	DSNY	No	yes	exact_match	DSNY-72-1-No	1
DSNY-72-1-Rh	DSNY	Rh	yes	exact_match	DSNY-72-1-Rh	1
DSNY-72-1-Ro	DSNY	Ro	yes	exact_match	DSNY-72-1-Ro	1
DSNY-74-1-Rh	DSNY	Rh	yes	exact_match	DSNY-74-1-Rh	1
DSNY-74-1-Ro	DSNY	Ro	yes	exact_match	DSNY-74-1-Ro	1
DSNY-75-1-No	DSNY	No	yes	exact_match	DSNY-75-1-No	1
DSNY-75-1-Rh	DSNY	Rh	yes	exact_match	DSNY-75-1-Rh	1
DSNY-75-1-Ro	DSNY	Ro	yes	exact_match	DSNY-75-1-Ro	1
DSNY-74-1-No	DSNY	No	yes	exact_match	DSNY-74-1-No	1
DSNY-76-1-Rh	DSNY	Rh	yes	exact_match	DSNY-76-1-Rh	1
DSNY-76-1-No	DSNY	No	yes	exact_match	DSNY-76-1-No	1
DSNY-77-3-No	DSNY	No	yes	exact_match	DSNY-77-3-No	1
DSNY-77-3-Rh	DSNY	Rh	yes	exact_match	DSNY-77-3-Rh	1
DSNY-77-3-Ro	DSNY	Ro	yes	exact_match	DSNY-77-3-Ro	1
DSNY-76-1-Ro	DSNY	Ro	yes	exact_match	DSNY-76-1-Ro	1
DSNY-78-1-Rh	DSNY	Rh	yes	exact_match	DSNY-78-1-Rh	1
DSNY-78-1-Ro	DSNY	Ro	yes	exact_match	DSNY-78-1-Ro	1
DSNY-78-1-No	DSNY	No	yes	exact_match	DSNY-78-1-No	1
DSNY-79-1-Rh	DSNY	Rh	yes	exact_match	DSNY-79-1-Rh	1
DSNY-79-1-Ro	DSNY	Ro	yes	exact_match	DSNY-79-1-Ro	1
DSNY-79-1-No	DSNY	No	yes	exact_match	DSNY-79-1-No	1
DSNY-80-1-Rh	DSNY	Rh	yes	exact_match	DSNY-80-1-Rh	1
DSNY-80-1-Ro	DSNY	Ro	yes	exact_match	DSNY-80-1-Ro	1
DSNY-80-1-No	DSNY	No	yes	exact_match	DSNY-80-1-No	1
DSNY-81-1-Rh	DSNY	Rh	yes	exact_match	DSNY-81-1-Rh	1
DSNY-81-1-Ro	DSNY	Ro	yes	exact_match	DSNY-81-1-Ro	1
DSNY-8-1-No	DSNY	No	yes	exact_match	DSNY-8-1-No	1
DSNY-8-1-Rh	DSNY	Rh	yes	exact_match	DSNY-8-1-Rh	1
DSNY-8-1-Ro	DSNY	Ro	yes	exact_match	DSNY-8-1-Ro	1
DSNY-82-3-No	DSNY	No	yes	exact_match	DSNY-82-3-No	1
DSNY-82-3-Rh	DSNY	Rh	yes	exact_match	DSNY-82-3-Rh	1
DSNY-82-3-Ro	DSNY	Ro	yes	exact_match	DSNY-82-3-Ro	1
DSNY-81-1-No	DSNY	No	yes	exact_match	DSNY-81-1-No	1
DSNY-83-1-Rh	DSNY	Rh	yes	exact_match	DSNY-83-1-Rh	1
DSNY-83-1-Ro	DSNY	Ro	yes	exact_match	DSNY-83-1-Ro	1
DSNY-83-2-No	DSNY	No	yes	exact_match	DSNY-83-2-No	1
DSNY-83-2-Rh	DSNY	Rh	yes	exact_match	DSNY-83-2-Rh	1
DSNY-83-2-Ro	DSNY	Ro	yes	exact_match	DSNY-83-2-Ro	1
DSNY-83-1-No	DSNY	No	yes	exact_match	DSNY-83-1-No	1
DSNY-83-3-Rh	DSNY	Rh	yes	exact_match	DSNY-83-3-Rh	1
DSNY-83-3-Ro	DSNY	Ro	yes	exact_match	DSNY-83-3-Ro	1
DSNY-83-4-Rh	DSNY	Rh	yes	exact_match	DSNY-83-4-Rh	1
DSNY-83-4-Ro	DSNY	Ro	yes	exact_match	DSNY-83-4-Ro	1
DSNY-83-5-No	DSNY	No	yes	exact_match	DSNY-83-5-No	1
DSNY-83-5-Rh	DSNY	Rh	yes	exact_match	DSNY-83-5-Rh	1
DSNY-83-5-Ro	DSNY	Ro	yes	exact_match	DSNY-83-5-Ro	1
DSNY-84-2-No	DSNY	No	yes	exact_match	DSNY-84-2-No	1
DSNY-84-2-Rh	DSNY	Rh	yes	exact_match	DSNY-84-2-Rh	1
DSNY-84-2-Ro	DSNY	Ro	yes	exact_match	DSNY-84-2-Ro	1
DSNY-83-3-No	DSNY	No	yes	exact_match	DSNY-83-3-No	1
DSNY-85-1-Rh	DSNY	Rh	yes	exact_match	DSNY-85-1-Rh	1
DSNY-85-1-Ro	DSNY	Ro	yes	exact_match	DSNY-85-1-Ro	1
DSNY-86-1-No	DSNY	No	yes	exact_match	DSNY-86-1-No	1
DSNY-86-1-Rh	DSNY	Rh	yes	exact_match	DSNY-86-1-Rh	1
DSNY-86-1-Ro	DSNY	Ro	yes	exact_match	DSNY-86-1-Ro	1
DSNY-87-1-No	DSNY	No	yes	exact_match	DSNY-87-1-No	1
DSNY-85-1-No	DSNY	No	yes	exact_match	DSNY-85-1-No	1
DSNY-87-1-Rh	DSNY	Rh	yes	exact_match	DSNY-87-1-Rh	1
DSNY-87-1-Ro	DSNY	Ro	yes	exact_match	DSNY-87-1-Ro	1
DSNY-88-1-Rh	DSNY	Rh	yes	exact_match	DSNY-88-1-Rh	1
DSNY-88-1-No	DSNY	No	yes	exact_match	DSNY-88-1-No	1
DSNY-88-1-Ro	DSNY	Ro	yes	exact_match	DSNY-88-1-Ro	1
DSNY-89-Rh	DSNY	Rh	yes	exact_match	DSNY-89-Rh	1
DSNY-89-Ro	DSNY	Ro	yes	exact_match	DSNY-89-Ro	1
DSNY-90-No	DSNY	No	yes	exact_match	DSNY-90-No	1
DSNY-89-No	DSNY	No	yes	exact_match	DSNY-89-No	1
DSNY-90-Rh	DSNY	Rh	yes	exact_match	DSNY-90-Rh	1
DSNY-90-Ro	DSNY	Ro	yes	exact_match	DSNY-90-Ro	1
DSNY-91-1-Rh	DSNY	Rh	yes	exact_match	DSNY-91-1-Rh	1
DSNY-91-1-Ro	DSNY	Ro	yes	exact_match	DSNY-91-1-Ro	1
DSNY-92-1-No	DSNY	No	yes	exact_match	DSNY-92-1-No	1
DSNY-92-1-Rh	DSNY	Rh	yes	exact_match	DSNY-92-1-Rh	1
DSNY-92-1-Ro	DSNY	Ro	yes	exact_match	DSNY-92-1-Ro	1
DSNY-95-No	DSNY	No	yes	exact_match	DSNY-95-No	1
DSNY-95-Rh	DSNY	Rh	yes	exact_match	DSNY-95-Rh	1
DSNY-95-Ro	DSNY	Ro	yes	exact_match	DSNY-95-Ro	1
DSNY-96-2-No	DSNY	No	yes	exact_match	DSNY-96-2-No	1
DSNY-96-2-Rh	DSNY	Rh	yes	exact_match	DSNY-96-2-Rh	1
DSNY-96-2-Ro	DSNY	Ro	yes	exact_match	DSNY-96-2-Ro	1
DSNY-98-4-No	DSNY	No	yes	exact_match	DSNY-98-4-No	1
DSNY-98-4-Rh	DSNY	Rh	yes	exact_match	DSNY-98-4-Rh	1
DSNY-98-4-Ro	DSNY	Ro	yes	exact_match	DSNY-98-4-Ro	1
DSNY-91-1-No	DSNY	No	yes	exact_match	DSNY-91-1-No	1
DSNY-99-Rh	DSNY	Rh	yes	exact_match	DSNY-99-Rh	1
DSNY-99-Ro	DSNY	Ro	yes	exact_match	DSNY-99-Ro	1
DSNY-99-No	DSNY	No	yes	exact_match	DSNY-99-No	1
DSNY-CLFR-60-No	DSNY	No	yes	exact_match	DSNY-CLFR-60-No	1
DSNY-CLFR-60-Ro	DSNY	Ro	yes	exact_match	DSNY-CLFR-60-Ro	1
DSNY-CLFR-60-Rh	DSNY	Rh	yes	exact_match	DSNY-CLFR-60-Rh	1
DSNY-CRMA-33-1-Rh	DSNY	Rh	yes	exact_match	DSNY-CRMA-33-1-Rh	1
DSNY-CRMA-33-1-No	DSNY	No	yes	exact_match	DSNY-CRMA-33-1-No	1
DSNY-CRMA-33-1-Ro	DSNY	Ro	yes	exact_match	DSNY-CRMA-33-1-Ro	1
DSNY-CRMA-35-1-Rh	DSNY	Rh	yes	exact_match	DSNY-CRMA-35-1-Rh	1
DSNY-CRMA-35-1-Ro	DSNY	Ro	yes	exact_match	DSNY-CRMA-35-1-Ro	1
DSNY-GAEL-33-1-No	DSNY	No	yes	exact_match	DSNY-GAEL-33-1-No	1
DSNY-GAEL-33-1-Rh	DSNY	Rh	yes	exact_match	DSNY-GAEL-33-1-Rh	1
DSNY-GAEL-33-1-Ro	DSNY	Ro	yes	exact_match	DSNY-GAEL-33-1-Ro	1
DSNY-GARE-35-1-No	DSNY	No	yes	exact_match	DSNY-GARE-35-1-No	1
DSNY-GARE-35-1-Rh	DSNY	Rh	yes	exact_match	DSNY-GARE-35-1-Rh	1
DSNY-CRMA-35-1-No	DSNY	No	yes	exact_match	DSNY-CRMA-35-1-No	1
DSNY-GARE-35-1-Ro	DSNY	Ro	yes	exact_match	DSNY-GARE-35-1-Ro	1
DSNY-SEHE-60-Rh	DSNY	Rh	yes	exact_match	DSNY-SEHE-60-Rh	1
DSNY-SEHE-60-Ro	DSNY	Ro	yes	exact_match	DSNY-SEHE-60-Ro	1
DSNY-SEHE-60-No	DSNY	No	yes	exact_match	DSNY-SEHE-60-No	1
GRSM-1-Rh	GRSM	Rh	yes	exact_match	GRSM-1-Rh	1
GRSM-1-Ro	GRSM	Ro	yes	exact_match	GRSM-1-Ro	1
GRSM-1-No	GRSM	No	yes	exact_match	GRSM-1-No	1
GRSM-3-Rh	GRSM	Rh	yes	exact_match	GRSM-3-Rh	1
GRSM-3-Ro	GRSM	Ro	yes	exact_match	GRSM-3-Ro	1
GRSM-4-2-No	GRSM	No	yes	exact_match	GRSM-4-2-No	1
GRSM-3-No	GRSM	No	yes	exact_match	GRSM-3-No	1
GRSM-4-2-Rh	GRSM	Rh	yes	exact_match	GRSM-4-2-Rh	1
GUAN-10-No	GUAN	No	yes	exact_match	GUAN-10-No	1
GRSM-4-2-Ro	GRSM	Ro	yes	exact_match	GRSM-4-2-Ro	1
GUAN-10-Rh	GUAN	Rh	yes	exact_match	GUAN-10-Rh	1
GUAN-10-Ro	GUAN	Ro	yes	exact_match	GUAN-10-Ro	1
GUAN-1-No	GUAN	No	yes	exact_match	GUAN-1-No	1
GUAN-1-Ro	GUAN	Ro	yes	exact_match	GUAN-1-Ro	1
GUAN-1-Rh	GUAN	Rh	yes	exact_match	GUAN-1-Rh	1
GUAN-2-Rh	GUAN	Rh	yes	exact_match	GUAN-2-Rh	1
GUAN-2-Ro	GUAN	Ro	yes	exact_match	GUAN-2-Ro	1
GUAN-2-No	GUAN	No	yes	exact_match	GUAN-2-No	1
GUAN-3-No	GUAN	No	yes	exact_match	GUAN-3-No	1
GUAN-3-Rh	GUAN	Rh	yes	exact_match	GUAN-3-Rh	1
GUAN-3-Ro	GUAN	Ro	yes	exact_match	GUAN-3-Ro	1
GUAN-4-Rh	GUAN	Rh	yes	exact_match	GUAN-4-Rh	1
GUAN-4-Ro	GUAN	Ro	yes	exact_match	GUAN-4-Ro	1
GUAN-4-No	GUAN	No	yes	exact_match	GUAN-4-No	1
GUAN-5-Rh	GUAN	Rh	yes	exact_match	GUAN-5-Rh	1
GUAN-5-Ro	GUAN	Ro	yes	exact_match	GUAN-5-Ro	1
GUAN-5-No	GUAN	No	yes	exact_match	GUAN-5-No	1
GUAN-6-3-No	GUAN	No	yes	exact_match	GUAN-6-3-No	1
GUAN-6-3-Rh	GUAN	Rh	yes	exact_match	GUAN-6-3-Rh	1
GUAN-6-3-Ro	GUAN	Ro	yes	exact_match	GUAN-6-3-Ro	1
GUAN-7-1-Rh	GUAN	Rh	yes	exact_match	GUAN-7-1-Rh	1
GUAN-7-1-Ro	GUAN	Ro	yes	exact_match	GUAN-7-1-Ro	1
GUAN-7-1-No	GUAN	No	yes	exact_match	GUAN-7-1-No	1
GUAN-8-Rh	GUAN	Rh	yes	exact_match	GUAN-8-Rh	1
GUAN-8-Ro	GUAN	Ro	yes	exact_match	GUAN-8-Ro	1
GUAN-9-1-No	GUAN	No	yes	exact_match	GUAN-9-1-No	1
GUAN-9-1-Rh	GUAN	Rh	yes	exact_match	GUAN-9-1-Rh	1
GUAN-9-1-Ro	GUAN	Ro	yes	exact_match	GUAN-9-1-Ro	1
GUAN-8-No	GUAN	No	yes	exact_match	GUAN-8-No	1
HARV-1-1-Rh	HARV	Rh	yes	exact_match	HARV-1-1-Rh	1
HARV-1-1-Ro	HARV	Ro	yes	exact_match	HARV-1-1-Ro	1
HARV-1-2-No	HARV	No	yes	exact_match	HARV-1-2-No	1
HARV-1-2-Rh	HARV	Rh	yes	exact_match	HARV-1-2-Rh	1
HARV-1-2-Ro	HARV	Ro	yes	exact_match	HARV-1-2-Ro	1
HARV-1-3-No	HARV	No	yes	exact_match	HARV-1-3-No	1
HARV-1-3-Rh	HARV	Rh	yes	exact_match	HARV-1-3-Rh	1
HARV-1-1-No	HARV	No	yes	exact_match	HARV-1-1-No	1
HARV-1-3-Ro	HARV	Ro	yes	exact_match	HARV-1-3-Ro	1
HARV-2-1-Rh	HARV	Rh	yes	exact_match	HARV-2-1-Rh	1
HARV-2-1-Ro	HARV	Ro	yes	exact_match	HARV-2-1-Ro	1
HARV-2-1-No	HARV	No	yes	exact_match	HARV-2-1-No	1
HARV-2-2-Rh	HARV	Rh	yes	exact_match	HARV-2-2-Rh	1
HARV-2-2-Ro	HARV	Ro	yes	exact_match	HARV-2-2-Ro	1
HARV-2-2-No	HARV	No	yes	exact_match	HARV-2-2-No	1
HARV-2-3-Rh	HARV	Rh	yes	exact_match	HARV-2-3-Rh	1
HARV-2-3-Ro	HARV	Ro	yes	exact_match	HARV-2-3-Ro	1
HARV-3-1-No	HARV	No	yes	exact_match	HARV-3-1-No	1
HARV-3-1-Rh	HARV	Rh	yes	exact_match	HARV-3-1-Rh	1
HARV-3-1-Ro	HARV	Ro	yes	exact_match	HARV-3-1-Ro	1
HARV-4-1-No	HARV	No	yes	exact_match	HARV-4-1-No	1
HARV-2-3-No	HARV	No	yes	exact_match	HARV-2-3-No	1
HARV-4-1-Ro	HARV	Ro	yes	exact_match	HARV-4-1-Ro	1
HARV-4-1-Rh	HARV	Rh	yes	exact_match	HARV-4-1-Rh	1
HEAL-10-1-Rh	HEAL	Rh	yes	exact_match	HEAL-10-1-Rh	1
HEAL-10-1-Ro	HEAL	Ro	yes	exact_match	HEAL-10-1-Ro	1
HEAL-10-1-No	HEAL	No	yes	exact_match	HEAL-10-1-No	1
HEAL-10-2-Rh	HEAL	Rh	yes	exact_match	HEAL-10-2-Rh	1
HEAL-10-2-Ro	HEAL	Ro	yes	exact_match	HEAL-10-2-Ro	1
HEAL-11-1-No	HEAL	No	yes	exact_match	HEAL-11-1-No	1
HEAL-11-1-Rh	HEAL	Rh	yes	exact_match	HEAL-11-1-Rh	1
HEAL-10-2-No	HEAL	No	yes	exact_match	HEAL-10-2-No	1
HEAL-11-1-Ro	HEAL	Ro	yes	exact_match	HEAL-11-1-Ro	1
HEAL-12-1-Rh	HEAL	Rh	yes	exact_match	HEAL-12-1-Rh	1
HEAL-12-1-Ro	HEAL	Ro	yes	exact_match	HEAL-12-1-Ro	1
HEAL-12-2-No	HEAL	No	yes	exact_match	HEAL-12-2-No	1
HEAL-12-1-No	HEAL	No	yes	exact_match	HEAL-12-1-No	1
HEAL-12-2-Ro	HEAL	Ro	yes	exact_match	HEAL-12-2-Ro	1
HEAL-12-2-Rh	HEAL	Rh	yes	exact_match	HEAL-12-2-Rh	1
HEAL-1-2-Rh	HEAL	Rh	yes	exact_match	HEAL-1-2-Rh	1
HEAL-1-2-Ro	HEAL	Ro	yes	exact_match	HEAL-1-2-Ro	1
HEAL-1-2-No	HEAL	No	yes	exact_match	HEAL-1-2-No	1
HEAL-13-1-Rh	HEAL	Rh	yes	exact_match	HEAL-13-1-Rh	1
HEAL-13-1-Ro	HEAL	Ro	yes	exact_match	HEAL-13-1-Ro	1
HEAL-13-1-No	HEAL	No	yes	exact_match	HEAL-13-1-No	1
HEAL-13-2-Rh	HEAL	Rh	yes	exact_match	HEAL-13-2-Rh	1
HEAL-13-2-Ro	HEAL	Ro	yes	exact_match	HEAL-13-2-Ro	1
HEAL-14-1-No	HEAL	No	yes	exact_match	HEAL-14-1-No	1
HEAL-13-2-No	HEAL	No	yes	exact_match	HEAL-13-2-No	1
HEAL-14-1-Ro	HEAL	Ro	yes	exact_match	HEAL-14-1-Ro	1
HEAL-14-1-Rh	HEAL	Rh	yes	exact_match	HEAL-14-1-Rh	1
HEAL-15-1-Rh	HEAL	Rh	yes	exact_match	HEAL-15-1-Rh	1
HEAL-15-1-Ro	HEAL	Ro	yes	exact_match	HEAL-15-1-Ro	1
HEAL-15-1-No	HEAL	No	yes	exact_match	HEAL-15-1-No	1
HEAL-15-2-Rh	HEAL	Rh	yes	exact_match	HEAL-15-2-Rh	1
HEAL-15-2-Ro	HEAL	Ro	yes	exact_match	HEAL-15-2-Ro	1
HEAL-15-2-No	HEAL	No	yes	exact_match	HEAL-15-2-No	1
HEAL-2-1-Rh	HEAL	Rh	yes	exact_match	HEAL-2-1-Rh	1
HEAL-2-1-Ro	HEAL	Ro	yes	exact_match	HEAL-2-1-Ro	1
HEAL-2-1-No	HEAL	No	yes	exact_match	HEAL-2-1-No	1
HEAL-3-1-Rh	HEAL	Rh	yes	exact_match	HEAL-3-1-Rh	1
HEAL-3-1-No	HEAL	No	yes	exact_match	HEAL-3-1-No	1
HEAL-3-1-Ro	HEAL	Ro	yes	exact_match	HEAL-3-1-Ro	1
HEAL-4-1-Rh	HEAL	Rh	yes	exact_match	HEAL-4-1-Rh	1
HEAL-4-1-Ro	HEAL	Ro	yes	exact_match	HEAL-4-1-Ro	1
HEAL-4-1-No	HEAL	No	yes	exact_match	HEAL-4-1-No	1
HEAL-4-2-Rh	HEAL	Rh	yes	exact_match	HEAL-4-2-Rh	1
HEAL-4-2-Ro	HEAL	Ro	yes	exact_match	HEAL-4-2-Ro	1
HEAL-4-2-No	HEAL	No	yes	exact_match	HEAL-4-2-No	1
HEAL-4-3-Rh	HEAL	Rh	yes	exact_match	HEAL-4-3-Rh	1
HEAL-4-3-Ro	HEAL	Ro	yes	exact_match	HEAL-4-3-Ro	1
HEAL-4-3-No	HEAL	No	yes	exact_match	HEAL-4-3-No	1
HEAL-5-1-No	HEAL	No	yes	exact_match	HEAL-5-1-No	1
HEAL-5-1-Rh	HEAL	Rh	yes	exact_match	HEAL-5-1-Rh	1
HEAL-5-1-Ro	HEAL	Ro	yes	exact_match	HEAL-5-1-Ro	1
HEAL-5-2-Rh	HEAL	Rh	yes	exact_match	HEAL-5-2-Rh	1
HEAL-5-2-Ro	HEAL	Ro	yes	exact_match	HEAL-5-2-Ro	1
HEAL-6-1-No	HEAL	No	yes	exact_match	HEAL-6-1-No	1
HEAL-6-1-Rh	HEAL	Rh	yes	exact_match	HEAL-6-1-Rh	1
HEAL-6-1-Ro	HEAL	Ro	yes	exact_match	HEAL-6-1-Ro	1
HEAL-5-2-No	HEAL	No	yes	exact_match	HEAL-5-2-No	1
HEAL-7-1-Rh	HEAL	Rh	yes	exact_match	HEAL-7-1-Rh	1
HEAL-7-1-Ro	HEAL	Ro	yes	exact_match	HEAL-7-1-Ro	1
HEAL-7-1-No	HEAL	No	yes	exact_match	HEAL-7-1-No	1
HEAL-8-1-No	HEAL	No	yes	exact_match	HEAL-8-1-No	1
HEAL-8-1-Ro	HEAL	Ro	yes	exact_match	HEAL-8-1-Ro	1
HEAL-8-1-Rh	HEAL	Rh	yes	exact_match	HEAL-8-1-Rh	1
HEAL-9-1-Rh	HEAL	Rh	yes	exact_match	HEAL-9-1-Rh	1
HEAL-9-1-Ro	HEAL	Ro	yes	exact_match	HEAL-9-1-Ro	1
HEAL-9-1-No	HEAL	No	yes	exact_match	HEAL-9-1-No	1
HEAL-9-2-Rh	HEAL	Rh	yes	exact_match	HEAL-9-2-Rh	1
HEAL-9-2-Ro	HEAL	Ro	yes	exact_match	HEAL-9-2-Ro	1
JERC-100-1-No	JERC	No	yes	exact_match	JERC-100-1-No	1
JERC-100-1-Rh	JERC	Rh	yes	exact_match	JERC-100-1-Rh	1
JERC-100-1-Ro	JERC	Ro	yes	exact_match	JERC-100-1-Ro	1
HEAL-9-2-No	HEAL	No	yes	exact_match	HEAL-9-2-No	1
JERC-102-1-Rh	JERC	Rh	yes	exact_match	JERC-102-1-Rh	1
JERC-102-1-Ro	JERC	Ro	yes	exact_match	JERC-102-1-Ro	1
JERC-102-1-No	JERC	No	yes	exact_match	JERC-102-1-No	1
JERC-10-3-Rh	JERC	Rh	yes	exact_match	JERC-10-3-Rh	1
JERC-10-3-No	JERC	No	yes	exact_match	JERC-10-3-No	1
JERC-106-1-Rh	JERC	Rh	yes	exact_match	JERC-106-1-Rh	1
JERC-106-1-No	JERC	No	yes	exact_match	JERC-106-1-No	1
JERC-107-1-No	JERC	No	yes	exact_match	JERC-107-1-No	1
JERC-107-1-Rh	JERC	Rh	yes	exact_match	JERC-107-1-Rh	1
JERC-107-1-Ro	JERC	Ro	yes	exact_match	JERC-107-1-Ro	1
JERC-109-1-Rh	JERC	Rh	yes	exact_match	JERC-109-1-Rh	1
JERC-109-1-No	JERC	No	yes	exact_match	JERC-109-1-No	1
JERC-110-4-Rh	JERC	Rh	yes	exact_match	JERC-110-4-Rh	1
JERC-110-4-Ro	JERC	Ro	yes	exact_match	JERC-110-4-Ro	1
JERC-111-3-No	JERC	No	yes	exact_match	JERC-111-3-No	1
JERC-111-3-Rh	JERC	Rh	yes	exact_match	JERC-111-3-Rh	1
JERC-110-4-No	JERC	No	yes	exact_match	JERC-110-4-No	1
JERC-11-1-Rh	JERC	Rh	yes	exact_match	JERC-11-1-Rh	1
JERC-11-1-Ro	JERC	Ro	yes	exact_match	JERC-11-1-Ro	1
JERC-112-1-No	JERC	No	yes	exact_match	JERC-112-1-No	1
JERC-112-1-Rh	JERC	Rh	yes	exact_match	JERC-112-1-Rh	1
JERC-113-3-No	JERC	No	yes	exact_match	JERC-113-3-No	1
JERC-113-3-Rh	JERC	Rh	yes	exact_match	JERC-113-3-Rh	1
JERC-114-3-No	JERC	No	yes	exact_match	JERC-114-3-No	1
JERC-114-3-Rh	JERC	Rh	yes	exact_match	JERC-114-3-Rh	1
JERC-119-No	JERC	No	yes	exact_match	JERC-119-No	1
JERC-119-Rh	JERC	Rh	yes	exact_match	JERC-119-Rh	1
JERC-119-Ro	JERC	Ro	yes	exact_match	JERC-119-Ro	1
JERC-120-No	JERC	No	yes	exact_match	JERC-120-No	1
JERC-120-Rh	JERC	Rh	yes	exact_match	JERC-120-Rh	1
JERC-120-Ro	JERC	Ro	yes	exact_match	JERC-120-Ro	1
JERC-11-1-No	JERC	No	yes	exact_match	JERC-11-1-No	1
JERC-121-No	JERC	No	yes	exact_match	JERC-12-1-No;JERC-121-No	2
JERC-12-1-Rh	JERC	Rh	yes	exact_match	JERC-12-1-Rh;JERC-121-Rh	2
JERC-12-1-No	JERC	No	yes	exact_match	JERC-12-1-No;JERC-121-No	2
JERC-12-1-Ro	JERC	Ro	yes	exact_match	JERC-12-1-Ro;JERC-121-Ro	2
JERC-121-Ro	JERC	Ro	yes	exact_match	JERC-12-1-Ro;JERC-121-Ro	2
JERC-122-No	JERC	No	yes	exact_match	JERC-122-No	1
JERC-122-Rh	JERC	Rh	yes	exact_match	JERC-122-Rh	1
JERC-122-Ro	JERC	Ro	yes	exact_match	JERC-122-Ro	1
JERC-123-No	JERC	No	yes	exact_match	JERC-123-No	1
JERC-123-Rh	JERC	Rh	yes	exact_match	JERC-123-Rh	1
JERC-123-Ro	JERC	Ro	yes	exact_match	JERC-123-Ro	1
JERC-124-2-No	JERC	No	yes	exact_match	JERC-124-2-No	1
JERC-124-2-Rh	JERC	Rh	yes	exact_match	JERC-124-2-Rh	1
JERC-124-2-Ro	JERC	Ro	yes	exact_match	JERC-124-2-Ro	1
JERC-126-4-No	JERC	No	yes	exact_match	JERC-126-4-No	1
JERC-126-4-Rh	JERC	Rh	yes	exact_match	JERC-126-4-Rh	1
JERC-126-4-Ro	JERC	Ro	yes	exact_match	JERC-126-4-Ro	1
JERC-127-2-No	JERC	No	yes	exact_match	JERC-127-2-No	1
JERC-127-2-Rh	JERC	Rh	yes	exact_match	JERC-127-2-Rh	1
JERC-127-2-Ro	JERC	Ro	yes	exact_match	JERC-127-2-Ro	1
JERC-128-2-No	JERC	No	yes	exact_match	JERC-128-2-No	1
JERC-128-2-Rh	JERC	Rh	yes	exact_match	JERC-128-2-Rh	1
JERC-128-2-Ro	JERC	Ro	yes	exact_match	JERC-128-2-Ro	1
JERC-129-4-No	JERC	No	yes	exact_match	JERC-129-4-No	1
JERC-129-4-Rh	JERC	Rh	yes	exact_match	JERC-129-4-Rh	1
JERC-129-4-Ro	JERC	Ro	yes	exact_match	JERC-129-4-Ro	1
JERC-121-Rh	JERC	Rh	yes	exact_match	JERC-12-1-Rh;JERC-121-Rh	2
JERC-1-2-Rh	JERC	Rh	yes	exact_match	JERC-1-2-Rh	1
JERC-1-2-Ro	JERC	Ro	yes	exact_match	JERC-1-2-Ro	1
JERC-131-No	JERC	No	yes	exact_match	JERC-131-No	1
JERC-131-Rh	JERC	Rh	yes	exact_match	JERC-131-Rh	1
JERC-131-Ro	JERC	Ro	yes	exact_match	JERC-131-Ro	1
JERC-132-3-No	JERC	No	yes	exact_match	JERC-132-3-No	1
JERC-132-3-Rh	JERC	Rh	yes	exact_match	JERC-132-3-Rh	1
JERC-132-3-Ro	JERC	Ro	yes	exact_match	JERC-132-3-Ro	1
JERC-13-3-No	JERC	No	yes	exact_match	JERC-13-3-No	1
JERC-13-3-Rh	JERC	Rh	yes	exact_match	JERC-13-3-Rh	1
JERC-13-3-Ro	JERC	Ro	yes	exact_match	JERC-13-3-Ro	1
JERC-134-3-No	JERC	No	yes	exact_match	JERC-134-3-No	1
JERC-134-3-Rh	JERC	Rh	yes	exact_match	JERC-134-3-Rh	1
JERC-134-3-Ro	JERC	Ro	yes	exact_match	JERC-134-3-Ro	1
JERC-135-3-No	JERC	No	yes	exact_match	JERC-135-3-No	1
JERC-135-3-Rh	JERC	Rh	yes	exact_match	JERC-135-3-Rh	1
JERC-135-3-Ro	JERC	Ro	yes	exact_match	JERC-135-3-Ro	1
JERC-136-No	JERC	No	yes	exact_match	JERC-136-No	1
JERC-136-Rh	JERC	Rh	yes	exact_match	JERC-136-Rh	1
JERC-136-Ro	JERC	Ro	yes	exact_match	JERC-136-Ro	1
JERC-138-Rh	JERC	Rh	yes	exact_match	JERC-138-Rh	1
JERC-138-Ro	JERC	Ro	yes	exact_match	JERC-138-Ro	1
JERC-139-5-No	JERC	No	yes	exact_match	JERC-139-5-No	1
JERC-139-5-Rh	JERC	Rh	yes	exact_match	JERC-139-5-Rh	1
JERC-139-5-Ro	JERC	Ro	yes	exact_match	JERC-139-5-Ro	1
JERC-140-No	JERC	No	yes	exact_match	JERC-140-No	1
JERC-140-Rh	JERC	Rh	yes	exact_match	JERC-140-Rh	1
JERC-140-Ro	JERC	Ro	yes	exact_match	JERC-140-Ro	1
JERC-141-No	JERC	No	yes	exact_match	JERC-141-No	1
JERC-1-2-No	JERC	No	yes	exact_match	JERC-1-2-No	1
JERC-141-Ro	JERC	Ro	yes	exact_match	JERC-141-Ro	1
JERC-142-No	JERC	No	yes	exact_match	JERC-142-No	1
JERC-141-Rh	JERC	Rh	yes	exact_match	JERC-141-Rh	1
JERC-142-Rh	JERC	Rh	yes	exact_match	JERC-142-Rh	1
JERC-143-Rh	JERC	Rh	yes	exact_match	JERC-143-Rh	1
JERC-143-Ro	JERC	Ro	yes	exact_match	JERC-143-Ro	1
JERC-144-No	JERC	No	yes	exact_match	JERC-144-No	1
JERC-144-Rh	JERC	Rh	yes	exact_match	JERC-144-Rh	1
JERC-144-Ro	JERC	Ro	yes	exact_match	JERC-144-Ro	1
JERC-145-1-No	JERC	No	yes	exact_match	JERC-145-1-No	1
JERC-145-1-Rh	JERC	Rh	yes	exact_match	JERC-145-1-Rh	1
JERC-145-1-Ro	JERC	Ro	yes	exact_match	JERC-145-1-Ro	1
JERC-14-5-No	JERC	No	yes	exact_match	JERC-14-5-No	1
JERC-14-5-Rh	JERC	Rh	yes	exact_match	JERC-14-5-Rh	1
JERC-14-5-Ro	JERC	Ro	yes	exact_match	JERC-14-5-Ro	1
JERC-143-No	JERC	No	yes	exact_match	JERC-143-No	1
JERC-146-Ro	JERC	Ro	yes	exact_match	JERC-146-Ro	1
JERC-147-Rh	JERC	Rh	yes	exact_match	JERC-147-Rh	1
JERC-146-Rh	JERC	Rh	yes	exact_match	JERC-146-Rh	1
JERC-147-Ro	JERC	Ro	yes	exact_match	JERC-147-Ro	1
JERC-148-No	JERC	No	yes	exact_match	JERC-148-No	1
JERC-148-Rh	JERC	Rh	yes	exact_match	JERC-148-Rh	1
JERC-148-Ro	JERC	Ro	yes	exact_match	JERC-148-Ro	1
JERC-149-Rh	JERC	Rh	yes	exact_match	JERC-149-Rh	1
JERC-149-No	JERC	No	yes	exact_match	JERC-149-No	1
JERC-149-Ro	JERC	Ro	yes	exact_match	JERC-149-Ro	1
JERC-150-Rh	JERC	Rh	yes	exact_match	JERC-150-Rh	1
JERC-150-Ro	JERC	Ro	yes	exact_match	JERC-150-Ro	1
JERC-150-No	JERC	No	yes	exact_match	JERC-150-No	1
JERC-151-Rh	JERC	Rh	yes	exact_match	JERC-151-Rh	1
JERC-151-No	JERC	No	yes	exact_match	JERC-151-No	1
JERC-151-Ro	JERC	Ro	yes	exact_match	JERC-151-Ro	1
JERC-152-Rh	JERC	Rh	yes	exact_match	JERC-152-Rh	1
JERC-152-No	JERC	No	yes	exact_match	JERC-152-No	1
JERC-152-Ro	JERC	Ro	yes	exact_match	JERC-152-Ro	1
JERC-153-Rh	JERC	Rh	yes	exact_match	JERC-153-Rh	1
JERC-154-No	JERC	No	yes	exact_match	JERC-154-No	1
JERC-154-Rh	JERC	Rh	yes	exact_match	JERC-154-Rh	1
JERC-154-Ro	JERC	Ro	yes	exact_match	JERC-154-Ro	1
JERC-153-No	JERC	No	yes	exact_match	JERC-153-No	1
JERC-155-No	JERC	No	yes	exact_match	JERC-155-No	1
JERC-155-Ro	JERC	Ro	yes	exact_match	JERC-155-Ro	1
JERC-155-Rh	JERC	Rh	yes	exact_match	JERC-155-Rh	1
JERC-156-No	JERC	No	yes	exact_match	JERC-156-No	1
JERC-156-Ro	JERC	Ro	yes	exact_match	JERC-156-Ro	1
JERC-156-Rh	JERC	Rh	yes	exact_match	JERC-156-Rh	1
JERC-157-2-Rh	JERC	Rh	yes	exact_match	JERC-157-2-Rh	1
JERC-157-2-Ro	JERC	Ro	yes	exact_match	JERC-157-2-Ro	1
JERC-158-No	JERC	No	yes	exact_match	JERC-158-No	1
JERC-158-Rh	JERC	Rh	yes	exact_match	JERC-158-Rh	1
JERC-158-Ro	JERC	Ro	yes	exact_match	JERC-158-Ro	1
JERC-157-2-No	JERC	No	yes	exact_match	JERC-157-2-No	1
JERC-159-2-No	JERC	No	yes	exact_match	JERC-159-2-No	1
JERC-159-2-Ro	JERC	Ro	yes	exact_match	JERC-159-2-Ro	1
JERC-159-2-Rh	JERC	Rh	yes	exact_match	JERC-159-2-Rh	1
JERC-160-Rh	JERC	Rh	yes	exact_match	JERC-160-Rh	1
JERC-160-Ro	JERC	Ro	yes	exact_match	JERC-160-Ro	1
JERC-161-No	JERC	No	yes	exact_match	JERC-161-No	1
JERC-160-No	JERC	No	yes	exact_match	JERC-160-No	1
JERC-161-Rh	JERC	Rh	yes	exact_match	JERC-161-Rh	1
JERC-161-Ro	JERC	Ro	yes	exact_match	JERC-161-Ro	1
JERC-16-2-No	JERC	No	yes	exact_match	JERC-16-2-No;JERC-162-No	2
JERC-16-2-Rh	JERC	Rh	yes	exact_match	JERC-16-2-Rh;JERC-162-Rh	2
JERC-162-Rh	JERC	Rh	yes	exact_match	JERC-16-2-Rh;JERC-162-Rh	2
JERC-162-No	JERC	No	yes	exact_match	JERC-16-2-No;JERC-162-No	2
JERC-16-2-Ro	JERC	Ro	yes	exact_match	JERC-16-2-Ro;JERC-162-Ro	2
JERC-162-Ro	JERC	Ro	yes	exact_match	JERC-16-2-Ro;JERC-162-Ro	2
JERC-163-Rh	JERC	Rh	yes	exact_match	JERC-163-Rh	1
JERC-163-Ro	JERC	Ro	yes	exact_match	JERC-163-Ro	1
JERC-164-No	JERC	No	yes	exact_match	JERC-164-No	1
JERC-164-Rh	JERC	Rh	yes	exact_match	JERC-164-Rh	1
JERC-163-No	JERC	No	yes	exact_match	JERC-163-No	1
JERC-164-Ro	JERC	Ro	yes	exact_match	JERC-164-Ro	1
JERC-165-Rh	JERC	Rh	yes	exact_match	JERC-165-Rh	1
JERC-165-Ro	JERC	Ro	yes	exact_match	JERC-165-Ro	1
JERC-167-No	JERC	No	yes	exact_match	JERC-167-No	1
JERC-167-Rh	JERC	Rh	yes	exact_match	JERC-167-Rh	1
JERC-167-Ro	JERC	Ro	yes	exact_match	JERC-167-Ro	1
JERC-168-No	JERC	No	yes	exact_match	JERC-168-No	1
JERC-168-Rh	JERC	Rh	yes	exact_match	JERC-168-Rh	1
JERC-168-Ro	JERC	Ro	yes	exact_match	JERC-168-Ro	1
JERC-165-No	JERC	No	yes	exact_match	JERC-165-No	1
JERC-169-Rh	JERC	Rh	yes	exact_match	JERC-169-Rh	1
JERC-169-Ro	JERC	Ro	yes	exact_match	JERC-169-Ro	1
JERC-169-No	JERC	No	yes	exact_match	JERC-169-No	1
JERC-170-Rh	JERC	Rh	yes	exact_match	JERC-170-Rh	1
JERC-170-Ro	JERC	Ro	yes	exact_match	JERC-170-Ro	1
JERC-170-No	JERC	No	yes	exact_match	JERC-170-No	1
JERC-171-Rh	JERC	Rh	yes	exact_match	JERC-171-Rh	1
JERC-171-Ro	JERC	Ro	yes	exact_match	JERC-171-Ro	1
JERC-172-2-No	JERC	No	yes	exact_match	JERC-172-2-No	1
JERC-172-2-Rh	JERC	Rh	yes	exact_match	JERC-172-2-Rh	1
JERC-172-2-Ro	JERC	Ro	yes	exact_match	JERC-172-2-Ro	1
JERC-171-No	JERC	No	yes	exact_match	JERC-171-No	1
JERC-173-1-Rh	JERC	Rh	yes	exact_match	JERC-173-1-Rh	1
JERC-173-1-Ro	JERC	Ro	yes	exact_match	JERC-173-1-Ro	1
JERC-175-1-No	JERC	No	yes	exact_match	JERC-175-1-No	1
JERC-173-1-No	JERC	No	yes	exact_match	JERC-173-1-No	1
JERC-175-1-Ro	JERC	Ro	yes	exact_match	JERC-175-1-Ro	1
JERC-175-1-Rh	JERC	Rh	yes	exact_match	JERC-175-1-Rh	1
JERC-176-5-Rh	JERC	Rh	yes	exact_match	JERC-176-5-Rh	1
JERC-176-5-Ro	JERC	Ro	yes	exact_match	JERC-176-5-Ro	1
JERC-177-No	JERC	No	yes	exact_match	JERC-177-No	1
JERC-177-Rh	JERC	Rh	yes	exact_match	JERC-177-Rh	1
JERC-177-Ro	JERC	Ro	yes	exact_match	JERC-177-Ro	1
JERC-178-2-No	JERC	No	yes	exact_match	JERC-178-2-No	1
JERC-178-2-Rh	JERC	Rh	yes	exact_match	JERC-178-2-Rh	1
JERC-178-2-Ro	JERC	Ro	yes	exact_match	JERC-178-2-Ro	1
JERC-179-4-No	JERC	No	yes	exact_match	JERC-179-4-No	1
JERC-179-4-Rh	JERC	Rh	yes	exact_match	JERC-179-4-Rh	1
JERC-179-4-Ro	JERC	Ro	yes	exact_match	JERC-179-4-Ro	1
JERC-180-5-No	JERC	No	yes	exact_match	JERC-180-5-No	1
JERC-180-5-Rh	JERC	Rh	yes	exact_match	JERC-180-5-Rh	1
JERC-180-5-Ro	JERC	Ro	yes	exact_match	JERC-180-5-Ro	1
JERC-176-5-No	JERC	No	yes	exact_match	JERC-176-5-No	1
JERC-181-1-No	JERC	No	yes	exact_match	JERC-181-1-No	1
JERC-181-1-Ro	JERC	Ro	yes	exact_match	JERC-181-1-Ro	1
JERC-18-2-No	JERC	No	yes	exact_match	JERC-18-2-No	1
JERC-181-1-Rh	JERC	Rh	yes	exact_match	JERC-181-1-Rh	1
JERC-18-2-Ro	JERC	Ro	yes	exact_match	JERC-18-2-Ro	1
JERC-18-2-Rh	JERC	Rh	yes	exact_match	JERC-18-2-Rh	1
JERC-183-3-No	JERC	No	yes	exact_match	JERC-183-3-No	1
JERC-183-3-Ro	JERC	Ro	yes	exact_match	JERC-183-3-Ro	1
JERC-183-3-Rh	JERC	Rh	yes	exact_match	JERC-183-3-Rh	1
JERC-184-3-No	JERC	No	yes	exact_match	JERC-184-3-No	1
JERC-184-3-Ro	JERC	Ro	yes	exact_match	JERC-184-3-Ro	1
JERC-184-3-Rh	JERC	Rh	yes	exact_match	JERC-184-3-Rh	1
JERC-185-3-No	JERC	No	yes	exact_match	JERC-185-3-No	1
JERC-185-3-Rh	JERC	Rh	yes	exact_match	JERC-185-3-Rh	1
JERC-185-3-Ro	JERC	Ro	yes	exact_match	JERC-185-3-Ro	1
JERC-186-1-Rh	JERC	Rh	yes	exact_match	JERC-186-1-Rh	1
JERC-186-1-Ro	JERC	Ro	yes	exact_match	JERC-186-1-Ro	1
JERC-186-1-No	JERC	No	yes	exact_match	JERC-186-1-No	1
JERC-187-1-No	JERC	No	yes	exact_match	JERC-187-1-No	1
JERC-187-1-Ro	JERC	Ro	yes	exact_match	JERC-187-1-Ro	1
JERC-187-1-Rh	JERC	Rh	yes	exact_match	JERC-187-1-Rh	1
JERC-188-1-Rh	JERC	Rh	yes	exact_match	JERC-188-1-Rh	1
JERC-188-1-Ro	JERC	Ro	yes	exact_match	JERC-188-1-Ro	1
JERC-188-1-No	JERC	No	yes	exact_match	JERC-188-1-No	1
JERC-189-1-Rh	JERC	Rh	yes	exact_match	JERC-189-1-Rh	1
JERC-191-1-Rh	JERC	Rh	yes	exact_match	JERC-191-1-Rh	1
JERC-191-1-Ro	JERC	Ro	yes	exact_match	JERC-191-1-Ro	1
JERC-192-1-No	JERC	No	yes	exact_match	JERC-192-1-No	1
JERC-192-1-Rh	JERC	Rh	yes	exact_match	JERC-192-1-Rh	1
JERC-191-1-No	JERC	No	yes	exact_match	JERC-191-1-No	1
JERC-192-1-Ro	JERC	Ro	yes	exact_match	JERC-192-1-Ro	1
JERC-194-2-Rh	JERC	Rh	yes	exact_match	JERC-194-2-Rh	1
JERC-194-2-No	JERC	No	yes	exact_match	JERC-194-2-No	1
JERC-194-2-Ro	JERC	Ro	yes	exact_match	JERC-194-2-Ro	1
JERC-195-2-Rh	JERC	Rh	yes	exact_match	JERC-195-2-Rh	1
JERC-195-2-Ro	JERC	Ro	yes	exact_match	JERC-195-2-Ro	1
JERC-196-3-No	JERC	No	yes	exact_match	JERC-196-3-No	1
JERC-195-2-No	JERC	No	yes	exact_match	JERC-195-2-No	1
JERC-196-3-Rh	JERC	Rh	yes	exact_match	JERC-196-3-Rh	1
JERC-196-3-Ro	JERC	Ro	yes	exact_match	JERC-196-3-Ro	1
JERC-197-1-No	JERC	No	yes	exact_match	JERC-197-1-No	1
JERC-197-1-Rh	JERC	Rh	yes	exact_match	JERC-197-1-Rh	1
JERC-197-1-Ro	JERC	Ro	yes	exact_match	JERC-197-1-Ro	1
JERC-198-Rh	JERC	Rh	yes	exact_match	JERC-198-Rh	1
JERC-198-Ro	JERC	Ro	yes	exact_match	JERC-198-Ro	1
JERC-199-No	JERC	No	yes	exact_match	JERC-199-No	1
JERC-199-Rh	JERC	Rh	yes	exact_match	JERC-199-Rh	1
JERC-199-Ro	JERC	Ro	yes	exact_match	JERC-199-Ro	1
JERC-198-No	JERC	No	yes	exact_match	JERC-198-No	1
JERC-201-1-Rh	JERC	Rh	yes	exact_match	JERC-201-1-Rh	1
JERC-201-1-Ro	JERC	Ro	yes	exact_match	JERC-201-1-Ro	1
JERC-201-1-No	JERC	No	yes	exact_match	JERC-201-1-No	1
JERC-20-1-Rh	JERC	Rh	yes	exact_match	JERC-20-1-Rh	1
JERC-20-1-Ro	JERC	Ro	yes	exact_match	JERC-20-1-Ro	1
JERC-202-1-No	JERC	No	yes	exact_match	JERC-202-1-No	1
JERC-202-1-Rh	JERC	Rh	yes	exact_match	JERC-202-1-Rh	1
JERC-202-1-Ro	JERC	Ro	yes	exact_match	JERC-202-1-Ro	1
JERC-203-1-No	JERC	No	yes	exact_match	JERC-203-1-No	1
JERC-20-1-No	JERC	No	yes	exact_match	JERC-20-1-No	1
JERC-203-1-Ro	JERC	Ro	yes	exact_match	JERC-203-1-Ro	1
JERC-203-1-Rh	JERC	Rh	yes	exact_match	JERC-203-1-Rh	1
JERC-204-1-No	JERC	No	yes	exact_match	JERC-204-1-No	1
JERC-204-1-Ro	JERC	Ro	yes	exact_match	JERC-204-1-Ro	1
JERC-204-1-Rh	JERC	Rh	yes	exact_match	JERC-204-1-Rh	1
JERC-2-1-Rh	JERC	Rh	yes	exact_match	JERC-2-1-Rh	1
JERC-2-1-Ro	JERC	Ro	yes	exact_match	JERC-2-1-Ro	1
JERC-23-1-No	JERC	No	yes	exact_match	JERC-23-1-No	1
JERC-23-1-Rh	JERC	Rh	yes	exact_match	JERC-23-1-Rh	1
JERC-23-1-Ro	JERC	Ro	yes	exact_match	JERC-23-1-Ro	1
JERC-2-1-No	JERC	No	yes	exact_match	JERC-2-1-No	1
JERC-25-1-Rh	JERC	Rh	yes	exact_match	JERC-25-1-Rh	1
JERC-25-1-Ro	JERC	Ro	yes	exact_match	JERC-25-1-Ro	1
JERC-25-1-No	JERC	No	yes	exact_match	JERC-25-1-No	1
JERC-26-5-No	JERC	No	yes	exact_match	JERC-26-5-No	1
JERC-26-5-Ro	JERC	Ro	yes	exact_match	JERC-26-5-Ro	1
JERC-26-5-Rh	JERC	Rh	yes	exact_match	JERC-26-5-Rh	1
JERC-27-2-No	JERC	No	yes	exact_match	JERC-27-2-No	1
JERC-27-2-Ro	JERC	Ro	yes	exact_match	JERC-27-2-Ro	1
JERC-27-2-Rh	JERC	Rh	yes	exact_match	JERC-27-2-Rh	1
JERC-28-4-Rh	JERC	Rh	yes	exact_match	JERC-28-4-Rh	1
JERC-28-4-Ro	JERC	Ro	yes	exact_match	JERC-28-4-Ro	1
JERC-28-4-No	JERC	No	yes	exact_match	JERC-28-4-No	1
JERC-30-3-Rh	JERC	Rh	yes	exact_match	JERC-30-3-Rh	1
JERC-30-3-Ro	JERC	Ro	yes	exact_match	JERC-30-3-Ro	1
JERC-3-1-No	JERC	No	yes	exact_match	JERC-3-1-No	1
JERC-3-1-Rh	JERC	Rh	yes	exact_match	JERC-3-1-Rh	1
JERC-3-1-Ro	JERC	Ro	yes	exact_match	JERC-3-1-Ro	1
JERC-34-4-No	JERC	No	yes	exact_match	JERC-34-4-No	1
JERC-34-4-Rh	JERC	Rh	yes	exact_match	JERC-34-4-Rh	1
JERC-34-4-Ro	JERC	Ro	yes	exact_match	JERC-34-4-Ro	1
JERC-30-3-No	JERC	No	yes	exact_match	JERC-30-3-No	1
JERC-35-1-Rh	JERC	Rh	yes	exact_match	JERC-35-1-Rh	1
JERC-35-1-Ro	JERC	Ro	yes	exact_match	JERC-35-1-Ro	1
JERC-36-1-No	JERC	No	yes	exact_match	JERC-36-1-No	1
JERC-36-1-Rh	JERC	Rh	yes	exact_match	JERC-36-1-Rh	1
JERC-36-1-Ro	JERC	Ro	yes	exact_match	JERC-36-1-Ro	1
JERC-35-1-No	JERC	No	yes	exact_match	JERC-35-1-No	1
JERC-37-2-Rh	JERC	Rh	yes	exact_match	JERC-37-2-Rh	1
JERC-37-2-Ro	JERC	Ro	yes	exact_match	JERC-37-2-Ro	1
JERC-38-2-No	JERC	No	yes	exact_match	JERC-38-2-No	1
JERC-38-2-Rh	JERC	Rh	yes	exact_match	JERC-38-2-Rh	1
JERC-38-2-Ro	JERC	Ro	yes	exact_match	JERC-38-2-Ro	1
JERC-39-5-No	JERC	No	yes	exact_match	JERC-39-5-No	1
JERC-39-5-Rh	JERC	Rh	yes	exact_match	JERC-39-5-Rh	1
JERC-39-5-Ro	JERC	Ro	yes	exact_match	JERC-39-5-Ro	1
JERC-37-2-No	JERC	No	yes	exact_match	JERC-37-2-No	1
JERC-40-2-Rh	JERC	Rh	yes	exact_match	JERC-40-2-Rh	1
JERC-40-2-Ro	JERC	Ro	yes	exact_match	JERC-40-2-Ro	1
JERC-40-2-No	JERC	No	yes	exact_match	JERC-40-2-No	1
JERC-41-2-Rh	JERC	Rh	yes	exact_match	JERC-41-2-Rh	1
JERC-41-2-Ro	JERC	Ro	yes	exact_match	JERC-41-2-Ro	1
JERC-41-2-No	JERC	No	yes	exact_match	JERC-41-2-No	1
JERC-4-1-Rh	JERC	Rh	yes	exact_match	JERC-4-1-Rh	1
JERC-4-1-No	JERC	No	yes	exact_match	JERC-4-1-No	1
JERC-42-1-No	JERC	No	yes	exact_match	JERC-42-1-No	1
JERC-42-1-Rh	JERC	Rh	yes	exact_match	JERC-42-1-Rh	1
JERC-42-1-Ro	JERC	Ro	yes	exact_match	JERC-42-1-Ro	1
JERC-43-1-Rh	JERC	Rh	yes	exact_match	JERC-43-1-Rh	1
JERC-43-1-Ro	JERC	Ro	yes	exact_match	JERC-43-1-Ro	1
JERC-44-2-No	JERC	No	yes	exact_match	JERC-44-2-No	1
JERC-44-2-Rh	JERC	Rh	yes	exact_match	JERC-44-2-Rh	1
JERC-44-2-Ro	JERC	Ro	yes	exact_match	JERC-44-2-Ro	1
JERC-43-1-No	JERC	No	yes	exact_match	JERC-43-1-No	1
JERC-45-5-Rh	JERC	Rh	yes	exact_match	JERC-45-5-Rh	1
JERC-45-5-Ro	JERC	Ro	yes	exact_match	JERC-45-5-Ro	1
JERC-46-1-Rh	JERC	Rh	yes	exact_match	JERC-46-1-Rh	1
JERC-46-1-Ro	JERC	Ro	yes	exact_match	JERC-46-1-Ro	1
JERC-45-5-No	JERC	No	yes	exact_match	JERC-45-5-No	1
JERC-47-2-Rh	JERC	Rh	yes	exact_match	JERC-47-2-Rh	1
JERC-47-2-Ro	JERC	Ro	yes	exact_match	JERC-47-2-Ro	1
JERC-47-2-No	JERC	No	yes	exact_match	JERC-47-2-No	1
JERC-48-3-No	JERC	No	yes	exact_match	JERC-48-3-No	1
JERC-48-3-Rh	JERC	Rh	yes	exact_match	JERC-48-3-Rh	1
JERC-48-3-Ro	JERC	Ro	yes	exact_match	JERC-48-3-Ro	1
JERC-49-2-Ro	JERC	Ro	yes	exact_match	JERC-49-2-Ro	1
JERC-49-2-Rh	JERC	Rh	yes	exact_match	JERC-49-2-Rh	1
JERC-50-5-Rh	JERC	Rh	yes	exact_match	JERC-50-5-Rh	1
JERC-50-5-No	JERC	No	yes	exact_match	JERC-50-5-No	1
JERC-51-1-No	JERC	No	yes	exact_match	JERC-51-1-No	1
JERC-51-1-Rh	JERC	Rh	yes	exact_match	JERC-51-1-Rh	1
JERC-51-1-Ro	JERC	Ro	yes	exact_match	JERC-51-1-Ro	1
JERC-50-5-Ro	JERC	Ro	yes	exact_match	JERC-50-5-Ro	1
JERC-53-1-Rh	JERC	Rh	yes	exact_match	JERC-53-1-Rh	1
JERC-53-1-Ro	JERC	Ro	yes	exact_match	JERC-53-1-Ro	1
JERC-53-1-No	JERC	No	yes	exact_match	JERC-53-1-No	1
JERC-53-2-Rh	JERC	Rh	yes	exact_match	JERC-53-2-Rh	1
JERC-53-2-No	JERC	No	yes	exact_match	JERC-53-2-No	1
JERC-53-2-Ro	JERC	Ro	yes	exact_match	JERC-53-2-Ro	1
JERC-53-3-Rh	JERC	Rh	yes	exact_match	JERC-53-3-Rh	1
JERC-53-3-No	JERC	No	yes	exact_match	JERC-53-3-No	1
JERC-53-3-Ro	JERC	Ro	yes	exact_match	JERC-53-3-Ro	1
JERC-53-5-Rh	JERC	Rh	yes	exact_match	JERC-53-5-Rh	1
JERC-5-3-No	JERC	No	yes	exact_match	JERC-5-3-No	1
JERC-5-3-Rh	JERC	Rh	yes	exact_match	JERC-5-3-Rh	1
JERC-5-3-Ro	JERC	Ro	yes	exact_match	JERC-5-3-Ro	1
JERC-54-2-No	JERC	No	yes	exact_match	JERC-54-2-No	1
JERC-53-5-No	JERC	No	yes	exact_match	JERC-53-5-No	1
JERC-54-2-Rh	JERC	Rh	yes	exact_match	JERC-54-2-Rh	1
JERC-54-2-Ro	JERC	Ro	yes	exact_match	JERC-54-2-Ro	1
JERC-6-3-Rh	JERC	Rh	yes	exact_match	JERC-6-3-Rh	1
JERC-6-3-No	JERC	No	yes	exact_match	JERC-6-3-No	1
JERC-7-2-No	JERC	No	yes	exact_match	JERC-7-2-No	1
JERC-7-2-Rh	JERC	Rh	yes	exact_match	JERC-7-2-Rh	1
JERC-7-2-Ro	JERC	Ro	yes	exact_match	JERC-7-2-Ro	1
JERC-8-1-Rh	JERC	Rh	yes	exact_match	JERC-8-1-Rh	1
JERC-8-1-No	JERC	No	yes	exact_match	JERC-8-1-No	1
JERC-8-1-Ro	JERC	Ro	yes	exact_match	JERC-8-1-Ro	1
JERC-8-2-Rh	JERC	Rh	yes	exact_match	JERC-8-2-Rh	1
JERC-8-2-No	JERC	No	yes	exact_match	JERC-8-2-No	1
JERC-84-3-Rh	JERC	Rh	yes	exact_match	JERC-84-3-Rh	1
JERC-84-3-Ro	JERC	Ro	yes	exact_match	JERC-84-3-Ro	1
JERC-84-3-No	JERC	No	yes	exact_match	JERC-84-3-No	1
JERC-8-4-Rh	JERC	Rh	yes	exact_match	JERC-8-4-Rh	1
JERC-8-4-Ro	JERC	Ro	yes	exact_match	JERC-8-4-Ro	1
JERC-85-2-No	JERC	No	yes	exact_match	JERC-85-2-No	1
JERC-85-2-Rh	JERC	Rh	yes	exact_match	JERC-85-2-Rh	1
JERC-85-2-Ro	JERC	Ro	yes	exact_match	JERC-85-2-Ro	1
JERC-8-4-No	JERC	No	yes	exact_match	JERC-8-4-No	1
JERC-8-5-Rh	JERC	Rh	yes	exact_match	JERC-8-5-Rh	1
JERC-8-5-No	JERC	No	yes	exact_match	JERC-8-5-No	1
JERC-87-1-No	JERC	No	yes	exact_match	JERC-87-1-No	1
JERC-8-5-Ro	JERC	Ro	yes	exact_match	JERC-8-5-Ro	1
JERC-87-1-Rh	JERC	Rh	yes	exact_match	JERC-87-1-Rh	1
JERC-87-1-Ro	JERC	Ro	yes	exact_match	JERC-87-1-Ro	1
JERC-88-1-Rh	JERC	Rh	yes	exact_match	JERC-88-1-Rh	1
JERC-88-1-Ro	JERC	Ro	yes	exact_match	JERC-88-1-Ro	1
JERC-88-1-No	JERC	No	yes	exact_match	JERC-88-1-No	1
JERC-89-1-Rh	JERC	Rh	yes	exact_match	JERC-89-1-Rh	1
JERC-89-1-No	JERC	No	yes	exact_match	JERC-89-1-No	1
JERC-89-1-Ro	JERC	Ro	yes	exact_match	JERC-89-1-Ro	1
JERC-90-1-Rh	JERC	Rh	yes	exact_match	JERC-90-1-Rh	1
JERC-90-1-Ro	JERC	Ro	yes	exact_match	JERC-90-1-Ro	1
JERC-91-1-No	JERC	No	yes	exact_match	JERC-91-1-No	1
JERC-91-1-Rh	JERC	Rh	yes	exact_match	JERC-91-1-Rh	1
JERC-91-1-Ro	JERC	Ro	yes	exact_match	JERC-91-1-Ro	1
JERC-90-1-No	JERC	No	yes	exact_match	JERC-90-1-No	1
JERC-92-4-Rh	JERC	Rh	yes	exact_match	JERC-92-4-Rh	1
JERC-92-4-Ro	JERC	Ro	yes	exact_match	JERC-92-4-Ro	1
JERC-92-4-No	JERC	No	yes	exact_match	JERC-92-4-No	1
JERC-93-1-Rh	JERC	Rh	yes	exact_match	JERC-93-1-Rh	1
JERC-93-1-Ro	JERC	Ro	yes	exact_match	JERC-93-1-Ro	1
JERC-93-1-No	JERC	No	yes	exact_match	JERC-93-1-No	1
JERC-94-1-Rh	JERC	Rh	yes	exact_match	JERC-94-1-Rh	1
JERC-94-1-Ro	JERC	Ro	yes	exact_match	JERC-94-1-Ro	1
JERC-94-1-No	JERC	No	yes	exact_match	JERC-94-1-No	1
JERC-95-5-Rh	JERC	Rh	yes	exact_match	JERC-95-5-Rh	1
JERC-95-5-Ro	JERC	Ro	yes	exact_match	JERC-95-5-Ro	1
JERC-96-2-No	JERC	No	yes	exact_match	JERC-96-2-No	1
JERC-96-2-Rh	JERC	Rh	yes	exact_match	JERC-96-2-Rh	1
JERC-95-5-No	JERC	No	yes	exact_match	JERC-95-5-No	1
JERC-98-1-No	JERC	No	yes	exact_match	JERC-98-1-No	1
JERC-96-2-Ro	JERC	Ro	yes	exact_match	JERC-96-2-Ro	1
JERC-98-1-Rh	JERC	Rh	yes	exact_match	JERC-98-1-Rh	1
JERC-98-1-Ro	JERC	Ro	yes	exact_match	JERC-98-1-Ro	1
JERC-98-2-Rh	JERC	Rh	yes	exact_match	JERC-98-2-Rh	1
JERC-98-2-Ro	JERC	Ro	yes	exact_match	JERC-98-2-Ro	1
JERC-98-2-No	JERC	No	yes	exact_match	JERC-98-2-No	1
JERC-98-3-Rh	JERC	Rh	yes	exact_match	JERC-98-3-Rh	1
JERC-98-3-Ro	JERC	Ro	yes	exact_match	JERC-98-3-Ro	1
JERC-98-3-No	JERC	No	yes	exact_match	JERC-98-3-No	1
JERC-98-4-Rh	JERC	Rh	yes	exact_match	JERC-98-4-Rh	1
JERC-98-4-Ro	JERC	Ro	yes	exact_match	JERC-98-4-Ro	1
JERC-98-4-No	JERC	No	yes	exact_match	JERC-98-4-No	1
JERC-99-1-Rh	JERC	Rh	yes	exact_match	JERC-99-1-Rh	1
JERC-99-1-Ro	JERC	Ro	yes	exact_match	JERC-99-1-Ro	1
JERC-99-1-No	JERC	No	yes	exact_match	JERC-99-1-No	1
JERC-99-2-Rh	JERC	Rh	yes	exact_match	JERC-99-2-Rh	1
JERC-99-2-Ro	JERC	Ro	yes	exact_match	JERC-99-2-Ro	1
JERC-99-2-No	JERC	No	yes	exact_match	JERC-99-2-No	1
JERC-99-3-Rh	JERC	Rh	yes	exact_match	JERC-99-3-Rh	1
JERC-99-3-Ro	JERC	Ro	yes	exact_match	JERC-99-3-Ro	1
JERC-99-4-No	JERC	No	yes	exact_match	JERC-99-4-No	1
JERC-99-4-Rh	JERC	Rh	yes	exact_match	JERC-99-4-Rh	1
JERC-99-4-Ro	JERC	Ro	yes	exact_match	JERC-99-4-Ro	1
JERC-99-3-No	JERC	No	yes	exact_match	JERC-99-3-No	1
JERC-AMFR-56-1-Rh	JERC	Rh	yes	exact_match	JERC-AMFR-56-1-Rh	1
JERC-AMFR-56-1-Ro	JERC	Ro	yes	exact_match	JERC-AMFR-56-1-Ro	1
JERC-AMFR-56-1-No	JERC	No	yes	exact_match	JERC-AMFR-56-1-No	1
JERC-AMFU-71-1-Rh	JERC	Rh	yes	exact_match	JERC-AMFU-71-1-Rh	1
JERC-AMFU-71-1-No	JERC	No	yes	exact_match	JERC-AMFU-71-1-No	1
JERC-AMFU-71-1-Ro	JERC	Ro	yes	exact_match	JERC-AMFU-71-1-Ro	1
JERC-CEAM-53-4-Rh	JERC	Rh	yes	exact_match	JERC-CEAM-53-4-Rh	1
JERC-CEAM-53-4-Ro	JERC	Ro	yes	exact_match	JERC-CEAM-53-4-Ro	1
JERC-CEAM-53-4-No	JERC	No	yes	exact_match	JERC-CEAM-53-4-No	1
JERC-CEMI-8-1-Rh	JERC	Rh	yes	exact_match	JERC-CEMI-8-1-Rh	1
JERC-CEMI-8-1-Ro	JERC	Ro	yes	exact_match	JERC-CEMI-8-1-Ro	1
JERC-CEMI-8-1-No	JERC	No	yes	exact_match	JERC-CEMI-8-1-No	1
JERC-CERE-67-1-No	JERC	No	yes	exact_match	JERC-CERE-67-1-No	1
JERC-CERE-67-1-Rh	JERC	Rh	yes	exact_match	JERC-CERE-67-1-Rh	1
JERC-CERE-67-1-Ro	JERC	Ro	yes	exact_match	JERC-CERE-67-1-Ro	1
JERC-CEVI-57-2-Rh	JERC	Rh	yes	exact_match	JERC-CEVI-57-2-Rh	1
JERC-CEVI-57-2-Ro	JERC	Ro	yes	exact_match	JERC-CEVI-57-2-Ro	1
JERC-CEVI-80-2-No	JERC	No	yes	exact_match	JERC-CEVI-80-2-No	1
JERC-CEVI-80-2-Rh	JERC	Rh	yes	exact_match	JERC-CEVI-80-2-Rh	1
JERC-CEVI-80-2-Ro	JERC	Ro	yes	exact_match	JERC-CEVI-80-2-Ro	1
JERC-CHNI-60-3-No	JERC	No	yes	exact_match	JERC-CHNI-60-3-No	1
JERC-CHNI-60-3-Rh	JERC	Rh	yes	exact_match	JERC-CHNI-60-3-Rh	1
JERC-CEVI-57-2-No	JERC	No	yes	exact_match	JERC-CEVI-57-2-No	1
JERC-CHNI-69-4-Rh	JERC	Rh	yes	exact_match	JERC-CHNI-69-4-Rh	1
JERC-CHNI-69-4-Ro	JERC	Ro	yes	exact_match	JERC-CHNI-69-4-Ro	1
JERC-CHNI-69-4-No	JERC	No	yes	exact_match	JERC-CHNI-69-4-No	1
JERC-CHNI-86-4-Rh	JERC	Rh	yes	exact_match	JERC-CHNI-86-4-Rh	1
JERC-CLMA-62-5-No	JERC	No	yes	exact_match	JERC-CLMA-62-5-No	1
JERC-CLMA-62-5-Rh	JERC	Rh	yes	exact_match	JERC-CLMA-62-5-Rh	1
JERC-CLMA-62-5-Ro	JERC	Ro	yes	exact_match	JERC-CLMA-62-5-Ro	1
JERC-CLMA-73-2-No	JERC	No	yes	exact_match	JERC-CLMA-73-2-No	1
JERC-CHNI-86-4-No	JERC	No	yes	exact_match	JERC-CHNI-86-4-No	1
JERC-CLMA-73-2-Rh	JERC	Rh	yes	exact_match	JERC-CLMA-73-2-Rh	1
JERC-CLMA-76-2-No	JERC	No	yes	exact_match	JERC-CLMA-76-2-No	1
JERC-CLMA-73-2-Ro	JERC	Ro	yes	exact_match	JERC-CLMA-73-2-Ro	1
JERC-CLMA-76-2-Ro	JERC	Ro	yes	exact_match	JERC-CLMA-76-2-Ro	1
JERC-CLMA-76-2-Rh	JERC	Rh	yes	exact_match	JERC-CLMA-76-2-Rh	1
JERC-CLMA-83-1-Rh	JERC	Rh	yes	exact_match	JERC-CLMA-83-1-Rh	1
JERC-CLMA-83-1-Ro	JERC	Ro	yes	exact_match	JERC-CLMA-83-1-Ro	1
JERC-CLMA-83-1-No	JERC	No	yes	exact_match	JERC-CLMA-83-1-No	1
JERC-CRJU-86-1-Rh	JERC	Rh	yes	exact_match	JERC-CRJU-86-1-Rh	1
JERC-CRJU-86-1-Ro	JERC	Ro	yes	exact_match	JERC-CRJU-86-1-Ro	1
JERC-CRRO-64-1-No	JERC	No	yes	exact_match	JERC-CRRO-64-1-No	1
JERC-CRJU-86-1-No	JERC	No	yes	exact_match	JERC-CRJU-86-1-No	1
JERC-CRRO-64-1-Rh	JERC	Rh	yes	exact_match	JERC-CRRO-64-1-Rh	1
JERC-CRRO-64-1-Ro	JERC	Ro	yes	exact_match	JERC-CRRO-64-1-Ro	1
JERC-CRRO-70-1-No	JERC	No	yes	exact_match	JERC-CRRO-70-1-No	1
JERC-CRRO-70-1-Rh	JERC	Rh	yes	exact_match	JERC-CRRO-70-1-Rh	1
JERC-CRRO-70-1-Ro	JERC	Ro	yes	exact_match	JERC-CRRO-70-1-Ro	1
JERC-DEFL-31-5-Rh	JERC	Rh	yes	exact_match	JERC-DEFL-31-5-Rh	1
JERC-DEFL-31-5-Ro	JERC	Ro	yes	exact_match	JERC-DEFL-31-5-Ro	1
JERC-DEFL-31-5-No	JERC	No	yes	exact_match	JERC-DEFL-31-5-No	1
JERC-DEFL-61-3-Rh	JERC	Rh	yes	exact_match	JERC-DEFL-61-3-Rh	1
JERC-DEFL-61-3-Ro	JERC	Ro	yes	exact_match	JERC-DEFL-61-3-Ro	1
JERC-DEFL-75-2-No	JERC	No	yes	exact_match	JERC-DEFL-75-2-No	1
JERC-DEFL-75-2-Rh	JERC	Rh	yes	exact_match	JERC-DEFL-75-2-Rh	1
JERC-DEFL-61-3-No	JERC	No	yes	exact_match	JERC-DEFL-61-3-No	1
JERC-DEFL-75-2-Ro	JERC	Ro	yes	exact_match	JERC-DEFL-75-2-Ro	1
JERC-DEFL-75-3-Rh	JERC	Rh	yes	exact_match	JERC-DEFL-75-3-Rh	1
JERC-DEFL-75-3-Ro	JERC	Ro	yes	exact_match	JERC-DEFL-75-3-Ro	1
JERC-DELI-77-2-No	JERC	No	yes	exact_match	JERC-DELI-77-2-No	1
JERC-DELI-77-2-Rh	JERC	Rh	yes	exact_match	JERC-DELI-77-2-Rh	1
JERC-DELI-77-2-Ro	JERC	Ro	yes	exact_match	JERC-DELI-77-2-Ro	1
JERC-DEFL-75-3-No	JERC	No	yes	exact_match	JERC-DEFL-75-3-No	1
JERC-DESM-74-1-Rh	JERC	Rh	yes	exact_match	JERC-DESM-74-1-Rh	1
JERC-DESM-74-1-No	JERC	No	yes	exact_match	JERC-DESM-74-1-No	1
JERC-DESM-74-1-Ro	JERC	Ro	yes	exact_match	JERC-DESM-74-1-Ro	1
JERC-DEST-32-1-Rh	JERC	Rh	yes	exact_match	JERC-DEST-32-1-Rh	1
JERC-DEST-32-1-Ro	JERC	Ro	yes	exact_match	JERC-DEST-32-1-Ro	1
JERC-DEST-32-1-No	JERC	No	yes	exact_match	JERC-DEST-32-1-No	1
JERC-DEST-65-5-No	JERC	No	yes	exact_match	JERC-DEST-65-5-No	1
JERC-DEST-65-5-Rh	JERC	Rh	yes	exact_match	JERC-DEST-65-5-Rh	1
JERC-DEST-65-5-Ro	JERC	Ro	yes	exact_match	JERC-DEST-65-5-Ro	1
JERC-DEST-68-4-Rh	JERC	Rh	yes	exact_match	JERC-DEST-68-4-Rh	1
JERC-DEST-68-4-Ro	JERC	Ro	yes	exact_match	JERC-DEST-68-4-Ro	1
JERC-DEST-68-4-No	JERC	No	yes	exact_match	JERC-DEST-68-4-No	1
JERC-GAVO-33-1-Rh	JERC	Rh	yes	exact_match	JERC-GAVO-33-1-Rh	1
JERC-GAVO-33-1-Ro	JERC	Ro	yes	exact_match	JERC-GAVO-33-1-Ro	1
JERC-LEHI-82-3-No	JERC	No	yes	exact_match	JERC-LEHI-82-3-No	1
JERC-GAVO-33-1-No	JERC	No	yes	exact_match	JERC-GAVO-33-1-No	1
JERC-LEHI-82-3-Rh	JERC	Rh	yes	exact_match	JERC-LEHI-82-3-Rh	1
JERC-LEHI-82-3-Ro	JERC	Ro	yes	exact_match	JERC-LEHI-82-3-Ro	1
JERC-LEST-78-5-No	JERC	No	yes	exact_match	JERC-LEST-78-5-No	1
JERC-LEST-78-5-Ro	JERC	Ro	yes	exact_match	JERC-LEST-78-5-Ro	1
JERC-LEST-78-5-Rh	JERC	Rh	yes	exact_match	JERC-LEST-78-5-Rh	1
JERC-LEVI-79-2-No	JERC	No	yes	exact_match	JERC-LEVI-79-2-No	1
JERC-LEVI-79-2-Ro	JERC	Ro	yes	exact_match	JERC-LEVI-79-2-Ro	1
JERC-LEVI-79-2-Rh	JERC	Rh	yes	exact_match	JERC-LEVI-79-2-Rh	1
JERC-RHDI-59-3-Rh	JERC	Rh	yes	exact_match	JERC-RHDI-59-3-Rh	1
JERC-RHDI-59-3-Ro	JERC	Ro	yes	exact_match	JERC-RHDI-59-3-Ro	1
JERC-RHDI-59-3-No	JERC	No	yes	exact_match	JERC-RHDI-59-3-No	1
JERC-RHRE-55-1-No	JERC	No	yes	exact_match	JERC-RHRE-55-1-No	1
JERC-RHRE-55-1-Ro	JERC	Ro	yes	exact_match	JERC-RHRE-55-1-Ro	1
JERC-RHRE-55-1-Rh	JERC	Rh	yes	exact_match	JERC-RHRE-55-1-Rh	1
JERC-RHTO-58-1-Rh	JERC	Rh	yes	exact_match	JERC-RHTO-58-1-Rh	1
JERC-RHTO-58-1-Ro	JERC	Ro	yes	exact_match	JERC-RHTO-58-1-Ro	1
JERC-RHTO-58-1-No	JERC	No	yes	exact_match	JERC-RHTO-58-1-No	1
JERC-STBI-63-1-Rh	JERC	Rh	yes	exact_match	JERC-STBI-63-1-Rh	1
JERC-STBI-63-1-Ro	JERC	Ro	yes	exact_match	JERC-STBI-63-1-Ro	1
JERC-STBI-72-3-No	JERC	No	yes	exact_match	JERC-STBI-72-3-No	1
JERC-STBI-63-1-No	JERC	No	yes	exact_match	JERC-STBI-63-1-No	1
JERC-STBI-72-3-Ro	JERC	Ro	yes	exact_match	JERC-STBI-72-3-Ro	1
JERC-TECW-66-3-No	JERC	No	yes	exact_match	JERC-TECW-66-3-No	1
JERC-STBI-72-3-Rh	JERC	Rh	yes	exact_match	JERC-STBI-72-3-Rh	1
JERC-TECW-66-3-Rh	JERC	Rh	yes	exact_match	JERC-TECW-66-3-Rh	1
JERC-TECW-66-3-Ro	JERC	Ro	yes	exact_match	JERC-TECW-66-3-Ro	1
JORN-1-Rh	JORN	Rh	yes	exact_match	JORN-1-Rh	1
JORN-1-Ro	JORN	Ro	yes	exact_match	JORN-1-Ro	1
JORN-2-1-No	JORN	No	yes	exact_match	JORN-2-1-No	1
JORN-2-1-Rh	JORN	Rh	yes	exact_match	JORN-2-1-Rh	1
JORN-2-1-Ro	JORN	Ro	yes	exact_match	JORN-2-1-Ro	1
JORN-3-1-No	JORN	No	yes	exact_match	JORN-3-1-No	1
JORN-3-1-Rh	JORN	Rh	yes	exact_match	JORN-3-1-Rh	1
JORN-3-1-Ro	JORN	Ro	yes	exact_match	JORN-3-1-Ro	1
JORN-4-1-No	JORN	No	yes	exact_match	JORN-4-1-No	1
JORN-4-1-Rh	JORN	Rh	yes	exact_match	JORN-4-1-Rh	1
JORN-4-1-Ro	JORN	Ro	yes	exact_match	JORN-4-1-Ro	1
KONA-1-1-No	KONA	No	yes	exact_match	KONA-1-1-No	1
KONA-1-1-Rh	KONA	Rh	yes	exact_match	KONA-1-1-Rh	1
KONA-1-1-Ro	KONA	Ro	yes	exact_match	KONA-1-1-Ro	1
KONA-2-1-No	KONA	No	yes	exact_match	KONA-2-1-No	1
KONA-2-1-Rh	KONA	Rh	yes	exact_match	KONA-2-1-Rh	1
KONA-2-1-Ro	KONA	Ro	yes	exact_match	KONA-2-1-Ro	1
KONA-3-1-No	KONA	No	yes	exact_match	KONA-3-1-No	1
KONA-3-1-Rh	KONA	Rh	yes	exact_match	KONA-3-1-Rh	1
KONA-3-1-Ro	KONA	Ro	yes	exact_match	KONA-3-1-Ro	1
JORN-1-No	JORN	No	yes	exact_match	JORN-1-No	1
KONZ-10-1-Rh	KONZ	Rh	yes	exact_match	KONZ-10-1-Rh	1
KONZ-10-1-Ro	KONZ	Ro	yes	exact_match	KONZ-10-1-Ro	1
KONZ-11-1-No	KONZ	No	yes	exact_match	KONZ-11-1-No	1
KONZ-10-1-No	KONZ	No	yes	exact_match	KONZ-10-1-No	1
KONZ-11-1-Ro	KONZ	Ro	yes	exact_match	KONZ-11-1-Ro	1
KONZ-11-1-Rh	KONZ	Rh	yes	exact_match	KONZ-11-1-Rh	1
KONZ-12-1-Rh	KONZ	Rh	yes	exact_match	KONZ-12-1-Rh	1
KONZ-12-1-Ro	KONZ	Ro	yes	exact_match	KONZ-12-1-Ro	1
KONZ-13-1-No	KONZ	No	yes	exact_match	KONZ-13-1-No	1
KONZ-13-1-Rh	KONZ	Rh	yes	exact_match	KONZ-13-1-Rh	1
KONZ-13-1-Ro	KONZ	Ro	yes	exact_match	KONZ-13-1-Ro	1
KONZ-14-1-No	KONZ	No	yes	exact_match	KONZ-14-1-No	1
KONZ-14-1-Rh	KONZ	Rh	yes	exact_match	KONZ-14-1-Rh	1
KONZ-14-1-Ro	KONZ	Ro	yes	exact_match	KONZ-14-1-Ro	1
KONZ-12-1-No	KONZ	No	yes	exact_match	KONZ-12-1-No	1
KONZ-15-1-Rh	KONZ	Rh	yes	exact_match	KONZ-15-1-Rh	1
KONZ-15-1-Ro	KONZ	Ro	yes	exact_match	KONZ-15-1-Ro	1
KONZ-16-1-No	KONZ	No	yes	exact_match	KONZ-16-1-No	1
KONZ-15-1-No	KONZ	No	yes	exact_match	KONZ-15-1-No	1
KONZ-16-1-Ro	KONZ	Ro	yes	exact_match	KONZ-16-1-Ro	1
KONZ-16-1-Rh	KONZ	Rh	yes	exact_match	KONZ-16-1-Rh	1
KONZ-16-2-Rh	KONZ	Rh	yes	exact_match	KONZ-16-2-Rh	1
KONZ-16-2-No	KONZ	No	yes	exact_match	KONZ-16-2-No	1
KONZ-16-2-Ro	KONZ	Ro	yes	exact_match	KONZ-16-2-Ro	1
KONZ-1-Rh	KONZ	Rh	yes	exact_match	KONZ-1-Rh	1
KONZ-1-Ro	KONZ	Ro	yes	exact_match	KONZ-1-Ro	1
KONZ-1-No	KONZ	No	yes	exact_match	KONZ-1-No	1
KONZ-2-1-Rh	KONZ	Rh	yes	exact_match	KONZ-2-1-Rh	1
KONZ-2-1-Ro	KONZ	Ro	yes	exact_match	KONZ-2-1-Ro	1
KONZ-3-1-No	KONZ	No	yes	exact_match	KONZ-3-1-No	1
KONZ-3-1-Rh	KONZ	Rh	yes	exact_match	KONZ-3-1-Rh	1
KONZ-3-1-Ro	KONZ	Ro	yes	exact_match	KONZ-3-1-Ro	1
KONZ-4-1-No	KONZ	No	yes	exact_match	KONZ-4-1-No	1
KONZ-4-1-Rh	KONZ	Rh	yes	exact_match	KONZ-4-1-Rh	1
KONZ-4-1-Ro	KONZ	Ro	yes	exact_match	KONZ-4-1-Ro	1
KONZ-2-1-No	KONZ	No	yes	exact_match	KONZ-2-1-No	1
KONZ-5-1-Rh	KONZ	Rh	yes	exact_match	KONZ-5-1-Rh	1
KONZ-5-1-Ro	KONZ	Ro	yes	exact_match	KONZ-5-1-Ro	1
KONZ-5-1-No	KONZ	No	yes	exact_match	KONZ-5-1-No	1
KONZ-6-1-Rh	KONZ	Rh	yes	exact_match	KONZ-6-1-Rh	1
KONZ-6-1-Ro	KONZ	Ro	yes	exact_match	KONZ-6-1-Ro	1
KONZ-7-1-No	KONZ	No	yes	exact_match	KONZ-7-1-No	1
KONZ-7-1-Rh	KONZ	Rh	yes	exact_match	KONZ-7-1-Rh	1
KONZ-7-1-Ro	KONZ	Ro	yes	exact_match	KONZ-7-1-Ro	1
KONZ-8-1-No	KONZ	No	yes	exact_match	KONZ-8-1-No	1
KONZ-8-1-Rh	KONZ	Rh	yes	exact_match	KONZ-8-1-Rh	1
KONZ-8-1-Ro	KONZ	Ro	yes	exact_match	KONZ-8-1-Ro	1
KONZ-6-1-No	KONZ	No	yes	exact_match	KONZ-6-1-No	1
KONZ-9-2-Rh	KONZ	Rh	yes	exact_match	KONZ-9-2-Rh	1
KONZ-9-2-Ro	KONZ	Ro	yes	exact_match	KONZ-9-2-Ro	1
KONZ-9-2-No	KONZ	No	yes	exact_match	KONZ-9-2-No	1
LAJA-10-1-Rh	LAJA	Rh	yes	exact_match	LAJA-10-1-Rh	1
LAJA-10-1-Ro	LAJA	Ro	yes	exact_match	LAJA-10-1-Ro	1
LAJA-10-1-No	LAJA	No	yes	exact_match	LAJA-10-1-No	1
LAJA-11-3-Rh	LAJA	Rh	yes	exact_match	LAJA-11-3-Rh	1
LAJA-11-3-Ro	LAJA	Ro	yes	exact_match	LAJA-11-3-Ro	1
LAJA-1-1-No	LAJA	No	yes	exact_match	LAJA-1-1-No	1
LAJA-1-1-Rh	LAJA	Rh	yes	exact_match	LAJA-1-1-Rh	1
LAJA-1-1-Ro	LAJA	Ro	yes	exact_match	LAJA-1-1-Ro	1
LAJA-11-3-No	LAJA	No	yes	exact_match	LAJA-11-3-No	1
LAJA-12-1-Rh	LAJA	Rh	yes	exact_match	LAJA-12-1-Rh	1
LAJA-12-1-Ro	LAJA	Ro	yes	exact_match	LAJA-12-1-Ro	1
LAJA-12-1-No	LAJA	No	yes	exact_match	LAJA-12-1-No	1
LAJA-1-2-Rh	LAJA	Rh	yes	exact_match	LAJA-1-2-Rh	1
LAJA-1-2-Ro	LAJA	Ro	yes	exact_match	LAJA-1-2-Ro	1
LAJA-1-2-No	LAJA	No	yes	exact_match	LAJA-1-2-No	1
LAJA-13-3-Rh	LAJA	Rh	yes	exact_match	LAJA-13-3-Rh	1
LAJA-13-3-Ro	LAJA	Ro	yes	exact_match	LAJA-13-3-Ro	1
LAJA-1-3-No	LAJA	No	yes	exact_match	LAJA-1-3-No	1
LAJA-1-3-Rh	LAJA	Rh	yes	exact_match	LAJA-1-3-Rh	1
LAJA-1-3-Ro	LAJA	Ro	yes	exact_match	LAJA-1-3-Ro	1
LAJA-14-1-No	LAJA	No	yes	exact_match	LAJA-14-1-No	1
LAJA-14-1-Rh	LAJA	Rh	yes	exact_match	LAJA-14-1-Rh	1
LAJA-14-1-Ro	LAJA	Ro	yes	exact_match	LAJA-14-1-Ro	1
LAJA-15-1-No	LAJA	No	yes	exact_match	LAJA-15-1-No	1
LAJA-15-1-Rh	LAJA	Rh	yes	exact_match	LAJA-15-1-Rh	1
LAJA-15-1-Ro	LAJA	Ro	yes	exact_match	LAJA-15-1-Ro	1
LAJA-16-2-No	LAJA	No	yes	exact_match	LAJA-16-2-No	1
LAJA-16-2-Rh	LAJA	Rh	yes	exact_match	LAJA-16-2-Rh	1
LAJA-16-2-Ro	LAJA	Ro	yes	exact_match	LAJA-16-2-Ro	1
LAJA-17-1-No	LAJA	No	yes	exact_match	LAJA-17-1-No	1
LAJA-17-1-Rh	LAJA	Rh	yes	exact_match	LAJA-17-1-Rh	1
LAJA-17-1-Ro	LAJA	Ro	yes	exact_match	LAJA-17-1-Ro	1
LAJA-13-3-No	LAJA	No	yes	exact_match	LAJA-13-3-No	1
LAJA-18-1-Rh	LAJA	Rh	yes	exact_match	LAJA-18-1-Rh	1
LAJA-18-1-Ro	LAJA	Ro	yes	exact_match	LAJA-18-1-Ro	1
LAJA-19-2-No	LAJA	No	yes	exact_match	LAJA-19-2-No	1
LAJA-19-2-Rh	LAJA	Rh	yes	exact_match	LAJA-19-2-Rh	1
LAJA-19-2-Ro	LAJA	Ro	yes	exact_match	LAJA-19-2-Ro	1
LAJA-18-1-No	LAJA	No	yes	exact_match	LAJA-18-1-No	1
LAJA-20-1-Rh	LAJA	Rh	yes	exact_match	LAJA-20-1-Rh	1
LAJA-20-1-Ro	LAJA	Ro	yes	exact_match	LAJA-20-1-Ro	1
LAJA-20-1-No	LAJA	No	yes	exact_match	LAJA-20-1-No	1
LAJA-21-1-Rh	LAJA	Rh	yes	exact_match	LAJA-21-1-Rh	1
LAJA-21-1-Ro	LAJA	Ro	yes	exact_match	LAJA-21-1-Ro	1
LAJA-21-1-No	LAJA	No	yes	exact_match	LAJA-21-1-No	1
LAJA-2-1-No	LAJA	No	yes	exact_match	LAJA-2-1-No	1
LAJA-2-1-Rh	LAJA	Rh	yes	exact_match	LAJA-2-1-Rh	1
LAJA-2-1-Ro	LAJA	Ro	yes	exact_match	LAJA-2-1-Ro	1
LAJA-22-2-Rh	LAJA	Rh	yes	exact_match	LAJA-22-2-Rh	1
LAJA-22-2-Ro	LAJA	Ro	yes	exact_match	LAJA-22-2-Ro	1
LAJA-22-2-No	LAJA	No	yes	exact_match	LAJA-22-2-No	1
LAJA-2-2-Rh	LAJA	Rh	yes	exact_match	LAJA-2-2-Rh	1
LAJA-2-2-Ro	LAJA	Ro	yes	exact_match	LAJA-2-2-Ro	1
LAJA-2-2-No	LAJA	No	yes	exact_match	LAJA-2-2-No	1
LAJA-23-1-Rh	LAJA	Rh	yes	exact_match	LAJA-23-1-Rh	1
LAJA-23-1-Ro	LAJA	Ro	yes	exact_match	LAJA-23-1-Ro	1
LAJA-23-1-No	LAJA	No	yes	exact_match	LAJA-23-1-No	1
LAJA-2-3-Rh	LAJA	Rh	yes	exact_match	LAJA-2-3-Rh	1
LAJA-2-3-Ro	LAJA	Ro	yes	exact_match	LAJA-2-3-Ro	1
LAJA-24-2-No	LAJA	No	yes	exact_match	LAJA-24-2-No	1
LAJA-24-2-Rh	LAJA	Rh	yes	exact_match	LAJA-24-2-Rh	1
LAJA-24-2-Ro	LAJA	Ro	yes	exact_match	LAJA-24-2-Ro	1
LAJA-25-1-No	LAJA	No	yes	exact_match	LAJA-25-1-No	1
LAJA-25-1-Rh	LAJA	Rh	yes	exact_match	LAJA-25-1-Rh	1
LAJA-25-1-Ro	LAJA	Ro	yes	exact_match	LAJA-25-1-Ro	1
LAJA-26-1-No	LAJA	No	yes	exact_match	LAJA-26-1-No	1
LAJA-26-1-Rh	LAJA	Rh	yes	exact_match	LAJA-26-1-Rh	1
LAJA-26-1-Ro	LAJA	Ro	yes	exact_match	LAJA-26-1-Ro	1
LAJA-3-1-No	LAJA	No	yes	exact_match	LAJA-3-1-No	1
LAJA-3-1-Rh	LAJA	Rh	yes	exact_match	LAJA-3-1-Rh	1
LAJA-3-1-Ro	LAJA	Ro	yes	exact_match	LAJA-3-1-Ro	1
LAJA-2-3-No	LAJA	No	yes	exact_match	LAJA-2-3-No	1
LAJA-3-2-Rh	LAJA	Rh	yes	exact_match	LAJA-3-2-Rh	1
LAJA-3-2-No	LAJA	No	yes	exact_match	LAJA-3-2-No	1
LAJA-3-2-Ro	LAJA	Ro	yes	exact_match	LAJA-3-2-Ro	1
LAJA-3-3-Rh	LAJA	Rh	yes	exact_match	LAJA-3-3-Rh	1
LAJA-3-3-Ro	LAJA	Ro	yes	exact_match	LAJA-3-3-Ro	1
LAJA-4-1-No	LAJA	No	yes	exact_match	LAJA-4-1-No	1
LAJA-3-3-No	LAJA	No	yes	exact_match	LAJA-3-3-No	1
LAJA-4-1-Ro	LAJA	Ro	yes	exact_match	LAJA-4-1-Ro	1
LAJA-4-1-Rh	LAJA	Rh	yes	exact_match	LAJA-4-1-Rh	1
LAJA-5-1-Rh	LAJA	Rh	yes	exact_match	LAJA-5-1-Rh	1
LAJA-5-1-Ro	LAJA	Ro	yes	exact_match	LAJA-5-1-Ro	1
LAJA-6-1-No	LAJA	No	yes	exact_match	LAJA-6-1-No	1
LAJA-6-1-Rh	LAJA	Rh	yes	exact_match	LAJA-6-1-Rh	1
LAJA-5-1-No	LAJA	No	yes	exact_match	LAJA-5-1-No	1
LAJA-6-1-Ro	LAJA	Ro	yes	exact_match	LAJA-6-1-Ro	1
LAJA-7-1-Rh	LAJA	Rh	yes	exact_match	LAJA-7-1-Rh	1
LAJA-7-1-Ro	LAJA	Ro	yes	exact_match	LAJA-7-1-Ro	1
LAJA-8-2-No	LAJA	No	yes	exact_match	LAJA-8-2-No	1
LAJA-8-2-Rh	LAJA	Rh	yes	exact_match	LAJA-8-2-Rh	1
LAJA-8-2-Ro	LAJA	Ro	yes	exact_match	LAJA-8-2-Ro	1
LAJA-7-1-No	LAJA	No	yes	exact_match	LAJA-7-1-No	1
LAJA-9-1-Rh	LAJA	Rh	yes	exact_match	LAJA-9-1-Rh	1
LAJA-9-1-Ro	LAJA	Ro	yes	exact_match	LAJA-9-1-Ro	1
LAJA-9-1-No	LAJA	No	yes	exact_match	LAJA-9-1-No	1
LENO-10-2-Rh	LENO	Rh	yes	exact_match	LENO-10-2-Rh	1
LENO-10-2-Ro	LENO	Ro	yes	exact_match	LENO-10-2-Ro	1
LENO-10-2-No	LENO	No	yes	exact_match	LENO-10-2-No	1
LENO-1-1-Rh	LENO	Rh	yes	exact_match	LENO-1-1-Rh	1
LENO-1-1-Ro	LENO	Ro	yes	exact_match	LENO-1-1-Ro	1
LENO-1-1-No	LENO	No	yes	exact_match	LENO-1-1-No	1
LENO-12-3-Rh	LENO	Rh	yes	exact_match	LENO-12-3-Rh	1
LENO-12-3-Ro	LENO	Ro	yes	exact_match	LENO-12-3-Ro	1
LENO-12-3-No	LENO	No	yes	exact_match	LENO-12-3-No	1
LENO-13-2-Rh	LENO	Rh	yes	exact_match	LENO-13-2-Rh	1
LENO-13-2-Ro	LENO	Ro	yes	exact_match	LENO-13-2-Ro	1
LENO-14-3-No	LENO	No	yes	exact_match	LENO-14-3-No	1
LENO-14-3-Rh	LENO	Rh	yes	exact_match	LENO-14-3-Rh	1
LENO-14-3-Ro	LENO	Ro	yes	exact_match	LENO-14-3-Ro	1
LENO-13-2-No	LENO	No	yes	exact_match	LENO-13-2-No	1
LENO-15-2-Rh	LENO	Rh	yes	exact_match	LENO-15-2-Rh	1
LENO-15-2-Ro	LENO	Ro	yes	exact_match	LENO-15-2-Ro	1
LENO-15-2-No	LENO	No	yes	exact_match	LENO-15-2-No	1
LENO-16-2-Rh	LENO	Rh	yes	exact_match	LENO-16-2-Rh	1
LENO-16-2-Ro	LENO	Ro	yes	exact_match	LENO-16-2-Ro	1
LENO-16-2-No	LENO	No	yes	exact_match	LENO-16-2-No	1
LENO-2-1-Rh	LENO	Rh	yes	exact_match	LENO-2-1-Rh	1
LENO-2-1-Ro	LENO	Ro	yes	exact_match	LENO-2-1-Ro	1
LENO-2-1-No	LENO	No	yes	exact_match	LENO-2-1-No	1
LENO-3-2-Rh	LENO	Rh	yes	exact_match	LENO-3-2-Rh	1
LENO-3-2-Ro	LENO	Ro	yes	exact_match	LENO-3-2-Ro	1
LENO-4-3-No	LENO	No	yes	exact_match	LENO-4-3-No	1
LENO-4-3-Rh	LENO	Rh	yes	exact_match	LENO-4-3-Rh	1
LENO-4-3-Ro	LENO	Ro	yes	exact_match	LENO-4-3-Ro	1
LENO-3-2-No	LENO	No	yes	exact_match	LENO-3-2-No	1
LENO-5-2-Rh	LENO	Rh	yes	exact_match	LENO-5-2-Rh	1
LENO-5-2-Ro	LENO	Ro	yes	exact_match	LENO-5-2-Ro	1
LENO-6-1-No	LENO	No	yes	exact_match	LENO-6-1-No	1
LENO-6-1-Rh	LENO	Rh	yes	exact_match	LENO-6-1-Rh	1
LENO-6-1-Ro	LENO	Ro	yes	exact_match	LENO-6-1-Ro	1
LENO-5-2-No	LENO	No	yes	exact_match	LENO-5-2-No	1
LENO-7-2-Rh	LENO	Rh	yes	exact_match	LENO-7-2-Rh	1
LENO-7-2-Ro	LENO	Ro	yes	exact_match	LENO-7-2-Ro	1
LENO-7-2-No	LENO	No	yes	exact_match	LENO-7-2-No	1
LENO-8-3-Rh	LENO	Rh	yes	exact_match	LENO-8-3-Rh	1
LENO-8-3-Ro	LENO	Ro	yes	exact_match	LENO-8-3-Ro	1
LENO-8-3-No	LENO	No	yes	exact_match	LENO-8-3-No	1
LENO-9-2-Rh	LENO	Rh	yes	exact_match	LENO-9-2-Rh	1
LENO-9-2-Ro	LENO	Ro	yes	exact_match	LENO-9-2-Ro	1
LENO-9-2-No	LENO	No	yes	exact_match	LENO-9-2-No	1
MC-1	MC	MC	yes	exact_match	MC-1	1
MC-2	MC	MC	yes	exact_match	MC-2	1
MLBS-1-1-Rh	MLBS	Rh	yes	exact_match	MLBS-1-1-Rh	1
MLBS-1-1-Ro	MLBS	Ro	yes	exact_match	MLBS-1-1-Ro	1
MLBS-1-1-No	MLBS	No	yes	exact_match	MLBS-1-1-No	1
MLBS-1-2-Rh	MLBS	Rh	yes	exact_match	MLBS-1-2-Rh	1
MLBS-1-2-No	MLBS	No	yes	exact_match	MLBS-1-2-No	1
MLBS-1-2-Ro	MLBS	Ro	yes	exact_match	MLBS-1-2-Ro	1
MLBS-1-3-Rh	MLBS	Rh	yes	exact_match	MLBS-1-3-Rh	1
MLBS-1-3-Ro	MLBS	Ro	yes	exact_match	MLBS-1-3-Ro	1
MLBS-2-1-No	MLBS	No	yes	exact_match	MLBS-2-1-No	1
MLBS-2-1-Rh	MLBS	Rh	yes	exact_match	MLBS-2-1-Rh	1
MLBS-2-1-Ro	MLBS	Ro	yes	exact_match	MLBS-2-1-Ro	1
MLBS-1-3-No	MLBS	No	yes	exact_match	MLBS-1-3-No	1
N13-2-D-Rh	N13	Rh	no	not_found_in_metadata	NA	NA
N13-2-D-Ro	N13	Ro	no	not_found_in_metadata	NA	NA
N34-2-D-No	N34	No	no	not_found_in_metadata	NA	NA
N34-2-D-Rh	N34	Rh	no	not_found_in_metadata	NA	NA
N34-2-D-Ro	N34	Ro	no	not_found_in_metadata	NA	NA
N13-2-D-No	N13	No	no	not_found_in_metadata	NA	NA
N35-4-D-No	N35	No	no	not_found_in_metadata	NA	NA
N35-4-D-Rh	N35	Rh	no	not_found_in_metadata	NA	NA
N35-4-D-Ro	N35	Ro	no	not_found_in_metadata	NA	NA
N36-4-D-Rh	N36	Rh	no	not_found_in_metadata	NA	NA
N36-4-D-Ro	N36	Ro	no	not_found_in_metadata	NA	NA
N36-4-D-No	N36	No	no	not_found_in_metadata	NA	NA
N38-2-D-Rh	N38	Rh	no	not_found_in_metadata	NA	NA
N38-2-D-No	N38	No	no	not_found_in_metadata	NA	NA
N39-2-D-No	N39	No	no	not_found_in_metadata	NA	NA
N38-2-D-Ro	N38	Ro	no	not_found_in_metadata	NA	NA
N39-2-D-Ro	N39	Ro	no	not_found_in_metadata	NA	NA
N39-2-D-Rh	N39	Rh	no	not_found_in_metadata	NA	NA
N49-3-D-Rh	N49	Rh	no	not_found_in_metadata	NA	NA
N49-3-D-Ro	N49	Ro	no	not_found_in_metadata	NA	NA
N49-3-D-No	N49	No	no	not_found_in_metadata	NA	NA
NIWO-1-Rh	NIWO	Rh	yes	exact_match	NIWO-1-Rh	1
NIWO-1-Ro	NIWO	Ro	yes	exact_match	NIWO-1-Ro	1
NIWO-2-No	NIWO	No	yes	exact_match	NIWO-2-No	1
NIWO-2-Rh	NIWO	Rh	yes	exact_match	NIWO-2-Rh	1
NIWO-2-Ro	NIWO	Ro	yes	exact_match	NIWO-2-Ro	1
NIWO-1-No	NIWO	No	yes	exact_match	NIWO-1-No	1
NOGP-1-1-Rh	NOGP	Rh	yes	exact_match	NOGP-1-1-Rh	1
NOGP-1-1-Ro	NOGP	Ro	yes	exact_match	NOGP-1-1-Ro	1
NOGP-1-1-No	NOGP	No	yes	exact_match	NOGP-1-1-No	1
NOGP-2-1-Rh	NOGP	Rh	yes	exact_match	NOGP-2-1-Rh	1
NOGP-2-1-Ro	NOGP	Ro	yes	exact_match	NOGP-2-1-Ro	1
NOGP-3-2-No	NOGP	No	yes	exact_match	NOGP-3-2-No	1
NOGP-3-2-Rh	NOGP	Rh	yes	exact_match	NOGP-3-2-Rh	1
NOGP-3-2-Ro	NOGP	Ro	yes	exact_match	NOGP-3-2-Ro	1
NOGP-4-1-No	NOGP	No	yes	exact_match	NOGP-4-1-No	1
NOGP-4-1-Rh	NOGP	Rh	yes	exact_match	NOGP-4-1-Rh	1
NOGP-4-1-Ro	NOGP	Ro	yes	exact_match	NOGP-4-1-Ro	1
NOGP-5-2-No	NOGP	No	yes	exact_match	NOGP-5-2-No	1
NOGP-5-2-Rh	NOGP	Rh	yes	exact_match	NOGP-5-2-Rh	1
NOGP-5-2-Ro	NOGP	Ro	yes	exact_match	NOGP-5-2-Ro	1
NOGP-2-1-No	NOGP	No	yes	exact_match	NOGP-2-1-No	1
NOGP-6-3-Rh	NOGP	Rh	yes	exact_match	NOGP-6-3-Rh	1
NOGP-6-3-Ro	NOGP	Ro	yes	exact_match	NOGP-6-3-Ro	1
NOGP-7-2-No	NOGP	No	yes	exact_match	NOGP-7-2-No	1
NOGP-7-2-Rh	NOGP	Rh	yes	exact_match	NOGP-7-2-Rh	1
NOGP-7-2-Ro	NOGP	Ro	yes	exact_match	NOGP-7-2-Ro	1
OAES-10-1-No	OAES	No	yes	exact_match	OAES-10-1-No	1
OAES-10-1-Rh	OAES	Rh	yes	exact_match	OAES-10-1-Rh	1
OAES-10-1-Ro	OAES	Ro	yes	exact_match	OAES-10-1-Ro	1
NOGP-6-3-No	NOGP	No	yes	exact_match	NOGP-6-3-No	1
OAES-11-1-Rh	OAES	Rh	yes	exact_match	OAES-11-1-Rh	1
OAES-11-1-Ro	OAES	Ro	yes	exact_match	OAES-11-1-Ro	1
OAES-11-1-No	OAES	No	yes	exact_match	OAES-11-1-No	1
OAES-1-1-Rh	OAES	Rh	yes	exact_match	OAES-1-1-Rh	1
OAES-1-1-Ro	OAES	Ro	yes	exact_match	OAES-1-1-Ro	1
OAES-12-2-No	OAES	No	yes	exact_match	OAES-12-2-No	1
OAES-12-2-Rh	OAES	Rh	yes	exact_match	OAES-12-2-Rh	1
OAES-1-1-No	OAES	No	yes	exact_match	OAES-1-1-No	1
OAES-13-1-No	OAES	No	yes	exact_match	OAES-13-1-No	1
OAES-13-1-Rh	OAES	Rh	yes	exact_match	OAES-13-1-Rh	1
OAES-13-1-Ro	OAES	Ro	yes	exact_match	OAES-13-1-Ro	1
OAES-13-2-No	OAES	No	yes	exact_match	OAES-13-2-No	1
OAES-12-2-Ro	OAES	Ro	yes	exact_match	OAES-12-2-Ro	1
OAES-13-2-Ro	OAES	Ro	yes	exact_match	OAES-13-2-Ro	1
OAES-13-2-Rh	OAES	Rh	yes	exact_match	OAES-13-2-Rh	1
OAES-14-1-Rh	OAES	Rh	yes	exact_match	OAES-14-1-Rh	1
OAES-14-1-Ro	OAES	Ro	yes	exact_match	OAES-14-1-Ro	1
OAES-15-No	OAES	No	yes	exact_match	OAES-15-No	1
OAES-15-Rh	OAES	Rh	yes	exact_match	OAES-15-Rh	1
OAES-15-Ro	OAES	Ro	yes	exact_match	OAES-15-Ro	1
OAES-16-1-No	OAES	No	yes	exact_match	OAES-16-1-No	1
OAES-16-1-Rh	OAES	Rh	yes	exact_match	OAES-16-1-Rh	1
OAES-16-1-Ro	OAES	Ro	yes	exact_match	OAES-16-1-Ro	1
OAES-17-No	OAES	No	yes	exact_match	OAES-17-No	1
OAES-17-Rh	OAES	Rh	yes	exact_match	OAES-17-Rh	1
OAES-17-Ro	OAES	Ro	yes	exact_match	OAES-17-Ro	1
OAES-18-3-No	OAES	No	yes	exact_match	OAES-18-3-No	1
OAES-18-3-Rh	OAES	Rh	yes	exact_match	OAES-18-3-Rh	1
OAES-18-3-Ro	OAES	Ro	yes	exact_match	OAES-18-3-Ro	1
OAES-14-1-No	OAES	No	yes	exact_match	OAES-14-1-No	1
OAES_19-2-Rh	OAES_19	Rh	yes	exact_match	OAES_19-2-Rh	1
OAES_19-2-Ro	OAES_19	Ro	yes	exact_match	OAES_19-2-Ro	1
OAES-20-No	OAES	No	yes	exact_match	OAES-20-No	1
OAES-20-Rh	OAES	Rh	yes	exact_match	OAES-20-Rh	1
OAES-20-Ro	OAES	Ro	yes	exact_match	OAES-20-Ro	1
OAES-21-3-No	OAES	No	yes	exact_match	OAES-21-3-No	1
OAES-21-3-Rh	OAES	Rh	yes	exact_match	OAES-21-3-Rh	1
OAES-21-3-Ro	OAES	Ro	yes	exact_match	OAES-21-3-Ro	1
OAES_19-2-No	OAES_19	No	yes	exact_match	OAES_19-2-No	1
OAES-2-1-Rh	OAES	Rh	yes	exact_match	OAES-2-1-Rh	1
OAES-2-1-Ro	OAES	Ro	yes	exact_match	OAES-2-1-Ro	1
OAES-22-1-No	OAES	No	yes	exact_match	OAES-22-1-No	1
OAES-22-1-Rh	OAES	Rh	yes	exact_match	OAES-22-1-Rh	1
OAES-22-1-Ro	OAES	Ro	yes	exact_match	OAES-22-1-Ro	1
OAES-2-1-No	OAES	No	yes	exact_match	OAES-2-1-No	1
OAES-23-1-Rh	OAES	Rh	yes	exact_match	OAES-23-1-Rh	1
OAES-23-1-No	OAES	No	yes	exact_match	OAES-23-1-No	1
OAES_24-3-No	OAES_24	No	yes	exact_match	OAES_24-3-No	1
OAES-23-1-Ro	OAES	Ro	yes	exact_match	OAES-23-1-Ro	1
OAES_24-3-Ro	OAES_24	Ro	yes	exact_match	OAES_24-3-Ro	1
OAES_24-3-Rh	OAES_24	Rh	yes	exact_match	OAES_24-3-Rh	1
OAES-25-1-Rh	OAES	Rh	yes	exact_match	OAES-25-1-Rh	1
OAES-25-1-Ro	OAES	Ro	yes	exact_match	OAES-25-1-Ro	1
OAES-25-1-No	OAES	No	yes	exact_match	OAES-25-1-No	1
OAES-26-1-No	OAES	No	yes	exact_match	OAES-26-1-No	1
OAES-26-1-Ro	OAES	Ro	yes	exact_match	OAES-26-1-Ro	1
OAES-26-1-Rh	OAES	Rh	yes	exact_match	OAES-26-1-Rh	1
OAES-27-2-Rh	OAES	Rh	yes	exact_match	OAES-27-2-Rh	1
OAES-27-2-Ro	OAES	Ro	yes	exact_match	OAES-27-2-Ro	1
OAES-27-2-No	OAES	No	yes	exact_match	OAES-27-2-No	1
OAES-28-1-Rh	OAES	Rh	yes	exact_match	OAES-28-1-Rh	1
OAES-28-1-Ro	OAES	Ro	yes	exact_match	OAES-28-1-Ro	1
OAES-28-1-No	OAES	No	yes	exact_match	OAES-28-1-No	1
OAES-29-1-Rh	OAES	Rh	yes	exact_match	OAES-29-1-Rh	1
OAES-29-1-No	OAES	No	yes	exact_match	OAES-29-1-No	1
OAES-29-1-Ro	OAES	Ro	yes	exact_match	OAES-29-1-Ro	1
OAES-30-1-No	OAES	No	yes	exact_match	OAES-30-1-No	1
OAES-30-1-Rh	OAES	Rh	yes	exact_match	OAES-30-1-Rh	1
OAES-30-2-No	OAES	No	yes	exact_match	OAES-30-2-No	1
OAES-30-1-Ro	OAES	Ro	yes	exact_match	OAES-30-1-Ro	1
OAES-30-2-Rh	OAES	Rh	yes	exact_match	OAES-30-2-Rh	1
OAES-30-2-Ro	OAES	Ro	yes	exact_match	OAES-30-2-Ro	1
OAES-30-3-Ro	OAES	Ro	yes	exact_match	OAES-30-3-Ro	1
OAES-30-3-Rh	OAES	Rh	yes	exact_match	OAES-30-3-Rh	1
OAES-31-1-No	OAES	No	yes	exact_match	OAES-31-1-No	1
OAES-31-1-Ro	OAES	Ro	yes	exact_match	OAES-31-1-Ro	1
OAES-31-1-Rh	OAES	Rh	yes	exact_match	OAES-31-1-Rh	1
OAES-3-1-Rh	OAES	Rh	yes	exact_match	OAES-3-1-Rh	1
OAES-3-1-Ro	OAES	Ro	yes	exact_match	OAES-3-1-Ro	1
OAES-32-1-No	OAES	No	yes	exact_match	OAES-32-1-No	1
OAES-32-1-Rh	OAES	Rh	yes	exact_match	OAES-32-1-Rh	1
OAES-32-1-Ro	OAES	Ro	yes	exact_match	OAES-32-1-Ro	1
OAES-3-1-No	OAES	No	yes	exact_match	OAES-3-1-No	1
OAES-33-1-Rh	OAES	Rh	yes	exact_match	OAES-33-1-Rh	1
OAES-33-1-Ro	OAES	Ro	yes	exact_match	OAES-33-1-Ro	1
OAES-33-1-No	OAES	No	yes	exact_match	OAES-33-1-No	1
OAES-34-1-Rh	OAES	Rh	yes	exact_match	OAES-34-1-Rh	1
OAES-34-1-Ro	OAES	Ro	yes	exact_match	OAES-34-1-Ro	1
OAES-35-1-No	OAES	No	yes	exact_match	OAES-35-1-No	1
OAES-35-1-Rh	OAES	Rh	yes	exact_match	OAES-35-1-Rh	1
OAES-35-1-Ro	OAES	Ro	yes	exact_match	OAES-35-1-Ro	1
OAES-34-1-No	OAES	No	yes	exact_match	OAES-34-1-No	1
OAES-35-3-Rh	OAES	Rh	yes	exact_match	OAES-35-3-Rh	1
OAES-35-3-Ro	OAES	Ro	yes	exact_match	OAES-35-3-Ro	1
OAES-35-3-No	OAES	No	yes	exact_match	OAES-35-3-No	1
OAES-36-2-Rh	OAES	Rh	yes	exact_match	OAES-36-2-Rh	1
OAES-36-2-Ro	OAES	Ro	yes	exact_match	OAES-36-2-Ro	1
OAES-36-2-No	OAES	No	yes	exact_match	OAES-36-2-No	1
OAES-36-3-No	OAES	No	yes	exact_match	OAES-36-3-No	1
OAES-36-3-Ro	OAES	Ro	yes	exact_match	OAES-36-3-Ro	1
OAES-37-2-No	OAES	No	yes	exact_match	OAES-37-2-No	1
OAES-37-2-Rh	OAES	Rh	yes	exact_match	OAES-37-2-Rh	1
OAES-37-2-Ro	OAES	Ro	yes	exact_match	OAES-37-2-Ro	1
OAES-36-3-Rh	OAES	Rh	yes	exact_match	OAES-36-3-Rh	1
OAES-4-1-Rh	OAES	Rh	yes	exact_match	OAES-4-1-Rh	1
OAES-4-1-Ro	OAES	Ro	yes	exact_match	OAES-4-1-Ro	1
OAES-5-Rh	OAES	Rh	yes	exact_match	OAES-5-Rh	1
OAES-5-Ro	OAES	Ro	yes	exact_match	OAES-5-Ro	1
OAES-4-1-No	OAES	No	yes	exact_match	OAES-4-1-No	1
OAES-6-1-Rh	OAES	Rh	yes	exact_match	OAES-6-1-Rh	1
OAES-6-1-No	OAES	No	yes	exact_match	OAES-6-1-No	1
OAES-6-1-Ro	OAES	Ro	yes	exact_match	OAES-6-1-Ro	1
OAES-7-1-Rh	OAES	Rh	yes	exact_match	OAES-7-1-Rh	1
OAES-7-1-No	OAES	No	yes	exact_match	OAES-7-1-No	1
OAES-7-1-Ro	OAES	Ro	yes	exact_match	OAES-7-1-Ro	1
OAES-8-2-Rh	OAES	Rh	yes	exact_match	OAES-8-2-Rh	1
OAES-8-2-Ro	OAES	Ro	yes	exact_match	OAES-8-2-Ro	1
OAES-8-2-No	OAES	No	yes	exact_match	OAES-8-2-No	1
OAES-9-1-Rh	OAES	Rh	yes	exact_match	OAES-9-1-Rh	1
OAES-9-1-Ro	OAES	Ro	yes	exact_match	OAES-9-1-Ro	1
ORNL-10-1-No	ORNL	No	yes	exact_match	ORNL-10-1-No	1
ORNL-10-1-Rh	ORNL	Rh	yes	exact_match	ORNL-10-1-Rh	1
ORNL-10-1-Ro	ORNL	Ro	yes	exact_match	ORNL-10-1-Ro	1
ORNL-11-1-No	ORNL	No	yes	exact_match	ORNL-11-1-No	1
ORNL-11-1-Rh	ORNL	Rh	yes	exact_match	ORNL-11-1-Rh	1
ORNL-11-1-Ro	ORNL	Ro	yes	exact_match	ORNL-11-1-Ro	1
ORNL-1-1-No	ORNL	No	yes	exact_match	ORNL-1-1-No	1
ORNL-1-1-Rh	ORNL	Rh	yes	exact_match	ORNL-1-1-Rh	1
ORNL-1-1-Ro	ORNL	Ro	yes	exact_match	ORNL-1-1-Ro	1
ORNL-12-1-No	ORNL	No	yes	exact_match	ORNL-12-1-No	1
ORNL-12-1-Rh	ORNL	Rh	yes	exact_match	ORNL-12-1-Rh	1
ORNL-12-1-Ro	ORNL	Ro	yes	exact_match	ORNL-12-1-Ro	1
ORNL-1-2-No	ORNL	No	yes	exact_match	ORNL-1-2-No	1
ORNL-1-2-Rh	ORNL	Rh	yes	exact_match	ORNL-1-2-Rh	1
ORNL-1-2-Ro	ORNL	Ro	yes	exact_match	ORNL-1-2-Ro	1
OAES-9-1-No	OAES	No	yes	exact_match	OAES-9-1-No	1
ORNL-13-2-Rh	ORNL	Rh	yes	exact_match	ORNL-13-2-Rh	1
ORNL-13-2-Ro	ORNL	Ro	yes	exact_match	ORNL-13-2-Ro	1
ORNL-1-3-No	ORNL	No	yes	exact_match	ORNL-1-3-No	1
ORNL-1-3-Rh	ORNL	Rh	yes	exact_match	ORNL-1-3-Rh	1
ORNL-1-3-Ro	ORNL	Ro	yes	exact_match	ORNL-1-3-Ro	1
ORNL-13-2-No	ORNL	No	yes	exact_match	ORNL-13-2-No	1
ORNL-14-1-Rh	ORNL	Rh	yes	exact_match	ORNL-14-1-Rh	1
ORNL-14-1-No	ORNL	No	yes	exact_match	ORNL-14-1-No	1
ORNL-14-1-Ro	ORNL	Ro	yes	exact_match	ORNL-14-1-Ro	1
ORNL-15-Rh	ORNL	Rh	yes	exact_match	ORNL-15-Rh	1
ORNL-15-Ro	ORNL	Ro	yes	exact_match	ORNL-15-Ro	1
ORNL-15-No	ORNL	No	yes	exact_match	ORNL-15-No	1
ORNL-16-Rh	ORNL	Rh	yes	exact_match	ORNL-16-Rh	1
ORNL-16-Ro	ORNL	Ro	yes	exact_match	ORNL-16-Ro	1
ORNL-17-1-No	ORNL	No	yes	exact_match	ORNL-17-1-No	1
ORNL-16-No	ORNL	No	yes	exact_match	ORNL-16-No	1
ORNL-17-1-Rh	ORNL	Rh	yes	exact_match	ORNL-17-1-Rh	1
ORNL-17-1-Ro	ORNL	Ro	yes	exact_match	ORNL-17-1-Ro	1
ORNL-18-1-Rh	ORNL	Rh	yes	exact_match	ORNL-18-1-Rh	1
ORNL-18-1-No	ORNL	No	yes	exact_match	ORNL-18-1-No	1
ORNL-18-1-Ro	ORNL	Ro	yes	exact_match	ORNL-18-1-Ro	1
ORNL-19-Rh	ORNL	Rh	yes	exact_match	ORNL-19-Rh	1
ORNL-19-No	ORNL	No	yes	exact_match	ORNL-19-No	1
ORNL-19-Ro	ORNL	Ro	yes	exact_match	ORNL-19-Ro	1
ORNL-20-1-Rh	ORNL	Rh	yes	exact_match	ORNL-20-1-Rh	1
ORNL-20-1-Ro	ORNL	Ro	yes	exact_match	ORNL-20-1-Ro	1
ORNL-20-1-No	ORNL	No	yes	exact_match	ORNL-20-1-No	1
ORNL-21-No	ORNL	No	yes	exact_match	ORNL-2-1-No;ORNL-21-No	2
ORNL-2-1-Rh	ORNL	Rh	yes	exact_match	ORNL-2-1-Rh;ORNL-21-Rh	2
ORNL-21-Rh	ORNL	Rh	yes	exact_match	ORNL-2-1-Rh;ORNL-21-Rh	2
ORNL-2-1-Ro	ORNL	Ro	yes	exact_match	ORNL-2-1-Ro;ORNL-21-Ro	2
ORNL-21-Ro	ORNL	Ro	yes	exact_match	ORNL-2-1-Ro;ORNL-21-Ro	2
ORNL-2-1-No	ORNL	No	yes	exact_match	ORNL-2-1-No;ORNL-21-No	2
ORNL-23-1-Rh	ORNL	Rh	yes	exact_match	ORNL-23-1-Rh	1
ORNL-23-1-Ro	ORNL	Ro	yes	exact_match	ORNL-23-1-Ro	1
ORNL-23-1-No	ORNL	No	yes	exact_match	ORNL-23-1-No	1
ORNL-24-Rh	ORNL	Rh	yes	exact_match	ORNL-24-Rh	1
ORNL-24-Ro	ORNL	Ro	yes	exact_match	ORNL-24-Ro	1
ORNL-24-No	ORNL	No	yes	exact_match	ORNL-24-No	1
ORNL-25-1-Rh	ORNL	Rh	yes	exact_match	ORNL-25-1-Rh	1
ORNL-25-1-Ro	ORNL	Ro	yes	exact_match	ORNL-25-1-Ro	1
ORNL-25-1-No	ORNL	No	yes	exact_match	ORNL-25-1-No	1
ORNL-3-1-No	ORNL	No	yes	exact_match	ORNL-3-1-No	1
ORNL-3-1-Ro	ORNL	Ro	yes	exact_match	ORNL-3-1-Ro	1
ORNL-3-1-Rh	ORNL	Rh	yes	exact_match	ORNL-3-1-Rh	1
ORNL-3-2-Rh	ORNL	Rh	yes	exact_match	ORNL-3-2-Rh	1
ORNL-3-2-Ro	ORNL	Ro	yes	exact_match	ORNL-3-2-Ro	1
ORNL-3-2-No	ORNL	No	yes	exact_match	ORNL-3-2-No	1
ORNL-4-1-Rh	ORNL	Rh	yes	exact_match	ORNL-4-1-Rh	1
ORNL-4-1-Ro	ORNL	Ro	yes	exact_match	ORNL-4-1-Ro	1
ORNL-5-1-No	ORNL	No	yes	exact_match	ORNL-5-1-No	1
ORNL-5-1-Rh	ORNL	Rh	yes	exact_match	ORNL-5-1-Rh	1
ORNL-5-1-Ro	ORNL	Ro	yes	exact_match	ORNL-5-1-Ro	1
ORNL-4-1-No	ORNL	No	yes	exact_match	ORNL-4-1-No	1
ORNL-5-2-Rh	ORNL	Rh	yes	exact_match	ORNL-5-2-Rh	1
ORNL-5-2-Ro	ORNL	Ro	yes	exact_match	ORNL-5-2-Ro	1
ORNL-5-2-No	ORNL	No	yes	exact_match	ORNL-5-2-No	1
ORNL-5-3-Rh	ORNL	Rh	yes	exact_match	ORNL-5-3-Rh	1
ORNL-5-3-Ro	ORNL	Ro	yes	exact_match	ORNL-5-3-Ro	1
ORNL-6-1-No	ORNL	No	yes	exact_match	ORNL-6-1-No	1
ORNL-6-1-Rh	ORNL	Rh	yes	exact_match	ORNL-6-1-Rh	1
ORNL-6-1-Ro	ORNL	Ro	yes	exact_match	ORNL-6-1-Ro	1
ORNL-5-3-No	ORNL	No	yes	exact_match	ORNL-5-3-No	1
ORNL-7-2-Rh	ORNL	Rh	yes	exact_match	ORNL-7-2-Rh	1
ORNL-7-2-Ro	ORNL	Ro	yes	exact_match	ORNL-7-2-Ro	1
ORNL-8-2-No	ORNL	No	yes	exact_match	ORNL-8-2-No	1
ORNL-7-2-No	ORNL	No	yes	exact_match	ORNL-7-2-No	1
ORNL-8-2-Rh	ORNL	Rh	yes	exact_match	ORNL-8-2-Rh	1
ORNL-8-2-Ro	ORNL	Ro	yes	exact_match	ORNL-8-2-Ro	1
ORNL-9-1-No	ORNL	No	yes	exact_match	ORNL-9-1-No	1
ORNL-9-1-Rh	ORNL	Rh	yes	exact_match	ORNL-9-1-Rh	1
ORNL-9-1-Ro	ORNL	Ro	yes	exact_match	ORNL-9-1-Ro	1
OSBS-100-3-No	OSBS	No	yes	exact_match	OSBS-100-3-No	1
OSBS-100-3-Ro	OSBS	Ro	yes	exact_match	OSBS-100-3-Ro	1
OSBS-100-3-Rh	OSBS	Rh	yes	exact_match	OSBS-100-3-Rh	1
OSBS-101-1-Rh	OSBS	Rh	yes	exact_match	OSBS-101-1-Rh	1
OSBS-101-1-No	OSBS	No	yes	exact_match	OSBS-101-1-No	1
OSBS-102-1-No	OSBS	No	yes	exact_match	OSBS-102-1-No	1
OSBS-101-1-Ro	OSBS	Ro	yes	exact_match	OSBS-101-1-Ro	1
OSBS-102-1-Rh	OSBS	Rh	yes	exact_match	OSBS-102-1-Rh	1
OSBS-102-1-Ro	OSBS	Ro	yes	exact_match	OSBS-102-1-Ro	1
OSBS-103-2-No	OSBS	No	yes	exact_match	OSBS-103-2-No	1
OSBS-103-2-Rh	OSBS	Rh	yes	exact_match	OSBS-103-2-Rh	1
OSBS-103-2-Ro	OSBS	Ro	yes	exact_match	OSBS-103-2-Ro	1
OSBS-104-1-Rh	OSBS	Rh	yes	exact_match	OSBS-104-1-Rh	1
OSBS-104-1-Ro	OSBS	Ro	yes	exact_match	OSBS-104-1-Ro	1
OSBS-106-1-No	OSBS	No	yes	exact_match	OSBS-106-1-No	1
OSBS-106-1-Rh	OSBS	Rh	yes	exact_match	OSBS-106-1-Rh	1
OSBS-106-1-Ro	OSBS	Ro	yes	exact_match	OSBS-106-1-Ro	1
OSBS-104-1-No	OSBS	No	yes	exact_match	OSBS-104-1-No	1
OSBS-107-Rh	OSBS	Rh	yes	exact_match	OSBS-107-Rh	1
OSBS-107-Ro	OSBS	Ro	yes	exact_match	OSBS-107-Ro	1
OSBS-107-No	OSBS	No	yes	exact_match	OSBS-107-No	1
OSBS-109-4-Rh	OSBS	Rh	yes	exact_match	OSBS-109-4-Rh	1
OSBS-109-4-Ro	OSBS	Ro	yes	exact_match	OSBS-109-4-Ro	1
OSBS-109-4-No	OSBS	No	yes	exact_match	OSBS-109-4-No	1
OSBS-110-1-Rh	OSBS	Rh	yes	exact_match	OSBS-110-1-Rh	1
OSBS-12-1-No	OSBS	No	yes	exact_match	OSBS-12-1-No	1
OSBS-12-1-Rh	OSBS	Rh	yes	exact_match	OSBS-12-1-Rh	1
OSBS-12-1-Ro	OSBS	Ro	yes	exact_match	OSBS-12-1-Ro	1
OSBS-1-2-No	OSBS	No	yes	exact_match	OSBS-1-2-No	1
OSBS-1-2-Rh	OSBS	Rh	yes	exact_match	OSBS-1-2-Rh	1
OSBS-1-2-Ro	OSBS	Ro	yes	exact_match	OSBS-1-2-Ro	1
OSBS-14-3-No	OSBS	No	yes	exact_match	OSBS-14-3-No	1
OSBS-110-1-No	OSBS	No	yes	exact_match	OSBS-110-1-No	1
OSBS-14-3-Ro	OSBS	Ro	yes	exact_match	OSBS-14-3-Ro	1
OSBS-14-3-Rh	OSBS	Rh	yes	exact_match	OSBS-14-3-Rh	1
OSBS-18-5-Rh	OSBS	Rh	yes	exact_match	OSBS-18-5-Rh	1
OSBS-18-5-Ro	OSBS	Ro	yes	exact_match	OSBS-18-5-Ro	1
OSBS-18-5-No	OSBS	No	yes	exact_match	OSBS-18-5-No	1
OSBS-20-1-No	OSBS	No	yes	exact_match	OSBS-20-1-No	1
OSBS-20-1-Ro	OSBS	Ro	yes	exact_match	OSBS-20-1-Ro	1
OSBS-20-1-Rh	OSBS	Rh	yes	exact_match	OSBS-20-1-Rh	1
OSBS-21-2-No	OSBS	No	yes	exact_match	OSBS-21-2-No	1
OSBS-21-2-Rh	OSBS	Rh	yes	exact_match	OSBS-21-2-Rh	1
OSBS-21-2-Ro	OSBS	Ro	yes	exact_match	OSBS-21-2-Ro	1
OSBS-2-3-Rh	OSBS	Rh	yes	exact_match	OSBS-2-3-Rh	1
OSBS-2-3-No	OSBS	No	yes	exact_match	OSBS-2-3-No	1
OSBS-2-3-Ro	OSBS	Ro	yes	exact_match	OSBS-2-3-Ro	1
OSBS-25-1-Ro	OSBS	Ro	yes	exact_match	OSBS-25-1-Ro	1
OSBS-25-1-Rh	OSBS	Rh	yes	exact_match	OSBS-25-1-Rh	1
OSBS-28-1-Rh	OSBS	Rh	yes	exact_match	OSBS-28-1-Rh	1
OSBS-28-1-No	OSBS	No	yes	exact_match	OSBS-28-1-No	1
OSBS-28-1-Ro	OSBS	Ro	yes	exact_match	OSBS-28-1-Ro	1
OSBS-29-1-Ro	OSBS	Ro	yes	exact_match	OSBS-29-1-Ro	1
OSBS-29-1-Rh	OSBS	Rh	yes	exact_match	OSBS-29-1-Rh	1
OSBS-30-1-Rh	OSBS	Rh	yes	exact_match	OSBS-30-1-Rh	1
OSBS-30-1-Ro	OSBS	Ro	yes	exact_match	OSBS-30-1-Ro	1
OSBS-31-1-Ro	OSBS	Ro	yes	exact_match	OSBS-31-1-Ro	1
OSBS-32-1-Rh	OSBS	Rh	yes	exact_match	OSBS-32-1-Rh	1
OSBS-31-1-Rh	OSBS	Rh	yes	exact_match	OSBS-31-1-Rh	1
OSBS-32-1-Ro	OSBS	Ro	yes	exact_match	OSBS-32-1-Ro	1
OSBS-34-1-No	OSBS	No	yes	exact_match	OSBS-34-1-No	1
OSBS-34-1-Rh	OSBS	Rh	yes	exact_match	OSBS-34-1-Rh	1
OSBS-34-1-Ro	OSBS	Ro	yes	exact_match	OSBS-34-1-Ro	1
OSBS-35-1-Rh	OSBS	Rh	yes	exact_match	OSBS-35-1-Rh	1
OSBS-35-1-Ro	OSBS	Ro	yes	exact_match	OSBS-35-1-Ro	1
OSBS-35-2-Rh	OSBS	Rh	yes	exact_match	OSBS-35-2-Rh	1
OSBS-35-2-Ro	OSBS	Ro	yes	exact_match	OSBS-35-2-Ro	1
OSBS-35-2-No	OSBS	No	yes	exact_match	OSBS-35-2-No	1
OSBS-36-1-Rh	OSBS	Rh	yes	exact_match	OSBS-36-1-Rh	1
OSBS-36-1-Ro	OSBS	Ro	yes	exact_match	OSBS-36-1-Ro	1
OSBS-36-4-No	OSBS	No	yes	exact_match	OSBS-36-4-No	1
OSBS-36-4-Rh	OSBS	Rh	yes	exact_match	OSBS-36-4-Rh	1
OSBS-36-4-Ro	OSBS	Ro	yes	exact_match	OSBS-36-4-Ro	1
OSBS-37-1-No	OSBS	No	yes	exact_match	OSBS-37-1-No	1
OSBS-37-1-Rh	OSBS	Rh	yes	exact_match	OSBS-37-1-Rh	1
OSBS-37-1-Ro	OSBS	Ro	yes	exact_match	OSBS-37-1-Ro	1
OSBS-36-1-No	OSBS	No	yes	exact_match	OSBS-36-1-No	1
OSBS-38-1-Rh	OSBS	Rh	yes	exact_match	OSBS-38-1-Rh	1
OSBS-38-1-Ro	OSBS	Ro	yes	exact_match	OSBS-38-1-Ro	1
OSBS-38-2-Rh	OSBS	Rh	yes	exact_match	OSBS-38-2-Rh	1
OSBS-38-2-Ro	OSBS	Ro	yes	exact_match	OSBS-38-2-Ro	1
OSBS-41-3-No	OSBS	No	yes	exact_match	OSBS-41-3-No	1
OSBS-38-1-No	OSBS	No	yes	exact_match	OSBS-38-1-No	1
OSBS-41-3-Rh	OSBS	Rh	yes	exact_match	OSBS-41-3-Rh	1
OSBS-41-3-Ro	OSBS	Ro	yes	exact_match	OSBS-41-3-Ro	1
OSBS-4-3-Rh	OSBS	Rh	yes	exact_match	OSBS-4-3-Rh	1
OSBS-4-3-Ro	OSBS	Ro	yes	exact_match	OSBS-4-3-Ro	1
OSBS-44-1-No	OSBS	No	yes	exact_match	OSBS-44-1-No	1
OSBS-44-1-Rh	OSBS	Rh	yes	exact_match	OSBS-44-1-Rh	1
OSBS-44-1-Ro	OSBS	Ro	yes	exact_match	OSBS-44-1-Ro	1
OSBS-45-1-No	OSBS	No	yes	exact_match	OSBS-45-1-No	1
OSBS-4-3-No	OSBS	No	yes	exact_match	OSBS-4-3-No	1
OSBS-45-1-Ro	OSBS	Ro	yes	exact_match	OSBS-45-1-Ro	1
OSBS-46-1-No	OSBS	No	yes	exact_match	OSBS-46-1-No	1
OSBS-45-1-Rh	OSBS	Rh	yes	exact_match	OSBS-45-1-Rh	1
OSBS-46-1-Rh	OSBS	Rh	yes	exact_match	OSBS-46-1-Rh	1
OSBS-46-1-Ro	OSBS	Ro	yes	exact_match	OSBS-46-1-Ro	1
OSBS-49-1-Rh	OSBS	Rh	yes	exact_match	OSBS-49-1-Rh	1
OSBS-49-1-No	OSBS	No	yes	exact_match	OSBS-49-1-No	1
OSBS-49-1-Ro	OSBS	Ro	yes	exact_match	OSBS-49-1-Ro	1
OSBS-51-1-No	OSBS	No	yes	exact_match	OSBS-51-1-No	1
OSBS-51-1-Ro	OSBS	Ro	yes	exact_match	OSBS-51-1-Ro	1
OSBS-51-1-Rh	OSBS	Rh	yes	exact_match	OSBS-51-1-Rh	1
OSBS-52-1-No	OSBS	No	yes	exact_match	OSBS-52-1-No	1
OSBS-52-1-Ro	OSBS	Ro	yes	exact_match	OSBS-52-1-Ro	1
OSBS-52-1-Rh	OSBS	Rh	yes	exact_match	OSBS-52-1-Rh	1
OSBS-52-2-Rh	OSBS	Rh	yes	exact_match	OSBS-52-2-Rh	1
OSBS-52-2-Ro	OSBS	Ro	yes	exact_match	OSBS-52-2-Ro	1
OSBS-52-2-No	OSBS	No	yes	exact_match	OSBS-52-2-No	1
OSBS-52-3-Rh	OSBS	Rh	yes	exact_match	OSBS-52-3-Rh	1
OSBS-52-3-No	OSBS	No	yes	exact_match	OSBS-52-3-No	1
OSBS-52-3-Ro	OSBS	Ro	yes	exact_match	OSBS-52-3-Ro	1
OSBS-52-5-Rh	OSBS	Rh	yes	exact_match	OSBS-52-5-Rh	1
OSBS-52-5-Ro	OSBS	Ro	yes	exact_match	OSBS-52-5-Ro	1
OSBS-52-5-No	OSBS	No	yes	exact_match	OSBS-52-5-No	1
OSBS-55-1-No	OSBS	No	yes	exact_match	OSBS-55-1-No	1
OSBS-55-1-Rh	OSBS	Rh	yes	exact_match	OSBS-55-1-Rh	1
OSBS-55-1-Ro	OSBS	Ro	yes	exact_match	OSBS-55-1-Ro	1
OSBS-5-5-Rh	OSBS	Rh	yes	exact_match	OSBS-5-5-Rh	1
OSBS-5-5-Ro	OSBS	Ro	yes	exact_match	OSBS-5-5-Ro	1
OSBS-5-5-No	OSBS	No	yes	exact_match	OSBS-5-5-No	1
OSBS-58-1-Rh	OSBS	Rh	yes	exact_match	OSBS-58-1-Rh	1
OSBS-58-1-Ro	OSBS	Ro	yes	exact_match	OSBS-58-1-Ro	1
OSBS-58-1-No	OSBS	No	yes	exact_match	OSBS-58-1-No	1
OSBS-59-1-No	OSBS	No	yes	exact_match	OSBS-59-1-No	1
OSBS-59-1-Rh	OSBS	Rh	yes	exact_match	OSBS-59-1-Rh	1
OSBS-59-1-Ro	OSBS	Ro	yes	exact_match	OSBS-59-1-Ro	1
OSBS-6-1-No	OSBS	No	yes	exact_match	OSBS-6-1-No	1
OSBS-6-1-Rh	OSBS	Rh	yes	exact_match	OSBS-6-1-Rh	1
OSBS-6-1-Ro	OSBS	Ro	yes	exact_match	OSBS-6-1-Ro	1
OSBS-65-1-No	OSBS	No	yes	exact_match	OSBS-65-1-No	1
OSBS-65-1-Rh	OSBS	Rh	yes	exact_match	OSBS-65-1-Rh	1
OSBS-66-1-No	OSBS	No	yes	exact_match	OSBS-66-1-No	1
OSBS-67-1-No	OSBS	No	yes	exact_match	OSBS-67-1-No	1
OSBS-66-1-Rh	OSBS	Rh	yes	exact_match	OSBS-66-1-Rh	1
OSBS-67-1-Rh	OSBS	Rh	yes	exact_match	OSBS-67-1-Rh	1
OSBS-67-1-Ro	OSBS	Ro	yes	exact_match	OSBS-67-1-Ro	1
OSBS-68-1-Rh	OSBS	Rh	yes	exact_match	OSBS-68-1-Rh	1
OSBS-68-1-Ro	OSBS	Ro	yes	exact_match	OSBS-68-1-Ro	1
OSBS-68-1-No	OSBS	No	yes	exact_match	OSBS-68-1-No	1
OSBS-69-1-No	OSBS	No	yes	exact_match	OSBS-69-1-No	1
OSBS-69-1-Ro	OSBS	Ro	yes	exact_match	OSBS-69-1-Ro	1
OSBS-69-1-Rh	OSBS	Rh	yes	exact_match	OSBS-69-1-Rh	1
OSBS-70-3-Rh	OSBS	Rh	yes	exact_match	OSBS-70-3-Rh	1
OSBS-70-3-Ro	OSBS	Ro	yes	exact_match	OSBS-70-3-Ro	1
OSBS-71-1-No	OSBS	No	yes	exact_match	OSBS-71-1-No	1
OSBS-71-1-Rh	OSBS	Rh	yes	exact_match	OSBS-71-1-Rh	1
OSBS-71-1-Ro	OSBS	Ro	yes	exact_match	OSBS-71-1-Ro	1
OSBS-72-1-No	OSBS	No	yes	exact_match	OSBS-72-1-No	1
OSBS-72-1-Rh	OSBS	Rh	yes	exact_match	OSBS-72-1-Rh	1
OSBS-72-1-Ro	OSBS	Ro	yes	exact_match	OSBS-72-1-Ro	1
OSBS-70-3-No	OSBS	No	yes	exact_match	OSBS-70-3-No	1
OSBS-73-2-No	OSBS	No	yes	exact_match	OSBS-73-2-No	1
OSBS-73-2-Rh	OSBS	Rh	yes	exact_match	OSBS-73-2-Rh	1
OSBS-73-2-Ro	OSBS	Ro	yes	exact_match	OSBS-73-2-Ro	1
OSBS-74-3-Rh	OSBS	Rh	yes	exact_match	OSBS-74-3-Rh	1
OSBS-74-3-Ro	OSBS	Ro	yes	exact_match	OSBS-74-3-Ro	1
OSBS-7-4-No	OSBS	No	yes	exact_match	OSBS-7-4-No	1
OSBS-7-4-Rh	OSBS	Rh	yes	exact_match	OSBS-7-4-Rh	1
OSBS-7-4-Ro	OSBS	Ro	yes	exact_match	OSBS-7-4-Ro	1
OSBS-74-3-No	OSBS	No	yes	exact_match	OSBS-74-3-No	1
OSBS-75-2-No	OSBS	No	yes	exact_match	OSBS-75-2-No	1
OSBS-75-2-Rh	OSBS	Rh	yes	exact_match	OSBS-75-2-Rh	1
OSBS-75-2-Ro	OSBS	Ro	yes	exact_match	OSBS-75-2-Ro	1
OSBS-80-2-No	OSBS	No	yes	exact_match	OSBS-80-2-No	1
OSBS-80-2-Rh	OSBS	Rh	yes	exact_match	OSBS-80-2-Rh	1
OSBS-80-2-Ro	OSBS	Ro	yes	exact_match	OSBS-80-2-Ro	1
OSBS-81-1-No	OSBS	No	yes	exact_match	OSBS-81-1-No	1
OSBS-81-1-Ro	OSBS	Ro	yes	exact_match	OSBS-81-1-Ro	1
OSBS-81-1-Rh	OSBS	Rh	yes	exact_match	OSBS-81-1-Rh	1
OSBS-82-1-Rh	OSBS	Rh	yes	exact_match	OSBS-82-1-Rh	1
OSBS-82-1-No	OSBS	No	yes	exact_match	OSBS-82-1-No	1
OSBS-82-1-Ro	OSBS	Ro	yes	exact_match	OSBS-82-1-Ro	1
OSBS-83-1-Rh	OSBS	Rh	yes	exact_match	OSBS-83-1-Rh	1
OSBS-83-1-Ro	OSBS	Ro	yes	exact_match	OSBS-83-1-Ro	1
OSBS-83-1-No	OSBS	No	yes	exact_match	OSBS-83-1-No	1
OSBS-84-1-No	OSBS	No	yes	exact_match	OSBS-84-1-No	1
OSBS-84-1-Rh	OSBS	Rh	yes	exact_match	OSBS-84-1-Rh	1
OSBS-84-1-Ro	OSBS	Ro	yes	exact_match	OSBS-84-1-Ro	1
OSBS-85-1-Rh	OSBS	Rh	yes	exact_match	OSBS-85-1-Rh	1
OSBS-85-1-Ro	OSBS	Ro	yes	exact_match	OSBS-85-1-Ro	1
OSBS-85-1-No	OSBS	No	yes	exact_match	OSBS-85-1-No	1
OSBS-8-5-No	OSBS	No	yes	exact_match	OSBS-8-5-No	1
OSBS-8-5-Rh	OSBS	Rh	yes	exact_match	OSBS-8-5-Rh	1
OSBS-8-5-Ro	OSBS	Ro	yes	exact_match	OSBS-8-5-Ro	1
OSBS-86-1-Rh	OSBS	Rh	yes	exact_match	OSBS-86-1-Rh	1
OSBS-86-1-Ro	OSBS	Ro	yes	exact_match	OSBS-86-1-Ro	1
OSBS-86-1-No	OSBS	No	yes	exact_match	OSBS-86-1-No	1
OSBS-88-1-Rh	OSBS	Rh	yes	exact_match	OSBS-88-1-Rh	1
OSBS-88-1-Ro	OSBS	Ro	yes	exact_match	OSBS-88-1-Ro	1
OSBS-89-1-No	OSBS	No	yes	exact_match	OSBS-89-1-No	1
OSBS-89-1-Rh	OSBS	Rh	yes	exact_match	OSBS-89-1-Rh	1
OSBS-89-1-Ro	OSBS	Ro	yes	exact_match	OSBS-89-1-Ro	1
OSBS-88-1-No	OSBS	No	yes	exact_match	OSBS-88-1-No	1
OSBS-90-1-Rh	OSBS	Rh	yes	exact_match	OSBS-90-1-Rh	1
OSBS-90-1-Ro	OSBS	Ro	yes	exact_match	OSBS-90-1-Ro	1
OSBS-91-1-Rh	OSBS	Rh	yes	exact_match	OSBS-91-1-Rh	1
OSBS-91-1-No	OSBS	No	yes	exact_match	OSBS-91-1-No	1
OSBS-91-1-Ro	OSBS	Ro	yes	exact_match	OSBS-91-1-Ro	1
OSBS-95-3-Rh	OSBS	Rh	yes	exact_match	OSBS-95-3-Rh	1
OSBS-97-2-Rh	OSBS	Rh	yes	exact_match	OSBS-97-2-Rh	1
OSBS-95-3-Ro	OSBS	Ro	yes	exact_match	OSBS-95-3-Ro	1
OSBS-99-No	OSBS	No	yes	exact_match	OSBS-99-No	1
OSBS-97-2-Ro	OSBS	Ro	yes	exact_match	OSBS-97-2-Ro	1
OSBS-99-Rh	OSBS	Rh	yes	exact_match	OSBS-99-Rh	1
OSBS-99-Ro	OSBS	Ro	yes	exact_match	OSBS-99-Ro	1
OSBS-CEVI-50-3-Rh	OSBS	Rh	yes	exact_match	OSBS-CEVI-50-3-Rh	1
OSBS-CEVI-50-3-Ro	OSBS	Ro	yes	exact_match	OSBS-CEVI-50-3-Ro	1
OSBS-CEVI-50-3-No	OSBS	No	yes	exact_match	OSBS-CEVI-50-3-No	1
OSBS-DETR-64-3-No	OSBS	No	yes	exact_match	OSBS-DETR-64-3-No	1
OSBS-DETR-64-3-Rh	OSBS	Rh	yes	exact_match	OSBS-DETR-64-3-Rh	1
OSBS-DETR-64-3-Ro	OSBS	Ro	yes	exact_match	OSBS-DETR-64-3-Ro	1
OSBS-LEHI-62-5-Rh	OSBS	Rh	yes	exact_match	OSBS-LEHI-62-5-Rh	1
OSBS-LEHI-62-5-Ro	OSBS	Ro	yes	exact_match	OSBS-LEHI-62-5-Ro	1
OSBS-MOCE-52-4-No	OSBS	No	yes	exact_match	OSBS-MOCE-52-4-No	1
OSBS-MOCE-52-4-Rh	OSBS	Rh	yes	exact_match	OSBS-MOCE-52-4-Rh	1
OSBS-MOCE-52-4-Ro	OSBS	Ro	yes	exact_match	OSBS-MOCE-52-4-Ro	1
OSBS-LEHI-62-5-No	OSBS	No	yes	exact_match	OSBS-LEHI-62-5-No	1
OSBS-TEVI-61-4-No	OSBS	No	yes	exact_match	OSBS-TEVI-61-4-No	1
OSBS-TEVI-61-4-Rh	OSBS	Rh	yes	exact_match	OSBS-TEVI-61-4-Rh	1
OSBS-TEVI-61-4-Ro	OSBS	Ro	yes	exact_match	OSBS-TEVI-61-4-Ro	1
RMNP-1-Rh	RMNP	Rh	yes	exact_match	RMNP-1-Rh	1
RMNP-1-Ro	RMNP	Ro	yes	exact_match	RMNP-1-Ro	1
RMNP-2-No	RMNP	No	yes	exact_match	RMNP-2-No	1
RMNP-1-No	RMNP	No	yes	exact_match	RMNP-1-No	1
RMNP-2-Ro	RMNP	Ro	yes	exact_match	RMNP-2-Ro	1
RMNP-3-No	RMNP	No	yes	exact_match	RMNP-3-No	1
RMNP-3-Rh	RMNP	Rh	yes	exact_match	RMNP-3-Rh	1
RMNP-3-Ro	RMNP	Ro	yes	exact_match	RMNP-3-Ro	1
RMNP-2-Rh	RMNP	Rh	yes	exact_match	RMNP-2-Rh	1
RMNP-4-No	RMNP	No	yes	exact_match	RMNP-4-No	1
RMNP-4-Ro	RMNP	Ro	yes	exact_match	RMNP-4-Ro	1
RMNP-4-Rh	RMNP	Rh	yes	exact_match	RMNP-4-Rh	1
RMNP-5-1-Rh	RMNP	Rh	yes	exact_match	RMNP-5-1-Rh	1
RMNP-5-1-Ro	RMNP	Ro	yes	exact_match	RMNP-5-1-Ro	1
RMNP-5-1-No	RMNP	No	yes	exact_match	RMNP-5-1-No	1
SCBI-10-1-Rh	SCBI	Rh	yes	exact_match	SCBI-10-1-Rh	1
SCBI-10-1-No	SCBI	No	yes	exact_match	SCBI-10-1-No	1
SCBI-10-1-Ro	SCBI	Ro	yes	exact_match	SCBI-10-1-Ro	1
SCBI-11-1-Rh	SCBI	Rh	yes	exact_match	SCBI-11-1-Rh	1
SCBI-11-1-Ro	SCBI	Ro	yes	exact_match	SCBI-11-1-Ro	1
SCBI-1-1-Rh	SCBI	Rh	yes	exact_match	SCBI-1-1-Rh	1
SCBI-1-1-Ro	SCBI	Ro	yes	exact_match	SCBI-1-1-Ro	1
SCBI-12-1-No	SCBI	No	yes	exact_match	SCBI-12-1-No	1
SCBI-11-1-No	SCBI	No	yes	exact_match	SCBI-11-1-No	1
SCBI-12-1-Rh	SCBI	Rh	yes	exact_match	SCBI-12-1-Rh	1
SCBI-12-1-Ro	SCBI	Ro	yes	exact_match	SCBI-12-1-Ro	1
SCBI-13-1-Rh	SCBI	Rh	yes	exact_match	SCBI-13-1-Rh	1
SCBI-13-1-Ro	SCBI	Ro	yes	exact_match	SCBI-13-1-Ro	1
SCBI-2-1-No	SCBI	No	yes	exact_match	SCBI-2-1-No	1
SCBI-13-1-No	SCBI	No	yes	exact_match	SCBI-13-1-No	1
SCBI-2-1-Rh	SCBI	Rh	yes	exact_match	SCBI-2-1-Rh	1
SCBI-2-1-Ro	SCBI	Ro	yes	exact_match	SCBI-2-1-Ro	1
SCBI-3-1-Rh	SCBI	Rh	yes	exact_match	SCBI-3-1-Rh	1
SCBI-3-1-No	SCBI	No	yes	exact_match	SCBI-3-1-No	1
SCBI-3-1-Ro	SCBI	Ro	yes	exact_match	SCBI-3-1-Ro	1
SCBI-4-1-Rh	SCBI	Rh	yes	exact_match	SCBI-4-1-Rh	1
SCBI-4-1-Ro	SCBI	Ro	yes	exact_match	SCBI-4-1-Ro	1
SCBI-4-1-No	SCBI	No	yes	exact_match	SCBI-4-1-No	1
SCBI-5-1-Rh	SCBI	Rh	yes	exact_match	SCBI-5-1-Rh	1
SCBI-5-1-Ro	SCBI	Ro	yes	exact_match	SCBI-5-1-Ro	1
SCBI-6-1-No	SCBI	No	yes	exact_match	SCBI-6-1-No	1
SCBI-5-1-No	SCBI	No	yes	exact_match	SCBI-5-1-No	1
SCBI-6-1-Rh	SCBI	Rh	yes	exact_match	SCBI-6-1-Rh	1
SCBI-6-1-Ro	SCBI	Ro	yes	exact_match	SCBI-6-1-Ro	1
SCBI-7-1-Rh	SCBI	Rh	yes	exact_match	SCBI-7-1-Rh	1
SCBI-7-1-Ro	SCBI	Ro	yes	exact_match	SCBI-7-1-Ro	1
SCBI-8-2-No	SCBI	No	yes	exact_match	SCBI-8-2-No	1
SCBI-8-2-Rh	SCBI	Rh	yes	exact_match	SCBI-8-2-Rh	1
SCBI-8-2-Ro	SCBI	Ro	yes	exact_match	SCBI-8-2-Ro	1
SCBI-9-2-No	SCBI	No	yes	exact_match	SCBI-9-2-No	1
SCBI-9-2-Rh	SCBI	Rh	yes	exact_match	SCBI-9-2-Rh	1
SCBI-9-2-Ro	SCBI	Ro	yes	exact_match	SCBI-9-2-Ro	1
SCBI-7-1-No	SCBI	No	yes	exact_match	SCBI-7-1-No	1
SERC-1-1-Rh	SERC	Rh	yes	exact_match	SERC-1-1-Rh	1
SERC-1-1-Ro	SERC	Ro	yes	exact_match	SERC-1-1-Ro	1
SERC-1-1-No	SERC	No	yes	exact_match	SERC-1-1-No	1
SERC-1-2-Rh	SERC	Rh	yes	exact_match	SERC-1-2-Rh	1
SERC-1-2-Ro	SERC	Ro	yes	exact_match	SERC-1-2-Ro	1
SERC-1-3-Rh	SERC	Rh	yes	exact_match	SERC-1-3-Rh	1
SERC-1-3-Ro	SERC	Ro	yes	exact_match	SERC-1-3-Ro	1
SERC-2-1-No	SERC	No	yes	exact_match	SERC-2-1-No	1
SERC-2-1-Rh	SERC	Rh	yes	exact_match	SERC-2-1-Rh	1
SERC-2-1-Ro	SERC	Ro	yes	exact_match	SERC-2-1-Ro	1
SERC-1-2-No	SERC	No	yes	exact_match	SERC-1-2-No	1
SERC-2-2-No	SERC	No	yes	exact_match	SERC-2-2-No	1
SERC-2-2-Ro	SERC	Ro	yes	exact_match	SERC-2-2-Ro	1
SERC-3-1-Rh	SERC	Rh	yes	exact_match	SERC-3-1-Rh	1
SERC-3-1-Ro	SERC	Ro	yes	exact_match	SERC-3-1-Ro	1
SERC-2-2-Rh	SERC	Rh	yes	exact_match	SERC-2-2-Rh	1
SERC-4-1-Rh	SERC	Rh	yes	exact_match	SERC-4-1-Rh	1
SERC-4-1-Ro	SERC	Ro	yes	exact_match	SERC-4-1-Ro	1
SERC-4-1-No	SERC	No	yes	exact_match	SERC-4-1-No	1
SERC-5-1-Rh	SERC	Rh	yes	exact_match	SERC-5-1-Rh	1
SERC-5-1-Ro	SERC	Ro	yes	exact_match	SERC-5-1-Ro	1
SERC-5-1-No	SERC	No	yes	exact_match	SERC-5-1-No	1
SERC-6-1-Rh	SERC	Rh	yes	exact_match	SERC-6-1-Rh	1
SERC-6-1-Ro	SERC	Ro	yes	exact_match	SERC-6-1-Ro	1
SERC-7-1-No	SERC	No	yes	exact_match	SERC-7-1-No	1
SERC-7-1-Rh	SERC	Rh	yes	exact_match	SERC-7-1-Rh	1
SERC-7-1-Ro	SERC	Ro	yes	exact_match	SERC-7-1-Ro	1
SJER-1-1-No	SJER	No	yes	exact_match	SJER-1-1-No	1
SJER-1-1-Rh	SJER	Rh	yes	exact_match	SJER-1-1-Rh	1
SJER-1-1-Ro	SJER	Ro	yes	exact_match	SJER-1-1-Ro	1
SJER-2-3-No	SJER	No	yes	exact_match	SJER-2-3-No	1
SJER-2-3-Rh	SJER	Rh	yes	exact_match	SJER-2-3-Rh	1
SJER-2-3-Ro	SJER	Ro	yes	exact_match	SJER-2-3-Ro	1
SJER-3-5-No	SJER	No	yes	exact_match	SJER-3-5-No	1
SERC-6-1-No	SERC	No	yes	exact_match	SERC-6-1-No	1
SJER-3-5-Rh	SJER	Rh	yes	exact_match	SJER-3-5-Rh	1
SJER-3-5-Ro	SJER	Ro	yes	exact_match	SJER-3-5-Ro	1
SJER-4-1-No	SJER	No	yes	exact_match	SJER-4-1-No	1
SJER-4-1-Ro	SJER	Ro	yes	exact_match	SJER-4-1-Ro	1
SJER-4-1-Rh	SJER	Rh	yes	exact_match	SJER-4-1-Rh	1
SJER-5-1-Rh	SJER	Rh	yes	exact_match	SJER-5-1-Rh	1
SJER-5-1-Ro	SJER	Ro	yes	exact_match	SJER-5-1-Ro	1
SJER-5-1-No	SJER	No	yes	exact_match	SJER-5-1-No	1
SRER-10-1-Rh	SRER	Rh	yes	exact_match	SRER-10-1-Rh	1
SRER-10-1-No	SRER	No	yes	exact_match	SRER-10-1-No	1
SRER-10-1-Ro	SRER	Ro	yes	exact_match	SRER-10-1-Ro	1
SRER-11-1-Rh	SRER	Rh	yes	exact_match	SRER-11-1-Rh	1
SRER-11-1-Ro	SRER	Ro	yes	exact_match	SRER-11-1-Ro	1
SRER-11-1-No	SRER	No	yes	exact_match	SRER-11-1-No	1
SRER-1-1-Rh	SRER	Rh	yes	exact_match	SRER-1-1-Rh	1
SRER-1-1-Ro	SRER	Ro	yes	exact_match	SRER-1-1-Ro	1
SRER-1-1-No	SRER	No	yes	exact_match	SRER-1-1-No	1
SRER-12-1-Rh	SRER	Rh	yes	exact_match	SRER-12-1-Rh	1
SRER-12-1-No	SRER	No	yes	exact_match	SRER-12-1-No	1
SRER-12-1-Ro	SRER	Ro	yes	exact_match	SRER-12-1-Ro	1
SRER-13-1-Rh	SRER	Rh	yes	exact_match	SRER-13-1-Rh	1
SRER-13-1-Ro	SRER	Ro	yes	exact_match	SRER-13-1-Ro	1
SRER-13-1-No	SRER	No	yes	exact_match	SRER-13-1-No	1
SRER-14-1-Rh	SRER	Rh	yes	exact_match	SRER-14-1-Rh	1
SRER-14-1-Ro	SRER	Ro	yes	exact_match	SRER-14-1-Ro	1
SRER-15-1-No	SRER	No	yes	exact_match	SRER-15-1-No	1
SRER-14-1-No	SRER	No	yes	exact_match	SRER-14-1-No	1
SRER-15-1-Ro	SRER	Ro	yes	exact_match	SRER-15-1-Ro	1
SRER-15-1-Rh	SRER	Rh	yes	exact_match	SRER-15-1-Rh	1
SRER-16-1-Rh	SRER	Rh	yes	exact_match	SRER-16-1-Rh	1
SRER-16-1-Ro	SRER	Ro	yes	exact_match	SRER-16-1-Ro	1
SRER-16-1-No	SRER	No	yes	exact_match	SRER-16-1-No	1
SRER-17-1-Rh	SRER	Rh	yes	exact_match	SRER-17-1-Rh	1
SRER-17-1-Ro	SRER	Ro	yes	exact_match	SRER-17-1-Ro	1
SRER-17-1-No	SRER	No	yes	exact_match	SRER-17-1-No	1
SRER-18-1-No	SRER	No	yes	exact_match	SRER-18-1-No	1
SRER-18-1-Ro	SRER	Ro	yes	exact_match	SRER-18-1-Ro	1
SRER-18-1-Rh	SRER	Rh	yes	exact_match	SRER-18-1-Rh	1
SRER-2-1-Rh	SRER	Rh	yes	exact_match	SRER-2-1-Rh	1
SRER-2-1-Ro	SRER	Ro	yes	exact_match	SRER-2-1-Ro	1
SRER-3-1-No	SRER	No	yes	exact_match	SRER-3-1-No	1
SRER-3-1-Rh	SRER	Rh	yes	exact_match	SRER-3-1-Rh	1
SRER-3-1-Ro	SRER	Ro	yes	exact_match	SRER-3-1-Ro	1
SRER-4-1-No	SRER	No	yes	exact_match	SRER-4-1-No	1
SRER-2-1-No	SRER	No	yes	exact_match	SRER-2-1-No	1
SRER-4-1-Ro	SRER	Ro	yes	exact_match	SRER-4-1-Ro	1
SRER-4-1-Rh	SRER	Rh	yes	exact_match	SRER-4-1-Rh	1
SRER-5-1-No	SRER	No	yes	exact_match	SRER-5-1-No	1
SRER-5-1-Ro	SRER	Ro	yes	exact_match	SRER-5-1-Ro	1
SRER-5-1-Rh	SRER	Rh	yes	exact_match	SRER-5-1-Rh	1
SRER-6-1-Rh	SRER	Rh	yes	exact_match	SRER-6-1-Rh	1
SRER-6-1-Ro	SRER	Ro	yes	exact_match	SRER-6-1-Ro	1
SRER-6-1-No	SRER	No	yes	exact_match	SRER-6-1-No	1
SRER-7-1-No	SRER	No	yes	exact_match	SRER-7-1-No	1
SRER-7-1-Ro	SRER	Ro	yes	exact_match	SRER-7-1-Ro	1
SRER-7-1-Rh	SRER	Rh	yes	exact_match	SRER-7-1-Rh	1
SRER-8-1-Rh	SRER	Rh	yes	exact_match	SRER-8-1-Rh	1
SRER-8-1-Ro	SRER	Ro	yes	exact_match	SRER-8-1-Ro	1
SRER-9-1-No	SRER	No	yes	exact_match	SRER-9-1-No	1
SRER-9-1-Rh	SRER	Rh	yes	exact_match	SRER-9-1-Rh	1
SRER-9-1-Ro	SRER	Ro	yes	exact_match	SRER-9-1-Ro	1
TALL-10-4-No	TALL	No	yes	exact_match	TALL-10-4-No	1
TALL-10-4-Rh	TALL	Rh	yes	exact_match	TALL-10-4-Rh	1
TALL-10-4-Ro	TALL	Ro	yes	exact_match	TALL-10-4-Ro	1
TALL-11-1-No	TALL	No	yes	exact_match	TALL-11-1-No	1
TALL-11-1-Rh	TALL	Rh	yes	exact_match	TALL-11-1-Rh	1
SRER-8-1-No	SRER	No	yes	exact_match	SRER-8-1-No	1
TALL-11-1-Ro	TALL	Ro	yes	exact_match	TALL-11-1-Ro	1
TALL-1-1-No	TALL	No	yes	exact_match	TALL-1-1-No	1
TALL-1-1-Rh	TALL	Rh	yes	exact_match	TALL-1-1-Rh	1
TALL-1-1-Ro	TALL	Ro	yes	exact_match	TALL-1-1-Ro	1
TALL-12-2-Rh	TALL	Rh	yes	exact_match	TALL-12-2-Rh	1
TALL-12-2-Ro	TALL	Ro	yes	exact_match	TALL-12-2-Ro	1
TALL-1-2-No	TALL	No	yes	exact_match	TALL-1-2-No	1
TALL-1-2-Rh	TALL	Rh	yes	exact_match	TALL-1-2-Rh	1
TALL-1-2-Ro	TALL	Ro	yes	exact_match	TALL-1-2-Ro	1
TALL-12-2-No	TALL	No	yes	exact_match	TALL-12-2-No	1
TALL-13-3-Rh	TALL	Rh	yes	exact_match	TALL-13-3-Rh	1
TALL-13-3-Ro	TALL	Ro	yes	exact_match	TALL-13-3-Ro	1
TALL-14-2-No	TALL	No	yes	exact_match	TALL-14-2-No	1
TALL-14-2-Rh	TALL	Rh	yes	exact_match	TALL-14-2-Rh	1
TALL-14-2-Ro	TALL	Ro	yes	exact_match	TALL-14-2-Ro	1
TALL-13-3-No	TALL	No	yes	exact_match	TALL-13-3-No	1
TALL-15-2-Rh	TALL	Rh	yes	exact_match	TALL-15-2-Rh	1
TALL-15-2-Ro	TALL	Ro	yes	exact_match	TALL-15-2-Ro	1
TALL-16-No	TALL	No	yes	exact_match	TALL-16-No	1
TALL-16-Rh	TALL	Rh	yes	exact_match	TALL-16-Rh	1
TALL-16-Ro	TALL	Ro	yes	exact_match	TALL-16-Ro	1
TALL-17-2-No	TALL	No	yes	exact_match	TALL-17-2-No	1
TALL-17-2-Rh	TALL	Rh	yes	exact_match	TALL-17-2-Rh	1
TALL-17-2-Ro	TALL	Ro	yes	exact_match	TALL-17-2-Ro	1
TALL-18-1-No	TALL	No	yes	exact_match	TALL-18-1-No	1
TALL-15-2-No	TALL	No	yes	exact_match	TALL-15-2-No	1
TALL-18-1-Ro	TALL	Ro	yes	exact_match	TALL-18-1-Ro	1
TALL-18-1-Rh	TALL	Rh	yes	exact_match	TALL-18-1-Rh	1
TALL-19-2-Rh	TALL	Rh	yes	exact_match	TALL-19-2-Rh	1
TALL-19-2-Ro	TALL	Ro	yes	exact_match	TALL-19-2-Ro	1
TALL-20-1-No	TALL	No	yes	exact_match	TALL-20-1-No	1
TALL-20-1-Rh	TALL	Rh	yes	exact_match	TALL-20-1-Rh	1
TALL-20-1-Ro	TALL	Ro	yes	exact_match	TALL-20-1-Ro	1
TALL-21-2-No	TALL	No	yes	exact_match	TALL-21-2-No	1
TALL-21-2-Rh	TALL	Rh	yes	exact_match	TALL-21-2-Rh	1
TALL-19-2-No	TALL	No	yes	exact_match	TALL-19-2-No	1
TALL-21-2-Ro	TALL	Ro	yes	exact_match	TALL-21-2-Ro	1
TALL-22-No	TALL	No	yes	exact_match	TALL-22-No	1
TALL-22-Rh	TALL	Rh	yes	exact_match	TALL-22-Rh	1
TALL-22-Ro	TALL	Ro	yes	exact_match	TALL-22-Ro	1
TALL-23-2-Rh	TALL	Rh	yes	exact_match	TALL-23-2-Rh	1
TALL-23-2-No	TALL	No	yes	exact_match	TALL-23-2-No	1
TALL-23-2-Ro	TALL	Ro	yes	exact_match	TALL-23-2-Ro	1
TALL-2-3-Rh	TALL	Rh	yes	exact_match	TALL-2-3-Rh	1
TALL-2-3-Ro	TALL	Ro	yes	exact_match	TALL-2-3-Ro	1
TALL-2-3-No	TALL	No	yes	exact_match	TALL-2-3-No	1
TALL-24-2-Rh	TALL	Rh	yes	exact_match	TALL-24-2-Rh	1
TALL-24-2-Ro	TALL	Ro	yes	exact_match	TALL-24-2-Ro	1
TALL-24-2-No	TALL	No	yes	exact_match	TALL-24-2-No	1
TALL-25-2-Rh	TALL	Rh	yes	exact_match	TALL-25-2-Rh	1
TALL-25-2-Ro	TALL	Ro	yes	exact_match	TALL-25-2-Ro	1
TALL-26-3-No	TALL	No	yes	exact_match	TALL-26-3-No	1
TALL-26-3-Rh	TALL	Rh	yes	exact_match	TALL-26-3-Rh	1
TALL-25-2-No	TALL	No	yes	exact_match	TALL-25-2-No	1
TALL-27-1-No	TALL	No	yes	exact_match	TALL-27-1-No	1
TALL-26-3-Ro	TALL	Ro	yes	exact_match	TALL-26-3-Ro	1
TALL-27-1-Ro	TALL	Ro	yes	exact_match	TALL-27-1-Ro	1
TALL-27-1-Rh	TALL	Rh	yes	exact_match	TALL-27-1-Rh	1
TALL-28-1-Rh	TALL	Rh	yes	exact_match	TALL-28-1-Rh	1
TALL-28-1-Ro	TALL	Ro	yes	exact_match	TALL-28-1-Ro	1
TALL-29-3-No	TALL	No	yes	exact_match	TALL-29-3-No	1
TALL-29-3-Rh	TALL	Rh	yes	exact_match	TALL-29-3-Rh	1
TALL-29-3-Ro	TALL	Ro	yes	exact_match	TALL-29-3-Ro	1
TALL-28-1-No	TALL	No	yes	exact_match	TALL-28-1-No	1
TALL-30-1-No	TALL	No	yes	exact_match	TALL-30-1-No	1
TALL-30-1-Ro	TALL	Ro	yes	exact_match	TALL-30-1-Ro	1
TALL-31-1-No	TALL	No	yes	exact_match	TALL-31-1-No	1
TALL-30-1-Rh	TALL	Rh	yes	exact_match	TALL-30-1-Rh	1
TALL-31-1-Ro	TALL	Ro	yes	exact_match	TALL-31-1-Ro	1
TALL-3-1-No	TALL	No	yes	exact_match	TALL-3-1-No	1
TALL-3-1-Rh	TALL	Rh	yes	exact_match	TALL-3-1-Rh	1
TALL-3-1-Ro	TALL	Ro	yes	exact_match	TALL-3-1-Ro	1
TALL-31-1-Rh	TALL	Rh	yes	exact_match	TALL-31-1-Rh	1
TALL-32-1-Rh	TALL	Rh	yes	exact_match	TALL-32-1-Rh	1
TALL-32-1-Ro	TALL	Ro	yes	exact_match	TALL-32-1-Ro	1
TALL-32-1-No	TALL	No	yes	exact_match	TALL-32-1-No	1
TALL-33-1-Rh	TALL	Rh	yes	exact_match	TALL-33-1-Rh	1
TALL-33-1-Ro	TALL	Ro	yes	exact_match	TALL-33-1-Ro	1
TALL-34-1-No	TALL	No	yes	exact_match	TALL-34-1-No	1
TALL-33-1-No	TALL	No	yes	exact_match	TALL-33-1-No	1
TALL-34-1-Ro	TALL	Ro	yes	exact_match	TALL-34-1-Ro	1
TALL-34-1-Rh	TALL	Rh	yes	exact_match	TALL-34-1-Rh	1
TALL-35-1-No	TALL	No	yes	exact_match	TALL-35-1-No	1
TALL-35-1-Ro	TALL	Ro	yes	exact_match	TALL-35-1-Ro	1
TALL-35-1-Rh	TALL	Rh	yes	exact_match	TALL-35-1-Rh	1
TALL-36-1-No	TALL	No	yes	exact_match	TALL-36-1-No	1
TALL-36-1-Ro	TALL	Ro	yes	exact_match	TALL-36-1-Ro	1
TALL-37-1-No	TALL	No	yes	exact_match	TALL-37-1-No	1
TALL-36-1-Rh	TALL	Rh	yes	exact_match	TALL-36-1-Rh	1
TALL-37-1-Ro	TALL	Ro	yes	exact_match	TALL-37-1-Ro	1
TALL-37-1-Rh	TALL	Rh	yes	exact_match	TALL-37-1-Rh	1
TALL-38-3-Rh	TALL	Rh	yes	exact_match	TALL-38-3-Rh	1
TALL-38-3-Ro	TALL	Ro	yes	exact_match	TALL-38-3-Ro	1
TALL-38-3-No	TALL	No	yes	exact_match	TALL-38-3-No	1
TALL-39-2-Rh	TALL	Rh	yes	exact_match	TALL-39-2-Rh	1
TALL-39-2-Ro	TALL	Ro	yes	exact_match	TALL-39-2-Ro	1
TALL-40-1-No	TALL	No	yes	exact_match	TALL-40-1-No	1
TALL-39-2-No	TALL	No	yes	exact_match	TALL-39-2-No	1
TALL-40-1-Ro	TALL	Ro	yes	exact_match	TALL-40-1-Ro	1
TALL-40-1-Rh	TALL	Rh	yes	exact_match	TALL-40-1-Rh	1
TALL-41-3-Rh	TALL	Rh	yes	exact_match	TALL-41-3-Rh	1
TALL-41-3-Ro	TALL	Ro	yes	exact_match	TALL-41-3-Ro	1
TALL-41-3-No	TALL	No	yes	exact_match	TALL-41-3-No	1
TALL-4-1-Rh	TALL	Rh	yes	exact_match	TALL-4-1-Rh	1
TALL-4-1-Ro	TALL	Ro	yes	exact_match	TALL-4-1-Ro	1
TALL-4-1-No	TALL	No	yes	exact_match	TALL-4-1-No	1
TALL-42-1-No	TALL	No	yes	exact_match	TALL-42-1-No	1
TALL-42-1-Ro	TALL	Ro	yes	exact_match	TALL-42-1-Ro	1
TALL-42-1-Rh	TALL	Rh	yes	exact_match	TALL-42-1-Rh	1
TALL-43-1-No	TALL	No	yes	exact_match	TALL-43-1-No	1
TALL-43-1-Rh	TALL	Rh	yes	exact_match	TALL-43-1-Rh	1
TALL-43-1-Ro	TALL	Ro	yes	exact_match	TALL-43-1-Ro	1
TALL-44-1-Rh	TALL	Rh	yes	exact_match	TALL-44-1-Rh	1
TALL-44-1-Ro	TALL	Ro	yes	exact_match	TALL-44-1-Ro	1
TALL-44-1-No	TALL	No	yes	exact_match	TALL-44-1-No	1
TALL-45-1-Rh	TALL	Rh	yes	exact_match	TALL-45-1-Rh	1
TALL-45-1-Ro	TALL	Ro	yes	exact_match	TALL-45-1-Ro	1
TALL-45-1-No	TALL	No	yes	exact_match	TALL-45-1-No	1
TALL-46-2-Rh	TALL	Rh	yes	exact_match	TALL-46-2-Rh	1
TALL-46-2-Ro	TALL	Ro	yes	exact_match	TALL-46-2-Ro	1
TALL-46-2-No	TALL	No	yes	exact_match	TALL-46-2-No	1
TALL-47-2-Rh	TALL	Rh	yes	exact_match	TALL-47-2-Rh	1
TALL-47-2-Ro	TALL	Ro	yes	exact_match	TALL-47-2-Ro	1
TALL-47-2-No	TALL	No	yes	exact_match	TALL-47-2-No	1
TALL-48-2-Rh	TALL	Rh	yes	exact_match	TALL-48-2-Rh	1
TALL-48-2-No	TALL	No	yes	exact_match	TALL-48-2-No	1
TALL-48-2-Ro	TALL	Ro	yes	exact_match	TALL-48-2-Ro	1
TALL-49-1-Rh	TALL	Rh	yes	exact_match	TALL-49-1-Rh	1
TALL-49-1-Ro	TALL	Ro	yes	exact_match	TALL-49-1-Ro	1
TALL-49-1-No	TALL	No	yes	exact_match	TALL-49-1-No	1
TALL-50-1-Rh	TALL	Rh	yes	exact_match	TALL-50-1-Rh	1
TALL-50-1-Ro	TALL	Ro	yes	exact_match	TALL-50-1-Ro	1
TALL-50-1-No	TALL	No	yes	exact_match	TALL-50-1-No	1
TALL-51-3-Rh	TALL	Rh	yes	exact_match	TALL-51-3-Rh	1
TALL-51-3-Ro	TALL	Ro	yes	exact_match	TALL-51-3-Ro	1
TALL-51-3-No	TALL	No	yes	exact_match	TALL-51-3-No	1
TALL-52-1-No	TALL	No	yes	exact_match	TALL-52-1-No	1
TALL-52-1-Ro	TALL	Ro	yes	exact_match	TALL-52-1-Ro	1
TALL-52-1-Rh	TALL	Rh	yes	exact_match	TALL-52-1-Rh	1
TALL-5-2-No	TALL	No	yes	exact_match	TALL-5-2-No	1
TALL-5-2-Ro	TALL	Ro	yes	exact_match	TALL-5-2-Ro	1
TALL-5-2-Rh	TALL	Rh	yes	exact_match	TALL-5-2-Rh	1
TALL-53-3-Rh	TALL	Rh	yes	exact_match	TALL-53-3-Rh	1
TALL-53-3-Ro	TALL	Ro	yes	exact_match	TALL-53-3-Ro	1
TALL-53-3-No	TALL	No	yes	exact_match	TALL-53-3-No	1
TALL-54-1-Rh	TALL	Rh	yes	exact_match	TALL-54-1-Rh	1
TALL-54-1-Ro	TALL	Ro	yes	exact_match	TALL-54-1-Ro	1
TALL-55-1-No	TALL	No	yes	exact_match	TALL-55-1-No	1
TALL-55-1-Rh	TALL	Rh	yes	exact_match	TALL-55-1-Rh	1
TALL-55-1-Ro	TALL	Ro	yes	exact_match	TALL-55-1-Ro	1
TALL-54-1-No	TALL	No	yes	exact_match	TALL-54-1-No	1
TALL-56-1-Rh	TALL	Rh	yes	exact_match	TALL-56-1-Rh	1
TALL-56-1-Ro	TALL	Ro	yes	exact_match	TALL-56-1-Ro	1
TALL-57-2-No	TALL	No	yes	exact_match	TALL-57-2-No	1
TALL-57-2-Rh	TALL	Rh	yes	exact_match	TALL-57-2-Rh	1
TALL-57-2-Ro	TALL	Ro	yes	exact_match	TALL-57-2-Ro	1
TALL-56-1-No	TALL	No	yes	exact_match	TALL-56-1-No	1
TALL-58-1-Rh	TALL	Rh	yes	exact_match	TALL-58-1-Rh	1
TALL-58-1-Ro	TALL	Ro	yes	exact_match	TALL-58-1-Ro	1
TALL-58-1-No	TALL	No	yes	exact_match	TALL-58-1-No	1
TALL-59-1-Rh	TALL	Rh	yes	exact_match	TALL-59-1-Rh	1
TALL-59-1-Ro	TALL	Ro	yes	exact_match	TALL-59-1-Ro	1
TALL-59-1-No	TALL	No	yes	exact_match	TALL-59-1-No	1
TALL-60-1-Rh	TALL	Rh	yes	exact_match	TALL-60-1-Rh	1
TALL-60-1-Ro	TALL	Ro	yes	exact_match	TALL-60-1-Ro	1
TALL-60-1-No	TALL	No	yes	exact_match	TALL-60-1-No	1
TALL-61-1-No	TALL	No	yes	exact_match	TALL-61-1-No	1
TALL-61-1-Ro	TALL	Ro	yes	exact_match	TALL-61-1-Ro	1
TALL-61-1-Rh	TALL	Rh	yes	exact_match	TALL-61-1-Rh	1
TALL-61-2-Rh	TALL	Rh	yes	exact_match	TALL-61-2-Rh	1
TALL-61-2-No	TALL	No	yes	exact_match	TALL-61-2-No	1
TALL-61-2-Ro	TALL	Ro	yes	exact_match	TALL-61-2-Ro	1
TALL-61-3-Rh	TALL	Rh	yes	exact_match	TALL-61-3-Rh	1
TALL-61-3-Ro	TALL	Ro	yes	exact_match	TALL-61-3-Ro	1
TALL-61-3-No	TALL	No	yes	exact_match	TALL-61-3-No	1
TALL-62-1-Rh	TALL	Rh	yes	exact_match	TALL-62-1-Rh	1
TALL-62-1-Ro	TALL	Ro	yes	exact_match	TALL-62-1-Ro	1
TALL-6-2-No	TALL	No	yes	exact_match	TALL-6-2-No	1
TALL-6-2-Rh	TALL	Rh	yes	exact_match	TALL-6-2-Rh	1
TALL-6-2-Ro	TALL	Ro	yes	exact_match	TALL-6-2-Ro	1
TALL-62-1-No	TALL	No	yes	exact_match	TALL-62-1-No	1
TALL-63-1-Rh	TALL	Rh	yes	exact_match	TALL-63-1-Rh	1
TALL-63-1-Ro	TALL	Ro	yes	exact_match	TALL-63-1-Ro	1
TALL-63-1-No	TALL	No	yes	exact_match	TALL-63-1-No	1
TALL-64-1-Rh	TALL	Rh	yes	exact_match	TALL-64-1-Rh	1
TALL-64-1-Ro	TALL	Ro	yes	exact_match	TALL-64-1-Ro	1
TALL-65-1-No	TALL	No	yes	exact_match	TALL-65-1-No	1
TALL-64-1-No	TALL	No	yes	exact_match	TALL-64-1-No	1
TALL-65-1-Ro	TALL	Ro	yes	exact_match	TALL-65-1-Ro	1
TALL-65-1-Rh	TALL	Rh	yes	exact_match	TALL-65-1-Rh	1
TALL-66-2-Rh	TALL	Rh	yes	exact_match	TALL-66-2-Rh	1
TALL-66-2-Ro	TALL	Ro	yes	exact_match	TALL-66-2-Ro	1
TALL-66-2-No	TALL	No	yes	exact_match	TALL-66-2-No	1
TALL-67-1-Rh	TALL	Rh	yes	exact_match	TALL-67-1-Rh	1
TALL-67-1-Ro	TALL	Ro	yes	exact_match	TALL-67-1-Ro	1
TALL-67-1-No	TALL	No	yes	exact_match	TALL-67-1-No	1
TALL-68-2-Rh	TALL	Rh	yes	exact_match	TALL-68-2-Rh	1
TALL-68-2-Ro	TALL	Ro	yes	exact_match	TALL-68-2-Ro	1
TALL-69-1-No	TALL	No	yes	exact_match	TALL-69-1-No	1
TALL-69-1-Rh	TALL	Rh	yes	exact_match	TALL-69-1-Rh	1
TALL-69-1-Ro	TALL	Ro	yes	exact_match	TALL-69-1-Ro	1
TALL-68-2-No	TALL	No	yes	exact_match	TALL-68-2-No	1
TALL-70-1-Rh	TALL	Rh	yes	exact_match	TALL-70-1-Rh	1
TALL-70-1-Ro	TALL	Ro	yes	exact_match	TALL-70-1-Ro	1
TALL-70-1-No	TALL	No	yes	exact_match	TALL-70-1-No	1
TALL-71-2-No	TALL	No	yes	exact_match	TALL-71-2-No	1
TALL-71-2-Ro	TALL	Ro	yes	exact_match	TALL-71-2-Ro	1
TALL-71-2-Rh	TALL	Rh	yes	exact_match	TALL-71-2-Rh	1
TALL-72-1-Rh	TALL	Rh	yes	exact_match	TALL-72-1-Rh	1
TALL-72-1-Ro	TALL	Ro	yes	exact_match	TALL-72-1-Ro	1
TALL-72-1-No	TALL	No	yes	exact_match	TALL-72-1-No	1
TALL-72-2-Rh	TALL	Rh	yes	exact_match	TALL-72-2-Rh	1
TALL-72-2-Ro	TALL	Ro	yes	exact_match	TALL-72-2-Ro	1
TALL-72-3-No	TALL	No	yes	exact_match	TALL-72-3-No	1
TALL-72-2-No	TALL	No	yes	exact_match	TALL-72-2-No	1
TALL-72-3-Ro	TALL	Ro	yes	exact_match	TALL-72-3-Ro	1
TALL-7-2-No	TALL	No	yes	exact_match	TALL-7-2-No	1
TALL-7-2-Rh	TALL	Rh	yes	exact_match	TALL-7-2-Rh	1
TALL-7-2-Ro	TALL	Ro	yes	exact_match	TALL-7-2-Ro	1
TALL-73-1-No	TALL	No	yes	exact_match	TALL-73-1-No	1
TALL-73-1-Rh	TALL	Rh	yes	exact_match	TALL-73-1-Rh	1
TALL-73-1-Ro	TALL	Ro	yes	exact_match	TALL-73-1-Ro	1
TALL-73-2-No	TALL	No	yes	exact_match	TALL-73-2-No	1
TALL-73-2-Rh	TALL	Rh	yes	exact_match	TALL-73-2-Rh	1
TALL-73-2-Ro	TALL	Ro	yes	exact_match	TALL-73-2-Ro	1
TALL-73-3-No	TALL	No	yes	exact_match	TALL-73-3-No	1
TALL-73-3-Rh	TALL	Rh	yes	exact_match	TALL-73-3-Rh	1
TALL-73-3-Ro	TALL	Ro	yes	exact_match	TALL-73-3-Ro	1
TALL-74-3-No	TALL	No	yes	exact_match	TALL-74-3-No	1
TALL-74-3-Rh	TALL	Rh	yes	exact_match	TALL-74-3-Rh	1
TALL-74-3-Ro	TALL	Ro	yes	exact_match	TALL-74-3-Ro	1
TALL-75-2-No	TALL	No	yes	exact_match	TALL-75-2-No	1
TALL-75-2-Rh	TALL	Rh	yes	exact_match	TALL-75-2-Rh	1
TALL-75-2-Ro	TALL	Ro	yes	exact_match	TALL-75-2-Ro	1
TALL-76-3-No	TALL	No	yes	exact_match	TALL-76-3-No	1
TALL-76-3-Rh	TALL	Rh	yes	exact_match	TALL-76-3-Rh	1
TALL-76-3-Ro	TALL	Ro	yes	exact_match	TALL-76-3-Ro	1
TALL-72-3-Rh	TALL	Rh	yes	exact_match	TALL-72-3-Rh	1
TALL-78-2-Rh	TALL	Rh	yes	exact_match	TALL-78-2-Rh	1
TALL-78-2-Ro	TALL	Ro	yes	exact_match	TALL-78-2-Ro	1
TALL-78-2-No	TALL	No	yes	exact_match	TALL-78-2-No	1
TALL-79-1-Rh	TALL	Rh	yes	exact_match	TALL-79-1-Rh	1
TALL-79-1-Ro	TALL	Ro	yes	exact_match	TALL-79-1-Ro	1
TALL-80-1-No	TALL	No	yes	exact_match	TALL-80-1-No	1
TALL-79-1-No	TALL	No	yes	exact_match	TALL-79-1-No	1
TALL-80-1-Rh	TALL	Rh	yes	exact_match	TALL-80-1-Rh	1
TALL-80-1-Ro	TALL	Ro	yes	exact_match	TALL-80-1-Ro	1
TALL-81-1-Ro	TALL	Ro	yes	exact_match	TALL-81-1-Ro	1
TALL-81-1-Rh	TALL	Rh	yes	exact_match	TALL-81-1-Rh	1
TALL-8-1-Rh	TALL	Rh	yes	exact_match	TALL-8-1-Rh	1
TALL-8-1-Ro	TALL	Ro	yes	exact_match	TALL-8-1-Ro	1
TALL-82-1-No	TALL	No	yes	exact_match	TALL-82-1-No	1
TALL-82-1-Rh	TALL	Rh	yes	exact_match	TALL-82-1-Rh	1
TALL-82-1-Ro	TALL	Ro	yes	exact_match	TALL-82-1-Ro	1
TALL-82-2-No	TALL	No	yes	exact_match	TALL-82-2-No	1
TALL-82-2-Rh	TALL	Rh	yes	exact_match	TALL-82-2-Rh	1
TALL-82-2-Ro	TALL	Ro	yes	exact_match	TALL-82-2-Ro	1
TALL-8-2-No	TALL	No	yes	exact_match	TALL-8-2-No	1
TALL-8-1-No	TALL	No	yes	exact_match	TALL-8-1-No	1
TALL-8-2-Rh	TALL	Rh	yes	exact_match	TALL-8-2-Rh	1
TALL-8-2-Ro	TALL	Ro	yes	exact_match	TALL-8-2-Ro	1
TALL-83-1-Rh	TALL	Rh	yes	exact_match	TALL-83-1-Rh	1
TALL-83-1-Ro	TALL	Ro	yes	exact_match	TALL-83-1-Ro	1
TALL-83-1-No	TALL	No	yes	exact_match	TALL-83-1-No	1
TALL-83-2-Rh	TALL	Rh	yes	exact_match	TALL-83-2-Rh	1
TALL-83-2-Ro	TALL	Ro	yes	exact_match	TALL-83-2-Ro	1
TALL-83-2-No	TALL	No	yes	exact_match	TALL-83-2-No	1
TALL-83-3-Rh	TALL	Rh	yes	exact_match	TALL-83-3-Rh	1
TALL-83-3-Ro	TALL	Ro	yes	exact_match	TALL-83-3-Ro	1
TALL-8-3-No	TALL	No	yes	exact_match	TALL-8-3-No	1
TALL-8-3-Rh	TALL	Rh	yes	exact_match	TALL-8-3-Rh	1
TALL-8-3-Ro	TALL	Ro	yes	exact_match	TALL-8-3-Ro	1
TALL-83-3-No	TALL	No	yes	exact_match	TALL-83-3-No	1
TALL-84-1-Rh	TALL	Rh	yes	exact_match	TALL-84-1-Rh	1
TALL-84-1-Ro	TALL	Ro	yes	exact_match	TALL-84-1-Ro	1
TALL-84-1-No	TALL	No	yes	exact_match	TALL-84-1-No	1
TALL-84-2-Rh	TALL	Rh	yes	exact_match	TALL-84-2-Rh	1
TALL-84-2-Ro	TALL	Ro	yes	exact_match	TALL-84-2-Ro	1
TALL-84-2-No	TALL	No	yes	exact_match	TALL-84-2-No	1
TALL-84-3-Rh	TALL	Rh	yes	exact_match	TALL-84-3-Rh	1
TALL-84-3-Ro	TALL	Ro	yes	exact_match	TALL-84-3-Ro	1
TALL-85-1-No	TALL	No	yes	exact_match	TALL-85-1-No	1
TALL-85-1-Rh	TALL	Rh	yes	exact_match	TALL-85-1-Rh	1
TALL-85-1-Ro	TALL	Ro	yes	exact_match	TALL-85-1-Ro	1
TALL-86-1-No	TALL	No	yes	exact_match	TALL-86-1-No	1
TALL-84-3-No	TALL	No	yes	exact_match	TALL-84-3-No	1
TALL-86-1-Ro	TALL	Ro	yes	exact_match	TALL-86-1-Ro	1
TALL-86-1-Rh	TALL	Rh	yes	exact_match	TALL-86-1-Rh	1
TALL-87-3-Rh	TALL	Rh	yes	exact_match	TALL-87-3-Rh	1
TALL-87-3-Ro	TALL	Ro	yes	exact_match	TALL-87-3-Ro	1
TALL-87-3-No	TALL	No	yes	exact_match	TALL-87-3-No	1
TALL-88-1-Rh	TALL	Rh	yes	exact_match	TALL-88-1-Rh	1
TALL-88-1-Ro	TALL	Ro	yes	exact_match	TALL-88-1-Ro	1
TALL-88-1-No	TALL	No	yes	exact_match	TALL-88-1-No	1
TALL-89-1-Rh	TALL	Rh	yes	exact_match	TALL-89-1-Rh	1
TALL-89-1-Ro	TALL	Ro	yes	exact_match	TALL-89-1-Ro	1
TALL-89-1-No	TALL	No	yes	exact_match	TALL-89-1-No	1
TALL-90-1-Rh	TALL	Rh	yes	exact_match	TALL-90-1-Rh	1
TALL-90-1-Ro	TALL	Ro	yes	exact_match	TALL-90-1-Ro	1
TALL-90-1-No	TALL	No	yes	exact_match	TALL-90-1-No	1
TALL-90-2-Rh	TALL	Rh	yes	exact_match	TALL-90-2-Rh	1
TALL-90-2-Ro	TALL	Ro	yes	exact_match	TALL-90-2-Ro	1
TALL-90-3-No	TALL	No	yes	exact_match	TALL-90-3-No	1
TALL-90-3-Rh	TALL	Rh	yes	exact_match	TALL-90-3-Rh	1
TALL-90-3-Ro	TALL	Ro	yes	exact_match	TALL-90-3-Ro	1
TALL-91-1-No	TALL	No	yes	exact_match	TALL-91-1-No	1
TALL-91-1-Rh	TALL	Rh	yes	exact_match	TALL-91-1-Rh	1
TALL-91-1-Ro	TALL	Ro	yes	exact_match	TALL-91-1-Ro	1
TALL-91-2-Rh	TALL	Rh	yes	exact_match	TALL-91-2-Rh	1
TALL-91-2-Ro	TALL	Ro	yes	exact_match	TALL-91-2-Ro	1
TALL-90-2-No	TALL	No	yes	exact_match	TALL-90-2-No	1
TALL-91-3-Rh	TALL	Rh	yes	exact_match	TALL-91-3-Rh	1
TALL-91-3-Ro	TALL	Ro	yes	exact_match	TALL-91-3-Ro	1
TALL-91-3-No	TALL	No	yes	exact_match	TALL-91-3-No	1
TALL-9-1-Rh	TALL	Rh	yes	exact_match	TALL-9-1-Rh	1
TALL-9-1-Ro	TALL	Ro	yes	exact_match	TALL-9-1-Ro	1
TALL-9-1-No	TALL	No	yes	exact_match	TALL-9-1-No	1
TALL-92-1-Rh	TALL	Rh	yes	exact_match	TALL-92-1-Rh	1
TALL-92-1-Ro	TALL	Ro	yes	exact_match	TALL-92-1-Ro	1
TALL-92-1-No	TALL	No	yes	exact_match	TALL-92-1-No	1
TALL-92-2-Rh	TALL	Rh	yes	exact_match	TALL-92-2-Rh	1
TALL-92-2-Ro	TALL	Ro	yes	exact_match	TALL-92-2-Ro	1
TALL-92-3-No	TALL	No	yes	exact_match	TALL-92-3-No	1
TALL-92-3-Rh	TALL	Rh	yes	exact_match	TALL-92-3-Rh	1
TALL-92-3-Ro	TALL	Ro	yes	exact_match	TALL-92-3-Ro	1
TALL-9-2-No	TALL	No	yes	exact_match	TALL-9-2-No	1
TALL-9-2-Rh	TALL	Rh	yes	exact_match	TALL-9-2-Rh	1
TALL-9-2-Ro	TALL	Ro	yes	exact_match	TALL-9-2-Ro	1
TALL-92-2-No	TALL	No	yes	exact_match	TALL-92-2-No	1
TALL-93-1-Rh	TALL	Rh	yes	exact_match	TALL-93-1-Rh	1
TALL-93-1-Ro	TALL	Ro	yes	exact_match	TALL-93-1-Ro	1
TALL-93-2-No	TALL	No	yes	exact_match	TALL-93-2-No	1
TALL-93-2-Rh	TALL	Rh	yes	exact_match	TALL-93-2-Rh	1
TALL-93-2-Ro	TALL	Ro	yes	exact_match	TALL-93-2-Ro	1
TALL-93-3-No	TALL	No	yes	exact_match	TALL-93-3-No	1
TALL-93-3-Rh	TALL	Rh	yes	exact_match	TALL-93-3-Rh	1
TALL-93-3-Ro	TALL	Ro	yes	exact_match	TALL-93-3-Ro	1
TALL-93-1-No	TALL	No	yes	exact_match	TALL-93-1-No	1
TALL-9-3-Rh	TALL	Rh	yes	exact_match	TALL-9-3-Rh	1
TALL-9-3-No	TALL	No	yes	exact_match	TALL-9-3-No	1
TEAK-1-2-Rh	TEAK	Rh	yes	exact_match	TEAK-1-2-Rh	1
TEAK-1-2-Ro	TEAK	Ro	yes	exact_match	TEAK-1-2-Ro	1
TALL-9-3-Ro	TALL	Ro	yes	exact_match	TALL-9-3-Ro	1
TEAK-2-1-Rh	TEAK	Rh	yes	exact_match	TEAK-2-1-Rh	1
TEAK-2-1-Ro	TEAK	Ro	yes	exact_match	TEAK-2-1-Ro	1
TEAK-3-1-No	TEAK	No	yes	exact_match	TEAK-3-1-No	1
TEAK-3-1-Rh	TEAK	Rh	yes	exact_match	TEAK-3-1-Rh	1
TEAK-3-1-Ro	TEAK	Ro	yes	exact_match	TEAK-3-1-Ro	1
TEAK-2-1-No	TEAK	No	yes	exact_match	TEAK-2-1-No	1
TOOL-10-Rh	TOOL	Rh	yes	exact_match	TOOL-10-Rh	1
TOOL-10-Ro	TOOL	Ro	yes	exact_match	TOOL-10-Ro	1
TOOL-10-No	TOOL	No	yes	exact_match	TOOL-10-No	1
TOOL-11-Rh	TOOL	Rh	yes	exact_match	TOOL-11-Rh	1
TOOL-11-Ro	TOOL	Ro	yes	exact_match	TOOL-11-Ro	1
TOOL-12-No	TOOL	No	yes	exact_match	TOOL-12-No	1
TOOL-12-Rh	TOOL	Rh	yes	exact_match	TOOL-12-Rh	1
TOOL-12-Ro	TOOL	Ro	yes	exact_match	TOOL-12-Ro	1
TOOL-13-Rh	TOOL	Rh	yes	exact_match	TOOL-13-Rh	1
TOOL-13-Ro	TOOL	Ro	yes	exact_match	TOOL-13-Ro	1
TOOL-14-No	TOOL	No	yes	exact_match	TOOL-14-No	1
TOOL-14-Rh	TOOL	Rh	yes	exact_match	TOOL-14-Rh	1
TOOL-14-Ro	TOOL	Ro	yes	exact_match	TOOL-14-Ro	1
TOOL-11-No	TOOL	No	yes	exact_match	TOOL-11-No	1
TOOL-15-No	TOOL	No	yes	exact_match	TOOL-15-No	1
TOOL-15-Rh	TOOL	Rh	yes	exact_match	TOOL-15-Rh	1
TOOL-15-Ro	TOOL	Ro	yes	exact_match	TOOL-15-Ro	1
TOOL-16-Rh	TOOL	Rh	yes	exact_match	TOOL-16-Rh	1
TOOL-16-No	TOOL	No	yes	exact_match	TOOL-16-No	1
TOOL-16-Ro	TOOL	Ro	yes	exact_match	TOOL-16-Ro	1
TOOL-17-No	TOOL	No	yes	exact_match	TOOL-17-No	1
TOOL-17-Ro	TOOL	Ro	yes	exact_match	TOOL-17-Ro	1
TOOL-18-No	TOOL	No	yes	exact_match	TOOL-18-No	1
TOOL-18-Rh	TOOL	Rh	yes	exact_match	TOOL-18-Rh	1
TOOL-18-Ro	TOOL	Ro	yes	exact_match	TOOL-18-Ro	1
TOOL-17-Rh	TOOL	Rh	yes	exact_match	TOOL-17-Rh	1
TOOL-19-No	TOOL	No	yes	exact_match	TOOL-19-No	1
TOOL-19-Ro	TOOL	Ro	yes	exact_match	TOOL-19-Ro	1
TOOL-19-Rh	TOOL	Rh	yes	exact_match	TOOL-19-Rh	1
TOOL-1-Rh	TOOL	Rh	yes	exact_match	TOOL-1-Rh	1
TOOL-1-Ro	TOOL	Ro	yes	exact_match	TOOL-1-Ro	1
TOOL-20-No	TOOL	No	yes	exact_match	TOOL-20-No	1
TOOL-1-No	TOOL	No	yes	exact_match	TOOL-1-No	1
TOOL-20-Ro	TOOL	Ro	yes	exact_match	TOOL-20-Ro	1
TOOL-20-Rh	TOOL	Rh	yes	exact_match	TOOL-20-Rh	1
TOOL-21-No	TOOL	No	yes	exact_match	TOOL-21-No	1
TOOL-21-Ro	TOOL	Ro	yes	exact_match	TOOL-21-Ro	1
TOOL-22-No	TOOL	No	yes	exact_match	TOOL-22-No	1
TOOL-21-Rh	TOOL	Rh	yes	exact_match	TOOL-21-Rh	1
TOOL-22-Rh	TOOL	Rh	yes	exact_match	TOOL-22-Rh	1
TOOL-22-Ro	TOOL	Ro	yes	exact_match	TOOL-22-Ro	1
TOOL-23-Rh	TOOL	Rh	yes	exact_match	TOOL-23-Rh	1
TOOL-23-No	TOOL	No	yes	exact_match	TOOL-23-No	1
TOOL-23-Ro	TOOL	Ro	yes	exact_match	TOOL-23-Ro	1
TOOL-24-Rh	TOOL	Rh	yes	exact_match	TOOL-24-Rh	1
TOOL-24-Ro	TOOL	Ro	yes	exact_match	TOOL-24-Ro	1
TOOL-24-No	TOOL	No	yes	exact_match	TOOL-24-No	1
TOOL-25-Rh	TOOL	Rh	yes	exact_match	TOOL-25-Rh	1
TOOL-25-Ro	TOOL	Ro	yes	exact_match	TOOL-25-Ro	1
TOOL-25-No	TOOL	No	yes	exact_match	TOOL-25-No	1
TOOL-26-Rh	TOOL	Rh	yes	exact_match	TOOL-26-Rh	1
TOOL-26-Ro	TOOL	Ro	yes	exact_match	TOOL-26-Ro	1
TOOL-26-No	TOOL	No	yes	exact_match	TOOL-26-No	1
TOOL-27-2-No	TOOL	No	yes	exact_match	TOOL-27-2-No	1
TOOL-27-2-Rh	TOOL	Rh	yes	exact_match	TOOL-27-2-Rh	1
TOOL-27-2-Ro	TOOL	Ro	yes	exact_match	TOOL-27-2-Ro	1
TOOL-28-No	TOOL	No	yes	exact_match	TOOL-28-No	1
TOOL-28-Ro	TOOL	Ro	yes	exact_match	TOOL-28-Ro	1
TOOL-28-Rh	TOOL	Rh	yes	exact_match	TOOL-28-Rh	1
TOOL-29-Ro	TOOL	Ro	yes	exact_match	TOOL-29-Ro	1
TOOL-29-Rh	TOOL	Rh	yes	exact_match	TOOL-29-Rh	1
TOOL-2-No	TOOL	No	yes	exact_match	TOOL-2-No	1
TOOL-2-Ro	TOOL	Ro	yes	exact_match	TOOL-2-Ro	1
TOOL-2-Rh	TOOL	Rh	yes	exact_match	TOOL-2-Rh	1
TOOL-30-No	TOOL	No	yes	exact_match	TOOL-30-No	1
TOOL-30-Ro	TOOL	Ro	yes	exact_match	TOOL-30-Ro	1
TOOL-31-No	TOOL	No	yes	exact_match	TOOL-31-No	1
TOOL-30-Rh	TOOL	Rh	yes	exact_match	TOOL-30-Rh	1
TOOL-31-Rh	TOOL	Rh	yes	exact_match	TOOL-31-Rh	1
TOOL-31-Ro	TOOL	Ro	yes	exact_match	TOOL-31-Ro	1
TOOL-32-Ro	TOOL	Ro	yes	exact_match	TOOL-32-Ro	1
TOOL-33-1-No	TOOL	No	yes	exact_match	TOOL-33-1-No	1
TOOL-32-Rh	TOOL	Rh	yes	exact_match	TOOL-32-Rh	1
TOOL-33-1-Rh	TOOL	Rh	yes	exact_match	TOOL-33-1-Rh	1
TOOL-33-1-Ro	TOOL	Ro	yes	exact_match	TOOL-33-1-Ro	1
TOOL-34-No	TOOL	No	yes	exact_match	TOOL-34-No	1
TOOL-34-Rh	TOOL	Rh	yes	exact_match	TOOL-34-Rh	1
TOOL-34-Ro	TOOL	Ro	yes	exact_match	TOOL-34-Ro	1
TOOL-35-1-No	TOOL	No	yes	exact_match	TOOL-35-1-No	1
TOOL-35-1-Rh	TOOL	Rh	yes	exact_match	TOOL-35-1-Rh	1
TOOL-35-1-Ro	TOOL	Ro	yes	exact_match	TOOL-35-1-Ro	1
TOOL-3-No	TOOL	No	yes	exact_match	TOOL-3-No	1
TOOL-3-Ro	TOOL	Ro	yes	exact_match	TOOL-3-Ro	1
TOOL-4-No	TOOL	No	yes	exact_match	TOOL-4-No	1
TOOL-4-Rh	TOOL	Rh	yes	exact_match	TOOL-4-Rh	1
TOOL-3-Rh	TOOL	Rh	yes	exact_match	TOOL-3-Rh	1
TOOL-4-Ro	TOOL	Ro	yes	exact_match	TOOL-4-Ro	1
TOOL-5-Rh	TOOL	Rh	yes	exact_match	TOOL-5-Rh	1
TOOL-5-Ro	TOOL	Ro	yes	exact_match	TOOL-5-Ro	1
TOOL-5-No	TOOL	No	yes	exact_match	TOOL-5-No	1
TOOL-6-Rh	TOOL	Rh	yes	exact_match	TOOL-6-Rh	1
TOOL-6-Ro	TOOL	Ro	yes	exact_match	TOOL-6-Ro	1
TOOL-6-No	TOOL	No	yes	exact_match	TOOL-6-No	1
TOOL-7-No	TOOL	No	yes	exact_match	TOOL-7-No	1
TOOL-7-Ro	TOOL	Ro	yes	exact_match	TOOL-7-Ro	1
TOOL-7-Rh	TOOL	Rh	yes	exact_match	TOOL-7-Rh	1
TOOL-8-Rh	TOOL	Rh	yes	exact_match	TOOL-8-Rh	1
TOOL-8-Ro	TOOL	Ro	yes	exact_match	TOOL-8-Ro	1
TOOL-9-No	TOOL	No	yes	exact_match	TOOL-9-No	1
TOOL-9-Rh	TOOL	Rh	yes	exact_match	TOOL-9-Rh	1
TOOL-9-Ro	TOOL	Ro	yes	exact_match	TOOL-9-Ro	1
UKFS-1-1-No	UKFS	No	yes	exact_match	UKFS-1-1-No	1
UKFS-1-1-Rh	UKFS	Rh	yes	exact_match	UKFS-1-1-Rh	1
UKFS-1-1-Ro	UKFS	Ro	yes	exact_match	UKFS-1-1-Ro	1
UKFS-3-2-No	UKFS	No	yes	exact_match	UKFS-3-2-No	1
TOOL-8-No	TOOL	No	yes	exact_match	TOOL-8-No	1
UKFS-3-2-Ro	UKFS	Ro	yes	exact_match	UKFS-3-2-Ro	1
UKFS-3-2-Rh	UKFS	Rh	yes	exact_match	UKFS-3-2-Rh	1
UKFS-4-1-Rh	UKFS	Rh	yes	exact_match	UKFS-4-1-Rh	1
UKFS-4-1-Ro	UKFS	Ro	yes	exact_match	UKFS-4-1-Ro	1
UKFS-5-1-No	UKFS	No	yes	exact_match	UKFS-5-1-No	1
UKFS-5-1-Rh	UKFS	Rh	yes	exact_match	UKFS-5-1-Rh	1
UKFS-5-1-Ro	UKFS	Ro	yes	exact_match	UKFS-5-1-Ro	1
UKFS-52-1-No	UKFS	No	no	not_found_in_metadata	NA	NA
UKFS-52-1-Rh	UKFS	Rh	no	not_found_in_metadata	NA	NA
UKFS-52-1-Ro	UKFS	Ro	no	not_found_in_metadata	NA	NA
UKFS-4-1-No	UKFS	No	yes	exact_match	UKFS-4-1-No	1
UKFS-6-1-No	UKFS	No	yes	exact_match	UKFS-6-1-No	1
UKFS-6-1-Ro	UKFS	Ro	yes	exact_match	UKFS-6-1-Ro	1
UKFS-6-1-Rh	UKFS	Rh	yes	exact_match	UKFS-6-1-Rh	1
UKFS-6-3-Rh	UKFS	Rh	yes	exact_match	UKFS-6-3-Rh	1
UKFS-6-3-Ro	UKFS	Ro	yes	exact_match	UKFS-6-3-Ro	1
UNDE-1-2-Rh	UNDE	Rh	yes	exact_match	UNDE-1-2-Rh	1
UNDE-1-2-Ro	UNDE	Ro	yes	exact_match	UNDE-1-2-Ro	1
UNDE-2-1-No	UNDE	No	yes	exact_match	UNDE-2-1-No	1
UNDE-2-1-Rh	UNDE	Rh	yes	exact_match	UNDE-2-1-Rh	1
UNDE-2-1-Ro	UNDE	Ro	yes	exact_match	UNDE-2-1-Ro	1
UNDE-1-2-No	UNDE	No	yes	exact_match	UNDE-1-2-No	1
UNDE-3-1-Rh	UNDE	Rh	yes	exact_match	UNDE-3-1-Rh	1
UNDE-3-1-Ro	UNDE	Ro	yes	exact_match	UNDE-3-1-Ro	1
UNDE-3-1-No	UNDE	No	yes	exact_match	UNDE-3-1-No	1
UNDE-4-1-Rh	UNDE	Rh	yes	exact_match	UNDE-4-1-Rh	1
UNDE-4-1-Ro	UNDE	Ro	yes	exact_match	UNDE-4-1-Ro	1
UNDE-4-1-No	UNDE	No	yes	exact_match	UNDE-4-1-No	1
UNDE-5-4-Rh	UNDE	Rh	yes	exact_match	UNDE-5-4-Rh	1
UNDE-5-4-No	UNDE	No	yes	exact_match	UNDE-5-4-No	1
UNDE-5-4-Ro	UNDE	Ro	yes	exact_match	UNDE-5-4-Ro	1
WOOD-10-1-Rh	WOOD	Rh	yes	exact_match	WOOD-10-1-Rh	1
WOOD-10-1-Ro	WOOD	Ro	yes	exact_match	WOOD-10-1-Ro	1
WOOD-11-1-No	WOOD	No	yes	exact_match	WOOD-11-1-No	1
WOOD-11-1-Rh	WOOD	Rh	yes	exact_match	WOOD-11-1-Rh	1
WOOD-10-1-No	WOOD	No	yes	exact_match	WOOD-10-1-No	1
WOOD-11-1-Ro	WOOD	Ro	yes	exact_match	WOOD-11-1-Ro	1
WOOD-1-1-No	WOOD	No	yes	exact_match	WOOD-1-1-No	1
WOOD-1-1-Rh	WOOD	Rh	yes	exact_match	WOOD-1-1-Rh	1
WOOD-1-1-Ro	WOOD	Ro	yes	exact_match	WOOD-1-1-Ro	1
WOOD-12-Rh	WOOD	Rh	yes	exact_match	WOOD-12-Rh	1
WOOD-12-Ro	WOOD	Ro	yes	exact_match	WOOD-12-Ro	1
WOOD-2-2-Rh	WOOD	Rh	yes	exact_match	WOOD-2-2-Rh	1
WOOD-2-2-Ro	WOOD	Ro	yes	exact_match	WOOD-2-2-Ro	1
WOOD-12-No	WOOD	No	yes	exact_match	WOOD-12-No	1
WOOD-3-2-Rh	WOOD	Rh	yes	exact_match	WOOD-3-2-Rh	1
WOOD-3-2-Ro	WOOD	Ro	yes	exact_match	WOOD-3-2-Ro	1
WOOD-4-1-No	WOOD	No	yes	exact_match	WOOD-4-1-No	1
WOOD-4-1-Rh	WOOD	Rh	yes	exact_match	WOOD-4-1-Rh	1
WOOD-4-1-Ro	WOOD	Ro	yes	exact_match	WOOD-4-1-Ro	1
WOOD-5-1-No	WOOD	No	yes	exact_match	WOOD-5-1-No	1
WOOD-5-1-Rh	WOOD	Rh	yes	exact_match	WOOD-5-1-Rh	1
WOOD-5-1-Ro	WOOD	Ro	yes	exact_match	WOOD-5-1-Ro	1
WOOD-3-2-No	WOOD	No	yes	exact_match	WOOD-3-2-No	1
WOOD-6-1-Rh	WOOD	Rh	yes	exact_match	WOOD-6-1-Rh	1
WOOD-6-1-Ro	WOOD	Ro	yes	exact_match	WOOD-6-1-Ro	1
WOOD-7-1-No	WOOD	No	yes	exact_match	WOOD-7-1-No	1
WOOD-7-1-Rh	WOOD	Rh	yes	exact_match	WOOD-7-1-Rh	1
WOOD-7-1-Ro	WOOD	Ro	yes	exact_match	WOOD-7-1-Ro	1
WOOD-6-1-No	WOOD	No	yes	exact_match	WOOD-6-1-No	1
WOOD-8-Rh	WOOD	Rh	yes	exact_match	WOOD-8-Rh	1
WOOD-8-Ro	WOOD	Ro	yes	exact_match	WOOD-8-Ro	1
WOOD-9-Rh	WOOD	Rh	yes	exact_match	WOOD-9-Rh	1
WOOD-9-Ro	WOOD	Ro	yes	exact_match	WOOD-9-Ro	1
YELL-10-1-No	YELL	No	yes	exact_match	YELL-10-1-No	1
YELL-10-1-Rh	YELL	Rh	yes	exact_match	YELL-10-1-Rh	1
YELL-10-1-Ro	YELL	Ro	yes	exact_match	YELL-10-1-Ro	1
YELL-11-No	YELL	No	yes	exact_match	YELL-11-No	1
YELL-11-Rh	YELL	Rh	yes	exact_match	YELL-11-Rh	1
YELL-11-Ro	YELL	Ro	yes	exact_match	YELL-11-Ro	1
YELL-1-2-No	YELL	No	yes	exact_match	YELL-1-2-No	1
WOOD-8-No	WOOD	No	yes	exact_match	WOOD-8-No	1
YELL-1-2-Ro	YELL	Ro	yes	exact_match	YELL-1-2-Ro	1
YELL-1-2-Rh	YELL	Rh	yes	exact_match	YELL-1-2-Rh	1
YELL-2-2-No	YELL	No	yes	exact_match	YELL-2-2-No	1
YELL-2-2-Ro	YELL	Ro	yes	exact_match	YELL-2-2-Ro	1
YELL-3-5-No	YELL	No	yes	exact_match	YELL-3-5-No	1
YELL-3-5-Rh	YELL	Rh	yes	exact_match	YELL-3-5-Rh	1
YELL-2-2-Rh	YELL	Rh	yes	exact_match	YELL-2-2-Rh	1
YELL-4-4-No	YELL	No	yes	exact_match	YELL-4-4-No	1
YELL-3-5-Ro	YELL	Ro	yes	exact_match	YELL-3-5-Ro	1
YELL-4-4-Ro	YELL	Ro	yes	exact_match	YELL-4-4-Ro	1
YELL-5-3-Rh	YELL	Rh	yes	exact_match	YELL-5-3-Rh	1
YELL-5-3-Ro	YELL	Ro	yes	exact_match	YELL-5-3-Ro	1
YELL-6-1-Rh	YELL	Rh	yes	exact_match	YELL-6-1-Rh	1
YELL-6-1-Ro	YELL	Ro	yes	exact_match	YELL-6-1-Ro	1
YELL-7-1-Rh	YELL	Rh	yes	exact_match	YELL-7-1-Rh	1
YELL-7-1-Ro	YELL	Ro	yes	exact_match	YELL-7-1-Ro	1
YELL-4-4-Rh	YELL	Rh	yes	exact_match	YELL-4-4-Rh	1
