sample	target	length	covered_bases	percent_covered_from_pileup	mean_depth_from_pileup	median_depth_from_pileup	N_count	N_percent	mixed_positions	max_minor_allele_fraction	min_base_qual	min_map_qual	minor_count_threshold	minor_fraction_threshold	mixed_site_depth_threshold	mixed_positions_threshold	status
BLAN-1-1-Rh	nifH.fa	997	827	82.9488	783.2798	151	170	17.0512	20	0.4815	20	10	5	0.2000	20	10	pass_mixed_possible_multitemplate
BLAN-1-1-Ro	nifH.fa	997	796	79.8395	93.9840	64	201	20.1605	83	0.4966	20	10	5	0.2000	20	10	pass_mixed_possible_multitemplate
BLAN-1-1-No	nifH.fa	997	827	82.9488	2960.1535	936	170	17.0512	39	0.5000	20	10	5	0.2000	20	10	pass_mixed_possible_multitemplate
BLAN-2-1-Rh	nifH.fa	997	800	80.2407	323.7051	15	197	19.7593	18	0.5000	20	10	5	0.2000	20	10	pass_mixed_possible_multitemplate
BLAN-2-1-Ro	nifH.fa	997	829	83.1494	400.6028	302	168	16.8506	47	0.5000	20	10	5	0.2000	20	10	pass_mixed_possible_multitemplate
BLAN-2-1-No	nifH.fa	997	815	81.7452	3408.5627	2069	182	18.2548	16	0.4000	20	10	5	0.2000	20	10	pass_mixed_possible_multitemplate
BLAN-3-1-Rh	nifH.fa	997	805	80.7422	68.8977	53	192	19.2578	50	0.5000	20	10	5	0.2000	20	10	pass_mixed_possible_multitemplate
BLAN-3-1-Ro	nifH.fa	997	815	81.7452	2479.2919	208	182	18.2548	13	0.5000	20	10	5	0.2000	20	10	pass_mixed_possible_multitemplate
BLAN-4-1-No	nifH.fa	997	790	79.2377	1081.2457	8	207	20.7623	7	0.5000	20	10	5	0.2000	20	10	pass_single_dominant
BLAN-4-1-Rh	nifH.fa	997	814	81.6449	125.2528	9	183	18.3551	29	0.4409	20	10	5	0.2000	20	10	pass_mixed_possible_multitemplate
BLAN-4-1-Ro	nifH.fa	997	798	80.0401	117.2197	44	199	19.9599	56	0.5000	20	10	5	0.2000	20	10	pass_mixed_possible_multitemplate
BLAN-4-2-Rh	nifH.fa	997	652	65.3962	155.7683	29	345	34.6038	53	0.5000	20	10	5	0.2000	20	10	pass_mixed_possible_multitemplate
BONA-10-2-Rh	nifH.fa	997	704	70.6118	136.3159	47	293	29.3882	60	0.5000	20	10	5	0.2000	20	10	pass_mixed_possible_multitemplate
BONA-10-No	nifH.fa	997	759	76.1284	21.9418	19	238	23.8716	53	0.5000	20	10	5	0.2000	20	10	pass_mixed_possible_multitemplate
BONA-10-Rh	nifH.fa	997	735	73.7212	265.8084	119	262	26.2788	45	0.5000	20	10	5	0.2000	20	10	pass_mixed_possible_multitemplate
BONA-10-Ro	nifH.fa	997	635	63.6911	7.7192	1	362	36.3089	9	0.5000	20	10	5	0.2000	20	10	pass_single_dominant
BONA-11-1-Rh	nifH.fa	997	663	66.4995	230.0381	14	334	33.5005	39	0.5000	20	10	5	0.2000	20	10	pass_mixed_possible_multitemplate
BONA-11-2-Rh	nifH.fa	997	702	70.4112	114.7653	28	295	29.5888	26	0.4953	20	10	5	0.2000	20	10	pass_mixed_possible_multitemplate
BONA-1-1-No	nifH.fa	997	823	82.5476	1493.5246	60	174	17.4524	20	0.5000	20	10	5	0.2000	20	10	pass_mixed_possible_multitemplate
BONA-1-1-Rh	nifH.fa	997	725	72.7182	374.2367	217	272	27.2818	12	0.4988	20	10	5	0.2000	20	10	pass_mixed_possible_multitemplate
BONA-12-1-No	nifH.fa	997	751	75.3260	10.5727	3	246	24.6740	36	0.5000	20	10	5	0.2000	20	10	pass_mixed_possible_multitemplate
BONA-12-1-Rh	nifH.fa	997	709	71.1133	588.2156	60	288	28.8867	28	0.4655	20	10	5	0.2000	20	10	pass_mixed_possible_multitemplate
BONA-12-1-Ro	nifH.fa	997	632	63.3902	19.1675	4	365	36.6098	2	0.5000	20	10	5	0.2000	20	10	pass_single_dominant
BONA-12-2-Rh	nifH.fa	997	668	67.0010	144.6339	16	329	32.9990	45	0.5000	20	10	5	0.2000	20	10	pass_mixed_possible_multitemplate
BONA-13-1-No	nifH.fa	997	771	77.3320	13.8907	7	226	22.6680	45	0.5000	20	10	5	0.2000	20	10	pass_mixed_possible_multitemplate
BONA-13-1-Rh	nifH.fa	997	734	73.6209	1050.6911	5	263	26.3791	10	0.4330	20	10	5	0.2000	20	10	pass_single_dominant
BONA-13-1-Ro	nifH.fa	997	784	78.6359	121.7964	11	213	21.3641	36	0.5000	20	10	5	0.2000	20	10	pass_mixed_possible_multitemplate
BONA-13-2-Rh	nifH.fa	997	701	70.3109	96.8796	24	296	29.6891	59	0.4959	20	10	5	0.2000	20	10	pass_mixed_possible_multitemplate
BONA-14-No	nifH.fa	997	832	83.4504	47.4493	13	165	16.5496	59	0.5000	20	10	5	0.2000	20	10	pass_mixed_possible_multitemplate
BLAN-3-1-No	nifH.fa	997	825	82.7482	3547.8526	95	172	17.2518	22	0.5000	20	10	5	0.2000	20	10	pass_mixed_possible_multitemplate
BONA-14-Ro	nifH.fa	997	618	61.9860	13.4564	3	379	38.0140	45	0.5000	20	10	5	0.2000	20	10	pass_mixed_possible_multitemplate
BONA-14-Rh	nifH.fa	997	797	79.9398	163.4383	84	200	20.0602	40	0.5000	20	10	5	0.2000	20	10	pass_mixed_possible_multitemplate
BONA-2-Rh	nifH.fa	997	826	82.8485	78.8154	10	171	17.1515	19	0.5000	20	10	5	0.2000	20	10	pass_mixed_possible_multitemplate
BONA-2-Ro	nifH.fa	997	802	80.4413	54.7011	14	195	19.5587	33	0.5000	20	10	5	0.2000	20	10	pass_mixed_possible_multitemplate
BONA-3-1-Rh	nifH.fa	997	710	71.2136	2262.1274	1611	287	28.7864	15	0.4975	20	10	5	0.2000	20	10	pass_mixed_possible_multitemplate
BONA-3-1-Ro	nifH.fa	997	715	71.7151	52.3220	12	282	28.2849	12	0.5000	20	10	5	0.2000	20	10	pass_mixed_possible_multitemplate
BONA-4-No	nifH.fa	997	830	83.2497	59.8967	49	167	16.7503	52	0.5000	20	10	5	0.2000	20	10	pass_mixed_possible_multitemplate
BONA-4-Rh	nifH.fa	997	833	83.5507	894.0431	433	164	16.4493	35	0.4919	20	10	5	0.2000	20	10	pass_mixed_possible_multitemplate
BONA-4-Ro	nifH.fa	997	676	67.8034	17.1595	7	321	32.1966	20	0.4783	20	10	5	0.2000	20	10	pass_mixed_possible_multitemplate
BONA-2-No	nifH.fa	997	737	73.9218	2271.4193	63	260	26.0782	18	0.4928	20	10	5	0.2000	20	10	pass_mixed_possible_multitemplate
BONA-7-No	nifH.fa	997	767	76.9308	14.6058	4	230	23.0692	32	0.5000	20	10	5	0.2000	20	10	pass_mixed_possible_multitemplate
BONA-5-Rh	nifH.fa	997	615	61.6851	577.7773	2	382	38.3149	0	0.5000	20	10	5	0.2000	20	10	pass_single_dominant
BONA-7-Rh	nifH.fa	997	683	68.5055	20.1645	3	314	31.4945	4	0.4348	20	10	5	0.2000	20	10	pass_single_dominant
BONA-7-Ro	nifH.fa	997	685	68.7061	7.6660	3	312	31.2939	17	0.5000	20	10	5	0.2000	20	10	pass_mixed_possible_multitemplate
BONA-8-No	nifH.fa	997	809	81.1434	9.1424	5	188	18.8566	26	0.5000	20	10	5	0.2000	20	10	pass_mixed_possible_multitemplate
BONA-8-Rh	nifH.fa	997	728	73.0191	32.1023	7	269	26.9809	14	0.5000	20	10	5	0.2000	20	10	pass_mixed_possible_multitemplate
BONA-8-Ro	nifH.fa	997	830	83.2497	25.4794	13	167	16.7503	45	0.5000	20	10	5	0.2000	20	10	pass_mixed_possible_multitemplate
BONA-9-No	nifH.fa	997	780	78.2347	23.1184	15	217	21.7653	2	0.4706	20	10	5	0.2000	20	10	pass_single_dominant
BONA-9-Ro	nifH.fa	997	698	70.0100	44.3541	3	299	29.9900	28	0.5000	20	10	5	0.2000	20	10	pass_mixed_possible_multitemplate
CLBJ-10-1-Rh	nifH.fa	997	832	83.4504	491.0843	187	165	16.5496	26	0.5000	20	10	5	0.2000	20	10	pass_mixed_possible_multitemplate
CLBJ-11-1-No	nifH.fa	997	822	82.4473	19.3651	11	175	17.5527	37	0.5000	20	10	5	0.2000	20	10	pass_mixed_possible_multitemplate
CLBJ-11-1-Ro	nifH.fa	997	730	73.2197	91.6760	2	267	26.7803	0	0.4545	20	10	5	0.2000	20	10	pass_single_dominant
CLBJ-10-1-No	nifH.fa	997	827	82.9488	2402.2237	968	170	17.0512	12	0.4615	20	10	5	0.2000	20	10	pass_mixed_possible_multitemplate
CLBJ-1-1-Ro	nifH.fa	997	809	81.1434	26.5386	23	188	18.8566	52	0.5000	20	10	5	0.2000	20	10	pass_mixed_possible_multitemplate
CLBJ-12-2-No	nifH.fa	997	828	83.0491	27.4323	15	169	16.9509	43	0.5000	20	10	5	0.2000	20	10	pass_mixed_possible_multitemplate
CLBJ-12-2-Ro	nifH.fa	997	805	80.7422	36.4493	13	192	19.2578	13	0.5000	20	10	5	0.2000	20	10	pass_mixed_possible_multitemplate
CLBJ-1-1-No	nifH.fa	997	830	83.2497	3648.3781	4376	167	16.7503	16	0.4762	20	10	5	0.2000	20	10	pass_mixed_possible_multitemplate
CLBJ-13-1-Rh	nifH.fa	997	828	83.0491	26.1635	26	169	16.9509	54	0.5000	20	10	5	0.2000	20	10	pass_mixed_possible_multitemplate
CLBJ-13-1-Ro	nifH.fa	997	832	83.4504	19.3942	13	165	16.5496	35	0.5000	20	10	5	0.2000	20	10	pass_mixed_possible_multitemplate
CLBJ-13-1-No	nifH.fa	997	833	83.5507	2428.2337	628	164	16.4493	22	0.4783	20	10	5	0.2000	20	10	pass_mixed_possible_multitemplate
CLBJ-14-1-Rh	nifH.fa	997	811	81.3440	119.3701	134	186	18.6560	38	0.5000	20	10	5	0.2000	20	10	pass_mixed_possible_multitemplate
CLBJ-14-1-Ro	nifH.fa	997	700	70.2106	416.7823	2	297	29.7894	0	0.5000	20	10	5	0.2000	20	10	pass_single_dominant
CLBJ-15-1-No	nifH.fa	997	827	82.9488	3191.5928	1705	170	17.0512	14	0.5000	20	10	5	0.2000	20	10	pass_mixed_possible_multitemplate
CLBJ-15-1-Rh	nifH.fa	997	833	83.5507	209.3180	148	164	16.4493	67	0.5000	20	10	5	0.2000	20	10	pass_mixed_possible_multitemplate
CLBJ-15-1-Ro	nifH.fa	997	826	82.8485	292.5246	205	171	17.1515	15	0.5000	20	10	5	0.2000	20	10	pass_mixed_possible_multitemplate
CLBJ-16-2-No	nifH.fa	997	832	83.4504	2088.7643	454	165	16.5496	2	0.5000	20	10	5	0.2000	20	10	pass_single_dominant
CLBJ-14-1-No	nifH.fa	997	833	83.5507	5515.9328	7551	164	16.4493	0	0.3333	20	10	5	0.2000	20	10	pass_single_dominant
CLBJ-16-2-Rh	nifH.fa	997	830	83.2497	206.5787	127	167	16.7503	78	0.5000	20	10	5	0.2000	20	10	pass_mixed_possible_multitemplate
CLBJ-16-2-Ro	nifH.fa	997	829	83.1494	291.8987	81	168	16.8506	53	0.4875	20	10	5	0.2000	20	10	pass_mixed_possible_multitemplate
CLBJ-17-1-Rh	nifH.fa	997	803	80.5416	91.8164	7	194	19.4584	4	0.5000	20	10	5	0.2000	20	10	pass_single_dominant
CLBJ-17-1-Ro	nifH.fa	997	772	77.4323	8.9448	5	225	22.5677	7	0.5000	20	10	5	0.2000	20	10	pass_single_dominant
CLBJ-17-1-No	nifH.fa	997	832	83.4504	1705.0281	472	165	16.5496	21	0.5000	20	10	5	0.2000	20	10	pass_mixed_possible_multitemplate
CLBJ-18-1-Rh	nifH.fa	997	830	83.2497	31.9569	13	167	16.7503	43	0.5000	20	10	5	0.2000	20	10	pass_mixed_possible_multitemplate
CLBJ-18-1-Ro	nifH.fa	997	830	83.2497	27.3370	33	167	16.7503	58	0.5000	20	10	5	0.2000	20	10	pass_mixed_possible_multitemplate
CLBJ-18-1-No	nifH.fa	997	835	83.7513	3548.1244	3724	162	16.2487	18	0.4762	20	10	5	0.2000	20	10	pass_mixed_possible_multitemplate
CLBJ-19-1-Rh	nifH.fa	997	810	81.2437	822.8415	140	187	18.7563	8	0.5000	20	10	5	0.2000	20	10	pass_single_dominant
CLBJ-19-1-Ro	nifH.fa	997	833	83.5507	75.5466	28	164	16.4493	59	0.5000	20	10	5	0.2000	20	10	pass_mixed_possible_multitemplate
CLBJ-19-1-No	nifH.fa	997	833	83.5507	3117.5396	1375	164	16.4493	17	0.5000	20	10	5	0.2000	20	10	pass_mixed_possible_multitemplate
CLBJ-20-1-No	nifH.fa	997	830	83.2497	1399.1735	824	167	16.7503	4	0.3860	20	10	5	0.2000	20	10	pass_single_dominant
CLBJ-20-1-Rh	nifH.fa	997	689	69.1073	59.7803	9	308	30.8927	38	0.5000	20	10	5	0.2000	20	10	pass_mixed_possible_multitemplate
CLBJ-20-1-Ro	nifH.fa	997	691	69.3079	12.3240	6	306	30.6921	8	0.5000	20	10	5	0.2000	20	10	pass_single_dominant
CLBJ-21-1-Rh	nifH.fa	997	829	83.1494	138.3551	68	168	16.8506	43	0.4783	20	10	5	0.2000	20	10	pass_mixed_possible_multitemplate
CLBJ-22-1-Ro	nifH.fa	997	749	75.1254	11.4504	4	248	24.8746	0	0.5000	20	10	5	0.2000	20	10	pass_single_dominant
CLBJ-23-1-No	nifH.fa	997	827	82.9488	1630.8205	15	170	17.0512	1	0.4865	20	10	5	0.2000	20	10	pass_single_dominant
CLBJ-23-1-Rh	nifH.fa	997	827	82.9488	73.5928	45	170	17.0512	62	0.5000	20	10	5	0.2000	20	10	pass_mixed_possible_multitemplate
CLBJ-23-1-Ro	nifH.fa	997	831	83.3501	22.7202	8	166	16.6499	31	0.5000	20	10	5	0.2000	20	10	pass_mixed_possible_multitemplate
CLBJ-22-1-No	nifH.fa	997	740	74.2227	2884.4915	1239	257	25.7773	38	0.4289	20	10	5	0.2000	20	10	pass_mixed_possible_multitemplate
CLBJ-24-Rh	nifH.fa	997	835	83.7513	320.2287	241	162	16.2487	63	0.5000	20	10	5	0.2000	20	10	pass_mixed_possible_multitemplate
CLBJ-25-2-No	nifH.fa	997	834	83.6510	4385.5938	5284	163	16.3490	15	0.5000	20	10	5	0.2000	20	10	pass_mixed_possible_multitemplate
CLBJ-25-2-Rh	nifH.fa	997	834	83.6510	3278.1344	3396	163	16.3490	22	0.4991	20	10	5	0.2000	20	10	pass_mixed_possible_multitemplate
CLBJ-24-No	nifH.fa	997	834	83.6510	4398.7081	7576	163	16.3490	13	0.4444	20	10	5	0.2000	20	10	pass_mixed_possible_multitemplate
CLBJ-25-2-Ro	nifH.fa	997	834	83.6510	4404.6379	6300	163	16.3490	11	0.5000	20	10	5	0.2000	20	10	pass_mixed_possible_multitemplate
CLBJ-26-1-Rh	nifH.fa	997	833	83.5507	589.9238	333	164	16.4493	82	0.4870	20	10	5	0.2000	20	10	pass_mixed_possible_multitemplate
CLBJ-26-1-Ro	nifH.fa	997	834	83.6510	2796.5226	1687	163	16.3490	24	0.4700	20	10	5	0.2000	20	10	pass_mixed_possible_multitemplate
CLBJ-26-1-No	nifH.fa	997	833	83.5507	5819.3641	7827	164	16.4493	5	0.4000	20	10	5	0.2000	20	10	pass_single_dominant
CLBJ-27-1-No	nifH.fa	997	834	83.6510	5640.5617	7496	163	16.3490	0	0.1566	20	10	5	0.2000	20	10	pass_single_dominant
CLBJ-27-1-Ro	nifH.fa	997	835	83.7513	3669.7031	4257	162	16.2487	19	0.5000	20	10	5	0.2000	20	10	pass_mixed_possible_multitemplate
CLBJ-28-3-No	nifH.fa	997	717	71.9157	1368.9719	738	280	28.0843	29	0.4802	20	10	5	0.2000	20	10	pass_mixed_possible_multitemplate
CLBJ-27-1-Rh	nifH.fa	997	835	83.7513	3898.3340	4699	162	16.2487	20	0.4800	20	10	5	0.2000	20	10	pass_mixed_possible_multitemplate
CLBJ-28-3-Ro	nifH.fa	997	723	72.5176	67.3591	33	274	27.4824	34	0.5000	20	10	5	0.2000	20	10	pass_mixed_possible_multitemplate
CLBJ-28-3-Rh	nifH.fa	997	834	83.6510	1261.6961	1222	163	16.3490	8	0.4375	20	10	5	0.2000	20	10	pass_single_dominant
CLBJ-29-2-Ro	nifH.fa	997	738	74.0221	505.0191	292	259	25.9779	18	0.5000	20	10	5	0.2000	20	10	pass_mixed_possible_multitemplate
CLBJ-29-2-Rh	nifH.fa	997	834	83.6510	2274.4955	1516	163	16.3490	24	0.4790	20	10	5	0.2000	20	10	pass_mixed_possible_multitemplate
CLBJ-2-Rh	nifH.fa	997	830	83.2497	377.1184	381	167	16.7503	12	0.4737	20	10	5	0.2000	20	10	pass_mixed_possible_multitemplate
CLBJ-2-Ro	nifH.fa	997	827	82.9488	88.6429	73	170	17.0512	79	0.4737	20	10	5	0.2000	20	10	pass_mixed_possible_multitemplate
CLBJ-2-No	nifH.fa	997	797	79.9398	3539.6510	4137	200	20.0602	0	0.0164	20	10	5	0.2000	20	10	pass_single_dominant
CLBJ-30-1-Rh	nifH.fa	997	781	78.3350	2959.1194	1379	216	21.6650	27	0.4974	20	10	5	0.2000	20	10	pass_mixed_possible_multitemplate
CLBJ-30-1-No	nifH.fa	997	804	80.6419	3394.9950	2081	193	19.3581	2	0.4490	20	10	5	0.2000	20	10	pass_single_dominant
CLBJ-31-2-No	nifH.fa	997	742	74.4233	2196.4895	92	255	25.5767	7	0.4700	20	10	5	0.2000	20	10	pass_single_dominant
CLBJ-31-2-Rh	nifH.fa	997	717	71.9157	1292.2618	1038	280	28.0843	41	0.4887	20	10	5	0.2000	20	10	pass_mixed_possible_multitemplate
CLBJ-30-1-Ro	nifH.fa	997	762	76.4293	4241.1174	5076	235	23.5707	12	0.4545	20	10	5	0.2000	20	10	pass_mixed_possible_multitemplate
CLBJ-31-2-Ro	nifH.fa	997	755	75.7272	2365.6981	992	242	24.2728	21	0.5000	20	10	5	0.2000	20	10	pass_mixed_possible_multitemplate
CLBJ-3-1-Rh	nifH.fa	997	827	82.9488	101.4233	12	170	17.0512	9	0.5000	20	10	5	0.2000	20	10	pass_single_dominant
CLBJ-3-1-Ro	nifH.fa	997	801	80.3410	748.0802	70	196	19.6590	30	0.5000	20	10	5	0.2000	20	10	pass_mixed_possible_multitemplate
CLBJ-3-1-No	nifH.fa	997	809	81.1434	3592.0481	3502	188	18.8566	18	0.4783	20	10	5	0.2000	20	10	pass_mixed_possible_multitemplate
CLBJ-32-1-No	nifH.fa	997	727	72.9188	2321.1745	224	270	27.0812	29	0.5000	20	10	5	0.2000	20	10	pass_mixed_possible_multitemplate
CLBJ-32-1-Rh	nifH.fa	997	834	83.6510	2513.2698	976	163	16.3490	4	0.4451	20	10	5	0.2000	20	10	pass_single_dominant
CLBJ-32-1-Ro	nifH.fa	997	807	80.9428	208.5817	51	190	19.0572	38	0.5000	20	10	5	0.2000	20	10	pass_mixed_possible_multitemplate
CLBJ-33-1-Rh	nifH.fa	997	750	75.2257	1315.1494	264	247	24.7743	32	0.5000	20	10	5	0.2000	20	10	pass_mixed_possible_multitemplate
CLBJ-33-1-Ro	nifH.fa	997	795	79.7392	137.8917	72	202	20.2608	28	0.5000	20	10	5	0.2000	20	10	pass_mixed_possible_multitemplate
CLBJ-33-1-No	nifH.fa	997	755	75.7272	3270.3501	2220	242	24.2728	0	0.4667	20	10	5	0.2000	20	10	pass_single_dominant
CLBJ-34-1-Rh	nifH.fa	997	834	83.6510	1014.5236	379	163	16.3490	69	0.5000	20	10	5	0.2000	20	10	pass_mixed_possible_multitemplate
CLBJ-34-1-Ro	nifH.fa	997	775	77.7332	105.5697	52	222	22.2668	50	0.4880	20	10	5	0.2000	20	10	pass_mixed_possible_multitemplate
CLBJ-34-1-No	nifH.fa	997	833	83.5507	3453.8806	2285	164	16.4493	8	0.5000	20	10	5	0.2000	20	10	pass_single_dominant
CLBJ-35-1-No	nifH.fa	997	833	83.5507	2056.4804	992	164	16.4493	15	0.4785	20	10	5	0.2000	20	10	pass_mixed_possible_multitemplate
CLBJ-35-1-Ro	nifH.fa	997	827	82.9488	112.8054	68	170	17.0512	68	0.5000	20	10	5	0.2000	20	10	pass_mixed_possible_multitemplate
CLBJ-35-1-Rh	nifH.fa	997	715	71.7151	294.4634	151	282	28.2849	34	0.4966	20	10	5	0.2000	20	10	pass_mixed_possible_multitemplate
CLBJ-36-1-Rh	nifH.fa	997	698	70.0100	2367.1364	1579	299	29.9900	9	0.5000	20	10	5	0.2000	20	10	pass_single_dominant
CLBJ-36-1-No	nifH.fa	997	798	80.0401	2639.7021	904	199	19.9599	9	0.4378	20	10	5	0.2000	20	10	pass_single_dominant
CLBJ-36-1-Ro	nifH.fa	997	740	74.2227	3618.2187	4402	257	25.7773	26	0.4661	20	10	5	0.2000	20	10	pass_mixed_possible_multitemplate
CLBJ-37-1-Rh	nifH.fa	997	711	71.3139	3437.3430	3392	286	28.6861	10	0.3446	20	10	5	0.2000	20	10	pass_single_dominant
CLBJ-37-1-Ro	nifH.fa	997	759	76.1284	337.3651	244	238	23.8716	52	0.5000	20	10	5	0.2000	20	10	pass_mixed_possible_multitemplate
CLBJ-37-1-No	nifH.fa	997	775	77.7332	2268.1284	642	222	22.2668	52	0.4837	20	10	5	0.2000	20	10	pass_mixed_possible_multitemplate
CLBJ-38-1-No	nifH.fa	997	737	73.9218	2782.6389	1525	260	26.0782	32	0.4439	20	10	5	0.2000	20	10	pass_mixed_possible_multitemplate
CLBJ-38-1-Rh	nifH.fa	997	740	74.2227	3339.4604	2673	257	25.7773	10	0.5000	20	10	5	0.2000	20	10	pass_single_dominant
CLBJ-39-1-Rh	nifH.fa	997	828	83.0491	304.4132	21	169	16.9509	15	0.5000	20	10	5	0.2000	20	10	pass_mixed_possible_multitemplate
CLBJ-39-1-No	nifH.fa	997	832	83.4504	3007.9519	1589	165	16.5496	0	0.5000	20	10	5	0.2000	20	10	pass_single_dominant
CLBJ-40-1-Rh	nifH.fa	997	797	79.9398	146.9047	10	200	20.0602	0	0.5000	20	10	5	0.2000	20	10	pass_single_dominant
CLBJ-40-1-Ro	nifH.fa	997	833	83.5507	194.1966	141	164	16.4493	49	0.5000	20	10	5	0.2000	20	10	pass_mixed_possible_multitemplate
CLBJ-40-1-No	nifH.fa	997	710	71.2136	3322.2778	1877	287	28.7864	0	0.4286	20	10	5	0.2000	20	10	pass_single_dominant
CLBJ-41-1-Rh	nifH.fa	997	751	75.3260	14.2197	2	246	24.6740	0	0.5000	20	10	5	0.2000	20	10	pass_single_dominant
CLBJ-41-1-Ro	nifH.fa	997	791	79.3380	226.3009	56	206	20.6620	41	0.5000	20	10	5	0.2000	20	10	pass_mixed_possible_multitemplate
CLBJ-41-1-No	nifH.fa	997	791	79.3380	2582.3280	134	206	20.6620	0	0.5000	20	10	5	0.2000	20	10	pass_single_dominant
CLBJ-4-1-Rh	nifH.fa	997	803	80.5416	213.5627	172	194	19.4584	33	0.5000	20	10	5	0.2000	20	10	pass_mixed_possible_multitemplate
CLBJ-4-1-Ro	nifH.fa	997	798	80.0401	3829.8967	5187	199	19.9599	0	0.5000	20	10	5	0.2000	20	10	pass_single_dominant
CLBJ-42-1-No	nifH.fa	997	832	83.4504	2482.8004	563	165	16.5496	1	0.5000	20	10	5	0.2000	20	10	pass_single_dominant
CLBJ-42-1-Rh	nifH.fa	997	704	70.6118	19.5537	2	293	29.3882	39	0.5000	20	10	5	0.2000	20	10	pass_mixed_possible_multitemplate
CLBJ-42-1-Ro	nifH.fa	997	827	82.9488	359.6650	95	170	17.0512	29	0.5000	20	10	5	0.2000	20	10	pass_mixed_possible_multitemplate
CLBJ-43-2-No	nifH.fa	997	832	83.4504	934.7633	17	165	16.5496	7	0.4706	20	10	5	0.2000	20	10	pass_single_dominant
CLBJ-43-2-Rh	nifH.fa	997	832	83.4504	522.7342	106	165	16.5496	52	0.4891	20	10	5	0.2000	20	10	pass_mixed_possible_multitemplate
CLBJ-43-2-Ro	nifH.fa	997	835	83.7513	364.5577	75	162	16.2487	31	0.5000	20	10	5	0.2000	20	10	pass_mixed_possible_multitemplate
CLBJ-44-1-No	nifH.fa	997	704	70.6118	353.5386	3	293	29.3882	0	0.5000	20	10	5	0.2000	20	10	pass_single_dominant
CLBJ-44-1-Ro	nifH.fa	997	805	80.7422	28.6229	17	192	19.2578	43	0.5000	20	10	5	0.2000	20	10	pass_mixed_possible_multitemplate
CLBJ-45-2-Rh	nifH.fa	997	702	70.4112	552.8175	259	295	29.5888	49	0.4788	20	10	5	0.2000	20	10	pass_mixed_possible_multitemplate
CLBJ-45-2-Ro	nifH.fa	997	803	80.5416	32.1545	8	194	19.4584	33	0.5000	20	10	5	0.2000	20	10	pass_mixed_possible_multitemplate
CLBJ-46-1-No	nifH.fa	997	698	70.0100	1539.6911	527	299	29.9900	1	0.5000	20	10	5	0.2000	20	10	pass_single_dominant
CLBJ-46-1-Rh	nifH.fa	997	712	71.4142	20.0241	3	285	28.5858	1	0.5000	20	10	5	0.2000	20	10	pass_single_dominant
CLBJ-46-1-Ro	nifH.fa	997	801	80.3410	2164.1705	1063	196	19.6590	67	0.5000	20	10	5	0.2000	20	10	pass_mixed_possible_multitemplate
CLBJ-47-1-Rh	nifH.fa	997	799	80.1404	680.0782	298	198	19.8596	36	0.5000	20	10	5	0.2000	20	10	pass_mixed_possible_multitemplate
CLBJ-47-1-Ro	nifH.fa	997	686	68.8064	15.2698	5	311	31.1936	19	0.5000	20	10	5	0.2000	20	10	pass_mixed_possible_multitemplate
CLBJ-4-1-No	nifH.fa	997	824	82.6479	5427.5476	7588	173	17.3521	3	0.4545	20	10	5	0.2000	20	10	pass_single_dominant
CLBJ-48-1-No	nifH.fa	997	819	82.1464	2362.0702	269	178	17.8536	35	0.4651	20	10	5	0.2000	20	10	pass_mixed_possible_multitemplate
CLBJ-48-1-Ro	nifH.fa	997	790	79.2377	34.6199	11	207	20.7623	39	0.5000	20	10	5	0.2000	20	10	pass_mixed_possible_multitemplate
CLBJ-48-1-Rh	nifH.fa	997	778	78.0341	1546.9228	237	219	21.9659	30	0.5000	20	10	5	0.2000	20	10	pass_mixed_possible_multitemplate
CLBJ-49-1-Ro	nifH.fa	997	833	83.5507	51.3370	16	164	16.4493	30	0.5000	20	10	5	0.2000	20	10	pass_mixed_possible_multitemplate
CLBJ-49-1-Rh	nifH.fa	997	808	81.0431	1583.7813	1021	189	18.9569	55	0.5000	20	10	5	0.2000	20	10	pass_mixed_possible_multitemplate
CLBJ-50-3-No	nifH.fa	997	800	80.2407	2232.0140	1367	197	19.7593	32	0.5000	20	10	5	0.2000	20	10	pass_mixed_possible_multitemplate
CLBJ-50-3-Ro	nifH.fa	997	736	73.8215	47.6339	31	261	26.1785	62	0.5000	20	10	5	0.2000	20	10	pass_mixed_possible_multitemplate
CLBJ-50-3-Rh	nifH.fa	997	833	83.5507	862.9478	301	164	16.4493	26	0.5000	20	10	5	0.2000	20	10	pass_mixed_possible_multitemplate
CLBJ-5-2-Rh	nifH.fa	997	820	82.2467	238.1374	265	177	17.7533	25	0.5000	20	10	5	0.2000	20	10	pass_mixed_possible_multitemplate
CLBJ-5-2-Ro	nifH.fa	997	831	83.3501	95.5587	80	166	16.6499	53	0.5000	20	10	5	0.2000	20	10	pass_mixed_possible_multitemplate
CLBJ-6-3-No	nifH.fa	997	832	83.4504	230.7202	18	165	16.5496	18	0.5000	20	10	5	0.2000	20	10	pass_mixed_possible_multitemplate
CLBJ-7-1-No	nifH.fa	997	831	83.3501	135.4824	9	166	16.6499	0	0.5000	20	10	5	0.2000	20	10	pass_single_dominant
CLBJ-7-1-Rh	nifH.fa	997	805	80.7422	112.6780	21	192	19.2578	40	0.5000	20	10	5	0.2000	20	10	pass_mixed_possible_multitemplate
CLBJ-7-1-Ro	nifH.fa	997	796	79.8395	113.4122	34	201	20.1605	45	0.4910	20	10	5	0.2000	20	10	pass_mixed_possible_multitemplate
CLBJ-8-1-Rh	nifH.fa	997	830	83.2497	50.0070	24	167	16.7503	49	0.5000	20	10	5	0.2000	20	10	pass_mixed_possible_multitemplate
CLBJ-8-1-Ro	nifH.fa	997	823	82.5476	55.2056	35	174	17.4524	40	0.5000	20	10	5	0.2000	20	10	pass_mixed_possible_multitemplate
CLBJ-9-1-No	nifH.fa	997	824	82.6479	1451.1906	102	173	17.3521	19	0.3831	20	10	5	0.2000	20	10	pass_mixed_possible_multitemplate
CLBJ-9-1-Rh	nifH.fa	997	773	77.5326	98.5827	56	224	22.4674	65	0.4860	20	10	5	0.2000	20	10	pass_mixed_possible_multitemplate
CLBJ-9-1-Ro	nifH.fa	997	773	77.5326	17.9619	5	224	22.4674	4	0.5000	20	10	5	0.2000	20	10	pass_single_dominant
CPER-1-No	nifH.fa	997	833	83.5507	2865.8054	3644	164	16.4493	2	0.3333	20	10	5	0.2000	20	10	pass_single_dominant
CPER-1-Rh	nifH.fa	997	821	82.3470	1370.5406	1097	176	17.6530	42	0.5000	20	10	5	0.2000	20	10	pass_mixed_possible_multitemplate
CPER-1-Ro	nifH.fa	997	826	82.8485	16.6810	14	171	17.1515	12	0.5000	20	10	5	0.2000	20	10	pass_mixed_possible_multitemplate
CPER-2-No	nifH.fa	997	833	83.5507	4709.2046	6641	164	16.4493	11	0.4611	20	10	5	0.2000	20	10	pass_mixed_possible_multitemplate
CPER-2-Rh	nifH.fa	997	833	83.5507	2518.1354	2616	164	16.4493	43	0.4896	20	10	5	0.2000	20	10	pass_mixed_possible_multitemplate
CPER-2-Ro	nifH.fa	997	830	83.2497	244.6319	259	167	16.7503	60	0.4951	20	10	5	0.2000	20	10	pass_mixed_possible_multitemplate
CPER-3-1-No	nifH.fa	997	832	83.4504	4146.2658	5699	165	16.5496	5	0.4167	20	10	5	0.2000	20	10	pass_single_dominant
CPER-3-1-Rh	nifH.fa	997	826	82.8485	2827.4132	3259	171	17.1515	9	0.5000	20	10	5	0.2000	20	10	pass_single_dominant
CPER-3-1-Ro	nifH.fa	997	827	82.9488	164.4313	173	170	17.0512	29	0.5000	20	10	5	0.2000	20	10	pass_mixed_possible_multitemplate
CPER-4-No	nifH.fa	997	832	83.4504	4500.1434	6264	165	16.5496	3	0.4444	20	10	5	0.2000	20	10	pass_single_dominant
CPER-4-Rh	nifH.fa	997	832	83.4504	3393.1926	4478	165	16.5496	38	0.5000	20	10	5	0.2000	20	10	pass_mixed_possible_multitemplate
CPER-4-Ro	nifH.fa	997	809	81.1434	47.3751	43	188	18.8566	22	0.5000	20	10	5	0.2000	20	10	pass_mixed_possible_multitemplate
CLBJ-5-2-No	nifH.fa	997	824	82.6479	5430.2859	7746	173	17.3521	10	0.4286	20	10	5	0.2000	20	10	pass_single_dominant
CPER-5-1-Rh	nifH.fa	997	832	83.4504	4612.9639	6040	165	16.5496	7	0.5000	20	10	5	0.2000	20	10	pass_single_dominant
CPER-5-1-Ro	nifH.fa	997	833	83.5507	67.1946	85	164	16.4493	38	0.5000	20	10	5	0.2000	20	10	pass_mixed_possible_multitemplate
CPER-5-1-No	nifH.fa	997	833	83.5507	4948.9228	7234	164	16.4493	5	0.4694	20	10	5	0.2000	20	10	pass_single_dominant
DCFS-1-2-No	nifH.fa	997	781	78.3350	91.3300	31	216	21.6650	14	0.5000	20	10	5	0.2000	20	10	pass_mixed_possible_multitemplate
DCFS-1-2-Ro	nifH.fa	997	760	76.2287	47.3390	8	237	23.7713	27	0.5000	20	10	5	0.2000	20	10	pass_mixed_possible_multitemplate
DCFS-1-2-Rh	nifH.fa	997	815	81.7452	1175.6971	805	182	18.2548	23	0.5000	20	10	5	0.2000	20	10	pass_mixed_possible_multitemplate
DCFS-2-2-Rh	nifH.fa	997	817	81.9458	442.5577	647	180	18.0542	1	0.5000	20	10	5	0.2000	20	10	pass_single_dominant
DCFS-2-2-Ro	nifH.fa	997	821	82.3470	253.4694	86	176	17.6530	7	0.4444	20	10	5	0.2000	20	10	pass_single_dominant
DCFS-3-2-No	nifH.fa	997	820	82.2467	2995.4905	3168	177	17.7533	32	0.4449	20	10	5	0.2000	20	10	pass_mixed_possible_multitemplate
DCFS-3-2-Rh	nifH.fa	997	695	69.7091	547.1444	9	302	30.2909	14	0.4972	20	10	5	0.2000	20	10	pass_mixed_possible_multitemplate
DCFS-3-2-Ro	nifH.fa	997	752	75.4263	16.2798	16	245	24.5737	11	0.5000	20	10	5	0.2000	20	10	pass_mixed_possible_multitemplate
DCFS-2-2-No	nifH.fa	997	821	82.3470	5024.9539	7496	176	17.6530	10	0.4762	20	10	5	0.2000	20	10	pass_single_dominant
DCFS-4-Rh	nifH.fa	997	833	83.5507	699.4734	205	164	16.4493	80	0.4892	20	10	5	0.2000	20	10	pass_mixed_possible_multitemplate
DCFS-4-Ro	nifH.fa	997	833	83.5507	623.2889	580	164	16.4493	63	0.4889	20	10	5	0.2000	20	10	pass_mixed_possible_multitemplate
DCFS-5-1-No	nifH.fa	997	833	83.5507	4997.1304	7293	164	16.4493	13	0.4615	20	10	5	0.2000	20	10	pass_mixed_possible_multitemplate
DCFS-5-1-Rh	nifH.fa	997	833	83.5507	1714.2718	765	164	16.4493	24	0.5000	20	10	5	0.2000	20	10	pass_mixed_possible_multitemplate
DCFS-5-1-Ro	nifH.fa	997	833	83.5507	265.4835	146	164	16.4493	69	0.4975	20	10	5	0.2000	20	10	pass_mixed_possible_multitemplate
DCFS-6-1-No	nifH.fa	997	832	83.4504	5023.3852	7472	165	16.5496	13	0.5000	20	10	5	0.2000	20	10	pass_mixed_possible_multitemplate
DCFS-6-1-Rh	nifH.fa	997	833	83.5507	457.7172	161	164	16.4493	49	0.5000	20	10	5	0.2000	20	10	pass_mixed_possible_multitemplate
DCFS-6-1-Ro	nifH.fa	997	832	83.4504	43.9599	30	165	16.5496	102	0.5000	20	10	5	0.2000	20	10	pass_mixed_possible_multitemplate
DCFS-7-1-No	nifH.fa	997	833	83.5507	437.3480	355	164	16.4493	36	0.4921	20	10	5	0.2000	20	10	pass_mixed_possible_multitemplate
DCFS-7-1-Rh	nifH.fa	997	825	82.7482	1274.1675	232	172	17.2518	12	0.5000	20	10	5	0.2000	20	10	pass_mixed_possible_multitemplate
DCFS-7-1-Ro	nifH.fa	997	822	82.4473	19.7161	23	175	17.5527	88	0.5000	20	10	5	0.2000	20	10	pass_mixed_possible_multitemplate
DCFS-8-1-No	nifH.fa	997	831	83.3501	4810.4524	6955	166	16.6499	8	0.4783	20	10	5	0.2000	20	10	pass_single_dominant
DCFS-8-1-Rh	nifH.fa	997	833	83.5507	534.0211	208	164	16.4493	37	0.5000	20	10	5	0.2000	20	10	pass_mixed_possible_multitemplate
DCFS-8-1-Ro	nifH.fa	997	832	83.4504	43.5838	32	165	16.5496	92	0.5000	20	10	5	0.2000	20	10	pass_mixed_possible_multitemplate
DEJU-10-1-No	nifH.fa	997	832	83.4504	23.3962	16	165	16.5496	55	0.5000	20	10	5	0.2000	20	10	pass_mixed_possible_multitemplate
DEJU-10-1-Rh	nifH.fa	997	698	70.0100	2788.1394	1017	299	29.9900	3	0.4233	20	10	5	0.2000	20	10	pass_single_dominant
DEJU-10-1-Ro	nifH.fa	997	675	67.7031	496.4283	2	322	32.2969	0	0.5000	20	10	5	0.2000	20	10	pass_single_dominant
DEJU-11-1-No	nifH.fa	997	827	82.9488	35.8867	31	170	17.0512	39	0.4776	20	10	5	0.2000	20	10	pass_mixed_possible_multitemplate
DEJU-11-1-Rh	nifH.fa	997	673	67.5025	113.9880	3	324	32.4975	0	0.4286	20	10	5	0.2000	20	10	pass_single_dominant
DEJU-11-1-Ro	nifH.fa	997	821	82.3470	32.2066	35	176	17.6530	19	0.5000	20	10	5	0.2000	20	10	pass_mixed_possible_multitemplate
DCFS-4-No	nifH.fa	997	832	83.4504	6190.6289	7915	165	16.5496	55	0.4165	20	10	5	0.2000	20	10	pass_mixed_possible_multitemplate
DEJU-1-1-Rh	nifH.fa	997	695	69.7091	226.4263	79	302	30.2909	28	0.4964	20	10	5	0.2000	20	10	pass_mixed_possible_multitemplate
DEJU-12-1-No	nifH.fa	997	710	71.2136	103.0963	5	287	28.7864	7	0.5000	20	10	5	0.2000	20	10	pass_single_dominant
DEJU-1-1-No	nifH.fa	997	828	83.0491	2515.9629	6	169	16.9509	0	0.5000	20	10	5	0.2000	20	10	pass_single_dominant
DEJU-12-1-Rh	nifH.fa	997	791	79.3380	1557.9649	476	206	20.6620	14	0.5000	20	10	5	0.2000	20	10	pass_mixed_possible_multitemplate
DEJU-12-1-Ro	nifH.fa	997	685	68.7061	56.1966	7	312	31.2939	13	0.5000	20	10	5	0.2000	20	10	pass_mixed_possible_multitemplate
DEJU-13-1-Ro	nifH.fa	997	653	65.4965	17.8526	1	344	34.5035	14	0.5000	20	10	5	0.2000	20	10	pass_mixed_possible_multitemplate
DEJU-16-1-No	nifH.fa	997	700	70.2106	10.2347	2	297	29.7894	5	0.5000	20	10	5	0.2000	20	10	pass_single_dominant
DEJU-16-1-Rh	nifH.fa	997	660	66.1986	46.4203	3	337	33.8014	11	0.5000	20	10	5	0.2000	20	10	pass_mixed_possible_multitemplate
DEJU-13-1-No	nifH.fa	997	622	62.3872	2328.5286	1	375	37.6128	0	0.5000	20	10	5	0.2000	20	10	pass_single_dominant
DEJU-16-2-Rh	nifH.fa	997	672	67.4022	112.7182	52	325	32.5978	43	0.4976	20	10	5	0.2000	20	10	pass_mixed_possible_multitemplate
DEJU-16-1-Ro	nifH.fa	997	647	64.8947	798.0050	6	350	35.1053	10	0.5000	20	10	5	0.2000	20	10	pass_single_dominant
DEJU-18-1-No	nifH.fa	997	833	83.5507	20.0100	11	164	16.4493	49	0.5000	20	10	5	0.2000	20	10	pass_mixed_possible_multitemplate
DEJU-18-1-Rh	nifH.fa	997	658	65.9980	87.4794	5	339	34.0020	11	0.5000	20	10	5	0.2000	20	10	pass_mixed_possible_multitemplate
DEJU-19-1-Rh	nifH.fa	997	661	66.2989	19.0832	4	336	33.7011	35	0.4792	20	10	5	0.2000	20	10	pass_mixed_possible_multitemplate
DEJU-19-1-Ro	nifH.fa	997	600	60.1805	83.5838	1	397	39.8195	0	0.5000	20	10	5	0.2000	20	10	pass_single_dominant
DEJU-17-1-Rh	nifH.fa	997	606	60.7823	1405.1575	1	391	39.2177	0	0.5000	20	10	5	0.2000	20	10	pass_single_dominant
DEJU-20-1-No	nifH.fa	997	808	81.0431	13.2748	10	189	18.9569	38	0.5000	20	10	5	0.2000	20	10	pass_mixed_possible_multitemplate
DEJU-20-1-Rh	nifH.fa	997	603	60.4814	28.4483	6	394	39.5186	13	0.5000	20	10	5	0.2000	20	10	pass_mixed_possible_multitemplate
DEJU-20-1-Ro	nifH.fa	997	672	67.4022	15.8345	2	325	32.5978	28	0.5000	20	10	5	0.2000	20	10	pass_mixed_possible_multitemplate
DEJU-21-1-No	nifH.fa	997	750	75.2257	18.6369	2	247	24.7743	35	0.5000	20	10	5	0.2000	20	10	pass_mixed_possible_multitemplate
DEJU-21-1-Rh	nifH.fa	997	761	76.3290	35.7713	8	236	23.6710	22	0.5000	20	10	5	0.2000	20	10	pass_mixed_possible_multitemplate
DEJU-22-1-No	nifH.fa	997	666	66.8004	10.9478	2	331	33.1996	36	0.4884	20	10	5	0.2000	20	10	pass_mixed_possible_multitemplate
DEJU-22-1-Rh	nifH.fa	997	804	80.6419	20.5537	12	193	19.3581	31	0.5000	20	10	5	0.2000	20	10	pass_mixed_possible_multitemplate
DEJU-24-1-No	nifH.fa	997	679	68.1043	22.1595	3	318	31.8957	9	0.5000	20	10	5	0.2000	20	10	pass_single_dominant
DEJU-23-1-No	nifH.fa	997	777	77.9338	10.2477	7	220	22.0662	8	0.5000	20	10	5	0.2000	20	10	pass_single_dominant
DEJU-27-No	nifH.fa	997	765	76.7302	71.4453	4	232	23.2698	5	0.5000	20	10	5	0.2000	20	10	pass_single_dominant
DEJU-28-1-Rh	nifH.fa	997	622	62.3872	29.7051	9	375	37.6128	23	0.4848	20	10	5	0.2000	20	10	pass_mixed_possible_multitemplate
DEJU-28-2-No	nifH.fa	997	823	82.5476	15.6981	10	174	17.4524	29	0.5000	20	10	5	0.2000	20	10	pass_mixed_possible_multitemplate
DEJU-26-Rh	nifH.fa	997	749	75.1254	1229.2909	872	248	24.8746	3	0.4286	20	10	5	0.2000	20	10	pass_single_dominant
DEJU-28-2-Rh	nifH.fa	997	613	61.4845	456.1815	2	384	38.5155	21	0.5000	20	10	5	0.2000	20	10	pass_mixed_possible_multitemplate
DEJU-29-1-No	nifH.fa	997	795	79.7392	18.5827	16	202	20.2608	49	0.5000	20	10	5	0.2000	20	10	pass_mixed_possible_multitemplate
DEJU-28-2-Ro	nifH.fa	997	687	68.9067	229.5085	2	310	31.0933	14	0.5000	20	10	5	0.2000	20	10	pass_mixed_possible_multitemplate
DEJU-29-1-Rh	nifH.fa	997	797	79.9398	25.1404	8	200	20.0602	24	0.5000	20	10	5	0.2000	20	10	pass_mixed_possible_multitemplate
DEJU-29-2-Rh	nifH.fa	997	747	74.9248	144.7442	74	250	25.0752	28	0.4987	20	10	5	0.2000	20	10	pass_mixed_possible_multitemplate
DEJU-2-Rh	nifH.fa	997	677	67.9037	63.4514	3	320	32.0963	3	0.5000	20	10	5	0.2000	20	10	pass_single_dominant
DEJU-2-Ro	nifH.fa	997	701	70.3109	305.9860	3	296	29.6891	0	0.5000	20	10	5	0.2000	20	10	pass_single_dominant
DEJU-30-No	nifH.fa	997	779	78.1344	17.3741	8	218	21.8656	40	0.5000	20	10	5	0.2000	20	10	pass_mixed_possible_multitemplate
DEJU-30-Rh	nifH.fa	997	771	77.3320	132.9880	75	226	22.6680	15	0.5000	20	10	5	0.2000	20	10	pass_mixed_possible_multitemplate
DEJU-30-Ro	nifH.fa	997	686	68.8064	47.1264	30	311	31.1936	17	0.5000	20	10	5	0.2000	20	10	pass_mixed_possible_multitemplate
DEJU-3-1-No	nifH.fa	997	808	81.0431	2325.7633	6	189	18.9569	0	0.5000	20	10	5	0.2000	20	10	pass_single_dominant
DEJU-2-No	nifH.fa	997	761	76.3290	2606.2578	11	236	23.6710	5	0.5000	20	10	5	0.2000	20	10	pass_single_dominant
DEJU-3-1-Rh	nifH.fa	997	835	83.7513	47.6810	18	162	16.2487	35	0.5000	20	10	5	0.2000	20	10	pass_mixed_possible_multitemplate
DEJU-31-Rh	nifH.fa	997	730	73.2197	79.4092	10	267	26.7803	42	0.5000	20	10	5	0.2000	20	10	pass_mixed_possible_multitemplate
DEJU-3-1-Ro	nifH.fa	997	833	83.5507	71.8415	50	164	16.4493	37	0.5000	20	10	5	0.2000	20	10	pass_mixed_possible_multitemplate
DEJU-31-Ro	nifH.fa	997	696	69.8094	121.2447	107	301	30.1906	45	0.4970	20	10	5	0.2000	20	10	pass_mixed_possible_multitemplate
DEJU-32-No	nifH.fa	997	788	79.0371	48.0893	34	209	20.9629	17	0.5000	20	10	5	0.2000	20	10	pass_mixed_possible_multitemplate
DEJU-32-Rh	nifH.fa	997	680	68.2046	58.6219	15	317	31.7954	21	0.5000	20	10	5	0.2000	20	10	pass_mixed_possible_multitemplate
DEJU-32-Ro	nifH.fa	997	816	81.8455	1795.3611	1096	181	18.1545	13	0.4632	20	10	5	0.2000	20	10	pass_mixed_possible_multitemplate
DEJU-33-No	nifH.fa	997	679	68.1043	20.0762	9	318	31.8957	48	0.5000	20	10	5	0.2000	20	10	pass_mixed_possible_multitemplate
DEJU-31-No	nifH.fa	997	711	71.3139	2209.2588	76	286	28.6861	21	0.5000	20	10	5	0.2000	20	10	pass_mixed_possible_multitemplate
DEJU-33-Rh	nifH.fa	997	656	65.7974	15.2317	2	341	34.2026	20	0.5000	20	10	5	0.2000	20	10	pass_mixed_possible_multitemplate
DEJU-33-Ro	nifH.fa	997	700	70.2106	46.4122	6	297	29.7894	9	0.5000	20	10	5	0.2000	20	10	pass_single_dominant
DEJU-34-No	nifH.fa	997	787	78.9368	15.2407	7	210	21.0632	38	0.5000	20	10	5	0.2000	20	10	pass_mixed_possible_multitemplate
DEJU-34-Rh	nifH.fa	997	787	78.9368	55.3340	7	210	21.0632	21	0.5000	20	10	5	0.2000	20	10	pass_mixed_possible_multitemplate
DEJU-34-Ro	nifH.fa	997	640	64.1926	143.9860	3	357	35.8074	2	0.3333	20	10	5	0.2000	20	10	pass_single_dominant
DEJU-35-Rh	nifH.fa	997	739	74.1224	29.8054	22	258	25.8776	33	0.5000	20	10	5	0.2000	20	10	pass_mixed_possible_multitemplate
DEJU-35-No	nifH.fa	997	609	61.0832	23.3019	4	388	38.9168	39	0.5000	20	10	5	0.2000	20	10	pass_mixed_possible_multitemplate
DEJU-35-Ro	nifH.fa	997	737	73.9218	17.8716	13	260	26.0782	30	0.4894	20	10	5	0.2000	20	10	pass_mixed_possible_multitemplate
DEJU-36-Rh	nifH.fa	997	704	70.6118	450.8867	144	293	29.3882	13	0.4806	20	10	5	0.2000	20	10	pass_mixed_possible_multitemplate
DEJU-36-No	nifH.fa	997	738	74.0221	2596.4835	12	259	25.9779	0	0.5000	20	10	5	0.2000	20	10	pass_single_dominant
DEJU-36-Ro	nifH.fa	997	700	70.2106	3506.7182	2724	297	29.7894	10	0.4655	20	10	5	0.2000	20	10	pass_single_dominant
DEJU-37-Rh	nifH.fa	997	649	65.0953	689.7131	329	348	34.9047	13	0.4595	20	10	5	0.2000	20	10	pass_mixed_possible_multitemplate
DEJU-37-Ro	nifH.fa	997	702	70.4112	226.3410	98	295	29.5888	13	0.4991	20	10	5	0.2000	20	10	pass_mixed_possible_multitemplate
DEJU-37-No	nifH.fa	997	810	81.2437	2669.5507	17	187	18.7563	3	0.5000	20	10	5	0.2000	20	10	pass_single_dominant
DEJU-38-Rh	nifH.fa	997	813	81.5446	780.6971	366	184	18.4554	21	0.4872	20	10	5	0.2000	20	10	pass_mixed_possible_multitemplate
DEJU-38-Ro	nifH.fa	997	683	68.5055	6.4453	1	314	31.4945	24	0.5000	20	10	5	0.2000	20	10	pass_mixed_possible_multitemplate
DEJU-38-No	nifH.fa	997	707	70.9127	2614.6650	13	290	29.0873	8	0.5000	20	10	5	0.2000	20	10	pass_single_dominant
DEJU-39-Rh	nifH.fa	997	646	64.7944	10.6048	9	351	35.2056	6	0.5000	20	10	5	0.2000	20	10	pass_single_dominant
DEJU-39-Ro	nifH.fa	997	834	83.6510	47.1645	39	163	16.3490	11	0.5000	20	10	5	0.2000	20	10	pass_mixed_possible_multitemplate
DEJU-40-No	nifH.fa	997	820	82.2467	2584.9779	25	177	17.7533	1	0.5000	20	10	5	0.2000	20	10	pass_single_dominant
DEJU-39-No	nifH.fa	997	823	82.5476	2753.3420	33	174	17.4524	5	0.5000	20	10	5	0.2000	20	10	pass_single_dominant
DEJU-40-Rh	nifH.fa	997	755	75.7272	184.8104	123	242	24.2728	46	0.4970	20	10	5	0.2000	20	10	pass_mixed_possible_multitemplate
DEJU-40-Ro	nifH.fa	997	808	81.0431	66.0502	18	189	18.9569	22	0.5000	20	10	5	0.2000	20	10	pass_mixed_possible_multitemplate
DEJU-41-1-Ro	nifH.fa	997	835	83.7513	10.9468	6	162	16.2487	11	0.5000	20	10	5	0.2000	20	10	pass_mixed_possible_multitemplate
DEJU-41-1-Rh	nifH.fa	997	683	68.5055	9.9850	3	314	31.4945	17	0.4688	20	10	5	0.2000	20	10	pass_mixed_possible_multitemplate
DEJU-4-1-No	nifH.fa	997	832	83.4504	39.7793	10	165	16.5496	32	0.5000	20	10	5	0.2000	20	10	pass_mixed_possible_multitemplate
DEJU-4-1-Ro	nifH.fa	997	637	63.8917	16.5908	4	360	36.1083	6	0.5000	20	10	5	0.2000	20	10	pass_single_dominant
DEJU-4-1-Rh	nifH.fa	997	659	66.0983	116.9980	2	338	33.9017	17	0.5000	20	10	5	0.2000	20	10	pass_mixed_possible_multitemplate
DEJU-4-2-No	nifH.fa	997	634	63.5908	9.5687	2	363	36.4092	2	0.5000	20	10	5	0.2000	20	10	pass_single_dominant
DEJU-42-Rh	nifH.fa	997	805	80.7422	28.8867	7	192	19.2578	41	0.5000	20	10	5	0.2000	20	10	pass_mixed_possible_multitemplate
DEJU-42-Ro	nifH.fa	997	830	83.2497	40.0060	10	167	16.7503	30	0.5000	20	10	5	0.2000	20	10	pass_mixed_possible_multitemplate
DEJU-42-No	nifH.fa	997	832	83.4504	2584.9619	18	165	16.5496	8	0.5000	20	10	5	0.2000	20	10	pass_single_dominant
DEJU-43-Rh	nifH.fa	997	720	72.2166	413.6449	192	277	27.7834	12	0.5000	20	10	5	0.2000	20	10	pass_mixed_possible_multitemplate
DEJU-43-No	nifH.fa	997	798	80.0401	2640.3430	11	199	19.9599	0	0.5000	20	10	5	0.2000	20	10	pass_single_dominant
DEJU-43-Ro	nifH.fa	997	698	70.0100	14.2568	5	299	29.9900	17	0.4444	20	10	5	0.2000	20	10	pass_mixed_possible_multitemplate
DEJU-44-Rh	nifH.fa	997	639	64.0923	29.4463	1	358	35.9077	9	0.5000	20	10	5	0.2000	20	10	pass_single_dominant
DEJU-44-Ro	nifH.fa	997	828	83.0491	23.3751	10	169	16.9509	46	0.5000	20	10	5	0.2000	20	10	pass_mixed_possible_multitemplate
DEJU-45-1-No	nifH.fa	997	758	76.0281	2517.6098	10	239	23.9719	0	0.5000	20	10	5	0.2000	20	10	pass_single_dominant
DEJU-45-1-Ro	nifH.fa	997	828	83.0491	30.2477	9	169	16.9509	52	0.5000	20	10	5	0.2000	20	10	pass_mixed_possible_multitemplate
DEJU-44-No	nifH.fa	997	830	83.2497	2878.3831	24	167	16.7503	20	0.5000	20	10	5	0.2000	20	10	pass_mixed_possible_multitemplate
DEJU-46-Ro	nifH.fa	997	828	83.0491	435.2156	6	169	16.9509	1	0.5000	20	10	5	0.2000	20	10	pass_single_dominant
DEJU-47-Ro	nifH.fa	997	617	61.8857	226.2387	21	380	38.1143	10	0.5000	20	10	5	0.2000	20	10	pass_single_dominant
DEJU-48-No	nifH.fa	997	833	83.5507	55.3019	16	164	16.4493	40	0.5000	20	10	5	0.2000	20	10	pass_mixed_possible_multitemplate
DEJU-47-No	nifH.fa	997	833	83.5507	2742.3691	24	164	16.4493	24	0.5000	20	10	5	0.2000	20	10	pass_mixed_possible_multitemplate
DEJU-50-No	nifH.fa	997	827	82.9488	130.4363	53	170	17.0512	51	0.4857	20	10	5	0.2000	20	10	pass_mixed_possible_multitemplate
DEJU-50-Rh	nifH.fa	997	740	74.2227	12.7673	4	257	25.7773	26	0.5000	20	10	5	0.2000	20	10	pass_mixed_possible_multitemplate
DEJU-50-Ro	nifH.fa	997	644	64.5938	14.7693	7	353	35.4062	22	0.5000	20	10	5	0.2000	20	10	pass_mixed_possible_multitemplate
DEJU-51-1-No	nifH.fa	997	688	69.0070	51.6891	6	309	30.9930	35	0.5000	20	10	5	0.2000	20	10	pass_mixed_possible_multitemplate
DEJU-51-1-Rh	nifH.fa	997	811	81.3440	578.3190	206	186	18.6560	47	0.5000	20	10	5	0.2000	20	10	pass_mixed_possible_multitemplate
DEJU-51-1-Ro	nifH.fa	997	657	65.8977	11.6861	1	340	34.1023	0	0.5000	20	10	5	0.2000	20	10	pass_single_dominant
DEJU-5-1-No	nifH.fa	997	708	71.0130	28.3009	10	289	28.9870	39	0.5000	20	10	5	0.2000	20	10	pass_mixed_possible_multitemplate
DEJU-5-1-Rh	nifH.fa	997	710	71.2136	597.7854	10	287	28.7864	11	0.5000	20	10	5	0.2000	20	10	pass_mixed_possible_multitemplate
DEJU-48-Rh	nifH.fa	997	712	71.4142	3874.9829	4937	285	28.5858	9	0.4444	20	10	5	0.2000	20	10	pass_single_dominant
DEJU-52-1-No	nifH.fa	997	828	83.0491	27.8676	13	169	16.9509	24	0.5000	20	10	5	0.2000	20	10	pass_mixed_possible_multitemplate
DEJU-52-1-Ro	nifH.fa	997	643	64.4935	119.2718	3	354	35.5065	0	0.5000	20	10	5	0.2000	20	10	pass_single_dominant
DEJU-5-2-No	nifH.fa	997	595	59.6790	9.9850	1	402	40.3210	3	0.5000	20	10	5	0.2000	20	10	fail_high_N
DEJU-53-No	nifH.fa	997	792	79.4383	26.6028	5	205	20.5617	18	0.5000	20	10	5	0.2000	20	10	pass_mixed_possible_multitemplate
DEJU-53-Rh	nifH.fa	997	788	79.0371	32.5386	22	209	20.9629	70	0.4921	20	10	5	0.2000	20	10	pass_mixed_possible_multitemplate
DEJU-54-No	nifH.fa	997	815	81.7452	45.1575	2	182	18.2548	3	0.5000	20	10	5	0.2000	20	10	pass_single_dominant
DEJU-54-Rh	nifH.fa	997	801	80.3410	74.3149	10	196	19.6590	13	0.4444	20	10	5	0.2000	20	10	pass_mixed_possible_multitemplate
DEJU-54-Ro	nifH.fa	997	795	79.7392	8.9950	9	202	20.2608	5	0.5000	20	10	5	0.2000	20	10	pass_single_dominant
DEJU-55-No	nifH.fa	997	832	83.4504	57.7292	42	165	16.5496	64	0.5000	20	10	5	0.2000	20	10	pass_mixed_possible_multitemplate
DEJU-5-1-Ro	nifH.fa	997	805	80.7422	3620.6891	4702	192	19.2578	33	0.4924	20	10	5	0.2000	20	10	pass_mixed_possible_multitemplate
DEJU-55-Ro	nifH.fa	997	801	80.3410	60.1244	11	196	19.6590	16	0.5000	20	10	5	0.2000	20	10	pass_mixed_possible_multitemplate
DEJU-55-Rh	nifH.fa	997	833	83.5507	469.2558	209	164	16.4493	42	0.5000	20	10	5	0.2000	20	10	pass_mixed_possible_multitemplate
DEJU-56-Rh	nifH.fa	997	779	78.1344	144.6881	85	218	21.8656	29	0.5000	20	10	5	0.2000	20	10	pass_mixed_possible_multitemplate
DEJU-56-Ro	nifH.fa	997	705	70.7121	17.4724	7	292	29.2879	48	0.5000	20	10	5	0.2000	20	10	pass_mixed_possible_multitemplate
DEJU-57-No	nifH.fa	997	832	83.4504	51.9007	51	165	16.5496	80	0.4889	20	10	5	0.2000	20	10	pass_mixed_possible_multitemplate
DEJU-57-Rh	nifH.fa	997	833	83.5507	216.5567	48	164	16.4493	42	0.5000	20	10	5	0.2000	20	10	pass_mixed_possible_multitemplate
DEJU-57-Ro	nifH.fa	997	835	83.7513	18.6409	19	162	16.2487	70	0.5000	20	10	5	0.2000	20	10	pass_mixed_possible_multitemplate
DEJU-58-No	nifH.fa	997	698	70.0100	88.6158	51	299	29.9900	5	0.5000	20	10	5	0.2000	20	10	pass_single_dominant
DEJU-58-Ro	nifH.fa	997	670	67.2016	39.5406	24	327	32.7984	6	0.5000	20	10	5	0.2000	20	10	pass_single_dominant
DEJU-59-No	nifH.fa	997	811	81.3440	37.1334	23	186	18.6560	59	0.4918	20	10	5	0.2000	20	10	pass_mixed_possible_multitemplate
DEJU-58-Rh	nifH.fa	997	805	80.7422	1711.0662	811	192	19.2578	10	0.4925	20	10	5	0.2000	20	10	pass_single_dominant
DEJU-59-Ro	nifH.fa	997	827	82.9488	18.5025	18	170	17.0512	51	0.5000	20	10	5	0.2000	20	10	pass_mixed_possible_multitemplate
DEJU-59-Rh	nifH.fa	997	749	75.1254	2024.5958	7	248	24.8746	32	0.5000	20	10	5	0.2000	20	10	pass_mixed_possible_multitemplate
DEJU-60-Rh	nifH.fa	997	805	80.7422	2645.6289	1787	192	19.2578	8	0.5000	20	10	5	0.2000	20	10	pass_single_dominant
DEJU-60-Ro	nifH.fa	997	830	83.2497	48.2778	17	167	16.7503	22	0.5000	20	10	5	0.2000	20	10	pass_mixed_possible_multitemplate
DEJU-60-No	nifH.fa	997	732	73.4203	2474.9057	10	265	26.5797	4	0.5000	20	10	5	0.2000	20	10	pass_single_dominant
DEJU-6-1-No	nifH.fa	997	833	83.5507	36.7924	11	164	16.4493	37	0.5000	20	10	5	0.2000	20	10	pass_mixed_possible_multitemplate
DEJU-6-1-Ro	nifH.fa	997	780	78.2347	269.9709	2	217	21.7653	3	0.5000	20	10	5	0.2000	20	10	pass_single_dominant
DEJU-62-1-No	nifH.fa	997	833	83.5507	2282.4604	13	164	16.4493	3	0.5000	20	10	5	0.2000	20	10	pass_single_dominant
DEJU-62-1-Ro	nifH.fa	997	597	59.8796	65.6590	3	400	40.1204	26	0.4700	20	10	5	0.2000	20	10	fail_high_N
DEJU-63-No	nifH.fa	997	843	84.5537	2915.0070	20	154	15.4463	17	0.5000	20	10	5	0.2000	20	10	pass_mixed_possible_multitemplate
DEJU-63-Rh	nifH.fa	997	805	80.7422	3001.2538	1771	192	19.2578	15	0.4891	20	10	5	0.2000	20	10	pass_mixed_possible_multitemplate
DEJU-63-Ro	nifH.fa	997	792	79.4383	16.6189	11	205	20.5617	26	0.5000	20	10	5	0.2000	20	10	pass_mixed_possible_multitemplate
DEJU-7-1-No	nifH.fa	997	832	83.4504	40.3982	33	165	16.5496	120	0.5000	20	10	5	0.2000	20	10	pass_mixed_possible_multitemplate
DEJU-7-1-Rh	nifH.fa	997	820	82.2467	436.3270	220	177	17.7533	37	0.4637	20	10	5	0.2000	20	10	pass_mixed_possible_multitemplate
DEJU-7-1-Ro	nifH.fa	997	706	70.8124	777.4032	39	291	29.1876	38	0.4972	20	10	5	0.2000	20	10	pass_mixed_possible_multitemplate
DEJU-8-1-No	nifH.fa	997	671	67.3019	12.2678	8	326	32.6981	52	0.5000	20	10	5	0.2000	20	10	pass_mixed_possible_multitemplate
DEJU-6-1-Rh	nifH.fa	997	756	75.8275	4114.2808	4700	241	24.1725	19	0.4957	20	10	5	0.2000	20	10	pass_mixed_possible_multitemplate
DEJU-8-1-Ro	nifH.fa	997	741	74.3230	14.5587	5	256	25.6770	29	0.5000	20	10	5	0.2000	20	10	pass_mixed_possible_multitemplate
DEJU-8-1-Rh	nifH.fa	997	803	80.5416	979.3450	26	194	19.4584	10	0.5000	20	10	5	0.2000	20	10	pass_single_dominant
DEJU-8-2-Rh	nifH.fa	997	610	61.1836	20.5918	9	387	38.8164	18	0.4737	20	10	5	0.2000	20	10	pass_mixed_possible_multitemplate
DEJU-9-1-No	nifH.fa	997	790	79.2377	80.0231	12	207	20.7623	0	0.5000	20	10	5	0.2000	20	10	pass_single_dominant
DEJU-9-1-Rh	nifH.fa	997	767	76.9308	49.7262	39	230	23.0692	26	0.5000	20	10	5	0.2000	20	10	pass_mixed_possible_multitemplate
DEJU-9-1-Ro	nifH.fa	997	807	80.9428	473.8776	297	190	19.0572	51	0.5000	20	10	5	0.2000	20	10	pass_mixed_possible_multitemplate
DELA-10-2-Rh	nifH.fa	997	725	72.7182	106.5898	22	272	27.2818	43	0.4930	20	10	5	0.2000	20	10	pass_mixed_possible_multitemplate
DELA-10-2-Ro	nifH.fa	997	803	80.5416	74.1013	75	194	19.4584	56	0.5000	20	10	5	0.2000	20	10	pass_mixed_possible_multitemplate
DELA-10-2-No	nifH.fa	997	827	82.9488	3001.8265	1274	170	17.0512	73	0.4915	20	10	5	0.2000	20	10	pass_mixed_possible_multitemplate
DELA-11-3-Rh	nifH.fa	997	784	78.6359	2156.6550	1202	213	21.3641	33	0.4840	20	10	5	0.2000	20	10	pass_mixed_possible_multitemplate
DELA-11-3-Ro	nifH.fa	997	842	84.4534	2371.8826	1825	155	15.5466	44	0.4978	20	10	5	0.2000	20	10	pass_mixed_possible_multitemplate
DELA-12-2-No	nifH.fa	997	838	84.0522	3240.5236	2189	159	15.9478	11	0.5000	20	10	5	0.2000	20	10	pass_mixed_possible_multitemplate
DELA-12-2-Rh	nifH.fa	997	804	80.6419	699.5476	207	193	19.3581	4	0.4480	20	10	5	0.2000	20	10	pass_single_dominant
DELA-12-2-Ro	nifH.fa	997	746	74.8245	362.4082	166	251	25.1755	42	0.4764	20	10	5	0.2000	20	10	pass_mixed_possible_multitemplate
DELA-11-3-No	nifH.fa	997	847	84.9549	4081.4283	5728	150	15.0451	29	0.4839	20	10	5	0.2000	20	10	pass_mixed_possible_multitemplate
DELA-13-1-No	nifH.fa	997	821	82.3470	3582.2317	3674	176	17.6530	60	0.5000	20	10	5	0.2000	20	10	pass_mixed_possible_multitemplate
DELA-13-1-Ro	nifH.fa	997	733	73.5206	57.5908	25	264	26.4794	69	0.5000	20	10	5	0.2000	20	10	pass_mixed_possible_multitemplate
DELA-13-1-Rh	nifH.fa	997	803	80.5416	3330.9609	3665	194	19.4584	65	0.4927	20	10	5	0.2000	20	10	pass_mixed_possible_multitemplate
DELA-1-3-Rh	nifH.fa	997	834	83.6510	5333.5306	7226	163	16.3490	5	0.4256	20	10	5	0.2000	20	10	pass_single_dominant
DELA-1-3-Ro	nifH.fa	997	833	83.5507	2691.7302	1661	164	16.4493	45	0.4783	20	10	5	0.2000	20	10	pass_mixed_possible_multitemplate
DELA-14-2-No	nifH.fa	997	832	83.4504	3681.4142	3794	165	16.5496	13	0.5000	20	10	5	0.2000	20	10	pass_mixed_possible_multitemplate
DELA-14-2-Rh	nifH.fa	997	827	82.9488	4366.1484	5750	170	17.0512	24	0.4724	20	10	5	0.2000	20	10	pass_mixed_possible_multitemplate
DELA-14-2-Ro	nifH.fa	997	833	83.5507	4113.4413	4514	164	16.4493	31	0.4704	20	10	5	0.2000	20	10	pass_mixed_possible_multitemplate
DELA-15-1-No	nifH.fa	997	835	83.7513	3087.3029	3316	162	16.2487	81	0.5000	20	10	5	0.2000	20	10	pass_mixed_possible_multitemplate
DELA-15-1-Rh	nifH.fa	997	832	83.4504	3422.6820	3785	165	16.5496	80	0.4877	20	10	5	0.2000	20	10	pass_mixed_possible_multitemplate
DELA-15-1-Ro	nifH.fa	997	832	83.4504	897.7342	712	165	16.5496	69	0.4933	20	10	5	0.2000	20	10	pass_mixed_possible_multitemplate
DELA-1-3-No	nifH.fa	997	832	83.4504	5442.8887	7817	165	16.5496	0	0.5000	20	10	5	0.2000	20	10	pass_single_dominant
DELA-16-No	nifH.fa	997	827	82.9488	2965.2367	43	170	17.0512	54	0.4872	20	10	5	0.2000	20	10	pass_mixed_possible_multitemplate
DELA-16-Rh	nifH.fa	997	768	77.0311	1570.6048	1071	229	22.9689	16	0.4956	20	10	5	0.2000	20	10	pass_mixed_possible_multitemplate
DELA-16-Ro	nifH.fa	997	804	80.6419	2358.2728	1098	193	19.3581	15	0.5000	20	10	5	0.2000	20	10	pass_mixed_possible_multitemplate
DELA-17-1-Ro	nifH.fa	997	814	81.6449	1646.5787	605	183	18.3551	25	0.4989	20	10	5	0.2000	20	10	pass_mixed_possible_multitemplate
DELA-17-1-No	nifH.fa	997	834	83.6510	3001.2377	1613	163	16.3490	52	0.5000	20	10	5	0.2000	20	10	pass_mixed_possible_multitemplate
DELA-18-2-Rh	nifH.fa	997	828	83.0491	2715.3260	2576	169	16.9509	89	0.4950	20	10	5	0.2000	20	10	pass_mixed_possible_multitemplate
DELA-18-2-Ro	nifH.fa	997	829	83.1494	233.4213	199	168	16.8506	50	0.4922	20	10	5	0.2000	20	10	pass_mixed_possible_multitemplate
DELA-19-1-No	nifH.fa	997	841	84.3531	2747.0853	1797	156	15.6469	35	0.5000	20	10	5	0.2000	20	10	pass_mixed_possible_multitemplate
DELA-19-1-Rh	nifH.fa	997	824	82.6479	2057.9990	1123	173	17.3521	24	0.4968	20	10	5	0.2000	20	10	pass_mixed_possible_multitemplate
DELA-19-1-Ro	nifH.fa	997	835	83.7513	1753.7192	1018	162	16.2487	20	0.5000	20	10	5	0.2000	20	10	pass_mixed_possible_multitemplate
DELA-20-1-No	nifH.fa	997	832	83.4504	1890.8385	408	165	16.5496	57	0.4959	20	10	5	0.2000	20	10	pass_mixed_possible_multitemplate
DELA-20-1-Rh	nifH.fa	997	839	84.1525	2815.2528	2978	158	15.8475	65	0.4782	20	10	5	0.2000	20	10	pass_mixed_possible_multitemplate
DELA-20-1-Ro	nifH.fa	997	833	83.5507	2827.5577	2771	164	16.4493	80	0.5000	20	10	5	0.2000	20	10	pass_mixed_possible_multitemplate
DELA-18-2-No	nifH.fa	997	830	83.2497	3887.5888	3240	167	16.7503	60	0.5000	20	10	5	0.2000	20	10	pass_mixed_possible_multitemplate
DELA-21-1-Rh	nifH.fa	997	754	75.6269	2855.9448	2407	243	24.3731	25	0.4980	20	10	5	0.2000	20	10	pass_mixed_possible_multitemplate
DELA-21-1-No	nifH.fa	997	814	81.6449	3751.7663	3848	183	18.3551	7	0.3333	20	10	5	0.2000	20	10	pass_single_dominant
DELA-21-1-Ro	nifH.fa	997	802	80.4413	2940.7713	1527	195	19.5587	11	0.4960	20	10	5	0.2000	20	10	pass_mixed_possible_multitemplate
DELA-22-1-No	nifH.fa	997	834	83.6510	2765.9960	1325	163	16.3490	21	0.4862	20	10	5	0.2000	20	10	pass_mixed_possible_multitemplate
DELA-22-1-Ro	nifH.fa	997	805	80.7422	51.8335	32	192	19.2578	56	0.5000	20	10	5	0.2000	20	10	pass_mixed_possible_multitemplate
DELA-2-2-No	nifH.fa	997	800	80.2407	826.2648	11	197	19.7593	4	0.4695	20	10	5	0.2000	20	10	pass_single_dominant
DELA-22-1-Rh	nifH.fa	997	834	83.6510	2134.2758	1630	163	16.3490	25	0.5000	20	10	5	0.2000	20	10	pass_mixed_possible_multitemplate
DELA-2-2-Ro	nifH.fa	997	816	81.8455	54.4443	6	181	18.1545	23	0.5000	20	10	5	0.2000	20	10	pass_mixed_possible_multitemplate
DELA-2-2-Rh	nifH.fa	997	830	83.2497	1087.6158	699	167	16.7503	43	0.5000	20	10	5	0.2000	20	10	pass_mixed_possible_multitemplate
DELA-23-2-Rh	nifH.fa	997	800	80.2407	2148.7222	1626	197	19.7593	13	0.4834	20	10	5	0.2000	20	10	pass_mixed_possible_multitemplate
DELA-23-2-Ro	nifH.fa	997	825	82.7482	646.8305	347	172	17.2518	49	0.4615	20	10	5	0.2000	20	10	pass_mixed_possible_multitemplate
DELA-24-1-No	nifH.fa	997	832	83.4504	3118.9127	2508	165	16.5496	38	0.5000	20	10	5	0.2000	20	10	pass_mixed_possible_multitemplate
DELA-23-2-No	nifH.fa	997	832	83.4504	3561.9840	2583	165	16.5496	28	0.4769	20	10	5	0.2000	20	10	pass_mixed_possible_multitemplate
DELA-24-1-Ro	nifH.fa	997	749	75.1254	148.5838	130	248	24.8746	48	0.4967	20	10	5	0.2000	20	10	pass_mixed_possible_multitemplate
DELA-24-1-Rh	nifH.fa	997	833	83.5507	1842.7472	1368	164	16.4493	80	0.4962	20	10	5	0.2000	20	10	pass_mixed_possible_multitemplate
DELA-25-2-Rh	nifH.fa	997	682	68.4052	519.0632	1	315	31.5948	16	0.5000	20	10	5	0.2000	20	10	pass_mixed_possible_multitemplate
DELA-25-2-Ro	nifH.fa	997	824	82.6479	11.7312	8	173	17.3521	30	0.5000	20	10	5	0.2000	20	10	pass_mixed_possible_multitemplate
DELA-25-2-No	nifH.fa	997	668	67.0010	3614.9188	2127	329	32.9990	0	0.2857	20	10	5	0.2000	20	10	pass_single_dominant
DELA-26-3-No	nifH.fa	997	831	83.3501	5813.9228	7815	166	16.6499	21	0.4654	20	10	5	0.2000	20	10	pass_mixed_possible_multitemplate
DELA-26-3-Ro	nifH.fa	997	829	83.1494	876.4935	914	168	16.8506	4	0.4274	20	10	5	0.2000	20	10	pass_single_dominant
DELA-26-3-Rh	nifH.fa	997	836	83.8516	5557.4694	7345	161	16.1484	15	0.3555	20	10	5	0.2000	20	10	pass_mixed_possible_multitemplate
DELA-27-3-Rh	nifH.fa	997	841	84.3531	1445.2859	603	156	15.6469	67	0.4652	20	10	5	0.2000	20	10	pass_mixed_possible_multitemplate
DELA-27-3-Ro	nifH.fa	997	800	80.2407	191.4293	59	197	19.7593	19	0.5000	20	10	5	0.2000	20	10	pass_mixed_possible_multitemplate
DELA-28-No	nifH.fa	997	842	84.4534	3319.9559	823	155	15.5466	6	0.4459	20	10	5	0.2000	20	10	pass_single_dominant
DELA-28-Rh	nifH.fa	997	834	83.6510	1149.7262	810	163	16.3490	75	0.4909	20	10	5	0.2000	20	10	pass_mixed_possible_multitemplate
DELA-28-Ro	nifH.fa	997	836	83.8516	408.7412	240	161	16.1484	75	0.5000	20	10	5	0.2000	20	10	pass_mixed_possible_multitemplate
DELA-27-3-No	nifH.fa	997	832	83.4504	5818.5797	7648	165	16.5496	0	0.2500	20	10	5	0.2000	20	10	pass_single_dominant
DELA-29-1-No	nifH.fa	997	833	83.5507	5488.8857	7634	164	16.4493	39	0.4782	20	10	5	0.2000	20	10	pass_mixed_possible_multitemplate
DELA-29-1-Ro	nifH.fa	997	831	83.3501	66.2849	33	166	16.6499	48	0.5000	20	10	5	0.2000	20	10	pass_mixed_possible_multitemplate
DELA-30-2-No	nifH.fa	997	792	79.4383	395.0371	187	205	20.5617	40	0.5000	20	10	5	0.2000	20	10	pass_mixed_possible_multitemplate
DELA-30-2-Rh	nifH.fa	997	833	83.5507	1424.2086	547	164	16.4493	52	0.5000	20	10	5	0.2000	20	10	pass_mixed_possible_multitemplate
DELA-30-2-Ro	nifH.fa	997	833	83.5507	1723.1083	454	164	16.4493	22	0.5000	20	10	5	0.2000	20	10	pass_mixed_possible_multitemplate
DELA-31-1-No	nifH.fa	997	842	84.4534	3832.7703	5046	155	15.5466	42	0.4720	20	10	5	0.2000	20	10	pass_mixed_possible_multitemplate
DELA-31-1-Rh	nifH.fa	997	834	83.6510	2134.7793	949	163	16.3490	97	0.4887	20	10	5	0.2000	20	10	pass_mixed_possible_multitemplate
DELA-31-1-Ro	nifH.fa	997	842	84.4534	48.1635	28	155	15.5466	94	0.5000	20	10	5	0.2000	20	10	pass_mixed_possible_multitemplate
DELA-32-1-No	nifH.fa	997	832	83.4504	5766.0010	7614	165	16.5496	7	0.4545	20	10	5	0.2000	20	10	pass_single_dominant
DELA-32-1-Rh	nifH.fa	997	744	74.6239	461.7763	1	253	25.3761	4	0.5000	20	10	5	0.2000	20	10	pass_single_dominant
DELA-32-1-Ro	nifH.fa	997	832	83.4504	881.4544	385	165	16.5496	95	0.5000	20	10	5	0.2000	20	10	pass_mixed_possible_multitemplate
DELA-33-1-No	nifH.fa	997	724	72.6179	3750.7362	2933	273	27.3821	10	0.4629	20	10	5	0.2000	20	10	pass_single_dominant
DELA-33-1-Rh	nifH.fa	997	831	83.3501	1149.0100	862	166	16.6499	38	0.5000	20	10	5	0.2000	20	10	pass_mixed_possible_multitemplate
DELA-33-1-Ro	nifH.fa	997	833	83.5507	2729.3761	1758	164	16.4493	21	0.5000	20	10	5	0.2000	20	10	pass_mixed_possible_multitemplate
DELA-29-1-Rh	nifH.fa	997	846	84.8546	5583.5627	7558	151	15.1454	20	0.4955	20	10	5	0.2000	20	10	pass_mixed_possible_multitemplate
DELA-3-3-No	nifH.fa	997	834	83.6510	3761.1876	3495	163	16.3490	18	0.4643	20	10	5	0.2000	20	10	pass_mixed_possible_multitemplate
DELA-3-3-Ro	nifH.fa	997	835	83.7513	2209.5065	921	162	16.2487	57	0.4673	20	10	5	0.2000	20	10	pass_mixed_possible_multitemplate
DELA-3-3-Rh	nifH.fa	997	836	83.8516	3710.3350	3198	161	16.1484	44	0.4800	20	10	5	0.2000	20	10	pass_mixed_possible_multitemplate
DELA-4-1-Rh	nifH.fa	997	622	62.3872	436.7212	3	375	37.6128	9	0.5000	20	10	5	0.2000	20	10	pass_single_dominant
DELA-4-1-Ro	nifH.fa	997	799	80.1404	527.3521	182	198	19.8596	22	0.4740	20	10	5	0.2000	20	10	pass_mixed_possible_multitemplate
DELA-4-1-No	nifH.fa	997	810	81.2437	2973.1023	690	187	18.7563	5	0.4851	20	10	5	0.2000	20	10	pass_single_dominant
DELA-5-1-No	nifH.fa	997	832	83.4504	2645.8195	44	165	16.5496	25	0.4545	20	10	5	0.2000	20	10	pass_mixed_possible_multitemplate
DELA-5-1-Ro	nifH.fa	997	780	78.2347	363.2959	137	217	21.7653	16	0.4885	20	10	5	0.2000	20	10	pass_mixed_possible_multitemplate
DELA-5-1-Rh	nifH.fa	997	725	72.7182	1746.3380	1019	272	27.2818	10	0.4837	20	10	5	0.2000	20	10	pass_single_dominant
DELA-6-3-No	nifH.fa	997	804	80.6419	1828.0832	21	193	19.3581	3	0.5000	20	10	5	0.2000	20	10	pass_single_dominant
DELA-6-3-Rh	nifH.fa	997	715	71.7151	2750.1825	1739	282	28.2849	14	0.4927	20	10	5	0.2000	20	10	pass_mixed_possible_multitemplate
DELA-6-3-Ro	nifH.fa	997	833	83.5507	2415.7292	1294	164	16.4493	21	0.5000	20	10	5	0.2000	20	10	pass_mixed_possible_multitemplate
DELA-7-3-Rh	nifH.fa	997	746	74.8245	2075.5687	917	251	25.1755	13	0.5000	20	10	5	0.2000	20	10	pass_mixed_possible_multitemplate
DELA-7-3-Ro	nifH.fa	997	739	74.1224	2190.1815	854	258	25.8776	16	0.4618	20	10	5	0.2000	20	10	pass_mixed_possible_multitemplate
DELA-7-3-No	nifH.fa	997	833	83.5507	3567.7252	2292	164	16.4493	2	0.5000	20	10	5	0.2000	20	10	pass_single_dominant
DELA-8-2-Rh	nifH.fa	997	798	80.0401	208.1294	109	199	19.9599	4	0.5000	20	10	5	0.2000	20	10	pass_single_dominant
DELA-8-2-Ro	nifH.fa	997	833	83.5507	515.6640	67	164	16.4493	21	0.4706	20	10	5	0.2000	20	10	pass_mixed_possible_multitemplate
DELA-9-1-No	nifH.fa	997	817	81.9458	5007.2477	6865	180	18.0542	0	0.1875	20	10	5	0.2000	20	10	pass_single_dominant
DELA-9-1-Rh	nifH.fa	997	764	76.6299	9.5486	7	233	23.3701	18	0.5000	20	10	5	0.2000	20	10	pass_mixed_possible_multitemplate
DELA-9-1-Ro	nifH.fa	997	845	84.7543	38.0040	29	152	15.2457	69	0.5000	20	10	5	0.2000	20	10	pass_mixed_possible_multitemplate
DELA-8-2-No	nifH.fa	997	749	75.1254	3628.2076	3075	248	24.8746	1	0.4615	20	10	5	0.2000	20	10	pass_single_dominant
DSNY-101-1-Rh	nifH.fa	997	836	83.8516	2151.3109	1216	161	16.1484	39	0.4838	20	10	5	0.2000	20	10	pass_mixed_possible_multitemplate
DSNY-10-3-No	nifH.fa	997	820	82.2467	3368.0532	309	177	17.7533	1	0.5000	20	10	5	0.2000	20	10	pass_single_dominant
DSNY-10-3-Rh	nifH.fa	997	803	80.5416	248.6429	11	194	19.4584	1	0.5000	20	10	5	0.2000	20	10	pass_single_dominant
DSNY-101-1-No	nifH.fa	997	799	80.1404	2792.4102	285	198	19.8596	2	0.5000	20	10	5	0.2000	20	10	pass_single_dominant
DSNY-10-3-Ro	nifH.fa	997	742	74.4233	225.1755	177	255	25.5767	1	0.5000	20	10	5	0.2000	20	10	pass_single_dominant
DSNY-11-3-Ro	nifH.fa	997	729	73.1194	52.8255	4	268	26.8806	0	0.5000	20	10	5	0.2000	20	10	pass_single_dominant
DSNY-12-2-No	nifH.fa	997	848	85.0552	2178.9589	63	149	14.9448	72	0.5000	20	10	5	0.2000	20	10	pass_mixed_possible_multitemplate
DSNY-12-2-Ro	nifH.fa	997	836	83.8516	331.7723	208	161	16.1484	111	0.4926	20	10	5	0.2000	20	10	pass_mixed_possible_multitemplate
DSNY-13-1-No	nifH.fa	997	836	83.8516	2011.5817	34	161	16.1484	26	0.5000	20	10	5	0.2000	20	10	pass_mixed_possible_multitemplate
DSNY-13-1-Rh	nifH.fa	997	834	83.6510	568.6600	233	163	16.3490	46	0.5000	20	10	5	0.2000	20	10	pass_mixed_possible_multitemplate
DSNY-13-1-Ro	nifH.fa	997	804	80.6419	87.0993	35	193	19.3581	42	0.4924	20	10	5	0.2000	20	10	pass_mixed_possible_multitemplate
DSNY-14-1-No	nifH.fa	997	831	83.3501	2798.0020	1398	166	16.6499	22	0.5000	20	10	5	0.2000	20	10	pass_mixed_possible_multitemplate
DSNY-11-3-No	nifH.fa	997	820	82.2467	3224.1174	96	177	17.7533	35	0.5000	20	10	5	0.2000	20	10	pass_mixed_possible_multitemplate
DSNY-14-1-Rh	nifH.fa	997	829	83.1494	1200.2207	73	168	16.8506	58	0.5000	20	10	5	0.2000	20	10	pass_mixed_possible_multitemplate
DSNY-14-1-Ro	nifH.fa	997	773	77.5326	699.9549	42	224	22.4674	53	0.5000	20	10	5	0.2000	20	10	pass_mixed_possible_multitemplate
DSNY-15-1-Rh	nifH.fa	997	827	82.9488	27.4514	5	170	17.0512	7	0.5000	20	10	5	0.2000	20	10	pass_single_dominant
DSNY-15-1-No	nifH.fa	997	828	83.0491	58.7793	51	169	16.9509	79	0.4836	20	10	5	0.2000	20	10	pass_mixed_possible_multitemplate
DSNY-15-1-Ro	nifH.fa	997	829	83.1494	39.8556	36	168	16.8506	92	0.4715	20	10	5	0.2000	20	10	pass_mixed_possible_multitemplate
DSNY-17-3-Rh	nifH.fa	997	818	82.0461	36.0953	24	179	17.9539	66	0.5000	20	10	5	0.2000	20	10	pass_mixed_possible_multitemplate
DSNY-17-3-No	nifH.fa	997	836	83.8516	2767.9418	911	161	16.1484	20	0.5000	20	10	5	0.2000	20	10	pass_mixed_possible_multitemplate
DSNY-18-1-Rh	nifH.fa	997	726	72.8185	15.7172	8	271	27.1815	19	0.5000	20	10	5	0.2000	20	10	pass_mixed_possible_multitemplate
DSNY-18-1-Ro	nifH.fa	997	835	83.7513	1205.6289	381	162	16.2487	32	0.5000	20	10	5	0.2000	20	10	pass_mixed_possible_multitemplate
DSNY-18-1-No	nifH.fa	997	828	83.0491	1897.4835	52	169	16.9509	53	0.5000	20	10	5	0.2000	20	10	pass_mixed_possible_multitemplate
DSNY-19-1-No	nifH.fa	997	687	68.9067	2606.9829	214	310	31.0933	12	0.4074	20	10	5	0.2000	20	10	pass_mixed_possible_multitemplate
DSNY-20-1-No	nifH.fa	997	833	83.5507	488.0201	28	164	16.4493	68	0.5000	20	10	5	0.2000	20	10	pass_mixed_possible_multitemplate
DSNY-20-1-Rh	nifH.fa	997	684	68.6058	14.2407	5	313	31.3942	24	0.5000	20	10	5	0.2000	20	10	pass_mixed_possible_multitemplate
DSNY-20-1-Ro	nifH.fa	997	683	68.5055	18.2718	6	314	31.4945	31	0.5000	20	10	5	0.2000	20	10	pass_mixed_possible_multitemplate
DSNY-21-1-No	nifH.fa	997	720	72.2166	2118.5547	229	277	27.7834	31	0.4887	20	10	5	0.2000	20	10	pass_mixed_possible_multitemplate
DSNY-19-1-Rh	nifH.fa	997	718	72.0160	4164.2056	5322	279	27.9840	13	0.4241	20	10	5	0.2000	20	10	pass_mixed_possible_multitemplate
DSNY-21-1-Ro	nifH.fa	997	675	67.7031	12.3621	6	322	32.2969	20	0.5000	20	10	5	0.2000	20	10	pass_mixed_possible_multitemplate
DSNY-21-1-Rh	nifH.fa	997	748	75.0251	2167.6600	1066	249	24.9749	57	0.4973	20	10	5	0.2000	20	10	pass_mixed_possible_multitemplate
DSNY-2-1-No	nifH.fa	997	836	83.8516	1557.6540	39	161	16.1484	25	0.5000	20	10	5	0.2000	20	10	pass_mixed_possible_multitemplate
DSNY-2-1-Ro	nifH.fa	997	836	83.8516	221.7543	140	161	16.1484	71	0.5000	20	10	5	0.2000	20	10	pass_mixed_possible_multitemplate
DSNY-22-3-No	nifH.fa	997	733	73.5206	3055.0782	53	264	26.4794	14	0.5000	20	10	5	0.2000	20	10	pass_mixed_possible_multitemplate
DSNY-2-1-Rh	nifH.fa	997	831	83.3501	5617.8084	7323	166	16.6499	0	0.1282	20	10	5	0.2000	20	10	pass_single_dominant
DSNY-22-3-Rh	nifH.fa	997	715	71.7151	2258.5346	1013	282	28.2849	12	0.4976	20	10	5	0.2000	20	10	pass_mixed_possible_multitemplate
DSNY-22-3-Ro	nifH.fa	997	788	79.0371	625.4754	17	209	20.9629	9	0.5000	20	10	5	0.2000	20	10	pass_single_dominant
DSNY-24-1-Rh	nifH.fa	997	837	83.9519	3122.7583	2787	160	16.0481	53	0.5000	20	10	5	0.2000	20	10	pass_mixed_possible_multitemplate
DSNY-24-1-Ro	nifH.fa	997	817	81.9458	2257.8195	1074	180	18.0542	52	0.4929	20	10	5	0.2000	20	10	pass_mixed_possible_multitemplate
DSNY-25-1-No	nifH.fa	997	710	71.2136	750.4373	19	287	28.7864	9	0.4571	20	10	5	0.2000	20	10	pass_single_dominant
DSNY-25-1-Rh	nifH.fa	997	827	82.9488	15.7182	12	170	17.0512	46	0.5000	20	10	5	0.2000	20	10	pass_mixed_possible_multitemplate
DSNY-25-1-Ro	nifH.fa	997	779	78.1344	953.0201	599	218	21.8656	50	0.4925	20	10	5	0.2000	20	10	pass_mixed_possible_multitemplate
DSNY-26-1-No	nifH.fa	997	713	71.5145	2514.3119	28	284	28.4855	8	0.4444	20	10	5	0.2000	20	10	pass_single_dominant
DSNY-24-1-No	nifH.fa	997	744	74.6239	2797.2166	182	253	25.3761	8	0.4298	20	10	5	0.2000	20	10	pass_single_dominant
DSNY-26-1-Ro	nifH.fa	997	707	70.9127	1401.5667	919	290	29.0873	36	0.4844	20	10	5	0.2000	20	10	pass_mixed_possible_multitemplate
DSNY-26-1-Rh	nifH.fa	997	718	72.0160	2645.5466	1531	279	27.9840	17	0.4897	20	10	5	0.2000	20	10	pass_mixed_possible_multitemplate
DSNY-27-1-Rh	nifH.fa	997	746	74.8245	7.9970	6	251	25.1755	5	0.5000	20	10	5	0.2000	20	10	pass_single_dominant
DSNY-27-1-Ro	nifH.fa	997	662	66.3992	512.3581	4	335	33.6008	2	0.4030	20	10	5	0.2000	20	10	pass_single_dominant
DSNY-28-1-No	nifH.fa	997	820	82.2467	1102.0150	483	177	17.7533	51	0.4876	20	10	5	0.2000	20	10	pass_mixed_possible_multitemplate
DSNY-28-1-Rh	nifH.fa	997	706	70.8124	9.9880	4	291	29.1876	5	0.5000	20	10	5	0.2000	20	10	pass_single_dominant
DSNY-28-1-Ro	nifH.fa	997	831	83.3501	24.0481	6	166	16.6499	9	0.5000	20	10	5	0.2000	20	10	pass_single_dominant
DSNY-27-1-No	nifH.fa	997	742	74.4233	1834.0171	55	255	25.5767	33	0.4286	20	10	5	0.2000	20	10	pass_mixed_possible_multitemplate
DSNY-29-1-Rh	nifH.fa	997	807	80.9428	71.6309	8	190	19.0572	15	0.5000	20	10	5	0.2000	20	10	pass_mixed_possible_multitemplate
DSNY-29-1-Ro	nifH.fa	997	711	71.3139	162.6459	10	286	28.6861	11	0.5000	20	10	5	0.2000	20	10	pass_mixed_possible_multitemplate
DSNY-30-1-No	nifH.fa	997	833	83.5507	1394.5366	240	164	16.4493	4	0.5000	20	10	5	0.2000	20	10	pass_single_dominant
DSNY-29-1-No	nifH.fa	997	828	83.0491	1857.3290	45	169	16.9509	36	0.4792	20	10	5	0.2000	20	10	pass_mixed_possible_multitemplate
DSNY-30-1-Ro	nifH.fa	997	830	83.2497	363.2999	320	167	16.7503	20	0.4960	20	10	5	0.2000	20	10	pass_mixed_possible_multitemplate
DSNY-30-1-Rh	nifH.fa	997	786	78.8365	1857.9168	837	211	21.1635	8	0.5000	20	10	5	0.2000	20	10	pass_single_dominant
DSNY-31-1-Rh	nifH.fa	997	831	83.3501	22.2578	6	166	16.6499	17	0.5000	20	10	5	0.2000	20	10	pass_mixed_possible_multitemplate
DSNY-31-1-Ro	nifH.fa	997	834	83.6510	264.8355	77	163	16.3490	72	0.4906	20	10	5	0.2000	20	10	pass_mixed_possible_multitemplate
DSNY-3-1-No	nifH.fa	997	832	83.4504	2305.9789	549	165	16.5496	54	0.4932	20	10	5	0.2000	20	10	pass_mixed_possible_multitemplate
DSNY-3-1-Rh	nifH.fa	997	796	79.8395	65.2568	11	201	20.1605	10	0.5000	20	10	5	0.2000	20	10	pass_single_dominant
DSNY-3-1-Ro	nifH.fa	997	836	83.8516	223.5296	35	161	16.1484	31	0.4857	20	10	5	0.2000	20	10	pass_mixed_possible_multitemplate
DSNY-34-1-No	nifH.fa	997	835	83.7513	2449.2989	602	162	16.2487	18	0.5000	20	10	5	0.2000	20	10	pass_mixed_possible_multitemplate
DSNY-31-1-No	nifH.fa	997	835	83.7513	3517.4764	1694	162	16.2487	5	0.4615	20	10	5	0.2000	20	10	pass_single_dominant
DSNY-34-1-Ro	nifH.fa	997	768	77.0311	66.4504	25	229	22.9689	24	0.5000	20	10	5	0.2000	20	10	pass_mixed_possible_multitemplate
DSNY-34-1-Rh	nifH.fa	997	834	83.6510	1569.4343	925	163	16.3490	71	0.4967	20	10	5	0.2000	20	10	pass_mixed_possible_multitemplate
DSNY-36-1-No	nifH.fa	997	834	83.6510	569.7623	225	163	16.3490	70	0.5000	20	10	5	0.2000	20	10	pass_mixed_possible_multitemplate
DSNY-36-1-Ro	nifH.fa	997	835	83.7513	111.9168	48	162	16.2487	78	0.5000	20	10	5	0.2000	20	10	pass_mixed_possible_multitemplate
DSNY-36-1-Rh	nifH.fa	997	836	83.8516	2005.9970	1668	161	16.1484	51	0.4749	20	10	5	0.2000	20	10	pass_mixed_possible_multitemplate
DSNY-37-1-Rh	nifH.fa	997	834	83.6510	334.3761	215	163	16.3490	92	0.5000	20	10	5	0.2000	20	10	pass_mixed_possible_multitemplate
DSNY-37-1-Ro	nifH.fa	997	828	83.0491	168.0832	103	169	16.9509	70	0.5000	20	10	5	0.2000	20	10	pass_mixed_possible_multitemplate
DSNY-38-3-No	nifH.fa	997	766	76.8305	2713.1444	624	231	23.1695	39	0.4810	20	10	5	0.2000	20	10	pass_mixed_possible_multitemplate
DSNY-37-1-No	nifH.fa	997	829	83.1494	3218.9789	57	168	16.8506	18	0.5000	20	10	5	0.2000	20	10	pass_mixed_possible_multitemplate
DSNY-38-3-Ro	nifH.fa	997	837	83.9519	676.2207	382	160	16.0481	60	0.5000	20	10	5	0.2000	20	10	pass_mixed_possible_multitemplate
DSNY-38-3-Rh	nifH.fa	997	724	72.6179	3355.2237	3988	273	27.3821	31	0.4966	20	10	5	0.2000	20	10	pass_mixed_possible_multitemplate
DSNY-39-4-Rh	nifH.fa	997	743	74.5236	3612.9428	4034	254	25.4764	12	0.5000	20	10	5	0.2000	20	10	pass_mixed_possible_multitemplate
DSNY-39-4-Ro	nifH.fa	997	838	84.0522	1670.9298	1328	159	15.9478	78	0.4896	20	10	5	0.2000	20	10	pass_mixed_possible_multitemplate
DSNY-39-4-No	nifH.fa	997	818	82.0461	3561.3551	2675	179	17.9539	13	0.5000	20	10	5	0.2000	20	10	pass_mixed_possible_multitemplate
DSNY-40-2-No	nifH.fa	997	743	74.5236	1002.0732	435	254	25.4764	40	0.5000	20	10	5	0.2000	20	10	pass_mixed_possible_multitemplate
DSNY-40-2-Ro	nifH.fa	997	721	72.3170	128.7392	41	276	27.6830	58	0.5000	20	10	5	0.2000	20	10	pass_mixed_possible_multitemplate
DSNY-40-2-Rh	nifH.fa	997	713	71.5145	3451.7503	2519	284	28.4855	9	0.4712	20	10	5	0.2000	20	10	pass_single_dominant
DSNY-4-1-No	nifH.fa	997	833	83.5507	866.8365	31	164	16.4493	46	0.5000	20	10	5	0.2000	20	10	pass_mixed_possible_multitemplate
DSNY-43-1-No	nifH.fa	997	835	83.7513	3035.4323	1545	162	16.2487	14	0.5000	20	10	5	0.2000	20	10	pass_mixed_possible_multitemplate
DSNY-43-1-Rh	nifH.fa	997	808	81.0431	3391.8796	3134	189	18.9569	26	0.4458	20	10	5	0.2000	20	10	pass_mixed_possible_multitemplate
DSNY-43-1-Ro	nifH.fa	997	715	71.7151	2662.5276	2141	282	28.2849	13	0.4919	20	10	5	0.2000	20	10	pass_mixed_possible_multitemplate
DSNY-44-1-Rh	nifH.fa	997	715	71.7151	3311.4383	3448	282	28.2849	8	0.4974	20	10	5	0.2000	20	10	pass_single_dominant
DSNY-44-1-Ro	nifH.fa	997	793	79.5386	742.8837	379	204	20.4614	32	0.5000	20	10	5	0.2000	20	10	pass_mixed_possible_multitemplate
DSNY-44-1-No	nifH.fa	997	827	82.9488	3988.4794	4541	170	17.0512	5	0.5000	20	10	5	0.2000	20	10	pass_single_dominant
DSNY-48-1-Rh	nifH.fa	997	711	71.3139	1209.7733	918	286	28.6861	14	0.4673	20	10	5	0.2000	20	10	pass_mixed_possible_multitemplate
DSNY-48-1-Ro	nifH.fa	997	829	83.1494	328.6058	128	168	16.8506	17	0.5000	20	10	5	0.2000	20	10	pass_mixed_possible_multitemplate
DSNY-48-1-No	nifH.fa	997	694	69.6088	3670.1454	2637	303	30.3912	23	0.4847	20	10	5	0.2000	20	10	pass_mixed_possible_multitemplate
DSNY-49-2-No	nifH.fa	997	760	76.2287	2568.1755	72	237	23.7713	5	0.5000	20	10	5	0.2000	20	10	pass_single_dominant
DSNY-49-2-Ro	nifH.fa	997	719	72.1163	208.8796	84	278	27.8837	49	0.4921	20	10	5	0.2000	20	10	pass_mixed_possible_multitemplate
DSNY-50-1-No	nifH.fa	997	711	71.3139	2367.8104	43	286	28.6861	22	0.5000	20	10	5	0.2000	20	10	pass_mixed_possible_multitemplate
DSNY-49-2-Rh	nifH.fa	997	810	81.2437	3177.9218	1962	187	18.7563	13	0.4454	20	10	5	0.2000	20	10	pass_mixed_possible_multitemplate
DSNY-50-1-Ro	nifH.fa	997	682	68.4052	87.2869	6	315	31.5948	3	0.5000	20	10	5	0.2000	20	10	pass_single_dominant
DSNY-51-2-No	nifH.fa	997	834	83.6510	603.6680	59	163	16.3490	59	0.5000	20	10	5	0.2000	20	10	pass_mixed_possible_multitemplate
DSNY-50-1-Rh	nifH.fa	997	714	71.6148	3259.9759	4138	283	28.3852	14	0.5000	20	10	5	0.2000	20	10	pass_mixed_possible_multitemplate
DSNY-51-2-Ro	nifH.fa	997	718	72.0160	308.7051	127	279	27.9840	23	0.4969	20	10	5	0.2000	20	10	pass_mixed_possible_multitemplate
DSNY-5-1-No	nifH.fa	997	833	83.5507	2005.4203	1033	164	16.4493	46	0.5000	20	10	5	0.2000	20	10	pass_mixed_possible_multitemplate
DSNY-5-1-Rh	nifH.fa	997	800	80.2407	82.1545	21	197	19.7593	65	0.5000	20	10	5	0.2000	20	10	pass_mixed_possible_multitemplate
DSNY-5-1-Ro	nifH.fa	997	834	83.6510	90.6169	42	163	16.3490	51	0.5000	20	10	5	0.2000	20	10	pass_mixed_possible_multitemplate
DSNY-52-1-No	nifH.fa	997	807	80.9428	2701.7141	686	190	19.0572	12	0.5000	20	10	5	0.2000	20	10	pass_mixed_possible_multitemplate
DSNY-52-1-Rh	nifH.fa	997	770	77.2317	3868.7994	4537	227	22.7683	17	0.4902	20	10	5	0.2000	20	10	pass_mixed_possible_multitemplate
DSNY-52-1-Ro	nifH.fa	997	761	76.3290	2960.7031	2269	236	23.6710	46	0.5000	20	10	5	0.2000	20	10	pass_mixed_possible_multitemplate
DSNY-53-1-No	nifH.fa	997	694	69.6088	2378.5446	812	303	30.3912	4	0.4762	20	10	5	0.2000	20	10	pass_single_dominant
DSNY-53-1-Rh	nifH.fa	997	687	68.9067	224.5125	8	310	31.0933	27	0.5000	20	10	5	0.2000	20	10	pass_mixed_possible_multitemplate
DSNY-53-1-Ro	nifH.fa	997	656	65.7974	71.4072	16	341	34.2026	10	0.5000	20	10	5	0.2000	20	10	pass_single_dominant
DSNY-51-2-Rh	nifH.fa	997	802	80.4413	4531.5958	6413	195	19.5587	12	0.4758	20	10	5	0.2000	20	10	pass_mixed_possible_multitemplate
DSNY-54-1-Rh	nifH.fa	997	640	64.1926	337.4493	7	357	35.8074	1	0.5000	20	10	5	0.2000	20	10	pass_single_dominant
DSNY-54-1-Ro	nifH.fa	997	689	69.1073	52.7653	21	308	30.8927	51	0.4840	20	10	5	0.2000	20	10	pass_mixed_possible_multitemplate
DSNY-54-1-No	nifH.fa	997	777	77.9338	4052.9368	4915	220	22.0662	0	0.5000	20	10	5	0.2000	20	10	pass_single_dominant
DSNY-56-1-Rh	nifH.fa	997	700	70.2106	626.8485	5	297	29.7894	3	0.5000	20	10	5	0.2000	20	10	pass_single_dominant
DSNY-56-1-Ro	nifH.fa	997	809	81.1434	1309.1555	855	188	18.8566	26	0.5000	20	10	5	0.2000	20	10	pass_mixed_possible_multitemplate
DSNY-57-1-Rh	nifH.fa	997	835	83.7513	1790.8164	341	162	16.2487	5	0.5000	20	10	5	0.2000	20	10	pass_single_dominant
DSNY-57-1-Ro	nifH.fa	997	834	83.6510	80.8646	45	163	16.3490	18	0.5000	20	10	5	0.2000	20	10	pass_mixed_possible_multitemplate
DSNY-57-No	nifH.fa	997	821	82.3470	3463.6760	2832	176	17.6530	3	0.5000	20	10	5	0.2000	20	10	pass_single_dominant
DSNY-56-1-No	nifH.fa	997	758	76.0281	4206.8626	5631	239	23.9719	4	0.5000	20	10	5	0.2000	20	10	pass_single_dominant
DSNY-58-Rh	nifH.fa	997	808	81.0431	3741.2798	4521	189	18.9569	13	0.4942	20	10	5	0.2000	20	10	pass_mixed_possible_multitemplate
DSNY-58-No	nifH.fa	997	851	85.3561	4320.1083	6022	146	14.6439	22	0.4897	20	10	5	0.2000	20	10	pass_mixed_possible_multitemplate
DSNY-59-Rh	nifH.fa	997	788	79.0371	3580.2187	3835	209	20.9629	19	0.4954	20	10	5	0.2000	20	10	pass_mixed_possible_multitemplate
DSNY-59-No	nifH.fa	997	849	85.1555	4346.2939	6940	148	14.8445	13	0.5000	20	10	5	0.2000	20	10	pass_mixed_possible_multitemplate
DSNY-61-4-Rh	nifH.fa	997	833	83.5507	1232.1866	465	164	16.4493	8	0.5000	20	10	5	0.2000	20	10	pass_single_dominant
DSNY-61-4-Ro	nifH.fa	997	663	66.4995	12.7182	7	334	33.5005	29	0.5000	20	10	5	0.2000	20	10	pass_mixed_possible_multitemplate
DSNY-6-2-No	nifH.fa	997	738	74.0221	1812.1334	3	259	25.9779	0	0.5000	20	10	5	0.2000	20	10	pass_single_dominant
DSNY-6-2-Rh	nifH.fa	997	832	83.4504	20.7864	17	165	16.5496	36	0.5000	20	10	5	0.2000	20	10	pass_mixed_possible_multitemplate
DSNY-63-No	nifH.fa	997	835	83.7513	2530.1705	453	162	16.2487	47	0.4916	20	10	5	0.2000	20	10	pass_mixed_possible_multitemplate
DSNY-63-Rh	nifH.fa	997	729	73.1194	177.7472	20	268	26.8806	13	0.5000	20	10	5	0.2000	20	10	pass_mixed_possible_multitemplate
DSNY-63-Ro	nifH.fa	997	810	81.2437	34.1896	10	187	18.7563	20	0.5000	20	10	5	0.2000	20	10	pass_mixed_possible_multitemplate
DSNY-64-2-No	nifH.fa	997	835	83.7513	1450.2277	17	162	16.2487	17	0.5000	20	10	5	0.2000	20	10	pass_mixed_possible_multitemplate
DSNY-64-2-Rh	nifH.fa	997	643	64.4935	141.3470	4	354	35.5065	13	0.5000	20	10	5	0.2000	20	10	pass_mixed_possible_multitemplate
DSNY-64-2-Ro	nifH.fa	997	732	73.4203	57.1153	18	265	26.5797	32	0.5000	20	10	5	0.2000	20	10	pass_mixed_possible_multitemplate
DSNY-59-Ro	nifH.fa	997	774	77.6329	4305.9819	6664	223	22.3671	2	0.5000	20	10	5	0.2000	20	10	pass_single_dominant
DSNY-65-1-Rh	nifH.fa	997	713	71.5145	3294.2347	2573	284	28.4855	16	0.4990	20	10	5	0.2000	20	10	pass_mixed_possible_multitemplate
DSNY-65-1-Ro	nifH.fa	997	835	83.7513	97.8766	77	162	16.2487	60	0.4881	20	10	5	0.2000	20	10	pass_mixed_possible_multitemplate
DSNY-65-1-No	nifH.fa	997	835	83.7513	4208.4253	5507	162	16.2487	12	0.5000	20	10	5	0.2000	20	10	pass_mixed_possible_multitemplate
DSNY-66-1-No	nifH.fa	997	835	83.7513	2460.5807	36	162	16.2487	8	0.5000	20	10	5	0.2000	20	10	pass_single_dominant
DSNY-66-1-Ro	nifH.fa	997	835	83.7513	140.4784	66	162	16.2487	42	0.4879	20	10	5	0.2000	20	10	pass_mixed_possible_multitemplate
DSNY-67-3-No	nifH.fa	997	835	83.7513	3134.7182	2309	162	16.2487	47	0.5000	20	10	5	0.2000	20	10	pass_mixed_possible_multitemplate
DSNY-66-1-Rh	nifH.fa	997	835	83.7513	4249.0963	5921	162	16.2487	21	0.4549	20	10	5	0.2000	20	10	pass_mixed_possible_multitemplate
DSNY-67-3-Ro	nifH.fa	997	735	73.7212	171.1926	55	262	26.2788	34	0.4889	20	10	5	0.2000	20	10	pass_mixed_possible_multitemplate
DSNY-67-3-Rh	nifH.fa	997	833	83.5507	3037.2207	2322	164	16.4493	13	0.4941	20	10	5	0.2000	20	10	pass_mixed_possible_multitemplate
DSNY-68-1-No	nifH.fa	997	835	83.7513	3266.9940	2649	162	16.2487	26	0.4970	20	10	5	0.2000	20	10	pass_mixed_possible_multitemplate
DSNY-68-1-Ro	nifH.fa	997	835	83.7513	2988.3872	2202	162	16.2487	47	0.4741	20	10	5	0.2000	20	10	pass_mixed_possible_multitemplate
DSNY-68-1-Rh	nifH.fa	997	774	77.6329	3721.5848	3880	223	22.3671	11	0.4832	20	10	5	0.2000	20	10	pass_mixed_possible_multitemplate
DSNY-69-1-Rh	nifH.fa	997	772	77.4323	680.3801	19	225	22.5677	15	0.5000	20	10	5	0.2000	20	10	pass_mixed_possible_multitemplate
DSNY-69-1-Ro	nifH.fa	997	834	83.6510	761.1143	233	163	16.3490	86	0.4822	20	10	5	0.2000	20	10	pass_mixed_possible_multitemplate
DSNY-70-1-No	nifH.fa	997	805	80.7422	2393.2638	429	192	19.2578	24	0.5000	20	10	5	0.2000	20	10	pass_mixed_possible_multitemplate
DSNY-69-1-No	nifH.fa	997	835	83.7513	2517.1113	56	162	16.2487	34	0.5000	20	10	5	0.2000	20	10	pass_mixed_possible_multitemplate
DSNY-70-1-Ro	nifH.fa	997	852	85.4564	268.1906	91	145	14.5436	68	0.5000	20	10	5	0.2000	20	10	pass_mixed_possible_multitemplate
DSNY-70-1-Rh	nifH.fa	997	835	83.7513	2999.0331	2224	162	16.2487	13	0.4977	20	10	5	0.2000	20	10	pass_mixed_possible_multitemplate
DSNY-71-1-No	nifH.fa	997	716	71.8154	3217.9840	2455	281	28.1846	21	0.5000	20	10	5	0.2000	20	10	pass_mixed_possible_multitemplate
DSNY-71-1-Ro	nifH.fa	997	833	83.5507	165.8957	98	164	16.4493	63	0.5000	20	10	5	0.2000	20	10	pass_mixed_possible_multitemplate
DSNY-7-1-No	nifH.fa	997	795	79.7392	1691.7763	24	202	20.2608	26	0.5000	20	10	5	0.2000	20	10	pass_mixed_possible_multitemplate
DSNY-7-1-Ro	nifH.fa	997	838	84.0522	250.1565	120	159	15.9478	85	0.4865	20	10	5	0.2000	20	10	pass_mixed_possible_multitemplate
DSNY-72-1-No	nifH.fa	997	794	79.6389	3398.2457	3885	203	20.3611	22	0.4905	20	10	5	0.2000	20	10	pass_mixed_possible_multitemplate
DSNY-71-1-Rh	nifH.fa	997	718	72.0160	4017.4183	5052	279	27.9840	9	0.4351	20	10	5	0.2000	20	10	pass_single_dominant
DSNY-72-1-Rh	nifH.fa	997	822	82.4473	3188.9047	3883	175	17.5527	13	0.4959	20	10	5	0.2000	20	10	pass_mixed_possible_multitemplate
DSNY-72-1-Ro	nifH.fa	997	836	83.8516	3351.6128	3220	161	16.1484	13	0.4954	20	10	5	0.2000	20	10	pass_mixed_possible_multitemplate
DSNY-74-1-Rh	nifH.fa	997	835	83.7513	2290.2126	2425	162	16.2487	49	0.5000	20	10	5	0.2000	20	10	pass_mixed_possible_multitemplate
DSNY-74-1-Ro	nifH.fa	997	826	82.8485	976.5386	680	171	17.1515	92	0.4967	20	10	5	0.2000	20	10	pass_mixed_possible_multitemplate
DSNY-75-1-No	nifH.fa	997	828	83.0491	3564.7623	384	169	16.9509	23	0.4848	20	10	5	0.2000	20	10	pass_mixed_possible_multitemplate
DSNY-75-1-Rh	nifH.fa	997	827	82.9488	2725.4925	1987	170	17.0512	64	0.4982	20	10	5	0.2000	20	10	pass_mixed_possible_multitemplate
DSNY-75-1-Ro	nifH.fa	997	833	83.5507	840.5737	635	164	16.4493	86	0.5000	20	10	5	0.2000	20	10	pass_mixed_possible_multitemplate
DSNY-76-1-No	nifH.fa	997	770	77.2317	1958.7553	1479	227	22.7683	33	0.5000	20	10	5	0.2000	20	10	pass_mixed_possible_multitemplate
DSNY-76-1-Rh	nifH.fa	997	834	83.6510	1508.0481	1030	163	16.3490	67	0.4971	20	10	5	0.2000	20	10	pass_mixed_possible_multitemplate
DSNY-76-1-Ro	nifH.fa	997	836	83.8516	3088.7342	615	161	16.1484	55	0.5000	20	10	5	0.2000	20	10	pass_mixed_possible_multitemplate
DSNY-77-3-No	nifH.fa	997	789	79.1374	1367.1505	345	208	20.8626	62	0.5000	20	10	5	0.2000	20	10	pass_mixed_possible_multitemplate
DSNY-77-3-Rh	nifH.fa	997	644	64.5938	386.5898	2	353	35.4062	6	0.5000	20	10	5	0.2000	20	10	pass_single_dominant
DSNY-77-3-Ro	nifH.fa	997	699	70.1103	992.7232	72	298	29.8897	25	0.5000	20	10	5	0.2000	20	10	pass_mixed_possible_multitemplate
DSNY-74-1-No	nifH.fa	997	789	79.1374	4452.9840	7292	208	20.8626	2	0.4286	20	10	5	0.2000	20	10	pass_single_dominant
DSNY-78-1-Rh	nifH.fa	997	666	66.8004	1087.8255	23	331	33.1996	9	0.4783	20	10	5	0.2000	20	10	pass_single_dominant
DSNY-78-1-Ro	nifH.fa	997	724	72.6179	14.3029	7	273	27.3821	41	0.5000	20	10	5	0.2000	20	10	pass_mixed_possible_multitemplate
DSNY-79-1-No	nifH.fa	997	761	76.3290	4561.5667	7156	236	23.6710	38	0.4688	20	10	5	0.2000	20	10	pass_mixed_possible_multitemplate
DSNY-79-1-Rh	nifH.fa	997	844	84.6540	370.0582	44	153	15.3460	16	0.4348	20	10	5	0.2000	20	10	pass_mixed_possible_multitemplate
DSNY-79-1-Ro	nifH.fa	997	727	72.9188	235.8516	114	270	27.0812	57	0.4935	20	10	5	0.2000	20	10	pass_mixed_possible_multitemplate
DSNY-80-1-No	nifH.fa	997	828	83.0491	3861.3200	2953	169	16.9509	46	0.5000	20	10	5	0.2000	20	10	pass_mixed_possible_multitemplate
DSNY-80-1-Rh	nifH.fa	997	774	77.6329	1071.9368	132	223	22.3671	44	0.5000	20	10	5	0.2000	20	10	pass_mixed_possible_multitemplate
DSNY-80-1-Ro	nifH.fa	997	796	79.8395	45.9017	16	201	20.1605	42	0.5000	20	10	5	0.2000	20	10	pass_mixed_possible_multitemplate
DSNY-78-1-No	nifH.fa	997	773	77.5326	4486.2197	7430	224	22.4674	13	0.4416	20	10	5	0.2000	20	10	pass_mixed_possible_multitemplate
DSNY-81-1-Rh	nifH.fa	997	686	68.8064	167.1825	10	311	31.1936	15	0.5000	20	10	5	0.2000	20	10	pass_mixed_possible_multitemplate
DSNY-81-1-Ro	nifH.fa	997	786	78.8365	1090.4694	748	211	21.1635	68	0.5000	20	10	5	0.2000	20	10	pass_mixed_possible_multitemplate
DSNY-8-1-No	nifH.fa	997	817	81.9458	1806.2447	52	180	18.0542	59	0.5000	20	10	5	0.2000	20	10	pass_mixed_possible_multitemplate
DSNY-8-1-Ro	nifH.fa	997	826	82.8485	106.7422	6	171	17.1515	17	0.5000	20	10	5	0.2000	20	10	pass_mixed_possible_multitemplate
DSNY-82-3-No	nifH.fa	997	828	83.0491	1749.1013	891	169	16.9509	40	0.4900	20	10	5	0.2000	20	10	pass_mixed_possible_multitemplate
DSNY-82-3-Ro	nifH.fa	997	776	77.8335	551.9378	227	221	22.1665	77	0.4979	20	10	5	0.2000	20	10	pass_mixed_possible_multitemplate
DSNY-83-1-No	nifH.fa	997	751	75.3260	3025.4383	361	246	24.6740	23	0.3934	20	10	5	0.2000	20	10	pass_mixed_possible_multitemplate
DSNY-83-1-Rh	nifH.fa	997	833	83.5507	3499.3821	3514	164	16.4493	8	0.4924	20	10	5	0.2000	20	10	pass_single_dominant
DSNY-83-1-Ro	nifH.fa	997	745	74.7242	2695.5196	889	252	25.2758	12	0.4966	20	10	5	0.2000	20	10	pass_mixed_possible_multitemplate
DSNY-83-2-No	nifH.fa	997	718	72.0160	2866.2758	1420	279	27.9840	29	0.4957	20	10	5	0.2000	20	10	pass_mixed_possible_multitemplate
DSNY-83-2-Rh	nifH.fa	997	809	81.1434	3578.5416	3645	188	18.8566	6	0.5000	20	10	5	0.2000	20	10	pass_single_dominant
DSNY-83-2-Ro	nifH.fa	997	743	74.5236	1159.3119	690	254	25.4764	36	0.4995	20	10	5	0.2000	20	10	pass_mixed_possible_multitemplate
DSNY-83-3-No	nifH.fa	997	742	74.4233	448.6479	54	255	25.5767	64	0.5000	20	10	5	0.2000	20	10	pass_mixed_possible_multitemplate
DSNY-83-3-Rh	nifH.fa	997	743	74.5236	3216.8225	2966	254	25.4764	12	0.5000	20	10	5	0.2000	20	10	pass_mixed_possible_multitemplate
DSNY-83-3-Ro	nifH.fa	997	761	76.3290	2354.2076	769	236	23.6710	12	0.4650	20	10	5	0.2000	20	10	pass_mixed_possible_multitemplate
DSNY-83-4-Rh	nifH.fa	997	786	78.8365	3538.0030	3640	211	21.1635	69	0.4942	20	10	5	0.2000	20	10	pass_mixed_possible_multitemplate
DSNY-83-4-Ro	nifH.fa	997	833	83.5507	3583.3751	3728	164	16.4493	49	0.4968	20	10	5	0.2000	20	10	pass_mixed_possible_multitemplate
DSNY-83-5-No	nifH.fa	997	830	83.2497	325.4965	96	167	16.7503	18	0.5000	20	10	5	0.2000	20	10	pass_mixed_possible_multitemplate
DSNY-83-5-Rh	nifH.fa	997	831	83.3501	1109.9418	795	166	16.6499	43	0.4962	20	10	5	0.2000	20	10	pass_mixed_possible_multitemplate
DSNY-83-5-Ro	nifH.fa	997	752	75.4263	3596.3741	4202	245	24.5737	9	0.4527	20	10	5	0.2000	20	10	pass_single_dominant
DSNY-84-2-Ro	nifH.fa	997	785	78.7362	198.1585	4	212	21.2638	3	0.5000	20	10	5	0.2000	20	10	pass_single_dominant
DSNY-85-1-No	nifH.fa	997	828	83.0491	530.9027	56	169	16.9509	35	0.5000	20	10	5	0.2000	20	10	pass_mixed_possible_multitemplate
DSNY-85-1-Rh	nifH.fa	997	799	80.1404	60.8526	16	198	19.8596	19	0.5000	20	10	5	0.2000	20	10	pass_mixed_possible_multitemplate
DSNY-85-1-Ro	nifH.fa	997	765	76.7302	105.8435	21	232	23.2698	52	0.5000	20	10	5	0.2000	20	10	pass_mixed_possible_multitemplate
DSNY-86-1-No	nifH.fa	997	789	79.1374	365.7232	28	208	20.8626	65	0.5000	20	10	5	0.2000	20	10	pass_mixed_possible_multitemplate
DSNY-86-1-Rh	nifH.fa	997	632	63.3902	576.1765	2	365	36.6098	0	0.5000	20	10	5	0.2000	20	10	pass_single_dominant
DSNY-86-1-Ro	nifH.fa	997	811	81.3440	169.2076	100	186	18.6560	67	0.4959	20	10	5	0.2000	20	10	pass_mixed_possible_multitemplate
DSNY-87-1-No	nifH.fa	997	787	78.9368	212.8375	10	210	21.0632	25	0.5000	20	10	5	0.2000	20	10	pass_mixed_possible_multitemplate
DSNY-87-1-Ro	nifH.fa	997	672	67.4022	48.8175	1	325	32.5978	18	0.5000	20	10	5	0.2000	20	10	pass_mixed_possible_multitemplate
DSNY-88-1-No	nifH.fa	997	645	64.6941	195.3872	6	352	35.3059	4	0.5000	20	10	5	0.2000	20	10	pass_single_dominant
DSNY-88-1-Rh	nifH.fa	997	804	80.6419	23.9027	2	193	19.3581	0	0.5000	20	10	5	0.2000	20	10	pass_single_dominant
DSNY-88-1-Ro	nifH.fa	997	783	78.5356	166.1404	46	214	21.4644	26	0.5000	20	10	5	0.2000	20	10	pass_mixed_possible_multitemplate
DSNY-81-1-No	nifH.fa	997	792	79.4383	4406.3751	7181	205	20.5617	3	0.4583	20	10	5	0.2000	20	10	pass_single_dominant
DSNY-89-Rh	nifH.fa	997	804	80.6419	876.3872	666	193	19.3581	15	0.5000	20	10	5	0.2000	20	10	pass_mixed_possible_multitemplate
DSNY-89-Ro	nifH.fa	997	699	70.1103	248.0331	141	298	29.8897	27	0.4783	20	10	5	0.2000	20	10	pass_mixed_possible_multitemplate
DSNY-89-No	nifH.fa	997	635	63.6911	3189.8245	326	362	36.3089	1	0.4364	20	10	5	0.2000	20	10	pass_single_dominant
DSNY-90-Rh	nifH.fa	997	798	80.0401	1122.1535	162	199	19.9599	10	0.5000	20	10	5	0.2000	20	10	pass_single_dominant
DSNY-90-Ro	nifH.fa	997	833	83.5507	133.4112	87	164	16.4493	78	0.5000	20	10	5	0.2000	20	10	pass_mixed_possible_multitemplate
DSNY-90-No	nifH.fa	997	802	80.4413	4361.6901	6248	195	19.5587	3	0.5000	20	10	5	0.2000	20	10	pass_single_dominant
DSNY-91-1-Rh	nifH.fa	997	826	82.8485	808.5316	212	171	17.1515	12	0.5000	20	10	5	0.2000	20	10	pass_mixed_possible_multitemplate
DSNY-91-1-Ro	nifH.fa	997	601	60.2808	196.8646	8	396	39.7192	26	0.5000	20	10	5	0.2000	20	10	pass_mixed_possible_multitemplate
DSNY-92-1-No	nifH.fa	997	645	64.6941	174.5938	8	352	35.3059	9	0.5000	20	10	5	0.2000	20	10	pass_single_dominant
DSNY-92-1-Rh	nifH.fa	997	777	77.9338	110.3681	9	220	22.0662	18	0.5000	20	10	5	0.2000	20	10	pass_mixed_possible_multitemplate
DSNY-92-1-Ro	nifH.fa	997	804	80.6419	44.5376	29	193	19.3581	10	0.5000	20	10	5	0.2000	20	10	pass_single_dominant
DSNY-91-1-No	nifH.fa	997	806	80.8425	3592.6279	1919	191	19.1575	40	0.4782	20	10	5	0.2000	20	10	pass_mixed_possible_multitemplate
DSNY-95-Rh	nifH.fa	997	715	71.7151	1126.6510	428	282	28.2849	23	0.4842	20	10	5	0.2000	20	10	pass_mixed_possible_multitemplate
DSNY-95-Ro	nifH.fa	997	813	81.5446	1149.2808	522	184	18.4554	68	0.4995	20	10	5	0.2000	20	10	pass_mixed_possible_multitemplate
DSNY-96-2-No	nifH.fa	997	776	77.8335	82.2698	42	221	22.1665	77	0.5000	20	10	5	0.2000	20	10	pass_mixed_possible_multitemplate
DSNY-96-2-Rh	nifH.fa	997	818	82.0461	55.0863	46	179	17.9539	38	0.5000	20	10	5	0.2000	20	10	pass_mixed_possible_multitemplate
DSNY-96-2-Ro	nifH.fa	997	755	75.7272	233.8616	5	242	24.2728	0	0.5000	20	10	5	0.2000	20	10	pass_single_dominant
DSNY-98-4-No	nifH.fa	997	822	82.4473	1767.8636	1111	175	17.5527	13	0.4627	20	10	5	0.2000	20	10	pass_mixed_possible_multitemplate
DSNY-98-4-Rh	nifH.fa	997	763	76.5296	2208.2096	989	234	23.4704	7	0.5000	20	10	5	0.2000	20	10	pass_single_dominant
DSNY-98-4-Ro	nifH.fa	997	750	75.2257	52.8375	5	247	24.7743	10	0.5000	20	10	5	0.2000	20	10	pass_single_dominant
DSNY-95-No	nifH.fa	997	796	79.8395	3143.1424	1673	201	20.1605	19	0.4674	20	10	5	0.2000	20	10	pass_mixed_possible_multitemplate
DSNY-99-Rh	nifH.fa	997	658	65.9980	104.9799	3	339	34.0020	0	0.5000	20	10	5	0.2000	20	10	pass_single_dominant
DSNY-99-Ro	nifH.fa	997	654	65.5968	218.3852	4	343	34.4032	28	0.5000	20	10	5	0.2000	20	10	pass_mixed_possible_multitemplate
DSNY-CLFR-60-No	nifH.fa	997	670	67.2016	22.3410	1	327	32.7984	8	0.5000	20	10	5	0.2000	20	10	pass_single_dominant
DSNY-CLFR-60-Rh	nifH.fa	997	811	81.3440	440.8826	4	186	18.6560	6	0.5000	20	10	5	0.2000	20	10	pass_single_dominant
DSNY-CLFR-60-Ro	nifH.fa	997	834	83.6510	536.5055	276	163	16.3490	25	0.5000	20	10	5	0.2000	20	10	pass_mixed_possible_multitemplate
DSNY-99-No	nifH.fa	997	742	74.4233	2420.2227	1418	255	25.5767	40	0.4969	20	10	5	0.2000	20	10	pass_mixed_possible_multitemplate
DSNY-CRMA-33-1-Rh	nifH.fa	997	834	83.6510	1691.6790	1177	163	16.3490	29	0.4823	20	10	5	0.2000	20	10	pass_mixed_possible_multitemplate
DSNY-CRMA-33-1-No	nifH.fa	997	834	83.6510	2859.6780	1369	163	16.3490	32	0.5000	20	10	5	0.2000	20	10	pass_mixed_possible_multitemplate
DSNY-CRMA-33-1-Ro	nifH.fa	997	834	83.6510	2811.1043	2795	163	16.3490	21	0.5000	20	10	5	0.2000	20	10	pass_mixed_possible_multitemplate
DSNY-CRMA-35-1-Rh	nifH.fa	997	834	83.6510	2809.3551	2276	163	16.3490	20	0.4783	20	10	5	0.2000	20	10	pass_mixed_possible_multitemplate
DSNY-CRMA-35-1-Ro	nifH.fa	997	832	83.4504	41.4052	35	165	16.5496	76	0.4878	20	10	5	0.2000	20	10	pass_mixed_possible_multitemplate
DSNY-GAEL-33-1-No	nifH.fa	997	833	83.5507	917.5968	70	164	16.4493	59	0.5000	20	10	5	0.2000	20	10	pass_mixed_possible_multitemplate
DSNY-CRMA-35-1-No	nifH.fa	997	835	83.7513	2652.5216	29	162	16.2487	9	0.5000	20	10	5	0.2000	20	10	pass_single_dominant
DSNY-GAEL-33-1-Ro	nifH.fa	997	835	83.7513	37.8616	34	162	16.2487	53	0.5000	20	10	5	0.2000	20	10	pass_mixed_possible_multitemplate
DSNY-GARE-35-1-No	nifH.fa	997	835	83.7513	1104.1003	201	162	16.2487	34	0.4676	20	10	5	0.2000	20	10	pass_mixed_possible_multitemplate
DSNY-GARE-35-1-Rh	nifH.fa	997	834	83.6510	2429.0963	1798	163	16.3490	7	0.5000	20	10	5	0.2000	20	10	pass_single_dominant
DSNY-GARE-35-1-Ro	nifH.fa	997	833	83.5507	69.9549	33	164	16.4493	55	0.5000	20	10	5	0.2000	20	10	pass_mixed_possible_multitemplate
DSNY-GAEL-33-1-Rh	nifH.fa	997	834	83.6510	3813.1615	3792	163	16.3490	14	0.5000	20	10	5	0.2000	20	10	pass_mixed_possible_multitemplate
DSNY-SEHE-60-Rh	nifH.fa	997	796	79.8395	3008.1856	2436	201	20.1605	32	0.4940	20	10	5	0.2000	20	10	pass_mixed_possible_multitemplate
DSNY-SEHE-60-Ro	nifH.fa	997	741	74.3230	3237.7763	2614	256	25.6770	16	0.4981	20	10	5	0.2000	20	10	pass_mixed_possible_multitemplate
DSNY-SEHE-60-No	nifH.fa	997	841	84.3531	5361.3932	7439	156	15.6469	2	0.2597	20	10	5	0.2000	20	10	pass_single_dominant
GRSM-1-Rh	nifH.fa	997	620	62.1866	95.3300	2	377	37.8134	24	0.5000	20	10	5	0.2000	20	10	pass_mixed_possible_multitemplate
GRSM-1-Ro	nifH.fa	997	678	68.0040	10.9950	7	319	31.9960	34	0.5000	20	10	5	0.2000	20	10	pass_mixed_possible_multitemplate
GRSM-1-No	nifH.fa	997	792	79.4383	3481.6038	2316	205	20.5617	0	0.5000	20	10	5	0.2000	20	10	pass_single_dominant
GRSM-3-Rh	nifH.fa	997	614	61.5848	1470.2106	217	383	38.4152	0	0.5000	20	10	5	0.2000	20	10	pass_single_dominant
GRSM-3-Ro	nifH.fa	997	777	77.9338	15.3992	4	220	22.0662	43	0.5000	20	10	5	0.2000	20	10	pass_mixed_possible_multitemplate
GRSM-4-2-No	nifH.fa	997	760	76.2287	143.3852	10	237	23.7713	19	0.5000	20	10	5	0.2000	20	10	pass_mixed_possible_multitemplate
GRSM-4-2-Rh	nifH.fa	997	654	65.5968	32.0030	1	343	34.4032	5	0.5000	20	10	5	0.2000	20	10	pass_single_dominant
GRSM-4-2-Ro	nifH.fa	997	802	80.4413	85.7773	9	195	19.5587	1	0.5000	20	10	5	0.2000	20	10	pass_single_dominant
GUAN-10-No	nifH.fa	997	727	72.9188	8.3240	3	270	27.0812	21	0.5000	20	10	5	0.2000	20	10	pass_mixed_possible_multitemplate
GUAN-10-Rh	nifH.fa	997	714	71.6148	7.3511	3	283	28.3852	10	0.5000	20	10	5	0.2000	20	10	pass_single_dominant
GUAN-10-Ro	nifH.fa	997	796	79.8395	9.9278	3	201	20.1605	7	0.5000	20	10	5	0.2000	20	10	pass_single_dominant
GUAN-1-No	nifH.fa	997	773	77.5326	24.8345	5	224	22.4674	35	0.5000	20	10	5	0.2000	20	10	pass_mixed_possible_multitemplate
GUAN-1-Rh	nifH.fa	997	798	80.0401	9.2357	4	199	19.9599	19	0.5000	20	10	5	0.2000	20	10	pass_mixed_possible_multitemplate
GUAN-1-Ro	nifH.fa	997	746	74.8245	67.6820	5	251	25.1755	16	0.5000	20	10	5	0.2000	20	10	pass_mixed_possible_multitemplate
GRSM-3-No	nifH.fa	997	665	66.7001	3564.6479	3063	332	33.2999	0	0.5000	20	10	5	0.2000	20	10	pass_single_dominant
GUAN-2-Rh	nifH.fa	997	830	83.2497	232.6851	12	167	16.7503	1	0.5000	20	10	5	0.2000	20	10	pass_single_dominant
GUAN-2-Ro	nifH.fa	997	829	83.1494	72.1093	61	168	16.8506	59	0.5000	20	10	5	0.2000	20	10	pass_mixed_possible_multitemplate
GUAN-2-No	nifH.fa	997	833	83.5507	3644.9228	3956	164	16.4493	17	0.4830	20	10	5	0.2000	20	10	pass_mixed_possible_multitemplate
GUAN-3-No	nifH.fa	997	811	81.3440	2534.4634	969	186	18.6560	7	0.5000	20	10	5	0.2000	20	10	pass_single_dominant
GUAN-3-Rh	nifH.fa	997	778	78.0341	1352.8265	220	219	21.9659	28	0.5000	20	10	5	0.2000	20	10	pass_mixed_possible_multitemplate
GUAN-3-Ro	nifH.fa	997	783	78.5356	345.1856	7	214	21.4644	6	0.5000	20	10	5	0.2000	20	10	pass_single_dominant
GUAN-4-Rh	nifH.fa	997	739	74.1224	114.9940	10	258	25.8776	22	0.5000	20	10	5	0.2000	20	10	pass_mixed_possible_multitemplate
GUAN-4-No	nifH.fa	997	824	82.6479	2772.5848	261	173	17.3521	0	0.5000	20	10	5	0.2000	20	10	pass_single_dominant
GUAN-5-Rh	nifH.fa	997	833	83.5507	1546.3691	411	164	16.4493	4	0.5000	20	10	5	0.2000	20	10	pass_single_dominant
GUAN-5-Ro	nifH.fa	997	833	83.5507	239.5938	107	164	16.4493	39	0.5000	20	10	5	0.2000	20	10	pass_mixed_possible_multitemplate
GUAN-5-No	nifH.fa	997	833	83.5507	4652.3581	6203	164	16.4493	6	0.2406	20	10	5	0.2000	20	10	pass_single_dominant
GUAN-6-3-No	nifH.fa	997	728	73.0191	1869.7021	1188	269	26.9809	14	0.5000	20	10	5	0.2000	20	10	pass_mixed_possible_multitemplate
GUAN-6-3-Ro	nifH.fa	997	669	67.1013	11.2929	6	328	32.8987	20	0.5000	20	10	5	0.2000	20	10	pass_mixed_possible_multitemplate
GUAN-6-3-Rh	nifH.fa	997	746	74.8245	3071.8375	2356	251	25.1755	14	0.5000	20	10	5	0.2000	20	10	pass_mixed_possible_multitemplate
GUAN-7-1-No	nifH.fa	997	753	75.5266	3822.3049	4593	244	24.4734	33	0.5000	20	10	5	0.2000	20	10	pass_mixed_possible_multitemplate
GUAN-7-1-Ro	nifH.fa	997	801	80.3410	12.1404	5	196	19.6590	7	0.5000	20	10	5	0.2000	20	10	pass_single_dominant
GUAN-7-1-Rh	nifH.fa	997	811	81.3440	3070.2477	2231	186	18.6560	13	0.4917	20	10	5	0.2000	20	10	pass_mixed_possible_multitemplate
GUAN-8-Rh	nifH.fa	997	792	79.4383	746.1414	5	205	20.5617	15	0.5000	20	10	5	0.2000	20	10	pass_mixed_possible_multitemplate
GUAN-8-Ro	nifH.fa	997	804	80.6419	1257.1946	9	193	19.3581	23	0.5000	20	10	5	0.2000	20	10	pass_mixed_possible_multitemplate
GUAN-9-1-No	nifH.fa	997	707	70.9127	2650.9579	1884	290	29.0873	13	0.4992	20	10	5	0.2000	20	10	pass_mixed_possible_multitemplate
GUAN-9-1-Rh	nifH.fa	997	834	83.6510	1338.3089	710	163	16.3490	16	0.4468	20	10	5	0.2000	20	10	pass_mixed_possible_multitemplate
GUAN-9-1-Ro	nifH.fa	997	833	83.5507	156.6239	10	164	16.4493	22	0.5000	20	10	5	0.2000	20	10	pass_mixed_possible_multitemplate
GUAN-8-No	nifH.fa	997	831	83.3501	3092.1494	1401	166	16.6499	0	0.5000	20	10	5	0.2000	20	10	pass_single_dominant
HARV-1-1-Rh	nifH.fa	997	829	83.1494	26.9077	14	168	16.8506	58	0.5000	20	10	5	0.2000	20	10	pass_mixed_possible_multitemplate
HARV-1-1-Ro	nifH.fa	997	710	71.2136	516.4985	442	287	28.7864	27	0.4933	20	10	5	0.2000	20	10	pass_mixed_possible_multitemplate
HARV-1-2-No	nifH.fa	997	756	75.8275	247.7533	67	241	24.1725	44	0.5000	20	10	5	0.2000	20	10	pass_mixed_possible_multitemplate
HARV-1-2-Ro	nifH.fa	997	606	60.7823	98.0100	3	391	39.2177	0	0.5000	20	10	5	0.2000	20	10	pass_single_dominant
HARV-1-3-Ro	nifH.fa	997	616	61.7854	2232.6810	98	381	38.2146	6	0.4751	20	10	5	0.2000	20	10	pass_single_dominant
HARV-1-1-No	nifH.fa	997	827	82.9488	3322.0612	1755	170	17.0512	2	0.5000	20	10	5	0.2000	20	10	pass_single_dominant
HARV-2-1-No	nifH.fa	997	828	83.0491	1650.8917	49	169	16.9509	29	0.4667	20	10	5	0.2000	20	10	pass_mixed_possible_multitemplate
HARV-2-1-Rh	nifH.fa	997	710	71.2136	897.5446	482	287	28.7864	13	0.4280	20	10	5	0.2000	20	10	pass_mixed_possible_multitemplate
HARV-2-3-No	nifH.fa	997	705	70.7121	64.3661	16	292	29.2879	54	0.4902	20	10	5	0.2000	20	10	pass_mixed_possible_multitemplate
HARV-2-1-Ro	nifH.fa	997	772	77.4323	683.7081	438	225	22.5677	54	0.4710	20	10	5	0.2000	20	10	pass_mixed_possible_multitemplate
HARV-3-1-Rh	nifH.fa	997	712	71.4142	259.3641	129	285	28.5858	33	0.4993	20	10	5	0.2000	20	10	pass_mixed_possible_multitemplate
HARV-3-1-Ro	nifH.fa	997	828	83.0491	71.3280	28	169	16.9509	55	0.5000	20	10	5	0.2000	20	10	pass_mixed_possible_multitemplate
HARV-4-1-No	nifH.fa	997	830	83.2497	3647.9870	2022	167	16.7503	2	0.5000	20	10	5	0.2000	20	10	pass_single_dominant
HARV-3-1-No	nifH.fa	997	728	73.0191	3282.6419	1038	269	26.9809	0	0.4444	20	10	5	0.2000	20	10	pass_single_dominant
HARV-4-1-Ro	nifH.fa	997	799	80.1404	41.0923	13	198	19.8596	35	0.5000	20	10	5	0.2000	20	10	pass_mixed_possible_multitemplate
HEAL-10-1-No	nifH.fa	997	766	76.8305	238.4905	53	231	23.1695	74	0.5000	20	10	5	0.2000	20	10	pass_mixed_possible_multitemplate
HARV-4-1-Rh	nifH.fa	997	648	64.9950	1775.5216	534	349	35.0050	4	0.3920	20	10	5	0.2000	20	10	pass_single_dominant
HEAL-10-2-No	nifH.fa	997	835	83.7513	144.3781	74	162	16.2487	75	0.4950	20	10	5	0.2000	20	10	pass_mixed_possible_multitemplate
HEAL-10-1-Ro	nifH.fa	997	627	62.8887	1490.6038	2	370	37.1113	52	0.4887	20	10	5	0.2000	20	10	pass_mixed_possible_multitemplate
HEAL-10-2-Ro	nifH.fa	997	827	82.9488	43.1986	17	170	17.0512	32	0.5000	20	10	5	0.2000	20	10	pass_mixed_possible_multitemplate
HEAL-10-2-Rh	nifH.fa	997	776	77.8335	623.8556	210	221	22.1665	78	0.4834	20	10	5	0.2000	20	10	pass_mixed_possible_multitemplate
HEAL-11-1-No	nifH.fa	997	741	74.3230	38.8014	23	256	25.6770	36	0.5000	20	10	5	0.2000	20	10	pass_mixed_possible_multitemplate
HEAL-12-1-No	nifH.fa	997	716	71.8154	45.1615	22	281	28.1846	54	0.5000	20	10	5	0.2000	20	10	pass_mixed_possible_multitemplate
HEAL-11-1-Rh	nifH.fa	997	835	83.7513	1812.9549	826	162	16.2487	23	0.5000	20	10	5	0.2000	20	10	pass_mixed_possible_multitemplate
HEAL-12-1-Rh	nifH.fa	997	763	76.5296	1902.9509	1406	234	23.4704	14	0.4998	20	10	5	0.2000	20	10	pass_mixed_possible_multitemplate
HEAL-1-2-Rh	nifH.fa	997	823	82.5476	1856.9188	498	174	17.4524	17	0.5000	20	10	5	0.2000	20	10	pass_mixed_possible_multitemplate
HEAL-1-2-Ro	nifH.fa	997	752	75.4263	62.2207	34	245	24.5737	25	0.5000	20	10	5	0.2000	20	10	pass_mixed_possible_multitemplate
HEAL-13-1-No	nifH.fa	997	722	72.4173	59.0261	9	275	27.5827	42	0.5000	20	10	5	0.2000	20	10	pass_mixed_possible_multitemplate
HEAL-13-1-Rh	nifH.fa	997	708	71.0130	1907.6499	1079	289	28.9870	12	0.5000	20	10	5	0.2000	20	10	pass_mixed_possible_multitemplate
HEAL-1-2-No	nifH.fa	997	804	80.6419	2176.1244	64	193	19.3581	26	0.5000	20	10	5	0.2000	20	10	pass_mixed_possible_multitemplate
HEAL-14-1-No	nifH.fa	997	797	79.9398	315.4714	76	200	20.0602	20	0.4530	20	10	5	0.2000	20	10	pass_mixed_possible_multitemplate
HEAL-13-2-Rh	nifH.fa	997	706	70.8124	1835.3701	63	291	29.1876	15	0.4737	20	10	5	0.2000	20	10	pass_mixed_possible_multitemplate
HEAL-14-1-Rh	nifH.fa	997	824	82.6479	2158.2788	1225	173	17.3521	16	0.5000	20	10	5	0.2000	20	10	pass_mixed_possible_multitemplate
HEAL-15-1-No	nifH.fa	997	786	78.8365	31.5125	12	211	21.1635	52	0.5000	20	10	5	0.2000	20	10	pass_mixed_possible_multitemplate
HEAL-15-1-Ro	nifH.fa	997	699	70.1103	185.5878	19	298	29.8897	18	0.4783	20	10	5	0.2000	20	10	pass_mixed_possible_multitemplate
HEAL-15-2-No	nifH.fa	997	596	59.7793	28.6038	1	401	40.2207	25	0.5000	20	10	5	0.2000	20	10	fail_high_N
HEAL-2-1-No	nifH.fa	997	841	84.3531	33.9368	17	156	15.6469	65	0.5000	20	10	5	0.2000	20	10	pass_mixed_possible_multitemplate
HEAL-15-1-Rh	nifH.fa	997	764	76.6299	1931.2497	1196	233	23.3701	13	0.5000	20	10	5	0.2000	20	10	pass_mixed_possible_multitemplate
HEAL-2-1-Ro	nifH.fa	997	683	68.5055	95.1404	10	314	31.4945	28	0.4806	20	10	5	0.2000	20	10	pass_mixed_possible_multitemplate
HEAL-3-1-No	nifH.fa	997	816	81.8455	1507.0933	29	181	18.1545	47	0.5000	20	10	5	0.2000	20	10	pass_mixed_possible_multitemplate
HEAL-2-1-Rh	nifH.fa	997	804	80.6419	3207.3831	2002	193	19.3581	10	0.5000	20	10	5	0.2000	20	10	pass_single_dominant
HEAL-4-1-No	nifH.fa	997	841	84.3531	61.3952	41	156	15.6469	89	0.4942	20	10	5	0.2000	20	10	pass_mixed_possible_multitemplate
HEAL-3-1-Rh	nifH.fa	997	805	80.7422	2822.1966	950	192	19.2578	33	0.5000	20	10	5	0.2000	20	10	pass_mixed_possible_multitemplate
HEAL-4-1-Ro	nifH.fa	997	805	80.7422	24.0181	9	192	19.2578	25	0.5000	20	10	5	0.2000	20	10	pass_mixed_possible_multitemplate
HEAL-4-2-Rh	nifH.fa	997	710	71.2136	77.6349	31	287	28.7864	50	0.4802	20	10	5	0.2000	20	10	pass_mixed_possible_multitemplate
HEAL-5-1-Rh	nifH.fa	997	681	68.3049	99.3872	19	316	31.6951	56	0.4934	20	10	5	0.2000	20	10	pass_mixed_possible_multitemplate
HEAL-4-1-Rh	nifH.fa	997	730	73.2197	2158.1033	412	267	26.7803	17	0.5000	20	10	5	0.2000	20	10	pass_mixed_possible_multitemplate
HEAL-5-1-Ro	nifH.fa	997	730	73.2197	32.9850	21	267	26.7803	81	0.5000	20	10	5	0.2000	20	10	pass_mixed_possible_multitemplate
HEAL-5-2-Rh	nifH.fa	997	799	80.1404	1464.7432	531	198	19.8596	31	0.4818	20	10	5	0.2000	20	10	pass_mixed_possible_multitemplate
HEAL-5-2-Ro	nifH.fa	997	604	60.5817	33.0181	1	393	39.4183	4	0.4771	20	10	5	0.2000	20	10	pass_single_dominant
HEAL-5-2-No	nifH.fa	997	836	83.8516	1839.1515	36	161	16.1484	66	0.5000	20	10	5	0.2000	20	10	pass_mixed_possible_multitemplate
HEAL-6-1-Ro	nifH.fa	997	770	77.2317	23.7242	5	227	22.7683	13	0.5000	20	10	5	0.2000	20	10	pass_mixed_possible_multitemplate
HEAL-7-1-No	nifH.fa	997	738	74.0221	581.9358	47	259	25.9779	31	0.5000	20	10	5	0.2000	20	10	pass_mixed_possible_multitemplate
HEAL-6-1-Rh	nifH.fa	997	806	80.8425	2416.8205	1116	191	19.1575	32	0.4616	20	10	5	0.2000	20	10	pass_mixed_possible_multitemplate
HEAL-7-1-Ro	nifH.fa	997	835	83.7513	790.3942	22	162	16.2487	44	0.5000	20	10	5	0.2000	20	10	pass_mixed_possible_multitemplate
HEAL-8-1-No	nifH.fa	997	799	80.1404	20.3440	7	198	19.8596	46	0.5000	20	10	5	0.2000	20	10	pass_mixed_possible_multitemplate
HEAL-7-1-Rh	nifH.fa	997	792	79.4383	2555.3029	1127	205	20.5617	10	0.5000	20	10	5	0.2000	20	10	pass_single_dominant
HEAL-8-1-Ro	nifH.fa	997	804	80.6419	372.6800	218	193	19.3581	27	0.5000	20	10	5	0.2000	20	10	pass_mixed_possible_multitemplate
HEAL-8-1-Rh	nifH.fa	997	710	71.2136	2009.6841	206	287	28.7864	17	0.5000	20	10	5	0.2000	20	10	pass_mixed_possible_multitemplate
HEAL-9-1-Rh	nifH.fa	997	771	77.3320	655.0261	163	226	22.6680	65	0.5000	20	10	5	0.2000	20	10	pass_mixed_possible_multitemplate
HEAL-9-1-Ro	nifH.fa	997	782	78.4353	175.7422	73	215	21.5647	40	0.4958	20	10	5	0.2000	20	10	pass_mixed_possible_multitemplate
HEAL-9-1-No	nifH.fa	997	841	84.3531	1821.2628	56	156	15.6469	19	0.5000	20	10	5	0.2000	20	10	pass_mixed_possible_multitemplate
JERC-100-1-No	nifH.fa	997	759	76.1284	144.8917	12	238	23.8716	8	0.5000	20	10	5	0.2000	20	10	pass_single_dominant
HEAL-9-2-No	nifH.fa	997	762	76.4293	1130.9579	53	235	23.5707	24	0.5000	20	10	5	0.2000	20	10	pass_mixed_possible_multitemplate
JERC-100-1-Ro	nifH.fa	997	732	73.4203	40.3731	4	265	26.5797	8	0.5000	20	10	5	0.2000	20	10	pass_single_dominant
JERC-100-1-Rh	nifH.fa	997	827	82.9488	1965.0070	353	170	17.0512	33	0.4917	20	10	5	0.2000	20	10	pass_mixed_possible_multitemplate
JERC-102-1-Rh	nifH.fa	997	842	84.4534	1146.5938	37	155	15.5466	11	0.5000	20	10	5	0.2000	20	10	pass_mixed_possible_multitemplate
JERC-102-1-Ro	nifH.fa	997	800	80.2407	36.3460	22	197	19.7593	66	0.5000	20	10	5	0.2000	20	10	pass_mixed_possible_multitemplate
JERC-10-3-Rh	nifH.fa	997	792	79.4383	558.5988	39	205	20.5617	44	0.5000	20	10	5	0.2000	20	10	pass_mixed_possible_multitemplate
JERC-10-3-No	nifH.fa	997	804	80.6419	2083.6309	11	193	19.3581	1	0.4286	20	10	5	0.2000	20	10	pass_single_dominant
JERC-106-1-Rh	nifH.fa	997	821	82.3470	630.9529	468	176	17.6530	18	0.5000	20	10	5	0.2000	20	10	pass_mixed_possible_multitemplate
JERC-106-1-No	nifH.fa	997	796	79.8395	2957.2417	1105	201	20.1605	4	0.5000	20	10	5	0.2000	20	10	pass_single_dominant
JERC-107-1-Ro	nifH.fa	997	655	65.6971	757.1374	4	342	34.3029	5	0.5000	20	10	5	0.2000	20	10	pass_single_dominant
JERC-107-1-No	nifH.fa	997	633	63.4905	2820.0923	9	364	36.5095	1	0.3333	20	10	5	0.2000	20	10	pass_single_dominant
JERC-109-1-No	nifH.fa	997	751	75.3260	2940.6229	1240	246	24.6740	1	0.5000	20	10	5	0.2000	20	10	pass_single_dominant
JERC-110-4-Rh	nifH.fa	997	740	74.2227	1523.6530	190	257	25.7773	45	0.4901	20	10	5	0.2000	20	10	pass_mixed_possible_multitemplate
JERC-110-4-Ro	nifH.fa	997	833	83.5507	226.1494	55	164	16.4493	29	0.5000	20	10	5	0.2000	20	10	pass_mixed_possible_multitemplate
JERC-110-4-No	nifH.fa	997	777	77.9338	2548.1464	20	220	22.0662	1	0.5000	20	10	5	0.2000	20	10	pass_single_dominant
JERC-111-3-No	nifH.fa	997	707	70.9127	3272.0331	3710	290	29.0873	14	0.4202	20	10	5	0.2000	20	10	pass_mixed_possible_multitemplate
JERC-111-3-Rh	nifH.fa	997	720	72.2166	3643.8806	4261	277	27.7834	7	0.5000	20	10	5	0.2000	20	10	pass_single_dominant
JERC-11-1-Rh	nifH.fa	997	831	83.3501	168.5466	17	166	16.6499	10	0.5000	20	10	5	0.2000	20	10	pass_single_dominant
JERC-11-1-Ro	nifH.fa	997	820	82.2467	202.4092	36	177	17.7533	57	0.5000	20	10	5	0.2000	20	10	pass_mixed_possible_multitemplate
JERC-112-1-No	nifH.fa	997	698	70.0100	112.8887	80	299	29.9900	25	0.4884	20	10	5	0.2000	20	10	pass_mixed_possible_multitemplate
JERC-112-1-Rh	nifH.fa	997	757	75.9278	2271.2728	878	240	24.0722	18	0.4974	20	10	5	0.2000	20	10	pass_mixed_possible_multitemplate
JERC-113-3-No	nifH.fa	997	820	82.2467	2852.9027	1006	177	17.7533	11	0.5000	20	10	5	0.2000	20	10	pass_mixed_possible_multitemplate
JERC-113-3-Rh	nifH.fa	997	714	71.6148	1686.6911	1165	283	28.3852	10	0.5000	20	10	5	0.2000	20	10	pass_single_dominant
JERC-114-3-No	nifH.fa	997	760	76.2287	2125.0903	1236	237	23.7713	29	0.4993	20	10	5	0.2000	20	10	pass_mixed_possible_multitemplate
JERC-114-3-Rh	nifH.fa	997	722	72.4173	3794.3531	5084	275	27.5827	42	0.4578	20	10	5	0.2000	20	10	pass_mixed_possible_multitemplate
JERC-119-No	nifH.fa	997	835	83.7513	2277.2477	783	162	16.2487	66	0.4756	20	10	5	0.2000	20	10	pass_mixed_possible_multitemplate
JERC-119-Rh	nifH.fa	997	835	83.7513	3794.2959	4364	162	16.2487	13	0.4994	20	10	5	0.2000	20	10	pass_mixed_possible_multitemplate
JERC-119-Ro	nifH.fa	997	835	83.7513	2827.2738	1895	162	16.2487	24	0.4981	20	10	5	0.2000	20	10	pass_mixed_possible_multitemplate
JERC-120-No	nifH.fa	997	836	83.8516	2550.0000	687	161	16.1484	22	0.5000	20	10	5	0.2000	20	10	pass_mixed_possible_multitemplate
JERC-120-Rh	nifH.fa	997	833	83.5507	329.3631	135	164	16.4493	58	0.4932	20	10	5	0.2000	20	10	pass_mixed_possible_multitemplate
JERC-120-Ro	nifH.fa	997	672	67.4022	908.3129	16	325	32.5978	12	0.5000	20	10	5	0.2000	20	10	pass_mixed_possible_multitemplate
JERC-11-1-No	nifH.fa	997	775	77.7332	2148.9127	65	222	22.2668	50	0.5000	20	10	5	0.2000	20	10	pass_mixed_possible_multitemplate
JERC-121-No	nifH.fa	997	833	83.5507	1987.1625	890	164	16.4493	70	0.4920	20	10	5	0.2000	20	10	pass_mixed_possible_multitemplate
JERC-12-1-Rh	nifH.fa	997	824	82.6479	31.6339	20	173	17.3521	47	0.5000	20	10	5	0.2000	20	10	pass_mixed_possible_multitemplate
JERC-12-1-No	nifH.fa	997	837	83.9519	2223.9157	39	160	16.0481	45	0.4839	20	10	5	0.2000	20	10	pass_mixed_possible_multitemplate
JERC-12-1-Ro	nifH.fa	997	735	73.7212	104.6058	8	262	26.2788	14	0.5000	20	10	5	0.2000	20	10	pass_mixed_possible_multitemplate
JERC-121-Ro	nifH.fa	997	833	83.5507	1171.5456	1149	164	16.4493	21	0.5000	20	10	5	0.2000	20	10	pass_mixed_possible_multitemplate
JERC-121-Rh	nifH.fa	997	775	77.7332	2268.1284	642	222	22.2668	52	0.4837	20	10	5	0.2000	20	10	pass_mixed_possible_multitemplate
JERC-122-Rh	nifH.fa	997	801	80.3410	356.1244	135	196	19.6590	3	0.5000	20	10	5	0.2000	20	10	pass_single_dominant
JERC-122-No	nifH.fa	997	835	83.7513	3104.4243	2065	162	16.2487	36	0.4937	20	10	5	0.2000	20	10	pass_mixed_possible_multitemplate
JERC-122-Ro	nifH.fa	997	833	83.5507	1560.8255	273	164	16.4493	42	0.4938	20	10	5	0.2000	20	10	pass_mixed_possible_multitemplate
JERC-123-Rh	nifH.fa	997	811	81.3440	542.6790	52	186	18.6560	28	0.5000	20	10	5	0.2000	20	10	pass_mixed_possible_multitemplate
JERC-123-Ro	nifH.fa	997	833	83.5507	895.9559	135	164	16.4493	42	0.4993	20	10	5	0.2000	20	10	pass_mixed_possible_multitemplate
JERC-124-2-No	nifH.fa	997	833	83.5507	343.5065	10	164	16.4493	15	0.5000	20	10	5	0.2000	20	10	pass_mixed_possible_multitemplate
JERC-123-No	nifH.fa	997	801	80.3410	2542.4413	14	196	19.6590	20	0.5000	20	10	5	0.2000	20	10	pass_mixed_possible_multitemplate
JERC-124-2-Rh	nifH.fa	997	638	63.9920	218.8185	4	359	36.0080	18	0.5000	20	10	5	0.2000	20	10	pass_mixed_possible_multitemplate
JERC-124-2-Ro	nifH.fa	997	688	69.0070	873.7543	73	309	30.9930	30	0.5000	20	10	5	0.2000	20	10	pass_mixed_possible_multitemplate
JERC-126-4-Rh	nifH.fa	997	711	71.3139	356.7643	11	286	28.6861	0	0.4545	20	10	5	0.2000	20	10	pass_single_dominant
JERC-126-4-Ro	nifH.fa	997	707	70.9127	51.9428	12	290	29.0873	39	0.4709	20	10	5	0.2000	20	10	pass_mixed_possible_multitemplate
JERC-126-4-No	nifH.fa	997	835	83.7513	2212.1555	25	162	16.2487	10	0.5000	20	10	5	0.2000	20	10	pass_single_dominant
JERC-127-2-Rh	nifH.fa	997	835	83.7513	1269.0461	171	162	16.2487	35	0.5000	20	10	5	0.2000	20	10	pass_mixed_possible_multitemplate
JERC-127-2-Ro	nifH.fa	997	833	83.5507	562.0853	124	164	16.4493	5	0.5000	20	10	5	0.2000	20	10	pass_single_dominant
JERC-127-2-No	nifH.fa	997	835	83.7513	2245.0873	11	162	16.2487	4	0.5000	20	10	5	0.2000	20	10	pass_single_dominant
JERC-128-2-Rh	nifH.fa	997	832	83.4504	295.4915	12	165	16.5496	32	0.5000	20	10	5	0.2000	20	10	pass_mixed_possible_multitemplate
JERC-128-2-Ro	nifH.fa	997	831	83.3501	278.0271	18	166	16.6499	48	0.5000	20	10	5	0.2000	20	10	pass_mixed_possible_multitemplate
JERC-128-2-No	nifH.fa	997	723	72.5176	2643.1043	179	274	27.4824	4	0.3099	20	10	5	0.2000	20	10	pass_single_dominant
JERC-129-4-No	nifH.fa	997	833	83.5507	3484.6570	2503	164	16.4493	23	0.5000	20	10	5	0.2000	20	10	pass_mixed_possible_multitemplate
JERC-129-4-Ro	nifH.fa	997	803	80.5416	73.8606	40	194	19.4584	50	0.5000	20	10	5	0.2000	20	10	pass_mixed_possible_multitemplate
JERC-129-4-Rh	nifH.fa	997	753	75.5266	2608.0933	2248	244	24.4734	49	0.5000	20	10	5	0.2000	20	10	pass_mixed_possible_multitemplate
JERC-1-2-Rh	nifH.fa	997	833	83.5507	1041.4112	459	164	16.4493	25	0.4982	20	10	5	0.2000	20	10	pass_mixed_possible_multitemplate
JERC-1-2-Ro	nifH.fa	997	771	77.3320	357.5366	23	226	22.6680	29	0.5000	20	10	5	0.2000	20	10	pass_mixed_possible_multitemplate
JERC-131-No	nifH.fa	997	832	83.4504	5342.5697	6896	165	16.5496	3	0.4369	20	10	5	0.2000	20	10	pass_single_dominant
JERC-131-Rh	nifH.fa	997	807	80.9428	1669.1956	853	190	19.0572	26	0.4993	20	10	5	0.2000	20	10	pass_mixed_possible_multitemplate
JERC-131-Ro	nifH.fa	997	833	83.5507	2873.2146	2665	164	16.4493	12	0.4705	20	10	5	0.2000	20	10	pass_mixed_possible_multitemplate
JERC-132-3-No	nifH.fa	997	827	82.9488	9.2778	8	170	17.0512	14	0.5000	20	10	5	0.2000	20	10	pass_mixed_possible_multitemplate
JERC-132-3-Rh	nifH.fa	997	830	83.2497	1748.1775	527	167	16.7503	8	0.5000	20	10	5	0.2000	20	10	pass_single_dominant
JERC-132-3-Ro	nifH.fa	997	832	83.4504	197.8696	138	165	16.5496	26	0.4697	20	10	5	0.2000	20	10	pass_mixed_possible_multitemplate
JERC-13-3-No	nifH.fa	997	826	82.8485	19.6479	12	171	17.1515	47	0.5000	20	10	5	0.2000	20	10	pass_mixed_possible_multitemplate
JERC-13-3-Rh	nifH.fa	997	831	83.3501	49.6038	9	166	16.6499	21	0.5000	20	10	5	0.2000	20	10	pass_mixed_possible_multitemplate
JERC-13-3-Ro	nifH.fa	997	830	83.2497	3496.0461	4193	167	16.7503	15	0.5000	20	10	5	0.2000	20	10	pass_mixed_possible_multitemplate
JERC-134-3-No	nifH.fa	997	797	79.9398	18.2608	6	200	20.0602	39	0.5000	20	10	5	0.2000	20	10	pass_mixed_possible_multitemplate
JERC-134-3-Rh	nifH.fa	997	804	80.6419	2285.6379	757	193	19.3581	26	0.5000	20	10	5	0.2000	20	10	pass_mixed_possible_multitemplate
JERC-134-3-Ro	nifH.fa	997	846	84.8546	147.2317	78	151	15.1454	48	0.5000	20	10	5	0.2000	20	10	pass_mixed_possible_multitemplate
JERC-135-3-No	nifH.fa	997	808	81.0431	2690.6740	644	189	18.9569	8	0.4701	20	10	5	0.2000	20	10	pass_single_dominant
JERC-135-3-Rh	nifH.fa	997	833	83.5507	2948.9278	1533	164	16.4493	7	0.5000	20	10	5	0.2000	20	10	pass_single_dominant
JERC-135-3-Ro	nifH.fa	997	682	68.4052	40.6560	4	315	31.5948	19	0.5000	20	10	5	0.2000	20	10	pass_mixed_possible_multitemplate
JERC-136-No	nifH.fa	997	769	77.1314	1106.3480	6	228	22.8686	11	0.5000	20	10	5	0.2000	20	10	pass_mixed_possible_multitemplate
JERC-136-Rh	nifH.fa	997	716	71.8154	765.8566	270	281	28.1846	13	0.5000	20	10	5	0.2000	20	10	pass_mixed_possible_multitemplate
JERC-136-Ro	nifH.fa	997	777	77.9338	124.6459	45	220	22.0662	18	0.5000	20	10	5	0.2000	20	10	pass_mixed_possible_multitemplate
JERC-138-Rh	nifH.fa	997	834	83.6510	1243.1184	391	163	16.3490	18	0.4706	20	10	5	0.2000	20	10	pass_mixed_possible_multitemplate
JERC-138-Ro	nifH.fa	997	833	83.5507	62.9117	18	164	16.4493	42	0.5000	20	10	5	0.2000	20	10	pass_mixed_possible_multitemplate
JERC-139-5-No	nifH.fa	997	833	83.5507	360.2798	238	164	16.4493	17	0.4679	20	10	5	0.2000	20	10	pass_mixed_possible_multitemplate
JERC-139-5-Rh	nifH.fa	997	771	77.3320	1012.4082	9	226	22.6680	4	0.4656	20	10	5	0.2000	20	10	pass_single_dominant
JERC-139-5-Ro	nifH.fa	997	808	81.0431	218.7693	120	189	18.9569	17	0.5000	20	10	5	0.2000	20	10	pass_mixed_possible_multitemplate
JERC-140-No	nifH.fa	997	776	77.8335	146.9529	16	221	22.1665	9	0.5000	20	10	5	0.2000	20	10	pass_single_dominant
JERC-140-Rh	nifH.fa	997	834	83.6510	1722.1003	87	163	16.3490	16	0.5000	20	10	5	0.2000	20	10	pass_mixed_possible_multitemplate
JERC-140-Ro	nifH.fa	997	803	80.5416	201.4243	73	194	19.4584	22	0.5000	20	10	5	0.2000	20	10	pass_mixed_possible_multitemplate
JERC-141-No	nifH.fa	997	774	77.6329	812.5637	78	223	22.3671	7	0.4449	20	10	5	0.2000	20	10	pass_single_dominant
JERC-141-Rh	nifH.fa	997	829	83.1494	400.8094	12	168	16.8506	27	0.5000	20	10	5	0.2000	20	10	pass_mixed_possible_multitemplate
JERC-141-Ro	nifH.fa	997	800	80.2407	10.9298	7	197	19.7593	26	0.5000	20	10	5	0.2000	20	10	pass_mixed_possible_multitemplate
JERC-142-No	nifH.fa	997	827	82.9488	74.9639	15	170	17.0512	41	0.5000	20	10	5	0.2000	20	10	pass_mixed_possible_multitemplate
JERC-142-Rh	nifH.fa	997	827	82.9488	61.5155	4	170	17.0512	12	0.5000	20	10	5	0.2000	20	10	pass_mixed_possible_multitemplate
JERC-143-No	nifH.fa	997	790	79.2377	2728.9448	159	207	20.7623	4	0.5000	20	10	5	0.2000	20	10	pass_single_dominant
JERC-143-Ro	nifH.fa	997	832	83.4504	91.6088	25	165	16.5496	49	0.4970	20	10	5	0.2000	20	10	pass_mixed_possible_multitemplate
JERC-144-No	nifH.fa	997	714	71.6148	879.7432	70	283	28.3852	15	0.5000	20	10	5	0.2000	20	10	pass_mixed_possible_multitemplate
JERC-144-Rh	nifH.fa	997	835	83.7513	148.0782	114	162	16.2487	85	0.5000	20	10	5	0.2000	20	10	pass_mixed_possible_multitemplate
JERC-144-Ro	nifH.fa	997	750	75.2257	37.9117	7	247	24.7743	36	0.5000	20	10	5	0.2000	20	10	pass_mixed_possible_multitemplate
JERC-145-1-No	nifH.fa	997	750	75.2257	1794.4534	556	247	24.7743	21	0.5000	20	10	5	0.2000	20	10	pass_mixed_possible_multitemplate
JERC-145-1-Rh	nifH.fa	997	834	83.6510	1681.1976	648	163	16.3490	6	0.5000	20	10	5	0.2000	20	10	pass_single_dominant
JERC-145-1-Ro	nifH.fa	997	694	69.6088	47.3109	4	303	30.3912	47	0.5000	20	10	5	0.2000	20	10	pass_mixed_possible_multitemplate
JERC-14-5-No	nifH.fa	997	827	82.9488	92.6018	40	170	17.0512	62	0.4877	20	10	5	0.2000	20	10	pass_mixed_possible_multitemplate
JERC-14-5-Rh	nifH.fa	997	830	83.2497	196.1825	63	167	16.7503	58	0.5000	20	10	5	0.2000	20	10	pass_mixed_possible_multitemplate
JERC-14-5-Ro	nifH.fa	997	806	80.8425	8.2437	8	191	19.1575	3	0.5000	20	10	5	0.2000	20	10	pass_single_dominant
JERC-146-Rh	nifH.fa	997	834	83.6510	1528.7272	740	163	16.3490	17	0.4118	20	10	5	0.2000	20	10	pass_mixed_possible_multitemplate
JERC-146-Ro	nifH.fa	997	823	82.5476	29.9448	8	174	17.4524	40	0.5000	20	10	5	0.2000	20	10	pass_mixed_possible_multitemplate
JERC-147-Rh	nifH.fa	997	799	80.1404	17.4062	18	198	19.8596	50	0.5000	20	10	5	0.2000	20	10	pass_mixed_possible_multitemplate
JERC-147-Ro	nifH.fa	997	783	78.5356	194.4393	2	214	21.4644	0	0.5000	20	10	5	0.2000	20	10	pass_single_dominant
JERC-148-No	nifH.fa	997	801	80.3410	1681.4323	8	196	19.6590	32	0.5000	20	10	5	0.2000	20	10	pass_mixed_possible_multitemplate
JERC-148-Rh	nifH.fa	997	794	79.6389	944.1525	10	203	20.3611	5	0.4592	20	10	5	0.2000	20	10	pass_single_dominant
JERC-148-Ro	nifH.fa	997	832	83.4504	311.5075	47	165	16.5496	2	0.5000	20	10	5	0.2000	20	10	pass_single_dominant
JERC-149-No	nifH.fa	997	758	76.0281	667.5216	7	239	23.9719	23	0.5000	20	10	5	0.2000	20	10	pass_mixed_possible_multitemplate
JERC-149-Rh	nifH.fa	997	834	83.6510	1733.8455	428	163	16.3490	19	0.5000	20	10	5	0.2000	20	10	pass_mixed_possible_multitemplate
JERC-149-Ro	nifH.fa	997	835	83.7513	158.5527	99	162	16.2487	55	0.5000	20	10	5	0.2000	20	10	pass_mixed_possible_multitemplate
JERC-1-2-No	nifH.fa	997	836	83.8516	5694.5326	7393	161	16.1484	0	0.5000	20	10	5	0.2000	20	10	pass_single_dominant
JERC-150-No	nifH.fa	997	790	79.2377	2204.9559	668	207	20.7623	1	0.5000	20	10	5	0.2000	20	10	pass_single_dominant
JERC-150-Rh	nifH.fa	997	834	83.6510	216.5286	26	163	16.3490	46	0.5000	20	10	5	0.2000	20	10	pass_mixed_possible_multitemplate
JERC-150-Ro	nifH.fa	997	833	83.5507	339.4383	33	164	16.4493	22	0.5000	20	10	5	0.2000	20	10	pass_mixed_possible_multitemplate
JERC-151-No	nifH.fa	997	832	83.4504	390.9749	121	165	16.5496	32	0.5000	20	10	5	0.2000	20	10	pass_mixed_possible_multitemplate
JERC-151-Ro	nifH.fa	997	832	83.4504	46.3791	29	165	16.5496	86	0.5000	20	10	5	0.2000	20	10	pass_mixed_possible_multitemplate
JERC-151-Rh	nifH.fa	997	787	78.9368	441.1143	11	210	21.0632	28	0.5000	20	10	5	0.2000	20	10	pass_mixed_possible_multitemplate
JERC-152-No	nifH.fa	997	829	83.1494	47.0321	9	168	16.8506	19	0.5000	20	10	5	0.2000	20	10	pass_mixed_possible_multitemplate
JERC-152-Rh	nifH.fa	997	832	83.4504	362.1204	95	165	16.5496	19	0.5000	20	10	5	0.2000	20	10	pass_mixed_possible_multitemplate
JERC-152-Ro	nifH.fa	997	792	79.4383	1240.6369	256	205	20.5617	17	0.5000	20	10	5	0.2000	20	10	pass_mixed_possible_multitemplate
JERC-154-No	nifH.fa	997	805	80.7422	1314.2187	845	192	19.2578	20	0.5000	20	10	5	0.2000	20	10	pass_mixed_possible_multitemplate
JERC-154-Rh	nifH.fa	997	833	83.5507	2844.1986	2438	164	16.4493	19	0.5000	20	10	5	0.2000	20	10	pass_mixed_possible_multitemplate
JERC-154-Ro	nifH.fa	997	795	79.7392	2539.1815	1191	202	20.2608	13	0.4938	20	10	5	0.2000	20	10	pass_mixed_possible_multitemplate
JERC-153-No	nifH.fa	997	836	83.8516	3245.6760	1069	161	16.1484	23	0.4595	20	10	5	0.2000	20	10	pass_mixed_possible_multitemplate
JERC-155-No	nifH.fa	997	835	83.7513	2642.0090	2188	162	16.2487	9	0.5000	20	10	5	0.2000	20	10	pass_single_dominant
JERC-155-Ro	nifH.fa	997	834	83.6510	248.9438	176	163	16.3490	31	0.5000	20	10	5	0.2000	20	10	pass_mixed_possible_multitemplate
JERC-156-No	nifH.fa	997	835	83.7513	2008.4293	142	162	16.2487	11	0.5000	20	10	5	0.2000	20	10	pass_mixed_possible_multitemplate
JERC-155-Rh	nifH.fa	997	833	83.5507	3228.3561	2704	164	16.4493	10	0.5000	20	10	5	0.2000	20	10	pass_single_dominant
JERC-156-Ro	nifH.fa	997	833	83.5507	233.0812	184	164	16.4493	15	0.5000	20	10	5	0.2000	20	10	pass_mixed_possible_multitemplate
JERC-156-Rh	nifH.fa	997	830	83.2497	2422.1444	1331	167	16.7503	19	0.5000	20	10	5	0.2000	20	10	pass_mixed_possible_multitemplate
JERC-157-2-No	nifH.fa	997	817	81.9458	1979.1083	858	180	18.0542	4	0.5000	20	10	5	0.2000	20	10	pass_single_dominant
JERC-157-2-Ro	nifH.fa	997	750	75.2257	95.2066	54	247	24.7743	34	0.5000	20	10	5	0.2000	20	10	pass_mixed_possible_multitemplate
JERC-157-2-Rh	nifH.fa	997	834	83.6510	3067.9809	1671	163	16.3490	21	0.5000	20	10	5	0.2000	20	10	pass_mixed_possible_multitemplate
JERC-158-Rh	nifH.fa	997	715	71.7151	2696.7242	1444	282	28.2849	13	0.4938	20	10	5	0.2000	20	10	pass_mixed_possible_multitemplate
JERC-158-Ro	nifH.fa	997	808	81.0431	568.3621	270	189	18.9569	18	0.4942	20	10	5	0.2000	20	10	pass_mixed_possible_multitemplate
JERC-159-2-No	nifH.fa	997	680	68.2046	734.1384	8	317	31.7954	7	0.5000	20	10	5	0.2000	20	10	pass_single_dominant
JERC-159-2-Rh	nifH.fa	997	715	71.7151	1163.7743	349	282	28.2849	45	0.4963	20	10	5	0.2000	20	10	pass_mixed_possible_multitemplate
JERC-159-2-Ro	nifH.fa	997	827	82.9488	11.6038	10	170	17.0512	42	0.5000	20	10	5	0.2000	20	10	pass_mixed_possible_multitemplate
JERC-158-No	nifH.fa	997	740	74.2227	3685.0321	3660	257	25.7773	13	0.5000	20	10	5	0.2000	20	10	pass_mixed_possible_multitemplate
JERC-160-Rh	nifH.fa	997	815	81.7452	1625.5888	646	182	18.2548	10	0.5000	20	10	5	0.2000	20	10	pass_single_dominant
JERC-160-Ro	nifH.fa	997	834	83.6510	290.5797	15	163	16.3490	6	0.5000	20	10	5	0.2000	20	10	pass_single_dominant
JERC-160-No	nifH.fa	997	768	77.0311	2907.6580	1067	229	22.9689	29	0.4633	20	10	5	0.2000	20	10	pass_mixed_possible_multitemplate
JERC-161-No	nifH.fa	997	833	83.5507	1247.9669	224	164	16.4493	13	0.5000	20	10	5	0.2000	20	10	pass_mixed_possible_multitemplate
JERC-161-Ro	nifH.fa	997	835	83.7513	1298.9248	19	162	16.2487	14	0.5000	20	10	5	0.2000	20	10	pass_mixed_possible_multitemplate
JERC-16-2-No	nifH.fa	997	785	78.7362	51.4162	11	212	21.2638	10	0.5000	20	10	5	0.2000	20	10	pass_single_dominant
JERC-162-No	nifH.fa	997	716	71.8154	1908.3260	908	281	28.1846	51	0.4981	20	10	5	0.2000	20	10	pass_mixed_possible_multitemplate
JERC-16-2-Rh	nifH.fa	997	825	82.7482	33.9689	35	172	17.2518	23	0.4851	20	10	5	0.2000	20	10	pass_mixed_possible_multitemplate
JERC-16-2-Ro	nifH.fa	997	829	83.1494	10.8887	10	168	16.8506	2	0.5000	20	10	5	0.2000	20	10	pass_single_dominant
JERC-161-Rh	nifH.fa	997	811	81.3440	3117.3330	3237	186	18.6560	7	0.5000	20	10	5	0.2000	20	10	pass_single_dominant
JERC-162-Ro	nifH.fa	997	625	62.6881	17.0110	2	372	37.3119	6	0.5000	20	10	5	0.2000	20	10	pass_single_dominant
JERC-163-Rh	nifH.fa	997	805	80.7422	168.8425	80	192	19.2578	36	0.5000	20	10	5	0.2000	20	10	pass_mixed_possible_multitemplate
JERC-163-Ro	nifH.fa	997	709	71.1133	170.2447	3	288	28.8867	9	0.5000	20	10	5	0.2000	20	10	pass_single_dominant
JERC-164-No	nifH.fa	997	716	71.8154	228.3621	134	281	28.1846	46	0.5000	20	10	5	0.2000	20	10	pass_mixed_possible_multitemplate
JERC-164-Rh	nifH.fa	997	715	71.7151	2630.6620	1152	282	28.2849	7	0.3956	20	10	5	0.2000	20	10	pass_single_dominant
JERC-164-Ro	nifH.fa	997	833	83.5507	794.0943	468	164	16.4493	15	0.4970	20	10	5	0.2000	20	10	pass_mixed_possible_multitemplate
JERC-163-No	nifH.fa	997	709	71.1133	2934.7974	542	288	28.8867	1	0.5000	20	10	5	0.2000	20	10	pass_single_dominant
JERC-165-Rh	nifH.fa	997	729	73.1194	2332.7282	909	268	26.8806	27	0.4900	20	10	5	0.2000	20	10	pass_mixed_possible_multitemplate
JERC-165-Ro	nifH.fa	997	809	81.1434	55.8907	24	188	18.8566	44	0.5000	20	10	5	0.2000	20	10	pass_mixed_possible_multitemplate
JERC-167-No	nifH.fa	997	835	83.7513	2604.6118	492	162	16.2487	28	0.4500	20	10	5	0.2000	20	10	pass_mixed_possible_multitemplate
JERC-167-Rh	nifH.fa	997	832	83.4504	73.6810	9	165	16.5496	20	0.5000	20	10	5	0.2000	20	10	pass_mixed_possible_multitemplate
JERC-167-Ro	nifH.fa	997	829	83.1494	13.1163	6	168	16.8506	12	0.5000	20	10	5	0.2000	20	10	pass_mixed_possible_multitemplate
JERC-165-No	nifH.fa	997	835	83.7513	3572.3200	3576	162	16.2487	11	0.5000	20	10	5	0.2000	20	10	pass_mixed_possible_multitemplate
JERC-168-No	nifH.fa	997	731	73.3200	1649.7031	39	266	26.6800	38	0.5000	20	10	5	0.2000	20	10	pass_mixed_possible_multitemplate
JERC-168-Rh	nifH.fa	997	798	80.0401	978.8064	4	199	19.9599	28	0.5000	20	10	5	0.2000	20	10	pass_mixed_possible_multitemplate
JERC-168-Ro	nifH.fa	997	819	82.1464	1943.8977	720	178	17.8536	26	0.5000	20	10	5	0.2000	20	10	pass_mixed_possible_multitemplate
JERC-169-Rh	nifH.fa	997	832	83.4504	825.3410	42	165	16.5496	7	0.5000	20	10	5	0.2000	20	10	pass_single_dominant
JERC-169-Ro	nifH.fa	997	799	80.1404	161.2658	44	198	19.8596	42	0.5000	20	10	5	0.2000	20	10	pass_mixed_possible_multitemplate
JERC-170-No	nifH.fa	997	798	80.0401	1859.4865	114	199	19.9599	10	0.5000	20	10	5	0.2000	20	10	pass_single_dominant
JERC-170-Rh	nifH.fa	997	804	80.6419	102.1424	3	193	19.3581	2	0.5000	20	10	5	0.2000	20	10	pass_single_dominant
JERC-170-Ro	nifH.fa	997	833	83.5507	65.8716	26	164	16.4493	17	0.5000	20	10	5	0.2000	20	10	pass_mixed_possible_multitemplate
JERC-169-No	nifH.fa	997	835	83.7513	2969.9539	826	162	16.2487	21	0.5000	20	10	5	0.2000	20	10	pass_mixed_possible_multitemplate
JERC-171-Rh	nifH.fa	997	737	73.9218	318.9338	2	260	26.0782	4	0.5000	20	10	5	0.2000	20	10	pass_single_dominant
JERC-171-Ro	nifH.fa	997	832	83.4504	129.9930	80	165	16.5496	38	0.5000	20	10	5	0.2000	20	10	pass_mixed_possible_multitemplate
JERC-172-2-No	nifH.fa	997	833	83.5507	336.3460	236	164	16.4493	12	0.5000	20	10	5	0.2000	20	10	pass_mixed_possible_multitemplate
JERC-172-2-Rh	nifH.fa	997	833	83.5507	1886.6469	1515	164	16.4493	5	0.4000	20	10	5	0.2000	20	10	pass_single_dominant
JERC-172-2-Ro	nifH.fa	997	817	81.9458	739.2337	73	180	18.0542	8	0.5000	20	10	5	0.2000	20	10	pass_single_dominant
JERC-171-No	nifH.fa	997	832	83.4504	2946.2217	1126	165	16.5496	37	0.5000	20	10	5	0.2000	20	10	pass_mixed_possible_multitemplate
JERC-173-1-No	nifH.fa	997	735	73.7212	2305.9468	15	262	26.2788	3	0.5000	20	10	5	0.2000	20	10	pass_single_dominant
JERC-173-1-Rh	nifH.fa	997	837	83.9519	2508.9960	1594	160	16.0481	18	0.5000	20	10	5	0.2000	20	10	pass_mixed_possible_multitemplate
JERC-175-1-No	nifH.fa	997	833	83.5507	2345.9408	1091	164	16.4493	23	0.5000	20	10	5	0.2000	20	10	pass_mixed_possible_multitemplate
JERC-175-1-Ro	nifH.fa	997	628	62.9890	27.8445	2	369	37.0110	5	0.5000	20	10	5	0.2000	20	10	pass_single_dominant
JERC-175-1-Rh	nifH.fa	997	833	83.5507	3582.2036	2683	164	16.4493	12	0.5000	20	10	5	0.2000	20	10	pass_mixed_possible_multitemplate
JERC-176-5-Rh	nifH.fa	997	623	62.4875	11.4012	5	374	37.5125	0	0.5000	20	10	5	0.2000	20	10	pass_single_dominant
JERC-176-5-Ro	nifH.fa	997	771	77.3320	61.6510	48	226	22.6680	42	0.5000	20	10	5	0.2000	20	10	pass_mixed_possible_multitemplate
JERC-177-No	nifH.fa	997	833	83.5507	1489.8897	714	164	16.4493	34	0.5000	20	10	5	0.2000	20	10	pass_mixed_possible_multitemplate
JERC-177-Rh	nifH.fa	997	834	83.6510	2335.9448	1683	163	16.3490	14	0.5000	20	10	5	0.2000	20	10	pass_mixed_possible_multitemplate
JERC-177-Ro	nifH.fa	997	833	83.5507	1124.1916	597	164	16.4493	9	0.5000	20	10	5	0.2000	20	10	pass_single_dominant
JERC-178-2-No	nifH.fa	997	783	78.5356	2829.3561	2038	214	21.4644	8	0.5000	20	10	5	0.2000	20	10	pass_single_dominant
JERC-178-2-Rh	nifH.fa	997	681	68.3049	2591.4985	1609	316	31.6951	28	0.5000	20	10	5	0.2000	20	10	pass_mixed_possible_multitemplate
JERC-178-2-Ro	nifH.fa	997	695	69.7091	181.2106	59	302	30.2909	14	0.5000	20	10	5	0.2000	20	10	pass_mixed_possible_multitemplate
JERC-179-4-No	nifH.fa	997	769	77.1314	10.0963	3	228	22.8686	18	0.5000	20	10	5	0.2000	20	10	pass_mixed_possible_multitemplate
JERC-179-4-Rh	nifH.fa	997	698	70.0100	2777.1615	2147	299	29.9900	12	0.5000	20	10	5	0.2000	20	10	pass_mixed_possible_multitemplate
JERC-179-4-Ro	nifH.fa	997	801	80.3410	20.4905	11	196	19.6590	51	0.5000	20	10	5	0.2000	20	10	pass_mixed_possible_multitemplate
JERC-176-5-No	nifH.fa	997	833	83.5507	3818.8526	2643	164	16.4493	25	0.4882	20	10	5	0.2000	20	10	pass_mixed_possible_multitemplate
JERC-180-5-Rh	nifH.fa	997	695	69.7091	2726.7733	2367	302	30.2909	10	0.4838	20	10	5	0.2000	20	10	pass_single_dominant
JERC-180-5-Ro	nifH.fa	997	669	67.1013	105.0221	6	328	32.8987	6	0.5000	20	10	5	0.2000	20	10	pass_single_dominant
JERC-180-5-No	nifH.fa	997	808	81.0431	2691.3240	151	189	18.9569	1	0.5000	20	10	5	0.2000	20	10	pass_single_dominant
JERC-181-1-No	nifH.fa	997	746	74.8245	2799.5446	987	251	25.1755	21	0.5000	20	10	5	0.2000	20	10	pass_mixed_possible_multitemplate
JERC-18-2-No	nifH.fa	997	796	79.8395	9.4303	7	201	20.1605	15	0.5000	20	10	5	0.2000	20	10	pass_mixed_possible_multitemplate
JERC-181-1-Rh	nifH.fa	997	778	78.0341	3727.0441	3696	219	21.9659	21	0.4883	20	10	5	0.2000	20	10	pass_mixed_possible_multitemplate
JERC-18-2-Ro	nifH.fa	997	803	80.5416	12.8034	12	194	19.4584	23	0.4545	20	10	5	0.2000	20	10	pass_mixed_possible_multitemplate
JERC-18-2-Rh	nifH.fa	997	833	83.5507	1619.9799	43	164	16.4493	55	0.4855	20	10	5	0.2000	20	10	pass_mixed_possible_multitemplate
JERC-183-3-No	nifH.fa	997	837	83.9519	2488.6138	1071	160	16.0481	62	0.4942	20	10	5	0.2000	20	10	pass_mixed_possible_multitemplate
JERC-183-3-Ro	nifH.fa	997	808	81.0431	2110.9960	783	189	18.9569	27	0.4661	20	10	5	0.2000	20	10	pass_mixed_possible_multitemplate
JERC-183-3-Rh	nifH.fa	997	717	71.9157	3211.7432	1786	280	28.0843	13	0.4796	20	10	5	0.2000	20	10	pass_mixed_possible_multitemplate
JERC-184-3-No	nifH.fa	997	717	71.9157	2417.7061	1684	280	28.0843	14	0.5000	20	10	5	0.2000	20	10	pass_mixed_possible_multitemplate
JERC-184-3-Ro	nifH.fa	997	749	75.1254	40.2387	21	248	24.8746	48	0.4912	20	10	5	0.2000	20	10	pass_mixed_possible_multitemplate
JERC-184-3-Rh	nifH.fa	997	721	72.3170	2696.8054	2211	276	27.6830	9	0.5000	20	10	5	0.2000	20	10	pass_single_dominant
JERC-185-3-No	nifH.fa	997	707	70.9127	2731.8686	2177	290	29.0873	13	0.4921	20	10	5	0.2000	20	10	pass_mixed_possible_multitemplate
JERC-185-3-Rh	nifH.fa	997	714	71.6148	2349.9569	2345	283	28.3852	9	0.4742	20	10	5	0.2000	20	10	pass_single_dominant
JERC-185-3-Ro	nifH.fa	997	673	67.5025	1948.3129	8	324	32.4975	6	0.4667	20	10	5	0.2000	20	10	pass_single_dominant
JERC-186-1-Rh	nifH.fa	997	717	71.9157	2123.7934	1801	280	28.0843	11	0.4988	20	10	5	0.2000	20	10	pass_mixed_possible_multitemplate
JERC-186-1-No	nifH.fa	997	810	81.2437	2478.2618	890	187	18.7563	38	0.4969	20	10	5	0.2000	20	10	pass_mixed_possible_multitemplate
JERC-187-1-No	nifH.fa	997	634	63.5908	353.2156	2	363	36.4092	0	0.5000	20	10	5	0.2000	20	10	pass_single_dominant
JERC-186-1-Ro	nifH.fa	997	792	79.4383	1315.7643	243	205	20.5617	20	0.4936	20	10	5	0.2000	20	10	pass_mixed_possible_multitemplate
JERC-187-1-Ro	nifH.fa	997	821	82.3470	633.8235	209	176	17.6530	59	0.4921	20	10	5	0.2000	20	10	pass_mixed_possible_multitemplate
JERC-187-1-Rh	nifH.fa	997	693	69.5085	2957.0622	1937	304	30.4915	3	0.4722	20	10	5	0.2000	20	10	pass_single_dominant
JERC-188-1-Rh	nifH.fa	997	767	76.9308	677.4173	4	230	23.0692	0	0.5000	20	10	5	0.2000	20	10	pass_single_dominant
JERC-188-1-Ro	nifH.fa	997	701	70.3109	512.1725	260	296	29.6891	10	0.4823	20	10	5	0.2000	20	10	pass_single_dominant
JERC-188-1-No	nifH.fa	997	763	76.5296	3338.4223	2851	234	23.4704	6	0.4892	20	10	5	0.2000	20	10	pass_single_dominant
JERC-189-1-Rh	nifH.fa	997	834	83.6510	2293.3390	591	163	16.3490	17	0.5000	20	10	5	0.2000	20	10	pass_mixed_possible_multitemplate
JERC-191-1-Rh	nifH.fa	997	706	70.8124	1927.5456	167	291	29.1876	32	0.5000	20	10	5	0.2000	20	10	pass_mixed_possible_multitemplate
JERC-191-1-Ro	nifH.fa	997	716	71.8154	43.7131	10	281	28.1846	33	0.5000	20	10	5	0.2000	20	10	pass_mixed_possible_multitemplate
JERC-191-1-No	nifH.fa	997	798	80.0401	1874.3711	126	199	19.9599	21	0.4914	20	10	5	0.2000	20	10	pass_mixed_possible_multitemplate
JERC-192-1-Rh	nifH.fa	997	717	71.9157	1166.8867	491	280	28.0843	8	0.4934	20	10	5	0.2000	20	10	pass_single_dominant
JERC-192-1-No	nifH.fa	997	834	83.6510	3703.5637	4571	163	16.3490	11	0.5000	20	10	5	0.2000	20	10	pass_mixed_possible_multitemplate
JERC-192-1-Ro	nifH.fa	997	756	75.8275	3308.7081	2168	241	24.1725	13	0.4793	20	10	5	0.2000	20	10	pass_mixed_possible_multitemplate
JERC-194-2-No	nifH.fa	997	738	74.0221	2423.7392	699	259	25.9779	19	0.3436	20	10	5	0.2000	20	10	pass_mixed_possible_multitemplate
JERC-194-2-Ro	nifH.fa	997	740	74.2227	46.3230	28	257	25.7773	21	0.5000	20	10	5	0.2000	20	10	pass_mixed_possible_multitemplate
JERC-194-2-Rh	nifH.fa	997	706	70.8124	963.2066	616	291	29.1876	11	0.4410	20	10	5	0.2000	20	10	pass_mixed_possible_multitemplate
JERC-195-2-Rh	nifH.fa	997	733	73.5206	1392.8335	771	264	26.4794	10	0.4804	20	10	5	0.2000	20	10	pass_single_dominant
JERC-195-2-Ro	nifH.fa	997	799	80.1404	113.1143	53	198	19.8596	51	0.5000	20	10	5	0.2000	20	10	pass_mixed_possible_multitemplate
JERC-195-2-No	nifH.fa	997	746	74.8245	2673.0953	892	251	25.1755	4	0.3486	20	10	5	0.2000	20	10	pass_single_dominant
JERC-196-3-Rh	nifH.fa	997	743	74.5236	1132.8766	564	254	25.4764	29	0.5000	20	10	5	0.2000	20	10	pass_mixed_possible_multitemplate
JERC-196-3-No	nifH.fa	997	739	74.1224	1484.8837	523	258	25.8776	46	0.4964	20	10	5	0.2000	20	10	pass_mixed_possible_multitemplate
JERC-196-3-Ro	nifH.fa	997	694	69.6088	224.7011	116	303	30.3912	28	0.4985	20	10	5	0.2000	20	10	pass_mixed_possible_multitemplate
JERC-197-1-Rh	nifH.fa	997	787	78.9368	174.8676	7	210	21.0632	17	0.5000	20	10	5	0.2000	20	10	pass_mixed_possible_multitemplate
JERC-197-1-Ro	nifH.fa	997	803	80.5416	120.2738	16	194	19.4584	19	0.5000	20	10	5	0.2000	20	10	pass_mixed_possible_multitemplate
JERC-197-1-No	nifH.fa	997	834	83.6510	1449.6068	916	163	16.3490	4	0.5000	20	10	5	0.2000	20	10	pass_single_dominant
JERC-198-Rh	nifH.fa	997	833	83.5507	14.9729	13	164	16.4493	36	0.5000	20	10	5	0.2000	20	10	pass_mixed_possible_multitemplate
JERC-198-Ro	nifH.fa	997	833	83.5507	2530.6851	1894	164	16.4493	22	0.4706	20	10	5	0.2000	20	10	pass_mixed_possible_multitemplate
JERC-199-No	nifH.fa	997	834	83.6510	2853.9910	1469	163	16.3490	29	0.4884	20	10	5	0.2000	20	10	pass_mixed_possible_multitemplate
JERC-198-No	nifH.fa	997	829	83.1494	3337.9699	1893	168	16.8506	4	0.4737	20	10	5	0.2000	20	10	pass_single_dominant
JERC-199-Ro	nifH.fa	997	832	83.4504	112.2417	74	165	16.5496	67	0.5000	20	10	5	0.2000	20	10	pass_mixed_possible_multitemplate
JERC-199-Rh	nifH.fa	997	828	83.0491	1554.6680	477	169	16.9509	31	0.4990	20	10	5	0.2000	20	10	pass_mixed_possible_multitemplate
JERC-201-1-Rh	nifH.fa	997	736	73.8215	2693.2788	1602	261	26.1785	19	0.5000	20	10	5	0.2000	20	10	pass_mixed_possible_multitemplate
JERC-201-1-Ro	nifH.fa	997	747	74.9248	224.9258	135	250	25.0752	20	0.4858	20	10	5	0.2000	20	10	pass_mixed_possible_multitemplate
JERC-201-1-No	nifH.fa	997	807	80.9428	3018.5687	1309	190	19.0572	3	0.5000	20	10	5	0.2000	20	10	pass_single_dominant
JERC-20-1-Rh	nifH.fa	997	802	80.4413	1284.7934	51	195	19.5587	22	0.4667	20	10	5	0.2000	20	10	pass_mixed_possible_multitemplate
JERC-20-1-Ro	nifH.fa	997	835	83.7513	26.5346	27	162	16.2487	58	0.5000	20	10	5	0.2000	20	10	pass_mixed_possible_multitemplate
JERC-202-1-No	nifH.fa	997	832	83.4504	444.0221	230	165	16.5496	52	0.4973	20	10	5	0.2000	20	10	pass_mixed_possible_multitemplate
JERC-202-1-Rh	nifH.fa	997	712	71.4142	1363.3942	750	285	28.5858	13	0.5000	20	10	5	0.2000	20	10	pass_mixed_possible_multitemplate
JERC-202-1-Ro	nifH.fa	997	816	81.8455	69.8185	57	181	18.1545	14	0.5000	20	10	5	0.2000	20	10	pass_mixed_possible_multitemplate
JERC-20-1-No	nifH.fa	997	827	82.9488	3041.6048	2083	170	17.0512	21	0.5000	20	10	5	0.2000	20	10	pass_mixed_possible_multitemplate
JERC-203-1-Rh	nifH.fa	997	824	82.6479	3061.3270	3090	173	17.3521	9	0.4914	20	10	5	0.2000	20	10	pass_single_dominant
JERC-203-1-Ro	nifH.fa	997	747	74.9248	74.6720	48	250	25.0752	27	0.4667	20	10	5	0.2000	20	10	pass_mixed_possible_multitemplate
JERC-203-1-No	nifH.fa	997	830	83.2497	3393.9047	1197	167	16.7503	9	0.4057	20	10	5	0.2000	20	10	pass_single_dominant
JERC-204-1-No	nifH.fa	997	835	83.7513	3283.3200	3760	162	16.2487	6	0.5000	20	10	5	0.2000	20	10	pass_single_dominant
JERC-204-1-Ro	nifH.fa	997	834	83.6510	24.5747	24	163	16.3490	92	0.5000	20	10	5	0.2000	20	10	pass_mixed_possible_multitemplate
JERC-204-1-Rh	nifH.fa	997	833	83.5507	2940.1505	2136	164	16.4493	33	0.4878	20	10	5	0.2000	20	10	pass_mixed_possible_multitemplate
JERC-2-1-Rh	nifH.fa	997	832	83.4504	189.7031	81	165	16.5496	97	0.5000	20	10	5	0.2000	20	10	pass_mixed_possible_multitemplate
JERC-2-1-Ro	nifH.fa	997	774	77.6329	38.5356	36	223	22.3671	87	0.5000	20	10	5	0.2000	20	10	pass_mixed_possible_multitemplate
JERC-23-1-No	nifH.fa	997	784	78.6359	1537.8124	419	213	21.3641	1	0.4000	20	10	5	0.2000	20	10	pass_single_dominant
JERC-23-1-Rh	nifH.fa	997	836	83.8516	1320.3992	53	161	16.1484	18	0.5000	20	10	5	0.2000	20	10	pass_mixed_possible_multitemplate
JERC-23-1-Ro	nifH.fa	997	830	83.2497	8.8144	9	167	16.7503	9	0.5000	20	10	5	0.2000	20	10	pass_single_dominant
JERC-2-1-No	nifH.fa	997	828	83.0491	3817.5376	4779	169	16.9509	3	0.4286	20	10	5	0.2000	20	10	pass_single_dominant
JERC-25-1-No	nifH.fa	997	819	82.1464	1996.0622	20	178	17.8536	15	0.5000	20	10	5	0.2000	20	10	pass_mixed_possible_multitemplate
JERC-25-1-Ro	nifH.fa	997	833	83.5507	113.9870	39	164	16.4493	48	0.5000	20	10	5	0.2000	20	10	pass_mixed_possible_multitemplate
JERC-26-5-No	nifH.fa	997	833	83.5507	105.0421	81	164	16.4493	67	0.5000	20	10	5	0.2000	20	10	pass_mixed_possible_multitemplate
JERC-26-5-Rh	nifH.fa	997	684	68.6058	229.8405	130	313	31.3942	45	0.4977	20	10	5	0.2000	20	10	pass_mixed_possible_multitemplate
JERC-26-5-Ro	nifH.fa	997	710	71.2136	253.2187	104	287	28.7864	39	0.4766	20	10	5	0.2000	20	10	pass_mixed_possible_multitemplate
JERC-27-2-No	nifH.fa	997	833	83.5507	267.4885	137	164	16.4493	22	0.5000	20	10	5	0.2000	20	10	pass_mixed_possible_multitemplate
JERC-25-1-Rh	nifH.fa	997	834	83.6510	2164.2638	1810	163	16.3490	23	0.5000	20	10	5	0.2000	20	10	pass_mixed_possible_multitemplate
JERC-27-2-Rh	nifH.fa	997	711	71.3139	147.9398	11	286	28.6861	8	0.5000	20	10	5	0.2000	20	10	pass_single_dominant
JERC-27-2-Ro	nifH.fa	997	717	71.9157	665.8656	408	280	28.0843	20	0.4969	20	10	5	0.2000	20	10	pass_mixed_possible_multitemplate
JERC-28-4-Rh	nifH.fa	997	831	83.3501	89.6299	18	166	16.6499	26	0.5000	20	10	5	0.2000	20	10	pass_mixed_possible_multitemplate
JERC-28-4-Ro	nifH.fa	997	832	83.4504	50.4102	42	165	16.5496	79	0.5000	20	10	5	0.2000	20	10	pass_mixed_possible_multitemplate
JERC-28-4-No	nifH.fa	997	778	78.0341	949.5436	300	219	21.9659	15	0.5000	20	10	5	0.2000	20	10	pass_mixed_possible_multitemplate
JERC-30-3-Rh	nifH.fa	997	836	83.8516	67.7583	47	161	16.1484	41	0.5000	20	10	5	0.2000	20	10	pass_mixed_possible_multitemplate
JERC-30-3-Ro	nifH.fa	997	788	79.0371	47.5496	27	209	20.9629	40	0.5000	20	10	5	0.2000	20	10	pass_mixed_possible_multitemplate
JERC-3-1-No	nifH.fa	997	832	83.4504	3176.1474	3155	165	16.5496	13	0.4706	20	10	5	0.2000	20	10	pass_mixed_possible_multitemplate
JERC-3-1-Rh	nifH.fa	997	800	80.2407	440.5737	73	197	19.7593	49	0.5000	20	10	5	0.2000	20	10	pass_mixed_possible_multitemplate
JERC-3-1-Ro	nifH.fa	997	830	83.2497	47.7743	32	167	16.7503	47	0.5000	20	10	5	0.2000	20	10	pass_mixed_possible_multitemplate
JERC-34-4-No	nifH.fa	997	827	82.9488	2710.4885	3123	170	17.0512	2	0.4474	20	10	5	0.2000	20	10	pass_single_dominant
JERC-34-4-Rh	nifH.fa	997	711	71.3139	826.1966	522	286	28.6861	22	0.4764	20	10	5	0.2000	20	10	pass_mixed_possible_multitemplate
JERC-34-4-Ro	nifH.fa	997	713	71.5145	184.9097	69	284	28.4855	46	0.5000	20	10	5	0.2000	20	10	pass_mixed_possible_multitemplate
JERC-30-3-No	nifH.fa	997	802	80.4413	2598.3571	174	195	19.5587	12	0.4778	20	10	5	0.2000	20	10	pass_mixed_possible_multitemplate
JERC-35-1-Rh	nifH.fa	997	719	72.1163	232.0221	110	278	27.8837	34	0.4969	20	10	5	0.2000	20	10	pass_mixed_possible_multitemplate
JERC-35-1-Ro	nifH.fa	997	830	83.2497	48.3340	30	167	16.7503	63	0.5000	20	10	5	0.2000	20	10	pass_mixed_possible_multitemplate
JERC-36-1-No	nifH.fa	997	828	83.0491	26.8706	12	169	16.9509	60	0.5000	20	10	5	0.2000	20	10	pass_mixed_possible_multitemplate
JERC-36-1-Ro	nifH.fa	997	844	84.6540	47.2919	24	153	15.3460	87	0.5000	20	10	5	0.2000	20	10	pass_mixed_possible_multitemplate
JERC-35-1-No	nifH.fa	997	742	74.4233	2852.6018	1143	255	25.5767	2	0.5000	20	10	5	0.2000	20	10	pass_single_dominant
JERC-37-2-Rh	nifH.fa	997	715	71.7151	274.8375	155	282	28.2849	57	0.4971	20	10	5	0.2000	20	10	pass_mixed_possible_multitemplate
JERC-37-2-Ro	nifH.fa	997	833	83.5507	237.6138	85	164	16.4493	10	0.5000	20	10	5	0.2000	20	10	pass_single_dominant
JERC-38-2-No	nifH.fa	997	830	83.2497	2257.4223	736	167	16.7503	24	0.4930	20	10	5	0.2000	20	10	pass_mixed_possible_multitemplate
JERC-38-2-Rh	nifH.fa	997	766	76.8305	632.0201	196	231	23.1695	47	0.5000	20	10	5	0.2000	20	10	pass_mixed_possible_multitemplate
JERC-38-2-Ro	nifH.fa	997	734	73.6209	163.4333	65	263	26.3791	59	0.4944	20	10	5	0.2000	20	10	pass_mixed_possible_multitemplate
JERC-37-2-No	nifH.fa	997	829	83.1494	3481.5667	3076	168	16.8506	0	0.5000	20	10	5	0.2000	20	10	pass_single_dominant
JERC-39-5-No	nifH.fa	997	809	81.1434	2042.4152	426	188	18.8566	10	0.5000	20	10	5	0.2000	20	10	pass_single_dominant
JERC-39-5-Ro	nifH.fa	997	787	78.9368	60.5527	64	210	21.0632	15	0.5000	20	10	5	0.2000	20	10	pass_mixed_possible_multitemplate
JERC-39-5-Rh	nifH.fa	997	778	78.0341	2968.5095	2131	219	21.9659	13	0.4783	20	10	5	0.2000	20	10	pass_mixed_possible_multitemplate
JERC-40-2-Rh	nifH.fa	997	698	70.0100	2247.7442	1660	299	29.9900	11	0.3585	20	10	5	0.2000	20	10	pass_mixed_possible_multitemplate
JERC-40-2-Ro	nifH.fa	997	690	69.2076	54.4684	27	307	30.7924	32	0.5000	20	10	5	0.2000	20	10	pass_mixed_possible_multitemplate
JERC-40-2-No	nifH.fa	997	788	79.0371	2977.9559	1582	209	20.9629	14	0.4444	20	10	5	0.2000	20	10	pass_mixed_possible_multitemplate
JERC-41-2-Rh	nifH.fa	997	833	83.5507	671.6841	298	164	16.4493	45	0.4962	20	10	5	0.2000	20	10	pass_mixed_possible_multitemplate
JERC-41-2-Ro	nifH.fa	997	604	60.5817	17.2839	4	393	39.4183	19	0.5000	20	10	5	0.2000	20	10	pass_mixed_possible_multitemplate
JERC-41-2-No	nifH.fa	997	733	73.5206	3012.6459	1449	264	26.4794	5	0.4545	20	10	5	0.2000	20	10	pass_single_dominant
JERC-4-1-Rh	nifH.fa	997	832	83.4504	222.4704	68	165	16.5496	44	0.5000	20	10	5	0.2000	20	10	pass_mixed_possible_multitemplate
JERC-42-1-No	nifH.fa	997	835	83.7513	2196.2477	590	162	16.2487	39	0.4918	20	10	5	0.2000	20	10	pass_mixed_possible_multitemplate
JERC-4-1-No	nifH.fa	997	831	83.3501	3718.4002	4382	166	16.6499	10	0.5000	20	10	5	0.2000	20	10	pass_single_dominant
JERC-42-1-Ro	nifH.fa	997	729	73.1194	26.5246	23	268	26.8806	36	0.5000	20	10	5	0.2000	20	10	pass_mixed_possible_multitemplate
JERC-42-1-Rh	nifH.fa	997	805	80.7422	1979.8054	1367	192	19.2578	12	0.5000	20	10	5	0.2000	20	10	pass_mixed_possible_multitemplate
JERC-43-1-Rh	nifH.fa	997	697	69.9097	689.7472	13	300	30.0903	11	0.5000	20	10	5	0.2000	20	10	pass_mixed_possible_multitemplate
JERC-43-1-Ro	nifH.fa	997	681	68.3049	119.6690	73	316	31.6951	36	0.4898	20	10	5	0.2000	20	10	pass_mixed_possible_multitemplate
JERC-44-2-No	nifH.fa	997	828	83.0491	36.7472	23	169	16.9509	75	0.5000	20	10	5	0.2000	20	10	pass_mixed_possible_multitemplate
JERC-44-2-Rh	nifH.fa	997	703	70.5115	953.7412	26	294	29.4885	30	0.5000	20	10	5	0.2000	20	10	pass_mixed_possible_multitemplate
JERC-44-2-Ro	nifH.fa	997	748	75.0251	378.3892	81	249	24.9749	48	0.4769	20	10	5	0.2000	20	10	pass_mixed_possible_multitemplate
JERC-43-1-No	nifH.fa	997	833	83.5507	2969.2277	1559	164	16.4493	3	0.5000	20	10	5	0.2000	20	10	pass_single_dominant
JERC-45-5-No	nifH.fa	997	800	80.2407	2842.5737	1464	197	19.7593	4	0.4628	20	10	5	0.2000	20	10	pass_single_dominant
JERC-45-5-Ro	nifH.fa	997	804	80.6419	191.9388	80	193	19.3581	28	0.4662	20	10	5	0.2000	20	10	pass_mixed_possible_multitemplate
JERC-46-1-Rh	nifH.fa	997	834	83.6510	938.4112	400	163	16.3490	40	0.4894	20	10	5	0.2000	20	10	pass_mixed_possible_multitemplate
JERC-45-5-Rh	nifH.fa	997	723	72.5176	3695.4373	3784	274	27.4824	19	0.4989	20	10	5	0.2000	20	10	pass_mixed_possible_multitemplate
JERC-46-1-Ro	nifH.fa	997	830	83.2497	42.6289	29	167	16.7503	48	0.5000	20	10	5	0.2000	20	10	pass_mixed_possible_multitemplate
JERC-47-2-Rh	nifH.fa	997	835	83.7513	1676.9087	774	162	16.2487	37	0.4969	20	10	5	0.2000	20	10	pass_mixed_possible_multitemplate
JERC-47-2-No	nifH.fa	997	765	76.7302	1979.1685	564	232	23.2698	32	0.5000	20	10	5	0.2000	20	10	pass_mixed_possible_multitemplate
JERC-47-2-Ro	nifH.fa	997	834	83.6510	433.3541	226	163	16.3490	27	0.4948	20	10	5	0.2000	20	10	pass_mixed_possible_multitemplate
JERC-48-3-No	nifH.fa	997	834	83.6510	1738.5256	36	163	16.3490	7	0.5000	20	10	5	0.2000	20	10	pass_single_dominant
JERC-48-3-Ro	nifH.fa	997	833	83.5507	155.0612	41	164	16.4493	20	0.5000	20	10	5	0.2000	20	10	pass_mixed_possible_multitemplate
JERC-49-2-Rh	nifH.fa	997	834	83.6510	2100.5908	1005	163	16.3490	22	0.4971	20	10	5	0.2000	20	10	pass_mixed_possible_multitemplate
JERC-49-2-Ro	nifH.fa	997	815	81.7452	102.2056	31	182	18.2548	7	0.5000	20	10	5	0.2000	20	10	pass_single_dominant
JERC-48-3-Rh	nifH.fa	997	835	83.7513	3221.6148	3041	162	16.2487	28	0.4998	20	10	5	0.2000	20	10	pass_mixed_possible_multitemplate
JERC-50-5-No	nifH.fa	997	837	83.9519	2665.3159	247	160	16.0481	4	0.4580	20	10	5	0.2000	20	10	pass_single_dominant
JERC-50-5-Rh	nifH.fa	997	834	83.6510	3309.2648	2807	163	16.3490	17	0.4924	20	10	5	0.2000	20	10	pass_mixed_possible_multitemplate
JERC-51-1-No	nifH.fa	997	799	80.1404	47.2528	23	198	19.8596	48	0.5000	20	10	5	0.2000	20	10	pass_mixed_possible_multitemplate
JERC-51-1-Rh	nifH.fa	997	835	83.7513	200.3390	72	162	16.2487	35	0.5000	20	10	5	0.2000	20	10	pass_mixed_possible_multitemplate
JERC-51-1-Ro	nifH.fa	997	804	80.6419	44.4223	15	193	19.3581	45	0.5000	20	10	5	0.2000	20	10	pass_mixed_possible_multitemplate
JERC-53-1-Rh	nifH.fa	997	743	74.5236	304.3139	82	254	25.4764	41	0.4985	20	10	5	0.2000	20	10	pass_mixed_possible_multitemplate
JERC-53-2-Rh	nifH.fa	997	683	68.5055	389.0020	72	314	31.4945	49	0.4954	20	10	5	0.2000	20	10	pass_mixed_possible_multitemplate
JERC-50-5-Ro	nifH.fa	997	835	83.7513	4872.4313	6080	162	16.2487	38	0.4998	20	10	5	0.2000	20	10	pass_mixed_possible_multitemplate
JERC-53-3-Rh	nifH.fa	997	683	68.5055	243.0612	35	314	31.4945	46	0.4983	20	10	5	0.2000	20	10	pass_mixed_possible_multitemplate
JERC-53-2-Ro	nifH.fa	997	631	63.2899	2040.8114	8	366	36.7101	3	0.5000	20	10	5	0.2000	20	10	pass_single_dominant
JERC-53-3-Ro	nifH.fa	997	646	64.7944	2009.2437	11	351	35.2056	15	0.4737	20	10	5	0.2000	20	10	pass_mixed_possible_multitemplate
JERC-53-5-Rh	nifH.fa	997	832	83.4504	563.9699	755	165	16.5496	20	0.5000	20	10	5	0.2000	20	10	pass_mixed_possible_multitemplate
JERC-53-5-No	nifH.fa	997	829	83.1494	2241.0662	17	168	16.8506	15	0.5000	20	10	5	0.2000	20	10	pass_mixed_possible_multitemplate
JERC-5-3-Rh	nifH.fa	997	824	82.6479	831.6279	14	173	17.3521	22	0.4694	20	10	5	0.2000	20	10	pass_mixed_possible_multitemplate
JERC-5-3-Ro	nifH.fa	997	823	82.5476	42.8756	33	174	17.4524	53	0.5000	20	10	5	0.2000	20	10	pass_mixed_possible_multitemplate
JERC-54-2-No	nifH.fa	997	765	76.7302	515.4945	253	232	23.2698	26	0.4940	20	10	5	0.2000	20	10	pass_mixed_possible_multitemplate
JERC-5-3-No	nifH.fa	997	804	80.6419	3421.0050	3414	193	19.3581	25	0.4987	20	10	5	0.2000	20	10	pass_mixed_possible_multitemplate
JERC-54-2-Rh	nifH.fa	997	834	83.6510	819.6810	700	163	16.3490	30	0.5000	20	10	5	0.2000	20	10	pass_mixed_possible_multitemplate
JERC-54-2-Ro	nifH.fa	997	833	83.5507	466.3019	248	164	16.4493	24	0.5000	20	10	5	0.2000	20	10	pass_mixed_possible_multitemplate
JERC-6-3-Rh	nifH.fa	997	800	80.2407	11.9940	10	197	19.7593	34	0.5000	20	10	5	0.2000	20	10	pass_mixed_possible_multitemplate
JERC-7-2-No	nifH.fa	997	795	79.7392	275.9248	33	202	20.2608	50	0.5000	20	10	5	0.2000	20	10	pass_mixed_possible_multitemplate
JERC-7-2-Rh	nifH.fa	997	827	82.9488	241.1866	49	170	17.0512	15	0.4688	20	10	5	0.2000	20	10	pass_mixed_possible_multitemplate
JERC-6-3-No	nifH.fa	997	821	82.3470	1834.0431	99	176	17.6530	9	0.5000	20	10	5	0.2000	20	10	pass_single_dominant
JERC-8-1-Rh	nifH.fa	997	619	62.0863	99.5807	5	378	37.9137	1	0.4000	20	10	5	0.2000	20	10	pass_single_dominant
JERC-7-2-Ro	nifH.fa	997	830	83.2497	263.3972	32	167	16.7503	28	0.4853	20	10	5	0.2000	20	10	pass_mixed_possible_multitemplate
JERC-8-2-Rh	nifH.fa	997	800	80.2407	56.4644	12	197	19.7593	11	0.5000	20	10	5	0.2000	20	10	pass_mixed_possible_multitemplate
JERC-8-2-No	nifH.fa	997	809	81.1434	1642.4694	9	188	18.8566	6	0.5000	20	10	5	0.2000	20	10	pass_single_dominant
JERC-84-3-Rh	nifH.fa	997	763	76.5296	939.4945	276	234	23.4704	59	0.5000	20	10	5	0.2000	20	10	pass_mixed_possible_multitemplate
JERC-84-3-Ro	nifH.fa	997	702	70.4112	70.7623	75	295	29.5888	40	0.4886	20	10	5	0.2000	20	10	pass_mixed_possible_multitemplate
JERC-84-3-No	nifH.fa	997	835	83.7513	2327.2327	55	162	16.2487	30	0.5000	20	10	5	0.2000	20	10	pass_mixed_possible_multitemplate
JERC-8-4-Ro	nifH.fa	997	613	61.4845	1968.8024	12	384	38.5155	12	0.3673	20	10	5	0.2000	20	10	pass_mixed_possible_multitemplate
JERC-85-2-No	nifH.fa	997	786	78.8365	3419.0171	1971	211	21.1635	29	0.4705	20	10	5	0.2000	20	10	pass_mixed_possible_multitemplate
JERC-85-2-Rh	nifH.fa	997	718	72.0160	227.4694	44	279	27.9840	48	0.5000	20	10	5	0.2000	20	10	pass_mixed_possible_multitemplate
JERC-85-2-Ro	nifH.fa	997	681	68.3049	38.0221	3	316	31.6951	12	0.5000	20	10	5	0.2000	20	10	pass_mixed_possible_multitemplate
JERC-87-1-No	nifH.fa	997	830	83.2497	2406.3039	201	167	16.7503	13	0.3333	20	10	5	0.2000	20	10	pass_mixed_possible_multitemplate
JERC-87-1-Rh	nifH.fa	997	827	82.9488	86.4183	21	170	17.0512	30	0.5000	20	10	5	0.2000	20	10	pass_mixed_possible_multitemplate
JERC-87-1-Ro	nifH.fa	997	825	82.7482	1212.4935	14	172	17.2518	29	0.5000	20	10	5	0.2000	20	10	pass_mixed_possible_multitemplate
JERC-88-1-No	nifH.fa	997	678	68.0040	2915.8626	15	319	31.9960	5	0.5000	20	10	5	0.2000	20	10	pass_single_dominant
JERC-88-1-Rh	nifH.fa	997	831	83.3501	415.7021	10	166	16.6499	5	0.5000	20	10	5	0.2000	20	10	pass_single_dominant
JERC-88-1-Ro	nifH.fa	997	829	83.1494	40.3109	19	168	16.8506	58	0.5000	20	10	5	0.2000	20	10	pass_mixed_possible_multitemplate
JERC-8-4-No	nifH.fa	997	598	59.9799	2317.0923	7	399	40.0201	6	0.5000	20	10	5	0.2000	20	10	fail_high_N
JERC-89-1-Rh	nifH.fa	997	673	67.5025	1523.2889	3	324	32.4975	0	0.5000	20	10	5	0.2000	20	10	pass_single_dominant
JERC-89-1-No	nifH.fa	997	826	82.8485	2269.5276	36	171	17.1515	40	0.5000	20	10	5	0.2000	20	10	pass_mixed_possible_multitemplate
JERC-89-1-Ro	nifH.fa	997	802	80.4413	2238.8355	13	195	19.5587	7	0.5000	20	10	5	0.2000	20	10	pass_single_dominant
JERC-90-1-Rh	nifH.fa	997	832	83.4504	1634.8646	310	165	16.5496	60	0.5000	20	10	5	0.2000	20	10	pass_mixed_possible_multitemplate
JERC-90-1-Ro	nifH.fa	997	843	84.5537	248.1324	53	154	15.4463	84	0.5000	20	10	5	0.2000	20	10	pass_mixed_possible_multitemplate
JERC-91-1-No	nifH.fa	997	683	68.5055	2705.9749	685	314	31.4945	37	0.4976	20	10	5	0.2000	20	10	pass_mixed_possible_multitemplate
JERC-91-1-Rh	nifH.fa	997	811	81.3440	457.7653	25	186	18.6560	8	0.5000	20	10	5	0.2000	20	10	pass_single_dominant
JERC-91-1-Ro	nifH.fa	997	636	63.7914	23.4855	6	361	36.2086	51	0.5000	20	10	5	0.2000	20	10	pass_mixed_possible_multitemplate
JERC-92-4-No	nifH.fa	997	686	68.8064	2875.8094	1204	311	31.1936	1	0.5000	20	10	5	0.2000	20	10	pass_single_dominant
JERC-92-4-Rh	nifH.fa	997	832	83.4504	218.6179	83	165	16.5496	40	0.4897	20	10	5	0.2000	20	10	pass_mixed_possible_multitemplate
JERC-92-4-Ro	nifH.fa	997	745	74.7242	683.3912	179	252	25.2758	43	0.4713	20	10	5	0.2000	20	10	pass_mixed_possible_multitemplate
JERC-90-1-No	nifH.fa	997	832	83.4504	2225.7603	58	165	16.5496	36	0.5000	20	10	5	0.2000	20	10	pass_mixed_possible_multitemplate
JERC-93-1-Rh	nifH.fa	997	837	83.9519	1391.2598	805	160	16.0481	38	0.5000	20	10	5	0.2000	20	10	pass_mixed_possible_multitemplate
JERC-93-1-Ro	nifH.fa	997	822	82.4473	158.5035	32	175	17.5527	17	0.5000	20	10	5	0.2000	20	10	pass_mixed_possible_multitemplate
JERC-93-1-No	nifH.fa	997	836	83.8516	3315.7382	1052	161	16.1484	17	0.5000	20	10	5	0.2000	20	10	pass_mixed_possible_multitemplate
JERC-94-1-Rh	nifH.fa	997	834	83.6510	3284.3390	3992	163	16.3490	62	0.4891	20	10	5	0.2000	20	10	pass_mixed_possible_multitemplate
JERC-94-1-Ro	nifH.fa	997	832	83.4504	46.9890	40	165	16.5496	102	0.5000	20	10	5	0.2000	20	10	pass_mixed_possible_multitemplate
JERC-95-5-No	nifH.fa	997	687	68.9067	3486.7272	1111	310	31.0933	25	0.4693	20	10	5	0.2000	20	10	pass_mixed_possible_multitemplate
JERC-95-5-Rh	nifH.fa	997	709	71.1133	2835.6279	1778	288	28.8867	13	0.4925	20	10	5	0.2000	20	10	pass_mixed_possible_multitemplate
JERC-95-5-Ro	nifH.fa	997	686	68.8064	61.9739	8	311	31.1936	58	0.4660	20	10	5	0.2000	20	10	pass_mixed_possible_multitemplate
JERC-94-1-No	nifH.fa	997	833	83.5507	5951.6199	7867	164	16.4493	1	0.5000	20	10	5	0.2000	20	10	pass_single_dominant
JERC-96-2-Rh	nifH.fa	997	758	76.0281	975.7212	15	239	23.9719	8	0.3750	20	10	5	0.2000	20	10	pass_single_dominant
JERC-96-2-Ro	nifH.fa	997	687	68.9067	3116.8285	1789	310	31.0933	6	0.5000	20	10	5	0.2000	20	10	pass_single_dominant
JERC-96-2-No	nifH.fa	997	832	83.4504	3126.1675	1539	165	16.5496	10	0.4823	20	10	5	0.2000	20	10	pass_single_dominant
JERC-98-1-No	nifH.fa	997	800	80.2407	1207.8576	894	197	19.7593	35	0.4984	20	10	5	0.2000	20	10	pass_mixed_possible_multitemplate
JERC-98-1-Ro	nifH.fa	997	835	83.7513	1036.2528	421	162	16.2487	19	0.5000	20	10	5	0.2000	20	10	pass_mixed_possible_multitemplate
JERC-98-1-Rh	nifH.fa	997	814	81.6449	1884.7151	899	183	18.3551	10	0.5000	20	10	5	0.2000	20	10	pass_single_dominant
JERC-98-2-Rh	nifH.fa	997	827	82.9488	721.0602	10	170	17.0512	15	0.5000	20	10	5	0.2000	20	10	pass_mixed_possible_multitemplate
JERC-98-2-No	nifH.fa	997	829	83.1494	2097.9599	1727	168	16.8506	32	0.5000	20	10	5	0.2000	20	10	pass_mixed_possible_multitemplate
JERC-98-3-Rh	nifH.fa	997	707	70.9127	945.3190	6	290	29.0873	6	0.5000	20	10	5	0.2000	20	10	pass_single_dominant
JERC-98-3-Ro	nifH.fa	997	830	83.2497	89.4824	23	167	16.7503	59	0.5000	20	10	5	0.2000	20	10	pass_mixed_possible_multitemplate
JERC-98-3-No	nifH.fa	997	829	83.1494	3336.3440	928	168	16.8506	3	0.5000	20	10	5	0.2000	20	10	pass_single_dominant
JERC-98-4-Rh	nifH.fa	997	728	73.0191	1212.7864	668	269	26.9809	13	0.5000	20	10	5	0.2000	20	10	pass_mixed_possible_multitemplate
JERC-98-4-Ro	nifH.fa	997	824	82.6479	100.9920	72	173	17.3521	41	0.5000	20	10	5	0.2000	20	10	pass_mixed_possible_multitemplate
JERC-98-4-No	nifH.fa	997	834	83.6510	3631.4784	5086	163	16.3490	28	0.4995	20	10	5	0.2000	20	10	pass_mixed_possible_multitemplate
JERC-99-1-Rh	nifH.fa	997	808	81.0431	833.4915	5	189	18.9569	1	0.5000	20	10	5	0.2000	20	10	pass_single_dominant
JERC-99-1-Ro	nifH.fa	997	832	83.4504	9.3511	8	165	16.5496	9	0.5000	20	10	5	0.2000	20	10	pass_single_dominant
JERC-99-1-No	nifH.fa	997	663	66.4995	1789.4835	63	334	33.5005	7	0.5000	20	10	5	0.2000	20	10	pass_single_dominant
JERC-99-2-Rh	nifH.fa	997	699	70.1103	1171.3611	94	298	29.8897	3	0.5000	20	10	5	0.2000	20	10	pass_single_dominant
JERC-99-2-Ro	nifH.fa	997	808	81.0431	1524.6570	10	189	18.9569	21	0.5000	20	10	5	0.2000	20	10	pass_mixed_possible_multitemplate
JERC-99-2-No	nifH.fa	997	832	83.4504	2979.1595	806	165	16.5496	18	0.4891	20	10	5	0.2000	20	10	pass_mixed_possible_multitemplate
JERC-99-3-Rh	nifH.fa	997	683	68.5055	1392.3892	168	314	31.4945	3	0.4617	20	10	5	0.2000	20	10	pass_single_dominant
JERC-99-3-Ro	nifH.fa	997	761	76.3290	22.5326	16	236	23.6710	38	0.5000	20	10	5	0.2000	20	10	pass_mixed_possible_multitemplate
JERC-99-4-No	nifH.fa	997	832	83.4504	2816.8686	1325	165	16.5496	12	0.4710	20	10	5	0.2000	20	10	pass_mixed_possible_multitemplate
JERC-99-4-Rh	nifH.fa	997	828	83.0491	882.1715	165	169	16.9509	18	0.5000	20	10	5	0.2000	20	10	pass_mixed_possible_multitemplate
JERC-99-4-Ro	nifH.fa	997	732	73.4203	62.0672	17	265	26.5797	31	0.4943	20	10	5	0.2000	20	10	pass_mixed_possible_multitemplate
JERC-99-3-No	nifH.fa	997	819	82.1464	3187.8786	1238	178	17.8536	2	0.4737	20	10	5	0.2000	20	10	pass_single_dominant
JERC-AMFR-56-1-Rh	nifH.fa	997	835	83.7513	1977.1424	586	162	16.2487	51	0.4826	20	10	5	0.2000	20	10	pass_mixed_possible_multitemplate
JERC-AMFR-56-1-Ro	nifH.fa	997	836	83.8516	3032.4333	2728	161	16.1484	66	0.4829	20	10	5	0.2000	20	10	pass_mixed_possible_multitemplate
JERC-AMFR-56-1-No	nifH.fa	997	834	83.6510	5660.8345	7365	163	16.3490	0	0.3333	20	10	5	0.2000	20	10	pass_single_dominant
JERC-AMFU-71-1-Rh	nifH.fa	997	834	83.6510	3662.1003	4141	163	16.3490	14	0.4958	20	10	5	0.2000	20	10	pass_mixed_possible_multitemplate
JERC-AMFU-71-1-No	nifH.fa	997	835	83.7513	5118.0060	6500	162	16.2487	9	0.4101	20	10	5	0.2000	20	10	pass_single_dominant
JERC-CEMI-8-1-Rh	nifH.fa	997	594	59.5787	679.9458	53	403	40.4213	42	0.4963	20	10	5	0.2000	20	10	fail_high_N
JERC-AMFU-71-1-Ro	nifH.fa	997	833	83.5507	2290.4243	1959	164	16.4493	37	0.4282	20	10	5	0.2000	20	10	pass_mixed_possible_multitemplate
JERC-CERE-67-1-Rh	nifH.fa	997	749	75.1254	3883.9679	5077	248	24.8746	12	0.4960	20	10	5	0.2000	20	10	pass_mixed_possible_multitemplate
JERC-CERE-67-1-No	nifH.fa	997	831	83.3501	3071.4955	1519	166	16.6499	12	0.5000	20	10	5	0.2000	20	10	pass_mixed_possible_multitemplate
JERC-CERE-67-1-Ro	nifH.fa	997	752	75.4263	2246.6660	1740	245	24.5737	16	0.5000	20	10	5	0.2000	20	10	pass_mixed_possible_multitemplate
JERC-CEVI-57-2-Rh	nifH.fa	997	806	80.8425	246.0371	153	191	19.1575	51	0.4784	20	10	5	0.2000	20	10	pass_mixed_possible_multitemplate
JERC-CEVI-57-2-Ro	nifH.fa	997	807	80.9428	56.1876	15	190	19.0572	22	0.5000	20	10	5	0.2000	20	10	pass_mixed_possible_multitemplate
JERC-CEVI-80-2-No	nifH.fa	997	756	75.8275	2719.7533	1125	241	24.1725	28	0.5000	20	10	5	0.2000	20	10	pass_mixed_possible_multitemplate
JERC-CEVI-80-2-Rh	nifH.fa	997	750	75.2257	3020.1364	2010	247	24.7743	14	0.5000	20	10	5	0.2000	20	10	pass_mixed_possible_multitemplate
JERC-CEVI-80-2-Ro	nifH.fa	997	761	76.3290	1902.9428	1177	236	23.6710	14	0.5000	20	10	5	0.2000	20	10	pass_mixed_possible_multitemplate
JERC-CEVI-57-2-No	nifH.fa	997	833	83.5507	3405.2839	2087	164	16.4493	3	0.4737	20	10	5	0.2000	20	10	pass_single_dominant
JERC-CHNI-60-3-Rh	nifH.fa	997	832	83.4504	718.9850	18	165	16.5496	20	0.5000	20	10	5	0.2000	20	10	pass_mixed_possible_multitemplate
JERC-CHNI-60-3-No	nifH.fa	997	831	83.3501	3089.6770	1776	166	16.6499	4	0.4667	20	10	5	0.2000	20	10	pass_single_dominant
JERC-CHNI-69-4-No	nifH.fa	997	750	75.2257	2451.6429	323	247	24.7743	12	0.4660	20	10	5	0.2000	20	10	pass_mixed_possible_multitemplate
JERC-CHNI-69-4-Rh	nifH.fa	997	780	78.2347	3867.4985	5026	217	21.7653	12	0.5000	20	10	5	0.2000	20	10	pass_mixed_possible_multitemplate
JERC-CHNI-69-4-Ro	nifH.fa	997	748	75.0251	3808.2387	4612	249	24.9749	13	0.5000	20	10	5	0.2000	20	10	pass_mixed_possible_multitemplate
JERC-CHNI-86-4-Rh	nifH.fa	997	830	83.2497	3455.2347	4124	167	16.7503	13	0.5000	20	10	5	0.2000	20	10	pass_mixed_possible_multitemplate
JERC-CLMA-62-5-No	nifH.fa	997	725	72.7182	3963.8586	5101	272	27.2818	12	0.4843	20	10	5	0.2000	20	10	pass_mixed_possible_multitemplate
JERC-CHNI-86-4-No	nifH.fa	997	751	75.3260	3107.7523	1434	246	24.6740	4	0.3836	20	10	5	0.2000	20	10	pass_single_dominant
JERC-CLMA-62-5-Ro	nifH.fa	997	717	71.9157	115.1354	49	280	28.0843	19	0.4914	20	10	5	0.2000	20	10	pass_mixed_possible_multitemplate
JERC-CLMA-62-5-Rh	nifH.fa	997	835	83.7513	1167.8786	701	162	16.2487	42	0.4975	20	10	5	0.2000	20	10	pass_mixed_possible_multitemplate
JERC-CLMA-73-2-No	nifH.fa	997	801	80.3410	1503.6108	286	196	19.6590	11	0.3592	20	10	5	0.2000	20	10	pass_mixed_possible_multitemplate
JERC-CLMA-73-2-Rh	nifH.fa	997	803	80.5416	3635.4173	2946	194	19.4584	8	0.4545	20	10	5	0.2000	20	10	pass_single_dominant
JERC-CLMA-73-2-Ro	nifH.fa	997	820	82.2467	3859.4152	3777	177	17.7533	4	0.5000	20	10	5	0.2000	20	10	pass_single_dominant
JERC-CLMA-76-2-No	nifH.fa	997	780	78.2347	1679.6068	684	217	21.7653	53	0.4986	20	10	5	0.2000	20	10	pass_mixed_possible_multitemplate
JERC-CLMA-76-2-Rh	nifH.fa	997	784	78.6359	3425.3089	3136	213	21.3641	13	0.5000	20	10	5	0.2000	20	10	pass_mixed_possible_multitemplate
JERC-CLMA-76-2-Ro	nifH.fa	997	766	76.8305	3133.6309	2547	231	23.1695	13	0.5000	20	10	5	0.2000	20	10	pass_mixed_possible_multitemplate
JERC-CLMA-83-1-Rh	nifH.fa	997	816	81.8455	363.8134	190	181	18.1545	23	0.4953	20	10	5	0.2000	20	10	pass_mixed_possible_multitemplate
JERC-CLMA-83-1-Ro	nifH.fa	997	797	79.9398	33.4213	12	200	20.0602	45	0.5000	20	10	5	0.2000	20	10	pass_mixed_possible_multitemplate
JERC-CLMA-83-1-No	nifH.fa	997	794	79.6389	2026.8435	606	203	20.3611	8	0.4872	20	10	5	0.2000	20	10	pass_single_dominant
JERC-CRJU-86-1-Rh	nifH.fa	997	797	79.9398	457.9208	21	200	20.0602	41	0.5000	20	10	5	0.2000	20	10	pass_mixed_possible_multitemplate
JERC-CRJU-86-1-Ro	nifH.fa	997	810	81.2437	511.9147	3	187	18.7563	5	0.5000	20	10	5	0.2000	20	10	pass_single_dominant
JERC-CRRO-64-1-No	nifH.fa	997	806	80.8425	3367.8425	2405	191	19.1575	26	0.5000	20	10	5	0.2000	20	10	pass_mixed_possible_multitemplate
JERC-CRJU-86-1-No	nifH.fa	997	829	83.1494	3123.9719	18	168	16.8506	0	0.5000	20	10	5	0.2000	20	10	pass_single_dominant
JERC-CRRO-64-1-Rh	nifH.fa	997	712	71.4142	3770.8506	4198	285	28.5858	12	0.4599	20	10	5	0.2000	20	10	pass_mixed_possible_multitemplate
JERC-CRRO-64-1-Ro	nifH.fa	997	721	72.3170	3808.5296	4958	276	27.6830	9	0.4717	20	10	5	0.2000	20	10	pass_single_dominant
JERC-CRRO-70-1-Rh	nifH.fa	997	710	71.2136	3828.4714	4635	287	28.7864	12	0.4701	20	10	5	0.2000	20	10	pass_mixed_possible_multitemplate
JERC-CRRO-70-1-No	nifH.fa	997	804	80.6419	4145.5176	5325	193	19.3581	14	0.5000	20	10	5	0.2000	20	10	pass_mixed_possible_multitemplate
JERC-CRRO-70-1-Ro	nifH.fa	997	808	81.0431	2471.4824	1528	189	18.9569	16	0.4936	20	10	5	0.2000	20	10	pass_mixed_possible_multitemplate
JERC-DEFL-31-5-Rh	nifH.fa	997	834	83.6510	3374.9298	3177	163	16.3490	20	0.5000	20	10	5	0.2000	20	10	pass_mixed_possible_multitemplate
JERC-DEFL-31-5-Ro	nifH.fa	997	804	80.6419	484.4794	306	193	19.3581	17	0.5000	20	10	5	0.2000	20	10	pass_mixed_possible_multitemplate
JERC-DEFL-31-5-No	nifH.fa	997	832	83.4504	3138.2267	1518	165	16.5496	10	0.5000	20	10	5	0.2000	20	10	pass_single_dominant
JERC-DEFL-61-3-Rh	nifH.fa	997	833	83.5507	199.9609	178	164	16.4493	63	0.5000	20	10	5	0.2000	20	10	pass_mixed_possible_multitemplate
JERC-DEFL-61-3-Ro	nifH.fa	997	791	79.3380	29.6730	18	206	20.6620	69	0.5000	20	10	5	0.2000	20	10	pass_mixed_possible_multitemplate
JERC-DEFL-75-2-No	nifH.fa	997	814	81.6449	3157.4383	1345	183	18.3551	17	0.4545	20	10	5	0.2000	20	10	pass_mixed_possible_multitemplate
JERC-DEFL-61-3-No	nifH.fa	997	835	83.7513	3614.9468	2916	162	16.2487	21	0.4883	20	10	5	0.2000	20	10	pass_mixed_possible_multitemplate
JERC-DEFL-75-2-Ro	nifH.fa	997	833	83.5507	978.7121	608	164	16.4493	13	0.5000	20	10	5	0.2000	20	10	pass_mixed_possible_multitemplate
JERC-DEFL-75-2-Rh	nifH.fa	997	797	79.9398	3238.0993	2502	200	20.0602	13	0.4873	20	10	5	0.2000	20	10	pass_mixed_possible_multitemplate
JERC-DEFL-75-3-Rh	nifH.fa	997	804	80.6419	3081.4654	1982	193	19.3581	16	0.4980	20	10	5	0.2000	20	10	pass_mixed_possible_multitemplate
JERC-DEFL-75-3-Ro	nifH.fa	997	798	80.0401	2609.2106	1340	199	19.9599	13	0.4888	20	10	5	0.2000	20	10	pass_mixed_possible_multitemplate
JERC-DEFL-75-3-No	nifH.fa	997	801	80.3410	2720.3260	131	196	19.6590	4	0.4639	20	10	5	0.2000	20	10	pass_single_dominant
JERC-DELI-77-2-No	nifH.fa	997	716	71.8154	1997.5827	764	281	28.1846	35	0.4849	20	10	5	0.2000	20	10	pass_mixed_possible_multitemplate
JERC-DELI-77-2-Ro	nifH.fa	997	770	77.2317	1634.7081	892	227	22.7683	18	0.4990	20	10	5	0.2000	20	10	pass_mixed_possible_multitemplate
JERC-DELI-77-2-Rh	nifH.fa	997	778	78.0341	3253.1655	2668	219	21.9659	15	0.4951	20	10	5	0.2000	20	10	pass_mixed_possible_multitemplate
JERC-DESM-74-1-No	nifH.fa	997	795	79.7392	3932.0752	4740	202	20.2608	12	0.5000	20	10	5	0.2000	20	10	pass_mixed_possible_multitemplate
JERC-DESM-74-1-Ro	nifH.fa	997	832	83.4504	21.0752	10	165	16.5496	17	0.5000	20	10	5	0.2000	20	10	pass_mixed_possible_multitemplate
JERC-DESM-74-1-Rh	nifH.fa	997	795	79.7392	4168.0863	5594	202	20.2608	12	0.5000	20	10	5	0.2000	20	10	pass_mixed_possible_multitemplate
JERC-DEST-32-1-No	nifH.fa	997	837	83.9519	2779.1344	793	160	16.0481	37	0.5000	20	10	5	0.2000	20	10	pass_mixed_possible_multitemplate
JERC-DEST-32-1-Rh	nifH.fa	997	834	83.6510	3862.8897	4865	163	16.3490	14	0.4993	20	10	5	0.2000	20	10	pass_mixed_possible_multitemplate
JERC-DEST-32-1-Ro	nifH.fa	997	834	83.6510	2977.3400	2577	163	16.3490	19	0.4954	20	10	5	0.2000	20	10	pass_mixed_possible_multitemplate
JERC-DEST-65-5-No	nifH.fa	997	801	80.3410	2277.6820	1144	196	19.6590	44	0.4972	20	10	5	0.2000	20	10	pass_mixed_possible_multitemplate
JERC-DEST-65-5-Ro	nifH.fa	997	735	73.7212	688.0943	313	262	26.2788	29	0.4422	20	10	5	0.2000	20	10	pass_mixed_possible_multitemplate
JERC-DEST-65-5-Rh	nifH.fa	997	711	71.3139	2943.9298	2062	286	28.6861	22	0.4985	20	10	5	0.2000	20	10	pass_mixed_possible_multitemplate
JERC-DEST-68-4-Rh	nifH.fa	997	775	77.7332	2998.2357	2385	222	22.2668	17	0.5000	20	10	5	0.2000	20	10	pass_mixed_possible_multitemplate
JERC-DEST-68-4-No	nifH.fa	997	835	83.7513	3175.6269	1177	162	16.2487	21	0.4984	20	10	5	0.2000	20	10	pass_mixed_possible_multitemplate
JERC-DEST-68-4-Ro	nifH.fa	997	809	81.1434	4013.0431	5030	188	18.8566	15	0.4872	20	10	5	0.2000	20	10	pass_mixed_possible_multitemplate
JERC-GAVO-33-1-No	nifH.fa	997	837	83.9519	2926.7322	232	160	16.0481	26	0.4915	20	10	5	0.2000	20	10	pass_mixed_possible_multitemplate
JERC-GAVO-33-1-Ro	nifH.fa	997	701	70.3109	844.7954	443	296	29.6891	13	0.4942	20	10	5	0.2000	20	10	pass_mixed_possible_multitemplate
JERC-LEHI-82-3-No	nifH.fa	997	757	75.9278	747.4062	431	240	24.0722	19	0.4977	20	10	5	0.2000	20	10	pass_mixed_possible_multitemplate
JERC-LEHI-82-3-Rh	nifH.fa	997	769	77.1314	3220.8526	2191	228	22.8686	17	0.5000	20	10	5	0.2000	20	10	pass_mixed_possible_multitemplate
JERC-GAVO-33-1-Rh	nifH.fa	997	835	83.7513	3970.5577	4898	162	16.2487	17	0.4545	20	10	5	0.2000	20	10	pass_mixed_possible_multitemplate
JERC-LEHI-82-3-Ro	nifH.fa	997	801	80.3410	2765.8395	1275	196	19.6590	12	0.4968	20	10	5	0.2000	20	10	pass_mixed_possible_multitemplate
JERC-LEST-78-5-No	nifH.fa	997	783	78.5356	2972.5547	1766	214	21.4644	54	0.4839	20	10	5	0.2000	20	10	pass_mixed_possible_multitemplate
JERC-LEST-78-5-Rh	nifH.fa	997	794	79.6389	3592.3791	3821	203	20.3611	12	0.4844	20	10	5	0.2000	20	10	pass_mixed_possible_multitemplate
JERC-LEST-78-5-Ro	nifH.fa	997	825	82.7482	2213.9398	1158	172	17.2518	14	0.4855	20	10	5	0.2000	20	10	pass_mixed_possible_multitemplate
JERC-LEVI-79-2-No	nifH.fa	997	735	73.7212	2800.4233	2134	262	26.2788	14	0.5000	20	10	5	0.2000	20	10	pass_mixed_possible_multitemplate
JERC-LEVI-79-2-Ro	nifH.fa	997	754	75.6269	450.6951	259	243	24.3731	18	0.4877	20	10	5	0.2000	20	10	pass_mixed_possible_multitemplate
JERC-LEVI-79-2-Rh	nifH.fa	997	793	79.5386	3403.6078	3109	204	20.4614	18	0.4906	20	10	5	0.2000	20	10	pass_mixed_possible_multitemplate
JERC-RHDI-59-3-Rh	nifH.fa	997	832	83.4504	201.1515	64	165	16.5496	95	0.5000	20	10	5	0.2000	20	10	pass_mixed_possible_multitemplate
JERC-RHDI-59-3-Ro	nifH.fa	997	832	83.4504	17.6148	17	165	16.5496	39	0.5000	20	10	5	0.2000	20	10	pass_mixed_possible_multitemplate
JERC-RHRE-55-1-No	nifH.fa	997	832	83.4504	3198.1575	1738	165	16.5496	11	0.5000	20	10	5	0.2000	20	10	pass_mixed_possible_multitemplate
JERC-RHRE-55-1-Rh	nifH.fa	997	833	83.5507	561.3450	167	164	16.4493	87	0.4803	20	10	5	0.2000	20	10	pass_mixed_possible_multitemplate
JERC-RHRE-55-1-Ro	nifH.fa	997	810	81.2437	47.4042	38	187	18.7563	49	0.5000	20	10	5	0.2000	20	10	pass_mixed_possible_multitemplate
JERC-RHDI-59-3-No	nifH.fa	997	813	81.5446	3093.3330	1262	184	18.4554	1	0.5000	20	10	5	0.2000	20	10	pass_single_dominant
JERC-RHTO-58-1-Rh	nifH.fa	997	833	83.5507	342.4383	174	164	16.4493	35	0.5000	20	10	5	0.2000	20	10	pass_mixed_possible_multitemplate
JERC-RHTO-58-1-Ro	nifH.fa	997	834	83.6510	468.6078	279	163	16.3490	69	0.4981	20	10	5	0.2000	20	10	pass_mixed_possible_multitemplate
JERC-RHTO-58-1-No	nifH.fa	997	832	83.4504	2984.1304	1061	165	16.5496	18	0.5000	20	10	5	0.2000	20	10	pass_mixed_possible_multitemplate
JERC-STBI-63-1-Rh	nifH.fa	997	833	83.5507	3943.4002	5103	164	16.4493	12	0.4890	20	10	5	0.2000	20	10	pass_mixed_possible_multitemplate
JERC-STBI-63-1-Ro	nifH.fa	997	707	70.9127	203.7914	67	290	29.0873	28	0.4930	20	10	5	0.2000	20	10	pass_mixed_possible_multitemplate
JERC-STBI-63-1-No	nifH.fa	997	718	72.0160	3616.8546	3243	279	27.9840	0	0.2857	20	10	5	0.2000	20	10	pass_single_dominant
JERC-STBI-72-3-No	nifH.fa	997	778	78.0341	3024.8716	1541	219	21.9659	45	0.4949	20	10	5	0.2000	20	10	pass_mixed_possible_multitemplate
JERC-STBI-72-3-Ro	nifH.fa	997	826	82.8485	329.0612	145	171	17.1515	31	0.5000	20	10	5	0.2000	20	10	pass_mixed_possible_multitemplate
JERC-TECW-66-3-No	nifH.fa	997	836	83.8516	2850.1715	1889	161	16.1484	15	0.4915	20	10	5	0.2000	20	10	pass_mixed_possible_multitemplate
JERC-STBI-72-3-Rh	nifH.fa	997	781	78.3350	2439.9208	50	216	21.6650	16	0.4676	20	10	5	0.2000	20	10	pass_mixed_possible_multitemplate
JERC-TECW-66-3-Rh	nifH.fa	997	791	79.3380	3757.6690	4304	206	20.6620	13	0.4990	20	10	5	0.2000	20	10	pass_mixed_possible_multitemplate
JERC-TECW-66-3-Ro	nifH.fa	997	711	71.3139	3789.0201	4781	286	28.6861	13	0.4806	20	10	5	0.2000	20	10	pass_mixed_possible_multitemplate
JORN-1-Rh	nifH.fa	997	831	83.3501	627.3270	713	166	16.6499	34	0.5000	20	10	5	0.2000	20	10	pass_mixed_possible_multitemplate
JORN-1-Ro	nifH.fa	997	827	82.9488	90.2006	98	170	17.0512	43	0.4962	20	10	5	0.2000	20	10	pass_mixed_possible_multitemplate
JORN-2-1-No	nifH.fa	997	807	80.9428	284.3501	354	190	19.0572	61	0.4707	20	10	5	0.2000	20	10	pass_mixed_possible_multitemplate
JORN-2-1-Rh	nifH.fa	997	833	83.5507	3400.6088	3412	164	16.4493	44	0.4743	20	10	5	0.2000	20	10	pass_mixed_possible_multitemplate
JORN-2-1-Ro	nifH.fa	997	830	83.2497	36.3170	26	167	16.7503	38	0.4375	20	10	5	0.2000	20	10	pass_mixed_possible_multitemplate
JORN-3-1-No	nifH.fa	997	801	80.3410	75.0110	65	196	19.6590	34	0.4634	20	10	5	0.2000	20	10	pass_mixed_possible_multitemplate
JORN-3-1-Rh	nifH.fa	997	807	80.9428	1097.2287	98	190	19.0572	54	0.4706	20	10	5	0.2000	20	10	pass_mixed_possible_multitemplate
JORN-3-1-Ro	nifH.fa	997	806	80.8425	19.2307	20	191	19.1575	41	0.4688	20	10	5	0.2000	20	10	pass_mixed_possible_multitemplate
JORN-4-1-No	nifH.fa	997	825	82.7482	367.8686	19	172	17.2518	19	0.4615	20	10	5	0.2000	20	10	pass_mixed_possible_multitemplate
JORN-4-1-Rh	nifH.fa	997	832	83.4504	743.4393	489	165	16.5496	40	0.5000	20	10	5	0.2000	20	10	pass_mixed_possible_multitemplate
JORN-4-1-Ro	nifH.fa	997	828	83.0491	48.7723	49	169	16.9509	77	0.5000	20	10	5	0.2000	20	10	pass_mixed_possible_multitemplate
KONA-1-1-No	nifH.fa	997	829	83.1494	3523.4112	1118	168	16.8506	3	0.4483	20	10	5	0.2000	20	10	pass_single_dominant
KONA-1-1-Rh	nifH.fa	997	828	83.0491	48.7723	49	169	16.9509	77	0.5000	20	10	5	0.2000	20	10	pass_mixed_possible_multitemplate
KONA-1-1-Ro	nifH.fa	997	828	83.0491	48.7723	49	169	16.9509	77	0.5000	20	10	5	0.2000	20	10	pass_mixed_possible_multitemplate
KONA-2-1-No	nifH.fa	997	828	83.0491	48.7723	49	169	16.9509	77	0.5000	20	10	5	0.2000	20	10	pass_mixed_possible_multitemplate
KONA-2-1-Rh	nifH.fa	997	828	83.0491	48.7723	49	169	16.9509	77	0.5000	20	10	5	0.2000	20	10	pass_mixed_possible_multitemplate
KONA-2-1-Ro	nifH.fa	997	828	83.0491	48.7723	49	169	16.9509	77	0.5000	20	10	5	0.2000	20	10	pass_mixed_possible_multitemplate
KONA-3-1-No	nifH.fa	997	828	83.0491	48.7723	49	169	16.9509	77	0.5000	20	10	5	0.2000	20	10	pass_mixed_possible_multitemplate
KONA-3-1-Rh	nifH.fa	997	828	83.0491	48.7723	49	169	16.9509	77	0.5000	20	10	5	0.2000	20	10	pass_mixed_possible_multitemplate
KONA-3-1-Ro	nifH.fa	997	834	83.6510	19.3912	18	163	16.3490	46	0.5000	20	10	5	0.2000	20	10	pass_mixed_possible_multitemplate
KONZ-10-1-No	nifH.fa	997	836	83.8516	3343.3330	2505	161	16.1484	21	0.4340	20	10	5	0.2000	20	10	pass_mixed_possible_multitemplate
KONZ-10-1-Rh	nifH.fa	997	834	83.6510	559.7242	351	163	16.3490	84	0.4842	20	10	5	0.2000	20	10	pass_mixed_possible_multitemplate
JORN-1-No	nifH.fa	997	830	83.2497	5490.4343	7494	167	16.7503	0	0.5000	20	10	5	0.2000	20	10	pass_single_dominant
KONZ-10-1-Ro	nifH.fa	997	764	76.6299	152.7492	71	233	23.3701	60	0.5000	20	10	5	0.2000	20	10	pass_mixed_possible_multitemplate
KONZ-11-1-No	nifH.fa	997	832	83.4504	5805.6449	7594	165	16.5496	18	0.4975	20	10	5	0.2000	20	10	pass_mixed_possible_multitemplate
KONZ-11-1-Ro	nifH.fa	997	833	83.5507	18.6931	8	164	16.4493	35	0.5000	20	10	5	0.2000	20	10	pass_mixed_possible_multitemplate
KONZ-11-1-Rh	nifH.fa	997	834	83.6510	4089.2207	5428	163	16.3490	9	0.4000	20	10	5	0.2000	20	10	pass_single_dominant
KONZ-12-1-Rh	nifH.fa	997	835	83.7513	3585.7803	4363	162	16.2487	14	0.5000	20	10	5	0.2000	20	10	pass_mixed_possible_multitemplate
KONZ-12-1-Ro	nifH.fa	997	833	83.5507	319.7492	150	164	16.4493	43	0.4939	20	10	5	0.2000	20	10	pass_mixed_possible_multitemplate
KONZ-13-1-No	nifH.fa	997	774	77.6329	62.6349	40	223	22.3671	50	0.5000	20	10	5	0.2000	20	10	pass_mixed_possible_multitemplate
KONZ-13-1-Rh	nifH.fa	997	680	68.2046	1377.8526	568	317	31.7954	13	0.4853	20	10	5	0.2000	20	10	pass_mixed_possible_multitemplate
KONZ-13-1-Ro	nifH.fa	997	832	83.4504	30.7021	19	165	16.5496	52	0.5000	20	10	5	0.2000	20	10	pass_mixed_possible_multitemplate
KONZ-14-1-No	nifH.fa	997	733	73.5206	1240.6710	13	264	26.4794	3	0.3846	20	10	5	0.2000	20	10	pass_single_dominant
KONZ-14-1-Rh	nifH.fa	997	833	83.5507	2333.9759	612	164	16.4493	29	0.5000	20	10	5	0.2000	20	10	pass_mixed_possible_multitemplate
KONZ-14-1-Ro	nifH.fa	997	800	80.2407	33.1695	12	197	19.7593	44	0.5000	20	10	5	0.2000	20	10	pass_mixed_possible_multitemplate
KONZ-15-1-No	nifH.fa	997	785	78.7362	1787.6148	4	212	21.2638	2	0.5000	20	10	5	0.2000	20	10	pass_single_dominant
KONZ-15-1-Rh	nifH.fa	997	835	83.7513	3106.2337	1643	162	16.2487	15	0.5000	20	10	5	0.2000	20	10	pass_mixed_possible_multitemplate
KONZ-15-1-Ro	nifH.fa	997	832	83.4504	37.4804	10	165	16.5496	47	0.5000	20	10	5	0.2000	20	10	pass_mixed_possible_multitemplate
KONZ-12-1-No	nifH.fa	997	832	83.4504	6165.9900	7907	165	16.5496	0	0.3158	20	10	5	0.2000	20	10	pass_single_dominant
KONZ-16-1-No	nifH.fa	997	717	71.9157	1864.0582	5	280	28.0843	6	0.5000	20	10	5	0.2000	20	10	pass_single_dominant
KONZ-16-1-Ro	nifH.fa	997	678	68.0040	19.1575	6	319	31.9960	22	0.5000	20	10	5	0.2000	20	10	pass_mixed_possible_multitemplate
KONZ-1-No	nifH.fa	997	832	83.4504	2892.8385	84	165	16.5496	25	0.5000	20	10	5	0.2000	20	10	pass_mixed_possible_multitemplate
KONZ-1-Rh	nifH.fa	997	768	77.0311	64.2467	4	229	22.9689	0	0.5000	20	10	5	0.2000	20	10	pass_single_dominant
KONZ-1-Ro	nifH.fa	997	798	80.0401	211.0110	153	199	19.9599	36	0.5000	20	10	5	0.2000	20	10	pass_mixed_possible_multitemplate
KONZ-16-1-Rh	nifH.fa	997	834	83.6510	4146.4594	5549	163	16.3490	11	0.5000	20	10	5	0.2000	20	10	pass_mixed_possible_multitemplate
KONZ-2-1-Rh	nifH.fa	997	836	83.8516	404.6008	217	161	16.1484	42	0.5000	20	10	5	0.2000	20	10	pass_mixed_possible_multitemplate
KONZ-2-1-Ro	nifH.fa	997	833	83.5507	123.6128	75	164	16.4493	52	0.4712	20	10	5	0.2000	20	10	pass_mixed_possible_multitemplate
KONZ-3-1-No	nifH.fa	997	832	83.4504	2599.2818	192	165	16.5496	16	0.5000	20	10	5	0.2000	20	10	pass_mixed_possible_multitemplate
KONZ-3-1-Rh	nifH.fa	997	837	83.9519	2076.4343	1547	160	16.0481	16	0.5000	20	10	5	0.2000	20	10	pass_mixed_possible_multitemplate
KONZ-3-1-Ro	nifH.fa	997	833	83.5507	285.2096	168	164	16.4493	34	0.4980	20	10	5	0.2000	20	10	pass_mixed_possible_multitemplate
KONZ-4-1-No	nifH.fa	997	833	83.5507	2012.1163	1040	164	16.4493	42	0.5000	20	10	5	0.2000	20	10	pass_mixed_possible_multitemplate
KONZ-4-1-Rh	nifH.fa	997	836	83.8516	1137.3661	649	161	16.1484	74	0.4937	20	10	5	0.2000	20	10	pass_mixed_possible_multitemplate
KONZ-4-1-Ro	nifH.fa	997	832	83.4504	69.3801	43	165	16.5496	13	0.4839	20	10	5	0.2000	20	10	pass_mixed_possible_multitemplate
KONZ-2-1-No	nifH.fa	997	829	83.1494	4197.5035	5649	168	16.8506	0	0.5000	20	10	5	0.2000	20	10	pass_single_dominant
KONZ-5-1-Rh	nifH.fa	997	833	83.5507	887.4253	49	164	16.4493	44	0.5000	20	10	5	0.2000	20	10	pass_mixed_possible_multitemplate
KONZ-5-1-Ro	nifH.fa	997	833	83.5507	166.6108	128	164	16.4493	22	0.4237	20	10	5	0.2000	20	10	pass_mixed_possible_multitemplate
KONZ-5-1-No	nifH.fa	997	833	83.5507	4306.9047	5843	164	16.4493	24	0.4931	20	10	5	0.2000	20	10	pass_mixed_possible_multitemplate
KONZ-6-1-Rh	nifH.fa	997	837	83.9519	3509.1575	3722	160	16.0481	7	0.4787	20	10	5	0.2000	20	10	pass_single_dominant
KONZ-6-1-Ro	nifH.fa	997	834	83.6510	1392.2156	981	163	16.3490	33	0.4839	20	10	5	0.2000	20	10	pass_mixed_possible_multitemplate
KONZ-7-1-No	nifH.fa	997	830	83.2497	3992.8044	5166	167	16.7503	12	0.4859	20	10	5	0.2000	20	10	pass_mixed_possible_multitemplate
KONZ-7-1-Rh	nifH.fa	997	840	84.2528	3306.5486	3059	157	15.7472	21	0.5000	20	10	5	0.2000	20	10	pass_mixed_possible_multitemplate
KONZ-7-1-Ro	nifH.fa	997	833	83.5507	43.7402	18	164	16.4493	53	0.5000	20	10	5	0.2000	20	10	pass_mixed_possible_multitemplate
KONZ-8-1-No	nifH.fa	997	833	83.5507	1926.2197	432	164	16.4493	12	0.4861	20	10	5	0.2000	20	10	pass_mixed_possible_multitemplate
KONZ-8-1-Rh	nifH.fa	997	837	83.9519	3597.3440	4372	160	16.0481	20	0.4487	20	10	5	0.2000	20	10	pass_mixed_possible_multitemplate
KONZ-8-1-Ro	nifH.fa	997	827	82.9488	35.5165	20	170	17.0512	76	0.5000	20	10	5	0.2000	20	10	pass_mixed_possible_multitemplate
KONZ-9-2-No	nifH.fa	997	833	83.5507	4156.4965	5001	164	16.4493	6	0.5000	20	10	5	0.2000	20	10	pass_single_dominant
KONZ-9-2-Rh	nifH.fa	997	716	71.8154	60.0140	4	281	28.1846	5	0.5000	20	10	5	0.2000	20	10	pass_single_dominant
KONZ-9-2-Ro	nifH.fa	997	835	83.7513	80.4152	53	162	16.2487	92	0.5000	20	10	5	0.2000	20	10	pass_mixed_possible_multitemplate
LAJA-10-1-No	nifH.fa	997	702	70.4112	1664.6750	1297	295	29.5888	14	0.4719	20	10	5	0.2000	20	10	pass_mixed_possible_multitemplate
KONZ-6-1-No	nifH.fa	997	832	83.4504	6038.7402	7591	165	16.5496	0	0.1743	20	10	5	0.2000	20	10	pass_single_dominant
LAJA-10-1-Ro	nifH.fa	997	717	71.9157	19.4985	11	280	28.0843	36	0.5000	20	10	5	0.2000	20	10	pass_mixed_possible_multitemplate
LAJA-10-1-Rh	nifH.fa	997	751	75.3260	241.1956	112	246	24.6740	22	0.5000	20	10	5	0.2000	20	10	pass_mixed_possible_multitemplate
LAJA-11-3-Rh	nifH.fa	997	817	81.9458	371.9418	210	180	18.0542	73	0.4957	20	10	5	0.2000	20	10	pass_mixed_possible_multitemplate
LAJA-11-3-Ro	nifH.fa	997	722	72.4173	59.0291	56	275	27.5827	48	0.4884	20	10	5	0.2000	20	10	pass_mixed_possible_multitemplate
LAJA-11-3-No	nifH.fa	997	833	83.5507	3875.2297	3965	164	16.4493	54	0.5000	20	10	5	0.2000	20	10	pass_mixed_possible_multitemplate
LAJA-1-1-Rh	nifH.fa	997	833	83.5507	144.9930	14	164	16.4493	42	0.5000	20	10	5	0.2000	20	10	pass_mixed_possible_multitemplate
LAJA-1-1-Ro	nifH.fa	997	741	74.3230	168.5186	35	256	25.6770	9	0.3929	20	10	5	0.2000	20	10	pass_single_dominant
LAJA-12-1-No	nifH.fa	997	756	75.8275	3070.2056	319	241	24.1725	4	0.4062	20	10	5	0.2000	20	10	pass_single_dominant
LAJA-12-1-Rh	nifH.fa	997	789	79.1374	370.6670	81	208	20.8626	53	0.5000	20	10	5	0.2000	20	10	pass_mixed_possible_multitemplate
LAJA-12-1-Ro	nifH.fa	997	845	84.7543	545.3621	322	152	15.2457	84	0.4971	20	10	5	0.2000	20	10	pass_mixed_possible_multitemplate
LAJA-1-2-No	nifH.fa	997	748	75.0251	4198.8445	6752	249	24.9749	10	0.4681	20	10	5	0.2000	20	10	pass_single_dominant
LAJA-1-2-Rh	nifH.fa	997	817	81.9458	464.4373	337	180	18.0542	58	0.5000	20	10	5	0.2000	20	10	pass_mixed_possible_multitemplate
LAJA-1-2-Ro	nifH.fa	997	727	72.9188	2068.2658	659	270	27.0812	21	0.4812	20	10	5	0.2000	20	10	pass_mixed_possible_multitemplate
LAJA-1-1-No	nifH.fa	997	843	84.5537	4331.2849	7818	154	15.4463	1	0.5000	20	10	5	0.2000	20	10	pass_single_dominant
LAJA-13-3-Rh	nifH.fa	997	819	82.1464	291.6941	164	178	17.8536	75	0.4925	20	10	5	0.2000	20	10	pass_mixed_possible_multitemplate
LAJA-13-3-Ro	nifH.fa	997	843	84.5537	724.0993	680	154	15.4463	48	0.5000	20	10	5	0.2000	20	10	pass_mixed_possible_multitemplate
LAJA-13-3-No	nifH.fa	997	786	78.8365	735.3721	58	211	21.1635	53	0.5000	20	10	5	0.2000	20	10	pass_mixed_possible_multitemplate
LAJA-1-3-Rh	nifH.fa	997	861	86.3591	3093.2136	1564	136	13.6409	30	0.5000	20	10	5	0.2000	20	10	pass_mixed_possible_multitemplate
LAJA-1-3-Ro	nifH.fa	997	801	80.3410	3194.0752	1589	196	19.6590	14	0.4778	20	10	5	0.2000	20	10	pass_mixed_possible_multitemplate
LAJA-14-1-No	nifH.fa	997	846	84.8546	1892.1194	207	151	15.1454	66	0.4773	20	10	5	0.2000	20	10	pass_mixed_possible_multitemplate
LAJA-14-1-Rh	nifH.fa	997	800	80.2407	1766.9378	86	197	19.7593	69	0.5000	20	10	5	0.2000	20	10	pass_mixed_possible_multitemplate
LAJA-14-1-Ro	nifH.fa	997	821	82.3470	575.6289	126	176	17.6530	63	0.5000	20	10	5	0.2000	20	10	pass_mixed_possible_multitemplate
LAJA-1-3-No	nifH.fa	997	790	79.2377	4047.8536	5581	207	20.7623	19	0.5000	20	10	5	0.2000	20	10	pass_mixed_possible_multitemplate
LAJA-15-1-Rh	nifH.fa	997	758	76.0281	552.9107	259	239	23.9719	48	0.5000	20	10	5	0.2000	20	10	pass_mixed_possible_multitemplate
LAJA-15-1-Ro	nifH.fa	997	800	80.2407	345.0391	97	197	19.7593	50	0.4920	20	10	5	0.2000	20	10	pass_mixed_possible_multitemplate
LAJA-16-2-No	nifH.fa	997	825	82.7482	2547.9338	338	172	17.2518	46	0.4978	20	10	5	0.2000	20	10	pass_mixed_possible_multitemplate
LAJA-16-2-Rh	nifH.fa	997	822	82.4473	510.2217	9	175	17.5527	5	0.5000	20	10	5	0.2000	20	10	pass_single_dominant
LAJA-15-1-No	nifH.fa	997	823	82.5476	3698.9529	2379	174	17.4524	0	0.4667	20	10	5	0.2000	20	10	pass_single_dominant
LAJA-16-2-Ro	nifH.fa	997	801	80.3410	619.0431	96	196	19.6590	64	0.4947	20	10	5	0.2000	20	10	pass_mixed_possible_multitemplate
LAJA-17-1-Rh	nifH.fa	997	822	82.4473	933.9719	578	175	17.5527	76	0.4862	20	10	5	0.2000	20	10	pass_mixed_possible_multitemplate
LAJA-17-1-Ro	nifH.fa	997	830	83.2497	1118.1304	507	167	16.7503	96	0.4991	20	10	5	0.2000	20	10	pass_mixed_possible_multitemplate
LAJA-17-1-No	nifH.fa	997	842	84.4534	3312.3490	2077	155	15.5466	35	0.4313	20	10	5	0.2000	20	10	pass_mixed_possible_multitemplate
LAJA-18-1-Rh	nifH.fa	997	674	67.6028	957.5918	277	323	32.3972	28	0.4706	20	10	5	0.2000	20	10	pass_mixed_possible_multitemplate
LAJA-18-1-Ro	nifH.fa	997	651	65.2959	147.4243	16	346	34.7041	20	0.5000	20	10	5	0.2000	20	10	pass_mixed_possible_multitemplate
LAJA-18-1-No	nifH.fa	997	834	83.6510	3910.9248	4377	163	16.3490	43	0.5000	20	10	5	0.2000	20	10	pass_mixed_possible_multitemplate
LAJA-19-2-Rh	nifH.fa	997	830	83.2497	470.5426	167	167	16.7503	89	0.4875	20	10	5	0.2000	20	10	pass_mixed_possible_multitemplate
LAJA-19-2-No	nifH.fa	997	793	79.5386	2264.8004	406	204	20.4614	24	0.5000	20	10	5	0.2000	20	10	pass_mixed_possible_multitemplate
LAJA-19-2-Ro	nifH.fa	997	721	72.3170	34.8215	33	276	27.6830	66	0.4945	20	10	5	0.2000	20	10	pass_mixed_possible_multitemplate
LAJA-20-1-Rh	nifH.fa	997	798	80.0401	350.7212	128	199	19.9599	79	0.5000	20	10	5	0.2000	20	10	pass_mixed_possible_multitemplate
LAJA-20-1-Ro	nifH.fa	997	827	82.9488	109.6750	50	170	17.0512	123	0.5000	20	10	5	0.2000	20	10	pass_mixed_possible_multitemplate
LAJA-20-1-No	nifH.fa	997	812	81.4443	2893.7643	884	185	18.5557	38	0.5000	20	10	5	0.2000	20	10	pass_mixed_possible_multitemplate
LAJA-21-1-Rh	nifH.fa	997	734	73.6209	1032.6700	4	263	26.3791	5	0.3333	20	10	5	0.2000	20	10	pass_single_dominant
LAJA-21-1-Ro	nifH.fa	997	831	83.3501	52.4674	18	166	16.6499	21	0.5000	20	10	5	0.2000	20	10	pass_mixed_possible_multitemplate
LAJA-21-1-No	nifH.fa	997	840	84.2528	3562.2788	2202	157	15.7472	52	0.4949	20	10	5	0.2000	20	10	pass_mixed_possible_multitemplate
LAJA-2-1-Rh	nifH.fa	997	815	81.7452	2750.3581	2633	182	18.2548	36	0.4782	20	10	5	0.2000	20	10	pass_mixed_possible_multitemplate
LAJA-2-1-Ro	nifH.fa	997	818	82.0461	2206.7111	509	179	17.9539	10	0.5000	20	10	5	0.2000	20	10	pass_single_dominant
LAJA-22-2-No	nifH.fa	997	828	83.0491	4573.4443	5713	169	16.9509	9	0.4000	20	10	5	0.2000	20	10	pass_single_dominant
LAJA-22-2-Rh	nifH.fa	997	833	83.5507	368.3039	226	164	16.4493	83	0.4922	20	10	5	0.2000	20	10	pass_mixed_possible_multitemplate
LAJA-22-2-Ro	nifH.fa	997	710	71.2136	28.9428	27	287	28.7864	44	0.5000	20	10	5	0.2000	20	10	pass_mixed_possible_multitemplate
LAJA-2-1-No	nifH.fa	997	807	80.9428	4120.9398	5748	190	19.0572	15	0.4811	20	10	5	0.2000	20	10	pass_mixed_possible_multitemplate
LAJA-2-2-No	nifH.fa	997	835	83.7513	4084.1394	5747	162	16.2487	21	0.5000	20	10	5	0.2000	20	10	pass_mixed_possible_multitemplate
LAJA-2-2-Rh	nifH.fa	997	845	84.7543	1799.3009	1045	152	15.2457	90	0.4885	20	10	5	0.2000	20	10	pass_mixed_possible_multitemplate
LAJA-2-2-Ro	nifH.fa	997	850	85.2558	3902.2698	3991	147	14.7442	13	0.4651	20	10	5	0.2000	20	10	pass_mixed_possible_multitemplate
LAJA-23-1-Rh	nifH.fa	997	811	81.3440	3528.4373	1258	186	18.6560	37	0.4994	20	10	5	0.2000	20	10	pass_mixed_possible_multitemplate
LAJA-23-1-Ro	nifH.fa	997	833	83.5507	72.4443	54	164	16.4493	69	0.5000	20	10	5	0.2000	20	10	pass_mixed_possible_multitemplate
LAJA-23-1-No	nifH.fa	997	826	82.8485	3975.7513	3551	171	17.1515	51	0.4952	20	10	5	0.2000	20	10	pass_mixed_possible_multitemplate
LAJA-2-3-Rh	nifH.fa	997	845	84.7543	2918.3641	925	152	15.2457	40	0.4864	20	10	5	0.2000	20	10	pass_mixed_possible_multitemplate
LAJA-2-3-Ro	nifH.fa	997	771	77.3320	3786.8175	3804	226	22.6680	22	0.5000	20	10	5	0.2000	20	10	pass_mixed_possible_multitemplate
LAJA-24-2-No	nifH.fa	997	764	76.6299	931.0461	202	233	23.3701	12	0.4545	20	10	5	0.2000	20	10	pass_mixed_possible_multitemplate
LAJA-24-2-Rh	nifH.fa	997	666	66.8004	65.3480	7	331	33.1996	13	0.5000	20	10	5	0.2000	20	10	pass_mixed_possible_multitemplate
LAJA-24-2-Ro	nifH.fa	997	688	69.0070	11.4644	7	309	30.9930	27	0.5000	20	10	5	0.2000	20	10	pass_mixed_possible_multitemplate
LAJA-2-3-No	nifH.fa	997	881	88.3651	4064.2447	5533	116	11.6349	46	0.5000	20	10	5	0.2000	20	10	pass_mixed_possible_multitemplate
LAJA-25-1-Rh	nifH.fa	997	817	81.9458	147.6600	21	180	18.0542	40	0.4615	20	10	5	0.2000	20	10	pass_mixed_possible_multitemplate
LAJA-25-1-Ro	nifH.fa	997	792	79.4383	71.4714	24	205	20.5617	57	0.5000	20	10	5	0.2000	20	10	pass_mixed_possible_multitemplate
LAJA-25-1-No	nifH.fa	997	833	83.5507	2279.0381	58	164	16.4493	57	0.5000	20	10	5	0.2000	20	10	pass_mixed_possible_multitemplate
LAJA-26-1-Rh	nifH.fa	997	765	76.7302	365.2086	48	232	23.2698	62	0.4823	20	10	5	0.2000	20	10	pass_mixed_possible_multitemplate
LAJA-26-1-Ro	nifH.fa	997	833	83.5507	142.3962	70	164	16.4493	64	0.5000	20	10	5	0.2000	20	10	pass_mixed_possible_multitemplate
LAJA-26-1-No	nifH.fa	997	808	81.0431	3899.9769	3371	189	18.9569	12	0.4767	20	10	5	0.2000	20	10	pass_mixed_possible_multitemplate
LAJA-3-1-Rh	nifH.fa	997	836	83.8516	590.9679	232	161	16.1484	88	0.4893	20	10	5	0.2000	20	10	pass_mixed_possible_multitemplate
LAJA-3-1-Ro	nifH.fa	997	841	84.3531	71.5557	56	156	15.6469	81	0.4872	20	10	5	0.2000	20	10	pass_mixed_possible_multitemplate
LAJA-3-1-No	nifH.fa	997	833	83.5507	4033.6921	5747	164	16.4493	1	0.4286	20	10	5	0.2000	20	10	pass_single_dominant
LAJA-3-2-No	nifH.fa	997	842	84.4534	4310.2477	5860	155	15.5466	36	0.4871	20	10	5	0.2000	20	10	pass_mixed_possible_multitemplate
LAJA-3-2-Ro	nifH.fa	997	844	84.6540	217.7984	123	153	15.3460	84	0.4961	20	10	5	0.2000	20	10	pass_mixed_possible_multitemplate
LAJA-3-2-Rh	nifH.fa	997	843	84.5537	4044.9458	5605	154	15.4463	15	0.5000	20	10	5	0.2000	20	10	pass_mixed_possible_multitemplate
LAJA-3-3-Rh	nifH.fa	997	837	83.9519	1891.2447	1122	160	16.0481	30	0.4808	20	10	5	0.2000	20	10	pass_mixed_possible_multitemplate
LAJA-3-3-Ro	nifH.fa	997	762	76.4293	78.5065	56	235	23.5707	84	0.4975	20	10	5	0.2000	20	10	pass_mixed_possible_multitemplate
LAJA-4-1-No	nifH.fa	997	820	82.2467	3720.4112	4734	177	17.7533	43	0.5000	20	10	5	0.2000	20	10	pass_mixed_possible_multitemplate
LAJA-4-1-Rh	nifH.fa	997	809	81.1434	2609.1384	1406	188	18.8566	8	0.5000	20	10	5	0.2000	20	10	pass_single_dominant
LAJA-4-1-Ro	nifH.fa	997	762	76.4293	573.7432	379	235	23.5707	51	0.4986	20	10	5	0.2000	20	10	pass_mixed_possible_multitemplate
LAJA-3-3-No	nifH.fa	997	842	84.4534	4065.9328	5793	155	15.5466	15	0.5000	20	10	5	0.2000	20	10	pass_mixed_possible_multitemplate
LAJA-5-1-Rh	nifH.fa	997	833	83.5507	240.3711	156	164	16.4493	91	0.4783	20	10	5	0.2000	20	10	pass_mixed_possible_multitemplate
LAJA-5-1-Ro	nifH.fa	997	800	80.2407	50.7613	32	197	19.7593	54	0.5000	20	10	5	0.2000	20	10	pass_mixed_possible_multitemplate
LAJA-6-1-No	nifH.fa	997	836	83.8516	5262.7583	7213	161	16.1484	33	0.4826	20	10	5	0.2000	20	10	pass_mixed_possible_multitemplate
LAJA-6-1-Rh	nifH.fa	997	843	84.5537	5208.2487	7088	154	15.4463	8	0.4667	20	10	5	0.2000	20	10	pass_single_dominant
LAJA-5-1-No	nifH.fa	997	834	83.6510	5489.5948	6951	163	16.3490	34	0.4729	20	10	5	0.2000	20	10	pass_mixed_possible_multitemplate
LAJA-6-1-Ro	nifH.fa	997	830	83.2497	128.3982	124	167	16.7503	33	0.4875	20	10	5	0.2000	20	10	pass_mixed_possible_multitemplate
LAJA-7-1-Rh	nifH.fa	997	853	85.5567	806.9579	383	144	14.4433	79	0.5000	20	10	5	0.2000	20	10	pass_mixed_possible_multitemplate
LAJA-7-1-Ro	nifH.fa	997	836	83.8516	1094.6169	790	161	16.1484	65	0.4857	20	10	5	0.2000	20	10	pass_mixed_possible_multitemplate
LAJA-7-1-No	nifH.fa	997	835	83.7513	3157.5667	1954	162	16.2487	50	0.4885	20	10	5	0.2000	20	10	pass_mixed_possible_multitemplate
LAJA-8-2-Rh	nifH.fa	997	771	77.3320	323.9027	125	226	22.6680	67	0.4969	20	10	5	0.2000	20	10	pass_mixed_possible_multitemplate
LAJA-8-2-Ro	nifH.fa	997	723	72.5176	122.9819	73	274	27.4824	76	0.4878	20	10	5	0.2000	20	10	pass_mixed_possible_multitemplate
LAJA-8-2-No	nifH.fa	997	750	75.2257	3129.8786	1323	247	24.7743	29	0.5000	20	10	5	0.2000	20	10	pass_mixed_possible_multitemplate
LAJA-9-1-Rh	nifH.fa	997	802	80.4413	2316.4423	1531	195	19.5587	29	0.5000	20	10	5	0.2000	20	10	pass_mixed_possible_multitemplate
LAJA-9-1-No	nifH.fa	997	773	77.5326	3574.9168	4312	224	22.4674	35	0.4969	20	10	5	0.2000	20	10	pass_mixed_possible_multitemplate
LAJA-9-1-Ro	nifH.fa	997	806	80.8425	2952.5416	1682	191	19.1575	41	0.4851	20	10	5	0.2000	20	10	pass_mixed_possible_multitemplate
LENO-10-2-Rh	nifH.fa	997	753	75.5266	10.1575	3	244	24.4734	22	0.5000	20	10	5	0.2000	20	10	pass_mixed_possible_multitemplate
LENO-10-2-Ro	nifH.fa	997	832	83.4504	496.1033	470	165	16.5496	1	0.5000	20	10	5	0.2000	20	10	pass_single_dominant
LENO-1-1-No	nifH.fa	997	798	80.0401	3476.9218	2623	199	19.9599	6	0.5000	20	10	5	0.2000	20	10	pass_single_dominant
LENO-10-2-No	nifH.fa	997	829	83.1494	4049.8185	4731	168	16.8506	4	0.5000	20	10	5	0.2000	20	10	pass_single_dominant
LENO-1-1-Rh	nifH.fa	997	811	81.3440	1955.5306	1230	186	18.6560	5	0.5000	20	10	5	0.2000	20	10	pass_single_dominant
LENO-1-1-Ro	nifH.fa	997	766	76.8305	2324.5446	300	231	23.1695	13	0.4702	20	10	5	0.2000	20	10	pass_mixed_possible_multitemplate
LENO-12-3-Rh	nifH.fa	997	624	62.5878	222.3129	3	373	37.4122	0	0.5000	20	10	5	0.2000	20	10	pass_single_dominant
LENO-12-3-Ro	nifH.fa	997	709	71.1133	186.3852	12	288	28.8867	2	0.5000	20	10	5	0.2000	20	10	pass_single_dominant
LENO-12-3-No	nifH.fa	997	828	83.0491	3775.3902	4669	169	16.9509	11	0.4955	20	10	5	0.2000	20	10	pass_mixed_possible_multitemplate
LENO-13-2-Rh	nifH.fa	997	832	83.4504	165.9960	91	165	16.5496	31	0.4969	20	10	5	0.2000	20	10	pass_mixed_possible_multitemplate
LENO-13-2-Ro	nifH.fa	997	833	83.5507	555.9689	411	164	16.4493	84	0.4967	20	10	5	0.2000	20	10	pass_mixed_possible_multitemplate
LENO-14-3-No	nifH.fa	997	836	83.8516	3522.1414	2287	161	16.1484	22	0.4828	20	10	5	0.2000	20	10	pass_mixed_possible_multitemplate
LENO-14-3-Rh	nifH.fa	997	695	69.7091	32.4824	17	302	30.2909	59	0.5000	20	10	5	0.2000	20	10	pass_mixed_possible_multitemplate
LENO-14-3-Ro	nifH.fa	997	835	83.7513	2306.5988	1014	162	16.2487	58	0.4971	20	10	5	0.2000	20	10	pass_mixed_possible_multitemplate
LENO-13-2-No	nifH.fa	997	833	83.5507	3794.5948	3437	164	16.4493	10	0.4762	20	10	5	0.2000	20	10	pass_single_dominant
LENO-15-2-Rh	nifH.fa	997	832	83.4504	21.5356	17	165	16.5496	65	0.5000	20	10	5	0.2000	20	10	pass_mixed_possible_multitemplate
LENO-15-2-No	nifH.fa	997	836	83.8516	2081.7031	32	161	16.1484	64	0.5000	20	10	5	0.2000	20	10	pass_mixed_possible_multitemplate
LENO-16-2-Rh	nifH.fa	997	840	84.2528	376.0361	62	157	15.7472	39	0.5000	20	10	5	0.2000	20	10	pass_mixed_possible_multitemplate
LENO-16-2-No	nifH.fa	997	845	84.7543	2138.6058	113	152	15.2457	53	0.5000	20	10	5	0.2000	20	10	pass_mixed_possible_multitemplate
LENO-16-2-Ro	nifH.fa	997	708	71.0130	87.2518	72	289	28.9870	22	0.5000	20	10	5	0.2000	20	10	pass_mixed_possible_multitemplate
LENO-2-1-Rh	nifH.fa	997	780	78.2347	1466.0893	1118	217	21.7653	4	0.5000	20	10	5	0.2000	20	10	pass_single_dominant
LENO-2-1-Ro	nifH.fa	997	811	81.3440	1484.5436	129	186	18.6560	7	0.5000	20	10	5	0.2000	20	10	pass_single_dominant
LENO-2-1-No	nifH.fa	997	786	78.8365	3149.3932	1700	211	21.1635	0	0.5000	20	10	5	0.2000	20	10	pass_single_dominant
LENO-3-2-Rh	nifH.fa	997	829	83.1494	29.3972	20	168	16.8506	64	0.5000	20	10	5	0.2000	20	10	pass_mixed_possible_multitemplate
LENO-3-2-Ro	nifH.fa	997	835	83.7513	1273.5537	530	162	16.2487	38	0.4791	20	10	5	0.2000	20	10	pass_mixed_possible_multitemplate
LENO-4-3-No	nifH.fa	997	803	80.5416	1916.7362	294	194	19.4584	6	0.5000	20	10	5	0.2000	20	10	pass_single_dominant
LENO-4-3-Rh	nifH.fa	997	787	78.9368	502.7031	24	210	21.0632	24	0.5000	20	10	5	0.2000	20	10	pass_mixed_possible_multitemplate
LENO-4-3-Ro	nifH.fa	997	689	69.1073	42.6349	2	308	30.8927	27	0.5000	20	10	5	0.2000	20	10	pass_mixed_possible_multitemplate
LENO-3-2-No	nifH.fa	997	833	83.5507	3417.9509	3111	164	16.4493	12	0.4722	20	10	5	0.2000	20	10	pass_mixed_possible_multitemplate
LENO-5-2-Rh	nifH.fa	997	835	83.7513	233.1204	149	162	16.2487	79	0.5000	20	10	5	0.2000	20	10	pass_mixed_possible_multitemplate
LENO-5-2-Ro	nifH.fa	997	834	83.6510	266.6068	146	163	16.3490	67	0.5000	20	10	5	0.2000	20	10	pass_mixed_possible_multitemplate
LENO-6-1-No	nifH.fa	997	829	83.1494	3585.5186	2410	168	16.8506	0	0.5000	20	10	5	0.2000	20	10	pass_single_dominant
LENO-6-1-Rh	nifH.fa	997	836	83.8516	541.8455	178	161	16.1484	62	0.5000	20	10	5	0.2000	20	10	pass_mixed_possible_multitemplate
LENO-6-1-Ro	nifH.fa	997	835	83.7513	843.8806	360	162	16.2487	48	0.4960	20	10	5	0.2000	20	10	pass_mixed_possible_multitemplate
LENO-7-2-No	nifH.fa	997	836	83.8516	5172.2788	6609	161	16.1484	0	0.3333	20	10	5	0.2000	20	10	pass_single_dominant
LENO-7-2-Rh	nifH.fa	997	832	83.4504	483.5226	167	165	16.5496	56	0.5000	20	10	5	0.2000	20	10	pass_mixed_possible_multitemplate
LENO-7-2-Ro	nifH.fa	997	835	83.7513	105.6871	94	162	16.2487	55	0.5000	20	10	5	0.2000	20	10	pass_mixed_possible_multitemplate
LENO-5-2-No	nifH.fa	997	832	83.4504	5795.1454	7760	165	16.5496	9	0.3913	20	10	5	0.2000	20	10	pass_single_dominant
LENO-8-3-Rh	nifH.fa	997	706	70.8124	112.9639	5	291	29.1876	10	0.5000	20	10	5	0.2000	20	10	pass_single_dominant
LENO-8-3-Ro	nifH.fa	997	732	73.4203	786.1354	344	265	26.5797	4	0.4277	20	10	5	0.2000	20	10	pass_single_dominant
LENO-8-3-No	nifH.fa	997	802	80.4413	3431.0672	2699	195	19.5587	3	0.5000	20	10	5	0.2000	20	10	pass_single_dominant
LENO-9-2-Rh	nifH.fa	997	829	83.1494	5606.2247	7376	168	16.8506	1	0.2188	20	10	5	0.2000	20	10	pass_single_dominant
LENO-9-2-Ro	nifH.fa	997	826	82.8485	23.1133	6	171	17.1515	17	0.5000	20	10	5	0.2000	20	10	pass_mixed_possible_multitemplate
MC-1	nifH.fa	997	796	79.8395	17.3260	13	201	20.1605	35	0.5000	20	10	5	0.2000	20	10	pass_mixed_possible_multitemplate
MC-2	nifH.fa	997	690	69.2076	9.7823	4	307	30.7924	30	0.5000	20	10	5	0.2000	20	10	pass_mixed_possible_multitemplate
LENO-9-2-No	nifH.fa	997	832	83.4504	5768.8826	7725	165	16.5496	0	0.5000	20	10	5	0.2000	20	10	pass_single_dominant
MLBS-1-1-Rh	nifH.fa	997	685	68.7061	71.3932	30	312	31.2939	33	0.4848	20	10	5	0.2000	20	10	pass_mixed_possible_multitemplate
MLBS-1-1-No	nifH.fa	997	827	82.9488	1482.7442	11	170	17.0512	2	0.5000	20	10	5	0.2000	20	10	pass_single_dominant
MLBS-1-1-Ro	nifH.fa	997	809	81.1434	152.5065	38	188	18.8566	59	0.4828	20	10	5	0.2000	20	10	pass_mixed_possible_multitemplate
MLBS-1-3-Ro	nifH.fa	997	617	61.8857	14.7432	5	380	38.1143	21	0.4615	20	10	5	0.2000	20	10	pass_mixed_possible_multitemplate
MLBS-1-2-Ro	nifH.fa	997	643	64.4935	41.3761	8	354	35.5065	34	0.5000	20	10	5	0.2000	20	10	pass_mixed_possible_multitemplate
MLBS-2-1-Rh	nifH.fa	997	685	68.7061	13.4483	11	312	31.2939	29	0.5000	20	10	5	0.2000	20	10	pass_mixed_possible_multitemplate
MLBS-2-1-No	nifH.fa	997	832	83.4504	486.8084	19	165	16.5496	29	0.4800	20	10	5	0.2000	20	10	pass_mixed_possible_multitemplate
MLBS-2-1-Ro	nifH.fa	997	833	83.5507	42.4062	34	164	16.4493	39	0.5000	20	10	5	0.2000	20	10	pass_mixed_possible_multitemplate
N13-2-D-Rh	nifH.fa	997	753	75.5266	193.5988	9	244	24.4734	14	0.5000	20	10	5	0.2000	20	10	pass_mixed_possible_multitemplate
N13-2-D-Ro	nifH.fa	997	786	78.8365	2231.5105	414	211	21.1635	15	0.5000	20	10	5	0.2000	20	10	pass_mixed_possible_multitemplate
N34-2-D-No	nifH.fa	997	772	77.4323	3232.4784	97	225	22.5677	5	0.4545	20	10	5	0.2000	20	10	pass_single_dominant
N34-2-D-Rh	nifH.fa	997	785	78.7362	251.2217	140	212	21.2638	71	0.5000	20	10	5	0.2000	20	10	pass_mixed_possible_multitemplate
N34-2-D-Ro	nifH.fa	997	755	75.7272	62.8084	36	242	24.2728	58	0.5000	20	10	5	0.2000	20	10	pass_mixed_possible_multitemplate
N13-2-D-No	nifH.fa	997	808	81.0431	3717.6329	2956	189	18.9569	19	0.5000	20	10	5	0.2000	20	10	pass_mixed_possible_multitemplate
N35-4-D-Ro	nifH.fa	997	809	81.1434	250.7533	276	188	18.8566	3	0.5000	20	10	5	0.2000	20	10	pass_single_dominant
N35-4-D-No	nifH.fa	997	848	85.0552	5426.3460	7765	149	14.9448	3	0.4878	20	10	5	0.2000	20	10	pass_single_dominant
N36-4-D-Rh	nifH.fa	997	831	83.3501	4303.4664	6020	166	16.6499	19	0.5000	20	10	5	0.2000	20	10	pass_mixed_possible_multitemplate
N36-4-D-Ro	nifH.fa	997	845	84.7543	2326.6118	1858	152	15.2457	51	0.4889	20	10	5	0.2000	20	10	pass_mixed_possible_multitemplate
N36-4-D-No	nifH.fa	997	850	85.2558	4410.3109	7078	147	14.7442	12	0.4974	20	10	5	0.2000	20	10	pass_mixed_possible_multitemplate
N38-2-D-Rh	nifH.fa	997	817	81.9458	1173.5597	346	180	18.0542	7	0.5000	20	10	5	0.2000	20	10	pass_single_dominant
N38-2-D-No	nifH.fa	997	799	80.1404	4436.7593	6634	198	19.8596	10	0.5000	20	10	5	0.2000	20	10	pass_single_dominant
N38-2-D-Ro	nifH.fa	997	835	83.7513	4047.1585	5934	162	16.2487	5	0.4866	20	10	5	0.2000	20	10	pass_single_dominant
N39-2-D-No	nifH.fa	997	807	80.9428	3124.6961	715	190	19.0572	3	0.5000	20	10	5	0.2000	20	10	pass_single_dominant
N39-2-D-Rh	nifH.fa	997	830	83.2497	2857.5627	1762	167	16.7503	54	0.4878	20	10	5	0.2000	20	10	pass_mixed_possible_multitemplate
N39-2-D-Ro	nifH.fa	997	803	80.5416	91.9579	55	194	19.4584	33	0.4669	20	10	5	0.2000	20	10	pass_mixed_possible_multitemplate
N49-3-D-Rh	nifH.fa	997	733	73.5206	874.9689	381	264	26.4794	74	0.5000	20	10	5	0.2000	20	10	pass_mixed_possible_multitemplate
N49-3-D-Ro	nifH.fa	997	799	80.1404	10.3661	6	198	19.8596	21	0.5000	20	10	5	0.2000	20	10	pass_mixed_possible_multitemplate
N49-3-D-No	nifH.fa	997	788	79.0371	3892.6309	4859	209	20.9629	5	0.4737	20	10	5	0.2000	20	10	pass_single_dominant
NIWO-1-Rh	nifH.fa	997	828	83.0491	528.1705	51	169	16.9509	70	0.5000	20	10	5	0.2000	20	10	pass_mixed_possible_multitemplate
NIWO-1-Ro	nifH.fa	997	833	83.5507	76.2177	10	164	16.4493	11	0.5000	20	10	5	0.2000	20	10	pass_mixed_possible_multitemplate
NIWO-2-No	nifH.fa	997	802	80.4413	287.2628	14	195	19.5587	28	0.5000	20	10	5	0.2000	20	10	pass_mixed_possible_multitemplate
NIWO-2-Rh	nifH.fa	997	765	76.7302	28.6700	9	232	23.2698	32	0.5000	20	10	5	0.2000	20	10	pass_mixed_possible_multitemplate
NIWO-2-Ro	nifH.fa	997	744	74.6239	25.9378	3	253	25.3761	0	0.5000	20	10	5	0.2000	20	10	pass_single_dominant
NOGP-1-1-No	nifH.fa	997	827	82.9488	4356.4453	6456	170	17.0512	7	0.3333	20	10	5	0.2000	20	10	pass_single_dominant
NIWO-1-No	nifH.fa	997	826	82.8485	3595.1023	29	171	17.1515	10	0.5000	20	10	5	0.2000	20	10	pass_single_dominant
NOGP-1-1-Ro	nifH.fa	997	805	80.7422	25.4152	29	192	19.2578	97	0.5000	20	10	5	0.2000	20	10	pass_mixed_possible_multitemplate
NOGP-1-1-Rh	nifH.fa	997	833	83.5507	719.5747	27	164	16.4493	19	0.5000	20	10	5	0.2000	20	10	pass_mixed_possible_multitemplate
NOGP-2-1-Rh	nifH.fa	997	832	83.4504	1727.9047	161	165	16.5496	59	0.4857	20	10	5	0.2000	20	10	pass_mixed_possible_multitemplate
NOGP-2-1-Ro	nifH.fa	997	816	81.8455	3590.5095	4246	181	18.1545	5	0.2963	20	10	5	0.2000	20	10	pass_single_dominant
NOGP-3-2-No	nifH.fa	997	832	83.4504	4901.8205	7174	165	16.5496	9	0.5000	20	10	5	0.2000	20	10	pass_single_dominant
NOGP-3-2-Rh	nifH.fa	997	800	80.2407	490.6810	155	197	19.7593	29	0.4914	20	10	5	0.2000	20	10	pass_mixed_possible_multitemplate
NOGP-3-2-Ro	nifH.fa	997	830	83.2497	379.0832	445	167	16.7503	0	0.5000	20	10	5	0.2000	20	10	pass_single_dominant
NOGP-4-1-No	nifH.fa	997	800	80.2407	12.4293	11	197	19.7593	27	0.5000	20	10	5	0.2000	20	10	pass_mixed_possible_multitemplate
NOGP-4-1-Rh	nifH.fa	997	824	82.6479	603.9438	321	173	17.3521	20	0.4816	20	10	5	0.2000	20	10	pass_mixed_possible_multitemplate
NOGP-4-1-Ro	nifH.fa	997	823	82.5476	4965.5426	7269	174	17.4524	9	0.4491	20	10	5	0.2000	20	10	pass_single_dominant
NOGP-2-1-No	nifH.fa	997	832	83.4504	4287.7533	4965	165	16.5496	2	0.4615	20	10	5	0.2000	20	10	pass_single_dominant
NOGP-5-2-Rh	nifH.fa	997	808	81.0431	534.2818	345	189	18.9569	65	0.4768	20	10	5	0.2000	20	10	pass_mixed_possible_multitemplate
NOGP-5-2-No	nifH.fa	997	829	83.1494	5063.0441	7461	168	16.8506	12	0.4747	20	10	5	0.2000	20	10	pass_mixed_possible_multitemplate
NOGP-5-2-Ro	nifH.fa	997	833	83.5507	3328.2678	3898	164	16.4493	3	0.5000	20	10	5	0.2000	20	10	pass_single_dominant
NOGP-6-3-Rh	nifH.fa	997	827	82.9488	397.0672	264	170	17.0512	13	0.5000	20	10	5	0.2000	20	10	pass_mixed_possible_multitemplate
NOGP-6-3-Ro	nifH.fa	997	829	83.1494	529.8114	661	168	16.8506	9	0.4615	20	10	5	0.2000	20	10	pass_single_dominant
NOGP-7-2-No	nifH.fa	997	835	83.7513	2464.9468	2356	162	16.2487	36	0.5000	20	10	5	0.2000	20	10	pass_mixed_possible_multitemplate
NOGP-7-2-Rh	nifH.fa	997	763	76.5296	1699.3480	398	234	23.4704	3	0.5000	20	10	5	0.2000	20	10	pass_single_dominant
NOGP-7-2-Ro	nifH.fa	997	799	80.1404	9.4664	9	198	19.8596	24	0.5000	20	10	5	0.2000	20	10	pass_mixed_possible_multitemplate
NOGP-6-3-No	nifH.fa	997	833	83.5507	5303.3410	7314	164	16.4493	27	0.4603	20	10	5	0.2000	20	10	pass_mixed_possible_multitemplate
OAES-10-1-Rh	nifH.fa	997	768	77.0311	159.1063	15	229	22.9689	33	0.4750	20	10	5	0.2000	20	10	pass_mixed_possible_multitemplate
OAES-10-1-No	nifH.fa	997	832	83.4504	5305.5015	7498	165	16.5496	6	0.5000	20	10	5	0.2000	20	10	pass_single_dominant
OAES-10-1-Ro	nifH.fa	997	820	82.2467	5176.3330	7127	177	17.7533	3	0.3507	20	10	5	0.2000	20	10	pass_single_dominant
OAES-11-1-Rh	nifH.fa	997	794	79.6389	114.3149	117	203	20.3611	5	0.4375	20	10	5	0.2000	20	10	pass_single_dominant
OAES-11-1-Ro	nifH.fa	997	796	79.8395	13.8977	14	201	20.1605	27	0.5000	20	10	5	0.2000	20	10	pass_mixed_possible_multitemplate
OAES-11-1-No	nifH.fa	997	827	82.9488	5280.7222	7559	170	17.0512	0	0.4000	20	10	5	0.2000	20	10	pass_single_dominant
OAES-1-1-Rh	nifH.fa	997	823	82.5476	235.5216	13	174	17.4524	12	0.5000	20	10	5	0.2000	20	10	pass_mixed_possible_multitemplate
OAES-1-1-Ro	nifH.fa	997	809	81.1434	14.7763	11	188	18.8566	42	0.5000	20	10	5	0.2000	20	10	pass_mixed_possible_multitemplate
OAES-1-1-No	nifH.fa	997	828	83.0491	5181.5557	7345	169	16.9509	0	0.0758	20	10	5	0.2000	20	10	pass_single_dominant
OAES-12-2-Rh	nifH.fa	997	809	81.1434	111.7202	62	188	18.8566	11	0.5000	20	10	5	0.2000	20	10	pass_mixed_possible_multitemplate
OAES-12-2-No	nifH.fa	997	831	83.3501	5421.6881	7491	166	16.6499	0	0.3333	20	10	5	0.2000	20	10	pass_single_dominant
OAES-13-1-Rh	nifH.fa	997	848	85.0552	30.7793	31	149	14.9448	82	0.5000	20	10	5	0.2000	20	10	pass_mixed_possible_multitemplate
OAES-12-2-Ro	nifH.fa	997	827	82.9488	5411.4574	7550	170	17.0512	0	0.3636	20	10	5	0.2000	20	10	pass_single_dominant
OAES-14-1-Rh	nifH.fa	997	830	83.2497	92.7161	60	167	16.7503	30	0.5000	20	10	5	0.2000	20	10	pass_mixed_possible_multitemplate
OAES-14-1-Ro	nifH.fa	997	806	80.8425	143.9168	147	191	19.1575	16	0.4615	20	10	5	0.2000	20	10	pass_mixed_possible_multitemplate
OAES-15-No	nifH.fa	997	835	83.7513	5042.9258	7082	162	16.2487	3	0.5000	20	10	5	0.2000	20	10	pass_single_dominant
OAES-15-Rh	nifH.fa	997	800	80.2407	917.4814	8	197	19.7593	0	0.5000	20	10	5	0.2000	20	10	pass_single_dominant
OAES-15-Ro	nifH.fa	997	834	83.6510	1152.7553	1512	163	16.3490	5	0.4688	20	10	5	0.2000	20	10	pass_single_dominant
OAES-14-1-No	nifH.fa	997	821	82.3470	5419.7914	7644	176	17.6530	1	0.4444	20	10	5	0.2000	20	10	pass_single_dominant
OAES-16-1-Rh	nifH.fa	997	826	82.8485	3102.7051	2649	171	17.1515	6	0.4878	20	10	5	0.2000	20	10	pass_single_dominant
OAES-16-1-Ro	nifH.fa	997	825	82.7482	1839.6309	1392	172	17.2518	2	0.5000	20	10	5	0.2000	20	10	pass_single_dominant
OAES-17-No	nifH.fa	997	823	82.5476	734.7874	785	174	17.4524	2	0.4000	20	10	5	0.2000	20	10	pass_single_dominant
OAES-17-Rh	nifH.fa	997	817	81.9458	193.3501	101	180	18.0542	37	0.4468	20	10	5	0.2000	20	10	pass_mixed_possible_multitemplate
OAES-16-1-No	nifH.fa	997	833	83.5507	5579.7803	7604	164	16.4493	0	0.5000	20	10	5	0.2000	20	10	pass_single_dominant
OAES-18-3-No	nifH.fa	997	828	83.0491	86.5366	61	169	16.9509	42	0.4776	20	10	5	0.2000	20	10	pass_mixed_possible_multitemplate
OAES-18-3-Rh	nifH.fa	997	824	82.6479	78.5396	27	173	17.3521	16	0.5000	20	10	5	0.2000	20	10	pass_mixed_possible_multitemplate
OAES-18-3-Ro	nifH.fa	997	817	81.9458	22.9478	14	180	18.0542	33	0.5000	20	10	5	0.2000	20	10	pass_mixed_possible_multitemplate
OAES_19-2-No	nifH.fa	997	793	79.5386	5003.0662	7338	204	20.4614	14	0.5000	20	10	5	0.2000	20	10	pass_mixed_possible_multitemplate
OAES_19-2-Rh	nifH.fa	997	829	83.1494	571.4433	676	168	16.8506	16	0.4656	20	10	5	0.2000	20	10	pass_mixed_possible_multitemplate
OAES_19-2-Ro	nifH.fa	997	786	78.8365	85.7543	77	211	21.1635	97	0.5000	20	10	5	0.2000	20	10	pass_mixed_possible_multitemplate
OAES-20-No	nifH.fa	997	774	77.6329	16.9478	11	223	22.3671	4	0.5000	20	10	5	0.2000	20	10	pass_single_dominant
OAES-20-Rh	nifH.fa	997	803	80.5416	322.4764	19	194	19.4584	9	0.5000	20	10	5	0.2000	20	10	pass_single_dominant
OAES-20-Ro	nifH.fa	997	824	82.6479	74.0231	39	173	17.3521	48	0.5000	20	10	5	0.2000	20	10	pass_mixed_possible_multitemplate
OAES-17-Ro	nifH.fa	997	803	80.5416	5399.1103	7668	194	19.4584	5	0.3600	20	10	5	0.2000	20	10	pass_single_dominant
OAES-21-3-Rh	nifH.fa	997	801	80.3410	1232.9559	8	196	19.6590	4	0.5000	20	10	5	0.2000	20	10	pass_single_dominant
OAES-21-3-Ro	nifH.fa	997	792	79.4383	33.7011	36	205	20.5617	53	0.5000	20	10	5	0.2000	20	10	pass_mixed_possible_multitemplate
OAES-21-3-No	nifH.fa	997	830	83.2497	5730.6951	7644	167	16.7503	0	0.1638	20	10	5	0.2000	20	10	pass_single_dominant
OAES-2-1-Rh	nifH.fa	997	814	81.6449	11.3139	11	183	18.3551	29	0.5000	20	10	5	0.2000	20	10	pass_mixed_possible_multitemplate
OAES-2-1-Ro	nifH.fa	997	823	82.5476	1006.4173	992	174	17.4524	0	0.5000	20	10	5	0.2000	20	10	pass_single_dominant
OAES-22-1-No	nifH.fa	997	822	82.4473	4915.7091	7166	175	17.5527	10	0.4828	20	10	5	0.2000	20	10	pass_single_dominant
OAES-22-1-Rh	nifH.fa	997	824	82.6479	3058.6770	2664	173	17.3521	24	0.4437	20	10	5	0.2000	20	10	pass_mixed_possible_multitemplate
OAES-22-1-Ro	nifH.fa	997	758	76.0281	9.8957	9	239	23.9719	20	0.5000	20	10	5	0.2000	20	10	pass_mixed_possible_multitemplate
OAES-2-1-No	nifH.fa	997	825	82.7482	5105.1474	7764	172	17.2518	9	0.4286	20	10	5	0.2000	20	10	pass_single_dominant
OAES-23-1-Rh	nifH.fa	997	810	81.2437	3081.1093	2959	187	18.7563	60	0.4792	20	10	5	0.2000	20	10	pass_mixed_possible_multitemplate
OAES-23-1-No	nifH.fa	997	829	83.1494	5360.9198	7695	168	16.8506	0	0.5000	20	10	5	0.2000	20	10	pass_single_dominant
OAES-23-1-Ro	nifH.fa	997	824	82.6479	4883.9529	6683	173	17.3521	3	0.3333	20	10	5	0.2000	20	10	pass_single_dominant
OAES_24-3-Rh	nifH.fa	997	771	77.3320	1262.2728	1139	226	22.6680	0	0.5000	20	10	5	0.2000	20	10	pass_single_dominant
OAES_24-3-Ro	nifH.fa	997	774	77.6329	211.0461	208	223	22.3671	49	0.4857	20	10	5	0.2000	20	10	pass_mixed_possible_multitemplate
OAES_24-3-No	nifH.fa	997	794	79.6389	4980.6239	7089	203	20.3611	2	0.5000	20	10	5	0.2000	20	10	pass_single_dominant
OAES-25-1-Rh	nifH.fa	997	828	83.0491	2028.8987	2699	169	16.9509	52	0.4976	20	10	5	0.2000	20	10	pass_mixed_possible_multitemplate
OAES-25-1-Ro	nifH.fa	997	837	83.9519	76.5807	90	160	16.0481	78	0.5000	20	10	5	0.2000	20	10	pass_mixed_possible_multitemplate
OAES-25-1-No	nifH.fa	997	830	83.2497	5329.1063	7072	167	16.7503	0	0.5000	20	10	5	0.2000	20	10	pass_single_dominant
OAES-26-1-Rh	nifH.fa	997	805	80.7422	1630.8144	691	192	19.2578	29	0.5000	20	10	5	0.2000	20	10	pass_mixed_possible_multitemplate
OAES-26-1-Ro	nifH.fa	997	803	80.5416	679.8185	653	194	19.4584	0	0.5000	20	10	5	0.2000	20	10	pass_single_dominant
OAES-26-1-No	nifH.fa	997	827	82.9488	5294.6339	7540	170	17.0512	0	0.5000	20	10	5	0.2000	20	10	pass_single_dominant
OAES-27-2-Rh	nifH.fa	997	833	83.5507	35.6951	21	164	16.4493	32	0.5000	20	10	5	0.2000	20	10	pass_mixed_possible_multitemplate
OAES-27-2-Ro	nifH.fa	997	808	81.0431	1275.5898	653	189	18.9569	28	0.5000	20	10	5	0.2000	20	10	pass_mixed_possible_multitemplate
OAES-27-2-No	nifH.fa	997	831	83.3501	5564.7823	7380	166	16.6499	0	0.5000	20	10	5	0.2000	20	10	pass_single_dominant
OAES-28-1-Rh	nifH.fa	997	812	81.4443	45.9549	18	185	18.5557	14	0.5000	20	10	5	0.2000	20	10	pass_mixed_possible_multitemplate
OAES-28-1-Ro	nifH.fa	997	831	83.3501	270.6179	30	166	16.6499	21	0.4848	20	10	5	0.2000	20	10	pass_mixed_possible_multitemplate
OAES-29-1-No	nifH.fa	997	798	80.0401	5321.7563	7546	199	19.9599	0	0.2500	20	10	5	0.2000	20	10	pass_single_dominant
OAES-29-1-Rh	nifH.fa	997	822	82.4473	219.6068	21	175	17.5527	31	0.5000	20	10	5	0.2000	20	10	pass_mixed_possible_multitemplate
OAES-29-1-Ro	nifH.fa	997	808	81.0431	8.1414	11	189	18.9569	0	0.5000	20	10	5	0.2000	20	10	pass_single_dominant
OAES-30-2-No	nifH.fa	997	820	82.2467	674.4754	28	177	17.7533	7	0.4737	20	10	5	0.2000	20	10	pass_single_dominant
OAES-30-2-Ro	nifH.fa	997	774	77.6329	8.0321	8	223	22.3671	1	0.5000	20	10	5	0.2000	20	10	pass_single_dominant
OAES-31-1-No	nifH.fa	997	826	82.8485	3261.7051	4060	171	17.1515	23	0.3654	20	10	5	0.2000	20	10	pass_mixed_possible_multitemplate
OAES-31-1-Rh	nifH.fa	997	832	83.4504	885.4544	964	165	16.5496	29	0.5000	20	10	5	0.2000	20	10	pass_mixed_possible_multitemplate
OAES-31-1-Ro	nifH.fa	997	804	80.6419	33.5055	37	193	19.3581	40	0.5000	20	10	5	0.2000	20	10	pass_mixed_possible_multitemplate
OAES-28-1-No	nifH.fa	997	832	83.4504	5538.2347	7686	165	16.5496	0	0.4000	20	10	5	0.2000	20	10	pass_single_dominant
OAES-3-1-Rh	nifH.fa	997	809	81.1434	70.0953	45	188	18.8566	63	0.5000	20	10	5	0.2000	20	10	pass_mixed_possible_multitemplate
OAES-3-1-Ro	nifH.fa	997	835	83.7513	67.0261	54	162	16.2487	68	0.5000	20	10	5	0.2000	20	10	pass_mixed_possible_multitemplate
OAES-3-1-No	nifH.fa	997	830	83.2497	5747.0903	7477	167	16.7503	0	0.0660	20	10	5	0.2000	20	10	pass_single_dominant
OAES-32-1-Rh	nifH.fa	997	768	77.0311	261.3521	16	229	22.9689	0	0.4000	20	10	5	0.2000	20	10	pass_single_dominant
OAES-32-1-No	nifH.fa	997	832	83.4504	5341.5517	7711	165	16.5496	3	0.3333	20	10	5	0.2000	20	10	pass_single_dominant
OAES-32-1-Ro	nifH.fa	997	782	78.4353	42.3350	38	215	21.5647	80	0.5000	20	10	5	0.2000	20	10	pass_mixed_possible_multitemplate
OAES-33-1-Rh	nifH.fa	997	726	72.8185	586.7964	22	271	27.1815	4	0.4545	20	10	5	0.2000	20	10	pass_single_dominant
OAES-33-1-Ro	nifH.fa	997	775	77.7332	823.7292	34	222	22.2668	0	0.4545	20	10	5	0.2000	20	10	pass_single_dominant
OAES-33-1-No	nifH.fa	997	801	80.3410	5042.5938	7200	196	19.6590	0	0.5000	20	10	5	0.2000	20	10	pass_single_dominant
OAES-34-1-Rh	nifH.fa	997	828	83.0491	730.6459	148	169	16.9509	23	0.4996	20	10	5	0.2000	20	10	pass_mixed_possible_multitemplate
OAES-34-1-Ro	nifH.fa	997	798	80.0401	59.1063	18	199	19.9599	20	0.5000	20	10	5	0.2000	20	10	pass_mixed_possible_multitemplate
OAES-35-1-No	nifH.fa	997	833	83.5507	1025.2287	813	164	16.4493	68	0.4935	20	10	5	0.2000	20	10	pass_mixed_possible_multitemplate
OAES-35-1-Rh	nifH.fa	997	813	81.5446	2891.7272	2996	184	18.4554	9	0.5000	20	10	5	0.2000	20	10	pass_single_dominant
OAES-35-1-Ro	nifH.fa	997	757	75.9278	1842.2166	681	240	24.0722	27	0.4577	20	10	5	0.2000	20	10	pass_mixed_possible_multitemplate
OAES-34-1-No	nifH.fa	997	831	83.3501	5483.8024	7585	166	16.6499	0	0.3333	20	10	5	0.2000	20	10	pass_single_dominant
OAES-35-3-Rh	nifH.fa	997	802	80.4413	360.0672	7	195	19.5587	0	0.5000	20	10	5	0.2000	20	10	pass_single_dominant
OAES-35-3-Ro	nifH.fa	997	826	82.8485	681.9910	737	171	17.1515	53	0.4938	20	10	5	0.2000	20	10	pass_mixed_possible_multitemplate
OAES-35-3-No	nifH.fa	997	831	83.3501	5861.8696	7604	166	16.6499	6	0.4311	20	10	5	0.2000	20	10	pass_single_dominant
OAES-36-2-Rh	nifH.fa	997	828	83.0491	146.0632	22	169	16.9509	38	0.5000	20	10	5	0.2000	20	10	pass_mixed_possible_multitemplate
OAES-36-2-No	nifH.fa	997	833	83.5507	4757.9117	6610	164	16.4493	1	0.2481	20	10	5	0.2000	20	10	pass_single_dominant
OAES-36-2-Ro	nifH.fa	997	827	82.9488	2964.4674	2412	170	17.0512	28	0.5000	20	10	5	0.2000	20	10	pass_mixed_possible_multitemplate
OAES-36-3-No	nifH.fa	997	833	83.5507	3195.2317	3097	164	16.4493	8	0.5000	20	10	5	0.2000	20	10	pass_single_dominant
OAES-36-3-Ro	nifH.fa	997	738	74.0221	1255.6650	14	259	25.9779	7	0.5000	20	10	5	0.2000	20	10	pass_single_dominant
OAES-36-3-Rh	nifH.fa	997	834	83.6510	2675.7944	3123	163	16.3490	22	0.5000	20	10	5	0.2000	20	10	pass_mixed_possible_multitemplate
OAES-37-2-Rh	nifH.fa	997	818	82.0461	197.6851	14	179	17.9539	4	0.5000	20	10	5	0.2000	20	10	pass_single_dominant
OAES-37-2-No	nifH.fa	997	678	68.0040	1447.8475	5	319	31.9960	14	0.5000	20	10	5	0.2000	20	10	pass_mixed_possible_multitemplate
OAES-37-2-Ro	nifH.fa	997	793	79.5386	35.1294	20	204	20.4614	52	0.5000	20	10	5	0.2000	20	10	pass_mixed_possible_multitemplate
OAES-4-1-Rh	nifH.fa	997	771	77.3320	389.8646	12	226	22.6680	22	0.5000	20	10	5	0.2000	20	10	pass_mixed_possible_multitemplate
OAES-4-1-Ro	nifH.fa	997	823	82.5476	718.4644	726	174	17.4524	2	0.3175	20	10	5	0.2000	20	10	pass_single_dominant
OAES-5-Rh	nifH.fa	997	832	83.4504	4850.9679	6545	165	16.5496	0	0.3333	20	10	5	0.2000	20	10	pass_single_dominant
OAES-5-Ro	nifH.fa	997	827	82.9488	31.7533	32	170	17.0512	80	0.5000	20	10	5	0.2000	20	10	pass_mixed_possible_multitemplate
OAES-4-1-No	nifH.fa	997	831	83.3501	5249.4524	7304	166	16.6499	2	0.3838	20	10	5	0.2000	20	10	pass_single_dominant
OAES-6-1-Rh	nifH.fa	997	792	79.4383	62.7994	63	205	20.5617	116	0.4950	20	10	5	0.2000	20	10	pass_mixed_possible_multitemplate
OAES-6-1-Ro	nifH.fa	997	799	80.1404	3066.6881	2687	198	19.8596	0	0.0691	20	10	5	0.2000	20	10	pass_single_dominant
OAES-6-1-No	nifH.fa	997	797	79.9398	5746.9840	7661	200	20.0602	29	0.4614	20	10	5	0.2000	20	10	pass_mixed_possible_multitemplate
OAES-7-1-Rh	nifH.fa	997	798	80.0401	4844.8144	6123	199	19.9599	1	0.2250	20	10	5	0.2000	20	10	pass_single_dominant
OAES-7-1-No	nifH.fa	997	829	83.1494	5227.3139	7225	168	16.8506	0	0.0218	20	10	5	0.2000	20	10	pass_single_dominant
OAES-7-1-Ro	nifH.fa	997	798	80.0401	5090.3350	6788	199	19.9599	0	0.0096	20	10	5	0.2000	20	10	pass_single_dominant
OAES-8-2-Rh	nifH.fa	997	822	82.4473	127.3691	13	175	17.5527	14	0.5000	20	10	5	0.2000	20	10	pass_mixed_possible_multitemplate
OAES-8-2-Ro	nifH.fa	997	825	82.7482	27.3029	30	172	17.2518	79	0.5000	20	10	5	0.2000	20	10	pass_mixed_possible_multitemplate
OAES-8-2-No	nifH.fa	997	827	82.9488	5821.7763	7620	170	17.0512	1	0.2278	20	10	5	0.2000	20	10	pass_single_dominant
OAES-9-1-Rh	nifH.fa	997	821	82.3470	1323.4744	1639	176	17.6530	1	0.2055	20	10	5	0.2000	20	10	pass_single_dominant
OAES-9-1-Ro	nifH.fa	997	817	81.9458	30.3230	19	180	18.0542	33	0.5000	20	10	5	0.2000	20	10	pass_mixed_possible_multitemplate
ORNL-10-1-No	nifH.fa	997	809	81.1434	2304.4654	812	188	18.8566	35	0.5000	20	10	5	0.2000	20	10	pass_mixed_possible_multitemplate
ORNL-10-1-Rh	nifH.fa	997	712	71.4142	14.0843	3	285	28.5858	3	0.5000	20	10	5	0.2000	20	10	pass_single_dominant
ORNL-10-1-Ro	nifH.fa	997	726	72.8185	98.4453	36	271	27.1815	32	0.4643	20	10	5	0.2000	20	10	pass_mixed_possible_multitemplate
ORNL-11-1-No	nifH.fa	997	831	83.3501	1881.7783	526	166	16.6499	22	0.5000	20	10	5	0.2000	20	10	pass_mixed_possible_multitemplate
ORNL-11-1-Rh	nifH.fa	997	833	83.5507	52.8425	42	164	16.4493	78	0.5000	20	10	5	0.2000	20	10	pass_mixed_possible_multitemplate
ORNL-11-1-Ro	nifH.fa	997	686	68.8064	345.7673	16	311	31.1936	18	0.5000	20	10	5	0.2000	20	10	pass_mixed_possible_multitemplate
ORNL-1-1-No	nifH.fa	997	733	73.5206	1984.7222	37	264	26.4794	15	0.4444	20	10	5	0.2000	20	10	pass_mixed_possible_multitemplate
ORNL-1-1-Rh	nifH.fa	997	740	74.2227	90.1585	8	257	25.7773	17	0.5000	20	10	5	0.2000	20	10	pass_mixed_possible_multitemplate
ORNL-1-1-Ro	nifH.fa	997	835	83.7513	248.9920	88	162	16.2487	25	0.5000	20	10	5	0.2000	20	10	pass_mixed_possible_multitemplate
ORNL-12-1-No	nifH.fa	997	814	81.6449	1904.5657	579	183	18.3551	40	0.5000	20	10	5	0.2000	20	10	pass_mixed_possible_multitemplate
ORNL-12-1-Rh	nifH.fa	997	812	81.4443	21.5206	13	185	18.5557	39	0.5000	20	10	5	0.2000	20	10	pass_mixed_possible_multitemplate
ORNL-12-1-Ro	nifH.fa	997	833	83.5507	423.9278	261	164	16.4493	4	0.4444	20	10	5	0.2000	20	10	pass_single_dominant
ORNL-13-2-No	nifH.fa	997	832	83.4504	3937.4885	4470	165	16.5496	3	0.5000	20	10	5	0.2000	20	10	pass_single_dominant
ORNL-13-2-Rh	nifH.fa	997	812	81.4443	18.1926	13	185	18.5557	33	0.5000	20	10	5	0.2000	20	10	pass_mixed_possible_multitemplate
ORNL-13-2-Ro	nifH.fa	997	832	83.4504	26.8666	22	165	16.5496	71	0.5000	20	10	5	0.2000	20	10	pass_mixed_possible_multitemplate
ORNL-14-1-No	nifH.fa	997	758	76.0281	1918.9308	1167	239	23.9719	4	0.5000	20	10	5	0.2000	20	10	pass_single_dominant
ORNL-14-1-Ro	nifH.fa	997	833	83.5507	1087.9769	339	164	16.4493	23	0.5000	20	10	5	0.2000	20	10	pass_mixed_possible_multitemplate
ORNL-15-No	nifH.fa	997	768	77.0311	2656.7884	1391	229	22.9689	49	0.5000	20	10	5	0.2000	20	10	pass_mixed_possible_multitemplate
ORNL-15-Rh	nifH.fa	997	701	70.3109	198.3200	78	296	29.6891	14	0.5000	20	10	5	0.2000	20	10	pass_mixed_possible_multitemplate
ORNL-15-Ro	nifH.fa	997	710	71.2136	851.4213	559	287	28.7864	20	0.4667	20	10	5	0.2000	20	10	pass_mixed_possible_multitemplate
ORNL-16-No	nifH.fa	997	803	80.5416	3009.6169	390	194	19.4584	10	0.3333	20	10	5	0.2000	20	10	pass_single_dominant
ORNL-16-Rh	nifH.fa	997	696	69.8094	71.7141	5	301	30.1906	31	0.5000	20	10	5	0.2000	20	10	pass_mixed_possible_multitemplate
ORNL-16-Ro	nifH.fa	997	748	75.0251	346.4554	11	249	24.9749	24	0.5000	20	10	5	0.2000	20	10	pass_mixed_possible_multitemplate
ORNL-17-1-No	nifH.fa	997	658	65.9980	837.0682	274	339	34.0020	38	0.4981	20	10	5	0.2000	20	10	pass_mixed_possible_multitemplate
ORNL-17-1-Rh	nifH.fa	997	830	83.2497	56.0883	20	167	16.7503	51	0.4861	20	10	5	0.2000	20	10	pass_mixed_possible_multitemplate
ORNL-17-1-Ro	nifH.fa	997	832	83.4504	667.7202	14	165	16.5496	23	0.5000	20	10	5	0.2000	20	10	pass_mixed_possible_multitemplate
ORNL-18-1-No	nifH.fa	997	755	75.7272	1046.1123	299	242	24.2728	12	0.5000	20	10	5	0.2000	20	10	pass_mixed_possible_multitemplate
ORNL-18-1-Rh	nifH.fa	997	832	83.4504	12.3922	8	165	16.5496	37	0.5000	20	10	5	0.2000	20	10	pass_mixed_possible_multitemplate
ORNL-18-1-Ro	nifH.fa	997	832	83.4504	623.7613	327	165	16.5496	11	0.5000	20	10	5	0.2000	20	10	pass_mixed_possible_multitemplate
ORNL-19-No	nifH.fa	997	764	76.6299	2467.1073	1681	233	23.3701	51	0.4952	20	10	5	0.2000	20	10	pass_mixed_possible_multitemplate
ORNL-19-Rh	nifH.fa	997	830	83.2497	15.7352	10	167	16.7503	26	0.5000	20	10	5	0.2000	20	10	pass_mixed_possible_multitemplate
ORNL-19-Ro	nifH.fa	997	705	70.7121	2918.6841	1865	292	29.2879	8	0.5000	20	10	5	0.2000	20	10	pass_single_dominant
ORNL-20-1-No	nifH.fa	997	679	68.1043	1139.2849	18	318	31.8957	4	0.5000	20	10	5	0.2000	20	10	pass_single_dominant
OAES-9-1-No	nifH.fa	997	797	79.9398	5561.8987	7633	200	20.0602	3	0.2286	20	10	5	0.2000	20	10	pass_single_dominant
ORNL-20-1-Rh	nifH.fa	997	825	82.7482	20.2197	18	172	17.2518	45	0.5000	20	10	5	0.2000	20	10	pass_mixed_possible_multitemplate
ORNL-20-1-Ro	nifH.fa	997	660	66.1986	28.9248	2	337	33.8014	21	0.5000	20	10	5	0.2000	20	10	pass_mixed_possible_multitemplate
ORNL-21-No	nifH.fa	997	713	71.5145	2468.4463	1739	284	28.4855	6	0.5000	20	10	5	0.2000	20	10	pass_single_dominant
ORNL-2-1-Rh	nifH.fa	997	725	72.7182	31.2738	15	272	27.2818	38	0.5000	20	10	5	0.2000	20	10	pass_mixed_possible_multitemplate
ORNL-21-Rh	nifH.fa	997	769	77.1314	12.4173	8	228	22.8686	31	0.5000	20	10	5	0.2000	20	10	pass_mixed_possible_multitemplate
ORNL-2-1-Ro	nifH.fa	997	721	72.3170	32.4152	7	276	27.6830	42	0.5000	20	10	5	0.2000	20	10	pass_mixed_possible_multitemplate
ORNL-2-1-No	nifH.fa	997	612	61.3842	1736.4233	6	385	38.6158	5	0.4286	20	10	5	0.2000	20	10	pass_single_dominant
ORNL-21-Ro	nifH.fa	997	716	71.8154	2337.4042	1896	281	28.1846	40	0.4890	20	10	5	0.2000	20	10	pass_mixed_possible_multitemplate
ORNL-23-1-Ro	nifH.fa	997	833	83.5507	74.1795	10	164	16.4493	27	0.5000	20	10	5	0.2000	20	10	pass_mixed_possible_multitemplate
ORNL-23-1-No	nifH.fa	997	676	67.8034	2339.9769	1669	321	32.1966	39	0.4658	20	10	5	0.2000	20	10	pass_mixed_possible_multitemplate
ORNL-24-No	nifH.fa	997	715	71.7151	2183.9308	816	282	28.2849	25	0.4631	20	10	5	0.2000	20	10	pass_mixed_possible_multitemplate
ORNL-24-Rh	nifH.fa	997	681	68.3049	261.5186	4	316	31.6951	3	0.5000	20	10	5	0.2000	20	10	pass_single_dominant
ORNL-24-Ro	nifH.fa	997	801	80.3410	1676.4483	299	196	19.6590	15	0.3947	20	10	5	0.2000	20	10	pass_mixed_possible_multitemplate
ORNL-25-1-Rh	nifH.fa	997	765	76.7302	207.6158	6	232	23.2698	2	0.5000	20	10	5	0.2000	20	10	pass_single_dominant
ORNL-25-1-Ro	nifH.fa	997	646	64.7944	35.4233	3	351	35.2056	18	0.5000	20	10	5	0.2000	20	10	pass_mixed_possible_multitemplate
ORNL-25-1-No	nifH.fa	997	737	73.9218	3131.1916	696	260	26.0782	0	0.5000	20	10	5	0.2000	20	10	pass_single_dominant
ORNL-3-1-Rh	nifH.fa	997	770	77.2317	42.1454	9	227	22.7683	48	0.5000	20	10	5	0.2000	20	10	pass_mixed_possible_multitemplate
ORNL-3-1-Ro	nifH.fa	997	836	83.8516	260.3240	156	161	16.1484	43	0.4758	20	10	5	0.2000	20	10	pass_mixed_possible_multitemplate
ORNL-3-1-No	nifH.fa	997	719	72.1163	1922.2748	52	278	27.8837	19	0.4462	20	10	5	0.2000	20	10	pass_mixed_possible_multitemplate
ORNL-3-2-Ro	nifH.fa	997	672	67.4022	247.1595	149	325	32.5978	8	0.4516	20	10	5	0.2000	20	10	pass_single_dominant
ORNL-4-1-No	nifH.fa	997	808	81.0431	1436.6871	15	189	18.9569	10	0.5000	20	10	5	0.2000	20	10	pass_single_dominant
ORNL-4-1-Rh	nifH.fa	997	715	71.7151	65.5466	36	282	28.2849	80	0.5000	20	10	5	0.2000	20	10	pass_mixed_possible_multitemplate
ORNL-3-2-No	nifH.fa	997	622	62.3872	1879.4945	5	375	37.6128	3	0.5000	20	10	5	0.2000	20	10	pass_single_dominant
ORNL-4-1-Ro	nifH.fa	997	832	83.4504	1918.3691	163	165	16.5496	20	0.5000	20	10	5	0.2000	20	10	pass_mixed_possible_multitemplate
ORNL-5-1-Rh	nifH.fa	997	832	83.4504	63.7282	8	165	16.5496	25	0.5000	20	10	5	0.2000	20	10	pass_mixed_possible_multitemplate
ORNL-5-1-Ro	nifH.fa	997	779	78.1344	150.1635	25	218	21.8656	50	0.5000	20	10	5	0.2000	20	10	pass_mixed_possible_multitemplate
ORNL-5-1-No	nifH.fa	997	764	76.6299	1804.2066	9	233	23.3701	5	0.5000	20	10	5	0.2000	20	10	pass_single_dominant
ORNL-5-2-Ro	nifH.fa	997	742	74.4233	1876.0592	25	255	25.5767	9	0.4333	20	10	5	0.2000	20	10	pass_single_dominant
ORNL-6-1-Rh	nifH.fa	997	753	75.5266	78.7563	68	244	24.4734	107	0.4912	20	10	5	0.2000	20	10	pass_mixed_possible_multitemplate
ORNL-6-1-Ro	nifH.fa	997	726	72.8185	15.5667	7	271	27.1815	52	0.5000	20	10	5	0.2000	20	10	pass_mixed_possible_multitemplate
ORNL-6-1-No	nifH.fa	997	784	78.6359	3754.6710	4159	213	21.3641	0	0.5000	20	10	5	0.2000	20	10	pass_single_dominant
ORNL-8-2-No	nifH.fa	997	832	83.4504	2636.9679	796	165	16.5496	15	0.5000	20	10	5	0.2000	20	10	pass_mixed_possible_multitemplate
ORNL-8-2-Rh	nifH.fa	997	702	70.4112	66.9388	5	295	29.5888	2	0.5000	20	10	5	0.2000	20	10	pass_single_dominant
ORNL-7-2-No	nifH.fa	997	797	79.9398	2565.5868	26	200	20.0602	2	0.5000	20	10	5	0.2000	20	10	pass_single_dominant
ORNL-9-1-Rh	nifH.fa	997	832	83.4504	166.8345	92	165	16.5496	69	0.5000	20	10	5	0.2000	20	10	pass_mixed_possible_multitemplate
ORNL-9-1-Ro	nifH.fa	997	833	83.5507	426.2748	334	164	16.4493	25	0.4286	20	10	5	0.2000	20	10	pass_mixed_possible_multitemplate
ORNL-9-1-No	nifH.fa	997	740	74.2227	1787.3952	1207	257	25.7773	11	0.4968	20	10	5	0.2000	20	10	pass_mixed_possible_multitemplate
OSBS-100-3-Rh	nifH.fa	997	821	82.3470	54.7994	4	176	17.6530	0	0.5000	20	10	5	0.2000	20	10	pass_single_dominant
OSBS-100-3-No	nifH.fa	997	765	76.7302	553.7783	3	232	23.2698	13	0.5000	20	10	5	0.2000	20	10	pass_mixed_possible_multitemplate
OSBS-100-3-Ro	nifH.fa	997	752	75.4263	121.5236	1	245	24.5737	0	0.5000	20	10	5	0.2000	20	10	pass_single_dominant
OSBS-101-1-No	nifH.fa	997	639	64.0923	75.7432	5	358	35.9077	26	0.4444	20	10	5	0.2000	20	10	pass_mixed_possible_multitemplate
OSBS-101-1-Rh	nifH.fa	997	666	66.8004	112.6881	4	331	33.1996	25	0.5000	20	10	5	0.2000	20	10	pass_mixed_possible_multitemplate
OSBS-101-1-Ro	nifH.fa	997	802	80.4413	87.7914	3	195	19.5587	0	0.5000	20	10	5	0.2000	20	10	pass_single_dominant
OSBS-102-1-No	nifH.fa	997	827	82.9488	57.8867	37	170	17.0512	84	0.5000	20	10	5	0.2000	20	10	pass_mixed_possible_multitemplate
OSBS-103-2-No	nifH.fa	997	749	75.1254	392.4082	7	248	24.8746	1	0.5000	20	10	5	0.2000	20	10	pass_single_dominant
OSBS-102-1-Ro	nifH.fa	997	599	60.0802	398.9248	81	398	39.9198	39	0.4988	20	10	5	0.2000	20	10	pass_mixed_possible_multitemplate
OSBS-103-2-Rh	nifH.fa	997	798	80.0401	17.8606	6	199	19.9599	32	0.5000	20	10	5	0.2000	20	10	pass_mixed_possible_multitemplate
OSBS-104-1-Rh	nifH.fa	997	800	80.2407	192.7051	6	197	19.7593	0	0.5000	20	10	5	0.2000	20	10	pass_single_dominant
OSBS-104-1-Ro	nifH.fa	997	806	80.8425	2597.1996	1625	191	19.1575	25	0.5000	20	10	5	0.2000	20	10	pass_mixed_possible_multitemplate
OSBS-106-1-No	nifH.fa	997	712	71.4142	2404.9338	760	285	28.5858	10	0.4957	20	10	5	0.2000	20	10	pass_single_dominant
OSBS-106-1-Rh	nifH.fa	997	833	83.5507	2140.5577	1639	164	16.4493	40	0.5000	20	10	5	0.2000	20	10	pass_mixed_possible_multitemplate
OSBS-106-1-Ro	nifH.fa	997	829	83.1494	59.0792	24	168	16.8506	58	0.5000	20	10	5	0.2000	20	10	pass_mixed_possible_multitemplate
OSBS-104-1-No	nifH.fa	997	785	78.7362	3351.1665	2913	212	21.2638	0	0.3529	20	10	5	0.2000	20	10	pass_single_dominant
OSBS-107-Rh	nifH.fa	997	671	67.3019	411.6299	7	326	32.6981	16	0.5000	20	10	5	0.2000	20	10	pass_mixed_possible_multitemplate
OSBS-107-Ro	nifH.fa	997	824	82.6479	117.4905	58	173	17.3521	37	0.5000	20	10	5	0.2000	20	10	pass_mixed_possible_multitemplate
OSBS-109-4-No	nifH.fa	997	784	78.6359	2877.7924	147	213	21.3641	1	0.5000	20	10	5	0.2000	20	10	pass_single_dominant
OSBS-107-No	nifH.fa	997	815	81.7452	3141.8576	1762	182	18.2548	11	0.4222	20	10	5	0.2000	20	10	pass_mixed_possible_multitemplate
OSBS-109-4-Rh	nifH.fa	997	834	83.6510	105.5767	12	163	16.3490	14	0.5000	20	10	5	0.2000	20	10	pass_mixed_possible_multitemplate
OSBS-109-4-Ro	nifH.fa	997	676	67.8034	579.6028	598	321	32.1966	5	0.4545	20	10	5	0.2000	20	10	pass_single_dominant
OSBS-110-1-Rh	nifH.fa	997	833	83.5507	1818.8957	1081	164	16.4493	20	0.4872	20	10	5	0.2000	20	10	pass_mixed_possible_multitemplate
OSBS-12-1-No	nifH.fa	997	702	70.4112	575.3821	4	295	29.5888	8	0.5000	20	10	5	0.2000	20	10	pass_single_dominant
OSBS-12-1-Rh	nifH.fa	997	762	76.4293	1573.7623	306	235	23.5707	27	0.4600	20	10	5	0.2000	20	10	pass_mixed_possible_multitemplate
OSBS-12-1-Ro	nifH.fa	997	827	82.9488	23.8295	20	170	17.0512	40	0.5000	20	10	5	0.2000	20	10	pass_mixed_possible_multitemplate
OSBS-1-2-No	nifH.fa	997	810	81.2437	150.5838	21	187	18.7563	17	0.4688	20	10	5	0.2000	20	10	pass_mixed_possible_multitemplate
OSBS-1-2-Rh	nifH.fa	997	761	76.3290	6.6610	5	236	23.6710	0	0.5000	20	10	5	0.2000	20	10	pass_single_dominant
OSBS-1-2-Ro	nifH.fa	997	848	85.0552	19.1444	12	149	14.9448	22	0.5000	20	10	5	0.2000	20	10	pass_mixed_possible_multitemplate
OSBS-14-3-No	nifH.fa	997	836	83.8516	330.0120	166	161	16.1484	5	0.5000	20	10	5	0.2000	20	10	pass_single_dominant
OSBS-14-3-Rh	nifH.fa	997	837	83.9519	1813.8626	636	160	16.0481	35	0.5000	20	10	5	0.2000	20	10	pass_mixed_possible_multitemplate
OSBS-14-3-Ro	nifH.fa	997	831	83.3501	8.5677	7	166	16.6499	12	0.5000	20	10	5	0.2000	20	10	pass_mixed_possible_multitemplate
OSBS-18-5-No	nifH.fa	997	762	76.4293	411.1294	154	235	23.5707	0	0.3333	20	10	5	0.2000	20	10	pass_single_dominant
OSBS-18-5-Rh	nifH.fa	997	837	83.9519	148.9629	114	160	16.0481	75	0.5000	20	10	5	0.2000	20	10	pass_mixed_possible_multitemplate
OSBS-18-5-Ro	nifH.fa	997	806	80.8425	24.2758	11	191	19.1575	0	0.5000	20	10	5	0.2000	20	10	pass_single_dominant
OSBS-20-1-Rh	nifH.fa	997	835	83.7513	192.2808	109	162	16.2487	79	0.5000	20	10	5	0.2000	20	10	pass_mixed_possible_multitemplate
OSBS-110-1-No	nifH.fa	997	832	83.4504	3055.9358	899	165	16.5496	19	0.5000	20	10	5	0.2000	20	10	pass_mixed_possible_multitemplate
OSBS-20-1-Ro	nifH.fa	997	832	83.4504	475.0080	31	165	16.5496	10	0.5000	20	10	5	0.2000	20	10	pass_single_dominant
OSBS-21-2-No	nifH.fa	997	833	83.5507	1540.2427	567	164	16.4493	4	0.5000	20	10	5	0.2000	20	10	pass_single_dominant
OSBS-21-2-Ro	nifH.fa	997	833	83.5507	96.6058	94	164	16.4493	11	0.4737	20	10	5	0.2000	20	10	pass_mixed_possible_multitemplate
OSBS-21-2-Rh	nifH.fa	997	820	82.2467	1388.9950	468	177	17.7533	17	0.4743	20	10	5	0.2000	20	10	pass_mixed_possible_multitemplate
OSBS-2-3-Rh	nifH.fa	997	836	83.8516	14.8014	14	161	16.1484	16	0.5000	20	10	5	0.2000	20	10	pass_mixed_possible_multitemplate
OSBS-2-3-No	nifH.fa	997	833	83.5507	2182.8816	36	164	16.4493	44	0.5000	20	10	5	0.2000	20	10	pass_mixed_possible_multitemplate
OSBS-2-3-Ro	nifH.fa	997	828	83.0491	2107.1775	24	169	16.9509	26	0.5000	20	10	5	0.2000	20	10	pass_mixed_possible_multitemplate
OSBS-25-1-Rh	nifH.fa	997	835	83.7513	627.5998	339	162	16.2487	23	0.5000	20	10	5	0.2000	20	10	pass_mixed_possible_multitemplate
OSBS-25-1-Ro	nifH.fa	997	833	83.5507	13.3791	9	164	16.4493	41	0.5000	20	10	5	0.2000	20	10	pass_mixed_possible_multitemplate
OSBS-28-1-No	nifH.fa	997	836	83.8516	1768.3551	602	161	16.1484	9	0.5000	20	10	5	0.2000	20	10	pass_single_dominant
OSBS-28-1-Rh	nifH.fa	997	834	83.6510	1565.7864	1278	163	16.3490	34	0.5000	20	10	5	0.2000	20	10	pass_mixed_possible_multitemplate
OSBS-28-1-Ro	nifH.fa	997	832	83.4504	1145.9168	662	165	16.5496	12	0.5000	20	10	5	0.2000	20	10	pass_mixed_possible_multitemplate
OSBS-29-1-Ro	nifH.fa	997	800	80.2407	47.8084	38	197	19.7593	11	0.5000	20	10	5	0.2000	20	10	pass_mixed_possible_multitemplate
OSBS-30-1-Rh	nifH.fa	997	830	83.2497	129.5015	65	167	16.7503	64	0.5000	20	10	5	0.2000	20	10	pass_mixed_possible_multitemplate
OSBS-31-1-Rh	nifH.fa	997	653	65.4965	317.3831	228	344	34.5035	19	0.4779	20	10	5	0.2000	20	10	pass_mixed_possible_multitemplate
OSBS-29-1-Rh	nifH.fa	997	758	76.0281	2166.6449	1465	239	23.9719	21	0.5000	20	10	5	0.2000	20	10	pass_mixed_possible_multitemplate
OSBS-32-1-Rh	nifH.fa	997	832	83.4504	285.3601	42	165	16.5496	22	0.5000	20	10	5	0.2000	20	10	pass_mixed_possible_multitemplate
OSBS-32-1-Ro	nifH.fa	997	833	83.5507	1003.2467	360	164	16.4493	25	0.5000	20	10	5	0.2000	20	10	pass_mixed_possible_multitemplate
OSBS-34-1-Rh	nifH.fa	997	833	83.5507	480.9599	59	164	16.4493	63	0.5000	20	10	5	0.2000	20	10	pass_mixed_possible_multitemplate
OSBS-34-1-No	nifH.fa	997	807	80.9428	1159.5657	304	190	19.0572	21	0.5000	20	10	5	0.2000	20	10	pass_mixed_possible_multitemplate
OSBS-34-1-Ro	nifH.fa	997	824	82.6479	822.2086	24	173	17.3521	30	0.5000	20	10	5	0.2000	20	10	pass_mixed_possible_multitemplate
OSBS-35-1-Ro	nifH.fa	997	715	71.7151	49.3571	18	282	28.2849	37	0.4737	20	10	5	0.2000	20	10	pass_mixed_possible_multitemplate
OSBS-35-1-Rh	nifH.fa	997	834	83.6510	2130.0341	899	163	16.3490	41	0.4835	20	10	5	0.2000	20	10	pass_mixed_possible_multitemplate
OSBS-35-2-Rh	nifH.fa	997	833	83.5507	1803.4835	95	164	16.4493	21	0.5000	20	10	5	0.2000	20	10	pass_mixed_possible_multitemplate
OSBS-35-2-Ro	nifH.fa	997	834	83.6510	1464.6931	1052	163	16.3490	38	0.4587	20	10	5	0.2000	20	10	pass_mixed_possible_multitemplate
OSBS-35-2-No	nifH.fa	997	832	83.4504	5444.1535	6972	165	16.5496	25	0.5000	20	10	5	0.2000	20	10	pass_mixed_possible_multitemplate
OSBS-36-1-Rh	nifH.fa	997	836	83.8516	640.8415	97	161	16.1484	36	0.5000	20	10	5	0.2000	20	10	pass_mixed_possible_multitemplate
OSBS-36-1-Ro	nifH.fa	997	833	83.5507	84.6510	57	164	16.4493	128	0.5000	20	10	5	0.2000	20	10	pass_mixed_possible_multitemplate
OSBS-36-4-No	nifH.fa	997	834	83.6510	2079.2508	1499	163	16.3490	39	0.4636	20	10	5	0.2000	20	10	pass_mixed_possible_multitemplate
OSBS-36-1-No	nifH.fa	997	834	83.6510	4014.5226	3987	163	16.3490	61	0.5000	20	10	5	0.2000	20	10	pass_mixed_possible_multitemplate
OSBS-36-4-Ro	nifH.fa	997	832	83.4504	43.3691	23	165	16.5496	30	0.5000	20	10	5	0.2000	20	10	pass_mixed_possible_multitemplate
OSBS-37-1-No	nifH.fa	997	833	83.5507	92.8967	20	164	16.4493	44	0.5000	20	10	5	0.2000	20	10	pass_mixed_possible_multitemplate
OSBS-36-4-Rh	nifH.fa	997	813	81.5446	1523.5587	26	184	18.4554	8	0.4541	20	10	5	0.2000	20	10	pass_single_dominant
OSBS-37-1-Ro	nifH.fa	997	801	80.3410	36.6640	10	196	19.6590	13	0.5000	20	10	5	0.2000	20	10	pass_mixed_possible_multitemplate
OSBS-37-1-Rh	nifH.fa	997	834	83.6510	1419.5176	634	163	16.3490	5	0.5000	20	10	5	0.2000	20	10	pass_single_dominant
OSBS-38-1-Rh	nifH.fa	997	806	80.8425	740.5005	11	191	19.1575	13	0.5000	20	10	5	0.2000	20	10	pass_mixed_possible_multitemplate
OSBS-38-1-Ro	nifH.fa	997	833	83.5507	63.5436	25	164	16.4493	46	0.5000	20	10	5	0.2000	20	10	pass_mixed_possible_multitemplate
OSBS-38-2-Rh	nifH.fa	997	807	80.9428	837.1113	5	190	19.0572	14	0.5000	20	10	5	0.2000	20	10	pass_mixed_possible_multitemplate
OSBS-38-2-Ro	nifH.fa	997	830	83.2497	524.3691	13	167	16.7503	18	0.5000	20	10	5	0.2000	20	10	pass_mixed_possible_multitemplate
OSBS-41-3-No	nifH.fa	997	801	80.3410	59.2818	7	196	19.6590	11	0.5000	20	10	5	0.2000	20	10	pass_mixed_possible_multitemplate
OSBS-41-3-Rh	nifH.fa	997	833	83.5507	58.0120	18	164	16.4493	14	0.5000	20	10	5	0.2000	20	10	pass_mixed_possible_multitemplate
OSBS-41-3-Ro	nifH.fa	997	806	80.8425	868.6439	12	191	19.1575	29	0.5000	20	10	5	0.2000	20	10	pass_mixed_possible_multitemplate
OSBS-4-3-No	nifH.fa	997	823	82.5476	2555.8305	31	174	17.4524	25	0.5000	20	10	5	0.2000	20	10	pass_mixed_possible_multitemplate
OSBS-4-3-Rh	nifH.fa	997	811	81.3440	134.1625	26	186	18.6560	32	0.5000	20	10	5	0.2000	20	10	pass_mixed_possible_multitemplate
OSBS-4-3-Ro	nifH.fa	997	823	82.5476	75.6891	7	174	17.4524	0	0.5000	20	10	5	0.2000	20	10	pass_single_dominant
OSBS-44-1-No	nifH.fa	997	800	80.2407	2697.4072	1187	197	19.7593	20	0.5000	20	10	5	0.2000	20	10	pass_mixed_possible_multitemplate
OSBS-44-1-Rh	nifH.fa	997	793	79.5386	2991.9749	2729	204	20.4614	12	0.5000	20	10	5	0.2000	20	10	pass_mixed_possible_multitemplate
OSBS-44-1-Ro	nifH.fa	997	833	83.5507	2291.2839	1448	164	16.4493	24	0.4990	20	10	5	0.2000	20	10	pass_mixed_possible_multitemplate
OSBS-45-1-No	nifH.fa	997	740	74.2227	3865.7633	4874	257	25.7773	12	0.4631	20	10	5	0.2000	20	10	pass_mixed_possible_multitemplate
OSBS-38-1-No	nifH.fa	997	833	83.5507	5660.6580	7603	164	16.4493	0	0.4286	20	10	5	0.2000	20	10	pass_single_dominant
OSBS-45-1-Ro	nifH.fa	997	768	77.0311	22.9799	17	229	22.9689	31	0.5000	20	10	5	0.2000	20	10	pass_mixed_possible_multitemplate
OSBS-46-1-No	nifH.fa	997	738	74.0221	712.2156	394	259	25.9779	13	0.4976	20	10	5	0.2000	20	10	pass_mixed_possible_multitemplate
OSBS-45-1-Rh	nifH.fa	997	731	73.3200	3426.7623	3062	266	26.6800	12	0.5000	20	10	5	0.2000	20	10	pass_mixed_possible_multitemplate
OSBS-46-1-Rh	nifH.fa	997	834	83.6510	3428.1294	2715	163	16.3490	14	0.5000	20	10	5	0.2000	20	10	pass_mixed_possible_multitemplate
OSBS-46-1-Ro	nifH.fa	997	728	73.0191	3216.4383	2822	269	26.9809	15	0.4847	20	10	5	0.2000	20	10	pass_mixed_possible_multitemplate
OSBS-49-1-Rh	nifH.fa	997	763	76.5296	1889.6590	947	234	23.4704	7	0.5000	20	10	5	0.2000	20	10	pass_single_dominant
OSBS-49-1-Ro	nifH.fa	997	739	74.1224	102.5898	51	258	25.8776	12	0.5000	20	10	5	0.2000	20	10	pass_mixed_possible_multitemplate
OSBS-49-1-No	nifH.fa	997	682	68.4052	2302.3671	1128	315	31.5948	41	0.5000	20	10	5	0.2000	20	10	pass_mixed_possible_multitemplate
OSBS-51-1-No	nifH.fa	997	736	73.8215	234.5326	141	261	26.1785	15	0.4851	20	10	5	0.2000	20	10	pass_mixed_possible_multitemplate
OSBS-51-1-Ro	nifH.fa	997	779	78.1344	33.0642	16	218	21.8656	11	0.4824	20	10	5	0.2000	20	10	pass_mixed_possible_multitemplate
OSBS-51-1-Rh	nifH.fa	997	707	70.9127	1333.0532	209	290	29.0873	8	0.4431	20	10	5	0.2000	20	10	pass_single_dominant
OSBS-52-1-Rh	nifH.fa	997	616	61.7854	1503.2217	17	381	38.2146	1	0.4903	20	10	5	0.2000	20	10	pass_single_dominant
OSBS-52-2-Rh	nifH.fa	997	686	68.8064	408.7803	17	311	31.1936	17	0.5000	20	10	5	0.2000	20	10	pass_mixed_possible_multitemplate
OSBS-52-2-Ro	nifH.fa	997	708	71.0130	393.3882	285	289	28.9870	13	0.5000	20	10	5	0.2000	20	10	pass_mixed_possible_multitemplate
OSBS-52-2-No	nifH.fa	997	715	71.7151	997.1234	153	282	28.2849	41	0.5000	20	10	5	0.2000	20	10	pass_mixed_possible_multitemplate
OSBS-52-5-Rh	nifH.fa	997	626	62.7884	1455.0321	6	371	37.2116	3	0.4828	20	10	5	0.2000	20	10	pass_single_dominant
OSBS-55-1-Rh	nifH.fa	997	732	73.4203	1745.0090	1053	265	26.5797	13	0.5000	20	10	5	0.2000	20	10	pass_mixed_possible_multitemplate
OSBS-55-1-No	nifH.fa	997	740	74.2227	2642.0712	996	257	25.7773	48	0.4859	20	10	5	0.2000	20	10	pass_mixed_possible_multitemplate
OSBS-5-5-No	nifH.fa	997	833	83.5507	1876.3862	33	164	16.4493	29	0.5000	20	10	5	0.2000	20	10	pass_mixed_possible_multitemplate
OSBS-55-1-Ro	nifH.fa	997	834	83.6510	3545.8425	3343	163	16.3490	14	0.4784	20	10	5	0.2000	20	10	pass_mixed_possible_multitemplate
OSBS-5-5-Rh	nifH.fa	997	831	83.3501	12.6700	12	166	16.6499	28	0.5000	20	10	5	0.2000	20	10	pass_mixed_possible_multitemplate
OSBS-5-5-Ro	nifH.fa	997	816	81.8455	59.4082	3	181	18.1545	0	0.5000	20	10	5	0.2000	20	10	pass_single_dominant
OSBS-58-1-Rh	nifH.fa	997	814	81.6449	977.5206	750	183	18.3551	7	0.5000	20	10	5	0.2000	20	10	pass_single_dominant
OSBS-58-1-Ro	nifH.fa	997	835	83.7513	696.3902	360	162	16.2487	14	0.4902	20	10	5	0.2000	20	10	pass_mixed_possible_multitemplate
OSBS-58-1-No	nifH.fa	997	835	83.7513	2755.8235	907	162	16.2487	3	0.4667	20	10	5	0.2000	20	10	pass_single_dominant
OSBS-59-1-No	nifH.fa	997	706	70.8124	2411.9228	222	291	29.1876	9	0.3961	20	10	5	0.2000	20	10	pass_single_dominant
OSBS-59-1-Ro	nifH.fa	997	834	83.6510	29.9789	22	163	16.3490	26	0.5000	20	10	5	0.2000	20	10	pass_mixed_possible_multitemplate
OSBS-6-1-No	nifH.fa	997	831	83.3501	20.2076	16	166	16.6499	59	0.5000	20	10	5	0.2000	20	10	pass_mixed_possible_multitemplate
OSBS-6-1-Rh	nifH.fa	997	863	86.5597	71.1113	15	134	13.4403	44	0.5000	20	10	5	0.2000	20	10	pass_mixed_possible_multitemplate
OSBS-6-1-Ro	nifH.fa	997	836	83.8516	193.9047	14	161	16.1484	11	0.5000	20	10	5	0.2000	20	10	pass_mixed_possible_multitemplate
OSBS-59-1-Rh	nifH.fa	997	834	83.6510	2628.8867	1955	163	16.3490	12	0.5000	20	10	5	0.2000	20	10	pass_mixed_possible_multitemplate
OSBS-65-1-No	nifH.fa	997	710	71.2136	1857.3912	986	287	28.7864	15	0.5000	20	10	5	0.2000	20	10	pass_mixed_possible_multitemplate
OSBS-65-1-Rh	nifH.fa	997	753	75.5266	2023.1715	759	244	24.4734	7	0.5000	20	10	5	0.2000	20	10	pass_single_dominant
OSBS-66-1-No	nifH.fa	997	729	73.1194	1719.8726	318	268	26.8806	35	0.4873	20	10	5	0.2000	20	10	pass_mixed_possible_multitemplate
OSBS-67-1-No	nifH.fa	997	827	82.9488	501.8736	172	170	17.0512	48	0.5000	20	10	5	0.2000	20	10	pass_mixed_possible_multitemplate
OSBS-67-1-Rh	nifH.fa	997	774	77.6329	1636.2377	379	223	22.3671	10	0.5000	20	10	5	0.2000	20	10	pass_single_dominant
OSBS-67-1-Ro	nifH.fa	997	761	76.3290	25.4865	8	236	23.6710	18	0.5000	20	10	5	0.2000	20	10	pass_mixed_possible_multitemplate
OSBS-66-1-Rh	nifH.fa	997	833	83.5507	2689.6349	2203	164	16.4493	9	0.5000	20	10	5	0.2000	20	10	pass_single_dominant
OSBS-68-1-Rh	nifH.fa	997	816	81.8455	166.7161	116	181	18.1545	8	0.5000	20	10	5	0.2000	20	10	pass_single_dominant
OSBS-68-1-Ro	nifH.fa	997	698	70.0100	1372.0722	604	299	29.9900	9	0.4898	20	10	5	0.2000	20	10	pass_single_dominant
OSBS-69-1-No	nifH.fa	997	835	83.7513	2891.1825	697	162	16.2487	35	0.4844	20	10	5	0.2000	20	10	pass_mixed_possible_multitemplate
OSBS-68-1-No	nifH.fa	997	835	83.7513	3690.6540	5012	162	16.2487	19	0.4043	20	10	5	0.2000	20	10	pass_mixed_possible_multitemplate
OSBS-69-1-Ro	nifH.fa	997	842	84.4534	99.2788	108	155	15.5466	36	0.3688	20	10	5	0.2000	20	10	pass_mixed_possible_multitemplate
OSBS-69-1-Rh	nifH.fa	997	834	83.6510	2185.8094	194	163	16.3490	1	0.5000	20	10	5	0.2000	20	10	pass_single_dominant
OSBS-70-3-Rh	nifH.fa	997	718	72.0160	2341.1655	1200	279	27.9840	21	0.4429	20	10	5	0.2000	20	10	pass_mixed_possible_multitemplate
OSBS-70-3-Ro	nifH.fa	997	697	69.9097	828.5246	252	300	30.0903	17	0.4561	20	10	5	0.2000	20	10	pass_mixed_possible_multitemplate
OSBS-71-1-No	nifH.fa	997	697	69.9097	11.3380	4	300	30.0903	23	0.5000	20	10	5	0.2000	20	10	pass_mixed_possible_multitemplate
OSBS-71-1-Rh	nifH.fa	997	823	82.5476	336.4845	8	174	17.4524	3	0.5000	20	10	5	0.2000	20	10	pass_single_dominant
OSBS-71-1-Ro	nifH.fa	997	829	83.1494	24.9107	17	168	16.8506	49	0.4800	20	10	5	0.2000	20	10	pass_mixed_possible_multitemplate
OSBS-72-1-No	nifH.fa	997	755	75.7272	10.3892	4	242	24.2728	34	0.5000	20	10	5	0.2000	20	10	pass_mixed_possible_multitemplate
OSBS-70-3-No	nifH.fa	997	835	83.7513	2818.0903	1176	162	16.2487	9	0.5000	20	10	5	0.2000	20	10	pass_single_dominant
OSBS-72-1-Ro	nifH.fa	997	803	80.5416	12.8576	8	194	19.4584	34	0.5000	20	10	5	0.2000	20	10	pass_mixed_possible_multitemplate
OSBS-72-1-Rh	nifH.fa	997	640	64.1926	1560.5236	53	357	35.8074	8	0.5000	20	10	5	0.2000	20	10	pass_single_dominant
OSBS-73-2-Rh	nifH.fa	997	742	74.4233	403.2046	298	255	25.5767	52	0.5000	20	10	5	0.2000	20	10	pass_mixed_possible_multitemplate
OSBS-73-2-No	nifH.fa	997	688	69.0070	1827.3581	1336	309	30.9930	14	0.4820	20	10	5	0.2000	20	10	pass_mixed_possible_multitemplate
OSBS-73-2-Ro	nifH.fa	997	833	83.5507	1397.8285	691	164	16.4493	33	0.5000	20	10	5	0.2000	20	10	pass_mixed_possible_multitemplate
OSBS-74-3-Rh	nifH.fa	997	714	71.6148	951.3109	319	283	28.3852	29	0.5000	20	10	5	0.2000	20	10	pass_mixed_possible_multitemplate
OSBS-74-3-Ro	nifH.fa	997	692	69.4082	200.2758	75	305	30.5918	26	0.5000	20	10	5	0.2000	20	10	pass_mixed_possible_multitemplate
OSBS-74-3-No	nifH.fa	997	594	59.5787	2899.1264	1376	403	40.4213	0	0.3333	20	10	5	0.2000	20	10	fail_high_N
OSBS-7-4-Rh	nifH.fa	997	836	83.8516	1269.8957	35	161	16.1484	12	0.4667	20	10	5	0.2000	20	10	pass_mixed_possible_multitemplate
OSBS-7-4-Ro	nifH.fa	997	847	84.9549	29.1464	6	150	15.0451	3	0.4286	20	10	5	0.2000	20	10	pass_single_dominant
OSBS-75-2-No	nifH.fa	997	683	68.5055	1962.8586	480	314	31.4945	0	0.3636	20	10	5	0.2000	20	10	pass_single_dominant
OSBS-75-2-Rh	nifH.fa	997	706	70.8124	2196.9569	1222	291	29.1876	16	0.4214	20	10	5	0.2000	20	10	pass_mixed_possible_multitemplate
OSBS-75-2-Ro	nifH.fa	997	699	70.1103	1032.8425	665	298	29.8897	25	0.4416	20	10	5	0.2000	20	10	pass_mixed_possible_multitemplate
OSBS-80-2-No	nifH.fa	997	831	83.3501	171.6750	115	166	16.6499	28	0.5000	20	10	5	0.2000	20	10	pass_mixed_possible_multitemplate
OSBS-80-2-Rh	nifH.fa	997	731	73.3200	1914.2066	144	266	26.6800	10	0.4684	20	10	5	0.2000	20	10	pass_single_dominant
OSBS-80-2-Ro	nifH.fa	997	833	83.5507	1144.7212	431	164	16.4493	61	0.5000	20	10	5	0.2000	20	10	pass_mixed_possible_multitemplate
OSBS-81-1-No	nifH.fa	997	799	80.1404	1291.0782	683	198	19.8596	12	0.5000	20	10	5	0.2000	20	10	pass_mixed_possible_multitemplate
OSBS-7-4-No	nifH.fa	997	853	85.5567	3591.2016	225	144	14.4433	13	0.4964	20	10	5	0.2000	20	10	pass_mixed_possible_multitemplate
OSBS-81-1-Ro	nifH.fa	997	729	73.1194	222.7643	318	268	26.8806	1	0.5000	20	10	5	0.2000	20	10	pass_single_dominant
OSBS-81-1-Rh	nifH.fa	997	834	83.6510	1461.7262	485	163	16.3490	7	0.5000	20	10	5	0.2000	20	10	pass_single_dominant
OSBS-82-1-No	nifH.fa	997	828	83.0491	4038.4544	4572	169	16.9509	46	0.4385	20	10	5	0.2000	20	10	pass_mixed_possible_multitemplate
OSBS-82-1-Rh	nifH.fa	997	833	83.5507	5078.0732	6035	164	16.4493	73	0.4843	20	10	5	0.2000	20	10	pass_mixed_possible_multitemplate
OSBS-83-1-No	nifH.fa	997	804	80.6419	3112.2357	1076	193	19.3581	25	0.5000	20	10	5	0.2000	20	10	pass_mixed_possible_multitemplate
OSBS-83-1-Rh	nifH.fa	997	833	83.5507	839.2207	239	164	16.4493	44	0.5000	20	10	5	0.2000	20	10	pass_mixed_possible_multitemplate
OSBS-83-1-Ro	nifH.fa	997	836	83.8516	2605.7753	1363	161	16.1484	24	0.4939	20	10	5	0.2000	20	10	pass_mixed_possible_multitemplate
OSBS-84-1-No	nifH.fa	997	834	83.6510	3999.7944	3962	163	16.3490	47	0.4988	20	10	5	0.2000	20	10	pass_mixed_possible_multitemplate
OSBS-84-1-Rh	nifH.fa	997	816	81.8455	3332.3591	2504	181	18.1545	40	0.4946	20	10	5	0.2000	20	10	pass_mixed_possible_multitemplate
OSBS-84-1-Ro	nifH.fa	997	836	83.8516	2361.4383	1313	161	16.1484	31	0.4858	20	10	5	0.2000	20	10	pass_mixed_possible_multitemplate
OSBS-82-1-Ro	nifH.fa	997	835	83.7513	4482.1695	6931	162	16.2487	10	0.5000	20	10	5	0.2000	20	10	pass_single_dominant
OSBS-85-1-No	nifH.fa	997	805	80.7422	3357.2016	1854	192	19.2578	51	0.5000	20	10	5	0.2000	20	10	pass_mixed_possible_multitemplate
OSBS-85-1-Ro	nifH.fa	997	713	71.5145	1756.3671	891	284	28.4855	15	0.4868	20	10	5	0.2000	20	10	pass_mixed_possible_multitemplate
OSBS-8-5-No	nifH.fa	997	815	81.7452	859.7362	797	182	18.2548	39	0.5000	20	10	5	0.2000	20	10	pass_mixed_possible_multitemplate
OSBS-8-5-Rh	nifH.fa	997	793	79.5386	45.9749	2	204	20.4614	3	0.5000	20	10	5	0.2000	20	10	pass_single_dominant
OSBS-8-5-Ro	nifH.fa	997	848	85.0552	26.2217	14	149	14.9448	46	0.5000	20	10	5	0.2000	20	10	pass_mixed_possible_multitemplate
OSBS-85-1-Rh	nifH.fa	997	834	83.6510	4035.3069	4499	163	16.3490	42	0.4988	20	10	5	0.2000	20	10	pass_mixed_possible_multitemplate
OSBS-86-1-No	nifH.fa	997	833	83.5507	3967.3571	4547	164	16.4493	81	0.4997	20	10	5	0.2000	20	10	pass_mixed_possible_multitemplate
OSBS-86-1-Ro	nifH.fa	997	820	82.2467	82.5346	35	177	17.7533	13	0.5000	20	10	5	0.2000	20	10	pass_mixed_possible_multitemplate
OSBS-86-1-Rh	nifH.fa	997	835	83.7513	3823.3149	4271	162	16.2487	26	0.4983	20	10	5	0.2000	20	10	pass_mixed_possible_multitemplate
OSBS-88-1-Rh	nifH.fa	997	768	77.0311	3219.3902	3327	229	22.9689	20	0.4844	20	10	5	0.2000	20	10	pass_mixed_possible_multitemplate
OSBS-88-1-Ro	nifH.fa	997	835	83.7513	437.1204	140	162	16.2487	59	0.5000	20	10	5	0.2000	20	10	pass_mixed_possible_multitemplate
OSBS-88-1-No	nifH.fa	997	732	73.4203	2626.8796	54	265	26.5797	10	0.5000	20	10	5	0.2000	20	10	pass_single_dominant
OSBS-89-1-No	nifH.fa	997	809	81.1434	3272.0893	2870	188	18.8566	16	0.4985	20	10	5	0.2000	20	10	pass_mixed_possible_multitemplate
OSBS-89-1-Ro	nifH.fa	997	791	79.3380	2895.5446	1675	206	20.6620	8	0.5000	20	10	5	0.2000	20	10	pass_single_dominant
OSBS-89-1-Rh	nifH.fa	997	798	80.0401	3640.4504	4294	199	19.9599	11	0.4727	20	10	5	0.2000	20	10	pass_mixed_possible_multitemplate
OSBS-90-1-Ro	nifH.fa	997	703	70.5115	1983.8285	960	294	29.4885	13	0.4624	20	10	5	0.2000	20	10	pass_mixed_possible_multitemplate
OSBS-91-1-No	nifH.fa	997	755	75.7272	843.8465	3	242	24.2728	20	0.5000	20	10	5	0.2000	20	10	pass_mixed_possible_multitemplate
OSBS-91-1-Ro	nifH.fa	997	600	60.1805	130.4995	4	397	39.8195	9	0.5000	20	10	5	0.2000	20	10	pass_single_dominant
OSBS-95-3-Rh	nifH.fa	997	820	82.2467	104.8566	8	177	17.7533	25	0.5000	20	10	5	0.2000	20	10	pass_mixed_possible_multitemplate
OSBS-90-1-Rh	nifH.fa	997	732	73.4203	3154.5356	2090	265	26.5797	12	0.4905	20	10	5	0.2000	20	10	pass_mixed_possible_multitemplate
OSBS-95-3-Ro	nifH.fa	997	834	83.6510	1812.8235	437	163	16.3490	27	0.4434	20	10	5	0.2000	20	10	pass_mixed_possible_multitemplate
OSBS-97-2-Ro	nifH.fa	997	725	72.7182	109.5105	5	272	27.2818	14	0.5000	20	10	5	0.2000	20	10	pass_mixed_possible_multitemplate
OSBS-99-No	nifH.fa	997	816	81.8455	364.9629	403	181	18.1545	25	0.4444	20	10	5	0.2000	20	10	pass_mixed_possible_multitemplate
OSBS-99-Ro	nifH.fa	997	827	82.9488	12.2618	11	170	17.0512	34	0.5000	20	10	5	0.2000	20	10	pass_mixed_possible_multitemplate
OSBS-97-2-Rh	nifH.fa	997	811	81.3440	2176.0993	761	186	18.6560	17	0.5000	20	10	5	0.2000	20	10	pass_mixed_possible_multitemplate
OSBS-CEVI-50-3-No	nifH.fa	997	773	77.5326	1831.5045	593	224	22.4674	3	0.5000	20	10	5	0.2000	20	10	pass_single_dominant
OSBS-CEVI-50-3-Rh	nifH.fa	997	742	74.4233	1421.9779	323	255	25.5767	11	0.4867	20	10	5	0.2000	20	10	pass_mixed_possible_multitemplate
OSBS-DETR-64-3-Ro	nifH.fa	997	813	81.5446	123.0040	23	184	18.4554	42	0.5000	20	10	5	0.2000	20	10	pass_mixed_possible_multitemplate
OSBS-DETR-64-3-Rh	nifH.fa	997	828	83.0491	409.0542	14	169	16.9509	4	0.5000	20	10	5	0.2000	20	10	pass_single_dominant
OSBS-LEHI-62-5-Rh	nifH.fa	997	782	78.4353	64.5868	5	215	21.5647	0	0.5000	20	10	5	0.2000	20	10	pass_single_dominant
OSBS-LEHI-62-5-Ro	nifH.fa	997	801	80.3410	24.7834	4	196	19.6590	0	0.5000	20	10	5	0.2000	20	10	pass_single_dominant
OSBS-TEVI-61-4-No	nifH.fa	997	804	80.6419	1919.7984	774	193	19.3581	1	0.3333	20	10	5	0.2000	20	10	pass_single_dominant
OSBS-TEVI-61-4-Rh	nifH.fa	997	776	77.8335	78.8606	32	221	22.1665	50	0.4862	20	10	5	0.2000	20	10	pass_mixed_possible_multitemplate
OSBS-LEHI-62-5-No	nifH.fa	997	741	74.3230	2952.2347	1352	256	25.6770	6	0.4655	20	10	5	0.2000	20	10	pass_single_dominant
RMNP-1-Rh	nifH.fa	997	821	82.3470	1198.6770	1196	176	17.6530	43	0.4972	20	10	5	0.2000	20	10	pass_mixed_possible_multitemplate
RMNP-1-Ro	nifH.fa	997	803	80.5416	7.6580	7	194	19.4584	4	0.5000	20	10	5	0.2000	20	10	pass_single_dominant
RMNP-1-No	nifH.fa	997	829	83.1494	5414.5557	7180	168	16.8506	4	0.5000	20	10	5	0.2000	20	10	pass_single_dominant
RMNP-2-No	nifH.fa	997	798	80.0401	5629.2026	7442	199	19.9599	0	0.2500	20	10	5	0.2000	20	10	pass_single_dominant
RMNP-2-Ro	nifH.fa	997	812	81.4443	45.7854	44	185	18.5557	23	0.5000	20	10	5	0.2000	20	10	pass_mixed_possible_multitemplate
RMNP-3-No	nifH.fa	997	835	83.7513	3438.2528	3758	162	16.2487	55	0.4961	20	10	5	0.2000	20	10	pass_mixed_possible_multitemplate
RMNP-2-Rh	nifH.fa	997	825	82.7482	5455.6038	7220	172	17.2518	0	0.0588	20	10	5	0.2000	20	10	pass_single_dominant
RMNP-3-Rh	nifH.fa	997	818	82.0461	2388.4203	2059	179	17.9539	19	0.4920	20	10	5	0.2000	20	10	pass_mixed_possible_multitemplate
RMNP-4-No	nifH.fa	997	801	80.3410	770.6309	8	196	19.6590	14	0.5000	20	10	5	0.2000	20	10	pass_mixed_possible_multitemplate
RMNP-3-Ro	nifH.fa	997	833	83.5507	1539.0411	596	164	16.4493	49	0.4953	20	10	5	0.2000	20	10	pass_mixed_possible_multitemplate
RMNP-4-Rh	nifH.fa	997	834	83.6510	2303.9107	1184	163	16.3490	5	0.5000	20	10	5	0.2000	20	10	pass_single_dominant
SCBI-10-1-No	nifH.fa	997	802	80.4413	1332.0682	13	195	19.5587	13	0.4800	20	10	5	0.2000	20	10	pass_mixed_possible_multitemplate
SCBI-10-1-Rh	nifH.fa	997	812	81.4443	118.2026	102	185	18.5557	17	0.4837	20	10	5	0.2000	20	10	pass_mixed_possible_multitemplate
SCBI-10-1-Ro	nifH.fa	997	777	77.9338	159.9318	62	220	22.0662	27	0.4611	20	10	5	0.2000	20	10	pass_mixed_possible_multitemplate
RMNP-5-1-No	nifH.fa	997	827	82.9488	1913.1434	28	170	17.0512	27	0.4828	20	10	5	0.2000	20	10	pass_mixed_possible_multitemplate
SCBI-11-1-Rh	nifH.fa	997	665	66.7001	596.6580	3	332	33.2999	0	0.5000	20	10	5	0.2000	20	10	pass_single_dominant
SCBI-11-1-Ro	nifH.fa	997	757	75.9278	390.8365	150	240	24.0722	46	0.5000	20	10	5	0.2000	20	10	pass_mixed_possible_multitemplate
SCBI-1-1-Rh	nifH.fa	997	813	81.5446	81.6981	16	184	18.4554	42	0.5000	20	10	5	0.2000	20	10	pass_mixed_possible_multitemplate
SCBI-1-1-Ro	nifH.fa	997	788	79.0371	7.9087	8	209	20.9629	0	0.5000	20	10	5	0.2000	20	10	pass_single_dominant
SCBI-12-1-No	nifH.fa	997	835	83.7513	3121.3872	1227	162	16.2487	14	0.5000	20	10	5	0.2000	20	10	pass_mixed_possible_multitemplate
SCBI-12-1-Rh	nifH.fa	997	805	80.7422	1754.6359	806	192	19.2578	32	0.4962	20	10	5	0.2000	20	10	pass_mixed_possible_multitemplate
SCBI-12-1-Ro	nifH.fa	997	833	83.5507	664.8144	130	164	16.4493	19	0.5000	20	10	5	0.2000	20	10	pass_mixed_possible_multitemplate
SCBI-11-1-No	nifH.fa	997	793	79.5386	3538.9980	2413	204	20.4614	0	0.5000	20	10	5	0.2000	20	10	pass_single_dominant
SCBI-13-1-Rh	nifH.fa	997	835	83.7513	653.8435	624	162	16.2487	13	0.5000	20	10	5	0.2000	20	10	pass_mixed_possible_multitemplate
SCBI-13-1-Ro	nifH.fa	997	833	83.5507	147.2287	35	164	16.4493	63	0.5000	20	10	5	0.2000	20	10	pass_mixed_possible_multitemplate
SCBI-2-1-No	nifH.fa	997	750	75.2257	50.4534	14	247	24.7743	29	0.5000	20	10	5	0.2000	20	10	pass_mixed_possible_multitemplate
SCBI-13-1-No	nifH.fa	997	827	82.9488	1477.8977	16	170	17.0512	17	0.5000	20	10	5	0.2000	20	10	pass_mixed_possible_multitemplate
SCBI-2-1-Ro	nifH.fa	997	795	79.7392	32.9498	10	202	20.2608	0	0.5000	20	10	5	0.2000	20	10	pass_single_dominant
SCBI-2-1-Rh	nifH.fa	997	799	80.1404	262.1033	15	198	19.8596	23	0.5000	20	10	5	0.2000	20	10	pass_mixed_possible_multitemplate
SCBI-3-1-Rh	nifH.fa	997	764	76.6299	57.5436	13	233	23.3701	2	0.4615	20	10	5	0.2000	20	10	pass_single_dominant
SCBI-3-1-Ro	nifH.fa	997	828	83.0491	311.4604	200	169	16.9509	66	0.4975	20	10	5	0.2000	20	10	pass_mixed_possible_multitemplate
SCBI-3-1-No	nifH.fa	997	736	73.8215	1071.5918	44	261	26.1785	14	0.5000	20	10	5	0.2000	20	10	pass_mixed_possible_multitemplate
SCBI-4-1-Rh	nifH.fa	997	832	83.4504	2976.4614	1500	165	16.5496	4	0.5000	20	10	5	0.2000	20	10	pass_single_dominant
SCBI-4-1-Ro	nifH.fa	997	713	71.5145	235.2919	50	284	28.4855	0	0.5000	20	10	5	0.2000	20	10	pass_single_dominant
SCBI-4-1-No	nifH.fa	997	767	76.9308	3398.0371	2275	230	23.0692	0	0.3333	20	10	5	0.2000	20	10	pass_single_dominant
SCBI-5-1-Rh	nifH.fa	997	777	77.9338	44.0622	13	220	22.0662	23	0.5000	20	10	5	0.2000	20	10	pass_mixed_possible_multitemplate
SCBI-5-1-Ro	nifH.fa	997	789	79.1374	10.1645	10	208	20.8626	18	0.5000	20	10	5	0.2000	20	10	pass_mixed_possible_multitemplate
SCBI-5-1-No	nifH.fa	997	816	81.8455	5934.7713	7829	181	18.1545	0	0.4000	20	10	5	0.2000	20	10	pass_single_dominant
SCBI-6-1-Rh	nifH.fa	997	807	80.9428	1867.8275	586	190	19.0572	48	0.4963	20	10	5	0.2000	20	10	pass_mixed_possible_multitemplate
SCBI-6-1-Ro	nifH.fa	997	833	83.5507	462.7422	152	164	16.4493	60	0.4809	20	10	5	0.2000	20	10	pass_mixed_possible_multitemplate
SCBI-6-1-No	nifH.fa	997	790	79.2377	4000.2427	4623	207	20.7623	0	0.5000	20	10	5	0.2000	20	10	pass_single_dominant
SCBI-7-1-Rh	nifH.fa	997	816	81.8455	1225.1053	654	181	18.1545	80	0.4982	20	10	5	0.2000	20	10	pass_mixed_possible_multitemplate
SCBI-7-1-Ro	nifH.fa	997	836	83.8516	298.6510	166	161	16.1484	91	0.4928	20	10	5	0.2000	20	10	pass_mixed_possible_multitemplate
SCBI-8-2-No	nifH.fa	997	621	62.2869	2046.0331	45	376	37.7131	12	0.5000	20	10	5	0.2000	20	10	pass_mixed_possible_multitemplate
SCBI-8-2-Rh	nifH.fa	997	766	76.8305	1392.4243	13	231	23.1695	1	0.5000	20	10	5	0.2000	20	10	pass_single_dominant
SCBI-8-2-Ro	nifH.fa	997	826	82.8485	102.0291	17	171	17.1515	47	0.5000	20	10	5	0.2000	20	10	pass_mixed_possible_multitemplate
SCBI-7-1-No	nifH.fa	997	836	83.8516	3563.7452	1440	161	16.1484	14	0.3958	20	10	5	0.2000	20	10	pass_mixed_possible_multitemplate
SCBI-9-2-Rh	nifH.fa	997	805	80.7422	1230.2237	581	192	19.2578	37	0.5000	20	10	5	0.2000	20	10	pass_mixed_possible_multitemplate
SCBI-9-2-Ro	nifH.fa	997	699	70.1103	75.5135	10	298	29.8897	20	0.4444	20	10	5	0.2000	20	10	pass_mixed_possible_multitemplate
SCBI-9-2-No	nifH.fa	997	688	69.0070	3106.5045	1313	309	30.9930	1	0.3966	20	10	5	0.2000	20	10	pass_single_dominant
SERC-1-1-Rh	nifH.fa	997	756	75.8275	39.4724	8	241	24.1725	0	0.5000	20	10	5	0.2000	20	10	pass_single_dominant
SERC-1-1-No	nifH.fa	997	685	68.7061	1283.5005	4	312	31.2939	0	0.5000	20	10	5	0.2000	20	10	pass_single_dominant
SERC-1-1-Ro	nifH.fa	997	776	77.8335	437.5436	59	221	22.1665	12	0.5000	20	10	5	0.2000	20	10	pass_mixed_possible_multitemplate
SERC-1-3-Rh	nifH.fa	997	720	72.2166	209.6941	56	277	27.7834	32	0.4912	20	10	5	0.2000	20	10	pass_mixed_possible_multitemplate
SERC-1-3-Ro	nifH.fa	997	687	68.9067	325.8977	44	310	31.0933	35	0.5000	20	10	5	0.2000	20	10	pass_mixed_possible_multitemplate
SERC-1-2-Rh	nifH.fa	997	607	60.8826	715.6911	50	390	39.1174	13	0.5000	20	10	5	0.2000	20	10	pass_mixed_possible_multitemplate
SERC-2-1-Rh	nifH.fa	997	730	73.2197	56.4293	11	267	26.7803	19	0.5000	20	10	5	0.2000	20	10	pass_mixed_possible_multitemplate
SERC-2-1-Ro	nifH.fa	997	780	78.2347	183.1745	5	217	21.7653	36	0.5000	20	10	5	0.2000	20	10	pass_mixed_possible_multitemplate
SERC-2-2-Rh	nifH.fa	997	729	73.1194	1609.2477	21	268	26.8806	20	0.4737	20	10	5	0.2000	20	10	pass_mixed_possible_multitemplate
SERC-2-1-No	nifH.fa	997	790	79.2377	1659.5717	4	207	20.7623	1	0.5000	20	10	5	0.2000	20	10	pass_single_dominant
SERC-3-1-Rh	nifH.fa	997	663	66.4995	292.5476	3	334	33.5005	9	0.5000	20	10	5	0.2000	20	10	pass_single_dominant
SERC-2-2-Ro	nifH.fa	997	619	62.0863	146.2528	1	378	37.9137	0	0.5000	20	10	5	0.2000	20	10	pass_single_dominant
SERC-3-1-Ro	nifH.fa	997	806	80.8425	44.1715	9	191	19.1575	9	0.5000	20	10	5	0.2000	20	10	pass_single_dominant
SERC-4-1-Rh	nifH.fa	997	600	60.1805	250.3340	2	397	39.8195	18	0.4692	20	10	5	0.2000	20	10	pass_mixed_possible_multitemplate
SERC-4-1-Ro	nifH.fa	997	700	70.2106	144.1785	131	297	29.7894	42	0.5000	20	10	5	0.2000	20	10	pass_mixed_possible_multitemplate
SERC-4-1-No	nifH.fa	997	790	79.2377	2520.9960	834	207	20.7623	1	0.4286	20	10	5	0.2000	20	10	pass_single_dominant
SERC-5-1-Rh	nifH.fa	997	801	80.3410	361.5617	273	196	19.6590	69	0.4970	20	10	5	0.2000	20	10	pass_mixed_possible_multitemplate
SERC-5-1-No	nifH.fa	997	832	83.4504	2721.4855	591	165	16.5496	26	0.5000	20	10	5	0.2000	20	10	pass_mixed_possible_multitemplate
SERC-6-1-Rh	nifH.fa	997	772	77.4323	1055.0461	14	225	22.5677	4	0.4375	20	10	5	0.2000	20	10	pass_single_dominant
SERC-6-1-Ro	nifH.fa	997	698	70.0100	49.6489	20	299	29.9900	45	0.4889	20	10	5	0.2000	20	10	pass_mixed_possible_multitemplate
SERC-7-1-No	nifH.fa	997	659	66.0983	2135.8666	11	338	33.9017	4	0.5000	20	10	5	0.2000	20	10	pass_single_dominant
SERC-7-1-Ro	nifH.fa	997	720	72.2166	116.6730	6	277	27.7834	17	0.5000	20	10	5	0.2000	20	10	pass_mixed_possible_multitemplate
SJER-1-1-No	nifH.fa	997	804	80.6419	2478.5687	74	193	19.3581	1	0.5000	20	10	5	0.2000	20	10	pass_single_dominant
SJER-1-1-Rh	nifH.fa	997	690	69.2076	2506.5316	1738	307	30.7924	21	0.4903	20	10	5	0.2000	20	10	pass_mixed_possible_multitemplate
SJER-1-1-Ro	nifH.fa	997	808	81.0431	148.2889	15	189	18.9569	21	0.5000	20	10	5	0.2000	20	10	pass_mixed_possible_multitemplate
SERC-6-1-No	nifH.fa	997	769	77.1314	2834.3892	28	228	22.8686	29	0.5000	20	10	5	0.2000	20	10	pass_mixed_possible_multitemplate
SJER-2-3-Rh	nifH.fa	997	776	77.8335	1886.0502	404	221	22.1665	21	0.5000	20	10	5	0.2000	20	10	pass_mixed_possible_multitemplate
SJER-2-3-Ro	nifH.fa	997	839	84.1525	1323.6911	414	158	15.8475	33	0.5000	20	10	5	0.2000	20	10	pass_mixed_possible_multitemplate
SJER-2-3-No	nifH.fa	997	816	81.8455	3506.1184	900	181	18.1545	5	0.5000	20	10	5	0.2000	20	10	pass_single_dominant
SJER-3-5-No	nifH.fa	997	732	73.4203	2170.8034	93	265	26.5797	25	0.4878	20	10	5	0.2000	20	10	pass_mixed_possible_multitemplate
SJER-3-5-Ro	nifH.fa	997	775	77.7332	363.0471	139	222	22.2668	62	0.5000	20	10	5	0.2000	20	10	pass_mixed_possible_multitemplate
SJER-3-5-Rh	nifH.fa	997	668	67.0010	1769.7834	208	329	32.9990	66	0.4943	20	10	5	0.2000	20	10	pass_mixed_possible_multitemplate
SJER-4-1-No	nifH.fa	997	718	72.0160	418.7252	163	279	27.9840	5	0.5000	20	10	5	0.2000	20	10	pass_single_dominant
SJER-4-1-Ro	nifH.fa	997	801	80.3410	130.8164	18	196	19.6590	13	0.5000	20	10	5	0.2000	20	10	pass_mixed_possible_multitemplate
SJER-4-1-Rh	nifH.fa	997	780	78.2347	199.9880	150	217	21.7653	18	0.5000	20	10	5	0.2000	20	10	pass_mixed_possible_multitemplate
SJER-5-1-Rh	nifH.fa	997	800	80.2407	1842.2818	215	197	19.7593	16	0.5000	20	10	5	0.2000	20	10	pass_mixed_possible_multitemplate
SJER-5-1-Ro	nifH.fa	997	791	79.3380	196.6911	48	206	20.6620	49	0.4814	20	10	5	0.2000	20	10	pass_mixed_possible_multitemplate
SJER-5-1-No	nifH.fa	997	761	76.3290	2308.0361	978	236	23.6710	23	0.4959	20	10	5	0.2000	20	10	pass_mixed_possible_multitemplate
SRER-10-1-Rh	nifH.fa	997	832	83.4504	5557.2698	7374	165	16.5496	6	0.3333	20	10	5	0.2000	20	10	pass_single_dominant
SRER-10-1-No	nifH.fa	997	824	82.6479	5062.4945	6752	173	17.3521	1	0.2559	20	10	5	0.2000	20	10	pass_single_dominant
SRER-10-1-Ro	nifH.fa	997	828	83.0491	5621.6259	7338	169	16.9509	27	0.4960	20	10	5	0.2000	20	10	pass_mixed_possible_multitemplate
SRER-11-1-Rh	nifH.fa	997	830	83.2497	36.1615	31	167	16.7503	30	0.5000	20	10	5	0.2000	20	10	pass_mixed_possible_multitemplate
SRER-11-1-Ro	nifH.fa	997	827	82.9488	34.9599	32	170	17.0512	46	0.5000	20	10	5	0.2000	20	10	pass_mixed_possible_multitemplate
SRER-11-1-No	nifH.fa	997	798	80.0401	5387.4584	7024	199	19.9599	25	0.4975	20	10	5	0.2000	20	10	pass_mixed_possible_multitemplate
SRER-1-1-Rh	nifH.fa	997	832	83.4504	331.7031	315	165	16.5496	46	0.5000	20	10	5	0.2000	20	10	pass_mixed_possible_multitemplate
SRER-1-1-Ro	nifH.fa	997	830	83.2497	212.3250	203	167	16.7503	11	0.4000	20	10	5	0.2000	20	10	pass_mixed_possible_multitemplate
SRER-1-1-No	nifH.fa	997	828	83.0491	5708.0461	7455	169	16.9509	0	0.0909	20	10	5	0.2000	20	10	pass_single_dominant
SRER-12-1-Rh	nifH.fa	997	825	82.7482	259.5005	29	172	17.2518	30	0.5000	20	10	5	0.2000	20	10	pass_mixed_possible_multitemplate
SRER-12-1-Ro	nifH.fa	997	833	83.5507	3774.3912	4349	164	16.4493	18	0.5000	20	10	5	0.2000	20	10	pass_mixed_possible_multitemplate
SRER-12-1-No	nifH.fa	997	806	80.8425	5899.5486	7704	191	19.1575	27	0.4794	20	10	5	0.2000	20	10	pass_mixed_possible_multitemplate
SRER-13-1-Rh	nifH.fa	997	828	83.0491	2590.5908	2878	169	16.9509	7	0.4093	20	10	5	0.2000	20	10	pass_single_dominant
SRER-13-1-Ro	nifH.fa	997	826	82.8485	2736.9589	2163	171	17.1515	0	0.1667	20	10	5	0.2000	20	10	pass_single_dominant
SRER-13-1-No	nifH.fa	997	831	83.3501	4950.0070	6823	166	16.6499	0	0.1979	20	10	5	0.2000	20	10	pass_single_dominant
SRER-14-1-Rh	nifH.fa	997	826	82.8485	689.9880	728	171	17.1515	27	0.5000	20	10	5	0.2000	20	10	pass_mixed_possible_multitemplate
SRER-14-1-Ro	nifH.fa	997	830	83.2497	50.9930	58	167	16.7503	16	0.4516	20	10	5	0.2000	20	10	pass_mixed_possible_multitemplate
SRER-15-1-No	nifH.fa	997	825	82.7482	5770.5858	7518	172	17.2518	8	0.4927	20	10	5	0.2000	20	10	pass_single_dominant
SRER-15-1-Rh	nifH.fa	997	833	83.5507	3735.4283	4405	164	16.4493	38	0.4991	20	10	5	0.2000	20	10	pass_mixed_possible_multitemplate
SRER-15-1-Ro	nifH.fa	997	833	83.5507	762.7773	758	164	16.4493	5	0.4787	20	10	5	0.2000	20	10	pass_single_dominant
SRER-16-1-No	nifH.fa	997	826	82.8485	5285.3501	7546	171	17.1515	0	0.4000	20	10	5	0.2000	20	10	pass_single_dominant
SRER-16-1-Rh	nifH.fa	997	824	82.6479	4056.5597	4293	173	17.3521	34	0.4926	20	10	5	0.2000	20	10	pass_mixed_possible_multitemplate
SRER-16-1-Ro	nifH.fa	997	832	83.4504	97.5898	123	165	16.5496	34	0.4803	20	10	5	0.2000	20	10	pass_mixed_possible_multitemplate
SRER-17-1-No	nifH.fa	997	833	83.5507	5849.4985	7703	164	16.4493	0	0.5000	20	10	5	0.2000	20	10	pass_single_dominant
SRER-17-1-Rh	nifH.fa	997	820	82.2467	177.0140	145	177	17.7533	45	0.4930	20	10	5	0.2000	20	10	pass_mixed_possible_multitemplate
SRER-17-1-Ro	nifH.fa	997	827	82.9488	22.4925	23	170	17.0512	35	0.4483	20	10	5	0.2000	20	10	pass_mixed_possible_multitemplate
SRER-18-1-No	nifH.fa	997	822	82.4473	84.9087	90	175	17.5527	60	0.5000	20	10	5	0.2000	20	10	pass_mixed_possible_multitemplate
SRER-18-1-Rh	nifH.fa	997	833	83.5507	5254.0040	6813	164	16.4493	0	0.1250	20	10	5	0.2000	20	10	pass_single_dominant
SRER-14-1-No	nifH.fa	997	832	83.4504	5797.9328	7614	165	16.5496	0	0.0714	20	10	5	0.2000	20	10	pass_single_dominant
SRER-18-1-Ro	nifH.fa	997	845	84.7543	4452.5587	5348	152	15.2457	0	0.3636	20	10	5	0.2000	20	10	pass_single_dominant
SRER-2-1-Rh	nifH.fa	997	809	81.1434	574.0281	520	188	18.8566	79	0.4968	20	10	5	0.2000	20	10	pass_mixed_possible_multitemplate
SRER-2-1-Ro	nifH.fa	997	821	82.3470	26.8225	14	176	17.6530	28	0.5000	20	10	5	0.2000	20	10	pass_mixed_possible_multitemplate
SRER-3-1-No	nifH.fa	997	826	82.8485	5863.7071	7610	171	17.1515	0	0.0239	20	10	5	0.2000	20	10	pass_single_dominant
SRER-3-1-Rh	nifH.fa	997	831	83.3501	563.3631	361	166	16.6499	19	0.4720	20	10	5	0.2000	20	10	pass_mixed_possible_multitemplate
SRER-3-1-Ro	nifH.fa	997	830	83.2497	270.4082	279	167	16.7503	0	0.5000	20	10	5	0.2000	20	10	pass_single_dominant
SRER-4-1-No	nifH.fa	997	804	80.6419	4638.5958	6432	193	19.3581	2	0.3333	20	10	5	0.2000	20	10	pass_single_dominant
SRER-4-1-Rh	nifH.fa	997	795	79.7392	896.4594	632	202	20.2608	25	0.4825	20	10	5	0.2000	20	10	pass_mixed_possible_multitemplate
SRER-4-1-Ro	nifH.fa	997	821	82.3470	34.7312	30	176	17.6530	48	0.5000	20	10	5	0.2000	20	10	pass_mixed_possible_multitemplate
SRER-2-1-No	nifH.fa	997	802	80.4413	5794.5406	7634	195	19.5587	0	0.0459	20	10	5	0.2000	20	10	pass_single_dominant
SRER-5-1-No	nifH.fa	997	832	83.4504	5944.2989	7745	165	16.5496	32	0.5000	20	10	5	0.2000	20	10	pass_mixed_possible_multitemplate
SRER-5-1-Ro	nifH.fa	997	817	81.9458	1663.5466	1532	180	18.0542	32	0.4871	20	10	5	0.2000	20	10	pass_mixed_possible_multitemplate
SRER-6-1-No	nifH.fa	997	832	83.4504	5872.5115	7606	165	16.5496	0	0.5000	20	10	5	0.2000	20	10	pass_single_dominant
SRER-6-1-Rh	nifH.fa	997	806	80.8425	8.7854	9	191	19.1575	4	0.5000	20	10	5	0.2000	20	10	pass_single_dominant
SRER-6-1-Ro	nifH.fa	997	834	83.6510	491.0682	485	163	16.3490	0	0.5000	20	10	5	0.2000	20	10	pass_single_dominant
SRER-5-1-Rh	nifH.fa	997	797	79.9398	5634.4794	7260	200	20.0602	1	0.2301	20	10	5	0.2000	20	10	pass_single_dominant
SRER-7-1-No	nifH.fa	997	829	83.1494	5801.3320	7496	168	16.8506	0	0.5000	20	10	5	0.2000	20	10	pass_single_dominant
SRER-7-1-Ro	nifH.fa	997	831	83.3501	2648.0291	2404	166	16.6499	3	0.4297	20	10	5	0.2000	20	10	pass_single_dominant
SRER-7-1-Rh	nifH.fa	997	826	82.8485	5697.3902	7371	171	17.1515	3	0.5000	20	10	5	0.2000	20	10	pass_single_dominant
SRER-8-1-Rh	nifH.fa	997	833	83.5507	565.6299	54	164	16.4493	18	0.5000	20	10	5	0.2000	20	10	pass_mixed_possible_multitemplate
SRER-8-1-Ro	nifH.fa	997	812	81.4443	607.5256	573	185	18.5557	1	0.3333	20	10	5	0.2000	20	10	pass_single_dominant
SRER-9-1-No	nifH.fa	997	804	80.6419	13.3019	11	193	19.3581	28	0.4828	20	10	5	0.2000	20	10	pass_mixed_possible_multitemplate
SRER-9-1-Rh	nifH.fa	997	830	83.2497	15.0160	13	167	16.7503	22	0.5000	20	10	5	0.2000	20	10	pass_mixed_possible_multitemplate
SRER-9-1-Ro	nifH.fa	997	825	82.7482	358.7182	386	172	17.2518	0	0.1953	20	10	5	0.2000	20	10	pass_single_dominant
SRER-8-1-No	nifH.fa	997	801	80.3410	5841.1083	7750	196	19.6590	0	0.0512	20	10	5	0.2000	20	10	pass_single_dominant
TALL-10-4-No	nifH.fa	997	815	81.7452	2882.0652	1946	182	18.2548	19	0.4996	20	10	5	0.2000	20	10	pass_mixed_possible_multitemplate
TALL-11-1-Rh	nifH.fa	997	601	60.2808	13.2026	2	396	39.7192	0	0.5000	20	10	5	0.2000	20	10	pass_single_dominant
TALL-11-1-Ro	nifH.fa	997	654	65.5968	167.8054	2	343	34.4032	0	0.5000	20	10	5	0.2000	20	10	pass_single_dominant
TALL-10-4-Rh	nifH.fa	997	793	79.5386	758.8425	6	204	20.4614	3	0.5000	20	10	5	0.2000	20	10	pass_single_dominant
TALL-1-1-No	nifH.fa	997	748	75.0251	127.9338	12	249	24.9749	8	0.5000	20	10	5	0.2000	20	10	pass_single_dominant
TALL-1-1-Rh	nifH.fa	997	768	77.0311	136.0010	9	229	22.9689	46	0.5000	20	10	5	0.2000	20	10	pass_mixed_possible_multitemplate
TALL-1-1-Ro	nifH.fa	997	727	72.9188	217.4493	10	270	27.0812	26	0.5000	20	10	5	0.2000	20	10	pass_mixed_possible_multitemplate
TALL-12-2-Rh	nifH.fa	997	770	77.2317	451.7192	10	227	22.7683	4	0.5000	20	10	5	0.2000	20	10	pass_single_dominant
TALL-12-2-Ro	nifH.fa	997	836	83.8516	2436.3250	512	161	16.1484	29	0.5000	20	10	5	0.2000	20	10	pass_mixed_possible_multitemplate
TALL-1-2-Rh	nifH.fa	997	639	64.0923	301.8656	33	358	35.9077	24	0.5000	20	10	5	0.2000	20	10	pass_mixed_possible_multitemplate
TALL-12-2-No	nifH.fa	997	833	83.5507	2803.0522	874	164	16.4493	2	0.4444	20	10	5	0.2000	20	10	pass_single_dominant
TALL-13-3-Rh	nifH.fa	997	791	79.3380	1594.1073	960	206	20.6620	17	0.4925	20	10	5	0.2000	20	10	pass_mixed_possible_multitemplate
TALL-13-3-Ro	nifH.fa	997	833	83.5507	2023.3821	1082	164	16.4493	6	0.5000	20	10	5	0.2000	20	10	pass_single_dominant
TALL-14-2-Ro	nifH.fa	997	669	67.1013	303.7944	4	328	32.8987	0	0.5000	20	10	5	0.2000	20	10	pass_single_dominant
TALL-13-3-No	nifH.fa	997	830	83.2497	5937.3801	7795	167	16.7503	2	0.5000	20	10	5	0.2000	20	10	pass_single_dominant
TALL-15-2-Rh	nifH.fa	997	780	78.2347	1614.1103	589	217	21.7653	5	0.3613	20	10	5	0.2000	20	10	pass_single_dominant
TALL-15-2-Ro	nifH.fa	997	808	81.0431	77.9930	65	189	18.9569	50	0.5000	20	10	5	0.2000	20	10	pass_mixed_possible_multitemplate
TALL-16-No	nifH.fa	997	794	79.6389	2240.9829	419	203	20.3611	4	0.5000	20	10	5	0.2000	20	10	pass_single_dominant
TALL-16-Rh	nifH.fa	997	807	80.9428	951.9970	951	190	19.0572	45	0.4887	20	10	5	0.2000	20	10	pass_mixed_possible_multitemplate
TALL-16-Ro	nifH.fa	997	814	81.6449	131.8676	14	183	18.3551	25	0.5000	20	10	5	0.2000	20	10	pass_mixed_possible_multitemplate
TALL-17-2-No	nifH.fa	997	835	83.7513	2735.6570	759	162	16.2487	36	0.4726	20	10	5	0.2000	20	10	pass_mixed_possible_multitemplate
TALL-17-2-Rh	nifH.fa	997	817	81.9458	323.6580	187	180	18.0542	23	0.4928	20	10	5	0.2000	20	10	pass_mixed_possible_multitemplate
TALL-18-1-No	nifH.fa	997	823	82.5476	2209.0231	546	174	17.4524	0	0.5000	20	10	5	0.2000	20	10	pass_single_dominant
TALL-18-1-Rh	nifH.fa	997	821	82.3470	2289.0502	1311	176	17.6530	14	0.5000	20	10	5	0.2000	20	10	pass_mixed_possible_multitemplate
TALL-18-1-Ro	nifH.fa	997	740	74.2227	344.0070	49	257	25.7773	1	0.5000	20	10	5	0.2000	20	10	pass_single_dominant
TALL-15-2-No	nifH.fa	997	833	83.5507	5622.2859	7484	164	16.4493	0	0.4444	20	10	5	0.2000	20	10	pass_single_dominant
TALL-19-2-Rh	nifH.fa	997	670	67.2016	104.0471	1	327	32.7984	1	0.5000	20	10	5	0.2000	20	10	pass_single_dominant
TALL-19-2-Ro	nifH.fa	997	630	63.1896	195.8586	14	367	36.8104	4	0.4738	20	10	5	0.2000	20	10	pass_single_dominant
TALL-20-1-No	nifH.fa	997	825	82.7482	2602.8415	466	172	17.2518	5	0.5000	20	10	5	0.2000	20	10	pass_single_dominant
TALL-20-1-Rh	nifH.fa	997	765	76.7302	1052.5908	3	232	23.2698	2	0.5000	20	10	5	0.2000	20	10	pass_single_dominant
TALL-20-1-Ro	nifH.fa	997	758	76.0281	925.4604	256	239	23.9719	14	0.5000	20	10	5	0.2000	20	10	pass_mixed_possible_multitemplate
TALL-19-2-No	nifH.fa	997	833	83.5507	3358.0752	789	164	16.4493	15	0.4667	20	10	5	0.2000	20	10	pass_mixed_possible_multitemplate
TALL-21-2-No	nifH.fa	997	743	74.5236	2294.0592	718	254	25.4764	34	0.4444	20	10	5	0.2000	20	10	pass_mixed_possible_multitemplate
TALL-21-2-Rh	nifH.fa	997	682	68.4052	1705.7763	604	315	31.5948	13	0.4583	20	10	5	0.2000	20	10	pass_mixed_possible_multitemplate
TALL-22-No	nifH.fa	997	777	77.9338	1637.0963	257	220	22.0662	36	0.4807	20	10	5	0.2000	20	10	pass_mixed_possible_multitemplate
TALL-21-2-Ro	nifH.fa	997	806	80.8425	2111.2929	1045	191	19.1575	40	0.5000	20	10	5	0.2000	20	10	pass_mixed_possible_multitemplate
TALL-22-Ro	nifH.fa	997	804	80.6419	16.6169	15	193	19.3581	8	0.5000	20	10	5	0.2000	20	10	pass_single_dominant
TALL-22-Rh	nifH.fa	997	782	78.4353	2790.0261	1371	215	21.5647	7	0.4122	20	10	5	0.2000	20	10	pass_single_dominant
TALL-23-2-No	nifH.fa	997	809	81.1434	2845.1715	1965	188	18.8566	42	0.5000	20	10	5	0.2000	20	10	pass_mixed_possible_multitemplate
TALL-23-2-Rh	nifH.fa	997	741	74.3230	1717.6299	834	256	25.6770	13	0.5000	20	10	5	0.2000	20	10	pass_mixed_possible_multitemplate
TALL-23-2-Ro	nifH.fa	997	827	82.9488	3727.6269	3457	170	17.0512	36	0.4747	20	10	5	0.2000	20	10	pass_mixed_possible_multitemplate
TALL-2-3-No	nifH.fa	997	816	81.8455	2764.7131	432	181	18.1545	15	0.5000	20	10	5	0.2000	20	10	pass_mixed_possible_multitemplate
TALL-2-3-Rh	nifH.fa	997	800	80.2407	2443.5918	1915	197	19.7593	28	0.5000	20	10	5	0.2000	20	10	pass_mixed_possible_multitemplate
TALL-2-3-Ro	nifH.fa	997	834	83.6510	2396.3952	2091	163	16.3490	44	0.5000	20	10	5	0.2000	20	10	pass_mixed_possible_multitemplate
TALL-24-2-Rh	nifH.fa	997	807	80.9428	2507.6018	1400	190	19.0572	32	0.5000	20	10	5	0.2000	20	10	pass_mixed_possible_multitemplate
TALL-24-2-Ro	nifH.fa	997	834	83.6510	149.1725	130	163	16.3490	74	0.4903	20	10	5	0.2000	20	10	pass_mixed_possible_multitemplate
TALL-24-2-No	nifH.fa	997	833	83.5507	5418.4534	7434	164	16.4493	4	0.3148	20	10	5	0.2000	20	10	pass_single_dominant
TALL-25-2-No	nifH.fa	997	835	83.7513	2752.4764	323	162	16.2487	7	0.4000	20	10	5	0.2000	20	10	pass_single_dominant
TALL-25-2-Ro	nifH.fa	997	815	81.7452	769.3310	524	182	18.2548	59	0.4931	20	10	5	0.2000	20	10	pass_mixed_possible_multitemplate
TALL-25-2-Rh	nifH.fa	997	834	83.6510	2319.4674	1797	163	16.3490	23	0.5000	20	10	5	0.2000	20	10	pass_mixed_possible_multitemplate
TALL-26-3-No	nifH.fa	997	774	77.6329	595.8345	53	223	22.3671	5	0.5000	20	10	5	0.2000	20	10	pass_single_dominant
TALL-26-3-Rh	nifH.fa	997	826	82.8485	191.1294	29	171	17.1515	1	0.4658	20	10	5	0.2000	20	10	pass_single_dominant
TALL-26-3-Ro	nifH.fa	997	729	73.1194	200.2578	89	268	26.8806	34	0.5000	20	10	5	0.2000	20	10	pass_mixed_possible_multitemplate
TALL-27-1-Ro	nifH.fa	997	791	79.3380	85.2086	12	206	20.6620	40	0.5000	20	10	5	0.2000	20	10	pass_mixed_possible_multitemplate
TALL-27-1-No	nifH.fa	997	686	68.8064	335.6941	87	311	31.1936	30	0.4789	20	10	5	0.2000	20	10	pass_mixed_possible_multitemplate
TALL-28-1-Rh	nifH.fa	997	779	78.1344	265.1184	5	218	21.8656	42	0.5000	20	10	5	0.2000	20	10	pass_mixed_possible_multitemplate
TALL-28-1-Ro	nifH.fa	997	829	83.1494	173.5466	37	168	16.8506	26	0.4815	20	10	5	0.2000	20	10	pass_mixed_possible_multitemplate
TALL-29-3-No	nifH.fa	997	835	83.7513	2619.6169	686	162	16.2487	39	0.4586	20	10	5	0.2000	20	10	pass_mixed_possible_multitemplate
TALL-28-1-No	nifH.fa	997	833	83.5507	2888.8275	1294	164	16.4493	35	0.5000	20	10	5	0.2000	20	10	pass_mixed_possible_multitemplate
TALL-29-3-Ro	nifH.fa	997	832	83.4504	76.4724	82	165	16.5496	89	0.5000	20	10	5	0.2000	20	10	pass_mixed_possible_multitemplate
TALL-29-3-Rh	nifH.fa	997	832	83.4504	1123.8826	297	165	16.5496	55	0.5000	20	10	5	0.2000	20	10	pass_mixed_possible_multitemplate
TALL-30-1-No	nifH.fa	997	832	83.4504	1153.7693	484	165	16.5496	29	0.5000	20	10	5	0.2000	20	10	pass_mixed_possible_multitemplate
TALL-30-1-Ro	nifH.fa	997	843	84.5537	454.1775	152	154	15.4463	96	0.4964	20	10	5	0.2000	20	10	pass_mixed_possible_multitemplate
TALL-31-1-No	nifH.fa	997	834	83.6510	2778.6550	2005	163	16.3490	36	0.4741	20	10	5	0.2000	20	10	pass_mixed_possible_multitemplate
TALL-30-1-Rh	nifH.fa	997	833	83.5507	3723.1174	3880	164	16.4493	85	0.4906	20	10	5	0.2000	20	10	pass_mixed_possible_multitemplate
TALL-31-1-Rh	nifH.fa	997	833	83.5507	2327.3290	1640	164	16.4493	59	0.4941	20	10	5	0.2000	20	10	pass_mixed_possible_multitemplate
TALL-31-1-Ro	nifH.fa	997	779	78.1344	139.9238	69	218	21.8656	23	0.4707	20	10	5	0.2000	20	10	pass_mixed_possible_multitemplate
TALL-3-1-Ro	nifH.fa	997	676	67.8034	38.4554	9	321	32.1966	20	0.5000	20	10	5	0.2000	20	10	pass_mixed_possible_multitemplate
TALL-32-1-Rh	nifH.fa	997	834	83.6510	2812.4885	1975	163	16.3490	47	0.4994	20	10	5	0.2000	20	10	pass_mixed_possible_multitemplate
TALL-32-1-No	nifH.fa	997	829	83.1494	2824.0792	1410	168	16.8506	31	0.5000	20	10	5	0.2000	20	10	pass_mixed_possible_multitemplate
TALL-32-1-Ro	nifH.fa	997	775	77.7332	468.2638	13	222	22.2668	35	0.4916	20	10	5	0.2000	20	10	pass_mixed_possible_multitemplate
TALL-33-1-Rh	nifH.fa	997	834	83.6510	2303.3581	1471	163	16.3490	38	0.5000	20	10	5	0.2000	20	10	pass_mixed_possible_multitemplate
TALL-33-1-Ro	nifH.fa	997	614	61.5848	15.2718	1	383	38.4152	0	0.5000	20	10	5	0.2000	20	10	pass_single_dominant
TALL-33-1-No	nifH.fa	997	821	82.3470	2431.0391	164	176	17.6530	41	0.4822	20	10	5	0.2000	20	10	pass_mixed_possible_multitemplate
TALL-34-1-No	nifH.fa	997	766	76.8305	3214.7593	2955	231	23.1695	40	0.4345	20	10	5	0.2000	20	10	pass_mixed_possible_multitemplate
TALL-34-1-Rh	nifH.fa	997	713	71.5145	2805.4162	1995	284	28.4855	24	0.4919	20	10	5	0.2000	20	10	pass_mixed_possible_multitemplate
TALL-34-1-Ro	nifH.fa	997	687	68.9067	131.0893	22	310	31.0933	9	0.5000	20	10	5	0.2000	20	10	pass_single_dominant
TALL-35-1-No	nifH.fa	997	768	77.0311	2329.8455	1804	229	22.9689	18	0.5000	20	10	5	0.2000	20	10	pass_mixed_possible_multitemplate
TALL-35-1-Ro	nifH.fa	997	797	79.9398	62.8024	12	200	20.0602	48	0.5000	20	10	5	0.2000	20	10	pass_mixed_possible_multitemplate
TALL-35-1-Rh	nifH.fa	997	695	69.7091	2828.4504	1936	302	30.2909	6	0.4534	20	10	5	0.2000	20	10	pass_single_dominant
TALL-36-1-No	nifH.fa	997	703	70.5115	2659.8315	1008	294	29.4885	12	0.3653	20	10	5	0.2000	20	10	pass_mixed_possible_multitemplate
TALL-36-1-Rh	nifH.fa	997	707	70.9127	2693.4453	2774	290	29.0873	25	0.4879	20	10	5	0.2000	20	10	pass_mixed_possible_multitemplate
TALL-36-1-Ro	nifH.fa	997	798	80.0401	894.6459	314	199	19.9599	13	0.5000	20	10	5	0.2000	20	10	pass_mixed_possible_multitemplate
TALL-37-1-No	nifH.fa	997	625	62.6881	195.8365	2	372	37.3119	0	0.4286	20	10	5	0.2000	20	10	pass_single_dominant
TALL-37-1-Ro	nifH.fa	997	681	68.3049	39.1815	9	316	31.6951	32	0.5000	20	10	5	0.2000	20	10	pass_mixed_possible_multitemplate
TALL-38-3-No	nifH.fa	997	670	67.2016	2123.8776	7	327	32.7984	0	0.3333	20	10	5	0.2000	20	10	pass_single_dominant
TALL-37-1-Rh	nifH.fa	997	806	80.8425	3446.1595	3075	191	19.1575	25	0.4977	20	10	5	0.2000	20	10	pass_mixed_possible_multitemplate
TALL-38-3-Ro	nifH.fa	997	709	71.1133	36.6600	15	288	28.8867	24	0.4839	20	10	5	0.2000	20	10	pass_mixed_possible_multitemplate
TALL-38-3-Rh	nifH.fa	997	711	71.3139	2843.8265	1755	286	28.6861	21	0.4888	20	10	5	0.2000	20	10	pass_mixed_possible_multitemplate
TALL-39-2-Rh	nifH.fa	997	811	81.3440	626.2036	4	186	18.6560	8	0.5000	20	10	5	0.2000	20	10	pass_single_dominant
TALL-39-2-Ro	nifH.fa	997	699	70.1103	95.4704	33	298	29.8897	46	0.5000	20	10	5	0.2000	20	10	pass_mixed_possible_multitemplate
TALL-39-2-No	nifH.fa	997	789	79.1374	2618.0441	11	208	20.8626	1	0.5000	20	10	5	0.2000	20	10	pass_single_dominant
TALL-40-1-Rh	nifH.fa	997	708	71.0130	1540.8205	512	289	28.9870	12	0.4943	20	10	5	0.2000	20	10	pass_mixed_possible_multitemplate
TALL-40-1-Ro	nifH.fa	997	833	83.5507	141.7803	35	164	16.4493	66	0.5000	20	10	5	0.2000	20	10	pass_mixed_possible_multitemplate
TALL-40-1-No	nifH.fa	997	764	76.6299	1852.3240	20	233	23.3701	12	0.5000	20	10	5	0.2000	20	10	pass_mixed_possible_multitemplate
TALL-41-3-No	nifH.fa	997	705	70.7121	2666.3420	826	292	29.2879	0	0.5000	20	10	5	0.2000	20	10	pass_single_dominant
TALL-41-3-Rh	nifH.fa	997	709	71.1133	3107.2197	2395	288	28.8867	12	0.4133	20	10	5	0.2000	20	10	pass_mixed_possible_multitemplate
TALL-41-3-Ro	nifH.fa	997	675	67.7031	11.3511	9	322	32.2969	23	0.5000	20	10	5	0.2000	20	10	pass_mixed_possible_multitemplate
TALL-4-1-Rh	nifH.fa	997	769	77.1314	170.6309	6	228	22.8686	17	0.5000	20	10	5	0.2000	20	10	pass_mixed_possible_multitemplate
TALL-42-1-No	nifH.fa	997	709	71.1133	1850.4614	91	288	28.8867	17	0.4994	20	10	5	0.2000	20	10	pass_mixed_possible_multitemplate
TALL-4-1-No	nifH.fa	997	689	69.1073	2178.7111	18	308	30.8927	4	0.4444	20	10	5	0.2000	20	10	pass_single_dominant
TALL-43-1-No	nifH.fa	997	723	72.5176	14.8987	6	274	27.4824	33	0.5000	20	10	5	0.2000	20	10	pass_mixed_possible_multitemplate
TALL-42-1-Rh	nifH.fa	997	702	70.4112	1249.8024	587	295	29.5888	19	0.4737	20	10	5	0.2000	20	10	pass_mixed_possible_multitemplate
TALL-43-1-Rh	nifH.fa	997	789	79.1374	591.0542	757	208	20.8626	17	0.5000	20	10	5	0.2000	20	10	pass_mixed_possible_multitemplate
TALL-43-1-Ro	nifH.fa	997	815	81.7452	573.3079	286	182	18.2548	21	0.5000	20	10	5	0.2000	20	10	pass_mixed_possible_multitemplate
TALL-44-1-Rh	nifH.fa	997	826	82.8485	3292.3480	3926	171	17.1515	11	0.4648	20	10	5	0.2000	20	10	pass_mixed_possible_multitemplate
TALL-44-1-Ro	nifH.fa	997	693	69.5085	22.6981	9	304	30.4915	50	0.5000	20	10	5	0.2000	20	10	pass_mixed_possible_multitemplate
TALL-44-1-No	nifH.fa	997	832	83.4504	2809.0201	1305	165	16.5496	2	0.5000	20	10	5	0.2000	20	10	pass_single_dominant
TALL-45-1-Rh	nifH.fa	997	710	71.2136	480.5597	226	287	28.7864	26	0.4951	20	10	5	0.2000	20	10	pass_mixed_possible_multitemplate
TALL-45-1-Ro	nifH.fa	997	718	72.0160	14.9980	15	279	27.9840	36	0.5000	20	10	5	0.2000	20	10	pass_mixed_possible_multitemplate
TALL-45-1-No	nifH.fa	997	759	76.1284	2079.6961	65	238	23.8716	16	0.4964	20	10	5	0.2000	20	10	pass_mixed_possible_multitemplate
TALL-46-2-Rh	nifH.fa	997	684	68.6058	305.0502	28	313	31.3942	3	0.5000	20	10	5	0.2000	20	10	pass_single_dominant
TALL-46-2-Ro	nifH.fa	997	744	74.6239	40.8415	14	253	25.3761	48	0.5000	20	10	5	0.2000	20	10	pass_mixed_possible_multitemplate
TALL-46-2-No	nifH.fa	997	845	84.7543	2444.4504	532	152	15.2457	18	0.4819	20	10	5	0.2000	20	10	pass_mixed_possible_multitemplate
TALL-47-2-Rh	nifH.fa	997	833	83.5507	2162.2367	1319	164	16.4493	64	0.4756	20	10	5	0.2000	20	10	pass_mixed_possible_multitemplate
TALL-47-2-Ro	nifH.fa	997	747	74.9248	699.1224	404	250	25.0752	13	0.5000	20	10	5	0.2000	20	10	pass_mixed_possible_multitemplate
TALL-48-2-No	nifH.fa	997	785	78.7362	2239.1846	1923	212	21.2638	2	0.4667	20	10	5	0.2000	20	10	pass_single_dominant
TALL-48-2-Rh	nifH.fa	997	815	81.7452	889.2788	389	182	18.2548	31	0.4850	20	10	5	0.2000	20	10	pass_mixed_possible_multitemplate
TALL-47-2-No	nifH.fa	997	835	83.7513	2896.0782	1769	162	16.2487	44	0.4878	20	10	5	0.2000	20	10	pass_mixed_possible_multitemplate
TALL-48-2-Ro	nifH.fa	997	751	75.3260	291.9328	84	246	24.6740	12	0.4717	20	10	5	0.2000	20	10	pass_mixed_possible_multitemplate
TALL-49-1-Rh	nifH.fa	997	798	80.0401	771.5236	424	199	19.9599	7	0.3815	20	10	5	0.2000	20	10	pass_single_dominant
TALL-49-1-Ro	nifH.fa	997	795	79.7392	103.5206	63	202	20.2608	36	0.4750	20	10	5	0.2000	20	10	pass_mixed_possible_multitemplate
TALL-49-1-No	nifH.fa	997	768	77.0311	2841.8997	1004	229	22.9689	0	0.5000	20	10	5	0.2000	20	10	pass_single_dominant
TALL-50-1-Rh	nifH.fa	997	801	80.3410	670.0742	498	196	19.6590	12	0.5000	20	10	5	0.2000	20	10	pass_mixed_possible_multitemplate
TALL-50-1-Ro	nifH.fa	997	833	83.5507	134.0451	92	164	16.4493	40	0.5000	20	10	5	0.2000	20	10	pass_mixed_possible_multitemplate
TALL-50-1-No	nifH.fa	997	811	81.3440	2780.0682	67	186	18.6560	4	0.5000	20	10	5	0.2000	20	10	pass_single_dominant
TALL-51-3-Ro	nifH.fa	997	658	65.9980	18.6319	1	339	34.0020	0	0.5000	20	10	5	0.2000	20	10	pass_single_dominant
TALL-52-1-No	nifH.fa	997	829	83.1494	483.2066	538	168	16.8506	1	0.4286	20	10	5	0.2000	20	10	pass_single_dominant
TALL-52-1-Ro	nifH.fa	997	800	80.2407	47.7352	32	197	19.7593	55	0.5000	20	10	5	0.2000	20	10	pass_mixed_possible_multitemplate
TALL-5-2-No	nifH.fa	997	834	83.6510	473.5968	26	163	16.3490	18	0.5000	20	10	5	0.2000	20	10	pass_mixed_possible_multitemplate
TALL-5-2-Rh	nifH.fa	997	673	67.5025	21.2538	3	324	32.4975	14	0.5000	20	10	5	0.2000	20	10	pass_mixed_possible_multitemplate
TALL-5-2-Ro	nifH.fa	997	842	84.4534	108.5908	89	155	15.5466	59	0.5000	20	10	5	0.2000	20	10	pass_mixed_possible_multitemplate
TALL-51-3-No	nifH.fa	997	731	73.3200	2933.1525	1415	266	26.6800	2	0.5000	20	10	5	0.2000	20	10	pass_single_dominant
TALL-53-3-Rh	nifH.fa	997	620	62.1866	1952.6560	72	377	37.8134	10	0.5000	20	10	5	0.2000	20	10	pass_single_dominant
TALL-53-3-Ro	nifH.fa	997	836	83.8516	184.9047	71	161	16.1484	41	0.5000	20	10	5	0.2000	20	10	pass_mixed_possible_multitemplate
TALL-53-3-No	nifH.fa	997	822	82.4473	3025.5135	849	175	17.5527	15	0.5000	20	10	5	0.2000	20	10	pass_mixed_possible_multitemplate
TALL-54-1-Rh	nifH.fa	997	677	67.9037	19.5597	2	320	32.0963	22	0.5000	20	10	5	0.2000	20	10	pass_mixed_possible_multitemplate
TALL-54-1-Ro	nifH.fa	997	713	71.5145	54.5858	4	284	28.4855	43	0.5000	20	10	5	0.2000	20	10	pass_mixed_possible_multitemplate
TALL-55-1-No	nifH.fa	997	834	83.6510	2916.9539	40	163	16.3490	26	0.5000	20	10	5	0.2000	20	10	pass_mixed_possible_multitemplate
TALL-55-1-Rh	nifH.fa	997	671	67.3019	215.0040	33	326	32.6981	9	0.5000	20	10	5	0.2000	20	10	pass_single_dominant
TALL-55-1-Ro	nifH.fa	997	748	75.0251	59.8495	38	249	24.9749	55	0.5000	20	10	5	0.2000	20	10	pass_mixed_possible_multitemplate
TALL-56-1-No	nifH.fa	997	832	83.4504	2762.1123	1602	165	16.5496	27	0.5000	20	10	5	0.2000	20	10	pass_mixed_possible_multitemplate
TALL-56-1-Rh	nifH.fa	997	700	70.2106	47.1494	19	297	29.7894	19	0.4444	20	10	5	0.2000	20	10	pass_mixed_possible_multitemplate
TALL-56-1-Ro	nifH.fa	997	701	70.3109	29.0060	4	296	29.6891	17	0.5000	20	10	5	0.2000	20	10	pass_mixed_possible_multitemplate
TALL-54-1-No	nifH.fa	997	625	62.6881	2640.6620	18	372	37.3119	1	0.3505	20	10	5	0.2000	20	10	pass_single_dominant
TALL-57-2-Rh	nifH.fa	997	704	70.6118	102.9960	32	293	29.3882	29	0.4950	20	10	5	0.2000	20	10	pass_mixed_possible_multitemplate
TALL-57-2-Ro	nifH.fa	997	678	68.0040	7.2548	2	319	31.9960	0	0.5000	20	10	5	0.2000	20	10	pass_single_dominant
TALL-57-2-No	nifH.fa	997	641	64.2929	1133.2136	2	356	35.7071	1	0.5000	20	10	5	0.2000	20	10	pass_single_dominant
TALL-58-1-Rh	nifH.fa	997	653	65.4965	30.5838	3	344	34.5035	1	0.5000	20	10	5	0.2000	20	10	pass_single_dominant
TALL-58-1-Ro	nifH.fa	997	670	67.2016	35.3159	23	327	32.7984	18	0.5000	20	10	5	0.2000	20	10	pass_mixed_possible_multitemplate
TALL-58-1-No	nifH.fa	997	606	60.7823	587.9619	23	391	39.2177	10	0.4074	20	10	5	0.2000	20	10	pass_single_dominant
TALL-59-1-Rh	nifH.fa	997	653	65.4965	169.4734	2	344	34.5035	1	0.4000	20	10	5	0.2000	20	10	pass_single_dominant
TALL-59-1-Ro	nifH.fa	997	681	68.3049	124.4835	27	316	31.6951	52	0.4951	20	10	5	0.2000	20	10	pass_mixed_possible_multitemplate
TALL-59-1-No	nifH.fa	997	806	80.8425	1667.5256	5	191	19.1575	19	0.5000	20	10	5	0.2000	20	10	pass_mixed_possible_multitemplate
TALL-60-1-Rh	nifH.fa	997	795	79.7392	677.2116	74	202	20.2608	15	0.5000	20	10	5	0.2000	20	10	pass_mixed_possible_multitemplate
TALL-61-3-Rh	nifH.fa	997	773	77.5326	865.1765	199	224	22.4674	61	0.5000	20	10	5	0.2000	20	10	pass_mixed_possible_multitemplate
TALL-62-1-No	nifH.fa	997	700	70.2106	2762.6199	575	297	29.7894	1	0.3333	20	10	5	0.2000	20	10	pass_single_dominant
TALL-62-1-Rh	nifH.fa	997	653	65.4965	229.1244	2	344	34.5035	0	0.5000	20	10	5	0.2000	20	10	pass_single_dominant
TALL-60-1-No	nifH.fa	997	835	83.7513	2414.5767	366	162	16.2487	56	0.5000	20	10	5	0.2000	20	10	pass_mixed_possible_multitemplate
TALL-62-1-Ro	nifH.fa	997	761	76.3290	56.8686	5	236	23.6710	14	0.5000	20	10	5	0.2000	20	10	pass_mixed_possible_multitemplate
TALL-6-2-No	nifH.fa	997	614	61.5848	227.4042	5	383	38.4152	13	0.5000	20	10	5	0.2000	20	10	pass_mixed_possible_multitemplate
TALL-6-2-Ro	nifH.fa	997	772	77.4323	41.6419	4	225	22.5677	45	0.4795	20	10	5	0.2000	20	10	pass_mixed_possible_multitemplate
TALL-6-2-Rh	nifH.fa	997	630	63.1896	280.4684	3	367	36.8104	1	0.5000	20	10	5	0.2000	20	10	pass_single_dominant
TALL-63-1-Rh	nifH.fa	997	785	78.7362	114.9067	10	212	21.2638	9	0.5000	20	10	5	0.2000	20	10	pass_single_dominant
TALL-63-1-Ro	nifH.fa	997	833	83.5507	16.6299	8	164	16.4493	22	0.5000	20	10	5	0.2000	20	10	pass_mixed_possible_multitemplate
TALL-63-1-No	nifH.fa	997	771	77.3320	2345.7653	59	226	22.6680	1	0.5000	20	10	5	0.2000	20	10	pass_single_dominant
TALL-64-1-Ro	nifH.fa	997	842	84.4534	240.1174	206	155	15.5466	23	0.4335	20	10	5	0.2000	20	10	pass_mixed_possible_multitemplate
TALL-64-1-No	nifH.fa	997	836	83.8516	4307.8124	5684	161	16.1484	0	0.5000	20	10	5	0.2000	20	10	pass_single_dominant
TALL-65-1-Rh	nifH.fa	997	712	71.4142	270.6580	180	285	28.5858	37	0.5000	20	10	5	0.2000	20	10	pass_mixed_possible_multitemplate
TALL-65-1-Ro	nifH.fa	997	840	84.2528	22.1505	14	157	15.7472	57	0.5000	20	10	5	0.2000	20	10	pass_mixed_possible_multitemplate
TALL-65-1-No	nifH.fa	997	777	77.9338	1749.4213	32	220	22.0662	14	0.4762	20	10	5	0.2000	20	10	pass_mixed_possible_multitemplate
TALL-66-2-No	nifH.fa	997	839	84.1525	1697.2257	12	158	15.8475	1	0.4545	20	10	5	0.2000	20	10	pass_single_dominant
TALL-66-2-Rh	nifH.fa	997	756	75.8275	69.5988	4	241	24.1725	8	0.5000	20	10	5	0.2000	20	10	pass_single_dominant
TALL-66-2-Ro	nifH.fa	997	759	76.1284	17.9258	12	238	23.8716	35	0.4821	20	10	5	0.2000	20	10	pass_mixed_possible_multitemplate
TALL-67-1-No	nifH.fa	997	768	77.0311	1649.2598	60	229	22.9689	9	0.5000	20	10	5	0.2000	20	10	pass_single_dominant
TALL-67-1-Ro	nifH.fa	997	842	84.4534	43.7392	34	155	15.5466	94	0.4900	20	10	5	0.2000	20	10	pass_mixed_possible_multitemplate
TALL-67-1-Rh	nifH.fa	997	827	82.9488	2192.4002	748	170	17.0512	27	0.5000	20	10	5	0.2000	20	10	pass_mixed_possible_multitemplate
TALL-68-2-Rh	nifH.fa	997	835	83.7513	933.5878	455	162	16.2487	28	0.5000	20	10	5	0.2000	20	10	pass_mixed_possible_multitemplate
TALL-68-2-Ro	nifH.fa	997	833	83.5507	99.1214	75	164	16.4493	51	0.5000	20	10	5	0.2000	20	10	pass_mixed_possible_multitemplate
TALL-69-1-No	nifH.fa	997	834	83.6510	2409.9990	1449	163	16.3490	38	0.4929	20	10	5	0.2000	20	10	pass_mixed_possible_multitemplate
TALL-69-1-Rh	nifH.fa	997	835	83.7513	3709.7523	4994	162	16.2487	11	0.4729	20	10	5	0.2000	20	10	pass_mixed_possible_multitemplate
TALL-69-1-Ro	nifH.fa	997	805	80.7422	34.6810	18	192	19.2578	25	0.5000	20	10	5	0.2000	20	10	pass_mixed_possible_multitemplate
TALL-68-2-No	nifH.fa	997	808	81.0431	3389.6730	2713	189	18.9569	41	0.4958	20	10	5	0.2000	20	10	pass_mixed_possible_multitemplate
TALL-70-1-Rh	nifH.fa	997	821	82.3470	208.1364	15	176	17.6530	30	0.5000	20	10	5	0.2000	20	10	pass_mixed_possible_multitemplate
TALL-71-2-No	nifH.fa	997	835	83.7513	1351.9348	25	162	16.2487	11	0.5000	20	10	5	0.2000	20	10	pass_mixed_possible_multitemplate
TALL-70-1-No	nifH.fa	997	789	79.1374	1976.0471	26	208	20.8626	11	0.5000	20	10	5	0.2000	20	10	pass_mixed_possible_multitemplate
TALL-71-2-Ro	nifH.fa	997	591	59.2778	7.0963	3	406	40.7222	0	0.5000	20	10	5	0.2000	20	10	fail_high_N
TALL-71-2-Rh	nifH.fa	997	798	80.0401	1331.9669	317	199	19.9599	43	0.4860	20	10	5	0.2000	20	10	pass_mixed_possible_multitemplate
TALL-72-1-No	nifH.fa	997	843	84.5537	2083.3149	137	154	15.4463	67	0.4981	20	10	5	0.2000	20	10	pass_mixed_possible_multitemplate
TALL-72-1-Ro	nifH.fa	997	838	84.0522	3278.2056	2572	159	15.9478	75	0.4962	20	10	5	0.2000	20	10	pass_mixed_possible_multitemplate
TALL-72-2-Rh	nifH.fa	997	772	77.4323	2918.3531	2980	225	22.5677	69	0.4987	20	10	5	0.2000	20	10	pass_mixed_possible_multitemplate
TALL-72-2-No	nifH.fa	997	836	83.8516	2117.3601	278	161	16.1484	37	0.4947	20	10	5	0.2000	20	10	pass_mixed_possible_multitemplate
TALL-72-3-No	nifH.fa	997	836	83.8516	2342.2708	1136	161	16.1484	85	0.4920	20	10	5	0.2000	20	10	pass_mixed_possible_multitemplate
TALL-7-2-No	nifH.fa	997	800	80.2407	1990.1174	1612	197	19.7593	40	0.4953	20	10	5	0.2000	20	10	pass_mixed_possible_multitemplate
TALL-7-2-Rh	nifH.fa	997	675	67.7031	1156.2046	487	322	32.2969	3	0.4235	20	10	5	0.2000	20	10	pass_single_dominant
TALL-7-2-Ro	nifH.fa	997	663	66.4995	21.8546	7	334	33.5005	7	0.5000	20	10	5	0.2000	20	10	pass_single_dominant
TALL-73-1-Rh	nifH.fa	997	620	62.1866	200.0963	55	377	37.8134	16	0.4904	20	10	5	0.2000	20	10	pass_mixed_possible_multitemplate
TALL-73-2-No	nifH.fa	997	832	83.4504	20.9188	13	165	16.5496	59	0.5000	20	10	5	0.2000	20	10	pass_mixed_possible_multitemplate
TALL-73-2-Rh	nifH.fa	997	824	82.6479	302.7793	125	173	17.3521	78	0.5000	20	10	5	0.2000	20	10	pass_mixed_possible_multitemplate
TALL-73-2-Ro	nifH.fa	997	832	83.4504	111.0993	4	165	16.5496	0	0.5000	20	10	5	0.2000	20	10	pass_single_dominant
TALL-73-3-No	nifH.fa	997	611	61.2839	247.3922	2	386	38.7161	31	0.5000	20	10	5	0.2000	20	10	pass_mixed_possible_multitemplate
TALL-74-3-No	nifH.fa	997	833	83.5507	2593.6359	57	164	16.4493	34	0.4783	20	10	5	0.2000	20	10	pass_mixed_possible_multitemplate
TALL-74-3-Rh	nifH.fa	997	833	83.5507	3957.5486	3877	164	16.4493	36	0.5000	20	10	5	0.2000	20	10	pass_mixed_possible_multitemplate
TALL-74-3-Ro	nifH.fa	997	832	83.4504	104.8947	66	165	16.5496	41	0.5000	20	10	5	0.2000	20	10	pass_mixed_possible_multitemplate
TALL-75-2-No	nifH.fa	997	825	82.7482	367.8285	5	172	17.2518	5	0.5000	20	10	5	0.2000	20	10	pass_single_dominant
TALL-75-2-Rh	nifH.fa	997	742	74.4233	29.1545	2	255	25.5767	0	0.5000	20	10	5	0.2000	20	10	pass_single_dominant
TALL-75-2-Ro	nifH.fa	997	730	73.2197	8.0602	2	267	26.7803	13	0.5000	20	10	5	0.2000	20	10	pass_mixed_possible_multitemplate
TALL-76-3-No	nifH.fa	997	799	80.1404	2388.7974	26	198	19.8596	5	0.5000	20	10	5	0.2000	20	10	pass_single_dominant
TALL-76-3-Rh	nifH.fa	997	689	69.1073	1660.3370	99	308	30.8927	27	0.5000	20	10	5	0.2000	20	10	pass_mixed_possible_multitemplate
TALL-76-3-Ro	nifH.fa	997	778	78.0341	302.2849	125	219	21.9659	12	0.5000	20	10	5	0.2000	20	10	pass_mixed_possible_multitemplate
TALL-78-2-No	nifH.fa	997	845	84.7543	2127.9288	14	152	15.2457	4	0.5000	20	10	5	0.2000	20	10	pass_single_dominant
TALL-78-2-Rh	nifH.fa	997	804	80.6419	11.1515	4	193	19.3581	19	0.5000	20	10	5	0.2000	20	10	pass_mixed_possible_multitemplate
TALL-79-1-No	nifH.fa	997	725	72.7182	2266.7944	15	272	27.2818	1	0.5000	20	10	5	0.2000	20	10	pass_single_dominant
TALL-79-1-Rh	nifH.fa	997	745	74.7242	16.3922	8	252	25.2758	23	0.5000	20	10	5	0.2000	20	10	pass_mixed_possible_multitemplate
TALL-79-1-Ro	nifH.fa	997	793	79.5386	86.8465	4	204	20.4614	13	0.5000	20	10	5	0.2000	20	10	pass_mixed_possible_multitemplate
TALL-80-1-No	nifH.fa	997	752	75.4263	909.4203	8	245	24.5737	8	0.5000	20	10	5	0.2000	20	10	pass_single_dominant
TALL-80-1-Rh	nifH.fa	997	810	81.2437	9.6449	3	187	18.7563	23	0.5000	20	10	5	0.2000	20	10	pass_mixed_possible_multitemplate
TALL-80-1-Ro	nifH.fa	997	654	65.5968	313.0431	5	343	34.4032	37	0.4982	20	10	5	0.2000	20	10	pass_mixed_possible_multitemplate
TALL-81-1-Rh	nifH.fa	997	717	71.9157	2033.2728	398	280	28.0843	21	0.5000	20	10	5	0.2000	20	10	pass_mixed_possible_multitemplate
TALL-81-1-Ro	nifH.fa	997	655	65.6971	163.4243	8	342	34.3029	5	0.4615	20	10	5	0.2000	20	10	pass_single_dominant
TALL-8-1-Rh	nifH.fa	997	644	64.5938	1330.1655	281	353	35.4062	45	0.4988	20	10	5	0.2000	20	10	pass_mixed_possible_multitemplate
TALL-82-2-Rh	nifH.fa	997	739	74.1224	542.0020	239	258	25.8776	34	0.4933	20	10	5	0.2000	20	10	pass_mixed_possible_multitemplate
TALL-8-2-No	nifH.fa	997	833	83.5507	1317.7533	34	164	16.4493	27	0.5000	20	10	5	0.2000	20	10	pass_mixed_possible_multitemplate
TALL-8-2-Rh	nifH.fa	997	787	78.9368	1014.0853	142	210	21.0632	3	0.5000	20	10	5	0.2000	20	10	pass_single_dominant
TALL-8-2-Ro	nifH.fa	997	817	81.9458	1052.8134	377	180	18.0542	37	0.5000	20	10	5	0.2000	20	10	pass_mixed_possible_multitemplate
TALL-83-1-No	nifH.fa	997	702	70.4112	2218.3721	53	295	29.5888	9	0.4600	20	10	5	0.2000	20	10	pass_single_dominant
TALL-83-2-No	nifH.fa	997	726	72.8185	1709.3250	71	271	27.1815	16	0.4674	20	10	5	0.2000	20	10	pass_mixed_possible_multitemplate
TALL-83-2-Rh	nifH.fa	997	720	72.2166	1704.8104	4	277	27.7834	27	0.5000	20	10	5	0.2000	20	10	pass_mixed_possible_multitemplate
TALL-83-2-Ro	nifH.fa	997	647	64.8947	10.2578	3	350	35.1053	28	0.5000	20	10	5	0.2000	20	10	pass_mixed_possible_multitemplate
TALL-83-3-No	nifH.fa	997	702	70.4112	1571.9077	38	295	29.5888	7	0.4876	20	10	5	0.2000	20	10	pass_single_dominant
TALL-83-3-Rh	nifH.fa	997	681	68.3049	610.7492	194	316	31.6951	10	0.3240	20	10	5	0.2000	20	10	pass_single_dominant
TALL-72-3-Rh	nifH.fa	997	738	74.0221	2733.4714	1031	259	25.9779	39	0.4912	20	10	5	0.2000	20	10	pass_mixed_possible_multitemplate
TALL-8-3-No	nifH.fa	997	625	62.6881	440.0471	12	372	37.3119	38	0.4815	20	10	5	0.2000	20	10	pass_mixed_possible_multitemplate
TALL-84-1-Rh	nifH.fa	997	717	71.9157	2572.6429	1267	280	28.0843	9	0.5000	20	10	5	0.2000	20	10	pass_single_dominant
TALL-84-1-Ro	nifH.fa	997	832	83.4504	8.5647	5	165	16.5496	12	0.5000	20	10	5	0.2000	20	10	pass_mixed_possible_multitemplate
TALL-84-2-Rh	nifH.fa	997	716	71.8154	240.8175	66	281	28.1846	30	0.4918	20	10	5	0.2000	20	10	pass_mixed_possible_multitemplate
TALL-84-3-Rh	nifH.fa	997	624	62.5878	313.5858	100	373	37.4122	11	0.4327	20	10	5	0.2000	20	10	pass_mixed_possible_multitemplate
TALL-85-1-No	nifH.fa	997	827	82.9488	17.1946	5	170	17.0512	40	0.5000	20	10	5	0.2000	20	10	pass_mixed_possible_multitemplate
TALL-85-1-Rh	nifH.fa	997	809	81.1434	1357.5637	395	188	18.8566	12	0.5000	20	10	5	0.2000	20	10	pass_mixed_possible_multitemplate
TALL-85-1-Ro	nifH.fa	997	802	80.4413	22.2417	11	195	19.5587	35	0.5000	20	10	5	0.2000	20	10	pass_mixed_possible_multitemplate
TALL-84-1-No	nifH.fa	997	744	74.6239	1984.8536	13	253	25.3761	8	0.4857	20	10	5	0.2000	20	10	pass_single_dominant
TALL-86-1-Rh	nifH.fa	997	756	75.8275	2700.5426	1546	241	24.1725	52	0.4934	20	10	5	0.2000	20	10	pass_mixed_possible_multitemplate
TALL-86-1-Ro	nifH.fa	997	737	73.9218	242.4132	97	260	26.0782	46	0.4747	20	10	5	0.2000	20	10	pass_mixed_possible_multitemplate
TALL-86-1-No	nifH.fa	997	778	78.0341	2092.4283	18	219	21.9659	6	0.4526	20	10	5	0.2000	20	10	pass_single_dominant
TALL-87-3-Rh	nifH.fa	997	711	71.3139	1785.2006	810	286	28.6861	9	0.5000	20	10	5	0.2000	20	10	pass_single_dominant
TALL-87-3-Ro	nifH.fa	997	738	74.0221	55.9248	10	259	25.9779	50	0.5000	20	10	5	0.2000	20	10	pass_mixed_possible_multitemplate
TALL-87-3-No	nifH.fa	997	743	74.5236	2897.4052	1013	254	25.4764	17	0.5000	20	10	5	0.2000	20	10	pass_mixed_possible_multitemplate
TALL-88-1-No	nifH.fa	997	777	77.9338	2525.3551	328	220	22.0662	19	0.5000	20	10	5	0.2000	20	10	pass_mixed_possible_multitemplate
TALL-88-1-Rh	nifH.fa	997	700	70.2106	2342.5817	927	297	29.7894	16	0.4827	20	10	5	0.2000	20	10	pass_mixed_possible_multitemplate
TALL-88-1-Ro	nifH.fa	997	834	83.6510	923.5958	390	163	16.3490	36	0.5000	20	10	5	0.2000	20	10	pass_mixed_possible_multitemplate
TALL-89-1-Rh	nifH.fa	997	674	67.6028	1722.5256	1516	323	32.3972	6	0.5000	20	10	5	0.2000	20	10	pass_single_dominant
TALL-89-1-Ro	nifH.fa	997	785	78.7362	41.0792	27	212	21.2638	10	0.5000	20	10	5	0.2000	20	10	pass_single_dominant
TALL-89-1-No	nifH.fa	997	700	70.2106	2666.8144	14	297	29.7894	2	0.5000	20	10	5	0.2000	20	10	pass_single_dominant
TALL-90-1-Ro	nifH.fa	997	623	62.4875	26.3019	5	374	37.5125	0	0.5000	20	10	5	0.2000	20	10	pass_single_dominant
TALL-90-1-No	nifH.fa	997	803	80.5416	1753.3741	50	194	19.4584	9	0.4118	20	10	5	0.2000	20	10	pass_single_dominant
TALL-9-1-Rh	nifH.fa	997	614	61.5848	88.2548	77	383	38.4152	34	0.5000	20	10	5	0.2000	20	10	pass_mixed_possible_multitemplate
TALL-92-1-No	nifH.fa	997	618	61.9860	392.4353	1	379	38.0140	24	0.5000	20	10	5	0.2000	20	10	pass_mixed_possible_multitemplate
TALL-92-1-Rh	nifH.fa	997	704	70.6118	17.7392	2	293	29.3882	6	0.5000	20	10	5	0.2000	20	10	pass_single_dominant
TALL-92-1-Ro	nifH.fa	997	791	79.3380	7.5577	7	206	20.6620	6	0.5000	20	10	5	0.2000	20	10	pass_single_dominant
TALL-90-2-No	nifH.fa	997	597	59.8796	2042.3852	8	400	40.1204	6	0.4800	20	10	5	0.2000	20	10	fail_high_N
TALL-92-2-Rh	nifH.fa	997	780	78.2347	1078.7101	336	217	21.7653	53	0.5000	20	10	5	0.2000	20	10	pass_mixed_possible_multitemplate
TALL-92-2-No	nifH.fa	997	627	62.8887	2984.1234	1248	370	37.1113	14	0.4620	20	10	5	0.2000	20	10	pass_mixed_possible_multitemplate
TALL-92-3-Rh	nifH.fa	997	608	60.9829	367.4213	124	389	39.0171	40	0.4964	20	10	5	0.2000	20	10	pass_mixed_possible_multitemplate
TALL-92-3-No	nifH.fa	997	660	66.1986	1746.6379	9	337	33.8014	14	0.5000	20	10	5	0.2000	20	10	pass_mixed_possible_multitemplate
TALL-9-2-Rh	nifH.fa	997	687	68.9067	43.5065	5	310	31.0933	8	0.5000	20	10	5	0.2000	20	10	pass_single_dominant
TALL-9-2-Ro	nifH.fa	997	841	84.3531	352.2828	7	156	15.6469	3	0.5000	20	10	5	0.2000	20	10	pass_single_dominant
TALL-9-2-No	nifH.fa	997	810	81.2437	1544.9749	14	187	18.7563	22	0.5000	20	10	5	0.2000	20	10	pass_mixed_possible_multitemplate
TALL-93-3-No	nifH.fa	997	737	73.9218	897.2969	4	260	26.0782	0	0.5000	20	10	5	0.2000	20	10	pass_single_dominant
TALL-93-3-Ro	nifH.fa	997	729	73.1194	117.2698	4	268	26.8806	0	0.4286	20	10	5	0.2000	20	10	pass_single_dominant
TEAK-1-2-Ro	nifH.fa	997	827	82.9488	56.0381	58	170	17.0512	110	0.5000	20	10	5	0.2000	20	10	pass_mixed_possible_multitemplate
TALL-93-1-No	nifH.fa	997	637	63.8917	1862.2417	84	360	36.1083	0	0.1900	20	10	5	0.2000	20	10	pass_single_dominant
TEAK-2-1-Rh	nifH.fa	997	801	80.3410	54.8987	14	196	19.6590	6	0.5000	20	10	5	0.2000	20	10	pass_single_dominant
TEAK-2-1-Ro	nifH.fa	997	675	67.7031	60.3450	5	322	32.2969	17	0.4455	20	10	5	0.2000	20	10	pass_mixed_possible_multitemplate
TEAK-2-1-No	nifH.fa	997	788	79.0371	3282.8576	537	209	20.9629	2	0.5000	20	10	5	0.2000	20	10	pass_single_dominant
TEAK-3-1-Rh	nifH.fa	997	840	84.2528	145.6891	22	157	15.7472	13	0.5000	20	10	5	0.2000	20	10	pass_mixed_possible_multitemplate
TEAK-3-1-Ro	nifH.fa	997	836	83.8516	360.1163	155	161	16.1484	47	0.4884	20	10	5	0.2000	20	10	pass_mixed_possible_multitemplate
TEAK-3-1-No	nifH.fa	997	775	77.7332	2366.5737	37	222	22.2668	10	0.4688	20	10	5	0.2000	20	10	pass_single_dominant
TOOL-10-Rh	nifH.fa	997	826	82.8485	4157.7864	3869	171	17.1515	27	0.5000	20	10	5	0.2000	20	10	pass_mixed_possible_multitemplate
TOOL-10-Ro	nifH.fa	997	818	82.0461	41.3069	39	179	17.9539	78	0.5000	20	10	5	0.2000	20	10	pass_mixed_possible_multitemplate
TOOL-10-No	nifH.fa	997	827	82.9488	5848.7844	7691	170	17.0512	0	0.4000	20	10	5	0.2000	20	10	pass_single_dominant
TOOL-11-Rh	nifH.fa	997	739	74.1224	10.1163	5	258	25.8776	13	0.5000	20	10	5	0.2000	20	10	pass_mixed_possible_multitemplate
TOOL-11-Ro	nifH.fa	997	843	84.5537	61.9468	39	154	15.4463	50	0.4921	20	10	5	0.2000	20	10	pass_mixed_possible_multitemplate
TOOL-12-No	nifH.fa	997	828	83.0491	2151.2006	2329	169	16.9509	5	0.5000	20	10	5	0.2000	20	10	pass_single_dominant
TOOL-12-Rh	nifH.fa	997	679	68.1043	160.7141	6	318	31.8957	0	0.5000	20	10	5	0.2000	20	10	pass_single_dominant
TOOL-12-Ro	nifH.fa	997	828	83.0491	305.6329	360	169	16.9509	10	0.4545	20	10	5	0.2000	20	10	pass_single_dominant
TOOL-13-Rh	nifH.fa	997	801	80.3410	573.2126	9	196	19.6590	20	0.5000	20	10	5	0.2000	20	10	pass_mixed_possible_multitemplate
TOOL-13-Ro	nifH.fa	997	822	82.4473	269.4433	4	175	17.5527	3	0.5000	20	10	5	0.2000	20	10	pass_single_dominant
TOOL-14-No	nifH.fa	997	814	81.6449	4767.8154	6087	183	18.3551	4	0.3542	20	10	5	0.2000	20	10	pass_single_dominant
TOOL-14-Rh	nifH.fa	997	829	83.1494	3325.6309	2832	168	16.8506	23	0.5000	20	10	5	0.2000	20	10	pass_mixed_possible_multitemplate
TOOL-14-Ro	nifH.fa	997	808	81.0431	32.5005	9	189	18.9569	0	0.5000	20	10	5	0.2000	20	10	pass_single_dominant
TOOL-15-No	nifH.fa	997	824	82.6479	4336.0943	5154	173	17.3521	4	0.4215	20	10	5	0.2000	20	10	pass_single_dominant
TOOL-15-Rh	nifH.fa	997	599	60.0802	11.5055	1	398	39.9198	4	0.5000	20	10	5	0.2000	20	10	pass_single_dominant
TOOL-15-Ro	nifH.fa	997	832	83.4504	26.4213	15	165	16.5496	62	0.5000	20	10	5	0.2000	20	10	pass_mixed_possible_multitemplate
TOOL-16-No	nifH.fa	997	803	80.5416	1902.0843	2250	194	19.4584	7	0.3762	20	10	5	0.2000	20	10	pass_single_dominant
TOOL-16-Rh	nifH.fa	997	721	72.3170	1398.4804	411	276	27.6830	0	0.3750	20	10	5	0.2000	20	10	pass_single_dominant
TOOL-16-Ro	nifH.fa	997	784	78.6359	952.5998	745	213	21.3641	2	0.5000	20	10	5	0.2000	20	10	pass_single_dominant
TOOL-17-No	nifH.fa	997	677	67.9037	72.6610	3	320	32.0963	1	0.5000	20	10	5	0.2000	20	10	pass_single_dominant
TOOL-11-No	nifH.fa	997	830	83.2497	5917.3480	7885	167	16.7503	5	0.3538	20	10	5	0.2000	20	10	pass_single_dominant
TOOL-17-Ro	nifH.fa	997	822	82.4473	22.5627	18	175	17.5527	71	0.5000	20	10	5	0.2000	20	10	pass_mixed_possible_multitemplate
TOOL-18-No	nifH.fa	997	785	78.7362	690.0923	11	212	21.2638	17	0.5000	20	10	5	0.2000	20	10	pass_mixed_possible_multitemplate
TOOL-18-Rh	nifH.fa	997	832	83.4504	1444.2287	1289	165	16.5496	49	0.4879	20	10	5	0.2000	20	10	pass_mixed_possible_multitemplate
TOOL-17-Rh	nifH.fa	997	828	83.0491	4203.3320	4022	169	16.9509	3	0.5000	20	10	5	0.2000	20	10	pass_single_dominant
TOOL-18-Ro	nifH.fa	997	775	77.7332	227.7834	194	222	22.2668	0	0.5000	20	10	5	0.2000	20	10	pass_single_dominant
TOOL-19-Rh	nifH.fa	997	742	74.4233	2337.9659	1636	255	25.5767	6	0.5000	20	10	5	0.2000	20	10	pass_single_dominant
TOOL-19-No	nifH.fa	997	829	83.1494	3269.9448	3682	168	16.8506	41	0.4956	20	10	5	0.2000	20	10	pass_mixed_possible_multitemplate
TOOL-1-Rh	nifH.fa	997	828	83.0491	615.1825	463	169	16.9509	6	0.5000	20	10	5	0.2000	20	10	pass_single_dominant
TOOL-1-Ro	nifH.fa	997	821	82.3470	18.5095	23	176	17.6530	32	0.5000	20	10	5	0.2000	20	10	pass_mixed_possible_multitemplate
TOOL-20-No	nifH.fa	997	815	81.7452	31.7753	34	182	18.2548	73	0.5000	20	10	5	0.2000	20	10	pass_mixed_possible_multitemplate
TOOL-20-Rh	nifH.fa	997	827	82.9488	1949.8526	1045	170	17.0512	25	0.5000	20	10	5	0.2000	20	10	pass_mixed_possible_multitemplate
TOOL-20-Ro	nifH.fa	997	813	81.5446	164.1735	56	184	18.4554	17	0.4286	20	10	5	0.2000	20	10	pass_mixed_possible_multitemplate
TOOL-1-No	nifH.fa	997	834	83.6510	3068.2658	1822	163	16.3490	12	0.5000	20	10	5	0.2000	20	10	pass_mixed_possible_multitemplate
TOOL-21-Rh	nifH.fa	997	780	78.2347	2731.0020	2955	217	21.7653	39	0.4752	20	10	5	0.2000	20	10	pass_mixed_possible_multitemplate
TOOL-22-No	nifH.fa	997	802	80.4413	767.9368	466	195	19.5587	22	0.4744	20	10	5	0.2000	20	10	pass_mixed_possible_multitemplate
TOOL-21-No	nifH.fa	997	828	83.0491	4205.4925	5056	169	16.9509	19	0.5000	20	10	5	0.2000	20	10	pass_mixed_possible_multitemplate
TOOL-22-Ro	nifH.fa	997	799	80.1404	21.0271	9	198	19.8596	16	0.5000	20	10	5	0.2000	20	10	pass_mixed_possible_multitemplate
TOOL-22-Rh	nifH.fa	997	825	82.7482	914.1665	1053	172	17.2518	18	0.4991	20	10	5	0.2000	20	10	pass_mixed_possible_multitemplate
TOOL-23-Rh	nifH.fa	997	833	83.5507	607.7352	650	164	16.4493	21	0.4848	20	10	5	0.2000	20	10	pass_mixed_possible_multitemplate
TOOL-23-No	nifH.fa	997	833	83.5507	1408.9569	1167	164	16.4493	2	0.4545	20	10	5	0.2000	20	10	pass_single_dominant
TOOL-23-Ro	nifH.fa	997	802	80.4413	3885.6008	4705	195	19.5587	0	0.2000	20	10	5	0.2000	20	10	pass_single_dominant
TOOL-24-Rh	nifH.fa	997	827	82.9488	891.5296	1013	170	17.0512	3	0.4528	20	10	5	0.2000	20	10	pass_single_dominant
TOOL-24-Ro	nifH.fa	997	830	83.2497	32.2086	31	167	16.7503	37	0.5000	20	10	5	0.2000	20	10	pass_mixed_possible_multitemplate
TOOL-25-No	nifH.fa	997	832	83.4504	5892.7442	7875	165	16.5496	3	0.4058	20	10	5	0.2000	20	10	pass_single_dominant
TOOL-25-Rh	nifH.fa	997	796	79.8395	40.3531	18	201	20.1605	39	0.5000	20	10	5	0.2000	20	10	pass_mixed_possible_multitemplate
TOOL-25-Ro	nifH.fa	997	826	82.8485	126.0742	75	171	17.1515	76	0.5000	20	10	5	0.2000	20	10	pass_mixed_possible_multitemplate
TOOL-24-No	nifH.fa	997	824	82.6479	5885.5517	7859	173	17.3521	3	0.5000	20	10	5	0.2000	20	10	pass_single_dominant
TOOL-26-Rh	nifH.fa	997	824	82.6479	304.3350	223	173	17.3521	33	0.4729	20	10	5	0.2000	20	10	pass_mixed_possible_multitemplate
TOOL-26-Ro	nifH.fa	997	809	81.1434	27.1926	16	188	18.8566	28	0.5000	20	10	5	0.2000	20	10	pass_mixed_possible_multitemplate
TOOL-26-No	nifH.fa	997	815	81.7452	5900.3200	7874	182	18.2548	5	0.4012	20	10	5	0.2000	20	10	pass_single_dominant
TOOL-27-2-Rh	nifH.fa	997	831	83.3501	215.2849	147	166	16.6499	15	0.5000	20	10	5	0.2000	20	10	pass_mixed_possible_multitemplate
TOOL-27-2-Ro	nifH.fa	997	778	78.0341	51.8756	43	219	21.9659	73	0.5000	20	10	5	0.2000	20	10	pass_mixed_possible_multitemplate
TOOL-28-Rh	nifH.fa	997	743	74.5236	616.5226	3	254	25.4764	2	0.5000	20	10	5	0.2000	20	10	pass_single_dominant
TOOL-27-2-No	nifH.fa	997	835	83.7513	5896.4955	7871	162	16.2487	3	0.5000	20	10	5	0.2000	20	10	pass_single_dominant
TOOL-28-Ro	nifH.fa	997	789	79.1374	170.8205	5	208	20.8626	0	0.5000	20	10	5	0.2000	20	10	pass_single_dominant
TOOL-29-Ro	nifH.fa	997	783	78.5356	239.9559	8	214	21.4644	1	0.5000	20	10	5	0.2000	20	10	pass_single_dominant
TOOL-29-Rh	nifH.fa	997	766	76.8305	710.7884	21	231	23.1695	1	0.5000	20	10	5	0.2000	20	10	pass_single_dominant
TOOL-2-No	nifH.fa	997	830	83.2497	184.5085	137	167	16.7503	51	0.5000	20	10	5	0.2000	20	10	pass_mixed_possible_multitemplate
TOOL-2-Ro	nifH.fa	997	807	80.9428	20.8054	17	190	19.0572	49	0.5000	20	10	5	0.2000	20	10	pass_mixed_possible_multitemplate
TOOL-2-Rh	nifH.fa	997	834	83.6510	439.8285	135	163	16.3490	78	0.5000	20	10	5	0.2000	20	10	pass_mixed_possible_multitemplate
TOOL-30-No	nifH.fa	997	829	83.1494	2343.6911	1428	168	16.8506	7	0.4783	20	10	5	0.2000	20	10	pass_single_dominant
TOOL-30-Ro	nifH.fa	997	578	57.9739	140.7803	3	419	42.0261	0	0.3333	20	10	5	0.2000	20	10	fail_high_N
TOOL-31-No	nifH.fa	997	786	78.8365	13.2497	10	211	21.1635	22	0.5000	20	10	5	0.2000	20	10	pass_mixed_possible_multitemplate
TOOL-30-Rh	nifH.fa	997	828	83.0491	3005.7613	2603	169	16.9509	36	0.4798	20	10	5	0.2000	20	10	pass_mixed_possible_multitemplate
TOOL-31-Rh	nifH.fa	997	769	77.1314	113.1474	85	228	22.8686	6	0.5000	20	10	5	0.2000	20	10	pass_single_dominant
TOOL-32-Ro	nifH.fa	997	801	80.3410	8.2257	6	196	19.6590	6	0.5000	20	10	5	0.2000	20	10	pass_single_dominant
TOOL-33-1-No	nifH.fa	997	825	82.7482	38.5888	25	172	17.2518	37	0.5000	20	10	5	0.2000	20	10	pass_mixed_possible_multitemplate
TOOL-32-Rh	nifH.fa	997	827	82.9488	667.8917	630	170	17.0512	50	0.4996	20	10	5	0.2000	20	10	pass_mixed_possible_multitemplate
TOOL-33-1-Rh	nifH.fa	997	842	84.4534	18.6018	15	155	15.5466	57	0.5000	20	10	5	0.2000	20	10	pass_mixed_possible_multitemplate
TOOL-33-1-Ro	nifH.fa	997	761	76.3290	14.9107	4	236	23.6710	0	0.5000	20	10	5	0.2000	20	10	pass_single_dominant
TOOL-34-Rh	nifH.fa	997	675	67.7031	41.1815	24	322	32.2969	38	0.5000	20	10	5	0.2000	20	10	pass_mixed_possible_multitemplate
TOOL-34-No	nifH.fa	997	832	83.4504	195.8706	188	165	16.5496	16	0.4924	20	10	5	0.2000	20	10	pass_mixed_possible_multitemplate
TOOL-35-1-Rh	nifH.fa	997	832	83.4504	309.8536	101	165	16.5496	33	0.5000	20	10	5	0.2000	20	10	pass_mixed_possible_multitemplate
TOOL-35-1-Ro	nifH.fa	997	741	74.3230	10.1765	7	256	25.6770	31	0.5000	20	10	5	0.2000	20	10	pass_mixed_possible_multitemplate
TOOL-3-No	nifH.fa	997	822	82.4473	84.8857	6	175	17.5527	10	0.5000	20	10	5	0.2000	20	10	pass_single_dominant
TOOL-35-1-No	nifH.fa	997	828	83.0491	1685.7763	1825	169	16.9509	41	0.4840	20	10	5	0.2000	20	10	pass_mixed_possible_multitemplate
TOOL-3-Ro	nifH.fa	997	830	83.2497	769.0943	784	167	16.7503	20	0.4944	20	10	5	0.2000	20	10	pass_mixed_possible_multitemplate
TOOL-4-No	nifH.fa	997	829	83.1494	495.6690	236	168	16.8506	16	0.5000	20	10	5	0.2000	20	10	pass_mixed_possible_multitemplate
TOOL-4-Ro	nifH.fa	997	801	80.3410	13.3280	10	196	19.6590	22	0.5000	20	10	5	0.2000	20	10	pass_mixed_possible_multitemplate
TOOL-3-Rh	nifH.fa	997	834	83.6510	3211.2828	3230	163	16.3490	37	0.4984	20	10	5	0.2000	20	10	pass_mixed_possible_multitemplate
TOOL-5-No	nifH.fa	997	817	81.9458	1603.8104	881	180	18.0542	9	0.4444	20	10	5	0.2000	20	10	pass_single_dominant
TOOL-5-Ro	nifH.fa	997	830	83.2497	283.4493	6	167	16.7503	7	0.5000	20	10	5	0.2000	20	10	pass_single_dominant
TOOL-5-Rh	nifH.fa	997	816	81.8455	731.1555	112	181	18.1545	8	0.5000	20	10	5	0.2000	20	10	pass_single_dominant
TOOL-6-Rh	nifH.fa	997	800	80.2407	214.6479	5	197	19.7593	15	0.5000	20	10	5	0.2000	20	10	pass_mixed_possible_multitemplate
TOOL-6-Ro	nifH.fa	997	832	83.4504	1586.6459	21	165	16.5496	29	0.5000	20	10	5	0.2000	20	10	pass_mixed_possible_multitemplate
TOOL-6-No	nifH.fa	997	833	83.5507	1819.2407	1068	164	16.4493	22	0.5000	20	10	5	0.2000	20	10	pass_mixed_possible_multitemplate
TOOL-7-No	nifH.fa	997	834	83.6510	441.6229	356	163	16.3490	19	0.5000	20	10	5	0.2000	20	10	pass_mixed_possible_multitemplate
TOOL-7-Ro	nifH.fa	997	750	75.2257	446.0963	47	247	24.7743	42	0.4889	20	10	5	0.2000	20	10	pass_mixed_possible_multitemplate
TOOL-7-Rh	nifH.fa	997	828	83.0491	2597.6068	250	169	16.9509	19	0.5000	20	10	5	0.2000	20	10	pass_mixed_possible_multitemplate
TOOL-8-Rh	nifH.fa	997	834	83.6510	2539.4794	1968	163	16.3490	9	0.5000	20	10	5	0.2000	20	10	pass_single_dominant
TOOL-8-Ro	nifH.fa	997	801	80.3410	46.9097	47	196	19.6590	34	0.5000	20	10	5	0.2000	20	10	pass_mixed_possible_multitemplate
TOOL-9-No	nifH.fa	997	830	83.2497	5862.7874	7742	167	16.7503	0	0.3333	20	10	5	0.2000	20	10	pass_single_dominant
TOOL-9-Rh	nifH.fa	997	807	80.9428	123.5988	11	190	19.0572	9	0.5000	20	10	5	0.2000	20	10	pass_single_dominant
TOOL-9-Ro	nifH.fa	997	832	83.4504	111.9398	113	165	16.5496	40	0.5000	20	10	5	0.2000	20	10	pass_mixed_possible_multitemplate
UKFS-1-1-No	nifH.fa	997	802	80.4413	1265.3129	173	195	19.5587	25	0.4762	20	10	5	0.2000	20	10	pass_mixed_possible_multitemplate
UKFS-1-1-Rh	nifH.fa	997	834	83.6510	1599.9308	1032	163	16.3490	15	0.5000	20	10	5	0.2000	20	10	pass_mixed_possible_multitemplate
UKFS-1-1-Ro	nifH.fa	997	688	69.0070	11.5085	2	309	30.9930	42	0.5000	20	10	5	0.2000	20	10	pass_mixed_possible_multitemplate
TOOL-8-No	nifH.fa	997	829	83.1494	5779.6951	7621	168	16.8506	2	0.2701	20	10	5	0.2000	20	10	pass_single_dominant
UKFS-3-2-Rh	nifH.fa	997	834	83.6510	3638.0160	3688	163	16.3490	11	0.4869	20	10	5	0.2000	20	10	pass_mixed_possible_multitemplate
UKFS-3-2-Ro	nifH.fa	997	728	73.0191	1856.9529	897	269	26.9809	13	0.5000	20	10	5	0.2000	20	10	pass_mixed_possible_multitemplate
UKFS-4-1-No	nifH.fa	997	830	83.2497	3859.9468	4475	167	16.7503	9	0.5000	20	10	5	0.2000	20	10	pass_single_dominant
UKFS-4-1-Rh	nifH.fa	997	814	81.6449	1906.7533	723	183	18.3551	34	0.4994	20	10	5	0.2000	20	10	pass_mixed_possible_multitemplate
UKFS-4-1-Ro	nifH.fa	997	741	74.3230	221.5326	173	256	25.6770	65	0.4921	20	10	5	0.2000	20	10	pass_mixed_possible_multitemplate
UKFS-5-1-No	nifH.fa	997	755	75.7272	2936.2518	1127	242	24.2728	8	0.3690	20	10	5	0.2000	20	10	pass_single_dominant
UKFS-5-1-Ro	nifH.fa	997	832	83.4504	141.5115	102	165	16.5496	20	0.4634	20	10	5	0.2000	20	10	pass_mixed_possible_multitemplate
UKFS-3-2-No	nifH.fa	997	747	74.9248	4339.4102	6080	250	25.0752	10	0.5000	20	10	5	0.2000	20	10	pass_single_dominant
UKFS-52-1-No	nifH.fa	997	707	70.9127	2798.3049	991	290	29.0873	7	0.4468	20	10	5	0.2000	20	10	pass_single_dominant
UKFS-52-1-Rh	nifH.fa	997	833	83.5507	1642.7362	15	164	16.4493	8	0.5000	20	10	5	0.2000	20	10	pass_single_dominant
UKFS-52-1-Ro	nifH.fa	997	793	79.5386	21.6670	7	204	20.4614	36	0.5000	20	10	5	0.2000	20	10	pass_mixed_possible_multitemplate
UKFS-6-1-Rh	nifH.fa	997	730	73.2197	277.9819	96	267	26.7803	42	0.5000	20	10	5	0.2000	20	10	pass_mixed_possible_multitemplate
UKFS-6-1-Ro	nifH.fa	997	830	83.2497	35.9278	21	167	16.7503	60	0.5000	20	10	5	0.2000	20	10	pass_mixed_possible_multitemplate
UKFS-6-3-Rh	nifH.fa	997	623	62.4875	436.4152	3	374	37.5125	1	0.5000	20	10	5	0.2000	20	10	pass_single_dominant
UKFS-6-3-Ro	nifH.fa	997	782	78.4353	458.0893	11	215	21.5647	32	0.5000	20	10	5	0.2000	20	10	pass_mixed_possible_multitemplate
UNDE-1-2-No	nifH.fa	997	743	74.5236	33.6841	14	254	25.4764	56	0.5000	20	10	5	0.2000	20	10	pass_mixed_possible_multitemplate
UNDE-1-2-Ro	nifH.fa	997	788	79.0371	16.6520	5	209	20.9629	1	0.5000	20	10	5	0.2000	20	10	pass_single_dominant
UNDE-2-1-No	nifH.fa	997	809	81.1434	24.9077	7	188	18.8566	46	0.5000	20	10	5	0.2000	20	10	pass_mixed_possible_multitemplate
UNDE-2-1-Ro	nifH.fa	997	720	72.2166	562.9599	11	277	27.7834	31	0.5000	20	10	5	0.2000	20	10	pass_mixed_possible_multitemplate
UNDE-3-1-No	nifH.fa	997	835	83.7513	40.9870	24	162	16.2487	56	0.5000	20	10	5	0.2000	20	10	pass_mixed_possible_multitemplate
UNDE-3-1-Rh	nifH.fa	997	828	83.0491	251.4524	152	169	16.9509	44	0.5000	20	10	5	0.2000	20	10	pass_mixed_possible_multitemplate
UNDE-4-1-No	nifH.fa	997	718	72.0160	169.5246	48	279	27.9840	15	0.5000	20	10	5	0.2000	20	10	pass_mixed_possible_multitemplate
UKFS-6-1-No	nifH.fa	997	713	71.5145	3339.2237	2011	284	28.4855	4	0.4444	20	10	5	0.2000	20	10	pass_single_dominant
UNDE-4-1-Ro	nifH.fa	997	668	67.0010	279.3370	74	329	32.9990	18	0.4559	20	10	5	0.2000	20	10	pass_mixed_possible_multitemplate
UNDE-4-1-Rh	nifH.fa	997	833	83.5507	2020.1194	1272	164	16.4493	67	0.5000	20	10	5	0.2000	20	10	pass_mixed_possible_multitemplate
UNDE-5-4-Rh	nifH.fa	997	832	83.4504	15.7924	9	165	16.5496	28	0.5000	20	10	5	0.2000	20	10	pass_mixed_possible_multitemplate
UNDE-5-4-No	nifH.fa	997	833	83.5507	63.3280	25	164	16.4493	51	0.5000	20	10	5	0.2000	20	10	pass_mixed_possible_multitemplate
UNDE-5-4-Ro	nifH.fa	997	808	81.0431	1199.3370	481	189	18.9569	37	0.4990	20	10	5	0.2000	20	10	pass_mixed_possible_multitemplate
WOOD-10-1-Rh	nifH.fa	997	833	83.5507	1501.6700	47	164	16.4493	19	0.5000	20	10	5	0.2000	20	10	pass_mixed_possible_multitemplate
WOOD-10-1-Ro	nifH.fa	997	806	80.8425	1008.8596	777	191	19.1575	7	0.4070	20	10	5	0.2000	20	10	pass_single_dominant
WOOD-10-1-No	nifH.fa	997	833	83.5507	3569.6590	3889	164	16.4493	23	0.4000	20	10	5	0.2000	20	10	pass_mixed_possible_multitemplate
WOOD-11-1-No	nifH.fa	997	827	82.9488	3849.1795	4357	170	17.0512	6	0.5000	20	10	5	0.2000	20	10	pass_single_dominant
WOOD-11-1-Rh	nifH.fa	997	827	82.9488	1492.0221	428	170	17.0512	19	0.5000	20	10	5	0.2000	20	10	pass_mixed_possible_multitemplate
WOOD-11-1-Ro	nifH.fa	997	823	82.5476	2259.4644	2169	174	17.4524	30	0.4982	20	10	5	0.2000	20	10	pass_mixed_possible_multitemplate
WOOD-1-1-No	nifH.fa	997	831	83.3501	3177.8786	2257	166	16.6499	64	0.5000	20	10	5	0.2000	20	10	pass_mixed_possible_multitemplate
WOOD-1-1-Ro	nifH.fa	997	827	82.9488	87.5085	50	170	17.0512	102	0.5000	20	10	5	0.2000	20	10	pass_mixed_possible_multitemplate
WOOD-1-1-Rh	nifH.fa	997	834	83.6510	3389.8034	1743	163	16.3490	9	0.5000	20	10	5	0.2000	20	10	pass_single_dominant
WOOD-12-Rh	nifH.fa	997	833	83.5507	1973.2758	768	164	16.4493	15	0.5000	20	10	5	0.2000	20	10	pass_mixed_possible_multitemplate
WOOD-12-Ro	nifH.fa	997	811	81.3440	1705.3551	21	186	18.6560	14	0.5000	20	10	5	0.2000	20	10	pass_mixed_possible_multitemplate
WOOD-2-2-Rh	nifH.fa	997	834	83.6510	826.4042	10	163	16.3490	4	0.5000	20	10	5	0.2000	20	10	pass_single_dominant
WOOD-2-2-Ro	nifH.fa	997	780	78.2347	11.2197	7	217	21.7653	21	0.5000	20	10	5	0.2000	20	10	pass_mixed_possible_multitemplate
WOOD-12-No	nifH.fa	997	833	83.5507	4958.0080	7247	164	16.4493	2	0.5000	20	10	5	0.2000	20	10	pass_single_dominant
WOOD-3-2-Rh	nifH.fa	997	833	83.5507	3060.1474	1681	164	16.4493	2	0.4444	20	10	5	0.2000	20	10	pass_single_dominant
WOOD-3-2-Ro	nifH.fa	997	833	83.5507	850.3330	643	164	16.4493	35	0.5000	20	10	5	0.2000	20	10	pass_mixed_possible_multitemplate
WOOD-4-1-No	nifH.fa	997	845	84.7543	2415.5196	219	152	15.2457	52	0.4885	20	10	5	0.2000	20	10	pass_mixed_possible_multitemplate
WOOD-4-1-Rh	nifH.fa	997	833	83.5507	3304.9769	2642	164	16.4493	13	0.5000	20	10	5	0.2000	20	10	pass_mixed_possible_multitemplate
WOOD-4-1-Ro	nifH.fa	997	839	84.1525	188.0782	141	158	15.8475	52	0.4651	20	10	5	0.2000	20	10	pass_mixed_possible_multitemplate
WOOD-5-1-No	nifH.fa	997	836	83.8516	260.8415	191	161	16.1484	113	0.4991	20	10	5	0.2000	20	10	pass_mixed_possible_multitemplate
WOOD-5-1-Rh	nifH.fa	997	833	83.5507	2716.5236	2013	164	16.4493	32	0.4965	20	10	5	0.2000	20	10	pass_mixed_possible_multitemplate
WOOD-3-2-No	nifH.fa	997	827	82.9488	4922.6971	7160	170	17.0512	5	0.5000	20	10	5	0.2000	20	10	pass_single_dominant
WOOD-6-1-No	nifH.fa	997	832	83.4504	4959.4203	7362	165	16.5496	8	0.5000	20	10	5	0.2000	20	10	pass_single_dominant
WOOD-5-1-Ro	nifH.fa	997	832	83.4504	5478.0301	6804	165	16.5496	2	0.5000	20	10	5	0.2000	20	10	pass_single_dominant
WOOD-6-1-Rh	nifH.fa	997	833	83.5507	1770.8766	284	164	16.4493	9	0.4682	20	10	5	0.2000	20	10	pass_single_dominant
WOOD-6-1-Ro	nifH.fa	997	832	83.4504	587.0512	677	165	16.5496	35	0.4912	20	10	5	0.2000	20	10	pass_mixed_possible_multitemplate
WOOD-7-1-Rh	nifH.fa	997	828	83.0491	1460.0010	733	169	16.9509	16	0.4840	20	10	5	0.2000	20	10	pass_mixed_possible_multitemplate
WOOD-7-1-Ro	nifH.fa	997	832	83.4504	76.5988	82	165	16.5496	141	0.5000	20	10	5	0.2000	20	10	pass_mixed_possible_multitemplate
WOOD-8-No	nifH.fa	997	802	80.4413	3228.0331	3660	195	19.5587	32	0.4674	20	10	5	0.2000	20	10	pass_mixed_possible_multitemplate
WOOD-8-Rh	nifH.fa	997	834	83.6510	1857.9428	913	163	16.3490	38	0.4970	20	10	5	0.2000	20	10	pass_mixed_possible_multitemplate
WOOD-8-Ro	nifH.fa	997	828	83.0491	30.8034	34	169	16.9509	49	0.5000	20	10	5	0.2000	20	10	pass_mixed_possible_multitemplate
WOOD-9-Rh	nifH.fa	997	835	83.7513	875.0140	512	162	16.2487	56	0.4945	20	10	5	0.2000	20	10	pass_mixed_possible_multitemplate
WOOD-9-Ro	nifH.fa	997	816	81.8455	30.2217	23	181	18.1545	52	0.4783	20	10	5	0.2000	20	10	pass_mixed_possible_multitemplate
YELL-10-1-No	nifH.fa	997	827	82.9488	12.5426	16	170	17.0512	29	0.5000	20	10	5	0.2000	20	10	pass_mixed_possible_multitemplate
YELL-10-1-Rh	nifH.fa	997	783	78.5356	1724.9850	760	214	21.4644	23	0.4793	20	10	5	0.2000	20	10	pass_mixed_possible_multitemplate
YELL-10-1-Ro	nifH.fa	997	726	72.8185	10.0070	8	271	27.1815	16	0.5000	20	10	5	0.2000	20	10	pass_mixed_possible_multitemplate
YELL-11-No	nifH.fa	997	833	83.5507	38.0802	16	164	16.4493	23	0.5000	20	10	5	0.2000	20	10	pass_mixed_possible_multitemplate
YELL-11-Rh	nifH.fa	997	728	73.0191	7.2989	5	269	26.9809	9	0.5000	20	10	5	0.2000	20	10	pass_single_dominant
YELL-1-2-No	nifH.fa	997	830	83.2497	55.2487	12	167	16.7503	27	0.5000	20	10	5	0.2000	20	10	pass_mixed_possible_multitemplate
YELL-1-2-Rh	nifH.fa	997	713	71.5145	1123.7031	691	284	28.4855	3	0.4914	20	10	5	0.2000	20	10	pass_single_dominant
YELL-1-2-Ro	nifH.fa	997	691	69.3079	15.4544	11	306	30.6921	30	0.5000	20	10	5	0.2000	20	10	pass_mixed_possible_multitemplate
YELL-2-2-No	nifH.fa	997	795	79.7392	59.0802	33	202	20.2608	27	0.5000	20	10	5	0.2000	20	10	pass_mixed_possible_multitemplate
YELL-2-2-Rh	nifH.fa	997	623	62.4875	241.2457	111	374	37.5125	40	0.5000	20	10	5	0.2000	20	10	pass_mixed_possible_multitemplate
YELL-2-2-Ro	nifH.fa	997	696	69.8094	21.7202	5	301	30.1906	38	0.5000	20	10	5	0.2000	20	10	pass_mixed_possible_multitemplate
YELL-3-5-No	nifH.fa	997	803	80.5416	14.1805	11	194	19.4584	42	0.5000	20	10	5	0.2000	20	10	pass_mixed_possible_multitemplate
YELL-3-5-Rh	nifH.fa	997	765	76.7302	9.0572	5	232	23.2698	15	0.5000	20	10	5	0.2000	20	10	pass_mixed_possible_multitemplate
YELL-3-5-Ro	nifH.fa	997	735	73.7212	91.8465	45	262	26.2788	43	0.4887	20	10	5	0.2000	20	10	pass_mixed_possible_multitemplate
WOOD-7-1-No	nifH.fa	997	830	83.2497	4956.5356	7317	167	16.7503	1	0.3333	20	10	5	0.2000	20	10	pass_single_dominant
YELL-4-4-Ro	nifH.fa	997	819	82.1464	14.2327	9	178	17.8536	46	0.5000	20	10	5	0.2000	20	10	pass_mixed_possible_multitemplate
YELL-5-3-Rh	nifH.fa	997	808	81.0431	2328.6068	485	189	18.9569	15	0.4899	20	10	5	0.2000	20	10	pass_mixed_possible_multitemplate
YELL-5-3-Ro	nifH.fa	997	655	65.6971	94.2317	3	342	34.3029	5	0.5000	20	10	5	0.2000	20	10	pass_single_dominant
YELL-6-1-Rh	nifH.fa	997	833	83.5507	1112.2267	400	164	16.4493	45	0.5000	20	10	5	0.2000	20	10	pass_mixed_possible_multitemplate
YELL-6-1-Ro	nifH.fa	997	802	80.4413	30.2778	21	195	19.5587	65	0.5000	20	10	5	0.2000	20	10	pass_mixed_possible_multitemplate
YELL-7-1-Rh	nifH.fa	997	822	82.4473	83.5286	42	175	17.5527	28	0.5000	20	10	5	0.2000	20	10	pass_mixed_possible_multitemplate
YELL-7-1-Ro	nifH.fa	997	832	83.4504	4833.1605	6148	165	16.5496	54	0.4985	20	10	5	0.2000	20	10	pass_mixed_possible_multitemplate
YELL-4-4-Rh	nifH.fa	997	834	83.6510	4169.4132	4761	163	16.3490	81	0.4953	20	10	5	0.2000	20	10	pass_mixed_possible_multitemplate
